flag,root,word,word_plain,segment,wazn,confidence,location,alternatives
no_root_found,N/A,مَالِكِ,مالك,مَالِكِ,مالك,1.000,1:4:1,
closed_class_surface,الذين,الَّذِينَ,الذين,الَّذِينَ,closed_class,1.000,1:7:2,
no_root_found,N/A,الم,الم,الم,الم,1.000,2:1:1,
closed_class_surface,ذلك,ذَلِكَ,ذلك,ذَلِكَ,closed_class,1.000,2:2:1,
closed_class_surface,الذين,الَّذِينَ,الذين,الَّذِينَ,closed_class,1.000,2:3:1,
closed_class_surface,الذين,وَالَّذِينَ,والذين,الَّذِينَ,closed_class,1.000,2:4:1,
closed_class_surface,الذين,الَّذِينَ,الذين,الَّذِينَ,closed_class,1.000,2:6:2,
closed_class_surface,الذين,وَالَّذِينَ,والذين,الَّذِينَ,closed_class,1.000,2:9:3,
no_root_found,N/A,الْأَرْضِ,الأرض,أَرْضِ,ارض,1.000,2:11:7,
closed_class_surface,الذين,الَّذِينَ,الذين,الَّذِينَ,closed_class,1.000,2:14:3,
closed_class_surface,الذين,الَّذِينَ,الذين,الَّذِينَ,closed_class,1.000,2:16:2,
closed_class_surface,الذي,الَّذِي,الذي,الَّذِي,closed_class,1.000,2:17:3,
no_root_found,N/A,ذَهَبَ,ذهب,ذَهَبَ,ذهب,1.000,2:17:10,
no_root_found,N/A,وَبَرْقٌ,وبرق,بَرْقٌ,برق,1.000,2:19:8,
no_root_found,N/A,الْبَرْقُ,البرق,بَرْقُ,برق,1.000,2:20:2,
no_root_found,N/A,لَذَهَبَ,لذهب,ذَهَبَ,ذهب,1.000,2:20:17,
closed_class_surface,الذي,الَّذِي,الذي,الَّذِي,closed_class,1.000,2:21:5,
closed_class_surface,الذين,وَالَّذِينَ,والذين,الَّذِينَ,closed_class,1.000,2:21:7,
closed_class_surface,الذي,الَّذِي,الذي,الَّذِي,closed_class,1.000,2:22:1,
no_root_found,N/A,الْأَرْضَ,الأرض,أَرْضَ,ارض,1.000,2:22:4,
closed_class_surface,التي,الَّتِي,التي,الَّتِي,closed_class,1.000,2:24:8,
closed_class_surface,الذين,الَّذِينَ,الذين,الَّذِينَ,closed_class,1.000,2:25:2,
no_root_found,N/A,الصَّالِحَاتِ,الصالحات,صَالِحَ,صالح,1.000,2:25:5,
closed_class_surface,هذا,هَذَا,هذا,هَذَا,closed_class,1.000,2:25:20,
closed_class_surface,الذي,الَّذِي,الذي,الَّذِي,closed_class,1.000,2:25:21,
closed_class_surface,الذين,الَّذِينَ,الذين,الَّذِينَ,closed_class,1.000,2:26:13,
closed_class_surface,الذين,الَّذِينَ,الذين,الَّذِينَ,closed_class,1.000,2:26:21,
closed_class_surface,هذا,بِهَذَا,بهذا,هَذَا,closed_class,1.000,2:26:27,
closed_class_surface,الذين,الَّذِينَ,الذين,الَّذِينَ,closed_class,1.000,2:27:1,
no_root_found,N/A,الْأَرْضِ,الأرض,أَرْضِ,ارض,1.000,2:27:17,
closed_class_surface,الذي,الَّذِي,الذي,الَّذِي,closed_class,1.000,2:29:2,
no_root_found,N/A,الْأَرْضِ,الأرض,أَرْضِ,ارض,1.000,2:29:7,
no_root_found,N/A,الْأَرْضِ,الأرض,أَرْضِ,ارض,1.000,2:30:8,
no_root_found,N/A,وَالْأَرْضِ,والأرض,أَرْضِ,ارض,1.000,2:33:16,
no_root_found,N/A,إِبْلِيسَ,إبليس,إِبْلِيسَ,ابليس,1.000,2:34:8,
closed_class_surface,هذه,هَذِهِ,هذه,هَذِهِ,closed_class,1.000,2:35:14,
no_root_found,N/A,الْأَرْضِ,الأرض,أَرْضِ,ارض,1.000,2:36:15,
no_root_found,N/A,تَبِعَ,تبع,تَبِعَ,تبع,1.000,2:38:10,
closed_class_surface,الذين,وَالَّذِينَ,والذين,الَّذِينَ,closed_class,1.000,2:39:1,
no_root_found,N/A,إِسْرَائِيلَ,إسرائيل,إِسْرَائِيلَ,اسراءيل,1.000,2:40:2,
closed_class_surface,التي,الَّتِي,التي,الَّتِي,closed_class,1.000,2:40:5,
closed_class_surface,الذين,الَّذِينَ,الذين,الَّذِينَ,closed_class,1.000,2:46:1,
no_root_found,N/A,إِسْرَائِيلَ,إسرائيل,إِسْرَائِيلَ,اسراءيل,1.000,2:47:2,
closed_class_surface,التي,الَّتِي,التي,الَّتِي,closed_class,1.000,2:47:5,
no_root_found,N/A,فِرْعَوْنَ,فرعون,فِرْعَوْنَ,فرعون,1.000,2:49:5,
no_root_found,N/A,فِرْعَوْنَ,فرعون,فِرْعَوْنَ,فرعون,1.000,2:50:8,
no_root_found,N/A,مُوسَى,موسى,مُوسَى,موسي,1.000,2:51:3,
closed_class_surface,ذلك,ذَلِكَ,ذلك,ذَلِكَ,closed_class,1.000,2:52:6,
no_root_found,N/A,مُوسَى,موسى,مُوسَى,موسي,1.000,2:53:3,
no_root_found,N/A,مُوسَى,موسى,مُوسَى,موسي,1.000,2:54:3,
no_root_found,N/A,يَامُوسَى,ياموسى,مُوسَى,موسي,1.000,2:55:3,
closed_class_surface,هذه,هَذِهِ,هذه,هَذِهِ,closed_class,1.000,2:58:4,
no_root_found,N/A,وَسَنَزِيدُ,وسنزيد,زِيدُ,زيد,1.000,2:58:19,
closed_class_surface,الذين,الَّذِينَ,الذين,الَّذِينَ,closed_class,1.000,2:59:2,
closed_class_surface,الذي,الَّذِي,الذي,الَّذِي,closed_class,1.000,2:59:6,
closed_class_surface,الذين,الَّذِينَ,الذين,الَّذِينَ,closed_class,1.000,2:59:11,
no_root_found,N/A,مُوسَى,موسى,مُوسَى,موسي,1.000,2:60:3,
no_root_found,N/A,عَيْنَاً,عينا,عَيْنَ,عين,1.000,2:60:13,
no_root_found,N/A,الْأَرْضِ,الأرض,أَرْضِ,ارض,1.000,2:60:27,
no_root_found,N/A,يَامُوسَى,ياموسى,مُوسَى,موسي,1.000,2:61:3,
no_root_found,N/A,الْأَرْضُ,الأرض,أَرْضُ,ارض,1.000,2:61:16,
closed_class_surface,الذي,الَّذِي,الذي,الَّذِي,closed_class,1.000,2:61:25,
closed_class_surface,الذي,بِالَّذِي,بالذي,الَّذِي,closed_class,1.000,2:61:28,
no_root_found,N/A,مِصْرَاً,مصرا,مِصْرَ,مصر,1.000,2:61:32,
closed_class_surface,ذلك,ذَلِكَ,ذلك,ذَلِكَ,closed_class,1.000,2:61:45,
closed_class_surface,ذلك,ذَلِكَ,ذلك,ذَلِكَ,closed_class,1.000,2:61:55,
closed_class_surface,الذين,الَّذِينَ,الذين,الَّذِينَ,closed_class,1.000,2:62:2,
closed_class_surface,الذين,وَالَّذِينَ,والذين,الَّذِينَ,closed_class,1.000,2:62:4,
no_root_found,N/A,صَالِحَاً,صالحا,صَالِحَ,صالح,1.000,2:62:14,
closed_class_surface,ذلك,ذَلِكَ,ذلك,ذَلِكَ,closed_class,1.000,2:64:5,
closed_class_surface,الذين,الَّذِينَ,الذين,الَّذِينَ,closed_class,1.000,2:65:3,
no_root_found,N/A,مُوسَى,موسى,مُوسَى,موسي,1.000,2:67:3,
closed_class_surface,ذلك,ذَلِكَ,ذلك,ذَلِكَ,closed_class,1.000,2:68:20,
no_root_found,N/A,الْأَرْضَ,الأرض,أَرْضَ,ارض,1.000,2:71:9,
closed_class_surface,ذلك,كَذَلِكَ,كذلك,ذَلِكَ,closed_class,1.000,2:73:4,
closed_class_surface,ذلك,ذَلِكَ,ذلك,ذَلِكَ,closed_class,1.000,2:74:6,
closed_class_surface,الذين,الَّذِينَ,الذين,الَّذِينَ,closed_class,1.000,2:76:3,
closed_class_surface,الذين,لِلَّذِينَ,للذين,الَذِينَ,closed_class,1.000,2:79:2,
closed_class_surface,هذا,هَذَا,هذا,هَذَا,closed_class,1.000,2:79:8,
closed_class_surface,الذين,وَالَّذِينَ,والذين,الَّذِينَ,closed_class,1.000,2:82:1,
no_root_found,N/A,الصَّالِحَاتِ,الصالحات,صَالِحَ,صالح,1.000,2:82:4,
no_root_found,N/A,إِسْرَائِيلَ,إسرائيل,إِسْرَائِيلَ,اسراءيل,1.000,2:83:5,
low_confidence,فمن,أَفَتُؤْمِنُونَ,أفتؤمنون,أَفَتُؤْمِنُ,فتاعل,0.505,2:85:23,فءم/فتعلن@0.47
closed_class_surface,ذلك,ذَلِكَ,ذلك,ذَلِكَ,closed_class,1.000,2:85:32,
closed_class_surface,الذين,الَّذِينَ,الذين,الَّذِينَ,closed_class,1.000,2:86:2,
no_root_found,N/A,مُوسَى,موسى,مُوسَى,موسي,1.000,2:87:3,
no_root_found,N/A,عِيسَى,عيسى,عِيسَى,عيسي,1.000,2:87:10,
no_root_found,N/A,مَرْيَمَ,مريم,مَرْيَمَ,مريم,1.000,2:87:12,
closed_class_surface,الذين,الَّذِينَ,الذين,الَّذِينَ,closed_class,1.000,2:89:15,
no_root_found,N/A,مُوسَى,موسى,مُوسَى,موسي,1.000,2:92:3,
closed_class_surface,الذين,الَّذِينَ,الذين,الَّذِينَ,closed_class,1.000,2:96:7,
no_root_found,N/A,قَلْبِكَ,قلبك,قَلْبِ,قلب,1.000,2:97:9,
no_root_found,N/A,بِإِذْنِ,بإذن,إِذْنِ,اذن,1.000,2:97:10,
closed_class_surface,الذين,الَّذِينَ,الذين,الَّذِينَ,closed_class,1.000,2:101:13,
no_root_found,N/A,مُلْكِ,ملك,مُلْكِ,ملك,1.000,2:102:6,
no_root_found,N/A,سُلَيْمَانَ,سليمان,سُلَيْمَانَ,سليمان,1.000,2:102:7,
no_root_found,N/A,سُلَيْمَانُ,سليمان,سُلَيْمَانُ,سليمان,1.000,2:102:10,
no_root_found,N/A,الْمَلَكَيْنِ,الملكين,مَلَكَ,ملك,1.000,2:102:20,
no_root_found,N/A,هَارُوتَ,هاروت,هَارُوتَ,هاروت,1.000,2:102:22,
no_root_found,N/A,بِإِذْنِ,بإذن,إِذْنِ,اذن,1.000,2:102:50,
closed_class_surface,الذين,الَّذِينَ,الذين,الَّذِينَ,closed_class,1.000,2:104:2,
closed_class_surface,الذين,الَّذِينَ,الذين,الَّذِينَ,closed_class,1.000,2:105:3,
no_root_found,N/A,مُلْكُ,ملك,مُلْكُ,ملك,1.000,2:107:6,
no_root_found,N/A,وَالْأَرْضِ,والأرض,أَرْضِ,ارض,1.000,2:107:8,
no_root_found,N/A,مُوسَى,موسى,مُوسَى,موسي,1.000,2:108:8,
no_root_found,N/A,هُودَاً,هودا,هُودَ,هود,1.000,2:111:8,
closed_class_surface,تلك,تِلْكَ,تلك,تِلْكَ,closed_class,1.000,2:111:11,
closed_class_surface,ذلك,كَذَلِكَ,كذلك,ذَلِكَ,closed_class,1.000,2:113:16,
closed_class_surface,الذين,الَّذِينَ,الذين,الَّذِينَ,closed_class,1.000,2:113:18,
low_confidence,ختلف,يَخْتَلِفُونَ,يختلفون,خْتَلِفُ,فعلل,0.697,2:113:31,خلف/فتعل@0.68 ; ختلف/فعلل@0.63 ; ختلف/فعلل@0.63
no_root_found,N/A,وَالْأَرْضِ,والأرض,أَرْضِ,ارض,1.000,2:116:11,
no_root_found,N/A,وَالْأَرْضِ,والأرض,أَرْضِ,ارض,1.000,2:117:3,
closed_class_surface,الذين,الَّذِينَ,الذين,الَّذِينَ,closed_class,1.000,2:118:2,
closed_class_surface,ذلك,كَذَلِكَ,كذلك,ذَلِكَ,closed_class,1.000,2:118:11,
closed_class_surface,الذين,الَّذِينَ,الذين,الَّذِينَ,closed_class,1.000,2:118:13,
closed_class_surface,الذي,الَّذِي,الذي,الَّذِي,closed_class,1.000,2:120:20,
closed_class_surface,الذين,الَّذِينَ,الذين,الَّذِينَ,closed_class,1.000,2:121:1,
no_root_found,N/A,إِسْرَائِيلَ,إسرائيل,إِسْرَائِيلَ,اسراءيل,1.000,2:122:2,
closed_class_surface,التي,الَّتِي,التي,الَّتِي,closed_class,1.000,2:122:5,
no_root_found,N/A,إِبْرَاهِيمَ,إبراهيم,إِبْرَاهِيمَ,ابراهيم,1.000,2:124:3,
no_root_found,N/A,إِبْرَاهِيمَ,إبراهيم,إِبْرَاهِيمَ,ابراهيم,1.000,2:125:10,
no_root_found,N/A,إِبْرَاهِيمَ,إبراهيم,إِبْرَاهِيمَ,ابراهيم,1.000,2:125:14,
no_root_found,N/A,وَإِسْمَاعِيلَ,وإسماعيل,إِسْمَاعِيلَ,اسماعيل,1.000,2:125:15,
no_root_found,N/A,إِبْرَاهِيمُ,إبراهيم,إِبْرَاهِيمُ,ابراهيم,1.000,2:126:3,
closed_class_surface,هذا,هَذَا,هذا,هَذَا,closed_class,1.000,2:126:6,
no_root_found,N/A,إِبْرَاهِيمُ,إبراهيم,إِبْرَاهِيمُ,ابراهيم,1.000,2:127:3,
no_root_found,N/A,وَإِسْمَاعِيلُ,وإسماعيل,إِسْمَاعِيلُ,اسماعيل,1.000,2:127:7,
no_root_found,N/A,إِبْرَاهِيمَ,إبراهيم,إِبْرَاهِيمَ,ابراهيم,1.000,2:130:5,
no_root_found,N/A,الصَّالِحِينَ,الصالحين,صَالِحِ,صالح,1.000,2:130:18,
no_root_found,N/A,إِبْرَاهِيمُ,إبراهيم,إِبْرَاهِيمُ,ابراهيم,1.000,2:132:3,
no_root_found,N/A,وَيَعْقُوبُ,ويعقوب,يَعْقُوبُ,يعقوب,1.000,2:132:5,
no_root_found,N/A,يَعْقُوبَ,يعقوب,يَعْقُوبَ,يعقوب,1.000,2:133:6,
no_root_found,N/A,إِبْرَاهِيمَ,إبراهيم,إِبْرَاهِيمَ,ابراهيم,1.000,2:133:20,
no_root_found,N/A,وَإِسْمَاعِيلَ,وإسماعيل,إِسْمَاعِيلَ,اسماعيل,1.000,2:133:21,
no_root_found,N/A,وَإِسْحَاقَ,وإسحاق,إِسْحَاقَ,اسحاق,1.000,2:133:22,
closed_class_surface,تلك,تِلْكَ,تلك,تِلْكَ,closed_class,1.000,2:134:1,
no_root_found,N/A,هُودَاً,هودا,هُودَ,هود,1.000,2:135:3,
no_root_found,N/A,إِبْرَاهِيمَ,إبراهيم,إِبْرَاهِيمَ,ابراهيم,1.000,2:135:10,
no_root_found,N/A,إِبْرَاهِيمَ,إبراهيم,إِبْرَاهِيمَ,ابراهيم,1.000,2:136:10,
no_root_found,N/A,وَإِسْمَاعِيلَ,وإسماعيل,إِسْمَاعِيلَ,اسماعيل,1.000,2:136:11,
no_root_found,N/A,وَإِسْحَاقَ,وإسحاق,إِسْحَاقَ,اسحاق,1.000,2:136:12,
no_root_found,N/A,وَيَعْقُوبَ,ويعقوب,يَعْقُوبَ,يعقوب,1.000,2:136:13,
no_root_found,N/A,مُوسَى,موسى,مُوسَى,موسي,1.000,2:136:17,
no_root_found,N/A,وَعِيسَى,وعيسى,عِيسَى,عيسي,1.000,2:136:18,
no_root_found,N/A,إِبْرَاهِيمَ,إبراهيم,إِبْرَاهِيمَ,ابراهيم,1.000,2:140:4,
no_root_found,N/A,وَإِسْمَاعِيلَ,وإسماعيل,إِسْمَاعِيلَ,اسماعيل,1.000,2:140:5,
no_root_found,N/A,وَإِسْحَاقَ,وإسحاق,إِسْحَاقَ,اسحاق,1.000,2:140:6,
no_root_found,N/A,وَيَعْقُوبَ,ويعقوب,يَعْقُوبَ,يعقوب,1.000,2:140:7,
no_root_found,N/A,هُودَاً,هودا,هُودَ,هود,1.000,2:140:10,
closed_class_surface,تلك,تِلْكَ,تلك,تِلْكَ,closed_class,1.000,2:141:1,
closed_class_surface,التي,الَّتِي,التي,الَّتِي,closed_class,1.000,2:142:9,
closed_class_surface,ذلك,وَكَذَلِكَ,وكذلك,ذَلِكَ,closed_class,1.000,2:143:1,
closed_class_surface,التي,الَّتِي,التي,الَّتِي,closed_class,1.000,2:143:16,
closed_class_surface,الذين,الَّذِينَ,الذين,الَّذِينَ,closed_class,1.000,2:143:33,
no_root_found,N/A,تَقَلُّبَ,تقلب,قَلُّبَ,قلب,1.000,2:144:3,
no_root_found,N/A,الْمَسْجِدِ,المسجد,مَسْجِدِ,مسجد,1.000,2:144:13,
low_confidence,حيثم,وَحَيْثُمَا,وحيثما,حَيْثُمَا,فعلل,0.689,2:144:15,حيثم/فعلل@0.69 ; حيثم/فعلل@0.63 ; حيثم/فعلل@0.63
closed_class_surface,الذين,الَّذِينَ,الذين,الَّذِينَ,closed_class,1.000,2:144:22,
closed_class_surface,الذين,الَّذِينَ,الذين,الَّذِينَ,closed_class,1.000,2:145:3,
closed_class_surface,الذين,الَّذِينَ,الذين,الَّذِينَ,closed_class,1.000,2:146:1,
no_root_found,N/A,الْمَسْجِدِ,المسجد,مَسْجِدِ,مسجد,1.000,2:149:7,
no_root_found,N/A,الْمَسْجِدِ,المسجد,مَسْجِدِ,مسجد,1.000,2:150:7,
low_confidence,حيثم,وَحَيْثُمَا,وحيثما,حَيْثُمَا,فعلل,0.689,2:150:9,حيثم/فعلل@0.69 ; حيثم/فعلل@0.63 ; حيثم/فعلل@0.63
no_root_found,N/A,حُجَّةٌ,حجة,حُجَّ,حج,1.000,2:150:19,
closed_class_surface,الذين,الَّذِينَ,الذين,الَّذِينَ,closed_class,1.000,2:150:21,
closed_class_surface,الذين,الَّذِينَ,الذين,الَّذِينَ,closed_class,1.000,2:153:2,
closed_class_surface,الذين,الَّذِينَ,الذين,الَّذِينَ,closed_class,1.000,2:156:1,
no_root_found,N/A,حَجَّ,حج,حَجَّ,حج,1.000,2:158:8,
no_root_found,N/A,جُنَاحَ,جناح,جُنَاحَ,جناح,1.000,2:158:13,
closed_class_surface,الذين,الَّذِينَ,الذين,الَّذِينَ,closed_class,1.000,2:159:2,
closed_class_surface,الذين,الَّذِينَ,الذين,الَّذِينَ,closed_class,1.000,2:160:2,
closed_class_surface,الذين,الَّذِينَ,الذين,الَّذِينَ,closed_class,1.000,2:161:2,
no_root_found,N/A,وَالْأَرْضِ,والأرض,أَرْضِ,ارض,1.000,2:164:5,
closed_class_surface,التي,الَّتِي,التي,الَّتِي,closed_class,1.000,2:164:10,
no_root_found,N/A,الْأَرْضَ,الأرض,أَرْضَ,ارض,1.000,2:164:26,
no_root_found,N/A,وَالسَّحَابِ,والسحاب,سَحَابِ,سحاب,1.000,2:164:36,
no_root_found,N/A,وَالْأَرْضِ,والأرض,أَرْضِ,ارض,1.000,2:164:40,
closed_class_surface,الذين,وَالَّذِينَ,والذين,الَّذِينَ,closed_class,1.000,2:165:12,
closed_class_surface,الذين,الَّذِينَ,الذين,الَّذِينَ,closed_class,1.000,2:165:19,
closed_class_surface,الذين,الَّذِينَ,الذين,الَّذِينَ,closed_class,1.000,2:166:3,
closed_class_surface,الذين,الَّذِينَ,الذين,الَّذِينَ,closed_class,1.000,2:166:6,
closed_class_surface,الذين,الَّذِينَ,الذين,الَّذِينَ,closed_class,1.000,2:167:2,
closed_class_surface,ذلك,كَذَلِكَ,كذلك,ذَلِكَ,closed_class,1.000,2:167:13,
no_root_found,N/A,الْأَرْضِ,الأرض,أَرْضِ,ارض,1.000,2:168:6,
no_root_found,N/A,تَتَّبِعُوا,تتبعوا,تَّبِعُ,تبع,1.000,2:168:10,
closed_class_surface,الذين,الَّذِينَ,الذين,الَّذِينَ,closed_class,1.000,2:171:2,
closed_class_surface,الذي,الَّذِي,الذي,الَّذِي,closed_class,1.000,2:171:5,
closed_class_surface,الذين,الَّذِينَ,الذين,الَّذِينَ,closed_class,1.000,2:172:2,
no_root_found,N/A,وَلَحْمَ,ولحم,لَحْمَ,لحم,1.000,2:173:6,
no_root_found,N/A,الْخِنْزِيرِ,الخنزير,خِنْزِيرِ,خنزير,1.000,2:173:7,
no_root_found,N/A,عَادٍ,عاد,عَادٍ,عاد,1.000,2:173:18,
closed_class_surface,الذين,الَّذِينَ,الذين,الَّذِينَ,closed_class,1.000,2:174:2,
closed_class_surface,الذين,الَّذِينَ,الذين,الَّذِينَ,closed_class,1.000,2:175:2,
closed_class_surface,ذلك,ذَلِكَ,ذلك,ذَلِكَ,closed_class,1.000,2:176:1,
closed_class_surface,الذين,الَّذِينَ,الذين,الَّذِينَ,closed_class,1.000,2:176:8,
closed_class_surface,الذين,الَّذِينَ,الذين,الَّذِينَ,closed_class,1.000,2:177:47,
closed_class_surface,الذين,الَّذِينَ,الذين,الَّذِينَ,closed_class,1.000,2:178:2,
closed_class_surface,ذلك,ذَلِكَ,ذلك,ذَلِكَ,closed_class,1.000,2:178:26,
closed_class_surface,ذلك,ذَلِكَ,ذلك,ذَلِكَ,closed_class,1.000,2:178:34,
closed_class_surface,الذين,الَّذِينَ,الذين,الَّذِينَ,closed_class,1.000,2:181:8,
closed_class_surface,الذين,الَّذِينَ,الذين,الَّذِينَ,closed_class,1.000,2:183:2,
closed_class_surface,الذين,الَّذِينَ,الذين,الَّذِينَ,closed_class,1.000,2:183:10,
closed_class_surface,الذين,الَّذِينَ,الذين,الَّذِينَ,closed_class,1.000,2:184:15,
no_root_found,N/A,رَمَضَانَ,رمضان,رَمَضَانَ,رمضان,1.000,2:185:2,
closed_class_surface,الذي,الَّذِي,الذي,الَّذِي,closed_class,1.000,2:185:3,
low_confidence,ليصم,فَلْيَصُمْهُ,فليصمه,فَلْيَصُمْ,فعلل,0.628,2:185:17,ليصم/فعلل@0.63 ; لصم/فيعال@0.58 ; لصم/فيعال@0.58
low_confidence,لمن,وَلْيُؤْمِنُوا,وليؤمنوا,وَلْيُؤْمِنُ,فياعل,0.479,2:186:14,
closed_class_surface,تلك,تِلْكَ,تلك,تِلْكَ,closed_class,1.000,2:187:54,
closed_class_surface,ذلك,كَذَلِكَ,كذلك,ذَلِكَ,closed_class,1.000,2:187:59,
no_root_found,N/A,وَالْحَجِّ,والحج,حَجِّ,حج,1.000,2:189:8,
closed_class_surface,الذين,الَّذِينَ,الذين,الَّذِينَ,closed_class,1.000,2:190:5,
no_root_found,N/A,الْمَسْجِدِ,المسجد,مَسْجِدِ,مسجد,1.000,2:191:15,
closed_class_surface,ذلك,كَذَلِكَ,كذلك,ذَلِكَ,closed_class,1.000,2:191:23,
no_root_found,N/A,الْحَجَّ,الحج,حَجَّ,حج,1.000,2:196:2,
no_root_found,N/A,الْحَجِّ,الحج,حَجِّ,حج,1.000,2:196:40,
no_root_found,N/A,الْحَجِّ,الحج,حَجِّ,حج,1.000,2:196:52,
closed_class_surface,تلك,تِلْكَ,تلك,تِلْكَ,closed_class,1.000,2:196:56,
closed_class_surface,ذلك,ذَلِكَ,ذلك,ذَلِكَ,closed_class,1.000,2:196:59,
no_root_found,N/A,الْمَسْجِدِ,المسجد,مَسْجِدِ,مسجد,1.000,2:196:65,
no_root_found,N/A,الْحَجُّ,الحج,حَجُّ,حج,1.000,2:197:1,
no_root_found,N/A,الْحَجَّ,الحج,حَجَّ,حج,1.000,2:197:7,
no_root_found,N/A,الْحَجِّ,الحج,حَجِّ,حج,1.000,2:197:15,
no_root_found,N/A,جُنَاحٌ,جناح,جُنَاحٌ,جناح,1.000,2:198:3,
no_root_found,N/A,عَرَفَاتٍ,عرفات,عَرَفَاتٍ,عرفات,1.000,2:198:12,
no_root_found,N/A,قَلْبِهِ,قلبه,قَلْبِ,قلب,1.000,2:204:14,
no_root_found,N/A,الْأَرْضِ,الأرض,أَرْضِ,ارض,1.000,2:205:5,
no_root_found,N/A,جَهَنَّمُ,جهنم,جَهَنَّمُ,جهنم,1.000,2:206:10,
closed_class_surface,الذين,الَّذِينَ,الذين,الَّذِينَ,closed_class,1.000,2:208:2,
no_root_found,N/A,السِّلْمِ,السلم,سِلْمِ,سلم,1.000,2:208:6,
no_root_found,N/A,تَتَّبِعُوا,تتبعوا,تَّبِعُ,تبع,1.000,2:208:9,
no_root_found,N/A,إِسْرَائِيلَ,إسرائيل,إِسْرَائِيلَ,اسراءيل,1.000,2:211:3,
closed_class_surface,الذين,لِلَّذِينَ,للذين,الَذِينَ,closed_class,1.000,2:212:2,
closed_class_surface,الذين,الَّذِينَ,الذين,الَّذِينَ,closed_class,1.000,2:212:8,
closed_class_surface,الذين,وَالَّذِينَ,والذين,الَّذِينَ,closed_class,1.000,2:212:10,
closed_class_surface,الذين,الَّذِينَ,الذين,الَّذِينَ,closed_class,1.000,2:213:24,
closed_class_surface,الذين,الَّذِينَ,الذين,الَّذِينَ,closed_class,1.000,2:213:35,
no_root_found,N/A,بِإِذْنِهِ,بإذنه,إِذْنِ,اذن,1.000,2:213:42,
closed_class_surface,الذين,الَّذِينَ,الذين,الَّذِينَ,closed_class,1.000,2:214:9,
closed_class_surface,الذين,وَالَّذِينَ,والذين,الَّذِينَ,closed_class,1.000,2:214:20,
no_root_found,N/A,وَالْمَسْجِدِ,والمسجد,مَسْجِدِ,مسجد,1.000,2:217:17,
low_confidence,رتدد,يَرْتَدِدْ,يرتدد,رْتَدِدْ,فعلل,0.697,2:217:39,ردد/فتعل@0.68 ; رتدد/فعلل@0.63 ; رتدد/فعلل@0.63
closed_class_surface,الذين,الَّذِينَ,الذين,الَّذِينَ,closed_class,1.000,2:218:2,
closed_class_surface,الذين,وَالَّذِينَ,والذين,الَّذِينَ,closed_class,1.000,2:218:4,
no_root_found,N/A,الْخَمْرِ,الخمر,خَمْرِ,خمر,1.000,2:219:3,
closed_class_surface,ذلك,كَذَلِكَ,كذلك,ذَلِكَ,closed_class,1.000,2:219:20,
no_root_found,N/A,بِإِذْنِهِ,بإذنه,إِذْنِ,اذن,1.000,2:221:34,
low_confidence,طهرن,يَطْهُرْنَ,يطهرن,طْهُرْنَ,فعلل,0.630,2:222:14,طهرن/فعلل@0.63 ; طهرن/فعلل@0.63 ; طهرن/فعلل@0.63
closed_class_surface,الذين,لِلَّذِينَ,للذين,الَذِينَ,closed_class,1.000,2:226:1,
closed_class_surface,ذلك,ذَلِكَ,ذلك,ذَلِكَ,closed_class,1.000,2:228:26,
closed_class_surface,الذي,الَّذِي,الذي,الَّذِي,closed_class,1.000,2:228:32,
no_root_found,N/A,جُنَاحَ,جناح,جُنَاحَ,جناح,1.000,2:229:30,
closed_class_surface,تلك,تِلْكَ,تلك,تِلْكَ,closed_class,1.000,2:229:35,
no_root_found,N/A,جُنَاحَ,جناح,جُنَاحَ,جناح,1.000,2:230:15,
low_confidence,رجع,يَتَرَاجَعَا,يتراجعا,يَتَرَاجَعَا,يتفاعل,0.688,2:230:18,رجع/يتفاعل@0.65 ; راجع/يتفعلل@0.57
closed_class_surface,تلك,وَتِلْكَ,وتلك,تِلْكَ,closed_class,1.000,2:230:25,
closed_class_surface,ذلك,ذَلِكَ,ذلك,ذَلِكَ,closed_class,1.000,2:231:17,
closed_class_surface,ذلك,ذَلِكَ,ذلك,ذَلِكَ,closed_class,1.000,2:232:15,
low_confidence,رضع,يُرْضِعْنَ,يرضعن,رْضِعْنَ,فعلن,0.684,2:233:2,رضعن/فعلل@0.63 ; رضعن/فعلل@0.63 ; رضعن/فعلل@0.63
closed_class_surface,ذلك,ذَلِكَ,ذلك,ذَلِكَ,closed_class,1.000,2:233:33,
no_root_found,N/A,جُنَاحَ,جناح,جُنَاحَ,جناح,1.000,2:233:42,
no_root_found,N/A,جُنَاحَ,جناح,جُنَاحَ,جناح,1.000,2:233:50,
no_root_found,N/A,سَلَّمْتُمْ,سلمتم,سَلَّمْ,سلم,1.000,2:233:53,
closed_class_surface,الذين,وَالَّذِينَ,والذين,الَّذِينَ,closed_class,1.000,2:234:1,
no_root_found,N/A,جُنَاحَ,جناح,جُنَاحَ,جناح,1.000,2:234:15,
no_root_found,N/A,جُنَاحَ,جناح,جُنَاحَ,جناح,1.000,2:235:2,
no_root_found,N/A,جُنَاحَ,جناح,جُنَاحَ,جناح,1.000,2:236:2,
closed_class_surface,الذي,الَّذِي,الذي,الَّذِي,closed_class,1.000,2:237:19,
closed_class_surface,الذين,وَالَّذِينَ,والذين,الَّذِينَ,closed_class,1.000,2:240:1,
no_root_found,N/A,جُنَاحَ,جناح,جُنَاحَ,جناح,1.000,2:240:16,
closed_class_surface,ذلك,كَذَلِكَ,كذلك,ذَلِكَ,closed_class,1.000,2:242:1,
closed_class_surface,الذين,الَّذِينَ,الذين,الَّذِينَ,closed_class,1.000,2:243:4,
closed_class_surface,الذي,الَّذِي,الذي,الَّذِي,closed_class,1.000,2:245:3,
no_root_found,N/A,إِسْرَائِيلَ,إسرائيل,إِسْرَائِيلَ,اسراءيل,1.000,2:246:7,
no_root_found,N/A,مُوسَى,موسى,مُوسَى,موسي,1.000,2:246:10,
no_root_found,N/A,مَلِكَاً,ملكا,مَلِكَ,ملك,1.000,2:246:17,
no_root_found,N/A,طَالُوتَ,طالوت,طَالُوتَ,طالوت,1.000,2:247:9,
no_root_found,N/A,مَلِكَاً,ملكا,مَلِكَ,ملك,1.000,2:247:10,
no_root_found,N/A,الْمُلْكُ,الملك,مُلْكُ,ملك,1.000,2:247:15,
no_root_found,N/A,بِالْمُلْكِ,بالملك,مُلْكِ,ملك,1.000,2:247:19,
no_root_found,N/A,مُلْكَهُ,ملكه,مُلْكَ,ملك,1.000,2:247:38,
no_root_found,N/A,مُلْكِهِ,ملكه,مُلْكِ,ملك,1.000,2:248:6,
no_root_found,N/A,مُوسَى,موسى,مُوسَى,موسي,1.000,2:248:18,
no_root_found,N/A,هَارُونَ,هارون,هَارُونَ,هارون,1.000,2:248:20,
closed_class_surface,ذلك,ذَلِكَ,ذلك,ذَلِكَ,closed_class,1.000,2:248:25,
no_root_found,N/A,طَالُوتُ,طالوت,طَالُوتُ,طالوت,1.000,2:249:3,
closed_class_surface,الذين,وَالَّذِينَ,والذين,الَّذِينَ,closed_class,1.000,2:249:33,
no_root_found,N/A,بِجَالُوتَ,بجالوت,جَالُوتَ,جالوت,1.000,2:249:41,
closed_class_surface,الذين,الَّذِينَ,الذين,الَّذِينَ,closed_class,1.000,2:249:44,
no_root_found,N/A,بِإِذْنِ,بإذن,إِذْنِ,اذن,1.000,2:249:56,
no_root_found,N/A,لِجَالُوتَ,لجالوت,جَالُوتَ,جالوت,1.000,2:250:3,
no_root_found,N/A,بِإِذْنِ,بإذن,إِذْنِ,اذن,1.000,2:251:2,
no_root_found,N/A,جَالُوتَ,جالوت,جَالُوتَ,جالوت,1.000,2:251:6,
no_root_found,N/A,الْمُلْكَ,الملك,مُلْكَ,ملك,1.000,2:251:9,
low_confidence,فسدت,لَفَسَدَتِ,لفسدت,لَفَسَدَتِ,فعلل,0.689,2:251:20,فسدت/فعلال@0.67 ; فسد/فعلت@0.67 ; فسد/فعلت@0.67
no_root_found,N/A,الْأَرْضُ,الأرض,أَرْضُ,ارض,1.000,2:251:21,
closed_class_surface,تلك,تِلْكَ,تلك,تِلْكَ,closed_class,1.000,2:252:1,
closed_class_surface,تلك,تِلْكَ,تلك,تِلْكَ,closed_class,1.000,2:253:1,
no_root_found,N/A,عِيسَى,عيسى,عِيسَى,عيسي,1.000,2:253:15,
no_root_found,N/A,مَرْيَمَ,مريم,مَرْيَمَ,مريم,1.000,2:253:17,
closed_class_surface,الذين,الَّذِينَ,الذين,الَّذِينَ,closed_class,1.000,2:253:27,
closed_class_surface,الذين,الَّذِينَ,الذين,الَّذِينَ,closed_class,1.000,2:254:2,
no_root_found,N/A,الْأَرْضِ,الأرض,أَرْضِ,ارض,1.000,2:255:19,
closed_class_surface,الذي,الَّذِي,الذي,الَّذِي,closed_class,1.000,2:255:22,
no_root_found,N/A,بِإِذْنِهِ,بإذنه,إِذْنِ,اذن,1.000,2:255:26,
no_root_found,N/A,وَالْأَرْضَ,والأرض,أَرْضَ,ارض,1.000,2:255:44,
low_confidence,سمس,اسْتَمْسَكَ,استمسك,اسْتَمْسَ,افتعل,0.616,2:256:16,سمس/افتعل@0.62 ; ستمس/افعلل@0.62 ; سمس/افتعل@0.57
closed_class_surface,الذين,الَّذِينَ,الذين,الَّذِينَ,closed_class,1.000,2:257:3,
closed_class_surface,الذين,وَالَّذِينَ,والذين,الَّذِينَ,closed_class,1.000,2:257:10,
closed_class_surface,الذي,الَّذِي,الذي,الَّذِي,closed_class,1.000,2:258:4,
no_root_found,N/A,إِبْرَاهِيمَ,إبراهيم,إِبْرَاهِيمَ,ابراهيم,1.000,2:258:6,
no_root_found,N/A,الْمُلْكَ,الملك,مُلْكَ,ملك,1.000,2:258:12,
no_root_found,N/A,إِبْرَاهِيمُ,إبراهيم,إِبْرَاهِيمُ,ابراهيم,1.000,2:258:15,
closed_class_surface,الذي,الَّذِي,الذي,الَّذِي,closed_class,1.000,2:258:17,
no_root_found,N/A,إِبْرَاهِيمُ,إبراهيم,إِبْرَاهِيمُ,ابراهيم,1.000,2:258:25,
closed_class_surface,الذي,الَّذِي,الذي,الَّذِي,closed_class,1.000,2:258:37,
closed_class_surface,الذي,كَالَّذِي,كالذي,الَّذِي,closed_class,1.000,2:259:2,
closed_class_surface,هذه,هَذِهِ,هذه,هَذِهِ,closed_class,1.000,2:259:13,
no_root_found,N/A,لَحْمَاً,لحما,حْمَ,حم,1.000,2:259:56,
no_root_found,N/A,إِبْرَاهِيمُ,إبراهيم,إِبْرَاهِيمُ,ابراهيم,1.000,2:260:3,
no_root_found,N/A,قَلْبِي,قلبي,قَلْبِ,قلب,1.000,2:260:16,
closed_class_surface,الذين,الَّذِينَ,الذين,الَّذِينَ,closed_class,1.000,2:261:2,
closed_class_surface,الذين,الَّذِينَ,الذين,الَّذِينَ,closed_class,1.000,2:262:1,
no_root_found,N/A,يُتْبِعُونَ,يتبعون,تْبِعُ,تبع,1.000,2:262:9,
no_root_found,N/A,يَتْبَعُهَا,يتبعها,تْبَعُ,تبع,1.000,2:263:7,
closed_class_surface,الذين,الَّذِينَ,الذين,الَّذِينَ,closed_class,1.000,2:264:2,
closed_class_surface,الذي,كَالَّذِي,كالذي,الَّذِي,closed_class,1.000,2:264:9,
no_root_found,N/A,تُرَابٌ,تراب,تُرَابٌ,تراب,1.000,2:264:23,
closed_class_surface,الذين,الَّذِينَ,الذين,الَّذِينَ,closed_class,1.000,2:265:2,
closed_class_surface,ذلك,كَذَلِكَ,كذلك,ذَلِكَ,closed_class,1.000,2:266:29,
closed_class_surface,الذين,الَّذِينَ,الذين,الَّذِينَ,closed_class,1.000,2:267:2,
no_root_found,N/A,الْأَرْضِ,الأرض,أَرْضِ,ارض,1.000,2:267:13,
no_root_found,N/A,أَنْصَارٍ,أنصار,أَنْصَارٍ,انصار,1.000,2:270:15,
closed_class_surface,الذين,الَّذِينَ,الذين,الَّذِينَ,closed_class,1.000,2:273:2,
no_root_found,N/A,الْأَرْضِ,الأرض,أَرْضِ,ارض,1.000,2:273:11,
closed_class_surface,الذين,الَّذِينَ,الذين,الَّذِينَ,closed_class,1.000,2:274:1,
closed_class_surface,الذين,الَّذِينَ,الذين,الَّذِينَ,closed_class,1.000,2:275:1,
closed_class_surface,الذي,الَّذِي,الذي,الَّذِي,closed_class,1.000,2:275:9,
closed_class_surface,ذلك,ذَلِكَ,ذلك,ذَلِكَ,closed_class,1.000,2:275:14,
no_root_found,N/A,عَادَ,عاد,عَادَ,عاد,1.000,2:275:39,
closed_class_surface,الذين,الَّذِينَ,الذين,الَّذِينَ,closed_class,1.000,2:277:2,
no_root_found,N/A,الصَّالِحَاتِ,الصالحات,صَالِحَ,صالح,1.000,2:277:5,
closed_class_surface,الذين,الَّذِينَ,الذين,الَّذِينَ,closed_class,1.000,2:278:2,
closed_class_surface,الذين,الَّذِينَ,الذين,الَّذِينَ,closed_class,1.000,2:282:2,
closed_class_surface,الذي,الَّذِي,الذي,الَّذِي,closed_class,1.000,2:282:25,
low_confidence,ليتق,وَلْيَتَّقِ,وليتق,وَلْيَتَّقِ,فعلل,0.628,2:282:28,لتق/فيعال@0.63 ; لتق/فيعال@0.63 ; ليتق/فعلال@0.63
closed_class_surface,الذي,الَّذِي,الذي,الَّذِي,closed_class,1.000,2:282:37,
no_root_found,N/A,جُنَاحٌ,جناح,جُنَاحٌ,جناح,1.000,2:282:105,
low_confidence,ليءد,فَلْيُؤَدِّ,فليؤد,فَلْيُؤَدِّ,فعلل,0.628,2:283:14,لءد/فيعال@0.63 ; لءد/فيعال@0.63 ; ليءد/فعلال@0.63
closed_class_surface,الذي,الَّذِي,الذي,الَّذِي,closed_class,1.000,2:283:15,
low_confidence,ليتق,وَلْيَتَّقِ,وليتق,وَلْيَتَّقِ,فعلل,0.628,2:283:18,لتق/فيعال@0.63 ; لتق/فيعال@0.63 ; ليتق/فعلال@0.63
no_root_found,N/A,قَلْبُهُ,قلبه,قَلْبُ,قلب,1.000,2:283:28,
no_root_found,N/A,الْأَرْضِ,الأرض,أَرْضِ,ارض,1.000,2:284:7,
closed_class_surface,الذين,الَّذِينَ,الذين,الَّذِينَ,closed_class,1.000,2:286:28,
no_root_found,N/A,الم,الم,الم,الم,1.000,3:1:1,
closed_class_surface,الذين,الَّذِينَ,الذين,الَّذِينَ,closed_class,1.000,3:4:8,
no_root_found,N/A,الْأَرْضِ,الأرض,أَرْضِ,ارض,1.000,3:5:8,
closed_class_surface,الذي,الَّذِي,الذي,الَّذِي,closed_class,1.000,3:6:2,
closed_class_surface,الذي,الَّذِي,الذي,الَّذِي,closed_class,1.000,3:7:2,
closed_class_surface,الذين,الَّذِينَ,الذين,الَّذِينَ,closed_class,1.000,3:7:15,
no_root_found,N/A,فَيَتَّبِعُونَ,فيتبعون,تَّبِعُ,تبع,1.000,3:7:19,
closed_class_surface,الذين,الَّذِينَ,الذين,الَّذِينَ,closed_class,1.000,3:10:2,
no_root_found,N/A,فِرْعَوْنَ,فرعون,فِرْعَوْنَ,فرعون,1.000,3:11:3,
closed_class_surface,الذين,وَالَّذِينَ,والذين,الَّذِينَ,closed_class,1.000,3:11:4,
closed_class_surface,الذين,لِلَّذِينَ,للذين,الَذِينَ,closed_class,1.000,3:12:2,
no_root_found,N/A,جَهَنَّمَ,جهنم,جَهَنَّمَ,جهنم,1.000,3:12:7,
no_root_found,N/A,الْعَيْنِ,العين,عَيْنِ,عين,1.000,3:13:18,
closed_class_surface,ذلك,ذَلِكَ,ذلك,ذَلِكَ,closed_class,1.000,3:13:26,
no_root_found,N/A,الذَّهَبِ,الذهب,ذَهَبِ,ذهب,1.000,3:14:11,
closed_class_surface,ذلك,ذَلِكَ,ذلك,ذَلِكَ,closed_class,1.000,3:14:17,
closed_class_surface,الذين,لِلَّذِينَ,للذين,الَذِينَ,closed_class,1.000,3:15:6,
closed_class_surface,الذين,الَّذِينَ,الذين,الَّذِينَ,closed_class,1.000,3:16:1,
closed_class_surface,الذين,الَّذِينَ,الذين,الَّذِينَ,closed_class,1.000,3:19:8,
closed_class_surface,الذين,لِلَّذِينَ,للذين,الَذِينَ,closed_class,1.000,3:20:10,
closed_class_surface,الذين,الَّذِينَ,الذين,الَّذِينَ,closed_class,1.000,3:21:2,
closed_class_surface,الذين,الَّذِينَ,الذين,الَّذِينَ,closed_class,1.000,3:21:11,
closed_class_surface,الذين,الَّذِينَ,الذين,الَّذِينَ,closed_class,1.000,3:22:2,
closed_class_surface,الذين,الَّذِينَ,الذين,الَّذِينَ,closed_class,1.000,3:23:4,
closed_class_surface,ذلك,ذَلِكَ,ذلك,ذَلِكَ,closed_class,1.000,3:24:1,
no_root_found,N/A,مَالِكَ,مالك,مَالِكَ,مالك,1.000,3:26:3,
no_root_found,N/A,الْمُلْكِ,الملك,مُلْكِ,ملك,1.000,3:26:4,
no_root_found,N/A,الْمُلْكَ,الملك,مُلْكَ,ملك,1.000,3:26:6,
no_root_found,N/A,الْمُلْكَ,الملك,مُلْكَ,ملك,1.000,3:26:10,
closed_class_surface,ذلك,ذَلِكَ,ذلك,ذَلِكَ,closed_class,1.000,3:28:11,
no_root_found,N/A,الْأَرْضِ,الأرض,أَرْضِ,ارض,1.000,3:29:17,
no_root_found,N/A,وَنُوحَاً,ونوحا,نُوحَ,نوح,1.000,3:33:5,
no_root_found,N/A,إِبْرَاهِيمَ,إبراهيم,إِبْرَاهِيمَ,ابراهيم,1.000,3:33:7,
no_root_found,N/A,عِمْرَانَ,عمران,عِمْرَانَ,عمران,1.000,3:33:9,
no_root_found,N/A,عِمْرَانَ,عمران,عِمْرَانَ,عمران,1.000,3:35:4,
no_root_found,N/A,مَرْيَمَ,مريم,مَرْيَمَ,مريم,1.000,3:36:17,
no_root_found,N/A,زَكَرِيَّا,زكريا,زَكَرِيَّا,زكريا,1.000,3:37:9,
no_root_found,N/A,زَكَرِيَّا,زكريا,زَكَرِيَّا,زكريا,1.000,3:37:13,
no_root_found,N/A,يَامَرْيَمُ,يامريم,مَرْيَمُ,مريم,1.000,3:37:19,
closed_class_surface,هذا,هَذَا,هذا,هَذَا,closed_class,1.000,3:37:22,
no_root_found,N/A,زَكَرِيَّا,زكريا,زَكَرِيَّا,زكريا,1.000,3:38:3,
no_root_found,N/A,بِيَحْيَى,بيحيى,يَحْيَى,يحيي,1.000,3:39:11,
no_root_found,N/A,الصَّالِحِينَ,الصالحين,صَالِحِ,صالح,1.000,3:39:20,
closed_class_surface,ذلك,كَذَلِكَ,كذلك,ذَلِكَ,closed_class,1.000,3:40:13,
no_root_found,N/A,يَامَرْيَمُ,يامريم,مَرْيَمُ,مريم,1.000,3:42:4,
no_root_found,N/A,يَامَرْيَمُ,يامريم,مَرْيَمُ,مريم,1.000,3:43:1,
closed_class_surface,ذلك,ذَلِكَ,ذلك,ذَلِكَ,closed_class,1.000,3:44:1,
no_root_found,N/A,مَرْيَمَ,مريم,مَرْيَمَ,مريم,1.000,3:44:15,
low_confidence,ختصم,يَخْتَصِمُونَ,يختصمون,خْتَصِمُ,فعلل,0.697,3:44:20,خصم/فتعل@0.68 ; ختصم/فعلل@0.63 ; ختصم/فعلل@0.63
no_root_found,N/A,يَامَرْيَمُ,يامريم,مَرْيَمُ,مريم,1.000,3:45:4,
no_root_found,N/A,عِيسَى,عيسى,عِيسَى,عيسي,1.000,3:45:12,
no_root_found,N/A,مَرْيَمَ,مريم,مَرْيَمَ,مريم,1.000,3:45:14,
no_root_found,N/A,الصَّالِحِينَ,الصالحين,صَالِحِ,صالح,1.000,3:46:7,
closed_class_surface,ذلك,كَذَلِكِ,كذلك,ذَلِكِ,closed_class,1.000,3:47:11,
no_root_found,N/A,إِسْرَائِيلَ,إسرائيل,إِسْرَائِيلَ,اسراءيل,1.000,3:49:4,
no_root_found,N/A,بِإِذْنِ,بإذن,إِذْنِ,اذن,1.000,3:49:22,
no_root_found,N/A,بِإِذْنِ,بإذن,إِذْنِ,اذن,1.000,3:49:29,
closed_class_surface,ذلك,ذَلِكَ,ذلك,ذَلِكَ,closed_class,1.000,3:49:40,
closed_class_surface,الذي,الَّذِي,الذي,الَّذِي,closed_class,1.000,3:50:10,
closed_class_surface,هذا,هَذَا,هذا,هَذَا,closed_class,1.000,3:51:6,
no_root_found,N/A,عِيسَى,عيسى,عِيسَى,عيسي,1.000,3:52:3,
no_root_found,N/A,أَنْصَارِي,أنصاري,أَنْصَارِ,انصار,1.000,3:52:8,
no_root_found,N/A,أَنْصَارُ,أنصار,أَنْصَارُ,انصار,1.000,3:52:14,
no_root_found,N/A,يَاعِيسَى,ياعيسى,عِيسَى,عيسي,1.000,3:55:4,
closed_class_surface,الذين,الَّذِينَ,الذين,الَّذِينَ,closed_class,1.000,3:55:11,
closed_class_surface,الذين,الَّذِينَ,الذين,الَّذِينَ,closed_class,1.000,3:55:14,
closed_class_surface,الذين,الَّذِينَ,الذين,الَّذِينَ,closed_class,1.000,3:55:17,
low_confidence,ختلف,تَخْتَلِفُونَ,تختلفون,خْتَلِفُ,فعلل,0.697,3:55:30,خلف/فتعل@0.68 ; ختلف/فعلل@0.63 ; ختلف/فعلل@0.63
closed_class_surface,الذين,الَّذِينَ,الذين,الَّذِينَ,closed_class,1.000,3:56:2,
closed_class_surface,الذين,الَّذِينَ,الذين,الَّذِينَ,closed_class,1.000,3:57:2,
no_root_found,N/A,الصَّالِحَاتِ,الصالحات,صَالِحَ,صالح,1.000,3:57:5,
closed_class_surface,ذلك,ذَلِكَ,ذلك,ذَلِكَ,closed_class,1.000,3:58:1,
no_root_found,N/A,عِيسَى,عيسى,عِيسَى,عيسي,1.000,3:59:3,
no_root_found,N/A,تُرَابٍ,تراب,تُرَابٍ,تراب,1.000,3:59:10,
closed_class_surface,هذا,هَذَا,هذا,هَذَا,closed_class,1.000,3:62:2,
no_root_found,N/A,إِبْرَاهِيمَ,إبراهيم,إِبْرَاهِيمَ,ابراهيم,1.000,3:65:6,
no_root_found,N/A,إِبْرَاهِيمُ,إبراهيم,إِبْرَاهِيمُ,ابراهيم,1.000,3:67:3,
no_root_found,N/A,بِإِبْرَاهِيمَ,بإبراهيم,إِبْرَاهِيمَ,ابراهيم,1.000,3:68:4,
closed_class_surface,الذين,لَلَّذِينَ,للذين,الَذِينَ,closed_class,1.000,3:68:5,
closed_class_surface,هذا,وَهَذَا,وهذا,هَذَا,closed_class,1.000,3:68:7,
closed_class_surface,الذين,وَالَّذِينَ,والذين,الَّذِينَ,closed_class,1.000,3:68:9,
closed_class_surface,الذي,بِالَّذِي,بالذي,الَّذِي,closed_class,1.000,3:72:7,
closed_class_surface,الذين,الَّذِينَ,الذين,الَّذِينَ,closed_class,1.000,3:72:10,
no_root_found,N/A,تَبِعَ,تبع,تَبِعَ,تبع,1.000,3:73:5,
low_confidence,ا دم,مَا دُمْتَ,ما دمت,مَا دُمْ,مفعلل,0.630,3:75:19,ا دم/مفعلل@0.63 ; ا دم/مفعلل@0.63
closed_class_surface,ذلك,ذَلِكَ,ذلك,ذَلِكَ,closed_class,1.000,3:75:22,
closed_class_surface,الذين,الَّذِينَ,الذين,الَّذِينَ,closed_class,1.000,3:77:2,
low_confidence,ءمن,لَتُؤْمِنُنَّ,لتؤمنن,لَتُؤْمِنُنَّ,تفعلن,0.638,3:81:17,ءمن/تفعلن@0.64 ; ءمنن/تفعلل@0.62 ; ءمن/تفعلن@0.59
low_confidence,نصرن,وَلَتَنْصُرُنَّهُ,ولتنصرنه,لَتَنْصُرُنَّ,تفعلل,0.664,3:81:19,نصر/تفعلن@0.64 ; نصرن/تفعلل@0.62 ; نصر/تفعلن@0.59
closed_class_surface,ذلك,ذَلِكَ,ذلك,ذَلِكَ,closed_class,1.000,3:82:4,
no_root_found,N/A,وَالْأَرْضِ,والأرض,أَرْضِ,ارض,1.000,3:83:10,
no_root_found,N/A,إِبْرَاهِيمَ,إبراهيم,إِبْرَاهِيمَ,ابراهيم,1.000,3:84:10,
no_root_found,N/A,وَإِسْمَاعِيلَ,وإسماعيل,إِسْمَاعِيلَ,اسماعيل,1.000,3:84:11,
no_root_found,N/A,وَإِسْحَاقَ,وإسحاق,إِسْحَاقَ,اسحاق,1.000,3:84:12,
no_root_found,N/A,وَيَعْقُوبَ,ويعقوب,يَعْقُوبَ,يعقوب,1.000,3:84:13,
no_root_found,N/A,مُوسَى,موسى,مُوسَى,موسي,1.000,3:84:17,
no_root_found,N/A,وَعِيسَى,وعيسى,عِيسَى,عيسي,1.000,3:84:18,
closed_class_surface,الذين,الَّذِينَ,الذين,الَّذِينَ,closed_class,1.000,3:89:2,
closed_class_surface,ذلك,ذَلِكَ,ذلك,ذَلِكَ,closed_class,1.000,3:89:6,
closed_class_surface,الذين,الَّذِينَ,الذين,الَّذِينَ,closed_class,1.000,3:90:2,
closed_class_surface,الذين,الَّذِينَ,الذين,الَّذِينَ,closed_class,1.000,3:91:2,
no_root_found,N/A,الْأَرْضِ,الأرض,أَرْضِ,ارض,1.000,3:91:12,
no_root_found,N/A,ذَهَبَاً,ذهبا,ذَهَبَ,ذهب,1.000,3:91:13,
no_root_found,N/A,إِسْرَائِيلَ,إسرائيل,إِسْرَائِيلَ,اسراءيل,1.000,3:93:6,
no_root_found,N/A,إِسْرَائِيلُ,إسرائيل,إِسْرَائِيلُ,اسراءيل,1.000,3:93:10,
closed_class_surface,ذلك,ذَلِكَ,ذلك,ذَلِكَ,closed_class,1.000,3:94:8,
no_root_found,N/A,إِبْرَاهِيمَ,إبراهيم,إِبْرَاهِيمَ,ابراهيم,1.000,3:95:6,
closed_class_surface,الذي,لَلَّذِي,للذي,الَذِي,closed_class,1.000,3:96:6,
no_root_found,N/A,إِبْرَاهِيمَ,إبراهيم,إِبْرَاهِيمَ,ابراهيم,1.000,3:97:5,
no_root_found,N/A,حِجُّ,حج,حِجُّ,حج,1.000,3:97:13,
closed_class_surface,الذين,الَّذِينَ,الذين,الَّذِينَ,closed_class,1.000,3:100:2,
closed_class_surface,الذين,الَّذِينَ,الذين,الَّذِينَ,closed_class,1.000,3:100:8,
low_confidence,عتصم,يَعْتَصِمْ,يعتصم,عْتَصِمْ,فعلل,0.697,3:101:11,عصم/فتعل@0.68 ; عتصم/فعلل@0.63 ; عتصم/فعلل@0.63
closed_class_surface,الذين,الَّذِينَ,الذين,الَّذِينَ,closed_class,1.000,3:102:2,
closed_class_surface,ذلك,كَذَلِكَ,كذلك,ذَلِكَ,closed_class,1.000,3:103:28,
closed_class_surface,الذين,كَالَّذِينَ,كالذين,الَّذِينَ,closed_class,1.000,3:105:3,
closed_class_surface,الذين,الَّذِينَ,الذين,الَّذِينَ,closed_class,1.000,3:106:7,
closed_class_surface,الذين,الَّذِينَ,الذين,الَّذِينَ,closed_class,1.000,3:107:2,
closed_class_surface,تلك,تِلْكَ,تلك,تِلْكَ,closed_class,1.000,3:108:1,
no_root_found,N/A,الْأَرْضِ,الأرض,أَرْضِ,ارض,1.000,3:109:7,
closed_class_surface,ذلك,ذَلِكَ,ذلك,ذَلِكَ,closed_class,1.000,3:112:20,
closed_class_surface,ذلك,ذَلِكَ,ذلك,ذَلِكَ,closed_class,1.000,3:112:30,
no_root_found,N/A,الصَّالِحِينَ,الصالحين,صَالِحِ,صالح,1.000,3:114:15,
closed_class_surface,الذين,الَّذِينَ,الذين,الَّذِينَ,closed_class,1.000,3:116:2,
closed_class_surface,هذه,هَذِهِ,هذه,هَذِهِ,closed_class,1.000,3:117:5,
closed_class_surface,الذين,الَّذِينَ,الذين,الَّذِينَ,closed_class,1.000,3:118:2,
closed_class_surface,اولاء,أُولَاءِ,أولاء,أُولَاءِ,closed_class,1.000,3:119:2,
closed_class_surface,هذا,هَذَا,هذا,هَذَا,closed_class,1.000,3:125:8,
closed_class_surface,الذين,الَّذِينَ,الذين,الَّذِينَ,closed_class,1.000,3:127:4,
no_root_found,N/A,الْأَرْضِ,الأرض,أَرْضِ,ارض,1.000,3:129:7,
closed_class_surface,الذين,الَّذِينَ,الذين,الَّذِينَ,closed_class,1.000,3:130:2,
closed_class_surface,التي,الَّتِي,التي,الَّتِي,closed_class,1.000,3:131:3,
no_root_found,N/A,وَالْأَرْضُ,والأرض,أَرْضُ,ارض,1.000,3:133:9,
closed_class_surface,الذين,الَّذِينَ,الذين,الَّذِينَ,closed_class,1.000,3:134:1,
closed_class_surface,الذين,وَالَّذِينَ,والذين,الَّذِينَ,closed_class,1.000,3:135:1,
no_root_found,N/A,الْأَرْضِ,الأرض,أَرْضِ,ارض,1.000,3:137:8,
closed_class_surface,هذا,هَذَا,هذا,هَذَا,closed_class,1.000,3:138:1,
closed_class_surface,تلك,وَتِلْكَ,وتلك,تِلْكَ,closed_class,1.000,3:140:9,
closed_class_surface,الذين,الَّذِينَ,الذين,الَّذِينَ,closed_class,1.000,3:140:16,
closed_class_surface,الذين,الَّذِينَ,الذين,الَّذِينَ,closed_class,1.000,3:141:3,
closed_class_surface,الذين,الَّذِينَ,الذين,الَّذِينَ,closed_class,1.000,3:142:9,
no_root_found,N/A,مُحَمَّدٌ,محمد,مُحَمَّدٌ,محمد,1.000,3:144:2,
no_root_found,N/A,انْقَلَبْتُمْ,انقلبتم,قَلَبْ,قلب,1.000,3:144:14,
no_root_found,N/A,بِإِذْنِ,بإذن,إِذْنِ,اذن,1.000,3:145:7,
closed_class_surface,الذين,الَّذِينَ,الذين,الَّذِينَ,closed_class,1.000,3:149:2,
closed_class_surface,الذين,الَّذِينَ,الذين,الَّذِينَ,closed_class,1.000,3:149:6,
closed_class_surface,الذين,الَّذِينَ,الذين,الَّذِينَ,closed_class,1.000,3:151:4,
no_root_found,N/A,بِإِذْنِهِ,بإذنه,إِذْنِ,اذن,1.000,3:152:7,
closed_class_surface,الذين,الَّذِينَ,الذين,الَّذِينَ,closed_class,1.000,3:154:57,
closed_class_surface,الذين,الَّذِينَ,الذين,الَّذِينَ,closed_class,1.000,3:155:2,
closed_class_surface,الذين,الَّذِينَ,الذين,الَّذِينَ,closed_class,1.000,3:156:2,
closed_class_surface,الذين,كَالَّذِينَ,كالذين,الَّذِينَ,closed_class,1.000,3:156:6,
no_root_found,N/A,الْأَرْضِ,الأرض,أَرْضِ,ارض,1.000,3:156:13,
closed_class_surface,ذلك,ذَلِكَ,ذلك,ذَلِكَ,closed_class,1.000,3:156:26,
no_root_found,N/A,الْقَلْبِ,القلب,قَلْبِ,قلب,1.000,3:159:11,
closed_class_surface,الذي,الَّذِي,الذي,الَّذِي,closed_class,1.000,3:160:11,
no_root_found,N/A,جَهَنَّمُ,جهنم,جَهَنَّمُ,جهنم,1.000,3:162:11,
closed_class_surface,هذا,هَذَا,هذا,هَذَا,closed_class,1.000,3:165:9,
no_root_found,N/A,فَبِإِذْنِ,فبإذن,إِذْنِ,اذن,1.000,3:166:6,
closed_class_surface,الذين,الَّذِينَ,الذين,الَّذِينَ,closed_class,1.000,3:167:2,
closed_class_surface,الذين,الَّذِينَ,الذين,الَّذِينَ,closed_class,1.000,3:168:1,
low_confidence,حسبن,تَحْسَبَنَّ,تحسبن,حْسَبَنَّ,فعلل,0.697,3:169:2,حسب/فعلن@0.68 ; حسب/فعلن@0.68 ; حسبن/فعلل@0.63
closed_class_surface,الذين,الَّذِينَ,الذين,الَّذِينَ,closed_class,1.000,3:169:3,
closed_class_surface,الذين,بِالَّذِينَ,بالذين,الَّذِينَ,closed_class,1.000,3:170:8,
closed_class_surface,الذين,الَّذِينَ,الذين,الَّذِينَ,closed_class,1.000,3:172:1,
closed_class_surface,الذين,لِلَّذِينَ,للذين,الَذِينَ,closed_class,1.000,3:172:10,
closed_class_surface,الذين,الَّذِينَ,الذين,الَّذِينَ,closed_class,1.000,3:173:1,
no_root_found,N/A,فَانْقَلَبُوا,فانقلبوا,قَلَبُ,قلب,1.000,3:174:1,
closed_class_surface,الذين,الَّذِينَ,الذين,الَّذِينَ,closed_class,1.000,3:176:3,
closed_class_surface,الذين,الَّذِينَ,الذين,الَّذِينَ,closed_class,1.000,3:177:2,
low_confidence,حسبن,يَحْسَبَنَّ,يحسبن,حْسَبَنَّ,فعلل,0.697,3:178:2,حسب/فعلن@0.68 ; حسب/فعلن@0.68 ; حسبن/فعلل@0.63
closed_class_surface,الذين,الَّذِينَ,الذين,الَّذِينَ,closed_class,1.000,3:178:3,
low_confidence,حسبن,يَحْسَبَنَّ,يحسبن,حْسَبَنَّ,فعلل,0.697,3:180:2,حسب/فعلن@0.68 ; حسب/فعلن@0.68 ; حسبن/فعلل@0.63
closed_class_surface,الذين,الَّذِينَ,الذين,الَّذِينَ,closed_class,1.000,3:180:3,
no_root_found,N/A,وَالْأَرْضِ,والأرض,أَرْضِ,ارض,1.000,3:180:26,
closed_class_surface,الذين,الَّذِينَ,الذين,الَّذِينَ,closed_class,1.000,3:181:5,
closed_class_surface,ذلك,ذَلِكَ,ذلك,ذَلِكَ,closed_class,1.000,3:182:1,
closed_class_surface,الذين,الَّذِينَ,الذين,الَّذِينَ,closed_class,1.000,3:183:1,
closed_class_surface,الذي,وَبِالَّذِي,وبالذي,الَّذِي,closed_class,1.000,3:183:22,
closed_class_surface,الذين,الَّذِينَ,الذين,الَّذِينَ,closed_class,1.000,3:186:7,
closed_class_surface,الذين,الَّذِينَ,الذين,الَّذِينَ,closed_class,1.000,3:186:13,
closed_class_surface,ذلك,ذَلِكَ,ذلك,ذَلِكَ,closed_class,1.000,3:186:21,
closed_class_surface,الذين,الَّذِينَ,الذين,الَّذِينَ,closed_class,1.000,3:187:5,
low_confidence,بين,لَتُبَيِّنُنَّهُ,لتبيننه,لَتُبَيِّنُنَّ,تفعلن,0.638,3:187:8,بينن/تفعلل@0.62 ; بني/تفعلن@0.61 ; بنو/تفعلن@0.61
low_confidence,حسبن,تَحْسَبَنَّ,تحسبن,حْسَبَنَّ,فعلل,0.697,3:188:2,حسب/فعلن@0.68 ; حسب/فعلن@0.68 ; حسبن/فعلل@0.63
closed_class_surface,الذين,الَّذِينَ,الذين,الَّذِينَ,closed_class,1.000,3:188:3,
low_confidence,حسبن,تَحْسَبَنَّهُمْ,تحسبنهم,حْسَبَنَّ,فعلل,0.697,3:188:14,حسب/فعلن@0.68 ; حسب/فعلن@0.68 ; حسبن/فعلل@0.63
no_root_found,N/A,مُلْكُ,ملك,مُلْكُ,ملك,1.000,3:189:2,
no_root_found,N/A,وَالْأَرْضِ,والأرض,أَرْضِ,ارض,1.000,3:189:4,
no_root_found,N/A,وَالْأَرْضِ,والأرض,أَرْضِ,ارض,1.000,3:190:5,
closed_class_surface,الذين,الَّذِينَ,الذين,الَّذِينَ,closed_class,1.000,3:191:1,
no_root_found,N/A,وَالْأَرْضِ,والأرض,أَرْضِ,ارض,1.000,3:191:12,
closed_class_surface,هذا,هَذَا,هذا,هَذَا,closed_class,1.000,3:191:16,
no_root_found,N/A,أَنْصَارٍ,أنصار,أَنْصَارٍ,انصار,1.000,3:192:11,
closed_class_surface,الذين,فَالَّذِينَ,فالذين,الَّذِينَ,closed_class,1.000,3:195:17,
low_confidence,كفر,لَأُكَفِّرَنَّ,لأكفرن,لَأُكَفِّرَنَّ,افعلن,0.594,3:195:27,كفر/افعلن@0.55 ; كفر/افعلن@0.55 ; كفر/افعلن@0.55
low_confidence,دخل,وَلَأُدْخِلَنَّهُمْ,ولأدخلنهم,لَأُدْخِلَنَّ,افعلن,0.594,3:195:30,دخل/افعلن@0.59 ; دخل/افعلن@0.55 ; دخل/افعلن@0.55
no_root_found,N/A,تَقَلُّبُ,تقلب,قَلُّبُ,قلب,1.000,3:196:3,
closed_class_surface,الذين,الَّذِينَ,الذين,الَّذِينَ,closed_class,1.000,3:196:4,
no_root_found,N/A,جَهَنَّمُ,جهنم,جَهَنَّمُ,جهنم,1.000,3:197:5,
closed_class_surface,الذين,الَّذِينَ,الذين,الَّذِينَ,closed_class,1.000,3:198:2,
closed_class_surface,الذين,الَّذِينَ,الذين,الَّذِينَ,closed_class,1.000,3:200:2,
closed_class_surface,الذي,الَّذِي,الذي,الَّذِي,closed_class,1.000,4:1:5,
closed_class_surface,الذي,الَّذِي,الذي,الَّذِي,closed_class,1.000,4:1:20,
no_root_found,N/A,مَلَكَتْ,ملكت,مَلَكَ,ملك,1.000,4:3:23,
closed_class_surface,ذلك,ذَلِكَ,ذلك,ذَلِكَ,closed_class,1.000,4:3:25,
closed_class_surface,التي,الَّتِي,التي,الَّتِي,closed_class,1.000,4:5:5,
low_confidence,لكل,فَلْيَأْكُلْ,فليأكل,فَلْيَأْكُلْ,فياعل,0.554,4:6:27,
low_confidence,لخش,وَلْيَخْشَ,وليخش,وَلْيَخْشَ,فيعال,0.581,4:9:1,لخش/فيعال@0.58 ; ليخش/فعلال@0.58 ; ليخش/فعلال@0.58
closed_class_surface,الذين,الَّذِينَ,الذين,الَّذِينَ,closed_class,1.000,4:9:2,
low_confidence,ليتق,فَلْيَتَّقُوا,فليتقوا,فَلْيَتَّقُ,فعلل,0.628,4:9:11,لتق/فيعال@0.63 ; لتق/فيعال@0.63 ; ليتق/فعلال@0.63
low_confidence,ليقل,وَلْيَقُولُوا,وليقولوا,وَلْيَقُولُ,فعلول,0.664,4:9:13,
closed_class_surface,الذين,الَّذِينَ,الذين,الَّذِينَ,closed_class,1.000,4:10:2,
closed_class_surface,ذلك,ذَلِكَ,ذلك,ذَلِكَ,closed_class,1.000,4:12:69,
closed_class_surface,تلك,تِلْكَ,تلك,تِلْكَ,closed_class,1.000,4:13:1,
closed_class_surface,ذلك,وَذَلِكَ,وذلك,ذَلِكَ,closed_class,1.000,4:13:16,
closed_class_surface,اللاتي,وَاللَّاتِي,واللاتي,اللَّاتِي,closed_class,1.000,4:15:1,
closed_class_surface,اللذان,وَاللَّذَانِ,واللذان,اللَّذَانِ,closed_class,1.000,4:16:1,
closed_class_surface,الذين,لِلَّذِينَ,للذين,الَذِينَ,closed_class,1.000,4:17:5,
closed_class_surface,الذين,لِلَّذِينَ,للذين,الَذِينَ,closed_class,1.000,4:18:3,
closed_class_surface,الذين,الَّذِينَ,الذين,الَّذِينَ,closed_class,1.000,4:18:16,
closed_class_surface,الذين,الَّذِينَ,الذين,الَّذِينَ,closed_class,1.000,4:19:2,
no_root_found,N/A,لِتَذْهَبُوا,لتذهبوا,ذْهَبُ,ذهب,1.000,4:19:13,
closed_class_surface,اللاتي,اللَّاتِي,اللاتي,اللَّاتِي,closed_class,1.000,4:23:13,
closed_class_surface,اللاتي,اللَّاتِي,اللاتي,اللَّاتِي,closed_class,1.000,4:23:21,
closed_class_surface,اللاتي,اللَّاتِي,اللاتي,اللَّاتِي,closed_class,1.000,4:23:26,
no_root_found,N/A,جُنَاحَ,جناح,جُنَاحَ,جناح,1.000,4:23:35,
closed_class_surface,الذين,الَّذِينَ,الذين,الَّذِينَ,closed_class,1.000,4:23:39,
no_root_found,N/A,مَلَكَتْ,ملكت,مَلَكَ,ملك,1.000,4:24:6,
no_root_found,N/A,جُنَاحَ,جناح,جُنَاحَ,جناح,1.000,4:24:30,
low_confidence,ستطع,يَسْتَطِعْ,يستطع,سْتَطِعْ,فعلل,0.697,4:25:3,ستطع/فعلل@0.63 ; ستطع/فعلل@0.63 ; ستطع/فعلل@0.63
no_root_found,N/A,مَلَكَتْ,ملكت,مَلَكَ,ملك,1.000,4:25:12,
no_root_found,N/A,بِإِذْنِ,بإذن,إِذْنِ,اذن,1.000,4:25:24,
closed_class_surface,ذلك,ذَلِكَ,ذلك,ذَلِكَ,closed_class,1.000,4:25:47,
closed_class_surface,الذين,الَّذِينَ,الذين,الَّذِينَ,closed_class,1.000,4:26:7,
closed_class_surface,الذين,الَّذِينَ,الذين,الَّذِينَ,closed_class,1.000,4:27:7,
no_root_found,N/A,يَتَّبِعُونَ,يتبعون,تَّبِعُ,تبع,1.000,4:27:8,
closed_class_surface,الذين,الَّذِينَ,الذين,الَّذِينَ,closed_class,1.000,4:29:2,
closed_class_surface,ذلك,ذَلِكَ,ذلك,ذَلِكَ,closed_class,1.000,4:30:3,
closed_class_surface,ذلك,ذَلِكَ,ذلك,ذَلِكَ,closed_class,1.000,4:30:10,
low_confidence,جتنب,تَجْتَنِبُوا,تجتنبوا,جْتَنِبُ,فعلل,0.697,4:31:2,جنب/فتعل@0.68 ; جتنب/فعلل@0.63 ; جتنب/فعلل@0.63
closed_class_surface,الذين,وَالَّذِينَ,والذين,الَّذِينَ,closed_class,1.000,4:33:8,
no_root_found,N/A,فَالصَّالِحَاتُ,فالصالحات,صَالِحَ,صالح,1.000,4:34:15,
closed_class_surface,اللاتي,وَاللَّاتِي,واللاتي,اللَّاتِي,closed_class,1.000,4:34:22,
no_root_found,N/A,مَلَكَتْ,ملكت,مَلَكَ,ملك,1.000,4:36:23,
closed_class_surface,الذين,الَّذِينَ,الذين,الَّذِينَ,closed_class,1.000,4:37:1,
closed_class_surface,الذين,وَالَّذِينَ,والذين,الَّذِينَ,closed_class,1.000,4:38:1,
closed_class_surface,الذين,الَّذِينَ,الذين,الَّذِينَ,closed_class,1.000,4:42:3,
no_root_found,N/A,الْأَرْضُ,الأرض,أَرْضُ,ارض,1.000,4:42:10,
closed_class_surface,الذين,الَّذِينَ,الذين,الَّذِينَ,closed_class,1.000,4:43:2,
low_confidence,غتسل,تَغْتَسِلُوا,تغتسلوا,غْتَسِلُ,فعلل,0.697,4:43:19,غسل/فتعل@0.68 ; غتسل/فعلل@0.63 ; غتسل/فعلل@0.63
closed_class_surface,الذين,الَّذِينَ,الذين,الَّذِينَ,closed_class,1.000,4:44:4,
closed_class_surface,الذين,الَّذِينَ,الذين,الَّذِينَ,closed_class,1.000,4:46:2,
closed_class_surface,الذين,الَّذِينَ,الذين,الَّذِينَ,closed_class,1.000,4:47:2,
closed_class_surface,ذلك,ذَلِكَ,ذلك,ذَلِكَ,closed_class,1.000,4:48:11,
closed_class_surface,الذين,الَّذِينَ,الذين,الَّذِينَ,closed_class,1.000,4:49:4,
closed_class_surface,الذين,الَّذِينَ,الذين,الَّذِينَ,closed_class,1.000,4:51:4,
closed_class_surface,الذين,لِلَّذِينَ,للذين,الَذِينَ,closed_class,1.000,4:51:13,
closed_class_surface,الذين,الَّذِينَ,الذين,الَّذِينَ,closed_class,1.000,4:51:18,
closed_class_surface,الذين,الَّذِينَ,الذين,الَّذِينَ,closed_class,1.000,4:52:2,
no_root_found,N/A,الْمُلْكِ,الملك,مُلْكِ,ملك,1.000,4:53:5,
no_root_found,N/A,إِبْرَاهِيمَ,إبراهيم,إِبْرَاهِيمَ,ابراهيم,1.000,4:54:13,
no_root_found,N/A,مُلْكَاً,ملكا,مُلْكَ,ملك,1.000,4:54:17,
no_root_found,N/A,بِجَهَنَّمَ,بجهنم,جَهَنَّمَ,جهنم,1.000,4:55:10,
closed_class_surface,الذين,الَّذِينَ,الذين,الَّذِينَ,closed_class,1.000,4:56:2,
closed_class_surface,الذين,وَالَّذِينَ,والذين,الَّذِينَ,closed_class,1.000,4:57:1,
no_root_found,N/A,الصَّالِحَاتِ,الصالحات,صَالِحَ,صالح,1.000,4:57:4,
closed_class_surface,الذين,الَّذِينَ,الذين,الَّذِينَ,closed_class,1.000,4:59:2,
closed_class_surface,ذلك,ذَلِكَ,ذلك,ذَلِكَ,closed_class,1.000,4:59:25,
closed_class_surface,الذين,الَّذِينَ,الذين,الَّذِينَ,closed_class,1.000,4:60:4,
closed_class_surface,الذين,الَّذِينَ,الذين,الَّذِينَ,closed_class,1.000,4:63:2,
no_root_found,N/A,بِإِذْنِ,بإذن,إِذْنِ,اذن,1.000,4:64:7,
no_root_found,N/A,وَيُسَلِّمُوا,ويسلموا,سَلِّمُ,سلم,1.000,4:65:18,
closed_class_surface,الذين,الَّذِينَ,الذين,الَّذِينَ,closed_class,1.000,4:69:7,
no_root_found,N/A,وَالصَّالِحِينَ,والصالحين,صَالِحِ,صالح,1.000,4:69:15,
closed_class_surface,ذلك,ذَلِكَ,ذلك,ذَلِكَ,closed_class,1.000,4:70:1,
closed_class_surface,الذين,الَّذِينَ,الذين,الَّذِينَ,closed_class,1.000,4:71:2,
low_confidence,بطء,لَيُبَطِّئَنَّ,ليبطئن,لَيُبَطِّئَنَّ,يفعلن,0.638,4:72:4,بطء/يفعلن@0.64 ; بطء/يفعلن@0.64 ; بطء/يفعلن@0.59
low_confidence,قيل,لَيَقُولَنَّ,ليقولن,لَيَقُولَنَّ,يفعلن,0.654,4:73:6,قول/يفعلن@0.64 ; قلو/يفعلن@0.61 ; قيل/يفعلن@0.61
closed_class_surface,الذين,الَّذِينَ,الذين,الَّذِينَ,closed_class,1.000,4:74:5,
closed_class_surface,الذين,الَّذِينَ,الذين,الَّذِينَ,closed_class,1.000,4:75:13,
closed_class_surface,هذه,هَذِهِ,هذه,هَذِهِ,closed_class,1.000,4:75:18,
closed_class_surface,الذين,الَّذِينَ,الذين,الَّذِينَ,closed_class,1.000,4:76:1,
closed_class_surface,الذين,وَالَّذِينَ,والذين,الَّذِينَ,closed_class,1.000,4:76:7,
closed_class_surface,الذين,الَّذِينَ,الذين,الَّذِينَ,closed_class,1.000,4:77:4,
closed_class_surface,هذه,هَذِهِ,هذه,هَذِهِ,closed_class,1.000,4:78:14,
closed_class_surface,هذه,هَذِهِ,هذه,هَذِهِ,closed_class,1.000,4:78:22,
closed_class_surface,الذي,الَّذِي,الذي,الَّذِي,closed_class,1.000,4:81:11,
closed_class_surface,الذين,الَّذِينَ,الذين,الَّذِينَ,closed_class,1.000,4:83:19,
closed_class_surface,الذين,الَّذِينَ,الذين,الَّذِينَ,closed_class,1.000,4:84:16,
low_confidence,جمع,لَيَجْمَعَنَّكُمْ,ليجمعنكم,لَيَجْمَعَنَّ,يفعلن,0.638,4:87:6,جمع/يفعلن@0.64 ; جمع/يفعلن@0.64 ; جمع/يفعلن@0.64
closed_class_surface,الذين,الَّذِينَ,الذين,الَّذِينَ,closed_class,1.000,4:90:2,
no_root_found,N/A,السَّلَمَ,السلم,سَلَمَ,سلم,1.000,4:90:30,
no_root_found,N/A,السَّلَمَ,السلم,سَلَمَ,سلم,1.000,4:91:20,
no_root_found,N/A,فَتَحْرِيرُ,فتحرير,حْرِيرُ,حرير,1.000,4:92:13,
no_root_found,N/A,فَتَحْرِيرُ,فتحرير,حْرِيرُ,حرير,1.000,4:92:31,
no_root_found,N/A,وَتَحْرِيرُ,وتحرير,حْرِيرُ,حرير,1.000,4:92:45,
no_root_found,N/A,جَهَنَّمُ,جهنم,جَهَنَّمُ,جهنم,1.000,4:93:6,
closed_class_surface,الذين,الَّذِينَ,الذين,الَّذِينَ,closed_class,1.000,4:94:2,
closed_class_surface,ذلك,كَذَلِكَ,كذلك,ذَلِكَ,closed_class,1.000,4:94:26,
closed_class_surface,الذين,الَّذِينَ,الذين,الَّذِينَ,closed_class,1.000,4:97:2,
no_root_found,N/A,الْأَرْضِ,الأرض,أَرْضِ,ارض,1.000,4:97:14,
no_root_found,N/A,أَرْضُ,أرض,أَرْضُ,ارض,1.000,4:97:18,
no_root_found,N/A,جَهَنَّمُ,جهنم,جَهَنَّمُ,جهنم,1.000,4:97:25,
no_root_found,N/A,الْأَرْضِ,الأرض,أَرْضِ,ارض,1.000,4:100:8,
no_root_found,N/A,الْأَرْضِ,الأرض,أَرْضِ,ارض,1.000,4:101:4,
no_root_found,N/A,جُنَاحٌ,جناح,جُنَاحٌ,جناح,1.000,4:101:7,
closed_class_surface,الذين,الَّذِينَ,الذين,الَّذِينَ,closed_class,1.000,4:101:16,
low_confidence,لتقم,فَلْتَقُمْ,فلتقم,فَلْتَقُمْ,فعلل,0.628,4:102:7,لتقم/فعلل@0.63 ; لتقم/فعلال@0.58 ; لتقم/فعلال@0.58
low_confidence,لخذ,وَلْيَأْخُذُوا,وليأخذوا,وَلْيَأْخُذُ,فياعل,0.554,4:102:11,
low_confidence,ليصل,فَلْيُصَلُّوا,فليصلوا,فَلْيُصَلُّ,فعلل,0.628,4:102:23,لصل/فيعال@0.63 ; لصل/فيعال@0.63 ; ليصل/فعلال@0.63
low_confidence,لخذ,وَلْيَأْخُذُوا,وليأخذوا,وَلْيَأْخُذُ,فياعل,0.554,4:102:25,
closed_class_surface,الذين,الَّذِينَ,الذين,الَّذِينَ,closed_class,1.000,4:102:29,
no_root_found,N/A,جُنَاحَ,جناح,جُنَاحَ,جناح,1.000,4:102:41,
no_root_found,N/A,مَطَرٍ,مطر,مَطَرٍ,مطر,1.000,4:102:48,
no_root_found,N/A,تَأْلَمُونَ,تألمون,أْلَمُ,الم,1.000,4:104:8,
no_root_found,N/A,يَأْلَمُونَ,يألمون,أْلَمُ,الم,1.000,4:104:10,
no_root_found,N/A,تَأْلَمُونَ,تألمون,أْلَمُ,الم,1.000,4:104:12,
closed_class_surface,الذين,الَّذِينَ,الذين,الَّذِينَ,closed_class,1.000,4:107:4,
closed_class_surface,ذلك,ذَلِكَ,ذلك,ذَلِكَ,closed_class,1.000,4:114:19,
no_root_found,N/A,جَهَنَّمَ,جهنم,جَهَنَّمَ,جهنم,1.000,4:115:18,
closed_class_surface,ذلك,ذَلِكَ,ذلك,ذَلِكَ,closed_class,1.000,4:116:11,
low_confidence,غور,فَلَيُغَيِّرُنَّ,فليغيرن,لَيُغَيِّرُنَّ,يفعلن,0.699,4:119:8,غير/يفعلن@0.68 ; غور/يفعلن@0.65 ; غور/يفعلن@0.65
no_root_found,N/A,جَهَنَّمُ,جهنم,جَهَنَّمُ,جهنم,1.000,4:121:3,
closed_class_surface,الذين,وَالَّذِينَ,والذين,الَّذِينَ,closed_class,1.000,4:122:1,
no_root_found,N/A,الصَّالِحَاتِ,الصالحات,صَالِحَ,صالح,1.000,4:122:4,
no_root_found,N/A,الصَّالِحَاتِ,الصالحات,صَالِحَ,صالح,1.000,4:124:4,
no_root_found,N/A,إِبْرَاهِيمَ,إبراهيم,إِبْرَاهِيمَ,ابراهيم,1.000,4:125:12,
no_root_found,N/A,إِبْرَاهِيمَ,إبراهيم,إِبْرَاهِيمَ,ابراهيم,1.000,4:125:16,
no_root_found,N/A,الْأَرْضِ,الأرض,أَرْضِ,ارض,1.000,4:126:7,
closed_class_surface,اللاتي,اللَّاتِي,اللاتي,اللَّاتِي,closed_class,1.000,4:127:16,
no_root_found,N/A,جُنَاحَ,جناح,جُنَاحَ,جناح,1.000,4:128:10,
no_root_found,N/A,الْأَرْضِ,الأرض,أَرْضِ,ارض,1.000,4:131:7,
closed_class_surface,الذين,الَّذِينَ,الذين,الَّذِينَ,closed_class,1.000,4:131:10,
no_root_found,N/A,الْأَرْضِ,الأرض,أَرْضِ,ارض,1.000,4:131:28,
no_root_found,N/A,الْأَرْضِ,الأرض,أَرْضِ,ارض,1.000,4:132:7,
no_root_found,N/A,يُذْهِبْكُمْ,يذهبكم,ذْهِبْ,ذهب,1.000,4:133:3,
closed_class_surface,ذلك,ذَلِكَ,ذلك,ذَلِكَ,closed_class,1.000,4:133:11,
closed_class_surface,الذين,الَّذِينَ,الذين,الَّذِينَ,closed_class,1.000,4:135:2,
no_root_found,N/A,تَتَّبِعُوا,تتبعوا,تَّبِعُ,تبع,1.000,4:135:24,
closed_class_surface,الذين,الَّذِينَ,الذين,الَّذِينَ,closed_class,1.000,4:136:2,
closed_class_surface,الذي,الَّذِي,الذي,الَّذِي,closed_class,1.000,4:136:8,
closed_class_surface,الذي,الَّذِي,الذي,الَّذِي,closed_class,1.000,4:136:13,
closed_class_surface,الذين,الَّذِينَ,الذين,الَّذِينَ,closed_class,1.000,4:137:2,
closed_class_surface,الذين,الَّذِينَ,الذين,الَّذِينَ,closed_class,1.000,4:139:1,
no_root_found,N/A,جَهَنَّمَ,جهنم,جَهَنَّمَ,جهنم,1.000,4:140:32,
closed_class_surface,الذين,الَّذِينَ,الذين,الَّذِينَ,closed_class,1.000,4:141:1,
closed_class_surface,ذلك,ذَلِكَ,ذلك,ذَلِكَ,closed_class,1.000,4:143:3,
closed_class_surface,الذين,الَّذِينَ,الذين,الَّذِينَ,closed_class,1.000,4:144:2,
closed_class_surface,الذين,الَّذِينَ,الذين,الَّذِينَ,closed_class,1.000,4:146:2,
closed_class_surface,الذين,الَّذِينَ,الذين,الَّذِينَ,closed_class,1.000,4:150:2,
closed_class_surface,ذلك,ذَلِكَ,ذلك,ذَلِكَ,closed_class,1.000,4:150:21,
closed_class_surface,الذين,وَالَّذِينَ,والذين,الَّذِينَ,closed_class,1.000,4:152:1,
no_root_found,N/A,مُوسَى,موسى,مُوسَى,موسي,1.000,4:153:12,
closed_class_surface,ذلك,ذَلِكَ,ذلك,ذَلِكَ,closed_class,1.000,4:153:15,
closed_class_surface,ذلك,ذَلِكَ,ذلك,ذَلِكَ,closed_class,1.000,4:153:33,
no_root_found,N/A,مُوسَى,موسى,مُوسَى,موسي,1.000,4:153:35,
no_root_found,N/A,مَرْيَمَ,مريم,مَرْيَمَ,مريم,1.000,4:156:4,
no_root_found,N/A,عِيسَى,عيسى,عِيسَى,عيسي,1.000,4:157:5,
no_root_found,N/A,مَرْيَمَ,مريم,مَرْيَمَ,مريم,1.000,4:157:7,
closed_class_surface,الذين,الَّذِينَ,الذين,الَّذِينَ,closed_class,1.000,4:157:18,
low_confidence,ءمن,لَيُؤْمِنَنَّ,ليؤمنن,لَيُؤْمِنَنَّ,يفعلن,0.681,4:159:6,ءمن/يفعلن@0.64 ; ءمن/يفعلن@0.64 ; ءمن/يفعلن@0.64
closed_class_surface,الذين,الَّذِينَ,الذين,الَّذِينَ,closed_class,1.000,4:160:3,
no_root_found,N/A,نُوحٍ,نوح,نُوحٍ,نوح,1.000,4:163:7,
no_root_found,N/A,إِبْرَاهِيمَ,إبراهيم,إِبْرَاهِيمَ,ابراهيم,1.000,4:163:13,
no_root_found,N/A,وَإِسْمَاعِيلَ,وإسماعيل,إِسْمَاعِيلَ,اسماعيل,1.000,4:163:14,
no_root_found,N/A,وَإِسْحَاقَ,وإسحاق,إِسْحَاقَ,اسحاق,1.000,4:163:15,
no_root_found,N/A,وَيَعْقُوبَ,ويعقوب,يَعْقُوبَ,يعقوب,1.000,4:163:16,
no_root_found,N/A,وَعِيسَى,وعيسى,عِيسَى,عيسي,1.000,4:163:18,
no_root_found,N/A,وَأَيُّوبَ,وأيوب,أَيُّوبَ,ايوب,1.000,4:163:19,
no_root_found,N/A,وَيُونُسَ,ويونس,يُونُسَ,يونس,1.000,4:163:20,
no_root_found,N/A,وَهَارُونَ,وهارون,هَارُونَ,هارون,1.000,4:163:21,
no_root_found,N/A,وَسُلَيْمَانَ,وسليمان,سُلَيْمَانَ,سليمان,1.000,4:163:22,
no_root_found,N/A,مُوسَى,موسى,مُوسَى,موسي,1.000,4:164:13,
no_root_found,N/A,حُجَّةٌ,حجة,حُجَّ,حج,1.000,4:165:9,
closed_class_surface,الذين,الَّذِينَ,الذين,الَّذِينَ,closed_class,1.000,4:167:2,
closed_class_surface,الذين,الَّذِينَ,الذين,الَّذِينَ,closed_class,1.000,4:168:2,
no_root_found,N/A,جَهَنَّمَ,جهنم,جَهَنَّمَ,جهنم,1.000,4:169:3,
closed_class_surface,ذلك,ذَلِكَ,ذلك,ذَلِكَ,closed_class,1.000,4:169:8,
no_root_found,N/A,وَالْأَرْضِ,والأرض,أَرْضِ,ارض,1.000,4:170:19,
no_root_found,N/A,عِيسَى,عيسى,عِيسَى,عيسي,1.000,4:171:15,
no_root_found,N/A,مَرْيَمَ,مريم,مَرْيَمَ,مريم,1.000,4:171:17,
no_root_found,N/A,مَرْيَمَ,مريم,مَرْيَمَ,مريم,1.000,4:171:23,
no_root_found,N/A,الْأَرْضِ,الأرض,أَرْضِ,ارض,1.000,4:171:50,
closed_class_surface,الذين,الَّذِينَ,الذين,الَّذِينَ,closed_class,1.000,4:173:2,
no_root_found,N/A,الصَّالِحَاتِ,الصالحات,صَالِحَ,صالح,1.000,4:173:5,
closed_class_surface,الذين,الَّذِينَ,الذين,الَّذِينَ,closed_class,1.000,4:173:12,
closed_class_surface,الذين,الَّذِينَ,الذين,الَّذِينَ,closed_class,1.000,4:175:2,
closed_class_surface,الذين,الَّذِينَ,الذين,الَّذِينَ,closed_class,1.000,5:1:2,
closed_class_surface,الذين,الَّذِينَ,الذين,الَّذِينَ,closed_class,1.000,5:2:2,
low_confidence,جرمن,يَجْرِمَنَّكُمْ,يجرمنكم,جْرِمَنَّ,فعلل,0.697,5:2:28,جرم/فعلن@0.68 ; جرمن/فعلل@0.63 ; جرمن/فعلل@0.63
no_root_found,N/A,الْمَسْجِدِ,المسجد,مَسْجِدِ,مسجد,1.000,5:2:34,
no_root_found,N/A,وَلَحْمُ,ولحم,لَحْمُ,لحم,1.000,5:3:5,
no_root_found,N/A,الْخِنْزِيرِ,الخنزير,خِنْزِيرِ,خنزير,1.000,5:3:6,
closed_class_surface,الذين,الَّذِينَ,الذين,الَّذِينَ,closed_class,1.000,5:3:33,
closed_class_surface,الذين,الَّذِينَ,الذين,الَّذِينَ,closed_class,1.000,5:5:6,
closed_class_surface,الذين,الَّذِينَ,الذين,الَّذِينَ,closed_class,1.000,5:5:19,
closed_class_surface,الذين,الَّذِينَ,الذين,الَّذِينَ,closed_class,1.000,5:6:2,
closed_class_surface,الذي,الَّذِي,الذي,الَّذِي,closed_class,1.000,5:7:6,
closed_class_surface,الذين,الَّذِينَ,الذين,الَّذِينَ,closed_class,1.000,5:8:2,
low_confidence,جرمن,يَجْرِمَنَّكُمْ,يجرمنكم,جْرِمَنَّ,فعلل,0.697,5:8:10,جرم/فعلن@0.68 ; جرمن/فعلل@0.63 ; جرمن/فعلل@0.63
closed_class_surface,الذين,الَّذِينَ,الذين,الَّذِينَ,closed_class,1.000,5:9:3,
no_root_found,N/A,الصَّالِحَاتِ,الصالحات,صَالِحَ,صالح,1.000,5:9:6,
closed_class_surface,الذين,وَالَّذِينَ,والذين,الَّذِينَ,closed_class,1.000,5:10:1,
closed_class_surface,الذين,الَّذِينَ,الذين,الَّذِينَ,closed_class,1.000,5:11:2,
no_root_found,N/A,إِسْرَائِيلَ,إسرائيل,إِسْرَائِيلَ,اسراءيل,1.000,5:12:6,
low_confidence,كفر,لَأُكَفِّرَنَّ,لأكفرن,لَأُكَفِّرَنَّ,افعلن,0.594,5:12:28,كفر/افعلن@0.55 ; كفر/افعلن@0.55 ; كفر/افعلن@0.55
low_confidence,دخل,وَلَأُدْخِلَنَّكُمْ,ولأدخلنكم,لَأُدْخِلَنَّ,افعلن,0.594,5:12:31,دخل/افعلن@0.59 ; دخل/افعلن@0.55 ; دخل/افعلن@0.55
closed_class_surface,ذلك,ذَلِكَ,ذلك,ذَلِكَ,closed_class,1.000,5:12:40,
length_2_root_uncommon,زل,وَلَا تَزَالُ,ولا تزال,لَا تَزَالُ,افتعال,0.810,5:13:17, زل/افتعال@0.72 ;  زل/افتعال@0.68
closed_class_surface,الذين,الَّذِينَ,الذين,الَّذِينَ,closed_class,1.000,5:14:2,
no_root_found,N/A,بِإِذْنِهِ,بإذنه,إِذْنِ,اذن,1.000,5:16:14,
closed_class_surface,الذين,الَّذِينَ,الذين,الَّذِينَ,closed_class,1.000,5:17:3,
no_root_found,N/A,مَرْيَمَ,مريم,مَرْيَمَ,مريم,1.000,5:17:10,
no_root_found,N/A,يَمْلِكُ,يملك,مْلِكُ,ملك,1.000,5:17:13,
no_root_found,N/A,مَرْيَمَ,مريم,مَرْيَمَ,مريم,1.000,5:17:23,
no_root_found,N/A,الْأَرْضِ,الأرض,أَرْضِ,ارض,1.000,5:17:27,
no_root_found,N/A,مُلْكُ,ملك,مُلْكُ,ملك,1.000,5:17:30,
no_root_found,N/A,وَالْأَرْضِ,والأرض,أَرْضِ,ارض,1.000,5:17:32,
no_root_found,N/A,مُلْكُ,ملك,مُلْكُ,ملك,1.000,5:18:24,
no_root_found,N/A,وَالْأَرْضِ,والأرض,أَرْضِ,ارض,1.000,5:18:26,
no_root_found,N/A,مُوسَى,موسى,مُوسَى,موسي,1.000,5:20:3,
no_root_found,N/A,الْأَرْضَ,الأرض,أَرْضَ,ارض,1.000,5:21:3,
closed_class_surface,التي,الَّتِي,التي,الَّتِي,closed_class,1.000,5:21:5,
no_root_found,N/A,يَامُوسَى,ياموسى,مُوسَى,موسي,1.000,5:22:2,
closed_class_surface,الذين,الَّذِينَ,الذين,الَّذِينَ,closed_class,1.000,5:23:4,
no_root_found,N/A,يَامُوسَى,ياموسى,مُوسَى,موسي,1.000,5:24:2,
no_root_found,N/A,فَاذْهَبْ,فاذهب,ذْهَبْ,ذهب,1.000,5:24:9,
no_root_found,N/A,الْأَرْضِ,الأرض,أَرْضِ,ارض,1.000,5:26:9,
low_confidence,قتل,لَأَقْتُلَنَّكَ,لأقتلنك,لَأَقْتُلَنَّ,افعلن,0.638,5:27:18,قتل/افعلن@0.59 ; قتل/افعلن@0.59 ; قتل/افعلن@0.59
closed_class_surface,ذلك,وَذَلِكَ,وذلك,ذَلِكَ,closed_class,1.000,5:29:11,
no_root_found,N/A,الْأَرْضِ,الأرض,أَرْضِ,ارض,1.000,5:31:6,
closed_class_surface,هذا,هَذَا,هذا,هَذَا,closed_class,1.000,5:31:18,
closed_class_surface,ذلك,ذَلِكَ,ذلك,ذَلِكَ,closed_class,1.000,5:32:3,
no_root_found,N/A,إِسْرَائِيلَ,إسرائيل,إِسْرَائِيلَ,اسراءيل,1.000,5:32:7,
no_root_found,N/A,الْأَرْضِ,الأرض,أَرْضِ,ارض,1.000,5:32:17,
closed_class_surface,ذلك,ذَلِكَ,ذلك,ذَلِكَ,closed_class,1.000,5:32:37,
no_root_found,N/A,الْأَرْضِ,الأرض,أَرْضِ,ارض,1.000,5:32:39,
closed_class_surface,الذين,الَّذِينَ,الذين,الَّذِينَ,closed_class,1.000,5:33:3,
no_root_found,N/A,الْأَرْضِ,الأرض,أَرْضِ,ارض,1.000,5:33:9,
no_root_found,N/A,الْأَرْضِ,الأرض,أَرْضِ,ارض,1.000,5:33:24,
closed_class_surface,ذلك,ذَلِكَ,ذلك,ذَلِكَ,closed_class,1.000,5:33:25,
closed_class_surface,الذين,الَّذِينَ,الذين,الَّذِينَ,closed_class,1.000,5:34:2,
closed_class_surface,الذين,الَّذِينَ,الذين,الَّذِينَ,closed_class,1.000,5:35:2,
closed_class_surface,الذين,الَّذِينَ,الذين,الَّذِينَ,closed_class,1.000,5:36:2,
no_root_found,N/A,الْأَرْضِ,الأرض,أَرْضِ,ارض,1.000,5:36:9,
no_root_found,N/A,مُلْكُ,ملك,مُلْكُ,ملك,1.000,5:40:6,
no_root_found,N/A,وَالْأَرْضِ,والأرض,أَرْضِ,ارض,1.000,5:40:8,
closed_class_surface,الذين,الَّذِينَ,الذين,الَّذِينَ,closed_class,1.000,5:41:5,
closed_class_surface,الذين,الَّذِينَ,الذين,الَّذِينَ,closed_class,1.000,5:41:10,
closed_class_surface,الذين,الَّذِينَ,الذين,الَّذِينَ,closed_class,1.000,5:41:18,
closed_class_surface,هذا,هَذَا,هذا,هَذَا,closed_class,1.000,5:41:35,
no_root_found,N/A,تَمْلِكَ,تملك,مْلِكَ,ملك,1.000,5:41:46,
closed_class_surface,الذين,الَّذِينَ,الذين,الَّذِينَ,closed_class,1.000,5:41:52,
closed_class_surface,ذلك,ذَلِكَ,ذلك,ذَلِكَ,closed_class,1.000,5:43:12,
closed_class_surface,الذين,الَّذِينَ,الذين,الَّذِينَ,closed_class,1.000,5:44:10,
closed_class_surface,الذين,لِلَّذِينَ,للذين,الَذِينَ,closed_class,1.000,5:44:12,
no_root_found,N/A,وَالْعَيْنَ,والعين,عَيْنَ,عين,1.000,5:45:7,
no_root_found,N/A,بِالْعَيْنِ,بالعين,عَيْنِ,عين,1.000,5:45:8,
no_root_found,N/A,وَالْأُذُنَ,والأذن,أُذُنَ,اذن,1.000,5:45:11,
no_root_found,N/A,بِالْأُذُنِ,بالأذن,أُذُنِ,اذن,1.000,5:45:12,
no_root_found,N/A,بِعِيسَى,بعيسى,عِيسَى,عيسي,1.000,5:46:4,
no_root_found,N/A,مَرْيَمَ,مريم,مَرْيَمَ,مريم,1.000,5:46:6,
low_confidence,ختلف,تَخْتَلِفُونَ,تختلفون,خْتَلِفُ,فعلل,0.697,5:48:51,خلف/فتعل@0.68 ; ختلف/فعلل@0.63 ; ختلف/فعلل@0.63
closed_class_surface,الذين,الَّذِينَ,الذين,الَّذِينَ,closed_class,1.000,5:51:2,
closed_class_surface,الذين,الَّذِينَ,الذين,الَّذِينَ,closed_class,1.000,5:52:2,
no_root_found,N/A,نَادِمِينَ,نادمين,ادِمِ,ادم,1.000,5:52:28,
closed_class_surface,الذين,الَّذِينَ,الذين,الَّذِينَ,closed_class,1.000,5:53:2,
closed_class_surface,الذين,الَّذِينَ,الذين,الَّذِينَ,closed_class,1.000,5:53:5,
closed_class_surface,الذين,الَّذِينَ,الذين,الَّذِينَ,closed_class,1.000,5:54:2,
closed_class_surface,ذلك,ذَلِكَ,ذلك,ذَلِكَ,closed_class,1.000,5:54:29,
closed_class_surface,الذين,وَالَّذِينَ,والذين,الَّذِينَ,closed_class,1.000,5:55:5,
closed_class_surface,الذين,الَّذِينَ,الذين,الَّذِينَ,closed_class,1.000,5:55:7,
closed_class_surface,الذين,وَالَّذِينَ,والذين,الَّذِينَ,closed_class,1.000,5:56:5,
closed_class_surface,الذين,الَّذِينَ,الذين,الَّذِينَ,closed_class,1.000,5:57:2,
closed_class_surface,الذين,الَّذِينَ,الذين,الَّذِينَ,closed_class,1.000,5:57:6,
closed_class_surface,الذين,الَّذِينَ,الذين,الَّذِينَ,closed_class,1.000,5:57:12,
closed_class_surface,ذلك,ذَلِكَ,ذلك,ذَلِكَ,closed_class,1.000,5:58:8,
closed_class_surface,ذلك,ذَلِكَ,ذلك,ذَلِكَ,closed_class,1.000,5:60:6,
low_confidence,زيد,وَلَيَزِيدَنَّ,وليزيدن,لَيَزِيدَنَّ,يفعلن,0.594,5:64:17,زيد/يفعلن@0.59 ; زيد/يفعلن@0.59 ; زيد/يفعلن@0.59
no_root_found,N/A,الْأَرْضِ,الأرض,أَرْضِ,ارض,1.000,5:64:42,
low_confidence,زيد,وَلَيَزِيدَنَّ,وليزيدن,لَيَزِيدَنَّ,يفعلن,0.594,5:68:16,زيد/يفعلن@0.59 ; زيد/يفعلن@0.59 ; زيد/يفعلن@0.59
closed_class_surface,الذين,الَّذِينَ,الذين,الَّذِينَ,closed_class,1.000,5:69:2,
closed_class_surface,الذين,وَالَّذِينَ,والذين,الَّذِينَ,closed_class,1.000,5:69:4,
no_root_found,N/A,صَالِحَاً,صالحا,صَالِحَ,صالح,1.000,5:69:14,
no_root_found,N/A,إِسْرَائِيلَ,إسرائيل,إِسْرَائِيلَ,اسراءيل,1.000,5:70:5,
closed_class_surface,الذين,الَّذِينَ,الذين,الَّذِينَ,closed_class,1.000,5:72:3,
no_root_found,N/A,مَرْيَمَ,مريم,مَرْيَمَ,مريم,1.000,5:72:10,
no_root_found,N/A,إِسْرَائِيلَ,إسرائيل,إِسْرَائِيلَ,اسراءيل,1.000,5:72:14,
no_root_found,N/A,أَنْصَارٍ,أنصار,أَنْصَارٍ,انصار,1.000,5:72:33,
closed_class_surface,الذين,الَّذِينَ,الذين,الَّذِينَ,closed_class,1.000,5:73:3,
closed_class_surface,الذين,الَّذِينَ,الذين,الَّذِينَ,closed_class,1.000,5:73:21,
no_root_found,N/A,مَرْيَمَ,مريم,مَرْيَمَ,مريم,1.000,5:75:4,
no_root_found,N/A,يَمْلِكُ,يملك,مْلِكُ,ملك,1.000,5:76:8,
no_root_found,N/A,تَتَّبِعُوا,تتبعوا,تَّبِعُ,تبع,1.000,5:77:11,
closed_class_surface,الذين,الَّذِينَ,الذين,الَّذِينَ,closed_class,1.000,5:78:2,
no_root_found,N/A,إِسْرَائِيلَ,إسرائيل,إِسْرَائِيلَ,اسراءيل,1.000,5:78:6,
no_root_found,N/A,وَعِيسَى,وعيسى,عِيسَى,عيسي,1.000,5:78:10,
no_root_found,N/A,مَرْيَمَ,مريم,مَرْيَمَ,مريم,1.000,5:78:12,
closed_class_surface,ذلك,ذَلِكَ,ذلك,ذَلِكَ,closed_class,1.000,5:78:13,
closed_class_surface,الذين,الَّذِينَ,الذين,الَّذِينَ,closed_class,1.000,5:80:5,
closed_class_surface,الذين,لِلَّذِينَ,للذين,الَذِينَ,closed_class,1.000,5:82:5,
closed_class_surface,الذين,وَالَّذِينَ,والذين,الَّذِينَ,closed_class,1.000,5:82:8,
closed_class_surface,الذين,لِلَّذِينَ,للذين,الَذِينَ,closed_class,1.000,5:82:13,
closed_class_surface,الذين,الَّذِينَ,الذين,الَّذِينَ,closed_class,1.000,5:82:15,
closed_class_surface,ذلك,ذَلِكَ,ذلك,ذَلِكَ,closed_class,1.000,5:82:19,
no_root_found,N/A,الصَّالِحِينَ,الصالحين,صَالِحِ,صالح,1.000,5:84:16,
closed_class_surface,ذلك,وَذَلِكَ,وذلك,ذَلِكَ,closed_class,1.000,5:85:12,
closed_class_surface,الذين,وَالَّذِينَ,والذين,الَّذِينَ,closed_class,1.000,5:86:1,
closed_class_surface,الذين,الَّذِينَ,الذين,الَّذِينَ,closed_class,1.000,5:87:2,
closed_class_surface,الذي,الَّذِي,الذي,الَّذِي,closed_class,1.000,5:88:9,
no_root_found,N/A,تَحْرِيرُ,تحرير,حْرِيرُ,حرير,1.000,5:89:24,
closed_class_surface,ذلك,ذَلِكَ,ذلك,ذَلِكَ,closed_class,1.000,5:89:32,
closed_class_surface,ذلك,كَذَلِكَ,كذلك,ذَلِكَ,closed_class,1.000,5:89:39,
closed_class_surface,الذين,الَّذِينَ,الذين,الَّذِينَ,closed_class,1.000,5:90:2,
no_root_found,N/A,الْخَمْرُ,الخمر,خَمْرُ,خمر,1.000,5:90:5,
no_root_found,N/A,الْخَمْرِ,الخمر,خَمْرِ,خمر,1.000,5:91:10,
closed_class_surface,الذين,الَّذِينَ,الذين,الَّذِينَ,closed_class,1.000,5:93:3,
no_root_found,N/A,الصَّالِحَاتِ,الصالحات,صَالِحَ,صالح,1.000,5:93:6,
no_root_found,N/A,جُنَاحٌ,جناح,جُنَاحٌ,جناح,1.000,5:93:7,
no_root_found,N/A,الصَّالِحَاتِ,الصالحات,صَالِحَ,صالح,1.000,5:93:15,
closed_class_surface,الذين,الَّذِينَ,الذين,الَّذِينَ,closed_class,1.000,5:94:2,
closed_class_surface,ذلك,ذَلِكَ,ذلك,ذَلِكَ,closed_class,1.000,5:94:20,
closed_class_surface,الذين,الَّذِينَ,الذين,الَّذِينَ,closed_class,1.000,5:95:2,
closed_class_surface,ذلك,ذَلِكَ,ذلك,ذَلِكَ,closed_class,1.000,5:95:33,
no_root_found,N/A,عَادَ,عاد,عَادَ,عاد,1.000,5:95:43,
low_confidence,ا دم,مَا دُمْتُمْ,ما دمتم,مَا دُمْ,مفعلل,0.630,5:96:13,ا دم/مفعلل@0.63 ; ا دم/مفعلل@0.63
closed_class_surface,الذي,الَّذِي,الذي,الَّذِي,closed_class,1.000,5:96:17,
closed_class_surface,ذلك,ذَلِكَ,ذلك,ذَلِكَ,closed_class,1.000,5:97:12,
no_root_found,N/A,الْأَرْضِ,الأرض,أَرْضِ,ارض,1.000,5:97:22,
closed_class_surface,الذين,الَّذِينَ,الذين,الَّذِينَ,closed_class,1.000,5:101:2,
closed_class_surface,الذين,الَّذِينَ,الذين,الَّذِينَ,closed_class,1.000,5:103:13,
closed_class_surface,الذين,الَّذِينَ,الذين,الَّذِينَ,closed_class,1.000,5:105:2,
closed_class_surface,الذين,الَّذِينَ,الذين,الَّذِينَ,closed_class,1.000,5:106:2,
no_root_found,N/A,الْأَرْضِ,الأرض,أَرْضِ,ارض,1.000,5:106:24,
closed_class_surface,الذين,الَّذِينَ,الذين,الَّذِينَ,closed_class,1.000,5:107:11,
closed_class_surface,ذلك,ذَلِكَ,ذلك,ذَلِكَ,closed_class,1.000,5:108:1,
no_root_found,N/A,يَاعِيسَى,ياعيسى,عِيسَى,عيسي,1.000,5:110:4,
no_root_found,N/A,مَرْيَمَ,مريم,مَرْيَمَ,مريم,1.000,5:110:6,
no_root_found,N/A,إِسْرَائِيلَ,إسرائيل,إِسْرَائِيلَ,اسراءيل,1.000,5:110:50,
closed_class_surface,الذين,الَّذِينَ,الذين,الَّذِينَ,closed_class,1.000,5:110:56,
closed_class_surface,هذا,هَذَا,هذا,هَذَا,closed_class,1.000,5:110:60,
no_root_found,N/A,يَاعِيسَى,ياعيسى,عِيسَى,عيسي,1.000,5:112:4,
no_root_found,N/A,مَرْيَمَ,مريم,مَرْيَمَ,مريم,1.000,5:112:6,
no_root_found,N/A,عِيسَى,عيسى,عِيسَى,عيسي,1.000,5:114:2,
no_root_found,N/A,مَرْيَمَ,مريم,مَرْيَمَ,مريم,1.000,5:114:4,
no_root_found,N/A,يَاعِيسَى,ياعيسى,عِيسَى,عيسي,1.000,5:116:4,
no_root_found,N/A,مَرْيَمَ,مريم,مَرْيَمَ,مريم,1.000,5:116:6,
closed_class_surface,هذا,هَذَا,هذا,هَذَا,closed_class,1.000,5:119:3,
closed_class_surface,ذلك,ذَلِكَ,ذلك,ذَلِكَ,closed_class,1.000,5:119:22,
no_root_found,N/A,مُلْكُ,ملك,مُلْكُ,ملك,1.000,5:120:2,
no_root_found,N/A,وَالْأَرْضِ,والأرض,أَرْضِ,ارض,1.000,5:120:4,
closed_class_surface,الذي,الَّذِي,الذي,الَّذِي,closed_class,1.000,6:1:3,
no_root_found,N/A,وَالْأَرْضَ,والأرض,أَرْضَ,ارض,1.000,6:1:6,
closed_class_surface,الذين,الَّذِينَ,الذين,الَّذِينَ,closed_class,1.000,6:1:11,
closed_class_surface,الذي,الَّذِي,الذي,الَّذِي,closed_class,1.000,6:2:2,
no_root_found,N/A,الْأَرْضِ,الأرض,أَرْضِ,ارض,1.000,6:3:6,
no_root_found,N/A,الْأَرْضِ,الأرض,أَرْضِ,ارض,1.000,6:6:11,
closed_class_surface,الذين,الَّذِينَ,الذين,الَّذِينَ,closed_class,1.000,6:7:10,
closed_class_surface,هذا,هَذَا,هذا,هَذَا,closed_class,1.000,6:7:13,
no_root_found,N/A,مَلَكٌ,ملك,مَلَكٌ,ملك,1.000,6:8:5,
no_root_found,N/A,مَلَكَاً,ملكا,مَلَكَ,ملك,1.000,6:8:8,
no_root_found,N/A,مَلَكَاً,ملكا,مَلَكَ,ملك,1.000,6:9:3,
closed_class_surface,الذين,بِالَّذِينَ,بالذين,الَّذِينَ,closed_class,1.000,6:10:7,
no_root_found,N/A,الْأَرْضِ,الأرض,أَرْضِ,ارض,1.000,6:11:4,
no_root_found,N/A,وَالْأَرْضِ,والأرض,أَرْضِ,ارض,1.000,6:12:6,
low_confidence,جمع,لَيَجْمَعَنَّكُمْ,ليجمعنكم,لَيَجْمَعَنَّ,يفعلن,0.638,6:12:13,جمع/يفعلن@0.64 ; جمع/يفعلن@0.64 ; جمع/يفعلن@0.64
closed_class_surface,الذين,الَّذِينَ,الذين,الَّذِينَ,closed_class,1.000,6:12:20,
no_root_found,N/A,وَالْأَرْضِ,والأرض,أَرْضِ,ارض,1.000,6:14:8,
closed_class_surface,ذلك,وَذَلِكَ,وذلك,ذَلِكَ,closed_class,1.000,6:16:7,
closed_class_surface,هذا,هَذَا,هذا,هَذَا,closed_class,1.000,6:19:13,
closed_class_surface,الذين,الَّذِينَ,الذين,الَّذِينَ,closed_class,1.000,6:20:1,
closed_class_surface,الذين,الَّذِينَ,الذين,الَّذِينَ,closed_class,1.000,6:20:8,
closed_class_surface,الذين,لِلَّذِينَ,للذين,الَذِينَ,closed_class,1.000,6:22:6,
closed_class_surface,الذين,الَّذِينَ,الذين,الَّذِينَ,closed_class,1.000,6:22:10,
closed_class_surface,الذين,الَّذِينَ,الذين,الَّذِينَ,closed_class,1.000,6:25:26,
closed_class_surface,هذا,هَذَا,هذا,هَذَا,closed_class,1.000,6:25:29,
closed_class_surface,هذا,هَذَا,هذا,هَذَا,closed_class,1.000,6:30:9,
closed_class_surface,الذين,الَّذِينَ,الذين,الَّذِينَ,closed_class,1.000,6:31:3,
closed_class_surface,الذين,لِلَّذِينَ,للذين,الَذِينَ,closed_class,1.000,6:32:10,
closed_class_surface,الذي,الَّذِي,الذي,الَّذِي,closed_class,1.000,6:33:5,
low_confidence,سطع,اسْتَطَعْتَ,استطعت,اسْتَطَعْ,افتعل,0.658,6:35:7,ستطع/افعلل@0.66 ; سطع/افتعل@0.62 ; سطع/افتعل@0.62
no_root_found,N/A,الْأَرْضِ,الأرض,أَرْضِ,ارض,1.000,6:35:12,
no_root_found,N/A,سُلَّمَاً,سلما,سُلَّمَ,سلم,1.000,6:35:14,
closed_class_surface,الذين,الَّذِينَ,الذين,الَّذِينَ,closed_class,1.000,6:36:3,
no_root_found,N/A,الْأَرْضِ,الأرض,أَرْضِ,ارض,1.000,6:38:5,
no_root_found,N/A,طَائِرٍ,طائر,طَائِرٍ,طاءر,1.000,6:38:7,
closed_class_surface,الذين,وَالَّذِينَ,والذين,الَّذِينَ,closed_class,1.000,6:39:1,
closed_class_surface,الذين,الَّذِينَ,الذين,الَّذِينَ,closed_class,1.000,6:45:4,
closed_class_surface,الذين,وَالَّذِينَ,والذين,الَّذِينَ,closed_class,1.000,6:49:1,
no_root_found,N/A,مَلَكٌ,ملك,مَلَكٌ,ملك,1.000,6:50:15,
closed_class_surface,الذين,الَّذِينَ,الذين,الَّذِينَ,closed_class,1.000,6:51:3,
closed_class_surface,الذين,الَّذِينَ,الذين,الَّذِينَ,closed_class,1.000,6:52:3,
closed_class_surface,ذلك,وَكَذَلِكَ,وكذلك,ذَلِكَ,closed_class,1.000,6:53:1,
closed_class_surface,الذين,الَّذِينَ,الذين,الَّذِينَ,closed_class,1.000,6:54:3,
closed_class_surface,ذلك,وَكَذَلِكَ,وكذلك,ذَلِكَ,closed_class,1.000,6:55:1,
closed_class_surface,الذين,الَّذِينَ,الذين,الَّذِينَ,closed_class,1.000,6:56:6,
no_root_found,N/A,الْأَرْضِ,الأرض,أَرْضِ,ارض,1.000,6:59:23,
closed_class_surface,الذي,الَّذِي,الذي,الَّذِي,closed_class,1.000,6:60:2,
closed_class_surface,هذه,هَذِهِ,هذه,هَذِهِ,closed_class,1.000,6:63:14,
low_confidence,كين,لَنَكُونَنَّ,لنكونن,لَنَكُونَنَّ,نفعلن,0.610,6:63:15,كون/نفعلن@0.59
closed_class_surface,الذين,الَّذِينَ,الذين,الَّذِينَ,closed_class,1.000,6:68:3,
closed_class_surface,الذين,الَّذِينَ,الذين,الَّذِينَ,closed_class,1.000,6:69:3,
closed_class_surface,الذين,الَّذِينَ,الذين,الَّذِينَ,closed_class,1.000,6:70:2,
closed_class_surface,الذين,الَّذِينَ,الذين,الَّذِينَ,closed_class,1.000,6:70:33,
closed_class_surface,الذي,كَالَّذِي,كالذي,الَّذِي,closed_class,1.000,6:71:18,
no_root_found,N/A,الْأَرْضِ,الأرض,أَرْضِ,ارض,1.000,6:71:22,
no_root_found,N/A,لِنُسْلِمَ,لنسلم,سْلِمَ,سلم,1.000,6:71:37,
closed_class_surface,الذي,الَّذِي,الذي,الَّذِي,closed_class,1.000,6:72:6,
closed_class_surface,الذي,الَّذِي,الذي,الَّذِي,closed_class,1.000,6:73:2,
no_root_found,N/A,وَالْأَرْضَ,والأرض,أَرْضَ,ارض,1.000,6:73:5,
no_root_found,N/A,الْمُلْكُ,الملك,مُلْكُ,ملك,1.000,6:73:14,
no_root_found,N/A,إِبْرَاهِيمُ,إبراهيم,إِبْرَاهِيمُ,ابراهيم,1.000,6:74:3,
closed_class_surface,ذلك,وَكَذَلِكَ,وكذلك,ذَلِكَ,closed_class,1.000,6:75:1,
no_root_found,N/A,إِبْرَاهِيمَ,إبراهيم,إِبْرَاهِيمَ,ابراهيم,1.000,6:75:3,
no_root_found,N/A,وَالْأَرْضِ,والأرض,أَرْضِ,ارض,1.000,6:75:6,
closed_class_surface,هذا,هَذَا,هذا,هَذَا,closed_class,1.000,6:76:8,
closed_class_surface,هذا,هَذَا,هذا,هَذَا,closed_class,1.000,6:77:6,
low_confidence,كين,لَأَكُونَنَّ,لأكونن,لَأَكُونَنَّ,افعلن,0.610,6:77:15,كين/افعلن@0.61 ; كون/افعلن@0.59 ; كون/افعلن@0.59
closed_class_surface,هذا,هَذَا,هذا,هَذَا,closed_class,1.000,6:78:6,
closed_class_surface,هذا,هَذَا,هذا,هَذَا,closed_class,1.000,6:78:8,
closed_class_surface,الذي,لِلَّذِي,للذي,الَذِي,closed_class,1.000,6:79:4,
no_root_found,N/A,وَالْأَرْضَ,والأرض,أَرْضَ,ارض,1.000,6:79:7,
closed_class_surface,الذين,الَّذِينَ,الذين,الَّذِينَ,closed_class,1.000,6:82:1,
closed_class_surface,تلك,وَتِلْكَ,وتلك,تِلْكَ,closed_class,1.000,6:83:1,
no_root_found,N/A,إِبْرَاهِيمَ,إبراهيم,إِبْرَاهِيمَ,ابراهيم,1.000,6:83:4,
no_root_found,N/A,إِسْحَاقَ,إسحاق,إِسْحَاقَ,اسحاق,1.000,6:84:3,
no_root_found,N/A,وَيَعْقُوبَ,ويعقوب,يَعْقُوبَ,يعقوب,1.000,6:84:4,
no_root_found,N/A,وَنُوحَاً,ونوحا,نُوحَ,نوح,1.000,6:84:7,
no_root_found,N/A,وَسُلَيْمَانَ,وسليمان,سُلَيْمَانَ,سليمان,1.000,6:84:14,
no_root_found,N/A,وَأَيُّوبَ,وأيوب,أَيُّوبَ,ايوب,1.000,6:84:15,
no_root_found,N/A,وَيُوسُفَ,ويوسف,يُوسُفَ,يوسف,1.000,6:84:16,
no_root_found,N/A,وَمُوسَى,وموسى,مُوسَى,موسي,1.000,6:84:17,
no_root_found,N/A,وَهَارُونَ,وهارون,هَارُونَ,هارون,1.000,6:84:18,
closed_class_surface,ذلك,وَكَذَلِكَ,وكذلك,ذَلِكَ,closed_class,1.000,6:84:19,
no_root_found,N/A,وَزَكَرِيَّا,وزكريا,زَكَرِيَّا,زكريا,1.000,6:85:1,
no_root_found,N/A,وَيَحْيَى,ويحيى,يَحْيَى,يحيي,1.000,6:85:2,
no_root_found,N/A,وَعِيسَى,وعيسى,عِيسَى,عيسي,1.000,6:85:3,
no_root_found,N/A,وَإِلْيَاسَ,وإلياس,إِلْيَاسَ,الياس,1.000,6:85:4,
no_root_found,N/A,الصَّالِحِينَ,الصالحين,صَالِحِ,صالح,1.000,6:85:7,
no_root_found,N/A,وَإِسْمَاعِيلَ,وإسماعيل,إِسْمَاعِيلَ,اسماعيل,1.000,6:86:1,
no_root_found,N/A,وَيُونُسَ,ويونس,يُونُسَ,يونس,1.000,6:86:3,
no_root_found,N/A,وَلُوطَاً,ولوطا,لُوطَ,لوط,1.000,6:86:4,
closed_class_surface,ذلك,ذَلِكَ,ذلك,ذَلِكَ,closed_class,1.000,6:88:1,
closed_class_surface,الذين,الَّذِينَ,الذين,الَّذِينَ,closed_class,1.000,6:89:2,
closed_class_surface,الذين,الَّذِينَ,الذين,الَّذِينَ,closed_class,1.000,6:90:2,
closed_class_surface,الذي,الَّذِي,الذي,الَّذِي,closed_class,1.000,6:91:19,
no_root_found,N/A,مُوسَى,موسى,مُوسَى,موسي,1.000,6:91:22,
closed_class_surface,هذا,وَهَذَا,وهذا,هَذَا,closed_class,1.000,6:92:1,
closed_class_surface,الذي,الَّذِي,الذي,الَّذِي,closed_class,1.000,6:92:6,
closed_class_surface,الذين,وَالَّذِينَ,والذين,الَّذِينَ,closed_class,1.000,6:92:14,
closed_class_surface,الذين,الَّذِينَ,الذين,الَّذِينَ,closed_class,1.000,6:94:17,
closed_class_surface,ذلك,ذَلِكَ,ذلك,ذَلِكَ,closed_class,1.000,6:96:9,
closed_class_surface,الذي,الَّذِي,الذي,الَّذِي,closed_class,1.000,6:97:2,
closed_class_surface,الذي,الَّذِي,الذي,الَّذِي,closed_class,1.000,6:98:2,
closed_class_surface,الذي,الَّذِي,الذي,الَّذِي,closed_class,1.000,6:99:2,
no_root_found,N/A,وَالْأَرْضِ,والأرض,أَرْضِ,ارض,1.000,6:101:3,
closed_class_surface,ذلك,وَكَذَلِكَ,وكذلك,ذَلِكَ,closed_class,1.000,6:105:1,
closed_class_surface,الذين,الَّذِينَ,الذين,الَّذِينَ,closed_class,1.000,6:108:3,
closed_class_surface,ذلك,كَذَلِكَ,كذلك,ذَلِكَ,closed_class,1.000,6:108:13,
low_confidence,ءمن,لَيُؤْمِنُنَّ,ليؤمنن,لَيُؤْمِنُنَّ,يفعلن,0.681,6:109:8,ءمن/يفعلن@0.64 ; ءمن/يفعلن@0.64 ; ءمن/يفعلن@0.64
no_root_found,N/A,وَنُقَلِّبُ,ونقلب,قَلِّبُ,قلب,1.000,6:110:1,
closed_class_surface,ذلك,وَكَذَلِكَ,وكذلك,ذَلِكَ,closed_class,1.000,6:112:1,
closed_class_surface,الذين,الَّذِينَ,الذين,الَّذِينَ,closed_class,1.000,6:113:4,
low_confidence,قترف,وَلِيَقْتَرِفُوا,وليقترفوا,قْتَرِفُ,فعلل,0.697,6:113:9,قرف/فتعل@0.68 ; قترف/فعلل@0.63 ; قترف/فعلل@0.63
closed_class_surface,الذي,الَّذِي,الذي,الَّذِي,closed_class,1.000,6:114:6,
closed_class_surface,الذين,وَالَّذِينَ,والذين,الَّذِينَ,closed_class,1.000,6:114:11,
no_root_found,N/A,الْأَرْضِ,الأرض,أَرْضِ,ارض,1.000,6:116:6,
no_root_found,N/A,يَتَّبِعُونَ,يتبعون,تَّبِعُ,تبع,1.000,6:116:12,
low_confidence,ضطرر,اضْطُرِرْتُمْ,اضطررتم,ضْطُرِرْ,فعلل,0.697,6:119:18,ضطرر/فعلل@0.63 ; ضطرر/فعلل@0.63 ; ضطرر/فعلل@0.63
closed_class_surface,الذين,الَّذِينَ,الذين,الَّذِينَ,closed_class,1.000,6:120:6,
low_confidence,قترف,يَقْتَرِفُونَ,يقترفون,قْتَرِفُ,فعلل,0.697,6:120:12,قرف/فتعل@0.68 ; قترف/فعلل@0.63 ; قترف/فعلل@0.63
closed_class_surface,ذلك,كَذَلِكَ,كذلك,ذَلِكَ,closed_class,1.000,6:122:19,
closed_class_surface,ذلك,وَكَذَلِكَ,وكذلك,ذَلِكَ,closed_class,1.000,6:123:1,
closed_class_surface,الذين,الَّذِينَ,الذين,الَّذِينَ,closed_class,1.000,6:124:20,
closed_class_surface,ذلك,كَذَلِكَ,كذلك,ذَلِكَ,closed_class,1.000,6:125:21,
closed_class_surface,الذين,الَّذِينَ,الذين,الَّذِينَ,closed_class,1.000,6:125:26,
closed_class_surface,هذا,وَهَذَا,وهذا,هَذَا,closed_class,1.000,6:126:1,
closed_class_surface,الذي,الَّذِي,الذي,الَّذِي,closed_class,1.000,6:128:20,
closed_class_surface,ذلك,وَكَذَلِكَ,وكذلك,ذَلِكَ,closed_class,1.000,6:129:1,
closed_class_surface,هذا,هَذَا,هذا,هَذَا,closed_class,1.000,6:130:14,
closed_class_surface,ذلك,ذَلِكَ,ذلك,ذَلِكَ,closed_class,1.000,6:131:1,
no_root_found,N/A,يُذْهِبْكُمْ,يذهبكم,ذْهِبْ,ذهب,1.000,6:133:7,
closed_class_surface,هذا,هَذَا,هذا,هَذَا,closed_class,1.000,6:136:10,
closed_class_surface,هذا,وَهَذَا,وهذا,هَذَا,closed_class,1.000,6:136:13,
closed_class_surface,ذلك,وَكَذَلِكَ,وكذلك,ذَلِكَ,closed_class,1.000,6:137:1,
closed_class_surface,هذه,هَذِهِ,هذه,هَذِهِ,closed_class,1.000,6:138:2,
closed_class_surface,هذه,هَذِهِ,هذه,هَذِهِ,closed_class,1.000,6:139:5,
closed_class_surface,الذين,الَّذِينَ,الذين,الَّذِينَ,closed_class,1.000,6:140:3,
closed_class_surface,الذي,الَّذِي,الذي,الَّذِي,closed_class,1.000,6:141:2,
no_root_found,N/A,تَتَّبِعُوا,تتبعوا,تَّبِعُ,تبع,1.000,6:142:10,
closed_class_surface,هذا,بِهَذَا,بهذا,هَذَا,closed_class,1.000,6:144:23,
no_root_found,N/A,لَحْمَ,لحم,لَحْمَ,لحم,1.000,6:145:20,
no_root_found,N/A,خِنْزِيرٍ,خنزير,خِنْزِيرٍ,خنزير,1.000,6:145:21,
no_root_found,N/A,عَادٍ,عاد,عَادٍ,عاد,1.000,6:145:35,
closed_class_surface,الذين,الَّذِينَ,الذين,الَّذِينَ,closed_class,1.000,6:146:2,
no_root_found,N/A,وَالْغَنَمِ,والغنم,غَنَمِ,غنم,1.000,6:146:10,
closed_class_surface,ذلك,ذَلِكَ,ذلك,ذَلِكَ,closed_class,1.000,6:146:24,
closed_class_surface,الذين,الَّذِينَ,الذين,الَّذِينَ,closed_class,1.000,6:148:2,
closed_class_surface,ذلك,كَذَلِكَ,كذلك,ذَلِكَ,closed_class,1.000,6:148:15,
closed_class_surface,الذين,الَّذِينَ,الذين,الَّذِينَ,closed_class,1.000,6:148:17,
no_root_found,N/A,تَتَّبِعُونَ,تتبعون,تَّبِعُ,تبع,1.000,6:148:31,
no_root_found,N/A,الْحُجَّةُ,الحجة,حُجَّ,حج,1.000,6:149:3,
closed_class_surface,الذين,الَّذِينَ,الذين,الَّذِينَ,closed_class,1.000,6:150:4,
closed_class_surface,هذا,هَذَا,هذا,هَذَا,closed_class,1.000,6:150:9,
closed_class_surface,الذين,الَّذِينَ,الذين,الَّذِينَ,closed_class,1.000,6:150:18,
closed_class_surface,الذين,وَالَّذِينَ,والذين,الَّذِينَ,closed_class,1.000,6:150:21,
closed_class_surface,التي,الَّتِي,التي,الَّتِي,closed_class,1.000,6:151:33,
closed_class_surface,التي,بِالَّتِي,بالتي,الَّتِي,closed_class,1.000,6:152:6,
closed_class_surface,هذا,هَذَا,هذا,هَذَا,closed_class,1.000,6:153:2,
no_root_found,N/A,تَتَّبِعُوا,تتبعوا,تَّبِعُ,تبع,1.000,6:153:7,
no_root_found,N/A,مُوسَى,موسى,مُوسَى,موسي,1.000,6:154:3,
closed_class_surface,الذي,الَّذِي,الذي,الَّذِي,closed_class,1.000,6:154:7,
closed_class_surface,هذا,وَهَذَا,وهذا,هَذَا,closed_class,1.000,6:155:1,
low_confidence,طءف,طَائِفَتَيْنِ,طائفتين,طَائِفَتَ,فاعلت,0.658,6:156:7,طءف/فاعلت@0.62 ; طءف/فاعلت@0.57 ; طءف/فاعلت@0.57
closed_class_surface,الذين,الَّذِينَ,الذين,الَّذِينَ,closed_class,1.000,6:157:27,
closed_class_surface,الذين,الَّذِينَ,الذين,الَّذِينَ,closed_class,1.000,6:159:2,
no_root_found,N/A,إِبْرَاهِيمَ,إبراهيم,إِبْرَاهِيمَ,ابراهيم,1.000,6:161:11,
closed_class_surface,ذلك,وَبِذَلِكَ,وبذلك,ذَلِكَ,closed_class,1.000,6:163:4,
low_confidence,ختلف,تَخْتَلِفُونَ,تختلفون,خْتَلِفُ,فعلل,0.697,6:164:29,خلف/فتعل@0.68 ; ختلف/فعلل@0.63 ; ختلف/فعلل@0.63
closed_class_surface,الذي,الَّذِي,الذي,الَّذِي,closed_class,1.000,6:165:2,
no_root_found,N/A,الْأَرْضِ,الأرض,أَرْضِ,ارض,1.000,6:165:5,
no_root_found,N/A,تَتَّبِعُوا,تتبعوا,تَّبِعُ,تبع,1.000,7:3:8,
low_confidence,سءل,فَلَنَسْأَلَنَّ,فلنسألن,لَنَسْأَلَنَّ,نفعلن,0.681,7:6:1,
closed_class_surface,الذين,الَّذِينَ,الذين,الَّذِينَ,closed_class,1.000,7:6:2,
low_confidence,سءل,وَلَنَسْأَلَنَّ,ولنسألن,لَنَسْأَلَنَّ,نفعلن,0.681,7:6:5,
closed_class_surface,الذين,الَّذِينَ,الذين,الَّذِينَ,closed_class,1.000,7:9:5,
no_root_found,N/A,الْأَرْضِ,الأرض,أَرْضِ,ارض,1.000,7:10:4,
no_root_found,N/A,إِبْلِيسَ,إبليس,إِبْلِيسَ,ابليس,1.000,7:11:12,
low_confidence,قعد,لَأَقْعُدَنَّ,لأقعدن,لَأَقْعُدَنَّ,افعلن,0.638,7:16:4,قعد/افعلن@0.59 ; قعد/افعلن@0.59 ; قعد/افعلن@0.59
no_root_found,N/A,تَبِعَكَ,تبعك,تَبِعَ,تبع,1.000,7:18:7,
low_confidence,ملء,لَأَمْلَأَنَّ,لأملأن,لَأَمْلَأَنَّ,افعلن,0.681,7:18:9,ملء/افعلن@0.64 ; ملء/افعلن@0.59 ; ملء/افعلن@0.59
no_root_found,N/A,جَهَنَّمَ,جهنم,جَهَنَّمَ,جهنم,1.000,7:18:10,
closed_class_surface,هذه,هَذِهِ,هذه,هَذِهِ,closed_class,1.000,7:19:12,
closed_class_surface,هذه,هَذِهِ,هذه,هَذِهِ,closed_class,1.000,7:20:16,
no_root_found,N/A,مَلَكَيْنِ,ملكين,مَلَكَ,ملك,1.000,7:20:21,
low_confidence,كين,لَنَكُونَنَّ,لنكونن,لَنَكُونَنَّ,نفعلن,0.610,7:23:10,كون/نفعلن@0.59
no_root_found,N/A,الْأَرْضِ,الأرض,أَرْضِ,ارض,1.000,7:24:8,
closed_class_surface,ذلك,ذَلِكَ,ذلك,ذَلِكَ,closed_class,1.000,7:26:12,
closed_class_surface,ذلك,ذَلِكَ,ذلك,ذَلِكَ,closed_class,1.000,7:26:14,
closed_class_surface,الذين,لِلَّذِينَ,للذين,الَذِينَ,closed_class,1.000,7:27:28,
no_root_found,N/A,مَسْجِدٍ,مسجد,مَسْجِدٍ,مسجد,1.000,7:29:9,
no_root_found,N/A,مَسْجِدٍ,مسجد,مَسْجِدٍ,مسجد,1.000,7:31:7,
closed_class_surface,التي,الَّتِي,التي,الَّتِي,closed_class,1.000,7:32:6,
closed_class_surface,الذين,لِلَّذِينَ,للذين,الَذِينَ,closed_class,1.000,7:32:14,
closed_class_surface,ذلك,كَذَلِكَ,كذلك,ذَلِكَ,closed_class,1.000,7:32:22,
closed_class_surface,الذين,وَالَّذِينَ,والذين,الَّذِينَ,closed_class,1.000,7:36:1,
closed_class_surface,الذين,الَّذِينَ,الذين,الَّذِينَ,closed_class,1.000,7:40:2,
closed_class_surface,ذلك,وَكَذَلِكَ,وكذلك,ذَلِكَ,closed_class,1.000,7:40:21,
no_root_found,N/A,جَهَنَّمَ,جهنم,جَهَنَّمَ,جهنم,1.000,7:41:3,
closed_class_surface,ذلك,وَكَذَلِكَ,وكذلك,ذَلِكَ,closed_class,1.000,7:41:8,
closed_class_surface,الذين,وَالَّذِينَ,والذين,الَّذِينَ,closed_class,1.000,7:42:1,
no_root_found,N/A,الصَّالِحَاتِ,الصالحات,صَالِحَ,صالح,1.000,7:42:4,
closed_class_surface,الذي,الَّذِي,الذي,الَّذِي,closed_class,1.000,7:43:14,
closed_class_surface,هذا,لِهَذَا,لهذا,هَذَا,closed_class,1.000,7:43:16,
no_root_found,N/A,فَأَذَّنَ,فأذن,أَذَّنَ,اذن,1.000,7:44:21,
closed_class_surface,الذين,الَّذِينَ,الذين,الَّذِينَ,closed_class,1.000,7:45:1,
closed_class_surface,الذين,الَّذِينَ,الذين,الَّذِينَ,closed_class,1.000,7:49:2,
closed_class_surface,الذين,الَّذِينَ,الذين,الَّذِينَ,closed_class,1.000,7:51:1,
closed_class_surface,هذا,هَذَا,هذا,هَذَا,closed_class,1.000,7:51:15,
closed_class_surface,الذين,الَّذِينَ,الذين,الَّذِينَ,closed_class,1.000,7:53:9,
closed_class_surface,الذي,الَّذِي,الذي,الَّذِي,closed_class,1.000,7:53:28,
closed_class_surface,الذي,الَّذِي,الذي,الَّذِي,closed_class,1.000,7:54:4,
no_root_found,N/A,وَالْأَرْضَ,والأرض,أَرْضَ,ارض,1.000,7:54:7,
no_root_found,N/A,الْأَرْضِ,الأرض,أَرْضِ,ارض,1.000,7:56:4,
closed_class_surface,الذي,الَّذِي,الذي,الَّذِي,closed_class,1.000,7:57:2,
no_root_found,N/A,سَحَابَاً,سحابا,سَحَابَ,سحاب,1.000,7:57:12,
closed_class_surface,ذلك,كَذَلِكَ,كذلك,ذَلِكَ,closed_class,1.000,7:57:25,
no_root_found,N/A,بِإِذْنِ,بإذن,إِذْنِ,اذن,1.000,7:58:5,
closed_class_surface,الذي,وَالَّذِي,والذي,الَّذِي,closed_class,1.000,7:58:7,
closed_class_surface,ذلك,كَذَلِكَ,كذلك,ذَلِكَ,closed_class,1.000,7:58:13,
no_root_found,N/A,نُوحَاً,نوحا,نُوحَ,نوح,1.000,7:59:3,
closed_class_surface,الذين,وَالَّذِينَ,والذين,الَّذِينَ,closed_class,1.000,7:64:3,
closed_class_surface,الذين,الَّذِينَ,الذين,الَّذِينَ,closed_class,1.000,7:64:8,
no_root_found,N/A,عَادٍ,عاد,عَادٍ,عاد,1.000,7:65:2,
no_root_found,N/A,هُودَاً,هودا,هُودَ,هود,1.000,7:65:4,
closed_class_surface,الذين,الَّذِينَ,الذين,الَّذِينَ,closed_class,1.000,7:66:3,
no_root_found,N/A,نُوحٍ,نوح,نُوحٍ,نوح,1.000,7:69:18,
closed_class_surface,الذين,وَالَّذِينَ,والذين,الَّذِينَ,closed_class,1.000,7:72:2,
closed_class_surface,الذين,الَّذِينَ,الذين,الَّذِينَ,closed_class,1.000,7:72:8,
no_root_found,N/A,ثَمُودَ,ثمود,ثَمُودَ,ثمود,1.000,7:73:2,
no_root_found,N/A,صَالِحَاً,صالحا,صَالِحَ,صالح,1.000,7:73:4,
closed_class_surface,هذه,هَذِهِ,هذه,هَذِهِ,closed_class,1.000,7:73:19,
no_root_found,N/A,أَرْضِ,أرض,أَرْضِ,ارض,1.000,7:73:27,
no_root_found,N/A,عَادٍ,عاد,عَادٍ,عاد,1.000,7:74:7,
no_root_found,N/A,الْأَرْضِ,الأرض,أَرْضِ,ارض,1.000,7:74:10,
no_root_found,N/A,الْأَرْضِ,الأرض,أَرْضِ,ارض,1.000,7:74:24,
closed_class_surface,الذين,الَّذِينَ,الذين,الَّذِينَ,closed_class,1.000,7:75:3,
closed_class_surface,الذين,لِلَّذِينَ,للذين,الَذِينَ,closed_class,1.000,7:75:7,
no_root_found,N/A,صَالِحَاً,صالحا,صَالِحَ,صالح,1.000,7:75:14,
closed_class_surface,الذين,الَّذِينَ,الذين,الَّذِينَ,closed_class,1.000,7:76:2,
closed_class_surface,الذي,بِالَّذِي,بالذي,الَّذِي,closed_class,1.000,7:76:5,
no_root_found,N/A,يَاصَالِحُ,ياصالح,صَالِحُ,صالح,1.000,7:77:8,
no_root_found,N/A,وَلُوطَاً,ولوطا,لُوطَ,لوط,1.000,7:80:1,
no_root_found,N/A,مَطَرَاً,مطرا,مَطَرَ,مطر,1.000,7:84:3,
no_root_found,N/A,مَدْيَنَ,مدين,مَدْيَنَ,مدين,1.000,7:85:2,
no_root_found,N/A,شُعَيْبَاً,شعيبا,شُعَيْبَ,شعيب,1.000,7:85:4,
no_root_found,N/A,الْأَرْضِ,الأرض,أَرْضِ,ارض,1.000,7:85:29,
closed_class_surface,الذي,بِالَّذِي,بالذي,الَّذِي,closed_class,1.000,7:87:6,
closed_class_surface,الذين,الَّذِينَ,الذين,الَّذِينَ,closed_class,1.000,7:88:3,
low_confidence,خرج,لَنُخْرِجَنَّكَ,لنخرجنك,لَنُخْرِجَنَّ,نفعلن,0.594,7:88:7,
no_root_found,N/A,يَاشُعَيْبُ,ياشعيب,شُعَيْبُ,شعيب,1.000,7:88:8,
closed_class_surface,الذين,وَالَّذِينَ,والذين,الَّذِينَ,closed_class,1.000,7:88:9,
low_confidence,عودن,لَتَعُودُنَّ,لتعودن,لَتَعُودُنَّ,تفعلل,0.616,7:88:15,عودن/تفعلل@0.62 ; عود/تفعلن@0.59 ; وعد/تفعلن@0.57
closed_class_surface,الذين,الَّذِينَ,الذين,الَّذِينَ,closed_class,1.000,7:90:3,
no_root_found,N/A,شُعَيْبَاً,شعيبا,شُعَيْبَ,شعيب,1.000,7:90:9,
closed_class_surface,الذين,الَّذِينَ,الذين,الَّذِينَ,closed_class,1.000,7:92:1,
no_root_found,N/A,شُعَيْبَاً,شعيبا,شُعَيْبَ,شعيب,1.000,7:92:3,
closed_class_surface,الذين,الَّذِينَ,الذين,الَّذِينَ,closed_class,1.000,7:92:8,
no_root_found,N/A,شُعَيْبَاً,شعيبا,شُعَيْبَ,شعيب,1.000,7:92:10,
no_root_found,N/A,وَالْأَرْضِ,والأرض,أَرْضِ,ارض,1.000,7:96:12,
closed_class_surface,الذين,لِلَّذِينَ,للذين,الَذِينَ,closed_class,1.000,7:100:3,
no_root_found,N/A,الْأَرْضَ,الأرض,أَرْضَ,ارض,1.000,7:100:5,
closed_class_surface,تلك,تِلْكَ,تلك,تِلْكَ,closed_class,1.000,7:101:1,
closed_class_surface,ذلك,كَذَلِكَ,كذلك,ذَلِكَ,closed_class,1.000,7:101:18,
no_root_found,N/A,مُوسَى,موسى,مُوسَى,موسي,1.000,7:103:5,
no_root_found,N/A,فِرْعَوْنَ,فرعون,فِرْعَوْنَ,فرعون,1.000,7:103:8,
no_root_found,N/A,مُوسَى,موسى,مُوسَى,موسي,1.000,7:104:2,
no_root_found,N/A,يَافِرْعَوْنُ,يافرعون,فِرْعَوْنُ,فرعون,1.000,7:104:3,
no_root_found,N/A,إِسْرَائِيلَ,إسرائيل,إِسْرَائِيلَ,اسراءيل,1.000,7:105:18,
no_root_found,N/A,فِرْعَوْنَ,فرعون,فِرْعَوْنَ,فرعون,1.000,7:109:5,
closed_class_surface,هذا,هَذَا,هذا,هَذَا,closed_class,1.000,7:109:7,
no_root_found,N/A,أَرْضِكُمْ,أرضكم,أَرْضِ,ارض,1.000,7:110:5,
no_root_found,N/A,فِرْعَوْنَ,فرعون,فِرْعَوْنَ,فرعون,1.000,7:113:3,
no_root_found,N/A,يَامُوسَى,ياموسى,مُوسَى,موسي,1.000,7:115:2,
no_root_found,N/A,مُوسَى,موسى,مُوسَى,موسي,1.000,7:117:3,
no_root_found,N/A,وَانْقَلَبُوا,وانقلبوا,قَلَبُ,قلب,1.000,7:119:3,
no_root_found,N/A,مُوسَى,موسى,مُوسَى,موسي,1.000,7:122:2,
no_root_found,N/A,وَهَارُونَ,وهارون,هَارُونَ,هارون,1.000,7:122:3,
no_root_found,N/A,فِرْعَوْنُ,فرعون,فِرْعَوْنُ,فرعون,1.000,7:123:2,
closed_class_surface,هذا,هَذَا,هذا,هَذَا,closed_class,1.000,7:123:10,
no_root_found,N/A,الْمَدِينَةِ,المدينة,مَدِينَ,مدين,1.000,7:123:14,
low_confidence,قطع,لَأُقَطِّعَنَّ,لأقطعن,لَأُقَطِّعَنَّ,افعلن,0.594,7:124:1,قطع/افعلن@0.55 ; قطع/افعلن@0.55 ; قطع/افعلن@0.55
low_confidence,صلب,لَأُصَلِّبَنَّكُمْ,لأصلبنكم,لَأُصَلِّبَنَّ,افعلن,0.594,7:124:7,صلب/افعلن@0.55 ; صلب/افعلن@0.55 ; صلب/افعلن@0.55
no_root_found,N/A,فِرْعَوْنَ,فرعون,فِرْعَوْنَ,فرعون,1.000,7:127:5,
no_root_found,N/A,مُوسَى,موسى,مُوسَى,موسي,1.000,7:127:7,
no_root_found,N/A,الْأَرْضِ,الأرض,أَرْضِ,ارض,1.000,7:127:11,
no_root_found,N/A,مُوسَى,موسى,مُوسَى,موسي,1.000,7:128:2,
no_root_found,N/A,الْأَرْضَ,الأرض,أَرْضَ,ارض,1.000,7:128:8,
low_confidence,خلف,وَيَسْتَخْلِفَكُمْ,ويستخلفكم,سْتَخْلِفَكُمْ,ستفعل,0.551,7:129:17,
no_root_found,N/A,الْأَرْضِ,الأرض,أَرْضِ,ارض,1.000,7:129:19,
no_root_found,N/A,فِرْعَوْنَ,فرعون,فِرْعَوْنَ,فرعون,1.000,7:130:4,
closed_class_surface,هذه,هَذِهِ,هذه,هَذِهِ,closed_class,1.000,7:131:6,
no_root_found,N/A,بِمُوسَى,بموسى,مُوسَى,موسي,1.000,7:131:11,
no_root_found,N/A,طَائِرُهُمْ,طائرهم,طَائِرُ,طاءر,1.000,7:131:16,
no_root_found,N/A,يَامُوسَى,ياموسى,مُوسَى,موسي,1.000,7:134:6,
low_confidence,ءمن,لَنُؤْمِنَنَّ,لنؤمنن,لَنُؤْمِنَنَّ,نفعلن,0.594,7:134:17,
low_confidence,رسل,وَلَنُرْسِلَنَّ,ولنرسلن,لَنُرْسِلَنَّ,نفعلن,0.594,7:134:19,
no_root_found,N/A,إِسْرَائِيلَ,إسرائيل,إِسْرَائِيلَ,اسراءيل,1.000,7:134:22,
closed_class_surface,الذين,الَّذِينَ,الذين,الَّذِينَ,closed_class,1.000,7:137:3,
no_root_found,N/A,الْأَرْضِ,الأرض,أَرْضِ,ارض,1.000,7:137:7,
closed_class_surface,التي,الَّتِي,التي,الَّتِي,closed_class,1.000,7:137:9,
no_root_found,N/A,إِسْرَائِيلَ,إسرائيل,إِسْرَائِيلَ,اسراءيل,1.000,7:137:18,
no_root_found,N/A,فِرْعَوْنُ,فرعون,فِرْعَوْنُ,فرعون,1.000,7:137:25,
no_root_found,N/A,إِسْرَائِيلَ,إسرائيل,إِسْرَائِيلَ,اسراءيل,1.000,7:138:3,
no_root_found,N/A,يَامُوسَى,ياموسى,مُوسَى,موسي,1.000,7:138:13,
no_root_found,N/A,فِرْعَوْنَ,فرعون,فِرْعَوْنَ,فرعون,1.000,7:141:5,
no_root_found,N/A,مُوسَى,موسى,مُوسَى,موسي,1.000,7:142:2,
no_root_found,N/A,مُوسَى,موسى,مُوسَى,موسي,1.000,7:142:13,
no_root_found,N/A,هَارُونَ,هارون,هَارُونَ,هارون,1.000,7:142:15,
no_root_found,N/A,مُوسَى,موسى,مُوسَى,موسي,1.000,7:143:3,
no_root_found,N/A,مُوسَى,موسى,مُوسَى,موسي,1.000,7:143:31,
no_root_found,N/A,يَامُوسَى,ياموسى,مُوسَى,موسي,1.000,7:144:2,
closed_class_surface,الذين,الَّذِينَ,الذين,الَّذِينَ,closed_class,1.000,7:146:4,
no_root_found,N/A,الْأَرْضِ,الأرض,أَرْضِ,ارض,1.000,7:146:7,
closed_class_surface,ذلك,ذَلِكَ,ذلك,ذَلِكَ,closed_class,1.000,7:146:30,
closed_class_surface,الذين,وَالَّذِينَ,والذين,الَّذِينَ,closed_class,1.000,7:147:1,
no_root_found,N/A,مُوسَى,موسى,مُوسَى,موسي,1.000,7:148:3,
low_confidence,كين,لَنَكُونَنَّ,لنكونن,لَنَكُونَنَّ,نفعلن,0.610,7:149:16,كون/نفعلن@0.59
no_root_found,N/A,مُوسَى,موسى,مُوسَى,موسي,1.000,7:150:3,
closed_class_surface,الذين,الَّذِينَ,الذين,الَّذِينَ,closed_class,1.000,7:152:2,
closed_class_surface,ذلك,وَكَذَلِكَ,وكذلك,ذَلِكَ,closed_class,1.000,7:152:13,
closed_class_surface,الذين,وَالَّذِينَ,والذين,الَّذِينَ,closed_class,1.000,7:153:1,
no_root_found,N/A,مُوسَى,موسى,مُوسَى,موسي,1.000,7:154:4,
closed_class_surface,الذين,لِلَّذِينَ,للذين,الَذِينَ,closed_class,1.000,7:154:12,
no_root_found,N/A,مُوسَى,موسى,مُوسَى,موسي,1.000,7:155:2,
closed_class_surface,هذه,هَذِهِ,هذه,هَذِهِ,closed_class,1.000,7:156:4,
closed_class_surface,الذين,لِلَّذِينَ,للذين,الَذِينَ,closed_class,1.000,7:156:23,
closed_class_surface,الذين,وَالَّذِينَ,والذين,الَّذِينَ,closed_class,1.000,7:156:27,
closed_class_surface,الذين,الَّذِينَ,الذين,الَّذِينَ,closed_class,1.000,7:157:1,
no_root_found,N/A,يَتَّبِعُونَ,يتبعون,تَّبِعُ,تبع,1.000,7:157:2,
closed_class_surface,الذي,الَّذِي,الذي,الَّذِي,closed_class,1.000,7:157:6,
closed_class_surface,التي,الَّتِي,التي,الَّتِي,closed_class,1.000,7:157:28,
closed_class_surface,الذين,فَالَّذِينَ,فالذين,الَّذِينَ,closed_class,1.000,7:157:31,
closed_class_surface,الذي,الَّذِي,الذي,الَّذِي,closed_class,1.000,7:157:38,
closed_class_surface,الذي,الَّذِي,الذي,الَّذِي,closed_class,1.000,7:158:9,
no_root_found,N/A,مُلْكُ,ملك,مُلْكُ,ملك,1.000,7:158:11,
no_root_found,N/A,وَالْأَرْضِ,والأرض,أَرْضِ,ارض,1.000,7:158:13,
closed_class_surface,الذي,الَّذِي,الذي,الَّذِي,closed_class,1.000,7:158:25,
no_root_found,N/A,مُوسَى,موسى,مُوسَى,موسي,1.000,7:159:3,
no_root_found,N/A,مُوسَى,موسى,مُوسَى,موسي,1.000,7:160:8,
no_root_found,N/A,عَيْنَاً,عينا,عَيْنَ,عين,1.000,7:160:20,
closed_class_surface,هذه,هَذِهِ,هذه,هَذِهِ,closed_class,1.000,7:161:5,
no_root_found,N/A,سَنَزِيدُ,سنزيد,زِيدُ,زيد,1.000,7:161:19,
closed_class_surface,الذين,الَّذِينَ,الذين,الَّذِينَ,closed_class,1.000,7:162:2,
closed_class_surface,الذي,الَّذِي,الذي,الَّذِي,closed_class,1.000,7:162:7,
closed_class_surface,التي,الَّتِي,التي,الَّتِي,closed_class,1.000,7:163:4,
closed_class_surface,ذلك,كَذَلِكَ,كذلك,ذَلِكَ,closed_class,1.000,7:163:23,
closed_class_surface,الذين,الَّذِينَ,الذين,الَّذِينَ,closed_class,1.000,7:165:7,
closed_class_surface,الذين,الَّذِينَ,الذين,الَّذِينَ,closed_class,1.000,7:165:12,
no_root_found,N/A,تَأَذَّنَ,تأذن,أَذَّنَ,اذن,1.000,7:167:2,
low_confidence,بعث,لَيَبْعَثَنَّ,ليبعثن,لَيَبْعَثَنَّ,يفعلن,0.638,7:167:4,بعث/يفعلن@0.64 ; بعث/يفعلن@0.64 ; بعث/يفعلن@0.64
no_root_found,N/A,الْأَرْضِ,الأرض,أَرْضِ,ارض,1.000,7:168:3,
no_root_found,N/A,الصَّالِحُونَ,الصالحون,صَالِحُ,صالح,1.000,7:168:6,
closed_class_surface,ذلك,ذَلِكَ,ذلك,ذَلِكَ,closed_class,1.000,7:168:9,
closed_class_surface,هذا,هَذَا,هذا,هَذَا,closed_class,1.000,7:169:9,
closed_class_surface,الذين,لِلَّذِينَ,للذين,الَذِينَ,closed_class,1.000,7:169:37,
closed_class_surface,الذين,وَالَّذِينَ,والذين,الَّذِينَ,closed_class,1.000,7:170:1,
closed_class_surface,هذا,هَذَا,هذا,هَذَا,closed_class,1.000,7:172:25,
low_confidence,فهل,أَفَتُهْلِكُنَا,أفتهلكنا,أَفَتُهْلِكُ,افتعل,0.516,7:173:12,
closed_class_surface,ذلك,وَكَذَلِكَ,وكذلك,ذَلِكَ,closed_class,1.000,7:174:1,
closed_class_surface,الذي,الَّذِي,الذي,الَّذِي,closed_class,1.000,7:175:4,
no_root_found,N/A,الْأَرْضِ,الأرض,أَرْضِ,ارض,1.000,7:176:8,
closed_class_surface,ذلك,ذَلِكَ,ذلك,ذَلِكَ,closed_class,1.000,7:176:21,
closed_class_surface,الذين,الَّذِينَ,الذين,الَّذِينَ,closed_class,1.000,7:176:24,
closed_class_surface,الذين,الَّذِينَ,الذين,الَّذِينَ,closed_class,1.000,7:177:4,
no_root_found,N/A,لِجَهَنَّمَ,لجهنم,جَهَنَّمَ,جهنم,1.000,7:179:3,
closed_class_surface,الذين,الَّذِينَ,الذين,الَّذِينَ,closed_class,1.000,7:180:7,
closed_class_surface,الذين,وَالَّذِينَ,والذين,الَّذِينَ,closed_class,1.000,7:182:1,
no_root_found,N/A,وَالْأَرْضِ,والأرض,أَرْضِ,ارض,1.000,7:185:6,
no_root_found,N/A,وَالْأَرْضِ,والأرض,أَرْضِ,ارض,1.000,7:187:19,
closed_class_surface,الذي,الَّذِي,الذي,الَّذِي,closed_class,1.000,7:189:2,
no_root_found,N/A,صَالِحَاً,صالحا,صَالِحَ,صالح,1.000,7:189:26,
low_confidence,كين,لَنَكُونَنَّ,لنكونن,لَنَكُونَنَّ,نفعلن,0.610,7:189:27,كون/نفعلن@0.59
no_root_found,N/A,صَالِحَاً,صالحا,صَالِحَ,صالح,1.000,7:190:3,
closed_class_surface,الذين,الَّذِينَ,الذين,الَّذِينَ,closed_class,1.000,7:194:2,
closed_class_surface,الذي,الَّذِي,الذي,الَّذِي,closed_class,1.000,7:196:4,
no_root_found,N/A,الصَّالِحِينَ,الصالحين,صَالِحِ,صالح,1.000,7:196:9,
closed_class_surface,الذين,وَالَّذِينَ,والذين,الَّذِينَ,closed_class,1.000,7:197:1,
low_confidence,سعذ,فَاسْتَعِذْ,فاستعذ,اسْتَعِذْ,افتعل,0.658,7:200:6,سعذ/افتعل@0.62 ; سعذ/افتعل@0.62 ; ستعذ/افعلل@0.62
closed_class_surface,الذين,الَّذِينَ,الذين,الَّذِينَ,closed_class,1.000,7:201:2,
closed_class_surface,هذا,هَذَا,هذا,هَذَا,closed_class,1.000,7:203:16,
closed_class_surface,الذين,الَّذِينَ,الذين,الَّذِينَ,closed_class,1.000,7:206:2,
closed_class_surface,الذين,الَّذِينَ,الذين,الَّذِينَ,closed_class,1.000,8:2:3,
closed_class_surface,الذين,الَّذِينَ,الذين,الَّذِينَ,closed_class,1.000,8:3:1,
low_confidence,طءف,الطَّائِفَتَيْنِ,الطائفتين,طَائِفَتَ,فاعلت,0.658,8:7:5,طءف/فاعلت@0.62 ; طءف/فاعلت@0.57 ; طءف/فاعلت@0.57
no_root_found,N/A,وَيُذْهِبَ,ويذهب,ذْهِبَ,ذهب,1.000,8:11:13,
closed_class_surface,الذين,الَّذِينَ,الذين,الَّذِينَ,closed_class,1.000,8:12:9,
closed_class_surface,الذين,الَّذِينَ,الذين,الَّذِينَ,closed_class,1.000,8:12:14,
closed_class_surface,ذلك,ذَلِكَ,ذلك,ذَلِكَ,closed_class,1.000,8:13:1,
closed_class_surface,الذين,الَّذِينَ,الذين,الَّذِينَ,closed_class,1.000,8:15:2,
closed_class_surface,الذين,الَّذِينَ,الذين,الَّذِينَ,closed_class,1.000,8:15:6,
no_root_found,N/A,جَهَنَّمُ,جهنم,جَهَنَّمُ,جهنم,1.000,8:16:18,
closed_class_surface,الذين,الَّذِينَ,الذين,الَّذِينَ,closed_class,1.000,8:20:2,
closed_class_surface,الذين,كَالَّذِينَ,كالذين,الَّذِينَ,closed_class,1.000,8:21:3,
closed_class_surface,الذين,الَّذِينَ,الذين,الَّذِينَ,closed_class,1.000,8:22:8,
closed_class_surface,الذين,الَّذِينَ,الذين,الَّذِينَ,closed_class,1.000,8:24:2,
no_root_found,N/A,وَقَلْبِهِ,وقلبه,قَلْبِ,قلب,1.000,8:24:17,
low_confidence,صيبن,تُصِيبَنَّ,تصيبن,تُصِيبَنَّ,تفعلل,0.684,8:25:4,صوب/تفعلن@0.68 ; صوب/تفعلن@0.68 ; وصب/تفعلن@0.63
closed_class_surface,الذين,الَّذِينَ,الذين,الَّذِينَ,closed_class,1.000,8:25:5,
no_root_found,N/A,الْأَرْضِ,الأرض,أَرْضِ,ارض,1.000,8:26:7,
closed_class_surface,الذين,الَّذِينَ,الذين,الَّذِينَ,closed_class,1.000,8:27:2,
closed_class_surface,الذين,الَّذِينَ,الذين,الَّذِينَ,closed_class,1.000,8:29:2,
closed_class_surface,الذين,الَّذِينَ,الذين,الَّذِينَ,closed_class,1.000,8:30:4,
closed_class_surface,هذا,هَذَا,هذا,هَذَا,closed_class,1.000,8:31:12,
closed_class_surface,هذا,هَذَا,هذا,هَذَا,closed_class,1.000,8:31:14,
closed_class_surface,هذا,هَذَا,هذا,هَذَا,closed_class,1.000,8:32:6,
no_root_found,N/A,الْمَسْجِدِ,المسجد,مَسْجِدِ,مسجد,1.000,8:34:9,
closed_class_surface,الذين,الَّذِينَ,الذين,الَّذِينَ,closed_class,1.000,8:36:2,
closed_class_surface,الذين,وَالَّذِينَ,والذين,الَّذِينَ,closed_class,1.000,8:36:17,
no_root_found,N/A,جَهَنَّمَ,جهنم,جَهَنَّمَ,جهنم,1.000,8:36:20,
no_root_found,N/A,جَهَنَّمَ,جهنم,جَهَنَّمَ,جهنم,1.000,8:37:15,
closed_class_surface,الذين,لِلَّذِينَ,للذين,الَذِينَ,closed_class,1.000,8:38:2,
no_root_found,N/A,غَنِمْتُمْ,غنمتم,غَنِمْ,غنم,1.000,8:41:3,
low_confidence,خلف,لَاخْتَلَفْتُمْ,لاختلفتم,لَاخْتَلَفْ,افتعل,0.681,8:42:13,خلف/افتعل@0.64 ; خلف/افتعل@0.64 ; خلف/افتعل@0.59
no_root_found,N/A,وَيَحْيَى,ويحيى,يَحْيَى,يحيي,1.000,8:42:27,
no_root_found,N/A,سَلَّمَ,سلم,سَلَّمَ,سلم,1.000,8:43:16,
closed_class_surface,الذين,الَّذِينَ,الذين,الَّذِينَ,closed_class,1.000,8:45:2,
no_root_found,N/A,وَتَذْهَبَ,وتذهب,ذْهَبَ,ذهب,1.000,8:46:7,
closed_class_surface,الذين,كَالَّذِينَ,كالذين,الَّذِينَ,closed_class,1.000,8:47:3,
closed_class_surface,الذين,وَالَّذِينَ,والذين,الَّذِينَ,closed_class,1.000,8:49:4,
closed_class_surface,الذين,الَّذِينَ,الذين,الَّذِينَ,closed_class,1.000,8:50:5,
closed_class_surface,ذلك,ذَلِكَ,ذلك,ذَلِكَ,closed_class,1.000,8:51:1,
no_root_found,N/A,فِرْعَوْنَ,فرعون,فِرْعَوْنَ,فرعون,1.000,8:52:3,
closed_class_surface,الذين,وَالَّذِينَ,والذين,الَّذِينَ,closed_class,1.000,8:52:4,
closed_class_surface,ذلك,ذَلِكَ,ذلك,ذَلِكَ,closed_class,1.000,8:53:1,
no_root_found,N/A,فِرْعَوْنَ,فرعون,فِرْعَوْنَ,فرعون,1.000,8:54:3,
closed_class_surface,الذين,وَالَّذِينَ,والذين,الَّذِينَ,closed_class,1.000,8:54:4,
no_root_found,N/A,فِرْعَوْنَ,فرعون,فِرْعَوْنَ,فرعون,1.000,8:54:14,
closed_class_surface,الذين,الَّذِينَ,الذين,الَّذِينَ,closed_class,1.000,8:55:6,
closed_class_surface,الذين,الَّذِينَ,الذين,الَّذِينَ,closed_class,1.000,8:56:1,
low_confidence,ثقفن,تَثْقَفَنَّهُمْ,تثقفنهم,ثْقَفَنَّ,فعلل,0.697,8:57:2,ثقف/فعلن@0.68 ; ثقف/فعلن@0.68 ; ثقفن/فعلل@0.63
low_confidence,حسبن,يَحْسَبَنَّ,يحسبن,حْسَبَنَّ,فعلل,0.697,8:59:2,حسب/فعلن@0.68 ; حسب/فعلن@0.68 ; حسبن/فعلل@0.63
closed_class_surface,الذين,الَّذِينَ,الذين,الَّذِينَ,closed_class,1.000,8:59:3,
low_confidence,سطع,اسْتَطَعْتُمْ,استطعتم,اسْتَطَعْ,افتعل,0.658,8:60:4,ستطع/افعلل@0.66 ; سطع/افتعل@0.62 ; سطع/افتعل@0.62
no_root_found,N/A,لِلسَّلْمِ,للسلم,سَّلْمِ,سلم,1.000,8:61:3,
closed_class_surface,الذي,الَّذِي,الذي,الَّذِي,closed_class,1.000,8:62:9,
no_root_found,N/A,الْأَرْضِ,الأرض,أَرْضِ,ارض,1.000,8:63:8,
closed_class_surface,الذين,الَّذِينَ,الذين,الَّذِينَ,closed_class,1.000,8:65:21,
no_root_found,N/A,بِإِذْنِ,بإذن,إِذْنِ,اذن,1.000,8:66:22,
no_root_found,N/A,الْأَرْضِ,الأرض,أَرْضِ,ارض,1.000,8:67:11,
no_root_found,N/A,غَنِمْتُمْ,غنمتم,غَنِمْ,غنم,1.000,8:69:3,
closed_class_surface,الذين,الَّذِينَ,الذين,الَّذِينَ,closed_class,1.000,8:72:2,
closed_class_surface,الذين,وَالَّذِينَ,والذين,الَّذِينَ,closed_class,1.000,8:72:11,
closed_class_surface,الذين,وَالَّذِينَ,والذين,الَّذِينَ,closed_class,1.000,8:72:18,
closed_class_surface,الذين,وَالَّذِينَ,والذين,الَّذِينَ,closed_class,1.000,8:73:1,
no_root_found,N/A,الْأَرْضِ,الأرض,أَرْضِ,ارض,1.000,8:73:11,
closed_class_surface,الذين,وَالَّذِينَ,والذين,الَّذِينَ,closed_class,1.000,8:74:1,
closed_class_surface,الذين,وَالَّذِينَ,والذين,الَّذِينَ,closed_class,1.000,8:74:8,
closed_class_surface,الذين,وَالَّذِينَ,والذين,الَّذِينَ,closed_class,1.000,8:75:1,
closed_class_surface,الذين,الَّذِينَ,الذين,الَّذِينَ,closed_class,1.000,9:1:6,
no_root_found,N/A,الْأَرْضِ,الأرض,أَرْضِ,ارض,1.000,9:2:3,
no_root_found,N/A,الْحَجِّ,الحج,حَجِّ,حج,1.000,9:3:8,
closed_class_surface,الذين,الَّذِينَ,الذين,الَّذِينَ,closed_class,1.000,9:3:29,
closed_class_surface,الذين,الَّذِينَ,الذين,الَّذِينَ,closed_class,1.000,9:4:2,
closed_class_surface,ذلك,ذَلِكَ,ذلك,ذَلِكَ,closed_class,1.000,9:6:14,
closed_class_surface,الذين,الَّذِينَ,الذين,الَّذِينَ,closed_class,1.000,9:7:10,
no_root_found,N/A,الْمَسْجِدِ,المسجد,مَسْجِدِ,مسجد,1.000,9:7:13,
no_root_found,N/A,وَيُذْهِبْ,ويذهب,ذْهِبْ,ذهب,1.000,9:15:1,
closed_class_surface,الذين,الَّذِينَ,الذين,الَّذِينَ,closed_class,1.000,9:16:8,
no_root_found,N/A,الْمَسْجِدِ,المسجد,مَسْجِدِ,مسجد,1.000,9:19:5,
closed_class_surface,الذين,الَّذِينَ,الذين,الَّذِينَ,closed_class,1.000,9:20:1,
closed_class_surface,الذين,الَّذِينَ,الذين,الَّذِينَ,closed_class,1.000,9:23:2,
no_root_found,N/A,حُنَيْنٍ,حنين,حُنَيْنٍ,حنين,1.000,9:25:8,
no_root_found,N/A,الْأَرْضُ,الأرض,أَرْضُ,ارض,1.000,9:25:18,
closed_class_surface,الذين,الَّذِينَ,الذين,الَّذِينَ,closed_class,1.000,9:26:14,
closed_class_surface,ذلك,وَذَلِكَ,وذلك,ذَلِكَ,closed_class,1.000,9:26:16,
closed_class_surface,ذلك,ذَلِكَ,ذلك,ذَلِكَ,closed_class,1.000,9:27:6,
closed_class_surface,الذين,الَّذِينَ,الذين,الَّذِينَ,closed_class,1.000,9:28:2,
no_root_found,N/A,الْمَسْجِدَ,المسجد,مَسْجِدَ,مسجد,1.000,9:28:9,
closed_class_surface,هذا,هَذَا,هذا,هَذَا,closed_class,1.000,9:28:13,
closed_class_surface,الذين,الَّذِينَ,الذين,الَّذِينَ,closed_class,1.000,9:29:2,
closed_class_surface,الذين,الَّذِينَ,الذين,الَّذِينَ,closed_class,1.000,9:29:20,
no_root_found,N/A,عُزَيْرٌ,عزير,عُزَيْرٌ,عزير,1.000,9:30:3,
closed_class_surface,ذلك,ذَلِكَ,ذلك,ذَلِكَ,closed_class,1.000,9:30:11,
closed_class_surface,الذين,الَّذِينَ,الذين,الَّذِينَ,closed_class,1.000,9:30:16,
no_root_found,N/A,مَرْيَمَ,مريم,مَرْيَمَ,مريم,1.000,9:31:10,
closed_class_surface,الذي,الَّذِي,الذي,الَّذِي,closed_class,1.000,9:33:2,
closed_class_surface,الذين,الَّذِينَ,الذين,الَّذِينَ,closed_class,1.000,9:34:2,
closed_class_surface,الذين,وَالَّذِينَ,والذين,الَّذِينَ,closed_class,1.000,9:34:17,
no_root_found,N/A,الذَّهَبَ,الذهب,ذَهَبَ,ذهب,1.000,9:34:19,
no_root_found,N/A,جَهَنَّمَ,جهنم,جَهَنَّمَ,جهنم,1.000,9:35:6,
closed_class_surface,هذا,هَذَا,هذا,هَذَا,closed_class,1.000,9:35:12,
no_root_found,N/A,وَالْأَرْضَ,والأرض,أَرْضَ,ارض,1.000,9:36:15,
closed_class_surface,ذلك,ذَلِكَ,ذلك,ذَلِكَ,closed_class,1.000,9:36:19,
closed_class_surface,الذين,الَّذِينَ,الذين,الَّذِينَ,closed_class,1.000,9:37:8,
closed_class_surface,الذين,الَّذِينَ,الذين,الَّذِينَ,closed_class,1.000,9:38:2,
no_root_found,N/A,الْأَرْضِ,الأرض,أَرْضِ,ارض,1.000,9:38:15,
closed_class_surface,الذين,الَّذِينَ,الذين,الَّذِينَ,closed_class,1.000,9:40:8,
closed_class_surface,الذين,الَّذِينَ,الذين,الَّذِينَ,closed_class,1.000,9:40:34,
low_confidence,سطع,اسْتَطَعْنَا,استطعنا,اسْتَطَعْ,افتعل,0.658,9:42:15,ستطع/افعلل@0.66 ; سطع/افتعل@0.62 ; سطع/افتعل@0.62
no_root_found,N/A,أَذِنْتَ,أذنت,أَذِنْ,اذن,1.000,9:43:5,
closed_class_surface,الذين,الَّذِينَ,الذين,الَّذِينَ,closed_class,1.000,9:43:10,
closed_class_surface,الذين,الَّذِينَ,الذين,الَّذِينَ,closed_class,1.000,9:44:3,
closed_class_surface,الذين,الَّذِينَ,الذين,الَّذِينَ,closed_class,1.000,9:45:3,
no_root_found,N/A,وَقَلَّبُوا,وقلبوا,قَلَّبُ,قلب,1.000,9:48:6,
no_root_found,N/A,جَهَنَّمَ,جهنم,جَهَنَّمَ,جهنم,1.000,9:49:13,
closed_class_surface,الذين,الَّذِينَ,الذين,الَّذِينَ,closed_class,1.000,9:61:2,
no_root_found,N/A,أُذُنٌ,أذن,أُذُنٌ,اذن,1.000,9:61:7,
no_root_found,N/A,أُذُنُ,أذن,أُذُنُ,اذن,1.000,9:61:9,
closed_class_surface,الذين,لِلَّذِينَ,للذين,الَذِينَ,closed_class,1.000,9:61:17,
closed_class_surface,الذين,وَالَّذِينَ,والذين,الَّذِينَ,closed_class,1.000,9:61:20,
no_root_found,N/A,جَهَنَّمَ,جهنم,جَهَنَّمَ,جهنم,1.000,9:63:11,
closed_class_surface,ذلك,ذَلِكَ,ذلك,ذَلِكَ,closed_class,1.000,9:63:14,
low_confidence,قيل,لَيَقُولُنَّ,ليقولن,لَيَقُولُنَّ,يفعلن,0.654,9:65:3,قول/يفعلن@0.64 ; قلو/يفعلن@0.61 ; قيل/يفعلن@0.61
low_confidence,عتذر,تَعْتَذِرُوا,تعتذروا,عْتَذِرُ,فعلل,0.697,9:66:2,عذر/فتعل@0.68 ; عتذر/فعلل@0.63 ; عتذر/فعلل@0.63
no_root_found,N/A,جَهَنَّمَ,جهنم,جَهَنَّمَ,جهنم,1.000,9:68:7,
closed_class_surface,الذين,كَالَّذِينَ,كالذين,الَّذِينَ,closed_class,1.000,9:69:1,
closed_class_surface,الذين,الَّذِينَ,الذين,الَّذِينَ,closed_class,1.000,9:69:17,
closed_class_surface,الذي,كَالَّذِي,كالذي,الَّذِي,closed_class,1.000,9:69:22,
closed_class_surface,الذين,الَّذِينَ,الذين,الَّذِينَ,closed_class,1.000,9:70:4,
no_root_found,N/A,نُوحٍ,نوح,نُوحٍ,نوح,1.000,9:70:8,
no_root_found,N/A,وَعَادٍ,وعاد,عَادٍ,عاد,1.000,9:70:9,
no_root_found,N/A,وَثَمُودَ,وثمود,ثَمُودَ,ثمود,1.000,9:70:10,
no_root_found,N/A,إِبْرَاهِيمَ,إبراهيم,إِبْرَاهِيمَ,ابراهيم,1.000,9:70:12,
no_root_found,N/A,مَدْيَنَ,مدين,مَدْيَنَ,مدين,1.000,9:70:14,
closed_class_surface,ذلك,ذَلِكَ,ذلك,ذَلِكَ,closed_class,1.000,9:72:21,
no_root_found,N/A,جَهَنَّمُ,جهنم,جَهَنَّمُ,جهنم,1.000,9:73:9,
no_root_found,N/A,الْأَرْضِ,الأرض,أَرْضِ,ارض,1.000,9:74:42,
low_confidence,صدق,لَنَصَّدَّقَنَّ,لنصدقن,لَنَصَّدَّقَنَّ,نفعلن,0.638,9:75:9,
low_confidence,كين,وَلَنَكُونَنَّ,ولنكونن,لَنَكُونَنَّ,نفعلن,0.610,9:75:10,كون/نفعلن@0.59
no_root_found,N/A,الصَّالِحِينَ,الصالحين,صَالِحِ,صالح,1.000,9:75:12,
closed_class_surface,الذين,الَّذِينَ,الذين,الَّذِينَ,closed_class,1.000,9:79:1,
closed_class_surface,الذين,وَالَّذِينَ,والذين,الَّذِينَ,closed_class,1.000,9:79:8,
closed_class_surface,ذلك,ذَلِكَ,ذلك,ذَلِكَ,closed_class,1.000,9:80:16,
no_root_found,N/A,جَهَنَّمَ,جهنم,جَهَنَّمَ,جهنم,1.000,9:81:22,
low_confidence,ليضح,فَلْيَضْحَكُوا,فليضحكوا,فَلْيَضْحَكُ,فعلل,0.504,9:82:1,ليضح/فعلل@0.50 ; ليضح/فعلل@0.50 ; ليضح/فعلل@0.50
closed_class_surface,الذين,وَالَّذِينَ,والذين,الَّذِينَ,closed_class,1.000,9:88:3,
closed_class_surface,ذلك,ذَلِكَ,ذلك,ذَلِكَ,closed_class,1.000,9:89:11,
closed_class_surface,الذين,الَّذِينَ,الذين,الَّذِينَ,closed_class,1.000,9:90:8,
closed_class_surface,الذين,الَّذِينَ,الذين,الَّذِينَ,closed_class,1.000,9:90:13,
closed_class_surface,الذين,الَّذِينَ,الذين,الَّذِينَ,closed_class,1.000,9:91:9,
closed_class_surface,الذين,الَّذِينَ,الذين,الَّذِينَ,closed_class,1.000,9:92:3,
closed_class_surface,الذين,الَّذِينَ,الذين,الَّذِينَ,closed_class,1.000,9:93:4,
low_confidence,عتذر,يَعْتَذِرُونَ,يعتذرون,عْتَذِرُ,فعلل,0.697,9:94:1,عذر/فتعل@0.68 ; عتذر/فعلل@0.63 ; عتذر/فعلل@0.63
low_confidence,عتذر,تَعْتَذِرُوا,تعتذروا,عْتَذِرُ,فعلل,0.697,9:94:8,عذر/فتعل@0.68 ; عتذر/فعلل@0.63 ; عتذر/فعلل@0.63
no_root_found,N/A,انْقَلَبْتُمْ,انقلبتم,قَلَبْ,قلب,1.000,9:95:5,
no_root_found,N/A,جَهَنَّمُ,جهنم,جَهَنَّمُ,جهنم,1.000,9:95:14,
no_root_found,N/A,وَالْأَنْصَارِ,والأنصار,أَنْصَارِ,انصار,1.000,9:100:5,
closed_class_surface,الذين,وَالَّذِينَ,والذين,الَّذِينَ,closed_class,1.000,9:100:6,
closed_class_surface,ذلك,ذَلِكَ,ذلك,ذَلِكَ,closed_class,1.000,9:100:23,
no_root_found,N/A,الْمَدِينَةِ,المدينة,مَدِينَ,مدين,1.000,9:101:8,
no_root_found,N/A,صَالِحَاً,صالحا,صَالِحَ,صالح,1.000,9:102:6,
closed_class_surface,الذين,وَالَّذِينَ,والذين,الَّذِينَ,closed_class,1.000,9:107:1,
no_root_found,N/A,مَسْجِدَاً,مسجدا,مَسْجِدَ,مسجد,1.000,9:107:3,
low_confidence,حلف,وَلَيَحْلِفُنَّ,وليحلفن,لَيَحْلِفُنَّ,يفعلن,0.681,9:107:16,حلف/يفعلن@0.64 ; حلف/يفعلن@0.64 ; حلف/يفعلن@0.64
no_root_found,N/A,لَمَسْجِدٌ,لمسجد,مَسْجِدٌ,مسجد,1.000,9:108:5,
no_root_found,N/A,جَهَنَّمَ,جهنم,جَهَنَّمَ,جهنم,1.000,9:109:22,
closed_class_surface,الذي,الَّذِي,الذي,الَّذِي,closed_class,1.000,9:110:4,
closed_class_surface,الذي,الَّذِي,الذي,الَّذِي,closed_class,1.000,9:111:31,
closed_class_surface,ذلك,وَذَلِكَ,وذلك,ذَلِكَ,closed_class,1.000,9:111:34,
closed_class_surface,الذين,وَالَّذِينَ,والذين,الَّذِينَ,closed_class,1.000,9:113:4,
no_root_found,N/A,إِبْرَاهِيمَ,إبراهيم,إِبْرَاهِيمَ,ابراهيم,1.000,9:114:4,
no_root_found,N/A,إِبْرَاهِيمَ,إبراهيم,إِبْرَاهِيمَ,ابراهيم,1.000,9:114:20,
no_root_found,N/A,مُلْكُ,ملك,مُلْكُ,ملك,1.000,9:116:4,
no_root_found,N/A,وَالْأَرْضِ,والأرض,أَرْضِ,ارض,1.000,9:116:6,
no_root_found,N/A,وَالْأَنْصَارِ,والأنصار,أَنْصَارِ,انصار,1.000,9:117:7,
closed_class_surface,الذين,الَّذِينَ,الذين,الَّذِينَ,closed_class,1.000,9:117:8,
closed_class_surface,الذين,الَّذِينَ,الذين,الَّذِينَ,closed_class,1.000,9:118:3,
no_root_found,N/A,الْأَرْضُ,الأرض,أَرْضُ,ارض,1.000,9:118:9,
closed_class_surface,الذين,الَّذِينَ,الذين,الَّذِينَ,closed_class,1.000,9:119:2,
no_root_found,N/A,الْمَدِينَةِ,المدينة,مَدِينَ,مدين,1.000,9:120:4,
closed_class_surface,ذلك,ذَلِكَ,ذلك,ذَلِكَ,closed_class,1.000,9:120:19,
no_root_found,N/A,صَالِحٌ,صالح,صَالِحٌ,صالح,1.000,9:120:46,
closed_class_surface,الذين,الَّذِينَ,الذين,الَّذِينَ,closed_class,1.000,9:123:2,
closed_class_surface,الذين,الَّذِينَ,الذين,الَّذِينَ,closed_class,1.000,9:123:5,
low_confidence,ليجد,وَلْيَجِدُوا,وليجدوا,وَلْيَجِدُ,فعلل,0.628,9:123:9,لجد/فيعال@0.58 ; لجد/فيعال@0.58 ; ليجد/فعلال@0.58
closed_class_surface,هذه,هَذِهِ,هذه,هَذِهِ,closed_class,1.000,9:124:10,
closed_class_surface,الذين,الَّذِينَ,الذين,الَّذِينَ,closed_class,1.000,9:124:13,
closed_class_surface,الذين,الَّذِينَ,الذين,الَّذِينَ,closed_class,1.000,9:125:2,
no_root_found,N/A,الر,الر,الر,الر,1.000,10:1:1,
closed_class_surface,تلك,تِلْكَ,تلك,تِلْكَ,closed_class,1.000,10:1:2,
closed_class_surface,الذين,الَّذِينَ,الذين,الَّذِينَ,closed_class,1.000,10:2:13,
closed_class_surface,هذا,هَذَا,هذا,هَذَا,closed_class,1.000,10:2:24,
closed_class_surface,الذي,الَّذِي,الذي,الَّذِي,closed_class,1.000,10:3:4,
no_root_found,N/A,وَالْأَرْضَ,والأرض,أَرْضَ,ارض,1.000,10:3:7,
no_root_found,N/A,إِذْنِهِ,إذنه,إِذْنِ,اذن,1.000,10:3:23,
closed_class_surface,الذين,الَّذِينَ,الذين,الَّذِينَ,closed_class,1.000,10:4:13,
no_root_found,N/A,الصَّالِحَاتِ,الصالحات,صَالِحَ,صالح,1.000,10:4:16,
closed_class_surface,الذين,وَالَّذِينَ,والذين,الَّذِينَ,closed_class,1.000,10:4:18,
closed_class_surface,الذي,الَّذِي,الذي,الَّذِي,closed_class,1.000,10:5:2,
closed_class_surface,ذلك,ذَلِكَ,ذلك,ذَلِكَ,closed_class,1.000,10:5:17,
no_root_found,N/A,وَالْأَرْضِ,والأرض,أَرْضِ,ارض,1.000,10:6:11,
closed_class_surface,الذين,الَّذِينَ,الذين,الَّذِينَ,closed_class,1.000,10:7:2,
closed_class_surface,الذين,وَالَّذِينَ,والذين,الَّذِينَ,closed_class,1.000,10:7:11,
closed_class_surface,الذين,الَّذِينَ,الذين,الَّذِينَ,closed_class,1.000,10:9:2,
no_root_found,N/A,الصَّالِحَاتِ,الصالحات,صَالِحَ,صالح,1.000,10:9:5,
closed_class_surface,الذين,الَّذِينَ,الذين,الَّذِينَ,closed_class,1.000,10:11:12,
closed_class_surface,ذلك,كَذَلِكَ,كذلك,ذَلِكَ,closed_class,1.000,10:12:22,
closed_class_surface,ذلك,كَذَلِكَ,كذلك,ذَلِكَ,closed_class,1.000,10:13:14,
no_root_found,N/A,الْأَرْضِ,الأرض,أَرْضِ,ارض,1.000,10:14:5,
closed_class_surface,الذين,الَّذِينَ,الذين,الَّذِينَ,closed_class,1.000,10:15:7,
closed_class_surface,هذا,هَذَا,هذا,هَذَا,closed_class,1.000,10:15:14,
no_root_found,N/A,الْأَرْضِ,الأرض,أَرْضِ,ارض,1.000,10:18:25,
low_confidence,ختلف,يَخْتَلِفُونَ,يختلفون,خْتَلِفُ,فعلل,0.697,10:19:17,خلف/فتعل@0.68 ; ختلف/فعلل@0.63 ; ختلف/فعلل@0.63
closed_class_surface,الذي,الَّذِي,الذي,الَّذِي,closed_class,1.000,10:22:2,
closed_class_surface,هذه,هَذِهِ,هذه,هَذِهِ,closed_class,1.000,10:22:38,
low_confidence,كين,لَنَكُونَنَّ,لنكونن,لَنَكُونَنَّ,نفعلن,0.610,10:22:39,كون/نفعلن@0.59
no_root_found,N/A,الْأَرْضِ,الأرض,أَرْضِ,ارض,1.000,10:23:7,
no_root_found,N/A,الْأَرْضِ,الأرض,أَرْضِ,ارض,1.000,10:24:12,
no_root_found,N/A,الْأَرْضُ,الأرض,أَرْضُ,ارض,1.000,10:24:20,
closed_class_surface,ذلك,كَذَلِكَ,كذلك,ذَلِكَ,closed_class,1.000,10:24:39,
closed_class_surface,الذين,لِلَّذِينَ,للذين,الَذِينَ,closed_class,1.000,10:26:1,
closed_class_surface,الذين,وَالَّذِينَ,والذين,الَّذِينَ,closed_class,1.000,10:27:1,
closed_class_surface,الذين,لِلَّذِينَ,للذين,الَذِينَ,closed_class,1.000,10:28:6,
no_root_found,N/A,وَالْأَرْضِ,والأرض,أَرْضِ,ارض,1.000,10:31:6,
no_root_found,N/A,يَمْلِكُ,يملك,مْلِكُ,ملك,1.000,10:31:8,
closed_class_surface,ذلك,كَذَلِكَ,كذلك,ذَلِكَ,closed_class,1.000,10:33:1,
closed_class_surface,الذين,الَّذِينَ,الذين,الَّذِينَ,closed_class,1.000,10:33:6,
closed_class_surface,هذا,هَذَا,هذا,هَذَا,closed_class,1.000,10:37:3,
closed_class_surface,الذي,الَّذِي,الذي,الَّذِي,closed_class,1.000,10:37:12,
low_confidence,سطع,اسْتَطَعْتُمْ,استطعتم,اسْتَطَعْ,افتعل,0.658,10:38:10,ستطع/افعلل@0.66 ; سطع/افتعل@0.62 ; سطع/افتعل@0.62
closed_class_surface,ذلك,كَذَلِكَ,كذلك,ذَلِكَ,closed_class,1.000,10:39:10,
closed_class_surface,الذين,الَّذِينَ,الذين,الَّذِينَ,closed_class,1.000,10:39:12,
closed_class_surface,الذين,الَّذِينَ,الذين,الَّذِينَ,closed_class,1.000,10:45:14,
closed_class_surface,الذي,الَّذِي,الذي,الَّذِي,closed_class,1.000,10:46:4,
closed_class_surface,هذا,هَذَا,هذا,هَذَا,closed_class,1.000,10:48:3,
closed_class_surface,الذين,لِلَّذِينَ,للذين,الَذِينَ,closed_class,1.000,10:52:3,
no_root_found,N/A,الْأَرْضِ,الأرض,أَرْضِ,ارض,1.000,10:54:8,
no_root_found,N/A,وَالْأَرْضِ,والأرض,أَرْضِ,ارض,1.000,10:55:7,
closed_class_surface,ذلك,فَبِذَلِكَ,فبذلك,ذَلِكَ,closed_class,1.000,10:58:5,
no_root_found,N/A,أَذِنَ,أذن,أَذِنَ,اذن,1.000,10:59:15,
closed_class_surface,الذين,الَّذِينَ,الذين,الَّذِينَ,closed_class,1.000,10:60:3,
no_root_found,N/A,الْأَرْضِ,الأرض,أَرْضِ,ارض,1.000,10:61:29,
closed_class_surface,ذلك,ذَلِكَ,ذلك,ذَلِكَ,closed_class,1.000,10:61:36,
closed_class_surface,الذين,الَّذِينَ,الذين,الَّذِينَ,closed_class,1.000,10:63:1,
closed_class_surface,ذلك,ذَلِكَ,ذلك,ذَلِكَ,closed_class,1.000,10:64:12,
no_root_found,N/A,الْأَرْضِ,الأرض,أَرْضِ,ارض,1.000,10:66:9,
closed_class_surface,الذين,الَّذِينَ,الذين,الَّذِينَ,closed_class,1.000,10:66:12,
no_root_found,N/A,يَتَّبِعُونَ,يتبعون,تَّبِعُ,تبع,1.000,10:66:19,
closed_class_surface,الذي,الَّذِي,الذي,الَّذِي,closed_class,1.000,10:67:2,
closed_class_surface,ذلك,ذَلِكَ,ذلك,ذَلِكَ,closed_class,1.000,10:67:12,
no_root_found,N/A,الْأَرْضِ,الأرض,أَرْضِ,ارض,1.000,10:68:14,
closed_class_surface,هذا,بِهَذَا,بهذا,هَذَا,closed_class,1.000,10:68:19,
closed_class_surface,الذين,الَّذِينَ,الذين,الَّذِينَ,closed_class,1.000,10:69:3,
no_root_found,N/A,نُوحٍ,نوح,نُوحٍ,نوح,1.000,10:71:4,
closed_class_surface,الذين,الَّذِينَ,الذين,الَّذِينَ,closed_class,1.000,10:73:10,
closed_class_surface,ذلك,كَذَلِكَ,كذلك,ذَلِكَ,closed_class,1.000,10:74:18,
no_root_found,N/A,مُوسَى,موسى,مُوسَى,موسي,1.000,10:75:5,
no_root_found,N/A,وَهَارُونَ,وهارون,هَارُونَ,هارون,1.000,10:75:6,
no_root_found,N/A,فِرْعَوْنَ,فرعون,فِرْعَوْنَ,فرعون,1.000,10:75:8,
closed_class_surface,هذا,هَذَا,هذا,هَذَا,closed_class,1.000,10:76:8,
no_root_found,N/A,مُوسَى,موسى,مُوسَى,موسي,1.000,10:77:2,
closed_class_surface,هذا,هَذَا,هذا,هَذَا,closed_class,1.000,10:77:8,
no_root_found,N/A,الْأَرْضِ,الأرض,أَرْضِ,ارض,1.000,10:78:12,
no_root_found,N/A,فِرْعَوْنُ,فرعون,فِرْعَوْنُ,فرعون,1.000,10:79:2,
no_root_found,N/A,مُوسَى,موسى,مُوسَى,موسي,1.000,10:80:6,
no_root_found,N/A,مُوسَى,موسى,مُوسَى,موسي,1.000,10:81:4,
no_root_found,N/A,لِمُوسَى,لموسى,مُوسَى,موسي,1.000,10:83:3,
no_root_found,N/A,فِرْعَوْنَ,فرعون,فِرْعَوْنَ,فرعون,1.000,10:83:11,
no_root_found,N/A,فِرْعَوْنَ,فرعون,فِرْعَوْنَ,فرعون,1.000,10:83:16,
no_root_found,N/A,الْأَرْضِ,الأرض,أَرْضِ,ارض,1.000,10:83:19,
no_root_found,N/A,مُوسَى,موسى,مُوسَى,موسي,1.000,10:84:2,
no_root_found,N/A,مُوسَى,موسى,مُوسَى,موسي,1.000,10:87:3,
no_root_found,N/A,بِمِصْرَ,بمصر,مِصْرَ,مصر,1.000,10:87:8,
no_root_found,N/A,مُوسَى,موسى,مُوسَى,موسي,1.000,10:88:2,
no_root_found,N/A,فِرْعَوْنَ,فرعون,فِرْعَوْنَ,فرعون,1.000,10:88:6,
closed_class_surface,الذين,الَّذِينَ,الذين,الَّذِينَ,closed_class,1.000,10:89:9,
no_root_found,N/A,إِسْرَائِيلَ,إسرائيل,إِسْرَائِيلَ,اسراءيل,1.000,10:90:3,
no_root_found,N/A,فِرْعَوْنُ,فرعون,فِرْعَوْنُ,فرعون,1.000,10:90:6,
closed_class_surface,الذي,الَّذِي,الذي,الَّذِي,closed_class,1.000,10:90:20,
no_root_found,N/A,إِسْرَائِيلَ,إسرائيل,إِسْرَائِيلَ,اسراءيل,1.000,10:90:24,
no_root_found,N/A,إِسْرَائِيلَ,إسرائيل,إِسْرَائِيلَ,اسراءيل,1.000,10:93:4,
low_confidence,ختلف,يَخْتَلِفُونَ,يختلفون,خْتَلِفُ,فعلل,0.697,10:93:24,خلف/فتعل@0.68 ; ختلف/فعلل@0.63 ; ختلف/فعلل@0.63
closed_class_surface,الذين,الَّذِينَ,الذين,الَّذِينَ,closed_class,1.000,10:94:9,
closed_class_surface,الذين,الَّذِينَ,الذين,الَّذِينَ,closed_class,1.000,10:95:4,
closed_class_surface,الذين,الَّذِينَ,الذين,الَّذِينَ,closed_class,1.000,10:96:2,
no_root_found,N/A,يُونُسَ,يونس,يُونُسَ,يونس,1.000,10:98:9,
no_root_found,N/A,الْأَرْضِ,الأرض,أَرْضِ,ارض,1.000,10:99:7,
no_root_found,N/A,بِإِذْنِ,بإذن,إِذْنِ,اذن,1.000,10:100:7,
closed_class_surface,الذين,الَّذِينَ,الذين,الَّذِينَ,closed_class,1.000,10:100:12,
no_root_found,N/A,وَالْأَرْضِ,والأرض,أَرْضِ,ارض,1.000,10:101:6,
closed_class_surface,الذين,الَّذِينَ,الذين,الَّذِينَ,closed_class,1.000,10:102:6,
closed_class_surface,الذين,وَالَّذِينَ,والذين,الَّذِينَ,closed_class,1.000,10:103:4,
closed_class_surface,ذلك,كَذَلِكَ,كذلك,ذَلِكَ,closed_class,1.000,10:103:6,
closed_class_surface,الذين,الَّذِينَ,الذين,الَّذِينَ,closed_class,1.000,10:104:12,
closed_class_surface,الذي,الَّذِي,الذي,الَّذِي,closed_class,1.000,10:104:20,
no_root_found,N/A,الر,الر,الر,الر,1.000,11:1:1,
no_root_found,N/A,الْأَرْضِ,الأرض,أَرْضِ,ارض,1.000,11:6:5,
closed_class_surface,الذي,الَّذِي,الذي,الَّذِي,closed_class,1.000,11:7:2,
no_root_found,N/A,وَالْأَرْضَ,والأرض,أَرْضَ,ارض,1.000,11:7:5,
low_confidence,قيل,لَيَقُولَنَّ,ليقولن,لَيَقُولَنَّ,يفعلن,0.654,11:7:24,قول/يفعلن@0.64 ; قلو/يفعلن@0.61 ; قيل/يفعلن@0.61
closed_class_surface,الذين,الَّذِينَ,الذين,الَّذِينَ,closed_class,1.000,11:7:25,
closed_class_surface,هذا,هَذَا,هذا,هَذَا,closed_class,1.000,11:7:28,
low_confidence,قيل,لَيَقُولُنَّ,ليقولن,لَيَقُولُنَّ,يفعلن,0.654,11:8:8,قول/يفعلن@0.64 ; قلو/يفعلن@0.61 ; قيل/يفعلن@0.61
low_confidence,قيل,لَيَقُولَنَّ,ليقولن,لَيَقُولَنَّ,يفعلن,0.654,11:10:7,قول/يفعلن@0.64 ; قلو/يفعلن@0.61 ; قيل/يفعلن@0.61
no_root_found,N/A,ذَهَبَ,ذهب,ذَهَبَ,ذهب,1.000,11:10:8,
closed_class_surface,الذين,الَّذِينَ,الذين,الَّذِينَ,closed_class,1.000,11:11:2,
no_root_found,N/A,الصَّالِحَاتِ,الصالحات,صَالِحَ,صالح,1.000,11:11:5,
no_root_found,N/A,مَلَكٌ,ملك,مَلَكٌ,ملك,1.000,11:12:19,
low_confidence,سطع,اسْتَطَعْتُمْ,استطعتم,اسْتَطَعْ,افتعل,0.658,11:13:12,ستطع/افعلل@0.66 ; سطع/افتعل@0.62 ; سطع/افتعل@0.62
no_root_found,N/A,فَإِلَّمْ,فإلم,إِلَّمْ,الم,1.000,11:14:1,
closed_class_surface,الذين,الَّذِينَ,الذين,الَّذِينَ,closed_class,1.000,11:16:2,
no_root_found,N/A,مُوسَى,موسى,مُوسَى,موسي,1.000,11:17:13,
closed_class_surface,الذين,الَّذِينَ,الذين,الَّذِينَ,closed_class,1.000,11:18:15,
closed_class_surface,الذين,الَّذِينَ,الذين,الَّذِينَ,closed_class,1.000,11:19:1,
no_root_found,N/A,الْأَرْضِ,الأرض,أَرْضِ,ارض,1.000,11:20:6,
closed_class_surface,الذين,الَّذِينَ,الذين,الَّذِينَ,closed_class,1.000,11:21:2,
closed_class_surface,الذين,الَّذِينَ,الذين,الَّذِينَ,closed_class,1.000,11:23:2,
no_root_found,N/A,الصَّالِحَاتِ,الصالحات,صَالِحَ,صالح,1.000,11:23:5,
no_root_found,N/A,نُوحَاً,نوحا,نُوحَ,نوح,1.000,11:25:3,
closed_class_surface,الذين,الَّذِينَ,الذين,الَّذِينَ,closed_class,1.000,11:27:3,
closed_class_surface,الذين,الَّذِينَ,الذين,الَّذِينَ,closed_class,1.000,11:27:16,
low_confidence,زكم,أَنُلْزِمُكُمُوهَا,أنلزمكموها,لْزِمُكُمُو,فلعلو,0.517,11:28:16,
closed_class_surface,الذين,الَّذِينَ,الذين,الَّذِينَ,closed_class,1.000,11:29:14,
no_root_found,N/A,مَلَكٌ,ملك,مَلَكٌ,ملك,1.000,11:31:13,
closed_class_surface,الذين,لِلَّذِينَ,للذين,الَذِينَ,closed_class,1.000,11:31:16,
no_root_found,N/A,يَانُوحُ,يانوح,نُوحُ,نوح,1.000,11:32:2,
no_root_found,N/A,نُوحٍ,نوح,نُوحٍ,نوح,1.000,11:36:3,
closed_class_surface,الذين,الَّذِينَ,الذين,الَّذِينَ,closed_class,1.000,11:37:8,
no_root_found,N/A,نُوحٌ,نوح,نُوحٌ,نوح,1.000,11:42:8,
no_root_found,N/A,يَاأَرْضُ,ياأرض,أَرْضُ,ارض,1.000,11:44:2,
no_root_found,N/A,نُوحٌ,نوح,نُوحٌ,نوح,1.000,11:45:2,
no_root_found,N/A,يَانُوحُ,يانوح,نُوحُ,نوح,1.000,11:46:2,
no_root_found,N/A,صَالِحٍ,صالح,صَالِحٍ,صالح,1.000,11:46:10,
no_root_found,N/A,يَانُوحُ,يانوح,نُوحُ,نوح,1.000,11:48:2,
closed_class_surface,تلك,تِلْكَ,تلك,تِلْكَ,closed_class,1.000,11:49:1,
closed_class_surface,هذا,هَذَا,هذا,هَذَا,closed_class,1.000,11:49:15,
no_root_found,N/A,عَادٍ,عاد,عَادٍ,عاد,1.000,11:50:2,
no_root_found,N/A,هُودَاً,هودا,هُودَ,هود,1.000,11:50:4,
closed_class_surface,الذي,الَّذِي,الذي,الَّذِي,closed_class,1.000,11:51:10,
no_root_found,N/A,يَاهُودُ,ياهود,هُودُ,هود,1.000,11:53:2,
no_root_found,N/A,هُودَاً,هودا,هُودَ,هود,1.000,11:58:5,
closed_class_surface,الذين,وَالَّذِينَ,والذين,الَّذِينَ,closed_class,1.000,11:58:6,
closed_class_surface,تلك,وَتِلْكَ,وتلك,تِلْكَ,closed_class,1.000,11:59:1,
no_root_found,N/A,عَادٌ,عاد,عَادٌ,عاد,1.000,11:59:2,
closed_class_surface,هذه,هَذِهِ,هذه,هَذِهِ,closed_class,1.000,11:60:3,
no_root_found,N/A,عَادَاً,عادا,عَادَ,عاد,1.000,11:60:10,
no_root_found,N/A,هُودٍ,هود,هُودٍ,هود,1.000,11:60:17,
no_root_found,N/A,ثَمُودَ,ثمود,ثَمُودَ,ثمود,1.000,11:61:2,
no_root_found,N/A,صَالِحَاً,صالحا,صَالِحَ,صالح,1.000,11:61:4,
no_root_found,N/A,الْأَرْضِ,الأرض,أَرْضِ,ارض,1.000,11:61:17,
no_root_found,N/A,يَاصَالِحُ,ياصالح,صَالِحُ,صالح,1.000,11:62:2,
closed_class_surface,هذا,هَذَا,هذا,هَذَا,closed_class,1.000,11:62:8,
closed_class_surface,هذه,هَذِهِ,هذه,هَذِهِ,closed_class,1.000,11:64:2,
no_root_found,N/A,أَرْضِ,أرض,أَرْضِ,ارض,1.000,11:64:10,
closed_class_surface,ذلك,ذَلِكَ,ذلك,ذَلِكَ,closed_class,1.000,11:65:8,
no_root_found,N/A,صَالِحَاً,صالحا,صَالِحَ,صالح,1.000,11:66:5,
closed_class_surface,الذين,وَالَّذِينَ,والذين,الَّذِينَ,closed_class,1.000,11:66:6,
closed_class_surface,الذين,الَّذِينَ,الذين,الَّذِينَ,closed_class,1.000,11:67:2,
no_root_found,N/A,ثَمُودَ,ثمود,ثَمُودَ,ثمود,1.000,11:68:7,
no_root_found,N/A,لِثَمُودَ,لثمود,ثَمُودَ,ثمود,1.000,11:68:12,
no_root_found,N/A,إِبْرَاهِيمَ,إبراهيم,إِبْرَاهِيمَ,ابراهيم,1.000,11:69:4,
no_root_found,N/A,لُوطٍ,لوط,لُوطٍ,لوط,1.000,11:70:18,
no_root_found,N/A,بِإِسْحَاقَ,بإسحاق,إِسْحَاقَ,اسحاق,1.000,11:71:5,
no_root_found,N/A,إِسْحَاقَ,إسحاق,إِسْحَاقَ,اسحاق,1.000,11:71:8,
no_root_found,N/A,يَعْقُوبَ,يعقوب,يَعْقُوبَ,يعقوب,1.000,11:71:9,
closed_class_surface,هذا,وَهَذَا,وهذا,هَذَا,closed_class,1.000,11:72:6,
closed_class_surface,هذا,هَذَا,هذا,هَذَا,closed_class,1.000,11:72:10,
no_root_found,N/A,ذَهَبَ,ذهب,ذَهَبَ,ذهب,1.000,11:74:2,
no_root_found,N/A,إِبْرَاهِيمَ,إبراهيم,إِبْرَاهِيمَ,ابراهيم,1.000,11:74:4,
no_root_found,N/A,لُوطٍ,لوط,لُوطٍ,لوط,1.000,11:74:11,
no_root_found,N/A,إِبْرَاهِيمَ,إبراهيم,إِبْرَاهِيمَ,ابراهيم,1.000,11:75:2,
no_root_found,N/A,يَاإِبْرَاهِيمُ,ياإبراهيم,إِبْرَاهِيمُ,ابراهيم,1.000,11:76:1,
closed_class_surface,هذا,هَذَا,هذا,هَذَا,closed_class,1.000,11:76:4,
no_root_found,N/A,لُوطَاً,لوطا,لُوطَ,لوط,1.000,11:77:4,
closed_class_surface,هذا,هَذَا,هذا,هَذَا,closed_class,1.000,11:77:11,
no_root_found,N/A,يَالُوطُ,يالوط,لُوطُ,لوط,1.000,11:81:2,
no_root_found,N/A,مَدْيَنَ,مدين,مَدْيَنَ,مدين,1.000,11:84:2,
no_root_found,N/A,شُعَيْبَاً,شعيبا,شُعَيْبَ,شعيب,1.000,11:84:4,
no_root_found,N/A,الْأَرْضِ,الأرض,أَرْضِ,ارض,1.000,11:85:13,
no_root_found,N/A,يَاشُعَيْبُ,ياشعيب,شُعَيْبُ,شعيب,1.000,11:87:2,
low_confidence,سطع,اسْتَطَعْتُ,استطعت,اسْتَطَعْ,افتعل,0.658,11:88:27,ستطع/افعلل@0.66 ; سطع/افتعل@0.62 ; سطع/افتعل@0.62
low_confidence,جرمن,يَجْرِمَنَّكُمْ,يجرمنكم,جْرِمَنَّ,فعلل,0.697,11:89:3,جرم/فعلن@0.68 ; جرمن/فعلل@0.63 ; جرمن/فعلل@0.63
no_root_found,N/A,نُوحٍ,نوح,نُوحٍ,نوح,1.000,11:89:11,
no_root_found,N/A,هُودٍ,هود,هُودٍ,هود,1.000,11:89:14,
no_root_found,N/A,صَالِحٍ,صالح,صَالِحٍ,صالح,1.000,11:89:17,
no_root_found,N/A,لُوطٍ,لوط,لُوطٍ,لوط,1.000,11:89:20,
no_root_found,N/A,يَاشُعَيْبُ,ياشعيب,شُعَيْبُ,شعيب,1.000,11:91:2,
no_root_found,N/A,شُعَيْبَاً,شعيبا,شُعَيْبَ,شعيب,1.000,11:94:5,
closed_class_surface,الذين,وَالَّذِينَ,والذين,الَّذِينَ,closed_class,1.000,11:94:6,
closed_class_surface,الذين,الَّذِينَ,الذين,الَّذِينَ,closed_class,1.000,11:94:12,
no_root_found,N/A,لِمَدْيَنَ,لمدين,مَدْيَنَ,مدين,1.000,11:95:7,
no_root_found,N/A,ثَمُودُ,ثمود,ثَمُودُ,ثمود,1.000,11:95:10,
no_root_found,N/A,مُوسَى,موسى,مُوسَى,موسي,1.000,11:96:3,
no_root_found,N/A,فِرْعَوْنَ,فرعون,فِرْعَوْنَ,فرعون,1.000,11:97:2,
no_root_found,N/A,فِرْعَوْنَ,فرعون,فِرْعَوْنَ,فرعون,1.000,11:97:6,
no_root_found,N/A,فِرْعَوْنَ,فرعون,فِرْعَوْنَ,فرعون,1.000,11:97:9,
closed_class_surface,هذه,هَذِهِ,هذه,هَذِهِ,closed_class,1.000,11:99:3,
closed_class_surface,ذلك,ذَلِكَ,ذلك,ذَلِكَ,closed_class,1.000,11:100:1,
closed_class_surface,التي,الَّتِي,التي,الَّتِي,closed_class,1.000,11:101:10,
closed_class_surface,ذلك,وَكَذَلِكَ,وكذلك,ذَلِكَ,closed_class,1.000,11:102:1,
closed_class_surface,ذلك,ذَلِكَ,ذلك,ذَلِكَ,closed_class,1.000,11:103:3,
closed_class_surface,ذلك,ذَلِكَ,ذلك,ذَلِكَ,closed_class,1.000,11:103:9,
closed_class_surface,ذلك,وَذَلِكَ,وذلك,ذَلِكَ,closed_class,1.000,11:103:14,
no_root_found,N/A,بِإِذْنِهِ,بإذنه,إِذْنِ,اذن,1.000,11:105:7,
closed_class_surface,الذين,الَّذِينَ,الذين,الَّذِينَ,closed_class,1.000,11:106:2,
no_root_found,N/A,وَالْأَرْضُ,والأرض,أَرْضُ,ارض,1.000,11:107:5,
closed_class_surface,الذين,الَّذِينَ,الذين,الَّذِينَ,closed_class,1.000,11:108:2,
no_root_found,N/A,وَالْأَرْضُ,والأرض,أَرْضُ,ارض,1.000,11:108:11,
no_root_found,N/A,مُوسَى,موسى,مُوسَى,موسي,1.000,11:110:3,
closed_class_surface,الذين,الَّذِينَ,الذين,الَّذِينَ,closed_class,1.000,11:113:4,
low_confidence,ذهب,يُذْهِبْنَ,يذهبن,ذْهِبْنَ,فعلن,0.684,11:114:10,ذهبن/فعلل@0.63 ; ذهبن/فعلل@0.63 ; ذهبن/فعلل@0.63
closed_class_surface,ذلك,ذَلِكَ,ذلك,ذَلِكَ,closed_class,1.000,11:114:12,
no_root_found,N/A,الْأَرْضِ,الأرض,أَرْضِ,ارض,1.000,11:116:13,
closed_class_surface,الذين,الَّذِينَ,الذين,الَّذِينَ,closed_class,1.000,11:116:20,
closed_class_surface,ذلك,وَلِذَلِكَ,ولذلك,ذَلِكَ,closed_class,1.000,11:119:5,
low_confidence,ملء,لَأَمْلَأَنَّ,لأملأن,لَأَمْلَأَنَّ,افعلن,0.681,11:119:10,ملء/افعلن@0.64 ; ملء/افعلن@0.59 ; ملء/افعلن@0.59
no_root_found,N/A,جَهَنَّمَ,جهنم,جَهَنَّمَ,جهنم,1.000,11:119:11,
closed_class_surface,هذه,هَذِهِ,هذه,هَذِهِ,closed_class,1.000,11:120:13,
closed_class_surface,الذين,لِلَّذِينَ,للذين,الَذِينَ,closed_class,1.000,11:121:2,
no_root_found,N/A,وَالْأَرْضِ,والأرض,أَرْضِ,ارض,1.000,11:123:4,
no_root_found,N/A,الر,الر,الر,الر,1.000,12:1:1,
closed_class_surface,تلك,تِلْكَ,تلك,تِلْكَ,closed_class,1.000,12:1:2,
closed_class_surface,هذا,هَذَا,هذا,هَذَا,closed_class,1.000,12:3:9,
no_root_found,N/A,يُوسُفُ,يوسف,يُوسُفُ,يوسف,1.000,12:4:3,
closed_class_surface,ذلك,وَكَذَلِكَ,وكذلك,ذَلِكَ,closed_class,1.000,12:6:1,
no_root_found,N/A,يَعْقُوبَ,يعقوب,يَعْقُوبَ,يعقوب,1.000,12:6:13,
no_root_found,N/A,إِبْرَاهِيمَ,إبراهيم,إِبْرَاهِيمَ,ابراهيم,1.000,12:6:20,
no_root_found,N/A,وَإِسْحَاقَ,وإسحاق,إِسْحَاقَ,اسحاق,1.000,12:6:21,
no_root_found,N/A,يُوسُفَ,يوسف,يُوسُفَ,يوسف,1.000,12:7:4,
no_root_found,N/A,يُوسُفَ,يوسف,يُوسُفَ,يوسف,1.000,12:9:2,
no_root_found,N/A,أَرْضَاً,أرضا,أَرْضَ,ارض,1.000,12:9:5,
no_root_found,N/A,صَالِحِينَ,صالحين,صَالِحِ,صالح,1.000,12:9:14,
no_root_found,N/A,يُوسُفَ,يوسف,يُوسُفَ,يوسف,1.000,12:10:6,
no_root_found,N/A,يُوسُفَ,يوسف,يُوسُفَ,يوسف,1.000,12:11:8,
no_root_found,N/A,تَذْهَبُوا,تذهبوا,ذْهَبُ,ذهب,1.000,12:13:5,
no_root_found,N/A,ذَهَبُوا,ذهبوا,ذَهَبُ,ذهب,1.000,12:15:2,
low_confidence,نبء,لَتُنَبِّئَنَّهُمْ,لتنبئنهم,لَتُنَبِّئَنَّ,تفعلن,0.681,12:15:12,نبءن/تفعلل@0.66 ; نبء/تفعلن@0.64 ; نبء/تفعلن@0.59
closed_class_surface,هذا,هَذَا,هذا,هَذَا,closed_class,1.000,12:15:14,
no_root_found,N/A,ذَهَبْنَا,ذهبنا,ذَهَبْ,ذهب,1.000,12:17:4,
no_root_found,N/A,يُوسُفَ,يوسف,يُوسُفَ,يوسف,1.000,12:17:7,
closed_class_surface,هذا,هَذَا,هذا,هَذَا,closed_class,1.000,12:19:9,
closed_class_surface,الذي,الَّذِي,الذي,الَّذِي,closed_class,1.000,12:21:2,
no_root_found,N/A,مِصْرَ,مصر,مِصْرَ,مصر,1.000,12:21:5,
closed_class_surface,ذلك,وَكَذَلِكَ,وكذلك,ذَلِكَ,closed_class,1.000,12:21:15,
no_root_found,N/A,لِيُوسُفَ,ليوسف,يُوسُفَ,يوسف,1.000,12:21:17,
no_root_found,N/A,الْأَرْضِ,الأرض,أَرْضِ,ارض,1.000,12:21:19,
closed_class_surface,ذلك,وَكَذَلِكَ,وكذلك,ذَلِكَ,closed_class,1.000,12:22:7,
closed_class_surface,التي,الَّتِي,التي,الَّتِي,closed_class,1.000,12:23:2,
closed_class_surface,ذلك,كَذَلِكَ,كذلك,ذَلِكَ,closed_class,1.000,12:24:11,
no_root_found,N/A,يُوسُفُ,يوسف,يُوسُفُ,يوسف,1.000,12:29:1,
closed_class_surface,هذا,هَذَا,هذا,هَذَا,closed_class,1.000,12:29:4,
no_root_found,N/A,الْمَدِينَةِ,المدينة,مَدِينَ,مدين,1.000,12:30:4,
closed_class_surface,هذا,هَذَا,هذا,هَذَا,closed_class,1.000,12:31:26,
closed_class_surface,هذا,هَذَا,هذا,هَذَا,closed_class,1.000,12:31:29,
no_root_found,N/A,مَلَكٌ,ملك,مَلَكٌ,ملك,1.000,12:31:31,
closed_class_surface,الذي,الَّذِي,الذي,الَّذِي,closed_class,1.000,12:32:3,
low_confidence,سجن,لَيُسْجَنَنَّ,ليسجنن,لَيُسْجَنَنَّ,يفعلن,0.638,12:32:16,سجن/يفعلن@0.64 ; سجن/يفعلن@0.59 ; سجن/يفعلن@0.59
low_confidence,سجن,لَيَسْجُنُنَّهُ,ليسجننه,لَيَسْجُنُنَّ,يفعلن,0.638,12:35:9,سجن/يفعلن@0.64 ; سجن/يفعلن@0.64 ; سجن/يفعلن@0.64
no_root_found,N/A,خَمْرَاً,خمرا,خَمْرَ,خمر,1.000,12:36:10,
no_root_found,N/A,إِبْرَاهِيمَ,إبراهيم,إِبْرَاهِيمَ,ابراهيم,1.000,12:38:4,
no_root_found,N/A,وَإِسْحَاقَ,وإسحاق,إِسْحَاقَ,اسحاق,1.000,12:38:5,
no_root_found,N/A,وَيَعْقُوبَ,ويعقوب,يَعْقُوبَ,يعقوب,1.000,12:38:6,
closed_class_surface,ذلك,ذَلِكَ,ذلك,ذَلِكَ,closed_class,1.000,12:38:15,
closed_class_surface,ذلك,ذَلِكَ,ذلك,ذَلِكَ,closed_class,1.000,12:40:25,
no_root_found,N/A,خَمْرَاً,خمرا,خَمْرَ,خمر,1.000,12:41:7,
closed_class_surface,الذي,الَّذِي,الذي,الَّذِي,closed_class,1.000,12:41:17,
closed_class_surface,الذي,لِلَّذِي,للذي,الَذِي,closed_class,1.000,12:42:2,
no_root_found,N/A,الْمَلِكُ,الملك,مَلِكُ,ملك,1.000,12:43:2,
closed_class_surface,الذي,الَّذِي,الذي,الَّذِي,closed_class,1.000,12:45:2,
no_root_found,N/A,يُوسُفُ,يوسف,يُوسُفُ,يوسف,1.000,12:46:1,
closed_class_surface,ذلك,ذَلِكَ,ذلك,ذَلِكَ,closed_class,1.000,12:48:5,
closed_class_surface,ذلك,ذَلِكَ,ذلك,ذَلِكَ,closed_class,1.000,12:49:5,
no_root_found,N/A,الْمَلِكُ,الملك,مَلِكُ,ملك,1.000,12:50:2,
closed_class_surface,اللاتي,اللَّاتِي,اللاتي,اللَّاتِي,closed_class,1.000,12:50:16,
no_root_found,N/A,يُوسُفَ,يوسف,يُوسُفَ,يوسف,1.000,12:51:6,
closed_class_surface,ذلك,ذَلِكَ,ذلك,ذَلِكَ,closed_class,1.000,12:52:1,
no_root_found,N/A,الْمَلِكُ,الملك,مَلِكُ,ملك,1.000,12:54:2,
no_root_found,N/A,الْأَرْضِ,الأرض,أَرْضِ,ارض,1.000,12:55:5,
closed_class_surface,ذلك,وَكَذَلِكَ,وكذلك,ذَلِكَ,closed_class,1.000,12:56:1,
no_root_found,N/A,لِيُوسُفَ,ليوسف,يُوسُفَ,يوسف,1.000,12:56:3,
no_root_found,N/A,الْأَرْضِ,الأرض,أَرْضِ,ارض,1.000,12:56:5,
closed_class_surface,الذين,لِلَّذِينَ,للذين,الَذِينَ,closed_class,1.000,12:57:4,
no_root_found,N/A,يُوسُفَ,يوسف,يُوسُفَ,يوسف,1.000,12:58:3,
no_root_found,N/A,انْقَلَبُوا,انقلبوا,قَلَبُ,قلب,1.000,12:62:10,
closed_class_surface,هذه,هَذِهِ,هذه,هَذِهِ,closed_class,1.000,12:65:12,
closed_class_surface,ذلك,ذَلِكَ,ذلك,ذَلِكَ,closed_class,1.000,12:65:23,
no_root_found,N/A,يَعْقُوبَ,يعقوب,يَعْقُوبَ,يعقوب,1.000,12:68:19,
no_root_found,N/A,يُوسُفَ,يوسف,يُوسُفَ,يوسف,1.000,12:69:4,
no_root_found,N/A,أَذَّنَ,أذن,أَذَّنَ,اذن,1.000,12:70:10,
no_root_found,N/A,الْمَلِكِ,الملك,مَلِكِ,ملك,1.000,12:72:4,
no_root_found,N/A,الْأَرْضِ,الأرض,أَرْضِ,ارض,1.000,12:73:9,
closed_class_surface,ذلك,كَذَلِكَ,كذلك,ذَلِكَ,closed_class,1.000,12:75:9,
closed_class_surface,ذلك,كَذَلِكَ,كذلك,ذَلِكَ,closed_class,1.000,12:76:11,
no_root_found,N/A,لِيُوسُفَ,ليوسف,يُوسُفَ,يوسف,1.000,12:76:13,
no_root_found,N/A,الْمَلِكِ,الملك,مَلِكِ,ملك,1.000,12:76:20,
no_root_found,N/A,يُوسُفُ,يوسف,يُوسُفُ,يوسف,1.000,12:77:11,
no_root_found,N/A,يُوسُفَ,يوسف,يُوسُفَ,يوسف,1.000,12:80:23,
no_root_found,N/A,الْأَرْضَ,الأرض,أَرْضَ,ارض,1.000,12:80:26,
no_root_found,N/A,يَأْذَنَ,يأذن,أْذَنَ,اذن,1.000,12:80:28,
closed_class_surface,التي,الَّتِي,التي,الَّتِي,closed_class,1.000,12:82:3,
closed_class_surface,التي,الَّتِي,التي,الَّتِي,closed_class,1.000,12:82:7,
no_root_found,N/A,يُوسُفَ,يوسف,يُوسُفَ,يوسف,1.000,12:84:6,
no_root_found,N/A,يُوسُفَ,يوسف,يُوسُفَ,يوسف,1.000,12:85:5,
no_root_found,N/A,اذْهَبُوا,اذهبوا,ذْهَبُ,ذهب,1.000,12:87:2,
no_root_found,N/A,يُوسُفَ,يوسف,يُوسُفَ,يوسف,1.000,12:87:5,
no_root_found,N/A,بِيُوسُفَ,بيوسف,يُوسُفَ,يوسف,1.000,12:89:6,
no_root_found,N/A,يُوسُفُ,يوسف,يُوسُفُ,يوسف,1.000,12:90:4,
no_root_found,N/A,يُوسُفُ,يوسف,يُوسُفُ,يوسف,1.000,12:90:7,
closed_class_surface,هذا,وَهَذَا,وهذا,هَذَا,closed_class,1.000,12:90:8,
no_root_found,N/A,اذْهَبُوا,اذهبوا,ذْهَبُ,ذهب,1.000,12:93:1,
closed_class_surface,هذا,هَذَا,هذا,هَذَا,closed_class,1.000,12:93:3,
no_root_found,N/A,يُوسُفَ,يوسف,يُوسُفَ,يوسف,1.000,12:94:9,
no_root_found,N/A,يُوسُفَ,يوسف,يُوسُفَ,يوسف,1.000,12:99:4,
no_root_found,N/A,مِصْرَ,مصر,مِصْرَ,مصر,1.000,12:99:10,
closed_class_surface,هذا,هَذَا,هذا,هَذَا,closed_class,1.000,12:100:10,
no_root_found,N/A,الْمُلْكِ,الملك,مُلْكِ,ملك,1.000,12:101:5,
no_root_found,N/A,وَالْأَرْضِ,والأرض,أَرْضِ,ارض,1.000,12:101:12,
no_root_found,N/A,بِالصَّالِحِينَ,بالصالحين,صَالِحِ,صالح,1.000,12:101:21,
closed_class_surface,ذلك,ذَلِكَ,ذلك,ذَلِكَ,closed_class,1.000,12:102:1,
no_root_found,N/A,وَالْأَرْضِ,والأرض,أَرْضِ,ارض,1.000,12:105:6,
closed_class_surface,هذه,هَذِهِ,هذه,هَذِهِ,closed_class,1.000,12:108:2,
no_root_found,N/A,نُوحِي,نوحي,نُوحِ,نوح,1.000,12:109:7,
no_root_found,N/A,الْأَرْضِ,الأرض,أَرْضِ,ارض,1.000,12:109:15,
closed_class_surface,الذين,الَّذِينَ,الذين,الَّذِينَ,closed_class,1.000,12:109:20,
closed_class_surface,الذين,لِلَّذِينَ,للذين,الَذِينَ,closed_class,1.000,12:109:26,
closed_class_surface,الذي,الَّذِي,الذي,الَّذِي,closed_class,1.000,12:111:14,
closed_class_surface,تلك,تِلْكَ,تلك,تِلْكَ,closed_class,1.000,13:1:2,
closed_class_surface,الذي,وَالَّذِي,والذي,الَّذِي,closed_class,1.000,13:1:5,
closed_class_surface,الذي,الَّذِي,الذي,الَّذِي,closed_class,1.000,13:2:2,
closed_class_surface,الذي,الَّذِي,الذي,الَّذِي,closed_class,1.000,13:3:2,
no_root_found,N/A,الْأَرْضَ,الأرض,أَرْضَ,ارض,1.000,13:3:4,
closed_class_surface,ذلك,ذَلِكَ,ذلك,ذَلِكَ,closed_class,1.000,13:3:21,
no_root_found,N/A,الْأَرْضِ,الأرض,أَرْضِ,ارض,1.000,13:4:2,
closed_class_surface,ذلك,ذَلِكَ,ذلك,ذَلِكَ,closed_class,1.000,13:4:24,
no_root_found,N/A,تُرَابَاً,ترابا,تُرَابَ,تراب,1.000,13:5:7,
closed_class_surface,الذين,الَّذِينَ,الذين,الَّذِينَ,closed_class,1.000,13:5:13,
closed_class_surface,الذين,الَّذِينَ,الذين,الَّذِينَ,closed_class,1.000,13:7:2,
closed_class_surface,الذي,الَّذِي,الذي,الَّذِي,closed_class,1.000,13:12:2,
no_root_found,N/A,الْبَرْقَ,البرق,بَرْقَ,برق,1.000,13:12:4,
no_root_found,N/A,السَّحَابَ,السحاب,سَحَابَ,سحاب,1.000,13:12:8,
closed_class_surface,الذين,وَالَّذِينَ,والذين,الَّذِينَ,closed_class,1.000,13:14:4,
no_root_found,N/A,وَالْأَرْضِ,والأرض,أَرْضِ,ارض,1.000,13:15:6,
no_root_found,N/A,وَالْأَرْضِ,والأرض,أَرْضِ,ارض,1.000,13:16:5,
no_root_found,N/A,يَمْلِكُونَ,يملكون,مْلِكُ,ملك,1.000,13:16:14,
closed_class_surface,ذلك,كَذَلِكَ,كذلك,ذَلِكَ,closed_class,1.000,13:17:23,
no_root_found,N/A,فَيَذْهَبُ,فيذهب,ذْهَبُ,ذهب,1.000,13:17:30,
no_root_found,N/A,الْأَرْضِ,الأرض,أَرْضِ,ارض,1.000,13:17:38,
closed_class_surface,ذلك,كَذَلِكَ,كذلك,ذَلِكَ,closed_class,1.000,13:17:39,
closed_class_surface,الذين,لِلَّذِينَ,للذين,الَذِينَ,closed_class,1.000,13:18:1,
closed_class_surface,الذين,وَالَّذِينَ,والذين,الَّذِينَ,closed_class,1.000,13:18:5,
no_root_found,N/A,الْأَرْضِ,الأرض,أَرْضِ,ارض,1.000,13:18:14,
no_root_found,N/A,جَهَنَّمُ,جهنم,جَهَنَّمُ,جهنم,1.000,13:18:25,
closed_class_surface,الذين,الَّذِينَ,الذين,الَّذِينَ,closed_class,1.000,13:20:1,
closed_class_surface,الذين,وَالَّذِينَ,والذين,الَّذِينَ,closed_class,1.000,13:21:1,
closed_class_surface,الذين,وَالَّذِينَ,والذين,الَّذِينَ,closed_class,1.000,13:22:1,
closed_class_surface,الذين,وَالَّذِينَ,والذين,الَّذِينَ,closed_class,1.000,13:25:1,
no_root_found,N/A,الْأَرْضِ,الأرض,أَرْضِ,ارض,1.000,13:25:17,
closed_class_surface,الذين,الَّذِينَ,الذين,الَّذِينَ,closed_class,1.000,13:27:2,
closed_class_surface,الذين,الَّذِينَ,الذين,الَّذِينَ,closed_class,1.000,13:28:1,
closed_class_surface,الذين,الَّذِينَ,الذين,الَّذِينَ,closed_class,1.000,13:29:1,
no_root_found,N/A,الصَّالِحَاتِ,الصالحات,صَالِحَ,صالح,1.000,13:29:4,
closed_class_surface,ذلك,كَذَلِكَ,كذلك,ذَلِكَ,closed_class,1.000,13:30:1,
closed_class_surface,الذي,الَّذِي,الذي,الَّذِي,closed_class,1.000,13:30:12,
no_root_found,N/A,الْأَرْضُ,الأرض,أَرْضُ,ارض,1.000,13:31:10,
closed_class_surface,الذين,الَّذِينَ,الذين,الَّذِينَ,closed_class,1.000,13:31:21,
closed_class_surface,الذين,الَّذِينَ,الذين,الَّذِينَ,closed_class,1.000,13:31:32,
closed_class_surface,الذين,لِلَّذِينَ,للذين,الَذِينَ,closed_class,1.000,13:32:7,
no_root_found,N/A,الْأَرْضِ,الأرض,أَرْضِ,ارض,1.000,13:33:20,
closed_class_surface,الذين,لِلَّذِينَ,للذين,الَذِينَ,closed_class,1.000,13:33:27,
closed_class_surface,التي,الَّتِي,التي,الَّتِي,closed_class,1.000,13:35:3,
closed_class_surface,تلك,تِلْكَ,تلك,تِلْكَ,closed_class,1.000,13:35:13,
closed_class_surface,الذين,الَّذِينَ,الذين,الَّذِينَ,closed_class,1.000,13:35:15,
closed_class_surface,الذين,وَالَّذِينَ,والذين,الَّذِينَ,closed_class,1.000,13:36:1,
closed_class_surface,ذلك,وَكَذَلِكَ,وكذلك,ذَلِكَ,closed_class,1.000,13:37:1,
no_root_found,N/A,بِإِذْنِ,بإذن,إِذْنِ,اذن,1.000,13:38:17,
closed_class_surface,الذي,الَّذِي,الذي,الَّذِي,closed_class,1.000,13:40:5,
no_root_found,N/A,الْأَرْضَ,الأرض,أَرْضَ,ارض,1.000,13:41:5,
closed_class_surface,الذين,الَّذِينَ,الذين,الَّذِينَ,closed_class,1.000,13:42:3,
closed_class_surface,الذين,الَّذِينَ,الذين,الَّذِينَ,closed_class,1.000,13:43:2,
no_root_found,N/A,الر,الر,الر,الر,1.000,14:1:1,
no_root_found,N/A,بِإِذْنِ,بإذن,إِذْنِ,اذن,1.000,14:1:11,
closed_class_surface,الذي,الَّذِي,الذي,الَّذِي,closed_class,1.000,14:2:2,
no_root_found,N/A,الْأَرْضِ,الأرض,أَرْضِ,ارض,1.000,14:2:9,
closed_class_surface,الذين,الَّذِينَ,الذين,الَّذِينَ,closed_class,1.000,14:3:1,
low_confidence,ستحب,يَسْتَحِبُّونَ,يستحبون,سْتَحِبُّ,فعلل,0.697,14:3:2,سحب/فتعل@0.68 ; ستحب/فعلل@0.63 ; ستحب/فعلل@0.63
no_root_found,N/A,بِلِسَانِ,بلسان,لِسَانِ,لسان,1.000,14:4:6,
no_root_found,N/A,مُوسَى,موسى,مُوسَى,موسي,1.000,14:5:3,
closed_class_surface,ذلك,ذَلِكَ,ذلك,ذَلِكَ,closed_class,1.000,14:5:17,
no_root_found,N/A,مُوسَى,موسى,مُوسَى,موسي,1.000,14:6:3,
no_root_found,N/A,فِرْعَوْنَ,فرعون,فِرْعَوْنَ,فرعون,1.000,14:6:13,
no_root_found,N/A,تَأَذَّنَ,تأذن,أَذَّنَ,اذن,1.000,14:7:2,
low_confidence,زيد,لَأَزِيدَنَّكُمْ,لأزيدنكم,لَأَزِيدَنَّ,افعلن,0.594,14:7:6,زيد/افعلن@0.59 ; زيد/افعلن@0.55 ; زيد/افعلن@0.55
no_root_found,N/A,مُوسَى,موسى,مُوسَى,موسي,1.000,14:8:2,
no_root_found,N/A,الْأَرْضِ,الأرض,أَرْضِ,ارض,1.000,14:8:8,
closed_class_surface,الذين,الَّذِينَ,الذين,الَّذِينَ,closed_class,1.000,14:9:4,
no_root_found,N/A,نُوحٍ,نوح,نُوحٍ,نوح,1.000,14:9:8,
no_root_found,N/A,وَعَادٍ,وعاد,عَادٍ,عاد,1.000,14:9:9,
no_root_found,N/A,وَثَمُودَ,وثمود,ثَمُودَ,ثمود,1.000,14:9:10,
closed_class_surface,الذين,وَالَّذِينَ,والذين,الَّذِينَ,closed_class,1.000,14:9:11,
no_root_found,N/A,وَالْأَرْضِ,والأرض,أَرْضِ,ارض,1.000,14:10:8,
no_root_found,N/A,بِإِذْنِ,بإذن,إِذْنِ,اذن,1.000,14:11:24,
low_confidence,صبر,وَلَنَصْبِرَنَّ,ولنصبرن,لَنَصْبِرَنَّ,نفعلن,0.638,14:12:10,
closed_class_surface,الذين,الَّذِينَ,الذين,الَّذِينَ,closed_class,1.000,14:13:2,
low_confidence,خرج,لَنُخْرِجَنَّكُمْ,لنخرجنكم,لَنُخْرِجَنَّ,نفعلن,0.594,14:13:5,
no_root_found,N/A,أَرْضِنَا,أرضنا,أَرْضِ,ارض,1.000,14:13:7,
low_confidence,عودن,لَتَعُودُنَّ,لتعودن,لَتَعُودُنَّ,تفعلل,0.616,14:13:9,عودن/تفعلل@0.62 ; عود/تفعلن@0.59 ; وعد/تفعلن@0.57
no_root_found,N/A,الْأَرْضَ,الأرض,أَرْضَ,ارض,1.000,14:14:2,
closed_class_surface,ذلك,ذَلِكَ,ذلك,ذَلِكَ,closed_class,1.000,14:14:5,
no_root_found,N/A,جَهَنَّمُ,جهنم,جَهَنَّمُ,جهنم,1.000,14:16:3,
closed_class_surface,الذين,الَّذِينَ,الذين,الَّذِينَ,closed_class,1.000,14:18:2,
closed_class_surface,ذلك,ذَلِكَ,ذلك,ذَلِكَ,closed_class,1.000,14:18:19,
no_root_found,N/A,وَالْأَرْضَ,والأرض,أَرْضَ,ارض,1.000,14:19:7,
no_root_found,N/A,يُذْهِبْكُمْ,يذهبكم,ذْهِبْ,ذهب,1.000,14:19:11,
closed_class_surface,ذلك,ذَلِكَ,ذلك,ذَلِكَ,closed_class,1.000,14:20:2,
closed_class_surface,الذين,لِلَّذِينَ,للذين,الَذِينَ,closed_class,1.000,14:21:6,
no_root_found,N/A,تَبَعَاً,تبعا,تَبَعَ,تبع,1.000,14:21:11,
low_confidence,سجب,فَاسْتَجَبْتُمْ,فاستجبتم,اسْتَجَبْ,افتعل,0.658,14:22:22,ستجب/افعلل@0.66 ; سجب/افتعل@0.62 ; سجب/افتعل@0.62
closed_class_surface,الذين,الَّذِينَ,الذين,الَّذِينَ,closed_class,1.000,14:23:2,
no_root_found,N/A,الصَّالِحَاتِ,الصالحات,صَالِحَ,صالح,1.000,14:23:5,
no_root_found,N/A,بِإِذْنِ,بإذن,إِذْنِ,اذن,1.000,14:23:13,
no_root_found,N/A,بِإِذْنِ,بإذن,إِذْنِ,اذن,1.000,14:25:5,
no_root_found,N/A,الْأَرْضِ,الأرض,أَرْضِ,ارض,1.000,14:26:9,
closed_class_surface,الذين,الَّذِينَ,الذين,الَّذِينَ,closed_class,1.000,14:27:3,
closed_class_surface,الذين,الَّذِينَ,الذين,الَّذِينَ,closed_class,1.000,14:28:4,
no_root_found,N/A,جَهَنَّمَ,جهنم,جَهَنَّمَ,جهنم,1.000,14:29:1,
closed_class_surface,الذين,الَّذِينَ,الذين,الَّذِينَ,closed_class,1.000,14:31:3,
closed_class_surface,الذي,الَّذِي,الذي,الَّذِي,closed_class,1.000,14:32:2,
no_root_found,N/A,وَالْأَرْضَ,والأرض,أَرْضَ,ارض,1.000,14:32:5,
no_root_found,N/A,إِبْرَاهِيمُ,إبراهيم,إِبْرَاهِيمُ,ابراهيم,1.000,14:35:3,
closed_class_surface,هذا,هَذَا,هذا,هَذَا,closed_class,1.000,14:35:6,
no_root_found,N/A,تَبِعَنِي,تبعني,تَبِعَ,تبع,1.000,14:36:8,
no_root_found,N/A,الْأَرْضِ,الأرض,أَرْضِ,ارض,1.000,14:38:15,
closed_class_surface,الذي,الَّذِي,الذي,الَّذِي,closed_class,1.000,14:39:3,
no_root_found,N/A,إِسْمَاعِيلَ,إسماعيل,إِسْمَاعِيلَ,اسماعيل,1.000,14:39:8,
no_root_found,N/A,وَإِسْحَاقَ,وإسحاق,إِسْحَاقَ,اسحاق,1.000,14:39:9,
low_confidence,حسبن,تَحْسَبَنَّ,تحسبن,حْسَبَنَّ,فعلل,0.697,14:42:2,حسب/فعلن@0.68 ; حسب/فعلن@0.68 ; حسبن/فعلل@0.63
closed_class_surface,الذين,الَّذِينَ,الذين,الَّذِينَ,closed_class,1.000,14:44:7,
closed_class_surface,الذين,الَّذِينَ,الذين,الَّذِينَ,closed_class,1.000,14:45:4,
low_confidence,حسبن,تَحْسَبَنَّ,تحسبن,حْسَبَنَّ,فعلل,0.697,14:47:2,حسب/فعلن@0.68 ; حسب/فعلن@0.68 ; حسبن/فعلل@0.63
no_root_found,N/A,الْأَرْضُ,الأرض,أَرْضُ,ارض,1.000,14:48:3,
no_root_found,N/A,الْأَرْضِ,الأرض,أَرْضِ,ارض,1.000,14:48:5,
closed_class_surface,هذا,هَذَا,هذا,هَذَا,closed_class,1.000,14:52:1,
no_root_found,N/A,الر,الر,الر,الر,1.000,15:1:1,
closed_class_surface,تلك,تِلْكَ,تلك,تِلْكَ,closed_class,1.000,15:1:2,
closed_class_surface,الذين,الَّذِينَ,الذين,الَّذِينَ,closed_class,1.000,15:2:3,
closed_class_surface,الذي,الَّذِي,الذي,الَّذِي,closed_class,1.000,15:6:3,
closed_class_surface,ذلك,كَذَلِكَ,كذلك,ذَلِكَ,closed_class,1.000,15:12:1,
no_root_found,N/A,وَالْأَرْضَ,والأرض,أَرْضَ,ارض,1.000,15:19:1,
no_root_found,N/A,صَلْصَالٍ,صلصال,صَلْصَالٍ,صلصال,1.000,15:26:5,
no_root_found,N/A,صَلْصَالٍ,صلصال,صَلْصَالٍ,صلصال,1.000,15:28:9,
no_root_found,N/A,إِبْلِيسَ,إبليس,إِبْلِيسَ,ابليس,1.000,15:31:2,
no_root_found,N/A,يَاإِبْلِيسُ,ياإبليس,إِبْلِيسُ,ابليس,1.000,15:32:2,
no_root_found,N/A,صَلْصَالٍ,صلصال,صَلْصَالٍ,صلصال,1.000,15:33:8,
low_confidence,زين,لَأُزَيِّنَنَّ,لأزينن,لَأُزَيِّنَنَّ,افعلن,0.594,15:39:5,وزن/افعلن@0.57 ; زني/افعلن@0.57 ; زين/افعلن@0.55
no_root_found,N/A,الْأَرْضِ,الأرض,أَرْضِ,ارض,1.000,15:39:8,
closed_class_surface,هذا,هَذَا,هذا,هَذَا,closed_class,1.000,15:41:2,
no_root_found,N/A,جَهَنَّمَ,جهنم,جَهَنَّمَ,جهنم,1.000,15:43:2,
no_root_found,N/A,إِبْرَاهِيمَ,إبراهيم,إِبْرَاهِيمَ,ابراهيم,1.000,15:51:4,
no_root_found,N/A,لُوطٍ,لوط,لُوطٍ,لوط,1.000,15:59:3,
no_root_found,N/A,لُوطٍ,لوط,لُوطٍ,لوط,1.000,15:61:4,
closed_class_surface,ذلك,ذَلِكَ,ذلك,ذَلِكَ,closed_class,1.000,15:66:3,
no_root_found,N/A,الْمَدِينَةِ,المدينة,مَدِينَ,مدين,1.000,15:67:3,
closed_class_surface,ذلك,ذَلِكَ,ذلك,ذَلِكَ,closed_class,1.000,15:75:3,
closed_class_surface,ذلك,ذَلِكَ,ذلك,ذَلِكَ,closed_class,1.000,15:77:3,
no_root_found,N/A,وَالْأَرْضَ,والأرض,أَرْضَ,ارض,1.000,15:85:4,
no_root_found,N/A,جَنَاحَكَ,جناحك,جَنَاحَ,جناح,1.000,15:88:14,
closed_class_surface,الذين,الَّذِينَ,الذين,الَّذِينَ,closed_class,1.000,15:91:1,
low_confidence,سءل,لَنَسْأَلَنَّهُمْ,لنسألنهم,لَنَسْأَلَنَّ,نفعلن,0.681,15:92:2,
closed_class_surface,الذين,الَّذِينَ,الذين,الَّذِينَ,closed_class,1.000,15:96:1,
no_root_found,N/A,وَالْأَرْضَ,والأرض,أَرْضَ,ارض,1.000,16:3:3,
closed_class_surface,الذي,الَّذِي,الذي,الَّذِي,closed_class,1.000,16:10:2,
closed_class_surface,ذلك,ذَلِكَ,ذلك,ذَلِكَ,closed_class,1.000,16:11:13,
closed_class_surface,ذلك,ذَلِكَ,ذلك,ذَلِكَ,closed_class,1.000,16:12:12,
no_root_found,N/A,الْأَرْضِ,الأرض,أَرْضِ,ارض,1.000,16:13:5,
closed_class_surface,ذلك,ذَلِكَ,ذلك,ذَلِكَ,closed_class,1.000,16:13:10,
closed_class_surface,الذي,الَّذِي,الذي,الَّذِي,closed_class,1.000,16:14:2,
no_root_found,N/A,لَحْمَاً,لحما,حْمَ,حم,1.000,16:14:7,
no_root_found,N/A,الْأَرْضِ,الأرض,أَرْضِ,ارض,1.000,16:15:3,
closed_class_surface,الذين,وَالَّذِينَ,والذين,الَّذِينَ,closed_class,1.000,16:20:1,
closed_class_surface,الذين,فَالَّذِينَ,فالذين,الَّذِينَ,closed_class,1.000,16:22:4,
closed_class_surface,الذين,الَّذِينَ,الذين,الَّذِينَ,closed_class,1.000,16:25:8,
closed_class_surface,الذين,الَّذِينَ,الذين,الَّذِينَ,closed_class,1.000,16:26:3,
closed_class_surface,الذين,الَّذِينَ,الذين,الَّذِينَ,closed_class,1.000,16:27:8,
closed_class_surface,الذين,الَّذِينَ,الذين,الَّذِينَ,closed_class,1.000,16:27:13,
closed_class_surface,الذين,الَّذِينَ,الذين,الَّذِينَ,closed_class,1.000,16:28:1,
no_root_found,N/A,السَّلَمَ,السلم,سَلَمَ,سلم,1.000,16:28:7,
no_root_found,N/A,جَهَنَّمَ,جهنم,جَهَنَّمَ,جهنم,1.000,16:29:3,
closed_class_surface,الذين,لِلَّذِينَ,للذين,الَذِينَ,closed_class,1.000,16:30:2,
closed_class_surface,الذين,لِلَّذِينَ,للذين,الَذِينَ,closed_class,1.000,16:30:9,
closed_class_surface,هذه,هَذِهِ,هذه,هَذِهِ,closed_class,1.000,16:30:12,
closed_class_surface,ذلك,كَذَلِكَ,كذلك,ذَلِكَ,closed_class,1.000,16:31:12,
closed_class_surface,الذين,الَّذِينَ,الذين,الَّذِينَ,closed_class,1.000,16:32:1,
closed_class_surface,ذلك,كَذَلِكَ,كذلك,ذَلِكَ,closed_class,1.000,16:33:11,
closed_class_surface,الذين,الَّذِينَ,الذين,الَّذِينَ,closed_class,1.000,16:33:13,
closed_class_surface,الذين,الَّذِينَ,الذين,الَّذِينَ,closed_class,1.000,16:35:2,
closed_class_surface,ذلك,كَذَلِكَ,كذلك,ذَلِكَ,closed_class,1.000,16:35:22,
closed_class_surface,الذين,الَّذِينَ,الذين,الَّذِينَ,closed_class,1.000,16:35:24,
no_root_found,N/A,الْأَرْضِ,الأرض,أَرْضِ,ارض,1.000,16:36:23,
closed_class_surface,الذي,الَّذِي,الذي,الَّذِي,closed_class,1.000,16:39:3,
low_confidence,ختلف,يَخْتَلِفُونَ,يختلفون,خْتَلِفُ,فعلل,0.697,16:39:4,خلف/فتعل@0.68 ; ختلف/فعلل@0.63 ; ختلف/فعلل@0.63
closed_class_surface,الذين,الَّذِينَ,الذين,الَّذِينَ,closed_class,1.000,16:39:7,
closed_class_surface,الذين,وَالَّذِينَ,والذين,الَّذِينَ,closed_class,1.000,16:41:1,
low_confidence,بوء,لَنُبَوِّئَنَّهُمْ,لنبوئنهم,لَنُبَوِّئَنَّ,نفعلن,0.551,16:41:9,بيء/نفعلن@0.36
closed_class_surface,الذين,الَّذِينَ,الذين,الَّذِينَ,closed_class,1.000,16:42:1,
no_root_found,N/A,نُوحِي,نوحي,نُوحِ,نوح,1.000,16:43:7,
closed_class_surface,الذين,الَّذِينَ,الذين,الَّذِينَ,closed_class,1.000,16:45:2,
no_root_found,N/A,الْأَرْضَ,الأرض,أَرْضَ,ارض,1.000,16:45:9,
no_root_found,N/A,تَقَلُّبِهِمْ,تقلبهم,قَلُّبِ,قلب,1.000,16:46:4,
no_root_found,N/A,الْأَرْضِ,الأرض,أَرْضِ,ارض,1.000,16:49:8,
no_root_found,N/A,وَالْأَرْضِ,والأرض,أَرْضِ,ارض,1.000,16:52:5,
low_confidence,سءلن,لَتُسْأَلُنَّ,لتسألن,لَتُسْأَلُنَّ,تفعلل,0.664,16:56:9,سءل/تفعلن@0.59 ; سءل/تفعلن@0.59 ; سءل/تفعلن@0.59
no_root_found,N/A,التُّرَابِ,التراب,تُرَابِ,تراب,1.000,16:59:15,
closed_class_surface,الذين,لِلَّذِينَ,للذين,الَذِينَ,closed_class,1.000,16:60:1,
closed_class_surface,الذي,الَّذِي,الذي,الَّذِي,closed_class,1.000,16:64:8,
no_root_found,N/A,الْأَرْضَ,الأرض,أَرْضَ,ارض,1.000,16:65:8,
closed_class_surface,ذلك,ذَلِكَ,ذلك,ذَلِكَ,closed_class,1.000,16:65:13,
closed_class_surface,ذلك,ذَلِكَ,ذلك,ذَلِكَ,closed_class,1.000,16:67:12,
closed_class_surface,ذلك,ذَلِكَ,ذلك,ذَلِكَ,closed_class,1.000,16:69:21,
closed_class_surface,الذين,الَّذِينَ,الذين,الَّذِينَ,closed_class,1.000,16:71:9,
no_root_found,N/A,مَلَكَتْ,ملكت,مَلَكَ,ملك,1.000,16:71:15,
no_root_found,N/A,يَمْلِكُ,يملك,مْلِكُ,ملك,1.000,16:73:7,
no_root_found,N/A,وَالْأَرْضِ,والأرض,أَرْضِ,ارض,1.000,16:73:12,
no_root_found,N/A,وَالْأَرْضِ,والأرض,أَرْضِ,ارض,1.000,16:77:4,
closed_class_surface,ذلك,ذَلِكَ,ذلك,ذَلِكَ,closed_class,1.000,16:79:15,
closed_class_surface,ذلك,كَذَلِكَ,كذلك,ذَلِكَ,closed_class,1.000,16:81:20,
no_root_found,N/A,تُسْلِمُونَ,تسلمون,سْلِمُ,سلم,1.000,16:81:25,
closed_class_surface,الذين,لِلَّذِينَ,للذين,الَذِينَ,closed_class,1.000,16:84:10,
closed_class_surface,الذين,الَّذِينَ,الذين,الَّذِينَ,closed_class,1.000,16:85:3,
closed_class_surface,الذين,الَّذِينَ,الذين,الَّذِينَ,closed_class,1.000,16:86:3,
closed_class_surface,الذين,الَّذِينَ,الذين,الَّذِينَ,closed_class,1.000,16:86:10,
no_root_found,N/A,السَّلَمَ,السلم,سَلَمَ,سلم,1.000,16:87:5,
closed_class_surface,الذين,الَّذِينَ,الذين,الَّذِينَ,closed_class,1.000,16:88:1,
closed_class_surface,التي,كَالَّتِي,كالتي,الَّتِي,closed_class,1.000,16:92:3,
low_confidence,بين,وَلَيُبَيِّنَنَّ,وليبينن,لَيُبَيِّنَنَّ,يفعلن,0.638,16:92:25,بين/يفعلن@0.64 ; بين/يفعلن@0.64 ; بني/يفعلن@0.61
low_confidence,ختلف,تَخْتَلِفُونَ,تختلفون,خْتَلِفُ,فعلل,0.697,16:92:32,خلف/فتعل@0.68 ; ختلف/فعلل@0.63 ; ختلف/فعلل@0.63
low_confidence,سءلن,وَلَتُسْأَلُنَّ,ولتسألن,لَتُسْأَلُنَّ,تفعلل,0.664,16:93:14,سءل/تفعلن@0.59 ; سءل/تفعلن@0.59 ; سءل/تفعلن@0.59
closed_class_surface,الذين,الَّذِينَ,الذين,الَّذِينَ,closed_class,1.000,16:96:9,
no_root_found,N/A,صَالِحَاً,صالحا,صَالِحَ,صالح,1.000,16:97:3,
low_confidence,سعذ,فَاسْتَعِذْ,فاستعذ,اسْتَعِذْ,افتعل,0.658,16:98:4,سعذ/افتعل@0.62 ; سعذ/افتعل@0.62 ; ستعذ/افعلل@0.62
closed_class_surface,الذين,الَّذِينَ,الذين,الَّذِينَ,closed_class,1.000,16:99:6,
closed_class_surface,الذين,الَّذِينَ,الذين,الَّذِينَ,closed_class,1.000,16:100:4,
closed_class_surface,الذين,وَالَّذِينَ,والذين,الَّذِينَ,closed_class,1.000,16:100:6,
closed_class_surface,الذين,الَّذِينَ,الذين,الَّذِينَ,closed_class,1.000,16:102:9,
closed_class_surface,الذي,الَّذِي,الذي,الَّذِي,closed_class,1.000,16:103:9,
closed_class_surface,هذا,وَهَذَا,وهذا,هَذَا,closed_class,1.000,16:103:13,
no_root_found,N/A,لِسَانٌ,لسان,لِسَانٌ,لسان,1.000,16:103:14,
closed_class_surface,الذين,الَّذِينَ,الذين,الَّذِينَ,closed_class,1.000,16:104:2,
closed_class_surface,الذين,الَّذِينَ,الذين,الَّذِينَ,closed_class,1.000,16:105:4,
no_root_found,N/A,وَقَلْبُهُ,وقلبه,قَلْبُ,قلب,1.000,16:106:10,
closed_class_surface,ذلك,ذَلِكَ,ذلك,ذَلِكَ,closed_class,1.000,16:107:1,
closed_class_surface,الذين,الَّذِينَ,الذين,الَّذِينَ,closed_class,1.000,16:108:2,
low_confidence,جرم,لَا جَرَمَ,لا جرم,لَا جَرَمَ,افعلل,0.554,16:109:1,
closed_class_surface,الذين,لِلَّذِينَ,للذين,الَذِينَ,closed_class,1.000,16:110:4,
no_root_found,N/A,وَلَحْمَ,ولحم,لَحْمَ,لحم,1.000,16:115:6,
no_root_found,N/A,الْخِنْزِيرِ,الخنزير,خِنْزِيرِ,خنزير,1.000,16:115:7,
no_root_found,N/A,عَادٍ,عاد,عَادٍ,عاد,1.000,16:115:18,
closed_class_surface,هذا,هَذَا,هذا,هَذَا,closed_class,1.000,16:116:7,
closed_class_surface,هذا,وَهَذَا,وهذا,هَذَا,closed_class,1.000,16:116:9,
closed_class_surface,الذين,الَّذِينَ,الذين,الَّذِينَ,closed_class,1.000,16:116:16,
closed_class_surface,الذين,الَّذِينَ,الذين,الَّذِينَ,closed_class,1.000,16:118:2,
closed_class_surface,الذين,لِلَّذِينَ,للذين,الَذِينَ,closed_class,1.000,16:119:4,
closed_class_surface,ذلك,ذَلِكَ,ذلك,ذَلِكَ,closed_class,1.000,16:119:12,
no_root_found,N/A,إِبْرَاهِيمَ,إبراهيم,إِبْرَاهِيمَ,ابراهيم,1.000,16:120:2,
no_root_found,N/A,الصَّالِحِينَ,الصالحين,صَالِحِ,صالح,1.000,16:122:9,
no_root_found,N/A,إِبْرَاهِيمَ,إبراهيم,إِبْرَاهِيمَ,ابراهيم,1.000,16:123:7,
closed_class_surface,الذين,الَّذِينَ,الذين,الَّذِينَ,closed_class,1.000,16:124:5,
low_confidence,ختلف,يَخْتَلِفُونَ,يختلفون,خْتَلِفُ,فعلل,0.697,16:124:17,خلف/فتعل@0.68 ; ختلف/فعلل@0.63 ; ختلف/فعلل@0.63
closed_class_surface,التي,بِالَّتِي,بالتي,الَّتِي,closed_class,1.000,16:125:9,
closed_class_surface,الذين,الَّذِينَ,الذين,الَّذِينَ,closed_class,1.000,16:128:4,
closed_class_surface,الذين,وَالَّذِينَ,والذين,الَّذِينَ,closed_class,1.000,16:128:6,
closed_class_surface,الذي,الَّذِي,الذي,الَّذِي,closed_class,1.000,17:1:2,
no_root_found,N/A,الْمَسْجِدِ,المسجد,مَسْجِدِ,مسجد,1.000,17:1:7,
no_root_found,N/A,الْمَسْجِدِ,المسجد,مَسْجِدِ,مسجد,1.000,17:1:10,
closed_class_surface,الذي,الَّذِي,الذي,الَّذِي,closed_class,1.000,17:1:12,
no_root_found,N/A,مُوسَى,موسى,مُوسَى,موسي,1.000,17:2:2,
no_root_found,N/A,إِسْرَائِيلَ,إسرائيل,إِسْرَائِيلَ,اسراءيل,1.000,17:2:7,
no_root_found,N/A,نُوحٍ,نوح,نُوحٍ,نوح,1.000,17:3:5,
no_root_found,N/A,إِسْرَائِيلَ,إسرائيل,إِسْرَائِيلَ,اسراءيل,1.000,17:4:4,
low_confidence,فسد,لَتُفْسِدُنَّ,لتفسدن,لَتُفْسِدُنَّ,تفعلن,0.638,17:4:7,فسد/تفعلن@0.64 ; فسدن/تفعلل@0.62 ; فسد/تفعلن@0.59
no_root_found,N/A,الْأَرْضِ,الأرض,أَرْضِ,ارض,1.000,17:4:9,
no_root_found,N/A,الْمَسْجِدَ,المسجد,مَسْجِدَ,مسجد,1.000,17:7:15,
no_root_found,N/A,جَهَنَّمَ,جهنم,جَهَنَّمَ,جهنم,1.000,17:8:9,
closed_class_surface,هذا,هَذَا,هذا,هَذَا,closed_class,1.000,17:9:2,
closed_class_surface,التي,لِلَّتِي,للتي,الَتِي,closed_class,1.000,17:9:5,
closed_class_surface,الذين,الَّذِينَ,الذين,الَّذِينَ,closed_class,1.000,17:9:10,
no_root_found,N/A,الصَّالِحَاتِ,الصالحات,صَالِحَ,صالح,1.000,17:9:12,
closed_class_surface,الذين,الَّذِينَ,الذين,الَّذِينَ,closed_class,1.000,17:10:2,
no_root_found,N/A,طَائِرَهُ,طائره,طَائِرَ,طاءر,1.000,17:13:4,
no_root_found,N/A,نُوحٍ,نوح,نُوحٍ,نوح,1.000,17:17:7,
no_root_found,N/A,جَهَنَّمَ,جهنم,جَهَنَّمَ,جهنم,1.000,17:18:15,
no_root_found,N/A,جَنَاحَ,جناح,جَنَاحَ,جناح,1.000,17:24:3,
no_root_found,N/A,صَالِحِينَ,صالحين,صَالِحِ,صالح,1.000,17:25:8,
low_confidence,عرضن,تُعْرِضَنَّ,تعرضن,عْرِضَنَّ,فعلل,0.697,17:28:2,عرض/فعلن@0.68 ; عرضن/فعلل@0.63 ; عرضن/فعلل@0.63
closed_class_surface,التي,الَّتِي,التي,الَّتِي,closed_class,1.000,17:33:4,
closed_class_surface,التي,بِالَّتِي,بالتي,الَّتِي,closed_class,1.000,17:34:6,
closed_class_surface,ذلك,ذَلِكَ,ذلك,ذَلِكَ,closed_class,1.000,17:35:8,
no_root_found,N/A,الْأَرْضِ,الأرض,أَرْضِ,ارض,1.000,17:37:4,
no_root_found,N/A,الْأَرْضَ,الأرض,أَرْضَ,ارض,1.000,17:37:9,
closed_class_surface,ذلك,ذَلِكَ,ذلك,ذَلِكَ,closed_class,1.000,17:38:2,
closed_class_surface,ذلك,ذَلِكَ,ذلك,ذَلِكَ,closed_class,1.000,17:39:1,
no_root_found,N/A,جَهَنَّمَ,جهنم,جَهَنَّمَ,جهنم,1.000,17:39:16,
low_confidence,ءصف,أَفَأَصْفَاكُمْ,أفأصفاكم,أَفَأَصْفَا,فلفعل,0.554,17:40:1,ءصف/فلفعل@0.55 ; ءصف/فلفعل@0.52 ; ءصف/فلفعل@0.52
closed_class_surface,هذا,هَذَا,هذا,هَذَا,closed_class,1.000,17:41:4,
no_root_found,N/A,وَالْأَرْضُ,والأرض,أَرْضُ,ارض,1.000,17:44:5,
closed_class_surface,الذين,الَّذِينَ,الذين,الَّذِينَ,closed_class,1.000,17:45:7,
no_root_found,N/A,تَتَّبِعُونَ,تتبعون,تَّبِعُ,تبع,1.000,17:47:16,
no_root_found,N/A,حَدِيدَاً,حديدا,حَدِيدَ,حديد,1.000,17:50:5,
closed_class_surface,الذي,الَّذِي,الذي,الَّذِي,closed_class,1.000,17:51:11,
closed_class_surface,التي,الَّتِي,التي,الَّتِي,closed_class,1.000,17:53:4,
no_root_found,N/A,وَالْأَرْضِ,والأرض,أَرْضِ,ارض,1.000,17:55:6,
closed_class_surface,الذين,الَّذِينَ,الذين,الَّذِينَ,closed_class,1.000,17:56:3,
no_root_found,N/A,يَمْلِكُونَ,يملكون,مْلِكُ,ملك,1.000,17:56:8,
closed_class_surface,الذين,الَّذِينَ,الذين,الَّذِينَ,closed_class,1.000,17:57:2,
closed_class_surface,ذلك,ذَلِكَ,ذلك,ذَلِكَ,closed_class,1.000,17:58:15,
no_root_found,N/A,ثَمُودَ,ثمود,ثَمُودَ,ثمود,1.000,17:59:12,
closed_class_surface,التي,الَّتِي,التي,الَّتِي,closed_class,1.000,17:60:11,
no_root_found,N/A,إِبْلِيسَ,إبليس,إِبْلِيسَ,ابليس,1.000,17:61:8,
closed_class_surface,هذا,هَذَا,هذا,هَذَا,closed_class,1.000,17:62:3,
closed_class_surface,الذي,الَّذِي,الذي,الَّذِي,closed_class,1.000,17:62:4,
no_root_found,N/A,اذْهَبْ,اذهب,ذْهَبْ,ذهب,1.000,17:63:2,
no_root_found,N/A,تَبِعَكَ,تبعك,تَبِعَ,تبع,1.000,17:63:4,
no_root_found,N/A,جَهَنَّمَ,جهنم,جَهَنَّمَ,جهنم,1.000,17:63:7,
low_confidence,سطع,اسْتَطَعْتَ,استطعت,اسْتَطَعْ,افتعل,0.658,17:64:3,ستطع/افعلل@0.66 ; سطع/افتعل@0.62 ; سطع/افتعل@0.62
closed_class_surface,الذي,الَّذِي,الذي,الَّذِي,closed_class,1.000,17:66:2,
closed_class_surface,هذه,هَذِهِ,هذه,هَذِهِ,closed_class,1.000,17:72:4,
closed_class_surface,الذي,الَّذِي,الذي,الَّذِي,closed_class,1.000,17:73:5,
low_confidence,تخذ,لَاتَّخَذُوكَ,لاتخذوك,لَاتَّخَذُو,افعلو,0.630,17:73:12,تخذ/افعلو@0.59 ; تخذ/افعلو@0.59 ; اخذ/فتعلو@0.55
low_confidence,سفز,لَيَسْتَفِزُّونَكَ,ليستفزونك,لَيَسْتَفِزُّونَ,يفتعل,0.677,17:76:3,سفز/يفتعل@0.63 ; سفز/يفتعل@0.63 ; فوز/يستفعلن@0.60
no_root_found,N/A,الْأَرْضِ,الأرض,أَرْضِ,ارض,1.000,17:76:5,
no_root_found,N/A,يَزِيدُ,يزيد,زِيدُ,زيد,1.000,17:82:10,
low_confidence,ذهب,لَنَذْهَبَنَّ,لنذهبن,لَنَذْهَبَنَّ,نفعلن,0.681,17:86:3,
closed_class_surface,الذي,بِالَّذِي,بالذي,الَّذِي,closed_class,1.000,17:86:4,
closed_class_surface,هذا,هَذَا,هذا,هَذَا,closed_class,1.000,17:88:10,
closed_class_surface,هذا,هَذَا,هذا,هَذَا,closed_class,1.000,17:89:5,
no_root_found,N/A,الْأَرْضِ,الأرض,أَرْضِ,ارض,1.000,17:90:9,
no_root_found,N/A,الْأَرْضِ,الأرض,أَرْضِ,ارض,1.000,17:95:5,
no_root_found,N/A,مَلَكَاً,ملكا,مَلَكَ,ملك,1.000,17:95:13,
no_root_found,N/A,جَهَنَّمُ,جهنم,جَهَنَّمُ,جهنم,1.000,17:97:23,
closed_class_surface,ذلك,ذَلِكَ,ذلك,ذَلِكَ,closed_class,1.000,17:98:1,
closed_class_surface,الذي,الَّذِي,الذي,الَّذِي,closed_class,1.000,17:99:5,
no_root_found,N/A,وَالْأَرْضَ,والأرض,أَرْضَ,ارض,1.000,17:99:8,
no_root_found,N/A,تَمْلِكُونَ,تملكون,مْلِكُ,ملك,1.000,17:100:4,
no_root_found,N/A,مُوسَى,موسى,مُوسَى,موسي,1.000,17:101:3,
no_root_found,N/A,إِسْرَائِيلَ,إسرائيل,إِسْرَائِيلَ,اسراءيل,1.000,17:101:9,
no_root_found,N/A,فِرْعَوْنُ,فرعون,فِرْعَوْنُ,فرعون,1.000,17:101:14,
no_root_found,N/A,يَامُوسَى,ياموسى,مُوسَى,موسي,1.000,17:101:17,
no_root_found,N/A,وَالْأَرْضِ,والأرض,أَرْضِ,ارض,1.000,17:102:10,
no_root_found,N/A,يَافِرْعَوْنُ,يافرعون,فِرْعَوْنُ,فرعون,1.000,17:102:14,
low_confidence,ستفز,يَسْتَفِزَّهُمْ,يستفزهم,سْتَفِزَّهُمْ,فعلل,0.628,17:103:3,ستفز/فعلل@0.57 ; ستفز/فعلل@0.57 ; ستفز/فعلل@0.57
no_root_found,N/A,الْأَرْضِ,الأرض,أَرْضِ,ارض,1.000,17:103:5,
no_root_found,N/A,إِسْرَائِيلَ,إسرائيل,إِسْرَائِيلَ,اسراءيل,1.000,17:104:5,
no_root_found,N/A,الْأَرْضَ,الأرض,أَرْضَ,ارض,1.000,17:104:7,
closed_class_surface,الذين,الَّذِينَ,الذين,الَّذِينَ,closed_class,1.000,17:107:8,
closed_class_surface,ذلك,ذَلِكَ,ذلك,ذَلِكَ,closed_class,1.000,17:110:21,
closed_class_surface,الذي,الَّذِي,الذي,الَّذِي,closed_class,1.000,17:111:4,
no_root_found,N/A,الْمُلْكِ,الملك,مُلْكِ,ملك,1.000,17:111:13,
closed_class_surface,الذي,الَّذِي,الذي,الَّذِي,closed_class,1.000,18:1:3,
closed_class_surface,الذين,الَّذِينَ,الذين,الَّذِينَ,closed_class,1.000,18:2:9,
no_root_found,N/A,الصَّالِحَاتِ,الصالحات,صَالِحَ,صالح,1.000,18:2:11,
closed_class_surface,الذين,الَّذِينَ,الذين,الَّذِينَ,closed_class,1.000,18:4:2,
closed_class_surface,هذا,بِهَذَا,بهذا,هَذَا,closed_class,1.000,18:6:9,
no_root_found,N/A,الْأَرْضِ,الأرض,أَرْضِ,ارض,1.000,18:7:5,
no_root_found,N/A,وَالْأَرْضِ,والأرض,أَرْضِ,ارض,1.000,18:14:10,
closed_class_surface,ذلك,ذَلِكَ,ذلك,ذَلِكَ,closed_class,1.000,18:17:19,
no_root_found,N/A,وَنُقَلِّبُهُمْ,ونقلبهم,قَلِّبُ,قلب,1.000,18:18:5,
closed_class_surface,ذلك,وَكَذَلِكَ,وكذلك,ذَلِكَ,closed_class,1.000,18:19:1,
closed_class_surface,هذه,هَذِهِ,هذه,هَذِهِ,closed_class,1.000,18:19:24,
no_root_found,N/A,الْمَدِينَةِ,المدينة,مَدِينَ,مدين,1.000,18:19:26,
low_confidence,لطف,وَلْيَتَلَطَّفْ,وليتلطف,وَلْيَتَلَطَّفْ,فيتفعل,0.652,18:19:34,
low_confidence,شعرن,يُشْعِرَنَّ,يشعرن,شْعِرَنَّ,فعلل,0.697,18:19:36,شعر/فعلن@0.68 ; شعرن/فعلل@0.63 ; شعرن/فعلل@0.63
closed_class_surface,ذلك,وَكَذَلِكَ,وكذلك,ذَلِكَ,closed_class,1.000,18:21:1,
closed_class_surface,الذين,الَّذِينَ,الذين,الَّذِينَ,closed_class,1.000,18:21:26,
low_confidence,نخذ,لَنَتَّخِذَنَّ,لنتخذن,لَنَتَّخِذَنَّ,فتعلن,0.592,18:21:30,خذن/نتفعل@0.55 ; تخذ/نفعلن@0.52 ; خذن/نتفعل@0.52
no_root_found,N/A,مَسْجِدَاً,مسجدا,مَسْجِدَ,مسجد,1.000,18:21:32,
closed_class_surface,ذلك,ذَلِكَ,ذلك,ذَلِكَ,closed_class,1.000,18:23:6,
closed_class_surface,هذا,هَذَا,هذا,هَذَا,closed_class,1.000,18:24:16,
no_root_found,N/A,وَالْأَرْضِ,والأرض,أَرْضِ,ارض,1.000,18:26:9,
closed_class_surface,الذين,الَّذِينَ,الذين,الَّذِينَ,closed_class,1.000,18:28:4,
no_root_found,N/A,قَلْبَهُ,قلبه,قَلْبَ,قلب,1.000,18:28:23,
low_confidence,لمن,فَلْيُؤْمِنْ,فليؤمن,فَلْيُؤْمِنْ,فياعل,0.479,18:29:7,
closed_class_surface,الذين,الَّذِينَ,الذين,الَّذِينَ,closed_class,1.000,18:30:2,
no_root_found,N/A,الصَّالِحَاتِ,الصالحات,صَالِحَ,صالح,1.000,18:30:5,
no_root_found,N/A,ذَهَبٍ,ذهب,ذَهَبٍ,ذهب,1.000,18:31:14,
closed_class_surface,هذه,هَذِهِ,هذه,هَذِهِ,closed_class,1.000,18:35:11,
closed_class_surface,الذي,بِالَّذِي,بالذي,الَّذِي,closed_class,1.000,18:37:7,
no_root_found,N/A,تُرَابٍ,تراب,تُرَابٍ,تراب,1.000,18:37:10,
no_root_found,N/A,يُقَلِّبُ,يقلب,قَلِّبُ,قلب,1.000,18:42:4,
no_root_found,N/A,الْأَرْضِ,الأرض,أَرْضِ,ارض,1.000,18:45:13,
no_root_found,N/A,الصَّالِحَاتُ,الصالحات,صَالِحَ,صالح,1.000,18:46:7,
no_root_found,N/A,الْأَرْضَ,الأرض,أَرْضَ,ارض,1.000,18:47:5,
closed_class_surface,هذا,هَذَا,هذا,هَذَا,closed_class,1.000,18:49:11,
no_root_found,N/A,إِبْلِيسَ,إبليس,إِبْلِيسَ,ابليس,1.000,18:50:8,
no_root_found,N/A,وَالْأَرْضِ,والأرض,أَرْضِ,ارض,1.000,18:51:5,
closed_class_surface,الذين,الَّذِينَ,الذين,الَّذِينَ,closed_class,1.000,18:52:5,
closed_class_surface,هذا,هَذَا,هذا,هَذَا,closed_class,1.000,18:54:4,
closed_class_surface,الذين,الَّذِينَ,الذين,الَّذِينَ,closed_class,1.000,18:56:8,
closed_class_surface,تلك,وَتِلْكَ,وتلك,تِلْكَ,closed_class,1.000,18:59:1,
no_root_found,N/A,مُوسَى,موسى,مُوسَى,موسي,1.000,18:60:3,
closed_class_surface,هذا,هَذَا,هذا,هَذَا,closed_class,1.000,18:62:11,
closed_class_surface,ذلك,ذَلِكَ,ذلك,ذَلِكَ,closed_class,1.000,18:64:2,
no_root_found,N/A,مُوسَى,موسى,مُوسَى,موسي,1.000,18:66:3,
low_confidence,طلق,فَانْطَلَقَا,فانطلقا,انْطَلَقَا,انفعل,0.638,18:71:1,نطلق/افعلل@0.59 ; نلق/افطعل@0.52
low_confidence,طلق,فَانْطَلَقَا,فانطلقا,انْطَلَقَا,انفعل,0.638,18:74:1,نطلق/افعلل@0.59 ; نلق/افطعل@0.52
low_confidence,طلق,فَانْطَلَقَا,فانطلقا,انْطَلَقَا,انفعل,0.638,18:77:1,نطلق/افعلل@0.59 ; نلق/افطعل@0.52
closed_class_surface,هذا,هَذَا,هذا,هَذَا,closed_class,1.000,18:78:2,
low_confidence,ستطع,تَسْتَطِعْ,تستطع,سْتَطِعْ,فعلل,0.697,18:78:10,ستطع/فعلل@0.63 ; ستطع/فعلل@0.63 ; ستطع/فعلل@0.63
no_root_found,N/A,مَلِكٌ,ملك,مَلِكٌ,ملك,1.000,18:79:13,
no_root_found,N/A,الْمَدِينَةِ,المدينة,مَدِينَ,مدين,1.000,18:82:7,
no_root_found,N/A,صَالِحَاً,صالحا,صَالِحَ,صالح,1.000,18:82:14,
closed_class_surface,ذلك,ذَلِكَ,ذلك,ذَلِكَ,closed_class,1.000,18:82:29,
no_root_found,N/A,الْأَرْضِ,الأرض,أَرْضِ,ارض,1.000,18:84:5,
no_root_found,N/A,عَيْنٍ,عين,عَيْنٍ,عين,1.000,18:86:9,
no_root_found,N/A,صَالِحَاً,صالحا,صَالِحَ,صالح,1.000,18:88:5,
closed_class_surface,ذلك,كَذَلِكَ,كذلك,ذَلِكَ,closed_class,1.000,18:91:1,
no_root_found,N/A,الْأَرْضِ,الأرض,أَرْضِ,ارض,1.000,18:94:9,
no_root_found,N/A,الْحَدِيدِ,الحديد,حَدِيدِ,حديد,1.000,18:96:3,
closed_class_surface,هذا,هَذَا,هذا,هَذَا,closed_class,1.000,18:98:2,
no_root_found,N/A,جَهَنَّمَ,جهنم,جَهَنَّمَ,جهنم,1.000,18:100:2,
closed_class_surface,الذين,الَّذِينَ,الذين,الَّذِينَ,closed_class,1.000,18:101:1,
low_confidence,فحسب,أَفَحَسِبَ,أفحسب,أَفَحَسِبَ,فعلل,0.614,18:102:1,فحسب/فعلل@0.61 ; فحسب/فعلل@0.55 ; فحسب/فعلل@0.55
closed_class_surface,الذين,الَّذِينَ,الذين,الَّذِينَ,closed_class,1.000,18:102:2,
no_root_found,N/A,جَهَنَّمَ,جهنم,جَهَنَّمَ,جهنم,1.000,18:102:12,
closed_class_surface,الذين,الَّذِينَ,الذين,الَّذِينَ,closed_class,1.000,18:104:1,
closed_class_surface,الذين,الَّذِينَ,الذين,الَّذِينَ,closed_class,1.000,18:105:2,
closed_class_surface,ذلك,ذَلِكَ,ذلك,ذَلِكَ,closed_class,1.000,18:106:1,
no_root_found,N/A,جَهَنَّمُ,جهنم,جَهَنَّمُ,جهنم,1.000,18:106:3,
closed_class_surface,الذين,الَّذِينَ,الذين,الَّذِينَ,closed_class,1.000,18:107:2,
no_root_found,N/A,الصَّالِحَاتِ,الصالحات,صَالِحَ,صالح,1.000,18:107:5,
no_root_found,N/A,صَالِحَاً,صالحا,صَالِحَ,صالح,1.000,18:110:19,
no_root_found,N/A,كهيعص,كهيعص,كهيعص,كهيعص,1.000,19:1:1,
no_root_found,N/A,زَكَرِيَّا,زكريا,زَكَرِيَّا,زكريا,1.000,19:2:5,
no_root_found,N/A,يَعْقُوبَ,يعقوب,يَعْقُوبَ,يعقوب,1.000,19:6:5,
no_root_found,N/A,يَازَكَرِيَّا,يازكريا,زَكَرِيَّا,زكريا,1.000,19:7:1,
no_root_found,N/A,يَحْيَى,يحيى,يَحْيَى,يحيي,1.000,19:7:6,
closed_class_surface,ذلك,كَذَلِكَ,كذلك,ذَلِكَ,closed_class,1.000,19:9:2,
no_root_found,N/A,يَايَحْيَى,يايحيى,يَحْيَى,يحيي,1.000,19:12:1,
no_root_found,N/A,مَرْيَمَ,مريم,مَرْيَمَ,مريم,1.000,19:16:4,
closed_class_surface,ذلك,كَذَلِكِ,كذلك,ذَلِكِ,closed_class,1.000,19:21:2,
closed_class_surface,هذا,هَذَا,هذا,هَذَا,closed_class,1.000,19:23:10,
no_root_found,N/A,عَيْنَاً,عينا,عَيْنَ,عين,1.000,19:26:4,
no_root_found,N/A,يَامَرْيَمُ,يامريم,مَرْيَمُ,مريم,1.000,19:27:6,
no_root_found,N/A,هَارُونَ,هارون,هَارُونَ,هارون,1.000,19:28:2,
low_confidence,ا دم,مَا دُمْتُ,ما دمت,مَا دُمْ,مفعلل,0.630,19:31:9,ا دم/مفعلل@0.63 ; ا دم/مفعلل@0.63
closed_class_surface,ذلك,ذَلِكَ,ذلك,ذَلِكَ,closed_class,1.000,19:34:1,
no_root_found,N/A,عِيسَى,عيسى,عِيسَى,عيسي,1.000,19:34:2,
no_root_found,N/A,مَرْيَمَ,مريم,مَرْيَمَ,مريم,1.000,19:34:4,
closed_class_surface,الذي,الَّذِي,الذي,الَّذِي,closed_class,1.000,19:34:7,
closed_class_surface,هذا,هَذَا,هذا,هَذَا,closed_class,1.000,19:36:6,
closed_class_surface,الذين,لِلَّذِينَ,للذين,الَذِينَ,closed_class,1.000,19:37:6,
no_root_found,N/A,الْأَرْضَ,الأرض,أَرْضَ,ارض,1.000,19:40:4,
no_root_found,N/A,إِبْرَاهِيمَ,إبراهيم,إِبْرَاهِيمَ,ابراهيم,1.000,19:41:4,
no_root_found,N/A,يَاإِبْرَاهِيمُ,ياإبراهيم,إِبْرَاهِيمُ,ابراهيم,1.000,19:46:6,
low_confidence,رجم,لَأَرْجُمَنَّكَ,لأرجمنك,لَأَرْجُمَنَّ,افعلن,0.638,19:46:10,رجم/افعلن@0.59 ; رجم/افعلن@0.59 ; رجم/افعلن@0.59
low_confidence,عتزل,وَأَعْتَزِلُكُمْ,وأعتزلكم,أَعْتَزِلُ,فعلل,0.614,19:48:1,عزل/افتعل@0.61 ; عزل/فتعل@0.60 ; عتزل/فعلل@0.55
no_root_found,N/A,إِسْحَاقَ,إسحاق,إِسْحَاقَ,اسحاق,1.000,19:49:10,
no_root_found,N/A,وَيَعْقُوبَ,ويعقوب,يَعْقُوبَ,يعقوب,1.000,19:49:11,
no_root_found,N/A,مُوسَى,موسى,مُوسَى,موسي,1.000,19:51:4,
no_root_found,N/A,هَارُونَ,هارون,هَارُونَ,هارون,1.000,19:53:6,
no_root_found,N/A,إِسْمَاعِيلَ,إسماعيل,إِسْمَاعِيلَ,اسماعيل,1.000,19:54:4,
no_root_found,N/A,إِدْرِيسَ,إدريس,إِدْرِيسَ,ادريس,1.000,19:56:4,
closed_class_surface,الذين,الَّذِينَ,الذين,الَّذِينَ,closed_class,1.000,19:58:2,
no_root_found,N/A,نُوحٍ,نوح,نُوحٍ,نوح,1.000,19:58:14,
no_root_found,N/A,إِبْرَاهِيمَ,إبراهيم,إِبْرَاهِيمَ,ابراهيم,1.000,19:58:17,
no_root_found,N/A,وَإِسْرَائِيلَ,وإسرائيل,إِسْرَائِيلَ,اسراءيل,1.000,19:58:18,
no_root_found,N/A,صَالِحَاً,صالحا,صَالِحَ,صالح,1.000,19:60:6,
closed_class_surface,التي,الَّتِي,التي,الَّتِي,closed_class,1.000,19:61:3,
closed_class_surface,تلك,تِلْكَ,تلك,تِلْكَ,closed_class,1.000,19:63:1,
closed_class_surface,التي,الَّتِي,التي,الَّتِي,closed_class,1.000,19:63:3,
closed_class_surface,ذلك,ذَلِكَ,ذلك,ذَلِكَ,closed_class,1.000,19:64:14,
no_root_found,N/A,وَالْأَرْضِ,والأرض,أَرْضِ,ارض,1.000,19:65:3,
low_confidence,صطبر,وَاصْطَبِرْ,واصطبر,صْطَبِرْ,فعلل,0.697,19:65:7,صطبر/فعلل@0.63 ; صطبر/فعلل@0.63 ; صطبر/فعلل@0.63
low_confidence,حشر,لَنَحْشُرَنَّهُمْ,لنحشرنهم,لَنَحْشُرَنَّ,نفعلن,0.638,19:68:2,
low_confidence,حضر,لَنُحْضِرَنَّهُمْ,لنحضرنهم,لَنُحْضِرَنَّ,نفعلن,0.594,19:68:5,
no_root_found,N/A,جَهَنَّمَ,جهنم,جَهَنَّمَ,جهنم,1.000,19:68:7,
low_confidence,نزع,لَنَنْزِعَنَّ,لننزعن,لَنَنْزِعَنَّ,نفعلن,0.638,19:69:2,نزع/ففعلن@0.59 ; نزع/ففعلن@0.55 ; نزع/ففعلن@0.55
closed_class_surface,الذين,بِالَّذِينَ,بالذين,الَّذِينَ,closed_class,1.000,19:70:4,
closed_class_surface,الذين,الَّذِينَ,الذين,الَّذِينَ,closed_class,1.000,19:72:3,
closed_class_surface,الذين,الَّذِينَ,الذين,الَّذِينَ,closed_class,1.000,19:73:7,
closed_class_surface,الذين,لِلَّذِينَ,للذين,الَذِينَ,closed_class,1.000,19:73:9,
no_root_found,N/A,وَيَزِيدُ,ويزيد,زِيدُ,زيد,1.000,19:76:1,
closed_class_surface,الذين,الَّذِينَ,الذين,الَّذِينَ,closed_class,1.000,19:76:3,
no_root_found,N/A,الصَّالِحَاتُ,الصالحات,صَالِحَ,صالح,1.000,19:76:7,
closed_class_surface,الذي,الَّذِي,الذي,الَّذِي,closed_class,1.000,19:77:2,
no_root_found,N/A,جَهَنَّمَ,جهنم,جَهَنَّمَ,جهنم,1.000,19:86:4,
no_root_found,N/A,يَمْلِكُونَ,يملكون,مْلِكُ,ملك,1.000,19:87:2,
no_root_found,N/A,الْأَرْضُ,الأرض,أَرْضُ,ارض,1.000,19:90:6,
no_root_found,N/A,وَالْأَرْضِ,والأرض,أَرْضِ,ارض,1.000,19:93:6,
closed_class_surface,الذين,الَّذِينَ,الذين,الَّذِينَ,closed_class,1.000,19:96:2,
no_root_found,N/A,الصَّالِحَاتِ,الصالحات,صَالِحَ,صالح,1.000,19:96:5,
no_root_found,N/A,بِلِسَانِكَ,بلسانك,لِسَانِ,لسان,1.000,19:97:3,
no_root_found,N/A,طه,طه,طه,طه,1.000,20:1:1,
no_root_found,N/A,الْأَرْضَ,الأرض,أَرْضَ,ارض,1.000,20:4:4,
no_root_found,N/A,الْأَرْضِ,الأرض,أَرْضِ,ارض,1.000,20:6:7,
no_root_found,N/A,مُوسَى,موسى,مُوسَى,موسي,1.000,20:9:4,
no_root_found,N/A,يَامُوسَى,ياموسى,مُوسَى,موسي,1.000,20:11:4,
no_root_found,N/A,بِالْوَادِ,بالواد,وَادِ,واد,1.000,20:12:7,
closed_class_surface,تلك,تِلْكَ,تلك,تِلْكَ,closed_class,1.000,20:17:2,
no_root_found,N/A,يَامُوسَى,ياموسى,مُوسَى,موسي,1.000,20:17:4,
no_root_found,N/A,غَنَمِي,غنمي,غَنَمِ,غنم,1.000,20:18:9,
no_root_found,N/A,يَامُوسَى,ياموسى,مُوسَى,موسي,1.000,20:19:3,
no_root_found,N/A,جَنَاحِكَ,جناحك,جَنَاحِ,جناح,1.000,20:22:4,
no_root_found,N/A,اذْهَبْ,اذهب,ذْهَبْ,ذهب,1.000,20:24:1,
no_root_found,N/A,فِرْعَوْنَ,فرعون,فِرْعَوْنَ,فرعون,1.000,20:24:3,
no_root_found,N/A,هَارُونَ,هارون,هَارُونَ,هارون,1.000,20:30:1,
no_root_found,N/A,أَزْرِي,أزري,أَزْرِ,ازر,1.000,20:31:3,
no_root_found,N/A,يَامُوسَى,ياموسى,مُوسَى,موسي,1.000,20:36:5,
no_root_found,N/A,عَيْنُهَا,عينها,عَيْنُ,عين,1.000,20:40:15,
no_root_found,N/A,مَدْيَنَ,مدين,مَدْيَنَ,مدين,1.000,20:40:29,
no_root_found,N/A,يَامُوسَى,ياموسى,مُوسَى,موسي,1.000,20:40:34,
low_confidence,صطنع,وَاصْطَنَعْتُكَ,واصطنعتك,اصْطَنَعْ,فعلل,0.677,20:41:1,صنع/افطعل@0.66 ; صطنع/افعلل@0.66 ; صطنع/فعلل@0.61
no_root_found,N/A,اذْهَبْ,اذهب,ذْهَبْ,ذهب,1.000,20:42:1,
no_root_found,N/A,فِرْعَوْنَ,فرعون,فِرْعَوْنَ,فرعون,1.000,20:43:3,
no_root_found,N/A,إِسْرَائِيلَ,إسرائيل,إِسْرَائِيلَ,اسراءيل,1.000,20:47:9,
no_root_found,N/A,يَامُوسَى,ياموسى,مُوسَى,موسي,1.000,20:49:4,
closed_class_surface,الذي,الَّذِي,الذي,الَّذِي,closed_class,1.000,20:50:3,
closed_class_surface,الذي,الَّذِي,الذي,الَّذِي,closed_class,1.000,20:53:1,
no_root_found,N/A,الْأَرْضَ,الأرض,أَرْضَ,ارض,1.000,20:53:4,
closed_class_surface,ذلك,ذَلِكَ,ذلك,ذَلِكَ,closed_class,1.000,20:54:6,
no_root_found,N/A,أَرْضِنَا,أرضنا,أَرْضِ,ارض,1.000,20:57:5,
no_root_found,N/A,يَامُوسَى,ياموسى,مُوسَى,موسي,1.000,20:57:7,
no_root_found,N/A,فِرْعَوْنُ,فرعون,فِرْعَوْنُ,فرعون,1.000,20:60:2,
no_root_found,N/A,مُوسَى,موسى,مُوسَى,موسي,1.000,20:61:3,
closed_class_surface,هذان,هَذَانِ,هذان,هَذَانِ,closed_class,1.000,20:63:3,
no_root_found,N/A,أَرْضِكُمْ,أرضكم,أَرْضِ,ارض,1.000,20:63:9,
no_root_found,N/A,يَامُوسَى,ياموسى,مُوسَى,موسي,1.000,20:65:2,
no_root_found,N/A,مُوسَى,موسى,مُوسَى,موسي,1.000,20:67:5,
no_root_found,N/A,هَارُونَ,هارون,هَارُونَ,هارون,1.000,20:70:7,
no_root_found,N/A,وَمُوسَى,وموسى,مُوسَى,موسي,1.000,20:70:8,
closed_class_surface,الذي,الَّذِي,الذي,الَّذِي,closed_class,1.000,20:71:10,
low_confidence,قطع,فَلَأُقَطِّعَنَّ,فلأقطعن,لَأُقَطِّعَنَّ,افعلن,0.594,20:71:13,قطع/افعلن@0.55 ; قطع/افعلن@0.55 ; قطع/افعلن@0.55
low_confidence,صلب,وَلَأُصَلِّبَنَّكُمْ,ولأصلبنكم,لَأُصَلِّبَنَّ,افعلن,0.594,20:71:18,صلب/افعلن@0.55 ; صلب/افعلن@0.55 ; صلب/افعلن@0.55
closed_class_surface,الذي,وَالَّذِي,والذي,الَّذِي,closed_class,1.000,20:72:9,
closed_class_surface,هذه,هَذِهِ,هذه,هَذِهِ,closed_class,1.000,20:72:17,
no_root_found,N/A,جَهَنَّمَ,جهنم,جَهَنَّمَ,جهنم,1.000,20:74:8,
no_root_found,N/A,يَحْيَى,يحيى,يَحْيَى,يحيي,1.000,20:74:13,
no_root_found,N/A,الصَّالِحَاتِ,الصالحات,صَالِحَ,صالح,1.000,20:75:6,
closed_class_surface,ذلك,وَذَلِكَ,وذلك,ذَلِكَ,closed_class,1.000,20:76:9,
no_root_found,N/A,مُوسَى,موسى,مُوسَى,موسي,1.000,20:77:4,
no_root_found,N/A,فِرْعَوْنُ,فرعون,فِرْعَوْنُ,فرعون,1.000,20:78:2,
no_root_found,N/A,فِرْعَوْنُ,فرعون,فِرْعَوْنُ,فرعون,1.000,20:79:2,
no_root_found,N/A,إِسْرَائِيلَ,إسرائيل,إِسْرَائِيلَ,اسراءيل,1.000,20:80:2,
no_root_found,N/A,صَالِحَاً,صالحا,صَالِحَ,صالح,1.000,20:82:7,
no_root_found,N/A,يَامُوسَى,ياموسى,مُوسَى,موسي,1.000,20:83:5,
closed_class_surface,اولاء,أُولَاءِ,أولاء,أُولَاءِ,closed_class,1.000,20:84:3,
no_root_found,N/A,مُوسَى,موسى,مُوسَى,موسي,1.000,20:86:2,
no_root_found,N/A,بِمَلْكِنَا,بملكنا,مَلْكِ,ملك,1.000,20:87:5,
closed_class_surface,ذلك,فَكَذَلِكَ,فكذلك,ذَلِكَ,closed_class,1.000,20:87:13,
closed_class_surface,هذا,هَذَا,هذا,هَذَا,closed_class,1.000,20:88:8,
no_root_found,N/A,مُوسَى,موسى,مُوسَى,موسي,1.000,20:88:11,
no_root_found,N/A,يَمْلِكُ,يملك,مْلِكُ,ملك,1.000,20:89:8,
no_root_found,N/A,هَارُونُ,هارون,هَارُونُ,هارون,1.000,20:90:4,
no_root_found,N/A,مُوسَى,موسى,مُوسَى,موسي,1.000,20:91:9,
no_root_found,N/A,يَاهَارُونُ,ياهارون,هَارُونُ,هارون,1.000,20:92:2,
low_confidence,بنءم,يَاابْنَأُمَّ,ياابنأم,ابْنَأُمَّ,افعلل,0.616,20:94:2,
no_root_found,N/A,إِسْرَائِيلَ,إسرائيل,إِسْرَائِيلَ,اسراءيل,1.000,20:94:15,
closed_class_surface,ذلك,وَكَذَلِكَ,وكذلك,ذَلِكَ,closed_class,1.000,20:96:13,
no_root_found,N/A,فَاذْهَبْ,فاذهب,ذْهَبْ,ذهب,1.000,20:97:2,
closed_class_surface,الذي,الَّذِي,الذي,الَّذِي,closed_class,1.000,20:97:19,
low_confidence,حرق,لَنُحَرِّقَنَّهُ,لنحرقنه,لَنُحَرِّقَنَّ,نفعلن,0.551,20:97:23,
low_confidence,نسف,لَنَنْسِفَنَّهُ,لننسفنه,لَنَنْسِفَنَّ,نفعلن,0.638,20:97:25,نسف/ففعلن@0.59 ; نسف/ففعلن@0.55 ; نسف/ففعلن@0.55
closed_class_surface,الذي,الَّذِي,الذي,الَّذِي,closed_class,1.000,20:98:4,
closed_class_surface,ذلك,كَذَلِكَ,كذلك,ذَلِكَ,closed_class,1.000,20:99:1,
no_root_found,N/A,يَتَّبِعُونَ,يتبعون,تَّبِعُ,تبع,1.000,20:108:2,
no_root_found,N/A,أَذِنَ,أذن,أَذِنَ,اذن,1.000,20:109:7,
no_root_found,N/A,الصَّالِحَاتِ,الصالحات,صَالِحَ,صالح,1.000,20:112:4,
closed_class_surface,ذلك,وَكَذَلِكَ,وكذلك,ذَلِكَ,closed_class,1.000,20:113:1,
no_root_found,N/A,الْمَلِكُ,الملك,مَلِكُ,ملك,1.000,20:114:3,
no_root_found,N/A,إِبْلِيسَ,إبليس,إِبْلِيسَ,ابليس,1.000,20:116:8,
closed_class_surface,هذا,هَذَا,هذا,هَذَا,closed_class,1.000,20:117:4,
low_confidence,خرجن,يُخْرِجَنَّكُمَا,يخرجنكما,خْرِجَنَّ,فعلل,0.697,20:117:9,خرج/فعلن@0.68 ; خرجن/فعلل@0.63 ; خرجن/فعلل@0.63
no_root_found,N/A,وَمُلْكٍ,وملك,مُلْكٍ,ملك,1.000,20:120:11,
closed_class_surface,ذلك,كَذَلِكَ,كذلك,ذَلِكَ,closed_class,1.000,20:126:2,
closed_class_surface,ذلك,وَكَذَلِكَ,وكذلك,ذَلِكَ,closed_class,1.000,20:126:6,
closed_class_surface,ذلك,وَكَذَلِكَ,وكذلك,ذَلِكَ,closed_class,1.000,20:127:1,
closed_class_surface,ذلك,ذَلِكَ,ذلك,ذَلِكَ,closed_class,1.000,20:128:14,
low_confidence,صطبر,وَاصْطَبِرْ,واصطبر,صْطَبِرْ,فعلل,0.697,20:132:4,صطبر/فعلل@0.63 ; صطبر/فعلل@0.63 ; صطبر/فعلل@0.63
closed_class_surface,الذين,الَّذِينَ,الذين,الَّذِينَ,closed_class,1.000,21:3:5,
closed_class_surface,هذا,هَذَا,هذا,هَذَا,closed_class,1.000,21:3:8,
no_root_found,N/A,وَالْأَرْضِ,والأرض,أَرْضِ,ارض,1.000,21:4:7,
no_root_found,N/A,نُوحِي,نوحي,نُوحِ,نوح,1.000,21:7:6,
closed_class_surface,تلك,تِلْكَ,تلك,تِلْكَ,closed_class,1.000,21:15:3,
no_root_found,N/A,وَالْأَرْضَ,والأرض,أَرْضَ,ارض,1.000,21:16:4,
no_root_found,N/A,وَالْأَرْضِ,والأرض,أَرْضِ,ارض,1.000,21:19:5,
no_root_found,N/A,الْأَرْضِ,الأرض,أَرْضِ,ارض,1.000,21:21:5,
low_confidence,فسدت,لَفَسَدَتَا,لفسدتا,لَفَسَدَتَا,فعلل,0.612,21:22:7,فسد/فعلت@0.60 ; فسد/فعلت@0.60 ; فسد/فعلت@0.55
closed_class_surface,هذا,هَذَا,هذا,هَذَا,closed_class,1.000,21:24:9,
no_root_found,N/A,نُوحِي,نوحي,نُوحِ,نوح,1.000,21:25:8,
closed_class_surface,ذلك,فَذَلِكَ,فذلك,ذَلِكَ,closed_class,1.000,21:29:8,
no_root_found,N/A,جَهَنَّمَ,جهنم,جَهَنَّمَ,جهنم,1.000,21:29:10,
closed_class_surface,ذلك,كَذَلِكَ,كذلك,ذَلِكَ,closed_class,1.000,21:29:11,
closed_class_surface,الذين,الَّذِينَ,الذين,الَّذِينَ,closed_class,1.000,21:30:3,
no_root_found,N/A,وَالْأَرْضَ,والأرض,أَرْضَ,ارض,1.000,21:30:7,
no_root_found,N/A,الْأَرْضِ,الأرض,أَرْضِ,ارض,1.000,21:31:3,
closed_class_surface,الذي,الَّذِي,الذي,الَّذِي,closed_class,1.000,21:33:2,
closed_class_surface,الذين,الَّذِينَ,الذين,الَّذِينَ,closed_class,1.000,21:36:3,
closed_class_surface,الذي,الَّذِي,الذي,الَّذِي,closed_class,1.000,21:36:10,
closed_class_surface,هذا,هَذَا,هذا,هَذَا,closed_class,1.000,21:38:3,
closed_class_surface,الذين,الَّذِينَ,الذين,الَّذِينَ,closed_class,1.000,21:39:3,
closed_class_surface,الذين,بِالَّذِينَ,بالذين,الَّذِينَ,closed_class,1.000,21:41:7,
no_root_found,N/A,الْأَرْضَ,الأرض,أَرْضَ,ارض,1.000,21:44:13,
low_confidence,قيل,لَيَقُولُنَّ,ليقولن,لَيَقُولُنَّ,يفعلن,0.654,21:46:7,قول/يفعلن@0.64 ; قلو/يفعلن@0.61 ; قيل/يفعلن@0.61
no_root_found,N/A,مُوسَى,موسى,مُوسَى,موسي,1.000,21:48:3,
no_root_found,N/A,وَهَارُونَ,وهارون,هَارُونَ,هارون,1.000,21:48:4,
closed_class_surface,الذين,الَّذِينَ,الذين,الَّذِينَ,closed_class,1.000,21:49:1,
closed_class_surface,هذا,وَهَذَا,وهذا,هَذَا,closed_class,1.000,21:50:1,
no_root_found,N/A,إِبْرَاهِيمَ,إبراهيم,إِبْرَاهِيمَ,ابراهيم,1.000,21:51:3,
closed_class_surface,هذه,هَذِهِ,هذه,هَذِهِ,closed_class,1.000,21:52:6,
closed_class_surface,التي,الَّتِي,التي,الَّتِي,closed_class,1.000,21:52:8,
no_root_found,N/A,وَالْأَرْضِ,والأرض,أَرْضِ,ارض,1.000,21:56:6,
closed_class_surface,الذي,الَّذِي,الذي,الَّذِي,closed_class,1.000,21:56:7,
low_confidence,كود,لَأَكِيدَنَّ,لأكيدن,لَأَكِيدَنَّ,افعلن,0.610,21:57:2,كود/افعلن@0.61 ; كيد/افعلن@0.59 ; كيد/افعلن@0.59
closed_class_surface,هذا,هَذَا,هذا,هَذَا,closed_class,1.000,21:59:4,
no_root_found,N/A,إِبْرَاهِيمُ,إبراهيم,إِبْرَاهِيمُ,ابراهيم,1.000,21:60:7,
closed_class_surface,هذا,هَذَا,هذا,هَذَا,closed_class,1.000,21:62:4,
no_root_found,N/A,يَاإِبْرَاهِيمُ,ياإبراهيم,إِبْرَاهِيمُ,ابراهيم,1.000,21:62:6,
closed_class_surface,هذا,هَذَا,هذا,هَذَا,closed_class,1.000,21:63:5,
no_root_found,N/A,إِبْرَاهِيمَ,إبراهيم,إِبْرَاهِيمَ,ابراهيم,1.000,21:69:7,
no_root_found,N/A,وَلُوطَاً,ولوطا,لُوطَ,لوط,1.000,21:71:2,
no_root_found,N/A,الْأَرْضِ,الأرض,أَرْضِ,ارض,1.000,21:71:4,
closed_class_surface,التي,الَّتِي,التي,الَّتِي,closed_class,1.000,21:71:5,
no_root_found,N/A,إِسْحَاقَ,إسحاق,إِسْحَاقَ,اسحاق,1.000,21:72:3,
no_root_found,N/A,وَيَعْقُوبَ,ويعقوب,يَعْقُوبَ,يعقوب,1.000,21:72:4,
no_root_found,N/A,صَالِحِينَ,صالحين,صَالِحِ,صالح,1.000,21:72:8,
no_root_found,N/A,وَلُوطَاً,ولوطا,لُوطَ,لوط,1.000,21:74:1,
closed_class_surface,التي,الَّتِي,التي,الَّتِي,closed_class,1.000,21:74:8,
no_root_found,N/A,الصَّالِحِينَ,الصالحين,صَالِحِ,صالح,1.000,21:75:6,
no_root_found,N/A,وَنُوحَاً,ونوحا,نُوحَ,نوح,1.000,21:76:1,
low_confidence,سجب,فَاسْتَجَبْنَا,فاستجبنا,اسْتَجَبْ,افتعل,0.658,21:76:6,ستجب/افعلل@0.66 ; سجب/افتعل@0.62 ; سجب/افتعل@0.62
closed_class_surface,الذين,الَّذِينَ,الذين,الَّذِينَ,closed_class,1.000,21:77:4,
no_root_found,N/A,وَسُلَيْمَانَ,وسليمان,سُلَيْمَانَ,سليمان,1.000,21:78:2,
no_root_found,N/A,غَنَمُ,غنم,غَنَمُ,غنم,1.000,21:78:10,
no_root_found,N/A,سُلَيْمَانَ,سليمان,سُلَيْمَانَ,سليمان,1.000,21:79:2,
no_root_found,N/A,وَلِسُلَيْمَانَ,ولسليمان,سُلَيْمَانَ,سليمان,1.000,21:81:1,
no_root_found,N/A,الْأَرْضِ,الأرض,أَرْضِ,ارض,1.000,21:81:7,
closed_class_surface,التي,الَّتِي,التي,الَّتِي,closed_class,1.000,21:81:8,
closed_class_surface,ذلك,ذَلِكَ,ذلك,ذَلِكَ,closed_class,1.000,21:82:9,
no_root_found,N/A,وَأَيُّوبَ,وأيوب,أَيُّوبَ,ايوب,1.000,21:83:1,
low_confidence,سجب,فَاسْتَجَبْنَا,فاستجبنا,اسْتَجَبْ,افتعل,0.658,21:84:1,ستجب/افعلل@0.66 ; سجب/افتعل@0.62 ; سجب/افتعل@0.62
no_root_found,N/A,وَإِسْمَاعِيلَ,وإسماعيل,إِسْمَاعِيلَ,اسماعيل,1.000,21:85:1,
no_root_found,N/A,وَإِدْرِيسَ,وإدريس,إِدْرِيسَ,ادريس,1.000,21:85:2,
no_root_found,N/A,الصَّالِحِينَ,الصالحين,صَالِحِ,صالح,1.000,21:86:6,
no_root_found,N/A,ذَهَبَ,ذهب,ذَهَبَ,ذهب,1.000,21:87:4,
low_confidence,سجب,فَاسْتَجَبْنَا,فاستجبنا,اسْتَجَبْ,افتعل,0.658,21:88:1,ستجب/افعلل@0.66 ; سجب/افتعل@0.62 ; سجب/افتعل@0.62
closed_class_surface,ذلك,وَكَذَلِكَ,وكذلك,ذَلِكَ,closed_class,1.000,21:88:6,
no_root_found,N/A,وَزَكَرِيَّا,وزكريا,زَكَرِيَّا,زكريا,1.000,21:89:1,
low_confidence,سجب,فَاسْتَجَبْنَا,فاستجبنا,اسْتَجَبْ,افتعل,0.658,21:90:1,ستجب/افعلل@0.66 ; سجب/افتعل@0.62 ; سجب/افتعل@0.62
no_root_found,N/A,يَحْيَى,يحيى,يَحْيَى,يحيي,1.000,21:90:5,
closed_class_surface,التي,وَالَّتِي,والتي,الَّتِي,closed_class,1.000,21:91:1,
closed_class_surface,هذه,هَذِهِ,هذه,هَذِهِ,closed_class,1.000,21:92:2,
no_root_found,N/A,الصَّالِحَاتِ,الصالحات,صَالِحَ,صالح,1.000,21:94:4,
closed_class_surface,الذين,الَّذِينَ,الذين,الَّذِينَ,closed_class,1.000,21:97:8,
closed_class_surface,هذا,هَذَا,هذا,هَذَا,closed_class,1.000,21:97:16,
no_root_found,N/A,جَهَنَّمَ,جهنم,جَهَنَّمَ,جهنم,1.000,21:98:8,
closed_class_surface,الذين,الَّذِينَ,الذين,الَّذِينَ,closed_class,1.000,21:101:2,
closed_class_surface,هذا,هَذَا,هذا,هَذَا,closed_class,1.000,21:103:7,
closed_class_surface,الذي,الَّذِي,الذي,الَّذِي,closed_class,1.000,21:103:9,
no_root_found,N/A,الْأَرْضَ,الأرض,أَرْضَ,ارض,1.000,21:105:9,
no_root_found,N/A,الصَّالِحُونَ,الصالحون,صَالِحُ,صالح,1.000,21:105:12,
closed_class_surface,هذا,هَذَا,هذا,هَذَا,closed_class,1.000,21:106:3,
no_root_found,N/A,تُرَابٍ,تراب,تُرَابٍ,تراب,1.000,22:5:12,
no_root_found,N/A,عَلَقَةٍ,علقة,عَلَقَ,علق,1.000,22:5:18,
no_root_found,N/A,الْأَرْضَ,الأرض,أَرْضَ,ارض,1.000,22:5:57,
closed_class_surface,ذلك,ذَلِكَ,ذلك,ذَلِكَ,closed_class,1.000,22:6:1,
closed_class_surface,ذلك,ذَلِكَ,ذلك,ذَلِكَ,closed_class,1.000,22:10:1,
closed_class_surface,ذلك,ذَلِكَ,ذلك,ذَلِكَ,closed_class,1.000,22:11:22,
closed_class_surface,ذلك,ذَلِكَ,ذلك,ذَلِكَ,closed_class,1.000,22:12:11,
closed_class_surface,الذين,الَّذِينَ,الذين,الَّذِينَ,closed_class,1.000,22:14:4,
no_root_found,N/A,الصَّالِحَاتِ,الصالحات,صَالِحَ,صالح,1.000,22:14:7,
low_confidence,ذهبن,يُذْهِبَنَّ,يذهبن,ذْهِبَنَّ,فعلل,0.697,22:15:19,ذهب/فعلن@0.68 ; ذهبن/فعلل@0.63 ; ذهبن/فعلل@0.63
closed_class_surface,ذلك,وَكَذَلِكَ,وكذلك,ذَلِكَ,closed_class,1.000,22:16:1,
closed_class_surface,الذين,الَّذِينَ,الذين,الَّذِينَ,closed_class,1.000,22:17:2,
closed_class_surface,الذين,وَالَّذِينَ,والذين,الَّذِينَ,closed_class,1.000,22:17:4,
closed_class_surface,الذين,وَالَّذِينَ,والذين,الَّذِينَ,closed_class,1.000,22:17:9,
no_root_found,N/A,الْأَرْضِ,الأرض,أَرْضِ,ارض,1.000,22:18:12,
closed_class_surface,هذان,هَذَانِ,هذان,هَذَانِ,closed_class,1.000,22:19:1,
closed_class_surface,الذين,فَالَّذِينَ,فالذين,الَّذِينَ,closed_class,1.000,22:19:6,
no_root_found,N/A,حَدِيدٍ,حديد,حَدِيدٍ,حديد,1.000,22:21:4,
closed_class_surface,الذين,الَّذِينَ,الذين,الَّذِينَ,closed_class,1.000,22:23:4,
no_root_found,N/A,الصَّالِحَاتِ,الصالحات,صَالِحَ,صالح,1.000,22:23:7,
no_root_found,N/A,ذَهَبٍ,ذهب,ذَهَبٍ,ذهب,1.000,22:23:18,
no_root_found,N/A,وَلُؤْلُؤَاً,ولؤلؤا,لُؤْلُؤَ,لءلء,1.000,22:23:19,
no_root_found,N/A,حَرِيرٌ,حرير,حَرِيرٌ,حرير,1.000,22:23:22,
closed_class_surface,الذين,الَّذِينَ,الذين,الَّذِينَ,closed_class,1.000,22:25:2,
no_root_found,N/A,وَالْمَسْجِدِ,والمسجد,مَسْجِدِ,مسجد,1.000,22:25:8,
closed_class_surface,الذي,الَّذِي,الذي,الَّذِي,closed_class,1.000,22:25:10,
no_root_found,N/A,لِإِبْرَاهِيمَ,لإبراهيم,إِبْرَاهِيمَ,ابراهيم,1.000,22:26:3,
no_root_found,N/A,وَأَذِّنْ,وأذن,أَذِّنْ,اذن,1.000,22:27:1,
no_root_found,N/A,بِالْحَجِّ,بالحج,حَجِّ,حج,1.000,22:27:4,
low_confidence,ليطف,وَلْيَطَّوَّفُوا,وليطوفوا,وَلْيَطَّوَّفُ,فعلول,0.567,22:29:6,
closed_class_surface,ذلك,ذَلِكَ,ذلك,ذَلِكَ,closed_class,1.000,22:30:1,
closed_class_surface,ذلك,ذَلِكَ,ذلك,ذَلِكَ,closed_class,1.000,22:32:1,
closed_class_surface,الذين,الَّذِينَ,الذين,الَّذِينَ,closed_class,1.000,22:35:1,
closed_class_surface,ذلك,كَذَلِكَ,كذلك,ذَلِكَ,closed_class,1.000,22:36:23,
closed_class_surface,ذلك,كَذَلِكَ,كذلك,ذَلِكَ,closed_class,1.000,22:37:11,
closed_class_surface,الذين,الَّذِينَ,الذين,الَّذِينَ,closed_class,1.000,22:38:5,
no_root_found,N/A,أُذِنَ,أذن,أُذِنَ,اذن,1.000,22:39:1,
closed_class_surface,الذين,لِلَّذِينَ,للذين,الَذِينَ,closed_class,1.000,22:39:2,
closed_class_surface,الذين,الَّذِينَ,الذين,الَّذِينَ,closed_class,1.000,22:40:1,
no_root_found,N/A,صَوَامِعُ,صوامع,صَوَامِعُ,صوامع,1.000,22:40:19,
low_confidence,نصر,وَلَيَنْصُرَنَّ,ولينصرن,لَيَنْصُرَنَّ,يفعلن,0.681,22:40:28,نصر/يفعلن@0.64 ; نصر/يفعلن@0.64 ; نصر/يفعلن@0.59
closed_class_surface,الذين,الَّذِينَ,الذين,الَّذِينَ,closed_class,1.000,22:41:1,
no_root_found,N/A,الْأَرْضِ,الأرض,أَرْضِ,ارض,1.000,22:41:5,
no_root_found,N/A,نُوحٍ,نوح,نُوحٍ,نوح,1.000,22:42:7,
no_root_found,N/A,وَعَادٌ,وعاد,عَادٌ,عاد,1.000,22:42:8,
no_root_found,N/A,وَثَمُودُ,وثمود,ثَمُودُ,ثمود,1.000,22:42:9,
no_root_found,N/A,إِبْرَاهِيمَ,إبراهيم,إِبْرَاهِيمَ,ابراهيم,1.000,22:43:2,
no_root_found,N/A,لُوطٍ,لوط,لُوطٍ,لوط,1.000,22:43:4,
no_root_found,N/A,مَدْيَنَ,مدين,مَدْيَنَ,مدين,1.000,22:44:2,
no_root_found,N/A,مُوسَى,موسى,مُوسَى,موسي,1.000,22:44:4,
no_root_found,N/A,الْأَرْضِ,الأرض,أَرْضِ,ارض,1.000,22:46:4,
closed_class_surface,التي,الَّتِي,التي,الَّتِي,closed_class,1.000,22:46:21,
closed_class_surface,الذين,فَالَّذِينَ,فالذين,الَّذِينَ,closed_class,1.000,22:50:1,
no_root_found,N/A,الصَّالِحَاتِ,الصالحات,صَالِحَ,صالح,1.000,22:50:4,
closed_class_surface,الذين,وَالَّذِينَ,والذين,الَّذِينَ,closed_class,1.000,22:51:1,
closed_class_surface,الذين,لِلَّذِينَ,للذين,الَذِينَ,closed_class,1.000,22:53:6,
closed_class_surface,الذين,الَّذِينَ,الذين,الَّذِينَ,closed_class,1.000,22:54:2,
closed_class_surface,الذين,الَّذِينَ,الذين,الَّذِينَ,closed_class,1.000,22:54:17,
closed_class_surface,الذين,الَّذِينَ,الذين,الَّذِينَ,closed_class,1.000,22:55:3,
no_root_found,N/A,الْمُلْكُ,الملك,مُلْكُ,ملك,1.000,22:56:1,
closed_class_surface,الذين,فَالَّذِينَ,فالذين,الَّذِينَ,closed_class,1.000,22:56:6,
no_root_found,N/A,الصَّالِحَاتِ,الصالحات,صَالِحَ,صالح,1.000,22:56:9,
closed_class_surface,الذين,وَالَّذِينَ,والذين,الَّذِينَ,closed_class,1.000,22:57:1,
closed_class_surface,الذين,وَالَّذِينَ,والذين,الَّذِينَ,closed_class,1.000,22:58:1,
low_confidence,رزق,لَيَرْزُقَنَّهُمُ,ليرزقنهم,لَيَرْزُقَنَّ,يفعلن,0.681,22:58:10,رزق/يفعلن@0.64 ; رزق/يفعلن@0.64 ; رزق/يفعلن@0.59
low_confidence,دخل,لَيُدْخِلَنَّهُمْ,ليدخلنهم,لَيُدْخِلَنَّ,يفعلن,0.681,22:59:1,دخل/يفعلن@0.64 ; دخل/يفعلن@0.64 ; دخل/يفعلن@0.64
closed_class_surface,ذلك,ذَلِكَ,ذلك,ذَلِكَ,closed_class,1.000,22:60:1,
low_confidence,نصر,لَيَنْصُرَنَّهُ,لينصرنه,لَيَنْصُرَنَّ,يفعلن,0.681,22:60:11,نصر/يفعلن@0.64 ; نصر/يفعلن@0.64 ; نصر/يفعلن@0.59
closed_class_surface,ذلك,ذَلِكَ,ذلك,ذَلِكَ,closed_class,1.000,22:61:1,
closed_class_surface,ذلك,ذَلِكَ,ذلك,ذَلِكَ,closed_class,1.000,22:62:1,
no_root_found,N/A,الْأَرْضُ,الأرض,أَرْضُ,ارض,1.000,22:63:10,
no_root_found,N/A,الْأَرْضِ,الأرض,أَرْضِ,ارض,1.000,22:64:7,
no_root_found,N/A,الْأَرْضِ,الأرض,أَرْضِ,ارض,1.000,22:65:9,
no_root_found,N/A,الْأَرْضِ,الأرض,أَرْضِ,ارض,1.000,22:65:20,
no_root_found,N/A,بِإِذْنِهِ,بإذنه,إِذْنِ,اذن,1.000,22:65:22,
closed_class_surface,الذي,الَّذِي,الذي,الَّذِي,closed_class,1.000,22:66:2,
low_confidence,ختلف,تَخْتَلِفُونَ,تختلفون,خْتَلِفُ,فعلل,0.697,22:69:9,خلف/فتعل@0.68 ; ختلف/فعلل@0.63 ; ختلف/فعلل@0.63
no_root_found,N/A,وَالْأَرْضِ,والأرض,أَرْضِ,ارض,1.000,22:70:9,
closed_class_surface,ذلك,ذَلِكَ,ذلك,ذَلِكَ,closed_class,1.000,22:70:11,
closed_class_surface,ذلك,ذَلِكَ,ذلك,ذَلِكَ,closed_class,1.000,22:70:15,
closed_class_surface,الذين,الَّذِينَ,الذين,الَّذِينَ,closed_class,1.000,22:72:9,
closed_class_surface,الذين,بِالَّذِينَ,بالذين,الَّذِينَ,closed_class,1.000,22:72:14,
closed_class_surface,الذين,الَّذِينَ,الذين,الَّذِينَ,closed_class,1.000,22:72:26,
closed_class_surface,الذين,الَّذِينَ,الذين,الَّذِينَ,closed_class,1.000,22:73:8,
closed_class_surface,الذين,الَّذِينَ,الذين,الَّذِينَ,closed_class,1.000,22:77:2,
no_root_found,N/A,إِبْرَاهِيمَ,إبراهيم,إِبْرَاهِيمَ,ابراهيم,1.000,22:78:17,
closed_class_surface,هذا,هَذَا,هذا,هَذَا,closed_class,1.000,22:78:24,
closed_class_surface,الذين,الَّذِينَ,الذين,الَّذِينَ,closed_class,1.000,23:2:1,
closed_class_surface,الذين,وَالَّذِينَ,والذين,الَّذِينَ,closed_class,1.000,23:3:1,
closed_class_surface,الذين,وَالَّذِينَ,والذين,الَّذِينَ,closed_class,1.000,23:4:1,
closed_class_surface,الذين,وَالَّذِينَ,والذين,الَّذِينَ,closed_class,1.000,23:5:1,
no_root_found,N/A,مَلَكَتْ,ملكت,مَلَكَ,ملك,1.000,23:6:6,
closed_class_surface,ذلك,ذَلِكَ,ذلك,ذَلِكَ,closed_class,1.000,23:7:4,
no_root_found,N/A,الْعَادُونَ,العادون,عَادُ,عاد,1.000,23:7:7,
closed_class_surface,الذين,وَالَّذِينَ,والذين,الَّذِينَ,closed_class,1.000,23:8:1,
closed_class_surface,الذين,وَالَّذِينَ,والذين,الَّذِينَ,closed_class,1.000,23:9:1,
closed_class_surface,الذين,الَّذِينَ,الذين,الَّذِينَ,closed_class,1.000,23:11:1,
no_root_found,N/A,عَلَقَةً,علقة,عَلَقَ,علق,1.000,23:14:4,
no_root_found,N/A,الْعَلَقَةَ,العلقة,عَلَقَ,علق,1.000,23:14:6,
no_root_found,N/A,لَحْمَاً,لحما,حْمَ,حم,1.000,23:14:13,
closed_class_surface,ذلك,ذَلِكَ,ذلك,ذَلِكَ,closed_class,1.000,23:15:4,
no_root_found,N/A,الْأَرْضِ,الأرض,أَرْضِ,ارض,1.000,23:18:8,
no_root_found,N/A,نُوحَاً,نوحا,نُوحَ,نوح,1.000,23:23:3,
closed_class_surface,الذين,الَّذِينَ,الذين,الَّذِينَ,closed_class,1.000,23:24:3,
closed_class_surface,هذا,هَذَا,هذا,هَذَا,closed_class,1.000,23:24:8,
closed_class_surface,هذا,بِهَذَا,بهذا,هَذَا,closed_class,1.000,23:24:23,
closed_class_surface,الذين,الَّذِينَ,الذين,الَّذِينَ,closed_class,1.000,23:27:29,
closed_class_surface,الذي,الَّذِي,الذي,الَّذِي,closed_class,1.000,23:28:11,
closed_class_surface,ذلك,ذَلِكَ,ذلك,ذَلِكَ,closed_class,1.000,23:30:3,
closed_class_surface,الذين,الَّذِينَ,الذين,الَّذِينَ,closed_class,1.000,23:33:5,
closed_class_surface,هذا,هَذَا,هذا,هَذَا,closed_class,1.000,23:33:15,
no_root_found,N/A,تُرَابَاً,ترابا,تُرَابَ,تراب,1.000,23:35:6,
low_confidence,صبح,لَيُصْبِحُنَّ,ليصبحن,لَيُصْبِحُنَّ,يفعلن,0.681,23:40:4,صبح/يفعلن@0.64 ; صبح/يفعلن@0.64 ; صبح/يفعلن@0.64
no_root_found,N/A,نَادِمِينَ,نادمين,ادِمِ,ادم,1.000,23:40:5,
no_root_found,N/A,مُوسَى,موسى,مُوسَى,موسي,1.000,23:45:3,
no_root_found,N/A,هَارُونَ,هارون,هَارُونَ,هارون,1.000,23:45:5,
no_root_found,N/A,فِرْعَوْنَ,فرعون,فِرْعَوْنَ,فرعون,1.000,23:46:2,
no_root_found,N/A,مُوسَى,موسى,مُوسَى,موسي,1.000,23:49:3,
no_root_found,N/A,مَرْيَمَ,مريم,مَرْيَمَ,مريم,1.000,23:50:3,
no_root_found,N/A,صَالِحَاً,صالحا,صَالِحَ,صالح,1.000,23:51:7,
closed_class_surface,هذه,هَذِهِ,هذه,هَذِهِ,closed_class,1.000,23:52:2,
closed_class_surface,الذين,الَّذِينَ,الذين,الَّذِينَ,closed_class,1.000,23:57:2,
closed_class_surface,الذين,وَالَّذِينَ,والذين,الَّذِينَ,closed_class,1.000,23:58:1,
closed_class_surface,الذين,وَالَّذِينَ,والذين,الَّذِينَ,closed_class,1.000,23:59:1,
closed_class_surface,الذين,وَالَّذِينَ,والذين,الَّذِينَ,closed_class,1.000,23:60:1,
closed_class_surface,هذا,هَذَا,هذا,هَذَا,closed_class,1.000,23:63:6,
closed_class_surface,ذلك,ذَلِكَ,ذلك,ذَلِكَ,closed_class,1.000,23:63:11,
low_confidence,فسدت,لَفَسَدَتِ,لفسدت,لَفَسَدَتِ,فعلل,0.689,23:71:5,فسدت/فعلال@0.67 ; فسد/فعلت@0.67 ; فسد/فعلت@0.67
no_root_found,N/A,وَالْأَرْضُ,والأرض,أَرْضُ,ارض,1.000,23:71:7,
closed_class_surface,الذين,الَّذِينَ,الذين,الَّذِينَ,closed_class,1.000,23:74:2,
closed_class_surface,الذي,الَّذِي,الذي,الَّذِي,closed_class,1.000,23:78:2,
closed_class_surface,الذي,الَّذِي,الذي,الَّذِي,closed_class,1.000,23:79:2,
no_root_found,N/A,الْأَرْضِ,الأرض,أَرْضِ,ارض,1.000,23:79:5,
closed_class_surface,الذي,الَّذِي,الذي,الَّذِي,closed_class,1.000,23:80:2,
no_root_found,N/A,تُرَابَاً,ترابا,تُرَابَ,تراب,1.000,23:82:5,
closed_class_surface,هذا,هَذَا,هذا,هَذَا,closed_class,1.000,23:83:5,
closed_class_surface,هذا,هَذَا,هذا,هَذَا,closed_class,1.000,23:83:9,
no_root_found,N/A,الْأَرْضُ,الأرض,أَرْضُ,ارض,1.000,23:84:3,
no_root_found,N/A,لَذَهَبَ,لذهب,ذَهَبَ,ذهب,1.000,23:91:12,
closed_class_surface,التي,بِالَّتِي,بالتي,الَّتِي,closed_class,1.000,23:96:2,
no_root_found,N/A,صَالِحَاً,صالحا,صَالِحَ,صالح,1.000,23:100:3,
closed_class_surface,الذين,الَّذِينَ,الذين,الَّذِينَ,closed_class,1.000,23:103:5,
no_root_found,N/A,جَهَنَّمَ,جهنم,جَهَنَّمَ,جهنم,1.000,23:103:9,
no_root_found,N/A,الْأَرْضِ,الأرض,أَرْضِ,ارض,1.000,23:112:5,
no_root_found,N/A,الْعَادِّينَ,العادين,عَادِّ,عاد,1.000,23:113:8,
no_root_found,N/A,الْمَلِكُ,الملك,مَلِكُ,ملك,1.000,23:116:3,
closed_class_surface,ذلك,ذَلِكَ,ذلك,ذَلِكَ,closed_class,1.000,24:3:16,
closed_class_surface,الذين,وَالَّذِينَ,والذين,الَّذِينَ,closed_class,1.000,24:4:1,
closed_class_surface,الذين,الَّذِينَ,الذين,الَّذِينَ,closed_class,1.000,24:5:2,
closed_class_surface,ذلك,ذَلِكَ,ذلك,ذَلِكَ,closed_class,1.000,24:5:6,
closed_class_surface,الذين,وَالَّذِينَ,والذين,الَّذِينَ,closed_class,1.000,24:6:1,
closed_class_surface,الذين,الَّذِينَ,الذين,الَّذِينَ,closed_class,1.000,24:11:2,
closed_class_surface,الذي,وَالَّذِي,والذي,الَّذِي,closed_class,1.000,24:11:22,
closed_class_surface,هذا,هَذَا,هذا,هَذَا,closed_class,1.000,24:12:10,
closed_class_surface,هذا,بِهَذَا,بهذا,هَذَا,closed_class,1.000,24:16:10,
closed_class_surface,هذا,هَذَا,هذا,هَذَا,closed_class,1.000,24:16:12,
closed_class_surface,الذين,الَّذِينَ,الذين,الَّذِينَ,closed_class,1.000,24:19:2,
closed_class_surface,الذين,الَّذِينَ,الذين,الَّذِينَ,closed_class,1.000,24:19:8,
closed_class_surface,الذين,الَّذِينَ,الذين,الَّذِينَ,closed_class,1.000,24:21:2,
no_root_found,N/A,تَتَّبِعُوا,تتبعوا,تَّبِعُ,تبع,1.000,24:21:5,
low_confidence,لعف,وَلْيَعْفُوا,وليعفوا,وَلْيَعْفُ,فيعال,0.581,24:22:16,لعف/فيعال@0.58 ; ليعف/فعلال@0.58 ; ليعف/فعلال@0.58
closed_class_surface,الذين,الَّذِينَ,الذين,الَّذِينَ,closed_class,1.000,24:23:2,
closed_class_surface,الذين,الَّذِينَ,الذين,الَّذِينَ,closed_class,1.000,24:27:2,
no_root_found,N/A,وَتُسَلِّمُوا,وتسلموا,سَلِّمُ,سلم,1.000,24:27:11,
no_root_found,N/A,جُنَاحٌ,جناح,جُنَاحٌ,جناح,1.000,24:29:3,
closed_class_surface,ذلك,ذَلِكَ,ذلك,ذَلِكَ,closed_class,1.000,24:30:8,
low_confidence,غضضن,يَغْضُضْنَ,يغضضن,غْضُضْنَ,فعلل,0.630,24:31:3,غضضن/فعلل@0.63 ; غضضن/فعلل@0.63 ; غضضن/فعلل@0.63
low_confidence,حفظ,وَيَحْفَظْنَ,ويحفظن,حْفَظْنَ,فعلن,0.684,24:31:6,حفظ/فعلن@0.68 ; حفظن/فعلل@0.63 ; حفظن/فعلل@0.63
no_root_found,N/A,بِخُمُرِهِنَّ,بخمرهن,خُمُرِ,خمر,1.000,24:31:16,
no_root_found,N/A,مَلَكَتْ,ملكت,مَلَكَ,ملك,1.000,24:31:46,
closed_class_surface,الذين,الَّذِينَ,الذين,الَّذِينَ,closed_class,1.000,24:31:57,
low_confidence,ضرب,يَضْرِبْنَ,يضربن,ضْرِبْنَ,فعلن,0.684,24:31:64,ضربن/فعلل@0.63 ; ضربن/فعلل@0.63 ; ضربن/فعلل@0.63
no_root_found,N/A,وَالصَّالِحِينَ,والصالحين,صَالِحِ,صالح,1.000,24:32:4,
closed_class_surface,الذين,الَّذِينَ,الذين,الَّذِينَ,closed_class,1.000,24:33:2,
closed_class_surface,الذين,وَالَّذِينَ,والذين,الَّذِينَ,closed_class,1.000,24:33:11,
no_root_found,N/A,مَلَكَتْ,ملكت,مَلَكَ,ملك,1.000,24:33:15,
closed_class_surface,الذي,الَّذِي,الذي,الَّذِي,closed_class,1.000,24:33:26,
closed_class_surface,الذين,الَّذِينَ,الذين,الَّذِينَ,closed_class,1.000,24:34:8,
no_root_found,N/A,وَالْأَرْضِ,والأرض,أَرْضِ,ارض,1.000,24:35:4,
no_root_found,N/A,أَذِنَ,أذن,أَذِنَ,اذن,1.000,24:36:3,
closed_class_surface,الذين,وَالَّذِينَ,والذين,الَّذِينَ,closed_class,1.000,24:39:1,
no_root_found,N/A,سَحَابٌ,سحاب,سَحَابٌ,سحاب,1.000,24:40:13,
no_root_found,N/A,وَالْأَرْضِ,والأرض,أَرْضِ,ارض,1.000,24:41:10,
no_root_found,N/A,مُلْكُ,ملك,مُلْكُ,ملك,1.000,24:42:2,
no_root_found,N/A,وَالْأَرْضِ,والأرض,أَرْضِ,ارض,1.000,24:42:4,
no_root_found,N/A,سَحَابَاً,سحابا,سَحَابَ,سحاب,1.000,24:43:6,
no_root_found,N/A,بَرْقِهِ,برقه,بَرْقِ,برق,1.000,24:43:36,
no_root_found,N/A,يَذْهَبُ,يذهب,ذْهَبُ,ذهب,1.000,24:43:37,
no_root_found,N/A,يُقَلِّبُ,يقلب,قَلِّبُ,قلب,1.000,24:44:1,
closed_class_surface,ذلك,ذَلِكَ,ذلك,ذَلِكَ,closed_class,1.000,24:44:7,
closed_class_surface,ذلك,ذَلِكَ,ذلك,ذَلِكَ,closed_class,1.000,24:47:12,
low_confidence,خرج,لَيَخْرُجُنَّ,ليخرجن,لَيَخْرُجُنَّ,يفعلن,0.638,24:53:7,خرج/يفعلن@0.64 ; خرج/يفعلن@0.64 ; خرج/يفعلن@0.64
closed_class_surface,الذين,الَّذِينَ,الذين,الَّذِينَ,closed_class,1.000,24:55:3,
no_root_found,N/A,الصَّالِحَاتِ,الصالحات,صَالِحَ,صالح,1.000,24:55:7,
low_confidence,خلف,لَيَسْتَخْلِفَنَّهُمْ,ليستخلفنهم,لَيَسْتَخْلِفَنَّ,يستفعلن,0.662,24:55:8,خلف/يستفعلن@0.63
no_root_found,N/A,الْأَرْضِ,الأرض,أَرْضِ,ارض,1.000,24:55:10,
closed_class_surface,الذين,الَّذِينَ,الذين,الَّذِينَ,closed_class,1.000,24:55:13,
closed_class_surface,الذي,الَّذِي,الذي,الَّذِي,closed_class,1.000,24:55:19,
low_confidence,بدل,وَلَيُبَدِّلَنَّهُمْ,وليبدلنهم,لَيُبَدِّلَنَّ,يفعلن,0.638,24:55:22,بدل/يفعلن@0.64 ; بدل/يفعلن@0.64 ; بدل/يفعلن@0.59
closed_class_surface,ذلك,ذَلِكَ,ذلك,ذَلِكَ,closed_class,1.000,24:55:35,
low_confidence,حسبن,تَحْسَبَنَّ,تحسبن,حْسَبَنَّ,فعلل,0.697,24:57:2,حسب/فعلن@0.68 ; حسب/فعلن@0.68 ; حسبن/فعلل@0.63
closed_class_surface,الذين,الَّذِينَ,الذين,الَّذِينَ,closed_class,1.000,24:57:3,
no_root_found,N/A,الْأَرْضِ,الأرض,أَرْضِ,ارض,1.000,24:57:7,
closed_class_surface,الذين,الَّذِينَ,الذين,الَّذِينَ,closed_class,1.000,24:58:2,
closed_class_surface,الذين,الَّذِينَ,الذين,الَّذِينَ,closed_class,1.000,24:58:5,
no_root_found,N/A,مَلَكَتْ,ملكت,مَلَكَ,ملك,1.000,24:58:6,
closed_class_surface,الذين,وَالَّذِينَ,والذين,الَّذِينَ,closed_class,1.000,24:58:8,
no_root_found,N/A,جُنَاحٌ,جناح,جُنَاحٌ,جناح,1.000,24:58:35,
closed_class_surface,ذلك,كَذَلِكَ,كذلك,ذَلِكَ,closed_class,1.000,24:58:42,
closed_class_surface,الذين,الَّذِينَ,الذين,الَّذِينَ,closed_class,1.000,24:59:9,
closed_class_surface,ذلك,كَذَلِكَ,كذلك,ذَلِكَ,closed_class,1.000,24:59:12,
closed_class_surface,اللاتي,اللَّاتِي,اللاتي,اللَّاتِي,closed_class,1.000,24:60:4,
no_root_found,N/A,جُنَاحٌ,جناح,جُنَاحٌ,جناح,1.000,24:60:10,
low_confidence,عفف,يَسْتَعْفِفْنَ,يستعففن,سْتَعْفِفْنَ,فعلن,0.664,24:60:18,عففن/فعلل@0.61 ; عففن/فعلل@0.61 ; عففن/فعلل@0.61
no_root_found,N/A,مَلَكْتُمْ,ملكتم,مَلَكْ,ملك,1.000,24:61:46,
no_root_found,N/A,جُنَاحٌ,جناح,جُنَاحٌ,جناح,1.000,24:61:52,
no_root_found,N/A,فَسَلِّمُوا,فسلموا,سَلِّمُ,سلم,1.000,24:61:61,
closed_class_surface,ذلك,كَذَلِكَ,كذلك,ذَلِكَ,closed_class,1.000,24:61:70,
closed_class_surface,الذين,الَّذِينَ,الذين,الَّذِينَ,closed_class,1.000,24:62:3,
no_root_found,N/A,يَذْهَبُوا,يذهبوا,ذْهَبُ,ذهب,1.000,24:62:14,
closed_class_surface,الذين,الَّذِينَ,الذين,الَّذِينَ,closed_class,1.000,24:62:18,
closed_class_surface,الذين,الَّذِينَ,الذين,الَّذِينَ,closed_class,1.000,24:62:21,
closed_class_surface,الذين,الَّذِينَ,الذين,الَّذِينَ,closed_class,1.000,24:63:12,
closed_class_surface,الذين,الَّذِينَ,الذين,الَّذِينَ,closed_class,1.000,24:63:17,
no_root_found,N/A,وَالْأَرْضِ,والأرض,أَرْضِ,ارض,1.000,24:64:7,
closed_class_surface,الذي,الَّذِي,الذي,الَّذِي,closed_class,1.000,25:1:2,
closed_class_surface,الذي,الَّذِي,الذي,الَّذِي,closed_class,1.000,25:2:1,
no_root_found,N/A,مُلْكُ,ملك,مُلْكُ,ملك,1.000,25:2:3,
no_root_found,N/A,وَالْأَرْضِ,والأرض,أَرْضِ,ارض,1.000,25:2:5,
no_root_found,N/A,الْمُلْكِ,الملك,مُلْكِ,ملك,1.000,25:2:14,
no_root_found,N/A,يَمْلِكُونَ,يملكون,مْلِكُ,ملك,1.000,25:3:11,
no_root_found,N/A,يَمْلِكُونَ,يملكون,مْلِكُ,ملك,1.000,25:3:17,
closed_class_surface,الذين,الَّذِينَ,الذين,الَّذِينَ,closed_class,1.000,25:4:2,
closed_class_surface,هذا,هَذَا,هذا,هَذَا,closed_class,1.000,25:4:5,
closed_class_surface,الذي,الَّذِي,الذي,الَّذِي,closed_class,1.000,25:6:3,
no_root_found,N/A,وَالْأَرْضِ,والأرض,أَرْضِ,ارض,1.000,25:6:8,
closed_class_surface,هذا,هَذَا,هذا,هَذَا,closed_class,1.000,25:7:3,
no_root_found,N/A,مَلَكٌ,ملك,مَلَكٌ,ملك,1.000,25:7:13,
no_root_found,N/A,تَتَّبِعُونَ,تتبعون,تَّبِعُ,تبع,1.000,25:8:14,
closed_class_surface,الذي,الَّذِي,الذي,الَّذِي,closed_class,1.000,25:10:2,
closed_class_surface,ذلك,ذَلِكَ,ذلك,ذَلِكَ,closed_class,1.000,25:10:9,
closed_class_surface,التي,الَّتِي,التي,الَّتِي,closed_class,1.000,25:15:7,
closed_class_surface,الذين,الَّذِينَ,الذين,الَّذِينَ,closed_class,1.000,25:21:2,
no_root_found,N/A,الْمُلْكُ,الملك,مُلْكُ,ملك,1.000,25:26:1,
closed_class_surface,هذا,هَذَا,هذا,هَذَا,closed_class,1.000,25:30:7,
closed_class_surface,ذلك,وَكَذَلِكَ,وكذلك,ذَلِكَ,closed_class,1.000,25:31:1,
closed_class_surface,الذين,الَّذِينَ,الذين,الَّذِينَ,closed_class,1.000,25:32:2,
closed_class_surface,ذلك,كَذَلِكَ,كذلك,ذَلِكَ,closed_class,1.000,25:32:10,
closed_class_surface,الذين,الَّذِينَ,الذين,الَّذِينَ,closed_class,1.000,25:34:1,
no_root_found,N/A,جَهَنَّمَ,جهنم,جَهَنَّمَ,جهنم,1.000,25:34:6,
no_root_found,N/A,مُوسَى,موسى,مُوسَى,موسي,1.000,25:35:3,
no_root_found,N/A,هَارُونَ,هارون,هَارُونَ,هارون,1.000,25:35:8,
closed_class_surface,الذين,الَّذِينَ,الذين,الَّذِينَ,closed_class,1.000,25:36:5,
no_root_found,N/A,نُوحٍ,نوح,نُوحٍ,نوح,1.000,25:37:2,
no_root_found,N/A,وَعَادَاً,وعادا,عَادَ,عاد,1.000,25:38:1,
no_root_found,N/A,وَثَمُودَ,وثمود,ثَمُودَ,ثمود,1.000,25:38:2,
closed_class_surface,ذلك,ذَلِكَ,ذلك,ذَلِكَ,closed_class,1.000,25:38:7,
closed_class_surface,التي,الَّتِي,التي,الَّتِي,closed_class,1.000,25:40:5,
no_root_found,N/A,مَطَرَ,مطر,مَطَرَ,مطر,1.000,25:40:7,
closed_class_surface,الذي,الَّذِي,الذي,الَّذِي,closed_class,1.000,25:41:8,
closed_class_surface,الذي,الَّذِي,الذي,الَّذِي,closed_class,1.000,25:47:2,
closed_class_surface,الذي,الَّذِي,الذي,الَّذِي,closed_class,1.000,25:48:2,
closed_class_surface,الذي,الَّذِي,الذي,الَّذِي,closed_class,1.000,25:53:2,
closed_class_surface,هذا,هَذَا,هذا,هَذَا,closed_class,1.000,25:53:5,
closed_class_surface,هذا,وَهَذَا,وهذا,هَذَا,closed_class,1.000,25:53:8,
no_root_found,N/A,مِلْحٌ,ملح,مِلْحٌ,ملح,1.000,25:53:9,
closed_class_surface,الذي,الَّذِي,الذي,الَّذِي,closed_class,1.000,25:54:2,
closed_class_surface,الذي,الَّذِي,الذي,الَّذِي,closed_class,1.000,25:58:4,
closed_class_surface,الذي,الَّذِي,الذي,الَّذِي,closed_class,1.000,25:59:1,
no_root_found,N/A,وَالْأَرْضَ,والأرض,أَرْضَ,ارض,1.000,25:59:4,
closed_class_surface,الذي,الَّذِي,الذي,الَّذِي,closed_class,1.000,25:61:2,
closed_class_surface,الذي,الَّذِي,الذي,الَّذِي,closed_class,1.000,25:62:2,
closed_class_surface,الذين,الَّذِينَ,الذين,الَّذِينَ,closed_class,1.000,25:63:3,
no_root_found,N/A,الْأَرْضِ,الأرض,أَرْضِ,ارض,1.000,25:63:6,
closed_class_surface,الذين,وَالَّذِينَ,والذين,الَّذِينَ,closed_class,1.000,25:64:1,
closed_class_surface,الذين,وَالَّذِينَ,والذين,الَّذِينَ,closed_class,1.000,25:65:1,
no_root_found,N/A,جَهَنَّمَ,جهنم,جَهَنَّمَ,جهنم,1.000,25:65:7,
closed_class_surface,الذين,وَالَّذِينَ,والذين,الَّذِينَ,closed_class,1.000,25:67:1,
closed_class_surface,ذلك,ذَلِكَ,ذلك,ذَلِكَ,closed_class,1.000,25:67:10,
closed_class_surface,الذين,وَالَّذِينَ,والذين,الَّذِينَ,closed_class,1.000,25:68:1,
closed_class_surface,التي,الَّتِي,التي,الَّتِي,closed_class,1.000,25:68:11,
closed_class_surface,ذلك,ذَلِكَ,ذلك,ذَلِكَ,closed_class,1.000,25:68:20,
no_root_found,N/A,صَالِحَاً,صالحا,صَالِحَ,صالح,1.000,25:70:7,
no_root_found,N/A,صَالِحَاً,صالحا,صَالِحَ,صالح,1.000,25:71:4,
closed_class_surface,الذين,وَالَّذِينَ,والذين,الَّذِينَ,closed_class,1.000,25:72:1,
closed_class_surface,الذين,وَالَّذِينَ,والذين,الَّذِينَ,closed_class,1.000,25:73:1,
closed_class_surface,الذين,وَالَّذِينَ,والذين,الَّذِينَ,closed_class,1.000,25:74:1,
no_root_found,N/A,طسم,طسم,طسم,طسم,1.000,26:1:1,
closed_class_surface,تلك,تِلْكَ,تلك,تِلْكَ,closed_class,1.000,26:2:1,
no_root_found,N/A,الْأَرْضِ,الأرض,أَرْضِ,ارض,1.000,26:7:4,
closed_class_surface,ذلك,ذَلِكَ,ذلك,ذَلِكَ,closed_class,1.000,26:8:3,
no_root_found,N/A,مُوسَى,موسى,مُوسَى,موسي,1.000,26:10:4,
no_root_found,N/A,فِرْعَوْنَ,فرعون,فِرْعَوْنَ,فرعون,1.000,26:11:2,
no_root_found,N/A,هَارُونَ,هارون,هَارُونَ,هارون,1.000,26:13:8,
no_root_found,N/A,فِرْعَوْنَ,فرعون,فِرْعَوْنَ,فرعون,1.000,26:16:2,
no_root_found,N/A,إِسْرَائِيلَ,إسرائيل,إِسْرَائِيلَ,اسراءيل,1.000,26:17:5,
closed_class_surface,التي,الَّتِي,التي,الَّتِي,closed_class,1.000,26:19:3,
closed_class_surface,تلك,وَتِلْكَ,وتلك,تِلْكَ,closed_class,1.000,26:22:1,
no_root_found,N/A,إِسْرَائِيلَ,إسرائيل,إِسْرَائِيلَ,اسراءيل,1.000,26:22:8,
no_root_found,N/A,فِرْعَوْنُ,فرعون,فِرْعَوْنُ,فرعون,1.000,26:23:2,
no_root_found,N/A,وَالْأَرْضِ,والأرض,أَرْضِ,ارض,1.000,26:24:4,
closed_class_surface,الذي,الَّذِي,الذي,الَّذِي,closed_class,1.000,26:27:4,
low_confidence,جعل,لَأَجْعَلَنَّكَ,لأجعلنك,لَأَجْعَلَنَّ,افعلن,0.681,26:29:6,جعل/افعلن@0.64 ; جعل/افعلن@0.59 ; جعل/افعلن@0.59
closed_class_surface,هذا,هَذَا,هذا,هَذَا,closed_class,1.000,26:34:5,
no_root_found,N/A,أَرْضِكُمْ,أرضكم,أَرْضِ,ارض,1.000,26:35:5,
no_root_found,N/A,لِفِرْعَوْنَ,لفرعون,فِرْعَوْنَ,فرعون,1.000,26:41:5,
no_root_found,N/A,مُوسَى,موسى,مُوسَى,موسي,1.000,26:43:3,
no_root_found,N/A,فِرْعَوْنَ,فرعون,فِرْعَوْنَ,فرعون,1.000,26:44:6,
no_root_found,N/A,مُوسَى,موسى,مُوسَى,موسي,1.000,26:45:2,
no_root_found,N/A,مُوسَى,موسى,مُوسَى,موسي,1.000,26:48:2,
no_root_found,N/A,وَهَارُونَ,وهارون,هَارُونَ,هارون,1.000,26:48:3,
closed_class_surface,الذي,الَّذِي,الذي,الَّذِي,closed_class,1.000,26:49:10,
low_confidence,قطع,لَأُقَطِّعَنَّ,لأقطعن,لَأُقَطِّعَنَّ,افعلن,0.594,26:49:15,قطع/افعلن@0.55 ; قطع/افعلن@0.55 ; قطع/افعلن@0.55
low_confidence,صلب,وَلَأُصَلِّبَنَّكُمْ,ولأصلبنكم,لَأُصَلِّبَنَّ,افعلن,0.594,26:49:20,صلب/افعلن@0.55 ; صلب/افعلن@0.55 ; صلب/افعلن@0.55
no_root_found,N/A,مُوسَى,موسى,مُوسَى,موسي,1.000,26:52:3,
no_root_found,N/A,فِرْعَوْنُ,فرعون,فِرْعَوْنُ,فرعون,1.000,26:53:2,
closed_class_surface,ذلك,كَذَلِكَ,كذلك,ذَلِكَ,closed_class,1.000,26:59:1,
no_root_found,N/A,إِسْرَائِيلَ,إسرائيل,إِسْرَائِيلَ,اسراءيل,1.000,26:59:4,
no_root_found,N/A,مُوسَى,موسى,مُوسَى,موسي,1.000,26:61:6,
no_root_found,N/A,مُوسَى,موسى,مُوسَى,موسي,1.000,26:63:3,
no_root_found,N/A,مُوسَى,موسى,مُوسَى,موسي,1.000,26:65:2,
closed_class_surface,ذلك,ذَلِكَ,ذلك,ذَلِكَ,closed_class,1.000,26:67:3,
no_root_found,N/A,إِبْرَاهِيمَ,إبراهيم,إِبْرَاهِيمَ,ابراهيم,1.000,26:69:4,
closed_class_surface,ذلك,كَذَلِكَ,كذلك,ذَلِكَ,closed_class,1.000,26:74:5,
closed_class_surface,الذي,الَّذِي,الذي,الَّذِي,closed_class,1.000,26:78:1,
closed_class_surface,الذي,وَالَّذِي,والذي,الَّذِي,closed_class,1.000,26:79:1,
closed_class_surface,الذي,وَالَّذِي,والذي,الَّذِي,closed_class,1.000,26:81:1,
closed_class_surface,الذي,وَالَّذِي,والذي,الَّذِي,closed_class,1.000,26:82:1,
no_root_found,N/A,بِالصَّالِحِينَ,بالصالحين,صَالِحِ,صالح,1.000,26:83:6,
no_root_found,N/A,بِقَلْبٍ,بقلب,قَلْبٍ,قلب,1.000,26:89:5,
no_root_found,N/A,إِبْلِيسَ,إبليس,إِبْلِيسَ,ابليس,1.000,26:95:2,
low_confidence,ختصم,يَخْتَصِمُونَ,يختصمون,خْتَصِمُ,فعلل,0.697,26:96:4,خصم/فتعل@0.68 ; ختصم/فعلل@0.63 ; ختصم/فعلل@0.63
closed_class_surface,ذلك,ذَلِكَ,ذلك,ذَلِكَ,closed_class,1.000,26:103:3,
no_root_found,N/A,نُوحٍ,نوح,نُوحٍ,نوح,1.000,26:105:3,
no_root_found,N/A,نُوحٌ,نوح,نُوحٌ,نوح,1.000,26:106:5,
no_root_found,N/A,يَانُوحُ,يانوح,نُوحُ,نوح,1.000,26:116:5,
low_confidence,كونن,لَتَكُونَنَّ,لتكونن,لَتَكُونَنَّ,تفعلل,0.664,26:116:6,كين/تفعلن@0.65 ; كون/تفعلن@0.64 ; كونن/تفعلل@0.62
closed_class_surface,ذلك,ذَلِكَ,ذلك,ذَلِكَ,closed_class,1.000,26:121:3,
no_root_found,N/A,عَادٌ,عاد,عَادٌ,عاد,1.000,26:123:2,
no_root_found,N/A,هُودٌ,هود,هُودٌ,هود,1.000,26:124:5,
closed_class_surface,الذي,الَّذِي,الذي,الَّذِي,closed_class,1.000,26:132:2,
closed_class_surface,هذا,هَذَا,هذا,هَذَا,closed_class,1.000,26:137:2,
closed_class_surface,ذلك,ذَلِكَ,ذلك,ذَلِكَ,closed_class,1.000,26:139:5,
no_root_found,N/A,ثَمُودُ,ثمود,ثَمُودُ,ثمود,1.000,26:141:2,
no_root_found,N/A,صَالِحٌ,صالح,صَالِحٌ,صالح,1.000,26:142:5,
closed_class_surface,الذين,الَّذِينَ,الذين,الَّذِينَ,closed_class,1.000,26:152:1,
no_root_found,N/A,الْأَرْضِ,الأرض,أَرْضِ,ارض,1.000,26:152:4,
closed_class_surface,هذه,هَذِهِ,هذه,هَذِهِ,closed_class,1.000,26:155:2,
no_root_found,N/A,نَادِمِينَ,نادمين,ادِمِ,ادم,1.000,26:157:3,
closed_class_surface,ذلك,ذَلِكَ,ذلك,ذَلِكَ,closed_class,1.000,26:158:5,
no_root_found,N/A,لُوطٍ,لوط,لُوطٍ,لوط,1.000,26:160:3,
no_root_found,N/A,لُوطٌ,لوط,لُوطٌ,لوط,1.000,26:161:5,
no_root_found,N/A,عَادُونَ,عادون,عَادُ,عاد,1.000,26:166:11,
no_root_found,N/A,يَالُوطُ,يالوط,لُوطُ,لوط,1.000,26:167:5,
low_confidence,كونن,لَتَكُونَنَّ,لتكونن,لَتَكُونَنَّ,تفعلل,0.664,26:167:6,كين/تفعلن@0.65 ; كون/تفعلن@0.64 ; كونن/تفعلل@0.62
no_root_found,N/A,مَطَرَاً,مطرا,مَطَرَ,مطر,1.000,26:173:3,
no_root_found,N/A,مَطَرُ,مطر,مَطَرُ,مطر,1.000,26:173:5,
closed_class_surface,ذلك,ذَلِكَ,ذلك,ذَلِكَ,closed_class,1.000,26:174:3,
no_root_found,N/A,شُعَيْبٌ,شعيب,شُعَيْبٌ,شعيب,1.000,26:177:4,
no_root_found,N/A,الْأَرْضِ,الأرض,أَرْضِ,ارض,1.000,26:183:8,
closed_class_surface,الذي,الَّذِي,الذي,الَّذِي,closed_class,1.000,26:184:2,
closed_class_surface,ذلك,ذَلِكَ,ذلك,ذَلِكَ,closed_class,1.000,26:190:3,
no_root_found,N/A,قَلْبِكَ,قلبك,قَلْبِ,قلب,1.000,26:194:2,
no_root_found,N/A,بِلِسَانٍ,بلسان,لِسَانٍ,لسان,1.000,26:195:1,
no_root_found,N/A,إِسْرَائِيلَ,إسرائيل,إِسْرَائِيلَ,اسراءيل,1.000,26:197:9,
closed_class_surface,ذلك,كَذَلِكَ,كذلك,ذَلِكَ,closed_class,1.000,26:200:1,
no_root_found,N/A,جَنَاحَكَ,جناحك,جَنَاحَ,جناح,1.000,26:215:2,
closed_class_surface,الذي,الَّذِي,الذي,الَّذِي,closed_class,1.000,26:218:1,
no_root_found,N/A,وَتَقَلُّبَكَ,وتقلبك,قَلُّبَ,قلب,1.000,26:219:1,
no_root_found,N/A,وَادٍ,واد,وَادٍ,واد,1.000,26:225:6,
closed_class_surface,الذين,الَّذِينَ,الذين,الَّذِينَ,closed_class,1.000,26:227:2,
no_root_found,N/A,الصَّالِحَاتِ,الصالحات,صَالِحَ,صالح,1.000,26:227:5,
closed_class_surface,الذين,الَّذِينَ,الذين,الَّذِينَ,closed_class,1.000,26:227:15,
no_root_found,N/A,طس,طس,طس,طس,1.000,27:1:1,
closed_class_surface,تلك,تِلْكَ,تلك,تِلْكَ,closed_class,1.000,27:1:2,
closed_class_surface,الذين,الَّذِينَ,الذين,الَّذِينَ,closed_class,1.000,27:3:1,
closed_class_surface,الذين,الَّذِينَ,الذين,الَّذِينَ,closed_class,1.000,27:4:2,
closed_class_surface,الذين,الَّذِينَ,الذين,الَّذِينَ,closed_class,1.000,27:5:2,
no_root_found,N/A,مُوسَى,موسى,مُوسَى,موسي,1.000,27:7:3,
no_root_found,N/A,يَامُوسَى,ياموسى,مُوسَى,موسي,1.000,27:9:1,
no_root_found,N/A,يَامُوسَى,ياموسى,مُوسَى,موسي,1.000,27:10:12,
no_root_found,N/A,فِرْعَوْنَ,فرعون,فِرْعَوْنَ,فرعون,1.000,27:12:14,
closed_class_surface,هذا,هَذَا,هذا,هَذَا,closed_class,1.000,27:13:6,
no_root_found,N/A,وَسُلَيْمَانَ,وسليمان,سُلَيْمَانَ,سليمان,1.000,27:15:4,
closed_class_surface,الذي,الَّذِي,الذي,الَّذِي,closed_class,1.000,27:15:9,
no_root_found,N/A,سُلَيْمَانُ,سليمان,سُلَيْمَانُ,سليمان,1.000,27:16:2,
closed_class_surface,هذا,هَذَا,هذا,هَذَا,closed_class,1.000,27:16:15,
no_root_found,N/A,لِسُلَيْمَانَ,لسليمان,سُلَيْمَانَ,سليمان,1.000,27:17:2,
low_confidence,حطمن,يَحْطِمَنَّكُمْ,يحطمنكم,حْطِمَنَّ,فعلل,0.697,27:18:14,حطم/فعلن@0.68 ; حطمن/فعلل@0.63 ; حطمن/فعلل@0.63
no_root_found,N/A,سُلَيْمَانُ,سليمان,سُلَيْمَانُ,سليمان,1.000,27:18:15,
closed_class_surface,التي,الَّتِي,التي,الَّتِي,closed_class,1.000,27:19:11,
no_root_found,N/A,صَالِحَاً,صالحا,صَالِحَ,صالح,1.000,27:19:18,
no_root_found,N/A,الصَّالِحِينَ,الصالحين,صَالِحِ,صالح,1.000,27:19:24,
low_confidence,عذب,لَأُعَذِّبَنَّهُ,لأعذبنه,لَأُعَذِّبَنَّ,افعلن,0.594,27:21:1,عذب/افعلن@0.55 ; عذب/افعلن@0.55 ; عذب/افعلن@0.55
low_confidence,ذبح,لَأَذْبَحَنَّهُ,لأذبحنه,لَأَذْبَحَنَّ,افعلن,0.681,27:21:5,ذبح/افعلن@0.64 ; ذبح/افعلن@0.59 ; ذبح/افعلن@0.59
no_root_found,N/A,سَبَإٍ,سبإ,سَبَإٍ,سبا,1.000,27:22:12,
no_root_found,N/A,تَمْلِكُهُمْ,تملكهم,مْلِكُ,ملك,1.000,27:23:4,
closed_class_surface,الذي,الَّذِي,الذي,الَّذِي,closed_class,1.000,27:25:4,
no_root_found,N/A,وَالْأَرْضِ,والأرض,أَرْضِ,ارض,1.000,27:25:9,
no_root_found,N/A,اذْهَبْ,اذهب,ذْهَبْ,ذهب,1.000,27:28:1,
closed_class_surface,هذا,هَذَا,هذا,هَذَا,closed_class,1.000,27:28:3,
no_root_found,N/A,سُلَيْمَانَ,سليمان,سُلَيْمَانَ,سليمان,1.000,27:30:3,
closed_class_surface,ذلك,وَكَذَلِكَ,وكذلك,ذَلِكَ,closed_class,1.000,27:34:12,
no_root_found,N/A,سُلَيْمَانَ,سليمان,سُلَيْمَانَ,سليمان,1.000,27:36:3,
low_confidence,دونن,أَتُمِدُّونَنِ,أتمدونن,مِدُّونَنِ,مفعلل,0.684,27:36:5,دونن/مفعلل@0.63 ; دونن/مفعلل@0.63
low_confidence,خرج,وَلَنُخْرِجَنَّهُمْ,ولنخرجنهم,لَنُخْرِجَنَّ,نفعلن,0.594,27:37:9,
closed_class_surface,الذي,الَّذِي,الذي,الَّذِي,closed_class,1.000,27:40:2,
closed_class_surface,هذا,هَذَا,هذا,هَذَا,closed_class,1.000,27:40:20,
closed_class_surface,الذين,الَّذِينَ,الذين,الَّذِينَ,closed_class,1.000,27:41:10,
no_root_found,N/A,سُلَيْمَانَ,سليمان,سُلَيْمَانَ,سليمان,1.000,27:44:25,
no_root_found,N/A,ثَمُودَ,ثمود,ثَمُودَ,ثمود,1.000,27:45:4,
no_root_found,N/A,صَالِحَاً,صالحا,صَالِحَ,صالح,1.000,27:45:6,
low_confidence,ختصم,يَخْتَصِمُونَ,يختصمون,خْتَصِمُ,فعلل,0.697,27:45:13,خصم/فتعل@0.68 ; ختصم/فعلل@0.63 ; ختصم/فعلل@0.63
no_root_found,N/A,طَائِرُكُمْ,طائركم,طَائِرُ,طاءر,1.000,27:47:7,
no_root_found,N/A,الْمَدِينَةِ,المدينة,مَدِينَ,مدين,1.000,27:48:3,
no_root_found,N/A,الْأَرْضِ,الأرض,أَرْضِ,ارض,1.000,27:48:8,
low_confidence,قيل,لَنَقُولَنَّ,لنقولن,لَنَقُولَنَّ,نفعلن,0.610,27:49:7,قول/نفعلن@0.59 ; قلو/نفعلن@0.57
closed_class_surface,تلك,فَتِلْكَ,فتلك,تِلْكَ,closed_class,1.000,27:52:1,
closed_class_surface,ذلك,ذَلِكَ,ذلك,ذَلِكَ,closed_class,1.000,27:52:8,
closed_class_surface,الذين,الَّذِينَ,الذين,الَّذِينَ,closed_class,1.000,27:53:2,
no_root_found,N/A,وَلُوطَاً,ولوطا,لُوطَ,لوط,1.000,27:54:1,
no_root_found,N/A,لُوطٍ,لوط,لُوطٍ,لوط,1.000,27:56:10,
no_root_found,N/A,مَطَرَاً,مطرا,مَطَرَ,مطر,1.000,27:58:3,
no_root_found,N/A,مَطَرُ,مطر,مَطَرُ,مطر,1.000,27:58:5,
closed_class_surface,الذين,الَّذِينَ,الذين,الَّذِينَ,closed_class,1.000,27:59:7,
no_root_found,N/A,وَالْأَرْضَ,والأرض,أَرْضَ,ارض,1.000,27:60:4,
no_root_found,N/A,الْأَرْضَ,الأرض,أَرْضَ,ارض,1.000,27:61:3,
no_root_found,N/A,الْأَرْضِ,الأرض,أَرْضِ,ارض,1.000,27:62:10,
no_root_found,N/A,وَالْأَرْضِ,والأرض,أَرْضِ,ارض,1.000,27:64:10,
no_root_found,N/A,وَالْأَرْضِ,والأرض,أَرْضِ,ارض,1.000,27:65:7,
closed_class_surface,الذين,الَّذِينَ,الذين,الَّذِينَ,closed_class,1.000,27:67:2,
no_root_found,N/A,تُرَابَاً,ترابا,تُرَابَ,تراب,1.000,27:67:6,
closed_class_surface,هذا,هَذَا,هذا,هَذَا,closed_class,1.000,27:68:3,
closed_class_surface,هذا,هَذَا,هذا,هَذَا,closed_class,1.000,27:68:9,
no_root_found,N/A,الْأَرْضِ,الأرض,أَرْضِ,ارض,1.000,27:69:4,
closed_class_surface,هذا,هَذَا,هذا,هَذَا,closed_class,1.000,27:71:3,
closed_class_surface,الذي,الَّذِي,الذي,الَّذِي,closed_class,1.000,27:72:8,
no_root_found,N/A,وَالْأَرْضِ,والأرض,أَرْضِ,ارض,1.000,27:75:6,
closed_class_surface,هذا,هَذَا,هذا,هَذَا,closed_class,1.000,27:76:2,
no_root_found,N/A,إِسْرَائِيلَ,إسرائيل,إِسْرَائِيلَ,اسراءيل,1.000,27:76:7,
closed_class_surface,الذي,الَّذِي,الذي,الَّذِي,closed_class,1.000,27:76:9,
low_confidence,ختلف,يَخْتَلِفُونَ,يختلفون,خْتَلِفُ,فعلل,0.697,27:76:12,خلف/فتعل@0.68 ; ختلف/فعلل@0.63 ; ختلف/فعلل@0.63
no_root_found,N/A,الْأَرْضِ,الأرض,أَرْضِ,ارض,1.000,27:82:9,
closed_class_surface,ذلك,ذَلِكَ,ذلك,ذَلِكَ,closed_class,1.000,27:86:12,
no_root_found,N/A,الْأَرْضِ,الأرض,أَرْضِ,ارض,1.000,27:87:11,
no_root_found,N/A,السَّحَابِ,السحاب,سَحَابِ,سحاب,1.000,27:88:8,
closed_class_surface,الذي,الَّذِي,الذي,الَّذِي,closed_class,1.000,27:88:11,
closed_class_surface,هذه,هَذِهِ,هذه,هَذِهِ,closed_class,1.000,27:91:6,
closed_class_surface,الذي,الَّذِي,الذي,الَّذِي,closed_class,1.000,27:91:8,
no_root_found,N/A,طسم,طسم,طسم,طسم,1.000,28:1:1,
closed_class_surface,تلك,تِلْكَ,تلك,تِلْكَ,closed_class,1.000,28:2:1,
no_root_found,N/A,مُوسَى,موسى,مُوسَى,موسي,1.000,28:3:5,
no_root_found,N/A,وَفِرْعَوْنَ,وفرعون,فِرْعَوْنَ,فرعون,1.000,28:3:6,
no_root_found,N/A,فِرْعَوْنَ,فرعون,فِرْعَوْنَ,فرعون,1.000,28:4:2,
no_root_found,N/A,الْأَرْضِ,الأرض,أَرْضِ,ارض,1.000,28:4:5,
closed_class_surface,الذين,الَّذِينَ,الذين,الَّذِينَ,closed_class,1.000,28:5:5,
no_root_found,N/A,الْأَرْضِ,الأرض,أَرْضِ,ارض,1.000,28:5:8,
no_root_found,N/A,الْأَرْضِ,الأرض,أَرْضِ,ارض,1.000,28:6:4,
no_root_found,N/A,فِرْعَوْنَ,فرعون,فِرْعَوْنَ,فرعون,1.000,28:6:6,
no_root_found,N/A,وَهَامَانَ,وهامان,هَامَانَ,هامان,1.000,28:6:7,
no_root_found,N/A,مُوسَى,موسى,مُوسَى,موسي,1.000,28:7:4,
no_root_found,N/A,فِرْعَوْنَ,فرعون,فِرْعَوْنَ,فرعون,1.000,28:8:3,
no_root_found,N/A,فِرْعَوْنَ,فرعون,فِرْعَوْنَ,فرعون,1.000,28:8:9,
no_root_found,N/A,وَهَامَانَ,وهامان,هَامَانَ,هامان,1.000,28:8:10,
no_root_found,N/A,فِرْعَوْنَ,فرعون,فِرْعَوْنَ,فرعون,1.000,28:9:3,
no_root_found,N/A,عَيْنٍ,عين,عَيْنٍ,عين,1.000,28:9:5,
no_root_found,N/A,مُوسَى,موسى,مُوسَى,موسي,1.000,28:10:4,
no_root_found,N/A,قَلْبِهَا,قلبها,قَلْبِ,قلب,1.000,28:10:14,
no_root_found,N/A,عَيْنُهَا,عينها,عَيْنُ,عين,1.000,28:13:6,
closed_class_surface,ذلك,وَكَذَلِكَ,وكذلك,ذَلِكَ,closed_class,1.000,28:14:8,
no_root_found,N/A,الْمَدِينَةَ,المدينة,مَدِينَ,مدين,1.000,28:15:2,
low_confidence,قتتل,يَقْتَتِلَانِ,يقتتلان,قْتَتِلَ,فعلل,0.697,28:15:11,قتل/فتعل@0.68 ; قتتل/فعلل@0.63 ; قتتل/فعلل@0.63
closed_class_surface,هذا,هَذَا,هذا,هَذَا,closed_class,1.000,28:15:12,
closed_class_surface,هذا,وَهَذَا,وهذا,هَذَا,closed_class,1.000,28:15:15,
closed_class_surface,الذي,الَّذِي,الذي,الَّذِي,closed_class,1.000,28:15:19,
closed_class_surface,الذي,الَّذِي,الذي,الَّذِي,closed_class,1.000,28:15:23,
no_root_found,N/A,مُوسَى,موسى,مُوسَى,موسي,1.000,28:15:27,
closed_class_surface,هذا,هَذَا,هذا,هَذَا,closed_class,1.000,28:15:31,
no_root_found,N/A,الْمَدِينَةِ,المدينة,مَدِينَ,مدين,1.000,28:18:3,
closed_class_surface,الذي,الَّذِي,الذي,الَّذِي,closed_class,1.000,28:18:7,
no_root_found,N/A,مُوسَى,موسى,مُوسَى,موسي,1.000,28:18:13,
closed_class_surface,الذي,بِالَّذِي,بالذي,الَّذِي,closed_class,1.000,28:19:6,
no_root_found,N/A,يَامُوسَى,ياموسى,مُوسَى,موسي,1.000,28:19:11,
no_root_found,N/A,الْأَرْضِ,الأرض,أَرْضِ,ارض,1.000,28:19:26,
no_root_found,N/A,الْمَدِينَةِ,المدينة,مَدِينَ,مدين,1.000,28:20:5,
no_root_found,N/A,يَامُوسَى,ياموسى,مُوسَى,موسي,1.000,28:20:8,
no_root_found,N/A,مَدْيَنَ,مدين,مَدْيَنَ,مدين,1.000,28:22:4,
no_root_found,N/A,مَدْيَنَ,مدين,مَدْيَنَ,مدين,1.000,28:23:4,
no_root_found,N/A,الصَّالِحِينَ,الصالحين,صَالِحِ,صالح,1.000,28:27:29,
closed_class_surface,ذلك,ذَلِكَ,ذلك,ذَلِكَ,closed_class,1.000,28:28:2,
no_root_found,N/A,مُوسَى,موسى,مُوسَى,موسي,1.000,28:29:3,
no_root_found,N/A,الْوَادِ,الواد,وَادِ,واد,1.000,28:30:6,
no_root_found,N/A,يَامُوسَى,ياموسى,مُوسَى,موسي,1.000,28:30:14,
no_root_found,N/A,يَامُوسَى,ياموسى,مُوسَى,موسي,1.000,28:31:13,
no_root_found,N/A,جَنَاحَكَ,جناحك,جَنَاحَ,جناح,1.000,28:32:12,
no_root_found,N/A,فِرْعَوْنَ,فرعون,فِرْعَوْنَ,فرعون,1.000,28:32:20,
no_root_found,N/A,هَارُونُ,هارون,هَارُونُ,هارون,1.000,28:34:2,
no_root_found,N/A,مُوسَى,موسى,مُوسَى,موسي,1.000,28:36:3,
closed_class_surface,هذا,هَذَا,هذا,هَذَا,closed_class,1.000,28:36:8,
closed_class_surface,هذا,بِهَذَا,بهذا,هَذَا,closed_class,1.000,28:36:14,
no_root_found,N/A,مُوسَى,موسى,مُوسَى,موسي,1.000,28:37:2,
no_root_found,N/A,فِرْعَوْنُ,فرعون,فِرْعَوْنُ,فرعون,1.000,28:38:2,
no_root_found,N/A,يَا هَامَانُ,يا هامان, هَامَانُ,هامان,1.000,28:38:13,
no_root_found,N/A,مُوسَى,موسى,مُوسَى,موسي,1.000,28:38:23,
no_root_found,N/A,الْأَرْضِ,الأرض,أَرْضِ,ارض,1.000,28:39:5,
closed_class_surface,هذه,هَذِهِ,هذه,هَذِهِ,closed_class,1.000,28:42:3,
no_root_found,N/A,مُوسَى,موسى,مُوسَى,موسي,1.000,28:43:3,
no_root_found,N/A,مُوسَى,موسى,مُوسَى,موسي,1.000,28:44:8,
no_root_found,N/A,مَدْيَنَ,مدين,مَدْيَنَ,مدين,1.000,28:45:12,
no_root_found,N/A,مُوسَى,موسى,مُوسَى,موسي,1.000,28:48:12,
no_root_found,N/A,مُوسَى,موسى,مُوسَى,موسي,1.000,28:48:17,
no_root_found,N/A,يَتَّبِعُونَ,يتبعون,تَّبِعُ,تبع,1.000,28:50:7,
closed_class_surface,الذين,الَّذِينَ,الذين,الَّذِينَ,closed_class,1.000,28:52:1,
no_root_found,N/A,أَرْضِنَا,أرضنا,أَرْضِ,ارض,1.000,28:57:8,
closed_class_surface,تلك,فَتِلْكَ,فتلك,تِلْكَ,closed_class,1.000,28:58:7,
closed_class_surface,الذين,الَّذِينَ,الذين,الَّذِينَ,closed_class,1.000,28:62:6,
closed_class_surface,الذين,الَّذِينَ,الذين,الَّذِينَ,closed_class,1.000,28:63:2,
closed_class_surface,الذين,الَّذِينَ,الذين,الَّذِينَ,closed_class,1.000,28:63:8,
no_root_found,N/A,صَالِحَاً,صالحا,صَالِحَ,صالح,1.000,28:67:6,
closed_class_surface,الذين,الَّذِينَ,الذين,الَّذِينَ,closed_class,1.000,28:74:6,
no_root_found,N/A,قَارُونَ,قارون,قَارُونَ,قارون,1.000,28:76:2,
no_root_found,N/A,مُوسَى,موسى,مُوسَى,موسي,1.000,28:76:6,
no_root_found,N/A,الْأَرْضِ,الأرض,أَرْضِ,ارض,1.000,28:77:21,
closed_class_surface,الذين,الَّذِينَ,الذين,الَّذِينَ,closed_class,1.000,28:79:7,
no_root_found,N/A,قَارُونُ,قارون,قَارُونُ,قارون,1.000,28:79:16,
closed_class_surface,الذين,الَّذِينَ,الذين,الَّذِينَ,closed_class,1.000,28:80:2,
no_root_found,N/A,صَالِحَاً,صالحا,صَالِحَ,صالح,1.000,28:80:12,
no_root_found,N/A,الْأَرْضَ,الأرض,أَرْضَ,ارض,1.000,28:81:4,
closed_class_surface,الذين,الَّذِينَ,الذين,الَّذِينَ,closed_class,1.000,28:82:2,
closed_class_surface,تلك,تِلْكَ,تلك,تِلْكَ,closed_class,1.000,28:83:1,
closed_class_surface,الذين,لِلَّذِينَ,للذين,الَذِينَ,closed_class,1.000,28:83:5,
no_root_found,N/A,الْأَرْضِ,الأرض,أَرْضِ,ارض,1.000,28:83:10,
closed_class_surface,الذين,الَّذِينَ,الذين,الَّذِينَ,closed_class,1.000,28:84:12,
closed_class_surface,الذي,الَّذِي,الذي,الَّذِي,closed_class,1.000,28:85:2,
no_root_found,N/A,الم,الم,الم,الم,1.000,29:1:1,
closed_class_surface,الذين,الَّذِينَ,الذين,الَّذِينَ,closed_class,1.000,29:3:3,
low_confidence,علم,فَلَيَعْلَمَنَّ,فليعلمن,لَيَعْلَمَنَّ,يفعلن,0.638,29:3:6,علم/يفعلن@0.64 ; علم/يفعلن@0.64 ; علم/يفعلن@0.64
closed_class_surface,الذين,الَّذِينَ,الذين,الَّذِينَ,closed_class,1.000,29:3:8,
low_confidence,علم,وَلَيَعْلَمَنَّ,وليعلمن,لَيَعْلَمَنَّ,يفعلن,0.638,29:3:10,علم/يفعلن@0.64 ; علم/يفعلن@0.64 ; علم/يفعلن@0.64
closed_class_surface,الذين,الَّذِينَ,الذين,الَّذِينَ,closed_class,1.000,29:4:3,
closed_class_surface,الذين,وَالَّذِينَ,والذين,الَّذِينَ,closed_class,1.000,29:7:1,
no_root_found,N/A,الصَّالِحَاتِ,الصالحات,صَالِحَ,صالح,1.000,29:7:4,
low_confidence,كفر,لَنُكَفِّرَنَّ,لنكفرن,لَنُكَفِّرَنَّ,نفعلن,0.551,29:7:5,
closed_class_surface,الذي,الَّذِي,الذي,الَّذِي,closed_class,1.000,29:7:10,
closed_class_surface,الذين,وَالَّذِينَ,والذين,الَّذِينَ,closed_class,1.000,29:9:1,
no_root_found,N/A,الصَّالِحَاتِ,الصالحات,صَالِحَ,صالح,1.000,29:9:4,
low_confidence,دخل,لَنُدْخِلَنَّهُمْ,لندخلنهم,لَنُدْخِلَنَّ,نفعلن,0.594,29:9:5,
no_root_found,N/A,الصَّالِحِينَ,الصالحين,صَالِحِ,صالح,1.000,29:9:7,
low_confidence,قيل,لَيَقُولُنَّ,ليقولن,لَيَقُولُنَّ,يفعلن,0.654,29:10:21,قول/يفعلن@0.64 ; قلو/يفعلن@0.61 ; قيل/يفعلن@0.61
low_confidence,علم,وَلَيَعْلَمَنَّ,وليعلمن,لَيَعْلَمَنَّ,يفعلن,0.638,29:11:1,علم/يفعلن@0.64 ; علم/يفعلن@0.64 ; علم/يفعلن@0.64
closed_class_surface,الذين,الَّذِينَ,الذين,الَّذِينَ,closed_class,1.000,29:11:3,
low_confidence,علم,وَلَيَعْلَمَنَّ,وليعلمن,لَيَعْلَمَنَّ,يفعلن,0.638,29:11:5,علم/يفعلن@0.64 ; علم/يفعلن@0.64 ; علم/يفعلن@0.64
closed_class_surface,الذين,الَّذِينَ,الذين,الَّذِينَ,closed_class,1.000,29:12:2,
closed_class_surface,الذين,لِلَّذِينَ,للذين,الَذِينَ,closed_class,1.000,29:12:4,
low_confidence,حمل,وَلَيَحْمِلُنَّ,وليحملن,لَيَحْمِلُنَّ,يفعلن,0.681,29:13:1,حمل/يفعلن@0.64 ; حمل/يفعلن@0.64 ; حمل/يفعلن@0.64
low_confidence,سءل,وَلَيُسْأَلُنَّ,وليسألن,لَيُسْأَلُنَّ,يفعلن,0.638,29:13:6,سءل/يفعلن@0.64 ; سءل/يفعلن@0.59 ; سءل/يفعلن@0.59
no_root_found,N/A,نُوحَاً,نوحا,نُوحَ,نوح,1.000,29:14:3,
no_root_found,N/A,وَإِبْرَاهِيمَ,وإبراهيم,إِبْرَاهِيمَ,ابراهيم,1.000,29:16:1,
closed_class_surface,الذين,الَّذِينَ,الذين,الَّذِينَ,closed_class,1.000,29:17:10,
no_root_found,N/A,يَمْلِكُونَ,يملكون,مْلِكُ,ملك,1.000,29:17:16,
closed_class_surface,ذلك,ذَلِكَ,ذلك,ذَلِكَ,closed_class,1.000,29:19:10,
no_root_found,N/A,الْأَرْضِ,الأرض,أَرْضِ,ارض,1.000,29:20:4,
no_root_found,N/A,تُقْلَبُونَ,تقلبون,قْلَبُ,قلب,1.000,29:21:8,
no_root_found,N/A,الْأَرْضِ,الأرض,أَرْضِ,ارض,1.000,29:22:5,
closed_class_surface,الذين,وَالَّذِينَ,والذين,الَّذِينَ,closed_class,1.000,29:23:1,
closed_class_surface,ذلك,ذَلِكَ,ذلك,ذَلِكَ,closed_class,1.000,29:24:17,
no_root_found,N/A,لُوطٌ,لوط,لُوطٌ,لوط,1.000,29:26:3,
no_root_found,N/A,إِسْحَاقَ,إسحاق,إِسْحَاقَ,اسحاق,1.000,29:27:3,
no_root_found,N/A,وَيَعْقُوبَ,ويعقوب,يَعْقُوبَ,يعقوب,1.000,29:27:4,
no_root_found,N/A,الصَّالِحِينَ,الصالحين,صَالِحِ,صالح,1.000,29:27:18,
no_root_found,N/A,وَلُوطَاً,ولوطا,لُوطَ,لوط,1.000,29:28:1,
no_root_found,N/A,إِبْرَاهِيمَ,إبراهيم,إِبْرَاهِيمَ,ابراهيم,1.000,29:31:4,
closed_class_surface,هذه,هَذِهِ,هذه,هَذِهِ,closed_class,1.000,29:31:10,
no_root_found,N/A,لُوطَاً,لوطا,لُوطَ,لوط,1.000,29:32:4,
no_root_found,N/A,لُوطَاً,لوطا,لُوطَ,لوط,1.000,29:33:5,
closed_class_surface,هذه,هَذِهِ,هذه,هَذِهِ,closed_class,1.000,29:34:5,
no_root_found,N/A,مَدْيَنَ,مدين,مَدْيَنَ,مدين,1.000,29:36:2,
no_root_found,N/A,شُعَيْبَاً,شعيبا,شُعَيْبَ,شعيب,1.000,29:36:4,
no_root_found,N/A,الْأَرْضِ,الأرض,أَرْضِ,ارض,1.000,29:36:15,
no_root_found,N/A,وَعَادَاً,وعادا,عَادَ,عاد,1.000,29:38:1,
no_root_found,N/A,وَثَمُودَ,وثمود,ثَمُودَ,ثمود,1.000,29:38:2,
no_root_found,N/A,وَقَارُونَ,وقارون,قَارُونَ,قارون,1.000,29:39:1,
no_root_found,N/A,وَفِرْعَوْنَ,وفرعون,فِرْعَوْنَ,فرعون,1.000,29:39:2,
no_root_found,N/A,وَهَامَانَ,وهامان,هَامَانَ,هامان,1.000,29:39:3,
no_root_found,N/A,مُوسَى,موسى,مُوسَى,موسي,1.000,29:39:6,
no_root_found,N/A,الْأَرْضِ,الأرض,أَرْضِ,ارض,1.000,29:39:10,
no_root_found,N/A,الْأَرْضَ,الأرض,أَرْضَ,ارض,1.000,29:40:17,
closed_class_surface,الذين,الَّذِينَ,الذين,الَّذِينَ,closed_class,1.000,29:41:2,
closed_class_surface,تلك,وَتِلْكَ,وتلك,تِلْكَ,closed_class,1.000,29:43:1,
no_root_found,N/A,وَالْأَرْضَ,والأرض,أَرْضَ,ارض,1.000,29:44:4,
closed_class_surface,ذلك,ذَلِكَ,ذلك,ذَلِكَ,closed_class,1.000,29:44:8,
closed_class_surface,التي,بِالَّتِي,بالتي,الَّتِي,closed_class,1.000,29:46:6,
closed_class_surface,الذين,الَّذِينَ,الذين,الَّذِينَ,closed_class,1.000,29:46:10,
closed_class_surface,الذي,بِالَّذِي,بالذي,الَّذِي,closed_class,1.000,29:46:15,
closed_class_surface,ذلك,وَكَذَلِكَ,وكذلك,ذَلِكَ,closed_class,1.000,29:47:1,
closed_class_surface,الذين,فَالَّذِينَ,فالذين,الَّذِينَ,closed_class,1.000,29:47:5,
closed_class_surface,الذين,الَّذِينَ,الذين,الَّذِينَ,closed_class,1.000,29:49:7,
closed_class_surface,ذلك,ذَلِكَ,ذلك,ذَلِكَ,closed_class,1.000,29:51:11,
no_root_found,N/A,وَالْأَرْضِ,والأرض,أَرْضِ,ارض,1.000,29:52:11,
closed_class_surface,الذين,وَالَّذِينَ,والذين,الَّذِينَ,closed_class,1.000,29:52:12,
no_root_found,N/A,جَهَنَّمَ,جهنم,جَهَنَّمَ,جهنم,1.000,29:54:4,
closed_class_surface,الذين,الَّذِينَ,الذين,الَّذِينَ,closed_class,1.000,29:56:2,
no_root_found,N/A,أَرْضِي,أرضي,أَرْضِ,ارض,1.000,29:56:5,
closed_class_surface,الذين,وَالَّذِينَ,والذين,الَّذِينَ,closed_class,1.000,29:58:1,
no_root_found,N/A,الصَّالِحَاتِ,الصالحات,صَالِحَ,صالح,1.000,29:58:4,
low_confidence,بوء,لَنُبَوِّئَنَّهُمْ,لنبوئنهم,لَنُبَوِّئَنَّ,نفعلن,0.551,29:58:5,بيء/نفعلن@0.36
closed_class_surface,الذين,الَّذِينَ,الذين,الَّذِينَ,closed_class,1.000,29:59:1,
no_root_found,N/A,وَالْأَرْضَ,والأرض,أَرْضَ,ارض,1.000,29:61:6,
low_confidence,قيل,لَيَقُولُنَّ,ليقولن,لَيَقُولُنَّ,يفعلن,0.654,29:61:10,قول/يفعلن@0.64 ; قلو/يفعلن@0.61 ; قيل/يفعلن@0.61
no_root_found,N/A,الْأَرْضَ,الأرض,أَرْضَ,ارض,1.000,29:63:10,
low_confidence,قيل,لَيَقُولُنَّ,ليقولن,لَيَقُولُنَّ,يفعلن,0.654,29:63:14,قول/يفعلن@0.64 ; قلو/يفعلن@0.61 ; قيل/يفعلن@0.61
closed_class_surface,هذه,هَذِهِ,هذه,هَذِهِ,closed_class,1.000,29:64:2,
no_root_found,N/A,جَهَنَّمَ,جهنم,جَهَنَّمَ,جهنم,1.000,29:68:15,
closed_class_surface,الذين,وَالَّذِينَ,والذين,الَّذِينَ,closed_class,1.000,29:69:1,
no_root_found,N/A,الم,الم,الم,الم,1.000,30:1:1,
no_root_found,N/A,الْأَرْضِ,الأرض,أَرْضِ,ارض,1.000,30:3:3,
no_root_found,N/A,وَالْأَرْضَ,والأرض,أَرْضَ,ارض,1.000,30:8:9,
no_root_found,N/A,الْأَرْضِ,الأرض,أَرْضِ,ارض,1.000,30:9:4,
closed_class_surface,الذين,الَّذِينَ,الذين,الَّذِينَ,closed_class,1.000,30:9:9,
no_root_found,N/A,الْأَرْضَ,الأرض,أَرْضَ,ارض,1.000,30:9:17,
closed_class_surface,الذين,الَّذِينَ,الذين,الَّذِينَ,closed_class,1.000,30:10:4,
closed_class_surface,الذين,الَّذِينَ,الذين,الَّذِينَ,closed_class,1.000,30:15:2,
no_root_found,N/A,الصَّالِحَاتِ,الصالحات,صَالِحَ,صالح,1.000,30:15:5,
closed_class_surface,الذين,الَّذِينَ,الذين,الَّذِينَ,closed_class,1.000,30:16:2,
no_root_found,N/A,وَالْأَرْضِ,والأرض,أَرْضِ,ارض,1.000,30:18:5,
no_root_found,N/A,الْأَرْضَ,الأرض,أَرْضَ,ارض,1.000,30:19:10,
closed_class_surface,ذلك,وَكَذَلِكَ,وكذلك,ذَلِكَ,closed_class,1.000,30:19:13,
no_root_found,N/A,تُرَابٍ,تراب,تُرَابٍ,تراب,1.000,30:20:6,
closed_class_surface,ذلك,ذَلِكَ,ذلك,ذَلِكَ,closed_class,1.000,30:21:17,
no_root_found,N/A,وَالْأَرْضِ,والأرض,أَرْضِ,ارض,1.000,30:22:5,
closed_class_surface,ذلك,ذَلِكَ,ذلك,ذَلِكَ,closed_class,1.000,30:22:11,
closed_class_surface,ذلك,ذَلِكَ,ذلك,ذَلِكَ,closed_class,1.000,30:23:11,
no_root_found,N/A,الْبَرْقَ,البرق,بَرْقَ,برق,1.000,30:24:4,
no_root_found,N/A,الْأَرْضَ,الأرض,أَرْضَ,ارض,1.000,30:24:13,
closed_class_surface,ذلك,ذَلِكَ,ذلك,ذَلِكَ,closed_class,1.000,30:24:18,
no_root_found,N/A,وَالْأَرْضُ,والأرض,أَرْضُ,ارض,1.000,30:25:6,
no_root_found,N/A,الْأَرْضِ,الأرض,أَرْضِ,ارض,1.000,30:25:13,
no_root_found,N/A,وَالْأَرْضِ,والأرض,أَرْضِ,ارض,1.000,30:26:5,
closed_class_surface,الذي,الَّذِي,الذي,الَّذِي,closed_class,1.000,30:27:2,
no_root_found,N/A,وَالْأَرْضِ,والأرض,أَرْضِ,ارض,1.000,30:27:15,
no_root_found,N/A,مَلَكَتْ,ملكت,مَلَكَ,ملك,1.000,30:28:10,
closed_class_surface,ذلك,كَذَلِكَ,كذلك,ذَلِكَ,closed_class,1.000,30:28:23,
closed_class_surface,الذين,الَّذِينَ,الذين,الَّذِينَ,closed_class,1.000,30:29:3,
closed_class_surface,التي,الَّتِي,التي,الَّتِي,closed_class,1.000,30:30:7,
closed_class_surface,ذلك,ذَلِكَ,ذلك,ذَلِكَ,closed_class,1.000,30:30:15,
closed_class_surface,الذين,الَّذِينَ,الذين,الَّذِينَ,closed_class,1.000,30:32:2,
closed_class_surface,ذلك,ذَلِكَ,ذلك,ذَلِكَ,closed_class,1.000,30:37:12,
closed_class_surface,ذلك,ذَلِكَ,ذلك,ذَلِكَ,closed_class,1.000,30:38:8,
closed_class_surface,الذين,لِلَّذِينَ,للذين,الَذِينَ,closed_class,1.000,30:38:10,
closed_class_surface,الذي,الَّذِي,الذي,الَّذِي,closed_class,1.000,30:40:2,
closed_class_surface,الذي,الَّذِي,الذي,الَّذِي,closed_class,1.000,30:41:12,
no_root_found,N/A,الْأَرْضِ,الأرض,أَرْضِ,ارض,1.000,30:42:4,
closed_class_surface,الذين,الَّذِينَ,الذين,الَّذِينَ,closed_class,1.000,30:42:9,
no_root_found,N/A,صَالِحَاً,صالحا,صَالِحَ,صالح,1.000,30:44:7,
closed_class_surface,الذين,الَّذِينَ,الذين,الَّذِينَ,closed_class,1.000,30:45:2,
no_root_found,N/A,الصَّالِحَاتِ,الصالحات,صَالِحَ,صالح,1.000,30:45:5,
closed_class_surface,الذين,الَّذِينَ,الذين,الَّذِينَ,closed_class,1.000,30:47:12,
closed_class_surface,الذي,الَّذِي,الذي,الَّذِي,closed_class,1.000,30:48:2,
no_root_found,N/A,سَحَابَاً,سحابا,سَحَابَ,سحاب,1.000,30:48:6,
no_root_found,N/A,الْأَرْضَ,الأرض,أَرْضَ,ارض,1.000,30:50:8,
closed_class_surface,ذلك,ذَلِكَ,ذلك,ذَلِكَ,closed_class,1.000,30:50:12,
closed_class_surface,الذي,الَّذِي,الذي,الَّذِي,closed_class,1.000,30:54:2,
closed_class_surface,ذلك,كَذَلِكَ,كذلك,ذَلِكَ,closed_class,1.000,30:55:10,
closed_class_surface,الذين,الَّذِينَ,الذين,الَّذِينَ,closed_class,1.000,30:56:2,
closed_class_surface,هذا,فَهَذَا,فهذا,هَذَا,closed_class,1.000,30:56:14,
closed_class_surface,الذين,الَّذِينَ,الذين,الَّذِينَ,closed_class,1.000,30:57:4,
closed_class_surface,هذا,هَذَا,هذا,هَذَا,closed_class,1.000,30:58:5,
low_confidence,قيل,لَيَقُولَنَّ,ليقولن,لَيَقُولَنَّ,يفعلن,0.654,30:58:13,قول/يفعلن@0.64 ; قلو/يفعلن@0.61 ; قيل/يفعلن@0.61
closed_class_surface,الذين,الَّذِينَ,الذين,الَّذِينَ,closed_class,1.000,30:58:14,
closed_class_surface,ذلك,كَذَلِكَ,كذلك,ذَلِكَ,closed_class,1.000,30:59:1,
closed_class_surface,الذين,الَّذِينَ,الذين,الَّذِينَ,closed_class,1.000,30:59:6,
closed_class_surface,الذين,الَّذِينَ,الذين,الَّذِينَ,closed_class,1.000,30:60:8,
no_root_found,N/A,الم,الم,الم,الم,1.000,31:1:1,
closed_class_surface,تلك,تِلْكَ,تلك,تِلْكَ,closed_class,1.000,31:2:1,
closed_class_surface,الذين,الَّذِينَ,الذين,الَّذِينَ,closed_class,1.000,31:4:1,
closed_class_surface,الذين,الَّذِينَ,الذين,الَّذِينَ,closed_class,1.000,31:8:2,
no_root_found,N/A,الصَّالِحَاتِ,الصالحات,صَالِحَ,صالح,1.000,31:8:5,
no_root_found,N/A,الْأَرْضِ,الأرض,أَرْضِ,ارض,1.000,31:10:8,
closed_class_surface,هذا,هَذَا,هذا,هَذَا,closed_class,1.000,31:11:1,
closed_class_surface,الذين,الَّذِينَ,الذين,الَّذِينَ,closed_class,1.000,31:11:7,
no_root_found,N/A,لُقْمَانَ,لقمان,لُقْمَانَ,لقمان,1.000,31:12:3,
no_root_found,N/A,لُقْمَانُ,لقمان,لُقْمَانُ,لقمان,1.000,31:13:3,
no_root_found,N/A,الْأَرْضِ,الأرض,أَرْضِ,ارض,1.000,31:16:17,
closed_class_surface,ذلك,ذَلِكَ,ذلك,ذَلِكَ,closed_class,1.000,31:17:14,
no_root_found,N/A,الْأَرْضِ,الأرض,أَرْضِ,ارض,1.000,31:18:8,
no_root_found,N/A,الْأَرْضِ,الأرض,أَرْضِ,ارض,1.000,31:20:12,
no_root_found,N/A,يُسْلِمْ,يسلم,سْلِمْ,سلم,1.000,31:22:2,
low_confidence,سمس,اسْتَمْسَكَ,استمسك,اسْتَمْسَ,افتعل,0.616,31:22:9,سمس/افتعل@0.62 ; ستمس/افعلل@0.62 ; سمس/افتعل@0.57
no_root_found,N/A,وَالْأَرْضَ,والأرض,أَرْضَ,ارض,1.000,31:25:6,
low_confidence,قيل,لَيَقُولُنَّ,ليقولن,لَيَقُولُنَّ,يفعلن,0.654,31:25:7,قول/يفعلن@0.64 ; قلو/يفعلن@0.61 ; قيل/يفعلن@0.61
no_root_found,N/A,وَالْأَرْضِ,والأرض,أَرْضِ,ارض,1.000,31:26:5,
no_root_found,N/A,الْأَرْضِ,الأرض,أَرْضِ,ارض,1.000,31:27:4,
closed_class_surface,ذلك,ذَلِكَ,ذلك,ذَلِكَ,closed_class,1.000,31:30:1,
closed_class_surface,ذلك,ذَلِكَ,ذلك,ذَلِكَ,closed_class,1.000,31:31:15,
no_root_found,N/A,أَرْضٍ,أرض,أَرْضٍ,ارض,1.000,31:34:22,
no_root_found,N/A,الم,الم,الم,الم,1.000,32:1:1,
closed_class_surface,الذي,الَّذِي,الذي,الَّذِي,closed_class,1.000,32:4:2,
no_root_found,N/A,وَالْأَرْضَ,والأرض,أَرْضَ,ارض,1.000,32:4:5,
no_root_found,N/A,الْأَرْضِ,الأرض,أَرْضِ,ارض,1.000,32:5:6,
closed_class_surface,ذلك,ذَلِكَ,ذلك,ذَلِكَ,closed_class,1.000,32:6:1,
closed_class_surface,الذي,الَّذِي,الذي,الَّذِي,closed_class,1.000,32:7:1,
no_root_found,N/A,الْأَرْضِ,الأرض,أَرْضِ,ارض,1.000,32:10:5,
no_root_found,N/A,مَلَكُ,ملك,مَلَكُ,ملك,1.000,32:11:3,
closed_class_surface,الذي,الَّذِي,الذي,الَّذِي,closed_class,1.000,32:11:5,
no_root_found,N/A,صَالِحَاً,صالحا,صَالِحَ,صالح,1.000,32:12:14,
low_confidence,ملء,لَأَمْلَأَنَّ,لأملأن,لَأَمْلَأَنَّ,افعلن,0.681,32:13:11,ملء/افعلن@0.64 ; ملء/افعلن@0.59 ; ملء/افعلن@0.59
no_root_found,N/A,جَهَنَّمَ,جهنم,جَهَنَّمَ,جهنم,1.000,32:13:12,
closed_class_surface,هذا,هَذَا,هذا,هَذَا,closed_class,1.000,32:14:6,
closed_class_surface,الذين,الَّذِينَ,الذين,الَّذِينَ,closed_class,1.000,32:15:4,
closed_class_surface,الذين,الَّذِينَ,الذين,الَّذِينَ,closed_class,1.000,32:19:2,
no_root_found,N/A,الصَّالِحَاتِ,الصالحات,صَالِحَ,صالح,1.000,32:19:5,
closed_class_surface,الذين,الَّذِينَ,الذين,الَّذِينَ,closed_class,1.000,32:20:2,
closed_class_surface,الذي,الَّذِي,الذي,الَّذِي,closed_class,1.000,32:20:18,
low_confidence,ذوق,وَلَنُذِيقَنَّهُمْ,ولنذيقنهم,لَنُذِيقَنَّ,نفعلن,0.565,32:21:1,ذيق/نفعلن@0.48
no_root_found,N/A,مُوسَى,موسى,مُوسَى,موسي,1.000,32:23:3,
no_root_found,N/A,إِسْرَائِيلَ,إسرائيل,إِسْرَائِيلَ,اسراءيل,1.000,32:23:14,
low_confidence,ختلف,يَخْتَلِفُونَ,يختلفون,خْتَلِفُ,فعلل,0.697,32:25:11,خلف/فتعل@0.68 ; ختلف/فعلل@0.63 ; ختلف/فعلل@0.63
closed_class_surface,ذلك,ذَلِكَ,ذلك,ذَلِكَ,closed_class,1.000,32:26:15,
no_root_found,N/A,الْأَرْضِ,الأرض,أَرْضِ,ارض,1.000,32:27:7,
closed_class_surface,هذا,هَذَا,هذا,هَذَا,closed_class,1.000,32:28:3,
closed_class_surface,الذين,الَّذِينَ,الذين,الَّذِينَ,closed_class,1.000,32:29:6,
no_root_found,N/A,قَلْبَيْنِ,قلبين,قَلْبَ,قلب,1.000,33:4:6,
no_root_found,N/A,جُنَاحٌ,جناح,جُنَاحٌ,جناح,1.000,33:5:17,
closed_class_surface,ذلك,ذَلِكَ,ذلك,ذَلِكَ,closed_class,1.000,33:6:26,
no_root_found,N/A,نُوحٍ,نوح,نُوحٍ,نوح,1.000,33:7:8,
no_root_found,N/A,وَإِبْرَاهِيمَ,وإبراهيم,إِبْرَاهِيمَ,ابراهيم,1.000,33:7:9,
no_root_found,N/A,وَمُوسَى,وموسى,مُوسَى,موسي,1.000,33:7:10,
no_root_found,N/A,وَعِيسَى,وعيسى,عِيسَى,عيسي,1.000,33:7:11,
no_root_found,N/A,مَرْيَمَ,مريم,مَرْيَمَ,مريم,1.000,33:7:13,
closed_class_surface,الذين,الَّذِينَ,الذين,الَّذِينَ,closed_class,1.000,33:9:2,
closed_class_surface,الذين,وَالَّذِينَ,والذين,الَّذِينَ,closed_class,1.000,33:12:4,
closed_class_surface,الذي,الَّذِي,الذي,الَّذِي,closed_class,1.000,33:17:4,
closed_class_surface,الذي,كَالَّذِي,كالذي,الَّذِي,closed_class,1.000,33:19:11,
no_root_found,N/A,ذَهَبَ,ذهب,ذَهَبَ,ذهب,1.000,33:19:17,
closed_class_surface,ذلك,ذَلِكَ,ذلك,ذَلِكَ,closed_class,1.000,33:19:32,
no_root_found,N/A,يَذْهَبُوا,يذهبوا,ذْهَبُ,ذهب,1.000,33:20:4,
closed_class_surface,هذا,هَذَا,هذا,هَذَا,closed_class,1.000,33:22:6,
closed_class_surface,الذين,الَّذِينَ,الذين,الَّذِينَ,closed_class,1.000,33:25:3,
closed_class_surface,الذين,الَّذِينَ,الذين,الَّذِينَ,closed_class,1.000,33:26:2,
no_root_found,N/A,أَرْضَهُمْ,أرضهم,أَرْضَ,ارض,1.000,33:27:2,
no_root_found,N/A,وَأَرْضَاً,وأرضا,أَرْضَ,ارض,1.000,33:27:5,
closed_class_surface,ذلك,ذَلِكَ,ذلك,ذَلِكَ,closed_class,1.000,33:30:13,
no_root_found,N/A,صَالِحَاً,صالحا,صَالِحَ,صالح,1.000,33:31:7,
low_confidence,خضع,تَخْضَعْنَ,تخضعن,خْضَعْنَ,فعلن,0.684,33:32:10,خضع/فعلن@0.68 ; خضعن/فعلل@0.63 ; خضعن/فعلل@0.63
closed_class_surface,الذي,الَّذِي,الذي,الَّذِي,closed_class,1.000,33:32:13,
no_root_found,N/A,قَلْبِهِ,قلبه,قَلْبِ,قلب,1.000,33:32:15,
no_root_found,N/A,لِيُذْهِبَ,ليذهب,ذْهِبَ,ذهب,1.000,33:33:19,
closed_class_surface,الذي,لِلَّذِي,للذي,الَذِي,closed_class,1.000,33:37:3,
no_root_found,N/A,زَيْدٌ,زيد,زَيْدٌ,زيد,1.000,33:37:28,
closed_class_surface,الذين,الَّذِينَ,الذين,الَّذِينَ,closed_class,1.000,33:38:14,
closed_class_surface,الذين,الَّذِينَ,الذين,الَّذِينَ,closed_class,1.000,33:39:1,
no_root_found,N/A,مُحَمَّدٌ,محمد,مُحَمَّدٌ,محمد,1.000,33:40:3,
closed_class_surface,الذين,الَّذِينَ,الذين,الَّذِينَ,closed_class,1.000,33:41:2,
closed_class_surface,الذي,الَّذِي,الذي,الَّذِي,closed_class,1.000,33:43:2,
no_root_found,N/A,بِإِذْنِهِ,بإذنه,إِذْنِ,اذن,1.000,33:46:4,
closed_class_surface,الذين,الَّذِينَ,الذين,الَّذِينَ,closed_class,1.000,33:49:2,
closed_class_surface,اللاتي,اللَّاتِي,اللاتي,اللَّاتِي,closed_class,1.000,33:50:7,
no_root_found,N/A,مَلَكَتْ,ملكت,مَلَكَ,ملك,1.000,33:50:11,
closed_class_surface,اللاتي,اللَّاتِي,اللاتي,اللَّاتِي,closed_class,1.000,33:50:25,
no_root_found,N/A,مَلَكَتْ,ملكت,مَلَكَ,ملك,1.000,33:50:52,
no_root_found,N/A,جُنَاحَ,جناح,جُنَاحَ,جناح,1.000,33:51:14,
closed_class_surface,ذلك,ذَلِكَ,ذلك,ذَلِكَ,closed_class,1.000,33:51:16,
no_root_found,N/A,مَلَكَتْ,ملكت,مَلَكَ,ملك,1.000,33:52:18,
closed_class_surface,الذين,الَّذِينَ,الذين,الَّذِينَ,closed_class,1.000,33:53:2,
no_root_found,N/A,جُنَاحَ,جناح,جُنَاحَ,جناح,1.000,33:55:2,
no_root_found,N/A,مَلَكَتْ,ملكت,مَلَكَ,ملك,1.000,33:55:20,
closed_class_surface,الذين,الَّذِينَ,الذين,الَّذِينَ,closed_class,1.000,33:56:8,
no_root_found,N/A,وَسَلِّمُوا,وسلموا,سَلِّمُ,سلم,1.000,33:56:12,
closed_class_surface,الذين,الَّذِينَ,الذين,الَّذِينَ,closed_class,1.000,33:57:2,
closed_class_surface,الذين,وَالَّذِينَ,والذين,الَّذِينَ,closed_class,1.000,33:58:1,
closed_class_surface,ذلك,ذَلِكَ,ذلك,ذَلِكَ,closed_class,1.000,33:59:12,
low_confidence,عرف,يُعْرَفْنَ,يعرفن,عْرَفْنَ,فعلن,0.684,33:59:15,عرف/فعلن@0.68 ; عرفن/فعلل@0.63 ; عرفن/فعلل@0.63
closed_class_surface,الذين,وَالَّذِينَ,والذين,الَّذِينَ,closed_class,1.000,33:60:5,
no_root_found,N/A,الْمَدِينَةِ,المدينة,مَدِينَ,مدين,1.000,33:60:11,
closed_class_surface,الذين,الَّذِينَ,الذين,الَّذِينَ,closed_class,1.000,33:62:4,
no_root_found,N/A,تُقَلَّبُ,تقلب,قَلَّبُ,قلب,1.000,33:66:2,
closed_class_surface,الذين,الَّذِينَ,الذين,الَّذِينَ,closed_class,1.000,33:69:2,
closed_class_surface,الذين,كَالَّذِينَ,كالذين,الَّذِينَ,closed_class,1.000,33:69:6,
no_root_found,N/A,مُوسَى,موسى,مُوسَى,موسي,1.000,33:69:8,
closed_class_surface,الذين,الَّذِينَ,الذين,الَّذِينَ,closed_class,1.000,33:70:2,
no_root_found,N/A,وَالْأَرْضِ,والأرض,أَرْضِ,ارض,1.000,33:72:6,
low_confidence,حمل,يَحْمِلْنَهَا,يحملنها,حْمِلْنَ,فعلن,0.684,33:72:10,حملن/فعلل@0.63 ; حملن/فعلل@0.63 ; حملن/فعلل@0.63
closed_class_surface,الذي,الَّذِي,الذي,الَّذِي,closed_class,1.000,34:1:3,
no_root_found,N/A,الْأَرْضِ,الأرض,أَرْضِ,ارض,1.000,34:1:10,
no_root_found,N/A,الْأَرْضِ,الأرض,أَرْضِ,ارض,1.000,34:2:5,
closed_class_surface,الذين,الَّذِينَ,الذين,الَّذِينَ,closed_class,1.000,34:3:2,
no_root_found,N/A,الْأَرْضِ,الأرض,أَرْضِ,ارض,1.000,34:3:22,
closed_class_surface,ذلك,ذَلِكَ,ذلك,ذَلِكَ,closed_class,1.000,34:3:26,
closed_class_surface,الذين,الَّذِينَ,الذين,الَّذِينَ,closed_class,1.000,34:4:2,
no_root_found,N/A,الصَّالِحَاتِ,الصالحات,صَالِحَ,صالح,1.000,34:4:5,
closed_class_surface,الذين,وَالَّذِينَ,والذين,الَّذِينَ,closed_class,1.000,34:5:1,
closed_class_surface,الذين,الَّذِينَ,الذين,الَّذِينَ,closed_class,1.000,34:6:2,
closed_class_surface,الذي,الَّذِي,الذي,الَّذِي,closed_class,1.000,34:6:5,
closed_class_surface,الذين,الَّذِينَ,الذين,الَّذِينَ,closed_class,1.000,34:7:2,
closed_class_surface,الذين,الَّذِينَ,الذين,الَّذِينَ,closed_class,1.000,34:8:9,
no_root_found,N/A,وَالْأَرْضِ,والأرض,أَرْضِ,ارض,1.000,34:9:11,
no_root_found,N/A,الْأَرْضَ,الأرض,أَرْضَ,ارض,1.000,34:9:16,
closed_class_surface,ذلك,ذَلِكَ,ذلك,ذَلِكَ,closed_class,1.000,34:9:25,
no_root_found,N/A,الْحَدِيدَ,الحديد,حَدِيدَ,حديد,1.000,34:10:12,
no_root_found,N/A,صَالِحَاً,صالحا,صَالِحَ,صالح,1.000,34:11:8,
no_root_found,N/A,وَلِسُلَيْمَانَ,ولسليمان,سُلَيْمَانَ,سليمان,1.000,34:12:1,
no_root_found,N/A,عَيْنَ,عين,عَيْنَ,عين,1.000,34:12:9,
no_root_found,N/A,بِإِذْنِ,بإذن,إِذْنِ,اذن,1.000,34:12:17,
no_root_found,N/A,الْأَرْضِ,الأرض,أَرْضِ,ارض,1.000,34:14:11,
no_root_found,N/A,لِسَبَإٍ,لسبإ,سَبَإٍ,سبا,1.000,34:15:3,
closed_class_surface,ذلك,ذَلِكَ,ذلك,ذَلِكَ,closed_class,1.000,34:17:1,
closed_class_surface,التي,الَّتِي,التي,الَّتِي,closed_class,1.000,34:18:5,
closed_class_surface,ذلك,ذَلِكَ,ذلك,ذَلِكَ,closed_class,1.000,34:19:15,
no_root_found,N/A,إِبْلِيسُ,إبليس,إِبْلِيسُ,ابليس,1.000,34:20:4,
closed_class_surface,الذين,الَّذِينَ,الذين,الَّذِينَ,closed_class,1.000,34:22:3,
no_root_found,N/A,يَمْلِكُونَ,يملكون,مْلِكُ,ملك,1.000,34:22:9,
no_root_found,N/A,الْأَرْضِ,الأرض,أَرْضِ,ارض,1.000,34:22:16,
no_root_found,N/A,أَذِنَ,أذن,أَذِنَ,اذن,1.000,34:23:7,
no_root_found,N/A,وَالْأَرْضِ,والأرض,أَرْضِ,ارض,1.000,34:24:6,
closed_class_surface,الذين,الَّذِينَ,الذين,الَّذِينَ,closed_class,1.000,34:27:3,
closed_class_surface,هذا,هَذَا,هذا,هَذَا,closed_class,1.000,34:29:3,
closed_class_surface,الذين,الَّذِينَ,الذين,الَّذِينَ,closed_class,1.000,34:31:2,
closed_class_surface,هذا,بِهَذَا,بهذا,هَذَا,closed_class,1.000,34:31:6,
closed_class_surface,الذي,بِالَّذِي,بالذي,الَّذِي,closed_class,1.000,34:31:9,
closed_class_surface,الذين,الَّذِينَ,الذين,الَّذِينَ,closed_class,1.000,34:31:25,
closed_class_surface,الذين,لِلَّذِينَ,للذين,الَذِينَ,closed_class,1.000,34:31:27,
closed_class_surface,الذين,الَّذِينَ,الذين,الَّذِينَ,closed_class,1.000,34:32:2,
closed_class_surface,الذين,لِلَّذِينَ,للذين,الَذِينَ,closed_class,1.000,34:32:4,
closed_class_surface,الذين,الَّذِينَ,الذين,الَّذِينَ,closed_class,1.000,34:33:2,
closed_class_surface,الذين,لِلَّذِينَ,للذين,الَذِينَ,closed_class,1.000,34:33:4,
closed_class_surface,الذين,الَّذِينَ,الذين,الَّذِينَ,closed_class,1.000,34:33:27,
closed_class_surface,التي,بِالَّتِي,بالتي,الَّتِي,closed_class,1.000,34:37:5,
no_root_found,N/A,صَالِحَاً,صالحا,صَالِحَ,صالح,1.000,34:37:13,
closed_class_surface,الذين,وَالَّذِينَ,والذين,الَّذِينَ,closed_class,1.000,34:38:1,
no_root_found,N/A,يَمْلِكُ,يملك,مْلِكُ,ملك,1.000,34:42:3,
closed_class_surface,الذين,لِلَّذِينَ,للذين,الَذِينَ,closed_class,1.000,34:42:10,
closed_class_surface,التي,الَّتِي,التي,الَّتِي,closed_class,1.000,34:42:15,
closed_class_surface,هذا,هَذَا,هذا,هَذَا,closed_class,1.000,34:43:8,
closed_class_surface,هذا,هَذَا,هذا,هَذَا,closed_class,1.000,34:43:20,
closed_class_surface,الذين,الَّذِينَ,الذين,الَّذِينَ,closed_class,1.000,34:43:25,
closed_class_surface,هذا,هَذَا,هذا,هَذَا,closed_class,1.000,34:43:31,
closed_class_surface,الذين,الَّذِينَ,الذين,الَّذِينَ,closed_class,1.000,34:45:2,
no_root_found,N/A,وَالْأَرْضِ,والأرض,أَرْضِ,ارض,1.000,35:1:5,
no_root_found,N/A,يَزِيدُ,يزيد,زِيدُ,زيد,1.000,35:1:14,
no_root_found,N/A,وَالْأَرْضِ,والأرض,أَرْضِ,ارض,1.000,35:3:15,
closed_class_surface,الذين,الَّذِينَ,الذين,الَّذِينَ,closed_class,1.000,35:7:1,
closed_class_surface,الذين,وَالَّذِينَ,والذين,الَّذِينَ,closed_class,1.000,35:7:6,
no_root_found,N/A,الصَّالِحَاتِ,الصالحات,صَالِحَ,صالح,1.000,35:7:9,
no_root_found,N/A,تَذْهَبْ,تذهب,ذْهَبْ,ذهب,1.000,35:8:17,
closed_class_surface,الذي,الَّذِي,الذي,الَّذِي,closed_class,1.000,35:9:2,
no_root_found,N/A,سَحَابَاً,سحابا,سَحَابَ,سحاب,1.000,35:9:6,
no_root_found,N/A,الْأَرْضَ,الأرض,أَرْضَ,ارض,1.000,35:9:13,
closed_class_surface,ذلك,كَذَلِكَ,كذلك,ذَلِكَ,closed_class,1.000,35:9:16,
no_root_found,N/A,الصَّالِحُ,الصالح,صَالِحُ,صالح,1.000,35:10:13,
closed_class_surface,الذين,وَالَّذِينَ,والذين,الَّذِينَ,closed_class,1.000,35:10:15,
no_root_found,N/A,تُرَابٍ,تراب,تُرَابٍ,تراب,1.000,35:11:4,
closed_class_surface,ذلك,ذَلِكَ,ذلك,ذَلِكَ,closed_class,1.000,35:11:31,
closed_class_surface,هذا,هَذَا,هذا,هَذَا,closed_class,1.000,35:12:4,
closed_class_surface,هذا,وَهَذَا,وهذا,هَذَا,closed_class,1.000,35:12:9,
no_root_found,N/A,مِلْحٌ,ملح,مِلْحٌ,ملح,1.000,35:12:10,
no_root_found,N/A,لَحْمَاً,لحما,حْمَ,حم,1.000,35:12:15,
no_root_found,N/A,الْمُلْكُ,الملك,مُلْكُ,ملك,1.000,35:13:20,
closed_class_surface,الذين,وَالَّذِينَ,والذين,الَّذِينَ,closed_class,1.000,35:13:21,
no_root_found,N/A,يَمْلِكُونَ,يملكون,مْلِكُ,ملك,1.000,35:13:26,
no_root_found,N/A,يُذْهِبْكُمْ,يذهبكم,ذْهِبْ,ذهب,1.000,35:16:3,
closed_class_surface,ذلك,ذَلِكَ,ذلك,ذَلِكَ,closed_class,1.000,35:17:2,
closed_class_surface,الذين,الَّذِينَ,الذين,الَّذِينَ,closed_class,1.000,35:18:21,
closed_class_surface,الذين,الَّذِينَ,الذين,الَّذِينَ,closed_class,1.000,35:25:5,
closed_class_surface,الذين,الَّذِينَ,الذين,الَّذِينَ,closed_class,1.000,35:26:3,
closed_class_surface,ذلك,كَذَلِكَ,كذلك,ذَلِكَ,closed_class,1.000,35:28:7,
closed_class_surface,الذين,الَّذِينَ,الذين,الَّذِينَ,closed_class,1.000,35:29:2,
closed_class_surface,الذي,وَالَّذِي,والذي,الَّذِي,closed_class,1.000,35:31:1,
closed_class_surface,الذين,الَّذِينَ,الذين,الَّذِينَ,closed_class,1.000,35:32:4,
no_root_found,N/A,بِإِذْنِ,بإذن,إِذْنِ,اذن,1.000,35:32:16,
closed_class_surface,ذلك,ذَلِكَ,ذلك,ذَلِكَ,closed_class,1.000,35:32:18,
no_root_found,N/A,ذَهَبٍ,ذهب,ذَهَبٍ,ذهب,1.000,35:33:9,
no_root_found,N/A,وَلُؤْلُؤَاً,ولؤلؤا,لُؤْلُؤَ,لءلء,1.000,35:33:10,
no_root_found,N/A,حَرِيرٌ,حرير,حَرِيرٌ,حرير,1.000,35:33:13,
closed_class_surface,الذي,الَّذِي,الذي,الَّذِي,closed_class,1.000,35:34:4,
closed_class_surface,الذي,الَّذِي,الذي,الَّذِي,closed_class,1.000,35:35:1,
closed_class_surface,الذين,وَالَّذِينَ,والذين,الَّذِينَ,closed_class,1.000,35:36:1,
no_root_found,N/A,جَهَنَّمَ,جهنم,جَهَنَّمَ,جهنم,1.000,35:36:5,
closed_class_surface,ذلك,كَذَلِكَ,كذلك,ذَلِكَ,closed_class,1.000,35:36:15,
low_confidence,صطرخ,يَصْطَرِخُونَ,يصطرخون,صْطَرِخُ,فعلل,0.697,35:37:2,صطرخ/فعلل@0.63 ; صطرخ/فعلل@0.63 ; صطرخ/فعلل@0.63
no_root_found,N/A,صَالِحَاً,صالحا,صَالِحَ,صالح,1.000,35:37:7,
closed_class_surface,الذي,الَّذِي,الذي,الَّذِي,closed_class,1.000,35:37:9,
no_root_found,N/A,وَالْأَرْضِ,والأرض,أَرْضِ,ارض,1.000,35:38:6,
closed_class_surface,الذي,الَّذِي,الذي,الَّذِي,closed_class,1.000,35:39:2,
no_root_found,N/A,الْأَرْضِ,الأرض,أَرْضِ,ارض,1.000,35:39:6,
no_root_found,N/A,يَزِيدُ,يزيد,زِيدُ,زيد,1.000,35:39:12,
no_root_found,N/A,يَزِيدُ,يزيد,زِيدُ,زيد,1.000,35:39:20,
closed_class_surface,الذين,الَّذِينَ,الذين,الَّذِينَ,closed_class,1.000,35:40:4,
no_root_found,N/A,الْأَرْضِ,الأرض,أَرْضِ,ارض,1.000,35:40:13,
no_root_found,N/A,وَالْأَرْضَ,والأرض,أَرْضَ,ارض,1.000,35:41:5,
low_confidence,كين,لَيَكُونُنَّ,ليكونن,لَيَكُونُنَّ,يفعلن,0.654,35:42:8,كون/يفعلن@0.64 ; كين/يفعلن@0.61 ; كين/يفعلن@0.61
no_root_found,N/A,الْأَرْضِ,الأرض,أَرْضِ,ارض,1.000,35:43:3,
no_root_found,N/A,الْأَرْضِ,الأرض,أَرْضِ,ارض,1.000,35:44:4,
closed_class_surface,الذين,الَّذِينَ,الذين,الَّذِينَ,closed_class,1.000,35:44:9,
no_root_found,N/A,الْأَرْضِ,الأرض,أَرْضِ,ارض,1.000,35:44:26,
no_root_found,N/A,يس,يس,يس,يس,1.000,36:1:1,
low_confidence,رجم,لَنَرْجُمَنَّكُمْ,لنرجمنكم,لَنَرْجُمَنَّ,نفعلن,0.638,36:18:8,
no_root_found,N/A,طَائِرُكُمْ,طائركم,طَائِرُ,طاءر,1.000,36:19:2,
no_root_found,N/A,الْمَدِينَةِ,المدينة,مَدِينَ,مدين,1.000,36:20:4,
closed_class_surface,الذي,الَّذِي,الذي,الَّذِي,closed_class,1.000,36:22:5,
no_root_found,N/A,الْأَرْضُ,الأرض,أَرْضُ,ارض,1.000,36:33:3,
closed_class_surface,الذي,الَّذِي,الذي,الَّذِي,closed_class,1.000,36:36:2,
no_root_found,N/A,الْأَرْضُ,الأرض,أَرْضُ,ارض,1.000,36:36:8,
closed_class_surface,ذلك,ذَلِكَ,ذلك,ذَلِكَ,closed_class,1.000,36:38:5,
no_root_found,N/A,عَادَ,عاد,عَادَ,عاد,1.000,36:39:5,
closed_class_surface,الذين,الَّذِينَ,الذين,الَّذِينَ,closed_class,1.000,36:47:9,
closed_class_surface,الذين,لِلَّذِينَ,للذين,الَذِينَ,closed_class,1.000,36:47:11,
closed_class_surface,هذا,هَذَا,هذا,هَذَا,closed_class,1.000,36:48:3,
closed_class_surface,هذا,هَذَا,هذا,هَذَا,closed_class,1.000,36:52:7,
closed_class_surface,هذا,هَذَا,هذا,هَذَا,closed_class,1.000,36:61:3,
closed_class_surface,هذه,هَذِهِ,هذه,هَذِهِ,closed_class,1.000,36:63:1,
no_root_found,N/A,جَهَنَّمُ,جهنم,جَهَنَّمُ,جهنم,1.000,36:63:2,
closed_class_surface,التي,الَّتِي,التي,الَّتِي,closed_class,1.000,36:63:3,
no_root_found,N/A,مَالِكُونَ,مالكون,مَالِكُ,مالك,1.000,36:71:12,
closed_class_surface,الذي,الَّذِي,الذي,الَّذِي,closed_class,1.000,36:79:3,
closed_class_surface,الذي,الَّذِي,الذي,الَّذِي,closed_class,1.000,36:80:1,
closed_class_surface,الذي,الَّذِي,الذي,الَّذِي,closed_class,1.000,36:81:2,
no_root_found,N/A,وَالْأَرْضَ,والأرض,أَرْضَ,ارض,1.000,36:81:5,
closed_class_surface,الذي,الَّذِي,الذي,الَّذِي,closed_class,1.000,36:83:2,
no_root_found,N/A,وَالْأَرْضِ,والأرض,أَرْضِ,ارض,1.000,37:5:3,
closed_class_surface,هذا,هَذَا,هذا,هَذَا,closed_class,1.000,37:15:3,
no_root_found,N/A,تُرَابَاً,ترابا,تُرَابَ,تراب,1.000,37:16:4,
closed_class_surface,هذا,هَذَا,هذا,هَذَا,closed_class,1.000,37:20:3,
closed_class_surface,هذا,هَذَا,هذا,هَذَا,closed_class,1.000,37:21:1,
closed_class_surface,الذي,الَّذِي,الذي,الَّذِي,closed_class,1.000,37:21:4,
closed_class_surface,الذين,الَّذِينَ,الذين,الَّذِينَ,closed_class,1.000,37:22:2,
closed_class_surface,ذلك,كَذَلِكَ,كذلك,ذَلِكَ,closed_class,1.000,37:34:2,
low_confidence,ذءق,لَذَائِقُو,لذائقو,لَذَائِقُو,فاعلو,0.630,37:38:2,ذءق/فاعلو@0.59 ; ذءق/فاعلو@0.59
no_root_found,N/A,عِينٌ,عين,عِينٌ,عين,1.000,37:48:4,
no_root_found,N/A,تُرَابَاً,ترابا,تُرَابَ,تراب,1.000,37:53:4,
closed_class_surface,هذا,هَذَا,هذا,هَذَا,closed_class,1.000,37:60:2,
closed_class_surface,هذا,هَذَا,هذا,هَذَا,closed_class,1.000,37:61:2,
no_root_found,N/A,الزَّقُّومِ,الزقوم,زَقُّومِ,زقوم,1.000,37:62:6,
no_root_found,N/A,نُوحٌ,نوح,نُوحٌ,نوح,1.000,37:75:3,
no_root_found,N/A,نُوحٍ,نوح,نُوحٍ,نوح,1.000,37:79:3,
closed_class_surface,ذلك,كَذَلِكَ,كذلك,ذَلِكَ,closed_class,1.000,37:80:2,
no_root_found,N/A,بِقَلْبٍ,بقلب,قَلْبٍ,قلب,1.000,37:84:4,
no_root_found,N/A,الصَّالِحِينَ,الصالحين,صَالِحِ,صالح,1.000,37:100:5,
no_root_found,N/A,يَاإِبْرَاهِيمُ,ياإبراهيم,إِبْرَاهِيمُ,ابراهيم,1.000,37:104:3,
closed_class_surface,ذلك,كَذَلِكَ,كذلك,ذَلِكَ,closed_class,1.000,37:105:5,
closed_class_surface,هذا,هَذَا,هذا,هَذَا,closed_class,1.000,37:106:2,
no_root_found,N/A,إِبْرَاهِيمَ,إبراهيم,إِبْرَاهِيمَ,ابراهيم,1.000,37:109:3,
closed_class_surface,ذلك,كَذَلِكَ,كذلك,ذَلِكَ,closed_class,1.000,37:110:1,
no_root_found,N/A,بِإِسْحَاقَ,بإسحاق,إِسْحَاقَ,اسحاق,1.000,37:112:2,
no_root_found,N/A,الصَّالِحِينَ,الصالحين,صَالِحِ,صالح,1.000,37:112:5,
no_root_found,N/A,إِسْحَاقَ,إسحاق,إِسْحَاقَ,اسحاق,1.000,37:113:4,
no_root_found,N/A,مُوسَى,موسى,مُوسَى,موسي,1.000,37:114:4,
no_root_found,N/A,وَهَارُونَ,وهارون,هَارُونَ,هارون,1.000,37:114:5,
no_root_found,N/A,مُوسَى,موسى,مُوسَى,موسي,1.000,37:120:3,
no_root_found,N/A,وَهَارُونَ,وهارون,هَارُونَ,هارون,1.000,37:120:4,
closed_class_surface,ذلك,كَذَلِكَ,كذلك,ذَلِكَ,closed_class,1.000,37:121:2,
no_root_found,N/A,إِلْيَاسَ,إلياس,إِلْيَاسَ,الياس,1.000,37:123:2,
no_root_found,N/A,إِلْيَاسيْنَ,إلياسين,إِلْيَاس,الياس,1.000,37:130:3,
closed_class_surface,ذلك,كَذَلِكَ,كذلك,ذَلِكَ,closed_class,1.000,37:131:2,
no_root_found,N/A,لُوطَاً,لوطا,لُوطَ,لوط,1.000,37:133:2,
no_root_found,N/A,يُونُسَ,يونس,يُونُسَ,يونس,1.000,37:139:2,
no_root_found,N/A,يَزِيدُونَ,يزيدون,زِيدُ,زيد,1.000,37:147:6,
no_root_found,N/A,ص,ص,ص,ص,1.000,38:1:1,
closed_class_surface,الذين,الَّذِينَ,الذين,الَّذِينَ,closed_class,1.000,38:2:2,
closed_class_surface,هذا,هَذَا,هذا,هَذَا,closed_class,1.000,38:4:8,
closed_class_surface,هذا,هَذَا,هذا,هَذَا,closed_class,1.000,38:5:6,
closed_class_surface,هذا,هَذَا,هذا,هَذَا,closed_class,1.000,38:6:10,
closed_class_surface,هذا,بِهَذَا,بهذا,هَذَا,closed_class,1.000,38:7:3,
closed_class_surface,هذا,هَذَا,هذا,هَذَا,closed_class,1.000,38:7:8,
no_root_found,N/A,مُلْكُ,ملك,مُلْكُ,ملك,1.000,38:10:3,
no_root_found,N/A,وَالْأَرْضِ,والأرض,أَرْضِ,ارض,1.000,38:10:5,
no_root_found,N/A,نُوحٍ,نوح,نُوحٍ,نوح,1.000,38:12:4,
no_root_found,N/A,وَعَادٌ,وعاد,عَادٌ,عاد,1.000,38:12:5,
no_root_found,N/A,وَفِرْعَوْنُ,وفرعون,فِرْعَوْنُ,فرعون,1.000,38:12:6,
no_root_found,N/A,وَثَمُودُ,وثمود,ثَمُودُ,ثمود,1.000,38:13:1,
no_root_found,N/A,لُوطٍ,لوط,لُوطٍ,لوط,1.000,38:13:3,
no_root_found,N/A,مُلْكَهُ,ملكه,مُلْكَ,ملك,1.000,38:20:2,
closed_class_surface,هذا,هَذَا,هذا,هَذَا,closed_class,1.000,38:23:2,
closed_class_surface,الذين,الَّذِينَ,الذين,الَّذِينَ,closed_class,1.000,38:24:17,
no_root_found,N/A,الصَّالِحَاتِ,الصالحات,صَالِحَ,صالح,1.000,38:24:20,
closed_class_surface,ذلك,ذَلِكَ,ذلك,ذَلِكَ,closed_class,1.000,38:25:3,
no_root_found,N/A,الْأَرْضِ,الأرض,أَرْضِ,ارض,1.000,38:26:6,
closed_class_surface,الذين,الَّذِينَ,الذين,الَّذِينَ,closed_class,1.000,38:26:19,
no_root_found,N/A,وَالْأَرْضَ,والأرض,أَرْضَ,ارض,1.000,38:27:4,
closed_class_surface,ذلك,ذَلِكَ,ذلك,ذَلِكَ,closed_class,1.000,38:27:8,
closed_class_surface,الذين,الَّذِينَ,الذين,الَّذِينَ,closed_class,1.000,38:27:10,
closed_class_surface,الذين,لِلَّذِينَ,للذين,الَذِينَ,closed_class,1.000,38:27:13,
closed_class_surface,الذين,الَّذِينَ,الذين,الَّذِينَ,closed_class,1.000,38:28:3,
no_root_found,N/A,الصَّالِحَاتِ,الصالحات,صَالِحَ,صالح,1.000,38:28:6,
no_root_found,N/A,الْأَرْضِ,الأرض,أَرْضِ,ارض,1.000,38:28:9,
no_root_found,N/A,سُلَيْمَانَ,سليمان,سُلَيْمَانَ,سليمان,1.000,38:30:3,
no_root_found,N/A,سُلَيْمَانَ,سليمان,سُلَيْمَانَ,سليمان,1.000,38:34:3,
no_root_found,N/A,مُلْكَاً,ملكا,مُلْكَ,ملك,1.000,38:35:7,
closed_class_surface,هذا,هَذَا,هذا,هَذَا,closed_class,1.000,38:39:1,
no_root_found,N/A,أَيُّوبَ,أيوب,أَيُّوبَ,ايوب,1.000,38:41:3,
closed_class_surface,هذا,هَذَا,هذا,هَذَا,closed_class,1.000,38:42:3,
no_root_found,N/A,إِبْرَاهِيمَ,إبراهيم,إِبْرَاهِيمَ,ابراهيم,1.000,38:45:3,
no_root_found,N/A,وَإِسْحَاقَ,وإسحاق,إِسْحَاقَ,اسحاق,1.000,38:45:4,
no_root_found,N/A,وَيَعْقُوبَ,ويعقوب,يَعْقُوبَ,يعقوب,1.000,38:45:5,
no_root_found,N/A,إِسْمَاعِيلَ,إسماعيل,إِسْمَاعِيلَ,اسماعيل,1.000,38:48:2,
closed_class_surface,هذا,هَذَا,هذا,هَذَا,closed_class,1.000,38:49:1,
closed_class_surface,هذا,هَذَا,هذا,هَذَا,closed_class,1.000,38:53:1,
closed_class_surface,هذا,هَذَا,هذا,هَذَا,closed_class,1.000,38:54:2,
closed_class_surface,هذا,هَذَا,هذا,هَذَا,closed_class,1.000,38:55:1,
no_root_found,N/A,جَهَنَّمَ,جهنم,جَهَنَّمَ,جهنم,1.000,38:56:1,
closed_class_surface,هذا,هَذَا,هذا,هَذَا,closed_class,1.000,38:57:1,
closed_class_surface,هذا,هَذَا,هذا,هَذَا,closed_class,1.000,38:59:1,
closed_class_surface,هذا,هَذَا,هذا,هَذَا,closed_class,1.000,38:61:6,
closed_class_surface,ذلك,ذَلِكَ,ذلك,ذَلِكَ,closed_class,1.000,38:64:2,
no_root_found,N/A,وَالْأَرْضِ,والأرض,أَرْضِ,ارض,1.000,38:66:3,
low_confidence,ختصم,يَخْتَصِمُونَ,يختصمون,خْتَصِمُ,فعلل,0.697,38:69:9,خصم/فتعل@0.68 ; ختصم/فعلل@0.63 ; ختصم/فعلل@0.63
no_root_found,N/A,إِبْلِيسَ,إبليس,إِبْلِيسَ,ابليس,1.000,38:74:2,
no_root_found,N/A,يَاإِبْلِيسُ,ياإبليس,إِبْلِيسُ,ابليس,1.000,38:75:2,
low_confidence,ملء,لَأَمْلَأَنَّ,لأملأن,لَأَمْلَأَنَّ,افعلن,0.681,38:85:1,ملء/افعلن@0.64 ; ملء/افعلن@0.59 ; ملء/افعلن@0.59
no_root_found,N/A,جَهَنَّمَ,جهنم,جَهَنَّمَ,جهنم,1.000,38:85:2,
no_root_found,N/A,تَبِعَكَ,تبعك,تَبِعَ,تبع,1.000,38:85:5,
closed_class_surface,الذين,وَالَّذِينَ,والذين,الَّذِينَ,closed_class,1.000,39:3:5,
low_confidence,ختلف,يَخْتَلِفُونَ,يختلفون,خْتَلِفُ,فعلل,0.697,39:3:25,خلف/فتعل@0.68 ; ختلف/فعلل@0.63 ; ختلف/فعلل@0.63
low_confidence,صفو,لَاصْطَفَى,لاصطفى,لَاصْطَفَى,افطعل,0.654,39:4:7,صطفى/افعلل@0.63 ; وصف/افطعل@0.61 ; صوف/افطعل@0.61
no_root_found,N/A,وَالْأَرْضَ,والأرض,أَرْضَ,ارض,1.000,39:5:3,
no_root_found,N/A,الْمُلْكُ,الملك,مُلْكُ,ملك,1.000,39:6:30,
closed_class_surface,الذين,الَّذِينَ,الذين,الَّذِينَ,closed_class,1.000,39:9:16,
closed_class_surface,الذين,وَالَّذِينَ,والذين,الَّذِينَ,closed_class,1.000,39:9:18,
closed_class_surface,الذين,الَّذِينَ,الذين,الَّذِينَ,closed_class,1.000,39:10:3,
closed_class_surface,الذين,لِلَّذِينَ,للذين,الَذِينَ,closed_class,1.000,39:10:7,
closed_class_surface,هذه,هَذِهِ,هذه,هَذِهِ,closed_class,1.000,39:10:10,
no_root_found,N/A,وَأَرْضُ,وأرض,أَرْضُ,ارض,1.000,39:10:13,
closed_class_surface,الذين,الَّذِينَ,الذين,الَّذِينَ,closed_class,1.000,39:15:9,
closed_class_surface,ذلك,ذَلِكَ,ذلك,ذَلِكَ,closed_class,1.000,39:15:16,
closed_class_surface,ذلك,ذَلِكَ,ذلك,ذَلِكَ,closed_class,1.000,39:16:10,
closed_class_surface,الذين,وَالَّذِينَ,والذين,الَّذِينَ,closed_class,1.000,39:17:1,
closed_class_surface,الذين,الَّذِينَ,الذين,الَّذِينَ,closed_class,1.000,39:18:1,
no_root_found,N/A,فَيَتَّبِعُونَ,فيتبعون,تَّبِعُ,تبع,1.000,39:18:4,
closed_class_surface,الذين,الَّذِينَ,الذين,الَّذِينَ,closed_class,1.000,39:18:7,
closed_class_surface,الذين,الَّذِينَ,الذين,الَّذِينَ,closed_class,1.000,39:20:2,
no_root_found,N/A,الْأَرْضِ,الأرض,أَرْضِ,ارض,1.000,39:21:12,
closed_class_surface,ذلك,ذَلِكَ,ذلك,ذَلِكَ,closed_class,1.000,39:21:28,
closed_class_surface,الذين,الَّذِينَ,الذين,الَّذِينَ,closed_class,1.000,39:23:11,
closed_class_surface,ذلك,ذَلِكَ,ذلك,ذَلِكَ,closed_class,1.000,39:23:21,
closed_class_surface,الذين,الَّذِينَ,الذين,الَّذِينَ,closed_class,1.000,39:25:2,
closed_class_surface,هذا,هَذَا,هذا,هَذَا,closed_class,1.000,39:27:5,
no_root_found,N/A,سَلَمَاً,سلما,سَلَمَ,سلم,1.000,39:29:9,
low_confidence,ختصم,تَخْتَصِمُونَ,تختصمون,خْتَصِمُ,فعلل,0.697,39:31:7,خصم/فتعل@0.68 ; ختصم/فعلل@0.63 ; ختصم/فعلل@0.63
no_root_found,N/A,جَهَنَّمَ,جهنم,جَهَنَّمَ,جهنم,1.000,39:32:13,
closed_class_surface,الذي,وَالَّذِي,والذي,الَّذِي,closed_class,1.000,39:33:1,
closed_class_surface,ذلك,ذَلِكَ,ذلك,ذَلِكَ,closed_class,1.000,39:34:6,
closed_class_surface,الذي,الَّذِي,الذي,الَّذِي,closed_class,1.000,39:35:5,
closed_class_surface,الذي,الَّذِي,الذي,الَّذِي,closed_class,1.000,39:35:10,
closed_class_surface,الذين,بِالَّذِينَ,بالذين,الَّذِينَ,closed_class,1.000,39:36:6,
no_root_found,N/A,وَالْأَرْضَ,والأرض,أَرْضَ,ارض,1.000,39:38:6,
low_confidence,قيل,لَيَقُولُنَّ,ليقولن,لَيَقُولُنَّ,يفعلن,0.654,39:38:7,قول/يفعلن@0.64 ; قلو/يفعلن@0.61 ; قيل/يفعلن@0.61
closed_class_surface,التي,وَالَّتِي,والتي,الَّتِي,closed_class,1.000,39:42:6,
closed_class_surface,التي,الَّتِي,التي,الَّتِي,closed_class,1.000,39:42:12,
closed_class_surface,ذلك,ذَلِكَ,ذلك,ذَلِكَ,closed_class,1.000,39:42:23,
no_root_found,N/A,يَمْلِكُونَ,يملكون,مْلِكُ,ملك,1.000,39:43:11,
no_root_found,N/A,مُلْكُ,ملك,مُلْكُ,ملك,1.000,39:44:6,
no_root_found,N/A,وَالْأَرْضِ,والأرض,أَرْضِ,ارض,1.000,39:44:8,
low_confidence,شمءز,اشْمَأَزَّتْ,اشمأزت,شْمَأَزَّ,فعلل,0.697,39:45:5,شمءز/فعلل@0.63 ; شمءز/فعلل@0.63 ; شمءز/فعلل@0.63
closed_class_surface,الذين,الَّذِينَ,الذين,الَّذِينَ,closed_class,1.000,39:45:7,
closed_class_surface,الذين,الَّذِينَ,الذين,الَّذِينَ,closed_class,1.000,39:45:13,
no_root_found,N/A,وَالْأَرْضِ,والأرض,أَرْضِ,ارض,1.000,39:46:5,
low_confidence,ختلف,يَخْتَلِفُونَ,يختلفون,خْتَلِفُ,فعلل,0.697,39:46:17,خلف/فتعل@0.68 ; ختلف/فعلل@0.63 ; ختلف/فعلل@0.63
closed_class_surface,الذين,لِلَّذِينَ,للذين,الَذِينَ,closed_class,1.000,39:47:3,
no_root_found,N/A,الْأَرْضِ,الأرض,أَرْضِ,ارض,1.000,39:47:7,
low_confidence,حتسب,يَحْتَسِبُونَ,يحتسبون,حْتَسِبُ,فعلل,0.697,39:47:25,حسب/فتعل@0.68 ; حتسب/فعلل@0.63 ; حتسب/فعلل@0.63
closed_class_surface,الذين,الَّذِينَ,الذين,الَّذِينَ,closed_class,1.000,39:50:3,
closed_class_surface,الذين,وَالَّذِينَ,والذين,الَّذِينَ,closed_class,1.000,39:51:5,
closed_class_surface,ذلك,ذَلِكَ,ذلك,ذَلِكَ,closed_class,1.000,39:52:12,
closed_class_surface,الذين,الَّذِينَ,الذين,الَّذِينَ,closed_class,1.000,39:53:3,
closed_class_surface,الذين,الَّذِينَ,الذين,الَّذِينَ,closed_class,1.000,39:60:4,
no_root_found,N/A,جَهَنَّمَ,جهنم,جَهَنَّمَ,جهنم,1.000,39:60:12,
closed_class_surface,الذين,الَّذِينَ,الذين,الَّذِينَ,closed_class,1.000,39:61:3,
no_root_found,N/A,وَالْأَرْضِ,والأرض,أَرْضِ,ارض,1.000,39:63:4,
closed_class_surface,الذين,وَالَّذِينَ,والذين,الَّذِينَ,closed_class,1.000,39:63:5,
closed_class_surface,الذين,الَّذِينَ,الذين,الَّذِينَ,closed_class,1.000,39:65:5,
low_confidence,حبط,لَيَحْبَطَنَّ,ليحبطن,لَيَحْبَطَنَّ,يفعلن,0.638,39:65:10,حبط/يفعلن@0.64 ; حبط/يفعلن@0.64 ; حبط/يفعلن@0.64
low_confidence,كونن,وَلَتَكُونَنَّ,ولتكونن,لَتَكُونَنَّ,تفعلل,0.664,39:65:12,كين/تفعلن@0.65 ; كون/تفعلن@0.64 ; كونن/تفعلل@0.62
no_root_found,N/A,وَالْأَرْضُ,والأرض,أَرْضُ,ارض,1.000,39:67:6,
no_root_found,N/A,الْأَرْضِ,الأرض,أَرْضِ,ارض,1.000,39:68:10,
no_root_found,N/A,الْأَرْضُ,الأرض,أَرْضُ,ارض,1.000,39:69:2,
closed_class_surface,الذين,الَّذِينَ,الذين,الَّذِينَ,closed_class,1.000,39:71:2,
no_root_found,N/A,جَهَنَّمَ,جهنم,جَهَنَّمَ,جهنم,1.000,39:71:5,
closed_class_surface,هذا,هَذَا,هذا,هَذَا,closed_class,1.000,39:71:26,
no_root_found,N/A,جَهَنَّمَ,جهنم,جَهَنَّمَ,جهنم,1.000,39:72:4,
closed_class_surface,الذين,الَّذِينَ,الذين,الَّذِينَ,closed_class,1.000,39:73:2,
closed_class_surface,الذي,الَّذِي,الذي,الَّذِي,closed_class,1.000,39:74:4,
no_root_found,N/A,الْأَرْضَ,الأرض,أَرْضَ,ارض,1.000,39:74:8,
no_root_found,N/A,حم,حم,حم,حم,1.000,40:1:1,
closed_class_surface,الذين,الَّذِينَ,الذين,الَّذِينَ,closed_class,1.000,40:4:7,
no_root_found,N/A,تَقَلُّبُهُمْ,تقلبهم,قَلُّبُ,قلب,1.000,40:4:11,
no_root_found,N/A,نُوحٍ,نوح,نُوحٍ,نوح,1.000,40:5:4,
closed_class_surface,ذلك,وَكَذَلِكَ,وكذلك,ذَلِكَ,closed_class,1.000,40:6:1,
closed_class_surface,الذين,الَّذِينَ,الذين,الَّذِينَ,closed_class,1.000,40:6:6,
closed_class_surface,الذين,الَّذِينَ,الذين,الَّذِينَ,closed_class,1.000,40:7:1,
closed_class_surface,الذين,لِلَّذِينَ,للذين,الَذِينَ,closed_class,1.000,40:7:12,
closed_class_surface,الذين,لِلَّذِينَ,للذين,الَذِينَ,closed_class,1.000,40:7:21,
closed_class_surface,التي,الَّتِي,التي,الَّتِي,closed_class,1.000,40:8:5,
closed_class_surface,ذلك,وَذَلِكَ,وذلك,ذَلِكَ,closed_class,1.000,40:9:9,
closed_class_surface,الذين,الَّذِينَ,الذين,الَّذِينَ,closed_class,1.000,40:10:2,
closed_class_surface,الذي,الَّذِي,الذي,الَّذِي,closed_class,1.000,40:13:2,
no_root_found,N/A,الْمُلْكُ,الملك,مُلْكُ,ملك,1.000,40:16:11,
closed_class_surface,الذين,وَالَّذِينَ,والذين,الَّذِينَ,closed_class,1.000,40:20:4,
no_root_found,N/A,الْأَرْضِ,الأرض,أَرْضِ,ارض,1.000,40:21:4,
closed_class_surface,الذين,الَّذِينَ,الذين,الَّذِينَ,closed_class,1.000,40:21:9,
no_root_found,N/A,الْأَرْضِ,الأرض,أَرْضِ,ارض,1.000,40:21:20,
closed_class_surface,ذلك,ذَلِكَ,ذلك,ذَلِكَ,closed_class,1.000,40:22:1,
no_root_found,N/A,مُوسَى,موسى,مُوسَى,موسي,1.000,40:23:3,
no_root_found,N/A,فِرْعَوْنَ,فرعون,فِرْعَوْنَ,فرعون,1.000,40:24:2,
no_root_found,N/A,وَهَامَانَ,وهامان,هَامَانَ,هامان,1.000,40:24:3,
no_root_found,N/A,وَقَارُونَ,وقارون,قَارُونَ,قارون,1.000,40:24:4,
closed_class_surface,الذين,الَّذِينَ,الذين,الَّذِينَ,closed_class,1.000,40:25:9,
no_root_found,N/A,فِرْعَوْنُ,فرعون,فِرْعَوْنُ,فرعون,1.000,40:26:2,
no_root_found,N/A,مُوسَى,موسى,مُوسَى,موسي,1.000,40:26:5,
low_confidence,لدع,وَلْيَدْعُ,وليدع,وَلْيَدْعُ,فيعال,0.581,40:26:6,لدع/فيعال@0.58 ; ليدع/فعلال@0.58 ; ليدع/فعلال@0.58
no_root_found,N/A,الْأَرْضِ,الأرض,أَرْضِ,ارض,1.000,40:26:17,
no_root_found,N/A,مُوسَى,موسى,مُوسَى,موسي,1.000,40:27:2,
no_root_found,N/A,فِرْعَوْنَ,فرعون,فِرْعَوْنَ,فرعون,1.000,40:28:6,
closed_class_surface,الذي,الَّذِي,الذي,الَّذِي,closed_class,1.000,40:28:30,
no_root_found,N/A,الْمُلْكُ,الملك,مُلْكُ,ملك,1.000,40:29:3,
no_root_found,N/A,الْأَرْضِ,الأرض,أَرْضِ,ارض,1.000,40:29:7,
no_root_found,N/A,فِرْعَوْنُ,فرعون,فِرْعَوْنُ,فرعون,1.000,40:29:16,
closed_class_surface,الذي,الَّذِي,الذي,الَّذِي,closed_class,1.000,40:30:2,
no_root_found,N/A,نُوحٍ,نوح,نُوحٍ,نوح,1.000,40:31:4,
no_root_found,N/A,وَعَادٍ,وعاد,عَادٍ,عاد,1.000,40:31:5,
no_root_found,N/A,وَثَمُودَ,وثمود,ثَمُودَ,ثمود,1.000,40:31:6,
closed_class_surface,الذين,وَالَّذِينَ,والذين,الَّذِينَ,closed_class,1.000,40:31:7,
no_root_found,N/A,يُوسُفُ,يوسف,يُوسُفُ,يوسف,1.000,40:34:3,
closed_class_surface,ذلك,كَذَلِكَ,كذلك,ذَلِكَ,closed_class,1.000,40:34:24,
closed_class_surface,الذين,الَّذِينَ,الذين,الَّذِينَ,closed_class,1.000,40:35:1,
closed_class_surface,الذين,الَّذِينَ,الذين,الَّذِينَ,closed_class,1.000,40:35:14,
closed_class_surface,ذلك,كَذَلِكَ,كذلك,ذَلِكَ,closed_class,1.000,40:35:16,
no_root_found,N/A,قَلْبِ,قلب,قَلْبِ,قلب,1.000,40:35:21,
no_root_found,N/A,فِرْعَوْنُ,فرعون,فِرْعَوْنُ,فرعون,1.000,40:36:2,
no_root_found,N/A,يَاهَامَانُ,ياهامان,هَامَانُ,هامان,1.000,40:36:3,
no_root_found,N/A,مُوسَى,موسى,مُوسَى,موسي,1.000,40:37:6,
closed_class_surface,ذلك,وَكَذَلِكَ,وكذلك,ذَلِكَ,closed_class,1.000,40:37:10,
no_root_found,N/A,لِفِرْعَوْنَ,لفرعون,فِرْعَوْنَ,فرعون,1.000,40:37:12,
no_root_found,N/A,فِرْعَوْنَ,فرعون,فِرْعَوْنَ,فرعون,1.000,40:37:20,
closed_class_surface,الذي,الَّذِي,الذي,الَّذِي,closed_class,1.000,40:38:2,
closed_class_surface,هذه,هَذِهِ,هذه,هَذِهِ,closed_class,1.000,40:39:3,
no_root_found,N/A,صَالِحَاً,صالحا,صَالِحَ,صالح,1.000,40:40:10,
no_root_found,N/A,فِرْعَوْنَ,فرعون,فِرْعَوْنَ,فرعون,1.000,40:45:8,
no_root_found,N/A,فِرْعَوْنَ,فرعون,فِرْعَوْنَ,فرعون,1.000,40:46:11,
closed_class_surface,الذين,لِلَّذِينَ,للذين,الَذِينَ,closed_class,1.000,40:47:7,
no_root_found,N/A,تَبَعَاً,تبعا,تَبَعَ,تبع,1.000,40:47:12,
closed_class_surface,الذين,الَّذِينَ,الذين,الَّذِينَ,closed_class,1.000,40:48:2,
closed_class_surface,الذين,الَّذِينَ,الذين,الَّذِينَ,closed_class,1.000,40:49:2,
no_root_found,N/A,جَهَنَّمَ,جهنم,جَهَنَّمَ,جهنم,1.000,40:49:6,
closed_class_surface,الذين,وَالَّذِينَ,والذين,الَّذِينَ,closed_class,1.000,40:51:4,
no_root_found,N/A,مُوسَى,موسى,مُوسَى,موسي,1.000,40:53:3,
no_root_found,N/A,إِسْرَائِيلَ,إسرائيل,إِسْرَائِيلَ,اسراءيل,1.000,40:53:7,
closed_class_surface,الذين,الَّذِينَ,الذين,الَّذِينَ,closed_class,1.000,40:56:2,
low_confidence,سعذ,فَاسْتَعِذْ,فاستعذ,اسْتَعِذْ,افتعل,0.658,40:56:18,سعذ/افتعل@0.62 ; سعذ/افتعل@0.62 ; ستعذ/افعلل@0.62
no_root_found,N/A,وَالْأَرْضِ,والأرض,أَرْضِ,ارض,1.000,40:57:3,
closed_class_surface,الذين,وَالَّذِينَ,والذين,الَّذِينَ,closed_class,1.000,40:58:5,
no_root_found,N/A,الصَّالِحَاتِ,الصالحات,صَالِحَ,صالح,1.000,40:58:8,
low_confidence,ستجب,أَسْتَجِبْ,أستجب,أَسْتَجِبْ,فعلل,0.614,40:60:4,ستجب/فعلل@0.55 ; ستجب/فعلل@0.55 ; ستجب/فعلل@0.55
closed_class_surface,الذين,الَّذِينَ,الذين,الَّذِينَ,closed_class,1.000,40:60:7,
no_root_found,N/A,جَهَنَّمَ,جهنم,جَهَنَّمَ,جهنم,1.000,40:60:12,
closed_class_surface,الذي,الَّذِي,الذي,الَّذِي,closed_class,1.000,40:61:2,
closed_class_surface,ذلك,كَذَلِكَ,كذلك,ذَلِكَ,closed_class,1.000,40:63:1,
closed_class_surface,الذين,الَّذِينَ,الذين,الَّذِينَ,closed_class,1.000,40:63:3,
closed_class_surface,الذي,الَّذِي,الذي,الَّذِي,closed_class,1.000,40:64:2,
no_root_found,N/A,الْأَرْضَ,الأرض,أَرْضَ,ارض,1.000,40:64:5,
closed_class_surface,الذين,الَّذِينَ,الذين,الَّذِينَ,closed_class,1.000,40:66:6,
closed_class_surface,الذي,الَّذِي,الذي,الَّذِي,closed_class,1.000,40:67:2,
no_root_found,N/A,تُرَابٍ,تراب,تُرَابٍ,تراب,1.000,40:67:5,
no_root_found,N/A,عَلَقَةٍ,علقة,عَلَقَ,علق,1.000,40:67:11,
closed_class_surface,الذي,الَّذِي,الذي,الَّذِي,closed_class,1.000,40:68:2,
closed_class_surface,الذين,الَّذِينَ,الذين,الَّذِينَ,closed_class,1.000,40:69:4,
closed_class_surface,الذين,الَّذِينَ,الذين,الَّذِينَ,closed_class,1.000,40:70:1,
closed_class_surface,ذلك,كَذَلِكَ,كذلك,ذَلِكَ,closed_class,1.000,40:74:14,
no_root_found,N/A,الْأَرْضِ,الأرض,أَرْضِ,ارض,1.000,40:75:6,
no_root_found,N/A,جَهَنَّمَ,جهنم,جَهَنَّمَ,جهنم,1.000,40:76:3,
closed_class_surface,الذي,الَّذِي,الذي,الَّذِي,closed_class,1.000,40:77:9,
no_root_found,N/A,بِإِذْنِ,بإذن,إِذْنِ,اذن,1.000,40:78:22,
closed_class_surface,الذي,الَّذِي,الذي,الَّذِي,closed_class,1.000,40:79:2,
no_root_found,N/A,الْأَرْضِ,الأرض,أَرْضِ,ارض,1.000,40:82:4,
closed_class_surface,الذين,الَّذِينَ,الذين,الَّذِينَ,closed_class,1.000,40:82:9,
no_root_found,N/A,الْأَرْضِ,الأرض,أَرْضِ,ارض,1.000,40:82:19,
closed_class_surface,التي,الَّتِي,التي,الَّتِي,closed_class,1.000,40:85:10,
no_root_found,N/A,حم,حم,حم,حم,1.000,41:1:1,
closed_class_surface,الذين,الَّذِينَ,الذين,الَّذِينَ,closed_class,1.000,41:7:1,
closed_class_surface,الذين,الَّذِينَ,الذين,الَّذِينَ,closed_class,1.000,41:8:2,
no_root_found,N/A,الصَّالِحَاتِ,الصالحات,صَالِحَ,صالح,1.000,41:8:5,
closed_class_surface,الذي,بِالَّذِي,بالذي,الَّذِي,closed_class,1.000,41:9:4,
no_root_found,N/A,الْأَرْضَ,الأرض,أَرْضَ,ارض,1.000,41:9:6,
closed_class_surface,ذلك,ذَلِكَ,ذلك,ذَلِكَ,closed_class,1.000,41:9:12,
no_root_found,N/A,وَلِلْأَرْضِ,وللأرض,أَرْضِ,ارض,1.000,41:11:9,
closed_class_surface,ذلك,ذَلِكَ,ذلك,ذَلِكَ,closed_class,1.000,41:12:16,
no_root_found,N/A,عَادٍ,عاد,عَادٍ,عاد,1.000,41:13:8,
no_root_found,N/A,وَثَمُودَ,وثمود,ثَمُودَ,ثمود,1.000,41:13:9,
no_root_found,N/A,عَادٌ,عاد,عَادٌ,عاد,1.000,41:15:2,
no_root_found,N/A,الْأَرْضِ,الأرض,أَرْضِ,ارض,1.000,41:15:5,
closed_class_surface,الذي,الَّذِي,الذي,الَّذِي,closed_class,1.000,41:15:17,
no_root_found,N/A,ثَمُودُ,ثمود,ثَمُودُ,ثمود,1.000,41:17:2,
closed_class_surface,الذين,الَّذِينَ,الذين,الَّذِينَ,closed_class,1.000,41:18:2,
closed_class_surface,الذي,الَّذِي,الذي,الَّذِي,closed_class,1.000,41:21:9,
closed_class_surface,الذي,الَّذِي,الذي,الَّذِي,closed_class,1.000,41:23:3,
closed_class_surface,الذين,الَّذِينَ,الذين,الَّذِينَ,closed_class,1.000,41:26:2,
closed_class_surface,هذا,لِهَذَا,لهذا,هَذَا,closed_class,1.000,41:26:6,
low_confidence,ذوق,فَلَنُذِيقَنَّ,فلنذيقن,لَنُذِيقَنَّ,نفعلن,0.565,41:27:1,ذيق/نفعلن@0.48
closed_class_surface,الذين,الَّذِينَ,الذين,الَّذِينَ,closed_class,1.000,41:27:2,
closed_class_surface,الذي,الَّذِي,الذي,الَّذِي,closed_class,1.000,41:27:8,
closed_class_surface,ذلك,ذَلِكَ,ذلك,ذَلِكَ,closed_class,1.000,41:28:1,
closed_class_surface,الذين,الَّذِينَ,الذين,الَّذِينَ,closed_class,1.000,41:29:2,
closed_class_surface,الذين,الَّذِينَ,الذين,الَّذِينَ,closed_class,1.000,41:30:2,
closed_class_surface,التي,الَّتِي,التي,الَّتِي,closed_class,1.000,41:30:17,
no_root_found,N/A,صَالِحَاً,صالحا,صَالِحَ,صالح,1.000,41:33:9,
closed_class_surface,التي,بِالَّتِي,بالتي,الَّتِي,closed_class,1.000,41:34:7,
closed_class_surface,الذي,الَّذِي,الذي,الَّذِي,closed_class,1.000,41:34:11,
closed_class_surface,الذين,الَّذِينَ,الذين,الَّذِينَ,closed_class,1.000,41:35:4,
low_confidence,سعذ,فَاسْتَعِذْ,فاستعذ,اسْتَعِذْ,افتعل,0.658,41:36:6,سعذ/افتعل@0.62 ; سعذ/افتعل@0.62 ; ستعذ/افعلل@0.62
closed_class_surface,الذي,الَّذِي,الذي,الَّذِي,closed_class,1.000,41:37:14,
closed_class_surface,الذين,فَالَّذِينَ,فالذين,الَّذِينَ,closed_class,1.000,41:38:3,
no_root_found,N/A,الْأَرْضَ,الأرض,أَرْضَ,ارض,1.000,41:39:5,
closed_class_surface,الذي,الَّذِي,الذي,الَّذِي,closed_class,1.000,41:39:14,
closed_class_surface,الذين,الَّذِينَ,الذين,الَّذِينَ,closed_class,1.000,41:40:2,
closed_class_surface,الذين,الَّذِينَ,الذين,الَّذِينَ,closed_class,1.000,41:41:2,
closed_class_surface,الذين,لِلَّذِينَ,للذين,الَذِينَ,closed_class,1.000,41:44:13,
closed_class_surface,الذين,وَالَّذِينَ,والذين,الَّذِينَ,closed_class,1.000,41:44:17,
no_root_found,N/A,مُوسَى,موسى,مُوسَى,موسي,1.000,41:45:3,
no_root_found,N/A,صَالِحَاً,صالحا,صَالِحَ,صالح,1.000,41:46:3,
low_confidence,قيل,لَيَقُولَنَّ,ليقولن,لَيَقُولَنَّ,يفعلن,0.654,41:50:9,قول/يفعلن@0.64 ; قلو/يفعلن@0.61 ; قيل/يفعلن@0.61
closed_class_surface,هذا,هَذَا,هذا,هَذَا,closed_class,1.000,41:50:10,
low_confidence,نبء,فَلَنُنَبِّئَنَّ,فلننبئن,لَنُنَبِّئَنَّ,ففعلن,0.594,41:50:24,نبء/ففعلن@0.55 ; نبء/ففعلن@0.55 ; نبء/نفعلن@0.55
closed_class_surface,الذين,الَّذِينَ,الذين,الَّذِينَ,closed_class,1.000,41:50:25,
low_confidence,ذوق,وَلَنُذِيقَنَّهُمْ,ولنذيقنهم,لَنُذِيقَنَّ,نفعلن,0.565,41:50:29,ذيق/نفعلن@0.48
no_root_found,N/A,حم,حم,حم,حم,1.000,42:1:1,
no_root_found,N/A,عسق,عسق,عسق,عسق,1.000,42:2:1,
closed_class_surface,ذلك,كَذَلِكَ,كذلك,ذَلِكَ,closed_class,1.000,42:3:1,
closed_class_surface,الذين,الَّذِينَ,الذين,الَّذِينَ,closed_class,1.000,42:3:5,
no_root_found,N/A,الْأَرْضِ,الأرض,أَرْضِ,ارض,1.000,42:4:7,
no_root_found,N/A,الْأَرْضِ,الأرض,أَرْضِ,ارض,1.000,42:5:13,
closed_class_surface,الذين,وَالَّذِينَ,والذين,الَّذِينَ,closed_class,1.000,42:6:1,
closed_class_surface,ذلك,وَكَذَلِكَ,وكذلك,ذَلِكَ,closed_class,1.000,42:7:1,
no_root_found,N/A,وَالْأَرْضِ,والأرض,أَرْضِ,ارض,1.000,42:11:3,
no_root_found,N/A,وَالْأَرْضِ,والأرض,أَرْضِ,ارض,1.000,42:12:4,
no_root_found,N/A,نُوحَاً,نوحا,نُوحَ,نوح,1.000,42:13:8,
closed_class_surface,الذي,وَالَّذِي,والذي,الَّذِي,closed_class,1.000,42:13:9,
no_root_found,N/A,إِبْرَاهِيمَ,إبراهيم,إِبْرَاهِيمَ,ابراهيم,1.000,42:13:15,
no_root_found,N/A,وَمُوسَى,وموسى,مُوسَى,موسي,1.000,42:13:16,
no_root_found,N/A,وَعِيسَى,وعيسى,عِيسَى,عيسي,1.000,42:13:17,
closed_class_surface,الذين,الَّذِينَ,الذين,الَّذِينَ,closed_class,1.000,42:14:22,
closed_class_surface,ذلك,فَلِذَلِكَ,فلذلك,ذَلِكَ,closed_class,1.000,42:15:1,
no_root_found,N/A,حُجَّةَ,حجة,حُجَّ,حج,1.000,42:15:27,
closed_class_surface,الذين,وَالَّذِينَ,والذين,الَّذِينَ,closed_class,1.000,42:16:1,
closed_class_surface,الذي,الَّذِي,الذي,الَّذِي,closed_class,1.000,42:17:2,
closed_class_surface,الذين,الَّذِينَ,الذين,الَّذِينَ,closed_class,1.000,42:18:3,
closed_class_surface,الذين,وَالَّذِينَ,والذين,الَّذِينَ,closed_class,1.000,42:18:7,
closed_class_surface,الذين,الَّذِينَ,الذين,الَّذِينَ,closed_class,1.000,42:18:16,
no_root_found,N/A,يَأْذَنْ,يأذن,أْذَنْ,اذن,1.000,42:21:10,
closed_class_surface,الذين,وَالَّذِينَ,والذين,الَّذِينَ,closed_class,1.000,42:22:9,
no_root_found,N/A,الصَّالِحَاتِ,الصالحات,صَالِحَ,صالح,1.000,42:22:12,
closed_class_surface,ذلك,ذَلِكَ,ذلك,ذَلِكَ,closed_class,1.000,42:22:21,
closed_class_surface,ذلك,ذَلِكَ,ذلك,ذَلِكَ,closed_class,1.000,42:23:1,
closed_class_surface,الذي,الَّذِي,الذي,الَّذِي,closed_class,1.000,42:23:2,
closed_class_surface,الذين,الَّذِينَ,الذين,الَّذِينَ,closed_class,1.000,42:23:6,
no_root_found,N/A,الصَّالِحَاتِ,الصالحات,صَالِحَ,صالح,1.000,42:23:9,
low_confidence,قترف,يَقْتَرِفْ,يقترف,قْتَرِفْ,فعلل,0.697,42:23:20,قرف/فتعل@0.68 ; قترف/فعلل@0.63 ; قترف/فعلل@0.63
no_root_found,N/A,قَلْبِكَ,قلبك,قَلْبِ,قلب,1.000,42:24:12,
closed_class_surface,الذي,الَّذِي,الذي,الَّذِي,closed_class,1.000,42:25:2,
closed_class_surface,الذين,الَّذِينَ,الذين,الَّذِينَ,closed_class,1.000,42:26:2,
no_root_found,N/A,الصَّالِحَاتِ,الصالحات,صَالِحَ,صالح,1.000,42:26:5,
no_root_found,N/A,الْأَرْضِ,الأرض,أَرْضِ,ارض,1.000,42:27:8,
closed_class_surface,الذي,الَّذِي,الذي,الَّذِي,closed_class,1.000,42:28:2,
no_root_found,N/A,وَالْأَرْضِ,والأرض,أَرْضِ,ارض,1.000,42:29:5,
no_root_found,N/A,الْأَرْضِ,الأرض,أَرْضِ,ارض,1.000,42:31:5,
low_confidence,ظلل,فَيَظْلَلْنَ,فيظللن,ظْلَلْنَ,فعلن,0.684,42:33:5,ظلل/فعلن@0.68 ; ظللن/فعلل@0.63 ; ظللن/فعلل@0.63
closed_class_surface,ذلك,ذَلِكَ,ذلك,ذَلِكَ,closed_class,1.000,42:33:11,
closed_class_surface,الذين,الَّذِينَ,الذين,الَّذِينَ,closed_class,1.000,42:35:2,
closed_class_surface,الذين,لِلَّذِينَ,للذين,الَذِينَ,closed_class,1.000,42:36:13,
closed_class_surface,الذين,وَالَّذِينَ,والذين,الَّذِينَ,closed_class,1.000,42:37:1,
low_confidence,جتنب,يَجْتَنِبُونَ,يجتنبون,جْتَنِبُ,فعلل,0.697,42:37:2,جنب/فتعل@0.68 ; جتنب/فعلل@0.63 ; جتنب/فعلل@0.63
closed_class_surface,الذين,وَالَّذِينَ,والذين,الَّذِينَ,closed_class,1.000,42:38:1,
closed_class_surface,الذين,وَالَّذِينَ,والذين,الَّذِينَ,closed_class,1.000,42:39:1,
closed_class_surface,الذين,الَّذِينَ,الذين,الَّذِينَ,closed_class,1.000,42:42:4,
no_root_found,N/A,الْأَرْضِ,الأرض,أَرْضِ,ارض,1.000,42:42:9,
closed_class_surface,ذلك,ذَلِكَ,ذلك,ذَلِكَ,closed_class,1.000,42:43:5,
closed_class_surface,الذين,الَّذِينَ,الذين,الَّذِينَ,closed_class,1.000,42:45:12,
closed_class_surface,الذين,الَّذِينَ,الذين,الَّذِينَ,closed_class,1.000,42:45:16,
no_root_found,N/A,مُلْكُ,ملك,مُلْكُ,ملك,1.000,42:49:2,
no_root_found,N/A,وَالْأَرْضِ,والأرض,أَرْضِ,ارض,1.000,42:49:4,
no_root_found,N/A,بِإِذْنِهِ,بإذنه,إِذْنِ,اذن,1.000,42:51:17,
closed_class_surface,ذلك,وَكَذَلِكَ,وكذلك,ذَلِكَ,closed_class,1.000,42:52:1,
closed_class_surface,الذي,الَّذِي,الذي,الَّذِي,closed_class,1.000,42:53:3,
no_root_found,N/A,الْأَرْضِ,الأرض,أَرْضِ,ارض,1.000,42:53:10,
no_root_found,N/A,حم,حم,حم,حم,1.000,43:1:1,
no_root_found,N/A,وَالْأَرْضَ,والأرض,أَرْضَ,ارض,1.000,43:9:6,
low_confidence,قيل,لَيَقُولُنَّ,ليقولن,لَيَقُولُنَّ,يفعلن,0.654,43:9:7,قول/يفعلن@0.64 ; قلو/يفعلن@0.61 ; قيل/يفعلن@0.61
closed_class_surface,الذي,الَّذِي,الذي,الَّذِي,closed_class,1.000,43:10:1,
no_root_found,N/A,الْأَرْضَ,الأرض,أَرْضَ,ارض,1.000,43:10:4,
closed_class_surface,الذي,وَالَّذِي,والذي,الَّذِي,closed_class,1.000,43:11:1,
closed_class_surface,ذلك,كَذَلِكَ,كذلك,ذَلِكَ,closed_class,1.000,43:11:11,
closed_class_surface,الذي,وَالَّذِي,والذي,الَّذِي,closed_class,1.000,43:12:1,
closed_class_surface,الذي,الَّذِي,الذي,الَّذِي,closed_class,1.000,43:13:13,
closed_class_surface,هذا,هَذَا,هذا,هَذَا,closed_class,1.000,43:13:16,
closed_class_surface,الذين,الَّذِينَ,الذين,الَّذِينَ,closed_class,1.000,43:19:3,
closed_class_surface,ذلك,بِذَلِكَ,بذلك,ذَلِكَ,closed_class,1.000,43:20:9,
closed_class_surface,ذلك,وَكَذَلِكَ,وكذلك,ذَلِكَ,closed_class,1.000,43:23:1,
no_root_found,N/A,إِبْرَاهِيمُ,إبراهيم,إِبْرَاهِيمُ,ابراهيم,1.000,43:26:3,
closed_class_surface,الذي,الَّذِي,الذي,الَّذِي,closed_class,1.000,43:27:2,
closed_class_surface,هذا,هَذَا,هذا,هَذَا,closed_class,1.000,43:30:5,
closed_class_surface,هذا,هَذَا,هذا,هَذَا,closed_class,1.000,43:31:4,
closed_class_surface,ذلك,ذَلِكَ,ذلك,ذَلِكَ,closed_class,1.000,43:35:4,
low_confidence,ذهبن,نَذْهَبَنَّ,نذهبن,ذْهَبَنَّ,فعلل,0.697,43:41:2,ذهب/فعلن@0.68 ; ذهب/فعلن@0.68 ; ذهبن/فعلل@0.63
closed_class_surface,الذي,الَّذِي,الذي,الَّذِي,closed_class,1.000,43:42:3,
low_confidence,سمس,فَاسْتَمْسِكْ,فاستمسك,اسْتَمْسِ,افتعل,0.616,43:43:1,سمس/افتعل@0.62 ; ستمس/افعلل@0.62 ; سمس/افتعل@0.57
closed_class_surface,الذي,بِالَّذِي,بالذي,الَّذِي,closed_class,1.000,43:43:2,
no_root_found,N/A,مُوسَى,موسى,مُوسَى,موسي,1.000,43:46:3,
no_root_found,N/A,فِرْعَوْنَ,فرعون,فِرْعَوْنَ,فرعون,1.000,43:46:6,
no_root_found,N/A,فِرْعَوْنُ,فرعون,فِرْعَوْنُ,فرعون,1.000,43:51:2,
no_root_found,N/A,مُلْكُ,ملك,مُلْكُ,ملك,1.000,43:51:9,
no_root_found,N/A,مِصْرَ,مصر,مِصْرَ,مصر,1.000,43:51:10,
closed_class_surface,هذه,وَهَذِهِ,وهذه,هَذِهِ,closed_class,1.000,43:51:11,
closed_class_surface,هذا,هَذَا,هذا,هَذَا,closed_class,1.000,43:52:5,
closed_class_surface,الذي,الَّذِي,الذي,الَّذِي,closed_class,1.000,43:52:6,
no_root_found,N/A,ذَهَبٍ,ذهب,ذَهَبٍ,ذهب,1.000,43:53:6,
no_root_found,N/A,مَرْيَمَ,مريم,مَرْيَمَ,مريم,1.000,43:57:4,
no_root_found,N/A,إِسْرَائِيلَ,إسرائيل,إِسْرَائِيلَ,اسراءيل,1.000,43:59:10,
no_root_found,N/A,الْأَرْضِ,الأرض,أَرْضِ,ارض,1.000,43:60:7,
closed_class_surface,هذا,هَذَا,هذا,هَذَا,closed_class,1.000,43:61:8,
no_root_found,N/A,عِيسَى,عيسى,عِيسَى,عيسي,1.000,43:63:3,
closed_class_surface,الذي,الَّذِي,الذي,الَّذِي,closed_class,1.000,43:63:12,
low_confidence,ختلف,تَخْتَلِفُونَ,تختلفون,خْتَلِفُ,فعلل,0.697,43:63:13,خلف/فتعل@0.68 ; ختلف/فعلل@0.63 ; ختلف/فعلل@0.63
closed_class_surface,هذا,هَذَا,هذا,هَذَا,closed_class,1.000,43:64:7,
closed_class_surface,الذين,لِلَّذِينَ,للذين,الَذِينَ,closed_class,1.000,43:65:6,
closed_class_surface,الذين,الَّذِينَ,الذين,الَّذِينَ,closed_class,1.000,43:69:1,
no_root_found,N/A,ذَهَبٍ,ذهب,ذَهَبٍ,ذهب,1.000,43:71:5,
closed_class_surface,تلك,وَتِلْكَ,وتلك,تِلْكَ,closed_class,1.000,43:72:1,
closed_class_surface,التي,الَّتِي,التي,الَّتِي,closed_class,1.000,43:72:3,
no_root_found,N/A,جَهَنَّمَ,جهنم,جَهَنَّمَ,جهنم,1.000,43:74:5,
no_root_found,N/A,يَامَالِكُ,يامالك,مَالِكُ,مالك,1.000,43:77:2,
no_root_found,N/A,وَالْأَرْضِ,والأرض,أَرْضِ,ارض,1.000,43:82:4,
closed_class_surface,الذي,الَّذِي,الذي,الَّذِي,closed_class,1.000,43:83:7,
closed_class_surface,الذي,الَّذِي,الذي,الَّذِي,closed_class,1.000,43:84:2,
no_root_found,N/A,الْأَرْضِ,الأرض,أَرْضِ,ارض,1.000,43:84:7,
closed_class_surface,الذي,الَّذِي,الذي,الَّذِي,closed_class,1.000,43:85:2,
no_root_found,N/A,مُلْكُ,ملك,مُلْكُ,ملك,1.000,43:85:4,
no_root_found,N/A,وَالْأَرْضِ,والأرض,أَرْضِ,ارض,1.000,43:85:6,
no_root_found,N/A,يَمْلِكُ,يملك,مْلِكُ,ملك,1.000,43:86:2,
closed_class_surface,الذين,الَّذِينَ,الذين,الَّذِينَ,closed_class,1.000,43:86:3,
low_confidence,قيل,لَيَقُولُنَّ,ليقولن,لَيَقُولُنَّ,يفعلن,0.654,43:87:5,قول/يفعلن@0.64 ; قلو/يفعلن@0.61 ; قيل/يفعلن@0.61
no_root_found,N/A,حم,حم,حم,حم,1.000,44:1:1,
no_root_found,N/A,وَالْأَرْضِ,والأرض,أَرْضِ,ارض,1.000,44:7:3,
closed_class_surface,هذا,هَذَا,هذا,هَذَا,closed_class,1.000,44:11:3,
no_root_found,N/A,فِرْعَوْنَ,فرعون,فِرْعَوْنَ,فرعون,1.000,44:17:5,
closed_class_surface,ذلك,كَذَلِكَ,كذلك,ذَلِكَ,closed_class,1.000,44:28:1,
no_root_found,N/A,وَالْأَرْضُ,والأرض,أَرْضُ,ارض,1.000,44:29:5,
no_root_found,N/A,إِسْرَائِيلَ,إسرائيل,إِسْرَائِيلَ,اسراءيل,1.000,44:30:4,
no_root_found,N/A,فِرْعَوْنَ,فرعون,فِرْعَوْنَ,فرعون,1.000,44:31:2,
no_root_found,N/A,تُبَّعٍ,تبع,تُبَّعٍ,تبع,1.000,44:37:5,
closed_class_surface,الذين,وَالَّذِينَ,والذين,الَّذِينَ,closed_class,1.000,44:37:6,
no_root_found,N/A,وَالْأَرْضَ,والأرض,أَرْضَ,ارض,1.000,44:38:4,
no_root_found,N/A,الزَّقُّومِ,الزقوم,زَقُّومِ,زقوم,1.000,44:43:3,
closed_class_surface,هذا,هَذَا,هذا,هَذَا,closed_class,1.000,44:50:2,
closed_class_surface,ذلك,كَذَلِكَ,كذلك,ذَلِكَ,closed_class,1.000,44:54:1,
no_root_found,N/A,عِينٍ,عين,عِينٍ,عين,1.000,44:54:4,
closed_class_surface,ذلك,ذَلِكَ,ذلك,ذَلِكَ,closed_class,1.000,44:57:4,
no_root_found,N/A,بِلِسَانِكَ,بلسانك,لِسَانِ,لسان,1.000,44:58:3,
no_root_found,N/A,حم,حم,حم,حم,1.000,45:1:1,
no_root_found,N/A,وَالْأَرْضِ,والأرض,أَرْضِ,ارض,1.000,45:3:4,
no_root_found,N/A,الْأَرْضَ,الأرض,أَرْضَ,ارض,1.000,45:5:13,
closed_class_surface,تلك,تِلْكَ,تلك,تِلْكَ,closed_class,1.000,45:6:1,
no_root_found,N/A,جَهَنَّمُ,جهنم,جَهَنَّمُ,جهنم,1.000,45:10:3,
closed_class_surface,هذا,هَذَا,هذا,هَذَا,closed_class,1.000,45:11:1,
closed_class_surface,الذين,وَالَّذِينَ,والذين,الَّذِينَ,closed_class,1.000,45:11:3,
closed_class_surface,الذي,الَّذِي,الذي,الَّذِي,closed_class,1.000,45:12:2,
no_root_found,N/A,الْأَرْضِ,الأرض,أَرْضِ,ارض,1.000,45:13:8,
closed_class_surface,ذلك,ذَلِكَ,ذلك,ذَلِكَ,closed_class,1.000,45:13:13,
closed_class_surface,الذين,لِلَّذِينَ,للذين,الَذِينَ,closed_class,1.000,45:14:2,
closed_class_surface,الذين,لِلَّذِينَ,للذين,الَذِينَ,closed_class,1.000,45:14:5,
no_root_found,N/A,صَالِحَاً,صالحا,صَالِحَ,صالح,1.000,45:15:3,
no_root_found,N/A,إِسْرَائِيلَ,إسرائيل,إِسْرَائِيلَ,اسراءيل,1.000,45:16:4,
low_confidence,ختلف,يَخْتَلِفُونَ,يختلفون,خْتَلِفُ,فعلل,0.697,45:17:24,خلف/فتعل@0.68 ; ختلف/فعلل@0.63 ; ختلف/فعلل@0.63
closed_class_surface,الذين,الَّذِينَ,الذين,الَّذِينَ,closed_class,1.000,45:18:11,
closed_class_surface,هذا,هَذَا,هذا,هَذَا,closed_class,1.000,45:20:1,
closed_class_surface,الذين,الَّذِينَ,الذين,الَّذِينَ,closed_class,1.000,45:21:3,
closed_class_surface,الذين,كَالَّذِينَ,كالذين,الَّذِينَ,closed_class,1.000,45:21:8,
no_root_found,N/A,الصَّالِحَاتِ,الصالحات,صَالِحَ,صالح,1.000,45:21:11,
no_root_found,N/A,وَالْأَرْضَ,والأرض,أَرْضَ,ارض,1.000,45:22:4,
no_root_found,N/A,وَقَلْبِهِ,وقلبه,قَلْبِ,قلب,1.000,45:23:13,
closed_class_surface,ذلك,بِذَلِكَ,بذلك,ذَلِكَ,closed_class,1.000,45:24:15,
no_root_found,N/A,مُلْكُ,ملك,مُلْكُ,ملك,1.000,45:27:2,
no_root_found,N/A,وَالْأَرْضِ,والأرض,أَرْضِ,ارض,1.000,45:27:4,
closed_class_surface,هذا,هَذَا,هذا,هَذَا,closed_class,1.000,45:29:1,
closed_class_surface,الذين,الَّذِينَ,الذين,الَّذِينَ,closed_class,1.000,45:30:2,
no_root_found,N/A,الصَّالِحَاتِ,الصالحات,صَالِحَ,صالح,1.000,45:30:5,
closed_class_surface,ذلك,ذَلِكَ,ذلك,ذَلِكَ,closed_class,1.000,45:30:10,
closed_class_surface,الذين,الَّذِينَ,الذين,الَّذِينَ,closed_class,1.000,45:31:2,
closed_class_surface,هذا,هَذَا,هذا,هَذَا,closed_class,1.000,45:34:8,
no_root_found,N/A,الْأَرْضِ,الأرض,أَرْضِ,ارض,1.000,45:36:6,
no_root_found,N/A,وَالْأَرْضِ,والأرض,أَرْضِ,ارض,1.000,45:37:5,
no_root_found,N/A,حم,حم,حم,حم,1.000,46:1:1,
no_root_found,N/A,وَالْأَرْضَ,والأرض,أَرْضَ,ارض,1.000,46:3:4,
closed_class_surface,الذين,وَالَّذِينَ,والذين,الَّذِينَ,closed_class,1.000,46:3:11,
no_root_found,N/A,الْأَرْضِ,الأرض,أَرْضِ,ارض,1.000,46:4:12,
closed_class_surface,هذا,هَذَا,هذا,هَذَا,closed_class,1.000,46:4:22,
closed_class_surface,الذين,الَّذِينَ,الذين,الَّذِينَ,closed_class,1.000,46:7:7,
closed_class_surface,هذا,هَذَا,هذا,هَذَا,closed_class,1.000,46:7:12,
no_root_found,N/A,تَمْلِكُونَ,تملكون,مْلِكُ,ملك,1.000,46:8:8,
no_root_found,N/A,إِسْرَائِيلَ,إسرائيل,إِسْرَائِيلَ,اسراءيل,1.000,46:10:14,
closed_class_surface,الذين,الَّذِينَ,الذين,الَّذِينَ,closed_class,1.000,46:11:2,
closed_class_surface,الذين,لِلَّذِينَ,للذين,الَذِينَ,closed_class,1.000,46:11:4,
closed_class_surface,هذا,هَذَا,هذا,هَذَا,closed_class,1.000,46:11:17,
no_root_found,N/A,مُوسَى,موسى,مُوسَى,موسي,1.000,46:12:4,
closed_class_surface,هذا,وَهَذَا,وهذا,هَذَا,closed_class,1.000,46:12:7,
closed_class_surface,الذين,الَّذِينَ,الذين,الَّذِينَ,closed_class,1.000,46:12:13,
closed_class_surface,الذين,الَّذِينَ,الذين,الَّذِينَ,closed_class,1.000,46:13:2,
closed_class_surface,التي,الَّتِي,التي,الَّتِي,closed_class,1.000,46:15:27,
no_root_found,N/A,صَالِحَاً,صالحا,صَالِحَ,صالح,1.000,46:15:34,
closed_class_surface,الذين,الَّذِينَ,الذين,الَّذِينَ,closed_class,1.000,46:16:2,
closed_class_surface,الذي,الَّذِي,الذي,الَّذِي,closed_class,1.000,46:16:16,
closed_class_surface,الذي,وَالَّذِي,والذي,الَّذِي,closed_class,1.000,46:17:1,
closed_class_surface,هذا,هَذَا,هذا,هَذَا,closed_class,1.000,46:17:25,
closed_class_surface,الذين,الَّذِينَ,الذين,الَّذِينَ,closed_class,1.000,46:18:2,
closed_class_surface,الذين,الَّذِينَ,الذين,الَّذِينَ,closed_class,1.000,46:20:3,
no_root_found,N/A,الْأَرْضِ,الأرض,أَرْضِ,ارض,1.000,46:20:22,
no_root_found,N/A,عَادٍ,عاد,عَادٍ,عاد,1.000,46:21:3,
closed_class_surface,هذا,هَذَا,هذا,هَذَا,closed_class,1.000,46:24:7,
closed_class_surface,ذلك,كَذَلِكَ,كذلك,ذَلِكَ,closed_class,1.000,46:25:11,
closed_class_surface,الذين,الَّذِينَ,الذين,الَّذِينَ,closed_class,1.000,46:28:3,
closed_class_surface,ذلك,وَذَلِكَ,وذلك,ذَلِكَ,closed_class,1.000,46:28:13,
no_root_found,N/A,مُوسَى,موسى,مُوسَى,موسي,1.000,46:30:9,
no_root_found,N/A,الْأَرْضِ,الأرض,أَرْضِ,ارض,1.000,46:32:9,
closed_class_surface,الذي,الَّذِي,الذي,الَّذِي,closed_class,1.000,46:33:5,
no_root_found,N/A,وَالْأَرْضَ,والأرض,أَرْضَ,ارض,1.000,46:33:8,
closed_class_surface,الذين,الَّذِينَ,الذين,الَّذِينَ,closed_class,1.000,46:34:3,
closed_class_surface,هذا,هَذَا,هذا,هَذَا,closed_class,1.000,46:34:8,
closed_class_surface,الذين,الَّذِينَ,الذين,الَّذِينَ,closed_class,1.000,47:1:1,
closed_class_surface,الذين,وَالَّذِينَ,والذين,الَّذِينَ,closed_class,1.000,47:2:1,
no_root_found,N/A,الصَّالِحَاتِ,الصالحات,صَالِحَ,صالح,1.000,47:2:4,
no_root_found,N/A,مُحَمَّدٍ,محمد,مُحَمَّدٍ,محمد,1.000,47:2:9,
closed_class_surface,ذلك,ذَلِكَ,ذلك,ذَلِكَ,closed_class,1.000,47:3:1,
closed_class_surface,الذين,الَّذِينَ,الذين,الَّذِينَ,closed_class,1.000,47:3:3,
closed_class_surface,الذين,الَّذِينَ,الذين,الَّذِينَ,closed_class,1.000,47:3:8,
closed_class_surface,ذلك,كَذَلِكَ,كذلك,ذَلِكَ,closed_class,1.000,47:3:14,
closed_class_surface,الذين,الَّذِينَ,الذين,الَّذِينَ,closed_class,1.000,47:4:3,
closed_class_surface,ذلك,ذَلِكَ,ذلك,ذَلِكَ,closed_class,1.000,47:4:21,
low_confidence,نصر,لَانْتَصَرَ,لانتصر,لَانْتَصَرَ,افتعل,0.681,47:4:25,نصر/افتعل@0.64 ; نصر/افتعل@0.64 ; نصر/افتعل@0.59
closed_class_surface,الذين,وَالَّذِينَ,والذين,الَّذِينَ,closed_class,1.000,47:4:31,
closed_class_surface,الذين,الَّذِينَ,الذين,الَّذِينَ,closed_class,1.000,47:7:2,
closed_class_surface,الذين,وَالَّذِينَ,والذين,الَّذِينَ,closed_class,1.000,47:8:1,
closed_class_surface,ذلك,ذَلِكَ,ذلك,ذَلِكَ,closed_class,1.000,47:9:1,
no_root_found,N/A,الْأَرْضِ,الأرض,أَرْضِ,ارض,1.000,47:10:4,
closed_class_surface,الذين,الَّذِينَ,الذين,الَّذِينَ,closed_class,1.000,47:10:9,
closed_class_surface,ذلك,ذَلِكَ,ذلك,ذَلِكَ,closed_class,1.000,47:11:1,
closed_class_surface,الذين,الَّذِينَ,الذين,الَّذِينَ,closed_class,1.000,47:11:5,
closed_class_surface,الذين,الَّذِينَ,الذين,الَّذِينَ,closed_class,1.000,47:12:4,
no_root_found,N/A,الصَّالِحَاتِ,الصالحات,صَالِحَ,صالح,1.000,47:12:7,
closed_class_surface,الذين,وَالَّذِينَ,والذين,الَّذِينَ,closed_class,1.000,47:12:13,
closed_class_surface,التي,الَّتِي,التي,الَّتِي,closed_class,1.000,47:13:9,
closed_class_surface,التي,الَّتِي,التي,الَّتِي,closed_class,1.000,47:15:3,
no_root_found,N/A,خَمْرٍ,خمر,خَمْرٍ,خمر,1.000,47:15:20,
no_root_found,N/A,عَسَلٍ,عسل,عَسَلٍ,عسل,1.000,47:15:25,
closed_class_surface,الذين,لِلَّذِينَ,للذين,الَذِينَ,closed_class,1.000,47:16:11,
closed_class_surface,الذين,الَّذِينَ,الذين,الَّذِينَ,closed_class,1.000,47:16:18,
closed_class_surface,الذين,وَالَّذِينَ,والذين,الَّذِينَ,closed_class,1.000,47:17:1,
closed_class_surface,الذين,الَّذِينَ,الذين,الَّذِينَ,closed_class,1.000,47:20:2,
closed_class_surface,الذين,الَّذِينَ,الذين,الَّذِينَ,closed_class,1.000,47:20:15,
no_root_found,N/A,الْأَرْضِ,الأرض,أَرْضِ,ارض,1.000,47:22:8,
closed_class_surface,الذين,الَّذِينَ,الذين,الَّذِينَ,closed_class,1.000,47:23:2,
closed_class_surface,الذين,الَّذِينَ,الذين,الَّذِينَ,closed_class,1.000,47:25:2,
closed_class_surface,ذلك,ذَلِكَ,ذلك,ذَلِكَ,closed_class,1.000,47:26:1,
closed_class_surface,الذين,لِلَّذِينَ,للذين,الَذِينَ,closed_class,1.000,47:26:4,
closed_class_surface,ذلك,ذَلِكَ,ذلك,ذَلِكَ,closed_class,1.000,47:28:1,
closed_class_surface,الذين,الَّذِينَ,الذين,الَّذِينَ,closed_class,1.000,47:29:3,
low_confidence,عرفن,وَلَتَعْرِفَنَّهُمْ,ولتعرفنهم,لَتَعْرِفَنَّ,تفعلل,0.664,47:30:6,عرفن/تفعلل@0.66 ; عرف/تفعلن@0.64 ; عرف/تفعلن@0.64
closed_class_surface,الذين,الَّذِينَ,الذين,الَّذِينَ,closed_class,1.000,47:32:2,
closed_class_surface,الذين,الَّذِينَ,الذين,الَّذِينَ,closed_class,1.000,47:33:2,
closed_class_surface,الذين,الَّذِينَ,الذين,الَّذِينَ,closed_class,1.000,47:34:2,
no_root_found,N/A,السَّلْمِ,السلم,سَلْمِ,سلم,1.000,47:35:5,
closed_class_surface,الذي,الَّذِي,الذي,الَّذِي,closed_class,1.000,48:4:2,
no_root_found,N/A,وَالْأَرْضِ,والأرض,أَرْضِ,ارض,1.000,48:4:15,
closed_class_surface,ذلك,ذَلِكَ,ذلك,ذَلِكَ,closed_class,1.000,48:5:15,
no_root_found,N/A,جَهَنَّمَ,جهنم,جَهَنَّمَ,جهنم,1.000,48:6:19,
no_root_found,N/A,وَالْأَرْضِ,والأرض,أَرْضِ,ارض,1.000,48:7:4,
closed_class_surface,الذين,الَّذِينَ,الذين,الَّذِينَ,closed_class,1.000,48:10:2,
no_root_found,N/A,يَمْلِكُ,يملك,مْلِكُ,ملك,1.000,48:11:19,
closed_class_surface,ذلك,ذَلِكَ,ذلك,ذَلِكَ,closed_class,1.000,48:12:12,
no_root_found,N/A,مُلْكُ,ملك,مُلْكُ,ملك,1.000,48:14:2,
no_root_found,N/A,وَالْأَرْضِ,والأرض,أَرْضِ,ارض,1.000,48:14:4,
no_root_found,N/A,يُسْلِمُونَ,يسلمون,سْلِمُ,سلم,1.000,48:16:13,
closed_class_surface,هذه,هَذِهِ,هذه,هَذِهِ,closed_class,1.000,48:20:8,
closed_class_surface,الذين,الَّذِينَ,الذين,الَّذِينَ,closed_class,1.000,48:22:3,
closed_class_surface,التي,الَّتِي,التي,الَّتِي,closed_class,1.000,48:23:3,
closed_class_surface,الذي,الَّذِي,الذي,الَّذِي,closed_class,1.000,48:24:2,
closed_class_surface,الذين,الَّذِينَ,الذين,الَّذِينَ,closed_class,1.000,48:25:2,
no_root_found,N/A,الْمَسْجِدِ,المسجد,مَسْجِدِ,مسجد,1.000,48:25:6,
closed_class_surface,الذين,الَّذِينَ,الذين,الَّذِينَ,closed_class,1.000,48:25:36,
closed_class_surface,الذين,الَّذِينَ,الذين,الَّذِينَ,closed_class,1.000,48:26:3,
low_confidence,دخلن,لَتَدْخُلُنَّ,لتدخلن,لَتَدْخُلُنَّ,تفعلل,0.664,48:27:7,دخل/تفعلن@0.64 ; دخلن/تفعلل@0.62 ; دخل/تفعلن@0.59
no_root_found,N/A,الْمَسْجِدَ,المسجد,مَسْجِدَ,مسجد,1.000,48:27:8,
closed_class_surface,ذلك,ذَلِكَ,ذلك,ذَلِكَ,closed_class,1.000,48:27:26,
closed_class_surface,الذي,الَّذِي,الذي,الَّذِي,closed_class,1.000,48:28:2,
no_root_found,N/A,مُحَمَّدٌ,محمد,مُحَمَّدٌ,محمد,1.000,48:29:1,
closed_class_surface,الذين,وَالَّذِينَ,والذين,الَّذِينَ,closed_class,1.000,48:29:4,
closed_class_surface,ذلك,ذَلِكَ,ذلك,ذَلِكَ,closed_class,1.000,48:29:25,
closed_class_surface,الذين,الَّذِينَ,الذين,الَّذِينَ,closed_class,1.000,48:29:47,
no_root_found,N/A,الصَّالِحَاتِ,الصالحات,صَالِحَ,صالح,1.000,48:29:50,
closed_class_surface,الذين,الَّذِينَ,الذين,الَّذِينَ,closed_class,1.000,49:1:2,
closed_class_surface,الذين,الَّذِينَ,الذين,الَّذِينَ,closed_class,1.000,49:2:2,
closed_class_surface,الذين,الَّذِينَ,الذين,الَّذِينَ,closed_class,1.000,49:3:2,
closed_class_surface,الذين,الَّذِينَ,الذين,الَّذِينَ,closed_class,1.000,49:3:9,
closed_class_surface,الذين,الَّذِينَ,الذين,الَّذِينَ,closed_class,1.000,49:4:2,
closed_class_surface,الذين,الَّذِينَ,الذين,الَّذِينَ,closed_class,1.000,49:6:2,
no_root_found,N/A,نَادِمِينَ,نادمين,ادِمِ,ادم,1.000,49:6:17,
closed_class_surface,التي,الَّتِي,التي,الَّتِي,closed_class,1.000,49:9:14,
closed_class_surface,الذين,الَّذِينَ,الذين,الَّذِينَ,closed_class,1.000,49:11:2,
closed_class_surface,الذين,الَّذِينَ,الذين,الَّذِينَ,closed_class,1.000,49:12:2,
no_root_found,N/A,لَحْمَ,لحم,لَحْمَ,لحم,1.000,49:12:22,
closed_class_surface,الذين,الَّذِينَ,الذين,الَّذِينَ,closed_class,1.000,49:15:3,
no_root_found,N/A,الْأَرْضِ,الأرض,أَرْضِ,ارض,1.000,49:16:12,
no_root_found,N/A,وَالْأَرْضِ,والأرض,أَرْضِ,ارض,1.000,49:18:6,
no_root_found,N/A,ق,ق,ق,ق,1.000,50:1:1,
closed_class_surface,هذا,هَذَا,هذا,هَذَا,closed_class,1.000,50:2:9,
no_root_found,N/A,تُرَابَاً,ترابا,تُرَابَ,تراب,1.000,50:3:4,
closed_class_surface,ذلك,ذَلِكَ,ذلك,ذَلِكَ,closed_class,1.000,50:3:5,
no_root_found,N/A,الْأَرْضُ,الأرض,أَرْضُ,ارض,1.000,50:4:5,
no_root_found,N/A,وَالْأَرْضَ,والأرض,أَرْضَ,ارض,1.000,50:7:1,
closed_class_surface,ذلك,كَذَلِكَ,كذلك,ذَلِكَ,closed_class,1.000,50:11:7,
no_root_found,N/A,نُوحٍ,نوح,نُوحٍ,نوح,1.000,50:12:4,
no_root_found,N/A,وَثَمُودُ,وثمود,ثَمُودُ,ثمود,1.000,50:12:7,
no_root_found,N/A,وَعَادٌ,وعاد,عَادٌ,عاد,1.000,50:13:1,
no_root_found,N/A,وَفِرْعَوْنُ,وفرعون,فِرْعَوْنُ,فرعون,1.000,50:13:2,
no_root_found,N/A,لُوطٍ,لوط,لُوطٍ,لوط,1.000,50:13:4,
no_root_found,N/A,تُبَّعٍ,تبع,تُبَّعٍ,تبع,1.000,50:14:4,
closed_class_surface,ذلك,ذَلِكَ,ذلك,ذَلِكَ,closed_class,1.000,50:19:5,
closed_class_surface,ذلك,ذَلِكَ,ذلك,ذَلِكَ,closed_class,1.000,50:20:4,
closed_class_surface,هذا,هَذَا,هذا,هَذَا,closed_class,1.000,50:22:6,
no_root_found,N/A,حَدِيدٌ,حديد,حَدِيدٌ,حديد,1.000,50:22:12,
closed_class_surface,هذا,هَذَا,هذا,هَذَا,closed_class,1.000,50:23:3,
no_root_found,N/A,جَهَنَّمَ,جهنم,جَهَنَّمَ,جهنم,1.000,50:24:3,
closed_class_surface,الذي,الَّذِي,الذي,الَّذِي,closed_class,1.000,50:26:1,
low_confidence,ختصم,تَخْتَصِمُوا,تختصموا,خْتَصِمُ,فعلل,0.697,50:28:3,خصم/فتعل@0.68 ; ختصم/فعلل@0.63 ; ختصم/فعلل@0.63
no_root_found,N/A,لِجَهَنَّمَ,لجهنم,جَهَنَّمَ,جهنم,1.000,50:30:3,
closed_class_surface,هذا,هَذَا,هذا,هَذَا,closed_class,1.000,50:32:1,
no_root_found,N/A,بِقَلْبٍ,بقلب,قَلْبٍ,قلب,1.000,50:33:6,
closed_class_surface,ذلك,ذَلِكَ,ذلك,ذَلِكَ,closed_class,1.000,50:34:3,
closed_class_surface,ذلك,ذَلِكَ,ذلك,ذَلِكَ,closed_class,1.000,50:37:3,
no_root_found,N/A,قَلْبٌ,قلب,قَلْبٌ,قلب,1.000,50:37:8,
no_root_found,N/A,وَالْأَرْضَ,والأرض,أَرْضَ,ارض,1.000,50:38:4,
closed_class_surface,ذلك,ذَلِكَ,ذلك,ذَلِكَ,closed_class,1.000,50:42:5,
no_root_found,N/A,الْأَرْضُ,الأرض,أَرْضُ,ارض,1.000,50:44:3,
closed_class_surface,ذلك,ذَلِكَ,ذلك,ذَلِكَ,closed_class,1.000,50:44:6,
closed_class_surface,الذين,الَّذِينَ,الذين,الَّذِينَ,closed_class,1.000,51:11:1,
closed_class_surface,هذا,هَذَا,هذا,هَذَا,closed_class,1.000,51:14:3,
closed_class_surface,الذي,الَّذِي,الذي,الَّذِي,closed_class,1.000,51:14:4,
closed_class_surface,ذلك,ذَلِكَ,ذلك,ذَلِكَ,closed_class,1.000,51:16:8,
no_root_found,N/A,الْأَرْضِ,الأرض,أَرْضِ,ارض,1.000,51:20:2,
no_root_found,N/A,وَالْأَرْضِ,والأرض,أَرْضِ,ارض,1.000,51:23:3,
no_root_found,N/A,إِبْرَاهِيمَ,إبراهيم,إِبْرَاهِيمَ,ابراهيم,1.000,51:24:5,
closed_class_surface,ذلك,كَذَلِكِ,كذلك,ذَلِكِ,closed_class,1.000,51:30:2,
closed_class_surface,الذين,لِلَّذِينَ,للذين,الَذِينَ,closed_class,1.000,51:37:4,
no_root_found,N/A,مُوسَى,موسى,مُوسَى,موسي,1.000,51:38:2,
no_root_found,N/A,فِرْعَوْنَ,فرعون,فِرْعَوْنَ,فرعون,1.000,51:38:6,
no_root_found,N/A,عَادٍ,عاد,عَادٍ,عاد,1.000,51:41:2,
no_root_found,N/A,ثَمُودَ,ثمود,ثَمُودَ,ثمود,1.000,51:43:2,
no_root_found,N/A,نُوحٍ,نوح,نُوحٍ,نوح,1.000,51:46:2,
no_root_found,N/A,وَالْأَرْضَ,والأرض,أَرْضَ,ارض,1.000,51:48:1,
closed_class_surface,ذلك,كَذَلِكَ,كذلك,ذَلِكَ,closed_class,1.000,51:52:1,
closed_class_surface,الذين,الَّذِينَ,الذين,الَّذِينَ,closed_class,1.000,51:52:4,
closed_class_surface,الذين,لِلَّذِينَ,للذين,الَذِينَ,closed_class,1.000,51:59:2,
closed_class_surface,الذين,لِلَّذِينَ,للذين,الَذِينَ,closed_class,1.000,51:60:2,
closed_class_surface,الذي,الَّذِي,الذي,الَّذِي,closed_class,1.000,51:60:6,
closed_class_surface,الذين,الَّذِينَ,الذين,الَّذِينَ,closed_class,1.000,52:12:1,
no_root_found,N/A,جَهَنَّمَ,جهنم,جَهَنَّمَ,جهنم,1.000,52:13:5,
closed_class_surface,هذه,هَذِهِ,هذه,هَذِهِ,closed_class,1.000,52:14:1,
closed_class_surface,التي,الَّتِي,التي,الَّتِي,closed_class,1.000,52:14:3,
low_confidence,فسحر,أَفَسِحْرٌ,أفسحر,أَفَسِحْرٌ,فعلل,0.614,52:15:1,فسحر/فعلل@0.55 ; فسحر/فعلل@0.55 ; فسحر/فعلل@0.55
closed_class_surface,هذا,هَذَا,هذا,هَذَا,closed_class,1.000,52:15:2,
no_root_found,N/A,عِينٍ,عين,عِينٍ,عين,1.000,52:20:7,
closed_class_surface,الذين,وَالَّذِينَ,والذين,الَّذِينَ,closed_class,1.000,52:21:1,
no_root_found,N/A,وَلَحْمٍ,ولحم,لَحْمٍ,لحم,1.000,52:22:3,
no_root_found,N/A,لُؤْلُؤٌ,لؤلؤ,لُؤْلُؤٌ,لءلء,1.000,52:24:6,
closed_class_surface,هذا,بِهَذَا,بهذا,هَذَا,closed_class,1.000,52:32:4,
no_root_found,N/A,وَالْأَرْضَ,والأرض,أَرْضَ,ارض,1.000,52:36:4,
no_root_found,N/A,سُلَّمٌ,سلم,سُلَّمٌ,سلم,1.000,52:38:3,
closed_class_surface,الذين,فَالَّذِينَ,فالذين,الَّذِينَ,closed_class,1.000,52:42:4,
no_root_found,N/A,سَحَابٌ,سحاب,سَحَابٌ,سحاب,1.000,52:44:8,
closed_class_surface,الذي,الَّذِي,الذي,الَّذِي,closed_class,1.000,52:45:5,
closed_class_surface,الذين,لِلَّذِينَ,للذين,الَذِينَ,closed_class,1.000,52:47:2,
closed_class_surface,ذلك,ذَلِكَ,ذلك,ذَلِكَ,closed_class,1.000,52:47:6,
closed_class_surface,تلك,تِلْكَ,تلك,تِلْكَ,closed_class,1.000,53:22:1,
no_root_found,N/A,يَتَّبِعُونَ,يتبعون,تَّبِعُ,تبع,1.000,53:23:15,
no_root_found,N/A,مَلَكٍ,ملك,مَلَكٍ,ملك,1.000,53:26:3,
no_root_found,N/A,يَأْذَنَ,يأذن,أْذَنَ,اذن,1.000,53:26:14,
closed_class_surface,الذين,الَّذِينَ,الذين,الَّذِينَ,closed_class,1.000,53:27:2,
no_root_found,N/A,يَتَّبِعُونَ,يتبعون,تَّبِعُ,تبع,1.000,53:28:7,
closed_class_surface,ذلك,ذَلِكَ,ذلك,ذَلِكَ,closed_class,1.000,53:30:1,
no_root_found,N/A,الْأَرْضِ,الأرض,أَرْضِ,ارض,1.000,53:31:7,
closed_class_surface,الذين,الَّذِينَ,الذين,الَّذِينَ,closed_class,1.000,53:31:9,
closed_class_surface,الذين,الَّذِينَ,الذين,الَّذِينَ,closed_class,1.000,53:31:14,
closed_class_surface,الذين,الَّذِينَ,الذين,الَّذِينَ,closed_class,1.000,53:32:1,
low_confidence,جتنب,يَجْتَنِبُونَ,يجتنبون,جْتَنِبُ,فعلل,0.697,53:32:2,جنب/فتعل@0.68 ; جتنب/فعلل@0.63 ; جتنب/فعلل@0.63
no_root_found,N/A,الْأَرْضِ,الأرض,أَرْضِ,ارض,1.000,53:32:18,
closed_class_surface,الذي,الَّذِي,الذي,الَّذِي,closed_class,1.000,53:33:2,
no_root_found,N/A,مُوسَى,موسى,مُوسَى,موسي,1.000,53:36:7,
no_root_found,N/A,وَإِبْرَاهِيمَ,وإبراهيم,إِبْرَاهِيمَ,ابراهيم,1.000,53:37:1,
closed_class_surface,الذي,الَّذِي,الذي,الَّذِي,closed_class,1.000,53:37:2,
no_root_found,N/A,عَادَاً,عادا,عَادَ,عاد,1.000,53:50:3,
no_root_found,N/A,وَثَمُودَ,وثمود,ثَمُودَ,ثمود,1.000,53:51:1,
no_root_found,N/A,نُوحٍ,نوح,نُوحٍ,نوح,1.000,53:52:2,
closed_class_surface,هذا,هَذَا,هذا,هَذَا,closed_class,1.000,53:56:1,
closed_class_surface,هذا,هَذَا,هذا,هَذَا,closed_class,1.000,53:59:2,
closed_class_surface,هذا,هَذَا,هذا,هَذَا,closed_class,1.000,54:8:6,
no_root_found,N/A,نُوحٍ,نوح,نُوحٍ,نوح,1.000,54:9:4,
low_confidence,زدجر,وَازْدُجِرَ,وازدجر,ازْدُجِرَ,افعلل,0.574,54:9:9,
no_root_found,N/A,الْأَرْضَ,الأرض,أَرْضَ,ارض,1.000,54:12:2,
no_root_found,N/A,عَادٌ,عاد,عَادٌ,عاد,1.000,54:18:2,
no_root_found,N/A,ثَمُودُ,ثمود,ثَمُودُ,ثمود,1.000,54:23:2,
low_confidence,صطبر,وَاصْطَبِرْ,واصطبر,صْطَبِرْ,فعلل,0.697,54:27:7,صطبر/فعلل@0.63 ; صطبر/فعلل@0.63 ; صطبر/فعلل@0.63
no_root_found,N/A,لُوطٍ,لوط,لُوطٍ,لوط,1.000,54:33:3,
no_root_found,N/A,لُوطٍ,لوط,لُوطٍ,لوط,1.000,54:34:7,
closed_class_surface,ذلك,كَذَلِكَ,كذلك,ذَلِكَ,closed_class,1.000,54:35:4,
no_root_found,N/A,فِرْعَوْنَ,فرعون,فِرْعَوْنَ,فرعون,1.000,54:41:4,
no_root_found,N/A,سَقَرَ,سقر,سَقَرَ,سقر,1.000,54:48:9,
no_root_found,N/A,وَالْأَرْضَ,والأرض,أَرْضَ,ارض,1.000,55:10:1,
no_root_found,N/A,صَلْصَالٍ,صلصال,صَلْصَالٍ,صلصال,1.000,55:14:4,
no_root_found,N/A,اللُّؤْلُؤُ,اللؤلؤ,لُؤْلُؤُ,لءلء,1.000,55:22:3,
no_root_found,N/A,وَالْأَرْضِ,والأرض,أَرْضِ,ارض,1.000,55:29:5,
low_confidence,سطع,اسْتَطَعْتُمْ,استطعتم,اسْتَطَعْ,افتعل,0.658,55:33:5,ستطع/افعلل@0.66 ; سطع/افتعل@0.62 ; سطع/افتعل@0.62
no_root_found,N/A,وَالْأَرْضِ,والأرض,أَرْضِ,ارض,1.000,55:33:11,
low_confidence,شقق,انْشَقَّتِ,انشقت,انْشَقَّتِ,انفعلت,0.681,55:37:2,نشق/افعلت@0.66 ; نشقت/افعلل@0.66 ; شقق/انفعلت@0.64
closed_class_surface,هذه,هَذِهِ,هذه,هَذِهِ,closed_class,1.000,55:43:1,
no_root_found,N/A,جَهَنَّمُ,جهنم,جَهَنَّمُ,جهنم,1.000,55:43:2,
closed_class_surface,التي,الَّتِي,التي,الَّتِي,closed_class,1.000,55:43:3,
no_root_found,N/A,الْأَرْضُ,الأرض,أَرْضُ,ارض,1.000,56:4:3,
no_root_found,N/A,وَلَحْمِ,ولحم,لَحْمِ,لحم,1.000,56:21:1,
no_root_found,N/A,عِينٌ,عين,عِينٌ,عين,1.000,56:22:2,
no_root_found,N/A,اللُّؤْلُؤِ,اللؤلؤ,لُؤْلُؤِ,لءلء,1.000,56:23:2,
closed_class_surface,ذلك,ذَلِكَ,ذلك,ذَلِكَ,closed_class,1.000,56:45:4,
no_root_found,N/A,تُرَابَاً,ترابا,تُرَابَ,تراب,1.000,56:47:6,
no_root_found,N/A,زَقُّومٍ,زقوم,زَقُّومٍ,زقوم,1.000,56:52:5,
closed_class_surface,هذا,هَذَا,هذا,هَذَا,closed_class,1.000,56:56:1,
closed_class_surface,الذي,الَّذِي,الذي,الَّذِي,closed_class,1.000,56:68:3,
closed_class_surface,التي,الَّتِي,التي,الَّتِي,closed_class,1.000,56:71:3,
no_root_found,N/A,مَدِينِينَ,مدينين,مَدِينِ,مدين,1.000,56:86:5,
closed_class_surface,هذا,هَذَا,هذا,هَذَا,closed_class,1.000,56:95:2,
no_root_found,N/A,وَالْأَرْضِ,والأرض,أَرْضِ,ارض,1.000,57:1:6,
no_root_found,N/A,مُلْكُ,ملك,مُلْكُ,ملك,1.000,57:2:2,
no_root_found,N/A,وَالْأَرْضِ,والأرض,أَرْضِ,ارض,1.000,57:2:4,
closed_class_surface,الذي,الَّذِي,الذي,الَّذِي,closed_class,1.000,57:4:2,
no_root_found,N/A,وَالْأَرْضَ,والأرض,أَرْضَ,ارض,1.000,57:4:5,
no_root_found,N/A,الْأَرْضِ,الأرض,أَرْضِ,ارض,1.000,57:4:17,
no_root_found,N/A,مُلْكُ,ملك,مُلْكُ,ملك,1.000,57:5:2,
no_root_found,N/A,وَالْأَرْضِ,والأرض,أَرْضِ,ارض,1.000,57:5:4,
closed_class_surface,الذين,فَالَّذِينَ,فالذين,الَّذِينَ,closed_class,1.000,57:7:9,
closed_class_surface,الذي,الَّذِي,الذي,الَّذِي,closed_class,1.000,57:9:2,
no_root_found,N/A,وَالْأَرْضِ,والأرض,أَرْضِ,ارض,1.000,57:10:11,
closed_class_surface,الذين,الَّذِينَ,الذين,الَّذِينَ,closed_class,1.000,57:10:25,
closed_class_surface,الذي,الَّذِي,الذي,الَّذِي,closed_class,1.000,57:11:3,
closed_class_surface,ذلك,ذَلِكَ,ذلك,ذَلِكَ,closed_class,1.000,57:12:19,
closed_class_surface,الذين,لِلَّذِينَ,للذين,الَذِينَ,closed_class,1.000,57:13:5,
low_confidence,قتبس,نَقْتَبِسْ,نقتبس,قْتَبِسْ,فعلل,0.697,57:13:8,قبس/فتعل@0.68 ; قتبس/فعلل@0.63 ; قتبس/فعلل@0.63
closed_class_surface,الذين,الَّذِينَ,الذين,الَّذِينَ,closed_class,1.000,57:15:8,
closed_class_surface,الذين,لِلَّذِينَ,للذين,الَذِينَ,closed_class,1.000,57:16:3,
closed_class_surface,الذين,كَالَّذِينَ,كالذين,الَّذِينَ,closed_class,1.000,57:16:16,
no_root_found,N/A,الْأَرْضَ,الأرض,أَرْضَ,ارض,1.000,57:17:5,
closed_class_surface,الذين,وَالَّذِينَ,والذين,الَّذِينَ,closed_class,1.000,57:19:1,
closed_class_surface,الذين,وَالَّذِينَ,والذين,الَّذِينَ,closed_class,1.000,57:19:14,
no_root_found,N/A,وَالْأَرْضِ,والأرض,أَرْضِ,ارض,1.000,57:21:10,
closed_class_surface,الذين,لِلَّذِينَ,للذين,الَذِينَ,closed_class,1.000,57:21:12,
closed_class_surface,ذلك,ذَلِكَ,ذلك,ذَلِكَ,closed_class,1.000,57:21:16,
no_root_found,N/A,الْأَرْضِ,الأرض,أَرْضِ,ارض,1.000,57:22:6,
closed_class_surface,ذلك,ذَلِكَ,ذلك,ذَلِكَ,closed_class,1.000,57:22:18,
closed_class_surface,الذين,الَّذِينَ,الذين,الَّذِينَ,closed_class,1.000,57:24:1,
no_root_found,N/A,الْحَدِيدَ,الحديد,حَدِيدَ,حديد,1.000,57:25:13,
no_root_found,N/A,نُوحَاً,نوحا,نُوحَ,نوح,1.000,57:26:3,
no_root_found,N/A,وَإِبْرَاهِيمَ,وإبراهيم,إِبْرَاهِيمَ,ابراهيم,1.000,57:26:4,
no_root_found,N/A,بِعِيسَى,بعيسى,عِيسَى,عيسي,1.000,57:27:7,
no_root_found,N/A,مَرْيَمَ,مريم,مَرْيَمَ,مريم,1.000,57:27:9,
closed_class_surface,الذين,الَّذِينَ,الذين,الَّذِينَ,closed_class,1.000,57:27:15,
closed_class_surface,الذين,الَّذِينَ,الذين,الَّذِينَ,closed_class,1.000,57:27:33,
closed_class_surface,الذين,الَّذِينَ,الذين,الَّذِينَ,closed_class,1.000,57:28:2,
closed_class_surface,التي,الَّتِي,التي,الَّتِي,closed_class,1.000,58:1:5,
closed_class_surface,الذين,الَّذِينَ,الذين,الَّذِينَ,closed_class,1.000,58:2:1,
closed_class_surface,الذين,وَالَّذِينَ,والذين,الَّذِينَ,closed_class,1.000,58:3:1,
no_root_found,N/A,فَتَحْرِيرُ,فتحرير,حْرِيرُ,حرير,1.000,58:3:9,
low_confidence,ستطع,يَسْتَطِعْ,يستطع,سْتَطِعْ,فعلل,0.697,58:4:13,ستطع/فعلل@0.63 ; ستطع/فعلل@0.63 ; ستطع/فعلل@0.63
closed_class_surface,ذلك,ذَلِكَ,ذلك,ذَلِكَ,closed_class,1.000,58:4:17,
closed_class_surface,تلك,وَتِلْكَ,وتلك,تِلْكَ,closed_class,1.000,58:4:21,
closed_class_surface,الذين,الَّذِينَ,الذين,الَّذِينَ,closed_class,1.000,58:5:2,
closed_class_surface,الذين,الَّذِينَ,الذين,الَّذِينَ,closed_class,1.000,58:5:9,
no_root_found,N/A,الْأَرْضِ,الأرض,أَرْضِ,ارض,1.000,58:7:11,
closed_class_surface,ذلك,ذَلِكَ,ذلك,ذَلِكَ,closed_class,1.000,58:7:28,
closed_class_surface,الذين,الَّذِينَ,الذين,الَّذِينَ,closed_class,1.000,58:8:4,
no_root_found,N/A,جَهَنَّمُ,جهنم,جَهَنَّمُ,جهنم,1.000,58:8:35,
closed_class_surface,الذين,الَّذِينَ,الذين,الَّذِينَ,closed_class,1.000,58:9:2,
closed_class_surface,الذي,الَّذِي,الذي,الَّذِي,closed_class,1.000,58:9:17,
closed_class_surface,الذين,الَّذِينَ,الذين,الَّذِينَ,closed_class,1.000,58:10:6,
no_root_found,N/A,بِإِذْنِ,بإذن,إِذْنِ,اذن,1.000,58:10:12,
closed_class_surface,الذين,الَّذِينَ,الذين,الَّذِينَ,closed_class,1.000,58:11:2,
closed_class_surface,الذين,الَّذِينَ,الذين,الَّذِينَ,closed_class,1.000,58:11:20,
closed_class_surface,الذين,وَالَّذِينَ,والذين,الَّذِينَ,closed_class,1.000,58:11:23,
closed_class_surface,الذين,الَّذِينَ,الذين,الَّذِينَ,closed_class,1.000,58:12:2,
closed_class_surface,ذلك,ذَلِكَ,ذلك,ذَلِكَ,closed_class,1.000,58:12:12,
closed_class_surface,الذين,الَّذِينَ,الذين,الَّذِينَ,closed_class,1.000,58:14:4,
closed_class_surface,الذين,الَّذِينَ,الذين,الَّذِينَ,closed_class,1.000,58:20:2,
low_confidence,غلب,لَأَغْلِبَنَّ,لأغلبن,لَأَغْلِبَنَّ,افعلن,0.638,58:21:3,غلب/افعلن@0.64 ; غلب/افعلن@0.59 ; غلب/افعلن@0.59
no_root_found,N/A,يُوَادُّونَ,يوادون,وَادُّ,واد,1.000,58:22:8,
no_root_found,N/A,الْأَرْضِ,الأرض,أَرْضِ,ارض,1.000,59:1:8,
closed_class_surface,الذي,الَّذِي,الذي,الَّذِي,closed_class,1.000,59:2:2,
closed_class_surface,الذين,الَّذِينَ,الذين,الَّذِينَ,closed_class,1.000,59:2:4,
low_confidence,حتسب,يَحْتَسِبُوا,يحتسبوا,حْتَسِبُ,فعلل,0.697,59:2:28,حسب/فتعل@0.68 ; حتسب/فعلل@0.63 ; حتسب/فعلل@0.63
closed_class_surface,ذلك,ذَلِكَ,ذلك,ذَلِكَ,closed_class,1.000,59:4:1,
no_root_found,N/A,فَبِإِذْنِ,فبإذن,إِذْنِ,اذن,1.000,59:5:10,
closed_class_surface,الذين,الَّذِينَ,الذين,الَّذِينَ,closed_class,1.000,59:8:3,
closed_class_surface,الذين,وَالَّذِينَ,والذين,الَّذِينَ,closed_class,1.000,59:9:1,
closed_class_surface,الذين,وَالَّذِينَ,والذين,الَّذِينَ,closed_class,1.000,59:10:1,
closed_class_surface,الذين,الَّذِينَ,الذين,الَّذِينَ,closed_class,1.000,59:10:10,
closed_class_surface,الذين,لِلَّذِينَ,للذين,الَذِينَ,closed_class,1.000,59:10:18,
closed_class_surface,الذين,الَّذِينَ,الذين,الَّذِينَ,closed_class,1.000,59:11:4,
closed_class_surface,الذين,الَّذِينَ,الذين,الَّذِينَ,closed_class,1.000,59:11:8,
low_confidence,خرج,لَنَخْرُجَنَّ,لنخرجن,لَنَخْرُجَنَّ,نفعلن,0.638,59:11:15,
low_confidence,نصر,لَنَنْصُرَنَّكُمْ,لننصرنكم,لَنَنْصُرَنَّ,نفعلن,0.638,59:11:24,نصر/ففعلن@0.55 ; نصر/ففعلن@0.55 ; نصر/ففعلن@0.55
closed_class_surface,ذلك,ذَلِكَ,ذلك,ذَلِكَ,closed_class,1.000,59:13:8,
closed_class_surface,ذلك,ذَلِكَ,ذلك,ذَلِكَ,closed_class,1.000,59:14:19,
closed_class_surface,الذين,الَّذِينَ,الذين,الَّذِينَ,closed_class,1.000,59:15:2,
closed_class_surface,ذلك,وَذَلِكَ,وذلك,ذَلِكَ,closed_class,1.000,59:17:8,
closed_class_surface,الذين,الَّذِينَ,الذين,الَّذِينَ,closed_class,1.000,59:18:2,
low_confidence,لظر,وَلْتَنْظُرْ,ولتنظر,وَلْتَنْظُرْ,فتنعل,0.479,59:18:6,
closed_class_surface,الذين,كَالَّذِينَ,كالذين,الَّذِينَ,closed_class,1.000,59:19:3,
closed_class_surface,هذا,هَذَا,هذا,هَذَا,closed_class,1.000,59:21:3,
closed_class_surface,تلك,وَتِلْكَ,وتلك,تِلْكَ,closed_class,1.000,59:21:13,
closed_class_surface,الذي,الَّذِي,الذي,الَّذِي,closed_class,1.000,59:22:3,
closed_class_surface,الذي,الَّذِي,الذي,الَّذِي,closed_class,1.000,59:23:3,
no_root_found,N/A,الْمَلِكُ,الملك,مَلِكُ,ملك,1.000,59:23:8,
no_root_found,N/A,وَالْأَرْضِ,والأرض,أَرْضِ,ارض,1.000,59:24:14,
closed_class_surface,الذين,الَّذِينَ,الذين,الَّذِينَ,closed_class,1.000,60:1:2,
no_root_found,N/A,إِبْرَاهِيمَ,إبراهيم,إِبْرَاهِيمَ,ابراهيم,1.000,60:4:7,
closed_class_surface,الذين,وَالَّذِينَ,والذين,الَّذِينَ,closed_class,1.000,60:4:8,
no_root_found,N/A,إِبْرَاهِيمَ,إبراهيم,إِبْرَاهِيمَ,ابراهيم,1.000,60:4:35,
closed_class_surface,الذين,لِلَّذِينَ,للذين,الَذِينَ,closed_class,1.000,60:5:5,
closed_class_surface,الذين,الَّذِينَ,الذين,الَّذِينَ,closed_class,1.000,60:7:7,
closed_class_surface,الذين,الَّذِينَ,الذين,الَّذِينَ,closed_class,1.000,60:8:5,
closed_class_surface,الذين,الَّذِينَ,الذين,الَّذِينَ,closed_class,1.000,60:9:5,
closed_class_surface,الذين,الَّذِينَ,الذين,الَّذِينَ,closed_class,1.000,60:10:2,
no_root_found,N/A,جُنَاحَ,جناح,جُنَاحَ,جناح,1.000,60:10:31,
closed_class_surface,الذين,الَّذِينَ,الذين,الَّذِينَ,closed_class,1.000,60:11:10,
no_root_found,N/A,ذَهَبَتْ,ذهبت,ذَهَبَ,ذهب,1.000,60:11:11,
closed_class_surface,الذي,الَّذِي,الذي,الَّذِي,closed_class,1.000,60:11:18,
low_confidence,سرق,يَسْرِقْنَ,يسرقن,سْرِقْنَ,فعلن,0.684,60:12:14,سرقن/فعلل@0.63 ; سرقن/فعلل@0.63 ; سرقن/فعلل@0.63
low_confidence,قتلن,يَقْتُلْنَ,يقتلن,قْتُلْنَ,فعلل,0.630,60:12:18,قتلن/فعلل@0.63 ; قتلن/فعلل@0.63 ; قتلن/فعلل@0.63
closed_class_surface,الذين,الَّذِينَ,الذين,الَّذِينَ,closed_class,1.000,60:13:2,
no_root_found,N/A,الْأَرْضِ,الأرض,أَرْضِ,ارض,1.000,61:1:8,
closed_class_surface,الذين,الَّذِينَ,الذين,الَّذِينَ,closed_class,1.000,61:2:2,
closed_class_surface,الذين,الَّذِينَ,الذين,الَّذِينَ,closed_class,1.000,61:4:4,
no_root_found,N/A,مُوسَى,موسى,مُوسَى,موسي,1.000,61:5:3,
no_root_found,N/A,عِيسَى,عيسى,عِيسَى,عيسي,1.000,61:6:3,
no_root_found,N/A,مَرْيَمَ,مريم,مَرْيَمَ,مريم,1.000,61:6:5,
no_root_found,N/A,إِسْرَائِيلَ,إسرائيل,إِسْرَائِيلَ,اسراءيل,1.000,61:6:7,
no_root_found,N/A,أَحْمَدُ,أحمد,أَحْمَدُ,احمد,1.000,61:6:24,
closed_class_surface,هذا,هَذَا,هذا,هَذَا,closed_class,1.000,61:6:29,
closed_class_surface,الذي,الَّذِي,الذي,الَّذِي,closed_class,1.000,61:9:2,
closed_class_surface,الذين,الَّذِينَ,الذين,الَّذِينَ,closed_class,1.000,61:10:2,
closed_class_surface,ذلك,ذَلِكَ,ذلك,ذَلِكَ,closed_class,1.000,61:12:15,
closed_class_surface,الذين,الَّذِينَ,الذين,الَّذِينَ,closed_class,1.000,61:14:2,
no_root_found,N/A,أَنْصَارَ,أنصار,أَنْصَارَ,انصار,1.000,61:14:5,
no_root_found,N/A,عِيسَى,عيسى,عِيسَى,عيسي,1.000,61:14:9,
no_root_found,N/A,مَرْيَمَ,مريم,مَرْيَمَ,مريم,1.000,61:14:11,
no_root_found,N/A,أَنْصَارِي,أنصاري,أَنْصَارِ,انصار,1.000,61:14:14,
no_root_found,N/A,أَنْصَارُ,أنصار,أَنْصَارُ,انصار,1.000,61:14:20,
no_root_found,N/A,إِسْرَائِيلَ,إسرائيل,إِسْرَائِيلَ,اسراءيل,1.000,61:14:26,
closed_class_surface,الذين,الَّذِينَ,الذين,الَّذِينَ,closed_class,1.000,61:14:30,
no_root_found,N/A,الْأَرْضِ,الأرض,أَرْضِ,ارض,1.000,62:1:8,
no_root_found,N/A,الْمَلِكِ,الملك,مَلِكِ,ملك,1.000,62:1:9,
closed_class_surface,الذي,الَّذِي,الذي,الَّذِي,closed_class,1.000,62:2:2,
closed_class_surface,ذلك,ذَلِكَ,ذلك,ذَلِكَ,closed_class,1.000,62:4:1,
closed_class_surface,الذين,الَّذِينَ,الذين,الَّذِينَ,closed_class,1.000,62:5:2,
closed_class_surface,الذين,الَّذِينَ,الذين,الَّذِينَ,closed_class,1.000,62:5:15,
closed_class_surface,الذين,الَّذِينَ,الذين,الَّذِينَ,closed_class,1.000,62:6:3,
closed_class_surface,الذي,الَّذِي,الذي,الَّذِي,closed_class,1.000,62:8:4,
closed_class_surface,الذين,الَّذِينَ,الذين,الَّذِينَ,closed_class,1.000,62:9:2,
no_root_found,N/A,الْأَرْضِ,الأرض,أَرْضِ,ارض,1.000,62:10:6,
closed_class_surface,ذلك,ذَلِكَ,ذلك,ذَلِكَ,closed_class,1.000,63:3:1,
closed_class_surface,الذين,الَّذِينَ,الذين,الَّذِينَ,closed_class,1.000,63:7:2,
no_root_found,N/A,وَالْأَرْضِ,والأرض,أَرْضِ,ارض,1.000,63:7:16,
no_root_found,N/A,الْمَدِينَةِ,المدينة,مَدِينَ,مدين,1.000,63:8:5,
low_confidence,خرج,لَيُخْرِجَنَّ,ليخرجن,لَيُخْرِجَنَّ,يفعلن,0.681,63:8:6,خرج/يفعلن@0.64 ; خرج/يفعلن@0.64 ; خرج/يفعلن@0.64
closed_class_surface,الذين,الَّذِينَ,الذين,الَّذِينَ,closed_class,1.000,63:9:2,
closed_class_surface,ذلك,ذَلِكَ,ذلك,ذَلِكَ,closed_class,1.000,63:9:14,
no_root_found,N/A,الصَّالِحِينَ,الصالحين,صَالِحِ,صالح,1.000,63:10:21,
no_root_found,N/A,الْأَرْضِ,الأرض,أَرْضِ,ارض,1.000,64:1:8,
no_root_found,N/A,الْمُلْكُ,الملك,مُلْكُ,ملك,1.000,64:1:10,
closed_class_surface,الذي,الَّذِي,الذي,الَّذِي,closed_class,1.000,64:2:2,
no_root_found,N/A,وَالْأَرْضَ,والأرض,أَرْضَ,ارض,1.000,64:3:3,
no_root_found,N/A,وَالْأَرْضِ,والأرض,أَرْضِ,ارض,1.000,64:4:5,
closed_class_surface,الذين,الَّذِينَ,الذين,الَّذِينَ,closed_class,1.000,64:5:4,
closed_class_surface,ذلك,ذَلِكَ,ذلك,ذَلِكَ,closed_class,1.000,64:6:1,
closed_class_surface,الذين,الَّذِينَ,الذين,الَّذِينَ,closed_class,1.000,64:7:2,
low_confidence,بعثن,لَتُبْعَثُنَّ,لتبعثن,لَتُبْعَثُنَّ,تفعلل,0.664,64:7:10,بعث/تفعلن@0.59 ; بعث/تفعلن@0.59 ; بعث/تفعلن@0.59
low_confidence,نبءن,لَتُنَبَّؤُنَّ,لتنبؤن,لَتُنَبَّؤُنَّ,تفعلل,0.616,64:7:12,نبءن/تفعلل@0.62 ; نبء/تفعلن@0.59 ; نبء/تفعلن@0.59
closed_class_surface,ذلك,وَذَلِكَ,وذلك,ذَلِكَ,closed_class,1.000,64:7:15,
closed_class_surface,الذي,الَّذِي,الذي,الَّذِي,closed_class,1.000,64:8:5,
closed_class_surface,ذلك,ذَلِكَ,ذلك,ذَلِكَ,closed_class,1.000,64:9:5,
no_root_found,N/A,صَالِحَاً,صالحا,صَالِحَ,صالح,1.000,64:9:12,
closed_class_surface,ذلك,ذَلِكَ,ذلك,ذَلِكَ,closed_class,1.000,64:9:25,
closed_class_surface,الذين,وَالَّذِينَ,والذين,الَّذِينَ,closed_class,1.000,64:10:1,
no_root_found,N/A,بِإِذْنِ,بإذن,إِذْنِ,اذن,1.000,64:11:6,
no_root_found,N/A,قَلْبَهُ,قلبه,قَلْبَ,قلب,1.000,64:11:12,
closed_class_surface,الذين,الَّذِينَ,الذين,الَّذِينَ,closed_class,1.000,64:14:2,
low_confidence,سطع,اسْتَطَعْتُمْ,استطعتم,اسْتَطَعْ,افتعل,0.658,64:16:4,ستطع/افعلل@0.66 ; سطع/افتعل@0.62 ; سطع/افتعل@0.62
low_confidence,خرجن,يَخْرُجْنَ,يخرجن,خْرُجْنَ,فعلل,0.630,65:1:18,خرجن/فعلل@0.63 ; خرجن/فعلل@0.63 ; خرجن/فعلل@0.63
closed_class_surface,تلك,وَتِلْكَ,وتلك,تِلْكَ,closed_class,1.000,65:1:24,
closed_class_surface,ذلك,ذَلِكَ,ذلك,ذَلِكَ,closed_class,1.000,65:1:40,
low_confidence,حتسب,يَحْتَسِبُ,يحتسب,حْتَسِبُ,فعلل,0.697,65:3:5,حسب/فتعل@0.68 ; حتسب/فعلل@0.63 ; حتسب/فعلل@0.63
closed_class_surface,ذلك,ذَلِكَ,ذلك,ذَلِكَ,closed_class,1.000,65:5:1,
closed_class_surface,الذين,الَّذِينَ,الذين,الَّذِينَ,closed_class,1.000,65:10:10,
closed_class_surface,الذين,الَّذِينَ,الذين,الَّذِينَ,closed_class,1.000,65:11:8,
no_root_found,N/A,الصَّالِحَاتِ,الصالحات,صَالِحَ,صالح,1.000,65:11:11,
no_root_found,N/A,صَالِحَاً,صالحا,صَالِحَ,صالح,1.000,65:11:20,
closed_class_surface,الذي,الَّذِي,الذي,الَّذِي,closed_class,1.000,65:12:2,
no_root_found,N/A,الْأَرْضِ,الأرض,أَرْضِ,ارض,1.000,65:12:7,
closed_class_surface,هذا,هَذَا,هذا,هَذَا,closed_class,1.000,66:3:25,
no_root_found,N/A,وَصَالِحُ,وصالح,صَالِحُ,صالح,1.000,66:4:16,
closed_class_surface,ذلك,ذَلِكَ,ذلك,ذَلِكَ,closed_class,1.000,66:4:20,
closed_class_surface,الذين,الَّذِينَ,الذين,الَّذِينَ,closed_class,1.000,66:6:2,
closed_class_surface,الذين,الَّذِينَ,الذين,الَّذِينَ,closed_class,1.000,66:7:2,
low_confidence,عتذر,تَعْتَذِرُوا,تعتذروا,عْتَذِرُ,فعلل,0.697,66:7:5,عذر/فتعل@0.68 ; عتذر/فعلل@0.63 ; عتذر/فعلل@0.63
closed_class_surface,الذين,الَّذِينَ,الذين,الَّذِينَ,closed_class,1.000,66:8:2,
closed_class_surface,الذين,وَالَّذِينَ,والذين,الَّذِينَ,closed_class,1.000,66:8:26,
no_root_found,N/A,جَهَنَّمُ,جهنم,جَهَنَّمُ,جهنم,1.000,66:9:9,
closed_class_surface,الذين,لِلَّذِينَ,للذين,الَذِينَ,closed_class,1.000,66:10:4,
no_root_found,N/A,نُوحٍ,نوح,نُوحٍ,نوح,1.000,66:10:7,
no_root_found,N/A,لُوطٍ,لوط,لُوطٍ,لوط,1.000,66:10:9,
no_root_found,N/A,صَالِحَيْنِ,صالحين,صَالِحَ,صالح,1.000,66:10:15,
closed_class_surface,الذين,لِلَّذِينَ,للذين,الَذِينَ,closed_class,1.000,66:11:4,
no_root_found,N/A,فِرْعَوْنَ,فرعون,فِرْعَوْنَ,فرعون,1.000,66:11:7,
no_root_found,N/A,فِرْعَوْنَ,فرعون,فِرْعَوْنَ,فرعون,1.000,66:11:19,
no_root_found,N/A,وَمَرْيَمَ,ومريم,مَرْيَمَ,مريم,1.000,66:12:1,
no_root_found,N/A,عِمْرَانَ,عمران,عِمْرَانَ,عمران,1.000,66:12:3,
closed_class_surface,التي,الَّتِي,التي,الَّتِي,closed_class,1.000,66:12:4,
closed_class_surface,الذي,الَّذِي,الذي,الَّذِي,closed_class,1.000,67:1:2,
no_root_found,N/A,الْمُلْكُ,الملك,مُلْكُ,ملك,1.000,67:1:4,
closed_class_surface,الذي,الَّذِي,الذي,الَّذِي,closed_class,1.000,67:2:1,
closed_class_surface,الذي,الَّذِي,الذي,الَّذِي,closed_class,1.000,67:3:1,
closed_class_surface,الذين,وَلِلَّذِينَ,وللذين,الَذِينَ,closed_class,1.000,67:6:1,
no_root_found,N/A,جَهَنَّمَ,جهنم,جَهَنَّمَ,جهنم,1.000,67:6:5,
closed_class_surface,الذين,الَّذِينَ,الذين,الَّذِينَ,closed_class,1.000,67:12:2,
closed_class_surface,الذي,الَّذِي,الذي,الَّذِي,closed_class,1.000,67:15:2,
no_root_found,N/A,الْأَرْضَ,الأرض,أَرْضَ,ارض,1.000,67:15:5,
no_root_found,N/A,الْأَرْضَ,الأرض,أَرْضَ,ارض,1.000,67:16:8,
closed_class_surface,الذين,الَّذِينَ,الذين,الَّذِينَ,closed_class,1.000,67:18:3,
low_confidence,قبض,وَيَقْبِضْنَ,ويقبضن,قْبِضْنَ,فعلن,0.684,67:19:7,قبضن/فعلل@0.63 ; قبضن/فعلل@0.63 ; قبضن/فعلل@0.63
closed_class_surface,هذا,هَذَا,هذا,هَذَا,closed_class,1.000,67:20:2,
closed_class_surface,الذي,الَّذِي,الذي,الَّذِي,closed_class,1.000,67:20:3,
closed_class_surface,هذا,هَذَا,هذا,هَذَا,closed_class,1.000,67:21:2,
closed_class_surface,الذي,الَّذِي,الذي,الَّذِي,closed_class,1.000,67:21:3,
closed_class_surface,الذي,الَّذِي,الذي,الَّذِي,closed_class,1.000,67:23:3,
closed_class_surface,الذي,الَّذِي,الذي,الَّذِي,closed_class,1.000,67:24:3,
no_root_found,N/A,الْأَرْضِ,الأرض,أَرْضِ,ارض,1.000,67:24:6,
closed_class_surface,هذا,هَذَا,هذا,هَذَا,closed_class,1.000,67:25:3,
closed_class_surface,الذين,الَّذِينَ,الذين,الَّذِينَ,closed_class,1.000,67:27:6,
closed_class_surface,هذا,هَذَا,هذا,هَذَا,closed_class,1.000,67:27:9,
closed_class_surface,الذي,الَّذِي,الذي,الَّذِي,closed_class,1.000,67:27:10,
no_root_found,N/A,ن,ن,ن,ن,1.000,68:1:1,
closed_class_surface,ذلك,ذَلِكَ,ذلك,ذَلِكَ,closed_class,1.000,68:13:3,
low_confidence,صرم,لَيَصْرِمُنَّهَا,ليصرمنها,لَيَصْرِمُنَّ,يفعلن,0.681,68:17:9,صرم/يفعلن@0.64 ; صرم/يفعلن@0.64 ; صرم/يفعلن@0.64
low_confidence,دخلن,يَدْخُلَنَّهَا,يدخلنها,دْخُلَنَّ,فعلل,0.697,68:24:3,دخلن/فعلل@0.63 ; دخلن/فعلل@0.63 ; دخلن/فعلل@0.63
closed_class_surface,ذلك,كَذَلِكَ,كذلك,ذَلِكَ,closed_class,1.000,68:33:1,
closed_class_surface,ذلك,بِذَلِكَ,بذلك,ذَلِكَ,closed_class,1.000,68:40:3,
closed_class_surface,هذا,بِهَذَا,بهذا,هَذَا,closed_class,1.000,68:44:4,
no_root_found,N/A,الصَّالِحِينَ,الصالحين,صَالِحِ,صالح,1.000,68:50:5,
closed_class_surface,الذين,الَّذِينَ,الذين,الَّذِينَ,closed_class,1.000,68:51:3,
no_root_found,N/A,ثَمُودُ,ثمود,ثَمُودُ,ثمود,1.000,69:4:2,
no_root_found,N/A,وَعَادٌ,وعاد,عَادٌ,عاد,1.000,69:4:3,
no_root_found,N/A,ثَمُودُ,ثمود,ثَمُودُ,ثمود,1.000,69:5:2,
no_root_found,N/A,عَادٌ,عاد,عَادٌ,عاد,1.000,69:6:2,
no_root_found,N/A,فِرْعَوْنُ,فرعون,فِرْعَوْنُ,فرعون,1.000,69:9:2,
no_root_found,N/A,أُذُنٌ,أذن,أُذُنٌ,اذن,1.000,69:12:5,
no_root_found,N/A,الْأَرْضُ,الأرض,أَرْضُ,ارض,1.000,69:14:2,
low_confidence,شقق,وَانْشَقَّتِ,وانشقت,انْشَقَّتِ,انفعلت,0.681,69:16:1,نشق/افعلت@0.66 ; نشقت/افعلل@0.66 ; شقق/انفعلت@0.64
no_root_found,N/A,وَالْمَلَكُ,والملك,مَلَكُ,ملك,1.000,69:17:1,
closed_class_surface,التي,الَّتِي,التي,الَّتِي,closed_class,1.000,70:13:2,
no_root_found,N/A,الْأَرْضِ,الأرض,أَرْضِ,ارض,1.000,70:14:3,
no_root_found,N/A,لَظَى,لظى,لَظَى,لظي,1.000,70:15:3,
closed_class_surface,الذين,الَّذِينَ,الذين,الَّذِينَ,closed_class,1.000,70:23:1,
closed_class_surface,الذين,وَالَّذِينَ,والذين,الَّذِينَ,closed_class,1.000,70:24:1,
closed_class_surface,الذين,وَالَّذِينَ,والذين,الَّذِينَ,closed_class,1.000,70:26:1,
closed_class_surface,الذين,وَالَّذِينَ,والذين,الَّذِينَ,closed_class,1.000,70:27:1,
closed_class_surface,الذين,وَالَّذِينَ,والذين,الَّذِينَ,closed_class,1.000,70:29:1,
no_root_found,N/A,مَلَكَتْ,ملكت,مَلَكَ,ملك,1.000,70:30:6,
closed_class_surface,ذلك,ذَلِكَ,ذلك,ذَلِكَ,closed_class,1.000,70:31:4,
no_root_found,N/A,الْعَادُونَ,العادون,عَادُ,عاد,1.000,70:31:7,
closed_class_surface,الذين,وَالَّذِينَ,والذين,الَّذِينَ,closed_class,1.000,70:32:1,
closed_class_surface,الذين,وَالَّذِينَ,والذين,الَّذِينَ,closed_class,1.000,70:33:1,
closed_class_surface,الذين,وَالَّذِينَ,والذين,الَّذِينَ,closed_class,1.000,70:34:1,
closed_class_surface,الذين,الَّذِينَ,الذين,الَّذِينَ,closed_class,1.000,70:36:2,
closed_class_surface,الذي,الَّذِي,الذي,الَّذِي,closed_class,1.000,70:42:7,
closed_class_surface,ذلك,ذَلِكَ,ذلك,ذَلِكَ,closed_class,1.000,70:44:5,
closed_class_surface,الذي,الَّذِي,الذي,الَّذِي,closed_class,1.000,70:44:7,
no_root_found,N/A,نُوحَاً,نوحا,نُوحَ,نوح,1.000,71:1:3,
low_confidence,سغش,وَاسْتَغْشَوْا,واستغشوا,اسْتَغْشَ,افتعل,0.616,71:7:10,سغش/افتعل@0.62 ; ستغش/افعلل@0.62 ; سغش/افتعل@0.57
no_root_found,N/A,الْأَرْضِ,الأرض,أَرْضِ,ارض,1.000,71:17:4,
no_root_found,N/A,الْأَرْضَ,الأرض,أَرْضَ,ارض,1.000,71:19:4,
no_root_found,N/A,نُوحٌ,نوح,نُوحٌ,نوح,1.000,71:21:2,
no_root_found,N/A,يَغُوثَ,يغوث,يَغُوثَ,يغوث,1.000,71:23:11,
no_root_found,N/A,أَنْصَارَاً,أنصارا,أَنْصَارَ,انصار,1.000,71:25:12,
no_root_found,N/A,نُوحٌ,نوح,نُوحٌ,نوح,1.000,71:26:2,
no_root_found,N/A,الْأَرْضِ,الأرض,أَرْضِ,ارض,1.000,71:26:7,
no_root_found,N/A,الْأَرْضِ,الأرض,أَرْضِ,ارض,1.000,72:10:8,
no_root_found,N/A,الصَّالِحُونَ,الصالحون,صَالِحُ,صالح,1.000,72:11:3,
closed_class_surface,ذلك,ذَلِكَ,ذلك,ذَلِكَ,closed_class,1.000,72:11:6,
no_root_found,N/A,الْأَرْضِ,الأرض,أَرْضِ,ارض,1.000,72:12:8,
no_root_found,N/A,لِجَهَنَّمَ,لجهنم,جَهَنَّمَ,جهنم,1.000,72:15:4,
no_root_found,N/A,جَهَنَّمَ,جهنم,جَهَنَّمَ,جهنم,1.000,72:23:13,
no_root_found,N/A,الْأَرْضُ,الأرض,أَرْضُ,ارض,1.000,73:14:3,
no_root_found,N/A,فِرْعَوْنَ,فرعون,فِرْعَوْنَ,فرعون,1.000,73:15:10,
no_root_found,N/A,فِرْعَوْنُ,فرعون,فِرْعَوْنُ,فرعون,1.000,73:16:2,
closed_class_surface,هذه,هَذِهِ,هذه,هَذِهِ,closed_class,1.000,73:19:2,
closed_class_surface,الذين,الَّذِينَ,الذين,الَّذِينَ,closed_class,1.000,73:20:14,
no_root_found,N/A,الْأَرْضِ,الأرض,أَرْضِ,ارض,1.000,73:20:39,
closed_class_surface,ذلك,فَذَلِكَ,فذلك,ذَلِكَ,closed_class,1.000,74:9:1,
closed_class_surface,هذا,هَذَا,هذا,هَذَا,closed_class,1.000,74:24:3,
closed_class_surface,هذا,هَذَا,هذا,هَذَا,closed_class,1.000,74:25:2,
no_root_found,N/A,سَقَرَ,سقر,سَقَرَ,سقر,1.000,74:26:2,
no_root_found,N/A,سَقَرُ,سقر,سَقَرُ,سقر,1.000,74:27:4,
closed_class_surface,الذين,لِلَّذِينَ,للذين,الَذِينَ,closed_class,1.000,74:31:12,
closed_class_surface,الذين,الَّذِينَ,الذين,الَّذِينَ,closed_class,1.000,74:31:15,
closed_class_surface,الذين,الَّذِينَ,الذين,الَّذِينَ,closed_class,1.000,74:31:19,
closed_class_surface,الذين,الَّذِينَ,الذين,الَّذِينَ,closed_class,1.000,74:31:24,
closed_class_surface,الذين,الَّذِينَ,الذين,الَّذِينَ,closed_class,1.000,74:31:29,
closed_class_surface,هذا,بِهَذَا,بهذا,هَذَا,closed_class,1.000,74:31:37,
closed_class_surface,ذلك,كَذَلِكَ,كذلك,ذَلِكَ,closed_class,1.000,74:31:39,
no_root_found,N/A,سَقَرَ,سقر,سَقَرَ,سقر,1.000,74:42:4,
no_root_found,N/A,بَرِقَ,برق,بَرِقَ,برق,1.000,75:7:2,
no_root_found,N/A,ذَهَبَ,ذهب,ذَهَبَ,ذهب,1.000,75:33:2,
no_root_found,N/A,عَلَقَةً,علقة,عَلَقَ,علق,1.000,75:38:3,
closed_class_surface,ذلك,ذَلِكَ,ذلك,ذَلِكَ,closed_class,1.000,75:40:2,
no_root_found,N/A,عَيْنَاً,عينا,عَيْنَ,عين,1.000,76:6:1,
closed_class_surface,ذلك,ذَلِكَ,ذلك,ذَلِكَ,closed_class,1.000,76:11:4,
no_root_found,N/A,وَحَرِيرَاً,وحريرا,حَرِيرَ,حرير,1.000,76:12:5,
no_root_found,N/A,عَيْنَاً,عينا,عَيْنَ,عين,1.000,76:18:1,
no_root_found,N/A,لُؤْلُؤَاً,لؤلؤا,لُؤْلُؤَ,لءلء,1.000,76:19:8,
no_root_found,N/A,وَمُلْكَاً,وملكا,مُلْكَ,ملك,1.000,76:20:6,
closed_class_surface,هذا,هَذَا,هذا,هَذَا,closed_class,1.000,76:22:2,
closed_class_surface,هذه,هَذِهِ,هذه,هَذِهِ,closed_class,1.000,76:29:2,
no_root_found,N/A,نُتْبِعُهُمُ,نتبعهم,تْبِعُ,تبع,1.000,77:17:2,
closed_class_surface,ذلك,كَذَلِكَ,كذلك,ذَلِكَ,closed_class,1.000,77:18:1,
no_root_found,N/A,الْأَرْضَ,الأرض,أَرْضَ,ارض,1.000,77:25:3,
closed_class_surface,هذا,هَذَا,هذا,هَذَا,closed_class,1.000,77:35:1,
low_confidence,عتذر,فَيَعْتَذِرُونَ,فيعتذرون,عْتَذِرُ,فعلل,0.697,77:36:4,عذر/فتعل@0.68 ; عتذر/فعلل@0.63 ; عتذر/فعلل@0.63
closed_class_surface,هذا,هَذَا,هذا,هَذَا,closed_class,1.000,77:38:1,
closed_class_surface,ذلك,كَذَلِكَ,كذلك,ذَلِكَ,closed_class,1.000,77:44:2,
closed_class_surface,الذي,الَّذِي,الذي,الَّذِي,closed_class,1.000,78:3:1,
no_root_found,N/A,الْأَرْضَ,الأرض,أَرْضَ,ارض,1.000,78:6:3,
no_root_found,N/A,جَهَنَّمَ,جهنم,جَهَنَّمَ,جهنم,1.000,78:21:2,
no_root_found,N/A,وَالْأَرْضِ,والأرض,أَرْضِ,ارض,1.000,78:37:3,
no_root_found,N/A,يَمْلِكُونَ,يملكون,مْلِكُ,ملك,1.000,78:37:8,
no_root_found,N/A,أَذِنَ,أذن,أَذِنَ,اذن,1.000,78:38:10,
closed_class_surface,ذلك,ذَلِكَ,ذلك,ذَلِكَ,closed_class,1.000,78:39:1,
no_root_found,N/A,تُرَابَاً,ترابا,تُرَابَ,تراب,1.000,78:40:15,
no_root_found,N/A,تَتْبَعُهَا,تتبعها,تْبَعُ,تبع,1.000,79:7:1,
closed_class_surface,تلك,تِلْكَ,تلك,تِلْكَ,closed_class,1.000,79:12:2,
no_root_found,N/A,مُوسَى,موسى,مُوسَى,موسي,1.000,79:15:4,
no_root_found,N/A,بِالْوَادِ,بالواد,وَادِ,واد,1.000,79:16:4,
no_root_found,N/A,اذْهَبْ,اذهب,ذْهَبْ,ذهب,1.000,79:17:1,
no_root_found,N/A,فِرْعَوْنَ,فرعون,فِرْعَوْنَ,فرعون,1.000,79:17:3,
closed_class_surface,ذلك,ذَلِكَ,ذلك,ذَلِكَ,closed_class,1.000,79:26:3,
no_root_found,N/A,وَالْأَرْضَ,والأرض,أَرْضَ,ارض,1.000,79:30:1,
closed_class_surface,ذلك,ذَلِكَ,ذلك,ذَلِكَ,closed_class,1.000,79:30:3,
no_root_found,N/A,الْأَرْضَ,الأرض,أَرْضَ,ارض,1.000,80:26:3,
no_root_found,N/A,تَذْهَبُونَ,تذهبون,ذْهَبُ,ذهب,1.000,81:26:2,
closed_class_surface,الذي,الَّذِي,الذي,الَّذِي,closed_class,1.000,82:7:1,
no_root_found,N/A,تَمْلِكُ,تملك,مْلِكُ,ملك,1.000,82:19:3,
closed_class_surface,الذين,الَّذِينَ,الذين,الَّذِينَ,closed_class,1.000,83:2:1,
no_root_found,N/A,سِجِّينٍ,سجين,سِجِّينٍ,سجين,1.000,83:7:6,
no_root_found,N/A,سِجِّينٌ,سجين,سِجِّينٌ,سجين,1.000,83:8:4,
closed_class_surface,الذين,الَّذِينَ,الذين,الَّذِينَ,closed_class,1.000,83:11:1,
closed_class_surface,هذا,هَذَا,هذا,هَذَا,closed_class,1.000,83:17:3,
closed_class_surface,الذي,الَّذِي,الذي,الَّذِي,closed_class,1.000,83:17:4,
closed_class_surface,ذلك,ذَلِكَ,ذلك,ذَلِكَ,closed_class,1.000,83:26:4,
no_root_found,N/A,عَيْنَاً,عينا,عَيْنَ,عين,1.000,83:28:1,
closed_class_surface,الذين,الَّذِينَ,الذين,الَّذِينَ,closed_class,1.000,83:29:2,
closed_class_surface,الذين,الَّذِينَ,الذين,الَّذِينَ,closed_class,1.000,83:29:6,
no_root_found,N/A,انْقَلَبُوا,انقلبوا,قَلَبُ,قلب,1.000,83:31:2,
no_root_found,N/A,انْقَلَبُوا,انقلبوا,قَلَبُ,قلب,1.000,83:31:5,
closed_class_surface,الذين,الَّذِينَ,الذين,الَّذِينَ,closed_class,1.000,83:34:2,
no_root_found,N/A,وَأَذِنَتْ,وأذنت,أَذِنَ,اذن,1.000,84:2:1,
no_root_found,N/A,الْأَرْضُ,الأرض,أَرْضُ,ارض,1.000,84:3:2,
no_root_found,N/A,وَأَذِنَتْ,وأذنت,أَذِنَ,اذن,1.000,84:5:1,
closed_class_surface,الذين,الَّذِينَ,الذين,الَّذِينَ,closed_class,1.000,84:22:2,
closed_class_surface,الذين,الَّذِينَ,الذين,الَّذِينَ,closed_class,1.000,84:25:2,
no_root_found,N/A,الصَّالِحَاتِ,الصالحات,صَالِحَ,صالح,1.000,84:25:5,
closed_class_surface,الذي,الَّذِي,الذي,الَّذِي,closed_class,1.000,85:9:1,
no_root_found,N/A,مُلْكُ,ملك,مُلْكُ,ملك,1.000,85:9:3,
no_root_found,N/A,وَالْأَرْضِ,والأرض,أَرْضِ,ارض,1.000,85:9:5,
closed_class_surface,الذين,الَّذِينَ,الذين,الَّذِينَ,closed_class,1.000,85:10:2,
no_root_found,N/A,جَهَنَّمَ,جهنم,جَهَنَّمَ,جهنم,1.000,85:10:11,
closed_class_surface,الذين,الَّذِينَ,الذين,الَّذِينَ,closed_class,1.000,85:11:2,
no_root_found,N/A,الصَّالِحَاتِ,الصالحات,صَالِحَ,صالح,1.000,85:11:5,
closed_class_surface,ذلك,ذَلِكَ,ذلك,ذَلِكَ,closed_class,1.000,85:11:12,
no_root_found,N/A,فِرْعَوْنَ,فرعون,فِرْعَوْنَ,فرعون,1.000,85:18:1,
no_root_found,N/A,وَثَمُودَ,وثمود,ثَمُودَ,ثمود,1.000,85:18:2,
closed_class_surface,الذين,الَّذِينَ,الذين,الَّذِينَ,closed_class,1.000,85:19:2,
no_root_found,N/A,وَالْأَرْضِ,والأرض,أَرْضِ,ارض,1.000,86:12:1,
closed_class_surface,الذي,الَّذِي,الذي,الَّذِي,closed_class,1.000,87:2:1,
closed_class_surface,الذي,وَالَّذِي,والذي,الَّذِي,closed_class,1.000,87:3:1,
closed_class_surface,الذي,وَالَّذِي,والذي,الَّذِي,closed_class,1.000,87:4:1,
closed_class_surface,الذي,الَّذِي,الذي,الَّذِي,closed_class,1.000,87:12:1,
no_root_found,N/A,يَحْيَى,يحيى,يَحْيَى,يحيي,1.000,87:13:6,
closed_class_surface,هذا,هَذَا,هذا,هَذَا,closed_class,1.000,87:18:2,
no_root_found,N/A,إِبْرَاهِيمَ,إبراهيم,إِبْرَاهِيمَ,ابراهيم,1.000,87:19:2,
no_root_found,N/A,وَمُوسَى,وموسى,مُوسَى,موسي,1.000,87:19:3,
no_root_found,N/A,عَيْنٍ,عين,عَيْنٍ,عين,1.000,88:5:3,
no_root_found,N/A,عَيْنٌ,عين,عَيْنٌ,عين,1.000,88:12:2,
no_root_found,N/A,الْأَرْضِ,الأرض,أَرْضِ,ارض,1.000,88:20:2,
closed_class_surface,ذلك,ذَلِكَ,ذلك,ذَلِكَ,closed_class,1.000,89:5:3,
no_root_found,N/A,إِرَمَ,إرم,إِرَمَ,ارم,1.000,89:7:1,
closed_class_surface,التي,الَّتِي,التي,الَّتِي,closed_class,1.000,89:8:1,
no_root_found,N/A,وَثَمُودَ,وثمود,ثَمُودَ,ثمود,1.000,89:9:1,
closed_class_surface,الذين,الَّذِينَ,الذين,الَّذِينَ,closed_class,1.000,89:9:2,
no_root_found,N/A,بِالْوَادِ,بالواد,وَادِ,واد,1.000,89:9:5,
no_root_found,N/A,وَفِرْعَوْنَ,وفرعون,فِرْعَوْنَ,فرعون,1.000,89:10:1,
closed_class_surface,الذين,الَّذِينَ,الذين,الَّذِينَ,closed_class,1.000,89:11:1,
no_root_found,N/A,الْأَرْضُ,الأرض,أَرْضُ,ارض,1.000,89:21:4,
no_root_found,N/A,وَالْمَلَكُ,والملك,مَلَكُ,ملك,1.000,89:22:3,
no_root_found,N/A,بِجَهَنَّمَ,بجهنم,جَهَنَّمَ,جهنم,1.000,89:23:3,
closed_class_surface,هذا,بِهَذَا,بهذا,هَذَا,closed_class,1.000,90:1:3,
closed_class_surface,هذا,بِهَذَا,بهذا,هَذَا,closed_class,1.000,90:2:3,
no_root_found,N/A,عَيْنَيْنِ,عينين,عَيْنَ,عين,1.000,90:8:4,
closed_class_surface,الذين,الَّذِينَ,الذين,الَّذِينَ,closed_class,1.000,90:17:4,
closed_class_surface,الذين,وَالَّذِينَ,والذين,الَّذِينَ,closed_class,1.000,90:19:1,
no_root_found,N/A,وَالْأَرْضِ,والأرض,أَرْضِ,ارض,1.000,91:6:1,
no_root_found,N/A,ثَمُودُ,ثمود,ثَمُودُ,ثمود,1.000,91:11:2,
closed_class_surface,الذي,الَّذِي,الذي,الَّذِي,closed_class,1.000,92:16:1,
closed_class_surface,الذي,الَّذِي,الذي,الَّذِي,closed_class,1.000,92:18:1,
closed_class_surface,الذي,الَّذِي,الذي,الَّذِي,closed_class,1.000,94:3:1,
closed_class_surface,هذا,وَهَذَا,وهذا,هَذَا,closed_class,1.000,95:3:1,
closed_class_surface,الذين,الَّذِينَ,الذين,الَّذِينَ,closed_class,1.000,95:6:2,
no_root_found,N/A,الصَّالِحَاتِ,الصالحات,صَالِحَ,صالح,1.000,95:6:5,
closed_class_surface,الذي,الَّذِي,الذي,الَّذِي,closed_class,1.000,96:1:4,
no_root_found,N/A,عَلَقٍ,علق,عَلَقٍ,علق,1.000,96:2:4,
closed_class_surface,الذي,الَّذِي,الذي,الَّذِي,closed_class,1.000,96:4:1,
closed_class_surface,الذي,الَّذِي,الذي,الَّذِي,closed_class,1.000,96:9:2,
low_confidence,لدع,فَلْيَدْعُ,فليدع,فَلْيَدْعُ,فيعال,0.581,96:17:1,لدع/فيعال@0.58 ; ليدع/فعلال@0.58 ; ليدع/فعلال@0.58
no_root_found,N/A,بِإِذْنِ,بإذن,إِذْنِ,اذن,1.000,97:4:5,
closed_class_surface,الذين,الَّذِينَ,الذين,الَّذِينَ,closed_class,1.000,98:1:3,
closed_class_surface,الذين,الَّذِينَ,الذين,الَّذِينَ,closed_class,1.000,98:4:3,
closed_class_surface,ذلك,وَذَلِكَ,وذلك,ذَلِكَ,closed_class,1.000,98:5:14,
closed_class_surface,الذين,الَّذِينَ,الذين,الَّذِينَ,closed_class,1.000,98:6:2,
no_root_found,N/A,جَهَنَّمَ,جهنم,جَهَنَّمَ,جهنم,1.000,98:6:10,
closed_class_surface,الذين,الَّذِينَ,الذين,الَّذِينَ,closed_class,1.000,98:7:2,
no_root_found,N/A,الصَّالِحَاتِ,الصالحات,صَالِحَ,صالح,1.000,98:7:5,
closed_class_surface,ذلك,ذَلِكَ,ذلك,ذَلِكَ,closed_class,1.000,98:8:18,
no_root_found,N/A,الْأَرْضُ,الأرض,أَرْضُ,ارض,1.000,99:1:3,
no_root_found,N/A,الْأَرْضُ,الأرض,أَرْضُ,ارض,1.000,99:2:2,
closed_class_surface,ذلك,ذَلِكَ,ذلك,ذَلِكَ,closed_class,1.000,100:7:3,
no_root_found,N/A,عَيْنَ,عين,عَيْنَ,عين,1.000,102:7:3,
low_confidence,سءلن,لَتُسْأَلُنَّ,لتسألن,لَتُسْأَلُنَّ,تفعلل,0.664,102:8:2,سءل/تفعلن@0.59 ; سءل/تفعلن@0.59 ; سءل/تفعلن@0.59
closed_class_surface,الذين,الَّذِينَ,الذين,الَّذِينَ,closed_class,1.000,103:3:2,
no_root_found,N/A,الصَّالِحَاتِ,الصالحات,صَالِحَ,صالح,1.000,103:3:5,
closed_class_surface,الذي,الَّذِي,الذي,الَّذِي,closed_class,1.000,104:2:1,
low_confidence,نبذ,لَيُنْبَذَنَّ,لينبذن,لَيُنْبَذَنَّ,يفعلن,0.638,104:4:2,نبذ/يفعلن@0.64 ; نبذ/يفعلن@0.59 ; نبذ/يفعلن@0.59
closed_class_surface,التي,الَّتِي,التي,الَّتِي,closed_class,1.000,104:7:1,
no_root_found,N/A,قُرَيْشٍ,قريش,قُرَيْشٍ,قريش,1.000,106:1:2,
closed_class_surface,هذا,هَذَا,هذا,هَذَا,closed_class,1.000,106:3:3,
closed_class_surface,الذي,الَّذِي,الذي,الَّذِي,closed_class,1.000,106:4:1,
closed_class_surface,الذي,الَّذِي,الذي,الَّذِي,closed_class,1.000,107:1:2,
closed_class_surface,ذلك,فَذَلِكَ,فذلك,ذَلِكَ,closed_class,1.000,107:2:1,
closed_class_surface,الذي,الَّذِي,الذي,الَّذِي,closed_class,1.000,107:2:2,
closed_class_surface,الذين,الَّذِينَ,الذين,الَّذِينَ,closed_class,1.000,107:5:1,
closed_class_surface,الذين,الَّذِينَ,الذين,الَّذِينَ,closed_class,1.000,107:6:1,
no_root_found,N/A,مَلِكِ,ملك,مَلِكِ,ملك,1.000,114:2:1,
closed_class_surface,الذي,الَّذِي,الذي,الَّذِي,closed_class,1.000,114:5:1,
