surah,ayah,token_index,surface,plain,prev,next,gold,pred,candidates,certainty,needs_context,resolution_reason
1,7,5,غَيْرِ,غير,عَلَيْهِمْ,الْمَغْضُوبِ,ISM_MUARAB,ISM_MUARAB,,Certificate,False,MASAQ:25
2,4,3,بِمَا,بما,يُؤْمِنُونَ,أُنْزِلَ,ISM_MAWSOOL,ISM_MAWSOOL,ISM_MAWSOOL|ISM_MABNI|HARF,Certificate,True,MASAQ:48
2,4,8,مِنْ,من,أُنْزِلَ,قَبْلِكَ,HARF,HARF,HARF,Hypothesis,True,registry-exact-hypothesis:exact:02_mabniyat/preposition_meanings.json#34
2,5,4,مِنْ,من,هُدَىً,رَبِّهِمْ,HARF,HARF,HARF,Hypothesis,True,registry-exact-hypothesis:exact:02_mabniyat/preposition_meanings.json#34
2,6,1,إِنَّ,إن,,الَّذِينَ,HARF,HARF,HARF,Certificate,False,registry:exact:02_mabniyat/letters_answers.json#4
2,8,3,مَنْ,من,النَّاسِ,يَقُولُ,ISM_MAWSOOL,ISM_MAWSOOL,ISM_MAWSOOL|ISM_MABNI|HARF,Hypothesis,True,registry-exact-hypothesis:exact:02_mabniyat/relative_pronouns.json#3
2,9,7,إِلَّا,إلا,يَخْدَعُونَ,أَنْفُسَهُمْ,HARF,HARF,,Certificate,False,MASAQ:106
2,10,10,بِمَا,بما,أَلِيمٌ,كَانُوا,ISM_MAWSOOL,ISM_MAWSOOL,ISM_MAWSOOL|ISM_MABNI|HARF,Certificate,True,MASAQ:48
2,17,8,مَا,ما,أَضَاءَتْ,حَوْلَهُ,ISM_MAWSOOL,ISM_MAWSOOL,ISM_MAWSOOL|ISM_MABNI|HARF,Hypothesis,True,registry-exact-hypothesis:exact:02_mabniyat/relative_pronouns.json#13
2,19,3,مِنَ,من,كَصَيِّبٍ,السَّمَاءِ,HARF,HARF,HARF,Hypothesis,True,registry-exact-hypothesis:exact:02_mabniyat/preposition_meanings.json#32
2,19,13,مِنَ,من,آذَانِهِمْ,الصَّوَاعِقِ,HARF,HARF,HARF,Hypothesis,True,registry-exact-hypothesis:exact:02_mabniyat/preposition_meanings.json#32
2,20,20,إِنَّ,إن,وَأَبْصَارِهِمْ,اللَّهَ,HARF,HARF,HARF,Certificate,False,registry:exact:02_mabniyat/letters_answers.json#4
2,21,8,مِنْ,من,وَالَّذِينَ,قَبْلِكُمْ,HARF,HARF,HARF,Hypothesis,True,registry-exact-hypothesis:exact:02_mabniyat/preposition_meanings.json#34
2,22,9,مِنَ,من,وَأَنْزَلَ,السَّمَاءِ,HARF,HARF,HARF,Hypothesis,True,registry-exact-hypothesis:exact:02_mabniyat/preposition_meanings.json#32
2,22,14,مِنَ,من,بِهِ,الثَّمَرَاتِ,HARF,HARF,HARF,Hypothesis,True,registry-exact-hypothesis:exact:02_mabniyat/preposition_meanings.json#32
2,23,11,مِنْ,من,بِسُورَةٍ,مِثْلِهِ,HARF,HARF,HARF,Hypothesis,True,registry-exact-hypothesis:exact:02_mabniyat/preposition_meanings.json#34
2,23,15,مِنْ,من,شُهَدَاءَكُمْ,دُونِ,HARF,HARF,HARF,Hypothesis,True,registry-exact-hypothesis:exact:02_mabniyat/preposition_meanings.json#34
2,23,16,دُونِ,دون,مِنْ,اللَّهِ,ISM_MUARAB,ISM_MUARAB,,Certificate,False,MASAQ:310
2,23,18,إِنْ,إن,اللَّهِ,كُنْتُمْ,HARF,HARF,HARF,Certificate,False,registry:exact:02_mabniyat/conditional_letters_tools.json#1
2,25,6,أَنَّ,أن,الصَّالِحَاتِ,لَهُمْ,HARF,HARF,HARF,Certificate,False,registry:exact:02_mabniyat/copulative_particle.json#2
2,25,10,مِنْ,من,تَجْرِي,تَحْتِهَا,HARF,HARF,HARF,Hypothesis,True,registry-exact-hypothesis:exact:02_mabniyat/preposition_meanings.json#34
2,25,16,مِنْ,من,مِنْهَا,ثَمَرَةٍ,HARF,HARF,HARF,Hypothesis,True,registry-exact-hypothesis:exact:02_mabniyat/preposition_meanings.json#34
2,25,23,مِنْ,من,رُزِقْنَا,قَبْلُ,HARF,HARF,HARF,Hypothesis,True,registry-exact-hypothesis:exact:02_mabniyat/preposition_meanings.json#34
2,26,1,إِنَّ,إن,,اللَّهَ,HARF,HARF,HARF,Certificate,False,registry:exact:02_mabniyat/letters_answers.json#4
2,26,5,أَنْ,أن,يَسْتَحْيِي,يَضْرِبَ,HARF,HARF,HARF,Certificate,False,registry:plain:02_mabniyat/present_naseb_tools.json#1
2,26,18,مِنْ,من,الْحَقُّ,رَبِّهِمْ,HARF,HARF,HARF,Hypothesis,True,registry-exact-hypothesis:exact:02_mabniyat/preposition_meanings.json#34
2,26,38,إِلَّا,إلا,بِهِ,الْفَاسِقِينَ,HARF,HARF,,Certificate,False,MASAQ:106
2,27,5,مِنْ,من,اللَّهِ,بَعْدِ,HARF,HARF,HARF,Hypothesis,True,registry-exact-hypothesis:exact:02_mabniyat/preposition_meanings.json#34
2,27,9,مَا,ما,وَيَقْطَعُونَ,أَمَرَ,ISM_MAWSOOL,ISM_MAWSOOL,ISM_MAWSOOL|ISM_MABNI|HARF,Hypothesis,True,registry-exact-hypothesis:exact:02_mabniyat/relative_pronouns.json#13
2,27,13,أَنْ,أن,بِهِ,يُوصَلَ,HARF,HARF,HARF,Certificate,False,registry:plain:02_mabniyat/present_naseb_tools.json#1
2,29,5,مَا,ما,لَكُمْ,فِي,ISM_MAWSOOL,ISM_MAWSOOL,ISM_MAWSOOL|ISM_MABNI|HARF,Hypothesis,True,registry-exact-hypothesis:exact:02_mabniyat/relative_pronouns.json#13
2,30,13,مَنْ,من,فِيهَا,يُفْسِدُ,ISM_MAWSOOL,ISM_MAWSOOL,ISM_MAWSOOL|ISM_MABNI|HARF,Hypothesis,True,registry-exact-hypothesis:exact:02_mabniyat/relative_pronouns.json#3
2,30,26,مَا,ما,أَعْلَمُ,لَا,ISM_MAWSOOL,ISM_MAWSOOL,ISM_MAWSOOL|ISM_MABNI|HARF,Hypothesis,True,registry-exact-hypothesis:exact:02_mabniyat/relative_pronouns.json#13
2,31,13,إِنْ,إن,هَؤُلَاءِ,كُنْتُمْ,HARF,HARF,HARF,Certificate,False,registry:exact:02_mabniyat/conditional_letters_tools.json#1
2,32,6,إِلَّا,إلا,لَنَا,مَا,HARF,HARF,,Certificate,False,MASAQ:106
2,32,7,مَا,ما,إِلَّا,عَلَّمْتَنَا,ISM_MAWSOOL,ISM_MAWSOOL,ISM_MAWSOOL|ISM_MABNI|HARF,Hypothesis,True,registry-exact-hypothesis:exact:02_mabniyat/relative_pronouns.json#13
2,33,18,مَا,ما,وَأَعْلَمُ,تُبْدُونَ,ISM_MAWSOOL,ISM_MAWSOOL,ISM_MAWSOOL|ISM_MABNI|HARF,Hypothesis,True,registry-exact-hypothesis:exact:02_mabniyat/relative_pronouns.json#13
2,34,7,إِلَّا,إلا,فَسَجَدُوا,إِبْلِيسَ,HARF,HARF,,Certificate,False,MASAQ:106
2,34,12,مِنَ,من,وَكَانَ,الْكَافِرِينَ,HARF,HARF,HARF,Hypothesis,True,registry-exact-hypothesis:exact:02_mabniyat/preposition_meanings.json#32
2,35,17,مِنَ,من,فَتَكُونَا,الظَّالِمِينَ,HARF,HARF,HARF,Hypothesis,True,registry-exact-hypothesis:exact:02_mabniyat/preposition_meanings.json#32
2,37,3,مِنْ,من,آدَمُ,رَبِّهِ,HARF,HARF,HARF,Hypothesis,True,registry-exact-hypothesis:exact:02_mabniyat/preposition_meanings.json#34
2,41,2,بِمَا,بما,وَآمِنُوا,أَنْزَلْتُ,ISM_MAWSOOL,ISM_MAWSOOL,ISM_MAWSOOL|ISM_MABNI|HARF,Certificate,True,MASAQ:48
2,45,6,إِلَّا,إلا,لَكَبِيرَةٌ,عَلَى,HARF,HARF,,Certificate,False,MASAQ:106
2,49,3,مِنْ,من,نَجَّيْنَاكُمْ,آلِ,HARF,HARF,HARF,Hypothesis,True,registry-exact-hypothesis:exact:02_mabniyat/preposition_meanings.json#34
2,49,16,مِنْ,من,بَلَاءٌ,رَبِّكُمْ,HARF,HARF,HARF,Hypothesis,True,registry-exact-hypothesis:exact:02_mabniyat/preposition_meanings.json#34
2,51,9,مِنْ,من,الْعِجْلَ,بَعْدِهِ,HARF,HARF,HARF,Hypothesis,True,registry-exact-hypothesis:exact:02_mabniyat/preposition_meanings.json#34
2,52,4,مِنْ,من,عَنْكُمْ,بَعْدِ,HARF,HARF,HARF,Hypothesis,True,registry-exact-hypothesis:exact:02_mabniyat/preposition_meanings.json#34
2,55,7,حَتَّى,حتى,لَكَ,نَرَى,HARF,HARF,HARF,Certificate,False,registry:exact:02_mabniyat/preposition_meanings.json#48
2,56,3,مِنْ,من,بَعَثْنَاكُمْ,بَعْدِ,HARF,HARF,HARF,Hypothesis,True,registry-exact-hypothesis:exact:02_mabniyat/preposition_meanings.json#34
2,57,9,مِنْ,من,كُلُوا,طَيِّبَاتِ,HARF,HARF,HARF,Hypothesis,True,registry-exact-hypothesis:exact:02_mabniyat/preposition_meanings.json#34
2,57,11,مَا,ما,طَيِّبَاتِ,رَزَقْنَاكُمْ,ISM_MAWSOOL,ISM_MAWSOOL,ISM_MAWSOOL|ISM_MABNI|HARF,Hypothesis,True,registry-exact-hypothesis:exact:02_mabniyat/relative_pronouns.json#13
2,59,5,غَيْرَ,غير,قَوْلَاً,الَّذِي,ISM_MUARAB,ISM_MUARAB,,Certificate,False,MASAQ:870
2,59,14,مِنَ,من,رِجْزَاً,السَّمَاءِ,HARF,HARF,HARF,Hypothesis,True,registry-exact-hypothesis:exact:02_mabniyat/preposition_meanings.json#32
2,59,16,بِمَا,بما,السَّمَاءِ,كَانُوا,ISM_MAWSOOL,ISM_MAWSOOL,ISM_MAWSOOL|ISM_MABNI|HARF,Certificate,True,MASAQ:48
2,60,21,مِنْ,من,وَاشْرَبُوا,رِزْقِ,HARF,HARF,HARF,Hypothesis,True,registry-exact-hypothesis:exact:02_mabniyat/preposition_meanings.json#34
2,61,17,مِنْ,من,الْأَرْضُ,بَقْلِهَا,HARF,HARF,HARF,Hypothesis,True,registry-exact-hypothesis:exact:02_mabniyat/preposition_meanings.json#34
2,61,35,مَا,ما,لَكُمْ,سَأَلْتُمْ,ISM_MAWSOOL,ISM_MAWSOOL,ISM_MAWSOOL|ISM_MABNI|HARF,Hypothesis,True,registry-exact-hypothesis:exact:02_mabniyat/relative_pronouns.json#13
2,61,43,مِنَ,من,بِغَضَبٍ,اللَّهِ,HARF,HARF,HARF,Hypothesis,True,registry-exact-hypothesis:exact:02_mabniyat/preposition_meanings.json#32
2,61,56,بِمَا,بما,ذَلِكَ,عَصَوْا,ISM_MAWSOOL,ISM_MAWSOOL,ISM_MAWSOOL|ISM_MABNI|HARF,Certificate,True,MASAQ:48
2,62,1,إِنَّ,إن,,الَّذِينَ,HARF,HARF,HARF,Certificate,False,registry:exact:02_mabniyat/letters_answers.json#4
2,62,8,مَنْ,من,وَالصَّابِئِينَ,آمَنَ,ISM_MAWSOOL,ISM_MAWSOOL,ISM_MAWSOOL|ISM_MABNI|HARF,Hypothesis,True,registry-exact-hypothesis:exact:02_mabniyat/relative_pronouns.json#3
2,63,8,مَا,ما,خُذُوا,آتَيْنَاكُمْ,ISM_MAWSOOL,ISM_MAWSOOL,ISM_MAWSOOL|ISM_MABNI|HARF,Hypothesis,True,registry-exact-hypothesis:exact:02_mabniyat/relative_pronouns.json#13
2,63,12,مَا,ما,وَاذْكُرُوا,فِيهِ,ISM_MAWSOOL,ISM_MAWSOOL,ISM_MAWSOOL|ISM_MABNI|HARF,Hypothesis,True,registry-exact-hypothesis:exact:02_mabniyat/relative_pronouns.json#13
2,64,3,مِنْ,من,تَوَلَّيْتُمْ,بَعْدِ,HARF,HARF,HARF,Hypothesis,True,registry-exact-hypothesis:exact:02_mabniyat/preposition_meanings.json#34
2,64,12,مِنَ,من,لَكُنْتُمْ,الْخَاسِرِينَ,HARF,HARF,HARF,Hypothesis,True,registry-exact-hypothesis:exact:02_mabniyat/preposition_meanings.json#32
2,67,5,إِنَّ,إن,لِقَوْمِهِ,اللَّهَ,HARF,HARF,HARF,Certificate,False,registry:exact:02_mabniyat/letters_answers.json#4
2,67,8,أَنْ,أن,يَأْمُرُكُمْ,تَذْبَحُوا,HARF,HARF,HARF,Certificate,False,registry:plain:02_mabniyat/present_naseb_tools.json#1
2,67,17,أَنْ,أن,بِاللَّهِ,أَكُونَ,HARF,HARF,HARF,Certificate,False,registry:plain:02_mabniyat/present_naseb_tools.json#1
2,67,19,مِنَ,من,أَكُونَ,الْجَاهِلِينَ,HARF,HARF,HARF,Hypothesis,True,registry-exact-hypothesis:exact:02_mabniyat/preposition_meanings.json#32
2,68,22,مَا,ما,فَافْعَلُوا,تُؤْمَرُونَ,ISM_MAWSOOL,ISM_MAWSOOL,ISM_MAWSOOL|ISM_MABNI|HARF,Hypothesis,True,registry-exact-hypothesis:exact:02_mabniyat/relative_pronouns.json#13
2,70,9,إِنَّ,إن,هِيَ,الْبَقَرَ,HARF,HARF,HARF,Certificate,False,registry:exact:02_mabniyat/letters_answers.json#4
2,70,14,إِنْ,إن,وَإِنَّا,شَاءَ,HARF,HARF,HARF,Certificate,False,registry:exact:02_mabniyat/conditional_letters_tools.json#1
2,72,8,مَا,ما,مُخْرِجٌ,كُنْتُمْ,ISM_MAWSOOL,ISM_MAWSOOL,ISM_MAWSOOL|ISM_MABNI|HARF,Hypothesis,True,registry-exact-hypothesis:exact:02_mabniyat/relative_pronouns.json#13
2,74,4,مِنْ,من,قُلُوبُكُمْ,بَعْدِ,HARF,HARF,HARF,Hypothesis,True,registry-exact-hypothesis:exact:02_mabniyat/preposition_meanings.json#34
2,74,13,مِنَ,من,وَإِنَّ,الْحِجَارَةِ,HARF,HARF,HARF,Hypothesis,True,registry-exact-hypothesis:exact:02_mabniyat/preposition_meanings.json#32
2,74,30,مِنْ,من,يَهْبِطُ,خَشْيَةِ,HARF,HARF,HARF,Hypothesis,True,registry-exact-hypothesis:exact:02_mabniyat/preposition_meanings.json#34
2,75,2,أَنْ,أن,أَفَتَطْمَعُونَ,يُؤْمِنُوا,HARF,HARF,HARF,Certificate,False,registry:plain:02_mabniyat/present_naseb_tools.json#1
2,75,14,مِنْ,من,يُحَرِّفُونَهُ,بَعْدِ,HARF,HARF,HARF,Hypothesis,True,registry-exact-hypothesis:exact:02_mabniyat/preposition_meanings.json#34
2,75,16,مَا,ما,بَعْدِ,عَقَلُوهُ,ISM_MAWSOOL,ISM_MAWSOOL,ISM_MAWSOOL|ISM_MABNI|HARF,Hypothesis,True,registry-exact-hypothesis:exact:02_mabniyat/relative_pronouns.json#13
2,76,14,بِمَا,بما,أَتُحَدِّثُونَهُمْ,فَتَحَ,ISM_MAWSOOL,ISM_MAWSOOL,ISM_MAWSOOL|ISM_MABNI|HARF,Certificate,True,MASAQ:48
2,77,3,أَنَّ,أن,يَعْلَمُونَ,اللَّهَ,HARF,HARF,HARF,Certificate,False,registry:exact:02_mabniyat/copulative_particle.json#2
2,77,6,مَا,ما,يَعْلَمُ,يُسِرُّونَ,ISM_MAWSOOL,ISM_MAWSOOL,ISM_MAWSOOL|ISM_MABNI|HARF,Hypothesis,True,registry-exact-hypothesis:exact:02_mabniyat/relative_pronouns.json#13
2,78,6,إِلَّا,إلا,الْكِتَابَ,أَمَانِيَّ,HARF,HARF,,Certificate,False,MASAQ:106
2,78,10,إِلَّا,إلا,هُمْ,يَظُنُّونَ,HARF,HARF,,Certificate,False,MASAQ:106
2,79,9,مِنْ,من,هَذَا,عِنْدِ,HARF,HARF,HARF,Hypothesis,True,registry-exact-hypothesis:exact:02_mabniyat/preposition_meanings.json#34
2,80,5,إِلَّا,إلا,النَّارُ,أَيَّامَاً,HARF,HARF,,Certificate,False,MASAQ:106
2,80,21,مَا,ما,اللَّهِ,لَا,ISM_MAWSOOL,ISM_MAWSOOL,ISM_MAWSOOL|ISM_MABNI|HARF,Hypothesis,True,registry-exact-hypothesis:exact:02_mabniyat/relative_pronouns.json#13
2,83,8,إِلَّا,إلا,تَعْبُدُونَ,اللَّهَ,HARF,HARF,,Certificate,False,MASAQ:106
2,83,25,إِلَّا,إلا,تَوَلَّيْتُمْ,قَلِيلَاً,HARF,HARF,,Certificate,False,MASAQ:106
2,84,10,مِنْ,من,أَنْفُسَكُمْ,دِيَارِكُمْ,HARF,HARF,HARF,Hypothesis,True,registry-exact-hypothesis:exact:02_mabniyat/preposition_meanings.json#34
2,85,9,مِنْ,من,مِنْكُمْ,دِيَارِهِمْ,HARF,HARF,HARF,Hypothesis,True,registry-exact-hypothesis:exact:02_mabniyat/preposition_meanings.json#34
2,85,30,مَنْ,من,جَزَاءُ,يَفْعَلُ,ISM_MAWSOOL,ISM_MAWSOOL,ISM_MAWSOOL|ISM_MABNI|HARF,Hypothesis,True,registry-exact-hypothesis:exact:02_mabniyat/relative_pronouns.json#3
2,85,34,إِلَّا,إلا,مِنْكُمْ,خِزْيٌ,HARF,HARF,,Certificate,False,MASAQ:106
2,87,6,مِنْ,من,وَقَفَّيْنَا,بَعْدِهِ,HARF,HARF,HARF,Hypothesis,True,registry-exact-hypothesis:exact:02_mabniyat/preposition_meanings.json#34
2,87,20,بِمَا,بما,رَسُولٌ,لَا,ISM_MAWSOOL,ISM_MAWSOOL,ISM_MAWSOOL|ISM_MABNI|HARF,Certificate,True,MASAQ:48
2,89,4,مِنْ,من,كِتَابٌ,عِنْدِ,HARF,HARF,HARF,Hypothesis,True,registry-exact-hypothesis:exact:02_mabniyat/preposition_meanings.json#34
2,89,11,مِنْ,من,وَكَانُوا,قَبْلُ,HARF,HARF,HARF,Hypothesis,True,registry-exact-hypothesis:exact:02_mabniyat/preposition_meanings.json#34
2,89,19,مَا,ما,جَاءَهُمْ,عَرَفُوا,ISM_MAWSOOL,ISM_MAWSOOL,ISM_MAWSOOL|ISM_MABNI|HARF,Hypothesis,True,registry-exact-hypothesis:exact:02_mabniyat/relative_pronouns.json#13
2,90,5,أَنْ,أن,أَنْفُسَهُمْ,يَكْفُرُوا,HARF,HARF,HARF,Certificate,False,registry:plain:02_mabniyat/present_naseb_tools.json#1
2,90,7,بِمَا,بما,يَكْفُرُوا,أَنْزَلَ,ISM_MAWSOOL,ISM_MAWSOOL,ISM_MAWSOOL|ISM_MABNI|HARF,Certificate,True,MASAQ:48
2,90,11,أَنْ,أن,بَغْيَاً,يُنَزِّلَ,HARF,HARF,HARF,Certificate,False,registry:plain:02_mabniyat/present_naseb_tools.json#1
2,90,14,مِنْ,من,اللَّهُ,فَضْلِهِ,HARF,HARF,HARF,Hypothesis,True,registry-exact-hypothesis:exact:02_mabniyat/preposition_meanings.json#34
2,90,17,مَنْ,من,عَلَى,يَشَاءُ,ISM_MAWSOOL,ISM_MAWSOOL,ISM_MAWSOOL|ISM_MABNI|HARF,Hypothesis,True,registry-exact-hypothesis:exact:02_mabniyat/relative_pronouns.json#3
2,90,19,مِنْ,من,يَشَاءُ,عِبَادِهِ,HARF,HARF,HARF,Hypothesis,True,registry-exact-hypothesis:exact:02_mabniyat/preposition_meanings.json#34
2,91,5,بِمَا,بما,آمِنُوا,أَنْزَلَ,ISM_MAWSOOL,ISM_MAWSOOL,ISM_MAWSOOL|ISM_MABNI|HARF,Certificate,True,MASAQ:48
2,91,10,بِمَا,بما,نُؤْمِنُ,أُنْزِلَ,ISM_MAWSOOL,ISM_MAWSOOL,ISM_MAWSOOL|ISM_MABNI|HARF,Certificate,True,MASAQ:48
2,91,14,بِمَا,بما,وَيَكْفُرُونَ,وَرَاءَهُ,ISM_MAWSOOL,ISM_MAWSOOL,ISM_MAWSOOL|ISM_MABNI|HARF,Certificate,True,MASAQ:48
2,91,26,مِنْ,من,اللَّهِ,قَبْلُ,HARF,HARF,HARF,Hypothesis,True,registry-exact-hypothesis:exact:02_mabniyat/preposition_meanings.json#34
2,91,28,إِنْ,إن,قَبْلُ,كُنْتُمْ,HARF,HARF,HARF,Certificate,False,registry:exact:02_mabniyat/conditional_letters_tools.json#1
2,92,8,مِنْ,من,الْعِجْلَ,بَعْدِهِ,HARF,HARF,HARF,Hypothesis,True,registry-exact-hypothesis:exact:02_mabniyat/preposition_meanings.json#34
2,93,8,مَا,ما,خُذُوا,آتَيْنَاكُمْ,ISM_MAWSOOL,ISM_MAWSOOL,ISM_MAWSOOL|ISM_MABNI|HARF,Hypothesis,True,registry-exact-hypothesis:exact:02_mabniyat/relative_pronouns.json#13
2,93,25,إِنْ,إن,إِيمَانُكُمْ,كُنْتُمْ,HARF,HARF,HARF,Certificate,False,registry:exact:02_mabniyat/conditional_letters_tools.json#1
2,94,2,إِنْ,إن,قُلْ,كَانَتْ,HARF,HARF,HARF,Certificate,False,registry:exact:02_mabniyat/conditional_letters_tools.json#1
2,94,10,مِنْ,من,خَالِصَةً,دُونِ,HARF,HARF,HARF,Hypothesis,True,registry-exact-hypothesis:exact:02_mabniyat/preposition_meanings.json#34
2,94,11,دُونِ,دون,مِنْ,النَّاسِ,ISM_MUARAB,ISM_MUARAB,,Certificate,False,MASAQ:310
2,94,15,إِنْ,إن,الْمَوْتَ,كُنْتُمْ,HARF,HARF,HARF,Certificate,False,registry:exact:02_mabniyat/conditional_letters_tools.json#1
2,95,4,بِمَا,بما,أَبَدَاً,قَدَّمَتْ,ISM_MAWSOOL,ISM_MAWSOOL,ISM_MAWSOOL|ISM_MABNI|HARF,Certificate,True,MASAQ:48
2,96,18,مِنَ,من,بِمُزَحْزِحِهِ,الْعَذَابِ,HARF,HARF,HARF,Hypothesis,True,registry-exact-hypothesis:exact:02_mabniyat/preposition_meanings.json#32
2,96,20,أَنْ,أن,الْعَذَابِ,يُعَمَّرَ,HARF,HARF,HARF,Certificate,False,registry:plain:02_mabniyat/present_naseb_tools.json#1
2,96,24,بِمَا,بما,بَصِيرٌ,يَعْمَلُونَ,ISM_MAWSOOL,ISM_MAWSOOL,ISM_MAWSOOL|ISM_MABNI|HARF,Certificate,True,MASAQ:48
2,97,2,مَنْ,من,قُلْ,كَانَ,HARF,ISM_MAWSOOL,ISM_MAWSOOL|ISM_MABNI|HARF,Hypothesis,True,registry-exact-hypothesis:exact:02_mabniyat/relative_pronouns.json#3
2,98,1,مَنْ,من,,كَانَ,HARF,ISM_MAWSOOL,ISM_MAWSOOL|ISM_MABNI|HARF,Hypothesis,True,registry-exact-hypothesis:exact:02_mabniyat/relative_pronouns.json#3
2,99,9,إِلَّا,إلا,بِهَا,الْفَاسِقُونَ,HARF,HARF,,Certificate,False,MASAQ:106
2,101,4,مِنْ,من,رَسُولٌ,عِنْدِ,HARF,HARF,HARF,Hypothesis,True,registry-exact-hypothesis:exact:02_mabniyat/preposition_meanings.json#34
2,101,12,مِنَ,من,فَرِيقٌ,الَّذِينَ,HARF,HARF,HARF,Hypothesis,True,registry-exact-hypothesis:exact:02_mabniyat/preposition_meanings.json#32
2,102,2,مَا,ما,وَاتَّبَعُوا,تَتْلُو,ISM_MAWSOOL,ISM_MAWSOOL,ISM_MAWSOOL|ISM_MABNI|HARF,Hypothesis,True,registry-exact-hypothesis:exact:02_mabniyat/relative_pronouns.json#13
2,102,26,مِنْ,من,يُعَلِّمَانِ,أَحَدٍ,HARF,HARF,HARF,Hypothesis,True,registry-exact-hypothesis:exact:02_mabniyat/preposition_meanings.json#34
2,102,28,حَتَّى,حتى,أَحَدٍ,يَقُولَا,HARF,HARF,HARF,Certificate,False,registry:exact:02_mabniyat/preposition_meanings.json#48
2,102,37,مَا,ما,مِنْهُمَا,يُفَرِّقُونَ,ISM_MAWSOOL,ISM_MAWSOOL,ISM_MAWSOOL|ISM_MABNI|HARF,Hypothesis,True,registry-exact-hypothesis:exact:02_mabniyat/relative_pronouns.json#13
2,102,47,مِنْ,من,بِهِ,أَحَدٍ,HARF,HARF,HARF,Hypothesis,True,registry-exact-hypothesis:exact:02_mabniyat/preposition_meanings.json#34
2,102,49,إِلَّا,إلا,أَحَدٍ,بِإِذْنِ,HARF,HARF,,Certificate,False,MASAQ:106
2,102,53,مَا,ما,وَيَتَعَلَّمُونَ,يَضُرُّهُمْ,ISM_MAWSOOL,ISM_MAWSOOL,ISM_MAWSOOL|ISM_MABNI|HARF,Hypothesis,True,registry-exact-hypothesis:exact:02_mabniyat/relative_pronouns.json#13
2,102,61,مَا,ما,اشْتَرَاهُ,لَهُ,HARF,ISM_MAWSOOL,ISM_MAWSOOL|ISM_MABNI|HARF,Hypothesis,True,registry-exact-hypothesis:exact:02_mabniyat/relative_pronouns.json#13
2,102,65,مِنْ,من,الْآخِرَةِ,خَلَاقٍ,HARF,HARF,HARF,Hypothesis,True,registry-exact-hypothesis:exact:02_mabniyat/preposition_meanings.json#34
2,102,68,مَا,ما,وَلَبِئْسَ,شَرَوْا,ISM_MAWSOOL,ISM_MAWSOOL,ISM_MAWSOOL|ISM_MABNI|HARF,Hypothesis,True,registry-exact-hypothesis:exact:02_mabniyat/relative_pronouns.json#13
2,103,6,مِنْ,من,لَمَثُوبَةٌ,عِنْدِ,HARF,HARF,HARF,Hypothesis,True,registry-exact-hypothesis:exact:02_mabniyat/preposition_meanings.json#34
2,105,1,مَا,ما,,يَوَدُّ,HARF,ISM_MAWSOOL,ISM_MAWSOOL|ISM_MABNI|HARF,Hypothesis,True,registry-exact-hypothesis:exact:02_mabniyat/relative_pronouns.json#13
2,105,5,مِنْ,من,كَفَرُوا,أَهْلِ,HARF,HARF,HARF,Hypothesis,True,registry-exact-hypothesis:exact:02_mabniyat/preposition_meanings.json#34
2,105,10,أَنْ,أن,الْمُشْرِكِينَ,يُنَزَّلَ,HARF,HARF,HARF,Certificate,False,registry:plain:02_mabniyat/present_naseb_tools.json#1
2,105,13,مِنْ,من,عَلَيْكُمْ,خَيْرٍ,HARF,HARF,HARF,Hypothesis,True,registry-exact-hypothesis:exact:02_mabniyat/preposition_meanings.json#34
2,105,15,مِنْ,من,خَيْرٍ,رَبِّكُمْ,HARF,HARF,HARF,Hypothesis,True,registry-exact-hypothesis:exact:02_mabniyat/preposition_meanings.json#34
2,105,20,مَنْ,من,بِرَحْمَتِهِ,يَشَاءُ,ISM_MAWSOOL,ISM_MAWSOOL,ISM_MAWSOOL|ISM_MABNI|HARF,Hypothesis,True,registry-exact-hypothesis:exact:02_mabniyat/relative_pronouns.json#3
2,106,1,مَا,ما,,نَنْسَخْ,HARF,ISM_MAWSOOL,ISM_MAWSOOL|ISM_MABNI|HARF,Hypothesis,True,registry-exact-hypothesis:exact:02_mabniyat/relative_pronouns.json#13
2,106,3,مِنْ,من,نَنْسَخْ,آيَةٍ,HARF,HARF,HARF,Hypothesis,True,registry-exact-hypothesis:exact:02_mabniyat/preposition_meanings.json#34
2,106,14,أَنَّ,أن,تَعْلَمْ,اللَّهَ,HARF,HARF,HARF,Certificate,False,registry:exact:02_mabniyat/copulative_particle.json#2
2,107,3,أَنَّ,أن,تَعْلَمْ,اللَّهَ,HARF,HARF,HARF,Certificate,False,registry:exact:02_mabniyat/copulative_particle.json#2
2,107,11,مِنْ,من,لَكُمْ,دُونِ,HARF,HARF,HARF,Hypothesis,True,registry-exact-hypothesis:exact:02_mabniyat/preposition_meanings.json#34
2,107,12,دُونِ,دون,مِنْ,اللَّهِ,ISM_MUARAB,ISM_MUARAB,,Certificate,False,MASAQ:310
2,107,14,مِنْ,من,اللَّهِ,وَلِيٍّ,HARF,HARF,HARF,Hypothesis,True,registry-exact-hypothesis:exact:02_mabniyat/preposition_meanings.json#34
2,108,3,أَنْ,أن,تُرِيدُونَ,تَسْأَلُوا,HARF,HARF,HARF,Certificate,False,registry:plain:02_mabniyat/present_naseb_tools.json#1
2,108,9,مِنْ,من,مُوسَى,قَبْلُ,HARF,HARF,HARF,Hypothesis,True,registry-exact-hypothesis:exact:02_mabniyat/preposition_meanings.json#34
2,109,3,مِنْ,من,كَثِيرٌ,أَهْلِ,HARF,HARF,HARF,Hypothesis,True,registry-exact-hypothesis:exact:02_mabniyat/preposition_meanings.json#34
2,109,8,مِنْ,من,يَرُدُّونَكُمْ,بَعْدِ,HARF,HARF,HARF,Hypothesis,True,registry-exact-hypothesis:exact:02_mabniyat/preposition_meanings.json#34
2,109,13,مِنْ,من,حَسَدَاً,عِنْدِ,HARF,HARF,HARF,Hypothesis,True,registry-exact-hypothesis:exact:02_mabniyat/preposition_meanings.json#34
2,109,16,مِنْ,من,أَنْفُسِهِمْ,بَعْدِ,HARF,HARF,HARF,Hypothesis,True,registry-exact-hypothesis:exact:02_mabniyat/preposition_meanings.json#34
2,109,18,مَا,ما,بَعْدِ,تَبَيَّنَ,ISM_MAWSOOL,ISM_MAWSOOL,ISM_MAWSOOL|ISM_MABNI|HARF,Hypothesis,True,registry-exact-hypothesis:exact:02_mabniyat/relative_pronouns.json#13
2,109,24,حَتَّى,حتى,وَاصْفَحُوا,يَأْتِيَ,HARF,HARF,HARF,Certificate,False,registry:exact:02_mabniyat/preposition_meanings.json#48
2,109,28,إِنَّ,إن,بِأَمْرِهِ,اللَّهَ,HARF,HARF,HARF,Certificate,False,registry:exact:02_mabniyat/letters_answers.json#4
2,110,8,مِنْ,من,لِأَنْفُسِكُمْ,خَيْرٍ,HARF,HARF,HARF,Hypothesis,True,registry-exact-hypothesis:exact:02_mabniyat/preposition_meanings.json#34
2,110,13,إِنَّ,إن,اللَّهِ,اللَّهَ,HARF,HARF,HARF,Certificate,False,registry:exact:02_mabniyat/letters_answers.json#4
2,110,15,بِمَا,بما,اللَّهَ,تَعْمَلُونَ,ISM_MAWSOOL,ISM_MAWSOOL,ISM_MAWSOOL|ISM_MABNI|HARF,Certificate,True,MASAQ:48
2,111,5,إِلَّا,إلا,الْجَنَّةَ,مَنْ,HARF,HARF,,Certificate,False,MASAQ:106
2,111,6,مَنْ,من,إِلَّا,كَانَ,ISM_MAWSOOL,ISM_MAWSOOL,ISM_MAWSOOL|ISM_MABNI|HARF,Hypothesis,True,registry-exact-hypothesis:exact:02_mabniyat/relative_pronouns.json#3
2,111,16,إِنْ,إن,بُرْهَانَكُمْ,كُنْتُمْ,HARF,HARF,HARF,Certificate,False,registry:exact:02_mabniyat/conditional_letters_tools.json#1
2,112,2,مَنْ,من,بَلَى,أَسْلَمَ,HARF,ISM_MAWSOOL,ISM_MAWSOOL|ISM_MABNI|HARF,Hypothesis,True,registry-exact-hypothesis:exact:02_mabniyat/relative_pronouns.json#3
2,114,7,أَنْ,أن,اللَّهِ,يُذْكَرَ,HARF,HARF,HARF,Certificate,False,registry:plain:02_mabniyat/present_naseb_tools.json#1
2,114,15,مَا,ما,أُولَئِكَ,كَانَ,HARF,ISM_MAWSOOL,ISM_MAWSOOL|ISM_MABNI|HARF,Hypothesis,True,registry-exact-hypothesis:exact:02_mabniyat/relative_pronouns.json#13
2,114,18,أَنْ,أن,لَهُمْ,يَدْخُلُوهَا,HARF,HARF,HARF,Certificate,False,registry:plain:02_mabniyat/present_naseb_tools.json#1
2,114,20,إِلَّا,إلا,يَدْخُلُوهَا,خَائِفِينَ,HARF,HARF,,Certificate,False,MASAQ:106
2,115,9,إِنَّ,إن,اللَّهِ,اللَّهَ,HARF,HARF,HARF,Certificate,False,registry:exact:02_mabniyat/letters_answers.json#4
2,116,8,مَا,ما,لَهُ,فِي,ISM_MAWSOOL,ISM_MAWSOOL,ISM_MAWSOOL|ISM_MABNI|HARF,Hypothesis,True,registry-exact-hypothesis:exact:02_mabniyat/relative_pronouns.json#13
2,118,14,مِنْ,من,الَّذِينَ,قَبْلِهِمْ,HARF,HARF,HARF,Hypothesis,True,registry-exact-hypothesis:exact:02_mabniyat/preposition_meanings.json#34
2,120,7,حَتَّى,حتى,النَّصَارَى,تَتَّبِعَ,HARF,HARF,HARF,Certificate,False,registry:exact:02_mabniyat/preposition_meanings.json#48
2,120,11,إِنَّ,إن,قُلْ,هُدَى,HARF,HARF,HARF,Certificate,False,registry:exact:02_mabniyat/letters_answers.json#4
2,120,22,مِنَ,من,جَاءَكَ,الْعِلْمِ,HARF,HARF,HARF,Hypothesis,True,registry-exact-hypothesis:exact:02_mabniyat/preposition_meanings.json#32
2,120,24,مَا,ما,الْعِلْمِ,لَكَ,HARF,ISM_MAWSOOL,ISM_MAWSOOL|ISM_MABNI|HARF,Hypothesis,True,registry-exact-hypothesis:exact:02_mabniyat/relative_pronouns.json#13
2,120,26,مِنَ,من,لَكَ,اللَّهِ,HARF,HARF,HARF,Hypothesis,True,registry-exact-hypothesis:exact:02_mabniyat/preposition_meanings.json#32
2,120,28,مِنْ,من,اللَّهِ,وَلِيٍّ,HARF,HARF,HARF,Hypothesis,True,registry-exact-hypothesis:exact:02_mabniyat/preposition_meanings.json#34
2,125,8,مِنْ,من,وَاتَّخِذُوا,مَقَامِ,HARF,HARF,HARF,Hypothesis,True,registry-exact-hypothesis:exact:02_mabniyat/preposition_meanings.json#34
2,125,16,أَنْ,أن,وَإِسْمَاعِيلَ,طَهِّرَا,HARF,HARF,HARF,Certificate,False,registry:plain:02_mabniyat/present_naseb_tools.json#1
2,126,11,مِنَ,من,أَهْلَهُ,الثَّمَرَاتِ,HARF,HARF,HARF,Hypothesis,True,registry-exact-hypothesis:exact:02_mabniyat/preposition_meanings.json#32
2,126,13,مَنْ,من,الثَّمَرَاتِ,آمَنَ,ISM_MAWSOOL,ISM_MAWSOOL,ISM_MAWSOOL|ISM_MABNI|HARF,Hypothesis,True,registry-exact-hypothesis:exact:02_mabniyat/relative_pronouns.json#3
2,127,5,مِنَ,من,الْقَوَاعِدَ,الْبَيْتِ,HARF,HARF,HARF,Hypothesis,True,registry-exact-hypothesis:exact:02_mabniyat/preposition_meanings.json#32
2,130,6,إِلَّا,إلا,إِبْرَاهِيمَ,مَنْ,HARF,HARF,,Certificate,False,MASAQ:106
2,130,7,مَنْ,من,إِلَّا,سَفِهَ,ISM_MAWSOOL,ISM_MAWSOOL,ISM_MAWSOOL|ISM_MABNI|HARF,Hypothesis,True,registry-exact-hypothesis:exact:02_mabniyat/relative_pronouns.json#3
2,132,7,إِنَّ,إن,يَابَنِيَّ,اللَّهَ,HARF,HARF,HARF,Certificate,False,registry:exact:02_mabniyat/letters_answers.json#4
2,132,14,إِلَّا,إلا,تَمُوتُنَّ,وَأَنْتُمْ,HARF,HARF,,Certificate,False,MASAQ:106
2,133,13,مِنْ,من,تَعْبُدُونَ,بَعْدِي,HARF,HARF,HARF,Hypothesis,True,registry-exact-hypothesis:exact:02_mabniyat/preposition_meanings.json#34
2,134,6,مَا,ما,لَهَا,كَسَبَتْ,ISM_MAWSOOL,ISM_MAWSOOL,ISM_MAWSOOL|ISM_MABNI|HARF,Hypothesis,True,registry-exact-hypothesis:exact:02_mabniyat/relative_pronouns.json#13
2,134,9,مَا,ما,وَلَكُمْ,كَسَبْتُمْ,ISM_MAWSOOL,ISM_MAWSOOL,ISM_MAWSOOL|ISM_MABNI|HARF,Hypothesis,True,registry-exact-hypothesis:exact:02_mabniyat/relative_pronouns.json#13
2,135,14,مِنَ,من,كَانَ,الْمُشْرِكِينَ,HARF,HARF,HARF,Hypothesis,True,registry-exact-hypothesis:exact:02_mabniyat/preposition_meanings.json#32
2,136,22,مِنْ,من,النَّبِيُّونَ,رَبِّهِمْ,HARF,HARF,HARF,Hypothesis,True,registry-exact-hypothesis:exact:02_mabniyat/preposition_meanings.json#34
2,137,4,مَا,ما,بِمِثْلِ,آمَنْتُمْ,ISM_MAWSOOL,ISM_MAWSOOL,ISM_MAWSOOL|ISM_MABNI|HARF,Hypothesis,True,registry-exact-hypothesis:exact:02_mabniyat/relative_pronouns.json#13
2,138,5,مِنَ,من,أَحْسَنُ,اللَّهِ,HARF,HARF,HARF,Hypothesis,True,registry-exact-hypothesis:exact:02_mabniyat/preposition_meanings.json#32
2,140,3,إِنَّ,إن,تَقُولُونَ,إِبْرَاهِيمَ,HARF,HARF,HARF,Certificate,False,registry:exact:02_mabniyat/letters_answers.json#4
2,140,24,مِنَ,من,عِنْدَهُ,اللَّهِ,HARF,HARF,HARF,Hypothesis,True,registry-exact-hypothesis:exact:02_mabniyat/preposition_meanings.json#32
2,141,6,مَا,ما,لَهَا,كَسَبَتْ,ISM_MAWSOOL,ISM_MAWSOOL,ISM_MAWSOOL|ISM_MABNI|HARF,Hypothesis,True,registry-exact-hypothesis:exact:02_mabniyat/relative_pronouns.json#13
2,141,9,مَا,ما,وَلَكُمْ,كَسَبْتُمْ,ISM_MAWSOOL,ISM_MAWSOOL,ISM_MAWSOOL|ISM_MABNI|HARF,Hypothesis,True,registry-exact-hypothesis:exact:02_mabniyat/relative_pronouns.json#13
2,142,3,مِنَ,من,السُّفَهَاءُ,النَّاسِ,HARF,HARF,HARF,Hypothesis,True,registry-exact-hypothesis:exact:02_mabniyat/preposition_meanings.json#32
2,142,17,مَنْ,من,يَهْدِي,يَشَاءُ,HARF,ISM_MAWSOOL,ISM_MAWSOOL|ISM_MABNI|HARF,Hypothesis,True,registry-exact-hypothesis:exact:02_mabniyat/relative_pronouns.json#3
2,143,19,إِلَّا,إلا,عَلَيْهَا,لِنَعْلَمَ,HARF,HARF,,Certificate,False,MASAQ:106
2,143,21,مَنْ,من,لِنَعْلَمَ,يَتَّبِعُ,HARF,ISM_MAWSOOL,ISM_MAWSOOL|ISM_MABNI|HARF,Hypothesis,True,registry-exact-hypothesis:exact:02_mabniyat/relative_pronouns.json#3
2,143,31,إِلَّا,إلا,لَكَبِيرَةً,عَلَى,HARF,HARF,,Certificate,False,MASAQ:106
2,143,41,إِنَّ,إن,إِيمَانَكُمْ,اللَّهَ,HARF,HARF,HARF,Certificate,False,registry:exact:02_mabniyat/letters_answers.json#4
2,144,28,مِنْ,من,الْحَقُّ,رَبِّهِمْ,HARF,HARF,HARF,Hypothesis,True,registry-exact-hypothesis:exact:02_mabniyat/preposition_meanings.json#34
2,145,8,مَا,ما,آيَةٍ,تَبِعُوا,HARF,ISM_MAWSOOL,ISM_MAWSOOL|ISM_MABNI|HARF,Hypothesis,True,registry-exact-hypothesis:exact:02_mabniyat/relative_pronouns.json#13
2,145,23,مِنْ,من,أَهْوَاءَهُمْ,بَعْدِ,HARF,HARF,HARF,Hypothesis,True,registry-exact-hypothesis:exact:02_mabniyat/preposition_meanings.json#34
2,145,25,مَا,ما,بَعْدِ,جَاءَكَ,ISM_MAWSOOL,ISM_MAWSOOL,ISM_MAWSOOL|ISM_MABNI|HARF,Hypothesis,True,registry-exact-hypothesis:exact:02_mabniyat/relative_pronouns.json#13
2,145,27,مِنَ,من,جَاءَكَ,الْعِلْمِ,HARF,HARF,HARF,Hypothesis,True,registry-exact-hypothesis:exact:02_mabniyat/preposition_meanings.json#32
2,147,2,مِنْ,من,الْحَقُّ,رَبِّكَ,HARF,HARF,HARF,Hypothesis,True,registry-exact-hypothesis:exact:02_mabniyat/preposition_meanings.json#34
2,147,6,مِنَ,من,تَكُونَنَّ,الْمُمْتَرِينَ,HARF,HARF,HARF,Hypothesis,True,registry-exact-hypothesis:exact:02_mabniyat/preposition_meanings.json#32
2,148,14,إِنَّ,إن,جَمِيعَاً,اللَّهَ,HARF,HARF,HARF,Certificate,False,registry:exact:02_mabniyat/letters_answers.json#4
2,149,11,مِنْ,من,لَلْحَقُّ,رَبِّكَ,HARF,HARF,HARF,Hypothesis,True,registry-exact-hypothesis:exact:02_mabniyat/preposition_meanings.json#34
2,150,20,إِلَّا,إلا,حُجَّةٌ,الَّذِينَ,HARF,HARF,,Certificate,False,MASAQ:106
2,151,14,مَا,ما,وَيُعَلِّمُكُمْ,لَمْ,ISM_MAWSOOL,ISM_MAWSOOL,ISM_MAWSOOL|ISM_MABNI|HARF,Hypothesis,True,registry-exact-hypothesis:exact:02_mabniyat/relative_pronouns.json#13
2,153,7,إِنَّ,إن,وَالصَّلَاةِ,اللَّهَ,HARF,HARF,HARF,Certificate,False,registry:exact:02_mabniyat/letters_answers.json#4
2,155,3,مِنَ,من,بِشَيْءٍ,الْخَوْفِ,HARF,HARF,HARF,Hypothesis,True,registry-exact-hypothesis:exact:02_mabniyat/preposition_meanings.json#32
2,155,7,مِنَ,من,وَنَقْصٍ,الْأَمْوَالِ,HARF,HARF,HARF,Hypothesis,True,registry-exact-hypothesis:exact:02_mabniyat/preposition_meanings.json#32
2,157,4,مِنْ,من,صَلَوَاتٌ,رَبِّهِمْ,HARF,HARF,HARF,Hypothesis,True,registry-exact-hypothesis:exact:02_mabniyat/preposition_meanings.json#34
2,158,1,إِنَّ,إن,,الصَّفَا,HARF,HARF,HARF,Certificate,False,registry:exact:02_mabniyat/letters_answers.json#4
2,158,4,مِنْ,من,وَالْمَرْوَةَ,شَعَائِرِ,HARF,HARF,HARF,Hypothesis,True,registry-exact-hypothesis:exact:02_mabniyat/preposition_meanings.json#34
2,158,15,أَنْ,أن,عَلَيْهِ,يَطَّوَّفَ,HARF,HARF,HARF,Certificate,False,registry:plain:02_mabniyat/present_naseb_tools.json#1
2,159,1,إِنَّ,إن,,الَّذِينَ,HARF,HARF,HARF,Certificate,False,registry:exact:02_mabniyat/letters_answers.json#4
2,159,4,مَا,ما,يَكْتُمُونَ,أَنْزَلْنَا,ISM_MAWSOOL,ISM_MAWSOOL,ISM_MAWSOOL|ISM_MABNI|HARF,Hypothesis,True,registry-exact-hypothesis:exact:02_mabniyat/relative_pronouns.json#13
2,159,6,مِنَ,من,أَنْزَلْنَا,الْبَيِّنَاتِ,HARF,HARF,HARF,Hypothesis,True,registry-exact-hypothesis:exact:02_mabniyat/preposition_meanings.json#32
2,159,9,مِنْ,من,وَالْهُدَى,بَعْدِ,HARF,HARF,HARF,Hypothesis,True,registry-exact-hypothesis:exact:02_mabniyat/preposition_meanings.json#34
2,159,11,مَا,ما,بَعْدِ,بَيَّنَّاهُ,ISM_MAWSOOL,ISM_MAWSOOL,ISM_MAWSOOL|ISM_MABNI|HARF,Hypothesis,True,registry-exact-hypothesis:exact:02_mabniyat/relative_pronouns.json#13
2,160,1,إِلَّا,إلا,,الَّذِينَ,HARF,HARF,,Certificate,False,MASAQ:106
2,161,1,إِنَّ,إن,,الَّذِينَ,HARF,HARF,HARF,Certificate,False,registry:exact:02_mabniyat/letters_answers.json#4
2,163,6,إِلَّا,إلا,إِلَهَ,هُوَ,HARF,HARF,,Certificate,False,MASAQ:106
2,164,1,إِنَّ,إن,,فِي,HARF,HARF,HARF,Certificate,False,registry:exact:02_mabniyat/letters_answers.json#4
2,164,14,بِمَا,بما,الْبَحْرِ,يَنْفَعُ,ISM_MAWSOOL,ISM_MAWSOOL,ISM_MAWSOOL|ISM_MABNI|HARF,Certificate,True,MASAQ:48
2,164,20,مِنَ,من,اللَّهُ,السَّمَاءِ,HARF,HARF,HARF,Hypothesis,True,registry-exact-hypothesis:exact:02_mabniyat/preposition_meanings.json#32
2,164,22,مِنْ,من,السَّمَاءِ,مَاءٍ,HARF,HARF,HARF,Hypothesis,True,registry-exact-hypothesis:exact:02_mabniyat/preposition_meanings.json#34
2,164,31,مِنْ,من,فِيهَا,كُلِّ,HARF,HARF,HARF,Hypothesis,True,registry-exact-hypothesis:exact:02_mabniyat/preposition_meanings.json#34
2,165,3,مَنْ,من,النَّاسِ,يَتَّخِذُ,ISM_MAWSOOL,ISM_MAWSOOL,ISM_MAWSOOL|ISM_MABNI|HARF,Hypothesis,True,registry-exact-hypothesis:exact:02_mabniyat/relative_pronouns.json#3
2,165,5,مِنْ,من,يَتَّخِذُ,دُونِ,HARF,HARF,HARF,Hypothesis,True,registry-exact-hypothesis:exact:02_mabniyat/preposition_meanings.json#34
2,165,6,دُونِ,دون,مِنْ,اللَّهِ,ISM_MUARAB,ISM_MUARAB,,Certificate,False,MASAQ:310
2,165,24,أَنَّ,أن,الْعَذَابَ,الْقُوَّةَ,HARF,HARF,HARF,Certificate,False,registry:exact:02_mabniyat/copulative_particle.json#2
2,166,5,مِنَ,من,اتُّبِعُوا,الَّذِينَ,HARF,HARF,HARF,Hypothesis,True,registry-exact-hypothesis:exact:02_mabniyat/preposition_meanings.json#32
2,167,5,أَنَّ,أن,لَوْ,لَنَا,HARF,HARF,HARF,Certificate,False,registry:exact:02_mabniyat/copulative_particle.json#2
2,167,22,مِنَ,من,بِخَارِجِينَ,النَّارِ,HARF,HARF,HARF,Hypothesis,True,registry-exact-hypothesis:exact:02_mabniyat/preposition_meanings.json#32
2,169,9,مَا,ما,اللَّهِ,لَا,ISM_MAWSOOL,ISM_MAWSOOL,ISM_MAWSOOL|ISM_MABNI|HARF,Hypothesis,True,registry-exact-hypothesis:exact:02_mabniyat/relative_pronouns.json#13
2,170,5,مَا,ما,اتَّبِعُوا,أَنْزَلَ,ISM_MAWSOOL,ISM_MAWSOOL,ISM_MAWSOOL|ISM_MABNI|HARF,Hypothesis,True,registry-exact-hypothesis:exact:02_mabniyat/relative_pronouns.json#13
2,170,11,مَا,ما,نَتَّبِعُ,أَلْفَيْنَا,ISM_MAWSOOL,ISM_MAWSOOL,ISM_MAWSOOL|ISM_MABNI|HARF,Hypothesis,True,registry-exact-hypothesis:exact:02_mabniyat/relative_pronouns.json#13
2,171,7,بِمَا,بما,يَنْعِقُ,لَا,ISM_MAWSOOL,ISM_MAWSOOL,ISM_MAWSOOL|ISM_MABNI|HARF,Certificate,True,MASAQ:48
2,171,10,إِلَّا,إلا,يَسْمَعُ,دُعَاءً,HARF,HARF,,Certificate,False,MASAQ:106
2,172,5,مِنْ,من,كُلُوا,طَيِّبَاتِ,HARF,HARF,HARF,Hypothesis,True,registry-exact-hypothesis:exact:02_mabniyat/preposition_meanings.json#34
2,172,7,مَا,ما,طَيِّبَاتِ,رَزَقْنَاكُمْ,ISM_MAWSOOL,ISM_MAWSOOL,ISM_MAWSOOL|ISM_MABNI|HARF,Hypothesis,True,registry-exact-hypothesis:exact:02_mabniyat/relative_pronouns.json#13
2,172,11,إِنْ,إن,لِلَّهِ,كُنْتُمْ,HARF,HARF,HARF,Certificate,False,registry:exact:02_mabniyat/conditional_letters_tools.json#1
2,173,15,غَيْرَ,غير,اضْطُرَّ,بَاغٍ,ISM_MUARAB,ISM_MUARAB,,Certificate,False,MASAQ:870
2,173,22,إِنَّ,إن,عَلَيْهِ,اللَّهَ,HARF,HARF,HARF,Certificate,False,registry:exact:02_mabniyat/letters_answers.json#4
2,174,1,إِنَّ,إن,,الَّذِينَ,HARF,HARF,HARF,Certificate,False,registry:exact:02_mabniyat/letters_answers.json#4
2,174,4,مَا,ما,يَكْتُمُونَ,أَنْزَلَ,ISM_MAWSOOL,ISM_MAWSOOL,ISM_MAWSOOL|ISM_MABNI|HARF,Hypothesis,True,registry-exact-hypothesis:exact:02_mabniyat/relative_pronouns.json#13
2,174,7,مِنَ,من,اللَّهُ,الْكِتَابِ,HARF,HARF,HARF,Hypothesis,True,registry-exact-hypothesis:exact:02_mabniyat/preposition_meanings.json#32
2,174,14,مَا,ما,أُولَئِكَ,يَأْكُلُونَ,ISM_MAWSOOL,ISM_MAWSOOL,ISM_MAWSOOL|ISM_MABNI|HARF,Hypothesis,True,registry-exact-hypothesis:exact:02_mabniyat/relative_pronouns.json#13
2,174,18,إِلَّا,إلا,بُطُونِهِمْ,النَّارَ,HARF,HARF,,Certificate,False,MASAQ:106
2,177,3,أَنْ,أن,الْبِرَّ,تُوَلُّوا,HARF,HARF,HARF,Certificate,False,registry:plain:02_mabniyat/present_naseb_tools.json#1
2,177,11,مَنْ,من,الْبِرَّ,آمَنَ,ISM_MAWSOOL,ISM_MAWSOOL,ISM_MAWSOOL|ISM_MABNI|HARF,Hypothesis,True,registry-exact-hypothesis:exact:02_mabniyat/relative_pronouns.json#3
2,178,18,مِنْ,من,لَهُ,أَخِيهِ,HARF,HARF,HARF,Hypothesis,True,registry-exact-hypothesis:exact:02_mabniyat/preposition_meanings.json#34
2,178,28,مِنْ,من,تَخْفِيفٌ,رَبِّكُمْ,HARF,HARF,HARF,Hypothesis,True,registry-exact-hypothesis:exact:02_mabniyat/preposition_meanings.json#34
2,180,7,إِنْ,إن,الْمَوْتُ,تَرَكَ,HARF,HARF,HARF,Certificate,False,registry:exact:02_mabniyat/conditional_letters_tools.json#1
2,181,10,إِنَّ,إن,يُبَدِّلُونَهُ,اللَّهَ,HARF,HARF,HARF,Certificate,False,registry:exact:02_mabniyat/letters_answers.json#4
2,182,3,مِنْ,من,خَافَ,مُوصٍ,HARF,HARF,HARF,Hypothesis,True,registry-exact-hypothesis:exact:02_mabniyat/preposition_meanings.json#34
2,182,13,إِنَّ,إن,عَلَيْهِ,اللَّهَ,HARF,HARF,HARF,Certificate,False,registry:exact:02_mabniyat/letters_answers.json#4
2,183,11,مِنْ,من,الَّذِينَ,قَبْلِكُمْ,HARF,HARF,HARF,Hypothesis,True,registry-exact-hypothesis:exact:02_mabniyat/preposition_meanings.json#34
2,184,11,مِنْ,من,فَعِدَّةٌ,أَيَّامٍ,HARF,HARF,HARF,Hypothesis,True,registry-exact-hypothesis:exact:02_mabniyat/preposition_meanings.json#34
2,184,30,إِنْ,إن,لَكُمْ,كُنْتُمْ,HARF,HARF,HARF,Certificate,False,registry:exact:02_mabniyat/conditional_letters_tools.json#1
2,185,10,مِنَ,من,وَبَيِّنَاتٍ,الْهُدَى,HARF,HARF,HARF,Hypothesis,True,registry-exact-hypothesis:exact:02_mabniyat/preposition_meanings.json#32
2,185,25,مِنْ,من,فَعِدَّةٌ,أَيَّامٍ,HARF,HARF,HARF,Hypothesis,True,registry-exact-hypothesis:exact:02_mabniyat/preposition_meanings.json#34
2,185,41,مَا,ما,عَلَى,هَدَاكُمْ,ISM_MAWSOOL,ISM_MAWSOOL,ISM_MAWSOOL|ISM_MABNI|HARF,Hypothesis,True,registry-exact-hypothesis:exact:02_mabniyat/relative_pronouns.json#13
2,187,27,مَا,ما,وَابْتَغُوا,كَتَبَ,ISM_MAWSOOL,ISM_MAWSOOL,ISM_MAWSOOL|ISM_MABNI|HARF,Hypothesis,True,registry-exact-hypothesis:exact:02_mabniyat/relative_pronouns.json#13
2,187,33,حَتَّى,حتى,وَاشْرَبُوا,يَتَبَيَّنَ,HARF,HARF,HARF,Certificate,False,registry:exact:02_mabniyat/preposition_meanings.json#48
2,187,38,مِنَ,من,الْأَبْيَضُ,الْخَيْطِ,HARF,HARF,HARF,Hypothesis,True,registry-exact-hypothesis:exact:02_mabniyat/preposition_meanings.json#32
2,187,41,مِنَ,من,الْأَسْوَدِ,الْفَجْرِ,HARF,HARF,HARF,Hypothesis,True,registry-exact-hypothesis:exact:02_mabniyat/preposition_meanings.json#32
2,188,12,مِنْ,من,فَرِيقَاً,أَمْوَالِ,HARF,HARF,HARF,Hypothesis,True,registry-exact-hypothesis:exact:02_mabniyat/preposition_meanings.json#34
2,189,14,مِنْ,من,الْبُيُوتَ,ظُهُورِهَا,HARF,HARF,HARF,Hypothesis,True,registry-exact-hypothesis:exact:02_mabniyat/preposition_meanings.json#34
2,189,18,مَنِ,من,الْبِرَّ,اتَّقَى,ISM_MAWSOOL,ISM_MAWSOOL,ISM_MAWSOOL|ISM_MABNI|HARF,Certificate,True,MASAQ:3539
2,189,22,مِنْ,من,الْبُيُوتَ,أَبْوَابِهَا,HARF,HARF,HARF,Hypothesis,True,registry-exact-hypothesis:exact:02_mabniyat/preposition_meanings.json#34
2,190,9,إِنَّ,إن,تَعْتَدُوا,اللَّهَ,HARF,HARF,HARF,Certificate,False,registry:exact:02_mabniyat/letters_answers.json#4
2,191,5,مِنْ,من,وَأَخْرِجُوهُمْ,حَيْثُ,HARF,HARF,HARF,Hypothesis,True,registry-exact-hypothesis:exact:02_mabniyat/preposition_meanings.json#34
2,191,10,مِنَ,من,أَشَدُّ,الْقَتْلِ,HARF,HARF,HARF,Hypothesis,True,registry-exact-hypothesis:exact:02_mabniyat/preposition_meanings.json#32
2,191,17,حَتَّى,حتى,الْحَرَامِ,يُقَاتِلُوكُمْ,HARF,HARF,HARF,Certificate,False,registry:exact:02_mabniyat/preposition_meanings.json#48
2,193,2,حَتَّى,حتى,وَقَاتِلُوهُمْ,لَا,HARF,HARF,HARF,Certificate,False,registry:exact:02_mabniyat/preposition_meanings.json#48
2,193,13,إِلَّا,إلا,عُدْوَانَ,عَلَى,HARF,HARF,,Certificate,False,MASAQ:106
2,194,13,مَا,ما,بِمِثْلِ,اعْتَدَى,ISM_MAWSOOL,ISM_MAWSOOL,ISM_MAWSOOL|ISM_MABNI|HARF,Hypothesis,True,registry-exact-hypothesis:exact:02_mabniyat/relative_pronouns.json#13
2,194,19,أَنَّ,أن,وَاعْلَمُوا,اللَّهَ,HARF,HARF,HARF,Certificate,False,registry:exact:02_mabniyat/copulative_particle.json#2
2,195,11,إِنَّ,إن,وَأَحْسِنُوا,اللَّهَ,HARF,HARF,HARF,Certificate,False,registry:exact:02_mabniyat/letters_answers.json#4
2,196,9,مِنَ,من,اسْتَيْسَرَ,الْهَدْيِ,HARF,HARF,HARF,Hypothesis,True,registry-exact-hypothesis:exact:02_mabniyat/preposition_meanings.json#32
2,196,14,حَتَّى,حتى,رُءُوسَكُمْ,يَبْلُغَ,HARF,HARF,HARF,Certificate,False,registry:exact:02_mabniyat/preposition_meanings.json#48
2,196,25,مِنْ,من,أَذَىً,رَأْسِهِ,HARF,HARF,HARF,Hypothesis,True,registry-exact-hypothesis:exact:02_mabniyat/preposition_meanings.json#34
2,196,28,مِنْ,من,فَفِدْيَةٌ,صِيَامٍ,HARF,HARF,HARF,Hypothesis,True,registry-exact-hypothesis:exact:02_mabniyat/preposition_meanings.json#34
2,196,43,مِنَ,من,اسْتَيْسَرَ,الْهَدْيِ,HARF,HARF,HARF,Hypothesis,True,registry-exact-hypothesis:exact:02_mabniyat/preposition_meanings.json#32
2,196,70,أَنَّ,أن,وَاعْلَمُوا,اللَّهَ,HARF,HARF,HARF,Certificate,False,registry:exact:02_mabniyat/copulative_particle.json#2
2,197,18,مِنْ,من,تَفْعَلُوا,خَيْرٍ,HARF,HARF,HARF,Hypothesis,True,registry-exact-hypothesis:exact:02_mabniyat/preposition_meanings.json#34
2,198,4,أَنْ,أن,جُنَاحٌ,تَبْتَغُوا,HARF,HARF,HARF,Certificate,False,registry:plain:02_mabniyat/present_naseb_tools.json#1
2,198,7,مِنْ,من,فَضْلَاً,رَبِّكُمْ,HARF,HARF,HARF,Hypothesis,True,registry-exact-hypothesis:exact:02_mabniyat/preposition_meanings.json#34
2,198,11,مِنْ,من,أَفَضْتُمْ,عَرَفَاتٍ,HARF,HARF,HARF,Hypothesis,True,registry-exact-hypothesis:exact:02_mabniyat/preposition_meanings.json#34
2,198,23,مِنْ,من,كُنْتُمْ,قَبْلِهِ,HARF,HARF,HARF,Hypothesis,True,registry-exact-hypothesis:exact:02_mabniyat/preposition_meanings.json#34
2,199,3,مِنْ,من,أَفِيضُوا,حَيْثُ,HARF,HARF,HARF,Hypothesis,True,registry-exact-hypothesis:exact:02_mabniyat/preposition_meanings.json#34
2,199,9,إِنَّ,إن,اللَّهَ,اللَّهَ,HARF,HARF,HARF,Certificate,False,registry:exact:02_mabniyat/letters_answers.json#4
2,200,13,مَنْ,من,النَّاسِ,يَقُولُ,ISM_MAWSOOL,ISM_MAWSOOL,ISM_MAWSOOL|ISM_MABNI|HARF,Hypothesis,True,registry-exact-hypothesis:exact:02_mabniyat/relative_pronouns.json#3
2,200,23,مِنْ,من,الْآخِرَةِ,خَلَاقٍ,HARF,HARF,HARF,Hypothesis,True,registry-exact-hypothesis:exact:02_mabniyat/preposition_meanings.json#34
2,201,2,مَنْ,من,وَمِنْهُمْ,يَقُولُ,ISM_MAWSOOL,ISM_MAWSOOL,ISM_MAWSOOL|ISM_MABNI|HARF,Hypothesis,True,registry-exact-hypothesis:exact:02_mabniyat/relative_pronouns.json#3
2,204,3,مَنْ,من,النَّاسِ,يُعْجِبُكَ,ISM_MAWSOOL,ISM_MAWSOOL,ISM_MAWSOOL|ISM_MABNI|HARF,Hypothesis,True,registry-exact-hypothesis:exact:02_mabniyat/relative_pronouns.json#3
2,204,12,مَا,ما,عَلَى,فِي,ISM_MAWSOOL,ISM_MAWSOOL,ISM_MAWSOOL|ISM_MABNI|HARF,Hypothesis,True,registry-exact-hypothesis:exact:02_mabniyat/relative_pronouns.json#13
2,207,3,مَنْ,من,النَّاسِ,يَشْرِي,ISM_MAWSOOL,ISM_MAWSOOL,ISM_MAWSOOL|ISM_MABNI|HARF,Hypothesis,True,registry-exact-hypothesis:exact:02_mabniyat/relative_pronouns.json#3
2,209,3,مِنْ,من,زَلَلْتُمْ,بَعْدِ,HARF,HARF,HARF,Hypothesis,True,registry-exact-hypothesis:exact:02_mabniyat/preposition_meanings.json#34
2,209,5,مَا,ما,بَعْدِ,جَاءَتْكُمُ,ISM_MAWSOOL,ISM_MAWSOOL,ISM_MAWSOOL|ISM_MABNI|HARF,Hypothesis,True,registry-exact-hypothesis:exact:02_mabniyat/relative_pronouns.json#13
2,209,9,أَنَّ,أن,فَاعْلَمُوا,اللَّهَ,HARF,HARF,HARF,Certificate,False,registry:exact:02_mabniyat/copulative_particle.json#2
2,210,3,إِلَّا,إلا,يَنْظُرُونَ,أَنْ,HARF,HARF,,Certificate,False,MASAQ:106
2,210,4,أَنْ,أن,إِلَّا,يَأْتِيَهُمُ,HARF,HARF,HARF,Certificate,False,registry:plain:02_mabniyat/present_naseb_tools.json#1
2,210,9,مِنَ,من,ظُلَلٍ,الْغَمَامِ,HARF,HARF,HARF,Hypothesis,True,registry-exact-hypothesis:exact:02_mabniyat/preposition_meanings.json#32
2,211,6,مِنْ,من,آتَيْنَاهُمْ,آيَةٍ,HARF,HARF,HARF,Hypothesis,True,registry-exact-hypothesis:exact:02_mabniyat/preposition_meanings.json#34
2,211,13,مِنْ,من,اللَّهِ,بَعْدِ,HARF,HARF,HARF,Hypothesis,True,registry-exact-hypothesis:exact:02_mabniyat/preposition_meanings.json#34
2,211,15,مَا,ما,بَعْدِ,جَاءَتْهُ,ISM_MAWSOOL,ISM_MAWSOOL,ISM_MAWSOOL|ISM_MABNI|HARF,Hypothesis,True,registry-exact-hypothesis:exact:02_mabniyat/relative_pronouns.json#13
2,212,7,مِنَ,من,وَيَسْخَرُونَ,الَّذِينَ,HARF,HARF,HARF,Hypothesis,True,registry-exact-hypothesis:exact:02_mabniyat/preposition_meanings.json#32
2,212,17,مَنْ,من,يَرْزُقُ,يَشَاءُ,ISM_MAWSOOL,ISM_MAWSOOL,ISM_MAWSOOL|ISM_MABNI|HARF,Hypothesis,True,registry-exact-hypothesis:exact:02_mabniyat/relative_pronouns.json#3
2,213,23,إِلَّا,إلا,فِيهِ,الَّذِينَ,HARF,HARF,,Certificate,False,MASAQ:106
2,213,26,مِنْ,من,أُوتُوهُ,بَعْدِ,HARF,HARF,HARF,Hypothesis,True,registry-exact-hypothesis:exact:02_mabniyat/preposition_meanings.json#34
2,213,28,مَا,ما,بَعْدِ,جَاءَتْهُمُ,ISM_MAWSOOL,ISM_MAWSOOL,ISM_MAWSOOL|ISM_MABNI|HARF,Hypothesis,True,registry-exact-hypothesis:exact:02_mabniyat/relative_pronouns.json#13
2,213,40,مِنَ,من,فِيهِ,الْحَقِّ,HARF,HARF,HARF,Hypothesis,True,registry-exact-hypothesis:exact:02_mabniyat/preposition_meanings.json#32
2,213,45,مَنْ,من,يَهْدِي,يَشَاءُ,ISM_MAWSOOL,ISM_MAWSOOL,ISM_MAWSOOL|ISM_MABNI|HARF,Hypothesis,True,registry-exact-hypothesis:exact:02_mabniyat/relative_pronouns.json#3
2,214,3,أَنْ,أن,حَسِبْتُمْ,تَدْخُلُوا,HARF,HARF,HARF,Certificate,False,registry:plain:02_mabniyat/present_naseb_tools.json#1
2,214,11,مِنْ,من,خَلَوْا,قَبْلِكُمْ,HARF,HARF,HARF,Hypothesis,True,registry-exact-hypothesis:exact:02_mabniyat/preposition_meanings.json#34
2,214,17,حَتَّى,حتى,وَزُلْزِلُوا,يَقُولَ,HARF,HARF,HARF,Certificate,False,registry:exact:02_mabniyat/preposition_meanings.json#48
2,214,27,إِنَّ,إن,أَلَا,نَصْرَ,HARF,HARF,HARF,Certificate,False,registry:exact:02_mabniyat/letters_answers.json#4
2,215,5,مَا,ما,قُلْ,أَنْفَقْتُمْ,HARF,ISM_MAWSOOL,ISM_MAWSOOL|ISM_MABNI|HARF,Hypothesis,True,registry-exact-hypothesis:exact:02_mabniyat/relative_pronouns.json#13
2,215,7,مِنْ,من,أَنْفَقْتُمْ,خَيْرٍ,HARF,HARF,HARF,Hypothesis,True,registry-exact-hypothesis:exact:02_mabniyat/preposition_meanings.json#34
2,215,17,مِنْ,من,تَفْعَلُوا,خَيْرٍ,HARF,HARF,HARF,Hypothesis,True,registry-exact-hypothesis:exact:02_mabniyat/preposition_meanings.json#34
2,216,8,أَنْ,أن,وَعَسَى,تَكْرَهُوا,HARF,HARF,HARF,Certificate,False,registry:plain:02_mabniyat/present_naseb_tools.json#1
2,216,15,أَنْ,أن,وَعَسَى,تُحِبُّوا,HARF,HARF,HARF,Certificate,False,registry:plain:02_mabniyat/present_naseb_tools.json#1
2,217,27,مِنَ,من,أَكْبَرُ,الْقَتْلِ,HARF,HARF,HARF,Hypothesis,True,registry-exact-hypothesis:exact:02_mabniyat/preposition_meanings.json#32
2,217,32,حَتَّى,حتى,يُقَاتِلُونَكُمْ,يَرُدُّوكُمْ,HARF,HARF,HARF,Certificate,False,registry:exact:02_mabniyat/preposition_meanings.json#48
2,217,36,إِنِ,إن,دِينِكُمْ,اسْتَطَاعُوا,HARF,HARF,HARF,Certificate,False,registry:plain:02_mabniyat/conditional_letters_tools.json#1
2,218,1,إِنَّ,إن,,الَّذِينَ,HARF,HARF,HARF,Certificate,False,registry:exact:02_mabniyat/letters_answers.json#4
2,219,13,مِنْ,من,أَكْبَرُ,نَفْعِهِمَا,HARF,HARF,HARF,Hypothesis,True,registry-exact-hypothesis:exact:02_mabniyat/preposition_meanings.json#34
2,220,17,مِنَ,من,الْمُفْسِدَ,الْمُصْلِحِ,HARF,HARF,HARF,Hypothesis,True,registry-exact-hypothesis:exact:02_mabniyat/preposition_meanings.json#32
2,220,23,إِنَّ,إن,لَأَعْنَتَكُمْ,اللَّهَ,HARF,HARF,HARF,Certificate,False,registry:exact:02_mabniyat/letters_answers.json#4
2,221,4,حَتَّى,حتى,الْمُشْرِكَاتِ,يُؤْمِنَّ,HARF,HARF,HARF,Certificate,False,registry:exact:02_mabniyat/preposition_meanings.json#48
2,221,9,مِنْ,من,خَيْرٌ,مُشْرِكَةٍ,HARF,HARF,HARF,Hypothesis,True,registry-exact-hypothesis:exact:02_mabniyat/preposition_meanings.json#34
2,221,16,حَتَّى,حتى,الْمُشْرِكِينَ,يُؤْمِنُوا,HARF,HARF,HARF,Certificate,False,registry:exact:02_mabniyat/preposition_meanings.json#48
2,221,21,مِنْ,من,خَيْرٌ,مُشْرِكٍ,HARF,HARF,HARF,Hypothesis,True,registry-exact-hypothesis:exact:02_mabniyat/preposition_meanings.json#34
2,222,13,حَتَّى,حتى,تَقْرَبُوهُنَّ,يَطْهُرْنَ,HARF,HARF,HARF,Certificate,False,registry:exact:02_mabniyat/preposition_meanings.json#48
2,222,18,مِنْ,من,فَأْتُوهُنَّ,حَيْثُ,HARF,HARF,HARF,Hypothesis,True,registry-exact-hypothesis:exact:02_mabniyat/preposition_meanings.json#34
2,222,22,إِنَّ,إن,اللَّهُ,اللَّهَ,HARF,HARF,HARF,Certificate,False,registry:exact:02_mabniyat/letters_answers.json#4
2,224,6,أَنْ,أن,لِأَيْمَانِكُمْ,تَبَرُّوا,HARF,HARF,HARF,Certificate,False,registry:plain:02_mabniyat/present_naseb_tools.json#1
2,225,9,بِمَا,بما,يُؤَاخِذُكُمْ,كَسَبَتْ,ISM_MAWSOOL,ISM_MAWSOOL,ISM_MAWSOOL|ISM_MABNI|HARF,Certificate,True,MASAQ:48
2,226,3,مِنْ,من,يُؤْلُونَ,نِسَائِهِمْ,HARF,HARF,HARF,Hypothesis,True,registry-exact-hypothesis:exact:02_mabniyat/preposition_meanings.json#34
2,228,9,أَنْ,أن,لَهُنَّ,يَكْتُمْنَ,HARF,HARF,HARF,Certificate,False,registry:plain:02_mabniyat/present_naseb_tools.json#1
2,228,11,مَا,ما,يَكْتُمْنَ,خَلَقَ,ISM_MAWSOOL,ISM_MAWSOOL,ISM_MAWSOOL|ISM_MABNI|HARF,Hypothesis,True,registry-exact-hypothesis:exact:02_mabniyat/relative_pronouns.json#13
2,228,16,إِنْ,إن,أَرْحَامِهِنَّ,كُنَّ,HARF,HARF,HARF,Certificate,False,registry:exact:02_mabniyat/conditional_letters_tools.json#1
2,228,27,إِنْ,إن,ذَلِكَ,أَرَادُوا,HARF,HARF,HARF,Certificate,False,registry:exact:02_mabniyat/conditional_letters_tools.json#1
2,229,11,أَنْ,أن,لَكُمْ,تَأْخُذُوا,HARF,HARF,HARF,Certificate,False,registry:plain:02_mabniyat/present_naseb_tools.json#1
2,229,16,إِلَّا,إلا,شَيْئَاً,أَنْ,HARF,HARF,,Certificate,False,MASAQ:106
2,229,17,أَنْ,أن,إِلَّا,يَخَافَا,HARF,HARF,HARF,Certificate,False,registry:plain:02_mabniyat/present_naseb_tools.json#1
2,230,6,مِنْ,من,لَهُ,بَعْدُ,HARF,HARF,HARF,Hypothesis,True,registry-exact-hypothesis:exact:02_mabniyat/preposition_meanings.json#34
2,230,8,حَتَّى,حتى,بَعْدُ,تَنْكِحَ,HARF,HARF,HARF,Certificate,False,registry:exact:02_mabniyat/preposition_meanings.json#48
2,230,17,أَنْ,أن,عَلَيْهِمَا,يَتَرَاجَعَا,HARF,HARF,HARF,Certificate,False,registry:plain:02_mabniyat/present_naseb_tools.json#1
2,230,19,إِنْ,إن,يَتَرَاجَعَا,ظَنَّا,HARF,HARF,HARF,Certificate,False,registry:exact:02_mabniyat/conditional_letters_tools.json#1
2,230,21,أَنْ,أن,ظَنَّا,يُقِيمَا,HARF,HARF,HARF,Certificate,False,registry:plain:02_mabniyat/present_naseb_tools.json#1
2,231,33,مِنَ,من,عَلَيْكُمْ,الْكِتَابِ,HARF,HARF,HARF,Hypothesis,True,registry-exact-hypothesis:exact:02_mabniyat/preposition_meanings.json#32
2,231,41,أَنَّ,أن,وَاعْلَمُوا,اللَّهَ,HARF,HARF,HARF,Certificate,False,registry:exact:02_mabniyat/copulative_particle.json#2
2,232,8,أَنْ,أن,تَعْضُلُوهُنَّ,يَنْكِحْنَ,HARF,HARF,HARF,Certificate,False,registry:plain:02_mabniyat/present_naseb_tools.json#1
2,232,18,مَنْ,من,بِهِ,كَانَ,ISM_MAWSOOL,ISM_MAWSOOL,ISM_MAWSOOL|ISM_MABNI|HARF,Hypothesis,True,registry-exact-hypothesis:exact:02_mabniyat/relative_pronouns.json#3
2,233,8,أَنْ,أن,أَرَادَ,يُتِمَّ,HARF,HARF,HARF,Certificate,False,registry:plain:02_mabniyat/present_naseb_tools.json#1
2,233,20,إِلَّا,إلا,نَفْسٌ,وُسْعَهَا,HARF,HARF,,Certificate,False,MASAQ:106
2,233,46,أَنْ,أن,أَرَدْتُمْ,تَسْتَرْضِعُوا,HARF,HARF,HARF,Certificate,False,registry:plain:02_mabniyat/present_naseb_tools.json#1
2,233,54,مَا,ما,سَلَّمْتُمْ,آتَيْتُمْ,ISM_MAWSOOL,ISM_MAWSOOL,ISM_MAWSOOL|ISM_MABNI|HARF,Hypothesis,True,registry-exact-hypothesis:exact:02_mabniyat/relative_pronouns.json#13
2,233,60,أَنَّ,أن,وَاعْلَمُوا,اللَّهَ,HARF,HARF,HARF,Certificate,False,registry:exact:02_mabniyat/copulative_particle.json#2
2,233,62,بِمَا,بما,اللَّهَ,تَعْمَلُونَ,ISM_MAWSOOL,ISM_MAWSOOL,ISM_MAWSOOL|ISM_MABNI|HARF,Certificate,True,MASAQ:48
2,234,23,بِمَا,بما,وَاللَّهُ,تَعْمَلُونَ,ISM_MAWSOOL,ISM_MAWSOOL,ISM_MAWSOOL|ISM_MABNI|HARF,Certificate,True,MASAQ:48
2,235,7,مِنْ,من,بِهِ,خِطْبَةِ,HARF,HARF,HARF,Hypothesis,True,registry-exact-hypothesis:exact:02_mabniyat/preposition_meanings.json#34
2,235,22,إِلَّا,إلا,سِرَّاً,أَنْ,HARF,HARF,,Certificate,False,MASAQ:106
2,235,23,أَنْ,أن,إِلَّا,تَقُولُوا,HARF,HARF,HARF,Certificate,False,registry:plain:02_mabniyat/present_naseb_tools.json#1
2,235,31,حَتَّى,حتى,النِّكَاحِ,يَبْلُغَ,HARF,HARF,HARF,Certificate,False,registry:exact:02_mabniyat/preposition_meanings.json#48
2,235,36,أَنَّ,أن,وَاعْلَمُوا,اللَّهَ,HARF,HARF,HARF,Certificate,False,registry:exact:02_mabniyat/copulative_particle.json#2
2,235,39,مَا,ما,يَعْلَمُ,فِي,ISM_MAWSOOL,ISM_MAWSOOL,ISM_MAWSOOL|ISM_MABNI|HARF,Hypothesis,True,registry-exact-hypothesis:exact:02_mabniyat/relative_pronouns.json#13
2,235,44,أَنَّ,أن,وَاعْلَمُوا,اللَّهَ,HARF,HARF,HARF,Certificate,False,registry:exact:02_mabniyat/copulative_particle.json#2
2,236,4,إِنْ,إن,عَلَيْكُمْ,طَلَّقْتُمُ,HARF,HARF,HARF,Certificate,False,registry:exact:02_mabniyat/conditional_letters_tools.json#1
2,237,3,مِنْ,من,طَلَّقْتُمُوهُنَّ,قَبْلِ,HARF,HARF,HARF,Hypothesis,True,registry-exact-hypothesis:exact:02_mabniyat/preposition_meanings.json#34
2,237,5,أَنْ,أن,قَبْلِ,تَمَسُّوهُنَّ,HARF,HARF,HARF,Certificate,False,registry:plain:02_mabniyat/present_naseb_tools.json#1
2,237,12,مَا,ما,فَنِصْفُ,فَرَضْتُمْ,ISM_MAWSOOL,ISM_MAWSOOL,ISM_MAWSOOL|ISM_MABNI|HARF,Hypothesis,True,registry-exact-hypothesis:exact:02_mabniyat/relative_pronouns.json#13
2,237,14,إِلَّا,إلا,فَرَضْتُمْ,أَنْ,HARF,HARF,,Certificate,False,MASAQ:106
2,237,15,أَنْ,أن,إِلَّا,يَعْفُونَ,HARF,HARF,HARF,Certificate,False,registry:plain:02_mabniyat/present_naseb_tools.json#1
2,237,31,إِنَّ,إن,بَيْنَكُمْ,اللَّهَ,HARF,HARF,HARF,Certificate,False,registry:exact:02_mabniyat/letters_answers.json#4
2,237,33,بِمَا,بما,اللَّهَ,تَعْمَلُونَ,ISM_MAWSOOL,ISM_MAWSOOL,ISM_MAWSOOL|ISM_MABNI|HARF,Certificate,True,MASAQ:48
2,239,12,مَا,ما,عَلَّمَكُمْ,لَمْ,ISM_MAWSOOL,ISM_MAWSOOL,ISM_MAWSOOL|ISM_MABNI|HARF,Hypothesis,True,registry-exact-hypothesis:exact:02_mabniyat/relative_pronouns.json#13
2,240,11,غَيْرَ,غير,الْحَوْلِ,إِخْرَاجٍ,ISM_MUARAB,ISM_MUARAB,,Certificate,False,MASAQ:870
2,240,19,مَا,ما,فِي,فَعَلْنَ,ISM_MAWSOOL,ISM_MAWSOOL,ISM_MAWSOOL|ISM_MABNI|HARF,Hypothesis,True,registry-exact-hypothesis:exact:02_mabniyat/relative_pronouns.json#13
2,240,23,مِنْ,من,أَنْفُسِهِنَّ,مَعْرُوفٍ,HARF,HARF,HARF,Hypothesis,True,registry-exact-hypothesis:exact:02_mabniyat/preposition_meanings.json#34
2,243,6,مِنْ,من,خَرَجُوا,دِيَارِهِمْ,HARF,HARF,HARF,Hypothesis,True,registry-exact-hypothesis:exact:02_mabniyat/preposition_meanings.json#34
2,243,18,إِنَّ,إن,أَحْيَاهُمْ,اللَّهَ,HARF,HARF,HARF,Certificate,False,registry:exact:02_mabniyat/letters_answers.json#4
2,244,6,أَنَّ,أن,وَاعْلَمُوا,اللَّهَ,HARF,HARF,HARF,Certificate,False,registry:exact:02_mabniyat/copulative_particle.json#2
2,245,1,مَنْ,من,,ذَا,HARF,ISM_MAWSOOL,ISM_MAWSOOL|ISM_MABNI|HARF,Hypothesis,True,registry-exact-hypothesis:exact:02_mabniyat/relative_pronouns.json#3
2,246,5,مِنْ,من,الْمَلَإِ,بَنِي,HARF,HARF,HARF,Hypothesis,True,registry-exact-hypothesis:exact:02_mabniyat/preposition_meanings.json#34
2,246,8,مِنْ,من,إِسْرَائِيلَ,بَعْدِ,HARF,HARF,HARF,Hypothesis,True,registry-exact-hypothesis:exact:02_mabniyat/preposition_meanings.json#34
2,246,25,إِنْ,إن,عَسَيْتُمْ,كُتِبَ,HARF,HARF,HARF,Certificate,False,registry:exact:02_mabniyat/conditional_letters_tools.json#1
2,246,41,مِنْ,من,أُخْرِجْنَا,دِيَارِنَا,HARF,HARF,HARF,Hypothesis,True,registry-exact-hypothesis:exact:02_mabniyat/preposition_meanings.json#34
2,246,49,إِلَّا,إلا,تَوَلَّوْا,قَلِيلَاً,HARF,HARF,,Certificate,False,MASAQ:106
2,247,4,إِنَّ,إن,نَبِيُّهُمْ,اللَّهَ,HARF,HARF,HARF,Certificate,False,registry:exact:02_mabniyat/letters_answers.json#4
2,247,24,مِنَ,من,سَعَةً,الْمَالِ,HARF,HARF,HARF,Hypothesis,True,registry-exact-hypothesis:exact:02_mabniyat/preposition_meanings.json#32
2,247,27,إِنَّ,إن,قَالَ,اللَّهَ,HARF,HARF,HARF,Certificate,False,registry:exact:02_mabniyat/letters_answers.json#4
2,247,39,مَنْ,من,مُلْكَهُ,يَشَاءُ,ISM_MAWSOOL,ISM_MAWSOOL,ISM_MAWSOOL|ISM_MABNI|HARF,Hypothesis,True,registry-exact-hypothesis:exact:02_mabniyat/relative_pronouns.json#3
2,248,4,إِنَّ,إن,نَبِيُّهُمْ,آيَةَ,HARF,HARF,HARF,Certificate,False,registry:exact:02_mabniyat/letters_answers.json#4
2,248,7,أَنْ,أن,مُلْكِهِ,يَأْتِيَكُمُ,HARF,HARF,HARF,Certificate,False,registry:plain:02_mabniyat/present_naseb_tools.json#1
2,248,12,مِنْ,من,سَكِينَةٌ,رَبِّكُمْ,HARF,HARF,HARF,Hypothesis,True,registry-exact-hypothesis:exact:02_mabniyat/preposition_meanings.json#34
2,248,23,إِنَّ,إن,الْمَلَائِكَةُ,فِي,HARF,HARF,HARF,Certificate,False,registry:exact:02_mabniyat/letters_answers.json#4
2,248,28,إِنْ,إن,لَكُمْ,كُنْتُمْ,HARF,HARF,HARF,Certificate,False,registry:exact:02_mabniyat/conditional_letters_tools.json#1
2,249,6,إِنَّ,إن,قَالَ,اللَّهَ,HARF,HARF,HARF,Certificate,False,registry:exact:02_mabniyat/letters_answers.json#4
2,249,20,إِلَّا,إلا,مِنِّي,مَنِ,HARF,HARF,,Certificate,False,MASAQ:106
2,249,21,مَنِ,من,إِلَّا,اغْتَرَفَ,ISM_MAWSOOL,ISM_MAWSOOL,ISM_MAWSOOL|ISM_MABNI|HARF,Certificate,True,MASAQ:3539
2,249,27,إِلَّا,إلا,مِنْهُ,قَلِيلَاً,HARF,HARF,,Certificate,False,MASAQ:106
2,249,50,مِنْ,من,كَمْ,فِئَةٍ,HARF,HARF,HARF,Hypothesis,True,registry-exact-hypothesis:exact:02_mabniyat/preposition_meanings.json#34
2,253,8,مَنْ,من,مِنْهُمْ,كَلَّمَ,ISM_MAWSOOL,ISM_MAWSOOL,ISM_MAWSOOL|ISM_MABNI|HARF,Hypothesis,True,registry-exact-hypothesis:exact:02_mabniyat/relative_pronouns.json#3
2,253,25,مَا,ما,اللَّهُ,اقْتَتَلَ,HARF,ISM_MAWSOOL,ISM_MAWSOOL|ISM_MABNI|HARF,Hypothesis,True,registry-exact-hypothesis:exact:02_mabniyat/relative_pronouns.json#13
2,253,28,مِنْ,من,الَّذِينَ,بَعْدِهِمْ,HARF,HARF,HARF,Hypothesis,True,registry-exact-hypothesis:exact:02_mabniyat/preposition_meanings.json#34
2,253,30,مِنْ,من,بَعْدِهِمْ,بَعْدِ,HARF,HARF,HARF,Hypothesis,True,registry-exact-hypothesis:exact:02_mabniyat/preposition_meanings.json#34
2,253,32,مَا,ما,بَعْدِ,جَاءَتْهُمُ,ISM_MAWSOOL,ISM_MAWSOOL,ISM_MAWSOOL|ISM_MABNI|HARF,Hypothesis,True,registry-exact-hypothesis:exact:02_mabniyat/relative_pronouns.json#13
2,253,38,مَنْ,من,فَمِنْهُمْ,آمَنَ,ISM_MAWSOOL,ISM_MAWSOOL,ISM_MAWSOOL|ISM_MABNI|HARF,Hypothesis,True,registry-exact-hypothesis:exact:02_mabniyat/relative_pronouns.json#3
2,253,41,مَنْ,من,وَمِنْهُمْ,كَفَرَ,ISM_MAWSOOL,ISM_MAWSOOL,ISM_MAWSOOL|ISM_MABNI|HARF,Hypothesis,True,registry-exact-hypothesis:exact:02_mabniyat/relative_pronouns.json#3
2,253,46,مَا,ما,اللَّهُ,اقْتَتَلُوا,HARF,ISM_MAWSOOL,ISM_MAWSOOL|ISM_MABNI|HARF,Hypothesis,True,registry-exact-hypothesis:exact:02_mabniyat/relative_pronouns.json#13
2,253,51,مَا,ما,يَفْعَلُ,يُرِيدُ,ISM_MAWSOOL,ISM_MAWSOOL,ISM_MAWSOOL|ISM_MABNI|HARF,Hypothesis,True,registry-exact-hypothesis:exact:02_mabniyat/relative_pronouns.json#13
2,254,7,مِنْ,من,رَزَقْنَاكُمْ,قَبْلِ,HARF,HARF,HARF,Hypothesis,True,registry-exact-hypothesis:exact:02_mabniyat/preposition_meanings.json#34
2,254,9,أَنْ,أن,قَبْلِ,يَأْتِيَ,HARF,HARF,HARF,Certificate,False,registry:plain:02_mabniyat/present_naseb_tools.json#1
2,255,4,إِلَّا,إلا,إِلَهَ,هُوَ,HARF,HARF,,Certificate,False,MASAQ:106
2,255,14,مَا,ما,لَهُ,فِي,ISM_MAWSOOL,ISM_MAWSOOL,ISM_MAWSOOL|ISM_MABNI|HARF,Hypothesis,True,registry-exact-hypothesis:exact:02_mabniyat/relative_pronouns.json#13
2,255,20,مَنْ,من,الْأَرْضِ,ذَا,HARF,ISM_MAWSOOL,ISM_MAWSOOL|ISM_MABNI|HARF,Hypothesis,True,registry-exact-hypothesis:exact:02_mabniyat/relative_pronouns.json#3
2,255,25,إِلَّا,إلا,عِنْدَهُ,بِإِذْنِهِ,HARF,HARF,,Certificate,False,MASAQ:106
2,255,28,مَا,ما,يَعْلَمُ,بَيْنَ,ISM_MAWSOOL,ISM_MAWSOOL,ISM_MAWSOOL|ISM_MABNI|HARF,Hypothesis,True,registry-exact-hypothesis:exact:02_mabniyat/relative_pronouns.json#13
2,255,36,مِنْ,من,بِشَيْءٍ,عِلْمِهِ,HARF,HARF,HARF,Hypothesis,True,registry-exact-hypothesis:exact:02_mabniyat/preposition_meanings.json#34
2,255,38,إِلَّا,إلا,عِلْمِهِ,بِمَا,HARF,HARF,,Certificate,False,MASAQ:106
2,255,39,بِمَا,بما,إِلَّا,شَاءَ,ISM_MAWSOOL,ISM_MAWSOOL,ISM_MAWSOOL|ISM_MABNI|HARF,Certificate,True,MASAQ:48
2,256,8,مِنَ,من,الرُّشْدُ,الْغَيِّ,HARF,HARF,HARF,Hypothesis,True,registry-exact-hypothesis:exact:02_mabniyat/preposition_meanings.json#32
2,257,6,مِنَ,من,يُخْرِجُهُمْ,الظُّلُمَاتِ,HARF,HARF,HARF,Hypothesis,True,registry-exact-hypothesis:exact:02_mabniyat/preposition_meanings.json#32
2,257,15,مِنَ,من,يُخْرِجُونَهُمْ,النُّورِ,HARF,HARF,HARF,Hypothesis,True,registry-exact-hypothesis:exact:02_mabniyat/preposition_meanings.json#32
2,258,9,أَنْ,أن,رَبِّهِ,آتَاهُ,HARF,HARF,HARF,Certificate,False,registry:plain:02_mabniyat/present_naseb_tools.json#1
2,258,30,مِنَ,من,بِالشَّمْسِ,الْمَشْرِقِ,HARF,HARF,HARF,Hypothesis,True,registry-exact-hypothesis:exact:02_mabniyat/preposition_meanings.json#32
2,258,34,مِنَ,من,بِهَا,الْمَغْرِبِ,HARF,HARF,HARF,Hypothesis,True,registry-exact-hypothesis:exact:02_mabniyat/preposition_meanings.json#32
2,259,62,أَنَّ,أن,أَعْلَمُ,اللَّهَ,HARF,HARF,HARF,Certificate,False,registry:exact:02_mabniyat/copulative_particle.json#2
2,260,20,مِنَ,من,أَرْبَعَةً,الطَّيْرِ,HARF,HARF,HARF,Hypothesis,True,registry-exact-hypothesis:exact:02_mabniyat/preposition_meanings.json#32
2,260,36,أَنَّ,أن,وَاعْلَمْ,اللَّهَ,HARF,HARF,HARF,Certificate,False,registry:exact:02_mabniyat/copulative_particle.json#2
2,262,10,مَا,ما,يُتْبِعُونَ,أَنْفَقُوا,ISM_MAWSOOL,ISM_MAWSOOL,ISM_MAWSOOL|ISM_MABNI|HARF,Hypothesis,True,registry-exact-hypothesis:exact:02_mabniyat/relative_pronouns.json#13
2,263,5,مِنْ,من,خَيْرٌ,صَدَقَةٍ,HARF,HARF,HARF,Hypothesis,True,registry-exact-hypothesis:exact:02_mabniyat/preposition_meanings.json#34
2,265,9,مِنْ,من,وَتَثْبِيتَاً,أَنْفُسِهِمْ,HARF,HARF,HARF,Hypothesis,True,registry-exact-hypothesis:exact:02_mabniyat/preposition_meanings.json#34
2,265,25,بِمَا,بما,وَاللَّهُ,تَعْمَلُونَ,ISM_MAWSOOL,ISM_MAWSOOL,ISM_MAWSOOL|ISM_MABNI|HARF,Certificate,True,MASAQ:48
2,266,3,أَنْ,أن,أَحَدُكُمْ,تَكُونَ,HARF,HARF,HARF,Certificate,False,registry:plain:02_mabniyat/present_naseb_tools.json#1
2,266,7,مِنْ,من,جَنَّةٌ,نَخِيلٍ,HARF,HARF,HARF,Hypothesis,True,registry-exact-hypothesis:exact:02_mabniyat/preposition_meanings.json#34
2,266,11,مِنْ,من,تَجْرِي,تَحْتِهَا,HARF,HARF,HARF,Hypothesis,True,registry-exact-hypothesis:exact:02_mabniyat/preposition_meanings.json#34
2,266,16,مِنْ,من,فِيهَا,كُلِّ,HARF,HARF,HARF,Hypothesis,True,registry-exact-hypothesis:exact:02_mabniyat/preposition_meanings.json#34
2,267,5,مِنْ,من,أَنْفِقُوا,طَيِّبَاتِ,HARF,HARF,HARF,Hypothesis,True,registry-exact-hypothesis:exact:02_mabniyat/preposition_meanings.json#34
2,267,7,مَا,ما,طَيِّبَاتِ,كَسَبْتُمْ,ISM_MAWSOOL,ISM_MAWSOOL,ISM_MAWSOOL|ISM_MABNI|HARF,Hypothesis,True,registry-exact-hypothesis:exact:02_mabniyat/relative_pronouns.json#13
2,267,12,مِنَ,من,لَكُمْ,الْأَرْضِ,HARF,HARF,HARF,Hypothesis,True,registry-exact-hypothesis:exact:02_mabniyat/preposition_meanings.json#32
2,267,21,إِلَّا,إلا,بِآخِذِيهِ,أَنْ,HARF,HARF,,Certificate,False,MASAQ:106
2,267,22,أَنْ,أن,إِلَّا,تُغْمِضُوا,HARF,HARF,HARF,Certificate,False,registry:plain:02_mabniyat/present_naseb_tools.json#1
2,267,26,أَنَّ,أن,وَاعْلَمُوا,اللَّهَ,HARF,HARF,HARF,Certificate,False,registry:exact:02_mabniyat/copulative_particle.json#2
2,269,3,مَنْ,من,الْحِكْمَةَ,يَشَاءُ,ISM_MAWSOOL,ISM_MAWSOOL,ISM_MAWSOOL|ISM_MABNI|HARF,Hypothesis,True,registry-exact-hypothesis:exact:02_mabniyat/relative_pronouns.json#3
2,269,14,إِلَّا,إلا,يَذَّكَّرُ,أُولُو,HARF,HARF,,Certificate,False,MASAQ:106
2,270,3,مِنْ,من,أَنْفَقْتُمْ,نَفَقَةٍ,HARF,HARF,HARF,Hypothesis,True,registry-exact-hypothesis:exact:02_mabniyat/preposition_meanings.json#34
2,270,7,مِنْ,من,نَذَرْتُمْ,نَذْرٍ,HARF,HARF,HARF,Hypothesis,True,registry-exact-hypothesis:exact:02_mabniyat/preposition_meanings.json#34
2,270,14,مِنْ,من,لِلظَّالِمِينَ,أَنْصَارٍ,HARF,HARF,HARF,Hypothesis,True,registry-exact-hypothesis:exact:02_mabniyat/preposition_meanings.json#34
2,271,1,إِنْ,إن,,تُبْدُوا,HARF,HARF,HARF,Certificate,False,registry:exact:02_mabniyat/conditional_letters_tools.json#1
2,271,15,مِنْ,من,عَنْكُمْ,سَيِّئَاتِكُمْ,HARF,HARF,HARF,Hypothesis,True,registry-exact-hypothesis:exact:02_mabniyat/preposition_meanings.json#34
2,271,18,بِمَا,بما,وَاللَّهُ,تَعْمَلُونَ,ISM_MAWSOOL,ISM_MAWSOOL,ISM_MAWSOOL|ISM_MABNI|HARF,Certificate,True,MASAQ:48
2,272,7,مَنْ,من,يَهْدِي,يَشَاءُ,ISM_MAWSOOL,ISM_MAWSOOL,ISM_MAWSOOL|ISM_MABNI|HARF,Hypothesis,True,registry-exact-hypothesis:exact:02_mabniyat/relative_pronouns.json#3
2,272,11,مِنْ,من,تُنْفِقُوا,خَيْرٍ,HARF,HARF,HARF,Hypothesis,True,registry-exact-hypothesis:exact:02_mabniyat/preposition_meanings.json#34
2,272,16,إِلَّا,إلا,تُنْفِقُونَ,ابْتِغَاءَ,HARF,HARF,,Certificate,False,MASAQ:106
2,272,22,مِنْ,من,تُنْفِقُوا,خَيْرٍ,HARF,HARF,HARF,Hypothesis,True,registry-exact-hypothesis:exact:02_mabniyat/preposition_meanings.json#34
2,273,15,مِنَ,من,أَغْنِيَاءَ,التَّعَفُّفِ,HARF,HARF,HARF,Hypothesis,True,registry-exact-hypothesis:exact:02_mabniyat/preposition_meanings.json#32
2,273,25,مِنْ,من,تُنْفِقُوا,خَيْرٍ,HARF,HARF,HARF,Hypothesis,True,registry-exact-hypothesis:exact:02_mabniyat/preposition_meanings.json#34
2,275,6,إِلَّا,إلا,يَقُومُونَ,كَمَا,HARF,HARF,,Certificate,False,MASAQ:106
2,275,12,مِنَ,من,الشَّيْطَانُ,الْمَسِّ,HARF,HARF,HARF,Hypothesis,True,registry-exact-hypothesis:exact:02_mabniyat/preposition_meanings.json#32
2,275,29,مِنْ,من,مَوْعِظَةٌ,رَبِّهِ,HARF,HARF,HARF,Hypothesis,True,registry-exact-hypothesis:exact:02_mabniyat/preposition_meanings.json#34
2,275,33,مَا,ما,فَلَهُ,سَلَفَ,ISM_MAWSOOL,ISM_MAWSOOL,ISM_MAWSOOL|ISM_MABNI|HARF,Hypothesis,True,registry-exact-hypothesis:exact:02_mabniyat/relative_pronouns.json#13
2,277,1,إِنَّ,إن,,الَّذِينَ,HARF,HARF,HARF,Certificate,False,registry:exact:02_mabniyat/letters_answers.json#4
2,278,7,مَا,ما,وَذَرُوا,بَقِيَ,ISM_MAWSOOL,ISM_MAWSOOL,ISM_MAWSOOL|ISM_MABNI|HARF,Hypothesis,True,registry-exact-hypothesis:exact:02_mabniyat/relative_pronouns.json#13
2,278,9,مِنَ,من,بَقِيَ,الرِّبَا,HARF,HARF,HARF,Hypothesis,True,registry-exact-hypothesis:exact:02_mabniyat/preposition_meanings.json#32
2,278,11,إِنْ,إن,الرِّبَا,كُنْتُمْ,HARF,HARF,HARF,Certificate,False,registry:exact:02_mabniyat/conditional_letters_tools.json#1
2,279,6,مِنَ,من,بِحَرْبٍ,اللَّهِ,HARF,HARF,HARF,Hypothesis,True,registry-exact-hypothesis:exact:02_mabniyat/preposition_meanings.json#32
2,280,12,إِنْ,إن,لَكُمْ,كُنْتُمْ,HARF,HARF,HARF,Certificate,False,registry:exact:02_mabniyat/conditional_letters_tools.json#1
2,281,11,مَا,ما,نَفْسٍ,كَسَبَتْ,ISM_MAWSOOL,ISM_MAWSOOL,ISM_MAWSOOL|ISM_MABNI|HARF,Hypothesis,True,registry-exact-hypothesis:exact:02_mabniyat/relative_pronouns.json#13
2,282,18,أَنْ,أن,كَاتِبٌ,يَكْتُبَ,HARF,HARF,HARF,Certificate,False,registry:plain:02_mabniyat/present_naseb_tools.json#1
2,282,46,أَنْ,أن,يَسْتَطِيعُ,يُمِلَّ,HARF,HARF,HARF,Certificate,False,registry:plain:02_mabniyat/present_naseb_tools.json#1
2,282,54,مِنْ,من,شَهِيدَيْنِ,رِجَالِكُمْ,HARF,HARF,HARF,Hypothesis,True,registry-exact-hypothesis:exact:02_mabniyat/preposition_meanings.json#34
2,282,64,مِنَ,من,تَرْضَوْنَ,الشُّهَدَاءِ,HARF,HARF,HARF,Hypothesis,True,registry-exact-hypothesis:exact:02_mabniyat/preposition_meanings.json#32
2,282,66,أَنْ,أن,الشُّهَدَاءِ,تَضِلَّ,HARF,HARF,HARF,Certificate,False,registry:plain:02_mabniyat/present_naseb_tools.json#1
2,282,80,أَنْ,أن,تَسْأَمُوا,تَكْتُبُوهُ,HARF,HARF,HARF,Certificate,False,registry:plain:02_mabniyat/present_naseb_tools.json#1
2,282,96,إِلَّا,إلا,تَرْتَابُوا,أَنْ,HARF,HARF,,Certificate,False,MASAQ:106
2,282,97,أَنْ,أن,إِلَّا,تَكُونَ,HARF,HARF,HARF,Certificate,False,registry:plain:02_mabniyat/present_naseb_tools.json#1
2,283,30,بِمَا,بما,وَاللَّهُ,تَعْمَلُونَ,ISM_MAWSOOL,ISM_MAWSOOL,ISM_MAWSOOL|ISM_MABNI|HARF,Certificate,True,MASAQ:48
2,284,2,مَا,ما,لِلَّهِ,فِي,ISM_MAWSOOL,ISM_MAWSOOL,ISM_MAWSOOL|ISM_MABNI|HARF,Hypothesis,True,registry-exact-hypothesis:exact:02_mabniyat/relative_pronouns.json#13
2,284,10,مَا,ما,تُبْدُوا,فِي,ISM_MAWSOOL,ISM_MAWSOOL,ISM_MAWSOOL|ISM_MABNI|HARF,Hypothesis,True,registry-exact-hypothesis:exact:02_mabniyat/relative_pronouns.json#13
2,284,22,مَنْ,من,وَيُعَذِّبُ,يَشَاءُ,ISM_MAWSOOL,ISM_MAWSOOL,ISM_MAWSOOL|ISM_MABNI|HARF,Hypothesis,True,registry-exact-hypothesis:exact:02_mabniyat/relative_pronouns.json#3
2,285,3,بِمَا,بما,الرَّسُولُ,أُنْزِلَ,ISM_MAWSOOL,ISM_MAWSOOL,ISM_MAWSOOL|ISM_MABNI|HARF,Certificate,True,MASAQ:48
2,285,6,مِنْ,من,إِلَيْهِ,رَبِّهِ,HARF,HARF,HARF,Hypothesis,True,registry-exact-hypothesis:exact:02_mabniyat/preposition_meanings.json#34
2,285,19,مِنْ,من,أَحَدٍ,رُسُلِهِ,HARF,HARF,HARF,Hypothesis,True,registry-exact-hypothesis:exact:02_mabniyat/preposition_meanings.json#34
2,286,5,إِلَّا,إلا,نَفْسَاً,وُسْعَهَا,HARF,HARF,,Certificate,False,MASAQ:106
2,286,8,مَا,ما,لَهَا,كَسَبَتْ,ISM_MAWSOOL,ISM_MAWSOOL,ISM_MAWSOOL|ISM_MABNI|HARF,Hypothesis,True,registry-exact-hypothesis:exact:02_mabniyat/relative_pronouns.json#13
2,286,11,مَا,ما,وَعَلَيْهَا,اكْتَسَبَتْ,ISM_MAWSOOL,ISM_MAWSOOL,ISM_MAWSOOL|ISM_MABNI|HARF,Hypothesis,True,registry-exact-hypothesis:exact:02_mabniyat/relative_pronouns.json#13
2,286,16,إِنْ,إن,تُؤَاخِذْنَا,نَسِيْنَا,HARF,HARF,HARF,Certificate,False,registry:exact:02_mabniyat/conditional_letters_tools.json#1
2,286,29,مِنْ,من,الَّذِينَ,قَبْلِنَا,HARF,HARF,HARF,Hypothesis,True,registry-exact-hypothesis:exact:02_mabniyat/preposition_meanings.json#34
3,2,4,إِلَّا,إلا,إِلَهَ,هُوَ,HARF,HARF,,Certificate,False,MASAQ:106
3,4,1,مِنْ,من,,قَبْلُ,HARF,HARF,HARF,Hypothesis,True,registry-exact-hypothesis:exact:02_mabniyat/preposition_meanings.json#34
3,4,7,إِنَّ,إن,الْفُرْقَانَ,الَّذِينَ,HARF,HARF,HARF,Certificate,False,registry:exact:02_mabniyat/letters_answers.json#4
3,5,1,إِنَّ,إن,,اللَّهَ,HARF,HARF,HARF,Certificate,False,registry:exact:02_mabniyat/letters_answers.json#4
3,6,10,إِلَّا,إلا,إِلَهَ,هُوَ,HARF,HARF,,Certificate,False,MASAQ:106
3,7,20,مَا,ما,فَيَتَّبِعُونَ,تَشَابَهَ,ISM_MAWSOOL,ISM_MAWSOOL,ISM_MAWSOOL|ISM_MABNI|HARF,Hypothesis,True,registry-exact-hypothesis:exact:02_mabniyat/relative_pronouns.json#13
3,7,30,إِلَّا,إلا,تَأْوِيلَهُ,اللَّهُ,HARF,HARF,,Certificate,False,MASAQ:106
3,7,39,مِنْ,من,كُلٌّ,عِنْدِ,HARF,HARF,HARF,Hypothesis,True,registry-exact-hypothesis:exact:02_mabniyat/preposition_meanings.json#34
3,7,44,إِلَّا,إلا,يَذَّكَّرُ,أُولُو,HARF,HARF,,Certificate,False,MASAQ:106
3,8,10,مِنْ,من,لَنَا,لَدُنْكَ,HARF,HARF,HARF,Hypothesis,True,registry-exact-hypothesis:exact:02_mabniyat/preposition_meanings.json#34
3,9,9,إِنَّ,إن,فِيهِ,اللَّهَ,HARF,HARF,HARF,Certificate,False,registry:exact:02_mabniyat/letters_answers.json#4
3,10,1,إِنَّ,إن,,الَّذِينَ,HARF,HARF,HARF,Certificate,False,registry:exact:02_mabniyat/letters_answers.json#4
3,10,10,مِنَ,من,أَوْلَادُهُمْ,اللَّهِ,HARF,HARF,HARF,Hypothesis,True,registry-exact-hypothesis:exact:02_mabniyat/preposition_meanings.json#32
3,11,5,مِنْ,من,وَالَّذِينَ,قَبْلِهِمْ,HARF,HARF,HARF,Hypothesis,True,registry-exact-hypothesis:exact:02_mabniyat/preposition_meanings.json#34
3,13,22,مَنْ,من,بِنَصْرِهِ,يَشَاءُ,ISM_MAWSOOL,ISM_MAWSOOL,ISM_MAWSOOL|ISM_MABNI|HARF,Hypothesis,True,registry-exact-hypothesis:exact:02_mabniyat/relative_pronouns.json#3
3,13,24,إِنَّ,إن,يَشَاءُ,فِي,HARF,HARF,HARF,Certificate,False,registry:exact:02_mabniyat/letters_answers.json#4
3,14,5,مِنَ,من,الشَّهَوَاتِ,النِّسَاءِ,HARF,HARF,HARF,Hypothesis,True,registry-exact-hypothesis:exact:02_mabniyat/preposition_meanings.json#32
3,14,10,مِنَ,من,الْمُقَنْطَرَةِ,الذَّهَبِ,HARF,HARF,HARF,Hypothesis,True,registry-exact-hypothesis:exact:02_mabniyat/preposition_meanings.json#32
3,15,4,مِنْ,من,بِخَيْرٍ,ذَلِكُمْ,HARF,HARF,HARF,Hypothesis,True,registry-exact-hypothesis:exact:02_mabniyat/preposition_meanings.json#34
3,15,12,مِنْ,من,تَجْرِي,تَحْتِهَا,HARF,HARF,HARF,Hypothesis,True,registry-exact-hypothesis:exact:02_mabniyat/preposition_meanings.json#34
3,15,20,مِنَ,من,وَرِضْوَانٌ,اللَّهِ,HARF,HARF,HARF,Hypothesis,True,registry-exact-hypothesis:exact:02_mabniyat/preposition_meanings.json#32
3,18,6,إِلَّا,إلا,إِلَهَ,هُوَ,HARF,HARF,,Certificate,False,MASAQ:106
3,18,15,إِلَّا,إلا,إِلَهَ,هُوَ,HARF,HARF,,Certificate,False,MASAQ:106
3,19,1,إِنَّ,إن,,الدِّينَ,HARF,HARF,HARF,Certificate,False,registry:exact:02_mabniyat/letters_answers.json#4
3,19,11,إِلَّا,إلا,الْكِتَابَ,مِنْ,HARF,HARF,,Certificate,False,MASAQ:106
3,19,12,مِنْ,من,إِلَّا,بَعْدِ,HARF,HARF,HARF,Hypothesis,True,registry-exact-hypothesis:exact:02_mabniyat/preposition_meanings.json#34
3,19,14,مَا,ما,بَعْدِ,جَاءَهُمُ,ISM_MAWSOOL,ISM_MAWSOOL,ISM_MAWSOOL|ISM_MABNI|HARF,Hypothesis,True,registry-exact-hypothesis:exact:02_mabniyat/relative_pronouns.json#13
3,21,1,إِنَّ,إن,,الَّذِينَ,HARF,HARF,HARF,Certificate,False,registry:exact:02_mabniyat/letters_answers.json#4
3,21,14,مِنَ,من,بِالْقِسْطِ,النَّاسِ,HARF,HARF,HARF,Hypothesis,True,registry-exact-hypothesis:exact:02_mabniyat/preposition_meanings.json#32
3,22,10,مِنْ,من,لَهُمْ,نَاصِرِينَ,HARF,HARF,HARF,Hypothesis,True,registry-exact-hypothesis:exact:02_mabniyat/preposition_meanings.json#34
3,23,7,مِنَ,من,نَصِيبَاً,الْكِتَابِ,HARF,HARF,HARF,Hypothesis,True,registry-exact-hypothesis:exact:02_mabniyat/preposition_meanings.json#32
3,24,7,إِلَّا,إلا,النَّارُ,أَيَّامَاً,HARF,HARF,,Certificate,False,MASAQ:106
3,24,13,مَا,ما,دِينِهِمْ,كَانُوا,ISM_MAWSOOL,ISM_MAWSOOL,ISM_MAWSOOL|ISM_MABNI|HARF,Hypothesis,True,registry-exact-hypothesis:exact:02_mabniyat/relative_pronouns.json#13
3,25,11,مَا,ما,نَفْسٍ,كَسَبَتْ,ISM_MAWSOOL,ISM_MAWSOOL,ISM_MAWSOOL|ISM_MABNI|HARF,Hypothesis,True,registry-exact-hypothesis:exact:02_mabniyat/relative_pronouns.json#13
3,26,7,مَنْ,من,الْمُلْكَ,تَشَاءُ,ISM_MAWSOOL,ISM_MAWSOOL,ISM_MAWSOOL|ISM_MABNI|HARF,Hypothesis,True,registry-exact-hypothesis:exact:02_mabniyat/relative_pronouns.json#3
3,26,14,مَنْ,من,وَتُعِزُّ,تَشَاءُ,ISM_MAWSOOL,ISM_MAWSOOL,ISM_MAWSOOL|ISM_MABNI|HARF,Hypothesis,True,registry-exact-hypothesis:exact:02_mabniyat/relative_pronouns.json#3
3,26,17,مَنْ,من,وَتُذِلُّ,تَشَاءُ,ISM_MAWSOOL,ISM_MAWSOOL,ISM_MAWSOOL|ISM_MABNI|HARF,Hypothesis,True,registry-exact-hypothesis:exact:02_mabniyat/relative_pronouns.json#3
3,27,11,مِنَ,من,الْحَيَّ,الْمَيِّتِ,HARF,HARF,HARF,Hypothesis,True,registry-exact-hypothesis:exact:02_mabniyat/preposition_meanings.json#32
3,27,15,مِنَ,من,الْمَيِّتَ,الْحَيِّ,HARF,HARF,HARF,Hypothesis,True,registry-exact-hypothesis:exact:02_mabniyat/preposition_meanings.json#32
3,27,18,مَنْ,من,وَتَرْزُقُ,تَشَاءُ,ISM_MAWSOOL,ISM_MAWSOOL,ISM_MAWSOOL|ISM_MABNI|HARF,Hypothesis,True,registry-exact-hypothesis:exact:02_mabniyat/relative_pronouns.json#3
3,28,6,مِنْ,من,أَوْلِيَاءَ,دُونِ,HARF,HARF,HARF,Hypothesis,True,registry-exact-hypothesis:exact:02_mabniyat/preposition_meanings.json#34
3,28,7,دُونِ,دون,مِنْ,الْمُؤْمِنِينَ,ISM_MUARAB,ISM_MUARAB,,Certificate,False,MASAQ:310
3,28,13,مِنَ,من,فَلَيْسَ,اللَّهِ,HARF,HARF,HARF,Hypothesis,True,registry-exact-hypothesis:exact:02_mabniyat/preposition_meanings.json#32
3,28,17,إِلَّا,إلا,شَيْءٍ,أَنْ,HARF,HARF,,Certificate,False,MASAQ:106
3,28,18,أَنْ,أن,إِلَّا,تَتَّقُوا,HARF,HARF,HARF,Certificate,False,registry:plain:02_mabniyat/present_naseb_tools.json#1
3,29,2,إِنْ,إن,قُلْ,تُخْفُوا,HARF,HARF,HARF,Certificate,False,registry:exact:02_mabniyat/conditional_letters_tools.json#1
3,29,4,مَا,ما,تُخْفُوا,فِي,ISM_MAWSOOL,ISM_MAWSOOL,ISM_MAWSOOL|ISM_MABNI|HARF,Hypothesis,True,registry-exact-hypothesis:exact:02_mabniyat/relative_pronouns.json#13
3,29,12,مَا,ما,وَيَعْلَمُ,فِي,ISM_MAWSOOL,ISM_MAWSOOL,ISM_MAWSOOL|ISM_MABNI|HARF,Hypothesis,True,registry-exact-hypothesis:exact:02_mabniyat/relative_pronouns.json#13
3,30,5,مَا,ما,نَفْسٍ,عَمِلَتْ,ISM_MAWSOOL,ISM_MAWSOOL,ISM_MAWSOOL|ISM_MABNI|HARF,Hypothesis,True,registry-exact-hypothesis:exact:02_mabniyat/relative_pronouns.json#13
3,30,7,مِنْ,من,عَمِلَتْ,خَيْرٍ,HARF,HARF,HARF,Hypothesis,True,registry-exact-hypothesis:exact:02_mabniyat/preposition_meanings.json#34
3,30,12,مِنْ,من,عَمِلَتْ,سُوءٍ,HARF,HARF,HARF,Hypothesis,True,registry-exact-hypothesis:exact:02_mabniyat/preposition_meanings.json#34
3,30,16,أَنَّ,أن,لَوْ,بَيْنَهَا,HARF,HARF,HARF,Certificate,False,registry:exact:02_mabniyat/copulative_particle.json#2
3,31,2,إِنْ,إن,قُلْ,كُنْتُمْ,HARF,HARF,HARF,Certificate,False,registry:exact:02_mabniyat/conditional_letters_tools.json#1
3,33,1,إِنَّ,إن,,اللَّهَ,HARF,HARF,HARF,Certificate,False,registry:exact:02_mabniyat/letters_answers.json#4
3,34,3,مِنْ,من,بَعْضُهَا,بَعْضٍ,HARF,HARF,HARF,Hypothesis,True,registry-exact-hypothesis:exact:02_mabniyat/preposition_meanings.json#34
3,35,9,مَا,ما,لَكَ,فِي,ISM_MAWSOOL,ISM_MAWSOOL,ISM_MAWSOOL|ISM_MABNI|HARF,Hypothesis,True,registry-exact-hypothesis:exact:02_mabniyat/relative_pronouns.json#13
3,36,10,بِمَا,بما,أَعْلَمُ,وَضَعَتْ,ISM_MAWSOOL,ISM_MAWSOOL,ISM_MAWSOOL|ISM_MABNI|HARF,Certificate,True,MASAQ:48
3,36,22,مِنَ,من,وَذُرِّيَّتَهَا,الشَّيْطَانِ,HARF,HARF,HARF,Hypothesis,True,registry-exact-hypothesis:exact:02_mabniyat/preposition_meanings.json#32
3,37,25,مِنْ,من,هُوَ,عِنْدِ,HARF,HARF,HARF,Hypothesis,True,registry-exact-hypothesis:exact:02_mabniyat/preposition_meanings.json#34
3,37,28,إِنَّ,إن,اللَّهِ,اللَّهَ,HARF,HARF,HARF,Certificate,False,registry:exact:02_mabniyat/letters_answers.json#4
3,37,31,مَنْ,من,يَرْزُقُ,يَشَاءُ,ISM_MAWSOOL,ISM_MAWSOOL,ISM_MAWSOOL|ISM_MABNI|HARF,Hypothesis,True,registry-exact-hypothesis:exact:02_mabniyat/relative_pronouns.json#3
3,38,9,مِنْ,من,لِي,لَدُنْكَ,HARF,HARF,HARF,Hypothesis,True,registry-exact-hypothesis:exact:02_mabniyat/preposition_meanings.json#34
3,39,8,أَنَّ,أن,الْمِحْرَابِ,اللَّهَ,HARF,HARF,HARF,Certificate,False,registry:exact:02_mabniyat/copulative_particle.json#2
3,39,14,مِنَ,من,بِكَلِمَةٍ,اللَّهِ,HARF,HARF,HARF,Hypothesis,True,registry-exact-hypothesis:exact:02_mabniyat/preposition_meanings.json#32
3,39,19,مِنَ,من,وَنَبِيَّاً,الصَّالِحِينَ,HARF,HARF,HARF,Hypothesis,True,registry-exact-hypothesis:exact:02_mabniyat/preposition_meanings.json#32
3,40,16,مَا,ما,يَفْعَلُ,يَشَاءُ,ISM_MAWSOOL,ISM_MAWSOOL,ISM_MAWSOOL|ISM_MABNI|HARF,Hypothesis,True,registry-exact-hypothesis:exact:02_mabniyat/relative_pronouns.json#13
3,41,13,إِلَّا,إلا,أَيَّامٍ,رَمْزَاً,HARF,HARF,,Certificate,False,MASAQ:106
3,42,5,إِنَّ,إن,يَامَرْيَمُ,اللَّهَ,HARF,HARF,HARF,Certificate,False,registry:exact:02_mabniyat/letters_answers.json#4
3,44,2,مِنْ,من,ذَلِكَ,أَنْبَاءِ,HARF,HARF,HARF,Hypothesis,True,registry-exact-hypothesis:exact:02_mabniyat/preposition_meanings.json#34
3,45,5,إِنَّ,إن,يَامَرْيَمُ,اللَّهَ,HARF,HARF,HARF,Certificate,False,registry:exact:02_mabniyat/letters_answers.json#4
3,47,14,مَا,ما,يَخْلُقُ,يَشَاءُ,ISM_MAWSOOL,ISM_MAWSOOL,ISM_MAWSOOL|ISM_MABNI|HARF,Hypothesis,True,registry-exact-hypothesis:exact:02_mabniyat/relative_pronouns.json#13
3,49,9,مِنْ,من,بِآيَةٍ,رَبِّكُمْ,HARF,HARF,HARF,Hypothesis,True,registry-exact-hypothesis:exact:02_mabniyat/preposition_meanings.json#34
3,49,14,مِنَ,من,لَكُمْ,الطِّينِ,HARF,HARF,HARF,Hypothesis,True,registry-exact-hypothesis:exact:02_mabniyat/preposition_meanings.json#32
3,49,32,بِمَا,بما,وَأُنَبِّئُكُمْ,تَأْكُلُونَ,ISM_MAWSOOL,ISM_MAWSOOL,ISM_MAWSOOL|ISM_MABNI|HARF,Certificate,True,MASAQ:48
3,49,38,إِنَّ,إن,بُيُوتِكُمْ,فِي,HARF,HARF,HARF,Certificate,False,registry:exact:02_mabniyat/letters_answers.json#4
3,49,43,إِنْ,إن,لَكُمْ,كُنْتُمْ,HARF,HARF,HARF,Certificate,False,registry:exact:02_mabniyat/conditional_letters_tools.json#1
3,50,5,مِنَ,من,يَدَيَّ,التَّوْرَاةِ,HARF,HARF,HARF,Hypothesis,True,registry-exact-hypothesis:exact:02_mabniyat/preposition_meanings.json#32
3,50,15,مِنْ,من,بِآيَةٍ,رَبِّكُمْ,HARF,HARF,HARF,Hypothesis,True,registry-exact-hypothesis:exact:02_mabniyat/preposition_meanings.json#34
3,51,1,إِنَّ,إن,,اللَّهَ,HARF,HARF,HARF,Certificate,False,registry:exact:02_mabniyat/letters_answers.json#4
3,52,7,مَنْ,من,قَالَ,أَنْصَارِي,HARF,ISM_MAWSOOL,ISM_MAWSOOL|ISM_MABNI|HARF,Hypothesis,True,registry-exact-hypothesis:exact:02_mabniyat/relative_pronouns.json#3
3,53,3,بِمَا,بما,آمَنَّا,أَنْزَلْتَ,ISM_MAWSOOL,ISM_MAWSOOL,ISM_MAWSOOL|ISM_MABNI|HARF,Certificate,True,MASAQ:48
3,55,10,مِنَ,من,وَمُطَهِّرُكَ,الَّذِينَ,HARF,HARF,HARF,Hypothesis,True,registry-exact-hypothesis:exact:02_mabniyat/preposition_meanings.json#32
3,56,12,مِنْ,من,لَهُمْ,نَاصِرِينَ,HARF,HARF,HARF,Hypothesis,True,registry-exact-hypothesis:exact:02_mabniyat/preposition_meanings.json#34
3,58,4,مِنَ,من,عَلَيْكَ,الْآيَاتِ,HARF,HARF,HARF,Hypothesis,True,registry-exact-hypothesis:exact:02_mabniyat/preposition_meanings.json#32
3,59,1,إِنَّ,إن,,مَثَلَ,HARF,HARF,HARF,Certificate,False,registry:exact:02_mabniyat/letters_answers.json#4
3,59,9,مِنْ,من,خَلَقَهُ,تُرَابٍ,HARF,HARF,HARF,Hypothesis,True,registry-exact-hypothesis:exact:02_mabniyat/preposition_meanings.json#34
3,60,2,مِنْ,من,الْحَقُّ,رَبِّكَ,HARF,HARF,HARF,Hypothesis,True,registry-exact-hypothesis:exact:02_mabniyat/preposition_meanings.json#34
3,60,6,مِنَ,من,تَكُنْ,الْمُمْتَرِينَ,HARF,HARF,HARF,Hypothesis,True,registry-exact-hypothesis:exact:02_mabniyat/preposition_meanings.json#32
3,61,4,مِنْ,من,فِيهِ,بَعْدِ,HARF,HARF,HARF,Hypothesis,True,registry-exact-hypothesis:exact:02_mabniyat/preposition_meanings.json#34
3,61,6,مَا,ما,بَعْدِ,جَاءَكَ,ISM_MAWSOOL,ISM_MAWSOOL,ISM_MAWSOOL|ISM_MABNI|HARF,Hypothesis,True,registry-exact-hypothesis:exact:02_mabniyat/relative_pronouns.json#13
3,61,8,مِنَ,من,جَاءَكَ,الْعِلْمِ,HARF,HARF,HARF,Hypothesis,True,registry-exact-hypothesis:exact:02_mabniyat/preposition_meanings.json#32
3,62,1,إِنَّ,إن,,هَذَا,HARF,HARF,HARF,Certificate,False,registry:exact:02_mabniyat/letters_answers.json#4
3,62,7,مِنْ,من,وَمَا,إِلَهٍ,HARF,HARF,HARF,Hypothesis,True,registry-exact-hypothesis:exact:02_mabniyat/preposition_meanings.json#34
3,62,9,إِلَّا,إلا,إِلَهٍ,اللَّهُ,HARF,HARF,,Certificate,False,MASAQ:106
3,64,12,إِلَّا,إلا,نَعْبُدَ,اللَّهَ,HARF,HARF,,Certificate,False,MASAQ:106
3,64,23,مِنْ,من,أَرْبَابَاً,دُونِ,HARF,HARF,HARF,Hypothesis,True,registry-exact-hypothesis:exact:02_mabniyat/preposition_meanings.json#34
3,64,24,دُونِ,دون,مِنْ,اللَّهِ,ISM_MUARAB,ISM_MUARAB,,Certificate,False,MASAQ:310
3,65,11,إِلَّا,إلا,وَالْإِنْجِيلُ,مِنْ,HARF,HARF,,Certificate,False,MASAQ:106
3,65,12,مِنْ,من,إِلَّا,بَعْدِهِ,HARF,HARF,HARF,Hypothesis,True,registry-exact-hypothesis:exact:02_mabniyat/preposition_meanings.json#34
3,67,1,مَا,ما,,كَانَ,HARF,ISM_MAWSOOL,ISM_MAWSOOL|ISM_MABNI|HARF,Hypothesis,True,registry-exact-hypothesis:exact:02_mabniyat/relative_pronouns.json#13
3,67,13,مِنَ,من,كَانَ,الْمُشْرِكِينَ,HARF,HARF,HARF,Hypothesis,True,registry-exact-hypothesis:exact:02_mabniyat/preposition_meanings.json#32
3,68,1,إِنَّ,إن,,أَوْلَى,HARF,HARF,HARF,Certificate,False,registry:exact:02_mabniyat/letters_answers.json#4
3,69,3,مِنْ,من,طَائِفَةٌ,أَهْلِ,HARF,HARF,HARF,Hypothesis,True,registry-exact-hypothesis:exact:02_mabniyat/preposition_meanings.json#34
3,69,10,إِلَّا,إلا,يُضِلُّونَ,أَنْفُسَهُمْ,HARF,HARF,,Certificate,False,MASAQ:106
3,72,3,مِنْ,من,طَائِفَةٌ,أَهْلِ,HARF,HARF,HARF,Hypothesis,True,registry-exact-hypothesis:exact:02_mabniyat/preposition_meanings.json#34
3,73,3,إِلَّا,إلا,تُؤْمِنُوا,لِمَنْ,HARF,HARF,,Certificate,False,MASAQ:106
3,73,8,إِنَّ,إن,قُلْ,الْهُدَى,HARF,HARF,HARF,Certificate,False,registry:exact:02_mabniyat/letters_answers.json#4
3,73,12,أَنْ,أن,اللَّهِ,يُؤْتَى,HARF,HARF,HARF,Certificate,False,registry:plain:02_mabniyat/present_naseb_tools.json#1
3,73,16,مَا,ما,مِثْلَ,أُوتِيتُمْ,ISM_MAWSOOL,ISM_MAWSOOL,ISM_MAWSOOL|ISM_MABNI|HARF,Hypothesis,True,registry-exact-hypothesis:exact:02_mabniyat/relative_pronouns.json#13
3,73,23,إِنَّ,إن,قُلْ,الْفَضْلَ,HARF,HARF,HARF,Certificate,False,registry:exact:02_mabniyat/letters_answers.json#4
3,73,28,مَنْ,من,يُؤْتِيهِ,يَشَاءُ,ISM_MAWSOOL,ISM_MAWSOOL,ISM_MAWSOOL|ISM_MABNI|HARF,Hypothesis,True,registry-exact-hypothesis:exact:02_mabniyat/relative_pronouns.json#3
3,74,3,مَنْ,من,بِرَحْمَتِهِ,يَشَاءُ,ISM_MAWSOOL,ISM_MAWSOOL,ISM_MAWSOOL|ISM_MABNI|HARF,Hypothesis,True,registry-exact-hypothesis:exact:02_mabniyat/relative_pronouns.json#3
3,75,4,مَنْ,من,الْكِتَابِ,إِنْ,HARF,ISM_MAWSOOL,ISM_MAWSOOL|ISM_MABNI|HARF,Hypothesis,True,registry-exact-hypothesis:exact:02_mabniyat/relative_pronouns.json#3
3,75,5,إِنْ,إن,مَنْ,تَأْمَنْهُ,HARF,HARF,HARF,Certificate,False,registry:exact:02_mabniyat/conditional_letters_tools.json#1
3,75,11,مَنْ,من,وَمِنْهُمْ,إِنْ,HARF,ISM_MAWSOOL,ISM_MAWSOOL|ISM_MABNI|HARF,Hypothesis,True,registry-exact-hypothesis:exact:02_mabniyat/relative_pronouns.json#3
3,75,12,إِنْ,إن,مَنْ,تَأْمَنْهُ,HARF,HARF,HARF,Certificate,False,registry:exact:02_mabniyat/conditional_letters_tools.json#1
3,75,18,إِلَّا,إلا,إِلَيْكَ,مَا دُمْتَ,HARF,HARF,,Certificate,False,MASAQ:106
3,76,2,مَنْ,من,بَلَى,أَوْفَى,ISM_MAWSOOL,ISM_MAWSOOL,ISM_MAWSOOL|ISM_MABNI|HARF,Hypothesis,True,registry-exact-hypothesis:exact:02_mabniyat/relative_pronouns.json#3
3,77,1,إِنَّ,إن,,الَّذِينَ,HARF,HARF,HARF,Certificate,False,registry:exact:02_mabniyat/letters_answers.json#4
3,78,8,مِنَ,من,لِتَحْسَبُوهُ,الْكِتَابِ,HARF,HARF,HARF,Hypothesis,True,registry-exact-hypothesis:exact:02_mabniyat/preposition_meanings.json#32
3,78,12,مِنَ,من,هُوَ,الْكِتَابِ,HARF,HARF,HARF,Hypothesis,True,registry-exact-hypothesis:exact:02_mabniyat/preposition_meanings.json#32
3,78,16,مِنْ,من,هُوَ,عِنْدِ,HARF,HARF,HARF,Hypothesis,True,registry-exact-hypothesis:exact:02_mabniyat/preposition_meanings.json#34
3,78,21,مِنْ,من,هُوَ,عِنْدِ,HARF,HARF,HARF,Hypothesis,True,registry-exact-hypothesis:exact:02_mabniyat/preposition_meanings.json#34
3,79,1,مَا,ما,,كَانَ,HARF,ISM_MAWSOOL,ISM_MAWSOOL|ISM_MABNI|HARF,Hypothesis,True,registry-exact-hypothesis:exact:02_mabniyat/relative_pronouns.json#13
3,79,4,أَنْ,أن,لِبَشَرٍ,يُؤْتِيَهُ,HARF,HARF,HARF,Certificate,False,registry:plain:02_mabniyat/present_naseb_tools.json#1
3,79,16,مِنْ,من,لِي,دُونِ,HARF,HARF,HARF,Hypothesis,True,registry-exact-hypothesis:exact:02_mabniyat/preposition_meanings.json#34
3,79,17,دُونِ,دون,مِنْ,اللَّهِ,ISM_MUARAB,ISM_MUARAB,,Certificate,False,MASAQ:310
3,79,22,بِمَا,بما,رَبَّانِيِّينَ,كُنْتُمْ,ISM_MAWSOOL,ISM_MAWSOOL,ISM_MAWSOOL|ISM_MABNI|HARF,Certificate,True,MASAQ:48
3,80,3,أَنْ,أن,يَأْمُرَكُمْ,تَتَّخِذُوا,HARF,HARF,HARF,Certificate,False,registry:plain:02_mabniyat/present_naseb_tools.json#1
3,81,8,مِنْ,من,آتَيْتُكُمْ,كِتَابٍ,HARF,HARF,HARF,Hypothesis,True,registry-exact-hypothesis:exact:02_mabniyat/preposition_meanings.json#34
3,81,32,مِنَ,من,مَعَكُمْ,الشَّاهِدِينَ,HARF,HARF,HARF,Hypothesis,True,registry-exact-hypothesis:exact:02_mabniyat/preposition_meanings.json#32
3,83,7,مَنْ,من,أَسْلَمَ,فِي,HARF,ISM_MAWSOOL,ISM_MAWSOOL|ISM_MABNI|HARF,Hypothesis,True,registry-exact-hypothesis:exact:02_mabniyat/relative_pronouns.json#3
3,84,20,مِنْ,من,وَالنَّبِيُّونَ,رَبِّهِمْ,HARF,HARF,HARF,Hypothesis,True,registry-exact-hypothesis:exact:02_mabniyat/preposition_meanings.json#34
3,85,3,غَيْرَ,غير,يَبْتَغِ,الْإِسْلَامِ,ISM_MUARAB,ISM_MUARAB,,Certificate,False,MASAQ:870
3,85,12,مِنَ,من,الْآخِرَةِ,الْخَاسِرِينَ,HARF,HARF,HARF,Hypothesis,True,registry-exact-hypothesis:exact:02_mabniyat/preposition_meanings.json#32
3,86,9,أَنَّ,أن,وَشَهِدُوا,الرَّسُولَ,HARF,HARF,HARF,Certificate,False,registry:exact:02_mabniyat/copulative_particle.json#2
3,87,3,أَنَّ,أن,جَزَاؤُهُمْ,عَلَيْهِمْ,HARF,HARF,HARF,Certificate,False,registry:exact:02_mabniyat/copulative_particle.json#2
3,89,1,إِلَّا,إلا,,الَّذِينَ,HARF,HARF,,Certificate,False,MASAQ:106
3,89,4,مِنْ,من,تَابُوا,بَعْدِ,HARF,HARF,HARF,Hypothesis,True,registry-exact-hypothesis:exact:02_mabniyat/preposition_meanings.json#34
3,90,1,إِنَّ,إن,,الَّذِينَ,HARF,HARF,HARF,Certificate,False,registry:exact:02_mabniyat/letters_answers.json#4
3,91,1,إِنَّ,إن,,الَّذِينَ,HARF,HARF,HARF,Certificate,False,registry:exact:02_mabniyat/letters_answers.json#4
3,91,9,مِنْ,من,يُقْبَلَ,أَحَدِهِمْ,HARF,HARF,HARF,Hypothesis,True,registry-exact-hypothesis:exact:02_mabniyat/preposition_meanings.json#34
3,91,23,مِنْ,من,لَهُمْ,نَاصِرِينَ,HARF,HARF,HARF,Hypothesis,True,registry-exact-hypothesis:exact:02_mabniyat/preposition_meanings.json#34
3,92,4,حَتَّى,حتى,الْبِرَّ,تُنْفِقُوا,HARF,HARF,HARF,Certificate,False,registry:exact:02_mabniyat/preposition_meanings.json#48
3,92,10,مِنْ,من,تُنْفِقُوا,شَيْءٍ,HARF,HARF,HARF,Hypothesis,True,registry-exact-hypothesis:exact:02_mabniyat/preposition_meanings.json#34
3,93,7,إِلَّا,إلا,إِسْرَائِيلَ,مَا,HARF,HARF,,Certificate,False,MASAQ:106
3,93,8,مَا,ما,إِلَّا,حَرَّمَ,ISM_MAWSOOL,ISM_MAWSOOL,ISM_MAWSOOL|ISM_MABNI|HARF,Hypothesis,True,registry-exact-hypothesis:exact:02_mabniyat/relative_pronouns.json#13
3,93,13,مِنْ,من,نَفْسِهِ,قَبْلِ,HARF,HARF,HARF,Hypothesis,True,registry-exact-hypothesis:exact:02_mabniyat/preposition_meanings.json#34
3,93,15,أَنْ,أن,قَبْلِ,تُنَزَّلَ,HARF,HARF,HARF,Certificate,False,registry:plain:02_mabniyat/present_naseb_tools.json#1
3,93,22,إِنْ,إن,فَاتْلُوهَا,كُنْتُمْ,HARF,HARF,HARF,Certificate,False,registry:exact:02_mabniyat/conditional_letters_tools.json#1
3,94,6,مِنْ,من,الْكَذِبَ,بَعْدِ,HARF,HARF,HARF,Hypothesis,True,registry-exact-hypothesis:exact:02_mabniyat/preposition_meanings.json#34
3,95,10,مِنَ,من,كَانَ,الْمُشْرِكِينَ,HARF,HARF,HARF,Hypothesis,True,registry-exact-hypothesis:exact:02_mabniyat/preposition_meanings.json#32
3,96,1,إِنَّ,إن,,أَوَّلَ,HARF,HARF,HARF,Certificate,False,registry:exact:02_mabniyat/letters_answers.json#4
3,97,15,مَنْ,من,الْبَيْتِ,اسْتَطَاعَ,HARF,ISM_MAWSOOL,ISM_MAWSOOL|ISM_MABNI|HARF,Hypothesis,True,registry-exact-hypothesis:exact:02_mabniyat/relative_pronouns.json#3
3,98,11,مَا,ما,عَلَى,تَعْمَلُونَ,ISM_MAWSOOL,ISM_MAWSOOL,ISM_MAWSOOL|ISM_MABNI|HARF,Hypothesis,True,registry-exact-hypothesis:exact:02_mabniyat/relative_pronouns.json#13
3,99,9,مَنْ,من,اللَّهِ,آمَنَ,ISM_MAWSOOL,ISM_MAWSOOL,ISM_MAWSOOL|ISM_MABNI|HARF,Hypothesis,True,registry-exact-hypothesis:exact:02_mabniyat/relative_pronouns.json#3
3,100,4,إِنْ,إن,آمَنُوا,تُطِيعُوا,HARF,HARF,HARF,Certificate,False,registry:exact:02_mabniyat/conditional_letters_tools.json#1
3,100,7,مِنَ,من,فَرِيقَاً,الَّذِينَ,HARF,HARF,HARF,Hypothesis,True,registry-exact-hypothesis:exact:02_mabniyat/preposition_meanings.json#32
3,102,10,إِلَّا,إلا,تَمُوتُنَّ,وَأَنْتُمْ,HARF,HARF,,Certificate,False,MASAQ:106
3,103,24,مِنَ,من,حُفْرَةٍ,النَّارِ,HARF,HARF,HARF,Hypothesis,True,registry-exact-hypothesis:exact:02_mabniyat/preposition_meanings.json#32
3,105,6,مِنْ,من,وَاخْتَلَفُوا,بَعْدِ,HARF,HARF,HARF,Hypothesis,True,registry-exact-hypothesis:exact:02_mabniyat/preposition_meanings.json#34
3,105,8,مَا,ما,بَعْدِ,جَاءَهُمُ,ISM_MAWSOOL,ISM_MAWSOOL,ISM_MAWSOOL|ISM_MABNI|HARF,Hypothesis,True,registry-exact-hypothesis:exact:02_mabniyat/relative_pronouns.json#13
3,106,15,بِمَا,بما,الْعَذَابَ,كُنْتُمْ,ISM_MAWSOOL,ISM_MAWSOOL,ISM_MAWSOOL|ISM_MABNI|HARF,Certificate,True,MASAQ:48
3,109,2,مَا,ما,وَلِلَّهِ,فِي,ISM_MAWSOOL,ISM_MAWSOOL,ISM_MAWSOOL|ISM_MABNI|HARF,Hypothesis,True,registry-exact-hypothesis:exact:02_mabniyat/relative_pronouns.json#13
3,111,3,إِلَّا,إلا,يَضُرُّوكُمْ,أَذَىً,HARF,HARF,,Certificate,False,MASAQ:106
3,112,6,إِلَّا,إلا,ثُقِفُوا,بِحَبْلٍ,HARF,HARF,,Certificate,False,MASAQ:106
3,112,8,مِنَ,من,بِحَبْلٍ,اللَّهِ,HARF,HARF,HARF,Hypothesis,True,registry-exact-hypothesis:exact:02_mabniyat/preposition_meanings.json#32
3,112,11,مِنَ,من,وَحَبْلٍ,النَّاسِ,HARF,HARF,HARF,Hypothesis,True,registry-exact-hypothesis:exact:02_mabniyat/preposition_meanings.json#32
3,112,15,مِنَ,من,بِغَضَبٍ,اللَّهِ,HARF,HARF,HARF,Hypothesis,True,registry-exact-hypothesis:exact:02_mabniyat/preposition_meanings.json#32
3,112,31,بِمَا,بما,ذَلِكَ,عَصَوْا,ISM_MAWSOOL,ISM_MAWSOOL,ISM_MAWSOOL|ISM_MABNI|HARF,Certificate,True,MASAQ:48
3,113,3,مِنْ,من,سَوَاءً,أَهْلِ,HARF,HARF,HARF,Hypothesis,True,registry-exact-hypothesis:exact:02_mabniyat/preposition_meanings.json#34
3,114,14,مِنَ,من,وَأُولَئِكَ,الصَّالِحِينَ,HARF,HARF,HARF,Hypothesis,True,registry-exact-hypothesis:exact:02_mabniyat/preposition_meanings.json#32
3,115,3,مِنْ,من,يَفْعَلُوا,خَيْرٍ,HARF,HARF,HARF,Hypothesis,True,registry-exact-hypothesis:exact:02_mabniyat/preposition_meanings.json#34
3,116,1,إِنَّ,إن,,الَّذِينَ,HARF,HARF,HARF,Certificate,False,registry:exact:02_mabniyat/letters_answers.json#4
3,116,10,مِنَ,من,أَوْلَادُهُمْ,اللَّهِ,HARF,HARF,HARF,Hypothesis,True,registry-exact-hypothesis:exact:02_mabniyat/preposition_meanings.json#32
3,117,2,مَا,ما,مَثَلُ,يُنْفِقُونَ,ISM_MAWSOOL,ISM_MAWSOOL,ISM_MAWSOOL|ISM_MABNI|HARF,Hypothesis,True,registry-exact-hypothesis:exact:02_mabniyat/relative_pronouns.json#13
3,118,7,مِنْ,من,بِطَانَةً,دُونِكُمْ,HARF,HARF,HARF,Hypothesis,True,registry-exact-hypothesis:exact:02_mabniyat/preposition_meanings.json#34
3,118,13,مَا,ما,وَدُّوا,عَنِتُّمْ,ISM_MAWSOOL,ISM_MAWSOOL,ISM_MAWSOOL|ISM_MABNI|HARF,Hypothesis,True,registry-exact-hypothesis:exact:02_mabniyat/relative_pronouns.json#13
3,118,18,مِنْ,من,الْبَغْضَاءُ,أَفْوَاهِهِمْ,HARF,HARF,HARF,Hypothesis,True,registry-exact-hypothesis:exact:02_mabniyat/preposition_meanings.json#34
3,118,28,إِنْ,إن,الْآيَاتِ,كُنْتُمْ,HARF,HARF,HARF,Certificate,False,registry:exact:02_mabniyat/conditional_letters_tools.json#1
3,119,18,مِنَ,من,الْأَنَامِلَ,الْغَيْظِ,HARF,HARF,HARF,Hypothesis,True,registry-exact-hypothesis:exact:02_mabniyat/preposition_meanings.json#32
3,119,23,إِنَّ,إن,بِغَيْظِكُمْ,اللَّهَ,HARF,HARF,HARF,Certificate,False,registry:exact:02_mabniyat/letters_answers.json#4
3,120,1,إِنْ,إن,,تَمْسَسْكُمْ,HARF,HARF,HARF,Certificate,False,registry:exact:02_mabniyat/conditional_letters_tools.json#1
3,120,17,إِنَّ,إن,شَيْئَاً,اللَّهَ,HARF,HARF,HARF,Certificate,False,registry:exact:02_mabniyat/letters_answers.json#4
3,120,19,بِمَا,بما,اللَّهَ,يَعْمَلُونَ,ISM_MAWSOOL,ISM_MAWSOOL,ISM_MAWSOOL|ISM_MABNI|HARF,Certificate,True,MASAQ:48
3,121,3,مِنْ,من,غَدَوْتَ,أَهْلِكَ,HARF,HARF,HARF,Hypothesis,True,registry-exact-hypothesis:exact:02_mabniyat/preposition_meanings.json#34
3,122,5,أَنْ,أن,مِنْكُمْ,تَفْشَلَا,HARF,HARF,HARF,Certificate,False,registry:plain:02_mabniyat/present_naseb_tools.json#1
3,124,6,أَنْ,أن,يَكْفِيَكُمْ,يُمِدَّكُمْ,HARF,HARF,HARF,Certificate,False,registry:plain:02_mabniyat/present_naseb_tools.json#1
3,124,11,مِنَ,من,آلَافٍ,الْمَلَائِكَةِ,HARF,HARF,HARF,Hypothesis,True,registry-exact-hypothesis:exact:02_mabniyat/preposition_meanings.json#32
3,125,2,إِنْ,إن,بَلَى,تَصْبِرُوا,HARF,HARF,HARF,Certificate,False,registry:exact:02_mabniyat/conditional_letters_tools.json#1
3,125,6,مِنْ,من,وَيَأْتُوكُمْ,فَوْرِهِمْ,HARF,HARF,HARF,Hypothesis,True,registry-exact-hypothesis:exact:02_mabniyat/preposition_meanings.json#34
3,125,13,مِنَ,من,آلَافٍ,الْمَلَائِكَةِ,HARF,HARF,HARF,Hypothesis,True,registry-exact-hypothesis:exact:02_mabniyat/preposition_meanings.json#32
3,126,4,إِلَّا,إلا,اللَّهُ,بُشْرَى,HARF,HARF,,Certificate,False,MASAQ:106
3,126,12,إِلَّا,إلا,النَّصْرُ,مِنْ,HARF,HARF,,Certificate,False,MASAQ:106
3,126,13,مِنْ,من,إِلَّا,عِنْدِ,HARF,HARF,HARF,Hypothesis,True,registry-exact-hypothesis:exact:02_mabniyat/preposition_meanings.json#34
3,127,3,مِنَ,من,طَرَفَاً,الَّذِينَ,HARF,HARF,HARF,Hypothesis,True,registry-exact-hypothesis:exact:02_mabniyat/preposition_meanings.json#32
3,128,3,مِنَ,من,لَكَ,الْأَمْرِ,HARF,HARF,HARF,Hypothesis,True,registry-exact-hypothesis:exact:02_mabniyat/preposition_meanings.json#32
3,129,2,مَا,ما,وَلِلَّهِ,فِي,ISM_MAWSOOL,ISM_MAWSOOL,ISM_MAWSOOL|ISM_MABNI|HARF,Hypothesis,True,registry-exact-hypothesis:exact:02_mabniyat/relative_pronouns.json#13
3,129,12,مَنْ,من,وَيُعَذِّبُ,يَشَاءُ,ISM_MAWSOOL,ISM_MAWSOOL,ISM_MAWSOOL|ISM_MABNI|HARF,Hypothesis,True,registry-exact-hypothesis:exact:02_mabniyat/relative_pronouns.json#3
3,133,4,مِنْ,من,مَغْفِرَةٍ,رَبِّكُمْ,HARF,HARF,HARF,Hypothesis,True,registry-exact-hypothesis:exact:02_mabniyat/preposition_meanings.json#34
3,135,15,إِلَّا,إلا,الذُّنُوبَ,اللَّهُ,HARF,HARF,,Certificate,False,MASAQ:106
3,135,20,مَا,ما,عَلَى,فَعَلُوا,ISM_MAWSOOL,ISM_MAWSOOL,ISM_MAWSOOL|ISM_MABNI|HARF,Hypothesis,True,registry-exact-hypothesis:exact:02_mabniyat/relative_pronouns.json#13
3,136,4,مِنْ,من,مَغْفِرَةٌ,رَبِّهِمْ,HARF,HARF,HARF,Hypothesis,True,registry-exact-hypothesis:exact:02_mabniyat/preposition_meanings.json#34
3,136,8,مِنْ,من,تَجْرِي,تَحْتِهَا,HARF,HARF,HARF,Hypothesis,True,registry-exact-hypothesis:exact:02_mabniyat/preposition_meanings.json#34
3,137,3,مِنْ,من,خَلَتْ,قَبْلِكُمْ,HARF,HARF,HARF,Hypothesis,True,registry-exact-hypothesis:exact:02_mabniyat/preposition_meanings.json#34
3,139,7,إِنْ,إن,الْأَعْلَوْنَ,كُنْتُمْ,HARF,HARF,HARF,Certificate,False,registry:exact:02_mabniyat/conditional_letters_tools.json#1
3,140,1,إِنْ,إن,,يَمْسَسْكُمْ,HARF,HARF,HARF,Certificate,False,registry:exact:02_mabniyat/conditional_letters_tools.json#1
3,142,3,أَنْ,أن,حَسِبْتُمْ,تَدْخُلُوا,HARF,HARF,HARF,Certificate,False,registry:plain:02_mabniyat/present_naseb_tools.json#1
3,143,5,مِنْ,من,الْمَوْتَ,قَبْلِ,HARF,HARF,HARF,Hypothesis,True,registry-exact-hypothesis:exact:02_mabniyat/preposition_meanings.json#34
3,143,7,أَنْ,أن,قَبْلِ,تَلْقَوْهُ,HARF,HARF,HARF,Certificate,False,registry:plain:02_mabniyat/present_naseb_tools.json#1
3,144,3,إِلَّا,إلا,مُحَمَّدٌ,رَسُولٌ,HARF,HARF,,Certificate,False,MASAQ:106
3,144,7,مِنْ,من,خَلَتْ,قَبْلِهِ,HARF,HARF,HARF,Hypothesis,True,registry-exact-hypothesis:exact:02_mabniyat/preposition_meanings.json#34
3,145,4,أَنْ,أن,لِنَفْسٍ,تَمُوتَ,HARF,HARF,HARF,Certificate,False,registry:plain:02_mabniyat/present_naseb_tools.json#1
3,145,6,إِلَّا,إلا,تَمُوتَ,بِإِذْنِ,HARF,HARF,,Certificate,False,MASAQ:106
3,146,2,مِنْ,من,وَكَأَيِّنْ,نَبِيٍّ,HARF,HARF,HARF,Hypothesis,True,registry-exact-hypothesis:exact:02_mabniyat/preposition_meanings.json#34
3,147,4,إِلَّا,إلا,قَوْلَهُمْ,أَنْ,HARF,HARF,,Certificate,False,MASAQ:106
3,147,5,أَنْ,أن,إِلَّا,قَالُوا,HARF,HARF,HARF,Certificate,False,registry:plain:02_mabniyat/present_naseb_tools.json#1
3,149,4,إِنْ,إن,آمَنُوا,تُطِيعُوا,HARF,HARF,HARF,Certificate,False,registry:exact:02_mabniyat/conditional_letters_tools.json#1
3,151,7,بِمَا,بما,الرُّعْبَ,أَشْرَكُوا,ISM_MAWSOOL,ISM_MAWSOOL,ISM_MAWSOOL|ISM_MABNI|HARF,Certificate,True,MASAQ:48
3,151,10,مَا,ما,بِاللَّهِ,لَمْ,ISM_MAWSOOL,ISM_MAWSOOL,ISM_MAWSOOL|ISM_MABNI|HARF,Hypothesis,True,registry-exact-hypothesis:exact:02_mabniyat/relative_pronouns.json#13
3,152,8,حَتَّى,حتى,بِإِذْنِهِ,إِذَا,HARF,HARF,HARF,Certificate,False,registry:exact:02_mabniyat/preposition_meanings.json#48
3,152,15,مِنْ,من,وَعَصَيْتُمْ,بَعْدِ,HARF,HARF,HARF,Hypothesis,True,registry-exact-hypothesis:exact:02_mabniyat/preposition_meanings.json#34
3,152,17,مَا,ما,بَعْدِ,أَرَاكُمْ,ISM_MAWSOOL,ISM_MAWSOOL,ISM_MAWSOOL|ISM_MABNI|HARF,Hypothesis,True,registry-exact-hypothesis:exact:02_mabniyat/relative_pronouns.json#13
3,152,19,مَا,ما,أَرَاكُمْ,تُحِبُّونَ,ISM_MAWSOOL,ISM_MAWSOOL,ISM_MAWSOOL|ISM_MABNI|HARF,Hypothesis,True,registry-exact-hypothesis:exact:02_mabniyat/relative_pronouns.json#13
3,152,22,مَنْ,من,مِنْكُمْ,يُرِيدُ,HARF,ISM_MAWSOOL,ISM_MAWSOOL|ISM_MABNI|HARF,Hypothesis,True,registry-exact-hypothesis:exact:02_mabniyat/relative_pronouns.json#3
3,152,26,مَنْ,من,وَمِنْكُمْ,يُرِيدُ,HARF,ISM_MAWSOOL,ISM_MAWSOOL|ISM_MABNI|HARF,Hypothesis,True,registry-exact-hypothesis:exact:02_mabniyat/relative_pronouns.json#3
3,153,17,مَا,ما,عَلَى,فَاتَكُمْ,ISM_MAWSOOL,ISM_MAWSOOL,ISM_MAWSOOL|ISM_MABNI|HARF,Hypothesis,True,registry-exact-hypothesis:exact:02_mabniyat/relative_pronouns.json#13
3,153,20,مَا,ما,وَلَا,أَصَابَكُمْ,ISM_MAWSOOL,ISM_MAWSOOL,ISM_MAWSOOL|ISM_MABNI|HARF,Hypothesis,True,registry-exact-hypothesis:exact:02_mabniyat/relative_pronouns.json#13
3,153,24,بِمَا,بما,خَبِيرٌ,تَعْمَلُونَ,ISM_MAWSOOL,ISM_MAWSOOL,ISM_MAWSOOL|ISM_MABNI|HARF,Certificate,True,MASAQ:48
3,154,4,مِنْ,من,عَلَيْكُمْ,بَعْدِ,HARF,HARF,HARF,Hypothesis,True,registry-exact-hypothesis:exact:02_mabniyat/preposition_meanings.json#34
3,154,18,غَيْرَ,غير,بِاللَّهِ,الْحَقِّ,ISM_MUARAB,ISM_MUARAB,,Certificate,False,MASAQ:870
3,154,25,مِنَ,من,لَنَا,الْأَمْرِ,HARF,HARF,HARF,Hypothesis,True,registry-exact-hypothesis:exact:02_mabniyat/preposition_meanings.json#32
3,154,27,مِنْ,من,الْأَمْرِ,شَيْءٍ,HARF,HARF,HARF,Hypothesis,True,registry-exact-hypothesis:exact:02_mabniyat/preposition_meanings.json#34
3,154,30,إِنَّ,إن,قُلْ,الْأَمْرَ,HARF,HARF,HARF,Certificate,False,registry:exact:02_mabniyat/letters_answers.json#4
3,154,37,مَا,ما,أَنْفُسِهِمْ,لَا,ISM_MAWSOOL,ISM_MAWSOOL,ISM_MAWSOOL|ISM_MABNI|HARF,Hypothesis,True,registry-exact-hypothesis:exact:02_mabniyat/relative_pronouns.json#13
3,154,45,مِنَ,من,لَنَا,الْأَمْرِ,HARF,HARF,HARF,Hypothesis,True,registry-exact-hypothesis:exact:02_mabniyat/preposition_meanings.json#32
3,154,48,مَا,ما,شَيْءٌ,قُتِلْنَا,HARF,ISM_MAWSOOL,ISM_MAWSOOL|ISM_MABNI|HARF,Hypothesis,True,registry-exact-hypothesis:exact:02_mabniyat/relative_pronouns.json#13
3,154,65,مَا,ما,اللَّهُ,فِي,ISM_MAWSOOL,ISM_MAWSOOL,ISM_MAWSOOL|ISM_MABNI|HARF,Hypothesis,True,registry-exact-hypothesis:exact:02_mabniyat/relative_pronouns.json#13
3,154,69,مَا,ما,وَلِيُمَحِّصَ,فِي,ISM_MAWSOOL,ISM_MAWSOOL,ISM_MAWSOOL|ISM_MABNI|HARF,Hypothesis,True,registry-exact-hypothesis:exact:02_mabniyat/relative_pronouns.json#13
3,155,1,إِنَّ,إن,,الَّذِينَ,HARF,HARF,HARF,Certificate,False,registry:exact:02_mabniyat/letters_answers.json#4
3,155,12,مَا,ما,بِبَعْضِ,كَسَبُوا,ISM_MAWSOOL,ISM_MAWSOOL,ISM_MAWSOOL|ISM_MABNI|HARF,Hypothesis,True,registry-exact-hypothesis:exact:02_mabniyat/relative_pronouns.json#13
3,155,18,إِنَّ,إن,عَنْهُمْ,اللَّهَ,HARF,HARF,HARF,Certificate,False,registry:exact:02_mabniyat/letters_answers.json#4
3,156,20,مَا,ما,عِنْدَنَا,مَاتُوا,HARF,ISM_MAWSOOL,ISM_MAWSOOL|ISM_MABNI|HARF,Hypothesis,True,registry-exact-hypothesis:exact:02_mabniyat/relative_pronouns.json#13
3,156,34,بِمَا,بما,وَاللَّهُ,تَعْمَلُونَ,ISM_MAWSOOL,ISM_MAWSOOL,ISM_MAWSOOL|ISM_MABNI|HARF,Certificate,True,MASAQ:48
3,157,9,مِنَ,من,لَمَغْفِرَةٌ,اللَّهِ,HARF,HARF,HARF,Hypothesis,True,registry-exact-hypothesis:exact:02_mabniyat/preposition_meanings.json#32
3,159,3,مِنَ,من,رَحْمَةٍ,اللَّهِ,HARF,HARF,HARF,Hypothesis,True,registry-exact-hypothesis:exact:02_mabniyat/preposition_meanings.json#32
3,159,13,مِنْ,من,لَانْفَضُّوا,حَوْلِكَ,HARF,HARF,HARF,Hypothesis,True,registry-exact-hypothesis:exact:02_mabniyat/preposition_meanings.json#34
3,159,27,إِنَّ,إن,اللَّهِ,اللَّهَ,HARF,HARF,HARF,Certificate,False,registry:exact:02_mabniyat/letters_answers.json#4
3,160,1,إِنْ,إن,,يَنْصُرْكُمُ,HARF,HARF,HARF,Certificate,False,registry:exact:02_mabniyat/conditional_letters_tools.json#1
3,160,13,مِنْ,من,يَنْصُرُكُمْ,بَعْدِهِ,HARF,HARF,HARF,Hypothesis,True,registry-exact-hypothesis:exact:02_mabniyat/preposition_meanings.json#34
3,161,4,أَنْ,أن,لِنَبِيٍّ,يَغُلَّ,HARF,HARF,HARF,Certificate,False,registry:plain:02_mabniyat/present_naseb_tools.json#1
3,161,9,بِمَا,بما,يَأْتِ,غَلَّ,ISM_MAWSOOL,ISM_MAWSOOL,ISM_MAWSOOL|ISM_MABNI|HARF,Certificate,True,MASAQ:48
3,161,17,مَا,ما,نَفْسٍ,كَسَبَتْ,ISM_MAWSOOL,ISM_MAWSOOL,ISM_MAWSOOL|ISM_MABNI|HARF,Hypothesis,True,registry-exact-hypothesis:exact:02_mabniyat/relative_pronouns.json#13
3,162,8,مِنَ,من,بِسَخَطٍ,اللَّهِ,HARF,HARF,HARF,Hypothesis,True,registry-exact-hypothesis:exact:02_mabniyat/preposition_meanings.json#32
3,163,7,بِمَا,بما,بَصِيرٌ,يَعْمَلُونَ,ISM_MAWSOOL,ISM_MAWSOOL,ISM_MAWSOOL|ISM_MABNI|HARF,Certificate,True,MASAQ:48
3,164,2,مَنَّ,من,لَقَدْ,اللَّهُ,FIIL,FIIL,,Certificate,False,MASAQ:8987
3,164,10,مِنْ,من,رَسُولَاً,أَنْفُسِهِمْ,HARF,HARF,HARF,Hypothesis,True,registry-exact-hypothesis:exact:02_mabniyat/preposition_meanings.json#34
3,164,21,مِنْ,من,كَانُوا,قَبْلُ,HARF,HARF,HARF,Hypothesis,True,registry-exact-hypothesis:exact:02_mabniyat/preposition_meanings.json#34
3,165,12,مِنْ,من,هُوَ,عِنْدِ,HARF,HARF,HARF,Hypothesis,True,registry-exact-hypothesis:exact:02_mabniyat/preposition_meanings.json#34
3,165,15,إِنَّ,إن,أَنْفُسِكُمْ,اللَّهَ,HARF,HARF,HARF,Certificate,False,registry:exact:02_mabniyat/letters_answers.json#4
3,167,26,مَا,ما,بِأَفْوَاهِهِمْ,لَيْسَ,ISM_MAWSOOL,ISM_MAWSOOL,ISM_MAWSOOL|ISM_MABNI|HARF,Hypothesis,True,registry-exact-hypothesis:exact:02_mabniyat/relative_pronouns.json#13
3,167,32,بِمَا,بما,أَعْلَمُ,يَكْتُمُونَ,ISM_MAWSOOL,ISM_MAWSOOL,ISM_MAWSOOL|ISM_MABNI|HARF,Certificate,True,MASAQ:48
3,168,7,مَا,ما,أَطَاعُونَا,قُتِلُوا,HARF,ISM_MAWSOOL,ISM_MAWSOOL|ISM_MABNI|HARF,Hypothesis,True,registry-exact-hypothesis:exact:02_mabniyat/relative_pronouns.json#13
3,168,14,إِنْ,إن,الْمَوْتَ,كُنْتُمْ,HARF,HARF,HARF,Certificate,False,registry:exact:02_mabniyat/conditional_letters_tools.json#1
3,170,2,بِمَا,بما,فَرِحِينَ,آتَاهُمُ,ISM_MAWSOOL,ISM_MAWSOOL,ISM_MAWSOOL|ISM_MABNI|HARF,Certificate,True,MASAQ:48
3,170,5,مِنْ,من,اللَّهُ,فَضْلِهِ,HARF,HARF,HARF,Hypothesis,True,registry-exact-hypothesis:exact:02_mabniyat/preposition_meanings.json#34
3,170,12,مِنْ,من,بِهِمْ,خَلْفِهِمْ,HARF,HARF,HARF,Hypothesis,True,registry-exact-hypothesis:exact:02_mabniyat/preposition_meanings.json#34
3,171,3,مِنَ,من,بِنِعْمَةٍ,اللَّهِ,HARF,HARF,HARF,Hypothesis,True,registry-exact-hypothesis:exact:02_mabniyat/preposition_meanings.json#32
3,172,5,مِنْ,من,وَالرَّسُولِ,بَعْدِ,HARF,HARF,HARF,Hypothesis,True,registry-exact-hypothesis:exact:02_mabniyat/preposition_meanings.json#34
3,172,7,مَا,ما,بَعْدِ,أَصَابَهُمُ,ISM_MAWSOOL,ISM_MAWSOOL,ISM_MAWSOOL|ISM_MABNI|HARF,Hypothesis,True,registry-exact-hypothesis:exact:02_mabniyat/relative_pronouns.json#13
3,173,5,إِنَّ,إن,النَّاسُ,النَّاسَ,HARF,HARF,HARF,Certificate,False,registry:exact:02_mabniyat/letters_answers.json#4
3,174,3,مِنَ,من,بِنِعْمَةٍ,اللَّهِ,HARF,HARF,HARF,Hypothesis,True,registry-exact-hypothesis:exact:02_mabniyat/preposition_meanings.json#32
3,175,9,إِنْ,إن,وَخَافُونِ,كُنْتُمْ,HARF,HARF,HARF,Certificate,False,registry:exact:02_mabniyat/conditional_letters_tools.json#1
3,177,1,إِنَّ,إن,,الَّذِينَ,HARF,HARF,HARF,Certificate,False,registry:exact:02_mabniyat/letters_answers.json#4
3,179,1,مَا,ما,,كَانَ,HARF,ISM_MAWSOOL,ISM_MAWSOOL|ISM_MABNI|HARF,Hypothesis,True,registry-exact-hypothesis:exact:02_mabniyat/relative_pronouns.json#13
3,179,7,مَا,ما,عَلَى,أَنْتُمْ,ISM_MAWSOOL,ISM_MAWSOOL,ISM_MAWSOOL|ISM_MABNI|HARF,Hypothesis,True,registry-exact-hypothesis:exact:02_mabniyat/relative_pronouns.json#13
3,179,10,حَتَّى,حتى,عَلَيْهِ,يَمِيزَ,HARF,HARF,HARF,Certificate,False,registry:exact:02_mabniyat/preposition_meanings.json#48
3,179,13,مِنَ,من,الْخَبِيثَ,الطَّيِّبِ,HARF,HARF,HARF,Hypothesis,True,registry-exact-hypothesis:exact:02_mabniyat/preposition_meanings.json#32
3,179,24,مِنْ,من,يَجْتَبِي,رُسُلِهِ,HARF,HARF,HARF,Hypothesis,True,registry-exact-hypothesis:exact:02_mabniyat/preposition_meanings.json#34
3,179,26,مَنْ,من,رُسُلِهِ,يَشَاءُ,ISM_MAWSOOL,ISM_MAWSOOL,ISM_MAWSOOL|ISM_MABNI|HARF,Hypothesis,True,registry-exact-hypothesis:exact:02_mabniyat/relative_pronouns.json#3
3,180,5,بِمَا,بما,يَبْخَلُونَ,آتَاهُمُ,ISM_MAWSOOL,ISM_MAWSOOL,ISM_MAWSOOL|ISM_MABNI|HARF,Certificate,True,MASAQ:48
3,180,8,مِنْ,من,اللَّهُ,فَضْلِهِ,HARF,HARF,HARF,Hypothesis,True,registry-exact-hypothesis:exact:02_mabniyat/preposition_meanings.json#34
3,180,18,مَا,ما,سَيُطَوَّقُونَ,بَخِلُوا,ISM_MAWSOOL,ISM_MAWSOOL,ISM_MAWSOOL|ISM_MABNI|HARF,Hypothesis,True,registry-exact-hypothesis:exact:02_mabniyat/relative_pronouns.json#13
3,180,28,بِمَا,بما,وَاللَّهُ,تَعْمَلُونَ,ISM_MAWSOOL,ISM_MAWSOOL,ISM_MAWSOOL|ISM_MABNI|HARF,Certificate,True,MASAQ:48
3,181,7,إِنَّ,إن,قَالُوا,اللَّهَ,HARF,HARF,HARF,Certificate,False,registry:exact:02_mabniyat/letters_answers.json#4
3,181,13,مَا,ما,سَنَكْتُبُ,قَالُوا,ISM_MAWSOOL,ISM_MAWSOOL,ISM_MAWSOOL|ISM_MABNI|HARF,Hypothesis,True,registry-exact-hypothesis:exact:02_mabniyat/relative_pronouns.json#13
3,182,2,بِمَا,بما,ذَلِكَ,قَدَّمَتْ,ISM_MAWSOOL,ISM_MAWSOOL,ISM_MAWSOOL|ISM_MABNI|HARF,Certificate,True,MASAQ:48
3,183,3,إِنَّ,إن,قَالُوا,اللَّهَ,HARF,HARF,HARF,Certificate,False,registry:exact:02_mabniyat/letters_answers.json#4
3,183,10,حَتَّى,حتى,لِرَسُولٍ,يَأْتِيَنَا,HARF,HARF,HARF,Certificate,False,registry:exact:02_mabniyat/preposition_meanings.json#48
3,183,19,مِنْ,من,رُسُلٌ,قَبْلِي,HARF,HARF,HARF,Hypothesis,True,registry-exact-hypothesis:exact:02_mabniyat/preposition_meanings.json#34
3,183,26,إِنْ,إن,قَتَلْتُمُوهُمْ,كُنْتُمْ,HARF,HARF,HARF,Certificate,False,registry:exact:02_mabniyat/conditional_letters_tools.json#1
3,184,6,مِنْ,من,رُسُلٌ,قَبْلِكَ,HARF,HARF,HARF,Hypothesis,True,registry-exact-hypothesis:exact:02_mabniyat/preposition_meanings.json#34
3,185,21,إِلَّا,إلا,الدُّنْيَا,مَتَاعُ,HARF,HARF,,Certificate,False,MASAQ:106
3,186,6,مِنَ,من,وَلَتَسْمَعُنَّ,الَّذِينَ,HARF,HARF,HARF,Hypothesis,True,registry-exact-hypothesis:exact:02_mabniyat/preposition_meanings.json#32
3,186,10,مِنْ,من,الْكِتَابَ,قَبْلِكُمْ,HARF,HARF,HARF,Hypothesis,True,registry-exact-hypothesis:exact:02_mabniyat/preposition_meanings.json#34
3,186,22,مِنْ,من,ذَلِكَ,عَزْمِ,HARF,HARF,HARF,Hypothesis,True,registry-exact-hypothesis:exact:02_mabniyat/preposition_meanings.json#34
3,187,20,مَا,ما,فَبِئْسَ,يَشْتَرُونَ,ISM_MAWSOOL,ISM_MAWSOOL,ISM_MAWSOOL|ISM_MABNI|HARF,Hypothesis,True,registry-exact-hypothesis:exact:02_mabniyat/relative_pronouns.json#13
3,188,5,بِمَا,بما,يَفْرَحُونَ,أَتَوْا,ISM_MAWSOOL,ISM_MAWSOOL,ISM_MAWSOOL|ISM_MABNI|HARF,Certificate,True,MASAQ:48
3,188,8,أَنْ,أن,وَيُحِبُّونَ,يُحْمَدُوا,HARF,HARF,HARF,Certificate,False,registry:plain:02_mabniyat/present_naseb_tools.json#1
3,188,10,بِمَا,بما,يُحْمَدُوا,لَمْ,ISM_MAWSOOL,ISM_MAWSOOL,ISM_MAWSOOL|ISM_MABNI|HARF,Certificate,True,MASAQ:48
3,188,16,مِنَ,من,بِمَفَازَةٍ,الْعَذَابِ,HARF,HARF,HARF,Hypothesis,True,registry-exact-hypothesis:exact:02_mabniyat/preposition_meanings.json#32
3,190,1,إِنَّ,إن,,فِي,HARF,HARF,HARF,Certificate,False,registry:exact:02_mabniyat/letters_answers.json#4
3,191,14,مَا,ما,رَبَّنَا,خَلَقْتَ,HARF,ISM_MAWSOOL,ISM_MAWSOOL|ISM_MABNI|HARF,Hypothesis,True,registry-exact-hypothesis:exact:02_mabniyat/relative_pronouns.json#13
3,192,3,مَنْ,من,إِنَّكَ,تُدْخِلِ,HARF,ISM_MAWSOOL,ISM_MAWSOOL|ISM_MABNI|HARF,Hypothesis,True,registry-exact-hypothesis:exact:02_mabniyat/relative_pronouns.json#3
3,192,10,مِنْ,من,لِلظَّالِمِينَ,أَنْصَارٍ,HARF,HARF,HARF,Hypothesis,True,registry-exact-hypothesis:exact:02_mabniyat/preposition_meanings.json#34
3,193,7,أَنْ,أن,لِلْإِيمَانِ,آمِنُوا,HARF,HARF,HARF,Certificate,False,registry:plain:02_mabniyat/present_naseb_tools.json#1
3,194,3,مَا,ما,وَآتِنَا,وَعَدْتَنَا,ISM_MAWSOOL,ISM_MAWSOOL,ISM_MAWSOOL|ISM_MABNI|HARF,Hypothesis,True,registry-exact-hypothesis:exact:02_mabniyat/relative_pronouns.json#13
3,195,10,مِنْ,من,مِنْكُمْ,ذَكَرٍ,HARF,HARF,HARF,Hypothesis,True,registry-exact-hypothesis:exact:02_mabniyat/preposition_meanings.json#34
3,195,15,مِنْ,من,بَعْضُكُمْ,بَعْضٍ,HARF,HARF,HARF,Hypothesis,True,registry-exact-hypothesis:exact:02_mabniyat/preposition_meanings.json#34
3,195,20,مِنْ,من,وَأُخْرِجُوا,دِيَارِهِمْ,HARF,HARF,HARF,Hypothesis,True,registry-exact-hypothesis:exact:02_mabniyat/preposition_meanings.json#34
3,195,33,مِنْ,من,تَجْرِي,تَحْتِهَا,HARF,HARF,HARF,Hypothesis,True,registry-exact-hypothesis:exact:02_mabniyat/preposition_meanings.json#34
3,195,37,مِنْ,من,ثَوَابَاً,عِنْدِ,HARF,HARF,HARF,Hypothesis,True,registry-exact-hypothesis:exact:02_mabniyat/preposition_meanings.json#34
3,198,8,مِنْ,من,تَجْرِي,تَحْتِهَا,HARF,HARF,HARF,Hypothesis,True,registry-exact-hypothesis:exact:02_mabniyat/preposition_meanings.json#34
3,198,14,مِنْ,من,نُزُلَاً,عِنْدِ,HARF,HARF,HARF,Hypothesis,True,registry-exact-hypothesis:exact:02_mabniyat/preposition_meanings.json#34
3,199,2,مِنْ,من,وَإِنَّ,أَهْلِ,HARF,HARF,HARF,Hypothesis,True,registry-exact-hypothesis:exact:02_mabniyat/preposition_meanings.json#34
3,199,27,إِنَّ,إن,رَبِّهِمْ,اللَّهَ,HARF,HARF,HARF,Certificate,False,registry:exact:02_mabniyat/letters_answers.json#4
4,1,7,مِنْ,من,خَلَقَكُمْ,نَفْسٍ,HARF,HARF,HARF,Hypothesis,True,registry-exact-hypothesis:exact:02_mabniyat/preposition_meanings.json#34
4,1,24,إِنَّ,إن,وَالْأَرْحَامَ,اللَّهَ,HARF,HARF,HARF,Certificate,False,registry:exact:02_mabniyat/letters_answers.json#4
4,3,8,مَا,ما,فَانْكِحُوا,طَابَ,ISM_MAWSOOL,ISM_MAWSOOL,ISM_MAWSOOL|ISM_MABNI|HARF,Hypothesis,True,registry-exact-hypothesis:exact:02_mabniyat/relative_pronouns.json#13
4,3,11,مِنَ,من,لَكُمْ,النِّسَاءِ,HARF,HARF,HARF,Hypothesis,True,registry-exact-hypothesis:exact:02_mabniyat/preposition_meanings.json#32
4,3,22,مَا,ما,أَوْ,مَلَكَتْ,ISM_MAWSOOL,ISM_MAWSOOL,ISM_MAWSOOL|ISM_MABNI|HARF,Hypothesis,True,registry-exact-hypothesis:exact:02_mabniyat/relative_pronouns.json#13
4,6,3,حَتَّى,حتى,الْيَتَامَى,إِذَا,HARF,HARF,HARF,Certificate,False,registry:exact:02_mabniyat/preposition_meanings.json#48
4,6,18,أَنْ,أن,وَبِدَارَاً,يَكْبَرُوا,HARF,HARF,HARF,Certificate,False,registry:plain:02_mabniyat/present_naseb_tools.json#1
4,9,5,مِنْ,من,تَرَكُوا,خَلْفِهِمْ,HARF,HARF,HARF,Hypothesis,True,registry-exact-hypothesis:exact:02_mabniyat/preposition_meanings.json#34
4,10,1,إِنَّ,إن,,الَّذِينَ,HARF,HARF,HARF,Certificate,False,registry:exact:02_mabniyat/letters_answers.json#4
4,11,16,مَا,ما,ثُلُثَا,تَرَكَ,ISM_MAWSOOL,ISM_MAWSOOL,ISM_MAWSOOL|ISM_MABNI|HARF,Hypothesis,True,registry-exact-hypothesis:exact:02_mabniyat/relative_pronouns.json#13
4,11,30,إِنْ,إن,تَرَكَ,كَانَ,HARF,HARF,HARF,Certificate,False,registry:exact:02_mabniyat/conditional_letters_tools.json#1
4,11,49,مِنْ,من,السُّدُسُ,بَعْدِ,HARF,HARF,HARF,Hypothesis,True,registry-exact-hypothesis:exact:02_mabniyat/preposition_meanings.json#34
4,11,65,مِنَ,من,فَرِيضَةً,اللَّهِ,HARF,HARF,HARF,Hypothesis,True,registry-exact-hypothesis:exact:02_mabniyat/preposition_meanings.json#32
4,11,67,إِنَّ,إن,اللَّهِ,اللَّهَ,HARF,HARF,HARF,Certificate,False,registry:exact:02_mabniyat/letters_answers.json#4
4,12,3,مَا,ما,نِصْفُ,تَرَكَ,ISM_MAWSOOL,ISM_MAWSOOL,ISM_MAWSOOL|ISM_MABNI|HARF,Hypothesis,True,registry-exact-hypothesis:exact:02_mabniyat/relative_pronouns.json#13
4,12,6,إِنْ,إن,أَزْوَاجُكُمْ,لَمْ,HARF,HARF,HARF,Certificate,False,registry:exact:02_mabniyat/conditional_letters_tools.json#1
4,12,19,مِنْ,من,تَرَكْنَ,بَعْدِ,HARF,HARF,HARF,Hypothesis,True,registry-exact-hypothesis:exact:02_mabniyat/preposition_meanings.json#34
4,12,30,إِنْ,إن,تَرَكْتُمْ,لَمْ,HARF,HARF,HARF,Certificate,False,registry:exact:02_mabniyat/conditional_letters_tools.json#1
4,12,43,مِنْ,من,تَرَكْتُمْ,بَعْدِ,HARF,HARF,HARF,Hypothesis,True,registry-exact-hypothesis:exact:02_mabniyat/preposition_meanings.json#34
4,12,68,مِنْ,من,أَكْثَرَ,ذَلِكَ,HARF,HARF,HARF,Hypothesis,True,registry-exact-hypothesis:exact:02_mabniyat/preposition_meanings.json#34
4,12,74,مِنْ,من,الثُّلُثِ,بَعْدِ,HARF,HARF,HARF,Hypothesis,True,registry-exact-hypothesis:exact:02_mabniyat/preposition_meanings.json#34
4,12,81,غَيْرَ,غير,دَيْنٍ,مُضَارٍّ,ISM_MUARAB,ISM_MUARAB,,Certificate,False,MASAQ:870
4,12,84,مِنَ,من,وَصِيَّةً,اللَّهِ,HARF,HARF,HARF,Hypothesis,True,registry-exact-hypothesis:exact:02_mabniyat/preposition_meanings.json#32
4,13,11,مِنْ,من,تَجْرِي,تَحْتِهَا,HARF,HARF,HARF,Hypothesis,True,registry-exact-hypothesis:exact:02_mabniyat/preposition_meanings.json#34
4,15,4,مِنْ,من,الْفَاحِشَةَ,نِسَائِكُمْ,HARF,HARF,HARF,Hypothesis,True,registry-exact-hypothesis:exact:02_mabniyat/preposition_meanings.json#34
4,15,15,حَتَّى,حتى,الْبُيُوتِ,يَتَوَفَّاهُنَّ,HARF,HARF,HARF,Certificate,False,registry:exact:02_mabniyat/preposition_meanings.json#48
4,16,10,إِنَّ,إن,عَنْهُمَا,اللَّهَ,HARF,HARF,HARF,Certificate,False,registry:exact:02_mabniyat/letters_answers.json#4
4,17,11,مِنْ,من,يَتُوبُونَ,قَرِيبٍ,HARF,HARF,HARF,Hypothesis,True,registry-exact-hypothesis:exact:02_mabniyat/preposition_meanings.json#34
4,18,6,حَتَّى,حتى,السَّيِّئَاتِ,إِذَا,HARF,HARF,HARF,Certificate,False,registry:exact:02_mabniyat/preposition_meanings.json#48
4,19,7,أَنْ,أن,لَكُمْ,تَرِثُوا,HARF,HARF,HARF,Certificate,False,registry:plain:02_mabniyat/present_naseb_tools.json#1
4,19,15,مَا,ما,بِبَعْضِ,آتَيْتُمُوهُنَّ,ISM_MAWSOOL,ISM_MAWSOOL,ISM_MAWSOOL|ISM_MABNI|HARF,Hypothesis,True,registry-exact-hypothesis:exact:02_mabniyat/relative_pronouns.json#13
4,19,17,إِلَّا,إلا,آتَيْتُمُوهُنَّ,أَنْ,HARF,HARF,,Certificate,False,MASAQ:106
4,19,18,أَنْ,أن,إِلَّا,يَأْتِينَ,HARF,HARF,HARF,Certificate,False,registry:plain:02_mabniyat/present_naseb_tools.json#1
4,19,27,أَنْ,أن,فَعَسَى,تَكْرَهُوا,HARF,HARF,HARF,Certificate,False,registry:plain:02_mabniyat/present_naseb_tools.json#1
4,22,3,مَا,ما,تَنْكِحُوا,نَكَحَ,ISM_MAWSOOL,ISM_MAWSOOL,ISM_MAWSOOL|ISM_MABNI|HARF,Hypothesis,True,registry-exact-hypothesis:exact:02_mabniyat/relative_pronouns.json#13
4,22,6,مِنَ,من,آبَاؤُكُمْ,النِّسَاءِ,HARF,HARF,HARF,Hypothesis,True,registry-exact-hypothesis:exact:02_mabniyat/preposition_meanings.json#32
4,22,8,إِلَّا,إلا,النِّسَاءِ,مَا,HARF,HARF,,Certificate,False,MASAQ:106
4,22,9,مَا,ما,إِلَّا,قَدْ,ISM_MAWSOOL,ISM_MAWSOOL,ISM_MAWSOOL|ISM_MABNI|HARF,Hypothesis,True,registry-exact-hypothesis:exact:02_mabniyat/relative_pronouns.json#13
4,23,16,مِنَ,من,وَأَخَوَاتُكُمْ,الرَّضَاعَةِ,HARF,HARF,HARF,Hypothesis,True,registry-exact-hypothesis:exact:02_mabniyat/preposition_meanings.json#32
4,23,24,مِنْ,من,حُجُورِكُمْ,نِسَائِكُمُ,HARF,HARF,HARF,Hypothesis,True,registry-exact-hypothesis:exact:02_mabniyat/preposition_meanings.json#34
4,23,40,مِنْ,من,الَّذِينَ,أَصْلَابِكُمْ,HARF,HARF,HARF,Hypothesis,True,registry-exact-hypothesis:exact:02_mabniyat/preposition_meanings.json#34
4,23,46,إِلَّا,إلا,الْأُخْتَيْنِ,مَا,HARF,HARF,,Certificate,False,MASAQ:106
4,23,47,مَا,ما,إِلَّا,قَدْ,ISM_MAWSOOL,ISM_MAWSOOL,ISM_MAWSOOL|ISM_MABNI|HARF,Hypothesis,True,registry-exact-hypothesis:exact:02_mabniyat/relative_pronouns.json#13
4,23,50,إِنَّ,إن,سَلَفَ,اللَّهَ,HARF,HARF,HARF,Certificate,False,registry:exact:02_mabniyat/letters_answers.json#4
4,24,2,مِنَ,من,وَالْمُحْصَنَاتُ,النِّسَاءِ,HARF,HARF,HARF,Hypothesis,True,registry-exact-hypothesis:exact:02_mabniyat/preposition_meanings.json#32
4,24,4,إِلَّا,إلا,النِّسَاءِ,مَا,HARF,HARF,,Certificate,False,MASAQ:106
4,24,5,مَا,ما,إِلَّا,مَلَكَتْ,ISM_MAWSOOL,ISM_MAWSOOL,ISM_MAWSOOL|ISM_MABNI|HARF,Hypothesis,True,registry-exact-hypothesis:exact:02_mabniyat/relative_pronouns.json#13
4,24,13,مَا,ما,لَكُمْ,وَرَاءَ,ISM_MAWSOOL,ISM_MAWSOOL,ISM_MAWSOOL|ISM_MABNI|HARF,Hypothesis,True,registry-exact-hypothesis:exact:02_mabniyat/relative_pronouns.json#13
4,24,16,أَنْ,أن,ذَلِكُمْ,تَبْتَغُوا,HARF,HARF,HARF,Certificate,False,registry:plain:02_mabniyat/present_naseb_tools.json#1
4,24,20,غَيْرَ,غير,مُحْصِنِينَ,مُسَافِحِينَ,ISM_MUARAB,ISM_MUARAB,,Certificate,False,MASAQ:870
4,24,35,مِنْ,من,بِهِ,بَعْدِ,HARF,HARF,HARF,Hypothesis,True,registry-exact-hypothesis:exact:02_mabniyat/preposition_meanings.json#34
4,24,38,إِنَّ,إن,الْفَرِيضَةِ,اللَّهَ,HARF,HARF,HARF,Certificate,False,registry:exact:02_mabniyat/letters_answers.json#4
4,25,6,أَنْ,أن,طَوْلَاً,يَنْكِحَ,HARF,HARF,HARF,Certificate,False,registry:plain:02_mabniyat/present_naseb_tools.json#1
4,25,11,مَا,ما,فَمِنْ,مَلَكَتْ,ISM_MAWSOOL,ISM_MAWSOOL,ISM_MAWSOOL|ISM_MABNI|HARF,Hypothesis,True,registry-exact-hypothesis:exact:02_mabniyat/relative_pronouns.json#13
4,25,14,مِنْ,من,أَيْمَانُكُمْ,فَتَيَاتِكُمُ,HARF,HARF,HARF,Hypothesis,True,registry-exact-hypothesis:exact:02_mabniyat/preposition_meanings.json#34
4,25,21,مِنْ,من,بَعْضُكُمْ,بَعْضٍ,HARF,HARF,HARF,Hypothesis,True,registry-exact-hypothesis:exact:02_mabniyat/preposition_meanings.json#34
4,25,30,غَيْرَ,غير,مُحْصَنَاتٍ,مُسَافِحَاتٍ,ISM_MUARAB,ISM_MUARAB,,Certificate,False,MASAQ:870
4,25,42,مَا,ما,نِصْفُ,عَلَى,ISM_MAWSOOL,ISM_MAWSOOL,ISM_MAWSOOL|ISM_MABNI|HARF,Hypothesis,True,registry-exact-hypothesis:exact:02_mabniyat/relative_pronouns.json#13
4,25,45,مِنَ,من,الْمُحْصَنَاتِ,الْعَذَابِ,HARF,HARF,HARF,Hypothesis,True,registry-exact-hypothesis:exact:02_mabniyat/preposition_meanings.json#32
4,26,8,مِنْ,من,الَّذِينَ,قَبْلِكُمْ,HARF,HARF,HARF,Hypothesis,True,registry-exact-hypothesis:exact:02_mabniyat/preposition_meanings.json#34
4,27,3,أَنْ,أن,يُرِيدُ,يَتُوبَ,HARF,HARF,HARF,Certificate,False,registry:plain:02_mabniyat/present_naseb_tools.json#1
4,27,10,أَنْ,أن,الشَّهَوَاتِ,تَمِيلُوا,HARF,HARF,HARF,Certificate,False,registry:plain:02_mabniyat/present_naseb_tools.json#1
4,28,3,أَنْ,أن,اللَّهُ,يُخَفِّفَ,HARF,HARF,HARF,Certificate,False,registry:plain:02_mabniyat/present_naseb_tools.json#1
4,29,9,إِلَّا,إلا,بِالْبَاطِلِ,أَنْ,HARF,HARF,,Certificate,False,MASAQ:106
4,29,10,أَنْ,أن,إِلَّا,تَكُونَ,HARF,HARF,HARF,Certificate,False,registry:plain:02_mabniyat/present_naseb_tools.json#1
4,29,19,إِنَّ,إن,أَنْفُسَكُمْ,اللَّهَ,HARF,HARF,HARF,Certificate,False,registry:exact:02_mabniyat/letters_answers.json#4
4,31,1,إِنْ,إن,,تَجْتَنِبُوا,HARF,HARF,HARF,Certificate,False,registry:exact:02_mabniyat/conditional_letters_tools.json#1
4,31,4,مَا,ما,كَبَائِرَ,تُنْهَوْنَ,ISM_MAWSOOL,ISM_MAWSOOL,ISM_MAWSOOL|ISM_MABNI|HARF,Hypothesis,True,registry-exact-hypothesis:exact:02_mabniyat/relative_pronouns.json#13
4,32,3,مَا,ما,تَتَمَنَّوْا,فَضَّلَ,ISM_MAWSOOL,ISM_MAWSOOL,ISM_MAWSOOL|ISM_MABNI|HARF,Hypothesis,True,registry-exact-hypothesis:exact:02_mabniyat/relative_pronouns.json#13
4,32,20,مِنْ,من,اللَّهَ,فَضْلِهِ,HARF,HARF,HARF,Hypothesis,True,registry-exact-hypothesis:exact:02_mabniyat/preposition_meanings.json#34
4,32,22,إِنَّ,إن,فَضْلِهِ,اللَّهَ,HARF,HARF,HARF,Certificate,False,registry:exact:02_mabniyat/letters_answers.json#4
4,33,13,إِنَّ,إن,نَصِيبَهُمْ,اللَّهَ,HARF,HARF,HARF,Certificate,False,registry:exact:02_mabniyat/letters_answers.json#4
4,34,5,بِمَا,بما,النِّسَاءِ,فَضَّلَ,ISM_MAWSOOL,ISM_MAWSOOL,ISM_MAWSOOL|ISM_MABNI|HARF,Certificate,True,MASAQ:48
4,34,13,مِنْ,من,أَنْفَقُوا,أَمْوَالِهِمْ,HARF,HARF,HARF,Hypothesis,True,registry-exact-hypothesis:exact:02_mabniyat/preposition_meanings.json#34
4,34,19,بِمَا,بما,لِلْغَيْبِ,حَفِظَ,ISM_MAWSOOL,ISM_MAWSOOL,ISM_MAWSOOL|ISM_MABNI|HARF,Certificate,True,MASAQ:48
4,34,36,إِنَّ,إن,سَبِيلَاً,اللَّهَ,HARF,HARF,HARF,Certificate,False,registry:exact:02_mabniyat/letters_answers.json#4
4,35,7,مِنْ,من,حَكَمَاً,أَهْلِهِ,HARF,HARF,HARF,Hypothesis,True,registry-exact-hypothesis:exact:02_mabniyat/preposition_meanings.json#34
4,35,10,مِنْ,من,وَحَكَمَاً,أَهْلِهَا,HARF,HARF,HARF,Hypothesis,True,registry-exact-hypothesis:exact:02_mabniyat/preposition_meanings.json#34
4,35,12,إِنْ,إن,أَهْلِهَا,يُرِيدَا,HARF,HARF,HARF,Certificate,False,registry:exact:02_mabniyat/conditional_letters_tools.json#1
4,35,18,إِنَّ,إن,بَيْنَهُمَا,اللَّهَ,HARF,HARF,HARF,Certificate,False,registry:exact:02_mabniyat/letters_answers.json#4
4,36,25,إِنَّ,إن,أَيْمَانُكُمْ,اللَّهَ,HARF,HARF,HARF,Certificate,False,registry:exact:02_mabniyat/letters_answers.json#4
4,36,29,مَنْ,من,يُحِبُّ,كَانَ,ISM_MAWSOOL,ISM_MAWSOOL,ISM_MAWSOOL|ISM_MABNI|HARF,Hypothesis,True,registry-exact-hypothesis:exact:02_mabniyat/relative_pronouns.json#3
4,37,7,مَا,ما,وَيَكْتُمُونَ,آتَاهُمُ,ISM_MAWSOOL,ISM_MAWSOOL,ISM_MAWSOOL|ISM_MABNI|HARF,Hypothesis,True,registry-exact-hypothesis:exact:02_mabniyat/relative_pronouns.json#13
4,37,10,مِنْ,من,اللَّهُ,فَضْلِهِ,HARF,HARF,HARF,Hypothesis,True,registry-exact-hypothesis:exact:02_mabniyat/preposition_meanings.json#34
4,40,1,إِنَّ,إن,,اللَّهَ,HARF,HARF,HARF,Certificate,False,registry:exact:02_mabniyat/letters_answers.json#4
4,40,12,مِنْ,من,وَيُؤْتِ,لَدُنْهُ,HARF,HARF,HARF,Hypothesis,True,registry-exact-hypothesis:exact:02_mabniyat/preposition_meanings.json#34
4,41,4,مِنْ,من,جِئْنَا,كُلِّ,HARF,HARF,HARF,Hypothesis,True,registry-exact-hypothesis:exact:02_mabniyat/preposition_meanings.json#34
4,43,9,حَتَّى,حتى,سُكَارَى,تَعْلَمُوا,HARF,HARF,HARF,Certificate,False,registry:exact:02_mabniyat/preposition_meanings.json#48
4,43,11,مَا,ما,تَعْلَمُوا,تَقُولُونَ,ISM_MAWSOOL,ISM_MAWSOOL,ISM_MAWSOOL|ISM_MABNI|HARF,Hypothesis,True,registry-exact-hypothesis:exact:02_mabniyat/relative_pronouns.json#13
4,43,15,إِلَّا,إلا,جُنُبَاً,عَابِرِي,HARF,HARF,,Certificate,False,MASAQ:106
4,43,18,حَتَّى,حتى,سَبِيلٍ,تَغْتَسِلُوا,HARF,HARF,HARF,Certificate,False,registry:exact:02_mabniyat/preposition_meanings.json#48
4,43,30,مِنَ,من,مِنْكُمْ,الْغَائِطِ,HARF,HARF,HARF,Hypothesis,True,registry-exact-hypothesis:exact:02_mabniyat/preposition_meanings.json#32
4,43,44,إِنَّ,إن,وَأَيْدِيكُمْ,اللَّهَ,HARF,HARF,HARF,Certificate,False,registry:exact:02_mabniyat/letters_answers.json#4
4,44,7,مِنَ,من,نَصِيبَاً,الْكِتَابِ,HARF,HARF,HARF,Hypothesis,True,registry-exact-hypothesis:exact:02_mabniyat/preposition_meanings.json#32
4,44,12,أَنْ,أن,وَيُرِيدُونَ,تَضِلُّوا,HARF,HARF,HARF,Certificate,False,registry:plain:02_mabniyat/present_naseb_tools.json#1
4,46,1,مِنَ,من,,الَّذِينَ,HARF,HARF,HARF,Hypothesis,True,registry-exact-hypothesis:exact:02_mabniyat/preposition_meanings.json#32
4,46,12,غَيْرَ,غير,وَاسْمَعْ,مُسْمَعٍ,ISM_MUARAB,ISM_MUARAB,,Certificate,False,MASAQ:870
4,46,37,إِلَّا,إلا,يُؤْمِنُونَ,قَلِيلَاً,HARF,HARF,,Certificate,False,MASAQ:106
4,47,6,بِمَا,بما,آمِنُوا,نَزَّلْنَا,ISM_MAWSOOL,ISM_MAWSOOL,ISM_MAWSOOL|ISM_MABNI|HARF,Certificate,True,MASAQ:48
4,47,11,مِنْ,من,مَعَكُمْ,قَبْلِ,HARF,HARF,HARF,Hypothesis,True,registry-exact-hypothesis:exact:02_mabniyat/preposition_meanings.json#34
4,47,13,أَنْ,أن,قَبْلِ,نَطْمِسَ,HARF,HARF,HARF,Certificate,False,registry:plain:02_mabniyat/present_naseb_tools.json#1
4,48,1,إِنَّ,إن,,اللَّهَ,HARF,HARF,HARF,Certificate,False,registry:exact:02_mabniyat/letters_answers.json#4
4,48,5,أَنْ,أن,يَغْفِرُ,يُشْرَكَ,HARF,HARF,HARF,Certificate,False,registry:plain:02_mabniyat/present_naseb_tools.json#1
4,48,9,مَا,ما,وَيَغْفِرُ,دُونَ,ISM_MAWSOOL,ISM_MAWSOOL,ISM_MAWSOOL|ISM_MABNI|HARF,Hypothesis,True,registry-exact-hypothesis:exact:02_mabniyat/relative_pronouns.json#13
4,48,10,دُونَ,دون,مَا,ذَلِكَ,ISM_MUARAB,ISM_MUARAB,,Certificate,False,MASAQ:10836
4,49,10,مَنْ,من,يُزَكِّي,يَشَاءُ,ISM_MAWSOOL,ISM_MAWSOOL,ISM_MAWSOOL|ISM_MABNI|HARF,Hypothesis,True,registry-exact-hypothesis:exact:02_mabniyat/relative_pronouns.json#3
4,51,7,مِنَ,من,نَصِيبَاً,الْكِتَابِ,HARF,HARF,HARF,Hypothesis,True,registry-exact-hypothesis:exact:02_mabniyat/preposition_meanings.json#32
4,51,17,مِنَ,من,أَهْدَى,الَّذِينَ,HARF,HARF,HARF,Hypothesis,True,registry-exact-hypothesis:exact:02_mabniyat/preposition_meanings.json#32
4,53,4,مِنَ,من,نَصِيبٌ,الْمُلْكِ,HARF,HARF,HARF,Hypothesis,True,registry-exact-hypothesis:exact:02_mabniyat/preposition_meanings.json#32
4,54,5,مَا,ما,عَلَى,آتَاهُمُ,ISM_MAWSOOL,ISM_MAWSOOL,ISM_MAWSOOL|ISM_MABNI|HARF,Hypothesis,True,registry-exact-hypothesis:exact:02_mabniyat/relative_pronouns.json#13
4,54,8,مِنْ,من,اللَّهُ,فَضْلِهِ,HARF,HARF,HARF,Hypothesis,True,registry-exact-hypothesis:exact:02_mabniyat/preposition_meanings.json#34
4,55,2,مَنْ,من,فَمِنْهُمْ,آمَنَ,HARF,ISM_MAWSOOL,ISM_MAWSOOL|ISM_MABNI|HARF,Hypothesis,True,registry-exact-hypothesis:exact:02_mabniyat/relative_pronouns.json#3
4,55,6,مَنْ,من,وَمِنْهُمْ,صَدَّ,HARF,ISM_MAWSOOL,ISM_MAWSOOL|ISM_MABNI|HARF,Hypothesis,True,registry-exact-hypothesis:exact:02_mabniyat/relative_pronouns.json#3
4,56,1,إِنَّ,إن,,الَّذِينَ,HARF,HARF,HARF,Certificate,False,registry:exact:02_mabniyat/letters_answers.json#4
4,56,16,إِنَّ,إن,الْعَذَابَ,اللَّهَ,HARF,HARF,HARF,Certificate,False,registry:exact:02_mabniyat/letters_answers.json#4
4,57,8,مِنْ,من,تَجْرِي,تَحْتِهَا,HARF,HARF,HARF,Hypothesis,True,registry-exact-hypothesis:exact:02_mabniyat/preposition_meanings.json#34
4,58,1,إِنَّ,إن,,اللَّهَ,HARF,HARF,HARF,Certificate,False,registry:exact:02_mabniyat/letters_answers.json#4
4,58,4,أَنْ,أن,يَأْمُرُكُمْ,تُؤَدُّوا,HARF,HARF,HARF,Certificate,False,registry:plain:02_mabniyat/present_naseb_tools.json#1
4,58,13,أَنْ,أن,النَّاسِ,تَحْكُمُوا,HARF,HARF,HARF,Certificate,False,registry:plain:02_mabniyat/present_naseb_tools.json#1
4,58,16,إِنَّ,إن,بِالْعَدْلِ,اللَّهَ,HARF,HARF,HARF,Certificate,False,registry:exact:02_mabniyat/letters_answers.json#4
4,58,21,إِنَّ,إن,بِهِ,اللَّهَ,HARF,HARF,HARF,Certificate,False,registry:exact:02_mabniyat/letters_answers.json#4
4,59,19,إِنْ,إن,وَالرَّسُولِ,كُنْتُمْ,HARF,HARF,HARF,Certificate,False,registry:exact:02_mabniyat/conditional_letters_tools.json#1
4,60,8,بِمَا,بما,آمَنُوا,أُنْزِلَ,ISM_MAWSOOL,ISM_MAWSOOL,ISM_MAWSOOL|ISM_MABNI|HARF,Certificate,True,MASAQ:48
4,60,13,مِنْ,من,أُنْزِلَ,قَبْلِكَ,HARF,HARF,HARF,Hypothesis,True,registry-exact-hypothesis:exact:02_mabniyat/preposition_meanings.json#34
4,60,16,أَنْ,أن,يُرِيدُونَ,يَتَحَاكَمُوا,HARF,HARF,HARF,Certificate,False,registry:plain:02_mabniyat/present_naseb_tools.json#1
4,60,22,أَنْ,أن,أُمِرُوا,يَكْفُرُوا,HARF,HARF,HARF,Certificate,False,registry:plain:02_mabniyat/present_naseb_tools.json#1
4,60,27,أَنْ,أن,الشَّيْطَانُ,يُضِلَّهُمْ,HARF,HARF,HARF,Certificate,False,registry:plain:02_mabniyat/present_naseb_tools.json#1
4,61,6,مَا,ما,إِلَى,أَنْزَلَ,ISM_MAWSOOL,ISM_MAWSOOL,ISM_MAWSOOL|ISM_MABNI|HARF,Hypothesis,True,registry-exact-hypothesis:exact:02_mabniyat/relative_pronouns.json#13
4,62,5,بِمَا,بما,مُصِيبَةٌ,قَدَّمَتْ,ISM_MAWSOOL,ISM_MAWSOOL,ISM_MAWSOOL|ISM_MABNI|HARF,Certificate,True,MASAQ:48
4,62,12,إِنْ,إن,بِاللَّهِ,أَرَدْنَا,HARF,HARF,HARF,Certificate,False,registry:exact:02_mabniyat/conditional_letters_tools.json#1
4,62,14,إِلَّا,إلا,أَرَدْنَا,إِحْسَانَاً,HARF,HARF,,Certificate,False,MASAQ:106
4,63,5,مَا,ما,اللَّهُ,فِي,ISM_MAWSOOL,ISM_MAWSOOL,ISM_MAWSOOL|ISM_MABNI|HARF,Hypothesis,True,registry-exact-hypothesis:exact:02_mabniyat/relative_pronouns.json#13
4,64,3,مِنْ,من,أَرْسَلْنَا,رَسُولٍ,HARF,HARF,HARF,Hypothesis,True,registry-exact-hypothesis:exact:02_mabniyat/preposition_meanings.json#34
4,64,5,إِلَّا,إلا,رَسُولٍ,لِيُطَاعَ,HARF,HARF,,Certificate,False,MASAQ:106
4,65,5,حَتَّى,حتى,يُؤْمِنُونَ,يُحَكِّمُوكَ,HARF,HARF,HARF,Certificate,False,registry:exact:02_mabniyat/preposition_meanings.json#48
4,66,5,أَنِ,أن,عَلَيْهِمْ,اقْتُلُوا,HARF,HARF,HARF,Certificate,False,registry:plain:02_mabniyat/present_naseb_tools.json#1
4,66,10,مِنْ,من,اخْرُجُوا,دِيَارِكُمْ,HARF,HARF,HARF,Hypothesis,True,registry-exact-hypothesis:exact:02_mabniyat/preposition_meanings.json#34
4,66,12,مَا,ما,دِيَارِكُمْ,فَعَلُوهُ,HARF,ISM_MAWSOOL,ISM_MAWSOOL|ISM_MABNI|HARF,Hypothesis,True,registry-exact-hypothesis:exact:02_mabniyat/relative_pronouns.json#13
4,66,14,إِلَّا,إلا,فَعَلُوهُ,قَلِيلٌ,HARF,HARF,,Certificate,False,MASAQ:106
4,66,20,مَا,ما,فَعَلُوا,يُوعَظُونَ,ISM_MAWSOOL,ISM_MAWSOOL,ISM_MAWSOOL|ISM_MABNI|HARF,Hypothesis,True,registry-exact-hypothesis:exact:02_mabniyat/relative_pronouns.json#13
4,67,3,مِنْ,من,لَآتَيْنَاهُمْ,لَدُنَّا,HARF,HARF,HARF,Hypothesis,True,registry-exact-hypothesis:exact:02_mabniyat/preposition_meanings.json#34
4,69,11,مِنَ,من,عَلَيْهِمْ,النَّبِيِّينَ,HARF,HARF,HARF,Hypothesis,True,registry-exact-hypothesis:exact:02_mabniyat/preposition_meanings.json#32
4,70,3,مِنَ,من,الْفَضْلُ,اللَّهِ,HARF,HARF,HARF,Hypothesis,True,registry-exact-hypothesis:exact:02_mabniyat/preposition_meanings.json#32
4,73,4,مِنَ,من,فَضْلٌ,اللَّهِ,HARF,HARF,HARF,Hypothesis,True,registry-exact-hypothesis:exact:02_mabniyat/preposition_meanings.json#32
4,75,9,مِنَ,من,وَالْمُسْتَضْعَفِينَ,الرِّجَالِ,HARF,HARF,HARF,Hypothesis,True,registry-exact-hypothesis:exact:02_mabniyat/preposition_meanings.json#32
4,75,17,مِنْ,من,أَخْرِجْنَا,هَذِهِ,HARF,HARF,HARF,Hypothesis,True,registry-exact-hypothesis:exact:02_mabniyat/preposition_meanings.json#34
4,75,24,مِنْ,من,لَنَا,لَدُنْكَ,HARF,HARF,HARF,Hypothesis,True,registry-exact-hypothesis:exact:02_mabniyat/preposition_meanings.json#34
4,75,29,مِنْ,من,لَنَا,لَدُنْكَ,HARF,HARF,HARF,Hypothesis,True,registry-exact-hypothesis:exact:02_mabniyat/preposition_meanings.json#34
4,76,16,إِنَّ,إن,الشَّيْطَانِ,كَيْدَ,HARF,HARF,HARF,Certificate,False,registry:exact:02_mabniyat/letters_answers.json#4
4,78,15,مِنْ,من,هَذِهِ,عِنْدِ,HARF,HARF,HARF,Hypothesis,True,registry-exact-hypothesis:exact:02_mabniyat/preposition_meanings.json#34
4,78,23,مِنْ,من,هَذِهِ,عِنْدِكَ,HARF,HARF,HARF,Hypothesis,True,registry-exact-hypothesis:exact:02_mabniyat/preposition_meanings.json#34
4,78,27,مِنْ,من,كُلٌّ,عِنْدِ,HARF,HARF,HARF,Hypothesis,True,registry-exact-hypothesis:exact:02_mabniyat/preposition_meanings.json#34
4,79,1,مَا,ما,,أَصَابَكَ,HARF,ISM_MAWSOOL,ISM_MAWSOOL|ISM_MABNI|HARF,Hypothesis,True,registry-exact-hypothesis:exact:02_mabniyat/relative_pronouns.json#13
4,79,3,مِنْ,من,أَصَابَكَ,حَسَنَةٍ,HARF,HARF,HARF,Hypothesis,True,registry-exact-hypothesis:exact:02_mabniyat/preposition_meanings.json#34
4,79,9,مِنْ,من,أَصَابَكَ,سَيِّئَةٍ,HARF,HARF,HARF,Hypothesis,True,registry-exact-hypothesis:exact:02_mabniyat/preposition_meanings.json#34
4,80,1,مَنْ,من,,يُطِعِ,HARF,ISM_MAWSOOL,ISM_MAWSOOL|ISM_MABNI|HARF,Hypothesis,True,registry-exact-hypothesis:exact:02_mabniyat/relative_pronouns.json#3
4,81,5,مِنْ,من,بَرَزُوا,عِنْدِكَ,HARF,HARF,HARF,Hypothesis,True,registry-exact-hypothesis:exact:02_mabniyat/preposition_meanings.json#34
4,81,10,غَيْرَ,غير,مِنْهُمْ,الَّذِي,ISM_MUARAB,ISM_MUARAB,,Certificate,False,MASAQ:870
4,81,15,مَا,ما,يَكْتُبُ,يُبَيِّتُونَ,ISM_MAWSOOL,ISM_MAWSOOL,ISM_MAWSOOL|ISM_MABNI|HARF,Hypothesis,True,registry-exact-hypothesis:exact:02_mabniyat/relative_pronouns.json#13
4,82,6,مِنْ,من,كَانَ,عِنْدِ,HARF,HARF,HARF,Hypothesis,True,registry-exact-hypothesis:exact:02_mabniyat/preposition_meanings.json#34
4,82,8,غَيْرِ,غير,عِنْدِ,اللَّهِ,ISM_MUARAB,ISM_MUARAB,,Certificate,False,MASAQ:25
4,83,4,مِنَ,من,أَمْرٌ,الْأَمْنِ,HARF,HARF,HARF,Hypothesis,True,registry-exact-hypothesis:exact:02_mabniyat/preposition_meanings.json#32
4,83,29,إِلَّا,إلا,الشَّيْطَانَ,قَلِيلَاً,HARF,HARF,,Certificate,False,MASAQ:106
4,84,7,إِلَّا,إلا,تُكَلَّفُ,نَفْسَكَ,HARF,HARF,,Certificate,False,MASAQ:106
4,84,13,أَنْ,أن,اللَّهُ,يَكُفَّ,HARF,HARF,HARF,Certificate,False,registry:plain:02_mabniyat/present_naseb_tools.json#1
4,85,1,مَنْ,من,,يَشْفَعْ,HARF,ISM_MAWSOOL,ISM_MAWSOOL|ISM_MABNI|HARF,Hypothesis,True,registry-exact-hypothesis:exact:02_mabniyat/relative_pronouns.json#3
4,86,9,إِنَّ,إن,رُدُّوهَا,اللَّهَ,HARF,HARF,HARF,Certificate,False,registry:exact:02_mabniyat/letters_answers.json#4
4,87,4,إِلَّا,إلا,إِلَهَ,هُوَ,HARF,HARF,,Certificate,False,MASAQ:106
4,87,15,مِنَ,من,أَصْدَقُ,اللَّهِ,HARF,HARF,HARF,Hypothesis,True,registry-exact-hypothesis:exact:02_mabniyat/preposition_meanings.json#32
4,88,8,بِمَا,بما,أَرْكَسَهُمْ,كَسَبُوا,ISM_MAWSOOL,ISM_MAWSOOL,ISM_MAWSOOL|ISM_MABNI|HARF,Certificate,True,MASAQ:48
4,88,11,أَنْ,أن,أَتُرِيدُونَ,تَهْدُوا,HARF,HARF,HARF,Certificate,False,registry:plain:02_mabniyat/present_naseb_tools.json#1
4,88,13,مَنْ,من,تَهْدُوا,أَضَلَّ,ISM_MAWSOOL,ISM_MAWSOOL,ISM_MAWSOOL|ISM_MABNI|HARF,Hypothesis,True,registry-exact-hypothesis:exact:02_mabniyat/relative_pronouns.json#3
4,89,12,حَتَّى,حتى,أَوْلِيَاءَ,يُهَاجِرُوا,HARF,HARF,HARF,Certificate,False,registry:exact:02_mabniyat/preposition_meanings.json#48
4,90,1,إِلَّا,إلا,,الَّذِينَ,HARF,HARF,,Certificate,False,MASAQ:106
4,90,13,أَنْ,أن,صُدُورُهُمْ,يُقَاتِلُوكُمْ,HARF,HARF,HARF,Certificate,False,registry:plain:02_mabniyat/present_naseb_tools.json#1
4,91,4,أَنْ,أن,يُرِيدُونَ,يَأْمَنُوكُمْ,HARF,HARF,HARF,Certificate,False,registry:plain:02_mabniyat/present_naseb_tools.json#1
4,92,4,أَنْ,أن,لِمُؤْمِنٍ,يَقْتُلَ,HARF,HARF,HARF,Certificate,False,registry:plain:02_mabniyat/present_naseb_tools.json#1
4,92,7,إِلَّا,إلا,مُؤْمِنَاً,خَطَأً,HARF,HARF,,Certificate,False,MASAQ:106
4,92,20,إِلَّا,إلا,أَهْلِهِ,أَنْ,HARF,HARF,,Certificate,False,MASAQ:106
4,92,21,أَنْ,أن,إِلَّا,يَصَّدَّقُوا,HARF,HARF,HARF,Certificate,False,registry:plain:02_mabniyat/present_naseb_tools.json#1
4,92,25,مِنْ,من,كَانَ,قَوْمٍ,HARF,HARF,HARF,Hypothesis,True,registry-exact-hypothesis:exact:02_mabniyat/preposition_meanings.json#34
4,92,36,مِنْ,من,كَانَ,قَوْمٍ,HARF,HARF,HARF,Hypothesis,True,registry-exact-hypothesis:exact:02_mabniyat/preposition_meanings.json#34
4,92,55,مِنَ,من,تَوْبَةً,اللَّهِ,HARF,HARF,HARF,Hypothesis,True,registry-exact-hypothesis:exact:02_mabniyat/preposition_meanings.json#32
4,94,28,مِنْ,من,كُنْتُمْ,قَبْلُ,HARF,HARF,HARF,Hypothesis,True,registry-exact-hypothesis:exact:02_mabniyat/preposition_meanings.json#34
4,94,34,إِنَّ,إن,فَتَبَيَّنُوا,اللَّهَ,HARF,HARF,HARF,Certificate,False,registry:exact:02_mabniyat/letters_answers.json#4
4,94,37,بِمَا,بما,كَانَ,تَعْمَلُونَ,ISM_MAWSOOL,ISM_MAWSOOL,ISM_MAWSOOL|ISM_MABNI|HARF,Certificate,True,MASAQ:48
4,95,4,مِنَ,من,الْقَاعِدُونَ,الْمُؤْمِنِينَ,HARF,HARF,HARF,Hypothesis,True,registry-exact-hypothesis:exact:02_mabniyat/preposition_meanings.json#32
4,95,6,غَيْرُ,غير,الْمُؤْمِنِينَ,أُولِي,ISM_MUARAB,ISM_MUARAB,,Certificate,False,MASAQ:11830
4,97,1,إِنَّ,إن,,الَّذِينَ,HARF,HARF,HARF,Certificate,False,registry:exact:02_mabniyat/letters_answers.json#4
4,98,1,إِلَّا,إلا,,الْمُسْتَضْعَفِينَ,HARF,HARF,,Certificate,False,MASAQ:106
4,98,3,مِنَ,من,الْمُسْتَضْعَفِينَ,الرِّجَالِ,HARF,HARF,HARF,Hypothesis,True,registry-exact-hypothesis:exact:02_mabniyat/preposition_meanings.json#32
4,99,4,أَنْ,أن,اللَّهُ,يَعْفُوَ,HARF,HARF,HARF,Certificate,False,registry:plain:02_mabniyat/present_naseb_tools.json#1
4,100,14,مِنْ,من,يَخْرُجْ,بَيْتِهِ,HARF,HARF,HARF,Hypothesis,True,registry-exact-hypothesis:exact:02_mabniyat/preposition_meanings.json#34
4,101,8,أَنْ,أن,جُنَاحٌ,تَقْصُرُوا,HARF,HARF,HARF,Certificate,False,registry:plain:02_mabniyat/present_naseb_tools.json#1
4,101,10,مِنَ,من,تَقْصُرُوا,الصَّلَاةِ,HARF,HARF,HARF,Hypothesis,True,registry-exact-hypothesis:exact:02_mabniyat/preposition_meanings.json#32
4,101,12,إِنْ,إن,الصَّلَاةِ,خِفْتُمْ,HARF,HARF,HARF,Certificate,False,registry:exact:02_mabniyat/conditional_letters_tools.json#1
4,101,14,أَنْ,أن,خِفْتُمْ,يَفْتِنَكُمُ,HARF,HARF,HARF,Certificate,False,registry:plain:02_mabniyat/present_naseb_tools.json#1
4,101,18,إِنَّ,إن,كَفَرُوا,الْكَافِرِينَ,HARF,HARF,HARF,Certificate,False,registry:exact:02_mabniyat/letters_answers.json#4
4,102,16,مِنْ,من,فَلْيَكُونُوا,وَرَائِكُمْ,HARF,HARF,HARF,Hypothesis,True,registry-exact-hypothesis:exact:02_mabniyat/preposition_meanings.json#34
4,102,43,إِنْ,إن,عَلَيْكُمْ,كَانَ,HARF,HARF,HARF,Certificate,False,registry:exact:02_mabniyat/conditional_letters_tools.json#1
4,102,47,مِنْ,من,أَذَىً,مَطَرٍ,HARF,HARF,HARF,Hypothesis,True,registry-exact-hypothesis:exact:02_mabniyat/preposition_meanings.json#34
4,102,52,أَنْ,أن,مَرْضَى,تَضَعُوا,HARF,HARF,HARF,Certificate,False,registry:plain:02_mabniyat/present_naseb_tools.json#1
4,102,57,إِنَّ,إن,حِذْرَكُمْ,اللَّهَ,HARF,HARF,HARF,Certificate,False,registry:exact:02_mabniyat/letters_answers.json#4
4,103,14,إِنَّ,إن,الصَّلَاةَ,الصَّلَاةَ,HARF,HARF,HARF,Certificate,False,registry:exact:02_mabniyat/letters_answers.json#4
4,104,6,إِنْ,إن,الْقَوْمِ,تَكُونُوا,HARF,HARF,HARF,Certificate,False,registry:exact:02_mabniyat/conditional_letters_tools.json#1
4,104,14,مِنَ,من,وَتَرْجُونَ,اللَّهِ,HARF,HARF,HARF,Hypothesis,True,registry-exact-hypothesis:exact:02_mabniyat/preposition_meanings.json#32
4,104,16,مَا,ما,اللَّهِ,لَا,HARF,ISM_MAWSOOL,ISM_MAWSOOL|ISM_MABNI|HARF,Hypothesis,True,registry-exact-hypothesis:exact:02_mabniyat/relative_pronouns.json#13
4,105,9,بِمَا,بما,النَّاسِ,أَرَاكَ,ISM_MAWSOOL,ISM_MAWSOOL,ISM_MAWSOOL|ISM_MABNI|HARF,Certificate,True,MASAQ:48
4,106,3,إِنَّ,إن,اللَّهَ,اللَّهَ,HARF,HARF,HARF,Certificate,False,registry:exact:02_mabniyat/letters_answers.json#4
4,107,7,إِنَّ,إن,أَنْفُسَهُمْ,اللَّهَ,HARF,HARF,HARF,Certificate,False,registry:exact:02_mabniyat/letters_answers.json#4
4,107,11,مَنْ,من,يُحِبُّ,كَانَ,ISM_MAWSOOL,ISM_MAWSOOL,ISM_MAWSOOL|ISM_MABNI|HARF,Hypothesis,True,registry-exact-hypothesis:exact:02_mabniyat/relative_pronouns.json#3
4,108,2,مِنَ,من,يَسْتَخْفُونَ,النَّاسِ,HARF,HARF,HARF,Hypothesis,True,registry-exact-hypothesis:exact:02_mabniyat/preposition_meanings.json#32
4,108,6,مِنَ,من,يَسْتَخْفُونَ,اللَّهِ,HARF,HARF,HARF,Hypothesis,True,registry-exact-hypothesis:exact:02_mabniyat/preposition_meanings.json#32
4,108,12,مَا,ما,يُبَيِّتُونَ,لَا,ISM_MAWSOOL,ISM_MAWSOOL,ISM_MAWSOOL|ISM_MABNI|HARF,Hypothesis,True,registry-exact-hypothesis:exact:02_mabniyat/relative_pronouns.json#13
4,108,15,مِنَ,من,يَرْضَى,الْقَوْلِ,HARF,HARF,HARF,Hypothesis,True,registry-exact-hypothesis:exact:02_mabniyat/preposition_meanings.json#32
4,108,19,بِمَا,بما,اللَّهُ,يَعْمَلُونَ,ISM_MAWSOOL,ISM_MAWSOOL,ISM_MAWSOOL|ISM_MABNI|HARF,Certificate,True,MASAQ:48
4,109,15,مَنْ,من,أَمْ,يَكُونُ,HARF,ISM_MAWSOOL,ISM_MAWSOOL|ISM_MABNI|HARF,Hypothesis,True,registry-exact-hypothesis:exact:02_mabniyat/relative_pronouns.json#3
4,113,9,أَنْ,أن,مِنْهُمْ,يُضِلُّوكَ,HARF,HARF,HARF,Certificate,False,registry:plain:02_mabniyat/present_naseb_tools.json#1
4,113,13,إِلَّا,إلا,يُضِلُّونَ,أَنْفُسَهُمْ,HARF,HARF,,Certificate,False,MASAQ:106
4,113,17,مِنْ,من,يَضُرُّونَكَ,شَيْءٍ,HARF,HARF,HARF,Hypothesis,True,registry-exact-hypothesis:exact:02_mabniyat/preposition_meanings.json#34
4,113,25,مَا,ما,وَعَلَّمَكَ,لَمْ,ISM_MAWSOOL,ISM_MAWSOOL,ISM_MAWSOOL|ISM_MABNI|HARF,Hypothesis,True,registry-exact-hypothesis:exact:02_mabniyat/relative_pronouns.json#13
4,114,5,مِنْ,من,كَثِيرٍ,نَجْوَاهُمْ,HARF,HARF,HARF,Hypothesis,True,registry-exact-hypothesis:exact:02_mabniyat/preposition_meanings.json#34
4,114,7,إِلَّا,إلا,نَجْوَاهُمْ,مَنْ,HARF,HARF,,Certificate,False,MASAQ:106
4,114,8,مَنْ,من,إِلَّا,أَمَرَ,ISM_MAWSOOL,ISM_MAWSOOL,ISM_MAWSOOL|ISM_MABNI|HARF,Hypothesis,True,registry-exact-hypothesis:exact:02_mabniyat/relative_pronouns.json#3
4,115,4,مِنْ,من,الرَّسُولَ,بَعْدِ,HARF,HARF,HARF,Hypothesis,True,registry-exact-hypothesis:exact:02_mabniyat/preposition_meanings.json#34
4,115,6,مَا,ما,بَعْدِ,تَبَيَّنَ,ISM_MAWSOOL,ISM_MAWSOOL,ISM_MAWSOOL|ISM_MABNI|HARF,Hypothesis,True,registry-exact-hypothesis:exact:02_mabniyat/relative_pronouns.json#13
4,115,11,غَيْرَ,غير,وَيَتَّبِعْ,سَبِيلِ,ISM_MUARAB,ISM_MUARAB,,Certificate,False,MASAQ:870
4,115,15,مَا,ما,نُوَلِّهِ,تَوَلَّى,ISM_MAWSOOL,ISM_MAWSOOL,ISM_MAWSOOL|ISM_MABNI|HARF,Hypothesis,True,registry-exact-hypothesis:exact:02_mabniyat/relative_pronouns.json#13
4,116,1,إِنَّ,إن,,اللَّهَ,HARF,HARF,HARF,Certificate,False,registry:exact:02_mabniyat/letters_answers.json#4
4,116,5,أَنْ,أن,يَغْفِرُ,يُشْرَكَ,HARF,HARF,HARF,Certificate,False,registry:plain:02_mabniyat/present_naseb_tools.json#1
4,116,9,مَا,ما,وَيَغْفِرُ,دُونَ,ISM_MAWSOOL,ISM_MAWSOOL,ISM_MAWSOOL|ISM_MABNI|HARF,Hypothesis,True,registry-exact-hypothesis:exact:02_mabniyat/relative_pronouns.json#13
4,116,10,دُونَ,دون,مَا,ذَلِكَ,ISM_MUARAB,ISM_MUARAB,,Certificate,False,MASAQ:10836
4,117,1,إِنْ,إن,,يَدْعُونَ,HARF,HARF,HARF,Certificate,False,registry:exact:02_mabniyat/conditional_letters_tools.json#1
4,117,3,مِنْ,من,يَدْعُونَ,دُونِهِ,HARF,HARF,HARF,Hypothesis,True,registry-exact-hypothesis:exact:02_mabniyat/preposition_meanings.json#34
4,117,5,إِلَّا,إلا,دُونِهِ,إِنَاثَاً,HARF,HARF,,Certificate,False,MASAQ:106
4,117,9,إِلَّا,إلا,يَدْعُونَ,شَيْطَانَاً,HARF,HARF,,Certificate,False,MASAQ:106
4,118,5,مِنْ,من,لَأَتَّخِذَنَّ,عِبَادِكَ,HARF,HARF,HARF,Hypothesis,True,registry-exact-hypothesis:exact:02_mabniyat/preposition_meanings.json#34
4,119,15,مِنْ,من,وَلِيَّاً,دُونِ,HARF,HARF,HARF,Hypothesis,True,registry-exact-hypothesis:exact:02_mabniyat/preposition_meanings.json#34
4,119,16,دُونِ,دون,مِنْ,اللَّهِ,ISM_MUARAB,ISM_MUARAB,,Certificate,False,MASAQ:310
4,120,6,إِلَّا,إلا,الشَّيْطَانُ,غُرُورَاً,HARF,HARF,,Certificate,False,MASAQ:106
4,122,8,مِنْ,من,تَجْرِي,تَحْتِهَا,HARF,HARF,HARF,Hypothesis,True,registry-exact-hypothesis:exact:02_mabniyat/preposition_meanings.json#34
4,122,19,مِنَ,من,أَصْدَقُ,اللَّهِ,HARF,HARF,HARF,Hypothesis,True,registry-exact-hypothesis:exact:02_mabniyat/preposition_meanings.json#32
4,123,7,مَنْ,من,الْكِتَابِ,يَعْمَلْ,ISM_MAWSOOL,ISM_MAWSOOL,ISM_MAWSOOL|ISM_MABNI|HARF,Hypothesis,True,registry-exact-hypothesis:exact:02_mabniyat/relative_pronouns.json#3
4,123,15,مِنْ,من,لَهُ,دُونِ,HARF,HARF,HARF,Hypothesis,True,registry-exact-hypothesis:exact:02_mabniyat/preposition_meanings.json#34
4,123,16,دُونِ,دون,مِنْ,اللَّهِ,ISM_MUARAB,ISM_MUARAB,,Certificate,False,MASAQ:310
4,124,3,مِنَ,من,يَعْمَلْ,الصَّالِحَاتِ,HARF,HARF,HARF,Hypothesis,True,registry-exact-hypothesis:exact:02_mabniyat/preposition_meanings.json#32
4,124,5,مِنْ,من,الصَّالِحَاتِ,ذَكَرٍ,HARF,HARF,HARF,Hypothesis,True,registry-exact-hypothesis:exact:02_mabniyat/preposition_meanings.json#34
4,126,2,مَا,ما,وَلِلَّهِ,فِي,ISM_MAWSOOL,ISM_MAWSOOL,ISM_MAWSOOL|ISM_MABNI|HARF,Hypothesis,True,registry-exact-hypothesis:exact:02_mabniyat/relative_pronouns.json#13
4,127,19,مَا,ما,تُؤْتُونَهُنَّ,كُتِبَ,ISM_MAWSOOL,ISM_MAWSOOL,ISM_MAWSOOL|ISM_MABNI|HARF,Hypothesis,True,registry-exact-hypothesis:exact:02_mabniyat/relative_pronouns.json#13
4,127,23,أَنْ,أن,وَتَرْغَبُونَ,تَنْكِحُوهُنَّ,HARF,HARF,HARF,Certificate,False,registry:plain:02_mabniyat/present_naseb_tools.json#1
4,127,26,مِنَ,من,وَالْمُسْتَضْعَفِينَ,الْوِلْدَانِ,HARF,HARF,HARF,Hypothesis,True,registry-exact-hypothesis:exact:02_mabniyat/preposition_meanings.json#32
4,127,34,مِنْ,من,تَفْعَلُوا,خَيْرٍ,HARF,HARF,HARF,Hypothesis,True,registry-exact-hypothesis:exact:02_mabniyat/preposition_meanings.json#34
4,128,4,مِنْ,من,خَافَتْ,بَعْلِهَا,HARF,HARF,HARF,Hypothesis,True,registry-exact-hypothesis:exact:02_mabniyat/preposition_meanings.json#34
4,128,12,أَنْ,أن,عَلَيْهِمَا,يُصْلِحَا,HARF,HARF,HARF,Certificate,False,registry:plain:02_mabniyat/present_naseb_tools.json#1
4,128,27,بِمَا,بما,كَانَ,تَعْمَلُونَ,ISM_MAWSOOL,ISM_MAWSOOL,ISM_MAWSOOL|ISM_MABNI|HARF,Certificate,True,MASAQ:48
4,129,3,أَنْ,أن,تَسْتَطِيعُوا,تَعْدِلُوا,HARF,HARF,HARF,Certificate,False,registry:plain:02_mabniyat/present_naseb_tools.json#1
4,130,6,مِنْ,من,كُلَّاً,سَعَتِهِ,HARF,HARF,HARF,Hypothesis,True,registry-exact-hypothesis:exact:02_mabniyat/preposition_meanings.json#34
4,131,2,مَا,ما,وَلِلَّهِ,فِي,ISM_MAWSOOL,ISM_MAWSOOL,ISM_MAWSOOL|ISM_MABNI|HARF,Hypothesis,True,registry-exact-hypothesis:exact:02_mabniyat/relative_pronouns.json#13
4,131,13,مِنْ,من,الْكِتَابَ,قَبْلِكُمْ,HARF,HARF,HARF,Hypothesis,True,registry-exact-hypothesis:exact:02_mabniyat/preposition_meanings.json#34
4,131,16,أَنِ,أن,وَإِيَّاكُمْ,اتَّقُوا,HARF,HARF,HARF,Certificate,False,registry:plain:02_mabniyat/present_naseb_tools.json#1
4,131,23,مَا,ما,لِلَّهِ,فِي,ISM_MAWSOOL,ISM_MAWSOOL,ISM_MAWSOOL|ISM_MABNI|HARF,Hypothesis,True,registry-exact-hypothesis:exact:02_mabniyat/relative_pronouns.json#13
4,132,2,مَا,ما,وَلِلَّهِ,فِي,ISM_MAWSOOL,ISM_MAWSOOL,ISM_MAWSOOL|ISM_MABNI|HARF,Hypothesis,True,registry-exact-hypothesis:exact:02_mabniyat/relative_pronouns.json#13
4,133,1,إِنْ,إن,,يَشَأْ,HARF,HARF,HARF,Certificate,False,registry:exact:02_mabniyat/conditional_letters_tools.json#1
4,134,1,مَنْ,من,,كَانَ,HARF,ISM_MAWSOOL,ISM_MAWSOOL|ISM_MABNI|HARF,Hypothesis,True,registry-exact-hypothesis:exact:02_mabniyat/relative_pronouns.json#3
4,135,15,إِنْ,إن,وَالْأَقْرَبِينَ,يَكُنْ,HARF,HARF,HARF,Certificate,False,registry:exact:02_mabniyat/conditional_letters_tools.json#1
4,135,26,أَنْ,أن,الْهَوَى,تَعْدِلُوا,HARF,HARF,HARF,Certificate,False,registry:plain:02_mabniyat/present_naseb_tools.json#1
4,135,35,بِمَا,بما,كَانَ,تَعْمَلُونَ,ISM_MAWSOOL,ISM_MAWSOOL,ISM_MAWSOOL|ISM_MABNI|HARF,Certificate,True,MASAQ:48
4,136,15,مِنْ,من,أَنْزَلَ,قَبْلُ,HARF,HARF,HARF,Hypothesis,True,registry-exact-hypothesis:exact:02_mabniyat/preposition_meanings.json#34
4,137,1,إِنَّ,إن,,الَّذِينَ,HARF,HARF,HARF,Certificate,False,registry:exact:02_mabniyat/letters_answers.json#4
4,139,5,مِنْ,من,أَوْلِيَاءَ,دُونِ,HARF,HARF,HARF,Hypothesis,True,registry-exact-hypothesis:exact:02_mabniyat/preposition_meanings.json#34
4,139,6,دُونِ,دون,مِنْ,الْمُؤْمِنِينَ,ISM_MUARAB,ISM_MUARAB,,Certificate,False,MASAQ:310
4,140,6,أَنْ,أن,الْكِتَابِ,إِذَا,HARF,HARF,HARF,Certificate,False,registry:plain:02_mabniyat/present_naseb_tools.json#1
4,140,18,حَتَّى,حتى,مَعَهُمْ,يَخُوضُوا,HARF,HARF,HARF,Certificate,False,registry:exact:02_mabniyat/preposition_meanings.json#48
4,140,26,إِنَّ,إن,مِثْلُهُمْ,اللَّهَ,HARF,HARF,HARF,Certificate,False,registry:exact:02_mabniyat/letters_answers.json#4
4,141,8,مِنَ,من,فَتْحٌ,اللَّهِ,HARF,HARF,HARF,Hypothesis,True,registry-exact-hypothesis:exact:02_mabniyat/preposition_meanings.json#32
4,141,23,مِنَ,من,وَنَمْنَعْكُمْ,الْمُؤْمِنِينَ,HARF,HARF,HARF,Hypothesis,True,registry-exact-hypothesis:exact:02_mabniyat/preposition_meanings.json#32
4,142,1,إِنَّ,إن,,الْمُنَافِقِينَ,HARF,HARF,HARF,Certificate,False,registry:exact:02_mabniyat/letters_answers.json#4
4,142,18,إِلَّا,إلا,اللَّهَ,قَلِيلَاً,HARF,HARF,,Certificate,False,MASAQ:106
4,144,8,مِنْ,من,أَوْلِيَاءَ,دُونِ,HARF,HARF,HARF,Hypothesis,True,registry-exact-hypothesis:exact:02_mabniyat/preposition_meanings.json#34
4,144,9,دُونِ,دون,مِنْ,الْمُؤْمِنِينَ,ISM_MUARAB,ISM_MUARAB,,Certificate,False,MASAQ:310
4,144,12,أَنْ,أن,أَتُرِيدُونَ,تَجْعَلُوا,HARF,HARF,HARF,Certificate,False,registry:plain:02_mabniyat/present_naseb_tools.json#1
4,145,1,إِنَّ,إن,,الْمُنَافِقِينَ,HARF,HARF,HARF,Certificate,False,registry:exact:02_mabniyat/letters_answers.json#4
4,145,6,مِنَ,من,الْأَسْفَلِ,النَّارِ,HARF,HARF,HARF,Hypothesis,True,registry-exact-hypothesis:exact:02_mabniyat/preposition_meanings.json#32
4,146,1,إِلَّا,إلا,,الَّذِينَ,HARF,HARF,,Certificate,False,MASAQ:106
4,147,1,مَا,ما,,يَفْعَلُ,HARF,ISM_MAWSOOL,ISM_MAWSOOL|ISM_MABNI|HARF,Hypothesis,True,registry-exact-hypothesis:exact:02_mabniyat/relative_pronouns.json#13
4,147,5,إِنْ,إن,بِعَذَابِكُمْ,شَكَرْتُمْ,HARF,HARF,HARF,Certificate,False,registry:exact:02_mabniyat/conditional_letters_tools.json#1
4,148,6,مِنَ,من,بِالسُّوءِ,الْقَوْلِ,HARF,HARF,HARF,Hypothesis,True,registry-exact-hypothesis:exact:02_mabniyat/preposition_meanings.json#32
4,148,8,إِلَّا,إلا,الْقَوْلِ,مَنْ,HARF,HARF,,Certificate,False,MASAQ:106
4,148,9,مَنْ,من,إِلَّا,ظُلِمَ,ISM_MAWSOOL,ISM_MAWSOOL,ISM_MAWSOOL|ISM_MABNI|HARF,Hypothesis,True,registry-exact-hypothesis:exact:02_mabniyat/relative_pronouns.json#3
4,149,1,إِنْ,إن,,تُبْدُوا,HARF,HARF,HARF,Certificate,False,registry:exact:02_mabniyat/conditional_letters_tools.json#1
4,150,1,إِنَّ,إن,,الَّذِينَ,HARF,HARF,HARF,Certificate,False,registry:exact:02_mabniyat/letters_answers.json#4
4,150,7,أَنْ,أن,وَيُرِيدُونَ,يُفَرِّقُوا,HARF,HARF,HARF,Certificate,False,registry:plain:02_mabniyat/present_naseb_tools.json#1
4,150,18,أَنْ,أن,وَيُرِيدُونَ,يَتَّخِذُوا,HARF,HARF,HARF,Certificate,False,registry:plain:02_mabniyat/present_naseb_tools.json#1
4,153,4,أَنْ,أن,الْكِتَابِ,تُنَزِّلَ,HARF,HARF,HARF,Certificate,False,registry:plain:02_mabniyat/present_naseb_tools.json#1
4,153,8,مِنَ,من,كِتَابَاً,السَّمَاءِ,HARF,HARF,HARF,Hypothesis,True,registry-exact-hypothesis:exact:02_mabniyat/preposition_meanings.json#32
4,153,14,مِنْ,من,أَكْبَرَ,ذَلِكَ,HARF,HARF,HARF,Hypothesis,True,registry-exact-hypothesis:exact:02_mabniyat/preposition_meanings.json#34
4,153,26,مِنْ,من,الْعِجْلَ,بَعْدِ,HARF,HARF,HARF,Hypothesis,True,registry-exact-hypothesis:exact:02_mabniyat/preposition_meanings.json#34
4,153,28,مَا,ما,بَعْدِ,جَاءَتْهُمُ,ISM_MAWSOOL,ISM_MAWSOOL,ISM_MAWSOOL|ISM_MABNI|HARF,Hypothesis,True,registry-exact-hypothesis:exact:02_mabniyat/relative_pronouns.json#13
4,155,21,إِلَّا,إلا,يُؤْمِنُونَ,قَلِيلَاً,HARF,HARF,,Certificate,False,MASAQ:106
4,157,24,مَا,ما,مِنْهُ,لَهُمْ,HARF,ISM_MAWSOOL,ISM_MAWSOOL|ISM_MABNI|HARF,Hypothesis,True,registry-exact-hypothesis:exact:02_mabniyat/relative_pronouns.json#13
4,157,27,مِنْ,من,بِهِ,عِلْمٍ,HARF,HARF,HARF,Hypothesis,True,registry-exact-hypothesis:exact:02_mabniyat/preposition_meanings.json#34
4,157,29,إِلَّا,إلا,عِلْمٍ,اتِّبَاعَ,HARF,HARF,,Certificate,False,MASAQ:106
4,159,2,مِنْ,من,وَإِنْ,أَهْلِ,HARF,HARF,HARF,Hypothesis,True,registry-exact-hypothesis:exact:02_mabniyat/preposition_meanings.json#34
4,159,5,إِلَّا,إلا,الْكِتَابِ,لَيُؤْمِنَنَّ,HARF,HARF,,Certificate,False,MASAQ:106
4,160,2,مِنَ,من,فَبِظُلْمٍ,الَّذِينَ,HARF,HARF,HARF,Hypothesis,True,registry-exact-hypothesis:exact:02_mabniyat/preposition_meanings.json#32
4,162,8,بِمَا,بما,يُؤْمِنُونَ,أُنْزِلَ,ISM_MAWSOOL,ISM_MAWSOOL,ISM_MAWSOOL|ISM_MABNI|HARF,Certificate,True,MASAQ:48
4,162,13,مِنْ,من,أُنْزِلَ,قَبْلِكَ,HARF,HARF,HARF,Hypothesis,True,registry-exact-hypothesis:exact:02_mabniyat/preposition_meanings.json#34
4,163,9,مِنْ,من,وَالنَّبِيِّينَ,بَعْدِهِ,HARF,HARF,HARF,Hypothesis,True,registry-exact-hypothesis:exact:02_mabniyat/preposition_meanings.json#34
4,164,5,مِنْ,من,عَلَيْكَ,قَبْلُ,HARF,HARF,HARF,Hypothesis,True,registry-exact-hypothesis:exact:02_mabniyat/preposition_meanings.json#34
4,166,4,بِمَا,بما,يَشْهَدُ,أَنْزَلَ,ISM_MAWSOOL,ISM_MAWSOOL,ISM_MAWSOOL|ISM_MABNI|HARF,Certificate,True,MASAQ:48
4,167,1,إِنَّ,إن,,الَّذِينَ,HARF,HARF,HARF,Certificate,False,registry:exact:02_mabniyat/letters_answers.json#4
4,168,1,إِنَّ,إن,,الَّذِينَ,HARF,HARF,HARF,Certificate,False,registry:exact:02_mabniyat/letters_answers.json#4
4,169,1,إِلَّا,إلا,,طَرِيقَ,HARF,HARF,,Certificate,False,MASAQ:106
4,170,7,مِنْ,من,بِالْحَقِّ,رَبِّكُمْ,HARF,HARF,HARF,Hypothesis,True,registry-exact-hypothesis:exact:02_mabniyat/preposition_meanings.json#34
4,170,16,مَا,ما,لِلَّهِ,فِي,ISM_MAWSOOL,ISM_MAWSOOL,ISM_MAWSOOL|ISM_MABNI|HARF,Hypothesis,True,registry-exact-hypothesis:exact:02_mabniyat/relative_pronouns.json#13
4,171,11,إِلَّا,إلا,اللَّهِ,الْحَقَّ,HARF,HARF,,Certificate,False,MASAQ:106
4,171,40,أَنْ,أن,سُبْحَانَهُ,يَكُونَ,HARF,HARF,HARF,Certificate,False,registry:plain:02_mabniyat/present_naseb_tools.json#1
4,171,45,مَا,ما,لَهُ,فِي,ISM_MAWSOOL,ISM_MAWSOOL,ISM_MAWSOOL|ISM_MABNI|HARF,Hypothesis,True,registry-exact-hypothesis:exact:02_mabniyat/relative_pronouns.json#13
4,172,4,أَنْ,أن,الْمَسِيحُ,يَكُونَ,HARF,HARF,HARF,Certificate,False,registry:plain:02_mabniyat/present_naseb_tools.json#1
4,173,9,مِنْ,من,وَيَزِيدُهُمْ,فَضْلِهِ,HARF,HARF,HARF,Hypothesis,True,registry-exact-hypothesis:exact:02_mabniyat/preposition_meanings.json#34
4,173,21,مِنْ,من,لَهُمْ,دُونِ,HARF,HARF,HARF,Hypothesis,True,registry-exact-hypothesis:exact:02_mabniyat/preposition_meanings.json#34
4,173,22,دُونِ,دون,مِنْ,اللَّهِ,ISM_MUARAB,ISM_MUARAB,,Certificate,False,MASAQ:310
4,174,6,مِنْ,من,بُرْهَانٌ,رَبِّكُمْ,HARF,HARF,HARF,Hypothesis,True,registry-exact-hypothesis:exact:02_mabniyat/preposition_meanings.json#34
4,176,7,إِنِ,إن,الْكَلَالَةِ,امْرُؤٌ,HARF,HARF,HARF,Certificate,False,registry:plain:02_mabniyat/conditional_letters_tools.json#1
4,176,17,مَا,ما,نِصْفُ,تَرَكَ,ISM_MAWSOOL,ISM_MAWSOOL,ISM_MAWSOOL|ISM_MABNI|HARF,Hypothesis,True,registry-exact-hypothesis:exact:02_mabniyat/relative_pronouns.json#13
4,176,21,إِنْ,إن,يَرِثُهَا,لَمْ,HARF,HARF,HARF,Certificate,False,registry:exact:02_mabniyat/conditional_letters_tools.json#1
4,176,45,أَنْ,أن,لَكُمْ,تَضِلُّوا,HARF,HARF,HARF,Certificate,False,registry:plain:02_mabniyat/present_naseb_tools.json#1
5,1,10,إِلَّا,إلا,الْأَنْعَامِ,مَا,HARF,HARF,,Certificate,False,MASAQ:106
5,1,11,مَا,ما,إِلَّا,يُتْلَى,ISM_MAWSOOL,ISM_MAWSOOL,ISM_MAWSOOL|ISM_MABNI|HARF,Hypothesis,True,registry-exact-hypothesis:exact:02_mabniyat/relative_pronouns.json#13
5,1,14,غَيْرَ,غير,عَلَيْكُمْ,مُحِلِّي,ISM_MUARAB,ISM_MUARAB,,Certificate,False,MASAQ:870
5,1,19,إِنَّ,إن,حُرُمٌ,اللَّهَ,HARF,HARF,HARF,Certificate,False,registry:exact:02_mabniyat/letters_answers.json#4
5,1,22,مَا,ما,يَحْكُمُ,يُرِيدُ,ISM_MAWSOOL,ISM_MAWSOOL,ISM_MAWSOOL|ISM_MABNI|HARF,Hypothesis,True,registry-exact-hypothesis:exact:02_mabniyat/relative_pronouns.json#13
5,2,21,مِنْ,من,فَضْلَاً,رَبِّهِمْ,HARF,HARF,HARF,Hypothesis,True,registry-exact-hypothesis:exact:02_mabniyat/preposition_meanings.json#34
5,2,31,أَنْ,أن,قَوْمٍ,صَدُّوكُمْ,HARF,HARF,HARF,Certificate,False,registry:plain:02_mabniyat/present_naseb_tools.json#1
5,2,36,أَنْ,أن,الْحَرَامِ,تَعْتَدُوا,HARF,HARF,HARF,Certificate,False,registry:plain:02_mabniyat/present_naseb_tools.json#1
5,2,49,إِنَّ,إن,اللَّهَ,اللَّهَ,HARF,HARF,HARF,Certificate,False,registry:exact:02_mabniyat/letters_answers.json#4
5,3,19,إِلَّا,إلا,السَّبُعُ,مَا,HARF,HARF,,Certificate,False,MASAQ:106
5,3,20,مَا,ما,إِلَّا,ذَكَّيْتُمْ,ISM_MAWSOOL,ISM_MAWSOOL,ISM_MAWSOOL|ISM_MABNI|HARF,Hypothesis,True,registry-exact-hypothesis:exact:02_mabniyat/relative_pronouns.json#13
5,3,35,مِنْ,من,كَفَرُوا,دِينِكُمْ,HARF,HARF,HARF,Hypothesis,True,registry-exact-hypothesis:exact:02_mabniyat/preposition_meanings.json#34
5,3,55,غَيْرَ,غير,مَخْمَصَةٍ,مُتَجَانِفٍ,ISM_MUARAB,ISM_MUARAB,,Certificate,False,MASAQ:870
5,4,11,مِنَ,من,عَلَّمْتُمْ,الْجَوَارِحِ,HARF,HARF,HARF,Hypothesis,True,registry-exact-hypothesis:exact:02_mabniyat/preposition_meanings.json#32
5,4,28,إِنَّ,إن,اللَّهَ,اللَّهَ,HARF,HARF,HARF,Certificate,False,registry:exact:02_mabniyat/letters_answers.json#4
5,5,15,مِنَ,من,وَالْمُحْصَنَاتُ,الْمُؤْمِنَاتِ,HARF,HARF,HARF,Hypothesis,True,registry-exact-hypothesis:exact:02_mabniyat/preposition_meanings.json#32
5,5,18,مِنَ,من,وَالْمُحْصَنَاتُ,الَّذِينَ,HARF,HARF,HARF,Hypothesis,True,registry-exact-hypothesis:exact:02_mabniyat/preposition_meanings.json#32
5,5,22,مِنْ,من,الْكِتَابَ,قَبْلِكُمْ,HARF,HARF,HARF,Hypothesis,True,registry-exact-hypothesis:exact:02_mabniyat/preposition_meanings.json#34
5,5,28,غَيْرَ,غير,مُحْصِنِينَ,مُسَافِحِينَ,ISM_MUARAB,ISM_MUARAB,,Certificate,False,MASAQ:870
5,5,42,مِنَ,من,الْآخِرَةِ,الْخَاسِرِينَ,HARF,HARF,HARF,Hypothesis,True,registry-exact-hypothesis:exact:02_mabniyat/preposition_meanings.json#32
5,6,32,مِنَ,من,مِنْكُمْ,الْغَائِطِ,HARF,HARF,HARF,Hypothesis,True,registry-exact-hypothesis:exact:02_mabniyat/preposition_meanings.json#32
5,6,47,مَا,ما,مِنْهُ,يُرِيدُ,HARF,ISM_MAWSOOL,ISM_MAWSOOL|ISM_MABNI|HARF,Hypothesis,True,registry-exact-hypothesis:exact:02_mabniyat/relative_pronouns.json#13
5,6,52,مِنْ,من,عَلَيْكُمْ,حَرَجٍ,HARF,HARF,HARF,Hypothesis,True,registry-exact-hypothesis:exact:02_mabniyat/preposition_meanings.json#34
5,7,15,إِنَّ,إن,اللَّهَ,اللَّهَ,HARF,HARF,HARF,Certificate,False,registry:exact:02_mabniyat/letters_answers.json#4
5,8,22,إِنَّ,إن,اللَّهَ,اللَّهَ,HARF,HARF,HARF,Certificate,False,registry:exact:02_mabniyat/letters_answers.json#4
5,8,25,بِمَا,بما,خَبِيرٌ,تَعْمَلُونَ,ISM_MAWSOOL,ISM_MAWSOOL,ISM_MAWSOOL|ISM_MABNI|HARF,Certificate,True,MASAQ:48
5,11,11,أَنْ,أن,قَوْمٌ,يَبْسُطُوا,HARF,HARF,HARF,Certificate,False,registry:plain:02_mabniyat/present_naseb_tools.json#1
5,12,34,مِنْ,من,تَجْرِي,تَحْتِهَا,HARF,HARF,HARF,Hypothesis,True,registry-exact-hypothesis:exact:02_mabniyat/preposition_meanings.json#34
5,13,22,إِلَّا,إلا,مِنْهُمْ,قَلِيلَاً,HARF,HARF,,Certificate,False,MASAQ:106
5,13,28,إِنَّ,إن,وَاصْفَحْ,اللَّهَ,HARF,HARF,HARF,Certificate,False,registry:exact:02_mabniyat/letters_answers.json#4
5,14,23,بِمَا,بما,اللَّهُ,كَانُوا,ISM_MAWSOOL,ISM_MAWSOOL,ISM_MAWSOOL|ISM_MABNI|HARF,Certificate,True,MASAQ:48
5,15,12,مِنَ,من,تُخْفُونَ,الْكِتَابِ,HARF,HARF,HARF,Hypothesis,True,registry-exact-hypothesis:exact:02_mabniyat/preposition_meanings.json#32
5,15,19,مِنَ,من,جَاءَكُمْ,اللَّهِ,HARF,HARF,HARF,Hypothesis,True,registry-exact-hypothesis:exact:02_mabniyat/preposition_meanings.json#32
5,16,4,مَنِ,من,اللَّهُ,اتَّبَعَ,ISM_MAWSOOL,ISM_MAWSOOL,ISM_MAWSOOL|ISM_MABNI|HARF,Certificate,True,MASAQ:3539
5,16,10,مِنَ,من,وَيُخْرِجُهُمْ,الظُّلُمَاتِ,HARF,HARF,HARF,Hypothesis,True,registry-exact-hypothesis:exact:02_mabniyat/preposition_meanings.json#32
5,17,5,إِنَّ,إن,قَالُوا,اللَّهَ,HARF,HARF,HARF,Certificate,False,registry:exact:02_mabniyat/letters_answers.json#4
5,17,14,مِنَ,من,يَمْلِكُ,اللَّهِ,HARF,HARF,HARF,Hypothesis,True,registry-exact-hypothesis:exact:02_mabniyat/preposition_meanings.json#32
5,17,17,إِنْ,إن,شَيْئَاً,أَرَادَ,HARF,HARF,HARF,Certificate,False,registry:exact:02_mabniyat/conditional_letters_tools.json#1
5,17,19,أَنْ,أن,أَرَادَ,يُهْلِكَ,HARF,HARF,HARF,Certificate,False,registry:plain:02_mabniyat/present_naseb_tools.json#1
5,17,36,مَا,ما,يَخْلُقُ,يَشَاءُ,ISM_MAWSOOL,ISM_MAWSOOL,ISM_MAWSOOL|ISM_MABNI|HARF,Hypothesis,True,registry-exact-hypothesis:exact:02_mabniyat/relative_pronouns.json#13
5,18,21,مَنْ,من,وَيُعَذِّبُ,يَشَاءُ,ISM_MAWSOOL,ISM_MAWSOOL,ISM_MAWSOOL|ISM_MABNI|HARF,Hypothesis,True,registry-exact-hypothesis:exact:02_mabniyat/relative_pronouns.json#3
5,19,10,مِنَ,من,فَتْرَةٍ,الرُّسُلِ,HARF,HARF,HARF,Hypothesis,True,registry-exact-hypothesis:exact:02_mabniyat/preposition_meanings.json#32
5,19,12,أَنْ,أن,الرُّسُلِ,تَقُولُوا,HARF,HARF,HARF,Certificate,False,registry:plain:02_mabniyat/present_naseb_tools.json#1
5,19,14,مَا,ما,تَقُولُوا,جَاءَنَا,HARF,ISM_MAWSOOL,ISM_MAWSOOL|ISM_MABNI|HARF,Hypothesis,True,registry-exact-hypothesis:exact:02_mabniyat/relative_pronouns.json#13
5,19,16,مِنْ,من,جَاءَنَا,بَشِيرٍ,HARF,HARF,HARF,Hypothesis,True,registry-exact-hypothesis:exact:02_mabniyat/preposition_meanings.json#34
5,20,17,مَا,ما,وَآتَاكُمْ,لَمْ,ISM_MAWSOOL,ISM_MAWSOOL,ISM_MAWSOOL|ISM_MABNI|HARF,Hypothesis,True,registry-exact-hypothesis:exact:02_mabniyat/relative_pronouns.json#13
5,20,21,مِنَ,من,أَحَدَاً,الْعَالَمِينَ,HARF,HARF,HARF,Hypothesis,True,registry-exact-hypothesis:exact:02_mabniyat/preposition_meanings.json#32
5,22,3,إِنَّ,إن,يَامُوسَى,فِيهَا,HARF,HARF,HARF,Certificate,False,registry:exact:02_mabniyat/letters_answers.json#4
5,22,10,حَتَّى,حتى,نَدْخُلَهَا,يَخْرُجُوا,HARF,HARF,HARF,Certificate,False,registry:exact:02_mabniyat/preposition_meanings.json#48
5,23,3,مِنَ,من,رَجُلَانِ,الَّذِينَ,HARF,HARF,HARF,Hypothesis,True,registry-exact-hypothesis:exact:02_mabniyat/preposition_meanings.json#32
5,23,19,إِنْ,إن,فَتَوَكَّلُوا,كُنْتُمْ,HARF,HARF,HARF,Certificate,False,registry:exact:02_mabniyat/conditional_letters_tools.json#1
5,25,6,إِلَّا,إلا,أَمْلِكُ,نَفْسِي,HARF,HARF,,Certificate,False,MASAQ:106
5,27,11,مِنْ,من,فَتُقُبِّلَ,أَحَدِهِمَا,HARF,HARF,HARF,Hypothesis,True,registry-exact-hypothesis:exact:02_mabniyat/preposition_meanings.json#34
5,27,15,مِنَ,من,يُتَقَبَّلْ,الْآخَرِ,HARF,HARF,HARF,Hypothesis,True,registry-exact-hypothesis:exact:02_mabniyat/preposition_meanings.json#32
5,27,23,مِنَ,من,اللَّهُ,الْمُتَّقِينَ,HARF,HARF,HARF,Hypothesis,True,registry-exact-hypothesis:exact:02_mabniyat/preposition_meanings.json#32
5,28,6,مَا,ما,لِتَقْتُلَنِي,أَنَا,HARF,ISM_MAWSOOL,ISM_MAWSOOL|ISM_MABNI|HARF,Hypothesis,True,registry-exact-hypothesis:exact:02_mabniyat/relative_pronouns.json#13
5,29,3,أَنْ,أن,أُرِيدُ,تَبُوءَ,HARF,HARF,HARF,Certificate,False,registry:plain:02_mabniyat/present_naseb_tools.json#1
5,29,8,مِنْ,من,فَتَكُونَ,أَصْحَابِ,HARF,HARF,HARF,Hypothesis,True,registry-exact-hypothesis:exact:02_mabniyat/preposition_meanings.json#34
5,30,8,مِنَ,من,فَأَصْبَحَ,الْخَاسِرِينَ,HARF,HARF,HARF,Hypothesis,True,registry-exact-hypothesis:exact:02_mabniyat/preposition_meanings.json#32
5,31,15,أَنْ,أن,أَعَجَزْتُ,أَكُونَ,HARF,HARF,HARF,Certificate,False,registry:plain:02_mabniyat/present_naseb_tools.json#1
5,31,24,مِنَ,من,فَأَصْبَحَ,النَّادِمِينَ,HARF,HARF,HARF,Hypothesis,True,registry-exact-hypothesis:exact:02_mabniyat/preposition_meanings.json#32
5,32,1,مِنْ,من,,أَجْلِ,HARF,HARF,HARF,Hypothesis,True,registry-exact-hypothesis:exact:02_mabniyat/preposition_meanings.json#34
5,32,9,مَنْ,من,أَنَّهُ,قَتَلَ,ISM_MAWSOOL,ISM_MAWSOOL,ISM_MAWSOOL|ISM_MABNI|HARF,Hypothesis,True,registry-exact-hypothesis:exact:02_mabniyat/relative_pronouns.json#3
5,32,33,إِنَّ,إن,ثُمَّ,كَثِيرَاً,HARF,HARF,HARF,Certificate,False,registry:exact:02_mabniyat/letters_answers.json#4
5,33,11,أَنْ,أن,فَسَادَاً,يُقَتَّلُوا,HARF,HARF,HARF,Certificate,False,registry:plain:02_mabniyat/present_naseb_tools.json#1
5,33,19,مِنْ,من,وَأَرْجُلُهُمْ,خِلَافٍ,HARF,HARF,HARF,Hypothesis,True,registry-exact-hypothesis:exact:02_mabniyat/preposition_meanings.json#34
5,33,23,مِنَ,من,يُنْفَوْا,الْأَرْضِ,HARF,HARF,HARF,Hypothesis,True,registry-exact-hypothesis:exact:02_mabniyat/preposition_meanings.json#32
5,34,1,إِلَّا,إلا,,الَّذِينَ,HARF,HARF,,Certificate,False,MASAQ:106
5,34,4,مِنْ,من,تَابُوا,قَبْلِ,HARF,HARF,HARF,Hypothesis,True,registry-exact-hypothesis:exact:02_mabniyat/preposition_meanings.json#34
5,34,6,أَنْ,أن,قَبْلِ,تَقْدِرُوا,HARF,HARF,HARF,Certificate,False,registry:plain:02_mabniyat/present_naseb_tools.json#1
5,34,10,أَنَّ,أن,فَاعْلَمُوا,اللَّهَ,HARF,HARF,HARF,Certificate,False,registry:exact:02_mabniyat/copulative_particle.json#2
5,36,1,إِنَّ,إن,,الَّذِينَ,HARF,HARF,HARF,Certificate,False,registry:exact:02_mabniyat/letters_answers.json#4
5,36,5,أَنَّ,أن,لَوْ,لَهُمْ,HARF,HARF,HARF,Certificate,False,registry:exact:02_mabniyat/copulative_particle.json#2
5,36,7,مَا,ما,لَهُمْ,فِي,ISM_MAWSOOL,ISM_MAWSOOL,ISM_MAWSOOL|ISM_MABNI|HARF,Hypothesis,True,registry-exact-hypothesis:exact:02_mabniyat/relative_pronouns.json#13
5,36,15,مِنْ,من,بِهِ,عَذَابِ,HARF,HARF,HARF,Hypothesis,True,registry-exact-hypothesis:exact:02_mabniyat/preposition_meanings.json#34
5,36,19,مَا,ما,الْقِيَامَةِ,تُقُبِّلَ,ISM_MAWSOOL,ISM_MAWSOOL,ISM_MAWSOOL|ISM_MABNI|HARF,Hypothesis,True,registry-exact-hypothesis:exact:02_mabniyat/relative_pronouns.json#13
5,37,2,أَنْ,أن,يُرِيدُونَ,يَخْرُجُوا,HARF,HARF,HARF,Certificate,False,registry:plain:02_mabniyat/present_naseb_tools.json#1
5,37,4,مِنَ,من,يَخْرُجُوا,النَّارِ,HARF,HARF,HARF,Hypothesis,True,registry-exact-hypothesis:exact:02_mabniyat/preposition_meanings.json#32
5,38,6,بِمَا,بما,جَزَاءً,كَسَبَا,ISM_MAWSOOL,ISM_MAWSOOL,ISM_MAWSOOL|ISM_MABNI|HARF,Certificate,True,MASAQ:48
5,38,9,مِنَ,من,نَكَالَاً,اللَّهِ,HARF,HARF,HARF,Hypothesis,True,registry-exact-hypothesis:exact:02_mabniyat/preposition_meanings.json#32
5,39,3,مِنْ,من,تَابَ,بَعْدِ,HARF,HARF,HARF,Hypothesis,True,registry-exact-hypothesis:exact:02_mabniyat/preposition_meanings.json#34
5,39,11,إِنَّ,إن,عَلَيْهِ,اللَّهَ,HARF,HARF,HARF,Certificate,False,registry:exact:02_mabniyat/letters_answers.json#4
5,40,3,أَنَّ,أن,تَعْلَمْ,اللَّهَ,HARF,HARF,HARF,Certificate,False,registry:exact:02_mabniyat/copulative_particle.json#2
5,40,10,مَنْ,من,يُعَذِّبُ,يَشَاءُ,ISM_MAWSOOL,ISM_MAWSOOL,ISM_MAWSOOL|ISM_MABNI|HARF,Hypothesis,True,registry-exact-hypothesis:exact:02_mabniyat/relative_pronouns.json#3
5,41,9,مِنَ,من,الْكُفْرِ,الَّذِينَ,HARF,HARF,HARF,Hypothesis,True,registry-exact-hypothesis:exact:02_mabniyat/preposition_meanings.json#32
5,41,29,مِنْ,من,الْكَلِمَ,بَعْدِ,HARF,HARF,HARF,Hypothesis,True,registry-exact-hypothesis:exact:02_mabniyat/preposition_meanings.json#34
5,41,33,إِنْ,إن,يَقُولُونَ,أُوتِيتُمْ,HARF,HARF,HARF,Certificate,False,registry:exact:02_mabniyat/conditional_letters_tools.json#1
5,41,48,مِنَ,من,لَهُ,اللَّهِ,HARF,HARF,HARF,Hypothesis,True,registry-exact-hypothesis:exact:02_mabniyat/preposition_meanings.json#32
5,41,56,أَنْ,أن,اللَّهُ,يُطَهِّرَ,HARF,HARF,HARF,Certificate,False,registry:plain:02_mabniyat/present_naseb_tools.json#1
5,42,23,إِنَّ,إن,بِالْقِسْطِ,اللَّهَ,HARF,HARF,HARF,Certificate,False,registry:exact:02_mabniyat/letters_answers.json#4
5,43,10,مِنْ,من,يَتَوَلَّوْنَ,بَعْدِ,HARF,HARF,HARF,Hypothesis,True,registry-exact-hypothesis:exact:02_mabniyat/preposition_meanings.json#34
5,44,16,بِمَا,بما,وَالْأَحْبَارُ,اسْتُحْفِظُوا,ISM_MAWSOOL,ISM_MAWSOOL,ISM_MAWSOOL|ISM_MABNI|HARF,Certificate,True,MASAQ:48
5,44,18,مِنْ,من,اسْتُحْفِظُوا,كِتَابِ,HARF,HARF,HARF,Hypothesis,True,registry-exact-hypothesis:exact:02_mabniyat/preposition_meanings.json#34
5,44,36,بِمَا,بما,يَحْكُمْ,أَنْزَلَ,ISM_MAWSOOL,ISM_MAWSOOL,ISM_MAWSOOL|ISM_MABNI|HARF,Certificate,True,MASAQ:48
5,45,4,أَنَّ,أن,فِيهَا,النَّفْسَ,HARF,HARF,HARF,Certificate,False,registry:exact:02_mabniyat/copulative_particle.json#2
5,45,26,بِمَا,بما,يَحْكُمْ,أَنْزَلَ,ISM_MAWSOOL,ISM_MAWSOOL,ISM_MAWSOOL|ISM_MABNI|HARF,Certificate,True,MASAQ:48
5,46,11,مِنَ,من,يَدَيْهِ,التَّوْرَاةِ,HARF,HARF,HARF,Hypothesis,True,registry-exact-hypothesis:exact:02_mabniyat/preposition_meanings.json#32
5,46,22,مِنَ,من,يَدَيْهِ,التَّوْرَاةِ,HARF,HARF,HARF,Hypothesis,True,registry-exact-hypothesis:exact:02_mabniyat/preposition_meanings.json#32
5,47,4,بِمَا,بما,الْإِنْجِيلِ,أَنْزَلَ,ISM_MAWSOOL,ISM_MAWSOOL,ISM_MAWSOOL|ISM_MABNI|HARF,Certificate,True,MASAQ:48
5,47,11,بِمَا,بما,يَحْكُمْ,أَنْزَلَ,ISM_MAWSOOL,ISM_MAWSOOL,ISM_MAWSOOL|ISM_MABNI|HARF,Certificate,True,MASAQ:48
5,48,9,مِنَ,من,يَدَيْهِ,الْكِتَابِ,HARF,HARF,HARF,Hypothesis,True,registry-exact-hypothesis:exact:02_mabniyat/preposition_meanings.json#32
5,48,15,بِمَا,بما,بَيْنَهُمْ,أَنْزَلَ,ISM_MAWSOOL,ISM_MAWSOOL,ISM_MAWSOOL|ISM_MABNI|HARF,Certificate,True,MASAQ:48
5,48,23,مِنَ,من,جَاءَكَ,الْحَقِّ,HARF,HARF,HARF,Hypothesis,True,registry-exact-hypothesis:exact:02_mabniyat/preposition_meanings.json#32
5,48,39,مَا,ما,فِي,آتَاكُمْ,ISM_MAWSOOL,ISM_MAWSOOL,ISM_MAWSOOL|ISM_MABNI|HARF,Hypothesis,True,registry-exact-hypothesis:exact:02_mabniyat/relative_pronouns.json#13
5,48,48,بِمَا,بما,فَيُنَبِّئُكُمْ,كُنْتُمْ,ISM_MAWSOOL,ISM_MAWSOOL,ISM_MAWSOOL|ISM_MABNI|HARF,Certificate,True,MASAQ:48
5,49,4,بِمَا,بما,بَيْنَهُمْ,أَنْزَلَ,ISM_MAWSOOL,ISM_MAWSOOL,ISM_MAWSOOL|ISM_MABNI|HARF,Certificate,True,MASAQ:48
5,49,11,أَنْ,أن,وَاحْذَرْهُمْ,يَفْتِنُوكَ,HARF,HARF,HARF,Certificate,False,registry:plain:02_mabniyat/present_naseb_tools.json#1
5,49,15,مَا,ما,بَعْضِ,أَنْزَلَ,ISM_MAWSOOL,ISM_MAWSOOL,ISM_MAWSOOL|ISM_MABNI|HARF,Hypothesis,True,registry-exact-hypothesis:exact:02_mabniyat/relative_pronouns.json#13
5,49,25,أَنْ,أن,اللَّهُ,يُصِيبَهُمْ,HARF,HARF,HARF,Certificate,False,registry:plain:02_mabniyat/present_naseb_tools.json#1
5,49,31,مِنَ,من,كَثِيرَاً,النَّاسِ,HARF,HARF,HARF,Hypothesis,True,registry-exact-hypothesis:exact:02_mabniyat/preposition_meanings.json#32
5,50,6,مِنَ,من,أَحْسَنُ,اللَّهِ,HARF,HARF,HARF,Hypothesis,True,registry-exact-hypothesis:exact:02_mabniyat/preposition_meanings.json#32
5,51,17,إِنَّ,إن,مِنْهُمْ,اللَّهَ,HARF,HARF,HARF,Certificate,False,registry:exact:02_mabniyat/letters_answers.json#4
5,52,10,أَنْ,أن,نَخْشَى,تُصِيبَنَا,HARF,HARF,HARF,Certificate,False,registry:plain:02_mabniyat/present_naseb_tools.json#1
5,52,15,أَنْ,أن,اللَّهُ,يَأْتِيَ,HARF,HARF,HARF,Certificate,False,registry:plain:02_mabniyat/present_naseb_tools.json#1
5,52,20,مِنْ,من,أَمْرٍ,عِنْدِهِ,HARF,HARF,HARF,Hypothesis,True,registry-exact-hypothesis:exact:02_mabniyat/preposition_meanings.json#34
5,52,24,مَا,ما,عَلَى,أَسَرُّوا,ISM_MAWSOOL,ISM_MAWSOOL,ISM_MAWSOOL|ISM_MABNI|HARF,Hypothesis,True,registry-exact-hypothesis:exact:02_mabniyat/relative_pronouns.json#13
5,54,4,مَنْ,من,آمَنُوا,يَرْتَدَّ,ISM_MAWSOOL,ISM_MAWSOOL,ISM_MAWSOOL|ISM_MABNI|HARF,Hypothesis,True,registry-exact-hypothesis:exact:02_mabniyat/relative_pronouns.json#3
5,54,33,مَنْ,من,يُؤْتِيهِ,يَشَاءُ,ISM_MAWSOOL,ISM_MAWSOOL,ISM_MAWSOOL|ISM_MABNI|HARF,Hypothesis,True,registry-exact-hypothesis:exact:02_mabniyat/relative_pronouns.json#3
5,57,11,مِنَ,من,وَلَعِبَاً,الَّذِينَ,HARF,HARF,HARF,Hypothesis,True,registry-exact-hypothesis:exact:02_mabniyat/preposition_meanings.json#32
5,57,15,مِنْ,من,الْكِتَابَ,قَبْلِكُمْ,HARF,HARF,HARF,Hypothesis,True,registry-exact-hypothesis:exact:02_mabniyat/preposition_meanings.json#34
5,57,21,إِنْ,إن,اللَّهَ,كُنْتُمْ,HARF,HARF,HARF,Certificate,False,registry:exact:02_mabniyat/conditional_letters_tools.json#1
5,59,7,إِلَّا,إلا,مِنَّا,أَنْ,HARF,HARF,,Certificate,False,MASAQ:106
5,59,8,أَنْ,أن,إِلَّا,آمَنَّا,HARF,HARF,HARF,Certificate,False,registry:plain:02_mabniyat/present_naseb_tools.json#1
5,59,16,مِنْ,من,أُنْزِلَ,قَبْلُ,HARF,HARF,HARF,Hypothesis,True,registry-exact-hypothesis:exact:02_mabniyat/preposition_meanings.json#34
5,60,5,مِنْ,من,بِشَرٍّ,ذَلِكَ,HARF,HARF,HARF,Hypothesis,True,registry-exact-hypothesis:exact:02_mabniyat/preposition_meanings.json#34
5,60,10,مَنْ,من,اللَّهِ,لَعَنَهُ,ISM_MAWSOOL,ISM_MAWSOOL,ISM_MAWSOOL|ISM_MABNI|HARF,Hypothesis,True,registry-exact-hypothesis:exact:02_mabniyat/relative_pronouns.json#3
5,61,14,بِمَا,بما,أَعْلَمُ,كَانُوا,ISM_MAWSOOL,ISM_MAWSOOL,ISM_MAWSOOL|ISM_MABNI|HARF,Certificate,True,MASAQ:48
5,62,11,مَا,ما,لَبِئْسَ,كَانُوا,ISM_MAWSOOL,ISM_MAWSOOL,ISM_MAWSOOL|ISM_MABNI|HARF,Hypothesis,True,registry-exact-hypothesis:exact:02_mabniyat/relative_pronouns.json#13
5,63,11,مَا,ما,لَبِئْسَ,كَانُوا,ISM_MAWSOOL,ISM_MAWSOOL,ISM_MAWSOOL|ISM_MABNI|HARF,Hypothesis,True,registry-exact-hypothesis:exact:02_mabniyat/relative_pronouns.json#13
5,64,9,بِمَا,بما,وَلُعِنُوا,قَالُوا,ISM_MAWSOOL,ISM_MAWSOOL,ISM_MAWSOOL|ISM_MABNI|HARF,Certificate,True,MASAQ:48
5,64,20,مَا,ما,مِنْهُمْ,أُنْزِلَ,ISM_MAWSOOL,ISM_MAWSOOL,ISM_MAWSOOL|ISM_MABNI|HARF,Hypothesis,True,registry-exact-hypothesis:exact:02_mabniyat/relative_pronouns.json#13
5,64,23,مِنْ,من,إِلَيْكَ,رَبِّكَ,HARF,HARF,HARF,Hypothesis,True,registry-exact-hypothesis:exact:02_mabniyat/preposition_meanings.json#34
5,65,2,أَنَّ,أن,وَلَوْ,أَهْلَ,HARF,HARF,HARF,Certificate,False,registry:exact:02_mabniyat/copulative_particle.json#2
5,66,9,مِنْ,من,إِلَيْهِمْ,رَبِّهِمْ,HARF,HARF,HARF,Hypothesis,True,registry-exact-hypothesis:exact:02_mabniyat/preposition_meanings.json#34
5,66,12,مِنْ,من,لَأَكَلُوا,فَوْقِهِمْ,HARF,HARF,HARF,Hypothesis,True,registry-exact-hypothesis:exact:02_mabniyat/preposition_meanings.json#34
5,66,23,مَا,ما,سَاءَ,يَعْمَلُونَ,ISM_MAWSOOL,ISM_MAWSOOL,ISM_MAWSOOL|ISM_MABNI|HARF,Hypothesis,True,registry-exact-hypothesis:exact:02_mabniyat/relative_pronouns.json#13
5,67,4,مَا,ما,بَلِّغْ,أُنْزِلَ,ISM_MAWSOOL,ISM_MAWSOOL,ISM_MAWSOOL|ISM_MABNI|HARF,Hypothesis,True,registry-exact-hypothesis:exact:02_mabniyat/relative_pronouns.json#13
5,67,7,مِنْ,من,إِلَيْكَ,رَبِّكَ,HARF,HARF,HARF,Hypothesis,True,registry-exact-hypothesis:exact:02_mabniyat/preposition_meanings.json#34
5,67,17,مِنَ,من,يَعْصِمُكَ,النَّاسِ,HARF,HARF,HARF,Hypothesis,True,registry-exact-hypothesis:exact:02_mabniyat/preposition_meanings.json#32
5,67,19,إِنَّ,إن,النَّاسِ,اللَّهَ,HARF,HARF,HARF,Certificate,False,registry:exact:02_mabniyat/letters_answers.json#4
5,68,7,حَتَّى,حتى,شَيْءٍ,تُقِيمُوا,HARF,HARF,HARF,Certificate,False,registry:exact:02_mabniyat/preposition_meanings.json#48
5,68,14,مِنْ,من,إِلَيْكُمْ,رَبِّكُمْ,HARF,HARF,HARF,Hypothesis,True,registry-exact-hypothesis:exact:02_mabniyat/preposition_meanings.json#34
5,68,19,مَا,ما,مِنْهُمْ,أُنْزِلَ,ISM_MAWSOOL,ISM_MAWSOOL,ISM_MAWSOOL|ISM_MABNI|HARF,Hypothesis,True,registry-exact-hypothesis:exact:02_mabniyat/relative_pronouns.json#13
5,68,22,مِنْ,من,إِلَيْكَ,رَبِّكَ,HARF,HARF,HARF,Hypothesis,True,registry-exact-hypothesis:exact:02_mabniyat/preposition_meanings.json#34
5,69,1,إِنَّ,إن,,الَّذِينَ,HARF,HARF,HARF,Certificate,False,registry:exact:02_mabniyat/letters_answers.json#4
5,69,8,مَنْ,من,وَالنَّصَارَى,آمَنَ,ISM_MAWSOOL,ISM_MAWSOOL,ISM_MAWSOOL|ISM_MABNI|HARF,Hypothesis,True,registry-exact-hypothesis:exact:02_mabniyat/relative_pronouns.json#3
5,70,12,بِمَا,بما,رَسُولٌ,لَا,ISM_MAWSOOL,ISM_MAWSOOL,ISM_MAWSOOL|ISM_MABNI|HARF,Certificate,True,MASAQ:48
5,71,18,بِمَا,بما,بَصِيرٌ,يَعْمَلُونَ,ISM_MAWSOOL,ISM_MAWSOOL,ISM_MAWSOOL|ISM_MABNI|HARF,Certificate,True,MASAQ:48
5,72,5,إِنَّ,إن,قَالُوا,اللَّهَ,HARF,HARF,HARF,Certificate,False,registry:exact:02_mabniyat/letters_answers.json#4
5,72,20,مَنْ,من,إِنَّهُ,يُشْرِكْ,ISM_MAWSOOL,ISM_MAWSOOL,ISM_MAWSOOL|ISM_MABNI|HARF,Hypothesis,True,registry-exact-hypothesis:exact:02_mabniyat/relative_pronouns.json#3
5,72,32,مِنْ,من,لِلظَّالِمِينَ,أَنْصَارٍ,HARF,HARF,HARF,Hypothesis,True,registry-exact-hypothesis:exact:02_mabniyat/preposition_meanings.json#34
5,73,5,إِنَّ,إن,قَالُوا,اللَّهَ,HARF,HARF,HARF,Certificate,False,registry:exact:02_mabniyat/letters_answers.json#4
5,73,10,مِنْ,من,وَمَا,إِلَهٍ,HARF,HARF,HARF,Hypothesis,True,registry-exact-hypothesis:exact:02_mabniyat/preposition_meanings.json#34
5,73,12,إِلَّا,إلا,إِلَهٍ,إِلَهٌ,HARF,HARF,,Certificate,False,MASAQ:106
5,75,1,مَا,ما,,الْمَسِيحُ,HARF,ISM_MAWSOOL,ISM_MAWSOOL|ISM_MABNI|HARF,Hypothesis,True,registry-exact-hypothesis:exact:02_mabniyat/relative_pronouns.json#13
5,75,5,إِلَّا,إلا,مَرْيَمَ,رَسُولٌ,HARF,HARF,,Certificate,False,MASAQ:106
5,75,9,مِنْ,من,خَلَتْ,قَبْلِهِ,HARF,HARF,HARF,Hypothesis,True,registry-exact-hypothesis:exact:02_mabniyat/preposition_meanings.json#34
5,76,3,مِنْ,من,أَتَعْبُدُونَ,دُونِ,HARF,HARF,HARF,Hypothesis,True,registry-exact-hypothesis:exact:02_mabniyat/preposition_meanings.json#34
5,76,4,دُونِ,دون,مِنْ,اللَّهِ,ISM_MUARAB,ISM_MUARAB,,Certificate,False,MASAQ:310
5,76,6,مَا,ما,اللَّهِ,لَا,HARF,ISM_MAWSOOL,ISM_MAWSOOL|ISM_MABNI|HARF,Hypothesis,True,registry-exact-hypothesis:exact:02_mabniyat/relative_pronouns.json#13
5,77,8,غَيْرَ,غير,دِينِكُمْ,الْحَقِّ,ISM_MUARAB,ISM_MUARAB,,Certificate,False,MASAQ:870
5,77,16,مِنْ,من,ضَلُّوا,قَبْلُ,HARF,HARF,HARF,Hypothesis,True,registry-exact-hypothesis:exact:02_mabniyat/preposition_meanings.json#34
5,78,4,مِنْ,من,كَفَرُوا,بَنِي,HARF,HARF,HARF,Hypothesis,True,registry-exact-hypothesis:exact:02_mabniyat/preposition_meanings.json#34
5,78,14,بِمَا,بما,ذَلِكَ,عَصَوْا,ISM_MAWSOOL,ISM_MAWSOOL,ISM_MAWSOOL|ISM_MABNI|HARF,Certificate,True,MASAQ:48
5,79,8,مَا,ما,لَبِئْسَ,كَانُوا,ISM_MAWSOOL,ISM_MAWSOOL,ISM_MAWSOOL|ISM_MABNI|HARF,Hypothesis,True,registry-exact-hypothesis:exact:02_mabniyat/relative_pronouns.json#13
5,80,8,مَا,ما,لَبِئْسَ,قَدَّمَتْ,ISM_MAWSOOL,ISM_MAWSOOL,ISM_MAWSOOL|ISM_MABNI|HARF,Hypothesis,True,registry-exact-hypothesis:exact:02_mabniyat/relative_pronouns.json#13
5,80,12,أَنْ,أن,أَنْفُسُهُمْ,سَخِطَ,HARF,HARF,HARF,Certificate,False,registry:plain:02_mabniyat/present_naseb_tools.json#1
5,81,9,مَا,ما,إِلَيْهِ,اتَّخَذُوهُمْ,HARF,ISM_MAWSOOL,ISM_MAWSOOL|ISM_MABNI|HARF,Hypothesis,True,registry-exact-hypothesis:exact:02_mabniyat/relative_pronouns.json#13
5,83,3,مَا,ما,سَمِعُوا,أُنْزِلَ,ISM_MAWSOOL,ISM_MAWSOOL,ISM_MAWSOOL|ISM_MABNI|HARF,Hypothesis,True,registry-exact-hypothesis:exact:02_mabniyat/relative_pronouns.json#13
5,83,10,مِنَ,من,تَفِيضُ,الدَّمْعِ,HARF,HARF,HARF,Hypothesis,True,registry-exact-hypothesis:exact:02_mabniyat/preposition_meanings.json#32
5,83,14,مِنَ,من,عَرَفُوا,الْحَقِّ,HARF,HARF,HARF,Hypothesis,True,registry-exact-hypothesis:exact:02_mabniyat/preposition_meanings.json#32
5,84,8,مِنَ,من,جَاءَنَا,الْحَقِّ,HARF,HARF,HARF,Hypothesis,True,registry-exact-hypothesis:exact:02_mabniyat/preposition_meanings.json#32
5,84,11,أَنْ,أن,وَنَطْمَعُ,يُدْخِلَنَا,HARF,HARF,HARF,Certificate,False,registry:plain:02_mabniyat/present_naseb_tools.json#1
5,85,3,بِمَا,بما,اللَّهُ,قَالُوا,ISM_MAWSOOL,ISM_MAWSOOL,ISM_MAWSOOL|ISM_MABNI|HARF,Certificate,True,MASAQ:48
5,85,7,مِنْ,من,تَجْرِي,تَحْتِهَا,HARF,HARF,HARF,Hypothesis,True,registry-exact-hypothesis:exact:02_mabniyat/preposition_meanings.json#34
5,87,7,مَا,ما,طَيِّبَاتِ,أَحَلَّ,ISM_MAWSOOL,ISM_MAWSOOL,ISM_MAWSOOL|ISM_MABNI|HARF,Hypothesis,True,registry-exact-hypothesis:exact:02_mabniyat/relative_pronouns.json#13
5,87,13,إِنَّ,إن,تَعْتَدُوا,اللَّهَ,HARF,HARF,HARF,Certificate,False,registry:exact:02_mabniyat/letters_answers.json#4
5,89,9,بِمَا,بما,يُؤَاخِذُكُمْ,عَقَّدْتُمُ,ISM_MAWSOOL,ISM_MAWSOOL,ISM_MAWSOOL|ISM_MABNI|HARF,Certificate,True,MASAQ:48
5,89,16,مِنْ,من,مَسَاكِينَ,أَوْسَطِ,HARF,HARF,HARF,Hypothesis,True,registry-exact-hypothesis:exact:02_mabniyat/preposition_meanings.json#34
5,89,18,مَا,ما,أَوْسَطِ,تُطْعِمُونَ,ISM_MAWSOOL,ISM_MAWSOOL,ISM_MAWSOOL|ISM_MABNI|HARF,Hypothesis,True,registry-exact-hypothesis:exact:02_mabniyat/relative_pronouns.json#13
5,90,10,مِنْ,من,رِجْسٌ,عَمَلِ,HARF,HARF,HARF,Hypothesis,True,registry-exact-hypothesis:exact:02_mabniyat/preposition_meanings.json#34
5,91,4,أَنْ,أن,الشَّيْطَانُ,يُوقِعَ,HARF,HARF,HARF,Certificate,False,registry:plain:02_mabniyat/present_naseb_tools.json#1
5,94,7,مِنَ,من,بِشَيْءٍ,الصَّيْدِ,HARF,HARF,HARF,Hypothesis,True,registry-exact-hypothesis:exact:02_mabniyat/preposition_meanings.json#32
5,94,14,مَنْ,من,اللَّهُ,يَخَافُهُ,ISM_MAWSOOL,ISM_MAWSOOL,ISM_MAWSOOL|ISM_MABNI|HARF,Hypothesis,True,registry-exact-hypothesis:exact:02_mabniyat/relative_pronouns.json#3
5,95,15,مَا,ما,مِثْلُ,قَتَلَ,ISM_MAWSOOL,ISM_MAWSOOL,ISM_MAWSOOL|ISM_MABNI|HARF,Hypothesis,True,registry-exact-hypothesis:exact:02_mabniyat/relative_pronouns.json#13
5,95,17,مِنَ,من,قَتَلَ,النَّعَمِ,HARF,HARF,HARF,Hypothesis,True,registry-exact-hypothesis:exact:02_mabniyat/preposition_meanings.json#32
5,96,13,مَا دُمْتُمْ,ما,الْبَرِّ,حُرُمَاً,ISM_MAWSOOL,ISM_MAWSOOL,,Certificate,False,MASAQ:15712
5,97,14,أَنَّ,أن,لِتَعْلَمُوا,اللَّهَ,HARF,HARF,HARF,Certificate,False,registry:exact:02_mabniyat/copulative_particle.json#2
5,97,17,مَا,ما,يَعْلَمُ,فِي,ISM_MAWSOOL,ISM_MAWSOOL,ISM_MAWSOOL|ISM_MABNI|HARF,Hypothesis,True,registry-exact-hypothesis:exact:02_mabniyat/relative_pronouns.json#13
5,98,2,أَنَّ,أن,اعْلَمُوا,اللَّهَ,HARF,HARF,HARF,Certificate,False,registry:exact:02_mabniyat/copulative_particle.json#2
5,99,1,مَا,ما,,عَلَى,HARF,ISM_MAWSOOL,ISM_MAWSOOL|ISM_MABNI|HARF,Hypothesis,True,registry-exact-hypothesis:exact:02_mabniyat/relative_pronouns.json#13
5,99,4,إِلَّا,إلا,الرَّسُولِ,الْبَلَاغُ,HARF,HARF,,Certificate,False,MASAQ:106
5,99,8,مَا,ما,يَعْلَمُ,تُبْدُونَ,ISM_MAWSOOL,ISM_MAWSOOL,ISM_MAWSOOL|ISM_MABNI|HARF,Hypothesis,True,registry-exact-hypothesis:exact:02_mabniyat/relative_pronouns.json#13
5,101,8,إِنْ,إن,أَشْيَاءَ,تُبْدَ,HARF,HARF,HARF,Certificate,False,registry:exact:02_mabniyat/conditional_letters_tools.json#1
5,102,4,مِنْ,من,قَوْمٌ,قَبْلِكُمْ,HARF,HARF,HARF,Hypothesis,True,registry-exact-hypothesis:exact:02_mabniyat/preposition_meanings.json#34
5,103,1,مَا,ما,,جَعَلَ,HARF,ISM_MAWSOOL,ISM_MAWSOOL|ISM_MABNI|HARF,Hypothesis,True,registry-exact-hypothesis:exact:02_mabniyat/relative_pronouns.json#13
5,103,4,مِنْ,من,اللَّهُ,بَحِيرَةٍ,HARF,HARF,HARF,Hypothesis,True,registry-exact-hypothesis:exact:02_mabniyat/preposition_meanings.json#34
5,104,6,مَا,ما,إِلَى,أَنْزَلَ,ISM_MAWSOOL,ISM_MAWSOOL,ISM_MAWSOOL|ISM_MABNI|HARF,Hypothesis,True,registry-exact-hypothesis:exact:02_mabniyat/relative_pronouns.json#13
5,104,13,مَا,ما,حَسْبُنَا,وَجَدْنَا,ISM_MAWSOOL,ISM_MAWSOOL,ISM_MAWSOOL|ISM_MABNI|HARF,Hypothesis,True,registry-exact-hypothesis:exact:02_mabniyat/relative_pronouns.json#13
5,105,8,مَنْ,من,يَضُرُّكُمْ,ضَلَّ,ISM_MAWSOOL,ISM_MAWSOOL,ISM_MAWSOOL|ISM_MABNI|HARF,Hypothesis,True,registry-exact-hypothesis:exact:02_mabniyat/relative_pronouns.json#3
5,105,17,بِمَا,بما,فَيُنَبِّئُكُمْ,كُنْتُمْ,ISM_MAWSOOL,ISM_MAWSOOL,ISM_MAWSOOL|ISM_MABNI|HARF,Certificate,True,MASAQ:48
5,106,18,مِنْ,من,آخَرَانِ,غَيْرِكُمْ,HARF,HARF,HARF,Hypothesis,True,registry-exact-hypothesis:exact:02_mabniyat/preposition_meanings.json#34
5,106,20,إِنْ,إن,غَيْرِكُمْ,أَنْتُمْ,HARF,HARF,HARF,Certificate,False,registry:exact:02_mabniyat/conditional_letters_tools.json#1
5,106,29,مِنْ,من,تَحْبِسُونَهُمَا,بَعْدِ,HARF,HARF,HARF,Hypothesis,True,registry-exact-hypothesis:exact:02_mabniyat/preposition_meanings.json#34
5,106,34,إِنِ,إن,بِاللَّهِ,ارْتَبْتُمْ,HARF,HARF,HARF,Certificate,False,registry:plain:02_mabniyat/conditional_letters_tools.json#1
5,107,10,مِنَ,من,مَقَامَهُمَا,الَّذِينَ,HARF,HARF,HARF,Hypothesis,True,registry-exact-hypothesis:exact:02_mabniyat/preposition_meanings.json#32
5,107,19,مِنْ,من,أَحَقُّ,شَهَادَتِهِمَا,HARF,HARF,HARF,Hypothesis,True,registry-exact-hypothesis:exact:02_mabniyat/preposition_meanings.json#34
5,108,3,أَنْ,أن,أَدْنَى,يَأْتُوا,HARF,HARF,HARF,Certificate,False,registry:plain:02_mabniyat/present_naseb_tools.json#1
5,108,10,أَنْ,أن,يَخَافُوا,تُرَدَّ,HARF,HARF,HARF,Certificate,False,registry:plain:02_mabniyat/present_naseb_tools.json#1
5,110,29,مِنَ,من,تَخْلُقُ,الطِّينِ,HARF,HARF,HARF,Hypothesis,True,registry-exact-hypothesis:exact:02_mabniyat/preposition_meanings.json#32
5,110,59,إِنْ,إن,مِنْهُمْ,هَذَا,HARF,HARF,HARF,Certificate,False,registry:exact:02_mabniyat/conditional_letters_tools.json#1
5,110,61,إِلَّا,إلا,هَذَا,سِحْرٌ,HARF,HARF,,Certificate,False,MASAQ:106
5,111,5,أَنْ,أن,الْحَوَارِيِّينَ,آمِنُوا,HARF,HARF,HARF,Certificate,False,registry:plain:02_mabniyat/present_naseb_tools.json#1
5,112,10,أَنْ,أن,رَبُّكَ,يُنَزِّلَ,HARF,HARF,HARF,Certificate,False,registry:plain:02_mabniyat/present_naseb_tools.json#1
5,112,14,مِنَ,من,مَائِدَةً,السَّمَاءِ,HARF,HARF,HARF,Hypothesis,True,registry-exact-hypothesis:exact:02_mabniyat/preposition_meanings.json#32
5,112,19,إِنْ,إن,اللَّهَ,كُنْتُمْ,HARF,HARF,HARF,Certificate,False,registry:exact:02_mabniyat/conditional_letters_tools.json#1
5,113,3,أَنْ,أن,نُرِيدُ,نَأْكُلَ,HARF,HARF,HARF,Certificate,False,registry:plain:02_mabniyat/present_naseb_tools.json#1
5,113,9,أَنْ,أن,وَنَعْلَمَ,قَدْ,HARF,HARF,HARF,Certificate,False,registry:plain:02_mabniyat/present_naseb_tools.json#1
5,113,14,مِنَ,من,عَلَيْهَا,الشَّاهِدِينَ,HARF,HARF,HARF,Hypothesis,True,registry-exact-hypothesis:exact:02_mabniyat/preposition_meanings.json#32
5,114,10,مِنَ,من,مَائِدَةً,السَّمَاءِ,HARF,HARF,HARF,Hypothesis,True,registry-exact-hypothesis:exact:02_mabniyat/preposition_meanings.json#32
5,115,16,مِنَ,من,أَحَدَاً,الْعَالَمِينَ,HARF,HARF,HARF,Hypothesis,True,registry-exact-hypothesis:exact:02_mabniyat/preposition_meanings.json#32
5,116,13,مِنْ,من,إِلَهَيْنِ,دُونِ,HARF,HARF,HARF,Hypothesis,True,registry-exact-hypothesis:exact:02_mabniyat/preposition_meanings.json#34
5,116,14,دُونِ,دون,مِنْ,اللَّهِ,ISM_MUARAB,ISM_MUARAB,,Certificate,False,MASAQ:310
5,116,18,مَا,ما,سُبْحَانَكَ,يَكُونُ,HARF,ISM_MAWSOOL,ISM_MAWSOOL|ISM_MABNI|HARF,Hypothesis,True,registry-exact-hypothesis:exact:02_mabniyat/relative_pronouns.json#13
5,116,21,أَنْ,أن,لِي,أَقُولَ,HARF,HARF,HARF,Certificate,False,registry:plain:02_mabniyat/present_naseb_tools.json#1
5,116,23,مَا,ما,أَقُولَ,لَيْسَ,ISM_MAWSOOL,ISM_MAWSOOL,ISM_MAWSOOL|ISM_MABNI|HARF,Hypothesis,True,registry-exact-hypothesis:exact:02_mabniyat/relative_pronouns.json#13
5,116,27,إِنْ,إن,بِحَقٍّ,كُنْتُ,HARF,HARF,HARF,Certificate,False,registry:exact:02_mabniyat/conditional_letters_tools.json#1
5,116,33,مَا,ما,تَعْلَمُ,فِي,ISM_MAWSOOL,ISM_MAWSOOL,ISM_MAWSOOL|ISM_MABNI|HARF,Hypothesis,True,registry-exact-hypothesis:exact:02_mabniyat/relative_pronouns.json#13
5,116,38,مَا,ما,أَعْلَمُ,فِي,ISM_MAWSOOL,ISM_MAWSOOL,ISM_MAWSOOL|ISM_MABNI|HARF,Hypothesis,True,registry-exact-hypothesis:exact:02_mabniyat/relative_pronouns.json#13
5,117,1,مَا,ما,,قُلْتُ,HARF,ISM_MAWSOOL,ISM_MAWSOOL|ISM_MABNI|HARF,Hypothesis,True,registry-exact-hypothesis:exact:02_mabniyat/relative_pronouns.json#13
5,117,4,إِلَّا,إلا,لَهُمْ,مَا,HARF,HARF,,Certificate,False,MASAQ:106
5,117,5,مَا,ما,إِلَّا,أَمَرْتَنِي,ISM_MAWSOOL,ISM_MAWSOOL,ISM_MAWSOOL|ISM_MABNI|HARF,Hypothesis,True,registry-exact-hypothesis:exact:02_mabniyat/relative_pronouns.json#13
5,117,8,أَنِ,أن,بِهِ,اعْبُدُوا,HARF,HARF,HARF,Certificate,False,registry:plain:02_mabniyat/present_naseb_tools.json#1
5,118,1,إِنْ,إن,,تُعَذِّبْهُمْ,HARF,HARF,HARF,Certificate,False,registry:exact:02_mabniyat/conditional_letters_tools.json#1
5,119,11,مِنْ,من,تَجْرِي,تَحْتِهَا,HARF,HARF,HARF,Hypothesis,True,registry-exact-hypothesis:exact:02_mabniyat/preposition_meanings.json#34
6,2,4,مِنْ,من,خَلَقَكُمْ,طِينٍ,HARF,HARF,HARF,Hypothesis,True,registry-exact-hypothesis:exact:02_mabniyat/preposition_meanings.json#34
6,3,11,مَا,ما,وَيَعْلَمُ,تَكْسِبُونَ,ISM_MAWSOOL,ISM_MAWSOOL,ISM_MAWSOOL|ISM_MABNI|HARF,Hypothesis,True,registry-exact-hypothesis:exact:02_mabniyat/relative_pronouns.json#13
6,4,3,مِنْ,من,تَأْتِيهِمْ,آيَةٍ,HARF,HARF,HARF,Hypothesis,True,registry-exact-hypothesis:exact:02_mabniyat/preposition_meanings.json#34
6,4,5,مِنْ,من,آيَةٍ,آيَاتِ,HARF,HARF,HARF,Hypothesis,True,registry-exact-hypothesis:exact:02_mabniyat/preposition_meanings.json#34
6,4,8,إِلَّا,إلا,رَبِّهِمْ,كَانُوا,HARF,HARF,,Certificate,False,MASAQ:106
6,5,9,مَا,ما,أَنْبَاءُ,كَانُوا,ISM_MAWSOOL,ISM_MAWSOOL,ISM_MAWSOOL|ISM_MABNI|HARF,Hypothesis,True,registry-exact-hypothesis:exact:02_mabniyat/relative_pronouns.json#13
6,6,5,مِنْ,من,أَهْلَكْنَا,قَبْلِهِمْ,HARF,HARF,HARF,Hypothesis,True,registry-exact-hypothesis:exact:02_mabniyat/preposition_meanings.json#34
6,6,7,مِنْ,من,قَبْلِهِمْ,قَرْنٍ,HARF,HARF,HARF,Hypothesis,True,registry-exact-hypothesis:exact:02_mabniyat/preposition_meanings.json#34
6,6,12,مَا,ما,الْأَرْضِ,لَمْ,ISM_MAWSOOL,ISM_MAWSOOL,ISM_MAWSOOL|ISM_MABNI|HARF,Hypothesis,True,registry-exact-hypothesis:exact:02_mabniyat/relative_pronouns.json#13
6,6,23,مِنْ,من,تَجْرِي,تَحْتِهِمْ,HARF,HARF,HARF,Hypothesis,True,registry-exact-hypothesis:exact:02_mabniyat/preposition_meanings.json#34
6,6,28,مِنْ,من,وَأَنْشَأْنَا,بَعْدِهِمْ,HARF,HARF,HARF,Hypothesis,True,registry-exact-hypothesis:exact:02_mabniyat/preposition_meanings.json#34
6,7,12,إِنْ,إن,كَفَرُوا,هَذَا,HARF,HARF,HARF,Certificate,False,registry:exact:02_mabniyat/conditional_letters_tools.json#1
6,7,14,إِلَّا,إلا,هَذَا,سِحْرٌ,HARF,HARF,,Certificate,False,MASAQ:106
6,9,8,مَا,ما,عَلَيْهِمْ,يَلْبِسُونَ,ISM_MAWSOOL,ISM_MAWSOOL,ISM_MAWSOOL|ISM_MABNI|HARF,Hypothesis,True,registry-exact-hypothesis:exact:02_mabniyat/relative_pronouns.json#13
6,10,4,مِنْ,من,بِرُسُلٍ,قَبْلِكَ,HARF,HARF,HARF,Hypothesis,True,registry-exact-hypothesis:exact:02_mabniyat/preposition_meanings.json#34
6,10,10,مَا,ما,مِنْهُمْ,كَانُوا,ISM_MAWSOOL,ISM_MAWSOOL,ISM_MAWSOOL|ISM_MABNI|HARF,Hypothesis,True,registry-exact-hypothesis:exact:02_mabniyat/relative_pronouns.json#13
6,12,3,مَا,ما,لِمَنْ,فِي,ISM_MAWSOOL,ISM_MAWSOOL,ISM_MAWSOOL|ISM_MABNI|HARF,Hypothesis,True,registry-exact-hypothesis:exact:02_mabniyat/relative_pronouns.json#13
6,13,2,مَا,ما,وَلَهُ,سَكَنَ,ISM_MAWSOOL,ISM_MAWSOOL,ISM_MAWSOOL|ISM_MABNI|HARF,Hypothesis,True,registry-exact-hypothesis:exact:02_mabniyat/relative_pronouns.json#13
6,14,16,أَنْ,أن,أُمِرْتُ,أَكُونَ,HARF,HARF,HARF,Certificate,False,registry:plain:02_mabniyat/present_naseb_tools.json#1
6,14,19,مَنْ,من,أَوَّلَ,أَسْلَمَ,ISM_MAWSOOL,ISM_MAWSOOL,ISM_MAWSOOL|ISM_MABNI|HARF,Hypothesis,True,registry-exact-hypothesis:exact:02_mabniyat/relative_pronouns.json#3
6,14,23,مِنَ,من,تَكُونَنَّ,الْمُشْرِكِينَ,HARF,HARF,HARF,Hypothesis,True,registry-exact-hypothesis:exact:02_mabniyat/preposition_meanings.json#32
6,15,4,إِنْ,إن,أَخَافُ,عَصَيْتُ,HARF,HARF,HARF,Certificate,False,registry:exact:02_mabniyat/conditional_letters_tools.json#1
6,16,1,مَنْ,من,,يُصْرَفْ,ISM_MAWSOOL,ISM_MAWSOOL,ISM_MAWSOOL|ISM_MABNI|HARF,Hypothesis,True,registry-exact-hypothesis:exact:02_mabniyat/relative_pronouns.json#3
6,17,8,إِلَّا,إلا,لَهُ,هُوَ,HARF,HARF,,Certificate,False,MASAQ:106
6,19,2,أَيُّ,أي,قُلْ,شَيْءٍ,HARF,HARF,HARF,Hypothesis,True,registry-exact-hypothesis:exact:02_mabniyat/jazm_tools.json#15
6,19,21,أَنَّ,أن,لَتَشْهَدُونَ,مَعَ,HARF,HARF,HARF,Certificate,False,registry:exact:02_mabniyat/copulative_particle.json#2
6,23,5,إِلَّا,إلا,فِتْنَتُهُمْ,أَنْ,HARF,HARF,,Certificate,False,MASAQ:106
6,23,6,أَنْ,أن,إِلَّا,قَالُوا,HARF,HARF,HARF,Certificate,False,registry:plain:02_mabniyat/present_naseb_tools.json#1
6,23,10,مَا,ما,رَبِّنَا,كُنَّا,HARF,ISM_MAWSOOL,ISM_MAWSOOL|ISM_MABNI|HARF,Hypothesis,True,registry-exact-hypothesis:exact:02_mabniyat/relative_pronouns.json#13
6,24,8,مَا,ما,عَنْهُمْ,كَانُوا,ISM_MAWSOOL,ISM_MAWSOOL,ISM_MAWSOOL|ISM_MABNI|HARF,Hypothesis,True,registry-exact-hypothesis:exact:02_mabniyat/relative_pronouns.json#13
6,25,2,مَنْ,من,وَمِنْهُمْ,يَسْتَمِعُ,ISM_MAWSOOL,ISM_MAWSOOL,ISM_MAWSOOL|ISM_MABNI|HARF,Hypothesis,True,registry-exact-hypothesis:exact:02_mabniyat/relative_pronouns.json#3
6,25,9,أَنْ,أن,أَكِنَّةً,يَفْقَهُوهُ,HARF,HARF,HARF,Certificate,False,registry:plain:02_mabniyat/present_naseb_tools.json#1
6,25,21,حَتَّى,حتى,بِهَا,إِذَا,HARF,HARF,HARF,Certificate,False,registry:exact:02_mabniyat/preposition_meanings.json#48
6,25,28,إِنْ,إن,كَفَرُوا,هَذَا,HARF,HARF,HARF,Certificate,False,registry:exact:02_mabniyat/conditional_letters_tools.json#1
6,25,30,إِلَّا,إلا,هَذَا,أَسَاطِيرُ,HARF,HARF,,Certificate,False,MASAQ:106
6,26,8,إِلَّا,إلا,يُهْلِكُونَ,أَنْفُسَهُمْ,HARF,HARF,,Certificate,False,MASAQ:106
6,27,15,مِنَ,من,وَنَكُونَ,الْمُؤْمِنِينَ,HARF,HARF,HARF,Hypothesis,True,registry-exact-hypothesis:exact:02_mabniyat/preposition_meanings.json#32
6,28,4,مَا,ما,لَهُمْ,كَانُوا,ISM_MAWSOOL,ISM_MAWSOOL,ISM_MAWSOOL|ISM_MABNI|HARF,Hypothesis,True,registry-exact-hypothesis:exact:02_mabniyat/relative_pronouns.json#13
6,28,7,مِنْ,من,يُخْفُونَ,قَبْلُ,HARF,HARF,HARF,Hypothesis,True,registry-exact-hypothesis:exact:02_mabniyat/preposition_meanings.json#34
6,29,2,إِنْ,إن,وَقَالُوا,هِيَ,HARF,HARF,HARF,Certificate,False,registry:exact:02_mabniyat/conditional_letters_tools.json#1
6,29,4,إِلَّا,إلا,هِيَ,حَيَاتُنَا,HARF,HARF,,Certificate,False,MASAQ:106
6,30,17,بِمَا,بما,الْعَذَابَ,كُنْتُمْ,ISM_MAWSOOL,ISM_MAWSOOL,ISM_MAWSOOL|ISM_MABNI|HARF,Certificate,True,MASAQ:48
6,31,7,حَتَّى,حتى,اللَّهِ,إِذَا,HARF,HARF,HARF,Certificate,False,registry:exact:02_mabniyat/preposition_meanings.json#48
6,31,15,مَا,ما,عَلَى,فَرَّطْنَا,ISM_MAWSOOL,ISM_MAWSOOL,ISM_MAWSOOL|ISM_MABNI|HARF,Hypothesis,True,registry-exact-hypothesis:exact:02_mabniyat/relative_pronouns.json#13
6,31,25,مَا,ما,سَاءَ,يَزِرُونَ,ISM_MAWSOOL,ISM_MAWSOOL,ISM_MAWSOOL|ISM_MABNI|HARF,Hypothesis,True,registry-exact-hypothesis:exact:02_mabniyat/relative_pronouns.json#13
6,32,4,إِلَّا,إلا,الدُّنْيَا,لَعِبٌ,HARF,HARF,,Certificate,False,MASAQ:106
6,34,4,مِنْ,من,رُسُلٌ,قَبْلِكَ,HARF,HARF,HARF,Hypothesis,True,registry-exact-hypothesis:exact:02_mabniyat/preposition_meanings.json#34
6,34,8,مَا,ما,عَلَى,كُذِّبُوا,ISM_MAWSOOL,ISM_MAWSOOL,ISM_MAWSOOL|ISM_MABNI|HARF,Hypothesis,True,registry-exact-hypothesis:exact:02_mabniyat/relative_pronouns.json#13
6,34,11,حَتَّى,حتى,وَأُوذُوا,أَتَاهُمْ,HARF,HARF,HARF,Certificate,False,registry:exact:02_mabniyat/preposition_meanings.json#48
6,34,20,مِنْ,من,جَاءَكَ,نَبَإِ,HARF,HARF,HARF,Hypothesis,True,registry-exact-hypothesis:exact:02_mabniyat/preposition_meanings.json#34
6,35,8,أَنْ,أن,اسْتَطَعْتَ,تَبْتَغِيَ,HARF,HARF,HARF,Certificate,False,registry:plain:02_mabniyat/present_naseb_tools.json#1
6,35,27,مِنَ,من,تَكُونَنَّ,الْجَاهِلِينَ,HARF,HARF,HARF,Hypothesis,True,registry-exact-hypothesis:exact:02_mabniyat/preposition_meanings.json#32
6,37,6,مِنْ,من,آيَةٌ,رَبِّهِ,HARF,HARF,HARF,Hypothesis,True,registry-exact-hypothesis:exact:02_mabniyat/preposition_meanings.json#34
6,37,9,إِنَّ,إن,قُلْ,اللَّهَ,HARF,HARF,HARF,Certificate,False,registry:exact:02_mabniyat/letters_answers.json#4
6,37,13,أَنْ,أن,عَلَى,يُنَزِّلَ,HARF,HARF,HARF,Certificate,False,registry:plain:02_mabniyat/present_naseb_tools.json#1
6,38,2,مِنْ,من,وَمَا,دَابَّةٍ,HARF,HARF,HARF,Hypothesis,True,registry-exact-hypothesis:exact:02_mabniyat/preposition_meanings.json#34
6,38,10,إِلَّا,إلا,بِجَنَاحَيْهِ,أُمَمٌ,HARF,HARF,,Certificate,False,MASAQ:106
6,38,13,مَا,ما,أَمْثَالُكُمْ,فَرَّطْنَا,HARF,ISM_MAWSOOL,ISM_MAWSOOL|ISM_MABNI|HARF,Hypothesis,True,registry-exact-hypothesis:exact:02_mabniyat/relative_pronouns.json#13
6,38,17,مِنْ,من,الْكِتَابِ,شَيْءٍ,HARF,HARF,HARF,Hypothesis,True,registry-exact-hypothesis:exact:02_mabniyat/preposition_meanings.json#34
6,39,8,مَنْ,من,الظُّلُمَاتِ,يَشَإِ,ISM_MAWSOOL,ISM_MAWSOOL,ISM_MAWSOOL|ISM_MABNI|HARF,Hypothesis,True,registry-exact-hypothesis:exact:02_mabniyat/relative_pronouns.json#3
6,40,3,إِنْ,إن,أَرَأَيْتَكُمْ,أَتَاكُمْ,HARF,HARF,HARF,Certificate,False,registry:exact:02_mabniyat/conditional_letters_tools.json#1
6,40,13,إِنْ,إن,تَدْعُونَ,كُنْتُمْ,HARF,HARF,HARF,Certificate,False,registry:exact:02_mabniyat/conditional_letters_tools.json#1
6,41,5,مَا,ما,فَيَكْشِفُ,تَدْعُونَ,ISM_MAWSOOL,ISM_MAWSOOL,ISM_MAWSOOL|ISM_MABNI|HARF,Hypothesis,True,registry-exact-hypothesis:exact:02_mabniyat/relative_pronouns.json#13
6,41,8,إِنْ,إن,إِلَيْهِ,شَاءَ,HARF,HARF,HARF,Certificate,False,registry:exact:02_mabniyat/conditional_letters_tools.json#1
6,41,11,مَا,ما,وَتَنْسَوْنَ,تُشْرِكُونَ,ISM_MAWSOOL,ISM_MAWSOOL,ISM_MAWSOOL|ISM_MABNI|HARF,Hypothesis,True,registry-exact-hypothesis:exact:02_mabniyat/relative_pronouns.json#13
6,42,5,مِنْ,من,أُمَمٍ,قَبْلِكَ,HARF,HARF,HARF,Hypothesis,True,registry-exact-hypothesis:exact:02_mabniyat/preposition_meanings.json#34
6,43,12,مَا,ما,الشَّيْطَانُ,كَانُوا,ISM_MAWSOOL,ISM_MAWSOOL,ISM_MAWSOOL|ISM_MABNI|HARF,Hypothesis,True,registry-exact-hypothesis:exact:02_mabniyat/relative_pronouns.json#13
6,44,3,مَا,ما,نَسُوا,ذُكِّرُوا,ISM_MAWSOOL,ISM_MAWSOOL,ISM_MAWSOOL|ISM_MABNI|HARF,Hypothesis,True,registry-exact-hypothesis:exact:02_mabniyat/relative_pronouns.json#13
6,44,11,حَتَّى,حتى,شَيْءٍ,إِذَا,HARF,HARF,HARF,Certificate,False,registry:exact:02_mabniyat/preposition_meanings.json#48
6,44,14,بِمَا,بما,فَرِحُوا,أُوتُوا,ISM_MAWSOOL,ISM_MAWSOOL,ISM_MAWSOOL|ISM_MABNI|HARF,Certificate,True,MASAQ:48
6,46,3,إِنْ,إن,أَرَأَيْتُمْ,أَخَذَ,HARF,HARF,HARF,Certificate,False,registry:exact:02_mabniyat/conditional_letters_tools.json#1
6,46,11,مَنْ,من,قُلُوبِكُمْ,إِلَهٌ,HARF,ISM_MAWSOOL,ISM_MAWSOOL|ISM_MABNI|HARF,Hypothesis,True,registry-exact-hypothesis:exact:02_mabniyat/relative_pronouns.json#3
6,46,13,غَيْرُ,غير,إِلَهٌ,اللَّهِ,ISM_MUARAB,ISM_MUARAB,,Certificate,False,MASAQ:11830
6,47,3,إِنْ,إن,أَرَأَيْتَكُمْ,أَتَاكُمْ,HARF,HARF,HARF,Certificate,False,registry:exact:02_mabniyat/conditional_letters_tools.json#1
6,47,12,إِلَّا,إلا,يُهْلَكُ,الْقَوْمُ,HARF,HARF,,Certificate,False,MASAQ:106
6,48,4,إِلَّا,إلا,الْمُرْسَلِينَ,مُبَشِّرِينَ,HARF,HARF,,Certificate,False,MASAQ:106
6,49,6,بِمَا,بما,الْعَذَابُ,كَانُوا,ISM_MAWSOOL,ISM_MAWSOOL,ISM_MAWSOOL|ISM_MABNI|HARF,Certificate,True,MASAQ:48
6,50,16,إِنْ,إن,مَلَكٌ,أَتَّبِعُ,HARF,HARF,HARF,Certificate,False,registry:exact:02_mabniyat/conditional_letters_tools.json#1
6,50,18,إِلَّا,إلا,أَتَّبِعُ,مَا,HARF,HARF,,Certificate,False,MASAQ:106
6,50,19,مَا,ما,إِلَّا,يُوحَى,ISM_MAWSOOL,ISM_MAWSOOL,ISM_MAWSOOL|ISM_MABNI|HARF,Hypothesis,True,registry-exact-hypothesis:exact:02_mabniyat/relative_pronouns.json#13
6,51,5,أَنْ,أن,يَخَافُونَ,يُحْشَرُوا,HARF,HARF,HARF,Certificate,False,registry:plain:02_mabniyat/present_naseb_tools.json#1
6,51,11,مِنْ,من,لَهُمْ,دُونِهِ,HARF,HARF,HARF,Hypothesis,True,registry-exact-hypothesis:exact:02_mabniyat/preposition_meanings.json#34
6,52,10,مَا,ما,وَجْهَهُ,عَلَيْكَ,HARF,ISM_MAWSOOL,ISM_MAWSOOL|ISM_MABNI|HARF,Hypothesis,True,registry-exact-hypothesis:exact:02_mabniyat/relative_pronouns.json#13
6,52,12,مِنْ,من,عَلَيْكَ,حِسَابِهِمْ,HARF,HARF,HARF,Hypothesis,True,registry-exact-hypothesis:exact:02_mabniyat/preposition_meanings.json#34
6,52,14,مِنْ,من,حِسَابِهِمْ,شَيْءٍ,HARF,HARF,HARF,Hypothesis,True,registry-exact-hypothesis:exact:02_mabniyat/preposition_meanings.json#34
6,52,17,مِنْ,من,وَمَا,حِسَابِكَ,HARF,HARF,HARF,Hypothesis,True,registry-exact-hypothesis:exact:02_mabniyat/preposition_meanings.json#34
6,52,20,مِنْ,من,عَلَيْهِمْ,شَيْءٍ,HARF,HARF,HARF,Hypothesis,True,registry-exact-hypothesis:exact:02_mabniyat/preposition_meanings.json#34
6,52,24,مِنَ,من,فَتَكُونَ,الظَّالِمِينَ,HARF,HARF,HARF,Hypothesis,True,registry-exact-hypothesis:exact:02_mabniyat/preposition_meanings.json#32
6,53,7,مَنَّ,من,أَهَؤُلَاءِ,اللَّهُ,FIIL,FIIL,,Certificate,False,MASAQ:8987
6,53,10,مِنْ,من,عَلَيْهِمْ,بَيْنِنَا,HARF,HARF,HARF,Hypothesis,True,registry-exact-hypothesis:exact:02_mabniyat/preposition_meanings.json#34
6,54,15,مَنْ,من,أَنَّهُ,عَمِلَ,ISM_MAWSOOL,ISM_MAWSOOL,ISM_MAWSOOL|ISM_MABNI|HARF,Hypothesis,True,registry-exact-hypothesis:exact:02_mabniyat/relative_pronouns.json#3
6,54,22,مِنْ,من,تَابَ,بَعْدِهِ,HARF,HARF,HARF,Hypothesis,True,registry-exact-hypothesis:exact:02_mabniyat/preposition_meanings.json#34
6,56,4,أَنْ,أن,نُهِيتُ,أَعْبُدَ,HARF,HARF,HARF,Certificate,False,registry:plain:02_mabniyat/present_naseb_tools.json#1
6,56,8,مِنْ,من,تَدْعُونَ,دُونِ,HARF,HARF,HARF,Hypothesis,True,registry-exact-hypothesis:exact:02_mabniyat/preposition_meanings.json#34
6,56,9,دُونِ,دون,مِنْ,اللَّهِ,ISM_MUARAB,ISM_MUARAB,,Certificate,False,MASAQ:310
6,56,20,مِنَ,من,أَنَا,الْمُهْتَدِينَ,HARF,HARF,HARF,Hypothesis,True,registry-exact-hypothesis:exact:02_mabniyat/preposition_meanings.json#32
6,57,5,مِنْ,من,بَيِّنَةٍ,رَبِّي,HARF,HARF,HARF,Hypothesis,True,registry-exact-hypothesis:exact:02_mabniyat/preposition_meanings.json#34
6,57,9,مَا,ما,بِهِ,عِنْدِي,HARF,ISM_MAWSOOL,ISM_MAWSOOL|ISM_MABNI|HARF,Hypothesis,True,registry-exact-hypothesis:exact:02_mabniyat/relative_pronouns.json#13
6,57,11,مَا,ما,عِنْدِي,تَسْتَعْجِلُونَ,ISM_MAWSOOL,ISM_MAWSOOL,ISM_MAWSOOL|ISM_MABNI|HARF,Hypothesis,True,registry-exact-hypothesis:exact:02_mabniyat/relative_pronouns.json#13
6,57,14,إِنِ,إن,بِهِ,الْحُكْمُ,HARF,HARF,HARF,Certificate,False,registry:plain:02_mabniyat/conditional_letters_tools.json#1
6,57,16,إِلَّا,إلا,الْحُكْمُ,لِلَّهِ,HARF,HARF,,Certificate,False,MASAQ:106
6,58,3,أَنَّ,أن,لَوْ,عِنْدِي,HARF,HARF,HARF,Certificate,False,registry:exact:02_mabniyat/copulative_particle.json#2
6,58,5,مَا,ما,عِنْدِي,تَسْتَعْجِلُونَ,ISM_MAWSOOL,ISM_MAWSOOL,ISM_MAWSOOL|ISM_MABNI|HARF,Hypothesis,True,registry-exact-hypothesis:exact:02_mabniyat/relative_pronouns.json#13
6,59,6,إِلَّا,إلا,يَعْلَمُهَا,هُوَ,HARF,HARF,,Certificate,False,MASAQ:106
6,59,9,مَا,ما,وَيَعْلَمُ,فِي,ISM_MAWSOOL,ISM_MAWSOOL,ISM_MAWSOOL|ISM_MABNI|HARF,Hypothesis,True,registry-exact-hypothesis:exact:02_mabniyat/relative_pronouns.json#13
6,59,15,مِنْ,من,تَسْقُطُ,وَرَقَةٍ,HARF,HARF,HARF,Hypothesis,True,registry-exact-hypothesis:exact:02_mabniyat/preposition_meanings.json#34
6,59,17,إِلَّا,إلا,وَرَقَةٍ,يَعْلَمُهَا,HARF,HARF,,Certificate,False,MASAQ:106
6,59,28,إِلَّا,إلا,يَابِسٍ,فِي,HARF,HARF,,Certificate,False,MASAQ:106
6,60,6,مَا,ما,وَيَعْلَمُ,جَرَحْتُمْ,ISM_MAWSOOL,ISM_MAWSOOL,ISM_MAWSOOL|ISM_MABNI|HARF,Hypothesis,True,registry-exact-hypothesis:exact:02_mabniyat/relative_pronouns.json#13
6,60,20,بِمَا,بما,يُنَبِّئُكُمْ,كُنْتُمْ,ISM_MAWSOOL,ISM_MAWSOOL,ISM_MAWSOOL|ISM_MABNI|HARF,Certificate,True,MASAQ:48
6,61,8,حَتَّى,حتى,حَفَظَةً,إِذَا,HARF,HARF,HARF,Certificate,False,registry:exact:02_mabniyat/preposition_meanings.json#48
6,63,2,مَنْ,من,قُلْ,يُنَجِّيكُمْ,ISM_MAWSOOL,ISM_MAWSOOL,ISM_MAWSOOL|ISM_MABNI|HARF,Hypothesis,True,registry-exact-hypothesis:exact:02_mabniyat/relative_pronouns.json#3
6,63,4,مِنْ,من,يُنَجِّيكُمْ,ظُلُمَاتِ,HARF,HARF,HARF,Hypothesis,True,registry-exact-hypothesis:exact:02_mabniyat/preposition_meanings.json#34
6,63,13,مِنْ,من,أَنْجَانَا,هَذِهِ,HARF,HARF,HARF,Hypothesis,True,registry-exact-hypothesis:exact:02_mabniyat/preposition_meanings.json#34
6,63,16,مِنَ,من,لَنَكُونَنَّ,الشَّاكِرِينَ,HARF,HARF,HARF,Hypothesis,True,registry-exact-hypothesis:exact:02_mabniyat/preposition_meanings.json#32
6,65,5,أَنْ,أن,عَلَى,يَبْعَثَ,HARF,HARF,HARF,Certificate,False,registry:plain:02_mabniyat/present_naseb_tools.json#1
6,65,9,مِنْ,من,عَذَابَاً,فَوْقِكُمْ,HARF,HARF,HARF,Hypothesis,True,registry-exact-hypothesis:exact:02_mabniyat/preposition_meanings.json#34
6,65,12,مِنْ,من,أَوْ,تَحْتِ,HARF,HARF,HARF,Hypothesis,True,registry-exact-hypothesis:exact:02_mabniyat/preposition_meanings.json#34
6,68,9,حَتَّى,حتى,عَنْهُمْ,يَخُوضُوا,HARF,HARF,HARF,Certificate,False,registry:exact:02_mabniyat/preposition_meanings.json#48
6,69,5,مِنْ,من,يَتَّقُونَ,حِسَابِهِمْ,HARF,HARF,HARF,Hypothesis,True,registry-exact-hypothesis:exact:02_mabniyat/preposition_meanings.json#34
6,69,7,مِنْ,من,حِسَابِهِمْ,شَيْءٍ,HARF,HARF,HARF,Hypothesis,True,registry-exact-hypothesis:exact:02_mabniyat/preposition_meanings.json#34
6,70,12,أَنْ,أن,بِهِ,تُبْسَلَ,HARF,HARF,HARF,Certificate,False,registry:plain:02_mabniyat/present_naseb_tools.json#1
6,70,15,بِمَا,بما,نَفْسٌ,كَسَبَتْ,ISM_MAWSOOL,ISM_MAWSOOL,ISM_MAWSOOL|ISM_MABNI|HARF,Certificate,True,MASAQ:48
6,70,19,مِنْ,من,لَهَا,دُونِ,HARF,HARF,HARF,Hypothesis,True,registry-exact-hypothesis:exact:02_mabniyat/preposition_meanings.json#34
6,70,20,دُونِ,دون,مِنْ,اللَّهِ,ISM_MUARAB,ISM_MUARAB,,Certificate,False,MASAQ:310
6,70,35,بِمَا,بما,أُبْسِلُوا,كَسَبُوا,ISM_MAWSOOL,ISM_MAWSOOL,ISM_MAWSOOL|ISM_MABNI|HARF,Certificate,True,MASAQ:48
6,70,39,مِنْ,من,شَرَابٌ,حَمِيمٍ,HARF,HARF,HARF,Hypothesis,True,registry-exact-hypothesis:exact:02_mabniyat/preposition_meanings.json#34
6,70,43,بِمَا,بما,أَلِيمٌ,كَانُوا,ISM_MAWSOOL,ISM_MAWSOOL,ISM_MAWSOOL|ISM_MABNI|HARF,Certificate,True,MASAQ:48
6,71,3,مِنْ,من,أَنَدْعُو,دُونِ,HARF,HARF,HARF,Hypothesis,True,registry-exact-hypothesis:exact:02_mabniyat/preposition_meanings.json#34
6,71,4,دُونِ,دون,مِنْ,اللَّهِ,ISM_MUARAB,ISM_MUARAB,,Certificate,False,MASAQ:310
6,71,6,مَا,ما,اللَّهِ,لَا,ISM_MAWSOOL,ISM_MAWSOOL,ISM_MAWSOOL|ISM_MABNI|HARF,Hypothesis,True,registry-exact-hypothesis:exact:02_mabniyat/relative_pronouns.json#13
6,71,31,إِنَّ,إن,قُلْ,هُدَى,HARF,HARF,HARF,Certificate,False,registry:exact:02_mabniyat/letters_answers.json#4
6,75,8,مِنَ,من,وَلِيَكُونَ,الْمُوقِنِينَ,HARF,HARF,HARF,Hypothesis,True,registry-exact-hypothesis:exact:02_mabniyat/preposition_meanings.json#32
6,77,16,مِنَ,من,لَأَكُونَنَّ,الْقَوْمِ,HARF,HARF,HARF,Hypothesis,True,registry-exact-hypothesis:exact:02_mabniyat/preposition_meanings.json#32
6,79,11,مِنَ,من,أَنَا,الْمُشْرِكِينَ,HARF,HARF,HARF,Hypothesis,True,registry-exact-hypothesis:exact:02_mabniyat/preposition_meanings.json#32
6,80,11,مَا,ما,أَخَافُ,تُشْرِكُونَ,ISM_MAWSOOL,ISM_MAWSOOL,ISM_MAWSOOL|ISM_MABNI|HARF,Hypothesis,True,registry-exact-hypothesis:exact:02_mabniyat/relative_pronouns.json#13
6,80,14,إِلَّا,إلا,بِهِ,أَنْ,HARF,HARF,,Certificate,False,MASAQ:106
6,80,15,أَنْ,أن,إِلَّا,يَشَاءَ,HARF,HARF,HARF,Certificate,False,registry:plain:02_mabniyat/present_naseb_tools.json#1
6,81,3,مَا,ما,أَخَافُ,أَشْرَكْتُمْ,ISM_MAWSOOL,ISM_MAWSOOL,ISM_MAWSOOL|ISM_MABNI|HARF,Hypothesis,True,registry-exact-hypothesis:exact:02_mabniyat/relative_pronouns.json#13
6,81,10,مَا,ما,بِاللَّهِ,لَمْ,ISM_MAWSOOL,ISM_MAWSOOL,ISM_MAWSOOL|ISM_MABNI|HARF,Hypothesis,True,registry-exact-hypothesis:exact:02_mabniyat/relative_pronouns.json#13
6,81,20,إِنْ,إن,بِالْأَمْنِ,كُنْتُمْ,HARF,HARF,HARF,Certificate,False,registry:exact:02_mabniyat/conditional_letters_tools.json#1
6,83,9,مَنْ,من,دَرَجَاتٍ,نَشَاءُ,ISM_MAWSOOL,ISM_MAWSOOL,ISM_MAWSOOL|ISM_MABNI|HARF,Hypothesis,True,registry-exact-hypothesis:exact:02_mabniyat/relative_pronouns.json#3
6,83,11,إِنَّ,إن,نَشَاءُ,رَبَّكَ,HARF,HARF,HARF,Certificate,False,registry:exact:02_mabniyat/letters_answers.json#4
6,84,9,مِنْ,من,هَدَيْنَا,قَبْلُ,HARF,HARF,HARF,Hypothesis,True,registry-exact-hypothesis:exact:02_mabniyat/preposition_meanings.json#34
6,85,6,مِنَ,من,كُلٌّ,الصَّالِحِينَ,HARF,HARF,HARF,Hypothesis,True,registry-exact-hypothesis:exact:02_mabniyat/preposition_meanings.json#32
6,88,6,مَنْ,من,بِهِ,يَشَاءُ,ISM_MAWSOOL,ISM_MAWSOOL,ISM_MAWSOOL|ISM_MABNI|HARF,Hypothesis,True,registry-exact-hypothesis:exact:02_mabniyat/relative_pronouns.json#3
6,88,8,مِنْ,من,يَشَاءُ,عِبَادِهِ,HARF,HARF,HARF,Hypothesis,True,registry-exact-hypothesis:exact:02_mabniyat/preposition_meanings.json#34
6,88,14,مَا,ما,عَنْهُمْ,كَانُوا,ISM_MAWSOOL,ISM_MAWSOOL,ISM_MAWSOOL|ISM_MABNI|HARF,Hypothesis,True,registry-exact-hypothesis:exact:02_mabniyat/relative_pronouns.json#13
6,90,12,إِنْ,إن,أَجْرَاً,هُوَ,HARF,HARF,HARF,Certificate,False,registry:exact:02_mabniyat/conditional_letters_tools.json#1
6,90,14,إِلَّا,إلا,هُوَ,ذِكْرَى,HARF,HARF,,Certificate,False,MASAQ:106
6,91,8,مَا,ما,قَالُوا,أَنْزَلَ,HARF,ISM_MAWSOOL,ISM_MAWSOOL|ISM_MABNI|HARF,Hypothesis,True,registry-exact-hypothesis:exact:02_mabniyat/relative_pronouns.json#13
6,91,13,مِنْ,من,بَشَرٍ,شَيْءٍ,HARF,HARF,HARF,Hypothesis,True,registry-exact-hypothesis:exact:02_mabniyat/preposition_meanings.json#34
6,91,16,مَنْ,من,قُلْ,أَنْزَلَ,ISM_MAWSOOL,ISM_MAWSOOL,ISM_MAWSOOL|ISM_MABNI|HARF,Hypothesis,True,registry-exact-hypothesis:exact:02_mabniyat/relative_pronouns.json#3
6,91,32,مَا,ما,وَعُلِّمْتُمْ,لَمْ,ISM_MAWSOOL,ISM_MAWSOOL,ISM_MAWSOOL|ISM_MABNI|HARF,Hypothesis,True,registry-exact-hypothesis:exact:02_mabniyat/relative_pronouns.json#13
6,93,20,مَا,ما,مِثْلَ,أَنْزَلَ,ISM_MAWSOOL,ISM_MAWSOOL,ISM_MAWSOOL|ISM_MABNI|HARF,Hypothesis,True,registry-exact-hypothesis:exact:02_mabniyat/relative_pronouns.json#13
6,93,39,بِمَا,بما,الْهُونِ,كُنْتُمْ,ISM_MAWSOOL,ISM_MAWSOOL,ISM_MAWSOOL|ISM_MABNI|HARF,Certificate,True,MASAQ:48
6,93,44,غَيْرَ,غير,اللَّهِ,الْحَقِّ,ISM_MUARAB,ISM_MUARAB,,Certificate,False,MASAQ:870
6,94,9,مَا,ما,وَتَرَكْتُمْ,خَوَّلْنَاكُمْ,ISM_MAWSOOL,ISM_MAWSOOL,ISM_MAWSOOL|ISM_MABNI|HARF,Hypothesis,True,registry-exact-hypothesis:exact:02_mabniyat/relative_pronouns.json#13
6,94,27,مَا,ما,عَنْكُمْ,كُنْتُمْ,ISM_MAWSOOL,ISM_MAWSOOL,ISM_MAWSOOL|ISM_MABNI|HARF,Hypothesis,True,registry-exact-hypothesis:exact:02_mabniyat/relative_pronouns.json#13
6,95,1,إِنَّ,إن,,اللَّهَ,HARF,HARF,HARF,Certificate,False,registry:exact:02_mabniyat/letters_answers.json#4
6,95,8,مِنَ,من,الْحَيَّ,الْمَيِّتِ,HARF,HARF,HARF,Hypothesis,True,registry-exact-hypothesis:exact:02_mabniyat/preposition_meanings.json#32
6,95,12,مِنَ,من,الْمَيِّتِ,الْحَيِّ,HARF,HARF,HARF,Hypothesis,True,registry-exact-hypothesis:exact:02_mabniyat/preposition_meanings.json#32
6,98,4,مِنْ,من,أَنْشَأَكُمْ,نَفْسٍ,HARF,HARF,HARF,Hypothesis,True,registry-exact-hypothesis:exact:02_mabniyat/preposition_meanings.json#34
6,99,4,مِنَ,من,أَنْزَلَ,السَّمَاءِ,HARF,HARF,HARF,Hypothesis,True,registry-exact-hypothesis:exact:02_mabniyat/preposition_meanings.json#32
6,99,21,مِنْ,من,النَّخْلِ,طَلْعِهَا,HARF,HARF,HARF,Hypothesis,True,registry-exact-hypothesis:exact:02_mabniyat/preposition_meanings.json#34
6,99,26,مِنْ,من,وَجَنَّاتٍ,أَعْنَابٍ,HARF,HARF,HARF,Hypothesis,True,registry-exact-hypothesis:exact:02_mabniyat/preposition_meanings.json#34
6,99,39,إِنَّ,إن,وَيَنْعِهِ,فِي,HARF,HARF,HARF,Certificate,False,registry:exact:02_mabniyat/letters_answers.json#4
6,102,6,إِلَّا,إلا,إِلَهَ,هُوَ,HARF,HARF,,Certificate,False,MASAQ:106
6,104,4,مِنْ,من,بَصَائِرُ,رَبِّكُمْ,HARF,HARF,HARF,Hypothesis,True,registry-exact-hypothesis:exact:02_mabniyat/preposition_meanings.json#34
6,106,2,مَا,ما,اتَّبِعْ,أُوحِيَ,ISM_MAWSOOL,ISM_MAWSOOL,ISM_MAWSOOL|ISM_MABNI|HARF,Hypothesis,True,registry-exact-hypothesis:exact:02_mabniyat/relative_pronouns.json#13
6,106,5,مِنْ,من,إِلَيْكَ,رَبِّكَ,HARF,HARF,HARF,Hypothesis,True,registry-exact-hypothesis:exact:02_mabniyat/preposition_meanings.json#34
6,106,9,إِلَّا,إلا,إِلَهَ,هُوَ,HARF,HARF,,Certificate,False,MASAQ:106
6,107,4,مَا,ما,اللَّهُ,أَشْرَكُوا,HARF,ISM_MAWSOOL,ISM_MAWSOOL|ISM_MABNI|HARF,Hypothesis,True,registry-exact-hypothesis:exact:02_mabniyat/relative_pronouns.json#13
6,108,5,مِنْ,من,يَدْعُونَ,دُونِ,HARF,HARF,HARF,Hypothesis,True,registry-exact-hypothesis:exact:02_mabniyat/preposition_meanings.json#34
6,108,6,دُونِ,دون,مِنْ,اللَّهِ,ISM_MUARAB,ISM_MUARAB,,Certificate,False,MASAQ:310
6,108,23,بِمَا,بما,فَيُنَبِّئُهُمْ,كَانُوا,ISM_MAWSOOL,ISM_MAWSOOL,ISM_MAWSOOL|ISM_MABNI|HARF,Certificate,True,MASAQ:48
6,111,13,مَا,ما,قُبُلَاً,كَانُوا,HARF,ISM_MAWSOOL,ISM_MAWSOOL|ISM_MABNI|HARF,Hypothesis,True,registry-exact-hypothesis:exact:02_mabniyat/relative_pronouns.json#13
6,111,16,إِلَّا,إلا,لِيُؤْمِنُوا,أَنْ,HARF,HARF,,Certificate,False,MASAQ:106
6,111,17,أَنْ,أن,إِلَّا,يَشَاءَ,HARF,HARF,HARF,Certificate,False,registry:plain:02_mabniyat/present_naseb_tools.json#1
6,112,19,مَا,ما,رَبُّكَ,فَعَلُوهُ,HARF,ISM_MAWSOOL,ISM_MAWSOOL|ISM_MABNI|HARF,Hypothesis,True,registry-exact-hypothesis:exact:02_mabniyat/relative_pronouns.json#13
6,113,10,مَا,ما,وَلِيَقْتَرِفُوا,هُمْ,ISM_MAWSOOL,ISM_MAWSOOL,ISM_MAWSOOL|ISM_MABNI|HARF,Hypothesis,True,registry-exact-hypothesis:exact:02_mabniyat/relative_pronouns.json#13
6,114,17,مِنْ,من,مُنَزَّلٌ,رَبِّكَ,HARF,HARF,HARF,Hypothesis,True,registry-exact-hypothesis:exact:02_mabniyat/preposition_meanings.json#34
6,114,22,مِنَ,من,تَكُونَنَّ,الْمُمْتَرِينَ,HARF,HARF,HARF,Hypothesis,True,registry-exact-hypothesis:exact:02_mabniyat/preposition_meanings.json#32
6,116,4,مَنْ,من,أَكْثَرَ,فِي,ISM_MAWSOOL,ISM_MAWSOOL,ISM_MAWSOOL|ISM_MABNI|HARF,Hypothesis,True,registry-exact-hypothesis:exact:02_mabniyat/relative_pronouns.json#3
6,116,11,إِنْ,إن,اللَّهِ,يَتَّبِعُونَ,HARF,HARF,HARF,Certificate,False,registry:exact:02_mabniyat/conditional_letters_tools.json#1
6,116,13,إِلَّا,إلا,يَتَّبِعُونَ,الظَّنَّ,HARF,HARF,,Certificate,False,MASAQ:106
6,116,17,إِلَّا,إلا,هُمْ,يَخْرُصُونَ,HARF,HARF,,Certificate,False,MASAQ:106
6,117,1,إِنَّ,إن,,رَبَّكَ,HARF,HARF,HARF,Certificate,False,registry:exact:02_mabniyat/letters_answers.json#4
6,117,5,مَنْ,من,أَعْلَمُ,يَضِلُّ,ISM_MAWSOOL,ISM_MAWSOOL,ISM_MAWSOOL|ISM_MABNI|HARF,Hypothesis,True,registry-exact-hypothesis:exact:02_mabniyat/relative_pronouns.json#3
6,118,7,إِنْ,إن,عَلَيْهِ,كُنْتُمْ,HARF,HARF,HARF,Certificate,False,registry:exact:02_mabniyat/conditional_letters_tools.json#1
6,119,13,مَا,ما,لَكُمْ,حَرَّمَ,ISM_MAWSOOL,ISM_MAWSOOL,ISM_MAWSOOL|ISM_MABNI|HARF,Hypothesis,True,registry-exact-hypothesis:exact:02_mabniyat/relative_pronouns.json#13
6,119,16,إِلَّا,إلا,عَلَيْكُمْ,مَا,HARF,HARF,,Certificate,False,MASAQ:106
6,119,17,مَا,ما,إِلَّا,اضْطُرِرْتُمْ,ISM_MAWSOOL,ISM_MAWSOOL,ISM_MAWSOOL|ISM_MABNI|HARF,Hypothesis,True,registry-exact-hypothesis:exact:02_mabniyat/relative_pronouns.json#13
6,119,26,إِنَّ,إن,عِلْمٍ,رَبَّكَ,HARF,HARF,HARF,Certificate,False,registry:exact:02_mabniyat/letters_answers.json#4
6,120,5,إِنَّ,إن,وَبَاطِنَهُ,الَّذِينَ,HARF,HARF,HARF,Certificate,False,registry:exact:02_mabniyat/letters_answers.json#4
6,120,10,بِمَا,بما,سَيُجْزَوْنَ,كَانُوا,ISM_MAWSOOL,ISM_MAWSOOL,ISM_MAWSOOL|ISM_MABNI|HARF,Certificate,True,MASAQ:48
6,122,22,مَا,ما,لِلْكَافِرِينَ,كَانُوا,ISM_MAWSOOL,ISM_MAWSOOL,ISM_MAWSOOL|ISM_MABNI|HARF,Hypothesis,True,registry-exact-hypothesis:exact:02_mabniyat/relative_pronouns.json#13
6,123,12,إِلَّا,إلا,يَمْكُرُونَ,بِأَنْفُسِهِمْ,HARF,HARF,,Certificate,False,MASAQ:106
6,124,7,حَتَّى,حتى,نُؤْمِنَ,نُؤْتَى,HARF,HARF,HARF,Certificate,False,registry:exact:02_mabniyat/preposition_meanings.json#48
6,124,10,مَا,ما,مِثْلَ,أُوتِيَ,ISM_MAWSOOL,ISM_MAWSOOL,ISM_MAWSOOL|ISM_MABNI|HARF,Hypothesis,True,registry-exact-hypothesis:exact:02_mabniyat/relative_pronouns.json#13
6,124,27,بِمَا,بما,شَدِيدٌ,كَانُوا,ISM_MAWSOOL,ISM_MAWSOOL,ISM_MAWSOOL|ISM_MABNI|HARF,Certificate,True,MASAQ:48
6,125,4,أَنْ,أن,اللَّهُ,يَهْدِيَهُ,HARF,HARF,HARF,Certificate,False,registry:plain:02_mabniyat/present_naseb_tools.json#1
6,125,11,أَنْ,أن,يُرِدْ,يُضِلَّهُ,HARF,HARF,HARF,Certificate,False,registry:plain:02_mabniyat/present_naseb_tools.json#1
6,127,8,بِمَا,بما,وَلِيُّهُمْ,كَانُوا,ISM_MAWSOOL,ISM_MAWSOOL,ISM_MAWSOOL|ISM_MABNI|HARF,Certificate,True,MASAQ:48
6,128,8,مِنَ,من,اسْتَكْثَرْتُمْ,الْإِنْسِ,HARF,HARF,HARF,Hypothesis,True,registry-exact-hypothesis:exact:02_mabniyat/preposition_meanings.json#32
6,128,12,مِنَ,من,أَوْلِيَاؤُهُمْ,الْإِنْسِ,HARF,HARF,HARF,Hypothesis,True,registry-exact-hypothesis:exact:02_mabniyat/preposition_meanings.json#32
6,128,28,إِلَّا,إلا,فِيهَا,مَا,HARF,HARF,,Certificate,False,MASAQ:106
6,128,29,مَا,ما,إِلَّا,شَاءَ,ISM_MAWSOOL,ISM_MAWSOOL,ISM_MAWSOOL|ISM_MABNI|HARF,Hypothesis,True,registry-exact-hypothesis:exact:02_mabniyat/relative_pronouns.json#13
6,128,32,إِنَّ,إن,اللَّهُ,رَبَّكَ,HARF,HARF,HARF,Certificate,False,registry:exact:02_mabniyat/letters_answers.json#4
6,129,6,بِمَا,بما,بَعْضَاً,كَانُوا,ISM_MAWSOOL,ISM_MAWSOOL,ISM_MAWSOOL|ISM_MABNI|HARF,Certificate,True,MASAQ:48
6,131,2,أَنْ,أن,ذَلِكَ,لَمْ,HARF,HARF,HARF,Certificate,False,registry:plain:02_mabniyat/present_naseb_tools.json#1
6,133,5,إِنْ,إن,الرَّحْمَةِ,يَشَأْ,HARF,HARF,HARF,Certificate,False,registry:exact:02_mabniyat/conditional_letters_tools.json#1
6,133,9,مِنْ,من,وَيَسْتَخْلِفْ,بَعْدِكُمْ,HARF,HARF,HARF,Hypothesis,True,registry-exact-hypothesis:exact:02_mabniyat/preposition_meanings.json#34
6,133,11,مَا,ما,بَعْدِكُمْ,يَشَاءُ,ISM_MAWSOOL,ISM_MAWSOOL,ISM_MAWSOOL|ISM_MABNI|HARF,Hypothesis,True,registry-exact-hypothesis:exact:02_mabniyat/relative_pronouns.json#13
6,133,15,مِنْ,من,أَنْشَأَكُمْ,ذُرِّيَّةِ,HARF,HARF,HARF,Hypothesis,True,registry-exact-hypothesis:exact:02_mabniyat/preposition_meanings.json#34
6,134,1,إِنَّ,إن,,مَا,HARF,HARF,HARF,Certificate,False,registry:exact:02_mabniyat/letters_answers.json#4
6,134,2,مَا,ما,إِنَّ,تُوعَدُونَ,ISM_MAWSOOL,ISM_MAWSOOL,ISM_MAWSOOL|ISM_MABNI|HARF,Hypothesis,True,registry-exact-hypothesis:exact:02_mabniyat/relative_pronouns.json#13
6,135,10,مَنْ,من,تَعْلَمُونَ,تَكُونُ,ISM_MAWSOOL,ISM_MAWSOOL,ISM_MAWSOOL|ISM_MABNI|HARF,Hypothesis,True,registry-exact-hypothesis:exact:02_mabniyat/relative_pronouns.json#3
6,136,5,مِنَ,من,ذَرَأَ,الْحَرْثِ,HARF,HARF,HARF,Hypothesis,True,registry-exact-hypothesis:exact:02_mabniyat/preposition_meanings.json#32
6,136,30,مَا,ما,سَاءَ,يَحْكُمُونَ,ISM_MAWSOOL,ISM_MAWSOOL,ISM_MAWSOOL|ISM_MABNI|HARF,Hypothesis,True,registry-exact-hypothesis:exact:02_mabniyat/relative_pronouns.json#13
6,137,4,مِنَ,من,لِكَثِيرٍ,الْمُشْرِكِينَ,HARF,HARF,HARF,Hypothesis,True,registry-exact-hypothesis:exact:02_mabniyat/preposition_meanings.json#32
6,137,16,مَا,ما,اللَّهُ,فَعَلُوهُ,HARF,ISM_MAWSOOL,ISM_MAWSOOL|ISM_MABNI|HARF,Hypothesis,True,registry-exact-hypothesis:exact:02_mabniyat/relative_pronouns.json#13
6,138,8,إِلَّا,إلا,يَطْعَمُهَا,مَنْ,HARF,HARF,,Certificate,False,MASAQ:106
6,138,9,مَنْ,من,إِلَّا,نَشَاءُ,ISM_MAWSOOL,ISM_MAWSOOL,ISM_MAWSOOL|ISM_MABNI|HARF,Hypothesis,True,registry-exact-hypothesis:exact:02_mabniyat/relative_pronouns.json#3
6,138,24,بِمَا,بما,سَيَجْزِيهِمْ,كَانُوا,ISM_MAWSOOL,ISM_MAWSOOL,ISM_MAWSOOL|ISM_MABNI|HARF,Certificate,True,MASAQ:48
6,139,2,مَا,ما,وَقَالُوا,فِي,ISM_MAWSOOL,ISM_MAWSOOL,ISM_MAWSOOL|ISM_MABNI|HARF,Hypothesis,True,registry-exact-hypothesis:exact:02_mabniyat/relative_pronouns.json#13
6,140,10,مَا,ما,وَحَرَّمُوا,رَزَقَهُمُ,ISM_MAWSOOL,ISM_MAWSOOL,ISM_MAWSOOL|ISM_MABNI|HARF,Hypothesis,True,registry-exact-hypothesis:exact:02_mabniyat/relative_pronouns.json#13
6,141,18,مِنْ,من,كُلُوا,ثَمَرِهِ,HARF,HARF,HARF,Hypothesis,True,registry-exact-hypothesis:exact:02_mabniyat/preposition_meanings.json#34
6,143,3,مِنَ,من,أَزْوَاجٍ,الضَّأْنِ,HARF,HARF,HARF,Hypothesis,True,registry-exact-hypothesis:exact:02_mabniyat/preposition_meanings.json#32
6,143,21,إِنْ,إن,بِعِلْمٍ,كُنْتُمْ,HARF,HARF,HARF,Certificate,False,registry:exact:02_mabniyat/conditional_letters_tools.json#1
6,144,35,إِنَّ,إن,عِلْمٍ,اللَّهَ,HARF,HARF,HARF,Certificate,False,registry:exact:02_mabniyat/letters_answers.json#4
6,145,5,مَا,ما,فِي,أُوحِيَ,ISM_MAWSOOL,ISM_MAWSOOL,ISM_MAWSOOL|ISM_MABNI|HARF,Hypothesis,True,registry-exact-hypothesis:exact:02_mabniyat/relative_pronouns.json#13
6,145,12,إِلَّا,إلا,يَطْعَمُهُ,أَنْ,HARF,HARF,,Certificate,False,MASAQ:106
6,145,13,أَنْ,أن,إِلَّا,يَكُونَ,HARF,HARF,HARF,Certificate,False,registry:plain:02_mabniyat/present_naseb_tools.json#1
6,145,32,غَيْرَ,غير,اضْطُرَّ,بَاغٍ,ISM_MUARAB,ISM_MUARAB,,Certificate,False,MASAQ:870
6,146,14,إِلَّا,إلا,شُحُومَهُمَا,مَا,HARF,HARF,,Certificate,False,MASAQ:106
6,146,15,مَا,ما,إِلَّا,حَمَلَتْ,ISM_MAWSOOL,ISM_MAWSOOL,ISM_MAWSOOL|ISM_MABNI|HARF,Hypothesis,True,registry-exact-hypothesis:exact:02_mabniyat/relative_pronouns.json#13
6,146,21,مَا,ما,أَوْ,اخْتَلَطَ,ISM_MAWSOOL,ISM_MAWSOOL,ISM_MAWSOOL|ISM_MABNI|HARF,Hypothesis,True,registry-exact-hypothesis:exact:02_mabniyat/relative_pronouns.json#13
6,148,7,مَا,ما,اللَّهُ,أَشْرَكْنَا,HARF,ISM_MAWSOOL,ISM_MAWSOOL|ISM_MABNI|HARF,Hypothesis,True,registry-exact-hypothesis:exact:02_mabniyat/relative_pronouns.json#13
6,148,13,مِنْ,من,حَرَّمْنَا,شَيْءٍ,HARF,HARF,HARF,Hypothesis,True,registry-exact-hypothesis:exact:02_mabniyat/preposition_meanings.json#34
6,148,18,مِنْ,من,الَّذِينَ,قَبْلِهِمْ,HARF,HARF,HARF,Hypothesis,True,registry-exact-hypothesis:exact:02_mabniyat/preposition_meanings.json#34
6,148,20,حَتَّى,حتى,قَبْلِهِمْ,ذَاقُوا,HARF,HARF,HARF,Certificate,False,registry:exact:02_mabniyat/preposition_meanings.json#48
6,148,26,مِنْ,من,عِنْدَكُمْ,عِلْمٍ,HARF,HARF,HARF,Hypothesis,True,registry-exact-hypothesis:exact:02_mabniyat/preposition_meanings.json#34
6,148,30,إِنْ,إن,لَنَا,تَتَّبِعُونَ,HARF,HARF,HARF,Certificate,False,registry:exact:02_mabniyat/conditional_letters_tools.json#1
6,148,32,إِلَّا,إلا,تَتَّبِعُونَ,الظَّنَّ,HARF,HARF,,Certificate,False,MASAQ:106
6,148,36,إِلَّا,إلا,أَنْتُمْ,تَخْرُصُونَ,HARF,HARF,,Certificate,False,MASAQ:106
6,150,6,أَنَّ,أن,يَشْهَدُونَ,اللَّهَ,HARF,HARF,HARF,Certificate,False,registry:exact:02_mabniyat/copulative_particle.json#2
6,151,4,مَا,ما,أَتْلُ,حَرَّمَ,ISM_MAWSOOL,ISM_MAWSOOL,ISM_MAWSOOL|ISM_MABNI|HARF,Hypothesis,True,registry-exact-hypothesis:exact:02_mabniyat/relative_pronouns.json#13
6,151,17,مِنْ,من,أَوْلَادَكُمْ,إِمْلَاقٍ,HARF,HARF,HARF,Hypothesis,True,registry-exact-hypothesis:exact:02_mabniyat/preposition_meanings.json#34
6,151,25,مَا,ما,الْفَوَاحِشَ,ظَهَرَ,ISM_MAWSOOL,ISM_MAWSOOL,ISM_MAWSOOL|ISM_MABNI|HARF,Hypothesis,True,registry-exact-hypothesis:exact:02_mabniyat/relative_pronouns.json#13
6,151,36,إِلَّا,إلا,اللَّهُ,بِالْحَقِّ,HARF,HARF,,Certificate,False,MASAQ:106
6,152,5,إِلَّا,إلا,الْيَتِيمِ,بِالَّتِي,HARF,HARF,,Certificate,False,MASAQ:106
6,152,9,حَتَّى,حتى,أَحْسَنُ,يَبْلُغَ,HARF,HARF,HARF,Certificate,False,registry:exact:02_mabniyat/preposition_meanings.json#48
6,152,19,إِلَّا,إلا,نَفْسَاً,وُسْعَهَا,HARF,HARF,,Certificate,False,MASAQ:106
6,156,1,أَنْ,أن,,تَقُولُوا,HARF,HARF,HARF,Certificate,False,registry:plain:02_mabniyat/present_naseb_tools.json#1
6,156,8,مِنْ,من,طَائِفَتَيْنِ,قَبْلِنَا,HARF,HARF,HARF,Hypothesis,True,registry-exact-hypothesis:exact:02_mabniyat/preposition_meanings.json#34
6,157,14,مِنْ,من,بَيِّنَةٌ,رَبِّكُمْ,HARF,HARF,HARF,Hypothesis,True,registry-exact-hypothesis:exact:02_mabniyat/preposition_meanings.json#34
6,157,33,بِمَا,بما,الْعَذَابِ,كَانُوا,ISM_MAWSOOL,ISM_MAWSOOL,ISM_MAWSOOL|ISM_MABNI|HARF,Certificate,True,MASAQ:48
6,158,3,إِلَّا,إلا,يَنْظُرُونَ,أَنْ,HARF,HARF,,Certificate,False,MASAQ:106
6,158,4,أَنْ,أن,إِلَّا,تَأْتِيَهُمُ,HARF,HARF,HARF,Certificate,False,registry:plain:02_mabniyat/present_naseb_tools.json#1
6,158,27,مِنْ,من,آمَنَتْ,قَبْلُ,HARF,HARF,HARF,Hypothesis,True,registry-exact-hypothesis:exact:02_mabniyat/preposition_meanings.json#34
6,159,1,إِنَّ,إن,,الَّذِينَ,HARF,HARF,HARF,Certificate,False,registry:exact:02_mabniyat/letters_answers.json#4
6,159,17,بِمَا,بما,يُنَبِّئُهُمْ,كَانُوا,ISM_MAWSOOL,ISM_MAWSOOL,ISM_MAWSOOL|ISM_MABNI|HARF,Certificate,True,MASAQ:48
6,160,1,مَنْ,من,,جَاءَ,ISM_MAWSOOL,ISM_MAWSOOL,ISM_MAWSOOL|ISM_MABNI|HARF,Hypothesis,True,registry-exact-hypothesis:exact:02_mabniyat/relative_pronouns.json#3
6,160,12,إِلَّا,إلا,يُجْزَى,مِثْلَهَا,HARF,HARF,,Certificate,False,MASAQ:106
6,161,15,مِنَ,من,كَانَ,الْمُشْرِكِينَ,HARF,HARF,HARF,Hypothesis,True,registry-exact-hypothesis:exact:02_mabniyat/preposition_meanings.json#32
6,162,2,إِنَّ,إن,قُلْ,صَلَاتِي,HARF,HARF,HARF,Certificate,False,registry:exact:02_mabniyat/letters_answers.json#4
6,164,14,إِلَّا,إلا,نَفْسٍ,عَلَيْهَا,HARF,HARF,,Certificate,False,MASAQ:106
6,164,26,بِمَا,بما,فَيُنَبِّئُكُمْ,كُنْتُمْ,ISM_MAWSOOL,ISM_MAWSOOL,ISM_MAWSOOL|ISM_MABNI|HARF,Certificate,True,MASAQ:48
6,165,13,مَا,ما,فِي,آتَاكُمْ,ISM_MAWSOOL,ISM_MAWSOOL,ISM_MAWSOOL|ISM_MABNI|HARF,Hypothesis,True,registry-exact-hypothesis:exact:02_mabniyat/relative_pronouns.json#13
6,165,15,إِنَّ,إن,آتَاكُمْ,رَبَّكَ,HARF,HARF,HARF,Certificate,False,registry:exact:02_mabniyat/letters_answers.json#4
7,3,2,مَا,ما,اتَّبِعُوا,أُنْزِلَ,ISM_MAWSOOL,ISM_MAWSOOL,ISM_MAWSOOL|ISM_MABNI|HARF,Hypothesis,True,registry-exact-hypothesis:exact:02_mabniyat/relative_pronouns.json#13
7,3,5,مِنْ,من,إِلَيْكُمْ,رَبِّكُمْ,HARF,HARF,HARF,Hypothesis,True,registry-exact-hypothesis:exact:02_mabniyat/preposition_meanings.json#34
7,3,9,مِنْ,من,تَتَّبِعُوا,دُونِهِ,HARF,HARF,HARF,Hypothesis,True,registry-exact-hypothesis:exact:02_mabniyat/preposition_meanings.json#34
7,4,2,مِنْ,من,وَكَمْ,قَرْيَةٍ,HARF,HARF,HARF,Hypothesis,True,registry-exact-hypothesis:exact:02_mabniyat/preposition_meanings.json#34
7,5,7,إِلَّا,إلا,بَأْسُنَا,أَنْ,HARF,HARF,,Certificate,False,MASAQ:106
7,5,8,أَنْ,أن,إِلَّا,قَالُوا,HARF,HARF,HARF,Certificate,False,registry:plain:02_mabniyat/present_naseb_tools.json#1
7,9,8,بِمَا,بما,أَنْفُسَهُمْ,كَانُوا,ISM_MAWSOOL,ISM_MAWSOOL,ISM_MAWSOOL|ISM_MABNI|HARF,Certificate,True,MASAQ:48
7,11,11,إِلَّا,إلا,فَسَجَدُوا,إِبْلِيسَ,HARF,HARF,,Certificate,False,MASAQ:106
7,11,15,مِنَ,من,يَكُنْ,السَّاجِدِينَ,HARF,HARF,HARF,Hypothesis,True,registry-exact-hypothesis:exact:02_mabniyat/preposition_meanings.json#32
7,12,13,مِنْ,من,خَلَقْتَنِي,نَارٍ,HARF,HARF,HARF,Hypothesis,True,registry-exact-hypothesis:exact:02_mabniyat/preposition_meanings.json#34
7,12,16,مِنْ,من,وَخَلَقْتَهُ,طِينٍ,HARF,HARF,HARF,Hypothesis,True,registry-exact-hypothesis:exact:02_mabniyat/preposition_meanings.json#34
7,13,7,أَنْ,أن,لَكَ,تَتَكَبَّرَ,HARF,HARF,HARF,Certificate,False,registry:plain:02_mabniyat/present_naseb_tools.json#1
7,13,12,مِنَ,من,إِنَّكَ,الصَّاغِرِينَ,HARF,HARF,HARF,Hypothesis,True,registry-exact-hypothesis:exact:02_mabniyat/preposition_meanings.json#32
7,15,3,مِنَ,من,إِنَّكَ,الْمُنْظَرِينَ,HARF,HARF,HARF,Hypothesis,True,registry-exact-hypothesis:exact:02_mabniyat/preposition_meanings.json#32
7,17,3,مِنْ,من,لَآتِيَنَّهُمْ,بَيْنِ,HARF,HARF,HARF,Hypothesis,True,registry-exact-hypothesis:exact:02_mabniyat/preposition_meanings.json#34
7,19,7,مِنْ,من,فَكُلَا,حَيْثُ,HARF,HARF,HARF,Hypothesis,True,registry-exact-hypothesis:exact:02_mabniyat/preposition_meanings.json#34
7,19,15,مِنَ,من,فَتَكُونَا,الظَّالِمِينَ,HARF,HARF,HARF,Hypothesis,True,registry-exact-hypothesis:exact:02_mabniyat/preposition_meanings.json#32
7,20,6,مَا,ما,لَهُمَا,وُورِيَ,ISM_MAWSOOL,ISM_MAWSOOL,ISM_MAWSOOL|ISM_MABNI|HARF,Hypothesis,True,registry-exact-hypothesis:exact:02_mabniyat/relative_pronouns.json#13
7,20,9,مِنْ,من,عَنْهُمَا,سَوْآتِهِمَا,HARF,HARF,HARF,Hypothesis,True,registry-exact-hypothesis:exact:02_mabniyat/preposition_meanings.json#34
7,20,12,مَا,ما,وَقَالَ,نَهَاكُمَا,HARF,ISM_MAWSOOL,ISM_MAWSOOL|ISM_MABNI|HARF,Hypothesis,True,registry-exact-hypothesis:exact:02_mabniyat/relative_pronouns.json#13
7,20,18,إِلَّا,إلا,الشَّجَرَةِ,أَنْ,HARF,HARF,,Certificate,False,MASAQ:106
7,20,19,أَنْ,أن,إِلَّا,تَكُونَا,HARF,HARF,HARF,Certificate,False,registry:plain:02_mabniyat/present_naseb_tools.json#1
7,20,24,مِنَ,من,تَكُونَا,الْخَالِدِينَ,HARF,HARF,HARF,Hypothesis,True,registry-exact-hypothesis:exact:02_mabniyat/preposition_meanings.json#32
7,22,12,مِنْ,من,عَلَيْهِمَا,وَرَقِ,HARF,HARF,HARF,Hypothesis,True,registry-exact-hypothesis:exact:02_mabniyat/preposition_meanings.json#34
7,22,24,إِنَّ,إن,لَكُمَا,الشَّيْطَانَ,HARF,HARF,HARF,Certificate,False,registry:exact:02_mabniyat/letters_answers.json#4
7,23,11,مِنَ,من,لَنَكُونَنَّ,الْخَاسِرِينَ,HARF,HARF,HARF,Hypothesis,True,registry-exact-hypothesis:exact:02_mabniyat/preposition_meanings.json#32
7,26,15,مِنْ,من,ذَلِكَ,آيَاتِ,HARF,HARF,HARF,Hypothesis,True,registry-exact-hypothesis:exact:02_mabniyat/preposition_meanings.json#34
7,27,9,مِنَ,من,أَبَوَيْكُمْ,الْجَنَّةِ,HARF,HARF,HARF,Hypothesis,True,registry-exact-hypothesis:exact:02_mabniyat/preposition_meanings.json#32
7,27,20,مِنْ,من,وَقَبِيلُهُ,حَيْثُ,HARF,HARF,HARF,Hypothesis,True,registry-exact-hypothesis:exact:02_mabniyat/preposition_meanings.json#34
7,28,12,إِنَّ,إن,قُلْ,اللَّهَ,HARF,HARF,HARF,Certificate,False,registry:exact:02_mabniyat/letters_answers.json#4
7,28,20,مَا,ما,اللَّهِ,لَا,ISM_MAWSOOL,ISM_MAWSOOL,ISM_MAWSOOL|ISM_MABNI|HARF,Hypothesis,True,registry-exact-hypothesis:exact:02_mabniyat/relative_pronouns.json#13
7,30,11,مِنْ,من,أَوْلِيَاءَ,دُونِ,HARF,HARF,HARF,Hypothesis,True,registry-exact-hypothesis:exact:02_mabniyat/preposition_meanings.json#34
7,30,12,دُونِ,دون,مِنْ,اللَّهِ,ISM_MUARAB,ISM_MUARAB,,Certificate,False,MASAQ:310
7,32,2,مَنْ,من,قُلْ,حَرَّمَ,ISM_MAWSOOL,ISM_MAWSOOL,ISM_MAWSOOL|ISM_MABNI|HARF,Hypothesis,True,registry-exact-hypothesis:exact:02_mabniyat/relative_pronouns.json#3
7,32,10,مِنَ,من,وَالطَّيِّبَاتِ,الرِّزْقِ,HARF,HARF,HARF,Hypothesis,True,registry-exact-hypothesis:exact:02_mabniyat/preposition_meanings.json#32
7,33,6,مَا,ما,الْفَوَاحِشَ,ظَهَرَ,ISM_MAWSOOL,ISM_MAWSOOL,ISM_MAWSOOL|ISM_MABNI|HARF,Hypothesis,True,registry-exact-hypothesis:exact:02_mabniyat/relative_pronouns.json#13
7,33,18,مَا,ما,بِاللَّهِ,لَمْ,ISM_MAWSOOL,ISM_MAWSOOL,ISM_MAWSOOL|ISM_MABNI|HARF,Hypothesis,True,registry-exact-hypothesis:exact:02_mabniyat/relative_pronouns.json#13
7,33,27,مَا,ما,اللَّهِ,لَا,ISM_MAWSOOL,ISM_MAWSOOL,ISM_MAWSOOL|ISM_MABNI|HARF,Hypothesis,True,registry-exact-hypothesis:exact:02_mabniyat/relative_pronouns.json#13
7,37,14,مِنَ,من,نَصِيبُهُمْ,الْكِتَابِ,HARF,HARF,HARF,Hypothesis,True,registry-exact-hypothesis:exact:02_mabniyat/preposition_meanings.json#32
7,37,16,حَتَّى,حتى,الْكِتَابِ,إِذَا,HARF,HARF,HARF,Certificate,False,registry:exact:02_mabniyat/preposition_meanings.json#48
7,37,23,مَا,ما,أَيْنَ,كُنْتُمْ,ISM_MAWSOOL,ISM_MAWSOOL,ISM_MAWSOOL|ISM_MABNI|HARF,Hypothesis,True,registry-exact-hypothesis:exact:02_mabniyat/relative_pronouns.json#13
7,37,26,مِنْ,من,تَدْعُونَ,دُونِ,HARF,HARF,HARF,Hypothesis,True,registry-exact-hypothesis:exact:02_mabniyat/preposition_meanings.json#34
7,37,27,دُونِ,دون,مِنْ,اللَّهِ,ISM_MUARAB,ISM_MUARAB,,Certificate,False,MASAQ:310
7,38,7,مِنْ,من,خَلَتْ,قَبْلِكُمْ,HARF,HARF,HARF,Hypothesis,True,registry-exact-hypothesis:exact:02_mabniyat/preposition_meanings.json#34
7,38,9,مِنَ,من,قَبْلِكُمْ,الْجِنِّ,HARF,HARF,HARF,Hypothesis,True,registry-exact-hypothesis:exact:02_mabniyat/preposition_meanings.json#32
7,38,19,حَتَّى,حتى,أُخْتَهَا,إِذَا,HARF,HARF,HARF,Certificate,False,registry:exact:02_mabniyat/preposition_meanings.json#48
7,38,33,مِنَ,من,ضِعْفَاً,النَّارِ,HARF,HARF,HARF,Hypothesis,True,registry-exact-hypothesis:exact:02_mabniyat/preposition_meanings.json#32
7,39,8,مِنْ,من,عَلَيْنَا,فَضْلٍ,HARF,HARF,HARF,Hypothesis,True,registry-exact-hypothesis:exact:02_mabniyat/preposition_meanings.json#34
7,39,12,بِمَا,بما,الْعَذَابَ,كُنْتُمْ,ISM_MAWSOOL,ISM_MAWSOOL,ISM_MAWSOOL|ISM_MABNI|HARF,Certificate,True,MASAQ:48
7,40,1,إِنَّ,إن,,الَّذِينَ,HARF,HARF,HARF,Certificate,False,registry:exact:02_mabniyat/letters_answers.json#4
7,40,15,حَتَّى,حتى,الْجَنَّةَ,يَلِجَ,HARF,HARF,HARF,Certificate,False,registry:exact:02_mabniyat/preposition_meanings.json#48
7,41,2,مِنْ,من,لَهُمْ,جَهَنَّمَ,HARF,HARF,HARF,Hypothesis,True,registry-exact-hypothesis:exact:02_mabniyat/preposition_meanings.json#34
7,42,8,إِلَّا,إلا,نَفْسَاً,وُسْعَهَا,HARF,HARF,,Certificate,False,MASAQ:106
7,43,2,مَا,ما,وَنَزَعْنَا,فِي,ISM_MAWSOOL,ISM_MAWSOOL,ISM_MAWSOOL|ISM_MABNI|HARF,Hypothesis,True,registry-exact-hypothesis:exact:02_mabniyat/relative_pronouns.json#13
7,43,5,مِنْ,من,صُدُورِهِمْ,غِلٍّ,HARF,HARF,HARF,Hypothesis,True,registry-exact-hypothesis:exact:02_mabniyat/preposition_meanings.json#34
7,43,8,مِنْ,من,تَجْرِي,تَحْتِهِمُ,HARF,HARF,HARF,Hypothesis,True,registry-exact-hypothesis:exact:02_mabniyat/preposition_meanings.json#34
7,43,21,أَنْ,أن,لَوْلَا,هَدَانَا,HARF,HARF,HARF,Certificate,False,registry:plain:02_mabniyat/present_naseb_tools.json#1
7,43,30,أَنْ,أن,وَنُودُوا,تِلْكُمُ,HARF,HARF,HARF,Certificate,False,registry:plain:02_mabniyat/present_naseb_tools.json#1
7,43,34,بِمَا,بما,أُورِثْتُمُوهَا,كُنْتُمْ,ISM_MAWSOOL,ISM_MAWSOOL,ISM_MAWSOOL|ISM_MABNI|HARF,Certificate,True,MASAQ:48
7,44,6,أَنْ,أن,النَّارِ,قَدْ,HARF,HARF,HARF,Certificate,False,registry:plain:02_mabniyat/present_naseb_tools.json#1
7,44,9,مَا,ما,وَجَدْنَا,وَعَدَنَا,ISM_MAWSOOL,ISM_MAWSOOL,ISM_MAWSOOL|ISM_MABNI|HARF,Hypothesis,True,registry-exact-hypothesis:exact:02_mabniyat/relative_pronouns.json#13
7,44,15,مَا,ما,وَجَدْتُمْ,وَعَدَ,ISM_MAWSOOL,ISM_MAWSOOL,ISM_MAWSOOL|ISM_MABNI|HARF,Hypothesis,True,registry-exact-hypothesis:exact:02_mabniyat/relative_pronouns.json#13
7,44,24,أَنْ,أن,بَيْنَهُمْ,لَعْنَةُ,HARF,HARF,HARF,Certificate,False,registry:plain:02_mabniyat/present_naseb_tools.json#1
7,46,12,أَنْ,أن,الْجَنَّةِ,سَلَامٌ,HARF,HARF,HARF,Certificate,False,registry:plain:02_mabniyat/present_naseb_tools.json#1
7,48,8,مَا,ما,قَالُوا,أَغْنَى,HARF,ISM_MAWSOOL,ISM_MAWSOOL|ISM_MABNI|HARF,Hypothesis,True,registry-exact-hypothesis:exact:02_mabniyat/relative_pronouns.json#13
7,50,6,أَنْ,أن,الْجَنَّةِ,أَفِيضُوا,HARF,HARF,HARF,Certificate,False,registry:plain:02_mabniyat/present_naseb_tools.json#1
7,50,9,مِنَ,من,عَلَيْنَا,الْمَاءِ,HARF,HARF,HARF,Hypothesis,True,registry-exact-hypothesis:exact:02_mabniyat/preposition_meanings.json#32
7,50,16,إِنَّ,إن,قَالُوا,اللَّهَ,HARF,HARF,HARF,Certificate,False,registry:exact:02_mabniyat/letters_answers.json#4
7,53,3,إِلَّا,إلا,يَنْظُرُونَ,تَأْوِيلَهُ,HARF,HARF,,Certificate,False,MASAQ:106
7,53,11,مِنْ,من,نَسُوهُ,قَبْلُ,HARF,HARF,HARF,Hypothesis,True,registry-exact-hypothesis:exact:02_mabniyat/preposition_meanings.json#34
7,53,20,مِنْ,من,لَنَا,شُفَعَاءَ,HARF,HARF,HARF,Hypothesis,True,registry-exact-hypothesis:exact:02_mabniyat/preposition_meanings.json#34
7,53,27,غَيْرَ,غير,فَنَعْمَلَ,الَّذِي,ISM_MUARAB,ISM_MUARAB,,Certificate,False,MASAQ:870
7,53,36,مَا,ما,عَنْهُمْ,كَانُوا,ISM_MAWSOOL,ISM_MAWSOOL,ISM_MAWSOOL|ISM_MABNI|HARF,Hypothesis,True,registry-exact-hypothesis:exact:02_mabniyat/relative_pronouns.json#13
7,54,1,إِنَّ,إن,,رَبَّكُمُ,HARF,HARF,HARF,Certificate,False,registry:exact:02_mabniyat/letters_answers.json#4
7,56,10,إِنَّ,إن,وَطَمَعَاً,رَحْمَتَ,HARF,HARF,HARF,Certificate,False,registry:exact:02_mabniyat/letters_answers.json#4
7,56,14,مِنَ,من,قَرِيبٌ,الْمُحْسِنِينَ,HARF,HARF,HARF,Hypothesis,True,registry-exact-hypothesis:exact:02_mabniyat/preposition_meanings.json#32
7,57,9,حَتَّى,حتى,رَحْمَتِهِ,إِذَا,HARF,HARF,HARF,Certificate,False,registry:exact:02_mabniyat/preposition_meanings.json#48
7,57,22,مِنْ,من,بِهِ,كُلِّ,HARF,HARF,HARF,Hypothesis,True,registry-exact-hypothesis:exact:02_mabniyat/preposition_meanings.json#34
7,58,11,إِلَّا,إلا,يَخْرُجُ,نَكِدَاً,HARF,HARF,,Certificate,False,MASAQ:106
7,59,10,مَا,ما,اللَّهَ,لَكُمْ,HARF,ISM_MAWSOOL,ISM_MAWSOOL|ISM_MABNI|HARF,Hypothesis,True,registry-exact-hypothesis:exact:02_mabniyat/relative_pronouns.json#13
7,59,12,مِنْ,من,لَكُمْ,إِلَهٍ,HARF,HARF,HARF,Hypothesis,True,registry-exact-hypothesis:exact:02_mabniyat/preposition_meanings.json#34
7,60,3,مِنْ,من,الْمَلَأُ,قَوْمِهِ,HARF,HARF,HARF,Hypothesis,True,registry-exact-hypothesis:exact:02_mabniyat/preposition_meanings.json#34
7,61,9,مِنْ,من,رَسُولٌ,رَبِّ,HARF,HARF,HARF,Hypothesis,True,registry-exact-hypothesis:exact:02_mabniyat/preposition_meanings.json#34
7,62,7,مِنَ,من,وَأَعْلَمُ,اللَّهِ,HARF,HARF,HARF,Hypothesis,True,registry-exact-hypothesis:exact:02_mabniyat/preposition_meanings.json#32
7,62,9,مَا,ما,اللَّهِ,لَا,ISM_MAWSOOL,ISM_MAWSOOL,ISM_MAWSOOL|ISM_MABNI|HARF,Hypothesis,True,registry-exact-hypothesis:exact:02_mabniyat/relative_pronouns.json#13
7,63,2,أَنْ,أن,أَوَعَجِبْتُمْ,جَاءَكُمْ,HARF,HARF,HARF,Certificate,False,registry:plain:02_mabniyat/present_naseb_tools.json#1
7,63,5,مِنْ,من,ذِكْرٌ,رَبِّكُمْ,HARF,HARF,HARF,Hypothesis,True,registry-exact-hypothesis:exact:02_mabniyat/preposition_meanings.json#34
7,65,9,مَا,ما,اللَّهَ,لَكُمْ,HARF,ISM_MAWSOOL,ISM_MAWSOOL|ISM_MABNI|HARF,Hypothesis,True,registry-exact-hypothesis:exact:02_mabniyat/relative_pronouns.json#13
7,65,11,مِنْ,من,لَكُمْ,إِلَهٍ,HARF,HARF,HARF,Hypothesis,True,registry-exact-hypothesis:exact:02_mabniyat/preposition_meanings.json#34
7,66,5,مِنْ,من,كَفَرُوا,قَوْمِهِ,HARF,HARF,HARF,Hypothesis,True,registry-exact-hypothesis:exact:02_mabniyat/preposition_meanings.json#34
7,66,13,مِنَ,من,لَنَظُنُّكَ,الْكَاذِبِينَ,HARF,HARF,HARF,Hypothesis,True,registry-exact-hypothesis:exact:02_mabniyat/preposition_meanings.json#32
7,67,8,مِنْ,من,رَسُولٌ,رَبِّ,HARF,HARF,HARF,Hypothesis,True,registry-exact-hypothesis:exact:02_mabniyat/preposition_meanings.json#34
7,69,2,أَنْ,أن,أَوَعَجِبْتُمْ,جَاءَكُمْ,HARF,HARF,HARF,Certificate,False,registry:plain:02_mabniyat/present_naseb_tools.json#1
7,69,5,مِنْ,من,ذِكْرٌ,رَبِّكُمْ,HARF,HARF,HARF,Hypothesis,True,registry-exact-hypothesis:exact:02_mabniyat/preposition_meanings.json#34
7,69,15,مِنْ,من,خُلَفَاءَ,بَعْدِ,HARF,HARF,HARF,Hypothesis,True,registry-exact-hypothesis:exact:02_mabniyat/preposition_meanings.json#34
7,70,7,مَا,ما,وَنَذَرَ,كَانَ,ISM_MAWSOOL,ISM_MAWSOOL,ISM_MAWSOOL|ISM_MABNI|HARF,Hypothesis,True,registry-exact-hypothesis:exact:02_mabniyat/relative_pronouns.json#13
7,70,12,بِمَا,بما,فَأْتِنَا,تَعِدُنَا,ISM_MAWSOOL,ISM_MAWSOOL,ISM_MAWSOOL|ISM_MABNI|HARF,Certificate,True,MASAQ:48
7,70,14,إِنْ,إن,تَعِدُنَا,كُنْتَ,HARF,HARF,HARF,Certificate,False,registry:exact:02_mabniyat/conditional_letters_tools.json#1
7,70,16,مِنَ,من,كُنْتَ,الصَّادِقِينَ,HARF,HARF,HARF,Hypothesis,True,registry-exact-hypothesis:exact:02_mabniyat/preposition_meanings.json#32
7,71,5,مِنْ,من,عَلَيْكُمْ,رَبِّكُمْ,HARF,HARF,HARF,Hypothesis,True,registry-exact-hypothesis:exact:02_mabniyat/preposition_meanings.json#34
7,71,15,مَا,ما,وَآبَاؤُكُمْ,نَزَّلَ,HARF,ISM_MAWSOOL,ISM_MAWSOOL|ISM_MABNI|HARF,Hypothesis,True,registry-exact-hypothesis:exact:02_mabniyat/relative_pronouns.json#13
7,71,19,مِنْ,من,بِهَا,سُلْطَانٍ,HARF,HARF,HARF,Hypothesis,True,registry-exact-hypothesis:exact:02_mabniyat/preposition_meanings.json#34
7,71,24,مِنَ,من,مَعَكُمْ,الْمُنْتَظِرِينَ,HARF,HARF,HARF,Hypothesis,True,registry-exact-hypothesis:exact:02_mabniyat/preposition_meanings.json#32
7,73,9,مَا,ما,اللَّهَ,لَكُمْ,HARF,ISM_MAWSOOL,ISM_MAWSOOL|ISM_MABNI|HARF,Hypothesis,True,registry-exact-hypothesis:exact:02_mabniyat/relative_pronouns.json#13
7,73,11,مِنْ,من,لَكُمْ,إِلَهٍ,HARF,HARF,HARF,Hypothesis,True,registry-exact-hypothesis:exact:02_mabniyat/preposition_meanings.json#34
7,73,17,مِنْ,من,بَيِّنَةٌ,رَبِّكُمْ,HARF,HARF,HARF,Hypothesis,True,registry-exact-hypothesis:exact:02_mabniyat/preposition_meanings.json#34
7,74,5,مِنْ,من,خُلَفَاءَ,بَعْدِ,HARF,HARF,HARF,Hypothesis,True,registry-exact-hypothesis:exact:02_mabniyat/preposition_meanings.json#34
7,74,12,مِنْ,من,تَتَّخِذُونَ,سُهُولِهَا,HARF,HARF,HARF,Hypothesis,True,registry-exact-hypothesis:exact:02_mabniyat/preposition_meanings.json#34
7,75,5,مِنْ,من,اسْتَكْبَرُوا,قَوْمِهِ,HARF,HARF,HARF,Hypothesis,True,registry-exact-hypothesis:exact:02_mabniyat/preposition_meanings.json#34
7,75,13,أَنَّ,أن,أَتَعْلَمُونَ,صَالِحَاً,HARF,HARF,HARF,Certificate,False,registry:exact:02_mabniyat/copulative_particle.json#2
7,75,16,مِنْ,من,مُرْسَلٌ,رَبِّهِ,HARF,HARF,HARF,Hypothesis,True,registry-exact-hypothesis:exact:02_mabniyat/preposition_meanings.json#34
7,75,20,بِمَا,بما,إِنَّا,أُرْسِلَ,ISM_MAWSOOL,ISM_MAWSOOL,ISM_MAWSOOL|ISM_MABNI|HARF,Certificate,True,MASAQ:48
7,77,10,بِمَا,بما,ائْتِنَا,تَعِدُنَا,ISM_MAWSOOL,ISM_MAWSOOL,ISM_MAWSOOL|ISM_MABNI|HARF,Certificate,True,MASAQ:48
7,77,12,إِنْ,إن,تَعِدُنَا,كُنْتَ,HARF,HARF,HARF,Certificate,False,registry:exact:02_mabniyat/conditional_letters_tools.json#1
7,77,14,مِنَ,من,كُنْتَ,الْمُرْسَلِينَ,HARF,HARF,HARF,Hypothesis,True,registry-exact-hypothesis:exact:02_mabniyat/preposition_meanings.json#32
7,80,7,مَا,ما,الْفَاحِشَةَ,سَبَقَكُمْ,HARF,ISM_MAWSOOL,ISM_MAWSOOL|ISM_MABNI|HARF,Hypothesis,True,registry-exact-hypothesis:exact:02_mabniyat/relative_pronouns.json#13
7,80,10,مِنْ,من,بِهَا,أَحَدٍ,HARF,HARF,HARF,Hypothesis,True,registry-exact-hypothesis:exact:02_mabniyat/preposition_meanings.json#34
7,80,12,مِنَ,من,أَحَدٍ,الْعَالَمِينَ,HARF,HARF,HARF,Hypothesis,True,registry-exact-hypothesis:exact:02_mabniyat/preposition_meanings.json#32
7,81,5,مِنْ,من,شَهْوَةً,دُونِ,HARF,HARF,HARF,Hypothesis,True,registry-exact-hypothesis:exact:02_mabniyat/preposition_meanings.json#34
7,81,6,دُونِ,دون,مِنْ,النِّسَاءِ,ISM_MUARAB,ISM_MUARAB,,Certificate,False,MASAQ:310
7,82,5,إِلَّا,إلا,قَوْمِهِ,أَنْ,HARF,HARF,,Certificate,False,MASAQ:106
7,82,6,أَنْ,أن,إِلَّا,قَالُوا,HARF,HARF,HARF,Certificate,False,registry:plain:02_mabniyat/present_naseb_tools.json#1
7,82,9,مِنْ,من,أَخْرِجُوهُمْ,قَرْيَتِكُمْ,HARF,HARF,HARF,Hypothesis,True,registry-exact-hypothesis:exact:02_mabniyat/preposition_meanings.json#34
7,83,3,إِلَّا,إلا,وَأَهْلَهُ,امْرَأَتَهُ,HARF,HARF,,Certificate,False,MASAQ:106
7,83,6,مِنَ,من,كَانَتْ,الْغَابِرِينَ,HARF,HARF,HARF,Hypothesis,True,registry-exact-hypothesis:exact:02_mabniyat/preposition_meanings.json#32
7,85,9,مَا,ما,اللَّهَ,لَكُمْ,HARF,ISM_MAWSOOL,ISM_MAWSOOL|ISM_MABNI|HARF,Hypothesis,True,registry-exact-hypothesis:exact:02_mabniyat/relative_pronouns.json#13
7,85,11,مِنْ,من,لَكُمْ,إِلَهٍ,HARF,HARF,HARF,Hypothesis,True,registry-exact-hypothesis:exact:02_mabniyat/preposition_meanings.json#34
7,85,17,مِنْ,من,بَيِّنَةٌ,رَبِّكُمْ,HARF,HARF,HARF,Hypothesis,True,registry-exact-hypothesis:exact:02_mabniyat/preposition_meanings.json#34
7,85,35,إِنْ,إن,لَكُمْ,كُنْتُمْ,HARF,HARF,HARF,Certificate,False,registry:exact:02_mabniyat/conditional_letters_tools.json#1
7,86,10,مَنْ,من,اللَّهِ,آمَنَ,ISM_MAWSOOL,ISM_MAWSOOL,ISM_MAWSOOL|ISM_MABNI|HARF,Hypothesis,True,registry-exact-hypothesis:exact:02_mabniyat/relative_pronouns.json#3
7,87,13,حَتَّى,حتى,فَاصْبِرُوا,يَحْكُمَ,HARF,HARF,HARF,Certificate,False,registry:exact:02_mabniyat/preposition_meanings.json#48
7,88,5,مِنْ,من,اسْتَكْبَرُوا,قَوْمِهِ,HARF,HARF,HARF,Hypothesis,True,registry-exact-hypothesis:exact:02_mabniyat/preposition_meanings.json#34
7,88,12,مِنْ,من,مَعَكَ,قَرْيَتِنَا,HARF,HARF,HARF,Hypothesis,True,registry-exact-hypothesis:exact:02_mabniyat/preposition_meanings.json#34
7,89,6,إِنْ,إن,كَذِبَاً,عُدْنَا,HARF,HARF,HARF,Certificate,False,registry:exact:02_mabniyat/conditional_letters_tools.json#1
7,89,18,أَنْ,أن,لَنَا,نَعُودَ,HARF,HARF,HARF,Certificate,False,registry:plain:02_mabniyat/present_naseb_tools.json#1
7,89,21,إِلَّا,إلا,فِيهَا,أَنْ,HARF,HARF,,Certificate,False,MASAQ:106
7,89,22,أَنْ,أن,إِلَّا,يَشَاءَ,HARF,HARF,HARF,Certificate,False,registry:plain:02_mabniyat/present_naseb_tools.json#1
7,90,5,مِنْ,من,كَفَرُوا,قَوْمِهِ,HARF,HARF,HARF,Hypothesis,True,registry-exact-hypothesis:exact:02_mabniyat/preposition_meanings.json#34
7,94,5,مِنْ,من,قَرْيَةٍ,نَبِيٍّ,HARF,HARF,HARF,Hypothesis,True,registry-exact-hypothesis:exact:02_mabniyat/preposition_meanings.json#34
7,94,7,إِلَّا,إلا,نَبِيٍّ,أَخَذْنَا,HARF,HARF,,Certificate,False,MASAQ:106
7,95,6,حَتَّى,حتى,الْحَسَنَةَ,عَفَوْا,HARF,HARF,HARF,Certificate,False,registry:exact:02_mabniyat/preposition_meanings.json#48
7,96,2,أَنَّ,أن,وَلَوْ,أَهْلَ,HARF,HARF,HARF,Certificate,False,registry:exact:02_mabniyat/copulative_particle.json#2
7,96,10,مِنَ,من,بَرَكَاتٍ,السَّمَاءِ,HARF,HARF,HARF,Hypothesis,True,registry-exact-hypothesis:exact:02_mabniyat/preposition_meanings.json#32
7,96,16,بِمَا,بما,فَأَخَذْنَاهُمْ,كَانُوا,ISM_MAWSOOL,ISM_MAWSOOL,ISM_MAWSOOL|ISM_MABNI|HARF,Certificate,True,MASAQ:48
7,97,4,أَنْ,أن,الْقُرَى,يَأْتِيَهُمْ,HARF,HARF,HARF,Certificate,False,registry:plain:02_mabniyat/present_naseb_tools.json#1
7,98,4,أَنْ,أن,الْقُرَى,يَأْتِيَهُمْ,HARF,HARF,HARF,Certificate,False,registry:plain:02_mabniyat/present_naseb_tools.json#1
7,99,8,إِلَّا,إلا,اللَّهِ,الْقَوْمُ,HARF,HARF,,Certificate,False,MASAQ:106
7,100,6,مِنْ,من,الْأَرْضَ,بَعْدِ,HARF,HARF,HARF,Hypothesis,True,registry-exact-hypothesis:exact:02_mabniyat/preposition_meanings.json#34
7,100,9,أَنْ,أن,أَهْلِهَا,لَوْ,HARF,HARF,HARF,Certificate,False,registry:plain:02_mabniyat/present_naseb_tools.json#1
7,101,5,مِنْ,من,عَلَيْكَ,أَنْبَائِهَا,HARF,HARF,HARF,Hypothesis,True,registry-exact-hypothesis:exact:02_mabniyat/preposition_meanings.json#34
7,101,14,بِمَا,بما,لِيُؤْمِنُوا,كَذَّبُوا,ISM_MAWSOOL,ISM_MAWSOOL,ISM_MAWSOOL|ISM_MABNI|HARF,Certificate,True,MASAQ:48
7,101,16,مِنْ,من,كَذَّبُوا,قَبْلُ,HARF,HARF,HARF,Hypothesis,True,registry-exact-hypothesis:exact:02_mabniyat/preposition_meanings.json#34
7,102,4,مِنْ,من,لِأَكْثَرِهِمْ,عَهْدٍ,HARF,HARF,HARF,Hypothesis,True,registry-exact-hypothesis:exact:02_mabniyat/preposition_meanings.json#34
7,103,3,مِنْ,من,بَعَثْنَا,بَعْدِهِمْ,HARF,HARF,HARF,Hypothesis,True,registry-exact-hypothesis:exact:02_mabniyat/preposition_meanings.json#34
7,104,6,مِنْ,من,رَسُولٌ,رَبِّ,HARF,HARF,HARF,Hypothesis,True,registry-exact-hypothesis:exact:02_mabniyat/preposition_meanings.json#34
7,105,3,أَنْ,أن,عَلَى,لَا,HARF,HARF,HARF,Certificate,False,registry:plain:02_mabniyat/present_naseb_tools.json#1
7,105,8,إِلَّا,إلا,اللَّهِ,الْحَقَّ,HARF,HARF,,Certificate,False,MASAQ:106
7,105,13,مِنْ,من,بِبَيِّنَةٍ,رَبِّكُمْ,HARF,HARF,HARF,Hypothesis,True,registry-exact-hypothesis:exact:02_mabniyat/preposition_meanings.json#34
7,106,2,إِنْ,إن,قَالَ,كُنْتَ,HARF,HARF,HARF,Certificate,False,registry:exact:02_mabniyat/conditional_letters_tools.json#1
7,106,8,إِنْ,إن,بِهَا,كُنْتَ,HARF,HARF,HARF,Certificate,False,registry:exact:02_mabniyat/conditional_letters_tools.json#1
7,106,10,مِنَ,من,كُنْتَ,الصَّادِقِينَ,HARF,HARF,HARF,Hypothesis,True,registry-exact-hypothesis:exact:02_mabniyat/preposition_meanings.json#32
7,109,3,مِنْ,من,الْمَلَأُ,قَوْمِ,HARF,HARF,HARF,Hypothesis,True,registry-exact-hypothesis:exact:02_mabniyat/preposition_meanings.json#34
7,109,6,إِنَّ,إن,فِرْعَوْنَ,هَذَا,HARF,HARF,HARF,Certificate,False,registry:exact:02_mabniyat/letters_answers.json#4
7,110,2,أَنْ,أن,يُرِيدُ,يُخْرِجَكُمْ,HARF,HARF,HARF,Certificate,False,registry:plain:02_mabniyat/present_naseb_tools.json#1
7,110,4,مِنْ,من,يُخْرِجَكُمْ,أَرْضِكُمْ,HARF,HARF,HARF,Hypothesis,True,registry-exact-hypothesis:exact:02_mabniyat/preposition_meanings.json#34
7,113,5,إِنَّ,إن,قَالُوا,لَنَا,HARF,HARF,HARF,Certificate,False,registry:exact:02_mabniyat/letters_answers.json#4
7,113,8,إِنْ,إن,لَأَجْرَاً,كُنَّا,HARF,HARF,HARF,Certificate,False,registry:exact:02_mabniyat/conditional_letters_tools.json#1
7,115,4,أَنْ,أن,إِمَّا,تُلْقِيَ,HARF,HARF,HARF,Certificate,False,registry:plain:02_mabniyat/present_naseb_tools.json#1
7,115,7,أَنْ,أن,وَإِمَّا,نَكُونَ,HARF,HARF,HARF,Certificate,False,registry:plain:02_mabniyat/present_naseb_tools.json#1
7,117,4,أَنْ,أن,مُوسَى,أَلْقِ,HARF,HARF,HARF,Certificate,False,registry:plain:02_mabniyat/present_naseb_tools.json#1
7,117,10,مَا,ما,تَلْقَفُ,يَأْفِكُونَ,ISM_MAWSOOL,ISM_MAWSOOL,ISM_MAWSOOL|ISM_MABNI|HARF,Hypothesis,True,registry-exact-hypothesis:exact:02_mabniyat/relative_pronouns.json#13
7,118,4,مَا,ما,وَبَطَلَ,كَانُوا,ISM_MAWSOOL,ISM_MAWSOOL,ISM_MAWSOOL|ISM_MABNI|HARF,Hypothesis,True,registry-exact-hypothesis:exact:02_mabniyat/relative_pronouns.json#13
7,123,6,أَنْ,أن,قَبْلَ,آذَنَ,HARF,HARF,HARF,Certificate,False,registry:plain:02_mabniyat/present_naseb_tools.json#1
7,123,9,إِنَّ,إن,لَكُمْ,هَذَا,HARF,HARF,HARF,Certificate,False,registry:exact:02_mabniyat/letters_answers.json#4
7,124,4,مِنْ,من,وَأَرْجُلَكُمْ,خِلَافٍ,HARF,HARF,HARF,Hypothesis,True,registry-exact-hypothesis:exact:02_mabniyat/preposition_meanings.json#34
7,126,4,إِلَّا,إلا,مِنَّا,أَنْ,HARF,HARF,,Certificate,False,MASAQ:106
7,126,5,أَنْ,أن,إِلَّا,آمَنَّا,HARF,HARF,HARF,Certificate,False,registry:plain:02_mabniyat/present_naseb_tools.json#1
7,127,3,مِنْ,من,الْمَلَأُ,قَوْمِ,HARF,HARF,HARF,Hypothesis,True,registry-exact-hypothesis:exact:02_mabniyat/preposition_meanings.json#34
7,128,7,إِنَّ,إن,وَاصْبِرُوا,الْأَرْضَ,HARF,HARF,HARF,Certificate,False,registry:exact:02_mabniyat/letters_answers.json#4
7,128,11,مَنْ,من,يُورِثُهَا,يَشَاءُ,ISM_MAWSOOL,ISM_MAWSOOL,ISM_MAWSOOL|ISM_MABNI|HARF,Hypothesis,True,registry-exact-hypothesis:exact:02_mabniyat/relative_pronouns.json#3
7,128,13,مِنْ,من,يَشَاءُ,عِبَادِهِ,HARF,HARF,HARF,Hypothesis,True,registry-exact-hypothesis:exact:02_mabniyat/preposition_meanings.json#34
7,129,3,مِنْ,من,أُوذِينَا,قَبْلِ,HARF,HARF,HARF,Hypothesis,True,registry-exact-hypothesis:exact:02_mabniyat/preposition_meanings.json#34
7,129,5,أَنْ,أن,قَبْلِ,تَأْتِيَنَا,HARF,HARF,HARF,Certificate,False,registry:plain:02_mabniyat/present_naseb_tools.json#1
7,129,14,أَنْ,أن,رَبُّكُمْ,يُهْلِكَ,HARF,HARF,HARF,Certificate,False,registry:plain:02_mabniyat/present_naseb_tools.json#1
7,130,7,مِنَ,من,وَنَقْصٍ,الثَّمَرَاتِ,HARF,HARF,HARF,Hypothesis,True,registry-exact-hypothesis:exact:02_mabniyat/preposition_meanings.json#32
7,132,5,مِنْ,من,بِهِ,آيَةٍ,HARF,HARF,HARF,Hypothesis,True,registry-exact-hypothesis:exact:02_mabniyat/preposition_meanings.json#34
7,134,10,بِمَا,بما,رَبَّكَ,عَهِدَ,ISM_MAWSOOL,ISM_MAWSOOL,ISM_MAWSOOL|ISM_MABNI|HARF,Certificate,True,MASAQ:48
7,137,19,بِمَا,بما,إِسْرَائِيلَ,صَبَرُوا,ISM_MAWSOOL,ISM_MAWSOOL,ISM_MAWSOOL|ISM_MABNI|HARF,Certificate,True,MASAQ:48
7,137,22,مَا,ما,وَدَمَّرْنَا,كَانَ,ISM_MAWSOOL,ISM_MAWSOOL,ISM_MAWSOOL|ISM_MABNI|HARF,Hypothesis,True,registry-exact-hypothesis:exact:02_mabniyat/relative_pronouns.json#13
7,139,1,إِنَّ,إن,,هَؤُلَاءِ,HARF,HARF,HARF,Certificate,False,registry:exact:02_mabniyat/letters_answers.json#4
7,139,4,مَا,ما,مُتَبَّرٌ,هُمْ,ISM_MAWSOOL,ISM_MAWSOOL,ISM_MAWSOOL|ISM_MABNI|HARF,Hypothesis,True,registry-exact-hypothesis:exact:02_mabniyat/relative_pronouns.json#13
7,139,8,مَا,ما,وَبَاطِلٌ,كَانُوا,ISM_MAWSOOL,ISM_MAWSOOL,ISM_MAWSOOL|ISM_MABNI|HARF,Hypothesis,True,registry-exact-hypothesis:exact:02_mabniyat/relative_pronouns.json#13
7,141,3,مِنْ,من,أَنْجَيْنَاكُمْ,آلِ,HARF,HARF,HARF,Hypothesis,True,registry-exact-hypothesis:exact:02_mabniyat/preposition_meanings.json#34
7,141,16,مِنْ,من,بَلَاءٌ,رَبِّكُمْ,HARF,HARF,HARF,Hypothesis,True,registry-exact-hypothesis:exact:02_mabniyat/preposition_meanings.json#34
7,144,10,مَا,ما,فَخُذْ,آتَيْتُكَ,ISM_MAWSOOL,ISM_MAWSOOL,ISM_MAWSOOL|ISM_MABNI|HARF,Hypothesis,True,registry-exact-hypothesis:exact:02_mabniyat/relative_pronouns.json#13
7,144,13,مِنَ,من,وَكُنْ,الشَّاكِرِينَ,HARF,HARF,HARF,Hypothesis,True,registry-exact-hypothesis:exact:02_mabniyat/preposition_meanings.json#32
7,145,5,مِنْ,من,الْأَلْوَاحِ,كُلِّ,HARF,HARF,HARF,Hypothesis,True,registry-exact-hypothesis:exact:02_mabniyat/preposition_meanings.json#34
7,147,10,إِلَّا,إلا,يُجْزَوْنَ,مَا,HARF,HARF,,Certificate,False,MASAQ:106
7,147,11,مَا,ما,إِلَّا,كَانُوا,ISM_MAWSOOL,ISM_MAWSOOL,ISM_MAWSOOL|ISM_MABNI|HARF,Hypothesis,True,registry-exact-hypothesis:exact:02_mabniyat/relative_pronouns.json#13
7,148,4,مِنْ,من,مُوسَى,بَعْدِهِ,HARF,HARF,HARF,Hypothesis,True,registry-exact-hypothesis:exact:02_mabniyat/preposition_meanings.json#34
7,148,6,مِنْ,من,بَعْدِهِ,حُلِيِّهِمْ,HARF,HARF,HARF,Hypothesis,True,registry-exact-hypothesis:exact:02_mabniyat/preposition_meanings.json#34
7,149,17,مِنَ,من,لَنَكُونَنَّ,الْخَاسِرِينَ,HARF,HARF,HARF,Hypothesis,True,registry-exact-hypothesis:exact:02_mabniyat/preposition_meanings.json#32
7,150,11,مِنْ,من,خَلَفْتُمُونِي,بَعْدِي,HARF,HARF,HARF,Hypothesis,True,registry-exact-hypothesis:exact:02_mabniyat/preposition_meanings.json#34
7,150,26,إِنَّ,إن,أُمَّ,الْقَوْمَ,HARF,HARF,HARF,Certificate,False,registry:exact:02_mabniyat/letters_answers.json#4
7,152,1,إِنَّ,إن,,الَّذِينَ,HARF,HARF,HARF,Certificate,False,registry:exact:02_mabniyat/letters_answers.json#4
7,152,7,مِنْ,من,غَضَبٌ,رَبِّهِمْ,HARF,HARF,HARF,Hypothesis,True,registry-exact-hypothesis:exact:02_mabniyat/preposition_meanings.json#34
7,153,6,مِنْ,من,تَابُوا,بَعْدِهَا,HARF,HARF,HARF,Hypothesis,True,registry-exact-hypothesis:exact:02_mabniyat/preposition_meanings.json#34
7,153,9,إِنَّ,إن,وَآمَنُوا,رَبَّكَ,HARF,HARF,HARF,Certificate,False,registry:exact:02_mabniyat/letters_answers.json#4
7,153,11,مِنْ,من,رَبَّكَ,بَعْدِهَا,HARF,HARF,HARF,Hypothesis,True,registry-exact-hypothesis:exact:02_mabniyat/preposition_meanings.json#34
7,155,15,مِنْ,من,أَهْلَكْتَهُمْ,قَبْلُ,HARF,HARF,HARF,Hypothesis,True,registry-exact-hypothesis:exact:02_mabniyat/preposition_meanings.json#34
7,155,19,بِمَا,بما,أَتُهْلِكُنَا,فَعَلَ,ISM_MAWSOOL,ISM_MAWSOOL,ISM_MAWSOOL|ISM_MABNI|HARF,Certificate,True,MASAQ:48
7,155,23,إِنْ,إن,مِنَّا,هِيَ,HARF,HARF,HARF,Certificate,False,registry:exact:02_mabniyat/conditional_letters_tools.json#1
7,155,25,إِلَّا,إلا,هِيَ,فِتْنَتُكَ,HARF,HARF,,Certificate,False,MASAQ:106
7,155,29,مَنْ,من,بِهَا,تَشَاءُ,ISM_MAWSOOL,ISM_MAWSOOL,ISM_MAWSOOL|ISM_MABNI|HARF,Hypothesis,True,registry-exact-hypothesis:exact:02_mabniyat/relative_pronouns.json#3
7,155,32,مَنْ,من,وَتَهْدِي,تَشَاءُ,ISM_MAWSOOL,ISM_MAWSOOL,ISM_MAWSOOL|ISM_MABNI|HARF,Hypothesis,True,registry-exact-hypothesis:exact:02_mabniyat/relative_pronouns.json#3
7,156,16,مَنْ,من,بِهِ,أَشَاءُ,ISM_MAWSOOL,ISM_MAWSOOL,ISM_MAWSOOL|ISM_MABNI|HARF,Hypothesis,True,registry-exact-hypothesis:exact:02_mabniyat/relative_pronouns.json#3
7,158,16,إِلَّا,إلا,إِلَهَ,هُوَ,HARF,HARF,,Certificate,False,MASAQ:106
7,160,12,أَنِ,أن,قَوْمُهُ,اضْرِبْ,HARF,HARF,HARF,Certificate,False,registry:plain:02_mabniyat/present_naseb_tools.json#1
7,160,34,مِنْ,من,كُلُوا,طَيِّبَاتِ,HARF,HARF,HARF,Hypothesis,True,registry-exact-hypothesis:exact:02_mabniyat/preposition_meanings.json#34
7,160,36,مَا,ما,طَيِّبَاتِ,رَزَقْنَاكُمْ,ISM_MAWSOOL,ISM_MAWSOOL,ISM_MAWSOOL|ISM_MABNI|HARF,Hypothesis,True,registry-exact-hypothesis:exact:02_mabniyat/relative_pronouns.json#13
7,162,6,غَيْرَ,غير,قَوْلَاً,الَّذِي,ISM_MUARAB,ISM_MUARAB,,Certificate,False,MASAQ:870
7,162,13,مِنَ,من,رِجْزَاً,السَّمَاءِ,HARF,HARF,HARF,Hypothesis,True,registry-exact-hypothesis:exact:02_mabniyat/preposition_meanings.json#32
7,162,15,بِمَا,بما,السَّمَاءِ,كَانُوا,ISM_MAWSOOL,ISM_MAWSOOL,ISM_MAWSOOL|ISM_MABNI|HARF,Certificate,True,MASAQ:48
7,163,25,بِمَا,بما,نَبْلُوهُمْ,كَانُوا,ISM_MAWSOOL,ISM_MAWSOOL,ISM_MAWSOOL|ISM_MABNI|HARF,Certificate,True,MASAQ:48
7,165,3,مَا,ما,نَسُوا,ذُكِّرُوا,ISM_MAWSOOL,ISM_MAWSOOL,ISM_MAWSOOL|ISM_MABNI|HARF,Hypothesis,True,registry-exact-hypothesis:exact:02_mabniyat/relative_pronouns.json#13
7,165,16,بِمَا,بما,بَئِيسٍ,كَانُوا,ISM_MAWSOOL,ISM_MAWSOOL,ISM_MAWSOOL|ISM_MABNI|HARF,Certificate,True,MASAQ:48
7,166,4,مَا,ما,عَنْ,نُهُوا,ISM_MAWSOOL,ISM_MAWSOOL,ISM_MAWSOOL|ISM_MABNI|HARF,Hypothesis,True,registry-exact-hypothesis:exact:02_mabniyat/relative_pronouns.json#13
7,167,9,مَنْ,من,الْقِيَامَةِ,يَسُومُهُمْ,ISM_MAWSOOL,ISM_MAWSOOL,ISM_MAWSOOL|ISM_MABNI|HARF,Hypothesis,True,registry-exact-hypothesis:exact:02_mabniyat/relative_pronouns.json#3
7,167,13,إِنَّ,إن,الْعَذَابِ,رَبَّكَ,HARF,HARF,HARF,Certificate,False,registry:exact:02_mabniyat/letters_answers.json#4
7,168,8,دُونَ,دون,وَمِنْهُمْ,ذَلِكَ,ISM_MUARAB,ISM_MUARAB,,Certificate,False,MASAQ:10836
7,169,2,مِنْ,من,فَخَلَفَ,بَعْدِهِمْ,HARF,HARF,HARF,Hypothesis,True,registry-exact-hypothesis:exact:02_mabniyat/preposition_meanings.json#34
7,169,24,أَنْ,أن,الْكِتَابِ,لَا,HARF,HARF,HARF,Certificate,False,registry:plain:02_mabniyat/present_naseb_tools.json#1
7,169,29,إِلَّا,إلا,اللَّهِ,الْحَقَّ,HARF,HARF,,Certificate,False,MASAQ:106
7,169,32,مَا,ما,وَدَرَسُوا,فِيهِ,ISM_MAWSOOL,ISM_MAWSOOL,ISM_MAWSOOL|ISM_MABNI|HARF,Hypothesis,True,registry-exact-hypothesis:exact:02_mabniyat/relative_pronouns.json#13
7,171,12,مَا,ما,خُذُوا,آتَيْنَاكُمْ,ISM_MAWSOOL,ISM_MAWSOOL,ISM_MAWSOOL|ISM_MABNI|HARF,Hypothesis,True,registry-exact-hypothesis:exact:02_mabniyat/relative_pronouns.json#13
7,171,16,مَا,ما,وَاذْكُرُوا,فِيهِ,ISM_MAWSOOL,ISM_MAWSOOL,ISM_MAWSOOL|ISM_MABNI|HARF,Hypothesis,True,registry-exact-hypothesis:exact:02_mabniyat/relative_pronouns.json#13
7,172,4,مِنْ,من,رَبُّكَ,بَنِي,HARF,HARF,HARF,Hypothesis,True,registry-exact-hypothesis:exact:02_mabniyat/preposition_meanings.json#34
7,172,7,مِنْ,من,آدَمَ,ظُهُورِهِمْ,HARF,HARF,HARF,Hypothesis,True,registry-exact-hypothesis:exact:02_mabniyat/preposition_meanings.json#34
7,172,18,أَنْ,أن,شَهِدْنَا,تَقُولُوا,HARF,HARF,HARF,Certificate,False,registry:plain:02_mabniyat/present_naseb_tools.json#1
7,173,6,مِنْ,من,آبَاؤُنَا,قَبْلُ,HARF,HARF,HARF,Hypothesis,True,registry-exact-hypothesis:exact:02_mabniyat/preposition_meanings.json#34
7,173,10,مِنْ,من,ذُرِّيَّةً,بَعْدِهِمْ,HARF,HARF,HARF,Hypothesis,True,registry-exact-hypothesis:exact:02_mabniyat/preposition_meanings.json#34
7,173,13,بِمَا,بما,أَفَتُهْلِكُنَا,فَعَلَ,ISM_MAWSOOL,ISM_MAWSOOL,ISM_MAWSOOL|ISM_MABNI|HARF,Certificate,True,MASAQ:48
7,175,12,مِنَ,من,فَكَانَ,الْغَاوِينَ,HARF,HARF,HARF,Hypothesis,True,registry-exact-hypothesis:exact:02_mabniyat/preposition_meanings.json#32
7,176,14,إِنْ,إن,الْكَلْبِ,تَحْمِلْ,HARF,HARF,HARF,Certificate,False,registry:exact:02_mabniyat/conditional_letters_tools.json#1
7,178,1,مَنْ,من,,يَهْدِ,ISM_MAWSOOL,ISM_MAWSOOL,ISM_MAWSOOL|ISM_MABNI|HARF,Hypothesis,True,registry-exact-hypothesis:exact:02_mabniyat/relative_pronouns.json#3
7,179,5,مِنَ,من,كَثِيرَاً,الْجِنِّ,HARF,HARF,HARF,Hypothesis,True,registry-exact-hypothesis:exact:02_mabniyat/preposition_meanings.json#32
7,180,12,مَا,ما,سَيُجْزَوْنَ,كَانُوا,ISM_MAWSOOL,ISM_MAWSOOL,ISM_MAWSOOL|ISM_MABNI|HARF,Hypothesis,True,registry-exact-hypothesis:exact:02_mabniyat/relative_pronouns.json#13
7,182,5,مِنْ,من,سَنَسْتَدْرِجُهُمْ,حَيْثُ,HARF,HARF,HARF,Hypothesis,True,registry-exact-hypothesis:exact:02_mabniyat/preposition_meanings.json#34
7,183,3,إِنَّ,إن,لَهُمْ,كَيْدِي,HARF,HARF,HARF,Certificate,False,registry:exact:02_mabniyat/letters_answers.json#4
7,184,3,مَا,ما,يَتَفَكَّرُوا,بِصَاحِبِهِمْ,HARF,ISM_MAWSOOL,ISM_MAWSOOL|ISM_MABNI|HARF,Hypothesis,True,registry-exact-hypothesis:exact:02_mabniyat/relative_pronouns.json#13
7,184,5,مِنْ,من,بِصَاحِبِهِمْ,جِنَّةٍ,HARF,HARF,HARF,Hypothesis,True,registry-exact-hypothesis:exact:02_mabniyat/preposition_meanings.json#34
7,184,7,إِنْ,إن,جِنَّةٍ,هُوَ,HARF,HARF,HARF,Certificate,False,registry:exact:02_mabniyat/conditional_letters_tools.json#1
7,184,9,إِلَّا,إلا,هُوَ,نَذِيرٌ,HARF,HARF,,Certificate,False,MASAQ:106
7,185,10,مِنْ,من,اللَّهُ,شَيْءٍ,HARF,HARF,HARF,Hypothesis,True,registry-exact-hypothesis:exact:02_mabniyat/preposition_meanings.json#34
7,185,14,أَنْ,أن,عَسَى,يَكُونَ,HARF,HARF,HARF,Certificate,False,registry:plain:02_mabniyat/present_naseb_tools.json#1
7,186,1,مَنْ,من,,يُضْلِلِ,HARF,ISM_MAWSOOL,ISM_MAWSOOL|ISM_MABNI|HARF,Hypothesis,True,registry-exact-hypothesis:exact:02_mabniyat/relative_pronouns.json#3
7,187,14,إِلَّا,إلا,لِوَقْتِهَا,هُوَ,HARF,HARF,,Certificate,False,MASAQ:106
7,187,22,إِلَّا,إلا,تَأْتِيكُمْ,بَغْتَةً,HARF,HARF,,Certificate,False,MASAQ:106
7,188,8,إِلَّا,إلا,ضَرَّاً,مَا,HARF,HARF,,Certificate,False,MASAQ:106
7,188,9,مَا,ما,إِلَّا,شَاءَ,ISM_MAWSOOL,ISM_MAWSOOL,ISM_MAWSOOL|ISM_MABNI|HARF,Hypothesis,True,registry-exact-hypothesis:exact:02_mabniyat/relative_pronouns.json#13
7,188,17,مِنَ,من,لَاسْتَكْثَرْتُ,الْخَيْرِ,HARF,HARF,HARF,Hypothesis,True,registry-exact-hypothesis:exact:02_mabniyat/preposition_meanings.json#32
7,188,22,إِنْ,إن,السُّوءُ,أَنَا,HARF,HARF,HARF,Certificate,False,registry:exact:02_mabniyat/conditional_letters_tools.json#1
7,188,24,إِلَّا,إلا,أَنَا,نَذِيرٌ,HARF,HARF,,Certificate,False,MASAQ:106
7,189,4,مِنْ,من,خَلَقَكُمْ,نَفْسٍ,HARF,HARF,HARF,Hypothesis,True,registry-exact-hypothesis:exact:02_mabniyat/preposition_meanings.json#34
7,189,28,مِنَ,من,لَنَكُونَنَّ,الشَّاكِرِينَ,HARF,HARF,HARF,Hypothesis,True,registry-exact-hypothesis:exact:02_mabniyat/preposition_meanings.json#32
7,191,2,مَا,ما,أَيُشْرِكُونَ,لَا,ISM_MAWSOOL,ISM_MAWSOOL,ISM_MAWSOOL|ISM_MABNI|HARF,Hypothesis,True,registry-exact-hypothesis:exact:02_mabniyat/relative_pronouns.json#13
7,194,1,إِنَّ,إن,,الَّذِينَ,HARF,HARF,HARF,Certificate,False,registry:exact:02_mabniyat/letters_answers.json#4
7,194,4,مِنْ,من,تَدْعُونَ,دُونِ,HARF,HARF,HARF,Hypothesis,True,registry-exact-hypothesis:exact:02_mabniyat/preposition_meanings.json#34
7,194,5,دُونِ,دون,مِنْ,اللَّهِ,ISM_MUARAB,ISM_MUARAB,,Certificate,False,MASAQ:310
7,194,12,إِنْ,إن,لَكُمْ,كُنْتُمْ,HARF,HARF,HARF,Certificate,False,registry:exact:02_mabniyat/conditional_letters_tools.json#1
7,196,1,إِنَّ,إن,,وَلِيِّيَ,HARF,HARF,HARF,Certificate,False,registry:exact:02_mabniyat/letters_answers.json#4
7,197,3,مِنْ,من,تَدْعُونَ,دُونِهِ,HARF,HARF,HARF,Hypothesis,True,registry-exact-hypothesis:exact:02_mabniyat/preposition_meanings.json#34
7,200,3,مِنَ,من,يَنْزَغَنَّكَ,الشَّيْطَانِ,HARF,HARF,HARF,Hypothesis,True,registry-exact-hypothesis:exact:02_mabniyat/preposition_meanings.json#32
7,201,1,إِنَّ,إن,,الَّذِينَ,HARF,HARF,HARF,Certificate,False,registry:exact:02_mabniyat/letters_answers.json#4
7,201,7,مِنَ,من,طَائِفٌ,الشَّيْطَانِ,HARF,HARF,HARF,Hypothesis,True,registry-exact-hypothesis:exact:02_mabniyat/preposition_meanings.json#32
7,203,11,مَا,ما,أَتَّبِعُ,يُوحَى,ISM_MAWSOOL,ISM_MAWSOOL,ISM_MAWSOOL|ISM_MABNI|HARF,Hypothesis,True,registry-exact-hypothesis:exact:02_mabniyat/relative_pronouns.json#13
7,203,14,مِنْ,من,إِلَيَّ,رَبِّي,HARF,HARF,HARF,Hypothesis,True,registry-exact-hypothesis:exact:02_mabniyat/preposition_meanings.json#34
7,203,18,مِنْ,من,بَصَائِرُ,رَبِّكُمْ,HARF,HARF,HARF,Hypothesis,True,registry-exact-hypothesis:exact:02_mabniyat/preposition_meanings.json#34
7,205,9,مِنَ,من,الْجَهْرِ,الْقَوْلِ,HARF,HARF,HARF,Hypothesis,True,registry-exact-hypothesis:exact:02_mabniyat/preposition_meanings.json#32
7,205,15,مِنَ,من,تَكُنْ,الْغَافِلِينَ,HARF,HARF,HARF,Hypothesis,True,registry-exact-hypothesis:exact:02_mabniyat/preposition_meanings.json#32
7,206,1,إِنَّ,إن,,الَّذِينَ,HARF,HARF,HARF,Certificate,False,registry:exact:02_mabniyat/letters_answers.json#4
8,1,16,إِنْ,إن,وَرَسُولَهُ,كُنْتُمْ,HARF,HARF,HARF,Certificate,False,registry:exact:02_mabniyat/conditional_letters_tools.json#1
8,5,4,مِنْ,من,رَبُّكَ,بَيْتِكَ,HARF,HARF,HARF,Hypothesis,True,registry-exact-hypothesis:exact:02_mabniyat/preposition_meanings.json#34
8,5,9,مِنَ,من,فَرِيقَاً,الْمُؤْمِنِينَ,HARF,HARF,HARF,Hypothesis,True,registry-exact-hypothesis:exact:02_mabniyat/preposition_meanings.json#32
8,7,9,أَنَّ,أن,وَتَوَدُّونَ,غَيْرَ,HARF,HARF,HARF,Certificate,False,registry:exact:02_mabniyat/copulative_particle.json#2
8,7,10,غَيْرَ,غير,أَنَّ,ذَاتِ,ISM_MUARAB,ISM_MUARAB,,Certificate,False,MASAQ:870
8,7,17,أَنْ,أن,اللَّهُ,يُحِقَّ,HARF,HARF,HARF,Certificate,False,registry:plain:02_mabniyat/present_naseb_tools.json#1
8,9,9,مِنَ,من,بِأَلْفٍ,الْمَلَائِكَةِ,HARF,HARF,HARF,Hypothesis,True,registry-exact-hypothesis:exact:02_mabniyat/preposition_meanings.json#32
8,10,4,إِلَّا,إلا,اللَّهُ,بُشْرَى,HARF,HARF,,Certificate,False,MASAQ:106
8,10,11,إِلَّا,إلا,النَّصْرُ,مِنْ,HARF,HARF,,Certificate,False,MASAQ:106
8,10,12,مِنْ,من,إِلَّا,عِنْدِ,HARF,HARF,HARF,Hypothesis,True,registry-exact-hypothesis:exact:02_mabniyat/preposition_meanings.json#34
8,10,15,إِنَّ,إن,اللَّهِ,اللَّهَ,HARF,HARF,HARF,Certificate,False,registry:exact:02_mabniyat/letters_answers.json#4
8,11,8,مِنَ,من,عَلَيْكُمْ,السَّمَاءِ,HARF,HARF,HARF,Hypothesis,True,registry-exact-hypothesis:exact:02_mabniyat/preposition_meanings.json#32
8,16,5,إِلَّا,إلا,دُبُرَهُ,مُتَحَرِّفَاً,HARF,HARF,,Certificate,False,MASAQ:106
8,16,15,مِنَ,من,بِغَضَبٍ,اللَّهِ,HARF,HARF,HARF,Hypothesis,True,registry-exact-hypothesis:exact:02_mabniyat/preposition_meanings.json#32
8,17,18,إِنَّ,إن,حَسَنَاً,اللَّهَ,HARF,HARF,HARF,Certificate,False,registry:exact:02_mabniyat/letters_answers.json#4
8,19,1,إِنْ,إن,,تَسْتَفْتِحُوا,HARF,HARF,HARF,Certificate,False,registry:exact:02_mabniyat/conditional_letters_tools.json#1
8,22,1,إِنَّ,إن,,شَرَّ,HARF,HARF,HARF,Certificate,False,registry:exact:02_mabniyat/letters_answers.json#4
8,24,12,أَنَّ,أن,وَاعْلَمُوا,اللَّهَ,HARF,HARF,HARF,Certificate,False,registry:exact:02_mabniyat/copulative_particle.json#2
8,25,10,أَنَّ,أن,وَاعْلَمُوا,اللَّهَ,HARF,HARF,HARF,Certificate,False,registry:exact:02_mabniyat/copulative_particle.json#2
8,26,9,أَنْ,أن,تَخَافُونَ,يَتَخَطَّفَكُمُ,HARF,HARF,HARF,Certificate,False,registry:plain:02_mabniyat/present_naseb_tools.json#1
8,26,16,مِنَ,من,وَرَزَقَكُمْ,الطَّيِّبَاتِ,HARF,HARF,HARF,Hypothesis,True,registry-exact-hypothesis:exact:02_mabniyat/preposition_meanings.json#32
8,29,4,إِنْ,إن,آمَنُوا,تَتَّقُوا,HARF,HARF,HARF,Certificate,False,registry:exact:02_mabniyat/conditional_letters_tools.json#1
8,31,13,إِنْ,إن,هَذَا,هَذَا,HARF,HARF,HARF,Certificate,False,registry:exact:02_mabniyat/conditional_letters_tools.json#1
8,31,15,إِلَّا,إلا,هَذَا,أَسَاطِيرُ,HARF,HARF,,Certificate,False,MASAQ:106
8,32,4,إِنْ,إن,اللَّهُمَّ,كَانَ,HARF,HARF,HARF,Certificate,False,registry:exact:02_mabniyat/conditional_letters_tools.json#1
8,32,9,مِنْ,من,الْحَقَّ,عِنْدِكَ,HARF,HARF,HARF,Hypothesis,True,registry-exact-hypothesis:exact:02_mabniyat/preposition_meanings.json#34
8,32,14,مِنَ,من,حِجَارَةً,السَّمَاءِ,HARF,HARF,HARF,Hypothesis,True,registry-exact-hypothesis:exact:02_mabniyat/preposition_meanings.json#32
8,34,14,إِنْ,إن,أَوْلِيَاءَهُ,أَوْلِيَاؤُهُ,HARF,HARF,HARF,Certificate,False,registry:exact:02_mabniyat/conditional_letters_tools.json#1
8,34,16,إِلَّا,إلا,أَوْلِيَاؤُهُ,الْمُتَّقُونَ,HARF,HARF,,Certificate,False,MASAQ:106
8,35,6,إِلَّا,إلا,الْبَيْتِ,مُكَاءً,HARF,HARF,,Certificate,False,MASAQ:106
8,35,11,بِمَا,بما,الْعَذَابَ,كُنْتُمْ,ISM_MAWSOOL,ISM_MAWSOOL,ISM_MAWSOOL|ISM_MABNI|HARF,Certificate,True,MASAQ:48
8,36,1,إِنَّ,إن,,الَّذِينَ,HARF,HARF,HARF,Certificate,False,registry:exact:02_mabniyat/letters_answers.json#4
8,37,4,مِنَ,من,الْخَبِيثَ,الطَّيِّبِ,HARF,HARF,HARF,Hypothesis,True,registry-exact-hypothesis:exact:02_mabniyat/preposition_meanings.json#32
8,38,4,إِنْ,إن,كَفَرُوا,يَنْتَهُوا,HARF,HARF,HARF,Certificate,False,registry:exact:02_mabniyat/conditional_letters_tools.json#1
8,38,8,مَا,ما,لَهُمْ,قَدْ,ISM_MAWSOOL,ISM_MAWSOOL,ISM_MAWSOOL|ISM_MABNI|HARF,Hypothesis,True,registry-exact-hypothesis:exact:02_mabniyat/relative_pronouns.json#13
8,39,2,حَتَّى,حتى,وَقَاتِلُوهُمْ,لَا,HARF,HARF,HARF,Certificate,False,registry:exact:02_mabniyat/preposition_meanings.json#48
8,39,14,بِمَا,بما,اللَّهَ,يَعْمَلُونَ,ISM_MAWSOOL,ISM_MAWSOOL,ISM_MAWSOOL|ISM_MABNI|HARF,Certificate,True,MASAQ:48
8,40,4,أَنَّ,أن,فَاعْلَمُوا,اللَّهَ,HARF,HARF,HARF,Certificate,False,registry:exact:02_mabniyat/copulative_particle.json#2
8,41,4,مِنْ,من,غَنِمْتُمْ,شَيْءٍ,HARF,HARF,HARF,Hypothesis,True,registry-exact-hypothesis:exact:02_mabniyat/preposition_meanings.json#34
8,41,16,إِنْ,إن,السَّبِيلِ,كُنْتُمْ,HARF,HARF,HARF,Certificate,False,registry:exact:02_mabniyat/conditional_letters_tools.json#1
8,42,23,مَنْ,من,لِيَهْلِكَ,هَلَكَ,ISM_MAWSOOL,ISM_MAWSOOL,ISM_MAWSOOL|ISM_MABNI|HARF,Hypothesis,True,registry-exact-hypothesis:exact:02_mabniyat/relative_pronouns.json#3
8,42,28,مَنْ,من,وَيَحْيَى,حَيَّ,ISM_MAWSOOL,ISM_MAWSOOL,ISM_MAWSOOL|ISM_MABNI|HARF,Hypothesis,True,registry-exact-hypothesis:exact:02_mabniyat/relative_pronouns.json#3
8,46,10,إِنَّ,إن,وَاصْبِرُوا,اللَّهَ,HARF,HARF,HARF,Certificate,False,registry:exact:02_mabniyat/letters_answers.json#4
8,47,5,مِنْ,من,خَرَجُوا,دِيَارِهِمْ,HARF,HARF,HARF,Hypothesis,True,registry-exact-hypothesis:exact:02_mabniyat/preposition_meanings.json#34
8,47,15,بِمَا,بما,وَاللَّهُ,يَعْمَلُونَ,ISM_MAWSOOL,ISM_MAWSOOL,ISM_MAWSOOL|ISM_MABNI|HARF,Certificate,True,MASAQ:48
8,48,11,مِنَ,من,الْيَوْمَ,النَّاسِ,HARF,HARF,HARF,Hypothesis,True,registry-exact-hypothesis:exact:02_mabniyat/preposition_meanings.json#32
8,48,28,مَا,ما,أَرَى,لَا,ISM_MAWSOOL,ISM_MAWSOOL,ISM_MAWSOOL|ISM_MABNI|HARF,Hypothesis,True,registry-exact-hypothesis:exact:02_mabniyat/relative_pronouns.json#13
8,51,2,بِمَا,بما,ذَلِكَ,قَدَّمَتْ,ISM_MAWSOOL,ISM_MAWSOOL,ISM_MAWSOOL|ISM_MABNI|HARF,Certificate,True,MASAQ:48
8,52,5,مِنْ,من,وَالَّذِينَ,قَبْلِهِمْ,HARF,HARF,HARF,Hypothesis,True,registry-exact-hypothesis:exact:02_mabniyat/preposition_meanings.json#34
8,52,13,إِنَّ,إن,بِذُنُوبِهِمْ,اللَّهَ,HARF,HARF,HARF,Certificate,False,registry:exact:02_mabniyat/letters_answers.json#4
8,53,11,حَتَّى,حتى,قَوْمٍ,يُغَيِّرُوا,HARF,HARF,HARF,Certificate,False,registry:exact:02_mabniyat/preposition_meanings.json#48
8,53,13,مَا,ما,يُغَيِّرُوا,بِأَنْفُسِهِمْ,ISM_MAWSOOL,ISM_MAWSOOL,ISM_MAWSOOL|ISM_MABNI|HARF,Hypothesis,True,registry-exact-hypothesis:exact:02_mabniyat/relative_pronouns.json#13
8,54,5,مِنْ,من,وَالَّذِينَ,قَبْلِهِمْ,HARF,HARF,HARF,Hypothesis,True,registry-exact-hypothesis:exact:02_mabniyat/preposition_meanings.json#34
8,55,1,إِنَّ,إن,,شَرَّ,HARF,HARF,HARF,Certificate,False,registry:exact:02_mabniyat/letters_answers.json#4
8,57,7,مَنْ,من,بِهِمْ,خَلْفَهُمْ,ISM_MAWSOOL,ISM_MAWSOOL,ISM_MAWSOOL|ISM_MABNI|HARF,Hypothesis,True,registry-exact-hypothesis:exact:02_mabniyat/relative_pronouns.json#3
8,58,3,مِنْ,من,تَخَافَنَّ,قَوْمٍ,HARF,HARF,HARF,Hypothesis,True,registry-exact-hypothesis:exact:02_mabniyat/preposition_meanings.json#34
8,58,10,إِنَّ,إن,سَوَاءٍ,اللَّهَ,HARF,HARF,HARF,Certificate,False,registry:exact:02_mabniyat/letters_answers.json#4
8,60,3,مَا,ما,لَهُمْ,اسْتَطَعْتُمْ,ISM_MAWSOOL,ISM_MAWSOOL,ISM_MAWSOOL|ISM_MABNI|HARF,Hypothesis,True,registry-exact-hypothesis:exact:02_mabniyat/relative_pronouns.json#13
8,60,5,مِنْ,من,اسْتَطَعْتُمْ,قُوَّةٍ,HARF,HARF,HARF,Hypothesis,True,registry-exact-hypothesis:exact:02_mabniyat/preposition_meanings.json#34
8,60,16,مِنْ,من,وَآخَرِينَ,دُونِهِمْ,HARF,HARF,HARF,Hypothesis,True,registry-exact-hypothesis:exact:02_mabniyat/preposition_meanings.json#34
8,60,24,مِنْ,من,تُنْفِقُوا,شَيْءٍ,HARF,HARF,HARF,Hypothesis,True,registry-exact-hypothesis:exact:02_mabniyat/preposition_meanings.json#34
8,62,3,أَنْ,أن,يُرِيدُوا,يَخْدَعُوكَ,HARF,HARF,HARF,Certificate,False,registry:plain:02_mabniyat/present_naseb_tools.json#1
8,63,6,مَا,ما,أَنْفَقْتَ,فِي,ISM_MAWSOOL,ISM_MAWSOOL,ISM_MAWSOOL|ISM_MABNI|HARF,Hypothesis,True,registry-exact-hypothesis:exact:02_mabniyat/relative_pronouns.json#13
8,63,10,مَا,ما,جَمِيعَاً,أَلَّفْتَ,HARF,ISM_MAWSOOL,ISM_MAWSOOL|ISM_MABNI|HARF,Hypothesis,True,registry-exact-hypothesis:exact:02_mabniyat/relative_pronouns.json#13
8,64,7,مِنَ,من,اتَّبَعَكَ,الْمُؤْمِنِينَ,HARF,HARF,HARF,Hypothesis,True,registry-exact-hypothesis:exact:02_mabniyat/preposition_meanings.json#32
8,65,7,إِنْ,إن,الْقِتَالِ,يَكُنْ,HARF,HARF,HARF,Certificate,False,registry:exact:02_mabniyat/conditional_letters_tools.json#1
8,65,20,مِنَ,من,أَلْفَاً,الَّذِينَ,HARF,HARF,HARF,Hypothesis,True,registry-exact-hypothesis:exact:02_mabniyat/preposition_meanings.json#32
8,66,6,أَنَّ,أن,وَعَلِمَ,فِيكُمْ,HARF,HARF,HARF,Certificate,False,registry:exact:02_mabniyat/copulative_particle.json#2
8,67,1,مَا,ما,,كَانَ,HARF,ISM_MAWSOOL,ISM_MAWSOOL|ISM_MABNI|HARF,Hypothesis,True,registry-exact-hypothesis:exact:02_mabniyat/relative_pronouns.json#13
8,67,4,أَنْ,أن,لِنَبِيٍّ,يَكُونَ,HARF,HARF,HARF,Certificate,False,registry:plain:02_mabniyat/present_naseb_tools.json#1
8,67,8,حَتَّى,حتى,أَسْرَى,يُثْخِنَ,HARF,HARF,HARF,Certificate,False,registry:exact:02_mabniyat/preposition_meanings.json#48
8,68,3,مِنَ,من,كِتَابٌ,اللَّهِ,HARF,HARF,HARF,Hypothesis,True,registry-exact-hypothesis:exact:02_mabniyat/preposition_meanings.json#32
8,69,8,إِنَّ,إن,اللَّهَ,اللَّهَ,HARF,HARF,HARF,Certificate,False,registry:exact:02_mabniyat/letters_answers.json#4
8,70,7,مِنَ,من,أَيْدِيكُمْ,الْأَسْرَى,HARF,HARF,HARF,Hypothesis,True,registry-exact-hypothesis:exact:02_mabniyat/preposition_meanings.json#32
8,70,9,إِنْ,إن,الْأَسْرَى,يَعْلَمِ,HARF,HARF,HARF,Certificate,False,registry:exact:02_mabniyat/conditional_letters_tools.json#1
8,71,7,مِنْ,من,اللَّهَ,قَبْلُ,HARF,HARF,HARF,Hypothesis,True,registry-exact-hypothesis:exact:02_mabniyat/preposition_meanings.json#34
8,72,1,إِنَّ,إن,,الَّذِينَ,HARF,HARF,HARF,Certificate,False,registry:exact:02_mabniyat/letters_answers.json#4
8,72,22,مَا,ما,يُهَاجِرُوا,لَكُمْ,HARF,ISM_MAWSOOL,ISM_MAWSOOL|ISM_MABNI|HARF,Hypothesis,True,registry-exact-hypothesis:exact:02_mabniyat/relative_pronouns.json#13
8,72,24,مِنْ,من,لَكُمْ,وَلَايَتِهِمْ,HARF,HARF,HARF,Hypothesis,True,registry-exact-hypothesis:exact:02_mabniyat/preposition_meanings.json#34
8,72,26,مِنْ,من,وَلَايَتِهِمْ,شَيْءٍ,HARF,HARF,HARF,Hypothesis,True,registry-exact-hypothesis:exact:02_mabniyat/preposition_meanings.json#34
8,72,28,حَتَّى,حتى,شَيْءٍ,يُهَاجِرُوا,HARF,HARF,HARF,Certificate,False,registry:exact:02_mabniyat/preposition_meanings.json#48
8,72,36,إِلَّا,إلا,النَّصْرُ,عَلَى,HARF,HARF,,Certificate,False,MASAQ:106
8,72,43,بِمَا,بما,وَاللَّهُ,تَعْمَلُونَ,ISM_MAWSOOL,ISM_MAWSOOL,ISM_MAWSOOL|ISM_MABNI|HARF,Certificate,True,MASAQ:48
8,73,6,إِلَّا,إلا,بَعْضٍ,تَفْعَلُوهُ,HARF,HARF,,Certificate,False,MASAQ:106
8,75,3,مِنْ,من,آمَنُوا,بَعْدُ,HARF,HARF,HARF,Hypothesis,True,registry-exact-hypothesis:exact:02_mabniyat/preposition_meanings.json#34
8,75,18,إِنَّ,إن,اللَّهِ,اللَّهَ,HARF,HARF,HARF,Certificate,False,registry:exact:02_mabniyat/letters_answers.json#4
9,1,2,مِنَ,من,بَرَاءَةٌ,اللَّهِ,HARF,HARF,HARF,Hypothesis,True,registry-exact-hypothesis:exact:02_mabniyat/preposition_meanings.json#32
9,1,8,مِنَ,من,عَاهَدْتُمْ,الْمُشْرِكِينَ,HARF,HARF,HARF,Hypothesis,True,registry-exact-hypothesis:exact:02_mabniyat/preposition_meanings.json#32
9,2,8,غَيْرُ,غير,أَنَّكُمْ,مُعْجِزِي,ISM_MUARAB,ISM_MUARAB,,Certificate,False,MASAQ:11830
9,3,2,مِنَ,من,وَأَذَانٌ,اللَّهِ,HARF,HARF,HARF,Hypothesis,True,registry-exact-hypothesis:exact:02_mabniyat/preposition_meanings.json#32
9,3,10,أَنَّ,أن,الْأَكْبَرِ,اللَّهَ,HARF,HARF,HARF,Certificate,False,registry:exact:02_mabniyat/copulative_particle.json#2
9,3,13,مِنَ,من,بَرِيءٌ,الْمُشْرِكِينَ,HARF,HARF,HARF,Hypothesis,True,registry-exact-hypothesis:exact:02_mabniyat/preposition_meanings.json#32
9,3,25,غَيْرُ,غير,أَنَّكُمْ,مُعْجِزِي,ISM_MUARAB,ISM_MUARAB,,Certificate,False,MASAQ:11830
9,4,1,إِلَّا,إلا,,الَّذِينَ,HARF,HARF,,Certificate,False,MASAQ:106
9,4,4,مِنَ,من,عَاهَدْتُمْ,الْمُشْرِكِينَ,HARF,HARF,HARF,Hypothesis,True,registry-exact-hypothesis:exact:02_mabniyat/preposition_meanings.json#32
9,4,19,إِنَّ,إن,مُدَّتِهِمْ,اللَّهَ,HARF,HARF,HARF,Certificate,False,registry:exact:02_mabniyat/letters_answers.json#4
9,5,23,إِنَّ,إن,سَبِيلَهُمْ,اللَّهَ,HARF,HARF,HARF,Certificate,False,registry:exact:02_mabniyat/letters_answers.json#4
9,6,3,مِنَ,من,أَحَدٌ,الْمُشْرِكِينَ,HARF,HARF,HARF,Hypothesis,True,registry-exact-hypothesis:exact:02_mabniyat/preposition_meanings.json#32
9,6,7,حَتَّى,حتى,فَأَجِرْهُ,يَسْمَعَ,HARF,HARF,HARF,Certificate,False,registry:exact:02_mabniyat/preposition_meanings.json#48
9,7,9,إِلَّا,إلا,رَسُولِهِ,الَّذِينَ,HARF,HARF,,Certificate,False,MASAQ:106
9,7,20,إِنَّ,إن,لَهُمْ,اللَّهَ,HARF,HARF,HARF,Certificate,False,registry:exact:02_mabniyat/letters_answers.json#4
9,8,8,إِلَّاً,إلا,فِيكُمْ,وَلَا,HARF,HARF,,Certificate,False,MASAQ:24061
9,9,11,مَا,ما,سَاءَ,كَانُوا,ISM_MAWSOOL,ISM_MAWSOOL,ISM_MAWSOOL|ISM_MABNI|HARF,Hypothesis,True,registry-exact-hypothesis:exact:02_mabniyat/relative_pronouns.json#13
9,10,5,إِلَّاً,إلا,مُؤْمِنٍ,وَلَا,HARF,HARF,,Certificate,False,MASAQ:24061
9,12,4,مِنْ,من,أَيْمَانَهُمْ,بَعْدِ,HARF,HARF,HARF,Hypothesis,True,registry-exact-hypothesis:exact:02_mabniyat/preposition_meanings.json#34
9,13,16,أَنْ,أن,أَحَقُّ,تَخْشَوْهُ,HARF,HARF,HARF,Certificate,False,registry:plain:02_mabniyat/present_naseb_tools.json#1
9,13,18,إِنْ,إن,تَخْشَوْهُ,كُنْتُمْ,HARF,HARF,HARF,Certificate,False,registry:exact:02_mabniyat/conditional_letters_tools.json#1
9,15,7,مَنْ,من,عَلَى,يَشَاءُ,ISM_MAWSOOL,ISM_MAWSOOL,ISM_MAWSOOL|ISM_MABNI|HARF,Hypothesis,True,registry-exact-hypothesis:exact:02_mabniyat/relative_pronouns.json#3
9,16,3,أَنْ,أن,حَسِبْتُمْ,تُتْرَكُوا,HARF,HARF,HARF,Certificate,False,registry:plain:02_mabniyat/present_naseb_tools.json#1
9,16,13,مِنْ,من,يَتَّخِذُوا,دُونِ,HARF,HARF,HARF,Hypothesis,True,registry-exact-hypothesis:exact:02_mabniyat/preposition_meanings.json#34
9,16,14,دُونِ,دون,مِنْ,اللَّهِ,ISM_MUARAB,ISM_MUARAB,,Certificate,False,MASAQ:310
9,16,23,بِمَا,بما,خَبِيرٌ,تَعْمَلُونَ,ISM_MAWSOOL,ISM_MAWSOOL,ISM_MAWSOOL|ISM_MABNI|HARF,Certificate,True,MASAQ:48
9,17,1,مَا,ما,,كَانَ,HARF,ISM_MAWSOOL,ISM_MAWSOOL|ISM_MABNI|HARF,Hypothesis,True,registry-exact-hypothesis:exact:02_mabniyat/relative_pronouns.json#13
9,17,4,أَنْ,أن,لِلْمُشْرِكِينَ,يَعْمُرُوا,HARF,HARF,HARF,Certificate,False,registry:plain:02_mabniyat/present_naseb_tools.json#1
9,18,5,مَنْ,من,اللَّهِ,آمَنَ,ISM_MAWSOOL,ISM_MAWSOOL,ISM_MAWSOOL|ISM_MABNI|HARF,Hypothesis,True,registry-exact-hypothesis:exact:02_mabniyat/relative_pronouns.json#3
9,18,16,إِلَّا,إلا,يَخْشَ,اللَّهَ,HARF,HARF,,Certificate,False,MASAQ:106
9,18,20,أَنْ,أن,أُولَئِكَ,يَكُونُوا,HARF,HARF,HARF,Certificate,False,registry:plain:02_mabniyat/present_naseb_tools.json#1
9,18,22,مِنَ,من,يَكُونُوا,الْمُهْتَدِينَ,HARF,HARF,HARF,Hypothesis,True,registry-exact-hypothesis:exact:02_mabniyat/preposition_meanings.json#32
9,22,4,إِنَّ,إن,أَبَدَاً,اللَّهَ,HARF,HARF,HARF,Certificate,False,registry:exact:02_mabniyat/letters_answers.json#4
9,23,9,إِنِ,إن,أَوْلِيَاءَ,اسْتَحَبُّوا,HARF,HARF,HARF,Certificate,False,registry:plain:02_mabniyat/conditional_letters_tools.json#1
9,24,2,إِنْ,إن,قُلْ,كَانَ,HARF,HARF,HARF,Certificate,False,registry:exact:02_mabniyat/conditional_letters_tools.json#1
9,24,18,مِنَ,من,إِلَيْكُمْ,اللَّهِ,HARF,HARF,HARF,Hypothesis,True,registry-exact-hypothesis:exact:02_mabniyat/preposition_meanings.json#32
9,24,25,حَتَّى,حتى,فَتَرَبَّصُوا,يَأْتِيَ,HARF,HARF,HARF,Certificate,False,registry:exact:02_mabniyat/preposition_meanings.json#48
9,25,19,بِمَا,بما,الْأَرْضُ,رَحُبَتْ,ISM_MAWSOOL,ISM_MAWSOOL,ISM_MAWSOOL|ISM_MABNI|HARF,Certificate,True,MASAQ:48
9,27,4,مِنْ,من,اللَّهُ,بَعْدِ,HARF,HARF,HARF,Hypothesis,True,registry-exact-hypothesis:exact:02_mabniyat/preposition_meanings.json#34
9,27,8,مَنْ,من,عَلَى,يَشَاءُ,ISM_MAWSOOL,ISM_MAWSOOL,ISM_MAWSOOL|ISM_MABNI|HARF,Hypothesis,True,registry-exact-hypothesis:exact:02_mabniyat/relative_pronouns.json#3
9,28,20,مِنْ,من,اللَّهُ,فَضْلِهِ,HARF,HARF,HARF,Hypothesis,True,registry-exact-hypothesis:exact:02_mabniyat/preposition_meanings.json#34
9,28,22,إِنْ,إن,فَضْلِهِ,شَاءَ,HARF,HARF,HARF,Certificate,False,registry:exact:02_mabniyat/conditional_letters_tools.json#1
9,28,24,إِنَّ,إن,شَاءَ,اللَّهَ,HARF,HARF,HARF,Certificate,False,registry:exact:02_mabniyat/letters_answers.json#4
9,29,11,مَا,ما,يُحَرِّمُونَ,حَرَّمَ,ISM_MAWSOOL,ISM_MAWSOOL,ISM_MAWSOOL|ISM_MABNI|HARF,Hypothesis,True,registry-exact-hypothesis:exact:02_mabniyat/relative_pronouns.json#13
9,29,19,مِنَ,من,الْحَقِّ,الَّذِينَ,HARF,HARF,HARF,Hypothesis,True,registry-exact-hypothesis:exact:02_mabniyat/preposition_meanings.json#32
9,29,23,حَتَّى,حتى,الْكِتَابَ,يُعْطُوا,HARF,HARF,HARF,Certificate,False,registry:exact:02_mabniyat/preposition_meanings.json#48
9,30,18,مِنْ,من,كَفَرُوا,قَبْلُ,HARF,HARF,HARF,Hypothesis,True,registry-exact-hypothesis:exact:02_mabniyat/preposition_meanings.json#34
9,31,5,مِنْ,من,أَرْبَابَاً,دُونِ,HARF,HARF,HARF,Hypothesis,True,registry-exact-hypothesis:exact:02_mabniyat/preposition_meanings.json#34
9,31,6,دُونِ,دون,مِنْ,اللَّهِ,ISM_MUARAB,ISM_MUARAB,,Certificate,False,MASAQ:310
9,31,13,إِلَّا,إلا,أُمِرُوا,لِيَعْبُدُوا,HARF,HARF,,Certificate,False,MASAQ:106
9,31,19,إِلَّا,إلا,إِلَهَ,هُوَ,HARF,HARF,,Certificate,False,MASAQ:106
9,32,2,أَنْ,أن,يُرِيدُونَ,يُطْفِئُوا,HARF,HARF,HARF,Certificate,False,registry:plain:02_mabniyat/present_naseb_tools.json#1
9,32,9,إِلَّا,إلا,اللَّهُ,أَنْ,HARF,HARF,,Certificate,False,MASAQ:106
9,32,10,أَنْ,أن,إِلَّا,يُتِمَّ,HARF,HARF,HARF,Certificate,False,registry:plain:02_mabniyat/present_naseb_tools.json#1
9,34,4,إِنَّ,إن,آمَنُوا,كَثِيرَاً,HARF,HARF,HARF,Certificate,False,registry:exact:02_mabniyat/letters_answers.json#4
9,34,6,مِنَ,من,كَثِيرَاً,الْأَحْبَارِ,HARF,HARF,HARF,Hypothesis,True,registry-exact-hypothesis:exact:02_mabniyat/preposition_meanings.json#32
9,35,13,مَا,ما,هَذَا,كَنَزْتُمْ,ISM_MAWSOOL,ISM_MAWSOOL,ISM_MAWSOOL|ISM_MABNI|HARF,Hypothesis,True,registry-exact-hypothesis:exact:02_mabniyat/relative_pronouns.json#13
9,35,17,مَا,ما,فَذُوقُوا,كُنْتُمْ,ISM_MAWSOOL,ISM_MAWSOOL,ISM_MAWSOOL|ISM_MABNI|HARF,Hypothesis,True,registry-exact-hypothesis:exact:02_mabniyat/relative_pronouns.json#13
9,36,1,إِنَّ,إن,,عِدَّةَ,HARF,HARF,HARF,Certificate,False,registry:exact:02_mabniyat/letters_answers.json#4
9,36,33,أَنَّ,أن,وَاعْلَمُوا,اللَّهَ,HARF,HARF,HARF,Certificate,False,registry:exact:02_mabniyat/copulative_particle.json#2
9,37,16,مَا,ما,عِدَّةَ,حَرَّمَ,ISM_MAWSOOL,ISM_MAWSOOL,ISM_MAWSOOL|ISM_MABNI|HARF,Hypothesis,True,registry-exact-hypothesis:exact:02_mabniyat/relative_pronouns.json#13
9,37,20,مَا,ما,فَيُحِلُّوا,حَرَّمَ,ISM_MAWSOOL,ISM_MAWSOOL,ISM_MAWSOOL|ISM_MABNI|HARF,Hypothesis,True,registry-exact-hypothesis:exact:02_mabniyat/relative_pronouns.json#13
9,38,19,مِنَ,من,الدُّنْيَا,الْآخِرَةِ,HARF,HARF,HARF,Hypothesis,True,registry-exact-hypothesis:exact:02_mabniyat/preposition_meanings.json#32
9,38,27,إِلَّا,إلا,الْآخِرَةِ,قَلِيلٌ,HARF,HARF,,Certificate,False,MASAQ:106
9,39,1,إِلَّا,إلا,,تَنْفِرُوا,HARF,HARF,,Certificate,False,MASAQ:106
9,40,1,إِلَّا,إلا,,تَنْصُرُوهُ,HARF,HARF,,Certificate,False,MASAQ:106
9,40,21,إِنَّ,إن,تَحْزَنْ,اللَّهَ,HARF,HARF,HARF,Certificate,False,registry:exact:02_mabniyat/letters_answers.json#4
9,41,13,إِنْ,إن,لَكُمْ,كُنْتُمْ,HARF,HARF,HARF,Certificate,False,registry:exact:02_mabniyat/conditional_letters_tools.json#1
9,43,7,حَتَّى,حتى,لَهُمْ,يَتَبَيَّنَ,HARF,HARF,HARF,Certificate,False,registry:exact:02_mabniyat/preposition_meanings.json#48
9,44,8,أَنْ,أن,الْآخِرِ,يُجَاهِدُوا,HARF,HARF,HARF,Certificate,False,registry:plain:02_mabniyat/present_naseb_tools.json#1
9,47,4,مَا,ما,فِيكُمْ,زَادُوكُمْ,HARF,ISM_MAWSOOL,ISM_MAWSOOL|ISM_MABNI|HARF,Hypothesis,True,registry-exact-hypothesis:exact:02_mabniyat/relative_pronouns.json#13
9,47,6,إِلَّا,إلا,زَادُوكُمْ,خَبَالَاً,HARF,HARF,,Certificate,False,MASAQ:106
9,48,4,مِنْ,من,الْفِتْنَةَ,قَبْلُ,HARF,HARF,HARF,Hypothesis,True,registry-exact-hypothesis:exact:02_mabniyat/preposition_meanings.json#34
9,48,9,حَتَّى,حتى,الْأُمُورَ,جَاءَ,HARF,HARF,HARF,Certificate,False,registry:exact:02_mabniyat/preposition_meanings.json#48
9,49,2,مَنْ,من,وَمِنْهُمْ,يَقُولُ,ISM_MAWSOOL,ISM_MAWSOOL,ISM_MAWSOOL|ISM_MABNI|HARF,Hypothesis,True,registry-exact-hypothesis:exact:02_mabniyat/relative_pronouns.json#3
9,50,1,إِنْ,إن,,تُصِبْكَ,HARF,HARF,HARF,Certificate,False,registry:exact:02_mabniyat/conditional_letters_tools.json#1
9,50,12,مِنْ,من,أَمْرَنَا,قَبْلُ,HARF,HARF,HARF,Hypothesis,True,registry-exact-hypothesis:exact:02_mabniyat/preposition_meanings.json#34
9,51,4,إِلَّا,إلا,يُصِيبَنَا,مَا,HARF,HARF,,Certificate,False,MASAQ:106
9,51,5,مَا,ما,إِلَّا,كَتَبَ,ISM_MAWSOOL,ISM_MAWSOOL,ISM_MAWSOOL|ISM_MABNI|HARF,Hypothesis,True,registry-exact-hypothesis:exact:02_mabniyat/relative_pronouns.json#13
9,52,5,إِلَّا,إلا,بِنَا,إِحْدَى,HARF,HARF,,Certificate,False,MASAQ:106
9,52,11,أَنْ,أن,بِكُمْ,يُصِيبَكُمُ,HARF,HARF,HARF,Certificate,False,registry:plain:02_mabniyat/present_naseb_tools.json#1
9,52,15,مِنْ,من,بِعَذَابٍ,عِنْدِهِ,HARF,HARF,HARF,Hypothesis,True,registry-exact-hypothesis:exact:02_mabniyat/preposition_meanings.json#34
9,54,3,أَنْ,أن,مَنَعَهُمْ,تُقْبَلَ,HARF,HARF,HARF,Certificate,False,registry:plain:02_mabniyat/present_naseb_tools.json#1
9,54,7,إِلَّا,إلا,نَفَقَاتُهُمْ,أَنَّهُمْ,HARF,HARF,,Certificate,False,MASAQ:106
9,54,15,إِلَّا,إلا,الصَّلَاةَ,وَهُمْ,HARF,HARF,,Certificate,False,MASAQ:106
9,54,20,إِلَّا,إلا,يُنْفِقُونَ,وَهُمْ,HARF,HARF,,Certificate,False,MASAQ:106
9,58,2,مَنْ,من,وَمِنْهُمْ,يَلْمِزُكَ,ISM_MAWSOOL,ISM_MAWSOOL,ISM_MAWSOOL|ISM_MABNI|HARF,Hypothesis,True,registry-exact-hypothesis:exact:02_mabniyat/relative_pronouns.json#3
9,59,4,مَا,ما,رَضُوا,آتَاهُمُ,ISM_MAWSOOL,ISM_MAWSOOL,ISM_MAWSOOL|ISM_MABNI|HARF,Hypothesis,True,registry-exact-hypothesis:exact:02_mabniyat/relative_pronouns.json#13
9,59,13,مِنْ,من,اللَّهُ,فَضْلِهِ,HARF,HARF,HARF,Hypothesis,True,registry-exact-hypothesis:exact:02_mabniyat/preposition_meanings.json#34
9,60,18,مِنَ,من,فَرِيضَةً,اللَّهِ,HARF,HARF,HARF,Hypothesis,True,registry-exact-hypothesis:exact:02_mabniyat/preposition_meanings.json#32
9,62,8,أَنْ,أن,أَحَقُّ,يُرْضُوهُ,HARF,HARF,HARF,Certificate,False,registry:plain:02_mabniyat/present_naseb_tools.json#1
9,62,10,إِنْ,إن,يُرْضُوهُ,كَانُوا,HARF,HARF,HARF,Certificate,False,registry:exact:02_mabniyat/conditional_letters_tools.json#1
9,63,4,مَنْ,من,أَنَّهُ,يُحَادِدِ,HARF,ISM_MAWSOOL,ISM_MAWSOOL|ISM_MABNI|HARF,Hypothesis,True,registry-exact-hypothesis:exact:02_mabniyat/relative_pronouns.json#3
9,64,3,أَنْ,أن,الْمُنَافِقُونَ,تُنَزَّلَ,HARF,HARF,HARF,Certificate,False,registry:plain:02_mabniyat/present_naseb_tools.json#1
9,64,8,بِمَا,بما,تُنَبِّئُهُمْ,فِي,ISM_MAWSOOL,ISM_MAWSOOL,ISM_MAWSOOL|ISM_MABNI|HARF,Certificate,True,MASAQ:48
9,64,13,إِنَّ,إن,اسْتَهْزِئُوا,اللَّهَ,HARF,HARF,HARF,Certificate,False,registry:exact:02_mabniyat/letters_answers.json#4
9,64,16,مَا,ما,مُخْرِجٌ,تَحْذَرُونَ,ISM_MAWSOOL,ISM_MAWSOOL,ISM_MAWSOOL|ISM_MABNI|HARF,Hypothesis,True,registry-exact-hypothesis:exact:02_mabniyat/relative_pronouns.json#13
9,66,7,إِنْ,إن,إِيمَانِكُمْ,نَعْفُ,HARF,HARF,HARF,Certificate,False,registry:exact:02_mabniyat/conditional_letters_tools.json#1
9,67,4,مِنْ,من,بَعْضُهُمْ,بَعْضٍ,HARF,HARF,HARF,Hypothesis,True,registry-exact-hypothesis:exact:02_mabniyat/preposition_meanings.json#34
9,67,16,إِنَّ,إن,فَنَسِيَهُمْ,الْمُنَافِقِينَ,HARF,HARF,HARF,Certificate,False,registry:exact:02_mabniyat/letters_answers.json#4
9,69,2,مِنْ,من,كَالَّذِينَ,قَبْلِكُمْ,HARF,HARF,HARF,Hypothesis,True,registry-exact-hypothesis:exact:02_mabniyat/preposition_meanings.json#34
9,69,18,مِنْ,من,الَّذِينَ,قَبْلِكُمْ,HARF,HARF,HARF,Hypothesis,True,registry-exact-hypothesis:exact:02_mabniyat/preposition_meanings.json#34
9,70,5,مِنْ,من,الَّذِينَ,قَبْلِهِمْ,HARF,HARF,HARF,Hypothesis,True,registry-exact-hypothesis:exact:02_mabniyat/preposition_meanings.json#34
9,71,21,إِنَّ,إن,اللَّهُ,اللَّهَ,HARF,HARF,HARF,Certificate,False,registry:exact:02_mabniyat/letters_answers.json#4
9,72,7,مِنْ,من,تَجْرِي,تَحْتِهَا,HARF,HARF,HARF,Hypothesis,True,registry-exact-hypothesis:exact:02_mabniyat/preposition_meanings.json#34
9,72,18,مِنَ,من,وَرِضْوَانٌ,اللَّهِ,HARF,HARF,HARF,Hypothesis,True,registry-exact-hypothesis:exact:02_mabniyat/preposition_meanings.json#32
9,74,3,مَا,ما,بِاللَّهِ,قَالُوا,HARF,ISM_MAWSOOL,ISM_MAWSOOL|ISM_MABNI|HARF,Hypothesis,True,registry-exact-hypothesis:exact:02_mabniyat/relative_pronouns.json#13
9,74,13,بِمَا,بما,وَهَمُّوا,لَمْ,ISM_MAWSOOL,ISM_MAWSOOL,ISM_MAWSOOL|ISM_MABNI|HARF,Certificate,True,MASAQ:48
9,74,18,إِلَّا,إلا,نَقَمُوا,أَنْ,HARF,HARF,,Certificate,False,MASAQ:106
9,74,19,أَنْ,أن,إِلَّا,أَغْنَاهُمُ,HARF,HARF,HARF,Certificate,False,registry:plain:02_mabniyat/present_naseb_tools.json#1
9,74,23,مِنْ,من,وَرَسُولُهُ,فَضْلِهِ,HARF,HARF,HARF,Hypothesis,True,registry-exact-hypothesis:exact:02_mabniyat/preposition_meanings.json#34
9,74,43,مِنْ,من,الْأَرْضِ,وَلِيٍّ,HARF,HARF,HARF,Hypothesis,True,registry-exact-hypothesis:exact:02_mabniyat/preposition_meanings.json#34
9,75,2,مَنْ,من,وَمِنْهُمْ,عَاهَدَ,ISM_MAWSOOL,ISM_MAWSOOL,ISM_MAWSOOL|ISM_MABNI|HARF,Hypothesis,True,registry-exact-hypothesis:exact:02_mabniyat/relative_pronouns.json#3
9,75,7,مِنْ,من,آتَانَا,فَضْلِهِ,HARF,HARF,HARF,Hypothesis,True,registry-exact-hypothesis:exact:02_mabniyat/preposition_meanings.json#34
9,75,11,مِنَ,من,وَلَنَكُونَنَّ,الصَّالِحِينَ,HARF,HARF,HARF,Hypothesis,True,registry-exact-hypothesis:exact:02_mabniyat/preposition_meanings.json#32
9,76,3,مِنْ,من,آتَاهُمْ,فَضْلِهِ,HARF,HARF,HARF,Hypothesis,True,registry-exact-hypothesis:exact:02_mabniyat/preposition_meanings.json#34
9,77,8,بِمَا,بما,يَلْقَوْنَهُ,أَخْلَفُوا,ISM_MAWSOOL,ISM_MAWSOOL,ISM_MAWSOOL|ISM_MABNI|HARF,Certificate,True,MASAQ:48
9,77,11,مَا,ما,اللَّهَ,وَعَدُوهُ,ISM_MAWSOOL,ISM_MAWSOOL,ISM_MAWSOOL|ISM_MABNI|HARF,Hypothesis,True,registry-exact-hypothesis:exact:02_mabniyat/relative_pronouns.json#13
9,78,3,أَنَّ,أن,يَعْلَمُوا,اللَّهَ,HARF,HARF,HARF,Certificate,False,registry:exact:02_mabniyat/copulative_particle.json#2
9,79,4,مِنَ,من,الْمُطَّوِّعِينَ,الْمُؤْمِنِينَ,HARF,HARF,HARF,Hypothesis,True,registry-exact-hypothesis:exact:02_mabniyat/preposition_meanings.json#32
9,79,11,إِلَّا,إلا,يَجِدُونَ,جُهْدَهُمْ,HARF,HARF,,Certificate,False,MASAQ:106
9,80,7,إِنْ,إن,لَهُمْ,تَسْتَغْفِرْ,HARF,HARF,HARF,Certificate,False,registry:exact:02_mabniyat/conditional_letters_tools.json#1
9,81,8,أَنْ,أن,وَكَرِهُوا,يُجَاهِدُوا,HARF,HARF,HARF,Certificate,False,registry:plain:02_mabniyat/present_naseb_tools.json#1
9,82,6,بِمَا,بما,جَزَاءً,كَانُوا,ISM_MAWSOOL,ISM_MAWSOOL,ISM_MAWSOOL|ISM_MABNI|HARF,Certificate,True,MASAQ:48
9,85,8,أَنْ,أن,اللَّهُ,يُعَذِّبَهُمْ,HARF,HARF,HARF,Certificate,False,registry:plain:02_mabniyat/present_naseb_tools.json#1
9,86,4,أَنْ,أن,سُورَةٌ,آمِنُوا,HARF,HARF,HARF,Certificate,False,registry:plain:02_mabniyat/present_naseb_tools.json#1
9,89,6,مِنْ,من,تَجْرِي,تَحْتِهَا,HARF,HARF,HARF,Hypothesis,True,registry-exact-hypothesis:exact:02_mabniyat/preposition_meanings.json#34
9,90,3,مِنَ,من,الْمُعَذِّرُونَ,الْأَعْرَابِ,HARF,HARF,HARF,Hypothesis,True,registry-exact-hypothesis:exact:02_mabniyat/preposition_meanings.json#32
9,91,12,مَا,ما,يَجِدُونَ,يُنْفِقُونَ,ISM_MAWSOOL,ISM_MAWSOOL,ISM_MAWSOOL|ISM_MABNI|HARF,Hypothesis,True,registry-exact-hypothesis:exact:02_mabniyat/relative_pronouns.json#13
9,91,19,مَا,ما,وَرَسُولِهِ,عَلَى,HARF,ISM_MAWSOOL,ISM_MAWSOOL|ISM_MABNI|HARF,Hypothesis,True,registry-exact-hypothesis:exact:02_mabniyat/relative_pronouns.json#13
9,91,22,مِنْ,من,الْمُحْسِنِينَ,سَبِيلٍ,HARF,HARF,HARF,Hypothesis,True,registry-exact-hypothesis:exact:02_mabniyat/preposition_meanings.json#34
9,92,11,مَا,ما,أَجِدُ,أَحْمِلُكُمْ,ISM_MAWSOOL,ISM_MAWSOOL,ISM_MAWSOOL|ISM_MABNI|HARF,Hypothesis,True,registry-exact-hypothesis:exact:02_mabniyat/relative_pronouns.json#13
9,92,17,مِنَ,من,تَفِيضُ,الدَّمْعِ,HARF,HARF,HARF,Hypothesis,True,registry-exact-hypothesis:exact:02_mabniyat/preposition_meanings.json#32
9,92,22,مَا,ما,يَجِدُوا,يُنْفِقُونَ,ISM_MAWSOOL,ISM_MAWSOOL,ISM_MAWSOOL|ISM_MABNI|HARF,Hypothesis,True,registry-exact-hypothesis:exact:02_mabniyat/relative_pronouns.json#13
9,94,15,مِنْ,من,اللَّهُ,أَخْبَارِكُمْ,HARF,HARF,HARF,Hypothesis,True,registry-exact-hypothesis:exact:02_mabniyat/preposition_meanings.json#34
9,94,28,بِمَا,بما,فَيُنَبِّئُكُمْ,كُنْتُمْ,ISM_MAWSOOL,ISM_MAWSOOL,ISM_MAWSOOL|ISM_MABNI|HARF,Certificate,True,MASAQ:48
9,95,16,بِمَا,بما,جَزَاءً,كَانُوا,ISM_MAWSOOL,ISM_MAWSOOL,ISM_MAWSOOL|ISM_MABNI|HARF,Certificate,True,MASAQ:48
9,97,9,مَا,ما,حُدُودَ,أَنْزَلَ,ISM_MAWSOOL,ISM_MAWSOOL,ISM_MAWSOOL|ISM_MABNI|HARF,Hypothesis,True,registry-exact-hypothesis:exact:02_mabniyat/relative_pronouns.json#13
9,98,3,مَنْ,من,الْأَعْرَابِ,يَتَّخِذُ,ISM_MAWSOOL,ISM_MAWSOOL,ISM_MAWSOOL|ISM_MABNI|HARF,Hypothesis,True,registry-exact-hypothesis:exact:02_mabniyat/relative_pronouns.json#3
9,98,5,مَا,ما,يَتَّخِذُ,يُنْفِقُ,ISM_MAWSOOL,ISM_MAWSOOL,ISM_MAWSOOL|ISM_MABNI|HARF,Hypothesis,True,registry-exact-hypothesis:exact:02_mabniyat/relative_pronouns.json#13
9,99,3,مَنْ,من,الْأَعْرَابِ,يُؤْمِنُ,ISM_MAWSOOL,ISM_MAWSOOL,ISM_MAWSOOL|ISM_MABNI|HARF,Hypothesis,True,registry-exact-hypothesis:exact:02_mabniyat/relative_pronouns.json#3
9,99,9,مَا,ما,وَيَتَّخِذُ,يُنْفِقُ,ISM_MAWSOOL,ISM_MAWSOOL,ISM_MAWSOOL|ISM_MABNI|HARF,Hypothesis,True,registry-exact-hypothesis:exact:02_mabniyat/relative_pronouns.json#13
9,99,24,إِنَّ,إن,رَحْمَتِهِ,اللَّهَ,HARF,HARF,HARF,Certificate,False,registry:exact:02_mabniyat/letters_answers.json#4
9,100,3,مِنَ,من,الْأَوَّلُونَ,الْمُهَاجِرِينَ,HARF,HARF,HARF,Hypothesis,True,registry-exact-hypothesis:exact:02_mabniyat/preposition_meanings.json#32
9,101,3,مِنَ,من,حَوْلَكُمْ,الْأَعْرَابِ,HARF,HARF,HARF,Hypothesis,True,registry-exact-hypothesis:exact:02_mabniyat/preposition_meanings.json#32
9,102,11,أَنْ,أن,اللَّهُ,يَتُوبَ,HARF,HARF,HARF,Certificate,False,registry:plain:02_mabniyat/present_naseb_tools.json#1
9,102,14,إِنَّ,إن,عَلَيْهِمْ,اللَّهَ,HARF,HARF,HARF,Certificate,False,registry:exact:02_mabniyat/letters_answers.json#4
9,103,2,مِنْ,من,خُذْ,أَمْوَالِهِمْ,HARF,HARF,HARF,Hypothesis,True,registry-exact-hypothesis:exact:02_mabniyat/preposition_meanings.json#34
9,103,10,إِنَّ,إن,عَلَيْهِمْ,صَلَاتَكَ,HARF,HARF,HARF,Certificate,False,registry:exact:02_mabniyat/letters_answers.json#4
9,104,3,أَنَّ,أن,يَعْلَمُوا,اللَّهَ,HARF,HARF,HARF,Certificate,False,registry:exact:02_mabniyat/copulative_particle.json#2
9,105,14,بِمَا,بما,فَيُنَبِّئُكُمْ,كُنْتُمْ,ISM_MAWSOOL,ISM_MAWSOOL,ISM_MAWSOOL|ISM_MABNI|HARF,Certificate,True,MASAQ:48
9,107,14,مِنْ,من,وَرَسُولَهُ,قَبْلُ,HARF,HARF,HARF,Hypothesis,True,registry-exact-hypothesis:exact:02_mabniyat/preposition_meanings.json#34
9,107,17,إِنْ,إن,وَلَيَحْلِفُنَّ,أَرَدْنَا,HARF,HARF,HARF,Certificate,False,registry:exact:02_mabniyat/conditional_letters_tools.json#1
9,107,19,إِلَّا,إلا,أَرَدْنَا,الْحُسْنَى,HARF,HARF,,Certificate,False,MASAQ:106
9,108,9,مِنْ,من,التَّقْوَى,أَوَّلِ,HARF,HARF,HARF,Hypothesis,True,registry-exact-hypothesis:exact:02_mabniyat/preposition_meanings.json#34
9,108,13,أَنْ,أن,أَحَقُّ,تَقُومَ,HARF,HARF,HARF,Certificate,False,registry:plain:02_mabniyat/present_naseb_tools.json#1
9,108,19,أَنْ,أن,يُحِبُّونَ,يَتَطَهَّرُوا,HARF,HARF,HARF,Certificate,False,registry:plain:02_mabniyat/present_naseb_tools.json#1
9,109,6,مِنَ,من,تَقْوَى,اللَّهِ,HARF,HARF,HARF,Hypothesis,True,registry-exact-hypothesis:exact:02_mabniyat/preposition_meanings.json#32
9,109,11,مَنْ,من,أَمْ,أَسَّسَ,ISM_MAWSOOL,ISM_MAWSOOL,ISM_MAWSOOL|ISM_MABNI|HARF,Hypothesis,True,registry-exact-hypothesis:exact:02_mabniyat/relative_pronouns.json#3
9,110,9,إِلَّا,إلا,قُلُوبِهِمْ,أَنْ,HARF,HARF,,Certificate,False,MASAQ:106
9,110,10,أَنْ,أن,إِلَّا,تَقَطَّعَ,HARF,HARF,HARF,Certificate,False,registry:plain:02_mabniyat/present_naseb_tools.json#1
9,111,1,إِنَّ,إن,,اللَّهَ,HARF,HARF,HARF,Certificate,False,registry:exact:02_mabniyat/letters_answers.json#4
9,111,4,مِنَ,من,اشْتَرَى,الْمُؤْمِنِينَ,HARF,HARF,HARF,Hypothesis,True,registry-exact-hypothesis:exact:02_mabniyat/preposition_meanings.json#32
9,111,27,مِنَ,من,بِعَهْدِهِ,اللَّهِ,HARF,HARF,HARF,Hypothesis,True,registry-exact-hypothesis:exact:02_mabniyat/preposition_meanings.json#32
9,113,1,مَا,ما,,كَانَ,HARF,ISM_MAWSOOL,ISM_MAWSOOL|ISM_MABNI|HARF,Hypothesis,True,registry-exact-hypothesis:exact:02_mabniyat/relative_pronouns.json#13
9,113,6,أَنْ,أن,آمَنُوا,يَسْتَغْفِرُوا,HARF,HARF,HARF,Certificate,False,registry:plain:02_mabniyat/present_naseb_tools.json#1
9,113,13,مِنْ,من,قُرْبَى,بَعْدِ,HARF,HARF,HARF,Hypothesis,True,registry-exact-hypothesis:exact:02_mabniyat/preposition_meanings.json#34
9,113,15,مَا,ما,بَعْدِ,تَبَيَّنَ,ISM_MAWSOOL,ISM_MAWSOOL,ISM_MAWSOOL|ISM_MABNI|HARF,Hypothesis,True,registry-exact-hypothesis:exact:02_mabniyat/relative_pronouns.json#13
9,114,6,إِلَّا,إلا,لِأَبِيهِ,عَنْ,HARF,HARF,,Certificate,False,MASAQ:106
9,114,19,إِنَّ,إن,مِنْهُ,إِبْرَاهِيمَ,HARF,HARF,HARF,Certificate,False,registry:exact:02_mabniyat/letters_answers.json#4
9,115,9,حَتَّى,حتى,هَدَاهُمْ,يُبَيِّنَ,HARF,HARF,HARF,Certificate,False,registry:exact:02_mabniyat/preposition_meanings.json#48
9,115,12,مَا,ما,لَهُمْ,يَتَّقُونَ,ISM_MAWSOOL,ISM_MAWSOOL,ISM_MAWSOOL|ISM_MABNI|HARF,Hypothesis,True,registry-exact-hypothesis:exact:02_mabniyat/relative_pronouns.json#13
9,115,14,إِنَّ,إن,يَتَّقُونَ,اللَّهَ,HARF,HARF,HARF,Certificate,False,registry:exact:02_mabniyat/letters_answers.json#4
9,116,1,إِنَّ,إن,,اللَّهَ,HARF,HARF,HARF,Certificate,False,registry:exact:02_mabniyat/letters_answers.json#4
9,116,11,مِنْ,من,لَكُمْ,دُونِ,HARF,HARF,HARF,Hypothesis,True,registry-exact-hypothesis:exact:02_mabniyat/preposition_meanings.json#34
9,116,12,دُونِ,دون,مِنْ,اللَّهِ,ISM_MUARAB,ISM_MUARAB,,Certificate,False,MASAQ:310
9,116,14,مِنْ,من,اللَّهِ,وَلِيٍّ,HARF,HARF,HARF,Hypothesis,True,registry-exact-hypothesis:exact:02_mabniyat/preposition_meanings.json#34
9,117,13,مِنْ,من,الْعُسْرَةِ,بَعْدِ,HARF,HARF,HARF,Hypothesis,True,registry-exact-hypothesis:exact:02_mabniyat/preposition_meanings.json#34
9,117,15,مَا,ما,بَعْدِ,كَادَ,HARF,ISM_MAWSOOL,ISM_MAWSOOL|ISM_MABNI|HARF,Hypothesis,True,registry-exact-hypothesis:exact:02_mabniyat/relative_pronouns.json#13
9,118,5,حَتَّى,حتى,خُلِّفُوا,إِذَا,HARF,HARF,HARF,Certificate,False,registry:exact:02_mabniyat/preposition_meanings.json#48
9,118,10,بِمَا,بما,الْأَرْضُ,رَحُبَتْ,ISM_MAWSOOL,ISM_MAWSOOL,ISM_MAWSOOL|ISM_MABNI|HARF,Certificate,True,MASAQ:48
9,118,16,أَنْ,أن,وَظَنُّوا,لَا,HARF,HARF,HARF,Certificate,False,registry:plain:02_mabniyat/present_naseb_tools.json#1
9,118,19,مِنَ,من,مَلْجَأَ,اللَّهِ,HARF,HARF,HARF,Hypothesis,True,registry-exact-hypothesis:exact:02_mabniyat/preposition_meanings.json#32
9,118,21,إِلَّا,إلا,اللَّهِ,إِلَيْهِ,HARF,HARF,,Certificate,False,MASAQ:106
9,118,27,إِنَّ,إن,لِيَتُوبُوا,اللَّهَ,HARF,HARF,HARF,Certificate,False,registry:exact:02_mabniyat/letters_answers.json#4
9,120,1,مَا,ما,,كَانَ,HARF,ISM_MAWSOOL,ISM_MAWSOOL|ISM_MABNI|HARF,Hypothesis,True,registry-exact-hypothesis:exact:02_mabniyat/relative_pronouns.json#13
9,120,7,مِنَ,من,حَوْلَهُمْ,الْأَعْرَابِ,HARF,HARF,HARF,Hypothesis,True,registry-exact-hypothesis:exact:02_mabniyat/preposition_meanings.json#32
9,120,9,أَنْ,أن,الْأَعْرَابِ,يَتَخَلَّفُوا,HARF,HARF,HARF,Certificate,False,registry:plain:02_mabniyat/present_naseb_tools.json#1
9,120,38,مِنْ,من,يَنَالُونَ,عَدُوٍّ,HARF,HARF,HARF,Hypothesis,True,registry-exact-hypothesis:exact:02_mabniyat/preposition_meanings.json#34
9,120,41,إِلَّا,إلا,نَيْلَاً,كُتِبَ,HARF,HARF,,Certificate,False,MASAQ:106
9,120,47,إِنَّ,إن,صَالِحٌ,اللَّهَ,HARF,HARF,HARF,Certificate,False,registry:exact:02_mabniyat/letters_answers.json#4
9,121,10,إِلَّا,إلا,وَادِيَاً,كُتِبَ,HARF,HARF,,Certificate,False,MASAQ:106
9,121,16,مَا,ما,أَحْسَنَ,كَانُوا,ISM_MAWSOOL,ISM_MAWSOOL,ISM_MAWSOOL|ISM_MABNI|HARF,Hypothesis,True,registry-exact-hypothesis:exact:02_mabniyat/relative_pronouns.json#13
9,122,8,مِنْ,من,نَفَرَ,كُلِّ,HARF,HARF,HARF,Hypothesis,True,registry-exact-hypothesis:exact:02_mabniyat/preposition_meanings.json#34
9,123,7,مِنَ,من,يَلُونَكُمْ,الْكُفَّارِ,HARF,HARF,HARF,Hypothesis,True,registry-exact-hypothesis:exact:02_mabniyat/preposition_meanings.json#32
9,123,13,أَنَّ,أن,وَاعْلَمُوا,اللَّهَ,HARF,HARF,HARF,Certificate,False,registry:exact:02_mabniyat/copulative_particle.json#2
9,124,6,مَنْ,من,فَمِنْهُمْ,يَقُولُ,ISM_MAWSOOL,ISM_MAWSOOL,ISM_MAWSOOL|ISM_MABNI|HARF,Hypothesis,True,registry-exact-hypothesis:exact:02_mabniyat/relative_pronouns.json#3
9,127,11,مِنْ,من,يَرَاكُمْ,أَحَدٍ,HARF,HARF,HARF,Hypothesis,True,registry-exact-hypothesis:exact:02_mabniyat/preposition_meanings.json#34
9,128,4,مِنْ,من,رَسُولٌ,أَنْفُسِكُمْ,HARF,HARF,HARF,Hypothesis,True,registry-exact-hypothesis:exact:02_mabniyat/preposition_meanings.json#34
9,128,8,مَا,ما,عَلَيْهِ,عَنِتُّمْ,ISM_MAWSOOL,ISM_MAWSOOL,ISM_MAWSOOL|ISM_MABNI|HARF,Hypothesis,True,registry-exact-hypothesis:exact:02_mabniyat/relative_pronouns.json#13
9,129,8,إِلَّا,إلا,إِلَهَ,هُوَ,HARF,HARF,,Certificate,False,MASAQ:106
10,2,4,أَنْ,أن,عَجَبَاً,أَوْحَيْنَا,HARF,HARF,HARF,Certificate,False,registry:plain:02_mabniyat/present_naseb_tools.json#1
10,2,9,أَنْ,أن,مِنْهُمْ,أَنْذِرِ,HARF,HARF,HARF,Certificate,False,registry:plain:02_mabniyat/present_naseb_tools.json#1
10,2,15,أَنَّ,أن,آمَنُوا,لَهُمْ,HARF,HARF,HARF,Certificate,False,registry:exact:02_mabniyat/copulative_particle.json#2
10,2,23,إِنَّ,إن,الْكَافِرُونَ,هَذَا,HARF,HARF,HARF,Certificate,False,registry:exact:02_mabniyat/letters_answers.json#4
10,3,1,إِنَّ,إن,,رَبَّكُمُ,HARF,HARF,HARF,Certificate,False,registry:exact:02_mabniyat/letters_answers.json#4
10,3,17,مَا,ما,الْأَمْرَ,مِنْ,HARF,ISM_MAWSOOL,ISM_MAWSOOL|ISM_MABNI|HARF,Hypothesis,True,registry-exact-hypothesis:exact:02_mabniyat/relative_pronouns.json#13
10,3,18,مِنْ,من,مَا,شَفِيعٍ,HARF,HARF,HARF,Hypothesis,True,registry-exact-hypothesis:exact:02_mabniyat/preposition_meanings.json#34
10,3,20,إِلَّا,إلا,شَفِيعٍ,مِنْ,HARF,HARF,,Certificate,False,MASAQ:106
10,3,21,مِنْ,من,إِلَّا,بَعْدِ,HARF,HARF,HARF,Hypothesis,True,registry-exact-hypothesis:exact:02_mabniyat/preposition_meanings.json#34
10,4,22,مِنْ,من,شَرَابٌ,حَمِيمٍ,HARF,HARF,HARF,Hypothesis,True,registry-exact-hypothesis:exact:02_mabniyat/preposition_meanings.json#34
10,4,26,بِمَا,بما,أَلِيمٌ,كَانُوا,ISM_MAWSOOL,ISM_MAWSOOL,ISM_MAWSOOL|ISM_MABNI|HARF,Certificate,True,MASAQ:48
10,5,14,مَا,ما,وَالْحِسَابَ,خَلَقَ,HARF,ISM_MAWSOOL,ISM_MAWSOOL|ISM_MABNI|HARF,Hypothesis,True,registry-exact-hypothesis:exact:02_mabniyat/relative_pronouns.json#13
10,5,18,إِلَّا,إلا,ذَلِكَ,بِالْحَقِّ,HARF,HARF,,Certificate,False,MASAQ:106
10,6,1,إِنَّ,إن,,فِي,HARF,HARF,HARF,Certificate,False,registry:exact:02_mabniyat/letters_answers.json#4
10,7,1,إِنَّ,إن,,الَّذِينَ,HARF,HARF,HARF,Certificate,False,registry:exact:02_mabniyat/letters_answers.json#4
10,8,4,بِمَا,بما,النَّارُ,كَانُوا,ISM_MAWSOOL,ISM_MAWSOOL,ISM_MAWSOOL|ISM_MABNI|HARF,Certificate,True,MASAQ:48
10,9,1,إِنَّ,إن,,الَّذِينَ,HARF,HARF,HARF,Certificate,False,registry:exact:02_mabniyat/letters_answers.json#4
10,9,10,مِنْ,من,تَجْرِي,تَحْتِهِمُ,HARF,HARF,HARF,Hypothesis,True,registry-exact-hypothesis:exact:02_mabniyat/preposition_meanings.json#34
10,10,10,أَنِ,أن,دَعْوَاهُمْ,الْحَمْدُ,HARF,HARF,HARF,Certificate,False,registry:plain:02_mabniyat/present_naseb_tools.json#1
10,12,25,مَا,ما,لِلْمُسْرِفِينَ,كَانُوا,ISM_MAWSOOL,ISM_MAWSOOL,ISM_MAWSOOL|ISM_MABNI|HARF,Hypothesis,True,registry-exact-hypothesis:exact:02_mabniyat/relative_pronouns.json#13
10,13,4,مِنْ,من,الْقُرُونَ,قَبْلِكُمْ,HARF,HARF,HARF,Hypothesis,True,registry-exact-hypothesis:exact:02_mabniyat/preposition_meanings.json#34
10,14,6,مِنْ,من,الْأَرْضِ,بَعْدِهِمْ,HARF,HARF,HARF,Hypothesis,True,registry-exact-hypothesis:exact:02_mabniyat/preposition_meanings.json#34
10,15,13,غَيْرِ,غير,بِقُرْآنٍ,هَذَا,ISM_MUARAB,ISM_MUARAB,,Certificate,False,MASAQ:25
10,15,21,أَنْ,أن,لِي,أُبَدِّلَهُ,HARF,HARF,HARF,Certificate,False,registry:plain:02_mabniyat/present_naseb_tools.json#1
10,15,23,مِنْ,من,أُبَدِّلَهُ,تِلْقَاءِ,HARF,HARF,HARF,Hypothesis,True,registry-exact-hypothesis:exact:02_mabniyat/preposition_meanings.json#34
10,15,26,إِنْ,إن,نَفْسِي,أَتَّبِعُ,HARF,HARF,HARF,Certificate,False,registry:exact:02_mabniyat/conditional_letters_tools.json#1
10,15,28,إِلَّا,إلا,أَتَّبِعُ,مَا,HARF,HARF,,Certificate,False,MASAQ:106
10,15,29,مَا,ما,إِلَّا,يُوحَى,ISM_MAWSOOL,ISM_MAWSOOL,ISM_MAWSOOL|ISM_MABNI|HARF,Hypothesis,True,registry-exact-hypothesis:exact:02_mabniyat/relative_pronouns.json#13
10,15,34,إِنْ,إن,أَخَافُ,عَصَيْتُ,HARF,HARF,HARF,Certificate,False,registry:exact:02_mabniyat/conditional_letters_tools.json#1
10,16,5,مَا,ما,اللَّهُ,تَلَوْتُهُ,HARF,ISM_MAWSOOL,ISM_MAWSOOL|ISM_MABNI|HARF,Hypothesis,True,registry-exact-hypothesis:exact:02_mabniyat/relative_pronouns.json#13
10,16,15,مِنْ,من,عُمُرَاً,قَبْلِهِ,HARF,HARF,HARF,Hypothesis,True,registry-exact-hypothesis:exact:02_mabniyat/preposition_meanings.json#34
10,18,2,مِنْ,من,وَيَعْبُدُونَ,دُونِ,HARF,HARF,HARF,Hypothesis,True,registry-exact-hypothesis:exact:02_mabniyat/preposition_meanings.json#34
10,18,3,دُونِ,دون,مِنْ,اللَّهِ,ISM_MUARAB,ISM_MUARAB,,Certificate,False,MASAQ:310
10,18,5,مَا,ما,اللَّهِ,لَا,ISM_MAWSOOL,ISM_MAWSOOL,ISM_MAWSOOL|ISM_MABNI|HARF,Hypothesis,True,registry-exact-hypothesis:exact:02_mabniyat/relative_pronouns.json#13
10,18,18,بِمَا,بما,اللَّهَ,لَا,ISM_MAWSOOL,ISM_MAWSOOL,ISM_MAWSOOL|ISM_MABNI|HARF,Certificate,True,MASAQ:48
10,19,4,إِلَّا,إلا,النَّاسُ,أُمَّةً,HARF,HARF,,Certificate,False,MASAQ:106
10,19,11,مِنْ,من,سَبَقَتْ,رَبِّكَ,HARF,HARF,HARF,Hypothesis,True,registry-exact-hypothesis:exact:02_mabniyat/preposition_meanings.json#34
10,20,6,مِنْ,من,آيَةٌ,رَبِّهِ,HARF,HARF,HARF,Hypothesis,True,registry-exact-hypothesis:exact:02_mabniyat/preposition_meanings.json#34
10,20,15,مِنَ,من,مَعَكُمْ,الْمُنْتَظِرِينَ,HARF,HARF,HARF,Hypothesis,True,registry-exact-hypothesis:exact:02_mabniyat/preposition_meanings.json#32
10,21,5,مِنْ,من,رَحْمَةً,بَعْدِ,HARF,HARF,HARF,Hypothesis,True,registry-exact-hypothesis:exact:02_mabniyat/preposition_meanings.json#34
10,21,18,إِنَّ,إن,مَكْرَاً,رُسُلَنَا,HARF,HARF,HARF,Certificate,False,registry:exact:02_mabniyat/letters_answers.json#4
10,21,21,مَا,ما,يَكْتُبُونَ,تَمْكُرُونَ,ISM_MAWSOOL,ISM_MAWSOOL,ISM_MAWSOOL|ISM_MABNI|HARF,Hypothesis,True,registry-exact-hypothesis:exact:02_mabniyat/relative_pronouns.json#13
10,22,7,حَتَّى,حتى,وَالْبَحْرِ,إِذَا,HARF,HARF,HARF,Certificate,False,registry:exact:02_mabniyat/preposition_meanings.json#48
10,22,23,مِنْ,من,الْمَوْجُ,كُلِّ,HARF,HARF,HARF,Hypothesis,True,registry-exact-hypothesis:exact:02_mabniyat/preposition_meanings.json#34
10,22,37,مِنْ,من,أَنْجَيْتَنَا,هَذِهِ,HARF,HARF,HARF,Hypothesis,True,registry-exact-hypothesis:exact:02_mabniyat/preposition_meanings.json#34
10,22,40,مِنَ,من,لَنَكُونَنَّ,الشَّاكِرِينَ,HARF,HARF,HARF,Hypothesis,True,registry-exact-hypothesis:exact:02_mabniyat/preposition_meanings.json#32
10,23,23,بِمَا,بما,فَنُنَبِّئُكُمْ,كُنْتُمْ,ISM_MAWSOOL,ISM_MAWSOOL,ISM_MAWSOOL|ISM_MABNI|HARF,Certificate,True,MASAQ:48
10,24,7,مِنَ,من,أَنْزَلْنَاهُ,السَّمَاءِ,HARF,HARF,HARF,Hypothesis,True,registry-exact-hypothesis:exact:02_mabniyat/preposition_meanings.json#32
10,24,17,حَتَّى,حتى,وَالْأَنْعَامُ,إِذَا,HARF,HARF,HARF,Certificate,False,registry:exact:02_mabniyat/preposition_meanings.json#48
10,25,7,مَنْ,من,وَيَهْدِي,يَشَاءُ,ISM_MAWSOOL,ISM_MAWSOOL,ISM_MAWSOOL|ISM_MABNI|HARF,Hypothesis,True,registry-exact-hypothesis:exact:02_mabniyat/relative_pronouns.json#3
10,27,9,مَا,ما,ذِلَّةٌ,لَهُمْ,HARF,ISM_MAWSOOL,ISM_MAWSOOL|ISM_MABNI|HARF,Hypothesis,True,registry-exact-hypothesis:exact:02_mabniyat/relative_pronouns.json#13
10,27,11,مِنَ,من,لَهُمْ,اللَّهِ,HARF,HARF,HARF,Hypothesis,True,registry-exact-hypothesis:exact:02_mabniyat/preposition_meanings.json#32
10,27,13,مِنْ,من,اللَّهِ,عَاصِمٍ,HARF,HARF,HARF,Hypothesis,True,registry-exact-hypothesis:exact:02_mabniyat/preposition_meanings.json#34
10,27,19,مِنَ,من,قِطَعَاً,اللَّيْلِ,HARF,HARF,HARF,Hypothesis,True,registry-exact-hypothesis:exact:02_mabniyat/preposition_meanings.json#32
10,28,15,مَا,ما,شُرَكَاؤُهُمْ,كُنْتُمْ,HARF,ISM_MAWSOOL,ISM_MAWSOOL|ISM_MABNI|HARF,Hypothesis,True,registry-exact-hypothesis:exact:02_mabniyat/relative_pronouns.json#13
10,29,6,إِنْ,إن,وَبَيْنَكُمْ,كُنَّا,HARF,HARF,HARF,Certificate,False,registry:exact:02_mabniyat/conditional_letters_tools.json#1
10,30,5,مَا,ما,نَفْسٍ,أَسْلَفَتْ,ISM_MAWSOOL,ISM_MAWSOOL,ISM_MAWSOOL|ISM_MABNI|HARF,Hypothesis,True,registry-exact-hypothesis:exact:02_mabniyat/relative_pronouns.json#13
10,30,14,مَا,ما,عَنْهُمْ,كَانُوا,ISM_MAWSOOL,ISM_MAWSOOL,ISM_MAWSOOL|ISM_MABNI|HARF,Hypothesis,True,registry-exact-hypothesis:exact:02_mabniyat/relative_pronouns.json#13
10,31,2,مَنْ,من,قُلْ,يَرْزُقُكُمْ,HARF,ISM_MAWSOOL,ISM_MAWSOOL|ISM_MABNI|HARF,Hypothesis,True,registry-exact-hypothesis:exact:02_mabniyat/relative_pronouns.json#3
10,31,4,مِنَ,من,يَرْزُقُكُمْ,السَّمَاءِ,HARF,HARF,HARF,Hypothesis,True,registry-exact-hypothesis:exact:02_mabniyat/preposition_meanings.json#32
10,31,14,مِنَ,من,الْحَيَّ,الْمَيِّتِ,HARF,HARF,HARF,Hypothesis,True,registry-exact-hypothesis:exact:02_mabniyat/preposition_meanings.json#32
10,31,18,مِنَ,من,الْمَيِّتَ,الْحَيِّ,HARF,HARF,HARF,Hypothesis,True,registry-exact-hypothesis:exact:02_mabniyat/preposition_meanings.json#32
10,32,8,إِلَّا,إلا,الْحَقِّ,الضَّلَالُ,HARF,HARF,,Certificate,False,MASAQ:106
10,34,3,مِنْ,من,هَلْ,شُرَكَائِكُمْ,HARF,HARF,HARF,Hypothesis,True,registry-exact-hypothesis:exact:02_mabniyat/preposition_meanings.json#34
10,34,5,مَنْ,من,شُرَكَائِكُمْ,يَبْدَأُ,ISM_MAWSOOL,ISM_MAWSOOL,ISM_MAWSOOL|ISM_MABNI|HARF,Hypothesis,True,registry-exact-hypothesis:exact:02_mabniyat/relative_pronouns.json#3
10,35,3,مِنْ,من,هَلْ,شُرَكَائِكُمْ,HARF,HARF,HARF,Hypothesis,True,registry-exact-hypothesis:exact:02_mabniyat/preposition_meanings.json#34
10,35,5,مَنْ,من,شُرَكَائِكُمْ,يَهْدِي,ISM_MAWSOOL,ISM_MAWSOOL,ISM_MAWSOOL|ISM_MABNI|HARF,Hypothesis,True,registry-exact-hypothesis:exact:02_mabniyat/relative_pronouns.json#3
10,35,18,أَنْ,أن,أَحَقُّ,يُتَّبَعَ,HARF,HARF,HARF,Certificate,False,registry:plain:02_mabniyat/present_naseb_tools.json#1
10,35,23,إِلَّا,إلا,يَهِدِّي,أَنْ,HARF,HARF,,Certificate,False,MASAQ:106
10,35,24,أَنْ,أن,إِلَّا,يُهْدَى,HARF,HARF,HARF,Certificate,False,registry:plain:02_mabniyat/present_naseb_tools.json#1
10,36,4,إِلَّا,إلا,أَكْثَرُهُمْ,ظَنَّاً,HARF,HARF,,Certificate,False,MASAQ:106
10,36,6,إِنَّ,إن,ظَنَّاً,الظَّنَّ,HARF,HARF,HARF,Certificate,False,registry:exact:02_mabniyat/letters_answers.json#4
10,36,10,مِنَ,من,يُغْنِي,الْحَقِّ,HARF,HARF,HARF,Hypothesis,True,registry-exact-hypothesis:exact:02_mabniyat/preposition_meanings.json#32
10,36,13,إِنَّ,إن,شَيْئَاً,اللَّهَ,HARF,HARF,HARF,Certificate,False,registry:exact:02_mabniyat/letters_answers.json#4
10,36,16,بِمَا,بما,عَلِيمٌ,يَفْعَلُونَ,ISM_MAWSOOL,ISM_MAWSOOL,ISM_MAWSOOL|ISM_MABNI|HARF,Certificate,True,MASAQ:48
10,37,5,أَنْ,أن,الْقُرْآنُ,يُفْتَرَى,HARF,HARF,HARF,Certificate,False,registry:plain:02_mabniyat/present_naseb_tools.json#1
10,37,7,مِنْ,من,يُفْتَرَى,دُونِ,HARF,HARF,HARF,Hypothesis,True,registry-exact-hypothesis:exact:02_mabniyat/preposition_meanings.json#34
10,37,8,دُونِ,دون,مِنْ,اللَّهِ,ISM_MUARAB,ISM_MUARAB,,Certificate,False,MASAQ:310
10,37,20,مِنْ,من,فِيهِ,رَبِّ,HARF,HARF,HARF,Hypothesis,True,registry-exact-hypothesis:exact:02_mabniyat/preposition_meanings.json#34
10,38,9,مَنِ,من,وَادْعُوا,اسْتَطَعْتُمْ,ISM_MAWSOOL,ISM_MAWSOOL,ISM_MAWSOOL|ISM_MABNI|HARF,Certificate,True,MASAQ:3539
10,38,11,مِنْ,من,اسْتَطَعْتُمْ,دُونِ,HARF,HARF,HARF,Hypothesis,True,registry-exact-hypothesis:exact:02_mabniyat/preposition_meanings.json#34
10,38,12,دُونِ,دون,مِنْ,اللَّهِ,ISM_MUARAB,ISM_MUARAB,,Certificate,False,MASAQ:310
10,38,14,إِنْ,إن,اللَّهِ,كُنْتُمْ,HARF,HARF,HARF,Certificate,False,registry:exact:02_mabniyat/conditional_letters_tools.json#1
10,39,3,بِمَا,بما,كَذَّبُوا,لَمْ,ISM_MAWSOOL,ISM_MAWSOOL,ISM_MAWSOOL|ISM_MABNI|HARF,Certificate,True,MASAQ:48
10,39,13,مِنْ,من,الَّذِينَ,قَبْلِهِمْ,HARF,HARF,HARF,Hypothesis,True,registry-exact-hypothesis:exact:02_mabniyat/preposition_meanings.json#34
10,40,2,مَنْ,من,وَمِنْهُمْ,يُؤْمِنُ,ISM_MAWSOOL,ISM_MAWSOOL,ISM_MAWSOOL|ISM_MABNI|HARF,Hypothesis,True,registry-exact-hypothesis:exact:02_mabniyat/relative_pronouns.json#3
10,40,6,مَنْ,من,وَمِنْهُمْ,لَا,ISM_MAWSOOL,ISM_MAWSOOL,ISM_MAWSOOL|ISM_MABNI|HARF,Hypothesis,True,registry-exact-hypothesis:exact:02_mabniyat/relative_pronouns.json#3
10,42,2,مَنْ,من,وَمِنْهُمْ,يَسْتَمِعُونَ,ISM_MAWSOOL,ISM_MAWSOOL,ISM_MAWSOOL|ISM_MABNI|HARF,Hypothesis,True,registry-exact-hypothesis:exact:02_mabniyat/relative_pronouns.json#3
10,43,2,مَنْ,من,وَمِنْهُمْ,يَنْظُرُ,ISM_MAWSOOL,ISM_MAWSOOL,ISM_MAWSOOL|ISM_MABNI|HARF,Hypothesis,True,registry-exact-hypothesis:exact:02_mabniyat/relative_pronouns.json#3
10,44,1,إِنَّ,إن,,اللَّهَ,HARF,HARF,HARF,Certificate,False,registry:exact:02_mabniyat/letters_answers.json#4
10,45,6,إِلَّا,إلا,يَلْبَثُوا,سَاعَةً,HARF,HARF,,Certificate,False,MASAQ:106
10,45,8,مِنَ,من,سَاعَةً,النَّهَارِ,HARF,HARF,HARF,Hypothesis,True,registry-exact-hypothesis:exact:02_mabniyat/preposition_meanings.json#32
10,46,14,مَا,ما,عَلَى,يَفْعَلُونَ,ISM_MAWSOOL,ISM_MAWSOOL,ISM_MAWSOOL|ISM_MABNI|HARF,Hypothesis,True,registry-exact-hypothesis:exact:02_mabniyat/relative_pronouns.json#13
10,48,5,إِنْ,إن,الْوَعْدُ,كُنْتُمْ,HARF,HARF,HARF,Certificate,False,registry:exact:02_mabniyat/conditional_letters_tools.json#1
10,49,8,إِلَّا,إلا,نَفْعَاً,مَا,HARF,HARF,,Certificate,False,MASAQ:106
10,49,9,مَا,ما,إِلَّا,شَاءَ,ISM_MAWSOOL,ISM_MAWSOOL,ISM_MAWSOOL|ISM_MABNI|HARF,Hypothesis,True,registry-exact-hypothesis:exact:02_mabniyat/relative_pronouns.json#13
10,50,3,إِنْ,إن,أَرَأَيْتُمْ,أَتَاكُمْ,HARF,HARF,HARF,Certificate,False,registry:exact:02_mabniyat/conditional_letters_tools.json#1
10,51,3,مَا,ما,إِذَا,وَقَعَ,HARF,ISM_MAWSOOL,ISM_MAWSOOL|ISM_MABNI|HARF,Hypothesis,True,registry-exact-hypothesis:exact:02_mabniyat/relative_pronouns.json#13
10,52,10,إِلَّا,إلا,تُجْزَوْنَ,بِمَا,HARF,HARF,,Certificate,False,MASAQ:106
10,52,11,بِمَا,بما,إِلَّا,كُنْتُمْ,ISM_MAWSOOL,ISM_MAWSOOL,ISM_MAWSOOL|ISM_MABNI|HARF,Certificate,True,MASAQ:48
10,54,2,أَنَّ,أن,وَلَوْ,لِكُلِّ,HARF,HARF,HARF,Certificate,False,registry:exact:02_mabniyat/copulative_particle.json#2
10,54,6,مَا,ما,ظَلَمَتْ,فِي,ISM_MAWSOOL,ISM_MAWSOOL,ISM_MAWSOOL|ISM_MABNI|HARF,Hypothesis,True,registry-exact-hypothesis:exact:02_mabniyat/relative_pronouns.json#13
10,55,2,إِنَّ,إن,أَلَا,لِلَّهِ,HARF,HARF,HARF,Certificate,False,registry:exact:02_mabniyat/letters_answers.json#4
10,55,4,مَا,ما,لِلَّهِ,فِي,ISM_MAWSOOL,ISM_MAWSOOL,ISM_MAWSOOL|ISM_MABNI|HARF,Hypothesis,True,registry-exact-hypothesis:exact:02_mabniyat/relative_pronouns.json#13
10,55,9,إِنَّ,إن,أَلَا,وَعْدَ,HARF,HARF,HARF,Certificate,False,registry:exact:02_mabniyat/letters_answers.json#4
10,57,6,مِنْ,من,مَوْعِظَةٌ,رَبِّكُمْ,HARF,HARF,HARF,Hypothesis,True,registry-exact-hypothesis:exact:02_mabniyat/preposition_meanings.json#34
10,59,3,مَا,ما,أَرَأَيْتُمْ,أَنْزَلَ,ISM_MAWSOOL,ISM_MAWSOOL,ISM_MAWSOOL|ISM_MABNI|HARF,Hypothesis,True,registry-exact-hypothesis:exact:02_mabniyat/relative_pronouns.json#13
10,59,7,مِنْ,من,لَكُمْ,رِزْقٍ,HARF,HARF,HARF,Hypothesis,True,registry-exact-hypothesis:exact:02_mabniyat/preposition_meanings.json#34
10,60,10,إِنَّ,إن,الْقِيَامَةِ,اللَّهَ,HARF,HARF,HARF,Certificate,False,registry:exact:02_mabniyat/letters_answers.json#4
10,61,8,مِنْ,من,مِنْهُ,قُرْآنٍ,HARF,HARF,HARF,Hypothesis,True,registry-exact-hypothesis:exact:02_mabniyat/preposition_meanings.json#34
10,61,12,مِنْ,من,تَعْمَلُونَ,عَمَلٍ,HARF,HARF,HARF,Hypothesis,True,registry-exact-hypothesis:exact:02_mabniyat/preposition_meanings.json#34
10,61,14,إِلَّا,إلا,عَمَلٍ,كُنَّا,HARF,HARF,,Certificate,False,MASAQ:106
10,61,25,مِنْ,من,رَبِّكَ,مِثْقَالِ,HARF,HARF,HARF,Hypothesis,True,registry-exact-hypothesis:exact:02_mabniyat/preposition_meanings.json#34
10,61,35,مِنْ,من,أَصْغَرَ,ذَلِكَ,HARF,HARF,HARF,Hypothesis,True,registry-exact-hypothesis:exact:02_mabniyat/preposition_meanings.json#34
10,61,39,إِلَّا,إلا,أَكْبَرَ,فِي,HARF,HARF,,Certificate,False,MASAQ:106
10,62,2,إِنَّ,إن,أَلَا,أَوْلِيَاءَ,HARF,HARF,HARF,Certificate,False,registry:exact:02_mabniyat/letters_answers.json#4
10,65,4,إِنَّ,إن,قَوْلُهُمْ,الْعِزَّةَ,HARF,HARF,HARF,Certificate,False,registry:exact:02_mabniyat/letters_answers.json#4
10,66,2,إِنَّ,إن,أَلَا,لِلَّهِ,HARF,HARF,HARF,Certificate,False,registry:exact:02_mabniyat/letters_answers.json#4
10,66,4,مَنْ,من,لِلَّهِ,فِي,ISM_MAWSOOL,ISM_MAWSOOL,ISM_MAWSOOL|ISM_MABNI|HARF,Hypothesis,True,registry-exact-hypothesis:exact:02_mabniyat/relative_pronouns.json#3
10,66,14,مِنْ,من,يَدْعُونَ,دُونِ,HARF,HARF,HARF,Hypothesis,True,registry-exact-hypothesis:exact:02_mabniyat/preposition_meanings.json#34
10,66,15,دُونِ,دون,مِنْ,اللَّهِ,ISM_MUARAB,ISM_MUARAB,,Certificate,False,MASAQ:310
10,66,18,إِنْ,إن,شُرَكَاءَ,يَتَّبِعُونَ,HARF,HARF,HARF,Certificate,False,registry:exact:02_mabniyat/conditional_letters_tools.json#1
10,66,20,إِلَّا,إلا,يَتَّبِعُونَ,الظَّنَّ,HARF,HARF,,Certificate,False,MASAQ:106
10,66,24,إِلَّا,إلا,هُمْ,يَخْرُصُونَ,HARF,HARF,,Certificate,False,MASAQ:106
10,67,10,إِنَّ,إن,مُبْصِرَاً,فِي,HARF,HARF,HARF,Certificate,False,registry:exact:02_mabniyat/letters_answers.json#4
10,68,9,مَا,ما,لَهُ,فِي,ISM_MAWSOOL,ISM_MAWSOOL,ISM_MAWSOOL|ISM_MABNI|HARF,Hypothesis,True,registry-exact-hypothesis:exact:02_mabniyat/relative_pronouns.json#13
10,68,15,إِنْ,إن,الْأَرْضِ,عِنْدَكُمْ,HARF,HARF,HARF,Certificate,False,registry:exact:02_mabniyat/conditional_letters_tools.json#1
10,68,17,مِنْ,من,عِنْدَكُمْ,سُلْطَانٍ,HARF,HARF,HARF,Hypothesis,True,registry-exact-hypothesis:exact:02_mabniyat/preposition_meanings.json#34
10,68,23,مَا,ما,اللَّهِ,لَا,ISM_MAWSOOL,ISM_MAWSOOL,ISM_MAWSOOL|ISM_MABNI|HARF,Hypothesis,True,registry-exact-hypothesis:exact:02_mabniyat/relative_pronouns.json#13
10,69,2,إِنَّ,إن,قُلْ,الَّذِينَ,HARF,HARF,HARF,Certificate,False,registry:exact:02_mabniyat/letters_answers.json#4
10,70,11,بِمَا,بما,الشَّدِيدَ,كَانُوا,ISM_MAWSOOL,ISM_MAWSOOL,ISM_MAWSOOL|ISM_MABNI|HARF,Certificate,True,MASAQ:48
10,71,9,إِنْ,إن,يَاقَوْمِ,كَانَ,HARF,HARF,HARF,Certificate,False,registry:exact:02_mabniyat/conditional_letters_tools.json#1
10,72,5,مِنْ,من,سَأَلْتُكُمْ,أَجْرٍ,HARF,HARF,HARF,Hypothesis,True,registry-exact-hypothesis:exact:02_mabniyat/preposition_meanings.json#34
10,72,7,إِنْ,إن,أَجْرٍ,أَجْرِيَ,HARF,HARF,HARF,Certificate,False,registry:exact:02_mabniyat/conditional_letters_tools.json#1
10,72,9,إِلَّا,إلا,أَجْرِيَ,عَلَى,HARF,HARF,,Certificate,False,MASAQ:106
10,72,13,أَنْ,أن,وَأُمِرْتُ,أَكُونَ,HARF,HARF,HARF,Certificate,False,registry:plain:02_mabniyat/present_naseb_tools.json#1
10,72,15,مِنَ,من,أَكُونَ,الْمُسْلِمِينَ,HARF,HARF,HARF,Hypothesis,True,registry-exact-hypothesis:exact:02_mabniyat/preposition_meanings.json#32
10,74,3,مِنْ,من,بَعَثْنَا,بَعْدِهِ,HARF,HARF,HARF,Hypothesis,True,registry-exact-hypothesis:exact:02_mabniyat/preposition_meanings.json#34
10,74,13,بِمَا,بما,لِيُؤْمِنُوا,كَذَّبُوا,ISM_MAWSOOL,ISM_MAWSOOL,ISM_MAWSOOL|ISM_MABNI|HARF,Certificate,True,MASAQ:48
10,74,16,مِنْ,من,بِهِ,قَبْلُ,HARF,HARF,HARF,Hypothesis,True,registry-exact-hypothesis:exact:02_mabniyat/preposition_meanings.json#34
10,75,3,مِنْ,من,بَعَثْنَا,بَعْدِهِمْ,HARF,HARF,HARF,Hypothesis,True,registry-exact-hypothesis:exact:02_mabniyat/preposition_meanings.json#34
10,76,4,مِنْ,من,الْحَقُّ,عِنْدِنَا,HARF,HARF,HARF,Hypothesis,True,registry-exact-hypothesis:exact:02_mabniyat/preposition_meanings.json#34
10,76,7,إِنَّ,إن,قَالُوا,هَذَا,HARF,HARF,HARF,Certificate,False,registry:exact:02_mabniyat/letters_answers.json#4
10,80,8,مَا,ما,أَلْقُوا,أَنْتُمْ,ISM_MAWSOOL,ISM_MAWSOOL,ISM_MAWSOOL|ISM_MABNI|HARF,Hypothesis,True,registry-exact-hypothesis:exact:02_mabniyat/relative_pronouns.json#13
10,81,5,مَا,ما,مُوسَى,جِئْتُمْ,ISM_MAWSOOL,ISM_MAWSOOL,ISM_MAWSOOL|ISM_MABNI|HARF,Hypothesis,True,registry-exact-hypothesis:exact:02_mabniyat/relative_pronouns.json#13
10,81,9,إِنَّ,إن,السِّحْرُ,اللَّهَ,HARF,HARF,HARF,Certificate,False,registry:exact:02_mabniyat/letters_answers.json#4
10,81,12,إِنَّ,إن,سَيُبْطِلُهُ,اللَّهَ,HARF,HARF,HARF,Certificate,False,registry:exact:02_mabniyat/letters_answers.json#4
10,83,4,إِلَّا,إلا,لِمُوسَى,ذُرِّيَّةٌ,HARF,HARF,,Certificate,False,MASAQ:106
10,83,6,مِنْ,من,ذُرِّيَّةٌ,قَوْمِهِ,HARF,HARF,HARF,Hypothesis,True,registry-exact-hypothesis:exact:02_mabniyat/preposition_meanings.json#34
10,83,10,مِنْ,من,خَوْفٍ,فِرْعَوْنَ,HARF,HARF,HARF,Hypothesis,True,registry-exact-hypothesis:exact:02_mabniyat/preposition_meanings.json#34
10,83,13,أَنْ,أن,وَمَلَئِهِمْ,يَفْتِنَهُمْ,HARF,HARF,HARF,Certificate,False,registry:plain:02_mabniyat/present_naseb_tools.json#1
10,84,4,إِنْ,إن,يَاقَوْمِ,كُنْتُمْ,HARF,HARF,HARF,Certificate,False,registry:exact:02_mabniyat/conditional_letters_tools.json#1
10,84,10,إِنْ,إن,تَوَكَّلُوا,كُنْتُمْ,HARF,HARF,HARF,Certificate,False,registry:exact:02_mabniyat/conditional_letters_tools.json#1
10,86,3,مِنَ,من,بِرَحْمَتِكَ,الْقَوْمِ,HARF,HARF,HARF,Hypothesis,True,registry-exact-hypothesis:exact:02_mabniyat/preposition_meanings.json#32
10,87,5,أَنْ,أن,وَأَخِيهِ,تَبَوَّآ,HARF,HARF,HARF,Certificate,False,registry:plain:02_mabniyat/present_naseb_tools.json#1
10,88,26,حَتَّى,حتى,يُؤْمِنُوا,يَرَوُا,HARF,HARF,HARF,Certificate,False,registry:exact:02_mabniyat/preposition_meanings.json#48
10,90,10,حَتَّى,حتى,وَعَدْوَاً,إِذَا,HARF,HARF,HARF,Certificate,False,registry:exact:02_mabniyat/preposition_meanings.json#48
10,90,19,إِلَّا,إلا,إِلَهَ,الَّذِي,HARF,HARF,,Certificate,False,MASAQ:106
10,90,26,مِنَ,من,وَأَنَا,الْمُسْلِمِينَ,HARF,HARF,HARF,Hypothesis,True,registry-exact-hypothesis:exact:02_mabniyat/preposition_meanings.json#32
10,91,6,مِنَ,من,وَكُنْتَ,الْمُفْسِدِينَ,HARF,HARF,HARF,Hypothesis,True,registry-exact-hypothesis:exact:02_mabniyat/preposition_meanings.json#32
10,92,10,مِنَ,من,كَثِيرَاً,النَّاسِ,HARF,HARF,HARF,Hypothesis,True,registry-exact-hypothesis:exact:02_mabniyat/preposition_meanings.json#32
10,93,8,مِنَ,من,وَرَزَقْنَاهُمْ,الطَّيِّبَاتِ,HARF,HARF,HARF,Hypothesis,True,registry-exact-hypothesis:exact:02_mabniyat/preposition_meanings.json#32
10,93,12,حَتَّى,حتى,اخْتَلَفُوا,جَاءَهُمُ,HARF,HARF,HARF,Certificate,False,registry:exact:02_mabniyat/preposition_meanings.json#48
10,93,15,إِنَّ,إن,الْعِلْمُ,رَبَّكَ,HARF,HARF,HARF,Certificate,False,registry:exact:02_mabniyat/letters_answers.json#4
10,94,12,مِنْ,من,الْكِتَابَ,قَبْلِكَ,HARF,HARF,HARF,Hypothesis,True,registry-exact-hypothesis:exact:02_mabniyat/preposition_meanings.json#34
10,94,17,مِنْ,من,الْحَقُّ,رَبِّكَ,HARF,HARF,HARF,Hypothesis,True,registry-exact-hypothesis:exact:02_mabniyat/preposition_meanings.json#34
10,94,21,مِنَ,من,تَكُونَنَّ,الْمُمْتَرِينَ,HARF,HARF,HARF,Hypothesis,True,registry-exact-hypothesis:exact:02_mabniyat/preposition_meanings.json#32
10,95,3,مِنَ,من,تَكُونَنَّ,الَّذِينَ,HARF,HARF,HARF,Hypothesis,True,registry-exact-hypothesis:exact:02_mabniyat/preposition_meanings.json#32
10,95,9,مِنَ,من,فَتَكُونَ,الْخَاسِرِينَ,HARF,HARF,HARF,Hypothesis,True,registry-exact-hypothesis:exact:02_mabniyat/preposition_meanings.json#32
10,96,1,إِنَّ,إن,,الَّذِينَ,HARF,HARF,HARF,Certificate,False,registry:exact:02_mabniyat/letters_answers.json#4
10,97,5,حَتَّى,حتى,آيَةٍ,يَرَوُا,HARF,HARF,HARF,Certificate,False,registry:exact:02_mabniyat/preposition_meanings.json#48
10,98,7,إِلَّا,إلا,إِيمَانُهَا,قَوْمَ,HARF,HARF,,Certificate,False,MASAQ:106
10,99,5,مَنْ,من,لَآمَنَ,فِي,ISM_MAWSOOL,ISM_MAWSOOL,ISM_MAWSOOL|ISM_MABNI|HARF,Hypothesis,True,registry-exact-hypothesis:exact:02_mabniyat/relative_pronouns.json#3
10,99,13,حَتَّى,حتى,النَّاسَ,يَكُونُوا,HARF,HARF,HARF,Certificate,False,registry:exact:02_mabniyat/preposition_meanings.json#48
10,100,4,أَنْ,أن,لِنَفْسٍ,تُؤْمِنَ,HARF,HARF,HARF,Certificate,False,registry:plain:02_mabniyat/present_naseb_tools.json#1
10,100,6,إِلَّا,إلا,تُؤْمِنَ,بِإِذْنِ,HARF,HARF,,Certificate,False,MASAQ:106
10,102,3,إِلَّا,إلا,يَنْتَظِرُونَ,مِثْلَ,HARF,HARF,,Certificate,False,MASAQ:106
10,102,8,مِنْ,من,خَلَوْا,قَبْلِهِمْ,HARF,HARF,HARF,Hypothesis,True,registry-exact-hypothesis:exact:02_mabniyat/preposition_meanings.json#34
10,102,14,مِنَ,من,مَعَكُمْ,الْمُنْتَظِرِينَ,HARF,HARF,HARF,Hypothesis,True,registry-exact-hypothesis:exact:02_mabniyat/preposition_meanings.json#32
10,104,4,إِنْ,إن,النَّاسُ,كُنْتُمْ,HARF,HARF,HARF,Certificate,False,registry:exact:02_mabniyat/conditional_letters_tools.json#1
10,104,8,مِنْ,من,شَكٍّ,دِينِي,HARF,HARF,HARF,Hypothesis,True,registry-exact-hypothesis:exact:02_mabniyat/preposition_meanings.json#34
10,104,14,مِنْ,من,تَعْبُدُونَ,دُونِ,HARF,HARF,HARF,Hypothesis,True,registry-exact-hypothesis:exact:02_mabniyat/preposition_meanings.json#34
10,104,15,دُونِ,دون,مِنْ,اللَّهِ,ISM_MUARAB,ISM_MUARAB,,Certificate,False,MASAQ:310
10,104,23,أَنْ,أن,وَأُمِرْتُ,أَكُونَ,HARF,HARF,HARF,Certificate,False,registry:plain:02_mabniyat/present_naseb_tools.json#1
10,104,25,مِنَ,من,أَكُونَ,الْمُؤْمِنِينَ,HARF,HARF,HARF,Hypothesis,True,registry-exact-hypothesis:exact:02_mabniyat/preposition_meanings.json#32
10,105,8,مِنَ,من,تَكُونَنَّ,الْمُشْرِكِينَ,HARF,HARF,HARF,Hypothesis,True,registry-exact-hypothesis:exact:02_mabniyat/preposition_meanings.json#32
10,106,3,مِنْ,من,تَدْعُ,دُونِ,HARF,HARF,HARF,Hypothesis,True,registry-exact-hypothesis:exact:02_mabniyat/preposition_meanings.json#34
10,106,4,دُونِ,دون,مِنْ,اللَّهِ,ISM_MUARAB,ISM_MUARAB,,Certificate,False,MASAQ:310
10,106,6,مَا,ما,اللَّهِ,لَا,ISM_MAWSOOL,ISM_MAWSOOL,ISM_MAWSOOL|ISM_MABNI|HARF,Hypothesis,True,registry-exact-hypothesis:exact:02_mabniyat/relative_pronouns.json#13
10,106,15,مِنَ,من,إِذَاً,الظَّالِمِينَ,HARF,HARF,HARF,Hypothesis,True,registry-exact-hypothesis:exact:02_mabniyat/preposition_meanings.json#32
10,107,8,إِلَّا,إلا,لَهُ,هُوَ,HARF,HARF,,Certificate,False,MASAQ:106
10,107,18,مَنْ,من,بِهِ,يَشَاءُ,ISM_MAWSOOL,ISM_MAWSOOL,ISM_MAWSOOL|ISM_MABNI|HARF,Hypothesis,True,registry-exact-hypothesis:exact:02_mabniyat/relative_pronouns.json#3
10,107,20,مِنْ,من,يَشَاءُ,عِبَادِهِ,HARF,HARF,HARF,Hypothesis,True,registry-exact-hypothesis:exact:02_mabniyat/preposition_meanings.json#34
10,108,7,مِنْ,من,الْحَقُّ,رَبِّكُمْ,HARF,HARF,HARF,Hypothesis,True,registry-exact-hypothesis:exact:02_mabniyat/preposition_meanings.json#34
10,109,2,مَا,ما,وَاتَّبِعْ,يُوحَى,ISM_MAWSOOL,ISM_MAWSOOL,ISM_MAWSOOL|ISM_MABNI|HARF,Hypothesis,True,registry-exact-hypothesis:exact:02_mabniyat/relative_pronouns.json#13
10,109,6,حَتَّى,حتى,وَاصْبِرْ,يَحْكُمَ,HARF,HARF,HARF,Certificate,False,registry:exact:02_mabniyat/preposition_meanings.json#48
11,1,7,مِنْ,من,فُصِّلَتْ,لَدُنْ,HARF,HARF,HARF,Hypothesis,True,registry-exact-hypothesis:exact:02_mabniyat/preposition_meanings.json#34
11,2,3,إِلَّا,إلا,تَعْبُدُوا,اللَّهَ,HARF,HARF,,Certificate,False,MASAQ:106
11,5,12,مَا,ما,يَعْلَمُ,يُسِرُّونَ,ISM_MAWSOOL,ISM_MAWSOOL,ISM_MAWSOOL|ISM_MABNI|HARF,Hypothesis,True,registry-exact-hypothesis:exact:02_mabniyat/relative_pronouns.json#13
11,6,2,مِنْ,من,وَمَا,دَابَّةٍ,HARF,HARF,HARF,Hypothesis,True,registry-exact-hypothesis:exact:02_mabniyat/preposition_meanings.json#34
11,6,6,إِلَّا,إلا,الْأَرْضِ,عَلَى,HARF,HARF,,Certificate,False,MASAQ:106
11,7,21,مِنْ,من,مَبْعُوثُونَ,بَعْدِ,HARF,HARF,HARF,Hypothesis,True,registry-exact-hypothesis:exact:02_mabniyat/preposition_meanings.json#34
11,7,27,إِنْ,إن,كَفَرُوا,هَذَا,HARF,HARF,HARF,Certificate,False,registry:exact:02_mabniyat/conditional_letters_tools.json#1
11,7,29,إِلَّا,إلا,هَذَا,سِحْرٌ,HARF,HARF,,Certificate,False,MASAQ:106
11,8,9,مَا,ما,لَيَقُولُنَّ,يَحْبِسُهُ,ISM_MAWSOOL,ISM_MAWSOOL,ISM_MAWSOOL|ISM_MABNI|HARF,Hypothesis,True,registry-exact-hypothesis:exact:02_mabniyat/relative_pronouns.json#13
11,8,19,مَا,ما,بِهِمْ,كَانُوا,ISM_MAWSOOL,ISM_MAWSOOL,ISM_MAWSOOL|ISM_MABNI|HARF,Hypothesis,True,registry-exact-hypothesis:exact:02_mabniyat/relative_pronouns.json#13
11,11,1,إِلَّا,إلا,,الَّذِينَ,HARF,HARF,,Certificate,False,MASAQ:106
11,12,4,مَا,ما,بَعْضَ,يُوحَى,ISM_MAWSOOL,ISM_MAWSOOL,ISM_MAWSOOL|ISM_MABNI|HARF,Hypothesis,True,registry-exact-hypothesis:exact:02_mabniyat/relative_pronouns.json#13
11,12,10,أَنْ,أن,صَدْرُكَ,يَقُولُوا,HARF,HARF,HARF,Certificate,False,registry:plain:02_mabniyat/present_naseb_tools.json#1
11,13,11,مَنِ,من,وَادْعُوا,اسْتَطَعْتُمْ,ISM_MAWSOOL,ISM_MAWSOOL,ISM_MAWSOOL|ISM_MABNI|HARF,Certificate,True,MASAQ:3539
11,13,13,مِنْ,من,اسْتَطَعْتُمْ,دُونِ,HARF,HARF,HARF,Hypothesis,True,registry-exact-hypothesis:exact:02_mabniyat/preposition_meanings.json#34
11,13,14,دُونِ,دون,مِنْ,اللَّهِ,ISM_MUARAB,ISM_MUARAB,,Certificate,False,MASAQ:310
11,13,16,إِنْ,إن,اللَّهِ,كُنْتُمْ,HARF,HARF,HARF,Certificate,False,registry:exact:02_mabniyat/conditional_letters_tools.json#1
11,14,12,إِلَّا,إلا,إِلَهَ,هُوَ,HARF,HARF,,Certificate,False,MASAQ:106
11,15,1,مَنْ,من,,كَانَ,HARF,ISM_MAWSOOL,ISM_MAWSOOL|ISM_MABNI|HARF,Hypothesis,True,registry-exact-hypothesis:exact:02_mabniyat/relative_pronouns.json#3
11,16,7,إِلَّا,إلا,الْآخِرَةِ,النَّارُ,HARF,HARF,,Certificate,False,MASAQ:106
11,16,10,مَا,ما,وَحَبِطَ,صَنَعُوا,ISM_MAWSOOL,ISM_MAWSOOL,ISM_MAWSOOL|ISM_MABNI|HARF,Hypothesis,True,registry-exact-hypothesis:exact:02_mabniyat/relative_pronouns.json#13
11,16,14,مَا,ما,وَبَاطِلٌ,كَانُوا,ISM_MAWSOOL,ISM_MAWSOOL,ISM_MAWSOOL|ISM_MABNI|HARF,Hypothesis,True,registry-exact-hypothesis:exact:02_mabniyat/relative_pronouns.json#13
11,17,5,مِنْ,من,بَيِّنَةٍ,رَبِّهِ,HARF,HARF,HARF,Hypothesis,True,registry-exact-hypothesis:exact:02_mabniyat/preposition_meanings.json#34
11,17,22,مِنَ,من,بِهِ,الْأَحْزَابِ,HARF,HARF,HARF,Hypothesis,True,registry-exact-hypothesis:exact:02_mabniyat/preposition_meanings.json#32
11,17,33,مِنْ,من,الْحَقُّ,رَبِّكَ,HARF,HARF,HARF,Hypothesis,True,registry-exact-hypothesis:exact:02_mabniyat/preposition_meanings.json#34
11,20,10,مِنْ,من,لَهُمْ,دُونِ,HARF,HARF,HARF,Hypothesis,True,registry-exact-hypothesis:exact:02_mabniyat/preposition_meanings.json#34
11,20,11,دُونِ,دون,مِنْ,اللَّهِ,ISM_MUARAB,ISM_MUARAB,,Certificate,False,MASAQ:310
11,20,13,مِنْ,من,اللَّهِ,أَوْلِيَاءَ,HARF,HARF,HARF,Hypothesis,True,registry-exact-hypothesis:exact:02_mabniyat/preposition_meanings.json#34
11,20,18,مَا,ما,الْعَذَابُ,كَانُوا,HARF,ISM_MAWSOOL,ISM_MAWSOOL|ISM_MABNI|HARF,Hypothesis,True,registry-exact-hypothesis:exact:02_mabniyat/relative_pronouns.json#13
11,21,7,مَا,ما,عَنْهُمْ,كَانُوا,ISM_MAWSOOL,ISM_MAWSOOL,ISM_MAWSOOL|ISM_MABNI|HARF,Hypothesis,True,registry-exact-hypothesis:exact:02_mabniyat/relative_pronouns.json#13
11,23,1,إِنَّ,إن,,الَّذِينَ,HARF,HARF,HARF,Certificate,False,registry:exact:02_mabniyat/letters_answers.json#4
11,26,1,أَنْ,أن,,لَا,HARF,HARF,HARF,Certificate,False,registry:plain:02_mabniyat/present_naseb_tools.json#1
11,26,4,إِلَّا,إلا,تَعْبُدُوا,اللَّهَ,HARF,HARF,,Certificate,False,MASAQ:106
11,27,5,مِنْ,من,كَفَرُوا,قَوْمِهِ,HARF,HARF,HARF,Hypothesis,True,registry-exact-hypothesis:exact:02_mabniyat/preposition_meanings.json#34
11,27,7,مَا,ما,قَوْمِهِ,نَرَاكَ,HARF,ISM_MAWSOOL,ISM_MAWSOOL|ISM_MABNI|HARF,Hypothesis,True,registry-exact-hypothesis:exact:02_mabniyat/relative_pronouns.json#13
11,27,9,إِلَّا,إلا,نَرَاكَ,بَشَرَاً,HARF,HARF,,Certificate,False,MASAQ:106
11,27,15,إِلَّا,إلا,اتَّبَعَكَ,الَّذِينَ,HARF,HARF,,Certificate,False,MASAQ:106
11,27,25,مِنْ,من,عَلَيْنَا,فَضْلٍ,HARF,HARF,HARF,Hypothesis,True,registry-exact-hypothesis:exact:02_mabniyat/preposition_meanings.json#34
11,28,4,إِنْ,إن,أَرَأَيْتُمْ,كُنْتُ,HARF,HARF,HARF,Certificate,False,registry:exact:02_mabniyat/conditional_letters_tools.json#1
11,28,8,مِنْ,من,بَيِّنَةٍ,رَبِّي,HARF,HARF,HARF,Hypothesis,True,registry-exact-hypothesis:exact:02_mabniyat/preposition_meanings.json#34
11,28,12,مِنْ,من,رَحْمَةً,عِنْدِهِ,HARF,HARF,HARF,Hypothesis,True,registry-exact-hypothesis:exact:02_mabniyat/preposition_meanings.json#34
11,29,6,إِنْ,إن,مَالَاً,أَجْرِيَ,HARF,HARF,HARF,Certificate,False,registry:exact:02_mabniyat/conditional_letters_tools.json#1
11,29,8,إِلَّا,إلا,أَجْرِيَ,عَلَى,HARF,HARF,,Certificate,False,MASAQ:106
11,30,2,مَنْ,من,وَيَاقَوْمِ,يَنْصُرُنِي,HARF,ISM_MAWSOOL,ISM_MAWSOOL|ISM_MABNI|HARF,Hypothesis,True,registry-exact-hypothesis:exact:02_mabniyat/relative_pronouns.json#3
11,30,4,مِنَ,من,يَنْصُرُنِي,اللَّهِ,HARF,HARF,HARF,Hypothesis,True,registry-exact-hypothesis:exact:02_mabniyat/preposition_meanings.json#32
11,30,6,إِنْ,إن,اللَّهِ,طَرَدْتُهُمْ,HARF,HARF,HARF,Certificate,False,registry:exact:02_mabniyat/conditional_letters_tools.json#1
11,31,25,بِمَا,بما,أَعْلَمُ,فِي,ISM_MAWSOOL,ISM_MAWSOOL,ISM_MAWSOOL|ISM_MABNI|HARF,Certificate,True,MASAQ:48
11,32,8,بِمَا,بما,فَأْتِنَا,تَعِدُنَا,ISM_MAWSOOL,ISM_MAWSOOL,ISM_MAWSOOL|ISM_MABNI|HARF,Certificate,True,MASAQ:48
11,32,10,إِنْ,إن,تَعِدُنَا,كُنْتَ,HARF,HARF,HARF,Certificate,False,registry:exact:02_mabniyat/conditional_letters_tools.json#1
11,32,12,مِنَ,من,كُنْتَ,الصَّادِقِينَ,HARF,HARF,HARF,Hypothesis,True,registry-exact-hypothesis:exact:02_mabniyat/preposition_meanings.json#32
11,33,6,إِنْ,إن,اللَّهُ,شَاءَ,HARF,HARF,HARF,Certificate,False,registry:exact:02_mabniyat/conditional_letters_tools.json#1
11,34,4,إِنْ,إن,نُصْحِي,أَرَدْتُ,HARF,HARF,HARF,Certificate,False,registry:exact:02_mabniyat/conditional_letters_tools.json#1
11,34,6,أَنْ,أن,أَرَدْتُ,أَنْصَحَ,HARF,HARF,HARF,Certificate,False,registry:plain:02_mabniyat/present_naseb_tools.json#1
11,34,9,إِنْ,إن,لَكُمْ,كَانَ,HARF,HARF,HARF,Certificate,False,registry:exact:02_mabniyat/conditional_letters_tools.json#1
11,34,13,أَنْ,أن,يُرِيدُ,يُغْوِيَكُمْ,HARF,HARF,HARF,Certificate,False,registry:plain:02_mabniyat/present_naseb_tools.json#1
11,35,5,إِنِ,إن,قُلْ,افْتَرَيْتُهُ,HARF,HARF,HARF,Certificate,False,registry:plain:02_mabniyat/conditional_letters_tools.json#1
11,36,7,مِنْ,من,يُؤْمِنَ,قَوْمِكَ,HARF,HARF,HARF,Hypothesis,True,registry-exact-hypothesis:exact:02_mabniyat/preposition_meanings.json#34
11,36,9,إِلَّا,إلا,قَوْمِكَ,مَنْ,HARF,HARF,,Certificate,False,MASAQ:106
11,36,10,مَنْ,من,إِلَّا,قَدْ,ISM_MAWSOOL,ISM_MAWSOOL,ISM_MAWSOOL|ISM_MABNI|HARF,Hypothesis,True,registry-exact-hypothesis:exact:02_mabniyat/relative_pronouns.json#3
11,36,15,بِمَا,بما,تَبْتَئِسْ,كَانُوا,ISM_MAWSOOL,ISM_MAWSOOL,ISM_MAWSOOL|ISM_MABNI|HARF,Certificate,True,MASAQ:48
11,38,7,مِنْ,من,مَلَأٌ,قَوْمِهِ,HARF,HARF,HARF,Hypothesis,True,registry-exact-hypothesis:exact:02_mabniyat/preposition_meanings.json#34
11,38,12,إِنْ,إن,قَالَ,تَسْخَرُوا,HARF,HARF,HARF,Certificate,False,registry:exact:02_mabniyat/conditional_letters_tools.json#1
11,39,3,مَنْ,من,تَعْلَمُونَ,يَأْتِيهِ,HARF,ISM_MAWSOOL,ISM_MAWSOOL|ISM_MABNI|HARF,Hypothesis,True,registry-exact-hypothesis:exact:02_mabniyat/relative_pronouns.json#3
11,40,1,حَتَّى,حتى,,إِذَا,HARF,HARF,HARF,Certificate,False,registry:exact:02_mabniyat/preposition_meanings.json#48
11,40,10,مِنْ,من,فِيهَا,كُلٍّ,HARF,HARF,HARF,Hypothesis,True,registry-exact-hypothesis:exact:02_mabniyat/preposition_meanings.json#34
11,40,15,إِلَّا,إلا,وَأَهْلَكَ,مَنْ,HARF,HARF,,Certificate,False,MASAQ:106
11,40,16,مَنْ,من,إِلَّا,سَبَقَ,ISM_MAWSOOL,ISM_MAWSOOL,ISM_MAWSOOL|ISM_MABNI|HARF,Hypothesis,True,registry-exact-hypothesis:exact:02_mabniyat/relative_pronouns.json#3
11,40,25,إِلَّا,إلا,مَعَهُ,قَلِيلٌ,HARF,HARF,,Certificate,False,MASAQ:106
11,41,8,إِنَّ,إن,وَمُرْسَاهَا,رَبِّي,HARF,HARF,HARF,Certificate,False,registry:exact:02_mabniyat/letters_answers.json#4
11,43,6,مِنَ,من,يَعْصِمُنِي,الْمَاءِ,HARF,HARF,HARF,Hypothesis,True,registry-exact-hypothesis:exact:02_mabniyat/preposition_meanings.json#32
11,43,12,مِنْ,من,الْيَوْمَ,أَمْرِ,HARF,HARF,HARF,Hypothesis,True,registry-exact-hypothesis:exact:02_mabniyat/preposition_meanings.json#34
11,43,15,إِلَّا,إلا,اللَّهِ,مَنْ,HARF,HARF,,Certificate,False,MASAQ:106
11,43,16,مَنْ,من,إِلَّا,رَحِمَ,ISM_MAWSOOL,ISM_MAWSOOL,ISM_MAWSOOL|ISM_MABNI|HARF,Hypothesis,True,registry-exact-hypothesis:exact:02_mabniyat/relative_pronouns.json#3
11,43,22,مِنَ,من,فَكَانَ,الْمُغْرَقِينَ,HARF,HARF,HARF,Hypothesis,True,registry-exact-hypothesis:exact:02_mabniyat/preposition_meanings.json#32
11,45,6,إِنَّ,إن,رَبِّ,ابْنِي,HARF,HARF,HARF,Certificate,False,registry:exact:02_mabniyat/letters_answers.json#4
11,45,8,مِنْ,من,ابْنِي,أَهْلِي,HARF,HARF,HARF,Hypothesis,True,registry-exact-hypothesis:exact:02_mabniyat/preposition_meanings.json#34
11,46,5,مِنْ,من,لَيْسَ,أَهْلِكَ,HARF,HARF,HARF,Hypothesis,True,registry-exact-hypothesis:exact:02_mabniyat/preposition_meanings.json#34
11,46,9,غَيْرُ,غير,عَمَلٌ,صَالِحٍ,ISM_MUARAB,ISM_MUARAB,,Certificate,False,MASAQ:11830
11,46,13,مَا,ما,تَسْأَلْنِ,لَيْسَ,ISM_MAWSOOL,ISM_MAWSOOL,ISM_MAWSOOL|ISM_MABNI|HARF,Hypothesis,True,registry-exact-hypothesis:exact:02_mabniyat/relative_pronouns.json#13
11,46,20,أَنْ,أن,أَعِظُكَ,تَكُونَ,HARF,HARF,HARF,Certificate,False,registry:plain:02_mabniyat/present_naseb_tools.json#1
11,46,22,مِنَ,من,تَكُونَ,الْجَاهِلِينَ,HARF,HARF,HARF,Hypothesis,True,registry-exact-hypothesis:exact:02_mabniyat/preposition_meanings.json#32
11,47,6,أَنْ,أن,بِكَ,أَسْأَلَكَ,HARF,HARF,HARF,Certificate,False,registry:plain:02_mabniyat/present_naseb_tools.json#1
11,47,8,مَا,ما,أَسْأَلَكَ,لَيْسَ,ISM_MAWSOOL,ISM_MAWSOOL,ISM_MAWSOOL|ISM_MABNI|HARF,Hypothesis,True,registry-exact-hypothesis:exact:02_mabniyat/relative_pronouns.json#13
11,47,18,مِنَ,من,أَكُنْ,الْخَاسِرِينَ,HARF,HARF,HARF,Hypothesis,True,registry-exact-hypothesis:exact:02_mabniyat/preposition_meanings.json#32
11,49,2,مِنْ,من,تِلْكَ,أَنْبَاءِ,HARF,HARF,HARF,Hypothesis,True,registry-exact-hypothesis:exact:02_mabniyat/preposition_meanings.json#34
11,49,7,مَا,ما,إِلَيْكَ,كُنْتَ,HARF,ISM_MAWSOOL,ISM_MAWSOOL|ISM_MABNI|HARF,Hypothesis,True,registry-exact-hypothesis:exact:02_mabniyat/relative_pronouns.json#13
11,49,13,مِنْ,من,قَوْمُكَ,قَبْلِ,HARF,HARF,HARF,Hypothesis,True,registry-exact-hypothesis:exact:02_mabniyat/preposition_meanings.json#34
11,49,17,إِنَّ,إن,فَاصْبِرْ,الْعَاقِبَةَ,HARF,HARF,HARF,Certificate,False,registry:exact:02_mabniyat/letters_answers.json#4
11,50,9,مَا,ما,اللَّهَ,لَكُمْ,HARF,ISM_MAWSOOL,ISM_MAWSOOL|ISM_MABNI|HARF,Hypothesis,True,registry-exact-hypothesis:exact:02_mabniyat/relative_pronouns.json#13
11,50,11,مِنْ,من,لَكُمْ,إِلَهٍ,HARF,HARF,HARF,Hypothesis,True,registry-exact-hypothesis:exact:02_mabniyat/preposition_meanings.json#34
11,50,14,إِنْ,إن,غَيْرُهُ,أَنْتُمْ,HARF,HARF,HARF,Certificate,False,registry:exact:02_mabniyat/conditional_letters_tools.json#1
11,50,16,إِلَّا,إلا,أَنْتُمْ,مُفْتَرُونَ,HARF,HARF,,Certificate,False,MASAQ:106
11,51,6,إِنْ,إن,أَجْرَاً,أَجْرِيَ,HARF,HARF,HARF,Certificate,False,registry:exact:02_mabniyat/conditional_letters_tools.json#1
11,51,8,إِلَّا,إلا,أَجْرِيَ,عَلَى,HARF,HARF,,Certificate,False,MASAQ:106
11,53,3,مَا,ما,يَاهُودُ,جِئْتَنَا,HARF,ISM_MAWSOOL,ISM_MAWSOOL|ISM_MABNI|HARF,Hypothesis,True,registry-exact-hypothesis:exact:02_mabniyat/relative_pronouns.json#13
11,54,1,إِنْ,إن,,نَقُولُ,HARF,HARF,HARF,Certificate,False,registry:exact:02_mabniyat/conditional_letters_tools.json#1
11,54,3,إِلَّا,إلا,نَقُولُ,اعْتَرَاكَ,HARF,HARF,,Certificate,False,MASAQ:106
11,55,1,مِنْ,من,,دُونِهِ,HARF,HARF,HARF,Hypothesis,True,registry-exact-hypothesis:exact:02_mabniyat/preposition_meanings.json#34
11,56,7,مَا,ما,وَرَبِّكُمْ,مِنْ,HARF,ISM_MAWSOOL,ISM_MAWSOOL|ISM_MABNI|HARF,Hypothesis,True,registry-exact-hypothesis:exact:02_mabniyat/relative_pronouns.json#13
11,56,8,مِنْ,من,مَا,دَابَّةٍ,HARF,HARF,HARF,Hypothesis,True,registry-exact-hypothesis:exact:02_mabniyat/preposition_meanings.json#34
11,56,10,إِلَّا,إلا,دَابَّةٍ,هُوَ,HARF,HARF,,Certificate,False,MASAQ:106
11,56,14,إِنَّ,إن,بِنَاصِيَتِهَا,رَبِّي,HARF,HARF,HARF,Certificate,False,registry:exact:02_mabniyat/letters_answers.json#4
11,57,5,مَا,ما,أَبْلَغْتُكُمْ,أُرْسِلْتُ,ISM_MAWSOOL,ISM_MAWSOOL,ISM_MAWSOOL|ISM_MABNI|HARF,Hypothesis,True,registry-exact-hypothesis:exact:02_mabniyat/relative_pronouns.json#13
11,57,16,إِنَّ,إن,شَيْئَاً,رَبِّي,HARF,HARF,HARF,Certificate,False,registry:exact:02_mabniyat/letters_answers.json#4
11,58,12,مِنْ,من,وَنَجَّيْنَاهُمْ,عَذَابٍ,HARF,HARF,HARF,Hypothesis,True,registry-exact-hypothesis:exact:02_mabniyat/preposition_meanings.json#34
11,60,9,إِنَّ,إن,أَلَا,عَادَاً,HARF,HARF,HARF,Certificate,False,registry:exact:02_mabniyat/letters_answers.json#4
11,61,9,مَا,ما,اللَّهَ,لَكُمْ,HARF,ISM_MAWSOOL,ISM_MAWSOOL|ISM_MABNI|HARF,Hypothesis,True,registry-exact-hypothesis:exact:02_mabniyat/relative_pronouns.json#13
11,61,11,مِنْ,من,لَكُمْ,إِلَهٍ,HARF,HARF,HARF,Hypothesis,True,registry-exact-hypothesis:exact:02_mabniyat/preposition_meanings.json#34
11,61,16,مِنَ,من,أَنْشَأَكُمْ,الْأَرْضِ,HARF,HARF,HARF,Hypothesis,True,registry-exact-hypothesis:exact:02_mabniyat/preposition_meanings.json#32
11,61,24,إِنَّ,إن,إِلَيْهِ,رَبِّي,HARF,HARF,HARF,Certificate,False,registry:exact:02_mabniyat/letters_answers.json#4
11,62,10,أَنْ,أن,أَتَنْهَانَا,نَعْبُدَ,HARF,HARF,HARF,Certificate,False,registry:plain:02_mabniyat/present_naseb_tools.json#1
11,62,12,مَا,ما,نَعْبُدَ,يَعْبُدُ,ISM_MAWSOOL,ISM_MAWSOOL,ISM_MAWSOOL|ISM_MABNI|HARF,Hypothesis,True,registry-exact-hypothesis:exact:02_mabniyat/relative_pronouns.json#13
11,63,4,إِنْ,إن,أَرَأَيْتُمْ,كُنْتُ,HARF,HARF,HARF,Certificate,False,registry:exact:02_mabniyat/conditional_letters_tools.json#1
11,63,8,مِنْ,من,بَيِّنَةٍ,رَبِّي,HARF,HARF,HARF,Hypothesis,True,registry-exact-hypothesis:exact:02_mabniyat/preposition_meanings.json#34
11,63,15,مِنَ,من,يَنْصُرُنِي,اللَّهِ,HARF,HARF,HARF,Hypothesis,True,registry-exact-hypothesis:exact:02_mabniyat/preposition_meanings.json#32
11,63,17,إِنْ,إن,اللَّهِ,عَصَيْتُهُ,HARF,HARF,HARF,Certificate,False,registry:exact:02_mabniyat/conditional_letters_tools.json#1
11,63,21,غَيْرَ,غير,تَزِيدُونَنِي,تَخْسِيرٍ,ISM_MUARAB,ISM_MUARAB,,Certificate,False,MASAQ:870
11,65,10,غَيْرُ,غير,وَعْدٌ,مَكْذُوبٍ,ISM_MUARAB,ISM_MUARAB,,Certificate,False,MASAQ:11830
11,66,14,إِنَّ,إن,يَوْمِئِذٍ,رَبَّكَ,HARF,HARF,HARF,Certificate,False,registry:exact:02_mabniyat/letters_answers.json#4
11,68,6,إِنَّ,إن,أَلَا,ثَمُودَ,HARF,HARF,HARF,Certificate,False,registry:exact:02_mabniyat/letters_answers.json#4
11,69,12,أَنْ,أن,لَبِثَ,جَاءَ,HARF,HARF,HARF,Certificate,False,registry:plain:02_mabniyat/present_naseb_tools.json#1
11,72,9,إِنَّ,إن,شَيْخَاً,هَذَا,HARF,HARF,HARF,Certificate,False,registry:exact:02_mabniyat/letters_answers.json#4
11,73,3,مِنْ,من,أَتَعْجَبِينَ,أَمْرِ,HARF,HARF,HARF,Hypothesis,True,registry-exact-hypothesis:exact:02_mabniyat/preposition_meanings.json#34
11,75,1,إِنَّ,إن,,إِبْرَاهِيمَ,HARF,HARF,HARF,Certificate,False,registry:exact:02_mabniyat/letters_answers.json#4
11,76,13,غَيْرُ,غير,عَذَابٌ,مَرْدُودٍ,ISM_MUARAB,ISM_MUARAB,,Certificate,False,MASAQ:11830
11,79,4,مَا,ما,عَلِمْتَ,لَنَا,HARF,ISM_MAWSOOL,ISM_MAWSOOL|ISM_MABNI|HARF,Hypothesis,True,registry-exact-hypothesis:exact:02_mabniyat/relative_pronouns.json#13
11,79,8,مِنْ,من,بَنَاتِكَ,حَقٍّ,HARF,HARF,HARF,Hypothesis,True,registry-exact-hypothesis:exact:02_mabniyat/preposition_meanings.json#34
11,79,12,مَا,ما,لَتَعْلَمُ,نُرِيدُ,ISM_MAWSOOL,ISM_MAWSOOL,ISM_MAWSOOL|ISM_MABNI|HARF,Hypothesis,True,registry-exact-hypothesis:exact:02_mabniyat/relative_pronouns.json#13
11,80,3,أَنَّ,أن,لَوْ,لِي,HARF,HARF,HARF,Certificate,False,registry:exact:02_mabniyat/copulative_particle.json#2
11,81,12,مِنَ,من,بِقِطْعٍ,اللَّيْلِ,HARF,HARF,HARF,Hypothesis,True,registry-exact-hypothesis:exact:02_mabniyat/preposition_meanings.json#32
11,81,18,إِلَّا,إلا,أَحَدٌ,امْرَأَتَكَ,HARF,HARF,,Certificate,False,MASAQ:106
11,81,22,مَا,ما,مُصِيبُهَا,أَصَابَهُمْ,ISM_MAWSOOL,ISM_MAWSOOL,ISM_MAWSOOL|ISM_MABNI|HARF,Hypothesis,True,registry-exact-hypothesis:exact:02_mabniyat/relative_pronouns.json#13
11,81,24,إِنَّ,إن,أَصَابَهُمْ,مَوْعِدَهُمُ,HARF,HARF,HARF,Certificate,False,registry:exact:02_mabniyat/letters_answers.json#4
11,82,10,مِنْ,من,حِجَارَةً,سِجِّيلٍ,HARF,HARF,HARF,Hypothesis,True,registry-exact-hypothesis:exact:02_mabniyat/preposition_meanings.json#34
11,83,6,مِنَ,من,هِيَ,الظَّالِمِينَ,HARF,HARF,HARF,Hypothesis,True,registry-exact-hypothesis:exact:02_mabniyat/preposition_meanings.json#32
11,84,11,مِنْ,من,لَكُمْ,إِلَهٍ,HARF,HARF,HARF,Hypothesis,True,registry-exact-hypothesis:exact:02_mabniyat/preposition_meanings.json#34
11,86,5,إِنْ,إن,لَكُمْ,كُنْتُمْ,HARF,HARF,HARF,Certificate,False,registry:exact:02_mabniyat/conditional_letters_tools.json#1
11,87,5,أَنْ,أن,تَأْمُرُكَ,نَتْرُكَ,HARF,HARF,HARF,Certificate,False,registry:plain:02_mabniyat/present_naseb_tools.json#1
11,87,7,مَا,ما,نَتْرُكَ,يَعْبُدُ,ISM_MAWSOOL,ISM_MAWSOOL,ISM_MAWSOOL|ISM_MABNI|HARF,Hypothesis,True,registry-exact-hypothesis:exact:02_mabniyat/relative_pronouns.json#13
11,87,11,أَنْ,أن,أَوْ,نَفْعَلَ,HARF,HARF,HARF,Certificate,False,registry:plain:02_mabniyat/present_naseb_tools.json#1
11,87,15,مَا,ما,أَمْوَالِنَا,نَشَاءُ,ISM_MAWSOOL,ISM_MAWSOOL,ISM_MAWSOOL|ISM_MABNI|HARF,Hypothesis,True,registry-exact-hypothesis:exact:02_mabniyat/relative_pronouns.json#13
11,88,4,إِنْ,إن,أَرَأَيْتُمْ,كُنْتُ,HARF,HARF,HARF,Certificate,False,registry:exact:02_mabniyat/conditional_letters_tools.json#1
11,88,8,مِنْ,من,بَيِّنَةٍ,رَبِّي,HARF,HARF,HARF,Hypothesis,True,registry-exact-hypothesis:exact:02_mabniyat/preposition_meanings.json#34
11,88,16,أَنْ,أن,أُرِيدُ,أُخَالِفَكُمْ,HARF,HARF,HARF,Certificate,False,registry:plain:02_mabniyat/present_naseb_tools.json#1
11,88,19,مَا,ما,إِلَى,أَنْهَاكُمْ,ISM_MAWSOOL,ISM_MAWSOOL,ISM_MAWSOOL|ISM_MABNI|HARF,Hypothesis,True,registry-exact-hypothesis:exact:02_mabniyat/relative_pronouns.json#13
11,88,22,إِنْ,إن,عَنْهُ,أُرِيدُ,HARF,HARF,HARF,Certificate,False,registry:exact:02_mabniyat/conditional_letters_tools.json#1
11,88,24,إِلَّا,إلا,أُرِيدُ,الْإِصْلَاحَ,HARF,HARF,,Certificate,False,MASAQ:106
11,88,30,إِلَّا,إلا,تَوْفِيقِي,بِاللَّهِ,HARF,HARF,,Certificate,False,MASAQ:106
11,89,5,أَنْ,أن,شِقَاقِي,يُصِيبَكُمْ,HARF,HARF,HARF,Certificate,False,registry:plain:02_mabniyat/present_naseb_tools.json#1
11,89,8,مَا,ما,مِثْلُ,أَصَابَ,ISM_MAWSOOL,ISM_MAWSOOL,ISM_MAWSOOL|ISM_MABNI|HARF,Hypothesis,True,registry-exact-hypothesis:exact:02_mabniyat/relative_pronouns.json#13
11,90,6,إِنَّ,إن,إِلَيْهِ,رَبِّي,HARF,HARF,HARF,Certificate,False,registry:exact:02_mabniyat/letters_answers.json#4
11,91,3,مَا,ما,يَاشُعَيْبُ,نَفْقَهُ,ISM_MAWSOOL,ISM_MAWSOOL,ISM_MAWSOOL|ISM_MABNI|HARF,Hypothesis,True,registry-exact-hypothesis:exact:02_mabniyat/relative_pronouns.json#13
11,92,6,مِنَ,من,عَلَيْكُمْ,اللَّهِ,HARF,HARF,HARF,Hypothesis,True,registry-exact-hypothesis:exact:02_mabniyat/preposition_meanings.json#32
11,92,11,إِنَّ,إن,ظِهْرِيَّاً,رَبِّي,HARF,HARF,HARF,Certificate,False,registry:exact:02_mabniyat/letters_answers.json#4
11,92,13,بِمَا,بما,رَبِّي,تَعْمَلُونَ,ISM_MAWSOOL,ISM_MAWSOOL,ISM_MAWSOOL|ISM_MABNI|HARF,Certificate,True,MASAQ:48
11,93,9,مَنْ,من,تَعْلَمُونَ,يَأْتِيهِ,ISM_MAWSOOL,ISM_MAWSOOL,ISM_MAWSOOL|ISM_MABNI|HARF,Hypothesis,True,registry-exact-hypothesis:exact:02_mabniyat/relative_pronouns.json#3
11,100,2,مِنْ,من,ذَلِكَ,أَنْبَاءِ,HARF,HARF,HARF,Hypothesis,True,registry-exact-hypothesis:exact:02_mabniyat/preposition_meanings.json#34
11,101,12,مِنْ,من,يَدْعُونَ,دُونِ,HARF,HARF,HARF,Hypothesis,True,registry-exact-hypothesis:exact:02_mabniyat/preposition_meanings.json#34
11,101,13,دُونِ,دون,مِنْ,اللَّهِ,ISM_MUARAB,ISM_MUARAB,,Certificate,False,MASAQ:310
11,101,15,مِنْ,من,اللَّهِ,شَيْءٍ,HARF,HARF,HARF,Hypothesis,True,registry-exact-hypothesis:exact:02_mabniyat/preposition_meanings.json#34
11,101,23,غَيْرَ,غير,زَادُوهُمْ,تَتْبِيبٍ,ISM_MUARAB,ISM_MUARAB,,Certificate,False,MASAQ:870
11,102,9,إِنَّ,إن,ظَالِمَةٌ,أَخْذَهُ,HARF,HARF,HARF,Certificate,False,registry:exact:02_mabniyat/letters_answers.json#4
11,103,1,إِنَّ,إن,,فِي,HARF,HARF,HARF,Certificate,False,registry:exact:02_mabniyat/letters_answers.json#4
11,104,3,إِلَّا,إلا,نُؤَخِّرُهُ,لِأَجَلٍ,HARF,HARF,,Certificate,False,MASAQ:106
11,105,6,إِلَّا,إلا,نَفْسٌ,بِإِذْنِهِ,HARF,HARF,,Certificate,False,MASAQ:106
11,107,6,إِلَّا,إلا,وَالْأَرْضُ,مَا,HARF,HARF,,Certificate,False,MASAQ:106
11,107,7,مَا,ما,إِلَّا,شَاءَ,ISM_MAWSOOL,ISM_MAWSOOL,ISM_MAWSOOL|ISM_MABNI|HARF,Hypothesis,True,registry-exact-hypothesis:exact:02_mabniyat/relative_pronouns.json#13
11,107,10,إِنَّ,إن,رَبُّكَ,رَبَّكَ,HARF,HARF,HARF,Certificate,False,registry:exact:02_mabniyat/letters_answers.json#4
11,108,12,إِلَّا,إلا,وَالْأَرْضُ,مَا,HARF,HARF,,Certificate,False,MASAQ:106
11,108,13,مَا,ما,إِلَّا,شَاءَ,ISM_MAWSOOL,ISM_MAWSOOL,ISM_MAWSOOL|ISM_MABNI|HARF,Hypothesis,True,registry-exact-hypothesis:exact:02_mabniyat/relative_pronouns.json#13
11,108,17,غَيْرَ,غير,عَطَاءً,مَجْذُوذٍ,ISM_MUARAB,ISM_MUARAB,,Certificate,False,MASAQ:870
11,109,8,مَا,ما,هَؤُلَاءِ,يَعْبُدُونَ,HARF,ISM_MAWSOOL,ISM_MAWSOOL|ISM_MABNI|HARF,Hypothesis,True,registry-exact-hypothesis:exact:02_mabniyat/relative_pronouns.json#13
11,109,10,إِلَّا,إلا,يَعْبُدُونَ,كَمَا,HARF,HARF,,Certificate,False,MASAQ:106
11,109,14,مِنْ,من,آبَاؤُهُمْ,قَبْلُ,HARF,HARF,HARF,Hypothesis,True,registry-exact-hypothesis:exact:02_mabniyat/preposition_meanings.json#34
11,109,19,غَيْرَ,غير,نَصِيبَهُمْ,مَنْقُوصٍ,ISM_MUARAB,ISM_MUARAB,,Certificate,False,MASAQ:870
11,110,10,مِنْ,من,سَبَقَتْ,رَبِّكَ,HARF,HARF,HARF,Hypothesis,True,registry-exact-hypothesis:exact:02_mabniyat/preposition_meanings.json#34
11,111,8,بِمَا,بما,إِنَّهُ,يَعْمَلُونَ,ISM_MAWSOOL,ISM_MAWSOOL,ISM_MAWSOOL|ISM_MABNI|HARF,Certificate,True,MASAQ:48
11,112,10,بِمَا,بما,إِنَّهُ,تَعْمَلُونَ,ISM_MAWSOOL,ISM_MAWSOOL,ISM_MAWSOOL|ISM_MABNI|HARF,Certificate,True,MASAQ:48
11,113,10,مِنْ,من,لَكُمْ,دُونِ,HARF,HARF,HARF,Hypothesis,True,registry-exact-hypothesis:exact:02_mabniyat/preposition_meanings.json#34
11,113,11,دُونِ,دون,مِنْ,اللَّهِ,ISM_MUARAB,ISM_MUARAB,,Certificate,False,MASAQ:310
11,113,13,مِنْ,من,اللَّهِ,أَوْلِيَاءَ,HARF,HARF,HARF,Hypothesis,True,registry-exact-hypothesis:exact:02_mabniyat/preposition_meanings.json#34
11,114,6,مِنَ,من,وَزُلَفَاً,اللَّيْلِ,HARF,HARF,HARF,Hypothesis,True,registry-exact-hypothesis:exact:02_mabniyat/preposition_meanings.json#32
11,114,8,إِنَّ,إن,اللَّيْلِ,الْحَسَنَاتِ,HARF,HARF,HARF,Certificate,False,registry:exact:02_mabniyat/letters_answers.json#4
11,116,3,مِنَ,من,كَانَ,الْقُرُونِ,HARF,HARF,HARF,Hypothesis,True,registry-exact-hypothesis:exact:02_mabniyat/preposition_meanings.json#32
11,116,5,مِنْ,من,الْقُرُونِ,قَبْلِكُمْ,HARF,HARF,HARF,Hypothesis,True,registry-exact-hypothesis:exact:02_mabniyat/preposition_meanings.json#34
11,116,14,إِلَّا,إلا,الْأَرْضِ,قَلِيلَاً,HARF,HARF,,Certificate,False,MASAQ:106
11,116,22,مَا,ما,ظَلَمُوا,أُتْرِفُوا,ISM_MAWSOOL,ISM_MAWSOOL,ISM_MAWSOOL|ISM_MABNI|HARF,Hypothesis,True,registry-exact-hypothesis:exact:02_mabniyat/relative_pronouns.json#13
11,119,1,إِلَّا,إلا,,مَنْ,HARF,HARF,,Certificate,False,MASAQ:106
11,119,2,مَنْ,من,إِلَّا,رَحِمَ,ISM_MAWSOOL,ISM_MAWSOOL,ISM_MAWSOOL|ISM_MABNI|HARF,Hypothesis,True,registry-exact-hypothesis:exact:02_mabniyat/relative_pronouns.json#3
11,119,12,مِنَ,من,جَهَنَّمَ,الْجِنَّةِ,HARF,HARF,HARF,Hypothesis,True,registry-exact-hypothesis:exact:02_mabniyat/preposition_meanings.json#32
11,120,4,مِنْ,من,عَلَيْكَ,أَنْبَاءِ,HARF,HARF,HARF,Hypothesis,True,registry-exact-hypothesis:exact:02_mabniyat/preposition_meanings.json#34
11,120,7,مَا,ما,الرُّسُلِ,نُثَبِّتُ,ISM_MAWSOOL,ISM_MAWSOOL,ISM_MAWSOOL|ISM_MABNI|HARF,Hypothesis,True,registry-exact-hypothesis:exact:02_mabniyat/relative_pronouns.json#13
12,3,6,بِمَا,بما,الْقَصَصِ,أَوْحَيْنَا,ISM_MAWSOOL,ISM_MAWSOOL,ISM_MAWSOOL|ISM_MABNI|HARF,Certificate,True,MASAQ:48
12,3,13,مِنْ,من,كُنْتَ,قَبْلِهِ,HARF,HARF,HARF,Hypothesis,True,registry-exact-hypothesis:exact:02_mabniyat/preposition_meanings.json#34
12,5,11,إِنَّ,إن,كَيْدَاً,الشَّيْطَانَ,HARF,HARF,HARF,Certificate,False,registry:exact:02_mabniyat/letters_answers.json#4
12,6,5,مِنْ,من,وَيُعَلِّمُكَ,تَأْوِيلِ,HARF,HARF,HARF,Hypothesis,True,registry-exact-hypothesis:exact:02_mabniyat/preposition_meanings.json#34
12,6,18,مِنْ,من,أَبَوَيْكَ,قَبْلُ,HARF,HARF,HARF,Hypothesis,True,registry-exact-hypothesis:exact:02_mabniyat/preposition_meanings.json#34
12,6,22,إِنَّ,إن,وَإِسْحَاقَ,رَبَّكَ,HARF,HARF,HARF,Certificate,False,registry:exact:02_mabniyat/letters_answers.json#4
12,8,11,إِنَّ,إن,عُصْبَةٌ,أَبَانَا,HARF,HARF,HARF,Certificate,False,registry:exact:02_mabniyat/letters_answers.json#4
12,9,11,مِنْ,من,وَتَكُونُوا,بَعْدِهِ,HARF,HARF,HARF,Hypothesis,True,registry-exact-hypothesis:exact:02_mabniyat/preposition_meanings.json#34
12,10,14,إِنْ,إن,السَّيَّارَةِ,كُنْتُمْ,HARF,HARF,HARF,Certificate,False,registry:exact:02_mabniyat/conditional_letters_tools.json#1
12,13,4,أَنْ,أن,لَيَحْزُنُنِي,تَذْهَبُوا,HARF,HARF,HARF,Certificate,False,registry:plain:02_mabniyat/present_naseb_tools.json#1
12,13,8,أَنْ,أن,وَأَخَافُ,يَأْكُلَهُ,HARF,HARF,HARF,Certificate,False,registry:plain:02_mabniyat/present_naseb_tools.json#1
12,15,5,أَنْ,أن,وَأَجْمَعُوا,يَجْعَلُوهُ,HARF,HARF,HARF,Certificate,False,registry:plain:02_mabniyat/present_naseb_tools.json#1
12,18,17,مَا,ما,عَلَى,تَصِفُونَ,ISM_MAWSOOL,ISM_MAWSOOL,ISM_MAWSOOL|ISM_MABNI|HARF,Hypothesis,True,registry-exact-hypothesis:exact:02_mabniyat/relative_pronouns.json#13
12,19,15,بِمَا,بما,عَلِيمٌ,يَعْمَلُونَ,ISM_MAWSOOL,ISM_MAWSOOL,ISM_MAWSOOL|ISM_MABNI|HARF,Certificate,True,MASAQ:48
12,20,8,مِنَ,من,فِيهِ,الزَّاهِدِينَ,HARF,HARF,HARF,Hypothesis,True,registry-exact-hypothesis:exact:02_mabniyat/preposition_meanings.json#32
12,21,4,مِنْ,من,اشْتَرَاهُ,مِصْرَ,HARF,HARF,HARF,Hypothesis,True,registry-exact-hypothesis:exact:02_mabniyat/preposition_meanings.json#34
12,21,10,أَنْ,أن,عَسَى,يَنْفَعَنَا,HARF,HARF,HARF,Certificate,False,registry:plain:02_mabniyat/present_naseb_tools.json#1
12,21,21,مِنْ,من,وَلِنُعَلِّمَهُ,تَأْوِيلِ,HARF,HARF,HARF,Hypothesis,True,registry-exact-hypothesis:exact:02_mabniyat/preposition_meanings.json#34
12,24,7,أَنْ,أن,لَوْلَا,رَأَى,HARF,HARF,HARF,Certificate,False,registry:plain:02_mabniyat/present_naseb_tools.json#1
12,24,17,مِنْ,من,إِنَّهُ,عِبَادِنَا,HARF,HARF,HARF,Hypothesis,True,registry-exact-hypothesis:exact:02_mabniyat/preposition_meanings.json#34
12,25,5,مِنْ,من,قَمِيصَهُ,دُبُرٍ,HARF,HARF,HARF,Hypothesis,True,registry-exact-hypothesis:exact:02_mabniyat/preposition_meanings.json#34
12,25,14,مَنْ,من,جَزَاءُ,أَرَادَ,ISM_MAWSOOL,ISM_MAWSOOL,ISM_MAWSOOL|ISM_MABNI|HARF,Hypothesis,True,registry-exact-hypothesis:exact:02_mabniyat/relative_pronouns.json#3
12,25,18,إِلَّا,إلا,سُوءَاً,أَنْ,HARF,HARF,,Certificate,False,MASAQ:106
12,25,19,أَنْ,أن,إِلَّا,يُسْجَنَ,HARF,HARF,HARF,Certificate,False,registry:plain:02_mabniyat/present_naseb_tools.json#1
12,26,8,مِنْ,من,شَاهِدٌ,أَهْلِهَا,HARF,HARF,HARF,Hypothesis,True,registry-exact-hypothesis:exact:02_mabniyat/preposition_meanings.json#34
12,26,10,إِنْ,إن,أَهْلِهَا,كَانَ,HARF,HARF,HARF,Certificate,False,registry:exact:02_mabniyat/conditional_letters_tools.json#1
12,26,14,مِنْ,من,قُدَّ,قُبُلٍ,HARF,HARF,HARF,Hypothesis,True,registry-exact-hypothesis:exact:02_mabniyat/preposition_meanings.json#34
12,26,18,مِنَ,من,وَهُوَ,الْكَاذِبِينَ,HARF,HARF,HARF,Hypothesis,True,registry-exact-hypothesis:exact:02_mabniyat/preposition_meanings.json#32
12,27,5,مِنْ,من,قُدَّ,دُبُرٍ,HARF,HARF,HARF,Hypothesis,True,registry-exact-hypothesis:exact:02_mabniyat/preposition_meanings.json#34
12,27,9,مِنَ,من,وَهُوَ,الصَّادِقِينَ,HARF,HARF,HARF,Hypothesis,True,registry-exact-hypothesis:exact:02_mabniyat/preposition_meanings.json#32
12,28,5,مِنْ,من,قُدَّ,دُبُرٍ,HARF,HARF,HARF,Hypothesis,True,registry-exact-hypothesis:exact:02_mabniyat/preposition_meanings.json#34
12,28,9,مِنْ,من,إِنَّهُ,كَيْدِكُنَّ,HARF,HARF,HARF,Hypothesis,True,registry-exact-hypothesis:exact:02_mabniyat/preposition_meanings.json#34
12,28,11,إِنَّ,إن,كَيْدِكُنَّ,كَيْدَكُنَّ,HARF,HARF,HARF,Certificate,False,registry:exact:02_mabniyat/letters_answers.json#4
12,29,9,مِنَ,من,كُنْتِ,الْخَاطِئِينَ,HARF,HARF,HARF,Hypothesis,True,registry-exact-hypothesis:exact:02_mabniyat/preposition_meanings.json#32
12,31,25,مَا,ما,لِلَّهِ,هَذَا,HARF,ISM_MAWSOOL,ISM_MAWSOOL|ISM_MABNI|HARF,Hypothesis,True,registry-exact-hypothesis:exact:02_mabniyat/relative_pronouns.json#13
12,31,28,إِنْ,إن,بَشَرَاً,هَذَا,HARF,HARF,HARF,Certificate,False,registry:exact:02_mabniyat/conditional_letters_tools.json#1
12,31,30,إِلَّا,إلا,هَذَا,مَلَكٌ,HARF,HARF,,Certificate,False,MASAQ:106
12,32,14,مَا,ما,يَفْعَلْ,آمُرُهُ,ISM_MAWSOOL,ISM_MAWSOOL,ISM_MAWSOOL|ISM_MABNI|HARF,Hypothesis,True,registry-exact-hypothesis:exact:02_mabniyat/relative_pronouns.json#13
12,32,18,مِنَ,من,وَلَيَكُونَاً,الصَّاغِرِينَ,HARF,HARF,HARF,Hypothesis,True,registry-exact-hypothesis:exact:02_mabniyat/preposition_meanings.json#32
12,33,16,مِنَ,من,وَأَكُنْ,الْجَاهِلِينَ,HARF,HARF,HARF,Hypothesis,True,registry-exact-hypothesis:exact:02_mabniyat/preposition_meanings.json#32
12,35,4,مِنْ,من,لَهُمْ,بَعْدِ,HARF,HARF,HARF,Hypothesis,True,registry-exact-hypothesis:exact:02_mabniyat/preposition_meanings.json#34
12,35,10,حَتَّى,حتى,لَيَسْجُنُنَّهُ,حِينٍ,HARF,HARF,HARF,Certificate,False,registry:exact:02_mabniyat/preposition_meanings.json#48
12,36,26,مِنَ,من,نَرَاكَ,الْمُحْسِنِينَ,HARF,HARF,HARF,Hypothesis,True,registry-exact-hypothesis:exact:02_mabniyat/preposition_meanings.json#32
12,37,6,إِلَّا,إلا,تُرْزَقَانِهِ,نَبَّأْتُكُمَا,HARF,HARF,,Certificate,False,MASAQ:106
12,37,10,أَنْ,أن,قَبْلَ,يَأْتِيَكُمَا,HARF,HARF,HARF,Certificate,False,registry:plain:02_mabniyat/present_naseb_tools.json#1
12,38,7,مَا,ما,وَيَعْقُوبَ,كَانَ,HARF,ISM_MAWSOOL,ISM_MAWSOOL|ISM_MABNI|HARF,Hypothesis,True,registry-exact-hypothesis:exact:02_mabniyat/relative_pronouns.json#13
12,38,10,أَنْ,أن,لَنَا,نُشْرِكَ,HARF,HARF,HARF,Certificate,False,registry:plain:02_mabniyat/present_naseb_tools.json#1
12,38,13,مِنْ,من,بِاللَّهِ,شَيْءٍ,HARF,HARF,HARF,Hypothesis,True,registry-exact-hypothesis:exact:02_mabniyat/preposition_meanings.json#34
12,38,16,مِنْ,من,ذَلِكَ,فَضْلِ,HARF,HARF,HARF,Hypothesis,True,registry-exact-hypothesis:exact:02_mabniyat/preposition_meanings.json#34
12,40,1,مَا,ما,,تَعْبُدُونَ,HARF,ISM_MAWSOOL,ISM_MAWSOOL|ISM_MABNI|HARF,Hypothesis,True,registry-exact-hypothesis:exact:02_mabniyat/relative_pronouns.json#13
12,40,3,مِنْ,من,تَعْبُدُونَ,دُونِهِ,HARF,HARF,HARF,Hypothesis,True,registry-exact-hypothesis:exact:02_mabniyat/preposition_meanings.json#34
12,40,5,إِلَّا,إلا,دُونِهِ,أَسْمَاءً,HARF,HARF,,Certificate,False,MASAQ:106
12,40,10,مَا,ما,وَآبَاؤُكُمْ,أَنْزَلَ,HARF,ISM_MAWSOOL,ISM_MAWSOOL|ISM_MABNI|HARF,Hypothesis,True,registry-exact-hypothesis:exact:02_mabniyat/relative_pronouns.json#13
12,40,14,مِنْ,من,بِهَا,سُلْطَانٍ,HARF,HARF,HARF,Hypothesis,True,registry-exact-hypothesis:exact:02_mabniyat/preposition_meanings.json#34
12,40,16,إِنِ,إن,سُلْطَانٍ,الْحُكْمُ,HARF,HARF,HARF,Certificate,False,registry:plain:02_mabniyat/conditional_letters_tools.json#1
12,40,18,إِلَّا,إلا,الْحُكْمُ,لِلَّهِ,HARF,HARF,,Certificate,False,MASAQ:106
12,40,23,إِلَّا,إلا,تَعْبُدُوا,إِيَّاهُ,HARF,HARF,,Certificate,False,MASAQ:106
12,41,13,مِنْ,من,الطَّيْرُ,رَأْسِهِ,HARF,HARF,HARF,Hypothesis,True,registry-exact-hypothesis:exact:02_mabniyat/preposition_meanings.json#34
12,43,21,إِنْ,إن,رُؤْيَايَ,كُنْتُمْ,HARF,HARF,HARF,Certificate,False,registry:exact:02_mabniyat/conditional_letters_tools.json#1
12,47,11,إِلَّا,إلا,سُنْبُلِهِ,قَلِيلَاً,HARF,HARF,,Certificate,False,MASAQ:106
12,48,3,مِنْ,من,يَأْتِي,بَعْدِ,HARF,HARF,HARF,Hypothesis,True,registry-exact-hypothesis:exact:02_mabniyat/preposition_meanings.json#34
12,48,9,مَا,ما,يَأْكُلْنَ,قَدَّمْتُمْ,ISM_MAWSOOL,ISM_MAWSOOL,ISM_MAWSOOL|ISM_MABNI|HARF,Hypothesis,True,registry-exact-hypothesis:exact:02_mabniyat/relative_pronouns.json#13
12,48,12,إِلَّا,إلا,لَهُنَّ,قَلِيلَاً,HARF,HARF,,Certificate,False,MASAQ:106
12,49,3,مِنْ,من,يَأْتِي,بَعْدِ,HARF,HARF,HARF,Hypothesis,True,registry-exact-hypothesis:exact:02_mabniyat/preposition_meanings.json#34
12,50,19,إِنَّ,إن,أَيْدِيَهُنَّ,رَبِّي,HARF,HARF,HARF,Certificate,False,registry:exact:02_mabniyat/letters_answers.json#4
12,51,12,مَا,ما,لِلَّهِ,عَلِمْنَا,HARF,ISM_MAWSOOL,ISM_MAWSOOL|ISM_MABNI|HARF,Hypothesis,True,registry-exact-hypothesis:exact:02_mabniyat/relative_pronouns.json#13
12,51,15,مِنْ,من,عَلَيْهِ,سُوءٍ,HARF,HARF,HARF,Hypothesis,True,registry-exact-hypothesis:exact:02_mabniyat/preposition_meanings.json#34
12,53,4,إِنَّ,إن,نَفْسِي,النَّفْسَ,HARF,HARF,HARF,Certificate,False,registry:exact:02_mabniyat/letters_answers.json#4
12,53,8,إِلَّا,إلا,بِالسُّوءِ,مَا,HARF,HARF,,Certificate,False,MASAQ:106
12,53,9,مَا,ما,إِلَّا,رَحِمَ,ISM_MAWSOOL,ISM_MAWSOOL,ISM_MAWSOOL|ISM_MABNI|HARF,Hypothesis,True,registry-exact-hypothesis:exact:02_mabniyat/relative_pronouns.json#13
12,53,12,إِنَّ,إن,رَبِّي,رَبِّي,HARF,HARF,HARF,Certificate,False,registry:exact:02_mabniyat/letters_answers.json#4
12,56,12,مَنْ,من,بِرَحْمَتِنَا,نَشَاءُ,ISM_MAWSOOL,ISM_MAWSOOL,ISM_MAWSOOL|ISM_MABNI|HARF,Hypothesis,True,registry-exact-hypothesis:exact:02_mabniyat/relative_pronouns.json#3
12,59,8,مِنْ,من,لَكُمْ,أَبِيكُمْ,HARF,HARF,HARF,Hypothesis,True,registry-exact-hypothesis:exact:02_mabniyat/preposition_meanings.json#34
12,64,5,إِلَّا,إلا,عَلَيْهِ,كَمَا,HARF,HARF,,Certificate,False,MASAQ:106
12,64,10,مِنْ,من,أَخِيهِ,قَبْلُ,HARF,HARF,HARF,Hypothesis,True,registry-exact-hypothesis:exact:02_mabniyat/preposition_meanings.json#34
12,65,10,مَا,ما,يَاأَبَانَا,نَبْغِي,HARF,ISM_MAWSOOL,ISM_MAWSOOL|ISM_MABNI|HARF,Hypothesis,True,registry-exact-hypothesis:exact:02_mabniyat/relative_pronouns.json#13
12,66,5,حَتَّى,حتى,مَعَكُمْ,تُؤْتُونِ,HARF,HARF,HARF,Certificate,False,registry:exact:02_mabniyat/preposition_meanings.json#48
12,66,8,مِنَ,من,مَوْثِقَاً,اللَّهِ,HARF,HARF,HARF,Hypothesis,True,registry-exact-hypothesis:exact:02_mabniyat/preposition_meanings.json#32
12,66,12,إِلَّا,إلا,بِهِ,أَنْ,HARF,HARF,,Certificate,False,MASAQ:106
12,66,13,أَنْ,أن,إِلَّا,يُحَاطَ,HARF,HARF,HARF,Certificate,False,registry:plain:02_mabniyat/present_naseb_tools.json#1
12,66,22,مَا,ما,عَلَى,نَقُولُ,ISM_MAWSOOL,ISM_MAWSOOL,ISM_MAWSOOL|ISM_MABNI|HARF,Hypothesis,True,registry-exact-hypothesis:exact:02_mabniyat/relative_pronouns.json#13
12,67,5,مِنْ,من,تَدْخُلُوا,بَابٍ,HARF,HARF,HARF,Hypothesis,True,registry-exact-hypothesis:exact:02_mabniyat/preposition_meanings.json#34
12,67,9,مِنْ,من,وَادْخُلُوا,أَبْوَابٍ,HARF,HARF,HARF,Hypothesis,True,registry-exact-hypothesis:exact:02_mabniyat/preposition_meanings.json#34
12,67,15,مِنَ,من,عَنْكُمْ,اللَّهِ,HARF,HARF,HARF,Hypothesis,True,registry-exact-hypothesis:exact:02_mabniyat/preposition_meanings.json#32
12,67,17,مِنْ,من,اللَّهِ,شَيْءٍ,HARF,HARF,HARF,Hypothesis,True,registry-exact-hypothesis:exact:02_mabniyat/preposition_meanings.json#34
12,67,19,إِنِ,إن,شَيْءٍ,الْحُكْمُ,HARF,HARF,HARF,Certificate,False,registry:plain:02_mabniyat/conditional_letters_tools.json#1
12,67,21,إِلَّا,إلا,الْحُكْمُ,لِلَّهِ,HARF,HARF,,Certificate,False,MASAQ:106
12,68,3,مِنْ,من,دَخَلُوا,حَيْثُ,HARF,HARF,HARF,Hypothesis,True,registry-exact-hypothesis:exact:02_mabniyat/preposition_meanings.json#34
12,68,7,مَا,ما,أَبُوهُمْ,كَانَ,HARF,ISM_MAWSOOL,ISM_MAWSOOL|ISM_MABNI|HARF,Hypothesis,True,registry-exact-hypothesis:exact:02_mabniyat/relative_pronouns.json#13
12,68,11,مِنَ,من,عَنْهُمْ,اللَّهِ,HARF,HARF,HARF,Hypothesis,True,registry-exact-hypothesis:exact:02_mabniyat/preposition_meanings.json#32
12,68,13,مِنْ,من,اللَّهِ,شَيْءٍ,HARF,HARF,HARF,Hypothesis,True,registry-exact-hypothesis:exact:02_mabniyat/preposition_meanings.json#34
12,68,15,إِلَّا,إلا,شَيْءٍ,حَاجَةً,HARF,HARF,,Certificate,False,MASAQ:106
12,69,14,بِمَا,بما,تَبْتَئِسْ,كَانُوا,ISM_MAWSOOL,ISM_MAWSOOL,ISM_MAWSOOL|ISM_MABNI|HARF,Certificate,True,MASAQ:48
12,73,5,مَا,ما,عَلِمْتُمْ,جِئْنَا,HARF,ISM_MAWSOOL,ISM_MAWSOOL|ISM_MABNI|HARF,Hypothesis,True,registry-exact-hypothesis:exact:02_mabniyat/relative_pronouns.json#13
12,74,4,إِنْ,إن,جَزَاؤُهُ,كُنْتُمْ,HARF,HARF,HARF,Certificate,False,registry:exact:02_mabniyat/conditional_letters_tools.json#1
12,75,3,مَنْ,من,جَزَاؤُهُ,وُجِدَ,HARF,ISM_MAWSOOL,ISM_MAWSOOL|ISM_MABNI|HARF,Hypothesis,True,registry-exact-hypothesis:exact:02_mabniyat/relative_pronouns.json#3
12,76,8,مِنْ,من,اسْتَخْرَجَهَا,وِعَاءِ,HARF,HARF,HARF,Hypothesis,True,registry-exact-hypothesis:exact:02_mabniyat/preposition_meanings.json#34
12,76,14,مَا,ما,لِيُوسُفَ,كَانَ,HARF,ISM_MAWSOOL,ISM_MAWSOOL|ISM_MABNI|HARF,Hypothesis,True,registry-exact-hypothesis:exact:02_mabniyat/relative_pronouns.json#13
12,76,21,إِلَّا,إلا,الْمَلِكِ,أَنْ,HARF,HARF,,Certificate,False,MASAQ:106
12,76,22,أَنْ,أن,إِلَّا,يَشَاءَ,HARF,HARF,HARF,Certificate,False,registry:plain:02_mabniyat/present_naseb_tools.json#1
12,76,27,مَنْ,من,دَرَجَاتٍ,نَشَاءُ,HARF,ISM_MAWSOOL,ISM_MAWSOOL|ISM_MABNI|HARF,Hypothesis,True,registry-exact-hypothesis:exact:02_mabniyat/relative_pronouns.json#3
12,77,2,إِنْ,إن,قَالُوا,يَسْرِقْ,HARF,HARF,HARF,Certificate,False,registry:exact:02_mabniyat/conditional_letters_tools.json#1
12,77,8,مِنْ,من,لَهُ,قَبْلُ,HARF,HARF,HARF,Hypothesis,True,registry-exact-hypothesis:exact:02_mabniyat/preposition_meanings.json#34
12,77,23,بِمَا,بما,أَعْلَمُ,تَصِفُونَ,ISM_MAWSOOL,ISM_MAWSOOL,ISM_MAWSOOL|ISM_MABNI|HARF,Certificate,True,MASAQ:48
12,78,4,إِنَّ,إن,الْعَزِيزُ,لَهُ,HARF,HARF,HARF,Certificate,False,registry:exact:02_mabniyat/letters_answers.json#4
12,78,14,مِنَ,من,نَرَاكَ,الْمُحْسِنِينَ,HARF,HARF,HARF,Hypothesis,True,registry-exact-hypothesis:exact:02_mabniyat/preposition_meanings.json#32
12,79,4,أَنْ,أن,اللَّهِ,نَأْخُذَ,HARF,HARF,HARF,Certificate,False,registry:plain:02_mabniyat/present_naseb_tools.json#1
12,79,6,إِلَّا,إلا,نَأْخُذَ,مَنْ,HARF,HARF,,Certificate,False,MASAQ:106
12,79,7,مَنْ,من,إِلَّا,وَجَدْنَا,ISM_MAWSOOL,ISM_MAWSOOL,ISM_MAWSOOL|ISM_MABNI|HARF,Hypothesis,True,registry-exact-hypothesis:exact:02_mabniyat/relative_pronouns.json#3
12,80,10,أَنَّ,أن,تَعْلَمُوا,أَبَاكُمْ,HARF,HARF,HARF,Certificate,False,registry:exact:02_mabniyat/copulative_particle.json#2
12,80,16,مِنَ,من,مَوْثِقَاً,اللَّهِ,HARF,HARF,HARF,Hypothesis,True,registry-exact-hypothesis:exact:02_mabniyat/preposition_meanings.json#32
12,80,20,مَا,ما,قَبْلُ,فَرَّطْتُمْ,ISM_MAWSOOL,ISM_MAWSOOL,ISM_MAWSOOL|ISM_MABNI|HARF,Hypothesis,True,registry-exact-hypothesis:exact:02_mabniyat/relative_pronouns.json#13
12,80,27,حَتَّى,حتى,الْأَرْضَ,يَأْذَنَ,HARF,HARF,HARF,Certificate,False,registry:exact:02_mabniyat/preposition_meanings.json#48
12,81,6,إِنَّ,إن,يَاأَبَانَا,ابْنَكَ,HARF,HARF,HARF,Certificate,False,registry:exact:02_mabniyat/letters_answers.json#4
12,81,11,إِلَّا,إلا,شَهِدْنَا,بِمَا,HARF,HARF,,Certificate,False,MASAQ:106
12,81,12,بِمَا,بما,إِلَّا,عَلِمْنَا,ISM_MAWSOOL,ISM_MAWSOOL,ISM_MAWSOOL|ISM_MABNI|HARF,Certificate,True,MASAQ:48
12,83,11,أَنْ,أن,اللَّهُ,يَأْتِيَنِي,HARF,HARF,HARF,Certificate,False,registry:plain:02_mabniyat/present_naseb_tools.json#1
12,84,9,مِنَ,من,عَيْنَاهُ,الْحُزْنِ,HARF,HARF,HARF,Hypothesis,True,registry-exact-hypothesis:exact:02_mabniyat/preposition_meanings.json#32
12,85,6,حَتَّى,حتى,يُوسُفَ,تَكُونَ,HARF,HARF,HARF,Certificate,False,registry:exact:02_mabniyat/preposition_meanings.json#48
12,85,11,مِنَ,من,تَكُونَ,الْهَالِكِينَ,HARF,HARF,HARF,Hypothesis,True,registry-exact-hypothesis:exact:02_mabniyat/preposition_meanings.json#32
12,86,9,مِنَ,من,وَأَعْلَمُ,اللَّهِ,HARF,HARF,HARF,Hypothesis,True,registry-exact-hypothesis:exact:02_mabniyat/preposition_meanings.json#32
12,86,11,مَا,ما,اللَّهِ,لَا,ISM_MAWSOOL,ISM_MAWSOOL,ISM_MAWSOOL|ISM_MABNI|HARF,Hypothesis,True,registry-exact-hypothesis:exact:02_mabniyat/relative_pronouns.json#13
12,87,4,مِنْ,من,فَتَحَسَّسُوا,يُوسُفَ,HARF,HARF,HARF,Hypothesis,True,registry-exact-hypothesis:exact:02_mabniyat/preposition_meanings.json#34
12,87,9,مِنْ,من,تَيْأَسُوا,رَوْحِ,HARF,HARF,HARF,Hypothesis,True,registry-exact-hypothesis:exact:02_mabniyat/preposition_meanings.json#34
12,87,15,مِنْ,من,يَيْأَسُ,رَوْحِ,HARF,HARF,HARF,Hypothesis,True,registry-exact-hypothesis:exact:02_mabniyat/preposition_meanings.json#34
12,87,18,إِلَّا,إلا,اللَّهِ,الْقَوْمُ,HARF,HARF,,Certificate,False,MASAQ:106
12,88,18,إِنَّ,إن,عَلَيْنَا,اللَّهَ,HARF,HARF,HARF,Certificate,False,registry:exact:02_mabniyat/letters_answers.json#4
12,89,4,مَا,ما,عَلِمْتُمْ,فَعَلْتُمْ,ISM_MAWSOOL,ISM_MAWSOOL,ISM_MAWSOOL|ISM_MABNI|HARF,Hypothesis,True,registry-exact-hypothesis:exact:02_mabniyat/relative_pronouns.json#13
12,90,11,مَنَّ,من,قَدْ,اللَّهُ,FIIL,FIIL,,Certificate,False,MASAQ:8987
12,90,15,مَنْ,من,إِنَّهُ,يَتَّقِ,HARF,ISM_MAWSOOL,ISM_MAWSOOL|ISM_MABNI|HARF,Hypothesis,True,registry-exact-hypothesis:exact:02_mabniyat/relative_pronouns.json#3
12,94,11,أَنْ,أن,لَوْلَا,تُفَنِّدُونِ,HARF,HARF,HARF,Certificate,False,registry:plain:02_mabniyat/present_naseb_tools.json#1
12,96,2,أَنْ,أن,فَلَمَّا,جَاءَ,HARF,HARF,HARF,Certificate,False,registry:plain:02_mabniyat/present_naseb_tools.json#1
12,96,16,مِنَ,من,أَعْلَمُ,اللَّهِ,HARF,HARF,HARF,Hypothesis,True,registry-exact-hypothesis:exact:02_mabniyat/preposition_meanings.json#32
12,96,18,مَا,ما,اللَّهِ,لَا,ISM_MAWSOOL,ISM_MAWSOOL,ISM_MAWSOOL|ISM_MABNI|HARF,Hypothesis,True,registry-exact-hypothesis:exact:02_mabniyat/relative_pronouns.json#13
12,99,11,إِنْ,إن,مِصْرَ,شَاءَ,HARF,HARF,HARF,Certificate,False,registry:exact:02_mabniyat/conditional_letters_tools.json#1
12,100,13,مِنْ,من,رُؤْيَايَ,قَبْلُ,HARF,HARF,HARF,Hypothesis,True,registry-exact-hypothesis:exact:02_mabniyat/preposition_meanings.json#34
12,100,24,مِنَ,من,أَخْرَجَنِي,السِّجْنِ,HARF,HARF,HARF,Hypothesis,True,registry-exact-hypothesis:exact:02_mabniyat/preposition_meanings.json#32
12,100,28,مِنَ,من,بِكُمْ,الْبَدْوِ,HARF,HARF,HARF,Hypothesis,True,registry-exact-hypothesis:exact:02_mabniyat/preposition_meanings.json#32
12,100,30,مِنْ,من,الْبَدْوِ,بَعْدِ,HARF,HARF,HARF,Hypothesis,True,registry-exact-hypothesis:exact:02_mabniyat/preposition_meanings.json#34
12,100,32,أَنْ,أن,بَعْدِ,نَزَغَ,HARF,HARF,HARF,Certificate,False,registry:plain:02_mabniyat/present_naseb_tools.json#1
12,100,38,إِنَّ,إن,إِخْوَتِي,رَبِّي,HARF,HARF,HARF,Certificate,False,registry:exact:02_mabniyat/letters_answers.json#4
12,101,4,مِنَ,من,آتَيْتَنِي,الْمُلْكِ,HARF,HARF,HARF,Hypothesis,True,registry-exact-hypothesis:exact:02_mabniyat/preposition_meanings.json#32
12,101,7,مِنْ,من,وَعَلَّمْتَنِي,تَأْوِيلِ,HARF,HARF,HARF,Hypothesis,True,registry-exact-hypothesis:exact:02_mabniyat/preposition_meanings.json#34
12,102,2,مِنْ,من,ذَلِكَ,أَنْبَاءِ,HARF,HARF,HARF,Hypothesis,True,registry-exact-hypothesis:exact:02_mabniyat/preposition_meanings.json#34
12,104,4,مِنْ,من,عَلَيْهِ,أَجْرٍ,HARF,HARF,HARF,Hypothesis,True,registry-exact-hypothesis:exact:02_mabniyat/preposition_meanings.json#34
12,104,6,إِنْ,إن,أَجْرٍ,هُوَ,HARF,HARF,HARF,Certificate,False,registry:exact:02_mabniyat/conditional_letters_tools.json#1
12,104,8,إِلَّا,إلا,هُوَ,ذِكْرٌ,HARF,HARF,,Certificate,False,MASAQ:106
12,105,2,مِنْ,من,وَكَأَيِّنْ,آيَةٍ,HARF,HARF,HARF,Hypothesis,True,registry-exact-hypothesis:exact:02_mabniyat/preposition_meanings.json#34
12,106,5,إِلَّا,إلا,بِاللَّهِ,وَهُمْ,HARF,HARF,,Certificate,False,MASAQ:106
12,107,2,أَنْ,أن,أَفَأَمِنُوا,تَأْتِيَهُمْ,HARF,HARF,HARF,Certificate,False,registry:plain:02_mabniyat/present_naseb_tools.json#1
12,107,5,مِنْ,من,غَاشِيَةٌ,عَذَابِ,HARF,HARF,HARF,Hypothesis,True,registry-exact-hypothesis:exact:02_mabniyat/preposition_meanings.json#34
12,108,16,مِنَ,من,أَنَا,الْمُشْرِكِينَ,HARF,HARF,HARF,Hypothesis,True,registry-exact-hypothesis:exact:02_mabniyat/preposition_meanings.json#32
12,109,3,مِنْ,من,أَرْسَلْنَا,قَبْلِكَ,HARF,HARF,HARF,Hypothesis,True,registry-exact-hypothesis:exact:02_mabniyat/preposition_meanings.json#34
12,109,5,إِلَّا,إلا,قَبْلِكَ,رِجَالَاً,HARF,HARF,,Certificate,False,MASAQ:106
12,109,9,مِنْ,من,إِلَيْهِمْ,أَهْلِ,HARF,HARF,HARF,Hypothesis,True,registry-exact-hypothesis:exact:02_mabniyat/preposition_meanings.json#34
12,109,21,مِنْ,من,الَّذِينَ,قَبْلِهِمْ,HARF,HARF,HARF,Hypothesis,True,registry-exact-hypothesis:exact:02_mabniyat/preposition_meanings.json#34
12,110,1,حَتَّى,حتى,,إِذَا,HARF,HARF,HARF,Certificate,False,registry:exact:02_mabniyat/preposition_meanings.json#48
12,110,12,مَنْ,من,فَنُجِّيَ,نَشَاءُ,ISM_MAWSOOL,ISM_MAWSOOL,ISM_MAWSOOL|ISM_MABNI|HARF,Hypothesis,True,registry-exact-hypothesis:exact:02_mabniyat/relative_pronouns.json#3
12,111,8,مَا,ما,الْأَلْبَابِ,كَانَ,HARF,ISM_MAWSOOL,ISM_MAWSOOL|ISM_MABNI|HARF,Hypothesis,True,registry-exact-hypothesis:exact:02_mabniyat/relative_pronouns.json#13
13,1,8,مِنْ,من,إِلَيْكَ,رَبِّكَ,HARF,HARF,HARF,Hypothesis,True,registry-exact-hypothesis:exact:02_mabniyat/preposition_meanings.json#34
13,3,19,إِنَّ,إن,النَّهَارَ,فِي,HARF,HARF,HARF,Certificate,False,registry:exact:02_mabniyat/letters_answers.json#4
13,4,6,مِنْ,من,وَجَنَّاتٌ,أَعْنَابٍ,HARF,HARF,HARF,Hypothesis,True,registry-exact-hypothesis:exact:02_mabniyat/preposition_meanings.json#34
13,4,22,إِنَّ,إن,الْأُكُلِ,فِي,HARF,HARF,HARF,Certificate,False,registry:exact:02_mabniyat/letters_answers.json#4
13,6,7,مِنْ,من,خَلَتْ,قَبْلِهِمُ,HARF,HARF,HARF,Hypothesis,True,registry-exact-hypothesis:exact:02_mabniyat/preposition_meanings.json#34
13,7,8,مِنْ,من,آيَةٌ,رَبِّهِ,HARF,HARF,HARF,Hypothesis,True,registry-exact-hypothesis:exact:02_mabniyat/preposition_meanings.json#34
13,8,3,مَا,ما,يَعْلَمُ,تَحْمِلُ,ISM_MAWSOOL,ISM_MAWSOOL,ISM_MAWSOOL|ISM_MABNI|HARF,Hypothesis,True,registry-exact-hypothesis:exact:02_mabniyat/relative_pronouns.json#13
13,10,3,مَنْ,من,مِنْكُمْ,أَسَرَّ,ISM_MAWSOOL,ISM_MAWSOOL,ISM_MAWSOOL|ISM_MABNI|HARF,Hypothesis,True,registry-exact-hypothesis:exact:02_mabniyat/relative_pronouns.json#3
13,11,3,مِنْ,من,مُعَقِّبَاتٌ,بَيْنِ,HARF,HARF,HARF,Hypothesis,True,registry-exact-hypothesis:exact:02_mabniyat/preposition_meanings.json#34
13,11,9,مِنْ,من,يَحْفَظُونَهُ,أَمْرِ,HARF,HARF,HARF,Hypothesis,True,registry-exact-hypothesis:exact:02_mabniyat/preposition_meanings.json#34
13,11,12,إِنَّ,إن,اللَّهِ,اللَّهَ,HARF,HARF,HARF,Certificate,False,registry:exact:02_mabniyat/letters_answers.json#4
13,11,16,مَا,ما,يُغَيِّرُ,بِقَوْمٍ,ISM_MAWSOOL,ISM_MAWSOOL,ISM_MAWSOOL|ISM_MABNI|HARF,Hypothesis,True,registry-exact-hypothesis:exact:02_mabniyat/relative_pronouns.json#13
13,11,18,حَتَّى,حتى,بِقَوْمٍ,يُغَيِّرُوا,HARF,HARF,HARF,Certificate,False,registry:exact:02_mabniyat/preposition_meanings.json#48
13,11,20,مَا,ما,يُغَيِّرُوا,بِأَنْفُسِهِمْ,ISM_MAWSOOL,ISM_MAWSOOL,ISM_MAWSOOL|ISM_MABNI|HARF,Hypothesis,True,registry-exact-hypothesis:exact:02_mabniyat/relative_pronouns.json#13
13,11,32,مِنْ,من,لَهُمْ,دُونِهِ,HARF,HARF,HARF,Hypothesis,True,registry-exact-hypothesis:exact:02_mabniyat/preposition_meanings.json#34
13,11,34,مِنْ,من,دُونِهِ,وَالٍ,HARF,HARF,HARF,Hypothesis,True,registry-exact-hypothesis:exact:02_mabniyat/preposition_meanings.json#34
13,13,5,مِنْ,من,وَالْمَلَائِكَةُ,خِيفَتِهِ,HARF,HARF,HARF,Hypothesis,True,registry-exact-hypothesis:exact:02_mabniyat/preposition_meanings.json#34
13,13,11,مَنْ,من,بِهَا,يَشَاءُ,ISM_MAWSOOL,ISM_MAWSOOL,ISM_MAWSOOL|ISM_MABNI|HARF,Hypothesis,True,registry-exact-hypothesis:exact:02_mabniyat/relative_pronouns.json#3
13,14,6,مِنْ,من,يَدْعُونَ,دُونِهِ,HARF,HARF,HARF,Hypothesis,True,registry-exact-hypothesis:exact:02_mabniyat/preposition_meanings.json#34
13,14,12,إِلَّا,إلا,بِشَيْءٍ,كَبَاسِطِ,HARF,HARF,,Certificate,False,MASAQ:106
13,14,25,إِلَّا,إلا,الْكَافِرِينَ,فِي,HARF,HARF,,Certificate,False,MASAQ:106
13,15,3,مَنْ,من,يَسْجُدُ,فِي,ISM_MAWSOOL,ISM_MAWSOOL,ISM_MAWSOOL|ISM_MABNI|HARF,Hypothesis,True,registry-exact-hypothesis:exact:02_mabniyat/relative_pronouns.json#3
13,16,2,مَنْ,من,قُلْ,رَبُّ,HARF,ISM_MAWSOOL,ISM_MAWSOOL|ISM_MABNI|HARF,Hypothesis,True,registry-exact-hypothesis:exact:02_mabniyat/relative_pronouns.json#3
13,16,10,مِنْ,من,أَفَاتَّخَذْتُمْ,دُونِهِ,HARF,HARF,HARF,Hypothesis,True,registry-exact-hypothesis:exact:02_mabniyat/preposition_meanings.json#34
13,17,2,مِنَ,من,أَنْزَلَ,السَّمَاءِ,HARF,HARF,HARF,Hypothesis,True,registry-exact-hypothesis:exact:02_mabniyat/preposition_meanings.json#32
13,17,33,مَا,ما,وَأَمَّا,يَنْفَعُ,ISM_MAWSOOL,ISM_MAWSOOL,ISM_MAWSOOL|ISM_MABNI|HARF,Hypothesis,True,registry-exact-hypothesis:exact:02_mabniyat/relative_pronouns.json#13
13,18,10,أَنَّ,أن,لَوْ,لَهُمْ,HARF,HARF,HARF,Certificate,False,registry:exact:02_mabniyat/copulative_particle.json#2
13,18,12,مَا,ما,لَهُمْ,فِي,ISM_MAWSOOL,ISM_MAWSOOL,ISM_MAWSOOL|ISM_MABNI|HARF,Hypothesis,True,registry-exact-hypothesis:exact:02_mabniyat/relative_pronouns.json#13
13,19,6,مِنْ,من,إِلَيْكَ,رَبِّكَ,HARF,HARF,HARF,Hypothesis,True,registry-exact-hypothesis:exact:02_mabniyat/preposition_meanings.json#34
13,21,3,مَا,ما,يَصِلُونَ,أَمَرَ,ISM_MAWSOOL,ISM_MAWSOOL,ISM_MAWSOOL|ISM_MABNI|HARF,Hypothesis,True,registry-exact-hypothesis:exact:02_mabniyat/relative_pronouns.json#13
13,21,7,أَنْ,أن,بِهِ,يُوصَلَ,HARF,HARF,HARF,Certificate,False,registry:plain:02_mabniyat/present_naseb_tools.json#1
13,23,6,مِنْ,من,صَلَحَ,آبَائِهِمْ,HARF,HARF,HARF,Hypothesis,True,registry-exact-hypothesis:exact:02_mabniyat/preposition_meanings.json#34
13,23,13,مِنْ,من,عَلَيْهِمْ,كُلِّ,HARF,HARF,HARF,Hypothesis,True,registry-exact-hypothesis:exact:02_mabniyat/preposition_meanings.json#34
13,24,3,بِمَا,بما,عَلَيْكُمْ,صَبَرْتُمْ,ISM_MAWSOOL,ISM_MAWSOOL,ISM_MAWSOOL|ISM_MABNI|HARF,Certificate,True,MASAQ:48
13,25,5,مِنْ,من,اللَّهِ,بَعْدِ,HARF,HARF,HARF,Hypothesis,True,registry-exact-hypothesis:exact:02_mabniyat/preposition_meanings.json#34
13,25,9,مَا,ما,وَيَقْطَعُونَ,أَمَرَ,ISM_MAWSOOL,ISM_MAWSOOL,ISM_MAWSOOL|ISM_MABNI|HARF,Hypothesis,True,registry-exact-hypothesis:exact:02_mabniyat/relative_pronouns.json#13
13,25,13,أَنْ,أن,بِهِ,يُوصَلَ,HARF,HARF,HARF,Certificate,False,registry:plain:02_mabniyat/present_naseb_tools.json#1
13,26,15,إِلَّا,إلا,الْآخِرَةِ,مَتَاعٌ,HARF,HARF,,Certificate,False,MASAQ:106
13,27,8,مِنْ,من,آيَةٌ,رَبِّهِ,HARF,HARF,HARF,Hypothesis,True,registry-exact-hypothesis:exact:02_mabniyat/preposition_meanings.json#34
13,27,11,إِنَّ,إن,قُلْ,اللَّهَ,HARF,HARF,HARF,Certificate,False,registry:exact:02_mabniyat/letters_answers.json#4
13,27,14,مَنْ,من,يُضِلُّ,يَشَاءُ,ISM_MAWSOOL,ISM_MAWSOOL,ISM_MAWSOOL|ISM_MABNI|HARF,Hypothesis,True,registry-exact-hypothesis:exact:02_mabniyat/relative_pronouns.json#3
13,27,18,مَنْ,من,إِلَيْهِ,أَنَابَ,ISM_MAWSOOL,ISM_MAWSOOL,ISM_MAWSOOL|ISM_MABNI|HARF,Hypothesis,True,registry-exact-hypothesis:exact:02_mabniyat/relative_pronouns.json#3
13,30,7,مِنْ,من,خَلَتْ,قَبْلِهَا,HARF,HARF,HARF,Hypothesis,True,registry-exact-hypothesis:exact:02_mabniyat/preposition_meanings.json#34
13,30,23,إِلَّا,إلا,إِلَهَ,هُوَ,HARF,HARF,,Certificate,False,MASAQ:106
13,31,2,أَنَّ,أن,وَلَوْ,قُرْآنَاً,HARF,HARF,HARF,Certificate,False,registry:exact:02_mabniyat/copulative_particle.json#2
13,31,23,أَنْ,أن,آمَنُوا,لَوْ,HARF,HARF,HARF,Certificate,False,registry:plain:02_mabniyat/present_naseb_tools.json#1
13,31,35,بِمَا,بما,تُصِيبُهُمْ,صَنَعُوا,ISM_MAWSOOL,ISM_MAWSOOL,ISM_MAWSOOL|ISM_MABNI|HARF,Certificate,True,MASAQ:48
13,31,41,مِنْ,من,قَرِيبَاً,دَارِهِمْ,HARF,HARF,HARF,Hypothesis,True,registry-exact-hypothesis:exact:02_mabniyat/preposition_meanings.json#34
13,31,43,حَتَّى,حتى,دَارِهِمْ,يَأْتِيَ,HARF,HARF,HARF,Certificate,False,registry:exact:02_mabniyat/preposition_meanings.json#48
13,31,47,إِنَّ,إن,اللَّهِ,اللَّهَ,HARF,HARF,HARF,Certificate,False,registry:exact:02_mabniyat/letters_answers.json#4
13,32,4,مِنْ,من,بِرُسُلٍ,قَبْلِكَ,HARF,HARF,HARF,Hypothesis,True,registry-exact-hypothesis:exact:02_mabniyat/preposition_meanings.json#34
13,33,7,بِمَا,بما,نَفْسٍ,كَسَبَتْ,ISM_MAWSOOL,ISM_MAWSOOL,ISM_MAWSOOL|ISM_MABNI|HARF,Certificate,True,MASAQ:48
13,33,16,بِمَا,بما,تُنَبِّئُونَهُ,لَا,ISM_MAWSOOL,ISM_MAWSOOL,ISM_MAWSOOL|ISM_MABNI|HARF,Certificate,True,MASAQ:48
13,33,23,مِنَ,من,بِظَاهِرٍ,الْقَوْلِ,HARF,HARF,HARF,Hypothesis,True,registry-exact-hypothesis:exact:02_mabniyat/preposition_meanings.json#32
13,33,38,مِنْ,من,لَهُ,هَادٍ,HARF,HARF,HARF,Hypothesis,True,registry-exact-hypothesis:exact:02_mabniyat/preposition_meanings.json#34
13,34,11,مِنَ,من,لَهُمْ,اللَّهِ,HARF,HARF,HARF,Hypothesis,True,registry-exact-hypothesis:exact:02_mabniyat/preposition_meanings.json#32
13,34,13,مِنْ,من,اللَّهِ,وَاقٍ,HARF,HARF,HARF,Hypothesis,True,registry-exact-hypothesis:exact:02_mabniyat/preposition_meanings.json#34
13,35,7,مِنْ,من,تَجْرِي,تَحْتِهَا,HARF,HARF,HARF,Hypothesis,True,registry-exact-hypothesis:exact:02_mabniyat/preposition_meanings.json#34
13,36,5,بِمَا,بما,يَفْرَحُونَ,أُنْزِلَ,ISM_MAWSOOL,ISM_MAWSOOL,ISM_MAWSOOL|ISM_MABNI|HARF,Certificate,True,MASAQ:48
13,36,10,مَنْ,من,الْأَحْزَابِ,يُنْكِرُ,ISM_MAWSOOL,ISM_MAWSOOL,ISM_MAWSOOL|ISM_MABNI|HARF,Hypothesis,True,registry-exact-hypothesis:exact:02_mabniyat/relative_pronouns.json#3
13,36,16,أَنْ,أن,أُمِرْتُ,أَعْبُدَ,HARF,HARF,HARF,Certificate,False,registry:plain:02_mabniyat/present_naseb_tools.json#1
13,37,10,مِنَ,من,جَاءَكَ,الْعِلْمِ,HARF,HARF,HARF,Hypothesis,True,registry-exact-hypothesis:exact:02_mabniyat/preposition_meanings.json#32
13,37,12,مَا,ما,الْعِلْمِ,لَكَ,HARF,ISM_MAWSOOL,ISM_MAWSOOL|ISM_MABNI|HARF,Hypothesis,True,registry-exact-hypothesis:exact:02_mabniyat/relative_pronouns.json#13
13,37,14,مِنَ,من,لَكَ,اللَّهِ,HARF,HARF,HARF,Hypothesis,True,registry-exact-hypothesis:exact:02_mabniyat/preposition_meanings.json#32
13,37,16,مِنْ,من,اللَّهِ,وَلِيٍّ,HARF,HARF,HARF,Hypothesis,True,registry-exact-hypothesis:exact:02_mabniyat/preposition_meanings.json#34
13,38,4,مِنْ,من,رُسُلَاً,قَبْلِكَ,HARF,HARF,HARF,Hypothesis,True,registry-exact-hypothesis:exact:02_mabniyat/preposition_meanings.json#34
13,38,13,أَنْ,أن,لِرَسُولٍ,يَأْتِيَ,HARF,HARF,HARF,Certificate,False,registry:plain:02_mabniyat/present_naseb_tools.json#1
13,38,16,إِلَّا,إلا,بِآيَةٍ,بِإِذْنِ,HARF,HARF,,Certificate,False,MASAQ:106
13,39,3,مَا,ما,اللَّهُ,يَشَاءُ,ISM_MAWSOOL,ISM_MAWSOOL,ISM_MAWSOOL|ISM_MABNI|HARF,Hypothesis,True,registry-exact-hypothesis:exact:02_mabniyat/relative_pronouns.json#13
13,41,7,مِنْ,من,نَنْقُصُهَا,أَطْرَافِهَا,HARF,HARF,HARF,Hypothesis,True,registry-exact-hypothesis:exact:02_mabniyat/preposition_meanings.json#34
13,42,4,مِنْ,من,الَّذِينَ,قَبْلِهِمْ,HARF,HARF,HARF,Hypothesis,True,registry-exact-hypothesis:exact:02_mabniyat/preposition_meanings.json#34
13,42,10,مَا,ما,يَعْلَمُ,تَكْسِبُ,ISM_MAWSOOL,ISM_MAWSOOL,ISM_MAWSOOL|ISM_MABNI|HARF,Hypothesis,True,registry-exact-hypothesis:exact:02_mabniyat/relative_pronouns.json#13
14,1,7,مِنَ,من,النَّاسَ,الظُّلُمَاتِ,HARF,HARF,HARF,Hypothesis,True,registry-exact-hypothesis:exact:02_mabniyat/preposition_meanings.json#32
14,2,4,مَا,ما,لَهُ,فِي,ISM_MAWSOOL,ISM_MAWSOOL,ISM_MAWSOOL|ISM_MABNI|HARF,Hypothesis,True,registry-exact-hypothesis:exact:02_mabniyat/relative_pronouns.json#13
14,2,12,مِنْ,من,لِلْكَافِرِينَ,عَذَابٍ,HARF,HARF,HARF,Hypothesis,True,registry-exact-hypothesis:exact:02_mabniyat/preposition_meanings.json#34
14,4,3,مِنْ,من,أَرْسَلْنَا,رَسُولٍ,HARF,HARF,HARF,Hypothesis,True,registry-exact-hypothesis:exact:02_mabniyat/preposition_meanings.json#34
14,4,5,إِلَّا,إلا,رَسُولٍ,بِلِسَانِ,HARF,HARF,,Certificate,False,MASAQ:106
14,4,12,مَنْ,من,اللَّهُ,يَشَاءُ,ISM_MAWSOOL,ISM_MAWSOOL,ISM_MAWSOOL|ISM_MABNI|HARF,Hypothesis,True,registry-exact-hypothesis:exact:02_mabniyat/relative_pronouns.json#3
14,4,15,مَنْ,من,وَيَهْدِي,يَشَاءُ,ISM_MAWSOOL,ISM_MAWSOOL,ISM_MAWSOOL|ISM_MABNI|HARF,Hypothesis,True,registry-exact-hypothesis:exact:02_mabniyat/relative_pronouns.json#3
14,5,5,أَنْ,أن,بِآيَاتِنَا,أَخْرِجْ,HARF,HARF,HARF,Certificate,False,registry:plain:02_mabniyat/present_naseb_tools.json#1
14,5,8,مِنَ,من,قَوْمَكَ,الظُّلُمَاتِ,HARF,HARF,HARF,Hypothesis,True,registry-exact-hypothesis:exact:02_mabniyat/preposition_meanings.json#32
14,5,15,إِنَّ,إن,اللَّهِ,فِي,HARF,HARF,HARF,Certificate,False,registry:exact:02_mabniyat/letters_answers.json#4
14,6,11,مِنْ,من,أَنْجَاكُمْ,آلِ,HARF,HARF,HARF,Hypothesis,True,registry-exact-hypothesis:exact:02_mabniyat/preposition_meanings.json#34
14,6,24,مِنْ,من,بَلَاءٌ,رَبِّكُمْ,HARF,HARF,HARF,Hypothesis,True,registry-exact-hypothesis:exact:02_mabniyat/preposition_meanings.json#34
14,7,9,إِنَّ,إن,كَفَرْتُمْ,عَذَابِي,HARF,HARF,HARF,Certificate,False,registry:exact:02_mabniyat/letters_answers.json#4
14,8,3,إِنْ,إن,مُوسَى,تَكْفُرُوا,HARF,HARF,HARF,Certificate,False,registry:exact:02_mabniyat/conditional_letters_tools.json#1
14,9,5,مِنْ,من,الَّذِينَ,قَبْلِكُمْ,HARF,HARF,HARF,Hypothesis,True,registry-exact-hypothesis:exact:02_mabniyat/preposition_meanings.json#34
14,9,12,مِنْ,من,وَالَّذِينَ,بَعْدِهِمْ,HARF,HARF,HARF,Hypothesis,True,registry-exact-hypothesis:exact:02_mabniyat/preposition_meanings.json#34
14,9,16,إِلَّا,إلا,يَعْلَمُهُمْ,اللَّهُ,HARF,HARF,,Certificate,False,MASAQ:106
14,9,28,بِمَا,بما,كَفَرْنَا,أُرْسِلْتُمْ,ISM_MAWSOOL,ISM_MAWSOOL,ISM_MAWSOOL|ISM_MABNI|HARF,Certificate,True,MASAQ:48
14,10,12,مِنْ,من,لَكُمْ,ذُنُوبِكُمْ,HARF,HARF,HARF,Hypothesis,True,registry-exact-hypothesis:exact:02_mabniyat/preposition_meanings.json#34
14,10,19,إِنْ,إن,قَالُوا,أَنْتُمْ,HARF,HARF,HARF,Certificate,False,registry:exact:02_mabniyat/conditional_letters_tools.json#1
14,10,21,إِلَّا,إلا,أَنْتُمْ,بَشَرٌ,HARF,HARF,,Certificate,False,MASAQ:106
14,10,25,أَنْ,أن,تُرِيدُونَ,تَصُدُّونَا,HARF,HARF,HARF,Certificate,False,registry:plain:02_mabniyat/present_naseb_tools.json#1
14,11,4,إِنْ,إن,رُسُلُهُمْ,نَحْنُ,HARF,HARF,HARF,Certificate,False,registry:exact:02_mabniyat/conditional_letters_tools.json#1
14,11,6,إِلَّا,إلا,نَحْنُ,بَشَرٌ,HARF,HARF,,Certificate,False,MASAQ:106
14,11,13,مَنْ,من,عَلَى,يَشَاءُ,ISM_MAWSOOL,ISM_MAWSOOL,ISM_MAWSOOL|ISM_MABNI|HARF,Hypothesis,True,registry-exact-hypothesis:exact:02_mabniyat/relative_pronouns.json#3
14,11,15,مِنْ,من,يَشَاءُ,عِبَادِهِ,HARF,HARF,HARF,Hypothesis,True,registry-exact-hypothesis:exact:02_mabniyat/preposition_meanings.json#34
14,11,20,أَنْ,أن,لَنَا,نَأْتِيَكُمْ,HARF,HARF,HARF,Certificate,False,registry:plain:02_mabniyat/present_naseb_tools.json#1
14,11,23,إِلَّا,إلا,بِسُلْطَانٍ,بِإِذْنِ,HARF,HARF,,Certificate,False,MASAQ:106
14,12,12,مَا,ما,عَلَى,آذَيْتُمُونَا,ISM_MAWSOOL,ISM_MAWSOOL,ISM_MAWSOOL|ISM_MABNI|HARF,Hypothesis,True,registry-exact-hypothesis:exact:02_mabniyat/relative_pronouns.json#13
14,13,6,مِنْ,من,لَنُخْرِجَنَّكُمْ,أَرْضِنَا,HARF,HARF,HARF,Hypothesis,True,registry-exact-hypothesis:exact:02_mabniyat/preposition_meanings.json#34
14,14,3,مِنْ,من,الْأَرْضَ,بَعْدِهِمْ,HARF,HARF,HARF,Hypothesis,True,registry-exact-hypothesis:exact:02_mabniyat/preposition_meanings.json#34
14,16,1,مِنْ,من,,وَرَائِهِ,HARF,HARF,HARF,Hypothesis,True,registry-exact-hypothesis:exact:02_mabniyat/preposition_meanings.json#34
14,16,5,مِنْ,من,وَيُسْقَى,مَاءٍ,HARF,HARF,HARF,Hypothesis,True,registry-exact-hypothesis:exact:02_mabniyat/preposition_meanings.json#34
14,17,7,مِنْ,من,الْمَوْتُ,كُلِّ,HARF,HARF,HARF,Hypothesis,True,registry-exact-hypothesis:exact:02_mabniyat/preposition_meanings.json#34
14,19,3,أَنَّ,أن,تَرَ,اللَّهَ,HARF,HARF,HARF,Certificate,False,registry:exact:02_mabniyat/copulative_particle.json#2
14,19,9,إِنْ,إن,بِالْحَقِّ,يَشَأْ,HARF,HARF,HARF,Certificate,False,registry:exact:02_mabniyat/conditional_letters_tools.json#1
14,21,16,مِنْ,من,عَنَّا,عَذَابِ,HARF,HARF,HARF,Hypothesis,True,registry-exact-hypothesis:exact:02_mabniyat/preposition_meanings.json#34
14,21,19,مِنْ,من,اللَّهِ,شَيْءٍ,HARF,HARF,HARF,Hypothesis,True,registry-exact-hypothesis:exact:02_mabniyat/preposition_meanings.json#34
14,21,31,مَا,ما,صَبَرْنَا,لَنَا,HARF,ISM_MAWSOOL,ISM_MAWSOOL|ISM_MABNI|HARF,Hypothesis,True,registry-exact-hypothesis:exact:02_mabniyat/relative_pronouns.json#13
14,21,33,مِنْ,من,لَنَا,مَحِيصٍ,HARF,HARF,HARF,Hypothesis,True,registry-exact-hypothesis:exact:02_mabniyat/preposition_meanings.json#34
14,22,6,إِنَّ,إن,الْأَمْرُ,اللَّهَ,HARF,HARF,HARF,Certificate,False,registry:exact:02_mabniyat/letters_answers.json#4
14,22,17,مِنْ,من,عَلَيْكُمْ,سُلْطَانٍ,HARF,HARF,HARF,Hypothesis,True,registry-exact-hypothesis:exact:02_mabniyat/preposition_meanings.json#34
14,22,19,إِلَّا,إلا,سُلْطَانٍ,أَنْ,HARF,HARF,,Certificate,False,MASAQ:106
14,22,20,أَنْ,أن,إِلَّا,دَعَوْتُكُمْ,HARF,HARF,HARF,Certificate,False,registry:plain:02_mabniyat/present_naseb_tools.json#1
14,22,28,مَا,ما,أَنْفُسَكُمْ,أَنَا,HARF,ISM_MAWSOOL,ISM_MAWSOOL|ISM_MABNI|HARF,Hypothesis,True,registry-exact-hypothesis:exact:02_mabniyat/relative_pronouns.json#13
14,22,36,بِمَا,بما,كَفَرْتُ,أَشْرَكْتُمُونِ,ISM_MAWSOOL,ISM_MAWSOOL,ISM_MAWSOOL|ISM_MABNI|HARF,Certificate,True,MASAQ:48
14,22,38,مِنْ,من,أَشْرَكْتُمُونِ,قَبْلُ,HARF,HARF,HARF,Hypothesis,True,registry-exact-hypothesis:exact:02_mabniyat/preposition_meanings.json#34
14,22,40,إِنَّ,إن,قَبْلُ,الظَّالِمِينَ,HARF,HARF,HARF,Certificate,False,registry:exact:02_mabniyat/letters_answers.json#4
14,23,8,مِنْ,من,تَجْرِي,تَحْتِهَا,HARF,HARF,HARF,Hypothesis,True,registry-exact-hypothesis:exact:02_mabniyat/preposition_meanings.json#34
14,26,7,مِنْ,من,اجْتُثَّتْ,فَوْقِ,HARF,HARF,HARF,Hypothesis,True,registry-exact-hypothesis:exact:02_mabniyat/preposition_meanings.json#34
14,26,10,مَا,ما,الْأَرْضِ,لَهَا,HARF,ISM_MAWSOOL,ISM_MAWSOOL|ISM_MABNI|HARF,Hypothesis,True,registry-exact-hypothesis:exact:02_mabniyat/relative_pronouns.json#13
14,26,12,مِنْ,من,لَهَا,قَرَارٍ,HARF,HARF,HARF,Hypothesis,True,registry-exact-hypothesis:exact:02_mabniyat/preposition_meanings.json#34
14,27,17,مَا,ما,اللَّهُ,يَشَاءُ,ISM_MAWSOOL,ISM_MAWSOOL,ISM_MAWSOOL|ISM_MABNI|HARF,Hypothesis,True,registry-exact-hypothesis:exact:02_mabniyat/relative_pronouns.json#13
14,31,12,مِنْ,من,وَعَلَانِيَةً,قَبْلِ,HARF,HARF,HARF,Hypothesis,True,registry-exact-hypothesis:exact:02_mabniyat/preposition_meanings.json#34
14,31,14,أَنْ,أن,قَبْلِ,يَأْتِيَ,HARF,HARF,HARF,Certificate,False,registry:plain:02_mabniyat/present_naseb_tools.json#1
14,32,7,مِنَ,من,وَأَنْزَلَ,السَّمَاءِ,HARF,HARF,HARF,Hypothesis,True,registry-exact-hypothesis:exact:02_mabniyat/preposition_meanings.json#32
14,32,12,مِنَ,من,بِهِ,الثَّمَرَاتِ,HARF,HARF,HARF,Hypothesis,True,registry-exact-hypothesis:exact:02_mabniyat/preposition_meanings.json#32
14,34,2,مِنْ,من,وَآتَاكُمْ,كُلِّ,HARF,HARF,HARF,Hypothesis,True,registry-exact-hypothesis:exact:02_mabniyat/preposition_meanings.json#34
14,34,4,مَا,ما,كُلِّ,سَأَلْتُمُوهُ,ISM_MAWSOOL,ISM_MAWSOOL,ISM_MAWSOOL|ISM_MABNI|HARF,Hypothesis,True,registry-exact-hypothesis:exact:02_mabniyat/relative_pronouns.json#13
14,34,12,إِنَّ,إن,تُحْصُوهَا,الْإِنْسَانَ,HARF,HARF,HARF,Certificate,False,registry:exact:02_mabniyat/letters_answers.json#4
14,35,11,أَنْ,أن,وَبَنِيَّ,نَعْبُدَ,HARF,HARF,HARF,Certificate,False,registry:plain:02_mabniyat/present_naseb_tools.json#1
14,36,5,مِنَ,من,كَثِيرَاً,النَّاسِ,HARF,HARF,HARF,Hypothesis,True,registry-exact-hypothesis:exact:02_mabniyat/preposition_meanings.json#32
14,37,4,مِنْ,من,أَسْكَنْتُ,ذُرِّيَّتِي,HARF,HARF,HARF,Hypothesis,True,registry-exact-hypothesis:exact:02_mabniyat/preposition_meanings.json#34
14,37,7,غَيْرِ,غير,بِوَادٍ,ذِي,ISM_MUARAB,ISM_MUARAB,,Certificate,False,MASAQ:25
14,37,18,مِنَ,من,أَفْئِدَةً,النَّاسِ,HARF,HARF,HARF,Hypothesis,True,registry-exact-hypothesis:exact:02_mabniyat/preposition_meanings.json#32
14,37,23,مِنَ,من,وَارْزُقْهُمْ,الثَّمَرَاتِ,HARF,HARF,HARF,Hypothesis,True,registry-exact-hypothesis:exact:02_mabniyat/preposition_meanings.json#32
14,38,4,مَا,ما,تَعْلَمُ,نُخْفِي,ISM_MAWSOOL,ISM_MAWSOOL,ISM_MAWSOOL|ISM_MABNI|HARF,Hypothesis,True,registry-exact-hypothesis:exact:02_mabniyat/relative_pronouns.json#13
14,38,12,مِنْ,من,اللَّهِ,شَيْءٍ,HARF,HARF,HARF,Hypothesis,True,registry-exact-hypothesis:exact:02_mabniyat/preposition_meanings.json#34
14,39,10,إِنَّ,إن,وَإِسْحَاقَ,رَبِّي,HARF,HARF,HARF,Certificate,False,registry:exact:02_mabniyat/letters_answers.json#4
14,44,21,مِنْ,من,أَقْسَمْتُمْ,قَبْلُ,HARF,HARF,HARF,Hypothesis,True,registry-exact-hypothesis:exact:02_mabniyat/preposition_meanings.json#34
14,44,23,مَا,ما,قَبْلُ,لَكُمْ,HARF,ISM_MAWSOOL,ISM_MAWSOOL|ISM_MABNI|HARF,Hypothesis,True,registry-exact-hypothesis:exact:02_mabniyat/relative_pronouns.json#13
14,44,25,مِنْ,من,لَكُمْ,زَوَالٍ,HARF,HARF,HARF,Hypothesis,True,registry-exact-hypothesis:exact:02_mabniyat/preposition_meanings.json#34
14,47,7,إِنَّ,إن,رُسُلَهُ,اللَّهَ,HARF,HARF,HARF,Certificate,False,registry:exact:02_mabniyat/letters_answers.json#4
14,48,4,غَيْرَ,غير,الْأَرْضُ,الْأَرْضِ,ISM_MUARAB,ISM_MUARAB,,Certificate,False,MASAQ:870
14,50,2,مِنْ,من,سَرَابِيلُهُمْ,قَطِرَانٍ,HARF,HARF,HARF,Hypothesis,True,registry-exact-hypothesis:exact:02_mabniyat/preposition_meanings.json#34
14,51,5,مَا,ما,نَفْسٍ,كَسَبَتْ,ISM_MAWSOOL,ISM_MAWSOOL,ISM_MAWSOOL|ISM_MABNI|HARF,Hypothesis,True,registry-exact-hypothesis:exact:02_mabniyat/relative_pronouns.json#13
14,51,7,إِنَّ,إن,كَسَبَتْ,اللَّهَ,HARF,HARF,HARF,Certificate,False,registry:exact:02_mabniyat/letters_answers.json#4
15,4,3,مِنْ,من,أَهْلَكْنَا,قَرْيَةٍ,HARF,HARF,HARF,Hypothesis,True,registry-exact-hypothesis:exact:02_mabniyat/preposition_meanings.json#34
15,4,5,إِلَّا,إلا,قَرْيَةٍ,وَلَهَا,HARF,HARF,,Certificate,False,MASAQ:106
15,5,1,مَا,ما,,تَسْبِقُ,ISM_MAWSOOL,ISM_MAWSOOL,ISM_MAWSOOL|ISM_MABNI|HARF,Hypothesis,True,registry-exact-hypothesis:exact:02_mabniyat/relative_pronouns.json#13
15,5,3,مِنْ,من,تَسْبِقُ,أُمَّةٍ,HARF,HARF,HARF,Hypothesis,True,registry-exact-hypothesis:exact:02_mabniyat/preposition_meanings.json#34
15,7,5,إِنْ,إن,بِالْمَلَائِكَةِ,كُنْتَ,HARF,HARF,HARF,Certificate,False,registry:exact:02_mabniyat/conditional_letters_tools.json#1
15,7,7,مِنَ,من,كُنْتَ,الصَّادِقِينَ,HARF,HARF,HARF,Hypothesis,True,registry-exact-hypothesis:exact:02_mabniyat/preposition_meanings.json#32
15,8,1,مَا,ما,,نُنَزِّلُ,HARF,ISM_MAWSOOL,ISM_MAWSOOL|ISM_MABNI|HARF,Hypothesis,True,registry-exact-hypothesis:exact:02_mabniyat/relative_pronouns.json#13
15,8,4,إِلَّا,إلا,الْمَلَائِكَةَ,بِالْحَقِّ,HARF,HARF,,Certificate,False,MASAQ:106
15,10,3,مِنْ,من,أَرْسَلْنَا,قَبْلِكَ,HARF,HARF,HARF,Hypothesis,True,registry-exact-hypothesis:exact:02_mabniyat/preposition_meanings.json#34
15,11,3,مِنْ,من,يَأْتِيهِمْ,رَسُولٍ,HARF,HARF,HARF,Hypothesis,True,registry-exact-hypothesis:exact:02_mabniyat/preposition_meanings.json#34
15,11,5,إِلَّا,إلا,رَسُولٍ,كَانُوا,HARF,HARF,,Certificate,False,MASAQ:106
15,14,5,مِنَ,من,بَابَاً,السَّمَاءِ,HARF,HARF,HARF,Hypothesis,True,registry-exact-hypothesis:exact:02_mabniyat/preposition_meanings.json#32
15,17,2,مِنْ,من,وَحَفِظْنَاهَا,كُلِّ,HARF,HARF,HARF,Hypothesis,True,registry-exact-hypothesis:exact:02_mabniyat/preposition_meanings.json#34
15,18,1,إِلَّا,إلا,,مَنِ,HARF,HARF,,Certificate,False,MASAQ:106
15,18,2,مَنِ,من,إِلَّا,اسْتَرَقَ,ISM_MAWSOOL,ISM_MAWSOOL,ISM_MAWSOOL|ISM_MABNI|HARF,Certificate,True,MASAQ:3539
15,19,8,مِنْ,من,فِيهَا,كُلِّ,HARF,HARF,HARF,Hypothesis,True,registry-exact-hypothesis:exact:02_mabniyat/preposition_meanings.json#34
15,21,2,مِنْ,من,وَإِنْ,شَيْءٍ,HARF,HARF,HARF,Hypothesis,True,registry-exact-hypothesis:exact:02_mabniyat/preposition_meanings.json#34
15,21,4,إِلَّا,إلا,شَيْءٍ,عِنْدَنَا,HARF,HARF,,Certificate,False,MASAQ:106
15,21,9,إِلَّا,إلا,نُنَزِّلُهُ,بِقَدَرٍ,HARF,HARF,,Certificate,False,MASAQ:106
15,22,5,مِنَ,من,فَأَنْزَلْنَا,السَّمَاءِ,HARF,HARF,HARF,Hypothesis,True,registry-exact-hypothesis:exact:02_mabniyat/preposition_meanings.json#32
15,26,4,مِنْ,من,الْإِنْسَانَ,صَلْصَالٍ,HARF,HARF,HARF,Hypothesis,True,registry-exact-hypothesis:exact:02_mabniyat/preposition_meanings.json#34
15,26,6,مِنْ,من,صَلْصَالٍ,حَمَإٍ,HARF,HARF,HARF,Hypothesis,True,registry-exact-hypothesis:exact:02_mabniyat/preposition_meanings.json#34
15,27,3,مِنْ,من,خَلَقْنَاهُ,قَبْلُ,HARF,HARF,HARF,Hypothesis,True,registry-exact-hypothesis:exact:02_mabniyat/preposition_meanings.json#34
15,27,5,مِنْ,من,قَبْلُ,نَارِ,HARF,HARF,HARF,Hypothesis,True,registry-exact-hypothesis:exact:02_mabniyat/preposition_meanings.json#34
15,28,8,مِنْ,من,بَشَرَاً,صَلْصَالٍ,HARF,HARF,HARF,Hypothesis,True,registry-exact-hypothesis:exact:02_mabniyat/preposition_meanings.json#34
15,28,10,مِنْ,من,صَلْصَالٍ,حَمَإٍ,HARF,HARF,HARF,Hypothesis,True,registry-exact-hypothesis:exact:02_mabniyat/preposition_meanings.json#34
15,29,5,مِنْ,من,فِيهِ,رُوحِي,HARF,HARF,HARF,Hypothesis,True,registry-exact-hypothesis:exact:02_mabniyat/preposition_meanings.json#34
15,31,1,إِلَّا,إلا,,إِبْلِيسَ,HARF,HARF,,Certificate,False,MASAQ:106
15,31,4,أَنْ,أن,أَبَى,يَكُونَ,HARF,HARF,HARF,Certificate,False,registry:plain:02_mabniyat/present_naseb_tools.json#1
15,33,7,مِنْ,من,خَلَقْتَهُ,صَلْصَالٍ,HARF,HARF,HARF,Hypothesis,True,registry-exact-hypothesis:exact:02_mabniyat/preposition_meanings.json#34
15,33,9,مِنْ,من,صَلْصَالٍ,حَمَإٍ,HARF,HARF,HARF,Hypothesis,True,registry-exact-hypothesis:exact:02_mabniyat/preposition_meanings.json#34
15,37,3,مِنَ,من,فَإِنَّكَ,الْمُنْظَرِينَ,HARF,HARF,HARF,Hypothesis,True,registry-exact-hypothesis:exact:02_mabniyat/preposition_meanings.json#32
15,39,3,بِمَا,بما,رَبِّ,أَغْوَيْتَنِي,ISM_MAWSOOL,ISM_MAWSOOL,ISM_MAWSOOL|ISM_MABNI|HARF,Certificate,True,MASAQ:48
15,40,1,إِلَّا,إلا,,عِبَادَكَ,HARF,HARF,,Certificate,False,MASAQ:106
15,42,1,إِنَّ,إن,,عِبَادِي,HARF,HARF,HARF,Certificate,False,registry:exact:02_mabniyat/letters_answers.json#4
15,42,7,إِلَّا,إلا,سُلْطَانٌ,مَنِ,HARF,HARF,,Certificate,False,MASAQ:106
15,42,8,مَنِ,من,إِلَّا,اتَّبَعَكَ,HARF,ISM_MAWSOOL,ISM_MAWSOOL|ISM_MABNI|HARF,Certificate,True,MASAQ:3539
15,42,10,مِنَ,من,اتَّبَعَكَ,الْغَاوِينَ,HARF,HARF,HARF,Hypothesis,True,registry-exact-hypothesis:exact:02_mabniyat/preposition_meanings.json#32
15,45,1,إِنَّ,إن,,الْمُتَّقِينَ,HARF,HARF,HARF,Certificate,False,registry:exact:02_mabniyat/letters_answers.json#4
15,47,2,مَا,ما,وَنَزَعْنَا,فِي,ISM_MAWSOOL,ISM_MAWSOOL,ISM_MAWSOOL|ISM_MABNI|HARF,Hypothesis,True,registry-exact-hypothesis:exact:02_mabniyat/relative_pronouns.json#13
15,47,5,مِنْ,من,صُدُورِهِمْ,غِلٍّ,HARF,HARF,HARF,Hypothesis,True,registry-exact-hypothesis:exact:02_mabniyat/preposition_meanings.json#34
15,54,4,أَنْ,أن,عَلَى,مَسَّنِيَ,HARF,HARF,HARF,Certificate,False,registry:plain:02_mabniyat/present_naseb_tools.json#1
15,55,6,مِنَ,من,تَكُنْ,الْقَانِطِينَ,HARF,HARF,HARF,Hypothesis,True,registry-exact-hypothesis:exact:02_mabniyat/preposition_meanings.json#32
15,56,4,مِنْ,من,يَقْنَطُ,رَحْمَةِ,HARF,HARF,HARF,Hypothesis,True,registry-exact-hypothesis:exact:02_mabniyat/preposition_meanings.json#34
15,56,7,إِلَّا,إلا,رَبِّهِ,الضَّالُّونَ,HARF,HARF,,Certificate,False,MASAQ:106
15,59,1,إِلَّا,إلا,,آلَ,HARF,HARF,,Certificate,False,MASAQ:106
15,60,1,إِلَّا,إلا,,امْرَأَتَهُ,HARF,HARF,,Certificate,False,MASAQ:106
15,63,4,بِمَا,بما,جِئْنَاكَ,كَانُوا,ISM_MAWSOOL,ISM_MAWSOOL,ISM_MAWSOOL|ISM_MABNI|HARF,Certificate,True,MASAQ:48
15,65,4,مِنَ,من,بِقِطْعٍ,اللَّيْلِ,HARF,HARF,HARF,Hypothesis,True,registry-exact-hypothesis:exact:02_mabniyat/preposition_meanings.json#32
15,66,5,أَنَّ,أن,الْأَمْرَ,دَابِرَ,HARF,HARF,HARF,Certificate,False,registry:exact:02_mabniyat/copulative_particle.json#2
15,68,2,إِنَّ,إن,قَالَ,هَؤُلَاءِ,HARF,HARF,HARF,Certificate,False,registry:exact:02_mabniyat/letters_answers.json#4
15,71,4,إِنْ,إن,بَنَاتِي,كُنْتُمْ,HARF,HARF,HARF,Certificate,False,registry:exact:02_mabniyat/conditional_letters_tools.json#1
15,74,7,مِنْ,من,حِجَارَةً,سِجِّيلٍ,HARF,HARF,HARF,Hypothesis,True,registry-exact-hypothesis:exact:02_mabniyat/preposition_meanings.json#34
15,75,1,إِنَّ,إن,,فِي,HARF,HARF,HARF,Certificate,False,registry:exact:02_mabniyat/letters_answers.json#4
15,77,1,إِنَّ,إن,,فِي,HARF,HARF,HARF,Certificate,False,registry:exact:02_mabniyat/letters_answers.json#4
15,82,3,مِنَ,من,يَنْحِتُونَ,الْجِبَالِ,HARF,HARF,HARF,Hypothesis,True,registry-exact-hypothesis:exact:02_mabniyat/preposition_meanings.json#32
15,84,4,مَا,ما,عَنْهُمْ,كَانُوا,ISM_MAWSOOL,ISM_MAWSOOL,ISM_MAWSOOL|ISM_MABNI|HARF,Hypothesis,True,registry-exact-hypothesis:exact:02_mabniyat/relative_pronouns.json#13
15,85,7,إِلَّا,إلا,بَيْنَهُمَا,بِالْحَقِّ,HARF,HARF,,Certificate,False,MASAQ:106
15,86,1,إِنَّ,إن,,رَبَّكَ,HARF,HARF,HARF,Certificate,False,registry:exact:02_mabniyat/letters_answers.json#4
15,87,4,مِنَ,من,سَبْعَاً,الْمَثَانِي,HARF,HARF,HARF,Hypothesis,True,registry-exact-hypothesis:exact:02_mabniyat/preposition_meanings.json#32
15,88,5,مَا,ما,إِلَى,مَتَّعْنَا,ISM_MAWSOOL,ISM_MAWSOOL,ISM_MAWSOOL|ISM_MABNI|HARF,Hypothesis,True,registry-exact-hypothesis:exact:02_mabniyat/relative_pronouns.json#13
15,94,2,بِمَا,بما,فَاصْدَعْ,تُؤْمَرُ,ISM_MAWSOOL,ISM_MAWSOOL,ISM_MAWSOOL|ISM_MABNI|HARF,Certificate,True,MASAQ:48
15,97,6,بِمَا,بما,صَدْرُكَ,يَقُولُونَ,ISM_MAWSOOL,ISM_MAWSOOL,ISM_MAWSOOL|ISM_MABNI|HARF,Certificate,True,MASAQ:48
15,98,5,مِنَ,من,وَكُنْ,السَّاجِدِينَ,HARF,HARF,HARF,Hypothesis,True,registry-exact-hypothesis:exact:02_mabniyat/preposition_meanings.json#32
15,99,3,حَتَّى,حتى,رَبَّكَ,يَأْتِيَكَ,HARF,HARF,HARF,Certificate,False,registry:exact:02_mabniyat/preposition_meanings.json#48
16,2,4,مِنْ,من,بِالرُّوحِ,أَمْرِهِ,HARF,HARF,HARF,Hypothesis,True,registry-exact-hypothesis:exact:02_mabniyat/preposition_meanings.json#34
16,2,7,مَنْ,من,عَلَى,يَشَاءُ,ISM_MAWSOOL,ISM_MAWSOOL,ISM_MAWSOOL|ISM_MABNI|HARF,Hypothesis,True,registry-exact-hypothesis:exact:02_mabniyat/relative_pronouns.json#3
16,2,9,مِنْ,من,يَشَاءُ,عِبَادِهِ,HARF,HARF,HARF,Hypothesis,True,registry-exact-hypothesis:exact:02_mabniyat/preposition_meanings.json#34
16,2,11,أَنْ,أن,عِبَادِهِ,أَنْذِرُوا,HARF,HARF,HARF,Certificate,False,registry:plain:02_mabniyat/present_naseb_tools.json#1
16,2,16,إِلَّا,إلا,إِلَهَ,أَنَا,HARF,HARF,,Certificate,False,MASAQ:106
16,4,3,مِنْ,من,الْإِنْسَانَ,نُطْفَةٍ,HARF,HARF,HARF,Hypothesis,True,registry-exact-hypothesis:exact:02_mabniyat/preposition_meanings.json#34
16,7,8,إِلَّا,إلا,بَالِغِيهِ,بِشِقِّ,HARF,HARF,,Certificate,False,MASAQ:106
16,7,11,إِنَّ,إن,الْأَنْفُسِ,رَبَّكُمْ,HARF,HARF,HARF,Certificate,False,registry:exact:02_mabniyat/letters_answers.json#4
16,8,7,مَا,ما,وَيَخْلُقُ,لَا,ISM_MAWSOOL,ISM_MAWSOOL,ISM_MAWSOOL|ISM_MABNI|HARF,Hypothesis,True,registry-exact-hypothesis:exact:02_mabniyat/relative_pronouns.json#13
16,10,4,مِنَ,من,أَنْزَلَ,السَّمَاءِ,HARF,HARF,HARF,Hypothesis,True,registry-exact-hypothesis:exact:02_mabniyat/preposition_meanings.json#32
16,11,11,إِنَّ,إن,الثَّمَرَاتِ,فِي,HARF,HARF,HARF,Certificate,False,registry:exact:02_mabniyat/letters_answers.json#4
16,12,10,إِنَّ,إن,بِأَمْرِهِ,فِي,HARF,HARF,HARF,Certificate,False,registry:exact:02_mabniyat/letters_answers.json#4
16,13,8,إِنَّ,إن,أَلْوَانُهُ,فِي,HARF,HARF,HARF,Certificate,False,registry:exact:02_mabniyat/letters_answers.json#4
16,14,18,مِنْ,من,وَلِتَبْتَغُوا,فَضْلِهِ,HARF,HARF,HARF,Hypothesis,True,registry-exact-hypothesis:exact:02_mabniyat/preposition_meanings.json#34
16,15,5,أَنْ,أن,رَوَاسِيَ,تَمِيدَ,HARF,HARF,HARF,Certificate,False,registry:plain:02_mabniyat/present_naseb_tools.json#1
16,18,7,إِنَّ,إن,تُحْصُوهَا,اللَّهَ,HARF,HARF,HARF,Certificate,False,registry:exact:02_mabniyat/letters_answers.json#4
16,19,3,مَا,ما,يَعْلَمُ,تُسِرُّونَ,ISM_MAWSOOL,ISM_MAWSOOL,ISM_MAWSOOL|ISM_MABNI|HARF,Hypothesis,True,registry-exact-hypothesis:exact:02_mabniyat/relative_pronouns.json#13
16,20,3,مِنْ,من,يَدْعُونَ,دُونِ,HARF,HARF,HARF,Hypothesis,True,registry-exact-hypothesis:exact:02_mabniyat/preposition_meanings.json#34
16,20,4,دُونِ,دون,مِنْ,اللَّهِ,ISM_MUARAB,ISM_MUARAB,,Certificate,False,MASAQ:310
16,21,2,غَيْرُ,غير,أَمْوَاتٌ,أَحْيَاءٍ,ISM_MUARAB,ISM_MUARAB,,Certificate,False,MASAQ:11830
16,23,3,أَنَّ,أن,جَرَمَ,اللَّهَ,HARF,HARF,HARF,Certificate,False,registry:exact:02_mabniyat/copulative_particle.json#2
16,23,6,مَا,ما,يَعْلَمُ,يُسِرُّونَ,ISM_MAWSOOL,ISM_MAWSOOL,ISM_MAWSOOL|ISM_MABNI|HARF,Hypothesis,True,registry-exact-hypothesis:exact:02_mabniyat/relative_pronouns.json#13
16,25,14,مَا,ما,سَاءَ,يَزِرُونَ,ISM_MAWSOOL,ISM_MAWSOOL,ISM_MAWSOOL|ISM_MABNI|HARF,Hypothesis,True,registry-exact-hypothesis:exact:02_mabniyat/relative_pronouns.json#13
16,26,4,مِنْ,من,الَّذِينَ,قَبْلِهِمْ,HARF,HARF,HARF,Hypothesis,True,registry-exact-hypothesis:exact:02_mabniyat/preposition_meanings.json#34
16,26,9,مِنَ,من,بُنْيَانَهُمْ,الْقَوَاعِدِ,HARF,HARF,HARF,Hypothesis,True,registry-exact-hypothesis:exact:02_mabniyat/preposition_meanings.json#32
16,26,14,مِنْ,من,السَّقْفُ,فَوْقِهِمْ,HARF,HARF,HARF,Hypothesis,True,registry-exact-hypothesis:exact:02_mabniyat/preposition_meanings.json#34
16,26,18,مِنْ,من,الْعَذَابُ,حَيْثُ,HARF,HARF,HARF,Hypothesis,True,registry-exact-hypothesis:exact:02_mabniyat/preposition_meanings.json#34
16,27,16,إِنَّ,إن,الْعِلْمَ,الْخِزْيَ,HARF,HARF,HARF,Certificate,False,registry:exact:02_mabniyat/letters_answers.json#4
16,28,8,مَا,ما,السَّلَمَ,كُنَّا,HARF,ISM_MAWSOOL,ISM_MAWSOOL|ISM_MABNI|HARF,Hypothesis,True,registry-exact-hypothesis:exact:02_mabniyat/relative_pronouns.json#13
16,28,11,مِنْ,من,نَعْمَلُ,سُوءٍ,HARF,HARF,HARF,Hypothesis,True,registry-exact-hypothesis:exact:02_mabniyat/preposition_meanings.json#34
16,28,14,إِنَّ,إن,بَلَى,اللَّهَ,HARF,HARF,HARF,Certificate,False,registry:exact:02_mabniyat/letters_answers.json#4
16,28,17,بِمَا,بما,عَلِيمٌ,كُنْتُمْ,ISM_MAWSOOL,ISM_MAWSOOL,ISM_MAWSOOL|ISM_MABNI|HARF,Certificate,True,MASAQ:48
16,31,5,مِنْ,من,تَجْرِي,تَحْتِهَا,HARF,HARF,HARF,Hypothesis,True,registry-exact-hypothesis:exact:02_mabniyat/preposition_meanings.json#34
16,31,10,مَا,ما,فِيهَا,يَشَاءُونَ,ISM_MAWSOOL,ISM_MAWSOOL,ISM_MAWSOOL|ISM_MABNI|HARF,Hypothesis,True,registry-exact-hypothesis:exact:02_mabniyat/relative_pronouns.json#13
16,32,10,بِمَا,بما,الْجَنَّةَ,كُنْتُمْ,ISM_MAWSOOL,ISM_MAWSOOL,ISM_MAWSOOL|ISM_MABNI|HARF,Certificate,True,MASAQ:48
16,33,3,إِلَّا,إلا,يَنْظُرُونَ,أَنْ,HARF,HARF,,Certificate,False,MASAQ:106
16,33,4,أَنْ,أن,إِلَّا,تَأْتِيَهُمُ,HARF,HARF,HARF,Certificate,False,registry:plain:02_mabniyat/present_naseb_tools.json#1
16,33,14,مِنْ,من,الَّذِينَ,قَبْلِهِمْ,HARF,HARF,HARF,Hypothesis,True,registry-exact-hypothesis:exact:02_mabniyat/preposition_meanings.json#34
16,34,3,مَا,ما,سَيِّئَاتُ,عَمِلُوا,ISM_MAWSOOL,ISM_MAWSOOL,ISM_MAWSOOL|ISM_MABNI|HARF,Hypothesis,True,registry-exact-hypothesis:exact:02_mabniyat/relative_pronouns.json#13
16,34,7,مَا,ما,بِهِمْ,كَانُوا,ISM_MAWSOOL,ISM_MAWSOOL,ISM_MAWSOOL|ISM_MABNI|HARF,Hypothesis,True,registry-exact-hypothesis:exact:02_mabniyat/relative_pronouns.json#13
16,35,7,مَا,ما,اللَّهُ,عَبَدْنَا,HARF,ISM_MAWSOOL,ISM_MAWSOOL|ISM_MABNI|HARF,Hypothesis,True,registry-exact-hypothesis:exact:02_mabniyat/relative_pronouns.json#13
16,35,9,مِنْ,من,عَبَدْنَا,دُونِهِ,HARF,HARF,HARF,Hypothesis,True,registry-exact-hypothesis:exact:02_mabniyat/preposition_meanings.json#34
16,35,11,مِنْ,من,دُونِهِ,شَيْءٍ,HARF,HARF,HARF,Hypothesis,True,registry-exact-hypothesis:exact:02_mabniyat/preposition_meanings.json#34
16,35,18,مِنْ,من,حَرَّمْنَا,دُونِهِ,HARF,HARF,HARF,Hypothesis,True,registry-exact-hypothesis:exact:02_mabniyat/preposition_meanings.json#34
16,35,20,مِنْ,من,دُونِهِ,شَيْءٍ,HARF,HARF,HARF,Hypothesis,True,registry-exact-hypothesis:exact:02_mabniyat/preposition_meanings.json#34
16,35,25,مِنْ,من,الَّذِينَ,قَبْلِهِمْ,HARF,HARF,HARF,Hypothesis,True,registry-exact-hypothesis:exact:02_mabniyat/preposition_meanings.json#34
16,35,30,إِلَّا,إلا,الرُّسُلِ,الْبَلَاغُ,HARF,HARF,,Certificate,False,MASAQ:106
16,36,7,أَنِ,أن,رَسُولَاً,اعْبُدُوا,HARF,HARF,HARF,Certificate,False,registry:plain:02_mabniyat/present_naseb_tools.json#1
16,36,13,مَنْ,من,فَمِنْهُمْ,هَدَى,ISM_MAWSOOL,ISM_MAWSOOL,ISM_MAWSOOL|ISM_MABNI|HARF,Hypothesis,True,registry-exact-hypothesis:exact:02_mabniyat/relative_pronouns.json#3
16,36,17,مَنْ,من,وَمِنْهُمْ,حَقَّتْ,ISM_MAWSOOL,ISM_MAWSOOL,ISM_MAWSOOL|ISM_MABNI|HARF,Hypothesis,True,registry-exact-hypothesis:exact:02_mabniyat/relative_pronouns.json#3
16,37,1,إِنْ,إن,,تَحْرِصْ,HARF,HARF,HARF,Certificate,False,registry:exact:02_mabniyat/conditional_letters_tools.json#1
16,37,9,مَنْ,من,يَهْدِي,يُضِلُّ,ISM_MAWSOOL,ISM_MAWSOOL,ISM_MAWSOOL|ISM_MABNI|HARF,Hypothesis,True,registry-exact-hypothesis:exact:02_mabniyat/relative_pronouns.json#3
16,37,13,مِنْ,من,لَهُمْ,نَاصِرِينَ,HARF,HARF,HARF,Hypothesis,True,registry-exact-hypothesis:exact:02_mabniyat/preposition_meanings.json#34
16,38,8,مَنْ,من,اللَّهُ,يَمُوتُ,ISM_MAWSOOL,ISM_MAWSOOL,ISM_MAWSOOL|ISM_MABNI|HARF,Hypothesis,True,registry-exact-hypothesis:exact:02_mabniyat/relative_pronouns.json#3
16,40,6,أَنْ,أن,أَرَدْنَاهُ,نَقُولَ,HARF,HARF,HARF,Certificate,False,registry:plain:02_mabniyat/present_naseb_tools.json#1
16,41,5,مِنْ,من,اللَّهِ,بَعْدِ,HARF,HARF,HARF,Hypothesis,True,registry-exact-hypothesis:exact:02_mabniyat/preposition_meanings.json#34
16,43,3,مِنْ,من,أَرْسَلْنَا,قَبْلِكَ,HARF,HARF,HARF,Hypothesis,True,registry-exact-hypothesis:exact:02_mabniyat/preposition_meanings.json#34
16,43,5,إِلَّا,إلا,قَبْلِكَ,رِجَالَاً,HARF,HARF,,Certificate,False,MASAQ:106
16,43,12,إِنْ,إن,الذِّكْرِ,كُنْتُمْ,HARF,HARF,HARF,Certificate,False,registry:exact:02_mabniyat/conditional_letters_tools.json#1
16,44,8,مَا,ما,لِلنَّاسِ,نُزِّلَ,ISM_MAWSOOL,ISM_MAWSOOL,ISM_MAWSOOL|ISM_MABNI|HARF,Hypothesis,True,registry-exact-hypothesis:exact:02_mabniyat/relative_pronouns.json#13
16,45,5,أَنْ,أن,السَّيِّئَاتِ,يَخْسِفَ,HARF,HARF,HARF,Certificate,False,registry:plain:02_mabniyat/present_naseb_tools.json#1
16,45,13,مِنْ,من,الْعَذَابُ,حَيْثُ,HARF,HARF,HARF,Hypothesis,True,registry-exact-hypothesis:exact:02_mabniyat/preposition_meanings.json#34
16,48,4,مَا,ما,إِلَى,خَلَقَ,ISM_MAWSOOL,ISM_MAWSOOL,ISM_MAWSOOL|ISM_MABNI|HARF,Hypothesis,True,registry-exact-hypothesis:exact:02_mabniyat/relative_pronouns.json#13
16,48,7,مِنْ,من,اللَّهُ,شَيْءٍ,HARF,HARF,HARF,Hypothesis,True,registry-exact-hypothesis:exact:02_mabniyat/preposition_meanings.json#34
16,49,3,مَا,ما,يَسْجُدُ,فِي,ISM_MAWSOOL,ISM_MAWSOOL,ISM_MAWSOOL|ISM_MABNI|HARF,Hypothesis,True,registry-exact-hypothesis:exact:02_mabniyat/relative_pronouns.json#13
16,49,9,مِنْ,من,الْأَرْضِ,دَابَّةٍ,HARF,HARF,HARF,Hypothesis,True,registry-exact-hypothesis:exact:02_mabniyat/preposition_meanings.json#34
16,50,3,مِنْ,من,رَبَّهُمْ,فَوْقِهِمْ,HARF,HARF,HARF,Hypothesis,True,registry-exact-hypothesis:exact:02_mabniyat/preposition_meanings.json#34
16,50,6,مَا,ما,وَيَفْعَلُونَ,يُؤْمَرُونَ,ISM_MAWSOOL,ISM_MAWSOOL,ISM_MAWSOOL|ISM_MABNI|HARF,Hypothesis,True,registry-exact-hypothesis:exact:02_mabniyat/relative_pronouns.json#13
16,52,2,مَا,ما,وَلَهُ,فِي,ISM_MAWSOOL,ISM_MAWSOOL,ISM_MAWSOOL|ISM_MABNI|HARF,Hypothesis,True,registry-exact-hypothesis:exact:02_mabniyat/relative_pronouns.json#13
16,53,3,مِنْ,من,بِكُمْ,نِعْمَةٍ,HARF,HARF,HARF,Hypothesis,True,registry-exact-hypothesis:exact:02_mabniyat/preposition_meanings.json#34
16,55,2,بِمَا,بما,لِيَكْفُرُوا,آتَيْنَاهُمْ,ISM_MAWSOOL,ISM_MAWSOOL,ISM_MAWSOOL|ISM_MABNI|HARF,Certificate,True,MASAQ:48
16,57,6,مَا,ما,وَلَهُمْ,يَشْتَهُونَ,ISM_MAWSOOL,ISM_MAWSOOL,ISM_MAWSOOL|ISM_MABNI|HARF,Hypothesis,True,registry-exact-hypothesis:exact:02_mabniyat/relative_pronouns.json#13
16,59,2,مِنَ,من,يَتَوَارَى,الْقَوْمِ,HARF,HARF,HARF,Hypothesis,True,registry-exact-hypothesis:exact:02_mabniyat/preposition_meanings.json#32
16,59,4,مِنْ,من,الْقَوْمِ,سُوءِ,HARF,HARF,HARF,Hypothesis,True,registry-exact-hypothesis:exact:02_mabniyat/preposition_meanings.json#34
16,59,6,مَا,ما,سُوءِ,بُشِّرَ,ISM_MAWSOOL,ISM_MAWSOOL,ISM_MAWSOOL|ISM_MABNI|HARF,Hypothesis,True,registry-exact-hypothesis:exact:02_mabniyat/relative_pronouns.json#13
16,59,18,مَا,ما,سَاءَ,يَحْكُمُونَ,ISM_MAWSOOL,ISM_MAWSOOL,ISM_MAWSOOL|ISM_MABNI|HARF,Hypothesis,True,registry-exact-hypothesis:exact:02_mabniyat/relative_pronouns.json#13
16,61,6,مَا,ما,بِظُلْمِهِمْ,تَرَكَ,HARF,ISM_MAWSOOL,ISM_MAWSOOL|ISM_MABNI|HARF,Hypothesis,True,registry-exact-hypothesis:exact:02_mabniyat/relative_pronouns.json#13
16,61,9,مِنْ,من,عَلَيْهَا,دَابَّةٍ,HARF,HARF,HARF,Hypothesis,True,registry-exact-hypothesis:exact:02_mabniyat/preposition_meanings.json#34
16,62,3,مَا,ما,لِلَّهِ,يَكْرَهُونَ,ISM_MAWSOOL,ISM_MAWSOOL,ISM_MAWSOOL|ISM_MABNI|HARF,Hypothesis,True,registry-exact-hypothesis:exact:02_mabniyat/relative_pronouns.json#13
16,62,8,أَنَّ,أن,الْكَذِبَ,لَهُمُ,HARF,HARF,HARF,Certificate,False,registry:exact:02_mabniyat/copulative_particle.json#2
16,62,13,أَنَّ,أن,جَرَمَ,لَهُمُ,HARF,HARF,HARF,Certificate,False,registry:exact:02_mabniyat/copulative_particle.json#2
16,63,6,مِنْ,من,أُمَمٍ,قَبْلِكَ,HARF,HARF,HARF,Hypothesis,True,registry-exact-hypothesis:exact:02_mabniyat/preposition_meanings.json#34
16,64,5,إِلَّا,إلا,الْكِتَابَ,لِتُبَيِّنَ,HARF,HARF,,Certificate,False,MASAQ:106
16,65,3,مِنَ,من,أَنْزَلَ,السَّمَاءِ,HARF,HARF,HARF,Hypothesis,True,registry-exact-hypothesis:exact:02_mabniyat/preposition_meanings.json#32
16,65,11,إِنَّ,إن,مَوْتِهَا,فِي,HARF,HARF,HARF,Certificate,False,registry:exact:02_mabniyat/letters_answers.json#4
16,66,10,مِنْ,من,بُطُونِهِ,بَيْنِ,HARF,HARF,HARF,Hypothesis,True,registry-exact-hypothesis:exact:02_mabniyat/preposition_meanings.json#34
16,67,10,إِنَّ,إن,حَسَنَاً,فِي,HARF,HARF,HARF,Certificate,False,registry:exact:02_mabniyat/letters_answers.json#4
16,68,5,أَنِ,أن,النَّحْلِ,اتَّخِذِي,HARF,HARF,HARF,Certificate,False,registry:plain:02_mabniyat/present_naseb_tools.json#1
16,68,7,مِنَ,من,اتَّخِذِي,الْجِبَالِ,HARF,HARF,HARF,Hypothesis,True,registry-exact-hypothesis:exact:02_mabniyat/preposition_meanings.json#32
16,69,3,مِنْ,من,كُلِي,كُلِّ,HARF,HARF,HARF,Hypothesis,True,registry-exact-hypothesis:exact:02_mabniyat/preposition_meanings.json#34
16,69,11,مِنْ,من,يَخْرُجُ,بُطُونِهَا,HARF,HARF,HARF,Hypothesis,True,registry-exact-hypothesis:exact:02_mabniyat/preposition_meanings.json#34
16,69,19,إِنَّ,إن,لِلنَّاسِ,فِي,HARF,HARF,HARF,Certificate,False,registry:exact:02_mabniyat/letters_answers.json#4
16,70,6,مَنْ,من,وَمِنْكُمْ,يُرَدُّ,ISM_MAWSOOL,ISM_MAWSOOL,ISM_MAWSOOL|ISM_MABNI|HARF,Hypothesis,True,registry-exact-hypothesis:exact:02_mabniyat/relative_pronouns.json#3
16,70,17,إِنَّ,إن,شَيْئَاً,اللَّهَ,HARF,HARF,HARF,Certificate,False,registry:exact:02_mabniyat/letters_answers.json#4
16,71,14,مَا,ما,عَلَى,مَلَكَتْ,ISM_MAWSOOL,ISM_MAWSOOL,ISM_MAWSOOL|ISM_MABNI|HARF,Hypothesis,True,registry-exact-hypothesis:exact:02_mabniyat/relative_pronouns.json#13
16,72,4,مِنْ,من,لَكُمْ,أَنْفُسِكُمْ,HARF,HARF,HARF,Hypothesis,True,registry-exact-hypothesis:exact:02_mabniyat/preposition_meanings.json#34
16,72,9,مِنْ,من,لَكُمْ,أَزْوَاجِكُمْ,HARF,HARF,HARF,Hypothesis,True,registry-exact-hypothesis:exact:02_mabniyat/preposition_meanings.json#34
16,72,14,مِنَ,من,وَرَزَقَكُمْ,الطَّيِّبَاتِ,HARF,HARF,HARF,Hypothesis,True,registry-exact-hypothesis:exact:02_mabniyat/preposition_meanings.json#32
16,73,2,مِنْ,من,وَيَعْبُدُونَ,دُونِ,HARF,HARF,HARF,Hypothesis,True,registry-exact-hypothesis:exact:02_mabniyat/preposition_meanings.json#34
16,73,3,دُونِ,دون,مِنْ,اللَّهِ,ISM_MUARAB,ISM_MUARAB,,Certificate,False,MASAQ:310
16,73,5,مَا,ما,اللَّهِ,لَا,ISM_MAWSOOL,ISM_MAWSOOL,ISM_MAWSOOL|ISM_MABNI|HARF,Hypothesis,True,registry-exact-hypothesis:exact:02_mabniyat/relative_pronouns.json#13
16,73,10,مِنَ,من,رِزْقَاً,السَّمَاوَاتِ,HARF,HARF,HARF,Hypothesis,True,registry-exact-hypothesis:exact:02_mabniyat/preposition_meanings.json#32
16,74,5,إِنَّ,إن,الْأَمْثَالَ,اللَّهَ,HARF,HARF,HARF,Certificate,False,registry:exact:02_mabniyat/letters_answers.json#4
16,77,8,إِلَّا,إلا,السَّاعَةِ,كَلَمْحِ,HARF,HARF,,Certificate,False,MASAQ:106
16,77,14,إِنَّ,إن,أَقْرَبُ,اللَّهَ,HARF,HARF,HARF,Certificate,False,registry:exact:02_mabniyat/letters_answers.json#4
16,78,3,مِنْ,من,أَخْرَجَكُمْ,بُطُونِ,HARF,HARF,HARF,Hypothesis,True,registry-exact-hypothesis:exact:02_mabniyat/preposition_meanings.json#34
16,79,9,مَا,ما,السَّمَاءِ,يُمْسِكُهُنَّ,HARF,ISM_MAWSOOL,ISM_MAWSOOL|ISM_MABNI|HARF,Hypothesis,True,registry-exact-hypothesis:exact:02_mabniyat/relative_pronouns.json#13
16,79,11,إِلَّا,إلا,يُمْسِكُهُنَّ,اللَّهُ,HARF,HARF,,Certificate,False,MASAQ:106
16,79,13,إِنَّ,إن,اللَّهُ,فِي,HARF,HARF,HARF,Certificate,False,registry:exact:02_mabniyat/letters_answers.json#4
16,80,4,مِنْ,من,لَكُمْ,بُيُوتِكُمْ,HARF,HARF,HARF,Hypothesis,True,registry-exact-hypothesis:exact:02_mabniyat/preposition_meanings.json#34
16,80,9,مِنْ,من,لَكُمْ,جُلُودِ,HARF,HARF,HARF,Hypothesis,True,registry-exact-hypothesis:exact:02_mabniyat/preposition_meanings.json#34
16,81,9,مِنَ,من,لَكُمْ,الْجِبَالِ,HARF,HARF,HARF,Hypothesis,True,registry-exact-hypothesis:exact:02_mabniyat/preposition_meanings.json#32
16,84,3,مِنْ,من,نَبْعَثُ,كُلِّ,HARF,HARF,HARF,Hypothesis,True,registry-exact-hypothesis:exact:02_mabniyat/preposition_meanings.json#34
16,86,13,مِنْ,من,نَدْعُو,دُونِكَ,HARF,HARF,HARF,Hypothesis,True,registry-exact-hypothesis:exact:02_mabniyat/preposition_meanings.json#34
16,87,8,مَا,ما,عَنْهُمْ,كَانُوا,ISM_MAWSOOL,ISM_MAWSOOL,ISM_MAWSOOL|ISM_MABNI|HARF,Hypothesis,True,registry-exact-hypothesis:exact:02_mabniyat/relative_pronouns.json#13
16,88,11,بِمَا,بما,الْعَذَابِ,كَانُوا,ISM_MAWSOOL,ISM_MAWSOOL,ISM_MAWSOOL|ISM_MABNI|HARF,Certificate,True,MASAQ:48
16,89,8,مِنْ,من,عَلَيْهِمْ,أَنْفُسِهِمْ,HARF,HARF,HARF,Hypothesis,True,registry-exact-hypothesis:exact:02_mabniyat/preposition_meanings.json#34
16,90,1,إِنَّ,إن,,اللَّهَ,HARF,HARF,HARF,Certificate,False,registry:exact:02_mabniyat/letters_answers.json#4
16,91,16,إِنَّ,إن,كَفِيلَاً,اللَّهَ,HARF,HARF,HARF,Certificate,False,registry:exact:02_mabniyat/letters_answers.json#4
16,91,19,مَا,ما,يَعْلَمُ,تَفْعَلُونَ,ISM_MAWSOOL,ISM_MAWSOOL,ISM_MAWSOOL|ISM_MABNI|HARF,Hypothesis,True,registry-exact-hypothesis:exact:02_mabniyat/relative_pronouns.json#13
16,92,6,مِنْ,من,غَزْلَهَا,بَعْدِ,HARF,HARF,HARF,Hypothesis,True,registry-exact-hypothesis:exact:02_mabniyat/preposition_meanings.json#34
16,92,14,أَنْ,أن,بَيْنَكُمْ,تَكُونَ,HARF,HARF,HARF,Certificate,False,registry:plain:02_mabniyat/present_naseb_tools.json#1
16,92,19,مِنْ,من,أَرْبَى,أُمَّةٍ,HARF,HARF,HARF,Hypothesis,True,registry-exact-hypothesis:exact:02_mabniyat/preposition_meanings.json#34
16,92,29,مَا,ما,الْقِيَامَةِ,كُنْتُمْ,ISM_MAWSOOL,ISM_MAWSOOL,ISM_MAWSOOL|ISM_MABNI|HARF,Hypothesis,True,registry-exact-hypothesis:exact:02_mabniyat/relative_pronouns.json#13
16,93,9,مَنْ,من,يُضِلُّ,يَشَاءُ,ISM_MAWSOOL,ISM_MAWSOOL,ISM_MAWSOOL|ISM_MABNI|HARF,Hypothesis,True,registry-exact-hypothesis:exact:02_mabniyat/relative_pronouns.json#3
16,93,12,مَنْ,من,وَيَهْدِي,يَشَاءُ,ISM_MAWSOOL,ISM_MAWSOOL,ISM_MAWSOOL|ISM_MABNI|HARF,Hypothesis,True,registry-exact-hypothesis:exact:02_mabniyat/relative_pronouns.json#3
16,94,12,بِمَا,بما,السُّوءَ,صَدَدْتُمْ,ISM_MAWSOOL,ISM_MAWSOOL,ISM_MAWSOOL|ISM_MABNI|HARF,Certificate,True,MASAQ:48
16,95,13,إِنْ,إن,لَكُمْ,كُنْتُمْ,HARF,HARF,HARF,Certificate,False,registry:exact:02_mabniyat/conditional_letters_tools.json#1
16,96,1,مَا,ما,,عِنْدَكُمْ,ISM_MAWSOOL,ISM_MAWSOOL,ISM_MAWSOOL|ISM_MABNI|HARF,Hypothesis,True,registry-exact-hypothesis:exact:02_mabniyat/relative_pronouns.json#13
16,96,13,مَا,ما,بِأَحْسَنِ,كَانُوا,ISM_MAWSOOL,ISM_MAWSOOL,ISM_MAWSOOL|ISM_MABNI|HARF,Hypothesis,True,registry-exact-hypothesis:exact:02_mabniyat/relative_pronouns.json#13
16,97,1,مَنْ,من,,عَمِلَ,HARF,ISM_MAWSOOL,ISM_MAWSOOL|ISM_MABNI|HARF,Hypothesis,True,registry-exact-hypothesis:exact:02_mabniyat/relative_pronouns.json#3
16,97,4,مِنْ,من,صَالِحَاً,ذَكَرٍ,HARF,HARF,HARF,Hypothesis,True,registry-exact-hypothesis:exact:02_mabniyat/preposition_meanings.json#34
16,97,16,مَا,ما,بِأَحْسَنِ,كَانُوا,ISM_MAWSOOL,ISM_MAWSOOL,ISM_MAWSOOL|ISM_MABNI|HARF,Hypothesis,True,registry-exact-hypothesis:exact:02_mabniyat/relative_pronouns.json#13
16,98,6,مِنَ,من,بِاللَّهِ,الشَّيْطَانِ,HARF,HARF,HARF,Hypothesis,True,registry-exact-hypothesis:exact:02_mabniyat/preposition_meanings.json#32
16,101,8,بِمَا,بما,أَعْلَمُ,يُنَزِّلُ,ISM_MAWSOOL,ISM_MAWSOOL,ISM_MAWSOOL|ISM_MABNI|HARF,Certificate,True,MASAQ:48
16,102,5,مِنْ,من,الْقُدُسِ,رَبِّكَ,HARF,HARF,HARF,Hypothesis,True,registry-exact-hypothesis:exact:02_mabniyat/preposition_meanings.json#34
16,104,1,إِنَّ,إن,,الَّذِينَ,HARF,HARF,HARF,Certificate,False,registry:exact:02_mabniyat/letters_answers.json#4
16,106,1,مَنْ,من,,كَفَرَ,HARF,ISM_MAWSOOL,ISM_MAWSOOL|ISM_MABNI|HARF,Hypothesis,True,registry-exact-hypothesis:exact:02_mabniyat/relative_pronouns.json#3
16,106,4,مِنْ,من,بِاللَّهِ,بَعْدِ,HARF,HARF,HARF,Hypothesis,True,registry-exact-hypothesis:exact:02_mabniyat/preposition_meanings.json#34
16,106,7,إِلَّا,إلا,إِيمَانِهِ,مَنْ,HARF,HARF,,Certificate,False,MASAQ:106
16,106,8,مَنْ,من,إِلَّا,أُكْرِهَ,ISM_MAWSOOL,ISM_MAWSOOL,ISM_MAWSOOL|ISM_MABNI|HARF,Hypothesis,True,registry-exact-hypothesis:exact:02_mabniyat/relative_pronouns.json#3
16,106,14,مَنْ,من,وَلَكِنْ,شَرَحَ,ISM_MAWSOOL,ISM_MAWSOOL,ISM_MAWSOOL|ISM_MABNI|HARF,Hypothesis,True,registry-exact-hypothesis:exact:02_mabniyat/relative_pronouns.json#3
16,106,20,مِنَ,من,غَضَبٌ,اللَّهِ,HARF,HARF,HARF,Hypothesis,True,registry-exact-hypothesis:exact:02_mabniyat/preposition_meanings.json#32
16,110,2,إِنَّ,إن,ثُمَّ,رَبَّكَ,HARF,HARF,HARF,Certificate,False,registry:exact:02_mabniyat/letters_answers.json#4
16,110,6,مِنْ,من,هَاجَرُوا,بَعْدِ,HARF,HARF,HARF,Hypothesis,True,registry-exact-hypothesis:exact:02_mabniyat/preposition_meanings.json#34
16,110,13,إِنَّ,إن,وَصَبَرُوا,رَبَّكَ,HARF,HARF,HARF,Certificate,False,registry:exact:02_mabniyat/letters_answers.json#4
16,110,15,مِنْ,من,رَبَّكَ,بَعْدِهَا,HARF,HARF,HARF,Hypothesis,True,registry-exact-hypothesis:exact:02_mabniyat/preposition_meanings.json#34
16,111,11,مَا,ما,نَفْسٍ,عَمِلَتْ,ISM_MAWSOOL,ISM_MAWSOOL,ISM_MAWSOOL|ISM_MABNI|HARF,Hypothesis,True,registry-exact-hypothesis:exact:02_mabniyat/relative_pronouns.json#13
16,112,11,مِنْ,من,رَغَدَاً,كُلِّ,HARF,HARF,HARF,Hypothesis,True,registry-exact-hypothesis:exact:02_mabniyat/preposition_meanings.json#34
16,112,22,بِمَا,بما,وَالْخَوْفِ,كَانُوا,ISM_MAWSOOL,ISM_MAWSOOL,ISM_MAWSOOL|ISM_MABNI|HARF,Certificate,True,MASAQ:48
16,114,10,إِنْ,إن,اللَّهِ,كُنْتُمْ,HARF,HARF,HARF,Certificate,False,registry:exact:02_mabniyat/conditional_letters_tools.json#1
16,115,15,غَيْرَ,غير,اضْطُرَّ,بَاغٍ,ISM_MUARAB,ISM_MUARAB,,Certificate,False,MASAQ:870
16,116,15,إِنَّ,إن,الْكَذِبَ,الَّذِينَ,HARF,HARF,HARF,Certificate,False,registry:exact:02_mabniyat/letters_answers.json#4
16,118,5,مَا,ما,حَرَّمْنَا,قَصَصْنَا,ISM_MAWSOOL,ISM_MAWSOOL,ISM_MAWSOOL|ISM_MABNI|HARF,Hypothesis,True,registry-exact-hypothesis:exact:02_mabniyat/relative_pronouns.json#13
16,118,8,مِنْ,من,عَلَيْكَ,قَبْلُ,HARF,HARF,HARF,Hypothesis,True,registry-exact-hypothesis:exact:02_mabniyat/preposition_meanings.json#34
16,119,2,إِنَّ,إن,ثُمَّ,رَبَّكَ,HARF,HARF,HARF,Certificate,False,registry:exact:02_mabniyat/letters_answers.json#4
16,119,10,مِنْ,من,تَابُوا,بَعْدِ,HARF,HARF,HARF,Hypothesis,True,registry-exact-hypothesis:exact:02_mabniyat/preposition_meanings.json#34
16,119,14,إِنَّ,إن,وَأَصْلَحُوا,رَبَّكَ,HARF,HARF,HARF,Certificate,False,registry:exact:02_mabniyat/letters_answers.json#4
16,119,16,مِنْ,من,رَبَّكَ,بَعْدِهَا,HARF,HARF,HARF,Hypothesis,True,registry-exact-hypothesis:exact:02_mabniyat/preposition_meanings.json#34
16,120,1,إِنَّ,إن,,إِبْرَاهِيمَ,HARF,HARF,HARF,Certificate,False,registry:exact:02_mabniyat/letters_answers.json#4
16,120,10,مِنَ,من,يَكُ,الْمُشْرِكِينَ,HARF,HARF,HARF,Hypothesis,True,registry-exact-hypothesis:exact:02_mabniyat/preposition_meanings.json#32
16,123,4,أَنِ,أن,إِلَيْكَ,اتَّبِعْ,HARF,HARF,HARF,Certificate,False,registry:plain:02_mabniyat/present_naseb_tools.json#1
16,123,11,مِنَ,من,كَانَ,الْمُشْرِكِينَ,HARF,HARF,HARF,Hypothesis,True,registry-exact-hypothesis:exact:02_mabniyat/preposition_meanings.json#32
16,125,12,إِنَّ,إن,أَحْسَنُ,رَبَّكَ,HARF,HARF,HARF,Certificate,False,registry:exact:02_mabniyat/letters_answers.json#4
16,126,5,مَا,ما,بِمِثْلِ,عُوقِبْتُمْ,ISM_MAWSOOL,ISM_MAWSOOL,ISM_MAWSOOL|ISM_MABNI|HARF,Hypothesis,True,registry-exact-hypothesis:exact:02_mabniyat/relative_pronouns.json#13
16,127,4,إِلَّا,إلا,صَبْرُكَ,بِاللَّهِ,HARF,HARF,,Certificate,False,MASAQ:106
16,128,1,إِنَّ,إن,,اللَّهَ,HARF,HARF,HARF,Certificate,False,registry:exact:02_mabniyat/letters_answers.json#4
17,1,6,مِنَ,من,لَيْلَاً,الْمَسْجِدِ,HARF,HARF,HARF,Hypothesis,True,registry-exact-hypothesis:exact:02_mabniyat/preposition_meanings.json#32
17,1,16,مِنْ,من,لِنُرِيَهُ,آيَاتِنَا,HARF,HARF,HARF,Hypothesis,True,registry-exact-hypothesis:exact:02_mabniyat/preposition_meanings.json#34
17,2,10,مِنْ,من,تَتَّخِذُوا,دُونِي,HARF,HARF,HARF,Hypothesis,True,registry-exact-hypothesis:exact:02_mabniyat/preposition_meanings.json#34
17,3,2,مَنْ,من,ذُرِّيَّةَ,حَمَلْنَا,ISM_MAWSOOL,ISM_MAWSOOL,ISM_MAWSOOL|ISM_MABNI|HARF,Hypothesis,True,registry-exact-hypothesis:exact:02_mabniyat/relative_pronouns.json#3
17,7,1,إِنْ,إن,,أَحْسَنْتُمْ,HARF,HARF,HARF,Certificate,False,registry:exact:02_mabniyat/conditional_letters_tools.json#1
17,7,21,مَا,ما,وَلِيُتَبِّرُوا,عَلَوْا,ISM_MAWSOOL,ISM_MAWSOOL,ISM_MAWSOOL|ISM_MABNI|HARF,Hypothesis,True,registry-exact-hypothesis:exact:02_mabniyat/relative_pronouns.json#13
17,8,3,أَنْ,أن,رَبُّكُمْ,يَرْحَمَكُمْ,HARF,HARF,HARF,Certificate,False,registry:plain:02_mabniyat/present_naseb_tools.json#1
17,9,1,إِنَّ,إن,,هَذَا,HARF,HARF,HARF,Certificate,False,registry:exact:02_mabniyat/letters_answers.json#4
17,9,13,أَنَّ,أن,الصَّالِحَاتِ,لَهُمْ,HARF,HARF,HARF,Certificate,False,registry:exact:02_mabniyat/copulative_particle.json#2
17,12,14,مِنْ,من,فَضْلَاً,رَبِّكُمْ,HARF,HARF,HARF,Hypothesis,True,registry-exact-hypothesis:exact:02_mabniyat/preposition_meanings.json#34
17,15,1,مَنِ,من,,اهْتَدَى,HARF,ISM_MAWSOOL,ISM_MAWSOOL|ISM_MABNI|HARF,Certificate,True,MASAQ:3539
17,15,19,حَتَّى,حتى,مُعَذِّبِينَ,نَبْعَثَ,HARF,HARF,HARF,Certificate,False,registry:exact:02_mabniyat/preposition_meanings.json#48
17,16,3,أَنْ,أن,أَرَدْنَا,نُهْلِكَ,HARF,HARF,HARF,Certificate,False,registry:plain:02_mabniyat/present_naseb_tools.json#1
17,17,3,مِنَ,من,أَهْلَكْنَا,الْقُرُونِ,HARF,HARF,HARF,Hypothesis,True,registry-exact-hypothesis:exact:02_mabniyat/preposition_meanings.json#32
17,17,5,مِنْ,من,الْقُرُونِ,بَعْدِ,HARF,HARF,HARF,Hypothesis,True,registry-exact-hypothesis:exact:02_mabniyat/preposition_meanings.json#34
17,18,1,مَنْ,من,,كَانَ,HARF,ISM_MAWSOOL,ISM_MAWSOOL|ISM_MABNI|HARF,Hypothesis,True,registry-exact-hypothesis:exact:02_mabniyat/relative_pronouns.json#3
17,18,8,مَا,ما,فِيهَا,نَشَاءُ,ISM_MAWSOOL,ISM_MAWSOOL,ISM_MAWSOOL|ISM_MABNI|HARF,Hypothesis,True,registry-exact-hypothesis:exact:02_mabniyat/relative_pronouns.json#13
17,20,5,مِنْ,من,وَهَؤُلَاءِ,عَطَاءِ,HARF,HARF,HARF,Hypothesis,True,registry-exact-hypothesis:exact:02_mabniyat/preposition_meanings.json#34
17,23,5,إِلَّا,إلا,تَعْبُدُوا,إِيَّاهُ,HARF,HARF,,Certificate,False,MASAQ:106
17,24,5,مِنَ,من,الذُّلِّ,الرَّحْمَةِ,HARF,HARF,HARF,Hypothesis,True,registry-exact-hypothesis:exact:02_mabniyat/preposition_meanings.json#32
17,25,3,بِمَا,بما,أَعْلَمُ,فِي,ISM_MAWSOOL,ISM_MAWSOOL,ISM_MAWSOOL|ISM_MABNI|HARF,Certificate,True,MASAQ:48
17,25,6,إِنْ,إن,نُفُوسِكُمْ,تَكُونُوا,HARF,HARF,HARF,Certificate,False,registry:exact:02_mabniyat/conditional_letters_tools.json#1
17,27,1,إِنَّ,إن,,الْمُبَذِّرِينَ,HARF,HARF,HARF,Certificate,False,registry:exact:02_mabniyat/letters_answers.json#4
17,28,6,مِنْ,من,رَحْمَةٍ,رَبِّكَ,HARF,HARF,HARF,Hypothesis,True,registry-exact-hypothesis:exact:02_mabniyat/preposition_meanings.json#34
17,30,1,إِنَّ,إن,,رَبَّكَ,HARF,HARF,HARF,Certificate,False,registry:exact:02_mabniyat/letters_answers.json#4
17,31,9,إِنَّ,إن,وَإِيَّاكُمْ,قَتْلَهُمْ,HARF,HARF,HARF,Certificate,False,registry:exact:02_mabniyat/letters_answers.json#4
17,33,7,إِلَّا,إلا,اللَّهُ,بِالْحَقِّ,HARF,HARF,,Certificate,False,MASAQ:106
17,34,5,إِلَّا,إلا,الْيَتِيمِ,بِالَّتِي,HARF,HARF,,Certificate,False,MASAQ:106
17,34,9,حَتَّى,حتى,أَحْسَنُ,يَبْلُغَ,HARF,HARF,HARF,Certificate,False,registry:exact:02_mabniyat/preposition_meanings.json#48
17,34,14,إِنَّ,إن,بِالْعَهْدِ,الْعَهْدَ,HARF,HARF,HARF,Certificate,False,registry:exact:02_mabniyat/letters_answers.json#4
17,36,3,مَا,ما,تَقْفُ,لَيْسَ,ISM_MAWSOOL,ISM_MAWSOOL,ISM_MAWSOOL|ISM_MABNI|HARF,Hypothesis,True,registry-exact-hypothesis:exact:02_mabniyat/relative_pronouns.json#13
17,36,8,إِنَّ,إن,عِلْمٌ,السَّمْعَ,HARF,HARF,HARF,Certificate,False,registry:exact:02_mabniyat/letters_answers.json#4
17,39,6,مِنَ,من,رَبُّكَ,الْحِكْمَةِ,HARF,HARF,HARF,Hypothesis,True,registry-exact-hypothesis:exact:02_mabniyat/preposition_meanings.json#32
17,40,5,مِنَ,من,وَاتَّخَذَ,الْمَلَائِكَةِ,HARF,HARF,HARF,Hypothesis,True,registry-exact-hypothesis:exact:02_mabniyat/preposition_meanings.json#32
17,41,9,إِلَّا,إلا,يَزِيدُهُمْ,نُفُورَاً,HARF,HARF,,Certificate,False,MASAQ:106
17,44,9,مِنْ,من,وَإِنْ,شَيْءٍ,HARF,HARF,HARF,Hypothesis,True,registry-exact-hypothesis:exact:02_mabniyat/preposition_meanings.json#34
17,44,11,إِلَّا,إلا,شَيْءٍ,يُسَبِّحُ,HARF,HARF,,Certificate,False,MASAQ:106
17,46,5,أَنْ,أن,أَكِنَّةً,يَفْقَهُوهُ,HARF,HARF,HARF,Certificate,False,registry:plain:02_mabniyat/present_naseb_tools.json#1
17,47,3,بِمَا,بما,أَعْلَمُ,يَسْتَمِعُونَ,ISM_MAWSOOL,ISM_MAWSOOL,ISM_MAWSOOL|ISM_MABNI|HARF,Certificate,True,MASAQ:48
17,47,15,إِنْ,إن,الظَّالِمُونَ,تَتَّبِعُونَ,HARF,HARF,HARF,Certificate,False,registry:exact:02_mabniyat/conditional_letters_tools.json#1
17,47,17,إِلَّا,إلا,تَتَّبِعُونَ,رَجُلَاً,HARF,HARF,,Certificate,False,MASAQ:106
17,51,8,مَنْ,من,فَسَيَقُولُونَ,يُعِيدُنَا,HARF,ISM_MAWSOOL,ISM_MAWSOOL|ISM_MABNI|HARF,Hypothesis,True,registry-exact-hypothesis:exact:02_mabniyat/relative_pronouns.json#3
17,51,23,أَنْ,أن,عَسَى,يَكُونَ,HARF,HARF,HARF,Certificate,False,registry:plain:02_mabniyat/present_naseb_tools.json#1
17,52,6,إِنْ,إن,وَتَظُنُّونَ,لَبِثْتُمْ,HARF,HARF,HARF,Certificate,False,registry:exact:02_mabniyat/conditional_letters_tools.json#1
17,52,8,إِلَّا,إلا,لَبِثْتُمْ,قَلِيلَاً,HARF,HARF,,Certificate,False,MASAQ:106
17,53,7,إِنَّ,إن,أَحْسَنُ,الشَّيْطَانَ,HARF,HARF,HARF,Certificate,False,registry:exact:02_mabniyat/letters_answers.json#4
17,53,11,إِنَّ,إن,بَيْنَهُمْ,الشَّيْطَانَ,HARF,HARF,HARF,Certificate,False,registry:exact:02_mabniyat/letters_answers.json#4
17,54,4,إِنْ,إن,بِكُمْ,يَشَأْ,HARF,HARF,HARF,Certificate,False,registry:exact:02_mabniyat/conditional_letters_tools.json#1
17,54,8,إِنْ,إن,أَوْ,يَشَأْ,HARF,HARF,HARF,Certificate,False,registry:exact:02_mabniyat/conditional_letters_tools.json#1
17,56,5,مِنْ,من,زَعَمْتُمْ,دُونِهِ,HARF,HARF,HARF,Hypothesis,True,registry-exact-hypothesis:exact:02_mabniyat/preposition_meanings.json#34
17,57,14,إِنَّ,إن,عَذَابَهُ,عَذَابَ,HARF,HARF,HARF,Certificate,False,registry:exact:02_mabniyat/letters_answers.json#4
17,58,2,مِنْ,من,وَإِنْ,قَرْيَةٍ,HARF,HARF,HARF,Hypothesis,True,registry-exact-hypothesis:exact:02_mabniyat/preposition_meanings.json#34
17,58,4,إِلَّا,إلا,قَرْيَةٍ,نَحْنُ,HARF,HARF,,Certificate,False,MASAQ:106
17,59,3,أَنْ,أن,مَنَعَنَا,نُرْسِلَ,HARF,HARF,HARF,Certificate,False,registry:plain:02_mabniyat/present_naseb_tools.json#1
17,59,6,إِلَّا,إلا,بِالْآيَاتِ,أَنْ,HARF,HARF,,Certificate,False,MASAQ:106
17,59,7,أَنْ,أن,إِلَّا,كَذَّبَ,HARF,HARF,HARF,Certificate,False,registry:plain:02_mabniyat/present_naseb_tools.json#1
17,59,20,إِلَّا,إلا,بِالْآيَاتِ,تَخْوِيفَاً,HARF,HARF,,Certificate,False,MASAQ:106
17,60,4,إِنَّ,إن,لَكَ,رَبَّكَ,HARF,HARF,HARF,Certificate,False,registry:exact:02_mabniyat/letters_answers.json#4
17,60,13,إِلَّا,إلا,أَرَيْنَاكَ,فِتْنَةً,HARF,HARF,,Certificate,False,MASAQ:106
17,60,23,إِلَّا,إلا,يَزِيدُهُمْ,طُغْيَانَاً,HARF,HARF,,Certificate,False,MASAQ:106
17,61,7,إِلَّا,إلا,فَسَجَدُوا,إِبْلِيسَ,HARF,HARF,,Certificate,False,MASAQ:106
17,62,14,إِلَّا,إلا,ذُرِّيَّتَهُ,قَلِيلَاً,HARF,HARF,,Certificate,False,MASAQ:106
17,64,2,مَنِ,من,وَاسْتَفْزِزْ,اسْتَطَعْتَ,ISM_MAWSOOL,ISM_MAWSOOL,ISM_MAWSOOL|ISM_MABNI|HARF,Certificate,True,MASAQ:3539
17,64,18,إِلَّا,إلا,الشَّيْطَانُ,غُرُورَاً,HARF,HARF,,Certificate,False,MASAQ:106
17,65,1,إِنَّ,إن,,عِبَادِي,HARF,HARF,HARF,Certificate,False,registry:exact:02_mabniyat/letters_answers.json#4
17,66,9,مِنْ,من,لِتَبْتَغُوا,فَضْلِهِ,HARF,HARF,HARF,Hypothesis,True,registry-exact-hypothesis:exact:02_mabniyat/preposition_meanings.json#34
17,67,7,مَنْ,من,ضَلَّ,تَدْعُونَ,ISM_MAWSOOL,ISM_MAWSOOL,ISM_MAWSOOL|ISM_MABNI|HARF,Hypothesis,True,registry-exact-hypothesis:exact:02_mabniyat/relative_pronouns.json#3
17,67,9,إِلَّا,إلا,تَدْعُونَ,إِيَّاهُ,HARF,HARF,,Certificate,False,MASAQ:106
17,68,2,أَنْ,أن,أَفَأَمِنْتُمْ,يَخْسِفَ,HARF,HARF,HARF,Certificate,False,registry:plain:02_mabniyat/present_naseb_tools.json#1
17,69,3,أَنْ,أن,أَمِنْتُمْ,يُعِيدَكُمْ,HARF,HARF,HARF,Certificate,False,registry:plain:02_mabniyat/present_naseb_tools.json#1
17,69,11,مِنَ,من,قَاصِفَاً,الرِّيحِ,HARF,HARF,HARF,Hypothesis,True,registry-exact-hypothesis:exact:02_mabniyat/preposition_meanings.json#32
17,69,14,بِمَا,بما,فَيُغْرِقَكُمْ,كَفَرْتُمْ,ISM_MAWSOOL,ISM_MAWSOOL,ISM_MAWSOOL|ISM_MABNI|HARF,Certificate,True,MASAQ:48
17,70,10,مِنَ,من,وَرَزَقْنَاهُمْ,الطَّيِّبَاتِ,HARF,HARF,HARF,Hypothesis,True,registry-exact-hypothesis:exact:02_mabniyat/preposition_meanings.json#32
17,74,2,أَنْ,أن,وَلَوْلَا,ثَبَّتْنَاكَ,HARF,HARF,HARF,Certificate,False,registry:plain:02_mabniyat/present_naseb_tools.json#1
17,76,4,مِنَ,من,لَيَسْتَفِزُّونَكَ,الْأَرْضِ,HARF,HARF,HARF,Hypothesis,True,registry-exact-hypothesis:exact:02_mabniyat/preposition_meanings.json#32
17,76,12,إِلَّا,إلا,خِلَافَكَ,قَلِيلَاً,HARF,HARF,,Certificate,False,MASAQ:106
17,77,2,مَنْ,من,سُنَّةَ,قَدْ,ISM_MAWSOOL,ISM_MAWSOOL,ISM_MAWSOOL|ISM_MABNI|HARF,Hypothesis,True,registry-exact-hypothesis:exact:02_mabniyat/relative_pronouns.json#3
17,77,6,مِنْ,من,قَبْلَكَ,رُسُلِنَا,HARF,HARF,HARF,Hypothesis,True,registry-exact-hypothesis:exact:02_mabniyat/preposition_meanings.json#34
17,78,10,إِنَّ,إن,الْفَجْرِ,قُرْآنَ,HARF,HARF,HARF,Certificate,False,registry:exact:02_mabniyat/letters_answers.json#4
17,79,8,أَنْ,أن,عَسَى,يَبْعَثَكَ,HARF,HARF,HARF,Certificate,False,registry:plain:02_mabniyat/present_naseb_tools.json#1
17,80,11,مِنْ,من,لِي,لَدُنْكَ,HARF,HARF,HARF,Hypothesis,True,registry-exact-hypothesis:exact:02_mabniyat/preposition_meanings.json#34
17,81,6,إِنَّ,إن,الْبَاطِلُ,الْبَاطِلَ,HARF,HARF,HARF,Certificate,False,registry:exact:02_mabniyat/letters_answers.json#4
17,82,2,مِنَ,من,وَنُنَزِّلُ,الْقُرْآنِ,HARF,HARF,HARF,Hypothesis,True,registry-exact-hypothesis:exact:02_mabniyat/preposition_meanings.json#32
17,82,4,مَا,ما,الْقُرْآنِ,هُوَ,ISM_MAWSOOL,ISM_MAWSOOL,ISM_MAWSOOL|ISM_MABNI|HARF,Hypothesis,True,registry-exact-hypothesis:exact:02_mabniyat/relative_pronouns.json#13
17,82,12,إِلَّا,إلا,الظَّالِمِينَ,خَسَارَاً,HARF,HARF,,Certificate,False,MASAQ:106
17,85,6,مِنْ,من,الرُّوحُ,أَمْرِ,HARF,HARF,HARF,Hypothesis,True,registry-exact-hypothesis:exact:02_mabniyat/preposition_meanings.json#34
17,85,11,مِنَ,من,أُوتِيتُمْ,الْعِلْمِ,HARF,HARF,HARF,Hypothesis,True,registry-exact-hypothesis:exact:02_mabniyat/preposition_meanings.json#32
17,85,13,إِلَّا,إلا,الْعِلْمِ,قَلِيلَاً,HARF,HARF,,Certificate,False,MASAQ:106
17,87,1,إِلَّا,إلا,,رَحْمَةً,HARF,HARF,,Certificate,False,MASAQ:106
17,87,3,مِنْ,من,رَحْمَةً,رَبِّكَ,HARF,HARF,HARF,Hypothesis,True,registry-exact-hypothesis:exact:02_mabniyat/preposition_meanings.json#34
17,87,5,إِنَّ,إن,رَبِّكَ,فَضْلَهُ,HARF,HARF,HARF,Certificate,False,registry:exact:02_mabniyat/letters_answers.json#4
17,88,7,أَنْ,أن,عَلَى,يَأْتُوا,HARF,HARF,HARF,Certificate,False,registry:plain:02_mabniyat/present_naseb_tools.json#1
17,89,7,مِنْ,من,الْقُرْآنِ,كُلِّ,HARF,HARF,HARF,Hypothesis,True,registry-exact-hypothesis:exact:02_mabniyat/preposition_meanings.json#34
17,89,13,إِلَّا,إلا,النَّاسِ,كُفُورَاً,HARF,HARF,,Certificate,False,MASAQ:106
17,90,5,حَتَّى,حتى,لَكَ,تَفْجُرَ,HARF,HARF,HARF,Certificate,False,registry:exact:02_mabniyat/preposition_meanings.json#48
17,90,8,مِنَ,من,لَنَا,الْأَرْضِ,HARF,HARF,HARF,Hypothesis,True,registry-exact-hypothesis:exact:02_mabniyat/preposition_meanings.json#32
17,91,5,مِنْ,من,جَنَّةٌ,نَخِيلٍ,HARF,HARF,HARF,Hypothesis,True,registry-exact-hypothesis:exact:02_mabniyat/preposition_meanings.json#34
17,93,5,مِنْ,من,بَيْتٌ,زُخْرُفٍ,HARF,HARF,HARF,Hypothesis,True,registry-exact-hypothesis:exact:02_mabniyat/preposition_meanings.json#34
17,93,14,حَتَّى,حتى,لِرُقِيِّكَ,تُنَزِّلَ,HARF,HARF,HARF,Certificate,False,registry:exact:02_mabniyat/preposition_meanings.json#48
17,93,24,إِلَّا,إلا,كُنْتُ,بَشَرَاً,HARF,HARF,,Certificate,False,MASAQ:106
17,94,4,أَنْ,أن,النَّاسَ,يُؤْمِنُوا,HARF,HARF,HARF,Certificate,False,registry:plain:02_mabniyat/present_naseb_tools.json#1
17,94,9,إِلَّا,إلا,الْهُدَى,أَنْ,HARF,HARF,,Certificate,False,MASAQ:106
17,94,10,أَنْ,أن,إِلَّا,قَالُوا,HARF,HARF,HARF,Certificate,False,registry:plain:02_mabniyat/present_naseb_tools.json#1
17,95,11,مِنَ,من,عَلَيْهِمْ,السَّمَاءِ,HARF,HARF,HARF,Hypothesis,True,registry-exact-hypothesis:exact:02_mabniyat/preposition_meanings.json#32
17,97,12,مِنْ,من,أَوْلِيَاءَ,دُونِهِ,HARF,HARF,HARF,Hypothesis,True,registry-exact-hypothesis:exact:02_mabniyat/preposition_meanings.json#34
17,99,3,أَنَّ,أن,يَرَوْا,اللَّهَ,HARF,HARF,HARF,Certificate,False,registry:exact:02_mabniyat/copulative_particle.json#2
17,99,11,أَنْ,أن,عَلَى,يَخْلُقَ,HARF,HARF,HARF,Certificate,False,registry:plain:02_mabniyat/present_naseb_tools.json#1
17,99,22,إِلَّا,إلا,الظَّالِمُونَ,كُفُورَاً,HARF,HARF,,Certificate,False,MASAQ:106
17,102,4,مَا,ما,عَلِمْتَ,أَنْزَلَ,HARF,ISM_MAWSOOL,ISM_MAWSOOL|ISM_MABNI|HARF,Hypothesis,True,registry-exact-hypothesis:exact:02_mabniyat/relative_pronouns.json#13
17,102,7,إِلَّا,إلا,هَؤُلَاءِ,رَبُّ,HARF,HARF,,Certificate,False,MASAQ:106
17,103,2,أَنْ,أن,فَأَرَادَ,يَسْتَفِزَّهُمْ,HARF,HARF,HARF,Certificate,False,registry:plain:02_mabniyat/present_naseb_tools.json#1
17,103,4,مِنَ,من,يَسْتَفِزَّهُمْ,الْأَرْضِ,HARF,HARF,HARF,Hypothesis,True,registry-exact-hypothesis:exact:02_mabniyat/preposition_meanings.json#32
17,104,2,مِنْ,من,وَقُلْنَا,بَعْدِهِ,HARF,HARF,HARF,Hypothesis,True,registry-exact-hypothesis:exact:02_mabniyat/preposition_meanings.json#34
17,105,7,إِلَّا,إلا,أَرْسَلْنَاكَ,مُبَشِّرَاً,HARF,HARF,,Certificate,False,MASAQ:106
17,107,7,إِنَّ,إن,تُؤْمِنُوا,الَّذِينَ,HARF,HARF,HARF,Certificate,False,registry:exact:02_mabniyat/letters_answers.json#4
17,107,11,مِنْ,من,الْعِلْمَ,قَبْلِهِ,HARF,HARF,HARF,Hypothesis,True,registry-exact-hypothesis:exact:02_mabniyat/preposition_meanings.json#34
17,108,4,إِنْ,إن,رَبِّنَا,كَانَ,HARF,HARF,HARF,Certificate,False,registry:exact:02_mabniyat/conditional_letters_tools.json#1
17,110,7,أَيَّاً,أيا,الرَّحْمَنَ,مَا,HARF,HARF,,Certificate,False,MASAQ:37700
17,111,18,مِنَ,من,وَلِيٌّ,الذُّلِّ,HARF,HARF,HARF,Hypothesis,True,registry-exact-hypothesis:exact:02_mabniyat/preposition_meanings.json#32
18,2,5,مِنْ,من,شَدِيدَاً,لَدُنْهُ,HARF,HARF,HARF,Hypothesis,True,registry-exact-hypothesis:exact:02_mabniyat/preposition_meanings.json#34
18,2,12,أَنَّ,أن,الصَّالِحَاتِ,لَهُمْ,HARF,HARF,HARF,Certificate,False,registry:exact:02_mabniyat/copulative_particle.json#2
18,5,1,مَا,ما,,لَهُمْ,HARF,ISM_MAWSOOL,ISM_MAWSOOL|ISM_MABNI|HARF,Hypothesis,True,registry-exact-hypothesis:exact:02_mabniyat/relative_pronouns.json#13
18,5,4,مِنْ,من,بِهِ,عِلْمٍ,HARF,HARF,HARF,Hypothesis,True,registry-exact-hypothesis:exact:02_mabniyat/preposition_meanings.json#34
18,5,11,مِنْ,من,تَخْرُجُ,أَفْوَاهِهِمْ,HARF,HARF,HARF,Hypothesis,True,registry-exact-hypothesis:exact:02_mabniyat/preposition_meanings.json#34
18,5,13,إِنْ,إن,أَفْوَاهِهِمْ,يَقُولُونَ,HARF,HARF,HARF,Certificate,False,registry:exact:02_mabniyat/conditional_letters_tools.json#1
18,5,15,إِلَّا,إلا,يَقُولُونَ,كَذِبَاً,HARF,HARF,,Certificate,False,MASAQ:106
18,6,6,إِنْ,إن,آثَارِهِمْ,لَمْ,HARF,HARF,HARF,Certificate,False,registry:exact:02_mabniyat/conditional_letters_tools.json#1
18,7,3,مَا,ما,جَعَلْنَا,عَلَى,ISM_MAWSOOL,ISM_MAWSOOL,ISM_MAWSOOL|ISM_MABNI|HARF,Hypothesis,True,registry-exact-hypothesis:exact:02_mabniyat/relative_pronouns.json#13
18,8,3,مَا,ما,لَجَاعِلُونَ,عَلَيْهَا,ISM_MAWSOOL,ISM_MAWSOOL,ISM_MAWSOOL|ISM_MABNI|HARF,Hypothesis,True,registry-exact-hypothesis:exact:02_mabniyat/relative_pronouns.json#13
18,9,3,أَنَّ,أن,حَسِبْتَ,أَصْحَابَ,HARF,HARF,HARF,Certificate,False,registry:exact:02_mabniyat/copulative_particle.json#2
18,9,8,مِنْ,من,كَانُوا,آيَاتِنَا,HARF,HARF,HARF,Hypothesis,True,registry-exact-hypothesis:exact:02_mabniyat/preposition_meanings.json#34
18,10,9,مِنْ,من,آتِنَا,لَدُنْكَ,HARF,HARF,HARF,Hypothesis,True,registry-exact-hypothesis:exact:02_mabniyat/preposition_meanings.json#34
18,10,14,مِنْ,من,لَنَا,أَمْرِنَا,HARF,HARF,HARF,Hypothesis,True,registry-exact-hypothesis:exact:02_mabniyat/preposition_meanings.json#34
18,12,4,أَيُّ,أي,لِنَعْلَمَ,الْحِزْبَيْنِ,HARF,HARF,HARF,Hypothesis,True,registry-exact-hypothesis:exact:02_mabniyat/jazm_tools.json#15
18,14,13,مِنْ,من,نَدْعُوَ,دُونِهِ,HARF,HARF,HARF,Hypothesis,True,registry-exact-hypothesis:exact:02_mabniyat/preposition_meanings.json#34
18,15,4,مِنْ,من,اتَّخَذُوا,دُونِهِ,HARF,HARF,HARF,Hypothesis,True,registry-exact-hypothesis:exact:02_mabniyat/preposition_meanings.json#34
18,16,5,إِلَّا,إلا,يَعْبُدُونَ,اللَّهَ,HARF,HARF,,Certificate,False,MASAQ:106
18,16,13,مِنْ,من,رَبُّكُمْ,رَحْمَتِهِ,HARF,HARF,HARF,Hypothesis,True,registry-exact-hypothesis:exact:02_mabniyat/preposition_meanings.json#34
18,16,17,مِنْ,من,لَكُمْ,أَمْرِكُمْ,HARF,HARF,HARF,Hypothesis,True,registry-exact-hypothesis:exact:02_mabniyat/preposition_meanings.json#34
18,17,20,مِنْ,من,ذَلِكَ,آيَاتِ,HARF,HARF,HARF,Hypothesis,True,registry-exact-hypothesis:exact:02_mabniyat/preposition_meanings.json#34
18,17,23,مَنْ,من,اللَّهِ,يَهْدِ,HARF,ISM_MAWSOOL,ISM_MAWSOOL|ISM_MABNI|HARF,Hypothesis,True,registry-exact-hypothesis:exact:02_mabniyat/relative_pronouns.json#3
18,19,19,بِمَا,بما,أَعْلَمُ,لَبِثْتُمْ,ISM_MAWSOOL,ISM_MAWSOOL,ISM_MAWSOOL|ISM_MABNI|HARF,Certificate,True,MASAQ:48
18,20,2,إِنْ,إن,إِنَّهُمْ,يَظْهَرُوا,HARF,HARF,HARF,Certificate,False,registry:exact:02_mabniyat/conditional_letters_tools.json#1
18,21,5,أَنَّ,أن,لِيَعْلَمُوا,وَعْدَ,HARF,HARF,HARF,Certificate,False,registry:exact:02_mabniyat/copulative_particle.json#2
18,22,19,مَا,ما,بِعِدَّتِهِمْ,يَعْلَمُهُمْ,HARF,ISM_MAWSOOL,ISM_MAWSOOL|ISM_MABNI|HARF,Hypothesis,True,registry-exact-hypothesis:exact:02_mabniyat/relative_pronouns.json#13
18,22,21,إِلَّا,إلا,يَعْلَمُهُمْ,قَلِيلٌ,HARF,HARF,,Certificate,False,MASAQ:106
18,22,26,إِلَّا,إلا,فِيهِمْ,مِرَاءً,HARF,HARF,,Certificate,False,MASAQ:106
18,24,1,إِلَّا,إلا,,أَنْ,HARF,HARF,,Certificate,False,MASAQ:106
18,24,2,أَنْ,أن,إِلَّا,يَشَاءَ,HARF,HARF,HARF,Certificate,False,registry:plain:02_mabniyat/present_naseb_tools.json#1
18,24,11,أَنْ,أن,عَسَى,يَهْدِيَنِ,HARF,HARF,HARF,Certificate,False,registry:plain:02_mabniyat/present_naseb_tools.json#1
18,24,15,مِنْ,من,لِأَقْرَبَ,هَذَا,HARF,HARF,HARF,Hypothesis,True,registry-exact-hypothesis:exact:02_mabniyat/preposition_meanings.json#34
18,26,4,بِمَا,بما,أَعْلَمُ,لَبِثُوا,ISM_MAWSOOL,ISM_MAWSOOL,ISM_MAWSOOL|ISM_MABNI|HARF,Certificate,True,MASAQ:48
18,26,13,مَا,ما,وَأَسْمِعْ,لَهُمْ,HARF,ISM_MAWSOOL,ISM_MAWSOOL|ISM_MABNI|HARF,Hypothesis,True,registry-exact-hypothesis:exact:02_mabniyat/relative_pronouns.json#13
18,26,15,مِنْ,من,لَهُمْ,دُونِهِ,HARF,HARF,HARF,Hypothesis,True,registry-exact-hypothesis:exact:02_mabniyat/preposition_meanings.json#34
18,26,17,مِنْ,من,دُونِهِ,وَلِيٍّ,HARF,HARF,HARF,Hypothesis,True,registry-exact-hypothesis:exact:02_mabniyat/preposition_meanings.json#34
18,27,2,مَا,ما,وَاتْلُ,أُوحِيَ,ISM_MAWSOOL,ISM_MAWSOOL,ISM_MAWSOOL|ISM_MABNI|HARF,Hypothesis,True,registry-exact-hypothesis:exact:02_mabniyat/relative_pronouns.json#13
18,27,5,مِنْ,من,إِلَيْكَ,كِتَابِ,HARF,HARF,HARF,Hypothesis,True,registry-exact-hypothesis:exact:02_mabniyat/preposition_meanings.json#34
18,27,13,مِنْ,من,تَجِدَ,دُونِهِ,HARF,HARF,HARF,Hypothesis,True,registry-exact-hypothesis:exact:02_mabniyat/preposition_meanings.json#34
18,28,21,مَنْ,من,تُطِعْ,أَغْفَلْنَا,HARF,ISM_MAWSOOL,ISM_MAWSOOL|ISM_MABNI|HARF,Hypothesis,True,registry-exact-hypothesis:exact:02_mabniyat/relative_pronouns.json#3
18,29,3,مِنْ,من,الْحَقُّ,رَبِّكُمْ,HARF,HARF,HARF,Hypothesis,True,registry-exact-hypothesis:exact:02_mabniyat/preposition_meanings.json#34
18,30,1,إِنَّ,إن,,الَّذِينَ,HARF,HARF,HARF,Certificate,False,registry:exact:02_mabniyat/letters_answers.json#4
18,30,10,مَنْ,من,أَجْرَ,أَحْسَنَ,ISM_MAWSOOL,ISM_MAWSOOL,ISM_MAWSOOL|ISM_MABNI|HARF,Hypothesis,True,registry-exact-hypothesis:exact:02_mabniyat/relative_pronouns.json#3
18,31,6,مِنْ,من,تَجْرِي,تَحْتِهِمُ,HARF,HARF,HARF,Hypothesis,True,registry-exact-hypothesis:exact:02_mabniyat/preposition_meanings.json#34
18,31,11,مِنْ,من,فِيهَا,أَسَاوِرَ,HARF,HARF,HARF,Hypothesis,True,registry-exact-hypothesis:exact:02_mabniyat/preposition_meanings.json#34
18,31,13,مِنْ,من,أَسَاوِرَ,ذَهَبٍ,HARF,HARF,HARF,Hypothesis,True,registry-exact-hypothesis:exact:02_mabniyat/preposition_meanings.json#34
18,31,18,مِنْ,من,خُضْرَاً,سُنْدُسٍ,HARF,HARF,HARF,Hypothesis,True,registry-exact-hypothesis:exact:02_mabniyat/preposition_meanings.json#34
18,32,8,مِنْ,من,جَنَّتَيْنِ,أَعْنَابٍ,HARF,HARF,HARF,Hypothesis,True,registry-exact-hypothesis:exact:02_mabniyat/preposition_meanings.json#34
18,35,7,مَا,ما,قَالَ,أَظُنُّ,HARF,ISM_MAWSOOL,ISM_MAWSOOL|ISM_MABNI|HARF,Hypothesis,True,registry-exact-hypothesis:exact:02_mabniyat/relative_pronouns.json#13
18,35,9,أَنْ,أن,أَظُنُّ,تَبِيدَ,HARF,HARF,HARF,Certificate,False,registry:plain:02_mabniyat/present_naseb_tools.json#1
18,37,9,مِنْ,من,خَلَقَكَ,تُرَابٍ,HARF,HARF,HARF,Hypothesis,True,registry-exact-hypothesis:exact:02_mabniyat/preposition_meanings.json#34
18,37,12,مِنْ,من,ثُمَّ,نُطْفَةٍ,HARF,HARF,HARF,Hypothesis,True,registry-exact-hypothesis:exact:02_mabniyat/preposition_meanings.json#34
18,39,6,مَا,ما,قُلْتَ,شَاءَ,ISM_MAWSOOL,ISM_MAWSOOL,ISM_MAWSOOL|ISM_MABNI|HARF,Hypothesis,True,registry-exact-hypothesis:exact:02_mabniyat/relative_pronouns.json#13
18,39,11,إِلَّا,إلا,قُوَّةَ,بِاللَّهِ,HARF,HARF,,Certificate,False,MASAQ:106
18,39,13,إِنْ,إن,بِاللَّهِ,تَرَنِ,HARF,HARF,HARF,Certificate,False,registry:exact:02_mabniyat/conditional_letters_tools.json#1
18,40,3,أَنْ,أن,رَبِّي,يُؤْتِيَنِ,HARF,HARF,HARF,Certificate,False,registry:plain:02_mabniyat/present_naseb_tools.json#1
18,40,6,مِنْ,من,خَيْرَاً,جَنَّتِكَ,HARF,HARF,HARF,Hypothesis,True,registry-exact-hypothesis:exact:02_mabniyat/preposition_meanings.json#34
18,40,11,مِنَ,من,حُسْبَانَاً,السَّمَاءِ,HARF,HARF,HARF,Hypothesis,True,registry-exact-hypothesis:exact:02_mabniyat/preposition_meanings.json#32
18,42,7,مَا,ما,عَلَى,أَنْفَقَ,ISM_MAWSOOL,ISM_MAWSOOL,ISM_MAWSOOL|ISM_MABNI|HARF,Hypothesis,True,registry-exact-hypothesis:exact:02_mabniyat/relative_pronouns.json#13
18,43,6,مِنْ,من,يَنْصُرُونَهُ,دُونِ,HARF,HARF,HARF,Hypothesis,True,registry-exact-hypothesis:exact:02_mabniyat/preposition_meanings.json#34
18,43,7,دُونِ,دون,مِنْ,اللَّهِ,ISM_MUARAB,ISM_MUARAB,,Certificate,False,MASAQ:310
18,45,8,مِنَ,من,أَنْزَلْنَاهُ,السَّمَاءِ,HARF,HARF,HARF,Hypothesis,True,registry-exact-hypothesis:exact:02_mabniyat/preposition_meanings.json#32
18,49,18,إِلَّا,إلا,كَبِيرَةً,أَحْصَاهَا,HARF,HARF,,Certificate,False,MASAQ:106
18,49,21,مَا,ما,وَوَجَدُوا,عَمِلُوا,ISM_MAWSOOL,ISM_MAWSOOL,ISM_MAWSOOL|ISM_MABNI|HARF,Hypothesis,True,registry-exact-hypothesis:exact:02_mabniyat/relative_pronouns.json#13
18,50,7,إِلَّا,إلا,فَسَجَدُوا,إِبْلِيسَ,HARF,HARF,,Certificate,False,MASAQ:106
18,50,10,مِنَ,من,كَانَ,الْجِنِّ,HARF,HARF,HARF,Hypothesis,True,registry-exact-hypothesis:exact:02_mabniyat/preposition_meanings.json#32
18,50,19,مِنْ,من,أَوْلِيَاءَ,دُونِي,HARF,HARF,HARF,Hypothesis,True,registry-exact-hypothesis:exact:02_mabniyat/preposition_meanings.json#34
18,51,1,مَا,ما,,أَشْهَدْتُهُمْ,HARF,ISM_MAWSOOL,ISM_MAWSOOL|ISM_MABNI|HARF,Hypothesis,True,registry-exact-hypothesis:exact:02_mabniyat/relative_pronouns.json#13
18,54,7,مِنْ,من,لِلنَّاسِ,كُلِّ,HARF,HARF,HARF,Hypothesis,True,registry-exact-hypothesis:exact:02_mabniyat/preposition_meanings.json#34
18,55,4,أَنْ,أن,النَّاسَ,يُؤْمِنُوا,HARF,HARF,HARF,Certificate,False,registry:plain:02_mabniyat/present_naseb_tools.json#1
18,55,11,إِلَّا,إلا,رَبَّهُمْ,أَنْ,HARF,HARF,,Certificate,False,MASAQ:106
18,55,12,أَنْ,أن,إِلَّا,تَأْتِيَهُمْ,HARF,HARF,HARF,Certificate,False,registry:plain:02_mabniyat/present_naseb_tools.json#1
18,56,4,إِلَّا,إلا,الْمُرْسَلِينَ,مُبَشِّرِينَ,HARF,HARF,,Certificate,False,MASAQ:106
18,57,10,مَا,ما,وَنَسِيَ,قَدَّمَتْ,ISM_MAWSOOL,ISM_MAWSOOL,ISM_MAWSOOL|ISM_MABNI|HARF,Hypothesis,True,registry-exact-hypothesis:exact:02_mabniyat/relative_pronouns.json#13
18,57,18,أَنْ,أن,أَكِنَّةً,يَفْقَهُوهُ,HARF,HARF,HARF,Certificate,False,registry:plain:02_mabniyat/present_naseb_tools.json#1
18,58,7,بِمَا,بما,يُؤَاخِذُهُمْ,كَسَبُوا,ISM_MAWSOOL,ISM_MAWSOOL,ISM_MAWSOOL|ISM_MABNI|HARF,Certificate,True,MASAQ:48
18,58,17,مِنْ,من,يَجِدُوا,دُونِهِ,HARF,HARF,HARF,Hypothesis,True,registry-exact-hypothesis:exact:02_mabniyat/preposition_meanings.json#34
18,60,7,حَتَّى,حتى,أَبْرَحُ,أَبْلُغَ,HARF,HARF,HARF,Certificate,False,registry:exact:02_mabniyat/preposition_meanings.json#48
18,62,9,مِنْ,من,لَقِينَا,سَفَرِنَا,HARF,HARF,HARF,Hypothesis,True,registry-exact-hypothesis:exact:02_mabniyat/preposition_meanings.json#34
18,63,12,إِلَّا,إلا,أَنْسَانِيهُ,الشَّيْطَانُ,HARF,HARF,,Certificate,False,MASAQ:106
18,63,14,أَنْ,أن,الشَّيْطَانُ,أَذْكُرَهُ,HARF,HARF,HARF,Certificate,False,registry:plain:02_mabniyat/present_naseb_tools.json#1
18,64,3,مَا,ما,ذَلِكَ,كُنَّا,ISM_MAWSOOL,ISM_MAWSOOL,ISM_MAWSOOL|ISM_MABNI|HARF,Hypothesis,True,registry-exact-hypothesis:exact:02_mabniyat/relative_pronouns.json#13
18,65,3,مِنْ,من,عَبْدَاً,عِبَادِنَا,HARF,HARF,HARF,Hypothesis,True,registry-exact-hypothesis:exact:02_mabniyat/preposition_meanings.json#34
18,65,7,مِنْ,من,رَحْمَةً,عِنْدِنَا,HARF,HARF,HARF,Hypothesis,True,registry-exact-hypothesis:exact:02_mabniyat/preposition_meanings.json#34
18,65,10,مِنْ,من,وَعَلَّمْنَاهُ,لَدُنَّا,HARF,HARF,HARF,Hypothesis,True,registry-exact-hypothesis:exact:02_mabniyat/preposition_meanings.json#34
18,66,7,أَنْ,أن,عَلَى,تُعَلِّمَنِ,HARF,HARF,HARF,Certificate,False,registry:plain:02_mabniyat/present_naseb_tools.json#1
18,68,4,مَا,ما,عَلَى,لَمْ,ISM_MAWSOOL,ISM_MAWSOOL,ISM_MAWSOOL|ISM_MABNI|HARF,Hypothesis,True,registry-exact-hypothesis:exact:02_mabniyat/relative_pronouns.json#13
18,69,3,إِنْ,إن,سَتَجِدُنِي,شَاءَ,HARF,HARF,HARF,Certificate,False,registry:exact:02_mabniyat/conditional_letters_tools.json#1
18,70,8,حَتَّى,حتى,شَيْءٍ,أُحْدِثَ,HARF,HARF,HARF,Certificate,False,registry:exact:02_mabniyat/preposition_meanings.json#48
18,71,2,حَتَّى,حتى,فَانْطَلَقَا,إِذَا,HARF,HARF,HARF,Certificate,False,registry:exact:02_mabniyat/preposition_meanings.json#48
18,73,4,بِمَا,بما,تُؤَاخِذْنِي,نَسِيتُ,ISM_MAWSOOL,ISM_MAWSOOL,ISM_MAWSOOL|ISM_MABNI|HARF,Certificate,True,MASAQ:48
18,73,8,مِنْ,من,تُرْهِقْنِي,أَمْرِي,HARF,HARF,HARF,Hypothesis,True,registry-exact-hypothesis:exact:02_mabniyat/preposition_meanings.json#34
18,74,2,حَتَّى,حتى,فَانْطَلَقَا,إِذَا,HARF,HARF,HARF,Certificate,False,registry:exact:02_mabniyat/preposition_meanings.json#48
18,76,2,إِنْ,إن,قَالَ,سَأَلْتُكَ,HARF,HARF,HARF,Certificate,False,registry:exact:02_mabniyat/conditional_letters_tools.json#1
18,76,11,مِنْ,من,بَلَغْتَ,لَدُنِّي,HARF,HARF,HARF,Hypothesis,True,registry-exact-hypothesis:exact:02_mabniyat/preposition_meanings.json#34
18,77,2,حَتَّى,حتى,فَانْطَلَقَا,إِذَا,HARF,HARF,HARF,Certificate,False,registry:exact:02_mabniyat/preposition_meanings.json#48
18,77,10,أَنْ,أن,فَأَبَوْا,يُضَيِّفُوهُمَا,HARF,HARF,HARF,Certificate,False,registry:plain:02_mabniyat/present_naseb_tools.json#1
18,77,16,أَنْ,أن,يُرِيدُ,يَنْقَضَّ,HARF,HARF,HARF,Certificate,False,registry:plain:02_mabniyat/present_naseb_tools.json#1
18,78,8,مَا,ما,بِتَأْوِيلِ,لَمْ,ISM_MAWSOOL,ISM_MAWSOOL,ISM_MAWSOOL|ISM_MABNI|HARF,Hypothesis,True,registry-exact-hypothesis:exact:02_mabniyat/relative_pronouns.json#13
18,79,9,أَنْ,أن,فَأَرَدْتُ,أَعِيبَهَا,HARF,HARF,HARF,Certificate,False,registry:plain:02_mabniyat/present_naseb_tools.json#1
18,80,7,أَنْ,أن,فَخَشِينَا,يُرْهِقَهُمَا,HARF,HARF,HARF,Certificate,False,registry:plain:02_mabniyat/present_naseb_tools.json#1
18,81,2,أَنْ,أن,فَأَرَدْنَا,يُبْدِلَهُمَا,HARF,HARF,HARF,Certificate,False,registry:plain:02_mabniyat/present_naseb_tools.json#1
18,82,17,أَنْ,أن,رَبُّكَ,يَبْلُغَا,HARF,HARF,HARF,Certificate,False,registry:plain:02_mabniyat/present_naseb_tools.json#1
18,82,23,مِنْ,من,رَحْمَةً,رَبِّكَ,HARF,HARF,HARF,Hypothesis,True,registry-exact-hypothesis:exact:02_mabniyat/preposition_meanings.json#34
18,82,31,مَا,ما,تَأْوِيلُ,لَمْ,ISM_MAWSOOL,ISM_MAWSOOL,ISM_MAWSOOL|ISM_MABNI|HARF,Hypothesis,True,registry-exact-hypothesis:exact:02_mabniyat/relative_pronouns.json#13
18,84,7,مِنْ,من,وَآتَيْنَاهُ,كُلِّ,HARF,HARF,HARF,Hypothesis,True,registry-exact-hypothesis:exact:02_mabniyat/preposition_meanings.json#34
18,86,1,حَتَّى,حتى,,إِذَا,HARF,HARF,HARF,Certificate,False,registry:exact:02_mabniyat/preposition_meanings.json#48
18,86,18,أَنْ,أن,إِمَّا,تُعَذِّبَ,HARF,HARF,HARF,Certificate,False,registry:plain:02_mabniyat/present_naseb_tools.json#1
18,86,21,أَنْ,أن,وَإِمَّا,تَتَّخِذَ,HARF,HARF,HARF,Certificate,False,registry:plain:02_mabniyat/present_naseb_tools.json#1
18,87,3,مَنْ,من,أَمَّا,ظَلَمَ,ISM_MAWSOOL,ISM_MAWSOOL,ISM_MAWSOOL|ISM_MABNI|HARF,Hypothesis,True,registry-exact-hypothesis:exact:02_mabniyat/relative_pronouns.json#3
18,88,2,مَنْ,من,وَأَمَّا,آمَنَ,ISM_MAWSOOL,ISM_MAWSOOL,ISM_MAWSOOL|ISM_MABNI|HARF,Hypothesis,True,registry-exact-hypothesis:exact:02_mabniyat/relative_pronouns.json#3
18,88,11,مِنْ,من,لَهُ,أَمْرِنَا,HARF,HARF,HARF,Hypothesis,True,registry-exact-hypothesis:exact:02_mabniyat/preposition_meanings.json#34
18,90,1,حَتَّى,حتى,,إِذَا,HARF,HARF,HARF,Certificate,False,registry:exact:02_mabniyat/preposition_meanings.json#48
18,90,13,مِنْ,من,لَهُمْ,دُونِهَا,HARF,HARF,HARF,Hypothesis,True,registry-exact-hypothesis:exact:02_mabniyat/preposition_meanings.json#34
18,91,4,بِمَا,بما,أَحَطْنَا,لَدَيْهِ,ISM_MAWSOOL,ISM_MAWSOOL,ISM_MAWSOOL|ISM_MABNI|HARF,Certificate,True,MASAQ:48
18,93,1,حَتَّى,حتى,,إِذَا,HARF,HARF,HARF,Certificate,False,registry:exact:02_mabniyat/preposition_meanings.json#48
18,93,7,مِنْ,من,وَجَدَ,دُونِهِمَا,HARF,HARF,HARF,Hypothesis,True,registry-exact-hypothesis:exact:02_mabniyat/preposition_meanings.json#34
18,94,4,إِنَّ,إن,الْقَرْنَيْنِ,يَأْجُوجَ,HARF,HARF,HARF,Certificate,False,registry:exact:02_mabniyat/letters_answers.json#4
18,94,15,أَنْ,أن,عَلَى,تَجْعَلَ,HARF,HARF,HARF,Certificate,False,registry:plain:02_mabniyat/present_naseb_tools.json#1
18,95,2,مَا,ما,قَالَ,مَكَّنِّي,ISM_MAWSOOL,ISM_MAWSOOL,ISM_MAWSOOL|ISM_MABNI|HARF,Hypothesis,True,registry-exact-hypothesis:exact:02_mabniyat/relative_pronouns.json#13
18,96,4,حَتَّى,حتى,الْحَدِيدِ,إِذَا,HARF,HARF,HARF,Certificate,False,registry:exact:02_mabniyat/preposition_meanings.json#48
18,96,11,حَتَّى,حتى,انْفُخُوا,إِذَا,HARF,HARF,HARF,Certificate,False,registry:exact:02_mabniyat/preposition_meanings.json#48
18,97,3,أَنْ,أن,اسْطَاعُوا,يَظْهَرُوهُ,HARF,HARF,HARF,Certificate,False,registry:plain:02_mabniyat/present_naseb_tools.json#1
18,98,4,مِنْ,من,رَحْمَةٌ,رَبِّي,HARF,HARF,HARF,Hypothesis,True,registry-exact-hypothesis:exact:02_mabniyat/preposition_meanings.json#34
18,102,4,أَنْ,أن,كَفَرُوا,يَتَّخِذُوا,HARF,HARF,HARF,Certificate,False,registry:plain:02_mabniyat/present_naseb_tools.json#1
18,102,7,مِنْ,من,عِبَادِي,دُونِي,HARF,HARF,HARF,Hypothesis,True,registry-exact-hypothesis:exact:02_mabniyat/preposition_meanings.json#34
18,106,4,بِمَا,بما,جَهَنَّمُ,كَفَرُوا,ISM_MAWSOOL,ISM_MAWSOOL,ISM_MAWSOOL|ISM_MABNI|HARF,Certificate,True,MASAQ:48
18,107,1,إِنَّ,إن,,الَّذِينَ,HARF,HARF,HARF,Certificate,False,registry:exact:02_mabniyat/letters_answers.json#4
18,109,11,أَنْ,أن,قَبْلَ,تَنْفَدَ,HARF,HARF,HARF,Certificate,False,registry:plain:02_mabniyat/present_naseb_tools.json#1
19,5,4,مِنْ,من,الْمَوَالِيَ,وَرَائِي,HARF,HARF,HARF,Hypothesis,True,registry-exact-hypothesis:exact:02_mabniyat/preposition_meanings.json#34
19,5,11,مِنْ,من,لِي,لَدُنْكَ,HARF,HARF,HARF,Hypothesis,True,registry-exact-hypothesis:exact:02_mabniyat/preposition_meanings.json#34
19,6,3,مِنْ,من,وَيَرِثُ,آلِ,HARF,HARF,HARF,Hypothesis,True,registry-exact-hypothesis:exact:02_mabniyat/preposition_meanings.json#34
19,7,10,مِنْ,من,لَهُ,قَبْلُ,HARF,HARF,HARF,Hypothesis,True,registry-exact-hypothesis:exact:02_mabniyat/preposition_meanings.json#34
19,8,12,مِنَ,من,بَلَغْتُ,الْكِبَرِ,HARF,HARF,HARF,Hypothesis,True,registry-exact-hypothesis:exact:02_mabniyat/preposition_meanings.json#32
19,9,10,مِنْ,من,خَلَقْتُكَ,قَبْلُ,HARF,HARF,HARF,Hypothesis,True,registry-exact-hypothesis:exact:02_mabniyat/preposition_meanings.json#34
19,11,4,مِنَ,من,قَوْمِهِ,الْمِحْرَابِ,HARF,HARF,HARF,Hypothesis,True,registry-exact-hypothesis:exact:02_mabniyat/preposition_meanings.json#32
19,11,8,أَنْ,أن,إِلَيْهِمْ,سَبِّحُوا,HARF,HARF,HARF,Certificate,False,registry:plain:02_mabniyat/present_naseb_tools.json#1
19,13,2,مِنْ,من,وَحَنَانَاً,لَدُنَّا,HARF,HARF,HARF,Hypothesis,True,registry-exact-hypothesis:exact:02_mabniyat/preposition_meanings.json#34
19,16,7,مِنْ,من,انْتَبَذَتْ,أَهْلِهَا,HARF,HARF,HARF,Hypothesis,True,registry-exact-hypothesis:exact:02_mabniyat/preposition_meanings.json#34
19,17,2,مِنْ,من,فَاتَّخَذَتْ,دُونِهِمْ,HARF,HARF,HARF,Hypothesis,True,registry-exact-hypothesis:exact:02_mabniyat/preposition_meanings.json#34
19,18,6,إِنْ,إن,مِنْكَ,كُنْتَ,HARF,HARF,HARF,Certificate,False,registry:exact:02_mabniyat/conditional_letters_tools.json#1
19,24,2,مِنْ,من,فَنَادَاهَا,تَحْتِهَا,HARF,HARF,HARF,Hypothesis,True,registry-exact-hypothesis:exact:02_mabniyat/preposition_meanings.json#34
19,26,7,مِنَ,من,تَرَيِنَّ,الْبَشَرِ,HARF,HARF,HARF,Hypothesis,True,registry-exact-hypothesis:exact:02_mabniyat/preposition_meanings.json#32
19,28,3,مَا,ما,هَارُونَ,كَانَ,HARF,ISM_MAWSOOL,ISM_MAWSOOL|ISM_MABNI|HARF,Hypothesis,True,registry-exact-hypothesis:exact:02_mabniyat/relative_pronouns.json#13
19,29,6,مَنْ,من,نُكَلِّمُ,كَانَ,ISM_MAWSOOL,ISM_MAWSOOL,ISM_MAWSOOL|ISM_MABNI|HARF,Hypothesis,True,registry-exact-hypothesis:exact:02_mabniyat/relative_pronouns.json#3
19,35,1,مَا,ما,,كَانَ,HARF,ISM_MAWSOOL,ISM_MAWSOOL|ISM_MABNI|HARF,Hypothesis,True,registry-exact-hypothesis:exact:02_mabniyat/relative_pronouns.json#13
19,35,4,أَنْ,أن,لِلَّهِ,يَتَّخِذَ,HARF,HARF,HARF,Certificate,False,registry:plain:02_mabniyat/present_naseb_tools.json#1
19,35,6,مِنْ,من,يَتَّخِذَ,وَلَدٍ,HARF,HARF,HARF,Hypothesis,True,registry-exact-hypothesis:exact:02_mabniyat/preposition_meanings.json#34
19,37,3,مِنْ,من,الْأَحْزَابُ,بَيْنِهِمْ,HARF,HARF,HARF,Hypothesis,True,registry-exact-hypothesis:exact:02_mabniyat/preposition_meanings.json#34
19,37,8,مِنْ,من,كَفَرُوا,مَشْهَدِ,HARF,HARF,HARF,Hypothesis,True,registry-exact-hypothesis:exact:02_mabniyat/preposition_meanings.json#34
19,42,7,مَا,ما,تَعْبُدُ,لَا,ISM_MAWSOOL,ISM_MAWSOOL,ISM_MAWSOOL|ISM_MABNI|HARF,Hypothesis,True,registry-exact-hypothesis:exact:02_mabniyat/relative_pronouns.json#13
19,43,5,مِنَ,من,جَاءَنِي,الْعِلْمِ,HARF,HARF,HARF,Hypothesis,True,registry-exact-hypothesis:exact:02_mabniyat/preposition_meanings.json#32
19,43,7,مَا,ما,الْعِلْمِ,لَمْ,ISM_MAWSOOL,ISM_MAWSOOL,ISM_MAWSOOL|ISM_MABNI|HARF,Hypothesis,True,registry-exact-hypothesis:exact:02_mabniyat/relative_pronouns.json#13
19,44,5,إِنَّ,إن,الشَّيْطَانَ,الشَّيْطَانَ,HARF,HARF,HARF,Certificate,False,registry:exact:02_mabniyat/letters_answers.json#4
19,45,4,أَنْ,أن,أَخَافُ,يَمَسَّكَ,HARF,HARF,HARF,Certificate,False,registry:plain:02_mabniyat/present_naseb_tools.json#1
19,45,7,مِنَ,من,عَذَابٌ,الرَّحْمَنِ,HARF,HARF,HARF,Hypothesis,True,registry-exact-hypothesis:exact:02_mabniyat/preposition_meanings.json#32
19,48,4,مِنْ,من,تَدْعُونَ,دُونِ,HARF,HARF,HARF,Hypothesis,True,registry-exact-hypothesis:exact:02_mabniyat/preposition_meanings.json#34
19,48,5,دُونِ,دون,مِنْ,اللَّهِ,ISM_MUARAB,ISM_MUARAB,,Certificate,False,MASAQ:310
19,49,5,مِنْ,من,يَعْبُدُونَ,دُونِ,HARF,HARF,HARF,Hypothesis,True,registry-exact-hypothesis:exact:02_mabniyat/preposition_meanings.json#34
19,49,6,دُونِ,دون,مِنْ,اللَّهِ,ISM_MUARAB,ISM_MUARAB,,Certificate,False,MASAQ:310
19,50,3,مِنْ,من,لَهُمْ,رَحْمَتِنَا,HARF,HARF,HARF,Hypothesis,True,registry-exact-hypothesis:exact:02_mabniyat/preposition_meanings.json#34
19,52,2,مِنْ,من,وَنَادَيْنَاهُ,جَانِبِ,HARF,HARF,HARF,Hypothesis,True,registry-exact-hypothesis:exact:02_mabniyat/preposition_meanings.json#34
19,53,3,مِنْ,من,لَهُ,رَحْمَتِنَا,HARF,HARF,HARF,Hypothesis,True,registry-exact-hypothesis:exact:02_mabniyat/preposition_meanings.json#34
19,58,6,مِنَ,من,عَلَيْهِمْ,النَّبِيِّينَ,HARF,HARF,HARF,Hypothesis,True,registry-exact-hypothesis:exact:02_mabniyat/preposition_meanings.json#32
19,58,8,مِنْ,من,النَّبِيِّينَ,ذُرِّيَّةِ,HARF,HARF,HARF,Hypothesis,True,registry-exact-hypothesis:exact:02_mabniyat/preposition_meanings.json#34
19,59,2,مِنْ,من,فَخَلَفَ,بَعْدِهِمْ,HARF,HARF,HARF,Hypothesis,True,registry-exact-hypothesis:exact:02_mabniyat/preposition_meanings.json#34
19,60,1,إِلَّا,إلا,,مَنْ,HARF,HARF,,Certificate,False,MASAQ:106
19,60,2,مَنْ,من,إِلَّا,تَابَ,ISM_MAWSOOL,ISM_MAWSOOL,ISM_MAWSOOL|ISM_MABNI|HARF,Hypothesis,True,registry-exact-hypothesis:exact:02_mabniyat/relative_pronouns.json#3
19,62,5,إِلَّا,إلا,لَغْوَاً,سَلَامَاً,HARF,HARF,,Certificate,False,MASAQ:106
19,63,5,مِنْ,من,نُورِثُ,عِبَادِنَا,HARF,HARF,HARF,Hypothesis,True,registry-exact-hypothesis:exact:02_mabniyat/preposition_meanings.json#34
19,63,7,مَنْ,من,عِبَادِنَا,كَانَ,ISM_MAWSOOL,ISM_MAWSOOL,ISM_MAWSOOL|ISM_MABNI|HARF,Hypothesis,True,registry-exact-hypothesis:exact:02_mabniyat/relative_pronouns.json#3
19,64,3,إِلَّا,إلا,نَتَنَزَّلُ,بِأَمْرِ,HARF,HARF,,Certificate,False,MASAQ:106
19,64,7,مَا,ما,لَهُ,بَيْنَ,ISM_MAWSOOL,ISM_MAWSOOL,ISM_MAWSOOL|ISM_MABNI|HARF,Hypothesis,True,registry-exact-hypothesis:exact:02_mabniyat/relative_pronouns.json#13
19,67,6,مِنْ,من,خَلَقْنَاهُ,قَبْلُ,HARF,HARF,HARF,Hypothesis,True,registry-exact-hypothesis:exact:02_mabniyat/preposition_meanings.json#34
19,69,3,مِنْ,من,لَنَنْزِعَنَّ,كُلِّ,HARF,HARF,HARF,Hypothesis,True,registry-exact-hypothesis:exact:02_mabniyat/preposition_meanings.json#34
19,71,3,إِلَّا,إلا,مِنْكُمْ,وَارِدُهَا,HARF,HARF,,Certificate,False,MASAQ:106
19,73,11,أَيُّ,أي,آمَنُوا,الْفَرِيقَيْنِ,HARF,HARF,HARF,Hypothesis,True,registry-exact-hypothesis:exact:02_mabniyat/jazm_tools.json#15
19,74,4,مِنْ,من,قَبْلَهُمْ,قَرْنٍ,HARF,HARF,HARF,Hypothesis,True,registry-exact-hypothesis:exact:02_mabniyat/preposition_meanings.json#34
19,75,2,مَنْ,من,قُلْ,كَانَ,HARF,ISM_MAWSOOL,ISM_MAWSOOL|ISM_MABNI|HARF,Hypothesis,True,registry-exact-hypothesis:exact:02_mabniyat/relative_pronouns.json#3
19,75,10,حَتَّى,حتى,مَدَّاً,إِذَا,HARF,HARF,HARF,Certificate,False,registry:exact:02_mabniyat/preposition_meanings.json#48
19,75,13,مَا,ما,رَأَوْا,يُوعَدُونَ,ISM_MAWSOOL,ISM_MAWSOOL,ISM_MAWSOOL|ISM_MABNI|HARF,Hypothesis,True,registry-exact-hypothesis:exact:02_mabniyat/relative_pronouns.json#13
19,75,20,مَنْ,من,فَسَيَعْلَمُونَ,هُوَ,ISM_MAWSOOL,ISM_MAWSOOL,ISM_MAWSOOL|ISM_MABNI|HARF,Hypothesis,True,registry-exact-hypothesis:exact:02_mabniyat/relative_pronouns.json#3
19,79,3,مَا,ما,سَنَكْتُبُ,يَقُولُ,ISM_MAWSOOL,ISM_MAWSOOL,ISM_MAWSOOL|ISM_MABNI|HARF,Hypothesis,True,registry-exact-hypothesis:exact:02_mabniyat/relative_pronouns.json#13
19,79,7,مِنَ,من,لَهُ,الْعَذَابِ,HARF,HARF,HARF,Hypothesis,True,registry-exact-hypothesis:exact:02_mabniyat/preposition_meanings.json#32
19,80,2,مَا,ما,وَنَرِثُهُ,يَقُولُ,ISM_MAWSOOL,ISM_MAWSOOL,ISM_MAWSOOL|ISM_MABNI|HARF,Hypothesis,True,registry-exact-hypothesis:exact:02_mabniyat/relative_pronouns.json#13
19,81,2,مِنْ,من,وَاتَّخَذُوا,دُونِ,HARF,HARF,HARF,Hypothesis,True,registry-exact-hypothesis:exact:02_mabniyat/preposition_meanings.json#34
19,81,3,دُونِ,دون,مِنْ,اللَّهِ,ISM_MUARAB,ISM_MUARAB,,Certificate,False,MASAQ:310
19,87,4,إِلَّا,إلا,الشَّفَاعَةَ,مَنِ,HARF,HARF,,Certificate,False,MASAQ:106
19,87,5,مَنِ,من,إِلَّا,اتَّخَذَ,ISM_MAWSOOL,ISM_MAWSOOL,ISM_MAWSOOL|ISM_MABNI|HARF,Certificate,True,MASAQ:3539
19,91,1,أَنْ,أن,,دَعَوْا,HARF,HARF,HARF,Certificate,False,registry:plain:02_mabniyat/present_naseb_tools.json#1
19,92,4,أَنْ,أن,لِلرَّحْمَنِ,يَتَّخِذَ,HARF,HARF,HARF,Certificate,False,registry:plain:02_mabniyat/present_naseb_tools.json#1
19,93,1,إِنْ,إن,,كُلُّ,HARF,HARF,HARF,Certificate,False,registry:exact:02_mabniyat/conditional_letters_tools.json#1
19,93,3,مَنْ,من,كُلُّ,فِي,ISM_MAWSOOL,ISM_MAWSOOL,ISM_MAWSOOL|ISM_MABNI|HARF,Hypothesis,True,registry-exact-hypothesis:exact:02_mabniyat/relative_pronouns.json#3
19,93,7,إِلَّا,إلا,وَالْأَرْضِ,آتِي,HARF,HARF,,Certificate,False,MASAQ:106
19,96,1,إِنَّ,إن,,الَّذِينَ,HARF,HARF,HARF,Certificate,False,registry:exact:02_mabniyat/letters_answers.json#4
19,98,4,مِنْ,من,قَبْلَهُمْ,قَرْنٍ,HARF,HARF,HARF,Hypothesis,True,registry-exact-hypothesis:exact:02_mabniyat/preposition_meanings.json#34
19,98,9,مِنْ,من,مِنْهُمْ,أَحَدٍ,HARF,HARF,HARF,Hypothesis,True,registry-exact-hypothesis:exact:02_mabniyat/preposition_meanings.json#34
20,2,1,مَا,ما,,أَنْزَلْنَا,HARF,ISM_MAWSOOL,ISM_MAWSOOL|ISM_MABNI|HARF,Hypothesis,True,registry-exact-hypothesis:exact:02_mabniyat/relative_pronouns.json#13
20,3,1,إِلَّا,إلا,,تَذْكِرَةً,HARF,HARF,,Certificate,False,MASAQ:106
20,6,2,مَا,ما,لَهُ,فِي,ISM_MAWSOOL,ISM_MAWSOOL,ISM_MAWSOOL|ISM_MABNI|HARF,Hypothesis,True,registry-exact-hypothesis:exact:02_mabniyat/relative_pronouns.json#13
20,8,4,إِلَّا,إلا,إِلَهَ,هُوَ,HARF,HARF,,Certificate,False,MASAQ:106
20,14,6,إِلَّا,إلا,إِلَهَ,أَنَا,HARF,HARF,,Certificate,False,MASAQ:106
20,15,1,إِنَّ,إن,,السَّاعَةَ,HARF,HARF,HARF,Certificate,False,registry:exact:02_mabniyat/letters_answers.json#4
20,15,9,بِمَا,بما,نَفْسٍ,تَسْعَى,ISM_MAWSOOL,ISM_MAWSOOL,ISM_MAWSOOL|ISM_MABNI|HARF,Certificate,True,MASAQ:48
20,16,4,مَنْ,من,عَنْهَا,لَا,ISM_MAWSOOL,ISM_MAWSOOL,ISM_MAWSOOL|ISM_MABNI|HARF,Hypothesis,True,registry-exact-hypothesis:exact:02_mabniyat/relative_pronouns.json#3
20,22,7,مِنْ,من,بَيْضَاءَ,غَيْرِ,HARF,HARF,HARF,Hypothesis,True,registry-exact-hypothesis:exact:02_mabniyat/preposition_meanings.json#34
20,22,8,غَيْرِ,غير,مِنْ,سُوءٍ,ISM_MUARAB,ISM_MUARAB,,Certificate,False,MASAQ:25
20,23,2,مِنْ,من,لِنُرِيَكَ,آيَاتِنَا,HARF,HARF,HARF,Hypothesis,True,registry-exact-hypothesis:exact:02_mabniyat/preposition_meanings.json#34
20,27,3,مِنْ,من,عُقْدَةً,لِسَانِي,HARF,HARF,HARF,Hypothesis,True,registry-exact-hypothesis:exact:02_mabniyat/preposition_meanings.json#34
20,29,4,مِنْ,من,وَزِيرَاً,أَهْلِي,HARF,HARF,HARF,Hypothesis,True,registry-exact-hypothesis:exact:02_mabniyat/preposition_meanings.json#34
20,38,5,مَا,ما,أُمِّكَ,يُوحَى,ISM_MAWSOOL,ISM_MAWSOOL,ISM_MAWSOOL|ISM_MABNI|HARF,Hypothesis,True,registry-exact-hypothesis:exact:02_mabniyat/relative_pronouns.json#13
20,39,1,أَنِ,أن,,اقْذِفِيهِ,HARF,HARF,HARF,Certificate,False,registry:plain:02_mabniyat/present_naseb_tools.json#1
20,40,8,مَنْ,من,عَلَى,يَكْفُلُهُ,ISM_MAWSOOL,ISM_MAWSOOL,ISM_MAWSOOL|ISM_MABNI|HARF,Hypothesis,True,registry-exact-hypothesis:exact:02_mabniyat/relative_pronouns.json#3
20,40,21,مِنَ,من,فَنَجَّيْنَاكَ,الْغَمِّ,HARF,HARF,HARF,Hypothesis,True,registry-exact-hypothesis:exact:02_mabniyat/preposition_meanings.json#32
20,45,5,أَنْ,أن,نَخَافُ,يَفْرُطَ,HARF,HARF,HARF,Certificate,False,registry:plain:02_mabniyat/present_naseb_tools.json#1
20,45,9,أَنْ,أن,أَوْ,يَطْغَى,HARF,HARF,HARF,Certificate,False,registry:plain:02_mabniyat/present_naseb_tools.json#1
20,47,15,مِنْ,من,بِآيَةٍ,رَبِّكَ,HARF,HARF,HARF,Hypothesis,True,registry-exact-hypothesis:exact:02_mabniyat/preposition_meanings.json#34
20,47,19,مَنِ,من,عَلَى,اتَّبَعَ,ISM_MAWSOOL,ISM_MAWSOOL,ISM_MAWSOOL|ISM_MABNI|HARF,Certificate,True,MASAQ:3539
20,48,5,أَنَّ,أن,إِلَيْنَا,الْعَذَابَ,HARF,HARF,HARF,Certificate,False,registry:exact:02_mabniyat/copulative_particle.json#2
20,48,8,مَنْ,من,عَلَى,كَذَّبَ,ISM_MAWSOOL,ISM_MAWSOOL,ISM_MAWSOOL|ISM_MABNI|HARF,Hypothesis,True,registry-exact-hypothesis:exact:02_mabniyat/relative_pronouns.json#3
20,53,11,مِنَ,من,وَأَنْزَلَ,السَّمَاءِ,HARF,HARF,HARF,Hypothesis,True,registry-exact-hypothesis:exact:02_mabniyat/preposition_meanings.json#32
20,53,17,مِنْ,من,أَزْوَاجَاً,نَبَاتٍ,HARF,HARF,HARF,Hypothesis,True,registry-exact-hypothesis:exact:02_mabniyat/preposition_meanings.json#34
20,54,4,إِنَّ,إن,أَنْعَامَكُمْ,فِي,HARF,HARF,HARF,Certificate,False,registry:exact:02_mabniyat/letters_answers.json#4
20,57,4,مِنْ,من,لِتُخْرِجَنَا,أَرْضِنَا,HARF,HARF,HARF,Hypothesis,True,registry-exact-hypothesis:exact:02_mabniyat/preposition_meanings.json#34
20,61,14,مَنِ,من,خَابَ,افْتَرَى,ISM_MAWSOOL,ISM_MAWSOOL,ISM_MAWSOOL|ISM_MABNI|HARF,Certificate,True,MASAQ:3539
20,63,2,إِنْ,إن,قَالُوا,هَذَانِ,HARF,HARF,HARF,Certificate,False,registry:exact:02_mabniyat/conditional_letters_tools.json#1
20,63,6,أَنْ,أن,يُرِيدَانِ,يُخْرِجَاكُمْ,HARF,HARF,HARF,Certificate,False,registry:plain:02_mabniyat/present_naseb_tools.json#1
20,63,8,مِنْ,من,يُخْرِجَاكُمْ,أَرْضِكُمْ,HARF,HARF,HARF,Hypothesis,True,registry-exact-hypothesis:exact:02_mabniyat/preposition_meanings.json#34
20,64,9,مَنِ,من,الْيَوْمَ,اسْتَعْلَى,ISM_MAWSOOL,ISM_MAWSOOL,ISM_MAWSOOL|ISM_MABNI|HARF,Certificate,True,MASAQ:3539
20,65,4,أَنْ,أن,إِمَّا,تُلْقِيَ,HARF,HARF,HARF,Certificate,False,registry:plain:02_mabniyat/present_naseb_tools.json#1
20,65,7,أَنْ,أن,وَإِمَّا,نَكُونَ,HARF,HARF,HARF,Certificate,False,registry:plain:02_mabniyat/present_naseb_tools.json#1
20,65,10,مَنْ,من,أَوَّلَ,أَلْقَى,ISM_MAWSOOL,ISM_MAWSOOL,ISM_MAWSOOL|ISM_MABNI|HARF,Hypothesis,True,registry-exact-hypothesis:exact:02_mabniyat/relative_pronouns.json#3
20,66,9,مِنْ,من,إِلَيْهِ,سِحْرِهِمْ,HARF,HARF,HARF,Hypothesis,True,registry-exact-hypothesis:exact:02_mabniyat/preposition_meanings.json#34
20,69,2,مَا,ما,وَأَلْقِ,فِي,ISM_MAWSOOL,ISM_MAWSOOL,ISM_MAWSOOL|ISM_MABNI|HARF,Hypothesis,True,registry-exact-hypothesis:exact:02_mabniyat/relative_pronouns.json#13
20,69,6,مَا,ما,تَلْقَفْ,صَنَعُوا,ISM_MAWSOOL,ISM_MAWSOOL,ISM_MAWSOOL|ISM_MABNI|HARF,Hypothesis,True,registry-exact-hypothesis:exact:02_mabniyat/relative_pronouns.json#13
20,71,5,أَنْ,أن,قَبْلَ,آذَنَ,HARF,HARF,HARF,Certificate,False,registry:plain:02_mabniyat/present_naseb_tools.json#1
20,71,16,مِنْ,من,وَأَرْجُلَكُمْ,خِلَافٍ,HARF,HARF,HARF,Hypothesis,True,registry-exact-hypothesis:exact:02_mabniyat/preposition_meanings.json#34
20,72,5,مَا,ما,عَلَى,جَاءَنَا,ISM_MAWSOOL,ISM_MAWSOOL,ISM_MAWSOOL|ISM_MABNI|HARF,Hypothesis,True,registry-exact-hypothesis:exact:02_mabniyat/relative_pronouns.json#13
20,72,7,مِنَ,من,جَاءَنَا,الْبَيِّنَاتِ,HARF,HARF,HARF,Hypothesis,True,registry-exact-hypothesis:exact:02_mabniyat/preposition_meanings.json#32
20,72,12,مَا,ما,فَاقْضِ,أَنْتَ,ISM_MAWSOOL,ISM_MAWSOOL,ISM_MAWSOOL|ISM_MABNI|HARF,Hypothesis,True,registry-exact-hypothesis:exact:02_mabniyat/relative_pronouns.json#13
20,73,10,مِنَ,من,عَلَيْهِ,السِّحْرِ,HARF,HARF,HARF,Hypothesis,True,registry-exact-hypothesis:exact:02_mabniyat/preposition_meanings.json#32
20,74,2,مَنْ,من,إِنَّهُ,يَأْتِ,HARF,ISM_MAWSOOL,ISM_MAWSOOL|ISM_MABNI|HARF,Hypothesis,True,registry-exact-hypothesis:exact:02_mabniyat/relative_pronouns.json#3
20,76,4,مِنْ,من,تَجْرِي,تَحْتِهَا,HARF,HARF,HARF,Hypothesis,True,registry-exact-hypothesis:exact:02_mabniyat/preposition_meanings.json#34
20,76,11,مَنْ,من,جَزَاءُ,تَزَكَّى,ISM_MAWSOOL,ISM_MAWSOOL,ISM_MAWSOOL|ISM_MABNI|HARF,Hypothesis,True,registry-exact-hypothesis:exact:02_mabniyat/relative_pronouns.json#3
20,77,5,أَنْ,أن,مُوسَى,أَسْرِ,HARF,HARF,HARF,Certificate,False,registry:plain:02_mabniyat/present_naseb_tools.json#1
20,78,5,مِنَ,من,فَغَشِيَهُمْ,الْيَمِّ,HARF,HARF,HARF,Hypothesis,True,registry-exact-hypothesis:exact:02_mabniyat/preposition_meanings.json#32
20,78,7,مَا,ما,الْيَمِّ,غَشِيَهُمْ,ISM_MAWSOOL,ISM_MAWSOOL,ISM_MAWSOOL|ISM_MABNI|HARF,Hypothesis,True,registry-exact-hypothesis:exact:02_mabniyat/relative_pronouns.json#13
20,80,5,مِنْ,من,أَنْجَيْنَاكُمْ,عَدُوِّكُمْ,HARF,HARF,HARF,Hypothesis,True,registry-exact-hypothesis:exact:02_mabniyat/preposition_meanings.json#34
20,81,2,مِنْ,من,كُلُوا,طَيِّبَاتِ,HARF,HARF,HARF,Hypothesis,True,registry-exact-hypothesis:exact:02_mabniyat/preposition_meanings.json#34
20,81,4,مَا,ما,طَيِّبَاتِ,رَزَقْنَاكُمْ,ISM_MAWSOOL,ISM_MAWSOOL,ISM_MAWSOOL|ISM_MABNI|HARF,Hypothesis,True,registry-exact-hypothesis:exact:02_mabniyat/relative_pronouns.json#13
20,85,6,مِنْ,من,قَوْمَكَ,بَعْدِكَ,HARF,HARF,HARF,Hypothesis,True,registry-exact-hypothesis:exact:02_mabniyat/preposition_meanings.json#34
20,86,19,أَنْ,أن,أَرَدْتُمْ,يَحِلَّ,HARF,HARF,HARF,Certificate,False,registry:plain:02_mabniyat/present_naseb_tools.json#1
20,86,23,مِنْ,من,غَضَبٌ,رَبِّكُمْ,HARF,HARF,HARF,Hypothesis,True,registry-exact-hypothesis:exact:02_mabniyat/preposition_meanings.json#34
20,87,2,مَا,ما,قَالُوا,أَخْلَفْنَا,HARF,ISM_MAWSOOL,ISM_MAWSOOL|ISM_MABNI|HARF,Hypothesis,True,registry-exact-hypothesis:exact:02_mabniyat/relative_pronouns.json#13
20,87,9,مِنْ,من,أَوْزَارَاً,زِينَةِ,HARF,HARF,HARF,Hypothesis,True,registry-exact-hypothesis:exact:02_mabniyat/preposition_meanings.json#34
20,90,5,مِنْ,من,هَارُونُ,قَبْلُ,HARF,HARF,HARF,Hypothesis,True,registry-exact-hypothesis:exact:02_mabniyat/preposition_meanings.json#34
20,91,6,حَتَّى,حتى,عَاكِفِينَ,يَرْجِعَ,HARF,HARF,HARF,Certificate,False,registry:exact:02_mabniyat/preposition_meanings.json#48
20,92,3,مَا,ما,يَاهَارُونُ,مَنَعَكَ,HARF,ISM_MAWSOOL,ISM_MAWSOOL|ISM_MABNI|HARF,Hypothesis,True,registry-exact-hypothesis:exact:02_mabniyat/relative_pronouns.json#13
20,94,10,أَنْ,أن,خَشِيتُ,تَقُولَ,HARF,HARF,HARF,Certificate,False,registry:plain:02_mabniyat/present_naseb_tools.json#1
20,96,3,بِمَا,بما,بَصُرْتُ,لَمْ,ISM_MAWSOOL,ISM_MAWSOOL,ISM_MAWSOOL|ISM_MABNI|HARF,Certificate,True,MASAQ:48
20,96,9,مِنْ,من,قَبْضَةً,أَثَرِ,HARF,HARF,HARF,Hypothesis,True,registry-exact-hypothesis:exact:02_mabniyat/preposition_meanings.json#34
20,97,7,أَنْ,أن,الْحَيَاةِ,تَقُولَ,HARF,HARF,HARF,Certificate,False,registry:plain:02_mabniyat/present_naseb_tools.json#1
20,98,7,إِلَّا,إلا,إِلَهَ,هُوَ,HARF,HARF,,Certificate,False,MASAQ:106
20,99,4,مِنْ,من,عَلَيْكَ,أَنْبَاءِ,HARF,HARF,HARF,Hypothesis,True,registry-exact-hypothesis:exact:02_mabniyat/preposition_meanings.json#34
20,99,6,مَا,ما,أَنْبَاءِ,قَدْ,ISM_MAWSOOL,ISM_MAWSOOL,ISM_MAWSOOL|ISM_MABNI|HARF,Hypothesis,True,registry-exact-hypothesis:exact:02_mabniyat/relative_pronouns.json#13
20,99,11,مِنْ,من,آتَيْنَاكَ,لَدُنَّا,HARF,HARF,HARF,Hypothesis,True,registry-exact-hypothesis:exact:02_mabniyat/preposition_meanings.json#34
20,100,1,مَنْ,من,,أَعْرَضَ,HARF,ISM_MAWSOOL,ISM_MAWSOOL|ISM_MABNI|HARF,Hypothesis,True,registry-exact-hypothesis:exact:02_mabniyat/relative_pronouns.json#3
20,103,3,إِنْ,إن,بَيْنَهُمْ,لَبِثْتُمْ,HARF,HARF,HARF,Certificate,False,registry:exact:02_mabniyat/conditional_letters_tools.json#1
20,103,5,إِلَّا,إلا,لَبِثْتُمْ,عَشْرَاً,HARF,HARF,,Certificate,False,MASAQ:106
20,104,3,بِمَا,بما,أَعْلَمُ,يَقُولُونَ,ISM_MAWSOOL,ISM_MAWSOOL,ISM_MAWSOOL|ISM_MABNI|HARF,Certificate,True,MASAQ:48
20,104,9,إِنْ,إن,طَرِيقَةً,لَبِثْتُمْ,HARF,HARF,HARF,Certificate,False,registry:exact:02_mabniyat/conditional_letters_tools.json#1
20,104,11,إِلَّا,إلا,لَبِثْتُمْ,يَوْمَاً,HARF,HARF,,Certificate,False,MASAQ:106
20,108,12,إِلَّا,إلا,تَسْمَعُ,هَمْسَاً,HARF,HARF,,Certificate,False,MASAQ:106
20,109,5,إِلَّا,إلا,الشَّفَاعَةُ,مَنْ,HARF,HARF,,Certificate,False,MASAQ:106
20,109,6,مَنْ,من,إِلَّا,أَذِنَ,ISM_MAWSOOL,ISM_MAWSOOL,ISM_MAWSOOL|ISM_MABNI|HARF,Hypothesis,True,registry-exact-hypothesis:exact:02_mabniyat/relative_pronouns.json#3
20,110,2,مَا,ما,يَعْلَمُ,بَيْنَ,ISM_MAWSOOL,ISM_MAWSOOL,ISM_MAWSOOL|ISM_MABNI|HARF,Hypothesis,True,registry-exact-hypothesis:exact:02_mabniyat/relative_pronouns.json#13
20,111,7,مَنْ,من,خَابَ,حَمَلَ,ISM_MAWSOOL,ISM_MAWSOOL,ISM_MAWSOOL|ISM_MABNI|HARF,Hypothesis,True,registry-exact-hypothesis:exact:02_mabniyat/relative_pronouns.json#3
20,112,3,مِنَ,من,يَعْمَلْ,الصَّالِحَاتِ,HARF,HARF,HARF,Hypothesis,True,registry-exact-hypothesis:exact:02_mabniyat/preposition_meanings.json#32
20,113,7,مِنَ,من,فِيهِ,الْوَعِيدِ,HARF,HARF,HARF,Hypothesis,True,registry-exact-hypothesis:exact:02_mabniyat/preposition_meanings.json#32
20,114,8,مِنْ,من,بِالْقُرْآنِ,قَبْلِ,HARF,HARF,HARF,Hypothesis,True,registry-exact-hypothesis:exact:02_mabniyat/preposition_meanings.json#34
20,114,10,أَنْ,أن,قَبْلِ,يُقْضَى,HARF,HARF,HARF,Certificate,False,registry:plain:02_mabniyat/present_naseb_tools.json#1
20,115,5,مِنْ,من,آدَمَ,قَبْلُ,HARF,HARF,HARF,Hypothesis,True,registry-exact-hypothesis:exact:02_mabniyat/preposition_meanings.json#34
20,116,7,إِلَّا,إلا,فَسَجَدُوا,إِبْلِيسَ,HARF,HARF,,Certificate,False,MASAQ:106
20,117,3,إِنَّ,إن,يَاآدَمُ,هَذَا,HARF,HARF,HARF,Certificate,False,registry:exact:02_mabniyat/letters_answers.json#4
20,117,10,مِنَ,من,يُخْرِجَنَّكُمَا,الْجَنَّةِ,HARF,HARF,HARF,Hypothesis,True,registry-exact-hypothesis:exact:02_mabniyat/preposition_meanings.json#32
20,118,1,إِنَّ,إن,,لَكَ,HARF,HARF,HARF,Certificate,False,registry:exact:02_mabniyat/letters_answers.json#4
20,121,9,مِنْ,من,عَلَيْهِمَا,وَرَقِ,HARF,HARF,HARF,Hypothesis,True,registry-exact-hypothesis:exact:02_mabniyat/preposition_meanings.json#34
20,127,3,مَنْ,من,نَجْزِي,أَسْرَفَ,ISM_MAWSOOL,ISM_MAWSOOL,ISM_MAWSOOL|ISM_MABNI|HARF,Hypothesis,True,registry-exact-hypothesis:exact:02_mabniyat/relative_pronouns.json#3
20,128,7,مِنَ,من,قَبْلَهُمْ,الْقُرُونِ,HARF,HARF,HARF,Hypothesis,True,registry-exact-hypothesis:exact:02_mabniyat/preposition_meanings.json#32
20,128,12,إِنَّ,إن,مَسَاكِنِهِمْ,فِي,HARF,HARF,HARF,Certificate,False,registry:exact:02_mabniyat/letters_answers.json#4
20,129,4,مِنْ,من,سَبَقَتْ,رَبِّكَ,HARF,HARF,HARF,Hypothesis,True,registry-exact-hypothesis:exact:02_mabniyat/preposition_meanings.json#34
20,130,3,مَا,ما,عَلَى,يَقُولُونَ,ISM_MAWSOOL,ISM_MAWSOOL,ISM_MAWSOOL|ISM_MABNI|HARF,Hypothesis,True,registry-exact-hypothesis:exact:02_mabniyat/relative_pronouns.json#13
20,131,5,مَا,ما,إِلَى,مَتَّعْنَا,ISM_MAWSOOL,ISM_MAWSOOL,ISM_MAWSOOL|ISM_MABNI|HARF,Hypothesis,True,registry-exact-hypothesis:exact:02_mabniyat/relative_pronouns.json#13
20,133,5,مِنْ,من,بِآيَةٍ,رَبِّهِ,HARF,HARF,HARF,Hypothesis,True,registry-exact-hypothesis:exact:02_mabniyat/preposition_meanings.json#34
20,133,10,مَا,ما,بَيِّنَةُ,فِي,ISM_MAWSOOL,ISM_MAWSOOL,ISM_MAWSOOL|ISM_MABNI|HARF,Hypothesis,True,registry-exact-hypothesis:exact:02_mabniyat/relative_pronouns.json#13
20,134,5,مِنْ,من,بِعَذَابٍ,قَبْلِهِ,HARF,HARF,HARF,Hypothesis,True,registry-exact-hypothesis:exact:02_mabniyat/preposition_meanings.json#34
20,134,15,مِنْ,من,آيَاتِكَ,قَبْلِ,HARF,HARF,HARF,Hypothesis,True,registry-exact-hypothesis:exact:02_mabniyat/preposition_meanings.json#34
20,134,17,أَنْ,أن,قَبْلِ,نَذِلَّ,HARF,HARF,HARF,Certificate,False,registry:plain:02_mabniyat/present_naseb_tools.json#1
20,135,6,مَنْ,من,فَسَتَعْلَمُونَ,أَصْحَابُ,HARF,ISM_MAWSOOL,ISM_MAWSOOL|ISM_MABNI|HARF,Hypothesis,True,registry-exact-hypothesis:exact:02_mabniyat/relative_pronouns.json#3
21,2,1,مَا,ما,,يَأْتِيهِمْ,HARF,ISM_MAWSOOL,ISM_MAWSOOL|ISM_MABNI|HARF,Hypothesis,True,registry-exact-hypothesis:exact:02_mabniyat/relative_pronouns.json#13
21,2,3,مِنْ,من,يَأْتِيهِمْ,ذِكْرٍ,HARF,HARF,HARF,Hypothesis,True,registry-exact-hypothesis:exact:02_mabniyat/preposition_meanings.json#34
21,2,5,مِنْ,من,ذِكْرٍ,رَبِّهِمْ,HARF,HARF,HARF,Hypothesis,True,registry-exact-hypothesis:exact:02_mabniyat/preposition_meanings.json#34
21,2,8,إِلَّا,إلا,مُحْدَثٍ,اسْتَمَعُوهُ,HARF,HARF,,Certificate,False,MASAQ:106
21,3,9,إِلَّا,إلا,هَذَا,بَشَرٌ,HARF,HARF,,Certificate,False,MASAQ:106
21,6,1,مَا,ما,,آمَنَتْ,HARF,ISM_MAWSOOL,ISM_MAWSOOL|ISM_MABNI|HARF,Hypothesis,True,registry-exact-hypothesis:exact:02_mabniyat/relative_pronouns.json#13
21,6,4,مِنْ,من,قَبْلَهُمْ,قَرْيَةٍ,HARF,HARF,HARF,Hypothesis,True,registry-exact-hypothesis:exact:02_mabniyat/preposition_meanings.json#34
21,7,4,إِلَّا,إلا,قَبْلَكَ,رِجَالَاً,HARF,HARF,,Certificate,False,MASAQ:106
21,7,11,إِنْ,إن,الذِّكْرِ,كُنْتُمْ,HARF,HARF,HARF,Certificate,False,registry:exact:02_mabniyat/conditional_letters_tools.json#1
21,11,3,مِنْ,من,قَصَمْنَا,قَرْيَةٍ,HARF,HARF,HARF,Hypothesis,True,registry-exact-hypothesis:exact:02_mabniyat/preposition_meanings.json#34
21,13,5,مَا,ما,إِلَى,أُتْرِفْتُمْ,ISM_MAWSOOL,ISM_MAWSOOL,ISM_MAWSOOL|ISM_MABNI|HARF,Hypothesis,True,registry-exact-hypothesis:exact:02_mabniyat/relative_pronouns.json#13
21,15,5,حَتَّى,حتى,دَعْوَاهُمْ,جَعَلْنَاهُمْ,HARF,HARF,HARF,Certificate,False,registry:exact:02_mabniyat/preposition_meanings.json#48
21,17,3,أَنْ,أن,أَرَدْنَا,نَتَّخِذَ,HARF,HARF,HARF,Certificate,False,registry:plain:02_mabniyat/present_naseb_tools.json#1
21,17,7,مِنْ,من,لَاتَّخَذْنَاهُ,لَدُنَّا,HARF,HARF,HARF,Hypothesis,True,registry-exact-hypothesis:exact:02_mabniyat/preposition_meanings.json#34
21,17,9,إِنْ,إن,لَدُنَّا,كُنَّا,HARF,HARF,HARF,Certificate,False,registry:exact:02_mabniyat/conditional_letters_tools.json#1
21,19,2,مَنْ,من,وَلَهُ,فِي,ISM_MAWSOOL,ISM_MAWSOOL,ISM_MAWSOOL|ISM_MABNI|HARF,Hypothesis,True,registry-exact-hypothesis:exact:02_mabniyat/relative_pronouns.json#3
21,21,4,مِنَ,من,آلِهَةً,الْأَرْضِ,HARF,HARF,HARF,Hypothesis,True,registry-exact-hypothesis:exact:02_mabniyat/preposition_meanings.json#32
21,22,5,إِلَّا,إلا,آلِهَةٌ,اللَّهُ,HARF,HARF,,Certificate,False,MASAQ:106
21,24,3,مِنْ,من,اتَّخَذُوا,دُونِهِ,HARF,HARF,HARF,Hypothesis,True,registry-exact-hypothesis:exact:02_mabniyat/preposition_meanings.json#34
21,24,11,مَنْ,من,ذِكْرُ,مَعِيَ,ISM_MAWSOOL,ISM_MAWSOOL,ISM_MAWSOOL|ISM_MABNI|HARF,Hypothesis,True,registry-exact-hypothesis:exact:02_mabniyat/relative_pronouns.json#3
21,24,14,مَنْ,من,وَذِكْرُ,قَبْلِي,ISM_MAWSOOL,ISM_MAWSOOL,ISM_MAWSOOL|ISM_MABNI|HARF,Hypothesis,True,registry-exact-hypothesis:exact:02_mabniyat/relative_pronouns.json#3
21,25,3,مِنْ,من,أَرْسَلْنَا,قَبْلِكَ,HARF,HARF,HARF,Hypothesis,True,registry-exact-hypothesis:exact:02_mabniyat/preposition_meanings.json#34
21,25,5,مِنْ,من,قَبْلِكَ,رَسُولٍ,HARF,HARF,HARF,Hypothesis,True,registry-exact-hypothesis:exact:02_mabniyat/preposition_meanings.json#34
21,25,7,إِلَّا,إلا,رَسُولٍ,نُوحِي,HARF,HARF,,Certificate,False,MASAQ:106
21,25,13,إِلَّا,إلا,إِلَهَ,أَنَا,HARF,HARF,,Certificate,False,MASAQ:106
21,28,2,مَا,ما,يَعْلَمُ,بَيْنَ,ISM_MAWSOOL,ISM_MAWSOOL,ISM_MAWSOOL|ISM_MABNI|HARF,Hypothesis,True,registry-exact-hypothesis:exact:02_mabniyat/relative_pronouns.json#13
21,28,9,إِلَّا,إلا,يَشْفَعُونَ,لِمَنِ,HARF,HARF,,Certificate,False,MASAQ:106
21,28,13,مِنْ,من,وَهُمْ,خَشْيَتِهِ,HARF,HARF,HARF,Hypothesis,True,registry-exact-hypothesis:exact:02_mabniyat/preposition_meanings.json#34
21,29,6,مِنْ,من,إِلَهٌ,دُونِهِ,HARF,HARF,HARF,Hypothesis,True,registry-exact-hypothesis:exact:02_mabniyat/preposition_meanings.json#34
21,30,5,أَنَّ,أن,كَفَرُوا,السَّمَاوَاتِ,HARF,HARF,HARF,Certificate,False,registry:exact:02_mabniyat/copulative_particle.json#2
21,30,12,مِنَ,من,وَجَعَلْنَا,الْمَاءِ,HARF,HARF,HARF,Hypothesis,True,registry-exact-hypothesis:exact:02_mabniyat/preposition_meanings.json#32
21,31,5,أَنْ,أن,رَوَاسِيَ,تَمِيدَ,HARF,HARF,HARF,Certificate,False,registry:plain:02_mabniyat/present_naseb_tools.json#1
21,34,4,مِنْ,من,لِبَشَرٍ,قَبْلِكَ,HARF,HARF,HARF,Hypothesis,True,registry-exact-hypothesis:exact:02_mabniyat/preposition_meanings.json#34
21,36,5,إِنْ,إن,كَفَرُوا,يَتَّخِذُونَكَ,HARF,HARF,HARF,Certificate,False,registry:exact:02_mabniyat/conditional_letters_tools.json#1
21,36,7,إِلَّا,إلا,يَتَّخِذُونَكَ,هُزُوَاً,HARF,HARF,,Certificate,False,MASAQ:106
21,37,3,مِنْ,من,الْإِنْسَانُ,عَجَلٍ,HARF,HARF,HARF,Hypothesis,True,registry-exact-hypothesis:exact:02_mabniyat/preposition_meanings.json#34
21,38,5,إِنْ,إن,الْوَعْدُ,كُنْتُمْ,HARF,HARF,HARF,Certificate,False,registry:exact:02_mabniyat/conditional_letters_tools.json#1
21,41,4,مِنْ,من,بِرُسُلٍ,قَبْلِكَ,HARF,HARF,HARF,Hypothesis,True,registry-exact-hypothesis:exact:02_mabniyat/preposition_meanings.json#34
21,41,10,مَا,ما,مِنْهُمْ,كَانُوا,ISM_MAWSOOL,ISM_MAWSOOL,ISM_MAWSOOL|ISM_MABNI|HARF,Hypothesis,True,registry-exact-hypothesis:exact:02_mabniyat/relative_pronouns.json#13
21,42,6,مِنَ,من,وَالنَّهَارِ,الرَّحْمَنِ,HARF,HARF,HARF,Hypothesis,True,registry-exact-hypothesis:exact:02_mabniyat/preposition_meanings.json#32
21,43,5,مِنْ,من,تَمْنَعُهُمْ,دُونِنَا,HARF,HARF,HARF,Hypothesis,True,registry-exact-hypothesis:exact:02_mabniyat/preposition_meanings.json#34
21,44,5,حَتَّى,حتى,وَآبَاءَهُمْ,طَالَ,HARF,HARF,HARF,Certificate,False,registry:exact:02_mabniyat/preposition_meanings.json#48
21,44,15,مِنْ,من,نَنْقُصُهَا,أَطْرَافِهَا,HARF,HARF,HARF,Hypothesis,True,registry-exact-hypothesis:exact:02_mabniyat/preposition_meanings.json#34
21,46,4,مِنْ,من,نَفْحَةٌ,عَذَابِ,HARF,HARF,HARF,Hypothesis,True,registry-exact-hypothesis:exact:02_mabniyat/preposition_meanings.json#34
21,47,14,مِنْ,من,حَبَّةٍ,خَرْدَلٍ,HARF,HARF,HARF,Hypothesis,True,registry-exact-hypothesis:exact:02_mabniyat/preposition_meanings.json#34
21,49,6,مِنَ,من,وَهُمْ,السَّاعَةِ,HARF,HARF,HARF,Hypothesis,True,registry-exact-hypothesis:exact:02_mabniyat/preposition_meanings.json#32
21,51,5,مِنْ,من,رُشْدَهُ,قَبْلُ,HARF,HARF,HARF,Hypothesis,True,registry-exact-hypothesis:exact:02_mabniyat/preposition_meanings.json#34
21,55,6,مِنَ,من,أَنْتَ,اللَّاعِبِينَ,HARF,HARF,HARF,Hypothesis,True,registry-exact-hypothesis:exact:02_mabniyat/preposition_meanings.json#32
21,56,12,مِنَ,من,ذَلِكُمْ,الشَّاهِدِينَ,HARF,HARF,HARF,Hypothesis,True,registry-exact-hypothesis:exact:02_mabniyat/preposition_meanings.json#32
21,57,5,أَنْ,أن,بَعْدَ,تُوَلُّوا,HARF,HARF,HARF,Certificate,False,registry:plain:02_mabniyat/present_naseb_tools.json#1
21,58,3,إِلَّا,إلا,جُذَاذَاً,كَبِيرَاً,HARF,HARF,,Certificate,False,MASAQ:106
21,63,7,إِنْ,إن,فَاسْأَلُوهُمْ,كَانُوا,HARF,HARF,HARF,Certificate,False,registry:exact:02_mabniyat/conditional_letters_tools.json#1
21,65,7,مَا,ما,عَلِمْتَ,هَؤُلَاءِ,HARF,ISM_MAWSOOL,ISM_MAWSOOL|ISM_MABNI|HARF,Hypothesis,True,registry-exact-hypothesis:exact:02_mabniyat/relative_pronouns.json#13
21,66,3,مِنْ,من,أَفَتَعْبُدُونَ,دُونِ,HARF,HARF,HARF,Hypothesis,True,registry-exact-hypothesis:exact:02_mabniyat/preposition_meanings.json#34
21,66,4,دُونِ,دون,مِنْ,اللَّهِ,ISM_MUARAB,ISM_MUARAB,,Certificate,False,MASAQ:310
21,66,6,مَا,ما,اللَّهِ,لَا,ISM_MAWSOOL,ISM_MAWSOOL,ISM_MAWSOOL|ISM_MABNI|HARF,Hypothesis,True,registry-exact-hypothesis:exact:02_mabniyat/relative_pronouns.json#13
21,67,5,مِنْ,من,تَعْبُدُونَ,دُونِ,HARF,HARF,HARF,Hypothesis,True,registry-exact-hypothesis:exact:02_mabniyat/preposition_meanings.json#34
21,67,6,دُونِ,دون,مِنْ,اللَّهِ,ISM_MUARAB,ISM_MUARAB,,Certificate,False,MASAQ:310
21,68,5,إِنْ,إن,آلِهَتَكُمْ,كُنْتُمْ,HARF,HARF,HARF,Certificate,False,registry:exact:02_mabniyat/conditional_letters_tools.json#1
21,74,6,مِنَ,من,وَنَجَّيْنَاهُ,الْقَرْيَةِ,HARF,HARF,HARF,Hypothesis,True,registry-exact-hypothesis:exact:02_mabniyat/preposition_meanings.json#32
21,75,5,مِنَ,من,إِنَّهُ,الصَّالِحِينَ,HARF,HARF,HARF,Hypothesis,True,registry-exact-hypothesis:exact:02_mabniyat/preposition_meanings.json#32
21,76,4,مِنْ,من,نَادَى,قَبْلُ,HARF,HARF,HARF,Hypothesis,True,registry-exact-hypothesis:exact:02_mabniyat/preposition_meanings.json#34
21,76,10,مِنَ,من,وَأَهْلَهُ,الْكَرْبِ,HARF,HARF,HARF,Hypothesis,True,registry-exact-hypothesis:exact:02_mabniyat/preposition_meanings.json#32
21,77,2,مِنَ,من,وَنَصَرْنَاهُ,الْقَوْمِ,HARF,HARF,HARF,Hypothesis,True,registry-exact-hypothesis:exact:02_mabniyat/preposition_meanings.json#32
21,80,6,مِنْ,من,لِتُحْصِنَكُمْ,بَأْسِكُمْ,HARF,HARF,HARF,Hypothesis,True,registry-exact-hypothesis:exact:02_mabniyat/preposition_meanings.json#34
21,82,3,مَنْ,من,الشَّيَاطِينِ,يَغُوصُونَ,ISM_MAWSOOL,ISM_MAWSOOL,ISM_MAWSOOL|ISM_MABNI|HARF,Hypothesis,True,registry-exact-hypothesis:exact:02_mabniyat/relative_pronouns.json#3
21,82,8,دُونَ,دون,عَمَلَاً,ذَلِكَ,ISM_MUARAB,ISM_MUARAB,,Certificate,False,MASAQ:10836
21,84,4,مَا,ما,فَكَشَفْنَا,بِهِ,ISM_MAWSOOL,ISM_MAWSOOL,ISM_MAWSOOL|ISM_MABNI|HARF,Hypothesis,True,registry-exact-hypothesis:exact:02_mabniyat/relative_pronouns.json#13
21,84,6,مِنْ,من,بِهِ,ضُرٍّ,HARF,HARF,HARF,Hypothesis,True,registry-exact-hypothesis:exact:02_mabniyat/preposition_meanings.json#34
21,84,13,مِنْ,من,رَحْمَةً,عِنْدِنَا,HARF,HARF,HARF,Hypothesis,True,registry-exact-hypothesis:exact:02_mabniyat/preposition_meanings.json#34
21,85,6,مِنَ,من,كُلٌّ,الصَّابِرِينَ,HARF,HARF,HARF,Hypothesis,True,registry-exact-hypothesis:exact:02_mabniyat/preposition_meanings.json#32
21,86,5,مِنَ,من,إِنَّهُمْ,الصَّالِحِينَ,HARF,HARF,HARF,Hypothesis,True,registry-exact-hypothesis:exact:02_mabniyat/preposition_meanings.json#32
21,87,7,أَنْ,أن,فَظَنَّ,لَنْ,HARF,HARF,HARF,Certificate,False,registry:plain:02_mabniyat/present_naseb_tools.json#1
21,87,14,أَنْ,أن,الظُّلُمَاتِ,لَا,HARF,HARF,HARF,Certificate,False,registry:plain:02_mabniyat/present_naseb_tools.json#1
21,87,17,إِلَّا,إلا,إِلَهَ,أَنْتَ,HARF,HARF,,Certificate,False,MASAQ:106
21,87,22,مِنَ,من,كُنْتُ,الظَّالِمِينَ,HARF,HARF,HARF,Hypothesis,True,registry-exact-hypothesis:exact:02_mabniyat/preposition_meanings.json#32
21,88,4,مِنَ,من,وَنَجَّيْنَاهُ,الْغَمِّ,HARF,HARF,HARF,Hypothesis,True,registry-exact-hypothesis:exact:02_mabniyat/preposition_meanings.json#32
21,91,6,مِنْ,من,فِيهَا,رُوحِنَا,HARF,HARF,HARF,Hypothesis,True,registry-exact-hypothesis:exact:02_mabniyat/preposition_meanings.json#34
21,92,1,إِنَّ,إن,,هَذِهِ,HARF,HARF,HARF,Certificate,False,registry:exact:02_mabniyat/letters_answers.json#4
21,94,3,مِنَ,من,يَعْمَلْ,الصَّالِحَاتِ,HARF,HARF,HARF,Hypothesis,True,registry-exact-hypothesis:exact:02_mabniyat/preposition_meanings.json#32
21,96,1,حَتَّى,حتى,,إِذَا,HARF,HARF,HARF,Certificate,False,registry:exact:02_mabniyat/preposition_meanings.json#48
21,96,7,مِنْ,من,وَهُمْ,كُلِّ,HARF,HARF,HARF,Hypothesis,True,registry-exact-hypothesis:exact:02_mabniyat/preposition_meanings.json#34
21,97,15,مِنْ,من,غَفْلَةٍ,هَذَا,HARF,HARF,HARF,Hypothesis,True,registry-exact-hypothesis:exact:02_mabniyat/preposition_meanings.json#34
21,98,4,مِنْ,من,تَعْبُدُونَ,دُونِ,HARF,HARF,HARF,Hypothesis,True,registry-exact-hypothesis:exact:02_mabniyat/preposition_meanings.json#34
21,98,5,دُونِ,دون,مِنْ,اللَّهِ,ISM_MUARAB,ISM_MUARAB,,Certificate,False,MASAQ:310
21,99,5,مَا,ما,آلِهَةً,وَرَدُوهَا,HARF,ISM_MAWSOOL,ISM_MAWSOOL|ISM_MABNI|HARF,Hypothesis,True,registry-exact-hypothesis:exact:02_mabniyat/relative_pronouns.json#13
21,101,1,إِنَّ,إن,,الَّذِينَ,HARF,HARF,HARF,Certificate,False,registry:exact:02_mabniyat/letters_answers.json#4
21,102,6,مَا,ما,فِي,اشْتَهَتْ,ISM_MAWSOOL,ISM_MAWSOOL,ISM_MAWSOOL|ISM_MABNI|HARF,Hypothesis,True,registry-exact-hypothesis:exact:02_mabniyat/relative_pronouns.json#13
21,105,5,مِنْ,من,الزَّبُورِ,بَعْدِ,HARF,HARF,HARF,Hypothesis,True,registry-exact-hypothesis:exact:02_mabniyat/preposition_meanings.json#34
21,105,8,أَنَّ,أن,الذِّكْرِ,الْأَرْضَ,HARF,HARF,HARF,Certificate,False,registry:exact:02_mabniyat/copulative_particle.json#2
21,106,1,إِنَّ,إن,,فِي,HARF,HARF,HARF,Certificate,False,registry:exact:02_mabniyat/letters_answers.json#4
21,107,3,إِلَّا,إلا,أَرْسَلْنَاكَ,رَحْمَةً,HARF,HARF,,Certificate,False,MASAQ:106
21,109,12,مَا,ما,بَعِيدٌ,تُوعَدُونَ,ISM_MAWSOOL,ISM_MAWSOOL,ISM_MAWSOOL|ISM_MABNI|HARF,Hypothesis,True,registry-exact-hypothesis:exact:02_mabniyat/relative_pronouns.json#13
21,110,4,مِنَ,من,الْجَهْرَ,الْقَوْلِ,HARF,HARF,HARF,Hypothesis,True,registry-exact-hypothesis:exact:02_mabniyat/preposition_meanings.json#32
21,110,7,مَا,ما,وَيَعْلَمُ,تَكْتُمُونَ,ISM_MAWSOOL,ISM_MAWSOOL,ISM_MAWSOOL|ISM_MABNI|HARF,Hypothesis,True,registry-exact-hypothesis:exact:02_mabniyat/relative_pronouns.json#13
21,112,9,مَا,ما,عَلَى,تَصِفُونَ,ISM_MAWSOOL,ISM_MAWSOOL,ISM_MAWSOOL|ISM_MABNI|HARF,Hypothesis,True,registry-exact-hypothesis:exact:02_mabniyat/relative_pronouns.json#13
22,1,5,إِنَّ,إن,رَبَّكُمْ,زَلْزَلَةَ,HARF,HARF,HARF,Certificate,False,registry:exact:02_mabniyat/letters_answers.json#4
22,3,3,مَنْ,من,النَّاسِ,يُجَادِلُ,ISM_MAWSOOL,ISM_MAWSOOL,ISM_MAWSOOL|ISM_MABNI|HARF,Hypothesis,True,registry-exact-hypothesis:exact:02_mabniyat/relative_pronouns.json#3
22,5,3,إِنْ,إن,النَّاسُ,كُنْتُمْ,HARF,HARF,HARF,Certificate,False,registry:exact:02_mabniyat/conditional_letters_tools.json#1
22,5,7,مِنَ,من,رَيْبٍ,الْبَعْثِ,HARF,HARF,HARF,Hypothesis,True,registry-exact-hypothesis:exact:02_mabniyat/preposition_meanings.json#32
22,5,11,مِنْ,من,خَلَقْنَاكُمْ,تُرَابٍ,HARF,HARF,HARF,Hypothesis,True,registry-exact-hypothesis:exact:02_mabniyat/preposition_meanings.json#34
22,5,14,مِنْ,من,ثُمَّ,نُطْفَةٍ,HARF,HARF,HARF,Hypothesis,True,registry-exact-hypothesis:exact:02_mabniyat/preposition_meanings.json#34
22,5,17,مِنْ,من,ثُمَّ,عَلَقَةٍ,HARF,HARF,HARF,Hypothesis,True,registry-exact-hypothesis:exact:02_mabniyat/preposition_meanings.json#34
22,5,20,مِنْ,من,ثُمَّ,مُضْغَةٍ,HARF,HARF,HARF,Hypothesis,True,registry-exact-hypothesis:exact:02_mabniyat/preposition_meanings.json#34
22,5,30,مَا,ما,الْأَرْحَامِ,نَشَاءُ,ISM_MAWSOOL,ISM_MAWSOOL,ISM_MAWSOOL|ISM_MABNI|HARF,Hypothesis,True,registry-exact-hypothesis:exact:02_mabniyat/relative_pronouns.json#13
22,5,42,مَنْ,من,وَمِنْكُمْ,يُتَوَفَّى,ISM_MAWSOOL,ISM_MAWSOOL,ISM_MAWSOOL|ISM_MABNI|HARF,Hypothesis,True,registry-exact-hypothesis:exact:02_mabniyat/relative_pronouns.json#3
22,5,45,مَنْ,من,وَمِنْكُمْ,يُرَدُّ,ISM_MAWSOOL,ISM_MAWSOOL,ISM_MAWSOOL|ISM_MABNI|HARF,Hypothesis,True,registry-exact-hypothesis:exact:02_mabniyat/relative_pronouns.json#3
22,5,52,مِنْ,من,يَعْلَمَ,بَعْدِ,HARF,HARF,HARF,Hypothesis,True,registry-exact-hypothesis:exact:02_mabniyat/preposition_meanings.json#34
22,5,66,مِنْ,من,وَأَنْبَتَتْ,كُلِّ,HARF,HARF,HARF,Hypothesis,True,registry-exact-hypothesis:exact:02_mabniyat/preposition_meanings.json#34
22,7,10,مَنْ,من,يَبْعَثُ,فِي,ISM_MAWSOOL,ISM_MAWSOOL,ISM_MAWSOOL|ISM_MABNI|HARF,Hypothesis,True,registry-exact-hypothesis:exact:02_mabniyat/relative_pronouns.json#3
22,8,3,مَنْ,من,النَّاسِ,يُجَادِلُ,ISM_MAWSOOL,ISM_MAWSOOL,ISM_MAWSOOL|ISM_MABNI|HARF,Hypothesis,True,registry-exact-hypothesis:exact:02_mabniyat/relative_pronouns.json#3
22,10,2,بِمَا,بما,ذَلِكَ,قَدَّمَتْ,ISM_MAWSOOL,ISM_MAWSOOL,ISM_MAWSOOL|ISM_MABNI|HARF,Certificate,True,MASAQ:48
22,11,3,مَنْ,من,النَّاسِ,يَعْبُدُ,ISM_MAWSOOL,ISM_MAWSOOL,ISM_MAWSOOL|ISM_MABNI|HARF,Hypothesis,True,registry-exact-hypothesis:exact:02_mabniyat/relative_pronouns.json#3
22,12,2,مِنْ,من,يَدْعُو,دُونِ,HARF,HARF,HARF,Hypothesis,True,registry-exact-hypothesis:exact:02_mabniyat/preposition_meanings.json#34
22,12,3,دُونِ,دون,مِنْ,اللَّهِ,ISM_MUARAB,ISM_MUARAB,,Certificate,False,MASAQ:310
22,12,5,مَا,ما,اللَّهِ,لَا,ISM_MAWSOOL,ISM_MAWSOOL,ISM_MAWSOOL|ISM_MABNI|HARF,Hypothesis,True,registry-exact-hypothesis:exact:02_mabniyat/relative_pronouns.json#13
22,13,5,مِنْ,من,أَقْرَبُ,نَفْعِهِ,HARF,HARF,HARF,Hypothesis,True,registry-exact-hypothesis:exact:02_mabniyat/preposition_meanings.json#34
22,14,1,إِنَّ,إن,,اللَّهَ,HARF,HARF,HARF,Certificate,False,registry:exact:02_mabniyat/letters_answers.json#4
22,14,10,مِنْ,من,تَجْرِي,تَحْتِهَا,HARF,HARF,HARF,Hypothesis,True,registry-exact-hypothesis:exact:02_mabniyat/preposition_meanings.json#34
22,14,13,إِنَّ,إن,الْأَنْهَارُ,اللَّهَ,HARF,HARF,HARF,Certificate,False,registry:exact:02_mabniyat/letters_answers.json#4
22,14,16,مَا,ما,يَفْعَلُ,يُرِيدُ,ISM_MAWSOOL,ISM_MAWSOOL,ISM_MAWSOOL|ISM_MABNI|HARF,Hypothesis,True,registry-exact-hypothesis:exact:02_mabniyat/relative_pronouns.json#13
22,15,1,مَنْ,من,,كَانَ,HARF,ISM_MAWSOOL,ISM_MAWSOOL|ISM_MABNI|HARF,Hypothesis,True,registry-exact-hypothesis:exact:02_mabniyat/relative_pronouns.json#3
22,15,4,أَنْ,أن,يَظُنُّ,لَنْ,HARF,HARF,HARF,Certificate,False,registry:plain:02_mabniyat/present_naseb_tools.json#1
22,15,21,مَا,ما,كَيْدُهُ,يَغِيظُ,ISM_MAWSOOL,ISM_MAWSOOL,ISM_MAWSOOL|ISM_MABNI|HARF,Hypothesis,True,registry-exact-hypothesis:exact:02_mabniyat/relative_pronouns.json#13
22,16,8,مَنْ,من,يَهْدِي,يُرِيدُ,ISM_MAWSOOL,ISM_MAWSOOL,ISM_MAWSOOL|ISM_MABNI|HARF,Hypothesis,True,registry-exact-hypothesis:exact:02_mabniyat/relative_pronouns.json#3
22,17,1,إِنَّ,إن,,الَّذِينَ,HARF,HARF,HARF,Certificate,False,registry:exact:02_mabniyat/letters_answers.json#4
22,17,11,إِنَّ,إن,أَشْرَكُوا,اللَّهَ,HARF,HARF,HARF,Certificate,False,registry:exact:02_mabniyat/letters_answers.json#4
22,17,17,إِنَّ,إن,الْقِيَامَةِ,اللَّهَ,HARF,HARF,HARF,Certificate,False,registry:exact:02_mabniyat/letters_answers.json#4
22,18,3,أَنَّ,أن,تَرَ,اللَّهَ,HARF,HARF,HARF,Certificate,False,registry:exact:02_mabniyat/copulative_particle.json#2
22,18,7,مَنْ,من,لَهُ,فِي,ISM_MAWSOOL,ISM_MAWSOOL,ISM_MAWSOOL|ISM_MABNI|HARF,Hypothesis,True,registry-exact-hypothesis:exact:02_mabniyat/relative_pronouns.json#3
22,18,20,مِنَ,من,وَكَثِيرٌ,النَّاسِ,HARF,HARF,HARF,Hypothesis,True,registry-exact-hypothesis:exact:02_mabniyat/preposition_meanings.json#32
22,18,31,مِنْ,من,لَهُ,مُكْرِمٍ,HARF,HARF,HARF,Hypothesis,True,registry-exact-hypothesis:exact:02_mabniyat/preposition_meanings.json#34
22,18,33,إِنَّ,إن,مُكْرِمٍ,اللَّهَ,HARF,HARF,HARF,Certificate,False,registry:exact:02_mabniyat/letters_answers.json#4
22,18,36,مَا,ما,يَفْعَلُ,يَشَاءُ,ISM_MAWSOOL,ISM_MAWSOOL,ISM_MAWSOOL|ISM_MABNI|HARF,Hypothesis,True,registry-exact-hypothesis:exact:02_mabniyat/relative_pronouns.json#13
22,19,11,مِنْ,من,ثِيَابٌ,نَارٍ,HARF,HARF,HARF,Hypothesis,True,registry-exact-hypothesis:exact:02_mabniyat/preposition_meanings.json#34
22,19,14,مِنْ,من,يُصَبُّ,فَوْقِ,HARF,HARF,HARF,Hypothesis,True,registry-exact-hypothesis:exact:02_mabniyat/preposition_meanings.json#34
22,20,3,مَا,ما,بِهِ,فِي,ISM_MAWSOOL,ISM_MAWSOOL,ISM_MAWSOOL|ISM_MABNI|HARF,Hypothesis,True,registry-exact-hypothesis:exact:02_mabniyat/relative_pronouns.json#13
22,21,3,مِنْ,من,مَقَامِعُ,حَدِيدٍ,HARF,HARF,HARF,Hypothesis,True,registry-exact-hypothesis:exact:02_mabniyat/preposition_meanings.json#34
22,22,3,أَنْ,أن,أَرَادُوا,يَخْرُجُوا,HARF,HARF,HARF,Certificate,False,registry:plain:02_mabniyat/present_naseb_tools.json#1
22,22,6,مِنْ,من,مِنْهَا,غَمٍّ,HARF,HARF,HARF,Hypothesis,True,registry-exact-hypothesis:exact:02_mabniyat/preposition_meanings.json#34
22,23,1,إِنَّ,إن,,اللَّهَ,HARF,HARF,HARF,Certificate,False,registry:exact:02_mabniyat/letters_answers.json#4
22,23,10,مِنْ,من,تَجْرِي,تَحْتِهَا,HARF,HARF,HARF,Hypothesis,True,registry-exact-hypothesis:exact:02_mabniyat/preposition_meanings.json#34
22,23,15,مِنْ,من,فِيهَا,أَسَاوِرَ,HARF,HARF,HARF,Hypothesis,True,registry-exact-hypothesis:exact:02_mabniyat/preposition_meanings.json#34
22,23,17,مِنْ,من,أَسَاوِرَ,ذَهَبٍ,HARF,HARF,HARF,Hypothesis,True,registry-exact-hypothesis:exact:02_mabniyat/preposition_meanings.json#34
22,24,4,مِنَ,من,الطَّيِّبِ,الْقَوْلِ,HARF,HARF,HARF,Hypothesis,True,registry-exact-hypothesis:exact:02_mabniyat/preposition_meanings.json#32
22,25,1,إِنَّ,إن,,الَّذِينَ,HARF,HARF,HARF,Certificate,False,registry:exact:02_mabniyat/letters_answers.json#4
22,25,23,مِنْ,من,نُذِقْهُ,عَذَابٍ,HARF,HARF,HARF,Hypothesis,True,registry-exact-hypothesis:exact:02_mabniyat/preposition_meanings.json#34
22,26,6,أَنْ,أن,الْبَيْتِ,لَا,HARF,HARF,HARF,Certificate,False,registry:plain:02_mabniyat/present_naseb_tools.json#1
22,27,11,مِنْ,من,يَأْتِينَ,كُلِّ,HARF,HARF,HARF,Hypothesis,True,registry-exact-hypothesis:exact:02_mabniyat/preposition_meanings.json#34
22,28,11,مَا,ما,عَلَى,رَزَقَهُمْ,ISM_MAWSOOL,ISM_MAWSOOL,ISM_MAWSOOL|ISM_MABNI|HARF,Hypothesis,True,registry-exact-hypothesis:exact:02_mabniyat/relative_pronouns.json#13
22,28,13,مِنْ,من,رَزَقَهُمْ,بَهِيمَةِ,HARF,HARF,HARF,Hypothesis,True,registry-exact-hypothesis:exact:02_mabniyat/preposition_meanings.json#34
22,30,14,إِلَّا,إلا,الْأَنْعَامُ,مَا,HARF,HARF,,Certificate,False,MASAQ:106
22,30,15,مَا,ما,إِلَّا,يُتْلَى,ISM_MAWSOOL,ISM_MAWSOOL,ISM_MAWSOOL|ISM_MABNI|HARF,Hypothesis,True,registry-exact-hypothesis:exact:02_mabniyat/relative_pronouns.json#13
22,30,20,مِنَ,من,الرِّجْسَ,الْأَوْثَانِ,HARF,HARF,HARF,Hypothesis,True,registry-exact-hypothesis:exact:02_mabniyat/preposition_meanings.json#32
22,31,3,غَيْرَ,غير,لِلَّهِ,مُشْرِكِينَ,ISM_MUARAB,ISM_MUARAB,,Certificate,False,MASAQ:870
22,31,11,مِنَ,من,خَرَّ,السَّمَاءِ,HARF,HARF,HARF,Hypothesis,True,registry-exact-hypothesis:exact:02_mabniyat/preposition_meanings.json#32
22,32,7,مِنْ,من,فَإِنَّهَا,تَقْوَى,HARF,HARF,HARF,Hypothesis,True,registry-exact-hypothesis:exact:02_mabniyat/preposition_meanings.json#34
22,34,9,مَا,ما,عَلَى,رَزَقَهُمْ,ISM_MAWSOOL,ISM_MAWSOOL,ISM_MAWSOOL|ISM_MABNI|HARF,Hypothesis,True,registry-exact-hypothesis:exact:02_mabniyat/relative_pronouns.json#13
22,34,11,مِنْ,من,رَزَقَهُمْ,بَهِيمَةِ,HARF,HARF,HARF,Hypothesis,True,registry-exact-hypothesis:exact:02_mabniyat/preposition_meanings.json#34
22,35,9,مَا,ما,عَلَى,أَصَابَهُمْ,ISM_MAWSOOL,ISM_MAWSOOL,ISM_MAWSOOL|ISM_MABNI|HARF,Hypothesis,True,registry-exact-hypothesis:exact:02_mabniyat/relative_pronouns.json#13
22,36,4,مِنْ,من,لَكُمْ,شَعَائِرِ,HARF,HARF,HARF,Hypothesis,True,registry-exact-hypothesis:exact:02_mabniyat/preposition_meanings.json#34
22,37,17,مَا,ما,عَلَى,هَدَاكُمْ,ISM_MAWSOOL,ISM_MAWSOOL,ISM_MAWSOOL|ISM_MABNI|HARF,Hypothesis,True,registry-exact-hypothesis:exact:02_mabniyat/relative_pronouns.json#13
22,38,1,إِنَّ,إن,,اللَّهَ,HARF,HARF,HARF,Certificate,False,registry:exact:02_mabniyat/letters_answers.json#4
22,38,7,إِنَّ,إن,آمَنُوا,اللَّهَ,HARF,HARF,HARF,Certificate,False,registry:exact:02_mabniyat/letters_answers.json#4
22,40,3,مِنْ,من,أُخْرِجُوا,دِيَارِهِمْ,HARF,HARF,HARF,Hypothesis,True,registry-exact-hypothesis:exact:02_mabniyat/preposition_meanings.json#34
22,40,7,إِلَّا,إلا,حَقٍّ,أَنْ,HARF,HARF,,Certificate,False,MASAQ:106
22,40,8,أَنْ,أن,إِلَّا,يَقُولُوا,HARF,HARF,HARF,Certificate,False,registry:plain:02_mabniyat/present_naseb_tools.json#1
22,40,30,مَنْ,من,اللَّهُ,يَنْصُرُهُ,ISM_MAWSOOL,ISM_MAWSOOL,ISM_MAWSOOL|ISM_MABNI|HARF,Hypothesis,True,registry-exact-hypothesis:exact:02_mabniyat/relative_pronouns.json#3
22,40,32,إِنَّ,إن,يَنْصُرُهُ,اللَّهَ,HARF,HARF,HARF,Certificate,False,registry:exact:02_mabniyat/letters_answers.json#4
22,41,2,إِنْ,إن,الَّذِينَ,مَكَّنَّاهُمْ,HARF,HARF,HARF,Certificate,False,registry:exact:02_mabniyat/conditional_letters_tools.json#1
22,45,2,مِنْ,من,فَكَأَيِّنْ,قَرْيَةٍ,HARF,HARF,HARF,Hypothesis,True,registry-exact-hypothesis:exact:02_mabniyat/preposition_meanings.json#34
22,48,2,مِنْ,من,وَكَأَيِّنْ,قَرْيَةٍ,HARF,HARF,HARF,Hypothesis,True,registry-exact-hypothesis:exact:02_mabniyat/preposition_meanings.json#34
22,52,3,مِنْ,من,أَرْسَلْنَا,قَبْلِكَ,HARF,HARF,HARF,Hypothesis,True,registry-exact-hypothesis:exact:02_mabniyat/preposition_meanings.json#34
22,52,5,مِنْ,من,قَبْلِكَ,رَسُولٍ,HARF,HARF,HARF,Hypothesis,True,registry-exact-hypothesis:exact:02_mabniyat/preposition_meanings.json#34
22,52,9,إِلَّا,إلا,نَبِيٍّ,إِذَا,HARF,HARF,,Certificate,False,MASAQ:106
22,52,18,مَا,ما,اللَّهُ,يُلْقِي,ISM_MAWSOOL,ISM_MAWSOOL,ISM_MAWSOOL|ISM_MABNI|HARF,Hypothesis,True,registry-exact-hypothesis:exact:02_mabniyat/relative_pronouns.json#13
22,53,2,مَا,ما,لِيَجْعَلَ,يُلْقِي,ISM_MAWSOOL,ISM_MAWSOOL,ISM_MAWSOOL|ISM_MABNI|HARF,Hypothesis,True,registry-exact-hypothesis:exact:02_mabniyat/relative_pronouns.json#13
22,54,7,مِنْ,من,الْحَقُّ,رَبِّكَ,HARF,HARF,HARF,Hypothesis,True,registry-exact-hypothesis:exact:02_mabniyat/preposition_meanings.json#34
22,55,8,حَتَّى,حتى,مِنْهُ,تَأْتِيَهُمُ,HARF,HARF,HARF,Certificate,False,registry:exact:02_mabniyat/preposition_meanings.json#48
22,60,5,مَا,ما,بِمِثْلِ,عُوقِبَ,ISM_MAWSOOL,ISM_MAWSOOL,ISM_MAWSOOL|ISM_MABNI|HARF,Hypothesis,True,registry-exact-hypothesis:exact:02_mabniyat/relative_pronouns.json#13
22,60,13,إِنَّ,إن,اللَّهُ,اللَّهَ,HARF,HARF,HARF,Certificate,False,registry:exact:02_mabniyat/letters_answers.json#4
22,62,7,مَا,ما,وَأَنَّ,يَدْعُونَ,ISM_MAWSOOL,ISM_MAWSOOL,ISM_MAWSOOL|ISM_MABNI|HARF,Hypothesis,True,registry-exact-hypothesis:exact:02_mabniyat/relative_pronouns.json#13
22,62,9,مِنْ,من,يَدْعُونَ,دُونِهِ,HARF,HARF,HARF,Hypothesis,True,registry-exact-hypothesis:exact:02_mabniyat/preposition_meanings.json#34
22,63,3,أَنَّ,أن,تَرَ,اللَّهَ,HARF,HARF,HARF,Certificate,False,registry:exact:02_mabniyat/copulative_particle.json#2
22,63,6,مِنَ,من,أَنْزَلَ,السَّمَاءِ,HARF,HARF,HARF,Hypothesis,True,registry-exact-hypothesis:exact:02_mabniyat/preposition_meanings.json#32
22,63,12,إِنَّ,إن,مُخْضَرَّةً,اللَّهَ,HARF,HARF,HARF,Certificate,False,registry:exact:02_mabniyat/letters_answers.json#4
22,64,2,مَا,ما,لَهُ,فِي,ISM_MAWSOOL,ISM_MAWSOOL,ISM_MAWSOOL|ISM_MABNI|HARF,Hypothesis,True,registry-exact-hypothesis:exact:02_mabniyat/relative_pronouns.json#13
22,65,3,أَنَّ,أن,تَرَ,اللَّهَ,HARF,HARF,HARF,Certificate,False,registry:exact:02_mabniyat/copulative_particle.json#2
22,65,7,مَا,ما,لَكُمْ,فِي,ISM_MAWSOOL,ISM_MAWSOOL,ISM_MAWSOOL|ISM_MABNI|HARF,Hypothesis,True,registry-exact-hypothesis:exact:02_mabniyat/relative_pronouns.json#13
22,65,17,أَنْ,أن,السَّمَاءَ,تَقَعَ,HARF,HARF,HARF,Certificate,False,registry:plain:02_mabniyat/present_naseb_tools.json#1
22,65,21,إِلَّا,إلا,الْأَرْضِ,بِإِذْنِهِ,HARF,HARF,,Certificate,False,MASAQ:106
22,65,23,إِنَّ,إن,بِإِذْنِهِ,اللَّهَ,HARF,HARF,HARF,Certificate,False,registry:exact:02_mabniyat/letters_answers.json#4
22,66,8,إِنَّ,إن,يُحْيِيكُمْ,الْإِنْسَانَ,HARF,HARF,HARF,Certificate,False,registry:exact:02_mabniyat/letters_answers.json#4
22,68,6,بِمَا,بما,أَعْلَمُ,تَعْمَلُونَ,ISM_MAWSOOL,ISM_MAWSOOL,ISM_MAWSOOL|ISM_MABNI|HARF,Certificate,True,MASAQ:48
22,70,3,أَنَّ,أن,تَعْلَمْ,اللَّهَ,HARF,HARF,HARF,Certificate,False,registry:exact:02_mabniyat/copulative_particle.json#2
22,70,6,مَا,ما,يَعْلَمُ,فِي,ISM_MAWSOOL,ISM_MAWSOOL,ISM_MAWSOOL|ISM_MABNI|HARF,Hypothesis,True,registry-exact-hypothesis:exact:02_mabniyat/relative_pronouns.json#13
22,70,10,إِنَّ,إن,وَالْأَرْضِ,ذَلِكَ,HARF,HARF,HARF,Certificate,False,registry:exact:02_mabniyat/letters_answers.json#4
22,70,14,إِنَّ,إن,كِتَابٍ,ذَلِكَ,HARF,HARF,HARF,Certificate,False,registry:exact:02_mabniyat/letters_answers.json#4
22,71,2,مِنْ,من,وَيَعْبُدُونَ,دُونِ,HARF,HARF,HARF,Hypothesis,True,registry-exact-hypothesis:exact:02_mabniyat/preposition_meanings.json#34
22,71,3,دُونِ,دون,مِنْ,اللَّهِ,ISM_MUARAB,ISM_MUARAB,,Certificate,False,MASAQ:310
22,71,5,مَا,ما,اللَّهِ,لَمْ,ISM_MAWSOOL,ISM_MAWSOOL,ISM_MAWSOOL|ISM_MABNI|HARF,Hypothesis,True,registry-exact-hypothesis:exact:02_mabniyat/relative_pronouns.json#13
22,71,17,مِنْ,من,لِلظَّالِمِينَ,نَصِيرٍ,HARF,HARF,HARF,Hypothesis,True,registry-exact-hypothesis:exact:02_mabniyat/preposition_meanings.json#34
22,72,21,مِنْ,من,بِشَرٍّ,ذَلِكُمُ,HARF,HARF,HARF,Hypothesis,True,registry-exact-hypothesis:exact:02_mabniyat/preposition_meanings.json#34
22,73,7,إِنَّ,إن,لَهُ,الَّذِينَ,HARF,HARF,HARF,Certificate,False,registry:exact:02_mabniyat/letters_answers.json#4
22,73,10,مِنْ,من,تَدْعُونَ,دُونِ,HARF,HARF,HARF,Hypothesis,True,registry-exact-hypothesis:exact:02_mabniyat/preposition_meanings.json#34
22,73,11,دُونِ,دون,مِنْ,اللَّهِ,ISM_MUARAB,ISM_MUARAB,,Certificate,False,MASAQ:310
22,74,1,مَا,ما,,قَدَرُوا,HARF,ISM_MAWSOOL,ISM_MAWSOOL|ISM_MABNI|HARF,Hypothesis,True,registry-exact-hypothesis:exact:02_mabniyat/relative_pronouns.json#13
22,74,6,إِنَّ,إن,قَدْرِهِ,اللَّهَ,HARF,HARF,HARF,Certificate,False,registry:exact:02_mabniyat/letters_answers.json#4
22,75,3,مِنَ,من,يَصْطَفِي,الْمَلَائِكَةِ,HARF,HARF,HARF,Hypothesis,True,registry-exact-hypothesis:exact:02_mabniyat/preposition_meanings.json#32
22,75,8,إِنَّ,إن,النَّاسِ,اللَّهَ,HARF,HARF,HARF,Certificate,False,registry:exact:02_mabniyat/letters_answers.json#4
22,76,2,مَا,ما,يَعْلَمُ,بَيْنَ,ISM_MAWSOOL,ISM_MAWSOOL,ISM_MAWSOOL|ISM_MABNI|HARF,Hypothesis,True,registry-exact-hypothesis:exact:02_mabniyat/relative_pronouns.json#13
22,78,13,مِنْ,من,الدِّينِ,حَرَجٍ,HARF,HARF,HARF,Hypothesis,True,registry-exact-hypothesis:exact:02_mabniyat/preposition_meanings.json#34
22,78,21,مِنْ,من,الْمُسْلِمِينَ,قَبْلُ,HARF,HARF,HARF,Hypothesis,True,registry-exact-hypothesis:exact:02_mabniyat/preposition_meanings.json#34
23,6,1,إِلَّا,إلا,,عَلَى,HARF,HARF,,Certificate,False,MASAQ:106
23,6,5,مَا,ما,أَوْ,مَلَكَتْ,ISM_MAWSOOL,ISM_MAWSOOL,ISM_MAWSOOL|ISM_MABNI|HARF,Hypothesis,True,registry-exact-hypothesis:exact:02_mabniyat/relative_pronouns.json#13
23,6,9,غَيْرُ,غير,فَإِنَّهُمْ,مَلُومِينَ,ISM_MUARAB,ISM_MUARAB,,Certificate,False,MASAQ:11830
23,12,4,مِنْ,من,الْإِنْسَانَ,سُلَالَةٍ,HARF,HARF,HARF,Hypothesis,True,registry-exact-hypothesis:exact:02_mabniyat/preposition_meanings.json#34
23,12,6,مِنْ,من,سُلَالَةٍ,طِينٍ,HARF,HARF,HARF,Hypothesis,True,registry-exact-hypothesis:exact:02_mabniyat/preposition_meanings.json#34
23,18,2,مِنَ,من,وَأَنْزَلْنَا,السَّمَاءِ,HARF,HARF,HARF,Hypothesis,True,registry-exact-hypothesis:exact:02_mabniyat/preposition_meanings.json#32
23,19,5,مِنْ,من,جَنَّاتٍ,نَخِيلٍ,HARF,HARF,HARF,Hypothesis,True,registry-exact-hypothesis:exact:02_mabniyat/preposition_meanings.json#34
23,20,3,مِنْ,من,تَخْرُجُ,طُورِ,HARF,HARF,HARF,Hypothesis,True,registry-exact-hypothesis:exact:02_mabniyat/preposition_meanings.json#34
23,23,10,مَا,ما,اللَّهَ,لَكُمْ,HARF,ISM_MAWSOOL,ISM_MAWSOOL|ISM_MABNI|HARF,Hypothesis,True,registry-exact-hypothesis:exact:02_mabniyat/relative_pronouns.json#13
23,23,12,مِنْ,من,لَكُمْ,إِلَهٍ,HARF,HARF,HARF,Hypothesis,True,registry-exact-hypothesis:exact:02_mabniyat/preposition_meanings.json#34
23,24,5,مِنْ,من,كَفَرُوا,قَوْمِهِ,HARF,HARF,HARF,Hypothesis,True,registry-exact-hypothesis:exact:02_mabniyat/preposition_meanings.json#34
23,24,7,مَا,ما,قَوْمِهِ,هَذَا,HARF,ISM_MAWSOOL,ISM_MAWSOOL|ISM_MABNI|HARF,Hypothesis,True,registry-exact-hypothesis:exact:02_mabniyat/relative_pronouns.json#13
23,24,9,إِلَّا,إلا,هَذَا,بَشَرٌ,HARF,HARF,,Certificate,False,MASAQ:106
23,24,13,أَنْ,أن,يُرِيدُ,يَتَفَضَّلَ,HARF,HARF,HARF,Certificate,False,registry:plain:02_mabniyat/present_naseb_tools.json#1
23,24,21,مَا,ما,مَلَائِكَةً,سَمِعْنَا,ISM_MAWSOOL,ISM_MAWSOOL,ISM_MAWSOOL|ISM_MABNI|HARF,Hypothesis,True,registry-exact-hypothesis:exact:02_mabniyat/relative_pronouns.json#13
23,25,1,إِنْ,إن,,هُوَ,HARF,HARF,HARF,Certificate,False,registry:exact:02_mabniyat/conditional_letters_tools.json#1
23,25,3,إِلَّا,إلا,هُوَ,رَجُلٌ,HARF,HARF,,Certificate,False,MASAQ:106
23,25,9,حَتَّى,حتى,بِهِ,حِينٍ,HARF,HARF,HARF,Certificate,False,registry:exact:02_mabniyat/preposition_meanings.json#48
23,26,4,بِمَا,بما,انْصُرْنِي,كَذَّبُونِ,ISM_MAWSOOL,ISM_MAWSOOL,ISM_MAWSOOL|ISM_MABNI|HARF,Certificate,True,MASAQ:48
23,27,3,أَنِ,أن,إِلَيْهِ,اصْنَعِ,HARF,HARF,HARF,Certificate,False,registry:plain:02_mabniyat/present_naseb_tools.json#1
23,27,15,مِنْ,من,فِيهَا,كُلٍّ,HARF,HARF,HARF,Hypothesis,True,registry-exact-hypothesis:exact:02_mabniyat/preposition_meanings.json#34
23,27,20,إِلَّا,إلا,وَأَهْلَكَ,مَنْ,HARF,HARF,,Certificate,False,MASAQ:106
23,27,21,مَنْ,من,إِلَّا,سَبَقَ,ISM_MAWSOOL,ISM_MAWSOOL,ISM_MAWSOOL|ISM_MABNI|HARF,Hypothesis,True,registry-exact-hypothesis:exact:02_mabniyat/relative_pronouns.json#3
23,28,13,مِنَ,من,نَجَّانَا,الْقَوْمِ,HARF,HARF,HARF,Hypothesis,True,registry-exact-hypothesis:exact:02_mabniyat/preposition_meanings.json#32
23,30,1,إِنَّ,إن,,فِي,HARF,HARF,HARF,Certificate,False,registry:exact:02_mabniyat/letters_answers.json#4
23,31,3,مِنْ,من,أَنْشَأْنَا,بَعْدِهِمْ,HARF,HARF,HARF,Hypothesis,True,registry-exact-hypothesis:exact:02_mabniyat/preposition_meanings.json#34
23,32,5,أَنِ,أن,مِنْهُمْ,اعْبُدُوا,HARF,HARF,HARF,Certificate,False,registry:plain:02_mabniyat/present_naseb_tools.json#1
23,32,8,مَا,ما,اللَّهَ,لَكُمْ,HARF,ISM_MAWSOOL,ISM_MAWSOOL|ISM_MABNI|HARF,Hypothesis,True,registry-exact-hypothesis:exact:02_mabniyat/relative_pronouns.json#13
23,32,10,مِنْ,من,لَكُمْ,إِلَهٍ,HARF,HARF,HARF,Hypothesis,True,registry-exact-hypothesis:exact:02_mabniyat/preposition_meanings.json#34
23,33,3,مِنْ,من,الْمَلَأُ,قَوْمِهِ,HARF,HARF,HARF,Hypothesis,True,registry-exact-hypothesis:exact:02_mabniyat/preposition_meanings.json#34
23,33,14,مَا,ما,الدُّنْيَا,هَذَا,HARF,ISM_MAWSOOL,ISM_MAWSOOL|ISM_MABNI|HARF,Hypothesis,True,registry-exact-hypothesis:exact:02_mabniyat/relative_pronouns.json#13
23,33,16,إِلَّا,إلا,هَذَا,بَشَرٌ,HARF,HARF,,Certificate,False,MASAQ:106
23,37,1,إِنْ,إن,,هِيَ,HARF,HARF,HARF,Certificate,False,registry:exact:02_mabniyat/conditional_letters_tools.json#1
23,37,3,إِلَّا,إلا,هِيَ,حَيَاتُنَا,HARF,HARF,,Certificate,False,MASAQ:106
23,38,1,إِنْ,إن,,هُوَ,HARF,HARF,HARF,Certificate,False,registry:exact:02_mabniyat/conditional_letters_tools.json#1
23,38,3,إِلَّا,إلا,هُوَ,رَجُلٌ,HARF,HARF,,Certificate,False,MASAQ:106
23,39,4,بِمَا,بما,انْصُرْنِي,كَذَّبُونِ,ISM_MAWSOOL,ISM_MAWSOOL,ISM_MAWSOOL|ISM_MABNI|HARF,Certificate,True,MASAQ:48
23,42,3,مِنْ,من,أَنْشَأْنَا,بَعْدِهِمْ,HARF,HARF,HARF,Hypothesis,True,registry-exact-hypothesis:exact:02_mabniyat/preposition_meanings.json#34
23,43,1,مَا,ما,,تَسْبِقُ,HARF,ISM_MAWSOOL,ISM_MAWSOOL|ISM_MABNI|HARF,Hypothesis,True,registry-exact-hypothesis:exact:02_mabniyat/relative_pronouns.json#13
23,43,3,مِنْ,من,تَسْبِقُ,أُمَّةٍ,HARF,HARF,HARF,Hypothesis,True,registry-exact-hypothesis:exact:02_mabniyat/preposition_meanings.json#34
23,48,3,مِنَ,من,فَكَانُوا,الْمُهْلَكِينَ,HARF,HARF,HARF,Hypothesis,True,registry-exact-hypothesis:exact:02_mabniyat/preposition_meanings.json#32
23,51,4,مِنَ,من,كُلُوا,الطَّيِّبَاتِ,HARF,HARF,HARF,Hypothesis,True,registry-exact-hypothesis:exact:02_mabniyat/preposition_meanings.json#32
23,51,9,بِمَا,بما,إِنِّي,تَعْمَلُونَ,ISM_MAWSOOL,ISM_MAWSOOL,ISM_MAWSOOL|ISM_MABNI|HARF,Certificate,True,MASAQ:48
23,53,7,بِمَا,بما,حِزْبٍ,لَدَيْهِمْ,ISM_MAWSOOL,ISM_MAWSOOL,ISM_MAWSOOL|ISM_MABNI|HARF,Certificate,True,MASAQ:48
23,54,4,حَتَّى,حتى,غَمْرَتِهِمْ,حِينٍ,HARF,HARF,HARF,Certificate,False,registry:exact:02_mabniyat/preposition_meanings.json#48
23,55,5,مِنْ,من,بِهِ,مَالٍ,HARF,HARF,HARF,Hypothesis,True,registry-exact-hypothesis:exact:02_mabniyat/preposition_meanings.json#34
23,57,1,إِنَّ,إن,,الَّذِينَ,HARF,HARF,HARF,Certificate,False,registry:exact:02_mabniyat/letters_answers.json#4
23,57,4,مِنْ,من,هُمْ,خَشْيَةِ,HARF,HARF,HARF,Hypothesis,True,registry-exact-hypothesis:exact:02_mabniyat/preposition_meanings.json#34
23,60,3,مَا,ما,يُؤْتُونَ,آتَوْا,ISM_MAWSOOL,ISM_MAWSOOL,ISM_MAWSOOL|ISM_MABNI|HARF,Hypothesis,True,registry-exact-hypothesis:exact:02_mabniyat/relative_pronouns.json#13
23,62,4,إِلَّا,إلا,نَفْسَاً,وُسْعَهَا,HARF,HARF,,Certificate,False,MASAQ:106
23,63,5,مِنْ,من,غَمْرَةٍ,هَذَا,HARF,HARF,HARF,Hypothesis,True,registry-exact-hypothesis:exact:02_mabniyat/preposition_meanings.json#34
23,63,9,مِنْ,من,أَعْمَالٌ,دُونِ,HARF,HARF,HARF,Hypothesis,True,registry-exact-hypothesis:exact:02_mabniyat/preposition_meanings.json#34
23,63,10,دُونِ,دون,مِنْ,ذَلِكَ,ISM_MUARAB,ISM_MUARAB,,Certificate,False,MASAQ:310
23,64,1,حَتَّى,حتى,,إِذَا,HARF,HARF,HARF,Certificate,False,registry:exact:02_mabniyat/preposition_meanings.json#48
23,68,6,مَا,ما,جَاءَهُمْ,لَمْ,ISM_MAWSOOL,ISM_MAWSOOL,ISM_MAWSOOL|ISM_MABNI|HARF,Hypothesis,True,registry-exact-hypothesis:exact:02_mabniyat/relative_pronouns.json#13
23,75,4,مَا,ما,وَكَشَفْنَا,بِهِمْ,ISM_MAWSOOL,ISM_MAWSOOL,ISM_MAWSOOL|ISM_MABNI|HARF,Hypothesis,True,registry-exact-hypothesis:exact:02_mabniyat/relative_pronouns.json#13
23,75,6,مِنْ,من,بِهِمْ,ضُرٍّ,HARF,HARF,HARF,Hypothesis,True,registry-exact-hypothesis:exact:02_mabniyat/preposition_meanings.json#34
23,77,1,حَتَّى,حتى,,إِذَا,HARF,HARF,HARF,Certificate,False,registry:exact:02_mabniyat/preposition_meanings.json#48
23,78,9,مَا,ما,قَلِيلَاً,تَشْكُرُونَ,HARF,ISM_MAWSOOL,ISM_MAWSOOL|ISM_MABNI|HARF,Hypothesis,True,registry-exact-hypothesis:exact:02_mabniyat/relative_pronouns.json#13
23,81,4,مَا,ما,مِثْلَ,قَالَ,ISM_MAWSOOL,ISM_MAWSOOL,ISM_MAWSOOL|ISM_MABNI|HARF,Hypothesis,True,registry-exact-hypothesis:exact:02_mabniyat/relative_pronouns.json#13
23,83,6,مِنْ,من,هَذَا,قَبْلُ,HARF,HARF,HARF,Hypothesis,True,registry-exact-hypothesis:exact:02_mabniyat/preposition_meanings.json#34
23,83,8,إِنْ,إن,قَبْلُ,هَذَا,HARF,HARF,HARF,Certificate,False,registry:exact:02_mabniyat/conditional_letters_tools.json#1
23,83,10,إِلَّا,إلا,هَذَا,أَسَاطِيرُ,HARF,HARF,,Certificate,False,MASAQ:106
23,84,6,إِنْ,إن,فِيهَا,كُنْتُمْ,HARF,HARF,HARF,Certificate,False,registry:exact:02_mabniyat/conditional_letters_tools.json#1
23,88,12,إِنْ,إن,عَلَيْهِ,كُنْتُمْ,HARF,HARF,HARF,Certificate,False,registry:exact:02_mabniyat/conditional_letters_tools.json#1
23,91,1,مَا,ما,,اتَّخَذَ,HARF,ISM_MAWSOOL,ISM_MAWSOOL|ISM_MABNI|HARF,Hypothesis,True,registry-exact-hypothesis:exact:02_mabniyat/relative_pronouns.json#13
23,91,4,مِنْ,من,اللَّهُ,وَلَدٍ,HARF,HARF,HARF,Hypothesis,True,registry-exact-hypothesis:exact:02_mabniyat/preposition_meanings.json#34
23,91,9,مِنْ,من,مَعَهُ,إِلَهٍ,HARF,HARF,HARF,Hypothesis,True,registry-exact-hypothesis:exact:02_mabniyat/preposition_meanings.json#34
23,91,15,بِمَا,بما,إِلَهٍ,خَلَقَ,ISM_MAWSOOL,ISM_MAWSOOL,ISM_MAWSOOL|ISM_MABNI|HARF,Certificate,True,MASAQ:48
23,93,5,مَا,ما,تُرِيَنِّي,يُوعَدُونَ,ISM_MAWSOOL,ISM_MAWSOOL,ISM_MAWSOOL|ISM_MABNI|HARF,Hypothesis,True,registry-exact-hypothesis:exact:02_mabniyat/relative_pronouns.json#13
23,95,3,أَنْ,أن,عَلَى,نُرِيَكَ,HARF,HARF,HARF,Certificate,False,registry:plain:02_mabniyat/present_naseb_tools.json#1
23,95,5,مَا,ما,نُرِيَكَ,نَعِدُهُمْ,ISM_MAWSOOL,ISM_MAWSOOL,ISM_MAWSOOL|ISM_MABNI|HARF,Hypothesis,True,registry-exact-hypothesis:exact:02_mabniyat/relative_pronouns.json#13
23,96,8,بِمَا,بما,أَعْلَمُ,يَصِفُونَ,ISM_MAWSOOL,ISM_MAWSOOL,ISM_MAWSOOL|ISM_MABNI|HARF,Certificate,True,MASAQ:48
23,97,5,مِنْ,من,بِكَ,هَمَزَاتِ,HARF,HARF,HARF,Hypothesis,True,registry-exact-hypothesis:exact:02_mabniyat/preposition_meanings.json#34
23,98,4,أَنْ,أن,رَبِّ,يَحْضُرُونِ,HARF,HARF,HARF,Certificate,False,registry:plain:02_mabniyat/present_naseb_tools.json#1
23,99,1,حَتَّى,حتى,,إِذَا,HARF,HARF,HARF,Certificate,False,registry:exact:02_mabniyat/preposition_meanings.json#48
23,109,4,مِنْ,من,فَرِيقٌ,عِبَادِي,HARF,HARF,HARF,Hypothesis,True,registry-exact-hypothesis:exact:02_mabniyat/preposition_meanings.json#34
23,110,3,حَتَّى,حتى,سِخْرِيَّاً,أَنْسَوْكُمْ,HARF,HARF,HARF,Certificate,False,registry:exact:02_mabniyat/preposition_meanings.json#48
23,111,4,بِمَا,بما,الْيَوْمَ,صَبَرُوا,ISM_MAWSOOL,ISM_MAWSOOL,ISM_MAWSOOL|ISM_MABNI|HARF,Certificate,True,MASAQ:48
23,114,2,إِنْ,إن,قَالَ,لَبِثْتُمْ,HARF,HARF,HARF,Certificate,False,registry:exact:02_mabniyat/conditional_letters_tools.json#1
23,114,4,إِلَّا,إلا,لَبِثْتُمْ,قَلِيلَاً,HARF,HARF,,Certificate,False,MASAQ:106
23,116,7,إِلَّا,إلا,إِلَهَ,هُوَ,HARF,HARF,,Certificate,False,MASAQ:106
24,2,16,إِنْ,إن,اللَّهِ,كُنْتُمْ,HARF,HARF,HARF,Certificate,False,registry:exact:02_mabniyat/conditional_letters_tools.json#1
24,2,25,مِنَ,من,طَائِفَةٌ,الْمُؤْمِنِينَ,HARF,HARF,HARF,Hypothesis,True,registry-exact-hypothesis:exact:02_mabniyat/preposition_meanings.json#32
24,3,4,إِلَّا,إلا,يَنْكِحُ,زَانِيَةً,HARF,HARF,,Certificate,False,MASAQ:106
24,3,11,إِلَّا,إلا,يَنْكِحُهَا,زَانٍ,HARF,HARF,,Certificate,False,MASAQ:106
24,5,1,إِلَّا,إلا,,الَّذِينَ,HARF,HARF,,Certificate,False,MASAQ:106
24,5,4,مِنْ,من,تَابُوا,بَعْدِ,HARF,HARF,HARF,Hypothesis,True,registry-exact-hypothesis:exact:02_mabniyat/preposition_meanings.json#34
24,6,8,إِلَّا,إلا,شُهَدَاءُ,أَنْفُسُهُمْ,HARF,HARF,,Certificate,False,MASAQ:106
24,7,2,أَنَّ,أن,وَالْخَامِسَةُ,لَعْنَتَ,HARF,HARF,HARF,Certificate,False,registry:exact:02_mabniyat/copulative_particle.json#2
24,7,6,إِنْ,إن,عَلَيْهِ,كَانَ,HARF,HARF,HARF,Certificate,False,registry:exact:02_mabniyat/conditional_letters_tools.json#1
24,7,8,مِنَ,من,كَانَ,الْكَاذِبِينَ,HARF,HARF,HARF,Hypothesis,True,registry-exact-hypothesis:exact:02_mabniyat/preposition_meanings.json#32
24,8,4,أَنْ,أن,الْعَذَابَ,تَشْهَدَ,HARF,HARF,HARF,Certificate,False,registry:plain:02_mabniyat/present_naseb_tools.json#1
24,9,2,أَنَّ,أن,وَالْخَامِسَةَ,غَضَبَ,HARF,HARF,HARF,Certificate,False,registry:exact:02_mabniyat/copulative_particle.json#2
24,9,6,إِنْ,إن,عَلَيْهَا,كَانَ,HARF,HARF,HARF,Certificate,False,registry:exact:02_mabniyat/conditional_letters_tools.json#1
24,9,8,مِنَ,من,كَانَ,الصَّادِقِينَ,HARF,HARF,HARF,Hypothesis,True,registry-exact-hypothesis:exact:02_mabniyat/preposition_meanings.json#32
24,11,1,إِنَّ,إن,,الَّذِينَ,HARF,HARF,HARF,Certificate,False,registry:exact:02_mabniyat/letters_answers.json#4
24,11,18,مَا,ما,مِنْهُمْ,اكْتَسَبَ,ISM_MAWSOOL,ISM_MAWSOOL,ISM_MAWSOOL|ISM_MABNI|HARF,Hypothesis,True,registry-exact-hypothesis:exact:02_mabniyat/relative_pronouns.json#13
24,11,20,مِنَ,من,اكْتَسَبَ,الْإِثْمِ,HARF,HARF,HARF,Hypothesis,True,registry-exact-hypothesis:exact:02_mabniyat/preposition_meanings.json#32
24,14,11,مَا,ما,فِي,أَفَضْتُمْ,ISM_MAWSOOL,ISM_MAWSOOL,ISM_MAWSOOL|ISM_MABNI|HARF,Hypothesis,True,registry-exact-hypothesis:exact:02_mabniyat/relative_pronouns.json#13
24,15,6,مَا,ما,بِأَفْوَاهِكُمْ,لَيْسَ,ISM_MAWSOOL,ISM_MAWSOOL,ISM_MAWSOOL|ISM_MABNI|HARF,Hypothesis,True,registry-exact-hypothesis:exact:02_mabniyat/relative_pronouns.json#13
24,16,5,مَا,ما,قُلْتُمْ,يَكُونُ,ISM_MAWSOOL,ISM_MAWSOOL,ISM_MAWSOOL|ISM_MABNI|HARF,Hypothesis,True,registry-exact-hypothesis:exact:02_mabniyat/relative_pronouns.json#13
24,16,8,أَنْ,أن,لَنَا,نَتَكَلَّمَ,HARF,HARF,HARF,Certificate,False,registry:plain:02_mabniyat/present_naseb_tools.json#1
24,17,3,أَنْ,أن,اللَّهُ,تَعُودُوا,HARF,HARF,HARF,Certificate,False,registry:plain:02_mabniyat/present_naseb_tools.json#1
24,17,7,إِنْ,إن,أَبَدَاً,كُنْتُمْ,HARF,HARF,HARF,Certificate,False,registry:exact:02_mabniyat/conditional_letters_tools.json#1
24,19,1,إِنَّ,إن,,الَّذِينَ,HARF,HARF,HARF,Certificate,False,registry:exact:02_mabniyat/letters_answers.json#4
24,19,4,أَنْ,أن,يُحِبُّونَ,تَشِيعَ,HARF,HARF,HARF,Certificate,False,registry:plain:02_mabniyat/present_naseb_tools.json#1
24,21,21,مَا,ما,وَرَحْمَتُهُ,زَكَى,HARF,ISM_MAWSOOL,ISM_MAWSOOL|ISM_MABNI|HARF,Hypothesis,True,registry-exact-hypothesis:exact:02_mabniyat/relative_pronouns.json#13
24,21,24,مِنْ,من,مِنْكُمْ,أَحَدٍ,HARF,HARF,HARF,Hypothesis,True,registry-exact-hypothesis:exact:02_mabniyat/preposition_meanings.json#34
24,21,30,مَنْ,من,يُزَكِّي,يَشَاءُ,ISM_MAWSOOL,ISM_MAWSOOL,ISM_MAWSOOL|ISM_MABNI|HARF,Hypothesis,True,registry-exact-hypothesis:exact:02_mabniyat/relative_pronouns.json#3
24,22,7,أَنْ,أن,وَالسَّعَةِ,يُؤْتُوا,HARF,HARF,HARF,Certificate,False,registry:plain:02_mabniyat/present_naseb_tools.json#1
24,22,20,أَنْ,أن,تُحِبُّونَ,يَغْفِرَ,HARF,HARF,HARF,Certificate,False,registry:plain:02_mabniyat/present_naseb_tools.json#1
24,23,1,إِنَّ,إن,,الَّذِينَ,HARF,HARF,HARF,Certificate,False,registry:exact:02_mabniyat/letters_answers.json#4
24,24,7,بِمَا,بما,وَأَرْجُلُهُمْ,كَانُوا,ISM_MAWSOOL,ISM_MAWSOOL,ISM_MAWSOOL|ISM_MABNI|HARF,Certificate,True,MASAQ:48
24,25,7,أَنَّ,أن,وَيَعْلَمُونَ,اللَّهَ,HARF,HARF,HARF,Certificate,False,registry:exact:02_mabniyat/copulative_particle.json#2
24,27,7,غَيْرَ,غير,بُيُوتَاً,بُيُوتِكُمْ,ISM_MUARAB,ISM_MUARAB,,Certificate,False,MASAQ:870
24,27,9,حَتَّى,حتى,بُيُوتِكُمْ,تَسْتَأْنِسُوا,HARF,HARF,HARF,Certificate,False,registry:exact:02_mabniyat/preposition_meanings.json#48
24,28,8,حَتَّى,حتى,تَدْخُلُوهَا,يُؤْذَنَ,HARF,HARF,HARF,Certificate,False,registry:exact:02_mabniyat/preposition_meanings.json#48
24,28,20,بِمَا,بما,وَاللَّهُ,تَعْمَلُونَ,ISM_MAWSOOL,ISM_MAWSOOL,ISM_MAWSOOL|ISM_MABNI|HARF,Certificate,True,MASAQ:48
24,29,4,أَنْ,أن,جُنَاحٌ,تَدْخُلُوا,HARF,HARF,HARF,Certificate,False,registry:plain:02_mabniyat/present_naseb_tools.json#1
24,29,7,غَيْرَ,غير,بُيُوتَاً,مَسْكُونَةٍ,ISM_MUARAB,ISM_MUARAB,,Certificate,False,MASAQ:870
24,29,14,مَا,ما,يَعْلَمُ,تُبْدُونَ,ISM_MAWSOOL,ISM_MAWSOOL,ISM_MAWSOOL|ISM_MABNI|HARF,Hypothesis,True,registry-exact-hypothesis:exact:02_mabniyat/relative_pronouns.json#13
24,30,4,مِنْ,من,يَغُضُّوا,أَبْصَارِهِمْ,HARF,HARF,HARF,Hypothesis,True,registry-exact-hypothesis:exact:02_mabniyat/preposition_meanings.json#34
24,30,11,إِنَّ,إن,لَهُمْ,اللَّهَ,HARF,HARF,HARF,Certificate,False,registry:exact:02_mabniyat/letters_answers.json#4
24,30,14,بِمَا,بما,خَبِيرٌ,يَصْنَعُونَ,ISM_MAWSOOL,ISM_MAWSOOL,ISM_MAWSOOL|ISM_MABNI|HARF,Certificate,True,MASAQ:48
24,31,4,مِنْ,من,يَغْضُضْنَ,أَبْصَارِهِنَّ,HARF,HARF,HARF,Hypothesis,True,registry-exact-hypothesis:exact:02_mabniyat/preposition_meanings.json#34
24,31,11,إِلَّا,إلا,زِينَتَهُنَّ,مَا,HARF,HARF,,Certificate,False,MASAQ:106
24,31,12,مَا,ما,إِلَّا,ظَهَرَ,ISM_MAWSOOL,ISM_MAWSOOL,ISM_MAWSOOL|ISM_MABNI|HARF,Hypothesis,True,registry-exact-hypothesis:exact:02_mabniyat/relative_pronouns.json#13
24,31,22,إِلَّا,إلا,زِينَتَهُنَّ,لِبُعُولَتِهِنَّ,HARF,HARF,,Certificate,False,MASAQ:106
24,31,45,مَا,ما,أَوْ,مَلَكَتْ,ISM_MAWSOOL,ISM_MAWSOOL,ISM_MAWSOOL|ISM_MABNI|HARF,Hypothesis,True,registry-exact-hypothesis:exact:02_mabniyat/relative_pronouns.json#13
24,31,50,غَيْرِ,غير,التَّابِعِينَ,أُولِي,ISM_MUARAB,ISM_MUARAB,,Certificate,False,MASAQ:25
24,31,53,مِنَ,من,الْإِرْبَةِ,الرِّجَالِ,HARF,HARF,HARF,Hypothesis,True,registry-exact-hypothesis:exact:02_mabniyat/preposition_meanings.json#32
24,31,67,مَا,ما,لِيُعْلَمَ,يُخْفِينَ,ISM_MAWSOOL,ISM_MAWSOOL,ISM_MAWSOOL|ISM_MABNI|HARF,Hypothesis,True,registry-exact-hypothesis:exact:02_mabniyat/relative_pronouns.json#13
24,31,69,مِنْ,من,يُخْفِينَ,زِينَتِهِنَّ,HARF,HARF,HARF,Hypothesis,True,registry-exact-hypothesis:exact:02_mabniyat/preposition_meanings.json#34
24,32,5,مِنْ,من,وَالصَّالِحِينَ,عِبَادِكُمْ,HARF,HARF,HARF,Hypothesis,True,registry-exact-hypothesis:exact:02_mabniyat/preposition_meanings.json#34
24,32,8,إِنْ,إن,وَإِمَائِكُمْ,يَكُونُوا,HARF,HARF,HARF,Certificate,False,registry:exact:02_mabniyat/conditional_letters_tools.json#1
24,32,13,مِنْ,من,اللَّهُ,فَضْلِهِ,HARF,HARF,HARF,Hypothesis,True,registry-exact-hypothesis:exact:02_mabniyat/preposition_meanings.json#34
24,33,6,حَتَّى,حتى,نِكَاحَاً,يُغْنِيَهُمُ,HARF,HARF,HARF,Certificate,False,registry:exact:02_mabniyat/preposition_meanings.json#48
24,33,9,مِنْ,من,اللَّهُ,فَضْلِهِ,HARF,HARF,HARF,Hypothesis,True,registry-exact-hypothesis:exact:02_mabniyat/preposition_meanings.json#34
24,33,18,إِنْ,إن,فَكَاتِبُوهُمْ,عَلِمْتُمْ,HARF,HARF,HARF,Certificate,False,registry:exact:02_mabniyat/conditional_letters_tools.json#1
24,33,23,مِنْ,من,وَآتُوهُمْ,مَالِ,HARF,HARF,HARF,Hypothesis,True,registry-exact-hypothesis:exact:02_mabniyat/preposition_meanings.json#34
24,33,33,إِنْ,إن,الْبِغَاءِ,أَرَدْنَ,HARF,HARF,HARF,Certificate,False,registry:exact:02_mabniyat/conditional_letters_tools.json#1
24,33,44,مِنْ,من,اللَّهَ,بَعْدِ,HARF,HARF,HARF,Hypothesis,True,registry-exact-hypothesis:exact:02_mabniyat/preposition_meanings.json#34
24,34,7,مِنَ,من,وَمَثَلَاً,الَّذِينَ,HARF,HARF,HARF,Hypothesis,True,registry-exact-hypothesis:exact:02_mabniyat/preposition_meanings.json#32
24,34,10,مِنْ,من,خَلَوْا,قَبْلِكُمْ,HARF,HARF,HARF,Hypothesis,True,registry-exact-hypothesis:exact:02_mabniyat/preposition_meanings.json#34
24,35,18,مِنْ,من,يُوقَدُ,شَجَرَةٍ,HARF,HARF,HARF,Hypothesis,True,registry-exact-hypothesis:exact:02_mabniyat/preposition_meanings.json#34
24,35,39,مَنْ,من,لِنُورِهِ,يَشَاءُ,ISM_MAWSOOL,ISM_MAWSOOL,ISM_MAWSOOL|ISM_MABNI|HARF,Hypothesis,True,registry-exact-hypothesis:exact:02_mabniyat/relative_pronouns.json#3
24,36,5,أَنْ,أن,اللَّهُ,تُرْفَعَ,HARF,HARF,HARF,Certificate,False,registry:plain:02_mabniyat/present_naseb_tools.json#1
24,38,4,مَا,ما,أَحْسَنَ,عَمِلُوا,ISM_MAWSOOL,ISM_MAWSOOL,ISM_MAWSOOL|ISM_MABNI|HARF,Hypothesis,True,registry-exact-hypothesis:exact:02_mabniyat/relative_pronouns.json#13
24,38,7,مِنْ,من,وَيَزِيدَهُمْ,فَضْلِهِ,HARF,HARF,HARF,Hypothesis,True,registry-exact-hypothesis:exact:02_mabniyat/preposition_meanings.json#34
24,38,11,مَنْ,من,يَرْزُقُ,يَشَاءُ,ISM_MAWSOOL,ISM_MAWSOOL,ISM_MAWSOOL|ISM_MABNI|HARF,Hypothesis,True,registry-exact-hypothesis:exact:02_mabniyat/relative_pronouns.json#3
24,39,9,حَتَّى,حتى,مَاءً,إِذَا,HARF,HARF,HARF,Certificate,False,registry:exact:02_mabniyat/preposition_meanings.json#48
24,40,8,مِنْ,من,مَوْجٌ,فَوْقِهِ,HARF,HARF,HARF,Hypothesis,True,registry-exact-hypothesis:exact:02_mabniyat/preposition_meanings.json#34
24,40,11,مِنْ,من,مَوْجٌ,فَوْقِهِ,HARF,HARF,HARF,Hypothesis,True,registry-exact-hypothesis:exact:02_mabniyat/preposition_meanings.json#34
24,40,32,مِنْ,من,لَهُ,نُورٍ,HARF,HARF,HARF,Hypothesis,True,registry-exact-hypothesis:exact:02_mabniyat/preposition_meanings.json#34
24,41,3,أَنَّ,أن,تَرَ,اللَّهَ,HARF,HARF,HARF,Certificate,False,registry:exact:02_mabniyat/copulative_particle.json#2
24,41,7,مَنْ,من,لَهُ,فِي,ISM_MAWSOOL,ISM_MAWSOOL,ISM_MAWSOOL|ISM_MABNI|HARF,Hypothesis,True,registry-exact-hypothesis:exact:02_mabniyat/relative_pronouns.json#3
24,41,20,بِمَا,بما,عَلِيمٌ,يَفْعَلُونَ,ISM_MAWSOOL,ISM_MAWSOOL,ISM_MAWSOOL|ISM_MABNI|HARF,Certificate,True,MASAQ:48
24,43,3,أَنَّ,أن,تَرَ,اللَّهَ,HARF,HARF,HARF,Certificate,False,registry:exact:02_mabniyat/copulative_particle.json#2
24,43,16,مِنْ,من,يَخْرُجُ,خِلَالِهِ,HARF,HARF,HARF,Hypothesis,True,registry-exact-hypothesis:exact:02_mabniyat/preposition_meanings.json#34
24,43,19,مِنَ,من,وَيُنَزِّلُ,السَّمَاءِ,HARF,HARF,HARF,Hypothesis,True,registry-exact-hypothesis:exact:02_mabniyat/preposition_meanings.json#32
24,43,21,مِنْ,من,السَّمَاءِ,جِبَالٍ,HARF,HARF,HARF,Hypothesis,True,registry-exact-hypothesis:exact:02_mabniyat/preposition_meanings.json#34
24,43,24,مِنْ,من,فِيهَا,بَرَدٍ,HARF,HARF,HARF,Hypothesis,True,registry-exact-hypothesis:exact:02_mabniyat/preposition_meanings.json#34
24,43,28,مَنْ,من,بِهِ,يَشَاءُ,ISM_MAWSOOL,ISM_MAWSOOL,ISM_MAWSOOL|ISM_MABNI|HARF,Hypothesis,True,registry-exact-hypothesis:exact:02_mabniyat/relative_pronouns.json#3
24,43,32,مَنْ,من,عَنْ,يَشَاءُ,ISM_MAWSOOL,ISM_MAWSOOL,ISM_MAWSOOL|ISM_MABNI|HARF,Hypothesis,True,registry-exact-hypothesis:exact:02_mabniyat/relative_pronouns.json#3
24,44,5,إِنَّ,إن,وَالنَّهَارَ,فِي,HARF,HARF,HARF,Certificate,False,registry:exact:02_mabniyat/letters_answers.json#4
24,45,5,مِنْ,من,دَابَّةٍ,مَاءٍ,HARF,HARF,HARF,Hypothesis,True,registry-exact-hypothesis:exact:02_mabniyat/preposition_meanings.json#34
24,45,8,مَنْ,من,فَمِنْهُمْ,يَمْشِي,ISM_MAWSOOL,ISM_MAWSOOL,ISM_MAWSOOL|ISM_MABNI|HARF,Hypothesis,True,registry-exact-hypothesis:exact:02_mabniyat/relative_pronouns.json#3
24,45,13,مَنْ,من,وَمِنْهُمْ,يَمْشِي,ISM_MAWSOOL,ISM_MAWSOOL,ISM_MAWSOOL|ISM_MABNI|HARF,Hypothesis,True,registry-exact-hypothesis:exact:02_mabniyat/relative_pronouns.json#3
24,45,18,مَنْ,من,وَمِنْهُمْ,يَمْشِي,ISM_MAWSOOL,ISM_MAWSOOL,ISM_MAWSOOL|ISM_MABNI|HARF,Hypothesis,True,registry-exact-hypothesis:exact:02_mabniyat/relative_pronouns.json#3
24,45,24,مَا,ما,اللَّهُ,يَشَاءُ,ISM_MAWSOOL,ISM_MAWSOOL,ISM_MAWSOOL|ISM_MABNI|HARF,Hypothesis,True,registry-exact-hypothesis:exact:02_mabniyat/relative_pronouns.json#13
24,45,26,إِنَّ,إن,يَشَاءُ,اللَّهَ,HARF,HARF,HARF,Certificate,False,registry:exact:02_mabniyat/letters_answers.json#4
24,46,7,مَنْ,من,يَهْدِي,يَشَاءُ,ISM_MAWSOOL,ISM_MAWSOOL,ISM_MAWSOOL|ISM_MABNI|HARF,Hypothesis,True,registry-exact-hypothesis:exact:02_mabniyat/relative_pronouns.json#3
24,47,10,مِنْ,من,مِنْهُمْ,بَعْدِ,HARF,HARF,HARF,Hypothesis,True,registry-exact-hypothesis:exact:02_mabniyat/preposition_meanings.json#34
24,50,8,أَنْ,أن,يَخَافُونَ,يَحِيفَ,HARF,HARF,HARF,Certificate,False,registry:plain:02_mabniyat/present_naseb_tools.json#1
24,51,12,أَنْ,أن,بَيْنَهُمْ,يَقُولُوا,HARF,HARF,HARF,Certificate,False,registry:plain:02_mabniyat/present_naseb_tools.json#1
24,53,13,إِنَّ,إن,مَعْرُوفَةٌ,اللَّهَ,HARF,HARF,HARF,Certificate,False,registry:exact:02_mabniyat/letters_answers.json#4
24,53,16,بِمَا,بما,خَبِيرٌ,تَعْمَلُونَ,ISM_MAWSOOL,ISM_MAWSOOL,ISM_MAWSOOL|ISM_MABNI|HARF,Certificate,True,MASAQ:48
24,54,10,مَا,ما,عَلَيْهِ,حُمِّلَ,ISM_MAWSOOL,ISM_MAWSOOL,ISM_MAWSOOL|ISM_MABNI|HARF,Hypothesis,True,registry-exact-hypothesis:exact:02_mabniyat/relative_pronouns.json#13
24,54,13,مَا,ما,وَعَلَيْكُمْ,حُمِّلْتُمْ,ISM_MAWSOOL,ISM_MAWSOOL,ISM_MAWSOOL|ISM_MABNI|HARF,Hypothesis,True,registry-exact-hypothesis:exact:02_mabniyat/relative_pronouns.json#13
24,54,21,إِلَّا,إلا,الرَّسُولِ,الْبَلَاغُ,HARF,HARF,,Certificate,False,MASAQ:106
24,55,14,مِنْ,من,الَّذِينَ,قَبْلِهِمْ,HARF,HARF,HARF,Hypothesis,True,registry-exact-hypothesis:exact:02_mabniyat/preposition_meanings.json#34
24,55,23,مِنْ,من,وَلَيُبَدِّلَنَّهُمْ,بَعْدِ,HARF,HARF,HARF,Hypothesis,True,registry-exact-hypothesis:exact:02_mabniyat/preposition_meanings.json#34
24,58,15,مِنْ,من,مَرَّاتٍ,قَبْلِ,HARF,HARF,HARF,Hypothesis,True,registry-exact-hypothesis:exact:02_mabniyat/preposition_meanings.json#34
24,58,22,مِنَ,من,ثِيَابَكُمْ,الظَّهِيرَةِ,HARF,HARF,HARF,Hypothesis,True,registry-exact-hypothesis:exact:02_mabniyat/preposition_meanings.json#32
24,59,10,مِنْ,من,الَّذِينَ,قَبْلِهِمْ,HARF,HARF,HARF,Hypothesis,True,registry-exact-hypothesis:exact:02_mabniyat/preposition_meanings.json#34
24,60,2,مِنَ,من,وَالْقَوَاعِدُ,النِّسَاءِ,HARF,HARF,HARF,Hypothesis,True,registry-exact-hypothesis:exact:02_mabniyat/preposition_meanings.json#32
24,60,11,أَنْ,أن,جُنَاحٌ,يَضَعْنَ,HARF,HARF,HARF,Certificate,False,registry:plain:02_mabniyat/present_naseb_tools.json#1
24,60,14,غَيْرَ,غير,ثِيَابَهُنَّ,مُتَبَرِّجَاتٍ,ISM_MUARAB,ISM_MUARAB,,Certificate,False,MASAQ:870
24,61,16,أَنْ,أن,أَنْفُسِكُمْ,تَأْكُلُوا,HARF,HARF,HARF,Certificate,False,registry:plain:02_mabniyat/present_naseb_tools.json#1
24,61,18,مِنْ,من,تَأْكُلُوا,بُيُوتِكُمْ,HARF,HARF,HARF,Hypothesis,True,registry-exact-hypothesis:exact:02_mabniyat/preposition_meanings.json#34
24,61,45,مَا,ما,أَوْ,مَلَكْتُمْ,ISM_MAWSOOL,ISM_MAWSOOL,ISM_MAWSOOL|ISM_MABNI|HARF,Hypothesis,True,registry-exact-hypothesis:exact:02_mabniyat/relative_pronouns.json#13
24,61,53,أَنْ,أن,جُنَاحٌ,تَأْكُلُوا,HARF,HARF,HARF,Certificate,False,registry:plain:02_mabniyat/present_naseb_tools.json#1
24,61,65,مِنْ,من,تَحِيَّةً,عِنْدِ,HARF,HARF,HARF,Hypothesis,True,registry-exact-hypothesis:exact:02_mabniyat/preposition_meanings.json#34
24,62,15,حَتَّى,حتى,يَذْهَبُوا,يَسْتَأْذِنُوهُ,HARF,HARF,HARF,Certificate,False,registry:exact:02_mabniyat/preposition_meanings.json#48
24,62,17,إِنَّ,إن,يَسْتَأْذِنُوهُ,الَّذِينَ,HARF,HARF,HARF,Certificate,False,registry:exact:02_mabniyat/letters_answers.json#4
24,62,36,إِنَّ,إن,اللَّهَ,اللَّهَ,HARF,HARF,HARF,Certificate,False,registry:exact:02_mabniyat/letters_answers.json#4
24,63,21,أَنْ,أن,أَمْرِهِ,تُصِيبَهُمْ,HARF,HARF,HARF,Certificate,False,registry:plain:02_mabniyat/present_naseb_tools.json#1
24,64,2,إِنَّ,إن,أَلَا,لِلَّهِ,HARF,HARF,HARF,Certificate,False,registry:exact:02_mabniyat/letters_answers.json#4
24,64,4,مَا,ما,لِلَّهِ,فِي,ISM_MAWSOOL,ISM_MAWSOOL,ISM_MAWSOOL|ISM_MABNI|HARF,Hypothesis,True,registry-exact-hypothesis:exact:02_mabniyat/relative_pronouns.json#13
24,64,10,مَا,ما,يَعْلَمُ,أَنْتُمْ,ISM_MAWSOOL,ISM_MAWSOOL,ISM_MAWSOOL|ISM_MABNI|HARF,Hypothesis,True,registry-exact-hypothesis:exact:02_mabniyat/relative_pronouns.json#13
24,64,17,بِمَا,بما,فَيُنَبِّئُهُمْ,عَمِلُوا,ISM_MAWSOOL,ISM_MAWSOOL,ISM_MAWSOOL|ISM_MABNI|HARF,Certificate,True,MASAQ:48
25,3,2,مِنْ,من,وَاتَّخَذُوا,دُونِهِ,HARF,HARF,HARF,Hypothesis,True,registry-exact-hypothesis:exact:02_mabniyat/preposition_meanings.json#34
25,4,4,إِنْ,إن,كَفَرُوا,هَذَا,HARF,HARF,HARF,Certificate,False,registry:exact:02_mabniyat/conditional_letters_tools.json#1
25,4,6,إِلَّا,إلا,هَذَا,إِفْكٌ,HARF,HARF,,Certificate,False,MASAQ:106
25,8,13,إِنْ,إن,الظَّالِمُونَ,تَتَّبِعُونَ,HARF,HARF,HARF,Certificate,False,registry:exact:02_mabniyat/conditional_letters_tools.json#1
25,8,15,إِلَّا,إلا,تَتَّبِعُونَ,رَجُلَاً,HARF,HARF,,Certificate,False,MASAQ:106
25,10,3,إِنْ,إن,الَّذِي,شَاءَ,HARF,HARF,HARF,Certificate,False,registry:exact:02_mabniyat/conditional_letters_tools.json#1
25,10,8,مِنْ,من,خَيْرَاً,ذَلِكَ,HARF,HARF,HARF,Hypothesis,True,registry-exact-hypothesis:exact:02_mabniyat/preposition_meanings.json#34
25,10,12,مِنْ,من,تَجْرِي,تَحْتِهَا,HARF,HARF,HARF,Hypothesis,True,registry-exact-hypothesis:exact:02_mabniyat/preposition_meanings.json#34
25,12,3,مِنْ,من,رَأَتْهُمْ,مَكَانٍ,HARF,HARF,HARF,Hypothesis,True,registry-exact-hypothesis:exact:02_mabniyat/preposition_meanings.json#34
25,16,3,مَا,ما,فِيهَا,يَشَاءُونَ,ISM_MAWSOOL,ISM_MAWSOOL,ISM_MAWSOOL|ISM_MABNI|HARF,Hypothesis,True,registry-exact-hypothesis:exact:02_mabniyat/relative_pronouns.json#13
25,17,5,مِنْ,من,يَعْبُدُونَ,دُونِ,HARF,HARF,HARF,Hypothesis,True,registry-exact-hypothesis:exact:02_mabniyat/preposition_meanings.json#34
25,17,6,دُونِ,دون,مِنْ,اللَّهِ,ISM_MUARAB,ISM_MUARAB,,Certificate,False,MASAQ:310
25,18,3,مَا,ما,سُبْحَانَكَ,كَانَ,HARF,ISM_MAWSOOL,ISM_MAWSOOL|ISM_MABNI|HARF,Hypothesis,True,registry-exact-hypothesis:exact:02_mabniyat/relative_pronouns.json#13
25,18,7,أَنْ,أن,لَنَا,نَتَّخِذَ,HARF,HARF,HARF,Certificate,False,registry:plain:02_mabniyat/present_naseb_tools.json#1
25,18,9,مِنْ,من,نَتَّخِذَ,دُونِكَ,HARF,HARF,HARF,Hypothesis,True,registry-exact-hypothesis:exact:02_mabniyat/preposition_meanings.json#34
25,18,11,مِنْ,من,دُونِكَ,أَوْلِيَاءَ,HARF,HARF,HARF,Hypothesis,True,registry-exact-hypothesis:exact:02_mabniyat/preposition_meanings.json#34
25,18,16,حَتَّى,حتى,وَآبَاءَهُمْ,نَسُوا,HARF,HARF,HARF,Certificate,False,registry:exact:02_mabniyat/preposition_meanings.json#48
25,19,3,بِمَا,بما,كَذَّبُوكُمْ,تَقُولُونَ,ISM_MAWSOOL,ISM_MAWSOOL,ISM_MAWSOOL|ISM_MABNI|HARF,Certificate,True,MASAQ:48
25,20,4,مِنَ,من,قَبْلَكَ,الْمُرْسَلِينَ,HARF,HARF,HARF,Hypothesis,True,registry-exact-hypothesis:exact:02_mabniyat/preposition_meanings.json#32
25,20,6,إِلَّا,إلا,الْمُرْسَلِينَ,إِنَّهُمْ,HARF,HARF,,Certificate,False,MASAQ:106
25,23,3,مَا,ما,إِلَى,عَمِلُوا,ISM_MAWSOOL,ISM_MAWSOOL,ISM_MAWSOOL|ISM_MABNI|HARF,Hypothesis,True,registry-exact-hypothesis:exact:02_mabniyat/relative_pronouns.json#13
25,23,5,مِنْ,من,عَمِلُوا,عَمَلٍ,HARF,HARF,HARF,Hypothesis,True,registry-exact-hypothesis:exact:02_mabniyat/preposition_meanings.json#34
25,30,4,إِنَّ,إن,يَارَبِّ,قَوْمِي,HARF,HARF,HARF,Certificate,False,registry:exact:02_mabniyat/letters_answers.json#4
25,31,6,مِنَ,من,عَدُوَّاً,الْمُجْرِمِينَ,HARF,HARF,HARF,Hypothesis,True,registry-exact-hypothesis:exact:02_mabniyat/preposition_meanings.json#32
25,33,4,إِلَّا,إلا,بِمَثَلٍ,جِئْنَاكَ,HARF,HARF,,Certificate,False,MASAQ:106
25,41,3,إِنْ,إن,رَأَوْكَ,يَتَّخِذُونَكَ,HARF,HARF,HARF,Certificate,False,registry:exact:02_mabniyat/conditional_letters_tools.json#1
25,41,5,إِلَّا,إلا,يَتَّخِذُونَكَ,هُزُوَاً,HARF,HARF,,Certificate,False,MASAQ:106
25,42,1,إِنْ,إن,,كَادَ,HARF,HARF,HARF,Certificate,False,registry:exact:02_mabniyat/conditional_letters_tools.json#1
25,42,7,أَنْ,أن,لَوْلَا,صَبَرْنَا,HARF,HARF,HARF,Certificate,False,registry:plain:02_mabniyat/present_naseb_tools.json#1
25,43,2,مَنِ,من,أَرَأَيْتَ,اتَّخَذَ,ISM_MAWSOOL,ISM_MAWSOOL,ISM_MAWSOOL|ISM_MABNI|HARF,Certificate,True,MASAQ:3539
25,44,3,أَنَّ,أن,تَحْسَبُ,أَكْثَرَهُمْ,HARF,HARF,HARF,Certificate,False,registry:exact:02_mabniyat/copulative_particle.json#2
25,44,8,إِنْ,إن,يَعْقِلُونَ,هُمْ,HARF,HARF,HARF,Certificate,False,registry:exact:02_mabniyat/conditional_letters_tools.json#1
25,44,10,إِلَّا,إلا,هُمْ,كَالْأَنْعَامِ,HARF,HARF,,Certificate,False,MASAQ:106
25,48,10,مِنَ,من,وَأَنْزَلْنَا,السَّمَاءِ,HARF,HARF,HARF,Hypothesis,True,registry-exact-hypothesis:exact:02_mabniyat/preposition_meanings.json#32
25,50,8,إِلَّا,إلا,النَّاسِ,كُفُورَاً,HARF,HARF,,Certificate,False,MASAQ:106
25,54,4,مِنَ,من,خَلَقَ,الْمَاءِ,HARF,HARF,HARF,Hypothesis,True,registry-exact-hypothesis:exact:02_mabniyat/preposition_meanings.json#32
25,55,2,مِنْ,من,وَيَعْبُدُونَ,دُونِ,HARF,HARF,HARF,Hypothesis,True,registry-exact-hypothesis:exact:02_mabniyat/preposition_meanings.json#34
25,55,3,دُونِ,دون,مِنْ,اللَّهِ,ISM_MUARAB,ISM_MUARAB,,Certificate,False,MASAQ:310
25,55,5,مَا,ما,اللَّهِ,لَا,ISM_MAWSOOL,ISM_MAWSOOL,ISM_MAWSOOL|ISM_MABNI|HARF,Hypothesis,True,registry-exact-hypothesis:exact:02_mabniyat/relative_pronouns.json#13
25,56,3,إِلَّا,إلا,أَرْسَلْنَاكَ,مُبَشِّرَاً,HARF,HARF,,Certificate,False,MASAQ:106
25,57,2,مَا,ما,قُلْ,أَسْأَلُكُمْ,HARF,ISM_MAWSOOL,ISM_MAWSOOL|ISM_MABNI|HARF,Hypothesis,True,registry-exact-hypothesis:exact:02_mabniyat/relative_pronouns.json#13
25,57,5,مِنْ,من,عَلَيْهِ,أَجْرٍ,HARF,HARF,HARF,Hypothesis,True,registry-exact-hypothesis:exact:02_mabniyat/preposition_meanings.json#34
25,57,7,إِلَّا,إلا,أَجْرٍ,مَنْ,HARF,HARF,,Certificate,False,MASAQ:106
25,57,8,مَنْ,من,إِلَّا,شَاءَ,ISM_MAWSOOL,ISM_MAWSOOL,ISM_MAWSOOL|ISM_MABNI|HARF,Hypothesis,True,registry-exact-hypothesis:exact:02_mabniyat/relative_pronouns.json#3
25,57,10,أَنْ,أن,شَاءَ,يَتَّخِذَ,HARF,HARF,HARF,Certificate,False,registry:plain:02_mabniyat/present_naseb_tools.json#1
25,62,9,أَنْ,أن,أَرَادَ,يَذَّكَّرَ,HARF,HARF,HARF,Certificate,False,registry:plain:02_mabniyat/present_naseb_tools.json#1
25,65,8,إِنَّ,إن,جَهَنَّمَ,عَذَابَهَا,HARF,HARF,HARF,Certificate,False,registry:exact:02_mabniyat/letters_answers.json#4
25,68,14,إِلَّا,إلا,اللَّهُ,بِالْحَقِّ,HARF,HARF,,Certificate,False,MASAQ:106
25,70,1,إِلَّا,إلا,,مَنْ,HARF,HARF,,Certificate,False,MASAQ:106
25,70,2,مَنْ,من,إِلَّا,تَابَ,ISM_MAWSOOL,ISM_MAWSOOL,ISM_MAWSOOL|ISM_MABNI|HARF,Hypothesis,True,registry-exact-hypothesis:exact:02_mabniyat/relative_pronouns.json#3
25,74,6,مِنْ,من,لَنَا,أَزْوَاجِنَا,HARF,HARF,HARF,Hypothesis,True,registry-exact-hypothesis:exact:02_mabniyat/preposition_meanings.json#34
25,75,4,بِمَا,بما,الْغُرْفَةَ,صَبَرُوا,ISM_MAWSOOL,ISM_MAWSOOL,ISM_MAWSOOL|ISM_MABNI|HARF,Certificate,True,MASAQ:48
25,77,2,مَا,ما,قُلْ,يَعْبَأُ,HARF,ISM_MAWSOOL,ISM_MAWSOOL|ISM_MABNI|HARF,Hypothesis,True,registry-exact-hypothesis:exact:02_mabniyat/relative_pronouns.json#13
26,4,1,إِنْ,إن,,نَشَأْ,HARF,HARF,HARF,Certificate,False,registry:exact:02_mabniyat/conditional_letters_tools.json#1
26,4,5,مِنَ,من,عَلَيْهِمْ,السَّمَاءِ,HARF,HARF,HARF,Hypothesis,True,registry-exact-hypothesis:exact:02_mabniyat/preposition_meanings.json#32
26,5,3,مِنْ,من,يَأْتِيهِمْ,ذِكْرٍ,HARF,HARF,HARF,Hypothesis,True,registry-exact-hypothesis:exact:02_mabniyat/preposition_meanings.json#34
26,5,5,مِنَ,من,ذِكْرٍ,الرَّحْمَنِ,HARF,HARF,HARF,Hypothesis,True,registry-exact-hypothesis:exact:02_mabniyat/preposition_meanings.json#32
26,5,8,إِلَّا,إلا,مُحْدَثٍ,كَانُوا,HARF,HARF,,Certificate,False,MASAQ:106
26,6,5,مَا,ما,أَنْبَاءُ,كَانُوا,ISM_MAWSOOL,ISM_MAWSOOL,ISM_MAWSOOL|ISM_MABNI|HARF,Hypothesis,True,registry-exact-hypothesis:exact:02_mabniyat/relative_pronouns.json#13
26,7,8,مِنْ,من,فِيهَا,كُلِّ,HARF,HARF,HARF,Hypothesis,True,registry-exact-hypothesis:exact:02_mabniyat/preposition_meanings.json#34
26,8,1,إِنَّ,إن,,فِي,HARF,HARF,HARF,Certificate,False,registry:exact:02_mabniyat/letters_answers.json#4
26,10,5,أَنِ,أن,مُوسَى,ائْتِ,HARF,HARF,HARF,Certificate,False,registry:plain:02_mabniyat/present_naseb_tools.json#1
26,12,5,أَنْ,أن,أَخَافُ,يُكَذِّبُونِ,HARF,HARF,HARF,Certificate,False,registry:plain:02_mabniyat/present_naseb_tools.json#1
26,14,5,أَنْ,أن,فَأَخَافُ,يَقْتُلُونِ,HARF,HARF,HARF,Certificate,False,registry:plain:02_mabniyat/present_naseb_tools.json#1
26,17,1,أَنْ,أن,,أَرْسِلْ,HARF,HARF,HARF,Certificate,False,registry:plain:02_mabniyat/present_naseb_tools.json#1
26,18,8,مِنْ,من,فِينَا,عُمُرِكَ,HARF,HARF,HARF,Hypothesis,True,registry-exact-hypothesis:exact:02_mabniyat/preposition_meanings.json#34
26,19,6,مِنَ,من,وَأَنْتَ,الْكَافِرِينَ,HARF,HARF,HARF,Hypothesis,True,registry-exact-hypothesis:exact:02_mabniyat/preposition_meanings.json#32
26,20,5,مِنَ,من,وَأَنَا,الضَّالِّينَ,HARF,HARF,HARF,Hypothesis,True,registry-exact-hypothesis:exact:02_mabniyat/preposition_meanings.json#32
26,21,10,مِنَ,من,وَجَعَلَنِي,الْمُرْسَلِينَ,HARF,HARF,HARF,Hypothesis,True,registry-exact-hypothesis:exact:02_mabniyat/preposition_meanings.json#32
26,22,5,أَنْ,أن,عَلَيَّ,عَبَّدْتَ,HARF,HARF,HARF,Certificate,False,registry:plain:02_mabniyat/present_naseb_tools.json#1
26,24,7,إِنْ,إن,بَيْنَهُمَا,كُنْتُمْ,HARF,HARF,HARF,Certificate,False,registry:exact:02_mabniyat/conditional_letters_tools.json#1
26,27,2,إِنَّ,إن,قَالَ,رَسُولَكُمُ,HARF,HARF,HARF,Certificate,False,registry:exact:02_mabniyat/letters_answers.json#4
26,28,7,إِنْ,إن,بَيْنَهُمَا,كُنْتُمْ,HARF,HARF,HARF,Certificate,False,registry:exact:02_mabniyat/conditional_letters_tools.json#1
26,29,7,مِنَ,من,لَأَجْعَلَنَّكَ,الْمَسْجُونِينَ,HARF,HARF,HARF,Hypothesis,True,registry-exact-hypothesis:exact:02_mabniyat/preposition_meanings.json#32
26,31,4,إِنْ,إن,بِهِ,كُنْتَ,HARF,HARF,HARF,Certificate,False,registry:exact:02_mabniyat/conditional_letters_tools.json#1
26,31,6,مِنَ,من,كُنْتَ,الصَّادِقِينَ,HARF,HARF,HARF,Hypothesis,True,registry-exact-hypothesis:exact:02_mabniyat/preposition_meanings.json#32
26,34,4,إِنَّ,إن,حَوْلَهُ,هَذَا,HARF,HARF,HARF,Certificate,False,registry:exact:02_mabniyat/letters_answers.json#4
26,35,2,أَنْ,أن,يُرِيدُ,يُخْرِجَكُمْ,HARF,HARF,HARF,Certificate,False,registry:plain:02_mabniyat/present_naseb_tools.json#1
26,35,4,مِنْ,من,يُخْرِجَكُمْ,أَرْضِكُمْ,HARF,HARF,HARF,Hypothesis,True,registry-exact-hypothesis:exact:02_mabniyat/preposition_meanings.json#34
26,40,4,إِنْ,إن,السَّحَرَةَ,كَانُوا,HARF,HARF,HARF,Certificate,False,registry:exact:02_mabniyat/conditional_letters_tools.json#1
26,41,9,إِنْ,إن,لَأَجْرَاً,كُنَّا,HARF,HARF,HARF,Certificate,False,registry:exact:02_mabniyat/conditional_letters_tools.json#1
26,43,5,مَا,ما,أَلْقُوا,أَنْتُمْ,ISM_MAWSOOL,ISM_MAWSOOL,ISM_MAWSOOL|ISM_MABNI|HARF,Hypothesis,True,registry-exact-hypothesis:exact:02_mabniyat/relative_pronouns.json#13
26,45,7,مَا,ما,تَلْقَفُ,يَأْفِكُونَ,ISM_MAWSOOL,ISM_MAWSOOL,ISM_MAWSOOL|ISM_MABNI|HARF,Hypothesis,True,registry-exact-hypothesis:exact:02_mabniyat/relative_pronouns.json#13
26,49,5,أَنْ,أن,قَبْلَ,آذَنَ,HARF,HARF,HARF,Certificate,False,registry:plain:02_mabniyat/present_naseb_tools.json#1
26,49,18,مِنْ,من,وَأَرْجُلَكُمْ,خِلَافٍ,HARF,HARF,HARF,Hypothesis,True,registry-exact-hypothesis:exact:02_mabniyat/preposition_meanings.json#34
26,51,3,أَنْ,أن,نَطْمَعُ,يَغْفِرَ,HARF,HARF,HARF,Certificate,False,registry:plain:02_mabniyat/present_naseb_tools.json#1
26,51,8,أَنْ,أن,خَطَايَانَا,كُنَّا,HARF,HARF,HARF,Certificate,False,registry:plain:02_mabniyat/present_naseb_tools.json#1
26,52,4,أَنْ,أن,مُوسَى,أَسْرِ,HARF,HARF,HARF,Certificate,False,registry:plain:02_mabniyat/present_naseb_tools.json#1
26,54,1,إِنَّ,إن,,هَؤُلَاءِ,HARF,HARF,HARF,Certificate,False,registry:exact:02_mabniyat/letters_answers.json#4
26,57,2,مِنْ,من,فَأَخْرَجْنَاهُمْ,جَنَّاتٍ,HARF,HARF,HARF,Hypothesis,True,registry-exact-hypothesis:exact:02_mabniyat/preposition_meanings.json#34
26,62,3,إِنَّ,إن,كَلَّا,مَعِيَ,HARF,HARF,HARF,Certificate,False,registry:exact:02_mabniyat/letters_answers.json#4
26,63,4,أَنِ,أن,مُوسَى,اضْرِبْ,HARF,HARF,HARF,Certificate,False,registry:plain:02_mabniyat/present_naseb_tools.json#1
26,67,1,إِنَّ,إن,,فِي,HARF,HARF,HARF,Certificate,False,registry:exact:02_mabniyat/letters_answers.json#4
26,75,3,مَا,ما,أَفَرَأَيْتُمْ,كُنْتُمْ,ISM_MAWSOOL,ISM_MAWSOOL,ISM_MAWSOOL|ISM_MABNI|HARF,Hypothesis,True,registry-exact-hypothesis:exact:02_mabniyat/relative_pronouns.json#13
26,77,4,إِلَّا,إلا,لِي,رَبَّ,HARF,HARF,,Certificate,False,MASAQ:106
26,82,3,أَنْ,أن,أَطْمَعُ,يَغْفِرَ,HARF,HARF,HARF,Certificate,False,registry:plain:02_mabniyat/present_naseb_tools.json#1
26,85,2,مِنْ,من,وَاجْعَلْنِي,وَرَثَةِ,HARF,HARF,HARF,Hypothesis,True,registry-exact-hypothesis:exact:02_mabniyat/preposition_meanings.json#34
26,86,5,مِنَ,من,كَانَ,الضَّالِّينَ,HARF,HARF,HARF,Hypothesis,True,registry-exact-hypothesis:exact:02_mabniyat/preposition_meanings.json#32
26,89,1,إِلَّا,إلا,,مَنْ,HARF,HARF,,Certificate,False,MASAQ:106
26,89,2,مَنْ,من,إِلَّا,أَتَى,ISM_MAWSOOL,ISM_MAWSOOL,ISM_MAWSOOL|ISM_MABNI|HARF,Hypothesis,True,registry-exact-hypothesis:exact:02_mabniyat/relative_pronouns.json#3
26,93,1,مِنْ,من,,دُونِ,HARF,HARF,HARF,Hypothesis,True,registry-exact-hypothesis:exact:02_mabniyat/preposition_meanings.json#34
26,93,2,دُونِ,دون,مِنْ,اللَّهِ,ISM_MUARAB,ISM_MUARAB,,Certificate,False,MASAQ:310
26,97,2,إِنْ,إن,تَاللَّهِ,كُنَّا,HARF,HARF,HARF,Certificate,False,registry:exact:02_mabniyat/conditional_letters_tools.json#1
26,99,3,إِلَّا,إلا,أَضَلَّنَا,الْمُجْرِمُونَ,HARF,HARF,,Certificate,False,MASAQ:106
26,100,3,مِنْ,من,لَنَا,شَافِعِينَ,HARF,HARF,HARF,Hypothesis,True,registry-exact-hypothesis:exact:02_mabniyat/preposition_meanings.json#34
26,102,2,أَنَّ,أن,فَلَوْ,لَنَا,HARF,HARF,HARF,Certificate,False,registry:exact:02_mabniyat/copulative_particle.json#2
26,102,6,مِنَ,من,فَنَكُونَ,الْمُؤْمِنِينَ,HARF,HARF,HARF,Hypothesis,True,registry-exact-hypothesis:exact:02_mabniyat/preposition_meanings.json#32
26,103,1,إِنَّ,إن,,فِي,HARF,HARF,HARF,Certificate,False,registry:exact:02_mabniyat/letters_answers.json#4
26,109,4,مِنْ,من,عَلَيْهِ,أَجْرٍ,HARF,HARF,HARF,Hypothesis,True,registry-exact-hypothesis:exact:02_mabniyat/preposition_meanings.json#34
26,109,6,إِنْ,إن,أَجْرٍ,أَجْرِيَ,HARF,HARF,HARF,Certificate,False,registry:exact:02_mabniyat/conditional_letters_tools.json#1
26,109,8,إِلَّا,إلا,أَجْرِيَ,عَلَى,HARF,HARF,,Certificate,False,MASAQ:106
26,112,4,بِمَا,بما,عِلْمِي,كَانُوا,ISM_MAWSOOL,ISM_MAWSOOL,ISM_MAWSOOL|ISM_MABNI|HARF,Certificate,True,MASAQ:48
26,113,1,إِنْ,إن,,حِسَابُهُمْ,HARF,HARF,HARF,Certificate,False,registry:exact:02_mabniyat/conditional_letters_tools.json#1
26,113,3,إِلَّا,إلا,حِسَابُهُمْ,عَلَى,HARF,HARF,,Certificate,False,MASAQ:106
26,115,1,إِنْ,إن,,أَنَا,HARF,HARF,HARF,Certificate,False,registry:exact:02_mabniyat/conditional_letters_tools.json#1
26,115,3,إِلَّا,إلا,أَنَا,نَذِيرٌ,HARF,HARF,,Certificate,False,MASAQ:106
26,116,7,مِنَ,من,لَتَكُونَنَّ,الْمَرْجُومِينَ,HARF,HARF,HARF,Hypothesis,True,registry-exact-hypothesis:exact:02_mabniyat/preposition_meanings.json#32
26,117,3,إِنَّ,إن,رَبِّ,قَوْمِي,HARF,HARF,HARF,Certificate,False,registry:exact:02_mabniyat/letters_answers.json#4
26,118,8,مِنَ,من,مَعِيَ,الْمُؤْمِنِينَ,HARF,HARF,HARF,Hypothesis,True,registry-exact-hypothesis:exact:02_mabniyat/preposition_meanings.json#32
26,121,1,إِنَّ,إن,,فِي,HARF,HARF,HARF,Certificate,False,registry:exact:02_mabniyat/letters_answers.json#4
26,127,4,مِنْ,من,عَلَيْهِ,أَجْرٍ,HARF,HARF,HARF,Hypothesis,True,registry-exact-hypothesis:exact:02_mabniyat/preposition_meanings.json#34
26,127,6,إِنْ,إن,أَجْرٍ,أَجْرِيَ,HARF,HARF,HARF,Certificate,False,registry:exact:02_mabniyat/conditional_letters_tools.json#1
26,127,8,إِلَّا,إلا,أَجْرِيَ,عَلَى,HARF,HARF,,Certificate,False,MASAQ:106
26,132,4,بِمَا,بما,أَمَدَّكُمْ,تَعْلَمُونَ,ISM_MAWSOOL,ISM_MAWSOOL,ISM_MAWSOOL|ISM_MABNI|HARF,Certificate,True,MASAQ:48
26,136,8,مِنَ,من,تَكُنْ,الْوَاعِظِينَ,HARF,HARF,HARF,Hypothesis,True,registry-exact-hypothesis:exact:02_mabniyat/preposition_meanings.json#32
26,137,1,إِنْ,إن,,هَذَا,HARF,HARF,HARF,Certificate,False,registry:exact:02_mabniyat/conditional_letters_tools.json#1
26,137,3,إِلَّا,إلا,هَذَا,خُلُقُ,HARF,HARF,,Certificate,False,MASAQ:106
26,139,3,إِنَّ,إن,فَأَهْلَكْنَاهُمْ,فِي,HARF,HARF,HARF,Certificate,False,registry:exact:02_mabniyat/letters_answers.json#4
26,145,4,مِنْ,من,عَلَيْهِ,أَجْرٍ,HARF,HARF,HARF,Hypothesis,True,registry-exact-hypothesis:exact:02_mabniyat/preposition_meanings.json#34
26,145,6,إِنْ,إن,أَجْرٍ,أَجْرِيَ,HARF,HARF,HARF,Certificate,False,registry:exact:02_mabniyat/conditional_letters_tools.json#1
26,145,8,إِلَّا,إلا,أَجْرِيَ,عَلَى,HARF,HARF,,Certificate,False,MASAQ:106
26,146,3,مَا,ما,فِي,هَاهُنَا,ISM_MAWSOOL,ISM_MAWSOOL,ISM_MAWSOOL|ISM_MABNI|HARF,Hypothesis,True,registry-exact-hypothesis:exact:02_mabniyat/relative_pronouns.json#13
26,149,2,مِنَ,من,وَتَنْحِتُونَ,الْجِبَالِ,HARF,HARF,HARF,Hypothesis,True,registry-exact-hypothesis:exact:02_mabniyat/preposition_meanings.json#32
26,153,4,مِنَ,من,أَنْتَ,الْمُسَحَّرِينَ,HARF,HARF,HARF,Hypothesis,True,registry-exact-hypothesis:exact:02_mabniyat/preposition_meanings.json#32
26,154,1,مَا,ما,,أَنْتَ,HARF,ISM_MAWSOOL,ISM_MAWSOOL|ISM_MABNI|HARF,Hypothesis,True,registry-exact-hypothesis:exact:02_mabniyat/relative_pronouns.json#13
26,154,3,إِلَّا,إلا,أَنْتَ,بَشَرٌ,HARF,HARF,,Certificate,False,MASAQ:106
26,154,8,إِنْ,إن,بِآيَةٍ,كُنْتَ,HARF,HARF,HARF,Certificate,False,registry:exact:02_mabniyat/conditional_letters_tools.json#1
26,154,10,مِنَ,من,كُنْتَ,الصَّادِقِينَ,HARF,HARF,HARF,Hypothesis,True,registry-exact-hypothesis:exact:02_mabniyat/preposition_meanings.json#32
26,158,3,إِنَّ,إن,الْعَذَابُ,فِي,HARF,HARF,HARF,Certificate,False,registry:exact:02_mabniyat/letters_answers.json#4
26,164,4,مِنْ,من,عَلَيْهِ,أَجْرٍ,HARF,HARF,HARF,Hypothesis,True,registry-exact-hypothesis:exact:02_mabniyat/preposition_meanings.json#34
26,164,6,إِنْ,إن,أَجْرٍ,أَجْرِيَ,HARF,HARF,HARF,Certificate,False,registry:exact:02_mabniyat/conditional_letters_tools.json#1
26,164,8,إِلَّا,إلا,أَجْرِيَ,عَلَى,HARF,HARF,,Certificate,False,MASAQ:106
26,165,3,مِنَ,من,الذُّكْرَانَ,الْعَالَمِينَ,HARF,HARF,HARF,Hypothesis,True,registry-exact-hypothesis:exact:02_mabniyat/preposition_meanings.json#32
26,166,2,مَا,ما,وَتَذَرُونَ,خَلَقَ,ISM_MAWSOOL,ISM_MAWSOOL,ISM_MAWSOOL|ISM_MABNI|HARF,Hypothesis,True,registry-exact-hypothesis:exact:02_mabniyat/relative_pronouns.json#13
26,166,6,مِنْ,من,رَبُّكُمْ,أَزْوَاجِكُمْ,HARF,HARF,HARF,Hypothesis,True,registry-exact-hypothesis:exact:02_mabniyat/preposition_meanings.json#34
26,167,7,مِنَ,من,لَتَكُونَنَّ,الْمُخْرَجِينَ,HARF,HARF,HARF,Hypothesis,True,registry-exact-hypothesis:exact:02_mabniyat/preposition_meanings.json#32
26,168,4,مِنَ,من,لِعَمَلِكُمْ,الْقَالِينَ,HARF,HARF,HARF,Hypothesis,True,registry-exact-hypothesis:exact:02_mabniyat/preposition_meanings.json#32
26,171,1,إِلَّا,إلا,,عَجُوزَاً,HARF,HARF,,Certificate,False,MASAQ:106
26,174,1,إِنَّ,إن,,فِي,HARF,HARF,HARF,Certificate,False,registry:exact:02_mabniyat/letters_answers.json#4
26,180,4,مِنْ,من,عَلَيْهِ,أَجْرٍ,HARF,HARF,HARF,Hypothesis,True,registry-exact-hypothesis:exact:02_mabniyat/preposition_meanings.json#34
26,180,6,إِنْ,إن,أَجْرٍ,أَجْرِيَ,HARF,HARF,HARF,Certificate,False,registry:exact:02_mabniyat/conditional_letters_tools.json#1
26,180,8,إِلَّا,إلا,أَجْرِيَ,عَلَى,HARF,HARF,,Certificate,False,MASAQ:106
26,181,5,مِنَ,من,تَكُونُوا,الْمُخْسِرِينَ,HARF,HARF,HARF,Hypothesis,True,registry-exact-hypothesis:exact:02_mabniyat/preposition_meanings.json#32
26,185,4,مِنَ,من,أَنْتَ,الْمُسَحَّرِينَ,HARF,HARF,HARF,Hypothesis,True,registry-exact-hypothesis:exact:02_mabniyat/preposition_meanings.json#32
26,186,3,إِلَّا,إلا,أَنْتَ,بَشَرٌ,HARF,HARF,,Certificate,False,MASAQ:106
26,187,4,مِنَ,من,كِسَفَاً,السَّمَاءِ,HARF,HARF,HARF,Hypothesis,True,registry-exact-hypothesis:exact:02_mabniyat/preposition_meanings.json#32
26,187,6,إِنْ,إن,السَّمَاءِ,كُنْتَ,HARF,HARF,HARF,Certificate,False,registry:exact:02_mabniyat/conditional_letters_tools.json#1
26,187,8,مِنَ,من,كُنْتَ,الصَّادِقِينَ,HARF,HARF,HARF,Hypothesis,True,registry-exact-hypothesis:exact:02_mabniyat/preposition_meanings.json#32
26,188,4,بِمَا,بما,أَعْلَمُ,تَعْمَلُونَ,ISM_MAWSOOL,ISM_MAWSOOL,ISM_MAWSOOL|ISM_MABNI|HARF,Certificate,True,MASAQ:48
26,190,1,إِنَّ,إن,,فِي,HARF,HARF,HARF,Certificate,False,registry:exact:02_mabniyat/letters_answers.json#4
26,194,4,مِنَ,من,لِتَكُونَ,الْمُنْذِرِينَ,HARF,HARF,HARF,Hypothesis,True,registry-exact-hypothesis:exact:02_mabniyat/preposition_meanings.json#32
26,197,5,أَنْ,أن,آيَةً,يَعْلَمَهُ,HARF,HARF,HARF,Certificate,False,registry:plain:02_mabniyat/present_naseb_tools.json#1
26,199,3,مَا,ما,عَلَيْهِمْ,كَانُوا,HARF,ISM_MAWSOOL,ISM_MAWSOOL|ISM_MABNI|HARF,Hypothesis,True,registry-exact-hypothesis:exact:02_mabniyat/relative_pronouns.json#13
26,201,4,حَتَّى,حتى,بِهِ,يَرَوُا,HARF,HARF,HARF,Certificate,False,registry:exact:02_mabniyat/preposition_meanings.json#48
26,205,2,إِنْ,إن,أَفَرَأَيْتَ,مَتَّعْنَاهُمْ,HARF,HARF,HARF,Certificate,False,registry:exact:02_mabniyat/conditional_letters_tools.json#1
26,206,3,مَا,ما,جَاءَهُمْ,كَانُوا,ISM_MAWSOOL,ISM_MAWSOOL,ISM_MAWSOOL|ISM_MABNI|HARF,Hypothesis,True,registry-exact-hypothesis:exact:02_mabniyat/relative_pronouns.json#13
26,207,1,مَا,ما,,أَغْنَى,HARF,ISM_MAWSOOL,ISM_MAWSOOL|ISM_MABNI|HARF,Hypothesis,True,registry-exact-hypothesis:exact:02_mabniyat/relative_pronouns.json#13
26,207,4,مَا,ما,عَنْهُمْ,كَانُوا,ISM_MAWSOOL,ISM_MAWSOOL,ISM_MAWSOOL|ISM_MABNI|HARF,Hypothesis,True,registry-exact-hypothesis:exact:02_mabniyat/relative_pronouns.json#13
26,208,3,مِنْ,من,أَهْلَكْنَا,قَرْيَةٍ,HARF,HARF,HARF,Hypothesis,True,registry-exact-hypothesis:exact:02_mabniyat/preposition_meanings.json#34
26,208,5,إِلَّا,إلا,قَرْيَةٍ,لَهَا,HARF,HARF,,Certificate,False,MASAQ:106
26,213,8,مِنَ,من,فَتَكُونَ,الْمُعَذَّبِينَ,HARF,HARF,HARF,Hypothesis,True,registry-exact-hypothesis:exact:02_mabniyat/preposition_meanings.json#32
26,215,5,مِنَ,من,اتَّبَعَكَ,الْمُؤْمِنِينَ,HARF,HARF,HARF,Hypothesis,True,registry-exact-hypothesis:exact:02_mabniyat/preposition_meanings.json#32
26,226,3,مَا,ما,يَقُولُونَ,لَا,ISM_MAWSOOL,ISM_MAWSOOL,ISM_MAWSOOL|ISM_MABNI|HARF,Hypothesis,True,registry-exact-hypothesis:exact:02_mabniyat/relative_pronouns.json#13
26,227,1,إِلَّا,إلا,,الَّذِينَ,HARF,HARF,,Certificate,False,MASAQ:106
26,227,10,مِنْ,من,وَانْتَصَرُوا,بَعْدِ,HARF,HARF,HARF,Hypothesis,True,registry-exact-hypothesis:exact:02_mabniyat/preposition_meanings.json#34
26,227,12,مَا,ما,بَعْدِ,ظُلِمُوا,HARF,ISM_MAWSOOL,ISM_MAWSOOL|ISM_MABNI|HARF,Hypothesis,True,registry-exact-hypothesis:exact:02_mabniyat/relative_pronouns.json#13
26,227,17,أَيَّ,أي,ظَلَمُوا,مُنْقَلَبٍ,HARF,ISM_MABNI,ISM_MABNI|HARF,Hypothesis,True,registry-exact-hypothesis:exact:02_mabniyat/conditional_letters_tools.json#21
27,4,1,إِنَّ,إن,,الَّذِينَ,HARF,HARF,HARF,Certificate,False,registry:exact:02_mabniyat/letters_answers.json#4
27,6,4,مِنْ,من,الْقُرْآنَ,لَدُنْ,HARF,HARF,HARF,Hypothesis,True,registry-exact-hypothesis:exact:02_mabniyat/preposition_meanings.json#34
27,8,4,أَنْ,أن,نُودِيَ,بُورِكَ,HARF,HARF,HARF,Certificate,False,registry:plain:02_mabniyat/present_naseb_tools.json#1
27,8,6,مَنْ,من,بُورِكَ,فِي,ISM_MAWSOOL,ISM_MAWSOOL,ISM_MAWSOOL|ISM_MABNI|HARF,Hypothesis,True,registry-exact-hypothesis:exact:02_mabniyat/relative_pronouns.json#3
27,11,1,إِلَّا,إلا,,مَنْ,HARF,HARF,,Certificate,False,MASAQ:106
27,11,2,مَنْ,من,إِلَّا,ظَلَمَ,ISM_MAWSOOL,ISM_MAWSOOL,ISM_MAWSOOL|ISM_MABNI|HARF,Hypothesis,True,registry-exact-hypothesis:exact:02_mabniyat/relative_pronouns.json#3
27,12,7,مِنْ,من,بَيْضَاءَ,غَيْرِ,HARF,HARF,HARF,Hypothesis,True,registry-exact-hypothesis:exact:02_mabniyat/preposition_meanings.json#34
27,12,8,غَيْرِ,غير,مِنْ,سُوءٍ,ISM_MUARAB,ISM_MUARAB,,Certificate,False,MASAQ:25
27,15,13,مِنْ,من,كَثِيرٍ,عِبَادِهِ,HARF,HARF,HARF,Hypothesis,True,registry-exact-hypothesis:exact:02_mabniyat/preposition_meanings.json#34
27,16,11,مِنْ,من,وَأُوتِينَا,كُلِّ,HARF,HARF,HARF,Hypothesis,True,registry-exact-hypothesis:exact:02_mabniyat/preposition_meanings.json#34
27,16,14,إِنَّ,إن,شَيْءٍ,هَذَا,HARF,HARF,HARF,Certificate,False,registry:exact:02_mabniyat/letters_answers.json#4
27,17,4,مِنَ,من,جُنُودُهُ,الْجِنِّ,HARF,HARF,HARF,Hypothesis,True,registry-exact-hypothesis:exact:02_mabniyat/preposition_meanings.json#32
27,18,1,حَتَّى,حتى,,إِذَا,HARF,HARF,HARF,Certificate,False,registry:exact:02_mabniyat/preposition_meanings.json#48
27,19,3,مِنْ,من,ضَاحِكَاً,قَوْلِهَا,HARF,HARF,HARF,Hypothesis,True,registry-exact-hypothesis:exact:02_mabniyat/preposition_meanings.json#34
27,19,8,أَنْ,أن,أَوْزِعْنِي,أَشْكُرَ,HARF,HARF,HARF,Certificate,False,registry:plain:02_mabniyat/present_naseb_tools.json#1
27,20,4,مَا,ما,فَقَالَ,لِيَ,HARF,ISM_MAWSOOL,ISM_MAWSOOL|ISM_MABNI|HARF,Hypothesis,True,registry-exact-hypothesis:exact:02_mabniyat/relative_pronouns.json#13
27,20,11,مِنَ,من,كَانَ,الْغَائِبِينَ,HARF,HARF,HARF,Hypothesis,True,registry-exact-hypothesis:exact:02_mabniyat/preposition_meanings.json#32
27,22,2,غَيْرَ,غير,فَمَكَثَ,بَعِيدٍ,ISM_MUARAB,ISM_MUARAB,,Certificate,False,MASAQ:870
27,22,6,بِمَا,بما,أَحَطْتُ,لَمْ,ISM_MAWSOOL,ISM_MAWSOOL,ISM_MAWSOOL|ISM_MABNI|HARF,Certificate,True,MASAQ:48
27,22,11,مِنْ,من,وَجِئْتُكَ,سَبَإٍ,HARF,HARF,HARF,Hypothesis,True,registry-exact-hypothesis:exact:02_mabniyat/preposition_meanings.json#34
27,23,6,مِنْ,من,وَأُوتِيَتْ,كُلِّ,HARF,HARF,HARF,Hypothesis,True,registry-exact-hypothesis:exact:02_mabniyat/preposition_meanings.json#34
27,24,5,مِنْ,من,لِلشَّمْسِ,دُونِ,HARF,HARF,HARF,Hypothesis,True,registry-exact-hypothesis:exact:02_mabniyat/preposition_meanings.json#34
27,24,6,دُونِ,دون,مِنْ,اللَّهِ,ISM_MUARAB,ISM_MUARAB,,Certificate,False,MASAQ:310
27,25,11,مَا,ما,وَيَعْلَمُ,تُخْفُونَ,ISM_MAWSOOL,ISM_MAWSOOL,ISM_MAWSOOL|ISM_MABNI|HARF,Hypothesis,True,registry-exact-hypothesis:exact:02_mabniyat/relative_pronouns.json#13
27,26,4,إِلَّا,إلا,إِلَهَ,هُوَ,HARF,HARF,,Certificate,False,MASAQ:106
27,27,6,مِنَ,من,كُنْتَ,الْكَاذِبِينَ,HARF,HARF,HARF,Hypothesis,True,registry-exact-hypothesis:exact:02_mabniyat/preposition_meanings.json#32
27,30,2,مِنْ,من,إِنَّهُ,سُلَيْمَانَ,HARF,HARF,HARF,Hypothesis,True,registry-exact-hypothesis:exact:02_mabniyat/preposition_meanings.json#34
27,32,7,مَا,ما,أَمْرِي,كُنْتُ,HARF,ISM_MAWSOOL,ISM_MAWSOOL|ISM_MABNI|HARF,Hypothesis,True,registry-exact-hypothesis:exact:02_mabniyat/relative_pronouns.json#13
27,32,11,حَتَّى,حتى,أَمْرَاً,تَشْهَدُونِ,HARF,HARF,HARF,Certificate,False,registry:exact:02_mabniyat/preposition_meanings.json#48
27,34,2,إِنَّ,إن,قَالَتْ,الْمُلُوكَ,HARF,HARF,HARF,Certificate,False,registry:exact:02_mabniyat/letters_answers.json#4
27,38,8,أَنْ,أن,قَبْلَ,يَأْتُونِي,HARF,HARF,HARF,Certificate,False,registry:plain:02_mabniyat/present_naseb_tools.json#1
27,39,3,مِنَ,من,عِفْرِيتٌ,الْجِنِّ,HARF,HARF,HARF,Hypothesis,True,registry-exact-hypothesis:exact:02_mabniyat/preposition_meanings.json#32
27,39,9,أَنْ,أن,قَبْلَ,تَقُومَ,HARF,HARF,HARF,Certificate,False,registry:plain:02_mabniyat/present_naseb_tools.json#1
27,39,11,مِنْ,من,تَقُومَ,مَقَامِكَ,HARF,HARF,HARF,Hypothesis,True,registry-exact-hypothesis:exact:02_mabniyat/preposition_meanings.json#34
27,40,5,مِنَ,من,عِلْمٌ,الْكِتَابِ,HARF,HARF,HARF,Hypothesis,True,registry-exact-hypothesis:exact:02_mabniyat/preposition_meanings.json#32
27,40,11,أَنْ,أن,قَبْلَ,يَرْتَدَّ,HARF,HARF,HARF,Certificate,False,registry:plain:02_mabniyat/present_naseb_tools.json#1
27,40,21,مِنْ,من,هَذَا,فَضْلِ,HARF,HARF,HARF,Hypothesis,True,registry-exact-hypothesis:exact:02_mabniyat/preposition_meanings.json#34
27,41,9,مِنَ,من,تَكُونُ,الَّذِينَ,HARF,HARF,HARF,Hypothesis,True,registry-exact-hypothesis:exact:02_mabniyat/preposition_meanings.json#32
27,42,11,مِنْ,من,الْعِلْمَ,قَبْلِهَا,HARF,HARF,HARF,Hypothesis,True,registry-exact-hypothesis:exact:02_mabniyat/preposition_meanings.json#34
27,43,2,مَا,ما,وَصَدَّهَا,كَانَتْ,ISM_MAWSOOL,ISM_MAWSOOL,ISM_MAWSOOL|ISM_MABNI|HARF,Hypothesis,True,registry-exact-hypothesis:exact:02_mabniyat/relative_pronouns.json#13
27,43,5,مِنْ,من,تَعْبُدُ,دُونِ,HARF,HARF,HARF,Hypothesis,True,registry-exact-hypothesis:exact:02_mabniyat/preposition_meanings.json#34
27,43,6,دُونِ,دون,مِنْ,اللَّهِ,ISM_MUARAB,ISM_MUARAB,,Certificate,False,MASAQ:310
27,43,10,مِنْ,من,كَانَتْ,قَوْمٍ,HARF,HARF,HARF,Hypothesis,True,registry-exact-hypothesis:exact:02_mabniyat/preposition_meanings.json#34
27,44,16,مِنْ,من,مُمَرَّدٌ,قَوَارِيرَ,HARF,HARF,HARF,Hypothesis,True,registry-exact-hypothesis:exact:02_mabniyat/preposition_meanings.json#34
27,45,7,أَنِ,أن,صَالِحَاً,اعْبُدُوا,HARF,HARF,HARF,Certificate,False,registry:plain:02_mabniyat/present_naseb_tools.json#1
27,49,9,مَا,ما,لِوَلِيِّهِ,شَهِدْنَا,HARF,ISM_MAWSOOL,ISM_MAWSOOL|ISM_MABNI|HARF,Hypothesis,True,registry-exact-hypothesis:exact:02_mabniyat/relative_pronouns.json#13
27,52,4,بِمَا,بما,خَاوِيَةً,ظَلَمُوا,ISM_MAWSOOL,ISM_MAWSOOL,ISM_MAWSOOL|ISM_MABNI|HARF,Certificate,True,MASAQ:48
27,52,6,إِنَّ,إن,ظَلَمُوا,فِي,HARF,HARF,HARF,Certificate,False,registry:exact:02_mabniyat/letters_answers.json#4
27,55,5,مِنْ,من,شَهْوَةً,دُونِ,HARF,HARF,HARF,Hypothesis,True,registry-exact-hypothesis:exact:02_mabniyat/preposition_meanings.json#34
27,55,6,دُونِ,دون,مِنْ,النِّسَاءِ,ISM_MUARAB,ISM_MUARAB,,Certificate,False,MASAQ:310
27,56,5,إِلَّا,إلا,قَوْمِهِ,أَنْ,HARF,HARF,,Certificate,False,MASAQ:106
27,56,6,أَنْ,أن,إِلَّا,قَالُوا,HARF,HARF,HARF,Certificate,False,registry:plain:02_mabniyat/present_naseb_tools.json#1
27,56,11,مِنْ,من,لُوطٍ,قَرْيَتِكُمْ,HARF,HARF,HARF,Hypothesis,True,registry-exact-hypothesis:exact:02_mabniyat/preposition_meanings.json#34
27,57,3,إِلَّا,إلا,وَأَهْلَهُ,امْرَأَتَهُ,HARF,HARF,,Certificate,False,MASAQ:106
27,57,6,مِنَ,من,قَدَّرْنَاهَا,الْغَابِرِينَ,HARF,HARF,HARF,Hypothesis,True,registry-exact-hypothesis:exact:02_mabniyat/preposition_meanings.json#32
27,60,7,مِنَ,من,لَكُمْ,السَّمَاءِ,HARF,HARF,HARF,Hypothesis,True,registry-exact-hypothesis:exact:02_mabniyat/preposition_meanings.json#32
27,60,15,مَا,ما,بَهْجَةٍ,كَانَ,HARF,ISM_MAWSOOL,ISM_MAWSOOL|ISM_MABNI|HARF,Hypothesis,True,registry-exact-hypothesis:exact:02_mabniyat/relative_pronouns.json#13
27,60,18,أَنْ,أن,لَكُمْ,تُنْبِتُوا,HARF,HARF,HARF,Certificate,False,registry:plain:02_mabniyat/present_naseb_tools.json#1
27,62,15,مَا,ما,قَلِيلَاً,تَذَكَّرُونَ,HARF,ISM_MAWSOOL,ISM_MAWSOOL|ISM_MABNI|HARF,Hypothesis,True,registry-exact-hypothesis:exact:02_mabniyat/relative_pronouns.json#13
27,64,8,مِنَ,من,يَرْزُقُكُمْ,السَّمَاءِ,HARF,HARF,HARF,Hypothesis,True,registry-exact-hypothesis:exact:02_mabniyat/preposition_meanings.json#32
27,64,17,إِنْ,إن,بُرْهَانَكُمْ,كُنْتُمْ,HARF,HARF,HARF,Certificate,False,registry:exact:02_mabniyat/conditional_letters_tools.json#1
27,65,4,مَنْ,من,يَعْلَمُ,فِي,ISM_MAWSOOL,ISM_MAWSOOL,ISM_MAWSOOL|ISM_MABNI|HARF,Hypothesis,True,registry-exact-hypothesis:exact:02_mabniyat/relative_pronouns.json#3
27,65,9,إِلَّا,إلا,الْغَيْبَ,اللَّهُ,HARF,HARF,,Certificate,False,MASAQ:106
27,68,6,مِنْ,من,وَآبَاؤُنَا,قَبْلُ,HARF,HARF,HARF,Hypothesis,True,registry-exact-hypothesis:exact:02_mabniyat/preposition_meanings.json#34
27,68,8,إِنْ,إن,قَبْلُ,هَذَا,HARF,HARF,HARF,Certificate,False,registry:exact:02_mabniyat/conditional_letters_tools.json#1
27,68,10,إِلَّا,إلا,هَذَا,أَسَاطِيرُ,HARF,HARF,,Certificate,False,MASAQ:106
27,71,5,إِنْ,إن,الْوَعْدُ,كُنْتُمْ,HARF,HARF,HARF,Certificate,False,registry:exact:02_mabniyat/conditional_letters_tools.json#1
27,72,3,أَنْ,أن,عَسَى,يَكُونَ,HARF,HARF,HARF,Certificate,False,registry:plain:02_mabniyat/present_naseb_tools.json#1
27,74,4,مَا,ما,لَيَعْلَمُ,تُكِنُّ,ISM_MAWSOOL,ISM_MAWSOOL,ISM_MAWSOOL|ISM_MABNI|HARF,Hypothesis,True,registry-exact-hypothesis:exact:02_mabniyat/relative_pronouns.json#13
27,75,2,مِنْ,من,وَمَا,غَائِبَةٍ,HARF,HARF,HARF,Hypothesis,True,registry-exact-hypothesis:exact:02_mabniyat/preposition_meanings.json#34
27,75,7,إِلَّا,إلا,وَالْأَرْضِ,فِي,HARF,HARF,,Certificate,False,MASAQ:106
27,76,1,إِنَّ,إن,,هَذَا,HARF,HARF,HARF,Certificate,False,registry:exact:02_mabniyat/letters_answers.json#4
27,78,1,إِنَّ,إن,,رَبَّكَ,HARF,HARF,HARF,Certificate,False,registry:exact:02_mabniyat/letters_answers.json#4
27,81,7,إِنْ,إن,ضَلَالَتِهِمْ,تُسْمِعُ,HARF,HARF,HARF,Certificate,False,registry:exact:02_mabniyat/conditional_letters_tools.json#1
27,81,9,إِلَّا,إلا,تُسْمِعُ,مَنْ,HARF,HARF,,Certificate,False,MASAQ:106
27,81,10,مَنْ,من,إِلَّا,يُؤْمِنُ,ISM_MAWSOOL,ISM_MAWSOOL,ISM_MAWSOOL|ISM_MABNI|HARF,Hypothesis,True,registry-exact-hypothesis:exact:02_mabniyat/relative_pronouns.json#3
27,82,8,مِنَ,من,دَابَّةً,الْأَرْضِ,HARF,HARF,HARF,Hypothesis,True,registry-exact-hypothesis:exact:02_mabniyat/preposition_meanings.json#32
27,82,11,أَنَّ,أن,تُكَلِّمُهُمْ,النَّاسَ,HARF,HARF,HARF,Certificate,False,registry:exact:02_mabniyat/copulative_particle.json#2
27,83,3,مِنْ,من,نَحْشُرُ,كُلِّ,HARF,HARF,HARF,Hypothesis,True,registry-exact-hypothesis:exact:02_mabniyat/preposition_meanings.json#34
27,84,1,حَتَّى,حتى,,إِذَا,HARF,HARF,HARF,Certificate,False,registry:exact:02_mabniyat/preposition_meanings.json#48
27,85,4,بِمَا,بما,عَلَيْهِمْ,ظَلَمُوا,ISM_MAWSOOL,ISM_MAWSOOL,ISM_MAWSOOL|ISM_MABNI|HARF,Certificate,True,MASAQ:48
27,86,10,إِنَّ,إن,مُبْصِرَاً,فِي,HARF,HARF,HARF,Certificate,False,registry:exact:02_mabniyat/letters_answers.json#4
27,87,6,مَنْ,من,فَفَزِعَ,فِي,ISM_MAWSOOL,ISM_MAWSOOL,ISM_MAWSOOL|ISM_MABNI|HARF,Hypothesis,True,registry-exact-hypothesis:exact:02_mabniyat/relative_pronouns.json#3
27,87,12,إِلَّا,إلا,الْأَرْضِ,مَنْ,HARF,HARF,,Certificate,False,MASAQ:106
27,87,13,مَنْ,من,إِلَّا,شَاءَ,ISM_MAWSOOL,ISM_MAWSOOL,ISM_MAWSOOL|ISM_MABNI|HARF,Hypothesis,True,registry-exact-hypothesis:exact:02_mabniyat/relative_pronouns.json#3
27,88,17,بِمَا,بما,خَبِيرٌ,تَفْعَلُونَ,ISM_MAWSOOL,ISM_MAWSOOL,ISM_MAWSOOL|ISM_MABNI|HARF,Certificate,True,MASAQ:48
27,89,1,مَنْ,من,,جَاءَ,HARF,ISM_MAWSOOL,ISM_MAWSOOL|ISM_MABNI|HARF,Hypothesis,True,registry-exact-hypothesis:exact:02_mabniyat/relative_pronouns.json#3
27,89,8,مِنْ,من,وَهُمْ,فَزَعٍ,HARF,HARF,HARF,Hypothesis,True,registry-exact-hypothesis:exact:02_mabniyat/preposition_meanings.json#34
27,90,10,إِلَّا,إلا,تُجْزَوْنَ,مَا,HARF,HARF,,Certificate,False,MASAQ:106
27,90,11,مَا,ما,إِلَّا,كُنْتُمْ,ISM_MAWSOOL,ISM_MAWSOOL,ISM_MAWSOOL|ISM_MABNI|HARF,Hypothesis,True,registry-exact-hypothesis:exact:02_mabniyat/relative_pronouns.json#13
27,91,3,أَنْ,أن,أُمِرْتُ,أَعْبُدَ,HARF,HARF,HARF,Certificate,False,registry:plain:02_mabniyat/present_naseb_tools.json#1
27,91,14,أَنْ,أن,وَأُمِرْتُ,أَكُونَ,HARF,HARF,HARF,Certificate,False,registry:plain:02_mabniyat/present_naseb_tools.json#1
27,91,16,مِنَ,من,أَكُونَ,الْمُسْلِمِينَ,HARF,HARF,HARF,Hypothesis,True,registry-exact-hypothesis:exact:02_mabniyat/preposition_meanings.json#32
27,92,14,مِنَ,من,أَنَا,الْمُنْذِرِينَ,HARF,HARF,HARF,Hypothesis,True,registry-exact-hypothesis:exact:02_mabniyat/preposition_meanings.json#32
28,3,3,مِنْ,من,عَلَيْكَ,نَبَإِ,HARF,HARF,HARF,Hypothesis,True,registry-exact-hypothesis:exact:02_mabniyat/preposition_meanings.json#34
28,4,1,إِنَّ,إن,,فِرْعَوْنَ,HARF,HARF,HARF,Certificate,False,registry:exact:02_mabniyat/letters_answers.json#4
28,4,18,مِنَ,من,كَانَ,الْمُفْسِدِينَ,HARF,HARF,HARF,Hypothesis,True,registry-exact-hypothesis:exact:02_mabniyat/preposition_meanings.json#32
28,5,2,أَنْ,أن,وَنُرِيدُ,نَمُنَّ,HARF,HARF,HARF,Certificate,False,registry:plain:02_mabniyat/present_naseb_tools.json#1
28,6,10,مَا,ما,مِنْهُمْ,كَانُوا,ISM_MAWSOOL,ISM_MAWSOOL,ISM_MAWSOOL|ISM_MABNI|HARF,Hypothesis,True,registry-exact-hypothesis:exact:02_mabniyat/relative_pronouns.json#13
28,7,5,أَنْ,أن,مُوسَى,أَرْضِعِيهِ,HARF,HARF,HARF,Certificate,False,registry:plain:02_mabniyat/present_naseb_tools.json#1
28,7,21,مِنَ,من,وَجَاعِلُوهُ,الْمُرْسَلِينَ,HARF,HARF,HARF,Hypothesis,True,registry-exact-hypothesis:exact:02_mabniyat/preposition_meanings.json#32
28,8,8,إِنَّ,إن,وَحَزَنَاً,فِرْعَوْنَ,HARF,HARF,HARF,Certificate,False,registry:exact:02_mabniyat/letters_answers.json#4
28,9,11,أَنْ,أن,عَسَى,يَنْفَعَنَا,HARF,HARF,HARF,Certificate,False,registry:plain:02_mabniyat/present_naseb_tools.json#1
28,10,6,إِنْ,إن,فَارِغَاً,كَادَتْ,HARF,HARF,HARF,Certificate,False,registry:exact:02_mabniyat/conditional_letters_tools.json#1
28,10,11,أَنْ,أن,لَوْلَا,رَبَطْنَا,HARF,HARF,HARF,Certificate,False,registry:plain:02_mabniyat/present_naseb_tools.json#1
28,10,16,مِنَ,من,لِتَكُونَ,الْمُؤْمِنِينَ,HARF,HARF,HARF,Hypothesis,True,registry-exact-hypothesis:exact:02_mabniyat/preposition_meanings.json#32
28,12,4,مِنْ,من,الْمَرَاضِعَ,قَبْلُ,HARF,HARF,HARF,Hypothesis,True,registry-exact-hypothesis:exact:02_mabniyat/preposition_meanings.json#34
28,13,10,أَنَّ,أن,وَلِتَعْلَمَ,وَعْدَ,HARF,HARF,HARF,Certificate,False,registry:exact:02_mabniyat/copulative_particle.json#2
28,15,6,مِنْ,من,غَفْلَةٍ,أَهْلِهَا,HARF,HARF,HARF,Hypothesis,True,registry-exact-hypothesis:exact:02_mabniyat/preposition_meanings.json#34
28,15,13,مِنْ,من,هَذَا,شِيعَتِهِ,HARF,HARF,HARF,Hypothesis,True,registry-exact-hypothesis:exact:02_mabniyat/preposition_meanings.json#34
28,15,16,مِنْ,من,وَهَذَا,عَدُوِّهِ,HARF,HARF,HARF,Hypothesis,True,registry-exact-hypothesis:exact:02_mabniyat/preposition_meanings.json#34
28,15,20,مِنْ,من,الَّذِي,شِيعَتِهِ,HARF,HARF,HARF,Hypothesis,True,registry-exact-hypothesis:exact:02_mabniyat/preposition_meanings.json#34
28,15,24,مِنْ,من,الَّذِي,عَدُوِّهِ,HARF,HARF,HARF,Hypothesis,True,registry-exact-hypothesis:exact:02_mabniyat/preposition_meanings.json#34
28,15,32,مِنْ,من,هَذَا,عَمَلِ,HARF,HARF,HARF,Hypothesis,True,registry-exact-hypothesis:exact:02_mabniyat/preposition_meanings.json#34
28,17,3,بِمَا,بما,رَبِّ,أَنْعَمْتَ,ISM_MAWSOOL,ISM_MAWSOOL,ISM_MAWSOOL|ISM_MABNI|HARF,Certificate,True,MASAQ:48
28,19,2,أَنْ,أن,فَلَمَّا,أَرَادَ,HARF,HARF,HARF,Certificate,False,registry:plain:02_mabniyat/present_naseb_tools.json#1
28,19,4,أَنْ,أن,أَرَادَ,يَبْطِشَ,HARF,HARF,HARF,Certificate,False,registry:plain:02_mabniyat/present_naseb_tools.json#1
28,19,13,أَنْ,أن,أَتُرِيدُ,تَقْتُلَنِي,HARF,HARF,HARF,Certificate,False,registry:plain:02_mabniyat/present_naseb_tools.json#1
28,19,19,إِنْ,إن,بِالْأَمْسِ,تُرِيدُ,HARF,HARF,HARF,Certificate,False,registry:exact:02_mabniyat/conditional_letters_tools.json#1
28,19,21,إِلَّا,إلا,تُرِيدُ,أَنْ,HARF,HARF,,Certificate,False,MASAQ:106
28,19,22,أَنْ,أن,إِلَّا,تَكُونَ,HARF,HARF,HARF,Certificate,False,registry:plain:02_mabniyat/present_naseb_tools.json#1
28,19,29,أَنْ,أن,تُرِيدُ,تَكُونَ,HARF,HARF,HARF,Certificate,False,registry:plain:02_mabniyat/present_naseb_tools.json#1
28,19,31,مِنَ,من,تَكُونَ,الْمُصْلِحِينَ,HARF,HARF,HARF,Hypothesis,True,registry-exact-hypothesis:exact:02_mabniyat/preposition_meanings.json#32
28,20,3,مِنْ,من,رَجُلٌ,أَقْصَى,HARF,HARF,HARF,Hypothesis,True,registry-exact-hypothesis:exact:02_mabniyat/preposition_meanings.json#34
28,20,9,إِنَّ,إن,يَامُوسَى,الْمَلَأَ,HARF,HARF,HARF,Certificate,False,registry:exact:02_mabniyat/letters_answers.json#4
28,20,17,مِنَ,من,لَكَ,النَّاصِحِينَ,HARF,HARF,HARF,Hypothesis,True,registry-exact-hypothesis:exact:02_mabniyat/preposition_meanings.json#32
28,21,8,مِنَ,من,نَجِّنِي,الْقَوْمِ,HARF,HARF,HARF,Hypothesis,True,registry-exact-hypothesis:exact:02_mabniyat/preposition_meanings.json#32
28,22,8,أَنْ,أن,رَبِّي,يَهْدِيَنِي,HARF,HARF,HARF,Certificate,False,registry:plain:02_mabniyat/present_naseb_tools.json#1
28,23,8,مِنَ,من,أُمَّةً,النَّاسِ,HARF,HARF,HARF,Hypothesis,True,registry-exact-hypothesis:exact:02_mabniyat/preposition_meanings.json#32
28,23,12,مِنْ,من,وَوَجَدَ,دُونِهِمُ,HARF,HARF,HARF,Hypothesis,True,registry-exact-hypothesis:exact:02_mabniyat/preposition_meanings.json#34
28,23,22,حَتَّى,حتى,نَسْقِي,يُصْدِرَ,HARF,HARF,HARF,Certificate,False,registry:exact:02_mabniyat/preposition_meanings.json#48
28,24,13,مِنْ,من,إِلَيَّ,خَيْرٍ,HARF,HARF,HARF,Hypothesis,True,registry-exact-hypothesis:exact:02_mabniyat/preposition_meanings.json#34
28,25,7,إِنَّ,إن,قَالَتْ,أَبِي,HARF,HARF,HARF,Certificate,False,registry:exact:02_mabniyat/letters_answers.json#4
28,25,12,مَا,ما,أَجْرَ,سَقَيْتَ,ISM_MAWSOOL,ISM_MAWSOOL,ISM_MAWSOOL|ISM_MABNI|HARF,Hypothesis,True,registry-exact-hypothesis:exact:02_mabniyat/relative_pronouns.json#13
28,25,24,مِنَ,من,نَجَوْتَ,الْقَوْمِ,HARF,HARF,HARF,Hypothesis,True,registry-exact-hypothesis:exact:02_mabniyat/preposition_meanings.json#32
28,26,5,إِنَّ,إن,اسْتَأْجِرْهُ,خَيْرَ,HARF,HARF,HARF,Certificate,False,registry:exact:02_mabniyat/letters_answers.json#4
28,26,7,مَنِ,من,خَيْرَ,اسْتَأْجَرْتَ,ISM_MAWSOOL,ISM_MAWSOOL,ISM_MAWSOOL|ISM_MABNI|HARF,Certificate,True,MASAQ:3539
28,27,4,أَنْ,أن,أُرِيدُ,أُنْكِحَكَ,HARF,HARF,HARF,Certificate,False,registry:plain:02_mabniyat/present_naseb_tools.json#1
28,27,10,أَنْ,أن,عَلَى,تَأْجُرَنِي,HARF,HARF,HARF,Certificate,False,registry:plain:02_mabniyat/present_naseb_tools.json#1
28,27,21,أَنْ,أن,أُرِيدُ,أَشُقَّ,HARF,HARF,HARF,Certificate,False,registry:plain:02_mabniyat/present_naseb_tools.json#1
28,27,25,إِنْ,إن,سَتَجِدُنِي,شَاءَ,HARF,HARF,HARF,Certificate,False,registry:exact:02_mabniyat/conditional_letters_tools.json#1
28,27,28,مِنَ,من,اللَّهُ,الصَّالِحِينَ,HARF,HARF,HARF,Hypothesis,True,registry-exact-hypothesis:exact:02_mabniyat/preposition_meanings.json#32
28,28,13,مَا,ما,عَلَى,نَقُولُ,ISM_MAWSOOL,ISM_MAWSOOL,ISM_MAWSOOL|ISM_MABNI|HARF,Hypothesis,True,registry-exact-hypothesis:exact:02_mabniyat/relative_pronouns.json#13
28,29,8,مِنْ,من,آنَسَ,جَانِبِ,HARF,HARF,HARF,Hypothesis,True,registry-exact-hypothesis:exact:02_mabniyat/preposition_meanings.json#34
28,29,24,مِنَ,من,جَذْوَةٍ,النَّارِ,HARF,HARF,HARF,Hypothesis,True,registry-exact-hypothesis:exact:02_mabniyat/preposition_meanings.json#32
28,30,4,مِنْ,من,نُودِيَ,شَاطِئِ,HARF,HARF,HARF,Hypothesis,True,registry-exact-hypothesis:exact:02_mabniyat/preposition_meanings.json#34
28,30,11,مِنَ,من,الْمُبَارَكَةِ,الشَّجَرَةِ,HARF,HARF,HARF,Hypothesis,True,registry-exact-hypothesis:exact:02_mabniyat/preposition_meanings.json#32
28,30,13,أَنْ,أن,الشَّجَرَةِ,يَامُوسَى,HARF,HARF,HARF,Certificate,False,registry:plain:02_mabniyat/present_naseb_tools.json#1
28,31,18,مِنَ,من,إِنَّكَ,الْآمِنِينَ,HARF,HARF,HARF,Hypothesis,True,registry-exact-hypothesis:exact:02_mabniyat/preposition_meanings.json#32
28,32,7,مِنْ,من,بَيْضَاءَ,غَيْرِ,HARF,HARF,HARF,Hypothesis,True,registry-exact-hypothesis:exact:02_mabniyat/preposition_meanings.json#34
28,32,8,غَيْرِ,غير,مِنْ,سُوءٍ,ISM_MUARAB,ISM_MUARAB,,Certificate,False,MASAQ:25
28,32,13,مِنَ,من,جَنَاحَكَ,الرَّهْبِ,HARF,HARF,HARF,Hypothesis,True,registry-exact-hypothesis:exact:02_mabniyat/preposition_meanings.json#32
28,32,17,مِنْ,من,بُرْهَانَانِ,رَبِّكَ,HARF,HARF,HARF,Hypothesis,True,registry-exact-hypothesis:exact:02_mabniyat/preposition_meanings.json#34
28,33,8,أَنْ,أن,فَأَخَافُ,يَقْتُلُونِ,HARF,HARF,HARF,Certificate,False,registry:plain:02_mabniyat/present_naseb_tools.json#1
28,34,13,أَنْ,أن,أَخَافُ,يُكَذِّبُونِ,HARF,HARF,HARF,Certificate,False,registry:plain:02_mabniyat/present_naseb_tools.json#1
28,36,7,مَا,ما,قَالُوا,هَذَا,HARF,ISM_MAWSOOL,ISM_MAWSOOL|ISM_MABNI|HARF,Hypothesis,True,registry-exact-hypothesis:exact:02_mabniyat/relative_pronouns.json#13
28,36,9,إِلَّا,إلا,هَذَا,سِحْرٌ,HARF,HARF,,Certificate,False,MASAQ:106
28,37,8,مِنْ,من,بِالْهُدَى,عِنْدِهِ,HARF,HARF,HARF,Hypothesis,True,registry-exact-hypothesis:exact:02_mabniyat/preposition_meanings.json#34
28,38,5,مَا,ما,الْمَلَأُ,عَلِمْتُ,HARF,ISM_MAWSOOL,ISM_MAWSOOL|ISM_MABNI|HARF,Hypothesis,True,registry-exact-hypothesis:exact:02_mabniyat/relative_pronouns.json#13
28,38,8,مِنْ,من,لَكُمْ,إِلَهٍ,HARF,HARF,HARF,Hypothesis,True,registry-exact-hypothesis:exact:02_mabniyat/preposition_meanings.json#34
28,38,26,مِنَ,من,لَأَظُنُّهُ,الْكَاذِبِينَ,HARF,HARF,HARF,Hypothesis,True,registry-exact-hypothesis:exact:02_mabniyat/preposition_meanings.json#32
28,42,9,مِنَ,من,هُمْ,الْمَقْبُوحِينَ,HARF,HARF,HARF,Hypothesis,True,registry-exact-hypothesis:exact:02_mabniyat/preposition_meanings.json#32
28,43,5,مِنْ,من,الْكِتَابَ,بَعْدِ,HARF,HARF,HARF,Hypothesis,True,registry-exact-hypothesis:exact:02_mabniyat/preposition_meanings.json#34
28,43,7,مَا,ما,بَعْدِ,أَهْلَكْنَا,HARF,ISM_MAWSOOL,ISM_MAWSOOL|ISM_MABNI|HARF,Hypothesis,True,registry-exact-hypothesis:exact:02_mabniyat/relative_pronouns.json#13
28,44,12,مِنَ,من,كُنْتَ,الشَّاهِدِينَ,HARF,HARF,HARF,Hypothesis,True,registry-exact-hypothesis:exact:02_mabniyat/preposition_meanings.json#32
28,46,9,مِنْ,من,رَحْمَةً,رَبِّكَ,HARF,HARF,HARF,Hypothesis,True,registry-exact-hypothesis:exact:02_mabniyat/preposition_meanings.json#34
28,46,13,مَا,ما,قَوْمَاً,أَتَاهُمْ,HARF,ISM_MAWSOOL,ISM_MAWSOOL|ISM_MABNI|HARF,Hypothesis,True,registry-exact-hypothesis:exact:02_mabniyat/relative_pronouns.json#13
28,46,15,مِنْ,من,أَتَاهُمْ,نَذِيرٍ,HARF,HARF,HARF,Hypothesis,True,registry-exact-hypothesis:exact:02_mabniyat/preposition_meanings.json#34
28,46,17,مِنْ,من,نَذِيرٍ,قَبْلِكَ,HARF,HARF,HARF,Hypothesis,True,registry-exact-hypothesis:exact:02_mabniyat/preposition_meanings.json#34
28,47,2,أَنْ,أن,وَلَوْلَا,تُصِيبَهُمْ,HARF,HARF,HARF,Certificate,False,registry:plain:02_mabniyat/present_naseb_tools.json#1
28,47,5,بِمَا,بما,مُصِيبَةٌ,قَدَّمَتْ,ISM_MAWSOOL,ISM_MAWSOOL,ISM_MAWSOOL|ISM_MABNI|HARF,Certificate,True,MASAQ:48
28,47,17,مِنَ,من,وَنَكُونَ,الْمُؤْمِنِينَ,HARF,HARF,HARF,Hypothesis,True,registry-exact-hypothesis:exact:02_mabniyat/preposition_meanings.json#32
28,48,4,مِنْ,من,الْحَقُّ,عِنْدِنَا,HARF,HARF,HARF,Hypothesis,True,registry-exact-hypothesis:exact:02_mabniyat/preposition_meanings.json#34
28,48,10,مَا,ما,مِثْلَ,أُوتِيَ,ISM_MAWSOOL,ISM_MAWSOOL,ISM_MAWSOOL|ISM_MABNI|HARF,Hypothesis,True,registry-exact-hypothesis:exact:02_mabniyat/relative_pronouns.json#13
28,48,15,بِمَا,بما,يَكْفُرُوا,أُوتِيَ,ISM_MAWSOOL,ISM_MAWSOOL,ISM_MAWSOOL|ISM_MABNI|HARF,Certificate,True,MASAQ:48
28,48,18,مِنْ,من,مُوسَى,قَبْلُ,HARF,HARF,HARF,Hypothesis,True,registry-exact-hypothesis:exact:02_mabniyat/preposition_meanings.json#34
28,49,4,مِنْ,من,بِكِتَابٍ,عِنْدِ,HARF,HARF,HARF,Hypothesis,True,registry-exact-hypothesis:exact:02_mabniyat/preposition_meanings.json#34
28,49,11,إِنْ,إن,أَتَّبِعْهُ,كُنْتُمْ,HARF,HARF,HARF,Certificate,False,registry:exact:02_mabniyat/conditional_letters_tools.json#1
28,50,16,مِنَ,من,هُدَىً,اللَّهِ,HARF,HARF,HARF,Hypothesis,True,registry-exact-hypothesis:exact:02_mabniyat/preposition_meanings.json#32
28,50,18,إِنَّ,إن,اللَّهِ,اللَّهَ,HARF,HARF,HARF,Certificate,False,registry:exact:02_mabniyat/letters_answers.json#4
28,52,4,مِنْ,من,الْكِتَابَ,قَبْلِهِ,HARF,HARF,HARF,Hypothesis,True,registry-exact-hypothesis:exact:02_mabniyat/preposition_meanings.json#34
28,53,9,مِنْ,من,الْحَقُّ,رَبِّنَا,HARF,HARF,HARF,Hypothesis,True,registry-exact-hypothesis:exact:02_mabniyat/preposition_meanings.json#34
28,53,13,مِنْ,من,كُنَّا,قَبْلِهِ,HARF,HARF,HARF,Hypothesis,True,registry-exact-hypothesis:exact:02_mabniyat/preposition_meanings.json#34
28,54,5,بِمَا,بما,مَرَّتَيْنِ,صَبَرُوا,ISM_MAWSOOL,ISM_MAWSOOL,ISM_MAWSOOL|ISM_MABNI|HARF,Certificate,True,MASAQ:48
28,56,4,مَنْ,من,تَهْدِي,أَحْبَبْتَ,ISM_MAWSOOL,ISM_MAWSOOL,ISM_MAWSOOL|ISM_MABNI|HARF,Hypothesis,True,registry-exact-hypothesis:exact:02_mabniyat/relative_pronouns.json#3
28,56,9,مَنْ,من,يَهْدِي,يَشَاءُ,ISM_MAWSOOL,ISM_MAWSOOL,ISM_MAWSOOL|ISM_MABNI|HARF,Hypothesis,True,registry-exact-hypothesis:exact:02_mabniyat/relative_pronouns.json#3
28,57,2,إِنْ,إن,وَقَالُوا,نَتَّبِعِ,HARF,HARF,HARF,Certificate,False,registry:exact:02_mabniyat/conditional_letters_tools.json#1
28,57,7,مِنْ,من,نُتَخَطَّفْ,أَرْضِنَا,HARF,HARF,HARF,Hypothesis,True,registry-exact-hypothesis:exact:02_mabniyat/preposition_meanings.json#34
28,57,20,مِنْ,من,رِزْقَاً,لَدُنَّا,HARF,HARF,HARF,Hypothesis,True,registry-exact-hypothesis:exact:02_mabniyat/preposition_meanings.json#34
28,58,3,مِنْ,من,أَهْلَكْنَا,قَرْيَةٍ,HARF,HARF,HARF,Hypothesis,True,registry-exact-hypothesis:exact:02_mabniyat/preposition_meanings.json#34
28,58,11,مِنْ,من,تُسْكَنْ,بَعْدِهِمْ,HARF,HARF,HARF,Hypothesis,True,registry-exact-hypothesis:exact:02_mabniyat/preposition_meanings.json#34
28,58,13,إِلَّا,إلا,بَعْدِهِمْ,قَلِيلَاً,HARF,HARF,,Certificate,False,MASAQ:106
28,59,6,حَتَّى,حتى,الْقُرَى,يَبْعَثَ,HARF,HARF,HARF,Certificate,False,registry:exact:02_mabniyat/preposition_meanings.json#48
28,59,18,إِلَّا,إلا,الْقُرَى,وَأَهْلُهَا,HARF,HARF,,Certificate,False,MASAQ:106
28,60,3,مِنْ,من,أُوتِيتُمْ,شَيْءٍ,HARF,HARF,HARF,Hypothesis,True,registry-exact-hypothesis:exact:02_mabniyat/preposition_meanings.json#34
28,61,16,مِنَ,من,الْقِيَامَةِ,الْمُحْضَرِينَ,HARF,HARF,HARF,Hypothesis,True,registry-exact-hypothesis:exact:02_mabniyat/preposition_meanings.json#32
28,63,15,مَا,ما,إِلَيْكَ,كَانُوا,HARF,ISM_MAWSOOL,ISM_MAWSOOL|ISM_MABNI|HARF,Hypothesis,True,registry-exact-hypothesis:exact:02_mabniyat/relative_pronouns.json#13
28,67,2,مَنْ,من,فَأَمَّا,تَابَ,ISM_MAWSOOL,ISM_MAWSOOL,ISM_MAWSOOL|ISM_MABNI|HARF,Hypothesis,True,registry-exact-hypothesis:exact:02_mabniyat/relative_pronouns.json#3
28,67,8,أَنْ,أن,فَعَسَى,يَكُونَ,HARF,HARF,HARF,Certificate,False,registry:plain:02_mabniyat/present_naseb_tools.json#1
28,67,10,مِنَ,من,يَكُونَ,الْمُفْلِحِينَ,HARF,HARF,HARF,Hypothesis,True,registry-exact-hypothesis:exact:02_mabniyat/preposition_meanings.json#32
28,68,3,مَا,ما,يَخْلُقُ,يَشَاءُ,ISM_MAWSOOL,ISM_MAWSOOL,ISM_MAWSOOL|ISM_MABNI|HARF,Hypothesis,True,registry-exact-hypothesis:exact:02_mabniyat/relative_pronouns.json#13
28,68,6,مَا,ما,وَيَخْتَارُ,كَانَ,HARF,ISM_MAWSOOL,ISM_MAWSOOL|ISM_MABNI|HARF,Hypothesis,True,registry-exact-hypothesis:exact:02_mabniyat/relative_pronouns.json#13
28,69,3,مَا,ما,يَعْلَمُ,تُكِنُّ,ISM_MAWSOOL,ISM_MAWSOOL,ISM_MAWSOOL|ISM_MABNI|HARF,Hypothesis,True,registry-exact-hypothesis:exact:02_mabniyat/relative_pronouns.json#13
28,70,5,إِلَّا,إلا,إِلَهَ,هُوَ,HARF,HARF,,Certificate,False,MASAQ:106
28,71,3,إِنْ,إن,أَرَأَيْتُمْ,جَعَلَ,HARF,HARF,HARF,Certificate,False,registry:exact:02_mabniyat/conditional_letters_tools.json#1
28,71,12,مَنْ,من,الْقِيَامَةِ,إِلَهٌ,HARF,ISM_MAWSOOL,ISM_MAWSOOL|ISM_MABNI|HARF,Hypothesis,True,registry-exact-hypothesis:exact:02_mabniyat/relative_pronouns.json#3
28,71,14,غَيْرُ,غير,إِلَهٌ,اللَّهِ,ISM_MUARAB,ISM_MUARAB,,Certificate,False,MASAQ:11830
28,72,3,إِنْ,إن,أَرَأَيْتُمْ,جَعَلَ,HARF,HARF,HARF,Certificate,False,registry:exact:02_mabniyat/conditional_letters_tools.json#1
28,72,12,مَنْ,من,الْقِيَامَةِ,إِلَهٌ,HARF,ISM_MAWSOOL,ISM_MAWSOOL|ISM_MABNI|HARF,Hypothesis,True,registry-exact-hypothesis:exact:02_mabniyat/relative_pronouns.json#3
28,72,14,غَيْرُ,غير,إِلَهٌ,اللَّهِ,ISM_MUARAB,ISM_MUARAB,,Certificate,False,MASAQ:11830
28,73,10,مِنْ,من,وَلِتَبْتَغُوا,فَضْلِهِ,HARF,HARF,HARF,Hypothesis,True,registry-exact-hypothesis:exact:02_mabniyat/preposition_meanings.json#34
28,75,2,مِنْ,من,وَنَزَعْنَا,كُلِّ,HARF,HARF,HARF,Hypothesis,True,registry-exact-hypothesis:exact:02_mabniyat/preposition_meanings.json#34
28,75,10,أَنَّ,أن,فَعَلِمُوا,الْحَقَّ,HARF,HARF,HARF,Certificate,False,registry:exact:02_mabniyat/copulative_particle.json#2
28,75,15,مَا,ما,عَنْهُمْ,كَانُوا,ISM_MAWSOOL,ISM_MAWSOOL,ISM_MAWSOOL|ISM_MABNI|HARF,Hypothesis,True,registry-exact-hypothesis:exact:02_mabniyat/relative_pronouns.json#13
28,76,1,إِنَّ,إن,,قَارُونَ,HARF,HARF,HARF,Certificate,False,registry:exact:02_mabniyat/letters_answers.json#4
28,76,4,مِنْ,من,كَانَ,قَوْمِ,HARF,HARF,HARF,Hypothesis,True,registry-exact-hypothesis:exact:02_mabniyat/preposition_meanings.json#34
28,76,10,مِنَ,من,وَآتَيْنَاهُ,الْكُنُوزِ,HARF,HARF,HARF,Hypothesis,True,registry-exact-hypothesis:exact:02_mabniyat/preposition_meanings.json#32
28,76,12,مَا,ما,الْكُنُوزِ,إِنَّ,ISM_MAWSOOL,ISM_MAWSOOL,ISM_MAWSOOL|ISM_MABNI|HARF,Hypothesis,True,registry-exact-hypothesis:exact:02_mabniyat/relative_pronouns.json#13
28,76,13,إِنَّ,إن,مَا,مَفَاتِحَهُ,HARF,HARF,HARF,Certificate,False,registry:exact:02_mabniyat/letters_answers.json#4
28,76,25,إِنَّ,إن,تَفْرَحْ,اللَّهَ,HARF,HARF,HARF,Certificate,False,registry:exact:02_mabniyat/letters_answers.json#4
28,77,10,مِنَ,من,نَصِيبَكَ,الدُّنْيَا,HARF,HARF,HARF,Hypothesis,True,registry-exact-hypothesis:exact:02_mabniyat/preposition_meanings.json#32
28,77,22,إِنَّ,إن,الْأَرْضِ,اللَّهَ,HARF,HARF,HARF,Certificate,False,registry:exact:02_mabniyat/letters_answers.json#4
28,78,9,أَنَّ,أن,يَعْلَمْ,اللَّهَ,HARF,HARF,HARF,Certificate,False,registry:exact:02_mabniyat/copulative_particle.json#2
28,78,13,مِنْ,من,أَهْلَكَ,قَبْلِهِ,HARF,HARF,HARF,Hypothesis,True,registry-exact-hypothesis:exact:02_mabniyat/preposition_meanings.json#34
28,78,15,مِنَ,من,قَبْلِهِ,الْقُرُونِ,HARF,HARF,HARF,Hypothesis,True,registry-exact-hypothesis:exact:02_mabniyat/preposition_meanings.json#32
28,78,17,مَنْ,من,الْقُرُونِ,هُوَ,ISM_MAWSOOL,ISM_MAWSOOL,ISM_MAWSOOL|ISM_MABNI|HARF,Hypothesis,True,registry-exact-hypothesis:exact:02_mabniyat/relative_pronouns.json#3
28,79,14,مَا,ما,مِثْلَ,أُوتِيَ,ISM_MAWSOOL,ISM_MAWSOOL,ISM_MAWSOOL|ISM_MABNI|HARF,Hypothesis,True,registry-exact-hypothesis:exact:02_mabniyat/relative_pronouns.json#13
28,80,15,إِلَّا,إلا,يُلَقَّاهَا,الصَّابِرُونَ,HARF,HARF,,Certificate,False,MASAQ:106
28,81,8,مِنْ,من,لَهُ,فِئَةٍ,HARF,HARF,HARF,Hypothesis,True,registry-exact-hypothesis:exact:02_mabniyat/preposition_meanings.json#34
28,81,11,مِنْ,من,يَنْصُرُونَهُ,دُونِ,HARF,HARF,HARF,Hypothesis,True,registry-exact-hypothesis:exact:02_mabniyat/preposition_meanings.json#34
28,81,12,دُونِ,دون,مِنْ,اللَّهِ,ISM_MUARAB,ISM_MUARAB,,Certificate,False,MASAQ:310
28,81,16,مِنَ,من,كَانَ,الْمُنْتَصِرِينَ,HARF,HARF,HARF,Hypothesis,True,registry-exact-hypothesis:exact:02_mabniyat/preposition_meanings.json#32
28,82,13,مِنْ,من,يَشَاءُ,عِبَادِهِ,HARF,HARF,HARF,Hypothesis,True,registry-exact-hypothesis:exact:02_mabniyat/preposition_meanings.json#34
28,82,17,أَنْ,أن,لَوْلَا,مَنَّ,HARF,HARF,HARF,Certificate,False,registry:plain:02_mabniyat/present_naseb_tools.json#1
28,82,18,مَنَّ,من,أَنْ,اللَّهُ,HARF,FIIL,,Certificate,False,MASAQ:8987
28,84,1,مَنْ,من,,جَاءَ,HARF,ISM_MAWSOOL,ISM_MAWSOOL|ISM_MABNI|HARF,Hypothesis,True,registry-exact-hypothesis:exact:02_mabniyat/relative_pronouns.json#3
28,84,15,إِلَّا,إلا,السَّيِّئَاتِ,مَا,HARF,HARF,,Certificate,False,MASAQ:106
28,84,16,مَا,ما,إِلَّا,كَانُوا,ISM_MAWSOOL,ISM_MAWSOOL,ISM_MAWSOOL|ISM_MABNI|HARF,Hypothesis,True,registry-exact-hypothesis:exact:02_mabniyat/relative_pronouns.json#13
28,85,1,إِنَّ,إن,,الَّذِي,HARF,HARF,HARF,Certificate,False,registry:exact:02_mabniyat/letters_answers.json#4
28,85,12,مَنْ,من,أَعْلَمُ,جَاءَ,ISM_MAWSOOL,ISM_MAWSOOL,ISM_MAWSOOL|ISM_MABNI|HARF,Hypothesis,True,registry-exact-hypothesis:exact:02_mabniyat/relative_pronouns.json#3
28,86,4,أَنْ,أن,تَرْجُو,يُلْقَى,HARF,HARF,HARF,Certificate,False,registry:plain:02_mabniyat/present_naseb_tools.json#1
28,86,8,إِلَّا,إلا,الْكِتَابُ,رَحْمَةً,HARF,HARF,,Certificate,False,MASAQ:106
28,86,10,مِنْ,من,رَحْمَةً,رَبِّكَ,HARF,HARF,HARF,Hypothesis,True,registry-exact-hypothesis:exact:02_mabniyat/preposition_meanings.json#34
28,87,15,مِنَ,من,تَكُونَنَّ,الْمُشْرِكِينَ,HARF,HARF,HARF,Hypothesis,True,registry-exact-hypothesis:exact:02_mabniyat/preposition_meanings.json#32
28,88,9,إِلَّا,إلا,إِلَهَ,هُوَ,HARF,HARF,,Certificate,False,MASAQ:106
28,88,14,إِلَّا,إلا,هَالِكٌ,وَجْهَهُ,HARF,HARF,,Certificate,False,MASAQ:106
29,2,3,أَنْ,أن,النَّاسُ,يُتْرَكُوا,HARF,HARF,HARF,Certificate,False,registry:plain:02_mabniyat/present_naseb_tools.json#1
29,2,5,أَنْ,أن,يُتْرَكُوا,يَقُولُوا,HARF,HARF,HARF,Certificate,False,registry:plain:02_mabniyat/present_naseb_tools.json#1
29,3,4,مِنْ,من,الَّذِينَ,قَبْلِهِمْ,HARF,HARF,HARF,Hypothesis,True,registry-exact-hypothesis:exact:02_mabniyat/preposition_meanings.json#34
29,4,6,أَنْ,أن,السَّيِّئَاتِ,يَسْبِقُونَا,HARF,HARF,HARF,Certificate,False,registry:plain:02_mabniyat/present_naseb_tools.json#1
29,4,9,مَا,ما,سَاءَ,يَحْكُمُونَ,ISM_MAWSOOL,ISM_MAWSOOL,ISM_MAWSOOL|ISM_MABNI|HARF,Hypothesis,True,registry-exact-hypothesis:exact:02_mabniyat/relative_pronouns.json#13
29,5,1,مَنْ,من,,كَانَ,HARF,ISM_MAWSOOL,ISM_MAWSOOL|ISM_MABNI|HARF,Hypothesis,True,registry-exact-hypothesis:exact:02_mabniyat/relative_pronouns.json#3
29,6,6,إِنَّ,إن,لِنَفْسِهِ,اللَّهَ,HARF,HARF,HARF,Certificate,False,registry:exact:02_mabniyat/letters_answers.json#4
29,8,9,مَا,ما,بِي,لَيْسَ,ISM_MAWSOOL,ISM_MAWSOOL,ISM_MAWSOOL|ISM_MABNI|HARF,Hypothesis,True,registry-exact-hypothesis:exact:02_mabniyat/relative_pronouns.json#13
29,8,19,بِمَا,بما,فَأُنَبِّئُكُمْ,كُنْتُمْ,ISM_MAWSOOL,ISM_MAWSOOL,ISM_MAWSOOL|ISM_MABNI|HARF,Certificate,True,MASAQ:48
29,10,3,مَنْ,من,النَّاسِ,يَقُولُ,ISM_MAWSOOL,ISM_MAWSOOL,ISM_MAWSOOL|ISM_MABNI|HARF,Hypothesis,True,registry-exact-hypothesis:exact:02_mabniyat/relative_pronouns.json#3
29,10,19,مِنْ,من,نَصْرٌ,رَبِّكَ,HARF,HARF,HARF,Hypothesis,True,registry-exact-hypothesis:exact:02_mabniyat/preposition_meanings.json#34
29,10,28,بِمَا,بما,بِأَعْلَمَ,فِي,ISM_MAWSOOL,ISM_MAWSOOL,ISM_MAWSOOL|ISM_MABNI|HARF,Certificate,True,MASAQ:48
29,12,13,مِنْ,من,بِحَامِلِينَ,خَطَايَاهُمْ,HARF,HARF,HARF,Hypothesis,True,registry-exact-hypothesis:exact:02_mabniyat/preposition_meanings.json#34
29,12,15,مِنْ,من,خَطَايَاهُمْ,شَيْءٍ,HARF,HARF,HARF,Hypothesis,True,registry-exact-hypothesis:exact:02_mabniyat/preposition_meanings.json#34
29,14,10,إِلَّا,إلا,سَنَةٍ,خَمْسِينَ,HARF,HARF,,Certificate,False,MASAQ:106
29,16,11,إِنْ,إن,لَكُمْ,كُنْتُمْ,HARF,HARF,HARF,Certificate,False,registry:exact:02_mabniyat/conditional_letters_tools.json#1
29,17,3,مِنْ,من,تَعْبُدُونَ,دُونِ,HARF,HARF,HARF,Hypothesis,True,registry-exact-hypothesis:exact:02_mabniyat/preposition_meanings.json#34
29,17,4,دُونِ,دون,مِنْ,اللَّهِ,ISM_MUARAB,ISM_MUARAB,,Certificate,False,MASAQ:310
29,17,9,إِنَّ,إن,إِفْكَاً,الَّذِينَ,HARF,HARF,HARF,Certificate,False,registry:exact:02_mabniyat/letters_answers.json#4
29,17,12,مِنْ,من,تَعْبُدُونَ,دُونِ,HARF,HARF,HARF,Hypothesis,True,registry-exact-hypothesis:exact:02_mabniyat/preposition_meanings.json#34
29,17,13,دُونِ,دون,مِنْ,اللَّهِ,ISM_MUARAB,ISM_MUARAB,,Certificate,False,MASAQ:310
29,18,6,مِنْ,من,أُمَمٌ,قَبْلِكُمْ,HARF,HARF,HARF,Hypothesis,True,registry-exact-hypothesis:exact:02_mabniyat/preposition_meanings.json#34
29,18,11,إِلَّا,إلا,الرَّسُولِ,الْبَلَاغُ,HARF,HARF,,Certificate,False,MASAQ:106
29,19,9,إِنَّ,إن,يُعِيدُهُ,ذَلِكَ,HARF,HARF,HARF,Certificate,False,registry:exact:02_mabniyat/letters_answers.json#4
29,20,14,إِنَّ,إن,الْآخِرَةَ,اللَّهَ,HARF,HARF,HARF,Certificate,False,registry:exact:02_mabniyat/letters_answers.json#4
29,21,2,مَنْ,من,يُعَذِّبُ,يَشَاءُ,ISM_MAWSOOL,ISM_MAWSOOL,ISM_MAWSOOL|ISM_MABNI|HARF,Hypothesis,True,registry-exact-hypothesis:exact:02_mabniyat/relative_pronouns.json#3
29,21,5,مَنْ,من,وَيَرْحَمُ,يَشَاءُ,ISM_MAWSOOL,ISM_MAWSOOL,ISM_MAWSOOL|ISM_MABNI|HARF,Hypothesis,True,registry-exact-hypothesis:exact:02_mabniyat/relative_pronouns.json#3
29,22,11,مِنْ,من,لَكُمْ,دُونِ,HARF,HARF,HARF,Hypothesis,True,registry-exact-hypothesis:exact:02_mabniyat/preposition_meanings.json#34
29,22,12,دُونِ,دون,مِنْ,اللَّهِ,ISM_MUARAB,ISM_MUARAB,,Certificate,False,MASAQ:310
29,22,14,مِنْ,من,اللَّهِ,وَلِيٍّ,HARF,HARF,HARF,Hypothesis,True,registry-exact-hypothesis:exact:02_mabniyat/preposition_meanings.json#34
29,23,8,مِنْ,من,يَئِسُوا,رَحْمَتِي,HARF,HARF,HARF,Hypothesis,True,registry-exact-hypothesis:exact:02_mabniyat/preposition_meanings.json#34
29,24,5,إِلَّا,إلا,قَوْمِهِ,أَنْ,HARF,HARF,,Certificate,False,MASAQ:106
29,24,6,أَنْ,أن,إِلَّا,قَالُوا,HARF,HARF,HARF,Certificate,False,registry:plain:02_mabniyat/present_naseb_tools.json#1
29,24,13,مِنَ,من,اللَّهُ,النَّارِ,HARF,HARF,HARF,Hypothesis,True,registry-exact-hypothesis:exact:02_mabniyat/preposition_meanings.json#32
29,24,15,إِنَّ,إن,النَّارِ,فِي,HARF,HARF,HARF,Certificate,False,registry:exact:02_mabniyat/letters_answers.json#4
29,25,4,مِنْ,من,اتَّخَذْتُمْ,دُونِ,HARF,HARF,HARF,Hypothesis,True,registry-exact-hypothesis:exact:02_mabniyat/preposition_meanings.json#34
29,25,5,دُونِ,دون,مِنْ,اللَّهِ,ISM_MUARAB,ISM_MUARAB,,Certificate,False,MASAQ:310
29,25,26,مِنْ,من,لَكُمْ,نَاصِرِينَ,HARF,HARF,HARF,Hypothesis,True,registry-exact-hypothesis:exact:02_mabniyat/preposition_meanings.json#34
29,28,8,مَا,ما,الْفَاحِشَةَ,سَبَقَكُمْ,HARF,ISM_MAWSOOL,ISM_MAWSOOL|ISM_MABNI|HARF,Hypothesis,True,registry-exact-hypothesis:exact:02_mabniyat/relative_pronouns.json#13
29,28,11,مِنْ,من,بِهَا,أَحَدٍ,HARF,HARF,HARF,Hypothesis,True,registry-exact-hypothesis:exact:02_mabniyat/preposition_meanings.json#34
29,28,13,مِنَ,من,أَحَدٍ,الْعَالَمِينَ,HARF,HARF,HARF,Hypothesis,True,registry-exact-hypothesis:exact:02_mabniyat/preposition_meanings.json#32
29,29,14,إِلَّا,إلا,قَوْمِهِ,أَنْ,HARF,HARF,,Certificate,False,MASAQ:106
29,29,15,أَنْ,أن,إِلَّا,قَالُوا,HARF,HARF,HARF,Certificate,False,registry:plain:02_mabniyat/present_naseb_tools.json#1
29,29,20,إِنْ,إن,اللَّهِ,كُنْتَ,HARF,HARF,HARF,Certificate,False,registry:exact:02_mabniyat/conditional_letters_tools.json#1
29,29,22,مِنَ,من,كُنْتَ,الصَّادِقِينَ,HARF,HARF,HARF,Hypothesis,True,registry-exact-hypothesis:exact:02_mabniyat/preposition_meanings.json#32
29,31,12,إِنَّ,إن,الْقَرْيَةِ,أَهْلَهَا,HARF,HARF,HARF,Certificate,False,registry:exact:02_mabniyat/letters_answers.json#4
29,32,2,إِنَّ,إن,قَالَ,فِيهَا,HARF,HARF,HARF,Certificate,False,registry:exact:02_mabniyat/letters_answers.json#4
29,32,12,إِلَّا,إلا,وَأَهْلَهُ,امْرَأَتَهُ,HARF,HARF,,Certificate,False,MASAQ:106
29,32,15,مِنَ,من,كَانَتْ,الْغَابِرِينَ,HARF,HARF,HARF,Hypothesis,True,registry-exact-hypothesis:exact:02_mabniyat/preposition_meanings.json#32
29,33,2,أَنْ,أن,وَلَمَّا,جَاءَتْ,HARF,HARF,HARF,Certificate,False,registry:plain:02_mabniyat/present_naseb_tools.json#1
29,33,19,إِلَّا,إلا,وَأَهْلَكَ,امْرَأَتَكَ,HARF,HARF,,Certificate,False,MASAQ:106
29,33,22,مِنَ,من,كَانَتْ,الْغَابِرِينَ,HARF,HARF,HARF,Hypothesis,True,registry-exact-hypothesis:exact:02_mabniyat/preposition_meanings.json#32
29,34,8,مِنَ,من,رِجْزَاً,السَّمَاءِ,HARF,HARF,HARF,Hypothesis,True,registry-exact-hypothesis:exact:02_mabniyat/preposition_meanings.json#32
29,34,10,بِمَا,بما,السَّمَاءِ,كَانُوا,ISM_MAWSOOL,ISM_MAWSOOL,ISM_MAWSOOL|ISM_MABNI|HARF,Certificate,True,MASAQ:48
29,38,6,مِنْ,من,لَكُمْ,مَسَاكِنِهِمْ,HARF,HARF,HARF,Hypothesis,True,registry-exact-hypothesis:exact:02_mabniyat/preposition_meanings.json#34
29,40,5,مَنْ,من,فَمِنْهُمْ,أَرْسَلْنَا,ISM_MAWSOOL,ISM_MAWSOOL,ISM_MAWSOOL|ISM_MABNI|HARF,Hypothesis,True,registry-exact-hypothesis:exact:02_mabniyat/relative_pronouns.json#3
29,40,10,مَنْ,من,وَمِنْهُمْ,أَخَذَتْهُ,ISM_MAWSOOL,ISM_MAWSOOL,ISM_MAWSOOL|ISM_MABNI|HARF,Hypothesis,True,registry-exact-hypothesis:exact:02_mabniyat/relative_pronouns.json#3
29,40,14,مَنْ,من,وَمِنْهُمْ,خَسَفْنَا,ISM_MAWSOOL,ISM_MAWSOOL,ISM_MAWSOOL|ISM_MABNI|HARF,Hypothesis,True,registry-exact-hypothesis:exact:02_mabniyat/relative_pronouns.json#3
29,40,19,مَنْ,من,وَمِنْهُمْ,أَغْرَقْنَا,ISM_MAWSOOL,ISM_MAWSOOL,ISM_MAWSOOL|ISM_MABNI|HARF,Hypothesis,True,registry-exact-hypothesis:exact:02_mabniyat/relative_pronouns.json#3
29,41,4,مِنْ,من,اتَّخَذُوا,دُونِ,HARF,HARF,HARF,Hypothesis,True,registry-exact-hypothesis:exact:02_mabniyat/preposition_meanings.json#34
29,41,5,دُونِ,دون,مِنْ,اللَّهِ,ISM_MUARAB,ISM_MUARAB,,Certificate,False,MASAQ:310
29,42,1,إِنَّ,إن,,اللَّهَ,HARF,HARF,HARF,Certificate,False,registry:exact:02_mabniyat/letters_answers.json#4
29,42,4,مَا,ما,يَعْلَمُ,يَدْعُونَ,ISM_MAWSOOL,ISM_MAWSOOL,ISM_MAWSOOL|ISM_MABNI|HARF,Hypothesis,True,registry-exact-hypothesis:exact:02_mabniyat/relative_pronouns.json#13
29,42,6,مِنْ,من,يَدْعُونَ,دُونِهِ,HARF,HARF,HARF,Hypothesis,True,registry-exact-hypothesis:exact:02_mabniyat/preposition_meanings.json#34
29,42,8,مِنْ,من,دُونِهِ,شَيْءٍ,HARF,HARF,HARF,Hypothesis,True,registry-exact-hypothesis:exact:02_mabniyat/preposition_meanings.json#34
29,43,7,إِلَّا,إلا,يَعْقِلُهَا,الْعَالِمُونَ,HARF,HARF,,Certificate,False,MASAQ:106
29,44,6,إِنَّ,إن,بِالْحَقِّ,فِي,HARF,HARF,HARF,Certificate,False,registry:exact:02_mabniyat/letters_answers.json#4
29,45,2,مَا,ما,اتْلُ,أُوحِيَ,ISM_MAWSOOL,ISM_MAWSOOL,ISM_MAWSOOL|ISM_MABNI|HARF,Hypothesis,True,registry-exact-hypothesis:exact:02_mabniyat/relative_pronouns.json#13
29,45,5,مِنَ,من,إِلَيْكَ,الْكِتَابِ,HARF,HARF,HARF,Hypothesis,True,registry-exact-hypothesis:exact:02_mabniyat/preposition_meanings.json#32
29,45,9,إِنَّ,إن,الصَّلَاةَ,الصَّلَاةَ,HARF,HARF,HARF,Certificate,False,registry:exact:02_mabniyat/letters_answers.json#4
29,45,20,مَا,ما,يَعْلَمُ,تَصْنَعُونَ,ISM_MAWSOOL,ISM_MAWSOOL,ISM_MAWSOOL|ISM_MABNI|HARF,Hypothesis,True,registry-exact-hypothesis:exact:02_mabniyat/relative_pronouns.json#13
29,46,5,إِلَّا,إلا,الْكِتَابِ,بِالَّتِي,HARF,HARF,,Certificate,False,MASAQ:106
29,46,9,إِلَّا,إلا,أَحْسَنُ,الَّذِينَ,HARF,HARF,,Certificate,False,MASAQ:106
29,47,12,مَنْ,من,هَؤُلَاءِ,يُؤْمِنُ,ISM_MAWSOOL,ISM_MAWSOOL,ISM_MAWSOOL|ISM_MABNI|HARF,Hypothesis,True,registry-exact-hypothesis:exact:02_mabniyat/relative_pronouns.json#3
29,47,18,إِلَّا,إلا,بِآيَاتِنَا,الْكَافِرُونَ,HARF,HARF,,Certificate,False,MASAQ:106
29,48,4,مِنْ,من,تَتْلُو,قَبْلِهِ,HARF,HARF,HARF,Hypothesis,True,registry-exact-hypothesis:exact:02_mabniyat/preposition_meanings.json#34
29,48,6,مِنْ,من,قَبْلِهِ,كِتَابٍ,HARF,HARF,HARF,Hypothesis,True,registry-exact-hypothesis:exact:02_mabniyat/preposition_meanings.json#34
29,49,13,إِلَّا,إلا,بِآيَاتِنَا,الظَّالِمُونَ,HARF,HARF,,Certificate,False,MASAQ:106
29,50,6,مِنْ,من,آيَاتٌ,رَبِّهِ,HARF,HARF,HARF,Hypothesis,True,registry-exact-hypothesis:exact:02_mabniyat/preposition_meanings.json#34
29,51,9,إِنَّ,إن,عَلَيْهِمْ,فِي,HARF,HARF,HARF,Certificate,False,registry:exact:02_mabniyat/letters_answers.json#4
29,52,8,مَا,ما,يَعْلَمُ,فِي,ISM_MAWSOOL,ISM_MAWSOOL,ISM_MAWSOOL|ISM_MABNI|HARF,Hypothesis,True,registry-exact-hypothesis:exact:02_mabniyat/relative_pronouns.json#13
29,55,4,مِنْ,من,الْعَذَابُ,فَوْقِهِمْ,HARF,HARF,HARF,Hypothesis,True,registry-exact-hypothesis:exact:02_mabniyat/preposition_meanings.json#34
29,55,11,مَا,ما,ذُوقُوا,كُنْتُمْ,ISM_MAWSOOL,ISM_MAWSOOL,ISM_MAWSOOL|ISM_MABNI|HARF,Hypothesis,True,registry-exact-hypothesis:exact:02_mabniyat/relative_pronouns.json#13
29,56,4,إِنَّ,إن,آمَنُوا,أَرْضِي,HARF,HARF,HARF,Certificate,False,registry:exact:02_mabniyat/letters_answers.json#4
29,58,6,مِنَ,من,لَنُبَوِّئَنَّهُمْ,الْجَنَّةِ,HARF,HARF,HARF,Hypothesis,True,registry-exact-hypothesis:exact:02_mabniyat/preposition_meanings.json#32
29,58,10,مِنْ,من,تَجْرِي,تَحْتِهَا,HARF,HARF,HARF,Hypothesis,True,registry-exact-hypothesis:exact:02_mabniyat/preposition_meanings.json#34
29,60,2,مِنْ,من,وَكَأَيِّنْ,دَابَّةٍ,HARF,HARF,HARF,Hypothesis,True,registry-exact-hypothesis:exact:02_mabniyat/preposition_meanings.json#34
29,62,6,مِنْ,من,يَشَاءُ,عِبَادِهِ,HARF,HARF,HARF,Hypothesis,True,registry-exact-hypothesis:exact:02_mabniyat/preposition_meanings.json#34
29,62,10,إِنَّ,إن,لَهُ,اللَّهَ,HARF,HARF,HARF,Certificate,False,registry:exact:02_mabniyat/letters_answers.json#4
29,63,5,مِنَ,من,نَزَّلَ,السَّمَاءِ,HARF,HARF,HARF,Hypothesis,True,registry-exact-hypothesis:exact:02_mabniyat/preposition_meanings.json#32
29,63,11,مِنْ,من,الْأَرْضَ,بَعْدِ,HARF,HARF,HARF,Hypothesis,True,registry-exact-hypothesis:exact:02_mabniyat/preposition_meanings.json#34
29,64,5,إِلَّا,إلا,الدُّنْيَا,لَهْوٌ,HARF,HARF,,Certificate,False,MASAQ:106
29,66,2,بِمَا,بما,لِيَكْفُرُوا,آتَيْنَاهُمْ,ISM_MAWSOOL,ISM_MAWSOOL,ISM_MAWSOOL|ISM_MABNI|HARF,Certificate,True,MASAQ:48
29,67,9,مِنْ,من,النَّاسُ,حَوْلِهِمْ,HARF,HARF,HARF,Hypothesis,True,registry-exact-hypothesis:exact:02_mabniyat/preposition_meanings.json#34
30,3,5,مِنْ,من,وَهُمْ,بَعْدِ,HARF,HARF,HARF,Hypothesis,True,registry-exact-hypothesis:exact:02_mabniyat/preposition_meanings.json#34
30,4,6,مِنْ,من,الْأَمْرُ,قَبْلُ,HARF,HARF,HARF,Hypothesis,True,registry-exact-hypothesis:exact:02_mabniyat/preposition_meanings.json#34
30,5,4,مَنْ,من,يَنْصُرُ,يَشَاءُ,ISM_MAWSOOL,ISM_MAWSOOL,ISM_MAWSOOL|ISM_MABNI|HARF,Hypothesis,True,registry-exact-hypothesis:exact:02_mabniyat/relative_pronouns.json#3
30,7,3,مِنَ,من,ظَاهِرَاً,الْحَيَاةِ,HARF,HARF,HARF,Hypothesis,True,registry-exact-hypothesis:exact:02_mabniyat/preposition_meanings.json#32
30,8,5,مَا,ما,أَنْفُسِهِمْ,خَلَقَ,HARF,ISM_MAWSOOL,ISM_MAWSOOL|ISM_MABNI|HARF,Hypothesis,True,registry-exact-hypothesis:exact:02_mabniyat/relative_pronouns.json#13
30,8,12,إِلَّا,إلا,بَيْنَهُمَا,بِالْحَقِّ,HARF,HARF,,Certificate,False,MASAQ:106
30,8,18,مِنَ,من,كَثِيرَاً,النَّاسِ,HARF,HARF,HARF,Hypothesis,True,registry-exact-hypothesis:exact:02_mabniyat/preposition_meanings.json#32
30,9,10,مِنْ,من,الَّذِينَ,قَبْلِهِمْ,HARF,HARF,HARF,Hypothesis,True,registry-exact-hypothesis:exact:02_mabniyat/preposition_meanings.json#34
30,10,7,أَنْ,أن,السُّوأَى,كَذَّبُوا,HARF,HARF,HARF,Certificate,False,registry:plain:02_mabniyat/present_naseb_tools.json#1
30,13,4,مِنْ,من,لَهُمْ,شُرَكَائِهِمْ,HARF,HARF,HARF,Hypothesis,True,registry-exact-hypothesis:exact:02_mabniyat/preposition_meanings.json#34
30,19,3,مِنَ,من,الْحَيَّ,الْمَيِّتِ,HARF,HARF,HARF,Hypothesis,True,registry-exact-hypothesis:exact:02_mabniyat/preposition_meanings.json#32
30,19,7,مِنَ,من,الْمَيِّتَ,الْحَيِّ,HARF,HARF,HARF,Hypothesis,True,registry-exact-hypothesis:exact:02_mabniyat/preposition_meanings.json#32
30,20,3,أَنْ,أن,آيَاتِهِ,خَلَقَكُمْ,HARF,HARF,HARF,Certificate,False,registry:plain:02_mabniyat/present_naseb_tools.json#1
30,20,5,مِنْ,من,خَلَقَكُمْ,تُرَابٍ,HARF,HARF,HARF,Hypothesis,True,registry-exact-hypothesis:exact:02_mabniyat/preposition_meanings.json#34
30,21,3,أَنْ,أن,آيَاتِهِ,خَلَقَ,HARF,HARF,HARF,Certificate,False,registry:plain:02_mabniyat/present_naseb_tools.json#1
30,21,6,مِنْ,من,لَكُمْ,أَنْفُسِكُمْ,HARF,HARF,HARF,Hypothesis,True,registry-exact-hypothesis:exact:02_mabniyat/preposition_meanings.json#34
30,21,15,إِنَّ,إن,وَرَحْمَةً,فِي,HARF,HARF,HARF,Certificate,False,registry:exact:02_mabniyat/letters_answers.json#4
30,22,9,إِنَّ,إن,وَأَلْوَانِكُمْ,فِي,HARF,HARF,HARF,Certificate,False,registry:exact:02_mabniyat/letters_answers.json#4
30,23,7,مِنْ,من,وَابْتِغَاؤُكُمْ,فَضْلِهِ,HARF,HARF,HARF,Hypothesis,True,registry-exact-hypothesis:exact:02_mabniyat/preposition_meanings.json#34
30,23,9,إِنَّ,إن,فَضْلِهِ,فِي,HARF,HARF,HARF,Certificate,False,registry:exact:02_mabniyat/letters_answers.json#4
30,24,8,مِنَ,من,وَيُنَزِّلُ,السَّمَاءِ,HARF,HARF,HARF,Hypothesis,True,registry-exact-hypothesis:exact:02_mabniyat/preposition_meanings.json#32
30,24,16,إِنَّ,إن,مَوْتِهَا,فِي,HARF,HARF,HARF,Certificate,False,registry:exact:02_mabniyat/letters_answers.json#4
30,25,3,أَنْ,أن,آيَاتِهِ,تَقُومَ,HARF,HARF,HARF,Certificate,False,registry:plain:02_mabniyat/present_naseb_tools.json#1
30,25,12,مِنَ,من,دَعْوَةً,الْأَرْضِ,HARF,HARF,HARF,Hypothesis,True,registry-exact-hypothesis:exact:02_mabniyat/preposition_meanings.json#32
30,26,2,مَنْ,من,وَلَهُ,فِي,ISM_MAWSOOL,ISM_MAWSOOL,ISM_MAWSOOL|ISM_MABNI|HARF,Hypothesis,True,registry-exact-hypothesis:exact:02_mabniyat/relative_pronouns.json#3
30,28,4,مِنْ,من,مَثَلَاً,أَنْفُسِكُمْ,HARF,HARF,HARF,Hypothesis,True,registry-exact-hypothesis:exact:02_mabniyat/preposition_meanings.json#34
30,28,8,مِنْ,من,لَكُمْ,مَا,HARF,HARF,HARF,Hypothesis,True,registry-exact-hypothesis:exact:02_mabniyat/preposition_meanings.json#34
30,28,9,مَا,ما,مِنْ,مَلَكَتْ,ISM_MAWSOOL,ISM_MAWSOOL,ISM_MAWSOOL|ISM_MABNI|HARF,Hypothesis,True,registry-exact-hypothesis:exact:02_mabniyat/relative_pronouns.json#13
30,28,12,مِنْ,من,أَيْمَانُكُمْ,شُرَكَاءَ,HARF,HARF,HARF,Hypothesis,True,registry-exact-hypothesis:exact:02_mabniyat/preposition_meanings.json#34
30,28,15,مَا,ما,فِي,رَزَقْنَاكُمْ,ISM_MAWSOOL,ISM_MAWSOOL,ISM_MAWSOOL|ISM_MABNI|HARF,Hypothesis,True,registry-exact-hypothesis:exact:02_mabniyat/relative_pronouns.json#13
30,29,10,مَنْ,من,يَهْدِي,أَضَلَّ,ISM_MAWSOOL,ISM_MAWSOOL,ISM_MAWSOOL|ISM_MABNI|HARF,Hypothesis,True,registry-exact-hypothesis:exact:02_mabniyat/relative_pronouns.json#3
30,29,15,مِنْ,من,لَهُمْ,نَاصِرِينَ,HARF,HARF,HARF,Hypothesis,True,registry-exact-hypothesis:exact:02_mabniyat/preposition_meanings.json#34
30,31,8,مِنَ,من,تَكُونُوا,الْمُشْرِكِينَ,HARF,HARF,HARF,Hypothesis,True,registry-exact-hypothesis:exact:02_mabniyat/preposition_meanings.json#32
30,32,9,بِمَا,بما,حِزْبٍ,لَدَيْهِمْ,ISM_MAWSOOL,ISM_MAWSOOL,ISM_MAWSOOL|ISM_MABNI|HARF,Certificate,True,MASAQ:48
30,34,2,بِمَا,بما,لِيَكْفُرُوا,آتَيْنَاهُمْ,ISM_MAWSOOL,ISM_MAWSOOL,ISM_MAWSOOL|ISM_MABNI|HARF,Certificate,True,MASAQ:48
30,35,7,بِمَا,بما,يَتَكَلَّمُ,كَانُوا,ISM_MAWSOOL,ISM_MAWSOOL,ISM_MAWSOOL|ISM_MABNI|HARF,Certificate,True,MASAQ:48
30,36,10,بِمَا,بما,سَيِّئَةٌ,قَدَّمَتْ,ISM_MAWSOOL,ISM_MAWSOOL,ISM_MAWSOOL|ISM_MABNI|HARF,Certificate,True,MASAQ:48
30,37,3,أَنَّ,أن,يَرَوْا,اللَّهَ,HARF,HARF,HARF,Certificate,False,registry:exact:02_mabniyat/copulative_particle.json#2
30,37,10,إِنَّ,إن,وَيَقْدِرُ,فِي,HARF,HARF,HARF,Certificate,False,registry:exact:02_mabniyat/letters_answers.json#4
30,39,3,مِنْ,من,آتَيْتُمْ,رِبَاً,HARF,HARF,HARF,Hypothesis,True,registry-exact-hypothesis:exact:02_mabniyat/preposition_meanings.json#34
30,39,15,مِنْ,من,آتَيْتُمْ,زَكَاةٍ,HARF,HARF,HARF,Hypothesis,True,registry-exact-hypothesis:exact:02_mabniyat/preposition_meanings.json#34
30,40,11,مِنْ,من,هَلْ,شُرَكَائِكُمْ,HARF,HARF,HARF,Hypothesis,True,registry-exact-hypothesis:exact:02_mabniyat/preposition_meanings.json#34
30,40,13,مَنْ,من,شُرَكَائِكُمْ,يَفْعَلُ,ISM_MAWSOOL,ISM_MAWSOOL,ISM_MAWSOOL|ISM_MABNI|HARF,Hypothesis,True,registry-exact-hypothesis:exact:02_mabniyat/relative_pronouns.json#3
30,40,15,مِنْ,من,يَفْعَلُ,ذَلِكُمْ,HARF,HARF,HARF,Hypothesis,True,registry-exact-hypothesis:exact:02_mabniyat/preposition_meanings.json#34
30,40,17,مِنْ,من,ذَلِكُمْ,شَيْءٍ,HARF,HARF,HARF,Hypothesis,True,registry-exact-hypothesis:exact:02_mabniyat/preposition_meanings.json#34
30,41,6,بِمَا,بما,وَالْبَحْرِ,كَسَبَتْ,ISM_MAWSOOL,ISM_MAWSOOL,ISM_MAWSOOL|ISM_MABNI|HARF,Certificate,True,MASAQ:48
30,42,10,مِنْ,من,الَّذِينَ,قَبْلُ,HARF,HARF,HARF,Hypothesis,True,registry-exact-hypothesis:exact:02_mabniyat/preposition_meanings.json#34
30,43,5,مِنْ,من,الْقَيِّمِ,قَبْلِ,HARF,HARF,HARF,Hypothesis,True,registry-exact-hypothesis:exact:02_mabniyat/preposition_meanings.json#34
30,43,7,أَنْ,أن,قَبْلِ,يَأْتِيَ,HARF,HARF,HARF,Certificate,False,registry:plain:02_mabniyat/present_naseb_tools.json#1
30,43,13,مِنَ,من,لَهُ,اللَّهِ,HARF,HARF,HARF,Hypothesis,True,registry-exact-hypothesis:exact:02_mabniyat/preposition_meanings.json#32
30,44,1,مَنْ,من,,كَفَرَ,ISM_MAWSOOL,ISM_MAWSOOL,ISM_MAWSOOL|ISM_MABNI|HARF,Hypothesis,True,registry-exact-hypothesis:exact:02_mabniyat/relative_pronouns.json#3
30,45,6,مِنْ,من,الصَّالِحَاتِ,فَضْلِهِ,HARF,HARF,HARF,Hypothesis,True,registry-exact-hypothesis:exact:02_mabniyat/preposition_meanings.json#34
30,46,3,أَنْ,أن,آيَاتِهِ,يُرْسِلَ,HARF,HARF,HARF,Certificate,False,registry:plain:02_mabniyat/present_naseb_tools.json#1
30,46,8,مِنْ,من,وَلِيُذِيقَكُمْ,رَحْمَتِهِ,HARF,HARF,HARF,Hypothesis,True,registry-exact-hypothesis:exact:02_mabniyat/preposition_meanings.json#34
30,46,14,مِنْ,من,وَلِتَبْتَغُوا,فَضْلِهِ,HARF,HARF,HARF,Hypothesis,True,registry-exact-hypothesis:exact:02_mabniyat/preposition_meanings.json#34
30,47,3,مِنْ,من,أَرْسَلْنَا,قَبْلِكَ,HARF,HARF,HARF,Hypothesis,True,registry-exact-hypothesis:exact:02_mabniyat/preposition_meanings.json#34
30,47,11,مِنَ,من,فَانْتَقَمْنَا,الَّذِينَ,HARF,HARF,HARF,Hypothesis,True,registry-exact-hypothesis:exact:02_mabniyat/preposition_meanings.json#32
30,48,17,مِنْ,من,يَخْرُجُ,خِلَالِهِ,HARF,HARF,HARF,Hypothesis,True,registry-exact-hypothesis:exact:02_mabniyat/preposition_meanings.json#34
30,48,22,مَنْ,من,بِهِ,يَشَاءُ,ISM_MAWSOOL,ISM_MAWSOOL,ISM_MAWSOOL|ISM_MABNI|HARF,Hypothesis,True,registry-exact-hypothesis:exact:02_mabniyat/relative_pronouns.json#3
30,48,24,مِنْ,من,يَشَاءُ,عِبَادِهِ,HARF,HARF,HARF,Hypothesis,True,registry-exact-hypothesis:exact:02_mabniyat/preposition_meanings.json#34
30,49,3,مِنْ,من,كَانُوا,قَبْلِ,HARF,HARF,HARF,Hypothesis,True,registry-exact-hypothesis:exact:02_mabniyat/preposition_meanings.json#34
30,49,5,أَنْ,أن,قَبْلِ,يُنَزَّلَ,HARF,HARF,HARF,Certificate,False,registry:plain:02_mabniyat/present_naseb_tools.json#1
30,49,8,مِنْ,من,عَلَيْهِمْ,قَبْلِهِ,HARF,HARF,HARF,Hypothesis,True,registry-exact-hypothesis:exact:02_mabniyat/preposition_meanings.json#34
30,50,11,إِنَّ,إن,مَوْتِهَا,ذَلِكَ,HARF,HARF,HARF,Certificate,False,registry:exact:02_mabniyat/letters_answers.json#4
30,51,7,مِنْ,من,لَظَلُّوا,بَعْدِهِ,HARF,HARF,HARF,Hypothesis,True,registry-exact-hypothesis:exact:02_mabniyat/preposition_meanings.json#34
30,53,7,إِنْ,إن,ضَلَالَتِهِمْ,تُسْمِعُ,HARF,HARF,HARF,Certificate,False,registry:exact:02_mabniyat/conditional_letters_tools.json#1
30,53,9,إِلَّا,إلا,تُسْمِعُ,مَنْ,HARF,HARF,,Certificate,False,MASAQ:106
30,53,10,مَنْ,من,إِلَّا,يُؤْمِنُ,ISM_MAWSOOL,ISM_MAWSOOL,ISM_MAWSOOL|ISM_MABNI|HARF,Hypothesis,True,registry-exact-hypothesis:exact:02_mabniyat/relative_pronouns.json#3
30,54,4,مِنْ,من,خَلَقَكُمْ,ضَعْفٍ,HARF,HARF,HARF,Hypothesis,True,registry-exact-hypothesis:exact:02_mabniyat/preposition_meanings.json#34
30,54,8,مِنْ,من,جَعَلَ,بَعْدِ,HARF,HARF,HARF,Hypothesis,True,registry-exact-hypothesis:exact:02_mabniyat/preposition_meanings.json#34
30,54,14,مِنْ,من,جَعَلَ,بَعْدِ,HARF,HARF,HARF,Hypothesis,True,registry-exact-hypothesis:exact:02_mabniyat/preposition_meanings.json#34
30,54,20,مَا,ما,يَخْلُقُ,يَشَاءُ,ISM_MAWSOOL,ISM_MAWSOOL,ISM_MAWSOOL|ISM_MABNI|HARF,Hypothesis,True,registry-exact-hypothesis:exact:02_mabniyat/relative_pronouns.json#13
30,55,6,مَا,ما,الْمُجْرِمُونَ,لَبِثُوا,HARF,ISM_MAWSOOL,ISM_MAWSOOL|ISM_MABNI|HARF,Hypothesis,True,registry-exact-hypothesis:exact:02_mabniyat/relative_pronouns.json#13
30,55,8,غَيْرَ,غير,لَبِثُوا,سَاعَةٍ,ISM_MUARAB,ISM_MUARAB,,Certificate,False,MASAQ:870
30,58,7,مِنْ,من,الْقُرْآنِ,كُلِّ,HARF,HARF,HARF,Hypothesis,True,registry-exact-hypothesis:exact:02_mabniyat/preposition_meanings.json#34
30,58,16,إِنْ,إن,كَفَرُوا,أَنْتُمْ,HARF,HARF,HARF,Certificate,False,registry:exact:02_mabniyat/conditional_letters_tools.json#1
30,58,18,إِلَّا,إلا,أَنْتُمْ,مُبْطِلُونَ,HARF,HARF,,Certificate,False,MASAQ:106
30,60,2,إِنَّ,إن,فَاصْبِرْ,وَعْدَ,HARF,HARF,HARF,Certificate,False,registry:exact:02_mabniyat/letters_answers.json#4
31,5,4,مِنْ,من,هُدَىً,رَبِّهِمْ,HARF,HARF,HARF,Hypothesis,True,registry-exact-hypothesis:exact:02_mabniyat/preposition_meanings.json#34
31,6,3,مَنْ,من,النَّاسِ,يَشْتَرِي,ISM_MAWSOOL,ISM_MAWSOOL,ISM_MAWSOOL|ISM_MABNI|HARF,Hypothesis,True,registry-exact-hypothesis:exact:02_mabniyat/relative_pronouns.json#3
31,8,1,إِنَّ,إن,,الَّذِينَ,HARF,HARF,HARF,Certificate,False,registry:exact:02_mabniyat/letters_answers.json#4
31,10,10,أَنْ,أن,رَوَاسِيَ,تَمِيدَ,HARF,HARF,HARF,Certificate,False,registry:plain:02_mabniyat/present_naseb_tools.json#1
31,10,15,مِنْ,من,فِيهَا,كُلِّ,HARF,HARF,HARF,Hypothesis,True,registry-exact-hypothesis:exact:02_mabniyat/preposition_meanings.json#34
31,10,19,مِنَ,من,وَأَنْزَلْنَا,السَّمَاءِ,HARF,HARF,HARF,Hypothesis,True,registry-exact-hypothesis:exact:02_mabniyat/preposition_meanings.json#32
31,10,24,مِنْ,من,فِيهَا,كُلِّ,HARF,HARF,HARF,Hypothesis,True,registry-exact-hypothesis:exact:02_mabniyat/preposition_meanings.json#34
31,11,8,مِنْ,من,الَّذِينَ,دُونِهِ,HARF,HARF,HARF,Hypothesis,True,registry-exact-hypothesis:exact:02_mabniyat/preposition_meanings.json#34
31,12,5,أَنِ,أن,الْحِكْمَةَ,اشْكُرْ,HARF,HARF,HARF,Certificate,False,registry:plain:02_mabniyat/present_naseb_tools.json#1
31,13,11,إِنَّ,إن,بِاللَّهِ,الشِّرْكَ,HARF,HARF,HARF,Certificate,False,registry:exact:02_mabniyat/letters_answers.json#4
31,14,12,أَنِ,أن,عَامَيْنِ,اشْكُرْ,HARF,HARF,HARF,Certificate,False,registry:plain:02_mabniyat/present_naseb_tools.json#1
31,15,4,أَنْ,أن,عَلَى,تُشْرِكَ,HARF,HARF,HARF,Certificate,False,registry:plain:02_mabniyat/present_naseb_tools.json#1
31,15,7,مَا,ما,بِي,لَيْسَ,ISM_MAWSOOL,ISM_MAWSOOL,ISM_MAWSOOL|ISM_MABNI|HARF,Hypothesis,True,registry-exact-hypothesis:exact:02_mabniyat/relative_pronouns.json#13
31,15,20,مَنْ,من,سَبِيلَ,أَنَابَ,ISM_MAWSOOL,ISM_MAWSOOL,ISM_MAWSOOL|ISM_MABNI|HARF,Hypothesis,True,registry-exact-hypothesis:exact:02_mabniyat/relative_pronouns.json#3
31,15,27,بِمَا,بما,فَأُنَبِّئُكُمْ,كُنْتُمْ,ISM_MAWSOOL,ISM_MAWSOOL,ISM_MAWSOOL|ISM_MABNI|HARF,Certificate,True,MASAQ:48
31,16,3,إِنْ,إن,إِنَّهَا,تَكُ,HARF,HARF,HARF,Certificate,False,registry:exact:02_mabniyat/conditional_letters_tools.json#1
31,16,7,مِنْ,من,حَبَّةٍ,خَرْدَلٍ,HARF,HARF,HARF,Hypothesis,True,registry-exact-hypothesis:exact:02_mabniyat/preposition_meanings.json#34
31,16,21,إِنَّ,إن,اللَّهُ,اللَّهَ,HARF,HARF,HARF,Certificate,False,registry:exact:02_mabniyat/letters_answers.json#4
31,17,11,مَا,ما,عَلَى,أَصَابَكَ,ISM_MAWSOOL,ISM_MAWSOOL,ISM_MAWSOOL|ISM_MABNI|HARF,Hypothesis,True,registry-exact-hypothesis:exact:02_mabniyat/relative_pronouns.json#13
31,17,13,إِنَّ,إن,أَصَابَكَ,ذَلِكَ,HARF,HARF,HARF,Certificate,False,registry:exact:02_mabniyat/letters_answers.json#4
31,17,15,مِنْ,من,ذَلِكَ,عَزْمِ,HARF,HARF,HARF,Hypothesis,True,registry-exact-hypothesis:exact:02_mabniyat/preposition_meanings.json#34
31,18,10,إِنَّ,إن,مَرَحَاً,اللَّهَ,HARF,HARF,HARF,Certificate,False,registry:exact:02_mabniyat/letters_answers.json#4
31,19,5,مِنْ,من,وَاغْضُضْ,صَوْتِكَ,HARF,HARF,HARF,Hypothesis,True,registry-exact-hypothesis:exact:02_mabniyat/preposition_meanings.json#34
31,19,7,إِنَّ,إن,صَوْتِكَ,أَنْكَرَ,HARF,HARF,HARF,Certificate,False,registry:exact:02_mabniyat/letters_answers.json#4
31,20,3,أَنَّ,أن,تَرَوْا,اللَّهَ,HARF,HARF,HARF,Certificate,False,registry:exact:02_mabniyat/copulative_particle.json#2
31,20,7,مَا,ما,لَكُمْ,فِي,ISM_MAWSOOL,ISM_MAWSOOL,ISM_MAWSOOL|ISM_MABNI|HARF,Hypothesis,True,registry-exact-hypothesis:exact:02_mabniyat/relative_pronouns.json#13
31,20,20,مَنْ,من,النَّاسِ,يُجَادِلُ,ISM_MAWSOOL,ISM_MAWSOOL,ISM_MAWSOOL|ISM_MABNI|HARF,Hypothesis,True,registry-exact-hypothesis:exact:02_mabniyat/relative_pronouns.json#3
31,21,5,مَا,ما,اتَّبِعُوا,أَنْزَلَ,ISM_MAWSOOL,ISM_MAWSOOL,ISM_MAWSOOL|ISM_MABNI|HARF,Hypothesis,True,registry-exact-hypothesis:exact:02_mabniyat/relative_pronouns.json#13
31,21,11,مَا,ما,نَتَّبِعُ,وَجَدْنَا,ISM_MAWSOOL,ISM_MAWSOOL,ISM_MAWSOOL|ISM_MABNI|HARF,Hypothesis,True,registry-exact-hypothesis:exact:02_mabniyat/relative_pronouns.json#13
31,23,9,بِمَا,بما,فَنُنَبِّئُهُمْ,عَمِلُوا,ISM_MAWSOOL,ISM_MAWSOOL,ISM_MAWSOOL|ISM_MABNI|HARF,Certificate,True,MASAQ:48
31,23,11,إِنَّ,إن,عَمِلُوا,اللَّهَ,HARF,HARF,HARF,Certificate,False,registry:exact:02_mabniyat/letters_answers.json#4
31,26,2,مَا,ما,لِلَّهِ,فِي,ISM_MAWSOOL,ISM_MAWSOOL,ISM_MAWSOOL|ISM_MABNI|HARF,Hypothesis,True,registry-exact-hypothesis:exact:02_mabniyat/relative_pronouns.json#13
31,26,6,إِنَّ,إن,وَالْأَرْضِ,اللَّهَ,HARF,HARF,HARF,Certificate,False,registry:exact:02_mabniyat/letters_answers.json#4
31,27,5,مِنْ,من,الْأَرْضِ,شَجَرَةٍ,HARF,HARF,HARF,Hypothesis,True,registry-exact-hypothesis:exact:02_mabniyat/preposition_meanings.json#34
31,27,10,مِنْ,من,يَمُدُّهُ,بَعْدِهِ,HARF,HARF,HARF,Hypothesis,True,registry-exact-hypothesis:exact:02_mabniyat/preposition_meanings.json#34
31,27,14,مَا,ما,أَبْحُرٍ,نَفِدَتْ,HARF,ISM_MAWSOOL,ISM_MAWSOOL|ISM_MABNI|HARF,Hypothesis,True,registry-exact-hypothesis:exact:02_mabniyat/relative_pronouns.json#13
31,27,18,إِنَّ,إن,اللَّهِ,اللَّهَ,HARF,HARF,HARF,Certificate,False,registry:exact:02_mabniyat/letters_answers.json#4
31,28,1,مَا,ما,,خَلْقُكُمْ,HARF,ISM_MAWSOOL,ISM_MAWSOOL|ISM_MABNI|HARF,Hypothesis,True,registry-exact-hypothesis:exact:02_mabniyat/relative_pronouns.json#13
31,28,5,إِلَّا,إلا,بَعْثُكُمْ,كَنَفْسٍ,HARF,HARF,,Certificate,False,MASAQ:106
31,28,8,إِنَّ,إن,وَاحِدَةٍ,اللَّهَ,HARF,HARF,HARF,Certificate,False,registry:exact:02_mabniyat/letters_answers.json#4
31,29,3,أَنَّ,أن,تَرَ,اللَّهَ,HARF,HARF,HARF,Certificate,False,registry:exact:02_mabniyat/copulative_particle.json#2
31,29,23,بِمَا,بما,اللَّهَ,تَعْمَلُونَ,ISM_MAWSOOL,ISM_MAWSOOL,ISM_MAWSOOL|ISM_MABNI|HARF,Certificate,True,MASAQ:48
31,30,7,مَا,ما,وَأَنَّ,يَدْعُونَ,ISM_MAWSOOL,ISM_MAWSOOL,ISM_MAWSOOL|ISM_MABNI|HARF,Hypothesis,True,registry-exact-hypothesis:exact:02_mabniyat/relative_pronouns.json#13
31,30,9,مِنْ,من,يَدْعُونَ,دُونِهِ,HARF,HARF,HARF,Hypothesis,True,registry-exact-hypothesis:exact:02_mabniyat/preposition_meanings.json#34
31,31,3,أَنَّ,أن,تَرَ,الْفُلْكَ,HARF,HARF,HARF,Certificate,False,registry:exact:02_mabniyat/copulative_particle.json#2
31,31,11,مِنْ,من,لِيُرِيَكُمْ,آيَاتِهِ,HARF,HARF,HARF,Hypothesis,True,registry-exact-hypothesis:exact:02_mabniyat/preposition_meanings.json#34
31,31,13,إِنَّ,إن,آيَاتِهِ,فِي,HARF,HARF,HARF,Certificate,False,registry:exact:02_mabniyat/letters_answers.json#4
31,32,19,إِلَّا,إلا,بِآيَاتِنَا,كُلُّ,HARF,HARF,,Certificate,False,MASAQ:106
31,33,19,إِنَّ,إن,شَيْئَاً,وَعْدَ,HARF,HARF,HARF,Certificate,False,registry:exact:02_mabniyat/letters_answers.json#4
31,34,1,إِنَّ,إن,,اللَّهَ,HARF,HARF,HARF,Certificate,False,registry:exact:02_mabniyat/letters_answers.json#4
31,34,9,مَا,ما,وَيَعْلَمُ,فِي,ISM_MAWSOOL,ISM_MAWSOOL,ISM_MAWSOOL|ISM_MABNI|HARF,Hypothesis,True,registry-exact-hypothesis:exact:02_mabniyat/relative_pronouns.json#13
31,34,24,إِنَّ,إن,تَمُوتُ,اللَّهَ,HARF,HARF,HARF,Certificate,False,registry:exact:02_mabniyat/letters_answers.json#4
32,2,6,مِنْ,من,فِيهِ,رَبِّ,HARF,HARF,HARF,Hypothesis,True,registry-exact-hypothesis:exact:02_mabniyat/preposition_meanings.json#34
32,3,7,مِنْ,من,الْحَقُّ,رَبِّكَ,HARF,HARF,HARF,Hypothesis,True,registry-exact-hypothesis:exact:02_mabniyat/preposition_meanings.json#34
32,3,11,مَا,ما,قَوْمَاً,أَتَاهُمْ,HARF,ISM_MAWSOOL,ISM_MAWSOOL|ISM_MABNI|HARF,Hypothesis,True,registry-exact-hypothesis:exact:02_mabniyat/relative_pronouns.json#13
32,3,13,مِنْ,من,أَتَاهُمْ,نَذِيرٍ,HARF,HARF,HARF,Hypothesis,True,registry-exact-hypothesis:exact:02_mabniyat/preposition_meanings.json#34
32,3,15,مِنْ,من,نَذِيرٍ,قَبْلِكَ,HARF,HARF,HARF,Hypothesis,True,registry-exact-hypothesis:exact:02_mabniyat/preposition_meanings.json#34
32,4,15,مَا,ما,الْعَرْشِ,لَكُمْ,HARF,ISM_MAWSOOL,ISM_MAWSOOL|ISM_MABNI|HARF,Hypothesis,True,registry-exact-hypothesis:exact:02_mabniyat/relative_pronouns.json#13
32,4,17,مِنْ,من,لَكُمْ,دُونِهِ,HARF,HARF,HARF,Hypothesis,True,registry-exact-hypothesis:exact:02_mabniyat/preposition_meanings.json#34
32,4,19,مِنْ,من,دُونِهِ,وَلِيٍّ,HARF,HARF,HARF,Hypothesis,True,registry-exact-hypothesis:exact:02_mabniyat/preposition_meanings.json#34
32,5,3,مِنَ,من,الْأَمْرَ,السَّمَاءِ,HARF,HARF,HARF,Hypothesis,True,registry-exact-hypothesis:exact:02_mabniyat/preposition_meanings.json#32
32,7,9,مِنْ,من,الْإِنْسَانِ,طِينٍ,HARF,HARF,HARF,Hypothesis,True,registry-exact-hypothesis:exact:02_mabniyat/preposition_meanings.json#34
32,8,4,مِنْ,من,نَسْلَهُ,سُلَالَةٍ,HARF,HARF,HARF,Hypothesis,True,registry-exact-hypothesis:exact:02_mabniyat/preposition_meanings.json#34
32,8,6,مِنْ,من,سُلَالَةٍ,مَاءٍ,HARF,HARF,HARF,Hypothesis,True,registry-exact-hypothesis:exact:02_mabniyat/preposition_meanings.json#34
32,9,5,مِنْ,من,فِيهِ,رُوحِهِ,HARF,HARF,HARF,Hypothesis,True,registry-exact-hypothesis:exact:02_mabniyat/preposition_meanings.json#34
32,9,13,مَا,ما,قَلِيلَاً,تَشْكُرُونَ,HARF,ISM_MAWSOOL,ISM_MAWSOOL|ISM_MABNI|HARF,Hypothesis,True,registry-exact-hypothesis:exact:02_mabniyat/relative_pronouns.json#13
32,13,13,مِنَ,من,جَهَنَّمَ,الْجِنَّةِ,HARF,HARF,HARF,Hypothesis,True,registry-exact-hypothesis:exact:02_mabniyat/preposition_meanings.json#32
32,14,2,بِمَا,بما,فَذُوقُوا,نَسِيتُمْ,ISM_MAWSOOL,ISM_MAWSOOL,ISM_MAWSOOL|ISM_MABNI|HARF,Certificate,True,MASAQ:48
32,14,12,بِمَا,بما,الْخُلْدِ,كُنْتُمْ,ISM_MAWSOOL,ISM_MAWSOOL,ISM_MAWSOOL|ISM_MABNI|HARF,Certificate,True,MASAQ:48
32,17,4,مَا,ما,نَفْسٌ,أُخْفِيَ,ISM_MAWSOOL,ISM_MAWSOOL,ISM_MAWSOOL|ISM_MABNI|HARF,Hypothesis,True,registry-exact-hypothesis:exact:02_mabniyat/relative_pronouns.json#13
32,17,7,مِنْ,من,لَهُمْ,قُرَّةِ,HARF,HARF,HARF,Hypothesis,True,registry-exact-hypothesis:exact:02_mabniyat/preposition_meanings.json#34
32,17,11,بِمَا,بما,جَزَاءً,كَانُوا,ISM_MAWSOOL,ISM_MAWSOOL,ISM_MAWSOOL|ISM_MABNI|HARF,Certificate,True,MASAQ:48
32,19,10,بِمَا,بما,نُزُلَاً,كَانُوا,ISM_MAWSOOL,ISM_MAWSOOL,ISM_MAWSOOL|ISM_MABNI|HARF,Certificate,True,MASAQ:48
32,20,8,أَنْ,أن,أَرَادُوا,يَخْرُجُوا,HARF,HARF,HARF,Certificate,False,registry:plain:02_mabniyat/present_naseb_tools.json#1
32,21,2,مِنَ,من,وَلَنُذِيقَنَّهُمْ,الْعَذَابِ,HARF,HARF,HARF,Hypothesis,True,registry-exact-hypothesis:exact:02_mabniyat/preposition_meanings.json#32
32,21,5,دُونَ,دون,الْأَدْنَى,الْعَذَابِ,ISM_MUARAB,ISM_MUARAB,,Certificate,False,MASAQ:10836
32,22,11,مِنَ,من,إِنَّا,الْمُجْرِمِينَ,HARF,HARF,HARF,Hypothesis,True,registry-exact-hypothesis:exact:02_mabniyat/preposition_meanings.json#32
32,23,9,مِنْ,من,مِرْيَةٍ,لِقَائِهِ,HARF,HARF,HARF,Hypothesis,True,registry-exact-hypothesis:exact:02_mabniyat/preposition_meanings.json#34
32,25,1,إِنَّ,إن,,رَبَّكَ,HARF,HARF,HARF,Certificate,False,registry:exact:02_mabniyat/letters_answers.json#4
32,26,6,مِنْ,من,أَهْلَكْنَا,قَبْلِهِمْ,HARF,HARF,HARF,Hypothesis,True,registry-exact-hypothesis:exact:02_mabniyat/preposition_meanings.json#34
32,26,8,مِنَ,من,قَبْلِهِمْ,الْقُرُونِ,HARF,HARF,HARF,Hypothesis,True,registry-exact-hypothesis:exact:02_mabniyat/preposition_meanings.json#32
32,26,13,إِنَّ,إن,مَسَاكِنِهِمْ,فِي,HARF,HARF,HARF,Certificate,False,registry:exact:02_mabniyat/letters_answers.json#4
32,28,5,إِنْ,إن,الْفَتْحُ,كُنْتُمْ,HARF,HARF,HARF,Certificate,False,registry:exact:02_mabniyat/conditional_letters_tools.json#1
33,1,9,إِنَّ,إن,وَالْمُنَافِقِينَ,اللَّهَ,HARF,HARF,HARF,Certificate,False,registry:exact:02_mabniyat/letters_answers.json#4
33,2,2,مَا,ما,وَاتَّبِعْ,يُوحَى,ISM_MAWSOOL,ISM_MAWSOOL,ISM_MAWSOOL|ISM_MABNI|HARF,Hypothesis,True,registry-exact-hypothesis:exact:02_mabniyat/relative_pronouns.json#13
33,2,5,مِنْ,من,إِلَيْكَ,رَبِّكَ,HARF,HARF,HARF,Hypothesis,True,registry-exact-hypothesis:exact:02_mabniyat/preposition_meanings.json#34
33,2,7,إِنَّ,إن,رَبِّكَ,اللَّهَ,HARF,HARF,HARF,Certificate,False,registry:exact:02_mabniyat/letters_answers.json#4
33,2,10,بِمَا,بما,كَانَ,تَعْمَلُونَ,ISM_MAWSOOL,ISM_MAWSOOL,ISM_MAWSOOL|ISM_MABNI|HARF,Certificate,True,MASAQ:48
33,4,1,مَا,ما,,جَعَلَ,HARF,ISM_MAWSOOL,ISM_MAWSOOL|ISM_MABNI|HARF,Hypothesis,True,registry-exact-hypothesis:exact:02_mabniyat/relative_pronouns.json#13
33,4,5,مِنْ,من,لِرَجُلٍ,قَلْبَيْنِ,HARF,HARF,HARF,Hypothesis,True,registry-exact-hypothesis:exact:02_mabniyat/preposition_meanings.json#34
33,5,22,مَا,ما,وَلَكِنْ,تَعَمَّدَتْ,ISM_MAWSOOL,ISM_MAWSOOL,ISM_MAWSOOL|ISM_MABNI|HARF,Hypothesis,True,registry-exact-hypothesis:exact:02_mabniyat/relative_pronouns.json#13
33,6,4,مِنْ,من,بِالْمُؤْمِنِينَ,أَنْفُسِهِمْ,HARF,HARF,HARF,Hypothesis,True,registry-exact-hypothesis:exact:02_mabniyat/preposition_meanings.json#34
33,6,16,مِنَ,من,اللَّهِ,الْمُؤْمِنِينَ,HARF,HARF,HARF,Hypothesis,True,registry-exact-hypothesis:exact:02_mabniyat/preposition_meanings.json#32
33,6,19,إِلَّا,إلا,وَالْمُهَاجِرِينَ,أَنْ,HARF,HARF,,Certificate,False,MASAQ:106
33,6,20,أَنْ,أن,إِلَّا,تَفْعَلُوا,HARF,HARF,HARF,Certificate,False,registry:plain:02_mabniyat/present_naseb_tools.json#1
33,7,3,مِنَ,من,أَخَذْنَا,النَّبِيِّينَ,HARF,HARF,HARF,Hypothesis,True,registry-exact-hypothesis:exact:02_mabniyat/preposition_meanings.json#32
33,9,19,بِمَا,بما,اللَّهُ,تَعْمَلُونَ,ISM_MAWSOOL,ISM_MAWSOOL,ISM_MAWSOOL|ISM_MABNI|HARF,Certificate,True,MASAQ:48
33,10,3,مِنْ,من,جَاءُوكُمْ,فَوْقِكُمْ,HARF,HARF,HARF,Hypothesis,True,registry-exact-hypothesis:exact:02_mabniyat/preposition_meanings.json#34
33,12,8,مَا,ما,مَرَضٌ,وَعَدَنَا,HARF,ISM_MAWSOOL,ISM_MAWSOOL|ISM_MABNI|HARF,Hypothesis,True,registry-exact-hypothesis:exact:02_mabniyat/relative_pronouns.json#13
33,12,12,إِلَّا,إلا,وَرَسُولُهُ,غُرُورَاً,HARF,HARF,,Certificate,False,MASAQ:106
33,13,16,إِنَّ,إن,يَقُولُونَ,بُيُوتَنَا,HARF,HARF,HARF,Certificate,False,registry:exact:02_mabniyat/letters_answers.json#4
33,13,22,إِنْ,إن,بِعَوْرَةٍ,يُرِيدُونَ,HARF,HARF,HARF,Certificate,False,registry:exact:02_mabniyat/conditional_letters_tools.json#1
33,13,24,إِلَّا,إلا,يُرِيدُونَ,فِرَارَاً,HARF,HARF,,Certificate,False,MASAQ:106
33,14,4,مِنْ,من,عَلَيْهِمْ,أَقْطَارِهَا,HARF,HARF,HARF,Hypothesis,True,registry-exact-hypothesis:exact:02_mabniyat/preposition_meanings.json#34
33,14,13,إِلَّا,إلا,بِهَا,يَسِيرَاً,HARF,HARF,,Certificate,False,MASAQ:106
33,15,5,مِنْ,من,اللَّهَ,قَبْلُ,HARF,HARF,HARF,Hypothesis,True,registry-exact-hypothesis:exact:02_mabniyat/preposition_meanings.json#34
33,16,5,إِنْ,إن,الْفِرَارُ,فَرَرْتُمْ,HARF,HARF,HARF,Certificate,False,registry:exact:02_mabniyat/conditional_letters_tools.json#1
33,16,7,مِنَ,من,فَرَرْتُمْ,الْمَوْتِ,HARF,HARF,HARF,Hypothesis,True,registry-exact-hypothesis:exact:02_mabniyat/preposition_meanings.json#32
33,16,14,إِلَّا,إلا,تُمَتَّعُونَ,قَلِيلَاً,HARF,HARF,,Certificate,False,MASAQ:106
33,17,6,مِنَ,من,يَعْصِمُكُمْ,اللَّهِ,HARF,HARF,HARF,Hypothesis,True,registry-exact-hypothesis:exact:02_mabniyat/preposition_meanings.json#32
33,17,8,إِنْ,إن,اللَّهِ,أَرَادَ,HARF,HARF,HARF,Certificate,False,registry:exact:02_mabniyat/conditional_letters_tools.json#1
33,17,19,مِنْ,من,لَهُمْ,دُونِ,HARF,HARF,HARF,Hypothesis,True,registry-exact-hypothesis:exact:02_mabniyat/preposition_meanings.json#34
33,17,20,دُونِ,دون,مِنْ,اللَّهِ,ISM_MUARAB,ISM_MUARAB,,Certificate,False,MASAQ:310
33,18,13,إِلَّا,إلا,الْبَأْسَ,قَلِيلَاً,HARF,HARF,,Certificate,False,MASAQ:106
33,19,14,مِنَ,من,عَلَيْهِ,الْمَوْتِ,HARF,HARF,HARF,Hypothesis,True,registry-exact-hypothesis:exact:02_mabniyat/preposition_meanings.json#32
33,20,20,مَا,ما,فِيكُمْ,قَاتَلُوا,HARF,ISM_MAWSOOL,ISM_MAWSOOL|ISM_MABNI|HARF,Hypothesis,True,registry-exact-hypothesis:exact:02_mabniyat/relative_pronouns.json#13
33,20,22,إِلَّا,إلا,قَاتَلُوا,قَلِيلَاً,HARF,HARF,,Certificate,False,MASAQ:106
33,22,7,مَا,ما,هَذَا,وَعَدَنَا,ISM_MAWSOOL,ISM_MAWSOOL,ISM_MAWSOOL|ISM_MABNI|HARF,Hypothesis,True,registry-exact-hypothesis:exact:02_mabniyat/relative_pronouns.json#13
33,22,16,إِلَّا,إلا,زَادَهُمْ,إِيمَانَاً,HARF,HARF,,Certificate,False,MASAQ:106
33,23,1,مِنَ,من,,الْمُؤْمِنِينَ,HARF,HARF,HARF,Hypothesis,True,registry-exact-hypothesis:exact:02_mabniyat/preposition_meanings.json#32
33,23,5,مَا,ما,صَدَقُوا,عَاهَدُوا,ISM_MAWSOOL,ISM_MAWSOOL,ISM_MAWSOOL|ISM_MABNI|HARF,Hypothesis,True,registry-exact-hypothesis:exact:02_mabniyat/relative_pronouns.json#13
33,23,10,مَنْ,من,فَمِنْهُمْ,قَضَى,ISM_MAWSOOL,ISM_MAWSOOL,ISM_MAWSOOL|ISM_MABNI|HARF,Hypothesis,True,registry-exact-hypothesis:exact:02_mabniyat/relative_pronouns.json#3
33,23,14,مَنْ,من,وَمِنْهُمْ,يَنْتَظِرُ,ISM_MAWSOOL,ISM_MAWSOOL,ISM_MAWSOOL|ISM_MABNI|HARF,Hypothesis,True,registry-exact-hypothesis:exact:02_mabniyat/relative_pronouns.json#3
33,24,7,إِنْ,إن,الْمُنَافِقِينَ,شَاءَ,HARF,HARF,HARF,Certificate,False,registry:exact:02_mabniyat/conditional_letters_tools.json#1
33,24,12,إِنَّ,إن,عَلَيْهِمْ,اللَّهَ,HARF,HARF,HARF,Certificate,False,registry:exact:02_mabniyat/letters_answers.json#4
33,26,4,مِنْ,من,ظَاهَرُوهُمْ,أَهْلِ,HARF,HARF,HARF,Hypothesis,True,registry-exact-hypothesis:exact:02_mabniyat/preposition_meanings.json#34
33,26,7,مِنْ,من,الْكِتَابِ,صَيَاصِيهِمْ,HARF,HARF,HARF,Hypothesis,True,registry-exact-hypothesis:exact:02_mabniyat/preposition_meanings.json#34
33,28,5,إِنْ,إن,لِأَزْوَاجِكَ,كُنْتُنَّ,HARF,HARF,HARF,Certificate,False,registry:exact:02_mabniyat/conditional_letters_tools.json#1
33,30,3,مَنْ,من,النَّبِيِّ,يَأْتِ,HARF,ISM_MAWSOOL,ISM_MAWSOOL|ISM_MABNI|HARF,Hypothesis,True,registry-exact-hypothesis:exact:02_mabniyat/relative_pronouns.json#3
33,32,5,مِنَ,من,كَأَحَدٍ,النِّسَاءِ,HARF,HARF,HARF,Hypothesis,True,registry-exact-hypothesis:exact:02_mabniyat/preposition_meanings.json#32
33,32,7,إِنِ,إن,النِّسَاءِ,اتَّقَيْتُنَّ,HARF,HARF,HARF,Certificate,False,registry:plain:02_mabniyat/conditional_letters_tools.json#1
33,34,2,مَا,ما,وَاذْكُرْنَ,يُتْلَى,ISM_MAWSOOL,ISM_MAWSOOL,ISM_MAWSOOL|ISM_MABNI|HARF,Hypothesis,True,registry-exact-hypothesis:exact:02_mabniyat/relative_pronouns.json#13
33,34,6,مِنْ,من,بُيُوتِكُنَّ,آيَاتِ,HARF,HARF,HARF,Hypothesis,True,registry-exact-hypothesis:exact:02_mabniyat/preposition_meanings.json#34
33,34,10,إِنَّ,إن,وَالْحِكْمَةِ,اللَّهَ,HARF,HARF,HARF,Certificate,False,registry:exact:02_mabniyat/letters_answers.json#4
33,35,1,إِنَّ,إن,,الْمُسْلِمِينَ,HARF,HARF,HARF,Certificate,False,registry:exact:02_mabniyat/letters_answers.json#4
33,36,11,أَنْ,أن,أَمْرَاً,يَكُونَ,HARF,HARF,HARF,Certificate,False,registry:plain:02_mabniyat/present_naseb_tools.json#1
33,36,15,مِنْ,من,الْخِيَرَةُ,أَمْرِهِمْ,HARF,HARF,HARF,Hypothesis,True,registry-exact-hypothesis:exact:02_mabniyat/preposition_meanings.json#34
33,37,17,مَا,ما,نَفْسِكَ,اللَّهُ,ISM_MAWSOOL,ISM_MAWSOOL,ISM_MAWSOOL|ISM_MABNI|HARF,Hypothesis,True,registry-exact-hypothesis:exact:02_mabniyat/relative_pronouns.json#13
33,37,24,أَنْ,أن,أَحَقُّ,تَخْشَاهُ,HARF,HARF,HARF,Certificate,False,registry:plain:02_mabniyat/present_naseb_tools.json#1
33,38,1,مَا,ما,,كَانَ,HARF,ISM_MAWSOOL,ISM_MAWSOOL|ISM_MABNI|HARF,Hypothesis,True,registry-exact-hypothesis:exact:02_mabniyat/relative_pronouns.json#13
33,38,5,مِنْ,من,النَّبِيِّ,حَرَجٍ,HARF,HARF,HARF,Hypothesis,True,registry-exact-hypothesis:exact:02_mabniyat/preposition_meanings.json#34
33,38,16,مِنْ,من,خَلَوْا,قَبْلُ,HARF,HARF,HARF,Hypothesis,True,registry-exact-hypothesis:exact:02_mabniyat/preposition_meanings.json#34
33,39,9,إِلَّا,إلا,أَحَدَاً,اللَّهَ,HARF,HARF,,Certificate,False,MASAQ:106
33,40,1,مَا,ما,,كَانَ,HARF,ISM_MAWSOOL,ISM_MAWSOOL|ISM_MABNI|HARF,Hypothesis,True,registry-exact-hypothesis:exact:02_mabniyat/relative_pronouns.json#13
33,40,6,مِنْ,من,أَحَدٍ,رِجَالِكُمْ,HARF,HARF,HARF,Hypothesis,True,registry-exact-hypothesis:exact:02_mabniyat/preposition_meanings.json#34
33,43,7,مِنَ,من,لِيُخْرِجَكُمْ,الظُّلُمَاتِ,HARF,HARF,HARF,Hypothesis,True,registry-exact-hypothesis:exact:02_mabniyat/preposition_meanings.json#32
33,47,5,مِنَ,من,لَهُمْ,اللَّهِ,HARF,HARF,HARF,Hypothesis,True,registry-exact-hypothesis:exact:02_mabniyat/preposition_meanings.json#32
33,49,9,مِنْ,من,طَلَّقْتُمُوهُنَّ,قَبْلِ,HARF,HARF,HARF,Hypothesis,True,registry-exact-hypothesis:exact:02_mabniyat/preposition_meanings.json#34
33,49,11,أَنْ,أن,قَبْلِ,تَمَسُّوهُنَّ,HARF,HARF,HARF,Certificate,False,registry:plain:02_mabniyat/present_naseb_tools.json#1
33,49,16,مِنْ,من,عَلَيْهِنَّ,عِدَّةٍ,HARF,HARF,HARF,Hypothesis,True,registry-exact-hypothesis:exact:02_mabniyat/preposition_meanings.json#34
33,50,30,إِنْ,إن,مُؤْمِنَةً,وَهَبَتْ,HARF,HARF,HARF,Certificate,False,registry:exact:02_mabniyat/conditional_letters_tools.json#1
33,50,34,إِنْ,إن,لِلنَّبِيِّ,أَرَادَ,HARF,HARF,HARF,Certificate,False,registry:exact:02_mabniyat/conditional_letters_tools.json#1
33,50,37,أَنْ,أن,النَّبِيُّ,يَسْتَنْكِحَهَا,HARF,HARF,HARF,Certificate,False,registry:plain:02_mabniyat/present_naseb_tools.json#1
33,50,41,مِنْ,من,لَكَ,دُونِ,HARF,HARF,HARF,Hypothesis,True,registry-exact-hypothesis:exact:02_mabniyat/preposition_meanings.json#34
33,50,42,دُونِ,دون,مِنْ,الْمُؤْمِنِينَ,ISM_MUARAB,ISM_MUARAB,,Certificate,False,MASAQ:310
33,50,46,مَا,ما,عَلِمْنَا,فَرَضْنَا,ISM_MAWSOOL,ISM_MAWSOOL,ISM_MAWSOOL|ISM_MABNI|HARF,Hypothesis,True,registry-exact-hypothesis:exact:02_mabniyat/relative_pronouns.json#13
33,51,2,مَنْ,من,تُرْجِي,تَشَاءُ,ISM_MAWSOOL,ISM_MAWSOOL,ISM_MAWSOOL|ISM_MABNI|HARF,Hypothesis,True,registry-exact-hypothesis:exact:02_mabniyat/relative_pronouns.json#3
33,51,7,مَنْ,من,إِلَيْكَ,تَشَاءُ,ISM_MAWSOOL,ISM_MAWSOOL,ISM_MAWSOOL|ISM_MABNI|HARF,Hypothesis,True,registry-exact-hypothesis:exact:02_mabniyat/relative_pronouns.json#3
33,51,18,أَنْ,أن,أَدْنَى,تَقَرَّ,HARF,HARF,HARF,Certificate,False,registry:plain:02_mabniyat/present_naseb_tools.json#1
33,51,24,بِمَا,بما,وَيَرْضَيْنَ,آتَيْتَهُنَّ,ISM_MAWSOOL,ISM_MAWSOOL,ISM_MAWSOOL|ISM_MABNI|HARF,Certificate,True,MASAQ:48
33,51,29,مَا,ما,يَعْلَمُ,فِي,ISM_MAWSOOL,ISM_MAWSOOL,ISM_MAWSOOL|ISM_MABNI|HARF,Hypothesis,True,registry-exact-hypothesis:exact:02_mabniyat/relative_pronouns.json#13
33,52,5,مِنْ,من,النِّسَاءُ,بَعْدُ,HARF,HARF,HARF,Hypothesis,True,registry-exact-hypothesis:exact:02_mabniyat/preposition_meanings.json#34
33,52,8,أَنْ,أن,وَلَا,تَبَدَّلَ,HARF,HARF,HARF,Certificate,False,registry:plain:02_mabniyat/present_naseb_tools.json#1
33,52,11,مِنْ,من,بِهِنَّ,أَزْوَاجٍ,HARF,HARF,HARF,Hypothesis,True,registry-exact-hypothesis:exact:02_mabniyat/preposition_meanings.json#34
33,52,16,إِلَّا,إلا,حُسْنُهُنَّ,مَا,HARF,HARF,,Certificate,False,MASAQ:106
33,52,17,مَا,ما,إِلَّا,مَلَكَتْ,ISM_MAWSOOL,ISM_MAWSOOL,ISM_MAWSOOL|ISM_MABNI|HARF,Hypothesis,True,registry-exact-hypothesis:exact:02_mabniyat/relative_pronouns.json#13
33,53,8,إِلَّا,إلا,النَّبِيِّ,أَنْ,HARF,HARF,,Certificate,False,MASAQ:106
33,53,9,أَنْ,أن,إِلَّا,يُؤْذَنَ,HARF,HARF,HARF,Certificate,False,registry:plain:02_mabniyat/present_naseb_tools.json#1
33,53,14,غَيْرَ,غير,طَعَامٍ,نَاظِرِينَ,ISM_MUARAB,ISM_MUARAB,,Certificate,False,MASAQ:870
33,53,27,إِنَّ,إن,لِحَدِيثٍ,ذَلِكُمْ,HARF,HARF,HARF,Certificate,False,registry:exact:02_mabniyat/letters_answers.json#4
33,53,37,مِنَ,من,يَسْتَحْيِي,الْحَقِّ,HARF,HARF,HARF,Hypothesis,True,registry-exact-hypothesis:exact:02_mabniyat/preposition_meanings.json#32
33,53,43,مِنْ,من,فَاسْأَلُوهُنَّ,وَرَاءِ,HARF,HARF,HARF,Hypothesis,True,registry-exact-hypothesis:exact:02_mabniyat/preposition_meanings.json#34
33,53,53,أَنْ,أن,لَكُمْ,تُؤْذُوا,HARF,HARF,HARF,Certificate,False,registry:plain:02_mabniyat/present_naseb_tools.json#1
33,53,58,أَنْ,أن,وَلَا,تَنْكِحُوا,HARF,HARF,HARF,Certificate,False,registry:plain:02_mabniyat/present_naseb_tools.json#1
33,53,61,مِنْ,من,أَزْوَاجَهُ,بَعْدِهِ,HARF,HARF,HARF,Hypothesis,True,registry-exact-hypothesis:exact:02_mabniyat/preposition_meanings.json#34
33,53,64,إِنَّ,إن,أَبَدَاً,ذَلِكُمْ,HARF,HARF,HARF,Certificate,False,registry:exact:02_mabniyat/letters_answers.json#4
33,54,1,إِنْ,إن,,تُبْدُوا,HARF,HARF,HARF,Certificate,False,registry:exact:02_mabniyat/conditional_letters_tools.json#1
33,55,19,مَا,ما,وَلَا,مَلَكَتْ,ISM_MAWSOOL,ISM_MAWSOOL,ISM_MAWSOOL|ISM_MABNI|HARF,Hypothesis,True,registry-exact-hypothesis:exact:02_mabniyat/relative_pronouns.json#13
33,55,24,إِنَّ,إن,اللَّهَ,اللَّهَ,HARF,HARF,HARF,Certificate,False,registry:exact:02_mabniyat/letters_answers.json#4
33,56,1,إِنَّ,إن,,اللَّهَ,HARF,HARF,HARF,Certificate,False,registry:exact:02_mabniyat/letters_answers.json#4
33,57,1,إِنَّ,إن,,الَّذِينَ,HARF,HARF,HARF,Certificate,False,registry:exact:02_mabniyat/letters_answers.json#4
33,58,6,مَا,ما,بِغَيْرِ,اكْتَسَبُوا,ISM_MAWSOOL,ISM_MAWSOOL,ISM_MAWSOOL|ISM_MABNI|HARF,Hypothesis,True,registry-exact-hypothesis:exact:02_mabniyat/relative_pronouns.json#13
33,59,10,مِنْ,من,عَلَيْهِنَّ,جَلَابِيبِهِنَّ,HARF,HARF,HARF,Hypothesis,True,registry-exact-hypothesis:exact:02_mabniyat/preposition_meanings.json#34
33,59,14,أَنْ,أن,أَدْنَى,يُعْرَفْنَ,HARF,HARF,HARF,Certificate,False,registry:plain:02_mabniyat/present_naseb_tools.json#1
33,60,18,إِلَّا,إلا,فِيهَا,قَلِيلَاً,HARF,HARF,,Certificate,False,MASAQ:106
33,62,6,مِنْ,من,خَلَوْا,قَبْلُ,HARF,HARF,HARF,Hypothesis,True,registry-exact-hypothesis:exact:02_mabniyat/preposition_meanings.json#34
33,64,1,إِنَّ,إن,,اللَّهَ,HARF,HARF,HARF,Certificate,False,registry:exact:02_mabniyat/letters_answers.json#4
33,68,4,مِنَ,من,ضِعْفَيْنِ,الْعَذَابِ,HARF,HARF,HARF,Hypothesis,True,registry-exact-hypothesis:exact:02_mabniyat/preposition_meanings.json#32
33,72,9,أَنْ,أن,فَأَبَيْنَ,يَحْمِلْنَهَا,HARF,HARF,HARF,Certificate,False,registry:plain:02_mabniyat/present_naseb_tools.json#1
34,1,5,مَا,ما,لَهُ,فِي,ISM_MAWSOOL,ISM_MAWSOOL,ISM_MAWSOOL|ISM_MABNI|HARF,Hypothesis,True,registry-exact-hypothesis:exact:02_mabniyat/relative_pronouns.json#13
34,2,2,مَا,ما,يَعْلَمُ,يَلِجُ,ISM_MAWSOOL,ISM_MAWSOOL,ISM_MAWSOOL|ISM_MABNI|HARF,Hypothesis,True,registry-exact-hypothesis:exact:02_mabniyat/relative_pronouns.json#13
34,2,11,مِنَ,من,يَنْزِلُ,السَّمَاءِ,HARF,HARF,HARF,Hypothesis,True,registry-exact-hypothesis:exact:02_mabniyat/preposition_meanings.json#32
34,3,25,مِنْ,من,أَصْغَرُ,ذَلِكَ,HARF,HARF,HARF,Hypothesis,True,registry-exact-hypothesis:exact:02_mabniyat/preposition_meanings.json#34
34,3,29,إِلَّا,إلا,أَكْبَرُ,فِي,HARF,HARF,,Certificate,False,MASAQ:106
34,5,9,مِنْ,من,عَذَابٌ,رِجْزٍ,HARF,HARF,HARF,Hypothesis,True,registry-exact-hypothesis:exact:02_mabniyat/preposition_meanings.json#34
34,6,8,مِنْ,من,إِلَيْكَ,رَبِّكَ,HARF,HARF,HARF,Hypothesis,True,registry-exact-hypothesis:exact:02_mabniyat/preposition_meanings.json#34
34,9,4,مَا,ما,إِلَى,بَيْنَ,ISM_MAWSOOL,ISM_MAWSOOL,ISM_MAWSOOL|ISM_MABNI|HARF,Hypothesis,True,registry-exact-hypothesis:exact:02_mabniyat/relative_pronouns.json#13
34,9,9,مِنَ,من,خَلْفَهُمْ,السَّمَاءِ,HARF,HARF,HARF,Hypothesis,True,registry-exact-hypothesis:exact:02_mabniyat/preposition_meanings.json#32
34,9,12,إِنْ,إن,وَالْأَرْضِ,نَشَأْ,HARF,HARF,HARF,Certificate,False,registry:exact:02_mabniyat/conditional_letters_tools.json#1
34,9,21,مِنَ,من,كِسَفَاً,السَّمَاءِ,HARF,HARF,HARF,Hypothesis,True,registry-exact-hypothesis:exact:02_mabniyat/preposition_meanings.json#32
34,9,23,إِنَّ,إن,السَّمَاءِ,فِي,HARF,HARF,HARF,Certificate,False,registry:exact:02_mabniyat/letters_answers.json#4
34,11,1,أَنِ,أن,,اعْمَلْ,HARF,HARF,HARF,Certificate,False,registry:plain:02_mabniyat/present_naseb_tools.json#1
34,11,10,بِمَا,بما,إِنِّي,تَعْمَلُونَ,ISM_MAWSOOL,ISM_MAWSOOL,ISM_MAWSOOL|ISM_MABNI|HARF,Certificate,True,MASAQ:48
34,12,13,مَنْ,من,الْجِنِّ,يَعْمَلُ,ISM_MAWSOOL,ISM_MAWSOOL,ISM_MAWSOOL|ISM_MABNI|HARF,Hypothesis,True,registry-exact-hypothesis:exact:02_mabniyat/relative_pronouns.json#3
34,12,25,مِنْ,من,نُذِقْهُ,عَذَابِ,HARF,HARF,HARF,Hypothesis,True,registry-exact-hypothesis:exact:02_mabniyat/preposition_meanings.json#34
34,13,3,مَا,ما,لَهُ,يَشَاءُ,ISM_MAWSOOL,ISM_MAWSOOL,ISM_MAWSOOL|ISM_MABNI|HARF,Hypothesis,True,registry-exact-hypothesis:exact:02_mabniyat/relative_pronouns.json#13
34,13,5,مِنْ,من,يَشَاءُ,مَحَارِيبَ,HARF,HARF,HARF,Hypothesis,True,registry-exact-hypothesis:exact:02_mabniyat/preposition_meanings.json#34
34,13,17,مِنْ,من,وَقَلِيلٌ,عِبَادِيَ,HARF,HARF,HARF,Hypothesis,True,registry-exact-hypothesis:exact:02_mabniyat/preposition_meanings.json#34
34,14,5,مَا,ما,الْمَوْتَ,دَلَّهُمْ,HARF,ISM_MAWSOOL,ISM_MAWSOOL|ISM_MABNI|HARF,Hypothesis,True,registry-exact-hypothesis:exact:02_mabniyat/relative_pronouns.json#13
34,14,9,إِلَّا,إلا,مَوْتِهِ,دَابَّةُ,HARF,HARF,,Certificate,False,MASAQ:106
34,14,18,أَنْ,أن,الْجِنُّ,لَوْ,HARF,HARF,HARF,Certificate,False,registry:plain:02_mabniyat/present_naseb_tools.json#1
34,14,23,مَا,ما,الْغَيْبَ,لَبِثُوا,HARF,ISM_MAWSOOL,ISM_MAWSOOL|ISM_MABNI|HARF,Hypothesis,True,registry-exact-hypothesis:exact:02_mabniyat/relative_pronouns.json#13
34,15,12,مِنْ,من,كُلُوا,رِزْقِ,HARF,HARF,HARF,Hypothesis,True,registry-exact-hypothesis:exact:02_mabniyat/preposition_meanings.json#34
34,16,14,مِنْ,من,وَشَيْءٍ,سِدْرٍ,HARF,HARF,HARF,Hypothesis,True,registry-exact-hypothesis:exact:02_mabniyat/preposition_meanings.json#34
34,17,3,بِمَا,بما,جَزَيْنَاهُمْ,كَفَرُوا,ISM_MAWSOOL,ISM_MAWSOOL,ISM_MAWSOOL|ISM_MABNI|HARF,Certificate,True,MASAQ:48
34,17,7,إِلَّا,إلا,نُجَازِي,الْكَفُورَ,HARF,HARF,,Certificate,False,MASAQ:106
34,19,13,إِنَّ,إن,مُمَزَّقٍ,فِي,HARF,HARF,HARF,Certificate,False,registry:exact:02_mabniyat/letters_answers.json#4
34,20,7,إِلَّا,إلا,فَاتَّبَعُوهُ,فَرِيقَاً,HARF,HARF,,Certificate,False,MASAQ:106
34,20,9,مِنَ,من,فَرِيقَاً,الْمُؤْمِنِينَ,HARF,HARF,HARF,Hypothesis,True,registry-exact-hypothesis:exact:02_mabniyat/preposition_meanings.json#32
34,21,5,مِنْ,من,عَلَيْهِمْ,سُلْطَانٍ,HARF,HARF,HARF,Hypothesis,True,registry-exact-hypothesis:exact:02_mabniyat/preposition_meanings.json#34
34,21,7,إِلَّا,إلا,سُلْطَانٍ,لِنَعْلَمَ,HARF,HARF,,Certificate,False,MASAQ:106
34,21,9,مَنْ,من,لِنَعْلَمَ,يُؤْمِنُ,ISM_MAWSOOL,ISM_MAWSOOL,ISM_MAWSOOL|ISM_MABNI|HARF,Hypothesis,True,registry-exact-hypothesis:exact:02_mabniyat/relative_pronouns.json#3
34,22,5,مِنْ,من,زَعَمْتُمْ,دُونِ,HARF,HARF,HARF,Hypothesis,True,registry-exact-hypothesis:exact:02_mabniyat/preposition_meanings.json#34
34,22,6,دُونِ,دون,مِنْ,اللَّهِ,ISM_MUARAB,ISM_MUARAB,,Certificate,False,MASAQ:310
34,22,20,مِنْ,من,فِيهِمَا,شِرْكٍ,HARF,HARF,HARF,Hypothesis,True,registry-exact-hypothesis:exact:02_mabniyat/preposition_meanings.json#34
34,22,25,مِنْ,من,مِنْهُمْ,ظَهِيرٍ,HARF,HARF,HARF,Hypothesis,True,registry-exact-hypothesis:exact:02_mabniyat/preposition_meanings.json#34
34,23,5,إِلَّا,إلا,عِنْدَهُ,لِمَنْ,HARF,HARF,,Certificate,False,MASAQ:106
34,23,9,حَتَّى,حتى,لَهُ,إِذَا,HARF,HARF,HARF,Certificate,False,registry:exact:02_mabniyat/preposition_meanings.json#48
34,24,2,مَنْ,من,قُلْ,يَرْزُقُكُمْ,HARF,ISM_MAWSOOL,ISM_MAWSOOL|ISM_MABNI|HARF,Hypothesis,True,registry-exact-hypothesis:exact:02_mabniyat/relative_pronouns.json#3
34,24,4,مِنَ,من,يَرْزُقُكُمْ,السَّمَاوَاتِ,HARF,HARF,HARF,Hypothesis,True,registry-exact-hypothesis:exact:02_mabniyat/preposition_meanings.json#32
34,28,3,إِلَّا,إلا,أَرْسَلْنَاكَ,كَافَّةً,HARF,HARF,,Certificate,False,MASAQ:106
34,29,5,إِنْ,إن,الْوَعْدُ,كُنْتُمْ,HARF,HARF,HARF,Certificate,False,registry:exact:02_mabniyat/conditional_letters_tools.json#1
34,33,12,أَنْ,أن,تَأْمُرُونَنَا,نَكْفُرَ,HARF,HARF,HARF,Certificate,False,registry:plain:02_mabniyat/present_naseb_tools.json#1
34,33,31,إِلَّا,إلا,يُجْزَوْنَ,مَا,HARF,HARF,,Certificate,False,MASAQ:106
34,33,32,مَا,ما,إِلَّا,كَانُوا,ISM_MAWSOOL,ISM_MAWSOOL,ISM_MAWSOOL|ISM_MABNI|HARF,Hypothesis,True,registry-exact-hypothesis:exact:02_mabniyat/relative_pronouns.json#13
34,34,5,مِنْ,من,قَرْيَةٍ,نَذِيرٍ,HARF,HARF,HARF,Hypothesis,True,registry-exact-hypothesis:exact:02_mabniyat/preposition_meanings.json#34
34,34,7,إِلَّا,إلا,نَذِيرٍ,قَالَ,HARF,HARF,,Certificate,False,MASAQ:106
34,34,11,بِمَا,بما,إِنَّا,أُرْسِلْتُمْ,ISM_MAWSOOL,ISM_MAWSOOL,ISM_MAWSOOL|ISM_MABNI|HARF,Certificate,True,MASAQ:48
34,36,2,إِنَّ,إن,قُلْ,رَبِّي,HARF,HARF,HARF,Certificate,False,registry:exact:02_mabniyat/letters_answers.json#4
34,37,9,إِلَّا,إلا,زُلْفَى,مَنْ,HARF,HARF,,Certificate,False,MASAQ:106
34,37,10,مَنْ,من,إِلَّا,آمَنَ,ISM_MAWSOOL,ISM_MAWSOOL,ISM_MAWSOOL|ISM_MABNI|HARF,Hypothesis,True,registry-exact-hypothesis:exact:02_mabniyat/relative_pronouns.json#3
34,37,18,بِمَا,بما,الضِّعْفِ,عَمِلُوا,ISM_MAWSOOL,ISM_MAWSOOL,ISM_MAWSOOL|ISM_MABNI|HARF,Certificate,True,MASAQ:48
34,39,2,إِنَّ,إن,قُلْ,رَبِّي,HARF,HARF,HARF,Certificate,False,registry:exact:02_mabniyat/letters_answers.json#4
34,39,8,مِنْ,من,يَشَاءُ,عِبَادِهِ,HARF,HARF,HARF,Hypothesis,True,registry-exact-hypothesis:exact:02_mabniyat/preposition_meanings.json#34
34,39,14,مِنْ,من,أَنْفَقْتُمْ,شَيْءٍ,HARF,HARF,HARF,Hypothesis,True,registry-exact-hypothesis:exact:02_mabniyat/preposition_meanings.json#34
34,41,5,مِنْ,من,وَلِيُّنَا,دُونِهِمْ,HARF,HARF,HARF,Hypothesis,True,registry-exact-hypothesis:exact:02_mabniyat/preposition_meanings.json#34
34,43,7,مَا,ما,قَالُوا,هَذَا,HARF,ISM_MAWSOOL,ISM_MAWSOOL|ISM_MABNI|HARF,Hypothesis,True,registry-exact-hypothesis:exact:02_mabniyat/relative_pronouns.json#13
34,43,9,إِلَّا,إلا,هَذَا,رَجُلٌ,HARF,HARF,,Certificate,False,MASAQ:106
34,43,12,أَنْ,أن,يُرِيدُ,يَصُدَّكُمْ,HARF,HARF,HARF,Certificate,False,registry:plain:02_mabniyat/present_naseb_tools.json#1
34,43,19,مَا,ما,وَقَالُوا,هَذَا,HARF,ISM_MAWSOOL,ISM_MAWSOOL|ISM_MABNI|HARF,Hypothesis,True,registry-exact-hypothesis:exact:02_mabniyat/relative_pronouns.json#13
34,43,21,إِلَّا,إلا,هَذَا,إِفْكٌ,HARF,HARF,,Certificate,False,MASAQ:106
34,43,30,إِنْ,إن,جَاءَهُمْ,هَذَا,HARF,HARF,HARF,Certificate,False,registry:exact:02_mabniyat/conditional_letters_tools.json#1
34,43,32,إِلَّا,إلا,هَذَا,سِحْرٌ,HARF,HARF,,Certificate,False,MASAQ:106
34,44,3,مِنْ,من,آتَيْنَاهُمْ,كُتُبٍ,HARF,HARF,HARF,Hypothesis,True,registry-exact-hypothesis:exact:02_mabniyat/preposition_meanings.json#34
34,44,10,مِنْ,من,قَبْلَكَ,نَذِيرٍ,HARF,HARF,HARF,Hypothesis,True,registry-exact-hypothesis:exact:02_mabniyat/preposition_meanings.json#34
34,45,3,مِنْ,من,الَّذِينَ,قَبْلِهِمْ,HARF,HARF,HARF,Hypothesis,True,registry-exact-hypothesis:exact:02_mabniyat/preposition_meanings.json#34
34,45,8,مَا,ما,مِعْشَارَ,آتَيْنَاهُمْ,ISM_MAWSOOL,ISM_MAWSOOL,ISM_MAWSOOL|ISM_MABNI|HARF,Hypothesis,True,registry-exact-hypothesis:exact:02_mabniyat/relative_pronouns.json#13
34,46,5,أَنْ,أن,بِوَاحِدَةٍ,تَقُومُوا,HARF,HARF,HARF,Certificate,False,registry:plain:02_mabniyat/present_naseb_tools.json#1
34,46,12,مَا,ما,تَتَفَكَّرُوا,بِصَاحِبِكُمْ,HARF,ISM_MAWSOOL,ISM_MAWSOOL|ISM_MABNI|HARF,Hypothesis,True,registry-exact-hypothesis:exact:02_mabniyat/relative_pronouns.json#13
34,46,14,مِنْ,من,بِصَاحِبِكُمْ,جِنَّةٍ,HARF,HARF,HARF,Hypothesis,True,registry-exact-hypothesis:exact:02_mabniyat/preposition_meanings.json#34
34,46,16,إِنْ,إن,جِنَّةٍ,هُوَ,HARF,HARF,HARF,Certificate,False,registry:exact:02_mabniyat/conditional_letters_tools.json#1
34,46,18,إِلَّا,إلا,هُوَ,نَذِيرٌ,HARF,HARF,,Certificate,False,MASAQ:106
34,47,2,مَا,ما,قُلْ,سَأَلْتُكُمْ,HARF,ISM_MAWSOOL,ISM_MAWSOOL|ISM_MABNI|HARF,Hypothesis,True,registry-exact-hypothesis:exact:02_mabniyat/relative_pronouns.json#13
34,47,4,مِنْ,من,سَأَلْتُكُمْ,أَجْرٍ,HARF,HARF,HARF,Hypothesis,True,registry-exact-hypothesis:exact:02_mabniyat/preposition_meanings.json#34
34,47,8,إِنْ,إن,لَكُمْ,أَجْرِيَ,HARF,HARF,HARF,Certificate,False,registry:exact:02_mabniyat/conditional_letters_tools.json#1
34,47,10,إِلَّا,إلا,أَجْرِيَ,عَلَى,HARF,HARF,,Certificate,False,MASAQ:106
34,48,2,إِنَّ,إن,قُلْ,رَبِّي,HARF,HARF,HARF,Certificate,False,registry:exact:02_mabniyat/letters_answers.json#4
34,50,2,إِنْ,إن,قُلْ,ضَلَلْتُ,HARF,HARF,HARF,Certificate,False,registry:exact:02_mabniyat/conditional_letters_tools.json#1
34,51,8,مِنْ,من,وَأُخِذُوا,مَكَانٍ,HARF,HARF,HARF,Hypothesis,True,registry-exact-hypothesis:exact:02_mabniyat/preposition_meanings.json#34
34,52,7,مِنْ,من,التَّنَاوُشُ,مَكَانٍ,HARF,HARF,HARF,Hypothesis,True,registry-exact-hypothesis:exact:02_mabniyat/preposition_meanings.json#34
34,53,4,مِنْ,من,بِهِ,قَبْلُ,HARF,HARF,HARF,Hypothesis,True,registry-exact-hypothesis:exact:02_mabniyat/preposition_meanings.json#34
34,53,8,مِنْ,من,بِالْغَيْبِ,مَكَانٍ,HARF,HARF,HARF,Hypothesis,True,registry-exact-hypothesis:exact:02_mabniyat/preposition_meanings.json#34
34,54,4,مَا,ما,وَبَيْنَ,يَشْتَهُونَ,ISM_MAWSOOL,ISM_MAWSOOL,ISM_MAWSOOL|ISM_MABNI|HARF,Hypothesis,True,registry-exact-hypothesis:exact:02_mabniyat/relative_pronouns.json#13
34,54,9,مِنْ,من,بِأَشْيَاعِهِمْ,قَبْلُ,HARF,HARF,HARF,Hypothesis,True,registry-exact-hypothesis:exact:02_mabniyat/preposition_meanings.json#34
35,1,17,مَا,ما,الْخَلْقِ,يَشَاءُ,ISM_MAWSOOL,ISM_MAWSOOL,ISM_MAWSOOL|ISM_MABNI|HARF,Hypothesis,True,registry-exact-hypothesis:exact:02_mabniyat/relative_pronouns.json#13
35,1,19,إِنَّ,إن,يَشَاءُ,اللَّهَ,HARF,HARF,HARF,Certificate,False,registry:exact:02_mabniyat/letters_answers.json#4
35,2,1,مَا,ما,,يَفْتَحِ,HARF,ISM_MAWSOOL,ISM_MAWSOOL|ISM_MABNI|HARF,Hypothesis,True,registry-exact-hypothesis:exact:02_mabniyat/relative_pronouns.json#13
35,2,5,مِنْ,من,لِلنَّاسِ,رَحْمَةٍ,HARF,HARF,HARF,Hypothesis,True,registry-exact-hypothesis:exact:02_mabniyat/preposition_meanings.json#34
35,2,15,مِنْ,من,لَهُ,بَعْدِهِ,HARF,HARF,HARF,Hypothesis,True,registry-exact-hypothesis:exact:02_mabniyat/preposition_meanings.json#34
35,3,8,مِنْ,من,هَلْ,خَالِقٍ,HARF,HARF,HARF,Hypothesis,True,registry-exact-hypothesis:exact:02_mabniyat/preposition_meanings.json#34
35,3,10,غَيْرُ,غير,خَالِقٍ,اللَّهِ,ISM_MUARAB,ISM_MUARAB,,Certificate,False,MASAQ:11830
35,3,13,مِنَ,من,يَرْزُقُكُمْ,السَّمَاءِ,HARF,HARF,HARF,Hypothesis,True,registry-exact-hypothesis:exact:02_mabniyat/preposition_meanings.json#32
35,3,18,إِلَّا,إلا,إِلَهَ,هُوَ,HARF,HARF,,Certificate,False,MASAQ:106
35,4,6,مِنْ,من,رُسُلٌ,قَبْلِكَ,HARF,HARF,HARF,Hypothesis,True,registry-exact-hypothesis:exact:02_mabniyat/preposition_meanings.json#34
35,5,3,إِنَّ,إن,النَّاسُ,وَعْدَ,HARF,HARF,HARF,Certificate,False,registry:exact:02_mabniyat/letters_answers.json#4
35,6,1,إِنَّ,إن,,الشَّيْطَانَ,HARF,HARF,HARF,Certificate,False,registry:exact:02_mabniyat/letters_answers.json#4
35,6,11,مِنْ,من,لِيَكُونُوا,أَصْحَابِ,HARF,HARF,HARF,Hypothesis,True,registry-exact-hypothesis:exact:02_mabniyat/preposition_meanings.json#34
35,8,11,مَنْ,من,يُضِلُّ,يَشَاءُ,ISM_MAWSOOL,ISM_MAWSOOL,ISM_MAWSOOL|ISM_MABNI|HARF,Hypothesis,True,registry-exact-hypothesis:exact:02_mabniyat/relative_pronouns.json#3
35,8,14,مَنْ,من,وَيَهْدِي,يَشَاءُ,ISM_MAWSOOL,ISM_MAWSOOL,ISM_MAWSOOL|ISM_MABNI|HARF,Hypothesis,True,registry-exact-hypothesis:exact:02_mabniyat/relative_pronouns.json#3
35,8,21,إِنَّ,إن,حَسَرَاتٍ,اللَّهَ,HARF,HARF,HARF,Certificate,False,registry:exact:02_mabniyat/letters_answers.json#4
35,8,24,بِمَا,بما,عَلِيمٌ,يَصْنَعُونَ,ISM_MAWSOOL,ISM_MAWSOOL,ISM_MAWSOOL|ISM_MABNI|HARF,Certificate,True,MASAQ:48
35,10,1,مَنْ,من,,كَانَ,HARF,ISM_MAWSOOL,ISM_MAWSOOL|ISM_MABNI|HARF,Hypothesis,True,registry-exact-hypothesis:exact:02_mabniyat/relative_pronouns.json#3
35,11,3,مِنْ,من,خَلَقَكُمْ,تُرَابٍ,HARF,HARF,HARF,Hypothesis,True,registry-exact-hypothesis:exact:02_mabniyat/preposition_meanings.json#34
35,11,6,مِنْ,من,ثُمَّ,نُطْفَةٍ,HARF,HARF,HARF,Hypothesis,True,registry-exact-hypothesis:exact:02_mabniyat/preposition_meanings.json#34
35,11,13,مِنْ,من,تَحْمِلُ,أُنْثَى,HARF,HARF,HARF,Hypothesis,True,registry-exact-hypothesis:exact:02_mabniyat/preposition_meanings.json#34
35,11,17,إِلَّا,إلا,تَضَعُ,بِعِلْمِهِ,HARF,HARF,,Certificate,False,MASAQ:106
35,11,21,مِنْ,من,يُعَمَّرُ,مُعَمَّرٍ,HARF,HARF,HARF,Hypothesis,True,registry-exact-hypothesis:exact:02_mabniyat/preposition_meanings.json#34
35,11,25,مِنْ,من,يُنْقَصُ,عُمُرِهِ,HARF,HARF,HARF,Hypothesis,True,registry-exact-hypothesis:exact:02_mabniyat/preposition_meanings.json#34
35,11,27,إِلَّا,إلا,عُمُرِهِ,فِي,HARF,HARF,,Certificate,False,MASAQ:106
35,11,30,إِنَّ,إن,كِتَابٍ,ذَلِكَ,HARF,HARF,HARF,Certificate,False,registry:exact:02_mabniyat/letters_answers.json#4
35,12,25,مِنْ,من,لِتَبْتَغُوا,فَضْلِهِ,HARF,HARF,HARF,Hypothesis,True,registry-exact-hypothesis:exact:02_mabniyat/preposition_meanings.json#34
35,13,23,مِنْ,من,تَدْعُونَ,دُونِهِ,HARF,HARF,HARF,Hypothesis,True,registry-exact-hypothesis:exact:02_mabniyat/preposition_meanings.json#34
35,13,25,مَا,ما,دُونِهِ,يَمْلِكُونَ,HARF,ISM_MAWSOOL,ISM_MAWSOOL|ISM_MABNI|HARF,Hypothesis,True,registry-exact-hypothesis:exact:02_mabniyat/relative_pronouns.json#13
35,13,27,مِنْ,من,يَمْلِكُونَ,قِطْمِيرٍ,HARF,HARF,HARF,Hypothesis,True,registry-exact-hypothesis:exact:02_mabniyat/preposition_meanings.json#34
35,14,1,إِنْ,إن,,تَدْعُوهُمْ,HARF,HARF,HARF,Certificate,False,registry:exact:02_mabniyat/conditional_letters_tools.json#1
35,14,8,مَا,ما,سَمِعُوا,اسْتَجَابُوا,HARF,ISM_MAWSOOL,ISM_MAWSOOL|ISM_MABNI|HARF,Hypothesis,True,registry-exact-hypothesis:exact:02_mabniyat/relative_pronouns.json#13
35,16,1,إِنْ,إن,,يَشَأْ,HARF,HARF,HARF,Certificate,False,registry:exact:02_mabniyat/conditional_letters_tools.json#1
35,22,6,إِنَّ,إن,الْأَمْوَاتُ,اللَّهَ,HARF,HARF,HARF,Certificate,False,registry:exact:02_mabniyat/letters_answers.json#4
35,22,9,مَنْ,من,يُسْمِعُ,يَشَاءُ,ISM_MAWSOOL,ISM_MAWSOOL,ISM_MAWSOOL|ISM_MABNI|HARF,Hypothesis,True,registry-exact-hypothesis:exact:02_mabniyat/relative_pronouns.json#3
35,22,14,مَنْ,من,بِمُسْمِعٍ,فِي,ISM_MAWSOOL,ISM_MAWSOOL,ISM_MAWSOOL|ISM_MABNI|HARF,Hypothesis,True,registry-exact-hypothesis:exact:02_mabniyat/relative_pronouns.json#3
35,23,1,إِنْ,إن,,أَنْتَ,HARF,HARF,HARF,Certificate,False,registry:exact:02_mabniyat/conditional_letters_tools.json#1
35,23,3,إِلَّا,إلا,أَنْتَ,نَذِيرٌ,HARF,HARF,,Certificate,False,MASAQ:106
35,24,7,مِنْ,من,وَإِنْ,أُمَّةٍ,HARF,HARF,HARF,Hypothesis,True,registry-exact-hypothesis:exact:02_mabniyat/preposition_meanings.json#34
35,24,9,إِلَّا,إلا,أُمَّةٍ,خَلَا,HARF,HARF,,Certificate,False,MASAQ:106
35,25,6,مِنْ,من,الَّذِينَ,قَبْلِهِمْ,HARF,HARF,HARF,Hypothesis,True,registry-exact-hypothesis:exact:02_mabniyat/preposition_meanings.json#34
35,27,3,أَنَّ,أن,تَرَ,اللَّهَ,HARF,HARF,HARF,Certificate,False,registry:exact:02_mabniyat/copulative_particle.json#2
35,27,6,مِنَ,من,أَنْزَلَ,السَّمَاءِ,HARF,HARF,HARF,Hypothesis,True,registry-exact-hypothesis:exact:02_mabniyat/preposition_meanings.json#32
35,28,11,مِنْ,من,اللَّهَ,عِبَادِهِ,HARF,HARF,HARF,Hypothesis,True,registry-exact-hypothesis:exact:02_mabniyat/preposition_meanings.json#34
35,28,14,إِنَّ,إن,الْعُلَمَاءُ,اللَّهَ,HARF,HARF,HARF,Certificate,False,registry:exact:02_mabniyat/letters_answers.json#4
35,29,1,إِنَّ,إن,,الَّذِينَ,HARF,HARF,HARF,Certificate,False,registry:exact:02_mabniyat/letters_answers.json#4
35,30,4,مِنْ,من,وَيَزِيدَهُمْ,فَضْلِهِ,HARF,HARF,HARF,Hypothesis,True,registry-exact-hypothesis:exact:02_mabniyat/preposition_meanings.json#34
35,31,4,مِنَ,من,إِلَيْكَ,الْكِتَابِ,HARF,HARF,HARF,Hypothesis,True,registry-exact-hypothesis:exact:02_mabniyat/preposition_meanings.json#32
35,31,12,إِنَّ,إن,يَدَيْهِ,اللَّهَ,HARF,HARF,HARF,Certificate,False,registry:exact:02_mabniyat/letters_answers.json#4
35,32,6,مِنْ,من,اصْطَفَيْنَا,عِبَادِنَا,HARF,HARF,HARF,Hypothesis,True,registry-exact-hypothesis:exact:02_mabniyat/preposition_meanings.json#34
35,33,6,مِنْ,من,فِيهَا,أَسَاوِرَ,HARF,HARF,HARF,Hypothesis,True,registry-exact-hypothesis:exact:02_mabniyat/preposition_meanings.json#34
35,33,8,مِنْ,من,أَسَاوِرَ,ذَهَبٍ,HARF,HARF,HARF,Hypothesis,True,registry-exact-hypothesis:exact:02_mabniyat/preposition_meanings.json#34
35,34,8,إِنَّ,إن,الْحَزَنَ,رَبَّنَا,HARF,HARF,HARF,Certificate,False,registry:exact:02_mabniyat/letters_answers.json#4
35,35,5,مِنْ,من,الْمُقَامَةِ,فَضْلِهِ,HARF,HARF,HARF,Hypothesis,True,registry-exact-hypothesis:exact:02_mabniyat/preposition_meanings.json#34
35,36,13,مِنْ,من,عَنْهُمْ,عَذَابِهَا,HARF,HARF,HARF,Hypothesis,True,registry-exact-hypothesis:exact:02_mabniyat/preposition_meanings.json#34
35,37,8,غَيْرَ,غير,صَالِحَاً,الَّذِي,ISM_MUARAB,ISM_MUARAB,,Certificate,False,MASAQ:870
35,37,14,مَا,ما,نُعَمِّرْكُمْ,يَتَذَكَّرُ,HARF,ISM_MAWSOOL,ISM_MAWSOOL|ISM_MABNI|HARF,Hypothesis,True,registry-exact-hypothesis:exact:02_mabniyat/relative_pronouns.json#13
35,37,17,مَنْ,من,فِيهِ,تَذَكَّرَ,ISM_MAWSOOL,ISM_MAWSOOL,ISM_MAWSOOL|ISM_MABNI|HARF,Hypothesis,True,registry-exact-hypothesis:exact:02_mabniyat/relative_pronouns.json#3
35,37,24,مِنْ,من,لِلظَّالِمِينَ,نَصِيرٍ,HARF,HARF,HARF,Hypothesis,True,registry-exact-hypothesis:exact:02_mabniyat/preposition_meanings.json#34
35,38,1,إِنَّ,إن,,اللَّهَ,HARF,HARF,HARF,Certificate,False,registry:exact:02_mabniyat/letters_answers.json#4
35,39,17,إِلَّا,إلا,رَبِّهِمْ,مَقْتَاً,HARF,HARF,,Certificate,False,MASAQ:106
35,39,23,إِلَّا,إلا,كُفْرُهُمْ,خَسَارَاً,HARF,HARF,,Certificate,False,MASAQ:106
35,40,6,مِنْ,من,تَدْعُونَ,دُونِ,HARF,HARF,HARF,Hypothesis,True,registry-exact-hypothesis:exact:02_mabniyat/preposition_meanings.json#34
35,40,7,دُونِ,دون,مِنْ,اللَّهِ,ISM_MUARAB,ISM_MUARAB,,Certificate,False,MASAQ:310
35,40,12,مِنَ,من,خَلَقُوا,الْأَرْضِ,HARF,HARF,HARF,Hypothesis,True,registry-exact-hypothesis:exact:02_mabniyat/preposition_meanings.json#32
35,40,27,إِنْ,إن,بَلْ,يَعِدُ,HARF,HARF,HARF,Certificate,False,registry:exact:02_mabniyat/conditional_letters_tools.json#1
35,40,32,إِلَّا,إلا,بَعْضَاً,غُرُورَاً,HARF,HARF,,Certificate,False,MASAQ:106
35,41,1,إِنَّ,إن,,اللَّهَ,HARF,HARF,HARF,Certificate,False,registry:exact:02_mabniyat/letters_answers.json#4
35,41,6,أَنْ,أن,وَالْأَرْضَ,تَزُولَا,HARF,HARF,HARF,Certificate,False,registry:plain:02_mabniyat/present_naseb_tools.json#1
35,41,10,إِنْ,إن,زَالَتَا,أَمْسَكَهُمَا,HARF,HARF,HARF,Certificate,False,registry:exact:02_mabniyat/conditional_letters_tools.json#1
35,41,12,مِنْ,من,أَمْسَكَهُمَا,أَحَدٍ,HARF,HARF,HARF,Hypothesis,True,registry-exact-hypothesis:exact:02_mabniyat/preposition_meanings.json#34
35,41,14,مِنْ,من,أَحَدٍ,بَعْدِهِ,HARF,HARF,HARF,Hypothesis,True,registry-exact-hypothesis:exact:02_mabniyat/preposition_meanings.json#34
35,42,10,مِنْ,من,أَهْدَى,إِحْدَى,HARF,HARF,HARF,Hypothesis,True,registry-exact-hypothesis:exact:02_mabniyat/preposition_meanings.json#34
35,42,16,مَا,ما,نَذِيرٌ,زَادَهُمْ,HARF,ISM_MAWSOOL,ISM_MAWSOOL|ISM_MABNI|HARF,Hypothesis,True,registry-exact-hypothesis:exact:02_mabniyat/relative_pronouns.json#13
35,42,18,إِلَّا,إلا,زَادَهُمْ,نُفُورَاً,HARF,HARF,,Certificate,False,MASAQ:106
35,43,10,إِلَّا,إلا,السَّيِّئُ,بِأَهْلِهِ,HARF,HARF,,Certificate,False,MASAQ:106
35,43,14,إِلَّا,إلا,يَنْظُرُونَ,سُنَّتَ,HARF,HARF,,Certificate,False,MASAQ:106
35,44,10,مِنْ,من,الَّذِينَ,قَبْلِهِمْ,HARF,HARF,HARF,Hypothesis,True,registry-exact-hypothesis:exact:02_mabniyat/preposition_meanings.json#34
35,44,20,مِنْ,من,لِيُعْجِزَهُ,شَيْءٍ,HARF,HARF,HARF,Hypothesis,True,registry-exact-hypothesis:exact:02_mabniyat/preposition_meanings.json#34
35,45,5,بِمَا,بما,النَّاسَ,كَسَبُوا,ISM_MAWSOOL,ISM_MAWSOOL,ISM_MAWSOOL|ISM_MABNI|HARF,Certificate,True,MASAQ:48
35,45,7,مَا,ما,كَسَبُوا,تَرَكَ,HARF,ISM_MAWSOOL,ISM_MAWSOOL|ISM_MABNI|HARF,Hypothesis,True,registry-exact-hypothesis:exact:02_mabniyat/relative_pronouns.json#13
35,45,11,مِنْ,من,ظَهْرِهَا,دَابَّةٍ,HARF,HARF,HARF,Hypothesis,True,registry-exact-hypothesis:exact:02_mabniyat/preposition_meanings.json#34
36,6,3,مَا,ما,قَوْمَاً,أُنْذِرَ,HARF,ISM_MAWSOOL,ISM_MAWSOOL|ISM_MABNI|HARF,Hypothesis,True,registry-exact-hypothesis:exact:02_mabniyat/relative_pronouns.json#13
36,9,2,مِنْ,من,وَجَعَلْنَا,بَيْنِ,HARF,HARF,HARF,Hypothesis,True,registry-exact-hypothesis:exact:02_mabniyat/preposition_meanings.json#34
36,11,3,مَنِ,من,تُنْذِرُ,اتَّبَعَ,ISM_MAWSOOL,ISM_MAWSOOL,ISM_MAWSOOL|ISM_MABNI|HARF,Certificate,True,MASAQ:3539
36,12,6,مَا,ما,وَنَكْتُبُ,قَدَّمُوا,ISM_MAWSOOL,ISM_MAWSOOL,ISM_MAWSOOL|ISM_MABNI|HARF,Hypothesis,True,registry-exact-hypothesis:exact:02_mabniyat/relative_pronouns.json#13
36,15,2,مَا,ما,قَالُوا,أَنْتُمْ,HARF,ISM_MAWSOOL,ISM_MAWSOOL|ISM_MABNI|HARF,Hypothesis,True,registry-exact-hypothesis:exact:02_mabniyat/relative_pronouns.json#13
36,15,4,إِلَّا,إلا,أَنْتُمْ,بَشَرٌ,HARF,HARF,,Certificate,False,MASAQ:106
36,15,10,مِنْ,من,الرَّحْمَنُ,شَيْءٍ,HARF,HARF,HARF,Hypothesis,True,registry-exact-hypothesis:exact:02_mabniyat/preposition_meanings.json#34
36,15,12,إِنْ,إن,شَيْءٍ,أَنْتُمْ,HARF,HARF,HARF,Certificate,False,registry:exact:02_mabniyat/conditional_letters_tools.json#1
36,15,14,إِلَّا,إلا,أَنْتُمْ,تَكْذِبُونَ,HARF,HARF,,Certificate,False,MASAQ:106
36,17,3,إِلَّا,إلا,عَلَيْنَا,الْبَلَاغُ,HARF,HARF,,Certificate,False,MASAQ:106
36,20,2,مِنْ,من,وَجَاءَ,أَقْصَى,HARF,HARF,HARF,Hypothesis,True,registry-exact-hypothesis:exact:02_mabniyat/preposition_meanings.json#34
36,21,2,مَنْ,من,اتَّبِعُوا,لَا,ISM_MAWSOOL,ISM_MAWSOOL,ISM_MAWSOOL|ISM_MABNI|HARF,Hypothesis,True,registry-exact-hypothesis:exact:02_mabniyat/relative_pronouns.json#3
36,23,2,مِنْ,من,أَأَتَّخِذُ,دُونِهِ,HARF,HARF,HARF,Hypothesis,True,registry-exact-hypothesis:exact:02_mabniyat/preposition_meanings.json#34
36,23,5,إِنْ,إن,آلِهَةً,يُرِدْنِ,HARF,HARF,HARF,Certificate,False,registry:exact:02_mabniyat/conditional_letters_tools.json#1
36,27,1,بِمَا,بما,,غَفَرَ,ISM_MAWSOOL,ISM_MAWSOOL,ISM_MAWSOOL|ISM_MABNI|HARF,Certificate,True,MASAQ:48
36,27,6,مِنَ,من,وَجَعَلَنِي,الْمُكْرَمِينَ,HARF,HARF,HARF,Hypothesis,True,registry-exact-hypothesis:exact:02_mabniyat/preposition_meanings.json#32
36,28,5,مِنْ,من,قَوْمِهِ,بَعْدِهِ,HARF,HARF,HARF,Hypothesis,True,registry-exact-hypothesis:exact:02_mabniyat/preposition_meanings.json#34
36,28,7,مِنْ,من,بَعْدِهِ,جُنْدٍ,HARF,HARF,HARF,Hypothesis,True,registry-exact-hypothesis:exact:02_mabniyat/preposition_meanings.json#34
36,28,9,مِنَ,من,جُنْدٍ,السَّمَاءِ,HARF,HARF,HARF,Hypothesis,True,registry-exact-hypothesis:exact:02_mabniyat/preposition_meanings.json#32
36,29,1,إِنْ,إن,,كَانَتْ,HARF,HARF,HARF,Certificate,False,registry:exact:02_mabniyat/conditional_letters_tools.json#1
36,29,3,إِلَّا,إلا,كَانَتْ,صَيْحَةً,HARF,HARF,,Certificate,False,MASAQ:106
36,30,4,مَا,ما,الْعِبَادِ,يَأْتِيهِمْ,HARF,ISM_MAWSOOL,ISM_MAWSOOL|ISM_MABNI|HARF,Hypothesis,True,registry-exact-hypothesis:exact:02_mabniyat/relative_pronouns.json#13
36,30,6,مِنْ,من,يَأْتِيهِمْ,رَسُولٍ,HARF,HARF,HARF,Hypothesis,True,registry-exact-hypothesis:exact:02_mabniyat/preposition_meanings.json#34
36,30,8,إِلَّا,إلا,رَسُولٍ,كَانُوا,HARF,HARF,,Certificate,False,MASAQ:106
36,31,6,مِنَ,من,قَبْلَهُمْ,الْقُرُونِ,HARF,HARF,HARF,Hypothesis,True,registry-exact-hypothesis:exact:02_mabniyat/preposition_meanings.json#32
36,34,4,مِنْ,من,جَنَّاتٍ,نَخِيلٍ,HARF,HARF,HARF,Hypothesis,True,registry-exact-hypothesis:exact:02_mabniyat/preposition_meanings.json#34
36,34,9,مِنَ,من,فِيهَا,الْعُيُونِ,HARF,HARF,HARF,Hypothesis,True,registry-exact-hypothesis:exact:02_mabniyat/preposition_meanings.json#32
36,35,2,مِنْ,من,لِيَأْكُلُوا,ثَمَرِهِ,HARF,HARF,HARF,Hypothesis,True,registry-exact-hypothesis:exact:02_mabniyat/preposition_meanings.json#34
36,39,4,حَتَّى,حتى,مَنَازِلَ,عَادَ,HARF,HARF,HARF,Certificate,False,registry:exact:02_mabniyat/preposition_meanings.json#48
36,40,5,أَنْ,أن,لَهَا,تُدْرِكَ,HARF,HARF,HARF,Certificate,False,registry:plain:02_mabniyat/present_naseb_tools.json#1
36,42,3,مِنْ,من,لَهُمْ,مِثْلِهِ,HARF,HARF,HARF,Hypothesis,True,registry-exact-hypothesis:exact:02_mabniyat/preposition_meanings.json#34
36,42,5,مَا,ما,مِثْلِهِ,يَرْكَبُونَ,ISM_MAWSOOL,ISM_MAWSOOL,ISM_MAWSOOL|ISM_MABNI|HARF,Hypothesis,True,registry-exact-hypothesis:exact:02_mabniyat/relative_pronouns.json#13
36,44,1,إِلَّا,إلا,,رَحْمَةً,HARF,HARF,,Certificate,False,MASAQ:106
36,45,5,مَا,ما,اتَّقُوا,بَيْنَ,ISM_MAWSOOL,ISM_MAWSOOL,ISM_MAWSOOL|ISM_MABNI|HARF,Hypothesis,True,registry-exact-hypothesis:exact:02_mabniyat/relative_pronouns.json#13
36,46,3,مِنْ,من,تَأْتِيهِمْ,آيَةٍ,HARF,HARF,HARF,Hypothesis,True,registry-exact-hypothesis:exact:02_mabniyat/preposition_meanings.json#34
36,46,5,مِنْ,من,آيَةٍ,آيَاتِ,HARF,HARF,HARF,Hypothesis,True,registry-exact-hypothesis:exact:02_mabniyat/preposition_meanings.json#34
36,46,8,إِلَّا,إلا,رَبِّهِمْ,كَانُوا,HARF,HARF,,Certificate,False,MASAQ:106
36,47,14,مَنْ,من,أَنُطْعِمُ,لَوْ,ISM_MAWSOOL,ISM_MAWSOOL,ISM_MAWSOOL|ISM_MABNI|HARF,Hypothesis,True,registry-exact-hypothesis:exact:02_mabniyat/relative_pronouns.json#3
36,47,19,إِنْ,إن,أَطْعَمَهُ,أَنْتُمْ,HARF,HARF,HARF,Certificate,False,registry:exact:02_mabniyat/conditional_letters_tools.json#1
36,47,21,إِلَّا,إلا,أَنْتُمْ,فِي,HARF,HARF,,Certificate,False,MASAQ:106
36,48,5,إِنْ,إن,الْوَعْدُ,كُنْتُمْ,HARF,HARF,HARF,Certificate,False,registry:exact:02_mabniyat/conditional_letters_tools.json#1
36,49,1,مَا,ما,,يَنْظُرُونَ,HARF,ISM_MAWSOOL,ISM_MAWSOOL|ISM_MABNI|HARF,Hypothesis,True,registry-exact-hypothesis:exact:02_mabniyat/relative_pronouns.json#13
36,49,3,إِلَّا,إلا,يَنْظُرُونَ,صَيْحَةً,HARF,HARF,,Certificate,False,MASAQ:106
36,51,6,مِنَ,من,هُمْ,الْأَجْدَاثِ,HARF,HARF,HARF,Hypothesis,True,registry-exact-hypothesis:exact:02_mabniyat/preposition_meanings.json#32
36,52,3,مَنْ,من,يَاوَيْلَنَا,بَعَثَنَا,HARF,ISM_MAWSOOL,ISM_MAWSOOL|ISM_MABNI|HARF,Hypothesis,True,registry-exact-hypothesis:exact:02_mabniyat/relative_pronouns.json#3
36,52,5,مِنْ,من,بَعَثَنَا,مَرْقَدِنَا,HARF,HARF,HARF,Hypothesis,True,registry-exact-hypothesis:exact:02_mabniyat/preposition_meanings.json#34
36,52,8,مَا,ما,هَذَا,وَعَدَ,ISM_MAWSOOL,ISM_MAWSOOL,ISM_MAWSOOL|ISM_MABNI|HARF,Hypothesis,True,registry-exact-hypothesis:exact:02_mabniyat/relative_pronouns.json#13
36,53,1,إِنْ,إن,,كَانَتْ,HARF,HARF,HARF,Certificate,False,registry:exact:02_mabniyat/conditional_letters_tools.json#1
36,53,3,إِلَّا,إلا,كَانَتْ,صَيْحَةً,HARF,HARF,,Certificate,False,MASAQ:106
36,54,8,إِلَّا,إلا,تُجْزَوْنَ,مَا,HARF,HARF,,Certificate,False,MASAQ:106
36,54,9,مَا,ما,إِلَّا,كُنْتُمْ,ISM_MAWSOOL,ISM_MAWSOOL,ISM_MAWSOOL|ISM_MABNI|HARF,Hypothesis,True,registry-exact-hypothesis:exact:02_mabniyat/relative_pronouns.json#13
36,55,1,إِنَّ,إن,,أَصْحَابَ,HARF,HARF,HARF,Certificate,False,registry:exact:02_mabniyat/letters_answers.json#4
36,57,5,مَا,ما,وَلَهُمْ,يَدَّعُونَ,ISM_MAWSOOL,ISM_MAWSOOL,ISM_MAWSOOL|ISM_MABNI|HARF,Hypothesis,True,registry-exact-hypothesis:exact:02_mabniyat/relative_pronouns.json#13
36,58,3,مِنْ,من,قَوْلَاً,رَبٍّ,HARF,HARF,HARF,Hypothesis,True,registry-exact-hypothesis:exact:02_mabniyat/preposition_meanings.json#34
36,60,6,أَنْ,أن,آدَمَ,لَا,HARF,HARF,HARF,Certificate,False,registry:plain:02_mabniyat/present_naseb_tools.json#1
36,64,3,بِمَا,بما,الْيَوْمَ,كُنْتُمْ,ISM_MAWSOOL,ISM_MAWSOOL,ISM_MAWSOOL|ISM_MABNI|HARF,Certificate,True,MASAQ:48
36,65,9,بِمَا,بما,أَرْجُلُهُمْ,كَانُوا,ISM_MAWSOOL,ISM_MAWSOOL,ISM_MAWSOOL|ISM_MABNI|HARF,Certificate,True,MASAQ:48
36,69,7,إِنْ,إن,لَهُ,هُوَ,HARF,HARF,HARF,Certificate,False,registry:exact:02_mabniyat/conditional_letters_tools.json#1
36,69,9,إِلَّا,إلا,هُوَ,ذِكْرٌ,HARF,HARF,,Certificate,False,MASAQ:106
36,70,2,مَنْ,من,لِيُنْذِرَ,كَانَ,ISM_MAWSOOL,ISM_MAWSOOL,ISM_MAWSOOL|ISM_MABNI|HARF,Hypothesis,True,registry-exact-hypothesis:exact:02_mabniyat/relative_pronouns.json#3
36,74,2,مِنْ,من,وَاتَّخَذُوا,دُونِ,HARF,HARF,HARF,Hypothesis,True,registry-exact-hypothesis:exact:02_mabniyat/preposition_meanings.json#34
36,74,3,دُونِ,دون,مِنْ,اللَّهِ,ISM_MUARAB,ISM_MUARAB,,Certificate,False,MASAQ:310
36,76,6,مَا,ما,نَعْلَمُ,يُسِرُّونَ,ISM_MAWSOOL,ISM_MAWSOOL,ISM_MAWSOOL|ISM_MABNI|HARF,Hypothesis,True,registry-exact-hypothesis:exact:02_mabniyat/relative_pronouns.json#13
36,77,6,مِنْ,من,خَلَقْنَاهُ,نُطْفَةٍ,HARF,HARF,HARF,Hypothesis,True,registry-exact-hypothesis:exact:02_mabniyat/preposition_meanings.json#34
36,78,7,مَنْ,من,قَالَ,يُحْيِي,HARF,ISM_MAWSOOL,ISM_MAWSOOL|ISM_MABNI|HARF,Hypothesis,True,registry-exact-hypothesis:exact:02_mabniyat/relative_pronouns.json#3
36,80,4,مِنَ,من,لَكُمْ,الشَّجَرِ,HARF,HARF,HARF,Hypothesis,True,registry-exact-hypothesis:exact:02_mabniyat/preposition_meanings.json#32
36,81,8,أَنْ,أن,عَلَى,يَخْلُقَ,HARF,HARF,HARF,Certificate,False,registry:plain:02_mabniyat/present_naseb_tools.json#1
36,82,6,أَنْ,أن,شَيْئَاً,يَقُولَ,HARF,HARF,HARF,Certificate,False,registry:plain:02_mabniyat/present_naseb_tools.json#1
37,4,1,إِنَّ,إن,,إِلَهَكُمْ,HARF,HARF,HARF,Certificate,False,registry:exact:02_mabniyat/letters_answers.json#4
37,7,2,مِنْ,من,وَحِفْظَاً,كُلِّ,HARF,HARF,HARF,Hypothesis,True,registry-exact-hypothesis:exact:02_mabniyat/preposition_meanings.json#34
37,8,7,مِنْ,من,وَيُقْذَفُونَ,كُلِّ,HARF,HARF,HARF,Hypothesis,True,registry-exact-hypothesis:exact:02_mabniyat/preposition_meanings.json#34
37,10,1,إِلَّا,إلا,,مَنْ,HARF,HARF,,Certificate,False,MASAQ:106
37,10,2,مَنْ,من,إِلَّا,خَطِفَ,ISM_MAWSOOL,ISM_MAWSOOL,ISM_MAWSOOL|ISM_MABNI|HARF,Hypothesis,True,registry-exact-hypothesis:exact:02_mabniyat/relative_pronouns.json#3
37,11,6,مَنْ,من,أَمْ,خَلَقْنَا,ISM_MAWSOOL,ISM_MAWSOOL,ISM_MAWSOOL|ISM_MABNI|HARF,Hypothesis,True,registry-exact-hypothesis:exact:02_mabniyat/relative_pronouns.json#3
37,11,10,مِنْ,من,خَلَقْنَاهُمْ,طِينٍ,HARF,HARF,HARF,Hypothesis,True,registry-exact-hypothesis:exact:02_mabniyat/preposition_meanings.json#34
37,15,2,إِنْ,إن,وَقَالُوا,هَذَا,HARF,HARF,HARF,Certificate,False,registry:exact:02_mabniyat/conditional_letters_tools.json#1
37,15,4,إِلَّا,إلا,هَذَا,سِحْرٌ,HARF,HARF,,Certificate,False,MASAQ:106
37,23,1,مِنْ,من,,دُونِ,HARF,HARF,HARF,Hypothesis,True,registry-exact-hypothesis:exact:02_mabniyat/preposition_meanings.json#34
37,23,2,دُونِ,دون,مِنْ,اللَّهِ,ISM_MUARAB,ISM_MUARAB,,Certificate,False,MASAQ:310
37,30,5,مِنْ,من,عَلَيْكُمْ,سُلْطَانٍ,HARF,HARF,HARF,Hypothesis,True,registry-exact-hypothesis:exact:02_mabniyat/preposition_meanings.json#34
37,35,8,إِلَّا,إلا,إِلَهَ,اللَّهُ,HARF,HARF,,Certificate,False,MASAQ:106
37,39,3,إِلَّا,إلا,تُجْزَوْنَ,مَا,HARF,HARF,,Certificate,False,MASAQ:106
37,39,4,مَا,ما,إِلَّا,كُنْتُمْ,ISM_MAWSOOL,ISM_MAWSOOL,ISM_MAWSOOL|ISM_MABNI|HARF,Hypothesis,True,registry-exact-hypothesis:exact:02_mabniyat/relative_pronouns.json#13
37,40,1,إِلَّا,إلا,,عِبَادَ,HARF,HARF,,Certificate,False,MASAQ:106
37,45,4,مِنْ,من,بِكَأْسٍ,مَعِينٍ,HARF,HARF,HARF,Hypothesis,True,registry-exact-hypothesis:exact:02_mabniyat/preposition_meanings.json#34
37,56,3,إِنْ,إن,تَاللَّهِ,كِدْتَ,HARF,HARF,HARF,Certificate,False,registry:exact:02_mabniyat/conditional_letters_tools.json#1
37,57,5,مِنَ,من,لَكُنْتُ,الْمُحْضَرِينَ,HARF,HARF,HARF,Hypothesis,True,registry-exact-hypothesis:exact:02_mabniyat/preposition_meanings.json#32
37,59,1,إِلَّا,إلا,,مَوْتَتَنَا,HARF,HARF,,Certificate,False,MASAQ:106
37,60,1,إِنَّ,إن,,هَذَا,HARF,HARF,HARF,Certificate,False,registry:exact:02_mabniyat/letters_answers.json#4
37,67,2,إِنَّ,إن,ثُمَّ,لَهُمْ,HARF,HARF,HARF,Certificate,False,registry:exact:02_mabniyat/letters_answers.json#4
37,67,6,مِنْ,من,لَشَوْبَاً,حَمِيمٍ,HARF,HARF,HARF,Hypothesis,True,registry-exact-hypothesis:exact:02_mabniyat/preposition_meanings.json#34
37,68,2,إِنَّ,إن,ثُمَّ,مَرْجِعَهُمْ,HARF,HARF,HARF,Certificate,False,registry:exact:02_mabniyat/letters_answers.json#4
37,74,1,إِلَّا,إلا,,عِبَادَ,HARF,HARF,,Certificate,False,MASAQ:106
37,76,3,مِنَ,من,وَأَهْلَهُ,الْكَرْبِ,HARF,HARF,HARF,Hypothesis,True,registry-exact-hypothesis:exact:02_mabniyat/preposition_meanings.json#32
37,81,2,مِنْ,من,إِنَّهُ,عِبَادِنَا,HARF,HARF,HARF,Hypothesis,True,registry-exact-hypothesis:exact:02_mabniyat/preposition_meanings.json#34
37,83,2,مِنْ,من,وَإِنَّ,شِيعَتِهِ,HARF,HARF,HARF,Hypothesis,True,registry-exact-hypothesis:exact:02_mabniyat/preposition_meanings.json#34
37,86,3,دُونَ,دون,آلِهَةً,اللَّهِ,ISM_MUARAB,ISM_MUARAB,,Certificate,False,MASAQ:10836
37,95,3,مَا,ما,أَتَعْبُدُونَ,تَنْحِتُونَ,ISM_MAWSOOL,ISM_MAWSOOL,ISM_MAWSOOL|ISM_MABNI|HARF,Hypothesis,True,registry-exact-hypothesis:exact:02_mabniyat/relative_pronouns.json#13
37,100,4,مِنَ,من,لِي,الصَّالِحِينَ,HARF,HARF,HARF,Hypothesis,True,registry-exact-hypothesis:exact:02_mabniyat/preposition_meanings.json#32
37,102,19,مَا,ما,افْعَلْ,تُؤْمَرُ,ISM_MAWSOOL,ISM_MAWSOOL,ISM_MAWSOOL|ISM_MABNI|HARF,Hypothesis,True,registry-exact-hypothesis:exact:02_mabniyat/relative_pronouns.json#13
37,102,22,إنْ,إن,سَتَجِدُنِي,شَاءَ,HARF,HARF,HARF,Certificate,False,registry:plain:02_mabniyat/conditional_letters_tools.json#1
37,102,25,مِنَ,من,اللَّهُ,الصَّابِرِينَ,HARF,HARF,HARF,Hypothesis,True,registry-exact-hypothesis:exact:02_mabniyat/preposition_meanings.json#32
37,104,2,أَنْ,أن,وَنَادَيْنَاهُ,يَاإِبْرَاهِيمُ,HARF,HARF,HARF,Certificate,False,registry:plain:02_mabniyat/present_naseb_tools.json#1
37,106,1,إِنَّ,إن,,هَذَا,HARF,HARF,HARF,Certificate,False,registry:exact:02_mabniyat/letters_answers.json#4
37,111,2,مِنْ,من,إِنَّهُ,عِبَادِنَا,HARF,HARF,HARF,Hypothesis,True,registry-exact-hypothesis:exact:02_mabniyat/preposition_meanings.json#34
37,112,4,مِنَ,من,نَبِيَّاً,الصَّالِحِينَ,HARF,HARF,HARF,Hypothesis,True,registry-exact-hypothesis:exact:02_mabniyat/preposition_meanings.json#32
37,115,3,مِنَ,من,وَقَوْمَهُمَا,الْكَرْبِ,HARF,HARF,HARF,Hypothesis,True,registry-exact-hypothesis:exact:02_mabniyat/preposition_meanings.json#32
37,122,2,مِنْ,من,إِنَّهُمَا,عِبَادِنَا,HARF,HARF,HARF,Hypothesis,True,registry-exact-hypothesis:exact:02_mabniyat/preposition_meanings.json#34
37,128,1,إِلَّا,إلا,,عِبَادَ,HARF,HARF,,Certificate,False,MASAQ:106
37,132,2,مِنْ,من,إِنَّهُ,عِبَادِنَا,HARF,HARF,HARF,Hypothesis,True,registry-exact-hypothesis:exact:02_mabniyat/preposition_meanings.json#34
37,135,1,إِلَّا,إلا,,عَجُوزَاً,HARF,HARF,,Certificate,False,MASAQ:106
37,141,3,مِنَ,من,فَكَانَ,الْمُدْحَضِينَ,HARF,HARF,HARF,Hypothesis,True,registry-exact-hypothesis:exact:02_mabniyat/preposition_meanings.json#32
37,143,4,مِنَ,من,كَانَ,الْمُسَبِّحِينَ,HARF,HARF,HARF,Hypothesis,True,registry-exact-hypothesis:exact:02_mabniyat/preposition_meanings.json#32
37,146,4,مِنْ,من,شَجَرَةً,يَقْطِينٍ,HARF,HARF,HARF,Hypothesis,True,registry-exact-hypothesis:exact:02_mabniyat/preposition_meanings.json#34
37,151,3,مِنْ,من,إِنَّهُمْ,إِفْكِهِمْ,HARF,HARF,HARF,Hypothesis,True,registry-exact-hypothesis:exact:02_mabniyat/preposition_meanings.json#34
37,157,3,إِنْ,إن,بِكِتَابِكُمْ,كُنْتُمْ,HARF,HARF,HARF,Certificate,False,registry:exact:02_mabniyat/conditional_letters_tools.json#1
37,160,1,إِلَّا,إلا,,عِبَادَ,HARF,HARF,,Certificate,False,MASAQ:106
37,162,1,مَا,ما,,أَنْتُمْ,HARF,ISM_MAWSOOL,ISM_MAWSOOL|ISM_MABNI|HARF,Hypothesis,True,registry-exact-hypothesis:exact:02_mabniyat/relative_pronouns.json#13
37,163,1,إِلَّا,إلا,,مَنْ,HARF,HARF,,Certificate,False,MASAQ:106
37,163,2,مَنْ,من,إِلَّا,هُوَ,ISM_MAWSOOL,ISM_MAWSOOL,ISM_MAWSOOL|ISM_MABNI|HARF,Hypothesis,True,registry-exact-hypothesis:exact:02_mabniyat/relative_pronouns.json#3
37,164,3,إِلَّا,إلا,مِنَّا,لَهُ,HARF,HARF,,Certificate,False,MASAQ:106
37,168,2,أَنَّ,أن,لَوْ,عِنْدَنَا,HARF,HARF,HARF,Certificate,False,registry:exact:02_mabniyat/copulative_particle.json#2
37,168,5,مِنَ,من,ذِكْرَاً,الْأَوَّلِينَ,HARF,HARF,HARF,Hypothesis,True,registry-exact-hypothesis:exact:02_mabniyat/preposition_meanings.json#32
37,174,3,حَتَّى,حتى,عَنْهُمْ,حِينٍ,HARF,HARF,HARF,Certificate,False,registry:exact:02_mabniyat/preposition_meanings.json#48
37,178,3,حَتَّى,حتى,عَنْهُمْ,حِينٍ,HARF,HARF,HARF,Certificate,False,registry:exact:02_mabniyat/preposition_meanings.json#48
38,3,3,مِنْ,من,أَهْلَكْنَا,قَبْلِهِمْ,HARF,HARF,HARF,Hypothesis,True,registry-exact-hypothesis:exact:02_mabniyat/preposition_meanings.json#34
38,3,5,مِنْ,من,قَبْلِهِمْ,قَرْنٍ,HARF,HARF,HARF,Hypothesis,True,registry-exact-hypothesis:exact:02_mabniyat/preposition_meanings.json#34
38,4,2,أَنْ,أن,وَعَجِبُوا,جَاءَهُمْ,HARF,HARF,HARF,Certificate,False,registry:plain:02_mabniyat/present_naseb_tools.json#1
38,5,5,إِنَّ,إن,وَاحِدَاً,هَذَا,HARF,HARF,HARF,Certificate,False,registry:exact:02_mabniyat/letters_answers.json#4
38,6,4,أَنِ,أن,مِنْهُمْ,امْشُوا,HARF,HARF,HARF,Certificate,False,registry:plain:02_mabniyat/present_naseb_tools.json#1
38,6,9,إِنَّ,إن,آلِهَتِكُمْ,هَذَا,HARF,HARF,HARF,Certificate,False,registry:exact:02_mabniyat/letters_answers.json#4
38,7,1,مَا,ما,,سَمِعْنَا,HARF,ISM_MAWSOOL,ISM_MAWSOOL|ISM_MABNI|HARF,Hypothesis,True,registry-exact-hypothesis:exact:02_mabniyat/relative_pronouns.json#13
38,7,7,إِنْ,إن,الْآخِرَةِ,هَذَا,HARF,HARF,HARF,Certificate,False,registry:exact:02_mabniyat/conditional_letters_tools.json#1
38,7,9,إِلَّا,إلا,هَذَا,اخْتِلَاقٌ,HARF,HARF,,Certificate,False,MASAQ:106
38,8,4,مِنْ,من,الذِّكْرُ,بَيْنِنَا,HARF,HARF,HARF,Hypothesis,True,registry-exact-hypothesis:exact:02_mabniyat/preposition_meanings.json#34
38,8,10,مِنْ,من,شَكٍّ,ذِكْرِي,HARF,HARF,HARF,Hypothesis,True,registry-exact-hypothesis:exact:02_mabniyat/preposition_meanings.json#34
38,11,5,مِنَ,من,مَهْزُومٌ,الْأَحْزَابِ,HARF,HARF,HARF,Hypothesis,True,registry-exact-hypothesis:exact:02_mabniyat/preposition_meanings.json#32
38,14,1,إِنْ,إن,,كُلٌّ,HARF,HARF,HARF,Certificate,False,registry:exact:02_mabniyat/conditional_letters_tools.json#1
38,14,3,إِلَّا,إلا,كُلٌّ,كَذَّبَ,HARF,HARF,,Certificate,False,MASAQ:106
38,15,4,إِلَّا,إلا,هَؤُلَاءِ,صَيْحَةً,HARF,HARF,,Certificate,False,MASAQ:106
38,15,7,مَا,ما,وَاحِدَةً,لَهَا,HARF,ISM_MAWSOOL,ISM_MAWSOOL|ISM_MABNI|HARF,Hypothesis,True,registry-exact-hypothesis:exact:02_mabniyat/relative_pronouns.json#13
38,15,9,مِنْ,من,لَهَا,فَوَاقٍ,HARF,HARF,HARF,Hypothesis,True,registry-exact-hypothesis:exact:02_mabniyat/preposition_meanings.json#34
38,17,3,مَا,ما,عَلَى,يَقُولُونَ,ISM_MAWSOOL,ISM_MAWSOOL,ISM_MAWSOOL|ISM_MABNI|HARF,Hypothesis,True,registry-exact-hypothesis:exact:02_mabniyat/relative_pronouns.json#13
38,23,1,إِنَّ,إن,,هَذَا,HARF,HARF,HARF,Certificate,False,registry:exact:02_mabniyat/letters_answers.json#4
38,24,10,مِنَ,من,كَثِيرَاً,الْخُلَطَاءِ,HARF,HARF,HARF,Hypothesis,True,registry-exact-hypothesis:exact:02_mabniyat/preposition_meanings.json#32
38,24,16,إِلَّا,إلا,بَعْضٍ,الَّذِينَ,HARF,HARF,,Certificate,False,MASAQ:106
38,24,22,مَا,ما,وَقَلِيلٌ,هُمْ,ISM_MAWSOOL,ISM_MAWSOOL,ISM_MAWSOOL|ISM_MABNI|HARF,Hypothesis,True,registry-exact-hypothesis:exact:02_mabniyat/relative_pronouns.json#13
38,26,18,إِنَّ,إن,اللَّهِ,الَّذِينَ,HARF,HARF,HARF,Certificate,False,registry:exact:02_mabniyat/letters_answers.json#4
38,26,27,بِمَا,بما,شَدِيدٌ,نَسُوا,ISM_MAWSOOL,ISM_MAWSOOL,ISM_MAWSOOL|ISM_MABNI|HARF,Certificate,True,MASAQ:48
38,27,15,مِنَ,من,كَفَرُوا,النَّارِ,HARF,HARF,HARF,Hypothesis,True,registry-exact-hypothesis:exact:02_mabniyat/preposition_meanings.json#32
38,32,9,حَتَّى,حتى,رَبِّي,تَوَارَتْ,HARF,HARF,HARF,Certificate,False,registry:exact:02_mabniyat/preposition_meanings.json#48
38,35,11,مِنْ,من,لِأَحَدٍ,بَعْدِي,HARF,HARF,HARF,Hypothesis,True,registry-exact-hypothesis:exact:02_mabniyat/preposition_meanings.json#34
38,48,7,مِنَ,من,وَكُلٌّ,الْأَخْيَارِ,HARF,HARF,HARF,Hypothesis,True,registry-exact-hypothesis:exact:02_mabniyat/preposition_meanings.json#32
38,53,2,مَا,ما,هَذَا,تُوعَدُونَ,ISM_MAWSOOL,ISM_MAWSOOL,ISM_MAWSOOL|ISM_MABNI|HARF,Hypothesis,True,registry-exact-hypothesis:exact:02_mabniyat/relative_pronouns.json#13
38,54,1,إِنَّ,إن,,هَذَا,HARF,HARF,HARF,Certificate,False,registry:exact:02_mabniyat/letters_answers.json#4
38,54,4,مَا,ما,لَرِزْقُنَا,لَهُ,HARF,ISM_MAWSOOL,ISM_MAWSOOL|ISM_MABNI|HARF,Hypothesis,True,registry-exact-hypothesis:exact:02_mabniyat/relative_pronouns.json#13
38,54,6,مِنْ,من,لَهُ,نَفَادٍ,HARF,HARF,HARF,Hypothesis,True,registry-exact-hypothesis:exact:02_mabniyat/preposition_meanings.json#34
38,58,2,مِنْ,من,وَآخَرُ,شَكْلِهِ,HARF,HARF,HARF,Hypothesis,True,registry-exact-hypothesis:exact:02_mabniyat/preposition_meanings.json#34
38,61,3,مَنْ,من,رَبَّنَا,قَدَّمَ,ISM_MAWSOOL,ISM_MAWSOOL,ISM_MAWSOOL|ISM_MABNI|HARF,Hypothesis,True,registry-exact-hypothesis:exact:02_mabniyat/relative_pronouns.json#3
38,62,9,مِنَ,من,نَعُدُّهُمْ,الْأَشْرَارِ,HARF,HARF,HARF,Hypothesis,True,registry-exact-hypothesis:exact:02_mabniyat/preposition_meanings.json#32
38,64,1,إِنَّ,إن,,ذَلِكَ,HARF,HARF,HARF,Certificate,False,registry:exact:02_mabniyat/letters_answers.json#4
38,65,6,مِنْ,من,وَمَا,إِلَهٍ,HARF,HARF,HARF,Hypothesis,True,registry-exact-hypothesis:exact:02_mabniyat/preposition_meanings.json#34
38,65,8,إِلَّا,إلا,إِلَهٍ,اللَّهُ,HARF,HARF,,Certificate,False,MASAQ:106
38,69,1,مَا,ما,,كَانَ,HARF,ISM_MAWSOOL,ISM_MAWSOOL|ISM_MABNI|HARF,Hypothesis,True,registry-exact-hypothesis:exact:02_mabniyat/relative_pronouns.json#13
38,69,4,مِنْ,من,لِيَ,عِلْمٍ,HARF,HARF,HARF,Hypothesis,True,registry-exact-hypothesis:exact:02_mabniyat/preposition_meanings.json#34
38,70,1,إِنْ,إن,,يُوحَى,HARF,HARF,HARF,Certificate,False,registry:exact:02_mabniyat/conditional_letters_tools.json#1
38,70,4,إِلَّا,إلا,إِلَيَّ,أَنَّمَا,HARF,HARF,,Certificate,False,MASAQ:106
38,71,8,مِنْ,من,بَشَرَاً,طِينٍ,HARF,HARF,HARF,Hypothesis,True,registry-exact-hypothesis:exact:02_mabniyat/preposition_meanings.json#34
38,72,5,مِنْ,من,فِيهِ,رُوحِي,HARF,HARF,HARF,Hypothesis,True,registry-exact-hypothesis:exact:02_mabniyat/preposition_meanings.json#34
38,74,1,إِلَّا,إلا,,إِبْلِيسَ,HARF,HARF,,Certificate,False,MASAQ:106
38,74,5,مِنَ,من,وَكَانَ,الْكَافِرِينَ,HARF,HARF,HARF,Hypothesis,True,registry-exact-hypothesis:exact:02_mabniyat/preposition_meanings.json#32
38,75,5,أَنْ,أن,مَنَعَكَ,تَسْجُدَ,HARF,HARF,HARF,Certificate,False,registry:plain:02_mabniyat/present_naseb_tools.json#1
38,75,13,مِنَ,من,كُنْتَ,الْعَالِينَ,HARF,HARF,HARF,Hypothesis,True,registry-exact-hypothesis:exact:02_mabniyat/preposition_meanings.json#32
38,76,6,مِنْ,من,خَلَقْتَنِي,نَارٍ,HARF,HARF,HARF,Hypothesis,True,registry-exact-hypothesis:exact:02_mabniyat/preposition_meanings.json#34
38,76,9,مِنْ,من,وَخَلَقْتَهُ,طِينٍ,HARF,HARF,HARF,Hypothesis,True,registry-exact-hypothesis:exact:02_mabniyat/preposition_meanings.json#34
38,80,3,مِنَ,من,فَإِنَّكَ,الْمُنْظَرِينَ,HARF,HARF,HARF,Hypothesis,True,registry-exact-hypothesis:exact:02_mabniyat/preposition_meanings.json#32
38,83,1,إِلَّا,إلا,,عِبَادَكَ,HARF,HARF,,Certificate,False,MASAQ:106
38,86,2,مَا,ما,قُلْ,أَسْأَلُكُمْ,HARF,ISM_MAWSOOL,ISM_MAWSOOL|ISM_MABNI|HARF,Hypothesis,True,registry-exact-hypothesis:exact:02_mabniyat/relative_pronouns.json#13
38,86,5,مِنْ,من,عَلَيْهِ,أَجْرٍ,HARF,HARF,HARF,Hypothesis,True,registry-exact-hypothesis:exact:02_mabniyat/preposition_meanings.json#34
38,86,9,مِنَ,من,أَنَا,الْمُتَكَلِّفِينَ,HARF,HARF,HARF,Hypothesis,True,registry-exact-hypothesis:exact:02_mabniyat/preposition_meanings.json#32
38,87,1,إِنْ,إن,,هُوَ,HARF,HARF,HARF,Certificate,False,registry:exact:02_mabniyat/conditional_letters_tools.json#1
38,87,3,إِلَّا,إلا,هُوَ,ذِكْرٌ,HARF,HARF,,Certificate,False,MASAQ:106
39,1,3,مِنَ,من,الْكِتَابِ,اللَّهِ,HARF,HARF,HARF,Hypothesis,True,registry-exact-hypothesis:exact:02_mabniyat/preposition_meanings.json#32
39,3,7,مِنْ,من,اتَّخَذُوا,دُونِهِ,HARF,HARF,HARF,Hypothesis,True,registry-exact-hypothesis:exact:02_mabniyat/preposition_meanings.json#34
39,3,10,مَا,ما,أَوْلِيَاءَ,نَعْبُدُهُمْ,HARF,ISM_MAWSOOL,ISM_MAWSOOL|ISM_MABNI|HARF,Hypothesis,True,registry-exact-hypothesis:exact:02_mabniyat/relative_pronouns.json#13
39,3,12,إِلَّا,إلا,نَعْبُدُهُمْ,لِيُقَرِّبُونَا,HARF,HARF,,Certificate,False,MASAQ:106
39,3,17,إِنَّ,إن,زُلْفَى,اللَّهَ,HARF,HARF,HARF,Certificate,False,registry:exact:02_mabniyat/letters_answers.json#4
39,3,22,مَا,ما,فِي,هُمْ,ISM_MAWSOOL,ISM_MAWSOOL,ISM_MAWSOOL|ISM_MABNI|HARF,Hypothesis,True,registry-exact-hypothesis:exact:02_mabniyat/relative_pronouns.json#13
39,3,26,إِنَّ,إن,يَخْتَلِفُونَ,اللَّهَ,HARF,HARF,HARF,Certificate,False,registry:exact:02_mabniyat/letters_answers.json#4
39,3,30,مَنْ,من,يَهْدِي,هُوَ,HARF,ISM_MAWSOOL,ISM_MAWSOOL|ISM_MABNI|HARF,Hypothesis,True,registry-exact-hypothesis:exact:02_mabniyat/relative_pronouns.json#3
39,4,4,أَنْ,أن,اللَّهُ,يَتَّخِذَ,HARF,HARF,HARF,Certificate,False,registry:plain:02_mabniyat/present_naseb_tools.json#1
39,4,10,مَا,ما,يَخْلُقُ,يَشَاءُ,ISM_MAWSOOL,ISM_MAWSOOL,ISM_MAWSOOL|ISM_MABNI|HARF,Hypothesis,True,registry-exact-hypothesis:exact:02_mabniyat/relative_pronouns.json#13
39,6,2,مِنْ,من,خَلَقَكُمْ,نَفْسٍ,HARF,HARF,HARF,Hypothesis,True,registry-exact-hypothesis:exact:02_mabniyat/preposition_meanings.json#34
39,6,11,مِنَ,من,لَكُمْ,الْأَنْعَامِ,HARF,HARF,HARF,Hypothesis,True,registry-exact-hypothesis:exact:02_mabniyat/preposition_meanings.json#32
39,6,20,مِنْ,من,خَلْقَاً,بَعْدِ,HARF,HARF,HARF,Hypothesis,True,registry-exact-hypothesis:exact:02_mabniyat/preposition_meanings.json#34
39,6,33,إِلَّا,إلا,إِلَهَ,هُوَ,HARF,HARF,,Certificate,False,MASAQ:106
39,7,1,إِنْ,إن,,تَكْفُرُوا,HARF,HARF,HARF,Certificate,False,registry:exact:02_mabniyat/conditional_letters_tools.json#1
39,7,25,بِمَا,بما,فَيُنَبِّئُكُمْ,كُنْتُمْ,ISM_MAWSOOL,ISM_MAWSOOL,ISM_MAWSOOL|ISM_MABNI|HARF,Certificate,True,MASAQ:48
39,8,15,مَا,ما,نَسِيَ,كَانَ,ISM_MAWSOOL,ISM_MAWSOOL,ISM_MAWSOOL|ISM_MABNI|HARF,Hypothesis,True,registry-exact-hypothesis:exact:02_mabniyat/relative_pronouns.json#13
39,8,19,مِنْ,من,إِلَيْهِ,قَبْلُ,HARF,HARF,HARF,Hypothesis,True,registry-exact-hypothesis:exact:02_mabniyat/preposition_meanings.json#34
39,8,32,مِنْ,من,إِنَّكَ,أَصْحَابِ,HARF,HARF,HARF,Hypothesis,True,registry-exact-hypothesis:exact:02_mabniyat/preposition_meanings.json#34
39,11,4,أَنْ,أن,أُمِرْتُ,أَعْبُدَ,HARF,HARF,HARF,Certificate,False,registry:plain:02_mabniyat/present_naseb_tools.json#1
39,13,4,إِنْ,إن,أَخَافُ,عَصَيْتُ,HARF,HARF,HARF,Certificate,False,registry:exact:02_mabniyat/conditional_letters_tools.json#1
39,15,2,مَا,ما,فَاعْبُدُوا,شِئْتُمْ,ISM_MAWSOOL,ISM_MAWSOOL,ISM_MAWSOOL|ISM_MABNI|HARF,Hypothesis,True,registry-exact-hypothesis:exact:02_mabniyat/relative_pronouns.json#13
39,15,4,مِنْ,من,شِئْتُمْ,دُونِهِ,HARF,HARF,HARF,Hypothesis,True,registry-exact-hypothesis:exact:02_mabniyat/preposition_meanings.json#34
39,15,7,إِنَّ,إن,قُلْ,الْخَاسِرِينَ,HARF,HARF,HARF,Certificate,False,registry:exact:02_mabniyat/letters_answers.json#4
39,16,2,مِنْ,من,لَهُمْ,فَوْقِهِمْ,HARF,HARF,HARF,Hypothesis,True,registry-exact-hypothesis:exact:02_mabniyat/preposition_meanings.json#34
39,16,5,مِنَ,من,ظُلَلٌ,النَّارِ,HARF,HARF,HARF,Hypothesis,True,registry-exact-hypothesis:exact:02_mabniyat/preposition_meanings.json#32
39,17,4,أَنْ,أن,الطَّاغُوتَ,يَعْبُدُوهَا,HARF,HARF,HARF,Certificate,False,registry:plain:02_mabniyat/present_naseb_tools.json#1
39,19,8,مَنْ,من,تُنْقِذُ,فِي,ISM_MAWSOOL,ISM_MAWSOOL,ISM_MAWSOOL|ISM_MABNI|HARF,Hypothesis,True,registry-exact-hypothesis:exact:02_mabniyat/relative_pronouns.json#3
39,20,7,مِنْ,من,غُرَفٌ,فَوْقِهَا,HARF,HARF,HARF,Hypothesis,True,registry-exact-hypothesis:exact:02_mabniyat/preposition_meanings.json#34
39,20,12,مِنْ,من,تَجْرِي,تَحْتِهَا,HARF,HARF,HARF,Hypothesis,True,registry-exact-hypothesis:exact:02_mabniyat/preposition_meanings.json#34
39,21,3,أَنَّ,أن,تَرَ,اللَّهَ,HARF,HARF,HARF,Certificate,False,registry:exact:02_mabniyat/copulative_particle.json#2
39,21,6,مِنَ,من,أَنْزَلَ,السَّمَاءِ,HARF,HARF,HARF,Hypothesis,True,registry-exact-hypothesis:exact:02_mabniyat/preposition_meanings.json#32
39,21,26,إِنَّ,إن,حُطَامَاً,فِي,HARF,HARF,HARF,Certificate,False,registry:exact:02_mabniyat/letters_answers.json#4
39,22,9,مِنْ,من,نُورٍ,رَبِّهِ,HARF,HARF,HARF,Hypothesis,True,registry-exact-hypothesis:exact:02_mabniyat/preposition_meanings.json#34
39,22,14,مِنْ,من,قُلُوبُهُمْ,ذِكْرِ,HARF,HARF,HARF,Hypothesis,True,registry-exact-hypothesis:exact:02_mabniyat/preposition_meanings.json#34
39,23,26,مَنْ,من,بِهِ,يَشَاءُ,ISM_MAWSOOL,ISM_MAWSOOL,ISM_MAWSOOL|ISM_MABNI|HARF,Hypothesis,True,registry-exact-hypothesis:exact:02_mabniyat/relative_pronouns.json#3
39,23,33,مِنْ,من,لَهُ,هَادٍ,HARF,HARF,HARF,Hypothesis,True,registry-exact-hypothesis:exact:02_mabniyat/preposition_meanings.json#34
39,24,11,مَا,ما,ذُوقُوا,كُنْتُمْ,ISM_MAWSOOL,ISM_MAWSOOL,ISM_MAWSOOL|ISM_MABNI|HARF,Hypothesis,True,registry-exact-hypothesis:exact:02_mabniyat/relative_pronouns.json#13
39,25,3,مِنْ,من,الَّذِينَ,قَبْلِهِمْ,HARF,HARF,HARF,Hypothesis,True,registry-exact-hypothesis:exact:02_mabniyat/preposition_meanings.json#34
39,25,7,مِنْ,من,الْعَذَابُ,حَيْثُ,HARF,HARF,HARF,Hypothesis,True,registry-exact-hypothesis:exact:02_mabniyat/preposition_meanings.json#34
39,27,7,مِنْ,من,الْقُرْآنِ,كُلِّ,HARF,HARF,HARF,Hypothesis,True,registry-exact-hypothesis:exact:02_mabniyat/preposition_meanings.json#34
39,28,3,غَيْرَ,غير,عَرَبِيَّاً,ذِي,ISM_MUARAB,ISM_MUARAB,,Certificate,False,MASAQ:870
39,34,2,مَا,ما,لَهُمْ,يَشَاءُونَ,ISM_MAWSOOL,ISM_MAWSOOL,ISM_MAWSOOL|ISM_MABNI|HARF,Hypothesis,True,registry-exact-hypothesis:exact:02_mabniyat/relative_pronouns.json#13
39,36,7,مِنْ,من,بِالَّذِينَ,دُونِهِ,HARF,HARF,HARF,Hypothesis,True,registry-exact-hypothesis:exact:02_mabniyat/preposition_meanings.json#34
39,36,14,مِنْ,من,لَهُ,هَادٍ,HARF,HARF,HARF,Hypothesis,True,registry-exact-hypothesis:exact:02_mabniyat/preposition_meanings.json#34
39,37,6,مِنْ,من,لَهُ,مُضِلٍّ,HARF,HARF,HARF,Hypothesis,True,registry-exact-hypothesis:exact:02_mabniyat/preposition_meanings.json#34
39,38,3,مَنْ,من,سَأَلْتَهُمْ,خَلَقَ,HARF,ISM_MAWSOOL,ISM_MAWSOOL|ISM_MABNI|HARF,Hypothesis,True,registry-exact-hypothesis:exact:02_mabniyat/relative_pronouns.json#3
39,38,11,مَا,ما,أَفَرَأَيْتُمْ,تَدْعُونَ,ISM_MAWSOOL,ISM_MAWSOOL,ISM_MAWSOOL|ISM_MABNI|HARF,Hypothesis,True,registry-exact-hypothesis:exact:02_mabniyat/relative_pronouns.json#13
39,38,13,مِنْ,من,تَدْعُونَ,دُونِ,HARF,HARF,HARF,Hypothesis,True,registry-exact-hypothesis:exact:02_mabniyat/preposition_meanings.json#34
39,38,14,دُونِ,دون,مِنْ,اللَّهِ,ISM_MUARAB,ISM_MUARAB,,Certificate,False,MASAQ:310
39,38,16,إِنْ,إن,اللَّهِ,أَرَادَنِيَ,HARF,HARF,HARF,Certificate,False,registry:exact:02_mabniyat/conditional_letters_tools.json#1
39,40,1,مَنْ,من,,يَأْتِيهِ,ISM_MAWSOOL,ISM_MAWSOOL,ISM_MAWSOOL|ISM_MABNI|HARF,Hypothesis,True,registry-exact-hypothesis:exact:02_mabniyat/relative_pronouns.json#3
39,42,21,إِنَّ,إن,مُسَمَّىً,فِي,HARF,HARF,HARF,Certificate,False,registry:exact:02_mabniyat/letters_answers.json#4
39,43,3,مِنْ,من,اتَّخَذُوا,دُونِ,HARF,HARF,HARF,Hypothesis,True,registry-exact-hypothesis:exact:02_mabniyat/preposition_meanings.json#34
39,43,4,دُونِ,دون,مِنْ,اللَّهِ,ISM_MUARAB,ISM_MUARAB,,Certificate,False,MASAQ:310
39,45,14,مِنْ,من,الَّذِينَ,دُونِهِ,HARF,HARF,HARF,Hypothesis,True,registry-exact-hypothesis:exact:02_mabniyat/preposition_meanings.json#34
39,46,14,مَا,ما,فِي,كَانُوا,ISM_MAWSOOL,ISM_MAWSOOL,ISM_MAWSOOL|ISM_MABNI|HARF,Hypothesis,True,registry-exact-hypothesis:exact:02_mabniyat/relative_pronouns.json#13
39,47,2,أَنَّ,أن,وَلَوْ,لِلَّذِينَ,HARF,HARF,HARF,Certificate,False,registry:exact:02_mabniyat/copulative_particle.json#2
39,47,5,مَا,ما,ظَلَمُوا,فِي,ISM_MAWSOOL,ISM_MAWSOOL,ISM_MAWSOOL|ISM_MABNI|HARF,Hypothesis,True,registry-exact-hypothesis:exact:02_mabniyat/relative_pronouns.json#13
39,47,13,مِنْ,من,بِهِ,سُوءِ,HARF,HARF,HARF,Hypothesis,True,registry-exact-hypothesis:exact:02_mabniyat/preposition_meanings.json#34
39,47,20,مِنَ,من,لَهُمْ,اللَّهِ,HARF,HARF,HARF,Hypothesis,True,registry-exact-hypothesis:exact:02_mabniyat/preposition_meanings.json#32
39,47,22,مَا,ما,اللَّهِ,لَمْ,ISM_MAWSOOL,ISM_MAWSOOL,ISM_MAWSOOL|ISM_MABNI|HARF,Hypothesis,True,registry-exact-hypothesis:exact:02_mabniyat/relative_pronouns.json#13
39,48,4,مَا,ما,سَيِّئَاتُ,كَسَبُوا,ISM_MAWSOOL,ISM_MAWSOOL,ISM_MAWSOOL|ISM_MABNI|HARF,Hypothesis,True,registry-exact-hypothesis:exact:02_mabniyat/relative_pronouns.json#13
39,48,8,مَا,ما,بِهِمْ,كَانُوا,ISM_MAWSOOL,ISM_MAWSOOL,ISM_MAWSOOL|ISM_MABNI|HARF,Hypothesis,True,registry-exact-hypothesis:exact:02_mabniyat/relative_pronouns.json#13
39,50,4,مِنْ,من,الَّذِينَ,قَبْلِهِمْ,HARF,HARF,HARF,Hypothesis,True,registry-exact-hypothesis:exact:02_mabniyat/preposition_meanings.json#34
39,50,9,مَا,ما,عَنْهُمْ,كَانُوا,ISM_MAWSOOL,ISM_MAWSOOL,ISM_MAWSOOL|ISM_MABNI|HARF,Hypothesis,True,registry-exact-hypothesis:exact:02_mabniyat/relative_pronouns.json#13
39,51,3,مَا,ما,سَيِّئَاتُ,كَسَبُوا,ISM_MAWSOOL,ISM_MAWSOOL,ISM_MAWSOOL|ISM_MABNI|HARF,Hypothesis,True,registry-exact-hypothesis:exact:02_mabniyat/relative_pronouns.json#13
39,51,7,مِنْ,من,ظَلَمُوا,هَؤُلَاءِ,HARF,HARF,HARF,Hypothesis,True,registry-exact-hypothesis:exact:02_mabniyat/preposition_meanings.json#34
39,51,11,مَا,ما,سَيِّئَاتُ,كَسَبُوا,ISM_MAWSOOL,ISM_MAWSOOL,ISM_MAWSOOL|ISM_MABNI|HARF,Hypothesis,True,registry-exact-hypothesis:exact:02_mabniyat/relative_pronouns.json#13
39,52,3,أَنَّ,أن,يَعْلَمُوا,اللَّهَ,HARF,HARF,HARF,Certificate,False,registry:exact:02_mabniyat/copulative_particle.json#2
39,52,10,إِنَّ,إن,وَيَقْدِرُ,فِي,HARF,HARF,HARF,Certificate,False,registry:exact:02_mabniyat/letters_answers.json#4
39,53,9,مِنْ,من,تَقْنَطُوا,رَحْمَةِ,HARF,HARF,HARF,Hypothesis,True,registry-exact-hypothesis:exact:02_mabniyat/preposition_meanings.json#34
39,53,12,إِنَّ,إن,اللَّهِ,اللَّهَ,HARF,HARF,HARF,Certificate,False,registry:exact:02_mabniyat/letters_answers.json#4
39,54,6,مِنْ,من,لَهُ,قَبْلِ,HARF,HARF,HARF,Hypothesis,True,registry-exact-hypothesis:exact:02_mabniyat/preposition_meanings.json#34
39,54,8,أَنْ,أن,قَبْلِ,يَأْتِيَكُمُ,HARF,HARF,HARF,Certificate,False,registry:plain:02_mabniyat/present_naseb_tools.json#1
39,55,3,مَا,ما,أَحْسَنَ,أُنْزِلَ,ISM_MAWSOOL,ISM_MAWSOOL,ISM_MAWSOOL|ISM_MABNI|HARF,Hypothesis,True,registry-exact-hypothesis:exact:02_mabniyat/relative_pronouns.json#13
39,55,6,مِنْ,من,إِلَيْكُمْ,رَبِّكُمْ,HARF,HARF,HARF,Hypothesis,True,registry-exact-hypothesis:exact:02_mabniyat/preposition_meanings.json#34
39,55,8,مِنْ,من,رَبِّكُمْ,قَبْلِ,HARF,HARF,HARF,Hypothesis,True,registry-exact-hypothesis:exact:02_mabniyat/preposition_meanings.json#34
39,55,10,أَنْ,أن,قَبْلِ,يَأْتِيَكُمُ,HARF,HARF,HARF,Certificate,False,registry:plain:02_mabniyat/present_naseb_tools.json#1
39,56,1,أَنْ,أن,,تَقُولَ,HARF,HARF,HARF,Certificate,False,registry:plain:02_mabniyat/present_naseb_tools.json#1
39,56,6,مَا,ما,عَلَى,فَرَّطْتُ,ISM_MAWSOOL,ISM_MAWSOOL,ISM_MAWSOOL|ISM_MABNI|HARF,Hypothesis,True,registry-exact-hypothesis:exact:02_mabniyat/relative_pronouns.json#13
39,57,4,أَنَّ,أن,لَوْ,اللَّهَ,HARF,HARF,HARF,Certificate,False,registry:exact:02_mabniyat/copulative_particle.json#2
39,57,8,مِنَ,من,لَكُنْتُ,الْمُتَّقِينَ,HARF,HARF,HARF,Hypothesis,True,registry-exact-hypothesis:exact:02_mabniyat/preposition_meanings.json#32
39,58,7,أَنَّ,أن,لَوْ,لِي,HARF,HARF,HARF,Certificate,False,registry:exact:02_mabniyat/copulative_particle.json#2
39,58,11,مِنَ,من,فَأَكُونَ,الْمُحْسِنِينَ,HARF,HARF,HARF,Hypothesis,True,registry-exact-hypothesis:exact:02_mabniyat/preposition_meanings.json#32
39,59,9,مِنَ,من,وَكُنْتَ,الْكَافِرِينَ,HARF,HARF,HARF,Hypothesis,True,registry-exact-hypothesis:exact:02_mabniyat/preposition_meanings.json#32
39,65,6,مِنْ,من,الَّذِينَ,قَبْلِكَ,HARF,HARF,HARF,Hypothesis,True,registry-exact-hypothesis:exact:02_mabniyat/preposition_meanings.json#34
39,65,13,مِنَ,من,وَلَتَكُونَنَّ,الْخَاسِرِينَ,HARF,HARF,HARF,Hypothesis,True,registry-exact-hypothesis:exact:02_mabniyat/preposition_meanings.json#32
39,66,5,مِنَ,من,وَكُنْ,الشَّاكِرِينَ,HARF,HARF,HARF,Hypothesis,True,registry-exact-hypothesis:exact:02_mabniyat/preposition_meanings.json#32
39,68,5,مَنْ,من,فَصَعِقَ,فِي,HARF,ISM_MAWSOOL,ISM_MAWSOOL|ISM_MABNI|HARF,Hypothesis,True,registry-exact-hypothesis:exact:02_mabniyat/relative_pronouns.json#3
39,68,11,إِلَّا,إلا,الْأَرْضِ,مَنْ,HARF,HARF,,Certificate,False,MASAQ:106
39,68,12,مَنْ,من,إِلَّا,شَاءَ,ISM_MAWSOOL,ISM_MAWSOOL,ISM_MAWSOOL|ISM_MABNI|HARF,Hypothesis,True,registry-exact-hypothesis:exact:02_mabniyat/relative_pronouns.json#3
39,70,4,مَا,ما,نَفْسٍ,عَمِلَتْ,ISM_MAWSOOL,ISM_MAWSOOL,ISM_MAWSOOL|ISM_MABNI|HARF,Hypothesis,True,registry-exact-hypothesis:exact:02_mabniyat/relative_pronouns.json#13
39,70,8,بِمَا,بما,أَعْلَمُ,يَفْعَلُونَ,ISM_MAWSOOL,ISM_MAWSOOL,ISM_MAWSOOL|ISM_MABNI|HARF,Certificate,True,MASAQ:48
39,71,7,حَتَّى,حتى,زُمَرَاً,إِذَا,HARF,HARF,HARF,Certificate,False,registry:exact:02_mabniyat/preposition_meanings.json#48
39,73,8,حَتَّى,حتى,زُمَرَاً,إِذَا,HARF,HARF,HARF,Certificate,False,registry:exact:02_mabniyat/preposition_meanings.json#48
39,74,10,مِنَ,من,نَتَبَوَّأُ,الْجَنَّةِ,HARF,HARF,HARF,Hypothesis,True,registry-exact-hypothesis:exact:02_mabniyat/preposition_meanings.json#32
39,75,4,مِنْ,من,حَافِّينَ,حَوْلِ,HARF,HARF,HARF,Hypothesis,True,registry-exact-hypothesis:exact:02_mabniyat/preposition_meanings.json#34
40,2,3,مِنَ,من,الْكِتَابِ,اللَّهِ,HARF,HARF,HARF,Hypothesis,True,registry-exact-hypothesis:exact:02_mabniyat/preposition_meanings.json#32
40,3,11,إِلَّا,إلا,إِلَهَ,هُوَ,HARF,HARF,,Certificate,False,MASAQ:106
40,4,1,مَا,ما,,يُجَادِلُ,HARF,ISM_MAWSOOL,ISM_MAWSOOL|ISM_MABNI|HARF,Hypothesis,True,registry-exact-hypothesis:exact:02_mabniyat/relative_pronouns.json#13
40,4,6,إِلَّا,إلا,اللَّهِ,الَّذِينَ,HARF,HARF,,Certificate,False,MASAQ:106
40,5,6,مِنْ,من,وَالْأَحْزَابُ,بَعْدِهِمْ,HARF,HARF,HARF,Hypothesis,True,registry-exact-hypothesis:exact:02_mabniyat/preposition_meanings.json#34
40,8,9,مِنْ,من,صَلَحَ,آبَائِهِمْ,HARF,HARF,HARF,Hypothesis,True,registry-exact-hypothesis:exact:02_mabniyat/preposition_meanings.json#34
40,10,1,إِنَّ,إن,,الَّذِينَ,HARF,HARF,HARF,Certificate,False,registry:exact:02_mabniyat/letters_answers.json#4
40,10,8,مِنْ,من,أَكْبَرُ,مَقْتِكُمْ,HARF,HARF,HARF,Hypothesis,True,registry-exact-hypothesis:exact:02_mabniyat/preposition_meanings.json#34
40,11,12,مِنْ,من,خُرُوجٍ,سَبِيلٍ,HARF,HARF,HARF,Hypothesis,True,registry-exact-hypothesis:exact:02_mabniyat/preposition_meanings.json#34
40,13,7,مِنَ,من,لَكُمْ,السَّمَاءِ,HARF,HARF,HARF,Hypothesis,True,registry-exact-hypothesis:exact:02_mabniyat/preposition_meanings.json#32
40,13,12,إِلَّا,إلا,يَتَذَكَّرُ,مَنْ,HARF,HARF,,Certificate,False,MASAQ:106
40,13,13,مَنْ,من,إِلَّا,يُنِيبُ,ISM_MAWSOOL,ISM_MAWSOOL,ISM_MAWSOOL|ISM_MABNI|HARF,Hypothesis,True,registry-exact-hypothesis:exact:02_mabniyat/relative_pronouns.json#3
40,15,7,مِنْ,من,الرُّوحَ,أَمْرِهِ,HARF,HARF,HARF,Hypothesis,True,registry-exact-hypothesis:exact:02_mabniyat/preposition_meanings.json#34
40,15,10,مَنْ,من,عَلَى,يَشَاءُ,ISM_MAWSOOL,ISM_MAWSOOL,ISM_MAWSOOL|ISM_MABNI|HARF,Hypothesis,True,registry-exact-hypothesis:exact:02_mabniyat/relative_pronouns.json#3
40,15,12,مِنْ,من,يَشَاءُ,عِبَادِهِ,HARF,HARF,HARF,Hypothesis,True,registry-exact-hypothesis:exact:02_mabniyat/preposition_meanings.json#34
40,17,5,بِمَا,بما,نَفْسٍ,كَسَبَتْ,ISM_MAWSOOL,ISM_MAWSOOL,ISM_MAWSOOL|ISM_MABNI|HARF,Certificate,True,MASAQ:48
40,17,10,إِنَّ,إن,الْيَوْمَ,اللَّهَ,HARF,HARF,HARF,Certificate,False,registry:exact:02_mabniyat/letters_answers.json#4
40,18,9,مَا,ما,كَاظِمِينَ,لِلظَّالِمِينَ,HARF,ISM_MAWSOOL,ISM_MAWSOOL|ISM_MABNI|HARF,Hypothesis,True,registry-exact-hypothesis:exact:02_mabniyat/relative_pronouns.json#13
40,18,11,مِنْ,من,لِلظَّالِمِينَ,حَمِيمٍ,HARF,HARF,HARF,Hypothesis,True,registry-exact-hypothesis:exact:02_mabniyat/preposition_meanings.json#34
40,20,6,مِنْ,من,يَدْعُونَ,دُونِهِ,HARF,HARF,HARF,Hypothesis,True,registry-exact-hypothesis:exact:02_mabniyat/preposition_meanings.json#34
40,20,11,إِنَّ,إن,بِشَيْءٍ,اللَّهَ,HARF,HARF,HARF,Certificate,False,registry:exact:02_mabniyat/letters_answers.json#4
40,21,11,مِنْ,من,كَانُوا,قَبْلِهِمْ,HARF,HARF,HARF,Hypothesis,True,registry-exact-hypothesis:exact:02_mabniyat/preposition_meanings.json#34
40,21,27,مِنَ,من,لَهُمْ,اللَّهِ,HARF,HARF,HARF,Hypothesis,True,registry-exact-hypothesis:exact:02_mabniyat/preposition_meanings.json#32
40,21,29,مِنْ,من,اللَّهِ,وَاقٍ,HARF,HARF,HARF,Hypothesis,True,registry-exact-hypothesis:exact:02_mabniyat/preposition_meanings.json#34
40,25,4,مِنْ,من,بِالْحَقِّ,عِنْدِنَا,HARF,HARF,HARF,Hypothesis,True,registry-exact-hypothesis:exact:02_mabniyat/preposition_meanings.json#34
40,25,17,إِلَّا,إلا,الْكَافِرِينَ,فِي,HARF,HARF,,Certificate,False,MASAQ:106
40,26,10,أَنْ,أن,أَخَافُ,يُبَدِّلَ,HARF,HARF,HARF,Certificate,False,registry:plain:02_mabniyat/present_naseb_tools.json#1
40,26,14,أَنْ,أن,أَوْ,يُظْهِرَ,HARF,HARF,HARF,Certificate,False,registry:plain:02_mabniyat/present_naseb_tools.json#1
40,27,7,مِنْ,من,وَرَبِّكُمْ,كُلِّ,HARF,HARF,HARF,Hypothesis,True,registry-exact-hypothesis:exact:02_mabniyat/preposition_meanings.json#34
40,28,4,مِنْ,من,مُؤْمِنٌ,آلِ,HARF,HARF,HARF,Hypothesis,True,registry-exact-hypothesis:exact:02_mabniyat/preposition_meanings.json#34
40,28,11,أَنْ,أن,رَجُلَاً,يَقُولَ,HARF,HARF,HARF,Certificate,False,registry:plain:02_mabniyat/present_naseb_tools.json#1
40,28,18,مِنْ,من,بِالْبَيِّنَاتِ,رَبِّكُمْ,HARF,HARF,HARF,Hypothesis,True,registry-exact-hypothesis:exact:02_mabniyat/preposition_meanings.json#34
40,28,32,إِنَّ,إن,يَعِدُكُمْ,اللَّهَ,HARF,HARF,HARF,Certificate,False,registry:exact:02_mabniyat/letters_answers.json#4
40,28,36,مَنْ,من,يَهْدِي,هُوَ,ISM_MAWSOOL,ISM_MAWSOOL,ISM_MAWSOOL|ISM_MABNI|HARF,Hypothesis,True,registry-exact-hypothesis:exact:02_mabniyat/relative_pronouns.json#3
40,29,10,مِنْ,من,يَنْصُرُنَا,بَأْسِ,HARF,HARF,HARF,Hypothesis,True,registry-exact-hypothesis:exact:02_mabniyat/preposition_meanings.json#34
40,29,13,إِنْ,إن,اللَّهِ,جَاءَنَا,HARF,HARF,HARF,Certificate,False,registry:exact:02_mabniyat/conditional_letters_tools.json#1
40,29,17,مَا,ما,فِرْعَوْنُ,أُرِيكُمْ,HARF,ISM_MAWSOOL,ISM_MAWSOOL|ISM_MABNI|HARF,Hypothesis,True,registry-exact-hypothesis:exact:02_mabniyat/relative_pronouns.json#13
40,29,19,إِلَّا,إلا,أُرِيكُمْ,مَا,HARF,HARF,,Certificate,False,MASAQ:106
40,29,20,مَا,ما,إِلَّا,أَرَى,ISM_MAWSOOL,ISM_MAWSOOL,ISM_MAWSOOL|ISM_MABNI|HARF,Hypothesis,True,registry-exact-hypothesis:exact:02_mabniyat/relative_pronouns.json#13
40,29,24,إِلَّا,إلا,أَهْدِيكُمْ,سَبِيلَ,HARF,HARF,,Certificate,False,MASAQ:106
40,31,8,مِنْ,من,وَالَّذِينَ,بَعْدِهِمْ,HARF,HARF,HARF,Hypothesis,True,registry-exact-hypothesis:exact:02_mabniyat/preposition_meanings.json#34
40,33,4,مَا,ما,مُدْبِرِينَ,لَكُمْ,HARF,ISM_MAWSOOL,ISM_MAWSOOL|ISM_MABNI|HARF,Hypothesis,True,registry-exact-hypothesis:exact:02_mabniyat/relative_pronouns.json#13
40,33,6,مِنَ,من,لَكُمْ,اللَّهِ,HARF,HARF,HARF,Hypothesis,True,registry-exact-hypothesis:exact:02_mabniyat/preposition_meanings.json#32
40,33,8,مِنْ,من,اللَّهِ,عَاصِمٍ,HARF,HARF,HARF,Hypothesis,True,registry-exact-hypothesis:exact:02_mabniyat/preposition_meanings.json#34
40,33,15,مِنْ,من,لَهُ,هَادٍ,HARF,HARF,HARF,Hypothesis,True,registry-exact-hypothesis:exact:02_mabniyat/preposition_meanings.json#34
40,34,4,مِنْ,من,يُوسُفُ,قَبْلُ,HARF,HARF,HARF,Hypothesis,True,registry-exact-hypothesis:exact:02_mabniyat/preposition_meanings.json#34
40,34,14,حَتَّى,حتى,بِهِ,إِذَا,HARF,HARF,HARF,Certificate,False,registry:exact:02_mabniyat/preposition_meanings.json#48
40,34,21,مِنْ,من,اللَّهُ,بَعْدِهِ,HARF,HARF,HARF,Hypothesis,True,registry-exact-hypothesis:exact:02_mabniyat/preposition_meanings.json#34
40,34,27,مَنْ,من,اللَّهُ,هُوَ,ISM_MAWSOOL,ISM_MAWSOOL,ISM_MAWSOOL|ISM_MABNI|HARF,Hypothesis,True,registry-exact-hypothesis:exact:02_mabniyat/relative_pronouns.json#3
40,37,21,إِلَّا,إلا,فِرْعَوْنَ,فِي,HARF,HARF,,Certificate,False,MASAQ:106
40,40,1,مَنْ,من,,عَمِلَ,HARF,ISM_MAWSOOL,ISM_MAWSOOL|ISM_MABNI|HARF,Hypothesis,True,registry-exact-hypothesis:exact:02_mabniyat/relative_pronouns.json#3
40,40,6,إِلَّا,إلا,يُجْزَى,مِثْلَهَا,HARF,HARF,,Certificate,False,MASAQ:106
40,40,11,مِنْ,من,صَالِحَاً,ذَكَرٍ,HARF,HARF,HARF,Hypothesis,True,registry-exact-hypothesis:exact:02_mabniyat/preposition_meanings.json#34
40,42,6,مَا,ما,بِهِ,لَيْسَ,ISM_MAWSOOL,ISM_MAWSOOL,ISM_MAWSOOL|ISM_MABNI|HARF,Hypothesis,True,registry-exact-hypothesis:exact:02_mabniyat/relative_pronouns.json#13
40,44,2,مَا,ما,فَسَتَذْكُرُونَ,أَقُولُ,ISM_MAWSOOL,ISM_MAWSOOL,ISM_MAWSOOL|ISM_MABNI|HARF,Hypothesis,True,registry-exact-hypothesis:exact:02_mabniyat/relative_pronouns.json#13
40,44,9,إِنَّ,إن,اللَّهِ,اللَّهَ,HARF,HARF,HARF,Certificate,False,registry:exact:02_mabniyat/letters_answers.json#4
40,45,4,مَا,ما,سَيِّئَاتِ,مَكَرُوا,ISM_MAWSOOL,ISM_MAWSOOL,ISM_MAWSOOL|ISM_MABNI|HARF,Hypothesis,True,registry-exact-hypothesis:exact:02_mabniyat/relative_pronouns.json#13
40,47,18,مِنَ,من,نَصِيبَاً,النَّارِ,HARF,HARF,HARF,Hypothesis,True,registry-exact-hypothesis:exact:02_mabniyat/preposition_meanings.json#32
40,48,7,إِنَّ,إن,فِيهَا,اللَّهَ,HARF,HARF,HARF,Certificate,False,registry:exact:02_mabniyat/letters_answers.json#4
40,49,12,مِنَ,من,يَوْمَاً,الْعَذَابِ,HARF,HARF,HARF,Hypothesis,True,registry-exact-hypothesis:exact:02_mabniyat/preposition_meanings.json#32
40,50,14,إِلَّا,إلا,الْكَافِرِينَ,فِي,HARF,HARF,,Certificate,False,MASAQ:106
40,55,2,إِنَّ,إن,فَاصْبِرْ,وَعْدَ,HARF,HARF,HARF,Certificate,False,registry:exact:02_mabniyat/letters_answers.json#4
40,56,1,إِنَّ,إن,,الَّذِينَ,HARF,HARF,HARF,Certificate,False,registry:exact:02_mabniyat/letters_answers.json#4
40,56,10,إِنْ,إن,أَتَاهُمْ,فِي,HARF,HARF,HARF,Certificate,False,registry:exact:02_mabniyat/conditional_letters_tools.json#1
40,56,13,إِلَّا,إلا,صُدُورِهِمْ,كِبْرٌ,HARF,HARF,,Certificate,False,MASAQ:106
40,56,15,مَا,ما,كِبْرٌ,هُمْ,HARF,ISM_MAWSOOL,ISM_MAWSOOL|ISM_MABNI|HARF,Hypothesis,True,registry-exact-hypothesis:exact:02_mabniyat/relative_pronouns.json#13
40,57,5,مِنْ,من,أَكْبَرُ,خَلْقِ,HARF,HARF,HARF,Hypothesis,True,registry-exact-hypothesis:exact:02_mabniyat/preposition_meanings.json#34
40,59,1,إِنَّ,إن,,السَّاعَةَ,HARF,HARF,HARF,Certificate,False,registry:exact:02_mabniyat/letters_answers.json#4
40,60,6,إِنَّ,إن,لَكُمْ,الَّذِينَ,HARF,HARF,HARF,Certificate,False,registry:exact:02_mabniyat/letters_answers.json#4
40,61,10,إِنَّ,إن,مُبْصِرَاً,اللَّهَ,HARF,HARF,HARF,Certificate,False,registry:exact:02_mabniyat/letters_answers.json#4
40,62,9,إِلَّا,إلا,إِلَهَ,هُوَ,HARF,HARF,,Certificate,False,MASAQ:106
40,64,13,مِنَ,من,وَرَزَقَكُمْ,الطَّيِّبَاتِ,HARF,HARF,HARF,Hypothesis,True,registry-exact-hypothesis:exact:02_mabniyat/preposition_meanings.json#32
40,65,5,إِلَّا,إلا,إِلَهَ,هُوَ,HARF,HARF,,Certificate,False,MASAQ:106
40,66,4,أَنْ,أن,نُهِيتُ,أَعْبُدَ,HARF,HARF,HARF,Certificate,False,registry:plain:02_mabniyat/present_naseb_tools.json#1
40,66,8,مِنْ,من,تَدْعُونَ,دُونِ,HARF,HARF,HARF,Hypothesis,True,registry-exact-hypothesis:exact:02_mabniyat/preposition_meanings.json#34
40,66,9,دُونِ,دون,مِنْ,اللَّهِ,ISM_MUARAB,ISM_MUARAB,,Certificate,False,MASAQ:310
40,66,14,مِنْ,من,الْبَيِّنَاتُ,رَبِّي,HARF,HARF,HARF,Hypothesis,True,registry-exact-hypothesis:exact:02_mabniyat/preposition_meanings.json#34
40,66,17,أَنْ,أن,وَأُمِرْتُ,أُسْلِمَ,HARF,HARF,HARF,Certificate,False,registry:plain:02_mabniyat/present_naseb_tools.json#1
40,67,4,مِنْ,من,خَلَقَكُمْ,تُرَابٍ,HARF,HARF,HARF,Hypothesis,True,registry-exact-hypothesis:exact:02_mabniyat/preposition_meanings.json#34
40,67,7,مِنْ,من,ثُمَّ,نُطْفَةٍ,HARF,HARF,HARF,Hypothesis,True,registry-exact-hypothesis:exact:02_mabniyat/preposition_meanings.json#34
40,67,10,مِنْ,من,ثُمَّ,عَلَقَةٍ,HARF,HARF,HARF,Hypothesis,True,registry-exact-hypothesis:exact:02_mabniyat/preposition_meanings.json#34
40,67,22,مَنْ,من,وَمِنْكُمْ,يُتَوَفَّى,ISM_MAWSOOL,ISM_MAWSOOL,ISM_MAWSOOL|ISM_MABNI|HARF,Hypothesis,True,registry-exact-hypothesis:exact:02_mabniyat/relative_pronouns.json#3
40,67,24,مِنْ,من,يُتَوَفَّى,قَبْلُ,HARF,HARF,HARF,Hypothesis,True,registry-exact-hypothesis:exact:02_mabniyat/preposition_meanings.json#34
40,73,5,مَا,ما,أَيْنَ,كُنْتُمْ,ISM_MAWSOOL,ISM_MAWSOOL,ISM_MAWSOOL|ISM_MABNI|HARF,Hypothesis,True,registry-exact-hypothesis:exact:02_mabniyat/relative_pronouns.json#13
40,74,1,مِنْ,من,,دُونِ,HARF,HARF,HARF,Hypothesis,True,registry-exact-hypothesis:exact:02_mabniyat/preposition_meanings.json#34
40,74,2,دُونِ,دون,مِنْ,اللَّهِ,ISM_MUARAB,ISM_MUARAB,,Certificate,False,MASAQ:310
40,74,11,مِنْ,من,نَدْعُو,قَبْلُ,HARF,HARF,HARF,Hypothesis,True,registry-exact-hypothesis:exact:02_mabniyat/preposition_meanings.json#34
40,75,2,بِمَا,بما,ذَلِكُمْ,كُنْتُمْ,ISM_MAWSOOL,ISM_MAWSOOL,ISM_MAWSOOL|ISM_MABNI|HARF,Certificate,True,MASAQ:48
40,77,2,إِنَّ,إن,فَاصْبِرْ,وَعْدَ,HARF,HARF,HARF,Certificate,False,registry:exact:02_mabniyat/letters_answers.json#4
40,78,4,مِنْ,من,رُسُلَاً,قَبْلِكَ,HARF,HARF,HARF,Hypothesis,True,registry-exact-hypothesis:exact:02_mabniyat/preposition_meanings.json#34
40,78,7,مَنْ,من,مِنْهُمْ,قَصَصْنَا,ISM_MAWSOOL,ISM_MAWSOOL,ISM_MAWSOOL|ISM_MABNI|HARF,Hypothesis,True,registry-exact-hypothesis:exact:02_mabniyat/relative_pronouns.json#3
40,78,11,مَنْ,من,وَمِنْهُمْ,لَمْ,ISM_MAWSOOL,ISM_MAWSOOL,ISM_MAWSOOL|ISM_MABNI|HARF,Hypothesis,True,registry-exact-hypothesis:exact:02_mabniyat/relative_pronouns.json#3
40,78,18,أَنْ,أن,لِرَسُولٍ,يَأْتِيَ,HARF,HARF,HARF,Certificate,False,registry:plain:02_mabniyat/present_naseb_tools.json#1
40,78,21,إِلَّا,إلا,بِآيَةٍ,بِإِذْنِ,HARF,HARF,,Certificate,False,MASAQ:106
40,82,10,مِنْ,من,الَّذِينَ,قَبْلِهِمْ,HARF,HARF,HARF,Hypothesis,True,registry-exact-hypothesis:exact:02_mabniyat/preposition_meanings.json#34
40,82,23,مَا,ما,عَنْهُمْ,كَانُوا,ISM_MAWSOOL,ISM_MAWSOOL,ISM_MAWSOOL|ISM_MABNI|HARF,Hypothesis,True,registry-exact-hypothesis:exact:02_mabniyat/relative_pronouns.json#13
40,83,6,بِمَا,بما,فَرِحُوا,عِنْدَهُمْ,ISM_MAWSOOL,ISM_MAWSOOL,ISM_MAWSOOL|ISM_MABNI|HARF,Certificate,True,MASAQ:48
40,83,8,مِنَ,من,عِنْدَهُمْ,الْعِلْمِ,HARF,HARF,HARF,Hypothesis,True,registry-exact-hypothesis:exact:02_mabniyat/preposition_meanings.json#32
40,83,12,مَا,ما,بِهِمْ,كَانُوا,ISM_MAWSOOL,ISM_MAWSOOL,ISM_MAWSOOL|ISM_MABNI|HARF,Hypothesis,True,registry-exact-hypothesis:exact:02_mabniyat/relative_pronouns.json#13
40,84,9,بِمَا,بما,وَكَفَرْنَا,كُنَّا,ISM_MAWSOOL,ISM_MAWSOOL,ISM_MAWSOOL|ISM_MABNI|HARF,Certificate,True,MASAQ:48
41,2,2,مِنَ,من,تَنْزِيلٌ,الرَّحْمَنِ,HARF,HARF,HARF,Hypothesis,True,registry-exact-hypothesis:exact:02_mabniyat/preposition_meanings.json#32
41,8,1,إِنَّ,إن,,الَّذِينَ,HARF,HARF,HARF,Certificate,False,registry:exact:02_mabniyat/letters_answers.json#4
41,8,8,غَيْرُ,غير,أَجْرٌ,مَمْنُونٍ,ISM_MUARAB,ISM_MUARAB,,Certificate,False,MASAQ:11830
41,10,4,مِنْ,من,رَوَاسِيَ,فَوْقِهَا,HARF,HARF,HARF,Hypothesis,True,registry-exact-hypothesis:exact:02_mabniyat/preposition_meanings.json#34
41,14,4,مِنْ,من,الرُّسُلُ,بَيْنِ,HARF,HARF,HARF,Hypothesis,True,registry-exact-hypothesis:exact:02_mabniyat/preposition_meanings.json#34
41,14,11,إِلَّا,إلا,تَعْبُدُوا,اللَّهَ,HARF,HARF,,Certificate,False,MASAQ:106
41,14,20,بِمَا,بما,فَإِنَّا,أُرْسِلْتُمْ,ISM_MAWSOOL,ISM_MAWSOOL,ISM_MAWSOOL|ISM_MABNI|HARF,Certificate,True,MASAQ:48
41,15,9,مَنْ,من,وَقَالُوا,أَشَدُّ,HARF,ISM_MAWSOOL,ISM_MAWSOOL|ISM_MABNI|HARF,Hypothesis,True,registry-exact-hypothesis:exact:02_mabniyat/relative_pronouns.json#3
41,15,15,أَنَّ,أن,يَرَوْا,اللَّهَ,HARF,HARF,HARF,Certificate,False,registry:exact:02_mabniyat/copulative_particle.json#2
41,17,12,بِمَا,بما,الْهُونِ,كَانُوا,ISM_MAWSOOL,ISM_MAWSOOL,ISM_MAWSOOL|ISM_MABNI|HARF,Certificate,True,MASAQ:48
41,20,1,حَتَّى,حتى,,إِذَا,HARF,HARF,HARF,Certificate,False,registry:exact:02_mabniyat/preposition_meanings.json#48
41,20,10,بِمَا,بما,وَجُلُودُهُمْ,كَانُوا,ISM_MAWSOOL,ISM_MAWSOOL,ISM_MAWSOOL|ISM_MABNI|HARF,Certificate,True,MASAQ:48
41,22,4,أَنْ,أن,تَسْتَتِرُونَ,يَشْهَدَ,HARF,HARF,HARF,Certificate,False,registry:plain:02_mabniyat/present_naseb_tools.json#1
41,22,14,أَنَّ,أن,ظَنَنْتُمْ,اللَّهَ,HARF,HARF,HARF,Certificate,False,registry:exact:02_mabniyat/copulative_particle.json#2
41,23,8,مِنَ,من,فَأَصْبَحْتُمْ,الْخَاسِرِينَ,HARF,HARF,HARF,Hypothesis,True,registry-exact-hypothesis:exact:02_mabniyat/preposition_meanings.json#32
41,24,10,مِنَ,من,هُمْ,الْمُعْتَبِينَ,HARF,HARF,HARF,Hypothesis,True,registry-exact-hypothesis:exact:02_mabniyat/preposition_meanings.json#32
41,25,6,مَا,ما,لَهُمْ,بَيْنَ,ISM_MAWSOOL,ISM_MAWSOOL,ISM_MAWSOOL|ISM_MABNI|HARF,Hypothesis,True,registry-exact-hypothesis:exact:02_mabniyat/relative_pronouns.json#13
41,25,18,مِنْ,من,خَلَتْ,قَبْلِهِمْ,HARF,HARF,HARF,Hypothesis,True,registry-exact-hypothesis:exact:02_mabniyat/preposition_meanings.json#34
41,25,20,مِنَ,من,قَبْلِهِمْ,الْجِنِّ,HARF,HARF,HARF,Hypothesis,True,registry-exact-hypothesis:exact:02_mabniyat/preposition_meanings.json#32
41,28,11,بِمَا,بما,جَزَاءً,كَانُوا,ISM_MAWSOOL,ISM_MAWSOOL,ISM_MAWSOOL|ISM_MABNI|HARF,Certificate,True,MASAQ:48
41,29,8,مِنَ,من,أَضَلَّانَا,الْجِنِّ,HARF,HARF,HARF,Hypothesis,True,registry-exact-hypothesis:exact:02_mabniyat/preposition_meanings.json#32
41,29,15,مِنَ,من,لِيَكُونَا,الْأَسْفَلِينَ,HARF,HARF,HARF,Hypothesis,True,registry-exact-hypothesis:exact:02_mabniyat/preposition_meanings.json#32
41,30,1,إِنَّ,إن,,الَّذِينَ,HARF,HARF,HARF,Certificate,False,registry:exact:02_mabniyat/letters_answers.json#4
41,31,10,مَا,ما,فِيهَا,تَشْتَهِي,ISM_MAWSOOL,ISM_MAWSOOL,ISM_MAWSOOL|ISM_MABNI|HARF,Hypothesis,True,registry-exact-hypothesis:exact:02_mabniyat/relative_pronouns.json#13
41,31,15,مَا,ما,فِيهَا,تَدَّعُونَ,ISM_MAWSOOL,ISM_MAWSOOL,ISM_MAWSOOL|ISM_MABNI|HARF,Hypothesis,True,registry-exact-hypothesis:exact:02_mabniyat/relative_pronouns.json#13
41,32,2,مِنْ,من,نُزُلَاً,غَفُورٍ,HARF,HARF,HARF,Hypothesis,True,registry-exact-hypothesis:exact:02_mabniyat/preposition_meanings.json#34
41,33,12,مِنَ,من,إِنَّنِي,الْمُسْلِمِينَ,HARF,HARF,HARF,Hypothesis,True,registry-exact-hypothesis:exact:02_mabniyat/preposition_meanings.json#32
41,35,3,إِلَّا,إلا,يُلَقَّاهَا,الَّذِينَ,HARF,HARF,,Certificate,False,MASAQ:106
41,35,8,إِلَّا,إلا,يُلَقَّاهَا,ذُو,HARF,HARF,,Certificate,False,MASAQ:106
41,36,3,مِنَ,من,يَنْزَغَنَّكَ,الشَّيْطَانِ,HARF,HARF,HARF,Hypothesis,True,registry-exact-hypothesis:exact:02_mabniyat/preposition_meanings.json#32
41,37,16,إِنْ,إن,خَلَقَهُنَّ,كُنْتُمْ,HARF,HARF,HARF,Certificate,False,registry:exact:02_mabniyat/conditional_letters_tools.json#1
41,39,13,إِنَّ,إن,وَرَبَتْ,الَّذِي,HARF,HARF,HARF,Certificate,False,registry:exact:02_mabniyat/letters_answers.json#4
41,40,1,إِنَّ,إن,,الَّذِينَ,HARF,HARF,HARF,Certificate,False,registry:exact:02_mabniyat/letters_answers.json#4
41,40,15,مَنْ,من,أَمْ,يَأْتِي,ISM_MAWSOOL,ISM_MAWSOOL,ISM_MAWSOOL|ISM_MABNI|HARF,Hypothesis,True,registry-exact-hypothesis:exact:02_mabniyat/relative_pronouns.json#3
41,40,21,مَا,ما,اعْمَلُوا,شِئْتُمْ,ISM_MAWSOOL,ISM_MAWSOOL,ISM_MAWSOOL|ISM_MABNI|HARF,Hypothesis,True,registry-exact-hypothesis:exact:02_mabniyat/relative_pronouns.json#13
41,40,24,بِمَا,بما,إِنَّهُ,تَعْمَلُونَ,ISM_MAWSOOL,ISM_MAWSOOL,ISM_MAWSOOL|ISM_MABNI|HARF,Certificate,True,MASAQ:48
41,41,1,إِنَّ,إن,,الَّذِينَ,HARF,HARF,HARF,Certificate,False,registry:exact:02_mabniyat/letters_answers.json#4
41,42,4,مِنْ,من,الْبَاطِلُ,بَيْنِ,HARF,HARF,HARF,Hypothesis,True,registry-exact-hypothesis:exact:02_mabniyat/preposition_meanings.json#34
41,42,8,مِنْ,من,وَلَا,خَلْفِهِ,HARF,HARF,HARF,Hypothesis,True,registry-exact-hypothesis:exact:02_mabniyat/preposition_meanings.json#34
41,42,11,مِنْ,من,تَنْزِيلٌ,حَكِيمٍ,HARF,HARF,HARF,Hypothesis,True,registry-exact-hypothesis:exact:02_mabniyat/preposition_meanings.json#34
41,43,1,مَا,ما,,يُقَالُ,HARF,ISM_MAWSOOL,ISM_MAWSOOL|ISM_MABNI|HARF,Hypothesis,True,registry-exact-hypothesis:exact:02_mabniyat/relative_pronouns.json#13
41,43,4,إِلَّا,إلا,لَكَ,مَا,HARF,HARF,,Certificate,False,MASAQ:106
41,43,5,مَا,ما,إِلَّا,قَدْ,ISM_MAWSOOL,ISM_MAWSOOL,ISM_MAWSOOL|ISM_MABNI|HARF,Hypothesis,True,registry-exact-hypothesis:exact:02_mabniyat/relative_pronouns.json#13
41,43,9,مِنْ,من,لِلرُّسُلِ,قَبْلِكَ,HARF,HARF,HARF,Hypothesis,True,registry-exact-hypothesis:exact:02_mabniyat/preposition_meanings.json#34
41,43,11,إِنَّ,إن,قَبْلِكَ,رَبَّكَ,HARF,HARF,HARF,Certificate,False,registry:exact:02_mabniyat/letters_answers.json#4
41,44,28,مِنْ,من,يُنَادَوْنَ,مَكَانٍ,HARF,HARF,HARF,Hypothesis,True,registry-exact-hypothesis:exact:02_mabniyat/preposition_meanings.json#34
41,45,10,مِنْ,من,سَبَقَتْ,رَبِّكَ,HARF,HARF,HARF,Hypothesis,True,registry-exact-hypothesis:exact:02_mabniyat/preposition_meanings.json#34
41,46,1,مَنْ,من,,عَمِلَ,HARF,ISM_MAWSOOL,ISM_MAWSOOL|ISM_MABNI|HARF,Hypothesis,True,registry-exact-hypothesis:exact:02_mabniyat/relative_pronouns.json#3
41,47,7,مِنْ,من,تَخْرُجُ,ثَمَرَاتٍ,HARF,HARF,HARF,Hypothesis,True,registry-exact-hypothesis:exact:02_mabniyat/preposition_meanings.json#34
41,47,9,مِنْ,من,ثَمَرَاتٍ,أَكْمَامِهَا,HARF,HARF,HARF,Hypothesis,True,registry-exact-hypothesis:exact:02_mabniyat/preposition_meanings.json#34
41,47,13,مِنْ,من,تَحْمِلُ,أُنْثَى,HARF,HARF,HARF,Hypothesis,True,registry-exact-hypothesis:exact:02_mabniyat/preposition_meanings.json#34
41,47,17,إِلَّا,إلا,تَضَعُ,بِعِلْمِهِ,HARF,HARF,,Certificate,False,MASAQ:106
41,47,25,مَا,ما,آذَنَّاكَ,مِنَّا,HARF,ISM_MAWSOOL,ISM_MAWSOOL|ISM_MABNI|HARF,Hypothesis,True,registry-exact-hypothesis:exact:02_mabniyat/relative_pronouns.json#13
41,47,27,مِنْ,من,مِنَّا,شَهِيدٍ,HARF,HARF,HARF,Hypothesis,True,registry-exact-hypothesis:exact:02_mabniyat/preposition_meanings.json#34
41,48,3,مَا,ما,عَنْهُمْ,كَانُوا,ISM_MAWSOOL,ISM_MAWSOOL,ISM_MAWSOOL|ISM_MABNI|HARF,Hypothesis,True,registry-exact-hypothesis:exact:02_mabniyat/relative_pronouns.json#13
41,48,6,مِنْ,من,يَدْعُونَ,قَبْلُ,HARF,HARF,HARF,Hypothesis,True,registry-exact-hypothesis:exact:02_mabniyat/preposition_meanings.json#34
41,48,9,مَا,ما,وَظَنُّوا,لَهُمْ,HARF,ISM_MAWSOOL,ISM_MAWSOOL|ISM_MABNI|HARF,Hypothesis,True,registry-exact-hypothesis:exact:02_mabniyat/relative_pronouns.json#13
41,48,11,مِنْ,من,لَهُمْ,مَحِيصٍ,HARF,HARF,HARF,Hypothesis,True,registry-exact-hypothesis:exact:02_mabniyat/preposition_meanings.json#34
41,49,4,مِنْ,من,الْإِنْسَانُ,دُعَاءِ,HARF,HARF,HARF,Hypothesis,True,registry-exact-hypothesis:exact:02_mabniyat/preposition_meanings.json#34
41,50,5,مِنْ,من,مِنَّا,بَعْدِ,HARF,HARF,HARF,Hypothesis,True,registry-exact-hypothesis:exact:02_mabniyat/preposition_meanings.json#34
41,50,20,إِنَّ,إن,رَبِّي,لِي,HARF,HARF,HARF,Certificate,False,registry:exact:02_mabniyat/letters_answers.json#4
41,50,27,بِمَا,بما,كَفَرُوا,عَمِلُوا,ISM_MAWSOOL,ISM_MAWSOOL,ISM_MAWSOOL|ISM_MABNI|HARF,Certificate,True,MASAQ:48
41,50,30,مِنْ,من,وَلَنُذِيقَنَّهُمْ,عَذَابٍ,HARF,HARF,HARF,Hypothesis,True,registry-exact-hypothesis:exact:02_mabniyat/preposition_meanings.json#34
41,52,3,إِنْ,إن,أَرَأَيْتُمْ,كَانَ,HARF,HARF,HARF,Certificate,False,registry:exact:02_mabniyat/conditional_letters_tools.json#1
41,52,5,مِنْ,من,كَانَ,عِنْدِ,HARF,HARF,HARF,Hypothesis,True,registry-exact-hypothesis:exact:02_mabniyat/preposition_meanings.json#34
41,52,11,مَنْ,من,بِهِ,أَضَلُّ,HARF,ISM_MAWSOOL,ISM_MAWSOOL|ISM_MABNI|HARF,Hypothesis,True,registry-exact-hypothesis:exact:02_mabniyat/relative_pronouns.json#3
41,53,7,حَتَّى,حتى,أَنْفُسِهِمْ,يَتَبَيَّنَ,HARF,HARF,HARF,Certificate,False,registry:exact:02_mabniyat/preposition_meanings.json#48
41,54,5,مِنْ,من,مِرْيَةٍ,لِقَاءِ,HARF,HARF,HARF,Hypothesis,True,registry-exact-hypothesis:exact:02_mabniyat/preposition_meanings.json#34
42,3,6,مِنْ,من,الَّذِينَ,قَبْلِكَ,HARF,HARF,HARF,Hypothesis,True,registry-exact-hypothesis:exact:02_mabniyat/preposition_meanings.json#34
42,4,2,مَا,ما,لَهُ,فِي,ISM_MAWSOOL,ISM_MAWSOOL,ISM_MAWSOOL|ISM_MABNI|HARF,Hypothesis,True,registry-exact-hypothesis:exact:02_mabniyat/relative_pronouns.json#13
42,5,4,مِنْ,من,يَتَفَطَّرْنَ,فَوْقِهِنَّ,HARF,HARF,HARF,Hypothesis,True,registry-exact-hypothesis:exact:02_mabniyat/preposition_meanings.json#34
42,5,15,إِنَّ,إن,أَلَا,اللَّهَ,HARF,HARF,HARF,Certificate,False,registry:exact:02_mabniyat/letters_answers.json#4
42,6,3,مِنْ,من,اتَّخَذُوا,دُونِهِ,HARF,HARF,HARF,Hypothesis,True,registry-exact-hypothesis:exact:02_mabniyat/preposition_meanings.json#34
42,8,9,مَنْ,من,يُدْخِلُ,يَشَاءُ,ISM_MAWSOOL,ISM_MAWSOOL,ISM_MAWSOOL|ISM_MABNI|HARF,Hypothesis,True,registry-exact-hypothesis:exact:02_mabniyat/relative_pronouns.json#3
42,8,14,مَا,ما,وَالظَّالِمُونَ,لَهُمْ,HARF,ISM_MAWSOOL,ISM_MAWSOOL|ISM_MABNI|HARF,Hypothesis,True,registry-exact-hypothesis:exact:02_mabniyat/relative_pronouns.json#13
42,8,16,مِنْ,من,لَهُمْ,وَلِيٍّ,HARF,HARF,HARF,Hypothesis,True,registry-exact-hypothesis:exact:02_mabniyat/preposition_meanings.json#34
42,9,3,مِنْ,من,اتَّخَذُوا,دُونِهِ,HARF,HARF,HARF,Hypothesis,True,registry-exact-hypothesis:exact:02_mabniyat/preposition_meanings.json#34
42,10,4,مِنْ,من,فِيهِ,شَيْءٍ,HARF,HARF,HARF,Hypothesis,True,registry-exact-hypothesis:exact:02_mabniyat/preposition_meanings.json#34
42,11,6,مِنْ,من,لَكُمْ,أَنْفُسِكُمْ,HARF,HARF,HARF,Hypothesis,True,registry-exact-hypothesis:exact:02_mabniyat/preposition_meanings.json#34
42,13,3,مِنَ,من,لَكُمْ,الدِّينِ,HARF,HARF,HARF,Hypothesis,True,registry-exact-hypothesis:exact:02_mabniyat/preposition_meanings.json#32
42,13,5,مَا,ما,الدِّينِ,وَصَّى,ISM_MAWSOOL,ISM_MAWSOOL,ISM_MAWSOOL|ISM_MABNI|HARF,Hypothesis,True,registry-exact-hypothesis:exact:02_mabniyat/relative_pronouns.json#13
42,13,18,أَنْ,أن,وَعِيسَى,أَقِيمُوا,HARF,HARF,HARF,Certificate,False,registry:plain:02_mabniyat/present_naseb_tools.json#1
42,13,27,مَا,ما,الْمُشْرِكِينَ,تَدْعُوهُمْ,ISM_MAWSOOL,ISM_MAWSOOL,ISM_MAWSOOL|ISM_MABNI|HARF,Hypothesis,True,registry-exact-hypothesis:exact:02_mabniyat/relative_pronouns.json#13
42,13,33,مَنْ,من,إِلَيْهِ,يَشَاءُ,ISM_MAWSOOL,ISM_MAWSOOL,ISM_MAWSOOL|ISM_MABNI|HARF,Hypothesis,True,registry-exact-hypothesis:exact:02_mabniyat/relative_pronouns.json#3
42,13,37,مَنْ,من,إِلَيْهِ,يُنِيبُ,ISM_MAWSOOL,ISM_MAWSOOL,ISM_MAWSOOL|ISM_MABNI|HARF,Hypothesis,True,registry-exact-hypothesis:exact:02_mabniyat/relative_pronouns.json#3
42,14,3,إِلَّا,إلا,تَفَرَّقُوا,مِنْ,HARF,HARF,,Certificate,False,MASAQ:106
42,14,4,مِنْ,من,إِلَّا,بَعْدِ,HARF,HARF,HARF,Hypothesis,True,registry-exact-hypothesis:exact:02_mabniyat/preposition_meanings.json#34
42,14,6,مَا,ما,بَعْدِ,جَاءَهُمُ,ISM_MAWSOOL,ISM_MAWSOOL,ISM_MAWSOOL|ISM_MABNI|HARF,Hypothesis,True,registry-exact-hypothesis:exact:02_mabniyat/relative_pronouns.json#13
42,14,14,مِنْ,من,سَبَقَتْ,رَبِّكَ,HARF,HARF,HARF,Hypothesis,True,registry-exact-hypothesis:exact:02_mabniyat/preposition_meanings.json#34
42,14,25,مِنْ,من,الْكِتَابَ,بَعْدِهِمْ,HARF,HARF,HARF,Hypothesis,True,registry-exact-hypothesis:exact:02_mabniyat/preposition_meanings.json#34
42,15,11,بِمَا,بما,آمَنْتُ,أَنْزَلَ,ISM_MAWSOOL,ISM_MAWSOOL,ISM_MAWSOOL|ISM_MABNI|HARF,Certificate,True,MASAQ:48
42,15,14,مِنْ,من,اللَّهُ,كِتَابٍ,HARF,HARF,HARF,Hypothesis,True,registry-exact-hypothesis:exact:02_mabniyat/preposition_meanings.json#34
42,16,5,مِنْ,من,اللَّهِ,بَعْدِ,HARF,HARF,HARF,Hypothesis,True,registry-exact-hypothesis:exact:02_mabniyat/preposition_meanings.json#34
42,16,7,مَا,ما,بَعْدِ,اسْتُجِيبَ,ISM_MAWSOOL,ISM_MAWSOOL,ISM_MAWSOOL|ISM_MABNI|HARF,Hypothesis,True,registry-exact-hypothesis:exact:02_mabniyat/relative_pronouns.json#13
42,18,15,إِنَّ,إن,أَلَا,الَّذِينَ,HARF,HARF,HARF,Certificate,False,registry:exact:02_mabniyat/letters_answers.json#4
42,19,5,مَنْ,من,يَرْزُقُ,يَشَاءُ,ISM_MAWSOOL,ISM_MAWSOOL,ISM_MAWSOOL|ISM_MABNI|HARF,Hypothesis,True,registry-exact-hypothesis:exact:02_mabniyat/relative_pronouns.json#3
42,20,1,مَنْ,من,,كَانَ,ISM_MAWSOOL,ISM_MAWSOOL,ISM_MAWSOOL|ISM_MABNI|HARF,Hypothesis,True,registry-exact-hypothesis:exact:02_mabniyat/relative_pronouns.json#3
42,20,21,مِنْ,من,الْآخِرَةِ,نَصِيبٍ,HARF,HARF,HARF,Hypothesis,True,registry-exact-hypothesis:exact:02_mabniyat/preposition_meanings.json#34
42,21,6,مِنَ,من,لَهُمْ,الدِّينِ,HARF,HARF,HARF,Hypothesis,True,registry-exact-hypothesis:exact:02_mabniyat/preposition_meanings.json#32
42,21,8,مَا,ما,الدِّينِ,لَمْ,ISM_MAWSOOL,ISM_MAWSOOL,ISM_MAWSOOL|ISM_MABNI|HARF,Hypothesis,True,registry-exact-hypothesis:exact:02_mabniyat/relative_pronouns.json#13
42,22,17,مَا,ما,لَهُمْ,يَشَاءُونَ,ISM_MAWSOOL,ISM_MAWSOOL,ISM_MAWSOOL|ISM_MABNI|HARF,Hypothesis,True,registry-exact-hypothesis:exact:02_mabniyat/relative_pronouns.json#13
42,23,15,إِلَّا,إلا,أَجْرَاً,الْمَوَدَّةَ,HARF,HARF,,Certificate,False,MASAQ:106
42,23,26,إِنَّ,إن,حُسْنَاً,اللَّهَ,HARF,HARF,HARF,Certificate,False,registry:exact:02_mabniyat/letters_answers.json#4
42,25,11,مَا,ما,وَيَعْلَمُ,تَفْعَلُونَ,ISM_MAWSOOL,ISM_MAWSOOL,ISM_MAWSOOL|ISM_MABNI|HARF,Hypothesis,True,registry-exact-hypothesis:exact:02_mabniyat/relative_pronouns.json#13
42,26,7,مِنْ,من,وَيَزِيدُهُمْ,فَضْلِهِ,HARF,HARF,HARF,Hypothesis,True,registry-exact-hypothesis:exact:02_mabniyat/preposition_meanings.json#34
42,27,12,مَا,ما,بِقَدَرٍ,يَشَاءُ,ISM_MAWSOOL,ISM_MAWSOOL,ISM_MAWSOOL|ISM_MABNI|HARF,Hypothesis,True,registry-exact-hypothesis:exact:02_mabniyat/relative_pronouns.json#13
42,28,5,مِنْ,من,الْغَيْثَ,بَعْدِ,HARF,HARF,HARF,Hypothesis,True,registry-exact-hypothesis:exact:02_mabniyat/preposition_meanings.json#34
42,29,9,مِنْ,من,فِيهِمَا,دَابَّةٍ,HARF,HARF,HARF,Hypothesis,True,registry-exact-hypothesis:exact:02_mabniyat/preposition_meanings.json#34
42,30,3,مِنْ,من,أَصَابَكُمْ,مُصِيبَةٍ,HARF,HARF,HARF,Hypothesis,True,registry-exact-hypothesis:exact:02_mabniyat/preposition_meanings.json#34
42,31,8,مِنْ,من,لَكُمْ,دُونِ,HARF,HARF,HARF,Hypothesis,True,registry-exact-hypothesis:exact:02_mabniyat/preposition_meanings.json#34
42,31,9,دُونِ,دون,مِنْ,اللَّهِ,ISM_MUARAB,ISM_MUARAB,,Certificate,False,MASAQ:310
42,31,11,مِنْ,من,اللَّهِ,وَلِيٍّ,HARF,HARF,HARF,Hypothesis,True,registry-exact-hypothesis:exact:02_mabniyat/preposition_meanings.json#34
42,33,1,إِنْ,إن,,يَشَأْ,HARF,HARF,HARF,Certificate,False,registry:exact:02_mabniyat/conditional_letters_tools.json#1
42,33,9,إِنَّ,إن,ظَهْرِهِ,فِي,HARF,HARF,HARF,Certificate,False,registry:exact:02_mabniyat/letters_answers.json#4
42,34,3,بِمَا,بما,يُوبِقْهُنَّ,كَسَبُوا,ISM_MAWSOOL,ISM_MAWSOOL,ISM_MAWSOOL|ISM_MABNI|HARF,Certificate,True,MASAQ:48
42,35,6,مَا,ما,آيَاتِنَا,لَهُمْ,HARF,ISM_MAWSOOL,ISM_MAWSOOL|ISM_MABNI|HARF,Hypothesis,True,registry-exact-hypothesis:exact:02_mabniyat/relative_pronouns.json#13
42,35,8,مِنْ,من,لَهُمْ,مَحِيصٍ,HARF,HARF,HARF,Hypothesis,True,registry-exact-hypothesis:exact:02_mabniyat/preposition_meanings.json#34
42,36,3,مِنْ,من,أُوتِيتُمْ,شَيْءٍ,HARF,HARF,HARF,Hypothesis,True,registry-exact-hypothesis:exact:02_mabniyat/preposition_meanings.json#34
42,37,7,مَا,ما,وَإِذَا,غَضِبُوا,HARF,ISM_MAWSOOL,ISM_MAWSOOL|ISM_MABNI|HARF,Hypothesis,True,registry-exact-hypothesis:exact:02_mabniyat/relative_pronouns.json#13
42,41,6,مَا,ما,فَأُولَئِكَ,عَلَيْهِمْ,HARF,ISM_MAWSOOL,ISM_MAWSOOL|ISM_MABNI|HARF,Hypothesis,True,registry-exact-hypothesis:exact:02_mabniyat/relative_pronouns.json#13
42,41,8,مِنْ,من,عَلَيْهِمْ,سَبِيلٍ,HARF,HARF,HARF,Hypothesis,True,registry-exact-hypothesis:exact:02_mabniyat/preposition_meanings.json#34
42,43,4,إِنَّ,إن,وَغَفَرَ,ذَلِكَ,HARF,HARF,HARF,Certificate,False,registry:exact:02_mabniyat/letters_answers.json#4
42,44,6,مِنْ,من,لَهُ,وَلِيٍّ,HARF,HARF,HARF,Hypothesis,True,registry-exact-hypothesis:exact:02_mabniyat/preposition_meanings.json#34
42,44,8,مِنْ,من,وَلِيٍّ,بَعْدِهِ,HARF,HARF,HARF,Hypothesis,True,registry-exact-hypothesis:exact:02_mabniyat/preposition_meanings.json#34
42,44,19,مِنْ,من,مَرَدٍّ,سَبِيلٍ,HARF,HARF,HARF,Hypothesis,True,registry-exact-hypothesis:exact:02_mabniyat/preposition_meanings.json#34
42,45,5,مِنَ,من,خَاشِعِينَ,الذُّلِّ,HARF,HARF,HARF,Hypothesis,True,registry-exact-hypothesis:exact:02_mabniyat/preposition_meanings.json#32
42,45,8,مِنْ,من,يَنْظُرُونَ,طَرْفٍ,HARF,HARF,HARF,Hypothesis,True,registry-exact-hypothesis:exact:02_mabniyat/preposition_meanings.json#34
42,45,14,إِنَّ,إن,آمَنُوا,الْخَاسِرِينَ,HARF,HARF,HARF,Certificate,False,registry:exact:02_mabniyat/letters_answers.json#4
42,45,23,إِنَّ,إن,أَلَا,الظَّالِمِينَ,HARF,HARF,HARF,Certificate,False,registry:exact:02_mabniyat/letters_answers.json#4
42,46,4,مِنْ,من,لَهُمْ,أَوْلِيَاءَ,HARF,HARF,HARF,Hypothesis,True,registry-exact-hypothesis:exact:02_mabniyat/preposition_meanings.json#34
42,46,7,مِنْ,من,يَنْصُرُونَهُمْ,دُونِ,HARF,HARF,HARF,Hypothesis,True,registry-exact-hypothesis:exact:02_mabniyat/preposition_meanings.json#34
42,46,8,دُونِ,دون,مِنْ,اللَّهِ,ISM_MUARAB,ISM_MUARAB,,Certificate,False,MASAQ:310
42,46,15,مِنْ,من,لَهُ,سَبِيلٍ,HARF,HARF,HARF,Hypothesis,True,registry-exact-hypothesis:exact:02_mabniyat/preposition_meanings.json#34
42,47,3,مِنْ,من,لِرَبِّكُمْ,قَبْلِ,HARF,HARF,HARF,Hypothesis,True,registry-exact-hypothesis:exact:02_mabniyat/preposition_meanings.json#34
42,47,5,أَنْ,أن,قَبْلِ,يَأْتِيَ,HARF,HARF,HARF,Certificate,False,registry:plain:02_mabniyat/present_naseb_tools.json#1
42,47,11,مِنَ,من,لَهُ,اللَّهِ,HARF,HARF,HARF,Hypothesis,True,registry-exact-hypothesis:exact:02_mabniyat/preposition_meanings.json#32
42,47,13,مَا,ما,اللَّهِ,لَكُمْ,HARF,ISM_MAWSOOL,ISM_MAWSOOL|ISM_MABNI|HARF,Hypothesis,True,registry-exact-hypothesis:exact:02_mabniyat/relative_pronouns.json#13
42,47,15,مِنْ,من,لَكُمْ,مَلْجَإٍ,HARF,HARF,HARF,Hypothesis,True,registry-exact-hypothesis:exact:02_mabniyat/preposition_meanings.json#34
42,47,20,مِنْ,من,لَكُمْ,نَكِيرٍ,HARF,HARF,HARF,Hypothesis,True,registry-exact-hypothesis:exact:02_mabniyat/preposition_meanings.json#34
42,48,7,إِنْ,إن,حَفِيظَاً,عَلَيْكَ,HARF,HARF,HARF,Certificate,False,registry:exact:02_mabniyat/conditional_letters_tools.json#1
42,48,9,إِلَّا,إلا,عَلَيْكَ,الْبَلَاغُ,HARF,HARF,,Certificate,False,MASAQ:106
42,48,22,بِمَا,بما,سَيِّئَةٌ,قَدَّمَتْ,ISM_MAWSOOL,ISM_MAWSOOL,ISM_MAWSOOL|ISM_MABNI|HARF,Certificate,True,MASAQ:48
42,49,6,مَا,ما,يَخْلُقُ,يَشَاءُ,ISM_MAWSOOL,ISM_MAWSOOL,ISM_MAWSOOL|ISM_MABNI|HARF,Hypothesis,True,registry-exact-hypothesis:exact:02_mabniyat/relative_pronouns.json#13
42,50,6,مَنْ,من,وَيَجْعَلُ,يَشَاءُ,ISM_MAWSOOL,ISM_MAWSOOL,ISM_MAWSOOL|ISM_MABNI|HARF,Hypothesis,True,registry-exact-hypothesis:exact:02_mabniyat/relative_pronouns.json#3
42,51,4,أَنْ,أن,لِبَشَرٍ,يُكَلِّمَهُ,HARF,HARF,HARF,Certificate,False,registry:plain:02_mabniyat/present_naseb_tools.json#1
42,51,7,إِلَّا,إلا,اللَّهُ,وَحْيَاً,HARF,HARF,,Certificate,False,MASAQ:106
42,51,10,مِنْ,من,أَوْ,وَرَاءِ,HARF,HARF,HARF,Hypothesis,True,registry-exact-hypothesis:exact:02_mabniyat/preposition_meanings.json#34
42,51,18,مَا,ما,بِإِذْنِهِ,يَشَاءُ,ISM_MAWSOOL,ISM_MAWSOOL,ISM_MAWSOOL|ISM_MABNI|HARF,Hypothesis,True,registry-exact-hypothesis:exact:02_mabniyat/relative_pronouns.json#13
42,52,5,مِنْ,من,رُوحَاً,أَمْرِنَا,HARF,HARF,HARF,Hypothesis,True,registry-exact-hypothesis:exact:02_mabniyat/preposition_meanings.json#34
42,52,7,مَا,ما,أَمْرِنَا,كُنْتَ,HARF,ISM_MAWSOOL,ISM_MAWSOOL|ISM_MABNI|HARF,Hypothesis,True,registry-exact-hypothesis:exact:02_mabniyat/relative_pronouns.json#13
42,52,19,مَنْ,من,بِهِ,نَشَاءُ,ISM_MAWSOOL,ISM_MAWSOOL,ISM_MAWSOOL|ISM_MABNI|HARF,Hypothesis,True,registry-exact-hypothesis:exact:02_mabniyat/relative_pronouns.json#3
42,52,21,مِنْ,من,نَشَاءُ,عِبَادِنَا,HARF,HARF,HARF,Hypothesis,True,registry-exact-hypothesis:exact:02_mabniyat/preposition_meanings.json#34
42,53,5,مَا,ما,لَهُ,فِي,ISM_MAWSOOL,ISM_MAWSOOL,ISM_MAWSOOL|ISM_MABNI|HARF,Hypothesis,True,registry-exact-hypothesis:exact:02_mabniyat/relative_pronouns.json#13
43,5,5,أَنْ,أن,صَفْحَاً,كُنْتُمْ,HARF,HARF,HARF,Certificate,False,registry:plain:02_mabniyat/present_naseb_tools.json#1
43,6,3,مِنْ,من,أَرْسَلْنَا,نَبِيٍّ,HARF,HARF,HARF,Hypothesis,True,registry-exact-hypothesis:exact:02_mabniyat/preposition_meanings.json#34
43,7,3,مِنْ,من,يَأْتِيهِمْ,نَبِيٍّ,HARF,HARF,HARF,Hypothesis,True,registry-exact-hypothesis:exact:02_mabniyat/preposition_meanings.json#34
43,7,5,إِلَّا,إلا,نَبِيٍّ,كَانُوا,HARF,HARF,,Certificate,False,MASAQ:106
43,9,3,مَنْ,من,سَأَلْتَهُمْ,خَلَقَ,HARF,ISM_MAWSOOL,ISM_MAWSOOL|ISM_MABNI|HARF,Hypothesis,True,registry-exact-hypothesis:exact:02_mabniyat/relative_pronouns.json#3
43,11,3,مِنَ,من,نَزَّلَ,السَّمَاءِ,HARF,HARF,HARF,Hypothesis,True,registry-exact-hypothesis:exact:02_mabniyat/preposition_meanings.json#32
43,12,7,مِنَ,من,لَكُمْ,الْفُلْكِ,HARF,HARF,HARF,Hypothesis,True,registry-exact-hypothesis:exact:02_mabniyat/preposition_meanings.json#32
43,12,10,مَا,ما,وَالْأَنْعَامِ,تَرْكَبُونَ,ISM_MAWSOOL,ISM_MAWSOOL,ISM_MAWSOOL|ISM_MABNI|HARF,Hypothesis,True,registry-exact-hypothesis:exact:02_mabniyat/relative_pronouns.json#13
43,15,3,مِنْ,من,لَهُ,عِبَادِهِ,HARF,HARF,HARF,Hypothesis,True,registry-exact-hypothesis:exact:02_mabniyat/preposition_meanings.json#34
43,15,6,إِنَّ,إن,جُزْءَاً,الْإِنْسَانَ,HARF,HARF,HARF,Certificate,False,registry:exact:02_mabniyat/letters_answers.json#4
43,17,4,بِمَا,بما,أَحَدُهُمْ,ضَرَبَ,ISM_MAWSOOL,ISM_MAWSOOL,ISM_MAWSOOL|ISM_MABNI|HARF,Certificate,True,MASAQ:48
43,18,8,غَيْرُ,غير,الْخِصَامِ,مُبِينٍ,ISM_MUARAB,ISM_MUARAB,,Certificate,False,MASAQ:11830
43,20,5,مَا,ما,الرَّحْمَنُ,عَبَدْنَاهُمْ,HARF,ISM_MAWSOOL,ISM_MAWSOOL|ISM_MABNI|HARF,Hypothesis,True,registry-exact-hypothesis:exact:02_mabniyat/relative_pronouns.json#13
43,20,7,مَا,ما,عَبَدْنَاهُمْ,لَهُمْ,HARF,ISM_MAWSOOL,ISM_MAWSOOL|ISM_MABNI|HARF,Hypothesis,True,registry-exact-hypothesis:exact:02_mabniyat/relative_pronouns.json#13
43,20,10,مِنْ,من,بِذَلِكَ,عِلْمٍ,HARF,HARF,HARF,Hypothesis,True,registry-exact-hypothesis:exact:02_mabniyat/preposition_meanings.json#34
43,20,12,إِنْ,إن,عِلْمٍ,هُمْ,HARF,HARF,HARF,Certificate,False,registry:exact:02_mabniyat/conditional_letters_tools.json#1
43,20,14,إِلَّا,إلا,هُمْ,يَخْرُصُونَ,HARF,HARF,,Certificate,False,MASAQ:106
43,21,4,مِنْ,من,كِتَابَاً,قَبْلِهِ,HARF,HARF,HARF,Hypothesis,True,registry-exact-hypothesis:exact:02_mabniyat/preposition_meanings.json#34
43,23,2,مَا,ما,وَكَذَلِكَ,أَرْسَلْنَا,HARF,ISM_MAWSOOL,ISM_MAWSOOL|ISM_MABNI|HARF,Hypothesis,True,registry-exact-hypothesis:exact:02_mabniyat/relative_pronouns.json#13
43,23,4,مِنْ,من,أَرْسَلْنَا,قَبْلِكَ,HARF,HARF,HARF,Hypothesis,True,registry-exact-hypothesis:exact:02_mabniyat/preposition_meanings.json#34
43,23,8,مِنْ,من,قَرْيَةٍ,نَذِيرٍ,HARF,HARF,HARF,Hypothesis,True,registry-exact-hypothesis:exact:02_mabniyat/preposition_meanings.json#34
43,23,10,إِلَّا,إلا,نَذِيرٍ,قَالَ,HARF,HARF,,Certificate,False,MASAQ:106
43,24,11,بِمَا,بما,إِنَّا,أُرْسِلْتُمْ,ISM_MAWSOOL,ISM_MAWSOOL,ISM_MAWSOOL|ISM_MABNI|HARF,Certificate,True,MASAQ:48
43,27,1,إِلَّا,إلا,,الَّذِي,HARF,HARF,,Certificate,False,MASAQ:106
43,29,5,حَتَّى,حتى,وَآبَاءَهُمْ,جَاءَهُمُ,HARF,HARF,HARF,Certificate,False,registry:exact:02_mabniyat/preposition_meanings.json#48
43,31,8,مِنَ,من,رَجُلٍ,الْقَرْيَتَيْنِ,HARF,HARF,HARF,Hypothesis,True,registry-exact-hypothesis:exact:02_mabniyat/preposition_meanings.json#32
43,33,2,أَنْ,أن,وَلَوْلَا,يَكُونَ,HARF,HARF,HARF,Certificate,False,registry:plain:02_mabniyat/present_naseb_tools.json#1
43,33,13,مِنْ,من,سُقُفَاً,فِضَّةٍ,HARF,HARF,HARF,Hypothesis,True,registry-exact-hypothesis:exact:02_mabniyat/preposition_meanings.json#34
43,38,1,حَتَّى,حتى,,إِذَا,HARF,HARF,HARF,Certificate,False,registry:exact:02_mabniyat/preposition_meanings.json#48
43,45,2,مَنْ,من,وَاسْأَلْ,أَرْسَلْنَا,HARF,ISM_MAWSOOL,ISM_MAWSOOL|ISM_MABNI|HARF,Hypothesis,True,registry-exact-hypothesis:exact:02_mabniyat/relative_pronouns.json#3
43,45,4,مِنْ,من,أَرْسَلْنَا,قَبْلِكَ,HARF,HARF,HARF,Hypothesis,True,registry-exact-hypothesis:exact:02_mabniyat/preposition_meanings.json#34
43,45,6,مِنْ,من,قَبْلِكَ,رُسُلِنَا,HARF,HARF,HARF,Hypothesis,True,registry-exact-hypothesis:exact:02_mabniyat/preposition_meanings.json#34
43,45,9,مِنْ,من,أَجَعَلْنَا,دُونِ,HARF,HARF,HARF,Hypothesis,True,registry-exact-hypothesis:exact:02_mabniyat/preposition_meanings.json#34
43,45,10,دُونِ,دون,مِنْ,الرَّحْمَنِ,ISM_MUARAB,ISM_MUARAB,,Certificate,False,MASAQ:310
43,48,3,مِنْ,من,نُرِيهِمْ,آيَةٍ,HARF,HARF,HARF,Hypothesis,True,registry-exact-hypothesis:exact:02_mabniyat/preposition_meanings.json#34
43,48,5,إِلَّا,إلا,آيَةٍ,هِيَ,HARF,HARF,,Certificate,False,MASAQ:106
43,48,8,مِنْ,من,أَكْبَرُ,أُخْتِهَا,HARF,HARF,HARF,Hypothesis,True,registry-exact-hypothesis:exact:02_mabniyat/preposition_meanings.json#34
43,49,7,بِمَا,بما,رَبَّكَ,عَهِدَ,ISM_MAWSOOL,ISM_MAWSOOL,ISM_MAWSOOL|ISM_MABNI|HARF,Certificate,True,MASAQ:48
43,51,14,مِنْ,من,تَجْرِي,تَحْتِي,HARF,HARF,HARF,Hypothesis,True,registry-exact-hypothesis:exact:02_mabniyat/preposition_meanings.json#34
43,52,4,مِنْ,من,خَيْرٌ,هَذَا,HARF,HARF,HARF,Hypothesis,True,registry-exact-hypothesis:exact:02_mabniyat/preposition_meanings.json#34
43,53,5,مِنْ,من,أَسْوِرَةٌ,ذَهَبٍ,HARF,HARF,HARF,Hypothesis,True,registry-exact-hypothesis:exact:02_mabniyat/preposition_meanings.json#34
43,58,6,مَا,ما,هُوَ,ضَرَبُوهُ,HARF,ISM_MAWSOOL,ISM_MAWSOOL|ISM_MABNI|HARF,Hypothesis,True,registry-exact-hypothesis:exact:02_mabniyat/relative_pronouns.json#13
43,58,9,إِلَّا,إلا,لَكَ,جَدَلَاً,HARF,HARF,,Certificate,False,MASAQ:106
43,59,1,إِنْ,إن,,هُوَ,HARF,HARF,HARF,Certificate,False,registry:exact:02_mabniyat/conditional_letters_tools.json#1
43,59,3,إِلَّا,إلا,هُوَ,عَبْدٌ,HARF,HARF,,Certificate,False,MASAQ:106
43,64,1,إِنَّ,إن,,اللَّهَ,HARF,HARF,HARF,Certificate,False,registry:exact:02_mabniyat/letters_answers.json#4
43,65,3,مِنْ,من,الْأَحْزَابُ,بَيْنِهِمْ,HARF,HARF,HARF,Hypothesis,True,registry-exact-hypothesis:exact:02_mabniyat/preposition_meanings.json#34
43,65,8,مِنْ,من,ظَلَمُوا,عَذَابِ,HARF,HARF,HARF,Hypothesis,True,registry-exact-hypothesis:exact:02_mabniyat/preposition_meanings.json#34
43,66,3,إِلَّا,إلا,يَنْظُرُونَ,السَّاعَةَ,HARF,HARF,,Certificate,False,MASAQ:106
43,66,5,أَنْ,أن,السَّاعَةَ,تَأْتِيَهُمْ,HARF,HARF,HARF,Certificate,False,registry:plain:02_mabniyat/present_naseb_tools.json#1
43,67,6,إِلَّا,إلا,عَدُوٌّ,الْمُتَّقِينَ,HARF,HARF,,Certificate,False,MASAQ:106
43,71,4,مِنْ,من,بِصِحَافٍ,ذَهَبٍ,HARF,HARF,HARF,Hypothesis,True,registry-exact-hypothesis:exact:02_mabniyat/preposition_meanings.json#34
43,71,8,مَا,ما,وَفِيهَا,تَشْتَهِيهِ,ISM_MAWSOOL,ISM_MAWSOOL,ISM_MAWSOOL|ISM_MABNI|HARF,Hypothesis,True,registry-exact-hypothesis:exact:02_mabniyat/relative_pronouns.json#13
43,72,5,بِمَا,بما,أُورِثْتُمُوهَا,كُنْتُمْ,ISM_MAWSOOL,ISM_MAWSOOL,ISM_MAWSOOL|ISM_MABNI|HARF,Certificate,True,MASAQ:48
43,74,1,إِنَّ,إن,,الْمُجْرِمِينَ,HARF,HARF,HARF,Certificate,False,registry:exact:02_mabniyat/letters_answers.json#4
43,81,2,إِنْ,إن,قُلْ,كَانَ,HARF,HARF,HARF,Certificate,False,registry:exact:02_mabniyat/conditional_letters_tools.json#1
43,83,4,حَتَّى,حتى,وَيَلْعَبُوا,يُلَاقُوا,HARF,HARF,HARF,Certificate,False,registry:exact:02_mabniyat/preposition_meanings.json#48
43,86,5,مِنْ,من,يَدْعُونَ,دُونِهِ,HARF,HARF,HARF,Hypothesis,True,registry-exact-hypothesis:exact:02_mabniyat/preposition_meanings.json#34
43,86,8,إِلَّا,إلا,الشَّفَاعَةَ,مَنْ,HARF,HARF,,Certificate,False,MASAQ:106
43,86,9,مَنْ,من,إِلَّا,شَهِدَ,ISM_MAWSOOL,ISM_MAWSOOL,ISM_MAWSOOL|ISM_MABNI|HARF,Hypothesis,True,registry-exact-hypothesis:exact:02_mabniyat/relative_pronouns.json#3
43,87,3,مَنْ,من,سَأَلْتَهُمْ,خَلَقَهُمْ,HARF,ISM_MAWSOOL,ISM_MAWSOOL|ISM_MABNI|HARF,Hypothesis,True,registry-exact-hypothesis:exact:02_mabniyat/relative_pronouns.json#3
43,88,3,إِنَّ,إن,يَارَبِّ,هَؤُلَاءِ,HARF,HARF,HARF,Certificate,False,registry:exact:02_mabniyat/letters_answers.json#4
44,5,2,مِنْ,من,أَمْرَاً,عِنْدِنَا,HARF,HARF,HARF,Hypothesis,True,registry-exact-hypothesis:exact:02_mabniyat/preposition_meanings.json#34
44,6,2,مِنْ,من,رَحْمَةً,رَبِّكَ,HARF,HARF,HARF,Hypothesis,True,registry-exact-hypothesis:exact:02_mabniyat/preposition_meanings.json#34
44,7,6,إِنْ,إن,بَيْنَهُمَا,كُنْتُمْ,HARF,HARF,HARF,Certificate,False,registry:exact:02_mabniyat/conditional_letters_tools.json#1
44,8,3,إِلَّا,إلا,إِلَهَ,هُوَ,HARF,HARF,,Certificate,False,MASAQ:106
44,18,1,أَنْ,أن,,أَدُّوا,HARF,HARF,HARF,Certificate,False,registry:plain:02_mabniyat/present_naseb_tools.json#1
44,20,5,أَنْ,أن,وَرَبِّكُمْ,تَرْجُمُونِ,HARF,HARF,HARF,Certificate,False,registry:plain:02_mabniyat/present_naseb_tools.json#1
44,22,3,أَنَّ,أن,رَبَّهُ,هَؤُلَاءِ,HARF,HARF,HARF,Certificate,False,registry:exact:02_mabniyat/copulative_particle.json#2
44,25,3,مِنْ,من,تَرَكُوا,جَنَّاتٍ,HARF,HARF,HARF,Hypothesis,True,registry-exact-hypothesis:exact:02_mabniyat/preposition_meanings.json#34
44,30,5,مِنَ,من,إِسْرَائِيلَ,الْعَذَابِ,HARF,HARF,HARF,Hypothesis,True,registry-exact-hypothesis:exact:02_mabniyat/preposition_meanings.json#32
44,31,1,مِنْ,من,,فِرْعَوْنَ,HARF,HARF,HARF,Hypothesis,True,registry-exact-hypothesis:exact:02_mabniyat/preposition_meanings.json#34
44,31,6,مِنَ,من,عَالِيَاً,الْمُسْرِفِينَ,HARF,HARF,HARF,Hypothesis,True,registry-exact-hypothesis:exact:02_mabniyat/preposition_meanings.json#32
44,33,2,مِنَ,من,وَآتَيْنَاهُمْ,الْآيَاتِ,HARF,HARF,HARF,Hypothesis,True,registry-exact-hypothesis:exact:02_mabniyat/preposition_meanings.json#32
44,33,4,مَا,ما,الْآيَاتِ,فِيهِ,ISM_MAWSOOL,ISM_MAWSOOL,ISM_MAWSOOL|ISM_MABNI|HARF,Hypothesis,True,registry-exact-hypothesis:exact:02_mabniyat/relative_pronouns.json#13
44,34,1,إِنَّ,إن,,هَؤُلَاءِ,HARF,HARF,HARF,Certificate,False,registry:exact:02_mabniyat/letters_answers.json#4
44,35,1,إِنْ,إن,,هِيَ,HARF,HARF,HARF,Certificate,False,registry:exact:02_mabniyat/conditional_letters_tools.json#1
44,35,3,إِلَّا,إلا,هِيَ,مَوْتَتُنَا,HARF,HARF,,Certificate,False,MASAQ:106
44,36,3,إِنْ,إن,بِآبَائِنَا,كُنْتُمْ,HARF,HARF,HARF,Certificate,False,registry:exact:02_mabniyat/conditional_letters_tools.json#1
44,37,7,مِنْ,من,وَالَّذِينَ,قَبْلِهِمْ,HARF,HARF,HARF,Hypothesis,True,registry-exact-hypothesis:exact:02_mabniyat/preposition_meanings.json#34
44,39,1,مَا,ما,,خَلَقْنَاهُمَا,HARF,ISM_MAWSOOL,ISM_MAWSOOL|ISM_MABNI|HARF,Hypothesis,True,registry-exact-hypothesis:exact:02_mabniyat/relative_pronouns.json#13
44,39,3,إِلَّا,إلا,خَلَقْنَاهُمَا,بِالْحَقِّ,HARF,HARF,,Certificate,False,MASAQ:106
44,40,1,إِنَّ,إن,,يَوْمَ,HARF,HARF,HARF,Certificate,False,registry:exact:02_mabniyat/letters_answers.json#4
44,42,1,إِلَّا,إلا,,مَنْ,HARF,HARF,,Certificate,False,MASAQ:106
44,42,2,مَنْ,من,إِلَّا,رَحِمَ,ISM_MAWSOOL,ISM_MAWSOOL,ISM_MAWSOOL|ISM_MABNI|HARF,Hypothesis,True,registry-exact-hypothesis:exact:02_mabniyat/relative_pronouns.json#3
44,43,1,إِنَّ,إن,,شَجَرَتَ,HARF,HARF,HARF,Certificate,False,registry:exact:02_mabniyat/letters_answers.json#4
44,48,5,مِنْ,من,رَأْسِهِ,عَذَابِ,HARF,HARF,HARF,Hypothesis,True,registry-exact-hypothesis:exact:02_mabniyat/preposition_meanings.json#34
44,50,1,إِنَّ,إن,,هَذَا,HARF,HARF,HARF,Certificate,False,registry:exact:02_mabniyat/letters_answers.json#4
44,50,3,مَا,ما,هَذَا,كُنْتُمْ,ISM_MAWSOOL,ISM_MAWSOOL,ISM_MAWSOOL|ISM_MABNI|HARF,Hypothesis,True,registry-exact-hypothesis:exact:02_mabniyat/relative_pronouns.json#13
44,51,1,إِنَّ,إن,,الْمُتَّقِينَ,HARF,HARF,HARF,Certificate,False,registry:exact:02_mabniyat/letters_answers.json#4
44,53,2,مِنْ,من,يَلْبَسُونَ,سُنْدُسٍ,HARF,HARF,HARF,Hypothesis,True,registry-exact-hypothesis:exact:02_mabniyat/preposition_meanings.json#34
44,56,5,إِلَّا,إلا,الْمَوْتَ,الْمَوْتَةَ,HARF,HARF,,Certificate,False,MASAQ:106
44,57,2,مِنْ,من,فَضْلَاً,رَبِّكَ,HARF,HARF,HARF,Hypothesis,True,registry-exact-hypothesis:exact:02_mabniyat/preposition_meanings.json#34
45,2,3,مِنَ,من,الْكِتَابِ,اللَّهِ,HARF,HARF,HARF,Hypothesis,True,registry-exact-hypothesis:exact:02_mabniyat/preposition_meanings.json#32
45,3,1,إِنَّ,إن,,فِي,HARF,HARF,HARF,Certificate,False,registry:exact:02_mabniyat/letters_answers.json#4
45,4,5,مِنْ,من,يَبُثُّ,دَابَّةٍ,HARF,HARF,HARF,Hypothesis,True,registry-exact-hypothesis:exact:02_mabniyat/preposition_meanings.json#34
45,5,7,مِنَ,من,اللَّهُ,السَّمَاءِ,HARF,HARF,HARF,Hypothesis,True,registry-exact-hypothesis:exact:02_mabniyat/preposition_meanings.json#32
45,5,9,مِنْ,من,السَّمَاءِ,رِزْقٍ,HARF,HARF,HARF,Hypothesis,True,registry-exact-hypothesis:exact:02_mabniyat/preposition_meanings.json#34
45,9,3,مِنْ,من,عَلِمَ,آيَاتِنَا,HARF,HARF,HARF,Hypothesis,True,registry-exact-hypothesis:exact:02_mabniyat/preposition_meanings.json#34
45,10,1,مِنْ,من,,وَرَائِهِمْ,HARF,HARF,HARF,Hypothesis,True,registry-exact-hypothesis:exact:02_mabniyat/preposition_meanings.json#34
45,10,7,مَا,ما,عَنْهُمْ,كَسَبُوا,ISM_MAWSOOL,ISM_MAWSOOL,ISM_MAWSOOL|ISM_MABNI|HARF,Hypothesis,True,registry-exact-hypothesis:exact:02_mabniyat/relative_pronouns.json#13
45,10,11,مَا,ما,وَلَا,اتَّخَذُوا,ISM_MAWSOOL,ISM_MAWSOOL,ISM_MAWSOOL|ISM_MABNI|HARF,Hypothesis,True,registry-exact-hypothesis:exact:02_mabniyat/relative_pronouns.json#13
45,10,13,مِنْ,من,اتَّخَذُوا,دُونِ,HARF,HARF,HARF,Hypothesis,True,registry-exact-hypothesis:exact:02_mabniyat/preposition_meanings.json#34
45,10,14,دُونِ,دون,مِنْ,اللَّهِ,ISM_MUARAB,ISM_MUARAB,,Certificate,False,MASAQ:310
45,11,9,مِنْ,من,عَذَابٌ,رِجْزٍ,HARF,HARF,HARF,Hypothesis,True,registry-exact-hypothesis:exact:02_mabniyat/preposition_meanings.json#34
45,12,11,مِنْ,من,وَلِتَبْتَغُوا,فَضْلِهِ,HARF,HARF,HARF,Hypothesis,True,registry-exact-hypothesis:exact:02_mabniyat/preposition_meanings.json#34
45,13,3,مَا,ما,لَكُمْ,فِي,ISM_MAWSOOL,ISM_MAWSOOL,ISM_MAWSOOL|ISM_MABNI|HARF,Hypothesis,True,registry-exact-hypothesis:exact:02_mabniyat/relative_pronouns.json#13
45,13,11,إِنَّ,إن,مِنْهُ,فِي,HARF,HARF,HARF,Certificate,False,registry:exact:02_mabniyat/letters_answers.json#4
45,14,12,بِمَا,بما,قَوْمَاً,كَانُوا,ISM_MAWSOOL,ISM_MAWSOOL,ISM_MAWSOOL|ISM_MABNI|HARF,Certificate,True,MASAQ:48
45,15,1,مَنْ,من,,عَمِلَ,ISM_MAWSOOL,ISM_MAWSOOL,ISM_MAWSOOL|ISM_MABNI|HARF,Hypothesis,True,registry-exact-hypothesis:exact:02_mabniyat/relative_pronouns.json#3
45,16,9,مِنَ,من,وَرَزَقْنَاهُمْ,الطَّيِّبَاتِ,HARF,HARF,HARF,Hypothesis,True,registry-exact-hypothesis:exact:02_mabniyat/preposition_meanings.json#32
45,17,3,مِنَ,من,بَيِّنَاتٍ,الْأَمْرِ,HARF,HARF,HARF,Hypothesis,True,registry-exact-hypothesis:exact:02_mabniyat/preposition_meanings.json#32
45,17,7,إِلَّا,إلا,اخْتَلَفُوا,مِنْ,HARF,HARF,,Certificate,False,MASAQ:106
45,17,8,مِنْ,من,إِلَّا,بَعْدِ,HARF,HARF,HARF,Hypothesis,True,registry-exact-hypothesis:exact:02_mabniyat/preposition_meanings.json#34
45,17,10,مَا,ما,بَعْدِ,جَاءَهُمُ,ISM_MAWSOOL,ISM_MAWSOOL,ISM_MAWSOOL|ISM_MABNI|HARF,Hypothesis,True,registry-exact-hypothesis:exact:02_mabniyat/relative_pronouns.json#13
45,17,15,إِنَّ,إن,بَيْنَهُمْ,رَبَّكَ,HARF,HARF,HARF,Certificate,False,registry:exact:02_mabniyat/letters_answers.json#4
45,18,5,مِنَ,من,شَرِيعَةٍ,الْأَمْرِ,HARF,HARF,HARF,Hypothesis,True,registry-exact-hypothesis:exact:02_mabniyat/preposition_meanings.json#32
45,19,5,مِنَ,من,عَنْكَ,اللَّهِ,HARF,HARF,HARF,Hypothesis,True,registry-exact-hypothesis:exact:02_mabniyat/preposition_meanings.json#32
45,21,6,أَنْ,أن,السَّيِّئَاتِ,نَجْعَلَهُمْ,HARF,HARF,HARF,Certificate,False,registry:plain:02_mabniyat/present_naseb_tools.json#1
45,21,16,مَا,ما,سَاءَ,يَحْكُمُونَ,ISM_MAWSOOL,ISM_MAWSOOL,ISM_MAWSOOL|ISM_MABNI|HARF,Hypothesis,True,registry-exact-hypothesis:exact:02_mabniyat/relative_pronouns.json#13
45,22,9,بِمَا,بما,نَفْسٍ,كَسَبَتْ,ISM_MAWSOOL,ISM_MAWSOOL,ISM_MAWSOOL|ISM_MABNI|HARF,Certificate,True,MASAQ:48
45,23,2,مَنِ,من,أَفَرَأَيْتَ,اتَّخَذَ,ISM_MAWSOOL,ISM_MAWSOOL,ISM_MAWSOOL|ISM_MABNI|HARF,Certificate,True,MASAQ:3539
45,23,20,مِنْ,من,يَهْدِيهِ,بَعْدِ,HARF,HARF,HARF,Hypothesis,True,registry-exact-hypothesis:exact:02_mabniyat/preposition_meanings.json#34
45,24,2,مَا,ما,وَقَالُوا,هِيَ,HARF,ISM_MAWSOOL,ISM_MAWSOOL|ISM_MABNI|HARF,Hypothesis,True,registry-exact-hypothesis:exact:02_mabniyat/relative_pronouns.json#13
45,24,4,إِلَّا,إلا,هِيَ,حَيَاتُنَا,HARF,HARF,,Certificate,False,MASAQ:106
45,24,11,إِلَّا,إلا,يُهْلِكُنَا,الدَّهْرُ,HARF,HARF,,Certificate,False,MASAQ:106
45,24,16,مِنْ,من,بِذَلِكَ,عِلْمٍ,HARF,HARF,HARF,Hypothesis,True,registry-exact-hypothesis:exact:02_mabniyat/preposition_meanings.json#34
45,24,18,إِنْ,إن,عِلْمٍ,هُمْ,HARF,HARF,HARF,Certificate,False,registry:exact:02_mabniyat/conditional_letters_tools.json#1
45,24,20,إِلَّا,إلا,هُمْ,يَظُنُّونَ,HARF,HARF,,Certificate,False,MASAQ:106
45,25,6,مَا,ما,بَيِّنَاتٍ,كَانَ,HARF,ISM_MAWSOOL,ISM_MAWSOOL|ISM_MABNI|HARF,Hypothesis,True,registry-exact-hypothesis:exact:02_mabniyat/relative_pronouns.json#13
45,25,9,إِلَّا,إلا,حُجَّتَهُمْ,أَنْ,HARF,HARF,,Certificate,False,MASAQ:106
45,25,10,أَنْ,أن,إِلَّا,قَالُوا,HARF,HARF,HARF,Certificate,False,registry:plain:02_mabniyat/present_naseb_tools.json#1
45,25,14,إِنْ,إن,بِآبَائِنَا,كُنْتُمْ,HARF,HARF,HARF,Certificate,False,registry:exact:02_mabniyat/conditional_letters_tools.json#1
45,28,12,مَا,ما,تُجْزَوْنَ,كُنْتُمْ,ISM_MAWSOOL,ISM_MAWSOOL,ISM_MAWSOOL|ISM_MABNI|HARF,Hypothesis,True,registry-exact-hypothesis:exact:02_mabniyat/relative_pronouns.json#13
45,29,9,مَا,ما,نَسْتَنْسِخُ,كُنْتُمْ,ISM_MAWSOOL,ISM_MAWSOOL,ISM_MAWSOOL|ISM_MABNI|HARF,Hypothesis,True,registry-exact-hypothesis:exact:02_mabniyat/relative_pronouns.json#13
45,32,3,إِنَّ,إن,قِيلَ,وَعْدَ,HARF,HARF,HARF,Certificate,False,registry:exact:02_mabniyat/letters_answers.json#4
45,32,12,مَا,ما,قُلْتُمْ,نَدْرِي,HARF,ISM_MAWSOOL,ISM_MAWSOOL|ISM_MABNI|HARF,Hypothesis,True,registry-exact-hypothesis:exact:02_mabniyat/relative_pronouns.json#13
45,32,16,إِنْ,إن,السَّاعَةُ,نَظُنُّ,HARF,HARF,HARF,Certificate,False,registry:exact:02_mabniyat/conditional_letters_tools.json#1
45,32,18,إِلَّا,إلا,نَظُنُّ,ظَنَّاً,HARF,HARF,,Certificate,False,MASAQ:106
45,33,4,مَا,ما,سَيِّئَاتُ,عَمِلُوا,ISM_MAWSOOL,ISM_MAWSOOL,ISM_MAWSOOL|ISM_MABNI|HARF,Hypothesis,True,registry-exact-hypothesis:exact:02_mabniyat/relative_pronouns.json#13
45,33,8,مَا,ما,بِهِمْ,كَانُوا,ISM_MAWSOOL,ISM_MAWSOOL,ISM_MAWSOOL|ISM_MABNI|HARF,Hypothesis,True,registry-exact-hypothesis:exact:02_mabniyat/relative_pronouns.json#13
45,34,13,مِنْ,من,لَكُمْ,نَاصِرِينَ,HARF,HARF,HARF,Hypothesis,True,registry-exact-hypothesis:exact:02_mabniyat/preposition_meanings.json#34
46,2,3,مِنَ,من,الْكِتَابِ,اللَّهِ,HARF,HARF,HARF,Hypothesis,True,registry-exact-hypothesis:exact:02_mabniyat/preposition_meanings.json#32
46,3,1,مَا,ما,,خَلَقْنَا,HARF,ISM_MAWSOOL,ISM_MAWSOOL|ISM_MABNI|HARF,Hypothesis,True,registry-exact-hypothesis:exact:02_mabniyat/relative_pronouns.json#13
46,3,7,إِلَّا,إلا,بَيْنَهُمَا,بِالْحَقِّ,HARF,HARF,,Certificate,False,MASAQ:106
46,4,3,مَا,ما,أَرَأَيْتُمْ,تَدْعُونَ,ISM_MAWSOOL,ISM_MAWSOOL,ISM_MAWSOOL|ISM_MABNI|HARF,Hypothesis,True,registry-exact-hypothesis:exact:02_mabniyat/relative_pronouns.json#13
46,4,5,مِنْ,من,تَدْعُونَ,دُونِ,HARF,HARF,HARF,Hypothesis,True,registry-exact-hypothesis:exact:02_mabniyat/preposition_meanings.json#34
46,4,6,دُونِ,دون,مِنْ,اللَّهِ,ISM_MUARAB,ISM_MUARAB,,Certificate,False,MASAQ:310
46,4,11,مِنَ,من,خَلَقُوا,الْأَرْضِ,HARF,HARF,HARF,Hypothesis,True,registry-exact-hypothesis:exact:02_mabniyat/preposition_meanings.json#32
46,4,20,مِنْ,من,بِكِتَابٍ,قَبْلِ,HARF,HARF,HARF,Hypothesis,True,registry-exact-hypothesis:exact:02_mabniyat/preposition_meanings.json#34
46,4,25,مِنْ,من,أَثَارَةٍ,عِلْمٍ,HARF,HARF,HARF,Hypothesis,True,registry-exact-hypothesis:exact:02_mabniyat/preposition_meanings.json#34
46,4,27,إِنْ,إن,عِلْمٍ,كُنْتُمْ,HARF,HARF,HARF,Certificate,False,registry:exact:02_mabniyat/conditional_letters_tools.json#1
46,5,5,مِنْ,من,يَدْعُو,دُونِ,HARF,HARF,HARF,Hypothesis,True,registry-exact-hypothesis:exact:02_mabniyat/preposition_meanings.json#34
46,5,6,دُونِ,دون,مِنْ,اللَّهِ,ISM_MUARAB,ISM_MUARAB,,Certificate,False,MASAQ:310
46,5,8,مَنْ,من,اللَّهِ,لَا,ISM_MAWSOOL,ISM_MAWSOOL,ISM_MAWSOOL|ISM_MABNI|HARF,Hypothesis,True,registry-exact-hypothesis:exact:02_mabniyat/relative_pronouns.json#3
46,8,5,إِنِ,إن,قُلْ,افْتَرَيْتُهُ,HARF,HARF,HARF,Certificate,False,registry:plain:02_mabniyat/conditional_letters_tools.json#1
46,8,10,مِنَ,من,لِي,اللَّهِ,HARF,HARF,HARF,Hypothesis,True,registry-exact-hypothesis:exact:02_mabniyat/preposition_meanings.json#32
46,8,15,بِمَا,بما,أَعْلَمُ,تُفِيضُونَ,ISM_MAWSOOL,ISM_MAWSOOL,ISM_MAWSOOL|ISM_MABNI|HARF,Certificate,True,MASAQ:48
46,9,2,مَا,ما,قُلْ,كُنْتُ,HARF,ISM_MAWSOOL,ISM_MAWSOOL|ISM_MABNI|HARF,Hypothesis,True,registry-exact-hypothesis:exact:02_mabniyat/relative_pronouns.json#13
46,9,5,مِنَ,من,بِدْعَاً,الرُّسُلِ,HARF,HARF,HARF,Hypothesis,True,registry-exact-hypothesis:exact:02_mabniyat/preposition_meanings.json#32
46,9,14,إِنْ,إن,بِكُمْ,أَتَّبِعُ,HARF,HARF,HARF,Certificate,False,registry:exact:02_mabniyat/conditional_letters_tools.json#1
46,9,16,إِلَّا,إلا,أَتَّبِعُ,مَا,HARF,HARF,,Certificate,False,MASAQ:106
46,9,17,مَا,ما,إِلَّا,يُوحَى,ISM_MAWSOOL,ISM_MAWSOOL,ISM_MAWSOOL|ISM_MABNI|HARF,Hypothesis,True,registry-exact-hypothesis:exact:02_mabniyat/relative_pronouns.json#13
46,9,22,إِلَّا,إلا,أَنَا,نَذِيرٌ,HARF,HARF,,Certificate,False,MASAQ:106
46,10,3,إِنْ,إن,أَرَأَيْتُمْ,كَانَ,HARF,HARF,HARF,Certificate,False,registry:exact:02_mabniyat/conditional_letters_tools.json#1
46,10,5,مِنْ,من,كَانَ,عِنْدِ,HARF,HARF,HARF,Hypothesis,True,registry-exact-hypothesis:exact:02_mabniyat/preposition_meanings.json#34
46,10,12,مِنْ,من,شَاهِدٌ,بَنِي,HARF,HARF,HARF,Hypothesis,True,registry-exact-hypothesis:exact:02_mabniyat/preposition_meanings.json#34
46,10,19,إِنَّ,إن,وَاسْتَكْبَرْتُمْ,اللَّهَ,HARF,HARF,HARF,Certificate,False,registry:exact:02_mabniyat/letters_answers.json#4
46,11,9,مَا,ما,خَيْرَاً,سَبَقُونَا,HARF,ISM_MAWSOOL,ISM_MAWSOOL|ISM_MABNI|HARF,Hypothesis,True,registry-exact-hypothesis:exact:02_mabniyat/relative_pronouns.json#13
46,13,1,إِنَّ,إن,,الَّذِينَ,HARF,HARF,HARF,Certificate,False,registry:exact:02_mabniyat/letters_answers.json#4
46,14,7,بِمَا,بما,جَزَاءً,كَانُوا,ISM_MAWSOOL,ISM_MAWSOOL,ISM_MAWSOOL|ISM_MABNI|HARF,Certificate,True,MASAQ:48
46,15,14,حَتَّى,حتى,شَهْرَاً,إِذَا,HARF,HARF,HARF,Certificate,False,registry:exact:02_mabniyat/preposition_meanings.json#48
46,15,24,أَنْ,أن,أَوْزِعْنِي,أَشْكُرَ,HARF,HARF,HARF,Certificate,False,registry:plain:02_mabniyat/present_naseb_tools.json#1
46,15,44,مِنَ,من,وَإِنِّي,الْمُسْلِمِينَ,HARF,HARF,HARF,Hypothesis,True,registry-exact-hypothesis:exact:02_mabniyat/preposition_meanings.json#32
46,16,6,مَا,ما,أَحْسَنَ,عَمِلُوا,ISM_MAWSOOL,ISM_MAWSOOL,ISM_MAWSOOL|ISM_MABNI|HARF,Hypothesis,True,registry-exact-hypothesis:exact:02_mabniyat/relative_pronouns.json#13
46,17,7,أَنْ,أن,أَتَعِدَانِنِي,أُخْرَجَ,HARF,HARF,HARF,Certificate,False,registry:plain:02_mabniyat/present_naseb_tools.json#1
46,17,12,مِنْ,من,الْقُرُونُ,قَبْلِي,HARF,HARF,HARF,Hypothesis,True,registry-exact-hypothesis:exact:02_mabniyat/preposition_meanings.json#34
46,17,19,إِنَّ,إن,آمِنْ,وَعْدَ,HARF,HARF,HARF,Certificate,False,registry:exact:02_mabniyat/letters_answers.json#4
46,17,24,مَا,ما,فَيَقُولُ,هَذَا,HARF,ISM_MAWSOOL,ISM_MAWSOOL|ISM_MABNI|HARF,Hypothesis,True,registry-exact-hypothesis:exact:02_mabniyat/relative_pronouns.json#13
46,17,26,إِلَّا,إلا,هَذَا,أَسَاطِيرُ,HARF,HARF,,Certificate,False,MASAQ:106
46,18,10,مِنْ,من,خَلَتْ,قَبْلِهِمْ,HARF,HARF,HARF,Hypothesis,True,registry-exact-hypothesis:exact:02_mabniyat/preposition_meanings.json#34
46,18,12,مِنَ,من,قَبْلِهِمْ,الْجِنِّ,HARF,HARF,HARF,Hypothesis,True,registry-exact-hypothesis:exact:02_mabniyat/preposition_meanings.json#32
46,20,18,بِمَا,بما,الْهُونِ,كُنْتُمْ,ISM_MAWSOOL,ISM_MAWSOOL,ISM_MAWSOOL|ISM_MABNI|HARF,Certificate,True,MASAQ:48
46,21,11,مِنْ,من,النُّذُرُ,بَيْنِ,HARF,HARF,HARF,Hypothesis,True,registry-exact-hypothesis:exact:02_mabniyat/preposition_meanings.json#34
46,21,18,إِلَّا,إلا,تَعْبُدُوا,اللَّهَ,HARF,HARF,,Certificate,False,MASAQ:106
46,22,7,بِمَا,بما,فَأْتِنَا,تَعِدُنَا,ISM_MAWSOOL,ISM_MAWSOOL,ISM_MAWSOOL|ISM_MABNI|HARF,Certificate,True,MASAQ:48
46,22,9,إِنْ,إن,تَعِدُنَا,كُنْتَ,HARF,HARF,HARF,Certificate,False,registry:exact:02_mabniyat/conditional_letters_tools.json#1
46,22,11,مِنَ,من,كُنْتَ,الصَّادِقِينَ,HARF,HARF,HARF,Hypothesis,True,registry-exact-hypothesis:exact:02_mabniyat/preposition_meanings.json#32
46,23,7,مَا,ما,وَأُبَلِّغُكُمْ,أُرْسِلْتُ,ISM_MAWSOOL,ISM_MAWSOOL,ISM_MAWSOOL|ISM_MABNI|HARF,Hypothesis,True,registry-exact-hypothesis:exact:02_mabniyat/relative_pronouns.json#13
46,24,12,مَا,ما,هُوَ,اسْتَعْجَلْتُمْ,ISM_MAWSOOL,ISM_MAWSOOL,ISM_MAWSOOL|ISM_MABNI|HARF,Hypothesis,True,registry-exact-hypothesis:exact:02_mabniyat/relative_pronouns.json#13
46,25,9,إِلَّا,إلا,يُرَى,مَسَاكِنُهُمْ,HARF,HARF,,Certificate,False,MASAQ:106
46,26,4,إِنْ,إن,فِيمَا,مَكَّنَّاكُمْ,HARF,HARF,HARF,Certificate,False,registry:exact:02_mabniyat/conditional_letters_tools.json#1
46,26,20,مِنْ,من,أَفْئِدَتُهُمْ,شَيْءٍ,HARF,HARF,HARF,Hypothesis,True,registry-exact-hypothesis:exact:02_mabniyat/preposition_meanings.json#34
46,26,29,مَا,ما,بِهِمْ,كَانُوا,ISM_MAWSOOL,ISM_MAWSOOL,ISM_MAWSOOL|ISM_MABNI|HARF,Hypothesis,True,registry-exact-hypothesis:exact:02_mabniyat/relative_pronouns.json#13
46,27,3,مَا,ما,أَهْلَكْنَا,حَوْلَكُمْ,ISM_MAWSOOL,ISM_MAWSOOL,ISM_MAWSOOL|ISM_MABNI|HARF,Hypothesis,True,registry-exact-hypothesis:exact:02_mabniyat/relative_pronouns.json#13
46,27,5,مِنَ,من,حَوْلَكُمْ,الْقُرَى,HARF,HARF,HARF,Hypothesis,True,registry-exact-hypothesis:exact:02_mabniyat/preposition_meanings.json#32
46,28,5,مِنْ,من,اتَّخَذُوا,دُونِ,HARF,HARF,HARF,Hypothesis,True,registry-exact-hypothesis:exact:02_mabniyat/preposition_meanings.json#34
46,28,6,دُونِ,دون,مِنْ,اللَّهِ,ISM_MUARAB,ISM_MUARAB,,Certificate,False,MASAQ:310
46,29,5,مِنَ,من,نَفَرَاً,الْجِنِّ,HARF,HARF,HARF,Hypothesis,True,registry-exact-hypothesis:exact:02_mabniyat/preposition_meanings.json#32
46,30,7,مِنْ,من,أُنْزِلَ,بَعْدِ,HARF,HARF,HARF,Hypothesis,True,registry-exact-hypothesis:exact:02_mabniyat/preposition_meanings.json#34
46,31,9,مِنْ,من,لَكُمْ,ذُنُوبِكُمْ,HARF,HARF,HARF,Hypothesis,True,registry-exact-hypothesis:exact:02_mabniyat/preposition_meanings.json#34
46,31,12,مِنْ,من,وَيُجِرْكُمْ,عَذَابٍ,HARF,HARF,HARF,Hypothesis,True,registry-exact-hypothesis:exact:02_mabniyat/preposition_meanings.json#34
46,32,12,مِنْ,من,لَهُ,دُونِهِ,HARF,HARF,HARF,Hypothesis,True,registry-exact-hypothesis:exact:02_mabniyat/preposition_meanings.json#34
46,33,3,أَنَّ,أن,يَرَوْا,اللَّهَ,HARF,HARF,HARF,Certificate,False,registry:exact:02_mabniyat/copulative_particle.json#2
46,33,14,أَنْ,أن,عَلَى,يُحْيِيَ,HARF,HARF,HARF,Certificate,False,registry:plain:02_mabniyat/present_naseb_tools.json#1
46,34,16,بِمَا,بما,الْعَذَابَ,كُنْتُمْ,ISM_MAWSOOL,ISM_MAWSOOL,ISM_MAWSOOL|ISM_MABNI|HARF,Certificate,True,MASAQ:48
46,35,6,مِنَ,من,الْعَزْمِ,الرُّسُلِ,HARF,HARF,HARF,Hypothesis,True,registry-exact-hypothesis:exact:02_mabniyat/preposition_meanings.json#32
46,35,14,مَا,ما,يَرَوْنَ,يُوعَدُونَ,ISM_MAWSOOL,ISM_MAWSOOL,ISM_MAWSOOL|ISM_MABNI|HARF,Hypothesis,True,registry-exact-hypothesis:exact:02_mabniyat/relative_pronouns.json#13
46,35,18,إِلَّا,إلا,يَلْبَثُوا,سَاعَةً,HARF,HARF,,Certificate,False,MASAQ:106
46,35,20,مِنْ,من,سَاعَةً,نَهَارٍ,HARF,HARF,HARF,Hypothesis,True,registry-exact-hypothesis:exact:02_mabniyat/preposition_meanings.json#34
46,35,25,إِلَّا,إلا,يُهْلَكُ,الْقَوْمُ,HARF,HARF,,Certificate,False,MASAQ:106
47,2,6,بِمَا,بما,وَآمَنُوا,نُزِّلَ,ISM_MAWSOOL,ISM_MAWSOOL,ISM_MAWSOOL|ISM_MABNI|HARF,Certificate,True,MASAQ:48
47,2,12,مِنْ,من,الْحَقُّ,رَبِّهِمْ,HARF,HARF,HARF,Hypothesis,True,registry-exact-hypothesis:exact:02_mabniyat/preposition_meanings.json#34
47,3,12,مِنْ,من,الْحَقَّ,رَبِّهِمْ,HARF,HARF,HARF,Hypothesis,True,registry-exact-hypothesis:exact:02_mabniyat/preposition_meanings.json#34
47,4,7,حَتَّى,حتى,الرِّقَابِ,إِذَا,HARF,HARF,HARF,Certificate,False,registry:exact:02_mabniyat/preposition_meanings.json#48
47,4,17,حَتَّى,حتى,فِدَاءً,تَضَعَ,HARF,HARF,HARF,Certificate,False,registry:exact:02_mabniyat/preposition_meanings.json#48
47,7,4,إِنْ,إن,آمَنُوا,تَنْصُرُوا,HARF,HARF,HARF,Certificate,False,registry:exact:02_mabniyat/conditional_letters_tools.json#1
47,9,4,مَا,ما,كَرِهُوا,أَنْزَلَ,ISM_MAWSOOL,ISM_MAWSOOL,ISM_MAWSOOL|ISM_MABNI|HARF,Hypothesis,True,registry-exact-hypothesis:exact:02_mabniyat/relative_pronouns.json#13
47,10,10,مِنْ,من,الَّذِينَ,قَبْلِهِمْ,HARF,HARF,HARF,Hypothesis,True,registry-exact-hypothesis:exact:02_mabniyat/preposition_meanings.json#34
47,12,1,إِنَّ,إن,,اللَّهَ,HARF,HARF,HARF,Certificate,False,registry:exact:02_mabniyat/letters_answers.json#4
47,12,10,مِنْ,من,تَجْرِي,تَحْتِهَا,HARF,HARF,HARF,Hypothesis,True,registry-exact-hypothesis:exact:02_mabniyat/preposition_meanings.json#34
47,13,2,مِنْ,من,وَكَأَيِّنْ,قَرْيَةٍ,HARF,HARF,HARF,Hypothesis,True,registry-exact-hypothesis:exact:02_mabniyat/preposition_meanings.json#34
47,13,7,مِنْ,من,قُوَّةً,قَرْيَتِكَ,HARF,HARF,HARF,Hypothesis,True,registry-exact-hypothesis:exact:02_mabniyat/preposition_meanings.json#34
47,14,5,مِنْ,من,بَيِّنَةٍ,رَبِّهِ,HARF,HARF,HARF,Hypothesis,True,registry-exact-hypothesis:exact:02_mabniyat/preposition_meanings.json#34
47,15,8,مِنْ,من,أَنْهَارٌ,مَاءٍ,HARF,HARF,HARF,Hypothesis,True,registry-exact-hypothesis:exact:02_mabniyat/preposition_meanings.json#34
47,15,10,غَيْرِ,غير,مَاءٍ,آسِنٍ,ISM_MUARAB,ISM_MUARAB,,Certificate,False,MASAQ:25
47,15,13,مِنْ,من,وَأَنْهَارٌ,لَبَنٍ,HARF,HARF,HARF,Hypothesis,True,registry-exact-hypothesis:exact:02_mabniyat/preposition_meanings.json#34
47,15,19,مِنْ,من,وَأَنْهَارٌ,خَمْرٍ,HARF,HARF,HARF,Hypothesis,True,registry-exact-hypothesis:exact:02_mabniyat/preposition_meanings.json#34
47,15,24,مِنْ,من,وَأَنْهَارٌ,عَسَلٍ,HARF,HARF,HARF,Hypothesis,True,registry-exact-hypothesis:exact:02_mabniyat/preposition_meanings.json#34
47,15,29,مِنْ,من,فِيهَا,كُلِّ,HARF,HARF,HARF,Hypothesis,True,registry-exact-hypothesis:exact:02_mabniyat/preposition_meanings.json#34
47,15,33,مِنْ,من,وَمَغْفِرَةٌ,رَبِّهِمْ,HARF,HARF,HARF,Hypothesis,True,registry-exact-hypothesis:exact:02_mabniyat/preposition_meanings.json#34
47,16,2,مَنْ,من,وَمِنْهُمْ,يَسْتَمِعُ,ISM_MAWSOOL,ISM_MAWSOOL,ISM_MAWSOOL|ISM_MABNI|HARF,Hypothesis,True,registry-exact-hypothesis:exact:02_mabniyat/relative_pronouns.json#3
47,16,5,حَتَّى,حتى,إِلَيْكَ,إِذَا,HARF,HARF,HARF,Certificate,False,registry:exact:02_mabniyat/preposition_meanings.json#48
47,16,8,مِنْ,من,خَرَجُوا,عِنْدِكَ,HARF,HARF,HARF,Hypothesis,True,registry-exact-hypothesis:exact:02_mabniyat/preposition_meanings.json#34
47,18,3,إِلَّا,إلا,يَنْظُرُونَ,السَّاعَةَ,HARF,HARF,,Certificate,False,MASAQ:106
47,18,5,أَنْ,أن,السَّاعَةَ,تَأْتِيَهُمْ,HARF,HARF,HARF,Certificate,False,registry:plain:02_mabniyat/present_naseb_tools.json#1
47,19,5,إِلَّا,إلا,إِلَهَ,اللَّهُ,HARF,HARF,,Certificate,False,MASAQ:106
47,20,24,مِنَ,من,عَلَيْهِ,الْمَوْتِ,HARF,HARF,HARF,Hypothesis,True,registry-exact-hypothesis:exact:02_mabniyat/preposition_meanings.json#32
47,22,3,إِنْ,إن,عَسَيْتُمْ,تَوَلَّيْتُمْ,HARF,HARF,HARF,Certificate,False,registry:exact:02_mabniyat/conditional_letters_tools.json#1
47,22,5,أَنْ,أن,تَوَلَّيْتُمْ,تُفْسِدُوا,HARF,HARF,HARF,Certificate,False,registry:plain:02_mabniyat/present_naseb_tools.json#1
47,25,1,إِنَّ,إن,,الَّذِينَ,HARF,HARF,HARF,Certificate,False,registry:exact:02_mabniyat/letters_answers.json#4
47,25,6,مِنْ,من,أَدْبَارِهِمْ,بَعْدِ,HARF,HARF,HARF,Hypothesis,True,registry-exact-hypothesis:exact:02_mabniyat/preposition_meanings.json#34
47,25,8,مَا,ما,بَعْدِ,تَبَيَّنَ,ISM_MAWSOOL,ISM_MAWSOOL,ISM_MAWSOOL|ISM_MABNI|HARF,Hypothesis,True,registry-exact-hypothesis:exact:02_mabniyat/relative_pronouns.json#13
47,26,6,مَا,ما,كَرِهُوا,نَزَّلَ,ISM_MAWSOOL,ISM_MAWSOOL,ISM_MAWSOOL|ISM_MABNI|HARF,Hypothesis,True,registry-exact-hypothesis:exact:02_mabniyat/relative_pronouns.json#13
47,28,4,مَا,ما,اتَّبَعُوا,أَسْخَطَ,ISM_MAWSOOL,ISM_MAWSOOL,ISM_MAWSOOL|ISM_MABNI|HARF,Hypothesis,True,registry-exact-hypothesis:exact:02_mabniyat/relative_pronouns.json#13
47,29,7,أَنْ,أن,مَرَضٌ,لَنْ,HARF,HARF,HARF,Certificate,False,registry:plain:02_mabniyat/present_naseb_tools.json#1
47,31,2,حَتَّى,حتى,وَلَنَبْلُوَنَّكُمْ,نَعْلَمَ,HARF,HARF,HARF,Certificate,False,registry:exact:02_mabniyat/preposition_meanings.json#48
47,32,1,إِنَّ,إن,,الَّذِينَ,HARF,HARF,HARF,Certificate,False,registry:exact:02_mabniyat/letters_answers.json#4
47,32,10,مِنْ,من,الرَّسُولَ,بَعْدِ,HARF,HARF,HARF,Hypothesis,True,registry-exact-hypothesis:exact:02_mabniyat/preposition_meanings.json#34
47,32,12,مَا,ما,بَعْدِ,تَبَيَّنَ,ISM_MAWSOOL,ISM_MAWSOOL,ISM_MAWSOOL|ISM_MABNI|HARF,Hypothesis,True,registry-exact-hypothesis:exact:02_mabniyat/relative_pronouns.json#13
47,34,1,إِنَّ,إن,,الَّذِينَ,HARF,HARF,HARF,Certificate,False,registry:exact:02_mabniyat/letters_answers.json#4
47,37,1,إِنْ,إن,,يَسْأَلْكُمُوهَا,HARF,HARF,HARF,Certificate,False,registry:exact:02_mabniyat/conditional_letters_tools.json#1
47,38,9,مَنْ,من,فَمِنْكُمْ,يَبْخَلُ,ISM_MAWSOOL,ISM_MAWSOOL,ISM_MAWSOOL|ISM_MABNI|HARF,Hypothesis,True,registry-exact-hypothesis:exact:02_mabniyat/relative_pronouns.json#3
48,2,4,مَا,ما,اللَّهُ,تَقَدَّمَ,ISM_MAWSOOL,ISM_MAWSOOL,ISM_MAWSOOL|ISM_MABNI|HARF,Hypothesis,True,registry-exact-hypothesis:exact:02_mabniyat/relative_pronouns.json#13
48,2,6,مِنْ,من,تَقَدَّمَ,ذَنْبِكَ,HARF,HARF,HARF,Hypothesis,True,registry-exact-hypothesis:exact:02_mabniyat/preposition_meanings.json#34
48,5,6,مِنْ,من,تَجْرِي,تَحْتِهَا,HARF,HARF,HARF,Hypothesis,True,registry-exact-hypothesis:exact:02_mabniyat/preposition_meanings.json#34
48,10,1,إِنَّ,إن,,الَّذِينَ,HARF,HARF,HARF,Certificate,False,registry:exact:02_mabniyat/letters_answers.json#4
48,10,19,بِمَا,بما,أَوْفَى,عَاهَدَ,ISM_MAWSOOL,ISM_MAWSOOL,ISM_MAWSOOL|ISM_MABNI|HARF,Certificate,True,MASAQ:48
48,11,4,مِنَ,من,الْمُخَلَّفُونَ,الْأَعْرَابِ,HARF,HARF,HARF,Hypothesis,True,registry-exact-hypothesis:exact:02_mabniyat/preposition_meanings.json#32
48,11,13,مَا,ما,بِأَلْسِنَتِهِمْ,لَيْسَ,ISM_MAWSOOL,ISM_MAWSOOL,ISM_MAWSOOL|ISM_MABNI|HARF,Hypothesis,True,registry-exact-hypothesis:exact:02_mabniyat/relative_pronouns.json#13
48,11,21,مِنَ,من,لَكُمْ,اللَّهِ,HARF,HARF,HARF,Hypothesis,True,registry-exact-hypothesis:exact:02_mabniyat/preposition_meanings.json#32
48,11,24,إِنْ,إن,شَيْئَاً,أَرَادَ,HARF,HARF,HARF,Certificate,False,registry:exact:02_mabniyat/conditional_letters_tools.json#1
48,11,35,بِمَا,بما,اللَّهُ,تَعْمَلُونَ,ISM_MAWSOOL,ISM_MAWSOOL,ISM_MAWSOOL|ISM_MABNI|HARF,Certificate,True,MASAQ:48
48,12,3,أَنْ,أن,ظَنَنْتُمْ,لَنْ,HARF,HARF,HARF,Certificate,False,registry:plain:02_mabniyat/present_naseb_tools.json#1
48,14,9,مَنْ,من,وَيُعَذِّبُ,يَشَاءُ,ISM_MAWSOOL,ISM_MAWSOOL,ISM_MAWSOOL|ISM_MABNI|HARF,Hypothesis,True,registry-exact-hypothesis:exact:02_mabniyat/relative_pronouns.json#3
48,15,11,أَنْ,أن,يُرِيدُونَ,يُبَدِّلُوا,HARF,HARF,HARF,Certificate,False,registry:plain:02_mabniyat/present_naseb_tools.json#1
48,15,21,مِنْ,من,اللَّهُ,قَبْلُ,HARF,HARF,HARF,Hypothesis,True,registry-exact-hypothesis:exact:02_mabniyat/preposition_meanings.json#34
48,15,30,إِلَّا,إلا,يَفْقَهُونَ,قَلِيلَاً,HARF,HARF,,Certificate,False,MASAQ:106
48,16,3,مِنَ,من,لِلْمُخَلَّفِينَ,الْأَعْرَابِ,HARF,HARF,HARF,Hypothesis,True,registry-exact-hypothesis:exact:02_mabniyat/preposition_meanings.json#32
48,16,24,مِنْ,من,تَوَلَّيْتُمْ,قَبْلُ,HARF,HARF,HARF,Hypothesis,True,registry-exact-hypothesis:exact:02_mabniyat/preposition_meanings.json#34
48,17,20,مِنْ,من,تَجْرِي,تَحْتِهَا,HARF,HARF,HARF,Hypothesis,True,registry-exact-hypothesis:exact:02_mabniyat/preposition_meanings.json#34
48,18,11,مَا,ما,فَعَلِمَ,فِي,ISM_MAWSOOL,ISM_MAWSOOL,ISM_MAWSOOL|ISM_MABNI|HARF,Hypothesis,True,registry-exact-hypothesis:exact:02_mabniyat/relative_pronouns.json#13
48,23,6,مِنْ,من,خَلَتْ,قَبْلُ,HARF,HARF,HARF,Hypothesis,True,registry-exact-hypothesis:exact:02_mabniyat/preposition_meanings.json#34
48,24,10,مِنْ,من,مَكَّةَ,بَعْدِ,HARF,HARF,HARF,Hypothesis,True,registry-exact-hypothesis:exact:02_mabniyat/preposition_meanings.json#34
48,24,12,أَنْ,أن,بَعْدِ,أَظْفَرَكُمْ,HARF,HARF,HARF,Certificate,False,registry:plain:02_mabniyat/present_naseb_tools.json#1
48,24,17,بِمَا,بما,اللَّهُ,تَعْمَلُونَ,ISM_MAWSOOL,ISM_MAWSOOL,ISM_MAWSOOL|ISM_MABNI|HARF,Certificate,True,MASAQ:48
48,25,10,أَنْ,أن,مَعْكُوفَاً,يَبْلُغَ,HARF,HARF,HARF,Certificate,False,registry:plain:02_mabniyat/present_naseb_tools.json#1
48,25,20,أَنْ,أن,تَعْلَمُوهُمْ,تَطَئُوهُمْ,HARF,HARF,HARF,Certificate,False,registry:plain:02_mabniyat/present_naseb_tools.json#1
48,25,31,مَنْ,من,رَحْمَتِهِ,يَشَاءُ,ISM_MAWSOOL,ISM_MAWSOOL,ISM_MAWSOOL|ISM_MABNI|HARF,Hypothesis,True,registry-exact-hypothesis:exact:02_mabniyat/relative_pronouns.json#3
48,27,10,إِنْ,إن,الْحَرَامَ,شَاءَ,HARF,HARF,HARF,Certificate,False,registry:exact:02_mabniyat/conditional_letters_tools.json#1
48,27,20,مَا,ما,فَعَلِمَ,لَمْ,ISM_MAWSOOL,ISM_MAWSOOL,ISM_MAWSOOL|ISM_MABNI|HARF,Hypothesis,True,registry-exact-hypothesis:exact:02_mabniyat/relative_pronouns.json#13
48,27,24,مِنْ,من,فَجَعَلَ,دُونِ,HARF,HARF,HARF,Hypothesis,True,registry-exact-hypothesis:exact:02_mabniyat/preposition_meanings.json#34
48,27,25,دُونِ,دون,مِنْ,ذَلِكَ,ISM_MUARAB,ISM_MUARAB,,Certificate,False,MASAQ:310
48,29,16,مِنَ,من,فَضْلَاً,اللَّهِ,HARF,HARF,HARF,Hypothesis,True,registry-exact-hypothesis:exact:02_mabniyat/preposition_meanings.json#32
48,29,22,مِنْ,من,وُجُوهِهِمْ,أَثَرِ,HARF,HARF,HARF,Hypothesis,True,registry-exact-hypothesis:exact:02_mabniyat/preposition_meanings.json#34
49,1,12,إِنَّ,إن,اللَّهَ,اللَّهَ,HARF,HARF,HARF,Certificate,False,registry:exact:02_mabniyat/letters_answers.json#4
49,2,17,أَنْ,أن,لِبَعْضٍ,تَحْبَطَ,HARF,HARF,HARF,Certificate,False,registry:plain:02_mabniyat/present_naseb_tools.json#1
49,3,1,إِنَّ,إن,,الَّذِينَ,HARF,HARF,HARF,Certificate,False,registry:exact:02_mabniyat/letters_answers.json#4
49,4,1,إِنَّ,إن,,الَّذِينَ,HARF,HARF,HARF,Certificate,False,registry:exact:02_mabniyat/letters_answers.json#4
49,4,4,مِنْ,من,يُنَادُونَكَ,وَرَاءِ,HARF,HARF,HARF,Hypothesis,True,registry-exact-hypothesis:exact:02_mabniyat/preposition_meanings.json#34
49,5,4,حَتَّى,حتى,صَبَرُوا,تَخْرُجَ,HARF,HARF,HARF,Certificate,False,registry:exact:02_mabniyat/preposition_meanings.json#48
49,6,4,إِنْ,إن,آمَنُوا,جَاءَكُمْ,HARF,HARF,HARF,Certificate,False,registry:exact:02_mabniyat/conditional_letters_tools.json#1
49,6,9,أَنْ,أن,فَتَبَيَّنُوا,تُصِيبُوا,HARF,HARF,HARF,Certificate,False,registry:plain:02_mabniyat/present_naseb_tools.json#1
49,6,15,مَا,ما,عَلَى,فَعَلْتُمْ,ISM_MAWSOOL,ISM_MAWSOOL,ISM_MAWSOOL|ISM_MABNI|HARF,Hypothesis,True,registry-exact-hypothesis:exact:02_mabniyat/relative_pronouns.json#13
49,7,2,أَنَّ,أن,وَاعْلَمُوا,فِيكُمْ,HARF,HARF,HARF,Certificate,False,registry:exact:02_mabniyat/copulative_particle.json#2
49,7,10,مِنَ,من,كَثِيرٍ,الْأَمْرِ,HARF,HARF,HARF,Hypothesis,True,registry-exact-hypothesis:exact:02_mabniyat/preposition_meanings.json#32
49,8,2,مِنَ,من,فَضْلَاً,اللَّهِ,HARF,HARF,HARF,Hypothesis,True,registry-exact-hypothesis:exact:02_mabniyat/preposition_meanings.json#32
49,9,3,مِنَ,من,طَائِفَتَانِ,الْمُؤْمِنِينَ,HARF,HARF,HARF,Hypothesis,True,registry-exact-hypothesis:exact:02_mabniyat/preposition_meanings.json#32
49,9,16,حَتَّى,حتى,تَبْغِي,تَفِيءَ,HARF,HARF,HARF,Certificate,False,registry:exact:02_mabniyat/preposition_meanings.json#48
49,9,27,إِنَّ,إن,وَأَقْسِطُوا,اللَّهَ,HARF,HARF,HARF,Certificate,False,registry:exact:02_mabniyat/letters_answers.json#4
49,11,7,مِنْ,من,قَوْمٌ,قَوْمٍ,HARF,HARF,HARF,Hypothesis,True,registry-exact-hypothesis:exact:02_mabniyat/preposition_meanings.json#34
49,11,10,أَنْ,أن,عَسَى,يَكُونُوا,HARF,HARF,HARF,Certificate,False,registry:plain:02_mabniyat/present_naseb_tools.json#1
49,11,16,مِنْ,من,نِسَاءٌ,نِسَاءٍ,HARF,HARF,HARF,Hypothesis,True,registry-exact-hypothesis:exact:02_mabniyat/preposition_meanings.json#34
49,11,19,أَنْ,أن,عَسَى,يَكُنَّ,HARF,HARF,HARF,Certificate,False,registry:plain:02_mabniyat/present_naseb_tools.json#1
49,12,6,مِنَ,من,كَثِيرَاً,الظَّنِّ,HARF,HARF,HARF,Hypothesis,True,registry-exact-hypothesis:exact:02_mabniyat/preposition_meanings.json#32
49,12,8,إِنَّ,إن,الظَّنِّ,بَعْضَ,HARF,HARF,HARF,Certificate,False,registry:exact:02_mabniyat/letters_answers.json#4
49,12,20,أَنْ,أن,أَحَدُكُمْ,يَأْكُلَ,HARF,HARF,HARF,Certificate,False,registry:plain:02_mabniyat/present_naseb_tools.json#1
49,12,28,إِنَّ,إن,اللَّهَ,اللَّهَ,HARF,HARF,HARF,Certificate,False,registry:exact:02_mabniyat/letters_answers.json#4
49,13,5,مِنْ,من,خَلَقْنَاكُمْ,ذَكَرٍ,HARF,HARF,HARF,Hypothesis,True,registry-exact-hypothesis:exact:02_mabniyat/preposition_meanings.json#34
49,13,12,إِنَّ,إن,لِتَعَارَفُوا,أَكْرَمَكُمْ,HARF,HARF,HARF,Certificate,False,registry:exact:02_mabniyat/letters_answers.json#4
49,13,17,إِنَّ,إن,أَتْقَاكُمْ,اللَّهَ,HARF,HARF,HARF,Certificate,False,registry:exact:02_mabniyat/letters_answers.json#4
49,14,21,مِنْ,من,يَلِتْكُمْ,أَعْمَالِكُمْ,HARF,HARF,HARF,Hypothesis,True,registry-exact-hypothesis:exact:02_mabniyat/preposition_meanings.json#34
49,14,24,إِنَّ,إن,شَيْئَاً,اللَّهَ,HARF,HARF,HARF,Certificate,False,registry:exact:02_mabniyat/letters_answers.json#4
49,16,7,مَا,ما,يَعْلَمُ,فِي,ISM_MAWSOOL,ISM_MAWSOOL,ISM_MAWSOOL|ISM_MABNI|HARF,Hypothesis,True,registry-exact-hypothesis:exact:02_mabniyat/relative_pronouns.json#13
49,17,3,أَنْ,أن,عَلَيْكَ,أَسْلَمُوا,HARF,HARF,HARF,Certificate,False,registry:plain:02_mabniyat/present_naseb_tools.json#1
49,17,14,أَنْ,أن,عَلَيْكُمْ,هَدَاكُمْ,HARF,HARF,HARF,Certificate,False,registry:plain:02_mabniyat/present_naseb_tools.json#1
49,17,17,إِنْ,إن,لِلْإِيمَانِ,كُنْتُمْ,HARF,HARF,HARF,Certificate,False,registry:exact:02_mabniyat/conditional_letters_tools.json#1
49,18,1,إِنَّ,إن,,اللَّهَ,HARF,HARF,HARF,Certificate,False,registry:exact:02_mabniyat/letters_answers.json#4
49,18,9,بِمَا,بما,بَصِيرٌ,تَعْمَلُونَ,ISM_MAWSOOL,ISM_MAWSOOL,ISM_MAWSOOL|ISM_MABNI|HARF,Certificate,True,MASAQ:48
50,2,3,أَنْ,أن,عَجِبُوا,جَاءَهُمْ,HARF,HARF,HARF,Certificate,False,registry:plain:02_mabniyat/present_naseb_tools.json#1
50,4,3,مَا,ما,عَلِمْنَا,تَنْقُصُ,ISM_MAWSOOL,ISM_MAWSOOL,ISM_MAWSOOL|ISM_MABNI|HARF,Hypothesis,True,registry-exact-hypothesis:exact:02_mabniyat/relative_pronouns.json#13
50,6,11,مِنْ,من,لَهَا,فُرُوجٍ,HARF,HARF,HARF,Hypothesis,True,registry-exact-hypothesis:exact:02_mabniyat/preposition_meanings.json#34
50,7,8,مِنْ,من,فِيهَا,كُلِّ,HARF,HARF,HARF,Hypothesis,True,registry-exact-hypothesis:exact:02_mabniyat/preposition_meanings.json#34
50,9,2,مِنَ,من,وَنَزَّلْنَا,السَّمَاءِ,HARF,HARF,HARF,Hypothesis,True,registry-exact-hypothesis:exact:02_mabniyat/preposition_meanings.json#32
50,15,8,مِنْ,من,لَبْسٍ,خَلْقٍ,HARF,HARF,HARF,Hypothesis,True,registry-exact-hypothesis:exact:02_mabniyat/preposition_meanings.json#34
50,16,5,مَا,ما,وَنَعْلَمُ,تُوَسْوِسُ,ISM_MAWSOOL,ISM_MAWSOOL,ISM_MAWSOOL|ISM_MABNI|HARF,Hypothesis,True,registry-exact-hypothesis:exact:02_mabniyat/relative_pronouns.json#13
50,16,12,مِنْ,من,إِلَيْهِ,حَبْلِ,HARF,HARF,HARF,Hypothesis,True,registry-exact-hypothesis:exact:02_mabniyat/preposition_meanings.json#34
50,18,1,مَا,ما,,يَلْفِظُ,HARF,ISM_MAWSOOL,ISM_MAWSOOL|ISM_MABNI|HARF,Hypothesis,True,registry-exact-hypothesis:exact:02_mabniyat/relative_pronouns.json#13
50,18,3,مِنْ,من,يَلْفِظُ,قَوْلٍ,HARF,HARF,HARF,Hypothesis,True,registry-exact-hypothesis:exact:02_mabniyat/preposition_meanings.json#34
50,18,5,إِلَّا,إلا,قَوْلٍ,لَدَيْهِ,HARF,HARF,,Certificate,False,MASAQ:106
50,19,6,مَا,ما,ذَلِكَ,كُنْتَ,ISM_MAWSOOL,ISM_MAWSOOL,ISM_MAWSOOL|ISM_MABNI|HARF,Hypothesis,True,registry-exact-hypothesis:exact:02_mabniyat/relative_pronouns.json#13
50,22,5,مِنْ,من,غَفْلَةٍ,هَذَا,HARF,HARF,HARF,Hypothesis,True,registry-exact-hypothesis:exact:02_mabniyat/preposition_meanings.json#34
50,23,4,مَا,ما,هَذَا,لَدَيَّ,ISM_MAWSOOL,ISM_MAWSOOL,ISM_MAWSOOL|ISM_MABNI|HARF,Hypothesis,True,registry-exact-hypothesis:exact:02_mabniyat/relative_pronouns.json#13
50,27,4,مَا,ما,رَبَّنَا,أَطْغَيْتُهُ,HARF,ISM_MAWSOOL,ISM_MAWSOOL|ISM_MABNI|HARF,Hypothesis,True,registry-exact-hypothesis:exact:02_mabniyat/relative_pronouns.json#13
50,29,1,مَا,ما,,يُبَدَّلُ,HARF,ISM_MAWSOOL,ISM_MAWSOOL|ISM_MABNI|HARF,Hypothesis,True,registry-exact-hypothesis:exact:02_mabniyat/relative_pronouns.json#13
50,30,8,مِنْ,من,هَلْ,مَزِيدٍ,HARF,HARF,HARF,Hypothesis,True,registry-exact-hypothesis:exact:02_mabniyat/preposition_meanings.json#34
50,31,4,غَيْرَ,غير,لِلْمُتَّقِينَ,بَعِيدٍ,ISM_MUARAB,ISM_MUARAB,,Certificate,False,MASAQ:870
50,32,2,مَا,ما,هَذَا,تُوعَدُونَ,ISM_MAWSOOL,ISM_MAWSOOL,ISM_MAWSOOL|ISM_MABNI|HARF,Hypothesis,True,registry-exact-hypothesis:exact:02_mabniyat/relative_pronouns.json#13
50,33,1,مَنْ,من,,خَشِيَ,ISM_MAWSOOL,ISM_MAWSOOL,ISM_MAWSOOL|ISM_MABNI|HARF,Hypothesis,True,registry-exact-hypothesis:exact:02_mabniyat/relative_pronouns.json#3
50,35,2,مَا,ما,لَهُمْ,يَشَاءُونَ,ISM_MAWSOOL,ISM_MAWSOOL,ISM_MAWSOOL|ISM_MABNI|HARF,Hypothesis,True,registry-exact-hypothesis:exact:02_mabniyat/relative_pronouns.json#13
50,36,4,مِنْ,من,قَبْلَهُمْ,قَرْنٍ,HARF,HARF,HARF,Hypothesis,True,registry-exact-hypothesis:exact:02_mabniyat/preposition_meanings.json#34
50,36,14,مِنْ,من,هَلْ,مَحِيصٍ,HARF,HARF,HARF,Hypothesis,True,registry-exact-hypothesis:exact:02_mabniyat/preposition_meanings.json#34
50,37,1,إِنَّ,إن,,فِي,HARF,HARF,HARF,Certificate,False,registry:exact:02_mabniyat/letters_answers.json#4
50,38,12,مِنْ,من,مَسَّنَا,لُغُوبٍ,HARF,HARF,HARF,Hypothesis,True,registry-exact-hypothesis:exact:02_mabniyat/preposition_meanings.json#34
50,39,3,مَا,ما,عَلَى,يَقُولُونَ,ISM_MAWSOOL,ISM_MAWSOOL,ISM_MAWSOOL|ISM_MABNI|HARF,Hypothesis,True,registry-exact-hypothesis:exact:02_mabniyat/relative_pronouns.json#13
50,41,5,مِنْ,من,الْمُنَادِ,مَكَانٍ,HARF,HARF,HARF,Hypothesis,True,registry-exact-hypothesis:exact:02_mabniyat/preposition_meanings.json#34
50,45,3,بِمَا,بما,أَعْلَمُ,يَقُولُونَ,ISM_MAWSOOL,ISM_MAWSOOL,ISM_MAWSOOL|ISM_MABNI|HARF,Certificate,True,MASAQ:48
50,45,11,مَنْ,من,بِالْقُرْآنِ,يَخَافُ,ISM_MAWSOOL,ISM_MAWSOOL,ISM_MAWSOOL|ISM_MABNI|HARF,Hypothesis,True,registry-exact-hypothesis:exact:02_mabniyat/relative_pronouns.json#3
51,9,3,مَنْ,من,عَنْهُ,أُفِكَ,ISM_MAWSOOL,ISM_MAWSOOL,ISM_MAWSOOL|ISM_MABNI|HARF,Hypothesis,True,registry-exact-hypothesis:exact:02_mabniyat/relative_pronouns.json#3
51,15,1,إِنَّ,إن,,الْمُتَّقِينَ,HARF,HARF,HARF,Certificate,False,registry:exact:02_mabniyat/letters_answers.json#4
51,16,2,مَا,ما,آخِذِينَ,آتَاهُمْ,ISM_MAWSOOL,ISM_MAWSOOL,ISM_MAWSOOL|ISM_MABNI|HARF,Hypothesis,True,registry-exact-hypothesis:exact:02_mabniyat/relative_pronouns.json#13
51,17,3,مِنَ,من,قَلِيلَاً,اللَّيْلِ,HARF,HARF,HARF,Hypothesis,True,registry-exact-hypothesis:exact:02_mabniyat/preposition_meanings.json#32
51,33,4,مِنْ,من,حِجَارَةً,طِينٍ,HARF,HARF,HARF,Hypothesis,True,registry-exact-hypothesis:exact:02_mabniyat/preposition_meanings.json#34
51,35,2,مَنْ,من,فَأَخْرَجْنَا,كَانَ,ISM_MAWSOOL,ISM_MAWSOOL,ISM_MAWSOOL|ISM_MABNI|HARF,Hypothesis,True,registry-exact-hypothesis:exact:02_mabniyat/relative_pronouns.json#3
51,35,5,مِنَ,من,فِيهَا,الْمُؤْمِنِينَ,HARF,HARF,HARF,Hypothesis,True,registry-exact-hypothesis:exact:02_mabniyat/preposition_meanings.json#32
51,36,4,غَيْرَ,غير,فِيهَا,بَيْتٍ,ISM_MUARAB,ISM_MUARAB,,Certificate,False,MASAQ:870
51,36,6,مِنَ,من,بَيْتٍ,الْمُسْلِمِينَ,HARF,HARF,HARF,Hypothesis,True,registry-exact-hypothesis:exact:02_mabniyat/preposition_meanings.json#32
51,42,1,مَا,ما,,تَذَرُ,HARF,ISM_MAWSOOL,ISM_MAWSOOL|ISM_MABNI|HARF,Hypothesis,True,registry-exact-hypothesis:exact:02_mabniyat/relative_pronouns.json#13
51,42,3,مِنْ,من,تَذَرُ,شَيْءٍ,HARF,HARF,HARF,Hypothesis,True,registry-exact-hypothesis:exact:02_mabniyat/preposition_meanings.json#34
51,42,7,إِلَّا,إلا,عَلَيْهِ,جَعَلَتْهُ,HARF,HARF,,Certificate,False,MASAQ:106
51,43,7,حَتَّى,حتى,تَمَتَّعُوا,حِينٍ,HARF,HARF,HARF,Certificate,False,registry:exact:02_mabniyat/preposition_meanings.json#48
51,45,3,مِنْ,من,اسْتَطَاعُوا,قِيَامٍ,HARF,HARF,HARF,Hypothesis,True,registry-exact-hypothesis:exact:02_mabniyat/preposition_meanings.json#34
51,46,3,مِنْ,من,نُوحٍ,قَبْلُ,HARF,HARF,HARF,Hypothesis,True,registry-exact-hypothesis:exact:02_mabniyat/preposition_meanings.json#34
51,52,2,مَا,ما,كَذَلِكَ,أَتَى,HARF,ISM_MAWSOOL,ISM_MAWSOOL|ISM_MABNI|HARF,Hypothesis,True,registry-exact-hypothesis:exact:02_mabniyat/relative_pronouns.json#13
51,52,5,مِنْ,من,الَّذِينَ,قَبْلِهِمْ,HARF,HARF,HARF,Hypothesis,True,registry-exact-hypothesis:exact:02_mabniyat/preposition_meanings.json#34
51,52,7,مِنْ,من,قَبْلِهِمْ,رَسُولٍ,HARF,HARF,HARF,Hypothesis,True,registry-exact-hypothesis:exact:02_mabniyat/preposition_meanings.json#34
51,52,9,إِلَّا,إلا,رَسُولٍ,قَالُوا,HARF,HARF,,Certificate,False,MASAQ:106
51,56,5,إِلَّا,إلا,وَالْإِنْسَ,لِيَعْبُدُونِ,HARF,HARF,,Certificate,False,MASAQ:106
51,57,1,مَا,ما,,أُرِيدُ,HARF,ISM_MAWSOOL,ISM_MAWSOOL|ISM_MABNI|HARF,Hypothesis,True,registry-exact-hypothesis:exact:02_mabniyat/relative_pronouns.json#13
51,57,4,مِنْ,من,مِنْهُمْ,رِزْقٍ,HARF,HARF,HARF,Hypothesis,True,registry-exact-hypothesis:exact:02_mabniyat/preposition_meanings.json#34
51,57,8,أَنْ,أن,أُرِيدُ,يُطْعِمُونِ,HARF,HARF,HARF,Certificate,False,registry:plain:02_mabniyat/present_naseb_tools.json#1
51,58,1,إِنَّ,إن,,اللَّهَ,HARF,HARF,HARF,Certificate,False,registry:exact:02_mabniyat/letters_answers.json#4
51,60,4,مِنْ,من,كَفَرُوا,يَوْمِهِمُ,HARF,HARF,HARF,Hypothesis,True,registry-exact-hypothesis:exact:02_mabniyat/preposition_meanings.json#34
52,7,1,إِنَّ,إن,,عَذَابَ,HARF,HARF,HARF,Certificate,False,registry:exact:02_mabniyat/letters_answers.json#4
52,8,1,مَا,ما,,لَهُ,HARF,ISM_MAWSOOL,ISM_MAWSOOL|ISM_MABNI|HARF,Hypothesis,True,registry-exact-hypothesis:exact:02_mabniyat/relative_pronouns.json#13
52,8,3,مِنْ,من,لَهُ,دَافِعٍ,HARF,HARF,HARF,Hypothesis,True,registry-exact-hypothesis:exact:02_mabniyat/preposition_meanings.json#34
52,16,10,مَا,ما,تُجْزَوْنَ,كُنْتُمْ,ISM_MAWSOOL,ISM_MAWSOOL,ISM_MAWSOOL|ISM_MABNI|HARF,Hypothesis,True,registry-exact-hypothesis:exact:02_mabniyat/relative_pronouns.json#13
52,17,1,إِنَّ,إن,,الْمُتَّقِينَ,HARF,HARF,HARF,Certificate,False,registry:exact:02_mabniyat/letters_answers.json#4
52,18,2,بِمَا,بما,فَاكِهِينَ,آتَاهُمْ,ISM_MAWSOOL,ISM_MAWSOOL,ISM_MAWSOOL|ISM_MABNI|HARF,Certificate,True,MASAQ:48
52,19,4,بِمَا,بما,هَنِيئَاً,كُنْتُمْ,ISM_MAWSOOL,ISM_MAWSOOL,ISM_MAWSOOL|ISM_MABNI|HARF,Certificate,True,MASAQ:48
52,21,11,مِنْ,من,أَلَتْنَاهُمْ,عَمَلِهِمْ,HARF,HARF,HARF,Hypothesis,True,registry-exact-hypothesis:exact:02_mabniyat/preposition_meanings.json#34
52,21,13,مِنْ,من,عَمَلِهِمْ,شَيْءٍ,HARF,HARF,HARF,Hypothesis,True,registry-exact-hypothesis:exact:02_mabniyat/preposition_meanings.json#34
52,21,17,بِمَا,بما,امْرِئٍ,كَسَبَ,ISM_MAWSOOL,ISM_MAWSOOL,ISM_MAWSOOL|ISM_MABNI|HARF,Certificate,True,MASAQ:48
52,28,3,مِنْ,من,كُنَّا,قَبْلُ,HARF,HARF,HARF,Hypothesis,True,registry-exact-hypothesis:exact:02_mabniyat/preposition_meanings.json#34
52,31,5,مِنَ,من,مَعَكُمْ,الْمُتَرَبِّصِينَ,HARF,HARF,HARF,Hypothesis,True,registry-exact-hypothesis:exact:02_mabniyat/preposition_meanings.json#32
52,34,4,إِنْ,إن,مِثْلِهِ,كَانُوا,HARF,HARF,HARF,Certificate,False,registry:exact:02_mabniyat/conditional_letters_tools.json#1
52,35,3,مِنْ,من,خُلِقُوا,غَيْرِ,HARF,HARF,HARF,Hypothesis,True,registry-exact-hypothesis:exact:02_mabniyat/preposition_meanings.json#34
52,35,4,غَيْرِ,غير,مِنْ,شَيْءٍ,ISM_MUARAB,ISM_MUARAB,,Certificate,False,MASAQ:25
52,40,5,مِنْ,من,فَهُمْ,مَغْرَمٍ,HARF,HARF,HARF,Hypothesis,True,registry-exact-hypothesis:exact:02_mabniyat/preposition_meanings.json#34
52,43,4,غَيْرُ,غير,إِلَهٌ,اللَّهِ,ISM_MUARAB,ISM_MUARAB,,Certificate,False,MASAQ:11830
52,44,4,مِنَ,من,كِسْفَاً,السَّمَاءِ,HARF,HARF,HARF,Hypothesis,True,registry-exact-hypothesis:exact:02_mabniyat/preposition_meanings.json#32
52,45,2,حَتَّى,حتى,فَذَرْهُمْ,يُلَاقُوا,HARF,HARF,HARF,Certificate,False,registry:exact:02_mabniyat/preposition_meanings.json#48
52,47,5,دُونَ,دون,عَذَابَاً,ذَلِكَ,ISM_MUARAB,ISM_MUARAB,,Certificate,False,MASAQ:10836
53,2,1,مَا,ما,,ضَلَّ,HARF,ISM_MAWSOOL,ISM_MAWSOOL|ISM_MABNI|HARF,Hypothesis,True,registry-exact-hypothesis:exact:02_mabniyat/relative_pronouns.json#13
53,4,1,إِنْ,إن,,هُوَ,HARF,HARF,HARF,Certificate,False,registry:exact:02_mabniyat/conditional_letters_tools.json#1
53,4,3,إِلَّا,إلا,هُوَ,وَحْيٌ,HARF,HARF,,Certificate,False,MASAQ:106
53,10,4,مَا,ما,عَبْدِهِ,أَوْحَى,ISM_MAWSOOL,ISM_MAWSOOL,ISM_MAWSOOL|ISM_MABNI|HARF,Hypothesis,True,registry-exact-hypothesis:exact:02_mabniyat/relative_pronouns.json#13
53,11,1,مَا,ما,,كَذَبَ,HARF,ISM_MAWSOOL,ISM_MAWSOOL|ISM_MABNI|HARF,Hypothesis,True,registry-exact-hypothesis:exact:02_mabniyat/relative_pronouns.json#13
53,11,4,مَا,ما,الْفُؤَادُ,رَأَى,ISM_MAWSOOL,ISM_MAWSOOL,ISM_MAWSOOL|ISM_MABNI|HARF,Hypothesis,True,registry-exact-hypothesis:exact:02_mabniyat/relative_pronouns.json#13
53,12,3,مَا,ما,عَلَى,يَرَى,ISM_MAWSOOL,ISM_MAWSOOL,ISM_MAWSOOL|ISM_MABNI|HARF,Hypothesis,True,registry-exact-hypothesis:exact:02_mabniyat/relative_pronouns.json#13
53,16,4,مَا,ما,السِّدْرَةَ,يَغْشَى,ISM_MAWSOOL,ISM_MAWSOOL,ISM_MAWSOOL|ISM_MABNI|HARF,Hypothesis,True,registry-exact-hypothesis:exact:02_mabniyat/relative_pronouns.json#13
53,17,1,مَا,ما,,زَاغَ,HARF,ISM_MAWSOOL,ISM_MAWSOOL|ISM_MABNI|HARF,Hypothesis,True,registry-exact-hypothesis:exact:02_mabniyat/relative_pronouns.json#13
53,18,3,مِنْ,من,رَأَى,آيَاتِ,HARF,HARF,HARF,Hypothesis,True,registry-exact-hypothesis:exact:02_mabniyat/preposition_meanings.json#34
53,23,1,إِنْ,إن,,هِيَ,HARF,HARF,HARF,Certificate,False,registry:exact:02_mabniyat/conditional_letters_tools.json#1
53,23,3,إِلَّا,إلا,هِيَ,أَسْمَاءٌ,HARF,HARF,,Certificate,False,MASAQ:106
53,23,8,مَا,ما,وَآبَاؤُكُمْ,أَنْزَلَ,HARF,ISM_MAWSOOL,ISM_MAWSOOL|ISM_MABNI|HARF,Hypothesis,True,registry-exact-hypothesis:exact:02_mabniyat/relative_pronouns.json#13
53,23,12,مِنْ,من,بِهَا,سُلْطَانٍ,HARF,HARF,HARF,Hypothesis,True,registry-exact-hypothesis:exact:02_mabniyat/preposition_meanings.json#34
53,23,14,إِنْ,إن,سُلْطَانٍ,يَتَّبِعُونَ,HARF,HARF,HARF,Certificate,False,registry:exact:02_mabniyat/conditional_letters_tools.json#1
53,23,16,إِلَّا,إلا,يَتَّبِعُونَ,الظَّنَّ,HARF,HARF,,Certificate,False,MASAQ:106
53,23,23,مِنْ,من,جَاءَهُمْ,رَبِّهِمُ,HARF,HARF,HARF,Hypothesis,True,registry-exact-hypothesis:exact:02_mabniyat/preposition_meanings.json#34
53,24,3,مَا,ما,لِلْإِنْسَانِ,تَمَنَّى,ISM_MAWSOOL,ISM_MAWSOOL,ISM_MAWSOOL|ISM_MABNI|HARF,Hypothesis,True,registry-exact-hypothesis:exact:02_mabniyat/relative_pronouns.json#13
53,26,2,مِنْ,من,وَكَمْ,مَلَكٍ,HARF,HARF,HARF,Hypothesis,True,registry-exact-hypothesis:exact:02_mabniyat/preposition_meanings.json#34
53,26,10,إِلَّا,إلا,شَيْئَاً,مِنْ,HARF,HARF,,Certificate,False,MASAQ:106
53,26,11,مِنْ,من,إِلَّا,بَعْدِ,HARF,HARF,HARF,Hypothesis,True,registry-exact-hypothesis:exact:02_mabniyat/preposition_meanings.json#34
53,26,13,أَنْ,أن,بَعْدِ,يَأْذَنَ,HARF,HARF,HARF,Certificate,False,registry:plain:02_mabniyat/present_naseb_tools.json#1
53,27,1,إِنَّ,إن,,الَّذِينَ,HARF,HARF,HARF,Certificate,False,registry:exact:02_mabniyat/letters_answers.json#4
53,28,4,مِنْ,من,بِهِ,عِلْمٍ,HARF,HARF,HARF,Hypothesis,True,registry-exact-hypothesis:exact:02_mabniyat/preposition_meanings.json#34
53,28,6,إِنْ,إن,عِلْمٍ,يَتَّبِعُونَ,HARF,HARF,HARF,Certificate,False,registry:exact:02_mabniyat/conditional_letters_tools.json#1
53,28,8,إِلَّا,إلا,يَتَّبِعُونَ,الظَّنَّ,HARF,HARF,,Certificate,False,MASAQ:106
53,28,14,مِنَ,من,يُغْنِي,الْحَقِّ,HARF,HARF,HARF,Hypothesis,True,registry-exact-hypothesis:exact:02_mabniyat/preposition_meanings.json#32
53,29,3,مَنْ,من,عَنْ,تَوَلَّى,ISM_MAWSOOL,ISM_MAWSOOL,ISM_MAWSOOL|ISM_MABNI|HARF,Hypothesis,True,registry-exact-hypothesis:exact:02_mabniyat/relative_pronouns.json#3
53,29,9,إِلَّا,إلا,يُرِدْ,الْحَيَاةَ,HARF,HARF,,Certificate,False,MASAQ:106
53,30,3,مِنَ,من,مَبْلَغُهُمْ,الْعِلْمِ,HARF,HARF,HARF,Hypothesis,True,registry-exact-hypothesis:exact:02_mabniyat/preposition_meanings.json#32
53,30,5,إِنَّ,إن,الْعِلْمِ,رَبَّكَ,HARF,HARF,HARF,Certificate,False,registry:exact:02_mabniyat/letters_answers.json#4
53,31,2,مَا,ما,وَلِلَّهِ,فِي,ISM_MAWSOOL,ISM_MAWSOOL,ISM_MAWSOOL|ISM_MABNI|HARF,Hypothesis,True,registry-exact-hypothesis:exact:02_mabniyat/relative_pronouns.json#13
53,31,11,بِمَا,بما,أَسَاءُوا,عَمِلُوا,ISM_MAWSOOL,ISM_MAWSOOL,ISM_MAWSOOL|ISM_MABNI|HARF,Certificate,True,MASAQ:48
53,32,6,إِلَّا,إلا,وَالْفَوَاحِشَ,اللَّمَمَ,HARF,HARF,,Certificate,False,MASAQ:106
53,32,8,إِنَّ,إن,اللَّمَمَ,رَبَّكَ,HARF,HARF,HARF,Certificate,False,registry:exact:02_mabniyat/letters_answers.json#4
53,32,17,مِنَ,من,أَنْشَأَكُمْ,الْأَرْضِ,HARF,HARF,HARF,Hypothesis,True,registry-exact-hypothesis:exact:02_mabniyat/preposition_meanings.json#32
53,36,4,بِمَا,بما,يُنَبَّأْ,فِي,ISM_MAWSOOL,ISM_MAWSOOL,ISM_MAWSOOL|ISM_MABNI|HARF,Certificate,True,MASAQ:48
53,39,4,إِلَّا,إلا,لِلْإِنْسَانِ,مَا,HARF,HARF,,Certificate,False,MASAQ:106
53,39,5,مَا,ما,إِلَّا,سَعَى,ISM_MAWSOOL,ISM_MAWSOOL,ISM_MAWSOOL|ISM_MABNI|HARF,Hypothesis,True,registry-exact-hypothesis:exact:02_mabniyat/relative_pronouns.json#13
53,46,1,مِنْ,من,,نُطْفَةٍ,HARF,HARF,HARF,Hypothesis,True,registry-exact-hypothesis:exact:02_mabniyat/preposition_meanings.json#34
53,52,3,مِنْ,من,نُوحٍ,قَبْلُ,HARF,HARF,HARF,Hypothesis,True,registry-exact-hypothesis:exact:02_mabniyat/preposition_meanings.json#34
53,54,2,مَا,ما,فَغَشَّاهَا,غَشَّى,ISM_MAWSOOL,ISM_MAWSOOL,ISM_MAWSOOL|ISM_MABNI|HARF,Hypothesis,True,registry-exact-hypothesis:exact:02_mabniyat/relative_pronouns.json#13
53,56,3,مِنَ,من,نَذِيرٌ,النُّذُرِ,HARF,HARF,HARF,Hypothesis,True,registry-exact-hypothesis:exact:02_mabniyat/preposition_meanings.json#32
53,58,3,مِنْ,من,لَهَا,دُونِ,HARF,HARF,HARF,Hypothesis,True,registry-exact-hypothesis:exact:02_mabniyat/preposition_meanings.json#34
53,58,4,دُونِ,دون,مِنْ,اللَّهِ,ISM_MUARAB,ISM_MUARAB,,Certificate,False,MASAQ:310
54,4,3,مِنَ,من,جَاءَهُمْ,الْأَنْبَاءِ,HARF,HARF,HARF,Hypothesis,True,registry-exact-hypothesis:exact:02_mabniyat/preposition_meanings.json#32
54,4,5,مَا,ما,الْأَنْبَاءِ,فِيهِ,ISM_MAWSOOL,ISM_MAWSOOL,ISM_MAWSOOL|ISM_MABNI|HARF,Hypothesis,True,registry-exact-hypothesis:exact:02_mabniyat/relative_pronouns.json#13
54,7,4,مِنَ,من,يَخْرُجُونَ,الْأَجْدَاثِ,HARF,HARF,HARF,Hypothesis,True,registry-exact-hypothesis:exact:02_mabniyat/preposition_meanings.json#32
54,15,5,مِنْ,من,فَهَلْ,مُدَّكِرٍ,HARF,HARF,HARF,Hypothesis,True,registry-exact-hypothesis:exact:02_mabniyat/preposition_meanings.json#34
54,17,6,مِنْ,من,فَهَلْ,مُدَّكِرٍ,HARF,HARF,HARF,Hypothesis,True,registry-exact-hypothesis:exact:02_mabniyat/preposition_meanings.json#34
54,22,6,مِنْ,من,فَهَلْ,مُدَّكِرٍ,HARF,HARF,HARF,Hypothesis,True,registry-exact-hypothesis:exact:02_mabniyat/preposition_meanings.json#34
54,25,4,مِنْ,من,عَلَيْهِ,بَيْنِنَا,HARF,HARF,HARF,Hypothesis,True,registry-exact-hypothesis:exact:02_mabniyat/preposition_meanings.json#34
54,26,3,مَنِ,من,غَدَاً,الْكَذَّابُ,HARF,ISM_MAWSOOL,ISM_MAWSOOL|ISM_MABNI|HARF,Certificate,True,MASAQ:3539
54,28,2,أَنَّ,أن,وَنَبِّئْهُمْ,الْمَاءَ,HARF,HARF,HARF,Certificate,False,registry:exact:02_mabniyat/copulative_particle.json#2
54,32,6,مِنْ,من,فَهَلْ,مُدَّكِرٍ,HARF,HARF,HARF,Hypothesis,True,registry-exact-hypothesis:exact:02_mabniyat/preposition_meanings.json#34
54,34,5,إِلَّا,إلا,حَاصِبَاً,آلَ,HARF,HARF,,Certificate,False,MASAQ:106
54,35,2,مِنْ,من,نِعْمَةً,عِنْدِنَا,HARF,HARF,HARF,Hypothesis,True,registry-exact-hypothesis:exact:02_mabniyat/preposition_meanings.json#34
54,35,6,مَنْ,من,نَجْزِي,شَكَرَ,ISM_MAWSOOL,ISM_MAWSOOL,ISM_MAWSOOL|ISM_MABNI|HARF,Hypothesis,True,registry-exact-hypothesis:exact:02_mabniyat/relative_pronouns.json#3
54,40,6,مِنْ,من,فَهَلْ,مُدَّكِرٍ,HARF,HARF,HARF,Hypothesis,True,registry-exact-hypothesis:exact:02_mabniyat/preposition_meanings.json#34
54,43,3,مِنْ,من,خَيْرٌ,أُولَئِكُمْ,HARF,HARF,HARF,Hypothesis,True,registry-exact-hypothesis:exact:02_mabniyat/preposition_meanings.json#34
54,47,1,إِنَّ,إن,,الْمُجْرِمِينَ,HARF,HARF,HARF,Certificate,False,registry:exact:02_mabniyat/letters_answers.json#4
54,50,3,إِلَّا,إلا,أَمْرُنَا,وَاحِدَةٌ,HARF,HARF,,Certificate,False,MASAQ:106
54,51,5,مِنْ,من,فَهَلْ,مُدَّكِرٍ,HARF,HARF,HARF,Hypothesis,True,registry-exact-hypothesis:exact:02_mabniyat/preposition_meanings.json#34
54,54,1,إِنَّ,إن,,الْمُتَّقِينَ,HARF,HARF,HARF,Certificate,False,registry:exact:02_mabniyat/letters_answers.json#4
55,14,3,مِنْ,من,الْإِنْسَانَ,صَلْصَالٍ,HARF,HARF,HARF,Hypothesis,True,registry-exact-hypothesis:exact:02_mabniyat/preposition_meanings.json#34
55,15,3,مِنْ,من,الْجَانَّ,مَارِجٍ,HARF,HARF,HARF,Hypothesis,True,registry-exact-hypothesis:exact:02_mabniyat/preposition_meanings.json#34
55,15,5,مِنْ,من,مَارِجٍ,نَارٍ,HARF,HARF,HARF,Hypothesis,True,registry-exact-hypothesis:exact:02_mabniyat/preposition_meanings.json#34
55,26,2,مَنْ,من,كُلُّ,عَلَيْهَا,ISM_MAWSOOL,ISM_MAWSOOL,ISM_MAWSOOL|ISM_MABNI|HARF,Hypothesis,True,registry-exact-hypothesis:exact:02_mabniyat/relative_pronouns.json#3
55,29,2,مَنْ,من,يَسْأَلُهُ,فِي,ISM_MAWSOOL,ISM_MAWSOOL,ISM_MAWSOOL|ISM_MABNI|HARF,Hypothesis,True,registry-exact-hypothesis:exact:02_mabniyat/relative_pronouns.json#3
55,33,4,إِنِ,إن,وَالْإِنْسِ,اسْتَطَعْتُمْ,HARF,HARF,HARF,Certificate,False,registry:plain:02_mabniyat/conditional_letters_tools.json#1
55,33,6,أَنْ,أن,اسْتَطَعْتُمْ,تَنْفُذُوا,HARF,HARF,HARF,Certificate,False,registry:plain:02_mabniyat/present_naseb_tools.json#1
55,33,8,مِنْ,من,تَنْفُذُوا,أَقْطَارِ,HARF,HARF,HARF,Hypothesis,True,registry-exact-hypothesis:exact:02_mabniyat/preposition_meanings.json#34
55,33,15,إِلَّا,إلا,تَنْفُذُونَ,بِسُلْطَانٍ,HARF,HARF,,Certificate,False,MASAQ:106
55,35,4,مِنْ,من,شُوَاظٌ,نَارٍ,HARF,HARF,HARF,Hypothesis,True,registry-exact-hypothesis:exact:02_mabniyat/preposition_meanings.json#34
55,52,2,مِنْ,من,فِيهِمَا,كُلِّ,HARF,HARF,HARF,Hypothesis,True,registry-exact-hypothesis:exact:02_mabniyat/preposition_meanings.json#34
55,54,5,مِنْ,من,بَطَائِنُهَا,إِسْتَبْرَقٍ,HARF,HARF,HARF,Hypothesis,True,registry-exact-hypothesis:exact:02_mabniyat/preposition_meanings.json#34
55,60,4,إِلَّا,إلا,الْإِحْسَانِ,الْإِحْسَانُ,HARF,HARF,,Certificate,False,MASAQ:106
56,13,2,مِنَ,من,ثُلَّةٌ,الْأَوَّلِينَ,HARF,HARF,HARF,Hypothesis,True,registry-exact-hypothesis:exact:02_mabniyat/preposition_meanings.json#32
56,14,2,مِنَ,من,وَقَلِيلٌ,الْآخِرِينَ,HARF,HARF,HARF,Hypothesis,True,registry-exact-hypothesis:exact:02_mabniyat/preposition_meanings.json#32
56,18,4,مِنْ,من,وَكَأْسٍ,مَعِينٍ,HARF,HARF,HARF,Hypothesis,True,registry-exact-hypothesis:exact:02_mabniyat/preposition_meanings.json#34
56,24,2,بِمَا,بما,جَزَاءً,كَانُوا,ISM_MAWSOOL,ISM_MAWSOOL,ISM_MAWSOOL|ISM_MABNI|HARF,Certificate,True,MASAQ:48
56,26,1,إِلَّا,إلا,,قِيلَاً,HARF,HARF,,Certificate,False,MASAQ:106
56,39,2,مِنَ,من,ثُلَّةٌ,الْأَوَّلِينَ,HARF,HARF,HARF,Hypothesis,True,registry-exact-hypothesis:exact:02_mabniyat/preposition_meanings.json#32
56,40,2,مِنَ,من,وَثُلَّةٌ,الْآخِرِينَ,HARF,HARF,HARF,Hypothesis,True,registry-exact-hypothesis:exact:02_mabniyat/preposition_meanings.json#32
56,43,2,مِنْ,من,وَظِلٍّ,يَحْمُومٍ,HARF,HARF,HARF,Hypothesis,True,registry-exact-hypothesis:exact:02_mabniyat/preposition_meanings.json#34
56,49,2,إِنَّ,إن,قُلْ,الْأَوَّلِينَ,HARF,HARF,HARF,Certificate,False,registry:exact:02_mabniyat/letters_answers.json#4
56,52,2,مِنْ,من,لَآكِلُونَ,شَجَرٍ,HARF,HARF,HARF,Hypothesis,True,registry-exact-hypothesis:exact:02_mabniyat/preposition_meanings.json#34
56,52,4,مِنْ,من,شَجَرٍ,زَقُّومٍ,HARF,HARF,HARF,Hypothesis,True,registry-exact-hypothesis:exact:02_mabniyat/preposition_meanings.json#34
56,54,3,مِنَ,من,عَلَيْهِ,الْحَمِيمِ,HARF,HARF,HARF,Hypothesis,True,registry-exact-hypothesis:exact:02_mabniyat/preposition_meanings.json#32
56,58,2,مَا,ما,أَفَرَأَيْتُمْ,تُمْنُونَ,ISM_MAWSOOL,ISM_MAWSOOL,ISM_MAWSOOL|ISM_MABNI|HARF,Hypothesis,True,registry-exact-hypothesis:exact:02_mabniyat/relative_pronouns.json#13
56,61,2,أَنْ,أن,عَلَى,نُبَدِّلَ,HARF,HARF,HARF,Certificate,False,registry:plain:02_mabniyat/present_naseb_tools.json#1
56,61,7,مَا,ما,فِي,لَا,ISM_MAWSOOL,ISM_MAWSOOL,ISM_MAWSOOL|ISM_MABNI|HARF,Hypothesis,True,registry-exact-hypothesis:exact:02_mabniyat/relative_pronouns.json#13
56,63,2,مَا,ما,أَفَرَأَيْتُمْ,تَحْرُثُونَ,ISM_MAWSOOL,ISM_MAWSOOL,ISM_MAWSOOL|ISM_MABNI|HARF,Hypothesis,True,registry-exact-hypothesis:exact:02_mabniyat/relative_pronouns.json#13
56,69,3,مِنَ,من,أَنْزَلْتُمُوهُ,الْمُزْنِ,HARF,HARF,HARF,Hypothesis,True,registry-exact-hypothesis:exact:02_mabniyat/preposition_meanings.json#32
56,79,3,إِلَّا,إلا,يَمَسُّهُ,الْمُطَهَّرُونَ,HARF,HARF,,Certificate,False,MASAQ:106
56,80,2,مِنْ,من,تَنْزِيلٌ,رَبِّ,HARF,HARF,HARF,Hypothesis,True,registry-exact-hypothesis:exact:02_mabniyat/preposition_meanings.json#34
56,86,2,إِنْ,إن,فَلَوْلَا,كُنْتُمْ,HARF,HARF,HARF,Certificate,False,registry:exact:02_mabniyat/conditional_letters_tools.json#1
56,86,4,غَيْرَ,غير,كُنْتُمْ,مَدِينِينَ,ISM_MUARAB,ISM_MUARAB,,Certificate,False,MASAQ:870
56,87,2,إِنْ,إن,تَرْجِعُونَهَا,كُنْتُمْ,HARF,HARF,HARF,Certificate,False,registry:exact:02_mabniyat/conditional_letters_tools.json#1
56,88,2,إِنْ,إن,فَأَمَّا,كَانَ,HARF,HARF,HARF,Certificate,False,registry:exact:02_mabniyat/conditional_letters_tools.json#1
56,88,4,مِنَ,من,كَانَ,الْمُقَرَّبِينَ,HARF,HARF,HARF,Hypothesis,True,registry-exact-hypothesis:exact:02_mabniyat/preposition_meanings.json#32
56,90,2,إِنْ,إن,وَأَمَّا,كَانَ,HARF,HARF,HARF,Certificate,False,registry:exact:02_mabniyat/conditional_letters_tools.json#1
56,90,4,مِنْ,من,كَانَ,أَصْحَابِ,HARF,HARF,HARF,Hypothesis,True,registry-exact-hypothesis:exact:02_mabniyat/preposition_meanings.json#34
56,91,3,مِنْ,من,لَكَ,أَصْحَابِ,HARF,HARF,HARF,Hypothesis,True,registry-exact-hypothesis:exact:02_mabniyat/preposition_meanings.json#34
56,92,2,إِنْ,إن,وَأَمَّا,كَانَ,HARF,HARF,HARF,Certificate,False,registry:exact:02_mabniyat/conditional_letters_tools.json#1
56,92,4,مِنَ,من,كَانَ,الْمُكَذِّبِينَ,HARF,HARF,HARF,Hypothesis,True,registry-exact-hypothesis:exact:02_mabniyat/preposition_meanings.json#32
56,93,2,مِنْ,من,فَنُزُلٌ,حَمِيمٍ,HARF,HARF,HARF,Hypothesis,True,registry-exact-hypothesis:exact:02_mabniyat/preposition_meanings.json#34
56,95,1,إِنَّ,إن,,هَذَا,HARF,HARF,HARF,Certificate,False,registry:exact:02_mabniyat/letters_answers.json#4
57,1,3,مَا,ما,لِلَّهِ,فِي,ISM_MAWSOOL,ISM_MAWSOOL,ISM_MAWSOOL|ISM_MABNI|HARF,Hypothesis,True,registry-exact-hypothesis:exact:02_mabniyat/relative_pronouns.json#13
57,4,14,مَا,ما,يَعْلَمُ,يَلِجُ,ISM_MAWSOOL,ISM_MAWSOOL,ISM_MAWSOOL|ISM_MABNI|HARF,Hypothesis,True,registry-exact-hypothesis:exact:02_mabniyat/relative_pronouns.json#13
57,4,23,مِنَ,من,يَنْزِلُ,السَّمَاءِ,HARF,HARF,HARF,Hypothesis,True,registry-exact-hypothesis:exact:02_mabniyat/preposition_meanings.json#32
57,4,34,بِمَا,بما,وَاللَّهُ,تَعْمَلُونَ,ISM_MAWSOOL,ISM_MAWSOOL,ISM_MAWSOOL|ISM_MABNI|HARF,Certificate,True,MASAQ:48
57,8,13,إِنْ,إن,مِيثَاقَكُمْ,كُنْتُمْ,HARF,HARF,HARF,Certificate,False,registry:exact:02_mabniyat/conditional_letters_tools.json#1
57,9,9,مِنَ,من,لِيُخْرِجَكُمْ,الظُّلُمَاتِ,HARF,HARF,HARF,Hypothesis,True,registry-exact-hypothesis:exact:02_mabniyat/preposition_meanings.json#32
57,10,15,مَنْ,من,مِنْكُمْ,أَنْفَقَ,ISM_MAWSOOL,ISM_MAWSOOL,ISM_MAWSOOL|ISM_MABNI|HARF,Hypothesis,True,registry-exact-hypothesis:exact:02_mabniyat/relative_pronouns.json#3
57,10,17,مِنْ,من,أَنْفَقَ,قَبْلِ,HARF,HARF,HARF,Hypothesis,True,registry-exact-hypothesis:exact:02_mabniyat/preposition_meanings.json#34
57,10,24,مِنَ,من,دَرَجَةً,الَّذِينَ,HARF,HARF,HARF,Hypothesis,True,registry-exact-hypothesis:exact:02_mabniyat/preposition_meanings.json#32
57,10,27,مِنْ,من,أَنْفَقُوا,بَعْدُ,HARF,HARF,HARF,Hypothesis,True,registry-exact-hypothesis:exact:02_mabniyat/preposition_meanings.json#34
57,10,35,بِمَا,بما,وَاللَّهُ,تَعْمَلُونَ,ISM_MAWSOOL,ISM_MAWSOOL,ISM_MAWSOOL|ISM_MABNI|HARF,Certificate,True,MASAQ:48
57,11,1,مَنْ,من,,ذَا,HARF,ISM_MAWSOOL,ISM_MAWSOOL|ISM_MABNI|HARF,Hypothesis,True,registry-exact-hypothesis:exact:02_mabniyat/relative_pronouns.json#3
57,12,14,مِنْ,من,تَجْرِي,تَحْتِهَا,HARF,HARF,HARF,Hypothesis,True,registry-exact-hypothesis:exact:02_mabniyat/preposition_meanings.json#34
57,13,9,مِنْ,من,نَقْتَبِسْ,نُورِكُمْ,HARF,HARF,HARF,Hypothesis,True,registry-exact-hypothesis:exact:02_mabniyat/preposition_meanings.json#34
57,13,25,مِنْ,من,وَظَاهِرُهُ,قِبَلِهِ,HARF,HARF,HARF,Hypothesis,True,registry-exact-hypothesis:exact:02_mabniyat/preposition_meanings.json#34
57,14,14,حَتَّى,حتى,الْأَمَانِيُّ,جَاءَ,HARF,HARF,HARF,Certificate,False,registry:exact:02_mabniyat/preposition_meanings.json#48
57,15,7,مِنَ,من,وَلَا,الَّذِينَ,HARF,HARF,HARF,Hypothesis,True,registry-exact-hypothesis:exact:02_mabniyat/preposition_meanings.json#32
57,16,5,أَنْ,أن,آمَنُوا,تَخْشَعَ,HARF,HARF,HARF,Certificate,False,registry:plain:02_mabniyat/present_naseb_tools.json#1
57,16,12,مِنَ,من,نَزَلَ,الْحَقِّ,HARF,HARF,HARF,Hypothesis,True,registry-exact-hypothesis:exact:02_mabniyat/preposition_meanings.json#32
57,16,19,مِنْ,من,الْكِتَابَ,قَبْلُ,HARF,HARF,HARF,Hypothesis,True,registry-exact-hypothesis:exact:02_mabniyat/preposition_meanings.json#34
57,17,2,أَنَّ,أن,اعْلَمُوا,اللَّهَ,HARF,HARF,HARF,Certificate,False,registry:exact:02_mabniyat/copulative_particle.json#2
57,18,1,إِنَّ,إن,,الْمُصَّدِّقِينَ,HARF,HARF,HARF,Certificate,False,registry:exact:02_mabniyat/letters_answers.json#4
57,20,31,مِنَ,من,وَمَغْفِرَةٌ,اللَّهِ,HARF,HARF,HARF,Hypothesis,True,registry-exact-hypothesis:exact:02_mabniyat/preposition_meanings.json#32
57,20,37,إِلَّا,إلا,الدُّنْيَا,مَتَاعُ,HARF,HARF,,Certificate,False,MASAQ:106
57,21,4,مِنْ,من,مَغْفِرَةٍ,رَبِّكُمْ,HARF,HARF,HARF,Hypothesis,True,registry-exact-hypothesis:exact:02_mabniyat/preposition_meanings.json#34
57,21,20,مَنْ,من,يُؤْتِيهِ,يَشَاءُ,ISM_MAWSOOL,ISM_MAWSOOL,ISM_MAWSOOL|ISM_MABNI|HARF,Hypothesis,True,registry-exact-hypothesis:exact:02_mabniyat/relative_pronouns.json#3
57,22,1,مَا,ما,,أَصَابَ,HARF,ISM_MAWSOOL,ISM_MAWSOOL|ISM_MABNI|HARF,Hypothesis,True,registry-exact-hypothesis:exact:02_mabniyat/relative_pronouns.json#13
57,22,3,مِنْ,من,أَصَابَ,مُصِيبَةٍ,HARF,HARF,HARF,Hypothesis,True,registry-exact-hypothesis:exact:02_mabniyat/preposition_meanings.json#34
57,22,10,إِلَّا,إلا,أَنْفُسِكُمْ,فِي,HARF,HARF,,Certificate,False,MASAQ:106
57,22,13,مِنْ,من,كِتَابٍ,قَبْلِ,HARF,HARF,HARF,Hypothesis,True,registry-exact-hypothesis:exact:02_mabniyat/preposition_meanings.json#34
57,22,15,أَنْ,أن,قَبْلِ,نَبْرَأَهَا,HARF,HARF,HARF,Certificate,False,registry:plain:02_mabniyat/present_naseb_tools.json#1
57,22,17,إِنَّ,إن,نَبْرَأَهَا,ذَلِكَ,HARF,HARF,HARF,Certificate,False,registry:exact:02_mabniyat/letters_answers.json#4
57,23,4,مَا,ما,عَلَى,فَاتَكُمْ,ISM_MAWSOOL,ISM_MAWSOOL,ISM_MAWSOOL|ISM_MABNI|HARF,Hypothesis,True,registry-exact-hypothesis:exact:02_mabniyat/relative_pronouns.json#13
57,23,8,بِمَا,بما,تَفْرَحُوا,آتَاكُمْ,ISM_MAWSOOL,ISM_MAWSOOL,ISM_MAWSOOL|ISM_MABNI|HARF,Certificate,True,MASAQ:48
57,25,21,مَنْ,من,اللَّهُ,يَنْصُرُهُ,ISM_MAWSOOL,ISM_MAWSOOL,ISM_MAWSOOL|ISM_MABNI|HARF,Hypothesis,True,registry-exact-hypothesis:exact:02_mabniyat/relative_pronouns.json#3
57,25,25,إِنَّ,إن,بِالْغَيْبِ,اللَّهَ,HARF,HARF,HARF,Certificate,False,registry:exact:02_mabniyat/letters_answers.json#4
57,27,21,مَا,ما,ابْتَدَعُوهَا,كَتَبْنَاهَا,HARF,ISM_MAWSOOL,ISM_MAWSOOL|ISM_MABNI|HARF,Hypothesis,True,registry-exact-hypothesis:exact:02_mabniyat/relative_pronouns.json#13
57,27,24,إِلَّا,إلا,عَلَيْهِمْ,ابْتِغَاءَ,HARF,HARF,,Certificate,False,MASAQ:106
57,28,10,مِنْ,من,كِفْلَيْنِ,رَحْمَتِهِ,HARF,HARF,HARF,Hypothesis,True,registry-exact-hypothesis:exact:02_mabniyat/preposition_meanings.json#34
57,29,9,مِنْ,من,شَيْءٍ,فَضْلِ,HARF,HARF,HARF,Hypothesis,True,registry-exact-hypothesis:exact:02_mabniyat/preposition_meanings.json#34
57,29,17,مَنْ,من,يُؤْتِيهِ,يَشَاءُ,ISM_MAWSOOL,ISM_MAWSOOL,ISM_MAWSOOL|ISM_MABNI|HARF,Hypothesis,True,registry-exact-hypothesis:exact:02_mabniyat/relative_pronouns.json#3
58,1,15,إِنَّ,إن,تَحَاوُرَكُمَا,اللَّهَ,HARF,HARF,HARF,Certificate,False,registry:exact:02_mabniyat/letters_answers.json#4
58,2,4,مِنْ,من,مِنْكُمْ,نِسَائِهِمْ,HARF,HARF,HARF,Hypothesis,True,registry-exact-hypothesis:exact:02_mabniyat/preposition_meanings.json#34
58,2,6,مَا,ما,نِسَائِهِمْ,هُنَّ,HARF,ISM_MAWSOOL,ISM_MAWSOOL|ISM_MABNI|HARF,Hypothesis,True,registry-exact-hypothesis:exact:02_mabniyat/relative_pronouns.json#13
58,2,9,إِنْ,إن,أُمَّهَاتِهِمْ,أُمَّهَاتُهُمْ,HARF,HARF,HARF,Certificate,False,registry:exact:02_mabniyat/conditional_letters_tools.json#1
58,2,11,إِلَّا,إلا,أُمَّهَاتُهُمْ,اللَّائِي,HARF,HARF,,Certificate,False,MASAQ:106
58,2,17,مِنَ,من,مُنْكَرَاً,الْقَوْلِ,HARF,HARF,HARF,Hypothesis,True,registry-exact-hypothesis:exact:02_mabniyat/preposition_meanings.json#32
58,3,3,مِنْ,من,يُظَاهِرُونَ,نِسَائِهِمْ,HARF,HARF,HARF,Hypothesis,True,registry-exact-hypothesis:exact:02_mabniyat/preposition_meanings.json#34
58,3,11,مِنْ,من,رَقَبَةٍ,قَبْلِ,HARF,HARF,HARF,Hypothesis,True,registry-exact-hypothesis:exact:02_mabniyat/preposition_meanings.json#34
58,3,13,أَنْ,أن,قَبْلِ,يَتَمَاسَّا,HARF,HARF,HARF,Certificate,False,registry:plain:02_mabniyat/present_naseb_tools.json#1
58,3,19,بِمَا,بما,وَاللَّهُ,تَعْمَلُونَ,ISM_MAWSOOL,ISM_MAWSOOL,ISM_MAWSOOL|ISM_MABNI|HARF,Certificate,True,MASAQ:48
58,4,7,مِنْ,من,مُتَتَابِعَيْنِ,قَبْلِ,HARF,HARF,HARF,Hypothesis,True,registry-exact-hypothesis:exact:02_mabniyat/preposition_meanings.json#34
58,4,9,أَنْ,أن,قَبْلِ,يَتَمَاسَّا,HARF,HARF,HARF,Certificate,False,registry:plain:02_mabniyat/present_naseb_tools.json#1
58,5,1,إِنَّ,إن,,الَّذِينَ,HARF,HARF,HARF,Certificate,False,registry:exact:02_mabniyat/letters_answers.json#4
58,5,10,مِنْ,من,الَّذِينَ,قَبْلِهِمْ,HARF,HARF,HARF,Hypothesis,True,registry-exact-hypothesis:exact:02_mabniyat/preposition_meanings.json#34
58,6,6,بِمَا,بما,فَيُنَبِّئُهُمْ,عَمِلُوا,ISM_MAWSOOL,ISM_MAWSOOL,ISM_MAWSOOL|ISM_MABNI|HARF,Certificate,True,MASAQ:48
58,7,3,أَنَّ,أن,تَرَ,اللَّهَ,HARF,HARF,HARF,Certificate,False,registry:exact:02_mabniyat/copulative_particle.json#2
58,7,6,مَا,ما,يَعْلَمُ,فِي,ISM_MAWSOOL,ISM_MAWSOOL,ISM_MAWSOOL|ISM_MABNI|HARF,Hypothesis,True,registry-exact-hypothesis:exact:02_mabniyat/relative_pronouns.json#13
58,7,12,مَا,ما,الْأَرْضِ,يَكُونُ,HARF,ISM_MAWSOOL,ISM_MAWSOOL|ISM_MABNI|HARF,Hypothesis,True,registry-exact-hypothesis:exact:02_mabniyat/relative_pronouns.json#13
58,7,14,مِنْ,من,يَكُونُ,نَجْوَى,HARF,HARF,HARF,Hypothesis,True,registry-exact-hypothesis:exact:02_mabniyat/preposition_meanings.json#34
58,7,17,إِلَّا,إلا,ثَلَاثَةٍ,هُوَ,HARF,HARF,,Certificate,False,MASAQ:106
58,7,22,إِلَّا,إلا,خَمْسَةٍ,هُوَ,HARF,HARF,,Certificate,False,MASAQ:106
58,7,27,مِنْ,من,أَدْنَى,ذَلِكَ,HARF,HARF,HARF,Hypothesis,True,registry-exact-hypothesis:exact:02_mabniyat/preposition_meanings.json#34
58,7,31,إِلَّا,إلا,أَكْثَرَ,هُوَ,HARF,HARF,,Certificate,False,MASAQ:106
58,7,39,بِمَا,بما,يُنَبِّئُهُمْ,عَمِلُوا,ISM_MAWSOOL,ISM_MAWSOOL,ISM_MAWSOOL|ISM_MABNI|HARF,Certificate,True,MASAQ:48
58,7,43,إِنَّ,إن,الْقِيَامَةِ,اللَّهَ,HARF,HARF,HARF,Certificate,False,registry:exact:02_mabniyat/letters_answers.json#4
58,8,21,بِمَا,بما,حَيَّوْكَ,لَمْ,ISM_MAWSOOL,ISM_MAWSOOL,ISM_MAWSOOL|ISM_MABNI|HARF,Certificate,True,MASAQ:48
58,8,32,بِمَا,بما,اللَّهُ,نَقُولُ,ISM_MAWSOOL,ISM_MAWSOOL,ISM_MAWSOOL|ISM_MABNI|HARF,Certificate,True,MASAQ:48
58,10,3,مِنَ,من,النَّجْوَى,الشَّيْطَانِ,HARF,HARF,HARF,Hypothesis,True,registry-exact-hypothesis:exact:02_mabniyat/preposition_meanings.json#32
58,10,11,إِلَّا,إلا,شَيْئَاً,بِإِذْنِ,HARF,HARF,,Certificate,False,MASAQ:106
58,11,28,بِمَا,بما,وَاللَّهُ,تَعْمَلُونَ,ISM_MAWSOOL,ISM_MAWSOOL,ISM_MAWSOOL|ISM_MABNI|HARF,Certificate,True,MASAQ:48
58,13,2,أَنْ,أن,أَأَشْفَقْتُمْ,تُقَدِّمُوا,HARF,HARF,HARF,Certificate,False,registry:plain:02_mabniyat/present_naseb_tools.json#1
58,13,23,بِمَا,بما,خَبِيرٌ,تَعْمَلُونَ,ISM_MAWSOOL,ISM_MAWSOOL,ISM_MAWSOOL|ISM_MABNI|HARF,Certificate,True,MASAQ:48
58,14,10,مَا,ما,عَلَيْهِمْ,هُمْ,HARF,ISM_MAWSOOL,ISM_MAWSOOL|ISM_MABNI|HARF,Hypothesis,True,registry-exact-hypothesis:exact:02_mabniyat/relative_pronouns.json#13
58,15,8,مَا,ما,سَاءَ,كَانُوا,ISM_MAWSOOL,ISM_MAWSOOL,ISM_MAWSOOL|ISM_MABNI|HARF,Hypothesis,True,registry-exact-hypothesis:exact:02_mabniyat/relative_pronouns.json#13
58,17,7,مِنَ,من,أَوْلَادُهُمْ,اللَّهِ,HARF,HARF,HARF,Hypothesis,True,registry-exact-hypothesis:exact:02_mabniyat/preposition_meanings.json#32
58,19,11,إِنَّ,إن,أَلَا,حِزْبَ,HARF,HARF,HARF,Certificate,False,registry:exact:02_mabniyat/letters_answers.json#4
58,20,1,إِنَّ,إن,,الَّذِينَ,HARF,HARF,HARF,Certificate,False,registry:exact:02_mabniyat/letters_answers.json#4
58,21,6,إِنَّ,إن,وَرُسُلِي,اللَّهَ,HARF,HARF,HARF,Certificate,False,registry:exact:02_mabniyat/letters_answers.json#4
58,22,9,مَنْ,من,يُوَادُّونَ,حَادَّ,ISM_MAWSOOL,ISM_MAWSOOL,ISM_MAWSOOL|ISM_MABNI|HARF,Hypothesis,True,registry-exact-hypothesis:exact:02_mabniyat/relative_pronouns.json#3
58,22,33,مِنْ,من,تَجْرِي,تَحْتِهَا,ISM_MAWSOOL,HARF,HARF,Hypothesis,True,registry-exact-hypothesis:exact:02_mabniyat/preposition_meanings.json#34
58,22,47,إِنَّ,إن,أَلَا,حِزْبَ,HARF,HARF,HARF,Certificate,False,registry:exact:02_mabniyat/letters_answers.json#4
59,1,3,مَا,ما,لِلَّهِ,فِي,ISM_MAWSOOL,ISM_MAWSOOL,ISM_MAWSOOL|ISM_MABNI|HARF,Hypothesis,True,registry-exact-hypothesis:exact:02_mabniyat/relative_pronouns.json#13
59,2,6,مِنْ,من,كَفَرُوا,أَهْلِ,HARF,HARF,HARF,Hypothesis,True,registry-exact-hypothesis:exact:02_mabniyat/preposition_meanings.json#34
59,2,9,مِنْ,من,الْكِتَابِ,دِيَارِهِمْ,HARF,HARF,HARF,Hypothesis,True,registry-exact-hypothesis:exact:02_mabniyat/preposition_meanings.json#34
59,2,13,مَا,ما,الْحَشْرِ,ظَنَنْتُمْ,HARF,ISM_MAWSOOL,ISM_MAWSOOL|ISM_MABNI|HARF,Hypothesis,True,registry-exact-hypothesis:exact:02_mabniyat/relative_pronouns.json#13
59,2,15,أَنْ,أن,ظَنَنْتُمْ,يَخْرُجُوا,HARF,HARF,HARF,Certificate,False,registry:plain:02_mabniyat/present_naseb_tools.json#1
59,2,21,مِنَ,من,حُصُونُهُمْ,اللَّهِ,HARF,HARF,HARF,Hypothesis,True,registry-exact-hypothesis:exact:02_mabniyat/preposition_meanings.json#32
59,2,25,مِنْ,من,اللَّهُ,حَيْثُ,HARF,HARF,HARF,Hypothesis,True,registry-exact-hypothesis:exact:02_mabniyat/preposition_meanings.json#34
59,3,2,أَنْ,أن,وَلَوْلَا,كَتَبَ,HARF,HARF,HARF,Certificate,False,registry:plain:02_mabniyat/present_naseb_tools.json#1
59,5,1,مَا,ما,,قَطَعْتُمْ,ISM_MAWSOOL,ISM_MAWSOOL,ISM_MAWSOOL|ISM_MABNI|HARF,Hypothesis,True,registry-exact-hypothesis:exact:02_mabniyat/relative_pronouns.json#13
59,5,3,مِنْ,من,قَطَعْتُمْ,لِينَةٍ,HARF,HARF,HARF,Hypothesis,True,registry-exact-hypothesis:exact:02_mabniyat/preposition_meanings.json#34
59,6,10,مِنْ,من,عَلَيْهِ,خَيْلٍ,HARF,HARF,HARF,Hypothesis,True,registry-exact-hypothesis:exact:02_mabniyat/preposition_meanings.json#34
59,6,19,مَنْ,من,عَلَى,يَشَاءُ,ISM_MAWSOOL,ISM_MAWSOOL,ISM_MAWSOOL|ISM_MABNI|HARF,Hypothesis,True,registry-exact-hypothesis:exact:02_mabniyat/relative_pronouns.json#3
59,7,1,مَا,ما,,أَفَاءَ,ISM_MAWSOOL,ISM_MAWSOOL,ISM_MAWSOOL|ISM_MABNI|HARF,Hypothesis,True,registry-exact-hypothesis:exact:02_mabniyat/relative_pronouns.json#13
59,7,6,مِنْ,من,رَسُولِهِ,أَهْلِ,HARF,HARF,HARF,Hypothesis,True,registry-exact-hypothesis:exact:02_mabniyat/preposition_meanings.json#34
59,7,34,إِنَّ,إن,اللَّهَ,اللَّهَ,HARF,HARF,HARF,Certificate,False,registry:exact:02_mabniyat/letters_answers.json#4
59,8,5,مِنْ,من,أُخْرِجُوا,دِيَارِهِمْ,HARF,HARF,HARF,Hypothesis,True,registry-exact-hypothesis:exact:02_mabniyat/preposition_meanings.json#34
59,8,10,مِنَ,من,فَضْلَاً,اللَّهِ,HARF,HARF,HARF,Hypothesis,True,registry-exact-hypothesis:exact:02_mabniyat/preposition_meanings.json#32
59,9,5,مِنْ,من,وَالْإِيمَانَ,قَبْلِهِمْ,HARF,HARF,HARF,Hypothesis,True,registry-exact-hypothesis:exact:02_mabniyat/preposition_meanings.json#34
59,9,8,مَنْ,من,يُحِبُّونَ,هَاجَرَ,ISM_MAWSOOL,ISM_MAWSOOL,ISM_MAWSOOL|ISM_MABNI|HARF,Hypothesis,True,registry-exact-hypothesis:exact:02_mabniyat/relative_pronouns.json#3
59,10,3,مِنْ,من,جَاءُوا,بَعْدِهِمْ,HARF,HARF,HARF,Hypothesis,True,registry-exact-hypothesis:exact:02_mabniyat/preposition_meanings.json#34
59,11,10,مِنْ,من,كَفَرُوا,أَهْلِ,HARF,HARF,HARF,Hypothesis,True,registry-exact-hypothesis:exact:02_mabniyat/preposition_meanings.json#34
59,13,6,مِنَ,من,صُدُورِهِمْ,اللَّهِ,HARF,HARF,HARF,Hypothesis,True,registry-exact-hypothesis:exact:02_mabniyat/preposition_meanings.json#32
59,14,4,إِلَّا,إلا,جَمِيعَاً,فِي,HARF,HARF,,Certificate,False,MASAQ:106
59,14,9,مِنْ,من,أَوْ,وَرَاءِ,HARF,HARF,HARF,Hypothesis,True,registry-exact-hypothesis:exact:02_mabniyat/preposition_meanings.json#34
59,15,3,مِنْ,من,الَّذِينَ,قَبْلِهِمْ,HARF,HARF,HARF,Hypothesis,True,registry-exact-hypothesis:exact:02_mabniyat/preposition_meanings.json#34
59,18,8,مَا,ما,نَفْسٌ,قَدَّمَتْ,ISM_MAWSOOL,ISM_MAWSOOL,ISM_MAWSOOL|ISM_MABNI|HARF,Hypothesis,True,registry-exact-hypothesis:exact:02_mabniyat/relative_pronouns.json#13
59,18,13,إِنَّ,إن,اللَّهَ,اللَّهَ,HARF,HARF,HARF,Certificate,False,registry:exact:02_mabniyat/letters_answers.json#4
59,18,16,بِمَا,بما,خَبِيرٌ,تَعْمَلُونَ,ISM_MAWSOOL,ISM_MAWSOOL,ISM_MAWSOOL|ISM_MABNI|HARF,Certificate,True,MASAQ:48
59,21,10,مِنْ,من,مُتَصَدِّعَاً,خَشْيَةِ,HARF,HARF,HARF,Hypothesis,True,registry-exact-hypothesis:exact:02_mabniyat/preposition_meanings.json#34
59,22,6,إِلَّا,إلا,إِلَهَ,هُوَ,HARF,HARF,,Certificate,False,MASAQ:106
59,23,6,إِلَّا,إلا,إِلَهَ,هُوَ,HARF,HARF,,Certificate,False,MASAQ:106
59,24,11,مَا,ما,لَهُ,فِي,ISM_MAWSOOL,ISM_MAWSOOL,ISM_MAWSOOL|ISM_MABNI|HARF,Hypothesis,True,registry-exact-hypothesis:exact:02_mabniyat/relative_pronouns.json#13
60,1,14,بِمَا,بما,كَفَرُوا,جَاءَكُمْ,ISM_MAWSOOL,ISM_MAWSOOL,ISM_MAWSOOL|ISM_MABNI|HARF,Certificate,True,MASAQ:48
60,1,16,مِنَ,من,جَاءَكُمْ,الْحَقِّ,HARF,HARF,HARF,Hypothesis,True,registry-exact-hypothesis:exact:02_mabniyat/preposition_meanings.json#32
60,1,21,أَنْ,أن,وَإِيَّاكُمْ,تُؤْمِنُوا,HARF,HARF,HARF,Certificate,False,registry:plain:02_mabniyat/present_naseb_tools.json#1
60,1,25,إِنْ,إن,رَبِّكُمْ,كُنْتُمْ,HARF,HARF,HARF,Certificate,False,registry:exact:02_mabniyat/conditional_letters_tools.json#1
60,1,38,بِمَا,بما,أَعْلَمُ,أَخْفَيْتُمْ,ISM_MAWSOOL,ISM_MAWSOOL,ISM_MAWSOOL|ISM_MABNI|HARF,Certificate,True,MASAQ:48
60,2,1,إِنْ,إن,,يَثْقَفُوكُمْ,HARF,HARF,HARF,Certificate,False,registry:exact:02_mabniyat/conditional_letters_tools.json#1
60,3,11,بِمَا,بما,وَاللَّهُ,تَعْمَلُونَ,ISM_MAWSOOL,ISM_MAWSOOL,ISM_MAWSOOL|ISM_MABNI|HARF,Certificate,True,MASAQ:48
60,4,18,مِنْ,من,تَعْبُدُونَ,دُونِ,HARF,HARF,HARF,Hypothesis,True,registry-exact-hypothesis:exact:02_mabniyat/preposition_meanings.json#34
60,4,19,دُونِ,دون,مِنْ,اللَّهِ,ISM_MUARAB,ISM_MUARAB,,Certificate,False,MASAQ:310
60,4,29,حَتَّى,حتى,أَبَدَاً,تُؤْمِنُوا,HARF,HARF,HARF,Certificate,False,registry:exact:02_mabniyat/preposition_meanings.json#48
60,4,33,إِلَّا,إلا,وَحْدَهُ,قَوْلَ,HARF,HARF,,Certificate,False,MASAQ:106
60,4,42,مِنَ,من,لَكَ,اللَّهِ,HARF,HARF,HARF,Hypothesis,True,registry-exact-hypothesis:exact:02_mabniyat/preposition_meanings.json#32
60,4,44,مِنْ,من,اللَّهِ,شَيْءٍ,HARF,HARF,HARF,Hypothesis,True,registry-exact-hypothesis:exact:02_mabniyat/preposition_meanings.json#34
60,7,3,أَنْ,أن,اللَّهُ,يَجْعَلَ,HARF,HARF,HARF,Certificate,False,registry:plain:02_mabniyat/present_naseb_tools.json#1
60,8,12,مِنْ,من,يُخْرِجُوكُمْ,دِيَارِكُمْ,HARF,HARF,HARF,Hypothesis,True,registry-exact-hypothesis:exact:02_mabniyat/preposition_meanings.json#34
60,8,14,أَنْ,أن,دِيَارِكُمْ,تَبَرُّوهُمْ,HARF,HARF,HARF,Certificate,False,registry:plain:02_mabniyat/present_naseb_tools.json#1
60,8,18,إِنَّ,إن,إِلَيْهِمْ,اللَّهَ,HARF,HARF,HARF,Certificate,False,registry:exact:02_mabniyat/letters_answers.json#4
60,9,10,مِنْ,من,وَأَخْرَجُوكُمْ,دِيَارِكُمْ,HARF,HARF,HARF,Hypothesis,True,registry-exact-hypothesis:exact:02_mabniyat/preposition_meanings.json#34
60,9,15,أَنْ,أن,إِخْرَاجِكُمْ,تَوَلَّوْهُمْ,HARF,HARF,HARF,Certificate,False,registry:plain:02_mabniyat/present_naseb_tools.json#1
60,10,28,مَا,ما,وَآتُوهُمْ,أَنْفَقُوا,ISM_MAWSOOL,ISM_MAWSOOL,ISM_MAWSOOL|ISM_MABNI|HARF,Hypothesis,True,registry-exact-hypothesis:exact:02_mabniyat/relative_pronouns.json#13
60,10,33,أَنْ,أن,عَلَيْكُمْ,تَنْكِحُوهُنَّ,HARF,HARF,HARF,Certificate,False,registry:plain:02_mabniyat/present_naseb_tools.json#1
60,10,43,مَا,ما,وَاسْأَلُوا,أَنْفَقْتُمْ,ISM_MAWSOOL,ISM_MAWSOOL,ISM_MAWSOOL|ISM_MABNI|HARF,Hypothesis,True,registry-exact-hypothesis:exact:02_mabniyat/relative_pronouns.json#13
60,10,46,مَا,ما,وَلْيَسْأَلُوا,أَنْفَقُوا,ISM_MAWSOOL,ISM_MAWSOOL,ISM_MAWSOOL|ISM_MABNI|HARF,Hypothesis,True,registry-exact-hypothesis:exact:02_mabniyat/relative_pronouns.json#13
60,11,4,مِنْ,من,شَيْءٌ,أَزْوَاجِكُمْ,HARF,HARF,HARF,Hypothesis,True,registry-exact-hypothesis:exact:02_mabniyat/preposition_meanings.json#34
60,11,14,مَا,ما,مِثْلَ,أَنْفَقُوا,ISM_MAWSOOL,ISM_MAWSOOL,ISM_MAWSOOL|ISM_MABNI|HARF,Hypothesis,True,registry-exact-hypothesis:exact:02_mabniyat/relative_pronouns.json#13
60,12,8,أَنْ,أن,عَلَى,لَا,HARF,HARF,HARF,Certificate,False,registry:plain:02_mabniyat/present_naseb_tools.json#1
60,12,35,إِنَّ,إن,اللَّهَ,اللَّهَ,HARF,HARF,HARF,Certificate,False,registry:exact:02_mabniyat/letters_answers.json#4
60,13,12,مِنَ,من,يَئِسُوا,الْآخِرَةِ,HARF,HARF,HARF,Hypothesis,True,registry-exact-hypothesis:exact:02_mabniyat/preposition_meanings.json#32
60,13,17,مِنْ,من,الْكُفَّارُ,أَصْحَابِ,HARF,HARF,HARF,Hypothesis,True,registry-exact-hypothesis:exact:02_mabniyat/preposition_meanings.json#34
61,1,3,مَا,ما,لِلَّهِ,فِي,ISM_MAWSOOL,ISM_MAWSOOL,ISM_MAWSOOL|ISM_MABNI|HARF,Hypothesis,True,registry-exact-hypothesis:exact:02_mabniyat/relative_pronouns.json#13
61,2,6,مَا,ما,تَقُولُونَ,لَا,ISM_MAWSOOL,ISM_MAWSOOL,ISM_MAWSOOL|ISM_MABNI|HARF,Hypothesis,True,registry-exact-hypothesis:exact:02_mabniyat/relative_pronouns.json#13
61,3,5,أَنْ,أن,اللَّهِ,تَقُولُوا,HARF,HARF,HARF,Certificate,False,registry:plain:02_mabniyat/present_naseb_tools.json#1
61,3,7,مَا,ما,تَقُولُوا,لَا,ISM_MAWSOOL,ISM_MAWSOOL,ISM_MAWSOOL|ISM_MABNI|HARF,Hypothesis,True,registry-exact-hypothesis:exact:02_mabniyat/relative_pronouns.json#13
61,4,1,إِنَّ,إن,,اللَّهَ,HARF,HARF,HARF,Certificate,False,registry:exact:02_mabniyat/letters_answers.json#4
61,6,16,مِنَ,من,يَدَيَّ,التَّوْرَاةِ,HARF,HARF,HARF,Hypothesis,True,registry-exact-hypothesis:exact:02_mabniyat/preposition_meanings.json#32
61,6,21,مِنْ,من,يَأْتِي,بَعْدِي,HARF,HARF,HARF,Hypothesis,True,registry-exact-hypothesis:exact:02_mabniyat/preposition_meanings.json#34
61,10,9,مِنْ,من,تُنْجِيكُمْ,عَذَابٍ,HARF,HARF,HARF,Hypothesis,True,registry-exact-hypothesis:exact:02_mabniyat/preposition_meanings.json#34
61,11,13,إِنْ,إن,لَكُمْ,كُنْتُمْ,HARF,HARF,HARF,Certificate,False,registry:exact:02_mabniyat/conditional_letters_tools.json#1
61,12,7,مِنْ,من,تَجْرِي,تَحْتِهَا,HARF,HARF,HARF,Hypothesis,True,registry-exact-hypothesis:exact:02_mabniyat/preposition_meanings.json#34
61,13,4,مِنَ,من,نَصْرٌ,اللَّهِ,HARF,HARF,HARF,Hypothesis,True,registry-exact-hypothesis:exact:02_mabniyat/preposition_meanings.json#32
61,14,13,مَنْ,من,لِلْحَوَارِيِّينَ,أَنْصَارِي,HARF,ISM_MAWSOOL,ISM_MAWSOOL|ISM_MABNI|HARF,Hypothesis,True,registry-exact-hypothesis:exact:02_mabniyat/relative_pronouns.json#3
61,14,24,مِنْ,من,طَائِفَةٌ,بَنِي,HARF,HARF,HARF,Hypothesis,True,registry-exact-hypothesis:exact:02_mabniyat/preposition_meanings.json#34
62,1,3,مَا,ما,لِلَّهِ,فِي,ISM_MAWSOOL,ISM_MAWSOOL,ISM_MAWSOOL|ISM_MABNI|HARF,Hypothesis,True,registry-exact-hypothesis:exact:02_mabniyat/relative_pronouns.json#13
62,2,17,مِنْ,من,كَانُوا,قَبْلُ,HARF,HARF,HARF,Hypothesis,True,registry-exact-hypothesis:exact:02_mabniyat/preposition_meanings.json#34
62,4,5,مَنْ,من,يُؤْتِيهِ,يَشَاءُ,ISM_MAWSOOL,ISM_MAWSOOL,ISM_MAWSOOL|ISM_MABNI|HARF,Hypothesis,True,registry-exact-hypothesis:exact:02_mabniyat/relative_pronouns.json#3
62,6,5,إِنْ,إن,هَادُوا,زَعَمْتُمْ,HARF,HARF,HARF,Certificate,False,registry:exact:02_mabniyat/conditional_letters_tools.json#1
62,6,10,مِنْ,من,لِلَّهِ,دُونِ,HARF,HARF,HARF,Hypothesis,True,registry-exact-hypothesis:exact:02_mabniyat/preposition_meanings.json#34
62,6,11,دُونِ,دون,مِنْ,النَّاسِ,ISM_MUARAB,ISM_MUARAB,,Certificate,False,MASAQ:310
62,6,15,إِنْ,إن,الْمَوْتَ,كُنْتُمْ,HARF,HARF,HARF,Certificate,False,registry:exact:02_mabniyat/conditional_letters_tools.json#1
62,7,4,بِمَا,بما,أَبَدَاً,قَدَّمَتْ,ISM_MAWSOOL,ISM_MAWSOOL,ISM_MAWSOOL|ISM_MABNI|HARF,Certificate,True,MASAQ:48
62,8,2,إِنَّ,إن,قُلْ,الْمَوْتَ,HARF,HARF,HARF,Certificate,False,registry:exact:02_mabniyat/letters_answers.json#4
62,8,16,بِمَا,بما,فَيُنَبِّئُكُمْ,كُنْتُمْ,ISM_MAWSOOL,ISM_MAWSOOL,ISM_MAWSOOL|ISM_MABNI|HARF,Certificate,True,MASAQ:48
62,9,7,مِنْ,من,لِلصَّلَاةِ,يَوْمِ,HARF,HARF,HARF,Hypothesis,True,registry-exact-hypothesis:exact:02_mabniyat/preposition_meanings.json#34
62,9,19,إِنْ,إن,لَكُمْ,كُنْتُمْ,HARF,HARF,HARF,Certificate,False,registry:exact:02_mabniyat/conditional_letters_tools.json#1
62,10,8,مِنْ,من,وَابْتَغُوا,فَضْلِ,HARF,HARF,HARF,Hypothesis,True,registry-exact-hypothesis:exact:02_mabniyat/preposition_meanings.json#34
62,11,11,مَا,ما,قُلْ,عِنْدَ,ISM_MAWSOOL,ISM_MAWSOOL,ISM_MAWSOOL|ISM_MABNI|HARF,Hypothesis,True,registry-exact-hypothesis:exact:02_mabniyat/relative_pronouns.json#13
62,11,15,مِنَ,من,خَيْرٌ,اللَّهْوِ,HARF,HARF,HARF,Hypothesis,True,registry-exact-hypothesis:exact:02_mabniyat/preposition_meanings.json#32
63,1,15,إِنَّ,إن,يَشْهَدُ,الْمُنَافِقِينَ,HARF,HARF,HARF,Certificate,False,registry:exact:02_mabniyat/letters_answers.json#4
63,2,10,مَا,ما,سَاءَ,كَانُوا,ISM_MAWSOOL,ISM_MAWSOOL,ISM_MAWSOOL|ISM_MABNI|HARF,Hypothesis,True,registry-exact-hypothesis:exact:02_mabniyat/relative_pronouns.json#13
63,6,13,إِنَّ,إن,لَهُمْ,اللَّهَ,HARF,HARF,HARF,Certificate,False,registry:exact:02_mabniyat/letters_answers.json#4
63,7,7,مَنْ,من,عَلَى,عِنْدَ,HARF,ISM_MAWSOOL,ISM_MAWSOOL|ISM_MABNI|HARF,Hypothesis,True,registry-exact-hypothesis:exact:02_mabniyat/relative_pronouns.json#3
63,7,11,حَتَّى,حتى,اللَّهِ,يَنْفَضُّوا,HARF,HARF,HARF,Certificate,False,registry:exact:02_mabniyat/preposition_meanings.json#48
63,10,2,مِنْ,من,وَأَنْفِقُوا,مَا,HARF,HARF,HARF,Hypothesis,True,registry-exact-hypothesis:exact:02_mabniyat/preposition_meanings.json#34
63,10,3,مَا,ما,مِنْ,رَزَقْنَاكُمْ,ISM_MAWSOOL,ISM_MAWSOOL,ISM_MAWSOOL|ISM_MABNI|HARF,Hypothesis,True,registry-exact-hypothesis:exact:02_mabniyat/relative_pronouns.json#13
63,10,5,مِنْ,من,رَزَقْنَاكُمْ,قَبْلِ,HARF,HARF,HARF,Hypothesis,True,registry-exact-hypothesis:exact:02_mabniyat/preposition_meanings.json#34
63,10,7,أَنْ,أن,قَبْلِ,يَأْتِيَ,HARF,HARF,HARF,Certificate,False,registry:plain:02_mabniyat/present_naseb_tools.json#1
63,10,20,مِنَ,من,وَأَكُنْ,الصَّالِحِينَ,HARF,HARF,HARF,Hypothesis,True,registry-exact-hypothesis:exact:02_mabniyat/preposition_meanings.json#32
63,11,10,بِمَا,بما,خَبِيرٌ,تَعْمَلُونَ,ISM_MAWSOOL,ISM_MAWSOOL,ISM_MAWSOOL|ISM_MABNI|HARF,Certificate,True,MASAQ:48
64,1,3,مَا,ما,لِلَّهِ,فِي,ISM_MAWSOOL,ISM_MAWSOOL,ISM_MAWSOOL|ISM_MABNI|HARF,Hypothesis,True,registry-exact-hypothesis:exact:02_mabniyat/relative_pronouns.json#13
64,2,9,بِمَا,بما,وَاللَّهُ,تَعْمَلُونَ,ISM_MAWSOOL,ISM_MAWSOOL,ISM_MAWSOOL|ISM_MABNI|HARF,Certificate,True,MASAQ:48
64,4,2,مَا,ما,يَعْلَمُ,فِي,ISM_MAWSOOL,ISM_MAWSOOL,ISM_MAWSOOL|ISM_MABNI|HARF,Hypothesis,True,registry-exact-hypothesis:exact:02_mabniyat/relative_pronouns.json#13
64,4,7,مَا,ما,وَيَعْلَمُ,تُسِرُّونَ,ISM_MAWSOOL,ISM_MAWSOOL,ISM_MAWSOOL|ISM_MABNI|HARF,Hypothesis,True,registry-exact-hypothesis:exact:02_mabniyat/relative_pronouns.json#13
64,5,6,مِنْ,من,كَفَرُوا,قَبْلُ,HARF,HARF,HARF,Hypothesis,True,registry-exact-hypothesis:exact:02_mabniyat/preposition_meanings.json#34
64,7,4,أَنْ,أن,كَفَرُوا,لَنْ,HARF,HARF,HARF,Certificate,False,registry:plain:02_mabniyat/present_naseb_tools.json#1
64,7,13,بِمَا,بما,لَتُنَبَّؤُنَّ,عَمِلْتُمْ,ISM_MAWSOOL,ISM_MAWSOOL,ISM_MAWSOOL|ISM_MABNI|HARF,Certificate,True,MASAQ:48
64,8,8,بِمَا,بما,وَاللَّهُ,تَعْمَلُونَ,ISM_MAWSOOL,ISM_MAWSOOL,ISM_MAWSOOL|ISM_MABNI|HARF,Certificate,True,MASAQ:48
64,9,19,مِنْ,من,تَجْرِي,تَحْتِهَا,HARF,HARF,HARF,Hypothesis,True,registry-exact-hypothesis:exact:02_mabniyat/preposition_meanings.json#34
64,11,1,مَا,ما,,أَصَابَ,HARF,ISM_MAWSOOL,ISM_MAWSOOL|ISM_MABNI|HARF,Hypothesis,True,registry-exact-hypothesis:exact:02_mabniyat/relative_pronouns.json#13
64,11,3,مِنْ,من,أَصَابَ,مُصِيبَةٍ,HARF,HARF,HARF,Hypothesis,True,registry-exact-hypothesis:exact:02_mabniyat/preposition_meanings.json#34
64,11,5,إِلَّا,إلا,مُصِيبَةٍ,بِإِذْنِ,HARF,HARF,,Certificate,False,MASAQ:106
64,13,4,إِلَّا,إلا,إِلَهَ,هُوَ,HARF,HARF,,Certificate,False,MASAQ:106
64,14,4,إِنَّ,إن,آمَنُوا,مِنْ,HARF,HARF,HARF,Certificate,False,registry:exact:02_mabniyat/letters_answers.json#4
64,14,5,مِنْ,من,إِنَّ,أَزْوَاجِكُمْ,HARF,HARF,HARF,Hypothesis,True,registry-exact-hypothesis:exact:02_mabniyat/preposition_meanings.json#34
64,17,1,إِنْ,إن,,تُقْرِضُوا,HARF,HARF,HARF,Certificate,False,registry:exact:02_mabniyat/conditional_letters_tools.json#1
65,1,15,مِنْ,من,تُخْرِجُوهُنَّ,بُيُوتِهِنَّ,HARF,HARF,HARF,Hypothesis,True,registry-exact-hypothesis:exact:02_mabniyat/preposition_meanings.json#34
65,1,19,إِلَّا,إلا,يَخْرُجْنَ,أَنْ,HARF,HARF,,Certificate,False,MASAQ:106
65,1,20,أَنْ,أن,إِلَّا,يَأْتِينَ,HARF,HARF,HARF,Certificate,False,registry:plain:02_mabniyat/present_naseb_tools.json#1
65,2,19,مَنْ,من,بِهِ,كَانَ,ISM_MAWSOOL,ISM_MAWSOOL,ISM_MAWSOOL|ISM_MABNI|HARF,Hypothesis,True,registry-exact-hypothesis:exact:02_mabniyat/relative_pronouns.json#3
65,3,2,مِنْ,من,وَيَرْزُقْهُ,حَيْثُ,HARF,HARF,HARF,Hypothesis,True,registry-exact-hypothesis:exact:02_mabniyat/preposition_meanings.json#34
65,3,12,إِنَّ,إن,حَسْبُهُ,اللَّهَ,HARF,HARF,HARF,Certificate,False,registry:exact:02_mabniyat/letters_answers.json#4
65,4,3,مِنَ,من,يَئِسْنَ,الْمَحِيضِ,HARF,HARF,HARF,Hypothesis,True,registry-exact-hypothesis:exact:02_mabniyat/preposition_meanings.json#32
65,4,5,مِنْ,من,الْمَحِيضِ,نِسَائِكُمْ,HARF,HARF,HARF,Hypothesis,True,registry-exact-hypothesis:exact:02_mabniyat/preposition_meanings.json#34
65,4,7,إِنِ,إن,نِسَائِكُمْ,ارْتَبْتُمْ,HARF,HARF,HARF,Certificate,False,registry:plain:02_mabniyat/conditional_letters_tools.json#1
65,4,18,أَنْ,أن,أَجَلُهُنَّ,يَضَعْنَ,HARF,HARF,HARF,Certificate,False,registry:plain:02_mabniyat/present_naseb_tools.json#1
65,4,26,مِنْ,من,لَهُ,أَمْرِهِ,HARF,HARF,HARF,Hypothesis,True,registry-exact-hypothesis:exact:02_mabniyat/preposition_meanings.json#34
65,6,2,مِنْ,من,أَسْكِنُوهُنَّ,حَيْثُ,HARF,HARF,HARF,Hypothesis,True,registry-exact-hypothesis:exact:02_mabniyat/preposition_meanings.json#34
65,6,5,مِنْ,من,سَكَنْتُمْ,وُجْدِكُمْ,HARF,HARF,HARF,Hypothesis,True,registry-exact-hypothesis:exact:02_mabniyat/preposition_meanings.json#34
65,6,17,حَتَّى,حتى,عَلَيْهِنَّ,يَضَعْنَ,HARF,HARF,HARF,Certificate,False,registry:exact:02_mabniyat/preposition_meanings.json#48
65,7,4,مِنْ,من,سَعَةٍ,سَعَتِهِ,HARF,HARF,HARF,Hypothesis,True,registry-exact-hypothesis:exact:02_mabniyat/preposition_meanings.json#34
65,7,18,إِلَّا,إلا,نَفْسَاً,مَا,HARF,HARF,,Certificate,False,MASAQ:106
65,7,19,مَا,ما,إِلَّا,آتَاهَا,ISM_MAWSOOL,ISM_MAWSOOL,ISM_MAWSOOL|ISM_MABNI|HARF,Hypothesis,True,registry-exact-hypothesis:exact:02_mabniyat/relative_pronouns.json#13
65,8,2,مِنْ,من,وَكَأَيِّنْ,قَرْيَةٍ,HARF,HARF,HARF,Hypothesis,True,registry-exact-hypothesis:exact:02_mabniyat/preposition_meanings.json#34
65,11,12,مِنَ,من,الصَّالِحَاتِ,الظُّلُمَاتِ,HARF,HARF,HARF,Hypothesis,True,registry-exact-hypothesis:exact:02_mabniyat/preposition_meanings.json#32
65,11,24,مِنْ,من,تَجْرِي,تَحْتِهَا,HARF,HARF,HARF,Hypothesis,True,registry-exact-hypothesis:exact:02_mabniyat/preposition_meanings.json#34
65,12,13,أَنَّ,أن,لِتَعْلَمُوا,اللَّهَ,HARF,HARF,HARF,Certificate,False,registry:exact:02_mabniyat/copulative_particle.json#2
66,1,5,مَا,ما,تُحَرِّمُ,أَحَلَّ,ISM_MAWSOOL,ISM_MAWSOOL,ISM_MAWSOOL|ISM_MABNI|HARF,Hypothesis,True,registry-exact-hypothesis:exact:02_mabniyat/relative_pronouns.json#13
66,3,23,مَنْ,من,قَالَتْ,أَنْبَأَكَ,HARF,ISM_MAWSOOL,ISM_MAWSOOL|ISM_MABNI|HARF,Hypothesis,True,registry-exact-hypothesis:exact:02_mabniyat/relative_pronouns.json#3
66,4,1,إِنْ,إن,,تَتُوبَا,HARF,HARF,HARF,Certificate,False,registry:exact:02_mabniyat/conditional_letters_tools.json#1
66,5,3,إِنْ,إن,رَبُّهُ,طَلَّقَكُنَّ,HARF,HARF,HARF,Certificate,False,registry:exact:02_mabniyat/conditional_letters_tools.json#1
66,5,5,أَنْ,أن,طَلَّقَكُنَّ,يُبْدِلَهُ,HARF,HARF,HARF,Certificate,False,registry:plain:02_mabniyat/present_naseb_tools.json#1
66,6,18,مَا,ما,اللَّهَ,أَمَرَهُمْ,ISM_MAWSOOL,ISM_MAWSOOL,ISM_MAWSOOL|ISM_MABNI|HARF,Hypothesis,True,registry-exact-hypothesis:exact:02_mabniyat/relative_pronouns.json#13
66,6,21,مَا,ما,وَيَفْعَلُونَ,يُؤْمَرُونَ,ISM_MAWSOOL,ISM_MAWSOOL,ISM_MAWSOOL|ISM_MABNI|HARF,Hypothesis,True,registry-exact-hypothesis:exact:02_mabniyat/relative_pronouns.json#13
66,7,9,مَا,ما,تُجْزَوْنَ,كُنْتُمْ,ISM_MAWSOOL,ISM_MAWSOOL,ISM_MAWSOOL|ISM_MABNI|HARF,Hypothesis,True,registry-exact-hypothesis:exact:02_mabniyat/relative_pronouns.json#13
66,8,11,أَنْ,أن,رَبُّكُمْ,يُكَفِّرَ,HARF,HARF,HARF,Certificate,False,registry:plain:02_mabniyat/present_naseb_tools.json#1
66,8,18,مِنْ,من,تَجْرِي,تَحْتِهَا,HARF,HARF,HARF,Hypothesis,True,registry-exact-hypothesis:exact:02_mabniyat/preposition_meanings.json#34
66,10,13,مِنْ,من,عَبْدَيْنِ,عِبَادِنَا,HARF,HARF,HARF,Hypothesis,True,registry-exact-hypothesis:exact:02_mabniyat/preposition_meanings.json#34
66,10,20,مِنَ,من,عَنْهُمَا,اللَّهِ,HARF,HARF,HARF,Hypothesis,True,registry-exact-hypothesis:exact:02_mabniyat/preposition_meanings.json#32
66,11,18,مِنْ,من,وَنَجِّنِي,فِرْعَوْنَ,HARF,HARF,HARF,Hypothesis,True,registry-exact-hypothesis:exact:02_mabniyat/preposition_meanings.json#34
66,11,22,مِنَ,من,وَنَجِّنِي,الْقَوْمِ,HARF,HARF,HARF,Hypothesis,True,registry-exact-hypothesis:exact:02_mabniyat/preposition_meanings.json#32
66,12,9,مِنْ,من,فِيهِ,رُوحِنَا,HARF,HARF,HARF,Hypothesis,True,registry-exact-hypothesis:exact:02_mabniyat/preposition_meanings.json#34
66,12,16,مِنَ,من,وَكَانَتْ,الْقَانِتِينَ,HARF,HARF,HARF,Hypothesis,True,registry-exact-hypothesis:exact:02_mabniyat/preposition_meanings.json#32
67,3,6,مَا,ما,طِبَاقَاً,تَرَى,HARF,ISM_MAWSOOL,ISM_MAWSOOL|ISM_MABNI|HARF,Hypothesis,True,registry-exact-hypothesis:exact:02_mabniyat/relative_pronouns.json#13
67,3,11,مِنْ,من,الرَّحْمَنِ,تَفَاوُتٍ,HARF,HARF,HARF,Hypothesis,True,registry-exact-hypothesis:exact:02_mabniyat/preposition_meanings.json#34
67,3,17,مِنْ,من,تَرَى,فُطُورٍ,HARF,HARF,HARF,Hypothesis,True,registry-exact-hypothesis:exact:02_mabniyat/preposition_meanings.json#34
67,8,3,مِنَ,من,تَمَيَّزُ,الْغَيْظِ,HARF,HARF,HARF,Hypothesis,True,registry-exact-hypothesis:exact:02_mabniyat/preposition_meanings.json#32
67,9,8,مَا,ما,وَقُلْنَا,نَزَّلَ,HARF,ISM_MAWSOOL,ISM_MAWSOOL|ISM_MABNI|HARF,Hypothesis,True,registry-exact-hypothesis:exact:02_mabniyat/relative_pronouns.json#13
67,9,11,مِنْ,من,اللَّهُ,شَيْءٍ,HARF,HARF,HARF,Hypothesis,True,registry-exact-hypothesis:exact:02_mabniyat/preposition_meanings.json#34
67,9,13,إِنْ,إن,شَيْءٍ,أَنْتُمْ,HARF,HARF,HARF,Certificate,False,registry:exact:02_mabniyat/conditional_letters_tools.json#1
67,9,15,إِلَّا,إلا,أَنْتُمْ,فِي,HARF,HARF,,Certificate,False,MASAQ:106
67,10,7,مَا,ما,نَعْقِلُ,كُنَّا,HARF,ISM_MAWSOOL,ISM_MAWSOOL|ISM_MABNI|HARF,Hypothesis,True,registry-exact-hypothesis:exact:02_mabniyat/relative_pronouns.json#13
67,12,1,إِنَّ,إن,,الَّذِينَ,HARF,HARF,HARF,Certificate,False,registry:exact:02_mabniyat/letters_answers.json#4
67,14,3,مَنْ,من,يَعْلَمُ,خَلَقَ,ISM_MAWSOOL,ISM_MAWSOOL,ISM_MAWSOOL|ISM_MABNI|HARF,Hypothesis,True,registry-exact-hypothesis:exact:02_mabniyat/relative_pronouns.json#3
67,15,11,مِنْ,من,وَكُلُوا,رِزْقِهِ,HARF,HARF,HARF,Hypothesis,True,registry-exact-hypothesis:exact:02_mabniyat/preposition_meanings.json#34
67,16,2,مَنْ,من,أَأَمِنْتُمْ,فِي,ISM_MAWSOOL,ISM_MAWSOOL,ISM_MAWSOOL|ISM_MABNI|HARF,Hypothesis,True,registry-exact-hypothesis:exact:02_mabniyat/relative_pronouns.json#3
67,16,5,أَنْ,أن,السَّمَاءِ,يَخْسِفَ,HARF,HARF,HARF,Certificate,False,registry:plain:02_mabniyat/present_naseb_tools.json#1
67,17,3,مَنْ,من,أَمِنْتُمْ,فِي,ISM_MAWSOOL,ISM_MAWSOOL,ISM_MAWSOOL|ISM_MABNI|HARF,Hypothesis,True,registry-exact-hypothesis:exact:02_mabniyat/relative_pronouns.json#3
67,17,6,أَنْ,أن,السَّمَاءِ,يُرْسِلَ,HARF,HARF,HARF,Certificate,False,registry:plain:02_mabniyat/present_naseb_tools.json#1
67,18,4,مِنْ,من,الَّذِينَ,قَبْلِهِمْ,HARF,HARF,HARF,Hypothesis,True,registry-exact-hypothesis:exact:02_mabniyat/preposition_meanings.json#34
67,19,8,مَا,ما,وَيَقْبِضْنَ,يُمْسِكُهُنَّ,HARF,ISM_MAWSOOL,ISM_MAWSOOL|ISM_MABNI|HARF,Hypothesis,True,registry-exact-hypothesis:exact:02_mabniyat/relative_pronouns.json#13
67,19,10,إِلَّا,إلا,يُمْسِكُهُنَّ,الرَّحْمَنُ,HARF,HARF,,Certificate,False,MASAQ:106
67,20,8,مِنْ,من,يَنْصُرُكُمْ,دُونِ,HARF,HARF,HARF,Hypothesis,True,registry-exact-hypothesis:exact:02_mabniyat/preposition_meanings.json#34
67,20,9,دُونِ,دون,مِنْ,الرَّحْمَنِ,ISM_MUARAB,ISM_MUARAB,,Certificate,False,MASAQ:310
67,20,11,إِنِ,إن,الرَّحْمَنِ,الْكَافِرُونَ,HARF,HARF,HARF,Certificate,False,registry:plain:02_mabniyat/conditional_letters_tools.json#1
67,20,13,إِلَّا,إلا,الْكَافِرُونَ,فِي,HARF,HARF,,Certificate,False,MASAQ:106
67,21,5,إِنْ,إن,يَرْزُقُكُمْ,أَمْسَكَ,HARF,HARF,HARF,Certificate,False,registry:exact:02_mabniyat/conditional_letters_tools.json#1
67,25,5,إِنْ,إن,الْوَعْدُ,كُنْتُمْ,HARF,HARF,HARF,Certificate,False,registry:exact:02_mabniyat/conditional_letters_tools.json#1
67,28,3,إِنْ,إن,أَرَأَيْتُمْ,أَهْلَكَنِيَ,HARF,HARF,HARF,Certificate,False,registry:exact:02_mabniyat/conditional_letters_tools.json#1
67,28,13,مِنْ,من,الْكَافِرِينَ,عَذَابٍ,HARF,HARF,HARF,Hypothesis,True,registry-exact-hypothesis:exact:02_mabniyat/preposition_meanings.json#34
67,29,9,مَنْ,من,فَسَتَعْلَمُونَ,هُوَ,ISM_MAWSOOL,ISM_MAWSOOL,ISM_MAWSOOL|ISM_MABNI|HARF,Hypothesis,True,registry-exact-hypothesis:exact:02_mabniyat/relative_pronouns.json#3
67,30,3,إِنْ,إن,أَرَأَيْتُمْ,أَصْبَحَ,HARF,HARF,HARF,Certificate,False,registry:exact:02_mabniyat/conditional_letters_tools.json#1
68,2,1,مَا,ما,,أَنْتَ,HARF,ISM_MAWSOOL,ISM_MAWSOOL|ISM_MABNI|HARF,Hypothesis,True,registry-exact-hypothesis:exact:02_mabniyat/relative_pronouns.json#13
68,3,4,غَيْرَ,غير,لَأَجْرَاً,مَمْنُونٍ,ISM_MUARAB,ISM_MUARAB,,Certificate,False,MASAQ:870
68,7,1,إِنَّ,إن,,رَبَّكَ,HARF,HARF,HARF,Certificate,False,registry:exact:02_mabniyat/letters_answers.json#4
68,14,1,أَنْ,أن,,كَانَ,HARF,HARF,HARF,Certificate,False,registry:plain:02_mabniyat/present_naseb_tools.json#1
68,19,4,مِنْ,من,طَائِفٌ,رَبِّكَ,HARF,HARF,HARF,Hypothesis,True,registry-exact-hypothesis:exact:02_mabniyat/preposition_meanings.json#34
68,22,1,أَنِ,أن,,اغْدُوا,HARF,HARF,HARF,Certificate,False,registry:plain:02_mabniyat/present_naseb_tools.json#1
68,22,5,إِنْ,إن,حَرْثِكُمْ,كُنْتُمْ,HARF,HARF,HARF,Certificate,False,registry:exact:02_mabniyat/conditional_letters_tools.json#1
68,24,1,أَنْ,أن,,لَا,HARF,HARF,HARF,Certificate,False,registry:plain:02_mabniyat/present_naseb_tools.json#1
68,32,3,أَنْ,أن,رَبُّنَا,يُبْدِلَنَا,HARF,HARF,HARF,Certificate,False,registry:plain:02_mabniyat/present_naseb_tools.json#1
68,34,1,إِنَّ,إن,,لِلْمُتَّقِينَ,HARF,HARF,HARF,Certificate,False,registry:exact:02_mabniyat/letters_answers.json#4
68,38,1,إِنَّ,إن,,لَكُمْ,HARF,HARF,HARF,Certificate,False,registry:exact:02_mabniyat/letters_answers.json#4
68,39,9,إِنَّ,إن,الْقِيَامَةِ,لَكُمْ,HARF,HARF,HARF,Certificate,False,registry:exact:02_mabniyat/letters_answers.json#4
68,41,6,إِنْ,إن,بِشُرَكَائِهِمْ,كَانُوا,HARF,HARF,HARF,Certificate,False,registry:exact:02_mabniyat/conditional_letters_tools.json#1
68,44,7,مِنْ,من,سَنَسْتَدْرِجُهُمْ,حَيْثُ,HARF,HARF,HARF,Hypothesis,True,registry-exact-hypothesis:exact:02_mabniyat/preposition_meanings.json#34
68,45,3,إِنَّ,إن,لَهُمْ,كَيْدِي,HARF,HARF,HARF,Certificate,False,registry:exact:02_mabniyat/letters_answers.json#4
68,46,5,مِنْ,من,فَهُمْ,مَغْرَمٍ,HARF,HARF,HARF,Hypothesis,True,registry-exact-hypothesis:exact:02_mabniyat/preposition_meanings.json#34
68,49,2,أَنْ,أن,لَوْلَا,تَدَارَكَهُ,HARF,HARF,HARF,Certificate,False,registry:plain:02_mabniyat/present_naseb_tools.json#1
68,49,5,مِنْ,من,نِعْمَةٌ,رَبِّهِ,HARF,HARF,HARF,Hypothesis,True,registry-exact-hypothesis:exact:02_mabniyat/preposition_meanings.json#34
68,50,4,مِنَ,من,فَجَعَلَهُ,الصَّالِحِينَ,HARF,HARF,HARF,Hypothesis,True,registry-exact-hypothesis:exact:02_mabniyat/preposition_meanings.json#32
68,52,3,إِلَّا,إلا,هُوَ,ذِكْرٌ,HARF,HARF,,Certificate,False,MASAQ:106
69,8,4,مِنْ,من,لَهُمْ,بَاقِيَةٍ,HARF,HARF,HARF,Hypothesis,True,registry-exact-hypothesis:exact:02_mabniyat/preposition_meanings.json#34
69,19,2,مَنْ,من,فَأَمَّا,أُوتِيَ,ISM_MAWSOOL,ISM_MAWSOOL,ISM_MAWSOOL|ISM_MABNI|HARF,Hypothesis,True,registry-exact-hypothesis:exact:02_mabniyat/relative_pronouns.json#3
69,24,4,بِمَا,بما,هَنِيئَاً,أَسْلَفْتُمْ,ISM_MAWSOOL,ISM_MAWSOOL,ISM_MAWSOOL|ISM_MABNI|HARF,Certificate,True,MASAQ:48
69,25,2,مَنْ,من,وَأَمَّا,أُوتِيَ,ISM_MAWSOOL,ISM_MAWSOOL,ISM_MAWSOOL|ISM_MABNI|HARF,Hypothesis,True,registry-exact-hypothesis:exact:02_mabniyat/relative_pronouns.json#3
69,28,1,مَا,ما,,أَغْنَى,HARF,ISM_MAWSOOL,ISM_MAWSOOL|ISM_MABNI|HARF,Hypothesis,True,registry-exact-hypothesis:exact:02_mabniyat/relative_pronouns.json#13
69,36,3,إِلَّا,إلا,طَعَامٌ,مِنْ,HARF,HARF,,Certificate,False,MASAQ:106
69,36,4,مِنْ,من,إِلَّا,غِسْلِينٍ,HARF,HARF,HARF,Hypothesis,True,registry-exact-hypothesis:exact:02_mabniyat/preposition_meanings.json#34
69,37,3,إِلَّا,إلا,يَأْكُلُهُ,الْخَاطِئُونَ,HARF,HARF,,Certificate,False,MASAQ:106
69,38,3,بِمَا,بما,أُقْسِمُ,تُبْصِرُونَ,ISM_MAWSOOL,ISM_MAWSOOL,ISM_MAWSOOL|ISM_MABNI|HARF,Certificate,True,MASAQ:48
69,43,2,مِنْ,من,تَنْزِيلٌ,رَبِّ,HARF,HARF,HARF,Hypothesis,True,registry-exact-hypothesis:exact:02_mabniyat/preposition_meanings.json#34
69,47,3,مِنْ,من,مِنْكُمْ,أَحَدٍ,HARF,HARF,HARF,Hypothesis,True,registry-exact-hypothesis:exact:02_mabniyat/preposition_meanings.json#34
69,49,3,أَنَّ,أن,لَنَعْلَمُ,مِنْكُمْ,HARF,HARF,HARF,Certificate,False,registry:exact:02_mabniyat/copulative_particle.json#2
70,3,1,مِنَ,من,,اللَّهِ,HARF,HARF,HARF,Hypothesis,True,registry-exact-hypothesis:exact:02_mabniyat/preposition_meanings.json#32
70,11,6,مِنْ,من,يَفْتَدِي,عَذَابِ,HARF,HARF,HARF,Hypothesis,True,registry-exact-hypothesis:exact:02_mabniyat/preposition_meanings.json#34
70,17,2,مَنْ,من,تَدْعُو,أَدْبَرَ,ISM_MAWSOOL,ISM_MAWSOOL,ISM_MAWSOOL|ISM_MABNI|HARF,Hypothesis,True,registry-exact-hypothesis:exact:02_mabniyat/relative_pronouns.json#3
70,19,1,إِنَّ,إن,,الْإِنْسَانَ,HARF,HARF,HARF,Certificate,False,registry:exact:02_mabniyat/letters_answers.json#4
70,22,1,إِلَّا,إلا,,الْمُصَلِّينَ,HARF,HARF,,Certificate,False,MASAQ:106
70,27,3,مِنْ,من,هُمْ,عَذَابِ,HARF,HARF,HARF,Hypothesis,True,registry-exact-hypothesis:exact:02_mabniyat/preposition_meanings.json#34
70,28,1,إِنَّ,إن,,عَذَابَ,HARF,HARF,HARF,Certificate,False,registry:exact:02_mabniyat/letters_answers.json#4
70,28,4,غَيْرُ,غير,رَبِّهِمْ,مَأْمُونٍ,ISM_MUARAB,ISM_MUARAB,,Certificate,False,MASAQ:11830
70,30,1,إِلَّا,إلا,,عَلَى,HARF,HARF,,Certificate,False,MASAQ:106
70,30,5,مَا,ما,أَوْ,مَلَكَتْ,ISM_MAWSOOL,ISM_MAWSOOL,ISM_MAWSOOL|ISM_MABNI|HARF,Hypothesis,True,registry-exact-hypothesis:exact:02_mabniyat/relative_pronouns.json#13
70,30,9,غَيْرُ,غير,فَإِنَّهُمْ,مَلُومِينَ,ISM_MUARAB,ISM_MUARAB,,Certificate,False,MASAQ:11830
70,38,5,أَنْ,أن,مِنْهُمْ,يُدْخَلَ,HARF,HARF,HARF,Certificate,False,registry:plain:02_mabniyat/present_naseb_tools.json#1
70,41,2,أَنْ,أن,عَلَى,نُبَدِّلَ,HARF,HARF,HARF,Certificate,False,registry:plain:02_mabniyat/present_naseb_tools.json#1
70,42,4,حَتَّى,حتى,وَيَلْعَبُوا,يُلَاقُوا,HARF,HARF,HARF,Certificate,False,registry:exact:02_mabniyat/preposition_meanings.json#48
70,43,3,مِنَ,من,يَخْرُجُونَ,الْأَجْدَاثِ,HARF,HARF,HARF,Hypothesis,True,registry-exact-hypothesis:exact:02_mabniyat/preposition_meanings.json#32
71,1,6,أَنْ,أن,قَوْمِهِ,أَنْذِرْ,HARF,HARF,HARF,Certificate,False,registry:plain:02_mabniyat/present_naseb_tools.json#1
71,1,9,مِنْ,من,قَوْمَكَ,قَبْلِ,HARF,HARF,HARF,Hypothesis,True,registry-exact-hypothesis:exact:02_mabniyat/preposition_meanings.json#34
71,1,11,أَنْ,أن,قَبْلِ,يَأْتِيَهُمْ,HARF,HARF,HARF,Certificate,False,registry:plain:02_mabniyat/present_naseb_tools.json#1
71,3,1,أَنِ,أن,,اعْبُدُوا,HARF,HARF,HARF,Certificate,False,registry:plain:02_mabniyat/present_naseb_tools.json#1
71,4,3,مِنْ,من,لَكُمْ,ذُنُوبِكُمْ,HARF,HARF,HARF,Hypothesis,True,registry-exact-hypothesis:exact:02_mabniyat/preposition_meanings.json#34
71,4,9,إِنَّ,إن,مُسَمَّىً,أَجَلَ,HARF,HARF,HARF,Certificate,False,registry:exact:02_mabniyat/letters_answers.json#4
71,6,4,إِلَّا,إلا,دُعَائِي,فِرَارَاً,HARF,HARF,,Certificate,False,MASAQ:106
71,17,3,مِنَ,من,أَنْبَتَكُمْ,الْأَرْضِ,HARF,HARF,HARF,Hypothesis,True,registry-exact-hypothesis:exact:02_mabniyat/preposition_meanings.json#32
71,21,7,مَنْ,من,وَاتَّبَعُوا,لَمْ,ISM_MAWSOOL,ISM_MAWSOOL,ISM_MAWSOOL|ISM_MABNI|HARF,Hypothesis,True,registry-exact-hypothesis:exact:02_mabniyat/relative_pronouns.json#3
71,21,12,إِلَّا,إلا,وَوَلَدُهُ,خَسَارَاً,HARF,HARF,,Certificate,False,MASAQ:106
71,24,7,إِلَّا,إلا,الظَّالِمِينَ,ضَلَالَاً,HARF,HARF,,Certificate,False,MASAQ:106
71,25,9,مِنْ,من,لَهُمْ,دُونِ,HARF,HARF,HARF,Hypothesis,True,registry-exact-hypothesis:exact:02_mabniyat/preposition_meanings.json#34
71,25,10,دُونِ,دون,مِنْ,اللَّهِ,ISM_MUARAB,ISM_MUARAB,,Certificate,False,MASAQ:310
71,26,8,مِنَ,من,الْأَرْضِ,الْكَافِرِينَ,HARF,HARF,HARF,Hypothesis,True,registry-exact-hypothesis:exact:02_mabniyat/preposition_meanings.json#32
71,27,2,إِنْ,إن,إِنَّكَ,تَذَرْهُمْ,HARF,HARF,HARF,Certificate,False,registry:exact:02_mabniyat/conditional_letters_tools.json#1
71,27,8,إِلَّا,إلا,يَلِدُوا,فَاجِرَاً,HARF,HARF,,Certificate,False,MASAQ:106
71,28,14,إِلَّا,إلا,الظَّالِمِينَ,تَبَارَاً,HARF,HARF,,Certificate,False,MASAQ:106
72,1,7,مِنَ,من,نَفَرٌ,الْجِنِّ,HARF,HARF,HARF,Hypothesis,True,registry-exact-hypothesis:exact:02_mabniyat/preposition_meanings.json#32
72,3,5,مَا,ما,رَبِّنَا,اتَّخَذَ,HARF,ISM_MAWSOOL,ISM_MAWSOOL|ISM_MABNI|HARF,Hypothesis,True,registry-exact-hypothesis:exact:02_mabniyat/relative_pronouns.json#13
72,5,3,أَنْ,أن,ظَنَنَّا,لَنْ,HARF,HARF,HARF,Certificate,False,registry:plain:02_mabniyat/present_naseb_tools.json#1
72,6,4,مِنَ,من,رِجَالٌ,الْإِنْسِ,HARF,HARF,HARF,Hypothesis,True,registry-exact-hypothesis:exact:02_mabniyat/preposition_meanings.json#32
72,6,8,مِنَ,من,بِرِجَالٍ,الْجِنِّ,HARF,HARF,HARF,Hypothesis,True,registry-exact-hypothesis:exact:02_mabniyat/preposition_meanings.json#32
72,7,5,أَنْ,أن,ظَنَنْتُمْ,لَنْ,HARF,HARF,HARF,Certificate,False,registry:plain:02_mabniyat/present_naseb_tools.json#1
72,11,5,دُونَ,دون,وَمِنَّا,ذَلِكَ,ISM_MUARAB,ISM_MUARAB,,Certificate,False,MASAQ:10836
72,12,3,أَنْ,أن,ظَنَنَّا,لَنْ,HARF,HARF,HARF,Certificate,False,registry:plain:02_mabniyat/present_naseb_tools.json#1
72,22,5,مِنَ,من,يُجِيرَنِي,اللَّهِ,HARF,HARF,HARF,Hypothesis,True,registry-exact-hypothesis:exact:02_mabniyat/preposition_meanings.json#32
72,22,10,مِنْ,من,أَجِدَ,دُونِهِ,HARF,HARF,HARF,Hypothesis,True,registry-exact-hypothesis:exact:02_mabniyat/preposition_meanings.json#34
72,23,1,إِلَّا,إلا,,بَلَاغَاً,HARF,HARF,,Certificate,False,MASAQ:106
72,23,3,مِنَ,من,بَلَاغَاً,اللَّهِ,HARF,HARF,HARF,Hypothesis,True,registry-exact-hypothesis:exact:02_mabniyat/preposition_meanings.json#32
72,24,1,حَتَّى,حتى,,إِذَا,HARF,HARF,HARF,Certificate,False,registry:exact:02_mabniyat/preposition_meanings.json#48
72,24,4,مَا,ما,رَأَوْا,يُوعَدُونَ,ISM_MAWSOOL,ISM_MAWSOOL,ISM_MAWSOOL|ISM_MABNI|HARF,Hypothesis,True,registry-exact-hypothesis:exact:02_mabniyat/relative_pronouns.json#13
72,25,2,إِنْ,إن,قُلْ,أَدْرِي,HARF,HARF,HARF,Certificate,False,registry:exact:02_mabniyat/conditional_letters_tools.json#1
72,25,5,مَا,ما,أَقَرِيبٌ,تُوعَدُونَ,ISM_MAWSOOL,ISM_MAWSOOL,ISM_MAWSOOL|ISM_MABNI|HARF,Hypothesis,True,registry-exact-hypothesis:exact:02_mabniyat/relative_pronouns.json#13
72,27,1,إِلَّا,إلا,,مَنِ,HARF,HARF,,Certificate,False,MASAQ:106
72,27,2,مَنِ,من,إِلَّا,ارْتَضَى,ISM_MAWSOOL,ISM_MAWSOOL,ISM_MAWSOOL|ISM_MABNI|HARF,Certificate,True,MASAQ:3539
72,27,4,مِنْ,من,ارْتَضَى,رَسُولٍ,HARF,HARF,HARF,Hypothesis,True,registry-exact-hypothesis:exact:02_mabniyat/preposition_meanings.json#34
72,27,8,مِنْ,من,يَسْلُكُ,بَيْنِ,HARF,HARF,HARF,Hypothesis,True,registry-exact-hypothesis:exact:02_mabniyat/preposition_meanings.json#34
72,28,2,أَنْ,أن,لِيَعْلَمَ,قَدْ,HARF,HARF,HARF,Certificate,False,registry:plain:02_mabniyat/present_naseb_tools.json#1
72,28,8,بِمَا,بما,وَأَحَاطَ,لَدَيْهِمْ,ISM_MAWSOOL,ISM_MAWSOOL,ISM_MAWSOOL|ISM_MABNI|HARF,Certificate,True,MASAQ:48
73,2,3,إِلَّا,إلا,اللَّيْلَ,قَلِيلَاً,HARF,HARF,,Certificate,False,MASAQ:106
73,6,1,إِنَّ,إن,,نَاشِئَةَ,HARF,HARF,HARF,Certificate,False,registry:exact:02_mabniyat/letters_answers.json#4
73,7,1,إِنَّ,إن,,لَكَ,HARF,HARF,HARF,Certificate,False,registry:exact:02_mabniyat/letters_answers.json#4
73,9,6,إِلَّا,إلا,إِلَهَ,هُوَ,HARF,HARF,,Certificate,False,MASAQ:106
73,10,3,مَا,ما,عَلَى,يَقُولُونَ,ISM_MAWSOOL,ISM_MAWSOOL,ISM_MAWSOOL|ISM_MABNI|HARF,Hypothesis,True,registry-exact-hypothesis:exact:02_mabniyat/relative_pronouns.json#13
73,12,1,إِنَّ,إن,,لَدَيْنَا,HARF,HARF,HARF,Certificate,False,registry:exact:02_mabniyat/letters_answers.json#4
73,17,3,إِنْ,إن,تَتَّقُونَ,كَفَرْتُمْ,HARF,HARF,HARF,Certificate,False,registry:exact:02_mabniyat/conditional_letters_tools.json#1
73,19,1,إِنَّ,إن,,هَذِهِ,HARF,HARF,HARF,Certificate,False,registry:exact:02_mabniyat/letters_answers.json#4
73,20,1,إِنَّ,إن,,رَبَّكَ,HARF,HARF,HARF,Certificate,False,registry:exact:02_mabniyat/letters_answers.json#4
73,20,7,مِنْ,من,أَدْنَى,ثُلُثَيِ,HARF,HARF,HARF,Hypothesis,True,registry-exact-hypothesis:exact:02_mabniyat/preposition_meanings.json#34
73,20,13,مِنَ,من,وَطَائِفَةٌ,الَّذِينَ,HARF,HARF,HARF,Hypothesis,True,registry-exact-hypothesis:exact:02_mabniyat/preposition_meanings.json#32
73,20,21,أَنْ,أن,عَلِمَ,لَنْ,HARF,HARF,HARF,Certificate,False,registry:plain:02_mabniyat/present_naseb_tools.json#1
73,20,27,مَا,ما,فَاقْرَءُوا,تَيَسَّرَ,ISM_MAWSOOL,ISM_MAWSOOL,ISM_MAWSOOL|ISM_MABNI|HARF,Hypothesis,True,registry-exact-hypothesis:exact:02_mabniyat/relative_pronouns.json#13
73,20,29,مِنَ,من,تَيَسَّرَ,الْقُرْآنِ,HARF,HARF,HARF,Hypothesis,True,registry-exact-hypothesis:exact:02_mabniyat/preposition_meanings.json#32
73,20,32,أَنْ,أن,عَلِمَ,سَيَكُونُ,HARF,HARF,HARF,Certificate,False,registry:plain:02_mabniyat/present_naseb_tools.json#1
73,20,41,مِنْ,من,يَبْتَغُونَ,فَضْلِ,HARF,HARF,HARF,Hypothesis,True,registry-exact-hypothesis:exact:02_mabniyat/preposition_meanings.json#34
73,20,50,مَا,ما,فَاقْرَءُوا,تَيَسَّرَ,ISM_MAWSOOL,ISM_MAWSOOL,ISM_MAWSOOL|ISM_MABNI|HARF,Hypothesis,True,registry-exact-hypothesis:exact:02_mabniyat/relative_pronouns.json#13
73,20,64,مِنْ,من,لِأَنْفُسِكُمْ,خَيْرٍ,HARF,HARF,HARF,Hypothesis,True,registry-exact-hypothesis:exact:02_mabniyat/preposition_meanings.json#34
73,20,75,إِنَّ,إن,اللَّهَ,اللَّهَ,HARF,HARF,HARF,Certificate,False,registry:exact:02_mabniyat/letters_answers.json#4
74,10,3,غَيْرُ,غير,الْكَافِرِينَ,يَسِيرٍ,ISM_MUARAB,ISM_MUARAB,,Certificate,False,MASAQ:11830
74,15,3,أَنْ,أن,يَطْمَعُ,أَزِيدَ,HARF,HARF,HARF,Certificate,False,registry:plain:02_mabniyat/present_naseb_tools.json#1
74,24,2,إِنْ,إن,فَقَالَ,هَذَا,HARF,HARF,HARF,Certificate,False,registry:exact:02_mabniyat/conditional_letters_tools.json#1
74,24,4,إِلَّا,إلا,هَذَا,سِحْرٌ,HARF,HARF,,Certificate,False,MASAQ:106
74,25,1,إِنْ,إن,,هَذَا,HARF,HARF,HARF,Certificate,False,registry:exact:02_mabniyat/conditional_letters_tools.json#1
74,25,3,إِلَّا,إلا,هَذَا,قَوْلُ,HARF,HARF,,Certificate,False,MASAQ:106
74,31,5,إِلَّا,إلا,النَّارِ,مَلَائِكَةً,HARF,HARF,,Certificate,False,MASAQ:106
74,31,10,إِلَّا,إلا,عِدَّتَهُمْ,فِتْنَةً,HARF,HARF,,Certificate,False,MASAQ:106
74,31,42,مَنْ,من,اللَّهُ,يَشَاءُ,ISM_MAWSOOL,ISM_MAWSOOL,ISM_MAWSOOL|ISM_MABNI|HARF,Hypothesis,True,registry-exact-hypothesis:exact:02_mabniyat/relative_pronouns.json#3
74,31,45,مَنْ,من,وَيَهْدِي,يَشَاءُ,ISM_MAWSOOL,ISM_MAWSOOL,ISM_MAWSOOL|ISM_MABNI|HARF,Hypothesis,True,registry-exact-hypothesis:exact:02_mabniyat/relative_pronouns.json#3
74,31,51,إِلَّا,إلا,رَبِّكَ,هُوَ,HARF,HARF,,Certificate,False,MASAQ:106
74,31,55,إِلَّا,إلا,هِيَ,ذِكْرَى,HARF,HARF,,Certificate,False,MASAQ:106
74,37,4,أَنْ,أن,مِنْكُمْ,يَتَقَدَّمَ,HARF,HARF,HARF,Certificate,False,registry:plain:02_mabniyat/present_naseb_tools.json#1
74,38,3,بِمَا,بما,نَفْسٍ,كَسَبَتْ,ISM_MAWSOOL,ISM_MAWSOOL,ISM_MAWSOOL|ISM_MABNI|HARF,Certificate,True,MASAQ:48
74,39,1,إِلَّا,إلا,,أَصْحَابَ,HARF,HARF,,Certificate,False,MASAQ:106
74,43,4,مِنَ,من,نَكُ,الْمُصَلِّينَ,HARF,HARF,HARF,Hypothesis,True,registry-exact-hypothesis:exact:02_mabniyat/preposition_meanings.json#32
74,47,1,حَتَّى,حتى,,أَتَانَا,HARF,HARF,HARF,Certificate,False,registry:exact:02_mabniyat/preposition_meanings.json#48
74,51,2,مِنْ,من,فَرَّتْ,قَسْوَرَةٍ,HARF,HARF,HARF,Hypothesis,True,registry-exact-hypothesis:exact:02_mabniyat/preposition_meanings.json#34
74,52,6,أَنْ,أن,مِنْهُمْ,يُؤْتَى,HARF,HARF,HARF,Certificate,False,registry:plain:02_mabniyat/present_naseb_tools.json#1
74,56,3,إِلَّا,إلا,يَذْكُرُونَ,أَنْ,HARF,HARF,,Certificate,False,MASAQ:106
74,56,4,أَنْ,أن,إِلَّا,يَشَاءَ,HARF,HARF,HARF,Certificate,False,registry:plain:02_mabniyat/present_naseb_tools.json#1
75,4,4,أَنْ,أن,عَلَى,نُسَوِّيَ,HARF,HARF,HARF,Certificate,False,registry:plain:02_mabniyat/present_naseb_tools.json#1
75,13,4,بِمَا,بما,يَوْمَئِذٍ,قَدَّمَ,ISM_MAWSOOL,ISM_MAWSOOL,ISM_MAWSOOL|ISM_MABNI|HARF,Certificate,True,MASAQ:48
75,17,1,إِنَّ,إن,,عَلَيْنَا,HARF,HARF,HARF,Certificate,False,registry:exact:02_mabniyat/letters_answers.json#4
75,19,2,إِنَّ,إن,ثُمَّ,عَلَيْنَا,HARF,HARF,HARF,Certificate,False,registry:exact:02_mabniyat/letters_answers.json#4
75,25,2,أَنْ,أن,تَظُنُّ,يُفْعَلَ,HARF,HARF,HARF,Certificate,False,registry:plain:02_mabniyat/present_naseb_tools.json#1
75,36,3,أَنْ,أن,الْإِنْسَانُ,يُتْرَكَ,HARF,HARF,HARF,Certificate,False,registry:plain:02_mabniyat/present_naseb_tools.json#1
75,37,4,مِنْ,من,نُطْفَةً,مَنِيٍّ,HARF,HARF,HARF,Hypothesis,True,registry-exact-hypothesis:exact:02_mabniyat/preposition_meanings.json#34
75,40,5,أَنْ,أن,عَلَى,يُحْيِيَ,HARF,HARF,HARF,Certificate,False,registry:plain:02_mabniyat/present_naseb_tools.json#1
76,1,6,مِنَ,من,حِينٌ,الدَّهْرِ,HARF,HARF,HARF,Hypothesis,True,registry-exact-hypothesis:exact:02_mabniyat/preposition_meanings.json#32
76,2,4,مِنْ,من,الْإِنْسَانَ,نُطْفَةٍ,HARF,HARF,HARF,Hypothesis,True,registry-exact-hypothesis:exact:02_mabniyat/preposition_meanings.json#34
76,5,1,إِنَّ,إن,,الْأَبْرَارَ,HARF,HARF,HARF,Certificate,False,registry:exact:02_mabniyat/letters_answers.json#4
76,5,4,مِنْ,من,يَشْرَبُونَ,كَأْسٍ,HARF,HARF,HARF,Hypothesis,True,registry-exact-hypothesis:exact:02_mabniyat/preposition_meanings.json#34
76,10,3,مِنْ,من,نَخَافُ,رَبِّنَا,HARF,HARF,HARF,Hypothesis,True,registry-exact-hypothesis:exact:02_mabniyat/preposition_meanings.json#34
76,12,2,بِمَا,بما,وَجَزَاهُمْ,صَبَرُوا,ISM_MAWSOOL,ISM_MAWSOOL,ISM_MAWSOOL|ISM_MABNI|HARF,Certificate,True,MASAQ:48
76,15,4,مِنْ,من,بِآنِيَةٍ,فِضَّةٍ,HARF,HARF,HARF,Hypothesis,True,registry-exact-hypothesis:exact:02_mabniyat/preposition_meanings.json#34
76,16,2,مِنْ,من,قَوَارِيرَ,فِضَّةٍ,HARF,HARF,HARF,Hypothesis,True,registry-exact-hypothesis:exact:02_mabniyat/preposition_meanings.json#34
76,21,8,مِنْ,من,أَسَاوِرَ,فِضَّةٍ,HARF,HARF,HARF,Hypothesis,True,registry-exact-hypothesis:exact:02_mabniyat/preposition_meanings.json#34
76,22,1,إِنَّ,إن,,هَذَا,HARF,HARF,HARF,Certificate,False,registry:exact:02_mabniyat/letters_answers.json#4
76,27,1,إِنَّ,إن,,هَؤُلَاءِ,HARF,HARF,HARF,Certificate,False,registry:exact:02_mabniyat/letters_answers.json#4
76,29,1,إِنَّ,إن,,هَذِهِ,HARF,HARF,HARF,Certificate,False,registry:exact:02_mabniyat/letters_answers.json#4
76,30,3,إِلَّا,إلا,تَشَاءُونَ,أَنْ,HARF,HARF,,Certificate,False,MASAQ:106
76,30,4,أَنْ,أن,إِلَّا,يَشَاءَ,HARF,HARF,HARF,Certificate,False,registry:plain:02_mabniyat/present_naseb_tools.json#1
76,30,7,إِنَّ,إن,اللَّهُ,اللَّهَ,HARF,HARF,HARF,Certificate,False,registry:exact:02_mabniyat/letters_answers.json#4
76,31,2,مَنْ,من,يُدْخِلُ,يَشَاءُ,ISM_MAWSOOL,ISM_MAWSOOL,ISM_MAWSOOL|ISM_MABNI|HARF,Hypothesis,True,registry-exact-hypothesis:exact:02_mabniyat/relative_pronouns.json#3
77,20,3,مِنْ,من,نَخْلُقْكُمْ,مَاءٍ,HARF,HARF,HARF,Hypothesis,True,registry-exact-hypothesis:exact:02_mabniyat/preposition_meanings.json#34
77,29,3,مَا,ما,إِلَى,كُنْتُمْ,ISM_MAWSOOL,ISM_MAWSOOL,ISM_MAWSOOL|ISM_MABNI|HARF,Hypothesis,True,registry-exact-hypothesis:exact:02_mabniyat/relative_pronouns.json#13
77,31,5,مِنَ,من,يُغْنِي,اللَّهَبِ,HARF,HARF,HARF,Hypothesis,True,registry-exact-hypothesis:exact:02_mabniyat/preposition_meanings.json#32
77,41,1,إِنَّ,إن,,الْمُتَّقِينَ,HARF,HARF,HARF,Certificate,False,registry:exact:02_mabniyat/letters_answers.json#4
77,43,4,بِمَا,بما,هَنِيئَاً,كُنْتُمْ,ISM_MAWSOOL,ISM_MAWSOOL,ISM_MAWSOOL|ISM_MABNI|HARF,Certificate,True,MASAQ:48
78,14,2,مِنَ,من,وَأَنْزَلْنَا,الْمُعْصِرَاتِ,HARF,HARF,HARF,Hypothesis,True,registry-exact-hypothesis:exact:02_mabniyat/preposition_meanings.json#32
78,17,1,إِنَّ,إن,,يَوْمَ,HARF,HARF,HARF,Certificate,False,registry:exact:02_mabniyat/letters_answers.json#4
78,21,1,إِنَّ,إن,,جَهَنَّمَ,HARF,HARF,HARF,Certificate,False,registry:exact:02_mabniyat/letters_answers.json#4
78,25,1,إِلَّا,إلا,,حَمِيمَاً,HARF,HARF,,Certificate,False,MASAQ:106
78,30,4,إِلَّا,إلا,نَزِيدَكُمْ,عَذَابَاً,HARF,HARF,,Certificate,False,MASAQ:106
78,31,1,إِنَّ,إن,,لِلْمُتَّقِينَ,HARF,HARF,HARF,Certificate,False,registry:exact:02_mabniyat/letters_answers.json#4
78,36,2,مِنْ,من,جَزَاءً,رَبِّكَ,HARF,HARF,HARF,Hypothesis,True,registry-exact-hypothesis:exact:02_mabniyat/preposition_meanings.json#34
78,38,8,إِلَّا,إلا,يَتَكَلَّمُونَ,مَنْ,HARF,HARF,,Certificate,False,MASAQ:106
78,38,9,مَنْ,من,إِلَّا,أَذِنَ,ISM_MAWSOOL,ISM_MAWSOOL,ISM_MAWSOOL|ISM_MABNI|HARF,Hypothesis,True,registry-exact-hypothesis:exact:02_mabniyat/relative_pronouns.json#3
78,40,8,مَا,ما,الْمَرْءُ,قَدَّمَتْ,ISM_MAWSOOL,ISM_MAWSOOL,ISM_MAWSOOL|ISM_MABNI|HARF,Hypothesis,True,registry-exact-hypothesis:exact:02_mabniyat/relative_pronouns.json#13
79,18,5,أَنْ,أن,إِلَى,تَزَكَّى,HARF,HARF,HARF,Certificate,False,registry:plain:02_mabniyat/present_naseb_tools.json#1
79,26,1,إِنَّ,إن,,فِي,HARF,HARF,HARF,Certificate,False,registry:exact:02_mabniyat/letters_answers.json#4
79,35,4,مَا,ما,الْإِنْسَانُ,سَعَى,ISM_MAWSOOL,ISM_MAWSOOL,ISM_MAWSOOL|ISM_MABNI|HARF,Hypothesis,True,registry-exact-hypothesis:exact:02_mabniyat/relative_pronouns.json#13
79,37,2,مَنْ,من,فَأَمَّا,طَغَى,ISM_MAWSOOL,ISM_MAWSOOL,ISM_MAWSOOL|ISM_MABNI|HARF,Hypothesis,True,registry-exact-hypothesis:exact:02_mabniyat/relative_pronouns.json#3
79,40,2,مَنْ,من,وَأَمَّا,خَافَ,ISM_MAWSOOL,ISM_MAWSOOL,ISM_MAWSOOL|ISM_MABNI|HARF,Hypothesis,True,registry-exact-hypothesis:exact:02_mabniyat/relative_pronouns.json#3
79,43,3,مِنْ,من,أَنْتَ,ذِكْرَاهَا,ISM_MAWSOOL,HARF,HARF,Hypothesis,True,registry-exact-hypothesis:exact:02_mabniyat/preposition_meanings.json#34
79,45,4,مَنْ,من,مُنْذِرُ,يَخْشَاهَا,ISM_MAWSOOL,ISM_MAWSOOL,ISM_MAWSOOL|ISM_MABNI|HARF,Hypothesis,True,registry-exact-hypothesis:exact:02_mabniyat/relative_pronouns.json#3
79,46,6,إِلَّا,إلا,يَلْبَثُوا,عَشِيَّةً,HARF,HARF,,Certificate,False,MASAQ:106
80,2,1,أَنْ,أن,,جَاءَهُ,HARF,HARF,HARF,Certificate,False,registry:plain:02_mabniyat/present_naseb_tools.json#1
80,5,2,مَنِ,من,أَمَّا,اسْتَغْنَى,ISM_MAWSOOL,ISM_MAWSOOL,ISM_MAWSOOL|ISM_MABNI|HARF,Certificate,True,MASAQ:3539
80,8,2,مَنْ,من,وَأَمَّا,جَاءَكَ,ISM_MAWSOOL,ISM_MAWSOOL,ISM_MAWSOOL|ISM_MABNI|HARF,Hypothesis,True,registry-exact-hypothesis:exact:02_mabniyat/relative_pronouns.json#3
80,18,1,مِنْ,من,,أَيِّ,HARF,HARF,HARF,Hypothesis,True,registry-exact-hypothesis:exact:02_mabniyat/preposition_meanings.json#34
80,19,1,مِنْ,من,,نُطْفَةٍ,HARF,HARF,HARF,Hypothesis,True,registry-exact-hypothesis:exact:02_mabniyat/preposition_meanings.json#34
80,23,4,مَا,ما,يَقْضِ,أَمَرَهُ,ISM_MAWSOOL,ISM_MAWSOOL,ISM_MAWSOOL|ISM_MABNI|HARF,Hypothesis,True,registry-exact-hypothesis:exact:02_mabniyat/relative_pronouns.json#13
80,34,4,مِنْ,من,الْمَرْءُ,أَخِيهِ,HARF,HARF,HARF,Hypothesis,True,registry-exact-hypothesis:exact:02_mabniyat/preposition_meanings.json#34
81,14,3,مَا,ما,نَفْسٌ,أَحْضَرَتْ,ISM_MAWSOOL,ISM_MAWSOOL,ISM_MAWSOOL|ISM_MABNI|HARF,Hypothesis,True,registry-exact-hypothesis:exact:02_mabniyat/relative_pronouns.json#13
81,27,1,إِنْ,إن,,هُوَ,HARF,HARF,HARF,Certificate,False,registry:exact:02_mabniyat/conditional_letters_tools.json#1
81,27,3,إِلَّا,إلا,هُوَ,ذِكْرٌ,HARF,HARF,,Certificate,False,MASAQ:106
81,28,4,أَنْ,أن,مِنْكُمْ,يَسْتَقِيمَ,HARF,HARF,HARF,Certificate,False,registry:plain:02_mabniyat/present_naseb_tools.json#1
81,29,3,إِلَّا,إلا,تَشَاءُونَ,أَنْ,HARF,HARF,,Certificate,False,MASAQ:106
81,29,4,أَنْ,أن,إِلَّا,يَشَاءَ,HARF,HARF,HARF,Certificate,False,registry:plain:02_mabniyat/present_naseb_tools.json#1
82,5,3,مَا,ما,نَفْسٌ,قَدَّمَتْ,ISM_MAWSOOL,ISM_MAWSOOL,ISM_MAWSOOL|ISM_MABNI|HARF,Hypothesis,True,registry-exact-hypothesis:exact:02_mabniyat/relative_pronouns.json#13
82,12,2,مَا,ما,يَعْلَمُونَ,تَفْعَلُونَ,ISM_MAWSOOL,ISM_MAWSOOL,ISM_MAWSOOL|ISM_MABNI|HARF,Hypothesis,True,registry-exact-hypothesis:exact:02_mabniyat/relative_pronouns.json#13
82,13,1,إِنَّ,إن,,الْأَبْرَارَ,HARF,HARF,HARF,Certificate,False,registry:exact:02_mabniyat/letters_answers.json#4
83,7,2,إِنَّ,إن,كَلَّا,كِتَابَ,HARF,HARF,HARF,Certificate,False,registry:exact:02_mabniyat/letters_answers.json#4
83,12,4,إِلَّا,إلا,بِهِ,كُلُّ,HARF,HARF,,Certificate,False,MASAQ:106
83,14,6,مَا,ما,قُلُوبِهِمْ,كَانُوا,ISM_MAWSOOL,ISM_MAWSOOL,ISM_MAWSOOL|ISM_MABNI|HARF,Hypothesis,True,registry-exact-hypothesis:exact:02_mabniyat/relative_pronouns.json#13
83,18,2,إِنَّ,إن,كَلَّا,كِتَابَ,HARF,HARF,HARF,Certificate,False,registry:exact:02_mabniyat/letters_answers.json#4
83,22,1,إِنَّ,إن,,الْأَبْرَارَ,HARF,HARF,HARF,Certificate,False,registry:exact:02_mabniyat/letters_answers.json#4
83,25,2,مِنْ,من,يُسْقَوْنَ,رَحِيقٍ,HARF,HARF,HARF,Hypothesis,True,registry-exact-hypothesis:exact:02_mabniyat/preposition_meanings.json#34
83,27,2,مِنْ,من,وَمِزَاجُهُ,تَسْنِيمٍ,HARF,HARF,HARF,Hypothesis,True,registry-exact-hypothesis:exact:02_mabniyat/preposition_meanings.json#34
83,29,1,إِنَّ,إن,,الَّذِينَ,HARF,HARF,HARF,Certificate,False,registry:exact:02_mabniyat/letters_answers.json#4
83,29,5,مِنَ,من,كَانُوا,الَّذِينَ,HARF,HARF,HARF,Hypothesis,True,registry-exact-hypothesis:exact:02_mabniyat/preposition_meanings.json#32
83,32,4,إِنَّ,إن,قَالُوا,هَؤُلَاءِ,HARF,HARF,HARF,Certificate,False,registry:exact:02_mabniyat/letters_answers.json#4
83,34,4,مِنَ,من,آمَنُوا,الْكُفَّارِ,HARF,HARF,HARF,Hypothesis,True,registry-exact-hypothesis:exact:02_mabniyat/preposition_meanings.json#32
83,36,4,مَا,ما,الْكُفَّارُ,كَانُوا,ISM_MAWSOOL,ISM_MAWSOOL,ISM_MAWSOOL|ISM_MABNI|HARF,Hypothesis,True,registry-exact-hypothesis:exact:02_mabniyat/relative_pronouns.json#13
84,4,2,مَا,ما,وَأَلْقَتْ,فِيهَا,ISM_MAWSOOL,ISM_MAWSOOL,ISM_MAWSOOL|ISM_MABNI|HARF,Hypothesis,True,registry-exact-hypothesis:exact:02_mabniyat/relative_pronouns.json#13
84,7,2,مَنْ,من,فَأَمَّا,أُوتِيَ,ISM_MAWSOOL,ISM_MAWSOOL,ISM_MAWSOOL|ISM_MABNI|HARF,Hypothesis,True,registry-exact-hypothesis:exact:02_mabniyat/relative_pronouns.json#3
84,10,2,مَنْ,من,وَأَمَّا,أُوتِيَ,ISM_MAWSOOL,ISM_MAWSOOL,ISM_MAWSOOL|ISM_MABNI|HARF,Hypothesis,True,registry-exact-hypothesis:exact:02_mabniyat/relative_pronouns.json#3
84,14,3,أَنْ,أن,ظَنَّ,لَنْ,HARF,HARF,HARF,Certificate,False,registry:plain:02_mabniyat/present_naseb_tools.json#1
84,15,2,إِنَّ,إن,بَلَى,رَبَّهُ,HARF,HARF,HARF,Certificate,False,registry:exact:02_mabniyat/letters_answers.json#4
84,23,3,بِمَا,بما,أَعْلَمُ,يُوعُونَ,ISM_MAWSOOL,ISM_MAWSOOL,ISM_MAWSOOL|ISM_MABNI|HARF,Certificate,True,MASAQ:48
84,25,1,إِلَّا,إلا,,الَّذِينَ,HARF,HARF,,Certificate,False,MASAQ:106
84,25,8,غَيْرُ,غير,أَجْرٌ,مَمْنُونٍ,ISM_MUARAB,ISM_MUARAB,,Certificate,False,MASAQ:11830
85,7,3,مَا,ما,عَلَى,يَفْعَلُونَ,ISM_MAWSOOL,ISM_MAWSOOL,ISM_MAWSOOL|ISM_MABNI|HARF,Hypothesis,True,registry-exact-hypothesis:exact:02_mabniyat/relative_pronouns.json#13
85,8,4,إِلَّا,إلا,مِنْهُمْ,أَنْ,HARF,HARF,,Certificate,False,MASAQ:106
85,8,5,أَنْ,أن,إِلَّا,يُؤْمِنُوا,HARF,HARF,HARF,Certificate,False,registry:plain:02_mabniyat/present_naseb_tools.json#1
85,10,1,إِنَّ,إن,,الَّذِينَ,HARF,HARF,HARF,Certificate,False,registry:exact:02_mabniyat/letters_answers.json#4
85,11,1,إِنَّ,إن,,الَّذِينَ,HARF,HARF,HARF,Certificate,False,registry:exact:02_mabniyat/letters_answers.json#4
85,11,9,مِنْ,من,تَجْرِي,تَحْتِهَا,HARF,HARF,HARF,Hypothesis,True,registry-exact-hypothesis:exact:02_mabniyat/preposition_meanings.json#34
85,12,1,إِنَّ,إن,,بَطْشَ,HARF,HARF,HARF,Certificate,False,registry:exact:02_mabniyat/letters_answers.json#4
85,20,2,مِنْ,من,وَاللَّهُ,وَرَائِهِمْ,HARF,HARF,HARF,Hypothesis,True,registry-exact-hypothesis:exact:02_mabniyat/preposition_meanings.json#34
86,4,1,إِنْ,إن,,كُلُّ,HARF,HARF,HARF,Certificate,False,registry:exact:02_mabniyat/conditional_letters_tools.json#1
86,6,2,مِنْ,من,خُلِقَ,مَاءٍ,HARF,HARF,HARF,Hypothesis,True,registry-exact-hypothesis:exact:02_mabniyat/preposition_meanings.json#34
86,7,2,مِنْ,من,يَخْرُجُ,بَيْنِ,HARF,HARF,HARF,Hypothesis,True,registry-exact-hypothesis:exact:02_mabniyat/preposition_meanings.json#34
86,10,3,مِنْ,من,لَهُ,قُوَّةٍ,HARF,HARF,HARF,Hypothesis,True,registry-exact-hypothesis:exact:02_mabniyat/preposition_meanings.json#34
87,7,1,إِلَّا,إلا,,مَا,HARF,HARF,,Certificate,False,MASAQ:106
87,7,2,مَا,ما,إِلَّا,شَاءَ,ISM_MAWSOOL,ISM_MAWSOOL,ISM_MAWSOOL|ISM_MABNI|HARF,Hypothesis,True,registry-exact-hypothesis:exact:02_mabniyat/relative_pronouns.json#13
87,9,2,إِنْ,إن,فَذَكِّرْ,نَفَعَتِ,HARF,HARF,HARF,Certificate,False,registry:exact:02_mabniyat/conditional_letters_tools.json#1
87,10,2,مَنْ,من,سَيَذَّكَّرُ,يَخْشَى,ISM_MAWSOOL,ISM_MAWSOOL,ISM_MAWSOOL|ISM_MABNI|HARF,Hypothesis,True,registry-exact-hypothesis:exact:02_mabniyat/relative_pronouns.json#3
87,14,3,مَنْ,من,أَفْلَحَ,تَزَكَّى,ISM_MAWSOOL,ISM_MAWSOOL,ISM_MAWSOOL|ISM_MABNI|HARF,Hypothesis,True,registry-exact-hypothesis:exact:02_mabniyat/relative_pronouns.json#3
87,18,1,إِنَّ,إن,,هَذَا,HARF,HARF,HARF,Certificate,False,registry:exact:02_mabniyat/letters_answers.json#4
88,5,2,مِنْ,من,تُسْقَى,عَيْنٍ,HARF,HARF,HARF,Hypothesis,True,registry-exact-hypothesis:exact:02_mabniyat/preposition_meanings.json#34
88,6,4,إِلَّا,إلا,طَعَامٌ,مِنْ,HARF,HARF,,Certificate,False,MASAQ:106
88,6,5,مِنْ,من,إِلَّا,ضَرِيعٍ,HARF,HARF,HARF,Hypothesis,True,registry-exact-hypothesis:exact:02_mabniyat/preposition_meanings.json#34
88,7,5,مِنْ,من,يُغْنِي,جُوعٍ,HARF,HARF,HARF,Hypothesis,True,registry-exact-hypothesis:exact:02_mabniyat/preposition_meanings.json#34
88,23,1,إِلَّا,إلا,,مَنْ,HARF,HARF,,Certificate,False,MASAQ:106
88,23,2,مَنْ,من,إِلَّا,تَوَلَّى,ISM_MAWSOOL,ISM_MAWSOOL,ISM_MAWSOOL|ISM_MABNI|HARF,Hypothesis,True,registry-exact-hypothesis:exact:02_mabniyat/relative_pronouns.json#3
88,25,1,إِنَّ,إن,,إِلَيْنَا,HARF,HARF,HARF,Certificate,False,registry:exact:02_mabniyat/letters_answers.json#4
88,26,2,إِنَّ,إن,ثُمَّ,عَلَيْنَا,HARF,HARF,HARF,Certificate,False,registry:exact:02_mabniyat/letters_answers.json#4
89,14,1,إِنَّ,إن,,رَبَّكَ,HARF,HARF,HARF,Certificate,False,registry:exact:02_mabniyat/letters_answers.json#4
90,5,2,أَنْ,أن,أَيَحْسَبُ,لَنْ,HARF,HARF,HARF,Certificate,False,registry:plain:02_mabniyat/present_naseb_tools.json#1
90,7,2,أَنْ,أن,أَيَحْسَبُ,لَمْ,HARF,HARF,HARF,Certificate,False,registry:plain:02_mabniyat/present_naseb_tools.json#1
90,17,3,مِنَ,من,كَانَ,الَّذِينَ,HARF,HARF,HARF,Hypothesis,True,registry-exact-hypothesis:exact:02_mabniyat/preposition_meanings.json#32
91,9,3,مَنْ,من,أَفْلَحَ,زَكَّاهَا,ISM_MAWSOOL,ISM_MAWSOOL,ISM_MAWSOOL|ISM_MABNI|HARF,Hypothesis,True,registry-exact-hypothesis:exact:02_mabniyat/relative_pronouns.json#3
91,10,3,مَنْ,من,خَابَ,دَسَّاهَا,ISM_MAWSOOL,ISM_MAWSOOL,ISM_MAWSOOL|ISM_MABNI|HARF,Hypothesis,True,registry-exact-hypothesis:exact:02_mabniyat/relative_pronouns.json#3
92,4,1,إِنَّ,إن,,سَعْيَكُمْ,HARF,HARF,HARF,Certificate,False,registry:exact:02_mabniyat/letters_answers.json#4
92,5,2,مَنْ,من,فَأَمَّا,أَعْطَى,ISM_MAWSOOL,ISM_MAWSOOL,ISM_MAWSOOL|ISM_MABNI|HARF,Hypothesis,True,registry-exact-hypothesis:exact:02_mabniyat/relative_pronouns.json#3
92,8,2,مَنْ,من,وَأَمَّا,بَخِلَ,ISM_MAWSOOL,ISM_MAWSOOL,ISM_MAWSOOL|ISM_MABNI|HARF,Hypothesis,True,registry-exact-hypothesis:exact:02_mabniyat/relative_pronouns.json#3
92,12,1,إِنَّ,إن,,عَلَيْنَا,HARF,HARF,HARF,Certificate,False,registry:exact:02_mabniyat/letters_answers.json#4
92,15,3,إِلَّا,إلا,يَصْلَاهَا,الْأَشْقَى,HARF,HARF,,Certificate,False,MASAQ:106
92,19,4,مِنْ,من,عِنْدَهُ,نِعْمَةٍ,HARF,HARF,HARF,Hypothesis,True,registry-exact-hypothesis:exact:02_mabniyat/preposition_meanings.json#34
92,20,1,إِلَّا,إلا,,ابْتِغَاءَ,HARF,HARF,,Certificate,False,MASAQ:106
93,3,1,مَا,ما,,وَدَّعَكَ,HARF,ISM_MAWSOOL,ISM_MAWSOOL|ISM_MABNI|HARF,Hypothesis,True,registry-exact-hypothesis:exact:02_mabniyat/relative_pronouns.json#13
93,4,4,مِنَ,من,لَكَ,الْأُولَى,HARF,HARF,HARF,Hypothesis,True,registry-exact-hypothesis:exact:02_mabniyat/preposition_meanings.json#32
94,6,1,إِنَّ,إن,,مَعَ,HARF,HARF,HARF,Certificate,False,registry:exact:02_mabniyat/letters_answers.json#4
95,6,1,إِلَّا,إلا,,الَّذِينَ,HARF,HARF,,Certificate,False,MASAQ:106
95,6,8,غَيْرُ,غير,أَجْرٌ,مَمْنُونٍ,ISM_MUARAB,ISM_MUARAB,,Certificate,False,MASAQ:11830
96,2,3,مِنْ,من,الْإِنْسَانَ,عَلَقٍ,HARF,HARF,HARF,Hypothesis,True,registry-exact-hypothesis:exact:02_mabniyat/preposition_meanings.json#34
96,5,3,مَا,ما,الْإِنْسَانَ,لَمْ,ISM_MAWSOOL,ISM_MAWSOOL,ISM_MAWSOOL|ISM_MABNI|HARF,Hypothesis,True,registry-exact-hypothesis:exact:02_mabniyat/relative_pronouns.json#13
96,6,2,إِنَّ,إن,كَلَّا,الْإِنْسَانَ,HARF,HARF,HARF,Certificate,False,registry:exact:02_mabniyat/letters_answers.json#4
96,7,1,أَنْ,أن,,رَآهُ,HARF,HARF,HARF,Certificate,False,registry:plain:02_mabniyat/present_naseb_tools.json#1
96,8,1,إِنَّ,إن,,إِلَى,HARF,HARF,HARF,Certificate,False,registry:exact:02_mabniyat/letters_answers.json#4
96,11,2,إِنْ,إن,أَرَأَيْتَ,كَانَ,HARF,HARF,HARF,Certificate,False,registry:exact:02_mabniyat/conditional_letters_tools.json#1
96,13,2,إِنْ,إن,أَرَأَيْتَ,كَذَّبَ,HARF,HARF,HARF,Certificate,False,registry:exact:02_mabniyat/conditional_letters_tools.json#1
97,3,4,مِنْ,من,خَيْرٌ,أَلْفِ,HARF,HARF,HARF,Hypothesis,True,registry-exact-hypothesis:exact:02_mabniyat/preposition_meanings.json#34
97,4,7,مِنْ,من,رَبِّهِمْ,كُلِّ,HARF,HARF,HARF,Hypothesis,True,registry-exact-hypothesis:exact:02_mabniyat/preposition_meanings.json#34
97,5,3,حَتَّى,حتى,هِيَ,مَطْلَعِ,HARF,HARF,HARF,Certificate,False,registry:exact:02_mabniyat/preposition_meanings.json#48
98,1,5,مِنْ,من,كَفَرُوا,أَهْلِ,HARF,HARF,HARF,Hypothesis,True,registry-exact-hypothesis:exact:02_mabniyat/preposition_meanings.json#34
98,1,10,حَتَّى,حتى,مُنْفَكِّينَ,تَأْتِيَهُمُ,HARF,HARF,HARF,Certificate,False,registry:exact:02_mabniyat/preposition_meanings.json#48
98,2,2,مِنَ,من,رَسُولٌ,اللَّهِ,HARF,HARF,HARF,Hypothesis,True,registry-exact-hypothesis:exact:02_mabniyat/preposition_meanings.json#32
98,4,6,إِلَّا,إلا,الْكِتَابَ,مِنْ,HARF,HARF,,Certificate,False,MASAQ:106
98,4,7,مِنْ,من,إِلَّا,بَعْدِ,HARF,HARF,HARF,Hypothesis,True,registry-exact-hypothesis:exact:02_mabniyat/preposition_meanings.json#34
98,5,3,إِلَّا,إلا,أُمِرُوا,لِيَعْبُدُوا,HARF,HARF,,Certificate,False,MASAQ:106
98,6,1,إِنَّ,إن,,الَّذِينَ,HARF,HARF,HARF,Certificate,False,registry:exact:02_mabniyat/letters_answers.json#4
98,6,4,مِنْ,من,كَفَرُوا,أَهْلِ,HARF,HARF,HARF,Hypothesis,True,registry-exact-hypothesis:exact:02_mabniyat/preposition_meanings.json#34
98,7,1,إِنَّ,إن,,الَّذِينَ,HARF,HARF,HARF,Certificate,False,registry:exact:02_mabniyat/letters_answers.json#4
98,8,7,مِنْ,من,تَجْرِي,تَحْتِهَا,HARF,HARF,HARF,Hypothesis,True,registry-exact-hypothesis:exact:02_mabniyat/preposition_meanings.json#34
100,6,1,إِنَّ,إن,,الْإِنْسَانَ,HARF,HARF,HARF,Certificate,False,registry:exact:02_mabniyat/letters_answers.json#4
100,9,5,مَا,ما,بُعْثِرَ,فِي,ISM_MAWSOOL,ISM_MAWSOOL,ISM_MAWSOOL|ISM_MABNI|HARF,Hypothesis,True,registry-exact-hypothesis:exact:02_mabniyat/relative_pronouns.json#13
100,10,2,مَا,ما,وَحُصِّلَ,فِي,ISM_MAWSOOL,ISM_MAWSOOL,ISM_MAWSOOL|ISM_MABNI|HARF,Hypothesis,True,registry-exact-hypothesis:exact:02_mabniyat/relative_pronouns.json#13
100,11,1,إِنَّ,إن,,رَبَّهُمْ,HARF,HARF,HARF,Certificate,False,registry:exact:02_mabniyat/letters_answers.json#4
101,6,2,مَنْ,من,فَأَمَّا,ثَقُلَتْ,ISM_MAWSOOL,ISM_MAWSOOL,ISM_MAWSOOL|ISM_MABNI|HARF,Hypothesis,True,registry-exact-hypothesis:exact:02_mabniyat/relative_pronouns.json#3
101,8,2,مَنْ,من,وَأَمَّا,خَفَّتْ,ISM_MAWSOOL,ISM_MAWSOOL,ISM_MAWSOOL|ISM_MABNI|HARF,Hypothesis,True,registry-exact-hypothesis:exact:02_mabniyat/relative_pronouns.json#3
102,2,1,حَتَّى,حتى,,زُرْتُمُ,HARF,HARF,HARF,Certificate,False,registry:exact:02_mabniyat/preposition_meanings.json#48
103,2,1,إِنَّ,إن,,الْإِنْسَانَ,HARF,HARF,HARF,Certificate,False,registry:exact:02_mabniyat/letters_answers.json#4
103,3,1,إِلَّا,إلا,,الَّذِينَ,HARF,HARF,,Certificate,False,MASAQ:106
104,3,2,أَنَّ,أن,يَحْسَبُ,مَالَهُ,HARF,HARF,HARF,Certificate,False,registry:exact:02_mabniyat/copulative_particle.json#2
105,4,3,مِنْ,من,بِحِجَارَةٍ,سِجِّيلٍ,HARF,HARF,HARF,Hypothesis,True,registry-exact-hypothesis:exact:02_mabniyat/preposition_meanings.json#34
106,4,3,مِنْ,من,أَطْعَمَهُمْ,جُوعٍ,HARF,HARF,HARF,Hypothesis,True,registry-exact-hypothesis:exact:02_mabniyat/preposition_meanings.json#34
106,4,6,مِنْ,من,وَآمَنَهُمْ,خَوْفٍ,HARF,HARF,HARF,Hypothesis,True,registry-exact-hypothesis:exact:02_mabniyat/preposition_meanings.json#34
108,3,1,إِنَّ,إن,,شَانِئَكَ,HARF,HARF,HARF,Certificate,False,registry:exact:02_mabniyat/letters_answers.json#4
109,2,3,مَا,ما,أَعْبُدُ,تَعْبُدُونَ,ISM_MAWSOOL,ISM_MAWSOOL,ISM_MAWSOOL|ISM_MABNI|HARF,Hypothesis,True,registry-exact-hypothesis:exact:02_mabniyat/relative_pronouns.json#13
109,3,4,مَا,ما,عَابِدُونَ,أَعْبُدُ,ISM_MAWSOOL,ISM_MAWSOOL,ISM_MAWSOOL|ISM_MABNI|HARF,Hypothesis,True,registry-exact-hypothesis:exact:02_mabniyat/relative_pronouns.json#13
109,4,4,مَا,ما,عَابِدٌ,عَبَدْتُمْ,ISM_MAWSOOL,ISM_MAWSOOL,ISM_MAWSOOL|ISM_MABNI|HARF,Hypothesis,True,registry-exact-hypothesis:exact:02_mabniyat/relative_pronouns.json#13
109,5,4,مَا,ما,عَابِدُونَ,أَعْبُدُ,ISM_MAWSOOL,ISM_MAWSOOL,ISM_MAWSOOL|ISM_MABNI|HARF,Hypothesis,True,registry-exact-hypothesis:exact:02_mabniyat/relative_pronouns.json#13
111,2,1,مَا,ما,,أَغْنَى,HARF,ISM_MAWSOOL,ISM_MAWSOOL|ISM_MABNI|HARF,Hypothesis,True,registry-exact-hypothesis:exact:02_mabniyat/relative_pronouns.json#13
111,5,4,مِنْ,من,حَبْلٌ,مَسَدٍ,HARF,HARF,HARF,Hypothesis,True,registry-exact-hypothesis:exact:02_mabniyat/preposition_meanings.json#34
113,2,1,مِنْ,من,,شَرِّ,HARF,HARF,HARF,Hypothesis,True,registry-exact-hypothesis:exact:02_mabniyat/preposition_meanings.json#34
113,2,3,مَا,ما,شَرِّ,خَلَقَ,ISM_MAWSOOL,ISM_MAWSOOL,ISM_MAWSOOL|ISM_MABNI|HARF,Hypothesis,True,registry-exact-hypothesis:exact:02_mabniyat/relative_pronouns.json#13
114,4,1,مِنْ,من,,شَرِّ,HARF,HARF,HARF,Hypothesis,True,registry-exact-hypothesis:exact:02_mabniyat/preposition_meanings.json#34
114,6,1,مِنَ,من,,الْجِنَّةِ,HARF,HARF,HARF,Hypothesis,True,registry-exact-hypothesis:exact:02_mabniyat/preposition_meanings.json#32
