surah,ayah,token_index,surface,plain,prev,next,gold_class,pred_class,candidates,certainty,source,proof_kind,error_family
1,2,3,رَبِّ,رب,لِلَّهِ,الْعَالَمِينَ,ISM_MUARAB,HARF,HARF,Certificate,registry:plain:02_mabniyat/preposition_meanings.json#40,Certificate,ISM_MUARAB_to_HARF
2,8,9,وَمَا,وما,الْآخِرِ,هُمْ,HARF,ISM_MAWSOOL,ISM_MAWSOOL|ISM_MABNI|HARF,Certificate,MASAQ:51,Certificate,harf_vs_mawsool
2,9,5,وَمَا,وما,آمَنُوا,يَخْدَعُونَ,HARF,ISM_MAWSOOL,ISM_MAWSOOL|ISM_MABNI|HARF,Certificate,MASAQ:51,Certificate,harf_vs_mawsool
2,9,9,وَمَا,وما,أَنْفُسَهُمْ,يَشْعُرُونَ,HARF,ISM_MAWSOOL,ISM_MAWSOOL|ISM_MABNI|HARF,Certificate,MASAQ:51,Certificate,harf_vs_mawsool
2,16,9,وَمَا,وما,تِجَارَتُهُمْ,كَانُوا,HARF,ISM_MAWSOOL,ISM_MAWSOOL|ISM_MABNI|HARF,Certificate,MASAQ:51,Certificate,harf_vs_mawsool
2,20,5,كُلَّمَا,كلما,أَبْصَارَهُمْ,أَضَاءَ,ISM_MUARAB,ISM_MABNI,ISM_MABNI,Certificate,registry:exact:02_mabniyat/conditional_letters_tools.json#17,Certificate,ISM_MUARAB_to_ISM_MABNI
2,25,13,كُلَّمَا,كلما,الْأَنْهَارُ,رُزِقُوا,ISM_MUARAB,ISM_MABNI,ISM_MABNI,Certificate,registry:exact:02_mabniyat/conditional_letters_tools.json#17,Certificate,ISM_MUARAB_to_ISM_MABNI
2,26,24,مَاذَا,ماذا,فَيَقُولُونَ,أَرَادَ,HARF,ISM_MABNI,ISM_MABNI,Certificate,registry:plain:02_mabniyat/interrogative_tools_categories.js,Certificate,harf_vs_mabni
2,26,35,وَمَا,وما,كَثِيرَاً,يُضِلُّ,HARF,ISM_MAWSOOL,ISM_MAWSOOL|ISM_MABNI|HARF,Certificate,MASAQ:51,Certificate,harf_vs_mawsool
2,28,7,ثُمَّ,ثم,فَأَحْيَاكُمْ,يُمِيتُكُمْ,HARF,ISM_MABNI,ISM_MABNI,Hypothesis,registry-exact-hypothesis:exact:02_mabniyat/built_in_adverbs,Hypothesis,harf_vs_mabni
2,28,9,ثُمَّ,ثم,يُمِيتُكُمْ,يُحْيِيكُمْ,HARF,ISM_MABNI,ISM_MABNI,Hypothesis,registry-exact-hypothesis:exact:02_mabniyat/built_in_adverbs,Hypothesis,harf_vs_mabni
2,28,11,ثُمَّ,ثم,يُحْيِيكُمْ,إِلَيْهِ,HARF,ISM_MABNI,ISM_MABNI,Hypothesis,registry-exact-hypothesis:exact:02_mabniyat/built_in_adverbs,Hypothesis,harf_vs_mabni
2,29,9,ثُمَّ,ثم,جَمِيعَاً,اسْتَوَى,HARF,ISM_MABNI,ISM_MABNI,Hypothesis,registry-exact-hypothesis:exact:02_mabniyat/built_in_adverbs,Hypothesis,harf_vs_mabni
2,31,5,ثُمَّ,ثم,كُلَّهَا,عَرَضَهُمْ,HARF,ISM_MABNI,ISM_MABNI,Hypothesis,registry-exact-hypothesis:exact:02_mabniyat/built_in_adverbs,Hypothesis,harf_vs_mabni
2,33,20,وَمَا,وما,تُبْدُونَ,كُنْتُمْ,HARF,ISM_MAWSOOL,ISM_MAWSOOL|ISM_MABNI|HARF,Certificate,MASAQ:51,Certificate,harf_vs_mawsool
2,35,10,حَيْثُ,حيث,رَغَدَاً,شِئْتُمَا,HARF,ISM_MABNI,ISM_MABNI,Certificate,registry:exact:02_mabniyat/built_in_adverbs.json#1,Certificate,harf_vs_mabni
2,51,6,ثُمَّ,ثم,لَيْلَةً,اتَّخَذْتُمُ,HARF,ISM_MABNI,ISM_MABNI,Hypothesis,registry-exact-hypothesis:exact:02_mabniyat/built_in_adverbs,Hypothesis,harf_vs_mabni
2,52,1,ثُمَّ,ثم,,عَفَوْنَا,HARF,ISM_MABNI,ISM_MABNI,Hypothesis,registry-exact-hypothesis:exact:02_mabniyat/built_in_adverbs,Hypothesis,harf_vs_mabni
2,56,1,ثُمَّ,ثم,,بَعَثْنَاكُمْ,HARF,ISM_MABNI,ISM_MABNI,Hypothesis,registry-exact-hypothesis:exact:02_mabniyat/built_in_adverbs,Hypothesis,harf_vs_mabni
2,57,13,وَمَا,وما,رَزَقْنَاكُمْ,ظَلَمُونَا,HARF,ISM_MAWSOOL,ISM_MAWSOOL|ISM_MABNI|HARF,Certificate,MASAQ:51,Certificate,harf_vs_mawsool
2,58,8,حَيْثُ,حيث,مِنْهَا,شِئْتُمْ,HARF,ISM_MABNI,ISM_MABNI,Certificate,registry:exact:02_mabniyat/built_in_adverbs.json#1,Certificate,harf_vs_mabni
2,60,14,قَدْ,قد,عَيْنَاً,عَلِمَ,HARF,ISM_MABNI,ISM_MABNI|FIIL,Hypothesis,registry-exact-hypothesis:exact:02_mabniyat/verb_name.json#9,Hypothesis,harf_vs_mabni
2,64,1,ثُمَّ,ثم,,تَوَلَّيْتُمْ,HARF,ISM_MABNI,ISM_MABNI,Hypothesis,registry-exact-hypothesis:exact:02_mabniyat/built_in_adverbs,Hypothesis,harf_vs_mabni
2,71,18,الْآنَ,الآن,قَالُوا,جِئْتَ,HARF,ISM_MABNI,ISM_MABNI,Certificate,registry:plain:02_mabniyat/built_in_adverbs.json#4,Certificate,harf_vs_mabni
2,71,22,وَمَا,وما,فَذَبَحُوهَا,كَادُوا,HARF,ISM_MAWSOOL,ISM_MAWSOOL|ISM_MABNI|HARF,Certificate,MASAQ:51,Certificate,harf_vs_mawsool
2,74,1,ثُمَّ,ثم,,قَسَتْ,HARF,ISM_MABNI,ISM_MABNI,Hypothesis,registry-exact-hypothesis:exact:02_mabniyat/built_in_adverbs,Hypothesis,harf_vs_mabni
2,74,33,وَمَا,وما,اللَّهِ,اللَّهُ,HARF,ISM_MAWSOOL,ISM_MAWSOOL|ISM_MABNI|HARF,Certificate,MASAQ:51,Certificate,harf_vs_mawsool
2,75,12,ثُمَّ,ثم,اللَّهِ,يُحَرِّفُونَهُ,HARF,ISM_MABNI,ISM_MABNI,Hypothesis,registry-exact-hypothesis:exact:02_mabniyat/built_in_adverbs,Hypothesis,harf_vs_mabni
2,76,8,خَلَا,خلا,وَإِذَا,بَعْضُهُمْ,FIIL,HARF,HARF,Certificate,registry:exact:02_mabniyat/preposition_meanings.json#50,Certificate,FIIL_to_HARF
2,79,6,ثُمَّ,ثم,بِأَيْدِيهِمْ,يَقُولُونَ,HARF,ISM_MABNI,ISM_MABNI,Hypothesis,registry-exact-hypothesis:exact:02_mabniyat/built_in_adverbs,Hypothesis,harf_vs_mabni
2,83,23,ثُمَّ,ثم,الزَّكَاةَ,تَوَلَّيْتُمْ,HARF,ISM_MABNI,ISM_MABNI,Hypothesis,registry-exact-hypothesis:exact:02_mabniyat/built_in_adverbs,Hypothesis,harf_vs_mabni
2,84,12,ثُمَّ,ثم,دِيَارِكُمْ,أَقْرَرْتُمْ,HARF,ISM_MABNI,ISM_MABNI,Hypothesis,registry-exact-hypothesis:exact:02_mabniyat/built_in_adverbs,Hypothesis,harf_vs_mabni
2,85,1,ثُمَّ,ثم,,أَنْتُمْ,HARF,ISM_MABNI,ISM_MABNI,Hypothesis,registry-exact-hypothesis:exact:02_mabniyat/built_in_adverbs,Hypothesis,harf_vs_mabni
2,85,45,وَمَا,وما,الْعَذَابِ,اللَّهُ,HARF,ISM_MAWSOOL,ISM_MAWSOOL|ISM_MABNI|HARF,Certificate,MASAQ:51,Certificate,harf_vs_mawsool
2,92,5,ثُمَّ,ثم,بِالْبَيِّنَاتِ,اتَّخَذْتُمُ,HARF,ISM_MABNI,ISM_MABNI,Hypothesis,registry-exact-hypothesis:exact:02_mabniyat/built_in_adverbs,Hypothesis,harf_vs_mabni
2,96,15,وَمَا,وما,سَنَةٍ,هُوَ,HARF,ISM_MAWSOOL,ISM_MAWSOOL|ISM_MABNI|HARF,Certificate,MASAQ:51,Certificate,harf_vs_mawsool
2,97,2,مَنْ,من,قُلْ,كَانَ,HARF,ISM_MAWSOOL,ISM_MAWSOOL|ISM_MABNI|HARF,Hypothesis,registry-exact-hypothesis:exact:02_mabniyat/relative_pronoun,Hypothesis,harf_vs_mawsool
2,98,1,مَنْ,من,,كَانَ,HARF,ISM_MAWSOOL,ISM_MAWSOOL|ISM_MABNI|HARF,Hypothesis,registry-exact-hypothesis:exact:02_mabniyat/relative_pronoun,Hypothesis,harf_vs_mawsool
2,99,6,وَمَا,وما,بَيِّنَاتٍ,يَكْفُرُ,HARF,ISM_MAWSOOL,ISM_MAWSOOL|ISM_MABNI|HARF,Certificate,MASAQ:51,Certificate,harf_vs_mawsool
2,102,8,وَمَا,وما,سُلَيْمَانَ,كَفَرَ,HARF,ISM_MAWSOOL,ISM_MAWSOOL|ISM_MABNI|HARF,Certificate,MASAQ:51,Certificate,harf_vs_mawsool
2,102,17,وَمَا,وما,السِّحْرَ,أُنْزِلَ,HARF,ISM_MAWSOOL,ISM_MAWSOOL|ISM_MABNI|HARF,Certificate,MASAQ:51,Certificate,harf_vs_mawsool
2,102,24,وَمَا,وما,وَمَارُوتَ,يُعَلِّمَانِ,HARF,ISM_MAWSOOL,ISM_MAWSOOL|ISM_MABNI|HARF,Certificate,MASAQ:51,Certificate,harf_vs_mawsool
2,102,43,وَمَا,وما,وَزَوْجِهِ,هُمْ,HARF,ISM_MAWSOOL,ISM_MAWSOOL|ISM_MABNI|HARF,Certificate,MASAQ:51,Certificate,harf_vs_mawsool
2,102,61,مَا,ما,اشْتَرَاهُ,لَهُ,HARF,ISM_MAWSOOL,ISM_MAWSOOL|ISM_MABNI|HARF,Hypothesis,registry-exact-hypothesis:exact:02_mabniyat/relative_pronoun,Hypothesis,harf_vs_mawsool
2,105,1,مَا,ما,,يَوَدُّ,HARF,ISM_MAWSOOL,ISM_MAWSOOL|ISM_MABNI|HARF,Hypothesis,registry-exact-hypothesis:exact:02_mabniyat/relative_pronoun,Hypothesis,harf_vs_mawsool
2,106,1,مَا,ما,,نَنْسَخْ,HARF,ISM_MAWSOOL,ISM_MAWSOOL|ISM_MABNI|HARF,Hypothesis,registry-exact-hypothesis:exact:02_mabniyat/relative_pronoun,Hypothesis,harf_vs_mawsool
2,107,9,وَمَا,وما,وَالْأَرْضِ,لَكُمْ,HARF,ISM_MAWSOOL,ISM_MAWSOOL|ISM_MABNI|HARF,Certificate,MASAQ:51,Certificate,harf_vs_mawsool
2,112,2,مَنْ,من,بَلَى,أَسْلَمَ,HARF,ISM_MAWSOOL,ISM_MAWSOOL|ISM_MABNI|HARF,Hypothesis,registry-exact-hypothesis:exact:02_mabniyat/relative_pronoun,Hypothesis,harf_vs_mawsool
2,114,1,وَمَنْ,ومن,,أَظْلَمُ,ISM_MAWSOOL,HARF,ISM_MAWSOOL|ISM_MABNI|HARF,Certificate,MASAQ:1895,Certificate,ISM_MAWSOOL_to_HARF
2,114,15,مَا,ما,أُولَئِكَ,كَانَ,HARF,ISM_MAWSOOL,ISM_MAWSOOL|ISM_MABNI|HARF,Hypothesis,registry-exact-hypothesis:exact:02_mabniyat/relative_pronoun,Hypothesis,harf_vs_mawsool
2,118,20,قَدْ,قد,قُلُوبُهُمْ,بَيَّنَّا,HARF,ISM_MABNI,ISM_MABNI|FIIL,Hypothesis,registry-exact-hypothesis:exact:02_mabniyat/verb_name.json#9,Hypothesis,harf_vs_mabni
2,120,24,مَا,ما,الْعِلْمِ,لَكَ,HARF,ISM_MAWSOOL,ISM_MAWSOOL|ISM_MABNI|HARF,Hypothesis,registry-exact-hypothesis:exact:02_mabniyat/relative_pronoun,Hypothesis,harf_vs_mawsool
2,126,4,رَبِّ,رب,إِبْرَاهِيمُ,اجْعَلْ,ISM_MUARAB,HARF,HARF,Certificate,registry:plain:02_mabniyat/preposition_meanings.json#40,Certificate,ISM_MUARAB_to_HARF
2,126,24,ثُمَّ,ثم,قَلِيلَاً,أَضْطَرُّهُ,HARF,ISM_MABNI,ISM_MABNI,Hypothesis,registry-exact-hypothesis:exact:02_mabniyat/built_in_adverbs,Hypothesis,harf_vs_mabni
2,131,1,إِذْ,إذ,,قَالَ,HARF,ISM_MABNI,ISM_MABNI,Certificate,registry:exact:02_mabniyat/built_in_adverbs.json#13,Certificate,harf_vs_mabni
2,133,4,إِذْ,إذ,شُهَدَاءَ,حَضَرَ,HARF,ISM_MABNI,ISM_MABNI,Certificate,registry:exact:02_mabniyat/built_in_adverbs.json#13,Certificate,harf_vs_mabni
2,133,8,إِذْ,إذ,الْمَوْتُ,قَالَ,HARF,ISM_MABNI,ISM_MABNI,Certificate,registry:exact:02_mabniyat/built_in_adverbs.json#13,Certificate,harf_vs_mabni
2,134,3,قَدْ,قد,أُمَّةٌ,خَلَتْ,HARF,ISM_MABNI,ISM_MABNI|FIIL,Hypothesis,registry-exact-hypothesis:exact:02_mabniyat/verb_name.json#9,Hypothesis,harf_vs_mabni
2,140,15,أَعْلَمُ,أعلم,أَأَنْتُمْ,أَمِ,ISM_MUARAB,FIIL,,Certificate,MASAQ:477,Certificate,noun_misread_as_verb
2,140,18,وَمَنْ,ومن,اللَّهُ,أَظْلَمُ,ISM_MAWSOOL,HARF,ISM_MAWSOOL|ISM_MABNI|HARF,Certificate,MASAQ:1895,Certificate,ISM_MAWSOOL_to_HARF
2,140,26,وَمَا,وما,اللَّهِ,اللَّهُ,HARF,ISM_MAWSOOL,ISM_MAWSOOL|ISM_MABNI|HARF,Certificate,MASAQ:51,Certificate,harf_vs_mawsool
2,141,3,قَدْ,قد,أُمَّةٌ,خَلَتْ,HARF,ISM_MABNI,ISM_MABNI|FIIL,Hypothesis,registry-exact-hypothesis:exact:02_mabniyat/verb_name.json#9,Hypothesis,harf_vs_mabni
2,142,17,مَنْ,من,يَهْدِي,يَشَاءُ,HARF,ISM_MAWSOOL,ISM_MAWSOOL|ISM_MABNI|HARF,Hypothesis,registry-exact-hypothesis:exact:02_mabniyat/relative_pronoun,Hypothesis,harf_vs_mawsool
2,143,13,وَمَا,وما,شَهِيدَاً,جَعَلْنَا,HARF,ISM_MAWSOOL,ISM_MAWSOOL|ISM_MABNI|HARF,Certificate,MASAQ:51,Certificate,harf_vs_mawsool
2,143,21,مَنْ,من,لِنَعْلَمَ,يَتَّبِعُ,HARF,ISM_MAWSOOL,ISM_MAWSOOL|ISM_MABNI|HARF,Hypothesis,registry-exact-hypothesis:exact:02_mabniyat/relative_pronoun,Hypothesis,harf_vs_mawsool
2,143,36,وَمَا,وما,اللَّهُ,كَانَ,HARF,ISM_MAWSOOL,ISM_MAWSOOL|ISM_MABNI|HARF,Certificate,MASAQ:51,Certificate,harf_vs_mawsool
2,144,1,قَدْ,قد,,نَرَى,HARF,ISM_MABNI,ISM_MABNI|FIIL,Hypothesis,registry-exact-hypothesis:exact:02_mabniyat/verb_name.json#9,Hypothesis,harf_vs_mabni
2,144,30,وَمَا,وما,رَبِّهِمْ,اللَّهُ,HARF,ISM_MAWSOOL,ISM_MAWSOOL|ISM_MABNI|HARF,Certificate,MASAQ:51,Certificate,harf_vs_mawsool
2,145,8,مَا,ما,آيَةٍ,تَبِعُوا,HARF,ISM_MAWSOOL,ISM_MAWSOOL|ISM_MABNI|HARF,Hypothesis,registry-exact-hypothesis:exact:02_mabniyat/relative_pronoun,Hypothesis,harf_vs_mawsool
2,145,11,وَمَا,وما,قِبْلَتَكَ,أَنْتَ,HARF,ISM_MAWSOOL,ISM_MAWSOOL|ISM_MABNI|HARF,Certificate,MASAQ:51,Certificate,harf_vs_mawsool
2,145,15,وَمَا,وما,قِبْلَتَهُمْ,بَعْضُهُمْ,HARF,ISM_MAWSOOL,ISM_MAWSOOL|ISM_MABNI|HARF,Certificate,MASAQ:51,Certificate,harf_vs_mawsool
2,145,30,إِذَاً,إذا,إِنَّكَ,لَمِنَ,HARF,ISM_MABNI,ISM_MABNI,Certificate,registry:plain:02_mabniyat/built_in_adverbs.json#21,Certificate,harf_vs_mabni
2,149,2,حَيْثُ,حيث,وَمِنْ,خَرَجْتَ,HARF,ISM_MABNI,ISM_MABNI,Certificate,registry:exact:02_mabniyat/built_in_adverbs.json#1,Certificate,harf_vs_mabni
2,149,13,وَمَا,وما,رَبِّكَ,اللَّهُ,HARF,ISM_MAWSOOL,ISM_MAWSOOL|ISM_MABNI|HARF,Certificate,MASAQ:51,Certificate,harf_vs_mawsool
2,150,2,حَيْثُ,حيث,وَمِنْ,خَرَجْتَ,HARF,ISM_MABNI,ISM_MABNI,Certificate,registry:exact:02_mabniyat/built_in_adverbs.json#1,Certificate,harf_vs_mabni
2,156,2,إِذَا,إذا,الَّذِينَ,أَصَابَتْهُمْ,HARF,ISM_MABNI,ISM_MABNI,Certificate,registry:exact:02_mabniyat/built_in_adverbs.json#21,Certificate,harf_vs_mabni
2,164,17,وَمَا,وما,النَّاسَ,أَنْزَلَ,HARF,ISM_MAWSOOL,ISM_MAWSOOL|ISM_MABNI|HARF,Certificate,MASAQ:51,Certificate,harf_vs_mawsool
2,165,21,إِذْ,إذ,ظَلَمُوا,يَرَوْنَ,HARF,ISM_MABNI,ISM_MABNI,Certificate,registry:exact:02_mabniyat/built_in_adverbs.json#13,Certificate,harf_vs_mabni
2,166,1,إِذْ,إذ,,تَبَرَّأَ,HARF,ISM_MABNI,ISM_MABNI,Certificate,registry:exact:02_mabniyat/built_in_adverbs.json#13,Certificate,harf_vs_mabni
2,167,19,وَمَا,وما,عَلَيْهِمْ,هُمْ,HARF,ISM_MAWSOOL,ISM_MAWSOOL|ISM_MABNI|HARF,Certificate,MASAQ:51,Certificate,harf_vs_mawsool
2,177,38,إِذَا,إذا,بِعَهْدِهِمْ,عَاهَدُوا,HARF,ISM_MABNI,ISM_MABNI,Certificate,registry:exact:02_mabniyat/built_in_adverbs.json#21,Certificate,harf_vs_mabni
2,180,3,إِذَا,إذا,عَلَيْكُمْ,حَضَرَ,HARF,ISM_MABNI,ISM_MABNI,Certificate,registry:exact:02_mabniyat/built_in_adverbs.json#21,Certificate,harf_vs_mabni
2,186,10,إِذَا,إذا,الدَّاعِ,دَعَانِ,HARF,ISM_MABNI,ISM_MABNI,Certificate,registry:exact:02_mabniyat/built_in_adverbs.json#21,Certificate,harf_vs_mabni
2,187,43,ثُمَّ,ثم,الْفَجْرِ,أَتِمُّوا,HARF,ISM_MABNI,ISM_MABNI,Hypothesis,registry-exact-hypothesis:exact:02_mabniyat/built_in_adverbs,Hypothesis,harf_vs_mabni
2,191,2,حَيْثُ,حيث,وَاقْتُلُوهُمْ,ثَقِفْتُمُوهُمْ,HARF,ISM_MABNI,ISM_MABNI,Certificate,registry:exact:02_mabniyat/built_in_adverbs.json#1,Certificate,harf_vs_mabni
2,191,6,حَيْثُ,حيث,مِنْ,أَخْرَجُوكُمْ,HARF,ISM_MABNI,ISM_MABNI,Certificate,registry:exact:02_mabniyat/built_in_adverbs.json#1,Certificate,harf_vs_mabni
2,196,54,إِذَا,إذا,وَسَبْعَةٍ,رَجَعْتُمْ,HARF,ISM_MABNI,ISM_MABNI,Certificate,registry:exact:02_mabniyat/built_in_adverbs.json#21,Certificate,harf_vs_mabni
2,199,1,ثُمَّ,ثم,,أَفِيضُوا,HARF,ISM_MABNI,ISM_MABNI,Hypothesis,registry-exact-hypothesis:exact:02_mabniyat/built_in_adverbs,Hypothesis,harf_vs_mabni
2,199,4,حَيْثُ,حيث,مِنْ,أَفَاضَ,HARF,ISM_MABNI,ISM_MABNI,Certificate,registry:exact:02_mabniyat/built_in_adverbs.json#1,Certificate,harf_vs_mabni
2,200,19,وَمَا,وما,الدُّنْيَا,لَهُ,HARF,ISM_MAWSOOL,ISM_MAWSOOL|ISM_MABNI|HARF,Certificate,MASAQ:51,Certificate,harf_vs_mawsool
2,213,20,وَمَا,وما,فِيهِ,اخْتَلَفَ,HARF,ISM_MAWSOOL,ISM_MAWSOOL|ISM_MABNI|HARF,Certificate,MASAQ:51,Certificate,harf_vs_mawsool
2,215,2,مَاذَا,ماذا,يَسْأَلُونَكَ,يُنْفِقُونَ,HARF,ISM_MABNI,ISM_MABNI,Certificate,registry:plain:02_mabniyat/interrogative_tools_categories.js,Certificate,harf_vs_mabni
2,215,5,مَا,ما,قُلْ,أَنْفَقْتُمْ,HARF,ISM_MAWSOOL,ISM_MAWSOOL|ISM_MABNI|HARF,Hypothesis,registry-exact-hypothesis:exact:02_mabniyat/relative_pronoun,Hypothesis,harf_vs_mawsool
2,219,16,مَاذَا,ماذا,وَيَسْأَلُونَكَ,يُنْفِقُونَ,HARF,ISM_MABNI,ISM_MABNI,Certificate,registry:plain:02_mabniyat/interrogative_tools_categories.js,Certificate,harf_vs_mabni
2,222,19,حَيْثُ,حيث,مِنْ,أَمَرَكُمُ,HARF,ISM_MABNI,ISM_MABNI,Certificate,registry:exact:02_mabniyat/built_in_adverbs.json#1,Certificate,harf_vs_mabni
2,223,6,أَنَّى,أنى,حَرْثَكُمْ,شِئْتُمْ,HARF,ISM_MABNI,ISM_MABNI|HARF,Hypothesis,registry-exact-hypothesis:exact:02_mabniyat/conditional_lett,Hypothesis,harf_vs_mabni
2,232,11,إِذَا,إذا,أَزْوَاجَهُنَّ,تَرَاضَوْا,HARF,ISM_MABNI,ISM_MABNI,Certificate,registry:exact:02_mabniyat/built_in_adverbs.json#21,Certificate,harf_vs_mabni
2,233,52,إِذَا,إذا,عَلَيْكُمْ,سَلَّمْتُمْ,HARF,ISM_MABNI,ISM_MABNI,Certificate,registry:exact:02_mabniyat/built_in_adverbs.json#21,Certificate,harf_vs_mabni
2,243,16,ثُمَّ,ثم,مُوتُوا,أَحْيَاهُمْ,HARF,ISM_MABNI,ISM_MABNI,Hypothesis,registry-exact-hypothesis:exact:02_mabniyat/built_in_adverbs,Hypothesis,harf_vs_mabni
2,245,1,مَنْ,من,,ذَا,HARF,ISM_MAWSOOL,ISM_MAWSOOL|ISM_MABNI|HARF,Hypothesis,registry-exact-hypothesis:exact:02_mabniyat/relative_pronoun,Hypothesis,harf_vs_mawsool
2,246,11,إِذْ,إذ,مُوسَى,قَالُوا,HARF,ISM_MABNI,ISM_MABNI,Certificate,registry:exact:02_mabniyat/built_in_adverbs.json#13,Certificate,harf_vs_mabni
2,246,32,وَمَا,وما,قَالُوا,لَنَا,HARF,ISM_MAWSOOL,ISM_MAWSOOL|ISM_MABNI|HARF,Certificate,MASAQ:51,Certificate,harf_vs_mawsool
2,247,6,قَدْ,قد,اللَّهَ,بَعَثَ,HARF,ISM_MABNI,ISM_MABNI|FIIL,Hypothesis,registry-exact-hypothesis:exact:02_mabniyat/verb_name.json#9,Hypothesis,harf_vs_mabni
2,247,12,أَنَّى,أنى,قَالُوا,يَكُونُ,HARF,ISM_MABNI,ISM_MABNI|HARF,Hypothesis,registry-exact-hypothesis:exact:02_mabniyat/conditional_lett,Hypothesis,harf_vs_mabni
2,252,5,عَلَيْكَ,عليك,نَتْلُوهَا,بِالْحَقِّ,HARF,ISM_MABNI,ISM_MABNI|FIIL,Hypothesis,registry-exact-hypothesis:exact:02_mabniyat/verb_name.json#8,Hypothesis,harf_vs_mabni
2,253,25,مَا,ما,اللَّهُ,اقْتَتَلَ,HARF,ISM_MAWSOOL,ISM_MAWSOOL|ISM_MABNI|HARF,Hypothesis,registry-exact-hypothesis:exact:02_mabniyat/relative_pronoun,Hypothesis,harf_vs_mawsool
2,253,46,مَا,ما,اللَّهُ,اقْتَتَلُوا,HARF,ISM_MAWSOOL,ISM_MAWSOOL|ISM_MABNI|HARF,Hypothesis,registry-exact-hypothesis:exact:02_mabniyat/relative_pronoun,Hypothesis,harf_vs_mawsool
2,255,20,مَنْ,من,الْأَرْضِ,ذَا,HARF,ISM_MAWSOOL,ISM_MAWSOOL|ISM_MABNI|HARF,Hypothesis,registry-exact-hypothesis:exact:02_mabniyat/relative_pronoun,Hypothesis,harf_vs_mawsool
2,256,5,قَدْ,قد,الدِّينِ,تَبَيَّنَ,HARF,ISM_MABNI,ISM_MABNI|FIIL,Hypothesis,registry-exact-hypothesis:exact:02_mabniyat/verb_name.json#9,Hypothesis,harf_vs_mabni
2,258,13,إِذْ,إذ,الْمُلْكَ,قَالَ,HARF,ISM_MABNI,ISM_MABNI,Certificate,registry:exact:02_mabniyat/built_in_adverbs.json#13,Certificate,harf_vs_mabni
2,259,11,أَنَّى,أنى,قَالَ,يُحْيِي,HARF,ISM_MABNI,ISM_MABNI|HARF,Hypothesis,registry-exact-hypothesis:exact:02_mabniyat/conditional_lett,Hypothesis,harf_vs_mabni
2,259,21,ثُمَّ,ثم,عَامٍ,بَعَثَهُ,HARF,ISM_MABNI,ISM_MABNI,Hypothesis,registry-exact-hypothesis:exact:02_mabniyat/built_in_adverbs,Hypothesis,harf_vs_mabni
2,259,54,ثُمَّ,ثم,نُنْشِزُهَا,نَكْسُوهَا,HARF,ISM_MABNI,ISM_MABNI,Hypothesis,registry-exact-hypothesis:exact:02_mabniyat/built_in_adverbs,Hypothesis,harf_vs_mabni
2,260,4,رَبِّ,رب,إِبْرَاهِيمُ,أَرِنِي,ISM_MUARAB,HARF,HARF,Certificate,registry:plain:02_mabniyat/preposition_meanings.json#40,Certificate,ISM_MUARAB_to_HARF
2,260,24,ثُمَّ,ثم,إِلَيْكَ,اجْعَلْ,HARF,ISM_MABNI,ISM_MABNI,Hypothesis,registry-exact-hypothesis:exact:02_mabniyat/built_in_adverbs,Hypothesis,harf_vs_mabni
2,260,31,ثُمَّ,ثم,جُزْءَاً,ادْعُهُنَّ,HARF,ISM_MABNI,ISM_MABNI,Hypothesis,registry-exact-hypothesis:exact:02_mabniyat/built_in_adverbs,Hypothesis,harf_vs_mabni
2,262,7,ثُمَّ,ثم,اللَّهِ,لَا,HARF,ISM_MABNI,ISM_MABNI,Hypothesis,registry-exact-hypothesis:exact:02_mabniyat/built_in_adverbs,Hypothesis,harf_vs_mabni
2,269,12,وَمَا,وما,كَثِيرَاً,يَذَّكَّرُ,HARF,ISM_MAWSOOL,ISM_MAWSOOL|ISM_MABNI|HARF,Certificate,MASAQ:51,Certificate,harf_vs_mawsool
2,270,1,وَمَا,وما,,أَنْفَقْتُمْ,HARF,ISM_MAWSOOL,ISM_MAWSOOL|ISM_MABNI|HARF,Certificate,MASAQ:51,Certificate,harf_vs_mawsool
2,270,12,وَمَا,وما,يَعْلَمُهُ,لِلظَّالِمِينَ,HARF,ISM_MAWSOOL,ISM_MAWSOOL|ISM_MABNI|HARF,Certificate,MASAQ:51,Certificate,harf_vs_mawsool
2,272,2,عَلَيْكَ,عليك,لَيْسَ,هُدَاهُمْ,HARF,ISM_MABNI,ISM_MABNI|FIIL,Hypothesis,registry-exact-hypothesis:exact:02_mabniyat/verb_name.json#8,Hypothesis,harf_vs_mabni
2,281,7,ثُمَّ,ثم,اللَّهِ,تُوَفَّى,HARF,ISM_MABNI,ISM_MABNI,Hypothesis,registry-exact-hypothesis:exact:02_mabniyat/built_in_adverbs,Hypothesis,harf_vs_mabni
2,282,4,إِذَا,إذا,آمَنُوا,تَدَايَنْتُمْ,HARF,ISM_MABNI,ISM_MABNI,Certificate,registry:exact:02_mabniyat/built_in_adverbs.json#21,Certificate,harf_vs_mabni
2,282,8,أَجَلٍ,أجل,إِلَى,مُسَمَّىً,ISM_MUARAB,HARF,HARF,Certificate,registry:plain:02_mabniyat/letters_answers.json#3,Certificate,ISM_MUARAB_to_HARF
2,282,75,إِذَا,إذا,الشُّهَدَاءُ,مَا,HARF,ISM_MABNI,ISM_MABNI,Certificate,registry:exact:02_mabniyat/built_in_adverbs.json#21,Certificate,harf_vs_mabni
2,282,109,إِذَا,إذا,وَأَشْهِدُوا,تَبَايَعْتُمْ,HARF,ISM_MABNI,ISM_MABNI,Certificate,registry:exact:02_mabniyat/built_in_adverbs.json#21,Certificate,harf_vs_mabni
3,3,2,عَلَيْكَ,عليك,نَزَّلَ,الْكِتَابَ,HARF,ISM_MABNI,ISM_MABNI|FIIL,Hypothesis,registry-exact-hypothesis:exact:02_mabniyat/verb_name.json#8,Hypothesis,harf_vs_mabni
3,7,4,عَلَيْكَ,عليك,أَنْزَلَ,الْكِتَابَ,HARF,ISM_MABNI,ISM_MABNI|FIIL,Hypothesis,registry-exact-hypothesis:exact:02_mabniyat/verb_name.json#8,Hypothesis,harf_vs_mabni
3,7,27,وَمَا,وما,تَأْوِيلِهِ,يَعْلَمُ,HARF,ISM_MAWSOOL,ISM_MAWSOOL|ISM_MABNI|HARF,Certificate,MASAQ:51,Certificate,harf_vs_mawsool
3,7,42,وَمَا,وما,رَبِّنَا,يَذَّكَّرُ,HARF,ISM_MAWSOOL,ISM_MAWSOOL|ISM_MABNI|HARF,Certificate,MASAQ:51,Certificate,harf_vs_mawsool
3,8,6,إِذْ,إذ,بَعْدَ,هَدَيْتَنَا,HARF,ISM_MABNI,ISM_MABNI,Certificate,registry:exact:02_mabniyat/built_in_adverbs.json#13,Certificate,harf_vs_mabni
3,13,1,قَدْ,قد,,كَانَ,HARF,ISM_MABNI,ISM_MABNI|FIIL,Hypothesis,registry-exact-hypothesis:exact:02_mabniyat/verb_name.json#9,Hypothesis,harf_vs_mabni
3,19,6,وَمَا,وما,الْإِسْلَامُ,اخْتَلَفَ,HARF,ISM_MAWSOOL,ISM_MAWSOOL|ISM_MABNI|HARF,Certificate,MASAQ:51,Certificate,harf_vs_mawsool
3,20,22,عَلَيْكَ,عليك,فَإِنَّمَا,الْبَلَاغُ,HARF,ISM_MABNI,ISM_MABNI|FIIL,Hypothesis,registry-exact-hypothesis:exact:02_mabniyat/verb_name.json#8,Hypothesis,harf_vs_mabni
3,22,8,وَمَا,وما,وَالْآخِرَةِ,لَهُمْ,HARF,ISM_MAWSOOL,ISM_MAWSOOL|ISM_MABNI|HARF,Certificate,MASAQ:51,Certificate,harf_vs_mawsool
3,23,15,ثُمَّ,ثم,بَيْنَهُمْ,يَتَوَلَّى,HARF,ISM_MABNI,ISM_MABNI,Hypothesis,registry-exact-hypothesis:exact:02_mabniyat/built_in_adverbs,Hypothesis,harf_vs_mabni
3,25,2,إِذَا,إذا,فَكَيْفَ,جَمَعْنَاهُمْ,HARF,ISM_MABNI,ISM_MABNI,Certificate,registry:exact:02_mabniyat/built_in_adverbs.json#21,Certificate,harf_vs_mabni
3,26,2,اللَّهُمَّ,اللهم,قُلِ,مَالِكَ,JAMID,ISM_MAWSOOL,ISM_MAWSOOL,Certificate,registry:plain:02_mabniyat/relative_pronouns.json#33,Certificate,JAMID_to_ISM_MAWSOOL
3,35,1,إِذْ,إذ,,قَالَتِ,HARF,ISM_MABNI,ISM_MABNI,Certificate,registry:exact:02_mabniyat/built_in_adverbs.json#13,Certificate,harf_vs_mabni
3,35,5,رَبِّ,رب,عِمْرَانَ,إِنِّي,ISM_MUARAB,HARF,HARF,Certificate,registry:plain:02_mabniyat/preposition_meanings.json#40,Certificate,ISM_MUARAB_to_HARF
3,36,4,رَبِّ,رب,قَالَتْ,إِنِّي,ISM_MUARAB,HARF,HARF,Certificate,registry:plain:02_mabniyat/preposition_meanings.json#40,Certificate,ISM_MUARAB_to_HARF
3,36,9,أَعْلَمُ,أعلم,وَاللَّهُ,بِمَا,ISM_MUARAB,FIIL,,Certificate,MASAQ:477,Certificate,noun_misread_as_verb
3,37,10,كُلَّمَا,كلما,زَكَرِيَّا,دَخَلَ,ISM_MUARAB,ISM_MABNI,ISM_MABNI,Certificate,registry:exact:02_mabniyat/conditional_letters_tools.json#17,Certificate,ISM_MUARAB_to_ISM_MABNI
3,37,20,أَنَّى,أنى,يَامَرْيَمُ,لَكِ,HARF,ISM_MABNI,ISM_MABNI|HARF,Hypothesis,registry-exact-hypothesis:exact:02_mabniyat/conditional_lett,Hypothesis,harf_vs_mabni
3,38,6,رَبِّ,رب,قَالَ,هَبْ,ISM_MUARAB,HARF,HARF,Certificate,registry:plain:02_mabniyat/preposition_meanings.json#40,Certificate,ISM_MUARAB_to_HARF
3,38,10,لَدُنْكَ,لدنك,مِنْ,ذُرِّيَّةً,ISM_MUARAB,HARF,,Certificate,MASAQ:6287,Certificate,ISM_MUARAB_to_HARF
3,40,2,رَبِّ,رب,قَالَ,أَنَّى,ISM_MUARAB,HARF,HARF,Certificate,registry:plain:02_mabniyat/preposition_meanings.json#40,Certificate,ISM_MUARAB_to_HARF
3,40,3,أَنَّى,أنى,رَبِّ,يَكُونُ,HARF,ISM_MABNI,ISM_MABNI|HARF,Hypothesis,registry-exact-hypothesis:exact:02_mabniyat/conditional_lett,Hypothesis,harf_vs_mabni
3,41,2,رَبِّ,رب,قَالَ,اجْعَلْ,ISM_MUARAB,HARF,HARF,Certificate,registry:plain:02_mabniyat/preposition_meanings.json#40,Certificate,ISM_MUARAB_to_HARF
3,44,7,وَمَا,وما,إِلَيْكَ,كُنْتَ,HARF,ISM_MAWSOOL,ISM_MAWSOOL|ISM_MABNI|HARF,Certificate,MASAQ:51,Certificate,harf_vs_mawsool
3,44,10,إِذْ,إذ,لَدَيْهِمْ,يُلْقُونَ,HARF,ISM_MABNI,ISM_MABNI,Certificate,registry:exact:02_mabniyat/built_in_adverbs.json#13,Certificate,harf_vs_mabni
3,44,16,وَمَا,وما,مَرْيَمَ,كُنْتَ,HARF,ISM_MAWSOOL,ISM_MAWSOOL|ISM_MABNI|HARF,Certificate,MASAQ:51,Certificate,harf_vs_mawsool
3,44,19,إِذْ,إذ,لَدَيْهِمْ,يَخْتَصِمُونَ,HARF,ISM_MABNI,ISM_MABNI,Certificate,registry:exact:02_mabniyat/built_in_adverbs.json#13,Certificate,harf_vs_mabni
3,45,1,إِذْ,إذ,,قَالَتِ,HARF,ISM_MABNI,ISM_MABNI,Certificate,registry:exact:02_mabniyat/built_in_adverbs.json#13,Certificate,harf_vs_mabni
3,47,2,رَبِّ,رب,قَالَتْ,أَنَّى,ISM_MUARAB,HARF,HARF,Certificate,registry:plain:02_mabniyat/preposition_meanings.json#40,Certificate,ISM_MUARAB_to_HARF
3,47,3,أَنَّى,أنى,رَبِّ,يَكُونُ,HARF,ISM_MABNI,ISM_MABNI|HARF,Hypothesis,registry-exact-hypothesis:exact:02_mabniyat/conditional_lett,Hypothesis,harf_vs_mabni
3,47,16,إِذَا,إذا,يَشَاءُ,قَضَى,HARF,ISM_MABNI,ISM_MABNI,Certificate,registry:exact:02_mabniyat/built_in_adverbs.json#21,Certificate,harf_vs_mabni
3,49,6,قَدْ,قد,أَنِّي,جِئْتُكُمْ,HARF,ISM_MABNI,ISM_MABNI|FIIL,Hypothesis,registry-exact-hypothesis:exact:02_mabniyat/verb_name.json#9,Hypothesis,harf_vs_mabni
3,52,7,مَنْ,من,قَالَ,أَنْصَارِي,HARF,ISM_MAWSOOL,ISM_MAWSOOL|ISM_MABNI|HARF,Hypothesis,registry-exact-hypothesis:exact:02_mabniyat/relative_pronoun,Hypothesis,harf_vs_mawsool
3,55,1,إِذْ,إذ,,قَالَ,HARF,ISM_MABNI,ISM_MABNI,Certificate,registry:exact:02_mabniyat/built_in_adverbs.json#13,Certificate,harf_vs_mabni
3,55,8,إِلَيَّ,إلي,وَرَافِعُكَ,وَمُطَهِّرُكَ,HARF,ISM_MABNI,ISM_MABNI|FIIL,Hypothesis,registry-exact-hypothesis:exact:02_mabniyat/verb_name.json#8,Hypothesis,harf_vs_mabni
3,55,22,ثُمَّ,ثم,الْقِيَامَةِ,إِلَيَّ,HARF,ISM_MABNI,ISM_MABNI,Hypothesis,registry-exact-hypothesis:exact:02_mabniyat/built_in_adverbs,Hypothesis,harf_vs_mabni
3,55,23,إِلَيَّ,إلي,ثُمَّ,مَرْجِعُكُمْ,HARF,ISM_MABNI,ISM_MABNI|FIIL,Hypothesis,registry-exact-hypothesis:exact:02_mabniyat/verb_name.json#8,Hypothesis,harf_vs_mabni
3,56,10,وَمَا,وما,وَالْآخِرَةِ,لَهُمْ,HARF,ISM_MAWSOOL,ISM_MAWSOOL|ISM_MABNI|HARF,Certificate,MASAQ:51,Certificate,harf_vs_mawsool
3,58,3,عَلَيْكَ,عليك,نَتْلُوهُ,مِنَ,HARF,ISM_MABNI,ISM_MABNI|FIIL,Hypothesis,registry-exact-hypothesis:exact:02_mabniyat/verb_name.json#8,Hypothesis,harf_vs_mabni
3,59,11,ثُمَّ,ثم,تُرَابٍ,قَالَ,HARF,ISM_MABNI,ISM_MABNI,Hypothesis,registry-exact-hypothesis:exact:02_mabniyat/built_in_adverbs,Hypothesis,harf_vs_mabni
3,61,19,ثُمَّ,ثم,وَأَنْفُسَكُمْ,نَبْتَهِلْ,HARF,ISM_MABNI,ISM_MABNI,Hypothesis,registry-exact-hypothesis:exact:02_mabniyat/built_in_adverbs,Hypothesis,harf_vs_mabni
3,62,6,وَمَا,وما,الْحَقُّ,مِنْ,HARF,ISM_MAWSOOL,ISM_MAWSOOL|ISM_MABNI|HARF,Certificate,MASAQ:51,Certificate,harf_vs_mawsool
3,67,1,مَا,ما,,كَانَ,HARF,ISM_MAWSOOL,ISM_MAWSOOL|ISM_MABNI|HARF,Hypothesis,registry-exact-hypothesis:exact:02_mabniyat/relative_pronoun,Hypothesis,harf_vs_mawsool
3,67,11,وَمَا,وما,مُسْلِمَاً,كَانَ,HARF,ISM_MAWSOOL,ISM_MAWSOOL|ISM_MABNI|HARF,Certificate,MASAQ:51,Certificate,harf_vs_mawsool
3,69,8,وَمَا,وما,يُضِلُّونَكُمْ,يُضِلُّونَ,HARF,ISM_MAWSOOL,ISM_MAWSOOL|ISM_MABNI|HARF,Certificate,MASAQ:51,Certificate,harf_vs_mawsool
3,69,12,وَمَا,وما,أَنْفُسَهُمْ,يَشْعُرُونَ,HARF,ISM_MAWSOOL,ISM_MAWSOOL|ISM_MABNI|HARF,Certificate,MASAQ:51,Certificate,harf_vs_mawsool
3,75,4,مَنْ,من,الْكِتَابِ,إِنْ,HARF,ISM_MAWSOOL,ISM_MAWSOOL|ISM_MABNI|HARF,Hypothesis,registry-exact-hypothesis:exact:02_mabniyat/relative_pronoun,Hypothesis,harf_vs_mawsool
3,75,11,مَنْ,من,وَمِنْهُمْ,إِنْ,HARF,ISM_MAWSOOL,ISM_MAWSOOL|ISM_MABNI|HARF,Hypothesis,registry-exact-hypothesis:exact:02_mabniyat/relative_pronoun,Hypothesis,harf_vs_mawsool
3,78,10,وَمَا,وما,الْكِتَابِ,هُوَ,HARF,ISM_MAWSOOL,ISM_MAWSOOL|ISM_MABNI|HARF,Certificate,MASAQ:51,Certificate,harf_vs_mawsool
3,78,19,وَمَا,وما,اللَّهِ,هُوَ,HARF,ISM_MAWSOOL,ISM_MAWSOOL|ISM_MABNI|HARF,Certificate,MASAQ:51,Certificate,harf_vs_mawsool
3,79,1,مَا,ما,,كَانَ,HARF,ISM_MAWSOOL,ISM_MAWSOOL|ISM_MABNI|HARF,Hypothesis,registry-exact-hypothesis:exact:02_mabniyat/relative_pronoun,Hypothesis,harf_vs_mawsool
3,79,10,ثُمَّ,ثم,وَالنُّبُوَّةَ,يَقُولَ,HARF,ISM_MABNI,ISM_MABNI,Hypothesis,registry-exact-hypothesis:exact:02_mabniyat/built_in_adverbs,Hypothesis,harf_vs_mabni
3,80,11,إِذْ,إذ,بَعْدَ,أَنْتُمْ,HARF,ISM_MABNI,ISM_MABNI,Certificate,registry:exact:02_mabniyat/built_in_adverbs.json#13,Certificate,harf_vs_mabni
3,81,11,ثُمَّ,ثم,وَحِكْمَةٍ,جَاءَكُمْ,HARF,ISM_MABNI,ISM_MABNI,Hypothesis,registry-exact-hypothesis:exact:02_mabniyat/built_in_adverbs,Hypothesis,harf_vs_mabni
3,83,7,مَنْ,من,أَسْلَمَ,فِي,HARF,ISM_MAWSOOL,ISM_MAWSOOL|ISM_MABNI|HARF,Hypothesis,registry-exact-hypothesis:exact:02_mabniyat/relative_pronoun,Hypothesis,harf_vs_mawsool
3,90,6,ثُمَّ,ثم,إِيمَانِهِمْ,ازْدَادُوا,HARF,ISM_MABNI,ISM_MABNI,Hypothesis,registry-exact-hypothesis:exact:02_mabniyat/built_in_adverbs,Hypothesis,harf_vs_mabni
3,91,21,وَمَا,وما,أَلِيمٌ,لَهُمْ,HARF,ISM_MAWSOOL,ISM_MAWSOOL|ISM_MABNI|HARF,Certificate,MASAQ:51,Certificate,harf_vs_mawsool
3,92,8,وَمَا,وما,تُحِبُّونَ,تُنْفِقُوا,HARF,ISM_MAWSOOL,ISM_MAWSOOL|ISM_MABNI|HARF,Certificate,MASAQ:51,Certificate,harf_vs_mawsool
3,95,8,وَمَا,وما,حَنِيفَاً,كَانَ,HARF,ISM_MAWSOOL,ISM_MAWSOOL|ISM_MABNI|HARF,Certificate,MASAQ:51,Certificate,harf_vs_mawsool
3,97,15,مَنْ,من,الْبَيْتِ,اسْتَطَاعَ,HARF,ISM_MAWSOOL,ISM_MAWSOOL|ISM_MABNI|HARF,Hypothesis,registry-exact-hypothesis:exact:02_mabniyat/relative_pronoun,Hypothesis,harf_vs_mawsool
3,99,15,وَمَا,وما,شُهَدَاءُ,اللَّهُ,HARF,ISM_MAWSOOL,ISM_MAWSOOL|ISM_MABNI|HARF,Certificate,MASAQ:51,Certificate,harf_vs_mawsool
3,103,11,إِذْ,إذ,عَلَيْكُمْ,كُنْتُمْ,HARF,ISM_MABNI,ISM_MABNI,Certificate,registry:exact:02_mabniyat/built_in_adverbs.json#13,Certificate,harf_vs_mabni
3,108,5,عَلَيْكَ,عليك,نَتْلُوهَا,بِالْحَقِّ,HARF,ISM_MABNI,ISM_MABNI|FIIL,Hypothesis,registry-exact-hypothesis:exact:02_mabniyat/verb_name.json#8,Hypothesis,harf_vs_mabni
3,108,7,وَمَا,وما,بِالْحَقِّ,اللَّهُ,HARF,ISM_MAWSOOL,ISM_MAWSOOL|ISM_MABNI|HARF,Certificate,MASAQ:51,Certificate,harf_vs_mawsool
3,111,9,ثُمَّ,ثم,الْأَدْبَارَ,لَا,HARF,ISM_MABNI,ISM_MABNI,Hypothesis,registry-exact-hypothesis:exact:02_mabniyat/built_in_adverbs,Hypothesis,harf_vs_mabni
3,115,1,وَمَا,وما,,يَفْعَلُوا,HARF,ISM_MAWSOOL,ISM_MAWSOOL|ISM_MABNI|HARF,Certificate,MASAQ:51,Certificate,harf_vs_mawsool
3,117,18,وَمَا,وما,فَأَهْلَكَتْهُ,ظَلَمَهُمُ,HARF,ISM_MAWSOOL,ISM_MAWSOOL|ISM_MABNI|HARF,Certificate,MASAQ:51,Certificate,harf_vs_mawsool
3,118,15,قَدْ,قد,عَنِتُّمْ,بَدَتِ,HARF,ISM_MABNI,ISM_MABNI|FIIL,Hypothesis,registry-exact-hypothesis:exact:02_mabniyat/verb_name.json#9,Hypothesis,harf_vs_mabni
3,118,24,قَدْ,قد,أَكْبَرُ,بَيَّنَّا,HARF,ISM_MABNI,ISM_MABNI|FIIL,Hypothesis,registry-exact-hypothesis:exact:02_mabniyat/verb_name.json#9,Hypothesis,harf_vs_mabni
3,122,1,إِذْ,إذ,,هَمَّتْ,HARF,ISM_MABNI,ISM_MABNI,Certificate,registry:exact:02_mabniyat/built_in_adverbs.json#13,Certificate,harf_vs_mabni
3,124,1,إِذْ,إذ,,تَقُولُ,HARF,ISM_MABNI,ISM_MABNI,Certificate,registry:exact:02_mabniyat/built_in_adverbs.json#13,Certificate,harf_vs_mabni
3,126,1,وَمَا,وما,,جَعَلَهُ,HARF,ISM_MAWSOOL,ISM_MAWSOOL|ISM_MABNI|HARF,Certificate,MASAQ:51,Certificate,harf_vs_mawsool
3,126,10,وَمَا,وما,بِهِ,النَّصْرُ,HARF,ISM_MAWSOOL,ISM_MAWSOOL|ISM_MABNI|HARF,Certificate,MASAQ:51,Certificate,harf_vs_mawsool
3,135,2,إِذَا,إذا,وَالَّذِينَ,فَعَلُوا,HARF,ISM_MABNI,ISM_MABNI,Certificate,registry:exact:02_mabniyat/built_in_adverbs.json#21,Certificate,harf_vs_mabni
3,135,12,وَمَنْ,ومن,لِذُنُوبِهِمْ,يَغْفِرُ,ISM_MAWSOOL,HARF,ISM_MAWSOOL|ISM_MABNI|HARF,Certificate,MASAQ:1895,Certificate,ISM_MAWSOOL_to_HARF
3,137,1,قَدْ,قد,,خَلَتْ,HARF,ISM_MABNI,ISM_MABNI|FIIL,Hypothesis,registry-exact-hypothesis:exact:02_mabniyat/verb_name.json#9,Hypothesis,harf_vs_mabni
3,144,1,وَمَا,وما,,مُحَمَّدٌ,HARF,ISM_MAWSOOL,ISM_MAWSOOL|ISM_MABNI|HARF,Certificate,MASAQ:51,Certificate,harf_vs_mawsool
3,144,5,قَدْ,قد,رَسُولٌ,خَلَتْ,HARF,ISM_MABNI,ISM_MABNI|FIIL,Hypothesis,registry-exact-hypothesis:exact:02_mabniyat/verb_name.json#9,Hypothesis,harf_vs_mabni
3,145,1,وَمَا,وما,,كَانَ,HARF,ISM_MAWSOOL,ISM_MAWSOOL|ISM_MABNI|HARF,Certificate,MASAQ:51,Certificate,harf_vs_mawsool
3,146,15,وَمَا,وما,اللَّهِ,ضَعُفُوا,HARF,ISM_MAWSOOL,ISM_MAWSOOL|ISM_MABNI|HARF,Certificate,MASAQ:51,Certificate,harf_vs_mawsool
3,146,17,وَمَا,وما,ضَعُفُوا,اسْتَكَانُوا,HARF,ISM_MAWSOOL,ISM_MAWSOOL|ISM_MABNI|HARF,Certificate,MASAQ:51,Certificate,harf_vs_mawsool
3,147,1,وَمَا,وما,,كَانَ,HARF,ISM_MAWSOOL,ISM_MAWSOOL|ISM_MABNI|HARF,Certificate,MASAQ:51,Certificate,harf_vs_mawsool
3,152,5,إِذْ,إذ,وَعْدَهُ,تَحُسُّونَهُمْ,HARF,ISM_MABNI,ISM_MABNI,Certificate,registry:exact:02_mabniyat/built_in_adverbs.json#13,Certificate,harf_vs_mabni
3,152,9,إِذَا,إذا,حَتَّى,فَشِلْتُمْ,HARF,ISM_MABNI,ISM_MABNI,Certificate,registry:exact:02_mabniyat/built_in_adverbs.json#21,Certificate,harf_vs_mabni
3,152,22,مَنْ,من,مِنْكُمْ,يُرِيدُ,HARF,ISM_MAWSOOL,ISM_MAWSOOL|ISM_MABNI|HARF,Hypothesis,registry-exact-hypothesis:exact:02_mabniyat/relative_pronoun,Hypothesis,harf_vs_mawsool
3,152,26,مَنْ,من,وَمِنْكُمْ,يُرِيدُ,HARF,ISM_MAWSOOL,ISM_MAWSOOL|ISM_MABNI|HARF,Hypothesis,registry-exact-hypothesis:exact:02_mabniyat/relative_pronoun,Hypothesis,harf_vs_mawsool
3,152,29,ثُمَّ,ثم,الْآخِرَةَ,صَرَفَكُمْ,HARF,ISM_MABNI,ISM_MABNI,Hypothesis,registry-exact-hypothesis:exact:02_mabniyat/built_in_adverbs,Hypothesis,harf_vs_mabni
3,153,1,إِذْ,إذ,,تُصْعِدُونَ,HARF,ISM_MABNI,ISM_MABNI,Certificate,registry:exact:02_mabniyat/built_in_adverbs.json#13,Certificate,harf_vs_mabni
3,154,1,ثُمَّ,ثم,,أَنْزَلَ,HARF,ISM_MABNI,ISM_MABNI,Hypothesis,registry-exact-hypothesis:exact:02_mabniyat/built_in_adverbs,Hypothesis,harf_vs_mabni
3,154,13,قَدْ,قد,وَطَائِفَةٌ,أَهَمَّتْهُمْ,HARF,ISM_MABNI,ISM_MABNI|FIIL,Hypothesis,registry-exact-hypothesis:exact:02_mabniyat/verb_name.json#9,Hypothesis,harf_vs_mabni
3,154,48,مَا,ما,شَيْءٌ,قُتِلْنَا,HARF,ISM_MAWSOOL,ISM_MAWSOOL|ISM_MABNI|HARF,Hypothesis,registry-exact-hypothesis:exact:02_mabniyat/relative_pronoun,Hypothesis,harf_vs_mawsool
3,154,50,هَاهُنَا,هاهنا,قُتِلْنَا,قُلْ,HARF,ISM_MABNI,ISM_MABNI,Certificate,registry:exact:02_mabniyat/demonstrative_pronouns.json#4,Certificate,harf_vs_mabni
3,156,10,إِذَا,إذا,لِإِخْوَانِهِمْ,ضَرَبُوا,HARF,ISM_MABNI,ISM_MABNI,Certificate,registry:exact:02_mabniyat/built_in_adverbs.json#21,Certificate,harf_vs_mabni
3,156,20,مَا,ما,عِنْدَنَا,مَاتُوا,HARF,ISM_MAWSOOL,ISM_MAWSOOL|ISM_MABNI|HARF,Hypothesis,registry-exact-hypothesis:exact:02_mabniyat/relative_pronoun,Hypothesis,harf_vs_mawsool
3,156,22,وَمَا,وما,مَاتُوا,قُتِلُوا,HARF,ISM_MAWSOOL,ISM_MAWSOOL|ISM_MABNI|HARF,Certificate,MASAQ:51,Certificate,harf_vs_mawsool
3,161,1,وَمَا,وما,,كَانَ,HARF,ISM_MAWSOOL,ISM_MAWSOOL|ISM_MABNI|HARF,Certificate,MASAQ:51,Certificate,harf_vs_mawsool
3,161,13,ثُمَّ,ثم,الْقِيَامَةِ,تُوَفَّى,HARF,ISM_MABNI,ISM_MABNI,Hypothesis,registry-exact-hypothesis:exact:02_mabniyat/built_in_adverbs,Hypothesis,harf_vs_mabni
3,164,6,إِذْ,إذ,الْمُؤْمِنِينَ,بَعَثَ,HARF,ISM_MABNI,ISM_MABNI,Certificate,registry:exact:02_mabniyat/built_in_adverbs.json#13,Certificate,harf_vs_mabni
3,165,4,قَدْ,قد,مُصِيبَةٌ,أَصَبْتُمْ,HARF,ISM_MABNI,ISM_MABNI|FIIL,Hypothesis,registry-exact-hypothesis:exact:02_mabniyat/verb_name.json#9,Hypothesis,harf_vs_mabni
3,165,8,أَنَّى,أنى,قُلْتُمْ,هَذَا,HARF,ISM_MABNI,ISM_MABNI|HARF,Hypothesis,registry-exact-hypothesis:exact:02_mabniyat/conditional_lett,Hypothesis,harf_vs_mabni
3,166,1,وَمَا,وما,,أَصَابَكُمْ,HARF,ISM_MAWSOOL,ISM_MAWSOOL|ISM_MABNI|HARF,Certificate,MASAQ:51,Certificate,harf_vs_mawsool
3,167,31,أَعْلَمُ,أعلم,وَاللَّهُ,بِمَا,ISM_MUARAB,FIIL,,Certificate,MASAQ:477,Certificate,noun_misread_as_verb
3,168,7,مَا,ما,أَطَاعُونَا,قُتِلُوا,HARF,ISM_MAWSOOL,ISM_MAWSOOL|ISM_MABNI|HARF,Hypothesis,registry-exact-hypothesis:exact:02_mabniyat/relative_pronoun,Hypothesis,harf_vs_mawsool
3,173,7,قَدْ,قد,النَّاسَ,جَمَعُوا,HARF,ISM_MABNI,ISM_MABNI|FIIL,Hypothesis,registry-exact-hypothesis:exact:02_mabniyat/verb_name.json#9,Hypothesis,harf_vs_mabni
3,179,1,مَا,ما,,كَانَ,HARF,ISM_MAWSOOL,ISM_MAWSOOL|ISM_MABNI|HARF,Hypothesis,registry-exact-hypothesis:exact:02_mabniyat/relative_pronoun,Hypothesis,harf_vs_mawsool
3,179,15,وَمَا,وما,الطَّيِّبِ,كَانَ,HARF,ISM_MAWSOOL,ISM_MAWSOOL|ISM_MABNI|HARF,Certificate,MASAQ:51,Certificate,harf_vs_mawsool
3,183,16,قَدْ,قد,قُلْ,جَاءَكُمْ,HARF,ISM_MABNI,ISM_MABNI|FIIL,Hypothesis,registry-exact-hypothesis:exact:02_mabniyat/verb_name.json#9,Hypothesis,harf_vs_mabni
3,185,18,وَمَا,وما,فَازَ,الْحَيَاةُ,HARF,ISM_MAWSOOL,ISM_MAWSOOL|ISM_MABNI|HARF,Certificate,MASAQ:51,Certificate,harf_vs_mawsool
3,191,14,مَا,ما,رَبَّنَا,خَلَقْتَ,HARF,ISM_MAWSOOL,ISM_MAWSOOL|ISM_MABNI|HARF,Hypothesis,registry-exact-hypothesis:exact:02_mabniyat/relative_pronoun,Hypothesis,harf_vs_mawsool
3,192,3,مَنْ,من,إِنَّكَ,تُدْخِلِ,HARF,ISM_MAWSOOL,ISM_MAWSOOL|ISM_MABNI|HARF,Hypothesis,registry-exact-hypothesis:exact:02_mabniyat/relative_pronoun,Hypothesis,harf_vs_mawsool
3,192,8,وَمَا,وما,أَخْزَيْتَهُ,لِلظَّالِمِينَ,HARF,ISM_MAWSOOL,ISM_MAWSOOL|ISM_MABNI|HARF,Certificate,MASAQ:51,Certificate,harf_vs_mawsool
3,197,3,ثُمَّ,ثم,قَلِيلٌ,مَأْوَاهُمْ,HARF,ISM_MABNI,ISM_MABNI,Hypothesis,registry-exact-hypothesis:exact:02_mabniyat/built_in_adverbs,Hypothesis,harf_vs_mabni
4,6,4,إِذَا,إذا,حَتَّى,بَلَغُوا,HARF,ISM_MABNI,ISM_MABNI,Certificate,registry:exact:02_mabniyat/built_in_adverbs.json#21,Certificate,harf_vs_mabni
4,13,18,الْعَظِيمُ,العظيم,الْفَوْزُ,,ISM_MUARAB,JAMID,,Certificate,MASAQ:5243,Certificate,ISM_MUARAB_to_JAMID
4,17,9,ثُمَّ,ثم,بِجَهَالَةٍ,يَتُوبُونَ,HARF,ISM_MABNI,ISM_MABNI,Hypothesis,registry-exact-hypothesis:exact:02_mabniyat/built_in_adverbs,Hypothesis,harf_vs_mabni
4,18,7,إِذَا,إذا,حَتَّى,حَضَرَ,HARF,ISM_MABNI,ISM_MABNI,Certificate,registry:exact:02_mabniyat/built_in_adverbs.json#21,Certificate,harf_vs_mabni
4,18,14,الْآنَ,الآن,تُبْتُ,وَلَا,HARF,ISM_MABNI,ISM_MABNI,Certificate,registry:plain:02_mabniyat/built_in_adverbs.json#4,Certificate,harf_vs_mabni
4,22,10,قَدْ,قد,مَا,سَلَفَ,HARF,ISM_MABNI,ISM_MABNI|FIIL,Hypothesis,registry-exact-hypothesis:exact:02_mabniyat/verb_name.json#9,Hypothesis,harf_vs_mabni
4,23,48,قَدْ,قد,مَا,سَلَفَ,HARF,ISM_MABNI,ISM_MABNI|FIIL,Hypothesis,registry-exact-hypothesis:exact:02_mabniyat/verb_name.json#9,Hypothesis,harf_vs_mabni
4,25,18,أَعْلَمُ,أعلم,وَاللَّهُ,بِإِيمَانِكُمْ,ISM_MUARAB,FIIL,,Certificate,MASAQ:477,Certificate,noun_misread_as_verb
4,41,2,إِذَا,إذا,فَكَيْفَ,جِئْنَا,HARF,ISM_MABNI,ISM_MABNI,Certificate,registry:exact:02_mabniyat/built_in_adverbs.json#21,Certificate,harf_vs_mabni
4,45,2,أَعْلَمُ,أعلم,وَاللَّهُ,بِأَعْدَائِكُمْ,ISM_MUARAB,FIIL,,Certificate,MASAQ:477,Certificate,noun_misread_as_verb
4,55,2,مَنْ,من,فَمِنْهُمْ,آمَنَ,HARF,ISM_MAWSOOL,ISM_MAWSOOL|ISM_MABNI|HARF,Hypothesis,registry-exact-hypothesis:exact:02_mabniyat/relative_pronoun,Hypothesis,harf_vs_mawsool
4,55,6,مَنْ,من,وَمِنْهُمْ,صَدَّ,HARF,ISM_MAWSOOL,ISM_MAWSOOL|ISM_MABNI|HARF,Hypothesis,registry-exact-hypothesis:exact:02_mabniyat/relative_pronoun,Hypothesis,harf_vs_mawsool
4,56,8,كُلَّمَا,كلما,نَارَاً,نَضِجَتْ,ISM_MUARAB,ISM_MABNI,ISM_MABNI,Certificate,registry:exact:02_mabniyat/conditional_letters_tools.json#17,Certificate,ISM_MUARAB_to_ISM_MABNI
4,62,2,إِذَا,إذا,فَكَيْفَ,أَصَابَتْهُمْ,HARF,ISM_MABNI,ISM_MABNI,Certificate,registry:exact:02_mabniyat/built_in_adverbs.json#21,Certificate,harf_vs_mabni
4,62,8,ثُمَّ,ثم,أَيْدِيهِمْ,جَاءُوكَ,HARF,ISM_MABNI,ISM_MABNI,Hypothesis,registry-exact-hypothesis:exact:02_mabniyat/built_in_adverbs,Hypothesis,harf_vs_mabni
4,64,1,وَمَا,وما,,أَرْسَلْنَا,HARF,ISM_MAWSOOL,ISM_MAWSOOL|ISM_MABNI|HARF,Certificate,MASAQ:51,Certificate,harf_vs_mawsool
4,64,11,إِذْ,إذ,أَنَّهُمْ,ظَلَمُوا,HARF,ISM_MABNI,ISM_MABNI,Certificate,registry:exact:02_mabniyat/built_in_adverbs.json#13,Certificate,harf_vs_mabni
4,65,10,ثُمَّ,ثم,بَيْنَهُمْ,لَا,HARF,ISM_MABNI,ISM_MABNI,Hypothesis,registry-exact-hypothesis:exact:02_mabniyat/built_in_adverbs,Hypothesis,harf_vs_mabni
4,66,12,مَا,ما,دِيَارِكُمْ,فَعَلُوهُ,HARF,ISM_MAWSOOL,ISM_MAWSOOL|ISM_MABNI|HARF,Hypothesis,registry-exact-hypothesis:exact:02_mabniyat/relative_pronoun,Hypothesis,harf_vs_mawsool
4,72,9,قَدْ,قد,قَالَ,أَنْعَمَ,HARF,ISM_MABNI,ISM_MABNI|FIIL,Hypothesis,registry-exact-hypothesis:exact:02_mabniyat/verb_name.json#9,Hypothesis,harf_vs_mabni
4,72,13,إِذْ,إذ,عَلَيَّ,لَمْ,HARF,ISM_MABNI,ISM_MABNI,Certificate,registry:exact:02_mabniyat/built_in_adverbs.json#13,Certificate,harf_vs_mabni
4,75,25,لَدُنْكَ,لدنك,مِنْ,وَلِيَّاً,ISM_MUARAB,HARF,,Certificate,MASAQ:6287,Certificate,ISM_MUARAB_to_HARF
4,75,30,لَدُنْكَ,لدنك,مِنْ,نَصِيرَاً,ISM_MUARAB,HARF,,Certificate,MASAQ:6287,Certificate,ISM_MUARAB_to_HARF
4,77,17,إِذَا,إذا,الْقِتَالُ,فَرِيقٌ,HARF,ISM_MABNI,ISM_MABNI,Certificate,registry:exact:02_mabniyat/built_in_adverbs.json#21,Certificate,harf_vs_mabni
4,77,36,أَجَلٍ,أجل,إِلَى,قَرِيبٍ,ISM_MUARAB,HARF,HARF,Certificate,registry:plain:02_mabniyat/letters_answers.json#3,Certificate,ISM_MUARAB_to_HARF
4,79,1,مَا,ما,,أَصَابَكَ,HARF,ISM_MAWSOOL,ISM_MAWSOOL|ISM_MABNI|HARF,Hypothesis,registry-exact-hypothesis:exact:02_mabniyat/relative_pronoun,Hypothesis,harf_vs_mawsool
4,79,7,وَمَا,وما,اللَّهِ,أَصَابَكَ,HARF,ISM_MAWSOOL,ISM_MAWSOOL|ISM_MABNI|HARF,Certificate,MASAQ:51,Certificate,harf_vs_mawsool
4,80,1,مَنْ,من,,يُطِعِ,HARF,ISM_MAWSOOL,ISM_MAWSOOL|ISM_MABNI|HARF,Hypothesis,registry-exact-hypothesis:exact:02_mabniyat/relative_pronoun,Hypothesis,harf_vs_mawsool
4,85,1,مَنْ,من,,يَشْفَعْ,HARF,ISM_MAWSOOL,ISM_MAWSOOL|ISM_MABNI|HARF,Hypothesis,registry-exact-hypothesis:exact:02_mabniyat/relative_pronoun,Hypothesis,harf_vs_mawsool
4,89,21,حَيْثُ,حيث,وَاقْتُلُوهُمْ,وَجَدْتُمُوهُمْ,HARF,ISM_MABNI,ISM_MABNI,Certificate,registry:exact:02_mabniyat/built_in_adverbs.json#1,Certificate,harf_vs_mabni
4,91,8,كُلَّمَا,كل,قَوْمَهُمْ,رُدُّوا,ISM_MUARAB,ISM_MABNI,ISM_MABNI,Certificate,registry:exact:02_mabniyat/conditional_letters_tools.json#17,Certificate,ISM_MUARAB_to_ISM_MABNI
4,91,25,حَيْثُ,حيث,وَاقْتُلُوهُمْ,ثَقِفْتُمُوهُمْ,HARF,ISM_MABNI,ISM_MABNI,Certificate,registry:exact:02_mabniyat/built_in_adverbs.json#1,Certificate,harf_vs_mabni
4,92,1,وَمَا,وما,,كَانَ,HARF,ISM_MAWSOOL,ISM_MAWSOOL|ISM_MABNI|HARF,Certificate,MASAQ:51,Certificate,harf_vs_mawsool
4,94,4,إِذَا,إذا,آمَنُوا,ضَرَبْتُمْ,HARF,ISM_MABNI,ISM_MABNI,Certificate,registry:exact:02_mabniyat/built_in_adverbs.json#21,Certificate,harf_vs_mabni
4,100,20,ثُمَّ,ثم,وَرَسُولِهِ,يُدْرِكْهُ,HARF,ISM_MABNI,ISM_MABNI,Hypothesis,registry-exact-hypothesis:exact:02_mabniyat/built_in_adverbs,Hypothesis,harf_vs_mabni
4,104,16,مَا,ما,اللَّهِ,لَا,HARF,ISM_MAWSOOL,ISM_MAWSOOL|ISM_MABNI|HARF,Hypothesis,registry-exact-hypothesis:exact:02_mabniyat/relative_pronoun,Hypothesis,harf_vs_mawsool
4,108,10,إِذْ,إذ,مَعَهُمْ,يُبَيِّتُونَ,HARF,ISM_MABNI,ISM_MABNI,Certificate,registry:exact:02_mabniyat/built_in_adverbs.json#13,Certificate,harf_vs_mabni
4,109,15,مَنْ,من,أَمْ,يَكُونُ,HARF,ISM_MAWSOOL,ISM_MAWSOOL|ISM_MABNI|HARF,Hypothesis,registry-exact-hypothesis:exact:02_mabniyat/relative_pronoun,Hypothesis,harf_vs_mawsool
4,110,7,ثُمَّ,ثم,نَفْسَهُ,يَسْتَغْفِرِ,HARF,ISM_MABNI,ISM_MABNI,Hypothesis,registry-exact-hypothesis:exact:02_mabniyat/built_in_adverbs,Hypothesis,harf_vs_mabni
4,112,6,ثُمَّ,ثم,إِثْمَاً,يَرْمِ,HARF,ISM_MABNI,ISM_MABNI,Hypothesis,registry-exact-hypothesis:exact:02_mabniyat/built_in_adverbs,Hypothesis,harf_vs_mabni
4,113,4,عَلَيْكَ,عليك,اللَّهِ,وَرَحْمَتُهُ,HARF,ISM_MABNI,ISM_MABNI|FIIL,Hypothesis,registry-exact-hypothesis:exact:02_mabniyat/verb_name.json#8,Hypothesis,harf_vs_mabni
4,113,11,وَمَا,وما,يُضِلُّوكَ,يُضِلُّونَ,HARF,ISM_MAWSOOL,ISM_MAWSOOL|ISM_MABNI|HARF,Certificate,MASAQ:51,Certificate,harf_vs_mawsool
4,113,15,وَمَا,وما,أَنْفُسَهُمْ,يَضُرُّونَكَ,HARF,ISM_MAWSOOL,ISM_MAWSOOL|ISM_MABNI|HARF,Certificate,MASAQ:51,Certificate,harf_vs_mawsool
4,113,21,عَلَيْكَ,عليك,اللَّهُ,الْكِتَابَ,HARF,ISM_MABNI,ISM_MABNI|FIIL,Hypothesis,registry-exact-hypothesis:exact:02_mabniyat/verb_name.json#8,Hypothesis,harf_vs_mabni
4,113,32,عَلَيْكَ,عليك,اللَّهِ,عَظِيمَاً,HARF,ISM_MABNI,ISM_MABNI|FIIL,Hypothesis,registry-exact-hypothesis:exact:02_mabniyat/verb_name.json#8,Hypothesis,harf_vs_mabni
4,120,3,وَمَا,وما,وَيُمَنِّيهِمْ,يَعِدُهُمُ,HARF,ISM_MAWSOOL,ISM_MAWSOOL|ISM_MABNI|HARF,Certificate,MASAQ:51,Certificate,harf_vs_mawsool
4,130,5,كُلَّاً,كلا,اللَّهُ,مِنْ,ISM_MUARAB,HARF,HARF,Certificate,registry:plain:02_mabniyat/letters_answers.json#9,Certificate,ISM_MUARAB_to_HARF
4,133,4,أَيُّهَا,أيها,يُذْهِبْكُمْ,النَّاسُ,ISM_MAWSOOL,HARF,HARF,Certificate,registry:exact:02_mabniyat/vocative_particles.json#6,Certificate,ISM_MAWSOOL_to_HARF
4,134,1,مَنْ,من,,كَانَ,HARF,ISM_MAWSOOL,ISM_MAWSOOL|ISM_MABNI|HARF,Hypothesis,registry-exact-hypothesis:exact:02_mabniyat/relative_pronoun,Hypothesis,harf_vs_mawsool
4,137,4,ثُمَّ,ثم,آمَنُوا,كَفَرُوا,HARF,ISM_MABNI,ISM_MABNI,Hypothesis,registry-exact-hypothesis:exact:02_mabniyat/built_in_adverbs,Hypothesis,harf_vs_mabni
4,137,6,ثُمَّ,ثم,كَفَرُوا,آمَنُوا,HARF,ISM_MABNI,ISM_MABNI,Hypothesis,registry-exact-hypothesis:exact:02_mabniyat/built_in_adverbs,Hypothesis,harf_vs_mabni
4,137,8,ثُمَّ,ثم,آمَنُوا,كَفَرُوا,HARF,ISM_MABNI,ISM_MABNI,Hypothesis,registry-exact-hypothesis:exact:02_mabniyat/built_in_adverbs,Hypothesis,harf_vs_mabni
4,137,10,ثُمَّ,ثم,كَفَرُوا,ازْدَادُوا,HARF,ISM_MABNI,ISM_MABNI,Hypothesis,registry-exact-hypothesis:exact:02_mabniyat/built_in_adverbs,Hypothesis,harf_vs_mabni
4,140,7,إِذَا,إذا,أَنْ,سَمِعْتُمْ,HARF,ISM_MABNI,ISM_MABNI,Certificate,registry:exact:02_mabniyat/built_in_adverbs.json#21,Certificate,harf_vs_mabni
4,140,24,إِذَاً,إذا,إِنَّكُمْ,مِثْلُهُمْ,HARF,ISM_MABNI,ISM_MABNI,Certificate,registry:plain:02_mabniyat/built_in_adverbs.json#21,Certificate,harf_vs_mabni
4,147,1,مَا,ما,,يَفْعَلُ,HARF,ISM_MAWSOOL,ISM_MAWSOOL|ISM_MABNI|HARF,Hypothesis,registry-exact-hypothesis:exact:02_mabniyat/relative_pronoun,Hypothesis,harf_vs_mawsool
4,153,23,ثُمَّ,ثم,بِظُلْمِهِمْ,اتَّخَذُوا,HARF,ISM_MABNI,ISM_MABNI,Hypothesis,registry-exact-hypothesis:exact:02_mabniyat/built_in_adverbs,Hypothesis,harf_vs_mabni
4,157,10,وَمَا,وما,اللَّهِ,قَتَلُوهُ,HARF,ISM_MAWSOOL,ISM_MAWSOOL|ISM_MABNI|HARF,Certificate,MASAQ:51,Certificate,harf_vs_mawsool
4,157,12,وَمَا,وما,قَتَلُوهُ,صَلَبُوهُ,HARF,ISM_MAWSOOL,ISM_MAWSOOL|ISM_MABNI|HARF,Certificate,MASAQ:51,Certificate,harf_vs_mawsool
4,157,24,مَا,ما,مِنْهُ,لَهُمْ,HARF,ISM_MAWSOOL,ISM_MAWSOOL|ISM_MABNI|HARF,Hypothesis,registry-exact-hypothesis:exact:02_mabniyat/relative_pronoun,Hypothesis,harf_vs_mawsool
4,157,32,وَمَا,وما,الظَّنِّ,قَتَلُوهُ,HARF,ISM_MAWSOOL,ISM_MAWSOOL|ISM_MABNI|HARF,Certificate,MASAQ:51,Certificate,harf_vs_mawsool
4,164,2,قَدْ,قد,وَرُسُلَاً,قَصَصْنَاهُمْ,HARF,ISM_MABNI,ISM_MABNI|FIIL,Hypothesis,registry-exact-hypothesis:exact:02_mabniyat/verb_name.json#9,Hypothesis,harf_vs_mabni
4,164,4,عَلَيْكَ,عليك,قَصَصْنَاهُمْ,مِنْ,HARF,ISM_MABNI,ISM_MABNI|FIIL,Hypothesis,registry-exact-hypothesis:exact:02_mabniyat/verb_name.json#8,Hypothesis,harf_vs_mabni
4,164,10,عَلَيْكَ,عليك,نَقْصُصْهُمْ,وَكَلَّمَ,HARF,ISM_MABNI,ISM_MABNI|FIIL,Hypothesis,registry-exact-hypothesis:exact:02_mabniyat/verb_name.json#8,Hypothesis,harf_vs_mabni
4,167,8,قَدْ,قد,اللَّهِ,ضَلُّوا,HARF,ISM_MABNI,ISM_MABNI|FIIL,Hypothesis,registry-exact-hypothesis:exact:02_mabniyat/verb_name.json#9,Hypothesis,harf_vs_mabni
4,170,3,قَدْ,قد,النَّاسُ,جَاءَكُمُ,HARF,ISM_MABNI,ISM_MABNI|FIIL,Hypothesis,registry-exact-hypothesis:exact:02_mabniyat/verb_name.json#9,Hypothesis,harf_vs_mabni
4,174,3,قَدْ,قد,النَّاسُ,جَاءَكُمْ,HARF,ISM_MABNI,ISM_MABNI|FIIL,Hypothesis,registry-exact-hypothesis:exact:02_mabniyat/verb_name.json#9,Hypothesis,harf_vs_mabni
5,4,2,مَاذَا,ماذا,يَسْأَلُونَكَ,أُحِلَّ,HARF,ISM_MABNI,ISM_MABNI,Certificate,registry:plain:02_mabniyat/interrogative_tools_categories.js,Certificate,harf_vs_mabni
5,5,24,إِذَا,إذا,قَبْلِكُمْ,آتَيْتُمُوهُنَّ,HARF,ISM_MABNI,ISM_MABNI,Certificate,registry:exact:02_mabniyat/built_in_adverbs.json#21,Certificate,harf_vs_mabni
5,6,4,إِذَا,إذا,آمَنُوا,قُمْتُمْ,HARF,ISM_MABNI,ISM_MABNI,Certificate,registry:exact:02_mabniyat/built_in_adverbs.json#21,Certificate,harf_vs_mabni
5,6,47,مَا,ما,مِنْهُ,يُرِيدُ,HARF,ISM_MAWSOOL,ISM_MAWSOOL|ISM_MABNI|HARF,Hypothesis,registry-exact-hypothesis:exact:02_mabniyat/relative_pronoun,Hypothesis,harf_vs_mawsool
5,7,9,إِذْ,إذ,بِهِ,قُلْتُمْ,HARF,ISM_MABNI,ISM_MABNI,Certificate,registry:exact:02_mabniyat/built_in_adverbs.json#13,Certificate,harf_vs_mabni
5,11,8,إِذْ,إذ,عَلَيْكُمْ,هَمَّ,HARF,ISM_MABNI,ISM_MABNI,Certificate,registry:exact:02_mabniyat/built_in_adverbs.json#13,Certificate,harf_vs_mabni
5,15,3,قَدْ,قد,الْكِتَابِ,جَاءَكُمْ,HARF,ISM_MABNI,ISM_MABNI|FIIL,Hypothesis,registry-exact-hypothesis:exact:02_mabniyat/verb_name.json#9,Hypothesis,harf_vs_mabni
5,15,17,قَدْ,قد,كَثِيرٍ,جَاءَكُمْ,HARF,ISM_MABNI,ISM_MABNI|FIIL,Hypothesis,registry-exact-hypothesis:exact:02_mabniyat/verb_name.json#9,Hypothesis,harf_vs_mabni
5,17,25,وَمَنْ,ومن,وَأُمَّهُ,فِي,ISM_MAWSOOL,HARF,ISM_MAWSOOL|ISM_MABNI|HARF,Certificate,MASAQ:1895,Certificate,ISM_MAWSOOL_to_HARF
5,19,3,قَدْ,قد,الْكِتَابِ,جَاءَكُمْ,HARF,ISM_MABNI,ISM_MABNI|FIIL,Hypothesis,registry-exact-hypothesis:exact:02_mabniyat/verb_name.json#9,Hypothesis,harf_vs_mabni
5,19,14,مَا,ما,تَقُولُوا,جَاءَنَا,HARF,ISM_MAWSOOL,ISM_MAWSOOL|ISM_MABNI|HARF,Hypothesis,registry-exact-hypothesis:exact:02_mabniyat/relative_pronoun,Hypothesis,harf_vs_mawsool
5,20,10,إِذْ,إذ,عَلَيْكُمْ,جَعَلَ,HARF,ISM_MABNI,ISM_MABNI,Certificate,registry:exact:02_mabniyat/built_in_adverbs.json#13,Certificate,harf_vs_mabni
5,24,14,هَاهُنَا,هاهنا,إِنَّا,قَاعِدُونَ,HARF,ISM_MABNI,ISM_MABNI,Certificate,registry:exact:02_mabniyat/demonstrative_pronouns.json#4,Certificate,harf_vs_mabni
5,25,2,رَبِّ,رب,قَالَ,إِنِّي,ISM_MUARAB,HARF,HARF,Certificate,registry:plain:02_mabniyat/preposition_meanings.json#40,Certificate,ISM_MUARAB_to_HARF
5,27,7,إِذْ,إذ,بِالْحَقِّ,قَرَّبَا,HARF,ISM_MABNI,ISM_MABNI,Certificate,registry:exact:02_mabniyat/built_in_adverbs.json#13,Certificate,harf_vs_mabni
5,28,3,إِلَيَّ,إلي,بَسَطْتَ,يَدَكَ,HARF,ISM_MABNI,ISM_MABNI|FIIL,Hypothesis,registry-exact-hypothesis:exact:02_mabniyat/verb_name.json#8,Hypothesis,harf_vs_mabni
5,28,6,مَا,ما,لِتَقْتُلَنِي,أَنَا,HARF,ISM_MAWSOOL,ISM_MAWSOOL|ISM_MABNI|HARF,Hypothesis,registry-exact-hypothesis:exact:02_mabniyat/relative_pronoun,Hypothesis,harf_vs_mawsool
5,28,15,رَبَّ,رب,اللَّهَ,الْعَالَمِينَ,ISM_MUARAB,HARF,HARF,Certificate,registry:plain:02_mabniyat/preposition_meanings.json#40,Certificate,ISM_MUARAB_to_HARF
5,32,2,أَجْلِ,أجل,مِنْ,ذَلِكَ,ISM_MUARAB,HARF,HARF,Certificate,registry:plain:02_mabniyat/letters_answers.json#3,Certificate,ISM_MUARAB_to_HARF
5,32,32,ثُمَّ,ثم,بِالْبَيِّنَاتِ,إِنَّ,HARF,ISM_MABNI,ISM_MABNI,Hypothesis,registry-exact-hypothesis:exact:02_mabniyat/built_in_adverbs,Hypothesis,harf_vs_mabni
5,36,17,يَوْمِ,يوم,عَذَابِ,الْقِيَامَةِ,HARF,ISM_MUARAB,,Certificate,MASAQ:12,Certificate,HARF_to_ISM_MUARAB
5,37,6,وَمَا,وما,النَّارِ,هُمْ,HARF,ISM_MAWSOOL,ISM_MAWSOOL|ISM_MABNI|HARF,Certificate,MASAQ:51,Certificate,harf_vs_mawsool
5,43,8,ثُمَّ,ثم,اللَّهِ,يَتَوَلَّوْنَ,HARF,ISM_MABNI,ISM_MABNI,Hypothesis,registry-exact-hypothesis:exact:02_mabniyat/built_in_adverbs,Hypothesis,harf_vs_mabni
5,43,13,وَمَا,وما,ذَلِكَ,أُولَئِكَ,HARF,ISM_MAWSOOL,ISM_MAWSOOL|ISM_MABNI|HARF,Certificate,MASAQ:51,Certificate,harf_vs_mawsool
5,50,4,وَمَنْ,ومن,يَبْغُونَ,أَحْسَنُ,ISM_MAWSOOL,HARF,ISM_MAWSOOL|ISM_MABNI|HARF,Certificate,MASAQ:1895,Certificate,ISM_MAWSOOL_to_HARF
5,60,13,وَغَضِبَ,وغضب,اللَّهُ,عَلَيْهِ,FIIL,ISM_MUARAB,,Certificate,MASAQ:11777,Certificate,verb_misread_as_noun
5,61,9,قَدْ,قد,وَهُمْ,خَرَجُوا,HARF,ISM_MABNI,ISM_MABNI|FIIL,Hypothesis,registry-exact-hypothesis:exact:02_mabniyat/verb_name.json#9,Hypothesis,harf_vs_mabni
5,61,13,أَعْلَمُ,أعلم,وَاللَّهُ,بِمَا,ISM_MUARAB,FIIL,,Certificate,MASAQ:477,Certificate,noun_misread_as_verb
5,64,34,كُلَّمَا,كلما,الْقِيَامَةِ,أَوْقَدُوا,ISM_MUARAB,ISM_MABNI,ISM_MABNI,Certificate,registry:exact:02_mabniyat/conditional_letters_tools.json#17,Certificate,ISM_MUARAB_to_ISM_MABNI
5,70,9,كُلَّمَا,كلما,رُسُلَاً,جَاءَهُمْ,ISM_MUARAB,ISM_MABNI,ISM_MABNI,Certificate,registry:exact:02_mabniyat/conditional_letters_tools.json#17,Certificate,ISM_MUARAB_to_ISM_MABNI
5,71,7,ثُمَّ,ثم,وَصَمُّوا,تَابَ,HARF,ISM_MABNI,ISM_MABNI,Hypothesis,registry-exact-hypothesis:exact:02_mabniyat/built_in_adverbs,Hypothesis,harf_vs_mabni
5,71,11,ثُمَّ,ثم,عَلَيْهِمْ,عَمُوا,HARF,ISM_MABNI,ISM_MABNI,Hypothesis,registry-exact-hypothesis:exact:02_mabniyat/built_in_adverbs,Hypothesis,harf_vs_mabni
5,72,30,وَمَا,وما,النَّارُ,لِلظَّالِمِينَ,HARF,ISM_MAWSOOL,ISM_MAWSOOL|ISM_MABNI|HARF,Certificate,MASAQ:51,Certificate,harf_vs_mawsool
5,73,9,وَمَا,وما,ثَلَاثَةٍ,مِنْ,HARF,ISM_MAWSOOL,ISM_MAWSOOL|ISM_MABNI|HARF,Certificate,MASAQ:51,Certificate,harf_vs_mawsool
5,75,1,مَا,ما,,الْمَسِيحُ,HARF,ISM_MAWSOOL,ISM_MAWSOOL|ISM_MABNI|HARF,Hypothesis,registry-exact-hypothesis:exact:02_mabniyat/relative_pronoun,Hypothesis,harf_vs_mawsool
5,75,7,قَدْ,قد,رَسُولٌ,خَلَتْ,HARF,ISM_MABNI,ISM_MABNI|FIIL,Hypothesis,registry-exact-hypothesis:exact:02_mabniyat/verb_name.json#9,Hypothesis,harf_vs_mabni
5,75,22,ثُمَّ,ثم,الْآيَاتِ,انْظُرْ,HARF,ISM_MABNI,ISM_MABNI,Hypothesis,registry-exact-hypothesis:exact:02_mabniyat/built_in_adverbs,Hypothesis,harf_vs_mabni
5,75,24,أَنَّى,أنى,انْظُرْ,يُؤْفَكُونَ,HARF,ISM_MABNI,ISM_MABNI|HARF,Hypothesis,registry-exact-hypothesis:exact:02_mabniyat/conditional_lett,Hypothesis,harf_vs_mabni
5,76,6,مَا,ما,اللَّهِ,لَا,HARF,ISM_MAWSOOL,ISM_MAWSOOL|ISM_MABNI|HARF,Hypothesis,registry-exact-hypothesis:exact:02_mabniyat/relative_pronoun,Hypothesis,harf_vs_mawsool
5,77,14,قَدْ,قد,قَوْمٍ,ضَلُّوا,HARF,ISM_MABNI,ISM_MABNI|FIIL,Hypothesis,registry-exact-hypothesis:exact:02_mabniyat/verb_name.json#9,Hypothesis,harf_vs_mabni
5,81,9,مَا,ما,إِلَيْهِ,اتَّخَذُوهُمْ,HARF,ISM_MAWSOOL,ISM_MAWSOOL|ISM_MABNI|HARF,Hypothesis,registry-exact-hypothesis:exact:02_mabniyat/relative_pronoun,Hypothesis,harf_vs_mawsool
5,84,1,وَمَا,وما,,لَنَا,HARF,ISM_MAWSOOL,ISM_MAWSOOL|ISM_MABNI|HARF,Certificate,MASAQ:51,Certificate,harf_vs_mawsool
5,89,35,إِذَا,إذا,أَيْمَانِكُمْ,حَلَفْتُمْ,HARF,ISM_MABNI,ISM_MABNI,Certificate,registry:exact:02_mabniyat/built_in_adverbs.json#21,Certificate,harf_vs_mabni
5,93,10,إِذَا,إذا,طَعِمُوا,مَا,HARF,ISM_MABNI,ISM_MABNI,Certificate,registry:exact:02_mabniyat/built_in_adverbs.json#21,Certificate,harf_vs_mabni
5,93,16,ثُمَّ,ثم,الصَّالِحَاتِ,اتَّقَوْا,HARF,ISM_MABNI,ISM_MABNI,Hypothesis,registry-exact-hypothesis:exact:02_mabniyat/built_in_adverbs,Hypothesis,harf_vs_mabni
5,93,19,ثُمَّ,ثم,وَآمَنُوا,اتَّقَوْا,HARF,ISM_MABNI,ISM_MABNI,Hypothesis,registry-exact-hypothesis:exact:02_mabniyat/built_in_adverbs,Hypothesis,harf_vs_mabni
5,97,20,وَمَا,وما,السَّمَاوَاتِ,فِي,HARF,ISM_MAWSOOL,ISM_MAWSOOL|ISM_MABNI|HARF,Certificate,MASAQ:51,Certificate,harf_vs_mawsool
5,99,1,مَا,ما,,عَلَى,HARF,ISM_MAWSOOL,ISM_MAWSOOL|ISM_MABNI|HARF,Hypothesis,registry-exact-hypothesis:exact:02_mabniyat/relative_pronoun,Hypothesis,harf_vs_mawsool
5,99,10,وَمَا,وما,تُبْدُونَ,تَكْتُمُونَ,HARF,ISM_MAWSOOL,ISM_MAWSOOL|ISM_MABNI|HARF,Certificate,MASAQ:51,Certificate,harf_vs_mawsool
5,102,1,قَدْ,قد,,سَأَلَهَا,HARF,ISM_MABNI,ISM_MABNI|FIIL,Hypothesis,registry-exact-hypothesis:exact:02_mabniyat/verb_name.json#9,Hypothesis,harf_vs_mabni
5,102,6,ثُمَّ,ثم,قَبْلِكُمْ,أَصْبَحُوا,HARF,ISM_MABNI,ISM_MABNI,Hypothesis,registry-exact-hypothesis:exact:02_mabniyat/built_in_adverbs,Hypothesis,harf_vs_mabni
5,103,1,مَا,ما,,جَعَلَ,HARF,ISM_MAWSOOL,ISM_MAWSOOL|ISM_MABNI|HARF,Hypothesis,registry-exact-hypothesis:exact:02_mabniyat/relative_pronoun,Hypothesis,harf_vs_mawsool
5,105,10,إِذَا,إذا,ضَلَّ,اهْتَدَيْتُمْ,HARF,ISM_MABNI,ISM_MABNI,Certificate,registry:exact:02_mabniyat/built_in_adverbs.json#21,Certificate,harf_vs_mabni
5,106,6,إِذَا,إذا,بَيْنِكُمْ,حَضَرَ,HARF,ISM_MABNI,ISM_MABNI,Certificate,registry:exact:02_mabniyat/built_in_adverbs.json#21,Certificate,harf_vs_mabni
5,106,49,إِذَاً,إذا,إِنَّا,لَمِنَ,HARF,ISM_MABNI,ISM_MABNI,Certificate,registry:plain:02_mabniyat/built_in_adverbs.json#21,Certificate,harf_vs_mabni
5,107,21,وَمَا,وما,شَهَادَتِهِمَا,اعْتَدَيْنَا,HARF,ISM_MAWSOOL,ISM_MAWSOOL|ISM_MABNI|HARF,Certificate,MASAQ:51,Certificate,harf_vs_mawsool
5,107,24,إِذَاً,إذا,إِنَّا,لَمِنَ,HARF,ISM_MABNI,ISM_MABNI,Certificate,registry:plain:02_mabniyat/built_in_adverbs.json#21,Certificate,harf_vs_mabni
5,109,6,مَاذَا,ماذا,فَيَقُولُ,أُجِبْتُمْ,HARF,ISM_MABNI,ISM_MABNI,Certificate,registry:plain:02_mabniyat/interrogative_tools_categories.js,Certificate,harf_vs_mabni
5,110,1,إِذْ,إذ,,قَالَ,HARF,ISM_MABNI,ISM_MABNI,Certificate,registry:exact:02_mabniyat/built_in_adverbs.json#13,Certificate,harf_vs_mabni
5,110,9,عَلَيْكَ,عليك,نِعْمَتِي,وَعَلَى,HARF,ISM_MABNI,ISM_MABNI|FIIL,Hypothesis,registry-exact-hypothesis:exact:02_mabniyat/verb_name.json#8,Hypothesis,harf_vs_mabni
5,110,12,إِذْ,إذ,وَالِدَتِكَ,أَيَّدْتُكَ,HARF,ISM_MABNI,ISM_MABNI,Certificate,registry:exact:02_mabniyat/built_in_adverbs.json#13,Certificate,harf_vs_mabni
5,110,52,إِذْ,إذ,عَنْكَ,جِئْتَهُمْ,HARF,ISM_MABNI,ISM_MABNI,Certificate,registry:exact:02_mabniyat/built_in_adverbs.json#13,Certificate,harf_vs_mabni
5,112,1,إِذْ,إذ,,قَالَ,HARF,ISM_MABNI,ISM_MABNI,Certificate,registry:exact:02_mabniyat/built_in_adverbs.json#13,Certificate,harf_vs_mabni
5,113,10,قَدْ,قد,أَنْ,صَدَقْتَنَا,HARF,ISM_MABNI,ISM_MABNI|FIIL,Hypothesis,registry-exact-hypothesis:exact:02_mabniyat/verb_name.json#9,Hypothesis,harf_vs_mabni
5,114,5,اللَّهُمَّ,اللهم,مَرْيَمَ,رَبَّنَا,JAMID,ISM_MAWSOOL,ISM_MAWSOOL,Certificate,registry:plain:02_mabniyat/relative_pronouns.json#33,Certificate,JAMID_to_ISM_MAWSOOL
5,115,8,بَعْدُ,بعد,يَكْفُرْ,مِنْكُمْ,HARF,ISM_MUARAB,,Certificate,MASAQ:4468,Certificate,HARF_to_ISM_MUARAB
5,116,18,مَا,ما,سُبْحَانَكَ,يَكُونُ,HARF,ISM_MAWSOOL,ISM_MAWSOOL|ISM_MABNI|HARF,Hypothesis,registry-exact-hypothesis:exact:02_mabniyat/relative_pronoun,Hypothesis,harf_vs_mawsool
5,117,1,مَا,ما,,قُلْتُ,HARF,ISM_MAWSOOL,ISM_MAWSOOL|ISM_MABNI|HARF,Hypothesis,registry-exact-hypothesis:exact:02_mabniyat/relative_pronoun,Hypothesis,harf_vs_mawsool
5,119,24,الْعَظِيمُ,العظيم,الْفَوْزُ,,ISM_MUARAB,JAMID,,Certificate,MASAQ:5243,Certificate,ISM_MUARAB_to_JAMID
5,120,5,وَمَا,وما,وَالْأَرْضِ,فِيهِنَّ,HARF,ISM_MAWSOOL,ISM_MAWSOOL|ISM_MABNI|HARF,Certificate,MASAQ:51,Certificate,harf_vs_mawsool
6,1,10,ثُمَّ,ثم,وَالنُّورَ,الَّذِينَ,HARF,ISM_MABNI,ISM_MABNI,Hypothesis,registry-exact-hypothesis:exact:02_mabniyat/built_in_adverbs,Hypothesis,harf_vs_mabni
6,2,6,ثُمَّ,ثم,طِينٍ,قَضَى,HARF,ISM_MABNI,ISM_MABNI,Hypothesis,registry-exact-hypothesis:exact:02_mabniyat/built_in_adverbs,Hypothesis,harf_vs_mabni
6,2,12,ثُمَّ,ثم,عِنْدَهُ,أَنْتُمْ,HARF,ISM_MABNI,ISM_MABNI,Hypothesis,registry-exact-hypothesis:exact:02_mabniyat/built_in_adverbs,Hypothesis,harf_vs_mabni
6,4,1,وَمَا,وما,,تَأْتِيهِمْ,HARF,ISM_MAWSOOL,ISM_MAWSOOL|ISM_MABNI|HARF,Certificate,MASAQ:51,Certificate,harf_vs_mawsool
6,5,4,لَمَّا,لما,بِالْحَقِّ,جَاءَهُمْ,HARF,ISM_MABNI,ISM_MABNI|HARF,Hypothesis,registry-exact-hypothesis:exact:02_mabniyat/conditional_lett,Hypothesis,harf_vs_mabni
6,7,3,عَلَيْكَ,عليك,نَزَّلْنَا,كِتَابَاً,HARF,ISM_MABNI,ISM_MABNI|FIIL,Hypothesis,registry-exact-hypothesis:exact:02_mabniyat/verb_name.json#8,Hypothesis,harf_vs_mabni
6,8,11,ثُمَّ,ثم,الْأَمْرُ,لَا,HARF,ISM_MABNI,ISM_MABNI,Hypothesis,registry-exact-hypothesis:exact:02_mabniyat/built_in_adverbs,Hypothesis,harf_vs_mabni
6,11,5,ثُمَّ,ثم,الْأَرْضِ,انْظُرُوا,HARF,ISM_MABNI,ISM_MABNI,Hypothesis,registry-exact-hypothesis:exact:02_mabniyat/built_in_adverbs,Hypothesis,harf_vs_mabni
6,19,12,إِلَيَّ,إلي,وَأُوحِيَ,هَذَا,HARF,ISM_MABNI,ISM_MABNI|FIIL,Hypothesis,registry-exact-hypothesis:exact:02_mabniyat/verb_name.json#8,Hypothesis,harf_vs_mabni
6,19,17,وَمَنْ,ومن,بِهِ,بَلَغَ,ISM_MAWSOOL,HARF,ISM_MAWSOOL|ISM_MABNI|HARF,Certificate,MASAQ:1895,Certificate,ISM_MAWSOOL_to_HARF
6,22,4,ثُمَّ,ثم,جَمِيعَاً,نَقُولُ,HARF,ISM_MABNI,ISM_MABNI,Hypothesis,registry-exact-hypothesis:exact:02_mabniyat/built_in_adverbs,Hypothesis,harf_vs_mabni
6,23,1,ثُمَّ,ثم,,لَمْ,HARF,ISM_MABNI,ISM_MABNI,Hypothesis,registry-exact-hypothesis:exact:02_mabniyat/built_in_adverbs,Hypothesis,harf_vs_mabni
6,23,10,مَا,ما,رَبِّنَا,كُنَّا,HARF,ISM_MAWSOOL,ISM_MAWSOOL|ISM_MABNI|HARF,Hypothesis,registry-exact-hypothesis:exact:02_mabniyat/relative_pronoun,Hypothesis,harf_vs_mawsool
6,25,22,إِذَا,إذا,حَتَّى,جَاءُوكَ,HARF,ISM_MABNI,ISM_MABNI,Certificate,registry:exact:02_mabniyat/built_in_adverbs.json#21,Certificate,harf_vs_mabni
6,26,10,وَمَا,وما,أَنْفُسَهُمْ,يَشْعُرُونَ,HARF,ISM_MAWSOOL,ISM_MAWSOOL|ISM_MABNI|HARF,Certificate,MASAQ:51,Certificate,harf_vs_mawsool
6,27,3,إِذْ,إذ,تَرَى,وُقِفُوا,HARF,ISM_MABNI,ISM_MABNI,Certificate,registry:exact:02_mabniyat/built_in_adverbs.json#13,Certificate,harf_vs_mabni
6,29,7,وَمَا,وما,الدُّنْيَا,نَحْنُ,HARF,ISM_MAWSOOL,ISM_MAWSOOL|ISM_MABNI|HARF,Certificate,MASAQ:51,Certificate,harf_vs_mawsool
6,30,3,إِذْ,إذ,تَرَى,وُقِفُوا,HARF,ISM_MABNI,ISM_MABNI,Certificate,registry:exact:02_mabniyat/built_in_adverbs.json#13,Certificate,harf_vs_mabni
6,31,1,قَدْ,قد,,خَسِرَ,HARF,ISM_MABNI,ISM_MABNI|FIIL,Hypothesis,registry-exact-hypothesis:exact:02_mabniyat/verb_name.json#9,Hypothesis,harf_vs_mabni
6,31,8,إِذَا,إذا,حَتَّى,جَاءَتْهُمُ,HARF,ISM_MABNI,ISM_MABNI,Certificate,registry:exact:02_mabniyat/built_in_adverbs.json#21,Certificate,harf_vs_mabni
6,32,1,وَمَا,وما,,الْحَيَاةُ,HARF,ISM_MAWSOOL,ISM_MAWSOOL|ISM_MABNI|HARF,Certificate,MASAQ:51,Certificate,harf_vs_mawsool
6,33,1,قَدْ,قد,,نَعْلَمُ,HARF,ISM_MABNI,ISM_MABNI|FIIL,Hypothesis,registry-exact-hypothesis:exact:02_mabniyat/verb_name.json#9,Hypothesis,harf_vs_mabni
6,35,4,عَلَيْكَ,عليك,كَبُرَ,إِعْرَاضُهُمْ,HARF,ISM_MABNI,ISM_MABNI|FIIL,Hypothesis,registry-exact-hypothesis:exact:02_mabniyat/verb_name.json#8,Hypothesis,harf_vs_mabni
6,36,8,ثُمَّ,ثم,اللَّهُ,إِلَيْهِ,HARF,ISM_MABNI,ISM_MABNI,Hypothesis,registry-exact-hypothesis:exact:02_mabniyat/built_in_adverbs,Hypothesis,harf_vs_mabni
6,38,1,وَمَا,وما,,مِنْ,HARF,ISM_MAWSOOL,ISM_MAWSOOL|ISM_MABNI|HARF,Certificate,MASAQ:51,Certificate,harf_vs_mawsool
6,38,13,مَا,ما,أَمْثَالُكُمْ,فَرَّطْنَا,HARF,ISM_MAWSOOL,ISM_MAWSOOL|ISM_MABNI|HARF,Hypothesis,registry-exact-hypothesis:exact:02_mabniyat/relative_pronoun,Hypothesis,harf_vs_mawsool
6,38,19,ثُمَّ,ثم,شَيْءٍ,إِلَى,HARF,ISM_MABNI,ISM_MABNI,Hypothesis,registry-exact-hypothesis:exact:02_mabniyat/built_in_adverbs,Hypothesis,harf_vs_mabni
6,39,12,وَمَنْ,ومن,يُضْلِلْهُ,يَشَأْ,ISM_MAWSOOL,HARF,ISM_MAWSOOL|ISM_MABNI|HARF,Certificate,MASAQ:1895,Certificate,ISM_MAWSOOL_to_HARF
6,43,2,إِذْ,إذ,فَلَوْلَا,جَاءَهُمْ,HARF,ISM_MABNI,ISM_MABNI,Certificate,registry:exact:02_mabniyat/built_in_adverbs.json#13,Certificate,harf_vs_mabni
6,44,12,إِذَا,إذا,حَتَّى,فَرِحُوا,HARF,ISM_MABNI,ISM_MABNI,Certificate,registry:exact:02_mabniyat/built_in_adverbs.json#21,Certificate,harf_vs_mabni
6,45,8,رَبِّ,رب,لِلَّهِ,الْعَالَمِينَ,ISM_MUARAB,HARF,HARF,Certificate,registry:plain:02_mabniyat/preposition_meanings.json#40,Certificate,ISM_MUARAB_to_HARF
6,46,11,مَنْ,من,قُلُوبِكُمْ,إِلَهٌ,HARF,ISM_MAWSOOL,ISM_MAWSOOL|ISM_MABNI|HARF,Hypothesis,registry-exact-hypothesis:exact:02_mabniyat/relative_pronoun,Hypothesis,harf_vs_mawsool
6,46,21,ثُمَّ,ثم,الْآيَاتِ,هُمْ,HARF,ISM_MABNI,ISM_MABNI,Hypothesis,registry-exact-hypothesis:exact:02_mabniyat/built_in_adverbs,Hypothesis,harf_vs_mabni
6,48,1,وَمَا,وما,,نُرْسِلُ,HARF,ISM_MAWSOOL,ISM_MAWSOOL|ISM_MABNI|HARF,Certificate,MASAQ:51,Certificate,harf_vs_mawsool
6,50,21,إِلَيَّ,إلي,يُوحَى,قُلْ,HARF,ISM_MABNI,ISM_MABNI|FIIL,Hypothesis,registry-exact-hypothesis:exact:02_mabniyat/verb_name.json#8,Hypothesis,harf_vs_mabni
6,52,10,مَا,ما,وَجْهَهُ,عَلَيْكَ,HARF,ISM_MAWSOOL,ISM_MAWSOOL|ISM_MABNI|HARF,Hypothesis,registry-exact-hypothesis:exact:02_mabniyat/relative_pronoun,Hypothesis,harf_vs_mawsool
6,52,11,عَلَيْكَ,عليك,مَا,مِنْ,HARF,ISM_MABNI,ISM_MABNI|FIIL,Hypothesis,registry-exact-hypothesis:exact:02_mabniyat/verb_name.json#8,Hypothesis,harf_vs_mabni
6,52,16,وَمَا,وما,شَيْءٍ,مِنْ,HARF,ISM_MAWSOOL,ISM_MAWSOOL|ISM_MABNI|HARF,Certificate,MASAQ:51,Certificate,harf_vs_mawsool
6,54,20,ثُمَّ,ثم,بِجَهَالَةٍ,تَابَ,HARF,ISM_MABNI,ISM_MABNI,Hypothesis,registry-exact-hypothesis:exact:02_mabniyat/built_in_adverbs,Hypothesis,harf_vs_mabni
6,56,15,قَدْ,قد,أَهْوَاءَكُمْ,ضَلَلْتُ,HARF,ISM_MABNI,ISM_MABNI|FIIL,Hypothesis,registry-exact-hypothesis:exact:02_mabniyat/verb_name.json#9,Hypothesis,harf_vs_mabni
6,56,17,إِذَاً,إذا,ضَلَلْتُ,وَمَا,HARF,ISM_MABNI,ISM_MABNI,Certificate,registry:plain:02_mabniyat/built_in_adverbs.json#21,Certificate,harf_vs_mabni
6,56,18,وَمَا,وما,إِذَاً,أَنَا,HARF,ISM_MAWSOOL,ISM_MAWSOOL|ISM_MABNI|HARF,Certificate,MASAQ:51,Certificate,harf_vs_mawsool
6,57,9,مَا,ما,بِهِ,عِنْدِي,HARF,ISM_MAWSOOL,ISM_MAWSOOL|ISM_MABNI|HARF,Hypothesis,registry-exact-hypothesis:exact:02_mabniyat/relative_pronoun,Hypothesis,harf_vs_mawsool
6,58,13,أَعْلَمُ,أعلم,وَاللَّهُ,بِالظَّالِمِينَ,ISM_MUARAB,FIIL,,Certificate,MASAQ:477,Certificate,noun_misread_as_verb
6,59,13,وَمَا,وما,وَالْبَحْرِ,تَسْقُطُ,HARF,ISM_MAWSOOL,ISM_MAWSOOL|ISM_MABNI|HARF,Certificate,MASAQ:51,Certificate,harf_vs_mawsool
6,60,9,ثُمَّ,ثم,بِالنَّهَارِ,يَبْعَثُكُمْ,HARF,ISM_MABNI,ISM_MABNI,Hypothesis,registry-exact-hypothesis:exact:02_mabniyat/built_in_adverbs,Hypothesis,harf_vs_mabni
6,60,13,أَجَلٌ,أجل,لِيُقْضَى,مُسَمَّىً,ISM_MUARAB,HARF,HARF,Certificate,registry:plain:02_mabniyat/letters_answers.json#3,Certificate,ISM_MUARAB_to_HARF
6,60,15,ثُمَّ,ثم,مُسَمَّىً,إِلَيْهِ,HARF,ISM_MABNI,ISM_MABNI,Hypothesis,registry-exact-hypothesis:exact:02_mabniyat/built_in_adverbs,Hypothesis,harf_vs_mabni
6,60,18,ثُمَّ,ثم,مَرْجِعُكُمْ,يُنَبِّئُكُمْ,HARF,ISM_MABNI,ISM_MABNI,Hypothesis,registry-exact-hypothesis:exact:02_mabniyat/built_in_adverbs,Hypothesis,harf_vs_mabni
6,61,9,إِذَا,إذا,حَتَّى,جَاءَ,HARF,ISM_MABNI,ISM_MABNI,Certificate,registry:exact:02_mabniyat/built_in_adverbs.json#21,Certificate,harf_vs_mabni
6,62,1,ثُمَّ,ثم,,رُدُّوا,HARF,ISM_MABNI,ISM_MABNI,Hypothesis,registry-exact-hypothesis:exact:02_mabniyat/built_in_adverbs,Hypothesis,harf_vs_mabni
6,64,8,ثُمَّ,ثم,كَرْبٍ,أَنْتُمْ,HARF,ISM_MABNI,ISM_MABNI,Hypothesis,registry-exact-hypothesis:exact:02_mabniyat/built_in_adverbs,Hypothesis,harf_vs_mabni
6,69,1,وَمَا,وما,,عَلَى,HARF,ISM_MAWSOOL,ISM_MAWSOOL|ISM_MABNI|HARF,Certificate,MASAQ:51,Certificate,harf_vs_mawsool
6,71,15,إِذْ,إذ,بَعْدَ,هَدَانَا,HARF,ISM_MABNI,ISM_MABNI,Certificate,registry:exact:02_mabniyat/built_in_adverbs.json#13,Certificate,harf_vs_mabni
6,79,9,وَمَا,وما,حَنِيفَاً,أَنَا,HARF,ISM_MAWSOOL,ISM_MAWSOOL|ISM_MABNI|HARF,Certificate,MASAQ:51,Certificate,harf_vs_mawsool
6,84,5,كُلَّاً,كلا,وَيَعْقُوبَ,هَدَيْنَا,ISM_MUARAB,HARF,HARF,Certificate,registry:plain:02_mabniyat/letters_answers.json#9,Certificate,ISM_MUARAB_to_HARF
6,91,1,وَمَا,وما,,قَدَرُوا,HARF,ISM_MAWSOOL,ISM_MAWSOOL|ISM_MABNI|HARF,Certificate,MASAQ:51,Certificate,harf_vs_mawsool
6,91,6,إِذْ,إذ,قَدْرِهِ,قَالُوا,HARF,ISM_MABNI,ISM_MABNI,Certificate,registry:exact:02_mabniyat/built_in_adverbs.json#13,Certificate,harf_vs_mabni
6,91,8,مَا,ما,قَالُوا,أَنْزَلَ,HARF,ISM_MAWSOOL,ISM_MAWSOOL|ISM_MABNI|HARF,Hypothesis,registry-exact-hypothesis:exact:02_mabniyat/relative_pronoun,Hypothesis,harf_vs_mawsool
6,91,40,ثُمَّ,ثم,اللَّهُ,ذَرْهُمْ,HARF,ISM_MABNI,ISM_MABNI,Hypothesis,registry-exact-hypothesis:exact:02_mabniyat/built_in_adverbs,Hypothesis,harf_vs_mabni
6,92,12,وَمَنْ,ومن,الْقُرَى,حَوْلَهَا,ISM_MAWSOOL,HARF,ISM_MAWSOOL|ISM_MABNI|HARF,Certificate,MASAQ:1895,Certificate,ISM_MAWSOOL_to_HARF
6,93,11,إِلَيَّ,إلي,أُوحِيَ,وَلَمْ,HARF,ISM_MABNI,ISM_MABNI|FIIL,Hypothesis,registry-exact-hypothesis:exact:02_mabniyat/verb_name.json#8,Hypothesis,harf_vs_mabni
6,93,16,وَمَنْ,ومن,شَيْءٌ,قَالَ,ISM_MAWSOOL,HARF,ISM_MAWSOOL|ISM_MABNI|HARF,Certificate,MASAQ:1895,Certificate,ISM_MAWSOOL_to_HARF
6,93,25,إِذِ,إذ,تَرَى,الظَّالِمُونَ,HARF,ISM_MABNI,ISM_MABNI,Certificate,registry:plain:02_mabniyat/built_in_adverbs.json#13,Certificate,harf_vs_mabni
6,94,13,وَمَا,وما,ظُهُورِكُمْ,نَرَى,HARF,ISM_MAWSOOL,ISM_MAWSOOL|ISM_MABNI|HARF,Certificate,MASAQ:51,Certificate,harf_vs_mawsool
6,97,12,قَدْ,قد,وَالْبَحْرِ,فَصَّلْنَا,HARF,ISM_MABNI,ISM_MABNI|FIIL,Hypothesis,registry-exact-hypothesis:exact:02_mabniyat/verb_name.json#9,Hypothesis,harf_vs_mabni
6,98,9,قَدْ,قد,وَمُسْتَوْدَعٌ,فَصَّلْنَا,HARF,ISM_MABNI,ISM_MABNI|FIIL,Hypothesis,registry-exact-hypothesis:exact:02_mabniyat/verb_name.json#9,Hypothesis,harf_vs_mabni
6,99,36,إِذَا,إذا,ثَمَرِهِ,أَثْمَرَ,HARF,ISM_MABNI,ISM_MABNI,Certificate,registry:exact:02_mabniyat/built_in_adverbs.json#21,Certificate,harf_vs_mabni
6,101,4,أَنَّى,أنى,وَالْأَرْضِ,يَكُونُ,HARF,ISM_MABNI,ISM_MABNI|HARF,Hypothesis,registry-exact-hypothesis:exact:02_mabniyat/conditional_lett,Hypothesis,harf_vs_mabni
6,104,1,قَدْ,قد,,جَاءَكُمْ,HARF,ISM_MABNI,ISM_MABNI|FIIL,Hypothesis,registry-exact-hypothesis:exact:02_mabniyat/verb_name.json#9,Hypothesis,harf_vs_mabni
6,104,12,وَمَا,وما,فَعَلَيْهَا,أَنَا,HARF,ISM_MAWSOOL,ISM_MAWSOOL|ISM_MABNI|HARF,Certificate,MASAQ:51,Certificate,harf_vs_mawsool
6,107,4,مَا,ما,اللَّهُ,أَشْرَكُوا,HARF,ISM_MAWSOOL,ISM_MAWSOOL|ISM_MABNI|HARF,Hypothesis,registry-exact-hypothesis:exact:02_mabniyat/relative_pronoun,Hypothesis,harf_vs_mawsool
6,107,6,وَمَا,وما,أَشْرَكُوا,جَعَلْنَاكَ,HARF,ISM_MAWSOOL,ISM_MAWSOOL|ISM_MABNI|HARF,Certificate,MASAQ:51,Certificate,harf_vs_mawsool
6,107,10,وَمَا,وما,حَفِيظَاً,أَنْتَ,HARF,ISM_MAWSOOL,ISM_MAWSOOL|ISM_MABNI|HARF,Certificate,MASAQ:51,Certificate,harf_vs_mawsool
6,108,18,ثُمَّ,ثم,عَمَلَهُمْ,إِلَى,HARF,ISM_MABNI,ISM_MABNI,Hypothesis,registry-exact-hypothesis:exact:02_mabniyat/built_in_adverbs,Hypothesis,harf_vs_mabni
6,109,15,وَمَا,وما,اللَّهِ,يُشْعِرُكُمْ,HARF,ISM_MAWSOOL,ISM_MAWSOOL|ISM_MABNI|HARF,Certificate,MASAQ:51,Certificate,harf_vs_mawsool
6,109,18,إِذَا,إذا,أَنَّهَا,جَاءَتْ,HARF,ISM_MABNI,ISM_MABNI,Certificate,registry:exact:02_mabniyat/built_in_adverbs.json#21,Certificate,harf_vs_mabni
6,111,13,مَا,ما,قُبُلَاً,كَانُوا,HARF,ISM_MAWSOOL,ISM_MAWSOOL|ISM_MABNI|HARF,Hypothesis,registry-exact-hypothesis:exact:02_mabniyat/relative_pronoun,Hypothesis,harf_vs_mawsool
6,112,19,مَا,ما,رَبُّكَ,فَعَلُوهُ,HARF,ISM_MAWSOOL,ISM_MAWSOOL|ISM_MABNI|HARF,Hypothesis,registry-exact-hypothesis:exact:02_mabniyat/relative_pronoun,Hypothesis,harf_vs_mawsool
6,112,22,وَمَا,وما,فَذَرْهُمْ,يَفْتَرُونَ,HARF,ISM_MAWSOOL,ISM_MAWSOOL|ISM_MABNI|HARF,Certificate,MASAQ:51,Certificate,harf_vs_mawsool
6,117,4,أَعْلَمُ,أعلم,هُوَ,مَنْ,ISM_MUARAB,FIIL,,Certificate,MASAQ:477,Certificate,noun_misread_as_verb
6,117,10,أَعْلَمُ,أعلم,وَهُوَ,بِالْمُهْتَدِينَ,ISM_MUARAB,FIIL,,Certificate,MASAQ:477,Certificate,noun_misread_as_verb
6,119,1,وَمَا,وما,,لَكُمْ,HARF,ISM_MAWSOOL,ISM_MAWSOOL|ISM_MABNI|HARF,Certificate,MASAQ:51,Certificate,harf_vs_mawsool
6,119,29,أَعْلَمُ,أعلم,هُوَ,بِالْمُعْتَدِينَ,ISM_MUARAB,FIIL,,Certificate,MASAQ:477,Certificate,noun_misread_as_verb
6,123,10,وَمَا,وما,فِيهَا,يَمْكُرُونَ,HARF,ISM_MAWSOOL,ISM_MAWSOOL|ISM_MABNI|HARF,Certificate,MASAQ:51,Certificate,harf_vs_mawsool
6,123,14,وَمَا,وما,بِأَنْفُسِهِمْ,يَشْعُرُونَ,HARF,ISM_MAWSOOL,ISM_MAWSOOL|ISM_MABNI|HARF,Certificate,MASAQ:51,Certificate,harf_vs_mawsool
6,124,15,أَعْلَمُ,أعلم,اللَّهُ,حَيْثُ,ISM_MUARAB,FIIL,,Certificate,MASAQ:477,Certificate,noun_misread_as_verb
6,124,16,حَيْثُ,حيث,أَعْلَمُ,يَجْعَلُ,HARF,ISM_MABNI,ISM_MABNI,Certificate,registry:exact:02_mabniyat/built_in_adverbs.json#1,Certificate,harf_vs_mabni
6,126,5,قَدْ,قد,مُسْتَقِيمَاً,فَصَّلْنَا,HARF,ISM_MABNI,ISM_MABNI|FIIL,Hypothesis,registry-exact-hypothesis:exact:02_mabniyat/verb_name.json#9,Hypothesis,harf_vs_mabni
6,127,3,السَّلَامِ,السلام,دَارُ,عِنْدَ,JAMID,ISM_MUARAB,,Certificate,MASAQ:13928,Certificate,proper_misclassified
6,132,5,وَمَا,وما,عَمِلُوا,رَبُّكَ,HARF,ISM_MAWSOOL,ISM_MAWSOOL|ISM_MABNI|HARF,Certificate,MASAQ:51,Certificate,harf_vs_mawsool
6,134,5,وَمَا,وما,لَآتٍ,أَنْتُمْ,HARF,ISM_MAWSOOL,ISM_MAWSOOL|ISM_MABNI|HARF,Certificate,MASAQ:51,Certificate,harf_vs_mawsool
6,136,15,فَمَا,فما,لِشُرَكَائِنَا,كَانَ,ISM_MAWSOOL,HARF,ISM_MAWSOOL|ISM_MABNI|HARF,Certificate,MASAQ:187,Certificate,ISM_MAWSOOL_to_HARF
6,136,22,وَمَا,وما,اللَّهِ,كَانَ,HARF,ISM_MAWSOOL,ISM_MAWSOOL|ISM_MABNI|HARF,Certificate,MASAQ:51,Certificate,harf_vs_mawsool
6,137,16,مَا,ما,اللَّهُ,فَعَلُوهُ,HARF,ISM_MAWSOOL,ISM_MAWSOOL|ISM_MABNI|HARF,Hypothesis,registry-exact-hypothesis:exact:02_mabniyat/relative_pronoun,Hypothesis,harf_vs_mawsool
6,137,19,وَمَا,وما,فَذَرْهُمْ,يَفْتَرُونَ,HARF,ISM_MAWSOOL,ISM_MAWSOOL|ISM_MABNI|HARF,Certificate,MASAQ:51,Certificate,harf_vs_mawsool
6,140,1,قَدْ,قد,,خَسِرَ,HARF,ISM_MABNI,ISM_MABNI|FIIL,Hypothesis,registry-exact-hypothesis:exact:02_mabniyat/verb_name.json#9,Hypothesis,harf_vs_mabni
6,140,16,قَدْ,قد,اللَّهِ,ضَلُّوا,HARF,ISM_MABNI,ISM_MABNI|FIIL,Hypothesis,registry-exact-hypothesis:exact:02_mabniyat/verb_name.json#9,Hypothesis,harf_vs_mabni
6,140,18,وَمَا,وما,ضَلُّوا,كَانُوا,HARF,ISM_MAWSOOL,ISM_MAWSOOL|ISM_MABNI|HARF,Certificate,MASAQ:51,Certificate,harf_vs_mawsool
6,141,20,إِذَا,إذا,ثَمَرِهِ,أَثْمَرَ,HARF,ISM_MABNI,ISM_MABNI,Certificate,registry:exact:02_mabniyat/built_in_adverbs.json#21,Certificate,harf_vs_mabni
6,144,4,وَمِنَ,ومن,اثْنَيْنِ,الْبَقَرِ,ISM_MAWSOOL,HARF,ISM_MAWSOOL|ISM_MABNI|HARF,Certificate,MASAQ:89,Certificate,ISM_MAWSOOL_to_HARF
6,144,20,إِذْ,إذ,شُهَدَاءَ,وَصَّاكُمُ,HARF,ISM_MABNI,ISM_MABNI,Certificate,registry:exact:02_mabniyat/built_in_adverbs.json#13,Certificate,harf_vs_mabni
6,145,7,إِلَيَّ,إلي,أُوحِيَ,مُحَرَّمَاً,HARF,ISM_MABNI,ISM_MABNI|FIIL,Hypothesis,registry-exact-hypothesis:exact:02_mabniyat/verb_name.json#8,Hypothesis,harf_vs_mabni
6,148,7,مَا,ما,اللَّهُ,أَشْرَكْنَا,HARF,ISM_MAWSOOL,ISM_MAWSOOL|ISM_MABNI|HARF,Hypothesis,registry-exact-hypothesis:exact:02_mabniyat/relative_pronoun,Hypothesis,harf_vs_mawsool
6,151,28,وَمَا,وما,مِنْهَا,بَطَنَ,HARF,ISM_MAWSOOL,ISM_MAWSOOL|ISM_MABNI|HARF,Certificate,MASAQ:51,Certificate,harf_vs_mawsool
6,154,1,ثُمَّ,ثم,,آتَيْنَا,HARF,ISM_MABNI,ISM_MABNI,Hypothesis,registry-exact-hypothesis:exact:02_mabniyat/built_in_adverbs,Hypothesis,harf_vs_mabni
6,159,15,ثُمَّ,ثم,اللَّهِ,يُنَبِّئُهُمْ,HARF,ISM_MABNI,ISM_MABNI,Hypothesis,registry-exact-hypothesis:exact:02_mabniyat/built_in_adverbs,Hypothesis,harf_vs_mabni
6,161,13,وَمَا,وما,حَنِيفَاً,كَانَ,HARF,ISM_MAWSOOL,ISM_MAWSOOL|ISM_MABNI|HARF,Certificate,MASAQ:51,Certificate,harf_vs_mawsool
6,162,8,رَبِّ,رب,لِلَّهِ,الْعَالَمِينَ,ISM_MUARAB,HARF,HARF,Certificate,registry:plain:02_mabniyat/preposition_meanings.json#40,Certificate,ISM_MUARAB_to_HARF
6,164,7,رَبُّ,رب,وَهُوَ,كُلِّ,ISM_MUARAB,HARF,HARF,Certificate,registry:plain:02_mabniyat/preposition_meanings.json#40,Certificate,ISM_MUARAB_to_HARF
6,164,21,ثُمَّ,ثم,أُخْرَى,إِلَى,HARF,ISM_MABNI,ISM_MABNI,Hypothesis,registry-exact-hypothesis:exact:02_mabniyat/built_in_adverbs,Hypothesis,harf_vs_mabni
7,5,4,إِذْ,إذ,دَعْوَاهُمْ,جَاءَهُمْ,HARF,ISM_MABNI,ISM_MABNI,Certificate,registry:exact:02_mabniyat/built_in_adverbs.json#13,Certificate,harf_vs_mabni
7,7,4,وَمَا,وما,بِعِلْمٍ,كُنَّا,HARF,ISM_MAWSOOL,ISM_MAWSOOL|ISM_MABNI|HARF,Certificate,MASAQ:51,Certificate,harf_vs_mawsool
7,11,3,ثُمَّ,ثم,خَلَقْنَاكُمْ,صَوَّرْنَاكُمْ,HARF,ISM_MABNI,ISM_MABNI,Hypothesis,registry-exact-hypothesis:exact:02_mabniyat/built_in_adverbs,Hypothesis,harf_vs_mabni
7,11,5,ثُمَّ,ثم,صَوَّرْنَاكُمْ,قُلْنَا,HARF,ISM_MABNI,ISM_MABNI,Hypothesis,registry-exact-hypothesis:exact:02_mabniyat/built_in_adverbs,Hypothesis,harf_vs_mabni
7,12,6,إِذْ,إذ,تَسْجُدَ,أَمَرْتُكَ,HARF,ISM_MABNI,ISM_MABNI,Certificate,registry:exact:02_mabniyat/built_in_adverbs.json#13,Certificate,harf_vs_mabni
7,16,2,فَبِمَا,فبما,قَالَ,أَغْوَيْتَنِي,ISM_MAWSOOL,HARF,ISM_MAWSOOL|ISM_MABNI|HARF,Hypothesis,closed_class_set_no_kind,Hypothesis,ISM_MAWSOOL_to_HARF
7,17,1,ثُمَّ,ثم,,لَآتِيَنَّهُمْ,HARF,ISM_MABNI,ISM_MABNI,Hypothesis,registry-exact-hypothesis:exact:02_mabniyat/built_in_adverbs,Hypothesis,harf_vs_mabni
7,19,8,حَيْثُ,حيث,مِنْ,شِئْتُمَا,HARF,ISM_MABNI,ISM_MABNI,Certificate,registry:exact:02_mabniyat/built_in_adverbs.json#1,Certificate,harf_vs_mabni
7,20,12,مَا,ما,وَقَالَ,نَهَاكُمَا,HARF,ISM_MAWSOOL,ISM_MAWSOOL|ISM_MABNI|HARF,Hypothesis,registry-exact-hypothesis:exact:02_mabniyat/relative_pronoun,Hypothesis,harf_vs_mawsool
7,26,3,قَدْ,قد,آدَمَ,أَنْزَلْنَا,HARF,ISM_MABNI,ISM_MABNI|FIIL,Hypothesis,registry-exact-hypothesis:exact:02_mabniyat/verb_name.json#9,Hypothesis,harf_vs_mabni
7,27,21,حَيْثُ,حيث,مِنْ,لَا,HARF,ISM_MABNI,ISM_MABNI,Certificate,registry:exact:02_mabniyat/built_in_adverbs.json#1,Certificate,harf_vs_mabni
7,33,9,وَمَا,وما,مِنْهَا,بَطَنَ,HARF,ISM_MAWSOOL,ISM_MAWSOOL|ISM_MABNI|HARF,Certificate,MASAQ:51,Certificate,harf_vs_mawsool
7,34,3,أَجَلٌ,أجل,أُمَّةٍ,فَإِذَا,ISM_MUARAB,HARF,HARF,Certificate,registry:plain:02_mabniyat/letters_answers.json#3,Certificate,ISM_MUARAB_to_HARF
7,37,17,إِذَا,إذا,حَتَّى,جَاءَتْهُمْ,HARF,ISM_MABNI,ISM_MABNI,Certificate,registry:exact:02_mabniyat/built_in_adverbs.json#21,Certificate,harf_vs_mabni
7,38,5,قَدْ,قد,أُمَمٍ,خَلَتْ,HARF,ISM_MABNI,ISM_MABNI|FIIL,Hypothesis,registry-exact-hypothesis:exact:02_mabniyat/verb_name.json#9,Hypothesis,harf_vs_mabni
7,38,14,كُلَّمَا,كلما,النَّارِ,دَخَلَتْ,ISM_MUARAB,ISM_MABNI,ISM_MABNI,Certificate,registry:exact:02_mabniyat/conditional_letters_tools.json#17,Certificate,ISM_MUARAB_to_ISM_MABNI
7,38,20,إِذَا,إذا,حَتَّى,ادَّارَكُوا,HARF,ISM_MABNI,ISM_MABNI,Certificate,registry:exact:02_mabniyat/built_in_adverbs.json#21,Certificate,harf_vs_mabni
7,43,17,وَمَا,وما,لِهَذَا,كُنَّا,HARF,ISM_MAWSOOL,ISM_MAWSOOL|ISM_MABNI|HARF,Certificate,MASAQ:51,Certificate,harf_vs_mawsool
7,44,7,قَدْ,قد,أَنْ,وَجَدْنَا,HARF,ISM_MABNI,ISM_MABNI|FIIL,Hypothesis,registry-exact-hypothesis:exact:02_mabniyat/verb_name.json#9,Hypothesis,harf_vs_mabni
7,46,7,كُلَّاً,كلا,يَعْرِفُونَ,بِسِيمَاهُمْ,ISM_MUARAB,HARF,HARF,Certificate,registry:plain:02_mabniyat/letters_answers.json#9,Certificate,ISM_MUARAB_to_HARF
7,48,8,مَا,ما,قَالُوا,أَغْنَى,HARF,ISM_MAWSOOL,ISM_MAWSOOL|ISM_MABNI|HARF,Hypothesis,registry-exact-hypothesis:exact:02_mabniyat/relative_pronoun,Hypothesis,harf_vs_mawsool
7,48,12,وَمَا,وما,جَمْعُكُمْ,كُنْتُمْ,HARF,ISM_MAWSOOL,ISM_MAWSOOL|ISM_MABNI|HARF,Certificate,MASAQ:51,Certificate,harf_vs_mawsool
7,51,16,وَمَا,وما,هَذَا,كَانُوا,HARF,ISM_MAWSOOL,ISM_MAWSOOL|ISM_MABNI|HARF,Certificate,MASAQ:51,Certificate,harf_vs_mawsool
7,53,13,قَدْ,قد,قَبْلُ,جَاءَتْ,HARF,ISM_MABNI,ISM_MABNI|FIIL,Hypothesis,registry-exact-hypothesis:exact:02_mabniyat/verb_name.json#9,Hypothesis,harf_vs_mabni
7,53,31,قَدْ,قد,نَعْمَلُ,خَسِرُوا,HARF,ISM_MABNI,ISM_MABNI|FIIL,Hypothesis,registry-exact-hypothesis:exact:02_mabniyat/verb_name.json#9,Hypothesis,harf_vs_mabni
7,54,11,ثُمَّ,ثم,أَيَّامٍ,اسْتَوَى,HARF,ISM_MABNI,ISM_MABNI,Hypothesis,registry-exact-hypothesis:exact:02_mabniyat/built_in_adverbs,Hypothesis,harf_vs_mabni
7,54,31,رَبُّ,رب,اللَّهُ,الْعَالَمِينَ,ISM_MUARAB,HARF,HARF,Certificate,registry:plain:02_mabniyat/preposition_meanings.json#40,Certificate,ISM_MUARAB_to_HARF
7,57,10,إِذَا,إذا,حَتَّى,أَقَلَّتْ,HARF,ISM_MABNI,ISM_MABNI,Certificate,registry:exact:02_mabniyat/built_in_adverbs.json#21,Certificate,harf_vs_mabni
7,59,10,مَا,ما,اللَّهَ,لَكُمْ,HARF,ISM_MAWSOOL,ISM_MAWSOOL|ISM_MABNI|HARF,Hypothesis,registry-exact-hypothesis:exact:02_mabniyat/relative_pronoun,Hypothesis,harf_vs_mawsool
7,61,10,رَبِّ,رب,مِنْ,العَالَمِينَ,ISM_MUARAB,HARF,HARF,Certificate,registry:plain:02_mabniyat/preposition_meanings.json#40,Certificate,ISM_MUARAB_to_HARF
7,65,2,عَادٍ,عاد,وَإِلَى,أَخَاهُمْ,JAMID,ISM_MUARAB,,Certificate,MASAQ:3127,Certificate,proper_misclassified
7,65,9,مَا,ما,اللَّهَ,لَكُمْ,HARF,ISM_MAWSOOL,ISM_MAWSOOL|ISM_MABNI|HARF,Hypothesis,registry-exact-hypothesis:exact:02_mabniyat/relative_pronoun,Hypothesis,harf_vs_mawsool
7,67,9,رَبِّ,رب,مِنْ,الْعَالَمِينَ,ISM_MUARAB,HARF,HARF,Certificate,registry:plain:02_mabniyat/preposition_meanings.json#40,Certificate,ISM_MUARAB_to_HARF
7,69,12,إِذْ,إذ,وَاذْكُرُوا,جَعَلَكُمْ,HARF,ISM_MABNI,ISM_MABNI,Certificate,registry:exact:02_mabniyat/built_in_adverbs.json#13,Certificate,harf_vs_mabni
7,71,2,قَدْ,قد,قَالَ,وَقَعَ,HARF,ISM_MABNI,ISM_MABNI|FIIL,Hypothesis,registry-exact-hypothesis:exact:02_mabniyat/verb_name.json#9,Hypothesis,harf_vs_mabni
7,71,15,مَا,ما,وَآبَاؤُكُمْ,نَزَّلَ,HARF,ISM_MAWSOOL,ISM_MAWSOOL|ISM_MABNI|HARF,Hypothesis,registry-exact-hypothesis:exact:02_mabniyat/relative_pronoun,Hypothesis,harf_vs_mawsool
7,72,11,وَمَا,وما,بِآيَاتِنَا,كَانُوا,HARF,ISM_MAWSOOL,ISM_MAWSOOL|ISM_MABNI|HARF,Certificate,MASAQ:51,Certificate,harf_vs_mawsool
7,73,9,مَا,ما,اللَّهَ,لَكُمْ,HARF,ISM_MAWSOOL,ISM_MAWSOOL|ISM_MABNI|HARF,Hypothesis,registry-exact-hypothesis:exact:02_mabniyat/relative_pronoun,Hypothesis,harf_vs_mawsool
7,73,14,قَدْ,قد,غَيْرُهُ,جَاءَتْكُمْ,HARF,ISM_MABNI,ISM_MABNI|FIIL,Hypothesis,registry-exact-hypothesis:exact:02_mabniyat/verb_name.json#9,Hypothesis,harf_vs_mabni
7,74,2,إِذْ,إذ,وَاذْكُرُوا,جَعَلَكُمْ,HARF,ISM_MABNI,ISM_MABNI,Certificate,registry:exact:02_mabniyat/built_in_adverbs.json#13,Certificate,harf_vs_mabni
7,74,7,عَادٍ,عاد,بَعْدِ,وَبَوَّأَكُمْ,JAMID,ISM_MUARAB,,Certificate,MASAQ:3127,Certificate,proper_misclassified
7,80,2,إِذْ,إذ,وَلُوطَاً,قَالَ,HARF,ISM_MABNI,ISM_MABNI,Certificate,registry:exact:02_mabniyat/built_in_adverbs.json#13,Certificate,harf_vs_mabni
7,80,7,مَا,ما,الْفَاحِشَةَ,سَبَقَكُمْ,HARF,ISM_MAWSOOL,ISM_MAWSOOL|ISM_MABNI|HARF,Hypothesis,registry-exact-hypothesis:exact:02_mabniyat/relative_pronoun,Hypothesis,harf_vs_mawsool
7,82,1,وَمَا,وما,,كَانَ,HARF,ISM_MAWSOOL,ISM_MAWSOOL|ISM_MABNI|HARF,Certificate,MASAQ:51,Certificate,harf_vs_mawsool
7,85,9,مَا,ما,اللَّهَ,لَكُمْ,HARF,ISM_MAWSOOL,ISM_MAWSOOL|ISM_MABNI|HARF,Hypothesis,registry-exact-hypothesis:exact:02_mabniyat/relative_pronoun,Hypothesis,harf_vs_mawsool
7,85,14,قَدْ,قد,غَيْرُهُ,جَاءَتْكُمْ,HARF,ISM_MABNI,ISM_MABNI|FIIL,Hypothesis,registry-exact-hypothesis:exact:02_mabniyat/verb_name.json#9,Hypothesis,harf_vs_mabni
7,86,16,إِذْ,إذ,وَاذْكُرُوا,كُنْتُمْ,HARF,ISM_MABNI,ISM_MABNI,Certificate,registry:exact:02_mabniyat/built_in_adverbs.json#13,Certificate,harf_vs_mabni
7,89,11,إِذْ,إذ,بَعْدَ,نَجَّانَا,HARF,ISM_MABNI,ISM_MABNI,Certificate,registry:exact:02_mabniyat/built_in_adverbs.json#13,Certificate,harf_vs_mabni
7,89,15,وَمَا,وما,مِنْهَا,يَكُونُ,HARF,ISM_MAWSOOL,ISM_MAWSOOL|ISM_MABNI|HARF,Certificate,MASAQ:51,Certificate,harf_vs_mawsool
7,90,11,إِذَاً,إذا,إِنَّكُمْ,لَخَاسِرُونَ,HARF,ISM_MABNI,ISM_MABNI,Certificate,registry:plain:02_mabniyat/built_in_adverbs.json#21,Certificate,harf_vs_mabni
7,94,1,وَمَا,وما,,أَرْسَلْنَا,HARF,ISM_MAWSOOL,ISM_MAWSOOL|ISM_MABNI|HARF,Certificate,MASAQ:51,Certificate,harf_vs_mawsool
7,95,1,ثُمَّ,ثم,,بَدَّلْنَا,HARF,ISM_MABNI,ISM_MABNI,Hypothesis,registry-exact-hypothesis:exact:02_mabniyat/built_in_adverbs,Hypothesis,harf_vs_mabni
7,95,9,قَدْ,قد,وَقَالُوا,مَسَّ,HARF,ISM_MABNI,ISM_MABNI|FIIL,Hypothesis,registry-exact-hypothesis:exact:02_mabniyat/verb_name.json#9,Hypothesis,harf_vs_mabni
7,101,4,عَلَيْكَ,عليك,نَقُصُّ,مِنْ,HARF,ISM_MABNI,ISM_MABNI|FIIL,Hypothesis,registry-exact-hypothesis:exact:02_mabniyat/verb_name.json#8,Hypothesis,harf_vs_mabni
7,102,1,وَمَا,وما,,وَجَدْنَا,HARF,ISM_MAWSOOL,ISM_MAWSOOL|ISM_MABNI|HARF,Certificate,MASAQ:51,Certificate,harf_vs_mawsool
7,103,1,ثُمَّ,ثم,,بَعَثْنَا,HARF,ISM_MABNI,ISM_MABNI,Hypothesis,registry-exact-hypothesis:exact:02_mabniyat/built_in_adverbs,Hypothesis,harf_vs_mabni
7,104,7,رَبِّ,رب,مِنْ,الْعَالَمِينَ,ISM_MUARAB,HARF,HARF,Certificate,registry:plain:02_mabniyat/preposition_meanings.json#40,Certificate,ISM_MUARAB_to_HARF
7,105,10,قَدْ,قد,الْحَقَّ,جِئْتُكُمْ,HARF,ISM_MABNI,ISM_MABNI|FIIL,Hypothesis,registry-exact-hypothesis:exact:02_mabniyat/verb_name.json#9,Hypothesis,harf_vs_mabni
7,122,1,رَبِّ,رب,,مُوسَى,ISM_MUARAB,HARF,HARF,Certificate,registry:plain:02_mabniyat/preposition_meanings.json#40,Certificate,ISM_MUARAB_to_HARF
7,123,7,آذَنَ,آذن,أَنْ,لَكُمْ,FIIL,HARF,HARF,Certificate,registry:plain:02_mabniyat/present_naseb_tools.json#3,Certificate,FIIL_to_HARF
7,124,6,ثُمَّ,ثم,خِلَافٍ,لَأُصَلِّبَنَّكُمْ,HARF,ISM_MABNI,ISM_MABNI,Hypothesis,registry-exact-hypothesis:exact:02_mabniyat/built_in_adverbs,Hypothesis,harf_vs_mabni
7,126,1,وَمَا,وما,,تَنْقِمُ,HARF,ISM_MAWSOOL,ISM_MAWSOOL|ISM_MABNI|HARF,Certificate,MASAQ:51,Certificate,harf_vs_mawsool
7,126,9,لَمَّا,لما,رَبِّنَا,جَاءَتْنَا,HARF,ISM_MABNI,ISM_MABNI|HARF,Hypothesis,registry-exact-hypothesis:exact:02_mabniyat/conditional_lett,Hypothesis,harf_vs_mabni
7,131,12,وَمَنْ,ومن,بِمُوسَى,مَعَهُ,ISM_MAWSOOL,HARF,ISM_MAWSOOL|ISM_MABNI|HARF,Certificate,MASAQ:1895,Certificate,ISM_MAWSOOL_to_HARF
7,132,2,مَهْمَا,مهما,وَقَالُوا,تَأْتِنَا,HARF,ISM_MABNI,ISM_MABNI|HARF,Hypothesis,registry-exact-hypothesis:exact:02_mabniyat/jazm_tools.json#,Hypothesis,harf_vs_mabni
7,134,12,عِنْدَكَ,عندك,عَهِدَ,لَئِنْ,HARF,ISM_MABNI,ISM_MABNI|FIIL,Hypothesis,registry-exact-hypothesis:exact:02_mabniyat/verb_name.json#8,Hypothesis,harf_vs_mabni
7,135,6,أَجَلٍ,أجل,إِلَى,هُمْ,ISM_MUARAB,HARF,HARF,Certificate,registry:plain:02_mabniyat/letters_answers.json#3,Certificate,ISM_MUARAB_to_HARF
7,135,9,إِذَا,إذا,بَالِغُوهُ,هُمْ,HARF,ISM_MABNI,ISM_MABNI,Certificate,registry:exact:02_mabniyat/built_in_adverbs.json#21,Certificate,harf_vs_mabni
7,137,27,وَمَا,وما,وَقَوْمُهُ,كَانُوا,HARF,ISM_MAWSOOL,ISM_MAWSOOL|ISM_MABNI|HARF,Certificate,MASAQ:51,Certificate,harf_vs_mawsool
7,143,8,رَبِّ,رب,قَالَ,أَرِنِي,ISM_MUARAB,HARF,HARF,Certificate,registry:plain:02_mabniyat/preposition_meanings.json#40,Certificate,ISM_MUARAB_to_HARF
7,149,7,قَدْ,قد,أَنَّهُمْ,ضَلُّوا,HARF,ISM_MABNI,ISM_MABNI|FIIL,Hypothesis,registry-exact-hypothesis:exact:02_mabniyat/verb_name.json#9,Hypothesis,harf_vs_mabni
7,151,2,رَبِّ,رب,قَالَ,اغْفِرْ,ISM_MUARAB,HARF,HARF,Certificate,registry:plain:02_mabniyat/preposition_meanings.json#40,Certificate,ISM_MUARAB_to_HARF
7,153,4,ثُمَّ,ثم,السَّيِّئَاتِ,تَابُوا,HARF,ISM_MABNI,ISM_MABNI,Hypothesis,registry-exact-hypothesis:exact:02_mabniyat/built_in_adverbs,Hypothesis,harf_vs_mabni
7,155,11,رَبِّ,رب,قَالَ,لَوْ,ISM_MUARAB,HARF,HARF,Certificate,registry:plain:02_mabniyat/preposition_meanings.json#40,Certificate,ISM_MUARAB_to_HARF
7,160,9,إِذِ,إذ,مُوسَى,اسْتَسْقَاهُ,HARF,ISM_MABNI,ISM_MABNI,Certificate,registry:plain:02_mabniyat/built_in_adverbs.json#13,Certificate,harf_vs_mabni
7,160,21,قَدْ,قد,عَيْنَاً,عَلِمَ,HARF,ISM_MABNI,ISM_MABNI|FIIL,Hypothesis,registry-exact-hypothesis:exact:02_mabniyat/verb_name.json#9,Hypothesis,harf_vs_mabni
7,160,38,وَمَا,وما,رَزَقْنَاكُمْ,ظَلَمُونَا,HARF,ISM_MAWSOOL,ISM_MAWSOOL|ISM_MABNI|HARF,Certificate,MASAQ:51,Certificate,harf_vs_mawsool
7,161,9,حَيْثُ,حيث,مِنْهَا,شِئْتُمْ,HARF,ISM_MABNI,ISM_MABNI,Certificate,registry:exact:02_mabniyat/built_in_adverbs.json#1,Certificate,harf_vs_mabni
7,163,8,إِذْ,إذ,الْبَحْرِ,يَعْدُونَ,HARF,ISM_MABNI,ISM_MABNI,Certificate,registry:exact:02_mabniyat/built_in_adverbs.json#13,Certificate,harf_vs_mabni
7,163,12,إِذْ,إذ,السَّبْتِ,تَأْتِيهِمْ,HARF,ISM_MABNI,ISM_MABNI,Certificate,registry:exact:02_mabniyat/built_in_adverbs.json#13,Certificate,harf_vs_mabni
7,182,6,حَيْثُ,حيث,مِنْ,لَا,HARF,ISM_MABNI,ISM_MABNI,Certificate,registry:exact:02_mabniyat/built_in_adverbs.json#1,Certificate,harf_vs_mabni
7,184,3,مَا,ما,يَتَفَكَّرُوا,بِصَاحِبِهِمْ,HARF,ISM_MAWSOOL,ISM_MAWSOOL|ISM_MABNI|HARF,Hypothesis,registry-exact-hypothesis:exact:02_mabniyat/relative_pronoun,Hypothesis,harf_vs_mawsool
7,185,7,وَمَا,وما,وَالْأَرْضِ,خَلَقَ,HARF,ISM_MAWSOOL,ISM_MAWSOOL|ISM_MABNI|HARF,Certificate,MASAQ:51,Certificate,harf_vs_mawsool
7,186,1,مَنْ,من,,يُضْلِلِ,HARF,ISM_MAWSOOL,ISM_MAWSOOL|ISM_MABNI|HARF,Hypothesis,registry-exact-hypothesis:exact:02_mabniyat/relative_pronoun,Hypothesis,harf_vs_mawsool
7,188,19,وَمَا,وما,الْخَيْرِ,مَسَّنِيَ,HARF,ISM_MAWSOOL,ISM_MAWSOOL|ISM_MABNI|HARF,Certificate,MASAQ:51,Certificate,harf_vs_mawsool
7,195,23,ثُمَّ,ثم,شُرَكَاءَكُمْ,كِيدُونِ,HARF,ISM_MABNI,ISM_MABNI,Hypothesis,registry-exact-hypothesis:exact:02_mabniyat/built_in_adverbs,Hypothesis,harf_vs_mabni
7,201,4,إِذَا,إذا,اتَّقَوْا,مَسَّهُمْ,HARF,ISM_MABNI,ISM_MABNI,Certificate,registry:exact:02_mabniyat/built_in_adverbs.json#21,Certificate,harf_vs_mabni
7,202,5,ثُمَّ,ثم,الْغَيِّ,لَا,HARF,ISM_MABNI,ISM_MABNI,Hypothesis,registry-exact-hypothesis:exact:02_mabniyat/built_in_adverbs,Hypothesis,harf_vs_mabni
7,203,13,إِلَيَّ,إلي,يُوحَى,مِنْ,HARF,ISM_MABNI,ISM_MABNI|FIIL,Hypothesis,registry-exact-hypothesis:exact:02_mabniyat/verb_name.json#8,Hypothesis,harf_vs_mabni
8,1,11,ذَاتَ,ذات,وَأَصْلِحُوا,بَيْنِكُمْ,ISM_MUARAB,ISM_MAWSOOL,ISM_MAWSOOL,Certificate,registry:plain:02_mabniyat/relative_pronouns.json#19,Certificate,ISM_MUARAB_to_ISM_MAWSOOL
8,2,4,إِذَا,إذا,الَّذِينَ,ذُكِرَ,HARF,ISM_MABNI,ISM_MABNI,Certificate,registry:exact:02_mabniyat/built_in_adverbs.json#21,Certificate,harf_vs_mabni
8,7,11,ذَاتِ,ذات,غَيْرَ,الشَّوْكَةِ,ISM_MUARAB,ISM_MAWSOOL,ISM_MAWSOOL,Certificate,registry:plain:02_mabniyat/relative_pronouns.json#19,Certificate,ISM_MUARAB_to_ISM_MAWSOOL
8,9,1,إِذْ,إذ,,تَسْتَغِيثُونَ,HARF,ISM_MABNI,ISM_MABNI,Certificate,registry:exact:02_mabniyat/built_in_adverbs.json#13,Certificate,harf_vs_mabni
8,10,1,وَمَا,وما,,جَعَلَهُ,HARF,ISM_MAWSOOL,ISM_MAWSOOL|ISM_MABNI|HARF,Certificate,MASAQ:51,Certificate,harf_vs_mawsool
8,10,9,وَمَا,وما,قُلُوبُكُمْ,النَّصْرُ,HARF,ISM_MAWSOOL,ISM_MAWSOOL|ISM_MABNI|HARF,Certificate,MASAQ:51,Certificate,harf_vs_mawsool
8,11,1,إِذْ,إذ,,يُغَشِّيكُمُ,HARF,ISM_MABNI,ISM_MABNI,Certificate,registry:exact:02_mabniyat/built_in_adverbs.json#13,Certificate,harf_vs_mabni
8,12,1,إِذْ,إذ,,يُوحِي,HARF,ISM_MABNI,ISM_MABNI,Certificate,registry:exact:02_mabniyat/built_in_adverbs.json#13,Certificate,harf_vs_mabni
8,15,4,إِذَا,إذا,آمَنُوا,لَقِيتُمُ,HARF,ISM_MABNI,ISM_MABNI,Certificate,registry:exact:02_mabniyat/built_in_adverbs.json#21,Certificate,harf_vs_mabni
8,17,6,وَمَا,وما,قَتَلَهُمْ,رَمَيْتَ,HARF,ISM_MAWSOOL,ISM_MAWSOOL|ISM_MABNI|HARF,Certificate,MASAQ:51,Certificate,harf_vs_mawsool
8,17,8,إِذْ,إذ,رَمَيْتَ,رَمَيْتَ,HARF,ISM_MABNI,ISM_MABNI,Certificate,registry:exact:02_mabniyat/built_in_adverbs.json#13,Certificate,harf_vs_mabni
8,24,7,إِذَا,إذا,وَلِلرَّسُولِ,دَعَاكُمْ,HARF,ISM_MABNI,ISM_MABNI,Certificate,registry:exact:02_mabniyat/built_in_adverbs.json#21,Certificate,harf_vs_mabni
8,26,2,إِذْ,إذ,وَاذْكُرُوا,أَنْتُمْ,HARF,ISM_MABNI,ISM_MABNI,Certificate,registry:exact:02_mabniyat/built_in_adverbs.json#13,Certificate,harf_vs_mabni
8,31,6,قَدْ,قد,قَالُوا,سَمِعْنَا,HARF,ISM_MABNI,ISM_MABNI|FIIL,Hypothesis,registry-exact-hypothesis:exact:02_mabniyat/verb_name.json#9,Hypothesis,harf_vs_mabni
8,32,3,اللَّهُمَّ,اللهم,قَالُوا,إِنْ,JAMID,ISM_MAWSOOL,ISM_MAWSOOL,Certificate,registry:plain:02_mabniyat/relative_pronouns.json#33,Certificate,JAMID_to_ISM_MAWSOOL
8,33,1,وَمَا,وما,,كَانَ,HARF,ISM_MAWSOOL,ISM_MAWSOOL|ISM_MABNI|HARF,Certificate,MASAQ:51,Certificate,harf_vs_mawsool
8,33,7,وَمَا,وما,فِيهِمْ,كَانَ,HARF,ISM_MAWSOOL,ISM_MAWSOOL|ISM_MABNI|HARF,Certificate,MASAQ:51,Certificate,harf_vs_mawsool
8,34,1,وَمَا,وما,,لَهُمْ,HARF,ISM_MAWSOOL,ISM_MAWSOOL|ISM_MABNI|HARF,Certificate,MASAQ:51,Certificate,harf_vs_mawsool
8,34,11,وَمَا,وما,الْحَرَامِ,كَانُوا,HARF,ISM_MAWSOOL,ISM_MAWSOOL|ISM_MABNI|HARF,Certificate,MASAQ:51,Certificate,harf_vs_mawsool
8,35,1,وَمَا,وما,,كَانَ,HARF,ISM_MAWSOOL,ISM_MAWSOOL|ISM_MABNI|HARF,Certificate,MASAQ:51,Certificate,harf_vs_mawsool
8,36,11,ثُمَّ,ثم,فَسَيُنْفِقُونَهَا,تَكُونُ,HARF,ISM_MABNI,ISM_MABNI,Hypothesis,registry-exact-hypothesis:exact:02_mabniyat/built_in_adverbs,Hypothesis,harf_vs_mabni
8,36,15,ثُمَّ,ثم,حَسْرَةً,يُغْلَبُونَ,HARF,ISM_MABNI,ISM_MABNI,Hypothesis,registry-exact-hypothesis:exact:02_mabniyat/built_in_adverbs,Hypothesis,harf_vs_mabni
8,38,9,قَدْ,قد,مَا,سَلَفَ,HARF,ISM_MABNI,ISM_MABNI|FIIL,Hypothesis,registry-exact-hypothesis:exact:02_mabniyat/verb_name.json#9,Hypothesis,harf_vs_mabni
8,41,20,وَمَا,وما,بِاللَّهِ,أَنْزَلْنَا,HARF,ISM_MAWSOOL,ISM_MAWSOOL|ISM_MABNI|HARF,Certificate,MASAQ:51,Certificate,harf_vs_mawsool
8,42,1,إِذْ,إذ,,أَنْتُمْ,HARF,ISM_MABNI,ISM_MABNI,Certificate,registry:exact:02_mabniyat/built_in_adverbs.json#13,Certificate,harf_vs_mabni
8,42,27,وَيَحْيَى,ويحيى,بَيِّنَةٍ,مَنْ,FIIL,JAMID,,Certificate,MASAQ:17697,Certificate,FIIL_to_JAMID
8,42,29,حَيَّ,حي,مَنْ,عَنْ,ISM_MUARAB,ISM_MABNI,ISM_MABNI|FIIL,Hypothesis,registry-exact-hypothesis:exact:02_mabniyat/verb_name.json#5,Hypothesis,ISM_MUARAB_to_ISM_MABNI
8,43,1,إِذْ,إذ,,يُرِيكَهُمُ,HARF,ISM_MABNI,ISM_MABNI,Certificate,registry:exact:02_mabniyat/built_in_adverbs.json#13,Certificate,harf_vs_mabni
8,44,3,إِذِ,إذ,يُرِيكُمُوهُمْ,الْتَقَيْتُمْ,HARF,ISM_MABNI,ISM_MABNI,Certificate,registry:plain:02_mabniyat/built_in_adverbs.json#13,Certificate,harf_vs_mabni
8,45,4,إِذَا,إذا,آمَنُوا,لَقِيتُمْ,HARF,ISM_MABNI,ISM_MABNI,Certificate,registry:exact:02_mabniyat/built_in_adverbs.json#21,Certificate,harf_vs_mabni
8,49,1,إِذْ,إذ,,يَقُولُ,HARF,ISM_MABNI,ISM_MABNI,Certificate,registry:exact:02_mabniyat/built_in_adverbs.json#13,Certificate,harf_vs_mabni
8,50,3,إِذْ,إذ,تَرَى,يَتَوَفَّى,HARF,ISM_MABNI,ISM_MABNI,Certificate,registry:exact:02_mabniyat/built_in_adverbs.json#13,Certificate,harf_vs_mabni
8,56,4,ثُمَّ,ثم,مِنْهُمْ,يَنْقُضُونَ,HARF,ISM_MABNI,ISM_MABNI,Hypothesis,registry-exact-hypothesis:exact:02_mabniyat/built_in_adverbs,Hypothesis,harf_vs_mabni
8,57,8,خَلْفَهُمْ,خلفهم,مَنْ,لَعَلَّهُمْ,ISM_MUARAB,HARF,,Certificate,MASAQ:5225,Certificate,ISM_MUARAB_to_HARF
8,60,22,وَمَا,وما,يَعْلَمُهُمْ,تُنْفِقُوا,HARF,ISM_MAWSOOL,ISM_MAWSOOL|ISM_MABNI|HARF,Certificate,MASAQ:51,Certificate,harf_vs_mawsool
8,63,10,مَا,ما,جَمِيعَاً,أَلَّفْتَ,HARF,ISM_MAWSOOL,ISM_MAWSOOL|ISM_MABNI|HARF,Hypothesis,registry-exact-hypothesis:exact:02_mabniyat/relative_pronoun,Hypothesis,harf_vs_mawsool
8,64,3,حَسْبُكَ,حسبك,النَّبِيُّ,اللَّهُ,ISM_MUARAB,ISM_MABNI,ISM_MABNI|FIIL,Hypothesis,registry-exact-hypothesis:exact:02_mabniyat/verb_name.json#1,Hypothesis,ISM_MUARAB_to_ISM_MABNI
8,66,1,الْآنَ,الآن,,خَفَّفَ,HARF,ISM_MABNI,ISM_MABNI,Certificate,registry:plain:02_mabniyat/built_in_adverbs.json#4,Certificate,harf_vs_mabni
8,67,1,مَا,ما,,كَانَ,HARF,ISM_MAWSOOL,ISM_MAWSOOL|ISM_MABNI|HARF,Hypothesis,registry-exact-hypothesis:exact:02_mabniyat/relative_pronoun,Hypothesis,harf_vs_mawsool
8,72,22,مَا,ما,يُهَاجِرُوا,لَكُمْ,HARF,ISM_MAWSOOL,ISM_MAWSOOL|ISM_MABNI|HARF,Hypothesis,registry-exact-hypothesis:exact:02_mabniyat/relative_pronoun,Hypothesis,harf_vs_mawsool
9,4,6,ثُمَّ,ثم,الْمُشْرِكِينَ,لَمْ,HARF,ISM_MABNI,ISM_MABNI,Hypothesis,registry-exact-hypothesis:exact:02_mabniyat/built_in_adverbs,Hypothesis,harf_vs_mabni
9,5,7,حَيْثُ,حيث,الْمُشْرِكِينَ,وَجَدْتُمُوهُمْ,HARF,ISM_MABNI,ISM_MABNI,Certificate,registry:exact:02_mabniyat/built_in_adverbs.json#1,Certificate,harf_vs_mabni
9,6,11,ثُمَّ,ثم,اللَّهِ,أَبْلِغْهُ,HARF,ISM_MABNI,ISM_MABNI,Hypothesis,registry-exact-hypothesis:exact:02_mabniyat/built_in_adverbs,Hypothesis,harf_vs_mabni
9,17,1,مَا,ما,,كَانَ,HARF,ISM_MAWSOOL,ISM_MAWSOOL|ISM_MABNI|HARF,Hypothesis,registry-exact-hypothesis:exact:02_mabniyat/relative_pronoun,Hypothesis,harf_vs_mawsool
9,25,9,إِذْ,إذ,حُنَيْنٍ,أَعْجَبَتْكُمْ,HARF,ISM_MABNI,ISM_MABNI,Certificate,registry:exact:02_mabniyat/built_in_adverbs.json#13,Certificate,harf_vs_mabni
9,25,21,ثُمَّ,ثم,رَحُبَتْ,وَلَّيْتُمْ,HARF,ISM_MABNI,ISM_MABNI,Hypothesis,registry-exact-hypothesis:exact:02_mabniyat/built_in_adverbs,Hypothesis,harf_vs_mabni
9,26,1,ثُمَّ,ثم,,أَنْزَلَ,HARF,ISM_MABNI,ISM_MABNI,Hypothesis,registry-exact-hypothesis:exact:02_mabniyat/built_in_adverbs,Hypothesis,harf_vs_mabni
9,27,1,ثُمَّ,ثم,,يَتُوبُ,HARF,ISM_MABNI,ISM_MABNI,Hypothesis,registry-exact-hypothesis:exact:02_mabniyat/built_in_adverbs,Hypothesis,harf_vs_mabni
9,30,22,أَنَّى,أنى,اللَّهُ,يُؤْفَكُونَ,HARF,ISM_MABNI,ISM_MABNI|HARF,Hypothesis,registry-exact-hypothesis:exact:02_mabniyat/conditional_lett,Hypothesis,harf_vs_mabni
9,31,11,وَمَا,وما,مَرْيَمَ,أُمِرُوا,HARF,ISM_MAWSOOL,ISM_MAWSOOL|ISM_MABNI|HARF,Certificate,MASAQ:51,Certificate,harf_vs_mawsool
9,38,6,إِذَا,إذا,لَكُمْ,قِيلَ,HARF,ISM_MABNI,ISM_MABNI,Certificate,registry:exact:02_mabniyat/built_in_adverbs.json#21,Certificate,harf_vs_mabni
9,40,6,إِذْ,إذ,اللَّهُ,أَخْرَجَهُ,HARF,ISM_MABNI,ISM_MABNI,Certificate,registry:exact:02_mabniyat/built_in_adverbs.json#13,Certificate,harf_vs_mabni
9,40,12,إِذْ,إذ,اثْنَيْنِ,هُمَا,HARF,ISM_MABNI,ISM_MABNI,Certificate,registry:exact:02_mabniyat/built_in_adverbs.json#13,Certificate,harf_vs_mabni
9,40,16,إِذْ,إذ,الْغَارِ,يَقُولُ,HARF,ISM_MABNI,ISM_MABNI,Certificate,registry:exact:02_mabniyat/built_in_adverbs.json#13,Certificate,harf_vs_mabni
9,47,4,مَا,ما,فِيكُمْ,زَادُوكُمْ,HARF,ISM_MAWSOOL,ISM_MAWSOOL|ISM_MABNI|HARF,Hypothesis,registry-exact-hypothesis:exact:02_mabniyat/relative_pronoun,Hypothesis,harf_vs_mawsool
9,50,9,قَدْ,قد,يَقُولُوا,أَخَذْنَا,HARF,ISM_MABNI,ISM_MABNI|FIIL,Hypothesis,registry-exact-hypothesis:exact:02_mabniyat/verb_name.json#9,Hypothesis,harf_vs_mabni
9,54,1,وَمَا,وما,,مَنَعَهُمْ,HARF,ISM_MAWSOOL,ISM_MAWSOOL|ISM_MABNI|HARF,Certificate,MASAQ:51,Certificate,harf_vs_mawsool
9,56,5,وَمَا,وما,لَمِنْكُمْ,هُمْ,HARF,ISM_MAWSOOL,ISM_MAWSOOL|ISM_MABNI|HARF,Certificate,MASAQ:51,Certificate,harf_vs_mawsool
9,58,14,إِذَا,إذا,مِنْهَا,هُمْ,HARF,ISM_MABNI,ISM_MABNI,Certificate,registry:exact:02_mabniyat/built_in_adverbs.json#21,Certificate,harf_vs_mabni
9,61,7,أُذُنٌ,أذن,هُوَ,قُلْ,ISM_MUARAB,HARF,HARF,Certificate,registry:plain:02_mabniyat/present_naseb_tools.json#3,Certificate,ISM_MUARAB_to_HARF
9,61,9,أُذُنُ,أذن,قُلْ,خَيْرٍ,ISM_MUARAB,HARF,HARF,Certificate,registry:plain:02_mabniyat/present_naseb_tools.json#3,Certificate,ISM_MUARAB_to_HARF
9,63,4,مَنْ,من,أَنَّهُ,يُحَادِدِ,HARF,ISM_MAWSOOL,ISM_MAWSOOL|ISM_MABNI|HARF,Hypothesis,registry-exact-hypothesis:exact:02_mabniyat/relative_pronoun,Hypothesis,harf_vs_mawsool
9,63,16,الْعَظِيمُ,العظيم,الْخِزْيُ,,ISM_MUARAB,JAMID,,Certificate,MASAQ:5243,Certificate,ISM_MUARAB_to_JAMID
9,66,3,قَدْ,قد,تَعْتَذِرُوا,كَفَرْتُمْ,HARF,ISM_MABNI,ISM_MABNI|FIIL,Hypothesis,registry-exact-hypothesis:exact:02_mabniyat/verb_name.json#9,Hypothesis,harf_vs_mabni
9,72,24,الْعَظِيمُ,العظيم,الْفَوْزُ,,ISM_MUARAB,JAMID,,Certificate,MASAQ:5243,Certificate,ISM_MUARAB_to_JAMID
9,74,3,مَا,ما,بِاللَّهِ,قَالُوا,HARF,ISM_MAWSOOL,ISM_MAWSOOL|ISM_MABNI|HARF,Hypothesis,registry-exact-hypothesis:exact:02_mabniyat/relative_pronoun,Hypothesis,harf_vs_mawsool
9,74,16,وَمَا,وما,يَنَالُوا,نَقَمُوا,HARF,ISM_MAWSOOL,ISM_MAWSOOL|ISM_MABNI|HARF,Certificate,MASAQ:51,Certificate,harf_vs_mawsool
9,74,39,وَمَا,وما,وَالْآخِرَةِ,لَهُمْ,HARF,ISM_MAWSOOL,ISM_MAWSOOL|ISM_MABNI|HARF,Certificate,MASAQ:51,Certificate,harf_vs_mawsool
9,89,13,الْعَظِيمُ,العظيم,الْفَوْزُ,,ISM_MUARAB,JAMID,,Certificate,MASAQ:5243,Certificate,ISM_MUARAB_to_JAMID
9,91,15,إِذَا,إذا,حَرَجٌ,نَصَحُوا,HARF,ISM_MABNI,ISM_MABNI,Certificate,registry:exact:02_mabniyat/built_in_adverbs.json#21,Certificate,harf_vs_mabni
9,91,19,مَا,ما,وَرَسُولِهِ,عَلَى,HARF,ISM_MAWSOOL,ISM_MAWSOOL|ISM_MABNI|HARF,Hypothesis,registry-exact-hypothesis:exact:02_mabniyat/relative_pronoun,Hypothesis,harf_vs_mawsool
9,92,4,إِذَا,إذا,الَّذِينَ,مَا,HARF,ISM_MABNI,ISM_MABNI,Certificate,registry:exact:02_mabniyat/built_in_adverbs.json#21,Certificate,harf_vs_mabni
9,94,3,إِذَا,إذا,إِلَيْكُمْ,رَجَعْتُمْ,HARF,ISM_MABNI,ISM_MABNI,Certificate,registry:exact:02_mabniyat/built_in_adverbs.json#21,Certificate,harf_vs_mabni
9,94,12,قَدْ,قد,لَكُمْ,نَبَّأَنَا,HARF,ISM_MABNI,ISM_MABNI|FIIL,Hypothesis,registry-exact-hypothesis:exact:02_mabniyat/verb_name.json#9,Hypothesis,harf_vs_mabni
9,94,21,ثُمَّ,ثم,وَرَسُولُهُ,تُرَدُّونَ,HARF,ISM_MABNI,ISM_MABNI,Hypothesis,registry-exact-hypothesis:exact:02_mabniyat/built_in_adverbs,Hypothesis,harf_vs_mabni
9,95,4,إِذَا,إذا,لَكُمْ,انْقَلَبْتُمْ,HARF,ISM_MABNI,ISM_MABNI,Certificate,registry:exact:02_mabniyat/built_in_adverbs.json#21,Certificate,harf_vs_mabni
9,100,25,الْعَظِيمُ,العظيم,الْفَوْزُ,,ISM_MUARAB,JAMID,,Certificate,MASAQ:5243,Certificate,ISM_MUARAB_to_JAMID
9,101,18,ثُمَّ,ثم,مَرَّتَيْنِ,يُرَدُّونَ,HARF,ISM_MABNI,ISM_MABNI,Hypothesis,registry-exact-hypothesis:exact:02_mabniyat/built_in_adverbs,Hypothesis,harf_vs_mabni
9,111,37,الْعَظِيمُ,العظيم,الْفَوْزُ,,ISM_MUARAB,JAMID,,Certificate,MASAQ:5243,Certificate,ISM_MUARAB_to_JAMID
9,113,1,مَا,ما,,كَانَ,HARF,ISM_MAWSOOL,ISM_MAWSOOL|ISM_MABNI|HARF,Hypothesis,registry-exact-hypothesis:exact:02_mabniyat/relative_pronoun,Hypothesis,harf_vs_mawsool
9,114,1,وَمَا,وما,,كَانَ,HARF,ISM_MAWSOOL,ISM_MAWSOOL|ISM_MABNI|HARF,Certificate,MASAQ:51,Certificate,harf_vs_mawsool
9,115,1,وَمَا,وما,,كَانَ,HARF,ISM_MAWSOOL,ISM_MAWSOOL|ISM_MABNI|HARF,Certificate,MASAQ:51,Certificate,harf_vs_mawsool
9,115,7,إِذْ,إذ,بَعْدَ,هَدَاهُمْ,HARF,ISM_MABNI,ISM_MABNI,Certificate,registry:exact:02_mabniyat/built_in_adverbs.json#13,Certificate,harf_vs_mabni
9,116,9,وَمَا,وما,وَيُمِيتُ,لَكُمْ,HARF,ISM_MAWSOOL,ISM_MAWSOOL|ISM_MABNI|HARF,Certificate,MASAQ:51,Certificate,harf_vs_mawsool
9,117,15,مَا,ما,بَعْدِ,كَادَ,HARF,ISM_MAWSOOL,ISM_MAWSOOL|ISM_MABNI|HARF,Hypothesis,registry-exact-hypothesis:exact:02_mabniyat/relative_pronoun,Hypothesis,harf_vs_mawsool
9,117,21,ثُمَّ,ثم,مِنْهُمْ,تَابَ,HARF,ISM_MABNI,ISM_MABNI,Hypothesis,registry-exact-hypothesis:exact:02_mabniyat/built_in_adverbs,Hypothesis,harf_vs_mabni
9,118,6,إِذَا,إذا,حَتَّى,ضَاقَتْ,HARF,ISM_MABNI,ISM_MABNI,Certificate,registry:exact:02_mabniyat/built_in_adverbs.json#21,Certificate,harf_vs_mabni
9,118,23,ثُمَّ,ثم,إِلَيْهِ,تَابَ,HARF,ISM_MABNI,ISM_MABNI,Hypothesis,registry-exact-hypothesis:exact:02_mabniyat/built_in_adverbs,Hypothesis,harf_vs_mabni
9,120,1,مَا,ما,,كَانَ,HARF,ISM_MAWSOOL,ISM_MAWSOOL|ISM_MABNI|HARF,Hypothesis,registry-exact-hypothesis:exact:02_mabniyat/relative_pronoun,Hypothesis,harf_vs_mawsool
9,120,5,وَمَنْ,ومن,الْمَدِينَةِ,حَوْلَهُمْ,ISM_MAWSOOL,HARF,ISM_MAWSOOL|ISM_MABNI|HARF,Certificate,MASAQ:1895,Certificate,ISM_MAWSOOL_to_HARF
9,122,1,وَمَا,وما,,كَانَ,HARF,ISM_MAWSOOL,ISM_MAWSOOL|ISM_MABNI|HARF,Certificate,MASAQ:51,Certificate,harf_vs_mawsool
9,122,18,إِذَا,إذا,قَوْمَهُمْ,رَجَعُوا,HARF,ISM_MABNI,ISM_MABNI,Certificate,registry:exact:02_mabniyat/built_in_adverbs.json#21,Certificate,harf_vs_mabni
9,126,11,ثُمَّ,ثم,مَرَّتَيْنِ,لَا,HARF,ISM_MABNI,ISM_MABNI,Hypothesis,registry-exact-hypothesis:exact:02_mabniyat/built_in_adverbs,Hypothesis,harf_vs_mabni
9,127,13,ثُمَّ,ثم,أَحَدٍ,انْصَرَفُوا,HARF,ISM_MABNI,ISM_MABNI,Hypothesis,registry-exact-hypothesis:exact:02_mabniyat/built_in_adverbs,Hypothesis,harf_vs_mabni
9,129,13,رَبُّ,رب,وَهُوَ,الْعَرْشِ,ISM_MUARAB,HARF,HARF,Certificate,registry:plain:02_mabniyat/preposition_meanings.json#40,Certificate,ISM_MUARAB_to_HARF
10,3,11,ثُمَّ,ثم,أَيَّامٍ,اسْتَوَى,HARF,ISM_MABNI,ISM_MABNI,Hypothesis,registry-exact-hypothesis:exact:02_mabniyat/built_in_adverbs,Hypothesis,harf_vs_mabni
10,3,17,مَا,ما,الْأَمْرَ,مِنْ,HARF,ISM_MAWSOOL,ISM_MAWSOOL|ISM_MABNI|HARF,Hypothesis,registry-exact-hypothesis:exact:02_mabniyat/relative_pronoun,Hypothesis,harf_vs_mawsool
10,4,10,ثُمَّ,ثم,الْخَلْقَ,يُعِيدُهُ,HARF,ISM_MABNI,ISM_MABNI,Hypothesis,registry-exact-hypothesis:exact:02_mabniyat/built_in_adverbs,Hypothesis,harf_vs_mabni
10,5,14,مَا,ما,وَالْحِسَابَ,خَلَقَ,HARF,ISM_MAWSOOL,ISM_MAWSOOL|ISM_MABNI|HARF,Hypothesis,registry-exact-hypothesis:exact:02_mabniyat/relative_pronoun,Hypothesis,harf_vs_mawsool
10,6,6,وَمَا,وما,وَالنَّهَارِ,خَلَقَ,HARF,ISM_MAWSOOL,ISM_MAWSOOL|ISM_MABNI|HARF,Certificate,MASAQ:51,Certificate,harf_vs_mawsool
10,10,4,اللَّهُمَّ,اللهم,سُبْحَانَكَ,وَتَحِيَّتُهُمْ,JAMID,ISM_MAWSOOL,ISM_MAWSOOL,Certificate,registry:plain:02_mabniyat/relative_pronouns.json#33,Certificate,JAMID_to_ISM_MAWSOOL
10,10,13,رَبِّ,رب,لِلَّهِ,الْعَالَمِينَ,ISM_MUARAB,HARF,HARF,Certificate,registry:plain:02_mabniyat/preposition_meanings.json#40,Certificate,ISM_MUARAB_to_HARF
10,13,6,لَمَّا,لما,قَبْلِكُمْ,ظَلَمُوا,HARF,ISM_MABNI,ISM_MABNI|HARF,Hypothesis,registry-exact-hypothesis:exact:02_mabniyat/conditional_lett,Hypothesis,harf_vs_mabni
10,13,11,وَمَا,وما,بِالْبَيِّنَاتِ,كَانُوا,HARF,ISM_MAWSOOL,ISM_MAWSOOL|ISM_MABNI|HARF,Certificate,MASAQ:51,Certificate,harf_vs_mawsool
10,14,1,ثُمَّ,ثم,,جَعَلْنَاكُمْ,HARF,ISM_MABNI,ISM_MABNI,Hypothesis,registry-exact-hypothesis:exact:02_mabniyat/built_in_adverbs,Hypothesis,harf_vs_mabni
10,15,31,إِلَيَّ,إلي,يُوحَى,إِنِّي,HARF,ISM_MABNI,ISM_MABNI|FIIL,Hypothesis,registry-exact-hypothesis:exact:02_mabniyat/verb_name.json#8,Hypothesis,harf_vs_mabni
10,15,38,يَوْمٍ,يوم,عَذَابَ,عَظِيمٍ,HARF,ISM_MUARAB,,Certificate,MASAQ:5365,Certificate,HARF_to_ISM_MUARAB
10,16,5,مَا,ما,اللَّهُ,تَلَوْتُهُ,HARF,ISM_MAWSOOL,ISM_MAWSOOL|ISM_MABNI|HARF,Hypothesis,registry-exact-hypothesis:exact:02_mabniyat/relative_pronoun,Hypothesis,harf_vs_mawsool
10,19,1,وَمَا,وما,,كَانَ,HARF,ISM_MAWSOOL,ISM_MAWSOOL|ISM_MABNI|HARF,Certificate,MASAQ:51,Certificate,harf_vs_mawsool
10,21,9,إِذَا,إذا,مَسَّتْهُمْ,لَهُمْ,HARF,ISM_MABNI,ISM_MABNI,Certificate,registry:exact:02_mabniyat/built_in_adverbs.json#21,Certificate,harf_vs_mabni
10,22,8,إِذَا,إذا,حَتَّى,كُنْتُمْ,HARF,ISM_MABNI,ISM_MABNI,Certificate,registry:exact:02_mabniyat/built_in_adverbs.json#21,Certificate,harf_vs_mabni
10,23,3,إِذَا,إذا,أَنْجَاهُمْ,هُمْ,HARF,ISM_MABNI,ISM_MABNI,Certificate,registry:exact:02_mabniyat/built_in_adverbs.json#21,Certificate,harf_vs_mabni
10,23,19,ثُمَّ,ثم,الدُّنْيَا,إِلَيْنَا,HARF,ISM_MABNI,ISM_MABNI,Hypothesis,registry-exact-hypothesis:exact:02_mabniyat/built_in_adverbs,Hypothesis,harf_vs_mabni
10,24,18,إِذَا,إذا,حَتَّى,أَخَذَتِ,HARF,ISM_MABNI,ISM_MABNI,Certificate,registry:exact:02_mabniyat/built_in_adverbs.json#21,Certificate,harf_vs_mabni
10,25,5,السَّلَامِ,السلام,دَارِ,وَيَهْدِي,JAMID,ISM_MUARAB,,Certificate,MASAQ:13928,Certificate,proper_misclassified
10,27,9,مَا,ما,ذِلَّةٌ,لَهُمْ,HARF,ISM_MAWSOOL,ISM_MAWSOOL|ISM_MABNI|HARF,Hypothesis,registry-exact-hypothesis:exact:02_mabniyat/relative_pronoun,Hypothesis,harf_vs_mawsool
10,28,4,ثُمَّ,ثم,جَمِيعَاً,نَقُولُ,HARF,ISM_MABNI,ISM_MABNI,Hypothesis,registry-exact-hypothesis:exact:02_mabniyat/built_in_adverbs,Hypothesis,harf_vs_mabni
10,28,15,مَا,ما,شُرَكَاؤُهُمْ,كُنْتُمْ,HARF,ISM_MAWSOOL,ISM_MAWSOOL|ISM_MABNI|HARF,Hypothesis,registry-exact-hypothesis:exact:02_mabniyat/relative_pronoun,Hypothesis,harf_vs_mawsool
10,31,2,مَنْ,من,قُلْ,يَرْزُقُكُمْ,HARF,ISM_MAWSOOL,ISM_MAWSOOL|ISM_MABNI|HARF,Hypothesis,registry-exact-hypothesis:exact:02_mabniyat/relative_pronoun,Hypothesis,harf_vs_mawsool
10,31,11,وَمَنْ,ومن,وَالْأَبْصَارَ,يُخْرِجُ,ISM_MAWSOOL,HARF,ISM_MAWSOOL|ISM_MABNI|HARF,Certificate,MASAQ:1895,Certificate,ISM_MAWSOOL_to_HARF
10,31,20,وَمَنْ,ومن,الْحَيِّ,يُدَبِّرُ,ISM_MAWSOOL,HARF,ISM_MAWSOOL|ISM_MABNI|HARF,Certificate,MASAQ:1895,Certificate,ISM_MAWSOOL_to_HARF
10,34,8,ثُمَّ,ثم,الْخَلْقَ,يُعِيدُهُ,HARF,ISM_MABNI,ISM_MABNI,Hypothesis,registry-exact-hypothesis:exact:02_mabniyat/built_in_adverbs,Hypothesis,harf_vs_mabni
10,34,14,ثُمَّ,ثم,الْخَلْقَ,يُعِيدُهُ,HARF,ISM_MABNI,ISM_MABNI,Hypothesis,registry-exact-hypothesis:exact:02_mabniyat/built_in_adverbs,Hypothesis,harf_vs_mabni
10,36,1,وَمَا,وما,,يَتَّبِعُ,HARF,ISM_MAWSOOL,ISM_MAWSOOL|ISM_MABNI|HARF,Certificate,MASAQ:51,Certificate,harf_vs_mawsool
10,37,1,وَمَا,وما,,كَانَ,HARF,ISM_MAWSOOL,ISM_MAWSOOL|ISM_MABNI|HARF,Certificate,MASAQ:51,Certificate,harf_vs_mawsool
10,37,21,رَبِّ,رب,مِنْ,الْعَالَمِينَ,ISM_MUARAB,HARF,HARF,Certificate,registry:plain:02_mabniyat/preposition_meanings.json#40,Certificate,ISM_MUARAB_to_HARF
10,40,11,أَعْلَمُ,أعلم,وَرَبُّكَ,بِالْمُفْسِدِينَ,ISM_MUARAB,FIIL,,Certificate,MASAQ:477,Certificate,noun_misread_as_verb
10,45,12,قَدْ,قد,بَيْنَهُمْ,خَسِرَ,HARF,ISM_MABNI,ISM_MABNI|FIIL,Hypothesis,registry-exact-hypothesis:exact:02_mabniyat/verb_name.json#9,Hypothesis,harf_vs_mabni
10,45,18,وَمَا,وما,اللَّهِ,كَانُوا,HARF,ISM_MAWSOOL,ISM_MAWSOOL|ISM_MABNI|HARF,Certificate,MASAQ:51,Certificate,harf_vs_mawsool
10,46,10,ثُمَّ,ثم,مَرْجِعُهُمْ,اللَّهُ,HARF,ISM_MABNI,ISM_MABNI,Hypothesis,registry-exact-hypothesis:exact:02_mabniyat/built_in_adverbs,Hypothesis,harf_vs_mabni
10,49,14,أَجَلٌ,أجل,أُمَّةٍ,إِذَا,ISM_MUARAB,HARF,HARF,Certificate,registry:plain:02_mabniyat/letters_answers.json#3,Certificate,ISM_MUARAB_to_HARF
10,49,15,إِذَا,إذا,أَجَلٌ,جَاءَ,HARF,ISM_MABNI,ISM_MABNI,Certificate,registry:exact:02_mabniyat/built_in_adverbs.json#21,Certificate,harf_vs_mabni
10,50,9,مَاذَا,ماذا,نَهَارَاً,يَسْتَعْجِلُ,HARF,ISM_MABNI,ISM_MABNI,Certificate,registry:plain:02_mabniyat/interrogative_tools_categories.js,Certificate,harf_vs_mabni
10,51,2,إِذَا,إذا,أَثُمَّ,مَا,HARF,ISM_MABNI,ISM_MABNI,Certificate,registry:exact:02_mabniyat/built_in_adverbs.json#21,Certificate,harf_vs_mabni
10,51,3,مَا,ما,إِذَا,وَقَعَ,HARF,ISM_MAWSOOL,ISM_MAWSOOL|ISM_MABNI|HARF,Hypothesis,registry-exact-hypothesis:exact:02_mabniyat/relative_pronoun,Hypothesis,harf_vs_mawsool
10,51,7,آلْآنَ,آلآن,بِهِ,وَقَدْ,HARF,ISM_MABNI,ISM_MABNI,Certificate,registry:plain:02_mabniyat/built_in_adverbs.json#4,Certificate,harf_vs_mabni
10,52,1,ثُمَّ,ثم,,قِيلَ,HARF,ISM_MABNI,ISM_MABNI,Hypothesis,registry-exact-hypothesis:exact:02_mabniyat/built_in_adverbs,Hypothesis,harf_vs_mabni
10,53,9,وَمَا,وما,لَحَقٌّ,أَنْتُمْ,HARF,ISM_MAWSOOL,ISM_MAWSOOL|ISM_MABNI|HARF,Certificate,MASAQ:51,Certificate,harf_vs_mawsool
10,54,13,لَمَّا,لما,النَّدَامَةَ,رَأَوُا,HARF,ISM_MABNI,ISM_MABNI|HARF,Hypothesis,registry-exact-hypothesis:exact:02_mabniyat/conditional_lett,Hypothesis,harf_vs_mabni
10,57,3,قَدْ,قد,النَّاسُ,جَاءَتْكُمْ,HARF,ISM_MABNI,ISM_MABNI|FIIL,Hypothesis,registry-exact-hypothesis:exact:02_mabniyat/verb_name.json#9,Hypothesis,harf_vs_mabni
10,59,15,أَذِنَ,أذن,آللَّهُ,لَكُمْ,FIIL,HARF,HARF,Certificate,registry:plain:02_mabniyat/present_naseb_tools.json#3,Certificate,FIIL_to_HARF
10,60,1,وَمَا,وما,,ظَنُّ,HARF,ISM_MAWSOOL,ISM_MAWSOOL|ISM_MABNI|HARF,Certificate,MASAQ:51,Certificate,harf_vs_mawsool
10,61,1,وَمَا,وما,,تَكُونُ,HARF,ISM_MAWSOOL,ISM_MAWSOOL|ISM_MABNI|HARF,Certificate,MASAQ:51,Certificate,harf_vs_mawsool
10,61,5,وَمَا,وما,شَأْنٍ,تَتْلُو,HARF,ISM_MAWSOOL,ISM_MAWSOOL|ISM_MABNI|HARF,Certificate,MASAQ:51,Certificate,harf_vs_mawsool
10,61,18,إِذْ,إذ,شُهُودَاً,تُفِيضُونَ,HARF,ISM_MABNI,ISM_MABNI,Certificate,registry:exact:02_mabniyat/built_in_adverbs.json#13,Certificate,harf_vs_mabni
10,61,21,وَمَا,وما,فِيهِ,يَعْزُبُ,HARF,ISM_MAWSOOL,ISM_MAWSOOL|ISM_MABNI|HARF,Certificate,MASAQ:51,Certificate,harf_vs_mawsool
10,64,15,الْعَظِيمُ,العظيم,الْفَوْزُ,,ISM_MUARAB,JAMID,,Certificate,MASAQ:5243,Certificate,ISM_MUARAB_to_JAMID
10,66,7,وَمَنْ,ومن,السَّمَاوَاتِ,فِي,ISM_MAWSOOL,HARF,ISM_MAWSOOL|ISM_MABNI|HARF,Certificate,MASAQ:1895,Certificate,ISM_MAWSOOL_to_HARF
10,66,10,وَمَا,وما,الْأَرْضِ,يَتَّبِعُ,HARF,ISM_MAWSOOL,ISM_MAWSOOL|ISM_MABNI|HARF,Certificate,MASAQ:51,Certificate,harf_vs_mawsool
10,68,12,وَمَا,وما,السَّمَاوَاتِ,فِي,HARF,ISM_MAWSOOL,ISM_MAWSOOL|ISM_MABNI|HARF,Certificate,MASAQ:51,Certificate,harf_vs_mawsool
10,70,4,ثُمَّ,ثم,الدُّنْيَا,إِلَيْنَا,HARF,ISM_MABNI,ISM_MABNI,Hypothesis,registry-exact-hypothesis:exact:02_mabniyat/built_in_adverbs,Hypothesis,harf_vs_mabni
10,70,7,ثُمَّ,ثم,مَرْجِعُهُمْ,نُذِيقُهُمُ,HARF,ISM_MABNI,ISM_MABNI,Hypothesis,registry-exact-hypothesis:exact:02_mabniyat/built_in_adverbs,Hypothesis,harf_vs_mabni
10,71,5,إِذْ,إذ,نُوحٍ,قَالَ,HARF,ISM_MABNI,ISM_MABNI,Certificate,registry:exact:02_mabniyat/built_in_adverbs.json#13,Certificate,harf_vs_mabni
10,71,23,ثُمَّ,ثم,وَشُرَكَاءَكُمْ,لَا,HARF,ISM_MABNI,ISM_MABNI,Hypothesis,registry-exact-hypothesis:exact:02_mabniyat/built_in_adverbs,Hypothesis,harf_vs_mabni
10,71,29,ثُمَّ,ثم,غُمَّةً,اقْضُوا,HARF,ISM_MABNI,ISM_MABNI,Hypothesis,registry-exact-hypothesis:exact:02_mabniyat/built_in_adverbs,Hypothesis,harf_vs_mabni
10,71,31,إِلَيَّ,إلي,اقْضُوا,وَلَا,HARF,ISM_MABNI,ISM_MABNI|FIIL,Hypothesis,registry-exact-hypothesis:exact:02_mabniyat/verb_name.json#8,Hypothesis,harf_vs_mabni
10,73,3,وَمَنْ,ومن,فَنَجَّيْنَاهُ,مَعَهُ,ISM_MAWSOOL,HARF,ISM_MAWSOOL|ISM_MABNI|HARF,Certificate,MASAQ:1895,Certificate,ISM_MAWSOOL_to_HARF
10,74,1,ثُمَّ,ثم,,بَعَثْنَا,HARF,ISM_MABNI,ISM_MABNI,Hypothesis,registry-exact-hypothesis:exact:02_mabniyat/built_in_adverbs,Hypothesis,harf_vs_mabni
10,75,1,ثُمَّ,ثم,,بَعَثْنَا,HARF,ISM_MABNI,ISM_MABNI,Hypothesis,registry-exact-hypothesis:exact:02_mabniyat/built_in_adverbs,Hypothesis,harf_vs_mabni
10,77,5,لَمَّا,لما,لِلْحَقِّ,جَاءَكُمْ,HARF,ISM_MABNI,ISM_MABNI|HARF,Hypothesis,registry-exact-hypothesis:exact:02_mabniyat/conditional_lett,Hypothesis,harf_vs_mabni
10,78,13,وَمَا,وما,الْأَرْضِ,نَحْنُ,HARF,ISM_MAWSOOL,ISM_MAWSOOL|ISM_MABNI|HARF,Certificate,MASAQ:51,Certificate,harf_vs_mawsool
10,89,2,قَدْ,قد,قَالَ,أُجِيبَتْ,HARF,ISM_MABNI,ISM_MABNI|FIIL,Hypothesis,registry-exact-hypothesis:exact:02_mabniyat/verb_name.json#9,Hypothesis,harf_vs_mabni
10,90,11,إِذَا,إذا,حَتَّى,أَدْرَكَهُ,HARF,ISM_MABNI,ISM_MABNI,Certificate,registry:exact:02_mabniyat/built_in_adverbs.json#21,Certificate,harf_vs_mabni
10,91,1,آلْآنَ,آلآن,,وَقَدْ,HARF,ISM_MABNI,ISM_MABNI,Certificate,registry:plain:02_mabniyat/built_in_adverbs.json#4,Certificate,harf_vs_mabni
10,91,4,قَبْلُ,قبل,عَصَيْتَ,وَكُنْتَ,HARF,ISM_MUARAB,,Certificate,MASAQ:351,Certificate,HARF_to_ISM_MUARAB
10,98,10,لَمَّا,لما,يُونُسَ,آمَنُوا,HARF,ISM_MABNI,ISM_MABNI|HARF,Hypothesis,registry-exact-hypothesis:exact:02_mabniyat/conditional_lett,Hypothesis,harf_vs_mabni
10,100,1,وَمَا,وما,,كَانَ,HARF,ISM_MAWSOOL,ISM_MAWSOOL|ISM_MABNI|HARF,Certificate,MASAQ:51,Certificate,harf_vs_mawsool
10,101,3,مَاذَا,ماذا,انْظُرُوا,فِي,HARF,ISM_MABNI,ISM_MABNI,Certificate,registry:plain:02_mabniyat/interrogative_tools_categories.js,Certificate,harf_vs_mabni
10,101,7,وَمَا,وما,وَالْأَرْضِ,تُغْنِي,HARF,ISM_MAWSOOL,ISM_MAWSOOL|ISM_MABNI|HARF,Certificate,MASAQ:51,Certificate,harf_vs_mawsool
10,103,1,ثُمَّ,ثم,,نُنَجِّي,HARF,ISM_MABNI,ISM_MABNI,Hypothesis,registry-exact-hypothesis:exact:02_mabniyat/built_in_adverbs,Hypothesis,harf_vs_mabni
10,106,14,إِذَاً,إذا,فَإِنَّكَ,مِنَ,HARF,ISM_MABNI,ISM_MABNI,Certificate,registry:plain:02_mabniyat/built_in_adverbs.json#21,Certificate,harf_vs_mabni
10,108,4,قَدْ,قد,النَّاسُ,جَاءَكُمُ,HARF,ISM_MABNI,ISM_MABNI|FIIL,Hypothesis,registry-exact-hypothesis:exact:02_mabniyat/verb_name.json#9,Hypothesis,harf_vs_mabni
10,108,19,وَمَا,وما,عَلَيْهَا,أَنَا,HARF,ISM_MAWSOOL,ISM_MAWSOOL|ISM_MABNI|HARF,Certificate,MASAQ:51,Certificate,harf_vs_mawsool
11,1,5,ثُمَّ,ثم,آيَاتُهُ,فُصِّلَتْ,HARF,ISM_MABNI,ISM_MABNI,Hypothesis,registry-exact-hypothesis:exact:02_mabniyat/built_in_adverbs,Hypothesis,harf_vs_mabni
11,3,4,ثُمَّ,ثم,رَبَّكُمْ,تُوبُوا,HARF,ISM_MABNI,ISM_MABNI,Hypothesis,registry-exact-hypothesis:exact:02_mabniyat/built_in_adverbs,Hypothesis,harf_vs_mabni
11,3,11,أَجَلٍ,أجل,إِلَى,مُسَمَّىً,ISM_MUARAB,HARF,HARF,Certificate,registry:plain:02_mabniyat/letters_answers.json#3,Certificate,ISM_MUARAB_to_HARF
11,5,14,وَمَا,وما,يُسِرُّونَ,يُعْلِنُونَ,HARF,ISM_MAWSOOL,ISM_MAWSOOL|ISM_MABNI|HARF,Certificate,MASAQ:51,Certificate,harf_vs_mawsool
11,6,1,وَمَا,وما,,مِنْ,HARF,ISM_MAWSOOL,ISM_MAWSOOL|ISM_MABNI|HARF,Certificate,MASAQ:51,Certificate,harf_vs_mawsool
11,9,6,ثُمَّ,ثم,رَحْمَةً,نَزَعْنَاهَا,HARF,ISM_MABNI,ISM_MABNI,Hypothesis,registry-exact-hypothesis:exact:02_mabniyat/built_in_adverbs,Hypothesis,harf_vs_mabni
11,15,1,مَنْ,من,,كَانَ,HARF,ISM_MAWSOOL,ISM_MAWSOOL|ISM_MABNI|HARF,Hypothesis,registry-exact-hypothesis:exact:02_mabniyat/relative_pronoun,Hypothesis,harf_vs_mawsool
11,17,10,وَمِنْ,ومن,مِنْهُ,قَبْلِهِ,ISM_MAWSOOL,HARF,ISM_MAWSOOL|ISM_MABNI|HARF,Certificate,MASAQ:2208,Certificate,ISM_MAWSOOL_to_HARF
11,20,7,وَمَا,وما,الْأَرْضِ,كَانَ,HARF,ISM_MAWSOOL,ISM_MAWSOOL|ISM_MABNI|HARF,Certificate,MASAQ:51,Certificate,harf_vs_mawsool
11,20,18,مَا,ما,الْعَذَابُ,كَانُوا,HARF,ISM_MAWSOOL,ISM_MAWSOOL|ISM_MABNI|HARF,Hypothesis,registry-exact-hypothesis:exact:02_mabniyat/relative_pronoun,Hypothesis,harf_vs_mawsool
11,20,22,وَمَا,وما,السَّمْعَ,كَانُوا,HARF,ISM_MAWSOOL,ISM_MAWSOOL|ISM_MABNI|HARF,Certificate,MASAQ:51,Certificate,harf_vs_mawsool
11,26,10,يَوْمٍ,يوم,عَذَابَ,أَلِيمٍ,HARF,ISM_MUARAB,,Certificate,MASAQ:5365,Certificate,HARF_to_ISM_MUARAB
11,27,7,مَا,ما,قَوْمِهِ,نَرَاكَ,HARF,ISM_MAWSOOL,ISM_MAWSOOL|ISM_MABNI|HARF,Hypothesis,registry-exact-hypothesis:exact:02_mabniyat/relative_pronoun,Hypothesis,harf_vs_mawsool
11,27,12,وَمَا,وما,مِثْلَنَا,نَرَاكَ,HARF,ISM_MAWSOOL,ISM_MAWSOOL|ISM_MABNI|HARF,Certificate,MASAQ:51,Certificate,harf_vs_mawsool
11,27,21,وَمَا,وما,الرَّأْيِ,نَرَى,HARF,ISM_MAWSOOL,ISM_MAWSOOL|ISM_MABNI|HARF,Certificate,MASAQ:51,Certificate,harf_vs_mawsool
11,29,11,وَمَا,وما,اللَّهِ,أَنَا,HARF,ISM_MAWSOOL,ISM_MAWSOOL|ISM_MABNI|HARF,Certificate,MASAQ:51,Certificate,harf_vs_mawsool
11,30,2,مَنْ,من,وَيَاقَوْمِ,يَنْصُرُنِي,HARF,ISM_MAWSOOL,ISM_MAWSOOL|ISM_MABNI|HARF,Hypothesis,registry-exact-hypothesis:exact:02_mabniyat/relative_pronoun,Hypothesis,harf_vs_mawsool
11,31,24,أَعْلَمُ,أعلم,اللَّهُ,بِمَا,ISM_MUARAB,FIIL,,Certificate,MASAQ:477,Certificate,noun_misread_as_verb
11,31,29,إِذَاً,إذا,إِنِّي,لَمِنَ,HARF,ISM_MABNI,ISM_MABNI,Certificate,registry:plain:02_mabniyat/built_in_adverbs.json#21,Certificate,harf_vs_mabni
11,32,3,قَدْ,قد,يَانُوحُ,جَادَلْتَنَا,HARF,ISM_MABNI,ISM_MABNI|FIIL,Hypothesis,registry-exact-hypothesis:exact:02_mabniyat/verb_name.json#9,Hypothesis,harf_vs_mabni
11,33,8,وَمَا,وما,شَاءَ,أَنْتُمْ,HARF,ISM_MAWSOOL,ISM_MAWSOOL|ISM_MABNI|HARF,Certificate,MASAQ:51,Certificate,harf_vs_mawsool
11,36,11,قَدْ,قد,مَنْ,آمَنَ,HARF,ISM_MABNI,ISM_MABNI|FIIL,Hypothesis,registry-exact-hypothesis:exact:02_mabniyat/verb_name.json#9,Hypothesis,harf_vs_mabni
11,39,3,مَنْ,من,تَعْلَمُونَ,يَأْتِيهِ,HARF,ISM_MAWSOOL,ISM_MAWSOOL|ISM_MABNI|HARF,Hypothesis,registry-exact-hypothesis:exact:02_mabniyat/relative_pronoun,Hypothesis,harf_vs_mawsool
11,40,2,إِذَا,إذا,حَتَّى,جَاءَ,HARF,ISM_MABNI,ISM_MABNI,Certificate,registry:exact:02_mabniyat/built_in_adverbs.json#21,Certificate,harf_vs_mabni
11,40,20,وَمَنْ,ومن,الْقَوْلُ,آمَنَ,ISM_MAWSOOL,HARF,ISM_MAWSOOL|ISM_MABNI|HARF,Certificate,MASAQ:1895,Certificate,ISM_MAWSOOL_to_HARF
11,40,22,وَمَا,وما,آمَنَ,آمَنَ,HARF,ISM_MAWSOOL,ISM_MAWSOOL|ISM_MABNI|HARF,Certificate,MASAQ:51,Certificate,harf_vs_mawsool
11,45,5,رَبِّ,رب,فَقَالَ,إِنَّ,ISM_MUARAB,HARF,HARF,Certificate,registry:plain:02_mabniyat/preposition_meanings.json#40,Certificate,ISM_MUARAB_to_HARF
11,47,2,رَبِّ,رب,قَالَ,إِنِّي,ISM_MUARAB,HARF,HARF,Certificate,registry:plain:02_mabniyat/preposition_meanings.json#40,Certificate,ISM_MUARAB_to_HARF
11,48,7,عَلَيْكَ,عليك,وَبَرَكَاتٍ,وَعَلَى,HARF,ISM_MABNI,ISM_MABNI|FIIL,Hypothesis,registry-exact-hypothesis:exact:02_mabniyat/verb_name.json#8,Hypothesis,harf_vs_mabni
11,48,14,ثُمَّ,ثم,سَنُمَتِّعُهُمْ,يَمَسُّهُمْ,HARF,ISM_MABNI,ISM_MABNI,Hypothesis,registry-exact-hypothesis:exact:02_mabniyat/built_in_adverbs,Hypothesis,harf_vs_mabni
11,49,7,مَا,ما,إِلَيْكَ,كُنْتَ,HARF,ISM_MAWSOOL,ISM_MAWSOOL|ISM_MABNI|HARF,Hypothesis,registry-exact-hypothesis:exact:02_mabniyat/relative_pronoun,Hypothesis,harf_vs_mawsool
11,50,2,عَادٍ,عاد,وَإِلَى,أَخَاهُمْ,JAMID,ISM_MUARAB,,Certificate,MASAQ:3127,Certificate,proper_misclassified
11,50,9,مَا,ما,اللَّهَ,لَكُمْ,HARF,ISM_MAWSOOL,ISM_MAWSOOL|ISM_MABNI|HARF,Hypothesis,registry-exact-hypothesis:exact:02_mabniyat/relative_pronoun,Hypothesis,harf_vs_mawsool
11,52,4,ثُمَّ,ثم,رَبَّكُمْ,تُوبُوا,HARF,ISM_MABNI,ISM_MABNI,Hypothesis,registry-exact-hypothesis:exact:02_mabniyat/built_in_adverbs,Hypothesis,harf_vs_mabni
11,53,3,مَا,ما,يَاهُودُ,جِئْتَنَا,HARF,ISM_MAWSOOL,ISM_MAWSOOL|ISM_MABNI|HARF,Hypothesis,registry-exact-hypothesis:exact:02_mabniyat/relative_pronoun,Hypothesis,harf_vs_mawsool
11,53,6,وَمَا,وما,بِبَيِّنَةٍ,نَحْنُ,HARF,ISM_MAWSOOL,ISM_MAWSOOL|ISM_MABNI|HARF,Certificate,MASAQ:51,Certificate,harf_vs_mawsool
11,53,12,وَمَا,وما,قَوْلِكَ,نَحْنُ,HARF,ISM_MAWSOOL,ISM_MAWSOOL|ISM_MABNI|HARF,Certificate,MASAQ:51,Certificate,harf_vs_mawsool
11,55,5,ثُمَّ,ثم,جَمِيعَاً,لَا,HARF,ISM_MABNI,ISM_MABNI,Hypothesis,registry-exact-hypothesis:exact:02_mabniyat/built_in_adverbs,Hypothesis,harf_vs_mabni
11,56,7,مَا,ما,وَرَبِّكُمْ,مِنْ,HARF,ISM_MAWSOOL,ISM_MAWSOOL|ISM_MABNI|HARF,Hypothesis,registry-exact-hypothesis:exact:02_mabniyat/relative_pronoun,Hypothesis,harf_vs_mawsool
11,61,9,مَا,ما,اللَّهَ,لَكُمْ,HARF,ISM_MAWSOOL,ISM_MAWSOOL|ISM_MABNI|HARF,Hypothesis,registry-exact-hypothesis:exact:02_mabniyat/relative_pronoun,Hypothesis,harf_vs_mawsool
11,61,21,ثُمَّ,ثم,فَاسْتَغْفِرُوهُ,تُوبُوا,HARF,ISM_MABNI,ISM_MABNI,Hypothesis,registry-exact-hypothesis:exact:02_mabniyat/built_in_adverbs,Hypothesis,harf_vs_mabni
11,62,3,قَدْ,قد,يَاصَالِحُ,كُنْتَ,HARF,ISM_MABNI,ISM_MABNI|FIIL,Hypothesis,registry-exact-hypothesis:exact:02_mabniyat/verb_name.json#9,Hypothesis,harf_vs_mabni
11,76,6,قَدْ,قد,إِنَّهُ,جَاءَ,HARF,ISM_MABNI,ISM_MABNI|FIIL,Hypothesis,registry-exact-hypothesis:exact:02_mabniyat/verb_name.json#9,Hypothesis,harf_vs_mabni
11,79,4,مَا,ما,عَلِمْتَ,لَنَا,HARF,ISM_MAWSOOL,ISM_MAWSOOL|ISM_MABNI|HARF,Hypothesis,registry-exact-hypothesis:exact:02_mabniyat/relative_pronoun,Hypothesis,harf_vs_mawsool
11,83,4,وَمَا,وما,رَبِّكَ,هِيَ,HARF,ISM_MAWSOOL,ISM_MAWSOOL|ISM_MABNI|HARF,Certificate,MASAQ:51,Certificate,harf_vs_mawsool
11,86,8,وَمَا,وما,مُؤْمِنِينَ,أَنَا,HARF,ISM_MAWSOOL,ISM_MAWSOOL|ISM_MABNI|HARF,Certificate,MASAQ:51,Certificate,harf_vs_mawsool
11,88,14,وَمَا,وما,حَسَنَاً,أُرِيدُ,HARF,ISM_MAWSOOL,ISM_MAWSOOL|ISM_MABNI|HARF,Certificate,MASAQ:51,Certificate,harf_vs_mawsool
11,88,28,وَمَا,وما,اسْتَطَعْتُ,تَوْفِيقِي,HARF,ISM_MAWSOOL,ISM_MAWSOOL|ISM_MABNI|HARF,Certificate,MASAQ:51,Certificate,harf_vs_mawsool
11,89,17,صَالِحٍ,صالح,قَوْمَ,وَمَا,JAMID,ISM_MUARAB,,Certificate,MASAQ:29025,Certificate,proper_misclassified
11,89,18,وَمَا,وما,صَالِحٍ,قَوْمُ,HARF,ISM_MAWSOOL,ISM_MAWSOOL|ISM_MABNI|HARF,Certificate,MASAQ:51,Certificate,harf_vs_mawsool
11,90,3,ثُمَّ,ثم,رَبَّكُمْ,تُوبُوا,HARF,ISM_MABNI,ISM_MABNI,Hypothesis,registry-exact-hypothesis:exact:02_mabniyat/built_in_adverbs,Hypothesis,harf_vs_mabni
11,91,15,وَمَا,وما,لَرَجَمْنَاكَ,أَنْتَ,HARF,ISM_MAWSOOL,ISM_MAWSOOL|ISM_MABNI|HARF,Certificate,MASAQ:51,Certificate,harf_vs_mawsool
11,93,13,وَمَنْ,ومن,يُخْزِيهِ,هُوَ,ISM_MAWSOOL,HARF,ISM_MAWSOOL|ISM_MABNI|HARF,Certificate,MASAQ:1895,Certificate,ISM_MAWSOOL_to_HARF
11,97,7,وَمَا,وما,فِرْعَوْنَ,أَمْرُ,HARF,ISM_MAWSOOL,ISM_MAWSOOL|ISM_MABNI|HARF,Certificate,MASAQ:51,Certificate,harf_vs_mawsool
11,100,6,عَلَيْكَ,عليك,نَقُصُّهُ,مِنْهَا,HARF,ISM_MABNI,ISM_MABNI|FIIL,Hypothesis,registry-exact-hypothesis:exact:02_mabniyat/verb_name.json#8,Hypothesis,harf_vs_mabni
11,101,1,وَمَا,وما,,ظَلَمْنَاهُمْ,HARF,ISM_MAWSOOL,ISM_MAWSOOL|ISM_MABNI|HARF,Certificate,MASAQ:51,Certificate,harf_vs_mawsool
11,101,17,لَمَّا,لما,شَيْءٍ,جَاءَ,HARF,ISM_MABNI,ISM_MABNI|HARF,Hypothesis,registry-exact-hypothesis:exact:02_mabniyat/conditional_lett,Hypothesis,harf_vs_mabni
11,101,21,وَمَا,وما,رَبِّكَ,زَادُوهُمْ,HARF,ISM_MAWSOOL,ISM_MAWSOOL|ISM_MABNI|HARF,Certificate,MASAQ:51,Certificate,harf_vs_mawsool
11,102,4,إِذَا,إذا,رَبِّكَ,أَخَذَ,HARF,ISM_MABNI,ISM_MABNI,Certificate,registry:exact:02_mabniyat/built_in_adverbs.json#21,Certificate,harf_vs_mabni
11,104,1,وَمَا,وما,,نُؤَخِّرُهُ,HARF,ISM_MAWSOOL,ISM_MAWSOOL|ISM_MABNI|HARF,Certificate,MASAQ:51,Certificate,harf_vs_mawsool
11,109,8,مَا,ما,هَؤُلَاءِ,يَعْبُدُونَ,HARF,ISM_MAWSOOL,ISM_MAWSOOL|ISM_MABNI|HARF,Hypothesis,registry-exact-hypothesis:exact:02_mabniyat/relative_pronoun,Hypothesis,harf_vs_mawsool
11,111,2,كُلَّاً,كلا,وَإِنَّ,لَمَّا,ISM_MUARAB,HARF,HARF,Certificate,registry:plain:02_mabniyat/letters_answers.json#9,Certificate,ISM_MUARAB_to_HARF
11,111,3,لَمَّا,لما,كُلَّاً,لَيُوَفِّيَنَّهُمْ,HARF,ISM_MABNI,ISM_MABNI|HARF,Hypothesis,registry-exact-hypothesis:exact:02_mabniyat/conditional_lett,Hypothesis,harf_vs_mabni
11,112,4,وَمَنْ,ومن,أُمِرْتَ,تَابَ,ISM_MAWSOOL,HARF,ISM_MAWSOOL|ISM_MABNI|HARF,Certificate,MASAQ:1895,Certificate,ISM_MAWSOOL_to_HARF
11,113,8,وَمَا,وما,النَّارُ,لَكُمْ,HARF,ISM_MAWSOOL,ISM_MAWSOOL|ISM_MABNI|HARF,Certificate,MASAQ:51,Certificate,harf_vs_mawsool
11,113,15,ثُمَّ,ثم,أَوْلِيَاءَ,لَا,HARF,ISM_MABNI,ISM_MABNI,Hypothesis,registry-exact-hypothesis:exact:02_mabniyat/built_in_adverbs,Hypothesis,harf_vs_mabni
11,117,1,وَمَا,وما,,كَانَ,HARF,ISM_MAWSOOL,ISM_MAWSOOL|ISM_MABNI|HARF,Certificate,MASAQ:51,Certificate,harf_vs_mawsool
11,120,3,عَلَيْكَ,عليك,نَقُصُّ,مِنْ,HARF,ISM_MABNI,ISM_MABNI|FIIL,Hypothesis,registry-exact-hypothesis:exact:02_mabniyat/verb_name.json#8,Hypothesis,harf_vs_mabni
11,123,12,وَمَا,وما,عَلَيْهِ,رَبُّكَ,HARF,ISM_MAWSOOL,ISM_MAWSOOL|ISM_MABNI|HARF,Certificate,MASAQ:51,Certificate,harf_vs_mawsool
12,3,3,عَلَيْكَ,عليك,نَقُصُّ,أَحْسَنَ,HARF,ISM_MABNI,ISM_MABNI|FIIL,Hypothesis,registry-exact-hypothesis:exact:02_mabniyat/verb_name.json#8,Hypothesis,harf_vs_mabni
12,4,1,إِذْ,إذ,,قَالَ,HARF,ISM_MABNI,ISM_MABNI,Certificate,registry:exact:02_mabniyat/built_in_adverbs.json#13,Certificate,harf_vs_mabni
12,6,10,عَلَيْكَ,عليك,نِعْمَتَهُ,وَعَلَى,HARF,ISM_MABNI,ISM_MABNI|FIIL,Hypothesis,registry-exact-hypothesis:exact:02_mabniyat/verb_name.json#8,Hypothesis,harf_vs_mabni
12,8,1,إِذْ,إذ,,قَالُوا,HARF,ISM_MABNI,ISM_MABNI,Certificate,registry:exact:02_mabniyat/built_in_adverbs.json#13,Certificate,harf_vs_mabni
12,12,3,غَدَاً,غدا,مَعَنَا,يَرْتَعْ,HARF,ISM_MABNI,ISM_MABNI,Certificate,registry:plain:02_mabniyat/built_in_adverbs.json#5,Certificate,harf_vs_mabni
12,14,8,إِذَاً,إذا,إِنَّا,لَخَاسِرُونَ,HARF,ISM_MABNI,ISM_MABNI,Certificate,registry:plain:02_mabniyat/built_in_adverbs.json#21,Certificate,harf_vs_mabni
12,17,12,وَمَا,وما,الذِّئْبُ,أَنْتَ,HARF,ISM_MAWSOOL,ISM_MAWSOOL|ISM_MABNI|HARF,Certificate,MASAQ:51,Certificate,harf_vs_mawsool
12,25,9,لَدَى,لدى,سَيِّدَهَا,الْبَابِ,HARF,ISM_MABNI,ISM_MABNI,Certificate,registry:exact:02_mabniyat/built_in_adverbs.json#15,Certificate,harf_vs_mabni
12,30,11,قَدْ,قد,نَفْسِهِ,شَغَفَهَا,HARF,ISM_MABNI,ISM_MABNI|FIIL,Hypothesis,registry-exact-hypothesis:exact:02_mabniyat/verb_name.json#9,Hypothesis,harf_vs_mabni
12,31,25,مَا,ما,لِلَّهِ,هَذَا,HARF,ISM_MAWSOOL,ISM_MAWSOOL|ISM_MABNI|HARF,Hypothesis,registry-exact-hypothesis:exact:02_mabniyat/relative_pronoun,Hypothesis,harf_vs_mawsool
12,33,2,رَبِّ,رب,قَالَ,السِّجْنُ,ISM_MUARAB,HARF,HARF,Certificate,registry:plain:02_mabniyat/preposition_meanings.json#40,Certificate,ISM_MUARAB_to_HARF
12,33,5,إِلَيَّ,إلي,أَحَبُّ,مِمَّا,HARF,ISM_MABNI,ISM_MABNI|FIIL,Hypothesis,registry-exact-hypothesis:exact:02_mabniyat/verb_name.json#8,Hypothesis,harf_vs_mabni
12,35,1,ثُمَّ,ثم,,بَدَا,HARF,ISM_MABNI,ISM_MABNI,Hypothesis,registry-exact-hypothesis:exact:02_mabniyat/built_in_adverbs,Hypothesis,harf_vs_mabni
12,35,11,حِينٍ,حين,حَتَّى,,HARF,ISM_MUARAB,,Certificate,MASAQ:581,Certificate,HARF_to_ISM_MUARAB
12,38,7,مَا,ما,وَيَعْقُوبَ,كَانَ,HARF,ISM_MAWSOOL,ISM_MAWSOOL|ISM_MABNI|HARF,Hypothesis,registry-exact-hypothesis:exact:02_mabniyat/relative_pronoun,Hypothesis,harf_vs_mawsool
12,40,1,مَا,ما,,تَعْبُدُونَ,HARF,ISM_MAWSOOL,ISM_MAWSOOL|ISM_MABNI|HARF,Hypothesis,registry-exact-hypothesis:exact:02_mabniyat/relative_pronoun,Hypothesis,harf_vs_mawsool
12,40,10,مَا,ما,وَآبَاؤُكُمْ,أَنْزَلَ,HARF,ISM_MAWSOOL,ISM_MAWSOOL|ISM_MABNI|HARF,Hypothesis,registry-exact-hypothesis:exact:02_mabniyat/relative_pronoun,Hypothesis,harf_vs_mawsool
12,42,3,ظَنَّ,ظن,لِلَّذِي,أَنَّهُ,FIIL,ISM_MUARAB,,Certificate,MASAQ:8761,Certificate,verb_misread_as_noun
12,44,4,وَمَا,وما,أَحْلَامٍ,نَحْنُ,HARF,ISM_MAWSOOL,ISM_MAWSOOL|ISM_MABNI|HARF,Certificate,MASAQ:51,Certificate,harf_vs_mawsool
12,46,2,أَيُّهَا,أيها,يُوسُفُ,الصِّدِّيقُ,ISM_MAWSOOL,HARF,HARF,Certificate,registry:exact:02_mabniyat/vocative_particles.json#6,Certificate,ISM_MAWSOOL_to_HARF
12,48,1,ثُمَّ,ثم,,يَأْتِي,HARF,ISM_MABNI,ISM_MABNI,Hypothesis,registry-exact-hypothesis:exact:02_mabniyat/built_in_adverbs,Hypothesis,harf_vs_mabni
12,49,1,ثُمَّ,ثم,,يَأْتِي,HARF,ISM_MABNI,ISM_MABNI,Hypothesis,registry-exact-hypothesis:exact:02_mabniyat/built_in_adverbs,Hypothesis,harf_vs_mabni
12,51,4,إِذْ,إذ,خَطْبُكُنَّ,رَاوَدْتُنَّ,HARF,ISM_MABNI,ISM_MABNI,Certificate,registry:exact:02_mabniyat/built_in_adverbs.json#13,Certificate,harf_vs_mabni
12,51,12,مَا,ما,لِلَّهِ,عَلِمْنَا,HARF,ISM_MAWSOOL,ISM_MAWSOOL|ISM_MABNI|HARF,Hypothesis,registry-exact-hypothesis:exact:02_mabniyat/relative_pronoun,Hypothesis,harf_vs_mawsool
12,51,20,الْآنَ,الآن,الْعَزِيزِ,حَصْحَصَ,HARF,ISM_MABNI,ISM_MABNI,Certificate,registry:plain:02_mabniyat/built_in_adverbs.json#4,Certificate,harf_vs_mabni
12,53,1,وَمَا,وما,,أُبَرِّئُ,HARF,ISM_MAWSOOL,ISM_MAWSOOL|ISM_MABNI|HARF,Certificate,MASAQ:51,Certificate,harf_vs_mawsool
12,56,8,حَيْثُ,حيث,مِنْهَا,يَشَاءُ,HARF,ISM_MABNI,ISM_MABNI,Certificate,registry:exact:02_mabniyat/built_in_adverbs.json#1,Certificate,harf_vs_mabni
12,62,9,إِذَا,إذا,يَعْرِفُونَهَا,انْقَلَبُوا,HARF,ISM_MABNI,ISM_MABNI,Certificate,registry:exact:02_mabniyat/built_in_adverbs.json#21,Certificate,harf_vs_mabni
12,65,10,مَا,ما,يَاأَبَانَا,نَبْغِي,HARF,ISM_MAWSOOL,ISM_MAWSOOL|ISM_MABNI|HARF,Hypothesis,registry-exact-hypothesis:exact:02_mabniyat/relative_pronoun,Hypothesis,harf_vs_mawsool
12,67,12,وَمَا,وما,مُتَفَرِّقَةٍ,أُغْنِي,HARF,ISM_MAWSOOL,ISM_MAWSOOL|ISM_MABNI|HARF,Certificate,MASAQ:51,Certificate,harf_vs_mawsool
12,68,4,حَيْثُ,حيث,مِنْ,أَمَرَهُمْ,HARF,ISM_MABNI,ISM_MABNI,Certificate,registry:exact:02_mabniyat/built_in_adverbs.json#1,Certificate,harf_vs_mabni
12,68,7,مَا,ما,أَبُوهُمْ,كَانَ,HARF,ISM_MAWSOOL,ISM_MAWSOOL|ISM_MABNI|HARF,Hypothesis,registry-exact-hypothesis:exact:02_mabniyat/relative_pronoun,Hypothesis,harf_vs_mawsool
12,69,5,آوَى,آوى,يُوسُفَ,إِلَيْهِ,FIIL,HARF,HARF,Certificate,registry:plain:02_mabniyat/letters_answers.json#6,Certificate,FIIL_to_HARF
12,70,9,ثُمَّ,ثم,أَخِيهِ,أَذَّنَ,HARF,ISM_MABNI,ISM_MABNI,Hypothesis,registry-exact-hypothesis:exact:02_mabniyat/built_in_adverbs,Hypothesis,harf_vs_mabni
12,71,4,مَاذَا,ماذا,عَلَيْهِمْ,تَفْقِدُونَ,HARF,ISM_MABNI,ISM_MABNI,Certificate,registry:plain:02_mabniyat/interrogative_tools_categories.js,Certificate,harf_vs_mabni
12,73,5,مَا,ما,عَلِمْتُمْ,جِئْنَا,HARF,ISM_MAWSOOL,ISM_MAWSOOL|ISM_MABNI|HARF,Hypothesis,registry-exact-hypothesis:exact:02_mabniyat/relative_pronoun,Hypothesis,harf_vs_mawsool
12,73,10,وَمَا,وما,الْأَرْضِ,كُنَّا,HARF,ISM_MAWSOOL,ISM_MAWSOOL|ISM_MABNI|HARF,Certificate,MASAQ:51,Certificate,harf_vs_mawsool
12,75,3,مَنْ,من,جَزَاؤُهُ,وُجِدَ,HARF,ISM_MAWSOOL,ISM_MAWSOOL|ISM_MABNI|HARF,Hypothesis,registry-exact-hypothesis:exact:02_mabniyat/relative_pronoun,Hypothesis,harf_vs_mawsool
12,76,6,ثُمَّ,ثم,أَخِيهِ,اسْتَخْرَجَهَا,HARF,ISM_MABNI,ISM_MABNI,Hypothesis,registry-exact-hypothesis:exact:02_mabniyat/built_in_adverbs,Hypothesis,harf_vs_mabni
12,76,14,مَا,ما,لِيُوسُفَ,كَانَ,HARF,ISM_MAWSOOL,ISM_MAWSOOL|ISM_MABNI|HARF,Hypothesis,registry-exact-hypothesis:exact:02_mabniyat/relative_pronoun,Hypothesis,harf_vs_mawsool
12,76,27,مَنْ,من,دَرَجَاتٍ,نَشَاءُ,HARF,ISM_MAWSOOL,ISM_MAWSOOL|ISM_MABNI|HARF,Hypothesis,registry-exact-hypothesis:exact:02_mabniyat/relative_pronoun,Hypothesis,harf_vs_mawsool
12,77,22,أَعْلَمُ,أعلم,وَاللَّهُ,بِمَا,ISM_MUARAB,FIIL,,Certificate,MASAQ:477,Certificate,noun_misread_as_verb
12,79,12,إِذَاً,إذا,إِنَّا,لَظَالِمُونَ,HARF,ISM_MABNI,ISM_MABNI,Certificate,registry:plain:02_mabniyat/built_in_adverbs.json#21,Certificate,harf_vs_mabni
12,80,12,قَدْ,قد,أَبَاكُمْ,أَخَذَ,HARF,ISM_MABNI,ISM_MABNI|FIIL,Hypothesis,registry-exact-hypothesis:exact:02_mabniyat/verb_name.json#9,Hypothesis,harf_vs_mabni
12,81,9,وَمَا,وما,سَرَقَ,شَهِدْنَا,HARF,ISM_MAWSOOL,ISM_MAWSOOL|ISM_MABNI|HARF,Certificate,MASAQ:51,Certificate,harf_vs_mawsool
12,81,14,وَمَا,وما,عَلِمْنَا,كُنَّا,HARF,ISM_MAWSOOL,ISM_MAWSOOL|ISM_MABNI|HARF,Certificate,MASAQ:51,Certificate,harf_vs_mawsool
12,89,8,إِذْ,إذ,وَأَخِيهِ,أَنْتُمْ,HARF,ISM_MABNI,ISM_MABNI,Certificate,registry:exact:02_mabniyat/built_in_adverbs.json#13,Certificate,harf_vs_mabni
12,90,10,قَدْ,قد,أَخِي,مَنَّ,HARF,ISM_MABNI,ISM_MABNI|FIIL,Hypothesis,registry-exact-hypothesis:exact:02_mabniyat/verb_name.json#9,Hypothesis,harf_vs_mabni
12,90,15,مَنْ,من,إِنَّهُ,يَتَّقِ,HARF,ISM_MAWSOOL,ISM_MAWSOOL|ISM_MABNI|HARF,Hypothesis,registry-exact-hypothesis:exact:02_mabniyat/relative_pronoun,Hypothesis,harf_vs_mawsool
12,99,5,آوَى,آوى,يُوسُفَ,إِلَيْهِ,FIIL,HARF,HARF,Certificate,registry:plain:02_mabniyat/letters_answers.json#6,Certificate,FIIL_to_HARF
12,100,15,قَدْ,قد,قَبْلُ,جَعَلَهَا,HARF,ISM_MABNI,ISM_MABNI|FIIL,Hypothesis,registry-exact-hypothesis:exact:02_mabniyat/verb_name.json#9,Hypothesis,harf_vs_mabni
12,100,22,إِذْ,إذ,بِي,أَخْرَجَنِي,HARF,ISM_MABNI,ISM_MABNI,Certificate,registry:exact:02_mabniyat/built_in_adverbs.json#13,Certificate,harf_vs_mabni
12,101,1,رَبِّ,رب,,قَدْ,ISM_MUARAB,HARF,HARF,Certificate,registry:plain:02_mabniyat/preposition_meanings.json#40,Certificate,ISM_MUARAB_to_HARF
12,101,2,قَدْ,قد,رَبِّ,آتَيْتَنِي,HARF,ISM_MABNI,ISM_MABNI|FIIL,Hypothesis,registry-exact-hypothesis:exact:02_mabniyat/verb_name.json#9,Hypothesis,harf_vs_mabni
12,102,7,وَمَا,وما,إِلَيْكَ,كُنْتَ,HARF,ISM_MAWSOOL,ISM_MAWSOOL|ISM_MABNI|HARF,Certificate,MASAQ:51,Certificate,harf_vs_mawsool
12,102,10,إِذْ,إذ,لَدَيْهِمْ,أَجْمَعُوا,HARF,ISM_MABNI,ISM_MABNI,Certificate,registry:exact:02_mabniyat/built_in_adverbs.json#13,Certificate,harf_vs_mabni
12,103,1,وَمَا,وما,,أَكْثَرُ,HARF,ISM_MAWSOOL,ISM_MAWSOOL|ISM_MABNI|HARF,Certificate,MASAQ:51,Certificate,harf_vs_mawsool
12,104,1,وَمَا,وما,,تَسْأَلُهُمْ,HARF,ISM_MAWSOOL,ISM_MAWSOOL|ISM_MABNI|HARF,Certificate,MASAQ:51,Certificate,harf_vs_mawsool
12,106,1,وَمَا,وما,,يُؤْمِنُ,HARF,ISM_MAWSOOL,ISM_MAWSOOL|ISM_MABNI|HARF,Certificate,MASAQ:51,Certificate,harf_vs_mawsool
12,108,14,وَمَا,وما,اللَّهِ,أَنَا,HARF,ISM_MAWSOOL,ISM_MAWSOOL|ISM_MABNI|HARF,Certificate,MASAQ:51,Certificate,harf_vs_mawsool
12,109,1,وَمَا,وما,,أَرْسَلْنَا,HARF,ISM_MAWSOOL,ISM_MAWSOOL|ISM_MABNI|HARF,Certificate,MASAQ:51,Certificate,harf_vs_mawsool
12,110,2,إِذَا,إذا,حَتَّى,اسْتَيْأَسَ,HARF,ISM_MABNI,ISM_MABNI,Certificate,registry:exact:02_mabniyat/built_in_adverbs.json#21,Certificate,harf_vs_mabni
12,110,7,قَدْ,قد,أَنَّهُمْ,كُذِبُوا,HARF,ISM_MABNI,ISM_MABNI|FIIL,Hypothesis,registry-exact-hypothesis:exact:02_mabniyat/verb_name.json#9,Hypothesis,harf_vs_mabni
12,111,8,مَا,ما,الْأَلْبَابِ,كَانَ,HARF,ISM_MAWSOOL,ISM_MAWSOOL|ISM_MABNI|HARF,Hypothesis,registry-exact-hypothesis:exact:02_mabniyat/relative_pronoun,Hypothesis,harf_vs_mawsool
13,2,8,ثُمَّ,ثم,تَرَوْنَهَا,اسْتَوَى,HARF,ISM_MABNI,ISM_MABNI,Hypothesis,registry-exact-hypothesis:exact:02_mabniyat/built_in_adverbs,Hypothesis,harf_vs_mabni
13,8,7,وَمَا,وما,أُنْثَى,تَغِيضُ,HARF,ISM_MAWSOOL,ISM_MAWSOOL|ISM_MABNI|HARF,Certificate,MASAQ:51,Certificate,harf_vs_mawsool
13,8,10,وَمَا,وما,الْأَرْحَامُ,تَزْدَادُ,HARF,ISM_MAWSOOL,ISM_MAWSOOL|ISM_MABNI|HARF,Certificate,MASAQ:51,Certificate,harf_vs_mawsool
13,10,6,وَمَنْ,ومن,الْقَوْلَ,جَهَرَ,ISM_MAWSOOL,HARF,ISM_MAWSOOL|ISM_MABNI|HARF,Certificate,MASAQ:1895,Certificate,ISM_MAWSOOL_to_HARF
13,10,9,وَمَنْ,ومن,بِهِ,هُوَ,ISM_MAWSOOL,HARF,ISM_MAWSOOL|ISM_MABNI|HARF,Certificate,MASAQ:1895,Certificate,ISM_MAWSOOL_to_HARF
13,11,30,وَمَا,وما,لَهُ,لَهُمْ,HARF,ISM_MAWSOOL,ISM_MAWSOOL|ISM_MABNI|HARF,Certificate,MASAQ:51,Certificate,harf_vs_mawsool
13,14,19,وَمَا,وما,فَاهُ,هُوَ,HARF,ISM_MAWSOOL,ISM_MAWSOOL|ISM_MABNI|HARF,Certificate,MASAQ:51,Certificate,harf_vs_mawsool
13,14,22,وَمَا,وما,بِبَالِغِهِ,دُعَاءُ,HARF,ISM_MAWSOOL,ISM_MAWSOOL|ISM_MABNI|HARF,Certificate,MASAQ:51,Certificate,harf_vs_mawsool
13,16,2,مَنْ,من,قُلْ,رَبُّ,HARF,ISM_MAWSOOL,ISM_MAWSOOL|ISM_MABNI|HARF,Hypothesis,registry-exact-hypothesis:exact:02_mabniyat/relative_pronoun,Hypothesis,harf_vs_mawsool
13,16,3,رَبُّ,رب,مَنْ,السَّمَاوَاتِ,ISM_MUARAB,HARF,HARF,Certificate,registry:plain:02_mabniyat/preposition_meanings.json#40,Certificate,ISM_MUARAB_to_HARF
13,23,4,وَمَنْ,ومن,يَدْخُلُونَهَا,صَلَحَ,ISM_MAWSOOL,HARF,ISM_MAWSOOL|ISM_MABNI|HARF,Certificate,MASAQ:1895,Certificate,ISM_MAWSOOL_to_HARF
13,26,10,وَمَا,وما,الدُّنْيَا,الْحَيَاةُ,HARF,ISM_MAWSOOL,ISM_MAWSOOL|ISM_MABNI|HARF,Certificate,MASAQ:51,Certificate,harf_vs_mawsool
13,30,5,قَدْ,قد,أُمَّةٍ,خَلَتْ,HARF,ISM_MABNI,ISM_MABNI|FIIL,Hypothesis,registry-exact-hypothesis:exact:02_mabniyat/verb_name.json#9,Hypothesis,harf_vs_mabni
13,32,9,ثُمَّ,ثم,كَفَرُوا,أَخَذْتُهُمْ,HARF,ISM_MABNI,ISM_MABNI,Hypothesis,registry-exact-hypothesis:exact:02_mabniyat/built_in_adverbs,Hypothesis,harf_vs_mabni
13,34,9,وَمَا,وما,أَشَقُّ,لَهُمْ,HARF,ISM_MAWSOOL,ISM_MAWSOOL|ISM_MABNI|HARF,Certificate,MASAQ:51,Certificate,harf_vs_mawsool
13,37,12,مَا,ما,الْعِلْمِ,لَكَ,HARF,ISM_MAWSOOL,ISM_MAWSOOL|ISM_MABNI|HARF,Hypothesis,registry-exact-hypothesis:exact:02_mabniyat/relative_pronoun,Hypothesis,harf_vs_mawsool
13,38,10,وَمَا,وما,وَذُرِّيَّةً,كَانَ,HARF,ISM_MAWSOOL,ISM_MAWSOOL|ISM_MABNI|HARF,Certificate,MASAQ:51,Certificate,harf_vs_mawsool
13,38,20,أَجَلٍ,أجل,لِكُلِّ,كِتَابٌ,ISM_MUARAB,HARF,HARF,Certificate,registry:plain:02_mabniyat/letters_answers.json#3,Certificate,ISM_MUARAB_to_HARF
13,40,10,عَلَيْكَ,عليك,فَإِنَّمَا,الْبَلَاغُ,HARF,ISM_MABNI,ISM_MABNI|FIIL,Hypothesis,registry-exact-hypothesis:exact:02_mabniyat/verb_name.json#8,Hypothesis,harf_vs_mabni
13,43,12,وَمَنْ,ومن,وَبَيْنَكُمْ,عِنْدَهُ,ISM_MAWSOOL,HARF,ISM_MAWSOOL|ISM_MABNI|HARF,Certificate,MASAQ:1895,Certificate,ISM_MAWSOOL_to_HARF
14,2,7,وَمَا,وما,السَّمَاوَاتِ,فِي,HARF,ISM_MAWSOOL,ISM_MAWSOOL|ISM_MABNI|HARF,Certificate,MASAQ:51,Certificate,harf_vs_mawsool
14,4,1,وَمَا,وما,,أَرْسَلْنَا,HARF,ISM_MAWSOOL,ISM_MAWSOOL|ISM_MABNI|HARF,Certificate,MASAQ:51,Certificate,harf_vs_mawsool
14,6,9,إِذْ,إذ,عَلَيْكُمْ,أَنْجَاكُمْ,HARF,ISM_MABNI,ISM_MABNI,Certificate,registry:exact:02_mabniyat/built_in_adverbs.json#13,Certificate,harf_vs_mabni
14,8,6,وَمَنْ,ومن,أَنْتُمْ,فِي,ISM_MAWSOOL,HARF,ISM_MAWSOOL|ISM_MABNI|HARF,Certificate,MASAQ:1895,Certificate,ISM_MAWSOOL_to_HARF
14,10,16,أَجَلٍ,أجل,إِلَى,مُسَمَّىً,ISM_MUARAB,HARF,HARF,Certificate,registry:plain:02_mabniyat/letters_answers.json#3,Certificate,ISM_MUARAB_to_HARF
14,11,17,وَمَا,وما,عِبَادِهِ,كَانَ,HARF,ISM_MAWSOOL,ISM_MAWSOOL|ISM_MABNI|HARF,Certificate,MASAQ:51,Certificate,harf_vs_mawsool
14,12,1,وَمَا,وما,,لَنَا,HARF,ISM_MAWSOOL,ISM_MAWSOOL|ISM_MABNI|HARF,Certificate,MASAQ:51,Certificate,harf_vs_mawsool
14,17,10,وَمَا,وما,مَكَانٍ,هُوَ,HARF,ISM_MAWSOOL,ISM_MAWSOOL|ISM_MABNI|HARF,Certificate,MASAQ:51,Certificate,harf_vs_mawsool
14,20,1,وَمَا,وما,,ذَلِكَ,HARF,ISM_MAWSOOL,ISM_MAWSOOL|ISM_MABNI|HARF,Certificate,MASAQ:51,Certificate,harf_vs_mawsool
14,21,31,مَا,ما,صَبَرْنَا,لَنَا,HARF,ISM_MAWSOOL,ISM_MAWSOOL|ISM_MABNI|HARF,Hypothesis,registry-exact-hypothesis:exact:02_mabniyat/relative_pronoun,Hypothesis,harf_vs_mawsool
14,22,3,لَمَّا,لما,الشَّيْطَانُ,قُضِيَ,HARF,ISM_MABNI,ISM_MABNI|HARF,Hypothesis,registry-exact-hypothesis:exact:02_mabniyat/conditional_lett,Hypothesis,harf_vs_mabni
14,22,13,وَمَا,وما,فَأَخْلَفْتُكُمْ,كَانَ,HARF,ISM_MAWSOOL,ISM_MAWSOOL|ISM_MABNI|HARF,Certificate,MASAQ:51,Certificate,harf_vs_mawsool
14,22,28,مَا,ما,أَنْفُسَكُمْ,أَنَا,HARF,ISM_MAWSOOL,ISM_MAWSOOL|ISM_MABNI|HARF,Hypothesis,registry-exact-hypothesis:exact:02_mabniyat/relative_pronoun,Hypothesis,harf_vs_mawsool
14,22,31,وَمَا,وما,بِمُصْرِخِكُمْ,أَنْتُمْ,HARF,ISM_MAWSOOL,ISM_MAWSOOL|ISM_MABNI|HARF,Certificate,MASAQ:51,Certificate,harf_vs_mawsool
14,26,10,مَا,ما,الْأَرْضِ,لَهَا,HARF,ISM_MAWSOOL,ISM_MAWSOOL|ISM_MABNI|HARF,Hypothesis,registry-exact-hypothesis:exact:02_mabniyat/relative_pronoun,Hypothesis,harf_vs_mawsool
14,35,4,رَبِّ,رب,إِبْرَاهِيمُ,اجْعَلْ,ISM_MUARAB,HARF,HARF,Certificate,registry:plain:02_mabniyat/preposition_meanings.json#40,Certificate,ISM_MUARAB_to_HARF
14,36,1,رَبِّ,رب,,إِنَّهُنَّ,ISM_MUARAB,HARF,HARF,Certificate,registry:plain:02_mabniyat/preposition_meanings.json#40,Certificate,ISM_MUARAB_to_HARF
14,38,6,وَمَا,وما,نُخْفِي,نُعْلِنُ,HARF,ISM_MAWSOOL,ISM_MAWSOOL|ISM_MABNI|HARF,Certificate,MASAQ:51,Certificate,harf_vs_mawsool
14,38,8,وَمَا,وما,نُعْلِنُ,يَخْفَى,HARF,ISM_MAWSOOL,ISM_MAWSOOL|ISM_MABNI|HARF,Certificate,MASAQ:51,Certificate,harf_vs_mawsool
14,40,1,رَبِّ,رب,,اجْعَلْنِي,ISM_MUARAB,HARF,HARF,Certificate,registry:plain:02_mabniyat/preposition_meanings.json#40,Certificate,ISM_MUARAB_to_HARF
14,44,12,أَجَلٍ,أجل,إِلَى,قَرِيبٍ,ISM_MUARAB,HARF,HARF,Certificate,registry:plain:02_mabniyat/letters_answers.json#3,Certificate,ISM_MUARAB_to_HARF
14,44,23,مَا,ما,قَبْلُ,لَكُمْ,HARF,ISM_MAWSOOL,ISM_MAWSOOL|ISM_MABNI|HARF,Hypothesis,registry-exact-hypothesis:exact:02_mabniyat/relative_pronoun,Hypothesis,harf_vs_mawsool
15,4,1,وَمَا,وما,,أَهْلَكْنَا,HARF,ISM_MAWSOOL,ISM_MAWSOOL|ISM_MABNI|HARF,Certificate,MASAQ:51,Certificate,harf_vs_mawsool
15,5,6,وَمَا,وما,أَجَلَهَا,يَسْتَأْخِرُونَ,HARF,ISM_MAWSOOL,ISM_MAWSOOL|ISM_MABNI|HARF,Certificate,MASAQ:51,Certificate,harf_vs_mawsool
15,8,1,مَا,ما,,نُنَزِّلُ,HARF,ISM_MAWSOOL,ISM_MAWSOOL|ISM_MABNI|HARF,Hypothesis,registry-exact-hypothesis:exact:02_mabniyat/relative_pronoun,Hypothesis,harf_vs_mawsool
15,8,6,وَمَا,وما,بِالْحَقِّ,كَانُوا,HARF,ISM_MAWSOOL,ISM_MAWSOOL|ISM_MABNI|HARF,Certificate,MASAQ:51,Certificate,harf_vs_mawsool
15,8,8,إِذَاً,إذا,كَانُوا,مُنْظَرِينَ,HARF,ISM_MABNI,ISM_MABNI,Certificate,registry:plain:02_mabniyat/built_in_adverbs.json#21,Certificate,harf_vs_mabni
15,11,1,وَمَا,وما,,يَأْتِيهِمْ,HARF,ISM_MAWSOOL,ISM_MAWSOOL|ISM_MABNI|HARF,Certificate,MASAQ:51,Certificate,harf_vs_mawsool
15,20,5,وَمَنْ,ومن,مَعَايِشَ,لَسْتُمْ,ISM_MAWSOOL,HARF,ISM_MAWSOOL|ISM_MABNI|HARF,Certificate,MASAQ:1895,Certificate,ISM_MAWSOOL_to_HARF
15,21,7,وَمَا,وما,خَزَائِنُهُ,نُنَزِّلُهُ,HARF,ISM_MAWSOOL,ISM_MAWSOOL|ISM_MABNI|HARF,Certificate,MASAQ:51,Certificate,harf_vs_mawsool
15,22,9,وَمَا,وما,فَأَسْقَيْنَاكُمُوهُ,أَنْتُمْ,HARF,ISM_MAWSOOL,ISM_MAWSOOL|ISM_MABNI|HARF,Certificate,MASAQ:51,Certificate,harf_vs_mawsool
15,35,2,عَلَيْكَ,عليك,وَإِنَّ,اللَّعْنَةَ,HARF,ISM_MABNI,ISM_MABNI|FIIL,Hypothesis,registry-exact-hypothesis:exact:02_mabniyat/verb_name.json#8,Hypothesis,harf_vs_mabni
15,36,2,رَبِّ,رب,قَالَ,فَأَنْظِرْنِي,ISM_MUARAB,HARF,HARF,Certificate,registry:plain:02_mabniyat/preposition_meanings.json#40,Certificate,ISM_MUARAB_to_HARF
15,39,2,رَبِّ,رب,قَالَ,بِمَا,ISM_MUARAB,HARF,HARF,Certificate,registry:plain:02_mabniyat/preposition_meanings.json#40,Certificate,ISM_MUARAB_to_HARF
15,42,8,مَنِ,من,إِلَّا,اتَّبَعَكَ,HARF,ISM_MAWSOOL,ISM_MAWSOOL|ISM_MABNI|HARF,Certificate,MASAQ:3539,Certificate,harf_vs_mawsool
15,48,5,وَمَا,وما,نَصَبٌ,هُمْ,HARF,ISM_MAWSOOL,ISM_MAWSOOL|ISM_MABNI|HARF,Certificate,MASAQ:51,Certificate,harf_vs_mawsool
15,52,1,إِذْ,إذ,,دَخَلُوا,HARF,ISM_MABNI,ISM_MABNI,Certificate,registry:exact:02_mabniyat/built_in_adverbs.json#13,Certificate,harf_vs_mabni
15,57,4,أَيُّهَا,أيها,خَطْبُكُمْ,الْمُرْسَلُونَ,ISM_MAWSOOL,HARF,HARF,Certificate,registry:exact:02_mabniyat/vocative_particles.json#6,Certificate,ISM_MAWSOOL_to_HARF
15,65,13,حَيْثُ,حيث,وَامْضُوا,تُؤْمَرُونَ,HARF,ISM_MABNI,ISM_MABNI,Certificate,registry:exact:02_mabniyat/built_in_adverbs.json#1,Certificate,harf_vs_mabni
15,85,1,وَمَا,وما,,خَلَقْنَا,HARF,ISM_MAWSOOL,ISM_MAWSOOL|ISM_MABNI|HARF,Certificate,MASAQ:51,Certificate,harf_vs_mawsool
15,85,5,وَمَا,وما,وَالْأَرْضَ,بَيْنَهُمَا,HARF,ISM_MAWSOOL,ISM_MAWSOOL|ISM_MABNI|HARF,Certificate,MASAQ:51,Certificate,harf_vs_mawsool
16,13,1,وَمَا,وما,,ذَرَأَ,HARF,ISM_MAWSOOL,ISM_MAWSOOL|ISM_MABNI|HARF,Certificate,MASAQ:51,Certificate,harf_vs_mawsool
16,19,5,وَمَا,وما,تُسِرُّونَ,تُعْلِنُونَ,HARF,ISM_MAWSOOL,ISM_MAWSOOL|ISM_MABNI|HARF,Certificate,MASAQ:51,Certificate,harf_vs_mawsool
16,21,4,وَمَا,وما,أَحْيَاءٍ,يَشْعُرُونَ,HARF,ISM_MAWSOOL,ISM_MAWSOOL|ISM_MABNI|HARF,Certificate,MASAQ:51,Certificate,harf_vs_mawsool
16,23,8,وَمَا,وما,يُسِرُّونَ,يُعْلِنُونَ,HARF,ISM_MAWSOOL,ISM_MAWSOOL|ISM_MABNI|HARF,Certificate,MASAQ:51,Certificate,harf_vs_mawsool
16,24,4,مَاذَا,ماذا,لَهُمْ,أَنْزَلَ,HARF,ISM_MABNI,ISM_MABNI,Certificate,registry:plain:02_mabniyat/interrogative_tools_categories.js,Certificate,harf_vs_mabni
16,26,1,قَدْ,قد,,مَكَرَ,HARF,ISM_MABNI,ISM_MABNI|FIIL,Hypothesis,registry-exact-hypothesis:exact:02_mabniyat/verb_name.json#9,Hypothesis,harf_vs_mabni
16,26,19,حَيْثُ,حيث,مِنْ,لَا,HARF,ISM_MABNI,ISM_MABNI,Certificate,registry:exact:02_mabniyat/built_in_adverbs.json#1,Certificate,harf_vs_mabni
16,27,1,ثُمَّ,ثم,,يَوْمَ,HARF,ISM_MABNI,ISM_MABNI,Hypothesis,registry-exact-hypothesis:exact:02_mabniyat/built_in_adverbs,Hypothesis,harf_vs_mabni
16,28,8,مَا,ما,السَّلَمَ,كُنَّا,HARF,ISM_MAWSOOL,ISM_MAWSOOL|ISM_MABNI|HARF,Hypothesis,registry-exact-hypothesis:exact:02_mabniyat/relative_pronoun,Hypothesis,harf_vs_mawsool
16,30,4,مَاذَا,ماذا,اتَّقَوْا,أَنْزَلَ,HARF,ISM_MABNI,ISM_MABNI,Certificate,registry:plain:02_mabniyat/interrogative_tools_categories.js,Certificate,harf_vs_mabni
16,33,16,وَمَا,وما,قَبْلِهِمْ,ظَلَمَهُمُ,HARF,ISM_MAWSOOL,ISM_MAWSOOL|ISM_MABNI|HARF,Certificate,MASAQ:51,Certificate,harf_vs_mawsool
16,35,7,مَا,ما,اللَّهُ,عَبَدْنَا,HARF,ISM_MAWSOOL,ISM_MAWSOOL|ISM_MABNI|HARF,Hypothesis,registry-exact-hypothesis:exact:02_mabniyat/relative_pronoun,Hypothesis,harf_vs_mawsool
16,37,11,وَمَا,وما,يُضِلُّ,لَهُمْ,HARF,ISM_MAWSOOL,ISM_MAWSOOL|ISM_MABNI|HARF,Certificate,MASAQ:51,Certificate,harf_vs_mawsool
16,40,4,إِذَا,إذا,لِشَيْءٍ,أَرَدْنَاهُ,HARF,ISM_MABNI,ISM_MABNI,Certificate,registry:exact:02_mabniyat/built_in_adverbs.json#21,Certificate,harf_vs_mabni
16,43,1,وَمَا,وما,,أَرْسَلْنَا,HARF,ISM_MAWSOOL,ISM_MAWSOOL|ISM_MABNI|HARF,Certificate,MASAQ:51,Certificate,harf_vs_mawsool
16,45,14,حَيْثُ,حيث,مِنْ,لَا,HARF,ISM_MABNI,ISM_MABNI,Certificate,registry:exact:02_mabniyat/built_in_adverbs.json#1,Certificate,harf_vs_mabni
16,49,6,وَمَا,وما,السَّمَاوَاتِ,فِي,HARF,ISM_MAWSOOL,ISM_MAWSOOL|ISM_MABNI|HARF,Certificate,MASAQ:51,Certificate,harf_vs_mawsool
16,53,1,وَمَا,وما,,بِكُمْ,HARF,ISM_MAWSOOL,ISM_MAWSOOL|ISM_MABNI|HARF,Certificate,MASAQ:51,Certificate,harf_vs_mawsool
16,53,7,ثُمَّ,ثم,اللَّهِ,إِذَا,HARF,ISM_MABNI,ISM_MABNI,Hypothesis,registry-exact-hypothesis:exact:02_mabniyat/built_in_adverbs,Hypothesis,harf_vs_mabni
16,53,8,إِذَا,إذا,ثُمَّ,مَسَّكُمُ,HARF,ISM_MABNI,ISM_MABNI,Certificate,registry:exact:02_mabniyat/built_in_adverbs.json#21,Certificate,harf_vs_mabni
16,54,1,ثُمَّ,ثم,,إِذَا,HARF,ISM_MABNI,ISM_MABNI,Hypothesis,registry-exact-hypothesis:exact:02_mabniyat/built_in_adverbs,Hypothesis,harf_vs_mabni
16,54,2,إِذَا,إذا,ثُمَّ,كَشَفَ,HARF,ISM_MABNI,ISM_MABNI,Certificate,registry:exact:02_mabniyat/built_in_adverbs.json#21,Certificate,harf_vs_mabni
16,54,6,إِذَا,إذا,عَنْكُمْ,فَرِيقٌ,HARF,ISM_MABNI,ISM_MABNI,Certificate,registry:exact:02_mabniyat/built_in_adverbs.json#21,Certificate,harf_vs_mabni
16,61,6,مَا,ما,بِظُلْمِهِمْ,تَرَكَ,HARF,ISM_MAWSOOL,ISM_MAWSOOL|ISM_MABNI|HARF,Hypothesis,registry-exact-hypothesis:exact:02_mabniyat/relative_pronoun,Hypothesis,harf_vs_mawsool
16,61,14,أَجَلٍ,أجل,إِلَى,مُسَمَّىً,ISM_MUARAB,HARF,HARF,Certificate,registry:plain:02_mabniyat/letters_answers.json#3,Certificate,ISM_MUARAB_to_HARF
16,64,1,وَمَا,وما,,أَنْزَلْنَا,HARF,ISM_MAWSOOL,ISM_MAWSOOL|ISM_MABNI|HARF,Certificate,MASAQ:51,Certificate,harf_vs_mawsool
16,64,3,عَلَيْكَ,عليك,أَنْزَلْنَا,الْكِتَابَ,HARF,ISM_MABNI,ISM_MABNI|FIIL,Hypothesis,registry-exact-hypothesis:exact:02_mabniyat/verb_name.json#8,Hypothesis,harf_vs_mabni
16,69,1,ثُمَّ,ثم,,كُلِي,HARF,ISM_MABNI,ISM_MABNI,Hypothesis,registry-exact-hypothesis:exact:02_mabniyat/built_in_adverbs,Hypothesis,harf_vs_mabni
16,70,3,ثُمَّ,ثم,خَلَقَكُمْ,يَتَوَفَّاكُمْ,HARF,ISM_MABNI,ISM_MABNI,Hypothesis,registry-exact-hypothesis:exact:02_mabniyat/built_in_adverbs,Hypothesis,harf_vs_mabni
16,76,23,وَمَنْ,ومن,هُوَ,يَأْمُرُ,ISM_MAWSOOL,HARF,ISM_MAWSOOL|ISM_MABNI|HARF,Certificate,MASAQ:1895,Certificate,ISM_MAWSOOL_to_HARF
16,77,5,وَمَا,وما,وَالْأَرْضِ,أَمْرُ,HARF,ISM_MAWSOOL,ISM_MAWSOOL|ISM_MABNI|HARF,Certificate,MASAQ:51,Certificate,harf_vs_mawsool
16,77,6,أَمْرُ,أمر,وَمَا,السَّاعَةِ,FIIL,ISM_MUARAB,,Certificate,MASAQ:10824,Certificate,verb_misread_as_noun
16,79,9,مَا,ما,السَّمَاءِ,يُمْسِكُهُنَّ,HARF,ISM_MAWSOOL,ISM_MAWSOOL|ISM_MABNI|HARF,Hypothesis,registry-exact-hypothesis:exact:02_mabniyat/relative_pronoun,Hypothesis,harf_vs_mawsool
16,82,4,عَلَيْكَ,عليك,فَإِنَّمَا,الْبَلَاغُ,HARF,ISM_MABNI,ISM_MABNI|FIIL,Hypothesis,registry-exact-hypothesis:exact:02_mabniyat/verb_name.json#8,Hypothesis,harf_vs_mabni
16,83,4,ثُمَّ,ثم,اللَّهِ,يُنْكِرُونَهَا,HARF,ISM_MABNI,ISM_MABNI,Hypothesis,registry-exact-hypothesis:exact:02_mabniyat/built_in_adverbs,Hypothesis,harf_vs_mabni
16,84,7,ثُمَّ,ثم,شَهِيدَاً,لَا,HARF,ISM_MABNI,ISM_MABNI,Hypothesis,registry-exact-hypothesis:exact:02_mabniyat/built_in_adverbs,Hypothesis,harf_vs_mabni
16,89,16,عَلَيْكَ,عليك,وَنَزَّلْنَا,الْكِتَابَ,HARF,ISM_MABNI,ISM_MABNI|FIIL,Hypothesis,registry-exact-hypothesis:exact:02_mabniyat/verb_name.json#8,Hypothesis,harf_vs_mabni
16,91,4,إِذَا,إذا,اللَّهِ,عَاهَدْتُمْ,HARF,ISM_MABNI,ISM_MABNI,Certificate,registry:exact:02_mabniyat/built_in_adverbs.json#21,Certificate,harf_vs_mabni
16,96,4,وَمَا,وما,يَنْفَدُ,عِنْدَ,HARF,ISM_MAWSOOL,ISM_MAWSOOL|ISM_MABNI|HARF,Certificate,MASAQ:51,Certificate,harf_vs_mawsool
16,97,1,مَنْ,من,,عَمِلَ,HARF,ISM_MAWSOOL,ISM_MAWSOOL|ISM_MABNI|HARF,Hypothesis,registry-exact-hypothesis:exact:02_mabniyat/relative_pronoun,Hypothesis,harf_vs_mawsool
16,101,7,أَعْلَمُ,أعلم,وَاللَّهُ,بِمَا,ISM_MUARAB,FIIL,,Certificate,MASAQ:477,Certificate,noun_misread_as_verb
16,106,1,مَنْ,من,,كَفَرَ,HARF,ISM_MAWSOOL,ISM_MAWSOOL|ISM_MABNI|HARF,Hypothesis,registry-exact-hypothesis:exact:02_mabniyat/relative_pronoun,Hypothesis,harf_vs_mawsool
16,110,1,ثُمَّ,ثم,,إِنَّ,HARF,ISM_MABNI,ISM_MABNI,Hypothesis,registry-exact-hypothesis:exact:02_mabniyat/built_in_adverbs,Hypothesis,harf_vs_mabni
16,110,10,ثُمَّ,ثم,فُتِنُوا,جَاهَدُوا,HARF,ISM_MABNI,ISM_MABNI,Hypothesis,registry-exact-hypothesis:exact:02_mabniyat/built_in_adverbs,Hypothesis,harf_vs_mabni
16,115,8,وَمَا,وما,الْخِنْزِيرِ,أُهِلَّ,HARF,ISM_MAWSOOL,ISM_MAWSOOL|ISM_MABNI|HARF,Certificate,MASAQ:51,Certificate,harf_vs_mawsool
16,118,7,عَلَيْكَ,عليك,قَصَصْنَا,مِنْ,HARF,ISM_MABNI,ISM_MABNI|FIIL,Hypothesis,registry-exact-hypothesis:exact:02_mabniyat/verb_name.json#8,Hypothesis,harf_vs_mabni
16,118,10,وَمَا,وما,قَبْلُ,ظَلَمْنَاهُمْ,HARF,ISM_MAWSOOL,ISM_MAWSOOL|ISM_MABNI|HARF,Certificate,MASAQ:51,Certificate,harf_vs_mawsool
16,119,1,ثُمَّ,ثم,,إِنَّ,HARF,ISM_MABNI,ISM_MABNI,Hypothesis,registry-exact-hypothesis:exact:02_mabniyat/built_in_adverbs,Hypothesis,harf_vs_mabni
16,119,8,ثُمَّ,ثم,بِجَهَالَةٍ,تَابُوا,HARF,ISM_MABNI,ISM_MABNI,Hypothesis,registry-exact-hypothesis:exact:02_mabniyat/built_in_adverbs,Hypothesis,harf_vs_mabni
16,123,1,ثُمَّ,ثم,,أَوْحَيْنَا,HARF,ISM_MABNI,ISM_MABNI,Hypothesis,registry-exact-hypothesis:exact:02_mabniyat/built_in_adverbs,Hypothesis,harf_vs_mabni
16,123,9,وَمَا,وما,حَنِيفَاً,كَانَ,HARF,ISM_MAWSOOL,ISM_MAWSOOL|ISM_MABNI|HARF,Certificate,MASAQ:51,Certificate,harf_vs_mawsool
16,125,15,أَعْلَمُ,أعلم,هُوَ,بِمَنْ,ISM_MUARAB,FIIL,,Certificate,MASAQ:477,Certificate,noun_misread_as_verb
16,125,21,أَعْلَمُ,أعلم,وَهُوَ,بِالْمُهْتَدِينَ,ISM_MUARAB,FIIL,,Certificate,MASAQ:477,Certificate,noun_misread_as_verb
16,127,2,وَمَا,وما,وَاصْبِرْ,صَبْرُكَ,HARF,ISM_MAWSOOL,ISM_MAWSOOL|ISM_MABNI|HARF,Certificate,MASAQ:51,Certificate,harf_vs_mawsool
17,6,1,ثُمَّ,ثم,,رَدَدْنَا,HARF,ISM_MABNI,ISM_MABNI,Hypothesis,registry-exact-hypothesis:exact:02_mabniyat/built_in_adverbs,Hypothesis,harf_vs_mabni
17,14,6,عَلَيْكَ,عليك,الْيَوْمَ,حَسِيبَاً,HARF,ISM_MABNI,ISM_MABNI|FIIL,Hypothesis,registry-exact-hypothesis:exact:02_mabniyat/verb_name.json#8,Hypothesis,harf_vs_mabni
17,15,1,مَنِ,من,,اهْتَدَى,HARF,ISM_MAWSOOL,ISM_MAWSOOL|ISM_MABNI|HARF,Certificate,MASAQ:3539,Certificate,harf_vs_mawsool
17,15,16,وَمَا,وما,أُخْرَى,كُنَّا,HARF,ISM_MAWSOOL,ISM_MAWSOOL|ISM_MABNI|HARF,Certificate,MASAQ:51,Certificate,harf_vs_mawsool
17,18,1,مَنْ,من,,كَانَ,HARF,ISM_MAWSOOL,ISM_MAWSOOL|ISM_MABNI|HARF,Hypothesis,registry-exact-hypothesis:exact:02_mabniyat/relative_pronoun,Hypothesis,harf_vs_mawsool
17,18,12,ثُمَّ,ثم,نُرِيدُ,جَعَلْنَا,HARF,ISM_MABNI,ISM_MABNI,Hypothesis,registry-exact-hypothesis:exact:02_mabniyat/built_in_adverbs,Hypothesis,harf_vs_mabni
17,20,1,كُلَّاً,كلا,,نُمِدُّ,ISM_MUARAB,HARF,HARF,Certificate,registry:plain:02_mabniyat/letters_answers.json#9,Certificate,ISM_MUARAB_to_HARF
17,20,8,وَمَا,وما,رَبِّكَ,كَانَ,HARF,ISM_MAWSOOL,ISM_MAWSOOL|ISM_MABNI|HARF,Certificate,MASAQ:51,Certificate,harf_vs_mawsool
17,23,11,عِنْدَكَ,عندك,يَبْلُغَنَّ,الْكِبَرَ,HARF,ISM_MABNI,ISM_MABNI|FIIL,Hypothesis,registry-exact-hypothesis:exact:02_mabniyat/verb_name.json#8,Hypothesis,harf_vs_mabni
17,24,8,رَبِّ,رب,وَقُلْ,ارْحَمْهُمَا,ISM_MUARAB,HARF,HARF,Certificate,registry:plain:02_mabniyat/preposition_meanings.json#40,Certificate,ISM_MUARAB_to_HARF
17,25,2,أَعْلَمُ,أعلم,رَبُّكُمْ,بِمَا,ISM_MUARAB,FIIL,,Certificate,MASAQ:477,Certificate,noun_misread_as_verb
17,35,3,إِذَا,إذا,الْكَيْلَ,كِلْتُمْ,HARF,ISM_MABNI,ISM_MABNI,Certificate,registry:exact:02_mabniyat/built_in_adverbs.json#21,Certificate,harf_vs_mabni
17,41,7,وَمَا,وما,لِيَذَّكَّرُوا,يَزِيدُهُمْ,HARF,ISM_MAWSOOL,ISM_MAWSOOL|ISM_MABNI|HARF,Certificate,MASAQ:51,Certificate,harf_vs_mawsool
17,42,8,إِذَاً,إذا,يَقُولُونَ,لَابْتَغَوْا,HARF,ISM_MABNI,ISM_MABNI,Certificate,registry:plain:02_mabniyat/built_in_adverbs.json#21,Certificate,harf_vs_mabni
17,44,6,وَمَنْ,ومن,وَالْأَرْضُ,فِيهِنَّ,ISM_MAWSOOL,HARF,ISM_MAWSOOL|ISM_MABNI|HARF,Certificate,MASAQ:1895,Certificate,ISM_MAWSOOL_to_HARF
17,47,2,أَعْلَمُ,أعلم,نَحْنُ,بِمَا,ISM_MUARAB,FIIL,,Certificate,MASAQ:477,Certificate,noun_misread_as_verb
17,47,6,إِذْ,إذ,بِهِ,يَسْتَمِعُونَ,HARF,ISM_MABNI,ISM_MABNI,Certificate,registry:exact:02_mabniyat/built_in_adverbs.json#13,Certificate,harf_vs_mabni
17,47,12,إِذْ,إذ,نَجْوَى,يَقُولُ,HARF,ISM_MABNI,ISM_MABNI,Certificate,registry:exact:02_mabniyat/built_in_adverbs.json#13,Certificate,harf_vs_mabni
17,51,8,مَنْ,من,فَسَيَقُولُونَ,يُعِيدُنَا,HARF,ISM_MAWSOOL,ISM_MAWSOOL|ISM_MABNI|HARF,Hypothesis,registry-exact-hypothesis:exact:02_mabniyat/relative_pronoun,Hypothesis,harf_vs_mawsool
17,54,2,أَعْلَمُ,أعلم,رَبُّكُمْ,بِكُمْ,ISM_MUARAB,FIIL,,Certificate,MASAQ:477,Certificate,noun_misread_as_verb
17,54,11,وَمَا,وما,يُعَذِّبْكُمْ,أَرْسَلْنَاكَ,HARF,ISM_MAWSOOL,ISM_MAWSOOL|ISM_MABNI|HARF,Certificate,MASAQ:51,Certificate,harf_vs_mawsool
17,55,2,أَعْلَمُ,أعلم,وَرَبُّكَ,بِمَنْ,ISM_MUARAB,FIIL,,Certificate,MASAQ:477,Certificate,noun_misread_as_verb
17,59,1,وَمَا,وما,,مَنَعَنَا,HARF,ISM_MAWSOOL,ISM_MAWSOOL|ISM_MABNI|HARF,Certificate,MASAQ:51,Certificate,harf_vs_mawsool
17,59,17,وَمَا,وما,بِهَا,نُرْسِلُ,HARF,ISM_MAWSOOL,ISM_MAWSOOL|ISM_MABNI|HARF,Certificate,MASAQ:51,Certificate,harf_vs_mawsool
17,60,8,وَمَا,وما,بِالنَّاسِ,جَعَلْنَا,HARF,ISM_MAWSOOL,ISM_MAWSOOL|ISM_MABNI|HARF,Certificate,MASAQ:51,Certificate,harf_vs_mawsool
17,64,15,وَمَا,وما,وَعِدْهُمْ,يَعِدُهُمُ,HARF,ISM_MAWSOOL,ISM_MAWSOOL|ISM_MABNI|HARF,Certificate,MASAQ:51,Certificate,harf_vs_mawsool
17,68,11,ثُمَّ,ثم,حَاصِبَاً,لَا,HARF,ISM_MABNI,ISM_MABNI,Hypothesis,registry-exact-hypothesis:exact:02_mabniyat/built_in_adverbs,Hypothesis,harf_vs_mabni
17,69,16,ثُمَّ,ثم,كَفَرْتُمْ,لَا,HARF,ISM_MABNI,ISM_MABNI,Hypothesis,registry-exact-hypothesis:exact:02_mabniyat/built_in_adverbs,Hypothesis,harf_vs_mabni
17,75,1,إِذَاً,إذا,,لَأَذَقْنَاكَ,HARF,ISM_MABNI,ISM_MABNI,Certificate,registry:plain:02_mabniyat/built_in_adverbs.json#21,Certificate,harf_vs_mabni
17,75,7,ثُمَّ,ثم,الْمَمَاتِ,لَا,HARF,ISM_MABNI,ISM_MABNI,Hypothesis,registry-exact-hypothesis:exact:02_mabniyat/built_in_adverbs,Hypothesis,harf_vs_mabni
17,77,3,قَدْ,قد,مَنْ,أَرْسَلْنَا,HARF,ISM_MABNI,ISM_MABNI|FIIL,Hypothesis,registry-exact-hypothesis:exact:02_mabniyat/verb_name.json#9,Hypothesis,harf_vs_mabni
17,80,2,رَبِّ,رب,وَقُلْ,أَدْخِلْنِي,ISM_MUARAB,HARF,HARF,Certificate,registry:plain:02_mabniyat/preposition_meanings.json#40,Certificate,ISM_MUARAB_to_HARF
17,80,12,لَدُنْكَ,لدنك,مِنْ,سُلْطَانَاً,ISM_MUARAB,HARF,,Certificate,MASAQ:6287,Certificate,ISM_MUARAB_to_HARF
17,84,7,أَعْلَمُ,أعلم,فَرَبُّكُمْ,بِمَنْ,ISM_MUARAB,FIIL,,Certificate,MASAQ:477,Certificate,noun_misread_as_verb
17,85,9,وَمَا,وما,رَبِّي,أُوتِيتُمْ,HARF,ISM_MAWSOOL,ISM_MAWSOOL|ISM_MABNI|HARF,Certificate,MASAQ:51,Certificate,harf_vs_mawsool
17,86,7,ثُمَّ,ثم,إِلَيْكَ,لَا,HARF,ISM_MABNI,ISM_MABNI,Hypothesis,registry-exact-hypothesis:exact:02_mabniyat/built_in_adverbs,Hypothesis,harf_vs_mabni
17,87,8,عَلَيْكَ,عليك,كَانَ,كَبِيرَاً,HARF,ISM_MABNI,ISM_MABNI|FIIL,Hypothesis,registry-exact-hypothesis:exact:02_mabniyat/verb_name.json#8,Hypothesis,harf_vs_mabni
17,94,1,وَمَا,وما,,مَنَعَ,HARF,ISM_MAWSOOL,ISM_MAWSOOL|ISM_MABNI|HARF,Certificate,MASAQ:51,Certificate,harf_vs_mawsool
17,94,6,إِذْ,إذ,يُؤْمِنُوا,جَاءَهُمُ,HARF,ISM_MABNI,ISM_MABNI,Certificate,registry:exact:02_mabniyat/built_in_adverbs.json#13,Certificate,harf_vs_mabni
17,97,24,كُلَّمَا,كلما,جَهَنَّمُ,خَبَتْ,ISM_MUARAB,ISM_MABNI,ISM_MABNI,Certificate,registry:exact:02_mabniyat/conditional_letters_tools.json#17,Certificate,ISM_MUARAB_to_ISM_MABNI
17,100,8,إِذَاً,إذا,رَبِّي,لَأَمْسَكْتُمْ,HARF,ISM_MABNI,ISM_MABNI,Certificate,registry:plain:02_mabniyat/built_in_adverbs.json#21,Certificate,harf_vs_mabni
17,101,10,إِذْ,إذ,إِسْرَائِيلَ,جَاءَهُمْ,HARF,ISM_MABNI,ISM_MABNI,Certificate,registry:exact:02_mabniyat/built_in_adverbs.json#13,Certificate,harf_vs_mabni
17,102,4,مَا,ما,عَلِمْتَ,أَنْزَلَ,HARF,ISM_MAWSOOL,ISM_MAWSOOL|ISM_MABNI|HARF,Hypothesis,registry-exact-hypothesis:exact:02_mabniyat/relative_pronoun,Hypothesis,harf_vs_mawsool
17,102,8,رَبُّ,رب,إِلَّا,السَّمَاوَاتِ,ISM_MUARAB,HARF,HARF,Certificate,registry:plain:02_mabniyat/preposition_meanings.json#40,Certificate,ISM_MUARAB_to_HARF
17,103,7,وَمَنْ,ومن,فَأَغْرَقْنَاهُ,مَعَهُ,ISM_MAWSOOL,HARF,ISM_MAWSOOL|ISM_MABNI|HARF,Certificate,MASAQ:1895,Certificate,ISM_MAWSOOL_to_HARF
17,105,5,وَمَا,وما,نَزَلَ,أَرْسَلْنَاكَ,HARF,ISM_MAWSOOL,ISM_MAWSOOL|ISM_MABNI|HARF,Certificate,MASAQ:51,Certificate,harf_vs_mawsool
17,107,13,إِذَا,إذا,قَبْلِهِ,يُتْلَى,HARF,ISM_MABNI,ISM_MABNI,Certificate,registry:exact:02_mabniyat/built_in_adverbs.json#21,Certificate,harf_vs_mabni
18,5,1,مَا,ما,,لَهُمْ,HARF,ISM_MAWSOOL,ISM_MAWSOOL|ISM_MABNI|HARF,Hypothesis,registry-exact-hypothesis:exact:02_mabniyat/relative_pronoun,Hypothesis,harf_vs_mawsool
18,10,1,إِذْ,إذ,,أَوَى,HARF,ISM_MABNI,ISM_MABNI,Certificate,registry:exact:02_mabniyat/built_in_adverbs.json#13,Certificate,harf_vs_mabni
18,10,2,أَوَى,أوى,إِذْ,الْفِتْيَةُ,FIIL,HARF,HARF,Certificate,registry:exact:02_mabniyat/letters_answers.json#6,Certificate,FIIL_to_HARF
18,10,10,لَدُنْكَ,لدنك,مِنْ,رَحْمَةً,ISM_MUARAB,HARF,,Certificate,MASAQ:6287,Certificate,ISM_MUARAB_to_HARF
18,11,6,سِنِينَ,سنين,الْكَهْفِ,عَدَدَاً,HARF,ISM_MUARAB,,Certificate,MASAQ:30885,Certificate,HARF_to_ISM_MUARAB
18,12,1,ثُمَّ,ثم,,بَعَثْنَاهُمْ,HARF,ISM_MABNI,ISM_MABNI,Hypothesis,registry-exact-hypothesis:exact:02_mabniyat/built_in_adverbs,Hypothesis,harf_vs_mabni
18,13,3,عَلَيْكَ,عليك,نَقُصُّ,نَبَأَهُمْ,HARF,ISM_MABNI,ISM_MABNI|FIIL,Hypothesis,registry-exact-hypothesis:exact:02_mabniyat/verb_name.json#8,Hypothesis,harf_vs_mabni
18,14,4,إِذْ,إذ,قُلُوبِهِمْ,قَامُوا,HARF,ISM_MABNI,ISM_MABNI,Certificate,registry:exact:02_mabniyat/built_in_adverbs.json#13,Certificate,harf_vs_mabni
18,14,8,رَبُّ,رب,رَبُّنَا,السَّمَاوَاتِ,ISM_MUARAB,HARF,HARF,Certificate,registry:plain:02_mabniyat/preposition_meanings.json#40,Certificate,ISM_MUARAB_to_HARF
18,14,18,إِذَاً,إذا,قُلْنَا,شَطَطَاً,HARF,ISM_MABNI,ISM_MABNI,Certificate,registry:plain:02_mabniyat/built_in_adverbs.json#21,Certificate,harf_vs_mabni
18,16,3,وَمَا,وما,اعْتَزَلْتُمُوهُمْ,يَعْبُدُونَ,HARF,ISM_MAWSOOL,ISM_MAWSOOL|ISM_MABNI|HARF,Certificate,MASAQ:51,Certificate,harf_vs_mawsool
18,17,3,إِذَا,إذا,الشَّمْسَ,طَلَعَتْ,HARF,ISM_MABNI,ISM_MABNI,Certificate,registry:exact:02_mabniyat/built_in_adverbs.json#21,Certificate,harf_vs_mabni
18,17,8,ذَاتَ,ذات,كَهْفِهِمْ,الْيَمِينِ,ISM_MUARAB,ISM_MAWSOOL,ISM_MAWSOOL,Certificate,registry:plain:02_mabniyat/relative_pronouns.json#19,Certificate,ISM_MUARAB_to_ISM_MAWSOOL
18,17,13,ذَاتَ,ذات,تَقْرِضُهُمْ,الشِّمَالِ,ISM_MUARAB,ISM_MAWSOOL,ISM_MAWSOOL,Certificate,registry:plain:02_mabniyat/relative_pronouns.json#19,Certificate,ISM_MUARAB_to_ISM_MAWSOOL
18,17,23,مَنْ,من,اللَّهِ,يَهْدِ,HARF,ISM_MAWSOOL,ISM_MAWSOOL|ISM_MABNI|HARF,Hypothesis,registry-exact-hypothesis:exact:02_mabniyat/relative_pronoun,Hypothesis,harf_vs_mawsool
18,18,6,ذَاتَ,ذات,وَنُقَلِّبُهُمْ,الْيَمِينِ,ISM_MUARAB,ISM_MAWSOOL,ISM_MAWSOOL,Certificate,registry:plain:02_mabniyat/relative_pronouns.json#19,Certificate,ISM_MUARAB_to_ISM_MAWSOOL
18,19,18,أَعْلَمُ,أعلم,رَبُّكُمْ,بِمَا,ISM_MUARAB,FIIL,,Certificate,MASAQ:477,Certificate,noun_misread_as_verb
18,19,28,أَيُّهَا,أيها,فَلْيَنْظُرْ,أَزْكَى,ISM_MAWSOOL,HARF,HARF,Certificate,registry:exact:02_mabniyat/vocative_particles.json#6,Certificate,ISM_MAWSOOL_to_HARF
18,20,12,إِذَاً,إذا,تُفْلِحُوا,أَبَدَاً,HARF,ISM_MABNI,ISM_MABNI,Certificate,registry:plain:02_mabniyat/built_in_adverbs.json#21,Certificate,harf_vs_mabni
18,21,14,إِذْ,إذ,فِيهَا,يَتَنَازَعُونَ,HARF,ISM_MABNI,ISM_MABNI,Certificate,registry:exact:02_mabniyat/built_in_adverbs.json#13,Certificate,harf_vs_mabni
18,21,23,أَعْلَمُ,أعلم,رَبُّهُمْ,بِهِمْ,ISM_MUARAB,FIIL,,Certificate,MASAQ:477,Certificate,noun_misread_as_verb
18,22,17,أَعْلَمُ,أعلم,رَبِّي,بِعِدَّتِهِمْ,ISM_MUARAB,FIIL,,Certificate,MASAQ:477,Certificate,noun_misread_as_verb
18,22,19,مَا,ما,بِعِدَّتِهِمْ,يَعْلَمُهُمْ,HARF,ISM_MAWSOOL,ISM_MAWSOOL|ISM_MABNI|HARF,Hypothesis,registry-exact-hypothesis:exact:02_mabniyat/relative_pronoun,Hypothesis,harf_vs_mawsool
18,23,7,غَدَاً,غدا,ذَلِكَ,,HARF,ISM_MABNI,ISM_MABNI,Certificate,registry:plain:02_mabniyat/built_in_adverbs.json#5,Certificate,harf_vs_mabni
18,24,7,إِذَا,إذا,رَبَّكَ,نَسِيتَ,HARF,ISM_MABNI,ISM_MABNI,Certificate,registry:exact:02_mabniyat/built_in_adverbs.json#21,Certificate,harf_vs_mabni
18,26,3,أَعْلَمُ,أعلم,اللَّهُ,بِمَا,ISM_MUARAB,FIIL,,Certificate,MASAQ:477,Certificate,noun_misread_as_verb
18,26,13,مَا,ما,وَأَسْمِعْ,لَهُمْ,HARF,ISM_MAWSOOL,ISM_MAWSOOL|ISM_MABNI|HARF,Hypothesis,registry-exact-hypothesis:exact:02_mabniyat/relative_pronoun,Hypothesis,harf_vs_mawsool
18,28,21,مَنْ,من,تُطِعْ,أَغْفَلْنَا,HARF,ISM_MAWSOOL,ISM_MAWSOOL|ISM_MABNI|HARF,Hypothesis,registry-exact-hypothesis:exact:02_mabniyat/relative_pronoun,Hypothesis,harf_vs_mawsool
18,35,7,مَا,ما,قَالَ,أَظُنُّ,HARF,ISM_MAWSOOL,ISM_MAWSOOL|ISM_MABNI|HARF,Hypothesis,registry-exact-hypothesis:exact:02_mabniyat/relative_pronoun,Hypothesis,harf_vs_mawsool
18,36,1,وَمَا,وما,,أَظُنُّ,HARF,ISM_MAWSOOL,ISM_MAWSOOL|ISM_MABNI|HARF,Certificate,MASAQ:51,Certificate,harf_vs_mawsool
18,37,11,ثُمَّ,ثم,تُرَابٍ,مِنْ,HARF,ISM_MABNI,ISM_MABNI,Hypothesis,registry-exact-hypothesis:exact:02_mabniyat/built_in_adverbs,Hypothesis,harf_vs_mabni
18,37,14,ثُمَّ,ثم,نُطْفَةٍ,سَوَّاكَ,HARF,ISM_MABNI,ISM_MABNI,Hypothesis,registry-exact-hypothesis:exact:02_mabniyat/built_in_adverbs,Hypothesis,harf_vs_mabni
18,39,2,إِذْ,إذ,وَلَوْلَا,دَخَلْتَ,HARF,ISM_MABNI,ISM_MABNI,Certificate,registry:exact:02_mabniyat/built_in_adverbs.json#13,Certificate,harf_vs_mabni
18,43,9,وَمَا,وما,اللَّهِ,كَانَ,HARF,ISM_MAWSOOL,ISM_MAWSOOL|ISM_MABNI|HARF,Certificate,MASAQ:51,Certificate,harf_vs_mawsool
18,51,1,مَا,ما,,أَشْهَدْتُهُمْ,HARF,ISM_MAWSOOL,ISM_MAWSOOL|ISM_MABNI|HARF,Hypothesis,registry-exact-hypothesis:exact:02_mabniyat/relative_pronoun,Hypothesis,harf_vs_mawsool
18,51,9,وَمَا,وما,أَنْفُسِهِمْ,كُنْتُ,HARF,ISM_MAWSOOL,ISM_MAWSOOL|ISM_MABNI|HARF,Certificate,MASAQ:51,Certificate,harf_vs_mawsool
18,55,1,وَمَا,وما,,مَنَعَ,HARF,ISM_MAWSOOL,ISM_MAWSOOL|ISM_MABNI|HARF,Certificate,MASAQ:51,Certificate,harf_vs_mawsool
18,55,6,إِذْ,إذ,يُؤْمِنُوا,جَاءَهُمُ,HARF,ISM_MABNI,ISM_MABNI,Certificate,registry:exact:02_mabniyat/built_in_adverbs.json#13,Certificate,harf_vs_mabni
18,56,1,وَمَا,وما,,نُرْسِلُ,HARF,ISM_MAWSOOL,ISM_MAWSOOL|ISM_MABNI|HARF,Certificate,MASAQ:51,Certificate,harf_vs_mawsool
18,56,16,وَمَا,وما,آيَاتِي,أُنْذِرُوا,HARF,ISM_MAWSOOL,ISM_MAWSOOL|ISM_MABNI|HARF,Certificate,MASAQ:51,Certificate,harf_vs_mawsool
18,57,1,وَمَنْ,ومن,,أَظْلَمُ,ISM_MAWSOOL,HARF,ISM_MAWSOOL|ISM_MABNI|HARF,Certificate,MASAQ:1895,Certificate,ISM_MAWSOOL_to_HARF
18,57,29,إِذَاً,إذا,يَهْتَدُوا,أَبَدَاً,HARF,ISM_MABNI,ISM_MABNI,Certificate,registry:plain:02_mabniyat/built_in_adverbs.json#21,Certificate,harf_vs_mabni
18,59,4,لَمَّا,لما,أَهْلَكْنَاهُمْ,ظَلَمُوا,HARF,ISM_MABNI,ISM_MABNI|HARF,Hypothesis,registry-exact-hypothesis:exact:02_mabniyat/conditional_lett,Hypothesis,harf_vs_mabni
18,63,3,إِذْ,إذ,أَرَأَيْتَ,أَوَيْنَا,HARF,ISM_MABNI,ISM_MABNI,Certificate,registry:exact:02_mabniyat/built_in_adverbs.json#13,Certificate,harf_vs_mabni
18,63,10,وَمَا,وما,الْحُوتَ,أَنْسَانِيهُ,HARF,ISM_MAWSOOL,ISM_MAWSOOL|ISM_MABNI|HARF,Certificate,MASAQ:51,Certificate,harf_vs_mawsool
18,71,3,إِذَا,إذا,حَتَّى,رَكِبَا,HARF,ISM_MABNI,ISM_MABNI,Certificate,registry:exact:02_mabniyat/built_in_adverbs.json#21,Certificate,harf_vs_mabni
18,74,3,إِذَا,إذا,حَتَّى,لَقِيَا,HARF,ISM_MABNI,ISM_MABNI,Certificate,registry:exact:02_mabniyat/built_in_adverbs.json#21,Certificate,harf_vs_mabni
18,76,9,قَدْ,قد,تُصَاحِبْنِي,بَلَغْتَ,HARF,ISM_MABNI,ISM_MABNI|FIIL,Hypothesis,registry-exact-hypothesis:exact:02_mabniyat/verb_name.json#9,Hypothesis,harf_vs_mabni
18,77,3,إِذَا,إذا,حَتَّى,أَتَيَا,HARF,ISM_MABNI,ISM_MABNI,Certificate,registry:exact:02_mabniyat/built_in_adverbs.json#21,Certificate,harf_vs_mabni
18,82,25,وَمَا,وما,رَبِّكَ,فَعَلْتُهُ,HARF,ISM_MAWSOOL,ISM_MAWSOOL|ISM_MABNI|HARF,Certificate,MASAQ:51,Certificate,harf_vs_mawsool
18,86,2,إِذَا,إذا,حَتَّى,بَلَغَ,HARF,ISM_MABNI,ISM_MABNI,Certificate,registry:exact:02_mabniyat/built_in_adverbs.json#21,Certificate,harf_vs_mabni
18,87,7,ثُمَّ,ثم,نُعَذِّبُهُ,يُرَدُّ,HARF,ISM_MABNI,ISM_MABNI,Hypothesis,registry-exact-hypothesis:exact:02_mabniyat/built_in_adverbs,Hypothesis,harf_vs_mabni
18,89,1,ثُمَّ,ثم,,أَتْبَعَ,HARF,ISM_MABNI,ISM_MABNI,Hypothesis,registry-exact-hypothesis:exact:02_mabniyat/built_in_adverbs,Hypothesis,harf_vs_mabni
18,90,2,إِذَا,إذا,حَتَّى,بَلَغَ,HARF,ISM_MABNI,ISM_MABNI,Certificate,registry:exact:02_mabniyat/built_in_adverbs.json#21,Certificate,harf_vs_mabni
18,92,1,ثُمَّ,ثم,,أَتْبَعَ,HARF,ISM_MABNI,ISM_MABNI,Hypothesis,registry-exact-hypothesis:exact:02_mabniyat/built_in_adverbs,Hypothesis,harf_vs_mabni
18,93,2,إِذَا,إذا,حَتَّى,بَلَغَ,HARF,ISM_MABNI,ISM_MABNI,Certificate,registry:exact:02_mabniyat/built_in_adverbs.json#21,Certificate,harf_vs_mabni
18,96,5,إِذَا,إذا,حَتَّى,سَاوَى,HARF,ISM_MABNI,ISM_MABNI,Certificate,registry:exact:02_mabniyat/built_in_adverbs.json#21,Certificate,harf_vs_mabni
18,96,12,إِذَا,إذا,حَتَّى,جَعَلَهُ,HARF,ISM_MABNI,ISM_MABNI,Certificate,registry:exact:02_mabniyat/built_in_adverbs.json#21,Certificate,harf_vs_mabni
18,97,5,وَمَا,وما,يَظْهَرُوهُ,اسْتَطَاعُوا,HARF,ISM_MAWSOOL,ISM_MAWSOOL|ISM_MABNI|HARF,Certificate,MASAQ:51,Certificate,harf_vs_mawsool
18,110,7,إِلَيَّ,إلي,يُوحَى,أَنَّمَا,HARF,ISM_MABNI,ISM_MABNI|FIIL,Hypothesis,registry-exact-hypothesis:exact:02_mabniyat/verb_name.json#8,Hypothesis,harf_vs_mabni
19,3,1,إِذْ,إذ,,نَادَى,HARF,ISM_MABNI,ISM_MABNI,Certificate,registry:exact:02_mabniyat/built_in_adverbs.json#13,Certificate,harf_vs_mabni
19,4,2,رَبِّ,رب,قَالَ,إِنِّي,ISM_MUARAB,HARF,HARF,Certificate,registry:plain:02_mabniyat/preposition_meanings.json#40,Certificate,ISM_MUARAB_to_HARF
19,4,13,رَبِّ,رب,بِدُعَائِكَ,شَقِيَّاً,ISM_MUARAB,HARF,HARF,Certificate,registry:plain:02_mabniyat/preposition_meanings.json#40,Certificate,ISM_MUARAB_to_HARF
19,5,12,لَدُنْكَ,لدنك,مِنْ,وَلِيَّاً,ISM_MUARAB,HARF,,Certificate,MASAQ:6287,Certificate,ISM_MUARAB_to_HARF
19,6,7,رَبِّ,رب,وَاجْعَلْهُ,رَضِيَّاً,ISM_MUARAB,HARF,HARF,Certificate,registry:plain:02_mabniyat/preposition_meanings.json#40,Certificate,ISM_MUARAB_to_HARF
19,8,2,رَبِّ,رب,قَالَ,أَنَّى,ISM_MUARAB,HARF,HARF,Certificate,registry:plain:02_mabniyat/preposition_meanings.json#40,Certificate,ISM_MUARAB_to_HARF
19,8,3,أَنَّى,أنى,رَبِّ,يَكُونُ,HARF,ISM_MABNI,ISM_MABNI|HARF,Hypothesis,registry-exact-hypothesis:exact:02_mabniyat/conditional_lett,Hypothesis,harf_vs_mabni
19,10,2,رَبِّ,رب,قَالَ,اجْعَلْ,ISM_MUARAB,HARF,HARF,Certificate,registry:plain:02_mabniyat/preposition_meanings.json#40,Certificate,ISM_MUARAB_to_HARF
19,16,5,إِذِ,إذ,مَرْيَمَ,انْتَبَذَتْ,HARF,ISM_MABNI,ISM_MABNI,Certificate,registry:plain:02_mabniyat/built_in_adverbs.json#13,Certificate,harf_vs_mabni
19,20,2,أَنَّى,أنى,قَالَتْ,يَكُونُ,HARF,ISM_MABNI,ISM_MABNI|HARF,Hypothesis,registry-exact-hypothesis:exact:02_mabniyat/conditional_lett,Hypothesis,harf_vs_mabni
19,24,6,قَدْ,قد,تَحْزَنِي,جَعَلَ,HARF,ISM_MABNI,ISM_MABNI|FIIL,Hypothesis,registry-exact-hypothesis:exact:02_mabniyat/verb_name.json#9,Hypothesis,harf_vs_mabni
19,28,3,مَا,ما,هَارُونَ,كَانَ,HARF,ISM_MAWSOOL,ISM_MAWSOOL|ISM_MABNI|HARF,Hypothesis,registry-exact-hypothesis:exact:02_mabniyat/relative_pronoun,Hypothesis,harf_vs_mawsool
19,28,8,وَمَا,وما,سَوْءٍ,كَانَتْ,HARF,ISM_MAWSOOL,ISM_MAWSOOL|ISM_MABNI|HARF,Certificate,MASAQ:51,Certificate,harf_vs_mawsool
19,35,1,مَا,ما,,كَانَ,HARF,ISM_MAWSOOL,ISM_MAWSOOL|ISM_MABNI|HARF,Hypothesis,registry-exact-hypothesis:exact:02_mabniyat/relative_pronoun,Hypothesis,harf_vs_mawsool
19,35,9,إِذَا,إذا,سُبْحَانَهُ,قَضَى,HARF,ISM_MABNI,ISM_MABNI,Certificate,registry:exact:02_mabniyat/built_in_adverbs.json#21,Certificate,harf_vs_mabni
19,39,4,إِذْ,إذ,الْحَسْرَةِ,قُضِيَ,HARF,ISM_MABNI,ISM_MABNI,Certificate,registry:exact:02_mabniyat/built_in_adverbs.json#13,Certificate,harf_vs_mabni
19,40,5,وَمَنْ,ومن,الْأَرْضَ,عَلَيْهَا,ISM_MAWSOOL,HARF,ISM_MAWSOOL|ISM_MABNI|HARF,Certificate,MASAQ:1895,Certificate,ISM_MAWSOOL_to_HARF
19,42,1,إِذْ,إذ,,قَالَ,HARF,ISM_MABNI,ISM_MABNI,Certificate,registry:exact:02_mabniyat/built_in_adverbs.json#13,Certificate,harf_vs_mabni
19,43,3,قَدْ,قد,إِنِّي,جَاءَنِي,HARF,ISM_MABNI,ISM_MABNI|FIIL,Hypothesis,registry-exact-hypothesis:exact:02_mabniyat/verb_name.json#9,Hypothesis,harf_vs_mabni
19,47,3,عَلَيْكَ,عليك,سَلَامٌ,سَأَسْتَغْفِرُ,HARF,ISM_MABNI,ISM_MABNI|FIIL,Hypothesis,registry-exact-hypothesis:exact:02_mabniyat/verb_name.json#8,Hypothesis,harf_vs_mabni
19,48,2,وَمَا,وما,وَأَعْتَزِلُكُمْ,تَدْعُونَ,HARF,ISM_MAWSOOL,ISM_MAWSOOL|ISM_MABNI|HARF,Certificate,MASAQ:51,Certificate,harf_vs_mawsool
19,49,3,وَمَا,وما,اعْتَزَلَهُمْ,يَعْبُدُونَ,HARF,ISM_MAWSOOL,ISM_MAWSOOL|ISM_MABNI|HARF,Certificate,MASAQ:51,Certificate,harf_vs_mawsool
19,58,22,إِذَا,إذا,وَاجْتَبَيْنَا,تُتْلَى,HARF,ISM_MABNI,ISM_MABNI,Certificate,registry:exact:02_mabniyat/built_in_adverbs.json#21,Certificate,harf_vs_mabni
19,64,1,وَمَا,وما,,نَتَنَزَّلُ,HARF,ISM_MAWSOOL,ISM_MAWSOOL|ISM_MABNI|HARF,Certificate,MASAQ:51,Certificate,harf_vs_mawsool
19,64,10,وَمَا,وما,أَيْدِينَا,خَلْفَنَا,HARF,ISM_MAWSOOL,ISM_MAWSOOL|ISM_MABNI|HARF,Certificate,MASAQ:51,Certificate,harf_vs_mawsool
19,64,12,وَمَا,وما,خَلْفَنَا,بَيْنَ,HARF,ISM_MAWSOOL,ISM_MAWSOOL|ISM_MABNI|HARF,Certificate,MASAQ:51,Certificate,harf_vs_mawsool
19,64,15,وَمَا,وما,ذَلِكَ,كَانَ,HARF,ISM_MAWSOOL,ISM_MAWSOOL|ISM_MABNI|HARF,Certificate,MASAQ:51,Certificate,harf_vs_mawsool
19,65,1,رَبُّ,رب,,السَّمَاوَاتِ,ISM_MUARAB,HARF,HARF,Certificate,registry:plain:02_mabniyat/preposition_meanings.json#40,Certificate,ISM_MUARAB_to_HARF
19,68,4,ثُمَّ,ثم,وَالشَّيَاطِينَ,لَنُحْضِرَنَّهُمْ,HARF,ISM_MABNI,ISM_MABNI,Hypothesis,registry-exact-hypothesis:exact:02_mabniyat/built_in_adverbs,Hypothesis,harf_vs_mabni
19,69,1,ثُمَّ,ثم,,لَنَنْزِعَنَّ,HARF,ISM_MABNI,ISM_MABNI,Hypothesis,registry-exact-hypothesis:exact:02_mabniyat/built_in_adverbs,Hypothesis,harf_vs_mabni
19,70,1,ثُمَّ,ثم,,لَنَحْنُ,HARF,ISM_MABNI,ISM_MABNI,Hypothesis,registry-exact-hypothesis:exact:02_mabniyat/built_in_adverbs,Hypothesis,harf_vs_mabni
19,70,3,أَعْلَمُ,أعلم,لَنَحْنُ,بِالَّذِينَ,ISM_MUARAB,FIIL,,Certificate,MASAQ:477,Certificate,noun_misread_as_verb
19,72,1,ثُمَّ,ثم,,نُنَجِّي,HARF,ISM_MABNI,ISM_MABNI,Hypothesis,registry-exact-hypothesis:exact:02_mabniyat/built_in_adverbs,Hypothesis,harf_vs_mabni
19,75,2,مَنْ,من,قُلْ,كَانَ,HARF,ISM_MAWSOOL,ISM_MAWSOOL|ISM_MABNI|HARF,Hypothesis,registry-exact-hypothesis:exact:02_mabniyat/relative_pronoun,Hypothesis,harf_vs_mawsool
19,75,11,إِذَا,إذا,حَتَّى,رَأَوْا,HARF,ISM_MABNI,ISM_MABNI,Certificate,registry:exact:02_mabniyat/built_in_adverbs.json#21,Certificate,harf_vs_mabni
19,92,1,وَمَا,وما,,يَنْبَغِي,HARF,ISM_MAWSOOL,ISM_MAWSOOL|ISM_MABNI|HARF,Certificate,MASAQ:51,Certificate,harf_vs_mawsool
20,2,1,مَا,ما,,أَنْزَلْنَا,HARF,ISM_MAWSOOL,ISM_MAWSOOL|ISM_MABNI|HARF,Hypothesis,registry-exact-hypothesis:exact:02_mabniyat/relative_pronoun,Hypothesis,harf_vs_mawsool
20,2,3,عَلَيْكَ,عليك,أَنْزَلْنَا,الْقُرْآنَ,HARF,ISM_MABNI,ISM_MABNI|FIIL,Hypothesis,registry-exact-hypothesis:exact:02_mabniyat/verb_name.json#8,Hypothesis,harf_vs_mabni
20,10,1,إِذْ,إذ,,رَأَى,HARF,ISM_MABNI,ISM_MABNI,Certificate,registry:exact:02_mabniyat/built_in_adverbs.json#13,Certificate,harf_vs_mabni
20,17,1,وَمَا,وما,,تِلْكَ,HARF,ISM_MAWSOOL,ISM_MAWSOOL|ISM_MABNI|HARF,Certificate,MASAQ:51,Certificate,harf_vs_mawsool
20,25,2,رَبِّ,رب,قَالَ,اشْرَحْ,ISM_MUARAB,HARF,HARF,Certificate,registry:plain:02_mabniyat/preposition_meanings.json#40,Certificate,ISM_MUARAB_to_HARF
20,36,2,قَدْ,قد,قَالَ,أُوتِيتَ,HARF,ISM_MABNI,ISM_MABNI|FIIL,Hypothesis,registry-exact-hypothesis:exact:02_mabniyat/verb_name.json#9,Hypothesis,harf_vs_mabni
20,37,3,عَلَيْكَ,عليك,مَنَنَّا,مَرَّةً,HARF,ISM_MABNI,ISM_MABNI|FIIL,Hypothesis,registry-exact-hypothesis:exact:02_mabniyat/verb_name.json#8,Hypothesis,harf_vs_mabni
20,38,1,إِذْ,إذ,,أَوْحَيْنَا,HARF,ISM_MABNI,ISM_MABNI,Certificate,registry:exact:02_mabniyat/built_in_adverbs.json#13,Certificate,harf_vs_mabni
20,39,17,عَلَيْكَ,عليك,وَأَلْقَيْتُ,مَحَبَّةً,HARF,ISM_MABNI,ISM_MABNI|FIIL,Hypothesis,registry-exact-hypothesis:exact:02_mabniyat/verb_name.json#8,Hypothesis,harf_vs_mabni
20,40,1,إِذْ,إذ,,تَمْشِي,HARF,ISM_MABNI,ISM_MABNI,Certificate,registry:exact:02_mabniyat/built_in_adverbs.json#13,Certificate,harf_vs_mabni
20,40,26,سِنِينَ,سنين,فَلَبِثْتَ,فِي,HARF,ISM_MUARAB,,Certificate,MASAQ:30885,Certificate,HARF_to_ISM_MUARAB
20,40,30,ثُمَّ,ثم,مَدْيَنَ,جِئْتَ,HARF,ISM_MABNI,ISM_MABNI,Hypothesis,registry-exact-hypothesis:exact:02_mabniyat/built_in_adverbs,Hypothesis,harf_vs_mabni
20,47,12,قَدْ,قد,تُعَذِّبْهُمْ,جِئْنَاكَ,HARF,ISM_MABNI,ISM_MABNI|FIIL,Hypothesis,registry-exact-hypothesis:exact:02_mabniyat/verb_name.json#9,Hypothesis,harf_vs_mabni
20,48,2,قَدْ,قد,إِنَّا,أُوحِيَ,HARF,ISM_MABNI,ISM_MABNI|FIIL,Hypothesis,registry-exact-hypothesis:exact:02_mabniyat/verb_name.json#9,Hypothesis,harf_vs_mabni
20,50,8,ثُمَّ,ثم,خَلْقَهُ,هَدَى,HARF,ISM_MABNI,ISM_MABNI,Hypothesis,registry-exact-hypothesis:exact:02_mabniyat/built_in_adverbs,Hypothesis,harf_vs_mabni
20,60,5,ثُمَّ,ثم,كَيْدَهُ,أَتَى,HARF,ISM_MABNI,ISM_MABNI,Hypothesis,registry-exact-hypothesis:exact:02_mabniyat/built_in_adverbs,Hypothesis,harf_vs_mabni
20,64,3,ثُمَّ,ثم,كَيْدَكُمْ,ائْتُوا,HARF,ISM_MABNI,ISM_MABNI,Hypothesis,registry-exact-hypothesis:exact:02_mabniyat/built_in_adverbs,Hypothesis,harf_vs_mabni
20,69,15,حَيْثُ,حيث,السَّاحِرُ,أَتَى,HARF,ISM_MABNI,ISM_MABNI,Certificate,registry:exact:02_mabniyat/built_in_adverbs.json#1,Certificate,harf_vs_mabni
20,71,6,آذَنَ,آذن,أَنْ,لَكُمْ,FIIL,HARF,HARF,Certificate,registry:plain:02_mabniyat/present_naseb_tools.json#3,Certificate,FIIL_to_HARF
20,73,7,وَمَا,وما,خَطَايَانَا,أَكْرَهْتَنَا,HARF,ISM_MAWSOOL,ISM_MAWSOOL|ISM_MABNI|HARF,Certificate,MASAQ:51,Certificate,harf_vs_mawsool
20,74,2,مَنْ,من,إِنَّهُ,يَأْتِ,HARF,ISM_MAWSOOL,ISM_MAWSOOL|ISM_MABNI|HARF,Hypothesis,registry-exact-hypothesis:exact:02_mabniyat/relative_pronoun,Hypothesis,harf_vs_mawsool
20,75,4,قَدْ,قد,مُؤْمِنَاً,عَمِلَ,HARF,ISM_MABNI,ISM_MABNI|FIIL,Hypothesis,registry-exact-hypothesis:exact:02_mabniyat/verb_name.json#9,Hypothesis,harf_vs_mabni
20,79,4,وَمَا,وما,قَوْمَهُ,هَدَى,HARF,ISM_MAWSOOL,ISM_MAWSOOL|ISM_MABNI|HARF,Certificate,MASAQ:51,Certificate,harf_vs_mawsool
20,80,3,قَدْ,قد,إِسْرَائِيلَ,أَنْجَيْنَاكُمْ,HARF,ISM_MABNI,ISM_MABNI|FIIL,Hypothesis,registry-exact-hypothesis:exact:02_mabniyat/verb_name.json#9,Hypothesis,harf_vs_mabni
20,82,8,ثُمَّ,ثم,صَالِحَاً,اهْتَدَى,HARF,ISM_MABNI,ISM_MABNI,Hypothesis,registry-exact-hypothesis:exact:02_mabniyat/built_in_adverbs,Hypothesis,harf_vs_mabni
20,83,1,وَمَا,وما,,أَعْجَلَكَ,HARF,ISM_MAWSOOL,ISM_MAWSOOL|ISM_MABNI|HARF,Certificate,MASAQ:51,Certificate,harf_vs_mawsool
20,84,8,رَبِّ,رب,إِلَيْكَ,لِتَرْضَى,ISM_MUARAB,HARF,HARF,Certificate,registry:plain:02_mabniyat/preposition_meanings.json#40,Certificate,ISM_MUARAB_to_HARF
20,85,3,قَدْ,قد,فَإِنَّا,فَتَنَّا,HARF,ISM_MABNI,ISM_MABNI|FIIL,Hypothesis,registry-exact-hypothesis:exact:02_mabniyat/verb_name.json#9,Hypothesis,harf_vs_mabni
20,87,2,مَا,ما,قَالُوا,أَخْلَفْنَا,HARF,ISM_MAWSOOL,ISM_MAWSOOL|ISM_MABNI|HARF,Hypothesis,registry-exact-hypothesis:exact:02_mabniyat/relative_pronoun,Hypothesis,harf_vs_mawsool
20,92,3,مَا,ما,يَاهَارُونُ,مَنَعَكَ,HARF,ISM_MAWSOOL,ISM_MAWSOOL|ISM_MABNI|HARF,Hypothesis,registry-exact-hypothesis:exact:02_mabniyat/relative_pronoun,Hypothesis,harf_vs_mawsool
20,92,5,إِذْ,إذ,مَنَعَكَ,رَأَيْتَهُمْ,HARF,ISM_MABNI,ISM_MABNI,Certificate,registry:exact:02_mabniyat/built_in_adverbs.json#13,Certificate,harf_vs_mabni
20,97,24,ثُمَّ,ثم,لَنُحَرِّقَنَّهُ,لَنَنْسِفَنَّهُ,HARF,ISM_MABNI,ISM_MABNI,Hypothesis,registry-exact-hypothesis:exact:02_mabniyat/built_in_adverbs,Hypothesis,harf_vs_mabni
20,99,3,عَلَيْكَ,عليك,نَقُصُّ,مِنْ,HARF,ISM_MABNI,ISM_MABNI|FIIL,Hypothesis,registry-exact-hypothesis:exact:02_mabniyat/verb_name.json#8,Hypothesis,harf_vs_mabni
20,99,7,قَدْ,قد,مَا,سَبَقَ,HARF,ISM_MABNI,ISM_MABNI|FIIL,Hypothesis,registry-exact-hypothesis:exact:02_mabniyat/verb_name.json#9,Hypothesis,harf_vs_mabni
20,100,1,مَنْ,من,,أَعْرَضَ,HARF,ISM_MAWSOOL,ISM_MAWSOOL|ISM_MABNI|HARF,Hypothesis,registry-exact-hypothesis:exact:02_mabniyat/relative_pronoun,Hypothesis,harf_vs_mawsool
20,104,2,أَعْلَمُ,أعلم,نَحْنُ,بِمَا,ISM_MUARAB,FIIL,,Certificate,MASAQ:477,Certificate,noun_misread_as_verb
20,104,5,إِذْ,إذ,يَقُولُونَ,يَقُولُ,HARF,ISM_MABNI,ISM_MABNI,Certificate,registry:exact:02_mabniyat/built_in_adverbs.json#13,Certificate,harf_vs_mabni
20,109,7,أَذِنَ,أذن,مَنْ,لَهُ,FIIL,HARF,HARF,Certificate,registry:plain:02_mabniyat/present_naseb_tools.json#3,Certificate,FIIL_to_HARF
20,110,5,وَمَا,وما,أَيْدِيهِمْ,خَلْفَهُمْ,HARF,ISM_MAWSOOL,ISM_MAWSOOL|ISM_MABNI|HARF,Certificate,MASAQ:51,Certificate,harf_vs_mawsool
20,114,3,الْمَلِكُ,الملك,اللَّهُ,الْحَقُّ,JAMID,ISM_MUARAB,,Certificate,MASAQ:30887,Certificate,proper_misclassified
20,114,15,رَبِّ,رب,وَقُلْ,زِدْنِي,ISM_MUARAB,HARF,HARF,Certificate,registry:plain:02_mabniyat/preposition_meanings.json#40,Certificate,ISM_MUARAB_to_HARF
20,122,1,ثُمَّ,ثم,,اجْتَبَاهُ,HARF,ISM_MABNI,ISM_MABNI,Hypothesis,registry-exact-hypothesis:exact:02_mabniyat/built_in_adverbs,Hypothesis,harf_vs_mabni
20,125,2,رَبِّ,رب,قَالَ,لِمَ,ISM_MUARAB,HARF,HARF,Certificate,registry:plain:02_mabniyat/preposition_meanings.json#40,Certificate,ISM_MUARAB_to_HARF
20,135,6,مَنْ,من,فَسَتَعْلَمُونَ,أَصْحَابُ,HARF,ISM_MAWSOOL,ISM_MAWSOOL|ISM_MABNI|HARF,Hypothesis,registry-exact-hypothesis:exact:02_mabniyat/relative_pronoun,Hypothesis,harf_vs_mawsool
21,2,1,مَا,ما,,يَأْتِيهِمْ,HARF,ISM_MAWSOOL,ISM_MAWSOOL|ISM_MABNI|HARF,Hypothesis,registry-exact-hypothesis:exact:02_mabniyat/relative_pronoun,Hypothesis,harf_vs_mawsool
21,6,1,مَا,ما,,آمَنَتْ,HARF,ISM_MAWSOOL,ISM_MAWSOOL|ISM_MABNI|HARF,Hypothesis,registry-exact-hypothesis:exact:02_mabniyat/relative_pronoun,Hypothesis,harf_vs_mawsool
21,7,1,وَمَا,وما,,أَرْسَلْنَا,HARF,ISM_MAWSOOL,ISM_MAWSOOL|ISM_MABNI|HARF,Certificate,MASAQ:51,Certificate,harf_vs_mawsool
21,8,1,وَمَا,وما,,جَعَلْنَاهُمْ,HARF,ISM_MAWSOOL,ISM_MAWSOOL|ISM_MABNI|HARF,Certificate,MASAQ:51,Certificate,harf_vs_mawsool
21,8,7,وَمَا,وما,الطَّعَامَ,كَانُوا,HARF,ISM_MAWSOOL,ISM_MAWSOOL|ISM_MABNI|HARF,Certificate,MASAQ:51,Certificate,harf_vs_mawsool
21,9,1,ثُمَّ,ثم,,صَدَقْنَاهُمُ,HARF,ISM_MABNI,ISM_MABNI,Hypothesis,registry-exact-hypothesis:exact:02_mabniyat/built_in_adverbs,Hypothesis,harf_vs_mabni
21,9,5,وَمَنْ,ومن,فَأَنْجَيْنَاهُمْ,نَشَاءُ,ISM_MAWSOOL,HARF,ISM_MAWSOOL|ISM_MABNI|HARF,Certificate,MASAQ:1895,Certificate,ISM_MAWSOOL_to_HARF
21,12,4,إِذَا,إذا,بَأْسَنَا,هُمْ,HARF,ISM_MABNI,ISM_MABNI,Certificate,registry:exact:02_mabniyat/built_in_adverbs.json#21,Certificate,harf_vs_mabni
21,16,1,وَمَا,وما,,خَلَقْنَا,HARF,ISM_MAWSOOL,ISM_MAWSOOL|ISM_MABNI|HARF,Certificate,MASAQ:51,Certificate,harf_vs_mawsool
21,16,5,وَمَا,وما,وَالْأَرْضَ,بَيْنَهُمَا,HARF,ISM_MAWSOOL,ISM_MAWSOOL|ISM_MABNI|HARF,Certificate,MASAQ:51,Certificate,harf_vs_mawsool
21,19,6,وَمَنْ,ومن,وَالْأَرْضِ,عِنْدَهُ,ISM_MAWSOOL,HARF,ISM_MAWSOOL|ISM_MABNI|HARF,Certificate,MASAQ:1895,Certificate,ISM_MAWSOOL_to_HARF
21,22,10,رَبِّ,رب,اللَّهِ,الْعَرْشِ,ISM_MUARAB,HARF,HARF,Certificate,registry:plain:02_mabniyat/preposition_meanings.json#40,Certificate,ISM_MUARAB_to_HARF
21,24,10,ذِكْرُ,ذكر,هَذَا,مَنْ,ISM_MUARAB,FIIL,,Certificate,MASAQ:39321,Certificate,noun_misread_as_verb
21,25,1,وَمَا,وما,,أَرْسَلْنَا,HARF,ISM_MAWSOOL,ISM_MAWSOOL|ISM_MABNI|HARF,Certificate,MASAQ:51,Certificate,harf_vs_mawsool
21,28,5,وَمَا,وما,أَيْدِيهِمْ,خَلْفَهُمْ,HARF,ISM_MAWSOOL,ISM_MAWSOOL|ISM_MABNI|HARF,Certificate,MASAQ:51,Certificate,harf_vs_mawsool
21,34,1,وَمَا,وما,,جَعَلْنَا,HARF,ISM_MAWSOOL,ISM_MAWSOOL|ISM_MABNI|HARF,Certificate,MASAQ:51,Certificate,harf_vs_mawsool
21,45,9,إِذَا,إذا,الدُّعَاءَ,مَا,HARF,ISM_MABNI,ISM_MABNI,Certificate,registry:exact:02_mabniyat/built_in_adverbs.json#21,Certificate,harf_vs_mabni
21,52,1,إِذْ,إذ,,قَالَ,HARF,ISM_MABNI,ISM_MABNI,Certificate,registry:exact:02_mabniyat/built_in_adverbs.json#13,Certificate,harf_vs_mabni
21,56,4,رَبُّ,رب,رَبُّكُمْ,السَّمَاوَاتِ,ISM_MUARAB,HARF,HARF,Certificate,registry:plain:02_mabniyat/preposition_meanings.json#40,Certificate,ISM_MUARAB_to_HARF
21,65,1,ثُمَّ,ثم,,نُكِسُوا,HARF,ISM_MABNI,ISM_MABNI,Hypothesis,registry-exact-hypothesis:exact:02_mabniyat/built_in_adverbs,Hypothesis,harf_vs_mabni
21,65,7,مَا,ما,عَلِمْتَ,هَؤُلَاءِ,HARF,ISM_MAWSOOL,ISM_MAWSOOL|ISM_MABNI|HARF,Hypothesis,registry-exact-hypothesis:exact:02_mabniyat/relative_pronoun,Hypothesis,harf_vs_mawsool
21,76,2,إِذْ,إذ,وَنُوحَاً,نَادَى,HARF,ISM_MABNI,ISM_MABNI,Certificate,registry:exact:02_mabniyat/built_in_adverbs.json#13,Certificate,harf_vs_mabni
21,78,3,إِذْ,إذ,وَسُلَيْمَانَ,يَحْكُمَانِ,HARF,ISM_MABNI,ISM_MABNI,Certificate,registry:exact:02_mabniyat/built_in_adverbs.json#13,Certificate,harf_vs_mabni
21,78,7,إِذْ,إذ,الْحَرْثِ,نَفَشَتْ,HARF,ISM_MABNI,ISM_MABNI,Certificate,registry:exact:02_mabniyat/built_in_adverbs.json#13,Certificate,harf_vs_mabni
21,83,2,إِذْ,إذ,وَأَيُّوبَ,نَادَى,HARF,ISM_MABNI,ISM_MABNI,Certificate,registry:exact:02_mabniyat/built_in_adverbs.json#13,Certificate,harf_vs_mabni
21,87,3,إِذْ,إذ,النُّونِ,ذَهَبَ,HARF,ISM_MABNI,ISM_MABNI,Certificate,registry:exact:02_mabniyat/built_in_adverbs.json#13,Certificate,harf_vs_mabni
21,89,2,إِذْ,إذ,وَزَكَرِيَّا,نَادَى,HARF,ISM_MABNI,ISM_MABNI,Certificate,registry:exact:02_mabniyat/built_in_adverbs.json#13,Certificate,harf_vs_mabni
21,89,5,رَبِّ,رب,رَبَّهُ,لَا,ISM_MUARAB,HARF,HARF,Certificate,registry:plain:02_mabniyat/preposition_meanings.json#40,Certificate,ISM_MUARAB_to_HARF
21,96,2,إِذَا,إذا,حَتَّى,فُتِحَتْ,HARF,ISM_MABNI,ISM_MABNI,Certificate,registry:exact:02_mabniyat/built_in_adverbs.json#21,Certificate,harf_vs_mabni
21,97,11,قَدْ,قد,يَاوَيْلَنَا,كُنَّا,HARF,ISM_MABNI,ISM_MABNI|FIIL,Hypothesis,registry-exact-hypothesis:exact:02_mabniyat/verb_name.json#9,Hypothesis,harf_vs_mabni
21,98,2,وَمَا,وما,إِنَّكُمْ,تَعْبُدُونَ,HARF,ISM_MAWSOOL,ISM_MAWSOOL|ISM_MABNI|HARF,Certificate,MASAQ:51,Certificate,harf_vs_mawsool
21,99,5,مَا,ما,آلِهَةً,وَرَدُوهَا,HARF,ISM_MAWSOOL,ISM_MAWSOOL|ISM_MABNI|HARF,Hypothesis,registry-exact-hypothesis:exact:02_mabniyat/relative_pronoun,Hypothesis,harf_vs_mawsool
21,107,1,وَمَا,وما,,أَرْسَلْنَاكَ,HARF,ISM_MAWSOOL,ISM_MAWSOOL|ISM_MABNI|HARF,Certificate,MASAQ:51,Certificate,harf_vs_mawsool
21,108,4,إِلَيَّ,إلي,يُوحَى,أَنَّمَا,HARF,ISM_MABNI,ISM_MABNI|FIIL,Hypothesis,registry-exact-hypothesis:exact:02_mabniyat/verb_name.json#8,Hypothesis,harf_vs_mabni
21,112,2,رَبِّ,رب,قَالَ,احْكُمْ,ISM_MUARAB,HARF,HARF,Certificate,registry:plain:02_mabniyat/preposition_meanings.json#40,Certificate,ISM_MUARAB_to_HARF
22,2,10,ذَاتِ,ذات,كُلُّ,حَمْلٍ,ISM_MUARAB,ISM_MAWSOOL,ISM_MAWSOOL,Certificate,registry:plain:02_mabniyat/relative_pronouns.json#19,Certificate,ISM_MUARAB_to_ISM_MAWSOOL
22,2,16,وَمَا,وما,سُكَارَى,هُمْ,HARF,ISM_MAWSOOL,ISM_MAWSOOL|ISM_MABNI|HARF,Certificate,MASAQ:51,Certificate,harf_vs_mawsool
22,5,13,ثُمَّ,ثم,تُرَابٍ,مِنْ,HARF,ISM_MABNI,ISM_MABNI,Hypothesis,registry-exact-hypothesis:exact:02_mabniyat/built_in_adverbs,Hypothesis,harf_vs_mabni
22,5,16,ثُمَّ,ثم,نُطْفَةٍ,مِنْ,HARF,ISM_MABNI,ISM_MABNI,Hypothesis,registry-exact-hypothesis:exact:02_mabniyat/built_in_adverbs,Hypothesis,harf_vs_mabni
22,5,19,ثُمَّ,ثم,عَلَقَةٍ,مِنْ,HARF,ISM_MABNI,ISM_MABNI,Hypothesis,registry-exact-hypothesis:exact:02_mabniyat/built_in_adverbs,Hypothesis,harf_vs_mabni
22,5,33,أَجَلٍ,أجل,إِلَى,مُسَمَّىً,ISM_MUARAB,HARF,HARF,Certificate,registry:plain:02_mabniyat/letters_answers.json#3,Certificate,ISM_MUARAB_to_HARF
22,5,35,ثُمَّ,ثم,مُسَمَّىً,نُخْرِجُكُمْ,HARF,ISM_MABNI,ISM_MABNI,Hypothesis,registry-exact-hypothesis:exact:02_mabniyat/built_in_adverbs,Hypothesis,harf_vs_mabni
22,5,38,ثُمَّ,ثم,طِفْلَاً,لِتَبْلُغُوا,HARF,ISM_MABNI,ISM_MABNI,Hypothesis,registry-exact-hypothesis:exact:02_mabniyat/built_in_adverbs,Hypothesis,harf_vs_mabni
22,12,8,وَمَا,وما,يَضُرُّهُ,لَا,HARF,ISM_MAWSOOL,ISM_MAWSOOL|ISM_MABNI|HARF,Certificate,MASAQ:51,Certificate,harf_vs_mawsool
22,15,1,مَنْ,من,,كَانَ,HARF,ISM_MAWSOOL,ISM_MAWSOOL|ISM_MABNI|HARF,Hypothesis,registry-exact-hypothesis:exact:02_mabniyat/relative_pronoun,Hypothesis,harf_vs_mawsool
22,15,15,ثُمَّ,ثم,السَّمَاءِ,لْيَقْطَعْ,HARF,ISM_MABNI,ISM_MABNI,Hypothesis,registry-exact-hypothesis:exact:02_mabniyat/built_in_adverbs,Hypothesis,harf_vs_mabni
22,18,10,وَمَنْ,ومن,السَّمَاوَاتِ,فِي,ISM_MAWSOOL,HARF,ISM_MAWSOOL|ISM_MABNI|HARF,Certificate,MASAQ:1895,Certificate,ISM_MAWSOOL_to_HARF
22,22,1,كُلَّمَا,كلما,,أَرَادُوا,ISM_MUARAB,ISM_MABNI,ISM_MABNI,Certificate,registry:exact:02_mabniyat/conditional_letters_tools.json#17,Certificate,ISM_MUARAB_to_ISM_MABNI
22,29,1,ثُمَّ,ثم,,لْيَقْضُوا,HARF,ISM_MABNI,ISM_MABNI,Hypothesis,registry-exact-hypothesis:exact:02_mabniyat/built_in_adverbs,Hypothesis,harf_vs_mabni
22,32,2,وَمَنْ,ومن,ذَلِكَ,يُعَظِّمْ,ISM_MAWSOOL,HARF,ISM_MAWSOOL|ISM_MABNI|HARF,Certificate,MASAQ:1895,Certificate,ISM_MAWSOOL_to_HARF
22,33,5,أَجَلٍ,أجل,إِلَى,مُسَمَّىً,ISM_MUARAB,HARF,HARF,Certificate,registry:plain:02_mabniyat/letters_answers.json#3,Certificate,ISM_MUARAB_to_HARF
22,33,7,ثُمَّ,ثم,مُسَمَّىً,مَحِلُّهَا,HARF,ISM_MABNI,ISM_MABNI,Hypothesis,registry-exact-hypothesis:exact:02_mabniyat/built_in_adverbs,Hypothesis,harf_vs_mabni
22,35,2,إِذَا,إذا,الَّذِينَ,ذُكِرَ,HARF,ISM_MABNI,ISM_MABNI,Certificate,registry:exact:02_mabniyat/built_in_adverbs.json#21,Certificate,harf_vs_mabni
22,39,1,أُذِنَ,أذن,,لِلَّذِينَ,FIIL,HARF,HARF,Certificate,registry:plain:02_mabniyat/present_naseb_tools.json#3,Certificate,FIIL_to_HARF
22,44,7,ثُمَّ,ثم,لِلْكَافِرِينَ,أَخَذْتُهُمْ,HARF,ISM_MABNI,ISM_MABNI,Hypothesis,registry-exact-hypothesis:exact:02_mabniyat/built_in_adverbs,Hypothesis,harf_vs_mabni
22,48,8,ثُمَّ,ثم,ظَالِمَةٌ,أَخَذْتُهَا,HARF,ISM_MABNI,ISM_MABNI,Hypothesis,registry-exact-hypothesis:exact:02_mabniyat/built_in_adverbs,Hypothesis,harf_vs_mabni
22,52,1,وَمَا,وما,,أَرْسَلْنَا,HARF,ISM_MAWSOOL,ISM_MAWSOOL|ISM_MABNI|HARF,Certificate,MASAQ:51,Certificate,harf_vs_mawsool
22,52,10,إِذَا,إذا,إِلَّا,تَمَنَّى,HARF,ISM_MABNI,ISM_MABNI,Certificate,registry:exact:02_mabniyat/built_in_adverbs.json#21,Certificate,harf_vs_mabni
22,52,21,ثُمَّ,ثم,الشَّيْطَانُ,يُحْكِمُ,HARF,ISM_MABNI,ISM_MABNI,Hypothesis,registry-exact-hypothesis:exact:02_mabniyat/built_in_adverbs,Hypothesis,harf_vs_mabni
22,58,6,ثُمَّ,ثم,اللَّهِ,قُتِلُوا,HARF,ISM_MABNI,ISM_MABNI,Hypothesis,registry-exact-hypothesis:exact:02_mabniyat/built_in_adverbs,Hypothesis,harf_vs_mabni
22,60,8,ثُمَّ,ثم,بِهِ,بُغِيَ,HARF,ISM_MABNI,ISM_MABNI,Hypothesis,registry-exact-hypothesis:exact:02_mabniyat/built_in_adverbs,Hypothesis,harf_vs_mabni
22,64,5,وَمَا,وما,السَّمَاوَاتِ,فِي,HARF,ISM_MAWSOOL,ISM_MAWSOOL|ISM_MABNI|HARF,Certificate,MASAQ:51,Certificate,harf_vs_mawsool
22,66,4,ثُمَّ,ثم,أَحْيَاكُمْ,يُمِيتُكُمْ,HARF,ISM_MABNI,ISM_MABNI,Hypothesis,registry-exact-hypothesis:exact:02_mabniyat/built_in_adverbs,Hypothesis,harf_vs_mabni
22,66,6,ثُمَّ,ثم,يُمِيتُكُمْ,يُحْيِيكُمْ,HARF,ISM_MABNI,ISM_MABNI,Hypothesis,registry-exact-hypothesis:exact:02_mabniyat/built_in_adverbs,Hypothesis,harf_vs_mabni
22,68,5,أَعْلَمُ,أعلم,اللَّهُ,بِمَا,ISM_MUARAB,FIIL,,Certificate,MASAQ:477,Certificate,noun_misread_as_verb
22,71,10,وَمَا,وما,سُلْطَانَاً,لَيْسَ,HARF,ISM_MAWSOOL,ISM_MAWSOOL|ISM_MABNI|HARF,Certificate,MASAQ:51,Certificate,harf_vs_mawsool
22,71,15,وَمَا,وما,عِلْمٌ,لِلظَّالِمِينَ,HARF,ISM_MAWSOOL,ISM_MAWSOOL|ISM_MABNI|HARF,Certificate,MASAQ:51,Certificate,harf_vs_mawsool
22,74,1,مَا,ما,,قَدَرُوا,HARF,ISM_MAWSOOL,ISM_MAWSOOL|ISM_MABNI|HARF,Hypothesis,registry-exact-hypothesis:exact:02_mabniyat/relative_pronoun,Hypothesis,harf_vs_mawsool
22,76,5,وَمَا,وما,أَيْدِيهِمْ,خَلْفَهُمْ,HARF,ISM_MAWSOOL,ISM_MAWSOOL|ISM_MABNI|HARF,Certificate,MASAQ:51,Certificate,harf_vs_mawsool
22,78,8,وَمَا,وما,اجْتَبَاكُمْ,جَعَلَ,HARF,ISM_MAWSOOL,ISM_MAWSOOL|ISM_MABNI|HARF,Certificate,MASAQ:51,Certificate,harf_vs_mawsool
23,1,1,قَدْ,قد,,أَفْلَحَ,HARF,ISM_MABNI,ISM_MABNI|FIIL,Hypothesis,registry-exact-hypothesis:exact:02_mabniyat/verb_name.json#9,Hypothesis,harf_vs_mabni
23,13,1,ثُمَّ,ثم,,جَعَلْنَاهُ,HARF,ISM_MABNI,ISM_MABNI,Hypothesis,registry-exact-hypothesis:exact:02_mabniyat/built_in_adverbs,Hypothesis,harf_vs_mabni
23,14,1,ثُمَّ,ثم,,خَلَقْنَا,HARF,ISM_MABNI,ISM_MABNI,Hypothesis,registry-exact-hypothesis:exact:02_mabniyat/built_in_adverbs,Hypothesis,harf_vs_mabni
23,14,14,ثُمَّ,ثم,لَحْمَاً,أَنْشَأْنَاهُ,HARF,ISM_MABNI,ISM_MABNI,Hypothesis,registry-exact-hypothesis:exact:02_mabniyat/built_in_adverbs,Hypothesis,harf_vs_mabni
23,15,1,ثُمَّ,ثم,,إِنَّكُمْ,HARF,ISM_MABNI,ISM_MABNI,Hypothesis,registry-exact-hypothesis:exact:02_mabniyat/built_in_adverbs,Hypothesis,harf_vs_mabni
23,16,1,ثُمَّ,ثم,,إِنَّكُمْ,HARF,ISM_MABNI,ISM_MABNI,Hypothesis,registry-exact-hypothesis:exact:02_mabniyat/built_in_adverbs,Hypothesis,harf_vs_mabni
23,17,6,وَمَا,وما,طَرَائِقَ,كُنَّا,HARF,ISM_MAWSOOL,ISM_MAWSOOL|ISM_MABNI|HARF,Certificate,MASAQ:51,Certificate,harf_vs_mawsool
23,23,10,مَا,ما,اللَّهَ,لَكُمْ,HARF,ISM_MAWSOOL,ISM_MAWSOOL|ISM_MABNI|HARF,Hypothesis,registry-exact-hypothesis:exact:02_mabniyat/relative_pronoun,Hypothesis,harf_vs_mawsool
23,24,7,مَا,ما,قَوْمِهِ,هَذَا,HARF,ISM_MAWSOOL,ISM_MAWSOOL|ISM_MABNI|HARF,Hypothesis,registry-exact-hypothesis:exact:02_mabniyat/relative_pronoun,Hypothesis,harf_vs_mawsool
23,25,10,حِينٍ,حين,حَتَّى,,HARF,ISM_MUARAB,,Certificate,MASAQ:581,Certificate,HARF_to_ISM_MUARAB
23,26,2,رَبِّ,رب,قَالَ,انْصُرْنِي,ISM_MUARAB,HARF,HARF,Certificate,registry:plain:02_mabniyat/preposition_meanings.json#40,Certificate,ISM_MUARAB_to_HARF
23,28,4,وَمَنْ,ومن,أَنْتَ,مَعَكَ,ISM_MAWSOOL,HARF,ISM_MAWSOOL|ISM_MABNI|HARF,Certificate,MASAQ:1895,Certificate,ISM_MAWSOOL_to_HARF
23,29,2,رَبِّ,رب,وَقُلْ,أَنْزِلْنِي,ISM_MUARAB,HARF,HARF,Certificate,registry:plain:02_mabniyat/preposition_meanings.json#40,Certificate,ISM_MUARAB_to_HARF
23,31,1,ثُمَّ,ثم,,أَنْشَأْنَا,HARF,ISM_MABNI,ISM_MABNI,Hypothesis,registry-exact-hypothesis:exact:02_mabniyat/built_in_adverbs,Hypothesis,harf_vs_mabni
23,32,8,مَا,ما,اللَّهَ,لَكُمْ,HARF,ISM_MAWSOOL,ISM_MAWSOOL|ISM_MABNI|HARF,Hypothesis,registry-exact-hypothesis:exact:02_mabniyat/relative_pronoun,Hypothesis,harf_vs_mawsool
23,33,14,مَا,ما,الدُّنْيَا,هَذَا,HARF,ISM_MAWSOOL,ISM_MAWSOOL|ISM_MABNI|HARF,Hypothesis,registry-exact-hypothesis:exact:02_mabniyat/relative_pronoun,Hypothesis,harf_vs_mawsool
23,34,6,إِذَاً,إذا,إِنَّكُمْ,لَخَاسِرُونَ,HARF,ISM_MABNI,ISM_MABNI,Certificate,registry:plain:02_mabniyat/built_in_adverbs.json#21,Certificate,harf_vs_mabni
23,35,3,إِذَا,إذا,أَنَّكُمْ,مِتُّمْ,HARF,ISM_MABNI,ISM_MABNI,Certificate,registry:exact:02_mabniyat/built_in_adverbs.json#21,Certificate,harf_vs_mabni
23,37,8,وَمَا,وما,وَنَحْيَا,نَحْنُ,HARF,ISM_MAWSOOL,ISM_MAWSOOL|ISM_MABNI|HARF,Certificate,MASAQ:51,Certificate,harf_vs_mawsool
23,38,9,وَمَا,وما,كَذِبَاً,نَحْنُ,HARF,ISM_MAWSOOL,ISM_MAWSOOL|ISM_MABNI|HARF,Certificate,MASAQ:51,Certificate,harf_vs_mawsool
23,39,2,رَبِّ,رب,قَالَ,انْصُرْنِي,ISM_MUARAB,HARF,HARF,Certificate,registry:plain:02_mabniyat/preposition_meanings.json#40,Certificate,ISM_MUARAB_to_HARF
23,42,1,ثُمَّ,ثم,,أَنْشَأْنَا,HARF,ISM_MABNI,ISM_MABNI,Hypothesis,registry-exact-hypothesis:exact:02_mabniyat/built_in_adverbs,Hypothesis,harf_vs_mabni
23,43,1,مَا,ما,,تَسْبِقُ,HARF,ISM_MAWSOOL,ISM_MAWSOOL|ISM_MABNI|HARF,Hypothesis,registry-exact-hypothesis:exact:02_mabniyat/relative_pronoun,Hypothesis,harf_vs_mawsool
23,43,6,وَمَا,وما,أَجَلَهَا,يَسْتَأْخِرُونَ,HARF,ISM_MAWSOOL,ISM_MAWSOOL|ISM_MABNI|HARF,Certificate,MASAQ:51,Certificate,harf_vs_mawsool
23,44,1,ثُمَّ,ثم,,أَرْسَلْنَا,HARF,ISM_MABNI,ISM_MABNI,Hypothesis,registry-exact-hypothesis:exact:02_mabniyat/built_in_adverbs,Hypothesis,harf_vs_mabni
23,44,5,كُلَّما,كل,تَتْرَا,جَاءَ,ISM_MUARAB,ISM_MABNI,ISM_MABNI,Certificate,registry:plain:02_mabniyat/conditional_letters_tools.json#17,Certificate,ISM_MUARAB_to_ISM_MABNI
23,45,1,ثُمَّ,ثم,,أَرْسَلْنَا,HARF,ISM_MABNI,ISM_MABNI,Hypothesis,registry-exact-hypothesis:exact:02_mabniyat/built_in_adverbs,Hypothesis,harf_vs_mabni
23,50,9,ذَاتِ,ذات,رَبْوَةٍ,قَرَارٍ,ISM_MUARAB,ISM_MAWSOOL,ISM_MAWSOOL,Certificate,registry:plain:02_mabniyat/relative_pronouns.json#19,Certificate,ISM_MUARAB_to_ISM_MAWSOOL
23,54,5,حِينٍ,حين,حَتَّى,,HARF,ISM_MUARAB,,Certificate,MASAQ:581,Certificate,HARF_to_ISM_MUARAB
23,64,2,إِذَا,إذا,حَتَّى,أَخَذْنَا,HARF,ISM_MABNI,ISM_MABNI,Certificate,registry:exact:02_mabniyat/built_in_adverbs.json#21,Certificate,harf_vs_mabni
23,64,6,إِذَا,إذا,بِالْعَذَابِ,هُمْ,HARF,ISM_MABNI,ISM_MABNI,Certificate,registry:exact:02_mabniyat/built_in_adverbs.json#21,Certificate,harf_vs_mabni
23,66,1,قَدْ,قد,,كَانَتْ,HARF,ISM_MABNI,ISM_MABNI|FIIL,Hypothesis,registry-exact-hypothesis:exact:02_mabniyat/verb_name.json#9,Hypothesis,harf_vs_mabni
23,71,8,وَمَنْ,ومن,وَالْأَرْضُ,فِيهِنَّ,ISM_MAWSOOL,HARF,ISM_MAWSOOL|ISM_MABNI|HARF,Certificate,MASAQ:1895,Certificate,ISM_MAWSOOL_to_HARF
23,76,7,وَمَا,وما,لِرَبِّهِمْ,يَتَضَرَّعُونَ,HARF,ISM_MAWSOOL,ISM_MAWSOOL|ISM_MABNI|HARF,Certificate,MASAQ:51,Certificate,harf_vs_mawsool
23,77,2,إِذَا,إذا,حَتَّى,فَتَحْنَا,HARF,ISM_MABNI,ISM_MABNI,Certificate,registry:exact:02_mabniyat/built_in_adverbs.json#21,Certificate,harf_vs_mabni
23,77,9,إِذَا,إذا,شَدِيدٍ,هُمْ,HARF,ISM_MABNI,ISM_MABNI,Certificate,registry:exact:02_mabniyat/built_in_adverbs.json#21,Certificate,harf_vs_mabni
23,78,9,مَا,ما,قَلِيلَاً,تَشْكُرُونَ,HARF,ISM_MAWSOOL,ISM_MAWSOOL|ISM_MABNI|HARF,Hypothesis,registry-exact-hypothesis:exact:02_mabniyat/relative_pronoun,Hypothesis,harf_vs_mawsool
23,84,4,وَمَنْ,ومن,الْأَرْضُ,فِيهَا,ISM_MAWSOOL,HARF,ISM_MAWSOOL|ISM_MABNI|HARF,Certificate,MASAQ:1895,Certificate,ISM_MAWSOOL_to_HARF
23,86,3,رَبُّ,رب,مَنْ,السَّمَاوَاتِ,ISM_MUARAB,HARF,HARF,Certificate,registry:plain:02_mabniyat/preposition_meanings.json#40,Certificate,ISM_MUARAB_to_HARF
23,86,8,الْعَظِيمِ,العظيم,الْعَرْشِ,,JAMID,ISM_MUARAB,,Certificate,MASAQ:1848,Certificate,proper_misclassified
23,91,1,مَا,ما,,اتَّخَذَ,HARF,ISM_MAWSOOL,ISM_MAWSOOL|ISM_MABNI|HARF,Hypothesis,registry-exact-hypothesis:exact:02_mabniyat/relative_pronoun,Hypothesis,harf_vs_mawsool
23,91,6,وَمَا,وما,وَلَدٍ,كَانَ,HARF,ISM_MAWSOOL,ISM_MAWSOOL|ISM_MABNI|HARF,Certificate,MASAQ:51,Certificate,harf_vs_mawsool
23,91,11,إِذَاً,إذا,إِلَهٍ,لَذَهَبَ,HARF,ISM_MABNI,ISM_MABNI,Certificate,registry:plain:02_mabniyat/built_in_adverbs.json#21,Certificate,harf_vs_mabni
23,93,2,رَبِّ,رب,قُلْ,إِمَّا,ISM_MUARAB,HARF,HARF,Certificate,registry:plain:02_mabniyat/preposition_meanings.json#40,Certificate,ISM_MUARAB_to_HARF
23,94,1,رَبِّ,رب,,فَلَا,ISM_MUARAB,HARF,HARF,Certificate,registry:plain:02_mabniyat/preposition_meanings.json#40,Certificate,ISM_MUARAB_to_HARF
23,96,7,أَعْلَمُ,أعلم,نَحْنُ,بِمَا,ISM_MUARAB,FIIL,,Certificate,MASAQ:477,Certificate,noun_misread_as_verb
23,97,2,رَبِّ,رب,وَقُلْ,أَعُوذُ,ISM_MUARAB,HARF,HARF,Certificate,registry:plain:02_mabniyat/preposition_meanings.json#40,Certificate,ISM_MUARAB_to_HARF
23,98,3,رَبِّ,رب,بِكَ,أَنْ,ISM_MUARAB,HARF,HARF,Certificate,registry:plain:02_mabniyat/preposition_meanings.json#40,Certificate,ISM_MUARAB_to_HARF
23,99,2,إِذَا,إذا,حَتَّى,جَاءَ,HARF,ISM_MABNI,ISM_MABNI,Certificate,registry:exact:02_mabniyat/built_in_adverbs.json#21,Certificate,harf_vs_mabni
23,99,7,رَبِّ,رب,قَالَ,ارْجِعُونِ,ISM_MUARAB,HARF,HARF,Certificate,registry:plain:02_mabniyat/preposition_meanings.json#40,Certificate,ISM_MUARAB_to_HARF
23,116,3,الْمَلِكُ,الملك,اللَّهُ,الْحَقُّ,JAMID,ISM_MUARAB,,Certificate,MASAQ:30887,Certificate,proper_misclassified
23,116,9,رَبُّ,رب,هُوَ,الْعَرْشِ,ISM_MUARAB,HARF,HARF,Certificate,registry:plain:02_mabniyat/preposition_meanings.json#40,Certificate,ISM_MUARAB_to_HARF
23,118,2,رَبِّ,رب,وَقُلْ,اغْفِرْ,ISM_MUARAB,HARF,HARF,Certificate,registry:plain:02_mabniyat/preposition_meanings.json#40,Certificate,ISM_MUARAB_to_HARF
24,4,4,ثُمَّ,ثم,الْمُحْصَنَاتِ,لَمْ,HARF,ISM_MABNI,ISM_MABNI,Hypothesis,registry-exact-hypothesis:exact:02_mabniyat/built_in_adverbs,Hypothesis,harf_vs_mabni
24,12,2,إِذْ,إذ,لَوْلَا,سَمِعْتُمُوهُ,HARF,ISM_MABNI,ISM_MABNI,Certificate,registry:exact:02_mabniyat/built_in_adverbs.json#13,Certificate,harf_vs_mabni
24,12,4,ظَنَّ,ظن,سَمِعْتُمُوهُ,الْمُؤْمِنُونَ,FIIL,ISM_MUARAB,,Certificate,MASAQ:8761,Certificate,verb_misread_as_noun
24,15,1,إِذْ,إذ,,تَلَقَّوْنَهُ,HARF,ISM_MABNI,ISM_MABNI,Certificate,registry:exact:02_mabniyat/built_in_adverbs.json#13,Certificate,harf_vs_mabni
24,16,2,إِذْ,إذ,وَلَوْلَا,سَمِعْتُمُوهُ,HARF,ISM_MABNI,ISM_MABNI,Certificate,registry:exact:02_mabniyat/built_in_adverbs.json#13,Certificate,harf_vs_mabni
24,21,21,مَا,ما,وَرَحْمَتُهُ,زَكَى,HARF,ISM_MAWSOOL,ISM_MAWSOOL|ISM_MABNI|HARF,Hypothesis,registry-exact-hypothesis:exact:02_mabniyat/relative_pronoun,Hypothesis,harf_vs_mawsool
24,29,16,وَمَا,وما,تُبْدُونَ,تَكْتُمُونَ,HARF,ISM_MAWSOOL,ISM_MAWSOOL|ISM_MABNI|HARF,Certificate,MASAQ:51,Certificate,harf_vs_mawsool
24,36,3,أَذِنَ,أذن,بُيُوتٍ,اللَّهُ,FIIL,HARF,HARF,Certificate,registry:plain:02_mabniyat/present_naseb_tools.json#3,Certificate,FIIL_to_HARF
24,39,10,إِذَا,إذا,حَتَّى,جَاءَهُ,HARF,ISM_MABNI,ISM_MABNI,Certificate,registry:exact:02_mabniyat/built_in_adverbs.json#21,Certificate,harf_vs_mabni
24,40,18,إِذَا,إذا,بَعْضٍ,أَخْرَجَ,HARF,ISM_MABNI,ISM_MABNI,Certificate,registry:exact:02_mabniyat/built_in_adverbs.json#21,Certificate,harf_vs_mabni
24,41,14,قَدْ,قد,كُلٌّ,عَلِمَ,HARF,ISM_MABNI,ISM_MABNI|FIIL,Hypothesis,registry-exact-hypothesis:exact:02_mabniyat/verb_name.json#9,Hypothesis,harf_vs_mabni
24,43,7,ثُمَّ,ثم,سَحَابَاً,يُؤَلِّفُ,HARF,ISM_MABNI,ISM_MABNI,Hypothesis,registry-exact-hypothesis:exact:02_mabniyat/built_in_adverbs,Hypothesis,harf_vs_mabni
24,43,10,ثُمَّ,ثم,بَيْنَهُ,يَجْعَلُهُ,HARF,ISM_MABNI,ISM_MABNI,Hypothesis,registry-exact-hypothesis:exact:02_mabniyat/built_in_adverbs,Hypothesis,harf_vs_mabni
24,47,6,ثُمَّ,ثم,وَأَطَعْنَا,يَتَوَلَّى,HARF,ISM_MABNI,ISM_MABNI,Hypothesis,registry-exact-hypothesis:exact:02_mabniyat/built_in_adverbs,Hypothesis,harf_vs_mabni
24,47,13,وَمَا,وما,ذَلِكَ,أُولَئِكَ,HARF,ISM_MAWSOOL,ISM_MAWSOOL|ISM_MABNI|HARF,Certificate,MASAQ:51,Certificate,harf_vs_mawsool
24,48,8,إِذَا,إذا,بَيْنَهُمْ,فَرِيقٌ,HARF,ISM_MABNI,ISM_MABNI,Certificate,registry:exact:02_mabniyat/built_in_adverbs.json#21,Certificate,harf_vs_mabni
24,51,5,إِذَا,إذا,الْمُؤْمِنِينَ,دُعُوا,HARF,ISM_MABNI,ISM_MABNI,Certificate,registry:exact:02_mabniyat/built_in_adverbs.json#21,Certificate,harf_vs_mabni
24,54,18,وَمَا,وما,تَهْتَدُوا,عَلَى,HARF,ISM_MAWSOOL,ISM_MAWSOOL|ISM_MABNI|HARF,Certificate,MASAQ:51,Certificate,harf_vs_mawsool
24,63,9,قَدْ,قد,بَعْضَاً,يَعْلَمُ,HARF,ISM_MABNI,ISM_MABNI|FIIL,Hypothesis,registry-exact-hypothesis:exact:02_mabniyat/verb_name.json#9,Hypothesis,harf_vs_mabni
24,64,8,قَدْ,قد,وَالْأَرْضِ,يَعْلَمُ,HARF,ISM_MABNI,ISM_MABNI|FIIL,Hypothesis,registry-exact-hypothesis:exact:02_mabniyat/verb_name.json#9,Hypothesis,harf_vs_mabni
25,12,1,إِذَا,إذا,,رَأَتْهُمْ,HARF,ISM_MABNI,ISM_MABNI,Certificate,registry:exact:02_mabniyat/built_in_adverbs.json#21,Certificate,harf_vs_mabni
25,17,3,وَمَا,وما,يَحْشُرُهُمْ,يَعْبُدُونَ,HARF,ISM_MAWSOOL,ISM_MAWSOOL|ISM_MABNI|HARF,Certificate,MASAQ:51,Certificate,harf_vs_mawsool
25,18,3,مَا,ما,سُبْحَانَكَ,كَانَ,HARF,ISM_MAWSOOL,ISM_MAWSOOL|ISM_MABNI|HARF,Hypothesis,registry-exact-hypothesis:exact:02_mabniyat/relative_pronoun,Hypothesis,harf_vs_mawsool
25,20,1,وَمَا,وما,,أَرْسَلْنَا,HARF,ISM_MAWSOOL,ISM_MAWSOOL|ISM_MABNI|HARF,Certificate,MASAQ:51,Certificate,harf_vs_mawsool
25,29,6,إِذْ,إذ,بَعْدَ,جَاءَنِي,HARF,ISM_MABNI,ISM_MABNI,Certificate,registry:exact:02_mabniyat/built_in_adverbs.json#13,Certificate,harf_vs_mabni
25,37,3,لَمَّا,لما,نُوحٍ,كَذَّبُوا,HARF,ISM_MABNI,ISM_MABNI|HARF,Hypothesis,registry-exact-hypothesis:exact:02_mabniyat/conditional_lett,Hypothesis,harf_vs_mabni
25,45,12,ثُمَّ,ثم,سَاكِنَاً,جَعَلْنَا,HARF,ISM_MABNI,ISM_MABNI,Hypothesis,registry-exact-hypothesis:exact:02_mabniyat/built_in_adverbs,Hypothesis,harf_vs_mabni
25,46,1,ثُمَّ,ثم,,قَبَضْنَاهُ,HARF,ISM_MABNI,ISM_MABNI,Hypothesis,registry-exact-hypothesis:exact:02_mabniyat/built_in_adverbs,Hypothesis,harf_vs_mabni
25,56,1,وَمَا,وما,,أَرْسَلْنَاكَ,HARF,ISM_MAWSOOL,ISM_MAWSOOL|ISM_MABNI|HARF,Certificate,MASAQ:51,Certificate,harf_vs_mawsool
25,57,2,مَا,ما,قُلْ,أَسْأَلُكُمْ,HARF,ISM_MAWSOOL,ISM_MAWSOOL|ISM_MABNI|HARF,Hypothesis,registry-exact-hypothesis:exact:02_mabniyat/relative_pronoun,Hypothesis,harf_vs_mawsool
25,58,3,الْحَيِّ,الحي,عَلَى,الَّذِي,JAMID,ISM_MUARAB,,Certificate,MASAQ:6627,Certificate,proper_misclassified
25,59,10,ثُمَّ,ثم,أَيَّامٍ,اسْتَوَى,HARF,ISM_MABNI,ISM_MABNI,Hypothesis,registry-exact-hypothesis:exact:02_mabniyat/built_in_adverbs,Hypothesis,harf_vs_mabni
25,60,7,وَمَا,وما,قَالُوا,الرَّحْمَنُ,HARF,ISM_MAWSOOL,ISM_MAWSOOL|ISM_MABNI|HARF,Certificate,MASAQ:51,Certificate,harf_vs_mawsool
25,67,2,إِذَا,إذا,وَالَّذِينَ,أَنْفَقُوا,HARF,ISM_MABNI,ISM_MABNI,Certificate,registry:exact:02_mabniyat/built_in_adverbs.json#21,Certificate,harf_vs_mabni
25,73,2,إِذَا,إذا,وَالَّذِينَ,ذُكِّرُوا,HARF,ISM_MABNI,ISM_MABNI,Certificate,registry:exact:02_mabniyat/built_in_adverbs.json#21,Certificate,harf_vs_mabni
25,77,2,مَا,ما,قُلْ,يَعْبَأُ,HARF,ISM_MAWSOOL,ISM_MAWSOOL|ISM_MABNI|HARF,Hypothesis,registry-exact-hypothesis:exact:02_mabniyat/relative_pronoun,Hypothesis,harf_vs_mawsool
26,5,1,وَمَا,وما,,يَأْتِيهِمْ,HARF,ISM_MAWSOOL,ISM_MAWSOOL|ISM_MABNI|HARF,Certificate,MASAQ:51,Certificate,harf_vs_mawsool
26,8,5,وَمَا,وما,لَآيَةً,كَانَ,HARF,ISM_MAWSOOL,ISM_MAWSOOL|ISM_MABNI|HARF,Certificate,MASAQ:51,Certificate,harf_vs_mawsool
26,12,2,رَبِّ,رب,قَالَ,إِنِّي,ISM_MUARAB,HARF,HARF,Certificate,registry:plain:02_mabniyat/preposition_meanings.json#40,Certificate,ISM_MUARAB_to_HARF
26,16,6,رَبِّ,رب,رَسُولُ,الْعَالَمِينَ,ISM_MUARAB,HARF,HARF,Certificate,registry:plain:02_mabniyat/preposition_meanings.json#40,Certificate,ISM_MUARAB_to_HARF
26,18,10,سِنِينَ,سنين,عُمُرِكَ,,HARF,ISM_MUARAB,,Certificate,MASAQ:30885,Certificate,HARF_to_ISM_MUARAB
26,20,3,إِذَاً,إذا,فَعَلْتُهَا,وَأَنَا,HARF,ISM_MABNI,ISM_MABNI,Certificate,registry:plain:02_mabniyat/built_in_adverbs.json#21,Certificate,harf_vs_mabni
26,21,3,لَمَّا,لما,مِنْكُمْ,خِفْتُكُمْ,HARF,ISM_MABNI,ISM_MABNI|HARF,Hypothesis,registry-exact-hypothesis:exact:02_mabniyat/conditional_lett,Hypothesis,harf_vs_mabni
26,23,3,وَمَا,وما,فِرْعَوْنُ,رَبُّ,HARF,ISM_MAWSOOL,ISM_MAWSOOL|ISM_MABNI|HARF,Certificate,MASAQ:51,Certificate,harf_vs_mawsool
26,23,4,رَبُّ,رب,وَمَا,الْعَالَمِينَ,ISM_MUARAB,HARF,HARF,Certificate,registry:plain:02_mabniyat/preposition_meanings.json#40,Certificate,ISM_MUARAB_to_HARF
26,24,2,رَبُّ,رب,قَالَ,السَّمَاوَاتِ,ISM_MUARAB,HARF,HARF,Certificate,registry:plain:02_mabniyat/preposition_meanings.json#40,Certificate,ISM_MUARAB_to_HARF
26,26,3,وَرَبُّ,ورب,رَبُّكُمْ,آبَائِكُمُ,ISM_MUARAB,HARF,HARF,Certificate,MASAQ:44865,Certificate,ISM_MUARAB_to_HARF
26,28,2,رَبُّ,رب,قَالَ,الْمَشْرِقِ,ISM_MUARAB,HARF,HARF,Certificate,registry:plain:02_mabniyat/preposition_meanings.json#40,Certificate,ISM_MUARAB_to_HARF
26,42,4,إِذَاً,إذا,وَإِنَّكُمْ,لَمِنَ,HARF,ISM_MABNI,ISM_MABNI,Certificate,registry:plain:02_mabniyat/built_in_adverbs.json#21,Certificate,harf_vs_mabni
26,48,1,رَبِّ,رب,,مُوسَى,ISM_MUARAB,HARF,HARF,Certificate,registry:plain:02_mabniyat/preposition_meanings.json#40,Certificate,ISM_MUARAB_to_HARF
26,49,6,آذَنَ,آذن,أَنْ,لَكُمْ,FIIL,HARF,HARF,Certificate,registry:plain:02_mabniyat/present_naseb_tools.json#3,Certificate,FIIL_to_HARF
26,64,2,ثَمَّ,ثم,وَأَزْلَفْنَا,الْآخَرِينَ,HARF,ISM_MABNI,ISM_MABNI,Hypothesis,registry-exact-hypothesis:exact:02_mabniyat/built_in_adverbs,Hypothesis,harf_vs_mabni
26,65,3,وَمَنْ,ومن,مُوسَى,مَعَهُ,ISM_MAWSOOL,HARF,ISM_MAWSOOL|ISM_MABNI|HARF,Certificate,MASAQ:1895,Certificate,ISM_MAWSOOL_to_HARF
26,66,1,ثُمَّ,ثم,,أَغْرَقْنَا,HARF,ISM_MABNI,ISM_MABNI,Hypothesis,registry-exact-hypothesis:exact:02_mabniyat/built_in_adverbs,Hypothesis,harf_vs_mabni
26,67,5,وَمَا,وما,لَآيَةً,كَانَ,HARF,ISM_MAWSOOL,ISM_MAWSOOL|ISM_MABNI|HARF,Certificate,MASAQ:51,Certificate,harf_vs_mawsool
26,70,1,إِذْ,إذ,,قَالَ,HARF,ISM_MABNI,ISM_MABNI,Certificate,registry:exact:02_mabniyat/built_in_adverbs.json#13,Certificate,harf_vs_mabni
26,72,4,إِذْ,إذ,يَسْمَعُونَكُمْ,تَدْعُونَ,HARF,ISM_MABNI,ISM_MABNI,Certificate,registry:exact:02_mabniyat/built_in_adverbs.json#13,Certificate,harf_vs_mabni
26,77,5,رَبَّ,رب,إِلَّا,الْعَالَمِينَ,ISM_MUARAB,HARF,HARF,Certificate,registry:plain:02_mabniyat/preposition_meanings.json#40,Certificate,ISM_MUARAB_to_HARF
26,81,3,ثُمَّ,ثم,يُمِيتُنِي,يُحْيِينِ,HARF,ISM_MABNI,ISM_MABNI,Hypothesis,registry-exact-hypothesis:exact:02_mabniyat/built_in_adverbs,Hypothesis,harf_vs_mabni
26,83,1,رَبِّ,رب,,هَبْ,ISM_MUARAB,HARF,HARF,Certificate,registry:plain:02_mabniyat/preposition_meanings.json#40,Certificate,ISM_MUARAB_to_HARF
26,98,1,إِذْ,إذ,,نُسَوِّيكُمْ,HARF,ISM_MABNI,ISM_MABNI,Certificate,registry:exact:02_mabniyat/built_in_adverbs.json#13,Certificate,harf_vs_mabni
26,99,1,وَمَا,وما,,أَضَلَّنَا,HARF,ISM_MAWSOOL,ISM_MAWSOOL|ISM_MABNI|HARF,Certificate,MASAQ:51,Certificate,harf_vs_mawsool
26,103,5,وَمَا,وما,لَآيَةً,كَانَ,HARF,ISM_MAWSOOL,ISM_MAWSOOL|ISM_MABNI|HARF,Certificate,MASAQ:51,Certificate,harf_vs_mawsool
26,106,1,إِذْ,إذ,,قَالَ,HARF,ISM_MABNI,ISM_MABNI,Certificate,registry:exact:02_mabniyat/built_in_adverbs.json#13,Certificate,harf_vs_mabni
26,109,1,وَمَا,وما,,أَسْأَلُكُمْ,HARF,ISM_MAWSOOL,ISM_MAWSOOL|ISM_MABNI|HARF,Certificate,MASAQ:51,Certificate,harf_vs_mawsool
26,109,10,رَبِّ,رب,عَلَى,الْعَالَمِينَ,ISM_MUARAB,HARF,HARF,Certificate,registry:plain:02_mabniyat/preposition_meanings.json#40,Certificate,ISM_MUARAB_to_HARF
26,112,2,وَمَا,وما,قَالَ,عِلْمِي,HARF,ISM_MAWSOOL,ISM_MAWSOOL|ISM_MABNI|HARF,Certificate,MASAQ:51,Certificate,harf_vs_mawsool
26,114,1,وَمَا,وما,,أَنَا,HARF,ISM_MAWSOOL,ISM_MAWSOOL|ISM_MABNI|HARF,Certificate,MASAQ:51,Certificate,harf_vs_mawsool
26,117,2,رَبِّ,رب,قَالَ,إِنَّ,ISM_MUARAB,HARF,HARF,Certificate,registry:plain:02_mabniyat/preposition_meanings.json#40,Certificate,ISM_MUARAB_to_HARF
26,118,6,وَمَنْ,ومن,وَنَجِّنِي,مَعِيَ,ISM_MAWSOOL,HARF,ISM_MAWSOOL|ISM_MABNI|HARF,Certificate,MASAQ:1895,Certificate,ISM_MAWSOOL_to_HARF
26,119,2,وَمَنْ,ومن,فَأَنْجَيْنَاهُ,مَعَهُ,ISM_MAWSOOL,HARF,ISM_MAWSOOL|ISM_MABNI|HARF,Certificate,MASAQ:1895,Certificate,ISM_MAWSOOL_to_HARF
26,120,1,ثُمَّ,ثم,,أَغْرَقْنَا,HARF,ISM_MABNI,ISM_MABNI,Hypothesis,registry-exact-hypothesis:exact:02_mabniyat/built_in_adverbs,Hypothesis,harf_vs_mabni
26,121,5,وَمَا,وما,لَآيَةً,كَانَ,HARF,ISM_MAWSOOL,ISM_MAWSOOL|ISM_MABNI|HARF,Certificate,MASAQ:51,Certificate,harf_vs_mawsool
26,124,1,إِذْ,إذ,,قَالَ,HARF,ISM_MABNI,ISM_MABNI,Certificate,registry:exact:02_mabniyat/built_in_adverbs.json#13,Certificate,harf_vs_mabni
26,127,1,وَمَا,وما,,أَسْأَلُكُمْ,HARF,ISM_MAWSOOL,ISM_MAWSOOL|ISM_MABNI|HARF,Certificate,MASAQ:51,Certificate,harf_vs_mawsool
26,127,10,رَبِّ,رب,عَلَى,الْعَالَمِينَ,ISM_MUARAB,HARF,HARF,Certificate,registry:plain:02_mabniyat/preposition_meanings.json#40,Certificate,ISM_MUARAB_to_HARF
26,138,1,وَمَا,وما,,نَحْنُ,HARF,ISM_MAWSOOL,ISM_MAWSOOL|ISM_MABNI|HARF,Certificate,MASAQ:51,Certificate,harf_vs_mawsool
26,139,7,وَمَا,وما,لَآيَةً,كَانَ,HARF,ISM_MAWSOOL,ISM_MAWSOOL|ISM_MABNI|HARF,Certificate,MASAQ:51,Certificate,harf_vs_mawsool
26,142,1,إِذْ,إذ,,قَالَ,HARF,ISM_MABNI,ISM_MABNI,Certificate,registry:exact:02_mabniyat/built_in_adverbs.json#13,Certificate,harf_vs_mabni
26,142,5,صَالِحٌ,صالح,أَخُوهُمْ,أَلَا,JAMID,ISM_MUARAB,,Certificate,MASAQ:26255,Certificate,proper_misclassified
26,145,1,وَمَا,وما,,أَسْأَلُكُمْ,HARF,ISM_MAWSOOL,ISM_MAWSOOL|ISM_MABNI|HARF,Certificate,MASAQ:51,Certificate,harf_vs_mawsool
26,145,10,رَبِّ,رب,عَلَى,الْعَالَمِينَ,ISM_MUARAB,HARF,HARF,Certificate,registry:plain:02_mabniyat/preposition_meanings.json#40,Certificate,ISM_MUARAB_to_HARF
26,146,4,هَاهُنَا,هاهنا,مَا,آمِنِينَ,HARF,ISM_MABNI,ISM_MABNI,Certificate,registry:exact:02_mabniyat/demonstrative_pronouns.json#4,Certificate,harf_vs_mabni
26,154,1,مَا,ما,,أَنْتَ,HARF,ISM_MAWSOOL,ISM_MAWSOOL|ISM_MABNI|HARF,Hypothesis,registry-exact-hypothesis:exact:02_mabniyat/relative_pronoun,Hypothesis,harf_vs_mawsool
26,158,7,وَمَا,وما,لَآيَةً,كَانَ,HARF,ISM_MAWSOOL,ISM_MAWSOOL|ISM_MABNI|HARF,Certificate,MASAQ:51,Certificate,harf_vs_mawsool
26,161,1,إِذْ,إذ,,قَالَ,HARF,ISM_MABNI,ISM_MABNI,Certificate,registry:exact:02_mabniyat/built_in_adverbs.json#13,Certificate,harf_vs_mabni
26,164,1,وَمَا,وما,,أَسْأَلُكُمْ,HARF,ISM_MAWSOOL,ISM_MAWSOOL|ISM_MABNI|HARF,Certificate,MASAQ:51,Certificate,harf_vs_mawsool
26,164,10,رَبِّ,رب,عَلَى,الْعَالَمِينَ,ISM_MUARAB,HARF,HARF,Certificate,registry:plain:02_mabniyat/preposition_meanings.json#40,Certificate,ISM_MUARAB_to_HARF
26,169,1,رَبِّ,رب,,نَجِّنِي,ISM_MUARAB,HARF,HARF,Certificate,registry:plain:02_mabniyat/preposition_meanings.json#40,Certificate,ISM_MUARAB_to_HARF
26,172,1,ثُمَّ,ثم,,دَمَّرْنَا,HARF,ISM_MABNI,ISM_MABNI,Hypothesis,registry-exact-hypothesis:exact:02_mabniyat/built_in_adverbs,Hypothesis,harf_vs_mabni
26,174,5,وَمَا,وما,لَآيَةً,كَانَ,HARF,ISM_MAWSOOL,ISM_MAWSOOL|ISM_MABNI|HARF,Certificate,MASAQ:51,Certificate,harf_vs_mawsool
26,177,1,إِذْ,إذ,,قَالَ,HARF,ISM_MABNI,ISM_MABNI,Certificate,registry:exact:02_mabniyat/built_in_adverbs.json#13,Certificate,harf_vs_mabni
26,180,1,وَمَا,وما,,أَسْأَلُكُمْ,HARF,ISM_MAWSOOL,ISM_MAWSOOL|ISM_MABNI|HARF,Certificate,MASAQ:51,Certificate,harf_vs_mawsool
26,180,10,رَبِّ,رب,عَلَى,الْعَالَمِينَ,ISM_MUARAB,HARF,HARF,Certificate,registry:plain:02_mabniyat/preposition_meanings.json#40,Certificate,ISM_MUARAB_to_HARF
26,186,1,وَمَا,وما,,أَنْتَ,HARF,ISM_MAWSOOL,ISM_MAWSOOL|ISM_MABNI|HARF,Certificate,MASAQ:51,Certificate,harf_vs_mawsool
26,188,3,أَعْلَمُ,أعلم,رَبِّي,بِمَا,ISM_MUARAB,FIIL,,Certificate,MASAQ:477,Certificate,noun_misread_as_verb
26,190,5,وَمَا,وما,لَآيَةً,كَانَ,HARF,ISM_MAWSOOL,ISM_MAWSOOL|ISM_MABNI|HARF,Certificate,MASAQ:51,Certificate,harf_vs_mawsool
26,192,3,رَبِّ,رب,لَتَنْزِيلُ,الْعَالَمِينَ,ISM_MUARAB,HARF,HARF,Certificate,registry:plain:02_mabniyat/preposition_meanings.json#40,Certificate,ISM_MUARAB_to_HARF
26,199,3,مَا,ما,عَلَيْهِمْ,كَانُوا,HARF,ISM_MAWSOOL,ISM_MAWSOOL|ISM_MABNI|HARF,Hypothesis,registry-exact-hypothesis:exact:02_mabniyat/relative_pronoun,Hypothesis,harf_vs_mawsool
26,205,4,سِنِينَ,سنين,مَتَّعْنَاهُمْ,,HARF,ISM_MUARAB,,Certificate,MASAQ:30885,Certificate,HARF_to_ISM_MUARAB
26,206,1,ثُمَّ,ثم,,جَاءَهُمْ,HARF,ISM_MABNI,ISM_MABNI,Hypothesis,registry-exact-hypothesis:exact:02_mabniyat/built_in_adverbs,Hypothesis,harf_vs_mabni
26,207,1,مَا,ما,,أَغْنَى,HARF,ISM_MAWSOOL,ISM_MAWSOOL|ISM_MABNI|HARF,Hypothesis,registry-exact-hypothesis:exact:02_mabniyat/relative_pronoun,Hypothesis,harf_vs_mawsool
26,208,1,وَمَا,وما,,أَهْلَكْنَا,HARF,ISM_MAWSOOL,ISM_MAWSOOL|ISM_MABNI|HARF,Certificate,MASAQ:51,Certificate,harf_vs_mawsool
26,209,2,وَمَا,وما,ذِكْرَى,كُنَّا,HARF,ISM_MAWSOOL,ISM_MAWSOOL|ISM_MABNI|HARF,Certificate,MASAQ:51,Certificate,harf_vs_mawsool
26,210,1,وَمَا,وما,,تَنَزَّلَتْ,HARF,ISM_MAWSOOL,ISM_MAWSOOL|ISM_MABNI|HARF,Certificate,MASAQ:51,Certificate,harf_vs_mawsool
26,211,1,وَمَا,وما,,يَنْبَغِي,HARF,ISM_MAWSOOL,ISM_MAWSOOL|ISM_MABNI|HARF,Certificate,MASAQ:51,Certificate,harf_vs_mawsool
26,211,4,وَمَا,وما,لَهُمْ,يَسْتَطِيعُونَ,HARF,ISM_MAWSOOL,ISM_MAWSOOL|ISM_MABNI|HARF,Certificate,MASAQ:51,Certificate,harf_vs_mawsool
26,227,12,مَا,ما,بَعْدِ,ظُلِمُوا,HARF,ISM_MAWSOOL,ISM_MAWSOOL|ISM_MABNI|HARF,Hypothesis,registry-exact-hypothesis:exact:02_mabniyat/relative_pronoun,Hypothesis,harf_vs_mawsool
26,227,17,أَيَّ,أي,ظَلَمُوا,مُنْقَلَبٍ,HARF,ISM_MABNI,ISM_MABNI|HARF,Hypothesis,registry-exact-hypothesis:exact:02_mabniyat/conditional_lett,Hypothesis,harf_vs_mabni
27,7,1,إِذْ,إذ,,قَالَ,HARF,ISM_MABNI,ISM_MABNI,Certificate,registry:exact:02_mabniyat/built_in_adverbs.json#13,Certificate,harf_vs_mabni
27,8,13,رَبِّ,رب,اللَّهِ,الْعَالَمِينَ,ISM_MUARAB,HARF,HARF,Certificate,registry:plain:02_mabniyat/preposition_meanings.json#40,Certificate,ISM_MUARAB_to_HARF
27,11,4,ثُمَّ,ثم,ظَلَمَ,بَدَّلَ,HARF,ISM_MABNI,ISM_MABNI,Hypothesis,registry-exact-hypothesis:exact:02_mabniyat/built_in_adverbs,Hypothesis,harf_vs_mabni
27,18,2,إِذَا,إذا,حَتَّى,أَتَوْا,HARF,ISM_MABNI,ISM_MABNI,Certificate,registry:exact:02_mabniyat/built_in_adverbs.json#21,Certificate,harf_vs_mabni
27,19,6,رَبِّ,رب,وَقَالَ,أَوْزِعْنِي,ISM_MUARAB,HARF,HARF,Certificate,registry:plain:02_mabniyat/preposition_meanings.json#40,Certificate,ISM_MUARAB_to_HARF
27,20,4,مَا,ما,فَقَالَ,لِيَ,HARF,ISM_MAWSOOL,ISM_MAWSOOL|ISM_MABNI|HARF,Hypothesis,registry-exact-hypothesis:exact:02_mabniyat/relative_pronoun,Hypothesis,harf_vs_mawsool
27,26,6,رَبُّ,رب,هُوَ,الْعَرْشِ,ISM_MUARAB,HARF,HARF,Certificate,registry:plain:02_mabniyat/preposition_meanings.json#40,Certificate,ISM_MUARAB_to_HARF
27,28,6,ثُمَّ,ثم,إِلَيْهِمْ,تَوَلَّ,HARF,ISM_MABNI,ISM_MABNI,Hypothesis,registry-exact-hypothesis:exact:02_mabniyat/built_in_adverbs,Hypothesis,harf_vs_mabni
27,28,10,مَاذَا,ماذا,فَانْظُرْ,يَرْجِعُونَ,HARF,ISM_MABNI,ISM_MABNI,Certificate,registry:plain:02_mabniyat/interrogative_tools_categories.js,Certificate,harf_vs_mabni
27,29,6,إِلَيَّ,إلي,أُلْقِيَ,كِتَابٌ,HARF,ISM_MABNI,ISM_MABNI|FIIL,Hypothesis,registry-exact-hypothesis:exact:02_mabniyat/verb_name.json#8,Hypothesis,harf_vs_mabni
27,32,7,مَا,ما,أَمْرِي,كُنْتُ,HARF,ISM_MAWSOOL,ISM_MAWSOOL|ISM_MABNI|HARF,Hypothesis,registry-exact-hypothesis:exact:02_mabniyat/relative_pronoun,Hypothesis,harf_vs_mawsool
27,33,11,مَاذَا,ماذا,فَانْظُرِي,تَأْمُرِينَ,HARF,ISM_MABNI,ISM_MABNI,Certificate,registry:plain:02_mabniyat/interrogative_tools_categories.js,Certificate,harf_vs_mabni
27,34,4,إِذَا,إذا,الْمُلُوكَ,دَخَلُوا,HARF,ISM_MABNI,ISM_MABNI,Certificate,registry:exact:02_mabniyat/built_in_adverbs.json#21,Certificate,harf_vs_mabni
27,44,19,رَبِّ,رب,قَالَتْ,إِنِّي,ISM_MUARAB,HARF,HARF,Certificate,registry:plain:02_mabniyat/preposition_meanings.json#40,Certificate,ISM_MUARAB_to_HARF
27,44,27,رَبِّ,رب,لِلَّهِ,الْعَالَمِينَ,ISM_MUARAB,HARF,HARF,Certificate,registry:plain:02_mabniyat/preposition_meanings.json#40,Certificate,ISM_MUARAB_to_HARF
27,49,6,ثُمَّ,ثم,وَأَهْلَهُ,لَنَقُولَنَّ,HARF,ISM_MABNI,ISM_MABNI,Hypothesis,registry-exact-hypothesis:exact:02_mabniyat/built_in_adverbs,Hypothesis,harf_vs_mabni
27,49,9,مَا,ما,لِوَلِيِّهِ,شَهِدْنَا,HARF,ISM_MAWSOOL,ISM_MAWSOOL|ISM_MABNI|HARF,Hypothesis,registry-exact-hypothesis:exact:02_mabniyat/relative_pronoun,Hypothesis,harf_vs_mawsool
27,54,2,إِذْ,إذ,وَلُوطَاً,قَالَ,HARF,ISM_MABNI,ISM_MABNI,Certificate,registry:exact:02_mabniyat/built_in_adverbs.json#13,Certificate,harf_vs_mabni
27,60,13,ذَاتَ,ذات,حَدَائِقَ,بَهْجَةٍ,ISM_MUARAB,ISM_MAWSOOL,ISM_MAWSOOL,Certificate,registry:plain:02_mabniyat/relative_pronouns.json#19,Certificate,ISM_MUARAB_to_ISM_MAWSOOL
27,60,15,مَا,ما,بَهْجَةٍ,كَانَ,HARF,ISM_MAWSOOL,ISM_MAWSOOL|ISM_MABNI|HARF,Hypothesis,registry-exact-hypothesis:exact:02_mabniyat/relative_pronoun,Hypothesis,harf_vs_mawsool
27,62,4,إِذَا,إذا,الْمُضْطَرَّ,دَعَاهُ,HARF,ISM_MABNI,ISM_MABNI,Certificate,registry:exact:02_mabniyat/built_in_adverbs.json#21,Certificate,harf_vs_mabni
27,62,15,مَا,ما,قَلِيلَاً,تَذَكَّرُونَ,HARF,ISM_MAWSOOL,ISM_MAWSOOL|ISM_MABNI|HARF,Hypothesis,registry-exact-hypothesis:exact:02_mabniyat/relative_pronoun,Hypothesis,harf_vs_mawsool
27,64,4,ثُمَّ,ثم,الْخَلْقَ,يُعِيدُهُ,HARF,ISM_MABNI,ISM_MABNI,Hypothesis,registry-exact-hypothesis:exact:02_mabniyat/built_in_adverbs,Hypothesis,harf_vs_mabni
27,65,11,وَمَا,وما,اللَّهُ,يَشْعُرُونَ,HARF,ISM_MAWSOOL,ISM_MAWSOOL|ISM_MABNI|HARF,Certificate,MASAQ:51,Certificate,harf_vs_mawsool
27,75,1,وَمَا,وما,,مِنْ,HARF,ISM_MAWSOOL,ISM_MAWSOOL|ISM_MABNI|HARF,Certificate,MASAQ:51,Certificate,harf_vs_mawsool
27,80,9,إِذَا,إذا,الدُّعَاءَ,وَلَّوْا,HARF,ISM_MABNI,ISM_MABNI,Certificate,registry:exact:02_mabniyat/built_in_adverbs.json#21,Certificate,harf_vs_mabni
27,81,1,وَمَا,وما,,أَنْتَ,HARF,ISM_MAWSOOL,ISM_MAWSOOL|ISM_MABNI|HARF,Certificate,MASAQ:51,Certificate,harf_vs_mawsool
27,84,2,إِذَا,إذا,حَتَّى,جَاءُوا,HARF,ISM_MABNI,ISM_MABNI,Certificate,registry:exact:02_mabniyat/built_in_adverbs.json#21,Certificate,harf_vs_mabni
27,87,9,وَمَنْ,ومن,السَّمَاوَاتِ,فِي,ISM_MAWSOOL,HARF,ISM_MAWSOOL|ISM_MABNI|HARF,Certificate,MASAQ:1895,Certificate,ISM_MAWSOOL_to_HARF
27,89,1,مَنْ,من,,جَاءَ,HARF,ISM_MAWSOOL,ISM_MAWSOOL|ISM_MABNI|HARF,Hypothesis,registry-exact-hypothesis:exact:02_mabniyat/relative_pronoun,Hypothesis,harf_vs_mawsool
27,91,5,رَبَّ,رب,أَعْبُدَ,هَذِهِ,ISM_MUARAB,HARF,HARF,Certificate,registry:plain:02_mabniyat/preposition_meanings.json#40,Certificate,ISM_MUARAB_to_HARF
27,93,7,وَمَا,وما,فَتَعْرِفُونَهَا,رَبُّكَ,HARF,ISM_MAWSOOL,ISM_MAWSOOL|ISM_MABNI|HARF,Certificate,MASAQ:51,Certificate,harf_vs_mawsool
28,3,2,عَلَيْكَ,عليك,نَتْلُو,مِنْ,HARF,ISM_MABNI,ISM_MABNI|FIIL,Hypothesis,registry-exact-hypothesis:exact:02_mabniyat/verb_name.json#8,Hypothesis,harf_vs_mabni
28,16,2,رَبِّ,رب,قَالَ,إِنِّي,ISM_MUARAB,HARF,HARF,Certificate,registry:plain:02_mabniyat/preposition_meanings.json#40,Certificate,ISM_MUARAB_to_HARF
28,17,2,رَبِّ,رب,قَالَ,بِمَا,ISM_MUARAB,HARF,HARF,Certificate,registry:plain:02_mabniyat/preposition_meanings.json#40,Certificate,ISM_MUARAB_to_HARF
28,19,27,وَمَا,وما,الْأَرْضِ,تُرِيدُ,HARF,ISM_MAWSOOL,ISM_MAWSOOL|ISM_MABNI|HARF,Certificate,MASAQ:51,Certificate,harf_vs_mawsool
28,21,6,رَبِّ,رب,قَالَ,نَجِّنِي,ISM_MUARAB,HARF,HARF,Certificate,registry:plain:02_mabniyat/preposition_meanings.json#40,Certificate,ISM_MUARAB_to_HARF
28,22,3,تِلْقَاءَ,تلقاء,تَوَجَّهَ,مَدْيَنَ,ISM_MUARAB,HARF,,Certificate,MASAQ:20066,Certificate,ISM_MUARAB_to_HARF
28,24,3,ثُمَّ,ثم,لَهُمَا,تَوَلَّى,HARF,ISM_MABNI,ISM_MABNI,Hypothesis,registry-exact-hypothesis:exact:02_mabniyat/built_in_adverbs,Hypothesis,harf_vs_mabni
28,24,8,رَبِّ,رب,فَقَالَ,إِنِّي,ISM_MUARAB,HARF,HARF,Certificate,registry:plain:02_mabniyat/preposition_meanings.json#40,Certificate,ISM_MUARAB_to_HARF
28,24,12,إِلَيَّ,إلي,أَنْزَلْتَ,مِنْ,HARF,ISM_MABNI,ISM_MABNI|FIIL,Hypothesis,registry-exact-hypothesis:exact:02_mabniyat/verb_name.json#8,Hypothesis,harf_vs_mabni
28,27,19,وَمَا,وما,عِنْدِكَ,أُرِيدُ,HARF,ISM_MAWSOOL,ISM_MAWSOOL|ISM_MABNI|HARF,Certificate,MASAQ:51,Certificate,harf_vs_mawsool
28,27,23,عَلَيْكَ,عليك,أَشُقَّ,سَتَجِدُنِي,HARF,ISM_MABNI,ISM_MABNI|FIIL,Hypothesis,registry-exact-hypothesis:exact:02_mabniyat/verb_name.json#8,Hypothesis,harf_vs_mabni
28,30,18,رَبُّ,رب,اللَّهُ,الْعَالَمِينَ,ISM_MUARAB,HARF,HARF,Certificate,registry:plain:02_mabniyat/preposition_meanings.json#40,Certificate,ISM_MUARAB_to_HARF
28,33,2,رَبِّ,رب,قَالَ,إِنِّي,ISM_MUARAB,HARF,HARF,Certificate,registry:plain:02_mabniyat/preposition_meanings.json#40,Certificate,ISM_MUARAB_to_HARF
28,36,7,مَا,ما,قَالُوا,هَذَا,HARF,ISM_MAWSOOL,ISM_MAWSOOL|ISM_MABNI|HARF,Hypothesis,registry-exact-hypothesis:exact:02_mabniyat/relative_pronoun,Hypothesis,harf_vs_mawsool
28,36,12,وَمَا,وما,مُفْتَرَىً,سَمِعْنَا,HARF,ISM_MAWSOOL,ISM_MAWSOOL|ISM_MABNI|HARF,Certificate,MASAQ:51,Certificate,harf_vs_mawsool
28,37,4,أَعْلَمُ,أعلم,رَبِّي,بِمَنْ,ISM_MUARAB,FIIL,,Certificate,MASAQ:477,Certificate,noun_misread_as_verb
28,37,10,وَمَنْ,ومن,عِنْدِهِ,تَكُونُ,ISM_MAWSOOL,HARF,ISM_MAWSOOL|ISM_MABNI|HARF,Certificate,MASAQ:1895,Certificate,ISM_MAWSOOL_to_HARF
28,38,5,مَا,ما,الْمَلَأُ,عَلِمْتُ,HARF,ISM_MAWSOOL,ISM_MAWSOOL|ISM_MABNI|HARF,Hypothesis,registry-exact-hypothesis:exact:02_mabniyat/relative_pronoun,Hypothesis,harf_vs_mawsool
28,43,7,مَا,ما,بَعْدِ,أَهْلَكْنَا,HARF,ISM_MAWSOOL,ISM_MAWSOOL|ISM_MABNI|HARF,Hypothesis,registry-exact-hypothesis:exact:02_mabniyat/relative_pronoun,Hypothesis,harf_vs_mawsool
28,44,1,وَمَا,وما,,كُنْتَ,HARF,ISM_MAWSOOL,ISM_MAWSOOL|ISM_MABNI|HARF,Certificate,MASAQ:51,Certificate,harf_vs_mawsool
28,44,5,إِذْ,إذ,الْغَرْبِيِّ,قَضَيْنَا,HARF,ISM_MABNI,ISM_MABNI,Certificate,registry:exact:02_mabniyat/built_in_adverbs.json#13,Certificate,harf_vs_mabni
28,44,10,وَمَا,وما,الْأَمْرَ,كُنْتَ,HARF,ISM_MAWSOOL,ISM_MAWSOOL|ISM_MABNI|HARF,Certificate,MASAQ:51,Certificate,harf_vs_mawsool
28,45,7,وَمَا,وما,الْعُمُرُ,كُنْتَ,HARF,ISM_MAWSOOL,ISM_MAWSOOL|ISM_MABNI|HARF,Certificate,MASAQ:51,Certificate,harf_vs_mawsool
28,46,1,وَمَا,وما,,كُنْتَ,HARF,ISM_MAWSOOL,ISM_MAWSOOL|ISM_MABNI|HARF,Certificate,MASAQ:51,Certificate,harf_vs_mawsool
28,46,5,إِذْ,إذ,الطُّورِ,نَادَيْنَا,HARF,ISM_MABNI,ISM_MABNI,Certificate,registry:exact:02_mabniyat/built_in_adverbs.json#13,Certificate,harf_vs_mabni
28,46,13,مَا,ما,قَوْمَاً,أَتَاهُمْ,HARF,ISM_MAWSOOL,ISM_MAWSOOL|ISM_MABNI|HARF,Hypothesis,registry-exact-hypothesis:exact:02_mabniyat/relative_pronoun,Hypothesis,harf_vs_mawsool
28,56,12,أَعْلَمُ,أعلم,وَهُوَ,بِالْمُهْتَدِينَ,ISM_MUARAB,FIIL,,Certificate,MASAQ:477,Certificate,noun_misread_as_verb
28,59,1,وَمَا,وما,,كَانَ,HARF,ISM_MAWSOOL,ISM_MAWSOOL|ISM_MABNI|HARF,Certificate,MASAQ:51,Certificate,harf_vs_mawsool
28,59,14,وَمَا,وما,آيَاتِنَا,كُنَّا,HARF,ISM_MAWSOOL,ISM_MAWSOOL|ISM_MABNI|HARF,Certificate,MASAQ:51,Certificate,harf_vs_mawsool
28,60,1,وَمَا,وما,,أُوتِيتُمْ,HARF,ISM_MAWSOOL,ISM_MAWSOOL|ISM_MABNI|HARF,Certificate,MASAQ:51,Certificate,harf_vs_mawsool
28,60,9,وَمَا,وما,وَزِينَتُهَا,عِنْدَ,HARF,ISM_MAWSOOL,ISM_MAWSOOL|ISM_MABNI|HARF,Certificate,MASAQ:51,Certificate,harf_vs_mawsool
28,61,12,ثُمَّ,ثم,الدُّنْيَا,هُوَ,HARF,ISM_MABNI,ISM_MABNI,Hypothesis,registry-exact-hypothesis:exact:02_mabniyat/built_in_adverbs,Hypothesis,harf_vs_mabni
28,63,15,مَا,ما,إِلَيْكَ,كَانُوا,HARF,ISM_MAWSOOL,ISM_MAWSOOL|ISM_MABNI|HARF,Hypothesis,registry-exact-hypothesis:exact:02_mabniyat/relative_pronoun,Hypothesis,harf_vs_mawsool
28,65,4,مَاذَا,ماذا,فَيَقُولُ,أَجَبْتُمُ,HARF,ISM_MABNI,ISM_MABNI,Certificate,registry:plain:02_mabniyat/interrogative_tools_categories.js,Certificate,harf_vs_mabni
28,68,6,مَا,ما,وَيَخْتَارُ,كَانَ,HARF,ISM_MAWSOOL,ISM_MAWSOOL|ISM_MABNI|HARF,Hypothesis,registry-exact-hypothesis:exact:02_mabniyat/relative_pronoun,Hypothesis,harf_vs_mawsool
28,71,12,مَنْ,من,الْقِيَامَةِ,إِلَهٌ,HARF,ISM_MAWSOOL,ISM_MAWSOOL|ISM_MABNI|HARF,Hypothesis,registry-exact-hypothesis:exact:02_mabniyat/relative_pronoun,Hypothesis,harf_vs_mawsool
28,72,12,مَنْ,من,الْقِيَامَةِ,إِلَهٌ,HARF,ISM_MAWSOOL,ISM_MAWSOOL|ISM_MABNI|HARF,Hypothesis,registry-exact-hypothesis:exact:02_mabniyat/relative_pronoun,Hypothesis,harf_vs_mawsool
28,76,19,إِذْ,إذ,الْقُوَّةِ,قَالَ,HARF,ISM_MABNI,ISM_MABNI,Certificate,registry:exact:02_mabniyat/built_in_adverbs.json#13,Certificate,harf_vs_mabni
28,78,11,قَدْ,قد,اللَّهَ,أَهْلَكَ,HARF,ISM_MABNI,ISM_MABNI|FIIL,Hypothesis,registry-exact-hypothesis:exact:02_mabniyat/verb_name.json#9,Hypothesis,harf_vs_mabni
28,78,12,أَهْلَكَ,أهلك,قَدْ,مِنْ,FIIL,ISM_MUARAB,,Certificate,MASAQ:41590,Certificate,verb_misread_as_noun
28,81,14,وَمَا,وما,اللَّهِ,كَانَ,HARF,ISM_MAWSOOL,ISM_MAWSOOL|ISM_MABNI|HARF,Certificate,MASAQ:51,Certificate,harf_vs_mawsool
28,82,18,مَنَّ,من,أَنْ,اللَّهُ,HARF,FIIL,,Certificate,MASAQ:8987,Certificate,HARF_to_FIIL
28,84,1,مَنْ,من,,جَاءَ,HARF,ISM_MAWSOOL,ISM_MAWSOOL|ISM_MABNI|HARF,Hypothesis,registry-exact-hypothesis:exact:02_mabniyat/relative_pronoun,Hypothesis,harf_vs_mawsool
28,85,4,عَلَيْكَ,عليك,فَرَضَ,الْقُرْآنَ,HARF,ISM_MABNI,ISM_MABNI|FIIL,Hypothesis,registry-exact-hypothesis:exact:02_mabniyat/verb_name.json#8,Hypothesis,harf_vs_mabni
28,85,11,أَعْلَمُ,أعلم,رَبِّي,مَنْ,ISM_MUARAB,FIIL,,Certificate,MASAQ:477,Certificate,noun_misread_as_verb
28,85,15,وَمَنْ,ومن,بِالْهُدَى,هُوَ,ISM_MAWSOOL,HARF,ISM_MAWSOOL|ISM_MABNI|HARF,Certificate,MASAQ:1895,Certificate,ISM_MAWSOOL_to_HARF
28,86,1,وَمَا,وما,,كُنْتَ,HARF,ISM_MAWSOOL,ISM_MAWSOOL|ISM_MABNI|HARF,Certificate,MASAQ:51,Certificate,harf_vs_mawsool
28,87,7,إِذْ,إذ,بَعْدَ,أُنْزِلَتْ,HARF,ISM_MABNI,ISM_MABNI,Certificate,registry:exact:02_mabniyat/built_in_adverbs.json#13,Certificate,harf_vs_mabni
29,5,1,مَنْ,من,,كَانَ,HARF,ISM_MAWSOOL,ISM_MAWSOOL|ISM_MABNI|HARF,Hypothesis,registry-exact-hypothesis:exact:02_mabniyat/relative_pronoun,Hypothesis,harf_vs_mawsool
29,5,7,أَجَلَ,أجل,فَإِنَّ,اللَّهِ,ISM_MUARAB,HARF,HARF,Certificate,registry:plain:02_mabniyat/letters_answers.json#3,Certificate,ISM_MUARAB_to_HARF
29,8,16,إِلَيَّ,إلي,تُطِعْهُمَا,مَرْجِعُكُمْ,HARF,ISM_MABNI,ISM_MABNI|FIIL,Hypothesis,registry-exact-hypothesis:exact:02_mabniyat/verb_name.json#8,Hypothesis,harf_vs_mabni
29,12,10,وَمَا,وما,خَطَايَاكُمْ,هُمْ,HARF,ISM_MAWSOOL,ISM_MAWSOOL|ISM_MABNI|HARF,Certificate,MASAQ:51,Certificate,harf_vs_mawsool
29,16,2,إِذْ,إذ,وَإِبْرَاهِيمَ,قَالَ,HARF,ISM_MABNI,ISM_MABNI,Certificate,registry:exact:02_mabniyat/built_in_adverbs.json#13,Certificate,harf_vs_mabni
29,18,8,وَمَا,وما,قَبْلِكُمْ,عَلَى,HARF,ISM_MAWSOOL,ISM_MAWSOOL|ISM_MABNI|HARF,Certificate,MASAQ:51,Certificate,harf_vs_mawsool
29,19,7,ثُمَّ,ثم,الْخَلْقَ,يُعِيدُهُ,HARF,ISM_MABNI,ISM_MABNI,Hypothesis,registry-exact-hypothesis:exact:02_mabniyat/built_in_adverbs,Hypothesis,harf_vs_mabni
29,20,9,ثُمَّ,ثم,الْخَلْقَ,اللَّهُ,HARF,ISM_MABNI,ISM_MABNI,Hypothesis,registry-exact-hypothesis:exact:02_mabniyat/built_in_adverbs,Hypothesis,harf_vs_mabni
29,22,1,وَمَا,وما,,أَنْتُمْ,HARF,ISM_MAWSOOL,ISM_MAWSOOL|ISM_MABNI|HARF,Certificate,MASAQ:51,Certificate,harf_vs_mawsool
29,22,9,وَمَا,وما,السَّمَاءِ,لَكُمْ,HARF,ISM_MAWSOOL,ISM_MAWSOOL|ISM_MABNI|HARF,Certificate,MASAQ:51,Certificate,harf_vs_mawsool
29,25,9,بَيْنِكُمْ,بينكم,مَوَدَّةَ,فِي,HARF,ISM_MUARAB,,Certificate,MASAQ:15888,Certificate,HARF_to_ISM_MUARAB
29,25,13,ثُمَّ,ثم,الدُّنْيَا,يَوْمَ,HARF,ISM_MABNI,ISM_MABNI,Hypothesis,registry-exact-hypothesis:exact:02_mabniyat/built_in_adverbs,Hypothesis,harf_vs_mabni
29,25,24,وَمَا,وما,النَّارُ,لَكُمْ,HARF,ISM_MAWSOOL,ISM_MAWSOOL|ISM_MABNI|HARF,Certificate,MASAQ:51,Certificate,harf_vs_mawsool
29,28,2,إِذْ,إذ,وَلُوطَاً,قَالَ,HARF,ISM_MABNI,ISM_MABNI,Certificate,registry:exact:02_mabniyat/built_in_adverbs.json#13,Certificate,harf_vs_mabni
29,28,8,مَا,ما,الْفَاحِشَةَ,سَبَقَكُمْ,HARF,ISM_MAWSOOL,ISM_MAWSOOL|ISM_MABNI|HARF,Hypothesis,registry-exact-hypothesis:exact:02_mabniyat/relative_pronoun,Hypothesis,harf_vs_mawsool
29,30,2,رَبِّ,رب,قَالَ,انْصُرْنِي,ISM_MUARAB,HARF,HARF,Certificate,registry:plain:02_mabniyat/preposition_meanings.json#40,Certificate,ISM_MUARAB_to_HARF
29,32,7,أَعْلَمُ,أعلم,نَحْنُ,بِمَنْ,ISM_MUARAB,FIIL,,Certificate,MASAQ:477,Certificate,noun_misread_as_verb
29,39,11,وَمَا,وما,الْأَرْضِ,كَانُوا,HARF,ISM_MAWSOOL,ISM_MAWSOOL|ISM_MABNI|HARF,Certificate,MASAQ:51,Certificate,harf_vs_mawsool
29,40,21,وَمَا,وما,أَغْرَقْنَا,كَانَ,HARF,ISM_MAWSOOL,ISM_MAWSOOL|ISM_MABNI|HARF,Certificate,MASAQ:51,Certificate,harf_vs_mawsool
29,43,5,وَمَا,وما,لِلنَّاسِ,يَعْقِلُهَا,HARF,ISM_MAWSOOL,ISM_MAWSOOL|ISM_MABNI|HARF,Certificate,MASAQ:51,Certificate,harf_vs_mawsool
29,47,15,وَمَا,وما,بِهِ,يَجْحَدُ,HARF,ISM_MAWSOOL,ISM_MAWSOOL|ISM_MABNI|HARF,Certificate,MASAQ:51,Certificate,harf_vs_mawsool
29,48,1,وَمَا,وما,,كُنْتَ,HARF,ISM_MAWSOOL,ISM_MAWSOOL|ISM_MABNI|HARF,Certificate,MASAQ:51,Certificate,harf_vs_mawsool
29,48,11,إِذَاً,إذا,بِيَمِينِكَ,لَارْتَابَ,HARF,ISM_MABNI,ISM_MABNI,Certificate,registry:plain:02_mabniyat/built_in_adverbs.json#21,Certificate,harf_vs_mabni
29,49,10,وَمَا,وما,الْعِلْمَ,يَجْحَدُ,HARF,ISM_MAWSOOL,ISM_MAWSOOL|ISM_MABNI|HARF,Certificate,MASAQ:51,Certificate,harf_vs_mawsool
29,51,5,عَلَيْكَ,عليك,أَنْزَلْنَا,الْكِتَابَ,HARF,ISM_MABNI,ISM_MABNI|FIIL,Hypothesis,registry-exact-hypothesis:exact:02_mabniyat/verb_name.json#8,Hypothesis,harf_vs_mabni
29,53,4,أَجَلٌ,أجل,وَلَوْلَا,مُسَمَّىً,ISM_MUARAB,HARF,HARF,Certificate,registry:plain:02_mabniyat/letters_answers.json#3,Certificate,ISM_MUARAB_to_HARF
29,57,5,ثُمَّ,ثم,الْمَوْتِ,إِلَيْنَا,HARF,ISM_MABNI,ISM_MABNI,Hypothesis,registry-exact-hypothesis:exact:02_mabniyat/built_in_adverbs,Hypothesis,harf_vs_mabni
29,64,1,وَمَا,وما,,هَذِهِ,HARF,ISM_MAWSOOL,ISM_MAWSOOL|ISM_MABNI|HARF,Certificate,MASAQ:51,Certificate,harf_vs_mawsool
29,65,14,إِذَا,إذا,الْبَرِّ,هُمْ,HARF,ISM_MABNI,ISM_MABNI,Certificate,registry:exact:02_mabniyat/built_in_adverbs.json#21,Certificate,harf_vs_mabni
29,68,1,وَمَنْ,ومن,,أَظْلَمُ,ISM_MAWSOOL,HARF,ISM_MAWSOOL|ISM_MABNI|HARF,Certificate,MASAQ:1895,Certificate,ISM_MAWSOOL_to_HARF
29,68,11,لَمَّا,لما,بِالْحَقِّ,جَاءَهُ,HARF,ISM_MABNI,ISM_MABNI|HARF,Hypothesis,registry-exact-hypothesis:exact:02_mabniyat/conditional_lett,Hypothesis,harf_vs_mabni
30,8,5,مَا,ما,أَنْفُسِهِمْ,خَلَقَ,HARF,ISM_MAWSOOL,ISM_MAWSOOL|ISM_MABNI|HARF,Hypothesis,registry-exact-hypothesis:exact:02_mabniyat/relative_pronoun,Hypothesis,harf_vs_mawsool
30,8,10,وَمَا,وما,وَالْأَرْضَ,بَيْنَهُمَا,HARF,ISM_MAWSOOL,ISM_MAWSOOL|ISM_MABNI|HARF,Certificate,MASAQ:51,Certificate,harf_vs_mawsool
30,10,1,ثُمَّ,ثم,,كَانَ,HARF,ISM_MABNI,ISM_MABNI,Hypothesis,registry-exact-hypothesis:exact:02_mabniyat/built_in_adverbs,Hypothesis,harf_vs_mabni
30,11,4,ثُمَّ,ثم,الْخَلْقَ,يُعِيدُهُ,HARF,ISM_MABNI,ISM_MABNI,Hypothesis,registry-exact-hypothesis:exact:02_mabniyat/built_in_adverbs,Hypothesis,harf_vs_mabni
30,11,6,ثُمَّ,ثم,يُعِيدُهُ,إِلَيْهِ,HARF,ISM_MABNI,ISM_MABNI,Hypothesis,registry-exact-hypothesis:exact:02_mabniyat/built_in_adverbs,Hypothesis,harf_vs_mabni
30,20,7,ثُمَّ,ثم,تُرَابٍ,إِذَا,HARF,ISM_MABNI,ISM_MABNI,Hypothesis,registry-exact-hypothesis:exact:02_mabniyat/built_in_adverbs,Hypothesis,harf_vs_mabni
30,20,8,إِذَا,إذا,ثُمَّ,أَنْتُمْ,HARF,ISM_MABNI,ISM_MABNI,Certificate,registry:exact:02_mabniyat/built_in_adverbs.json#21,Certificate,harf_vs_mabni
30,25,8,ثُمَّ,ثم,بِأَمْرِهِ,إِذَا,HARF,ISM_MABNI,ISM_MABNI,Hypothesis,registry-exact-hypothesis:exact:02_mabniyat/built_in_adverbs,Hypothesis,harf_vs_mabni
30,25,9,إِذَا,إذا,ثُمَّ,دَعَاكُمْ,HARF,ISM_MABNI,ISM_MABNI,Certificate,registry:exact:02_mabniyat/built_in_adverbs.json#21,Certificate,harf_vs_mabni
30,25,14,إِذَا,إذا,الْأَرْضِ,أَنْتُمْ,HARF,ISM_MABNI,ISM_MABNI,Certificate,registry:exact:02_mabniyat/built_in_adverbs.json#21,Certificate,harf_vs_mabni
30,27,5,ثُمَّ,ثم,الْخَلْقَ,يُعِيدُهُ,HARF,ISM_MABNI,ISM_MABNI,Hypothesis,registry-exact-hypothesis:exact:02_mabniyat/built_in_adverbs,Hypothesis,harf_vs_mabni
30,29,13,وَمَا,وما,اللَّهُ,لَهُمْ,HARF,ISM_MAWSOOL,ISM_MAWSOOL|ISM_MABNI|HARF,Certificate,MASAQ:51,Certificate,harf_vs_mawsool
30,33,9,ثُمَّ,ثم,إِلَيْهِ,إِذَا,HARF,ISM_MABNI,ISM_MABNI,Hypothesis,registry-exact-hypothesis:exact:02_mabniyat/built_in_adverbs,Hypothesis,harf_vs_mabni
30,33,10,إِذَا,إذا,ثُمَّ,أَذَاقَهُمْ,HARF,ISM_MABNI,ISM_MABNI,Certificate,registry:exact:02_mabniyat/built_in_adverbs.json#21,Certificate,harf_vs_mabni
30,33,14,إِذَا,إذا,رَحْمَةً,فَرِيقٌ,HARF,ISM_MABNI,ISM_MABNI,Certificate,registry:exact:02_mabniyat/built_in_adverbs.json#21,Certificate,harf_vs_mabni
30,36,13,إِذَا,إذا,أَيْدِيهِمْ,هُمْ,HARF,ISM_MABNI,ISM_MABNI,Certificate,registry:exact:02_mabniyat/built_in_adverbs.json#21,Certificate,harf_vs_mabni
30,39,1,وَمَا,وما,,آتَيْتُمْ,HARF,ISM_MAWSOOL,ISM_MAWSOOL|ISM_MABNI|HARF,Certificate,MASAQ:51,Certificate,harf_vs_mawsool
30,39,13,وَمَا,وما,اللَّهِ,آتَيْتُمْ,HARF,ISM_MAWSOOL,ISM_MAWSOOL|ISM_MABNI|HARF,Certificate,MASAQ:51,Certificate,harf_vs_mawsool
30,40,4,ثُمَّ,ثم,خَلَقَكُمْ,رَزَقَكُمْ,HARF,ISM_MABNI,ISM_MABNI,Hypothesis,registry-exact-hypothesis:exact:02_mabniyat/built_in_adverbs,Hypothesis,harf_vs_mabni
30,40,6,ثُمَّ,ثم,رَزَقَكُمْ,يُمِيتُكُمْ,HARF,ISM_MABNI,ISM_MABNI,Hypothesis,registry-exact-hypothesis:exact:02_mabniyat/built_in_adverbs,Hypothesis,harf_vs_mabni
30,40,8,ثُمَّ,ثم,يُمِيتُكُمْ,يُحْيِيكُمْ,HARF,ISM_MABNI,ISM_MABNI,Hypothesis,registry-exact-hypothesis:exact:02_mabniyat/built_in_adverbs,Hypothesis,harf_vs_mabni
30,48,26,إِذَا,إذا,عِبَادِهِ,هُمْ,HARF,ISM_MABNI,ISM_MABNI,Certificate,registry:exact:02_mabniyat/built_in_adverbs.json#21,Certificate,harf_vs_mabni
30,52,9,إِذَا,إذا,الدُّعَاءَ,وَلَّوْا,HARF,ISM_MABNI,ISM_MABNI,Certificate,registry:exact:02_mabniyat/built_in_adverbs.json#21,Certificate,harf_vs_mabni
30,53,1,وَمَا,وما,,أَنْتَ,HARF,ISM_MAWSOOL,ISM_MAWSOOL|ISM_MABNI|HARF,Certificate,MASAQ:51,Certificate,harf_vs_mawsool
30,54,6,ثُمَّ,ثم,ضَعْفٍ,جَعَلَ,HARF,ISM_MABNI,ISM_MABNI,Hypothesis,registry-exact-hypothesis:exact:02_mabniyat/built_in_adverbs,Hypothesis,harf_vs_mabni
30,54,12,ثُمَّ,ثم,قُوَّةً,جَعَلَ,HARF,ISM_MABNI,ISM_MABNI,Hypothesis,registry-exact-hypothesis:exact:02_mabniyat/built_in_adverbs,Hypothesis,harf_vs_mabni
30,55,6,مَا,ما,الْمُجْرِمُونَ,لَبِثُوا,HARF,ISM_MAWSOOL,ISM_MAWSOOL|ISM_MABNI|HARF,Hypothesis,registry-exact-hypothesis:exact:02_mabniyat/relative_pronoun,Hypothesis,harf_vs_mawsool
30,56,15,يَوْمُ,يوم,فَهَذَا,الْبَعْثِ,ISM_MUARAB,HARF,,Certificate,MASAQ:16239,Certificate,ISM_MUARAB_to_HARF
31,2,4,الْحَكِيمِ,الحكيم,الْكِتَابِ,,ISM_MUARAB,JAMID,,Certificate,MASAQ:7165,Certificate,ISM_MUARAB_to_JAMID
31,11,5,مَاذَا,ماذا,فَأَرُونِي,خَلَقَ,HARF,ISM_MABNI,ISM_MABNI,Certificate,registry:plain:02_mabniyat/interrogative_tools_categories.js,Certificate,harf_vs_mabni
31,14,16,إِلَيَّ,إلي,وَلِوَالِدَيْكَ,الْمَصِيرُ,HARF,ISM_MABNI,ISM_MABNI|FIIL,Hypothesis,registry-exact-hypothesis:exact:02_mabniyat/verb_name.json#8,Hypothesis,harf_vs_mabni
31,15,22,إِلَيَّ,إلي,أَنَابَ,ثُمَّ,HARF,ISM_MABNI,ISM_MABNI|FIIL,Hypothesis,registry-exact-hypothesis:exact:02_mabniyat/verb_name.json#8,Hypothesis,harf_vs_mabni
31,15,23,ثُمَّ,ثم,إِلَيَّ,إِلَيَّ,HARF,ISM_MABNI,ISM_MABNI,Hypothesis,registry-exact-hypothesis:exact:02_mabniyat/built_in_adverbs,Hypothesis,harf_vs_mabni
31,15,24,إِلَيَّ,إلي,ثُمَّ,مَرْجِعُكُمْ,HARF,ISM_MABNI,ISM_MABNI|FIIL,Hypothesis,registry-exact-hypothesis:exact:02_mabniyat/verb_name.json#8,Hypothesis,harf_vs_mabni
31,24,3,ثُمَّ,ثم,قَلِيلَاً,نَضْطَرُّهُمْ,HARF,ISM_MABNI,ISM_MABNI,Hypothesis,registry-exact-hypothesis:exact:02_mabniyat/built_in_adverbs,Hypothesis,harf_vs_mabni
31,27,14,مَا,ما,أَبْحُرٍ,نَفِدَتْ,HARF,ISM_MAWSOOL,ISM_MAWSOOL|ISM_MABNI|HARF,Hypothesis,registry-exact-hypothesis:exact:02_mabniyat/relative_pronoun,Hypothesis,harf_vs_mawsool
31,28,1,مَا,ما,,خَلْقُكُمْ,HARF,ISM_MAWSOOL,ISM_MAWSOOL|ISM_MABNI|HARF,Hypothesis,registry-exact-hypothesis:exact:02_mabniyat/relative_pronoun,Hypothesis,harf_vs_mawsool
31,29,19,أَجَلٍ,أجل,إِلَى,مُسَمَّىً,ISM_MUARAB,HARF,HARF,Certificate,registry:plain:02_mabniyat/letters_answers.json#3,Certificate,ISM_MUARAB_to_HARF
31,32,16,وَمَا,وما,مُقْتَصِدٌ,يَجْحَدُ,HARF,ISM_MAWSOOL,ISM_MAWSOOL|ISM_MABNI|HARF,Certificate,MASAQ:51,Certificate,harf_vs_mawsool
31,34,12,وَمَا,وما,الْأَرْحَامِ,تَدْرِي,HARF,ISM_MAWSOOL,ISM_MAWSOOL|ISM_MABNI|HARF,Certificate,MASAQ:51,Certificate,harf_vs_mawsool
31,34,15,مَاذَا,ماذا,نَفْسٌ,تَكْسِبُ,HARF,ISM_MABNI,ISM_MABNI,Certificate,registry:plain:02_mabniyat/interrogative_tools_categories.js,Certificate,harf_vs_mabni
31,34,17,غَدَاً,غدا,تَكْسِبُ,وَمَا,HARF,ISM_MABNI,ISM_MABNI,Certificate,registry:plain:02_mabniyat/built_in_adverbs.json#5,Certificate,harf_vs_mabni
31,34,18,وَمَا,وما,غَدَاً,تَدْرِي,HARF,ISM_MAWSOOL,ISM_MAWSOOL|ISM_MABNI|HARF,Certificate,MASAQ:51,Certificate,harf_vs_mawsool
32,2,7,رَبِّ,رب,مِنْ,الْعَالَمِينَ,ISM_MUARAB,HARF,HARF,Certificate,registry:plain:02_mabniyat/preposition_meanings.json#40,Certificate,ISM_MUARAB_to_HARF
32,3,11,مَا,ما,قَوْمَاً,أَتَاهُمْ,HARF,ISM_MAWSOOL,ISM_MAWSOOL|ISM_MABNI|HARF,Hypothesis,registry-exact-hypothesis:exact:02_mabniyat/relative_pronoun,Hypothesis,harf_vs_mawsool
32,4,6,وَمَا,وما,وَالْأَرْضَ,بَيْنَهُمَا,HARF,ISM_MAWSOOL,ISM_MAWSOOL|ISM_MABNI|HARF,Certificate,MASAQ:51,Certificate,harf_vs_mawsool
32,4,11,ثُمَّ,ثم,أَيَّامٍ,اسْتَوَى,HARF,ISM_MABNI,ISM_MABNI,Hypothesis,registry-exact-hypothesis:exact:02_mabniyat/built_in_adverbs,Hypothesis,harf_vs_mabni
32,4,15,مَا,ما,الْعَرْشِ,لَكُمْ,HARF,ISM_MAWSOOL,ISM_MAWSOOL|ISM_MABNI|HARF,Hypothesis,registry-exact-hypothesis:exact:02_mabniyat/relative_pronoun,Hypothesis,harf_vs_mawsool
32,5,7,ثُمَّ,ثم,الْأَرْضِ,يَعْرُجُ,HARF,ISM_MABNI,ISM_MABNI,Hypothesis,registry-exact-hypothesis:exact:02_mabniyat/built_in_adverbs,Hypothesis,harf_vs_mabni
32,8,1,ثُمَّ,ثم,,جَعَلَ,HARF,ISM_MABNI,ISM_MABNI,Hypothesis,registry-exact-hypothesis:exact:02_mabniyat/built_in_adverbs,Hypothesis,harf_vs_mabni
32,9,1,ثُمَّ,ثم,,سَوَّاهُ,HARF,ISM_MABNI,ISM_MABNI,Hypothesis,registry-exact-hypothesis:exact:02_mabniyat/built_in_adverbs,Hypothesis,harf_vs_mabni
32,9,13,مَا,ما,قَلِيلَاً,تَشْكُرُونَ,HARF,ISM_MAWSOOL,ISM_MAWSOOL|ISM_MABNI|HARF,Hypothesis,registry-exact-hypothesis:exact:02_mabniyat/relative_pronoun,Hypothesis,harf_vs_mawsool
32,11,8,ثُمَّ,ثم,بِكُمْ,إِلَى,HARF,ISM_MABNI,ISM_MABNI,Hypothesis,registry-exact-hypothesis:exact:02_mabniyat/built_in_adverbs,Hypothesis,harf_vs_mabni
32,12,3,إِذِ,إذ,تَرَى,الْمُجْرِمُونَ,HARF,ISM_MABNI,ISM_MABNI,Certificate,registry:plain:02_mabniyat/built_in_adverbs.json#13,Certificate,harf_vs_mabni
32,15,5,إِذَا,إذا,الَّذِينَ,ذُكِّرُوا,HARF,ISM_MABNI,ISM_MABNI,Certificate,registry:exact:02_mabniyat/built_in_adverbs.json#21,Certificate,harf_vs_mabni
32,20,6,كُلَّمَا,كلما,النَّارُ,أَرَادُوا,ISM_MUARAB,ISM_MABNI,ISM_MABNI,Certificate,registry:exact:02_mabniyat/conditional_letters_tools.json#17,Certificate,ISM_MUARAB_to_ISM_MABNI
32,22,1,وَمَنْ,ومن,,أَظْلَمُ,ISM_MAWSOOL,HARF,ISM_MAWSOOL|ISM_MABNI|HARF,Certificate,MASAQ:1895,Certificate,ISM_MAWSOOL_to_HARF
32,22,7,ثُمَّ,ثم,رَبِّهِ,أَعْرَضَ,HARF,ISM_MABNI,ISM_MABNI,Hypothesis,registry-exact-hypothesis:exact:02_mabniyat/built_in_adverbs,Hypothesis,harf_vs_mabni
32,24,6,لَمَّا,لما,بِأَمْرِنَا,صَبَرُوا,HARF,ISM_MABNI,ISM_MABNI|HARF,Hypothesis,registry-exact-hypothesis:exact:02_mabniyat/conditional_lett,Hypothesis,harf_vs_mabni
33,4,1,مَا,ما,,جَعَلَ,HARF,ISM_MAWSOOL,ISM_MAWSOOL|ISM_MABNI|HARF,Hypothesis,registry-exact-hypothesis:exact:02_mabniyat/relative_pronoun,Hypothesis,harf_vs_mawsool
33,4,9,وَمَا,وما,جَوْفِهِ,جَعَلَ,HARF,ISM_MAWSOOL,ISM_MAWSOOL|ISM_MABNI|HARF,Certificate,MASAQ:51,Certificate,harf_vs_mawsool
33,4,12,اللَّائِي,اللائي,أَزْوَاجَكُمُ,تُظَاهِرُونَ,ISM_MABNI,ISM_MAWSOOL,ISM_MAWSOOL,Certificate,registry:plain:02_mabniyat/relative_pronouns.json#11,Certificate,ISM_MABNI_to_ISM_MAWSOOL
33,4,16,وَمَا,وما,أُمَّهَاتِكُمْ,جَعَلَ,HARF,ISM_MAWSOOL,ISM_MAWSOOL|ISM_MABNI|HARF,Certificate,MASAQ:51,Certificate,harf_vs_mawsool
33,9,8,إِذْ,إذ,عَلَيْكُمْ,جَاءَتْكُمْ,HARF,ISM_MABNI,ISM_MABNI,Certificate,registry:exact:02_mabniyat/built_in_adverbs.json#13,Certificate,harf_vs_mabni
33,10,1,إِذْ,إذ,,جَاءُوكُمْ,HARF,ISM_MABNI,ISM_MABNI,Certificate,registry:exact:02_mabniyat/built_in_adverbs.json#13,Certificate,harf_vs_mabni
33,12,8,مَا,ما,مَرَضٌ,وَعَدَنَا,HARF,ISM_MAWSOOL,ISM_MAWSOOL|ISM_MABNI|HARF,Hypothesis,registry-exact-hypothesis:exact:02_mabniyat/relative_pronoun,Hypothesis,harf_vs_mawsool
33,13,19,وَمَا,وما,عَوْرَةٌ,هِيَ,HARF,ISM_MAWSOOL,ISM_MAWSOOL|ISM_MABNI|HARF,Certificate,MASAQ:51,Certificate,harf_vs_mawsool
33,14,6,ثُمَّ,ثم,أَقْطَارِهَا,سُئِلُوا,HARF,ISM_MABNI,ISM_MABNI,Hypothesis,registry-exact-hypothesis:exact:02_mabniyat/built_in_adverbs,Hypothesis,harf_vs_mabni
33,14,10,وَمَا,وما,لَآتَوْهَا,تَلَبَّثُوا,HARF,ISM_MAWSOOL,ISM_MAWSOOL|ISM_MABNI|HARF,Certificate,MASAQ:51,Certificate,harf_vs_mawsool
33,18,1,قَدْ,قد,,يَعْلَمُ,HARF,ISM_MABNI,ISM_MABNI|FIIL,Hypothesis,registry-exact-hypothesis:exact:02_mabniyat/verb_name.json#9,Hypothesis,harf_vs_mabni
33,20,20,مَا,ما,فِيكُمْ,قَاتَلُوا,HARF,ISM_MAWSOOL,ISM_MAWSOOL|ISM_MABNI|HARF,Hypothesis,registry-exact-hypothesis:exact:02_mabniyat/relative_pronoun,Hypothesis,harf_vs_mawsool
33,22,14,وَمَا,وما,وَرَسُولُهُ,زَادَهُمْ,HARF,ISM_MAWSOOL,ISM_MAWSOOL|ISM_MABNI|HARF,Certificate,MASAQ:51,Certificate,harf_vs_mawsool
33,23,16,وَمَا,وما,يَنْتَظِرُ,بَدَّلُوا,HARF,ISM_MAWSOOL,ISM_MAWSOOL|ISM_MABNI|HARF,Certificate,MASAQ:51,Certificate,harf_vs_mawsool
33,30,3,مَنْ,من,النَّبِيِّ,يَأْتِ,HARF,ISM_MAWSOOL,ISM_MAWSOOL|ISM_MABNI|HARF,Hypothesis,registry-exact-hypothesis:exact:02_mabniyat/relative_pronoun,Hypothesis,harf_vs_mawsool
33,36,1,وَمَا,وما,,كَانَ,HARF,ISM_MAWSOOL,ISM_MAWSOOL|ISM_MABNI|HARF,Certificate,MASAQ:51,Certificate,harf_vs_mawsool
33,36,6,إِذَا,إذا,مُؤْمِنَةٍ,قَضَى,HARF,ISM_MABNI,ISM_MABNI,Certificate,registry:exact:02_mabniyat/built_in_adverbs.json#21,Certificate,harf_vs_mabni
33,37,10,عَلَيْكَ,عليك,أَمْسِكْ,زَوْجَكَ,HARF,ISM_MABNI,ISM_MABNI|FIIL,Hypothesis,registry-exact-hypothesis:exact:02_mabniyat/verb_name.json#8,Hypothesis,harf_vs_mabni
33,37,41,إِذَا,إذا,أَدْعِيَائِهِمْ,قَضَوْا,HARF,ISM_MABNI,ISM_MABNI,Certificate,registry:exact:02_mabniyat/built_in_adverbs.json#21,Certificate,harf_vs_mabni
33,38,1,مَا,ما,,كَانَ,HARF,ISM_MAWSOOL,ISM_MAWSOOL|ISM_MABNI|HARF,Hypothesis,registry-exact-hypothesis:exact:02_mabniyat/relative_pronoun,Hypothesis,harf_vs_mawsool
33,40,1,مَا,ما,,كَانَ,HARF,ISM_MAWSOOL,ISM_MAWSOOL|ISM_MABNI|HARF,Hypothesis,registry-exact-hypothesis:exact:02_mabniyat/relative_pronoun,Hypothesis,harf_vs_mawsool
33,49,4,إِذَا,إذا,آمَنُوا,نَكَحْتُمُ,HARF,ISM_MABNI,ISM_MABNI,Certificate,registry:exact:02_mabniyat/built_in_adverbs.json#21,Certificate,harf_vs_mabni
33,49,7,ثُمَّ,ثم,الْمُؤْمِنَاتِ,طَلَّقْتُمُوهُنَّ,HARF,ISM_MABNI,ISM_MABNI,Hypothesis,registry-exact-hypothesis:exact:02_mabniyat/built_in_adverbs,Hypothesis,harf_vs_mabni
33,50,16,عَلَيْكَ,عليك,اللَّهُ,وَبَنَاتِ,HARF,ISM_MABNI,ISM_MABNI|FIIL,Hypothesis,registry-exact-hypothesis:exact:02_mabniyat/verb_name.json#8,Hypothesis,harf_vs_mabni
33,50,44,قَدْ,قد,الْمُؤْمِنِينَ,عَلِمْنَا,HARF,ISM_MABNI,ISM_MABNI|FIIL,Hypothesis,registry-exact-hypothesis:exact:02_mabniyat/verb_name.json#9,Hypothesis,harf_vs_mabni
33,50,56,عَلَيْكَ,عليك,يَكُونَ,حَرَجٌ,HARF,ISM_MABNI,ISM_MABNI|FIIL,Hypothesis,registry-exact-hypothesis:exact:02_mabniyat/verb_name.json#8,Hypothesis,harf_vs_mabni
33,51,9,وَمَنِ,ومن,تَشَاءُ,ابْتَغَيْتَ,HARF,ISM_MAWSOOL,ISM_MAWSOOL|ISM_MABNI|HARF,Certificate,MASAQ:6488,Certificate,harf_vs_mawsool
33,51,15,عَلَيْكَ,عليك,جُنَاحَ,ذَلِكَ,HARF,ISM_MABNI,ISM_MABNI|FIIL,Hypothesis,registry-exact-hypothesis:exact:02_mabniyat/verb_name.json#8,Hypothesis,harf_vs_mabni
33,53,18,إِذَا,إذا,وَلَكِنْ,دُعِيتُمْ,HARF,ISM_MABNI,ISM_MABNI,Certificate,registry:exact:02_mabniyat/built_in_adverbs.json#21,Certificate,harf_vs_mabni
33,53,50,وَمَا,وما,وَقُلُوبِهِنَّ,كَانَ,HARF,ISM_MAWSOOL,ISM_MAWSOOL|ISM_MABNI|HARF,Certificate,MASAQ:51,Certificate,harf_vs_mawsool
33,60,14,ثُمَّ,ثم,بِهِمْ,لَا,HARF,ISM_MABNI,ISM_MABNI,Hypothesis,registry-exact-hypothesis:exact:02_mabniyat/built_in_adverbs,Hypothesis,harf_vs_mabni
33,63,10,وَمَا,وما,اللَّهِ,يُدْرِيكَ,HARF,ISM_MAWSOOL,ISM_MAWSOOL|ISM_MABNI|HARF,Certificate,MASAQ:51,Certificate,harf_vs_mawsool
34,7,9,إِذَا,إذا,يُنَبِّئُكُمْ,مُزِّقْتُمْ,HARF,ISM_MABNI,ISM_MABNI,Certificate,registry:exact:02_mabniyat/built_in_adverbs.json#21,Certificate,harf_vs_mabni
34,9,7,وَمَا,وما,أَيْدِيهِمْ,خَلْفَهُمْ,HARF,ISM_MAWSOOL,ISM_MAWSOOL|ISM_MABNI|HARF,Certificate,MASAQ:51,Certificate,harf_vs_mawsool
34,14,5,مَا,ما,الْمَوْتَ,دَلَّهُمْ,HARF,ISM_MAWSOOL,ISM_MAWSOOL|ISM_MABNI|HARF,Hypothesis,registry-exact-hypothesis:exact:02_mabniyat/relative_pronoun,Hypothesis,harf_vs_mawsool
34,14,23,مَا,ما,الْغَيْبَ,لَبِثُوا,HARF,ISM_MAWSOOL,ISM_MAWSOOL|ISM_MABNI|HARF,Hypothesis,registry-exact-hypothesis:exact:02_mabniyat/relative_pronoun,Hypothesis,harf_vs_mawsool
34,21,1,وَمَا,وما,,كَانَ,HARF,ISM_MAWSOOL,ISM_MAWSOOL|ISM_MABNI|HARF,Certificate,MASAQ:51,Certificate,harf_vs_mawsool
34,22,17,وَمَا,وما,الْأَرْضِ,لَهُمْ,HARF,ISM_MAWSOOL,ISM_MAWSOOL|ISM_MABNI|HARF,Certificate,MASAQ:51,Certificate,harf_vs_mawsool
34,22,22,وَمَا,وما,شِرْكٍ,لَهُ,HARF,ISM_MAWSOOL,ISM_MAWSOOL|ISM_MABNI|HARF,Certificate,MASAQ:51,Certificate,harf_vs_mawsool
34,23,7,أَذِنَ,أذن,لِمَنْ,لَهُ,FIIL,HARF,HARF,Certificate,registry:plain:02_mabniyat/present_naseb_tools.json#3,Certificate,FIIL_to_HARF
34,23,10,إِذَا,إذا,حَتَّى,فُزِّعَ,HARF,ISM_MABNI,ISM_MABNI,Certificate,registry:exact:02_mabniyat/built_in_adverbs.json#21,Certificate,harf_vs_mabni
34,23,15,مَاذَا,ماذا,قَالُوا,قَالَ,HARF,ISM_MABNI,ISM_MABNI,Certificate,registry:plain:02_mabniyat/interrogative_tools_categories.js,Certificate,harf_vs_mabni
34,24,2,مَنْ,من,قُلْ,يَرْزُقُكُمْ,HARF,ISM_MAWSOOL,ISM_MAWSOOL|ISM_MABNI|HARF,Hypothesis,registry-exact-hypothesis:exact:02_mabniyat/relative_pronoun,Hypothesis,harf_vs_mawsool
34,26,5,ثُمَّ,ثم,رَبُّنَا,يَفْتَحُ,HARF,ISM_MABNI,ISM_MABNI,Hypothesis,registry-exact-hypothesis:exact:02_mabniyat/built_in_adverbs,Hypothesis,harf_vs_mabni
34,28,1,وَمَا,وما,,أَرْسَلْنَاكَ,HARF,ISM_MAWSOOL,ISM_MAWSOOL|ISM_MABNI|HARF,Certificate,MASAQ:51,Certificate,harf_vs_mawsool
34,31,14,إِذِ,إذ,تَرَى,الظَّالِمُونَ,HARF,ISM_MABNI,ISM_MABNI,Certificate,registry:plain:02_mabniyat/built_in_adverbs.json#13,Certificate,harf_vs_mabni
34,32,11,إِذْ,إذ,بَعْدَ,جَاءَكُمْ,HARF,ISM_MABNI,ISM_MABNI,Certificate,registry:exact:02_mabniyat/built_in_adverbs.json#13,Certificate,harf_vs_mabni
34,33,10,إِذْ,إذ,وَالنَّهَارِ,تَأْمُرُونَنَا,HARF,ISM_MABNI,ISM_MABNI,Certificate,registry:exact:02_mabniyat/built_in_adverbs.json#13,Certificate,harf_vs_mabni
34,33,20,لَمَّا,لما,النَّدَامَةَ,رَأَوُا,HARF,ISM_MABNI,ISM_MABNI|HARF,Hypothesis,registry-exact-hypothesis:exact:02_mabniyat/conditional_lett,Hypothesis,harf_vs_mabni
34,34,1,وَمَا,وما,,أَرْسَلْنَا,HARF,ISM_MAWSOOL,ISM_MAWSOOL|ISM_MABNI|HARF,Certificate,MASAQ:51,Certificate,harf_vs_mawsool
34,35,6,وَمَا,وما,وَأَوْلَادَاً,نَحْنُ,HARF,ISM_MAWSOOL,ISM_MAWSOOL|ISM_MABNI|HARF,Certificate,MASAQ:51,Certificate,harf_vs_mawsool
34,37,1,وَمَا,وما,,أَمْوَالُكُمْ,HARF,ISM_MAWSOOL,ISM_MAWSOOL|ISM_MABNI|HARF,Certificate,MASAQ:51,Certificate,harf_vs_mawsool
34,39,12,وَمَا,وما,لَهُ,أَنْفَقْتُمْ,HARF,ISM_MAWSOOL,ISM_MAWSOOL|ISM_MABNI|HARF,Certificate,MASAQ:51,Certificate,harf_vs_mawsool
34,40,4,ثُمَّ,ثم,جَمِيعَاً,يَقُولُ,HARF,ISM_MABNI,ISM_MABNI,Hypothesis,registry-exact-hypothesis:exact:02_mabniyat/built_in_adverbs,Hypothesis,harf_vs_mabni
34,43,7,مَا,ما,قَالُوا,هَذَا,HARF,ISM_MAWSOOL,ISM_MAWSOOL|ISM_MABNI|HARF,Hypothesis,registry-exact-hypothesis:exact:02_mabniyat/relative_pronoun,Hypothesis,harf_vs_mawsool
34,43,19,مَا,ما,وَقَالُوا,هَذَا,HARF,ISM_MAWSOOL,ISM_MAWSOOL|ISM_MABNI|HARF,Hypothesis,registry-exact-hypothesis:exact:02_mabniyat/relative_pronoun,Hypothesis,harf_vs_mawsool
34,43,28,لَمَّا,لما,لِلْحَقِّ,جَاءَهُمْ,HARF,ISM_MABNI,ISM_MABNI|HARF,Hypothesis,registry-exact-hypothesis:exact:02_mabniyat/conditional_lett,Hypothesis,harf_vs_mabni
34,44,1,وَمَا,وما,,آتَيْنَاهُمْ,HARF,ISM_MAWSOOL,ISM_MAWSOOL|ISM_MABNI|HARF,Certificate,MASAQ:51,Certificate,harf_vs_mawsool
34,44,6,وَمَا,وما,يَدْرُسُونَهَا,أَرْسَلْنَا,HARF,ISM_MAWSOOL,ISM_MAWSOOL|ISM_MABNI|HARF,Certificate,MASAQ:51,Certificate,harf_vs_mawsool
34,45,5,وَمَا,وما,قَبْلِهِمْ,بَلَغُوا,HARF,ISM_MAWSOOL,ISM_MAWSOOL|ISM_MABNI|HARF,Certificate,MASAQ:51,Certificate,harf_vs_mawsool
34,46,10,ثُمَّ,ثم,وَفُرَادَى,تَتَفَكَّرُوا,HARF,ISM_MABNI,ISM_MABNI,Hypothesis,registry-exact-hypothesis:exact:02_mabniyat/built_in_adverbs,Hypothesis,harf_vs_mabni
34,46,12,مَا,ما,تَتَفَكَّرُوا,بِصَاحِبِكُمْ,HARF,ISM_MAWSOOL,ISM_MAWSOOL|ISM_MABNI|HARF,Hypothesis,registry-exact-hypothesis:exact:02_mabniyat/relative_pronoun,Hypothesis,harf_vs_mawsool
34,47,2,مَا,ما,قُلْ,سَأَلْتُكُمْ,HARF,ISM_MAWSOOL,ISM_MAWSOOL|ISM_MABNI|HARF,Hypothesis,registry-exact-hypothesis:exact:02_mabniyat/relative_pronoun,Hypothesis,harf_vs_mawsool
34,50,10,فَبِمَا,فبما,اهْتَدَيْتُ,يُوحِي,ISM_MAWSOOL,HARF,ISM_MAWSOOL|ISM_MABNI|HARF,Hypothesis,closed_class_set_no_kind,Hypothesis,ISM_MAWSOOL_to_HARF
34,50,12,إِلَيَّ,إلي,يُوحِي,رَبِّي,HARF,ISM_MABNI,ISM_MABNI|FIIL,Hypothesis,registry-exact-hypothesis:exact:02_mabniyat/verb_name.json#8,Hypothesis,harf_vs_mabni
34,51,3,إِذْ,إذ,تَرَى,فَزِعُوا,HARF,ISM_MABNI,ISM_MABNI,Certificate,registry:exact:02_mabniyat/built_in_adverbs.json#13,Certificate,harf_vs_mabni
35,2,1,مَا,ما,,يَفْتَحِ,HARF,ISM_MAWSOOL,ISM_MAWSOOL|ISM_MABNI|HARF,Hypothesis,registry-exact-hypothesis:exact:02_mabniyat/relative_pronoun,Hypothesis,harf_vs_mawsool
35,10,1,مَنْ,من,,كَانَ,HARF,ISM_MAWSOOL,ISM_MAWSOOL|ISM_MABNI|HARF,Hypothesis,registry-exact-hypothesis:exact:02_mabniyat/relative_pronoun,Hypothesis,harf_vs_mawsool
35,11,5,ثُمَّ,ثم,تُرَابٍ,مِنْ,HARF,ISM_MABNI,ISM_MABNI,Hypothesis,registry-exact-hypothesis:exact:02_mabniyat/built_in_adverbs,Hypothesis,harf_vs_mabni
35,11,8,ثُمَّ,ثم,نُطْفَةٍ,جَعَلَكُمْ,HARF,ISM_MABNI,ISM_MABNI,Hypothesis,registry-exact-hypothesis:exact:02_mabniyat/built_in_adverbs,Hypothesis,harf_vs_mabni
35,11,11,وَمَا,وما,أَزْوَاجَاً,تَحْمِلُ,HARF,ISM_MAWSOOL,ISM_MAWSOOL|ISM_MABNI|HARF,Certificate,MASAQ:51,Certificate,harf_vs_mawsool
35,11,19,وَمَا,وما,بِعِلْمِهِ,يُعَمَّرُ,HARF,ISM_MAWSOOL,ISM_MAWSOOL|ISM_MABNI|HARF,Certificate,MASAQ:51,Certificate,harf_vs_mawsool
35,12,1,وَمَا,وما,,يَسْتَوِي,HARF,ISM_MAWSOOL,ISM_MAWSOOL|ISM_MABNI|HARF,Certificate,MASAQ:51,Certificate,harf_vs_mawsool
35,13,25,مَا,ما,دُونِهِ,يَمْلِكُونَ,HARF,ISM_MAWSOOL,ISM_MAWSOOL|ISM_MABNI|HARF,Hypothesis,registry-exact-hypothesis:exact:02_mabniyat/relative_pronoun,Hypothesis,harf_vs_mawsool
35,14,8,مَا,ما,سَمِعُوا,اسْتَجَابُوا,HARF,ISM_MAWSOOL,ISM_MAWSOOL|ISM_MABNI|HARF,Hypothesis,registry-exact-hypothesis:exact:02_mabniyat/relative_pronoun,Hypothesis,harf_vs_mawsool
35,17,1,وَمَا,وما,,ذَلِكَ,HARF,ISM_MAWSOOL,ISM_MAWSOOL|ISM_MABNI|HARF,Certificate,MASAQ:51,Certificate,harf_vs_mawsool
35,19,1,وَمَا,وما,,يَسْتَوِي,HARF,ISM_MAWSOOL,ISM_MAWSOOL|ISM_MABNI|HARF,Certificate,MASAQ:51,Certificate,harf_vs_mawsool
35,22,1,وَمَا,وما,,يَسْتَوِي,HARF,ISM_MAWSOOL,ISM_MAWSOOL|ISM_MABNI|HARF,Certificate,MASAQ:51,Certificate,harf_vs_mawsool
35,22,11,وَمَا,وما,يَشَاءُ,أَنْتَ,HARF,ISM_MAWSOOL,ISM_MAWSOOL|ISM_MABNI|HARF,Certificate,MASAQ:51,Certificate,harf_vs_mawsool
35,24,10,خَلَا,خلا,إِلَّا,فِيهَا,FIIL,HARF,HARF,Certificate,registry:exact:02_mabniyat/preposition_meanings.json#50,Certificate,FIIL_to_HARF
35,26,1,ثُمَّ,ثم,,أَخَذْتُ,HARF,ISM_MABNI,ISM_MABNI,Hypothesis,registry-exact-hypothesis:exact:02_mabniyat/built_in_adverbs,Hypothesis,harf_vs_mabni
35,32,1,ثُمَّ,ثم,,أَوْرَثْنَا,HARF,ISM_MABNI,ISM_MABNI,Hypothesis,registry-exact-hypothesis:exact:02_mabniyat/built_in_adverbs,Hypothesis,harf_vs_mabni
35,37,14,مَا,ما,نُعَمِّرْكُمْ,يَتَذَكَّرُ,HARF,ISM_MAWSOOL,ISM_MAWSOOL|ISM_MABNI|HARF,Hypothesis,registry-exact-hypothesis:exact:02_mabniyat/relative_pronoun,Hypothesis,harf_vs_mawsool
35,40,10,مَاذَا,ماذا,أَرُونِي,خَلَقُوا,HARF,ISM_MABNI,ISM_MABNI,Certificate,registry:plain:02_mabniyat/interrogative_tools_categories.js,Certificate,harf_vs_mabni
35,42,16,مَا,ما,نَذِيرٌ,زَادَهُمْ,HARF,ISM_MAWSOOL,ISM_MAWSOOL|ISM_MABNI|HARF,Hypothesis,registry-exact-hypothesis:exact:02_mabniyat/relative_pronoun,Hypothesis,harf_vs_mawsool
35,44,16,وَمَا,وما,قُوَّةً,كَانَ,HARF,ISM_MAWSOOL,ISM_MAWSOOL|ISM_MABNI|HARF,Certificate,MASAQ:51,Certificate,harf_vs_mawsool
35,45,7,مَا,ما,كَسَبُوا,تَرَكَ,HARF,ISM_MAWSOOL,ISM_MAWSOOL|ISM_MABNI|HARF,Hypothesis,registry-exact-hypothesis:exact:02_mabniyat/relative_pronoun,Hypothesis,harf_vs_mawsool
35,45,16,أَجَلٍ,أجل,إِلَى,مُسَمَّىً,ISM_MUARAB,HARF,HARF,Certificate,registry:plain:02_mabniyat/letters_answers.json#3,Certificate,ISM_MUARAB_to_HARF
36,2,2,الْحَكِيمِ,الحكيم,وَالْقُرْآنِ,,ISM_MUARAB,JAMID,,Certificate,MASAQ:7165,Certificate,ISM_MUARAB_to_JAMID
36,6,3,مَا,ما,قَوْمَاً,أُنْذِرَ,HARF,ISM_MAWSOOL,ISM_MAWSOOL|ISM_MABNI|HARF,Hypothesis,registry-exact-hypothesis:exact:02_mabniyat/relative_pronoun,Hypothesis,harf_vs_mawsool
36,13,6,إِذْ,إذ,الْقَرْيَةِ,جَاءَهَا,HARF,ISM_MABNI,ISM_MABNI,Certificate,registry:exact:02_mabniyat/built_in_adverbs.json#13,Certificate,harf_vs_mabni
36,14,1,إِذْ,إذ,,أَرْسَلْنَا,HARF,ISM_MABNI,ISM_MABNI,Certificate,registry:exact:02_mabniyat/built_in_adverbs.json#13,Certificate,harf_vs_mabni
36,15,2,مَا,ما,قَالُوا,أَنْتُمْ,HARF,ISM_MAWSOOL,ISM_MAWSOOL|ISM_MABNI|HARF,Hypothesis,registry-exact-hypothesis:exact:02_mabniyat/relative_pronoun,Hypothesis,harf_vs_mawsool
36,15,7,وَمَا,وما,مِثْلُنَا,أَنْزَلَ,HARF,ISM_MAWSOOL,ISM_MAWSOOL|ISM_MABNI|HARF,Certificate,MASAQ:51,Certificate,harf_vs_mawsool
36,17,1,وَمَا,وما,,عَلَيْنَا,HARF,ISM_MAWSOOL,ISM_MAWSOOL|ISM_MABNI|HARF,Certificate,MASAQ:51,Certificate,harf_vs_mawsool
36,22,1,وَمَا,وما,,لِيَ,HARF,ISM_MAWSOOL,ISM_MAWSOOL|ISM_MABNI|HARF,Certificate,MASAQ:51,Certificate,harf_vs_mawsool
36,24,2,إِذَاً,إذا,إِنِّي,لَفِي,HARF,ISM_MABNI,ISM_MABNI,Certificate,registry:plain:02_mabniyat/built_in_adverbs.json#21,Certificate,harf_vs_mabni
36,28,1,وَمَا,وما,,أَنْزَلْنَا,HARF,ISM_MAWSOOL,ISM_MAWSOOL|ISM_MABNI|HARF,Certificate,MASAQ:51,Certificate,harf_vs_mawsool
36,28,11,وَمَا,وما,السَّمَاءِ,كُنَّا,HARF,ISM_MAWSOOL,ISM_MAWSOOL|ISM_MABNI|HARF,Certificate,MASAQ:51,Certificate,harf_vs_mawsool
36,30,4,مَا,ما,الْعِبَادِ,يَأْتِيهِمْ,HARF,ISM_MAWSOOL,ISM_MAWSOOL|ISM_MABNI|HARF,Hypothesis,registry-exact-hypothesis:exact:02_mabniyat/relative_pronoun,Hypothesis,harf_vs_mawsool
36,32,3,لَمَّا,لما,كُلٌّ,جَمِيعٌ,HARF,ISM_MABNI,ISM_MABNI|HARF,Hypothesis,registry-exact-hypothesis:exact:02_mabniyat/conditional_lett,Hypothesis,harf_vs_mabni
36,46,1,وَمَا,وما,,تَأْتِيهِمْ,HARF,ISM_MAWSOOL,ISM_MAWSOOL|ISM_MABNI|HARF,Certificate,MASAQ:51,Certificate,harf_vs_mawsool
36,49,1,مَا,ما,,يَنْظُرُونَ,HARF,ISM_MAWSOOL,ISM_MAWSOOL|ISM_MABNI|HARF,Hypothesis,registry-exact-hypothesis:exact:02_mabniyat/relative_pronoun,Hypothesis,harf_vs_mawsool
36,52,3,مَنْ,من,يَاوَيْلَنَا,بَعَثَنَا,HARF,ISM_MAWSOOL,ISM_MAWSOOL|ISM_MABNI|HARF,Hypothesis,registry-exact-hypothesis:exact:02_mabniyat/relative_pronoun,Hypothesis,harf_vs_mawsool
36,58,4,رَبٍّ,رب,مِنْ,رَحِيمٍ,ISM_MUARAB,HARF,HARF,Certificate,registry:plain:02_mabniyat/preposition_meanings.json#40,Certificate,ISM_MUARAB_to_HARF
36,59,3,أَيُّهَا,أيها,الْيَوْمَ,الْمُجْرِمُونَ,ISM_MAWSOOL,HARF,HARF,Certificate,registry:exact:02_mabniyat/vocative_particles.json#6,Certificate,ISM_MAWSOOL_to_HARF
36,69,1,وَمَا,وما,,عَلَّمْنَاهُ,HARF,ISM_MAWSOOL,ISM_MAWSOOL|ISM_MABNI|HARF,Certificate,MASAQ:51,Certificate,harf_vs_mawsool
36,69,4,وَمَا,وما,الشِّعْرَ,يَنْبَغِي,HARF,ISM_MAWSOOL,ISM_MAWSOOL|ISM_MABNI|HARF,Certificate,MASAQ:51,Certificate,harf_vs_mawsool
36,78,5,خَلْقَهُ,خلقه,وَنَسِيَ,قَالَ,ISM_MUARAB,FIIL,,Certificate,MASAQ:40656,Certificate,noun_misread_as_verb
36,78,7,مَنْ,من,قَالَ,يُحْيِي,HARF,ISM_MAWSOOL,ISM_MAWSOOL|ISM_MABNI|HARF,Hypothesis,registry-exact-hypothesis:exact:02_mabniyat/relative_pronoun,Hypothesis,harf_vs_mawsool
36,82,3,إِذَا,إذا,أَمْرُهُ,أَرَادَ,HARF,ISM_MABNI,ISM_MABNI,Certificate,registry:exact:02_mabniyat/built_in_adverbs.json#21,Certificate,harf_vs_mabni
37,5,1,رَبُّ,رب,,السَّمَاوَاتِ,ISM_MUARAB,HARF,HARF,Certificate,registry:plain:02_mabniyat/preposition_meanings.json#40,Certificate,ISM_MUARAB_to_HARF
37,20,4,يَوْمُ,يوم,هَذَا,الدِّينِ,ISM_MUARAB,HARF,,Certificate,MASAQ:16239,Certificate,ISM_MUARAB_to_HARF
37,21,2,يَوْمُ,يوم,هَذَا,الْفَصْلِ,ISM_MUARAB,HARF,,Certificate,MASAQ:16239,Certificate,ISM_MUARAB_to_HARF
37,30,1,وَمَا,وما,,كَانَ,HARF,ISM_MAWSOOL,ISM_MAWSOOL|ISM_MABNI|HARF,Certificate,MASAQ:51,Certificate,harf_vs_mawsool
37,35,3,إِذَا,إذا,كَانُوا,قِيلَ,HARF,ISM_MABNI,ISM_MABNI,Certificate,registry:exact:02_mabniyat/built_in_adverbs.json#21,Certificate,harf_vs_mabni
37,39,1,وَمَا,وما,,تُجْزَوْنَ,HARF,ISM_MAWSOOL,ISM_MAWSOOL|ISM_MABNI|HARF,Certificate,MASAQ:51,Certificate,harf_vs_mawsool
37,59,4,وَمَا,وما,الْأُولَى,نَحْنُ,HARF,ISM_MAWSOOL,ISM_MAWSOOL|ISM_MABNI|HARF,Certificate,MASAQ:51,Certificate,harf_vs_mawsool
37,60,5,الْعَظِيمُ,العظيم,الْفَوْزُ,,ISM_MUARAB,JAMID,,Certificate,MASAQ:5243,Certificate,ISM_MUARAB_to_JAMID
37,67,1,ثُمَّ,ثم,,إِنَّ,HARF,ISM_MABNI,ISM_MABNI,Hypothesis,registry-exact-hypothesis:exact:02_mabniyat/built_in_adverbs,Hypothesis,harf_vs_mabni
37,68,1,ثُمَّ,ثم,,إِنَّ,HARF,ISM_MABNI,ISM_MABNI,Hypothesis,registry-exact-hypothesis:exact:02_mabniyat/built_in_adverbs,Hypothesis,harf_vs_mabni
37,82,1,ثُمَّ,ثم,,أَغْرَقْنَا,HARF,ISM_MABNI,ISM_MABNI,Hypothesis,registry-exact-hypothesis:exact:02_mabniyat/built_in_adverbs,Hypothesis,harf_vs_mabni
37,84,1,إِذْ,إذ,,جَاءَ,HARF,ISM_MABNI,ISM_MABNI,Certificate,registry:exact:02_mabniyat/built_in_adverbs.json#13,Certificate,harf_vs_mabni
37,85,1,إِذْ,إذ,,قَالَ,HARF,ISM_MABNI,ISM_MABNI,Certificate,registry:exact:02_mabniyat/built_in_adverbs.json#13,Certificate,harf_vs_mabni
37,85,5,مَاذَا,ماذا,وَقَوْمِهِ,تَعْبُدُونَ,HARF,ISM_MABNI,ISM_MABNI,Certificate,registry:plain:02_mabniyat/interrogative_tools_categories.js,Certificate,harf_vs_mabni
37,96,3,وَمَا,وما,خَلَقَكُمْ,تَعْمَلُونَ,HARF,ISM_MAWSOOL,ISM_MAWSOOL|ISM_MABNI|HARF,Certificate,MASAQ:51,Certificate,harf_vs_mawsool
37,100,1,رَبِّ,رب,,هَبْ,ISM_MUARAB,HARF,HARF,Certificate,registry:plain:02_mabniyat/preposition_meanings.json#40,Certificate,ISM_MUARAB_to_HARF
37,102,14,مَاذَا,ماذا,فَانْظُرْ,تَرَى,HARF,ISM_MABNI,ISM_MABNI,Certificate,registry:plain:02_mabniyat/interrogative_tools_categories.js,Certificate,harf_vs_mabni
37,105,1,قَدْ,قد,,صَدَّقْتَ,HARF,ISM_MABNI,ISM_MABNI|FIIL,Hypothesis,registry-exact-hypothesis:exact:02_mabniyat/verb_name.json#9,Hypothesis,harf_vs_mabni
37,124,1,إِذْ,إذ,,قَالَ,HARF,ISM_MABNI,ISM_MABNI,Certificate,registry:exact:02_mabniyat/built_in_adverbs.json#13,Certificate,harf_vs_mabni
37,134,1,إِذْ,إذ,,نَجَّيْنَاهُ,HARF,ISM_MABNI,ISM_MABNI,Certificate,registry:exact:02_mabniyat/built_in_adverbs.json#13,Certificate,harf_vs_mabni
37,136,1,ثُمَّ,ثم,,دَمَّرْنَا,HARF,ISM_MABNI,ISM_MABNI,Hypothesis,registry-exact-hypothesis:exact:02_mabniyat/built_in_adverbs,Hypothesis,harf_vs_mabni
37,140,1,إِذْ,إذ,,أَبَقَ,HARF,ISM_MABNI,ISM_MABNI,Certificate,registry:exact:02_mabniyat/built_in_adverbs.json#13,Certificate,harf_vs_mabni
37,161,2,وَمَا,وما,فَإِنَّكُمْ,تَعْبُدُونَ,HARF,ISM_MAWSOOL,ISM_MAWSOOL|ISM_MABNI|HARF,Certificate,MASAQ:51,Certificate,harf_vs_mawsool
37,162,1,مَا,ما,,أَنْتُمْ,HARF,ISM_MAWSOOL,ISM_MAWSOOL|ISM_MABNI|HARF,Hypothesis,registry-exact-hypothesis:exact:02_mabniyat/relative_pronoun,Hypothesis,harf_vs_mawsool
37,164,1,وَمَا,وما,,مِنَّا,HARF,ISM_MAWSOOL,ISM_MAWSOOL|ISM_MABNI|HARF,Certificate,MASAQ:51,Certificate,harf_vs_mawsool
37,174,4,حِينٍ,حين,حَتَّى,,HARF,ISM_MUARAB,,Certificate,MASAQ:581,Certificate,HARF_to_ISM_MUARAB
37,178,4,حِينٍ,حين,حَتَّى,,HARF,ISM_MUARAB,,Certificate,MASAQ:581,Certificate,HARF_to_ISM_MUARAB
37,180,3,رَبِّ,رب,رَبِّكَ,الْعِزَّةِ,ISM_MUARAB,HARF,HARF,Certificate,registry:plain:02_mabniyat/preposition_meanings.json#40,Certificate,ISM_MUARAB_to_HARF
37,182,3,رَبِّ,رب,لِلَّهِ,الْعَالَمِينَ,ISM_MUARAB,HARF,HARF,Certificate,registry:plain:02_mabniyat/preposition_meanings.json#40,Certificate,ISM_MUARAB_to_HARF
38,7,1,مَا,ما,,سَمِعْنَا,HARF,ISM_MAWSOOL,ISM_MAWSOOL|ISM_MABNI|HARF,Hypothesis,registry-exact-hypothesis:exact:02_mabniyat/relative_pronoun,Hypothesis,harf_vs_mawsool
38,8,13,لَمَّا,لما,بَلْ,يَذُوقُوا,HARF,ISM_MABNI,ISM_MABNI|HARF,Hypothesis,registry-exact-hypothesis:exact:02_mabniyat/conditional_lett,Hypothesis,harf_vs_mabni
38,15,1,وَمَا,وما,,يَنْظُرُ,HARF,ISM_MAWSOOL,ISM_MAWSOOL|ISM_MABNI|HARF,Certificate,MASAQ:51,Certificate,harf_vs_mawsool
38,15,7,مَا,ما,وَاحِدَةً,لَهَا,HARF,ISM_MAWSOOL,ISM_MAWSOOL|ISM_MABNI|HARF,Hypothesis,registry-exact-hypothesis:exact:02_mabniyat/relative_pronoun,Hypothesis,harf_vs_mawsool
38,21,5,إِذْ,إذ,الْخَصْمِ,تَسَوَّرُوا,HARF,ISM_MABNI,ISM_MABNI,Certificate,registry:exact:02_mabniyat/built_in_adverbs.json#13,Certificate,harf_vs_mabni
38,22,1,إِذْ,إذ,,دَخَلُوا,HARF,ISM_MABNI,ISM_MABNI,Certificate,registry:exact:02_mabniyat/built_in_adverbs.json#13,Certificate,harf_vs_mabni
38,27,1,وَمَا,وما,,خَلَقْنَا,HARF,ISM_MAWSOOL,ISM_MAWSOOL|ISM_MABNI|HARF,Certificate,MASAQ:51,Certificate,harf_vs_mawsool
38,31,1,إِذْ,إذ,,عُرِضَ,HARF,ISM_MABNI,ISM_MABNI,Certificate,registry:exact:02_mabniyat/built_in_adverbs.json#13,Certificate,harf_vs_mabni
38,34,8,ثُمَّ,ثم,جَسَدَاً,أَنَابَ,HARF,ISM_MABNI,ISM_MABNI,Hypothesis,registry-exact-hypothesis:exact:02_mabniyat/built_in_adverbs,Hypothesis,harf_vs_mabni
38,35,2,رَبِّ,رب,قَالَ,اغْفِرْ,ISM_MUARAB,HARF,HARF,Certificate,registry:plain:02_mabniyat/preposition_meanings.json#40,Certificate,ISM_MUARAB_to_HARF
38,36,7,حَيْثُ,حيث,رُخَاءً,أَصَابَ,HARF,ISM_MABNI,ISM_MABNI,Certificate,registry:exact:02_mabniyat/built_in_adverbs.json#1,Certificate,harf_vs_mabni
38,41,4,إِذْ,إذ,أَيُّوبَ,نَادَى,HARF,ISM_MABNI,ISM_MABNI,Certificate,registry:exact:02_mabniyat/built_in_adverbs.json#13,Certificate,harf_vs_mabni
38,54,4,مَا,ما,لَرِزْقُنَا,لَهُ,HARF,ISM_MAWSOOL,ISM_MAWSOOL|ISM_MABNI|HARF,Hypothesis,registry-exact-hypothesis:exact:02_mabniyat/relative_pronoun,Hypothesis,harf_vs_mawsool
38,65,5,وَمَا,وما,مُنْذِرٌ,مِنْ,HARF,ISM_MAWSOOL,ISM_MAWSOOL|ISM_MABNI|HARF,Certificate,MASAQ:51,Certificate,harf_vs_mawsool
38,66,1,رَبُّ,رب,,السَّمَاوَاتِ,ISM_MUARAB,HARF,HARF,Certificate,registry:plain:02_mabniyat/preposition_meanings.json#40,Certificate,ISM_MUARAB_to_HARF
38,69,1,مَا,ما,,كَانَ,HARF,ISM_MAWSOOL,ISM_MAWSOOL|ISM_MABNI|HARF,Hypothesis,registry-exact-hypothesis:exact:02_mabniyat/relative_pronoun,Hypothesis,harf_vs_mawsool
38,69,8,إِذْ,إذ,الْأَعْلَى,يَخْتَصِمُونَ,HARF,ISM_MABNI,ISM_MABNI,Certificate,registry:exact:02_mabniyat/built_in_adverbs.json#13,Certificate,harf_vs_mabni
38,70,3,إِلَيَّ,إلي,يُوحَى,إِلَّا,HARF,ISM_MABNI,ISM_MABNI|FIIL,Hypothesis,registry-exact-hypothesis:exact:02_mabniyat/verb_name.json#8,Hypothesis,harf_vs_mabni
38,71,1,إِذْ,إذ,,قَالَ,HARF,ISM_MABNI,ISM_MABNI,Certificate,registry:exact:02_mabniyat/built_in_adverbs.json#13,Certificate,harf_vs_mabni
38,78,2,عَلَيْكَ,عليك,وَإِنَّ,لَعْنَتِي,HARF,ISM_MABNI,ISM_MABNI|FIIL,Hypothesis,registry-exact-hypothesis:exact:02_mabniyat/verb_name.json#8,Hypothesis,harf_vs_mabni
38,79,2,رَبِّ,رب,قَالَ,فَأَنْظِرْنِي,ISM_MUARAB,HARF,HARF,Certificate,registry:plain:02_mabniyat/preposition_meanings.json#40,Certificate,ISM_MUARAB_to_HARF
38,86,2,مَا,ما,قُلْ,أَسْأَلُكُمْ,HARF,ISM_MAWSOOL,ISM_MAWSOOL|ISM_MABNI|HARF,Hypothesis,registry-exact-hypothesis:exact:02_mabniyat/relative_pronoun,Hypothesis,harf_vs_mawsool
38,86,7,وَمَا,وما,أَجْرٍ,أَنَا,HARF,ISM_MAWSOOL,ISM_MAWSOOL|ISM_MABNI|HARF,Certificate,MASAQ:51,Certificate,harf_vs_mawsool
39,3,10,مَا,ما,أَوْلِيَاءَ,نَعْبُدُهُمْ,HARF,ISM_MAWSOOL,ISM_MAWSOOL|ISM_MABNI|HARF,Hypothesis,registry-exact-hypothesis:exact:02_mabniyat/relative_pronoun,Hypothesis,harf_vs_mawsool
39,3,30,مَنْ,من,يَهْدِي,هُوَ,HARF,ISM_MAWSOOL,ISM_MAWSOOL|ISM_MABNI|HARF,Hypothesis,registry-exact-hypothesis:exact:02_mabniyat/relative_pronoun,Hypothesis,harf_vs_mawsool
39,6,5,ثُمَّ,ثم,وَاحِدَةٍ,جَعَلَ,HARF,ISM_MABNI,ISM_MABNI,Hypothesis,registry-exact-hypothesis:exact:02_mabniyat/built_in_adverbs,Hypothesis,harf_vs_mabni
39,7,20,ثُمَّ,ثم,أُخْرَى,إِلَى,HARF,ISM_MABNI,ISM_MABNI,Hypothesis,registry-exact-hypothesis:exact:02_mabniyat/built_in_adverbs,Hypothesis,harf_vs_mabni
39,8,9,ثُمَّ,ثم,إِلَيْهِ,إِذَا,HARF,ISM_MABNI,ISM_MABNI,Hypothesis,registry-exact-hypothesis:exact:02_mabniyat/built_in_adverbs,Hypothesis,harf_vs_mabni
39,8,10,إِذَا,إذا,ثُمَّ,خَوَّلَهُ,HARF,ISM_MABNI,ISM_MABNI,Certificate,registry:exact:02_mabniyat/built_in_adverbs.json#21,Certificate,harf_vs_mabni
39,21,13,ثُمَّ,ثم,الْأَرْضِ,يُخْرِجُ,HARF,ISM_MABNI,ISM_MABNI,Hypothesis,registry-exact-hypothesis:exact:02_mabniyat/built_in_adverbs,Hypothesis,harf_vs_mabni
39,21,19,ثُمَّ,ثم,أَلْوَانُهُ,يَهِيجُ,HARF,ISM_MABNI,ISM_MABNI,Hypothesis,registry-exact-hypothesis:exact:02_mabniyat/built_in_adverbs,Hypothesis,harf_vs_mabni
39,21,23,ثُمَّ,ثم,مُصْفَرَّاً,يَجْعَلُهُ,HARF,ISM_MABNI,ISM_MABNI,Hypothesis,registry-exact-hypothesis:exact:02_mabniyat/built_in_adverbs,Hypothesis,harf_vs_mabni
39,23,14,ثُمَّ,ثم,رَبَّهُمْ,تَلِينُ,HARF,ISM_MABNI,ISM_MABNI,Hypothesis,registry-exact-hypothesis:exact:02_mabniyat/built_in_adverbs,Hypothesis,harf_vs_mabni
39,25,8,حَيْثُ,حيث,مِنْ,لَا,HARF,ISM_MABNI,ISM_MABNI,Certificate,registry:exact:02_mabniyat/built_in_adverbs.json#1,Certificate,harf_vs_mabni
39,31,1,ثُمَّ,ثم,,إِنَّكُمْ,HARF,ISM_MABNI,ISM_MABNI,Hypothesis,registry-exact-hypothesis:exact:02_mabniyat/built_in_adverbs,Hypothesis,harf_vs_mabni
39,32,9,إِذْ,إذ,بِالصِّدْقِ,جَاءَهُ,HARF,ISM_MABNI,ISM_MABNI,Certificate,registry:exact:02_mabniyat/built_in_adverbs.json#13,Certificate,harf_vs_mabni
39,38,3,مَنْ,من,سَأَلْتَهُمْ,خَلَقَ,HARF,ISM_MAWSOOL,ISM_MAWSOOL|ISM_MABNI|HARF,Hypothesis,registry-exact-hypothesis:exact:02_mabniyat/relative_pronoun,Hypothesis,harf_vs_mawsool
39,41,3,عَلَيْكَ,عليك,أَنْزَلْنَا,الْكِتَابَ,HARF,ISM_MABNI,ISM_MABNI|FIIL,Hypothesis,registry-exact-hypothesis:exact:02_mabniyat/verb_name.json#8,Hypothesis,harf_vs_mabni
39,41,15,وَمَا,وما,عَلَيْهَا,أَنْتَ,HARF,ISM_MAWSOOL,ISM_MAWSOOL|ISM_MABNI|HARF,Certificate,MASAQ:51,Certificate,harf_vs_mawsool
39,42,19,أَجَلٍ,أجل,إِلَى,مُسَمَّىً,ISM_MUARAB,HARF,HARF,Certificate,registry:plain:02_mabniyat/letters_answers.json#3,Certificate,ISM_MUARAB_to_HARF
39,44,9,ثُمَّ,ثم,وَالْأَرْضِ,إِلَيْهِ,HARF,ISM_MABNI,ISM_MABNI,Hypothesis,registry-exact-hypothesis:exact:02_mabniyat/built_in_adverbs,Hypothesis,harf_vs_mabni
39,45,16,إِذَا,إذا,دُونِهِ,هُمْ,HARF,ISM_MABNI,ISM_MABNI,Certificate,registry:exact:02_mabniyat/built_in_adverbs.json#21,Certificate,harf_vs_mabni
39,46,2,اللَّهُمَّ,اللهم,قُلِ,فَاطِرَ,JAMID,ISM_MAWSOOL,ISM_MAWSOOL,Certificate,registry:plain:02_mabniyat/relative_pronouns.json#33,Certificate,JAMID_to_ISM_MAWSOOL
39,49,6,ثُمَّ,ثم,دَعَانَا,إِذَا,HARF,ISM_MABNI,ISM_MABNI,Hypothesis,registry-exact-hypothesis:exact:02_mabniyat/built_in_adverbs,Hypothesis,harf_vs_mabni
39,49,7,إِذَا,إذا,ثُمَّ,خَوَّلْنَاهُ,HARF,ISM_MABNI,ISM_MABNI,Certificate,registry:exact:02_mabniyat/built_in_adverbs.json#21,Certificate,harf_vs_mabni
39,50,1,قَدْ,قد,,قَالَهَا,HARF,ISM_MABNI,ISM_MABNI|FIIL,Hypothesis,registry-exact-hypothesis:exact:02_mabniyat/verb_name.json#9,Hypothesis,harf_vs_mabni
39,51,13,وَمَا,وما,كَسَبُوا,هُمْ,HARF,ISM_MAWSOOL,ISM_MAWSOOL|ISM_MABNI|HARF,Certificate,MASAQ:51,Certificate,harf_vs_mawsool
39,54,11,ثُمَّ,ثم,الْعَذَابُ,لَا,HARF,ISM_MABNI,ISM_MABNI,Hypothesis,registry-exact-hypothesis:exact:02_mabniyat/built_in_adverbs,Hypothesis,harf_vs_mabni
39,56,13,لَمِنَ,لمن,كُنْتُ,السَّاخِرِينَ,ISM_MAWSOOL,HARF,ISM_MAWSOOL|ISM_MABNI|HARF,Certificate,MASAQ:2330,Certificate,ISM_MAWSOOL_to_HARF
39,59,2,قَدْ,قد,بَلَى,جَاءَتْكَ,HARF,ISM_MABNI,ISM_MABNI|FIIL,Hypothesis,registry-exact-hypothesis:exact:02_mabniyat/verb_name.json#9,Hypothesis,harf_vs_mabni
39,64,6,أَيُّهَا,أيها,أَعْبُدُ,الْجَاهِلُونَ,ISM_MAWSOOL,HARF,HARF,Certificate,registry:exact:02_mabniyat/vocative_particles.json#6,Certificate,ISM_MAWSOOL_to_HARF
39,67,1,وَمَا,وما,,قَدَرُوا,HARF,ISM_MAWSOOL,ISM_MAWSOOL|ISM_MABNI|HARF,Certificate,MASAQ:51,Certificate,harf_vs_mawsool
39,68,5,مَنْ,من,فَصَعِقَ,فِي,HARF,ISM_MAWSOOL,ISM_MAWSOOL|ISM_MABNI|HARF,Hypothesis,registry-exact-hypothesis:exact:02_mabniyat/relative_pronoun,Hypothesis,harf_vs_mawsool
39,68,8,وَمَنْ,ومن,السَّمَاوَاتِ,فِي,ISM_MAWSOOL,HARF,ISM_MAWSOOL|ISM_MABNI|HARF,Certificate,MASAQ:1895,Certificate,ISM_MAWSOOL_to_HARF
39,68,15,ثُمَّ,ثم,اللَّهُ,نُفِخَ,HARF,ISM_MABNI,ISM_MABNI,Hypothesis,registry-exact-hypothesis:exact:02_mabniyat/built_in_adverbs,Hypothesis,harf_vs_mabni
39,70,7,أَعْلَمُ,أعلم,وَهُوَ,بِمَا,ISM_MUARAB,FIIL,,Certificate,MASAQ:477,Certificate,noun_misread_as_verb
39,71,8,إِذَا,إذا,حَتَّى,جَاءُوهَا,HARF,ISM_MABNI,ISM_MABNI,Certificate,registry:exact:02_mabniyat/built_in_adverbs.json#21,Certificate,harf_vs_mabni
39,73,9,إِذَا,إذا,حَتَّى,جَاءُوهَا,HARF,ISM_MABNI,ISM_MABNI,Certificate,registry:exact:02_mabniyat/built_in_adverbs.json#21,Certificate,harf_vs_mabni
39,74,12,حَيْثُ,حيث,الْجَنَّةِ,نَشَاءُ,HARF,ISM_MABNI,ISM_MABNI,Certificate,registry:exact:02_mabniyat/built_in_adverbs.json#1,Certificate,harf_vs_mabni
39,75,16,رَبِّ,رب,لِلَّهِ,الْعَالَمِينَ,ISM_MUARAB,HARF,HARF,Certificate,registry:plain:02_mabniyat/preposition_meanings.json#40,Certificate,ISM_MUARAB_to_HARF
40,4,1,مَا,ما,,يُجَادِلُ,HARF,ISM_MAWSOOL,ISM_MAWSOOL|ISM_MABNI|HARF,Hypothesis,registry-exact-hypothesis:exact:02_mabniyat/relative_pronoun,Hypothesis,harf_vs_mawsool
40,9,12,الْعَظِيمُ,العظيم,الْفَوْزُ,,ISM_MUARAB,JAMID,,Certificate,MASAQ:5243,Certificate,ISM_MUARAB_to_JAMID
40,10,11,إِذْ,إذ,أَنْفُسَكُمْ,تُدْعَوْنَ,HARF,ISM_MABNI,ISM_MABNI,Certificate,registry:exact:02_mabniyat/built_in_adverbs.json#13,Certificate,harf_vs_mabni
40,12,3,إِذَا,إذا,بِأَنَّهُ,دُعِيَ,HARF,ISM_MABNI,ISM_MABNI,Certificate,registry:exact:02_mabniyat/built_in_adverbs.json#21,Certificate,harf_vs_mabni
40,13,10,وَمَا,وما,رِزْقَاً,يَتَذَكَّرُ,HARF,ISM_MAWSOOL,ISM_MAWSOOL|ISM_MABNI|HARF,Certificate,MASAQ:51,Certificate,harf_vs_mawsool
40,18,4,إِذِ,إذ,الْآزِفَةِ,الْقُلُوبُ,HARF,ISM_MABNI,ISM_MABNI,Certificate,registry:plain:02_mabniyat/built_in_adverbs.json#13,Certificate,harf_vs_mabni
40,18,6,لَدَى,لدى,الْقُلُوبُ,الْحَنَاجِرِ,HARF,ISM_MABNI,ISM_MABNI,Certificate,registry:exact:02_mabniyat/built_in_adverbs.json#15,Certificate,harf_vs_mabni
40,18,9,مَا,ما,كَاظِمِينَ,لِلظَّالِمِينَ,HARF,ISM_MAWSOOL,ISM_MAWSOOL|ISM_MABNI|HARF,Hypothesis,registry-exact-hypothesis:exact:02_mabniyat/relative_pronoun,Hypothesis,harf_vs_mawsool
40,21,24,وَمَا,وما,بِذُنُوبِهِمْ,كَانَ,HARF,ISM_MAWSOOL,ISM_MAWSOOL|ISM_MABNI|HARF,Certificate,MASAQ:51,Certificate,harf_vs_mawsool
40,25,14,وَمَا,وما,نِسَاءَهُمْ,كَيْدُ,HARF,ISM_MAWSOOL,ISM_MAWSOOL|ISM_MABNI|HARF,Certificate,MASAQ:51,Certificate,harf_vs_mawsool
40,29,17,مَا,ما,فِرْعَوْنُ,أُرِيكُمْ,HARF,ISM_MAWSOOL,ISM_MAWSOOL|ISM_MABNI|HARF,Hypothesis,registry-exact-hypothesis:exact:02_mabniyat/relative_pronoun,Hypothesis,harf_vs_mawsool
40,29,22,وَمَا,وما,أَرَى,أَهْدِيكُمْ,HARF,ISM_MAWSOOL,ISM_MAWSOOL|ISM_MABNI|HARF,Certificate,MASAQ:51,Certificate,harf_vs_mawsool
40,30,9,يَوْمِ,يوم,مِثْلَ,الْأَحْزَابِ,HARF,ISM_MUARAB,,Certificate,MASAQ:12,Certificate,HARF_to_ISM_MUARAB
40,31,10,وَمَا,وما,بَعْدِهِمْ,اللَّهُ,HARF,ISM_MAWSOOL,ISM_MAWSOOL|ISM_MABNI|HARF,Certificate,MASAQ:51,Certificate,harf_vs_mawsool
40,33,4,مَا,ما,مُدْبِرِينَ,لَكُمْ,HARF,ISM_MAWSOOL,ISM_MAWSOOL|ISM_MABNI|HARF,Hypothesis,registry-exact-hypothesis:exact:02_mabniyat/relative_pronoun,Hypothesis,harf_vs_mawsool
40,34,15,إِذَا,إذا,حَتَّى,هَلَكَ,HARF,ISM_MABNI,ISM_MABNI,Certificate,registry:exact:02_mabniyat/built_in_adverbs.json#21,Certificate,harf_vs_mabni
40,36,4,ابْنِ,ابن,يَاهَامَانُ,لِي,FIIL,ISM_MUARAB,,Certificate,MASAQ:14617,Certificate,verb_misread_as_noun
40,37,18,وَمَا,وما,السَّبِيلِ,كَيْدُ,HARF,ISM_MAWSOOL,ISM_MAWSOOL|ISM_MABNI|HARF,Certificate,MASAQ:51,Certificate,harf_vs_mawsool
40,40,1,مَنْ,من,,عَمِلَ,HARF,ISM_MAWSOOL,ISM_MAWSOOL|ISM_MABNI|HARF,Hypothesis,registry-exact-hypothesis:exact:02_mabniyat/relative_pronoun,Hypothesis,harf_vs_mawsool
40,48,9,قَدْ,قد,اللَّهَ,حَكَمَ,HARF,ISM_MABNI,ISM_MABNI|FIIL,Hypothesis,registry-exact-hypothesis:exact:02_mabniyat/verb_name.json#9,Hypothesis,harf_vs_mabni
40,50,11,وَمَا,وما,فَادْعُوا,دُعَاءُ,HARF,ISM_MAWSOOL,ISM_MAWSOOL|ISM_MABNI|HARF,Certificate,MASAQ:51,Certificate,harf_vs_mawsool
40,56,15,مَا,ما,كِبْرٌ,هُمْ,HARF,ISM_MAWSOOL,ISM_MAWSOOL|ISM_MABNI|HARF,Hypothesis,registry-exact-hypothesis:exact:02_mabniyat/relative_pronoun,Hypothesis,harf_vs_mawsool
40,58,1,وَمَا,وما,,يَسْتَوِي,HARF,ISM_MAWSOOL,ISM_MAWSOOL|ISM_MABNI|HARF,Certificate,MASAQ:51,Certificate,harf_vs_mawsool
40,64,20,رَبُّ,رب,اللَّهُ,الْعَالَمِينَ,ISM_MUARAB,HARF,HARF,Certificate,registry:plain:02_mabniyat/preposition_meanings.json#40,Certificate,ISM_MUARAB_to_HARF
40,65,13,رَبِّ,رب,لِلَّهِ,الْعَالَمِينَ,ISM_MUARAB,HARF,HARF,Certificate,registry:plain:02_mabniyat/preposition_meanings.json#40,Certificate,ISM_MUARAB_to_HARF
40,66,11,لَمَّا,لما,اللَّهِ,جَاءَنِيَ,HARF,ISM_MABNI,ISM_MABNI|HARF,Hypothesis,registry-exact-hypothesis:exact:02_mabniyat/conditional_lett,Hypothesis,harf_vs_mabni
40,67,6,ثُمَّ,ثم,تُرَابٍ,مِنْ,HARF,ISM_MABNI,ISM_MABNI,Hypothesis,registry-exact-hypothesis:exact:02_mabniyat/built_in_adverbs,Hypothesis,harf_vs_mabni
40,67,9,ثُمَّ,ثم,نُطْفَةٍ,مِنْ,HARF,ISM_MABNI,ISM_MABNI,Hypothesis,registry-exact-hypothesis:exact:02_mabniyat/built_in_adverbs,Hypothesis,harf_vs_mabni
40,67,12,ثُمَّ,ثم,عَلَقَةٍ,يُخْرِجُكُمْ,HARF,ISM_MABNI,ISM_MABNI,Hypothesis,registry-exact-hypothesis:exact:02_mabniyat/built_in_adverbs,Hypothesis,harf_vs_mabni
40,67,15,ثُمَّ,ثم,طِفْلَاً,لِتَبْلُغُوا,HARF,ISM_MABNI,ISM_MABNI,Hypothesis,registry-exact-hypothesis:exact:02_mabniyat/built_in_adverbs,Hypothesis,harf_vs_mabni
40,67,18,ثُمَّ,ثم,أَشُدَّكُمْ,لِتَكُونُوا,HARF,ISM_MABNI,ISM_MABNI,Hypothesis,registry-exact-hypothesis:exact:02_mabniyat/built_in_adverbs,Hypothesis,harf_vs_mabni
40,69,9,أَنَّى,أنى,اللَّهِ,يُصْرَفُونَ,HARF,ISM_MABNI,ISM_MABNI|HARF,Hypothesis,registry-exact-hypothesis:exact:02_mabniyat/conditional_lett,Hypothesis,harf_vs_mabni
40,71,1,إِذِ,إذ,,الْأَغْلَالُ,HARF,ISM_MABNI,ISM_MABNI,Certificate,registry:plain:02_mabniyat/built_in_adverbs.json#13,Certificate,harf_vs_mabni
40,72,3,ثُمَّ,ثم,الْحَمِيمِ,فِي,HARF,ISM_MABNI,ISM_MABNI,Hypothesis,registry-exact-hypothesis:exact:02_mabniyat/built_in_adverbs,Hypothesis,harf_vs_mabni
40,73,1,ثُمَّ,ثم,,قِيلَ,HARF,ISM_MABNI,ISM_MABNI,Hypothesis,registry-exact-hypothesis:exact:02_mabniyat/built_in_adverbs,Hypothesis,harf_vs_mabni
40,78,9,عَلَيْكَ,عليك,قَصَصْنَا,وَمِنْهُمْ,HARF,ISM_MABNI,ISM_MABNI|FIIL,Hypothesis,registry-exact-hypothesis:exact:02_mabniyat/verb_name.json#8,Hypothesis,harf_vs_mabni
40,78,14,عَلَيْكَ,عليك,نَقْصُصْ,وَمَا,HARF,ISM_MABNI,ISM_MABNI|FIIL,Hypothesis,registry-exact-hypothesis:exact:02_mabniyat/verb_name.json#8,Hypothesis,harf_vs_mabni
40,78,15,وَمَا,وما,عَلَيْكَ,كَانَ,HARF,ISM_MAWSOOL,ISM_MAWSOOL|ISM_MABNI|HARF,Certificate,MASAQ:51,Certificate,harf_vs_mawsool
40,85,5,لَمَّا,لما,إِيمَانُهُمْ,رَأَوْا,HARF,ISM_MABNI,ISM_MABNI|HARF,Hypothesis,registry-exact-hypothesis:exact:02_mabniyat/conditional_lett,Hypothesis,harf_vs_mabni
40,85,11,قَدْ,قد,الَّتِي,خَلَتْ,HARF,ISM_MABNI,ISM_MABNI|FIIL,Hypothesis,registry-exact-hypothesis:exact:02_mabniyat/verb_name.json#9,Hypothesis,harf_vs_mabni
41,6,7,إِلَيَّ,إلي,يُوحَى,أَنَّمَا,HARF,ISM_MABNI,ISM_MABNI|FIIL,Hypothesis,registry-exact-hypothesis:exact:02_mabniyat/verb_name.json#8,Hypothesis,harf_vs_mabni
41,9,13,رَبُّ,رب,ذَلِكَ,الْعَالَمِينَ,ISM_MUARAB,HARF,HARF,Certificate,registry:plain:02_mabniyat/preposition_meanings.json#40,Certificate,ISM_MUARAB_to_HARF
41,11,1,ثُمَّ,ثم,,اسْتَوَى,HARF,ISM_MABNI,ISM_MABNI,Hypothesis,registry-exact-hypothesis:exact:02_mabniyat/built_in_adverbs,Hypothesis,harf_vs_mabni
41,13,8,عَادٍ,عاد,صَاعِقَةِ,وَثَمُودَ,JAMID,ISM_MUARAB,,Certificate,MASAQ:3127,Certificate,proper_misclassified
41,14,1,إِذْ,إذ,,جَاءَتْهُمُ,HARF,ISM_MABNI,ISM_MABNI,Certificate,registry:exact:02_mabniyat/built_in_adverbs.json#13,Certificate,harf_vs_mabni
41,15,9,مَنْ,من,وَقَالُوا,أَشَدُّ,HARF,ISM_MAWSOOL,ISM_MAWSOOL|ISM_MABNI|HARF,Hypothesis,registry-exact-hypothesis:exact:02_mabniyat/relative_pronoun,Hypothesis,harf_vs_mawsool
41,20,2,إِذَا,إذا,حَتَّى,مَا,HARF,ISM_MABNI,ISM_MABNI,Certificate,registry:exact:02_mabniyat/built_in_adverbs.json#21,Certificate,harf_vs_mabni
41,22,1,وَمَا,وما,,كُنْتُمْ,HARF,ISM_MAWSOOL,ISM_MAWSOOL|ISM_MABNI|HARF,Certificate,MASAQ:51,Certificate,harf_vs_mawsool
41,25,16,قَدْ,قد,أُمَمٍ,خَلَتْ,HARF,ISM_MABNI,ISM_MABNI|FIIL,Hypothesis,registry-exact-hypothesis:exact:02_mabniyat/verb_name.json#9,Hypothesis,harf_vs_mabni
41,30,6,ثُمَّ,ثم,اللَّهُ,اسْتَقَامُوا,HARF,ISM_MABNI,ISM_MABNI,Hypothesis,registry-exact-hypothesis:exact:02_mabniyat/built_in_adverbs,Hypothesis,harf_vs_mabni
41,33,1,وَمَنْ,ومن,,أَحْسَنُ,ISM_MAWSOOL,HARF,ISM_MAWSOOL|ISM_MABNI|HARF,Certificate,MASAQ:1895,Certificate,ISM_MAWSOOL_to_HARF
41,35,1,وَمَا,وما,,يُلَقَّاهَا,HARF,ISM_MAWSOOL,ISM_MAWSOOL|ISM_MABNI|HARF,Certificate,MASAQ:51,Certificate,harf_vs_mawsool
41,35,6,وَمَا,وما,صَبَرُوا,يُلَقَّاهَا,HARF,ISM_MAWSOOL,ISM_MAWSOOL|ISM_MABNI|HARF,Certificate,MASAQ:51,Certificate,harf_vs_mawsool
41,41,5,لَمَّا,لما,بِالذِّكْرِ,جَاءَهُمْ,HARF,ISM_MABNI,ISM_MABNI|HARF,Hypothesis,registry-exact-hypothesis:exact:02_mabniyat/conditional_lett,Hypothesis,harf_vs_mabni
41,43,1,مَا,ما,,يُقَالُ,HARF,ISM_MAWSOOL,ISM_MAWSOOL|ISM_MABNI|HARF,Hypothesis,registry-exact-hypothesis:exact:02_mabniyat/relative_pronoun,Hypothesis,harf_vs_mawsool
41,43,6,قَدْ,قد,مَا,قِيلَ,HARF,ISM_MABNI,ISM_MABNI|FIIL,Hypothesis,registry-exact-hypothesis:exact:02_mabniyat/verb_name.json#9,Hypothesis,harf_vs_mabni
41,46,1,مَنْ,من,,عَمِلَ,HARF,ISM_MAWSOOL,ISM_MAWSOOL|ISM_MABNI|HARF,Hypothesis,registry-exact-hypothesis:exact:02_mabniyat/relative_pronoun,Hypothesis,harf_vs_mawsool
41,46,8,وَمَا,وما,فَعَلَيْهَا,رَبُّكَ,HARF,ISM_MAWSOOL,ISM_MAWSOOL|ISM_MABNI|HARF,Certificate,MASAQ:51,Certificate,harf_vs_mawsool
41,47,5,وَمَا,وما,السَّاعَةِ,تَخْرُجُ,HARF,ISM_MAWSOOL,ISM_MAWSOOL|ISM_MABNI|HARF,Certificate,MASAQ:51,Certificate,harf_vs_mawsool
41,47,11,وَمَا,وما,أَكْمَامِهَا,تَحْمِلُ,HARF,ISM_MAWSOOL,ISM_MAWSOOL|ISM_MABNI|HARF,Certificate,MASAQ:51,Certificate,harf_vs_mawsool
41,47,25,مَا,ما,آذَنَّاكَ,مِنَّا,HARF,ISM_MAWSOOL,ISM_MAWSOOL|ISM_MABNI|HARF,Hypothesis,registry-exact-hypothesis:exact:02_mabniyat/relative_pronoun,Hypothesis,harf_vs_mawsool
41,48,9,مَا,ما,وَظَنُّوا,لَهُمْ,HARF,ISM_MAWSOOL,ISM_MAWSOOL|ISM_MABNI|HARF,Hypothesis,registry-exact-hypothesis:exact:02_mabniyat/relative_pronoun,Hypothesis,harf_vs_mawsool
41,50,12,وَمَا,وما,لِي,أَظُنُّ,HARF,ISM_MAWSOOL,ISM_MAWSOOL|ISM_MABNI|HARF,Certificate,MASAQ:51,Certificate,harf_vs_mawsool
41,52,8,ثُمَّ,ثم,اللَّهِ,كَفَرْتُمْ,HARF,ISM_MABNI,ISM_MABNI,Hypothesis,registry-exact-hypothesis:exact:02_mabniyat/built_in_adverbs,Hypothesis,harf_vs_mabni
41,52,11,مَنْ,من,بِهِ,أَضَلُّ,HARF,ISM_MAWSOOL,ISM_MAWSOOL|ISM_MABNI|HARF,Hypothesis,registry-exact-hypothesis:exact:02_mabniyat/relative_pronoun,Hypothesis,harf_vs_mawsool
42,6,9,وَمَا,وما,عَلَيْهِمْ,أَنْتَ,HARF,ISM_MAWSOOL,ISM_MAWSOOL|ISM_MABNI|HARF,Certificate,MASAQ:51,Certificate,harf_vs_mawsool
42,8,14,مَا,ما,وَالظَّالِمُونَ,لَهُمْ,HARF,ISM_MAWSOOL,ISM_MAWSOOL|ISM_MABNI|HARF,Hypothesis,registry-exact-hypothesis:exact:02_mabniyat/relative_pronoun,Hypothesis,harf_vs_mawsool
42,10,1,وَمَا,وما,,اخْتَلَفْتُمْ,HARF,ISM_MAWSOOL,ISM_MAWSOOL|ISM_MABNI|HARF,Certificate,MASAQ:51,Certificate,harf_vs_mawsool
42,13,12,وَمَا,وما,إِلَيْكَ,وَصَّيْنَا,HARF,ISM_MAWSOOL,ISM_MAWSOOL|ISM_MABNI|HARF,Certificate,MASAQ:51,Certificate,harf_vs_mawsool
42,14,1,وَمَا,وما,,تَفَرَّقُوا,HARF,ISM_MAWSOOL,ISM_MAWSOOL|ISM_MABNI|HARF,Certificate,MASAQ:51,Certificate,harf_vs_mawsool
42,14,17,أَجَلٍ,أجل,إِلَى,مُسَمَّىً,ISM_MUARAB,HARF,HARF,Certificate,registry:plain:02_mabniyat/letters_answers.json#3,Certificate,ISM_MUARAB_to_HARF
42,20,17,وَمَا,وما,مِنْهَا,لَهُ,HARF,ISM_MAWSOOL,ISM_MAWSOOL|ISM_MABNI|HARF,Certificate,MASAQ:51,Certificate,harf_vs_mawsool
42,29,6,وَمَا,وما,وَالْأَرْضِ,بَثَّ,HARF,ISM_MAWSOOL,ISM_MAWSOOL|ISM_MABNI|HARF,Certificate,MASAQ:51,Certificate,harf_vs_mawsool
42,29,14,إِذَا,إذا,جَمْعِهِمْ,يَشَاءُ,HARF,ISM_MABNI,ISM_MABNI,Certificate,registry:exact:02_mabniyat/built_in_adverbs.json#21,Certificate,harf_vs_mabni
42,30,5,فَبِمَا,فبما,مُصِيبَةٍ,كَسَبَتْ,ISM_MAWSOOL,HARF,ISM_MAWSOOL|ISM_MABNI|HARF,Hypothesis,closed_class_set_no_kind,Hypothesis,ISM_MAWSOOL_to_HARF
42,31,1,وَمَا,وما,,أَنْتُمْ,HARF,ISM_MAWSOOL,ISM_MAWSOOL|ISM_MABNI|HARF,Certificate,MASAQ:51,Certificate,harf_vs_mawsool
42,31,6,وَمَا,وما,الْأَرْضِ,لَكُمْ,HARF,ISM_MAWSOOL,ISM_MAWSOOL|ISM_MABNI|HARF,Certificate,MASAQ:51,Certificate,harf_vs_mawsool
42,35,6,مَا,ما,آيَاتِنَا,لَهُمْ,HARF,ISM_MAWSOOL,ISM_MAWSOOL|ISM_MABNI|HARF,Hypothesis,registry-exact-hypothesis:exact:02_mabniyat/relative_pronoun,Hypothesis,harf_vs_mawsool
42,37,7,مَا,ما,وَإِذَا,غَضِبُوا,HARF,ISM_MAWSOOL,ISM_MAWSOOL|ISM_MABNI|HARF,Hypothesis,registry-exact-hypothesis:exact:02_mabniyat/relative_pronoun,Hypothesis,harf_vs_mawsool
42,39,2,إِذَا,إذا,وَالَّذِينَ,أَصَابَهُمُ,HARF,ISM_MABNI,ISM_MABNI,Certificate,registry:exact:02_mabniyat/built_in_adverbs.json#21,Certificate,harf_vs_mabni
42,41,6,مَا,ما,فَأُولَئِكَ,عَلَيْهِمْ,HARF,ISM_MAWSOOL,ISM_MAWSOOL|ISM_MABNI|HARF,Hypothesis,registry-exact-hypothesis:exact:02_mabniyat/relative_pronoun,Hypothesis,harf_vs_mawsool
42,44,12,لَمَّا,لما,الظَّالِمِينَ,رَأَوُا,HARF,ISM_MABNI,ISM_MABNI|HARF,Hypothesis,registry-exact-hypothesis:exact:02_mabniyat/conditional_lett,Hypothesis,harf_vs_mabni
42,46,1,وَمَا,وما,,كَانَ,HARF,ISM_MAWSOOL,ISM_MAWSOOL|ISM_MABNI|HARF,Certificate,MASAQ:51,Certificate,harf_vs_mawsool
42,47,13,مَا,ما,اللَّهِ,لَكُمْ,HARF,ISM_MAWSOOL,ISM_MAWSOOL|ISM_MABNI|HARF,Hypothesis,registry-exact-hypothesis:exact:02_mabniyat/relative_pronoun,Hypothesis,harf_vs_mawsool
42,47,18,وَمَا,وما,يَوْمَئِذٍ,لَكُمْ,HARF,ISM_MAWSOOL,ISM_MAWSOOL|ISM_MABNI|HARF,Certificate,MASAQ:51,Certificate,harf_vs_mawsool
42,48,8,عَلَيْكَ,عليك,إِنْ,إِلَّا,HARF,ISM_MABNI,ISM_MABNI|FIIL,Hypothesis,registry-exact-hypothesis:exact:02_mabniyat/verb_name.json#8,Hypothesis,harf_vs_mabni
42,48,12,إِذَا,إذا,وَإِنَّا,أَذَقْنَا,HARF,ISM_MABNI,ISM_MABNI,Certificate,registry:exact:02_mabniyat/built_in_adverbs.json#21,Certificate,harf_vs_mabni
42,51,1,وَمَا,وما,,كَانَ,HARF,ISM_MAWSOOL,ISM_MAWSOOL|ISM_MABNI|HARF,Certificate,MASAQ:51,Certificate,harf_vs_mawsool
42,52,7,مَا,ما,أَمْرِنَا,كُنْتَ,HARF,ISM_MAWSOOL,ISM_MAWSOOL|ISM_MABNI|HARF,Hypothesis,registry-exact-hypothesis:exact:02_mabniyat/relative_pronoun,Hypothesis,harf_vs_mawsool
43,7,1,وَمَا,وما,,يَأْتِيهِمْ,HARF,ISM_MAWSOOL,ISM_MAWSOOL|ISM_MABNI|HARF,Certificate,MASAQ:51,Certificate,harf_vs_mawsool
43,9,3,مَنْ,من,سَأَلْتَهُمْ,خَلَقَ,HARF,ISM_MAWSOOL,ISM_MAWSOOL|ISM_MABNI|HARF,Hypothesis,registry-exact-hypothesis:exact:02_mabniyat/relative_pronoun,Hypothesis,harf_vs_mawsool
43,13,4,ثُمَّ,ثم,ظُهُورِهِ,تَذْكُرُوا,HARF,ISM_MABNI,ISM_MABNI,Hypothesis,registry-exact-hypothesis:exact:02_mabniyat/built_in_adverbs,Hypothesis,harf_vs_mabni
43,13,8,إِذَا,إذا,رَبِّكُمْ,اسْتَوَيْتُمْ,HARF,ISM_MABNI,ISM_MABNI,Certificate,registry:exact:02_mabniyat/built_in_adverbs.json#21,Certificate,harf_vs_mabni
43,13,17,وَمَا,وما,هَذَا,كُنَّا,HARF,ISM_MAWSOOL,ISM_MAWSOOL|ISM_MABNI|HARF,Certificate,MASAQ:51,Certificate,harf_vs_mawsool
43,20,5,مَا,ما,الرَّحْمَنُ,عَبَدْنَاهُمْ,HARF,ISM_MAWSOOL,ISM_MAWSOOL|ISM_MABNI|HARF,Hypothesis,registry-exact-hypothesis:exact:02_mabniyat/relative_pronoun,Hypothesis,harf_vs_mawsool
43,20,7,مَا,ما,عَبَدْنَاهُمْ,لَهُمْ,HARF,ISM_MAWSOOL,ISM_MAWSOOL|ISM_MABNI|HARF,Hypothesis,registry-exact-hypothesis:exact:02_mabniyat/relative_pronoun,Hypothesis,harf_vs_mawsool
43,23,2,مَا,ما,وَكَذَلِكَ,أَرْسَلْنَا,HARF,ISM_MAWSOOL,ISM_MAWSOOL|ISM_MABNI|HARF,Hypothesis,registry-exact-hypothesis:exact:02_mabniyat/relative_pronoun,Hypothesis,harf_vs_mawsool
43,35,5,لَمَّا,لما,ذَلِكَ,مَتَاعُ,HARF,ISM_MABNI,ISM_MABNI|HARF,Hypothesis,registry-exact-hypothesis:exact:02_mabniyat/conditional_lett,Hypothesis,harf_vs_mabni
43,38,2,إِذَا,إذا,حَتَّى,جَاءَنَا,HARF,ISM_MABNI,ISM_MABNI,Certificate,registry:exact:02_mabniyat/built_in_adverbs.json#21,Certificate,harf_vs_mabni
43,39,4,إِذْ,إذ,الْيَوْمَ,ظَلَمْتُمْ,HARF,ISM_MABNI,ISM_MABNI,Certificate,registry:exact:02_mabniyat/built_in_adverbs.json#13,Certificate,harf_vs_mabni
43,40,7,وَمَنْ,ومن,الْعُمْيَ,كَانَ,ISM_MAWSOOL,HARF,ISM_MAWSOOL|ISM_MABNI|HARF,Certificate,MASAQ:1895,Certificate,ISM_MAWSOOL_to_HARF
43,45,2,مَنْ,من,وَاسْأَلْ,أَرْسَلْنَا,HARF,ISM_MAWSOOL,ISM_MAWSOOL|ISM_MABNI|HARF,Hypothesis,registry-exact-hypothesis:exact:02_mabniyat/relative_pronoun,Hypothesis,harf_vs_mawsool
43,46,11,رَبِّ,رب,رَسُولُ,الْعَالَمِينَ,ISM_MUARAB,HARF,HARF,Certificate,registry:plain:02_mabniyat/preposition_meanings.json#40,Certificate,ISM_MUARAB_to_HARF
43,47,4,إِذَا,إذا,بِآيَاتِنَا,هُمْ,HARF,ISM_MABNI,ISM_MABNI,Certificate,registry:exact:02_mabniyat/built_in_adverbs.json#21,Certificate,harf_vs_mabni
43,48,1,وَمَا,وما,,نُرِيهِمْ,HARF,ISM_MAWSOOL,ISM_MAWSOOL|ISM_MABNI|HARF,Certificate,MASAQ:51,Certificate,harf_vs_mawsool
43,49,9,عِنْدَكَ,عندك,عَهِدَ,إِنَّنَا,HARF,ISM_MABNI,ISM_MABNI|FIIL,Hypothesis,registry-exact-hypothesis:exact:02_mabniyat/verb_name.json#8,Hypothesis,harf_vs_mabni
43,50,5,إِذَا,إذا,الْعَذَابَ,هُمْ,HARF,ISM_MABNI,ISM_MABNI,Certificate,registry:exact:02_mabniyat/built_in_adverbs.json#21,Certificate,harf_vs_mabni
43,57,6,إِذَا,إذا,مَثَلَاً,قَوْمُكَ,HARF,ISM_MABNI,ISM_MABNI,Certificate,registry:exact:02_mabniyat/built_in_adverbs.json#21,Certificate,harf_vs_mabni
43,58,6,مَا,ما,هُوَ,ضَرَبُوهُ,HARF,ISM_MAWSOOL,ISM_MAWSOOL|ISM_MABNI|HARF,Hypothesis,registry-exact-hypothesis:exact:02_mabniyat/relative_pronoun,Hypothesis,harf_vs_mawsool
43,63,6,قَدْ,قد,قَالَ,جِئْتُكُمْ,HARF,ISM_MABNI,ISM_MABNI|FIIL,Hypothesis,registry-exact-hypothesis:exact:02_mabniyat/verb_name.json#9,Hypothesis,harf_vs_mabni
43,65,4,بَيْنِهِمْ,بينهم,مِنْ,فَوَيْلٌ,HARF,ISM_MUARAB,,Certificate,MASAQ:39682,Certificate,HARF_to_ISM_MUARAB
43,76,1,وَمَا,وما,,ظَلَمْنَاهُمْ,HARF,ISM_MAWSOOL,ISM_MAWSOOL|ISM_MABNI|HARF,Certificate,MASAQ:51,Certificate,harf_vs_mawsool
43,82,2,رَبِّ,رب,سُبْحَانَ,السَّمَاوَاتِ,ISM_MUARAB,HARF,HARF,Certificate,registry:plain:02_mabniyat/preposition_meanings.json#40,Certificate,ISM_MUARAB_to_HARF
43,82,5,رَبِّ,رب,وَالْأَرْضِ,الْعَرْشِ,ISM_MUARAB,HARF,HARF,Certificate,registry:plain:02_mabniyat/preposition_meanings.json#40,Certificate,ISM_MUARAB_to_HARF
43,87,3,مَنْ,من,سَأَلْتَهُمْ,خَلَقَهُمْ,HARF,ISM_MAWSOOL,ISM_MAWSOOL|ISM_MABNI|HARF,Hypothesis,registry-exact-hypothesis:exact:02_mabniyat/relative_pronoun,Hypothesis,harf_vs_mawsool
44,7,1,رَبِّ,رب,,السَّمَاوَاتِ,ISM_MUARAB,HARF,HARF,Certificate,registry:plain:02_mabniyat/preposition_meanings.json#40,Certificate,ISM_MUARAB_to_HARF
44,13,1,أَنَّى,أنى,,لَهُمُ,HARF,ISM_MABNI,ISM_MABNI|HARF,Hypothesis,registry-exact-hypothesis:exact:02_mabniyat/conditional_lett,Hypothesis,harf_vs_mabni
44,14,1,ثُمَّ,ثم,,تَوَلَّوْا,HARF,ISM_MABNI,ISM_MABNI,Hypothesis,registry-exact-hypothesis:exact:02_mabniyat/built_in_adverbs,Hypothesis,harf_vs_mabni
44,18,3,إِلَيَّ,إلي,أَدُّوا,عِبَادَ,HARF,ISM_MABNI,ISM_MABNI|FIIL,Hypothesis,registry-exact-hypothesis:exact:02_mabniyat/verb_name.json#8,Hypothesis,harf_vs_mabni
44,19,7,آتِيكُمْ,آتيكم,إِنِّي,بِسُلْطَانٍ,ISM_MUARAB,FIIL,,Certificate,MASAQ:40352,Certificate,noun_misread_as_verb
44,29,6,وَمَا,وما,وَالْأَرْضُ,كَانُوا,HARF,ISM_MAWSOOL,ISM_MAWSOOL|ISM_MABNI|HARF,Certificate,MASAQ:51,Certificate,harf_vs_mawsool
44,35,6,وَمَا,وما,الْأُولَى,نَحْنُ,HARF,ISM_MAWSOOL,ISM_MAWSOOL|ISM_MABNI|HARF,Certificate,MASAQ:51,Certificate,harf_vs_mawsool
44,39,1,مَا,ما,,خَلَقْنَاهُمَا,HARF,ISM_MAWSOOL,ISM_MAWSOOL|ISM_MABNI|HARF,Hypothesis,registry-exact-hypothesis:exact:02_mabniyat/relative_pronoun,Hypothesis,harf_vs_mawsool
44,40,2,يَوْمَ,يوم,إِنَّ,الْفَصْلِ,ISM_MUARAB,HARF,,Certificate,MASAQ:2013,Certificate,ISM_MUARAB_to_HARF
44,41,1,يَوْمَ,يوم,,لَا,ISM_MUARAB,HARF,,Certificate,MASAQ:2013,Certificate,ISM_MUARAB_to_HARF
44,48,1,ثُمَّ,ثم,,صُبُّوا,HARF,ISM_MABNI,ISM_MABNI,Hypothesis,registry-exact-hypothesis:exact:02_mabniyat/built_in_adverbs,Hypothesis,harf_vs_mabni
44,57,7,الْعَظِيمُ,العظيم,الْفَوْزُ,,ISM_MUARAB,JAMID,,Certificate,MASAQ:5243,Certificate,ISM_MUARAB_to_JAMID
45,4,3,وَمَا,وما,خَلْقِكُمْ,يَبُثُّ,HARF,ISM_MAWSOOL,ISM_MAWSOOL|ISM_MABNI|HARF,Certificate,MASAQ:51,Certificate,harf_vs_mawsool
45,5,4,وَمَا,وما,وَالنَّهَارِ,أَنْزَلَ,HARF,ISM_MAWSOOL,ISM_MAWSOOL|ISM_MABNI|HARF,Certificate,MASAQ:51,Certificate,harf_vs_mawsool
45,6,5,عَلَيْكَ,عليك,نَتْلُوهَا,بِالْحَقِّ,HARF,ISM_MABNI,ISM_MABNI|FIIL,Hypothesis,registry-exact-hypothesis:exact:02_mabniyat/verb_name.json#8,Hypothesis,harf_vs_mabni
45,8,6,ثُمَّ,ثم,عَلَيْهِ,يُصِرُّ,HARF,ISM_MABNI,ISM_MABNI,Hypothesis,registry-exact-hypothesis:exact:02_mabniyat/built_in_adverbs,Hypothesis,harf_vs_mabni
45,15,8,ثُمَّ,ثم,فَعَلَيْهَا,إِلَى,HARF,ISM_MABNI,ISM_MABNI,Hypothesis,registry-exact-hypothesis:exact:02_mabniyat/built_in_adverbs,Hypothesis,harf_vs_mabni
45,18,1,ثُمَّ,ثم,,جَعَلْنَاكَ,HARF,ISM_MABNI,ISM_MABNI,Hypothesis,registry-exact-hypothesis:exact:02_mabniyat/built_in_adverbs,Hypothesis,harf_vs_mabni
45,24,2,مَا,ما,وَقَالُوا,هِيَ,HARF,ISM_MAWSOOL,ISM_MAWSOOL|ISM_MABNI|HARF,Hypothesis,registry-exact-hypothesis:exact:02_mabniyat/relative_pronoun,Hypothesis,harf_vs_mawsool
45,24,9,وَمَا,وما,وَنَحْيَا,يُهْلِكُنَا,HARF,ISM_MAWSOOL,ISM_MAWSOOL|ISM_MABNI|HARF,Certificate,MASAQ:51,Certificate,harf_vs_mawsool
45,24,13,وَمَا,وما,الدَّهْرُ,لَهُمْ,HARF,ISM_MAWSOOL,ISM_MAWSOOL|ISM_MABNI|HARF,Certificate,MASAQ:51,Certificate,harf_vs_mawsool
45,25,6,مَا,ما,بَيِّنَاتٍ,كَانَ,HARF,ISM_MAWSOOL,ISM_MAWSOOL|ISM_MABNI|HARF,Hypothesis,registry-exact-hypothesis:exact:02_mabniyat/relative_pronoun,Hypothesis,harf_vs_mawsool
45,26,4,ثُمَّ,ثم,يُحْيِيكُمْ,يُمِيتُكُمْ,HARF,ISM_MABNI,ISM_MABNI,Hypothesis,registry-exact-hypothesis:exact:02_mabniyat/built_in_adverbs,Hypothesis,harf_vs_mabni
45,26,6,ثُمَّ,ثم,يُمِيتُكُمْ,يَجْمَعُكُمْ,HARF,ISM_MABNI,ISM_MABNI,Hypothesis,registry-exact-hypothesis:exact:02_mabniyat/built_in_adverbs,Hypothesis,harf_vs_mabni
45,32,12,مَا,ما,قُلْتُمْ,نَدْرِي,HARF,ISM_MAWSOOL,ISM_MAWSOOL|ISM_MABNI|HARF,Hypothesis,registry-exact-hypothesis:exact:02_mabniyat/relative_pronoun,Hypothesis,harf_vs_mawsool
45,32,20,وَمَا,وما,ظَنَّاً,نَحْنُ,HARF,ISM_MAWSOOL,ISM_MAWSOOL|ISM_MABNI|HARF,Certificate,MASAQ:51,Certificate,harf_vs_mawsool
45,34,11,وَمَا,وما,النَّارُ,لَكُمْ,HARF,ISM_MAWSOOL,ISM_MAWSOOL|ISM_MABNI|HARF,Certificate,MASAQ:51,Certificate,harf_vs_mawsool
45,36,3,رَبِّ,رب,الْحَمْدُ,السَّمَاوَاتِ,ISM_MUARAB,HARF,HARF,Certificate,registry:plain:02_mabniyat/preposition_meanings.json#40,Certificate,ISM_MUARAB_to_HARF
45,36,7,رَبِّ,رب,الْأَرْضِ,الْعَالَمِينَ,ISM_MUARAB,HARF,HARF,Certificate,registry:plain:02_mabniyat/preposition_meanings.json#40,Certificate,ISM_MUARAB_to_HARF
46,3,1,مَا,ما,,خَلَقْنَا,HARF,ISM_MAWSOOL,ISM_MAWSOOL|ISM_MABNI|HARF,Hypothesis,registry-exact-hypothesis:exact:02_mabniyat/relative_pronoun,Hypothesis,harf_vs_mawsool
46,4,9,مَاذَا,ماذا,أَرُونِي,خَلَقُوا,HARF,ISM_MABNI,ISM_MABNI,Certificate,registry:plain:02_mabniyat/interrogative_tools_categories.js,Certificate,harf_vs_mabni
46,5,1,وَمَنْ,ومن,,أَضَلُّ,ISM_MAWSOOL,HARF,ISM_MAWSOOL|ISM_MABNI|HARF,Certificate,MASAQ:1895,Certificate,ISM_MAWSOOL_to_HARF
46,7,10,لَمَّا,لما,لِلْحَقِّ,جَاءَهُمْ,HARF,ISM_MABNI,ISM_MABNI|HARF,Hypothesis,registry-exact-hypothesis:exact:02_mabniyat/conditional_lett,Hypothesis,harf_vs_mabni
46,8,14,أَعْلَمُ,أعلم,هُوَ,بِمَا,ISM_MUARAB,FIIL,,Certificate,MASAQ:477,Certificate,noun_misread_as_verb
46,9,2,مَا,ما,قُلْ,كُنْتُ,HARF,ISM_MAWSOOL,ISM_MAWSOOL|ISM_MABNI|HARF,Hypothesis,registry-exact-hypothesis:exact:02_mabniyat/relative_pronoun,Hypothesis,harf_vs_mawsool
46,9,7,وَمَا,وما,الرُّسُلِ,أَدْرِي,HARF,ISM_MAWSOOL,ISM_MAWSOOL|ISM_MABNI|HARF,Certificate,MASAQ:51,Certificate,harf_vs_mawsool
46,9,19,إِلَيَّ,إلي,يُوحَى,وَمَا,HARF,ISM_MABNI,ISM_MABNI|FIIL,Hypothesis,registry-exact-hypothesis:exact:02_mabniyat/verb_name.json#8,Hypothesis,harf_vs_mabni
46,9,20,وَمَا,وما,إِلَيَّ,أَنَا,HARF,ISM_MAWSOOL,ISM_MAWSOOL|ISM_MABNI|HARF,Certificate,MASAQ:51,Certificate,harf_vs_mawsool
46,11,9,مَا,ما,خَيْرَاً,سَبَقُونَا,HARF,ISM_MAWSOOL,ISM_MAWSOOL|ISM_MABNI|HARF,Hypothesis,registry-exact-hypothesis:exact:02_mabniyat/relative_pronoun,Hypothesis,harf_vs_mawsool
46,13,6,ثُمَّ,ثم,اللَّهُ,اسْتَقَامُوا,HARF,ISM_MABNI,ISM_MABNI,Hypothesis,registry-exact-hypothesis:exact:02_mabniyat/built_in_adverbs,Hypothesis,harf_vs_mabni
46,15,15,إِذَا,إذا,حَتَّى,بَلَغَ,HARF,ISM_MABNI,ISM_MABNI,Certificate,registry:exact:02_mabniyat/built_in_adverbs.json#21,Certificate,harf_vs_mabni
46,15,22,رَبِّ,رب,قَالَ,أَوْزِعْنِي,ISM_MUARAB,HARF,HARF,Certificate,registry:plain:02_mabniyat/preposition_meanings.json#40,Certificate,ISM_MUARAB_to_HARF
46,17,24,مَا,ما,فَيَقُولُ,هَذَا,HARF,ISM_MAWSOOL,ISM_MAWSOOL|ISM_MABNI|HARF,Hypothesis,registry-exact-hypothesis:exact:02_mabniyat/relative_pronoun,Hypothesis,harf_vs_mawsool
46,18,8,قَدْ,قد,أُمَمٍ,خَلَتْ,HARF,ISM_MABNI,ISM_MABNI|FIIL,Hypothesis,registry-exact-hypothesis:exact:02_mabniyat/verb_name.json#9,Hypothesis,harf_vs_mabni
46,21,3,عَادٍ,عاد,أَخَا,إِذْ,JAMID,ISM_MUARAB,,Certificate,MASAQ:3127,Certificate,proper_misclassified
46,21,4,إِذْ,إذ,عَادٍ,أَنْذَرَ,HARF,ISM_MABNI,ISM_MABNI,Certificate,registry:exact:02_mabniyat/built_in_adverbs.json#13,Certificate,harf_vs_mabni
46,26,22,إِذْ,إذ,شَيْءٍ,كَانُوا,HARF,ISM_MABNI,ISM_MABNI,Certificate,registry:exact:02_mabniyat/built_in_adverbs.json#13,Certificate,harf_vs_mabni
46,28,15,وَمَا,وما,إِفْكُهُمْ,كَانُوا,HARF,ISM_MAWSOOL,ISM_MAWSOOL|ISM_MABNI|HARF,Certificate,MASAQ:51,Certificate,harf_vs_mawsool
47,4,8,إِذَا,إذا,حَتَّى,أَثْخَنْتُمُوهُمْ,HARF,ISM_MABNI,ISM_MABNI,Certificate,registry:exact:02_mabniyat/built_in_adverbs.json#21,Certificate,harf_vs_mabni
47,16,6,إِذَا,إذا,حَتَّى,خَرَجُوا,HARF,ISM_MABNI,ISM_MABNI,Certificate,registry:exact:02_mabniyat/built_in_adverbs.json#21,Certificate,harf_vs_mabni
47,16,14,مَاذَا,ماذا,الْعِلْمَ,قَالَ,HARF,ISM_MABNI,ISM_MABNI,Certificate,registry:plain:02_mabniyat/interrogative_tools_categories.js,Certificate,harf_vs_mabni
47,18,13,إِذَا,إذا,لَهُمْ,جَاءَتْهُمْ,HARF,ISM_MABNI,ISM_MABNI,Certificate,registry:exact:02_mabniyat/built_in_adverbs.json#21,Certificate,harf_vs_mabni
47,27,2,إِذَا,إذا,فَكَيْفَ,تَوَفَّتْهُمُ,HARF,ISM_MABNI,ISM_MABNI,Certificate,registry:exact:02_mabniyat/built_in_adverbs.json#21,Certificate,harf_vs_mabni
47,34,8,ثُمَّ,ثم,اللَّهِ,مَاتُوا,HARF,ISM_MABNI,ISM_MABNI,Hypothesis,registry-exact-hypothesis:exact:02_mabniyat/built_in_adverbs,Hypothesis,harf_vs_mabni
47,38,26,ثُمَّ,ثم,غَيْرَكُمْ,لَا,HARF,ISM_MABNI,ISM_MABNI,Hypothesis,registry-exact-hypothesis:exact:02_mabniyat/built_in_adverbs,Hypothesis,harf_vs_mabni
48,2,12,عَلَيْكَ,عليك,نِعْمَتَهُ,وَيَهْدِيَكَ,HARF,ISM_MABNI,ISM_MABNI|FIIL,Hypothesis,registry-exact-hypothesis:exact:02_mabniyat/verb_name.json#8,Hypothesis,harf_vs_mabni
48,15,3,إِذَا,إذا,الْمُخَلَّفُونَ,انْطَلَقْتُمْ,HARF,ISM_MABNI,ISM_MABNI,Certificate,registry:exact:02_mabniyat/built_in_adverbs.json#21,Certificate,harf_vs_mabni
48,18,6,إِذْ,إذ,الْمُؤْمِنِينَ,يُبَايِعُونَكَ,HARF,ISM_MABNI,ISM_MABNI,Certificate,registry:exact:02_mabniyat/built_in_adverbs.json#13,Certificate,harf_vs_mabni
48,21,5,قَدْ,قد,عَلَيْهَا,أَحَاطَ,HARF,ISM_MABNI,ISM_MABNI|FIIL,Hypothesis,registry-exact-hypothesis:exact:02_mabniyat/verb_name.json#9,Hypothesis,harf_vs_mabni
48,22,7,ثُمَّ,ثم,الْأَدْبَارَ,لَا,HARF,ISM_MABNI,ISM_MABNI,Hypothesis,registry-exact-hypothesis:exact:02_mabniyat/built_in_adverbs,Hypothesis,harf_vs_mabni
48,23,4,قَدْ,قد,الَّتِي,خَلَتْ,HARF,ISM_MABNI,ISM_MABNI|FIIL,Hypothesis,registry-exact-hypothesis:exact:02_mabniyat/verb_name.json#9,Hypothesis,harf_vs_mabni
48,26,1,إِذْ,إذ,,جَعَلَ,HARF,ISM_MABNI,ISM_MABNI,Certificate,registry:exact:02_mabniyat/built_in_adverbs.json#13,Certificate,harf_vs_mabni
49,15,7,ثُمَّ,ثم,وَرَسُولِهِ,لَمْ,HARF,ISM_MABNI,ISM_MABNI,Hypothesis,registry-exact-hypothesis:exact:02_mabniyat/built_in_adverbs,Hypothesis,harf_vs_mabni
49,17,2,عَلَيْكَ,عليك,يَمُنُّونَ,أَنْ,HARF,ISM_MABNI,ISM_MABNI|FIIL,Hypothesis,registry-exact-hypothesis:exact:02_mabniyat/verb_name.json#8,Hypothesis,harf_vs_mabni
50,4,1,قَدْ,قد,,عَلِمْنَا,HARF,ISM_MABNI,ISM_MABNI|FIIL,Hypothesis,registry-exact-hypothesis:exact:02_mabniyat/verb_name.json#9,Hypothesis,harf_vs_mabni
50,5,4,لَمَّا,لما,بِالْحَقِّ,جَاءَهُمْ,HARF,ISM_MABNI,ISM_MABNI|HARF,Hypothesis,registry-exact-hypothesis:exact:02_mabniyat/conditional_lett,Hypothesis,harf_vs_mabni
50,6,9,وَمَا,وما,وَزَيَّنَّاهَا,لَهَا,HARF,ISM_MAWSOOL,ISM_MAWSOOL|ISM_MABNI|HARF,Certificate,MASAQ:51,Certificate,harf_vs_mawsool
50,17,1,إِذْ,إذ,,يَتَلَقَّى,HARF,ISM_MABNI,ISM_MABNI,Certificate,registry:exact:02_mabniyat/built_in_adverbs.json#13,Certificate,harf_vs_mabni
50,18,1,مَا,ما,,يَلْفِظُ,HARF,ISM_MAWSOOL,ISM_MAWSOOL|ISM_MABNI|HARF,Hypothesis,registry-exact-hypothesis:exact:02_mabniyat/relative_pronoun,Hypothesis,harf_vs_mawsool
50,20,5,يَوْمُ,يوم,ذَلِكَ,الْوَعِيدِ,ISM_MUARAB,HARF,,Certificate,MASAQ:16239,Certificate,ISM_MUARAB_to_HARF
50,20,6,الْوَعِيدِ,الوعيد,يَوْمُ,,JAMID,ISM_MUARAB,,Certificate,MASAQ:41362,Certificate,proper_misclassified
50,27,4,مَا,ما,رَبَّنَا,أَطْغَيْتُهُ,HARF,ISM_MAWSOOL,ISM_MAWSOOL|ISM_MABNI|HARF,Hypothesis,registry-exact-hypothesis:exact:02_mabniyat/relative_pronoun,Hypothesis,harf_vs_mawsool
50,29,1,مَا,ما,,يُبَدَّلُ,HARF,ISM_MAWSOOL,ISM_MAWSOOL|ISM_MABNI|HARF,Hypothesis,registry-exact-hypothesis:exact:02_mabniyat/relative_pronoun,Hypothesis,harf_vs_mawsool
50,29,5,وَمَا,وما,لَدَيَّ,أَنَا,HARF,ISM_MAWSOOL,ISM_MAWSOOL|ISM_MABNI|HARF,Certificate,MASAQ:51,Certificate,harf_vs_mawsool
50,34,4,يَوْمُ,يوم,ذَلِكَ,الْخُلُودِ,ISM_MUARAB,HARF,,Certificate,MASAQ:16239,Certificate,ISM_MUARAB_to_HARF
50,42,6,يَوْمُ,يوم,ذَلِكَ,الْخُرُوجِ,ISM_MUARAB,HARF,,Certificate,MASAQ:16239,Certificate,ISM_MUARAB_to_HARF
50,45,2,أَعْلَمُ,أعلم,نَحْنُ,بِمَا,ISM_MUARAB,FIIL,,Certificate,MASAQ:477,Certificate,noun_misread_as_verb
50,45,5,وَمَا,وما,يَقُولُونَ,أَنْتَ,HARF,ISM_MAWSOOL,ISM_MAWSOOL|ISM_MABNI|HARF,Certificate,MASAQ:51,Certificate,harf_vs_mawsool
51,7,2,ذَاتِ,ذات,وَالسَّمَاءِ,الْحُبُكِ,ISM_MUARAB,ISM_MAWSOOL,ISM_MAWSOOL,Certificate,registry:plain:02_mabniyat/relative_pronouns.json#19,Certificate,ISM_MUARAB_to_ISM_MAWSOOL
51,12,3,يَوْمُ,يوم,أَيَّانَ,الدِّينِ,ISM_MUARAB,HARF,,Certificate,MASAQ:16239,Certificate,ISM_MUARAB_to_HARF
51,25,1,إِذْ,إذ,,دَخَلُوا,HARF,ISM_MABNI,ISM_MABNI,Certificate,registry:exact:02_mabniyat/built_in_adverbs.json#13,Certificate,harf_vs_mabni
51,31,4,أَيُّهَا,أيها,خَطْبُكُمْ,الْمُرْسَلُونَ,ISM_MAWSOOL,HARF,HARF,Certificate,registry:exact:02_mabniyat/vocative_particles.json#6,Certificate,ISM_MAWSOOL_to_HARF
51,38,3,إِذْ,إذ,مُوسَى,أَرْسَلْنَاهُ,HARF,ISM_MABNI,ISM_MABNI,Certificate,registry:exact:02_mabniyat/built_in_adverbs.json#13,Certificate,harf_vs_mabni
51,41,2,عَادٍ,عاد,وَفِي,إِذْ,JAMID,ISM_MUARAB,,Certificate,MASAQ:3127,Certificate,proper_misclassified
51,41,3,إِذْ,إذ,عَادٍ,أَرْسَلْنَا,HARF,ISM_MABNI,ISM_MABNI,Certificate,registry:exact:02_mabniyat/built_in_adverbs.json#13,Certificate,harf_vs_mabni
51,42,1,مَا,ما,,تَذَرُ,HARF,ISM_MAWSOOL,ISM_MAWSOOL|ISM_MABNI|HARF,Hypothesis,registry-exact-hypothesis:exact:02_mabniyat/relative_pronoun,Hypothesis,harf_vs_mawsool
51,43,3,إِذْ,إذ,ثَمُودَ,قِيلَ,HARF,ISM_MABNI,ISM_MABNI,Certificate,registry:exact:02_mabniyat/built_in_adverbs.json#13,Certificate,harf_vs_mabni
51,43,8,حِينٍ,حين,حَتَّى,,HARF,ISM_MUARAB,,Certificate,MASAQ:581,Certificate,HARF_to_ISM_MUARAB
51,45,5,وَمَا,وما,قِيَامٍ,كَانُوا,HARF,ISM_MAWSOOL,ISM_MAWSOOL|ISM_MABNI|HARF,Certificate,MASAQ:51,Certificate,harf_vs_mawsool
51,52,2,مَا,ما,كَذَلِكَ,أَتَى,HARF,ISM_MAWSOOL,ISM_MAWSOOL|ISM_MABNI|HARF,Hypothesis,registry-exact-hypothesis:exact:02_mabniyat/relative_pronoun,Hypothesis,harf_vs_mawsool
51,56,1,وَمَا,وما,,خَلَقْتُ,HARF,ISM_MAWSOOL,ISM_MAWSOOL|ISM_MABNI|HARF,Certificate,MASAQ:51,Certificate,harf_vs_mawsool
51,57,1,مَا,ما,,أُرِيدُ,HARF,ISM_MAWSOOL,ISM_MAWSOOL|ISM_MABNI|HARF,Hypothesis,registry-exact-hypothesis:exact:02_mabniyat/relative_pronoun,Hypothesis,harf_vs_mawsool
51,57,6,وَمَا,وما,رِزْقٍ,أُرِيدُ,HARF,ISM_MAWSOOL,ISM_MAWSOOL|ISM_MABNI|HARF,Certificate,MASAQ:51,Certificate,harf_vs_mawsool
52,8,1,مَا,ما,,لَهُ,HARF,ISM_MAWSOOL,ISM_MAWSOOL|ISM_MABNI|HARF,Hypothesis,registry-exact-hypothesis:exact:02_mabniyat/relative_pronoun,Hypothesis,harf_vs_mawsool
52,21,9,وَمَا,وما,ذُرِّيَّتَهُمْ,أَلَتْنَاهُمْ,HARF,ISM_MAWSOOL,ISM_MAWSOOL|ISM_MABNI|HARF,Certificate,MASAQ:51,Certificate,harf_vs_mawsool
52,26,4,قَبْلُ,قبل,كُنَّا,فِي,HARF,ISM_MUARAB,,Certificate,MASAQ:351,Certificate,HARF_to_ISM_MUARAB
53,1,2,إِذَا,إذا,وَالنَّجْمِ,هَوَى,HARF,ISM_MABNI,ISM_MABNI,Certificate,registry:exact:02_mabniyat/built_in_adverbs.json#21,Certificate,harf_vs_mabni
53,2,1,مَا,ما,,ضَلَّ,HARF,ISM_MAWSOOL,ISM_MAWSOOL|ISM_MABNI|HARF,Hypothesis,registry-exact-hypothesis:exact:02_mabniyat/relative_pronoun,Hypothesis,harf_vs_mawsool
53,2,4,وَمَا,وما,صَاحِبُكُمْ,غَوَى,HARF,ISM_MAWSOOL,ISM_MAWSOOL|ISM_MABNI|HARF,Certificate,MASAQ:51,Certificate,harf_vs_mawsool
53,3,1,وَمَا,وما,,يَنْطِقُ,HARF,ISM_MAWSOOL,ISM_MAWSOOL|ISM_MABNI|HARF,Certificate,MASAQ:51,Certificate,harf_vs_mawsool
53,8,1,ثُمَّ,ثم,,دَنَا,HARF,ISM_MABNI,ISM_MABNI,Hypothesis,registry-exact-hypothesis:exact:02_mabniyat/built_in_adverbs,Hypothesis,harf_vs_mabni
53,11,1,مَا,ما,,كَذَبَ,HARF,ISM_MAWSOOL,ISM_MAWSOOL|ISM_MABNI|HARF,Hypothesis,registry-exact-hypothesis:exact:02_mabniyat/relative_pronoun,Hypothesis,harf_vs_mawsool
53,16,1,إِذْ,إذ,,يَغْشَى,HARF,ISM_MABNI,ISM_MABNI,Certificate,registry:exact:02_mabniyat/built_in_adverbs.json#13,Certificate,harf_vs_mabni
53,17,1,مَا,ما,,زَاغَ,HARF,ISM_MAWSOOL,ISM_MAWSOOL|ISM_MABNI|HARF,Hypothesis,registry-exact-hypothesis:exact:02_mabniyat/relative_pronoun,Hypothesis,harf_vs_mawsool
53,17,4,وَمَا,وما,الْبَصَرُ,طَغَى,HARF,ISM_MAWSOOL,ISM_MAWSOOL|ISM_MABNI|HARF,Certificate,MASAQ:51,Certificate,harf_vs_mawsool
53,22,2,إِذَاً,إذا,تِلْكَ,قِسْمَةٌ,HARF,ISM_MABNI,ISM_MABNI,Certificate,registry:plain:02_mabniyat/built_in_adverbs.json#21,Certificate,harf_vs_mabni
53,23,8,مَا,ما,وَآبَاؤُكُمْ,أَنْزَلَ,HARF,ISM_MAWSOOL,ISM_MAWSOOL|ISM_MABNI|HARF,Hypothesis,registry-exact-hypothesis:exact:02_mabniyat/relative_pronoun,Hypothesis,harf_vs_mawsool
53,28,1,وَمَا,وما,,لَهُمْ,HARF,ISM_MAWSOOL,ISM_MAWSOOL|ISM_MABNI|HARF,Certificate,MASAQ:51,Certificate,harf_vs_mawsool
53,30,8,أَعْلَمُ,أعلم,هُوَ,بِمَنْ,ISM_MUARAB,FIIL,,Certificate,MASAQ:477,Certificate,noun_misread_as_verb
53,30,14,أَعْلَمُ,أعلم,وَهُوَ,بِمَنِ,ISM_MUARAB,FIIL,,Certificate,MASAQ:477,Certificate,noun_misread_as_verb
53,32,13,أَعْلَمُ,أعلم,هُوَ,بِكُمْ,ISM_MUARAB,FIIL,,Certificate,MASAQ:477,Certificate,noun_misread_as_verb
53,32,15,إِذْ,إذ,بِكُمْ,أَنْشَأَكُمْ,HARF,ISM_MABNI,ISM_MABNI,Certificate,registry:exact:02_mabniyat/built_in_adverbs.json#13,Certificate,harf_vs_mabni
53,32,29,أَعْلَمُ,أعلم,هُوَ,بِمَنِ,ISM_MUARAB,FIIL,,Certificate,MASAQ:477,Certificate,noun_misread_as_verb
53,41,1,ثُمَّ,ثم,,يُجْزَاهُ,HARF,ISM_MABNI,ISM_MABNI,Hypothesis,registry-exact-hypothesis:exact:02_mabniyat/built_in_adverbs,Hypothesis,harf_vs_mabni
53,46,3,إِذَا,إذا,نُطْفَةٍ,تُمْنَى,HARF,ISM_MABNI,ISM_MABNI,Certificate,registry:exact:02_mabniyat/built_in_adverbs.json#21,Certificate,harf_vs_mabni
53,49,3,رَبُّ,رب,هُوَ,الشِّعْرَى,ISM_MUARAB,HARF,HARF,Certificate,registry:plain:02_mabniyat/preposition_meanings.json#40,Certificate,ISM_MUARAB_to_HARF
53,50,2,أَهْلَكَ,أهلك,وَأَنَّهُ,عَادَاً,FIIL,ISM_MUARAB,,Certificate,MASAQ:41590,Certificate,verb_misread_as_noun
53,52,8,أَظْلَمَ,أظلم,هُمْ,وَأَطْغَى,ISM_MUARAB,FIIL,,Certificate,MASAQ:245,Certificate,noun_misread_as_verb
54,12,8,قَدْ,قد,أَمْرٍ,قُدِرَ,HARF,ISM_MABNI,ISM_MABNI|FIIL,Hypothesis,registry-exact-hypothesis:exact:02_mabniyat/verb_name.json#9,Hypothesis,harf_vs_mabni
54,13,3,ذَاتِ,ذات,عَلَى,أَلْوَاحٍ,ISM_MUARAB,ISM_MAWSOOL,ISM_MAWSOOL,Certificate,registry:plain:02_mabniyat/relative_pronouns.json#19,Certificate,ISM_MUARAB_to_ISM_MAWSOOL
54,24,7,إِذَاً,إذا,إِنَّا,لَفِي,HARF,ISM_MABNI,ISM_MABNI,Certificate,registry:plain:02_mabniyat/built_in_adverbs.json#21,Certificate,harf_vs_mabni
54,26,2,غَدَاً,غدا,سَيَعْلَمُونَ,مَنِ,HARF,ISM_MABNI,ISM_MABNI,Certificate,registry:plain:02_mabniyat/built_in_adverbs.json#5,Certificate,harf_vs_mabni
54,26,3,مَنِ,من,غَدَاً,الْكَذَّابُ,HARF,ISM_MAWSOOL,ISM_MAWSOOL|ISM_MABNI|HARF,Certificate,MASAQ:3539,Certificate,harf_vs_mawsool
54,48,8,مَسَّ,مس,ذُوقُوا,سَقَرَ,ISM_MUARAB,FIIL,,Certificate,MASAQ:8487,Certificate,noun_misread_as_verb
54,50,1,وَمَا,وما,,أَمْرُنَا,HARF,ISM_MAWSOOL,ISM_MAWSOOL|ISM_MABNI|HARF,Certificate,MASAQ:51,Certificate,harf_vs_mawsool
55,11,4,ذَاتُ,ذات,وَالنَّخْلُ,الْأَكْمَامِ,ISM_MUARAB,ISM_MAWSOOL,ISM_MAWSOOL,Certificate,registry:plain:02_mabniyat/relative_pronouns.json#19,Certificate,ISM_MUARAB_to_ISM_MAWSOOL
55,17,1,رَبُّ,رب,,الْمَشْرِقَيْنِ,ISM_MUARAB,HARF,HARF,Certificate,registry:plain:02_mabniyat/preposition_meanings.json#40,Certificate,ISM_MUARAB_to_HARF
55,44,5,آنٍ,آن,حَمِيمٍ,,ISM_MUARAB,HARF,HARF,Certificate,registry:plain:02_mabniyat/conditional_letters_tools.json#1,Certificate,ISM_MUARAB_to_HARF
56,1,1,إِذَا,إذا,,وَقَعَتِ,HARF,ISM_MABNI,ISM_MABNI,Certificate,registry:exact:02_mabniyat/built_in_adverbs.json#21,Certificate,harf_vs_mabni
56,4,1,إِذَا,إذا,,رُجَّتِ,HARF,ISM_MABNI,ISM_MABNI,Certificate,registry:exact:02_mabniyat/built_in_adverbs.json#21,Certificate,harf_vs_mabni
56,51,1,ثُمَّ,ثم,,إِنَّكُمْ,HARF,ISM_MABNI,ISM_MABNI,Hypothesis,registry-exact-hypothesis:exact:02_mabniyat/built_in_adverbs,Hypothesis,harf_vs_mabni
56,51,3,أَيُّهَا,أيها,إِنَّكُمْ,الضَّالُّونَ,ISM_MAWSOOL,HARF,HARF,Certificate,registry:exact:02_mabniyat/vocative_particles.json#6,Certificate,ISM_MAWSOOL_to_HARF
56,60,5,وَمَا,وما,الْمَوْتَ,نَحْنُ,HARF,ISM_MAWSOOL,ISM_MAWSOOL|ISM_MABNI|HARF,Certificate,MASAQ:51,Certificate,harf_vs_mawsool
56,74,4,الْعَظِيمِ,العظيم,رَبِّكَ,,JAMID,ISM_MUARAB,,Certificate,MASAQ:1848,Certificate,proper_misclassified
56,80,3,رَبِّ,رب,مِنْ,الْعَالَمِينَ,ISM_MUARAB,HARF,HARF,Certificate,registry:plain:02_mabniyat/preposition_meanings.json#40,Certificate,ISM_MUARAB_to_HARF
56,83,2,إِذَا,إذا,فَلَوْلَا,بَلَغَتِ,HARF,ISM_MABNI,ISM_MABNI,Certificate,registry:exact:02_mabniyat/built_in_adverbs.json#21,Certificate,harf_vs_mabni
56,96,4,الْعَظِيمِ,العظيم,رَبِّكَ,,JAMID,ISM_MUARAB,,Certificate,MASAQ:1848,Certificate,proper_misclassified
57,4,9,ثُمَّ,ثم,أَيَّامٍ,اسْتَوَى,HARF,ISM_MABNI,ISM_MABNI,Hypothesis,registry-exact-hypothesis:exact:02_mabniyat/built_in_adverbs,Hypothesis,harf_vs_mabni
57,10,1,وَمَا,وما,,لَكُمْ,HARF,ISM_MAWSOOL,ISM_MAWSOOL|ISM_MABNI|HARF,Certificate,MASAQ:51,Certificate,harf_vs_mawsool
57,11,1,مَنْ,من,,ذَا,HARF,ISM_MAWSOOL,ISM_MAWSOOL|ISM_MABNI|HARF,Hypothesis,registry-exact-hypothesis:exact:02_mabniyat/relative_pronoun,Hypothesis,harf_vs_mawsool
57,12,22,الْعَظِيمُ,العظيم,الْفَوْزُ,,ISM_MUARAB,JAMID,,Certificate,MASAQ:5243,Certificate,ISM_MUARAB_to_JAMID
57,17,8,قَدْ,قد,مَوْتِهَا,بَيَّنَّا,HARF,ISM_MABNI,ISM_MABNI|FIIL,Hypothesis,registry-exact-hypothesis:exact:02_mabniyat/verb_name.json#9,Hypothesis,harf_vs_mabni
57,20,19,ثُمَّ,ثم,نَبَاتُهُ,يَهِيجُ,HARF,ISM_MABNI,ISM_MABNI,Hypothesis,registry-exact-hypothesis:exact:02_mabniyat/built_in_adverbs,Hypothesis,harf_vs_mabni
57,20,23,ثُمَّ,ثم,مُصْفَرَّاً,يَكُونُ,HARF,ISM_MABNI,ISM_MABNI,Hypothesis,registry-exact-hypothesis:exact:02_mabniyat/built_in_adverbs,Hypothesis,harf_vs_mabni
57,20,34,وَمَا,وما,وَرِضْوَانٌ,الْحَيَاةُ,HARF,ISM_MAWSOOL,ISM_MAWSOOL|ISM_MABNI|HARF,Certificate,MASAQ:51,Certificate,harf_vs_mawsool
57,22,1,مَا,ما,,أَصَابَ,HARF,ISM_MAWSOOL,ISM_MAWSOOL|ISM_MABNI|HARF,Hypothesis,registry-exact-hypothesis:exact:02_mabniyat/relative_pronoun,Hypothesis,harf_vs_mawsool
57,27,1,ثُمَّ,ثم,,قَفَّيْنَا,HARF,ISM_MABNI,ISM_MABNI,Hypothesis,registry-exact-hypothesis:exact:02_mabniyat/built_in_adverbs,Hypothesis,harf_vs_mabni
57,27,21,مَا,ما,ابْتَدَعُوهَا,كَتَبْنَاهَا,HARF,ISM_MAWSOOL,ISM_MAWSOOL|ISM_MABNI|HARF,Hypothesis,registry-exact-hypothesis:exact:02_mabniyat/relative_pronoun,Hypothesis,harf_vs_mawsool
58,1,1,قَدْ,قد,,سَمِعَ,HARF,ISM_MABNI,ISM_MABNI|FIIL,Hypothesis,registry-exact-hypothesis:exact:02_mabniyat/verb_name.json#9,Hypothesis,harf_vs_mabni
58,2,6,مَا,ما,نِسَائِهِمْ,هُنَّ,HARF,ISM_MAWSOOL,ISM_MAWSOOL|ISM_MABNI|HARF,Hypothesis,registry-exact-hypothesis:exact:02_mabniyat/relative_pronoun,Hypothesis,harf_vs_mawsool
58,2,12,اللَّائِي,اللائي,إِلَّا,وَلَدْنَهُمْ,ISM_MABNI,ISM_MAWSOOL,ISM_MAWSOOL,Certificate,registry:plain:02_mabniyat/relative_pronouns.json#11,Certificate,ISM_MABNI_to_ISM_MAWSOOL
58,3,5,ثُمَّ,ثم,نِسَائِهِمْ,يَعُودُونَ,HARF,ISM_MABNI,ISM_MABNI,Hypothesis,registry-exact-hypothesis:exact:02_mabniyat/built_in_adverbs,Hypothesis,harf_vs_mabni
58,7,12,مَا,ما,الْأَرْضِ,يَكُونُ,HARF,ISM_MAWSOOL,ISM_MAWSOOL|ISM_MABNI|HARF,Hypothesis,registry-exact-hypothesis:exact:02_mabniyat/relative_pronoun,Hypothesis,harf_vs_mawsool
58,7,37,ثُمَّ,ثم,كَانُوا,يُنَبِّئُهُمْ,HARF,ISM_MABNI,ISM_MABNI,Hypothesis,registry-exact-hypothesis:exact:02_mabniyat/built_in_adverbs,Hypothesis,harf_vs_mabni
58,8,8,ثُمَّ,ثم,النَّجْوَى,يَعُودُونَ,HARF,ISM_MABNI,ISM_MABNI,Hypothesis,registry-exact-hypothesis:exact:02_mabniyat/built_in_adverbs,Hypothesis,harf_vs_mabni
58,9,4,إِذَا,إذا,آمَنُوا,تَنَاجَيْتُمْ,HARF,ISM_MABNI,ISM_MABNI,Certificate,registry:exact:02_mabniyat/built_in_adverbs.json#21,Certificate,harf_vs_mabni
58,11,4,إِذَا,إذا,آمَنُوا,قِيلَ,HARF,ISM_MABNI,ISM_MABNI,Certificate,registry:exact:02_mabniyat/built_in_adverbs.json#21,Certificate,harf_vs_mabni
58,12,4,إِذَا,إذا,آمَنُوا,نَاجَيْتُمُ,HARF,ISM_MABNI,ISM_MABNI,Certificate,registry:exact:02_mabniyat/built_in_adverbs.json#21,Certificate,harf_vs_mabni
58,14,10,مَا,ما,عَلَيْهِمْ,هُمْ,HARF,ISM_MAWSOOL,ISM_MAWSOOL|ISM_MABNI|HARF,Hypothesis,registry-exact-hypothesis:exact:02_mabniyat/relative_pronoun,Hypothesis,harf_vs_mawsool
58,22,33,مِنْ,من,تَجْرِي,تَحْتِهَا,ISM_MAWSOOL,HARF,HARF,Hypothesis,registry-exact-hypothesis:exact:02_mabniyat/preposition_mean,Hypothesis,ISM_MAWSOOL_to_HARF
59,2,13,مَا,ما,الْحَشْرِ,ظَنَنْتُمْ,HARF,ISM_MAWSOOL,ISM_MAWSOOL|ISM_MABNI|HARF,Hypothesis,registry-exact-hypothesis:exact:02_mabniyat/relative_pronoun,Hypothesis,harf_vs_mawsool
59,2,26,حَيْثُ,حيث,مِنْ,لَمْ,HARF,ISM_MABNI,ISM_MABNI,Certificate,registry:exact:02_mabniyat/built_in_adverbs.json#1,Certificate,harf_vs_mabni
59,6,1,وَمَا,وما,,أَفَاءَ,HARF,ISM_MAWSOOL,ISM_MAWSOOL|ISM_MABNI|HARF,Certificate,MASAQ:51,Certificate,harf_vs_mawsool
59,12,14,ثُمَّ,ثم,الْأَدْبَارَ,لَا,HARF,ISM_MABNI,ISM_MABNI,Hypothesis,registry-exact-hypothesis:exact:02_mabniyat/built_in_adverbs,Hypothesis,harf_vs_mabni
59,16,3,إِذْ,إذ,الشَّيْطَانِ,قَالَ,HARF,ISM_MABNI,ISM_MABNI,Certificate,registry:exact:02_mabniyat/built_in_adverbs.json#13,Certificate,harf_vs_mabni
59,16,16,رَبَّ,رب,اللَّهَ,الْعَالَمِينَ,ISM_MUARAB,HARF,HARF,Certificate,registry:plain:02_mabniyat/preposition_meanings.json#40,Certificate,ISM_MUARAB_to_HARF
59,23,8,الْمَلِكُ,الملك,هُوَ,الْقُدُّوسُ,JAMID,ISM_MUARAB,,Certificate,MASAQ:30887,Certificate,proper_misclassified
60,1,37,أَعْلَمُ,أعلم,وَأَنَا,بِمَا,ISM_MUARAB,FIIL,,Certificate,MASAQ:477,Certificate,noun_misread_as_verb
60,4,1,قَدْ,قد,,كَانَتْ,HARF,ISM_MABNI,ISM_MABNI|FIIL,Hypothesis,registry-exact-hypothesis:exact:02_mabniyat/verb_name.json#9,Hypothesis,harf_vs_mabni
60,4,10,إِذْ,إذ,مَعَهُ,قَالُوا,HARF,ISM_MABNI,ISM_MABNI,Certificate,registry:exact:02_mabniyat/built_in_adverbs.json#13,Certificate,harf_vs_mabni
60,4,47,عَلَيْكَ,عليك,رَبَّنَا,تَوَكَّلْنَا,HARF,ISM_MABNI,ISM_MABNI|FIIL,Hypothesis,registry-exact-hypothesis:exact:02_mabniyat/verb_name.json#8,Hypothesis,harf_vs_mabni
60,10,4,إِذَا,إذا,آمَنُوا,جَاءَكُمُ,HARF,ISM_MABNI,ISM_MABNI,Certificate,registry:exact:02_mabniyat/built_in_adverbs.json#21,Certificate,harf_vs_mabni
60,10,10,أَعْلَمُ,أعلم,اللَّهُ,بِإِيمَانِهِنَّ,ISM_MUARAB,FIIL,,Certificate,MASAQ:477,Certificate,noun_misread_as_verb
60,10,35,إِذَا,إذا,تَنْكِحُوهُنَّ,آتَيْتُمُوهُنَّ,HARF,ISM_MABNI,ISM_MABNI,Certificate,registry:exact:02_mabniyat/built_in_adverbs.json#21,Certificate,harf_vs_mabni
60,12,3,إِذَا,إذا,النَّبِيُّ,جَاءَكَ,HARF,ISM_MABNI,ISM_MABNI,Certificate,registry:exact:02_mabniyat/built_in_adverbs.json#21,Certificate,harf_vs_mabni
60,13,10,قَدْ,قد,عَلَيْهِمْ,يَئِسُوا,HARF,ISM_MABNI,ISM_MABNI|FIIL,Hypothesis,registry-exact-hypothesis:exact:02_mabniyat/verb_name.json#9,Hypothesis,harf_vs_mabni
61,7,1,وَمَنْ,ومن,,أَظْلَمُ,ISM_MAWSOOL,HARF,ISM_MAWSOOL|ISM_MABNI|HARF,Certificate,MASAQ:1895,Certificate,ISM_MAWSOOL_to_HARF
61,12,17,الْعَظِيمُ,العظيم,الْفَوْزُ,,ISM_MUARAB,JAMID,,Certificate,MASAQ:5243,Certificate,ISM_MUARAB_to_JAMID
61,14,13,مَنْ,من,لِلْحَوَارِيِّينَ,أَنْصَارِي,HARF,ISM_MAWSOOL,ISM_MAWSOOL|ISM_MABNI|HARF,Hypothesis,registry-exact-hypothesis:exact:02_mabniyat/relative_pronoun,Hypothesis,harf_vs_mawsool
62,1,9,الْمَلِكِ,الملك,الْأَرْضِ,الْقُدُّوسِ,JAMID,ISM_MUARAB,,Certificate,MASAQ:31353,Certificate,proper_misclassified
62,3,3,لَمَّا,لما,مِنْهُمْ,يَلْحَقُوا,HARF,ISM_MABNI,ISM_MABNI|HARF,Hypothesis,registry-exact-hypothesis:exact:02_mabniyat/conditional_lett,Hypothesis,harf_vs_mabni
62,5,5,ثُمَّ,ثم,التَّوْرَاةَ,لَمْ,HARF,ISM_MABNI,ISM_MABNI,Hypothesis,registry-exact-hypothesis:exact:02_mabniyat/built_in_adverbs,Hypothesis,harf_vs_mabni
62,8,9,ثُمَّ,ثم,مُلَاقِيكُمْ,تُرَدُّونَ,HARF,ISM_MABNI,ISM_MABNI,Hypothesis,registry-exact-hypothesis:exact:02_mabniyat/built_in_adverbs,Hypothesis,harf_vs_mabni
62,9,4,إِذَا,إذا,آمَنُوا,نُودِيَ,HARF,ISM_MABNI,ISM_MABNI,Certificate,registry:exact:02_mabniyat/built_in_adverbs.json#21,Certificate,harf_vs_mabni
63,1,1,إِذَا,إذا,,جَاءَكَ,HARF,ISM_MABNI,ISM_MABNI,Certificate,registry:exact:02_mabniyat/built_in_adverbs.json#21,Certificate,harf_vs_mabni
63,3,4,ثُمَّ,ثم,آمَنُوا,كَفَرُوا,HARF,ISM_MABNI,ISM_MABNI,Hypothesis,registry-exact-hypothesis:exact:02_mabniyat/built_in_adverbs,Hypothesis,harf_vs_mabni
63,4,21,أَنَّى,أنى,اللَّهُ,يُؤْفَكُونَ,HARF,ISM_MABNI,ISM_MABNI|HARF,Hypothesis,registry-exact-hypothesis:exact:02_mabniyat/conditional_lett,Hypothesis,harf_vs_mabni
63,7,7,مَنْ,من,عَلَى,عِنْدَ,HARF,ISM_MAWSOOL,ISM_MAWSOOL|ISM_MABNI|HARF,Hypothesis,registry-exact-hypothesis:exact:02_mabniyat/relative_pronoun,Hypothesis,harf_vs_mawsool
63,10,12,رَبِّ,رب,فَيَقُولَ,لَوْلَا,ISM_MUARAB,HARF,HARF,Certificate,registry:plain:02_mabniyat/preposition_meanings.json#40,Certificate,ISM_MUARAB_to_HARF
63,10,16,أَجَلٍ,أجل,إِلَى,قَرِيبٍ,ISM_MUARAB,HARF,HARF,Certificate,registry:plain:02_mabniyat/letters_answers.json#3,Certificate,ISM_MUARAB_to_HARF
63,11,5,إِذَا,إذا,نَفْسَاً,جَاءَ,HARF,ISM_MABNI,ISM_MABNI,Certificate,registry:exact:02_mabniyat/built_in_adverbs.json#21,Certificate,harf_vs_mabni
64,7,11,ثُمَّ,ثم,لَتُبْعَثُنَّ,لَتُنَبَّؤُنَّ,HARF,ISM_MABNI,ISM_MABNI,Hypothesis,registry-exact-hypothesis:exact:02_mabniyat/built_in_adverbs,Hypothesis,harf_vs_mabni
64,9,6,يَوْمُ,يوم,ذَلِكَ,التَّغَابُنِ,ISM_MUARAB,HARF,,Certificate,MASAQ:16239,Certificate,ISM_MUARAB_to_HARF
64,9,27,الْعَظِيمُ,العظيم,الْفَوْزُ,,ISM_MUARAB,JAMID,,Certificate,MASAQ:5243,Certificate,ISM_MUARAB_to_JAMID
64,11,1,مَا,ما,,أَصَابَ,HARF,ISM_MAWSOOL,ISM_MAWSOOL|ISM_MABNI|HARF,Hypothesis,registry-exact-hypothesis:exact:02_mabniyat/relative_pronoun,Hypothesis,harf_vs_mawsool
65,1,3,إِذَا,إذا,النَّبِيُّ,طَلَّقْتُمُ,HARF,ISM_MABNI,ISM_MABNI,Certificate,registry:exact:02_mabniyat/built_in_adverbs.json#21,Certificate,harf_vs_mabni
65,3,3,حَيْثُ,حيث,مِنْ,لَا,HARF,ISM_MABNI,ISM_MABNI,Certificate,registry:exact:02_mabniyat/built_in_adverbs.json#1,Certificate,harf_vs_mabni
65,3,16,قَدْ,قد,أَمْرِهِ,جَعَلَ,HARF,ISM_MABNI,ISM_MABNI|FIIL,Hypothesis,registry-exact-hypothesis:exact:02_mabniyat/verb_name.json#9,Hypothesis,harf_vs_mabni
65,6,3,حَيْثُ,حيث,مِنْ,سَكَنْتُمْ,HARF,ISM_MABNI,ISM_MABNI,Certificate,registry:exact:02_mabniyat/built_in_adverbs.json#1,Certificate,harf_vs_mabni
65,10,12,قَدْ,قد,آمَنُوا,أَنْزَلَ,HARF,ISM_MABNI,ISM_MABNI|FIIL,Hypothesis,registry-exact-hypothesis:exact:02_mabniyat/verb_name.json#9,Hypothesis,harf_vs_mabni
65,11,30,قَدْ,قد,أَبَدَاً,أَحْسَنَ,HARF,ISM_MABNI,ISM_MABNI|FIIL,Hypothesis,registry-exact-hypothesis:exact:02_mabniyat/verb_name.json#9,Hypothesis,harf_vs_mabni
65,12,21,قَدْ,قد,اللَّهَ,أَحَاطَ,HARF,ISM_MABNI,ISM_MABNI|FIIL,Hypothesis,registry-exact-hypothesis:exact:02_mabniyat/verb_name.json#9,Hypothesis,harf_vs_mabni
66,2,1,قَدْ,قد,,فَرَضَ,HARF,ISM_MABNI,ISM_MABNI|FIIL,Hypothesis,registry-exact-hypothesis:exact:02_mabniyat/verb_name.json#9,Hypothesis,harf_vs_mabni
66,3,23,مَنْ,من,قَالَتْ,أَنْبَأَكَ,HARF,ISM_MAWSOOL,ISM_MAWSOOL|ISM_MABNI|HARF,Hypothesis,registry-exact-hypothesis:exact:02_mabniyat/relative_pronoun,Hypothesis,harf_vs_mawsool
66,11,8,إِذْ,إذ,فِرْعَوْنَ,قَالَتْ,HARF,ISM_MABNI,ISM_MABNI,Certificate,registry:exact:02_mabniyat/built_in_adverbs.json#13,Certificate,harf_vs_mabni
66,11,10,رَبِّ,رب,قَالَتْ,ابْنِ,ISM_MUARAB,HARF,HARF,Certificate,registry:plain:02_mabniyat/preposition_meanings.json#40,Certificate,ISM_MUARAB_to_HARF
66,11,11,ابْنِ,ابن,رَبِّ,لِي,FIIL,ISM_MUARAB,,Certificate,MASAQ:14617,Certificate,verb_misread_as_noun
66,11,13,عِنْدَكَ,عندك,لِي,بَيْتَاً,HARF,ISM_MABNI,ISM_MABNI|FIIL,Hypothesis,registry-exact-hypothesis:exact:02_mabniyat/verb_name.json#8,Hypothesis,harf_vs_mabni
67,3,6,مَا,ما,طِبَاقَاً,تَرَى,HARF,ISM_MAWSOOL,ISM_MAWSOOL|ISM_MABNI|HARF,Hypothesis,registry-exact-hypothesis:exact:02_mabniyat/relative_pronoun,Hypothesis,harf_vs_mawsool
67,4,1,ثُمَّ,ثم,,ارْجِعِ,HARF,ISM_MABNI,ISM_MABNI,Hypothesis,registry-exact-hypothesis:exact:02_mabniyat/built_in_adverbs,Hypothesis,harf_vs_mabni
67,7,1,إِذَا,إذا,,أُلْقُوا,HARF,ISM_MABNI,ISM_MABNI,Certificate,registry:exact:02_mabniyat/built_in_adverbs.json#21,Certificate,harf_vs_mabni
67,8,5,كُلَّمَا,كلما,الْغَيْظِ,أُلْقِيَ,ISM_MUARAB,ISM_MABNI,ISM_MABNI,Certificate,registry:exact:02_mabniyat/conditional_letters_tools.json#17,Certificate,ISM_MUARAB_to_ISM_MABNI
67,9,3,قَدْ,قد,بَلَى,جَاءَنَا,HARF,ISM_MABNI,ISM_MABNI|FIIL,Hypothesis,registry-exact-hypothesis:exact:02_mabniyat/verb_name.json#9,Hypothesis,harf_vs_mabni
67,9,8,مَا,ما,وَقُلْنَا,نَزَّلَ,HARF,ISM_MAWSOOL,ISM_MAWSOOL|ISM_MABNI|HARF,Hypothesis,registry-exact-hypothesis:exact:02_mabniyat/relative_pronoun,Hypothesis,harf_vs_mawsool
67,10,7,مَا,ما,نَعْقِلُ,كُنَّا,HARF,ISM_MAWSOOL,ISM_MAWSOOL|ISM_MABNI|HARF,Hypothesis,registry-exact-hypothesis:exact:02_mabniyat/relative_pronoun,Hypothesis,harf_vs_mawsool
67,19,8,مَا,ما,وَيَقْبِضْنَ,يُمْسِكُهُنَّ,HARF,ISM_MAWSOOL,ISM_MAWSOOL|ISM_MABNI|HARF,Hypothesis,registry-exact-hypothesis:exact:02_mabniyat/relative_pronoun,Hypothesis,harf_vs_mawsool
67,28,6,وَمَنْ,ومن,اللَّهُ,مَعِيَ,ISM_MAWSOOL,HARF,ISM_MAWSOOL|ISM_MABNI|HARF,Certificate,MASAQ:1895,Certificate,ISM_MAWSOOL_to_HARF
68,2,1,مَا,ما,,أَنْتَ,HARF,ISM_MAWSOOL,ISM_MAWSOOL|ISM_MABNI|HARF,Hypothesis,registry-exact-hypothesis:exact:02_mabniyat/relative_pronoun,Hypothesis,harf_vs_mawsool
68,7,4,أَعْلَمُ,أعلم,هُوَ,بِمَنْ,ISM_MUARAB,FIIL,,Certificate,MASAQ:477,Certificate,noun_misread_as_verb
68,7,10,أَعْلَمُ,أعلم,وَهُوَ,بِالْمُهْتَدِينَ,ISM_MUARAB,FIIL,,Certificate,MASAQ:477,Certificate,noun_misread_as_verb
68,15,1,إِذَا,إذا,,تُتْلَى,HARF,ISM_MABNI,ISM_MABNI,Certificate,registry:exact:02_mabniyat/built_in_adverbs.json#21,Certificate,harf_vs_mabni
68,17,7,إِذْ,إذ,الْجَنَّةِ,أَقْسَمُوا,HARF,ISM_MABNI,ISM_MABNI,Certificate,registry:exact:02_mabniyat/built_in_adverbs.json#13,Certificate,harf_vs_mabni
68,44,2,وَمَنْ,ومن,فَذَرْنِي,يُكَذِّبُ,ISM_MAWSOOL,HARF,ISM_MAWSOOL|ISM_MABNI|HARF,Certificate,MASAQ:1895,Certificate,ISM_MAWSOOL_to_HARF
68,44,8,حَيْثُ,حيث,مِنْ,لَا,HARF,ISM_MABNI,ISM_MABNI,Certificate,registry:exact:02_mabniyat/built_in_adverbs.json#1,Certificate,harf_vs_mabni
68,48,8,إِذْ,إذ,الْحُوتِ,نَادَى,HARF,ISM_MABNI,ISM_MABNI,Certificate,registry:exact:02_mabniyat/built_in_adverbs.json#13,Certificate,harf_vs_mabni
68,51,7,لَمَّا,لما,بِأَبْصَارِهِمْ,سَمِعُوا,HARF,ISM_MABNI,ISM_MABNI|HARF,Hypothesis,registry-exact-hypothesis:exact:02_mabniyat/conditional_lett,Hypothesis,harf_vs_mabni
68,52,1,وَمَا,وما,,هُوَ,HARF,ISM_MAWSOOL,ISM_MAWSOOL|ISM_MABNI|HARF,Certificate,MASAQ:51,Certificate,harf_vs_mawsool
69,9,3,وَمَنْ,ومن,فِرْعَوْنُ,قَبْلَهُ,ISM_MAWSOOL,HARF,ISM_MAWSOOL|ISM_MABNI|HARF,Certificate,MASAQ:1895,Certificate,ISM_MAWSOOL_to_HARF
69,11,2,لَمَّا,لما,إِنَّا,طَغَى,HARF,ISM_MABNI,ISM_MABNI|HARF,Hypothesis,registry-exact-hypothesis:exact:02_mabniyat/conditional_lett,Hypothesis,harf_vs_mabni
69,12,5,أُذُنٌ,أذن,وَتَعِيَهَا,وَاعِيَةٌ,ISM_MUARAB,HARF,HARF,Certificate,registry:plain:02_mabniyat/present_naseb_tools.json#3,Certificate,ISM_MUARAB_to_HARF
69,28,1,مَا,ما,,أَغْنَى,HARF,ISM_MAWSOOL,ISM_MAWSOOL|ISM_MABNI|HARF,Hypothesis,registry-exact-hypothesis:exact:02_mabniyat/relative_pronoun,Hypothesis,harf_vs_mawsool
69,31,1,ثُمَّ,ثم,,الْجَحِيمَ,HARF,ISM_MABNI,ISM_MABNI,Hypothesis,registry-exact-hypothesis:exact:02_mabniyat/built_in_adverbs,Hypothesis,harf_vs_mabni
69,32,1,ثُمَّ,ثم,,فِي,HARF,ISM_MABNI,ISM_MABNI,Hypothesis,registry-exact-hypothesis:exact:02_mabniyat/built_in_adverbs,Hypothesis,harf_vs_mabni
69,33,6,الْعَظِيمِ,العظيم,بِاللَّهِ,,JAMID,ISM_MUARAB,,Certificate,MASAQ:1848,Certificate,proper_misclassified
69,35,4,هَاهُنَا,هاهنا,الْيَوْمَ,حَمِيمٌ,HARF,ISM_MABNI,ISM_MABNI,Certificate,registry:exact:02_mabniyat/demonstrative_pronouns.json#4,Certificate,harf_vs_mabni
69,41,1,وَمَا,وما,,هُوَ,HARF,ISM_MAWSOOL,ISM_MAWSOOL|ISM_MABNI|HARF,Certificate,MASAQ:51,Certificate,harf_vs_mawsool
69,43,3,رَبِّ,رب,مِنْ,الْعَالَمِينَ,ISM_MUARAB,HARF,HARF,Certificate,registry:plain:02_mabniyat/preposition_meanings.json#40,Certificate,ISM_MUARAB_to_HARF
69,46,1,ثُمَّ,ثم,,لَقَطَعْنَا,HARF,ISM_MABNI,ISM_MABNI,Hypothesis,registry-exact-hypothesis:exact:02_mabniyat/built_in_adverbs,Hypothesis,harf_vs_mabni
69,52,4,الْعَظِيمِ,العظيم,رَبِّكَ,,JAMID,ISM_MUARAB,,Certificate,MASAQ:1848,Certificate,proper_misclassified
70,14,1,وَمَنْ,ومن,,فِي,ISM_MAWSOOL,HARF,ISM_MAWSOOL|ISM_MABNI|HARF,Certificate,MASAQ:1895,Certificate,ISM_MAWSOOL_to_HARF
70,14,5,ثُمَّ,ثم,جَمِيعَاً,يُنْجِيهِ,HARF,ISM_MABNI,ISM_MABNI,Hypothesis,registry-exact-hypothesis:exact:02_mabniyat/built_in_adverbs,Hypothesis,harf_vs_mabni
70,20,1,إِذَا,إذا,,مَسَّهُ,HARF,ISM_MABNI,ISM_MABNI,Certificate,registry:exact:02_mabniyat/built_in_adverbs.json#21,Certificate,harf_vs_mabni
70,41,6,وَمَا,وما,مِنْهُمْ,نَحْنُ,HARF,ISM_MAWSOOL,ISM_MAWSOOL|ISM_MABNI|HARF,Certificate,MASAQ:51,Certificate,harf_vs_mawsool
71,4,7,أَجَلٍ,أجل,إِلَى,مُسَمَّىً,ISM_MUARAB,HARF,HARF,Certificate,registry:plain:02_mabniyat/letters_answers.json#3,Certificate,ISM_MUARAB_to_HARF
71,4,10,أَجَلَ,أجل,إِنَّ,اللَّهِ,ISM_MUARAB,HARF,HARF,Certificate,registry:plain:02_mabniyat/letters_answers.json#3,Certificate,ISM_MUARAB_to_HARF
71,4,12,إِذَا,إذا,اللَّهِ,جَاءَ,HARF,ISM_MABNI,ISM_MABNI,Certificate,registry:exact:02_mabniyat/built_in_adverbs.json#21,Certificate,harf_vs_mabni
71,5,2,رَبِّ,رب,قَالَ,إِنِّي,ISM_MUARAB,HARF,HARF,Certificate,registry:plain:02_mabniyat/preposition_meanings.json#40,Certificate,ISM_MUARAB_to_HARF
71,7,2,كُلَّمَا,كلما,وَإِنِّي,دَعَوْتُهُمْ,ISM_MUARAB,ISM_MABNI,ISM_MABNI,Certificate,registry:exact:02_mabniyat/conditional_letters_tools.json#17,Certificate,ISM_MUARAB_to_ISM_MABNI
71,8,1,ثُمَّ,ثم,,إِنِّي,HARF,ISM_MABNI,ISM_MABNI,Hypothesis,registry-exact-hypothesis:exact:02_mabniyat/built_in_adverbs,Hypothesis,harf_vs_mabni
71,9,1,ثُمَّ,ثم,,إِنِّي,HARF,ISM_MABNI,ISM_MABNI,Hypothesis,registry-exact-hypothesis:exact:02_mabniyat/built_in_adverbs,Hypothesis,harf_vs_mabni
71,18,1,ثُمَّ,ثم,,يُعِيدُكُمْ,HARF,ISM_MABNI,ISM_MABNI,Hypothesis,registry-exact-hypothesis:exact:02_mabniyat/built_in_adverbs,Hypothesis,harf_vs_mabni
71,21,3,رَبِّ,رب,نُوحٌ,إِنَّهُمْ,ISM_MUARAB,HARF,HARF,Certificate,registry:plain:02_mabniyat/preposition_meanings.json#40,Certificate,ISM_MUARAB_to_HARF
71,26,3,رَبِّ,رب,نُوحٌ,لَا,ISM_MUARAB,HARF,HARF,Certificate,registry:plain:02_mabniyat/preposition_meanings.json#40,Certificate,ISM_MUARAB_to_HARF
71,28,1,رَبِّ,رب,,اغْفِرْ,ISM_MUARAB,HARF,HARF,Certificate,registry:plain:02_mabniyat/preposition_meanings.json#40,Certificate,ISM_MUARAB_to_HARF
72,1,3,إِلَيَّ,إلي,أُوحِيَ,أَنَّهُ,HARF,ISM_MABNI,ISM_MABNI|FIIL,Hypothesis,registry-exact-hypothesis:exact:02_mabniyat/verb_name.json#8,Hypothesis,harf_vs_mabni
72,3,5,مَا,ما,رَبِّنَا,اتَّخَذَ,HARF,ISM_MAWSOOL,ISM_MAWSOOL|ISM_MABNI|HARF,Hypothesis,registry-exact-hypothesis:exact:02_mabniyat/relative_pronoun,Hypothesis,harf_vs_mawsool
72,9,9,الْآنَ,الآن,يَسْتَمِعِ,يَجِدْ,HARF,ISM_MABNI,ISM_MABNI,Certificate,registry:plain:02_mabniyat/built_in_adverbs.json#4,Certificate,harf_vs_mabni
72,13,2,لَمَّا,لما,وَأَنَّا,سَمِعْنَا,HARF,ISM_MABNI,ISM_MABNI|HARF,Hypothesis,registry-exact-hypothesis:exact:02_mabniyat/conditional_lett,Hypothesis,harf_vs_mabni
72,19,2,لَمَّا,لما,وَأَنَّهُ,قَامَ,HARF,ISM_MABNI,ISM_MABNI|HARF,Hypothesis,registry-exact-hypothesis:exact:02_mabniyat/conditional_lett,Hypothesis,harf_vs_mabni
72,24,2,إِذَا,إذا,حَتَّى,رَأَوْا,HARF,ISM_MABNI,ISM_MABNI,Certificate,registry:exact:02_mabniyat/built_in_adverbs.json#21,Certificate,harf_vs_mabni
72,28,3,قَدْ,قد,أَنْ,أَبْلَغُوا,HARF,ISM_MABNI,ISM_MABNI|FIIL,Hypothesis,registry-exact-hypothesis:exact:02_mabniyat/verb_name.json#9,Hypothesis,harf_vs_mabni
73,5,3,عَلَيْكَ,عليك,سَنُلْقِي,قَوْلَاً,HARF,ISM_MABNI,ISM_MABNI|FIIL,Hypothesis,registry-exact-hypothesis:exact:02_mabniyat/verb_name.json#8,Hypothesis,harf_vs_mabni
73,9,1,رَبُّ,رب,,الْمَشْرِقِ,ISM_MUARAB,HARF,HARF,Certificate,registry:plain:02_mabniyat/preposition_meanings.json#40,Certificate,ISM_MUARAB_to_HARF
74,11,2,وَمَنْ,ومن,ذَرْنِي,خَلَقْتُ,ISM_MAWSOOL,HARF,ISM_MAWSOOL|ISM_MABNI|HARF,Certificate,MASAQ:1895,Certificate,ISM_MAWSOOL_to_HARF
74,15,1,ثُمَّ,ثم,,يَطْمَعُ,HARF,ISM_MABNI,ISM_MABNI,Hypothesis,registry-exact-hypothesis:exact:02_mabniyat/built_in_adverbs,Hypothesis,harf_vs_mabni
74,20,1,ثُمَّ,ثم,,قُتِلَ,HARF,ISM_MABNI,ISM_MABNI,Hypothesis,registry-exact-hypothesis:exact:02_mabniyat/built_in_adverbs,Hypothesis,harf_vs_mabni
74,21,1,ثُمَّ,ثم,,نَظَرَ,HARF,ISM_MABNI,ISM_MABNI,Hypothesis,registry-exact-hypothesis:exact:02_mabniyat/built_in_adverbs,Hypothesis,harf_vs_mabni
74,22,1,ثُمَّ,ثم,,عَبَسَ,HARF,ISM_MABNI,ISM_MABNI,Hypothesis,registry-exact-hypothesis:exact:02_mabniyat/built_in_adverbs,Hypothesis,harf_vs_mabni
74,23,1,ثُمَّ,ثم,,أَدْبَرَ,HARF,ISM_MABNI,ISM_MABNI,Hypothesis,registry-exact-hypothesis:exact:02_mabniyat/built_in_adverbs,Hypothesis,harf_vs_mabni
74,31,1,وَمَا,وما,,جَعَلْنَا,HARF,ISM_MAWSOOL,ISM_MAWSOOL|ISM_MABNI|HARF,Certificate,MASAQ:51,Certificate,harf_vs_mawsool
74,31,7,وَمَا,وما,مَلَائِكَةً,جَعَلْنَا,HARF,ISM_MAWSOOL,ISM_MAWSOOL|ISM_MABNI|HARF,Certificate,MASAQ:51,Certificate,harf_vs_mawsool
74,31,34,مَاذَا,ماذا,وَالْكَافِرُونَ,أَرَادَ,HARF,ISM_MABNI,ISM_MABNI,Certificate,registry:plain:02_mabniyat/interrogative_tools_categories.js,Certificate,harf_vs_mabni
74,31,47,وَمَا,وما,يَشَاءُ,يَعْلَمُ,HARF,ISM_MAWSOOL,ISM_MAWSOOL|ISM_MABNI|HARF,Certificate,MASAQ:51,Certificate,harf_vs_mawsool
74,31,53,وَمَا,وما,هُوَ,هِيَ,HARF,ISM_MAWSOOL,ISM_MAWSOOL|ISM_MABNI|HARF,Certificate,MASAQ:51,Certificate,harf_vs_mawsool
74,33,2,إِذْ,إذ,وَاللَّيْلِ,أَدْبَرَ,HARF,ISM_MABNI,ISM_MABNI,Certificate,registry:exact:02_mabniyat/built_in_adverbs.json#13,Certificate,harf_vs_mabni
74,34,2,إِذَا,إذا,وَالصُّبْحِ,أَسْفَرَ,HARF,ISM_MABNI,ISM_MABNI,Certificate,registry:exact:02_mabniyat/built_in_adverbs.json#21,Certificate,harf_vs_mabni
74,56,1,وَمَا,وما,,يَذْكُرُونَ,HARF,ISM_MAWSOOL,ISM_MAWSOOL|ISM_MABNI|HARF,Certificate,MASAQ:51,Certificate,harf_vs_mawsool
75,6,3,يَوْمُ,يوم,أَيَّانَ,الْقِيَامَةِ,ISM_MUARAB,HARF,,Certificate,MASAQ:16239,Certificate,ISM_MUARAB_to_HARF
75,19,1,ثُمَّ,ثم,,إِنَّ,HARF,ISM_MABNI,ISM_MABNI,Hypothesis,registry-exact-hypothesis:exact:02_mabniyat/built_in_adverbs,Hypothesis,harf_vs_mabni
75,26,2,إِذَا,إذا,كَلَّا,بَلَغَتِ,HARF,ISM_MABNI,ISM_MABNI,Certificate,registry:exact:02_mabniyat/built_in_adverbs.json#21,Certificate,harf_vs_mabni
75,33,1,ثُمَّ,ثم,,ذَهَبَ,HARF,ISM_MABNI,ISM_MABNI,Hypothesis,registry-exact-hypothesis:exact:02_mabniyat/built_in_adverbs,Hypothesis,harf_vs_mabni
75,35,1,ثُمَّ,ثم,,أَوْلَى,HARF,ISM_MABNI,ISM_MABNI,Hypothesis,registry-exact-hypothesis:exact:02_mabniyat/built_in_adverbs,Hypothesis,harf_vs_mabni
75,38,1,ثُمَّ,ثم,,كَانَ,HARF,ISM_MABNI,ISM_MABNI,Hypothesis,registry-exact-hypothesis:exact:02_mabniyat/built_in_adverbs,Hypothesis,harf_vs_mabni
76,19,5,إِذَا,إذا,مُخَلَّدُونَ,رَأَيْتَهُمْ,HARF,ISM_MABNI,ISM_MABNI,Certificate,registry:exact:02_mabniyat/built_in_adverbs.json#21,Certificate,harf_vs_mabni
76,20,3,ثَمَّ,ثم,رَأَيْتَ,رَأَيْتَ,HARF,ISM_MABNI,ISM_MABNI,Hypothesis,registry-exact-hypothesis:exact:02_mabniyat/built_in_adverbs,Hypothesis,harf_vs_mabni
76,23,4,عَلَيْكَ,عليك,نَزَّلْنَا,الْقُرْآنَ,HARF,ISM_MABNI,ISM_MABNI|FIIL,Hypothesis,registry-exact-hypothesis:exact:02_mabniyat/verb_name.json#8,Hypothesis,harf_vs_mabni
76,30,1,وَمَا,وما,,تَشَاءُونَ,HARF,ISM_MAWSOOL,ISM_MAWSOOL|ISM_MABNI|HARF,Certificate,MASAQ:51,Certificate,harf_vs_mawsool
77,14,4,يَوْمُ,يوم,مَا,الْفَصْلِ,ISM_MUARAB,HARF,,Certificate,MASAQ:16239,Certificate,ISM_MUARAB_to_HARF
77,17,1,ثُمَّ,ثم,,نُتْبِعُهُمُ,HARF,ISM_MABNI,ISM_MABNI,Hypothesis,registry-exact-hypothesis:exact:02_mabniyat/built_in_adverbs,Hypothesis,harf_vs_mabni
77,35,2,يَوْمُ,يوم,هَذَا,لَا,ISM_MUARAB,HARF,,Certificate,MASAQ:16239,Certificate,ISM_MUARAB_to_HARF
77,38,2,يَوْمُ,يوم,هَذَا,الْفَصْلِ,ISM_MUARAB,HARF,,Certificate,MASAQ:16239,Certificate,ISM_MUARAB_to_HARF
78,5,1,ثُمَّ,ثم,,كَلَّا,HARF,ISM_MABNI,ISM_MABNI,Hypothesis,registry-exact-hypothesis:exact:02_mabniyat/built_in_adverbs,Hypothesis,harf_vs_mabni
78,37,1,رَبِّ,رب,,السَّمَاوَاتِ,ISM_MUARAB,HARF,HARF,Certificate,registry:plain:02_mabniyat/preposition_meanings.json#40,Certificate,ISM_MUARAB_to_HARF
78,38,10,أَذِنَ,أذن,مَنْ,لَهُ,FIIL,HARF,HARF,Certificate,registry:plain:02_mabniyat/present_naseb_tools.json#3,Certificate,FIIL_to_HARF
79,12,3,إِذَاً,إذا,تِلْكَ,كَرَّةٌ,HARF,ISM_MABNI,ISM_MABNI,Certificate,registry:plain:02_mabniyat/built_in_adverbs.json#21,Certificate,harf_vs_mabni
79,16,1,إِذْ,إذ,,نَادَاهُ,HARF,ISM_MABNI,ISM_MABNI,Certificate,registry:exact:02_mabniyat/built_in_adverbs.json#13,Certificate,harf_vs_mabni
79,22,1,ثُمَّ,ثم,,أَدْبَرَ,HARF,ISM_MABNI,ISM_MABNI,Hypothesis,registry-exact-hypothesis:exact:02_mabniyat/built_in_adverbs,Hypothesis,harf_vs_mabni
79,43,3,مِنْ,من,أَنْتَ,ذِكْرَاهَا,ISM_MAWSOOL,HARF,HARF,Hypothesis,registry-exact-hypothesis:exact:02_mabniyat/preposition_mean,Hypothesis,ISM_MAWSOOL_to_HARF
79,46,9,ضُحَاهَا,ضحاها,أَوْ,,HARF,ISM_MUARAB,,Certificate,MASAQ:75761,Certificate,HARF_to_ISM_MUARAB
80,7,1,وَمَا,وما,,عَلَيْكَ,HARF,ISM_MAWSOOL,ISM_MAWSOOL|ISM_MABNI|HARF,Certificate,MASAQ:51,Certificate,harf_vs_mawsool
80,7,2,عَلَيْكَ,عليك,وَمَا,أَلَّا,HARF,ISM_MABNI,ISM_MABNI|FIIL,Hypothesis,registry-exact-hypothesis:exact:02_mabniyat/verb_name.json#8,Hypothesis,harf_vs_mabni
80,20,1,ثُمَّ,ثم,,السَّبِيلَ,HARF,ISM_MABNI,ISM_MABNI,Hypothesis,registry-exact-hypothesis:exact:02_mabniyat/built_in_adverbs,Hypothesis,harf_vs_mabni
80,21,1,ثُمَّ,ثم,,أَمَاتَهُ,HARF,ISM_MABNI,ISM_MABNI,Hypothesis,registry-exact-hypothesis:exact:02_mabniyat/built_in_adverbs,Hypothesis,harf_vs_mabni
80,22,1,ثُمَّ,ثم,,إِذَا,HARF,ISM_MABNI,ISM_MABNI,Hypothesis,registry-exact-hypothesis:exact:02_mabniyat/built_in_adverbs,Hypothesis,harf_vs_mabni
80,22,2,إِذَا,إذا,ثُمَّ,شَاءَ,HARF,ISM_MABNI,ISM_MABNI,Certificate,registry:exact:02_mabniyat/built_in_adverbs.json#21,Certificate,harf_vs_mabni
80,23,2,لَمَّا,لما,كَلَّا,يَقْضِ,HARF,ISM_MABNI,ISM_MABNI|HARF,Hypothesis,registry-exact-hypothesis:exact:02_mabniyat/conditional_lett,Hypothesis,harf_vs_mabni
80,26,1,ثُمَّ,ثم,,شَقَقْنَا,HARF,ISM_MABNI,ISM_MABNI,Hypothesis,registry-exact-hypothesis:exact:02_mabniyat/built_in_adverbs,Hypothesis,harf_vs_mabni
81,1,1,إِذَا,إذا,,الشَّمْسُ,HARF,ISM_MABNI,ISM_MABNI,Certificate,registry:exact:02_mabniyat/built_in_adverbs.json#21,Certificate,harf_vs_mabni
81,17,2,إِذَا,إذا,وَاللَّيْلِ,عَسْعَسَ,HARF,ISM_MABNI,ISM_MABNI,Certificate,registry:exact:02_mabniyat/built_in_adverbs.json#21,Certificate,harf_vs_mabni
81,18,2,إِذَا,إذا,وَالصُّبْحِ,تَنَفَّسَ,HARF,ISM_MABNI,ISM_MABNI,Certificate,registry:exact:02_mabniyat/built_in_adverbs.json#21,Certificate,harf_vs_mabni
81,21,2,ثَمَّ,ثم,مُطَاعٍ,أَمِينٍ,HARF,ISM_MABNI,ISM_MABNI,Hypothesis,registry-exact-hypothesis:exact:02_mabniyat/built_in_adverbs,Hypothesis,harf_vs_mabni
81,22,1,وَمَا,وما,,صَاحِبُكُمْ,HARF,ISM_MAWSOOL,ISM_MAWSOOL|ISM_MABNI|HARF,Certificate,MASAQ:51,Certificate,harf_vs_mawsool
81,24,1,وَمَا,وما,,هُوَ,HARF,ISM_MAWSOOL,ISM_MAWSOOL|ISM_MABNI|HARF,Certificate,MASAQ:51,Certificate,harf_vs_mawsool
81,25,1,وَمَا,وما,,هُوَ,HARF,ISM_MAWSOOL,ISM_MAWSOOL|ISM_MABNI|HARF,Certificate,MASAQ:51,Certificate,harf_vs_mawsool
81,29,1,وَمَا,وما,,تَشَاءُونَ,HARF,ISM_MAWSOOL,ISM_MAWSOOL|ISM_MABNI|HARF,Certificate,MASAQ:51,Certificate,harf_vs_mawsool
81,29,7,رَبُّ,رب,اللَّهُ,الْعَالَمِينَ,ISM_MUARAB,HARF,HARF,Certificate,registry:plain:02_mabniyat/preposition_meanings.json#40,Certificate,ISM_MUARAB_to_HARF
82,1,1,إِذَا,إذا,,السَّمَاءُ,HARF,ISM_MABNI,ISM_MABNI,Certificate,registry:exact:02_mabniyat/built_in_adverbs.json#21,Certificate,harf_vs_mabni
82,6,6,الْكَرِيمِ,الكريم,بِرَبِّكَ,,JAMID,ISM_MUARAB,,Certificate,MASAQ:45123,Certificate,proper_misclassified
82,16,1,وَمَا,وما,,هُمْ,HARF,ISM_MAWSOOL,ISM_MAWSOOL|ISM_MABNI|HARF,Certificate,MASAQ:51,Certificate,harf_vs_mawsool
82,17,4,يَوْمُ,يوم,مَا,الدِّينِ,ISM_MUARAB,HARF,,Certificate,MASAQ:16239,Certificate,ISM_MUARAB_to_HARF
82,18,1,ثُمَّ,ثم,,مَا,HARF,ISM_MABNI,ISM_MABNI,Hypothesis,registry-exact-hypothesis:exact:02_mabniyat/built_in_adverbs,Hypothesis,harf_vs_mabni
82,18,5,يَوْمُ,يوم,مَا,الدِّينِ,ISM_MUARAB,HARF,,Certificate,MASAQ:16239,Certificate,ISM_MUARAB_to_HARF
83,2,2,إِذَا,إذا,الَّذِينَ,اكْتَالُوا,HARF,ISM_MABNI,ISM_MABNI,Certificate,registry:exact:02_mabniyat/built_in_adverbs.json#21,Certificate,harf_vs_mabni
83,12,1,وَمَا,وما,,يُكَذِّبُ,HARF,ISM_MAWSOOL,ISM_MAWSOOL|ISM_MABNI|HARF,Certificate,MASAQ:51,Certificate,harf_vs_mawsool
83,13,1,إِذَا,إذا,,تُتْلَى,HARF,ISM_MABNI,ISM_MABNI,Certificate,registry:exact:02_mabniyat/built_in_adverbs.json#21,Certificate,harf_vs_mabni
83,16,1,ثُمَّ,ثم,,إِنَّهُمْ,HARF,ISM_MABNI,ISM_MABNI,Hypothesis,registry-exact-hypothesis:exact:02_mabniyat/built_in_adverbs,Hypothesis,harf_vs_mabni
83,17,1,ثُمَّ,ثم,,يُقَالُ,HARF,ISM_MABNI,ISM_MABNI,Hypothesis,registry-exact-hypothesis:exact:02_mabniyat/built_in_adverbs,Hypothesis,harf_vs_mabni
83,33,1,وَمَا,وما,,أُرْسِلُوا,HARF,ISM_MAWSOOL,ISM_MAWSOOL|ISM_MABNI|HARF,Certificate,MASAQ:51,Certificate,harf_vs_mawsool
84,1,1,إِذَا,إذا,,السَّمَاءُ,HARF,ISM_MABNI,ISM_MABNI,Certificate,registry:exact:02_mabniyat/built_in_adverbs.json#21,Certificate,harf_vs_mabni
84,14,2,ظَنَّ,ظن,إِنَّهُ,أَنْ,FIIL,ISM_MUARAB,,Certificate,MASAQ:8761,Certificate,verb_misread_as_noun
84,18,2,إِذَا,إذا,وَالْقَمَرِ,اتَّسَقَ,HARF,ISM_MABNI,ISM_MABNI,Certificate,registry:exact:02_mabniyat/built_in_adverbs.json#21,Certificate,harf_vs_mabni
84,23,2,أَعْلَمُ,أعلم,وَاللَّهُ,بِمَا,ISM_MUARAB,FIIL,,Certificate,MASAQ:477,Certificate,noun_misread_as_verb
85,1,2,ذَاتِ,ذات,وَالسَّمَاءِ,الْبُرُوجِ,ISM_MUARAB,ISM_MAWSOOL,ISM_MAWSOOL,Certificate,registry:plain:02_mabniyat/relative_pronouns.json#19,Certificate,ISM_MUARAB_to_ISM_MAWSOOL
85,5,2,ذَاتِ,ذات,النَّارِ,الْوَقُودِ,ISM_MUARAB,ISM_MAWSOOL,ISM_MAWSOOL,Certificate,registry:plain:02_mabniyat/relative_pronouns.json#19,Certificate,ISM_MUARAB_to_ISM_MAWSOOL
85,6,1,إِذْ,إذ,,هُمْ,HARF,ISM_MABNI,ISM_MABNI,Certificate,registry:exact:02_mabniyat/built_in_adverbs.json#13,Certificate,harf_vs_mabni
85,8,1,وَمَا,وما,,نَقَمُوا,HARF,ISM_MAWSOOL,ISM_MAWSOOL|ISM_MABNI|HARF,Certificate,MASAQ:51,Certificate,harf_vs_mawsool
85,10,6,ثُمَّ,ثم,وَالْمُؤْمِنَاتِ,لَمْ,HARF,ISM_MABNI,ISM_MABNI,Hypothesis,registry-exact-hypothesis:exact:02_mabniyat/built_in_adverbs,Hypothesis,harf_vs_mabni
86,4,4,لَمَّا,لما,نَفْسٍ,عَلَيْهَا,HARF,ISM_MABNI,ISM_MABNI|HARF,Hypothesis,registry-exact-hypothesis:exact:02_mabniyat/conditional_lett,Hypothesis,harf_vs_mabni
86,11,2,ذَاتِ,ذات,وَالسَّمَاءِ,الرَّجْعِ,ISM_MUARAB,ISM_MAWSOOL,ISM_MAWSOOL,Certificate,registry:plain:02_mabniyat/relative_pronouns.json#19,Certificate,ISM_MUARAB_to_ISM_MAWSOOL
86,12,2,ذَاتِ,ذات,وَالْأَرْضِ,الصَّدْعِ,ISM_MUARAB,ISM_MAWSOOL,ISM_MAWSOOL,Certificate,registry:plain:02_mabniyat/relative_pronouns.json#19,Certificate,ISM_MUARAB_to_ISM_MAWSOOL
87,13,1,ثُمَّ,ثم,,لَا,HARF,ISM_MABNI,ISM_MABNI,Hypothesis,registry-exact-hypothesis:exact:02_mabniyat/built_in_adverbs,Hypothesis,harf_vs_mabni
87,13,6,يَحْيَى,يحيى,وَلَا,,FIIL,JAMID,,Certificate,MASAQ:39372,Certificate,FIIL_to_JAMID
87,14,1,قَدْ,قد,,أَفْلَحَ,HARF,ISM_MABNI,ISM_MABNI|FIIL,Hypothesis,registry-exact-hypothesis:exact:02_mabniyat/verb_name.json#9,Hypothesis,harf_vs_mabni
88,26,1,ثُمَّ,ثم,,إِنَّ,HARF,ISM_MABNI,ISM_MABNI,Hypothesis,registry-exact-hypothesis:exact:02_mabniyat/built_in_adverbs,Hypothesis,harf_vs_mabni
89,4,2,إِذَا,إذا,وَاللَّيْلِ,يَسْرِ,HARF,ISM_MABNI,ISM_MABNI,Certificate,registry:exact:02_mabniyat/built_in_adverbs.json#21,Certificate,harf_vs_mabni
89,7,2,ذَاتِ,ذات,إِرَمَ,الْعِمَادِ,ISM_MUARAB,ISM_MAWSOOL,ISM_MAWSOOL,Certificate,registry:plain:02_mabniyat/relative_pronouns.json#19,Certificate,ISM_MUARAB_to_ISM_MAWSOOL
89,15,3,إِذَا,إذا,الْإِنْسَانُ,مَا,HARF,ISM_MABNI,ISM_MABNI,Certificate,registry:exact:02_mabniyat/built_in_adverbs.json#21,Certificate,harf_vs_mabni
89,16,2,إِذَا,إذا,وَأَمَّا,مَا,HARF,ISM_MABNI,ISM_MABNI,Certificate,registry:exact:02_mabniyat/built_in_adverbs.json#21,Certificate,harf_vs_mabni
89,21,2,إِذَا,إذا,كَلَّا,دُكَّتِ,HARF,ISM_MABNI,ISM_MABNI,Certificate,registry:exact:02_mabniyat/built_in_adverbs.json#21,Certificate,harf_vs_mabni
89,23,3,بِجَهَنَّمَ,بجهنم,يَوْمَئِذٍ,يَوْمَئِذٍ,ISM_MUARAB,JAMID,,Certificate,jamid_detector,Certificate,ISM_MUARAB_to_JAMID
90,3,3,وَلَدَ,ولد,وَمَا,,ISM_MUARAB,FIIL,,Certificate,MASAQ:58429,Certificate,noun_misread_as_verb
90,17,1,ثُمَّ,ثم,,كَانَ,HARF,ISM_MABNI,ISM_MABNI,Hypothesis,registry-exact-hypothesis:exact:02_mabniyat/built_in_adverbs,Hypothesis,harf_vs_mabni
91,2,2,إِذَا,إذا,وَالْقَمَرِ,تَلَاهَا,HARF,ISM_MABNI,ISM_MABNI,Certificate,registry:exact:02_mabniyat/built_in_adverbs.json#21,Certificate,harf_vs_mabni
91,3,2,إِذَا,إذا,وَالنَّهَارِ,جَلَّاهَا,HARF,ISM_MABNI,ISM_MABNI,Certificate,registry:exact:02_mabniyat/built_in_adverbs.json#21,Certificate,harf_vs_mabni
91,4,2,إِذَا,إذا,وَاللَّيْلِ,يَغْشَاهَا,HARF,ISM_MABNI,ISM_MABNI,Certificate,registry:exact:02_mabniyat/built_in_adverbs.json#21,Certificate,harf_vs_mabni
91,9,1,قَدْ,قد,,أَفْلَحَ,HARF,ISM_MABNI,ISM_MABNI|FIIL,Hypothesis,registry-exact-hypothesis:exact:02_mabniyat/verb_name.json#9,Hypothesis,harf_vs_mabni
91,12,1,إِذِ,إذ,,انْبَعَثَ,HARF,ISM_MABNI,ISM_MABNI,Certificate,registry:plain:02_mabniyat/built_in_adverbs.json#13,Certificate,harf_vs_mabni
92,1,2,إِذَا,إذا,وَاللَّيْلِ,يَغْشَى,HARF,ISM_MABNI,ISM_MABNI,Certificate,registry:exact:02_mabniyat/built_in_adverbs.json#21,Certificate,harf_vs_mabni
92,2,2,إِذَا,إذا,وَالنَّهَارِ,تَجَلَّى,HARF,ISM_MABNI,ISM_MABNI,Certificate,registry:exact:02_mabniyat/built_in_adverbs.json#21,Certificate,harf_vs_mabni
92,3,1,وَمَا,وما,,خَلَقَ,HARF,ISM_MAWSOOL,ISM_MAWSOOL|ISM_MABNI|HARF,Certificate,MASAQ:51,Certificate,harf_vs_mawsool
92,11,1,وَمَا,وما,,يُغْنِي,HARF,ISM_MAWSOOL,ISM_MAWSOOL|ISM_MABNI|HARF,Certificate,MASAQ:51,Certificate,harf_vs_mawsool
92,11,5,إِذَا,إذا,مَالُهُ,تَرَدَّى,HARF,ISM_MABNI,ISM_MABNI,Certificate,registry:exact:02_mabniyat/built_in_adverbs.json#21,Certificate,harf_vs_mabni
92,19,1,وَمَا,وما,,لِأَحَدٍ,HARF,ISM_MAWSOOL,ISM_MAWSOOL|ISM_MABNI|HARF,Certificate,MASAQ:51,Certificate,harf_vs_mawsool
93,2,2,إِذَا,إذا,وَاللَّيْلِ,سَجَى,HARF,ISM_MABNI,ISM_MABNI,Certificate,registry:exact:02_mabniyat/built_in_adverbs.json#21,Certificate,harf_vs_mabni
93,3,1,مَا,ما,,وَدَّعَكَ,HARF,ISM_MAWSOOL,ISM_MAWSOOL|ISM_MABNI|HARF,Hypothesis,registry-exact-hypothesis:exact:02_mabniyat/relative_pronoun,Hypothesis,harf_vs_mawsool
93,3,4,وَمَا,وما,رَبُّكَ,قَلَى,HARF,ISM_MAWSOOL,ISM_MAWSOOL|ISM_MABNI|HARF,Certificate,MASAQ:51,Certificate,harf_vs_mawsool
95,5,1,ثُمَّ,ثم,,رَدَدْنَاهُ,HARF,ISM_MABNI,ISM_MABNI,Hypothesis,registry-exact-hypothesis:exact:02_mabniyat/built_in_adverbs,Hypothesis,harf_vs_mabni
95,7,3,بَعْدُ,بعد,يُكَذِّبُكَ,بِالدِّينِ,HARF,ISM_MUARAB,,Certificate,MASAQ:4468,Certificate,HARF_to_ISM_MUARAB
96,10,2,إِذَا,إذا,عَبْدَاً,صَلَّى,HARF,ISM_MABNI,ISM_MABNI,Certificate,registry:exact:02_mabniyat/built_in_adverbs.json#21,Certificate,harf_vs_mabni
98,4,1,وَمَا,وما,,تَفَرَّقَ,HARF,ISM_MAWSOOL,ISM_MAWSOOL|ISM_MABNI|HARF,Certificate,MASAQ:51,Certificate,harf_vs_mawsool
98,5,1,وَمَا,وما,,أُمِرُوا,HARF,ISM_MAWSOOL,ISM_MAWSOOL|ISM_MABNI|HARF,Certificate,MASAQ:51,Certificate,harf_vs_mawsool
99,1,1,إِذَا,إذا,,زُلْزِلَتِ,HARF,ISM_MABNI,ISM_MABNI,Certificate,registry:exact:02_mabniyat/built_in_adverbs.json#21,Certificate,harf_vs_mabni
100,9,3,إِذَا,إذا,يَعْلَمُ,بُعْثِرَ,HARF,ISM_MABNI,ISM_MABNI,Certificate,registry:exact:02_mabniyat/built_in_adverbs.json#21,Certificate,harf_vs_mabni
102,4,1,ثُمَّ,ثم,,كَلَّا,HARF,ISM_MABNI,ISM_MABNI,Hypothesis,registry-exact-hypothesis:exact:02_mabniyat/built_in_adverbs,Hypothesis,harf_vs_mabni
102,7,1,ثُمَّ,ثم,,لَتَرَوُنَّهَا,HARF,ISM_MABNI,ISM_MABNI,Hypothesis,registry-exact-hypothesis:exact:02_mabniyat/built_in_adverbs,Hypothesis,harf_vs_mabni
102,8,1,ثُمَّ,ثم,,لَتُسْأَلُنَّ,HARF,ISM_MABNI,ISM_MABNI,Hypothesis,registry-exact-hypothesis:exact:02_mabniyat/built_in_adverbs,Hypothesis,harf_vs_mabni
106,3,2,رَبَّ,رب,فَلْيَعْبُدُوا,هَذَا,ISM_MUARAB,HARF,HARF,Certificate,registry:plain:02_mabniyat/preposition_meanings.json#40,Certificate,ISM_MUARAB_to_HARF
109,6,3,وَلِيَ,ولي,دِينُكُمْ,دِينِ,HARF,ISM_MUARAB,ISM_MABNI,Certificate,MASAQ:40424,Certificate,HARF_to_ISM_MUARAB
110,1,1,إِذَا,إذا,,جَاءَ,HARF,ISM_MABNI,ISM_MABNI,Certificate,registry:exact:02_mabniyat/built_in_adverbs.json#21,Certificate,harf_vs_mabni
111,2,1,مَا,ما,,أَغْنَى,HARF,ISM_MAWSOOL,ISM_MAWSOOL|ISM_MABNI|HARF,Hypothesis,registry-exact-hypothesis:exact:02_mabniyat/relative_pronoun,Hypothesis,harf_vs_mawsool
111,3,3,ذَاتَ,ذات,نَارَاً,لَهَبٍ,ISM_MUARAB,ISM_MAWSOOL,ISM_MAWSOOL,Certificate,registry:plain:02_mabniyat/relative_pronouns.json#19,Certificate,ISM_MUARAB_to_ISM_MAWSOOL
113,3,4,إِذَا,إذا,غَاسِقٍ,وَقَبَ,HARF,ISM_MABNI,ISM_MABNI,Certificate,registry:exact:02_mabniyat/built_in_adverbs.json#21,Certificate,harf_vs_mabni
113,5,4,إِذَا,إذا,حَاسِدٍ,حَسَدَ,HARF,ISM_MABNI,ISM_MABNI,Certificate,registry:exact:02_mabniyat/built_in_adverbs.json#21,Certificate,harf_vs_mabni
1,2,3,رَبِّ,رب,لِلَّهِ,الْعَالَمِينَ,ISM_MUARAB,HARF,HARF,Certificate,registry:plain:02_mabniyat/preposition_meanings.json#40,Certificate,ISM_MUARAB_to_HARF
2,8,9,وَمَا,وما,الْآخِرِ,هُمْ,HARF,ISM_MAWSOOL,ISM_MAWSOOL|ISM_MABNI|HARF,Certificate,MASAQ:51,Certificate,harf_vs_mawsool
2,9,5,وَمَا,وما,آمَنُوا,يَخْدَعُونَ,HARF,ISM_MAWSOOL,ISM_MAWSOOL|ISM_MABNI|HARF,Certificate,MASAQ:51,Certificate,harf_vs_mawsool
2,9,9,وَمَا,وما,أَنْفُسَهُمْ,يَشْعُرُونَ,HARF,ISM_MAWSOOL,ISM_MAWSOOL|ISM_MABNI|HARF,Certificate,MASAQ:51,Certificate,harf_vs_mawsool
2,16,9,وَمَا,وما,تِجَارَتُهُمْ,كَانُوا,HARF,ISM_MAWSOOL,ISM_MAWSOOL|ISM_MABNI|HARF,Certificate,MASAQ:51,Certificate,harf_vs_mawsool
2,20,5,كُلَّمَا,كلما,أَبْصَارَهُمْ,أَضَاءَ,ISM_MUARAB,ISM_MABNI,ISM_MABNI,Certificate,registry:exact:02_mabniyat/conditional_letters_tools.json#17,Certificate,ISM_MUARAB_to_ISM_MABNI
2,25,13,كُلَّمَا,كلما,الْأَنْهَارُ,رُزِقُوا,ISM_MUARAB,ISM_MABNI,ISM_MABNI,Certificate,registry:exact:02_mabniyat/conditional_letters_tools.json#17,Certificate,ISM_MUARAB_to_ISM_MABNI
2,26,24,مَاذَا,ماذا,فَيَقُولُونَ,أَرَادَ,HARF,ISM_MABNI,ISM_MABNI,Certificate,registry:plain:02_mabniyat/interrogative_tools_categories.js,Certificate,harf_vs_mabni
2,26,35,وَمَا,وما,كَثِيرَاً,يُضِلُّ,HARF,ISM_MAWSOOL,ISM_MAWSOOL|ISM_MABNI|HARF,Certificate,MASAQ:51,Certificate,harf_vs_mawsool
2,28,7,ثُمَّ,ثم,فَأَحْيَاكُمْ,يُمِيتُكُمْ,HARF,ISM_MABNI,ISM_MABNI,Hypothesis,registry-exact-hypothesis:exact:02_mabniyat/built_in_adverbs,Hypothesis,harf_vs_mabni
2,28,9,ثُمَّ,ثم,يُمِيتُكُمْ,يُحْيِيكُمْ,HARF,ISM_MABNI,ISM_MABNI,Hypothesis,registry-exact-hypothesis:exact:02_mabniyat/built_in_adverbs,Hypothesis,harf_vs_mabni
2,28,11,ثُمَّ,ثم,يُحْيِيكُمْ,إِلَيْهِ,HARF,ISM_MABNI,ISM_MABNI,Hypothesis,registry-exact-hypothesis:exact:02_mabniyat/built_in_adverbs,Hypothesis,harf_vs_mabni
2,29,9,ثُمَّ,ثم,جَمِيعَاً,اسْتَوَى,HARF,ISM_MABNI,ISM_MABNI,Hypothesis,registry-exact-hypothesis:exact:02_mabniyat/built_in_adverbs,Hypothesis,harf_vs_mabni
2,31,5,ثُمَّ,ثم,كُلَّهَا,عَرَضَهُمْ,HARF,ISM_MABNI,ISM_MABNI,Hypothesis,registry-exact-hypothesis:exact:02_mabniyat/built_in_adverbs,Hypothesis,harf_vs_mabni
2,33,20,وَمَا,وما,تُبْدُونَ,كُنْتُمْ,HARF,ISM_MAWSOOL,ISM_MAWSOOL|ISM_MABNI|HARF,Certificate,MASAQ:51,Certificate,harf_vs_mawsool
2,35,10,حَيْثُ,حيث,رَغَدَاً,شِئْتُمَا,HARF,ISM_MABNI,ISM_MABNI,Certificate,registry:exact:02_mabniyat/built_in_adverbs.json#1,Certificate,harf_vs_mabni
2,51,6,ثُمَّ,ثم,لَيْلَةً,اتَّخَذْتُمُ,HARF,ISM_MABNI,ISM_MABNI,Hypothesis,registry-exact-hypothesis:exact:02_mabniyat/built_in_adverbs,Hypothesis,harf_vs_mabni
2,52,1,ثُمَّ,ثم,,عَفَوْنَا,HARF,ISM_MABNI,ISM_MABNI,Hypothesis,registry-exact-hypothesis:exact:02_mabniyat/built_in_adverbs,Hypothesis,harf_vs_mabni
2,56,1,ثُمَّ,ثم,,بَعَثْنَاكُمْ,HARF,ISM_MABNI,ISM_MABNI,Hypothesis,registry-exact-hypothesis:exact:02_mabniyat/built_in_adverbs,Hypothesis,harf_vs_mabni
2,57,13,وَمَا,وما,رَزَقْنَاكُمْ,ظَلَمُونَا,HARF,ISM_MAWSOOL,ISM_MAWSOOL|ISM_MABNI|HARF,Certificate,MASAQ:51,Certificate,harf_vs_mawsool
2,58,8,حَيْثُ,حيث,مِنْهَا,شِئْتُمْ,HARF,ISM_MABNI,ISM_MABNI,Certificate,registry:exact:02_mabniyat/built_in_adverbs.json#1,Certificate,harf_vs_mabni
2,60,14,قَدْ,قد,عَيْنَاً,عَلِمَ,HARF,ISM_MABNI,ISM_MABNI|FIIL,Hypothesis,registry-exact-hypothesis:exact:02_mabniyat/verb_name.json#9,Hypothesis,harf_vs_mabni
2,64,1,ثُمَّ,ثم,,تَوَلَّيْتُمْ,HARF,ISM_MABNI,ISM_MABNI,Hypothesis,registry-exact-hypothesis:exact:02_mabniyat/built_in_adverbs,Hypothesis,harf_vs_mabni
2,71,18,الْآنَ,الآن,قَالُوا,جِئْتَ,HARF,ISM_MABNI,ISM_MABNI,Certificate,registry:plain:02_mabniyat/built_in_adverbs.json#4,Certificate,harf_vs_mabni
2,71,22,وَمَا,وما,فَذَبَحُوهَا,كَادُوا,HARF,ISM_MAWSOOL,ISM_MAWSOOL|ISM_MABNI|HARF,Certificate,MASAQ:51,Certificate,harf_vs_mawsool
2,74,1,ثُمَّ,ثم,,قَسَتْ,HARF,ISM_MABNI,ISM_MABNI,Hypothesis,registry-exact-hypothesis:exact:02_mabniyat/built_in_adverbs,Hypothesis,harf_vs_mabni
2,74,33,وَمَا,وما,اللَّهِ,اللَّهُ,HARF,ISM_MAWSOOL,ISM_MAWSOOL|ISM_MABNI|HARF,Certificate,MASAQ:51,Certificate,harf_vs_mawsool
2,75,12,ثُمَّ,ثم,اللَّهِ,يُحَرِّفُونَهُ,HARF,ISM_MABNI,ISM_MABNI,Hypothesis,registry-exact-hypothesis:exact:02_mabniyat/built_in_adverbs,Hypothesis,harf_vs_mabni
2,76,8,خَلَا,خلا,وَإِذَا,بَعْضُهُمْ,FIIL,HARF,HARF,Certificate,registry:exact:02_mabniyat/preposition_meanings.json#50,Certificate,FIIL_to_HARF
2,79,6,ثُمَّ,ثم,بِأَيْدِيهِمْ,يَقُولُونَ,HARF,ISM_MABNI,ISM_MABNI,Hypothesis,registry-exact-hypothesis:exact:02_mabniyat/built_in_adverbs,Hypothesis,harf_vs_mabni
2,83,23,ثُمَّ,ثم,الزَّكَاةَ,تَوَلَّيْتُمْ,HARF,ISM_MABNI,ISM_MABNI,Hypothesis,registry-exact-hypothesis:exact:02_mabniyat/built_in_adverbs,Hypothesis,harf_vs_mabni
2,84,12,ثُمَّ,ثم,دِيَارِكُمْ,أَقْرَرْتُمْ,HARF,ISM_MABNI,ISM_MABNI,Hypothesis,registry-exact-hypothesis:exact:02_mabniyat/built_in_adverbs,Hypothesis,harf_vs_mabni
2,85,1,ثُمَّ,ثم,,أَنْتُمْ,HARF,ISM_MABNI,ISM_MABNI,Hypothesis,registry-exact-hypothesis:exact:02_mabniyat/built_in_adverbs,Hypothesis,harf_vs_mabni
2,85,45,وَمَا,وما,الْعَذَابِ,اللَّهُ,HARF,ISM_MAWSOOL,ISM_MAWSOOL|ISM_MABNI|HARF,Certificate,MASAQ:51,Certificate,harf_vs_mawsool
2,92,5,ثُمَّ,ثم,بِالْبَيِّنَاتِ,اتَّخَذْتُمُ,HARF,ISM_MABNI,ISM_MABNI,Hypothesis,registry-exact-hypothesis:exact:02_mabniyat/built_in_adverbs,Hypothesis,harf_vs_mabni
2,96,15,وَمَا,وما,سَنَةٍ,هُوَ,HARF,ISM_MAWSOOL,ISM_MAWSOOL|ISM_MABNI|HARF,Certificate,MASAQ:51,Certificate,harf_vs_mawsool
2,97,2,مَنْ,من,قُلْ,كَانَ,HARF,ISM_MAWSOOL,ISM_MAWSOOL|ISM_MABNI|HARF,Hypothesis,registry-exact-hypothesis:exact:02_mabniyat/relative_pronoun,Hypothesis,harf_vs_mawsool
2,98,1,مَنْ,من,,كَانَ,HARF,ISM_MAWSOOL,ISM_MAWSOOL|ISM_MABNI|HARF,Hypothesis,registry-exact-hypothesis:exact:02_mabniyat/relative_pronoun,Hypothesis,harf_vs_mawsool
2,99,6,وَمَا,وما,بَيِّنَاتٍ,يَكْفُرُ,HARF,ISM_MAWSOOL,ISM_MAWSOOL|ISM_MABNI|HARF,Certificate,MASAQ:51,Certificate,harf_vs_mawsool
2,102,8,وَمَا,وما,سُلَيْمَانَ,كَفَرَ,HARF,ISM_MAWSOOL,ISM_MAWSOOL|ISM_MABNI|HARF,Certificate,MASAQ:51,Certificate,harf_vs_mawsool
2,102,17,وَمَا,وما,السِّحْرَ,أُنْزِلَ,HARF,ISM_MAWSOOL,ISM_MAWSOOL|ISM_MABNI|HARF,Certificate,MASAQ:51,Certificate,harf_vs_mawsool
2,102,24,وَمَا,وما,وَمَارُوتَ,يُعَلِّمَانِ,HARF,ISM_MAWSOOL,ISM_MAWSOOL|ISM_MABNI|HARF,Certificate,MASAQ:51,Certificate,harf_vs_mawsool
2,102,43,وَمَا,وما,وَزَوْجِهِ,هُمْ,HARF,ISM_MAWSOOL,ISM_MAWSOOL|ISM_MABNI|HARF,Certificate,MASAQ:51,Certificate,harf_vs_mawsool
2,102,61,مَا,ما,اشْتَرَاهُ,لَهُ,HARF,ISM_MAWSOOL,ISM_MAWSOOL|ISM_MABNI|HARF,Hypothesis,registry-exact-hypothesis:exact:02_mabniyat/relative_pronoun,Hypothesis,harf_vs_mawsool
2,105,1,مَا,ما,,يَوَدُّ,HARF,ISM_MAWSOOL,ISM_MAWSOOL|ISM_MABNI|HARF,Hypothesis,registry-exact-hypothesis:exact:02_mabniyat/relative_pronoun,Hypothesis,harf_vs_mawsool
2,106,1,مَا,ما,,نَنْسَخْ,HARF,ISM_MAWSOOL,ISM_MAWSOOL|ISM_MABNI|HARF,Hypothesis,registry-exact-hypothesis:exact:02_mabniyat/relative_pronoun,Hypothesis,harf_vs_mawsool
2,107,9,وَمَا,وما,وَالْأَرْضِ,لَكُمْ,HARF,ISM_MAWSOOL,ISM_MAWSOOL|ISM_MABNI|HARF,Certificate,MASAQ:51,Certificate,harf_vs_mawsool
2,112,2,مَنْ,من,بَلَى,أَسْلَمَ,HARF,ISM_MAWSOOL,ISM_MAWSOOL|ISM_MABNI|HARF,Hypothesis,registry-exact-hypothesis:exact:02_mabniyat/relative_pronoun,Hypothesis,harf_vs_mawsool
2,114,1,وَمَنْ,ومن,,أَظْلَمُ,ISM_MAWSOOL,HARF,ISM_MAWSOOL|ISM_MABNI|HARF,Certificate,MASAQ:1895,Certificate,ISM_MAWSOOL_to_HARF
2,114,15,مَا,ما,أُولَئِكَ,كَانَ,HARF,ISM_MAWSOOL,ISM_MAWSOOL|ISM_MABNI|HARF,Hypothesis,registry-exact-hypothesis:exact:02_mabniyat/relative_pronoun,Hypothesis,harf_vs_mawsool
2,118,20,قَدْ,قد,قُلُوبُهُمْ,بَيَّنَّا,HARF,ISM_MABNI,ISM_MABNI|FIIL,Hypothesis,registry-exact-hypothesis:exact:02_mabniyat/verb_name.json#9,Hypothesis,harf_vs_mabni
2,120,24,مَا,ما,الْعِلْمِ,لَكَ,HARF,ISM_MAWSOOL,ISM_MAWSOOL|ISM_MABNI|HARF,Hypothesis,registry-exact-hypothesis:exact:02_mabniyat/relative_pronoun,Hypothesis,harf_vs_mawsool
2,126,4,رَبِّ,رب,إِبْرَاهِيمُ,اجْعَلْ,ISM_MUARAB,HARF,HARF,Certificate,registry:plain:02_mabniyat/preposition_meanings.json#40,Certificate,ISM_MUARAB_to_HARF
2,126,24,ثُمَّ,ثم,قَلِيلَاً,أَضْطَرُّهُ,HARF,ISM_MABNI,ISM_MABNI,Hypothesis,registry-exact-hypothesis:exact:02_mabniyat/built_in_adverbs,Hypothesis,harf_vs_mabni
2,131,1,إِذْ,إذ,,قَالَ,HARF,ISM_MABNI,ISM_MABNI,Certificate,registry:exact:02_mabniyat/built_in_adverbs.json#13,Certificate,harf_vs_mabni
2,133,4,إِذْ,إذ,شُهَدَاءَ,حَضَرَ,HARF,ISM_MABNI,ISM_MABNI,Certificate,registry:exact:02_mabniyat/built_in_adverbs.json#13,Certificate,harf_vs_mabni
2,133,8,إِذْ,إذ,الْمَوْتُ,قَالَ,HARF,ISM_MABNI,ISM_MABNI,Certificate,registry:exact:02_mabniyat/built_in_adverbs.json#13,Certificate,harf_vs_mabni
2,134,3,قَدْ,قد,أُمَّةٌ,خَلَتْ,HARF,ISM_MABNI,ISM_MABNI|FIIL,Hypothesis,registry-exact-hypothesis:exact:02_mabniyat/verb_name.json#9,Hypothesis,harf_vs_mabni
2,140,15,أَعْلَمُ,أعلم,أَأَنْتُمْ,أَمِ,ISM_MUARAB,FIIL,,Certificate,MASAQ:477,Certificate,noun_misread_as_verb
2,140,18,وَمَنْ,ومن,اللَّهُ,أَظْلَمُ,ISM_MAWSOOL,HARF,ISM_MAWSOOL|ISM_MABNI|HARF,Certificate,MASAQ:1895,Certificate,ISM_MAWSOOL_to_HARF
2,140,26,وَمَا,وما,اللَّهِ,اللَّهُ,HARF,ISM_MAWSOOL,ISM_MAWSOOL|ISM_MABNI|HARF,Certificate,MASAQ:51,Certificate,harf_vs_mawsool
2,141,3,قَدْ,قد,أُمَّةٌ,خَلَتْ,HARF,ISM_MABNI,ISM_MABNI|FIIL,Hypothesis,registry-exact-hypothesis:exact:02_mabniyat/verb_name.json#9,Hypothesis,harf_vs_mabni
2,142,17,مَنْ,من,يَهْدِي,يَشَاءُ,HARF,ISM_MAWSOOL,ISM_MAWSOOL|ISM_MABNI|HARF,Hypothesis,registry-exact-hypothesis:exact:02_mabniyat/relative_pronoun,Hypothesis,harf_vs_mawsool
2,143,13,وَمَا,وما,شَهِيدَاً,جَعَلْنَا,HARF,ISM_MAWSOOL,ISM_MAWSOOL|ISM_MABNI|HARF,Certificate,MASAQ:51,Certificate,harf_vs_mawsool
2,143,21,مَنْ,من,لِنَعْلَمَ,يَتَّبِعُ,HARF,ISM_MAWSOOL,ISM_MAWSOOL|ISM_MABNI|HARF,Hypothesis,registry-exact-hypothesis:exact:02_mabniyat/relative_pronoun,Hypothesis,harf_vs_mawsool
2,143,36,وَمَا,وما,اللَّهُ,كَانَ,HARF,ISM_MAWSOOL,ISM_MAWSOOL|ISM_MABNI|HARF,Certificate,MASAQ:51,Certificate,harf_vs_mawsool
2,144,1,قَدْ,قد,,نَرَى,HARF,ISM_MABNI,ISM_MABNI|FIIL,Hypothesis,registry-exact-hypothesis:exact:02_mabniyat/verb_name.json#9,Hypothesis,harf_vs_mabni
2,144,30,وَمَا,وما,رَبِّهِمْ,اللَّهُ,HARF,ISM_MAWSOOL,ISM_MAWSOOL|ISM_MABNI|HARF,Certificate,MASAQ:51,Certificate,harf_vs_mawsool
2,145,8,مَا,ما,آيَةٍ,تَبِعُوا,HARF,ISM_MAWSOOL,ISM_MAWSOOL|ISM_MABNI|HARF,Hypothesis,registry-exact-hypothesis:exact:02_mabniyat/relative_pronoun,Hypothesis,harf_vs_mawsool
2,145,11,وَمَا,وما,قِبْلَتَكَ,أَنْتَ,HARF,ISM_MAWSOOL,ISM_MAWSOOL|ISM_MABNI|HARF,Certificate,MASAQ:51,Certificate,harf_vs_mawsool
2,145,15,وَمَا,وما,قِبْلَتَهُمْ,بَعْضُهُمْ,HARF,ISM_MAWSOOL,ISM_MAWSOOL|ISM_MABNI|HARF,Certificate,MASAQ:51,Certificate,harf_vs_mawsool
2,145,30,إِذَاً,إذا,إِنَّكَ,لَمِنَ,HARF,ISM_MABNI,ISM_MABNI,Certificate,registry:plain:02_mabniyat/built_in_adverbs.json#21,Certificate,harf_vs_mabni
2,149,2,حَيْثُ,حيث,وَمِنْ,خَرَجْتَ,HARF,ISM_MABNI,ISM_MABNI,Certificate,registry:exact:02_mabniyat/built_in_adverbs.json#1,Certificate,harf_vs_mabni
2,149,13,وَمَا,وما,رَبِّكَ,اللَّهُ,HARF,ISM_MAWSOOL,ISM_MAWSOOL|ISM_MABNI|HARF,Certificate,MASAQ:51,Certificate,harf_vs_mawsool
2,150,2,حَيْثُ,حيث,وَمِنْ,خَرَجْتَ,HARF,ISM_MABNI,ISM_MABNI,Certificate,registry:exact:02_mabniyat/built_in_adverbs.json#1,Certificate,harf_vs_mabni
2,156,2,إِذَا,إذا,الَّذِينَ,أَصَابَتْهُمْ,HARF,ISM_MABNI,ISM_MABNI,Certificate,registry:exact:02_mabniyat/built_in_adverbs.json#21,Certificate,harf_vs_mabni
2,164,17,وَمَا,وما,النَّاسَ,أَنْزَلَ,HARF,ISM_MAWSOOL,ISM_MAWSOOL|ISM_MABNI|HARF,Certificate,MASAQ:51,Certificate,harf_vs_mawsool
2,165,21,إِذْ,إذ,ظَلَمُوا,يَرَوْنَ,HARF,ISM_MABNI,ISM_MABNI,Certificate,registry:exact:02_mabniyat/built_in_adverbs.json#13,Certificate,harf_vs_mabni
2,166,1,إِذْ,إذ,,تَبَرَّأَ,HARF,ISM_MABNI,ISM_MABNI,Certificate,registry:exact:02_mabniyat/built_in_adverbs.json#13,Certificate,harf_vs_mabni
