root,word,count,reason
ءبو,ءَابَاءَكُم,3,weak_root
ءبو,ءَابَاءَنَا,10,weak_root
ءبو,ءَابَاءَهُم,3,weak_root
ءبو,ءَابَاءَهُمُ,1,weak_root
ءبو,ءَابَاءِ,1,weak_root
ءبو,ءَابَاءِي,1,weak_root
ءبو,ءَابَاؤُكُم,5,weak_root
ءبو,ءَابَاؤُنَا,9,weak_root
ءبو,ءَابَاؤُهُم,4,weak_root
ءبو,ءَابَائِكَ,1,weak_root
ءبو,ءَابَائِكُم,1,weak_root
ءبو,ءَابَائِكُمُ,3,weak_root
ءبو,ءَابَائِنَا,2,weak_root
ءبو,ءَابَائِهِم,3,weak_root
ءبو,ءَابَائِهِنَّ,2,weak_root
ءبو,أَبًا,1,weak_root
ءبو,أَبَا,1,weak_root
ءبو,أَبَاكُم,1,weak_root
ءبو,أَبَانَا,1,weak_root
ءبو,أَبَاهُ,1,weak_root
ءبو,أَبَاهُم,1,weak_root
ءبو,أَبَوَاهُ,2,weak_root
ءبو,أَبَوَيْكَ,1,weak_root
ءبو,أَبَوَيْكُم,1,weak_root
ءبو,أَبَوَيْهِ,2,weak_root
ءبو,أَبُوكِ,1,weak_root
ءبو,أَبُوهُم,2,weak_root
ءبو,أَبُوهُمَا,1,weak_root
ءبو,أَبِي,4,weak_root
ءبو,أَبِيكُم,4,weak_root
ءبو,أَبِينَا,1,weak_root
ءبو,أَبِيهِم,1,weak_root
ءبو,بِأَبَائِنَا,2,weak_root
ءبو,لأَبَائِهِم,2,weak_root
ءبو,لأَبِي,1,weak_root
ءبو,لأَبِيهِ,9,weak_root
ءبو,وَءَابَاءَهُم,3,weak_root
ءبو,وَءَابَاؤُكُم,4,weak_root
ءبو,وَءَابَاؤُكُمُ,1,weak_root
ءبو,وَءَابَاؤُنَا,3,weak_root
ءبو,وَأَبُونَا,1,weak_root
ءبو,وَأَبِيهِ,1,weak_root
ءبو,وَلأَبَوَيْهِ,1,weak_root
ءبو,يَاأَبَانَا,6,weak_root
ءبو,يَاأَبَتِ,8,weak_root
ءبي,أَبَى,3,weak_root
ءبي,فَأَبَوْا,1,weak_root
ءبي,فَأَبَى,3,weak_root
ءبي,فَأَبَيْنَ,1,weak_root
ءبي,وَأَبَى,1,weak_root
ءبي,وَتَأْبَى,1,weak_root
ءبي,وَيَأْبَى,1,weak_root
ءبي,يَأْبَ,2,weak_root
ءتي,ءَاتَاكَ,1,weak_root
ءتي,ءَاتَاكُم,5,weak_root
ءتي,ءَاتَاكُمُ,1,weak_root
ءتي,ءَاتَانَا,1,weak_root
ءتي,ءَاتَانِ,1,weak_root
ءتي,ءَاتَانِيَ,1,weak_root
ءتي,ءَاتَاهَا,1,weak_root
ءتي,ءَاتَاهُ,2,weak_root
ءتي,ءَاتَاهُم,3,weak_root
ءتي,ءَاتَاهُمَا,2,weak_root
ءتي,ءَاتَاهُمُ,5,weak_root
ءتي,ءَاتَت,1,weak_root
ءتي,ءَاتَوْا,1,weak_root
ءتي,ءَاتَوْهُ,1,weak_root
ءتي,ءَاتَيْتَ,2,weak_root
ءتي,ءَاتَيْتَنَا,1,weak_root
ءتي,ءَاتَيْتَنِي,1,weak_root
ءتي,ءَاتَيْتَهُنَّ,1,weak_root
ءتي,ءَاتَيْتُكَ,1,weak_root
ءتي,ءَاتَيْتُكُم,1,weak_root
ءتي,ءَاتَيْتُم,3,weak_root
ءتي,ءَاتَيْتُمُوهُنَّ,4,weak_root
ءتي,ءَاتَيْنَا,19,weak_root
ءتي,ءَاتَيْنَاكَ,2,weak_root
ءتي,ءَاتَيْنَاكُم,3,weak_root
ءتي,ءَاتَيْنَاهَا,1,weak_root
ءتي,ءَاتَيْنَاهُ,5,weak_root
ءتي,ءَاتَيْنَاهُم,8,weak_root
ءتي,ءَاتَيْنَاهُمُ,8,weak_root
ءتي,ءَاتُونِي,2,weak_root
ءتي,ءَاتِنَا,4,weak_root
ءتي,ءَاتِهِم,1,weak_root
ءتي,ءَاتِي,1,weak_root
ءتي,ءَاتِيكَ,2,weak_root
ءتي,ءَاتِيكُم,4,weak_root
ءتي,ءَاتِيهِ,1,weak_root
ءتي,ءَاتِيهِم,1,weak_root
ءتي,ءَاتِيَةٌ,2,weak_root
ءتي,أَتَأْتُونَ,3,weak_root
ءتي,أَتَاكَ,6,weak_root
ءتي,أَتَاكُم,3,weak_root
ءتي,أَتَانَا,1,weak_root
ءتي,أَتَاهَا,3,weak_root
ءتي,أَتَاهُم,5,weak_root
ءتي,أَتَت,1,weak_root
ءخذ,خُذ,1,alignment_failed
ءخذ,خُذُوا,5,alignment_failed
ءخذ,خُذُوهُ,2,alignment_failed
ءخذ,خُذِ,2,alignment_failed
ءخذ,خُذْهَا,1,alignment_failed
ءخذ,فَخُذ,3,alignment_failed
ءخذ,فَخُذُوهُ,2,alignment_failed
ءخذ,فَخُذُوهُم,2,alignment_failed
ءخذ,فَخُذْهَا,1,alignment_failed
ءخو,أَخٌ,2,weak_root
ءخو,أَخَا,1,weak_root
ءخو,أَخَانَا,2,weak_root
ءخو,أَخَاهُ,4,weak_root
ءخو,أَخَاهُم,8,weak_root
ءخو,أَخَوَاتِكُم,1,weak_root
ءخو,أَخَوَاتِهِنَّ,2,weak_root
ءخو,أَخَوَيْكُم,1,weak_root
ءخو,أَخُوكَ,1,weak_root
ءخو,أَخُوهُم,4,weak_root
ءخو,أَخِي,4,weak_root
ءخو,أَخِيهِ,10,weak_root
ءخو,أُخْتٌ,2,weak_root
ءخو,أُخْتَهَا,1,weak_root
ءخو,أُخْتُكَ,1,weak_root
ءخو,أُخْتِهَا,1,weak_root
ءخو,إِخْوَانًا,2,weak_root
ءخو,إِخْوَانَ,1,weak_root
ءخو,إِخْوَانَهُم,1,weak_root
ءخو,إِخْوَانِكُم,1,weak_root
ءخو,إِخْوَانِهِنَّ,4,weak_root
ءخو,إِخْوَةً,1,weak_root
ءخو,إِخْوَةٌ,2,weak_root
ءخو,إِخْوَةُ,1,weak_root
ءخو,إِخْوَتِكَ,1,weak_root
ءخو,إِخْوَتِي,1,weak_root
ءخو,الأَخِ,1,weak_root
ءخو,الأُخْتَيْنِ,1,weak_root
ءخو,الأُخْتِ,1,weak_root
ءخو,بِأَخٍ,1,weak_root
ءخو,بِأَخِيكَ,1,weak_root
ءخو,فَإِخْوَانُكُم,3,weak_root
ءخو,لأَخِيهِ,1,weak_root
ءخو,لأُخْتِهِ,1,weak_root
ءخو,لإِخْوَانِهِم,3,weak_root
ءخو,لإِخْوَانِهِمُ,1,weak_root
ءخو,وَأَخَاهُ,3,weak_root
ءخو,وَأَخَوَاتُكُم,2,weak_root
ءخو,وَأَخُوكَ,1,weak_root
ءخو,وَأَخُوهُ,1,weak_root
ءخو,وَأَخِي,2,weak_root
ءخو,وَأَخِيهِ,4,weak_root
ءخو,وَإِخْوَانَكُم,1,weak_root
ءخو,وَإِخْوَانُ,1,weak_root
ءخو,وَإِخْوَانُكُم,1,weak_root
ءخو,وَإِخْوَانُهُم,1,weak_root
ءخو,وَإِخْوَانِهِم,1,weak_root
ءخو,وَإِخْوَتِهِ,1,weak_root
ءخو,وَلأَخِي,1,weak_root
ءخو,وَلإِخْوَانِنَا,1,weak_root
ءخو,يَاأُخْتَ,1,weak_root
ءدي,أَدُّوا,1,weak_root
ءدي,تُؤَدُّوا,1,weak_root
ءدي,فَلْيُؤَدِّ,1,weak_root
ءدي,وَأَدَاءٌ,1,weak_root
ءدي,يُؤَدِّهِ,2,weak_root
ءذ,أَءِذَا,11,root_too_short
ءذ,أَئِذَا,1,root_too_short
ءذ,إِذ,156,root_too_short
ءذ,إِذًا,26,root_too_short
ءذ,إِذَا,195,root_too_short
ءذ,إِذِ,9,root_too_short
ءذ,فَإِذ,2,root_too_short
ءذ,فَإِذًا,1,root_too_short
ءذ,فَإِذَا,86,root_too_short
ءذ,وَإِذ,69,root_too_short
ءذ,وَإِذًا,4,root_too_short
ءذ,وَإِذَا,130,root_too_short
ءذ,وَإِذِ,3,root_too_short
ءذي,ءَاذَوْا,1,weak_root
ءذي,ءَاذَيْتُمُونَا,1,weak_root
ءذي,أَذًى,7,weak_root
ءذي,أَذَاهُم,1,weak_root
ءذي,أُوذِينَا,1,weak_root
ءذي,أُوذِيَ,1,weak_root
ءذي,تُؤْذُوا,1,weak_root
ءذي,تُؤْذُونَنِي,1,weak_root
ءذي,فَأَذُوهُمَا,1,weak_root
ءذي,وَأُوذُوا,2,weak_root
ءذي,وَالأَذَى,1,weak_root
ءذي,يُؤْذَيْنَ,1,weak_root
ءذي,يُؤْذُونَ,4,weak_root
ءذي,يُؤْذِي,1,weak_root
ءسي,ءَاسَى,1,weak_root
ءسي,تَأْسَ,2,weak_root
ءسي,تَأْسَوْا,1,weak_root
ءكل,فَكُلاَ,1,alignment_failed
ءكل,فَكُلاًّ,1,alignment_failed
ءكل,فَكُلُوا,7,alignment_failed
ءكل,فَكُلُوهُ,1,alignment_failed
ءكل,فَكُلِي,1,alignment_failed
ءكل,كُلُوا,15,alignment_failed
ءكل,كُلِي,1,alignment_failed
ءكل,وَكُلاَ,1,alignment_failed
ءكل,وَكُلُوا,5,alignment_failed
ءلت,يَلِتْكُم,1,alignment_failed
ءلل,إِلاًّ,2,alignment_failed
ءلل,الَّتِي,57,alignment_failed
ءلل,الَّذَيْنِ,1,alignment_failed
ءلل,الَّذِي,268,alignment_failed
ءلل,الَّذِينَ,810,alignment_failed
ءلل,الَّلائِي,2,alignment_failed
ءلل,الَّلاتِي,8,alignment_failed
ءلل,بِالَّتِي,7,alignment_failed
ءلل,بِالَّذِي,11,alignment_failed
ءلل,بِالَّذِينَ,6,alignment_failed
ءلل,فَالَّذِينَ,10,alignment_failed
ءلل,كَالَّتِي,1,alignment_failed
ءلل,كَالَّذِي,5,alignment_failed
ءلل,كَالَّذِينَ,9,alignment_failed
ءلل,لَلَّذِي,1,alignment_failed
ءلل,لَلَّذِينَ,1,alignment_failed
ءلل,لِلَّتِي,1,alignment_failed
ءلل,لِلَّذِي,3,alignment_failed
ءلل,لِلَّذِينَ,79,alignment_failed
ءلل,وَالَّتِي,2,alignment_failed
ءلل,وَالَّذَانِ,1,alignment_failed
ءلل,وَالَّذِي,15,alignment_failed
ءلل,وَالَّذِين,1,alignment_failed
ءلل,وَالَّذِينَ,163,alignment_failed
ءلل,وَالَّلائِي,2,alignment_failed
ءلل,وَالَّلاتِي,2,alignment_failed
ءلل,وَبِالَّذِي,1,alignment_failed
ءلل,وَلِلَّذِينَ,1,alignment_failed
ءله,ءَأَالِهَتُنَا,1,divine_lexeme
ءله,ءَإِلَهٌ,5,divine_lexeme
ءله,ءَاللَّهُ,2,divine_lexeme
ءله,ءَالِهَةً,13,divine_lexeme
ءله,ءَالِهَةٌ,4,divine_lexeme
ءله,ءَالِهَتَكُم,3,divine_lexeme
ءله,ءَالِهَتَنَا,1,divine_lexeme
ءله,ءَالِهَتُهُمُ,1,divine_lexeme
ءله,ءَالِهَتِكُم,1,divine_lexeme
ءله,ءَالِهَتِنَا,4,divine_lexeme
ءله,ءَالِهَتِهِم,1,divine_lexeme
ءله,ءَالِهَتِي,1,divine_lexeme
ءله,أَبِاللَّهِ,1,divine_lexeme
ءله,إِلَهًا,16,divine_lexeme
ءله,إِلَهٌ,18,divine_lexeme
ءله,إِلَهٍ,15,divine_lexeme
ءله,إِلَهَ,37,divine_lexeme
ءله,إِلَهَكَ,1,divine_lexeme
ءله,إِلَهَكُم,2,divine_lexeme
ءله,إِلَهَهُ,2,divine_lexeme
ءله,إِلَهَيْنِ,2,divine_lexeme
ءله,إِلَهُكُم,4,divine_lexeme
ءله,إِلَهُكُمُ,1,divine_lexeme
ءله,إِلَهِ,3,divine_lexeme
ءله,إِلَهِكَ,1,divine_lexeme
ءله,الأَلِهَةَ,1,divine_lexeme
ءله,اللَّهَ,592,divine_lexeme
ءله,اللَّهُ,733,divine_lexeme
ءله,اللَّهُمَّ,5,divine_lexeme
ءله,اللَّهِ,828,divine_lexeme
ءله,بِأَلِهَتِنَا,2,divine_lexeme
ءله,بِاللَّهِ,139,divine_lexeme
ءله,تَاللَّهِ,8,divine_lexeme
ءله,فَإِلَهُكُم,1,divine_lexeme
ءله,فَاللَّهُ,6,divine_lexeme
ءله,فَلِلَّهِ,6,divine_lexeme
ءله,لِلَّهِ,116,divine_lexeme
ءله,وَءَالِهَتَكَ,1,divine_lexeme
ءله,وَإِلَهَ,1,divine_lexeme
ءله,وَإِلَهُ,1,divine_lexeme
ءله,وَإِلَهُكُم,2,divine_lexeme
ءله,وَإِلَهُنَا,1,divine_lexeme
ءله,وَاللَّهُ,239,divine_lexeme
ءله,وَاللَّهِ,1,divine_lexeme
ءله,وَتَاللَّهِ,1,divine_lexeme
ءلو,يَأْلُونَكُم,1,weak_root
ءلو,يُؤْلُونَ,1,weak_root
ءلى,إِلَى,405,weak_root
ءلى,إِلَيَّ,25,weak_root
ءلى,إِلَيْكَ,74,weak_root
ءلى,إِلَيْكُم,26,weak_root
ءلى,إِلَيْكُمَا,1,weak_root
ءلى,إِلَيْكُمُ,6,weak_root
ءلى,إِلَيْكِ,3,weak_root
ءلى,إِلَيْنَا,19,weak_root
ءلى,إِلَيْهَا,4,weak_root
ءلى,إِلَيْهِ,76,weak_root
ءلى,إِلَيْهِم,37,weak_root
ءلى,إِلَيْهِمُ,3,weak_root
ءلى,إِلَيْهِنَّ,2,weak_root
ءلى,فَإِلَيْنَا,2,weak_root
ءلى,فَإِلَيْهِ,1,weak_root
ءلى,لإِلَى,2,weak_root
ءلى,وَإِلَى,27,weak_root
ءلى,وَإِلَيَّ,1,weak_root
ءلى,وَإِلَيْكَ,3,weak_root
ءلى,وَإِلَيْنَا,3,weak_root
ءلى,وَإِلَيْهِ,22,weak_root
ءلي,ءَالاَءَ,2,weak_root
ءلي,ءَالاَءِ,32,weak_root
ءلي,ءَالَ,11,weak_root
ءلي,ءَالُ,2,weak_root
ءلي,ءَالِ,9,weak_root
ءلي,أَهَؤُلاَءِ,4,weak_root
ءلي,أُولاَتِ,1,weak_root
ءلي,أُولَئِكَ,133,weak_root
ءلي,أُولَئِكُم,1,weak_root
ءلي,أُولُوا,13,weak_root
ءلي,بِأَلِ,1,weak_root
ءلي,فَأُولَئِكَ,46,weak_root
ءلي,هَؤُلاَءِ,41,weak_root
ءلي,وَءَالَ,2,weak_root
ءلي,وَءَالُ,1,weak_root
ءلي,وَأُولاَتُ,1,weak_root
ءلي,وَأُولَئِكَ,25,weak_root
ءلي,وَأُولَئِكُم,1,weak_root
ءلي,وَأُولُوا,4,weak_root
ءلي,وَهَؤُلاَءِ,1,weak_root
ءم,أَم,109,root_too_short
ءم,أَمِ,12,root_too_short
ءم,أَمَّا,8,root_too_short
ءم,أَمَّن,12,root_too_short
ءم,إِمَّا,9,root_too_short
ءم,فَأَمَّا,22,root_too_short
ءم,فَإِمَّا,7,root_too_short
ءم,وَأَمَّا,28,root_too_short
ءم,وَإِمَّا,13,root_too_short
ءمم,وَلأَمَةٌ,1,alignment_failed
ءن,أَءِنَّا,9,root_too_short
ءن,أَءِنَّكَ,2,root_too_short
ءن,أَئِن,1,root_too_short
ءن,أَئِنَّ,1,root_too_short
ءن,أَئِنَّا,2,root_too_short
ءن,أَئِنَّكُم,4,root_too_short
ءن,أَفَإِين,2,root_too_short
ءن,أَلاَّ,45,root_too_short
ءن,أَلَن,1,root_too_short
ءن,أَلَّن,2,root_too_short
ءن,أَن,519,root_too_short
ءن,أَنِ,20,root_too_short
ءن,أَنَّ,99,root_too_short
ءن,أَنَّا,18,root_too_short
ءن,أَنَّكَ,3,root_too_short
ءن,أَنَّكُم,14,root_too_short
ءن,أَنَّمَا,19,root_too_short
ءن,أَنَّنَا,1,root_too_short
ءن,أَنَّهَا,4,root_too_short
ءن,أَنَّهُ,23,root_too_short
ءن,أَنَّهُم,41,root_too_short
ءن,أَنَّهُمَا,2,root_too_short
ءن,أَنَّى,15,root_too_short
ءن,أَنِّي,15,root_too_short
ءن,إِلاَّ,662,root_too_short
ءن,إِن,344,root_too_short
ءن,إِنِ,13,root_too_short
ءن,إِنَّ,609,root_too_short
ءن,إِنَّا,156,root_too_short
ءن,إِنَّكَ,49,root_too_short
ءن,إِنَّكُم,31,root_too_short
ءن,إِنَّكِ,1,root_too_short
ءن,إِنَّمَا,113,root_too_short
ءن,إِنَّنَا,5,root_too_short
ءن,إِنَّنِي,6,root_too_short
ءن,إِنَّهَا,15,root_too_short
ءن,إِنَّهُ,147,root_too_short
ءن,إِنَّهُم,62,root_too_short
ءن,إِنَّهُمَا,1,root_too_short
ءن,إِنَّهُمُ,1,root_too_short
ءن,إِنَّهُنَّ,1,root_too_short
ءن,إِنِّي,131,root_too_short
ءن,بِأَن,3,root_too_short
ءن,بِأَنَّ,14,root_too_short
ءن,بِأَنَّا,2,root_too_short
ءن,بِأَنَّكُمُ,1,root_too_short
ءن,بِأَنَّنَا,1,root_too_short
ءن,بِأَنَّهُ,2,root_too_short
ءن,بِأَنَّهُم,24,root_too_short
ءن,بِأَنَّهُمُ,2,root_too_short
ءن,فَأَنَّ,2,root_too_short
ءن,فَأَنَّهُ,2,root_too_short
ءن,فَإِلَّم,1,root_too_short
ءن,فَإِن,89,root_too_short
ءن,فَإِنِ,8,root_too_short
ءن,فَإِنَّ,71,root_too_short
ءن,فَإِنَّا,10,root_too_short
ءن,فَإِنَّكَ,9,root_too_short
ءن,فَإِنَّكُم,2,root_too_short
ءن,فَإِنَّمَا,30,root_too_short
ءن,فَإِنَّهَا,3,root_too_short
ءن,فَإِنَّهُ,15,root_too_short
ءن,فَإِنَّهُم,10,root_too_short
ءن,فَإِنِّي,6,root_too_short
ءن,لأَن,1,root_too_short
ءن,لَئِن,25,root_too_short
ءن,لَئِنِ,3,root_too_short
ءن,لِئَلاَّ,3,root_too_short
ءن,وَأَلَّوِ,1,root_too_short
ءن,وَأَن,22,root_too_short
ءن,وَأَنِ,3,root_too_short
ءن,وَأَنَّ,43,root_too_short
ءن,وَأَنَّا,8,root_too_short
ءن,وَأَنَّكَ,1,root_too_short
ءن,وَأَنَّكُم,1,root_too_short
ءن,وَأَنَّهُ,13,root_too_short
ءن,وَأَنَّهُم,5,root_too_short
ءن,وَأَنَّى,2,root_too_short
ءن,وَأَنِّي,2,root_too_short
ءن,وَإِلاَّ,2,root_too_short
ءن,وَإِن,170,root_too_short
ءن,وَإِنِ,3,root_too_short
ءن,وَإِنَّ,81,root_too_short
ءن,وَإِنَّا,33,root_too_short
ءن,وَإِنَّكَ,6,root_too_short
ءن,وَإِنَّكُم,3,root_too_short
ءن,وَإِنَّمَا,3,root_too_short
ءن,وَإِنَّنَا,1,root_too_short
ءن,وَإِنَّنِي,1,root_too_short
ءن,وَإِنَّهَا,2,root_too_short
ءن,وَإِنَّهُ,24,root_too_short
ءن,وَإِنَّهُم,11,root_too_short
ءن,وَإِنَّهُمَا,1,root_too_short
ءن,وَإِنِّي,14,root_too_short
ءن,وَلَئِن,30,root_too_short
ءن,وَلَئِنِ,3,root_too_short
ءنا,أَنَا,48,weak_root
ءنا,فَأَنَا,1,weak_root
ءنا,وَأَنَا,18,weak_root
ءنس,لِلنَّاسِ,12,alignment_failed
ءنى,فَأَنَّى,11,weak_root
ءني,ءَانٍ,1,weak_root
ءني,ءَانَاءَ,2,weak_root
ءني,ءَانَاءِي,1,weak_root
ءني,ءَانِيَةٍ,1,weak_root
ءني,إِنَاهُ,1,weak_root
ءني,بِأَنِيَةٍ,1,weak_root
ءني,يَأْنِ,1,weak_root
ءو,أَو,264,root_too_short
ءو,أَوَ,45,root_too_short
ءو,أَوِ,16,root_too_short
ءوب,أَوَّابٌ,4,weak_root
ءوب,أَوَّابٍ,1,weak_root
ءوب,أَوِّبِي,1,weak_root
ءوب,إِيَابَهُم,1,weak_root
ءوب,الْمَئَابِ,1,weak_root
ءوب,لِلأَوَّابِينَ,1,weak_root
ءوب,مَئَابًا,2,weak_root
ءوب,مَئَابٍ,5,weak_root
ءوب,مَئَابِ,1,weak_root
ءود,يَئُودُهُ,1,weak_root
ءول,أَوَّلَ,16,weak_root
ءول,أَوَّلُ,3,weak_root
ءول,أَوَّلِ,1,weak_root
ءول,أُولاَهُم,1,weak_root
ءول,أُولاَهُمَا,1,weak_root
ءول,الأَوَّلُ,1,weak_root
ءول,الأَوَّلُونَ,6,weak_root
ءول,الأَوَّلِ,1,weak_root
ءول,الأَوَّلِينَ,31,weak_root
ءول,الأَوْلَيَانِ,1,weak_root
ءول,الأُولَى,14,weak_root
ءول,بِتَأْوِيلِ,2,weak_root
ءول,بِتَأْوِيلِهِ,3,weak_root
ءول,تَأْوِيلاً,2,weak_root
ءول,تَأْوِيلَهُ,2,weak_root
ءول,تَأْوِيلُ,2,weak_root
ءول,تَأْوِيلُهُ,2,weak_root
ءول,تَأْوِيلِ,3,weak_root
ءول,تَأْوِيلِهِ,1,weak_root
ءول,فَأَوْلَى,1,weak_root
ءول,لأَوَّلِ,1,weak_root
ءول,لأَوَّلِنَا,1,weak_root
ءول,لأُولاَهُم,1,weak_root
ءول,وَالأَوَّلِينَ,1,weak_root
ءول,وَالأُولَى,3,weak_root
ءوه,أَوَّاهٌ,1,weak_root
ءوه,لأَوَّاهٌ,1,weak_root
ءوي,ءَاوَوا,2,weak_root
ءوي,ءَاوَى,2,weak_root
ءوي,ءَاوِي,1,weak_root
ءوي,أَوَى,1,weak_root
ءوي,أَوَيْنَا,1,weak_root
ءوي,الْمَأْوَى,4,weak_root
ءوي,تُئْوِيهِ,1,weak_root
ءوي,سَأَوِي,1,weak_root
ءوي,فَأَوَاكُم,1,weak_root
ءوي,فَأَوَى,1,weak_root
ءوي,فَأْوُا,1,weak_root
ءوي,فَمَأْوَاهُمُ,1,weak_root
ءوي,مَأْوَاكُمُ,1,weak_root
ءوي,مَأْوَاهُم,4,weak_root
ءوي,مَأْوَاهُمُ,1,weak_root
ءوي,وَءَاوَيْنَاهُمَا,1,weak_root
ءوي,وَتُئْوِي,1,weak_root
ءوي,وَمَأْوَاكُمُ,2,weak_root
ءوي,وَمَأْوَاهُ,3,weak_root
ءوي,وَمَأْوَاهُم,4,weak_root
ءوي,وَمَأْوَاهُمُ,2,weak_root
ءيد,أَيَّدتُّكَ,1,weak_root
ءيد,أَيَّدَكَ,1,weak_root
ءيد,فَأَيَّدْنَا,1,weak_root
ءيد,وَأَيَّدَكُم,1,weak_root
ءيد,وَأَيَّدَهُ,1,weak_root
ءيد,وَأَيَّدَهُم,1,weak_root
ءيد,وَأَيَّدْنَاهُ,2,weak_root
ءيد,يُؤَيِّدُ,1,weak_root
ءيك,الأَيْكَةِ,2,weak_root
ءيك,لْئَيْكَةِ,2,weak_root
ءيم,الأَيَامَى,1,weak_root
ءين,ءَالأَنَ,2,weak_root
ءين,أَيْنَ,14,weak_root
ءين,أَيْنَمَا,3,weak_root
ءين,الأَنَ,5,weak_root
ءين,فَأَيْنَ,1,weak_root
ءين,فَأَيْنَمَا,1,weak_root
ءين,فَالأَنَ,1,weak_root
ءيه,ءَايَاتٌ,7,weak_root
ءيه,ءَايَاتٍ,10,weak_root
ءيه,ءَايَاتُ,13,weak_root
ءيه,ءَايَاتُنَا,12,weak_root
ءيه,ءَايَاتُهُ,4,weak_root
ءيه,ءَايَاتِ,21,weak_root
ءيه,ءَايَاتِكَ,3,weak_root
ءيه,ءَايَاتِنَا,22,weak_root
ءيه,ءَايَاتِهَا,1,weak_root
ءيه,ءَايَاتِهِ,27,weak_root
ءيه,ءَايَاتِي,9,weak_root
ءيه,ءَايَاتِيَ,1,weak_root
ءيه,ءَايَةً,23,weak_root
ءيه,ءَايَةٌ,9,weak_root
ءيه,ءَايَةٍ,12,weak_root
ءيه,ءَايَةَ,3,weak_root
ءيه,ءَايَتَيْنِ,1,weak_root
ءيه,ءَايَتُكَ,2,weak_root
ءيه,أَيَاتٌ,1,weak_root
ءيه,الأَيَاتُ,3,weak_root
ءيه,الأَيَاتِ,28,weak_root
ءيه,الأَيَةَ,1,weak_root
ءيه,بِأَيَاتِ,34,weak_root
ءيه,بِأَيَاتِنَا,57,weak_root
ءيه,بِأَيَاتِهِ,4,weak_root
ءيه,بِأَيَاتِي,4,weak_root
ءيه,بِأَيَةٍ,12,weak_root
ءيه,بِالأَيَاتِ,2,weak_root
ءيه,لأَيَاتٍ,29,weak_root
ءيه,لأَيَاتِنَا,1,weak_root
ءيه,لأَيَةً,20,weak_root
ءيه,وَءَايَاتِهِ,2,weak_root
ءيه,وَءَايَةً,1,weak_root
ءيه,وَءَايَةٌ,3,weak_root
ءيو,إِي,1,weak_root
ءيوب,أَيُّوبَ,1,weak_root
ءيوب,وَأَيُّوبَ,3,weak_root
ءيي,أَيًّا,1,weak_root
ءيي,أَيَّ,1,weak_root
ءيي,أَيَّانَ,6,weak_root
ءيي,أَيَّتُهَا,1,weak_root
ءيي,أَيَّمَا,1,weak_root
ءيي,أَيُّ,3,weak_root
ءيي,أَيُّكُم,4,weak_root
ءيي,أَيُّنَا,1,weak_root
ءيي,أَيُّهَ,2,weak_root
ءيي,أَيُّهَا,8,weak_root
ءيي,أَيُّهُم,6,weak_root
ءيي,أَيِّ,2,weak_root
ءيي,إِيَّاكَ,1,weak_root
ءيي,إِيَّاكُم,2,weak_root
ءيي,إِيَّانَا,2,weak_root
ءيي,إِيَّاهُ,8,weak_root
ءيي,بِأَييِّكُمُ,1,weak_root
ءيي,بِأَيِّ,2,weak_root
ءيي,فَأَيَّ,1,weak_root
ءيي,فَأَيُّ,1,weak_root
ءيي,فَإِيَّايَ,2,weak_root
ءيي,فَبِأَيِّ,35,weak_root
ءيي,فَكَأَيِّن,1,weak_root
ءيي,لأَيِّ,1,weak_root
ءيي,وَإِيَّاكَ,1,weak_root
ءيي,وَإِيَّاكُم,4,weak_root
ءيي,وَإِيَّاهُم,1,weak_root
ءيي,وَإِيَّايَ,3,weak_root
ءيي,وَكَأَيِّن,6,weak_root
ءيي,يَاأَيَّتُهَا,1,weak_root
ءيي,يَاأَيُّهَ,1,weak_root
ءيي,يَاأَيُّهَا,142,weak_root
إبراهيم,إِبْرَاهِمَ,9,root_too_long
إبراهيم,إِبْرَاهِمُ,6,root_too_long
إبراهيم,إِبْرَاهِيمَ,38,root_too_long
إبراهيم,إِبْرَاهِيمُ,5,root_too_long
إبراهيم,بِإِبْرَاهِيمَ,1,root_too_long
إبراهيم,لإَبْرَاهِيمَ,1,root_too_long
إبراهيم,لإِبْرَاهِيمَ,1,root_too_long
إبراهيم,وَإِبْرَاهِيمَ,4,root_too_long
إبراهيم,يَاإِبْرَاهِيمُ,4,root_too_long
إدريس,إِدْرِيسَ,1,root_too_long
إدريس,وَإِدْرِيسَ,1,root_too_long
إسحاق,إِسْحَاقَ,6,root_too_long
إسحاق,بِإِسْحَاقَ,2,root_too_long
إسحاق,وَإِسْحَاقَ,9,root_too_long
إسرائيل,إِسْرَاءِيلَ,41,root_too_long
إسرائيل,إِسْرَاءِيلُ,1,root_too_long
إسرائيل,وَإِسْرَاءِيلَ,1,root_too_long
إسماعيل,إِسْمَاعِيلَ,3,root_too_long
إسماعيل,وَإِسْمَاعِيلَ,8,root_too_long
إسماعيل,وَإِسْمَاعِيلُ,1,root_too_long
إلياس,إِلْيَاسَ,1,root_too_long
إلياس,وَإِلْيَاسَ,1,root_too_long
الر,الر,5,weak_root
الم,الم,6,weak_root
المر,المر,1,weak_root
المص,المص,1,weak_root
ب,بِكَ,10,root_too_short
ب,بِكُم,29,root_too_short
ب,بِكُمُ,6,root_too_short
ب,بِمَ,1,root_too_short
ب,بِنَا,4,root_too_short
ب,بِهَا,79,root_too_short
ب,بِهِ,327,root_too_short
ب,بِهِم,36,root_too_short
ب,بِهِمَا,3,root_too_short
ب,بِهِمُ,5,root_too_short
ب,بِهِنَّ,3,root_too_short
ب,بِي,11,root_too_short
ب,بِيَ,1,root_too_short
ب,وَبِهِ,2,root_too_short
بابل,بِبَابِلَ,1,weak_root
بدي,الْبَدْوِ,1,weak_root
بدي,بَادُونَ,1,weak_root
بدي,بَادِيَ,1,weak_root
بدي,بَدَا,2,weak_root
بدي,بَدَت,1,weak_root
بدي,بَدَتِ,1,weak_root
بدي,تُبْدَ,2,weak_root
بدي,تُبْدُوا,4,weak_root
بدي,تُبْدُونَ,3,weak_root
بدي,تُبْدُونَهَا,1,weak_root
بدي,تُبْدُوهُ,1,weak_root
بدي,فَبَدَت,1,weak_root
بدي,لَتُبْدِي,1,weak_root
بدي,لِيُبْدِيَ,1,weak_root
بدي,مُبْدِيهِ,1,weak_root
بدي,وَالْبَادِ,1,weak_root
بدي,وَبَدَا,4,weak_root
بدي,يُبْدُونَ,1,weak_root
بدي,يُبْدِئُ,3,weak_root
بدي,يُبْدِهَا,1,weak_root
بدي,يُبْدِينَ,2,weak_root
بري,الْبَرِيَّةِ,2,weak_root
بسط,بَصْطَةً,1,alignment_failed
بسط,وَيَبْصُطُ,1,alignment_failed
بغي,أَبْتَغِي,1,weak_root
بغي,أَبْغِي,1,weak_root
بغي,أَبْغِيكُم,1,weak_root
بغي,أَيَبْتَغُونَ,1,weak_root
بغي,ابْتَغَوُا,1,weak_root
بغي,ابْتَغَى,2,weak_root
بغي,ابْتَغَيْتَ,1,weak_root
بغي,ابْتِغَاءَ,10,weak_root
بغي,ابْتِغَاءِ,1,weak_root
بغي,الْبَغْيُ,1,weak_root
بغي,الْبِغَاءِ,1,weak_root
بغي,بَاغٍ,3,weak_root
بغي,بَغَت,1,weak_root
بغي,بَغَى,1,weak_root
بغي,بَغِيًّا,2,weak_root
بغي,بَغْيًا,6,weak_root
بغي,بَغْيُكُم,1,weak_root
بغي,بُغِيَ,1,weak_root
بغي,بِبَغْيِهِم,1,weak_root
بغي,تَبْتَغُوا,2,weak_root
بغي,تَبْتَغُونَ,1,weak_root
بغي,تَبْتَغِي,1,weak_root
بغي,تَبْتَغِيَ,1,weak_root
بغي,تَبْغُوا,1,weak_root
بغي,تَبْغُونَهَا,1,weak_root
بغي,تَبْغِ,1,weak_root
بغي,تَبْغِي,1,weak_root
بغي,فَابْتَغُوا,1,weak_root
بغي,فَبَغَى,1,weak_root
بغي,لاَّبْتَغَوْا,1,weak_root
بغي,لَبَغَوْا,1,weak_root
بغي,لَيَبْغِي,1,weak_root
بغي,لِتَبْتَغُوا,4,weak_root
بغي,نَبْتَغِي,1,weak_root
بغي,نَبْغِ,1,weak_root
بغي,نَبْغِي,1,weak_root
بغي,وَابْتَغُوا,3,weak_root
بغي,وَابْتَغِ,2,weak_root
بغي,وَابْتِغَاءَ,2,weak_root
بغي,وَابْتِغَاؤُكُم,1,weak_root
بغي,وَالْبَغْيَ,1,weak_root
بغي,وَالْبَغْيِ,1,weak_root
بغي,وَتَبْغُونَهَا,1,weak_root
بغي,وَلِتَبْتَغُوا,4,weak_root
بغي,وَيَبْغُونَ,1,weak_root
بغي,وَيَبْغُونَهَا,3,weak_root
بغي,يَبْتَغُونَ,6,weak_root
بغي,يَبْتَغِ,1,weak_root
بغي,يَبْغُونَ,4,weak_root
بغي,يَبْغُونَكُمُ,1,weak_root
بغي,يَبْغِيَانِ,1,weak_root
بغي,يَنبَغِي,6,weak_root
بقي,أَبْقَى,1,weak_root
بقي,الْبَاقِينَ,2,weak_root
بقي,بَاقٍ,1,weak_root
بقي,بَاقِيَةً,1,weak_root
بقي,بَاقِيَةٍ,1,weak_root
بقي,بَقِيَ,1,weak_root
بقي,بَقِيَّةٍ,1,weak_root
بقي,بَقِيَّتُ,1,weak_root
بقي,تُبْقِي,1,weak_root
بقي,وَأَبْقَى,7,weak_root
بقي,وَالْبَاقِيَاتُ,2,weak_root
بقي,وَبَقِيَّةٌ,1,weak_root
بقي,وَيَبْقَى,1,weak_root
بكي,بَكَت,1,weak_root
بكي,تَبْكُونَ,1,weak_root
بكي,وَأَبْكَى,1,weak_root
بكي,وَبُكِيًّا,1,weak_root
بكي,وَلْيَبْكُوا,1,weak_root
بكي,يَبْكُونَ,2,weak_root
بل,بَل,113,root_too_short
بل,بَلِ,14,root_too_short
بلو,ابْتَلاَهُ,2,weak_root
بلو,ابْتَلَى,1,weak_root
بلو,ابْتُلِيَ,1,weak_root
بلو,الْبَلاَؤُا,1,weak_root
بلو,بَلاَءً,1,weak_root
بلو,بَلاَءٌ,3,weak_root
بلو,بَلاَؤٌا,1,weak_root
بلو,بَلَوْنَا,1,weak_root
بلو,بَلَوْنَاهُم,1,weak_root
بلو,بَلَى,22,weak_root
بلو,تَبْلُوا,1,weak_root
بلو,تُبْلَى,1,weak_root
بلو,لَتُبْلَوُنَّ,1,weak_root
بلو,لَمُبْتَلِينَ,1,weak_root
بلو,لَيَبْلُوَنَّكُمُ,1,weak_root
بلو,لِنَبْلُوَهُم,1,weak_root
بلو,لِيَبْتَلِيَكُم,1,weak_root
بلو,لِيَبْلُوَا,1,weak_root
بلو,لِيَبْلُوَكُم,4,weak_root
بلو,لِيَبْلُوَنِي,1,weak_root
بلو,مُبْتَلِيكُم,1,weak_root
بلو,نَبْتَلِيهِ,1,weak_root
بلو,نَبْلُوهُم,1,weak_root
بلو,وَابْتَلُوا,1,weak_root
بلو,وَبَلَوْنَاهُم,1,weak_root
بلو,وَلَنَبْلُوَنَّكُم,2,weak_root
بلو,وَلِيَبْتَلِيَ,1,weak_root
بلو,وَلِيُبْلِيَ,1,weak_root
بلو,وَنَبْلُوكُم,1,weak_root
بلو,وَنَبْلُوَا,1,weak_root
بلو,يَبْلَى,1,weak_root
بلو,يَبْلُوكُمُ,1,weak_root
بنو,أَبْنَاءَ,1,weak_root
بنو,أَبْنَاءَكُم,4,weak_root
بنو,أَبْنَاءَنَا,1,weak_root
بنو,أَبْنَاءَهُم,4,weak_root
بنو,أَبْنَاءَهُمُ,1,weak_root
بنو,أَبْنَاءِ,3,weak_root
بنو,أَبْنَاؤُا,1,weak_root
بنو,أَبْنَائِكُمُ,1,weak_root
بنو,أَبْنَائِهِنَّ,2,weak_root
بنو,ابْنَ,10,weak_root
بنو,ابْنَتَ,1,weak_root
بنو,ابْنَتَيَّ,1,weak_root
بنو,ابْنَكَ,1,weak_root
بنو,ابْنَهُ,1,weak_root
بنو,ابْنَي,1,weak_root
بنو,ابْنُ,12,weak_root
بنو,ابْنِ,6,weak_root
بنو,ابْنِي,1,weak_root
بنو,الْبَنَاتُ,2,weak_root
بنو,الْبَنَاتِ,2,weak_root
بنو,الْبَنُونَ,2,weak_root
بنو,الْبَنِينَ,1,weak_root
بنو,بَنَاتٍ,1,weak_root
بنو,بَنَاتِكَ,1,weak_root
بنو,بَنَاتِي,2,weak_root
بنو,بَنُو,1,weak_root
بنو,بَنُونَ,1,weak_root
بنو,بَنِي,31,weak_root
بنو,بَنِينَ,2,weak_root
بنو,بَنِيهِ,1,weak_root
بنو,بِالْبَنِينَ,2,weak_root
بنو,بِبَنِي,2,weak_root
بنو,بِبَنِيهِ,1,weak_root
بنو,لابْنِهِ,1,weak_root
بنو,لِبَنِي,5,weak_root
بنو,لِبَنِيهِ,1,weak_root
بنو,وَأَبْنَاءَكُم,1,weak_root
بنو,وَأَبْنَاؤُكُم,2,weak_root
بنو,وَأَبْنَائِنَا,1,weak_root
بنو,وَابْنَ,3,weak_root
بنو,وَابْنَهَا,1,weak_root
بنو,وَابْنِ,5,weak_root
بنو,وَالْبَنُونَ,1,weak_root
بنو,وَالْبَنِينَ,1,weak_root
بنو,وَبَنَاتٍ,1,weak_root
بنو,وَبَنَاتُ,2,weak_root
بنو,وَبَنَاتُكُم,1,weak_root
بنو,وَبَنَاتِ,4,weak_root
بنو,وَبَنَاتِكَ,1,weak_root
بنو,وَبَنِينَ,6,weak_root
بنو,وَبَنِيهِ,1,weak_root
بنو,وَبَنِيَّ,1,weak_root
بنو,يَابَنِي,11,weak_root
بنو,يَابَنِيَّ,3,weak_root
بنو,يَابُنَيَّ,6,weak_root
بني,أَتَبْنُونَ,1,weak_root
بني,ابْنُوا,2,weak_root
بني,بَنَاهَا,2,weak_root
بني,بَنَوْا,1,weak_root
بني,بَنَيْنَاهَا,2,weak_root
بني,بَنَّاءٍ,1,weak_root
بني,بُنْيَانًا,2,weak_root
بني,بُنْيَانٌ,1,weak_root
بني,بُنْيَانَهُ,2,weak_root
بني,بُنْيَانَهُم,1,weak_root
بني,بُنْيَانُهُمُ,1,weak_root
بني,بِنَاءً,2,weak_root
بني,مَبْنِيَّةٌ,1,weak_root
بني,وَبَنَيْنَا,1,weak_root
بوء,بَاءَ,2,weak_root
بوء,بَوَّأْنَا,2,weak_root
بوء,تَبَوَّءَا,1,weak_root
بوء,تَبَوَّءُو,1,weak_root
بوء,تَبُوأَ,1,weak_root
بوء,تُبَوِّئُ,1,weak_root
بوء,فَبَاءُو,1,weak_root
بوء,لَنُبَوِّئَنَّهُم,2,weak_root
بوء,مُبَوَّأَ,1,weak_root
بوء,نَتَبَوَّأُ,1,weak_root
بوء,وَبَاءُو,2,weak_root
بوء,وَبَوَّأَكُم,1,weak_root
بوء,يَتَبَوَّأُ,1,weak_root
بوب,أَبْوَابًا,2,weak_root
بوب,أَبْوَابٍ,2,weak_root
بوب,أَبْوَابَ,5,weak_root
بوب,أَبْوَابُ,1,weak_root
بوب,أَبْوَابُهَا,2,weak_root
بوب,أَبْوَابِهَا,1,weak_root
بوب,الأَبْوَابَ,1,weak_root
بوب,الأَبْوَابُ,1,weak_root
بوب,الْبَابَ,5,weak_root
بوب,الْبَابِ,1,weak_root
بوب,بَابًا,2,weak_root
بوب,بَابٌ,1,weak_root
بوب,بَابٍ,3,weak_root
بور,الْبَوَارِ,1,weak_root
بور,بُورًا,2,weak_root
بور,تَبُورَ,1,weak_root
بور,يَبُورُ,1,weak_root
بيت,الْبَيْتَ,4,weak_root
بيت,الْبَيْتِ,8,weak_root
بيت,الْبُيُوتَ,2,weak_root
بيت,الْبُيُوتِ,2,weak_root
بيت,بَيَاتًا,3,weak_root
بيت,بَيَّتَ,1,weak_root
بيت,بَيْتًا,2,weak_root
بيت,بَيْتٌ,1,weak_root
بيت,بَيْتٍ,3,weak_root
بيت,بَيْتِكَ,2,weak_root
بيت,بَيْتِهَا,1,weak_root
بيت,بَيْتِهِ,1,weak_root
بيت,بَيْتِيَ,3,weak_root
بيت,بُيُوتًا,9,weak_root
بيت,بُيُوتٍ,1,weak_root
بيت,بُيُوتَ,1,weak_root
بيت,بُيُوتَكُم,1,weak_root
بيت,بُيُوتَنَا,1,weak_root
بيت,بُيُوتَهُم,1,weak_root
بيت,بُيُوتُهُم,1,weak_root
بيت,بُيُوتِ,8,weak_root
بيت,بُيُوتِكُم,5,weak_root
بيت,بُيُوتِكُنَّ,2,weak_root
بيت,بُيُوتِهِنَّ,1,weak_root
بيت,بِالْبَيْتِ,1,weak_root
بيت,لَبَيْتُ,1,weak_root
بيت,لَنُبَيِّتَنَّهُ,1,weak_root
بيت,لِبُيُوتِهِم,1,weak_root
بيت,وَالْبَيْتِ,1,weak_root
بيت,وَلِبُيُوتِهِم,1,weak_root
بيت,يَبِيتُونَ,1,weak_root
بيت,يُبَيِّتُونَ,2,weak_root
بيد,تَبِيدَ,1,weak_root
بيض,ابْيَضَّت,1,weak_root
بيض,الأَبْيَضُ,1,weak_root
بيض,بَيْضٌ,1,weak_root
بيض,بَيْضَاءَ,4,weak_root
بيض,بَيْضَاءُ,2,weak_root
بيض,بِيضٌ,1,weak_root
بيض,تَبْيَضُّ,1,weak_root
بيض,وَابْيَضَّت,1,weak_root
بيع,الْبَيْعَ,2,weak_root
بيع,الْبَيْعُ,1,weak_root
بيع,بَايَعْتُم,1,weak_root
بيع,بَيْعٌ,3,weak_root
بيع,بِبَيْعِكُمُ,1,weak_root
بيع,تَبَايَعْتُم,1,weak_root
بيع,فَبَايِعْهُنَّ,1,weak_root
بيع,وَبِيَعٌ,1,weak_root
بيع,يُبَايِعُونَ,1,weak_root
بيع,يُبَايِعُونَكَ,2,weak_root
بيع,يُبَايِعْنَكَ,1,weak_root
بيل,بَالَهُم,2,weak_root
بيل,بَالُ,2,weak_root
بين,الْبَيَانَ,1,weak_root
بين,الْبَيِّنَاتُ,7,weak_root
بين,الْبَيِّنَاتِ,4,weak_root
بين,الْبَيِّنَةُ,2,weak_root
بين,الْمُبِينُ,15,weak_root
بين,الْمُبِينِ,7,weak_root
بين,الْمُسْتَبِينَ,1,weak_root
بين,بَيَانٌ,1,weak_root
بين,بَيَانَهُ,1,weak_root
بين,بَيَّنَّا,3,weak_root
بين,بَيَّنَّاهُ,1,weak_root
بين,بَيِّنٍ,1,weak_root
بين,بَيِّنَاتٌ,2,weak_root
بين,بَيِّنَاتٍ,14,weak_root
بين,بَيِّنَةً,1,weak_root
بين,بَيِّنَةٌ,3,weak_root
بين,بَيِّنَةٍ,9,weak_root
بين,بَيِّنَةُ,1,weak_root
بين,بَيِّنَتٍ,1,weak_root
بين,بَيْنَ,70,weak_root
بين,بَيْنَكَ,2,weak_root
بين,بَيْنَكُم,23,weak_root
بين,بَيْنَكُمُ,3,weak_root
بين,بَيْنَنَا,13,weak_root
بين,بَيْنَهَا,2,weak_root
بين,بَيْنَهُ,2,weak_root
بين,بَيْنَهُم,54,weak_root
بين,بَيْنَهُمَا,29,weak_root
بين,بَيْنَهُمُ,2,weak_root
بين,بَيْنَهُنَّ,1,weak_root
بين,بَيْنِ,9,weak_root
بين,بَيْنِكُم,3,weak_root
بين,بَيْنِنَا,4,weak_root
بين,بَيْنِهِم,2,weak_root
بين,بَيْنِهِمَا,2,weak_root
بين,بَيْنِي,11,weak_root
بين,بِالْبَيِّنَاتِ,24,weak_root
بين,بِبَيِّنَةٍ,2,weak_root
بين,تَبَيَّنَ,10,weak_root
بين,تَبَيَّنَتِ,1,weak_root
بين,تِبْيَانًا,1,weak_root
بين,فَتَبَيَّنُوا,3,weak_root
بين,لَتُبَيِّنُنَّهُ,1,weak_root
بين,لِتُبَيِّنَ,2,weak_root
تابوت,التَّابُوتُ,1,root_too_long
تابوت,التَّابُوتِ,1,root_too_long
تلو,أَتْلُ,1,weak_root
تلو,أَتْلُوَا,1,weak_root
تلو,اتْلُ,1,weak_root
تلو,تَتْلُوا,4,weak_root
تلو,تَتْلُونَ,1,weak_root
تلو,تَلاَهَا,1,weak_root
تلو,تَلَوْتُهُ,1,weak_root
تلو,تُتْلَى,16,weak_root
تلو,تُلِيَت,1,weak_root
تلو,تِلاَوَتِهِ,1,weak_root
تلو,سَأَتْلُوا,1,weak_root
تلو,فَاتْلُوهَا,1,weak_root
تلو,فَالتَّالِيَاتِ,1,weak_root
تلو,لِتَتْلُوَا,1,weak_root
تلو,نَتْلُوا,1,weak_root
تلو,نَتْلُوهَا,3,weak_root
تلو,نَتْلُوهُ,1,weak_root
تلو,وَاتْلُ,5,weak_root
تلو,وَيَتْلُوهُ,1,weak_root
تلو,يَتْلُوا,7,weak_root
تلو,يَتْلُونَ,5,weak_root
تلو,يَتْلُونَهُ,1,weak_root
تلو,يُتْلَى,7,weak_root
توب,أَتُوبُ,1,weak_root
توب,التَّائِبُونَ,1,weak_root
توب,التَّوَّابُ,6,weak_root
توب,التَّوَّابِينَ,1,weak_root
توب,التَّوْبَةَ,2,weak_root
توب,التَّوْبَةُ,2,weak_root
توب,التَّوْبِ,1,weak_root
توب,تَائِبَاتٍ,1,weak_root
توب,تَابَ,12,weak_root
توب,تَابَا,1,weak_root
توب,تَابُوا,10,weak_root
توب,تَتُوبَا,1,weak_root
توب,تَوَّابًا,3,weak_root
توب,تَوَّابٌ,2,weak_root
توب,تَوْبَةً,2,weak_root
توب,تَوْبَتُهُم,1,weak_root
توب,تُبْتُ,3,weak_root
توب,تُبْتُم,2,weak_root
توب,تُوبُوا,5,weak_root
توب,فَتَابَ,5,weak_root
توب,فَتُوبُوا,1,weak_root
توب,لِيَتُوبُوا,1,weak_root
توب,مَتَابًا,1,weak_root
توب,مَتَابِ,1,weak_root
توب,وَتَابَ,1,weak_root
توب,وَتُب,1,weak_root
توب,وَتُوبُوا,1,weak_root
توب,وَيَتُوبَ,2,weak_root
توب,وَيَتُوبُ,1,weak_root
توب,يَتُب,1,weak_root
توب,يَتُوبَ,4,weak_root
توب,يَتُوبُ,5,weak_root
توب,يَتُوبُوا,2,weak_root
توب,يَتُوبُونَ,3,weak_root
تور,التَّوْرَاةَ,5,weak_root
تور,التَّوْرَاةُ,3,weak_root
تور,التَّوْرَاةِ,7,weak_root
تور,بِالتَّوْرَاةِ,1,weak_root
تور,تَارَةً,2,weak_root
تور,وَالتَّوْرَاةَ,2,weak_root
تين,وَالتِّينِ,1,weak_root
تيه,يَتِيهُونَ,1,weak_root
ثري,الثَّرَى,1,weak_root
ثم,أَثُمَّ,1,root_too_short
ثم,ثَمَّ,3,root_too_short
ثم,ثُمَّ,337,root_too_short
ثم,فَثَمَّ,1,root_too_short
ثمود,ثَمُودَ,5,weak_root
ثمود,ثَمُودَا,1,weak_root
ثمود,ثَمُودُ,7,weak_root
ثمود,لِثَمُودَ,1,weak_root
ثمود,وَثَمُودَ,7,weak_root
ثمود,وَثَمُودَا,2,weak_root
ثمود,وَثَمُودُ,3,weak_root
ثني,اثْنَا,1,weak_root
ثني,اثْنَانِ,1,weak_root
ثني,اثْنَتَا,2,weak_root
ثني,اثْنَتَي,1,weak_root
ثني,اثْنَتَيْنِ,4,weak_root
ثني,اثْنَي,1,weak_root
ثني,اثْنَيْنِ,10,weak_root
ثني,الْمَثَانِي,1,weak_root
ثني,ثَانِيَ,2,weak_root
ثني,مَثَانِيَ,1,weak_root
ثني,مَثْنَى,3,weak_root
ثني,يَثْنُونَ,1,weak_root
ثني,يَسْتَثْنُونَ,1,weak_root
ثوب,الثَّوَابُ,1,weak_root
ثوب,الثَّوَابِ,1,weak_root
ثوب,ثَوَابًا,4,weak_root
ثوب,ثَوَابَ,4,weak_root
ثوب,ثَوَابُ,2,weak_root
ثوب,ثَوَابِ,1,weak_root
ثوب,ثُوِّبَ,1,weak_root
ثوب,ثِيَابًا,1,weak_root
ثوب,ثِيَابٌ,1,weak_root
ثوب,ثِيَابَكُم,1,weak_root
ثوب,ثِيَابَهُم,2,weak_root
ثوب,ثِيَابَهُنَّ,1,weak_root
ثوب,ثِيَابُ,1,weak_root
ثوب,فَأَثَابَكُم,1,weak_root
ثوب,فَأَثَابَهُمُ,1,weak_root
ثوب,لَمَثُوبَةٌ,1,weak_root
ثوب,مَثَابَةً,1,weak_root
ثوب,مَثُوبَةً,1,weak_root
ثوب,وَأَثَابَهُم,1,weak_root
ثوب,وَثِيَابَكَ,1,weak_root
ثور,وَأَثَارُوا,1,weak_root
ثوي,ثَاوِيًا,1,weak_root
ثوي,مَثْوًى,5,weak_root
ثوي,مَثْوَاكُم,1,weak_root
ثوي,مَثْوَاهُ,1,weak_root
ثوي,مَثْوَايَ,1,weak_root
ثوي,مَثْوَى,4,weak_root
ثوي,وَمَثْوَاكُم,1,weak_root
ثيب,ثَيِّبَاتٍ,1,weak_root
ثير,تُثِيرُ,1,weak_root
ثير,فَتُثِيرُ,2,weak_root
جالوت,بِجَالُوتَ,1,root_too_long
جالوت,جَالُوتَ,1,root_too_long
جالوت,لِجَالُوتَ,1,root_too_long
جبريل,لِجِبْرِيلَ,1,root_too_long
جبريل,وَجِبْرِيلَ,1,root_too_long
جبريل,وَجِبْرِيلُ,1,root_too_long
جبه,لِلْجَبِينِ,1,alignment_failed
جبي,اجْتَبَاكُم,1,weak_root
جبي,اجْتَبَاهُ,2,weak_root
جبي,اجْتَبَيْتَهَا,1,weak_root
جبي,فَاجْتَبَاهُ,1,weak_root
جبي,كَالْجَوَابِ,1,weak_root
جبي,وَاجْتَبَيْنَا,1,weak_root
جبي,وَاجْتَبَيْنَاهُم,1,weak_root
جبي,يَجْتَبِي,2,weak_root
جبي,يَجْتَبِيكَ,1,weak_root
جبي,يُجْبَى,1,weak_root
جثو,جَاثِيَةً,1,weak_root
جثو,جِثِيًّا,2,weak_root
جذو,جَذْوَةٍ,1,weak_root
جري,الْجَارِيَةِ,1,weak_root
جري,الْجَوَارِ,3,weak_root
جري,تَجْرِي,48,weak_root
جري,تَجْرِيَانِ,1,weak_root
جري,جَارِيَةٌ,1,weak_root
جري,فَالْجَارِيَاتِ,1,weak_root
جري,لِتَجْرِيَ,2,weak_root
جري,مَجْرِيهَا,1,weak_root
جري,وَجَرَيْنَ,1,weak_root
جري,وَلِتَجْرِيَ,1,weak_root
جري,يَجْرِي,4,weak_root
جزي,الْجَزَاءَ,1,weak_root
جزي,الْجِزْيَةَ,1,weak_root
جزي,تَجْزِي,2,weak_root
جزي,تُجْزَوْنَ,9,weak_root
جزي,تُجْزَى,2,weak_root
جزي,جَزَاءً,15,weak_root
جزي,جَزَاءُ,11,weak_root
جزي,جَزَاؤُا,3,weak_root
جزي,جَزَاؤُكُم,1,weak_root
جزي,جَزَاؤُهُ,3,weak_root
جزي,جَزَاؤُهُم,5,weak_root
جزي,جَزَيْتُهُمُ,1,weak_root
جزي,جَزَيْنَاهُم,2,weak_root
جزي,سَنَجْزِي,1,weak_root
جزي,سَيَجْزِيهِم,2,weak_root
جزي,سَيُجْزَوْنَ,2,weak_root
جزي,فَجَزَاءٌ,1,weak_root
جزي,فَجَزَاؤُهُ,1,weak_root
جزي,لِتُجْزَى,1,weak_root
جزي,لِيَجْزِيَ,7,weak_root
جزي,لِيَجْزِيَكَ,1,weak_root
جزي,لِيَجْزِيَهُمُ,2,weak_root
جزي,نَجْزِي,19,weak_root
جزي,نَجْزِيهِ,1,weak_root
جزي,نُجَازِي,1,weak_root
جزي,وَجَزَاؤُا,1,weak_root
جزي,وَجَزَاهُم,1,weak_root
جزي,وَسَنَجْزِي,1,weak_root
جزي,وَسَيَجْزِي,1,weak_root
جزي,وَلَنَجْزِيَنَّ,1,weak_root
جزي,وَلَنَجْزِيَنَّهُم,3,weak_root
جزي,وَلِتُجْزَى,1,weak_root
جزي,وَيَجْزِيَ,1,weak_root
جزي,وَيَجْزِيَهُم,1,weak_root
جزي,يَجْزِي,3,weak_root
جزي,يُجْزَ,1,weak_root
جزي,يُجْزَاهُ,1,weak_root
جزي,يُجْزَوْنَ,3,weak_root
جزي,يُجْزَى,3,weak_root
جفو,تَتَجَافَى,1,weak_root
جفو,جُفَاءً,1,weak_root
جلو,الْجَلاَءَ,1,weak_root
جلو,تَجَلَّى,2,weak_root
جلو,جَلاَّهَا,1,weak_root
جلو,يُجَلِّيهَا,1,weak_root
جني,جَنِيًّا,1,weak_root
جني,وَجَنَى,1,weak_root
جوب,أَجَبْتُمُ,1,weak_root
جوب,أَجِيبُوا,1,weak_root
جوب,أَسْتَجِب,1,weak_root
جوب,أُجِبْتُم,1,weak_root
جوب,أُجِيبَت,1,weak_root
جوب,أُجِيبُ,1,weak_root
جوب,اسْتَجَابُوا,4,weak_root
جوب,اسْتَجِيبُوا,2,weak_root
جوب,اسْتُجِيبَ,1,weak_root
جوب,الْمُجِيبُونَ,1,weak_root
جوب,جَابُوا,1,weak_root
جوب,جَوَابَ,4,weak_root
جوب,فَاسْتَجَابَ,3,weak_root
جوب,فَاسْتَجَبْتُم,1,weak_root
جوب,فَاسْتَجَبْنَا,4,weak_root
جوب,فَتَسْتَجِيبُونَ,1,weak_root
جوب,فَلْيَسْتَجِيبُوا,2,weak_root
جوب,مُجِيبٌ,1,weak_root
جوب,نُجِب,1,weak_root
جوب,وَيَسْتَجِيبُ,1,weak_root
جوب,يَسْتَجِيبُ,2,weak_root
جوب,يَسْتَجِيبُوا,5,weak_root
جوب,يَسْتَجِيبُونَ,1,weak_root
جوب,يُجِب,1,weak_root
جوب,يُجِيبُ,1,weak_root
جود,الْجُودِيِّ,1,weak_root
جود,الْجِيَادُ,1,weak_root
جود,جِيدِهَا,1,weak_root
جور,اسْتَجَارَكَ,1,weak_root
جور,جَائِرٌ,1,weak_root
جور,جَارٌ,1,weak_root
جور,مُتَجَاوِرَاتٌ,1,weak_root
جور,وَالْجَارِ,2,weak_root
جور,وَيُجِرْكُم,1,weak_root
جور,يُجَارُ,1,weak_root
جور,يُجَاوِرُونَكَ,1,weak_root
جور,يُجِيرَنِي,1,weak_root
جور,يُجِيرُ,2,weak_root
جوز,جَازٍ,1,weak_root
جوز,جَاوَزَا,1,weak_root
جوز,جَاوَزَهُ,1,weak_root
جوز,وَجَاوَزْنَا,2,weak_root
جوز,وَنَتَجَاوَزُ,1,weak_root
جوع,الْجُوعِ,1,weak_root
جوع,تَجُوعَ,1,weak_root
جوع,جُوعٍ,2,weak_root
جوع,وَالْجُوعِ,1,weak_root
جوف,جَوْفِهِ,1,weak_root
جوو,جَوِّ,1,weak_root
جيء,أَجِئْتَنَا,5,weak_root
جيء,جَاءَ,57,weak_root
جيء,جَاءَت,8,weak_root
جيء,جَاءَتِ,2,weak_root
جيء,جَاءَتْكَ,1,weak_root
جيء,جَاءَتْكُم,4,weak_root
جيء,جَاءَتْكُمُ,1,weak_root
جيء,جَاءَتْنَا,1,weak_root
جيء,جَاءَتْهَا,1,weak_root
جيء,جَاءَتْهُ,1,weak_root
جيء,جَاءَتْهُم,11,weak_root
جيء,جَاءَتْهُمُ,7,weak_root
جيء,جَاءَكَ,11,weak_root
جيء,جَاءَكُم,21,weak_root
جيء,جَاءَكُمُ,4,weak_root
جيء,جَاءَنَا,6,weak_root
جيء,جَاءَنِي,2,weak_root
جيء,جَاءَنِيَ,1,weak_root
جيء,جَاءَهَا,2,weak_root
جيء,جَاءَهُ,7,weak_root
جيء,جَاءَهُم,30,weak_root
جيء,جَاءَهُمُ,11,weak_root
جيء,جَاءُو,4,weak_root
جيء,جَاءُوا,2,weak_root
جيء,جَاءُوكَ,5,weak_root
جيء,جَاءُوكُم,3,weak_root
جيء,جَاءُوهَا,3,weak_root
جيء,جِئْتَ,5,weak_root
جيء,جِئْتَنَا,2,weak_root
جيء,جِئْتَهُم,2,weak_root
جيء,جِئْتُكَ,1,weak_root
جيء,جِئْتُكُم,4,weak_root
جيء,جِئْتُم,2,weak_root
جيء,جِئْتُمُونَا,2,weak_root
جيء,جِئْتِ,1,weak_root
جيء,جِئْنَا,4,weak_root
جيء,جِئْنَاكَ,3,weak_root
جيء,جِئْنَاكُم,1,weak_root
جيء,جِئْنَاهُم,1,weak_root
جيء,فَأَجَاءَهَا,1,weak_root
جيء,فَجَاءَ,1,weak_root
جيء,فَجَاءَتْهُ,1,weak_root
جيء,فَجَاءَهَا,1,weak_root
جيء,فَجَاءُوهُم,2,weak_root
جيء,لَجَاءَهُمُ,1,weak_root
جيء,وَجَاءَ,10,weak_root
جيء,وَجَاءَت,3,weak_root
جيء,وَجَاءَتْهُ,1,weak_root
جيء,وَجَاءَتْهُم,2,weak_root
جيء,وَجَاءَكَ,1,weak_root
جيء,وَجَاءَكُمُ,1,weak_root
جيء,وَجَاءَهُ,1,weak_root
جيء,وَجَاءَهُم,1,weak_root
جيء,وَجَاءَهُمُ,2,weak_root
جيء,وَجَاءُو,3,weak_root
جيء,وَجِئْتُكَ,1,weak_root
جيء,وَجِئْتُكُم,1,weak_root
جيء,وَجِئْنَا,3,weak_root
جيء,وَجِايءَ,2,weak_root
جيب,جَيْبِكَ,2,weak_root
جيب,جُيُوبِهِنَّ,1,weak_root
جيس,فَجَاسُوا,1,weak_root
حاش,حَاشَ,2,weak_root
حتى,حَتَّى,142,weak_root
حري,تَحَرَّوْا,1,weak_root
حصي,أَحْصَاهَا,1,weak_root
حصي,أَحْصَاهُ,1,weak_root
حصي,أَحْصَاهُم,1,weak_root
حصي,أَحْصَى,1,weak_root
حصي,أَحْصَيْنَاهُ,2,weak_root
حصي,تُحْصُوهَا,2,weak_root
حصي,تُحْصُوهُ,1,weak_root
حصي,وَأَحْصَى,1,weak_root
حصي,وَأَحْصُوا,1,weak_root
حفي,حَفِيًّا,1,weak_root
حفي,حَفِيٌّ,1,weak_root
حفي,فَيُحْفِكُم,1,weak_root
حلل,حِلاًّ,1,alignment_failed
حلي,الْحِلْيَةِ,1,weak_root
حلي,حُلِيِّهِم,1,weak_root
حلي,حِلْيَةً,2,weak_root
حلي,حِلْيَةٍ,1,weak_root
حلي,وَحُلُّوا,1,weak_root
حلي,يُحَلَّوْنَ,3,weak_root
حم,حم,7,root_too_short
حمو,حَامِيَةً,1,weak_root
حمو,حَامِيَةٌ,1,weak_root
حمو,يُحْمَى,1,weak_root
حمي,الْحَمِيَّةَ,1,weak_root
حمي,حَامٍ,1,weak_root
حمي,حَمِيَّةَ,1,weak_root
حوب,حُوبًا,1,weak_root
حوت,الْحُوتَ,1,weak_root
حوت,الْحُوتُ,1,weak_root
حوت,الْحُوتِ,1,weak_root
حوت,حُوتَهُمَا,1,weak_root
حوت,حِيتَانُهُم,1,weak_root
حوج,حَاجَةً,3,weak_root
حوذ,اسْتَحْوَذَ,1,weak_root
حوذ,نَسْتَحْوِذ,1,weak_root
حور,الْحَوَارِيُّونَ,3,weak_root
حور,الْحَوَارِيِّنَ,1,weak_root
حور,بِحُورٍ,2,weak_root
حور,تَحَاوُرَكُمَا,1,weak_root
حور,حُورٌ,1,weak_root
حور,لِلْحَوَارِيِّنَ,1,weak_root
حور,وَحُورٌ,1,weak_root
حور,يَحُورَ,1,weak_root
حور,يُحَاوِرُهُ,2,weak_root
حوز,مُتَحَيِّزًا,1,weak_root
حوط,أَحَاطَ,4,weak_root
حوط,أَحَطتُ,1,weak_root
حوط,أَحَطْنَا,1,weak_root
حوط,أُحِيطَ,1,weak_root
حوط,تُحِط,2,weak_root
حوط,تُحِيطُوا,1,weak_root
حوط,لَمُحِيطَةٌ,2,weak_root
حوط,مُحِيطًا,2,weak_root
حوط,مُحِيطٌ,6,weak_root
حوط,مُحِيطٍ,1,weak_root
حوط,وَأَحَاطَ,1,weak_root
حوط,وَأَحَاطَت,1,weak_root
حوط,وَأُحِيطَ,1,weak_root
حوط,يُحَاطَ,1,weak_root
حوط,يُحِيطُوا,1,weak_root
حوط,يُحِيطُونَ,2,weak_root
حول,الْحَوْلِ,1,weak_root
حول,تَحْوِيلاً,3,weak_root
حول,حَوْلَ,1,weak_root
حول,حَوْلَكُم,2,weak_root
حول,حَوْلَهَا,3,weak_root
حول,حَوْلَهُ,5,weak_root
حول,حَوْلَهُم,1,weak_root
حول,حَوْلَيْنِ,1,weak_root
حول,حَوْلِ,1,weak_root
حول,حَوْلِكَ,1,weak_root
حول,حَوْلِهِم,1,weak_root
حول,حِوَلاً,1,weak_root
حول,حِيلَةً,1,weak_root
حول,وَحَالَ,1,weak_root
حول,وَحِيلَ,1,weak_root
حول,يَحُولُ,1,weak_root
حوي,أَحْوَى,1,weak_root
حوي,الْحَوَايَا,1,weak_root
حيث,حَيْثُ,29,weak_root
حيث,وَحَيْثُ,2,weak_root
حيد,تَحِيدُ,1,weak_root
حير,حَيْرَانَ,1,weak_root
حيص,مَحِيصًا,1,weak_root
حيص,مَحِيصٍ,4,weak_root
حيض,الْمَحِيضِ,3,weak_root
حيض,يَحِضْنَ,1,weak_root
حيف,يَحِيفَ,1,weak_root
حيق,فَحَاقَ,2,weak_root
حيق,وَحَاقَ,7,weak_root
حيق,يَحِيقُ,1,weak_root
حين,حِينٌ,1,weak_root
حين,حِينٍ,15,weak_root
حين,حِينَ,12,weak_root
حين,حِينَئِذٍ,1,weak_root
حين,حِينِ,1,weak_root
حين,وَحِينَ,5,weak_root
حيي,أَحْيَا,1,weak_root
حيي,أَحْيَاءً,1,weak_root
حيي,أَحْيَاءٌ,2,weak_root
حيي,أَحْيَاءٍ,1,weak_root
حيي,أَحْيَاكُم,1,weak_root
حيي,أَحْيَاهَا,2,weak_root
حيي,أَحْيَاهُم,1,weak_root
حيي,أَحْيَيْنَاهَا,1,weak_root
حيي,أُحْيِ,1,weak_root
حيي,اسْتِحْيَاءٍ,1,weak_root
حيي,الأَحْيَاءُ,1,weak_root
حيي,الْحَيَاةَ,11,weak_root
حيي,الْحَيَاةُ,15,weak_root
حيي,الْحَيَاةِ,37,weak_root
حيي,الْحَيَوَانُ,1,weak_root
حيي,الْحَيَّ,4,weak_root
حيي,الْحَيُّ,3,weak_root
حيي,الْحَيِّ,5,weak_root
حيي,بِالْحَيَاةِ,3,weak_root
حيي,بِتَحِيَّةٍ,1,weak_root
حيي,بِيَحْيَى,1,weak_root
حيي,تَحِيَّةً,2,weak_root
حيي,تَحِيَّتُهُم,2,weak_root
حيي,تَحْيَوْنَ,1,weak_root
حيي,تُحْيِ,1,weak_root
حيي,حَيَاةً,2,weak_root
حيي,حَيَاةٌ,1,weak_root
حيي,حَيَاةٍ,1,weak_root
حيي,حَيَاتُنَا,3,weak_root
حيي,حَيَاتِكُمُ,1,weak_root
حيي,حَيًّا,5,weak_root
حيي,حَيٍّ,1,weak_root
حيي,حَيَّ,1,weak_root
حيي,حَيَّةٌ,1,weak_root
حيي,حَيَّوْكَ,1,weak_root
حيي,حُيِّيتُم,1,weak_root
حيي,فَأَحْيَا,4,weak_root
حيي,فَأَحْيَاكُم,1,weak_root
حيي,فَأَحْيَيْنَا,1,weak_root
حيي,فَأَحْيَيْنَاهُ,1,weak_root
حيي,فَحَيُّوا,1,weak_root
حيي,فَلَنُحْيِيَنَّهُ,1,weak_root
حيي,فَيَسْتَحْيِ,1,weak_root
حيي,فَيُحْيِ,1,weak_root
حيي,لَمُحْيِ,2,weak_root
حيي,لِحَيَاتِي,1,weak_root
حيي,لِلْحَيِّ,1,weak_root
حيي,لِنُحِيَ,1,weak_root
حيي,مَحْيَاهُم,1,weak_root
حيي,نُحْيِ,3,weak_root
حيي,وَأَحْيَا,1,weak_root
حيي,وَأَحْيَيْتَنَا,1,weak_root
حيي,وَأَحْيَيْنَا,1,weak_root
حيي,وَأُحْيِ,1,weak_root
حيي,وَاسْتَحْيُوا,1,weak_root
حيي,وَالْحَيَاةَ,1,weak_root
حيي,وَتَحِيَّتُهُم,1,weak_root
حيي,وَمَحْيَايَ,1,weak_root
حيي,وَنَحْيَا,2,weak_root
حيي,وَنَسْتَحْيِ,1,weak_root
حيي,وَيَحْيَى,2,weak_root
حيي,وَيَسْتَحْيُونَ,3,weak_root
حيي,وَيَسْتَحْيِ,1,weak_root
حيي,وَيُحْيِ,1,weak_root
حيي,يَايَحْيَى,1,weak_root
حيي,يَحْيَى,4,weak_root
حيي,يَسْتَحْيِ,2,weak_root
حيي,يُحَيِّكَ,1,weak_root
حيي,يُحْيَ,2,weak_root
حيي,يُحْيِ,16,weak_root
حيي,يُحْيِيكُم,5,weak_root
حيي,يُحْيِينِ,1,weak_root
حيي,يُحْيِيهَا,1,weak_root
خزي,أَخْزَى,1,weak_root
خزي,أَخْزَيْتَهُ,1,weak_root
خزي,الْخِزْيَ,2,weak_root
خزي,الْخِزْيُ,1,weak_root
خزي,الْخِزْيِ,2,weak_root
خزي,تُخْزُونِ,2,weak_root
خزي,تُخْزِنَا,1,weak_root
خزي,تُخْزِنِي,1,weak_root
خزي,خِزْيٌ,5,weak_root
خزي,خِزْيِ,1,weak_root
خزي,مُخْزِي,1,weak_root
خزي,وَلِيُخْزِيَ,1,weak_root
خزي,وَنَخْزَى,1,weak_root
خزي,وَيُخْزِهِم,1,weak_root
خزي,يُخْزِي,1,weak_root
خزي,يُخْزِيهِ,3,weak_root
خزي,يُخْزِيهِم,1,weak_root
خشي,أَتَخْشَوْنَهُم,1,weak_root
خشي,تَخْشَاهُ,1,weak_root
خشي,تَخْشَوُا,1,weak_root
خشي,تَخْشَوْنَ,1,weak_root
خشي,تَخْشَوْهُ,1,weak_root
خشي,تَخْشَوْهُم,2,weak_root
خشي,تَخْشَى,1,weak_root
خشي,خَشِيتُ,1,weak_root
خشي,خَشِيَ,3,weak_root
خشي,خَشْيَةً,1,weak_root
خشي,خَشْيَةَ,2,weak_root
خشي,خَشْيَةِ,3,weak_root
خشي,خَشْيَتِهِ,1,weak_root
خشي,فَاخْشَوْهُم,1,weak_root
خشي,فَتَخْشَى,1,weak_root
خشي,فَخَشِينَا,1,weak_root
خشي,كَخَشْيَةِ,1,weak_root
خشي,نَخْشَى,1,weak_root
خشي,وَاخْشَوْا,1,weak_root
خشي,وَاخْشَوْنِ,2,weak_root
خشي,وَاخْشَوْنِي,1,weak_root
خشي,وَتَخْشَى,1,weak_root
خشي,وَخَشِيَ,1,weak_root
خشي,وَلْيَخْشَ,1,weak_root
خشي,وَيَخْشَ,1,weak_root
خشي,وَيَخْشَوْنَ,1,weak_root
خشي,وَيَخْشَوْنَهُ,1,weak_root
خشي,يَخْشَ,1,weak_root
خشي,يَخْشَاهَا,1,weak_root
خشي,يَخْشَوْنَ,6,weak_root
خشي,يَخْشَى,6,weak_root
خطء,خَطَايَاكُم,2,alignment_failed
خطء,خَطَايَانَا,2,alignment_failed
خطء,خَطَايَاهُم,1,alignment_failed
خطو,خُطُوَاتِ,5,weak_root
خفي,أَخْفَيْتُم,1,weak_root
خفي,أُخْفِيهَا,1,weak_root
خفي,أُخْفِيَ,1,weak_root
خفي,تَخْفَى,1,weak_root
خفي,تُخْفُوا,1,weak_root
خفي,تُخْفُونَ,2,weak_root
خفي,تُخْفُوهَا,1,weak_root
خفي,تُخْفُوهُ,3,weak_root
خفي,تُخْفِي,2,weak_root
خفي,خَافِيَةٌ,1,weak_root
خفي,خَفِيًّا,1,weak_root
خفي,خَفِيٍّ,1,weak_root
خفي,لِيَسْتَخْفُوا,1,weak_root
خفي,مُسْتَخْفٍ,1,weak_root
خفي,نُخْفِي,1,weak_root
خفي,وَأَخْفَى,1,weak_root
خفي,وَتُخْفُونَ,1,weak_root
خفي,وَتُخْفِي,1,weak_root
خفي,وَخُفْيَةً,2,weak_root
خفي,يَخْفَوْنَ,1,weak_root
خفي,يَخْفَى,4,weak_root
خفي,يَسْتَخْفُونَ,2,weak_root
خفي,يُخْفُونَ,2,weak_root
خفي,يُخْفِينَ,1,weak_root
خلل,الأَخِلاَّءُ,1,alignment_failed
خلو,الْخَالِيَةِ,1,weak_root
خلو,خَلاَ,2,weak_root
خلو,خَلَت,13,weak_root
خلو,خَلَتِ,2,weak_root
خلو,خَلَوْا,7,weak_root
خلو,فَخَلُّوا,1,weak_root
خلو,وَتَخَلَّت,1,weak_root
خلو,يَخْلُ,1,weak_root
خور,خُوَارٌ,2,weak_root
خوض,الْخَائِضِينَ,1,weak_root
خوض,خَاضُوا,1,weak_root
خوض,خَوْضٍ,1,weak_root
خوض,خَوْضِهِم,1,weak_root
خوض,نَخُوضُ,2,weak_root
خوض,وَخُضْتُم,1,weak_root
خوض,يَخُوضُوا,4,weak_root
خوض,يَخُوضُونَ,1,weak_root
خوف,أَخَافُ,20,weak_root
خوف,الْخَوْفُ,2,weak_root
خوف,الْخَوْفِ,2,weak_root
خوف,تَخَافَا,1,weak_root
خوف,تَخَافَنَّ,1,weak_root
خوف,تَخَافُ,1,weak_root
خوف,تَخَافُوا,1,weak_root
خوف,تَخَافُونَ,4,weak_root
خوف,تَخَافُونَهُم,1,weak_root
خوف,تَخَافُوهُم,1,weak_root
خوف,تَخَافِي,1,weak_root
خوف,تَخَف,9,weak_root
خوف,تَخَوُّفٍ,1,weak_root
خوف,تَخْوِيفًا,1,weak_root
خوف,خَائِفًا,2,weak_root
خوف,خَائِفِينَ,1,weak_root
خوف,خَافَ,5,weak_root
خوف,خَافَت,1,weak_root
خوف,خَافُوا,1,weak_root
خوف,خَوْفًا,4,weak_root
خوف,خَوْفٌ,14,weak_root
خوف,خَوْفٍ,2,weak_root
خوف,خَوْفِهِم,1,weak_root
خوف,خِفْتُ,1,weak_root
خوف,خِفْتُكُم,1,weak_root
خوف,خِفْتُم,7,weak_root
خوف,خِفْتِ,1,weak_root
خوف,خِيفَةً,3,weak_root
خوف,خِيفَتِهِ,1,weak_root
خوف,فَأَخَافُ,2,weak_root
خوف,كَخِيفَتِكُم,1,weak_root
خوف,نَخَافُ,2,weak_root
خوف,وَأَخَافُ,1,weak_root
خوف,وَالْخَوْفِ,1,weak_root
خوف,وَخَافَ,1,weak_root
خوف,وَخَافُونِ,1,weak_root
خوف,وَخِيفَةً,1,weak_root
خوف,وَنُخَوِّفُهُم,1,weak_root
خوف,وَيَخَافُونَ,3,weak_root
خوف,وَيُخَوِّفُونَكَ,1,weak_root
خوف,يَخَافَا,1,weak_root
خوف,يَخَافُ,5,weak_root
خوف,يَخَافُهُ,1,weak_root
خوف,يَخَافُوا,1,weak_root
خوف,يَخَافُونَ,8,weak_root
خوف,يُخَوِّفُ,2,weak_root
خول,أَخْوَالِكُم,1,weak_root
خول,خَالاَتِكَ,1,weak_root
خول,خَالاَتِكُم,1,weak_root
خول,خَالِكَ,1,weak_root
خول,خَوَّلَهُ,1,weak_root
خول,خَوَّلْنَاكُم,1,weak_root
خول,خَوَّلْنَاهُ,1,weak_root
خول,وَخَالاَتُكُم,1,weak_root
خون,أَخُنْهُ,1,weak_root
خون,الْخَائِنِينَ,2,weak_root
خون,تَخُونُوا,1,weak_root
خون,تَخْتَانُونَ,1,weak_root
خون,خَائِنَةٍ,1,weak_root
خون,خَائِنَةَ,1,weak_root
خون,خَانُوا,1,weak_root
خون,خَوَّانًا,1,weak_root
خون,خَوَّانٍ,1,weak_root
خون,خِيَانَةً,1,weak_root
خون,خِيَانَتَكَ,1,weak_root
خون,فَخَانَتَاهُمَا,1,weak_root
خون,لِلْخَائِنِينَ,1,weak_root
خون,وَتَخُونُوا,1,weak_root
خون,يَخْتَانُونَ,1,weak_root
خوي,خَاوِيَةً,1,weak_root
خوي,خَاوِيَةٌ,3,weak_root
خوي,خَاوِيَةٍ,1,weak_root
خيب,خَائِبِينَ,1,weak_root
خيب,خَابَ,3,weak_root
خيب,وَخَابَ,1,weak_root
خير,اخْتَرْتُكَ,1,weak_root
خير,اخْتَرْنَاهُم,1,weak_root
خير,الأَخْيَارِ,2,weak_root
خير,الْخَيْرَ,1,weak_root
خير,الْخَيْرَاتُ,1,weak_root
خير,الْخَيْرَاتِ,7,weak_root
خير,الْخَيْرُ,2,weak_root
خير,الْخَيْرِ,6,weak_root
خير,الْخِيَرَةُ,2,weak_root
خير,بِالْخَيْرَاتِ,1,weak_root
خير,بِالْخَيْرِ,2,weak_root
خير,بِخَيْرٍ,6,weak_root
خير,تَخَيَّرُونَ,1,weak_root
خير,خَيْرًا,37,weak_root
خير,خَيْرٌ,78,weak_root
خير,خَيْرٍ,14,weak_root
خير,خَيْرَ,4,weak_root
خير,خَيْرَاتٌ,1,weak_root
خير,خَيْرُ,20,weak_root
خير,لِلْخَيْرِ,2,weak_root
خير,وَاخْتَارَ,1,weak_root
خير,وَالْخَيْرِ,1,weak_root
خير,وَخَيْرٌ,3,weak_root
خير,وَيَخْتَارُ,1,weak_root
خير,يَتَخَيَّرُونَ,1,weak_root
خيط,الْخَيْطُ,1,weak_root
خيط,الْخَيْطِ,1,weak_root
خيط,الْخِيَاطِ,1,weak_root
خيل,الْخَيْلِ,1,weak_root
خيل,بِخَيْلِكَ,1,weak_root
خيل,خَيْلٍ,1,weak_root
خيل,مُخْتَالاً,1,weak_root
خيل,مُخْتَالٍ,2,weak_root
خيل,وَالْخَيْلَ,1,weak_root
خيل,وَالْخَيْلِ,1,weak_root
خيل,يُخَيَّلُ,1,weak_root
خيم,الْخِيَامِ,1,weak_root
داود,دَاوُدَ,11,weak_root
داود,دَاوُدُ,2,weak_root
داود,لِدَاوُدَ,1,weak_root
داود,وَدَاوُدَ,1,weak_root
داود,يَادَاوُدُ,1,weak_root
دحو,دَحَاهَا,1,weak_root
دري,أَدْرَاكَ,13,weak_root
دري,أَدْرَاكُم,1,weak_root
دري,أَدْرِ,1,weak_root
دري,أَدْرِي,4,weak_root
دري,تَدْرُونَ,1,weak_root
دري,تَدْرِي,4,weak_root
دري,نَدْرِي,2,weak_root
دري,يُدْرِيكَ,3,weak_root
دعو,أَتَدْعُونَ,1,weak_root
دعو,أَدَعَوْتُمُوهُم,1,weak_root
دعو,أَدْعُوا,3,weak_root
دعو,أَدْعُوكُم,2,weak_root
دعو,أَدْعِيَاءَكُم,1,weak_root
دعو,أَدْعِيَائِهِم,1,weak_root
دعو,أَنَدْعُوا,1,weak_root
دعو,ادْعُ,6,weak_root
دعو,ادْعُهُنَّ,1,weak_root
دعو,ادْعُوا,8,weak_root
دعو,ادْعُونِي,1,weak_root
دعو,ادْعُوهُم,1,weak_root
دعو,الدَّاعِ,3,weak_root
دعو,الدَّاعِيَ,1,weak_root
دعو,الدُّعَاءَ,3,weak_root
دعو,الدُّعَاءِ,2,weak_root
دعو,بِدُعَاءِ,1,weak_root
دعو,بِدُعَائِكَ,1,weak_root
دعو,تَدَّعُونَ,2,weak_root
دعو,تَدْعُ,4,weak_root
دعو,تَدْعُهُم,1,weak_root
دعو,تَدْعُوا,4,weak_root
دعو,تَدْعُونَ,16,weak_root
دعو,تَدْعُونَا,2,weak_root
دعو,تَدْعُونَنَا,1,weak_root
دعو,تَدْعُونَنِي,2,weak_root
دعو,تَدْعُونَهُ,1,weak_root
دعو,تَدْعُوهُم,4,weak_root
دعو,تُدْعَوْنَ,2,weak_root
دعو,تُدْعَى,1,weak_root
دعو,دَاعِيَ,2,weak_root
دعو,دَعَا,3,weak_root
دعو,دَعَاكُم,2,weak_root
دعو,دَعَانَا,2,weak_root
دعو,دَعَانِ,1,weak_root
دعو,دَعَاهُ,1,weak_root
دعو,دَعَوَا,1,weak_root
دعو,دَعَوُا,3,weak_root
دعو,دَعَوْا,3,weak_root
دعو,دَعَوْتُ,1,weak_root
دعو,دَعَوْتُكُم,1,weak_root
دعو,دَعَوْتُهُم,2,weak_root
دعو,دَعْوَاهُم,4,weak_root
دعو,دَعْوَةً,1,weak_root
دعو,دَعْوَةٌ,1,weak_root
دعو,دَعْوَةَ,1,weak_root
دعو,دَعْوَةُ,1,weak_root
دعو,دَعْوَتَكَ,1,weak_root
دعو,دَعْوَتُكُمَا,1,weak_root
دعو,دُعَاءً,1,weak_root
دعو,دُعَاءٍ,1,weak_root
دعو,دُعَاءَ,1,weak_root
دعو,دُعَاءَكُم,1,weak_root
دعو,دُعَاءَهُ,1,weak_root
دعو,دُعَاءُ,1,weak_root
دعو,دُعَاءِ,2,weak_root
دعو,دُعَاءِي,1,weak_root
دعو,دُعَاؤُا,1,weak_root
دعو,دُعَاؤُكُم,1,weak_root
دعو,دُعَائِهِم,1,weak_root
دعو,دُعُوا,3,weak_root
دعو,دُعِيتُم,1,weak_root
دعو,دُعِيَ,1,weak_root
دعو,سَتُدْعَوْنَ,1,weak_root
دعو,سَنَدْعُ,1,weak_root
دعو,فَادْعُ,2,weak_root
دعو,فَادْعُوا,2,weak_root
دعو,فَادْعُوهُ,2,weak_root
دعو,فَادْعُوُهُم,1,weak_root
دعو,فَدَعَا,2,weak_root
دعو,فَدَعَوْهُم,2,weak_root
دعو,فَلْيَدْعُ,1,weak_root
دعو,كَدُعَاءِ,1,weak_root
دعو,لَتَدْعُوهُم,1,weak_root
دعو,نَدْعُ,1,weak_root
دعو,نَدْعُوا,3,weak_root
دعو,نَدْعُوهُ,1,weak_root
دعو,نَدْعُوَا,1,weak_root
دعو,وَأَدْعُوا,1,weak_root
دعو,وَادْعُ,2,weak_root
دعو,وَادْعُوا,4,weak_root
دعو,وَادْعُوهُ,2,weak_root
دعو,وَتَدْعُوا,1,weak_root
دعو,وَتَدْعُونَنِي,1,weak_root
دعو,وَدَاعِيًا,1,weak_root
دعو,وَلْيَدْعُ,1,weak_root
دعو,وَيَدْعُ,1,weak_root
دعو,وَيَدْعُونَنَا,1,weak_root
دعو,وَيُدْعَوْنَ,1,weak_root
دعو,يَدَّعُونَ,1,weak_root
دعو,يَدْعُ,2,weak_root
دعو,يَدْعُوا,8,weak_root
دعو,يَدْعُوكَ,1,weak_root
دعو,يَدْعُوكُم,4,weak_root
دعو,يَدْعُونَ,23,weak_root
دعو,يَدْعُونَنِي,1,weak_root
دعو,يَدْعُونَهُ,1,weak_root
دعو,يَدْعُوهُ,1,weak_root
دعو,يَدْعُوهُم,1,weak_root
دعو,يُدْعَوْنَ,2,weak_root
دعو,يُدْعَى,1,weak_root
دلل,فَأَدْلَى,1,alignment_failed
دلل,وَتُدْلُوا,1,alignment_failed
دلو,دَلِيلاً,1,weak_root
دلو,دَلَّهُم,1,weak_root
دلو,دَلْوَهُ,1,weak_root
دلو,فَتَدَلَّى,1,weak_root
دلو,فَدَلاَّهُمَا,1,weak_root
دمم,الدِّمَاءَ,1,alignment_failed
دمم,بِدَمٍ,1,alignment_failed
دمم,دَمًا,1,alignment_failed
دمم,دِمَاؤُهَا,1,alignment_failed
دمم,وَالدَّمَ,3,alignment_failed
دمم,وَالدَّمُ,1,alignment_failed
دمم,وَدَمٍ,1,alignment_failed
دنو,أَدْنَى,9,weak_root
دنو,الأَدْنَى,2,weak_root
دنو,الدُّنْيَا,115,weak_root
دنو,دَانٍ,1,weak_root
دنو,دَانِيَةٌ,2,weak_root
دنو,دَنَا,1,weak_root
دنو,وَأَدْنَى,1,weak_root
دنو,وَدَانِيَةً,1,weak_root
دنو,يُدْنِينَ,1,weak_root
دهي,أَدْهَى,1,weak_root
دور,الدَّارَ,3,weak_root
دور,الدَّارُ,2,weak_root
دور,الدَّارِ,8,weak_root
دور,الدَّوَائِرَ,1,weak_root
دور,الدِّيَارِ,1,weak_root
دور,تَدُورُ,1,weak_root
دور,تُدِيرُونَهَا,1,weak_root
دور,دَائِرَةٌ,1,weak_root
دور,دَائِرَةُ,2,weak_root
دور,دَارَ,3,weak_root
دور,دَارُ,4,weak_root
دور,دَارِ,1,weak_root
دور,دَارِكُم,1,weak_root
دور,دَارِهِم,4,weak_root
دور,دَيَّارًا,1,weak_root
دور,دِيَارِكُم,4,weak_root
دور,دِيَارِنَا,1,weak_root
دور,دِيَارِهِم,9,weak_root
دور,وَالدَّارَ,1,weak_root
دور,وَالدَّارُ,1,weak_root
دور,وَبِدَارِهِ,1,weak_root
دور,وَدِيَارَهُم,1,weak_root
دور,وَلَدَارُ,2,weak_root
دور,وَلَلدَّارُ,1,weak_root
دول,دُولَةً,1,weak_root
دول,نُدَاوِلُهَا,1,weak_root
دوم,دَائِمٌ,1,weak_root
دوم,دَائِمُونَ,1,weak_root
دوم,دَامَتِ,2,weak_root
دوم,دَامُوا,1,weak_root
دوم,دُمْتَ,1,weak_root
دوم,دُمْتُ,2,weak_root
دوم,دُمْتُم,1,weak_root
دون,دُونَ,8,weak_root
دون,دُونِ,83,weak_root
دون,دُونِكَ,2,weak_root
دون,دُونِكُم,1,weak_root
دون,دُونِنَا,1,weak_root
دون,دُونِهَا,1,weak_root
دون,دُونِهِ,38,weak_root
دون,دُونِهِم,3,weak_root
دون,دُونِهِمَا,2,weak_root
دون,دُونِهِمُ,1,weak_root
دون,دُونِي,3,weak_root
دون,وَدُونَ,1,weak_root
دين,الدِّينَ,13,weak_root
دين,الدِّينُ,7,weak_root
دين,الدِّينِ,27,weak_root
دين,الْمَدَائِنِ,3,weak_root
دين,الْمَدِينَةَ,1,weak_root
دين,الْمَدِينَةِ,13,weak_root
دين,بِالدِّينِ,3,weak_root
دين,بِدَيْنٍ,1,weak_root
دين,بِدِينِكُم,1,weak_root
دين,تَدَايَنتُم,1,weak_root
دين,دَيْنٍ,4,weak_root
دين,دِينًا,4,weak_root
دين,دِينَ,1,weak_root
دين,دِينَكُم,4,weak_root
دين,دِينَهُم,6,weak_root
دين,دِينَهُمُ,2,weak_root
دين,دِينُ,1,weak_root
دين,دِينُكُم,1,weak_root
دين,دِينُهُم,1,weak_root
دين,دِينِ,5,weak_root
دين,دِينِكُم,5,weak_root
دين,دِينِهِ,2,weak_root
دين,دِينِهِم,1,weak_root
دين,دِينِي,2,weak_root
دين,لَمَدِينُونَ,1,weak_root
دين,لِلدِّينِ,3,weak_root
دين,مَدِينِينَ,1,weak_root
دين,وَدِينِ,3,weak_root
دين,يَدِينُونَ,1,weak_root
ذرو,تَذْرُوهُ,1,weak_root
ذرو,ذَرْوًا,1,weak_root
ذرو,وَالذَّارِيَاتِ,1,weak_root
ذكو,ذَكَّيْتُم,1,weak_root
ذلك,فَذَانِكَ,1,alignment_failed
ذو,أَفَبِهَذَا,1,root_too_short
ذو,أَمَّاذَا,1,root_too_short
ذو,بِذَاتِ,12,root_too_short
ذو,ذَا,16,root_too_short
ذو,ذَاتَ,6,root_too_short
ذو,ذَاتُ,1,root_too_short
ذو,ذَاتِ,10,root_too_short
ذو,ذَوَا,2,root_too_short
ذو,ذَوَاتَا,1,root_too_short
ذو,ذَوَاتَي,1,root_too_short
ذو,ذَوَي,1,root_too_short
ذو,ذَوِي,1,root_too_short
ذو,ذُو,25,root_too_short
ذو,ذِي,19,root_too_short
ذو,فَذُو,1,root_too_short
ذو,لَذُو,8,root_too_short
ذو,لِذِي,1,root_too_short
ذو,وَبِذِي,1,root_too_short
ذو,وَذَا,3,root_too_short
ذو,وَذَاتَ,1,root_too_short
ذو,وَذُو,1,root_too_short
ذو,وَذِي,1,root_too_short
ذو,وَلِذِي,2,root_too_short
ذو,يَاذَا,2,root_too_short
ذود,تَذُودَانِ,1,weak_root
ذوق,أَذَاقَهُم,1,weak_root
ذوق,أَذَقْنَا,4,weak_root
ذوق,أَذَقْنَاهُ,2,weak_root
ذوق,ذَائِقَةُ,3,weak_root
ذوق,ذَاقَا,1,weak_root
ذوق,ذَاقُوا,2,weak_root
ذوق,ذُق,1,weak_root
ذوق,ذُوقُوا,8,weak_root
ذوق,فَأَذَاقَهَا,1,weak_root
ذوق,فَأَذَاقَهُمُ,1,weak_root
ذوق,فَذَاقَت,1,weak_root
ذوق,فَذَاقُوا,1,weak_root
ذوق,فَذُوقُوا,11,weak_root
ذوق,فَذُوقُوهُ,1,weak_root
ذوق,فَلَنُذِيقَنَّ,1,weak_root
ذوق,فَلْيَذُوقُوهُ,1,weak_root
ذوق,لأَذَقْنَاكَ,1,weak_root
ذوق,لَذَائِقُوا,1,weak_root
ذوق,لَذَائِقُونَ,1,weak_root
ذوق,لِنُذِيقَهُم,1,weak_root
ذوق,لِيَذُوقَ,1,weak_root
ذوق,لِيَذُوقُوا,1,weak_root
ذوق,لِيُذِيقَهُم,1,weak_root
ذوق,نُذِقْهُ,3,weak_root
ذوق,نُذِيقُهُمُ,1,weak_root
ذوق,وَتَذُوقُوا,1,weak_root
ذوق,وَذُوقُوا,3,weak_root
ذوق,وَلَنُذِيقَنَّهُم,2,weak_root
ذوق,وَلِيُذِيقَكُم,1,weak_root
ذوق,وَنُذِيقُهُ,1,weak_root
ذوق,وَيُذِيقَ,1,weak_root
ذوق,يَذُوقُوا,1,weak_root
ذوق,يَذُوقُونَ,2,weak_root
ذيع,أَذَاعُوا,1,weak_root
رءي,أَرَءَيْتَ,6,weak_root
رءي,أَرَءَيْتَكَ,1,weak_root
رءي,أَرَءَيْتَكُم,2,weak_root
رءي,أَرَءَيْتُم,14,weak_root
رءي,أَرَاكَ,2,weak_root
رءي,أَرَاكَهُم,1,weak_root
رءي,أَرَاكُم,4,weak_root
رءي,أَرَانِي,2,weak_root
رءي,أَرَى,5,weak_root
رءي,أَرَيْنَاكَ,1,weak_root
رءي,أَرَيْنَاهُ,1,weak_root
رءي,أَرُونِي,2,weak_root
رءي,أَرُونِيَ,1,weak_root
رءي,أَرِنَا,2,weak_root
رءي,أَرِنِي,2,weak_root
رءي,أَفَرَءَيْتَ,4,weak_root
رءي,أَفَرَءَيْتُم,4,weak_root
رءي,أَفَرَءَيْتُمُ,3,weak_root
رءي,أُرِيكُم,1,weak_root
رءي,الرَّأْيِ,1,weak_root
رءي,الرُّءْيَا,3,weak_root
رءي,تَرَ,31,weak_root
رءي,تَرَاءَا,1,weak_root
رءي,تَرَاءَتِ,1,weak_root
رءي,تَرَانِي,2,weak_root
رءي,تَرَاهُم,1,weak_root
رءي,تَرَنِ,1,weak_root
رءي,تَرَوْا,2,weak_root
رءي,تَرَوْنَ,2,weak_root
رءي,تَرَوْنَهَا,3,weak_root
رءي,تَرَوْنَهُم,1,weak_root
رءي,تَرَوْهَا,3,weak_root
رءي,تَرَى,19,weak_root
رءي,تَرَيِنَّ,1,weak_root
رءي,تُرِيَنِّي,1,weak_root
رءي,رَءَا,10,weak_root
رءي,رَءَاكَ,1,weak_root
رءي,رَءَاهَا,2,weak_root
رءي,رَءَاهُ,4,weak_root
رءي,رَأَتْهُ,1,weak_root
رءي,رَأَتْهُم,1,weak_root
رءي,رَأَوُا,4,weak_root
رءي,رَأَوْا,6,weak_root
رءي,رَأَوْكَ,1,weak_root
رءي,رَأَوْهَا,1,weak_root
رءي,رَأَوْهُ,2,weak_root
رءي,رَأَوْهُم,1,weak_root
رءي,رَأَى,2,weak_root
رءي,رَأَيْتَ,5,weak_root
ربب,رُبَمَا,1,alignment_failed
ربو,أَرْبَى,1,weak_root
ربو,الرِّبَوا,7,weak_root
ربو,بِرَبْوَةٍ,1,weak_root
ربو,رَابِيًا,1,weak_root
ربو,رَابِيَةً,1,weak_root
ربو,رَبَّيَانِي,1,weak_root
ربو,رَبْوَةٍ,1,weak_root
ربو,رِبًا,1,weak_root
ربو,لَيَرْبُوَا,1,weak_root
ربو,نُرَبِّكَ,1,weak_root
ربو,وَرَبَت,2,weak_root
ربو,وَيُرْبِي,1,weak_root
ربو,يَرْبُوا,1,weak_root
رجو,أَرْجَائِهَا,1,weak_root
رجو,أَرْجِه,2,weak_root
رجو,تَرْجُوا,1,weak_root
رجو,تَرْجُونَ,1,weak_root
رجو,تَرْجُوهَا,1,weak_root
رجو,تُرْجِي,1,weak_root
رجو,مَرْجُوًّا,1,weak_root
رجو,مُرْجَوْنَ,1,weak_root
رجو,وَارْجُوا,1,weak_root
رجو,وَتَرْجُونَ,1,weak_root
رجو,وَيَرْجُوا,1,weak_root
رجو,وَيَرْجُونَ,1,weak_root
رجو,يَرْجُوا,4,weak_root
رجو,يَرْجُونَ,11,weak_root
رخو,رُخَاءً,1,weak_root
ردي,أَرْدَاكُم,1,weak_root
ردي,تَرَدَّى,1,weak_root
ردي,فَتَرْدَى,1,weak_root
ردي,لَتُرْدِينِ,1,weak_root
ردي,لِيُرْدُوهُم,1,weak_root
ردي,وَالْمُتَرَدِّيَةُ,1,weak_root
رسو,أَرْسَاهَا,1,weak_root
رسو,رَاسِيَاتٍ,1,weak_root
رسو,رَوَاسِيَ,9,weak_root
رسو,مُرْسَاهَا,2,weak_root
رسو,وَمُرْسَاهَا,1,weak_root
رضي,أَرَضِيتُم,1,weak_root
رضي,ارْتَضَى,3,weak_root
رضي,تَرَاضٍ,2,weak_root
رضي,تَرَاضَوْا,1,weak_root
رضي,تَرَاضَيْتُم,1,weak_root
رضي,تَرْضَاهَا,1,weak_root
رضي,تَرْضَاهُ,2,weak_root
رضي,تَرْضَوْا,1,weak_root
رضي,تَرْضَوْنَ,1,weak_root
رضي,تَرْضَوْنَهَا,1,weak_root
رضي,تَرْضَى,2,weak_root
رضي,رَاضِيَةً,1,weak_root
رضي,رَاضِيَةٌ,1,weak_root
رضي,رَاضِيَةٍ,2,weak_root
رضي,رَضُوا,4,weak_root
رضي,رَضِيتُم,1,weak_root
رضي,رَضِيَ,5,weak_root
رضي,رَضِيًّا,1,weak_root
رضي,رِضْوَانَ,2,weak_root
رضي,رِضْوَانَهُ,2,weak_root
رضي,رِضْوَانِ,1,weak_root
رضي,فَتَرْضَى,1,weak_root
رضي,لِتَرْضَوْا,1,weak_root
رضي,لِتَرْضَى,1,weak_root
رضي,لِيُرْضُوكُم,1,weak_root
رضي,مَرْضَاتَ,1,weak_root
رضي,مَرْضَاتِ,3,weak_root
رضي,مَرْضَاتِي,1,weak_root
رضي,مَرْضِيًّا,1,weak_root
رضي,مَرْضِيَّةً,1,weak_root
رضي,وَرَضُوا,5,weak_root
رضي,وَرَضِيتُ,1,weak_root
رضي,وَرَضِيَ,1,weak_root
رضي,وَرِضْوَانًا,3,weak_root
رضي,وَرِضْوَانٌ,3,weak_root
رضي,وَرِضْوَانٍ,2,weak_root
رضي,وَلِيَرْضَوْهُ,1,weak_root
رضي,وَيَرْضَى,1,weak_root
رضي,وَيَرْضَيْنَ,1,weak_root
رضي,يَرْضَهُ,1,weak_root
رضي,يَرْضَوْنَهُ,1,weak_root
رضي,يَرْضَى,4,weak_root
رضي,يُرْضُونَكُم,1,weak_root
رضي,يُرْضُوهُ,1,weak_root
رعي,الرِّعَاءُ,1,weak_root
رعي,الْمَرْعَى,1,weak_root
رعي,رَاعُونَ,2,weak_root
رعي,رَاعِنَا,1,weak_root
رعي,رَعَوْهَا,1,weak_root
رعي,رِعَايَتِهَا,1,weak_root
رعي,وَارْعَوْا,1,weak_root
رعي,وَرَاعِنَا,1,weak_root
رعي,وَمَرْعَاهَا,1,weak_root
رقي,التَّرَاقِيَ,1,weak_root
رقي,تَرْقَى,1,weak_root
رقي,رَاقٍ,1,weak_root
رقي,فَلْيَرْتَقُوا,1,weak_root
رقي,لِرُقِيِّكَ,1,weak_root
رمي,تَرْمِي,1,weak_root
رمي,تَرْمِيهِم,1,weak_root
رمي,رَمَى,1,weak_root
رمي,رَمَيْتَ,2,weak_root
رمي,يَرْمُونَ,3,weak_root
رمي,يَرْمِ,1,weak_root
رهو,رَهْوًا,1,weak_root
روح,الرُّوحَ,1,weak_root
روح,الرُّوحُ,3,weak_root
روح,الرُّوحِ,1,weak_root
روح,الرِّيحَ,5,weak_root
روح,الرِّيحُ,2,weak_root
روح,الرِّيحِ,1,weak_root
روح,الرِّيَاحَ,7,weak_root
روح,الرِّيَاحُ,1,weak_root
روح,الرِّيَاحِ,2,weak_root
روح,بِالرُّوحِ,1,weak_root
روح,بِرُوحٍ,1,weak_root
روح,بِرُوحِ,3,weak_root
روح,بِرِيحٍ,2,weak_root
روح,تُرِيحُونَ,1,weak_root
روح,رَوْحِ,2,weak_root
روح,رُوحًا,1,weak_root
روح,رُوحَنَا,1,weak_root
روح,رُوحُ,1,weak_root
روح,رُوحِنَا,2,weak_root
روح,رُوحِهِ,1,weak_root
روح,رُوحِي,2,weak_root
روح,رِيحًا,4,weak_root
روح,رِيحٌ,2,weak_root
روح,رِيحٍ,1,weak_root
روح,رِيحَ,1,weak_root
روح,رِيحُكُم,1,weak_root
روح,فَرَوْحٌ,1,weak_root
روح,وَالرَّيْحَانُ,1,weak_root
روح,وَالرُّوحُ,2,weak_root
روح,وَرَوَاحُهَا,1,weak_root
روح,وَرَيْحَانٌ,1,weak_root
روح,وَرُوحٌ,1,weak_root
رود,أَتُرِيدُ,1,weak_root
رود,أَتُرِيدُونَ,2,weak_root
رود,أَرَادَ,18,weak_root
رود,أَرَادَا,1,weak_root
رود,أَرَادَنِي,1,weak_root
رود,أَرَادَنِيَ,1,weak_root
رود,أَرَادُوا,4,weak_root
رود,أَرَدتُّ,1,weak_root
رود,أَرَدتُّم,2,weak_root
رود,أَرَدتُّمُ,1,weak_root
رود,أَرَدْنَ,1,weak_root
رود,أَرَدْنَا,4,weak_root
رود,أَرَدْنَاهُ,1,weak_root
رود,أُرِيدُ,8,weak_root
رود,تُرَاوِدُ,1,weak_root
رود,تُرِدْنَ,2,weak_root
رود,تُرِيدُ,3,weak_root
رود,تُرِيدُونَ,5,weak_root
رود,رَاوَدتُّنَّ,1,weak_root
رود,رَاوَدتُّهُ,2,weak_root
رود,رَاوَدَتْنِي,1,weak_root
رود,رَاوَدُوهُ,1,weak_root
رود,رُوَيْدًا,1,weak_root
رود,سَنُرَاوِدُ,1,weak_root
رود,فَأَرَادَ,2,weak_root
رود,فَأَرَادُوا,1,weak_root
رود,فَأَرَدتُّ,1,weak_root
رود,فَأَرَدْنَا,1,weak_root
رود,نُرِيدُ,4,weak_root
رود,وَأَرَادُوا,1,weak_root
رود,وَرَاوَدَتْهُ,1,weak_root
رود,وَنُرِيدُ,1,weak_root
رود,وَيُرِيدُ,3,weak_root
رود,وَيُرِيدُونَ,3,weak_root
رود,يُرَادُ,1,weak_root
رود,يُرِد,5,weak_root
رود,يُرِدِ,3,weak_root
رود,يُرِدْكَ,1,weak_root
رود,يُرِدْنِ,1,weak_root
رود,يُرِيدَا,1,weak_root
رود,يُرِيدَانِ,1,weak_root
رود,يُرِيدُ,38,weak_root
رود,يُرِيدُوا,2,weak_root
رود,يُرِيدُونَ,13,weak_root
روض,رَوْضَاتِ,1,weak_root
روض,رَوْضَةٍ,1,weak_root
روع,الرَّوْعُ,1,weak_root
روغ,فَرَاغَ,3,weak_root
روم,الرُّومُ,1,weak_root
ريب,ارْتَابُوا,1,weak_root
ريب,ارْتَبْتُم,2,weak_root
ريب,تَرْتَابُوا,1,weak_root
ريب,رَيْبٍ,2,weak_root
ريب,رَيْبَ,15,weak_root
ريب,رَيْبِهِم,1,weak_root
ريب,رِيبَةً,1,weak_root
ريب,لاَّرْتَابَ,1,weak_root
ريب,مُرِيبٍ,7,weak_root
ريب,مُرْتَابٌ,1,weak_root
ريب,وَارْتَابَت,1,weak_root
ريب,وَارْتَبْتُم,1,weak_root
ريب,يَرْتَابَ,1,weak_root
ريب,يَرْتَابُوا,1,weak_root
ريش,وَرِيشًا,1,weak_root
ريع,رِيعٍ,1,weak_root
رين,رَانَ,1,weak_root
زجو,مُزْجَاةٍ,1,weak_root
زجو,يُزْجِي,2,weak_root
زري,تَزْدَرِي,1,weak_root
زكريا,زَكَرِيَّا,4,root_too_long
زكريا,وَزَكَرِيَّا,2,root_too_long
زكريا,يَازَكَرِيَّا,1,root_too_long
زكو,أَزْكَى,4,weak_root
زكو,الزَّكَاةَ,24,weak_root
زكو,الزَّكَاةِ,2,weak_root
زكو,تَزَكَّى,4,weak_root
زكو,تُزَكُّوا,1,weak_root
زكو,زَكَاةً,1,weak_root
زكو,زَكَاةٍ,1,weak_root
زكو,زَكَى,1,weak_root
زكو,زَكِيًّا,1,weak_root
زكو,زَكِيَّةً,1,weak_root
زكو,زَكَّاهَا,1,weak_root
زكو,لِلزَّكَاةِ,1,weak_root
زكو,وَالزَّكَاةِ,2,weak_root
زكو,وَتُزَكِّيهِم,1,weak_root
زكو,وَزَكَاةً,1,weak_root
زكو,وَيُزَكِّيكُم,1,weak_root
زكو,وَيُزَكِّيهِم,3,weak_root
زكو,يَتَزَكَّى,2,weak_root
زكو,يَزَّكَّى,2,weak_root
زكو,يُزَكُّونَ,1,weak_root
زكو,يُزَكِّي,2,weak_root
زكو,يُزَكِّيهِم,2,weak_root
زنجبيل,زَنجَبِيلاً,1,root_too_long
زني,الزَّانِي,1,weak_root
زني,الزَّانِيَةُ,1,weak_root
زني,الزِّنَى,1,weak_root
زني,زَانٍ,1,weak_root
زني,زَانِيَةً,1,weak_root
زني,وَالزَّانِي,1,weak_root
زني,وَالزَّانِيَةُ,1,weak_root
زني,يَزْنُونَ,1,weak_root
زني,يَزْنِينَ,1,weak_root
زوج,أَزْوَاجًا,14,weak_root
زوج,أَزْوَاجٌ,3,weak_root
زوج,أَزْوَاجٍ,3,weak_root
زوج,أَزْوَاجَكَ,1,weak_root
زوج,أَزْوَاجَكُمُ,1,weak_root
زوج,أَزْوَاجَهُ,1,weak_root
زوج,أَزْوَاجَهُم,1,weak_root
زوج,أَزْوَاجَهُنَّ,1,weak_root
زوج,أَزْوَاجُكُم,1,weak_root
زوج,أَزْوَاجُهُم,1,weak_root
زوج,أَزْوَاجِ,1,weak_root
زوج,أَزْوَاجِكَ,1,weak_root
زوج,أَزْوَاجِكُم,4,weak_root
زوج,أَزْوَاجِنَا,2,weak_root
زوج,أَزْوَاجِهِ,1,weak_root
زوج,أَزْوَاجِهِم,3,weak_root
زوج,الأَزْوَاجَ,2,weak_root
زوج,الزَّوْجَيْنِ,2,weak_root
زوج,زَوَّجْنَاكَهَا,1,weak_root
زوج,زَوْجًا,1,weak_root
زوج,زَوْجٍ,6,weak_root
زوج,زَوْجَانِ,1,weak_root
زوج,زَوْجَكَ,1,weak_root
زوج,زَوْجَهَا,3,weak_root
زوج,زَوْجَهُ,1,weak_root
زوج,زَوْجَيْنِ,4,weak_root
زوج,زَوْجِهَا,1,weak_root
زوج,زُوِّجَت,1,weak_root
زوج,لأَزْوَاجِكَ,2,weak_root
زوج,لأَزْوَاجِهِم,1,weak_root
زوج,وَأَزْوَاجٌ,1,weak_root
زوج,وَأَزْوَاجَهُم,1,weak_root
زوج,وَأَزْوَاجُكُم,2,weak_root
زوج,وَأَزْوَاجُهُ,1,weak_root
زوج,وَأَزْوَاجُهُم,1,weak_root
زوج,وَأَزْوَاجِهِم,2,weak_root
زوج,وَزَوَّجْنَاهُم,2,weak_root
زوج,وَزَوْجُكَ,2,weak_root
زوج,وَزَوْجِهِ,1,weak_root
زوج,وَلِزَوْجِكَ,1,weak_root
زوج,يُزَوِّجُهُم,1,weak_root
زور,الزُّورَ,1,weak_root
زور,الزُّورِ,1,weak_root
زور,تَزَاوَرُ,1,weak_root
زور,زُرْتُمُ,1,weak_root
زور,وَزُورًا,2,weak_root
زوغ,يَزِغ,1,weak_root
زول,تَزَالُ,1,weak_root
زول,تَزَيَّلُوا,1,weak_root
زول,تَزُولاَ,1,weak_root
زول,زَالَت,1,weak_root
زول,زَالَتَا,1,weak_root
زول,زَوَالٍ,1,weak_root
زول,زِلْتُم,1,weak_root
زول,فَزَيَّلْنَا,1,weak_root
زول,لِتَزُولَ,1,weak_root
زول,يَزَالُ,3,weak_root
زول,يَزَالُونَ,2,weak_root
زيت,زَيْتُهَا,1,weak_root
زيت,زَيْتُونَةٍ,1,weak_root
زيت,وَالزَّيْتُونَ,3,weak_root
زيت,وَالزَّيْتُونِ,1,weak_root
زيت,وَزَيْتُونًا,1,weak_root
زيد,أَزِيدَ,1,weak_root
زيد,ازْدَادُوا,2,weak_root
زيد,الزَّادِ,1,weak_root
زيد,تَزِدِ,2,weak_root
زيد,تَزِيدُونَنِي,1,weak_root
زيد,تَزْدَادُ,1,weak_root
زيد,زَادَتْهُ,1,weak_root
زيد,زَادَتْهُم,1,weak_root
زيد,زَادَهُم,3,weak_root
زيد,زَادُوكُم,1,weak_root
زيد,زَادُوهُم,1,weak_root
زيد,زَيْدٌ,1,weak_root
زيد,زِد,1,weak_root
زيد,زِدْنَاهُم,2,weak_root
زيد,زِدْنِي,1,weak_root
زيد,زِيَادَةٌ,1,weak_root
زيد,سَنَزِيدُ,1,weak_root
زيد,فَزَادَتْهُم,2,weak_root
زيد,فَزَادَهُم,1,weak_root
زيد,فَزَادَهُمُ,1,weak_root
زيد,فَزَادُوهُم,1,weak_root
زيد,فَزِدْهُ,1,weak_root
زيد,لأَزِيدَنَّكُم,1,weak_root
زيد,لِيَزْدَادُوا,2,weak_root
زيد,مَزِيدٌ,1,weak_root
زيد,مَزِيدٍ,1,weak_root
زيد,نَزِد,2,weak_root
زيد,نَزِيدَكُم,1,weak_root
زيد,وَازْدَادُوا,1,weak_root
زيد,وَتَزَوَّدُوا,1,weak_root
زيد,وَزَادَكُم,1,weak_root
زيد,وَزَادَهُ,1,weak_root
زيد,وَزَادَهُم,1,weak_root
زيد,وَزِدْنَاهُم,1,weak_root
زيد,وَزِيَادَةٌ,1,weak_root
زيد,وَسَنَزِيدُ,1,weak_root
زيد,وَلَيَزِيدَنَّ,2,weak_root
زيد,وَنَزْدَادُ,1,weak_root
زيد,وَيَزِدْكُم,1,weak_root
زيد,وَيَزِيدَهُم,2,weak_root
زيد,وَيَزِيدُ,1,weak_root
زيد,وَيَزِيدُهُم,3,weak_root
زيد,وَيَزْدَادَ,1,weak_root
زيد,يَزِدْهُ,1,weak_root
زيد,يَزِدْهُم,1,weak_root
زيد,يَزِيدُ,4,weak_root
زيد,يَزِيدُهُم,2,weak_root
زيد,يَزِيدُونَ,1,weak_root
زيغ,أَزَاغَ,1,weak_root
زيغ,تُزِغ,1,weak_root
زيغ,زَاغَ,1,weak_root
زيغ,زَاغَت,1,weak_root
زيغ,زَاغَتِ,1,weak_root
زيغ,زَاغُوا,1,weak_root
زيغ,زَيْغٌ,1,weak_root
زيغ,يَزِيغُ,1,weak_root
زين,الزِّينَةِ,1,weak_root
زين,بِزِينَةٍ,2,weak_root
زين,زَيَّنَ,2,weak_root
زين,زَيَّنَّا,4,weak_root
زين,زُيِّنَ,9,weak_root
زين,زِينَةً,2,weak_root
زين,زِينَةَ,2,weak_root
زين,زِينَةُ,1,weak_root
زين,زِينَةِ,1,weak_root
زين,زِينَتَكُم,1,weak_root
زين,زِينَتَهُنَّ,2,weak_root
زين,زِينَتِهِ,1,weak_root
زين,زِينَتِهِنَّ,1,weak_root
زين,فَزَيَّنَ,1,weak_root
زين,فَزَيَّنُوا,1,weak_root
زين,لأُزَيِّنَنَّ,1,weak_root
زين,وَازَّيَّنَت,1,weak_root
زين,وَزَيَّنَ,3,weak_root
زين,وَزَيَّنَهُ,1,weak_root
زين,وَزَيَّنَّا,1,weak_root
زين,وَزَيَّنَّاهَا,2,weak_root
زين,وَزُيِّنَ,1,weak_root
زين,وَزِينَةً,1,weak_root
زين,وَزِينَةٌ,1,weak_root
زين,وَزِينَتَهَا,2,weak_root
زين,وَزِينَتُهَا,1,weak_root
سءل,سَل,1,alignment_failed
سءل,سَلْهُم,1,alignment_failed
سجي,سَجَى,1,weak_root
سدي,سُدًى,1,weak_root
سري,أَسْرَى,2,weak_root
سري,أَسْرِ,2,weak_root
سري,سَرِيًّا,1,weak_root
سري,فَأَسْرِ,3,weak_root
سري,يَسْرِ,1,weak_root
سطر,الْمُصَيْطِرُونَ,1,alignment_failed
سطر,بِمُصَيْطِرٍ,1,alignment_failed
سطو,يَسْطُونَ,1,weak_root
سعي,السَّعْيَ,1,weak_root
سعي,تَسْعَى,3,weak_root
سعي,سَعَو,1,weak_root
سعي,سَعَوْا,1,weak_root
سعي,سَعَى,3,weak_root
سعي,سَعْيًا,1,weak_root
سعي,سَعْيَكُم,1,weak_root
سعي,سَعْيَهَا,1,weak_root
سعي,سَعْيَهُ,1,weak_root
سعي,سَعْيُكُم,1,weak_root
سعي,سَعْيُهُم,2,weak_root
سعي,فَاسَعَوْا,1,weak_root
سعي,لِسَعْيِهَا,1,weak_root
سعي,لِسَعْيِهِ,1,weak_root
سعي,وَسَعَى,2,weak_root
سعي,وَيَسْعَوْنَ,2,weak_root
سعي,يَسْعَوْنَ,1,weak_root
سعي,يَسْعَى,6,weak_root
سقي,اسْتَسْقَاهُ,1,weak_root
سقي,اسْتَسْقَى,1,weak_root
سقي,السِّقَايَةَ,1,weak_root
سقي,تَسْقِي,1,weak_root
سقي,تُسْقَى,1,weak_root
سقي,سَقَيْتَ,1,weak_root
سقي,سِقَايَةَ,1,weak_root
سقي,فَأَسْقَيْنَاكُمُوهُ,1,weak_root
سقي,فَسَقَى,1,weak_root
سقي,فَيَسْقِي,1,weak_root
سقي,لأَسْقَيْنَاهُم,1,weak_root
سقي,نَسْقِي,1,weak_root
سقي,نُسْقِيكُم,2,weak_root
سقي,وَأَسْقَيْنَاكُم,1,weak_root
سقي,وَسَقَاهُم,1,weak_root
سقي,وَسُقُوا,1,weak_root
سقي,وَسُقْيَاهَا,1,weak_root
سقي,وَنُسْقِيَهُ,1,weak_root
سقي,وَيَسْقِينِ,1,weak_root
سقي,وَيُسْقَوْنَ,1,weak_root
سقي,وَيُسْقَى,1,weak_root
سقي,يُسْقَوْنَ,1,weak_root
سقي,يُسْقَى,1,weak_root
سقي,يُسْقُونَ,1,weak_root
سلسبيل,سَلْسَبِيلاً,1,root_too_long
سلي,وَالسَّلْوَى,3,weak_root
سليمان,سُلَيْمَانَ,7,root_too_long
سليمان,سُلَيْمَانُ,3,root_too_long
سليمان,لِسُلَيْمَانَ,1,root_too_long
سليمان,وَسُلَيْمَانَ,4,root_too_long
سليمان,وَلِسُلَيْمَانَ,2,root_too_long
سمو,السَّمَاءَ,13,weak_root
سمو,السَّمَاءُ,15,weak_root
سمو,السَّمَاءِ,81,weak_root
سمو,السَّمَاوَاتُ,7,weak_root
سمو,السَّمَاوَاتِ,175,weak_root
سمو,بِسِيمَاهُم,5,weak_root
سمو,سَمَاءٍ,1,weak_root
سمو,سَمَاوَاتٍ,5,weak_root
سمو,سَمِّ,1,weak_root
سمو,سِيمَاهُم,1,weak_root
سمو,وَالسَّمَاءَ,4,weak_root
سمو,وَالسَّمَاءِ,5,weak_root
سمو,وَالسَّمَاوَاتُ,2,weak_root
سمو,وَالسَّمَاوَاتِ,1,weak_root
سمو,وَيَاسَمَاءُ,1,weak_root
سمى,أَسْمَاءً,1,weak_root
سمى,أَسْمَاءٌ,1,weak_root
سمى,أَسْمَاءٍ,1,weak_root
سمى,أَسْمَائِهِ,1,weak_root
سمى,اسْمَ,9,weak_root
سمى,اسْمُ,5,weak_root
سمى,اسْمُهُ,5,weak_root
سمى,الأَسْمَاءَ,1,weak_root
سمى,الأَسْمَاءُ,4,weak_root
سمى,بِأَسْمَاءِ,1,weak_root
سمى,بِأَسْمَائِهِم,2,weak_root
سمى,بِاسْمِ,4,weak_root
سمى,بِسْمِ,3,weak_root
سمى,تَسْمِيَةَ,1,weak_root
سمى,تُسَمَّى,1,weak_root
سمى,سَمِيًّا,2,weak_root
سمى,سَمَّاكُمُ,1,weak_root
سمى,سَمَّيْتُمُوهَا,3,weak_root
سمى,سَمَّيْتُهَا,1,weak_root
سمى,سَمُّوهُم,1,weak_root
سمى,لَيُسَمُّونَ,1,weak_root
سمى,مُسَمًّى,21,weak_root
سنه,السِّنِينَ,2,alignment_failed
سنه,بِالسِّنِينَ,1,alignment_failed
سنه,سِنِينَ,9,alignment_failed
سني,سَنَا,1,weak_root
سهو,سَاهُونَ,2,weak_root
سوء,أَسَأْتُم,1,weak_root
سوء,أَسَاءَ,2,weak_root
سوء,أَسَائُوا,2,weak_root
سوء,أَسْوَأَ,2,weak_root
سوء,السَّوْءِ,6,weak_root
سوء,السَّيِّئَاتُ,1,weak_root
سوء,السَّيِّئَاتِ,13,weak_root
سوء,السَّيِّئَةَ,3,weak_root
سوء,السَّيِّئَةُ,1,weak_root
سوء,السَّيِّئَةِ,1,weak_root
سوء,السَّيِّئُ,1,weak_root
سوء,السَّيِّئِ,1,weak_root
سوء,السُّوءَ,5,weak_root
سوء,السُّوءُ,2,weak_root
سوء,السُّوءِ,1,weak_root
سوء,السُّوأَى,1,weak_root
سوء,الْمُسِيءُ,1,weak_root
سوء,بِالسَّيِّئَةِ,5,weak_root
سوء,بِالسُّوءِ,4,weak_root
سوء,بِسُوءٍ,4,weak_root
سوء,تَسُؤْكُم,1,weak_root
سوء,تَسُؤْهُم,2,weak_root
سوء,سَاءَ,11,weak_root
سوء,سَاءَت,1,weak_root
سوء,سَوْءٍ,3,weak_root
سوء,سَوْءَاتُهُمَا,2,weak_root
سوء,سَوْءَاتِكُم,1,weak_root
سوء,سَوْءَاتِهِمَا,2,weak_root
سوء,سَوْءَةَ,2,weak_root
سوء,سَيِّئًا,1,weak_root
سوء,سَيِّئَاتُ,5,weak_root
سوء,سَيِّئَاتِ,1,weak_root
سوء,سَيِّئَاتِكُم,5,weak_root
سوء,سَيِّئَاتِنَا,1,weak_root
سوء,سَيِّئَاتِهِ,2,weak_root
سوء,سَيِّئَاتِهِم,7,weak_root
سوء,سَيِّئَةً,3,weak_root
سوء,سَيِّئَةٌ,6,weak_root
سوء,سَيِّئَةٍ,3,weak_root
سوء,سَيِّئُهُ,1,weak_root
سوء,سُوءًا,6,weak_root
سوء,سُوءٌ,1,weak_root
سوء,سُوءٍ,8,weak_root
سوء,سُوءَ,7,weak_root
سوء,سُوءُ,9,weak_root
سوء,سُوءِ,2,weak_root
سوء,سِيءَ,2,weak_root
سوء,سِيئَت,1,weak_root
سوء,فَسَاءَ,4,weak_root
سوء,لِيَسُئُوا,1,weak_root
سوء,وَالسَّيِّئَاتِ,1,weak_root
سوء,وَالسُّوءَ,1,weak_root
سوء,وَسَاءَ,3,weak_root
سوء,وَسَاءَت,4,weak_root
سوح,بِسَاحَتِهِم,1,weak_root
سود,اسْوَدَّت,1,weak_root
سود,الأَسْوَدِ,1,weak_root
سود,سَادَتَنَا,1,weak_root
سود,سَيِّدَهَا,1,weak_root
سود,سُودٌ,1,weak_root
سود,مُسْوَدًّا,2,weak_root
سود,مُسْوَدَّةٌ,1,weak_root
سود,وَتَسْوَدُّ,1,weak_root
سود,وَسَيِّدًا,1,weak_root
سور,أَسَاوِرَ,4,weak_root
سور,أَسْوِرَةٌ,1,weak_root
سور,بِسُورٍ,1,weak_root
سور,بِسُورَةٍ,2,weak_root
سور,تَسَوَّرُوا,1,weak_root
سور,سُورَةٌ,7,weak_root
سور,سُوَرٍ,1,weak_root
سوط,سَوْطَ,1,weak_root
سوع,السَّاعَةَ,12,weak_root
سوع,السَّاعَةُ,13,weak_root
سوع,السَّاعَةِ,10,weak_root
سوع,بِالسَّاعَةِ,2,weak_root
سوع,سَاعَةً,6,weak_root
سوع,سَاعَةٍ,1,weak_root
سوع,سَاعَةِ,1,weak_root
سوع,سُوَاعًا,1,weak_root
سوع,لِلسَّاعَةِ,1,weak_root
سوع,وَالسَّاعَةُ,2,weak_root
سوغ,سَائِغًا,1,weak_root
سوغ,سَائِغٌ,1,weak_root
سوغ,يُسِيغُهُ,1,weak_root
سوف,سَوْفَ,7,weak_root
سوف,فَسَوْفَ,26,weak_root
سوف,فَلَسَوْفَ,1,weak_root
سوف,لَسَوْفَ,1,weak_root
سوف,وَسَوْفَ,5,weak_root
سوف,وَلَسَوْفَ,2,weak_root
سوق,الأَسْوَاقِ,2,weak_root
سوق,السَّاقُ,1,weak_root
سوق,الْمَسَاقُ,1,weak_root
سوق,بِالسَّاقِ,1,weak_root
سوق,بِالسُّوقِ,1,weak_root
سوق,سَائِقٌ,1,weak_root
سوق,سَاقٍ,1,weak_root
سوق,سَاقَيْهَا,1,weak_root
سوق,سُقْنَاهُ,1,weak_root
سوق,سُوقِهِ,1,weak_root
سوق,فَسُقْنَاهُ,1,weak_root
سوق,نَسُوقُ,1,weak_root
سوق,وَسِيقَ,2,weak_root
سوق,وَنَسُوقُ,1,weak_root
سوق,يُسَاقُونَ,1,weak_root
سول,سَوَّلَ,1,weak_root
سول,سَوَّلَت,3,weak_root
سوم,الْمُسَوَّمَةِ,1,weak_root
سوم,تُسِيمُونَ,1,weak_root
سوم,مُسَوَّمَةً,2,weak_root
سوم,مُسَوِّمِينَ,1,weak_root
سوم,يَسُومُهُم,1,weak_root
سوم,يَسُومُونَكُم,3,weak_root
سوي,أُسْوَةٌ,3,weak_root
سوي,اسْتَوَى,9,weak_root
سوي,اسْتَوَيْتَ,1,weak_root
سوي,اسْتَوَيْتُم,1,weak_root
سوي,السَّوِيِّ,1,weak_root
سوي,تَسْتَوِي,2,weak_root
سوي,تُسَوَّى,1,weak_root
سوي,سَاوَى,1,weak_root
سوي,سَوَاءً,5,weak_root
سوي,سَوَاءٌ,9,weak_root
سوي,سَوَاءٍ,3,weak_root
سوي,سَوَاءَ,4,weak_root
سوي,سَوَاءِ,5,weak_root
سوي,سَوِيًّا,4,weak_root
سوي,سَوَّاكَ,1,weak_root
سوي,سَوَّاهَا,1,weak_root
سوي,سَوَّاهُ,1,weak_root
سوي,سَوَّيْتُهُ,2,weak_root
سوي,سُوَى,1,weak_root
سوي,فَاسْتَوَى,2,weak_root
سوي,فَسَوَّاكَ,1,weak_root
سوي,فَسَوَّاهَا,2,weak_root
سوي,فَسَوَّاهُنَّ,1,weak_root
سوي,فَسَوَّى,2,weak_root
سوي,لِتَسْتَوُا,1,weak_root
سوي,نُسَوِّيكُم,1,weak_root
سوي,نُسَوِّيَ,1,weak_root
سوي,وَاسْتَوَت,1,weak_root
سوي,وَاسْتَوَى,1,weak_root
سوي,وَسَوَاءٌ,1,weak_root
سوي,يَسْتَوُنَ,3,weak_root
سوي,يَسْتَوِي,12,weak_root
سوي,يَسْتَوِيَانِ,2,weak_root
سيب,سَائِبَةٍ,1,weak_root
سيح,السَّائِحُونَ,1,weak_root
سيح,سَائِحَاتٍ,1,weak_root
سيح,فَسِيحُوا,1,weak_root
سير,السَّيَّارَةِ,1,weak_root
سير,السَّيْرَ,1,weak_root
سير,سَيَّارَةٌ,1,weak_root
سير,سَيْرًا,1,weak_root
سير,سُيِّرَت,2,weak_root
سير,سِيرَتَهَا,1,weak_root
سير,سِيرُوا,5,weak_root
سير,فَسِيرُوا,2,weak_root
سير,نُسَيِّرُ,1,weak_root
سير,وَتَسِيرُ,1,weak_root
سير,وَسَارَ,1,weak_root
سير,وَسُيِّرَتِ,1,weak_root
سير,وَلِلسَّيَّارَةِ,1,weak_root
سير,يَسِيرُوا,7,weak_root
سير,يُسَيِّرُكُم,1,weak_root
سيل,السَّيْلُ,1,weak_root
سيل,سَيْلَ,1,weak_root
سيل,فَسَالَت,1,weak_root
سيل,وَأَسَلْنَا,1,weak_root
سين,سَيْنَاءَ,1,weak_root
شتو,الشِّتَاءِ,1,weak_root
شري,اشْتَرَاهُ,2,weak_root
شري,اشْتَرَوُا,4,weak_root
شري,اشْتَرَوْا,2,weak_root
شري,اشْتَرَى,1,weak_root
شري,تَشْتَرُوا,3,weak_root
شري,شَرَوْا,1,weak_root
شري,لِيَشْتَرُوا,1,weak_root
شري,نَشْتَرِي,1,weak_root
شري,وَاشْتَرَوْا,1,weak_root
شري,وَشَرَوْهُ,1,weak_root
شري,وَيَشْتَرُونَ,1,weak_root
شري,يَشْتَرُونَ,4,weak_root
شري,يَشْتَرِي,1,weak_root
شري,يَشْرُونَ,1,weak_root
شري,يَشْرِي,1,weak_root
شعيب,شُعَيْبًا,7,weak_root
شعيب,شُعَيْبٌ,1,weak_root
شعيب,يَاشُعَيْبُ,3,weak_root
شفه,وَشَفَتَيْنِ,1,alignment_failed
شفي,شَفَا,2,weak_root
شفي,شِفَاءٌ,2,weak_root
شفي,وَشِفَاءٌ,2,weak_root
شفي,وَيَشْفِ,1,weak_root
شفي,يَشْفِينِ,1,weak_root
شقي,أَشْقَاهَا,1,weak_root
شقي,الأَشْقَى,2,weak_root
شقي,شَقُوا,1,weak_root
شقي,شَقِيًّا,3,weak_root
شقي,شَقِيٌّ,1,weak_root
شقي,شِقْوَتُنَا,1,weak_root
شقي,فَتَشْقَى,1,weak_root
شقي,لِتَشْقَى,1,weak_root
شقي,يَشْقَى,1,weak_root
شكو,أَشْكُوا,1,weak_root
شكو,كَمِشْكَاةٍ,1,weak_root
شكو,وَتَشْتَكِي,1,weak_root
شهو,اشْتَهَت,1,weak_root
شهو,الشَّهَوَاتِ,3,weak_root
شهو,تَشْتَهِي,1,weak_root
شهو,تَشْتَهِيهِ,1,weak_root
شهو,شَهْوَةً,2,weak_root
شهو,يَشْتَهُونَ,5,weak_root
شوب,لَشَوْبًا,1,weak_root
شور,شُورَى,1,weak_root
شور,فَأَشَارَت,1,weak_root
شور,وَتَشَاوُرٍ,1,weak_root
شور,وَشَاوِرْهُم,1,weak_root
شوظ,شُوَاظٌ,1,weak_root
شوك,الشَّوْكَةِ,1,weak_root
شوي,لِلشَّوَى,1,weak_root
شوي,يَشْوِي,1,weak_root
شيء,أَشَاءُ,1,weak_root
شيء,أَشْيَاءَ,1,weak_root
شيء,أَشْيَاءَهُم,3,weak_root
شيء,بِشَيْءٍ,6,weak_root
شيء,تَشَاءُ,9,weak_root
شيء,تَشَاءُونَ,2,weak_root
شيء,شَاءَ,56,weak_root
شيء,شَيْءٌ,11,weak_root
شيء,شَيْءٍ,179,weak_root
شيء,شَيْئًا,77,weak_root
شيء,شِئْتَ,3,weak_root
شيء,شِئْتُم,5,weak_root
شيء,شِئْتُمَا,2,weak_root
شيء,شِئْنَا,5,weak_root
شيء,لَشَيْءٌ,3,weak_root
شيء,لِشَايْءٍ,1,weak_root
شيء,لِشَيْءٍ,1,weak_root
شيء,نَشَأ,3,weak_root
شيء,نَشَاءُ,18,weak_root
شيء,نَشَاؤُا,1,weak_root
شيء,وَشَيْءٍ,1,weak_root
شيء,يَشَأ,8,weak_root
شيء,يَشَإِ,2,weak_root
شيء,يَشَاءَ,8,weak_root
شيء,يَشَاءُ,108,weak_root
شيء,يَشَاءُونَ,5,weak_root
شيب,شَيْبًا,1,weak_root
شيب,شِيبًا,1,weak_root
شيب,وَشَيْبَةً,1,weak_root
شيخ,شَيْخًا,2,weak_root
شيخ,شَيْخٌ,1,weak_root
شيخ,شُيُوخًا,1,weak_root
شيد,مَشِيدٍ,1,weak_root
شيد,مُشَيَّدَةٍ,1,weak_root
شيع,أَشْيَاعَكُم,1,weak_root
شيع,بِأَشْيَاعِهِم,1,weak_root
شيع,تَشِيعَ,1,weak_root
شيع,شِيعَةٍ,1,weak_root
شيع,شِيعَتِهِ,3,weak_root
شيع,شِيَعًا,4,weak_root
شيع,شِيَعِ,1,weak_root
ص,ص,1,root_too_short
صبو,أَصْبُ,1,weak_root
صبي,صَبِيًّا,2,weak_root
صدو,وَتَصْدِيَةً,1,weak_root
صرر,فَصُرْهُنَّ,1,alignment_failed
صغو,صَغَت,1,weak_root
صغو,وَلِتَصْغَى,1,weak_root
صفو,أَصْطَفَى,1,weak_root
صفو,أَفَأَصْفَاكُم,1,weak_root
صفو,اصْطَفَاكِ,1,weak_root
صفو,اصْطَفَاهُ,1,weak_root
صفو,اصْطَفَى,3,weak_root
صفو,اصْطَفَيْتُكَ,1,weak_root
صفو,اصْطَفَيْنَا,1,weak_root
صفو,اصْطَفَيْنَاهُ,1,weak_root
صفو,الصَّفَا,1,weak_root
صفو,الْمُصْطَفَيْنَ,1,weak_root
صفو,صَفْوَانٍ,1,weak_root
صفو,لاَصْطَفَى,1,weak_root
صفو,مُصَفًّى,1,weak_root
صفو,وَأَصْفَاكُم,1,weak_root
صفو,وَاصْطَفَاكِ,1,weak_root
صفو,يَصْطَفِي,1,weak_root
صلو,أَصَلاَتُكَ,1,weak_root
صلو,الصَّلاَةَ,47,weak_root
صلو,الصَّلاَةُ,1,weak_root
صلو,الصَّلاَةِ,10,weak_root
صلو,الصَّلَوَاتِ,1,weak_root
صلو,الْمُصَلِّينَ,2,weak_root
صلو,بِالصَّلاَةِ,3,weak_root
صلو,بِصَلاَتِكَ,1,weak_root
صلو,تُصَلِّ,1,weak_root
صلو,صَلاَةِ,2,weak_root
صلو,صَلاَتَكَ,1,weak_root
صلو,صَلاَتَهُ,1,weak_root
صلو,صَلاَتُهُم,1,weak_root
صلو,صَلاَتِهِم,5,weak_root
صلو,صَلاَتِي,1,weak_root
صلو,صَلَوَاتٌ,1,weak_root
صلو,صَلَوَاتِهِم,1,weak_root
صلو,صَلَّى,2,weak_root
صلو,صَلُّوا,1,weak_root
صلو,صَلُّوهُ,1,weak_root
صلو,فَصَلَّى,1,weak_root
صلو,فَصَلِّ,1,weak_root
صلو,فَلْيُصَلُّوا,1,weak_root
صلو,لِلصَّلاَةِ,1,weak_root
صلو,لِلْمُصَلِّينَ,1,weak_root
صلو,مُصَلًّى,1,weak_root
صلو,وَالصَّلاَةِ,3,weak_root
صلو,وَصَلَوَاتٌ,1,weak_root
صلو,وَصَلَوَاتِ,1,weak_root
صلو,وَصَلِّ,1,weak_root
صلو,يُصَلُّوا,1,weak_root
صلو,يُصَلُّونَ,1,weak_root
صلو,يُصَلِّي,2,weak_root
صلي,اصْلَوْهَا,2,weak_root
صلي,تَصْطَلُونَ,2,weak_root
صلي,تَصْلَى,1,weak_root
صلي,سَأُصْلِيهِ,1,weak_root
صلي,سَيَصْلَى,1,weak_root
صلي,صَالُوا,1,weak_root
صلي,صَالِ,1,weak_root
صلي,صِلِيًّا,1,weak_root
صلي,لَصَالُوا,1,weak_root
صلي,نُصْلِيهِ,1,weak_root
صلي,نُصْلِيهِم,1,weak_root
صلي,وَتَصْلِيَةُ,1,weak_root
صلي,وَسَيَصْلَوْنَ,1,weak_root
صلي,وَنُصْلِهِ,1,weak_root
صلي,وَيَصْلَى,1,weak_root
صلي,يَصْلاَهَا,2,weak_root
صلي,يَصْلَوْنَهَا,4,weak_root
صلي,يَصْلَى,1,weak_root
صنو,صِنْوَانٌ,1,weak_root
صنو,صِنْوَانٍ,1,weak_root
صوب,أَصَابَ,5,weak_root
صوب,أَصَابَت,1,weak_root
صوب,أَصَابَتْكُم,2,weak_root
صوب,أَصَابَتْهُ,1,weak_root
صوب,أَصَابَتْهُم,2,weak_root
صوب,أَصَابَكَ,3,weak_root
صوب,أَصَابَكُم,4,weak_root
صوب,أَصَابَهَا,1,weak_root
صوب,أَصَابَهُ,1,weak_root
صوب,أَصَابَهُم,3,weak_root
صوب,أَصَابَهُمُ,2,weak_root
صوب,أَصَبْتُم,1,weak_root
صوب,أَصَبْنَاهُم,1,weak_root
صوب,أُصِيبُ,1,weak_root
صوب,تُصِبْكَ,2,weak_root
صوب,تُصِبْكُم,1,weak_root
صوب,تُصِبْهُم,5,weak_root
صوب,تُصِيبَنَا,1,weak_root
صوب,تُصِيبَنَّ,1,weak_root
صوب,تُصِيبَهُم,2,weak_root
صوب,تُصِيبُهُم,1,weak_root
صوب,تُصِيبُوا,1,weak_root
صوب,سَيُصِيبُ,2,weak_root
صوب,سَيُصِيبُهُم,1,weak_root
صوب,صَوَابًا,1,weak_root
صوب,فَأَصَابَتْكُم,1,weak_root
صوب,فَأَصَابَهَا,1,weak_root
صوب,فَأَصَابَهُ,1,weak_root
صوب,فَأَصَابَهُم,2,weak_root
صوب,فَتُصِيبَكُم,1,weak_root
صوب,فَيُصِيبُ,2,weak_root
صوب,كَصَيِّبٍ,1,weak_root
صوب,مُصِيبَةٌ,6,weak_root
صوب,مُصِيبَةٍ,3,weak_root
صوب,مُصِيبَةُ,1,weak_root
صوب,مُصِيبُهَا,1,weak_root
صوب,وَأَصَابَهُ,1,weak_root
صوب,يُصِبْكُم,1,weak_root
صوب,يُصِبْهَا,1,weak_root
صوب,يُصِيبَكُم,1,weak_root
صوب,يُصِيبَكُمُ,1,weak_root
صوب,يُصِيبَنَا,1,weak_root
صوب,يُصِيبَهُم,2,weak_root
صوب,يُصِيبُ,1,weak_root
صوب,يُصِيبُهُم,1,weak_root
صوت,أَصْوَاتَكُم,1,weak_root
صوت,أَصْوَاتَهُم,1,weak_root
صوت,الأَصْوَاتُ,1,weak_root
صوت,الأَصْوَاتِ,1,weak_root
صوت,بِصَوْتِكَ,1,weak_root
صوت,صَوْتِ,1,weak_root
صوت,صَوْتِكَ,1,weak_root
صوت,لَصَوْتُ,1,weak_root
صور,الصُّورِ,10,weak_root
صور,الْمُصَوِّرُ,1,weak_root
صور,صَوَّرْنَاكُم,1,weak_root
صور,صُورَةٍ,1,weak_root
صور,صُوَرَكُم,2,weak_root
صور,وَصَوَّرَكُم,2,weak_root
صور,يُصَوِّرُكُم,1,weak_root
صوع,صُوَاعَ,1,weak_root
صوف,أَصْوَافِهَا,1,weak_root
صوم,الصِّيَامَ,1,weak_root
صوم,الصِّيَامُ,1,weak_root
صوم,الصِّيَامِ,1,weak_root
صوم,تَصُومُوا,1,weak_root
صوم,صَوْمًا,1,weak_root
صوم,صِيَامًا,1,weak_root
صوم,صِيَامٍ,1,weak_root
صوم,فَصِيَامُ,4,weak_root
صوم,فَلْيَصُمْهُ,1,weak_root
صوم,وَالصَّائِمَاتِ,1,weak_root
صوم,وَالصَّائِمِينَ,1,weak_root
صيح,الصَّيْحَةَ,1,weak_root
صيح,الصَّيْحَةُ,6,weak_root
صيح,صَيْحَةً,5,weak_root
صيح,صَيْحَةٍ,1,weak_root
صيد,الصَّيْدَ,1,weak_root
صيد,الصَّيْدِ,2,weak_root
صيد,صَيْدُ,2,weak_root
صيد,فَاصْطَادُوا,1,weak_root
صير,الْمَصِيرُ,23,weak_root
صير,تَصِيرُ,1,weak_root
صير,مَصِيرًا,3,weak_root
صير,مَصِيرَكُم,1,weak_root
صير,وَمَصِيرًا,1,weak_root
صيص,صَيَاصِيهِم,1,weak_root
صيف,وَالصَّيْفِ,1,weak_root
ضحو,تَضْحَى,1,weak_root
ضحو,ضُحًى,2,weak_root
ضحو,ضُحَاهَا,2,weak_root
ضحو,وَالضُّحَى,1,weak_root
ضحو,وَضُحَاهَا,1,weak_root
ضلل,أَضَلاَّنَا,1,alignment_failed
ضلل,ضَالاًّ,1,alignment_failed
ضهي,يُضَاهِئُونَ,1,weak_root
ضوء,أَضَاءَ,1,weak_root
ضوء,أَضَاءَت,1,weak_root
ضوء,بِضِيَاءٍ,1,weak_root
ضوء,ضِيَاءً,1,weak_root
ضوء,وَضِيَاءً,1,weak_root
ضوء,يُضِيءُ,1,weak_root
ضير,ضَيْرَ,1,weak_root
ضيز,ضِيزَى,1,weak_root
ضيع,أَضَاعُوا,1,weak_root
ضيع,أُضِيعُ,1,weak_root
ضيع,لِيُضِيعَ,1,weak_root
ضيع,نُضِيعُ,3,weak_root
ضيع,يُضِيعُ,4,weak_root
ضيف,ضَيْفِ,2,weak_root
ضيف,ضَيْفِهِ,1,weak_root
ضيف,ضَيْفِي,2,weak_root
ضيف,يُضَيِّفُوهُمَا,1,weak_root
ضيق,ضَاقَت,1,weak_root
ضيق,ضَيِّقًا,2,weak_root
ضيق,ضَيْقٍ,2,weak_root
ضيق,لِتُضَيِّقُوا,1,weak_root
ضيق,وَضَائِقٌ,1,weak_root
ضيق,وَضَاقَ,2,weak_root
ضيق,وَضَاقَت,2,weak_root
ضيق,وَيَضِيقُ,1,weak_root
ضيق,يَضِيقُ,1,weak_root
طالوت,طَالُوتَ,1,root_too_long
طالوت,طَالُوتُ,1,root_too_long
طحي,طَحَاهَا,1,weak_root
طري,طَرِيًّا,2,weak_root
طس,طس,1,root_too_short
طغو,أَطْغَيْتُهُ,1,weak_root
طغو,الطَّاغُوتَ,3,weak_root
طغو,الطَّاغُوتُ,1,weak_root
طغو,الطَّاغُوتِ,2,weak_root
طغو,بِالطَّاغُوتِ,1,weak_root
طغو,بِالطَّاغِيَةِ,1,weak_root
طغو,بِطَغْوَاهَا,1,weak_root
طغو,تَطْغَوْا,3,weak_root
طغو,طَاغُونَ,2,weak_root
طغو,طَاغِينَ,2,weak_root
طغو,طَغَا,1,weak_root
طغو,طَغَوْا,1,weak_root
طغو,طَغَى,5,weak_root
طغو,طُغْيَانًا,4,weak_root
طغو,طُغْيَانِهِم,5,weak_root
طغو,لَيَطْغَى,1,weak_root
طغو,لِلطَّاغِينَ,2,weak_root
طغو,وَأَطْغَى,1,weak_root
طغو,وَالطَّاغُوتِ,1,weak_root
طغو,يَطْغَى,1,weak_root
طه,طه,1,root_too_short
طود,كَالطَّوْدِ,1,weak_root
طور,أَطْوَارًا,1,weak_root
طور,الطُّورَ,3,weak_root
طور,الطُّورِ,4,weak_root
طور,طُورِ,1,weak_root
طور,وَالطُّورِ,1,weak_root
طور,وَطُورِ,1,weak_root
طوع,أَطَاعَ,1,weak_root
طوع,أَطَاعُونَا,1,weak_root
طوع,أَطَعْتُم,1,weak_root
طوع,أَطَعْتُمُوهُم,1,weak_root
طوع,أَطَعْنَا,2,weak_root
طوع,أَطَعْنَكُم,1,weak_root
طوع,أَطِيعُوا,5,weak_root
طوع,اسْتَطَاعَ,1,weak_root
طوع,اسْتَطَاعُوا,4,weak_root
طوع,اسْتَطَعْتَ,2,weak_root
طوع,اسْتَطَعْتُ,1,weak_root
طوع,اسْتَطَعْتُم,5,weak_root
طوع,اسْتَطَعْنَا,1,weak_root
طوع,اسْطَاعُوا,1,weak_root
طوع,الْمُطَّوِّعِينَ,1,weak_root
طوع,تَسْتَطِع,1,weak_root
طوع,تَسْتَطِيعَ,4,weak_root
طوع,تَسْتَطِيعُوا,1,weak_root
طوع,تَسْتَطِيعُونَ,1,weak_root
طوع,تَسْطِع,1,weak_root
طوع,تَطَوَّعَ,2,weak_root
طوع,تُطِع,4,weak_root
طوع,تُطِعِ,4,weak_root
طوع,تُطِعْهُ,1,weak_root
طوع,تُطِعْهُمَا,2,weak_root
طوع,تُطِيعُوا,5,weak_root
طوع,تُطِيعُوهُ,1,weak_root
طوع,سَنُطِيعُكُم,1,weak_root
طوع,طَائِعِينَ,1,weak_root
طوع,طَاعَةٌ,3,weak_root
طوع,طَوْعًا,4,weak_root
طوع,فَأَطَاعُوهُ,1,weak_root
طوع,فَطَوَّعَت,1,weak_root
طوع,لِيُطَاعَ,1,weak_root
طوع,مُطَاعٍ,1,weak_root
طوع,نُطِيعُ,1,weak_root
طوع,وَأَطَعْنَا,6,weak_root
طوع,وَأَطِعْنَ,1,weak_root
طوع,وَأَطِيعُوا,14,weak_root
طوع,وَأَطِيعُونِ,11,weak_root
طوع,وَيُطِيعُونَ,1,weak_root
طوع,يَسْتَطِع,2,weak_root
طوع,يَسْتَطِيعُ,2,weak_root
طوع,يَسْتَطِيعُونَ,15,weak_root
طوف,الطَّائِفَتَيْنِ,1,weak_root
طوف,الطُّوفَانَ,1,weak_root
طوف,الطُّوفَانُ,1,weak_root
طوف,طَائِفٌ,2,weak_root
طوف,طَائِفَةً,3,weak_root
طوف,طَائِفَةٌ,12,weak_root
طوف,طَائِفَةٍ,2,weak_root
طوف,طَائِفَتَانِ,2,weak_root
طوف,طَائِفَتَيْنِ,1,weak_root
طوف,طَوَّافُونَ,1,weak_root
طوف,فَطَافَ,1,weak_root
طوف,لِلطَّائِفِينَ,2,weak_root
طوف,وَطَائِفَةٌ,3,weak_root
طوف,وَلْيَطَّوَّفُوا,1,weak_root
طوف,وَيَطُوفُ,2,weak_root
طوف,وَيُطَافُ,1,weak_root
طوف,يَطُوفُ,1,weak_root
طوف,يَطُوفُونَ,1,weak_root
طوف,يَطَّوَّفَ,1,weak_root
طوف,يُطَافُ,2,weak_root
طوق,سَيُطَوَّقُونَ,1,weak_root
طوق,طَاقَةَ,2,weak_root
طوق,يُطِيقُونَهُ,1,weak_root
طول,أَفَطَالَ,1,weak_root
طول,الطَّوْلِ,2,weak_root
طول,طَالَ,1,weak_root
طول,طَوِيلاً,2,weak_root
طول,طَوْلاً,1,weak_root
طول,طُولاً,1,weak_root
طول,فَتَطَاوَلَ,1,weak_root
طول,فَطَالَ,1,weak_root
طوي,طُوًى,2,weak_root
طوي,كَطَيِّ,1,weak_root
طوي,مَطْوِيَّاتٌ,1,weak_root
طوي,نَطْوِي,1,weak_root
طيب,الطَّيِّبَاتُ,2,weak_root
طيب,الطَّيِّبَاتِ,8,weak_root
طيب,الطَّيِّبُ,2,weak_root
طيب,الطَّيِّبِ,3,weak_root
طيب,بِالطَّيِّبِ,1,weak_root
طيب,طَابَ,1,weak_root
طيب,طَيِّبًا,6,weak_root
طيب,طَيِّبَاتٍ,1,weak_root
طيب,طَيِّبَاتِ,6,weak_root
طيب,طَيِّبَاتِكُم,1,weak_root
طيب,طَيِّبَةً,6,weak_root
طيب,طَيِّبَةٌ,1,weak_root
طيب,طَيِّبَةٍ,2,weak_root
طيب,طَيِّبِينَ,1,weak_root
طيب,طُوبَى,1,weak_root
طيب,طِبْتُم,1,weak_root
طيب,طِبْنَ,1,weak_root
طيب,لِلطَّيِّبَاتِ,1,weak_root
طيب,لِلطَّيِّبِينَ,1,weak_root
طيب,وَالطَّيِّبَاتُ,1,weak_root
طيب,وَالطَّيِّبَاتِ,1,weak_root
طيب,وَالطَّيِّبُ,1,weak_root
طيب,وَالطَّيِّبُونَ,1,weak_root
طير,اطَّيَّرْنَا,1,weak_root
طير,الطَّيْرَ,1,weak_root
طير,الطَّيْرُ,3,weak_root
طير,الطَّيْرِ,6,weak_root
طير,تَطَيَّرْنَا,1,weak_root
طير,طَائِرٍ,1,weak_root
طير,طَائِرَهُ,1,weak_root
طير,طَائِرُكُم,2,weak_root
طير,طَائِرُهُم,1,weak_root
طير,طَيْرًا,3,weak_root
طير,طَيْرٍ,1,weak_root
طير,وَالطَّيْرَ,3,weak_root
طير,وَالطَّيْرُ,1,weak_root
طير,وَالطَّيْرِ,1,weak_root
طير,يَطِيرُ,1,weak_root
طير,يَطَّيَّرُوا,1,weak_root
طين,الطِّينِ,3,weak_root
طين,طِينًا,1,weak_root
طين,طِينٍ,8,weak_root
ظلل,ظَلْتَ,1,alignment_failed
ظلل,ظِلاًّ,1,alignment_failed
ظلل,فَظَلْتُم,1,alignment_failed
عاد,بِعَادٍ,1,weak_root
عاد,عَادًا,2,weak_root
عاد,عَادٌ,5,weak_root
عاد,عَادٍ,9,weak_root
عاد,لِعَادٍ,1,weak_root
عاد,وَعَادًا,2,weak_root
عاد,وَعَادٌ,4,weak_root
عاد,وَعَادٍ,3,weak_root
عتو,عَاتِيَةٍ,1,weak_root
عتو,عَتَت,1,weak_root
عتو,عَتَوْا,1,weak_root
عتو,عُتُوًّا,1,weak_root
عتو,عُتُوٍّ,1,weak_root
عتو,عِتِيًّا,2,weak_root
عتو,فَعَتَوْا,1,weak_root
عتو,وَعَتَو,1,weak_root
عتو,وَعَتَوْا,1,weak_root
عثو,تَعْثَوْا,5,weak_root
عدو,أَعْدَاءً,3,weak_root
عدو,أَعْدَاءُ,1,weak_root
عدو,أَعْدَاءِ,1,weak_root
عدو,اعْتَدَوْا,1,weak_root
عدو,اعْتَدَى,4,weak_root
عدو,اعْتَدَيْنَا,1,weak_root
عدو,الأَعْدَاءَ,1,weak_root
عدو,الْعَادُونَ,2,weak_root
عدو,الْعَدَاوَةَ,3,weak_root
عدو,الْعَدَاوَةُ,1,weak_root
عدو,الْعَدُوُّ,1,weak_root
عدو,الْمُعْتَدُونَ,1,weak_root
عدو,الْمُعْتَدِينَ,4,weak_root
عدو,بِأَعْدَائِكُم,1,weak_root
عدو,بِالْعُدْوَةِ,2,weak_root
عدو,بِالْمُعْتَدِينَ,1,weak_root
عدو,تَعْتَدُوا,3,weak_root
عدو,تَعْتَدُوهَا,1,weak_root
عدو,تَعْدُ,1,weak_root
عدو,تَعْدُوا,1,weak_root
عدو,عَادَيْتُم,1,weak_root
عدو,عَدَاوَةً,1,weak_root
عدو,عَدَاوَةٌ,1,weak_root
عدو,عَدُوًّا,10,weak_root
عدو,عَدُوٌّ,20,weak_root
عدو,عَدُوٍّ,2,weak_root
عدو,عَدُوَّ,1,weak_root
عدو,عَدُوَّكُم,1,weak_root
عدو,عَدُوِّكُم,1,weak_root
عدو,عَدُوِّهِ,2,weak_root
عدو,عَدُوِّهِم,1,weak_root
عدو,عَدُوِّي,1,weak_root
عدو,عَدْوًا,1,weak_root
عدو,عُدْوَانًا,1,weak_root
عدو,عُدْوَانَ,2,weak_root
عدو,فَاعْتَدُوا,1,weak_root
عدو,لِتَعْتَدُوا,1,weak_root
عدو,مُعْتَدٍ,3,weak_root
عدو,نَعُد,1,weak_root
عدو,وَالْعَادِيَاتِ,1,weak_root
عدو,وَالْعُدْوَانِ,5,weak_root
عدو,وَعَدُوٌّ,1,weak_root
عدو,وَعَدُوَّكُم,2,weak_root
عدو,وَعَدْوًا,1,weak_root
عرو,بِالْعُرْوَةِ,2,weak_root
عري,اعْتَرَاكَ,1,weak_root
عري,بِالْعَرَاءِ,2,weak_root
عري,تَعْرَى,1,weak_root
عزي,عِزِينَ,1,weak_root
عسى,عَسَى,21,weak_root
عسى,عَسَيْتُم,2,weak_root
عسى,فَعَسَى,5,weak_root
عسى,وَعَسَى,2,weak_root
عشو,الْعِشَاءِ,1,weak_root
عشو,بِالْعَشِيِّ,4,weak_root
عشو,عَشِيَّةً,1,weak_root
عشو,عِشَاءً,1,weak_root
عشو,مَعِيشَةً,1,weak_root
عشو,مَعِيشَتَهُم,1,weak_root
عشو,وَالْعَشِيِّ,2,weak_root
عشو,وَعَشِيًّا,4,weak_root
عشو,يَعْشُ,1,weak_root
عصو,بِعَصَاكَ,3,weak_root
عصو,عَصَاكَ,3,weak_root
عصو,عَصَاهُ,3,weak_root
عصو,عَصَايَ,1,weak_root
عصو,وَعِصِيَّهُم,1,weak_root
عصو,وَعِصِيُّهُم,1,weak_root
عصي,أَعْصِي,1,weak_root
عصي,أَفَعَصَيْتَ,1,weak_root
عصي,عَصَانِي,1,weak_root
عصي,عَصَوا,3,weak_root
عصي,عَصَوْكَ,1,weak_root
عصي,عَصَوْنِي,1,weak_root
عصي,عَصَيْتَ,1,weak_root
عصي,عَصَيْتُ,3,weak_root
عصي,عَصَيْتُهُ,1,weak_root
عصي,عَصِيًّا,2,weak_root
عصي,فَعَصَوْا,1,weak_root
عصي,فَعَصَى,1,weak_root
عصي,وَالْعِصْيَانَ,1,weak_root
عصي,وَعَصَوُا,1,weak_root
عصي,وَعَصَوْا,1,weak_root
عصي,وَعَصَى,2,weak_root
عصي,وَعَصَيْتُم,1,weak_root
عصي,وَعَصَيْنَا,2,weak_root
عصي,وَمَعْصِيَتِ,2,weak_root
عصي,يَعْصُونَ,1,weak_root
عصي,يَعْصِ,3,weak_root
عصي,يَعْصِينَكَ,1,weak_root
عضي,عِضِينَ,1,weak_root
عطو,أَعْطَى,2,weak_root
عطو,أَعْطَيْنَاكَ,1,weak_root
عطو,أُعْطُوا,1,weak_root
عطو,عَطَاءً,2,weak_root
عطو,عَطَاءُ,1,weak_root
عطو,عَطَاءِ,1,weak_root
عطو,عَطَاؤُنَا,1,weak_root
عطو,فَتَعَاطَى,1,weak_root
عطو,وَأَعْطَى,1,weak_root
عطو,يُعْطَوْا,1,weak_root
عطو,يُعْطُوا,1,weak_root
عطو,يُعْطِيكَ,1,weak_root
عفو,الْعَفْوَ,2,weak_root
عفو,تَعْفُوا,3,weak_root
عفو,عَفَا,6,weak_root
عفو,عَفَوْا,1,weak_root
عفو,عَفَوْنَا,1,weak_root
عفو,عَفُوًّا,3,weak_root
عفو,عُفِيَ,1,weak_root
عفو,فَاعْفُ,2,weak_root
عفو,فَاعْفُوا,1,weak_root
عفو,فَعَفَوْنَا,1,weak_root
عفو,لَعَفُوٌّ,2,weak_root
عفو,نَعْفُ,1,weak_root
عفو,وَاعْفُ,1,weak_root
عفو,وَالْعَافِينَ,1,weak_root
عفو,وَعَفَا,1,weak_root
عفو,وَلْيَعْفُوا,1,weak_root
عفو,وَيَعْفُ,1,weak_root
عفو,وَيَعْفُو,1,weak_root
عفو,وَيَعْفُوا,2,weak_root
عفو,يَعْفُونَ,1,weak_root
عفو,يَعْفُوَ,1,weak_root
عفو,يَعْفُوَا,1,weak_root
علو,اسْتَعْلَى,1,weak_root
علو,الأَعْلَوْنَ,2,weak_root
علو,الأَعْلَى,9,weak_root
علو,الْعَالِينَ,1,weak_root
علو,الْعَلِيُّ,5,weak_root
علو,الْعَلِيِّ,1,weak_root
علو,الْعُلَى,2,weak_root
علو,الْعُلْيَا,1,weak_root
علو,الْمُتَعَالِ,1,weak_root
علو,تَعَالَوْا,7,weak_root
علو,تَعَالَى,3,weak_root
علو,تَعْلُوا,2,weak_root
علو,عَالِينَ,1,weak_root
علو,عَالِيًا,1,weak_root
علو,عَالِيَةٍ,2,weak_root
علو,عَالِيَهَا,2,weak_root
علو,عَالِيَهُم,1,weak_root
علو,عَلاَ,1,weak_root
علو,عَلَوْا,1,weak_root
علو,عَلِيًّا,3,weak_root
علو,عَلِيٌّ,1,weak_root
علو,عُلُوًّا,3,weak_root
علو,عِلِّيُّونَ,1,weak_root
علو,عِلِّيِّينَ,1,weak_root
علو,فَتَعَالَى,4,weak_root
علو,فَتَعَالَيْنَ,1,weak_root
علو,لَعَالٍ,1,weak_root
علو,لَعَلَى,3,weak_root
علو,لَعَلِيٌّ,1,weak_root
علو,وَتَعَالَى,7,weak_root
علو,وَعُلُوًّا,1,weak_root
علو,وَلَتَعْلُنَّ,1,weak_root
علو,وَلَعَلاَ,1,weak_root
على,عَلَى,670,weak_root
على,عَلَيَّ,15,weak_root
على,عَلَيْكَ,56,weak_root
على,عَلَيْكُم,146,weak_root
على,عَلَيْكُمَا,1,weak_root
على,عَلَيْكُمُ,18,weak_root
على,عَلَيْكِ,1,weak_root
على,عَلَيْنَا,51,weak_root
على,عَلَيْهَا,46,weak_root
على,عَلَيْهُ,1,weak_root
على,عَلَيْهِ,145,weak_root
على,عَلَيْهِم,183,weak_root
على,عَلَيْهِمَا,8,weak_root
على,عَلَيْهِمُ,31,weak_root
على,عَلَيْهِنَّ,11,weak_root
على,فَعَلَى,1,weak_root
على,فَعَلَيَّ,1,weak_root
على,فَعَلَيْكُمُ,1,weak_root
على,فَعَلَيْهَا,3,weak_root
على,فَعَلَيْهِ,4,weak_root
على,فَعَلَيْهِم,1,weak_root
على,فَعَلَيْهِنَّ,1,weak_root
على,وَعَلَى,39,weak_root
على,وَعَلَيْكُم,1,weak_root
على,وَعَلَيْنَا,1,weak_root
على,وَعَلَيْهَا,3,weak_root
على,وَعَلَيْهِ,2,weak_root
على,وَعَلَيْهِم,1,weak_root
عمي,أَعْمَى,5,weak_root
عمي,الأَعْمَى,7,weak_root
عمي,الْعَمَى,1,weak_root
عمي,الْعُمْيَ,2,weak_root
عمي,الْعُمْيِ,2,weak_root
عمي,تَعْمَى,2,weak_root
عمي,عَمًى,1,weak_root
عمي,عَمُوا,1,weak_root
عمي,عَمُونَ,1,weak_root
عمي,عَمِينَ,1,weak_root
عمي,عَمِيَ,1,weak_root
عمي,عُمْيًا,1,weak_root
عمي,عُمْيٌ,2,weak_root
عمي,فَعَمُوا,1,weak_root
عمي,فَعَمِيَت,1,weak_root
عمي,فَعُمِّيَت,1,weak_root
عمي,كَالأَعْمَى,1,weak_root
عمي,وَأَعْمَى,1,weak_root
عمي,وَعُمْيَانًا,1,weak_root
عن,عَمَّا,47,root_too_short
عن,عَن,153,root_too_short
عن,عَنكَ,8,root_too_short
عن,عَنكُم,22,root_too_short
عن,عَنكُمُ,2,root_too_short
عن,عَنِ,70,root_too_short
عن,عَنَّا,11,root_too_short
عن,عَنِّي,6,root_too_short
عن,عَنْهَا,24,root_too_short
عن,عَنْهُ,37,root_too_short
عن,عَنْهُم,67,root_too_short
عن,عَنْهُمَا,4,root_too_short
عن,عَنْهُمُ,8,root_too_short
عن,وَعَن,2,root_too_short
عن,وَعَنِ,3,root_too_short
عوج,عِوَجًا,7,weak_root
عوج,عِوَجٍ,1,weak_root
عوج,عِوَجَ,1,weak_root
عود,أُعِيدُوا,2,weak_root
عود,تَعُودُوا,2,weak_root
عود,تَعُودُونَ,1,weak_root
عود,سَنُعِيدُهَا,1,weak_root
عود,عَائِدُونَ,1,weak_root
عود,عَادَ,3,weak_root
عود,عَادُونَ,1,weak_root
عود,عُدتُّم,1,weak_root
عود,عُدْنَا,3,weak_root
عود,عِيدًا,1,weak_root
عود,لَتَعُودُنَّ,2,weak_root
عود,لَعَادُوا,1,weak_root
عود,مَعَادٍ,1,weak_root
عود,نُعِيدُكُم,1,weak_root
عود,نُعِيدُهُ,1,weak_root
عود,وَيُعِيدُ,1,weak_root
عود,يَعُودُوا,1,weak_root
عود,يَعُودُونَ,2,weak_root
عود,يُعِيدَكُم,1,weak_root
عود,يُعِيدُ,1,weak_root
عود,يُعِيدُكُم,1,weak_root
عود,يُعِيدُنَا,1,weak_root
عود,يُعِيدُهُ,7,weak_root
عود,يُعِيدُوكُم,1,weak_root
عوذ,أَعُوذُ,6,weak_root
عوذ,أُعِيذُهَا,1,weak_root
عوذ,عُذْتُ,2,weak_root
عوذ,فَاسْتَعِذ,4,weak_root
عوذ,مَعَاذَ,2,weak_root
عوذ,نَعُودَ,1,weak_root
عوذ,وَأَعُوذُ,1,weak_root
عوذ,يَعُوذُونَ,1,weak_root
عور,بِعَوْرَةٍ,1,weak_root
عور,عَوْرَاتٍ,1,weak_root
عور,عَوْرَاتِ,1,weak_root
عور,عَوْرَةٌ,1,weak_root
عوق,الْمُعَوِّقِينَ,1,weak_root
عول,تَعُولُوا,1,weak_root
عوم,عَامًا,3,weak_root
عوم,عَامٌ,1,weak_root
عوم,عَامٍ,3,weak_root
عوم,عَامَيْنِ,1,weak_root
عوم,عَامِهِم,1,weak_root
عون,اسْتَعِينُوا,2,weak_root
عون,الْمَاعُونَ,1,weak_root
عون,الْمُسْتَعَانُ,2,weak_root
عون,تَعَاوَنُوا,1,weak_root
عون,عَوَانٌ,1,weak_root
عون,نَسْتَعِينُ,1,weak_root
عون,وَأَعَانَهُ,1,weak_root
عون,وَاسْتَعِينُوا,1,weak_root
عون,وَتَعَاوَنُوا,1,weak_root
عيب,أَعِيبَهَا,1,weak_root
عير,الْعِيرُ,2,weak_root
عير,وَالْعِيرَ,1,weak_root
عيسى,بِعِيسَى,2,weak_root
عيسى,عِيسَى,12,weak_root
عيسى,وَعِيسَى,7,weak_root
عيسى,يَاعِيسَى,4,weak_root
عيش,عِيشَةٍ,2,weak_root
عيش,مَعَاشًا,1,weak_root
عيش,مَعَايِشَ,2,weak_root
عيش,مَعِيشَتَهَا,1,weak_root
عيل,عَائِلاً,1,weak_root
عيل,عَيْلَةً,1,weak_root
عين,أَعْيُنٌ,2,weak_root
عين,أَعْيُنٍ,2,weak_root
عين,أَعْيُنَ,1,weak_root
عين,أَعْيُنَهُم,2,weak_root
عين,أَعْيُنُكُم,1,weak_root
عين,أَعْيُنُهُم,2,weak_root
عين,أَعْيُنُهُنَّ,1,weak_root
عين,أَعْيُنِ,1,weak_root
عين,أَعْيُنِكُم,1,weak_root
عين,أَعْيُنِهِم,2,weak_root
عين,الأَعْيُنُ,1,weak_root
عين,الأَعْيُنِ,1,weak_root
عين,الْعَيْنِ,1,weak_root
عين,الْعُيُونِ,1,weak_root
عين,بِأَعْيُنِنَا,4,weak_root
عين,بِالْعَيْنِ,1,weak_root
عين,عَيْنًا,6,weak_root
عين,عَيْنٌ,1,weak_root
عين,عَيْنٍ,3,weak_root
عين,عَيْنَ,2,weak_root
عين,عَيْنَاكَ,1,weak_root
عين,عَيْنَانِ,2,weak_root
عين,عَيْنَاهُ,1,weak_root
عين,عَيْنَيْكَ,2,weak_root
عين,عَيْنَيْنِ,1,weak_root
عين,عَيْنُهَا,2,weak_root
عين,عَيْنِي,1,weak_root
عين,عُيُونًا,1,weak_root
عين,عِينٌ,2,weak_root
عين,عِينٍ,2,weak_root
عين,فَأَعِينُونِي,1,weak_root
عين,مَعِينٍ,3,weak_root
عين,وَأَعْيُنُهُم,1,weak_root
عين,وَالْعَيْنَ,1,weak_root
عين,وَعُيُونٍ,8,weak_root
عين,وَمَعِينٍ,1,weak_root
عيي,أَفَعَيِينَا,1,weak_root
عيي,يَعْيَ,1,weak_root
غثث,غُثَاءً,2,alignment_failed
غدو,اغْدُوا,1,weak_root
غدو,بِالْغَدَاةِ,2,weak_root
غدو,بِالْغُدُوِّ,3,weak_root
غدو,غَدًا,4,weak_root
غدو,غَدَاءَنَا,1,weak_root
غدو,غَدَوْتَ,1,weak_root
غدو,غُدُوًّا,1,weak_root
غدو,غُدُوُّهَا,1,weak_root
غدو,لِغَدٍ,1,weak_root
غدو,وَغَدَوْا,1,weak_root
غرو,فَأَغْرَيْنَا,1,weak_root
غرو,لَنُغْرِيَنَّكَ,1,weak_root
غشو,أُغْشِيَت,1,weak_root
غشو,الْغَاشِيَةِ,1,weak_root
غشو,الْمَغْشِيِّ,1,weak_root
غشو,تَغَشَّاهَا,1,weak_root
غشو,غَاشِيَةٌ,1,weak_root
غشو,غَشِيَهُم,2,weak_root
غشو,غَشَّى,1,weak_root
غشو,غَوَاشٍ,1,weak_root
غشو,غِشَاوَةً,1,weak_root
غشو,غِشَاوَةٌ,1,weak_root
غشو,فَأَغْشَيْنَاهُم,1,weak_root
غشو,فَغَشِيَهُم,1,weak_root
غشو,فَغَشَّاهَا,1,weak_root
غشو,وَتَغْشَى,1,weak_root
غشو,يَسْتَغْشُونَ,1,weak_root
غشو,يَغْشَاهَا,1,weak_root
غشو,يَغْشَاهُ,1,weak_root
غشو,يَغْشَاهُمُ,1,weak_root
غشو,يَغْشَى,5,weak_root
غشو,يُغَشِّيكُمُ,1,weak_root
غشو,يُغْشَى,1,weak_root
غشو,يُغْشِي,2,weak_root
غطي,غِطَاءٍ,1,weak_root
غطي,غِطَاءَكَ,1,weak_root
غلل,غِلاًّ,1,alignment_failed
غلو,تَغْلُوا,2,weak_root
غلو,كَغَلْيِ,1,weak_root
غلو,يَغْلِي,1,weak_root
غني,أَغْنَاهُمُ,1,weak_root
غني,أَغْنَت,1,weak_root
غني,أَغْنَى,9,weak_root
غني,أَغْنِيَاءَ,1,weak_root
غني,أَغْنِيَاءُ,2,weak_root
غني,أُغْنِي,1,weak_root
غني,اسْتَغْنَى,2,weak_root
غني,الأَغْنِيَاءِ,1,weak_root
غني,الْغَنِيُّ,8,weak_root
غني,تَغْنَ,1,weak_root
غني,تُغْنِ,3,weak_root
غني,تُغْنِي,2,weak_root
غني,تُغْنِيَ,4,weak_root
غني,غَنِيًّا,3,weak_root
غني,غَنِيٌّ,7,weak_root
غني,فَأَغْنَى,1,weak_root
غني,لَغَنِيٌّ,2,weak_root
غني,مُغْنُونَ,2,weak_root
غني,وَاسْتَغْنَى,2,weak_root
غني,يَغْنَوْا,3,weak_root
غني,يُغْنُوا,1,weak_root
غني,يُغْنِ,1,weak_root
غني,يُغْنِهِمُ,1,weak_root
غني,يُغْنِي,10,weak_root
غني,يُغْنِيكُمُ,1,weak_root
غني,يُغْنِيهِ,1,weak_root
غني,يُغْنِيَا,1,weak_root
غني,يُغْنِيَهُمُ,1,weak_root
غور,الْغَارِ,1,weak_root
غور,غَوْرًا,2,weak_root
غور,مَغَارَاتٍ,1,weak_root
غوص,وَغَوَّاصٍ,1,weak_root
غوص,يَغُوصُونَ,1,weak_root
غوط,الْغَائِطِ,2,weak_root
غول,غَوْلٌ,1,weak_root
غوي,أَغْوَيْتَنِي,2,weak_root
غوي,أَغْوَيْنَا,1,weak_root
غوي,أَغْوَيْنَاهُم,1,weak_root
غوي,الْغَاوُنَ,1,weak_root
غوي,الْغَاوِينَ,2,weak_root
غوي,الْغَيِّ,3,weak_root
غوي,غَاوِينَ,1,weak_root
غوي,غَوَى,1,weak_root
غوي,غَوَيْنَا,1,weak_root
غوي,غَيًّا,1,weak_root
غوي,فَأَغْوَيْنَاكُم,1,weak_root
غوي,فَغَوَى,1,weak_root
غوي,لأُغْوِيَنَّهُم,1,weak_root
غوي,لَغَوِيٌّ,1,weak_root
غوي,لِلْغَاوِينَ,1,weak_root
غوي,وَالْغَاوُنَ,1,weak_root
غوي,وَلأُغْوِيَنَّهُم,1,weak_root
غوي,يُغْوِيَكُم,1,weak_root
غيب,الْغَائِبِينَ,1,weak_root
غيب,الْغَيْبَ,6,weak_root
غيب,الْغَيْبُ,3,weak_root
غيب,الْغَيْبِ,19,weak_root
غيب,الْغُيُوبِ,4,weak_root
غيب,بِالْغَيْبِ,12,weak_root
غيب,بِغَائِبِينَ,1,weak_root
غيب,غَائِبَةٍ,1,weak_root
غيب,غَائِبِينَ,1,weak_root
غيب,غَيَابَتِ,2,weak_root
غيب,غَيْبَ,2,weak_root
غيب,غَيْبُ,3,weak_root
غيب,غَيْبِ,1,weak_root
غيب,غَيْبِهِ,1,weak_root
غيب,لِلْغَيْبِ,2,weak_root
غيب,يَغْتَب,1,weak_root
غيث,الْغَيْثَ,2,weak_root
غيث,تَسْتَغِيثُونَ,1,weak_root
غيث,غَيْثٍ,1,weak_root
غيث,فَاسْتَغَاثَهُ,1,weak_root
غيث,وَاسْتَغْشَوْا,1,weak_root
غيث,يَسْتَغِيثَانِ,1,weak_root
غيث,يَسْتَغِيثُوا,1,weak_root
غيث,يُغَاثُ,1,weak_root
غيث,يُغَاثُوا,1,weak_root
غير,أَغَيْرَ,4,weak_root
غير,أَفَغَيْرَ,4,weak_root
غير,بِغَيْرِ,41,weak_root
غير,غَيْرَ,39,weak_root
غير,غَيْرَكُم,3,weak_root
غير,غَيْرَهَا,1,weak_root
غير,غَيْرَهُ,2,weak_root
غير,غَيْرُ,20,weak_root
غير,غَيْرُهُ,9,weak_root
غير,غَيْرِ,10,weak_root
غير,غَيْرِكُم,1,weak_root
غير,غَيْرِهِ,2,weak_root
غير,غَيْرِي,2,weak_root
غير,فَالْمُغِيرَاتِ,1,weak_root
غير,فَلَيُغَيِّرُنَّ,1,weak_root
غير,لِغَيْرِ,4,weak_root
غير,مُغَيِّرًا,1,weak_root
غير,وَغَيْرَ,3,weak_root
غير,وَغَيْرُ,1,weak_root
غير,وَغَيْرِ,1,weak_root
غير,يَتَغَيَّر,1,weak_root
غير,يُغَيِّرُ,1,weak_root
غير,يُغَيِّرُوا,2,weak_root
غيض,تَغِيضُ,1,weak_root
غيض,وَغِيضَ,1,weak_root
غيظ,الْغَيْظَ,1,weak_root
غيظ,الْغَيْظِ,2,weak_root
غيظ,بِغَيْظِكُم,1,weak_root
غيظ,بِغَيْظِهِم,1,weak_root
غيظ,تَغَيُّظًا,1,weak_root
غيظ,غَيْظَ,1,weak_root
غيظ,لَغَائِظُونَ,1,weak_root
غيظ,لِيَغِيظَ,1,weak_root
غيظ,يَغِيظُ,1,weak_root
غيظ,يُغِيظُ,1,weak_root
فتي,أَفْتُونِي,2,weak_root
فتي,أَفْتِنَا,1,weak_root
فتي,الْفِتْيَةُ,1,weak_root
فتي,تَسْتَفْتِ,1,weak_root
فتي,تَسْتَفْتِيَانِ,1,weak_root
فتي,فَاسْتَفْتِهِم,2,weak_root
فتي,فَتًى,1,weak_root
فتي,فَتَاهَا,1,weak_root
فتي,فَتَيَاتِكُم,1,weak_root
فتي,فَتَيَاتِكُمُ,1,weak_root
فتي,فَتَيَانِ,1,weak_root
فتي,فِتْيَةٌ,1,weak_root
فتي,لِفَتَاهُ,2,weak_root
فتي,لِفِتْيَانِهِ,1,weak_root
فتي,وَيَسْتَفْتُونَكَ,1,weak_root
فتي,يَسْتَفْتُونَكَ,1,weak_root
فتي,يُفَتَّرُ,1,weak_root
فتي,يُفْتِيكُم,2,weak_root
فجو,فَجْوَةٍ,1,weak_root
فدي,افْتَدَت,1,weak_root
فدي,افْتَدَى,1,weak_root
فدي,تُفَادُوهُم,1,weak_root
فدي,فَفِدْيَةٌ,1,weak_root
فدي,فِدَاءً,1,weak_root
فدي,فِدْيَةٌ,2,weak_root
فدي,لاَفْتَدَت,1,weak_root
فدي,لاَفْتَدَوْا,2,weak_root
فدي,لِيَفْتَدُوا,1,weak_root
فدي,وَفَدَيْنَاهُ,1,weak_root
فدي,يَفْتَدِي,1,weak_root
فرعون,فِرْعَوْنَ,48,root_too_long
فرعون,فِرْعَوْنُ,17,root_too_long
فرعون,لِفِرْعَوْنَ,2,root_too_long
فرعون,وَفِرْعَوْنَ,3,root_too_long
فرعون,وَفِرْعَوْنُ,2,root_too_long
فرعون,يَافِرْعَوْنُ,2,root_too_long
فري,أَفْتَرَى,1,weak_root
فري,افْتَرَاهُ,7,weak_root
فري,افْتَرَى,14,weak_root
فري,افْتَرَيْتُهُ,2,weak_root
فري,افْتَرَيْنَا,1,weak_root
فري,افْتِرَاءً,2,weak_root
فري,الْمُفْتَرِينَ,1,weak_root
فري,تَفْتَرُوا,1,weak_root
فري,تَفْتَرُونَ,2,weak_root
فري,فَرِيًّا,1,weak_root
فري,لِتَفْتَرُوا,1,weak_root
فري,لِتَفْتَرِيَ,1,weak_root
فري,مُفْتَرًى,2,weak_root
فري,مُفْتَرٍ,1,weak_root
فري,مُفْتَرَيَاتٍ,1,weak_root
فري,مُفْتَرُونَ,1,weak_root
فري,يَفْتَرُونَ,17,weak_root
فري,يَفْتَرِي,1,weak_root
فري,يَفْتَرِينَهُ,1,weak_root
فري,يَفْتُرُونَ,1,weak_root
فري,يُفْتَرَى,2,weak_root
فضو,أَفْضَى,1,weak_root
فني,فَانٍ,1,weak_root
فوت,تَفَاوُتٍ,1,weak_root
فوت,فَاتَكُم,3,weak_root
فوت,فَوْتَ,1,weak_root
فوج,أَفْوَاجًا,2,weak_root
فوج,فَوْجًا,1,weak_root
فوج,فَوْجٌ,2,weak_root
فور,تَفُورُ,1,weak_root
فور,فَوْرِهِم,1,weak_root
فور,وَفَارَ,2,weak_root
فوز,الْفَائِزُونَ,4,weak_root
فوز,الْفَوْزُ,16,weak_root
فوز,بِمَفَازَةٍ,1,weak_root
فوز,بِمَفَازَتِهِم,1,weak_root
فوز,فَأَفُوزَ,1,weak_root
فوز,فَازَ,2,weak_root
فوز,فَوْزًا,3,weak_root
فوز,مَفَازًا,1,weak_root
فوض,وَأُفَوِّضُ,1,weak_root
فوق,أَفَاقَ,1,weak_root
فوق,الأَفَاقِ,1,weak_root
فوق,فَوَاقٍ,1,weak_root
فوق,فَوْقَ,13,weak_root
فوق,فَوْقَكُم,2,weak_root
فوق,فَوْقَكُمُ,2,weak_root
فوق,فَوْقَهَا,1,weak_root
فوق,فَوْقَهُم,6,weak_root
فوق,فَوْقَهُمُ,1,weak_root
فوق,فَوْقِ,2,weak_root
فوق,فَوْقِكُم,2,weak_root
فوق,فَوْقِهَا,2,weak_root
فوق,فَوْقِهِ,2,weak_root
فوق,فَوْقِهِم,6,weak_root
فوق,فَوْقِهِنَّ,1,weak_root
فوق,وَفَوْقَ,1,weak_root
فوم,وَفُومِهَا,1,weak_root
فوه,أَفْوَاهِهِم,4,weak_root
فوه,بِأَفْوَاهِكُم,2,weak_root
فوه,بِأَفْوَاهِهِم,6,weak_root
فوه,فَاهُ,1,weak_root
في,أَفِي,2,root_too_short
في,فَفِي,3,root_too_short
في,فِي,1186,root_too_short
في,فِيكُم,11,root_too_short
في,فِيمَ,2,root_too_short
في,فِيمَا,23,root_too_short
في,فِينَا,5,root_too_short
في,فِيهَا,241,root_too_short
في,فِيهِ,127,root_too_short
في,فِيهِم,16,root_too_short
في,فِيهِمَا,8,root_too_short
في,فِيهِنَّ,9,root_too_short
في,لَفِي,29,root_too_short
في,وَفِي,33,root_too_short
في,وَفِيكُم,2,root_too_short
في,وَفِيهَا,3,root_too_short
في,وَفِيهِ,1,root_too_short
فيء,أَفَاءَ,3,weak_root
فيء,الْفِئَتَانِ,1,weak_root
فيء,تَفِيءَ,1,weak_root
فيء,فَاءَت,1,weak_root
فيء,فَاءُو,1,weak_root
فيء,فِئَةً,2,weak_root
فيء,فِئَةٌ,2,weak_root
فيء,فِئَةٍ,3,weak_root
فيء,فِئَتَيْنِ,2,weak_root
فيء,فِئَتُكُم,1,weak_root
فيء,يَتَفَيَّؤُا,1,weak_root
فيض,أَفَاضَ,1,weak_root
فيض,أَفَضْتُم,2,weak_root
فيض,أَفِيضُوا,2,weak_root
فيض,تَفِيضُ,2,weak_root
فيض,تُفِيضُونَ,2,weak_root
فيل,الْفِيلِ,1,weak_root
ق,ق,1,root_too_short
قارون,قَارُونَ,1,root_too_long
قارون,قَارُونُ,1,root_too_long
قارون,وَقَارُونَ,2,root_too_long
قد,فَقَد,50,root_too_short
قد,فَقَدِ,7,root_too_short
قد,قَد,120,root_too_short
قد,قَدِ,3,root_too_short
قد,لَقَد,52,root_too_short
قد,لَقَدِ,2,root_too_short
قد,وَقَد,43,root_too_short
قد,وَلَقَد,124,root_too_short
قد,وَلَقَدِ,5,root_too_short
قدر,مُقْتَدُونَ,1,alignment_failed
قدو,اقْتَدِه,1,weak_root
قرر,وَقَرْنَ,1,alignment_failed
قري,الْقَرْيَةَ,3,weak_root
قري,الْقَرْيَةِ,7,weak_root
قري,الْقَرْيَتَيْنِ,1,weak_root
قري,الْقُرَى,17,weak_root
قري,قَرْيَةً,3,weak_root
قري,قَرْيَةٌ,1,weak_root
قري,قَرْيَةٍ,19,weak_root
قري,قَرْيَتِكَ,1,weak_root
قري,قَرْيَتِكُم,2,weak_root
قري,قَرْيَتِنَا,1,weak_root
قري,قُرًى,2,weak_root
قسو,فَقَسَت,1,weak_root
قسو,قَاسِيَةً,1,weak_root
قسو,قَسَت,2,weak_root
قسو,قَسْوَةً,1,weak_root
قسو,لِلْقَاسِيَةِ,1,weak_root
قسو,وَالْقَاسِيَةِ,1,weak_root
قصو,أَقْصَا,2,weak_root
قصو,الأَقْصَا,1,weak_root
قصو,الْقُصْوَى,1,weak_root
قصو,قَصِيًّا,1,weak_root
قصو,قُصِّيهِ,1,weak_root
قضي,اقْضُوا,1,weak_root
قضي,الْقَاضِيَةَ,1,weak_root
قضي,تَقْضِي,1,weak_root
قضي,فَاقْضِ,1,weak_root
قضي,فَقَضَاهُنَّ,1,weak_root
قضي,فَقَضَى,1,weak_root
قضي,قَاضٍ,1,weak_root
قضي,قَضَاهَا,1,weak_root
قضي,قَضَوْا,1,weak_root
قضي,قَضَى,10,weak_root
قضي,قَضَيْتَ,1,weak_root
قضي,قَضَيْتُ,1,weak_root
قضي,قَضَيْتُم,1,weak_root
قضي,قَضَيْتُمُ,1,weak_root
قضي,قَضَيْنَا,2,weak_root
قضي,قُضِيَ,6,weak_root
قضي,قُضِيَتِ,1,weak_root
قضي,لَقُضِيَ,8,weak_root
قضي,لِيَقْضِ,1,weak_root
قضي,لِيَقْضِيَ,2,weak_root
قضي,لِيُقْضَى,1,weak_root
قضي,لْيَقْضُوا,1,weak_root
قضي,مَقْضِيًّا,2,weak_root
قضي,وَقَضَى,1,weak_root
قضي,وَقَضَيْنَا,2,weak_root
قضي,وَقُضِيَ,5,weak_root
قضي,يَقْضُونَ,1,weak_root
قضي,يَقْضِ,1,weak_root
قضي,يَقْضِي,4,weak_root
قضي,يُقْضَى,2,weak_root
قفو,قَفَّيْنَا,1,weak_root
قفو,وَقَفَّيْنَا,3,weak_root
قلو,الْقَالِينَ,1,weak_root
قلو,قَلَى,1,weak_root
قنو,قِنْوَانٌ,1,weak_root
قنو,وَأَقْنَى,1,weak_root
قوب,قَابَ,1,weak_root
قوت,أَقْوَاتَهَا,1,weak_root
قوت,مُقِيتًا,1,weak_root
قوس,قَوْسَيْنِ,1,weak_root
قوع,بِقِيعَةٍ,1,weak_root
قوع,قَاعًا,1,weak_root
قول,أَتَقُولُونَ,3,weak_root
قول,أَقُل,5,weak_root
قول,أَقُولَ,2,weak_root
قول,أَقُولُ,7,weak_root
قول,الأَقَاوِيلِ,1,weak_root
قول,الْقَوْلَ,7,weak_root
قول,الْقَوْلُ,12,weak_root
قول,الْقَوْلِ,9,weak_root
قول,بِالْقَوْلِ,5,weak_root
قول,بِقَوْلِ,3,weak_root
قول,تَقَوَّلَ,1,weak_root
قول,تَقَوَّلَهُ,1,weak_root
قول,تَقُل,1,weak_root
قول,تَقُولَ,6,weak_root
قول,تَقُولَنَّ,1,weak_root
قول,تَقُولُ,4,weak_root
قول,تَقُولُوا,15,weak_root
قول,تَقُولُونَ,6,weak_root
قول,سَيَقُولُ,4,weak_root
قول,سَيَقُولُونَ,4,weak_root
قول,فَتَقُولُ,1,weak_root
قول,فَسَيَقُولُونَ,4,weak_root
قول,فَقَالَ,27,weak_root
قول,فَقَالَت,1,weak_root
قول,فَقَالُوا,18,weak_root
قول,فَقُل,16,weak_root
قول,فَقُلِ,2,weak_root
قول,فَقُلْتُ,1,weak_root
قول,فَقُلْنَا,6,weak_root
قول,فَقُولاَ,3,weak_root
قول,فَقُولُوا,2,weak_root
قول,فَقُولِي,1,weak_root
قول,فَيَقُولَ,1,weak_root
قول,فَيَقُولُ,12,weak_root
قول,فَيَقُولُوا,2,weak_root
قول,فَيَقُولُونَ,1,weak_root
قول,قَائِلٌ,3,weak_root
قول,قَائِلُهَا,1,weak_root
قول,قَالاَ,2,weak_root
قول,قَالَ,416,weak_root
قول,قَالَت,24,weak_root
قول,قَالَتَا,2,weak_root
قول,قَالَتِ,5,weak_root
قول,قَالَهَا,1,weak_root
قول,قَالُوا,250,weak_root
قول,قَوْلاً,19,weak_root
قول,قَوْلٌ,1,weak_root
قول,قَوْلٍ,2,weak_root
قول,قَوْلَ,7,weak_root
قول,قَوْلَكُم,1,weak_root
قول,قَوْلَهُم,1,weak_root
قول,قَوْلُ,2,weak_root
قول,قَوْلُكُم,1,weak_root
قول,قَوْلُنَا,1,weak_root
قول,قَوْلُهُ,2,weak_root
قول,قَوْلُهُم,4,weak_root
قول,قَوْلِكَ,1,weak_root
قول,قَوْلِهَا,1,weak_root
قول,قَوْلِهِم,2,weak_root
قول,قَوْلِهِمُ,1,weak_root
قول,قَوْلِي,2,weak_root
قول,قُل,263,weak_root
قول,قُلِ,30,weak_root
قول,قُلْتَ,4,weak_root
قول,قُلْتُ,1,weak_root
قول,قُلْتُم,9,weak_root
قول,قُلْتُهُ,1,weak_root
قول,قُلْنَ,1,weak_root
قول,قُلْنَا,14,weak_root
قول,قُولُوا,2,weak_root
قول,قِيلاً,3,weak_root
قول,قِيلَ,34,weak_root
قول,لَتَقُولُونَ,1,weak_root
قول,لَقَالَ,1,weak_root
قول,لَقَالُوا,3,weak_root
قول,لَقَوْلٌ,1,weak_root
قول,لَقَوْلُ,2,weak_root
قول,لَقُلْنَا,1,weak_root
قول,لَنَقُولَنَّ,1,weak_root
قول,لَيَقُولَنَّ,5,weak_root
قول,لَيَقُولُنَّ,10,weak_root
قول,لَيَقُولُونَ,4,weak_root
قول,لِقَوْلِهِم,1,weak_root
قول,لِيَقُولُوا,1,weak_root
قول,نَقُولَ,1,weak_root
قول,نَقُولُ,7,weak_root
قول,وَأَقُل,1,weak_root
قول,وَالْقَائِلِينَ,1,weak_root
قول,وَتَقُولُ,1,weak_root
قول,وَتَقُولُوا,1,weak_root
قول,وَتَقُولُونَ,1,weak_root
قول,وَسَنَقُولُ,1,weak_root
قول,وَقَالاَ,1,weak_root
قول,وَقَالَ,85,weak_root
قول,وَقَالَت,5,weak_root
قول,وَقَالَتِ,8,weak_root
قول,وَقَالُوا,61,weak_root
قول,وَقَوْلٌ,1,weak_root
قول,وَقَوْلِهِم,3,weak_root
قول,وَقُل,17,weak_root
قول,وَقُلِ,4,weak_root
قول,وَقُلْنَ,2,weak_root
قول,وَقُلْنَا,6,weak_root
قول,وَقُولُوا,8,weak_root
قول,وَقِيلَ,15,weak_root
قول,وَقِيلِهِ,1,weak_root
قول,وَلِيَقُولَ,1,weak_root
قول,وَلِيَقُولُوا,1,weak_root
قول,وَلْيَقُولُوا,1,weak_root
قول,وَنَقُولُ,2,weak_root
قول,وَيَقُولُ,11,weak_root
قول,وَيَقُولُوا,1,weak_root
قول,وَيَقُولُونَ,28,weak_root
قول,يَقُل,1,weak_root
قول,يَقُولاَ,1,weak_root
قول,يَقُولَ,4,weak_root
قول,يَقُولُ,35,weak_root
قول,يَقُولُوا,11,weak_root
قول,يَقُولُونَ,51,weak_root
قول,يُقَالُ,3,weak_root
قوم,أَقَامُوا,2,weak_root
قوم,أَقَمْتُمُ,1,weak_root
قوم,أَقِم,1,weak_root
قوم,أَقِمِ,2,weak_root
قوم,أَقِيمُوا,2,weak_root
قوم,أَقْوَمُ,1,weak_root
قوم,إِقَامَتِكُم,1,weak_root
قوم,اسْتَقَامُوا,4,weak_root
قوم,الْقَوْمَ,26,weak_root
قوم,الْقَوْمُ,5,weak_root
قوم,الْقَوْمِ,31,weak_root
قوم,الْقَيُّومُ,2,weak_root
قوم,الْقَيُّومِ,1,weak_root
قوم,الْقَيِّمَةِ,1,weak_root
قوم,الْقَيِّمُ,3,weak_root
قوم,الْقَيِّمِ,1,weak_root
قوم,الْقِيَامَةِ,70,weak_root
قوم,الْمُسْتَقِيمَ,3,weak_root
قوم,الْمُسْتَقِيمِ,2,weak_root
قوم,الْمُقَامَةِ,1,weak_root
قوم,بِقَوْمٍ,3,weak_root
قوم,تَقُم,2,weak_root
قوم,تَقُومَ,3,weak_root
قوم,تَقُومُ,8,weak_root
قوم,تَقُومُوا,2,weak_root
قوم,تَقْوِيمٍ,1,weak_root
قوم,تُقِيمُوا,1,weak_root
قوم,فَأَقَامَهُ,1,weak_root
قوم,فَأَقَمْتَ,1,weak_root
قوم,فَأَقِم,2,weak_root
قوم,فَأَقِيمُوا,3,weak_root
قوم,فَاسْتَقِم,1,weak_root
قوم,فَاسْتَقِيمَا,1,weak_root
قوم,فَاسْتَقِيمُوا,2,weak_root
قوم,فَلْتَقُم,1,weak_root
قوم,قَائِمًا,4,weak_root
قوم,قَائِمٌ,3,weak_root
قوم,قَائِمَةً,3,weak_root
قوم,قَائِمَةٌ,2,weak_root
قوم,قَائِمُونَ,1,weak_root
قوم,قَامَ,1,weak_root
قوم,قَامُوا,4,weak_root
قوم,قَوَامًا,1,weak_root
قوم,قَوَّامُونَ,1,weak_root
قوم,قَوَّامِينَ,2,weak_root
قوم,قَوْمًا,40,weak_root
قوي,الْقَوِيُّ,3,weak_root
قوي,الْقُوَى,1,weak_root
قوي,الْقُوَّةَ,1,weak_root
قوي,الْقُوَّةِ,2,weak_root
قوي,بِقُوَّةٍ,6,weak_root
قوي,قَوِيًّا,1,weak_root
قوي,قَوِيٌّ,4,weak_root
قوي,قُوَّةً,12,weak_root
قوي,قُوَّةٍ,6,weak_root
قوي,قُوَّةَ,1,weak_root
قوي,قُوَّتِكُم,1,weak_root
قوي,لَقَوِيٌّ,3,weak_root
قوي,لِلْمُقْوِينَ,1,weak_root
قيض,نُقَيِّض,1,weak_root
قيض,وَقَيَّضْنَا,1,weak_root
قيل,قَائِلُونَ,1,weak_root
قيل,مَقِيلاً,1,weak_root
كدي,وَأَكْدَى,1,weak_root
كسو,فَكَسَوْنَا,1,weak_root
كسو,كِسْوَتُهُم,1,weak_root
كسو,نَكْسُوهَا,1,weak_root
كسو,وَاكْسُوهُم,1,weak_root
كسو,وَكِسْوَتُهُنَّ,1,weak_root
كفف,كُفُوًا,1,alignment_failed
كفي,بِكَافٍ,1,weak_root
كفي,فَسَيَكْفِيكَهُمُ,1,weak_root
كفي,فَكَفَى,1,weak_root
كفي,كَفَى,5,weak_root
كفي,كَفَيْنَاكَ,1,weak_root
كفي,وَكَفَى,21,weak_root
كفي,يَكْفِ,1,weak_root
كفي,يَكْفِهِم,1,weak_root
كفي,يَكْفِيَكُم,1,weak_root
كل,أَفَكُلَّمَا,1,root_too_short
كل,بِكُلٍّ,1,root_too_short
كل,بِكُلِّ,33,root_too_short
كل,فَلِكُلِّ,1,root_too_short
كل,كَلٌّ,1,root_too_short
كل,كُلاًّ,5,root_too_short
كل,كُلٌّ,22,root_too_short
كل,كُلٍّ,3,root_too_short
كل,كُلَّ,48,root_too_short
كل,كُلَّمَا,14,root_too_short
كل,كُلَّهَا,4,root_too_short
كل,كُلَّهُ,1,root_too_short
كل,كُلُّ,47,root_too_short
كل,كُلُّهُ,2,root_too_short
كل,كُلُّهُم,3,root_too_short
كل,كُلُّهُنَّ,1,root_too_short
كل,كُلِّ,123,root_too_short
كل,كُلِّهَا,1,root_too_short
كل,كُلِّهِ,4,root_too_short
كل,كِلاَهُمَا,1,root_too_short
كل,كِلْتَا,1,root_too_short
كل,لِكُلٍّ,2,root_too_short
كل,لِكُلِّ,25,root_too_short
كل,وَكُلاًّ,9,root_too_short
كل,وَكُلٌّ,5,root_too_short
كل,وَكُلَّ,4,root_too_short
كل,وَكُلَّمَا,1,root_too_short
كل,وَكُلُّ,4,root_too_short
كل,وَكُلُّهُم,1,root_too_short
كل,وَلِكُلٍّ,4,root_too_short
كل,وَلِكُلِّ,4,root_too_short
كلا,كَلاَّ,33,weak_root
كم,كَم,12,root_too_short
كم,وَكَم,9,root_too_short
كما,كَمَا,59,weak_root
كهيعص,كهيعص,1,root_too_long
كوب,بِأَكْوَابٍ,1,weak_root
كوب,وَأَكْوَابٌ,1,weak_root
كوب,وَأَكْوَابٍ,2,weak_root
كود,كَادَ,2,weak_root
كود,كَادَت,1,weak_root
كود,كَادُوا,4,weak_root
كود,كِدتَّ,2,weak_root
كود,وَكَادُوا,1,weak_root
كود,يَكَادُ,6,weak_root
كود,يَكَادُونَ,3,weak_root
كود,يَكَد,1,weak_root
كور,كُوِّرَت,1,weak_root
كور,وَيُكَوِّرُ,1,weak_root
كور,يُكَوِّرُ,1,weak_root
كوكب,الْكَوَاكِبُ,1,weak_root
كوكب,الْكَوَاكِبِ,1,weak_root
كوكب,كَوْكَبًا,2,weak_root
كوكب,كَوْكَبٌ,1,weak_root
كون,أَكَانَ,1,weak_root
كون,أَكُ,1,weak_root
كون,أَكُن,4,weak_root
كون,أَكُونَ,9,weak_root
كون,تَكُ,7,weak_root
كون,تَكُن,19,weak_root
كون,تَكُونَ,14,weak_root
كون,تَكُونَا,2,weak_root
كون,تَكُونَنَّ,9,weak_root
كون,تَكُونُ,11,weak_root
كون,تَكُونُوا,21,weak_root
كون,سَيَكُونُ,1,weak_root
كون,فَأَكُونَ,1,weak_root
كون,فَتَكُن,1,weak_root
كون,فَتَكُونَ,6,weak_root
كون,فَتَكُونَا,2,weak_root
كون,فَتَكُونُ,1,weak_root
كون,فَتَكُونُونَ,1,weak_root
كون,فَكَانَ,8,weak_root
كون,فَكَانَت,5,weak_root
كون,فَكَانُوا,5,weak_root
كون,فَكُنتُم,2,weak_root
كون,فَلْيَكُونُوا,1,weak_root
كون,فَنَكُونَ,1,weak_root
كون,فَيَكُونَ,1,weak_root
كون,فَيَكُونُ,9,weak_root
كون,كَانَ,323,weak_root
كون,كَانَا,2,weak_root
كون,كَانَت,27,weak_root
كون,كَانَتَا,3,weak_root
كون,كَانَتِ,1,weak_root
كون,كَانُوا,229,weak_root
كون,كُن,8,weak_root
كون,كُنتَ,35,weak_root
كون,كُنتُ,15,weak_root
كون,كُنتُم,188,weak_root
كون,كُنتُنَّ,2,weak_root
كون,كُنتِ,1,weak_root
كون,كُنَّ,3,weak_root
كون,كُنَّا,63,weak_root
كون,كُونُوا,9,weak_root
كون,كُونِي,1,weak_root
كون,لأكُونَنَّ,1,weak_root
كون,لَتَكُونَنَّ,2,weak_root
كون,لَكَانَ,6,weak_root
كون,لَكُنتُ,2,weak_root
كون,لَكُنتُم,1,weak_root
كون,لَكُنَّا,3,weak_root
كون,لَنَكُونَنَّ,5,weak_root
كون,لَيَكُونُنَّ,1,weak_root
كون,لِتَكُونَ,3,weak_root
كون,لِتَكُونُوا,2,weak_root
كون,لِيَكُونَ,3,weak_root
كون,لِيَكُونَا,1,weak_root
كون,لِيَكُونُوا,2,weak_root
كون,نَكُ,2,weak_root
كون,نَكُن,4,weak_root
كون,نَكُونَ,2,weak_root
كون,وَأَكُن,2,weak_root
كون,وَتَكُونَ,1,weak_root
كون,وَتَكُونُ,2,weak_root
كون,وَتَكُونُوا,2,weak_root
كون,وَكَانَ,84,weak_root
كون,وَكَانَت,1,weak_root
كون,وَكَانَتِ,3,weak_root
كون,وَكَانُوا,35,weak_root
كون,وَكُن,3,weak_root
كون,وَكُنتَ,2,weak_root
كون,وَكُنتُ,2,weak_root
كون,وَكُنتُم,8,weak_root
كون,وَكُنَّا,16,weak_root
كون,وَكُونُوا,1,weak_root
كون,وَلَتَكُونَنَّ,1,weak_root
كون,وَلَنَكُونَنَّ,1,weak_root
كون,وَلِتَكُونَ,1,weak_root
كون,وَلِيَكُونًا,1,weak_root
كون,وَلِيَكُونَ,1,weak_root
كون,وَلْتَكُن,1,weak_root
كون,وَنَكُونَ,3,weak_root
كون,وَيَكُونَ,3,weak_root
كون,وَيَكُونُونَ,1,weak_root
كون,يَكُ,8,weak_root
كون,يَكُن,27,weak_root
كون,يَكُنِ,4,weak_root
كون,يَكُنَّ,1,weak_root
كون,يَكُونَ,17,weak_root
كون,يَكُونَا,1,weak_root
كون,يَكُونُ,18,weak_root
كون,يَكُونُوا,13,weak_root
كون,يَكُونُونَ,1,weak_root
كوي,فَتُكْوَى,1,weak_root
كي,كَي,4,root_too_short
كي,لِكَي,2,root_too_short
كي,لِكَيْلاَ,4,root_too_short
كيد,أَكَادُ,1,weak_root
كيد,الْمَكِيدُونَ,1,weak_root
كيد,بِكَيْدِهِنَّ,1,weak_root
كيد,تَكَادُ,3,weak_root
كيد,فَكِيدُونِ,1,weak_root
كيد,فَكِيدُونِي,1,weak_root
كيد,فَيَكِيدُوا,1,weak_root
كيد,كَيْدًا,6,weak_root
كيد,كَيْدٌ,1,weak_root
كيد,كَيْدَ,2,weak_root
كيد,كَيْدَكُم,1,weak_root
كيد,كَيْدَكُنَّ,1,weak_root
كيد,كَيْدَهُ,1,weak_root
كيد,كَيْدَهُم,1,weak_root
كيد,كَيْدَهُنَّ,2,weak_root
كيد,كَيْدُ,3,weak_root
كيد,كَيْدُهُ,1,weak_root
كيد,كَيْدُهُم,2,weak_root
كيد,كَيْدِ,1,weak_root
كيد,كَيْدِكُنَّ,1,weak_root
كيد,كَيْدِي,2,weak_root
كيد,كِدْنَا,1,weak_root
كيد,كِيدُونِ,1,weak_root
كيد,لأَكِيدَنَّ,1,weak_root
كيد,وَأَكِيدُ,1,weak_root
كيد,يَكِيدُونَ,1,weak_root
كيف,فَكَيْفَ,16,weak_root
كيف,كَيْفَ,62,weak_root
كيف,وَكَيْفَ,5,weak_root
كيل,اكْتَالُوا,1,weak_root
كيل,الْكَيْلَ,6,weak_root
كيل,الْكَيْلُ,1,weak_root
كيل,الْمِكْيَالَ,2,weak_root
كيل,كَالُوهُم,1,weak_root
كيل,كَيْلٌ,1,weak_root
كيل,كَيْلَ,2,weak_root
كيل,كِلْتُم,1,weak_root
كيل,نَكْتَل,1,weak_root
كيل,وَمِيكَالَ,1,weak_root
كين,اسْتَكَانُوا,2,weak_root
لا,أَفَلاَ,45,root_too_short
لا,أَلاَ,54,root_too_short
لا,أَوَلاَ,1,root_too_short
لا,فَلاَ,156,root_too_short
لا,لاَ,668,root_too_short
لا,لاَّ,148,root_too_short
لا,وَلاَ,658,root_too_short
لات,اللاَّتَ,1,weak_root
لات,وَلاَتَ,1,weak_root
لحي,بِلِحْيَتِي,1,weak_root
لدي,لَدَا,1,weak_root
لدي,لَدَى,1,weak_root
لدي,لَدَيَّ,4,weak_root
لدي,لَدَيْنَا,5,weak_root
لدي,لَدَيْهِ,2,weak_root
لدي,لَدَيْهِم,7,weak_root
لدي,وَلَدَيْنَا,2,weak_root
لظي,تَلَظَّى,1,weak_root
لظي,لَظَى,1,weak_root
لغو,اللَّغْوَ,1,weak_root
لغو,اللَّغْوِ,1,weak_root
لغو,بِاللَّغْوِ,3,weak_root
لغو,لاَغِيَةً,1,weak_root
لغو,لَغْوًا,3,weak_root
لغو,لَغْوٌ,1,weak_root
لغو,وَالْغَوْا,1,weak_root
لفي,أَلْفَوْا,1,weak_root
لفي,أَلْفَيْنَا,1,weak_root
لفي,وَأَلْفَيَا,1,weak_root
لقمان,لُقْمَانَ,1,root_too_long
لقمان,لُقْمَانُ,1,root_too_long
لقي,أَءُلْقِيَ,1,weak_root
لقي,أَلْقَاهَا,1,weak_root
لقي,أَلْقَاهُ,1,weak_root
لقي,أَلْقَوْا,2,weak_root
لقي,أَلْقَى,6,weak_root
لقي,أَلْقُوا,4,weak_root
لقي,أَلْقِ,2,weak_root
لقي,أَلْقِهَا,1,weak_root
لقي,أَلْقِيَا,1,weak_root
لقي,أُلْقُوا,2,weak_root
لقي,أُلْقِيَ,3,weak_root
لقي,التَّلاَقِ,1,weak_root
لقي,الْتَقَتَا,1,weak_root
لقي,الْتَقَى,3,weak_root
لقي,الْتَقَيْتُم,1,weak_root
لقي,الْمُتَلَقِّيَانِ,1,weak_root
لقي,الْمُلْقِينَ,1,weak_root
لقي,بِلِقَاءِ,6,weak_root
لقي,بِلِقَاءِي,1,weak_root
لقي,تَلَقَّوْنَهُ,1,weak_root
لقي,تَلْقَوْهُ,1,weak_root
لقي,تُلْقُوا,1,weak_root
لقي,تُلْقُونَ,1,weak_root
لقي,تُلْقِيَ,2,weak_root
لقي,تِلْقَاءَ,2,weak_root
لقي,تِلْقَاءِي,1,weak_root
لقي,سَأُلْقِي,1,weak_root
لقي,سَنُلْقِي,2,weak_root
لقي,فَأَلْقَاهَا,1,weak_root
لقي,فَأَلْقَوُا,1,weak_root
لقي,فَأَلْقَوْا,2,weak_root
لقي,فَأَلْقَى,3,weak_root
لقي,فَأَلْقُوهُ,2,weak_root
لقي,فَأَلْقِه,1,weak_root
لقي,فَأَلْقِيهِ,1,weak_root
لقي,فَأَلْقِيَاهُ,1,weak_root
لقي,فَأُلْقِيَ,2,weak_root
لقي,فَالْتَقَى,1,weak_root
لقي,فَالْمُلْقِيَاتِ,1,weak_root
لقي,فَتَلَقَّى,1,weak_root
لقي,فَتُلْقَى,1,weak_root
لقي,فَلْيُلْقِهِ,1,weak_root
لقي,فَمُلاَقِيهِ,1,weak_root
لقي,لاَقِيهِ,1,weak_root
لقي,لَتُلَقَّى,1,weak_root
لقي,لَقُوا,2,weak_root
لقي,لَقُوكُم,1,weak_root
لقي,لَقِيتُم,1,weak_root
لقي,لَقِيتُمُ,2,weak_root
لقي,لَقِينَا,1,weak_root
لقي,لَقِيَا,1,weak_root
لقي,لِقَاءَ,7,weak_root
لقي,لِقَاءَنَا,4,weak_root
لقي,لِقَاءِ,1,weak_root
لقي,لِقَائِهِ,1,weak_root
لقي,مُلاَقٍ,1,weak_root
لقي,مُلاَقُوا,3,weak_root
لقي,مُلاَقُوهُ,1,weak_root
لقي,مُلاَقِيكُم,1,weak_root
لقي,مُلْقُونَ,2,weak_root
لقي,وَأَلْقَت,1,weak_root
لقي,وَأَلْقَوْا,2,weak_root
لقي,وَأَلْقَى,3,weak_root
لقي,وَأَلْقَيْتُ,1,weak_root
لقي,وَأَلْقَيْنَا,4,weak_root
لقي,وَأَلْقُوهُ,1,weak_root
لقي,وَأَلْقِ,2,weak_root
لقي,وَأُلْقِيَ,1,weak_root
لقي,وَتَتَلَقَّاهُمُ,1,weak_root
لقي,وَلَقَّاهُم,1,weak_root
لقي,وَلِقَاءِ,1,weak_root
لقي,وَلِقَاءِي,1,weak_root
لقي,وَلِقَائِهِ,2,weak_root
لقي,وَيُلَقَّوْنَ,1,weak_root
لقي,وَيُلْقُوا,1,weak_root
لقي,يَتَلَقَّى,1,weak_root
لقي,يَلْتَقِيَانِ,1,weak_root
لقي,يَلْقَ,1,weak_root
لقي,يَلْقَاهُ,1,weak_root
لقي,يَلْقَوْنَ,1,weak_root
لقي,يَلْقَوْنَهُ,2,weak_root
لقي,يُلاَقُوا,3,weak_root
لقي,يُلَقَّاهَا,3,weak_root
لقي,يُلْقَى,3,weak_root
لقي,يُلْقُونَ,2,weak_root
لقي,يُلْقِي,3,weak_root
لك,أَلَكُمُ,1,root_too_short
لك,فَلَكُم,2,root_too_short
لك,فَلَكُمُ,1,root_too_short
لك,لَكَ,69,root_too_short
لك,لَكُم,294,root_too_short
لك,لَكُمَا,7,root_too_short
لك,لَكُمُ,43,root_too_short
لك,لَكِ,2,root_too_short
لك,وَلَكَ,1,root_too_short
لم,أَفَلَم,12,root_too_short
لم,أَلَم,78,root_too_short
لم,أَوَلَم,2,root_too_short
لم,فَلَم,12,root_too_short
لم,فَلَمَّا,101,root_too_short
لم,فَلِمَ,4,root_too_short
لم,لَم,196,root_too_short
لم,لَمَا,6,root_too_short
لم,لَمًّا,1,root_too_short
لم,لَمَّا,33,root_too_short
لم,لِمَ,15,root_too_short
لم,لِمَا,35,root_too_short
لم,وَلَم,47,root_too_short
لم,وَلَمَّا,31,root_too_short
لم,وَلِمَا,1,root_too_short
لن,فَلَن,22,root_too_short
لن,لَن,59,root_too_short
لن,وَلَن,22,root_too_short
لنا,لَنَا,83,weak_root
لنا,وَلَنَا,1,weak_root
له,أَلَهُم,1,root_too_short
له,فَلَهَا,3,root_too_short
له,فَلَهُ,10,root_too_short
له,فَلَهُم,6,root_too_short
له,فَلَهُمَا,1,root_too_short
له,فَلَهُنَّ,2,root_too_short
له,لَهَا,41,root_too_short
له,لَهُ,275,root_too_short
له,لَهُم,325,root_too_short
له,لَهُمَا,10,root_too_short
له,لَهُمُ,48,root_too_short
له,لَهُنَّ,13,root_too_short
له,وَلَهَا,2,root_too_short
له,وَلَهُ,23,root_too_short
له,وَلَهُم,41,root_too_short
له,وَلَهُمُ,2,root_too_short
له,وَلَهُنَّ,2,root_too_short
لهو,أَلْهَاكُمُ,1,weak_root
لهو,اللَّهْوِ,1,weak_root
لهو,تَلَهَّى,1,weak_root
لهو,تُلْهِكُم,1,weak_root
لهو,تُلْهِيهِم,1,weak_root
لهو,لاَهِيَةً,1,weak_root
لهو,لَهْوًا,3,weak_root
لهو,لَهْوٌ,1,weak_root
لهو,لَهْوَ,1,weak_root
لهو,وَلَهْوًا,1,weak_root
لهو,وَلَهْوٌ,3,weak_root
لهو,وَيُلْهِهِمُ,1,weak_root
لو,أَوَلَو,6,root_too_short
لو,فَلَو,3,root_too_short
لو,فَلَوْلاَ,13,root_too_short
لو,لَو,80,root_too_short
لو,لَوِ,2,root_too_short
لو,لَوْلاَ,36,root_too_short
لو,وَلَو,108,root_too_short
لو,وَلَوِ,3,root_too_short
لو,وَلَوْلاَ,24,root_too_short
لوح,أَلْوَاحٍ,1,weak_root
لوح,الأَلْوَاحَ,2,weak_root
لوح,الأَلْوَاحِ,1,weak_root
لوح,لَوَّاحَةٌ,1,weak_root
لوح,لَوْحٍ,1,weak_root
لوذ,لِوَاذًا,1,weak_root
لوط,لُوطًا,4,weak_root
لوط,لُوطٌ,2,weak_root
لوط,لُوطٍ,13,weak_root
لوط,وَلُوطًا,6,weak_root
لوط,يَالُوطُ,2,weak_root
لوم,اللَّوَّامَةِ,1,weak_root
لوم,بِمَلُومٍ,1,weak_root
لوم,تَلُومُونِي,1,weak_root
لوم,لاَئِمٍ,1,weak_root
لوم,لَوْمَةَ,1,weak_root
لوم,لُمْتُنَّنِي,1,weak_root
لوم,مَلُومًا,2,weak_root
لوم,مَلُومِينَ,2,weak_root
لوم,مُلِيمٌ,2,weak_root
لوم,وَلُومُوا,1,weak_root
لوم,يَتَلاَوَمُونَ,1,weak_root
لون,أَلْوَانُهَا,2,weak_root
لون,أَلْوَانُهُ,4,weak_root
لون,لَوْنُهَا,2,weak_root
لون,وَأَلْوَانِكُم,1,weak_root
لوي,تَلْوُا,1,weak_root
لوي,تَلْوُنَ,1,weak_root
لوي,لَوَّوْا,1,weak_root
لوي,لَيًّا,1,weak_root
لوي,يَلْوُنَ,1,weak_root
لي,لِي,59,root_too_short
لي,لِيَ,4,root_too_short
ليت,لَيْتَنِي,1,weak_root
ليت,يَالَيْتَ,3,weak_root
ليت,يَالَيْتَنَا,2,weak_root
ليت,يَالَيْتَنِي,7,weak_root
ليت,يَالَيْتَهَا,1,weak_root
ليس,أَلَسْتُ,1,weak_root
ليس,أَلَيْسَ,13,weak_root
ليس,فَلَيْسَ,7,weak_root
ليس,لَسْتَ,4,weak_root
ليس,لَسْتُ,1,weak_root
ليس,لَسْتُم,2,weak_root
ليس,لَسْتُنَّ,1,weak_root
ليس,لَيْسَ,49,weak_root
ليس,لَيْسَتِ,2,weak_root
ليس,لَيْسُوا,2,weak_root
ليس,وَلَسْتُم,1,weak_root
ليس,وَلَيْسَ,5,weak_root
ليس,وَلَيْسَتِ,1,weak_root
ليل,الَّيْلَ,25,weak_root
ليل,الَّيْلُ,4,weak_root
ليل,الَّيْلِ,30,weak_root
ليل,بِالَّيْلِ,6,weak_root
ليل,بِلَيْلٍ,1,weak_root
ليل,لَيَالٍ,2,weak_root
ليل,لَيَالِيَ,1,weak_root
ليل,لَيْلاً,5,weak_root
ليل,لَيْلَةً,3,weak_root
ليل,لَيْلَةٍ,1,weak_root
ليل,لَيْلَةَ,1,weak_root
ليل,لَيْلَةُ,2,weak_root
ليل,لَيْلَةِ,1,weak_root
ليل,لَيْلَهَا,1,weak_root
ليل,وَالَّيْلِ,7,weak_root
ليل,وَبِالَّيْلِ,1,weak_root
ليل,وَلَيَالٍ,1,weak_root
لين,تَلِينُ,1,weak_root
لين,لَيِّنًا,1,weak_root
لين,لِنتَ,1,weak_root
لين,لِينَةٍ,1,weak_root
لين,وَأَلَنَّا,1,weak_root
مءه,مِائَتَيْنِ,2,alignment_failed
مأجوج,وَمَأْجُوجَ,1,root_too_long
مأجوج,وَمَأْجُوجُ,1,root_too_long
ما,أَفَمَا,1,root_too_short
ما,بِمَا,296,root_too_short
ما,فَبِمَ,1,root_too_short
ما,فَبِمَا,6,root_too_short
ما,فَمَا,86,root_too_short
ما,فَمَالِ,2,root_too_short
ما,مَا,1013,root_too_short
ما,مَهْمَا,1,root_too_short
ما,مِمَّا,111,root_too_short
ما,وَبِمَا,6,root_too_short
ما,وَمَا,646,root_too_short
ما,وَمِمَّا,11,root_too_short
ماذا,فَمَاذَا,3,weak_root
ماذا,مَاذَا,22,weak_root
ماذا,وَمَاذَا,1,weak_root
ماروت,وَمَارُوتَ,1,root_too_long
متى,مَتَى,9,weak_root
محو,فَمَحَوْنَا,1,weak_root
محو,وَيَمْحُ,1,weak_root
محو,يَمْحُوا,1,weak_root
مدين,لِمَدْيَنَ,1,weak_root
مدين,مَدْيَنَ,9,weak_root
مرو,وَالْمَرْوَةَ,1,weak_root
مري,أَفَتُمَارُونَهُ,1,weak_root
مري,الْمُمْتَرِينَ,4,weak_root
مري,تَتَمَارَى,1,weak_root
مري,تَمْتَرُنَّ,1,weak_root
مري,تَمْتَرُونَ,2,weak_root
مري,تُمَارِ,1,weak_root
مري,فَتَمَارَوْا,1,weak_root
مري,مِرَاءً,1,weak_root
مري,مِرْيَةٍ,5,weak_root
مري,يَمْتَرُونَ,2,weak_root
مري,يُمَارُونَ,1,weak_root
مريم,مَرْيَمَ,28,weak_root
مريم,وَمَرْيَمَ,1,weak_root
مريم,يَامَرْيَمُ,5,weak_root
مسي,بِالأَمْسِ,4,weak_root
مسي,تُمْسُونَ,1,weak_root
مشي,امْشُوا,1,weak_root
مشي,تَمْشُونَ,1,weak_root
مشي,تَمْشِ,2,weak_root
مشي,تَمْشِي,2,weak_root
مشي,فَامْشُوا,1,weak_root
مشي,مَشَوْا,1,weak_root
مشي,مَشَّاءٍ,1,weak_root
مشي,مَشْيِكَ,1,weak_root
مشي,وَيَمْشُونَ,1,weak_root
مشي,وَيَمْشِي,1,weak_root
مشي,يَمْشُونَ,5,weak_root
مشي,يَمْشِي,6,weak_root
مضي,أَمْضِيَ,1,weak_root
مضي,مَضَت,1,weak_root
مضي,مُضِيًّا,1,weak_root
مضي,وَامْضُوا,1,weak_root
مضي,وَمَضَى,1,weak_root
مطو,يَتَمَطَّى,1,weak_root
مع,لَمَعَ,1,root_too_short
مع,لَمَعَكُم,1,root_too_short
مع,مَعَ,58,root_too_short
مع,مَعَكَ,11,root_too_short
مع,مَعَكُم,26,root_too_short
مع,مَعَكُمَا,1,root_too_short
مع,مَعَنَا,6,root_too_short
مع,مَعَهَا,1,root_too_short
مع,مَعَهُ,34,root_too_short
مع,مَعَهُم,12,root_too_short
مع,مَعَهُمُ,2,root_too_short
مع,مَعِيَ,11,root_too_short
معي,أَمْعَاءَهُم,1,weak_root
مكو,مُكَاءً,1,weak_root
ملي,أَمْلَيْتُ,1,weak_root
ملي,تُمْلَى,1,weak_root
ملي,فَأَمْلَيْتُ,2,weak_root
ملي,مَلِيًّا,1,weak_root
ملي,نُمْلِي,2,weak_root
ملي,وَأَمْلَى,1,weak_root
ملي,وَأُمْلِي,2,weak_root
م,أَفَمَن,15,root_too_short
م,أَفَمَنِ,1,root_too_short
م,بِمَن,8,root_too_short
م,بِمَنِ,2,root_too_short
م,فَمَن,67,root_too_short
م,فَمَنِ,15,root_too_short
م,كَمَن,9,root_too_short
م,لَمَن,4,root_too_short
م,لَمَنِ,1,root_too_short
م,لِمَن,55,root_too_short
م,لِمَنِ,6,root_too_short
م,مَن,373,root_too_short
م,مَنِ,21,root_too_short
م,وَبِمَن,1,root_too_short
م,وَلَمَن,1,root_too_short
م,وَلَمَنِ,1,root_too_short
م,وَلِمَن,3,root_too_short
م,وَمَن,234,root_too_short
م,وَمَنِ,6,root_too_short
م,وَمِمَّن,5,root_too_short
م,أَفَمِن,1,root_too_short
م,فَمِن,3,root_too_short
م,فَمِنكُم,2,root_too_short
م,فَمِنَ,3,root_too_short
م,فَمِنْهَا,1,root_too_short
م,فَمِنْهُ,1,root_too_short
م,فَمِنْهُم,11,root_too_short
م,لَمِن,1,root_too_short
م,لَمِنكُم,1,root_too_short
م,لَمِنَ,27,root_too_short
م,مِمَّ,1,root_too_short
م,مِمَّن,21,root_too_short
م,مِمَّنِ,10,root_too_short
م,مِن,1673,root_too_short
م,مِنكَ,6,root_too_short
م,مِنكُم,105,root_too_short
م,مِنكُمُ,2,root_too_short
م,مِنكُنَّ,4,root_too_short
م,مِنَ,693,root_too_short
م,مِنَّا,33,root_too_short
م,مِنِّي,10,root_too_short
م,مِنْهَا,86,root_too_short
م,مِنْهُ,88,root_too_short
م,مِنْهُم,145,root_too_short
م,مِنْهُمَا,10,root_too_short
م,مِنْهُمُ,8,root_too_short
م,مِنْهُنَّ,7,root_too_short
م,وَمِن,64,root_too_short
م,وَمِنكَ,1,root_too_short
م,وَمِنكُم,6,root_too_short
م,وَمِنَ,38,root_too_short
م,وَمِنَّا,2,root_too_short
م,وَمِنْهَا,8,root_too_short
م,وَمِنْهُ,1,root_too_short
م,وَمِنْهُم,25,root_too_short
م,وَمِنْهُمُ,1,root_too_short
مناة,وَمَنَاةَ,1,weak_root
مني,أَمَانِيَّ,1,weak_root
مني,أَمَانِيُّهُم,1,weak_root
مني,أَمَانِيِّ,1,weak_root
مني,أُمْنِيَّتِهِ,1,weak_root
مني,الأَمَانِيُّ,1,weak_root
مني,بِأَمَانِيِّكُم,1,weak_root
مني,تَتَمَنَّوْا,1,weak_root
مني,تَمَنَّوْا,1,weak_root
مني,تَمَنَّوْنَ,1,weak_root
مني,تَمَنَّى,2,weak_root
مني,تُمْنَى,1,weak_root
مني,تُمْنُونَ,1,weak_root
مني,فَتَمَنَّوُا,2,weak_root
مني,مَنِيٍّ,1,weak_root
مني,وَلأُمَنِّيَنَّهُم,1,weak_root
مني,وَيُمَنِّيهِم,1,weak_root
مني,يَتَمَنَّوْنَهُ,1,weak_root
مني,يَتَمَنَّوْهُ,1,weak_root
مني,يُمْنَى,1,weak_root
موت,أَمَاتَ,1,weak_root
موت,أَمَاتَهُ,1,weak_root
موت,أَمَتَّنَا,1,weak_root
موت,أَمُوتُ,1,weak_root
موت,أَمْوَاتًا,2,weak_root
موت,أَمْوَاتٌ,2,weak_root
موت,الأَمْوَاتُ,1,weak_root
موت,الْمَمَاتِ,1,weak_root
موت,الْمَوْتَ,10,weak_root
موت,الْمَوْتَةَ,1,weak_root
موت,الْمَوْتَى,16,weak_root
موت,الْمَوْتُ,11,weak_root
موت,الْمَوْتِ,14,weak_root
موت,الْمَيِّتَ,3,weak_root
موت,الْمَيِّتِ,5,weak_root
موت,الْمَيْتَةَ,2,weak_root
موت,الْمَيْتَةُ,2,weak_root
موت,بِمَيِّتٍ,1,weak_root
موت,بِمَيِّتِينَ,1,weak_root
موت,تَمُت,1,weak_root
موت,تَمُوتَ,1,weak_root
موت,تَمُوتُ,1,weak_root
موت,تَمُوتُنَّ,2,weak_root
موت,تَمُوتُونَ,1,weak_root
موت,فَأَمَاتَهُ,1,weak_root
موت,فَيَمُت,1,weak_root
موت,فَيَمُوتُوا,1,weak_root
موت,لَمَيِّتُونَ,1,weak_root
موت,مَاتَ,2,weak_root
موت,مَاتُوا,3,weak_root
موت,مَوْتًا,1,weak_root
موت,مَوْتَتَنَا,1,weak_root
موت,مَوْتَتُنَا,1,weak_root
موت,مَوْتِكُم,1,weak_root
موت,مَوْتِهَا,11,weak_root
موت,مَوْتِهِ,2,weak_root
موت,مَيِّتٌ,1,weak_root
موت,مَيِّتٍ,2,weak_root
موت,مَيِّتُونَ,1,weak_root
موت,مَيْتًا,5,weak_root
موت,مَيْتَةً,2,weak_root
موت,مُتُّم,2,weak_root
موت,مُوتُوا,2,weak_root
موت,مِتَّ,1,weak_root
موت,مِتُّ,2,weak_root
موت,مِتُّم,1,weak_root
موت,مِتْنَا,5,weak_root
موت,نَمُوتُ,2,weak_root
موج,الْمَوْجُ,2,weak_root
موج,مَوْجٌ,3,weak_root
موج,مَوْجٍ,1,weak_root
موج,يَمُوجُ,1,weak_root
مور,تَمُورُ,2,weak_root
مور,مَوْرًا,1,weak_root
موسى,بِمُوسَى,1,weak_root
موسى,لِمُوسَى,1,weak_root
موسى,مُوسَى,105,weak_root
موسى,وَمُوسَى,5,weak_root
موسى,يَامُوسَى,24,weak_root
مول,أَمْوَالاً,2,weak_root
مول,أَمْوَالَ,3,weak_root
مول,أَمْوَالَكُم,3,weak_root
مول,أَمْوَالَكُمُ,1,weak_root
مول,أَمْوَالَهُم,9,weak_root
مول,أَمْوَالَهُمُ,1,weak_root
مول,أَمْوَالُكُم,4,weak_root
مول,أَمْوَالُنَا,1,weak_root
مول,أَمْوَالُهُم,5,weak_root
مول,أَمْوَالِ,2,weak_root
مول,أَمْوَالِكُم,3,weak_root
مول,أَمْوَالِنَا,1,weak_root
مول,أَمْوَالِهِم,5,weak_root
مول,الأَمْوَالِ,3,weak_root
مول,الْمَالَ,2,weak_root
مول,الْمَالُ,1,weak_root
مول,الْمَالِ,1,weak_root
مول,بِأَمْوَالٍ,2,weak_root
مول,بِأَمْوَالِكُم,3,weak_root
مول,بِأَمْوَالِهِم,8,weak_root
مول,بِمَالٍ,1,weak_root
مول,مَالاً,7,weak_root
مول,مَالٌ,1,weak_root
مول,مَالٍ,2,weak_root
مول,مَالَ,2,weak_root
مول,مَالَهُ,3,weak_root
مول,مَالُهُ,3,weak_root
مول,مَالِ,3,weak_root
مول,مَالِيَه,1,weak_root
مول,وَأَمْوَالاً,1,weak_root
مول,وَأَمْوَالٌ,1,weak_root
مول,وَأَمْوَالَهُم,2,weak_root
مول,وَأَمْوَالِهِم,1,weak_root
موه,الْمَاءَ,7,weak_root
موه,الْمَاءُ,4,weak_root
موه,الْمَاءِ,6,weak_root
موه,بِمَاءٍ,4,weak_root
موه,كَمَاءٍ,2,weak_root
موه,مَاءً,27,weak_root
موه,مَاءٍ,7,weak_root
موه,مَاءَ,1,weak_root
موه,مَاءَكِ,1,weak_root
موه,مَاءَهَا,1,weak_root
موه,مَاؤُكُم,1,weak_root
موه,مَاؤُهَا,1,weak_root
موه,وَمَاءٍ,1,weak_root
ميد,تَمِيدَ,3,weak_root
مير,وَنَمِيرُ,1,weak_root
ميز,تَمَيَّزُ,1,weak_root
ميز,لِيَمِيزَ,1,weak_root
ميز,وَامْتَازُوا,1,weak_root
ميز,يَمِيزَ,1,weak_root
ميل,الْمَيْلِ,1,weak_root
ميل,تَمِيلُوا,2,weak_root
ميل,فَيَمِيلُونَ,1,weak_root
ميل,مَيْلاً,1,weak_root
ميل,مَيْلَةً,1,weak_root
ن,ن,1,root_too_short
نءي,وَنَئَا,2,weak_root
نءي,وَيَنْئَوْنَ,1,weak_root
نبء,النَّبِيَّ,5,alignment_failed
نبء,النَّبِيُّ,17,alignment_failed
نبء,النَّبِيُّونَ,2,alignment_failed
نبء,النَّبِيِّ,8,alignment_failed
نبء,النَّبِيِّنَ,9,alignment_failed
نبء,النُّبُوَّةَ,2,alignment_failed
نبء,بِالنَّبِيِّنَ,1,alignment_failed
نبء,لِلنَّبِيِّ,2,alignment_failed
نبء,لِنَبِيٍّ,3,alignment_failed
نجو,أَنجَاكُم,1,weak_root
نجو,أَنجَانَا,1,weak_root
نجو,أَنجَاهُم,1,weak_root
نجو,أَنجَيْتَنَا,1,weak_root
نجو,أَنجَيْنَا,2,weak_root
نجو,أَنجَيْنَاكُم,2,weak_root
نجو,النَّجَاةَ,1,weak_root
نجو,النَّجْوَى,4,weak_root
نجو,تَتَنَاجَوْا,1,weak_root
نجو,تَنَاجَيْتُم,1,weak_root
نجو,تُنْجِيكُم,1,weak_root
نجو,فَأَنجَاهُ,1,weak_root
نجو,فَأَنجَيْنَاكُم,1,weak_root
نجو,فَأَنجَيْنَاهُ,6,weak_root
نجو,فَأَنجَيْنَاهُم,1,weak_root
نجو,فَنَجَّيْنَاكَ,1,weak_root
نجو,فَنَجَّيْنَاهُ,3,weak_root
نجو,فَنُجِّيَ,1,weak_root
نجو,لَمُنَجُّوهُم,1,weak_root
نجو,لَنُنَجِّيَنَّهُ,1,weak_root
نجو,مُنَجُّوكَ,1,weak_root
نجو,نَاجٍ,1,weak_root
نجو,نَاجَيْتُمُ,1,weak_root
نجو,نَجَا,1,weak_root
نجو,نَجَوْتَ,1,weak_root
نجو,نَجِيًّا,2,weak_root
نجو,نَجَّاكُم,1,weak_root
نجو,نَجَّانَا,2,weak_root
نجو,نَجَّاهُم,2,weak_root
نجو,نَجَّيْنَا,4,weak_root
نجو,نَجَّيْنَاكُم,1,weak_root
نجو,نَجَّيْنَاهُ,1,weak_root
نجو,نَجَّيْنَاهُم,1,weak_root
نجو,نَجِّنِي,2,weak_root
نجو,نَجْوَاكُم,2,weak_root
نجو,نَجْوَاهُم,1,weak_root
نجو,نَجْوَى,2,weak_root
نجو,نُنجِ,1,weak_root
نجو,نُنَجِّي,2,weak_root
نجو,نُنَجِّيكَ,1,weak_root
نجو,نُنْجِي,1,weak_root
نجو,وَأَنجَيْنَا,2,weak_root
نجو,وَتَنَاجَوْا,1,weak_root
نجو,وَنَجَّيْنَا,1,weak_root
نجو,وَنَجَّيْنَاهُ,4,weak_root
نجو,وَنَجَّيْنَاهُم,1,weak_root
نجو,وَنَجَّيْنَاهُمَا,1,weak_root
نجو,وَنَجِّنَا,1,weak_root
نجو,وَنَجِّنِي,3,weak_root
نجو,وَنَجْوَاهُم,2,weak_root
نجو,وَيَتَنَاجَوْنَ,1,weak_root
نجو,وَيُنَجِّي,1,weak_root
نجو,يُنَجِّيكُم,2,weak_root
نجو,يُنْجِيهِ,1,weak_root
ندو,التَّنَادِ,1,weak_root
ندو,الْمُنَادِ,1,weak_root
ندو,فَتَنَادَوْا,1,weak_root
ندو,فَنَادَاهَا,1,weak_root
ندو,فَنَادَتْهُ,1,weak_root
ندو,فَنَادَوْا,2,weak_root
ندو,فَنَادَى,2,weak_root
ندو,مُنَادِيًا,1,weak_root
ندو,نَادَانَا,1,weak_root
ندو,نَادَاهُ,1,weak_root
ندو,نَادَى,7,weak_root
ندو,نَادَيْتُم,1,weak_root
ندو,نَادَيْنَا,1,weak_root
ندو,نَادُوا,1,weak_root
ندو,نَادِيكُمُ,1,weak_root
ندو,نَادِيَهُ,1,weak_root
ندو,نَدِيًّا,1,weak_root
ندو,نُودِيَ,4,weak_root
ندو,نِدَاءً,1,weak_root
ندو,وَنَادَاهُمَا,1,weak_root
ندو,وَنَادَوْا,2,weak_root
ندو,وَنَادَى,6,weak_root
ندو,وَنَادَيْنَاهُ,2,weak_root
ندو,وَنُودُوا,1,weak_root
ندو,وَنِدَاءً,1,weak_root
ندو,يُنَادَوْنَ,2,weak_root
ندو,يُنَادُونَكَ,1,weak_root
ندو,يُنَادُونَهُم,1,weak_root
ندو,يُنَادِ,1,weak_root
ندو,يُنَادِي,1,weak_root
ندو,يُنَادِيهِم,4,weak_root
نسو,أُنَاسٌ,2,weak_root
نسو,أُنَاسٍ,3,weak_root
نسو,النِّسَاءَ,9,weak_root
نسو,النِّسَاءُ,1,weak_root
نسو,النِّسَاءِ,14,weak_root
نسو,النِّسْوَةِ,1,weak_root
نسو,نِسَاءً,1,weak_root
نسو,نِسَاءٌ,1,weak_root
نسو,نِسَاءٍ,1,weak_root
نسو,نِسَاءَكُم,3,weak_root
نسو,نِسَاءَهُم,3,weak_root
نسو,نِسَاءِ,1,weak_root
نسو,نِسَاؤُكُم,1,weak_root
نسو,نِسَائِكُم,4,weak_root
نسو,نِسَائِكُمُ,1,weak_root
نسو,نِسَائِهِم,3,weak_root
نسو,نِسَائِهِنَّ,2,weak_root
نسو,نِسْوَةٌ,1,weak_root
نسو,وَالنِّسَاءِ,2,weak_root
نسو,وَلِلنِّسَاءِ,2,weak_root
نسو,وَنِسَاءً,2,weak_root
نسو,وَنِسَاءٌ,1,weak_root
نسو,وَنِسَاءَكُم,1,weak_root
نسو,وَنِسَاءَنَا,1,weak_root
نسو,وَنِسَاءِ,1,weak_root
نسي,أَنسَانِيهُ,1,weak_root
نسي,أَنسَوْكُم,1,weak_root
نسي,تَنسَ,1,weak_root
نسي,تَنسَوُا,1,weak_root
نسي,تَنسَى,1,weak_root
نسي,تُنسَى,1,weak_root
نسي,فَأَنسَاهُ,1,weak_root
نسي,فَأَنسَاهُم,2,weak_root
نسي,فَنَسُوا,1,weak_root
نسي,فَنَسِيتَهَا,1,weak_root
نسي,فَنَسِيَ,2,weak_root
نسي,فَنَسِيَهُم,1,weak_root
نسي,مَنسِيًّا,1,weak_root
نسي,نَسُوا,7,weak_root
نسي,نَسُوهُ,1,weak_root
نسي,نَسِيتَ,1,weak_root
نسي,نَسِيتُ,2,weak_root
نسي,نَسِيتُم,2,weak_root
نسي,نَسِينَا,1,weak_root
نسي,نَسِينَاكُم,1,weak_root
نسي,نَسِيَ,1,weak_root
نسي,نَسِيَا,1,weak_root
نسي,نَسِيًّا,1,weak_root
نسي,نَسْيًا,1,weak_root
نسي,نَنسَاكُم,1,weak_root
نسي,نَنسَاهُم,1,weak_root
نسي,نُنسِهَا,1,weak_root
نسي,وَتَنسَوْنَ,2,weak_root
نسي,وَنَسُوا,1,weak_root
نسي,وَنَسُوهُ,1,weak_root
نسي,وَنَسِيَ,2,weak_root
نسي,يَنسَى,1,weak_root
نسي,يُنسِيَنَّكَ,1,weak_root
نصو,بِالنَّاصِيَةِ,1,weak_root
نصو,بِالنَّوَاصِي,1,weak_root
نصو,بِنَاصِيَتِهَا,1,weak_root
نصو,نَاصِبَةٌ,1,weak_root
نصو,نَاصِيَةٍ,1,weak_root
نفي,يُنفَوْا,1,weak_root
نهو,النُّهَى,2,weak_root
نهي,أَتَنْهَانَا,1,weak_root
نهي,أَنْهَاكُم,1,weak_root
نهي,أَنْهَكُمَا,1,weak_root
نهي,الْمُنتَهَى,2,weak_root
نهي,انتَهَوْا,3,weak_root
نهي,انتَهُوا,1,weak_root
نهي,تَنتَهُوا,2,weak_root
نهي,تَنتَهِ,3,weak_root
نهي,تَنْهَى,1,weak_root
نهي,تُنْهَوْنَ,1,weak_root
نهي,فَانتَهَى,1,weak_root
نهي,فَانتَهُوا,1,weak_root
نهي,مُنتَهَاهَا,1,weak_root
نهي,مُنتَهُونَ,1,weak_root
نهي,نَنْهَكَ,1,weak_root
نهي,نَهَاكُم,1,weak_root
نهي,نَهَاكُمَا,1,weak_root
نهي,نُهُوا,5,weak_root
نهي,نُهِيتُ,2,weak_root
نهي,وَالنَّاهُونَ,1,weak_root
نهي,وَانْهَ,1,weak_root
نهي,وَتَنْهَوْنَ,1,weak_root
نهي,وَنَهَوْا,1,weak_root
نهي,وَنَهَى,1,weak_root
نهي,وَيَنْهَاهُم,1,weak_root
نهي,وَيَنْهَوْنَ,4,weak_root
نهي,وَيَنْهَى,1,weak_root
نهي,يَتَنَاهَوْنَ,1,weak_root
نهي,يَنتَهُوا,2,weak_root
نهي,يَنتَهُونَ,1,weak_root
نهي,يَنتَهِ,2,weak_root
نهي,يَنْهَاكُمُ,2,weak_root
نهي,يَنْهَاهُمُ,1,weak_root
نهي,يَنْهَوْنَ,3,weak_root
نهي,يَنْهَى,1,weak_root
نوء,لَتَنُوأُ,1,weak_root
نوب,أَنَابَ,3,weak_root
نوب,أَنَبْنَا,1,weak_root
نوب,أُنِيبُ,2,weak_root
نوب,مُنِيبًا,1,weak_root
نوب,مُنِيبٌ,1,weak_root
نوب,مُنِيبٍ,3,weak_root
نوب,مُنِيبِينَ,2,weak_root
نوب,وَأَنَابَ,1,weak_root
نوب,وَأَنَابُوا,1,weak_root
نوب,وَأَنِيبُوا,1,weak_root
نوب,يُنِيبُ,2,weak_root
نوح,نُوحًا,7,weak_root
نوح,نُوحٌ,6,weak_root
نوح,نُوحٍ,23,weak_root
نوح,وَنُوحًا,3,weak_root
نوح,يَانُوحُ,4,weak_root
نور,التَّنُّورُ,2,weak_root
نور,النَّارَ,11,weak_root
نور,النَّارُ,21,weak_root
نور,النَّارِ,70,weak_root
نور,النُّورَ,1,weak_root
نور,النُّورُ,1,weak_root
نور,النُّورِ,8,weak_root
نور,الْمُنِيرِ,2,weak_root
نور,بِنُورِ,1,weak_root
نور,بِنُورِهِم,1,weak_root
نور,فَالنَّارُ,2,weak_root
نور,لِنُورِهِ,1,weak_root
نور,مُنِيرًا,2,weak_root
نور,مُنِيرٍ,2,weak_root
نور,نَارًا,19,weak_root
نور,نَارٌ,4,weak_root
نور,نَارٍ,5,weak_root
نور,نَارَ,3,weak_root
نور,نَارُ,3,weak_root
نور,نَارِ,5,weak_root
نور,نُورًا,9,weak_root
نور,نُورٌ,2,weak_root
نور,نُورٍ,3,weak_root
نور,نُورَ,2,weak_root
نور,نُورَنَا,1,weak_root
نور,نُورَهُ,1,weak_root
نور,نُورُ,1,weak_root
نور,نُورُهُم,2,weak_root
نور,نُورِكُم,1,weak_root
نور,نُورِهِ,2,weak_root
نور,وَالنَّارُ,1,weak_root
نور,وَالنُّورَ,1,weak_root
نور,وَالنُّورُ,1,weak_root
نور,وَالنُّورِ,1,weak_root
نور,وَنُورٌ,2,weak_root
نور,وَنُورُهُم,1,weak_root
نور,يَانَارُ,1,weak_root
نوس,النَّاسَ,48,weak_root
نوس,النَّاسُ,42,weak_root
نوس,النَّاسِ,92,weak_root
نوس,بِالنَّاسِ,3,weak_root
نوس,لِلنَّاسِ,39,weak_root
نوس,وَأَنَاسِيَّ,1,weak_root
نوس,وَالنَّاسِ,5,weak_root
نوش,التَّنَاوُشُ,1,weak_root
نوص,مَنَاصٍ,1,weak_root
نوق,النَّاقَةَ,2,weak_root
نوق,النَّاقَةِ,1,weak_root
نوق,نَاقَةٌ,1,weak_root
نوق,نَاقَةَ,1,weak_root
نوق,نَاقَةُ,2,weak_root
نوم,الْمَنَامِ,1,weak_root
نوم,مَنَامُكُم,1,weak_root
نوم,مَنَامِكَ,1,weak_root
نوم,مَنَامِهَا,1,weak_root
نوم,نَائِمُونَ,2,weak_root
نوم,نَوْمٌ,1,weak_root
نوم,نَوْمَكُم,1,weak_root
نوم,وَالنَّوْمَ,1,weak_root
نون,النُّونِ,1,weak_root
نوي,وَالنَّوَى,1,weak_root
نيل,تَنَالُهُ,1,weak_root
نيل,تَنَالُوا,1,weak_root
نيل,سَيَنَالُهُم,1,weak_root
نيل,نَيْلاً,1,weak_root
نيل,يَنَالَ,1,weak_root
نيل,يَنَالُ,1,weak_root
نيل,يَنَالُهُ,1,weak_root
نيل,يَنَالُهُم,1,weak_root
نيل,يَنَالُهُمُ,1,weak_root
نيل,يَنَالُوا,2,weak_root
نيل,يَنَالُونَ,1,weak_root
هاروت,هَارُوتَ,1,root_too_long
هارون,هَارُونَ,9,root_too_long
هارون,هَارُونُ,2,root_too_long
هارون,وَهَارُونَ,8,root_too_long
هارون,يَاهَارُونُ,1,root_too_long
هامان,وَهَامَانَ,4,root_too_long
هامان,يَاهَامَانُ,2,root_too_long
هدي,أَتَهْتَدِي,1,weak_root
هدي,أَهْدَى,6,weak_root
هدي,أَهْدِكَ,1,weak_root
هدي,أَهْدِكُم,1,weak_root
هدي,أَهْدِيكُم,1,weak_root
هدي,الْمُهْتَدُونَ,1,weak_root
هدي,الْمُهْتَدِ,2,weak_root
هدي,الْمُهْتَدِي,1,weak_root
هدي,الْمُهْتَدِينَ,2,weak_root
هدي,الْهَدْيَ,1,weak_root
هدي,الْهَدْيُ,1,weak_root
هدي,الْهَدْيِ,2,weak_root
هدي,الْهُدَى,22,weak_root
هدي,اهْتَدَوْا,4,weak_root
هدي,اهْتَدَى,7,weak_root
هدي,اهْتَدَيْتُ,1,weak_root
هدي,اهْتَدَيْتُم,1,weak_root
هدي,اهْدِنَا,1,weak_root
هدي,بِأَهْدَى,1,weak_root
هدي,بِالْمُهْتَدِينَ,4,weak_root
هدي,بِالْهُدَى,7,weak_root
هدي,بِهَادِ,1,weak_root
هدي,بِهَادِي,1,weak_root
هدي,بِهَدِيَّةٍ,1,weak_root
هدي,بِهَدِيَّتِكُم,1,weak_root
هدي,تَهْتَدُوا,2,weak_root
هدي,تَهْتَدُونَ,6,weak_root
هدي,تَهْدُوا,1,weak_root
هدي,تَهْدِي,3,weak_root
هدي,سَيَهْدِينِ,3,weak_root
هدي,سَيَهْدِيهِم,1,weak_root
هدي,فَاهْدُوُهُم,1,weak_root
هدي,فَبِهُدَاهُمُ,1,weak_root
هدي,فَهَدَى,3,weak_root
هدي,فَهَدَيْنَاهُم,1,weak_root
هدي,لَتَهْدِي,1,weak_root
هدي,لَلْهُدَى,1,weak_root
هدي,لَمُهْتَدُونَ,2,weak_root
هدي,لَنَهْدِيَنَّهُم,1,weak_root
هدي,لَهَادِ,1,weak_root
هدي,لَهَدَاكُم,2,weak_root
هدي,لَهَدَى,1,weak_root
هدي,لَهَدَيْنَاكُم,1,weak_root
هدي,لَهُدًى,1,weak_root
هدي,لِتَهْتَدُوا,1,weak_root
هدي,لِنَهْتَدِيَ,1,weak_root
هدي,لِيَهْدِيَهُم,2,weak_root
هدي,مُهْتَدٍ,1,weak_root
هدي,مُهْتَدُونَ,5,weak_root
هدي,مُهْتَدِينَ,3,weak_root
هدي,نَهْدِي,1,weak_root
هدي,هَادٍ,5,weak_root
هدي,هَادُوا,10,weak_root
هدي,هَادِيًا,1,weak_root
هدي,هَادِيَ,1,weak_root
هدي,هَدَاكُم,4,weak_root
هدي,هَدَانَا,5,weak_root
هدي,هَدَانِ,1,weak_root
هدي,هَدَانِي,2,weak_root
هدي,هَدَاهُم,1,weak_root
هدي,هَدَاهُمُ,1,weak_root
هدي,هَدَى,6,weak_root
هدي,هَدَيْتَنَا,1,weak_root
هدي,هَدَيْنَا,3,weak_root
هدي,هَدَيْنَاهُ,1,weak_root
هدي,هَدْيًا,1,weak_root
هدي,هُدًى,27,weak_root
هدي,هُدَاهَا,1,weak_root
هدي,هُدَاهُم,2,weak_root
هدي,هُدَايَ,2,weak_root
هدي,هُدَى,5,weak_root
هدي,هُدِيَ,1,weak_root
هدي,وَأَهْدِيَكَ,1,weak_root
هدي,وَالْهَدْيَ,2,weak_root
هدي,وَالْهُدَى,1,weak_root
هدي,وَاهْدِنَا,1,weak_root
هدي,وَتَهْدِي,1,weak_root
هدي,وَلَهَدَيْنَاهُم,1,weak_root
هدي,وَهَدَاهُ,1,weak_root
هدي,وَهَدَى,1,weak_root
هدي,وَهَدَيْنَاهُ,1,weak_root
هدي,وَهَدَيْنَاهُم,1,weak_root
هدي,وَهَدَيْنَاهُمَا,1,weak_root
هدي,وَهُدًى,15,weak_root
هدي,وَهُدُوا,2,weak_root
هدي,وَيَهْدِي,9,weak_root
هدي,وَيَهْدِيهِ,1,weak_root
هدي,وَيَهْدِيهِم,2,weak_root
هدي,وَيَهْدِيَكَ,1,weak_root
هدي,وَيَهْدِيَكُم,2,weak_root
هدي,يَهِدِّي,1,weak_root
هدي,يَهْتَدُوا,2,weak_root
هدي,يَهْتَدُونَ,10,weak_root
هدي,يَهْتَدِي,3,weak_root
هدي,يَهْدُونَ,4,weak_root
هدي,يَهْدُونَنَا,1,weak_root
هدي,يَهْدِ,8,weak_root
هدي,يَهْدِنِي,1,weak_root
هدي,يَهْدِي,42,weak_root
هدي,يَهْدِيكُم,1,weak_root
هدي,يَهْدِينِ,1,weak_root
هدي,يَهْدِيهِ,1,weak_root
هدي,يَهْدِيهِم,2,weak_root
هدي,يَهْدِيهِمُ,1,weak_root
هدي,يَهْدِيَنِ,1,weak_root
هدي,يَهْدِيَنِي,1,weak_root
هدي,يَهْدِيَهُ,1,weak_root
هدي,يُهْدَى,1,weak_root
هذا,أَهَذَا,2,weak_root
هذا,أَهَكَذَا,1,weak_root
هذا,بِهَذَا,14,weak_root
هذا,فَهَذَا,1,weak_root
هذا,لِهَذَا,2,weak_root
هذا,هَاتَيْنِ,1,weak_root
هذا,هَذَا,190,weak_root
هذا,هَذَانِ,2,weak_root
هذا,هَذِهِ,46,weak_root
هذا,وَهَذَا,15,weak_root
هذا,وَهَذِهِ,1,weak_root
هزء,هُزُوًا,11,alignment_failed
هل,فَهَل,23,root_too_short
هل,هَل,66,root_too_short
هل,هَلِ,1,root_too_short
هل,وَهَل,3,root_too_short
هم,أَفَهُم,1,root_too_short
هم,أَفَهُمُ,1,root_too_short
هم,أَهُم,3,root_too_short
هم,فَهُم,40,root_too_short
هم,فَهُمُ,1,root_too_short
هم,هُم,180,root_too_short
هم,هُمَا,1,root_too_short
هم,هُمُ,80,root_too_short
هم,وَهُم,136,root_too_short
هم,وَهُمَا,1,root_too_short
هن,هُنَّ,7,root_too_short
هنا,هَاهُنَا,4,weak_root
هنا,هُنَالِكَ,9,weak_root
هو,فَهُوَ,28,root_too_short
هو,لَهُوَ,17,root_too_short
هو,هُوَ,265,root_too_short
هو,وَهُوَ,171,root_too_short
هود,الْيَهُودَ,2,weak_root
هود,الْيَهُودُ,6,weak_root
هود,هُدْنَا,1,weak_root
هود,هُودًا,6,weak_root
هود,هُودٌ,1,weak_root
هود,هُودٍ,2,weak_root
هود,يَاهُودُ,1,weak_root
هود,يَهُودِيًّا,1,weak_root
هور,هَارٍ,1,weak_root
هون,أَهَانَنِ,1,weak_root
هون,أَهْوَنُ,1,weak_root
هون,الْمُهِينِ,2,weak_root
هون,الْهُونِ,3,weak_root
هون,مَهِينٌ,1,weak_root
هون,مَهِينٍ,3,weak_root
هون,مُهَانًا,1,weak_root
هون,مُهِينًا,4,weak_root
هون,مُهِينٌ,8,weak_root
هون,هَوْنًا,1,weak_root
هون,هَيِّنًا,1,weak_root
هون,هَيِّنٌ,2,weak_root
هون,هُونٍ,1,weak_root
هون,يُهِنِ,1,weak_root
هوي,أَهْوَاءَ,3,weak_root
هوي,أَهْوَاءَكُم,1,weak_root
هوي,أَهْوَاءَهُم,12,weak_root
هوي,أَهْوَى,1,weak_root
هوي,اسْتَهْوَتْهُ,1,weak_root
هوي,الْهَوَى,4,weak_root
هوي,بِأَهْوَائِهِم,1,weak_root
هوي,تَهْوَى,3,weak_root
هوي,تَهْوِي,2,weak_root
هوي,هَاوِيَةٌ,1,weak_root
هوي,هَوَاءٌ,1,weak_root
هوي,هَوَاهُ,6,weak_root
هوي,هَوَى,2,weak_root
هي,فَهِيَ,5,root_too_short
هي,لَهِيَ,1,root_too_short
هي,هِيَ,47,root_too_short
هي,هِيَه,1,root_too_short
هي,وَهِيَ,10,root_too_short
هيء,كَهَيْئَةِ,2,weak_root
هيء,وَهَيِّئ,1,weak_root
هيء,وَيُهَيِّئ,1,weak_root
هيت,هَاتُوا,4,weak_root
هيت,هَيْتَ,1,weak_root
هيج,يَهِيجُ,2,weak_root
هيم,الْهِيمِ,1,weak_root
هيم,يَهِيمُونَ,1,weak_root
هيمن,الْمُهَيْمِنُ,1,weak_root
هيمن,وَمُهَيْمِنًا,1,weak_root
هيهات,هَيْهَاتَ,2,root_too_long
وءد,الْمَوْءُدَةُ,1,weak_root
وءل,مَوْئِلاً,1,weak_root
وبر,وَأَوْبَارِهَا,1,weak_root
وبق,مَوْبِقًا,1,weak_root
وبق,يُوبِقْهُنَّ,1,weak_root
وبل,وَابِلٌ,3,weak_root
وبل,وَبَالَ,4,weak_root
وبل,وَبِيلاً,1,weak_root
وتد,أَوْتَادًا,1,weak_root
وتد,الأَوْتَادِ,2,weak_root
وتر,تَتْرَا,1,weak_root
وتر,وَالْوَتْرِ,1,weak_root
وتر,يَتِرَكُم,1,weak_root
وتن,الْوَتِينَ,1,weak_root
وثق,الْمِيثَاقَ,1,weak_root
وثق,الْوَثَاقَ,1,weak_root
وثق,الْوُثْقَى,2,weak_root
وثق,بِمِيثَاقِهِم,1,weak_root
وثق,مَوْثِقًا,2,weak_root
وثق,مَوْثِقَهُم,1,weak_root
وثق,مِيثَاقًا,3,weak_root
وثق,مِيثَاقٌ,3,weak_root
وثق,مِيثَاقَ,5,weak_root
وثق,مِيثَاقَكُم,4,weak_root
وثق,مِيثَاقَهُم,4,weak_root
وثق,مِيثَاقُ,1,weak_root
وثق,مِيثَاقِهِ,2,weak_root
وثق,وَاثَقَكُم,1,weak_root
وثق,وَثَاقَهُ,1,weak_root
وثق,وَمِيثَاقَهُ,1,weak_root
وثق,يُوثِقُ,1,weak_root
وثن,أَوْثَانًا,2,weak_root
وثن,الأَوْثَانِ,1,weak_root
وجب,وَجَبَت,1,weak_root
وجد,أَجِدَ,1,weak_root
وجد,أَجِدُ,3,weak_root
وجد,تَجِدَ,11,weak_root
وجد,تَجِدُ,6,weak_root
وجد,تَجِدُوا,7,weak_root
وجد,تَجِدُوهُ,2,weak_root
وجد,سَتَجِدُنِي,3,weak_root
وجد,سَتَجِدُونَ,1,weak_root
وجد,فَوَجَدَ,1,weak_root
وجد,فَوَجَدَا,2,weak_root
وجد,فَوَجَدْنَاهَا,1,weak_root
وجد,لأَجِدَنَّ,1,weak_root
وجد,لأَجِدُ,1,weak_root
وجد,لَتَجِدَنَّ,1,weak_root
وجد,لَوَجَدُوا,2,weak_root
وجد,نَجِد,1,weak_root
وجد,وَجَدتُّ,1,weak_root
وجد,وَجَدتُّم,2,weak_root
وجد,وَجَدتُّمُوهُم,2,weak_root
وجد,وَجَدتُّهَا,1,weak_root
وجد,وَجَدَ,3,weak_root
وجد,وَجَدَهَا,2,weak_root
وجد,وَجَدُوا,1,weak_root
وجد,وَجَدْنَا,13,weak_root
وجد,وَجَدْنَاهُ,1,weak_root
وجد,وَلَتَجِدَنَّ,1,weak_root
وجد,وَلَتَجِدَنَّهُم,1,weak_root
وجد,وَلْيَجِدُوا,1,weak_root
وجد,وَوَجَدَ,3,weak_root
وجد,وَوَجَدَكَ,2,weak_root
وجد,وَوَجَدُوا,1,weak_root
وجد,وُجِدَ,1,weak_root
وجد,وُجْدِكُم,1,weak_root
وجد,يَجِد,7,weak_root
وجد,يَجِدُوا,5,weak_root
وجد,يَجِدُونَ,10,weak_root
وجد,يَجِدُونَهُ,1,weak_root
وجد,يَجِدِ,1,weak_root
وجد,يَجِدْكَ,1,weak_root
وجد,يَجِدْهُ,1,weak_root
وجس,فَأَوْجَسَ,2,weak_root
وجس,وَأَوْجَسَ,1,weak_root
وجف,أَوْجَفْتُم,1,weak_root
وجف,وَاجِفَةٌ,1,weak_root
وجل,تَوْجَل,1,weak_root
وجل,وَجِلَةٌ,1,weak_root
وجل,وَجِلَت,2,weak_root
وجل,وَجِلُونَ,1,weak_root
وجه,الْوُجُوهَ,1,weak_root
وجه,الْوُجُوهُ,1,weak_root
وجه,بِوَجْهِهِ,1,weak_root
وجه,بِوُجُوهِكُم,2,weak_root
وجه,تَوَجَّهَ,1,weak_root
وجه,لِوَجْهِ,1,weak_root
وجه,وَجِيهًا,2,weak_root
وجه,وَجَّهْتُ,1,weak_root
وجه,وَجْهَ,3,weak_root
وجه,وَجْهَكَ,6,weak_root
وجه,وَجْهَهَا,1,weak_root
وجه,وَجْهَهُ,6,weak_root
وجه,وَجْهُ,3,weak_root
وجه,وَجْهُهُ,2,weak_root
وجه,وَجْهِ,4,weak_root
وجه,وَجْهِكَ,1,weak_root
وجه,وَجْهِهَا,1,weak_root
وجه,وَجْهِهِ,3,weak_root
وجه,وَجْهِيَ,2,weak_root
وجه,وَوُجُوهٌ,2,weak_root
وجه,وُجُوهًا,1,weak_root
وجه,وُجُوهٌ,6,weak_root
وجه,وُجُوهَكُم,6,weak_root
وجه,وُجُوهَهُم,3,weak_root
وجه,وُجُوهَهُمُ,2,weak_root
وجه,وُجُوهُ,1,weak_root
وجه,وُجُوهُهُم,6,weak_root
وجه,وُجُوهِ,1,weak_root
وجه,وُجُوهِهِم,5,weak_root
وجه,وُجُوهِهِمُ,1,weak_root
وجه,وِجْهَةٌ,1,weak_root
وجه,يُوَجِّههُّ,1,weak_root
وحد,أَحَدًا,20,weak_root
وحد,أَحَدٌ,13,weak_root
وحد,أَحَدٍ,16,weak_root
وحد,أَحَدَ,1,weak_root
وحد,أَحَدَكُم,1,weak_root
وحد,أَحَدَكُمُ,4,weak_root
وحد,أَحَدَنَا,1,weak_root
وحد,أَحَدَهُمُ,2,weak_root
وحد,أَحَدُكُم,2,weak_root
وحد,أَحَدُكُمَا,1,weak_root
وحد,أَحَدُهُم,3,weak_root
وحد,أَحَدُهُمَا,3,weak_root
وحد,أَحَدِهِم,2,weak_root
وحد,أَحَدِهِمَا,1,weak_root
وحد,إِحْدَاهُمَا,5,weak_root
وحد,إِحْدَاهُنَّ,1,weak_root
وحد,إِحْدَى,4,weak_root
وحد,الْوَاحِدُ,4,weak_root
وحد,الْوَاحِدِ,2,weak_root
وحد,بِوَاحِدَةٍ,1,weak_root
وحد,فَوَاحِدَةً,1,weak_root
وحد,كَأَحَدٍ,1,weak_root
وحد,لأَحَدٍ,2,weak_root
وحد,لأَحَدِهِمَا,1,weak_root
وحد,لإِحْدَى,1,weak_root
وحد,لَوَاحِدٌ,1,weak_root
وحد,وَاحِدًا,5,weak_root
وحد,وَاحِدٌ,12,weak_root
وحد,وَاحِدٍ,6,weak_root
وحد,وَاحِدَةً,18,weak_root
وحد,وَاحِدَةٌ,5,weak_root
وحد,وَاحِدَةٍ,6,weak_root
وحد,وَحِيدًا,1,weak_root
وحد,وَحْدَهُ,6,weak_root
وحش,الْوُحُوشُ,1,weak_root
وحي,أَوْحَى,3,weak_root
وحي,أَوْحَيْتُ,1,weak_root
وحي,أَوْحَيْنَا,14,weak_root
وحي,أُوحِيَ,9,weak_root
وحي,بِالْوَحْيِ,1,weak_root
وحي,فَأَوْحَى,3,weak_root
وحي,فَأَوْحَيْنَا,2,weak_root
وحي,فَيُوحِيَ,1,weak_root
وحي,لَيُوحُونَ,1,weak_root
وحي,نُوحِي,4,weak_root
وحي,نُوحِيهَا,1,weak_root
وحي,نُوحِيهِ,2,weak_root
وحي,وَأَوْحَى,2,weak_root
وحي,وَأَوْحَيْنَا,8,weak_root
وحي,وَأُوحِيَ,2,weak_root
وحي,وَحْيًا,1,weak_root
وحي,وَحْيٌ,1,weak_root
وحي,وَحْيُهُ,1,weak_root
وحي,وَوَحْيِنَا,2,weak_root
وحي,يُوحَ,1,weak_root
وحي,يُوحَى,14,weak_root
وحي,يُوحِي,4,weak_root
ودد,أَيَوَدُّ,1,weak_root
ودد,الْمَوَدَّةَ,1,weak_root
ودد,الْوَدُودُ,1,weak_root
ودد,بِالْمَوَدَّةِ,2,weak_root
ودد,تَوَدُّ,1,weak_root
ودد,مَوَدَّةً,3,weak_root
ودد,مَوَدَّةٌ,1,weak_root
ودد,مَوَدَّةَ,1,weak_root
ودد,وَتَوَدُّونَ,1,weak_root
ودد,وَدُودٌ,1,weak_root
ودد,وَدًّا,1,weak_root
ودد,وَدَّ,2,weak_root
ودد,وَدَّت,1,weak_root
ودد,وَدُّوا,3,weak_root
ودد,وَوَدُّوا,1,weak_root
ودد,وُدًّا,1,weak_root
ودد,يَوَدُّ,5,weak_root
ودد,يَوَدُّوا,1,weak_root
ودد,يُوَادُّونَ,1,weak_root
ودع,وَدَع,1,weak_root
ودع,وَدَّعَكَ,1,weak_root
ودع,وَمُسْتَوْدَعٌ,1,weak_root
ودع,وَمُسْتَوْدَعَهَا,1,weak_root
ودع,يَدْعُنَا,1,weak_root
ودق,الْوَدْقَ,2,weak_root
ودي,أَوْدِيَةٌ,1,weak_root
ودي,أَوْدِيَتِهِم,1,weak_root
ودي,الْوَادِ,1,weak_root
ودي,بِالْوَادِ,3,weak_root
ودي,بِوَادٍ,1,weak_root
ودي,فَدِيَةٌ,1,weak_root
ودي,وَادٍ,1,weak_root
ودي,وَادِ,1,weak_root
ودي,وَادِيًا,1,weak_root
ودي,وَدِيَةٌ,1,weak_root
وذر,أَتَذَرُ,1,weak_root
وذر,تَذَر,1,weak_root
وذر,تَذَرُ,2,weak_root
وذر,تَذَرُنَّ,2,weak_root
وذر,تَذَرْنِي,1,weak_root
وذر,تَذَرْهُم,1,weak_root
وذر,ذَرُونَا,1,weak_root
وذر,ذَرُونِي,1,weak_root
وذر,ذَرْنَا,1,weak_root
وذر,ذَرْنِي,1,weak_root
وذر,ذَرْهُم,2,weak_root
وذر,فَتَذَرُوهَا,1,weak_root
وذر,فَذَرُوهَا,2,weak_root
وذر,فَذَرُوهُ,1,weak_root
وذر,فَذَرْنِي,1,weak_root
وذر,فَذَرْهُم,6,weak_root
وذر,فَنَذَرُ,1,weak_root
وذر,فَيَذَرُهَا,1,weak_root
وذر,لِيَذَرَ,1,weak_root
وذر,وَتَذَرُونَ,3,weak_root
وذر,وَذَرُوا,4,weak_root
وذر,وَذَرِ,1,weak_root
وذر,وَذَرْنِي,1,weak_root
وذر,وَنَذَرَ,1,weak_root
وذر,وَنَذَرُ,1,weak_root
وذر,وَنَذَرُهُم,1,weak_root
وذر,وَيَذَرَكَ,1,weak_root
وذر,وَيَذَرُهُم,1,weak_root
وذر,وَيَذَرُونَ,3,weak_root
ورث,أَوْرَثْنَا,1,weak_root
ورث,أُورِثُوا,1,weak_root
ورث,أُورِثْتُمُوهَا,2,weak_root
ورث,التُّرَاثَ,1,weak_root
ورث,الْوَارِثُونَ,2,weak_root
ورث,الْوَارِثِ,1,weak_root
ورث,الْوَارِثِينَ,3,weak_root
ورث,تَرِثُوا,1,weak_root
ورث,مِيرَاثُ,2,weak_root
ورث,نَرِثُ,1,weak_root
ورث,نُورِثُ,1,weak_root
ورث,وَأَوْرَثَكُم,1,weak_root
ورث,وَأَوْرَثْنَا,3,weak_root
ورث,وَأَوْرَثْنَاهَا,2,weak_root
ورث,وَرَثَةِ,1,weak_root
ورث,وَرِثُوا,1,weak_root
ورث,وَنَرِثُهُ,1,weak_root
ورث,وَوَرِثَ,1,weak_root
ورث,وَوَرِثَهُ,1,weak_root
ورث,وَيَرِثُ,1,weak_root
ورث,يَرِثُنِي,1,weak_root
ورث,يَرِثُهَا,2,weak_root
ورث,يَرِثُونَ,2,weak_root
ورث,يُورَثُ,1,weak_root
ورث,يُورِثُهَا,1,weak_root
ورد,الْمَوْرُودُ,1,weak_root
ورد,الْوَرِيدِ,1,weak_root
ورد,الْوِرْدُ,1,weak_root
ورد,فَأَوْرَدَهُمُ,1,weak_root
ورد,وَارِدَهُم,1,weak_root
ورد,وَارِدُهَا,1,weak_root
ورد,وَارِدُونَ,1,weak_root
ورد,وَرَدَ,1,weak_root
ورد,وَرَدُوهَا,1,weak_root
ورد,وَرْدَةً,1,weak_root
ورد,وِرْدًا,1,weak_root
ورق,بِوَرِقِكُم,1,weak_root
ورق,وَرَقَةٍ,1,weak_root
ورق,وَرَقِ,2,weak_root
وري,تَوَارَت,1,weak_root
وري,تُورُونَ,1,weak_root
وري,فَأُوَارِيَ,1,weak_root
وري,فَالْمُورِيَاتِ,1,weak_root
وري,وَرَاءَ,7,weak_root
وري,وَرَاءَكُم,2,weak_root
وري,وَرَاءَهُ,1,weak_root
وري,وَرَاءَهُم,2,weak_root
وري,وَرَاءِ,4,weak_root
وري,وَرَاءِي,2,weak_root
وري,وَرَائِكُم,1,weak_root
وري,وَرَائِهِ,2,weak_root
وري,وَرَائِهِم,3,weak_root
وري,وُرِيَ,1,weak_root
وري,يَتَوَارَى,1,weak_root
وري,يُوَارِي,2,weak_root
وزر,أَوْزَارًا,1,weak_root
وزر,أَوْزَارَهَا,1,weak_root
وزر,أَوْزَارَهُم,2,weak_root
وزر,أَوْزَارِ,1,weak_root
وزر,تَزِرُ,5,weak_root
وزر,وَازِرَةٌ,5,weak_root
وزر,وَزَرَ,1,weak_root
وزر,وَزِيرًا,2,weak_root
وزر,وِزْرًا,1,weak_root
وزر,وِزْرَ,5,weak_root
وزر,وِزْرَكَ,1,weak_root
وزر,يَزِرُونَ,2,weak_root
وزع,أَوْزِعْنِي,2,weak_root
وزع,يُوزَعُونَ,3,weak_root
وزن,الْمَوَازِينَ,1,weak_root
وزن,الْمِيزَانَ,2,weak_root
وزن,الْمِيزَانِ,1,weak_root
وزن,الْوَزْنَ,1,weak_root
وزن,مَوَازِينُهُ,6,weak_root
وزن,مَوْزُونٍ,1,weak_root
وزن,وَالْمِيزَانَ,6,weak_root
وزن,وَالْوَزْنُ,1,weak_root
وزن,وَزَنُوهُم,1,weak_root
وزن,وَزِنُوا,2,weak_root
وزن,وَزْنًا,1,weak_root
وسط,أَوْسَطُهُم,1,weak_root
وسط,أَوْسَطِ,1,weak_root
وسط,الْوُسْطَى,1,weak_root
وسط,فَوَسَطْنَ,1,weak_root
وسط,وَسَطًا,1,weak_root
وسع,الْمُوسِعِ,1,weak_root
وسع,سَعَةً,1,weak_root
وسع,سَعَةٍ,1,weak_root
وسع,سَعَتِهِ,2,weak_root
وسع,لَمُوسِعُونَ,1,weak_root
وسع,وَاسِعًا,1,weak_root
وسع,وَاسِعٌ,7,weak_root
وسع,وَاسِعَةً,1,weak_root
وسع,وَاسِعَةٌ,2,weak_root
وسع,وَاسِعَةٍ,1,weak_root
وسع,وَاسِعُ,1,weak_root
وسع,وَالسَّعَةِ,1,weak_root
وسع,وَسَعَةً,1,weak_root
وسع,وَسِعَ,4,weak_root
وسع,وَسِعَت,1,weak_root
وسع,وَسِعْتَ,1,weak_root
وسع,وُسْعَهَا,5,weak_root
وسق,اتَّسَقَ,1,weak_root
وسق,وَسَقَ,1,weak_root
وسل,الْوَسِيلَةَ,2,weak_root
وسم,الاِسْمُ,1,weak_root
وسم,سَنَسِمُهُ,1,weak_root
وسم,لِلْمُتَوَسِّمِينَ,1,weak_root
وسن,سِنَةٌ,1,weak_root
وسوس,الْوَسْوَاسِ,1,weak_root
وسوس,تُوَسْوِسُ,1,weak_root
وسوس,فَوَسْوَسَ,2,weak_root
وسوس,يُوَسْوِسُ,1,weak_root
وشي,شِيَةَ,1,weak_root
وصب,وَاصِبًا,1,weak_root
وصب,وَاصِبٌ,1,weak_root
وصد,بِالْوَصِيدِ,1,weak_root
وصد,مُؤْصَدَةٌ,2,weak_root
وصف,تَصِفُ,1,weak_root
وصف,تَصِفُونَ,4,weak_root
وصف,وَتَصِفُ,1,weak_root
وصف,وَصْفَهُم,1,weak_root
وصف,يَصِفُونَ,7,weak_root
وصل,تَصِلُ,1,weak_root
وصل,وَصِيلَةٍ,1,weak_root
وصل,وَصَّلْنَا,1,weak_root
وصل,يَصِلُ,2,weak_root
وصل,يَصِلُوا,1,weak_root
وصل,يَصِلُونَ,3,weak_root
وصل,يُوصَلَ,3,weak_root
وصي,أَتَوَاصَوْا,1,weak_root
وصي,الْوَصِيَّةُ,1,weak_root
وصي,الْوَصِيَّةِ,1,weak_root
وصي,تَوْصِيَةً,1,weak_root
وصي,تُوصُونَ,1,weak_root
وصي,مُوصٍ,1,weak_root
وصي,وَأَوْصَانِي,1,weak_root
وصي,وَتَوَاصَوْا,4,weak_root
وصي,وَصِيَّةً,2,weak_root
وصي,وَصِيَّةٍ,4,weak_root
وصي,وَصَّاكُم,3,weak_root
وصي,وَصَّاكُمُ,1,weak_root
وصي,وَصَّى,1,weak_root
وصي,وَصَّيْنَا,2,weak_root
وصي,وَوَصَّى,1,weak_root
وصي,وَوَصَّيْنَا,3,weak_root
وصي,يُوصَى,1,weak_root
وصي,يُوصِي,1,weak_root
وصي,يُوصِيكُمُ,1,weak_root
وصي,يُوصِينَ,1,weak_root
وضع,تَضَعَ,1,weak_root
وضع,تَضَعُ,2,weak_root
وضع,تَضَعُوا,1,weak_root
وضع,تَضَعُونَ,1,weak_root
وضع,مَوَاضِعِهِ,3,weak_root
وضع,مَوْضُوعَةٌ,1,weak_root
وضع,وَتَضَعُ,1,weak_root
وضع,وَضَعَت,1,weak_root
وضع,وَضَعَتْهَا,1,weak_root
وضع,وَضَعَهَا,1,weak_root
وضع,وَضَعْتُهَا,1,weak_root
وضع,وَلأَوْضَعُوا,1,weak_root
وضع,وَنَضَعُ,1,weak_root
وضع,وَوَضَعَ,1,weak_root
وضع,وَوَضَعَتْهُ,1,weak_root
وضع,وَوَضَعْنَا,1,weak_root
وضع,وَوُضِعَ,2,weak_root
وضع,وَيَضَعُ,1,weak_root
وضع,وُضِعَ,1,weak_root
وضع,يَضَعْنَ,3,weak_root
وضن,مَوْضُونَةٍ,1,weak_root
وطء,تَطَئُوهَا,1,weak_root
وطء,تَطَئُوهُم,1,weak_root
وطء,لِيُوَاطِئُوا,1,weak_root
وطء,مَوْطِئًا,1,weak_root
وطء,وَطْئًا,1,weak_root
وطء,يَطَئُونَ,1,weak_root
وطر,وَطَرًا,2,weak_root
وطن,مَوَاطِنَ,1,weak_root
وعد,أَتَعِدَانِنِي,1,weak_root
وعد,أَيَعِدُكُم,1,weak_root
وعد,الْمَوْعُودِ,1,weak_root
وعد,الْمِيعَادَ,4,weak_root
وعد,الْمِيعَادِ,1,weak_root
وعد,الْوَعِيدِ,2,weak_root
وعد,الْوَعْدَ,1,weak_root
وعد,الْوَعْدُ,7,weak_root
وعد,الْوَعْدِ,1,weak_root
وعد,بِالْوَعِيدِ,1,weak_root
وعد,تَعِدُنَا,4,weak_root
وعد,تَوَاعَدتُّم,1,weak_root
وعد,تُوعَدُونَ,12,weak_root
وعد,تُوعِدُونَ,1,weak_root
وعد,تُوَاعِدُوهُنَّ,1,weak_root
وعد,لَمَوْعِدُهُم,1,weak_root
وعد,مَوْعِدًا,4,weak_root
وعد,مَوْعِدٌ,1,weak_root
وعد,مَوْعِدَةٍ,1,weak_root
وعد,مَوْعِدَكَ,1,weak_root
وعد,مَوْعِدَهُمُ,1,weak_root
وعد,مَوْعِدُكُم,1,weak_root
وعد,مَوْعِدُهُ,1,weak_root
وعد,مَوْعِدُهُم,1,weak_root
وعد,مَوْعِدِي,1,weak_root
وعد,مِيعَادُ,1,weak_root
وعد,نَعِدُهُم,4,weak_root
وعد,وَاعَدْنَا,1,weak_root
وعد,وَعَدتَّنَا,1,weak_root
وعد,وَعَدتَّهُم,1,weak_root
وعد,وَعَدَ,10,weak_root
وعد,وَعَدَكُم,1,weak_root
وعد,وَعَدَكُمُ,1,weak_root
وعد,وَعَدَنَا,3,weak_root
وعد,وَعَدَهَا,2,weak_root
وعد,وَعَدُوهُ,1,weak_root
وعد,وَعَدْنَاهُ,1,weak_root
وعد,وَعَدْنَاهُم,1,weak_root
وعد,وَعِدْهُم,1,weak_root
وعد,وَعِيدِ,3,weak_root
وعد,وَعْدًا,7,weak_root
وعد,وَعْدٌ,1,weak_root
وعد,وَعْدَ,17,weak_root
وعد,وَعْدَكَ,1,weak_root
وعد,وَعْدَهُ,4,weak_root
وعظ,أَعِظُكَ,1,weak_root
وعظ,أَعِظُكُم,1,weak_root
وعظ,أَوَعَظْتَ,1,weak_root
وعظ,الْوَاعِظِينَ,1,weak_root
وعظ,تَعِظُونَ,1,weak_root
وعظ,تُوعَظُونَ,1,weak_root
وعظ,فَعِظُوهُنَّ,1,weak_root
وعظ,مَوْعِظَةً,1,weak_root
وعظ,مَوْعِظَةٌ,2,weak_root
وعظ,وَالْمَوْعِظَةِ,1,weak_root
وعظ,وَعِظْهُم,1,weak_root
وعظ,وَمَوْعِظَةً,3,weak_root
وعظ,وَمَوْعِظَةٌ,2,weak_root
وعظ,يَعِظُكُم,3,weak_root
وعظ,يَعِظُكُمُ,1,weak_root
وعظ,يَعِظُهُ,1,weak_root
وعظ,يُوعَظُ,2,weak_root
وعظ,يُوعَظُونَ,1,weak_root
وعي,بِأَوْعِيَتِهِم,1,weak_root
وعي,فَأَوْعَى,1,weak_root
وعي,وَاعِيَةٌ,1,weak_root
وعي,وَتَعِيَهَا,1,weak_root
وعي,وِعَاءِ,2,weak_root
وعي,يُوعُونَ,1,weak_root
وفد,وَفْدًا,1,weak_root
وفر,مَوْفُورًا,1,weak_root
وفض,يُوفِضُونَ,1,weak_root
وفق,تَوْفِيقِي,1,weak_root
وفق,وَتَوْفِيقًا,1,weak_root
وفق,وِفَاقًا,1,weak_root
وفق,يُوَفِّقِ,1,weak_root
وفي,أَوْفَى,3,weak_root
وفي,أَوْفُوا,4,weak_root
وفي,أُوفِ,1,weak_root
وفي,أُوفِي,1,weak_root
وفي,الأَوْفَى,1,weak_root
وفي,تَتَوَفَّاهُمُ,2,weak_root
وفي,تَوَفَّاهُمُ,1,weak_root
وفي,تَوَفَّتْهُ,1,weak_root
وفي,تَوَفَّتْهُمُ,1,weak_root
وفي,تَوَفَّنِي,1,weak_root
وفي,تَوَفَّيْتَنِي,1,weak_root
وفي,تُوَفَّوْنَ,1,weak_root
وفي,تُوَفَّى,2,weak_root
وفي,فَأَوْفُوا,1,weak_root
وفي,فَأَوْفِ,1,weak_root
وفي,فَوَفَّاهُ,1,weak_root
وفي,فَيُوَفِّيهِم,2,weak_root
وفي,لَمُوَفُّوهُم,1,weak_root
وفي,لَيُوَفِّيَنَّهُم,1,weak_root
وفي,لِيُوَفِّيَهُم,1,weak_root
وفي,مُتَوَفِّيكَ,1,weak_root
وفي,نَتَوَفَّيَنَّكَ,3,weak_root
وفي,نُوَفِّ,1,weak_root
وفي,وَأَوْفُوا,5,weak_root
وفي,وَالْمُوفُونَ,1,weak_root
وفي,وَتَوَفَّنَا,2,weak_root
وفي,وَتُوَفَّى,1,weak_root
وفي,وَفَّى,1,weak_root
وفي,وَلِيُوَفِّيَهُم,1,weak_root
وفي,وَلْيُوفُوا,1,weak_root
وفي,وَوُفِّيَت,2,weak_root
وفي,يَتَوَفَّاكُم,4,weak_root
وفي,يَتَوَفَّاهُنَّ,1,weak_root
وفي,يَتَوَفَّوْنَهُم,1,weak_root
وفي,يَتَوَفَّى,2,weak_root
وفي,يَسْتَوْفُونَ,1,weak_root
وفي,يُتَوَفَّوْنَ,2,weak_root
وفي,يُتَوَفَّى,2,weak_root
وفي,يُوفُونَ,2,weak_root
وفي,يُوَفَّ,2,weak_root
وفي,يُوَفَّى,1,weak_root
وفي,يُوَفِّيهِمُ,1,weak_root
وقب,وَقَبَ,1,weak_root
وقت,أُقِّتَت,1,weak_root
وقت,الْوَقْتِ,2,weak_root
وقت,لِمِيقَاتِ,1,weak_root
وقت,لِمِيقَاتِنَا,2,weak_root
وقت,لِوَقْتِهَا,1,weak_root
وقت,مَوَاقِيتُ,1,weak_root
وقت,مَوْقُوتًا,1,weak_root
وقت,مِيقَاتًا,1,weak_root
وقت,مِيقَاتُ,1,weak_root
وقت,مِيقَاتُهُم,1,weak_root
وقت,مِيقَاتِ,1,weak_root
وقد,أَوْقَدُوا,1,weak_root
وقد,اسْتَوْقَدَ,1,weak_root
وقد,الْمُوقَدَةُ,1,weak_root
وقد,الْوَقُودِ,1,weak_root
وقد,تُوقِدُونَ,1,weak_root
وقد,فَأَوْقِد,1,weak_root
وقد,وَقُودُ,1,weak_root
وقد,وَقُودُهَا,2,weak_root
وقد,يُوقَدُ,1,weak_root
وقد,يُوقِدُونَ,1,weak_root
وقذ,وَالْمَوْقُوذَةُ,1,weak_root
وقر,وَتُوَقِّرُوهُ,1,weak_root
وقر,وَقَارًا,1,weak_root
وقر,وَقْرًا,4,weak_root
وقر,وَقْرٌ,2,weak_root
وقر,وِقْرًا,1,weak_root
وقع,الْوَاقِعَةُ,2,weak_root
وقع,بِمَوَاقِعِ,1,weak_root
وقع,تَقَعَ,1,weak_root
وقع,فَقَعُوا,2,weak_root
وقع,فَوَقَعَ,1,weak_root
وقع,لَوَاقِعٌ,3,weak_root
وقع,لِوَقْعَتِهَا,1,weak_root
وقع,مُوَاقِعُوهَا,1,weak_root
وقع,وَاقِعٌ,2,weak_root
وقع,وَاقِعٍ,1,weak_root
وقع,وَقَعَ,5,weak_root
وقع,وَقَعَتِ,2,weak_root
وقع,وَوَقَعَ,1,weak_root
وقع,يُوقِعَ,1,weak_root
وقف,تَقْفُ,1,weak_root
وقف,مَوْقُوفُونَ,1,weak_root
وقف,وَقِفُوهُم,1,weak_root
وقف,وُقِفُوا,2,weak_root
وقي,أَتْقَاكُم,1,weak_root
وقي,اتَّقَوا,6,weak_root
وقي,اتَّقَوْا,9,weak_root
وقي,اتَّقَى,5,weak_root
وقي,اتَّقَيْتُنَّ,1,weak_root
وقي,اتَّقُوا,14,weak_root
وقي,اتَّقِ,2,weak_root
وقي,الأَتْقَى,1,weak_root
وقي,التَّقْوَى,6,weak_root
وقي,الْمُتَّقُونَ,6,weak_root
وقي,الْمُتَّقِينَ,23,weak_root
وقي,بِالتَّقْوَى,1,weak_root
وقي,بِالْمُتَّقِينَ,2,weak_root
وقي,تَتَّقُوا,2,weak_root
وقي,تَتَّقُونَ,19,weak_root
وقي,تَقِ,1,weak_root
وقي,تَقِيكُم,1,weak_root
وقي,تَقِيكُمُ,1,weak_root
وقي,تَقِيًّا,3,weak_root
وقي,تَقْوَاهُم,1,weak_root
وقي,تَقْوَى,2,weak_root
وقي,تُقَاةً,1,weak_root
وقي,تُقَاتِهِ,1,weak_root
وقي,فَاتَّقُوا,17,weak_root
وقي,فَاتَّقُونِ,4,weak_root
وقي,فَقِنَا,1,weak_root
وقي,فَلْيَتَّقُوا,1,weak_root
وقي,فَوَقَاهُ,1,weak_root
وقي,فَوَقَاهُمُ,1,weak_root
وقي,قُوا,1,weak_root
وقي,لِلتَّقْوَى,4,weak_root
وقي,لِلْمُتَّقِينَ,18,weak_root
وقي,وَاتَّقَوْا,4,weak_root
وقي,وَاتَّقَى,2,weak_root
وقي,وَاتَّقُوا,38,weak_root
وقي,وَاتَّقُونِ,1,weak_root
وقي,وَاتَّقُوهُ,4,weak_root
وقي,وَاتَّقِ,1,weak_root
وقي,وَاتَّقِينَ,1,weak_root
وقي,وَاقٍ,3,weak_root
وقي,وَالتَّقْوَى,2,weak_root
وقي,وَتَتَّقُوا,8,weak_root
وقي,وَتَقْوَاهَا,1,weak_root
وقي,وَقِنَا,2,weak_root
وقي,وَقِهِم,1,weak_root
وقي,وَقِهِمُ,1,weak_root
وقي,وَلِتَتَّقُوا,1,weak_root
وقي,وَلْيَتَّقِ,2,weak_root
وقي,وَوَقَانَا,1,weak_root
وقي,وَوَقَاهُم,2,weak_root
وقي,وَيَتَّقْهِ,1,weak_root
وقي,يَتَّقُونَ,18,weak_root
وقي,يَتَّقِ,4,weak_root
وقي,يَتَّقِي,1,weak_root
وقي,يُوقَ,2,weak_root
وكء,أَتَوَكَّؤُا,1,weak_root
وكء,مُتَّكَئًا,1,weak_root
وكء,مُتَّكِئُونَ,1,weak_root
وكء,مُتَّكِئِينَ,7,weak_root
وكء,يَتَّكِئُونَ,1,weak_root
وكد,تَوْكِيدِهَا,1,weak_root
وكز,فَوَكَزَهُ,1,weak_root
وكل,الْمُتَوَكِّلُونَ,3,weak_root
وكل,الْمُتَوَكِّلِينَ,1,weak_root
وكل,الْوَكِيلُ,1,weak_root
وكل,بِوَكِيلٍ,5,weak_root
وكل,تَوَكَّلُوا,1,weak_root
وكل,تَوَكَّلْتُ,7,weak_root
وكل,تَوَكَّلْنَا,4,weak_root
وكل,فَتَوَكَّل,2,weak_root
وكل,فَتَوَكَّلُوا,1,weak_root
وكل,فَلْيَتَوَكَّلِ,9,weak_root
وكل,نَتَوَكَّلَ,1,weak_root
وكل,وَتَوَكَّل,7,weak_root
وكل,وَكِيلاً,13,weak_root
وكل,وَكِيلٌ,5,weak_root
وكل,وَكَّلْنَا,1,weak_root
وكل,وُكِّلَ,1,weak_root
وكل,يَتَوَكَّل,2,weak_root
وكل,يَتَوَكَّلُ,1,weak_root
وكل,يَتَوَكَّلُونَ,5,weak_root
ولج,تُولِجُ,1,weak_root
ولج,وَتُولِجُ,1,weak_root
ولج,وَلِيجَةً,1,weak_root
ولج,وَيُولِجُ,4,weak_root
ولج,يَلِجَ,1,weak_root
ولج,يَلِجُ,2,weak_root
ولج,يُولِجُ,4,weak_root
ولد,ءَأَلِدُ,1,weak_root
ولد,أَوْلاَدَكُم,3,weak_root
ولد,أَوْلاَدَهُم,1,weak_root
ولد,أَوْلاَدَهُنَّ,2,weak_root
ولد,أَوْلاَدُكُم,3,weak_root
ولد,أَوْلاَدُهُم,4,weak_root
ولد,أَوْلاَدِكُم,1,weak_root
ولد,أَوْلاَدِهِم,1,weak_root
ولد,الْمَوْلُودِ,1,weak_root
ولد,الْوَالِدَانِ,3,weak_root
ولد,الْوَالِدَيْنِ,1,weak_root
ولد,الْوِلْدَانَ,1,weak_root
ولد,الْوِلْدَانِ,1,weak_root
ولد,بِوَالِدَتِي,1,weak_root
ولد,بِوَالِدَيْهِ,4,weak_root
ولد,بِوَلَدِهَا,1,weak_root
ولد,بِوَلَدِهِ,1,weak_root
ولد,فَلِلْوَالِدَيْنِ,1,weak_root
ولد,لِلْوَالِدَيْنِ,1,weak_root
ولد,لِوَالِدَيْهِ,1,weak_root
ولد,مَوْلُودٌ,2,weak_root
ولد,وَأَوْلاَدًا,2,weak_root
ولد,وَأَوْلاَدُكُم,2,weak_root
ولد,وَأَوْلاَدُهُم,1,weak_root
ولد,وَأَوْلاَدِكُم,1,weak_root
ولد,وَالأَوْلاَدِ,2,weak_root
ولد,وَالِدٌ,1,weak_root
ولد,وَالِدَةٌ,1,weak_root
ولد,وَالِدَتِكَ,1,weak_root
ولد,وَالِدَيَّ,2,weak_root
ولد,وَالِدِهِ,1,weak_root
ولد,وَالْوَالِدَاتُ,1,weak_root
ولد,وَالْوِلْدَانِ,2,weak_root
ولد,وَبِالْوَالِدَيْنِ,4,weak_root
ولد,وَلَدًا,13,weak_root
ولد,وَلَدٌ,12,weak_root
ولد,وَلَدٍ,2,weak_root
ولد,وَلَدَ,2,weak_root
ولد,وَلَدِهِ,1,weak_root
ولد,وَلَدْنَهُم,1,weak_root
ولد,وَلِوَالِدَيَّ,2,weak_root
ولد,وَلِوَالِدَيْكَ,1,weak_root
ولد,وَلِيدًا,1,weak_root
ولد,وَوَالِدٍ,1,weak_root
ولد,وَوَلَدًا,2,weak_root
ولد,وَوَلَدُهُ,1,weak_root
ولد,وُلِدتُّ,1,weak_root
ولد,وُلِدَ,1,weak_root
ولد,وِلْدَانٌ,2,weak_root
ولد,يَلِد,1,weak_root
ولد,يَلِدُوا,1,weak_root
ولد,يُولَد,1,weak_root
ولي,أَوْلَى,8,weak_root
ولي,أَوْلِيَاءَ,27,weak_root
ولي,أَوْلِيَاءَهُ,2,weak_root
ولي,أَوْلِيَاءُ,7,weak_root
ولي,أَوْلِيَاؤُكُم,1,weak_root
ولي,أَوْلِيَاؤُهُ,1,weak_root
ولي,أَوْلِيَاؤُهُم,1,weak_root
ولي,أَوْلِيَاؤُهُمُ,1,weak_root
ولي,أَوْلِيَائِكُم,1,weak_root
ولي,أَوْلِيَائِهِم,1,weak_root
ولي,أُولاَءِ,2,weak_root
ولي,أُولِي,11,weak_root
ولي,إِل,1,weak_root
ولي,الْمَوَالِيَ,1,weak_root
ولي,الْمَوْلَى,3,weak_root
ولي,الْوَلاَيَةُ,1,weak_root
ولي,الْوَلِيُّ,2,weak_root
ولي,تَتَوَلَّوْا,4,weak_root
ولي,تَوَلاَّهُ,1,weak_root
ولي,تَوَلَّ,1,weak_root
ولي,تَوَلَّوْا,20,weak_root
ولي,تَوَلَّوْهُم,1,weak_root
ولي,تَوَلَّى,9,weak_root
ولي,تَوَلَّيْتُم,8,weak_root
ولي,تُوَلُّوا,3,weak_root
ولي,تُوَلُّونَ,1,weak_root
ولي,تُوَلُّوهُمُ,1,weak_root
ولي,فَأَوْلَى,2,weak_root
ولي,فَتَوَلَّ,3,weak_root
ولي,فَتَوَلَّوْا,1,weak_root
ولي,فَتَوَلَّى,4,weak_root
ولي,فَلَنُوَلِّيَنَّكَ,1,weak_root
ولي,فَوَلُّوا,2,weak_root
ولي,فَوَلِّ,3,weak_root
ولي,لأُولِي,9,weak_root
ولي,لَتَوَلَّوْا,1,weak_root
ولي,لَوَلَّوُا,1,weak_root
ولي,لَوَلَّوْا,1,weak_root
ولي,لَوَلَّيْتَ,1,weak_root
ولي,لَيُوَلُّنَّ,1,weak_root
ولي,لِوَلِيِّهِ,2,weak_root
ولي,مَوَالِيَ,1,weak_root
ولي,مَوْلاَكُم,5,weak_root
ولي,مَوْلاَنَا,2,weak_root
ولي,مَوْلاَهُ,2,weak_root
ولي,مَوْلاَهُمُ,2,weak_root
ولي,مَوْلًى,2,weak_root
ولي,مَوْلَى,2,weak_root
ولي,مُوَلِّيهَا,1,weak_root
ولي,نُوَلِّهِ,1,weak_root
ولي,نُوَلِّي,1,weak_root
ولي,وَأُولِي,1,weak_root
ولي,وَالٍ,1,weak_root
ولي,وَتَوَلَّ,1,weak_root
ولي,وَتَوَلَّوْا,2,weak_root
ولي,وَتَوَلَّى,7,weak_root
ولي,وَلاَيَتِهِم,1,weak_root
ولي,وَلاَّهُم,1,weak_root
ولي,وَلِيًّا,13,weak_root
ولي,وَلِيٌّ,4,weak_root
ولي,وَلِيٍّ,11,weak_root
ولي,وَلِيُّ,3,weak_root
ولي,وَلِيُّكُمُ,1,weak_root
ولي,وَلِيُّنَا,2,weak_root
ولي,وَلِيُّهُ,1,weak_root
ولي,وَلِيُّهُم,1,weak_root
ولي,وَلِيُّهُمَا,1,weak_root
ولي,وَلِيُّهُمُ,1,weak_root
ولي,وَلِيِّ,1,weak_root
ولي,وَلِيِّيَ,1,weak_root
ولي,وَلَّوْا,4,weak_root
ولي,وَلَّى,3,weak_root
ولي,وَلَّيْتُم,1,weak_root
ولي,وَمَوَالِيكُم,1,weak_root
ولي,وَيَتَوَلَّوا,1,weak_root
ولي,وَيُوَلُّونَ,1,weak_root
ولي,يَاأُولِي,5,weak_root
ولي,يَتَوَلَّ,4,weak_root
ولي,يَتَوَلَّهُم,3,weak_root
ولي,يَتَوَلَّوْا,1,weak_root
ولي,يَتَوَلَّوْنَ,2,weak_root
ولي,يَتَوَلَّوْنَهُ,1,weak_root
ولي,يَتَوَلَّى,3,weak_root
ولي,يَلُونَكُم,1,weak_root
ولي,يُوَلُّوكُمُ,1,weak_root
ولي,يُوَلُّونَ,1,weak_root
ولي,يُوَلِّهِم,1,weak_root
وني,تَنِيَا,1,weak_root
وهب,الْوَهَّابُ,2,weak_root
وهب,الْوَهَّابِ,1,weak_root
وهب,فَهَب,1,weak_root
وهب,فَوَهَبَ,1,weak_root
وهب,لأَهَبَ,1,weak_root
وهب,هَب,4,weak_root
وهب,وَهَب,2,weak_root
وهب,وَهَبَ,1,weak_root
وهب,وَهَبَت,1,weak_root
وهب,وَهَبْنَا,1,weak_root
وهب,وَوَهَبْنَا,8,weak_root
وهب,وَيَهَبُ,1,weak_root
وهب,يَهَبُ,1,weak_root
وهج,وَهَّاجًا,1,weak_root
وهن,أَوْهَنَ,1,weak_root
وهن,تَهِنُوا,3,weak_root
وهن,مُوهِنُ,1,weak_root
وهن,وَهَنٍ,1,weak_root
وهن,وَهَنَ,1,weak_root
وهن,وَهَنُوا,1,weak_root
وهن,وَهْنًا,1,weak_root
وهي,وَاهِيَةٌ,1,weak_root
ويل,الْوَيْلُ,1,weak_root
ويل,فَوَيْلٌ,9,weak_root
ويل,وَوَيْلٌ,3,weak_root
ويل,وَيْلٌ,14,weak_root
ويل,وَيْلَكَ,1,weak_root
ويل,وَيْلَكُم,2,weak_root
ويل,يَاوَيْلَتَنَا,1,weak_root
ويل,يَاوَيْلَتَى,3,weak_root
ويل,يَاوَيْلَنَا,6,weak_root
يءس,اسْتَيْئَسَ,1,weak_root
يءس,اسْتَيْئَسُوا,1,weak_root
يءس,تَايْئَسُوا,1,weak_root
يءس,فَيَئُوسٌ,1,weak_root
يءس,لَيَئُوسٌ,1,weak_root
يءس,يَئُوسًا,1,weak_root
يءس,يَئِسَ,2,weak_root
يءس,يَئِسُوا,2,weak_root
يءس,يَئِسْنَ,1,weak_root
يءس,يَايْئَسُ,1,weak_root
يءس,يَايْئَسِ,1,weak_root
يأجوج,يَأْجُوجَ,1,root_too_long
يأجوج,يَأْجُوجُ,1,root_too_long
ياسين,يَاسِينَ,1,root_too_long
ياقوت,الْيَاقُوتُ,1,root_too_long
يبس,يَابِسٍ,1,weak_root
يبس,يَابِسَاتٍ,2,weak_root
يبس,يَبَسًا,1,weak_root
يتم,الْيَتَامَى,5,weak_root
يتم,الْيَتِيمَ,3,weak_root
يتم,الْيَتِيمِ,2,weak_root
يتم,لِلْيَتَامَى,1,weak_root
يتم,وَالْيَتَامَى,7,weak_root
يتم,وَيَتِيمًا,1,weak_root
يتم,يَتَامَى,1,weak_root
يتم,يَتِيمًا,2,weak_root
يتم,يَتِيمَيْنِ,1,weak_root
يثرب,يَثْرِبَ,1,weak_root
يدي,أَيْدٍ,1,weak_root
يدي,أَيْدِي,1,weak_root
يدي,أَيْدِيكُم,6,weak_root
يدي,أَيْدِينَا,2,weak_root
يدي,أَيْدِيهِم,25,weak_root
يدي,أَيْدِيهِنَّ,1,weak_root
يدي,أَيْدِيَ,1,weak_root
يدي,أَيْدِيَكُم,4,weak_root
يدي,أَيْدِيَهُم,8,weak_root
يدي,أَيْدِيَهُمَا,1,weak_root
يدي,أَيْدِيَهُنَّ,2,weak_root
يدي,الأَيْدِ,1,weak_root
يدي,الأَيْدِي,1,weak_root
يدي,بِأَيْدِي,1,weak_root
يدي,بِأَيْدِيكُم,2,weak_root
يدي,بِأَيْدِينَا,1,weak_root
يدي,بِأَيْدِيهِم,3,weak_root
يدي,بِأَيْيدٍ,1,weak_root
يدي,بِيَدَيَّ,1,weak_root
يدي,بِيَدِ,2,weak_root
يدي,بِيَدِكَ,2,weak_root
يدي,بِيَدِهِ,5,weak_root
يدي,وَأَيْدِي,1,weak_root
يدي,وَأَيْدِيكُم,2,weak_root
يدي,وَأَيْدِيهِم,1,weak_root
يدي,وَأَيْدِيَكُم,2,weak_root
يدي,يَدٍ,1,weak_root
يدي,يَدَا,1,weak_root
يدي,يَدَاكَ,1,weak_root
يدي,يَدَاهُ,3,weak_root
يدي,يَدَكَ,5,weak_root
يدي,يَدَهُ,3,weak_root
يدي,يَدَي,6,weak_root
يدي,يَدَيِ,1,weak_root
يدي,يَدَيَّ,2,weak_root
يدي,يَدَيْهَا,1,weak_root
يدي,يَدَيْهِ,17,weak_root
يدي,يَدُ,2,weak_root
يدي,يَدِيَ,1,weak_root
يس,يس,1,root_too_short
يسر,اسْتَيْسَرَ,2,weak_root
يسر,الْيُسْرَ,1,weak_root
يسر,تَيَسَّرَ,2,weak_root
يسر,فَسَنُيَسِّرُهُ,2,weak_root
يسر,لِلْيُسْرَى,2,weak_root
يسر,مَيْسَرَةٍ,1,weak_root
يسر,مَيْسُورًا,1,weak_root
يسر,وَالْمَيْسِرُ,1,weak_root
يسر,وَالْمَيْسِرِ,2,weak_root
يسر,وَنُيَسِّرُكَ,1,weak_root
يسر,وَيَسِّر,1,weak_root
يسر,يَسِيرًا,7,weak_root
يسر,يَسِيرٌ,7,weak_root
يسر,يَسِيرٍ,1,weak_root
يسر,يَسَّرَهُ,1,weak_root
يسر,يَسَّرْنَا,4,weak_root
يسر,يَسَّرْنَاهُ,2,weak_root
يسر,يُسْرًا,6,weak_root
يسع,وَالْيَسَعَ,2,weak_root
يعقوب,وَيَعْقُوبَ,10,root_too_long
يعقوب,وَيَعْقُوبُ,1,root_too_long
يعقوب,يَعْقُوبَ,5,root_too_long
يعوق,وَيَعُوقَ,1,weak_root
يغوث,يَغُوثَ,1,weak_root
يقظ,أَيْقَاظًا,1,weak_root
يقن,الْمُوقِنِينَ,1,weak_root
يقن,الْيَقِينُ,2,weak_root
يقن,الْيَقِينِ,4,weak_root
يقن,بِمُسْتَيْقِنِينَ,1,weak_root
يقن,تُوقِنُونَ,1,weak_root
يقن,لِلْمُوقِنِينَ,1,weak_root
يقن,لِيَسْتَيْقِنَ,1,weak_root
يقن,مُوقِنُونَ,1,weak_root
يقن,مُوقِنِينَ,2,weak_root
يقن,وَاسْتَيْقَنَتْهَا,1,weak_root
يقن,يَقِينًا,1,weak_root
يقن,يَقِينٍ,1,weak_root
يقن,يُوقِنُونَ,11,weak_root
يمم,الْيَمُّ,1,weak_root
يمم,الْيَمِّ,7,weak_root
يمم,تَيَمَّمُوا,1,weak_root
يمم,فَتَيَمَّمُوا,2,weak_root
يمن,أَيْمَانٌ,2,weak_root
يمن,أَيْمَانَ,1,weak_root
يمن,أَيْمَانَكُم,3,weak_root
يمن,أَيْمَانَهُم,4,weak_root
يمن,أَيْمَانُكُم,8,weak_root
يمن,أَيْمَانُهُم,4,weak_root
يمن,أَيْمَانُهُنَّ,2,weak_root
يمن,أَيْمَانِكُم,4,weak_root
يمن,أَيْمَانِهِم,7,weak_root
يمن,الأَيْمَانَ,2,weak_root
يمن,الأَيْمَنَ,1,weak_root
يمن,الأَيْمَنِ,2,weak_root
يمن,الْمَيْمَنَةِ,3,weak_root
يمن,الْيَمِينِ,12,weak_root
يمن,بِالْيَمِينِ,2,weak_root
يمن,بِيَمِينِكَ,2,weak_root
يمن,بِيَمِينِهِ,4,weak_root
يمن,لأَيْمَانِكُم,1,weak_root
يمن,وَأَيْمَانِهِم,1,weak_root
يمن,وَبِأَيْمَانِهِم,2,weak_root
يمن,يَمِينٍ,1,weak_root
يمن,يَمِينُكَ,2,weak_root
يمن,يَمِينِكَ,1,weak_root
ينع,وَيَنْعِهِ,1,weak_root
يوسف,بِيُوسُفَ,1,weak_root
يوسف,لَيُوسُفُ,1,weak_root
يوسف,لِيُوسُفَ,3,weak_root
يوسف,وَيُوسُفَ,1,weak_root
يوسف,يُوسُفَ,14,weak_root
يوسف,يُوسُفُ,7,weak_root
يوم,أَيَّامًا,3,weak_root
يوم,أَيَّامٍ,18,weak_root
يوم,أَيَّامَ,1,weak_root
يوم,أَيَّامِ,1,weak_root
يوم,الأَيَّامُ,1,weak_root
يوم,الأَيَّامِ,1,weak_root
يوم,الْيَوْمَ,38,weak_root
يوم,الْيَوْمُ,2,weak_root
يوم,الْيَوْمِ,1,weak_root
يوم,بِأَيَّامِ,1,weak_root
يوم,بِالْيَوْمِ,2,weak_root
يوم,بِيَوْمِ,5,weak_root
يوم,فَالْيَوْمَ,8,weak_root
يوم,فَيَوْمَئِذٍ,4,weak_root
يوم,لِيَوْمٍ,4,weak_root
يوم,لِيَوْمِ,4,weak_root
يوم,وَأَيَّامًا,1,weak_root
يوم,وَالْيَوْمَ,2,weak_root
يوم,وَالْيَوْمِ,21,weak_root
يوم,وَبِالْيَوْمِ,1,weak_root
يوم,وَيَوْمَ,44,weak_root
يوم,وَيَوْمَئِذٍ,1,weak_root
يوم,يَوْمًا,16,weak_root
يوم,يَوْمٌ,9,weak_root
يوم,يَوْمٍ,28,weak_root
يوم,يَوْمَ,133,weak_root
يوم,يَوْمَئِذٍ,63,weak_root
يوم,يَوْمَهُمُ,3,weak_root
يوم,يَوْمَيْنِ,3,weak_root
يوم,يَوْمُ,16,weak_root
يوم,يَوْمُكُمُ,1,weak_root
يوم,يَوْمِ,31,weak_root
يوم,يَوْمِئِذٍ,2,weak_root
يوم,يَوْمِكُم,4,weak_root
يوم,يَوْمِهِم,1,weak_root
يوم,يَوْمِهِمُ,1,weak_root
يونس,وَيُونُسَ,2,weak_root
