root,past_3sg_m,bab,transitivity,masdar,هو_3sg_m,هي_3sg_f,هما_3du_m,هما_3du_f,هم_3pl_m,هن_3pl_f,أنتَ_2sg_m,أنتِ_2sg_f,أنتما_2du,أنتم_2pl_m,أنتن_2pl_f,أنا_1sg,نحن_1pl
غرب,غَرَبَ,فَعَلَ يَفْعُلُ ( فتحُ ضمٍّ ),لازم,غُرُوب,غَرَبَ,غَرَبَتْ,غَرَبَا,غَرَبَتَا,غَرَبُوا,غَرَبْنَ,غَرَبْتَ,غَرَبْتِ,غَرَبْتُمَا,غَرَبْتُمْ,غَرَبْتُنَّ,غَرَبْتُ,غَرَبْنَا
غرب,غَرِبَ,فَعِلَ يَفْعَلُ ( كسر فتح ),لازم,غَرَب,غَرِبَ,غَرِبَتْ,غَرِبَا,غَرِبَتَا,غَرِبُوا,غَرِبْنَ,غَرِبْتَ,غَرِبْتِ,غَرِبْتُمَا,غَرِبْتُمْ,غَرِبْتُنَّ,غَرِبْتُ,غَرِبْنَا
غرب,غَرُبَ,فَعُلَ يَفْعُلُ ( ضمَ ضمَ ),لازم,غَرَابَة,غَرُبَ,غَرُبَتْ,غَرُبَا,غَرُبَتَا,غَرُبُوا,غَرُبْنَ,غَرُبْتَ,غَرُبْتِ,غَرُبْتُمَا,غَرُبْتُمْ,غَرُبْتُنَّ,غَرُبْتُ,غَرُبْنَا
غرث,غَرِثَ,فَعِلَ يَفْعَلُ ( كسر فتح ),لازم,غَرَث,غَرِثَ,غَرِثَتْ,غَرِثَا,غَرِثَتَا,غَرِثُوا,غَرِثْنَ,غَرِثْتَ,غَرِثْتِ,غَرِثْتُمَا,غَرِثْتُمْ,غَرِثْتُنَّ,غَرِثْتُ,غَرِثْنَا
غرد,غَرِدَ,فَعِلَ يَفْعَلُ ( كسر فتح ),لازم,غَرَد,غَرِدَ,غَرِدَتْ,غَرِدَا,غَرِدَتَا,غَرِدُوا,غَرِدْنَ,غَرِدْتَ,غَرِدْتِ,غَرِدْتُمَا,غَرِدْتُمْ,غَرِدْتُنَّ,غَرِدْتُ,غَرِدْنَا
غرز,غَرَزَ,فَعَلَ يَفْعِلُ ( فتحُ كَسْرٍ ),مشترك ,غَرْز,غَرَزَ,غَرَزَتْ,غَرَزَا,غَرَزَتَا,غَرَزُوا,غَرَزْنَ,غَرَزْتَ,غَرَزْتِ,غَرَزْتُمَا,غَرَزْتُمْ,غَرَزْتُنَّ,غَرَزْتُ,غَرَزْنَا
ختل,خَتَلَ,فَعَلَ يَفْعُلُ ( فتحُ ضمٍّ ),متعدي,خَتْل,خَتَلَ,خَتَلَتْ,خَتَلَا,خَتَلَتَا,خَتَلُوا,خَتَلْنَ,خَتَلْتَ,خَتَلْتِ,خَتَلْتُمَا,خَتَلْتُمْ,خَتَلْتُنَّ,خَتَلْتُ,خَتَلْنَا
غرز,غَرِزَ,فَعِلَ يَفْعَلُ ( كسر فتح ),لازم,غَرَز,غَرِزَ,غَرِزَتْ,غَرِزَا,غَرِزَتَا,غَرِزُوا,غَرِزْنَ,غَرِزْتَ,غَرِزْتِ,غَرِزْتُمَا,غَرِزْتُمْ,غَرِزْتُنَّ,غَرِزْتُ,غَرِزْنَا
غرس,غَرَسَ,فَعَلَ يَفْعِلُ ( فتحُ كَسْرٍ ),متعدي,غَرْس,غَرَسَ,غَرَسَتْ,غَرَسَا,غَرَسَتَا,غَرَسُوا,غَرَسْنَ,غَرَسْتَ,غَرَسْتِ,غَرَسْتُمَا,غَرَسْتُمْ,غَرَسْتُنَّ,غَرَسْتُ,غَرَسْنَا
غرض,غَرَضَ,فَعَلَ يَفْعِلُ ( فتحُ كَسْرٍ ),مشترك ,غَرْض,غَرَضَ,غَرَضَتْ,غَرَضَا,غَرَضَتَا,غَرَضُوا,غَرَضْنَ,غَرَضْتَ,غَرَضْتِ,غَرَضْتُمَا,غَرَضْتُمْ,غَرَضْتُنَّ,غَرَضْتُ,غَرَضْنَا
غرض,غَرِضَ,فَعِلَ يَفْعَلُ ( كسر فتح ),لازم,غَرَض,غَرِضَ,غَرِضَتْ,غَرِضَا,غَرِضَتَا,غَرِضُوا,غَرِضْنَ,غَرِضْتَ,غَرِضْتِ,غَرِضْتُمَا,غَرِضْتُمْ,غَرِضْتُنَّ,غَرِضْتُ,غَرِضْنَا
غرض,غَرُضَ,فَعُلَ يَفْعُلُ ( ضمَ ضمٍَ ),لازم,غَرَاضَة,غَرُضَ,غَرُضَتْ,غَرُضَا,غَرُضَتَا,غَرُضُوا,غَرُضْنَ,غَرُضْتَ,غَرُضْتِ,غَرُضْتُمَا,غَرُضْتُمْ,غَرُضْتُنَّ,غَرُضْتُ,غَرُضْنَا
غرف,غَرَفَ,فَعَلَ يَفْعُلُ ( فتحُ ضمٍّ ),متعدي,غَرِيف,غَرَفَ,غَرَفَتْ,غَرَفَا,غَرَفَتَا,غَرَفُوا,غَرَفْنَ,غَرَفْتَ,غَرَفْتِ,غَرَفْتُمَا,غَرَفْتُمْ,غَرَفْتُنَّ,غَرَفْتُ,غَرَفْنَا
غرف,غَرَفَ,فَعَلَ يَفْعِلُ ( فتحُ كَسْرٍ ),متعدي,غَرِيف,غَرَفَ,غَرَفَتْ,غَرَفَا,غَرَفَتَا,غَرَفُوا,غَرَفْنَ,غَرَفْتَ,غَرَفْتِ,غَرَفْتُمَا,غَرَفْتُمْ,غَرَفْتُنَّ,غَرَفْتُ,غَرَفْنَا
غرف,غَرِفَ,فَعِلَ يَفْعَلُ ( كسر فتح ),لازم,غَرْف,غَرِفَ,غَرِفَتْ,غَرِفَا,غَرِفَتَا,غَرِفُوا,غَرِفْنَ,غَرِفْتَ,غَرِفْتِ,غَرِفْتُمَا,غَرِفْتُمْ,غَرِفْتُنَّ,غَرِفْتُ,غَرِفْنَا
غرق,غَرِقَ,فَعِلَ يَفْعَلُ ( كسر فتح ),لازم,غَرَف,غَرِقَ,غَرِقَتْ,غَرِقَا,غَرِقَتَا,غَرِقُوا,غَرِقْنَ,غَرِقْتَ,غَرِقْتِ,غَرِقْتُمَا,غَرِقْتُمْ,غَرِقْتُنَّ,غَرِقْتُ,غَرِقْنَا
غرل,غَرِلَ,فَعِلَ يَفْعَلُ ( كسر فتح ),لازم,غَرَق,غَرِلَ,غَرِلَتْ,غَرِلَا,غَرِلَتَا,غَرِلُوا,غَرِلْنَ,غَرِلْتَ,غَرِلْتِ,غَرِلْتُمَا,غَرِلْتُمْ,غَرِلْتُنَّ,غَرِلْتُ,غَرِلْنَا
غرم,غَرِمَ,فَعِلَ يَفْعَلُ ( كسر فتح ),مشترك ,غَرَل,غَرِمَ,غَرِمَتْ,غَرِمَا,غَرِمَتَا,غَرِمُوا,غَرِمْنَ,غَرِمْتَ,غَرِمْتِ,غَرِمْتُمَا,غَرِمْتُمْ,غَرِمْتُنَّ,غَرِمْتُ,غَرِمْنَا
غرن,غَرِنَ,فَعِلَ يَفْعَلُ ( كسر فتح ),لازم,غُرْم,غَرِنَ,غَرِنَتْ,غَرِنَا,غَرِنَتَا,غَرِنُوا,غَرِنْنَ,غَرِنْتَ,غَرِنْتِ,غَرِنْتُمَا,غَرِنْتُمْ,غَرِنْتُنَّ,غَرِنْتُ,غَرِنْنَا
غزر,غَزُرَ,فَعُلَ يَفْعُلُ ( ضمَ ضمٍَ ),لازم,غَرْي,غَزُرَ,غَزُرَتْ,غَزُرَا,غَزُرَتَا,غَزُرُوا,غَزُرْنَ,غَزُرْتَ,غَزُرْتِ,غَزُرْتُمَا,غَزُرْتُمْ,غَزُرْتُنَّ,غَزُرْتُ,غَزُرْنَا
غزل,غَزَلَ,فَعَلَ يَفْعِلُ ( فتحُ كَسْرٍ ),متعدي,غَزّ,غَزَلَ,غَزَلَتْ,غَزَلَا,غَزَلَتَا,غَزَلُوا,غَزَلْنَ,غَزَلْتَ,غَزَلْتِ,غَزَلْتُمَا,غَزَلْتُمْ,غَزَلْتُنَّ,غَزَلْتُ,غَزَلْنَا
غزل,غَزِلَ,فَعِلَ يَفْعَلُ ( كسر فتح ),لازم,غَزْل,غَزِلَ,غَزِلَتْ,غَزِلَا,غَزِلَتَا,غَزِلُوا,غَزِلْنَ,غَزِلْتَ,غَزِلْتِ,غَزِلْتُمَا,غَزِلْتُمْ,غَزِلْتُنَّ,غَزِلْتُ,غَزِلْنَا
غسر,غَسَرَ,فَعَلَ يَفْعُلُ ( فتحُ ضمٍّ ),لازم,غَزْو,غَسَرَ,غَسَرَتْ,غَسَرَا,غَسَرَتَا,غَسَرُوا,غَسَرْنَ,غَسَرْتَ,غَسَرْتِ,غَسَرْتُمَا,غَسَرْتُمْ,غَسَرْتُنَّ,غَسَرْتُ,غَسَرْنَا
غسق,غَسَقَ,فَعَلَ يَفْعِلُ ( فتحُ كَسْرٍ ),لازم,غَسّ,غَسَقَ,غَسَقَتْ,غَسَقَا,غَسَقَتَا,غَسَقُوا,غَسَقْنَ,غَسَقْتَ,غَسَقْتِ,غَسَقْتُمَا,غَسَقْتُمْ,غَسَقْتُنَّ,غَسَقْتُ,غَسَقْنَا
غسق,غَسِقَ,فَعِلَ يَفْعَلُ ( كسر فتح ),لازم,مرض,غَسِقَ,غَسِقَتْ,غَسِقَا,غَسِقَتَا,غَسِقُوا,غَسِقْنَ,غَسِقْتَ,غَسِقْتِ,غَسِقْتُمَا,غَسِقْتُمْ,غَسِقْتُنَّ,غَسِقْتُ,غَسِقْنَا
غسل,غَسَلَ,فَعَلَ يَفْعِلُ ( فتحُ كَسْرٍ ),متعدي,غَسَق,غَسَلَ,غَسَلَتْ,غَسَلَا,غَسَلَتَا,غَسَلُوا,غَسَلْنَ,غَسَلْتَ,غَسَلْتِ,غَسَلْتُمَا,غَسَلْتُمْ,غَسَلْتُنَّ,غَسَلْتُ,غَسَلْنَا
غسم,غَسَمَ,فَعَلَ يَفْعُلُ ( فتحُ ضمٍّ ),لازم,غَسْل,غَسَمَ,غَسَمَتْ,غَسَمَا,غَسَمَتَا,غَسَمُوا,غَسَمْنَ,غَسَمْتَ,غَسَمْتِ,غَسَمْتُمَا,غَسَمْتُمْ,غَسَمْتُنَّ,غَسَمْتُ,غَسَمْنَا
غسن,غَسَنَ,فَعَلَ يَفْعُلُ ( فتحُ ضمٍّ ),متعدي,غَسَم,غَسَنَ,غَسَنَتْ,غَسَنَا,غَسَنَتَا,غَسَنُوا,غَسَنْنَ,غَسَنْتَ,غَسَنْتِ,غَسَنْتُمَا,غَسَنْتُمْ,غَسَنْتُنَّ,غَسَنْتُ,غَسَنْنَا
غشم,غَشَمَ,فَعَلَ يَفْعُلُ ( فتحُ ضمٍّ ),لازم,غِشّ,غَشَمَ,غَشَمَتْ,غَشَمَا,غَشَمَتَا,غَشَمُوا,غَشَمْنَ,غَشَمْتَ,غَشَمْتِ,غَشَمْتُمَا,غَشَمْتُمْ,غَشَمْتُنَّ,غَشَمْتُ,غَشَمْنَا
غشم,غَشَمَ,فَعَلَ يَفْعِلُ ( فتحُ كَسْرٍ ),متعدي,غَشْم,غَشَمَ,غَشَمَتْ,غَشَمَا,غَشَمَتَا,غَشَمُوا,غَشَمْنَ,غَشَمْتَ,غَشَمْتِ,غَشَمْتُمَا,غَشَمْتُمْ,غَشَمْتُنَّ,غَشَمْتُ,غَشَمْنَا
غصب,غَصَبَ,فَعَلَ يَفْعِلُ ( فتحُ كَسْرٍ ),متعدي,غَشَيَان,غَصَبَ,غَصَبَتْ,غَصَبَا,غَصَبَتَا,غَصَبُوا,غَصَبْنَ,غَصَبْتَ,غَصَبْتِ,غَصَبْتُمَا,غَصَبْتُمْ,غَصَبْتُنَّ,غَصَبْتُ,غَصَبْنَا
غصن,غَصَنَ,فَعَلَ يَفْعِلُ ( فتحُ كَسْرٍ ),متعدي,غَصّ,غَصَنَ,غَصَنَتْ,غَصَنَا,غَصَنَتَا,غَصَنُوا,غَصَنْنَ,غَصَنْتَ,غَصَنْتِ,غَصَنْتُمَا,غَصَنْتُمْ,غَصَنْتُنَّ,غَصَنْتُ,غَصَنْنَا
غضب,غَضِبَ,فَعِلَ يَفْعَلُ ( كسر فتح ),لازم,غُصُون,غَضِبَ,غَضِبَتْ,غَضِبَا,غَضِبَتَا,غَضِبُوا,غَضِبْنَ,غَضِبْتَ,غَضِبْتِ,غَضِبْتُمَا,غَضِبْتُمْ,غَضِبْتُنَّ,غَضِبْتُ,غَضِبْنَا
غضر,غَضَرَ,فَعَلَ يَفْعُلُ ( فتحُ ضمٍّ ),لازم,غَضَب,غَضَرَ,غَضَرَتْ,غَضَرَا,غَضَرَتَا,غَضَرُوا,غَضَرْنَ,غَضَرْتَ,غَضَرْتِ,غَضَرْتُمَا,غَضَرْتُمْ,غَضَرْتُنَّ,غَضَرْتُ,غَضَرْنَا
ختل,خَتَلَ,فَعَلَ يَفْعِلُ ( فتحُ كَسْرٍ ),متعدي,غَضْر,خَتَلَ,خَتَلَتْ,خَتَلَا,خَتَلَتَا,خَتَلُوا,خَتَلْنَ,خَتَلْتَ,خَتَلْتِ,خَتَلْتُمَا,خَتَلْتُمْ,خَتَلْتُنَّ,خَتَلْتُ,خَتَلْنَا
غضر,غَضَرَ,فَعَلَ يَفْعِلُ ( فتحُ كَسْرٍ ),مشترك ,خَتْل,غَضَرَ,غَضَرَتْ,غَضَرَا,غَضَرَتَا,غَضَرُوا,غَضَرْنَ,غَضَرْتَ,غَضَرْتِ,غَضَرْتُمَا,غَضَرْتُمْ,غَضَرْتُنَّ,غَضَرْتُ,غَضَرْنَا
غضر,غَضِرَ,فَعِلَ يَفْعَلُ ( كسر فتح ),مشترك ,غُضُور,غَضِرَ,غَضِرَتْ,غَضِرَا,غَضِرَتَا,غَضِرُوا,غَضِرْنَ,غَضِرْتَ,غَضِرْتِ,غَضِرْتُمَا,غَضِرْتُمْ,غَضِرْتُنَّ,غَضِرْتُ,غَضِرْنَا
غضر,غَضُرَ,فَعُلَ يَفْعُلُ ( ضمَ ضمٍَ ),لازم,غَضَارَة,غَضُرَ,غَضُرَتْ,غَضُرَا,غَضُرَتَا,غَضُرُوا,غَضُرْنَ,غَضُرْتَ,غَضُرْتِ,غَضُرْتُمَا,غَضُرْتُمْ,غَضُرْتُنَّ,غَضُرْتُ,غَضُرْنَا
غضف,غَضَفَ,فَعَلَ يَفْعِلُ ( فتحُ كَسْرٍ ),متعدي,غَضْف,غَضَفَ,غَضَفَتْ,غَضَفَا,غَضَفَتَا,غَضَفُوا,غَضَفْنَ,غَضَفْتَ,غَضَفْتِ,غَضَفْتُمَا,غَضَفْتُمْ,غَضَفْتُنَّ,غَضَفْتُ,غَضَفْنَا
غضف,غَضِفَ,فَعِلَ يَفْعَلُ ( كسر فتح ),لازم,غَضَف,غَضِفَ,غَضِفَتْ,غَضِفَا,غَضِفَتَا,غَضِفُوا,غَضِفْنَ,غَضِفْتَ,غَضِفْتِ,غَضِفْتُمَا,غَضِفْتُمْ,غَضِفْتُنَّ,غَضِفْتُ,غَضِفْنَا
غضن,غَضَنَ,فَعَلَ يَفْعُلُ ( فتحُ ضمٍّ ),مشترك ,غَضْن,غَضَنَ,غَضَنَتْ,غَضَنَا,غَضَنَتَا,غَضَنُوا,غَضَنْنَ,غَضَنْتَ,غَضَنْتِ,غَضَنْتُمَا,غَضَنْتُمْ,غَضَنْتُنَّ,غَضَنْتُ,غَضَنْنَا
غضن,غَضَنَ,فَعَلَ يَفْعِلُ ( فتحُ كَسْرٍ ),مشترك ,غُضُون,غَضَنَ,غَضَنَتْ,غَضَنَا,غَضَنَتَا,غَضَنُوا,غَضَنْنَ,غَضَنْتَ,غَضَنْتِ,غَضَنْتُمَا,غَضَنْتُمْ,غَضَنْتُنَّ,غَضَنْتُ,غَضَنْنَا
غضن,غَضِنَ,فَعِلَ يَفْعَلُ ( كسر فتح ),لازم,غَضَن,غَضِنَ,غَضِنَتْ,غَضِنَا,غَضِنَتَا,غَضِنُوا,غَضِنْنَ,غَضِنْتَ,غَضِنْتِ,غَضِنْتُمَا,غَضِنْتُمْ,غَضِنْتُنَّ,غَضِنْتُ,غَضِنْنَا
غطس,غَطَسَ,فَعَلَ يَفْعِلُ ( فتحُ كَسْرٍ ),لازم,غَطْس,غَطَسَ,غَطَسَتْ,غَطَسَا,غَطَسَتَا,غَطَسُوا,غَطَسْنَ,غَطَسْتَ,غَطَسْتِ,غَطَسْتُمَا,غَطَسْتُمْ,غَطَسْتُنَّ,غَطَسْتُ,غَطَسْنَا
غطش,غَطَشَ,فَعَلَ يَفْعِلُ ( فتحُ كَسْرٍ ),لازم,غَطْش,غَطَشَ,غَطَشَتْ,غَطَشَا,غَطَشَتَا,غَطَشُوا,غَطَشْنَ,غَطَشْتَ,غَطَشْتِ,غَطَشْتُمَا,غَطَشْتُمْ,غَطَشْتُنَّ,غَطَشْتُ,غَطَشْنَا
غطش,غَطِشَ,فَعِلَ يَفْعَلُ ( كسر فتح ),لازم,غَطَش,غَطِشَ,غَطِشَتْ,غَطِشَا,غَطِشَتَا,غَطِشُوا,غَطِشْنَ,غَطِشْتَ,غَطِشْتِ,غَطِشْتُمَا,غَطِشْتُمْ,غَطِشْتُنَّ,غَطِشْتُ,غَطِشْنَا
غطف,غَطِفَ,فَعِلَ يَفْعَلُ ( كسر فتح ),لازم,غَطَف,غَطِفَ,غَطِفَتْ,غَطِفَا,غَطِفَتَا,غَطِفُوا,غَطِفْنَ,غَطِفْتَ,غَطِفْتِ,غَطِفْتُمَا,غَطِفْتُمْ,غَطِفْتُنَّ,غَطِفْتُ,غَطِفْنَا
غطل,غَطَلَ,فَعَلَ يَفْعُلُ ( فتحُ ضمٍّ ),لازم,غَطْل,غَطَلَ,غَطَلَتْ,غَطَلَا,غَطَلَتَا,غَطَلُوا,غَطَلْنَ,غَطَلْتَ,غَطَلْتِ,غَطَلْتُمَا,غَطَلْتُمْ,غَطَلْتُنَّ,غَطَلْتُ,غَطَلْنَا
غطل,غَطِلَ,فَعِلَ يَفْعَلُ ( كسر فتح ),لازم,غَطَل,غَطِلَ,غَطِلَتْ,غَطِلَا,غَطِلَتَا,غَطِلُوا,غَطِلْنَ,غَطِلْتَ,غَطِلْتِ,غَطِلْتُمَا,غَطِلْتُمْ,غَطِلْتُنَّ,غَطِلْتُ,غَطِلْنَا
غفر,غَفَرَ,فَعَلَ يَفْعِلُ ( فتحُ كَسْرٍ ),مشترك ,غُفُْرَانًا,غَفَرَ,غَفَرَتْ,غَفَرَا,غَفَرَتَا,غَفَرُوا,غَفَرْنَ,غَفَرْتَ,غَفَرْتِ,غَفَرْتُمَا,غَفَرْتُمْ,غَفَرْتُنَّ,غَفَرْتُ,غَفَرْنَا
غفر,غَفِرَ,فَعِلَ يَفْعَلُ ( كسر فتح ),لازم,غَفَر,غَفِرَ,غَفِرَتْ,غَفِرَا,غَفِرَتَا,غَفِرُوا,غَفِرْنَ,غَفِرْتَ,غَفِرْتِ,غَفِرْتُمَا,غَفِرْتُمْ,غَفِرْتُنَّ,غَفِرْتُ,غَفِرْنَا
غفق,غَفَقَ,فَعَلَ يَفْعِلُ ( فتحُ كَسْرٍ ),متعدي,غَفْق,غَفَقَ,غَفَقَتْ,غَفَقَا,غَفَقَتَا,غَفَقُوا,غَفَقْنَ,غَفَقْتَ,غَفَقْتِ,غَفَقْتُمَا,غَفَقْتُمْ,غَفَقْتُنَّ,غَفَقْتُ,غَفَقْنَا
غفل,غَفَلَ,فَعَلَ يَفْعُلُ ( فتحُ ضمٍّ ),متعدي,غُفُول,غَفَلَ,غَفَلَتْ,غَفَلَا,غَفَلَتَا,غَفَلُوا,غَفَلْنَ,غَفَلْتَ,غَفَلْتِ,غَفَلْتُمَا,غَفَلْتُمْ,غَفَلْتُنَّ,غَفَلْتُ,غَفَلْنَا
غلب,غَلَبَ,فَعَلَ يَفْعِلُ ( فتحُ كَسْرٍ ),متعدي,غَلَب,غَلَبَ,غَلَبَتْ,غَلَبَا,غَلَبَتَا,غَلَبُوا,غَلَبْنَ,غَلَبْتَ,غَلَبْتِ,غَلَبْتُمَا,غَلَبْتُمْ,غَلَبْتُنَّ,غَلَبْتُ,غَلَبْنَا
غلب,غَلِبَ,فَعِلَ يَفْعَلُ ( كسر فتح ),لازم,غَلَب,غَلِبَ,غَلِبَتْ,غَلِبَا,غَلِبَتَا,غَلِبُوا,غَلِبْنَ,غَلِبْتَ,غَلِبْتِ,غَلِبْتُمَا,غَلِبْتُمْ,غَلِبْتُنَّ,غَلِبْتُ,غَلِبْنَا
غلت,غَلَتَ,فَعَلَ يَفْعُلُ ( فتحُ ضمٍّ ),متعدي,غَلْت,غَلَتَ,غَلَتَتْ,غَلَتَا,غَلَتَتَا,غَلَتُوا,غَلَتْنَ,غَلَتْتَ,غَلَتْتِ,غَلَتْتُمَا,غَلَتْتُمْ,غَلَتْتُنَّ,غَلَتْتُ,غَلَتْنَا
غلت,غَلِتَ,فَعِلَ يَفْعَلُ ( كسر فتح ),لازم,غَلَت,غَلِتَ,غَلِتَتْ,غَلِتَا,غَلِتَتَا,غَلِتُوا,غَلِتْنَ,غَلِتْتَ,غَلِتْتِ,غَلِتْتُمَا,غَلِتْتُمْ,غَلِتْتُنَّ,غَلِتْتُ,غَلِتْنَا
غلث,غَلَثَ,فَعَلَ يَفْعِلُ ( فتحُ كَسْرٍ ),متعدي,غَلْث,غَلَثَ,غَلَثَتْ,غَلَثَا,غَلَثَتَا,غَلَثُوا,غَلَثْنَ,غَلَثْتَ,غَلَثْتِ,غَلَثْتُمَا,غَلَثْتُمْ,غَلَثْتُنَّ,غَلَثْتُ,غَلَثْنَا
غلث,غَلِثَ,فَعِلَ يَفْعَلُ ( كسر فتح ),لازم,غَلَث,غَلِثَ,غَلِثَتْ,غَلِثَا,غَلِثَتَا,غَلِثُوا,غَلِثْنَ,غَلِثْتَ,غَلِثْتِ,غَلِثْتُمَا,غَلِثْتُمْ,غَلِثْتُنَّ,غَلِثْتُ,غَلِثْنَا
غلج,غَلَجَ,فَعَلَ يَفْعِلُ ( فتحُ كَسْرٍ ),لازم,غَلَج,غَلَجَ,غَلَجَتْ,غَلَجَا,غَلَجَتَا,غَلَجُوا,غَلَجْنَ,غَلَجْتَ,غَلَجْتِ,غَلَجْتُمَا,غَلَجْتُمْ,غَلَجْتُنَّ,غَلَجْتُ,غَلَجْنَا
غلط,غَلِطَ,فَعِلَ يَفْعَلُ ( كسر فتح ),لازم,غَلَط,غَلِطَ,غَلِطَتْ,غَلِطَا,غَلِطَتَا,غَلِطُوا,غَلِطْنَ,غَلِطْتَ,غَلِطْتِ,غَلِطْتُمَا,غَلِطْتُمْ,غَلِطْتُنَّ,غَلِطْتُ,غَلِطْنَا
غلظ,غَلَظَ,فَعَلَ يَفْعِلُ ( فتحُ كَسْرٍ ),لازم,غَلْظ,غَلَظَ,غَلَظَتْ,غَلَظَا,غَلَظَتَا,غَلَظُوا,غَلَظْنَ,غَلَظْتَ,غَلَظْتِ,غَلَظْتُمَا,غَلَظْتُمْ,غَلَظْتُنَّ,غَلَظْتُ,غَلَظْنَا
غلظ,غَلُظَ,فَعُلَ يَفْعُلُ ( ضمَ ضمٍَ ),لازم,غِلَظ,غَلُظَ,غَلُظَتْ,غَلُظَا,غَلُظَتَا,غَلُظُوا,غَلُظْنَ,غَلُظْتَ,غَلُظْتِ,غَلُظْتُمَا,غَلُظْتُمْ,غَلُظْتُنَّ,غَلُظْتُ,غَلُظْنَا
غلف,غَلَفَ,فَعَلَ يَفْعُلُ ( فتحُ ضمٍّ ),متعدي,غَلْف,غَلَفَ,غَلَفَتْ,غَلَفَا,غَلَفَتَا,غَلَفُوا,غَلَفْنَ,غَلَفْتَ,غَلَفْتِ,غَلَفْتُمَا,غَلَفْتُمْ,غَلَفْتُنَّ,غَلَفْتُ,غَلَفْنَا
غلف,غَلِفَ,فَعِلَ يَفْعَلُ ( كسر فتح ),لازم,غَلَف,غَلِفَ,غَلِفَتْ,غَلِفَا,غَلِفَتَا,غَلِفُوا,غَلِفْنَ,غَلِفْتَ,غَلِفْتِ,غَلِفْتُمَا,غَلِفْتُمْ,غَلِفْتُنَّ,غَلِفْتُ,غَلِفْنَا
غلق,غَلَقَ,فَعَلَ يَفْعِلُ ( فتحُ كَسْرٍ ),متعدي,غَلْق,غَلَقَ,غَلَقَتْ,غَلَقَا,غَلَقَتَا,غَلَقُوا,غَلَقْنَ,غَلَقْتَ,غَلَقْتِ,غَلَقْتُمَا,غَلَقْتُمْ,غَلَقْتُنَّ,غَلَقْتُ,غَلَقْنَا
غلق,غَلِقَ,فَعِلَ يَفْعَلُ ( كسر فتح ),لازم,غَلَق,غَلِقَ,غَلِقَتْ,غَلِقَا,غَلِقَتَا,غَلِقُوا,غَلِقْنَ,غَلِقْتَ,غَلِقْتِ,غَلِقْتُمَا,غَلِقْتُمْ,غَلِقْتُنَّ,غَلِقْتُ,غَلِقْنَا
ختم,خَتَمَ,فَعَلَ يَفْعِلُ ( فتحُ كَسْرٍ ),متعدي,خَتْم,خَتَمَ,خَتَمَتْ,خَتَمَا,خَتَمَتَا,خَتَمُوا,خَتَمْنَ,خَتَمْتَ,خَتَمْتِ,خَتَمْتُمَا,خَتَمْتُمْ,خَتَمْتُنَّ,خَتَمْتُ,خَتَمْنَا
غلم,غَلَمَ,فَعَلَ يَفْعُلُ ( فتحُ ضمٍّ ),متعدي,غَلْم,غَلَمَ,غَلَمَتْ,غَلَمَا,غَلَمَتَا,غَلَمُوا,غَلَمْنَ,غَلَمْتَ,غَلَمْتِ,غَلَمْتُمَا,غَلَمْتُمْ,غَلَمْتُنَّ,غَلَمْتُ,غَلَمْنَا
غلم,غَلِمَ,فَعِلَ يَفْعَلُ ( كسر فتح ),لازم,غَلَم,غَلِمَ,غَلِمَتْ,غَلِمَا,غَلِمَتَا,غَلِمُوا,غَلِمْنَ,غَلِمْتَ,غَلِمْتِ,غَلِمْتُمَا,غَلِمْتُمْ,غَلِمْتُنَّ,غَلِمْتُ,غَلِمْنَا
غلن,غَلَنَ,فَعَلَ يَفْعُلُ ( فتحُ ضمٍّ ),لازم,غَلَن,غَلَنَ,غَلَنَتْ,غَلَنَا,غَلَنَتَا,غَلَنُوا,غَلَنْنَ,غَلَنْتَ,غَلَنْتِ,غَلَنْتُمَا,غَلَنْتُمْ,غَلَنْتُنَّ,غَلَنْتُ,غَلَنْنَا
غمت,غَمَتَ,فَعَلَ يَفْعِلُ ( فتحُ كَسْرٍ ),متعدي,غَمْت,غَمَتَ,غَمَتَتْ,غَمَتَا,غَمَتَتَا,غَمَتُوا,غَمَتْنَ,غَمَتْتَ,غَمَتْتِ,غَمَتْتُمَا,غَمَتْتُمْ,غَمَتْتُنَّ,غَمَتْتُ,غَمَتْنَا
غمت,غَمِتَ,فَعِلَ يَفْعَلُ ( كسر فتح ),لازم,غَمَت,غَمِتَ,غَمِتَتْ,غَمِتَا,غَمِتَتَا,غَمِتُوا,غَمِتْنَ,غَمِتْتَ,غَمِتْتِ,غَمِتْتُمَا,غَمِتْتُمْ,غَمِتْتُنَّ,غَمِتْتُ,غَمِتْنَا
غمج,غَمَجَ,فَعَلَ يَفْعِلُ ( فتحُ كَسْرٍ ),متعدي,غَمَج,غَمَجَ,غَمَجَتْ,غَمَجَا,غَمَجَتَا,غَمَجُوا,غَمَجْنَ,غَمَجْتَ,غَمَجْتِ,غَمَجْتُمَا,غَمَجْتُمْ,غَمَجْتُنَّ,غَمَجْتُ,غَمَجْنَا
غمج,غَمِجَ,فَعِلَ يَفْعَلُ ( كسر فتح ),متعدي,غَمَج,غَمِجَ,غَمِجَتْ,غَمِجَا,غَمِجَتَا,غَمِجُوا,غَمِجْنَ,غَمِجْتَ,غَمِجْتِ,غَمِجْتُمَا,غَمِجْتُمْ,غَمِجْتُنَّ,غَمِجْتُ,غَمِجْنَا
غمد,غَمَدَ,فَعَلَ يَفْعُلُ ( فتحُ ضمٍّ ),متعدي,غَمْد,غَمَدَ,غَمَدَتْ,غَمَدَا,غَمَدَتَا,غَمَدُوا,غَمَدْنَ,غَمَدْتَ,غَمَدْتِ,غَمَدْتُمَا,غَمَدْتُمْ,غَمَدْتُنَّ,غَمَدْتُ,غَمَدْنَا
غمد,غَمَدَ,فَعَلَ يَفْعِلُ ( فتحُ كَسْرٍ ),متعدي,غُمُود,غَمَدَ,غَمَدَتْ,غَمَدَا,غَمَدَتَا,غَمَدُوا,غَمَدْنَ,غَمَدْتَ,غَمَدْتِ,غَمَدْتُمَا,غَمَدْتُمْ,غَمَدْتُنَّ,غَمَدْتُ,غَمَدْنَا
غمد,غَمِدَ,فَعِلَ يَفْعَلُ ( كسر فتح ),لازم,غَمَد,غَمِدَ,غَمِدَتْ,غَمِدَا,غَمِدَتَا,غَمِدُوا,غَمِدْنَ,غَمِدْتَ,غَمِدْتِ,غَمِدْتُمَا,غَمِدْتُمْ,غَمِدْتُنَّ,غَمِدْتُ,غَمِدْنَا
غمر,غَمَرَ,فَعَلَ يَفْعُلُ ( فتحُ ضمٍّ ),متعدي,غَمْر,غَمَرَ,غَمَرَتْ,غَمَرَا,غَمَرَتَا,غَمَرُوا,غَمَرْنَ,غَمَرْتَ,غَمَرْتِ,غَمَرْتُمَا,غَمَرْتُمْ,غَمَرْتُنَّ,غَمَرْتُ,غَمَرْنَا
غمر,غَمِرَ,فَعِلَ يَفْعَلُ ( كسر فتح ),لازم,غَمَر,غَمِرَ,غَمِرَتْ,غَمِرَا,غَمِرَتَا,غَمِرُوا,غَمِرْنَ,غَمِرْتَ,غَمِرْتِ,غَمِرْتُمَا,غَمِرْتُمْ,غَمِرْتُنَّ,غَمِرْتُ,غَمِرْنَا
غمر,غَمُرَ,فَعُلَ يَفْعُلُ ( ضمَ ضمٍَ ),لازم,غُمُورَة,غَمُرَ,غَمُرَتْ,غَمُرَا,غَمُرَتَا,غَمُرُوا,غَمُرْنَ,غَمُرْتَ,غَمُرْتِ,غَمُرْتُمَا,غَمُرْتُمْ,غَمُرْتُنَّ,غَمُرْتُ,غَمُرْنَا
غمز,غَمَزَ,فَعَلَ يَفْعِلُ ( فتحُ كَسْرٍ ),متعدي,غَمْز,غَمَزَ,غَمَزَتْ,غَمَزَا,غَمَزَتَا,غَمَزُوا,غَمَزْنَ,غَمَزْتَ,غَمَزْتِ,غَمَزْتُمَا,غَمَزْتُمْ,غَمَزْتُنَّ,غَمَزْتُ,غَمَزْنَا
غمس,غَمَسَ,فَعَلَ يَفْعِلُ ( فتحُ كَسْرٍ ),متعدي,غَمْس,غَمَسَ,غَمَسَتْ,غَمَسَا,غَمَسَتَا,غَمَسُوا,غَمَسْنَ,غَمَسْتَ,غَمَسْتِ,غَمَسْتُمَا,غَمَسْتُمْ,غَمَسْتُنَّ,غَمَسْتُ,غَمَسْنَا
غمش,غَمِشَ,فَعِلَ يَفْعَلُ ( كسر فتح ),لازم,غَمَش,غَمِشَ,غَمِشَتْ,غَمِشَا,غَمِشَتَا,غَمِشُوا,غَمِشْنَ,غَمِشْتَ,غَمِشْتِ,غَمِشْتُمَا,غَمِشْتُمْ,غَمِشْتُنَّ,غَمِشْتُ,غَمِشْنَا
غمص,غَمَصَ,فَعَلَ يَفْعِلُ ( فتحُ كَسْرٍ ),متعدي,غَمْص,غَمَصَ,غَمَصَتْ,غَمَصَا,غَمَصَتَا,غَمَصُوا,غَمَصْنَ,غَمَصْتَ,غَمَصْتِ,غَمَصْتُمَا,غَمَصْتُمْ,غَمَصْتُنَّ,غَمَصْتُ,غَمَصْنَا
غمص,غَمِصَ,فَعِلَ يَفْعَلُ ( كسر فتح ),متعدي,غَمَض,غَمِصَ,غَمِصَتْ,غَمِصَا,غَمِصَتَا,غَمِصُوا,غَمِصْنَ,غَمِصْتَ,غَمِصْتِ,غَمِصْتُمَا,غَمِصْتُمْ,غَمِصْتُنَّ,غَمِصْتُ,غَمِصْنَا
غمض,غَمَضَ,فَعَلَ يَفْعُلُ ( فتحُ ضمٍّ ),لازم,غَمْض,غَمَضَ,غَمَضَتْ,غَمَضَا,غَمَضَتَا,غَمَضُوا,غَمَضْنَ,غَمَضْتَ,غَمَضْتِ,غَمَضْتُمَا,غَمَضْتُمْ,غَمَضْتُنَّ,غَمَضْتُ,غَمَضْنَا
غمض,غَمَضَ,فَعَلَ يَفْعِلُ ( فتحُ كَسْرٍ ),لازم,غُمُوض,غَمَضَ,غَمَضَتْ,غَمَضَا,غَمَضَتَا,غَمَضُوا,غَمَضْنَ,غَمَضْتَ,غَمَضْتِ,غَمَضْتُمَا,غَمَضْتُمْ,غَمَضْتُنَّ,غَمَضْتُ,غَمَضْنَا
غمض,غَمُضَ,فَعُلَ يَفْعُلُ ( ضمَ ضمٍَ ),لازم,غَمَاضَة,غَمُضَ,غَمُضَتْ,غَمُضَا,غَمُضَتَا,غَمُضُوا,غَمُضْنَ,غَمُضْتَ,غَمُضْتِ,غَمُضْتُمَا,غَمُضْتُمْ,غَمُضْتُنَّ,غَمُضْتُ,غَمُضْنَا
غمط,غَمَطَ,فَعَلَ يَفْعِلُ ( فتحُ كَسْرٍ ),متعدي,غَمْط,غَمَطَ,غَمَطَتْ,غَمَطَا,غَمَطَتَا,غَمَطُوا,غَمَطْنَ,غَمَطْتَ,غَمَطْتِ,غَمَطْتُمَا,غَمَطْتُمْ,غَمَطْتُنَّ,غَمَطْتُ,غَمَطْنَا
غمط,غَمِطَ,فَعِلَ يَفْعَلُ ( كسر فتح ),متعدي,غَمِط,غَمِطَ,غَمِطَتْ,غَمِطَا,غَمِطَتَا,غَمِطُوا,غَمِطْنَ,غَمِطْتَ,غَمِطْتِ,غَمِطْتُمَا,غَمِطْتُمْ,غَمِطْتُنَّ,غَمِطْتُ,غَمِطْنَا
غمق,غَمَقَ,فَعَلَ يَفْعُلُ ( فتحُ ضمٍّ ),لازم,غَمْق,غَمَقَ,غَمَقَتْ,غَمَقَا,غَمَقَتَا,غَمَقُوا,غَمَقْنَ,غَمَقْتَ,غَمَقْتِ,غَمَقْتُمَا,غَمَقْتُمْ,غَمَقْتُنَّ,غَمَقْتُ,غَمَقْنَا
غمق,غَمِقَ,فَعِلَ يَفْعَلُ ( كسر فتح ),لازم,غَمِق,غَمِقَ,غَمِقَتْ,غَمِقَا,غَمِقَتَا,غَمِقُوا,غَمِقْنَ,غَمِقْتَ,غَمِقْتِ,غَمِقْتُمَا,غَمِقْتُمْ,غَمِقْتُنَّ,غَمِقْتُ,غَمِقْنَا
غمق,غَمُقَ,فَعُلَ يَفْعُلُ ( ضمَ ضمٍَ ),لازم,غُمُوقَة,غَمُقَ,غَمُقَتْ,غَمُقَا,غَمُقَتَا,غَمُقُوا,غَمُقْنَ,غَمُقْتَ,غَمُقْتِ,غَمُقْتُمَا,غَمُقْتُمْ,غَمُقْتُنَّ,غَمُقْتُ,غَمُقْنَا
غمل,غَمَلَ,فَعَلَ يَفْعُلُ ( فتحُ ضمٍّ ),متعدي,غَمْل,غَمَلَ,غَمَلَتْ,غَمَلَا,غَمَلَتَا,غَمَلُوا,غَمَلْنَ,غَمَلْتَ,غَمَلْتِ,غَمَلْتُمَا,غَمَلْتُمْ,غَمَلْتُنَّ,غَمَلْتُ,غَمَلْنَا
غمل,غَمِلَ,فَعِلَ يَفْعَلُ ( كسر فتح ),لازم,غَمَل,غَمِلَ,غَمِلَتْ,غَمِلَا,غَمِلَتَا,غَمِلُوا,غَمِلْنَ,غَمِلْتَ,غَمِلْتِ,غَمِلْتُمَا,غَمِلْتُمْ,غَمِلْتُنَّ,غَمِلْتُ,غَمِلْنَا
غمن,غَمَنَ,فَعَلَ يَفْعُلُ ( فتحُ ضمٍّ ),متعدي,غَمَن,غَمَنَ,غَمَنَتْ,غَمَنَا,غَمَنَتَا,غَمَنُوا,غَمَنْنَ,غَمَنْتَ,غَمَنْتِ,غَمَنْتُمَا,غَمَنْتُمْ,غَمَنْتُنَّ,غَمَنْتُ,غَمَنْنَا
غنث,غَنَثَ,فَعَلَ يَفْعِلُ ( فتحُ كَسْرٍ ),لازم,غَنَث,غَنَثَ,غَنَثَتْ,غَنَثَا,غَنَثَتَا,غَنَثُوا,غَنَثْنَ,غَنَثْتَ,غَنَثْتِ,غَنَثْتُمَا,غَنَثْتُمْ,غَنَثْتُنَّ,غَنَثْتُ,غَنَثْنَا
غنث,غَنِثَ,فَعِلَ يَفْعَلُ ( كسر فتح ),لازم,غَنَث,غَنِثَ,غَنِثَتْ,غَنِثَا,غَنِثَتَا,غَنِثُوا,غَنِثْنَ,غَنِثْتَ,غَنِثْتِ,غَنِثْتُمَا,غَنِثْتُمْ,غَنِثْتُنَّ,غَنِثْتُ,غَنِثْنَا
غنج,غَنِجَ,فَعِلَ يَفْعَلُ ( كسر فتح ),لازم,غَنَج,غَنِجَ,غَنِجَتْ,غَنِجَا,غَنِجَتَا,غَنِجُوا,غَنِجْنَ,غَنِجْتَ,غَنِجْتِ,غَنِجْتُمَا,غَنِجْتُمْ,غَنِجْتُنَّ,غَنِجْتُ,غَنِجْنَا
غنص,غَنِصَ,فَعِلَ يَفْعَلُ ( كسر فتح ),لازم,غَنَص,غَنِصَ,غَنِصَتْ,غَنِصَا,غَنِصَتَا,غَنِصُوا,غَنِصْنَ,غَنِصْتَ,غَنِصْتِ,غَنِصْتُمَا,غَنِصْتُمْ,غَنِصْتُنَّ,غَنِصْتُ,غَنِصْنَا
غنض,غَنَضَ,فَعَلَ يَفْعِلُ ( فتحُ كَسْرٍ ),متعدي,غَنَض,غَنَضَ,غَنَضَتْ,غَنَضَا,غَنَضَتَا,غَنَضُوا,غَنَضْنَ,غَنَضْتَ,غَنَضْتِ,غَنَضْتُمَا,غَنَضْتُمْ,غَنَضْتُنَّ,غَنَضْتُ,غَنَضْنَا
ختن,خَتَنَ,فَعَلَ يَفْعُلُ ( فتحُ ضمٍّ ),متعدي,خَتْن,خَتَنَ,خَتَنَتْ,خَتَنَا,خَتَنَتَا,خَتَنُوا,خَتَنْنَ,خَتَنْتَ,خَتَنْتِ,خَتَنْتُمَا,خَتَنْتُمْ,خَتَنْتُنَّ,خَتَنْتُ,خَتَنْنَا
غنظ,غَنَظَ,فَعَلَ يَفْعِلُ ( فتحُ كَسْرٍ ),متعدي,غَنَظ,غَنَظَ,غَنَظَتْ,غَنَظَا,غَنَظَتَا,غَنَظُوا,غَنَظْنَ,غَنَظْتَ,غَنَظْتِ,غَنَظْتُمَا,غَنَظْتُمْ,غَنَظْتُنَّ,غَنَظْتُ,غَنَظْنَا
غنم,غَنِمَ,فَعِلَ يَفْعَلُ ( كسر فتح ),متعدي,غُنْم,غَنِمَ,غَنِمَتْ,غَنِمَا,غَنِمَتَا,غَنِمُوا,غَنِمْنَ,غَنِمْتَ,غَنِمْتِ,غَنِمْتُمَا,غَنِمْتُمْ,غَنِمْتُنَّ,غَنِمْتُ,غَنِمْنَا
غهب,غَهِبَ,فَعِلَ يَفْعَلُ ( كسر فتح ),لازم,غَهَب,غَهِبَ,غَهِبَتْ,غَهِبَا,غَهِبَتَا,غَهِبُوا,غَهِبْنَ,غَهِبْتَ,غَهِبْتِ,غَهِبْتُمَا,غَهِبْتُمْ,غَهِبْتُنَّ,غَهِبْتُ,غَهِبْنَا
ختن,خَتَنَ,فَعَلَ يَفْعِلُ ( فتحُ كَسْرٍ ),متعدي,خَتْن,خَتَنَ,خَتَنَتْ,خَتَنَا,خَتَنَتَا,خَتَنُوا,خَتَنْنَ,خَتَنْتَ,خَتَنْتِ,خَتَنْتُمَا,خَتَنْتُمْ,خَتَنْتُنَّ,خَتَنْتُ,خَتَنْنَا
خثر,خَثَرَ,فَعَلَ يَفْعُلُ ( فتحُ ضمٍّ ),لازم,خَثْر,خَثَرَ,خَثَرَتْ,خَثَرَا,خَثَرَتَا,خَثَرُوا,خَثَرْنَ,خَثَرْتَ,خَثَرْتِ,خَثَرْتُمَا,خَثَرْتُمْ,خَثَرْتُنَّ,خَثَرْتُ,خَثَرْنَا
خثر,خَثِرَ,فَعِلَ يَفْعَلُ ( كسر فتح ),لازم,خَثَر,خَثِرَ,خَثِرَتْ,خَثِرَا,خَثِرَتَا,خَثِرُوا,خَثِرْنَ,خَثِرْتَ,خَثِرْتِ,خَثِرْتُمَا,خَثِرْتُمْ,خَثِرْتُنَّ,خَثِرْتُ,خَثِرْنَا
خثر,خَثُرَ,فَعُلَ يَفْعُلُ ( ضمَ ضمٍَ ),لازم,خُثُورَة,خَثُرَ,خَثُرَتْ,خَثُرَا,خَثُرَتَا,خَثُرُوا,خَثُرْنَ,خَثُرْتَ,خَثُرْتِ,خَثُرْتُمَا,خَثُرْتُمْ,خَثُرْتُنَّ,خَثُرْتُ,خَثُرْنَا
خثم,خَثِمَ,فَعِلَ يَفْعَلُ ( كسر فتح ),لازم,خَتَم,خَثِمَ,خَثِمَتْ,خَثِمَا,خَثِمَتَا,خَثِمُوا,خَثِمْنَ,خَثِمْتَ,خَثِمْتِ,خَثِمْتُمَا,خَثِمْتُمْ,خَثِمْتُنَّ,خَثِمْتُ,خَثِمْنَا
خجل,خَجِلَ,فَعِلَ يَفْعَلُ ( كسر فتح ),لازم,خَجَل,خَجِلَ,خَجِلَتْ,خَجِلَا,خَجِلَتَا,خَجِلُوا,خَجِلْنَ,خَجِلْتَ,خَجِلْتِ,خَجِلْتُمَا,خَجِلْتُمْ,خَجِلْتُنَّ,خَجِلْتُ,خَجِلْنَا
خدب,خَدَبَ,فَعَلَ يَفْعُلُ ( فتحُ ضمٍّ ),متعدي,خَدْب,خَدَبَ,خَدَبَتْ,خَدَبَا,خَدَبَتَا,خَدَبُوا,خَدَبْنَ,خَدَبْتَ,خَدَبْتِ,خَدَبْتُمَا,خَدَبْتُمْ,خَدَبْتُنَّ,خَدَبْتُ,خَدَبْنَا
خدب,خَدَبَ,فَعَلَ يَفْعِلُ ( فتحُ كَسْرٍ ),متعدي,خُدُوب,خَدَبَ,خَدَبَتْ,خَدَبَا,خَدَبَتَا,خَدَبُوا,خَدَبْنَ,خَدَبْتَ,خَدَبْتِ,خَدَبْتُمَا,خَدَبْتُمْ,خَدَبْتُنَّ,خَدَبْتُ,خَدَبْنَا
خدب,خَدِبَ,فَعِلَ يَفْعَلُ ( كسر فتح ),لازم,خَدَب,خَدِبَ,خَدِبَتْ,خَدِبَا,خَدِبَتَا,خَدِبُوا,خَدِبْنَ,خَدِبْتَ,خَدِبْتِ,خَدِبْتُمَا,خَدِبْتُمْ,خَدِبْتُنَّ,خَدِبْتُ,خَدِبْنَا
خدج,خَدَجَ,فَعَلَ يَفْعُلُ ( فتحُ ضمٍّ ),متعدي,خِدَاج,خَدَجَ,خَدَجَتْ,خَدَجَا,خَدَجَتَا,خَدَجُوا,خَدَجْنَ,خَدَجْتَ,خَدَجْتِ,خَدَجْتُمَا,خَدَجْتُمْ,خَدَجْتُنَّ,خَدَجْتُ,خَدَجْنَا
خدج,خَدَجَ,فَعَلَ يَفْعِلُ ( فتحُ كَسْرٍ ),متعدي,خَدْج,خَدَجَ,خَدَجَتْ,خَدَجَا,خَدَجَتَا,خَدَجُوا,خَدَجْنَ,خَدَجْتَ,خَدَجْتِ,خَدَجْتُمَا,خَدَجْتُمْ,خَدَجْتُنَّ,خَدَجْتُ,خَدَجْنَا
خدر,خَدَرَ,فَعَلَ يَفْعُلُ ( فتحُ ضمٍّ ),متعدي,خَدَر,خَدَرَ,خَدَرَتْ,خَدَرَا,خَدَرَتَا,خَدَرُوا,خَدَرْنَ,خَدَرْتَ,خَدَرْتِ,خَدَرْتُمَا,خَدَرْتُمْ,خَدَرْتُنَّ,خَدَرْتُ,خَدَرْنَا
فتح,فَتَحَ,فَعَلَ يَفْعَلُ ( فتحتان ),متعدي,فَتْخ,فَتَحَ,فَتَحَتْ,فَتَحَا,فَتَحَتَا,فَتَحُوا,فَتَحْنَ,فَتَحْتَ,فَتَحْتِ,فَتَحْتُمَا,فَتَحْتُمْ,فَتَحْتُنَّ,فَتَحْتُ,فَتَحْنَا
فتخ,فَتَخَ,فَعَلَ يَفْعَلُ ( فتحتان ),متعدي,فَتَخ,فَتَخَ,فَتَخَتْ,فَتَخَا,فَتَخَتَا,فَتَخُوا,فَتَخْنَ,فَتَخْتَ,فَتَخْتِ,فَتَخْتُمَا,فَتَخْتُمْ,فَتَخْتُنَّ,فَتَخْتُ,فَتَخْنَا
فتخ,فَتِخَ,فَعِلَ يَفْعَلُ ( كسر فتح ),لازم,فُتُور,فَتِخَ,فَتِخَتْ,فَتِخَا,فَتِخَتَا,فَتِخُوا,فَتِخْنَ,فَتِخْتَ,فَتِخْتِ,فَتِخْتُمَا,فَتِخْتُمْ,فَتِخْتُنَّ,فَتِخْتُ,فَتِخْنَا
فتر,فَتَرَ,فَعَلَ يَفْعُلُ ( فتحُ ضمٍّ ),متعدي,فَتْر,فَتَرَ,فَتَرَتْ,فَتَرَا,فَتَرَتَا,فَتَرُوا,فَتَرْنَ,فَتَرْتَ,فَتَرْتِ,فَتَرْتُمَا,فَتَرْتُمْ,فَتَرْتُنَّ,فَتَرْتُ,فَتَرْنَا
فتر,فَتَرَ,فَعَلَ يَفْعِلُ ( فتحُ كَسْرٍ ),متعدي,خَدَر,فَتَرَ,فَتَرَتْ,فَتَرَا,فَتَرَتَا,فَتَرُوا,فَتَرْنَ,فَتَرْتَ,فَتَرْتِ,فَتَرْتُمَا,فَتَرْتُمْ,فَتَرْتُنَّ,فَتَرْتُ,فَتَرْنَا
خدر,خَدِرَ,فَعِلَ يَفْعَلُ ( كسر فتح ),لازم,فَتْش,خَدِرَ,خَدِرَتْ,خَدِرَا,خَدِرَتَا,خَدِرُوا,خَدِرْنَ,خَدِرْتَ,خَدِرْتِ,خَدِرْتُمَا,خَدِرْتُمْ,خَدِرْتُنَّ,خَدِرْتُ,خَدِرْنَا
فتش,فَتَشَ,فَعَلَ يَفْعِلُ ( فتحُ كَسْرٍ ),لازم,فَتْغ,فَتَشَ,فَتَشَتْ,فَتَشَا,فَتَشَتَا,فَتَشُوا,فَتَشْنَ,فَتَشْتَ,فَتَشْتِ,فَتَشْتُمَا,فَتَشْتُمْ,فَتَشْتُنَّ,فَتَشْتُ,فَتَشْنَا
فتغ,فَتَغَ,فَعَلَ يَفْعَلُ ( فتحتان ),متعدي,فَتْق,فَتَغَ,فَتَغَتْ,فَتَغَا,فَتَغَتَا,فَتَغُوا,فَتَغْنَ,فَتَغْتَ,فَتَغْتِ,فَتَغْتُمَا,فَتَغْتُمْ,فَتَغْتُنَّ,فَتَغْتُ,فَتَغْنَا
فتق,فَتَقَ,فَعَلَ يَفْعُلُ ( فتحُ ضمٍّ ),متعدي,فُتُوق,فَتَقَ,فَتَقَتْ,فَتَقَا,فَتَقَتَا,فَتَقُوا,فَتَقْنَ,فَتَقْتَ,فَتَقْتِ,فَتَقْتُمَا,فَتَقْتُمْ,فَتَقْتُنَّ,فَتَقْتُ,فَتَقْنَا
فتق,فَتَقَ,فَعَلَ يَفْعِلُ ( فتحُ كَسْرٍ ),متعدي,فَتَق,فَتَقَ,فَتَقَتْ,فَتَقَا,فَتَقَتَا,فَتَقُوا,فَتَقْنَ,فَتَقْتَ,فَتَقْتِ,فَتَقْتُمَا,فَتَقْتُمْ,فَتَقْتُنَّ,فَتَقْتُ,فَتَقْنَا
فتق,فَتِقَ,فَعِلَ يَفْعَلُ ( كسر فتح ),لازم,فَتْك,فَتِقَ,فَتِقَتْ,فَتِقَا,فَتِقَتَا,فَتِقُوا,فَتِقْنَ,فَتِقْتَ,فَتِقْتِ,فَتِقْتُمَا,فَتِقْتُمْ,فَتِقْتُنَّ,فَتِقْتُ,فَتِقْنَا
فتك,فَتَكَ,فَعَلَ يَفْعُلُ ( فتحُ ضمٍّ ),متعدي,فُتُوك,فَتَكَ,فَتَكَتْ,فَتَكَا,فَتَكَتَا,فَتَكُوا,فَتَكْنَ,فَتَكْتَ,فَتَكْتِ,فَتَكْتُمَا,فَتَكْتُمْ,فَتَكْتُنَّ,فَتَكْتُ,فَتَكْنَا
فتك,فَتَكَ,فَعَلَ يَفْعِلُ ( فتحُ كَسْرٍ ),متعدي,فَتْل,فَتَكَ,فَتَكَتْ,فَتَكَا,فَتَكَتَا,فَتَكُوا,فَتَكْنَ,فَتَكْتَ,فَتَكْتِ,فَتَكْتُمَا,فَتَكْتُمْ,فَتَكْتُنَّ,فَتَكْتُ,فَتَكْنَا
فتل,فَتَلَ,فَعَلَ يَفْعِلُ ( فتحُ كَسْرٍ ),متعدي,فَتِل,فَتَلَ,فَتَلَتْ,فَتَلَا,فَتَلَتَا,فَتَلُوا,فَتَلْنَ,فَتَلْتَ,فَتَلْتِ,فَتَلْتُمَا,فَتَلْتُمْ,فَتَلْتُنَّ,فَتَلْتُ,فَتَلْنَا
فتل,فَتِلَ,فَعِلَ يَفْعَلُ ( كسر فتح ),لازم,فَتْن,فَتِلَ,فَتِلَتْ,فَتِلَا,فَتِلَتَا,فَتِلُوا,فَتِلْنَ,فَتِلْتَ,فَتِلْتِ,فَتِلْتُمَا,فَتِلْتُمْ,فَتِلْتُنَّ,فَتِلْتُ,فَتِلْنَا
فتن,فَتَنَ,فَعَلَ يَفْعِلُ ( فتحُ كَسْرٍ ),متعدي,فَتْو,فَتَنَ,فَتَنَتْ,فَتَنَا,فَتَنَتَا,فَتَنُوا,فَتَنْنَ,فَتَنْتَ,فَتَنْتِ,فَتَنْتُمَا,فَتَنْتُمْ,فَتَنْتُنَّ,فَتَنْتُ,فَتَنْنَا
فثج,فَثَجَ,فَعَلَ يَفْعُلُ ( فتحُ ضمٍّ ),متعدي,فَثَج,فَثَجَ,فَثَجَتْ,فَثَجَا,فَثَجَتَا,فَثَجُوا,فَثَجْنَ,فَثَجْتَ,فَثَجْتِ,فَثَجْتُمَا,فَثَجْتُمْ,فَثَجْتُنَّ,فَثَجْتُ,فَثَجْنَا
فثغ,فَثَغَ,فَعَلَ يَفْعَلُ ( فتحتان ),متعدي,فَثْغ,فَثَغَ,فَثَغَتْ,فَثَغَا,فَثَغَتَا,فَثَغُوا,فَثَغْنَ,فَثَغْتَ,فَثَغْتِ,فَثَغْتُمَا,فَثَغْتُمْ,فَثَغْتُنَّ,فَثَغْتُ,فَثَغْنَا
فجر,فَجَرَ,فَعَلَ يَفْعُلُ ( فتحُ ضمٍّ ),متعدي,فُجُور,فَجَرَ,فَجَرَتْ,فَجَرَا,فَجَرَتَا,فَجَرُوا,فَجَرْنَ,فَجَرْتَ,فَجَرْتِ,فَجَرْتُمَا,فَجَرْتُمْ,فَجَرْتُنَّ,فَجَرْتُ,فَجَرْنَا
فجس,فَجَسَ,فَعَلَ يَفْعُلُ ( فتحُ ضمٍّ ),متعدي,فَجْس,فَجَسَ,فَجَسَتْ,فَجَسَا,فَجَسَتَا,فَجَسُوا,فَجَسْنَ,فَجَسْتَ,فَجَسْتِ,فَجَسْتُمَا,فَجَسْتُمْ,فَجَسْتُنَّ,فَجَسْتُ,فَجَسْنَا
فجش,فَجَشَ,فَعَلَ يَفْعُلُ ( فتحُ ضمٍّ ),متعدي,فَجْش,فَجَشَ,فَجَشَتْ,فَجَشَا,فَجَشَتَا,فَجَشُوا,فَجَشْنَ,فَجَشْتَ,فَجَشْتِ,فَجَشْتُمَا,فَجَشْتُمْ,فَجَشْتُنَّ,فَجَشْتُ,فَجَشْنَا
فجع,فَجَعَ,فَعَلَ يَفْعَلُ ( فتحتان ),متعدي,فَجْع,فَجَعَ,فَجَعَتْ,فَجَعَا,فَجَعَتَا,فَجَعُوا,فَجَعْنَ,فَجَعْتَ,فَجَعْتِ,فَجَعْتُمَا,فَجَعْتُمْ,فَجَعْتُنَّ,فَجَعْتُ,فَجَعْنَا
فجل,فَجَلَ,فَعَلَ يَفْعُلُ ( فتحُ ضمٍّ ),لازم,فَجْل,فَجَلَ,فَجَلَتْ,فَجَلَا,فَجَلَتَا,فَجَلُوا,فَجَلْنَ,فَجَلْتَ,فَجَلْتِ,فَجَلْتُمَا,فَجَلْتُمْ,فَجَلْتُنَّ,فَجَلْتُ,فَجَلْنَا
فجل,فَجِلَ,فَعِلَ يَفْعَلُ ( كسر فتح ),لازم,فَجَل,فَجِلَ,فَجِلَتْ,فَجِلَا,فَجِلَتَا,فَجِلُوا,فَجِلْنَ,فَجِلْتَ,فَجِلْتِ,فَجِلْتُمَا,فَجِلْتُمْ,فَجِلْتُنَّ,فَجِلْتُ,فَجِلْنَا
فجم,فَجِمَ,فَعِلَ يَفْعَلُ ( كسر فتح ),لازم,فَجِم,فَجِمَ,فَجِمَتْ,فَجِمَا,فَجِمَتَا,فَجِمُوا,فَجِمْنَ,فَجِمْتَ,فَجِمْتِ,فَجِمْتُمَا,فَجِمْتُمْ,فَجِمْتُنَّ,فَجِمْتُ,فَجِمْنَا
خدش,خَدَشَ,فَعَلَ يَفْعِلُ ( فتحُ كَسْرٍ ),متعدي,خَدْش,خَدَشَ,خَدَشَتْ,خَدَشَا,خَدَشَتَا,خَدَشُوا,خَدَشْنَ,خَدَشْتَ,خَدَشْتِ,خَدَشْتُمَا,خَدَشْتُمْ,خَدَشْتُنَّ,خَدَشْتُ,خَدَشْنَا
فحث,فَحَثَ,فَعَلَ يَفْعَلُ ( فتحتان ),لازم,فَحْج,فَحَثَ,فَحَثَتْ,فَحَثَا,فَحَثَتَا,فَحَثُوا,فَحَثْنَ,فَحَثْتَ,فَحَثْتِ,فَحَثْتُمَا,فَحَثْتُمْ,فَحَثْتُنَّ,فَحَثْتُ,فَحَثْنَا
فحج,فَحَجَ,فَعَلَ يَفْعَلُ ( فتحتان ),متعدي,فَحَج,فَحَجَ,فَحَجَتْ,فَحَجَا,فَحَجَتَا,فَحَجُوا,فَحَجْنَ,فَحَجْتَ,فَحَجْتِ,فَحَجْتُمَا,فَحَجْتُمْ,فَحَجْتُنَّ,فَحَجْتُ,فَحَجْنَا
فحج,فَحِجَ,فَعِلَ يَفْعَلُ ( كسر فتح ),لازم,فَحّ,فَحِجَ,فَحِجَتْ,فَحِجَا,فَحِجَتَا,فَحِجُوا,فَحِجْنَ,فَحِجْتَ,فَحِجْتِ,فَحِجْتُمَا,فَحِجْتُمْ,فَحِجْتُنَّ,فَحِجْتُ,فَحِجْنَا
فحس,فَحَسَ,فَعَلَ يَفْعَلُ ( فتحتان ),متعدي,فَحْش,فَحَسَ,فَحَسَتْ,فَحَسَا,فَحَسَتَا,فَحَسُوا,فَحَسْنَ,فَحَسْتَ,فَحَسْتِ,فَحَسْتُمَا,فَحَسْتُمْ,فَحَسْتُنَّ,فَحَسْتُ,فَحَسْنَا
فحش,فَحَشَ,فَعَلَ يَفْعُلُ ( فتحُ ضمٍّ ),لازم,فَحَاشَة,فَحَشَ,فَحَشَتْ,فَحَشَا,فَحَشَتَا,فَحَشُوا,فَحَشْنَ,فَحَشْتَ,فَحَشْتِ,فَحَشْتُمَا,فَحَشْتُمْ,فَحَشْتُنَّ,فَحَشْتُ,فَحَشْنَا
فحش,فَحُشَ,فَعُلَ يَفْعُلُ ( ضمَ ضمٍَ ),لازم,فَحْص,فَحُشَ,فَحُشَتْ,فَحُشَا,فَحُشَتَا,فَحُشُوا,فَحُشْنَ,فَحُشْتَ,فَحُشْتِ,فَحُشْتُمَا,فَحُشْتُمْ,فَحُشْتُنَّ,فَحُشْتُ,فَحُشْنَا
فحص,فَحَصَ,فَعَلَ يَفْعَلُ ( فتحتان ),متعدي,فَحْض,فَحَصَ,فَحَصَتْ,فَحَصَا,فَحَصَتَا,فَحَصُوا,فَحَصْنَ,فَحَصْتَ,فَحَصْتِ,فَحَصْتُمَا,فَحَصْتُمْ,فَحَصْتُنَّ,فَحَصْتُ,فَحَصْنَا
فحض,فَحَضَ,فَعَلَ يَفْعَلُ ( فتحتان ),متعدي,فَحْل,فَحَضَ,فَحَضَتْ,فَحَضَا,فَحَضَتَا,فَحَضُوا,فَحَضْنَ,فَحَضْتَ,فَحَضْتِ,فَحَضْتُمَا,فَحَضْتُمْ,فَحَضْتُنَّ,فَحَضْتُ,فَحَضْنَا
فحل,فَحَلَ,فَعَلَ يَفْعَلُ ( فتحتان ),متعدي,فَحْم,فَحَلَ,فَحَلَتْ,فَحَلَا,فَحَلَتَا,فَحَلُوا,فَحَلْنَ,فَحَلْتَ,فَحَلْتِ,فَحَلْتُمَا,فَحَلْتُمْ,فَحَلْتُنَّ,فَحَلْتُ,فَحَلْنَا
فحم,فَحَمَ,فَعَلَ يَفْعُلُ ( فتحُ ضمٍّ ),لازم,فُحُوم,فَحَمَ,فَحَمَتْ,فَحَمَا,فَحَمَتَا,فَحَمُوا,فَحَمْنَ,فَحَمْتَ,فَحَمْتِ,فَحَمْتُمَا,فَحَمْتُمْ,فَحَمْتُنَّ,فَحَمْتُ,فَحَمْنَا
فحم,فَحَمَ,فَعَلَ يَفْعَلُ ( فتحتان ),لازم,فَحَم,فَحَمَ,فَحَمَتْ,فَحَمَا,فَحَمَتَا,فَحَمُوا,فَحَمْنَ,فَحَمْتَ,فَحَمْتِ,فَحَمْتُمَا,فَحَمْتُمْ,فَحَمْتُنَّ,فَحَمْتُ,فَحَمْنَا
فحم,فَحِمَ,فَعِلَ يَفْعَلُ ( كسر فتح ),لازم,فُحُومَة,فَحِمَ,فَحِمَتْ,فَحِمَا,فَحِمَتَا,فَحِمُوا,فَحِمْنَ,فَحِمْتَ,فَحِمْتِ,فَحِمْتُمَا,فَحِمْتُمْ,فَحِمْتُنَّ,فَحِمْتُ,فَحِمْنَا
فحم,فَحُمَ,فَعُلَ يَفْعُلُ ( ضمَ ضمٍَ ),لازم,فَحْو,فَحُمَ,فَحُمَتْ,فَحُمَا,فَحُمَتَا,فَحُمُوا,فَحُمْنَ,فَحُمْتَ,فَحُمْتِ,فَحُمْتُمَا,فَحُمْتُمْ,فَحُمْتُنَّ,فَحُمْتُ,فَحُمْنَا
فخت,فَخَتَ,فَعَلَ يَفْعَلُ ( فتحتان ),متعدي,فَخَج,فَخَتَ,فَخَتَتْ,فَخَتَا,فَخَتَتَا,فَخَتُوا,فَخَتْنَ,فَخَتْتَ,فَخَتْتِ,فَخَتْتُمَا,فَخَتْتُمْ,فَخَتْتُنَّ,فَخَتْتُ,فَخَتْنَا
فخج,فَخَجَ,فَعَلَ يَفْعَلُ ( فتحتان ),لازم,فَخَج,فَخَجَ,فَخَجَتْ,فَخَجَا,فَخَجَتَا,فَخَجُوا,فَخَجْنَ,فَخَجْتَ,فَخَجْتِ,فَخَجْتُمَا,فَخَجْتُمْ,فَخَجْتُنَّ,فَخَجْتُ,فَخَجْنَا
فخج,فَخِجَ,فَعِلَ يَفْعَلُ ( كسر فتح ),لازم,فَخّ,فَخِجَ,فَخِجَتْ,فَخِجَا,فَخِجَتَا,فَخِجُوا,فَخِجْنَ,فَخِجْتَ,فَخِجْتِ,فَخِجْتُمَا,فَخِجْتُمْ,فَخِجْتُنَّ,فَخِجْتُ,فَخِجْنَا
فخذ,فَخَذَ,فَعَلَ يَفْعَلُ ( فتحتان ),متعدي,فَخْر,فَخَذَ,فَخَذَتْ,فَخَذَا,فَخَذَتَا,فَخَذُوا,فَخَذْنَ,فَخَذْتَ,فَخَذْتِ,فَخَذْتُمَا,فَخَذْتُمْ,فَخَذْتُنَّ,فَخَذْتُ,فَخَذْنَا
فخر,فَخَرَ,فَعَلَ يَفْعُلُ ( فتحُ ضمٍّ ),متعدي,فَخَار,فَخَرَ,فَخَرَتْ,فَخَرَا,فَخَرَتَا,فَخَرُوا,فَخَرْنَ,فَخَرْتَ,فَخَرْتِ,فَخَرْتُمَا,فَخَرْتُمْ,فَخَرْتُنَّ,فَخَرْتُ,فَخَرْنَا
فخر,فَخَرَ,فَعَلَ يَفْعَلُ ( فتحتان ),لازم,فَخَر,فَخَرَ,فَخَرَتْ,فَخَرَا,فَخَرَتَا,فَخَرُوا,فَخَرْنَ,فَخَرْتَ,فَخَرْتِ,فَخَرْتُمَا,فَخَرْتُمْ,فَخَرْتُنَّ,فَخَرْتُ,فَخَرْنَا
فخر,فَخِرَ,فَعِلَ يَفْعَلُ ( كسر فتح ),لازم,فَخْز,فَخِرَ,فَخِرَتْ,فَخِرَا,فَخِرَتَا,فَخِرُوا,فَخِرْنَ,فَخِرْتَ,فَخِرْتِ,فَخِرْتُمَا,فَخِرْتُمْ,فَخِرْتُنَّ,فَخِرْتُ,فَخِرْنَا
فخز,فَخَزَ,فَعَلَ يَفْعَلُ ( فتحتان ),متعدي,خَدْع,فَخَزَ,فَخَزَتْ,فَخَزَا,فَخَزَتَا,فَخَزُوا,فَخَزْنَ,فَخَزْتَ,فَخَزْتِ,فَخَزْتُمَا,فَخَزْتُمْ,فَخَزْتُنَّ,فَخَزْتُ,فَخَزْنَا
خدع,خَدَعَ,فَعَلَ يَفْعَلُ ( فتحتان ),متعدي,فَخَز,خَدَعَ,خَدَعَتْ,خَدَعَا,خَدَعَتَا,خَدَعُوا,خَدَعْنَ,خَدَعْتَ,خَدَعْتِ,خَدَعْتُمَا,خَدَعْتُمْ,خَدَعْتُنَّ,خَدَعْتُ,خَدَعْنَا
فخز,فَخِزَ,فَعِلَ يَفْعَلُ ( كسر فتح ),لازم,فَخْش,فَخِزَ,فَخِزَتْ,فَخِزَا,فَخِزَتَا,فَخِزُوا,فَخِزْنَ,فَخِزْتَ,فَخِزْتِ,فَخِزْتُمَا,فَخِزْتُمْ,فَخِزْتُنَّ,فَخِزْتُ,فَخِزْنَا
فخش,فَخَشَ,فَعَلَ يَفْعَلُ ( فتحتان ),متعدي,فُخُومَة,فَخَشَ,فَخَشَتْ,فَخَشَا,فَخَشَتَا,فَخَشُوا,فَخَشْنَ,فَخَشْتَ,فَخَشْتِ,فَخَشْتُمَا,فَخَشْتُمْ,فَخَشْتُنَّ,فَخَشْتُ,فَخَشْنَا
فخم,فَخُمَ,فَعُلَ يَفْعُلُ ( ضمَ ضمٍَ ),لازم,فَدْح,فَخُمَ,فَخُمَتْ,فَخُمَا,فَخُمَتَا,فَخُمُوا,فَخُمْنَ,فَخُمْتَ,فَخُمْتِ,فَخُمْتُمَا,فَخُمْتُمْ,فَخُمْتُنَّ,فَخُمْتُ,فَخُمْنَا
فدح,فَدَحَ,فَعَلَ يَفْعَلُ ( فتحتان ),متعدي,فَدْخ,فَدَحَ,فَدَحَتْ,فَدَحَا,فَدَحَتَا,فَدَحُوا,فَدَحْنَ,فَدَحْتَ,فَدَحْتِ,فَدَحْتُمَا,فَدَحْتُمْ,فَدَحْتُنَّ,فَدَحْتُ,فَدَحْنَا
فدخ,فَدَخَ,فَعَلَ يَفْعَلُ ( فتحتان ),متعدي,فَدّ,فَدَخَ,فَدَخَتْ,فَدَخَا,فَدَخَتَا,فَدَخُوا,فَدَخْنَ,فَدَخْتَ,فَدَخْتِ,فَدَخْتُمَا,فَدَخْتُمْ,فَدَخْتُنَّ,فَدَخْتُ,فَدَخْنَا
فدر,فَدَرَ,فَعَلَ يَفْعِلُ ( فتحُ كَسْرٍ ),لازم,فَدَر,فَدَرَ,فَدَرَتْ,فَدَرَا,فَدَرَتَا,فَدَرُوا,فَدَرْنَ,فَدَرْتَ,فَدَرْتِ,فَدَرْتُمَا,فَدَرْتُمْ,فَدَرْتُنَّ,فَدَرْتُ,فَدَرْنَا
فدر,فَدِرَ,فَعِلَ يَفْعَلُ ( كسر فتح ),لازم,فَدَش,فَدِرَ,فَدِرَتْ,فَدِرَا,فَدِرَتَا,فَدِرُوا,فَدِرْنَ,فَدِرْتَ,فَدِرْتِ,فَدِرْتُمَا,فَدِرْتُمْ,فَدِرْتُنَّ,فَدِرْتُ,فَدِرْنَا
فدش,فَدَشَ,فَعَلَ يَفْعُلُ ( فتحُ ضمٍّ ),متعدي,فَدَع,فَدَشَ,فَدَشَتْ,فَدَشَا,فَدَشَتَا,فَدَشُوا,فَدَشْنَ,فَدَشْتَ,فَدَشْتِ,فَدَشْتُمَا,فَدَشْتُمْ,فَدَشْتُنَّ,فَدَشْتُ,فَدَشْنَا
فدع,فَدِعَ,فَعِلَ يَفْعَلُ ( كسر فتح ),لازم,فَدْغ,فَدِعَ,فَدِعَتْ,فَدِعَا,فَدِعَتَا,فَدِعُوا,فَدِعْنَ,فَدِعْتَ,فَدِعْتِ,فَدِعْتُمَا,فَدِعْتُمْ,فَدِعْتُنَّ,فَدِعْتُ,فَدِعْنَا
فدغ,فَدَغَ,فَعَلَ يَفْعَلُ ( فتحتان ),متعدي,فَدَم,فَدَغَ,فَدَغَتْ,فَدَغَا,فَدَغَتَا,فَدَغُوا,فَدَغْنَ,فَدَغْتَ,فَدَغْتِ,فَدَغْتُمَا,فَدَغْتُمْ,فَدَغْتُنَّ,فَدَغْتُ,فَدَغْنَا
فدم,فَدَمَ,فَعَلَ يَفْعِلُ ( فتحُ كَسْرٍ ),متعدي,فَدَامَة,فَدَمَ,فَدَمَتْ,فَدَمَا,فَدَمَتَا,فَدَمُوا,فَدَمْنَ,فَدَمْتَ,فَدَمْتِ,فَدَمْتُمَا,فَدَمْتُمْ,فَدَمْتُنَّ,فَدَمْتُ,فَدَمْنَا
فدم,فَدُمَ,فَعُلَ يَفْعُلُ ( ضمَ ضمٍَ ),لازم,فِدَاء,فَدُمَ,فَدُمَتْ,فَدُمَا,فَدُمَتَا,فَدُمُوا,فَدُمْنَ,فَدُمْتَ,فَدُمْتِ,فَدُمْتُمَا,فَدُمْتُمْ,فَدُمْتُنَّ,فَدُمْتُ,فَدُمْنَا
فرت,فَرَتَ,فَعَلَ يَفْعُلُ ( فتحُ ضمٍّ ),لازم,فَرْت,فَرَتَ,فَرَتَتْ,فَرَتَا,فَرَتَتَا,فَرَتُوا,فَرَتْنَ,فَرَتْتَ,فَرَتْتِ,فَرَتْتُمَا,فَرَتْتُمْ,فَرَتْتُنَّ,فَرَتْتُ,فَرَتْنَا
فرت,فَرِتَ,فَعِلَ يَفْعَلُ ( كسر فتح ),لازم,فَرَت,فَرِتَ,فَرِتَتْ,فَرِتَا,فَرِتَتَا,فَرِتُوا,فَرِتْنَ,فَرِتْتَ,فَرِتْتِ,فَرِتْتُمَا,فَرِتْتُمْ,فَرِتْتُنَّ,فَرِتْتُ,فَرِتْنَا
فرت,فَرُتَ,فَعُلَ يَفْعُلُ ( ضمَ ضمٍَ ),لازم,فُرُوتَة,فَرُتَ,فَرُتَتْ,فَرُتَا,فَرُتَتَا,فَرُتُوا,فَرُتْنَ,فَرُتْتَ,فَرُتْتِ,فَرُتْتُمَا,فَرُتْتُمْ,فَرُتْتُنَّ,فَرُتْتُ,فَرُتْنَا
فرث,فَرَثَ,فَعَلَ يَفْعُلُ ( فتحُ ضمٍّ ),متعدي,فَرْث,فَرَثَ,فَرَثَتْ,فَرَثَا,فَرَثَتَا,فَرَثُوا,فَرَثْنَ,فَرَثْتَ,فَرَثْتِ,فَرَثْتُمَا,فَرَثْتُمْ,فَرَثْتُنَّ,فَرَثْتُ,فَرَثْنَا
فرث,فَرَثَ,فَعَلَ يَفْعِلُ ( فتحُ كَسْرٍ ),متعدي,فُرُوث,فَرَثَ,فَرَثَتْ,فَرَثَا,فَرَثَتَا,فَرَثُوا,فَرَثْنَ,فَرَثْتَ,فَرَثْتِ,فَرَثْتُمَا,فَرَثْتُمْ,فَرَثْتُنَّ,فَرَثْتُ,فَرَثْنَا
فرث,فَرِثَ,فَعِلَ يَفْعَلُ ( كسر فتح ),لازم,فَرَث,فَرِثَ,فَرِثَتْ,فَرِثَا,فَرِثَتَا,فَرِثُوا,فَرِثْنَ,فَرِثْتَ,فَرِثْتِ,فَرِثْتُمَا,فَرِثْتُمْ,فَرِثْتُنَّ,فَرِثْتُ,فَرِثْنَا
فرج,فَرَجَ,فَعَلَ يَفْعِلُ ( فتحُ كَسْرٍ ),متعدي,فَرْج,فَرَجَ,فَرَجَتْ,فَرَجَا,فَرَجَتَا,فَرَجُوا,فَرَجْنَ,فَرَجْتَ,فَرَجْتِ,فَرَجْتُمَا,فَرَجْتُمْ,فَرَجْتُنَّ,فَرَجْتُ,فَرَجْنَا
فرج,فَرِجَ,فَعِلَ يَفْعَلُ ( كسر فتح ),لازم,فَرَج,فَرِجَ,فَرِجَتْ,فَرِجَا,فَرِجَتَا,فَرِجُوا,فَرِجْنَ,فَرِجْتَ,فَرِجْتِ,فَرِجْتُمَا,فَرِجْتُمْ,فَرِجْتُنَّ,فَرِجْتُ,فَرِجْنَا
فرج,فَرُجَ,فَعُلَ يَفْعُلُ ( ضمَ ضمٍَ ),لازم,فَرَاجَة,فَرُجَ,فَرُجَتْ,فَرُجَا,فَرُجَتَا,فَرُجُوا,فَرُجْنَ,فَرُجْتَ,فَرُجْتِ,فَرُجْتُمَا,فَرُجْتُمْ,فَرُجْتُنَّ,فَرُجْتُ,فَرُجْنَا
فرح,فَرِحَ,فَعِلَ يَفْعَلُ ( كسر فتح ),لازم,فَرَح,فَرِحَ,فَرِحَتْ,فَرِحَا,فَرِحَتَا,فَرِحُوا,فَرِحْنَ,فَرِحْتَ,فَرِحْتِ,فَرِحْتُمَا,فَرِحْتُمْ,فَرِحْتُنَّ,فَرِحْتُ,فَرِحْنَا
فرخ,فَرِخَ,فَعِلَ يَفْعَلُ ( كسر فتح ),لازم,فَرِخ,فَرِخَ,فَرِخَتْ,فَرِخَا,فَرِخَتَا,فَرِخُوا,فَرِخْنَ,فَرِخْتَ,فَرِخْتِ,فَرِخْتُمَا,فَرِخْتُمْ,فَرِخْتُنَّ,فَرِخْتُ,فَرِخْنَا
فرد,فَرَدَ,فَعَلَ يَفْعُلُ ( فتحُ ضمٍّ ),لازم,فَرْد,فَرَدَ,فَرَدَتْ,فَرَدَا,فَرَدَتَا,فَرَدُوا,فَرَدْنَ,فَرَدْتَ,فَرَدْتِ,فَرَدْتُمَا,فَرَدْتُمْ,فَرَدْتُنَّ,فَرَدْتُ,فَرَدْنَا
فرد,فَرِدَ,فَعِلَ يَفْعَلُ ( كسر فتح ),لازم,فَرَد,فَرِدَ,فَرِدَتْ,فَرِدَا,فَرِدَتَا,فَرِدُوا,فَرِدْنَ,فَرِدْتَ,فَرِدْتِ,فَرِدْتُمَا,فَرِدْتُمْ,فَرِدْتُنَّ,فَرِدْتُ,فَرِدْنَا
فرد,فَرُدَ,فَعُلَ يَفْعُلُ ( ضمَ ضمٍَ ),لازم,فُرودة,فَرُدَ,فَرُدَتْ,فَرُدَا,فَرُدَتَا,فَرُدُوا,فَرُدْنَ,فَرُدْتَ,فَرُدْتِ,فَرُدْتُمَا,فَرُدْتُمْ,فَرُدْتُنَّ,فَرُدْتُ,فَرُدْنَا
خدف,خَدَفَ,فَعَلَ يَفْعِلُ ( فتحُ كَسْرٍ ),متعدي,خَدَف,خَدَفَ,خَدَفَتْ,خَدَفَا,خَدَفَتَا,خَدَفُوا,خَدَفْنَ,خَدَفْتَ,خَدَفْتِ,خَدَفْتُمَا,خَدَفْتُمْ,خَدَفْتُنَّ,خَدَفْتُ,خَدَفْنَا
فرز,فَرَزَ,فَعَلَ يَفْعِلُ ( فتحُ كَسْرٍ ),متعدي,فَرْز,فَرَزَ,فَرَزَتْ,فَرَزَا,فَرَزَتَا,فَرَزُوا,فَرَزْنَ,فَرَزْتَ,فَرَزْتِ,فَرَزْتُمَا,فَرَزْتُمْ,فَرَزْتُنَّ,فَرَزْتُ,فَرَزْنَا
فرس,فَرَسَ,فَعَلَ يَفْعِلُ ( فتحُ كَسْرٍ ),متعدي,فَرْس,فَرَسَ,فَرَسَتْ,فَرَسَا,فَرَسَتَا,فَرَسُوا,فَرَسْنَ,فَرَسْتَ,فَرَسْتِ,فَرَسْتُمَا,فَرَسْتُمْ,فَرَسْتُنَّ,فَرَسْتُ,فَرَسْنَا
فرس,فَرِسَ,فَعِلَ يَفْعَلُ ( كسر فتح ),لازم,فَرَس,فَرِسَ,فَرِسَتْ,فَرِسَا,فَرِسَتَا,فَرِسُوا,فَرِسْنَ,فَرِسْتَ,فَرِسْتِ,فَرِسْتُمَا,فَرِسْتُمْ,فَرِسْتُنَّ,فَرِسْتُ,فَرِسْنَا
فرس,فَرُسَ,فَعُلَ يَفْعُلُ ( ضمَ ضمٍَ ),لازم,فَرَاسة,فَرُسَ,فَرُسَتْ,فَرُسَا,فَرُسَتَا,فَرُسُوا,فَرُسْنَ,فَرُسْتَ,فَرُسْتِ,فَرُسْتُمَا,فَرُسْتُمْ,فَرُسْتُنَّ,فَرُسْتُ,فَرُسْنَا
فرش,فَرَشَ,فَعَلَ يَفْعُلُ ( فتحُ ضمٍّ ),متعدي,فَرْش,فَرَشَ,فَرَشَتْ,فَرَشَا,فَرَشَتَا,فَرَشُوا,فَرَشْنَ,فَرَشْتَ,فَرَشْتِ,فَرَشْتُمَا,فَرَشْتُمْ,فَرَشْتُنَّ,فَرَشْتُ,فَرَشْنَا
فرش,فَرَشَ,فَعَلَ يَفْعِلُ ( فتحُ كَسْرٍ ),متعدي,فَرَش,فَرَشَ,فَرَشَتْ,فَرَشَا,فَرَشَتَا,فَرَشُوا,فَرَشْنَ,فَرَشْتَ,فَرَشْتِ,فَرَشْتُمَا,فَرَشْتُمْ,فَرَشْتُنَّ,فَرَشْتُ,فَرَشْنَا
فرص,فَرَصَ,فَعَلَ يَفْعُلُ ( فتحُ ضمٍّ ),متعدي,فَرْص,فَرَصَ,فَرَصَتْ,فَرَصَا,فَرَصَتَا,فَرَصُوا,فَرَصْنَ,فَرَصْتَ,فَرَصْتِ,فَرَصْتُمَا,فَرَصْتُمْ,فَرَصْتُنَّ,فَرَصْتُ,فَرَصْنَا
فرص,فَرَصَ,فَعَلَ يَفْعِلُ ( فتحُ كَسْرٍ ),متعدي,فَرَص,فَرَصَ,فَرَصَتْ,فَرَصَا,فَرَصَتَا,فَرَصُوا,فَرَصْنَ,فَرَصْتَ,فَرَصْتِ,فَرَصْتُمَا,فَرَصْتُمْ,فَرَصْتُنَّ,فَرَصْتُ,فَرَصْنَا
فرض,فَرَضَ,فَعَلَ يَفْعِلُ ( فتحُ كَسْرٍ ),متعدي,فَرْض,فَرَضَ,فَرَضَتْ,فَرَضَا,فَرَضَتَا,فَرَضُوا,فَرَضْنَ,فَرَضْتَ,فَرَضْتِ,فَرَضْتُمَا,فَرَضْتُمْ,فَرَضْتُنَّ,فَرَضْتُ,فَرَضْنَا
فرض,فَرُضَ,فَعُلَ يَفْعُلُ ( ضمَ ضمٍَ ),لازم,فَرَاضة,فَرُضَ,فَرُضَتْ,فَرُضَا,فَرُضَتَا,فَرُضُوا,فَرُضْنَ,فَرُضْتَ,فَرُضْتِ,فَرُضْتُمَا,فَرُضْتُمْ,فَرُضْتُنَّ,فَرُضْتُ,فَرُضْنَا
فرط,فَرَطَ,فَعَلَ يَفْعُلُ ( فتحُ ضمٍّ ),متعدي,فَرْط,فَرَطَ,فَرَطَتْ,فَرَطَا,فَرَطَتَا,فَرَطُوا,فَرَطْنَ,فَرَطْتَ,فَرَطْتِ,فَرَطْتُمَا,فَرَطْتُمْ,فَرَطْتُنَّ,فَرَطْتُ,فَرَطْنَا
فرط,فَرَطَ,فَعَلَ يَفْعِلُ ( فتحُ كَسْرٍ ),متعدي,فُرُوط,فَرَطَ,فَرَطَتْ,فَرَطَا,فَرَطَتَا,فَرَطُوا,فَرَطْنَ,فَرَطْتَ,فَرَطْتِ,فَرَطْتُمَا,فَرَطْتُمْ,فَرَطْتُنَّ,فَرَطْتُ,فَرَطْنَا
فرع,فَرَعَ,فَعَلَ يَفْعَلُ ( فتحتان ),متعدي,فَرْع,فَرَعَ,فَرَعَتْ,فَرَعَا,فَرَعَتَا,فَرَعُوا,فَرَعْنَ,فَرَعْتَ,فَرَعْتِ,فَرَعْتُمَا,فَرَعْتُمْ,فَرَعْتُنَّ,فَرَعْتُ,فَرَعْنَا
فرع,فَرِعَ,فَعِلَ يَفْعَلُ ( كسر فتح ),لازم,فَرَع,فَرِعَ,فَرِعَتْ,فَرِعَا,فَرِعَتَا,فَرِعُوا,فَرِعْنَ,فَرِعْتَ,فَرِعْتِ,فَرِعْتُمَا,فَرِعْتُمْ,فَرِعْتُنَّ,فَرِعْتُ,فَرِعْنَا
فرغ,فَرَغَ,فَعَلَ يَفْعُلُ ( فتحُ ضمٍّ ),متعدي,فَرْغ,فَرَغَ,فَرَغَتْ,فَرَغَا,فَرَغَتَا,فَرَغُوا,فَرَغْنَ,فَرَغْتَ,فَرَغْتِ,فَرَغْتُمَا,فَرَغْتُمْ,فَرَغْتُنَّ,فَرَغْتُ,فَرَغْنَا
فرغ,فَرَغَ,فَعَلَ يَفْعَلُ ( فتحتان ),متعدي,فُرُوغ,فَرَغَ,فَرَغَتْ,فَرَغَا,فَرَغَتَا,فَرَغُوا,فَرَغْنَ,فَرَغْتَ,فَرَغْتِ,فَرَغْتُمَا,فَرَغْتُمْ,فَرَغْتُنَّ,فَرَغْتُ,فَرَغْنَا
فرغ,فَرِغَ,فَعِلَ يَفْعَلُ ( كسر فتح ),متعدي,فَرَاغ,فَرِغَ,فَرِغَتْ,فَرِغَا,فَرِغَتَا,فَرِغُوا,فَرِغْنَ,فَرِغْتَ,فَرِغْتِ,فَرِغْتُمَا,فَرِغْتُمْ,فَرِغْتُنَّ,فَرِغْتُ,فَرِغْنَا
فرغ,فَرُغَ,فَعُلَ يَفْعُلُ ( ضمَ ضمٍَ ),لازم,فُرُوفة,فَرُغَ,فَرُغَتْ,فَرُغَا,فَرُغَتَا,فَرُغُوا,فَرُغْنَ,فَرُغْتَ,فَرُغْتِ,فَرُغْتُمَا,فَرُغْتُمْ,فَرُغْتُنَّ,فَرُغْتُ,فَرُغْنَا
فرق,فَرَقَ,فَعَلَ يَفْعُلُ ( فتحُ ضمٍّ ),متعدي,فَرْق,فَرَقَ,فَرَقَتْ,فَرَقَا,فَرَقَتَا,فَرَقُوا,فَرَقْنَ,فَرَقْتَ,فَرَقْتِ,فَرَقْتُمَا,فَرَقْتُمْ,فَرَقْتُنَّ,فَرَقْتُ,فَرَقْنَا
فرق,فَرَقَ,فَعَلَ يَفْعِلُ ( فتحُ كَسْرٍ ),متعدي,فُرُوق,فَرَقَ,فَرَقَتْ,فَرَقَا,فَرَقَتَا,فَرَقُوا,فَرَقْنَ,فَرَقْتَ,فَرَقْتِ,فَرَقْتُمَا,فَرَقْتُمْ,فَرَقْتُنَّ,فَرَقْتُ,فَرَقْنَا
فرق,فَرِقَ,فَعِلَ يَفْعَلُ ( كسر فتح ),لازم,فَرَق,فَرِقَ,فَرِقَتْ,فَرِقَا,فَرِقَتَا,فَرِقُوا,فَرِقْنَ,فَرِقْتَ,فَرِقْتِ,فَرِقْتُمَا,فَرِقْتُمْ,فَرِقْتُنَّ,فَرِقْتُ,فَرِقْنَا
فرك,فَرَكَ,فَعَلَ يَفْعُلُ ( فتحُ ضمٍّ ),متعدي,فَرْك,فَرَكَ,فَرَكَتْ,فَرَكَا,فَرَكَتَا,فَرَكُوا,فَرَكْنَ,فَرَكْتَ,فَرَكْتِ,فَرَكْتُمَا,فَرَكْتُمْ,فَرَكْتُنَّ,فَرَكْتُ,فَرَكْنَا
فرك,فَرِكَ,فَعِلَ يَفْعَلُ ( كسر فتح ),متعدي,فَرِك,فَرِكَ,فَرِكَتْ,فَرِكَا,فَرِكَتَا,فَرِكُوا,فَرِكْنَ,فَرِكْتَ,فَرِكْتِ,فَرِكْتُمَا,فَرِكْتُمْ,فَرِكْتُنَّ,فَرِكْتُ,فَرِكْنَا
فرم,فَرَمَ,فَعَلَ يَفْعُلُ ( فتحُ ضمٍّ ),متعدي,فَرْم,فَرَمَ,فَرَمَتْ,فَرَمَا,فَرَمَتَا,فَرَمُوا,فَرَمْنَ,فَرَمْتَ,فَرَمْتِ,فَرَمْتُمَا,فَرَمْتُمْ,فَرَمْتُنَّ,فَرَمْتُ,فَرَمْنَا
فره,فَرَهَ,فَعَلَ يَفْعُلُ ( فتحُ ضمٍّ ),لازم,فَرْه,فَرَهَ,فَرَهَتْ,فَرَهَا,فَرَهَتَا,فَرَهُوا,فَرَهْنَ,فَرَهْتَ,فَرَهْتِ,فَرَهْتُمَا,فَرَهْتُمْ,فَرَهْتُنَّ,فَرَهْتُ,فَرَهْنَا
فره,فَرِهَ,فَعِلَ يَفْعَلُ ( كسر فتح ),لازم,فَرَه,فَرِهَ,فَرِهَتْ,فَرِهَا,فَرِهَتَا,فَرِهُوا,فَرِهْنَ,فَرِهْتَ,فَرِهْتِ,فَرِهْتُمَا,فَرِهْتُمْ,فَرِهْتُنَّ,فَرِهْتُ,فَرِهْنَا
فره,فَرُهَ,فَعُلَ يَفْعُلُ ( ضمَ ضمٍَ ),لازم,فَرَاهة,فَرُهَ,فَرُهَتْ,فَرُهَا,فَرُهَتَا,فَرُهُوا,فَرُهْنَ,فَرُهْتَ,فَرُهْتِ,فَرُهْتُمَا,فَرُهْتُمْ,فَرُهْتُنَّ,فَرُهْتُ,فَرُهْنَا
خدل,خَدِلَ,فَعِلَ يَفْعَلُ ( كسر فتح ),لازم,خَدَل,خَدِلَ,خَدِلَتْ,خَدِلَا,خَدِلَتَا,خَدِلُوا,خَدِلْنَ,خَدِلْتَ,خَدِلْتِ,خَدِلْتُمَا,خَدِلْتُمْ,خَدِلْتُنَّ,خَدِلْتُ,خَدِلْنَا
فزر,فَزَرَ,فَعَلَ يَفْعُلُ ( فتحُ ضمٍّ ),متعدي,فَزْر,فَزَرَ,فَزَرَتْ,فَزَرَا,فَزَرَتَا,فَزَرُوا,فَزَرْنَ,فَزَرْتَ,فَزَرْتِ,فَزَرْتُمَا,فَزَرْتُمْ,فَزَرْتُنَّ,فَزَرْتُ,فَزَرْنَا
فزر,فَزِرَ,فَعِلَ يَفْعَلُ ( كسر فتح ),لازم,فَزَر,فَزِرَ,فَزِرَتْ,فَزِرَا,فَزِرَتَا,فَزِرُوا,فَزِرْنَ,فَزِرْتَ,فَزِرْتِ,فَزِرْتُمَا,فَزِرْتُمْ,فَزِرْتُنَّ,فَزِرْتُ,فَزِرْنَا
فزع,فَزَعَ,فَعَلَ يَفْعَلُ ( فتحتان ),متعدي,فَزْع,فَزَعَ,فَزَعَتْ,فَزَعَا,فَزَعَتَا,فَزَعُوا,فَزَعْنَ,فَزَعْتَ,فَزَعْتِ,فَزَعْتُمَا,فَزَعْتُمْ,فَزَعْتُنَّ,فَزَعْتُ,فَزَعْنَا
فزع,فَزِعَ,فَعِلَ يَفْعَلُ ( كسر فتح ),متعدي,فَزَع,فَزِعَ,فَزِعَتْ,فَزِعَا,فَزِعَتَا,فَزِعُوا,فَزِعْنَ,فَزِعْتَ,فَزِعْتِ,فَزِعْتُمَا,فَزِعْتُمْ,فَزِعْتُنَّ,فَزِعْتُ,فَزِعْنَا
فسج,فَسَجَ,فَعَلَ يَفْعُلُ ( فتحُ ضمٍّ ),لازم,فَسْج,فَسَجَ,فَسَجَتْ,فَسَجَا,فَسَجَتَا,فَسَجُوا,فَسَجْنَ,فَسَجْتَ,فَسَجْتِ,فَسَجْتُمَا,فَسَجْتُمْ,فَسَجْتُنَّ,فَسَجْتُ,فَسَجْنَا
فسح,فَسَحَ,فَعَلَ يَفْعَلُ ( فتحتان ),متعدي,فَسْح,فَسَحَ,فَسَحَتْ,فَسَحَا,فَسَحَتَا,فَسَحُوا,فَسَحْنَ,فَسَحْتَ,فَسَحْتِ,فَسَحْتُمَا,فَسَحْتُمْ,فَسَحْتُنَّ,فَسَحْتُ,فَسَحْنَا
فسح,فَسُحَ,فَعُلَ يَفْعُلُ ( ضمَ ضمٍَ ),لازم,فَسَاحة,فَسُحَ,فَسُحَتْ,فَسُحَا,فَسُحَتَا,فَسُحُوا,فَسُحْنَ,فَسُحْتَ,فَسُحْتِ,فَسُحْتُمَا,فَسُحْتُمْ,فَسُحْتُنَّ,فَسُحْتُ,فَسُحْنَا
فسخ,فَسَخَ,فَعَلَ يَفْعَلُ ( فتحتان ),متعدي,فَسْخ,فَسَخَ,فَسَخَتْ,فَسَخَا,فَسَخَتَا,فَسَخُوا,فَسَخْنَ,فَسَخْتَ,فَسَخْتِ,فَسَخْتُمَا,فَسَخْتُمْ,فَسَخْتُنَّ,فَسَخْتُ,فَسَخْنَا
فسخ,فَسِخَ,فَعِلَ يَفْعَلُ ( كسر فتح ),لازم,فَسَخ,فَسِخَ,فَسِخَتْ,فَسِخَا,فَسِخَتَا,فَسِخُوا,فَسِخْنَ,فَسِخْتَ,فَسِخْتِ,فَسِخْتُمَا,فَسِخْتُمْ,فَسِخْتُنَّ,فَسِخْتُ,فَسِخْنَا
فسد,فَسَدَ,فَعَلَ يَفْعُلُ ( فتحُ ضمٍّ ),لازم,فَسْد,فَسَدَ,فَسَدَتْ,فَسَدَا,فَسَدَتَا,فَسَدُوا,فَسَدْنَ,فَسَدْتَ,فَسَدْتِ,فَسَدْتُمَا,فَسَدْتُمْ,فَسَدْتُنَّ,فَسَدْتُ,فَسَدْنَا
فسد,فَسُدَ,فَعُلَ يَفْعُلُ ( ضمَ ضمٍَ ),لازم,فَسَاد,فَسُدَ,فَسُدَتْ,فَسُدَا,فَسُدَتَا,فَسُدُوا,فَسُدْنَ,فَسُدْتَ,فَسُدْتِ,فَسُدْتُمَا,فَسُدْتُمْ,فَسُدْتُنَّ,فَسُدْتُ,فَسُدْنَا
فسر,فَسَرَ,فَعَلَ يَفْعُلُ ( فتحُ ضمٍّ ),متعدي,فَسْر,فَسَرَ,فَسَرَتْ,فَسَرَا,فَسَرَتَا,فَسَرُوا,فَسَرْنَ,فَسَرْتَ,فَسَرْتِ,فَسَرْتُمَا,فَسَرْتُمْ,فَسَرْتُنَّ,فَسَرْتُ,فَسَرْنَا
فسر,فَسَرَ,فَعَلَ يَفْعِلُ ( فتحُ كَسْرٍ ),متعدي,فَسْر,فَسَرَ,فَسَرَتْ,فَسَرَا,فَسَرَتَا,فَسَرُوا,فَسَرْنَ,فَسَرْتَ,فَسَرْتِ,فَسَرْتُمَا,فَسَرْتُمْ,فَسَرْتُنَّ,فَسَرْتُ,فَسَرْنَا
فسق,فَسَقَ,فَعَلَ يَفْعُلُ ( فتحُ ضمٍّ ),متعدي,فَسْق,فَسَقَ,فَسَقَتْ,فَسَقَا,فَسَقَتَا,فَسَقُوا,فَسَقْنَ,فَسَقْتَ,فَسَقْتِ,فَسَقْتُمَا,فَسَقْتُمْ,فَسَقْتُنَّ,فَسَقْتُ,فَسَقْنَا
فسق,فَسَقَ,فَعَلَ يَفْعِلُ ( فتحُ كَسْرٍ ),متعدي,فُسُوق,فَسَقَ,فَسَقَتْ,فَسَقَا,فَسَقَتَا,فَسَقُوا,فَسَقْنَ,فَسَقْتَ,فَسَقْتِ,فَسَقْتُمَا,فَسَقْتُمْ,فَسَقْتُنَّ,فَسَقْتُ,فَسَقْنَا
فسق,فَسُقَ,فَعُلَ يَفْعُلُ ( ضمَ ضمٍَ ),لازم,فَسَاقة,فَسُقَ,فَسُقَتْ,فَسُقَا,فَسُقَتَا,فَسُقُوا,فَسُقْنَ,فَسُقْتَ,فَسُقْتِ,فَسُقْتُمَا,فَسُقْتُمْ,فَسُقْتُنَّ,فَسُقْتُ,فَسُقْنَا
فسل,فَسَلَ,فَعَلَ يَفْعُلُ ( فتحُ ضمٍّ ),متعدي,فَسْل,فَسَلَ,فَسَلَتْ,فَسَلَا,فَسَلَتَا,فَسَلُوا,فَسَلْنَ,فَسَلْتَ,فَسَلْتِ,فَسَلْتُمَا,فَسَلْتُمْ,فَسَلْتُنَّ,فَسَلْتُ,فَسَلْنَا
فسل,فَسِلَ,فَعِلَ يَفْعَلُ ( كسر فتح ),لازم,فَسَل,فَسِلَ,فَسِلَتْ,فَسِلَا,فَسِلَتَا,فَسِلُوا,فَسِلْنَ,فَسِلْتَ,فَسِلْتِ,فَسِلْتُمَا,فَسِلْتُمْ,فَسِلْتُنَّ,فَسِلْتُ,فَسِلْنَا
فسل,فَسُلَ,فَعُلَ يَفْعُلُ ( ضمَ ضمٍَ ),لازم,فَسَالة,فَسُلَ,فَسُلَتْ,فَسُلَا,فَسُلَتَا,فَسُلُوا,فَسُلْنَ,فَسُلْتَ,فَسُلْتِ,فَسُلْتُمَا,فَسُلْتُمْ,فَسُلْتُنَّ,فَسُلْتُ,فَسُلْنَا
فشج,فَشَجَ,فَعَلَ يَفْعِلُ ( فتحُ كَسْرٍ ),لازم,فَشَج,فَشَجَ,فَشَجَتْ,فَشَجَا,فَشَجَتَا,فَشَجُوا,فَشَجْنَ,فَشَجْتَ,فَشَجْتِ,فَشَجْتُمَا,فَشَجْتُمْ,فَشَجْتُنَّ,فَشَجْتُ,فَشَجْنَا
فشح,فَشَحَ,فَعَلَ يَفْعَلُ ( فتحتان ),لازم,فَشَح,فَشَحَ,فَشَحَتْ,فَشَحَا,فَشَحَتَا,فَشَحُوا,فَشَحْنَ,فَشَحْتَ,فَشَحْتِ,فَشَحْتُمَا,فَشَحْتُمْ,فَشَحْتُنَّ,فَشَحْتُ,فَشَحْنَا
فشخ,فَشَخَ,فَعَلَ يَفْعَلُ ( فتحتان ),متعدي,فَشَخ,فَشَخَ,فَشَخَتْ,فَشَخَا,فَشَخَتَا,فَشَخُوا,فَشَخْنَ,فَشَخْتَ,فَشَخْتِ,فَشَخْتُمَا,فَشَخْتُمْ,فَشَخْتُنَّ,فَشَخْتُ,فَشَخْنَا
فشع,فَشَعَ,فَعَلَ يَفْعَلُ ( فتحتان ),لازم,فَشَع,فَشَعَ,فَشَعَتْ,فَشَعَا,فَشَعَتَا,فَشَعُوا,فَشَعْنَ,فَشَعْتَ,فَشَعْتِ,فَشَعْتُمَا,فَشَعْتُمْ,فَشَعْتُنَّ,فَشَعْتُ,فَشَعْنَا
خدم,خَدَمَ,فَعَلَ يَفْعُلُ ( فتحُ ضمٍّ ),متعدي,خَدْم,خَدَمَ,خَدَمَتْ,خَدَمَا,خَدَمَتَا,خَدَمُوا,خَدَمْنَ,خَدَمْتَ,خَدَمْتِ,خَدَمْتُمَا,خَدَمْتُمْ,خَدَمْتُنَّ,خَدَمْتُ,خَدَمْنَا
فشغ,فَشَغَ,فَعَلَ يَفْعَلُ ( فتحتان ),متعدي,فَشْغ,فَشَغَ,فَشَغَتْ,فَشَغَا,فَشَغَتَا,فَشَغُوا,فَشَغْنَ,فَشَغْتَ,فَشَغْتِ,فَشَغْتُمَا,فَشَغْتُمْ,فَشَغْتُنَّ,فَشَغْتُ,فَشَغْنَا
فشغ,فَشِغَ,فَعِلَ يَفْعَلُ ( كسر فتح ),لازم,فَشَغ,فَشِغَ,فَشِغَتْ,فَشِغَا,فَشِغَتَا,فَشِغُوا,فَشِغْنَ,فَشِغْتَ,فَشِغْتِ,فَشِغْتُمَا,فَشِغْتُمْ,فَشِغْتُنَّ,فَشِغْتُ,فَشِغْنَا
فشق,فَشَقَ,فَعَلَ يَفْعُلُ ( فتحُ ضمٍّ ),متعدي,فَشْق,فَشَقَ,فَشَقَتْ,فَشَقَا,فَشَقَتَا,فَشَقُوا,فَشَقْنَ,فَشَقْتَ,فَشَقْتِ,فَشَقْتُمَا,فَشَقْتُمْ,فَشَقْتُنَّ,فَشَقْتُ,فَشَقْنَا
فشق,فَشِقَ,فَعِلَ يَفْعَلُ ( كسر فتح ),لازم,فَشَق,فَشِقَ,فَشِقَتْ,فَشِقَا,فَشِقَتَا,فَشِقُوا,فَشِقْنَ,فَشِقْتَ,فَشِقْتِ,فَشِقْتُمَا,فَشِقْتُمْ,فَشِقْتُنَّ,فَشِقْتُ,فَشِقْنَا
فشل,فَشَلَ,فَعَلَ يَفْعُلُ ( فتحُ ضمٍّ ),متعدي,فَشْل,فَشَلَ,فَشَلَتْ,فَشَلَا,فَشَلَتَا,فَشَلُوا,فَشَلْنَ,فَشَلْتَ,فَشَلْتِ,فَشَلْتُمَا,فَشَلْتُمْ,فَشَلْتُنَّ,فَشَلْتُ,فَشَلْنَا
فشل,فَشِلَ,فَعِلَ يَفْعَلُ ( كسر فتح ),لازم,فَشَل,فَشِلَ,فَشِلَتْ,فَشِلَا,فَشِلَتَا,فَشِلُوا,فَشِلْنَ,فَشِلْتَ,فَشِلْتِ,فَشِلْتُمَا,فَشِلْتُمْ,فَشِلْتُنَّ,فَشِلْتُ,فَشِلْنَا
فصح,فَصَحَ,فَعَلَ يَفْعَلُ ( فتحتان ),متعدي,فَصَح,فَصَحَ,فَصَحَتْ,فَصَحَا,فَصَحَتَا,فَصَحُوا,فَصَحْنَ,فَصَحْتَ,فَصَحْتِ,فَصَحْتُمَا,فَصَحْتُمْ,فَصَحْتُنَّ,فَصَحْتُ,فَصَحْنَا
فصح,فَصُحَ,فَعُلَ يَفْعُلُ ( ضمَ ضمٍَ ),لازم,فَصَاحة,فَصُحَ,فَصُحَتْ,فَصُحَا,فَصُحَتَا,فَصُحُوا,فَصُحْنَ,فَصُحْتَ,فَصُحْتِ,فَصُحْتُمَا,فَصُحْتُمْ,فَصُحْتُنَّ,فَصُحْتُ,فَصُحْنَا
فصخ,فَصَخَ,فَعَلَ يَفْعَلُ ( فتحتان ),متعدي,فَصْخ,فَصَخَ,فَصَخَتْ,فَصَخَا,فَصَخَتَا,فَصَخُوا,فَصَخْنَ,فَصَخْتَ,فَصَخْتِ,فَصَخْتُمَا,فَصَخْتُمْ,فَصَخْتُنَّ,فَصَخْتُ,فَصَخْنَا
فصد,فَصَدَ,فَعَلَ يَفْعِلُ ( فتحُ كَسْرٍ ),متعدي,فَصْد,فَصَدَ,فَصَدَتْ,فَصَدَا,فَصَدَتَا,فَصَدُوا,فَصَدْنَ,فَصَدْتَ,فَصَدْتِ,فَصَدْتُمَا,فَصَدْتُمْ,فَصَدْتُنَّ,فَصَدْتُ,فَصَدْنَا
فصع,فَصَعَ,فَعَلَ يَفْعَلُ ( فتحتان ),متعدي,فَصْع,فَصَعَ,فَصَعَتْ,فَصَعَا,فَصَعَتَا,فَصَعُوا,فَصَعْنَ,فَصَعْتَ,فَصَعْتِ,فَصَعْتُمَا,فَصَعْتُمْ,فَصَعْتُنَّ,فَصَعْتُ,فَصَعْنَا
فصل,فَصَلَ,فَعَلَ يَفْعُلُ ( فتحُ ضمٍّ ),لازم,فَصْل,فَصَلَ,فَصَلَتْ,فَصَلَا,فَصَلَتَا,فَصَلُوا,فَصَلْنَ,فَصَلْتَ,فَصَلْتِ,فَصَلْتُمَا,فَصَلْتُمْ,فَصَلْتُنَّ,فَصَلْتُ,فَصَلْنَا
فصل,فَصَلَ,فَعَلَ يَفْعِلُ ( فتحُ كَسْرٍ ),متعدي,فُصُول,فَصَلَ,فَصَلَتْ,فَصَلَا,فَصَلَتَا,فَصَلُوا,فَصَلْنَ,فَصَلْتَ,فَصَلْتِ,فَصَلْتُمَا,فَصَلْتُمْ,فَصَلْتُنَّ,فَصَلْتُ,فَصَلْنَا
فصم,فَصَمَ,فَعَلَ يَفْعِلُ ( فتحُ كَسْرٍ ),متعدي,فَصْم,فَصَمَ,فَصَمَتْ,فَصَمَا,فَصَمَتَا,فَصَمُوا,فَصَمْنَ,فَصَمْتَ,فَصَمْتِ,فَصَمْتُمَا,فَصَمْتُمْ,فَصَمْتُنَّ,فَصَمْتُ,فَصَمْنَا
فضح,فَضَحَ,فَعَلَ يَفْعَلُ ( فتحتان ),متعدي,فَضْح,فَضَحَ,فَضَحَتْ,فَضَحَا,فَضَحَتَا,فَضَحُوا,فَضَحْنَ,فَضَحْتَ,فَضَحْتِ,فَضَحْتُمَا,فَضَحْتُمْ,فَضَحْتُنَّ,فَضَحْتُ,فَضَحْنَا
فضح,فَضِحَ,فَعِلَ يَفْعَلُ ( كسر فتح ),لازم,فَضَح,فَضِحَ,فَضِحَتْ,فَضِحَا,فَضِحَتَا,فَضِحُوا,فَضِحْنَ,فَضِحْتَ,فَضِحْتِ,فَضِحْتُمَا,فَضِحْتُمْ,فَضِحْتُنَّ,فَضِحْتُ,فَضِحْنَا
فضخ,فَضَخَ,فَعَلَ يَفْعَلُ ( فتحتان ),لازم,فَضْخ,فَضَخَ,فَضَخَتْ,فَضَخَا,فَضَخَتَا,فَضَخُوا,فَضَخْنَ,فَضَخْتَ,فَضَخْتِ,فَضَخْتُمَا,فَضَخْتُمْ,فَضَخْتُنَّ,فَضَخْتُ,فَضَخْنَا
فضع,فَضَعَ,فَعَلَ يَفْعَلُ ( فتحتان ),لازم,فَضَع,فَضَعَ,فَضَعَتْ,فَضَعَا,فَضَعَتَا,فَضَعُوا,فَضَعْنَ,فَضَعْتَ,فَضَعْتِ,فَضَعْتُمَا,فَضَعْتُمْ,فَضَعْتُنَّ,فَضَعْتُ,فَضَعْنَا
فضغ,فَضَغَ,فَعَلَ يَفْعَلُ ( فتحتان ),متعدي,فَضْغ,فَضَغَ,فَضَغَتْ,فَضَغَا,فَضَغَتَا,فَضَغُوا,فَضَغْنَ,فَضَغْتَ,فَضَغْتِ,فَضَغْتُمَا,فَضَغْتُمْ,فَضَغْتُنَّ,فَضَغْتُ,فَضَغْنَا
فضل,فَضَلَ,فَعَلَ يَفْعُلُ ( فتحُ ضمٍّ ),متعدي,فَضْل,فَضَلَ,فَضَلَتْ,فَضَلَا,فَضَلَتَا,فَضَلُوا,فَضَلْنَ,فَضَلْتَ,فَضَلْتِ,فَضَلْتُمَا,فَضَلْتُمْ,فَضَلْتُنَّ,فَضَلْتُ,فَضَلْنَا
فضل,فَضِلَ,فَعِلَ يَفْعَلُ ( كسر فتح ),لازم,فَضَل,فَضِلَ,فَضِلَتْ,فَضِلَا,فَضِلَتَا,فَضِلُوا,فَضِلْنَ,فَضِلْتَ,فَضِلْتِ,فَضِلْتُمَا,فَضِلْتُمْ,فَضِلْتُنَّ,فَضِلْتُ,فَضِلْنَا
فضل,فَضُلَ,فَعُلَ يَفْعُلُ ( ضمَ ضمٍَ ),لازم,فَضَالة,فَضُلَ,فَضُلَتْ,فَضُلَا,فَضُلَتَا,فَضُلُوا,فَضُلْنَ,فَضُلْتَ,فَضُلْتِ,فَضُلْتُمَا,فَضُلْتُمْ,فَضُلْتُنَّ,فَضُلْتُ,فَضُلْنَا
فطح,فَطَحَ,فَعَلَ يَفْعَلُ ( فتحتان ),متعدي,فَطْح,فَطَحَ,فَطَحَتْ,فَطَحَا,فَطَحَتَا,فَطَحُوا,فَطَحْنَ,فَطَحْتَ,فَطَحْتِ,فَطَحْتُمَا,فَطَحْتُمْ,فَطَحْتُنَّ,فَطَحْتُ,فَطَحْنَا
خدم,خَدَمَ,فَعَلَ يَفْعِلُ ( فتحُ كَسْرٍ ),متعدي,خَدْم,خَدَمَ,خَدَمَتْ,خَدَمَا,خَدَمَتَا,خَدَمُوا,خَدَمْنَ,خَدَمْتَ,خَدَمْتِ,خَدَمْتُمَا,خَدَمْتُمْ,خَدَمْتُنَّ,خَدَمْتُ,خَدَمْنَا
فطح,فَطِحَ,فَعِلَ يَفْعَلُ ( كسر فتح ),لازم,فَطَح,فَطِحَ,فَطِحَتْ,فَطِحَا,فَطِحَتَا,فَطِحُوا,فَطِحْنَ,فَطِحْتَ,فَطِحْتِ,فَطِحْتُمَا,فَطِحْتُمْ,فَطِحْتُنَّ,فَطِحْتُ,فَطِحْنَا
فطر,فَطَرَ,فَعَلَ يَفْعُلُ ( فتحُ ضمٍّ ),متعدي,فَطْر,فَطَرَ,فَطَرَتْ,فَطَرَا,فَطَرَتَا,فَطَرُوا,فَطَرْنَ,فَطَرْتَ,فَطَرْتِ,فَطَرْتُمَا,فَطَرْتُمْ,فَطَرْتُنَّ,فَطَرْتُ,فَطَرْنَا
فطر,فَطَرَ,فَعَلَ يَفْعِلُ ( فتحُ كَسْرٍ ),لازم,فَطْر,فَطَرَ,فَطَرَتْ,فَطَرَا,فَطَرَتَا,فَطَرُوا,فَطَرْنَ,فَطَرْتَ,فَطَرْتِ,فَطَرْتُمَا,فَطَرْتُمْ,فَطَرْتُنَّ,فَطَرْتُ,فَطَرْنَا
فطس,فَطَسَ,فَعَلَ يَفْعِلُ ( فتحُ كَسْرٍ ),لازم,فُطُور,فَطَسَ,فَطَسَتْ,فَطَسَا,فَطَسَتَا,فَطَسُوا,فَطَسْنَ,فَطَسْتَ,فَطَسْتِ,فَطَسْتُمَا,فَطَسْتُمْ,فَطَسْتُنَّ,فَطَسْتُ,فَطَسْنَا
فطس,فَطِسَ,فَعِلَ يَفْعَلُ ( كسر فتح ),لازم,فُطُوس,فَطِسَ,فَطِسَتْ,فَطِسَا,فَطِسَتَا,فَطِسُوا,فَطِسْنَ,فَطِسْتَ,فَطِسْتِ,فَطِسْتُمَا,فَطِسْتُمْ,فَطِسْتُنَّ,فَطِسْتُ,فَطِسْنَا
فطم,فَطَمَ,فَعَلَ يَفْعِلُ ( فتحُ كَسْرٍ ),متعدي,فَطَس,فَطَمَ,فَطَمَتْ,فَطَمَا,فَطَمَتَا,فَطَمُوا,فَطَمْنَ,فَطَمْتَ,فَطَمْتِ,فَطَمْتُمَا,فَطَمْتُمْ,فَطَمْتُنَّ,فَطَمْتُ,فَطَمْنَا
فطن,فَطَنَ,فَعَلَ يَفْعُلُ ( فتحُ ضمٍّ ),لازم,فَطْم,فَطَنَ,فَطَنَتْ,فَطَنَا,فَطَنَتَا,فَطَنُوا,فَطَنْنَ,فَطَنْتَ,فَطَنْتِ,فَطَنْتُمَا,فَطَنْتُمْ,فَطَنْتُنَّ,فَطَنْتُ,فَطَنْنَا
فطن,فَطِنَ,فَعِلَ يَفْعَلُ ( كسر فتح ),لازم,فَطْن,فَطِنَ,فَطِنَتْ,فَطِنَا,فَطِنَتَا,فَطِنُوا,فَطِنْنَ,فَطِنْتَ,فَطِنْتِ,فَطِنْتُمَا,فَطِنْتُمْ,فَطِنْتُنَّ,فَطِنْتُ,فَطِنْنَا
فطن,فَطُنَ,فَعُلَ يَفْعُلُ ( ضمَ ضمٍَ ),لازم,فَطَانة,فَطُنَ,فَطُنَتْ,فَطُنَا,فَطُنَتَا,فَطُنُوا,فَطُنْنَ,فَطُنْتَ,فَطُنْتِ,فَطُنْتُمَا,فَطُنْتُمْ,فَطُنْتُنَّ,فَطُنْتُ,فَطُنْنَا
فطه,فَطِهَ,فَعِلَ يَفْعَلُ ( كسر فتح ),لازم,فَطَانة,فَطِهَ,فَطِهَتْ,فَطِهَا,فَطِهَتَا,فَطِهُوا,فَطِهْنَ,فَطِهْتَ,فَطِهْتِ,فَطِهْتُمَا,فَطِهْتُمْ,فَطِهْتُنَّ,فَطِهْتُ,فَطِهْنَا
فظع,فَظِعَ,فَعِلَ يَفْعَلُ ( كسر فتح ),لازم,فَظَاظة,فَظِعَ,فَظِعَتْ,فَظِعَا,فَظِعَتَا,فَظِعُوا,فَظِعْنَ,فَظِعْتَ,فَظِعْتِ,فَظِعْتُمَا,فَظِعْتُمْ,فَظِعْتُنَّ,فَظِعْتُ,فَظِعْنَا
فظع,فَظُعَ,فَعُلَ يَفْعُلُ ( ضمَ ضمٍَ ),لازم,فَظَع,فَظُعَ,فَظُعَتْ,فَظُعَا,فَظُعَتَا,فَظُعُوا,فَظُعْنَ,فَظُعْتَ,فَظُعْتِ,فَظُعْتُمَا,فَظُعْتُمْ,فَظُعْتُنَّ,فَظُعْتُ,فَظُعْنَا
فعر,فَعَرَ,فَعَلَ يَفْعَلُ ( فتحتان ),لازم,فَظَاعة,فَعَرَ,فَعَرَتْ,فَعَرَا,فَعَرَتَا,فَعَرُوا,فَعَرْنَ,فَعَرْتَ,فَعَرْتِ,فَعَرْتُمَا,فَعَرْتُمْ,فَعَرْتُنَّ,فَعَرْتُ,فَعَرْنَا
فعل,فَعَلَ,فَعَلَ يَفْعَلُ ( فتحتان ),متعدي,فَعْر,فَعَلَ,فَعَلَتْ,فَعَلَا,فَعَلَتَا,فَعَلُوا,فَعَلْنَ,فَعَلْتَ,فَعَلْتِ,فَعَلْتُمَا,فَعَلْتُمْ,فَعَلْتُنَّ,فَعَلْتُ,فَعَلْنَا
فعم,فَعَمَ,فَعَلَ يَفْعَلُ ( فتحتان ),متعدي,فَعْل,فَعَمَ,فَعَمَتْ,فَعَمَا,فَعَمَتَا,فَعَمُوا,فَعَمْنَ,فَعَمْتَ,فَعَمْتِ,فَعَمْتُمَا,فَعَمْتُمْ,فَعَمْتُنَّ,فَعَمْتُ,فَعَمْنَا
فعم,فَعِمَ,فَعِلَ يَفْعَلُ ( كسر فتح ),لازم,فَعْم,فَعِمَ,فَعِمَتْ,فَعِمَا,فَعِمَتَا,فَعِمُوا,فَعِمْنَ,فَعِمْتَ,فَعِمْتِ,فَعِمْتُمَا,فَعِمْتُمْ,فَعِمْتُنَّ,فَعِمْتُ,فَعِمْنَا
فعم,فَعُمَ,فَعُلَ يَفْعُلُ ( ضمَ ضمٍَ ),لازم,فَعَم,فَعُمَ,فَعُمَتْ,فَعُمَا,فَعُمَتَا,فَعُمُوا,فَعُمْنَ,فَعُمْتَ,فَعُمْتِ,فَعُمْتُمَا,فَعُمْتُمْ,فَعُمْتُنَّ,فَعُمْتُ,فَعُمْنَا
فغر,فَغَرَ,فَعَلَ يَفْعُلُ ( فتحُ ضمٍّ ),متعدي,فَعَامة,فَغَرَ,فَغَرَتْ,فَغَرَا,فَغَرَتَا,فَغَرُوا,فَغَرْنَ,فَغَرْتَ,فَغَرْتِ,فَغَرْتُمَا,فَغَرْتُمْ,فَغَرْتُنَّ,فَغَرْتُ,فَغَرْنَا
فغر,فَغَرَ,فَعَلَ يَفْعَلُ ( فتحتان ),متعدي,فَغْر,فَغَرَ,فَغَرَتْ,فَغَرَا,فَغَرَتَا,فَغَرُوا,فَغَرْنَ,فَغَرْتَ,فَغَرْتِ,فَغَرْتُمَا,فَغَرْتُمْ,فَغَرْتُنَّ,فَغَرْتُ,فَغَرْنَا
فغم,فَغَمَ,فَعَلَ يَفْعَلُ ( فتحتان ),متعدي,فَغّ,فَغَمَ,فَغَمَتْ,فَغَمَا,فَغَمَتَا,فَغَمُوا,فَغَمْنَ,فَغَمْتَ,فَغَمْتِ,فَغَمْتُمَا,فَغَمْتُمْ,فَغَمْتُنَّ,فَغَمْتُ,فَغَمْنَا
فغم,فَغِمَ,فَعِلَ يَفْعَلُ ( كسر فتح ),لازم,فَغْم,فَغِمَ,فَغِمَتْ,فَغِمَا,فَغِمَتَا,فَغِمُوا,فَغِمْنَ,فَغِمْتَ,فَغِمْتِ,فَغِمْتُمَا,فَغِمْتُمْ,فَغِمْتُنَّ,فَغِمْتُ,فَغِمْنَا
فقح,فَقَحَ,فَعَلَ يَفْعَلُ ( فتحتان ),لازم,خَدْي,فَقَحَ,فَقَحَتْ,فَقَحَا,فَقَحَتَا,فَقَحُوا,فَقَحْنَ,فَقَحْتَ,فَقَحْتِ,فَقَحْتُمَا,فَقَحْتُمْ,فَقَحْتُنَّ,فَقَحْتُ,فَقَحْنَا
فقخ,فَقَخَ,فَعَلَ يَفْعَلُ ( فتحتان ),متعدي,فُقُوح,فَقَخَ,فَقَخَتْ,فَقَخَا,فَقَخَتَا,فَقَخُوا,فَقَخْنَ,فَقَخْتَ,فَقَخْتِ,فَقَخْتُمَا,فَقَخْتُمْ,فَقَخْتُنَّ,فَقَخْتُ,فَقَخْنَا
فقد,فَقَدَ,فَعَلَ يَفْعِلُ ( فتحُ كَسْرٍ ),متعدي,فَقْخ,فَقَدَ,فَقَدَتْ,فَقَدَا,فَقَدَتَا,فَقَدُوا,فَقَدْنَ,فَقَدْتَ,فَقَدْتِ,فَقَدْتُمَا,فَقَدْتُمْ,فَقَدْتُنَّ,فَقَدْتُ,فَقَدْنَا
فقر,فَقَرَ,فَعَلَ يَفْعُلُ ( فتحُ ضمٍّ ),متعدي,فَقْد / فُقْدَان,فَقَرَ,فَقَرَتْ,فَقَرَا,فَقَرَتَا,فَقَرُوا,فَقَرْنَ,فَقَرْتَ,فَقَرْتِ,فَقَرْتُمَا,فَقَرْتُمْ,فَقَرْتُنَّ,فَقَرْتُ,فَقَرْنَا
فقر,فَقَرَ,فَعَلَ يَفْعِلُ ( فتحُ كَسْرٍ ),لازم,فَقْر,فَقَرَ,فَقَرَتْ,فَقَرَا,فَقَرَتَا,فَقَرُوا,فَقَرْنَ,فَقَرْتَ,فَقَرْتِ,فَقَرْتُمَا,فَقَرْتُمْ,فَقَرْتُنَّ,فَقَرْتُ,فَقَرْنَا
فقر,فَقِرَ,فَعِلَ يَفْعَلُ ( كسر فتح ),لازم,فُقُور,فَقِرَ,فَقِرَتْ,فَقِرَا,فَقِرَتَا,فَقِرُوا,فَقِرْنَ,فَقِرْتَ,فَقِرْتِ,فَقِرْتُمَا,فَقِرْتُمْ,فَقِرْتُنَّ,فَقِرْتُ,فَقِرْنَا
فقر,فَقُرَ,فَعُلَ يَفْعُلُ ( ضمَ ضمٍَ ),لازم,فَقَر,فَقُرَ,فَقُرَتْ,فَقُرَا,فَقُرَتَا,فَقُرُوا,فَقُرْنَ,فَقُرْتَ,فَقُرْتِ,فَقُرْتُمَا,فَقُرْتُمْ,فَقُرْتُنَّ,فَقُرْتُ,فَقُرْنَا
فقس,فَقَسَ,فَعَلَ يَفْعِلُ ( فتحُ كَسْرٍ ),متعدي,فَقَارة,فَقَسَ,فَقَسَتْ,فَقَسَا,فَقَسَتَا,فَقَسُوا,فَقَسْنَ,فَقَسْتَ,فَقَسْتِ,فَقَسْتُمَا,فَقَسْتُمْ,فَقَسْتُنَّ,فَقَسْتُ,فَقَسْنَا
فقش,فَقَشَ,فَعَلَ يَفْعِلُ ( فتحُ كَسْرٍ ),متعدي,فَقْس,فَقَشَ,فَقَشَتْ,فَقَشَا,فَقَشَتَا,فَقَشُوا,فَقَشْنَ,فَقَشْتَ,فَقَشْتِ,فَقَشْتُمَا,فَقَشْتُمْ,فَقَشْتُنَّ,فَقَشْتُ,فَقَشْنَا
فقص,فَقَصَ,فَعَلَ يَفْعِلُ ( فتحُ كَسْرٍ ),متعدي,فَقْش,فَقَصَ,فَقَصَتْ,فَقَصَا,فَقَصَتَا,فَقَصُوا,فَقَصْنَ,فَقَصْتَ,فَقَصْتِ,فَقَصْتُمَا,فَقَصْتُمْ,فَقَصْتُنَّ,فَقَصْتُ,فَقَصْنَا
فقع,فَقَعَ,فَعَلَ يَفْعُلُ ( فتحُ ضمٍّ ),متعدي,فَقْص,فَقَعَ,فَقَعَتْ,فَقَعَا,فَقَعَتَا,فَقَعُوا,فَقَعْنَ,فَقَعْتَ,فَقَعْتِ,فَقَعْتُمَا,فَقَعْتُمْ,فَقَعْتُنَّ,فَقَعْتُ,فَقَعْنَا
فقع,فَقَعَ,فَعَلَ يَفْعَلُ ( فتحتان ),لازم,فَقْع,فَقَعَ,فَقَعَتْ,فَقَعَا,فَقَعَتَا,فَقَعُوا,فَقَعْنَ,فَقَعْتَ,فَقَعْتِ,فَقَعْتُمَا,فَقَعْتُمْ,فَقَعْتُنَّ,فَقَعْتُ,فَقَعْنَا
فقع,فَقِعَ,فَعِلَ يَفْعَلُ ( كسر فتح ),لازم,فُقُوع,فَقِعَ,فَقِعَتْ,فَقِعَا,فَقِعَتَا,فَقِعُوا,فَقِعْنَ,فَقِعْتَ,فَقِعْتِ,فَقِعْتُمَا,فَقِعْتُمْ,فَقِعْتُنَّ,فَقِعْتُ,فَقِعْنَا
فقم,فَقَمَ,فَعَلَ يَفْعُلُ ( فتحُ ضمٍّ ),متعدي,فَقِيق,فَقَمَ,فَقَمَتْ,فَقَمَا,فَقَمَتَا,فَقَمُوا,فَقَمْنَ,فَقَمْتَ,فَقَمْتِ,فَقَمْتُمَا,فَقَمْتُمْ,فَقَمْتُنَّ,فَقَمْتُ,فَقَمْنَا
فقم,فَقِمَ,فَعِلَ يَفْعَلُ ( كسر فتح ),لازم,فَقْم,فَقِمَ,فَقِمَتْ,فَقِمَا,فَقِمَتَا,فَقِمُوا,فَقِمْنَ,فَقِمْتَ,فَقِمْتِ,فَقِمْتُمَا,فَقِمْتُمْ,فَقِمْتُنَّ,فَقِمْتُ,فَقِمْنَا
فقم,فَقُمَ,فَعُلَ يَفْعُلُ ( ضمَ ضمٍَ ),لازم,فَقَم,فَقُمَ,فَقُمَتْ,فَقُمَا,فَقُمَتَا,فَقُمُوا,فَقُمْنَ,فَقُمْتَ,فَقُمْتِ,فَقُمْتُمَا,فَقُمْتُمْ,فَقُمْتُنَّ,فَقُمْتُ,فَقُمْنَا
فقه,فَقِهَ,فَعِلَ يَفْعَلُ ( كسر فتح ),متعدي,فَقَامة,فَقِهَ,فَقِهَتْ,فَقِهَا,فَقِهَتَا,فَقِهُوا,فَقِهْنَ,فَقِهْتَ,فَقِهْتِ,فَقِهْتُمَا,فَقِهْتُمْ,فَقِهْتُنَّ,فَقِهْتُ,فَقِهْنَا
فقه,فَقُهَ,فَعُلَ يَفْعُلُ ( ضمَ ضمٍَ ),لازم,فَقْه,فَقُهَ,فَقُهَتْ,فَقُهَا,فَقُهَتَا,فَقُهُوا,فَقُهْنَ,فَقُهْتَ,فَقُهْتِ,فَقُهْتُمَا,فَقُهْتُمْ,فَقُهْتُنَّ,فَقُهْتُ,فَقُهْنَا
فكر,فَكَرَ,فَعَلَ يَفْعُلُ ( فتحُ ضمٍّ ),لازم,فَقْو,فَكَرَ,فَكَرَتْ,فَكَرَا,فَكَرَتَا,فَكَرُوا,فَكَرْنَ,فَكَرْتَ,فَكَرْتِ,فَكَرْتُمَا,فَكَرْتُمْ,فَكَرْتُنَّ,فَكَرْتُ,فَكَرْنَا
فكر,فَكَرَ,فَعَلَ يَفْعِلُ ( فتحُ كَسْرٍ ),لازم,فِكْر,فَكَرَ,فَكَرَتْ,فَكَرَا,فَكَرَتَا,فَكَرُوا,فَكَرْنَ,فَكَرْتَ,فَكَرْتِ,فَكَرْتُمَا,فَكَرْتُمْ,فَكَرْتُنَّ,فَكَرْتُ,فَكَرْنَا
فكع,فَكَعَ,فَعَلَ يَفْعَلُ ( فتحتان ),لازم,فَكْر,فَكَعَ,فَكَعَتْ,فَكَعَا,فَكَعَتَا,فَكَعُوا,فَكَعْنَ,فَكَعْتَ,فَكَعْتِ,فَكَعْتُمَا,فَكَعْتُمْ,فَكَعْتُنَّ,فَكَعْتُ,فَكَعْنَا
فكع,فَكِعَ,فَعِلَ يَفْعَلُ ( كسر فتح ),لازم,فُكُوع,فَكِعَ,فَكِعَتْ,فَكِعَا,فَكِعَتَا,فَكِعُوا,فَكِعْنَ,فَكِعْتَ,فَكِعْتِ,فَكِعْتُمَا,فَكِعْتُمْ,فَكِعْتُنَّ,فَكِعْتُ,فَكِعْنَا
فكن,فَكَنَ,فَعَلَ يَفْعُلُ ( فتحُ ضمٍّ ),لازم,فُكُون,فَكَنَ,فَكَنَتْ,فَكَنَا,فَكَنَتَا,فَكَنُوا,فَكَنْنَ,فَكَنْتَ,فَكَنْتِ,فَكَنْتُمَا,فَكَنْتُمْ,فَكَنْتُنَّ,فَكَنْتُ,فَكَنْنَا
فكه,فَكِهَ,فَعِلَ يَفْعَلُ ( كسر فتح ),لازم,فَكَه,فَكِهَ,فَكِهَتْ,فَكِهَا,فَكِهَتَا,فَكِهُوا,فَكِهْنَ,فَكِهْتَ,فَكِهْتِ,فَكِهْتُمَا,فَكِهْتُمْ,فَكِهْتُنَّ,فَكِهْتُ,فَكِهْنَا
فلت,فَلَتَ,فَعَلَ يَفْعِلُ ( فتحُ كَسْرٍ ),لازم,فُلُوت,فَلَتَ,فَلَتَتْ,فَلَتَا,فَلَتَتَا,فَلَتُوا,فَلَتْنَ,فَلَتْتَ,فَلَتْتِ,فَلَتْتُمَا,فَلَتْتُمْ,فَلَتْتُنَّ,فَلَتْتُ,فَلَتْنَا
فلج,فَلَجَ,فَعَلَ يَفْعُلُ ( فتحُ ضمٍّ ),متعدي,فَلْج,فَلَجَ,فَلَجَتْ,فَلَجَا,فَلَجَتَا,فَلَجُوا,فَلَجْنَ,فَلَجْتَ,فَلَجْتِ,فَلَجْتُمَا,فَلَجْتُمْ,فَلَجْتُنَّ,فَلَجْتُ,فَلَجْنَا
فلج,فَلَجَ,فَعَلَ يَفْعِلُ ( فتحُ كَسْرٍ ),متعدي,فُلُوج,فَلَجَ,فَلَجَتْ,فَلَجَا,فَلَجَتَا,فَلَجُوا,فَلَجْنَ,فَلَجْتَ,فَلَجْتِ,فَلَجْتُمَا,فَلَجْتُمْ,فَلَجْتُنَّ,فَلَجْتُ,فَلَجْنَا
فلج,فَلِجَ,فَعِلَ يَفْعَلُ ( كسر فتح ),لازم,فَلَج,فَلِجَ,فَلِجَتْ,فَلِجَا,فَلِجَتَا,فَلِجُوا,فَلِجْنَ,فَلِجْتَ,فَلِجْتِ,فَلِجْتُمَا,فَلِجْتُمْ,فَلِجْتُنَّ,فَلِجْتُ,فَلِجْنَا
فلح,فَلَحَ,فَعَلَ يَفْعَلُ ( فتحتان ),متعدي,فَلْح,فَلَحَ,فَلَحَتْ,فَلَحَا,فَلَحَتَا,فَلَحُوا,فَلَحْنَ,فَلَحْتَ,فَلَحْتِ,فَلَحْتُمَا,فَلَحْتُمْ,فَلَحْتُنَّ,فَلَحْتُ,فَلَحْنَا
فلح,فَلِحَ,فَعِلَ يَفْعَلُ ( كسر فتح ),لازم,فَلَح,فَلِحَ,فَلِحَتْ,فَلِحَا,فَلِحَتَا,فَلِحُوا,فَلِحْنَ,فَلِحْتَ,فَلِحْتِ,فَلِحْتُمَا,فَلِحْتُمْ,فَلِحْتُنَّ,فَلِحْتُ,فَلِحْنَا
فلخ,فَلَخَ,فَعَلَ يَفْعَلُ ( فتحتان ),متعدي,فَلْخ,فَلَخَ,فَلَخَتْ,فَلَخَا,فَلَخَتَا,فَلَخُوا,فَلَخْنَ,فَلَخْتَ,فَلَخْتِ,فَلَخْتُمَا,فَلَخْتُمْ,فَلَخْتُنَّ,فَلَخْتُ,فَلَخْنَا
فلذ,فَلَذَ,فَعَلَ يَفْعِلُ ( فتحُ كَسْرٍ ),متعدي,فَلْذ,فَلَذَ,فَلَذَتْ,فَلَذَا,فَلَذَتَا,فَلَذُوا,فَلَذْنَ,فَلَذْتَ,فَلَذْتِ,فَلَذْتُمَا,فَلَذْتُمْ,فَلَذْتُنَّ,فَلَذْتُ,فَلَذْنَا
فلس,فَلِسَ,فَعِلَ يَفْعَلُ ( كسر فتح ),لازم,فَلَس,فَلِسَ,فَلِسَتْ,فَلِسَا,فَلِسَتَا,فَلِسُوا,فَلِسْنَ,فَلِسْتَ,فَلِسْتِ,فَلِسْتُمَا,فَلِسْتُمْ,فَلِسْتُنَّ,فَلِسْتُ,فَلِسْنَا
فلط,فَلَطَ,فَعَلَ يَفْعُلُ ( فتحُ ضمٍّ ),لازم,فَلْط,فَلَطَ,فَلَطَتْ,فَلَطَا,فَلَطَتَا,فَلَطُوا,فَلَطْنَ,فَلَطْتَ,فَلَطْتِ,فَلَطْتُمَا,فَلَطْتُمْ,فَلَطْتُنَّ,فَلَطْتُ,فَلَطْنَا
فلع,فَلَعَ,فَعَلَ يَفْعَلُ ( فتحتان ),متعدي,فَلْع,فَلَعَ,فَلَعَتْ,فَلَعَا,فَلَعَتَا,فَلَعُوا,فَلَعْنَ,فَلَعْتَ,فَلَعْتِ,فَلَعْتُمَا,فَلَعْتُمْ,فَلَعْتُنَّ,فَلَعْتُ,فَلَعْنَا
فلغ,فَلَغَ,فَعَلَ يَفْعَلُ ( فتحتان ),متعدي,فَلْغ,فَلَغَ,فَلَغَتْ,فَلَغَا,فَلَغَتَا,فَلَغُوا,فَلَغْنَ,فَلَغْتَ,فَلَغْتِ,فَلَغْتُمَا,فَلَغْتُمْ,فَلَغْتُنَّ,فَلَغْتُ,فَلَغْنَا
فلق,فَلَقَ,فَعَلَ يَفْعِلُ ( فتحُ كَسْرٍ ),متعدي,فَلْق,فَلَقَ,فَلَقَتْ,فَلَقَا,فَلَقَتَا,فَلَقُوا,فَلَقْنَ,فَلَقْتَ,فَلَقْتِ,فَلَقْتُمَا,فَلَقْتُمْ,فَلَقْتُنَّ,فَلَقْتُ,فَلَقْنَا
فلك,فَلَكَ,فَعَلَ يَفْعُلُ ( فتحُ ضمٍّ ),لازم,فُلُوك,فَلَكَ,فَلَكَتْ,فَلَكَا,فَلَكَتَا,فَلَكُوا,فَلَكْنَ,فَلَكْتَ,فَلَكْتِ,فَلَكْتُمَا,فَلَكْتُمْ,فَلَكْتُنَّ,فَلَكْتُ,فَلَكْنَا
فلك,فَلِكَ,فَعِلَ يَفْعَلُ ( كسر فتح ),لازم,فَلَك,فَلِكَ,فَلِكَتْ,فَلِكَا,فَلِكَتَا,فَلِكُوا,فَلِكْنَ,فَلِكْتَ,فَلِكْتِ,فَلِكْتُمَا,فَلِكْتُمْ,فَلِكْتُنَّ,فَلِكْتُ,فَلِكْنَا
فنح,فَنَحَ,فَعَلَ يَفْعَلُ ( فتحتان ),لازم,فُنُوح,فَنَحَ,فَنَحَتْ,فَنَحَا,فَنَحَتَا,فَنَحُوا,فَنَحْنَ,فَنَحْتَ,فَنَحْتِ,فَنَحْتُمَا,فَنَحْتُمْ,فَنَحْتُنَّ,فَنَحْتُ,فَنَحْنَا
فنخ,فَنَخَ,فَعَلَ يَفْعَلُ ( فتحتان ),متعدي,فَنَخ,فَنَخَ,فَنَخَتْ,فَنَخَا,فَنَخَتَا,فَنَخُوا,فَنَخْنَ,فَنَخْتَ,فَنَخْتِ,فَنَخْتُمَا,فَنَخْتُمْ,فَنَخْتُنَّ,فَنَخْتُ,فَنَخْنَا
فند,فَنِدَ,فَعِلَ يَفْعَلُ ( كسر فتح ),لازم,فَنَد,فَنِدَ,فَنِدَتْ,فَنِدَا,فَنِدَتَا,فَنِدُوا,فَنِدْنَ,فَنِدْتَ,فَنِدْتِ,فَنِدْتُمَا,فَنِدْتُمْ,فَنِدْتُنَّ,فَنِدْتُ,فَنِدْنَا
فنس,فَنَسَ,فَعَلَ يَفْعِلُ ( فتحُ كَسْرٍ ),لازم,فُنُوس,فَنَسَ,فَنَسَتْ,فَنَسَا,فَنَسَتَا,فَنَسُوا,فَنَسْنَ,فَنَسْتَ,فَنَسْتِ,فَنَسْتُمَا,فَنَسْتُمْ,فَنَسْتُنَّ,فَنَسْتُ,فَنَسْنَا
فنع,فَنِعَ,فَعِلَ يَفْعَلُ ( كسر فتح ),لازم,فَنَع,فَنِعَ,فَنِعَتْ,فَنِعَا,فَنِعَتَا,فَنِعُوا,فَنِعْنَ,فَنِعْتَ,فَنِعْتِ,فَنِعْتُمَا,فَنِعْتُمْ,فَنِعْتُنَّ,فَنِعْتُ,فَنِعْنَا
فنق,فَنَقَ,فَعَلَ يَفْعِلُ ( فتحُ كَسْرٍ ),لازم,فُنُوق,فَنَقَ,فَنَقَتْ,فَنَقَا,فَنَقَتَا,فَنَقُوا,فَنَقْنَ,فَنَقْتَ,فَنَقْتِ,فَنَقْتُمَا,فَنَقْتُمْ,فَنَقْتُنَّ,فَنَقْتُ,فَنَقْنَا
فنك,فَنَكَ,فَعَلَ يَفْعُلُ ( فتحُ ضمٍّ ),لازم,فُنُوك,فَنَكَ,فَنَكَتْ,فَنَكَا,فَنَكَتَا,فَنَكُوا,فَنَكْنَ,فَنَكْتَ,فَنَكْتِ,فَنَكْتُمَا,فَنَكْتُمْ,فَنَكْتُنَّ,فَنَكْتُ,فَنَكْنَا
فنك,فَنِكَ,فَعِلَ يَفْعَلُ ( كسر فتح ),لازم,فَنَك,فَنِكَ,فَنِكَتْ,فَنِكَا,فَنِكَتَا,فَنِكُوا,فَنِكْنَ,فَنِكْتَ,فَنِكْتِ,فَنِكْتُمَا,فَنِكْتُمْ,فَنِكْتُنَّ,فَنِكْتُ,فَنِكْنَا
فهد,فَهَدَ,فَعَلَ يَفْعَلُ ( فتحتان ),لازم,فُهُود,فَهَدَ,فَهَدَتْ,فَهَدَا,فَهَدَتَا,فَهَدُوا,فَهَدْنَ,فَهَدْتَ,فَهَدْتِ,فَهَدْتُمَا,فَهَدْتُمْ,فَهَدْتُنَّ,فَهَدْتُ,فَهَدْنَا
فهد,فَهِدَ,فَعِلَ يَفْعَلُ ( كسر فتح ),لازم,فَهَد,فَهِدَ,فَهِدَتْ,فَهِدَا,فَهِدَتَا,فَهِدُوا,فَهِدْنَ,فَهِدْتَ,فَهِدْتِ,فَهِدْتُمَا,فَهِدْتُمْ,فَهِدْتُنَّ,فَهِدْتُ,فَهِدْنَا
فهر,فَهَرَ,فَعَلَ يَفْعَلُ ( فتحتان ),لازم,فَهْر,فَهَرَ,فَهَرَتْ,فَهَرَا,فَهَرَتَا,فَهَرُوا,فَهَرْنَ,فَهَرْتَ,فَهَرْتِ,فَهَرْتُمَا,فَهَرْتُمْ,فَهَرْتُنَّ,فَهَرْتُ,فَهَرْنَا
فهق,فَهَقَ,فَعَلَ يَفْعَلُ ( فتحتان ),متعدي,فُهُوق,فَهَقَ,فَهَقَتْ,فَهَقَا,فَهَقَتَا,فَهَقُوا,فَهَقْنَ,فَهَقْتَ,فَهَقْتِ,فَهَقْتُمَا,فَهَقْتُمْ,فَهَقْتُنَّ,فَهَقْتُ,فَهَقْنَا
فهق,فَهِقَ,فَعِلَ يَفْعَلُ ( كسر فتح ),لازم,فَهِق,فَهِقَ,فَهِقَتْ,فَهِقَا,فَهِقَتَا,فَهِقُوا,فَهِقْنَ,فَهِقْتَ,فَهِقْتِ,فَهِقْتُمَا,فَهِقْتُمْ,فَهِقْتُنَّ,فَهِقْتُ,فَهِقْنَا
فهم,فَهِمَ,فَعِلَ يَفْعَلُ ( كسر فتح ),متعدي,فَهْم,فَهِمَ,فَهِمَتْ,فَهِمَا,فَهِمَتَا,فَهِمُوا,فَهِمْنَ,فَهِمْتَ,فَهِمْتِ,فَهِمْتُمَا,فَهِمْتُمْ,فَهِمْتُنَّ,فَهِمْتُ,فَهِمْنَا
قبث,قَبَثَ,فَعَلَ يَفْعِلُ ( فتحُ كَسْرٍ ),لازم,قَبْث,قَبَثَ,قَبَثَتْ,قَبَثَا,قَبَثَتَا,قَبَثُوا,قَبَثْنَ,قَبَثْتَ,قَبَثْتِ,قَبَثْتُمَا,قَبَثْتُمْ,قَبَثْتُنَّ,قَبَثْتُ,قَبَثْنَا
قبح,قَبَحَ,فَعَلَ يَفْعَلُ ( فتحتان ),متعدي,قَبْح,قَبَحَ,قَبَحَتْ,قَبَحَا,قَبَحَتَا,قَبَحُوا,قَبَحْنَ,قَبَحْتَ,قَبَحْتِ,قَبَحْتُمَا,قَبَحْتُمْ,قَبَحْتُنَّ,قَبَحْتُ,قَبَحْنَا
قبح,قَبُحَ,فَعُلَ يَفْعُلُ ( ضمَ ضمٍَ ),لازم,قَبَاحة,قَبُحَ,قَبُحَتْ,قَبُحَا,قَبُحَتَا,قَبُحُوا,قَبُحْنَ,قَبُحْتَ,قَبُحْتِ,قَبُحْتُمَا,قَبُحْتُمْ,قَبُحْتُنَّ,قَبُحْتُ,قَبُحْنَا
قبر,قَبَرَ,فَعَلَ يَفْعُلُ ( فتحُ ضمٍّ ),متعدي,قَبْر,قَبَرَ,قَبَرَتْ,قَبَرَا,قَبَرَتَا,قَبَرُوا,قَبَرْنَ,قَبَرْتَ,قَبَرْتِ,قَبَرْتُمَا,قَبَرْتُمْ,قَبَرْتُنَّ,قَبَرْتُ,قَبَرْنَا
قبر,قَبَرَ,فَعَلَ يَفْعِلُ ( فتحُ كَسْرٍ ),متعدي,قُبُور,قَبَرَ,قَبَرَتْ,قَبَرَا,قَبَرَتَا,قَبَرُوا,قَبَرْنَ,قَبَرْتَ,قَبَرْتِ,قَبَرْتُمَا,قَبَرْتُمْ,قَبَرْتُنَّ,قَبَرْتُ,قَبَرْنَا
قبس,قَبَسَ,فَعَلَ يَفْعِلُ ( فتحُ كَسْرٍ ),متعدي,قَبْس,قَبَسَ,قَبَسَتْ,قَبَسَا,قَبَسَتَا,قَبَسُوا,قَبَسْنَ,قَبَسْتَ,قَبَسْتِ,قَبَسْتُمَا,قَبَسْتُمْ,قَبَسْتُنَّ,قَبَسْتُ,قَبَسْنَا
قبس,قَبِسَ,فَعِلَ يَفْعَلُ ( كسر فتح ),لازم,قَبَس,قَبِسَ,قَبِسَتْ,قَبِسَا,قَبِسَتَا,قَبِسُوا,قَبِسْنَ,قَبِسْتَ,قَبِسْتِ,قَبِسْتُمَا,قَبِسْتُمْ,قَبِسْتُنَّ,قَبِسْتُ,قَبِسْنَا
قبس,قَبُسَ,فَعُلَ يَفْعُلُ ( ضمَ ضمٍَ ),لازم,قَبَاسة,قَبُسَ,قَبُسَتْ,قَبُسَا,قَبُسَتَا,قَبُسُوا,قَبُسْنَ,قَبُسْتَ,قَبُسْتِ,قَبُسْتُمَا,قَبُسْتُمْ,قَبُسْتُنَّ,قَبُسْتُ,قَبُسْنَا
قبص,قَبَصَ,فَعَلَ يَفْعِلُ ( فتحُ كَسْرٍ ),متعدي,قَبْص,قَبَصَ,قَبَصَتْ,قَبَصَا,قَبَصَتَا,قَبَصُوا,قَبَصْنَ,قَبَصْتَ,قَبَصْتِ,قَبَصْتُمَا,قَبَصْتُمْ,قَبَصْتُنَّ,قَبَصْتُ,قَبَصْنَا
خذع,خَذَعَ,فَعَلَ يَفْعَلُ ( فتحتان ),متعدي,خَذْع,خَذَعَ,خَذَعَتْ,خَذَعَا,خَذَعَتَا,خَذَعُوا,خَذَعْنَ,خَذَعْتَ,خَذَعْتِ,خَذَعْتُمَا,خَذَعْتُمْ,خَذَعْتُنَّ,خَذَعْتُ,خَذَعْنَا
قبص,قَبِصَ,فَعِلَ يَفْعَلُ ( كسر فتح ),لازم,قَبَص,قَبِصَ,قَبِصَتْ,قَبِصَا,قَبِصَتَا,قَبِصُوا,قَبِصْنَ,قَبِصْتَ,قَبِصْتِ,قَبِصْتُمَا,قَبِصْتُمْ,قَبِصْتُنَّ,قَبِصْتُ,قَبِصْنَا
قبض,قَبَضَ,فَعَلَ يَفْعِلُ ( فتحُ كَسْرٍ ),متعدي,قَبْض,قَبَضَ,قَبَضَتْ,قَبَضَا,قَبَضَتَا,قَبَضُوا,قَبَضْنَ,قَبَضْتَ,قَبَضْتِ,قَبَضْتُمَا,قَبَضْتُمْ,قَبَضْتُنَّ,قَبَضْتُ,قَبَضْنَا
قبط,قَبَطَ,فَعَلَ يَفْعِلُ ( فتحُ كَسْرٍ ),متعدي,قَبْط,قَبَطَ,قَبَطَتْ,قَبَطَا,قَبَطَتَا,قَبَطُوا,قَبَطْنَ,قَبَطْتَ,قَبَطْتِ,قَبَطْتُمَا,قَبَطْتُمْ,قَبَطْتُنَّ,قَبَطْتُ,قَبَطْنَا
قبع,قَبَعَ,فَعَلَ يَفْعَلُ ( فتحتان ),لازم,قَبْع,قَبَعَ,قَبَعَتْ,قَبَعَا,قَبَعَتَا,قَبَعُوا,قَبَعْنَ,قَبَعْتَ,قَبَعْتِ,قَبَعْتُمَا,قَبَعْتُمْ,قَبَعْتُنَّ,قَبَعْتُ,قَبَعْنَا
قبل,قَبَلَ,فَعَلَ يَفْعُلُ ( فتحُ ضمٍّ ),متعدي,قَبْل,قَبَلَ,قَبَلَتْ,قَبَلَا,قَبَلَتَا,قَبَلُوا,قَبَلْنَ,قَبَلْتَ,قَبَلْتِ,قَبَلْتُمَا,قَبَلْتُمْ,قَبَلْتُنَّ,قَبَلْتُ,قَبَلْنَا
قبل,قَبَلَ,فَعَلَ يَفْعِلُ ( فتحُ كَسْرٍ ),لازم,قُبُول,قَبَلَ,قَبَلَتْ,قَبَلَا,قَبَلَتَا,قَبَلُوا,قَبَلْنَ,قَبَلْتَ,قَبَلْتِ,قَبَلْتُمَا,قَبَلْتُمْ,قَبَلْتُنَّ,قَبَلْتُ,قَبَلْنَا
قبل,قَبِلَ,فَعِلَ يَفْعَلُ ( كسر فتح ),لازم,قَبَل,قَبِلَ,قَبِلَتْ,قَبِلَا,قَبِلَتَا,قَبِلُوا,قَبِلْنَ,قَبِلْتَ,قَبِلْتِ,قَبِلْتُمَا,قَبِلْتُمْ,قَبِلْتُنَّ,قَبِلْتُ,قَبِلْنَا
قبل,قَبُلَ,فَعُلَ يَفْعُلُ ( ضمَ ضمٍَ ),لازم,قَبَالة,قَبُلَ,قَبُلَتْ,قَبُلَا,قَبُلَتَا,قَبُلُوا,قَبُلْنَ,قَبُلْتَ,قَبُلْتِ,قَبُلْتُمَا,قَبُلْتُمْ,قَبُلْتُنَّ,قَبُلْتُ,قَبُلْنَا
قبن,قَبَنَ,فَعَلَ يَفْعِلُ ( فتحُ كَسْرٍ ),لازم,قَبْن,قَبَنَ,قَبَنَتْ,قَبَنَا,قَبَنَتَا,قَبَنُوا,قَبَنْنَ,قَبَنْتَ,قَبَنْتِ,قَبَنْتُمَا,قَبَنْتُمْ,قَبَنْتُنَّ,قَبَنْتُ,قَبَنْنَا
قتب,قَتَبَ,فَعَلَ يَفْعُلُ ( فتحُ ضمٍّ ),متعدي,قَتْب,قَتَبَ,قَتَبَتْ,قَتَبَا,قَتَبَتَا,قَتَبُوا,قَتَبْنَ,قَتَبْتَ,قَتَبْتِ,قَتَبْتُمَا,قَتَبْتُمْ,قَتَبْتُنَّ,قَتَبْتُ,قَتَبْنَا
قتد,قَتِدَ,فَعِلَ يَفْعَلُ ( كسر فتح ),لازم,قَتَد,قَتِدَ,قَتِدَتْ,قَتِدَا,قَتِدَتَا,قَتِدُوا,قَتِدْنَ,قَتِدْتَ,قَتِدْتِ,قَتِدْتُمَا,قَتِدْتُمْ,قَتِدْتُنَّ,قَتِدْتُ,قَتِدْنَا
قتر,قَتَرَ,فَعَلَ يَفْعُلُ ( فتحُ ضمٍّ ),لازم,قَتْر,قَتَرَ,قَتَرَتْ,قَتَرَا,قَتَرَتَا,قَتَرُوا,قَتَرْنَ,قَتَرْتَ,قَتَرْتِ,قَتَرْتُمَا,قَتَرْتُمْ,قَتَرْتُنَّ,قَتَرْتُ,قَتَرْنَا
قتر,قَتَرَ,فَعَلَ يَفْعِلُ ( فتحُ كَسْرٍ ),لازم,قُتُور,قَتَرَ,قَتَرَتْ,قَتَرَا,قَتَرَتَا,قَتَرُوا,قَتَرْنَ,قَتَرْتَ,قَتَرْتِ,قَتَرْتُمَا,قَتَرْتُمْ,قَتَرْتُنَّ,قَتَرْتُ,قَتَرْنَا
قتر,قَتِرَ,فَعِلَ يَفْعَلُ ( كسر فتح ),لازم,قَتَر,قَتِرَ,قَتِرَتْ,قَتِرَا,قَتِرَتَا,قَتِرُوا,قَتِرْنَ,قَتِرْتَ,قَتِرْتِ,قَتِرْتُمَا,قَتِرْتُمْ,قَتِرْتُنَّ,قَتِرْتُ,قَتِرْنَا
قتع,قَتَعَ,فَعَلَ يَفْعَلُ ( فتحتان ),لازم,قَتْع,قَتَعَ,قَتَعَتْ,قَتَعَا,قَتَعَتَا,قَتَعُوا,قَتَعْنَ,قَتَعْتَ,قَتَعْتِ,قَتَعْتُمَا,قَتَعْتُمْ,قَتَعْتُنَّ,قَتَعْتُ,قَتَعْنَا
قتل,قَتَلَ,فَعَلَ يَفْعُلُ ( فتحُ ضمٍّ ),متعدي,قَتْل,قَتَلَ,قَتَلَتْ,قَتَلَا,قَتَلَتَا,قَتَلُوا,قَتَلْنَ,قَتَلْتَ,قَتَلْتِ,قَتَلْتُمَا,قَتَلْتُمْ,قَتَلْتُنَّ,قَتَلْتُ,قَتَلْنَا
قتم,قَتَمَ,فَعَلَ يَفْعُلُ ( فتحُ ضمٍّ ),لازم,قَتْم,قَتَمَ,قَتَمَتْ,قَتَمَا,قَتَمَتَا,قَتَمُوا,قَتَمْنَ,قَتَمْتَ,قَتَمْتِ,قَتَمْتُمَا,قَتَمْتُمْ,قَتَمْتُنَّ,قَتَمْتُ,قَتَمْنَا
قتم,قَتِمَ,فَعِلَ يَفْعَلُ ( كسر فتح ),لازم,قَتَم,قَتِمَ,قَتِمَتْ,قَتِمَا,قَتِمَتَا,قَتِمُوا,قَتِمْنَ,قَتِمْتَ,قَتِمْتِ,قَتِمْتُمَا,قَتِمْتُمْ,قَتِمْتُنَّ,قَتِمْتُ,قَتِمْنَا
قتن,قَتَنَ,فَعَلَ يَفْعُلُ ( فتحُ ضمٍّ ),لازم,قَتْن,قَتَنَ,قَتَنَتْ,قَتَنَا,قَتَنَتَا,قَتَنُوا,قَتَنْنَ,قَتَنْتَ,قَتَنْتِ,قَتَنْتُمَا,قَتَنْتُمْ,قَتَنْتُنَّ,قَتَنْتُ,قَتَنْنَا
قتن,قَتُنَ,فَعُلَ يَفْعُلُ ( ضمَ ضمٍَ ),لازم,قَتَانة,قَتُنَ,قَتُنَتْ,قَتُنَا,قَتُنَتَا,قَتُنُوا,قَتُنْنَ,قَتُنْتَ,قَتُنْتِ,قَتُنْتُمَا,قَتُنْتُمْ,قَتُنْتُنَّ,قَتُنْتُ,قَتُنْنَا
قثم,قَثَمَ,فَعَلَ يَفْعُلُ ( فتحُ ضمٍّ ),متعدي,قَثْم,قَثَمَ,قَثَمَتْ,قَثَمَا,قَثَمَتَا,قَثَمُوا,قَثَمْنَ,قَثَمْتَ,قَثَمْتِ,قَثَمْتُمَا,قَثَمْتُمْ,قَثَمْتُنَّ,قَثَمْتُ,قَثَمْنَا
قثم,قَثَمَ,فَعَلَ يَفْعِلُ ( فتحُ كَسْرٍ ),متعدي,قُثُوم,قَثَمَ,قَثَمَتْ,قَثَمَا,قَثَمَتَا,قَثَمُوا,قَثَمْنَ,قَثَمْتَ,قَثَمْتِ,قَثَمْتُمَا,قَثَمْتُمْ,قَثَمْتُنَّ,قَثَمْتُ,قَثَمْنَا
قثم,قَثِمَ,فَعِلَ يَفْعَلُ ( كسر فتح ),لازم,قَثَم,قَثِمَ,قَثِمَتْ,قَثِمَا,قَثِمَتَا,قَثِمُوا,قَثِمْنَ,قَثِمْتَ,قَثِمْتِ,قَثِمْتُمَا,قَثِمْتُمْ,قَثِمْتُنَّ,قَثِمْتُ,قَثِمْنَا
خذف,خَذَفَ,فَعَلَ يَفْعِلُ ( فتحُ كَسْرٍ ),مشترك ,خَذْف,خَذَفَ,خَذَفَتْ,خَذَفَا,خَذَفَتَا,خَذَفُوا,خَذَفْنَ,خَذَفْتَ,خَذَفْتِ,خَذَفْتُمَا,خَذَفْتُمْ,خَذَفْتُنَّ,خَذَفْتُ,خَذَفْنَا
قثم,قَثُمَ,فَعُلَ يَفْعُلُ ( ضمَ ضمٍَ ),لازم,قَثَامة,قَثُمَ,قَثُمَتْ,قَثُمَا,قَثُمَتَا,قَثُمُوا,قَثُمْنَ,قَثُمْتَ,قَثُمْتِ,قَثُمْتُمَا,قَثُمْتُمْ,قَثُمْتُنَّ,قَثُمْتُ,قَثُمْنَا
قحب,قَحَبَ,فَعَلَ يَفْعُلُ ( فتحُ ضمٍّ ),لازم,قَحْب,قَحَبَ,قَحَبَتْ,قَحَبَا,قَحَبَتَا,قَحَبُوا,قَحَبْنَ,قَحَبْتَ,قَحَبْتِ,قَحَبْتُمَا,قَحَبْتُمْ,قَحَبْتُنَّ,قَحَبْتُ,قَحَبْنَا
قحث,قَحَثَ,فَعَلَ يَفْعَلُ ( فتحتان ),متعدي,قَحْث,قَحَثَ,قَحَثَتْ,قَحَثَا,قَحَثَتَا,قَحَثُوا,قَحَثْنَ,قَحَثْتَ,قَحَثْتِ,قَحَثْتُمَا,قَحَثْتُمْ,قَحَثْتُنَّ,قَحَثْتُ,قَحَثْنَا
قحد,قَحَدَ,فَعَلَ يَفْعَلُ ( فتحتان ),لازم,قَحْد,قَحَدَ,قَحَدَتْ,قَحَدَا,قَحَدَتَا,قَحَدُوا,قَحَدْنَ,قَحَدْتَ,قَحَدْتِ,قَحَدْتُمَا,قَحَدْتُمْ,قَحَدْتُنَّ,قَحَدْتُ,قَحَدْنَا
قحر,قَحَرَ,فَعَلَ يَفْعَلُ ( فتحتان ),لازم,قَحْر,قَحَرَ,قَحَرَتْ,قَحَرَا,قَحَرَتَا,قَحَرُوا,قَحَرْنَ,قَحَرْتَ,قَحَرْتِ,قَحَرْتُمَا,قَحَرْتُمْ,قَحَرْتُنَّ,قَحَرْتُ,قَحَرْنَا
قحز,قَحَزَ,فَعَلَ يَفْعَلُ ( فتحتان ),متعدي,قَحْز,قَحَزَ,قَحَزَتْ,قَحَزَا,قَحَزَتَا,قَحَزُوا,قَحَزْنَ,قَحَزْتَ,قَحَزْتِ,قَحَزْتُمَا,قَحَزْتُمْ,قَحَزْتُنَّ,قَحَزْتُ,قَحَزْنَا
قحص,قَحَصَ,فَعَلَ يَفْعَلُ ( فتحتان ),متعدي,قَحْص,قَحَصَ,قَحَصَتْ,قَحَصَا,قَحَصَتَا,قَحَصُوا,قَحَصْنَ,قَحَصْتَ,قَحَصْتِ,قَحَصْتُمَا,قَحَصْتُمْ,قَحَصْتُنَّ,قَحَصْتُ,قَحَصْنَا
قحط,قَحَطَ,فَعَلَ يَفْعَلُ ( فتحتان ),متعدي,قَحْط,قَحَطَ,قَحَطَتْ,قَحَطَا,قَحَطَتَا,قَحَطُوا,قَحَطْنَ,قَحَطْتَ,قَحَطْتِ,قَحَطْتُمَا,قَحَطْتُمْ,قَحَطْتُنَّ,قَحَطْتُ,قَحَطْنَا
قحط,قَحِطَ,فَعِلَ يَفْعَلُ ( كسر فتح ),لازم,قَحَط,قَحِطَ,قَحِطَتْ,قَحِطَا,قَحِطَتَا,قَحِطُوا,قَحِطْنَ,قَحِطْتَ,قَحِطْتِ,قَحِطْتُمَا,قَحِطْتُمْ,قَحِطْتُنَّ,قَحِطْتُ,قَحِطْنَا
قحف,قَحَفَ,فَعَلَ يَفْعَلُ ( فتحتان ),متعدي,قَحْف,قَحَفَ,قَحَفَتْ,قَحَفَا,قَحَفَتَا,قَحَفُوا,قَحَفْنَ,قَحَفْتَ,قَحَفْتِ,قَحَفْتُمَا,قَحَفْتُمْ,قَحَفْتُنَّ,قَحَفْتُ,قَحَفْنَا
قحل,قَحَلَ,فَعَلَ يَفْعَلُ ( فتحتان ),لازم,قَحْل,قَحَلَ,قَحَلَتْ,قَحَلَا,قَحَلَتَا,قَحَلُوا,قَحَلْنَ,قَحَلْتَ,قَحَلْتِ,قَحَلْتُمَا,قَحَلْتُمْ,قَحَلْتُنَّ,قَحَلْتُ,قَحَلْنَا
قحل,قَحِلَ,فَعِلَ يَفْعَلُ ( كسر فتح ),لازم,قَحَل,قَحِلَ,قَحِلَتْ,قَحِلَا,قَحِلَتَا,قَحِلُوا,قَحِلْنَ,قَحِلْتَ,قَحِلْتِ,قَحِلْتُمَا,قَحِلْتُمْ,قَحِلْتُنَّ,قَحِلْتُ,قَحِلْنَا
قحم,قَحَمَ,فَعَلَ يَفْعُلُ ( فتحُ ضمٍّ ),متعدي,قَحْم,قَحَمَ,قَحَمَتْ,قَحَمَا,قَحَمَتَا,قَحَمُوا,قَحَمْنَ,قَحَمْتَ,قَحَمْتِ,قَحَمْتُمَا,قَحَمْتُمْ,قَحَمْتُنَّ,قَحَمْتُ,قَحَمْنَا
قحم,قَحَمَ,فَعَلَ يَفْعَلُ ( فتحتان ),متعدي,قُحُوم,قَحَمَ,قَحَمَتْ,قَحَمَا,قَحَمَتَا,قَحَمُوا,قَحَمْنَ,قَحَمْتَ,قَحَمْتِ,قَحَمْتُمَا,قَحَمْتُمْ,قَحَمْتُنَّ,قَحَمْتُ,قَحَمْنَا
قخر,قَخَرَ,فَعَلَ يَفْعَلُ ( فتحتان ),متعدي,قَخَر,قَخَرَ,قَخَرَتْ,قَخَرَا,قَخَرَتَا,قَخَرُوا,قَخَرْنَ,قَخَرْتَ,قَخَرْتِ,قَخَرْتُمَا,قَخَرْتُمْ,قَخَرْتُنَّ,قَخَرْتُ,قَخَرْنَا
قدح,قَدَحَ,فَعَلَ يَفْعَلُ ( فتحتان ),متعدي,قَدْح,قَدَحَ,قَدَحَتْ,قَدَحَا,قَدَحَتَا,قَدَحُوا,قَدَحْنَ,قَدَحْتَ,قَدَحْتِ,قَدَحْتُمَا,قَدَحْتُمْ,قَدَحْتُنَّ,قَدَحْتُ,قَدَحْنَا
قدر,قَدَرَ,فَعَلَ يَفْعُلُ ( فتحُ ضمٍّ ),متعدي,قَدْر,قَدَرَ,قَدَرَتْ,قَدَرَا,قَدَرَتَا,قَدَرُوا,قَدَرْنَ,قَدَرْتَ,قَدَرْتِ,قَدَرْتُمَا,قَدَرْتُمْ,قَدَرْتُنَّ,قَدَرْتُ,قَدَرْنَا
قدر,قَدَرَ,فَعَلَ يَفْعِلُ ( فتحُ كَسْرٍ ),لازم,قُدُور,قَدَرَ,قَدَرَتْ,قَدَرَا,قَدَرَتَا,قَدَرُوا,قَدَرْنَ,قَدَرْتَ,قَدَرْتِ,قَدَرْتُمَا,قَدَرْتُمْ,قَدَرْتُنَّ,قَدَرْتُ,قَدَرْنَا
قدر,قَدِرَ,فَعِلَ يَفْعَلُ ( كسر فتح ),لازم,قَدَر,قَدِرَ,قَدِرَتْ,قَدِرَا,قَدِرَتَا,قَدِرُوا,قَدِرْنَ,قَدِرْتَ,قَدِرْتِ,قَدِرْتُمَا,قَدِرْتُمْ,قَدِرْتُنَّ,قَدِرْتُ,قَدِرْنَا
خذق,خَذَقَ,فَعَلَ يَفْعُلُ ( فتحُ ضمٍّ ),متعدي,خَذْق,خَذَقَ,خَذَقَتْ,خَذَقَا,خَذَقَتَا,خَذَقُوا,خَذَقْنَ,خَذَقْتَ,خَذَقْتِ,خَذَقْتُمَا,خَذَقْتُمْ,خَذَقْتُنَّ,خَذَقْتُ,خَذَقْنَا
قدس,قَدُسَ,فَعُلَ يَفْعُلُ ( ضمَ ضمٍَ ),لازم,قَدَاسة,قَدُسَ,قَدُسَتْ,قَدُسَا,قَدُسَتَا,قَدُسُوا,قَدُسْنَ,قَدُسْتَ,قَدُسْتِ,قَدُسْتُمَا,قَدُسْتُمْ,قَدُسْتُنَّ,قَدُسْتُ,قَدُسْنَا
قدع,قَدَعَ,فَعَلَ يَفْعَلُ ( فتحتان ),متعدي,قَدْع,قَدَعَ,قَدَعَتْ,قَدَعَا,قَدَعَتَا,قَدَعُوا,قَدَعْنَ,قَدَعْتَ,قَدَعْتِ,قَدَعْتُمَا,قَدَعْتُمْ,قَدَعْتُنَّ,قَدَعْتُ,قَدَعْنَا
قدع,قَدِعَ,فَعِلَ يَفْعَلُ ( كسر فتح ),لازم,قَدَع,قَدِعَ,قَدِعَتْ,قَدِعَا,قَدِعَتَا,قَدِعُوا,قَدِعْنَ,قَدِعْتَ,قَدِعْتِ,قَدِعْتُمَا,قَدِعْتُمْ,قَدِعْتُنَّ,قَدِعْتُ,قَدِعْنَا
قدف,قَدَفَ,فَعَلَ يَفْعُلُ ( فتحُ ضمٍّ ),متعدي,قَدْف,قَدَفَ,قَدَفَتْ,قَدَفَا,قَدَفَتَا,قَدَفُوا,قَدَفْنَ,قَدَفْتَ,قَدَفْتِ,قَدَفْتُمَا,قَدَفْتُمْ,قَدَفْتُنَّ,قَدَفْتُ,قَدَفْنَا
قدم,قَدَمَ,فَعَلَ يَفْعُلُ ( فتحُ ضمٍّ ),متعدي,قَدْم,قَدَمَ,قَدَمَتْ,قَدَمَا,قَدَمَتَا,قَدَمُوا,قَدَمْنَ,قَدَمْتَ,قَدَمْتِ,قَدَمْتُمَا,قَدَمْتُمْ,قَدَمْتُنَّ,قَدَمْتُ,قَدَمْنَا
قدم,قَدِمَ,فَعِلَ يَفْعَلُ ( كسر فتح ),متعدي,قُدُوم,قَدِمَ,قَدِمَتْ,قَدِمَا,قَدِمَتَا,قَدِمُوا,قَدِمْنَ,قَدِمْتَ,قَدِمْتِ,قَدِمْتُمَا,قَدِمْتُمْ,قَدِمْتُنَّ,قَدِمْتُ,قَدِمْنَا
قدم,قَدُمَ,فَعُلَ يَفْعُلُ ( ضمَ ضمٍَ ),لازم,قِدَم,قَدُمَ,قَدُمَتْ,قَدُمَا,قَدُمَتَا,قَدُمُوا,قَدُمْنَ,قَدُمْتَ,قَدُمْتِ,قَدُمْتُمَا,قَدُمْتُمْ,قَدُمْتُنَّ,قَدُمْتُ,قَدُمْنَا
قذر,قَذَرَ,فَعَلَ يَفْعُلُ ( فتحُ ضمٍّ ),مشترك ,قَذَر,قَذَرَ,قَذَرَتْ,قَذَرَا,قَذَرَتَا,قَذَرُوا,قَذَرْنَ,قَذَرْتَ,قَذَرْتِ,قَذَرْتُمَا,قَذَرْتُمْ,قَذَرْتُنَّ,قَذَرْتُ,قَذَرْنَا
قذر,قَذِرَ,فَعِلَ يَفْعَلُ ( كسر فتح ),متعدي,قَذَر,قَذِرَ,قَذِرَتْ,قَذِرَا,قَذِرَتَا,قَذِرُوا,قَذِرْنَ,قَذِرْتَ,قَذِرْتِ,قَذِرْتُمَا,قَذِرْتُمْ,قَذِرْتُنَّ,قَذِرْتُ,قَذِرْنَا
قذر,قَذُرَ,فَعُلَ يَفْعُلُ ( ضمَ ضمٍَ ),لازم,قَذَارة,قَذُرَ,قَذُرَتْ,قَذُرَا,قَذُرَتَا,قَذُرُوا,قَذُرْنَ,قَذُرْتَ,قَذُرْتِ,قَذُرْتُمَا,قَذُرْتُمْ,قَذُرْتُنَّ,قَذُرْتُ,قَذُرْنَا
قذع,قَذَعَ,فَعَلَ يَفْعَلُ ( فتحتان ),متعدي,قَذْع,قَذَعَ,قَذَعَتْ,قَذَعَا,قَذَعَتَا,قَذَعُوا,قَذَعْنَ,قَذَعْتَ,قَذَعْتِ,قَذَعْتُمَا,قَذَعْتُمْ,قَذَعْتُنَّ,قَذَعْتُ,قَذَعْنَا
قذف,قَذَفَ,فَعَلَ يَفْعِلُ ( فتحُ كَسْرٍ ),متعدي,قَذْف,قَذَفَ,قَذَفَتْ,قَذَفَا,قَذَفَتَا,قَذَفُوا,قَذَفْنَ,قَذَفْتَ,قَذَفْتِ,قَذَفْتُمَا,قَذَفْتُمْ,قَذَفْتُنَّ,قَذَفْتُ,قَذَفْنَا
قذل,قَذَلَ,فَعَلَ يَفْعُلُ ( فتحُ ضمٍّ ),لازم,قَذْل,قَذَلَ,قَذَلَتْ,قَذَلَا,قَذَلَتَا,قَذَلُوا,قَذَلْنَ,قَذَلْتَ,قَذَلْتِ,قَذَلْتُمَا,قَذَلْتُمْ,قَذَلْتُنَّ,قَذَلْتُ,قَذَلْنَا
قذم,قَذَمَ,فَعَلَ يَفْعِلُ ( فتحُ كَسْرٍ ),لازم,قَذْم,قَذَمَ,قَذَمَتْ,قَذَمَا,قَذَمَتَا,قَذَمُوا,قَذَمْنَ,قَذَمْتَ,قَذَمْتِ,قَذَمْتُمَا,قَذَمْتُمْ,قَذَمْتُنَّ,قَذَمْتُ,قَذَمْنَا
قذم,قَذِمَ,فَعِلَ يَفْعَلُ ( كسر فتح ),لازم,قَذَم,قَذِمَ,قَذِمَتْ,قَذِمَا,قَذِمَتَا,قَذِمُوا,قَذِمْنَ,قَذِمْتَ,قَذِمْتِ,قَذِمْتُمَا,قَذِمْتُمْ,قَذِمْتُنَّ,قَذِمْتُ,قَذِمْنَا
قرب,قَرَبَ,فَعَلَ يَفْعُلُ ( فتحُ ضمٍّ ),متعدي,قَرْب,قَرَبَ,قَرَبَتْ,قَرَبَا,قَرَبَتَا,قَرَبُوا,قَرَبْنَ,قَرَبْتَ,قَرَبْتِ,قَرَبْتُمَا,قَرَبْتُمْ,قَرَبْتُنَّ,قَرَبْتُ,قَرَبْنَا
قرب,قَرِبَ,فَعِلَ يَفْعَلُ ( كسر فتح ),متعدي,قُرْب,قَرِبَ,قَرِبَتْ,قَرِبَا,قَرِبَتَا,قَرِبُوا,قَرِبْنَ,قَرِبْتَ,قَرِبْتِ,قَرِبْتُمَا,قَرِبْتُمْ,قَرِبْتُنَّ,قَرِبْتُ,قَرِبْنَا
خذق,خَذَقَ,فَعَلَ يَفْعِلُ ( فتحُ كَسْرٍ ),متعدي,قَرابة,خَذَقَ,خَذَقَتْ,خَذَقَا,خَذَقَتَا,خَذَقُوا,خَذَقْنَ,خَذَقْتَ,خَذَقْتِ,خَذَقْتُمَا,خَذَقْتُمْ,خَذَقْتُنَّ,خَذَقْتُ,خَذَقْنَا
قرب,قَرُبَ,فَعُلَ يَفْعُلُ ( ضمَ ضمٍَ ),لازم,قَرْت,قَرُبَ,قَرُبَتْ,قَرُبَا,قَرُبَتَا,قَرُبُوا,قَرُبْنَ,قَرُبْتَ,قَرُبْتِ,قَرُبْتُمَا,قَرُبْتُمْ,قَرُبْتُنَّ,قَرُبْتُ,قَرُبْنَا
قرت,قَرَتَ,فَعَلَ يَفْعُلُ ( فتحُ ضمٍّ ),لازم,قَرَت,قَرَتَ,قَرَتَتْ,قَرَتَا,قَرَتَتَا,قَرَتُوا,قَرَتْنَ,قَرَتْتَ,قَرَتْتِ,قَرَتْتُمَا,قَرَتْتُمْ,قَرَتْتُنَّ,قَرَتْتُ,قَرَتْنَا
قرت,قَرِتَ,فَعِلَ يَفْعَلُ ( كسر فتح ),لازم,قَرْث,قَرِتَ,قَرِتَتْ,قَرِتَا,قَرِتَتَا,قَرِتُوا,قَرِتْنَ,قَرِتْتَ,قَرِتْتِ,قَرِتْتُمَا,قَرِتْتُمْ,قَرِتْتُنَّ,قَرِتْتُ,قَرِتْنَا
قرث,قَرَثَ,فَعَلَ يَفْعُلُ ( فتحُ ضمٍّ ),متعدي,قَرِث,قَرَثَ,قَرَثَتْ,قَرَثَا,قَرَثَتَا,قَرَثُوا,قَرَثْنَ,قَرَثْتَ,قَرَثْتِ,قَرَثْتُمَا,قَرَثْتُمْ,قَرَثْتُنَّ,قَرَثْتُ,قَرَثْنَا
قرث,قَرِثَ,فَعِلَ يَفْعَلُ ( كسر فتح ),لازم,قَرْح,قَرِثَ,قَرِثَتْ,قَرِثَا,قَرِثَتَا,قَرِثُوا,قَرِثْنَ,قَرِثْتَ,قَرِثْتِ,قَرِثْتُمَا,قَرِثْتُمْ,قَرِثْتُنَّ,قَرِثْتُ,قَرِثْنَا
قرح,قَرَحَ,فَعَلَ يَفْعَلُ ( فتحتان ),متعدي,قَرِح,قَرَحَ,قَرَحَتْ,قَرَحَا,قَرَحَتَا,قَرَحُوا,قَرَحْنَ,قَرَحْتَ,قَرَحْتِ,قَرَحْتُمَا,قَرَحْتُمْ,قَرَحْتُنَّ,قَرَحْتُ,قَرَحْنَا
قرح,قَرِحَ,فَعِلَ يَفْعَلُ ( كسر فتح ),لازم,قَرْد,قَرِحَ,قَرِحَتْ,قَرِحَا,قَرِحَتَا,قَرِحُوا,قَرِحْنَ,قَرِحْتَ,قَرِحْتِ,قَرِحْتُمَا,قَرِحْتُمْ,قَرِحْتُنَّ,قَرِحْتُ,قَرِحْنَا
قرد,قَرَدَ,فَعَلَ يَفْعِلُ ( فتحُ كَسْرٍ ),متعدي,قَرِد,قَرَدَ,قَرَدَتْ,قَرَدَا,قَرَدَتَا,قَرَدُوا,قَرَدْنَ,قَرَدْتَ,قَرَدْتِ,قَرَدْتُمَا,قَرَدْتُمْ,قَرَدْتُنَّ,قَرَدْتُ,قَرَدْنَا
قرد,قَرِدَ,فَعِلَ يَفْعَلُ ( كسر فتح ),لازم,قَرّ,قَرِدَ,قَرِدَتْ,قَرِدَا,قَرِدَتَا,قَرِدُوا,قَرِدْنَ,قَرِدْتَ,قَرِدْتِ,قَرِدْتُمَا,قَرِدْتُمْ,قَرِدْتُنَّ,قَرِدْتُ,قَرِدْنَا
قرس,قَرَسَ,فَعَلَ يَفْعِلُ ( فتحُ كَسْرٍ ),لازم,قَرِس,قَرَسَ,قَرَسَتْ,قَرَسَا,قَرَسَتَا,قَرَسُوا,قَرَسْنَ,قَرَسْتَ,قَرَسْتِ,قَرَسْتُمَا,قَرَسْتُمْ,قَرَسْتُنَّ,قَرَسْتُ,قَرَسْنَا
قرس,قَرِسَ,فَعِلَ يَفْعَلُ ( كسر فتح ),لازم,قَرْش,قَرِسَ,قَرِسَتْ,قَرِسَا,قَرِسَتَا,قَرِسُوا,قَرِسْنَ,قَرِسْتَ,قَرِسْتِ,قَرِسْتُمَا,قَرِسْتُمْ,قَرِسْتُنَّ,قَرِسْتُ,قَرِسْنَا
قرش,قَرَشَ,فَعَلَ يَفْعُلُ ( فتحُ ضمٍّ ),لازم,قَرَش,قَرَشَ,قَرَشَتْ,قَرَشَا,قَرَشَتَا,قَرَشُوا,قَرَشْنَ,قَرَشْتَ,قَرَشْتِ,قَرَشْتُمَا,قَرَشْتُمْ,قَرَشْتُنَّ,قَرَشْتُ,قَرَشْنَا
قرش,قَرَشَ,فَعَلَ يَفْعِلُ ( فتحُ كَسْرٍ ),لازم,قَرِش,قَرَشَ,قَرَشَتْ,قَرَشَا,قَرَشَتَا,قَرَشُوا,قَرَشْنَ,قَرَشْتَ,قَرَشْتِ,قَرَشْتُمَا,قَرَشْتُمْ,قَرَشْتُنَّ,قَرَشْتُ,قَرَشْنَا
قرش,قَرِشَ,فَعِلَ يَفْعَلُ ( كسر فتح ),متعدي,قَرْص,قَرِشَ,قَرِشَتْ,قَرِشَا,قَرِشَتَا,قَرِشُوا,قَرِشْنَ,قَرِشْتَ,قَرِشْتِ,قَرِشْتُمَا,قَرِشْتُمْ,قَرِشْتُنَّ,قَرِشْتُ,قَرِشْنَا
قرص,قَرَصَ,فَعَلَ يَفْعُلُ ( فتحُ ضمٍّ ),متعدي,قَرِص,قَرَصَ,قَرَصَتْ,قَرَصَا,قَرَصَتَا,قَرَصُوا,قَرَصْنَ,قَرَصْتَ,قَرَصْتِ,قَرَصْتُمَا,قَرَصْتُمْ,قَرَصْتُنَّ,قَرَصْتُ,قَرَصْنَا
قرص,قَرِصَ,فَعِلَ يَفْعَلُ ( كسر فتح ),لازم,قَرْض,قَرِصَ,قَرِصَتْ,قَرِصَا,قَرِصَتَا,قَرِصُوا,قَرِصْنَ,قَرِصْتَ,قَرِصْتِ,قَرِصْتُمَا,قَرِصْتُمْ,قَرِصْتُنَّ,قَرِصْتُ,قَرِصْنَا
قرض,قَرَضَ,فَعَلَ يَفْعِلُ ( فتحُ كَسْرٍ ),متعدي,قَرَض,قَرَضَ,قَرَضَتْ,قَرَضَا,قَرَضَتَا,قَرَضُوا,قَرَضْنَ,قَرَضْتَ,قَرَضْتِ,قَرَضْتُمَا,قَرَضْتُمْ,قَرَضْتُنَّ,قَرَضْتُ,قَرَضْنَا
قرض,قَرِضَ,فَعِلَ يَفْعَلُ ( كسر فتح ),لازم,قَرْط,قَرِضَ,قَرِضَتْ,قَرِضَا,قَرِضَتَا,قَرِضُوا,قَرِضْنَ,قَرِضْتَ,قَرِضْتِ,قَرِضْتُمَا,قَرِضْتُمْ,قَرِضْتُنَّ,قَرِضْتُ,قَرِضْنَا
قرط,قَرَطَ,فَعَلَ يَفْعُلُ ( فتحُ ضمٍّ ),متعدي,قَرِط,قَرَطَ,قَرَطَتْ,قَرَطَا,قَرَطَتَا,قَرَطُوا,قَرَطْنَ,قَرَطْتَ,قَرَطْتِ,قَرَطْتُمَا,قَرَطْتُمْ,قَرَطْتُنَّ,قَرَطْتُ,قَرَطْنَا
قرط,قَرِطَ,فَعِلَ يَفْعَلُ ( كسر فتح ),لازم,قَرْظ,قَرِطَ,قَرِطَتْ,قَرِطَا,قَرِطَتَا,قَرِطُوا,قَرِطْنَ,قَرِطْتَ,قَرِطْتِ,قَرِطْتُمَا,قَرِطْتُمْ,قَرِطْتُنَّ,قَرِطْتُ,قَرِطْنَا
قرظ,قَرَظَ,فَعَلَ يَفْعِلُ ( فتحُ كَسْرٍ ),متعدي,قَرِظ,قَرَظَ,قَرَظَتْ,قَرَظَا,قَرَظَتَا,قَرَظُوا,قَرَظْنَ,قَرَظْتَ,قَرَظْتِ,قَرَظْتُمَا,قَرَظْتُمْ,قَرَظْتُنَّ,قَرَظْتُ,قَرَظْنَا
قرظ,قَرِظَ,فَعِلَ يَفْعَلُ ( كسر فتح ),لازم,قَرْع,قَرِظَ,قَرِظَتْ,قَرِظَا,قَرِظَتَا,قَرِظُوا,قَرِظْنَ,قَرِظْتَ,قَرِظْتِ,قَرِظْتُمَا,قَرِظْتُمْ,قَرِظْتُنَّ,قَرِظْتُ,قَرِظْنَا
قرع,قَرَعَ,فَعَلَ يَفْعَلُ ( فتحتان ),متعدي,قَرَع,قَرَعَ,قَرَعَتْ,قَرَعَا,قَرَعَتَا,قَرَعُوا,قَرَعْنَ,قَرَعْتَ,قَرَعْتِ,قَرَعْتُمَا,قَرَعْتُمْ,قَرَعْتُنَّ,قَرَعْتُ,قَرَعْنَا
قرع,قَرِعَ,فَعِلَ يَفْعَلُ ( كسر فتح ),لازم,قَرْف,قَرِعَ,قَرِعَتْ,قَرِعَا,قَرِعَتَا,قَرِعُوا,قَرِعْنَ,قَرِعْتَ,قَرِعْتِ,قَرِعْتُمَا,قَرِعْتُمْ,قَرِعْتُنَّ,قَرِعْتُ,قَرِعْنَا
قرف,قَرَفَ,فَعَلَ يَفْعِلُ ( فتحُ كَسْرٍ ),متعدي,خَذْل,قَرَفَ,قَرَفَتْ,قَرَفَا,قَرَفَتَا,قَرَفُوا,قَرَفْنَ,قَرَفْتَ,قَرَفْتِ,قَرَفْتُمَا,قَرَفْتُمْ,قَرَفْتُنَّ,قَرَفْتُ,قَرَفْنَا
خذل,خَذَلَ,فَعَلَ يَفْعُلُ ( فتحُ ضمٍّ ),متعدي,قَرِف,خَذَلَ,خَذَلَتْ,خَذَلَا,خَذَلَتَا,خَذَلُوا,خَذَلْنَ,خَذَلْتَ,خَذَلْتِ,خَذَلْتُمَا,خَذَلْتُمْ,خَذَلْتُنَّ,خَذَلْتُ,خَذَلْنَا
قرف,قَرِفَ,فَعِلَ يَفْعَلُ ( كسر فتح ),متعدي,قَرْق,قَرِفَ,قَرِفَتْ,قَرِفَا,قَرِفَتَا,قَرِفُوا,قَرِفْنَ,قَرِفْتَ,قَرِفْتِ,قَرِفْتُمَا,قَرِفْتُمْ,قَرِفْتُنَّ,قَرِفْتُ,قَرِفْنَا
قرق,قَرَقَ,فَعَلَ يَفْعِلُ ( فتحُ كَسْرٍ ),لازم,قَرِق,قَرَقَ,قَرَقَتْ,قَرَقَا,قَرَقَتَا,قَرَقُوا,قَرَقْنَ,قَرَقْتَ,قَرَقْتِ,قَرَقْتُمَا,قَرَقْتُمْ,قَرَقْتُنَّ,قَرَقْتُ,قَرَقْنَا
قرق,قَرِقَ,فَعِلَ يَفْعَلُ ( كسر فتح ),لازم,قَرْم,قَرِقَ,قَرِقَتْ,قَرِقَا,قَرِقَتَا,قَرِقُوا,قَرِقْنَ,قَرِقْتَ,قَرِقْتِ,قَرِقْتُمَا,قَرِقْتُمْ,قَرِقْتُنَّ,قَرِقْتُ,قَرِقْنَا
قرم,قَرَمَ,فَعَلَ يَفْعُلُ ( فتحُ ضمٍّ ),متعدي,قَرَم,قَرَمَ,قَرَمَتْ,قَرَمَا,قَرَمَتَا,قَرَمُوا,قَرَمْنَ,قَرَمْتَ,قَرَمْتِ,قَرَمْتُمَا,قَرَمْتُمْ,قَرَمْتُنَّ,قَرَمْتُ,قَرَمْنَا
قرم,قَرَمَ,فَعَلَ يَفْعِلُ ( فتحُ كَسْرٍ ),لازم,قَرِم,قَرَمَ,قَرَمَتْ,قَرَمَا,قَرَمَتَا,قَرَمُوا,قَرَمْنَ,قَرَمْتَ,قَرَمْتِ,قَرَمْتُمَا,قَرَمْتُمْ,قَرَمْتُنَّ,قَرَمْتُ,قَرَمْنَا
قرم,قَرِمَ,فَعِلَ يَفْعَلُ ( كسر فتح ),لازم,قَرْن,قَرِمَ,قَرِمَتْ,قَرِمَا,قَرِمَتَا,قَرِمُوا,قَرِمْنَ,قَرِمْتَ,قَرِمْتِ,قَرِمْتُمَا,قَرِمْتُمْ,قَرِمْتُنَّ,قَرِمْتُ,قَرِمْنَا
قرن,قَرَنَ,فَعَلَ يَفْعُلُ ( فتحُ ضمٍّ ),متعدي,قَرَن,قَرَنَ,قَرَنَتْ,قَرَنَا,قَرَنَتَا,قَرَنُوا,قَرَنْنَ,قَرَنْتَ,قَرَنْتِ,قَرَنْتُمَا,قَرَنْتُمْ,قَرَنْتُنَّ,قَرَنْتُ,قَرَنْنَا
قرن,قَرَنَ,فَعَلَ يَفْعِلُ ( فتحُ كَسْرٍ ),متعدي,قَرِن,قَرَنَ,قَرَنَتْ,قَرَنَا,قَرَنَتَا,قَرَنُوا,قَرَنْنَ,قَرَنْتَ,قَرَنْتِ,قَرَنْتُمَا,قَرَنْتُمْ,قَرَنْتُنَّ,قَرَنْتُ,قَرَنْنَا
قرن,قَرِنَ,فَعِلَ يَفْعَلُ ( كسر فتح ),لازم,قَرَه,قَرِنَ,قَرِنَتْ,قَرِنَا,قَرِنَتَا,قَرِنُوا,قَرِنْنَ,قَرِنْتَ,قَرِنْتِ,قَرِنْتُمَا,قَرِنْتُمْ,قَرِنْتُنَّ,قَرِنْتُ,قَرِنْنَا
قره,قَرِهَ,فَعِلَ يَفْعَلُ ( كسر فتح ),لازم,قَرَى,قَرِهَ,قَرِهَتْ,قَرِهَا,قَرِهَتَا,قَرِهُوا,قَرِهْنَ,قَرِهْتَ,قَرِهْتِ,قَرِهْتُمَا,قَرِهْتُمْ,قَرِهْتُنَّ,قَرِهْتُ,قَرِهْنَا
قزب,قَزِبَ,فَعِلَ يَفْعَلُ ( كسر فتح ),لازم,قَزْح,قَزِبَ,قَزِبَتْ,قَزِبَا,قَزِبَتَا,قَزِبُوا,قَزِبْنَ,قَزِبْتَ,قَزِبْتِ,قَزِبْتُمَا,قَزِبْتُمْ,قَزِبْتُنَّ,قَزِبْتُ,قَزِبْنَا
قزح,قَزَحَ,فَعَلَ يَفْعَلُ ( فتحتان ),لازم,قَزِح,قَزَحَ,قَزَحَتْ,قَزَحَا,قَزَحَتَا,قَزَحُوا,قَزَحْنَ,قَزَحْتَ,قَزَحْتِ,قَزَحْتُمَا,قَزَحْتُمْ,قَزَحْتُنَّ,قَزَحْتُ,قَزَحْنَا
قزح,قَزِحَ,فَعِلَ يَفْعَلُ ( كسر فتح ),لازم,قَزّ,قَزِحَ,قَزِحَتْ,قَزِحَا,قَزِحَتَا,قَزِحُوا,قَزِحْنَ,قَزِحْتَ,قَزِحْتِ,قَزِحْتُمَا,قَزِحْتُمْ,قَزِحْتُنَّ,قَزِحْتُ,قَزِحْنَا
قزع,قَزَعَ,فَعَلَ يَفْعَلُ ( فتحتان ),لازم,قَزِع,قَزَعَ,قَزَعَتْ,قَزَعَا,قَزَعَتَا,قَزَعُوا,قَزَعْنَ,قَزَعْتَ,قَزَعْتِ,قَزَعْتُمَا,قَزَعْتُمْ,قَزَعْتُنَّ,قَزَعْتُ,قَزَعْنَا
قزع,قَزِعَ,فَعِلَ يَفْعَلُ ( كسر فتح ),لازم,قَزْل,قَزِعَ,قَزِعَتْ,قَزِعَا,قَزِعَتَا,قَزِعُوا,قَزِعْنَ,قَزِعْتَ,قَزِعْتِ,قَزِعْتُمَا,قَزِعْتُمْ,قَزِعْتُنَّ,قَزِعْتُ,قَزِعْنَا
قزل,قَزَلَ,فَعَلَ يَفْعِلُ ( فتحُ كَسْرٍ ),لازم,قَزِل,قَزَلَ,قَزَلَتْ,قَزَلَا,قَزَلَتَا,قَزَلُوا,قَزَلْنَ,قَزَلْتَ,قَزَلْتِ,قَزَلْتُمَا,قَزَلْتُمْ,قَزَلْتُنَّ,قَزَلْتُ,قَزَلْنَا
قزل,قَزِلَ,فَعِلَ يَفْعَلُ ( كسر فتح ),لازم,قَزَم,قَزِلَ,قَزِلَتْ,قَزِلَا,قَزِلَتَا,قَزِلُوا,قَزِلْنَ,قَزِلْتَ,قَزِلْتِ,قَزِلْتُمَا,قَزِلْتُمْ,قَزِلْتُنَّ,قَزِلْتُ,قَزِلْنَا
قزم,قَزَمَ,فَعَلَ يَفْعُلُ ( فتحُ ضمٍّ ),متعدي,قَزِم,قَزَمَ,قَزَمَتْ,قَزَمَا,قَزَمَتَا,قَزَمُوا,قَزَمْنَ,قَزَمْتَ,قَزَمْتِ,قَزَمْتُمَا,قَزَمْتُمْ,قَزَمْتُنَّ,قَزَمْتُ,قَزَمْنَا
قزم,قَزِمَ,فَعِلَ يَفْعَلُ ( كسر فتح ),لازم,قَزْو,قَزِمَ,قَزِمَتْ,قَزِمَا,قَزِمَتَا,قَزِمُوا,قَزِمْنَ,قَزِمْتَ,قَزِمْتِ,قَزِمْتُمَا,قَزِمْتُمْ,قَزِمْتُنَّ,قَزِمْتُ,قَزِمْنَا
قسب,قَسَبَ,فَعَلَ يَفْعِلُ ( فتحُ كَسْرٍ ),لازم,قَسَابة,قَسَبَ,قَسَبَتْ,قَسَبَا,قَسَبَتَا,قَسَبُوا,قَسَبْنَ,قَسَبْتَ,قَسَبْتِ,قَسَبْتُمَا,قَسَبْتُمْ,قَسَبْتُنَّ,قَسَبْتُ,قَسَبْنَا
قسب,قَسُبَ,فَعُلَ يَفْعُلُ ( ضمَ ضمٍَ ),لازم,قَسْح,قَسُبَ,قَسُبَتْ,قَسُبَا,قَسُبَتَا,قَسُبُوا,قَسُبْنَ,قَسُبْتَ,قَسُبْتِ,قَسُبْتُمَا,قَسُبْتُمْ,قَسُبْتُنَّ,قَسُبْتُ,قَسُبْنَا
قسح,قَسَحَ,فَعَلَ يَفْعَلُ ( فتحتان ),متعدي,قَسْر,قَسَحَ,قَسَحَتْ,قَسَحَا,قَسَحَتَا,قَسَحُوا,قَسَحْنَ,قَسَحْتَ,قَسَحْتِ,قَسَحْتُمَا,قَسَحْتُمْ,قَسَحْتُنَّ,قَسَحْتُ,قَسَحْنَا
قسر,قَسَرَ,فَعَلَ يَفْعِلُ ( فتحُ كَسْرٍ ),متعدي,قَسّ,قَسَرَ,قَسَرَتْ,قَسَرَا,قَسَرَتَا,قَسَرُوا,قَسَرْنَ,قَسَرْتَ,قَسَرْتِ,قَسَرْتُمَا,قَسَرْتُمْ,قَسَرْتُنَّ,قَسَرْتُ,قَسَرْنَا
خذم,خَذَمَ,فَعَلَ يَفْعِلُ ( فتحُ كَسْرٍ ),متعدي,قَسْط,خَذَمَ,خَذَمَتْ,خَذَمَا,خَذَمَتَا,خَذَمُوا,خَذَمْنَ,خَذَمْتَ,خَذَمْتِ,خَذَمْتُمَا,خَذَمْتُمْ,خَذَمْتُنَّ,خَذَمْتُ,خَذَمْنَا
قسط,قَسَطَ,فَعَلَ يَفْعِلُ ( فتحُ كَسْرٍ ),لازم,قُسُوط,قَسَطَ,قَسَطَتْ,قَسَطَا,قَسَطَتَا,قَسَطُوا,قَسَطْنَ,قَسَطْتَ,قَسَطْتِ,قَسَطْتُمَا,قَسَطْتُمْ,قَسَطْتُنَّ,قَسَطْتُ,قَسَطْنَا
قسط,قَسِطَ,فَعِلَ يَفْعَلُ ( كسر فتح ),لازم,قَسْم,قَسِطَ,قَسِطَتْ,قَسِطَا,قَسِطَتَا,قَسِطُوا,قَسِطْنَ,قَسِطْتَ,قَسِطْتِ,قَسِطْتُمَا,قَسِطْتُمْ,قَسِطْتُنَّ,قَسِطْتُ,قَسِطْنَا
قسم,قَسَمَ,فَعَلَ يَفْعِلُ ( فتحُ كَسْرٍ ),متعدي,قَسَامة,قَسَمَ,قَسَمَتْ,قَسَمَا,قَسَمَتَا,قَسَمُوا,قَسَمْنَ,قَسَمْتَ,قَسَمْتِ,قَسَمْتُمَا,قَسَمْتُمْ,قَسَمْتُنَّ,قَسَمْتُ,قَسَمْنَا
قسم,قَسُمَ,فَعُلَ يَفْعُلُ ( ضمَ ضمٍَ ),لازم,قَسْو,قَسُمَ,قَسُمَتْ,قَسُمَا,قَسُمَتَا,قَسُمُوا,قَسُمْنَ,قَسُمْتَ,قَسُمْتِ,قَسُمْتُمَا,قَسُمْتُمْ,قَسُمْتُنَّ,قَسُمْتُ,قَسُمْنَا
قشب,قَشَبَ,فَعَلَ يَفْعِلُ ( فتحُ كَسْرٍ ),متعدي,قَشَب,قَشَبَ,قَشَبَتْ,قَشَبَا,قَشَبَتَا,قَشَبُوا,قَشَبْنَ,قَشَبْتَ,قَشَبْتِ,قَشَبْتُمَا,قَشَبْتُمْ,قَشَبْتُنَّ,قَشَبْتُ,قَشَبْنَا
قشب,قَشِبَ,فَعِلَ يَفْعَلُ ( كسر فتح ),متعدي,قَشَابة,قَشِبَ,قَشِبَتْ,قَشِبَا,قَشِبَتَا,قَشِبُوا,قَشِبْنَ,قَشِبْتَ,قَشِبْتِ,قَشِبْتُمَا,قَشِبْتُمْ,قَشِبْتُنَّ,قَشِبْتُ,قَشِبْنَا
قشب,قَشُبَ,فَعُلَ يَفْعُلُ ( ضمَ ضمٍَ ),لازم,قَشَد,قَشُبَ,قَشُبَتْ,قَشُبَا,قَشُبَتَا,قَشُبُوا,قَشُبْنَ,قَشُبْتَ,قَشُبْتِ,قَشُبْتُمَا,قَشُبْتُمْ,قَشُبْتُنَّ,قَشُبْتُ,قَشُبْنَا
قشد,قَشَدَ,فَعَلَ يَفْعِلُ ( فتحُ كَسْرٍ ),متعدي,قَشْر,قَشَدَ,قَشَدَتْ,قَشَدَا,قَشَدَتَا,قَشَدُوا,قَشَدْنَ,قَشَدْتَ,قَشَدْتِ,قَشَدْتُمَا,قَشَدْتُمْ,قَشَدْتُنَّ,قَشَدْتُ,قَشَدْنَا
قشر,قَشَرَ,فَعَلَ يَفْعُلُ ( فتحُ ضمٍّ ),متعدي,قُشُور,قَشَرَ,قَشَرَتْ,قَشَرَا,قَشَرَتَا,قَشَرُوا,قَشَرْنَ,قَشَرْتَ,قَشَرْتِ,قَشَرْتُمَا,قَشَرْتُمْ,قَشَرْتُنَّ,قَشَرْتُ,قَشَرْنَا
قشر,قَشَرَ,فَعَلَ يَفْعِلُ ( فتحُ كَسْرٍ ),متعدي,قَشَر,قَشَرَ,قَشَرَتْ,قَشَرَا,قَشَرَتَا,قَشَرُوا,قَشَرْنَ,قَشَرْتَ,قَشَرْتِ,قَشَرْتُمَا,قَشَرْتُمْ,قَشَرْتُنَّ,قَشَرْتُ,قَشَرْنَا
قشر,قَشِرَ,فَعِلَ يَفْعَلُ ( كسر فتح ),لازم,قَشّ,قَشِرَ,قَشِرَتْ,قَشِرَا,قَشِرَتَا,قَشِرُوا,قَشِرْنَ,قَشِرْتَ,قَشِرْتِ,قَشِرْتُمَا,قَشِرْتُمْ,قَشِرْتُنَّ,قَشِرْتُ,قَشِرْنَا
قشط,قَشَطَ,فَعَلَ يَفْعِلُ ( فتحُ كَسْرٍ ),متعدي,قَشْط,قَشَطَ,قَشَطَتْ,قَشَطَا,قَشَطَتَا,قَشَطُوا,قَشَطْنَ,قَشَطْتَ,قَشَطْتِ,قَشَطْتُمَا,قَشَطْتُمْ,قَشَطْتُنَّ,قَشَطْتُ,قَشَطْنَا
قشع,قَشَعَ,فَعَلَ يَفْعَلُ ( فتحتان ),مشترك ,قَشْع,قَشَعَ,قَشَعَتْ,قَشَعَا,قَشَعَتَا,قَشَعُوا,قَشَعْنَ,قَشَعْتَ,قَشَعْتِ,قَشَعْتُمَا,قَشَعْتُمْ,قَشَعْتُنَّ,قَشَعْتُ,قَشَعْنَا
قشع,قَشِعَ,فَعِلَ يَفْعَلُ ( كسر فتح ),لازم,قُشُوع,قَشِعَ,قَشِعَتْ,قَشِعَا,قَشِعَتَا,قَشِعُوا,قَشِعْنَ,قَشِعْتَ,قَشِعْتِ,قَشِعْتُمَا,قَشِعْتُمْ,قَشِعْتُنَّ,قَشِعْتُ,قَشِعْنَا
قشف,قَشِفَ,فَعِلَ يَفْعَلُ ( كسر فتح ),لازم,قَشَف,قَشِفَ,قَشِفَتْ,قَشِفَا,قَشِفَتَا,قَشِفُوا,قَشِفْنَ,قَشِفْتَ,قَشِفْتِ,قَشِفْتُمَا,قَشِفْتُمْ,قَشِفْتُنَّ,قَشِفْتُ,قَشِفْنَا
قشف,قَشُفَ,فَعُلَ يَفْعُلُ ( ضمَ ضمٍَ ),لازم,قَشَافَة,قَشُفَ,قَشُفَتْ,قَشُفَا,قَشُفَتَا,قَشُفُوا,قَشُفْنَ,قَشُفْتَ,قَشُفْتِ,قَشُفْتُمَا,قَشُفْتُمْ,قَشُفْتُنَّ,قَشُفْتُ,قَشُفْنَا
قشم,قَشَمَ,فَعَلَ يَفْعِلُ ( فتحُ كَسْرٍ ),مشترك ,قَشْم,قَشَمَ,قَشَمَتْ,قَشَمَا,قَشَمَتَا,قَشَمُوا,قَشَمْنَ,قَشَمْتَ,قَشَمْتِ,قَشَمْتُمَا,قَشَمْتُمْ,قَشَمْتُنَّ,قَشَمْتُ,قَشَمْنَا
قصب,قَصَبَ,فَعَلَ يَفْعِلُ ( فتحُ كَسْرٍ ),متعدي,قَصْب,قَصَبَ,قَصَبَتْ,قَصَبَا,قَصَبَتَا,قَصَبُوا,قَصَبْنَ,قَصَبْتَ,قَصَبْتِ,قَصَبْتُمَا,قَصَبْتُمْ,قَصَبْتُنَّ,قَصَبْتُ,قَصَبْنَا
قصد,قَصَدَ,فَعَلَ يَفْعِلُ ( فتحُ كَسْرٍ ),مشترك ,قَصْد,قَصَدَ,قَصَدَتْ,قَصَدَا,قَصَدَتَا,قَصَدُوا,قَصَدْنَ,قَصَدْتَ,قَصَدْتِ,قَصَدْتُمَا,قَصَدْتُمْ,قَصَدْتُنَّ,قَصَدْتُ,قَصَدْنَا
قصد,قَصُدَ,فَعُلَ يَفْعُلُ ( ضمَ ضمٍَ ),لازم,قَصَادَة,قَصُدَ,قَصُدَتْ,قَصُدَا,قَصُدَتَا,قَصُدُوا,قَصُدْنَ,قَصُدْتَ,قَصُدْتِ,قَصُدْتُمَا,قَصُدْتُمْ,قَصُدْتُنَّ,قَصُدْتُ,قَصُدْنَا
قصر,قَصَرَ,فَعَلَ يَفْعُلُ ( فتحُ ضمٍّ ),مشترك ,قَصْر,قَصَرَ,قَصَرَتْ,قَصَرَا,قَصَرَتَا,قَصَرُوا,قَصَرْنَ,قَصَرْتَ,قَصَرْتِ,قَصَرْتُمَا,قَصَرْتُمْ,قَصَرْتُنَّ,قَصَرْتُ,قَصَرْنَا
قصر,قَصَرَ,فَعَلَ يَفْعِلُ ( فتحُ كَسْرٍ ),مشترك ,قُصُور,قَصَرَ,قَصَرَتْ,قَصَرَا,قَصَرَتَا,قَصَرُوا,قَصَرْنَ,قَصَرْتَ,قَصَرْتِ,قَصَرْتُمَا,قَصَرْتُمْ,قَصَرْتُنَّ,قَصَرْتُ,قَصَرْنَا
قصر,قَصِرَ,فَعِلَ يَفْعَلُ ( كسر فتح ),لازم,قَصَر,قَصِرَ,قَصِرَتْ,قَصِرَا,قَصِرَتَا,قَصِرُوا,قَصِرْنَ,قَصِرْتَ,قَصِرْتِ,قَصِرْتُمَا,قَصِرْتُمْ,قَصِرْتُنَّ,قَصِرْتُ,قَصِرْنَا
قصر,قَصُرَ,فَعُلَ يَفْعُلُ ( ضمَ ضمٍَ ),لازم,قَصَارَة,قَصُرَ,قَصُرَتْ,قَصُرَا,قَصُرَتَا,قَصُرُوا,قَصُرْنَ,قَصُرْتَ,قَصُرْتِ,قَصُرْتُمَا,قَصُرْتُمْ,قَصُرْتُنَّ,قَصُرْتُ,قَصُرْنَا
قصع,قَصَعَ,فَعَلَ يَفْعَلُ ( فتحتان ),مشترك ,قَصْع,قَصَعَ,قَصَعَتْ,قَصَعَا,قَصَعَتَا,قَصَعُوا,قَصَعْنَ,قَصَعْتَ,قَصَعْتِ,قَصَعْتُمَا,قَصَعْتُمْ,قَصَعْتُنَّ,قَصَعْتُ,قَصَعْنَا
قصع,قَصِعَ,فَعِلَ يَفْعَلُ ( كسر فتح ),لازم,قَصَع,قَصِعَ,قَصِعَتْ,قَصِعَا,قَصِعَتَا,قَصِعُوا,قَصِعْنَ,قَصِعْتَ,قَصِعْتِ,قَصِعْتُمَا,قَصِعْتُمْ,قَصِعْتُنَّ,قَصِعْتُ,قَصِعْنَا
خذم,خَذِمَ,فَعِلَ يَفْعَلُ ( كسر فتح ),لازم,خَذْم,خَذِمَ,خَذِمَتْ,خَذِمَا,خَذِمَتَا,خَذِمُوا,خَذِمْنَ,خَذِمْتَ,خَذِمْتِ,خَذِمْتُمَا,خَذِمْتُمْ,خَذِمْتُنَّ,خَذِمْتُ,خَذِمْنَا
قصع,قَصُعَ,فَعُلَ يَفْعُلُ ( ضمَ ضمٍَ ),لازم,قَصَاعَة,قَصُعَ,قَصُعَتْ,قَصُعَا,قَصُعَتَا,قَصُعُوا,قَصُعْنَ,قَصُعْتَ,قَصُعْتِ,قَصُعْتُمَا,قَصُعْتُمْ,قَصُعْتُنَّ,قَصُعْتُ,قَصُعْنَا
قصف,قَصَفَ,فَعَلَ يَفْعِلُ ( فتحُ كَسْرٍ ),مشترك ,قَصْف,قَصَفَ,قَصَفَتْ,قَصَفَا,قَصَفَتَا,قَصَفُوا,قَصَفْنَ,قَصَفْتَ,قَصَفْتِ,قَصَفْتُمَا,قَصَفْتُمْ,قَصَفْتُنَّ,قَصَفْتُ,قَصَفْنَا
قصف,قَصِفَ,فَعِلَ يَفْعَلُ ( كسر فتح ),لازم,قَصِيف,قَصِفَ,قَصِفَتْ,قَصِفَا,قَصِفَتَا,قَصِفُوا,قَصِفْنَ,قَصِفْتَ,قَصِفْتِ,قَصِفْتُمَا,قَصِفْتُمْ,قَصِفْتُنَّ,قَصِفْتُ,قَصِفْنَا
قصل,قَصَلَ,فَعَلَ يَفْعِلُ ( فتحُ كَسْرٍ ),مشترك ,قَصْل,قَصَلَ,قَصَلَتْ,قَصَلَا,قَصَلَتَا,قَصَلُوا,قَصَلْنَ,قَصَلْتَ,قَصَلْتِ,قَصَلْتُمَا,قَصَلْتُمْ,قَصَلْتُنَّ,قَصَلْتُ,قَصَلْنَا
قصم,قَصَمَ,فَعَلَ يَفْعِلُ ( فتحُ كَسْرٍ ),مشترك ,قَصْم,قَصَمَ,قَصَمَتْ,قَصَمَا,قَصَمَتَا,قَصَمُوا,قَصَمْنَ,قَصَمْتَ,قَصَمْتِ,قَصَمْتُمَا,قَصَمْتُمْ,قَصَمْتُنَّ,قَصَمْتُ,قَصَمْنَا
قصم,قَصِمَ,فَعِلَ يَفْعَلُ ( كسر فتح ),لازم,قَصَم,قَصِمَ,قَصِمَتْ,قَصِمَا,قَصِمَتَا,قَصِمُوا,قَصِمْنَ,قَصِمْتَ,قَصِمْتِ,قَصِمْتُمَا,قَصِمْتُمْ,قَصِمْتُنَّ,قَصِمْتُ,قَصِمْنَا
قضب,قَضَبَ,فَعَلَ يَفْعِلُ ( فتحُ كَسْرٍ ),متعدي,قَضْب,قَضَبَ,قَضَبَتْ,قَضَبَا,قَضَبَتَا,قَضَبُوا,قَضَبْنَ,قَضَبْتَ,قَضَبْتِ,قَضَبْتُمَا,قَضَبْتُمْ,قَضَبْتُنَّ,قَضَبْتُ,قَضَبْنَا
قضع,قَضَعَ,فَعَلَ يَفْعَلُ ( فتحتان ),متعدي,قَضْع,قَضَعَ,قَضَعَتْ,قَضَعَا,قَضَعَتَا,قَضَعُوا,قَضَعْنَ,قَضَعْتَ,قَضَعْتِ,قَضَعْتُمَا,قَضَعْتُمْ,قَضَعْتُنَّ,قَضَعْتُ,قَضَعْنَا
قضف,قَضُفَ,فَعُلَ يَفْعُلُ ( ضمَ ضمٍَ ),لازم,قَضَافَة,قَضُفَ,قَضُفَتْ,قَضُفَا,قَضُفَتَا,قَضُفُوا,قَضُفْنَ,قَضُفْتَ,قَضُفْتِ,قَضُفْتُمَا,قَضُفْتُمْ,قَضُفْتُنَّ,قَضُفْتُ,قَضُفْنَا
قضم,قَضَمَ,فَعَلَ يَفْعِلُ ( فتحُ كَسْرٍ ),مشترك ,قَضْم,قَضَمَ,قَضَمَتْ,قَضَمَا,قَضَمَتَا,قَضَمُوا,قَضَمْنَ,قَضَمْتَ,قَضَمْتِ,قَضَمْتُمَا,قَضَمْتُمْ,قَضَمْتُنَّ,قَضَمْتُ,قَضَمْنَا
قضم,قَضِمَ,فَعِلَ يَفْعَلُ ( كسر فتح ),مشترك ,قَضَم,قَضِمَ,قَضِمَتْ,قَضِمَا,قَضِمَتَا,قَضِمُوا,قَضِمْنَ,قَضِمْتَ,قَضِمْتِ,قَضِمْتُمَا,قَضِمْتُمْ,قَضِمْتُنَّ,قَضِمْتُ,قَضِمْنَا
قطب,قَطَبَ,فَعَلَ يَفْعِلُ ( فتحُ كَسْرٍ ),مشترك ,قَطْب,قَطَبَ,قَطَبَتْ,قَطَبَا,قَطَبَتَا,قَطَبُوا,قَطَبْنَ,قَطَبْتَ,قَطَبْتِ,قَطَبْتُمَا,قَطَبْتُمْ,قَطَبْتُنَّ,قَطَبْتُ,قَطَبْنَا
قطر,قَطَرَ,فَعَلَ يَفْعُلُ ( فتحُ ضمٍّ ),مشترك ,قَطْر,قَطَرَ,قَطَرَتْ,قَطَرَا,قَطَرَتَا,قَطَرُوا,قَطَرْنَ,قَطَرْتَ,قَطَرْتِ,قَطَرْتُمَا,قَطَرْتُمْ,قَطَرْتُنَّ,قَطَرْتُ,قَطَرْنَا
قطع,قَطَعَ,فَعَلَ يَفْعَلُ ( فتحتان ),مشترك ,قَطْع,قَطَعَ,قَطَعَتْ,قَطَعَا,قَطَعَتَا,قَطَعُوا,قَطَعْنَ,قَطَعْتَ,قَطَعْتِ,قَطَعْتُمَا,قَطَعْتُمْ,قَطَعْتُنَّ,قَطَعْتُ,قَطَعْنَا
قطع,قَطِعَ,فَعِلَ يَفْعَلُ ( كسر فتح ),لازم,قَطَع,قَطِعَ,قَطِعَتْ,قَطِعَا,قَطِعَتَا,قَطِعُوا,قَطِعْنَ,قَطِعْتَ,قَطِعْتِ,قَطِعْتُمَا,قَطِعْتُمْ,قَطِعْتُنَّ,قَطِعْتُ,قَطِعْنَا
قطع,قَطُعَ,فَعُلَ يَفْعُلُ ( ضمَ ضمٍَ ),لازم,قَطَاعَة,قَطُعَ,قَطُعَتْ,قَطُعَا,قَطُعَتَا,قَطُعُوا,قَطُعْنَ,قَطُعْتَ,قَطُعْتِ,قَطُعْتُمَا,قَطُعْتُمْ,قَطُعْتُنَّ,قَطُعْتُ,قَطُعْنَا
قطف,قَطَفَ,فَعَلَ يَفْعُلُ ( فتحُ ضمٍّ ),مشترك ,قَطْف,قَطَفَ,قَطَفَتْ,قَطَفَا,قَطَفَتَا,قَطَفُوا,قَطَفْنَ,قَطَفْتَ,قَطَفْتِ,قَطَفْتُمَا,قَطَفْتُمْ,قَطَفْتُنَّ,قَطَفْتُ,قَطَفْنَا
قطف,قَطَفَ,فَعَلَ يَفْعِلُ ( فتحُ كَسْرٍ ),مشترك ,قَطِيف,قَطَفَ,قَطَفَتْ,قَطَفَا,قَطَفَتَا,قَطَفُوا,قَطَفْنَ,قَطَفْتَ,قَطَفْتِ,قَطَفْتُمَا,قَطَفْتُمْ,قَطَفْتُنَّ,قَطَفْتُ,قَطَفْنَا
قطف,قَطُفَ,فَعُلَ يَفْعُلُ ( ضمَ ضمٍَ ),لازم,قَطَافَة,قَطُفَ,قَطُفَتْ,قَطُفَا,قَطُفَتَا,قَطُفُوا,قَطُفْنَ,قَطُفْتَ,قَطُفْتِ,قَطُفْتُمَا,قَطُفْتُمْ,قَطُفْتُنَّ,قَطُفْتُ,قَطُفْنَا
قطل,قَطَلَ,فَعَلَ يَفْعُلُ ( فتحُ ضمٍّ ),متعدي,قَطْل,قَطَلَ,قَطَلَتْ,قَطَلَا,قَطَلَتَا,قَطَلُوا,قَطَلْنَ,قَطَلْتَ,قَطَلْتِ,قَطَلْتُمَا,قَطَلْتُمْ,قَطَلْتُنَّ,قَطَلْتُ,قَطَلْنَا
قطل,قَطَلَ,فَعَلَ يَفْعِلُ ( فتحُ كَسْرٍ ),متعدي,قُطُول,قَطَلَ,قَطَلَتْ,قَطَلَا,قَطَلَتَا,قَطَلُوا,قَطَلْنَ,قَطَلْتَ,قَطَلْتِ,قَطَلْتُمَا,قَطَلْتُمْ,قَطَلْتُنَّ,قَطَلْتُ,قَطَلْنَا
قطم,قَطَمَ,فَعَلَ يَفْعِلُ ( فتحُ كَسْرٍ ),مشترك ,قَطْم,قَطَمَ,قَطَمَتْ,قَطَمَا,قَطَمَتَا,قَطَمُوا,قَطَمْنَ,قَطَمْتَ,قَطَمْتِ,قَطَمْتُمَا,قَطَمْتُمْ,قَطَمْتُنَّ,قَطَمْتُ,قَطَمْنَا
قطم,قَطِمَ,فَعِلَ يَفْعَلُ ( كسر فتح ),لازم,قَطَم,قَطِمَ,قَطِمَتْ,قَطِمَا,قَطِمَتَا,قَطِمُوا,قَطِمْنَ,قَطِمْتَ,قَطِمْتِ,قَطِمْتُمَا,قَطِمْتُمْ,قَطِمْتُنَّ,قَطِمْتُ,قَطِمْنَا
قطن,قَطَنَ,فَعَلَ يَفْعُلُ ( فتحُ ضمٍّ ),مشترك ,قَطْن,قَطَنَ,قَطَنَتْ,قَطَنَا,قَطَنَتَا,قَطَنُوا,قَطَنْنَ,قَطَنْتَ,قَطَنْتِ,قَطَنْتُمَا,قَطَنْتُمْ,قَطَنْتُنَّ,قَطَنْتُ,قَطَنْنَا
قطن,قَطِنَ,فَعِلَ يَفْعَلُ ( كسر فتح ),لازم,قَطَن,قَطِنَ,قَطِنَتْ,قَطِنَا,قَطِنَتَا,قَطِنُوا,قَطِنْنَ,قَطِنْتَ,قَطِنْتِ,قَطِنْتُمَا,قَطِنْتُمْ,قَطِنْتُنَّ,قَطِنْتُ,قَطِنْنَا
قعث,قَعَثَ,فَعَلَ يَفْعَلُ ( فتحتان ),مشترك ,قَعْث,قَعَثَ,قَعَثَتْ,قَعَثَا,قَعَثَتَا,قَعَثُوا,قَعَثْنَ,قَعَثْتَ,قَعَثْتِ,قَعَثْتُمَا,قَعَثْتُمْ,قَعَثْتُنَّ,قَعَثْتُ,قَعَثْنَا
قعد,قَعَدَ,فَعَلَ يَفْعُلُ ( فتحُ ضمٍّ ),لازم,قُعُود,قَعَدَ,قَعَدَتْ,قَعَدَا,قَعَدَتَا,قَعَدُوا,قَعَدْنَ,قَعَدْتَ,قَعَدْتِ,قَعَدْتُمَا,قَعَدْتُمْ,قَعَدْتُنَّ,قَعَدْتُ,قَعَدْنَا
قعد,قَعِدَ,فَعِلَ يَفْعَلُ ( كسر فتح ),لازم,قَعَد,قَعِدَ,قَعِدَتْ,قَعِدَا,قَعِدَتَا,قَعِدُوا,قَعِدْنَ,قَعِدْتَ,قَعِدْتِ,قَعِدْتُمَا,قَعِدْتُمْ,قَعِدْتُنَّ,قَعِدْتُ,قَعِدْنَا
قعر,قَعَرَ,فَعَلَ يَفْعَلُ ( فتحتان ),مشترك ,قَعْر,قَعَرَ,قَعَرَتْ,قَعَرَا,قَعَرَتَا,قَعَرُوا,قَعَرْنَ,قَعَرْتَ,قَعَرْتِ,قَعَرْتُمَا,قَعَرْتُمْ,قَعَرْتُنَّ,قَعَرْتُ,قَعَرْنَا
قعر,قَعُرَ,فَعُلَ يَفْعُلُ ( ضمَ ضمٍَ ),لازم,قَعَارَة,قَعُرَ,قَعُرَتْ,قَعُرَا,قَعُرَتَا,قَعُرُوا,قَعُرْنَ,قَعُرْتَ,قَعُرْتِ,قَعُرْتُمَا,قَعُرْتُمْ,قَعُرْتُنَّ,قَعُرْتُ,قَعُرْنَا
قعز,قَعَزَ,فَعَلَ يَفْعَلُ ( فتحتان ),متعدي,قَعْز,قَعَزَ,قَعَزَتْ,قَعَزَا,قَعَزَتَا,قَعَزُوا,قَعَزْنَ,قَعَزْتَ,قَعَزْتِ,قَعَزْتُمَا,قَعَزْتُمْ,قَعَزْتُنَّ,قَعَزْتُ,قَعَزْنَا
قعس,قَعَسَ,فَعَلَ يَفْعَلُ ( فتحتان ),متعدي,قَعْس,قَعَسَ,قَعَسَتْ,قَعَسَا,قَعَسَتَا,قَعَسُوا,قَعَسْنَ,قَعَسْتَ,قَعَسْتِ,قَعَسْتُمَا,قَعَسْتُمْ,قَعَسْتُنَّ,قَعَسْتُ,قَعَسْنَا
قعس,قَعِسَ,فَعِلَ يَفْعَلُ ( كسر فتح ),لازم,قَعَس,قَعِسَ,قَعِسَتْ,قَعِسَا,قَعِسَتَا,قَعِسُوا,قَعِسْنَ,قَعِسْتَ,قَعِسْتِ,قَعِسْتُمَا,قَعِسْتُمْ,قَعِسْتُنَّ,قَعِسْتُ,قَعِسْنَا
قعش,قَعَشَ,فَعَلَ يَفْعَلُ ( فتحتان ),مشترك ,قَعْش,قَعَشَ,قَعَشَتْ,قَعَشَا,قَعَشَتَا,قَعَشُوا,قَعَشْنَ,قَعَشْتَ,قَعَشْتِ,قَعَشْتُمَا,قَعَشْتُمْ,قَعَشْتُنَّ,قَعَشْتُ,قَعَشْنَا
قعص,قَعَصَ,فَعَلَ يَفْعَلُ ( فتحتان ),متعدي,قَعْص,قَعَصَ,قَعَصَتْ,قَعَصَا,قَعَصَتَا,قَعَصُوا,قَعَصْنَ,قَعَصْتَ,قَعَصْتِ,قَعَصْتُمَا,قَعَصْتُمْ,قَعَصْتُنَّ,قَعَصْتُ,قَعَصْنَا
قعص,قَعِصَ,فَعِلَ يَفْعَلُ ( كسر فتح ),لازم,قَعَص,قَعِصَ,قَعِصَتْ,قَعِصَا,قَعِصَتَا,قَعِصُوا,قَعِصْنَ,قَعِصْتَ,قَعِصْتِ,قَعِصْتُمَا,قَعِصْتُمْ,قَعِصْتُنَّ,قَعِصْتُ,قَعِصْنَا
قعط,قَعَطَ,فَعَلَ يَفْعَلُ ( فتحتان ),متعدي,قَعْط,قَعَطَ,قَعَطَتْ,قَعَطَا,قَعَطَتَا,قَعَطُوا,قَعَطْنَ,قَعَطْتَ,قَعَطْتِ,قَعَطْتُمَا,قَعَطْتُمْ,قَعَطْتُنَّ,قَعَطْتُ,قَعَطْنَا
قعط,قَعِطَ,فَعِلَ يَفْعَلُ ( كسر فتح ),لازم,قَعِط,قَعِطَ,قَعِطَتْ,قَعِطَا,قَعِطَتَا,قَعِطُوا,قَعِطْنَ,قَعِطْتَ,قَعِطْتِ,قَعِطْتُمَا,قَعِطْتُمْ,قَعِطْتُنَّ,قَعِطْتُ,قَعِطْنَا
قعف,قَعَفَ,فَعَلَ يَفْعَلُ ( فتحتان ),مشترك ,قَعْف,قَعَفَ,قَعَفَتْ,قَعَفَا,قَعَفَتَا,قَعَفُوا,قَعَفْنَ,قَعَفْتَ,قَعَفْتِ,قَعَفْتُمَا,قَعَفْتُمْ,قَعَفْتُنَّ,قَعَفْتُ,قَعَفْنَا
قعف,قَعِفَ,فَعِلَ يَفْعَلُ ( كسر فتح ),لازم,قَعَف,قَعِفَ,قَعِفَتْ,قَعِفَا,قَعِفَتَا,قَعِفُوا,قَعِفْنَ,قَعِفْتَ,قَعِفْتِ,قَعِفْتُمَا,قَعِفْتُمْ,قَعِفْتُنَّ,قَعِفْتُ,قَعِفْنَا
قعم,قَعَمَ,فَعَلَ يَفْعَلُ ( فتحتان ),لازم,قَعْم,قَعَمَ,قَعَمَتْ,قَعَمَا,قَعَمَتَا,قَعَمُوا,قَعَمْنَ,قَعَمْتَ,قَعَمْتِ,قَعَمْتُمَا,قَعَمْتُمْ,قَعَمْتُنَّ,قَعَمْتُ,قَعَمْنَا
قعم,قَعِمَ,فَعِلَ يَفْعَلُ ( كسر فتح ),لازم,قَعَم,قَعِمَ,قَعِمَتْ,قَعِمَا,قَعِمَتَا,قَعِمُوا,قَعِمْنَ,قَعِمْتَ,قَعِمْتِ,قَعِمْتُمَا,قَعِمْتُمْ,قَعِمْتُنَّ,قَعِمْتُ,قَعِمْنَا
قعن,قَعِنَ,فَعِلَ يَفْعَلُ ( كسر فتح ),لازم,قَعِن,قَعِنَ,قَعِنَتْ,قَعِنَا,قَعِنَتَا,قَعِنُوا,قَعِنْنَ,قَعِنْتَ,قَعِنْتِ,قَعِنْتُمَا,قَعِنْتُمْ,قَعِنْتُنَّ,قَعِنْتُ,قَعِنْنَا
قفح,قَفَحَ,فَعَلَ يَفْعَلُ ( فتحتان ),لازم,قَفْح,قَفَحَ,قَفَحَتْ,قَفَحَا,قَفَحَتَا,قَفَحُوا,قَفَحْنَ,قَفَحْتَ,قَفَحْتِ,قَفَحْتُمَا,قَفَحْتُمْ,قَفَحْتُنَّ,قَفَحْتُ,قَفَحْنَا
قفخ,قَفَخَ,فَعَلَ يَفْعَلُ ( فتحتان ),متعدي,قَفْخ,قَفَخَ,قَفَخَتْ,قَفَخَا,قَفَخَتَا,قَفَخُوا,قَفَخْنَ,قَفَخْتَ,قَفَخْتِ,قَفَخْتُمَا,قَفَخْتُمْ,قَفَخْتُنَّ,قَفَخْتُ,قَفَخْنَا
قفد,قَفَدَ,فَعَلَ يَفْعِلُ ( فتحُ كَسْرٍ ),متعدي,قَفْد,قَفَدَ,قَفَدَتْ,قَفَدَا,قَفَدَتَا,قَفَدُوا,قَفَدْنَ,قَفَدْتَ,قَفَدْتِ,قَفَدْتُمَا,قَفَدْتُمْ,قَفَدْتُنَّ,قَفَدْتُ,قَفَدْنَا
قفد,قَفِدَ,فَعِلَ يَفْعَلُ ( كسر فتح ),لازم,قَفَد,قَفِدَ,قَفِدَتْ,قَفِدَا,قَفِدَتَا,قَفِدُوا,قَفِدْنَ,قَفِدْتَ,قَفِدْتِ,قَفِدْتُمَا,قَفِدْتُمْ,قَفِدْتُنَّ,قَفِدْتُ,قَفِدْنَا
قفر,قَفَرَ,فَعَلَ يَفْعُلُ ( فتحُ ضمٍّ ),متعدي,قَفْر,قَفَرَ,قَفَرَتْ,قَفَرَا,قَفَرَتَا,قَفَرُوا,قَفَرْنَ,قَفَرْتَ,قَفَرْتِ,قَفَرْتُمَا,قَفَرْتُمْ,قَفَرْتُنَّ,قَفَرْتُ,قَفَرْنَا
قفر,قَفِرَ,فَعِلَ يَفْعَلُ ( كسر فتح ),لازم,قَفَر,قَفِرَ,قَفِرَتْ,قَفِرَا,قَفِرَتَا,قَفِرُوا,قَفِرْنَ,قَفِرْتَ,قَفِرْتِ,قَفِرْتُمَا,قَفِرْتُمْ,قَفِرْتُنَّ,قَفِرْتُ,قَفِرْنَا
قفز,قَفَزَ,فَعَلَ يَفْعِلُ ( فتحُ كَسْرٍ ),لازم,قَفَزَان,قَفَزَ,قَفَزَتْ,قَفَزَا,قَفَزَتَا,قَفَزُوا,قَفَزْنَ,قَفَزْتَ,قَفَزْتِ,قَفَزْتُمَا,قَفَزْتُمْ,قَفَزْتُنَّ,قَفَزْتُ,قَفَزْنَا
قفز,قَفِزَ,فَعِلَ يَفْعَلُ ( كسر فتح ),لازم,قَفَز,قَفِزَ,قَفِزَتْ,قَفِزَا,قَفِزَتَا,قَفِزُوا,قَفِزْنَ,قَفِزْتَ,قَفِزْتِ,قَفِزْتُمَا,قَفِزْتُمْ,قَفِزْتُنَّ,قَفِزْتُ,قَفِزْنَا
قفس,قَفَسَ,فَعَلَ يَفْعِلُ ( فتحُ كَسْرٍ ),مشترك ,قَفْس,قَفَسَ,قَفَسَتْ,قَفَسَا,قَفَسَتَا,قَفَسُوا,قَفَسْنَ,قَفَسْتَ,قَفَسْتِ,قَفَسْتُمَا,قَفَسْتُمْ,قَفَسْتُنَّ,قَفَسْتُ,قَفَسْنَا
قفس,قَفِسَ,فَعِلَ يَفْعَلُ ( كسر فتح ),لازم,قَفِس,قَفِسَ,قَفِسَتْ,قَفِسَا,قَفِسَتَا,قَفِسُوا,قَفِسْنَ,قَفِسْتَ,قَفِسْتِ,قَفِسْتُمَا,قَفِسْتُمْ,قَفِسْتُنَّ,قَفِسْتُ,قَفِسْنَا
قفس,قَفُسَ,فَعُلَ يَفْعُلُ ( ضمَ ضمٍَ ),لازم,قَفَاسَة,قَفُسَ,قَفُسَتْ,قَفُسَا,قَفُسَتَا,قَفُسُوا,قَفُسْنَ,قَفُسْتَ,قَفُسْتِ,قَفُسْتُمَا,قَفُسْتُمْ,قَفُسْتُنَّ,قَفُسْتُ,قَفُسْنَا
قفش,قَفَشَ,فَعَلَ يَفْعِلُ ( فتحُ كَسْرٍ ),مشترك ,قَفْش,قَفَشَ,قَفَشَتْ,قَفَشَا,قَفَشَتَا,قَفَشُوا,قَفَشْنَ,قَفَشْتَ,قَفَشْتِ,قَفَشْتُمَا,قَفَشْتُمْ,قَفَشْتُنَّ,قَفَشْتُ,قَفَشْنَا
قفص,قَفَصَ,فَعَلَ يَفْعِلُ ( فتحُ كَسْرٍ ),مشترك ,قَفْص,قَفَصَ,قَفَصَتْ,قَفَصَا,قَفَصَتَا,قَفَصُوا,قَفَصْنَ,قَفَصْتَ,قَفَصْتِ,قَفَصْتُمَا,قَفَصْتُمْ,قَفَصْتُنَّ,قَفَصْتُ,قَفَصْنَا
قفص,قَفِصَ,فَعِلَ يَفْعَلُ ( كسر فتح ),لازم,قَفَص,قَفِصَ,قَفِصَتْ,قَفِصَا,قَفِصَتَا,قَفِصُوا,قَفِصْنَ,قَفِصْتَ,قَفِصْتِ,قَفِصْتُمَا,قَفِصْتُمْ,قَفِصْتُنَّ,قَفِصْتُ,قَفِصْنَا
قفط,قَفَطَ,فَعَلَ يَفْعُلُ ( فتحُ ضمٍّ ),مشترك ,قَفْط,قَفَطَ,قَفَطَتْ,قَفَطَا,قَفَطَتَا,قَفَطُوا,قَفَطْنَ,قَفَطْتَ,قَفَطْتِ,قَفَطْتُمَا,قَفَطْتُمْ,قَفَطْتُنَّ,قَفَطْتُ,قَفَطْنَا
قفط,قَفَطَ,فَعَلَ يَفْعِلُ ( فتحُ كَسْرٍ ),مشترك ,قُفُوط,قَفَطَ,قَفَطَتْ,قَفَطَا,قَفَطَتَا,قَفَطُوا,قَفَطْنَ,قَفَطْتَ,قَفَطْتِ,قَفَطْتُمَا,قَفَطْتُمْ,قَفَطْتُنَّ,قَفَطْتُ,قَفَطْنَا
قفع,قَفَعَ,فَعَلَ يَفْعَلُ ( فتحتان ),متعدي,قَفْع,قَفَعَ,قَفَعَتْ,قَفَعَا,قَفَعَتَا,قَفَعُوا,قَفَعْنَ,قَفَعْتَ,قَفَعْتِ,قَفَعْتُمَا,قَفَعْتُمْ,قَفَعْتُنَّ,قَفَعْتُ,قَفَعْنَا
قفع,قَفِعَ,فَعِلَ يَفْعَلُ ( كسر فتح ),لازم,قَفَع,قَفِعَ,قَفِعَتْ,قَفِعَا,قَفِعَتَا,قَفِعُوا,قَفِعْنَ,قَفِعْتَ,قَفِعْتِ,قَفِعْتُمَا,قَفِعْتُمْ,قَفِعْتُنَّ,قَفِعْتُ,قَفِعْنَا
قفل,قَفَلَ,فَعَلَ يَفْعُلُ ( فتحُ ضمٍّ ),مشترك ,قَفْل,قَفَلَ,قَفَلَتْ,قَفَلَا,قَفَلَتَا,قَفَلُوا,قَفَلْنَ,قَفَلْتَ,قَفَلْتِ,قَفَلْتُمَا,قَفَلْتُمْ,قَفَلْتُنَّ,قَفَلْتُ,قَفَلْنَا
قفل,قَفَلَ,فَعَلَ يَفْعِلُ ( فتحُ كَسْرٍ ),مشترك ,قُفُول,قَفَلَ,قَفَلَتْ,قَفَلَا,قَفَلَتَا,قَفَلُوا,قَفَلْنَ,قَفَلْتَ,قَفَلْتِ,قَفَلْتُمَا,قَفَلْتُمْ,قَفَلْتُنَّ,قَفَلْتُ,قَفَلْنَا
قفل,قَفِلَ,فَعِلَ يَفْعَلُ ( كسر فتح ),مشترك ,قَفِل,قَفِلَ,قَفِلَتْ,قَفِلَا,قَفِلَتَا,قَفِلُوا,قَفِلْنَ,قَفِلْتَ,قَفِلْتِ,قَفِلْتُمَا,قَفِلْتُمْ,قَفِلْتُنَّ,قَفِلْتُ,قَفِلْنَا
قفن,قَفَنَ,فَعَلَ يَفْعِلُ ( فتحُ كَسْرٍ ),مشترك ,قَفْن,قَفَنَ,قَفَنَتْ,قَفَنَا,قَفَنَتَا,قَفَنُوا,قَفَنْنَ,قَفَنْتَ,قَفَنْتِ,قَفَنْتُمَا,قَفَنْتُمْ,قَفَنْتُنَّ,قَفَنْتُ,قَفَنْنَا
قلب,قَلَبَ,فَعَلَ يَفْعُلُ ( فتحُ ضمٍّ ),متعدي,قَلْب,قَلَبَ,قَلَبَتْ,قَلَبَا,قَلَبَتَا,قَلَبُوا,قَلَبْنَ,قَلَبْتَ,قَلَبْتِ,قَلَبْتُمَا,قَلَبْتُمْ,قَلَبْتُنَّ,قَلَبْتُ,قَلَبْنَا
قلب,قَلَبَ,فَعَلَ يَفْعِلُ ( فتحُ كَسْرٍ ),مشترك ,قُلُوب,قَلَبَ,قَلَبَتْ,قَلَبَا,قَلَبَتَا,قَلَبُوا,قَلَبْنَ,قَلَبْتَ,قَلَبْتِ,قَلَبْتُمَا,قَلَبْتُمْ,قَلَبْتُنَّ,قَلَبْتُ,قَلَبْنَا
قلب,قَلِبَ,فَعِلَ يَفْعَلُ ( كسر فتح ),لازم,قَلَب,قَلِبَ,قَلِبَتْ,قَلِبَا,قَلِبَتَا,قَلِبُوا,قَلِبْنَ,قَلِبْتَ,قَلِبْتِ,قَلِبْتُمَا,قَلِبْتُمْ,قَلِبْتُنَّ,قَلِبْتُ,قَلِبْنَا
قلت,قَلِتَ,فَعِلَ يَفْعَلُ ( كسر فتح ),لازم,قَلَت,قَلِتَ,قَلِتَتْ,قَلِتَا,قَلِتَتَا,قَلِتُوا,قَلِتْنَ,قَلِتْتَ,قَلِتْتِ,قَلِتْتُمَا,قَلِتْتُمْ,قَلِتْتُنَّ,قَلِتْتُ,قَلِتْنَا
قلح,قَلِحَ,فَعِلَ يَفْعَلُ ( كسر فتح ),لازم,قَلَح,قَلِحَ,قَلِحَتْ,قَلِحَا,قَلِحَتَا,قَلِحُوا,قَلِحْنَ,قَلِحْتَ,قَلِحْتِ,قَلِحْتُمَا,قَلِحْتُمْ,قَلِحْتُنَّ,قَلِحْتُ,قَلِحْنَا
قلخ,قَلَخَ,فَعَلَ يَفْعَلُ ( فتحتان ),مشترك ,قَلْخ,قَلَخَ,قَلَخَتْ,قَلَخَا,قَلَخَتَا,قَلَخُوا,قَلَخْنَ,قَلَخْتَ,قَلَخْتِ,قَلَخْتُمَا,قَلَخْتُمْ,قَلَخْتُنَّ,قَلَخْتُ,قَلَخْنَا
قلد,قَلَدَ,فَعَلَ يَفْعِلُ ( فتحُ كَسْرٍ ),مشترك ,قَلْد,قَلَدَ,قَلَدَتْ,قَلَدَا,قَلَدَتَا,قَلَدُوا,قَلَدْنَ,قَلَدْتَ,قَلَدْتِ,قَلَدْتُمَا,قَلَدْتُمْ,قَلَدْتُنَّ,قَلَدْتُ,قَلَدْنَا
قلز,قَلَزَ,فَعَلَ يَفْعُلُ ( فتحُ ضمٍّ ),مشترك ,قَلْز,قَلَزَ,قَلَزَتْ,قَلَزَا,قَلَزَتَا,قَلَزُوا,قَلَزْنَ,قَلَزْتَ,قَلَزْتِ,قَلَزْتُمَا,قَلَزْتُمْ,قَلَزْتُنَّ,قَلَزْتُ,قَلَزْنَا
قلز,قَلَزَ,فَعَلَ يَفْعِلُ ( فتحُ كَسْرٍ ),مشترك ,قُلوُز,قَلَزَ,قَلَزَتْ,قَلَزَا,قَلَزَتَا,قَلَزُوا,قَلَزْنَ,قَلَزْتَ,قَلَزْتِ,قَلَزْتُمَا,قَلَزْتُمْ,قَلَزْتُنَّ,قَلَزْتُ,قَلَزْنَا
قلس,قَلَسَ,فَعَلَ يَفْعِلُ ( فتحُ كَسْرٍ ),مشترك ,قَلْس,قَلَسَ,قَلَسَتْ,قَلَسَا,قَلَسَتَا,قَلَسُوا,قَلَسْنَ,قَلَسْتَ,قَلَسْتِ,قَلَسْتُمَا,قَلَسْتُمْ,قَلَسْتُنَّ,قَلَسْتُ,قَلَسْنَا
قلص,قَلَصَ,فَعَلَ يَفْعِلُ ( فتحُ كَسْرٍ ),مشترك ,قَلْص,قَلَصَ,قَلَصَتْ,قَلَصَا,قَلَصَتَا,قَلَصُوا,قَلَصْنَ,قَلَصْتَ,قَلَصْتِ,قَلَصْتُمَا,قَلَصْتُمْ,قَلَصْتُنَّ,قَلَصْتُ,قَلَصْنَا
قلص,قَلِصَ,فَعِلَ يَفْعَلُ ( كسر فتح ),لازم,قَلَص,قَلِصَ,قَلِصَتْ,قَلِصَا,قَلِصَتَا,قَلِصُوا,قَلِصْنَ,قَلِصْتَ,قَلِصْتِ,قَلِصْتُمَا,قَلِصْتُمْ,قَلِصْتُنَّ,قَلِصْتُ,قَلِصْنَا
قلع,قَلَعَ,فَعَلَ يَفْعَلُ ( فتحتان ),متعدي,قَلْع,قَلَعَ,قَلَعَتْ,قَلَعَا,قَلَعَتَا,قَلَعُوا,قَلَعْنَ,قَلَعْتَ,قَلَعْتِ,قَلَعْتُمَا,قَلَعْتُمْ,قَلَعْتُنَّ,قَلَعْتُ,قَلَعْنَا
قلع,قَلِعَ,فَعِلَ يَفْعَلُ ( كسر فتح ),لازم,قَلَع,قَلِعَ,قَلِعَتْ,قَلِعَا,قَلِعَتَا,قَلِعُوا,قَلِعْنَ,قَلِعْتَ,قَلِعْتِ,قَلِعْتُمَا,قَلِعْتُمْ,قَلِعْتُنَّ,قَلِعْتُ,قَلِعْنَا
قلف,قَلَفَ,فَعَلَ يَفْعُلُ ( فتحُ ضمٍّ ),متعدي,قَلْف,قَلَفَ,قَلَفَتْ,قَلَفَا,قَلَفَتَا,قَلَفُوا,قَلَفْنَ,قَلَفْتَ,قَلَفْتِ,قَلَفْتُمَا,قَلَفْتُمْ,قَلَفْتُنَّ,قَلَفْتُ,قَلَفْنَا
قلف,قَلَفَ,فَعَلَ يَفْعِلُ ( فتحُ كَسْرٍ ),مشترك ,قُلُوف,قَلَفَ,قَلَفَتْ,قَلَفَا,قَلَفَتَا,قَلَفُوا,قَلَفْنَ,قَلَفْتَ,قَلَفْتِ,قَلَفْتُمَا,قَلَفْتُمْ,قَلَفْتُنَّ,قَلَفْتُ,قَلَفْنَا
قلف,قَلِفَ,فَعِلَ يَفْعَلُ ( كسر فتح ),لازم,قَلَف,قَلِفَ,قَلِفَتْ,قَلِفَا,قَلِفَتَا,قَلِفُوا,قَلِفْنَ,قَلِفْتَ,قَلِفْتِ,قَلِفْتُمَا,قَلِفْتُمْ,قَلِفْتُنَّ,قَلِفْتُ,قَلِفْنَا
قلق,قَلَقَ,فَعَلَ يَفْعِلُ ( فتحُ كَسْرٍ ),متعدي,قَلْق,قَلَقَ,قَلَقَتْ,قَلَقَا,قَلَقَتَا,قَلَقُوا,قَلَقْنَ,قَلَقْتَ,قَلَقْتِ,قَلَقْتُمَا,قَلَقْتُمْ,قَلَقْتُنَّ,قَلَقْتُ,قَلَقْنَا
قلق,قَلِقَ,فَعِلَ يَفْعَلُ ( كسر فتح ),لازم,قَلَق,قَلِقَ,قَلِقَتْ,قَلِقَا,قَلِقَتَا,قَلِقُوا,قَلِقْنَ,قَلِقْتَ,قَلِقْتِ,قَلِقْتُمَا,قَلِقْتُمْ,قَلِقْتُنَّ,قَلِقْتُ,قَلِقْنَا
قلم,قَلَمَ,فَعَلَ يَفْعِلُ ( فتحُ كَسْرٍ ),متعدي,قَلْم,قَلَمَ,قَلَمَتْ,قَلَمَا,قَلَمَتَا,قَلَمُوا,قَلَمْنَ,قَلَمْتَ,قَلَمْتِ,قَلَمْتُمَا,قَلَمْتُمْ,قَلَمْتُنَّ,قَلَمْتُ,قَلَمْنَا
قمح,قَمَحَ,فَعَلَ يَفْعَلُ ( فتحتان ),لازم,قَمْح,قَمَحَ,قَمَحَتْ,قَمَحَا,قَمَحَتَا,قَمَحُوا,قَمَحْنَ,قَمَحْتَ,قَمَحْتِ,قَمَحْتُمَا,قَمَحْتُمْ,قَمَحْتُنَّ,قَمَحْتُ,قَمَحْنَا
قمح,قَمِحَ,فَعِلَ يَفْعَلُ ( كسر فتح ),مشترك ,قَمِح,قَمِحَ,قَمِحَتْ,قَمِحَا,قَمِحَتَا,قَمِحُوا,قَمِحْنَ,قَمِحْتَ,قَمِحْتِ,قَمِحْتُمَا,قَمِحْتُمْ,قَمِحْتُنَّ,قَمِحْتُ,قَمِحْنَا
قمد,قَمَدَ,فَعَلَ يَفْعُلُ ( فتحُ ضمٍّ ),لازم,قَمْد,قَمَدَ,قَمَدَتْ,قَمَدَا,قَمَدَتَا,قَمَدُوا,قَمَدْنَ,قَمَدْتَ,قَمَدْتِ,قَمَدْتُمَا,قَمَدْتُمْ,قَمَدْتُنَّ,قَمَدْتُ,قَمَدْنَا
قمد,قَمِدَ,فَعِلَ يَفْعَلُ ( كسر فتح ),لازم,قَمَد,قَمِدَ,قَمِدَتْ,قَمِدَا,قَمِدَتَا,قَمِدُوا,قَمِدْنَ,قَمِدْتَ,قَمِدْتِ,قَمِدْتُمَا,قَمِدْتُمْ,قَمِدْتُنَّ,قَمِدْتُ,قَمِدْنَا
قمر,قَمَرَ,فَعَلَ يَفْعُلُ ( فتحُ ضمٍّ ),متعدي,قَمْر,قَمَرَ,قَمَرَتْ,قَمَرَا,قَمَرَتَا,قَمَرُوا,قَمَرْنَ,قَمَرْتَ,قَمَرْتِ,قَمَرْتُمَا,قَمَرْتُمْ,قَمَرْتُنَّ,قَمَرْتُ,قَمَرْنَا
قمر,قَمَرَ,فَعَلَ يَفْعِلُ ( فتحُ كَسْرٍ ),مشترك ,قُمُور,قَمَرَ,قَمَرَتْ,قَمَرَا,قَمَرَتَا,قَمَرُوا,قَمَرْنَ,قَمَرْتَ,قَمَرْتِ,قَمَرْتُمَا,قَمَرْتُمْ,قَمَرْتُنَّ,قَمَرْتُ,قَمَرْنَا
خرب,خَرَبَ,فَعَلَ يَفْعُلُ ( فتحُ ضمٍّ ),مشترك ,خَرْب,خَرَبَ,خَرَبَتْ,خَرَبَا,خَرَبَتَا,خَرَبُوا,خَرَبْنَ,خَرَبْتَ,خَرَبْتِ,خَرَبْتُمَا,خَرَبْتُمْ,خَرَبْتُنَّ,خَرَبْتُ,خَرَبْنَا
قمر,قَمِرَ,فَعِلَ يَفْعَلُ ( كسر فتح ),لازم,قَمَر,قَمِرَ,قَمِرَتْ,قَمِرَا,قَمِرَتَا,قَمِرُوا,قَمِرْنَ,قَمِرْتَ,قَمِرْتِ,قَمِرْتُمَا,قَمِرْتُمْ,قَمِرْتُنَّ,قَمِرْتُ,قَمِرْنَا
قمز,قَمَزَ,فَعَلَ يَفْعِلُ ( فتحُ كَسْرٍ ),متعدي,قَمْز,قَمَزَ,قَمَزَتْ,قَمَزَا,قَمَزَتَا,قَمَزُوا,قَمَزْنَ,قَمَزْتَ,قَمَزْتِ,قَمَزْتُمَا,قَمَزْتُمْ,قَمَزْتُنَّ,قَمَزْتُ,قَمَزْنَا
قمس,قَمَسَ,فَعَلَ يَفْعُلُ ( فتحُ ضمٍّ ),مشترك ,قَمَس,قَمَسَ,قَمَسَتْ,قَمَسَا,قَمَسَتَا,قَمَسُوا,قَمَسْنَ,قَمَسْتَ,قَمَسْتِ,قَمَسْتُمَا,قَمَسْتُمْ,قَمَسْتُنَّ,قَمَسْتُ,قَمَسْنَا
قمس,قَمَسَ,فَعَلَ يَفْعِلُ ( فتحُ كَسْرٍ ),مشترك ,قُمُوس,قَمَسَ,قَمَسَتْ,قَمَسَا,قَمَسَتَا,قَمَسُوا,قَمَسْنَ,قَمَسْتَ,قَمَسْتِ,قَمَسْتُمَا,قَمَسْتُمْ,قَمَسْتُنَّ,قَمَسْتُ,قَمَسْنَا
قمش,قَمَشَ,فَعَلَ يَفْعُلُ ( فتحُ ضمٍّ ),متعدي,قَمْش,قَمَشَ,قَمَشَتْ,قَمَشَا,قَمَشَتَا,قَمَشُوا,قَمَشْنَ,قَمَشْتَ,قَمَشْتِ,قَمَشْتُمَا,قَمَشْتُمْ,قَمَشْتُنَّ,قَمَشْتُ,قَمَشْنَا
قمش,قَمَشَ,فَعَلَ يَفْعِلُ ( فتحُ كَسْرٍ ),متعدي,قُمُوش,قَمَشَ,قَمَشَتْ,قَمَشَا,قَمَشَتَا,قَمَشُوا,قَمَشْنَ,قَمَشْتَ,قَمَشْتِ,قَمَشْتُمَا,قَمَشْتُمْ,قَمَشْتُنَّ,قَمَشْتُ,قَمَشْنَا
قمص,قَمَصَ,فَعَلَ يَفْعُلُ ( فتحُ ضمٍّ ),لازم,قَمْص,قَمَصَ,قَمَصَتْ,قَمَصَا,قَمَصَتَا,قَمَصُوا,قَمَصْنَ,قَمَصْتَ,قَمَصْتِ,قَمَصْتُمَا,قَمَصْتُمْ,قَمَصْتُنَّ,قَمَصْتُ,قَمَصْنَا
قمص,قَمَصَ,فَعَلَ يَفْعِلُ ( فتحُ كَسْرٍ ),لازم,قَمَصَان,قَمَصَ,قَمَصَتْ,قَمَصَا,قَمَصَتَا,قَمَصُوا,قَمَصْنَ,قَمَصْتَ,قَمَصْتِ,قَمَصْتُمَا,قَمَصْتُمْ,قَمَصْتُنَّ,قَمَصْتُ,قَمَصْنَا
قمط,قَمَطَ,فَعَلَ يَفْعُلُ ( فتحُ ضمٍّ ),مشترك ,قَمْط,قَمَطَ,قَمَطَتْ,قَمَطَا,قَمَطَتَا,قَمَطُوا,قَمَطْنَ,قَمَطْتَ,قَمَطْتِ,قَمَطْتُمَا,قَمَطْتُمْ,قَمَطْتُنَّ,قَمَطْتُ,قَمَطْنَا
قمط,قَمَطَ,فَعَلَ يَفْعِلُ ( فتحُ كَسْرٍ ),مشترك ,قُمُوط,قَمَطَ,قَمَطَتْ,قَمَطَا,قَمَطَتَا,قَمَطُوا,قَمَطْنَ,قَمَطْتَ,قَمَطْتِ,قَمَطْتُمَا,قَمَطْتُمْ,قَمَطْتُنَّ,قَمَطْتُ,قَمَطْنَا
قمع,قَمَعَ,فَعَلَ يَفْعَلُ ( فتحتان ),مشترك ,قَمْع,قَمَعَ,قَمَعَتْ,قَمَعَا,قَمَعَتَا,قَمَعُوا,قَمَعْنَ,قَمَعْتَ,قَمَعْتِ,قَمَعْتُمَا,قَمَعْتُمْ,قَمَعْتُنَّ,قَمَعْتُ,قَمَعْنَا
قمع,قَمِعَ,فَعِلَ يَفْعَلُ ( كسر فتح ),مشترك ,قَمَع,قَمِعَ,قَمِعَتْ,قَمِعَا,قَمِعَتَا,قَمِعُوا,قَمِعْنَ,قَمِعْتَ,قَمِعْتِ,قَمِعْتُمَا,قَمِعْتُمْ,قَمِعْتُنَّ,قَمِعْتُ,قَمِعْنَا
قمل,قَمِلَ,فَعِلَ يَفْعَلُ ( كسر فتح ),لازم,قَمَل,قَمِلَ,قَمِلَتْ,قَمِلَا,قَمِلَتَا,قَمِلُوا,قَمِلْنَ,قَمِلْتَ,قَمِلْتِ,قَمِلْتُمَا,قَمِلْتُمْ,قَمِلْتُنَّ,قَمِلْتُ,قَمِلْنَا
قمن,قَمِنَ,فَعِلَ يَفْعَلُ ( كسر فتح ),لازم,قَمَن,قَمِنَ,قَمِنَتْ,قَمِنَا,قَمِنَتَا,قَمِنُوا,قَمِنْنَ,قَمِنْتَ,قَمِنْتِ,قَمِنْتُمَا,قَمِنْتُمْ,قَمِنْتُنَّ,قَمِنْتُ,قَمِنْنَا
قمن,قَمُنَ,فَعُلَ يَفْعُلُ ( ضمَ ضمٍَ ),لازم,قَمَانَة,قَمُنَ,قَمُنَتْ,قَمُنَا,قَمُنَتَا,قَمُنُوا,قَمُنْنَ,قَمُنْتَ,قَمُنْتِ,قَمُنْتُمَا,قَمُنْتُمْ,قَمُنْتُنَّ,قَمُنْتُ,قَمُنْنَا
قمه,قَمَهَ,فَعَلَ يَفْعَلُ ( فتحتان ),مشترك ,قَمَه,قَمَهَ,قَمَهَتْ,قَمَهَا,قَمَهَتَا,قَمَهُوا,قَمَهْنَ,قَمَهْتَ,قَمَهْتِ,قَمَهْتُمَا,قَمَهْتُمْ,قَمَهْتُنَّ,قَمَهْتُ,قَمَهْنَا
قمه,قَمِهَ,فَعِلَ يَفْعَلُ ( كسر فتح ),لازم,قَمِه,قَمِهَ,قَمِهَتْ,قَمِهَا,قَمِهَتَا,قَمِهُوا,قَمِهْنَ,قَمِهْتَ,قَمِهْتِ,قَمِهْتُمَا,قَمِهْتُمْ,قَمِهْتُنَّ,قَمِهْتُ,قَمِهْنَا
قنب,قَنَبَ,فَعَلَ يَفْعِلُ ( فتحُ كَسْرٍ ),مشترك ,قَنْب,قَنَبَ,قَنَبَتْ,قَنَبَا,قَنَبَتَا,قَنَبُوا,قَنَبْنَ,قَنَبْتَ,قَنَبْتِ,قَنَبْتُمَا,قَنَبْتُمْ,قَنَبْتُنَّ,قَنَبْتُ,قَنَبْنَا
قنت,قَنَتَ,فَعَلَ يَفْعُلُ ( فتحُ ضمٍّ ),مشترك ,قُنُوت,قَنَتَ,قَنَتَتْ,قَنَتَا,قَنَتَتَا,قَنَتُوا,قَنَتْنَ,قَنَتْتَ,قَنَتْتِ,قَنَتْتُمَا,قَنَتْتُمْ,قَنَتْتُنَّ,قَنَتْتُ,قَنَتْنَا
قنت,قَنُتَ,فَعُلَ يَفْعُلُ ( ضمَ ضمٍَ ),لازم,قَنَاتَة,قَنُتَ,قَنُتَتْ,قَنُتَا,قَنُتَتَا,قَنُتُوا,قَنُتْنَ,قَنُتْتَ,قَنُتْتِ,قَنُتْتُمَا,قَنُتْتُمْ,قَنُتْتُنَّ,قَنُتْتُ,قَنُتْنَا
قنح,قَنَحَ,فَعَلَ يَفْعَلُ ( فتحتان ),مشترك ,قُنُوح,قَنَحَ,قَنَحَتْ,قَنَحَا,قَنَحَتَا,قَنَحُوا,قَنَحْنَ,قَنَحْتَ,قَنَحْتِ,قَنَحْتُمَا,قَنَحْتُمْ,قَنَحْتُنَّ,قَنَحْتُ,قَنَحْنَا
قند,قَنَدَ,فَعَلَ يَفْعُلُ ( فتحُ ضمٍّ ),متعدي,قُنُود,قَنَدَ,قَنَدَتْ,قَنَدَا,قَنَدَتَا,قَنَدُوا,قَنَدْنَ,قَنَدْتَ,قَنَدْتِ,قَنَدْتُمَا,قَنَدْتُمْ,قَنَدْتُنَّ,قَنَدْتُ,قَنَدْنَا
قنص,قَنَصَ,فَعَلَ يَفْعِلُ ( فتحُ كَسْرٍ ),متعدي,قَنْص,قَنَصَ,قَنَصَتْ,قَنَصَا,قَنَصَتَا,قَنَصُوا,قَنَصْنَ,قَنَصْتَ,قَنَصْتِ,قَنَصْتُمَا,قَنَصْتُمْ,قَنَصْتُنَّ,قَنَصْتُ,قَنَصْنَا
قنط,قَنَطَ,فَعَلَ يَفْعُلُ ( فتحُ ضمٍّ ),مشترك ,قُنُوط,قَنَطَ,قَنَطَتْ,قَنَطَا,قَنَطَتَا,قَنَطُوا,قَنَطْنَ,قَنَطْتَ,قَنَطْتِ,قَنَطْتُمَا,قَنَطْتُمْ,قَنَطْتُنَّ,قَنَطْتُ,قَنَطْنَا
قنط,قَنَطَ,فَعَلَ يَفْعِلُ ( فتحُ كَسْرٍ ),مشترك ,قَنْط,قَنَطَ,قَنَطَتْ,قَنَطَا,قَنَطَتَا,قَنَطُوا,قَنَطْنَ,قَنَطْتَ,قَنَطْتِ,قَنَطْتُمَا,قَنَطْتُمْ,قَنَطْتُنَّ,قَنَطْتُ,قَنَطْنَا
خرب,خَرِبَ,فَعِلَ يَفْعَلُ ( كسر فتح ),لازم,خَرَب,خَرِبَ,خَرِبَتْ,خَرِبَا,خَرِبَتَا,خَرِبُوا,خَرِبْنَ,خَرِبْتَ,خَرِبْتِ,خَرِبْتُمَا,خَرِبْتُمْ,خَرِبْتُنَّ,خَرِبْتُ,خَرِبْنَا
قنط,قَنِطَ,فَعِلَ يَفْعَلُ ( كسر فتح ),لازم,قَنَط,قَنِطَ,قَنِطَتْ,قَنِطَا,قَنِطَتَا,قَنِطُوا,قَنِطْنَ,قَنِطْتَ,قَنِطْتِ,قَنِطْتُمَا,قَنِطْتُمْ,قَنِطْتُنَّ,قَنِطْتُ,قَنِطْنَا
قنط,قَنُطَ,فَعُلَ يَفْعُلُ ( ضمَ ضمٍَ ),لازم,قَنَاطَة,قَنُطَ,قَنُطَتْ,قَنُطَا,قَنُطَتَا,قَنُطُوا,قَنُطْنَ,قَنُطْتَ,قَنُطْتِ,قَنُطْتُمَا,قَنُطْتُمْ,قَنُطْتُنَّ,قَنُطْتُ,قَنُطْنَا
قنط,قَنِطَ,فَعِلَ يَفْعِلُ ( كسرتان ),لازم,قَنَط,قَنِطَ,قَنِطَتْ,قَنِطَا,قَنِطَتَا,قَنِطُوا,قَنِطْنَ,قَنِطْتَ,قَنِطْتِ,قَنِطْتُمَا,قَنِطْتُمْ,قَنِطْتُنَّ,قَنِطْتُ,قَنِطْنَا
قنع,قَنَعَ,فَعَلَ يَفْعَلُ ( فتحتان ),مشترك ,قَنْع,قَنَعَ,قَنَعَتْ,قَنَعَا,قَنَعَتَا,قَنَعُوا,قَنَعْنَ,قَنَعْتَ,قَنَعْتِ,قَنَعْتُمَا,قَنَعْتُمْ,قَنَعْتُنَّ,قَنَعْتُ,قَنَعْنَا
قنع,قَنِعَ,فَعِلَ يَفْعَلُ ( كسر فتح ),مشترك ,قَنَع,قَنِعَ,قَنِعَتْ,قَنِعَا,قَنِعَتَا,قَنِعُوا,قَنِعْنَ,قَنِعْتَ,قَنِعْتِ,قَنِعْتُمَا,قَنِعْتُمْ,قَنِعْتُنَّ,قَنِعْتُ,قَنِعْنَا
قنف,قَنِفَ,فَعِلَ يَفْعَلُ ( كسر فتح ),لازم,قَنَف,قَنِفَ,قَنِفَتْ,قَنِفَا,قَنِفَتَا,قَنِفُوا,قَنِفْنَ,قَنِفْتَ,قَنِفْتِ,قَنِفْتُمَا,قَنِفْتُمْ,قَنِفْتُنَّ,قَنِفْتُ,قَنِفْنَا
قنم,قَنِمَ,فَعِلَ يَفْعَلُ ( كسر فتح ),لازم,قَنَم,قَنِمَ,قَنِمَتْ,قَنِمَا,قَنِمَتَا,قَنِمُوا,قَنِمْنَ,قَنِمْتَ,قَنِمْتِ,قَنِمْتُمَا,قَنِمْتُمْ,قَنِمْتُنَّ,قَنِمْتُ,قَنِمْنَا
قهب,قَهِبَ,فَعِلَ يَفْعَلُ ( كسر فتح ),لازم,قَهَب,قَهِبَ,قَهِبَتْ,قَهِبَا,قَهِبَتَا,قَهِبُوا,قَهِبْنَ,قَهِبْتَ,قَهِبْتِ,قَهِبْتُمَا,قَهِبْتُمْ,قَهِبْتُنَّ,قَهِبْتُ,قَهِبْنَا
قهد,قَهَدَ,فَعَلَ يَفْعَلُ ( فتحتان ),لازم,قَهَد,قَهَدَ,قَهَدَتْ,قَهَدَا,قَهَدَتَا,قَهَدُوا,قَهَدْنَ,قَهَدْتَ,قَهَدْتِ,قَهَدْتُمَا,قَهَدْتُمْ,قَهَدْتُنَّ,قَهَدْتُ,قَهَدْنَا
قهر,قَهَرَ,فَعَلَ يَفْعَلُ ( فتحتان ),متعدي,قَهْر,قَهَرَ,قَهَرَتْ,قَهَرَا,قَهَرَتَا,قَهَرُوا,قَهَرْنَ,قَهَرْتَ,قَهَرْتِ,قَهَرْتُمَا,قَهَرْتُمْ,قَهَرْتُنَّ,قَهَرْتُ,قَهَرْنَا
قهز,قَهَزَ,فَعَلَ يَفْعَلُ ( فتحتان ),لازم,قَهْز,قَهَزَ,قَهَزَتْ,قَهَزَا,قَهَزَتَا,قَهَزُوا,قَهَزْنَ,قَهَزْتَ,قَهَزْتِ,قَهَزْتُمَا,قَهَزْتُمْ,قَهَزْتُنَّ,قَهَزْتُ,قَهَزْنَا
قهل,قَهَلَ,فَعَلَ يَفْعَلُ ( فتحتان ),مشترك ,قَهْل,قَهَلَ,قَهَلَتْ,قَهَلَا,قَهَلَتَا,قَهَلُوا,قَهَلْنَ,قَهَلْتَ,قَهَلْتِ,قَهَلْتُمَا,قَهَلْتُمْ,قَهَلْتُنَّ,قَهَلْتُ,قَهَلْنَا
قهل,قَهِلَ,فَعِلَ يَفْعَلُ ( كسر فتح ),مشترك ,قَهَل,قَهِلَ,قَهِلَتْ,قَهِلَا,قَهِلَتَا,قَهِلُوا,قَهِلْنَ,قَهِلْتَ,قَهِلْتِ,قَهِلْتُمَا,قَهِلْتُمْ,قَهِلْتُنَّ,قَهِلْتُ,قَهِلْنَا
قهم,قَهِمَ,فَعِلَ يَفْعَلُ ( كسر فتح ),لازم,قَهَم,قَهِمَ,قَهِمَتْ,قَهِمَا,قَهِمَتَا,قَهِمُوا,قَهِمْنَ,قَهِمْتَ,قَهِمْتِ,قَهِمْتُمَا,قَهِمْتُمْ,قَهِمْتُنَّ,قَهِمْتُ,قَهِمْنَا
خرت,خَرَتَ,فَعَلَ يَفْعُلُ ( فتحُ ضمٍّ ),مشترك ,خَرْت,خَرَتَ,خَرَتَتْ,خَرَتَا,خَرَتَتَا,خَرَتُوا,خَرَتْنَ,خَرَتْتَ,خَرَتْتِ,خَرَتْتُمَا,خَرَتْتُمْ,خَرَتْتُنَّ,خَرَتْتُ,خَرَتْنَا
خرث,خَرِثَ,فَعِلَ يَفْعَلُ ( كسر فتح ),لازم,خَرَث,خَرِثَ,خَرِثَتْ,خَرِثَا,خَرِثَتَا,خَرِثُوا,خَرِثْنَ,خَرِثْتَ,خَرِثْتِ,خَرِثْتُمَا,خَرِثْتُمْ,خَرِثْتُنَّ,خَرِثْتُ,خَرِثْنَا
كبت,كَبَتَ,فَعَلَ يَفْعِلُ ( فتحُ كَسْرٍ ),متعدي,كَبْت,كَبَتَ,كَبَتَتْ,كَبَتَا,كَبَتَتَا,كَبَتُوا,كَبَتْنَ,كَبَتْتَ,كَبَتْتِ,كَبَتْتُمَا,كَبَتْتُمْ,كَبَتْتُنَّ,كَبَتْتُ,كَبَتْنَا
كبث,كَبَثَ,فَعَلَ يَفْعُلُ ( فتحُ ضمٍّ ),متعدي,كَبْث,كَبَثَ,كَبَثَتْ,كَبَثَا,كَبَثَتَا,كَبَثُوا,كَبَثْنَ,كَبَثْتَ,كَبَثْتِ,كَبَثْتُمَا,كَبَثْتُمْ,كَبَثْتُنَّ,كَبَثْتُ,كَبَثْنَا
كبث,كَبِثَ,فَعِلَ يَفْعَلُ ( كسر فتح ),لازم,كَبَث,كَبِثَ,كَبِثَتْ,كَبِثَا,كَبِثَتَا,كَبِثُوا,كَبِثْنَ,كَبِثْتَ,كَبِثْتِ,كَبِثْتُمَا,كَبِثْتُمْ,كَبِثْتُنَّ,كَبِثْتُ,كَبِثْنَا
كبح,كَبَحَ,فَعَلَ يَفْعَلُ ( فتحتان ),متعدي,كَبْح,كَبَحَ,كَبَحَتْ,كَبَحَا,كَبَحَتَا,كَبَحُوا,كَبَحْنَ,كَبَحْتَ,كَبَحْتِ,كَبَحْتُمَا,كَبَحْتُمْ,كَبَحْتُنَّ,كَبَحْتُ,كَبَحْنَا
كبد,كَبَدَ,فَعَلَ يَفْعُلُ ( فتحُ ضمٍّ ),متعدي,كَبْد,كَبَدَ,كَبَدَتْ,كَبَدَا,كَبَدَتَا,كَبَدُوا,كَبَدْنَ,كَبَدْتَ,كَبَدْتِ,كَبَدْتُمَا,كَبَدْتُمْ,كَبَدْتُنَّ,كَبَدْتُ,كَبَدْنَا
كبد,كَبَدَ,فَعَلَ يَفْعِلُ ( فتحُ كَسْرٍ ),متعدي,كَبْد,كَبَدَ,كَبَدَتْ,كَبَدَا,كَبَدَتَا,كَبَدُوا,كَبَدْنَ,كَبَدْتَ,كَبَدْتِ,كَبَدْتُمَا,كَبَدْتُمْ,كَبَدْتُنَّ,كَبَدْتُ,كَبَدْنَا
كبد,كَبِدَ,فَعِلَ يَفْعَلُ ( كسر فتح ),لازم,كَبَد,كَبِدَ,كَبِدَتْ,كَبِدَا,كَبِدَتَا,كَبِدُوا,كَبِدْنَ,كَبِدْتَ,كَبِدْتِ,كَبِدْتُمَا,كَبِدْتُمْ,كَبِدْتُنَّ,كَبِدْتُ,كَبِدْنَا
كبر,كَبَرَ,فَعَلَ يَفْعُلُ ( فتحُ ضمٍّ ),متعدي,كَبْر,كَبَرَ,كَبَرَتْ,كَبَرَا,كَبَرَتَا,كَبَرُوا,كَبَرْنَ,كَبَرْتَ,كَبَرْتِ,كَبَرْتُمَا,كَبَرْتُمْ,كَبَرْتُنَّ,كَبَرْتُ,كَبَرْنَا
كبر,كَبِرَ,فَعِلَ يَفْعَلُ ( كسر فتح ),لازم,كِبَر,كَبِرَ,كَبِرَتْ,كَبِرَا,كَبِرَتَا,كَبِرُوا,كَبِرْنَ,كَبِرْتَ,كَبِرْتِ,كَبِرْتُمَا,كَبِرْتُمْ,كَبِرْتُنَّ,كَبِرْتُ,كَبِرْنَا
كبر,كَبُرَ,فَعُلَ يَفْعُلُ ( ضمَ ضمٍَ ),لازم,كَبَارَة,كَبُرَ,كَبُرَتْ,كَبُرَا,كَبُرَتَا,كَبُرُوا,كَبُرْنَ,كَبُرْتَ,كَبُرْتِ,كَبُرْتُمَا,كَبُرْتُمْ,كَبُرْتُنَّ,كَبُرْتُ,كَبُرْنَا
كبس,كَبَسَ,فَعَلَ يَفْعِلُ ( فتحُ كَسْرٍ ),مشترك ,كَبْس,كَبَسَ,كَبَسَتْ,كَبَسَا,كَبَسَتَا,كَبَسُوا,كَبَسْنَ,كَبَسْتَ,كَبَسْتِ,كَبَسْتُمَا,كَبَسْتُمْ,كَبَسْتُنَّ,كَبَسْتُ,كَبَسْنَا
كبس,كَبِسَ,فَعِلَ يَفْعَلُ ( كسر فتح ),لازم,كَبَس,كَبِسَ,كَبِسَتْ,كَبِسَا,كَبِسَتَا,كَبِسُوا,كَبِسْنَ,كَبِسْتَ,كَبِسْتِ,كَبِسْتُمَا,كَبِسْتُمْ,كَبِسْتُنَّ,كَبِسْتُ,كَبِسْنَا
كبش,كَبَشَ,فَعَلَ يَفْعِلُ ( فتحُ كَسْرٍ ),متعدي,كَبْش,كَبَشَ,كَبَشَتْ,كَبَشَا,كَبَشَتَا,كَبَشُوا,كَبَشْنَ,كَبَشْتَ,كَبَشْتِ,كَبَشْتُمَا,كَبَشْتُمْ,كَبَشْتُنَّ,كَبَشْتُ,كَبَشْنَا
كبع,كَبَعَ,فَعَلَ يَفْعَلُ ( فتحتان ),مشترك ,كَبْع,كَبَعَ,كَبَعَتْ,كَبَعَا,كَبَعَتَا,كَبَعُوا,كَبَعْنَ,كَبَعْتَ,كَبَعْتِ,كَبَعْتُمَا,كَبَعْتُمْ,كَبَعْتُنَّ,كَبَعْتُ,كَبَعْنَا
كبل,كَبَلَ,فَعَلَ يَفْعِلُ ( فتحُ كَسْرٍ ),متعدي,كَبْل,كَبَلَ,كَبَلَتْ,كَبَلَا,كَبَلَتَا,كَبَلُوا,كَبَلْنَ,كَبَلْتَ,كَبَلْتِ,كَبَلْتُمَا,كَبَلْتُمْ,كَبَلْتُنَّ,كَبَلْتُ,كَبَلْنَا
كبن,كَبَنَ,فَعَلَ يَفْعُلُ ( فتحُ ضمٍّ ),مشترك ,كَبْن,كَبَنَ,كَبَنَتْ,كَبَنَا,كَبَنَتَا,كَبَنُوا,كَبَنْنَ,كَبَنْتَ,كَبَنْتِ,كَبَنْتُمَا,كَبَنْتُمْ,كَبَنْتُنَّ,كَبَنْتُ,كَبَنْنَا
كبن,كَبَنَ,فَعَلَ يَفْعِلُ ( فتحُ كَسْرٍ ),مشترك ,كَبْن,كَبَنَ,كَبَنَتْ,كَبَنَا,كَبَنَتَا,كَبَنُوا,كَبَنْنَ,كَبَنْتَ,كَبَنْتِ,كَبَنْتُمَا,كَبَنْتُمْ,كَبَنْتُنَّ,كَبَنْتُ,كَبَنْنَا
كتب,كَتَبَ,فَعَلَ يَفْعُلُ ( فتحُ ضمٍّ ),مشترك ,كِتَابَة,كَتَبَ,كَتَبَتْ,كَتَبَا,كَتَبَتَا,كَتَبُوا,كَتَبْنَ,كَتَبْتَ,كَتَبْتِ,كَتَبْتُمَا,كَتَبْتُمْ,كَتَبْتُنَّ,كَتَبْتُ,كَتَبْنَا
كتب,كَتَبَ,فَعَلَ يَفْعِلُ ( فتحُ كَسْرٍ ),مشترك ,كِتَابَة,كَتَبَ,كَتَبَتْ,كَتَبَا,كَتَبَتَا,كَتَبُوا,كَتَبْنَ,كَتَبْتَ,كَتَبْتِ,كَتَبْتُمَا,كَتَبْتُمْ,كَتَبْتُنَّ,كَتَبْتُ,كَتَبْنَا
كتح,كَتَحَ,فَعَلَ يَفْعَلُ ( فتحتان ),متعدي,كَتْح,كَتَحَ,كَتَحَتْ,كَتَحَا,كَتَحَتَا,كَتَحُوا,كَتَحْنَ,كَتَحْتَ,كَتَحْتِ,كَتَحْتُمَا,كَتَحْتُمْ,كَتَحْتُنَّ,كَتَحْتُ,كَتَحْنَا
كتع,كَتَعَ,فَعَلَ يَفْعَلُ ( فتحتان ),لازم,كَتْع,كَتَعَ,كَتَعَتْ,كَتَعَا,كَتَعَتَا,كَتَعُوا,كَتَعْنَ,كَتَعْتَ,كَتَعْتِ,كَتَعْتُمَا,كَتَعْتُمْ,كَتَعْتُنَّ,كَتَعْتُ,كَتَعْنَا
كتف,كَتَفَ,فَعَلَ يَفْعِلُ ( فتحُ كَسْرٍ ),مشترك ,كَتْف,كَتَفَ,كَتَفَتْ,كَتَفَا,كَتَفَتَا,كَتَفُوا,كَتَفْنَ,كَتَفْتَ,كَتَفْتِ,كَتَفْتُمَا,كَتَفْتُمْ,كَتَفْتُنَّ,كَتَفْتُ,كَتَفْنَا
كتف,كَتِفَ,فَعِلَ يَفْعَلُ ( كسر فتح ),لازم,كَتَف,كَتِفَ,كَتِفَتْ,كَتِفَا,كَتِفَتَا,كَتِفُوا,كَتِفْنَ,كَتِفْتَ,كَتِفْتِ,كَتِفْتُمَا,كَتِفْتُمْ,كَتِفْتُنَّ,كَتِفْتُ,كَتِفْنَا
كتل,كَتَلَ,فَعَلَ يَفْعُلُ ( فتحُ ضمٍّ ),متعدي,كَتْل,كَتَلَ,كَتَلَتْ,كَتَلَا,كَتَلَتَا,كَتَلُوا,كَتَلْنَ,كَتَلْتَ,كَتَلْتِ,كَتَلْتُمَا,كَتَلْتُمْ,كَتَلْتُنَّ,كَتَلْتُ,كَتَلْنَا
كتل,كَتِلَ,فَعِلَ يَفْعَلُ ( كسر فتح ),لازم,كَتَل,كَتِلَ,كَتِلَتْ,كَتِلَا,كَتِلَتَا,كَتِلُوا,كَتِلْنَ,كَتِلْتَ,كَتِلْتِ,كَتِلْتُمَا,كَتِلْتُمْ,كَتِلْتُنَّ,كَتِلْتُ,كَتِلْنَا
كتم,كَتَمَ,فَعَلَ يَفْعُلُ ( فتحُ ضمٍّ ),مشترك ,كَتْم,كَتَمَ,كَتَمَتْ,كَتَمَا,كَتَمَتَا,كَتَمُوا,كَتَمْنَ,كَتَمْتَ,كَتَمْتِ,كَتَمْتُمَا,كَتَمْتُمْ,كَتَمْتُنَّ,كَتَمْتُ,كَتَمْنَا
خرج,خَرَجَ,فَعَلَ يَفْعُلُ ( فتحُ ضمٍّ ),لازم,خُرُوج,خَرَجَ,خَرَجَتْ,خَرَجَا,خَرَجَتَا,خَرَجُوا,خَرَجْنَ,خَرَجْتَ,خَرَجْتِ,خَرَجْتُمَا,خَرَجْتُمْ,خَرَجْتُنَّ,خَرَجْتُ,خَرَجْنَا
كتن,كَتِنَ,فَعِلَ يَفْعَلُ ( كسر فتح ),لازم,كَتَن,كَتِنَ,كَتِنَتْ,كَتِنَا,كَتِنَتَا,كَتِنُوا,كَتِنْنَ,كَتِنْتَ,كَتِنْتِ,كَتِنْتُمَا,كَتِنْتُمْ,كَتِنْتُنَّ,كَتِنْتُ,كَتِنْنَا
كته,كَتَهَ,فَعَلَ يَفْعَلُ ( فتحتان ),متعدي,كَتْه,كَتَهَ,كَتَهَتْ,كَتَهَا,كَتَهَتَا,كَتَهُوا,كَتَهْنَ,كَتَهْتَ,كَتَهْتِ,كَتَهْتُمَا,كَتَهْتُمْ,كَتَهْتُنَّ,كَتَهْتُ,كَتَهْنَا
كثب,كَثَبَ,فَعَلَ يَفْعُلُ ( فتحُ ضمٍّ ),مشترك ,كَثْب,كَثَبَ,كَثَبَتْ,كَثَبَا,كَثَبَتَا,كَثَبُوا,كَثَبْنَ,كَثَبْتَ,كَثَبْتِ,كَثَبْتُمَا,كَثَبْتُمْ,كَثَبْتُنَّ,كَثَبْتُ,كَثَبْنَا
كثب,كَثَبَ,فَعَلَ يَفْعِلُ ( فتحُ كَسْرٍ ),مشترك ,كَثْب,كَثَبَ,كَثَبَتْ,كَثَبَا,كَثَبَتَا,كَثَبُوا,كَثَبْنَ,كَثَبْتَ,كَثَبْتِ,كَثَبْتُمَا,كَثَبْتُمْ,كَثَبْتُنَّ,كَثَبْتُ,كَثَبْنَا
كثج,كَثَجَ,فَعَلَ يَفْعِلُ ( فتحُ كَسْرٍ ),لازم,كَثْج,كَثَجَ,كَثَجَتْ,كَثَجَا,كَثَجَتَا,كَثَجُوا,كَثَجْنَ,كَثَجْتَ,كَثَجْتِ,كَثَجْتُمَا,كَثَجْتُمْ,كَثَجْتُنَّ,كَثَجْتُ,كَثَجْنَا
كثح,كَثَحَ,فَعَلَ يَفْعَلُ ( فتحتان ),مشترك ,كَثْح,كَثَحَ,كَثَحَتْ,كَثَحَا,كَثَحَتَا,كَثَحُوا,كَثَحْنَ,كَثَحْتَ,كَثَحْتِ,كَثَحْتُمَا,كَثَحْتُمْ,كَثَحْتُنَّ,كَثَحْتُ,كَثَحْنَا
كثر,كَثَرَ,فَعَلَ يَفْعُلُ ( فتحُ ضمٍّ ),متعدي,كَتْر,كَثَرَ,كَثَرَتْ,كَثَرَا,كَثَرَتَا,كَثَرُوا,كَثَرْنَ,كَثَرْتَ,كَثَرْتِ,كَثَرْتُمَا,كَثَرْتُمْ,كَثَرْتُنَّ,كَثَرْتُ,كَثَرْنَا
كثر,كَثُرَ,فَعُلَ يَفْعُلُ ( ضمَ ضمٍَ ),لازم,كَثْرَة,كَثُرَ,كَثُرَتْ,كَثُرَا,كَثُرَتَا,كَثُرُوا,كَثُرْنَ,كَثُرْتَ,كَثُرْتِ,كَثُرْتُمَا,كَثُرْتُمْ,كَثُرْتُنَّ,كَثُرْتُ,كَثُرْنَا
كثع,كَثَعَ,فَعَلَ يَفْعَلُ ( فتحتان ),لازم,كَتْع,كَثَعَ,كَثَعَتْ,كَثَعَا,كَثَعَتَا,كَثَعُوا,كَثَعْنَ,كَثَعْتَ,كَثَعْتِ,كَثَعْتُمَا,كَثَعْتُمْ,كَثَعْتُنَّ,كَثَعْتُ,كَثَعْنَا
كثع,كَثِعَ,فَعِلَ يَفْعَلُ ( كسر فتح ),لازم,كَثَع,كَثِعَ,كَثِعَتْ,كَثِعَا,كَثِعَتَا,كَثِعُوا,كَثِعْنَ,كَثِعْتَ,كَثِعْتِ,كَثِعْتُمَا,كَثِعْتُمْ,كَثِعْتُنَّ,كَثِعْتُ,كَثِعْنَا
كثف,كَثُفَ,فَعُلَ يَفْعُلُ ( ضمَ ضمٍَ ),لازم,كَثَافَة,كَثُفَ,كَثُفَتْ,كَثُفَا,كَثُفَتَا,كَثُفُوا,كَثُفْنَ,كَثُفْتَ,كَثُفْتِ,كَثُفْتُمَا,كَثُفْتُمْ,كَثُفْتُنَّ,كَثُفْتُ,كَثُفْنَا
كثم,كَثَمَ,فَعَلَ يَفْعِلُ ( فتحُ كَسْرٍ ),متعدي,كَثْم,كَثَمَ,كَثَمَتْ,كَثَمَا,كَثَمَتَا,كَثَمُوا,كَثَمْنَ,كَثَمْتَ,كَثَمْتِ,كَثَمْتُمَا,كَثَمْتُمْ,كَثَمْتُنَّ,كَثَمْتُ,كَثَمْنَا
كثم,كَثِمَ,فَعِلَ يَفْعَلُ ( كسر فتح ),لازم,كَثَم,كَثِمَ,كَثِمَتْ,كَثِمَا,كَثِمَتَا,كَثِمُوا,كَثِمْنَ,كَثِمْتَ,كَثِمْتِ,كَثِمْتُمَا,كَثِمْتُمْ,كَثِمْتُنَّ,كَثِمْتُ,كَثِمْنَا
كحب,كَحَبَ,فَعَلَ يَفْعَلُ ( فتحتان ),متعدي,كَحَب,كَحَبَ,كَحَبَتْ,كَحَبَا,كَحَبَتَا,كَحَبُوا,كَحَبْنَ,كَحَبْتَ,كَحَبْتِ,كَحَبْتُمَا,كَحَبْتُمْ,كَحَبْتُنَّ,كَحَبْتُ,كَحَبْنَا
كحث,كَحَثَ,فَعَلَ يَفْعَلُ ( فتحتان ),مشترك ,كَحْث,كَحَثَ,كَحَثَتْ,كَحَثَا,كَحَثَتَا,كَحَثُوا,كَحَثْنَ,كَحَثْتَ,كَحَثْتِ,كَحَثْتُمَا,كَحَثْتُمْ,كَحَثْتُنَّ,كَحَثْتُ,كَحَثْنَا
كحص,كَحَصَ,فَعَلَ يَفْعَلُ ( فتحتان ),مشترك ,كَحْص,كَحَصَ,كَحَصَتْ,كَحَصَا,كَحَصَتَا,كَحَصُوا,كَحَصْنَ,كَحَصْتَ,كَحَصْتِ,كَحَصْتُمَا,كَحَصْتُمْ,كَحَصْتُنَّ,كَحَصْتُ,كَحَصْنَا
كحل,كَحَلَ,فَعَلَ يَفْعُلُ ( فتحُ ضمٍّ ),متعدي,كَحْل,كَحَلَ,كَحَلَتْ,كَحَلَا,كَحَلَتَا,كَحَلُوا,كَحَلْنَ,كَحَلْتَ,كَحَلْتِ,كَحَلْتُمَا,كَحَلْتُمْ,كَحَلْتُنَّ,كَحَلْتُ,كَحَلْنَا
كحل,كَحَلَ,فَعَلَ يَفْعَلُ ( فتحتان ),مشترك ,كَحْل,كَحَلَ,كَحَلَتْ,كَحَلَا,كَحَلَتَا,كَحَلُوا,كَحَلْنَ,كَحَلْتَ,كَحَلْتِ,كَحَلْتُمَا,كَحَلْتُمْ,كَحَلْتُنَّ,كَحَلْتُ,كَحَلْنَا
كحل,كَحِلَ,فَعِلَ يَفْعَلُ ( كسر فتح ),لازم,كَحَل,كَحِلَ,كَحِلَتْ,كَحِلَا,كَحِلَتَا,كَحِلُوا,كَحِلْنَ,كَحِلْتَ,كَحِلْتِ,كَحِلْتُمَا,كَحِلْتُمْ,كَحِلْتُنَّ,كَحِلْتُ,كَحِلْنَا
كخم,كَخَمَ,فَعَلَ يَفْعَلُ ( فتحتان ),متعدي,كَخْم,كَخَمَ,كَخَمَتْ,كَخَمَا,كَخَمَتَا,كَخَمُوا,كَخَمْنَ,كَخَمْتَ,كَخَمْتِ,كَخَمْتُمَا,كَخَمْتُمْ,كَخَمْتُنَّ,كَخَمْتُ,كَخَمْنَا
خرج,خَرِجَ,فَعِلَ يَفْعَلُ ( كسر فتح ),لازم,خَرَج,خَرِجَ,خَرِجَتْ,خَرِجَا,خَرِجَتَا,خَرِجُوا,خَرِجْنَ,خَرِجْتَ,خَرِجْتِ,خَرِجْتُمَا,خَرِجْتُمْ,خَرِجْتُنَّ,خَرِجْتُ,خَرِجْنَا
كدج,كَدَجَ,فَعَلَ يَفْعُلُ ( فتحُ ضمٍّ ),لازم,كَدْج,كَدَجَ,كَدَجَتْ,كَدَجَا,كَدَجَتَا,كَدَجُوا,كَدَجْنَ,كَدَجْتَ,كَدَجْتِ,كَدَجْتُمَا,كَدَجْتُمْ,كَدَجْتُنَّ,كَدَجْتُ,كَدَجْنَا
كدح,كَدَحَ,فَعَلَ يَفْعَلُ ( فتحتان ),مشترك ,كَدْح,كَدَحَ,كَدَحَتْ,كَدَحَا,كَدَحَتَا,كَدَحُوا,كَدَحْنَ,كَدَحْتَ,كَدَحْتِ,كَدَحْتُمَا,كَدَحْتُمْ,كَدَحْتُنَّ,كَدَحْتُ,كَدَحْنَا
كدر,كَدَرَ,فَعَلَ يَفْعُلُ ( فتحُ ضمٍّ ),مشترك ,كَدْر,كَدَرَ,كَدَرَتْ,كَدَرَا,كَدَرَتَا,كَدَرُوا,كَدَرْنَ,كَدَرْتَ,كَدَرْتِ,كَدَرْتُمَا,كَدَرْتُمْ,كَدَرْتُنَّ,كَدَرْتُ,كَدَرْنَا
كدر,كَدِرَ,فَعِلَ يَفْعَلُ ( كسر فتح ),لازم,كَدَر,كَدِرَ,كَدِرَتْ,كَدِرَا,كَدِرَتَا,كَدِرُوا,كَدِرْنَ,كَدِرْتَ,كَدِرْتِ,كَدِرْتُمَا,كَدِرْتُمْ,كَدِرْتُنَّ,كَدِرْتُ,كَدِرْنَا
كدر,كَدُرَ,فَعُلَ يَفْعُلُ ( ضمَ ضمٍَ ),لازم,كُدُورَة,كَدُرَ,كَدُرَتْ,كَدُرَا,كَدُرَتَا,كَدُرُوا,كَدُرْنَ,كَدُرْتَ,كَدُرْتِ,كَدُرْتُمَا,كَدُرْتُمْ,كَدُرْتُنَّ,كَدُرْتُ,كَدُرْنَا
كدس,كَدَسَ,فَعَلَ يَفْعِلُ ( فتحُ كَسْرٍ ),مشترك ,كَدْس,كَدَسَ,كَدَسَتْ,كَدَسَا,كَدَسَتَا,كَدَسُوا,كَدَسْنَ,كَدَسْتَ,كَدَسْتِ,كَدَسْتُمَا,كَدَسْتُمْ,كَدَسْتُنَّ,كَدَسْتُ,كَدَسْنَا
كدش,كَدَشَ,فَعَلَ يَفْعِلُ ( فتحُ كَسْرٍ ),مشترك ,كَدْش,كَدَشَ,كَدَشَتْ,كَدَشَا,كَدَشَتَا,كَدَشُوا,كَدَشْنَ,كَدَشْتَ,كَدَشْتِ,كَدَشْتُمَا,كَدَشْتُمْ,كَدَشْتُنَّ,كَدَشْتُ,كَدَشْنَا
كدع,كَدَعَ,فَعَلَ يَفْعَلُ ( فتحتان ),متعدي,كَدْع,كَدَعَ,كَدَعَتْ,كَدَعَا,كَدَعَتَا,كَدَعُوا,كَدَعْنَ,كَدَعْتَ,كَدَعْتِ,كَدَعْتُمَا,كَدَعْتُمْ,كَدَعْتُنَّ,كَدَعْتُ,كَدَعْنَا
كدم,كَدَمَ,فَعَلَ يَفْعُلُ ( فتحُ ضمٍّ ),مشترك ,كَدْم,كَدَمَ,كَدَمَتْ,كَدَمَا,كَدَمَتَا,كَدَمُوا,كَدَمْنَ,كَدَمْتَ,كَدَمْتِ,كَدَمْتُمَا,كَدَمْتُمْ,كَدَمْتُنَّ,كَدَمْتُ,كَدَمْنَا
كدم,كَدَمَ,فَعَلَ يَفْعِلُ ( فتحُ كَسْرٍ ),مشترك ,كَدْم,كَدَمَ,كَدَمَتْ,كَدَمَا,كَدَمَتَا,كَدَمُوا,كَدَمْنَ,كَدَمْتَ,كَدَمْتِ,كَدَمْتُمَا,كَدَمْتُمْ,كَدَمْتُنَّ,كَدَمْتُ,كَدَمْنَا
كدن,كَدَنَ,فَعَلَ يَفْعُلُ ( فتحُ ضمٍّ ),لازم,كُدُون,كَدَنَ,كَدَنَتْ,كَدَنَا,كَدَنَتَا,كَدَنُوا,كَدَنْنَ,كَدَنْتَ,كَدَنْتِ,كَدَنْتُمَا,كَدَنْتُمْ,كَدَنْتُنَّ,كَدَنْتُ,كَدَنْنَا
كدن,كَدِنَ,فَعِلَ يَفْعَلُ ( كسر فتح ),لازم,كَدَن,كَدِنَ,كَدِنَتْ,كَدِنَا,كَدِنَتَا,كَدِنُوا,كَدِنْنَ,كَدِنْتَ,كَدِنْتِ,كَدِنْتُمَا,كَدِنْتُمْ,كَدِنْتُنَّ,كَدِنْتُ,كَدِنْنَا
كده,كَدَهَ,فَعَلَ يَفْعَلُ ( فتحتان ),مشترك ,كَدْه,كَدَهَ,كَدَهَتْ,كَدَهَا,كَدَهَتَا,كَدَهُوا,كَدَهْنَ,كَدَهْتَ,كَدَهْتِ,كَدَهْتُمَا,كَدَهْتُمْ,كَدَهْتُنَّ,كَدَهْتُ,كَدَهْنَا
كذب,كَذَبَ,فَعَلَ يَفْعِلُ ( فتحُ كَسْرٍ ),مشترك ,كَذِب,كَذَبَ,كَذَبَتْ,كَذَبَا,كَذَبَتَا,كَذَبُوا,كَذَبْنَ,كَذَبْتَ,كَذَبْتِ,كَذَبْتُمَا,كَذَبْتُمْ,كَذَبْتُنَّ,كَذَبْتُ,كَذَبْنَا
كرب,كَرَبَ,فَعَلَ يَفْعُلُ ( فتحُ ضمٍّ ),مشترك ,كَرْب,كَرَبَ,كَرَبَتْ,كَرَبَا,كَرَبَتَا,كَرَبُوا,كَرَبْنَ,كَرَبْتَ,كَرَبْتِ,كَرَبْتُمَا,كَرَبْتُمْ,كَرَبْتُنَّ,كَرَبْتُ,كَرَبْنَا
كرب,كَرِبَ,فَعِلَ يَفْعَلُ ( كسر فتح ),لازم,كَرِب,كَرِبَ,كَرِبَتْ,كَرِبَا,كَرِبَتَا,كَرِبُوا,كَرِبْنَ,كَرِبْتَ,كَرِبْتِ,كَرِبْتُمَا,كَرِبْتُمْ,كَرِبْتُنَّ,كَرِبْتُ,كَرِبْنَا
كرث,كَرَثَ,فَعَلَ يَفْعُلُ ( فتحُ ضمٍّ ),متعدي,كَرْث,كَرَثَ,كَرَثَتْ,كَرَثَا,كَرَثَتَا,كَرَثُوا,كَرَثْنَ,كَرَثْتَ,كَرَثْتِ,كَرَثْتُمَا,كَرَثْتُمْ,كَرَثْتُنَّ,كَرَثْتُ,كَرَثْنَا
كرث,كَرَثَ,فَعَلَ يَفْعِلُ ( فتحُ كَسْرٍ ),متعدي,كَرْث,كَرَثَ,كَرَثَتْ,كَرَثَا,كَرَثَتَا,كَرَثُوا,كَرَثْنَ,كَرَثْتَ,كَرَثْتِ,كَرَثْتُمَا,كَرَثْتُمْ,كَرَثْتُنَّ,كَرَثْتُ,كَرَثْنَا
كرج,كَرِجَ,فَعِلَ يَفْعَلُ ( كسر فتح ),لازم,كَرَج,كَرِجَ,كَرِجَتْ,كَرِجَا,كَرِجَتَا,كَرِجُوا,كَرِجْنَ,كَرِجْتَ,كَرِجْتِ,كَرِجْتُمَا,كَرِجْتُمْ,كَرِجْتُنَّ,كَرِجْتُ,كَرِجْنَا
كرد,كَرَدَ,فَعَلَ يَفْعُلُ ( فتحُ ضمٍّ ),متعدي,كَرْد,كَرَدَ,كَرَدَتْ,كَرَدَا,كَرَدَتَا,كَرَدُوا,كَرَدْنَ,كَرَدْتَ,كَرَدْتِ,كَرَدْتُمَا,كَرَدْتُمْ,كَرَدْتُنَّ,كَرَدْتُ,كَرَدْنَا
خرد,خَرِدَ,فَعِلَ يَفْعَلُ ( كسر فتح ),لازم,خَرَد,خَرِدَ,خَرِدَتْ,خَرِدَا,خَرِدَتَا,خَرِدُوا,خَرِدْنَ,خَرِدْتَ,خَرِدْتِ,خَرِدْتُمَا,خَرِدْتُمْ,خَرِدْتُنَّ,خَرِدْتُ,خَرِدْنَا
كرز,كَرَزَ,فَعَلَ يَفْعِلُ ( فتحُ كَسْرٍ ),مشترك ,كَرْز,كَرَزَ,كَرَزَتْ,كَرَزَا,كَرَزَتَا,كَرَزُوا,كَرَزْنَ,كَرَزْتَ,كَرَزْتِ,كَرَزْتُمَا,كَرَزْتُمْ,كَرَزْتُنَّ,كَرَزْتُ,كَرَزْنَا
كرز,كَرِزَ,فَعِلَ يَفْعَلُ ( كسر فتح ),لازم,كَرَز,كَرِزَ,كَرِزَتْ,كَرِزَا,كَرِزَتَا,كَرِزُوا,كَرِزْنَ,كَرِزْتَ,كَرِزْتِ,كَرِزْتُمَا,كَرِزْتُمْ,كَرِزْتُنَّ,كَرِزْتُ,كَرِزْنَا
كرس,كَرِسَ,فَعِلَ يَفْعَلُ ( كسر فتح ),لازم,كَرَس,كَرِسَ,كَرِسَتْ,كَرِسَا,كَرِسَتَا,كَرِسُوا,كَرِسْنَ,كَرِسْتَ,كَرِسْتِ,كَرِسْتُمَا,كَرِسْتُمْ,كَرِسْتُنَّ,كَرِسْتُ,كَرِسْنَا
كرش,كَرِشَ,فَعِلَ يَفْعَلُ ( كسر فتح ),لازم,كَرَش,كَرِشَ,كَرِشَتْ,كَرِشَا,كَرِشَتَا,كَرِشُوا,كَرِشْنَ,كَرِشْتَ,كَرِشْتِ,كَرِشْتُمَا,كَرِشْتُمْ,كَرِشْتُنَّ,كَرِشْتُ,كَرِشْنَا
كرص,كَرَصَ,فَعَلَ يَفْعِلُ ( فتحُ كَسْرٍ ),متعدي,كَرْص,كَرَصَ,كَرَصَتْ,كَرَصَا,كَرَصَتَا,كَرَصُوا,كَرَصْنَ,كَرَصْتَ,كَرَصْتِ,كَرَصْتُمَا,كَرَصْتُمْ,كَرَصْتُنَّ,كَرَصْتُ,كَرَصْنَا
كرض,كَرَضَ,فَعَلَ يَفْعِلُ ( فتحُ كَسْرٍ ),مشترك ,كَرْض,كَرَضَ,كَرَضَتْ,كَرَضَا,كَرَضَتَا,كَرَضُوا,كَرَضْنَ,كَرَضْتَ,كَرَضْتِ,كَرَضْتُمَا,كَرَضْتُمْ,كَرَضْتُنَّ,كَرَضْتُ,كَرَضْنَا
كرظ,كَرَظَ,فَعَلَ يَفْعُلُ ( فتحُ ضمٍّ ),مشترك ,كَرْظ,كَرَظَ,كَرَظَتْ,كَرَظَا,كَرَظَتَا,كَرَظُوا,كَرَظْنَ,كَرَظْتَ,كَرَظْتِ,كَرَظْتُمَا,كَرَظْتُمْ,كَرَظْتُنَّ,كَرَظْتُ,كَرَظْنَا
كرع,كَرَعَ,فَعَلَ يَفْعَلُ ( فتحتان ),مشترك ,كَرْع,كَرَعَ,كَرَعَتْ,كَرَعَا,كَرَعَتَا,كَرَعُوا,كَرَعْنَ,كَرَعْتَ,كَرَعْتِ,كَرَعْتُمَا,كَرَعْتُمْ,كَرَعْتُنَّ,كَرَعْتُ,كَرَعْنَا
كرع,كَرِعَ,فَعِلَ يَفْعَلُ ( كسر فتح ),لازم,كَرَع,كَرِعَ,كَرِعَتْ,كَرِعَا,كَرِعَتَا,كَرِعُوا,كَرِعْنَ,كَرِعْتَ,كَرِعْتِ,كَرِعْتُمَا,كَرِعْتُمْ,كَرِعْتُنَّ,كَرِعْتُ,كَرِعْنَا
كرف,كَرَفَ,فَعَلَ يَفْعُلُ ( فتحُ ضمٍّ ),مشترك ,كَرْف,كَرَفَ,كَرَفَتْ,كَرَفَا,كَرَفَتَا,كَرَفُوا,كَرَفْنَ,كَرَفْتَ,كَرَفْتِ,كَرَفْتُمَا,كَرَفْتُمْ,كَرَفْتُنَّ,كَرَفْتُ,كَرَفْنَا
كرف,كَرَفَ,فَعَلَ يَفْعِلُ ( فتحُ كَسْرٍ ),مشترك ,كَرْف,كَرَفَ,كَرَفَتْ,كَرَفَا,كَرَفَتَا,كَرَفُوا,كَرَفْنَ,كَرَفْتَ,كَرَفْتِ,كَرَفْتُمَا,كَرَفْتُمْ,كَرَفْتُنَّ,كَرَفْتُ,كَرَفْنَا
كرم,كَرَمَ,فَعَلَ يَفْعُلُ ( فتحُ ضمٍّ ),متعدي,كَرْم,كَرَمَ,كَرَمَتْ,كَرَمَا,كَرَمَتَا,كَرَمُوا,كَرَمْنَ,كَرَمْتَ,كَرَمْتِ,كَرَمْتُمَا,كَرَمْتُمْ,كَرَمْتُنَّ,كَرَمْتُ,كَرَمْنَا
كرم,كَرُمَ,فَعُلَ يَفْعُلُ ( ضمَ ضمٍَ ),لازم,كَرَامَة,كَرُمَ,كَرُمَتْ,كَرُمَا,كَرُمَتَا,كَرُمُوا,كَرُمْنَ,كَرُمْتَ,كَرُمْتِ,كَرُمْتُمَا,كَرُمْتُمْ,كَرُمْتُنَّ,كَرُمْتُ,كَرُمْنَا
كره,كَرِهَ,فَعِلَ يَفْعَلُ ( كسر فتح ),مشترك ,كَرَاهِيَة,كَرِهَ,كَرِهَتْ,كَرِهَا,كَرِهَتَا,كَرِهُوا,كَرِهْنَ,كَرِهْتَ,كَرِهْتِ,كَرِهْتُمَا,كَرِهْتُمْ,كَرِهْتُنَّ,كَرِهْتُ,كَرِهْنَا
كره,كَرُهَ,فَعُلَ يَفْعُلُ ( ضمَ ضمٍَ ),لازم,كُرُوهَة,كَرُهَ,كَرُهَتْ,كَرُهَا,كَرُهَتَا,كَرُهُوا,كَرُهْنَ,كَرُهْتَ,كَرُهْتِ,كَرُهْتُمَا,كَرُهْتُمْ,كَرُهْتُنَّ,كَرُهْتُ,كَرُهْنَا
كزب,كَزِبَ,فَعِلَ يَفْعَلُ ( كسر فتح ),لازم,كَزِب,كَزِبَ,كَزِبَتْ,كَزِبَا,كَزِبَتَا,كَزِبُوا,كَزِبْنَ,كَزِبْتَ,كَزِبْتِ,كَزِبْتُمَا,كَزِبْتُمْ,كَزِبْتُنَّ,كَزِبْتُ,كَزِبْنَا
كزم,كَزَمَ,فَعَلَ يَفْعُلُ ( فتحُ ضمٍّ ),متعدي,كَزْم,كَزَمَ,كَزَمَتْ,كَزَمَا,كَزَمَتَا,كَزَمُوا,كَزَمْنَ,كَزَمْتَ,كَزَمْتِ,كَزَمْتُمَا,كَزَمْتُمْ,كَزَمْتُنَّ,كَزَمْتُ,كَزَمْنَا
كزم,كَزَمَ,فَعَلَ يَفْعِلُ ( فتحُ كَسْرٍ ),لازم,كَزْم,كَزَمَ,كَزَمَتْ,كَزَمَا,كَزَمَتَا,كَزَمُوا,كَزَمْنَ,كَزَمْتَ,كَزَمْتِ,كَزَمْتُمَا,كَزَمْتُمْ,كَزَمْتُنَّ,كَزَمْتُ,كَزَمْنَا
كزم,كَزِمَ,فَعِلَ يَفْعَلُ ( كسر فتح ),لازم,كَزَم,كَزِمَ,كَزِمَتْ,كَزِمَا,كَزِمَتَا,كَزِمُوا,كَزِمْنَ,كَزِمْتَ,كَزِمْتِ,كَزِمْتُمَا,كَزِمْتُمْ,كَزِمْتُنَّ,كَزِمْتُ,كَزِمْنَا
كسب,كَسَبَ,فَعَلَ يَفْعِلُ ( فتحُ كَسْرٍ ),مشترك ,كَسْب,كَسَبَ,كَسَبَتْ,كَسَبَا,كَسَبَتَا,كَسَبُوا,كَسَبْنَ,كَسَبْتَ,كَسَبْتِ,كَسَبْتُمَا,كَسَبْتُمْ,كَسَبْتُنَّ,كَسَبْتُ,كَسَبْنَا
كسح,كَسَحَ,فَعَلَ يَفْعَلُ ( فتحتان ),مشترك ,كَسْح,كَسَحَ,كَسَحَتْ,كَسَحَا,كَسَحَتَا,كَسَحُوا,كَسَحْنَ,كَسَحْتَ,كَسَحْتِ,كَسَحْتُمَا,كَسَحْتُمْ,كَسَحْتُنَّ,كَسَحْتُ,كَسَحْنَا
كسح,كَسِحَ,فَعِلَ يَفْعَلُ ( كسر فتح ),لازم,كَسَح,كَسِحَ,كَسِحَتْ,كَسِحَا,كَسِحَتَا,كَسِحُوا,كَسِحْنَ,كَسِحْتَ,كَسِحْتِ,كَسِحْتُمَا,كَسِحْتُمْ,كَسِحْتُنَّ,كَسِحْتُ,كَسِحْنَا
كسد,كَسَدَ,فَعَلَ يَفْعُلُ ( فتحُ ضمٍّ ),لازم,كَسَاد,كَسَدَ,كَسَدَتْ,كَسَدَا,كَسَدَتَا,كَسَدُوا,كَسَدْنَ,كَسَدْتَ,كَسَدْتِ,كَسَدْتُمَا,كَسَدْتُمْ,كَسَدْتُنَّ,كَسَدْتُ,كَسَدْنَا
كسد,كَسُدَ,فَعُلَ يَفْعُلُ ( ضمَ ضمٍَ ),لازم,كُسُودَة,كَسُدَ,كَسُدَتْ,كَسُدَا,كَسُدَتَا,كَسُدُوا,كَسُدْنَ,كَسُدْتَ,كَسُدْتِ,كَسُدْتُمَا,كَسُدْتُمْ,كَسُدْتُنَّ,كَسُدْتُ,كَسُدْنَا
كسر,كَسَرَ,فَعَلَ يَفْعِلُ ( فتحُ كَسْرٍ ),مشترك ,كَسْر,كَسَرَ,كَسَرَتْ,كَسَرَا,كَسَرَتَا,كَسَرُوا,كَسَرْنَ,كَسَرْتَ,كَسَرْتِ,كَسَرْتُمَا,كَسَرْتُمْ,كَسَرْتُنَّ,كَسَرْتُ,كَسَرْنَا
كسع,كَسَعَ,فَعَلَ يَفْعَلُ ( فتحتان ),مشترك ,كَسْع,كَسَعَ,كَسَعَتْ,كَسَعَا,كَسَعَتَا,كَسَعُوا,كَسَعْنَ,كَسَعْتَ,كَسَعْتِ,كَسَعْتُمَا,كَسَعْتُمْ,كَسَعْتُنَّ,كَسَعْتُ,كَسَعْنَا
كسف,كَسَفَ,فَعَلَ يَفْعِلُ ( فتحُ كَسْرٍ ),مشترك ,كَسَف,كَسَفَ,كَسَفَتْ,كَسَفَا,كَسَفَتَا,كَسَفُوا,كَسَفْنَ,كَسَفْتَ,كَسَفْتِ,كَسَفْتُمَا,كَسَفْتُمْ,كَسَفْتُنَّ,كَسَفْتُ,كَسَفْنَا
كسل,كَسِلَ,فَعِلَ يَفْعَلُ ( كسر فتح ),لازم,كَسَل,كَسِلَ,كَسِلَتْ,كَسِلَا,كَسِلَتَا,كَسِلُوا,كَسِلْنَ,كَسِلْتَ,كَسِلْتِ,كَسِلْتُمَا,كَسِلْتُمْ,كَسِلْتُنَّ,كَسِلْتُ,كَسِلْنَا
كسم,كَسَمَ,فَعَلَ يَفْعِلُ ( فتحُ كَسْرٍ ),مشترك ,كَسْم,كَسَمَ,كَسَمَتْ,كَسَمَا,كَسَمَتَا,كَسَمُوا,كَسَمْنَ,كَسَمْتَ,كَسَمْتِ,كَسَمْتُمَا,كَسَمْتُمْ,كَسَمْتُنَّ,كَسَمْتُ,كَسَمْنَا
كشب,كَشَبَ,فَعَلَ يَفْعِلُ ( فتحُ كَسْرٍ ),متعدي,كَشْب,كَشَبَ,كَشَبَتْ,كَشَبَا,كَشَبَتَا,كَشَبُوا,كَشَبْنَ,كَشَبْتَ,كَشَبْتِ,كَشَبْتُمَا,كَشَبْتُمْ,كَشَبْتُنَّ,كَشَبْتُ,كَشَبْنَا
كشح,كَشَحَ,فَعَلَ يَفْعَلُ ( فتحتان ),مشترك ,كَشْح,كَشَحَ,كَشَحَتْ,كَشَحَا,كَشَحَتَا,كَشَحُوا,كَشَحْنَ,كَشَحْتَ,كَشَحْتِ,كَشَحْتُمَا,كَشَحْتُمْ,كَشَحْتُنَّ,كَشَحْتُ,كَشَحْنَا
كشح,كَشِحَ,فَعِلَ يَفْعَلُ ( كسر فتح ),لازم,كَشَح,كَشِحَ,كَشِحَتْ,كَشِحَا,كَشِحَتَا,كَشِحُوا,كَشِحْنَ,كَشِحْتَ,كَشِحْتِ,كَشِحْتُمَا,كَشِحْتُمْ,كَشِحْتُنَّ,كَشِحْتُ,كَشِحْنَا
كشد,كَشَدَ,فَعَلَ يَفْعِلُ ( فتحُ كَسْرٍ ),مشترك ,كَشْد,كَشَدَ,كَشَدَتْ,كَشَدَا,كَشَدَتَا,كَشَدُوا,كَشَدْنَ,كَشَدْتَ,كَشَدْتِ,كَشَدْتُمَا,كَشَدْتُمْ,كَشَدْتُنَّ,كَشَدْتُ,كَشَدْنَا
كشر,كَشَرَ,فَعَلَ يَفْعِلُ ( فتحُ كَسْرٍ ),لازم,كَشْر,كَشَرَ,كَشَرَتْ,كَشَرَا,كَشَرَتَا,كَشَرُوا,كَشَرْنَ,كَشَرْتَ,كَشَرْتِ,كَشَرْتُمَا,كَشَرْتُمْ,كَشَرْتُنَّ,كَشَرْتُ,كَشَرْنَا
كشر,كَشِرَ,فَعِلَ يَفْعَلُ ( كسر فتح ),لازم,كَشَر,كَشِرَ,كَشِرَتْ,كَشِرَا,كَشِرَتَا,كَشِرُوا,كَشِرْنَ,كَشِرْتَ,كَشِرْتِ,كَشِرْتُمَا,كَشِرْتُمْ,كَشِرْتُنَّ,كَشِرْتُ,كَشِرْنَا
كشط,كَشَطَ,فَعَلَ يَفْعِلُ ( فتحُ كَسْرٍ ),مشترك ,كَشْط,كَشَطَ,كَشَطَتْ,كَشَطَا,كَشَطَتَا,كَشَطُوا,كَشَطْنَ,كَشَطْتَ,كَشَطْتِ,كَشَطْتُمَا,كَشَطْتُمْ,كَشَطْتُنَّ,كَشَطْتُ,كَشَطْنَا
كشع,كَشَعَ,فَعَلَ يَفْعَلُ ( فتحتان ),لازم,كَشْع,كَشَعَ,كَشَعَتْ,كَشَعَا,كَشَعَتَا,كَشَعُوا,كَشَعْنَ,كَشَعْتَ,كَشَعْتِ,كَشَعْتُمَا,كَشَعْتُمْ,كَشَعْتُنَّ,كَشَعْتُ,كَشَعْنَا
كشف,كَشَفَ,فَعَلَ يَفْعِلُ ( فتحُ كَسْرٍ ),مشترك ,كَشْف,كَشَفَ,كَشَفَتْ,كَشَفَا,كَشَفَتَا,كَشَفُوا,كَشَفْنَ,كَشَفْتَ,كَشَفْتِ,كَشَفْتُمَا,كَشَفْتُمْ,كَشَفْتُنَّ,كَشَفْتُ,كَشَفْنَا
كشف,كَشِفَ,فَعِلَ يَفْعَلُ ( كسر فتح ),لازم,كَشَف,كَشِفَ,كَشِفَتْ,كَشِفَا,كَشِفَتَا,كَشِفُوا,كَشِفْنَ,كَشِفْتَ,كَشِفْتِ,كَشِفْتُمَا,كَشِفْتُمْ,كَشِفْتُنَّ,كَشِفْتُ,كَشِفْنَا
كشم,كَشَمَ,فَعَلَ يَفْعُلُ ( فتحُ ضمٍّ ),متعدي,كَشْم,كَشَمَ,كَشَمَتْ,كَشَمَا,كَشَمَتَا,كَشَمُوا,كَشَمْنَ,كَشَمْتَ,كَشَمْتِ,كَشَمْتُمَا,كَشَمْتُمْ,كَشَمْتُنَّ,كَشَمْتُ,كَشَمْنَا
كشم,كَشِمَ,فَعِلَ يَفْعَلُ ( كسر فتح ),لازم,كَشَم,كَشِمَ,كَشِمَتْ,كَشِمَا,كَشِمَتَا,كَشِمُوا,كَشِمْنَ,كَشِمْتَ,كَشِمْتِ,كَشِمْتُمَا,كَشِمْتُمْ,كَشِمْتُنَّ,كَشِمْتُ,كَشِمْنَا
كصم,كَصَمَ,فَعَلَ يَفْعِلُ ( فتحُ كَسْرٍ ),مشترك ,كَصْم,كَصَمَ,كَصَمَتْ,كَصَمَا,كَصَمَتَا,كَصَمُوا,كَصَمْنَ,كَصَمْتَ,كَصَمْتِ,كَصَمْتُمَا,كَصَمْتُمْ,كَصَمْتُنَّ,كَصَمْتُ,كَصَمْنَا
كظب,كَظَبَ,فَعَلَ يَفْعُلُ ( فتحُ ضمٍّ ),لازم,كَظْب,كَظَبَ,كَظَبَتْ,كَظَبَا,كَظَبَتَا,كَظَبُوا,كَظَبْنَ,كَظَبْتَ,كَظَبْتِ,كَظَبْتُمَا,كَظَبْتُمْ,كَظَبْتُنَّ,كَظَبْتُ,كَظَبْنَا
كظر,كَظَرَ,فَعَلَ يَفْعُلُ ( فتحُ ضمٍّ ),متعدي,كَظْر,كَظَرَ,كَظَرَتْ,كَظَرَا,كَظَرَتَا,كَظَرُوا,كَظَرْنَ,كَظَرْتَ,كَظَرْتِ,كَظَرْتُمَا,كَظَرْتُمْ,كَظَرْتُنَّ,كَظَرْتُ,كَظَرْنَا
كظم,كَظَمَ,فَعَلَ يَفْعِلُ ( فتحُ كَسْرٍ ),مشترك ,كَظْم,كَظَمَ,كَظَمَتْ,كَظَمَا,كَظَمَتَا,كَظَمُوا,كَظَمْنَ,كَظَمْتَ,كَظَمْتِ,كَظَمْتُمَا,كَظَمْتُمْ,كَظَمْتُنَّ,كَظَمْتُ,كَظَمْنَا
كظم,كَظُمَ,فَعُلَ يَفْعُلُ ( ضمَ ضمٍَ ),لازم,كَظَامَة,كَظُمَ,كَظُمَتْ,كَظُمَا,كَظُمَتَا,كَظُمُوا,كَظُمْنَ,كَظُمْتَ,كَظُمْتِ,كَظُمْتُمَا,كَظُمْتُمْ,كَظُمْتُنَّ,كَظُمْتُ,كَظُمْنَا
كعب,كَعَبَ,فَعَلَ يَفْعُلُ ( فتحُ ضمٍّ ),لازم,كَعْب,كَعَبَ,كَعَبَتْ,كَعَبَا,كَعَبَتَا,كَعَبُوا,كَعَبْنَ,كَعَبْتَ,كَعَبْتِ,كَعَبْتُمَا,كَعَبْتُمْ,كَعَبْتُنَّ,كَعَبْتُ,كَعَبْنَا
كعب,كَعَبَ,فَعَلَ يَفْعَلُ ( فتحتان ),متعدي,كُعُوب,كَعَبَ,كَعَبَتْ,كَعَبَا,كَعَبَتَا,كَعَبُوا,كَعَبْنَ,كَعَبْتَ,كَعَبْتِ,كَعَبْتُمَا,كَعَبْتُمْ,كَعَبْتُنَّ,كَعَبْتُ,كَعَبْنَا
كعر,كَعِرَ,فَعِلَ يَفْعَلُ ( كسر فتح ),لازم,كَعَر,كَعِرَ,كَعِرَتْ,كَعِرَا,كَعِرَتَا,كَعِرُوا,كَعِرْنَ,كَعِرْتَ,كَعِرْتِ,كَعِرْتُمَا,كَعِرْتُمْ,كَعِرْتُنَّ,كَعِرْتُ,كَعِرْنَا
كعز,كَعَزَ,فَعَلَ يَفْعَلُ ( فتحتان ),لازم,كَعْز,كَعَزَ,كَعَزَتْ,كَعَزَا,كَعَزَتَا,كَعَزُوا,كَعَزْنَ,كَعَزْتَ,كَعَزْتِ,كَعَزْتُمَا,كَعَزْتُمْ,كَعَزْتُنَّ,كَعَزْتُ,كَعَزْنَا
كعل,كَعُلَ,فَعُلَ يَفْعُلُ ( ضمَ ضمٍَ ),لازم,كَعَالَة,كَعُلَ,كَعُلَتْ,كَعُلَا,كَعُلَتَا,كَعُلُوا,كَعُلْنَ,كَعُلْتَ,كَعُلْتِ,كَعُلْتُمَا,كَعُلْتُمْ,كَعُلْتُنَّ,كَعُلْتُ,كَعُلْنَا
كعم,كَعَمَ,فَعَلَ يَفْعَلُ ( فتحتان ),متعدي,كَعْم,كَعَمَ,كَعَمَتْ,كَعَمَا,كَعَمَتَا,كَعَمُوا,كَعَمْنَ,كَعَمْتَ,كَعَمْتِ,كَعَمْتُمَا,كَعَمْتُمْ,كَعَمْتُنَّ,كَعَمْتُ,كَعَمْنَا
كفت,كَفَتَ,فَعَلَ يَفْعِلُ ( فتحُ كَسْرٍ ),مشترك ,كَفْت,كَفَتَ,كَفَتَتْ,كَفَتَا,كَفَتَتَا,كَفَتُوا,كَفَتْنَ,كَفَتْتَ,كَفَتْتِ,كَفَتْتُمَا,كَفَتْتُمْ,كَفَتْتُنَّ,كَفَتْتُ,كَفَتْنَا
كفح,كَفَحَ,فَعَلَ يَفْعَلُ ( فتحتان ),متعدي,كَفْح,كَفَحَ,كَفَحَتْ,كَفَحَا,كَفَحَتَا,كَفَحُوا,كَفَحْنَ,كَفَحْتَ,كَفَحْتِ,كَفَحْتُمَا,كَفَحْتُمْ,كَفَحْتُنَّ,كَفَحْتُ,كَفَحْنَا
كفح,كَفِحَ,فَعِلَ يَفْعَلُ ( كسر فتح ),لازم,كَفَح,كَفِحَ,كَفِحَتْ,كَفِحَا,كَفِحَتَا,كَفِحُوا,كَفِحْنَ,كَفِحْتَ,كَفِحْتِ,كَفِحْتُمَا,كَفِحْتُمْ,كَفِحْتُنَّ,كَفِحْتُ,كَفِحْنَا
كفخ,كَفَخَ,فَعَلَ يَفْعَلُ ( فتحتان ),متعدي,كَفْخ,كَفَخَ,كَفَخَتْ,كَفَخَا,كَفَخَتَا,كَفَخُوا,كَفَخْنَ,كَفَخْتَ,كَفَخْتِ,كَفَخْتُمَا,كَفَخْتُمْ,كَفَخْتُنَّ,كَفَخْتُ,كَفَخْنَا
كفر,كَفَرَ,فَعَلَ يَفْعُلُ ( فتحُ ضمٍّ ),مشترك ,كَفْر,كَفَرَ,كَفَرَتْ,كَفَرَا,كَفَرَتَا,كَفَرُوا,كَفَرْنَ,كَفَرْتَ,كَفَرْتِ,كَفَرْتُمَا,كَفَرْتُمْ,كَفَرْتُنَّ,كَفَرْتُ,كَفَرْنَا
كفر,كَفَرَ,فَعَلَ يَفْعِلُ ( فتحُ كَسْرٍ ),مشترك ,كُفْر,كَفَرَ,كَفَرَتْ,كَفَرَا,كَفَرَتَا,كَفَرُوا,كَفَرْنَ,كَفَرْتَ,كَفَرْتِ,كَفَرْتُمَا,كَفَرْتُمْ,كَفَرْتُنَّ,كَفَرْتُ,كَفَرْنَا
كفس,كَفِسَ,فَعِلَ يَفْعَلُ ( كسر فتح ),لازم,كَفَس,كَفِسَ,كَفِسَتْ,كَفِسَا,كَفِسَتَا,كَفِسُوا,كَفِسْنَ,كَفِسْتَ,كَفِسْتِ,كَفِسْتُمَا,كَفِسْتُمْ,كَفِسْتُنَّ,كَفِسْتُ,كَفِسْنَا
كفل,كَفَلَ,فَعَلَ يَفْعُلُ ( فتحُ ضمٍّ ),مشترك ,كَفْل,كَفَلَ,كَفَلَتْ,كَفَلَا,كَفَلَتَا,كَفَلُوا,كَفَلْنَ,كَفَلْتَ,كَفَلْتِ,كَفَلْتُمَا,كَفَلْتُمْ,كَفَلْتُنَّ,كَفَلْتُ,كَفَلْنَا
كفل,كَفَلَ,فَعَلَ يَفْعِلُ ( فتحُ كَسْرٍ ),مشترك ,كَفَالَة,كَفَلَ,كَفَلَتْ,كَفَلَا,كَفَلَتَا,كَفَلُوا,كَفَلْنَ,كَفَلْتَ,كَفَلْتِ,كَفَلْتُمَا,كَفَلْتُمْ,كَفَلْتُنَّ,كَفَلْتُ,كَفَلْنَا
كفل,كَفِلَ,فَعِلَ يَفْعَلُ ( كسر فتح ),مشترك ,كَفْل,كَفِلَ,كَفِلَتْ,كَفِلَا,كَفِلَتَا,كَفِلُوا,كَفِلْنَ,كَفِلْتَ,كَفِلْتِ,كَفِلْتُمَا,كَفِلْتُمْ,كَفِلْتُنَّ,كَفِلْتُ,كَفِلْنَا
خرز,خَرَزَ,فَعَلَ يَفْعُلُ ( فتحُ ضمٍّ ),متعدي,خَرْز,خَرَزَ,خَرَزَتْ,خَرَزَا,خَرَزَتَا,خَرَزُوا,خَرَزْنَ,خَرَزْتَ,خَرَزْتِ,خَرَزْتُمَا,خَرَزْتُمْ,خَرَزْتُنَّ,خَرَزْتُ,خَرَزْنَا
كفل,كَفُلَ,فَعُلَ يَفْعُلُ ( ضمَ ضمٍَ ),لازم,كَفَالَة,كَفُلَ,كَفُلَتْ,كَفُلَا,كَفُلَتَا,كَفُلُوا,كَفُلْنَ,كَفُلْتَ,كَفُلْتِ,كَفُلْتُمَا,كَفُلْتُمْ,كَفُلْتُنَّ,كَفُلْتُ,كَفُلْنَا
كفن,كَفَنَ,فَعَلَ يَفْعِلُ ( فتحُ كَسْرٍ ),مشترك ,كَفْن,كَفَنَ,كَفَنَتْ,كَفَنَا,كَفَنَتَا,كَفَنُوا,كَفَنْنَ,كَفَنْتَ,كَفَنْتِ,كَفَنْتُمَا,كَفَنْتُمْ,كَفَنْتُنَّ,كَفَنْتُ,كَفَنْنَا
كلب,كَلَبَ,فَعَلَ يَفْعُلُ ( فتحُ ضمٍّ ),متعدي,كَلْب,كَلَبَ,كَلَبَتْ,كَلَبَا,كَلَبَتَا,كَلَبُوا,كَلَبْنَ,كَلَبْتَ,كَلَبْتِ,كَلَبْتُمَا,كَلَبْتُمْ,كَلَبْتُنَّ,كَلَبْتُ,كَلَبْنَا
كلب,كَلِبَ,فَعِلَ يَفْعَلُ ( كسر فتح ),لازم,كَلَب,كَلِبَ,كَلِبَتْ,كَلِبَا,كَلِبَتَا,كَلِبُوا,كَلِبْنَ,كَلِبْتَ,كَلِبْتِ,كَلِبْتُمَا,كَلِبْتُمْ,كَلِبْتُنَّ,كَلِبْتُ,كَلِبْنَا
كلت,كَلَتَ,فَعَلَ يَفْعِلُ ( فتحُ كَسْرٍ ),متعدي,كَلْت,كَلَتَ,كَلَتَتْ,كَلَتَا,كَلَتَتَا,كَلَتُوا,كَلَتْنَ,كَلَتْتَ,كَلَتْتِ,كَلَتْتُمَا,كَلَتْتُمْ,كَلَتْتُنَّ,كَلَتْتُ,كَلَتْنَا
كلح,كَلَحَ,فَعَلَ يَفْعَلُ ( فتحتان ),لازم,كُلُوح,كَلَحَ,كَلَحَتْ,كَلَحَا,كَلَحَتَا,كَلَحُوا,كَلَحْنَ,كَلَحْتَ,كَلَحْتِ,كَلَحْتُمَا,كَلَحْتُمْ,كَلَحْتُنَّ,كَلَحْتُ,كَلَحْنَا
كلد,كَلَدَ,فَعَلَ يَفْعِلُ ( فتحُ كَسْرٍ ),متعدي,كَلْد,كَلَدَ,كَلَدَتْ,كَلَدَا,كَلَدَتَا,كَلَدُوا,كَلَدْنَ,كَلَدْتَ,كَلَدْتِ,كَلَدْتُمَا,كَلَدْتُمْ,كَلَدْتُنَّ,كَلَدْتُ,كَلَدْنَا
كلز,كَلَزَ,فَعَلَ يَفْعِلُ ( فتحُ كَسْرٍ ),متعدي,كَلْز,كَلَزَ,كَلَزَتْ,كَلَزَا,كَلَزَتَا,كَلَزُوا,كَلَزْنَ,كَلَزْتَ,كَلَزْتِ,كَلَزْتُمَا,كَلَزْتُمْ,كَلَزْتُنَّ,كَلَزْتُ,كَلَزْنَا
كلس,كَلَسَ,فَعَلَ يَفْعِلُ ( فتحُ كَسْرٍ ),متعدي,كَلْس,كَلَسَ,كَلَسَتْ,كَلَسَا,كَلَسَتَا,كَلَسُوا,كَلَسْنَ,كَلَسْتَ,كَلَسْتِ,كَلَسْتُمَا,كَلَسْتُمْ,كَلَسْتُنَّ,كَلَسْتُ,كَلَسْنَا
كلس,كَلِسَ,فَعِلَ يَفْعَلُ ( كسر فتح ),لازم,كَلَس,كَلِسَ,كَلِسَتْ,كَلِسَا,كَلِسَتَا,كَلِسُوا,كَلِسْنَ,كَلِسْتَ,كَلِسْتِ,كَلِسْتُمَا,كَلِسْتُمْ,كَلِسْتُنَّ,كَلِسْتُ,كَلِسْنَا
كلع,كَلَعَ,فَعَلَ يَفْعَلُ ( فتحتان ),لازم,كَلْع,كَلَعَ,كَلَعَتْ,كَلَعَا,كَلَعَتَا,كَلَعُوا,كَلَعْنَ,كَلَعْتَ,كَلَعْتِ,كَلَعْتُمَا,كَلَعْتُمْ,كَلَعْتُنَّ,كَلَعْتُ,كَلَعْنَا
كلع,كَلِعَ,فَعِلَ يَفْعَلُ ( كسر فتح ),لازم,كَلَع,كَلِعَ,كَلِعَتْ,كَلِعَا,كَلِعَتَا,كَلِعُوا,كَلِعْنَ,كَلِعْتَ,كَلِعْتِ,كَلِعْتُمَا,كَلِعْتُمْ,كَلِعْتُنَّ,كَلِعْتُ,كَلِعْنَا
كلف,كَلِفَ,فَعِلَ يَفْعَلُ ( كسر فتح ),مشترك ,كَلَف,كَلِفَ,كَلِفَتْ,كَلِفَا,كَلِفَتَا,كَلِفُوا,كَلِفْنَ,كَلِفْتَ,كَلِفْتِ,كَلِفْتُمَا,كَلِفْتُمْ,كَلِفْتُنَّ,كَلِفْتُ,كَلِفْنَا
كلم,كَلَمَ,فَعَلَ يَفْعِلُ ( فتحُ كَسْرٍ ),متعدي,كَلْم,كَلَمَ,كَلَمَتْ,كَلَمَا,كَلَمَتَا,كَلَمُوا,كَلَمْنَ,كَلَمْتَ,كَلَمْتِ,كَلَمْتُمَا,كَلَمْتُمْ,كَلَمْتُنَّ,كَلَمْتُ,كَلَمْنَا
كمت,كَمَتَ,فَعَلَ يَفْعُلُ ( فتحُ ضمٍّ ),متعدي,كُمُوت,كَمَتَ,كَمَتَتْ,كَمَتَا,كَمَتَتَا,كَمَتُوا,كَمَتْنَ,كَمَتْتَ,كَمَتْتِ,كَمَتْتُمَا,كَمَتْتُمْ,كَمَتْتُنَّ,كَمَتْتُ,كَمَتْنَا
كمت,كَمُتَ,فَعُلَ يَفْعُلُ ( ضمَ ضمٍَ ),لازم,كُمْتَة,كَمُتَ,كَمُتَتْ,كَمُتَا,كَمُتَتَا,كَمُتُوا,كَمُتْنَ,كَمُتْتَ,كَمُتْتِ,كَمُتْتُمَا,كَمُتْتُمْ,كَمُتْتُنَّ,كَمُتْتُ,كَمُتْنَا
كمح,كَمَحَ,فَعَلَ يَفْعَلُ ( فتحتان ),متعدي,كَمْح,كَمَحَ,كَمَحَتْ,كَمَحَا,كَمَحَتَا,كَمَحُوا,كَمَحْنَ,كَمَحْتَ,كَمَحْتِ,كَمَحْتُمَا,كَمَحْتُمْ,كَمَحْتُنَّ,كَمَحْتُ,كَمَحْنَا
كمخ,كَمَخَ,فَعَلَ يَفْعَلُ ( فتحتان ),مشترك ,كُمُوخ,كَمَخَ,كَمَخَتْ,كَمَخَا,كَمَخَتَا,كَمَخُوا,كَمَخْنَ,كَمَخْتَ,كَمَخْتِ,كَمَخْتُمَا,كَمَخْتُمْ,كَمَخْتُنَّ,كَمَخْتُ,كَمَخْنَا
كمد,كَمَدَ,فَعَلَ يَفْعُلُ ( فتحُ ضمٍّ ),مشترك ,كَمْد,كَمَدَ,كَمَدَتْ,كَمَدَا,كَمَدَتَا,كَمَدُوا,كَمَدْنَ,كَمَدْتَ,كَمَدْتِ,كَمَدْتُمَا,كَمَدْتُمْ,كَمَدْتُنَّ,كَمَدْتُ,كَمَدْنَا
كمد,كَمِدَ,فَعِلَ يَفْعَلُ ( كسر فتح ),لازم,كَمَد,كَمِدَ,كَمِدَتْ,كَمِدَا,كَمِدَتَا,كَمِدُوا,كَمِدْنَ,كَمِدْتَ,كَمِدْتِ,كَمِدْتُمَا,كَمِدْتُمْ,كَمِدْتُنَّ,كَمِدْتُ,كَمِدْنَا
كمر,كَمِرَ,فَعِلَ يَفْعَلُ ( كسر فتح ),لازم,كَمَر,كَمِرَ,كَمِرَتْ,كَمِرَا,كَمِرَتَا,كَمِرُوا,كَمِرْنَ,كَمِرْتَ,كَمِرْتِ,كَمِرْتُمَا,كَمِرْتُمْ,كَمِرْتُنَّ,كَمِرْتُ,كَمِرْنَا
خرز,خَرَزَ,فَعَلَ يَفْعِلُ ( فتحُ كَسْرٍ ),متعدي,خَرْز,خَرَزَ,خَرَزَتْ,خَرَزَا,خَرَزَتَا,خَرَزُوا,خَرَزْنَ,خَرَزْتَ,خَرَزْتِ,خَرَزْتُمَا,خَرَزْتُمْ,خَرَزْتُنَّ,خَرَزْتُ,خَرَزْنَا
كمز,كَمَزَ,فَعَلَ يَفْعِلُ ( فتحُ كَسْرٍ ),متعدي,كَمْز,كَمَزَ,كَمَزَتْ,كَمَزَا,كَمَزَتَا,كَمَزُوا,كَمَزْنَ,كَمَزْتَ,كَمَزْتِ,كَمَزْتُمَا,كَمَزْتُمْ,كَمَزْتُنَّ,كَمَزْتُ,كَمَزْنَا
كمس,كَمَسَ,فَعَلَ يَفْعُلُ ( فتحُ ضمٍّ ),لازم,كُمُوس,كَمَسَ,كَمَسَتْ,كَمَسَا,كَمَسَتَا,كَمَسُوا,كَمَسْنَ,كَمَسْتَ,كَمَسْتِ,كَمَسْتُمَا,كَمَسْتُمْ,كَمَسْتُنَّ,كَمَسْتُ,كَمَسْنَا
كمش,كَمَشَ,فَعَلَ يَفْعُلُ ( فتحُ ضمٍّ ),مشترك ,كَمْش,كَمَشَ,كَمَشَتْ,كَمَشَا,كَمَشَتَا,كَمَشُوا,كَمَشْنَ,كَمَشْتَ,كَمَشْتِ,كَمَشْتُمَا,كَمَشْتُمْ,كَمَشْتُنَّ,كَمَشْتُ,كَمَشْنَا
كمش,كَمِشَ,فَعِلَ يَفْعَلُ ( كسر فتح ),لازم,كَمَش,كَمِشَ,كَمِشَتْ,كَمِشَا,كَمِشَتَا,كَمِشُوا,كَمِشْنَ,كَمِشْتَ,كَمِشْتِ,كَمِشْتُمَا,كَمِشْتُمْ,كَمِشْتُنَّ,كَمِشْتُ,كَمِشْنَا
كمش,كَمُشَ,فَعُلَ يَفْعُلُ ( ضمَ ضمٍَ ),لازم,كَمَاشَة,كَمُشَ,كَمُشَتْ,كَمُشَا,كَمُشَتَا,كَمُشُوا,كَمُشْنَ,كَمُشْتَ,كَمُشْتِ,كَمُشْتُمَا,كَمُشْتُمْ,كَمُشْتُنَّ,كَمُشْتُ,كَمُشْنَا
كمع,كَمَعَ,فَعَلَ يَفْعَلُ ( فتحتان ),مشترك ,كَمْع,كَمَعَ,كَمَعَتْ,كَمَعَا,كَمَعَتَا,كَمَعُوا,كَمَعْنَ,كَمَعْتَ,كَمَعْتِ,كَمَعْتُمَا,كَمَعْتُمْ,كَمَعْتُنَّ,كَمَعْتُ,كَمَعْنَا
كمل,كَمَلَ,فَعَلَ يَفْعُلُ ( فتحُ ضمٍّ ),لازم,كَمَال,كَمَلَ,كَمَلَتْ,كَمَلَا,كَمَلَتَا,كَمَلُوا,كَمَلْنَ,كَمَلْتَ,كَمَلْتِ,كَمَلْتُمَا,كَمَلْتُمْ,كَمَلْتُنَّ,كَمَلْتُ,كَمَلْنَا
كمل,كَمِلَ,فَعِلَ يَفْعَلُ ( كسر فتح ),لازم,كَمَال,كَمِلَ,كَمِلَتْ,كَمِلَا,كَمِلَتَا,كَمِلُوا,كَمِلْنَ,كَمِلْتَ,كَمِلْتِ,كَمِلْتُمَا,كَمِلْتُمْ,كَمِلْتُنَّ,كَمِلْتُ,كَمِلْنَا
كمل,كَمُلَ,فَعُلَ يَفْعُلُ ( ضمَ ضمٍَ ),لازم,كَمَال,كَمُلَ,كَمُلَتْ,كَمُلَا,كَمُلَتَا,كَمُلُوا,كَمُلْنَ,كَمُلْتَ,كَمُلْتِ,كَمُلْتُمَا,كَمُلْتُمْ,كَمُلْتُنَّ,كَمُلْتُ,كَمُلْنَا
كمن,كَمَنَ,فَعَلَ يَفْعُلُ ( فتحُ ضمٍّ ),مشترك ,كُمُون,كَمَنَ,كَمَنَتْ,كَمَنَا,كَمَنَتَا,كَمَنُوا,كَمَنْنَ,كَمَنْتَ,كَمَنْتِ,كَمَنْتُمَا,كَمَنْتُمْ,كَمَنْتُنَّ,كَمَنْتُ,كَمَنْنَا
كمن,كَمِنَ,فَعِلَ يَفْعَلُ ( كسر فتح ),لازم,كَمَن,كَمِنَ,كَمِنَتْ,كَمِنَا,كَمِنَتَا,كَمِنُوا,كَمِنْنَ,كَمِنْتَ,كَمِنْتِ,كَمِنْتُمَا,كَمِنْتُمْ,كَمِنْتُنَّ,كَمِنْتُ,كَمِنْنَا
كمه,كَمِهَ,فَعِلَ يَفْعَلُ ( كسر فتح ),لازم,كَمَه,كَمِهَ,كَمِهَتْ,كَمِهَا,كَمِهَتَا,كَمِهُوا,كَمِهْنَ,كَمِهْتَ,كَمِهْتِ,كَمِهْتُمَا,كَمِهْتُمْ,كَمِهْتُنَّ,كَمِهْتُ,كَمِهْنَا
كنب,كَنَبَ,فَعَلَ يَفْعُلُ ( فتحُ ضمٍّ ),مشترك ,كُنُوب,كَنَبَ,كَنَبَتْ,كَنَبَا,كَنَبَتَا,كَنَبُوا,كَنَبْنَ,كَنَبْتَ,كَنَبْتِ,كَنَبْتُمَا,كَنَبْتُمْ,كَنَبْتُنَّ,كَنَبْتُ,كَنَبْنَا
كنب,كَنَبَ,فَعَلَ يَفْعِلُ ( فتحُ كَسْرٍ ),متعدي,كُنُوب,كَنَبَ,كَنَبَتْ,كَنَبَا,كَنَبَتَا,كَنَبُوا,كَنَبْنَ,كَنَبْتَ,كَنَبْتِ,كَنَبْتُمَا,كَنَبْتُمْ,كَنَبْتُنَّ,كَنَبْتُ,كَنَبْنَا
كنب,كَنِبَ,فَعِلَ يَفْعَلُ ( كسر فتح ),لازم,كَنَب,كَنِبَ,كَنِبَتْ,كَنِبَا,كَنِبَتَا,كَنِبُوا,كَنِبْنَ,كَنِبْتَ,كَنِبْتِ,كَنِبْتُمَا,كَنِبْتُمْ,كَنِبْتُنَّ,كَنِبْتُ,كَنِبْنَا
كنت,كَنَتَ,فَعَلَ يَفْعُلُ ( فتحُ ضمٍّ ),لازم,كُنُوت,كَنَتَ,كَنَتَتْ,كَنَتَا,كَنَتَتَا,كَنَتُوا,كَنَتْنَ,كَنَتْتَ,كَنَتْتِ,كَنَتْتُمَا,كَنَتْتُمْ,كَنَتْتُنَّ,كَنَتْتُ,كَنَتْنَا
كنت,كَنِتَ,فَعِلَ يَفْعَلُ ( كسر فتح ),لازم,كَنَت,كَنِتَ,كَنِتَتْ,كَنِتَا,كَنِتَتَا,كَنِتُوا,كَنِتْنَ,كَنِتْتَ,كَنِتْتِ,كَنِتْتُمَا,كَنِتْتُمْ,كَنِتْتُنَّ,كَنِتْتُ,كَنِتْنَا
كند,كَنَدَ,فَعَلَ يَفْعُلُ ( فتحُ ضمٍّ ),مشترك ,كُنُود,كَنَدَ,كَنَدَتْ,كَنَدَا,كَنَدَتَا,كَنَدُوا,كَنَدْنَ,كَنَدْتَ,كَنَدْتِ,كَنَدْتُمَا,كَنَدْتُمْ,كَنَدْتُنَّ,كَنَدْتُ,كَنَدْنَا
كند,كَنَدَ,فَعَلَ يَفْعِلُ ( فتحُ كَسْرٍ ),مشترك ,كُنُود,كَنَدَ,كَنَدَتْ,كَنَدَا,كَنَدَتَا,كَنَدُوا,كَنَدْنَ,كَنَدْتَ,كَنَدْتِ,كَنَدْتُمَا,كَنَدْتُمْ,كَنَدْتُنَّ,كَنَدْتُ,كَنَدْنَا
كنز,كَنَزَ,فَعَلَ يَفْعُلُ ( فتحُ ضمٍّ ),متعدي,كَنْز,كَنَزَ,كَنَزَتْ,كَنَزَا,كَنَزَتَا,كَنَزُوا,كَنَزْنَ,كَنَزْتَ,كَنَزْتِ,كَنَزْتُمَا,كَنَزْتُمْ,كَنَزْتُنَّ,كَنَزْتُ,كَنَزْنَا
كنز,كَنَزَ,فَعَلَ يَفْعِلُ ( فتحُ كَسْرٍ ),متعدي,كَنْز,كَنَزَ,كَنَزَتْ,كَنَزَا,كَنَزَتَا,كَنَزُوا,كَنَزْنَ,كَنَزْتَ,كَنَزْتِ,كَنَزْتُمَا,كَنَزْتُمْ,كَنَزْتُنَّ,كَنَزْتُ,كَنَزْنَا
كنس,كَنَسَ,فَعَلَ يَفْعُلُ ( فتحُ ضمٍّ ),مشترك ,كَنْس,كَنَسَ,كَنَسَتْ,كَنَسَا,كَنَسَتَا,كَنَسُوا,كَنَسْنَ,كَنَسْتَ,كَنَسْتِ,كَنَسْتُمَا,كَنَسْتُمْ,كَنَسْتُنَّ,كَنَسْتُ,كَنَسْنَا
كنس,كَنَسَ,فَعَلَ يَفْعِلُ ( فتحُ كَسْرٍ ),مشترك ,كَنْس,كَنَسَ,كَنَسَتْ,كَنَسَا,كَنَسَتَا,كَنَسُوا,كَنَسْنَ,كَنَسْتَ,كَنَسْتِ,كَنَسْتُمَا,كَنَسْتُمْ,كَنَسْتُنَّ,كَنَسْتُ,كَنَسْنَا
كنش,كَنَشَ,فَعَلَ يَفْعُلُ ( فتحُ ضمٍّ ),متعدي,كَنْش,كَنَشَ,كَنَشَتْ,كَنَشَا,كَنَشَتَا,كَنَشُوا,كَنَشْنَ,كَنَشْتَ,كَنَشْتِ,كَنَشْتُمَا,كَنَشْتُمْ,كَنَشْتُنَّ,كَنَشْتُ,كَنَشْنَا
كنظ,كَنَظَ,فَعَلَ يَفْعُلُ ( فتحُ ضمٍّ ),متعدي,كَنْظ,كَنَظَ,كَنَظَتْ,كَنَظَا,كَنَظَتَا,كَنَظُوا,كَنَظْنَ,كَنَظْتَ,كَنَظْتِ,كَنَظْتُمَا,كَنَظْتُمْ,كَنَظْتُنَّ,كَنَظْتُ,كَنَظْنَا
كنظ,كَنَظَ,فَعَلَ يَفْعِلُ ( فتحُ كَسْرٍ ),متعدي,كَنْظ,كَنَظَ,كَنَظَتْ,كَنَظَا,كَنَظَتَا,كَنَظُوا,كَنَظْنَ,كَنَظْتَ,كَنَظْتِ,كَنَظْتُمَا,كَنَظْتُمْ,كَنَظْتُنَّ,كَنَظْتُ,كَنَظْنَا
كنع,كَنَعَ,فَعَلَ يَفْعَلُ ( فتحتان ),مشترك ,كُنُوع,كَنَعَ,كَنَعَتْ,كَنَعَا,كَنَعَتَا,كَنَعُوا,كَنَعْنَ,كَنَعْتَ,كَنَعْتِ,كَنَعْتُمَا,كَنَعْتُمْ,كَنَعْتُنَّ,كَنَعْتُ,كَنَعْنَا
كنع,كَنِعَ,فَعِلَ يَفْعَلُ ( كسر فتح ),لازم,كَنَع,كَنِعَ,كَنِعَتْ,كَنِعَا,كَنِعَتَا,كَنِعُوا,كَنِعْنَ,كَنِعْتَ,كَنِعْتِ,كَنِعْتُمَا,كَنِعْتُمْ,كَنِعْتُنَّ,كَنِعْتُ,كَنِعْنَا
خرز,خَرِزَ,فَعِلَ يَفْعَلُ ( كسر فتح ),لازم,خَرَز,خَرِزَ,خَرِزَتْ,خَرِزَا,خَرِزَتَا,خَرِزُوا,خَرِزْنَ,خَرِزْتَ,خَرِزْتِ,خَرِزْتُمَا,خَرِزْتُمْ,خَرِزْتُنَّ,خَرِزْتُ,خَرِزْنَا
كنف,كَنَفَ,فَعَلَ يَفْعُلُ ( فتحُ ضمٍّ ),مشترك ,كَنْف,كَنَفَ,كَنَفَتْ,كَنَفَا,كَنَفَتَا,كَنَفُوا,كَنَفْنَ,كَنَفْتَ,كَنَفْتِ,كَنَفْتُمَا,كَنَفْتُمْ,كَنَفْتُنَّ,كَنَفْتُ,كَنَفْنَا
كنف,كَنَفَ,فَعَلَ يَفْعِلُ ( فتحُ كَسْرٍ ),مشترك ,كَنْف,كَنَفَ,كَنَفَتْ,كَنَفَا,كَنَفَتَا,كَنَفُوا,كَنَفْنَ,كَنَفْتَ,كَنَفْتِ,كَنَفْتُمَا,كَنَفْتُمْ,كَنَفْتُنَّ,كَنَفْتُ,كَنَفْنَا
كنه,كَنَهَ,فَعَلَ يَفْعُلُ ( فتحُ ضمٍّ ),متعدي,كَنْه,كَنَهَ,كَنَهَتْ,كَنَهَا,كَنَهَتَا,كَنَهُوا,كَنَهْنَ,كَنَهْتَ,كَنَهْتِ,كَنَهْتُمَا,كَنَهْتُمْ,كَنَهْتُنَّ,كَنَهْتُ,كَنَهْنَا
كهب,كَهِبَ,فَعِلَ يَفْعَلُ ( كسر فتح ),لازم,كَهَب,كَهِبَ,كَهِبَتْ,كَهِبَا,كَهِبَتَا,كَهِبُوا,كَهِبْنَ,كَهِبْتَ,كَهِبْتِ,كَهِبْتُمَا,كَهِبْتُمْ,كَهِبْتُنَّ,كَهِبْتُ,كَهِبْنَا
كهب,كَهُبَ,فَعُلَ يَفْعُلُ ( ضمَ ضمٍَ ),لازم,كُهْبَة,كَهُبَ,كَهُبَتْ,كَهُبَا,كَهُبَتَا,كَهُبُوا,كَهُبْنَ,كَهُبْتَ,كَهُبْتِ,كَهُبْتُمَا,كَهُبْتُمْ,كَهُبْتُنَّ,كَهُبْتُ,كَهُبْنَا
كهد,كَهَدَ,فَعَلَ يَفْعَلُ ( فتحتان ),مشترك ,كَهْد,كَهَدَ,كَهَدَتْ,كَهَدَا,كَهَدَتَا,كَهَدُوا,كَهَدْنَ,كَهَدْتَ,كَهَدْتِ,كَهَدْتُمَا,كَهَدْتُمْ,كَهَدْتُنَّ,كَهَدْتُ,كَهَدْنَا
كهر,كَهَرَ,فَعَلَ يَفْعَلُ ( فتحتان ),مشترك ,كَهْر,كَهَرَ,كَهَرَتْ,كَهَرَا,كَهَرَتَا,كَهَرُوا,كَهَرْنَ,كَهَرْتَ,كَهَرْتِ,كَهَرْتُمَا,كَهَرْتُمْ,كَهَرْتُنَّ,كَهَرْتُ,كَهَرْنَا
كهم,كَهَمَ,فَعَلَ يَفْعَلُ ( فتحتان ),مشترك ,كُهُوم,كَهَمَ,كَهَمَتْ,كَهَمَا,كَهَمَتَا,كَهَمُوا,كَهَمْنَ,كَهَمْتَ,كَهَمْتِ,كَهَمْتُمَا,كَهَمْتُمْ,كَهَمْتُنَّ,كَهَمْتُ,كَهَمْنَا
كهم,كَهُمَ,فَعُلَ يَفْعُلُ ( ضمَ ضمٍَ ),لازم,كَهَامة,كَهُمَ,كَهُمَتْ,كَهُمَا,كَهُمَتَا,كَهُمُوا,كَهُمْنَ,كَهُمْتَ,كَهُمْتِ,كَهُمْتُمَا,كَهُمْتُمْ,كَهُمْتُنَّ,كَهُمْتُ,كَهُمْنَا
كهن,كَهَنَ,فَعَلَ يَفْعُلُ ( فتحُ ضمٍّ ),لازم,كَهَانَة,كَهَنَ,كَهَنَتْ,كَهَنَا,كَهَنَتَا,كَهَنُوا,كَهَنْنَ,كَهَنْتَ,كَهَنْتِ,كَهَنْتُمَا,كَهَنْتُمْ,كَهَنْتُنَّ,كَهَنْتُ,كَهَنْنَا
كهن,كَهَنَ,فَعَلَ يَفْعَلُ ( فتحتان ),لازم,كَهَانَة,كَهَنَ,كَهَنَتْ,كَهَنَا,كَهَنَتَا,كَهَنُوا,كَهَنْنَ,كَهَنْتَ,كَهَنْتِ,كَهَنْتُمَا,كَهَنْتُمْ,كَهَنْتُنَّ,كَهَنْتُ,كَهَنْنَا
كهن,كَهُنَ,فَعُلَ يَفْعُلُ ( ضمَ ضمٍَ ),لازم,كَهَانَة,كَهُنَ,كَهُنَتْ,كَهُنَا,كَهُنَتَا,كَهُنُوا,كَهُنْنَ,كَهُنْتَ,كَهُنْتِ,كَهُنْتُمَا,كَهُنْتُمْ,كَهُنْتُنَّ,كَهُنْتُ,كَهُنْنَا
خرس,خَرَسَ,فَعَلَ يَفْعُلُ ( فتحُ ضمٍّ ),مشترك ,خَرْس,خَرَسَ,خَرَسَتْ,خَرَسَا,خَرَسَتَا,خَرَسُوا,خَرَسْنَ,خَرَسْتَ,خَرَسْتِ,خَرَسْتُمَا,خَرَسْتُمْ,خَرَسْتُنَّ,خَرَسْتُ,خَرَسْنَا
خرس,خَرِسَ,فَعِلَ يَفْعَلُ ( كسر فتح ),لازم,خَرَس,خَرِسَ,خَرِسَتْ,خَرِسَا,خَرِسَتَا,خَرِسُوا,خَرِسْنَ,خَرِسْتَ,خَرِسْتِ,خَرِسْتُمَا,خَرِسْتُمْ,خَرِسْتُنَّ,خَرِسْتُ,خَرِسْنَا
لبت,لَبَتَ,فَعَلَ يَفْعُلُ ( فتحُ ضمٍّ ),متعدي,لَبْت,لَبَتَ,لَبَتَتْ,لَبَتَا,لَبَتَتَا,لَبَتُوا,لَبَتْنَ,لَبَتْتَ,لَبَتْتِ,لَبَتْتُمَا,لَبَتْتُمْ,لَبَتْتُنَّ,لَبَتْتُ,لَبَتْنَا
لبث,لَبِثَ,فَعِلَ يَفْعَلُ ( كسر فتح ),لازم,لَبْث,لَبِثَ,لَبِثَتْ,لَبِثَا,لَبِثَتَا,لَبِثُوا,لَبِثْنَ,لَبِثْتَ,لَبِثْتِ,لَبِثْتُمَا,لَبِثْتُمْ,لَبِثْتُنَّ,لَبِثْتُ,لَبِثْنَا
لبج,لَبَجَ,فَعَلَ يَفْعُلُ ( فتحُ ضمٍّ ),مشترك ,لَبْج,لَبَجَ,لَبَجَتْ,لَبَجَا,لَبَجَتَا,لَبَجُوا,لَبَجْنَ,لَبَجْتَ,لَبَجْتِ,لَبَجْتُمَا,لَبَجْتُمْ,لَبَجْتُنَّ,لَبَجْتُ,لَبَجْنَا
لبح,لَبَحَ,فَعَلَ يَفْعَلُ ( فتحتان ),لازم,لَبْح,لَبَحَ,لَبَحَتْ,لَبَحَا,لَبَحَتَا,لَبَحُوا,لَبَحْنَ,لَبَحْتَ,لَبَحْتِ,لَبَحْتُمَا,لَبَحْتُمْ,لَبَحْتُنَّ,لَبَحْتُ,لَبَحْنَا
لبخ,لَبَخَ,فَعَلَ يَفْعَلُ ( فتحتان ),مشترك ,لَبْخ,لَبَخَ,لَبَخَتْ,لَبَخَا,لَبَخَتَا,لَبَخُوا,لَبَخْنَ,لَبَخْتَ,لَبَخْتِ,لَبَخْتُمَا,لَبَخْتُمْ,لَبَخْتُنَّ,لَبَخْتُ,لَبَخْنَا
لبد,لَبَدَ,فَعَلَ يَفْعُلُ ( فتحُ ضمٍّ ),مشترك ,لَبْد,لَبَدَ,لَبَدَتْ,لَبَدَا,لَبَدَتَا,لَبَدُوا,لَبَدْنَ,لَبَدْتَ,لَبَدْتِ,لَبَدْتُمَا,لَبَدْتُمْ,لَبَدْتُنَّ,لَبَدْتُ,لَبَدْنَا
لبد,لَبَدَ,فَعَلَ يَفْعِلُ ( فتحُ كَسْرٍ ),متعدي,لَبْد,لَبَدَ,لَبَدَتْ,لَبَدَا,لَبَدَتَا,لَبَدُوا,لَبَدْنَ,لَبَدْتَ,لَبَدْتِ,لَبَدْتُمَا,لَبَدْتُمْ,لَبَدْتُنَّ,لَبَدْتُ,لَبَدْنَا
لبد,لَبِدَ,فَعِلَ يَفْعَلُ ( كسر فتح ),لازم,لُبُود,لَبِدَ,لَبِدَتْ,لَبِدَا,لَبِدَتَا,لَبِدُوا,لَبِدْنَ,لَبِدْتَ,لَبِدْتِ,لَبِدْتُمَا,لَبِدْتُمْ,لَبِدْتُنَّ,لَبِدْتُ,لَبِدْنَا
لبز,لَبَزَ,فَعَلَ يَفْعِلُ ( فتحُ كَسْرٍ ),مشترك ,لَبْز,لَبَزَ,لَبَزَتْ,لَبَزَا,لَبَزَتَا,لَبَزُوا,لَبَزْنَ,لَبَزْتَ,لَبَزْتِ,لَبَزْتُمَا,لَبَزْتُمْ,لَبَزْتُنَّ,لَبَزْتُ,لَبَزْنَا
لبس,لَبَسَ,فَعَلَ يَفْعِلُ ( فتحُ كَسْرٍ ),مشترك ,لَبْس,لَبَسَ,لَبَسَتْ,لَبَسَا,لَبَسَتَا,لَبَسُوا,لَبَسْنَ,لَبَسْتَ,لَبَسْتِ,لَبَسْتُمَا,لَبَسْتُمْ,لَبَسْتُنَّ,لَبَسْتُ,لَبَسْنَا
لبس,لَبِسَ,فَعِلَ يَفْعَلُ ( كسر فتح ),متعدي,لُبْس,لَبِسَ,لَبِسَتْ,لَبِسَا,لَبِسَتَا,لَبِسُوا,لَبِسْنَ,لَبِسْتَ,لَبِسْتِ,لَبِسْتُمَا,لَبِسْتُمْ,لَبِسْتُنَّ,لَبِسْتُ,لَبِسْنَا
لبط,لَبَطَ,فَعَلَ يَفْعِلُ ( فتحُ كَسْرٍ ),مشترك ,لَبْط,لَبَطَ,لَبَطَتْ,لَبَطَا,لَبَطَتَا,لَبَطُوا,لَبَطْنَ,لَبَطْتَ,لَبَطْتِ,لَبَطْتُمَا,لَبَطْتُمْ,لَبَطْتُنَّ,لَبَطْتُ,لَبَطْنَا
لبق,لَبَقَ,فَعَلَ يَفْعُلُ ( فتحُ ضمٍّ ),متعدي,لَبَاقَة,لَبَقَ,لَبَقَتْ,لَبَقَا,لَبَقَتَا,لَبَقُوا,لَبَقْنَ,لَبَقْتَ,لَبَقْتِ,لَبَقْتُمَا,لَبَقْتُمْ,لَبَقْتُنَّ,لَبَقْتُ,لَبَقْنَا
لبق,لَبِقَ,فَعِلَ يَفْعَلُ ( كسر فتح ),لازم,لَبَاقَة,لَبِقَ,لَبِقَتْ,لَبِقَا,لَبِقَتَا,لَبِقُوا,لَبِقْنَ,لَبِقْتَ,لَبِقْتِ,لَبِقْتُمَا,لَبِقْتُمْ,لَبِقْتُنَّ,لَبِقْتُ,لَبِقْنَا
لبق,لَبُقَ,فَعُلَ يَفْعُلُ ( ضمَ ضمٍَ ),لازم,لَبَاقَة,لَبُقَ,لَبُقَتْ,لَبُقَا,لَبُقَتَا,لَبُقُوا,لَبُقْنَ,لَبُقْتَ,لَبُقْتِ,لَبُقْتُمَا,لَبُقْتُمْ,لَبُقْتُنَّ,لَبُقْتُ,لَبُقْنَا
لبك,لَبَكَ,فَعَلَ يَفْعُلُ ( فتحُ ضمٍّ ),مشترك ,لَبْك,لَبَكَ,لَبَكَتْ,لَبَكَا,لَبَكَتَا,لَبَكُوا,لَبَكْنَ,لَبَكْتَ,لَبَكْتِ,لَبَكْتُمَا,لَبَكْتُمْ,لَبَكْتُنَّ,لَبَكْتُ,لَبَكْنَا
لبك,لَبِكَ,فَعِلَ يَفْعَلُ ( كسر فتح ),لازم,لَبَك,لَبِكَ,لَبِكَتْ,لَبِكَا,لَبِكَتَا,لَبِكُوا,لَبِكْنَ,لَبِكْتَ,لَبِكْتِ,لَبِكْتُمَا,لَبِكْتُمْ,لَبِكْتُنَّ,لَبِكْتُ,لَبِكْنَا
لبن,لَبَنَ,فَعَلَ يَفْعُلُ ( فتحُ ضمٍّ ),متعدي,لَبْن,لَبَنَ,لَبَنَتْ,لَبَنَا,لَبَنَتَا,لَبَنُوا,لَبَنْنَ,لَبَنْتَ,لَبَنْتِ,لَبَنْتُمَا,لَبَنْتُمْ,لَبَنْتُنَّ,لَبَنْتُ,لَبَنْنَا
لبن,لَبَنَ,فَعَلَ يَفْعِلُ ( فتحُ كَسْرٍ ),مشترك ,لَبْن,لَبَنَ,لَبَنَتْ,لَبَنَا,لَبَنَتَا,لَبَنُوا,لَبَنْنَ,لَبَنْتَ,لَبَنْتِ,لَبَنْتُمَا,لَبَنْتُمْ,لَبَنْتُنَّ,لَبَنْتُ,لَبَنْنَا
لبن,لَبِنَ,فَعِلَ يَفْعَلُ ( كسر فتح ),لازم,لَبَن,لَبِنَ,لَبِنَتْ,لَبِنَا,لَبِنَتَا,لَبِنُوا,لَبِنْنَ,لَبِنْتَ,لَبِنْتِ,لَبِنْتُمَا,لَبِنْتُمْ,لَبِنْتُنَّ,لَبِنْتُ,لَبِنْنَا
لتب,لَتَبَ,فَعَلَ يَفْعُلُ ( فتحُ ضمٍّ ),مشترك ,لَتْب,لَتَبَ,لَتَبَتْ,لَتَبَا,لَتَبَتَا,لَتَبُوا,لَتَبْنَ,لَتَبْتَ,لَتَبْتِ,لَتَبْتُمَا,لَتَبْتُمْ,لَتَبْتُنَّ,لَتَبْتُ,لَتَبْنَا
لتح,لَتَحَ,فَعَلَ يَفْعَلُ ( فتحتان ),متعدي,لَتْح,لَتَحَ,لَتَحَتْ,لَتَحَا,لَتَحَتَا,لَتَحُوا,لَتَحْنَ,لَتَحْتَ,لَتَحْتِ,لَتَحْتُمَا,لَتَحْتُمْ,لَتَحْتُنَّ,لَتَحْتُ,لَتَحْنَا
لتح,لَتِحَ,فَعِلَ يَفْعَلُ ( كسر فتح ),لازم,لَتَح,لَتِحَ,لَتِحَتْ,لَتِحَا,لَتِحَتَا,لَتِحُوا,لَتِحْنَ,لَتِحْتَ,لَتِحْتِ,لَتِحْتُمَا,لَتِحْتُمْ,لَتِحْتُنَّ,لَتِحْتُ,لَتِحْنَا
لتد,لَتَدَ,فَعَلَ يَفْعِلُ ( فتحُ كَسْرٍ ),متعدي,لَتْد,لَتَدَ,لَتَدَتْ,لَتَدَا,لَتَدَتَا,لَتَدُوا,لَتَدْنَ,لَتَدْتَ,لَتَدْتِ,لَتَدْتُمَا,لَتَدْتُمْ,لَتَدْتُنَّ,لَتَدْتُ,لَتَدْنَا
خرش,خَرَشَ,فَعَلَ يَفْعِلُ ( فتحُ كَسْرٍ ),مشترك ,خَرْش,خَرَشَ,خَرَشَتْ,خَرَشَا,خَرَشَتَا,خَرَشُوا,خَرَشْنَ,خَرَشْتَ,خَرَشْتِ,خَرَشْتُمَا,خَرَشْتُمْ,خَرَشْتُنَّ,خَرَشْتُ,خَرَشْنَا
لتز,لَتَزَ,فَعَلَ يَفْعُلُ ( فتحُ ضمٍّ ),متعدي,لَتْز,لَتَزَ,لَتَزَتْ,لَتَزَا,لَتَزَتَا,لَتَزُوا,لَتَزْنَ,لَتَزْتَ,لَتَزْتِ,لَتَزْتُمَا,لَتَزْتُمْ,لَتَزْتُنَّ,لَتَزْتُ,لَتَزْنَا
لتز,لَتَزَ,فَعَلَ يَفْعِلُ ( فتحُ كَسْرٍ ),متعدي,لَتْز,لَتَزَ,لَتَزَتْ,لَتَزَا,لَتَزَتَا,لَتَزُوا,لَتَزْنَ,لَتَزْتَ,لَتَزْتِ,لَتَزْتُمَا,لَتَزْتُمْ,لَتَزْتُنَّ,لَتَزْتُ,لَتَزْنَا
لتم,لَتَمَ,فَعَلَ يَفْعُلُ ( فتحُ ضمٍّ ),مشترك ,لَتْم,لَتَمَ,لَتَمَتْ,لَتَمَا,لَتَمَتَا,لَتَمُوا,لَتَمْنَ,لَتَمْتَ,لَتَمْتِ,لَتَمْتُمَا,لَتَمْتُمْ,لَتَمْتُنَّ,لَتَمْتُ,لَتَمْنَا
لثد,لَثَدَ,فَعَلَ يَفْعِلُ ( فتحُ كَسْرٍ ),متعدي,لَثْد,لَثَدَ,لَثَدَتْ,لَثَدَا,لَثَدَتَا,لَثَدُوا,لَثَدْنَ,لَثَدْتَ,لَثَدْتِ,لَثَدْتُمَا,لَثَدْتُمْ,لَثَدْتُنَّ,لَثَدْتُ,لَثَدْنَا
لثغ,لَثَغَ,فَعَلَ يَفْعُلُ ( فتحُ ضمٍّ ),متعدي,لَثْغ,لَثَغَ,لَثَغَتْ,لَثَغَا,لَثَغَتَا,لَثَغُوا,لَثَغْنَ,لَثَغْتَ,لَثَغْتِ,لَثَغْتُمَا,لَثَغْتُمْ,لَثَغْتُنَّ,لَثَغْتُ,لَثَغْنَا
لثغ,لَثِغَ,فَعِلَ يَفْعَلُ ( كسر فتح ),لازم,لَثَغ,لَثِغَ,لَثِغَتْ,لَثِغَا,لَثِغَتَا,لَثِغُوا,لَثِغْنَ,لَثِغْتَ,لَثِغْتِ,لَثِغْتُمَا,لَثِغْتُمْ,لَثِغْتُنَّ,لَثِغْتُ,لَثِغْنَا
لثق,لَثِقَ,فَعِلَ يَفْعَلُ ( كسر فتح ),لازم,لَثَاقَة,لَثِقَ,لَثِقَتْ,لَثِقَا,لَثِقَتَا,لَثِقُوا,لَثِقْنَ,لَثِقْتَ,لَثِقْتِ,لَثِقْتُمَا,لَثِقْتُمْ,لَثِقْتُنَّ,لَثِقْتُ,لَثِقْنَا
لثم,لَثَمَ,فَعَلَ يَفْعِلُ ( فتحُ كَسْرٍ ),مشترك ,لَثْم,لَثَمَ,لَثَمَتْ,لَثَمَا,لَثَمَتَا,لَثَمُوا,لَثَمْنَ,لَثَمْتَ,لَثَمْتِ,لَثَمْتُمَا,لَثَمْتُمْ,لَثَمْتُنَّ,لَثَمْتُ,لَثَمْنَا
لثم,لَثِمَ,فَعِلَ يَفْعَلُ ( كسر فتح ),مشترك ,لَثَام,لَثِمَ,لَثِمَتْ,لَثِمَا,لَثِمَتَا,لَثِمُوا,لَثِمْنَ,لَثِمْتَ,لَثِمْتِ,لَثِمْتُمَا,لَثِمْتُمْ,لَثِمْتُنَّ,لَثِمْتُ,لَثِمْنَا
لجب,لَجِبَ,فَعِلَ يَفْعَلُ ( كسر فتح ),لازم,لَجَب,لَجِبَ,لَجِبَتْ,لَجِبَا,لَجِبَتَا,لَجِبُوا,لَجِبْنَ,لَجِبْتَ,لَجِبْتِ,لَجِبْتُمَا,لَجِبْتُمْ,لَجِبْتُنَّ,لَجِبْتُ,لَجِبْنَا
لجب,لَجُبَ,فَعُلَ يَفْعُلُ ( ضمَ ضمٍَ ),لازم,لُجُوب,لَجُبَ,لَجُبَتْ,لَجُبَا,لَجُبَتَا,لَجُبُوا,لَجُبْنَ,لَجُبْتَ,لَجُبْتِ,لَجُبْتُمَا,لَجُبْتُمْ,لَجُبْتُنَّ,لَجُبْتُ,لَجُبْنَا
لجذ,لَجَذَ,فَعَلَ يَفْعُلُ ( فتحُ ضمٍّ ),مشترك ,لَجْذ,لَجَذَ,لَجَذَتْ,لَجَذَا,لَجَذَتَا,لَجَذُوا,لَجَذْنَ,لَجَذْتَ,لَجَذْتِ,لَجَذْتُمَا,لَجَذْتُمْ,لَجَذْتُنَّ,لَجَذْتُ,لَجَذْنَا
لجذ,لَجِذَ,فَعِلَ يَفْعَلُ ( كسر فتح ),مشترك ,لَجَذ,لَجِذَ,لَجِذَتْ,لَجِذَا,لَجِذَتَا,لَجِذُوا,لَجِذْنَ,لَجِذْتَ,لَجِذْتِ,لَجِذْتُمَا,لَجِذْتُمْ,لَجِذْتُنَّ,لَجِذْتُ,لَجِذْنَا
لجف,لَجَفَ,فَعَلَ يَفْعِلُ ( فتحُ كَسْرٍ ),مشترك ,لَجْف,لَجَفَ,لَجَفَتْ,لَجَفَا,لَجَفَتَا,لَجَفُوا,لَجَفْنَ,لَجَفْتَ,لَجَفْتِ,لَجَفْتُمَا,لَجَفْتُمْ,لَجَفْتُنَّ,لَجَفْتُ,لَجَفْنَا
لجف,لَجِفَ,فَعِلَ يَفْعَلُ ( كسر فتح ),لازم,لَجَف,لَجِفَ,لَجِفَتْ,لَجِفَا,لَجِفَتَا,لَجِفُوا,لَجِفْنَ,لَجِفْتَ,لَجِفْتِ,لَجِفْتُمَا,لَجِفْتُمْ,لَجِفْتُنَّ,لَجِفْتُ,لَجِفْنَا
لجم,لَجَمَ,فَعَلَ يَفْعُلُ ( فتحُ ضمٍّ ),متعدي,لَجْم,لَجَمَ,لَجَمَتْ,لَجَمَا,لَجَمَتَا,لَجَمُوا,لَجَمْنَ,لَجَمْتَ,لَجَمْتِ,لَجَمْتُمَا,لَجَمْتُمْ,لَجَمْتُنَّ,لَجَمْتُ,لَجَمْنَا
لجن,لَجَنَ,فَعَلَ يَفْعُلُ ( فتحُ ضمٍّ ),مشترك ,لَجْن,لَجَنَ,لَجَنَتْ,لَجَنَا,لَجَنَتَا,لَجَنُوا,لَجَنْنَ,لَجَنْتَ,لَجَنْتِ,لَجَنْتُمَا,لَجَنْتُمْ,لَجَنْتُنَّ,لَجَنْتُ,لَجَنْنَا
لجن,لَجِنَ,فَعِلَ يَفْعَلُ ( كسر فتح ),لازم,لَجَن,لَجِنَ,لَجِنَتْ,لَجِنَا,لَجِنَتَا,لَجِنُوا,لَجِنْنَ,لَجِنْتَ,لَجِنْتِ,لَجِنْتُمَا,لَجِنْتُمْ,لَجِنْتُنَّ,لَجِنْتُ,لَجِنْنَا
لحب,لَحَبَ,فَعَلَ يَفْعَلُ ( فتحتان ),مشترك ,لَحْب,لَحَبَ,لَحَبَتْ,لَحَبَا,لَحَبَتَا,لَحَبُوا,لَحَبْنَ,لَحَبْتَ,لَحَبْتِ,لَحَبْتُمَا,لَحَبْتُمْ,لَحَبْتُنَّ,لَحَبْتُ,لَحَبْنَا
لحب,لَحِبَ,فَعِلَ يَفْعَلُ ( كسر فتح ),لازم,لَحَب,لَحِبَ,لَحِبَتْ,لَحِبَا,لَحِبَتَا,لَحِبُوا,لَحِبْنَ,لَحِبْتَ,لَحِبْتِ,لَحِبْتُمَا,لَحِبْتُمْ,لَحِبْتُنَّ,لَحِبْتُ,لَحِبْنَا
لحت,لَحَتَ,فَعَلَ يَفْعَلُ ( فتحتان ),متعدي,لَحْت,لَحَتَ,لَحَتَتْ,لَحَتَا,لَحَتَتَا,لَحَتُوا,لَحَتْنَ,لَحَتْتَ,لَحَتْتِ,لَحَتْتُمَا,لَحَتْتُمْ,لَحَتْتُنَّ,لَحَتْتُ,لَحَتْنَا
خرص,خَرَصَ,فَعَلَ يَفْعُلُ ( فتحُ ضمٍّ ),مشترك ,خَرْص,خَرَصَ,خَرَصَتْ,خَرَصَا,خَرَصَتَا,خَرَصُوا,خَرَصْنَ,خَرَصْتَ,خَرَصْتِ,خَرَصْتُمَا,خَرَصْتُمْ,خَرَصْتُنَّ,خَرَصْتُ,خَرَصْنَا
لحج,لَحَجَ,فَعَلَ يَفْعَلُ ( فتحتان ),مشترك ,لَحْج,لَحَجَ,لَحَجَتْ,لَحَجَا,لَحَجَتَا,لَحَجُوا,لَحَجْنَ,لَحَجْتَ,لَحَجْتِ,لَحَجْتُمَا,لَحَجْتُمْ,لَحَجْتُنَّ,لَحَجْتُ,لَحَجْنَا
لحج,لَحِجَ,فَعِلَ يَفْعَلُ ( كسر فتح ),مشترك ,لَحَج,لَحِجَ,لَحِجَتْ,لَحِجَا,لَحِجَتَا,لَحِجُوا,لَحِجْنَ,لَحِجْتَ,لَحِجْتِ,لَحِجْتُمَا,لَحِجْتُمْ,لَحِجْتُنَّ,لَحِجْتُ,لَحِجْنَا
لحد,لَحَدَ,فَعَلَ يَفْعَلُ ( فتحتان ),مشترك ,لَحْد,لَحَدَ,لَحَدَتْ,لَحَدَا,لَحَدَتَا,لَحَدُوا,لَحَدْنَ,لَحَدْتَ,لَحَدْتِ,لَحَدْتُمَا,لَحَدْتُمْ,لَحَدْتُنَّ,لَحَدْتُ,لَحَدْنَا
لحز,لَحَزَ,فَعَلَ يَفْعَلُ ( فتحتان ),مشترك ,لَحْز,لَحَزَ,لَحَزَتْ,لَحَزَا,لَحَزَتَا,لَحَزُوا,لَحَزْنَ,لَحَزْتَ,لَحَزْتِ,لَحَزْتُمَا,لَحَزْتُمْ,لَحَزْتُنَّ,لَحَزْتُ,لَحَزْنَا
لحز,لَحِزَ,فَعِلَ يَفْعَلُ ( كسر فتح ),لازم,لَحَز,لَحِزَ,لَحِزَتْ,لَحِزَا,لَحِزَتَا,لَحِزُوا,لَحِزْنَ,لَحِزْتَ,لَحِزْتِ,لَحِزْتُمَا,لَحِزْتُمْ,لَحِزْتُنَّ,لَحِزْتُ,لَحِزْنَا
لحس,لَحَسَ,فَعَلَ يَفْعَلُ ( فتحتان ),متعدي,لَحْس,لَحَسَ,لَحَسَتْ,لَحَسَا,لَحَسَتَا,لَحَسُوا,لَحَسْنَ,لَحَسْتَ,لَحَسْتِ,لَحَسْتُمَا,لَحَسْتُمْ,لَحَسْتُنَّ,لَحَسْتُ,لَحَسْنَا
لحس,لَحِسَ,فَعِلَ يَفْعَلُ ( كسر فتح ),متعدي,لَحْس,لَحِسَ,لَحِسَتْ,لَحِسَا,لَحِسَتَا,لَحِسُوا,لَحِسْنَ,لَحِسْتَ,لَحِسْتِ,لَحِسْتُمَا,لَحِسْتُمْ,لَحِسْتُنَّ,لَحِسْتُ,لَحِسْنَا
لحص,لَحَصَ,فَعَلَ يَفْعَلُ ( فتحتان ),مشترك ,لَحْص,لَحَصَ,لَحَصَتْ,لَحَصَا,لَحَصَتَا,لَحَصُوا,لَحَصْنَ,لَحَصْتَ,لَحَصْتِ,لَحَصْتُمَا,لَحَصْتُمْ,لَحَصْتُنَّ,لَحَصْتُ,لَحَصْنَا
لحص,لَحِصَ,فَعِلَ يَفْعَلُ ( كسر فتح ),لازم,لَحْص,لَحِصَ,لَحِصَتْ,لَحِصَا,لَحِصَتَا,لَحِصُوا,لَحِصْنَ,لَحِصْتَ,لَحِصْتِ,لَحِصْتُمَا,لَحِصْتُمْ,لَحِصْتُنَّ,لَحِصْتُ,لَحِصْنَا
لحط,لَحَطَ,فَعَلَ يَفْعَلُ ( فتحتان ),متعدي,لَحْط,لَحَطَ,لَحَطَتْ,لَحَطَا,لَحَطَتَا,لَحَطُوا,لَحَطْنَ,لَحَطْتَ,لَحَطْتِ,لَحَطْتُمَا,لَحَطْتُمْ,لَحَطْتُنَّ,لَحَطْتُ,لَحَطْنَا
لحظ,لَحَظَ,فَعَلَ يَفْعَلُ ( فتحتان ),مشترك ,لَحْظ,لَحَظَ,لَحَظَتْ,لَحَظَا,لَحَظَتَا,لَحَظُوا,لَحَظْنَ,لَحَظْتَ,لَحَظْتِ,لَحَظْتُمَا,لَحَظْتُمْ,لَحَظْتُنَّ,لَحَظْتُ,لَحَظْنَا
لحف,لَحَفَ,فَعَلَ يَفْعَلُ ( فتحتان ),مشترك ,لَحْف,لَحَفَ,لَحَفَتْ,لَحَفَا,لَحَفَتَا,لَحَفُوا,لَحَفْنَ,لَحَفْتَ,لَحَفْتِ,لَحَفْتُمَا,لَحَفْتُمْ,لَحَفْتُنَّ,لَحَفْتُ,لَحَفْنَا
لحق,لَحِقَ,فَعِلَ يَفْعَلُ ( كسر فتح ),مشترك ,لُحُوق,لَحِقَ,لَحِقَتْ,لَحِقَا,لَحِقَتَا,لَحِقُوا,لَحِقْنَ,لَحِقْتَ,لَحِقْتِ,لَحِقْتُمَا,لَحِقْتُمْ,لَحِقْتُنَّ,لَحِقْتُ,لَحِقْنَا
لحك,لَحَكَ,فَعَلَ يَفْعَلُ ( فتحتان ),مشترك ,لَحْك,لَحَكَ,لَحَكَتْ,لَحَكَا,لَحَكَتَا,لَحَكُوا,لَحَكْنَ,لَحَكْتَ,لَحَكْتِ,لَحَكْتُمَا,لَحَكْتُمْ,لَحَكْتُنَّ,لَحَكْتُ,لَحَكْنَا
لحك,لَحِكَ,فَعِلَ يَفْعَلُ ( كسر فتح ),متعدي,لَحَك,لَحِكَ,لَحِكَتْ,لَحِكَا,لَحِكَتَا,لَحِكُوا,لَحِكْنَ,لَحِكْتَ,لَحِكْتِ,لَحِكْتُمَا,لَحِكْتُمْ,لَحِكْتُنَّ,لَحِكْتُ,لَحِكْنَا
لحم,لَحَمَ,فَعَلَ يَفْعُلُ ( فتحُ ضمٍّ ),متعدي,لَحْم,لَحَمَ,لَحَمَتْ,لَحَمَا,لَحَمَتَا,لَحَمُوا,لَحَمْنَ,لَحَمْتَ,لَحَمْتِ,لَحَمْتُمَا,لَحَمْتُمْ,لَحَمْتُنَّ,لَحَمْتُ,لَحَمْنَا
لحم,لَحَمَ,فَعَلَ يَفْعَلُ ( فتحتان ),متعدي,لَحْم,لَحَمَ,لَحَمَتْ,لَحَمَا,لَحَمَتَا,لَحَمُوا,لَحَمْنَ,لَحَمْتَ,لَحَمْتِ,لَحَمْتُمَا,لَحَمْتُمْ,لَحَمْتُنَّ,لَحَمْتُ,لَحَمْنَا
لحم,لَحِمَ,فَعِلَ يَفْعَلُ ( كسر فتح ),مشترك ,لُحُوم,لَحِمَ,لَحِمَتْ,لَحِمَا,لَحِمَتَا,لَحِمُوا,لَحِمْنَ,لَحِمْتَ,لَحِمْتِ,لَحِمْتُمَا,لَحِمْتُمْ,لَحِمْتُنَّ,لَحِمْتُ,لَحِمْنَا
لحم,لَحُمَ,فَعُلَ يَفْعُلُ ( ضمَ ضمٍَ ),لازم,لُحُوم,لَحُمَ,لَحُمَتْ,لَحُمَا,لَحُمَتَا,لَحُمُوا,لَحُمْنَ,لَحُمْتَ,لَحُمْتِ,لَحُمْتُمَا,لَحُمْتُمْ,لَحُمْتُنَّ,لَحُمْتُ,لَحُمْنَا
لحن,لَحَنَ,فَعَلَ يَفْعَلُ ( فتحتان ),مشترك ,لَحْن,لَحَنَ,لَحَنَتْ,لَحَنَا,لَحَنَتَا,لَحَنُوا,لَحَنْنَ,لَحَنْتَ,لَحَنْتِ,لَحَنْتُمَا,لَحَنْتُمْ,لَحَنْتُنَّ,لَحَنْتُ,لَحَنْنَا
لحن,لَحِنَ,فَعِلَ يَفْعَلُ ( كسر فتح ),مشترك ,لَحَن,لَحِنَ,لَحِنَتْ,لَحِنَا,لَحِنَتَا,لَحِنُوا,لَحِنْنَ,لَحِنْتَ,لَحِنْتِ,لَحِنْتُمَا,لَحِنْتُمْ,لَحِنْتُنَّ,لَحِنْتُ,لَحِنْنَا
لخب,لَخَبَ,فَعَلَ يَفْعُلُ ( فتحُ ضمٍّ ),متعدي,لَخْب,لَخَبَ,لَخَبَتْ,لَخَبَا,لَخَبَتَا,لَخَبُوا,لَخَبْنَ,لَخَبْتَ,لَخَبْتِ,لَخَبْتُمَا,لَخَبْتُمْ,لَخَبْتُنَّ,لَخَبْتُ,لَخَبْنَا
لخب,لَخَبَ,فَعَلَ يَفْعَلُ ( فتحتان ),متعدي,لَخْب,لَخَبَ,لَخَبَتْ,لَخَبَا,لَخَبَتَا,لَخَبُوا,لَخَبْنَ,لَخَبْتَ,لَخَبْتِ,لَخَبْتُمَا,لَخَبْتُمْ,لَخَبْتُنَّ,لَخَبْتُ,لَخَبْنَا
خرص,خَرَصَ,فَعَلَ يَفْعِلُ ( فتحُ كَسْرٍ ),مشترك ,خَرْص,خَرَصَ,خَرَصَتْ,خَرَصَا,خَرَصَتَا,خَرَصُوا,خَرَصْنَ,خَرَصْتَ,خَرَصْتِ,خَرَصْتُمَا,خَرَصْتُمْ,خَرَصْتُنَّ,خَرَصْتُ,خَرَصْنَا
لخص,لَخَصَ,فَعَلَ يَفْعَلُ ( فتحتان ),متعدي,لَخْص,لَخَصَ,لَخَصَتْ,لَخَصَا,لَخَصَتَا,لَخَصُوا,لَخَصْنَ,لَخَصْتَ,لَخَصْتِ,لَخَصْتُمَا,لَخَصْتُمْ,لَخَصْتُنَّ,لَخَصْتُ,لَخَصْنَا
لخص,لَخِصَ,فَعِلَ يَفْعَلُ ( كسر فتح ),لازم,لَخَاصَة,لَخِصَ,لَخِصَتْ,لَخِصَا,لَخِصَتَا,لَخِصُوا,لَخِصْنَ,لَخِصْتَ,لَخِصْتِ,لَخِصْتُمَا,لَخِصْتُمْ,لَخِصْتُنَّ,لَخِصْتُ,لَخِصْنَا
لخف,لَخَفَ,فَعَلَ يَفْعَلُ ( فتحتان ),متعدي,لَخْف,لَخَفَ,لَخَفَتْ,لَخَفَا,لَخَفَتَا,لَخَفُوا,لَخَفْنَ,لَخَفْتَ,لَخَفْتِ,لَخَفْتُمَا,لَخَفْتُمْ,لَخَفْتُنَّ,لَخَفْتُ,لَخَفْنَا
لخم,لَخَمَ,فَعَلَ يَفْعَلُ ( فتحتان ),مشترك ,لَخْم,لَخَمَ,لَخَمَتْ,لَخَمَا,لَخَمَتَا,لَخَمُوا,لَخَمْنَ,لَخَمْتَ,لَخَمْتِ,لَخَمْتُمَا,لَخَمْتُمْ,لَخَمْتُنَّ,لَخَمْتُ,لَخَمْنَا
لخم,لَخُمَ,فَعُلَ يَفْعُلُ ( ضمَ ضمٍَ ),لازم,لُخُوم,لَخُمَ,لَخُمَتْ,لَخُمَا,لَخُمَتَا,لَخُمُوا,لَخُمْنَ,لَخُمْتَ,لَخُمْتِ,لَخُمْتُمَا,لَخُمْتُمْ,لَخُمْتُنَّ,لَخُمْتُ,لَخُمْنَا
لخن,لَخَنَ,فَعَلَ يَفْعَلُ ( فتحتان ),لازم,لَخْن,لَخَنَ,لَخَنَتْ,لَخَنَا,لَخَنَتَا,لَخَنُوا,لَخَنْنَ,لَخَنْتَ,لَخَنْتِ,لَخَنْتُمَا,لَخَنْتُمْ,لَخَنْتُنَّ,لَخَنْتُ,لَخَنْنَا
لخن,لَخِنَ,فَعِلَ يَفْعَلُ ( كسر فتح ),لازم,لَخَن,لَخِنَ,لَخِنَتْ,لَخِنَا,لَخِنَتَا,لَخِنُوا,لَخِنْنَ,لَخِنْتَ,لَخِنْتِ,لَخِنْتُمَا,لَخِنْتُمْ,لَخِنْتُنَّ,لَخِنْتُ,لَخِنْنَا
لدس,لَدَسَ,فَعَلَ يَفْعُلُ ( فتحُ ضمٍّ ),متعدي,لَدْس,لَدَسَ,لَدَسَتْ,لَدَسَا,لَدَسَتَا,لَدَسُوا,لَدَسْنَ,لَدَسْتَ,لَدَسْتِ,لَدَسْتُمَا,لَدَسْتُمْ,لَدَسْتُنَّ,لَدَسْتُ,لَدَسْنَا
لدغ,لَدَغَ,فَعَلَ يَفْعَلُ ( فتحتان ),مشترك ,لَدْغ,لَدَغَ,لَدَغَتْ,لَدَغَا,لَدَغَتَا,لَدَغُوا,لَدَغْنَ,لَدَغْتَ,لَدَغْتِ,لَدَغْتُمَا,لَدَغْتُمْ,لَدَغْتُنَّ,لَدَغْتُ,لَدَغْنَا
لدك,لَدِكَ,فَعِلَ يَفْعَلُ ( كسر فتح ),لازم,لَدَك,لَدِكَ,لَدِكَتْ,لَدِكَا,لَدِكَتَا,لَدِكُوا,لَدِكْنَ,لَدِكْتَ,لَدِكْتِ,لَدِكْتُمَا,لَدِكْتُمْ,لَدِكْتُنَّ,لَدِكْتُ,لَدِكْنَا
لدم,لَدَمَ,فَعَلَ يَفْعِلُ ( فتحُ كَسْرٍ ),مشترك ,لَدْم,لَدَمَ,لَدَمَتْ,لَدَمَا,لَدَمَتَا,لَدَمُوا,لَدَمْنَ,لَدَمْتَ,لَدَمْتِ,لَدَمْتُمَا,لَدَمْتُمْ,لَدَمْتُنَّ,لَدَمْتُ,لَدَمْنَا
لدن,لَدُنَ,فَعُلَ يَفْعُلُ ( ضمَ ضمٍَ ),لازم,لُدُونَة,لَدُنَ,لَدُنَتْ,لَدُنَا,لَدُنَتَا,لَدُنُوا,لَدُنْنَ,لَدُنْتَ,لَدُنْتِ,لَدُنْتُمَا,لَدُنْتُمْ,لَدُنْتُنَّ,لَدُنْتُ,لَدُنْنَا
لذج,لَذَجَ,فَعَلَ يَفْعُلُ ( فتحُ ضمٍّ ),متعدي,لَذْج,لَذَجَ,لَذَجَتْ,لَذَجَا,لَذَجَتَا,لَذَجُوا,لَذَجْنَ,لَذَجْتَ,لَذَجْتِ,لَذَجْتُمَا,لَذَجْتُمْ,لَذَجْتُنَّ,لَذَجْتُ,لَذَجْنَا
لذع,لَذَعَ,فَعَلَ يَفْعَلُ ( فتحتان ),مشترك ,لَذْع,لَذَعَ,لَذَعَتْ,لَذَعَا,لَذَعَتَا,لَذَعُوا,لَذَعْنَ,لَذَعْتَ,لَذَعْتِ,لَذَعْتُمَا,لَذَعْتُمْ,لَذَعْتُنَّ,لَذَعْتُ,لَذَعْنَا
لذم,لَذِمَ,فَعِلَ يَفْعَلُ ( كسر فتح ),مشترك ,لَذَم,لَذِمَ,لَذِمَتْ,لَذِمَا,لَذِمَتَا,لَذِمُوا,لَذِمْنَ,لَذِمْتَ,لَذِمْتِ,لَذِمْتُمَا,لَذِمْتُمْ,لَذِمْتُنَّ,لَذِمْتُ,لَذِمْنَا
لزب,لَزَبَ,فَعَلَ يَفْعُلُ ( فتحُ ضمٍّ ),مشترك ,لَزْب,لَزَبَ,لَزَبَتْ,لَزَبَا,لَزَبَتَا,لَزَبُوا,لَزَبْنَ,لَزَبْتَ,لَزَبْتِ,لَزَبْتُمَا,لَزَبْتُمْ,لَزَبْتُنَّ,لَزَبْتُ,لَزَبْنَا
لزب,لَزَبَ,فَعَلَ يَفْعِلُ ( فتحُ كَسْرٍ ),متعدي,لَزْب,لَزَبَ,لَزَبَتْ,لَزَبَا,لَزَبَتَا,لَزَبُوا,لَزَبْنَ,لَزَبْتَ,لَزَبْتِ,لَزَبْتُمَا,لَزَبْتُمْ,لَزَبْتُنَّ,لَزَبْتُ,لَزَبْنَا
خرص,خَرِصَ,فَعِلَ يَفْعَلُ ( كسر فتح ),لازم,خَرْص,خَرِصَ,خَرِصَتْ,خَرِصَا,خَرِصَتَا,خَرِصُوا,خَرِصْنَ,خَرِصْتَ,خَرِصْتِ,خَرِصْتُمَا,خَرِصْتُمْ,خَرِصْتُنَّ,خَرِصْتُ,خَرِصْنَا
لزب,لَزِبَ,فَعِلَ يَفْعَلُ ( كسر فتح ),لازم,لَزَب,لَزِبَ,لَزِبَتْ,لَزِبَا,لَزِبَتَا,لَزِبُوا,لَزِبْنَ,لَزِبْتَ,لَزِبْتِ,لَزِبْتُمَا,لَزِبْتُمْ,لَزِبْتُنَّ,لَزِبْتُ,لَزِبْنَا
لزب,لَزُبَ,فَعُلَ يَفْعُلُ ( ضمَ ضمٍَ ),لازم,لُزُوب,لَزُبَ,لَزُبَتْ,لَزُبَا,لَزُبَتَا,لَزُبُوا,لَزُبْنَ,لَزُبْتَ,لَزُبْتِ,لَزُبْتُمَا,لَزُبْتُمْ,لَزُبْتُنَّ,لَزُبْتُ,لَزُبْنَا
لزج,لَزِجَ,فَعِلَ يَفْعَلُ ( كسر فتح ),لازم,لَزَاجَة,لَزِجَ,لَزِجَتْ,لَزِجَا,لَزِجَتَا,لَزِجُوا,لَزِجْنَ,لَزِجْتَ,لَزِجْتِ,لَزِجْتُمَا,لَزِجْتُمْ,لَزِجْتُنَّ,لَزِجْتُ,لَزِجْنَا
لزق,لَزِقَ,فَعِلَ يَفْعَلُ ( كسر فتح ),لازم,لُزوق / لَزَق,لَزِقَ,لَزِقَتْ,لَزِقَا,لَزِقَتَا,لَزِقُوا,لَزِقْنَ,لَزِقْتَ,لَزِقْتِ,لَزِقْتُمَا,لَزِقْتُمْ,لَزِقْتُنَّ,لَزِقْتُ,لَزِقْنَا
لزم,لَزِمَ,فَعِلَ يَفْعَلُ ( كسر فتح ),مشترك ,لُزوم,لَزِمَ,لَزِمَتْ,لَزِمَا,لَزِمَتَا,لَزِمُوا,لَزِمْنَ,لَزِمْتَ,لَزِمْتِ,لَزِمْتُمَا,لَزِمْتُمْ,لَزِمْتُنَّ,لَزِمْتُ,لَزِمْنَا
لزن,لَزَنَ,فَعَلَ يَفْعُلُ ( فتحُ ضمٍّ ),لازم,لَزْن,لَزَنَ,لَزَنَتْ,لَزَنَا,لَزَنَتَا,لَزَنُوا,لَزَنْنَ,لَزَنْتَ,لَزَنْتِ,لَزَنْتُمَا,لَزَنْتُمْ,لَزَنْتُنَّ,لَزَنْتُ,لَزَنْنَا
لزن,لَزِنَ,فَعِلَ يَفْعَلُ ( كسر فتح ),لازم,لَزَن,لَزِنَ,لَزِنَتْ,لَزِنَا,لَزِنَتَا,لَزِنُوا,لَزِنْنَ,لَزِنْتَ,لَزِنْتِ,لَزِنْتُمَا,لَزِنْتُمْ,لَزِنْتُنَّ,لَزِنْتُ,لَزِنْنَا
لسب,لَسَبَ,فَعَلَ يَفْعِلُ ( فتحُ كَسْرٍ ),متعدي,لَسْب,لَسَبَ,لَسَبَتْ,لَسَبَا,لَسَبَتَا,لَسَبُوا,لَسَبْنَ,لَسَبْتَ,لَسَبْتِ,لَسَبْتُمَا,لَسَبْتُمْ,لَسَبْتُنَّ,لَسَبْتُ,لَسَبْنَا
لسب,لَسِبَ,فَعِلَ يَفْعَلُ ( كسر فتح ),مشترك ,لَسَب,لَسِبَ,لَسِبَتْ,لَسِبَا,لَسِبَتَا,لَسِبُوا,لَسِبْنَ,لَسِبْتَ,لَسِبْتِ,لَسِبْتُمَا,لَسِبْتُمْ,لَسِبْتُنَّ,لَسِبْتُ,لَسِبْنَا
لسد,لَسَدَ,فَعَلَ يَفْعِلُ ( فتحُ كَسْرٍ ),متعدي,لَسْد,لَسَدَ,لَسَدَتْ,لَسَدَا,لَسَدَتَا,لَسَدُوا,لَسَدْنَ,لَسَدْتَ,لَسَدْتِ,لَسَدْتُمَا,لَسَدْتُمْ,لَسَدْتُنَّ,لَسَدْتُ,لَسَدْنَا
لسد,لَسِدَ,فَعِلَ يَفْعَلُ ( كسر فتح ),متعدي,لَسَد,لَسِدَ,لَسِدَتْ,لَسِدَا,لَسِدَتَا,لَسِدُوا,لَسِدْنَ,لَسِدْتَ,لَسِدْتِ,لَسِدْتُمَا,لَسِدْتُمْ,لَسِدْتُنَّ,لَسِدْتُ,لَسِدْنَا
لسع,لَسَعَ,فَعَلَ يَفْعَلُ ( فتحتان ),مشترك ,لَسْع,لَسَعَ,لَسَعَتْ,لَسَعَا,لَسَعَتَا,لَسَعُوا,لَسَعْنَ,لَسَعْتَ,لَسَعْتِ,لَسَعْتُمَا,لَسَعْتُمْ,لَسَعْتُنَّ,لَسَعْتُ,لَسَعْنَا
لسم,لَسَمَ,فَعَلَ يَفْعُلُ ( فتحُ ضمٍّ ),متعدي,لَسْم,لَسَمَ,لَسَمَتْ,لَسَمَا,لَسَمَتَا,لَسَمُوا,لَسَمْنَ,لَسَمْتَ,لَسَمْتِ,لَسَمْتُمَا,لَسَمْتُمْ,لَسَمْتُنَّ,لَسَمْتُ,لَسَمْنَا
لسم,لَسِمَ,فَعِلَ يَفْعَلُ ( كسر فتح ),مشترك ,لَسَم,لَسِمَ,لَسِمَتْ,لَسِمَا,لَسِمَتَا,لَسِمُوا,لَسِمْنَ,لَسِمْتَ,لَسِمْتِ,لَسِمْتُمَا,لَسِمْتُمْ,لَسِمْتُنَّ,لَسِمْتُ,لَسِمْنَا
لسن,لَسَنَ,فَعَلَ يَفْعُلُ ( فتحُ ضمٍّ ),مشترك ,لَسْن,لَسَنَ,لَسَنَتْ,لَسَنَا,لَسَنَتَا,لَسَنُوا,لَسَنْنَ,لَسَنْتَ,لَسَنْتِ,لَسَنْتُمَا,لَسَنْتُمْ,لَسَنْتُنَّ,لَسَنْتُ,لَسَنْنَا
لسن,لَسِنَ,فَعِلَ يَفْعَلُ ( كسر فتح ),لازم,لَسَن,لَسِنَ,لَسِنَتْ,لَسِنَا,لَسِنَتَا,لَسِنُوا,لَسِنْنَ,لَسِنْتَ,لَسِنْتِ,لَسِنْتُمَا,لَسِنْتُمْ,لَسِنْتُنَّ,لَسِنْتُ,لَسِنْنَا
لصب,لَصِبَ,فَعِلَ يَفْعَلُ ( كسر فتح ),لازم,لَصَب,لَصِبَ,لَصِبَتْ,لَصِبَا,لَصِبَتَا,لَصِبُوا,لَصِبْنَ,لَصِبْتَ,لَصِبْتِ,لَصِبْتُمَا,لَصِبْتُمْ,لَصِبْتُنَّ,لَصِبْتُ,لَصِبْنَا
لصغ,لَصَغَ,فَعَلَ يَفْعَلُ ( فتحتان ),لازم,لَصْغ,لَصَغَ,لَصَغَتْ,لَصَغَا,لَصَغَتَا,لَصَغُوا,لَصَغْنَ,لَصَغْتَ,لَصَغْتِ,لَصَغْتُمَا,لَصَغْتُمْ,لَصَغْتُنَّ,لَصَغْتُ,لَصَغْنَا
لصف,لَصَفَ,فَعَلَ يَفْعُلُ ( فتحُ ضمٍّ ),مشترك ,لَصْف,لَصَفَ,لَصَفَتْ,لَصَفَا,لَصَفَتَا,لَصَفُوا,لَصَفْنَ,لَصَفْتَ,لَصَفْتِ,لَصَفْتُمَا,لَصَفْتُمْ,لَصَفْتُنَّ,لَصَفْتُ,لَصَفْنَا
لصف,لَصَفَ,فَعَلَ يَفْعِلُ ( فتحُ كَسْرٍ ),لازم,لَصْف,لَصَفَ,لَصَفَتْ,لَصَفَا,لَصَفَتَا,لَصَفُوا,لَصَفْنَ,لَصَفْتَ,لَصَفْتِ,لَصَفْتُمَا,لَصَفْتُمْ,لَصَفْتُنَّ,لَصَفْتُ,لَصَفْنَا
لصف,لَصِفَ,فَعِلَ يَفْعَلُ ( كسر فتح ),لازم,لَصَف,لَصِفَ,لَصِفَتْ,لَصِفَا,لَصِفَتَا,لَصِفُوا,لَصِفْنَ,لَصِفْتَ,لَصِفْتِ,لَصِفْتُمَا,لَصِفْتُمْ,لَصِفْتُنَّ,لَصِفْتُ,لَصِفْنَا
خرط,خَرَطَ,فَعَلَ يَفْعُلُ ( فتحُ ضمٍّ ),مشترك ,خَرْط,خَرَطَ,خَرَطَتْ,خَرَطَا,خَرَطَتَا,خَرَطُوا,خَرَطْنَ,خَرَطْتَ,خَرَطْتِ,خَرَطْتُمَا,خَرَطْتُمْ,خَرَطْتُنَّ,خَرَطْتُ,خَرَطْنَا
لصق,لَصِقَ,فَعِلَ يَفْعَلُ ( كسر فتح ),لازم,لُصوق / لَصَق,لَصِقَ,لَصِقَتْ,لَصِقَا,لَصِقَتَا,لَصِقُوا,لَصِقْنَ,لَصِقْتَ,لَصِقْتِ,لَصِقْتُمَا,لَصِقْتُمْ,لَصِقْتُنَّ,لَصِقْتُ,لَصِقْنَا
لضم,لَضَمَ,فَعَلَ يَفْعِلُ ( فتحُ كَسْرٍ ),متعدي,لَضْم,لَضَمَ,لَضَمَتْ,لَضَمَا,لَضَمَتَا,لَضَمُوا,لَضَمْنَ,لَضَمْتَ,لَضَمْتِ,لَضَمْتُمَا,لَضَمْتُمْ,لَضَمْتُنَّ,لَضَمْتُ,لَضَمْنَا
لطث,لَطَثَ,فَعَلَ يَفْعُلُ ( فتحُ ضمٍّ ),مشترك ,لَطْث,لَطَثَ,لَطَثَتْ,لَطَثَا,لَطَثَتَا,لَطَثُوا,لَطَثْنَ,لَطَثْتَ,لَطَثْتِ,لَطَثْتُمَا,لَطَثْتُمْ,لَطَثْتُنَّ,لَطَثْتُ,لَطَثْنَا
لطح,لَطَحَ,فَعَلَ يَفْعَلُ ( فتحتان ),مشترك ,لَطْح,لَطَحَ,لَطَحَتْ,لَطَحَا,لَطَحَتَا,لَطَحُوا,لَطَحْنَ,لَطَحْتَ,لَطَحْتِ,لَطَحْتُمَا,لَطَحْتُمْ,لَطَحْتُنَّ,لَطَحْتُ,لَطَحْنَا
لطخ,لَطَخَ,فَعَلَ يَفْعَلُ ( فتحتان ),متعدي,لَطْخ,لَطَخَ,لَطَخَتْ,لَطَخَا,لَطَخَتَا,لَطَخُوا,لَطَخْنَ,لَطَخْتَ,لَطَخْتِ,لَطَخْتُمَا,لَطَخْتُمْ,لَطَخْتُنَّ,لَطَخْتُ,لَطَخْنَا
لطس,لَطَسَ,فَعَلَ يَفْعُلُ ( فتحُ ضمٍّ ),مشترك ,لَطْس,لَطَسَ,لَطَسَتْ,لَطَسَا,لَطَسَتَا,لَطَسُوا,لَطَسْنَ,لَطَسْتَ,لَطَسْتِ,لَطَسْتُمَا,لَطَسْتُمْ,لَطَسْتُنَّ,لَطَسْتُ,لَطَسْنَا
لطع,لَطَعَ,فَعَلَ يَفْعَلُ ( فتحتان ),مشترك ,لَطْع,لَطَعَ,لَطَعَتْ,لَطَعَا,لَطَعَتَا,لَطَعُوا,لَطَعْنَ,لَطَعْتَ,لَطَعْتِ,لَطَعْتُمَا,لَطَعْتُمْ,لَطَعْتُنَّ,لَطَعْتُ,لَطَعْنَا
لطع,لَطِعَ,فَعِلَ يَفْعَلُ ( كسر فتح ),مشترك ,لَطَع,لَطِعَ,لَطِعَتْ,لَطِعَا,لَطِعَتَا,لَطِعُوا,لَطِعْنَ,لَطِعْتَ,لَطِعْتِ,لَطِعْتُمَا,لَطِعْتُمْ,لَطِعْتُنَّ,لَطِعْتُ,لَطِعْنَا
لطف,لَطَفَ,فَعَلَ يَفْعُلُ ( فتحُ ضمٍّ ),لازم,لُطْف,لَطَفَ,لَطَفَتْ,لَطَفَا,لَطَفَتَا,لَطَفُوا,لَطَفْنَ,لَطَفْتَ,لَطَفْتِ,لَطَفْتُمَا,لَطَفْتُمْ,لَطَفْتُنَّ,لَطَفْتُ,لَطَفْنَا
لطف,لَطُفَ,فَعُلَ يَفْعُلُ ( ضمَ ضمٍَ ),لازم,لُطْف,لَطُفَ,لَطُفَتْ,لَطُفَا,لَطُفَتَا,لَطُفُوا,لَطُفْنَ,لَطُفْتَ,لَطُفْتِ,لَطُفْتُمَا,لَطُفْتُمْ,لَطُفْتُنَّ,لَطُفْتُ,لَطُفْنَا
لطم,لَطَمَ,فَعَلَ يَفْعِلُ ( فتحُ كَسْرٍ ),متعدي,لَطْم,لَطَمَ,لَطَمَتْ,لَطَمَا,لَطَمَتَا,لَطَمُوا,لَطَمْنَ,لَطَمْتَ,لَطَمْتِ,لَطَمْتُمَا,لَطَمْتُمْ,لَطَمْتُنَّ,لَطَمْتُ,لَطَمْنَا
لطه,لَطَهَ,فَعَلَ يَفْعَلُ ( فتحتان ),متعدي,لَطْه,لَطَهَ,لَطَهَتْ,لَطَهَا,لَطَهَتَا,لَطَهُوا,لَطَهْنَ,لَطَهْتَ,لَطَهْتِ,لَطَهْتُمَا,لَطَهْتُمْ,لَطَهْتُنَّ,لَطَهْتُ,لَطَهْنَا
لعب,لَعَبَ,فَعَلَ يَفْعَلُ ( فتحتان ),لازم,لَعِب,لَعَبَ,لَعَبَتْ,لَعَبَا,لَعَبَتَا,لَعَبُوا,لَعَبْنَ,لَعَبْتَ,لَعَبْتِ,لَعَبْتُمَا,لَعَبْتُمْ,لَعَبْتُنَّ,لَعَبْتُ,لَعَبْنَا
لعب,لَعِبَ,فَعِلَ يَفْعَلُ ( كسر فتح ),لازم,لَعِب,لَعِبَ,لَعِبَتْ,لَعِبَا,لَعِبَتَا,لَعِبُوا,لَعِبْنَ,لَعِبْتَ,لَعِبْتِ,لَعِبْتُمَا,لَعِبْتُمْ,لَعِبْتُنَّ,لَعِبْتُ,لَعِبْنَا
لعث,لَعِثَ,فَعِلَ يَفْعَلُ ( كسر فتح ),لازم,لَعَث,لَعِثَ,لَعِثَتْ,لَعِثَا,لَعِثَتَا,لَعِثُوا,لَعِثْنَ,لَعِثْتَ,لَعِثْتِ,لَعِثْتُمَا,لَعِثْتُمْ,لَعِثْتُنَّ,لَعِثْتُ,لَعِثْنَا
لعج,لَعَجَ,فَعَلَ يَفْعَلُ ( فتحتان ),مشترك ,لَعْج,لَعَجَ,لَعَجَتْ,لَعَجَا,لَعَجَتَا,لَعَجُوا,لَعَجْنَ,لَعَجْتَ,لَعَجْتِ,لَعَجْتُمَا,لَعَجْتُمْ,لَعَجْتُنَّ,لَعَجْتُ,لَعَجْنَا
لعز,لَعَزَ,فَعَلَ يَفْعَلُ ( فتحتان ),متعدي,لَعْز,لَعَزَ,لَعَزَتْ,لَعَزَا,لَعَزَتَا,لَعَزُوا,لَعَزْنَ,لَعَزْتَ,لَعَزْتِ,لَعَزْتُمَا,لَعَزْتُمْ,لَعَزْتُنَّ,لَعَزْتُ,لَعَزْنَا
لعس,لَعَسَ,فَعَلَ يَفْعَلُ ( فتحتان ),متعدي,لَعْس,لَعَسَ,لَعَسَتْ,لَعَسَا,لَعَسَتَا,لَعَسُوا,لَعَسْنَ,لَعَسْتَ,لَعَسْتِ,لَعَسْتُمَا,لَعَسْتُمْ,لَعَسْتُنَّ,لَعَسْتُ,لَعَسْنَا
خرط,خَرَطَ,فَعَلَ يَفْعِلُ ( فتحُ كَسْرٍ ),مشترك ,خَرْط,خَرَطَ,خَرَطَتْ,خَرَطَا,خَرَطَتَا,خَرَطُوا,خَرَطْنَ,خَرَطْتَ,خَرَطْتِ,خَرَطْتُمَا,خَرَطْتُمْ,خَرَطْتُنَّ,خَرَطْتُ,خَرَطْنَا
لعس,لَعِسَ,فَعِلَ يَفْعَلُ ( كسر فتح ),لازم,لَعَس,لَعِسَ,لَعِسَتْ,لَعِسَا,لَعِسَتَا,لَعِسُوا,لَعِسْنَ,لَعِسْتَ,لَعِسْتِ,لَعِسْتُمَا,لَعِسْتُمْ,لَعِسْتُنَّ,لَعِسْتُ,لَعِسْنَا
لعص,لَعِصَ,فَعِلَ يَفْعَلُ ( كسر فتح ),لازم,لَعْص,لَعِصَ,لَعِصَتْ,لَعِصَا,لَعِصَتَا,لَعِصُوا,لَعِصْنَ,لَعِصْتَ,لَعِصْتِ,لَعِصْتُمَا,لَعِصْتُمْ,لَعِصْتُنَّ,لَعِصْتُ,لَعِصْنَا
لعض,لَعَضَ,فَعَلَ يَفْعَلُ ( فتحتان ),متعدي,لَعْض,لَعَضَ,لَعَضَتْ,لَعَضَا,لَعَضَتَا,لَعَضُوا,لَعَضْنَ,لَعَضْتَ,لَعَضْتِ,لَعَضْتُمَا,لَعَضْتُمْ,لَعَضْتُنَّ,لَعَضْتُ,لَعَضْنَا
لعط,لَعَطَ,فَعَلَ يَفْعَلُ ( فتحتان ),مشترك ,لَعْط,لَعَطَ,لَعَطَتْ,لَعَطَا,لَعَطَتَا,لَعَطُوا,لَعَطْنَ,لَعَطْتَ,لَعَطْتِ,لَعَطْتُمَا,لَعَطْتُمْ,لَعَطْتُنَّ,لَعَطْتُ,لَعَطْنَا
لعق,لَعِقَ,فَعِلَ يَفْعَلُ ( كسر فتح ),مشترك ,لَعْق,لَعِقَ,لَعِقَتْ,لَعِقَا,لَعِقَتَا,لَعِقُوا,لَعِقْنَ,لَعِقْتَ,لَعِقْتِ,لَعِقْتُمَا,لَعِقْتُمْ,لَعِقْتُنَّ,لَعِقْتُ,لَعِقْنَا
لعن,لَعَنَ,فَعَلَ يَفْعَلُ ( فتحتان ),متعدي,لَعْن,لَعَنَ,لَعَنَتْ,لَعَنَا,لَعَنَتَا,لَعَنُوا,لَعَنْنَ,لَعَنْتَ,لَعَنْتِ,لَعَنْتُمَا,لَعَنْتُمْ,لَعَنْتُنَّ,لَعَنْتُ,لَعَنْنَا
لغب,لَغَبَ,فَعَلَ يَفْعُلُ ( فتحُ ضمٍّ ),لازم,لَغَب,لَغَبَ,لَغَبَتْ,لَغَبَا,لَغَبَتَا,لَغَبُوا,لَغَبْنَ,لَغَبْتَ,لَغَبْتِ,لَغَبْتُمَا,لَغَبْتُمْ,لَغَبْتُنَّ,لَغَبْتُ,لَغَبْنَا
لغب,لَغَبَ,فَعَلَ يَفْعَلُ ( فتحتان ),مشترك ,لَغَب,لَغَبَ,لَغَبَتْ,لَغَبَا,لَغَبَتَا,لَغَبُوا,لَغَبْنَ,لَغَبْتَ,لَغَبْتِ,لَغَبْتُمَا,لَغَبْتُمْ,لَغَبْتُنَّ,لَغَبْتُ,لَغَبْنَا
لغب,لَغِبَ,فَعِلَ يَفْعَلُ ( كسر فتح ),لازم,لَغَب,لَغِبَ,لَغِبَتْ,لَغِبَا,لَغِبَتَا,لَغِبُوا,لَغِبْنَ,لَغِبْتَ,لَغِبْتِ,لَغِبْتُمَا,لَغِبْتُمْ,لَغِبْتُنَّ,لَغِبْتُ,لَغِبْنَا
لغد,لَغَدَ,فَعَلَ يَفْعَلُ ( فتحتان ),متعدي,لَغْد,لَغَدَ,لَغَدَتْ,لَغَدَا,لَغَدَتَا,لَغَدُوا,لَغَدْنَ,لَغَدْتَ,لَغَدْتِ,لَغَدْتُمَا,لَغَدْتُمْ,لَغَدْتُنَّ,لَغَدْتُ,لَغَدْنَا
لغز,لَغَزَ,فَعَلَ يَفْعُلُ ( فتحُ ضمٍّ ),متعدي,لَغْز,لَغَزَ,لَغَزَتْ,لَغَزَا,لَغَزَتَا,لَغَزُوا,لَغَزْنَ,لَغَزْتَ,لَغَزْتِ,لَغَزْتُمَا,لَغَزْتُمْ,لَغَزْتُنَّ,لَغَزْتُ,لَغَزْنَا
لغط,لَغَطَ,فَعَلَ يَفْعَلُ ( فتحتان ),لازم,لَغَط,لَغَطَ,لَغَطَتْ,لَغَطَا,لَغَطَتَا,لَغَطُوا,لَغَطْنَ,لَغَطْتَ,لَغَطْتِ,لَغَطْتُمَا,لَغَطْتُمْ,لَغَطْتُنَّ,لَغَطْتُ,لَغَطْنَا
لغف,لَغَفَ,فَعَلَ يَفْعَلُ ( فتحتان ),مشترك ,لَغْف,لَغَفَ,لَغَفَتْ,لَغَفَا,لَغَفَتَا,لَغَفُوا,لَغَفْنَ,لَغَفْتَ,لَغَفْتِ,لَغَفْتُمَا,لَغَفْتُمْ,لَغَفْتُنَّ,لَغَفْتُ,لَغَفْنَا
لغف,لَغِفَ,فَعِلَ يَفْعَلُ ( كسر فتح ),متعدي,لَغَف,لَغِفَ,لَغِفَتْ,لَغِفَا,لَغِفَتَا,لَغِفُوا,لَغِفْنَ,لَغِفْتَ,لَغِفْتِ,لَغِفْتُمَا,لَغِفْتُمْ,لَغِفْتُنَّ,لَغِفْتُ,لَغِفْنَا
لغم,لَغَمَ,فَعَلَ يَفْعَلُ ( فتحتان ),مشترك ,لَغْم,لَغَمَ,لَغَمَتْ,لَغَمَا,لَغَمَتَا,لَغَمُوا,لَغَمْنَ,لَغَمْتَ,لَغَمْتِ,لَغَمْتُمَا,لَغَمْتُمْ,لَغَمْتُنَّ,لَغَمْتُ,لَغَمْنَا
لغم,لَغِمَ,فَعِلَ يَفْعَلُ ( كسر فتح ),لازم,لَغَم,لَغِمَ,لَغِمَتْ,لَغِمَا,لَغِمَتَا,لَغِمُوا,لَغِمْنَ,لَغِمْتَ,لَغِمْتِ,لَغِمْتُمَا,لَغِمْتُمْ,لَغِمْتُنَّ,لَغِمْتُ,لَغِمْنَا
لفت,لَفَتَ,فَعَلَ يَفْعِلُ ( فتحُ كَسْرٍ ),مشترك ,لَفْت,لَفَتَ,لَفَتَتْ,لَفَتَا,لَفَتَتَا,لَفَتُوا,لَفَتْنَ,لَفَتْتَ,لَفَتْتِ,لَفَتْتُمَا,لَفَتْتُمْ,لَفَتْتُنَّ,لَفَتْتُ,لَفَتْنَا
لفت,لَفِتَ,فَعِلَ يَفْعَلُ ( كسر فتح ),لازم,لَفَت,لَفِتَ,لَفِتَتْ,لَفِتَا,لَفِتَتَا,لَفِتُوا,لَفِتْنَ,لَفِتْتَ,لَفِتْتِ,لَفِتْتُمَا,لَفِتْتُمْ,لَفِتْتُنَّ,لَفِتْتُ,لَفِتْنَا
لفح,لَفَحَ,فَعَلَ يَفْعَلُ ( فتحتان ),مشترك ,لَفْح,لَفَحَ,لَفَحَتْ,لَفَحَا,لَفَحَتَا,لَفَحُوا,لَفَحْنَ,لَفَحْتَ,لَفَحْتِ,لَفَحْتُمَا,لَفَحْتُمْ,لَفَحْتُنَّ,لَفَحْتُ,لَفَحْنَا
لفخ,لَفَخَ,فَعَلَ يَفْعَلُ ( فتحتان ),مشترك ,لَفْخ,لَفَخَ,لَفَخَتْ,لَفَخَا,لَفَخَتَا,لَفَخُوا,لَفَخْنَ,لَفَخْتَ,لَفَخْتِ,لَفَخْتُمَا,لَفَخْتُمْ,لَفَخْتُنَّ,لَفَخْتُ,لَفَخْنَا
لفظ,لَفَظَ,فَعَلَ يَفْعِلُ ( فتحُ كَسْرٍ ),مشترك ,لَفْظ,لَفَظَ,لَفَظَتْ,لَفَظَا,لَفَظَتَا,لَفَظُوا,لَفَظْنَ,لَفَظْتَ,لَفَظْتِ,لَفَظْتُمَا,لَفَظْتُمْ,لَفَظْتُنَّ,لَفَظْتُ,لَفَظْنَا
لفع,لَفَعَ,فَعَلَ يَفْعَلُ ( فتحتان ),متعدي,لَفْع,لَفَعَ,لَفَعَتْ,لَفَعَا,لَفَعَتَا,لَفَعُوا,لَفَعْنَ,لَفَعْتَ,لَفَعْتِ,لَفَعْتُمَا,لَفَعْتُمْ,لَفَعْتُنَّ,لَفَعْتُ,لَفَعْنَا
لفق,لَفَقَ,فَعَلَ يَفْعِلُ ( فتحُ كَسْرٍ ),مشترك ,لَفْق,لَفَقَ,لَفَقَتْ,لَفَقَا,لَفَقَتَا,لَفَقُوا,لَفَقْنَ,لَفَقْتَ,لَفَقْتِ,لَفَقْتُمَا,لَفَقْتُمْ,لَفَقْتُنَّ,لَفَقْتُ,لَفَقْنَا
خرط,خَرِطَ,فَعِلَ يَفْعَلُ ( كسر فتح ),لازم,خَرَط,خَرِطَ,خَرِطَتْ,خَرِطَا,خَرِطَتَا,خَرِطُوا,خَرِطْنَ,خَرِطْتَ,خَرِطْتِ,خَرِطْتُمَا,خَرِطْتُمْ,خَرِطْتُنَّ,خَرِطْتُ,خَرِطْنَا
لفق,لَفِقَ,فَعِلَ يَفْعَلُ ( كسر فتح ),مشترك ,لَفَق,لَفِقَ,لَفِقَتْ,لَفِقَا,لَفِقَتَا,لَفِقُوا,لَفِقْنَ,لَفِقْتَ,لَفِقْتِ,لَفِقْتُمَا,لَفِقْتُمْ,لَفِقْتُنَّ,لَفِقْتُ,لَفِقْنَا
لفم,لَفَمَ,فَعَلَ يَفْعِلُ ( فتحُ كَسْرٍ ),مشترك ,لَفْم,لَفَمَ,لَفَمَتْ,لَفَمَا,لَفَمَتَا,لَفَمُوا,لَفَمْنَ,لَفَمْتَ,لَفَمْتِ,لَفَمْتُمَا,لَفَمْتُمْ,لَفَمْتُنَّ,لَفَمْتُ,لَفَمْنَا
لقث,لَقَثَ,فَعَلَ يَفْعُلُ ( فتحُ ضمٍّ ),مشترك ,لَقْث,لَقَثَ,لَقَثَتْ,لَقَثَا,لَقَثَتَا,لَقَثُوا,لَقَثْنَ,لَقَثْتَ,لَقَثْتِ,لَقَثْتُمَا,لَقَثْتُمْ,لَقَثْتُنَّ,لَقَثْتُ,لَقَثْنَا
لقث,لَقِثَ,فَعِلَ يَفْعَلُ ( كسر فتح ),متعدي,لَقَث,لَقِثَ,لَقِثَتْ,لَقِثَا,لَقِثَتَا,لَقِثُوا,لَقِثْنَ,لَقِثْتَ,لَقِثْتِ,لَقِثْتُمَا,لَقِثْتُمْ,لَقِثْتُنَّ,لَقِثْتُ,لَقِثْنَا
لقح,لَقِحَ,فَعِلَ يَفْعَلُ ( كسر فتح ),لازم,لَقَح,لَقِحَ,لَقِحَتْ,لَقِحَا,لَقِحَتَا,لَقِحُوا,لَقِحْنَ,لَقِحْتَ,لَقِحْتِ,لَقِحْتُمَا,لَقِحْتُمْ,لَقِحْتُنَّ,لَقِحْتُ,لَقِحْنَا
لقز,لَقَزَ,فَعَلَ يَفْعُلُ ( فتحُ ضمٍّ ),متعدي,لَقْز,لَقَزَ,لَقَزَتْ,لَقَزَا,لَقَزَتَا,لَقَزُوا,لَقَزْنَ,لَقَزْتَ,لَقَزْتِ,لَقَزْتُمَا,لَقَزْتُمْ,لَقَزْتُنَّ,لَقَزْتُ,لَقَزْنَا
لقس,لَقَسَ,فَعَلَ يَفْعُلُ ( فتحُ ضمٍّ ),متعدي,لَقْس,لَقَسَ,لَقَسَتْ,لَقَسَا,لَقَسَتَا,لَقَسُوا,لَقَسْنَ,لَقَسْتَ,لَقَسْتِ,لَقَسْتُمَا,لَقَسْتُمْ,لَقَسْتُنَّ,لَقَسْتُ,لَقَسْنَا
لقس,لَقَسَ,فَعَلَ يَفْعِلُ ( فتحُ كَسْرٍ ),متعدي,لَقْس,لَقَسَ,لَقَسَتْ,لَقَسَا,لَقَسَتَا,لَقَسُوا,لَقَسْنَ,لَقَسْتَ,لَقَسْتِ,لَقَسْتُمَا,لَقَسْتُمْ,لَقَسْتُنَّ,لَقَسْتُ,لَقَسْنَا
لقس,لَقِسَ,فَعِلَ يَفْعَلُ ( كسر فتح ),لازم,لَقَس,لَقِسَ,لَقِسَتْ,لَقِسَا,لَقِسَتَا,لَقِسُوا,لَقِسْنَ,لَقِسْتَ,لَقِسْتِ,لَقِسْتُمَا,لَقِسْتُمْ,لَقِسْتُنَّ,لَقِسْتُ,لَقِسْنَا
لقص,لَقَصَ,فَعَلَ يَفْعِلُ ( فتحُ كَسْرٍ ),متعدي,لَقْص,لَقَصَ,لَقَصَتْ,لَقَصَا,لَقَصَتَا,لَقَصُوا,لَقَصْنَ,لَقَصْتَ,لَقَصْتِ,لَقَصْتُمَا,لَقَصْتُمْ,لَقَصْتُنَّ,لَقَصْتُ,لَقَصْنَا
لقص,لَقِصَ,فَعِلَ يَفْعَلُ ( كسر فتح ),لازم,لَقَص,لَقِصَ,لَقِصَتْ,لَقِصَا,لَقِصَتَا,لَقِصُوا,لَقِصْنَ,لَقِصْتَ,لَقِصْتِ,لَقِصْتُمَا,لَقِصْتُمْ,لَقِصْتُنَّ,لَقِصْتُ,لَقِصْنَا
لقط,لَقَطَ,فَعَلَ يَفْعُلُ ( فتحُ ضمٍّ ),مشترك ,لَقْط,لَقَطَ,لَقَطَتْ,لَقَطَا,لَقَطَتَا,لَقَطُوا,لَقَطْنَ,لَقَطْتَ,لَقَطْتِ,لَقَطْتُمَا,لَقَطْتُمْ,لَقَطْتُنَّ,لَقَطْتُ,لَقَطْنَا
لقع,لَقَعَ,فَعَلَ يَفْعَلُ ( فتحتان ),مشترك ,لَقْع,لَقَعَ,لَقَعَتْ,لَقَعَا,لَقَعَتَا,لَقَعُوا,لَقَعْنَ,لَقَعْتَ,لَقَعْتِ,لَقَعْتُمَا,لَقَعْتُمْ,لَقَعْتُنَّ,لَقَعْتُ,لَقَعْنَا
لقف,لَقِفَ,فَعِلَ يَفْعَلُ ( كسر فتح ),مشترك ,لَقَف,لَقِفَ,لَقِفَتْ,لَقِفَا,لَقِفَتَا,لَقِفُوا,لَقِفْنَ,لَقِفْتَ,لَقِفْتِ,لَقِفْتُمَا,لَقِفْتُمْ,لَقِفْتُنَّ,لَقِفْتُ,لَقِفْنَا
لقم,لَقَمَ,فَعَلَ يَفْعُلُ ( فتحُ ضمٍّ ),متعدي,لَقْم,لَقَمَ,لَقَمَتْ,لَقَمَا,لَقَمَتَا,لَقَمُوا,لَقَمْنَ,لَقَمْتَ,لَقَمْتِ,لَقَمْتُمَا,لَقَمْتُمْ,لَقَمْتُنَّ,لَقَمْتُ,لَقَمْنَا
لقم,لَقِمَ,فَعِلَ يَفْعَلُ ( كسر فتح ),متعدي,لَقَم,لَقِمَ,لَقِمَتْ,لَقِمَا,لَقِمَتَا,لَقِمُوا,لَقِمْنَ,لَقِمْتَ,لَقِمْتِ,لَقِمْتُمَا,لَقِمْتُمْ,لَقِمْتُنَّ,لَقِمْتُ,لَقِمْنَا
لقن,لَقِنَ,فَعِلَ يَفْعَلُ ( كسر فتح ),مشترك ,لَقَن,لَقِنَ,لَقِنَتْ,لَقِنَا,لَقِنَتَا,لَقِنُوا,لَقِنْنَ,لَقِنْتَ,لَقِنْتِ,لَقِنْتُمَا,لَقِنْتُمْ,لَقِنْتُنَّ,لَقِنْتُ,لَقِنْنَا
لكث,لَكَثَ,فَعَلَ يَفْعُلُ ( فتحُ ضمٍّ ),متعدي,لَكْث,لَكَثَ,لَكَثَتْ,لَكَثَا,لَكَثَتَا,لَكَثُوا,لَكَثْنَ,لَكَثْتَ,لَكَثْتِ,لَكَثْتُمَا,لَكَثْتُمْ,لَكَثْتُنَّ,لَكَثْتُ,لَكَثْنَا
لكث,لَكِثَ,فَعِلَ يَفْعَلُ ( كسر فتح ),لازم,لَكَث,لَكِثَ,لَكِثَتْ,لَكِثَا,لَكِثَتَا,لَكِثُوا,لَكِثْنَ,لَكِثْتَ,لَكِثْتِ,لَكِثْتُمَا,لَكِثْتُمْ,لَكِثْتُنَّ,لَكِثْتُ,لَكِثْنَا
لكح,لَكَحَ,فَعَلَ يَفْعَلُ ( فتحتان ),متعدي,لَكْح,لَكَحَ,لَكَحَتْ,لَكَحَا,لَكَحَتَا,لَكَحُوا,لَكَحْنَ,لَكَحْتَ,لَكَحْتِ,لَكَحْتُمَا,لَكَحْتُمْ,لَكَحْتُنَّ,لَكَحْتُ,لَكَحْنَا
لكد,لَكَدَ,فَعَلَ يَفْعُلُ ( فتحُ ضمٍّ ),متعدي,لَكْد,لَكَدَ,لَكَدَتْ,لَكَدَا,لَكَدَتَا,لَكَدُوا,لَكَدْنَ,لَكَدْتَ,لَكَدْتِ,لَكَدْتُمَا,لَكَدْتُمْ,لَكَدْتُنَّ,لَكَدْتُ,لَكَدْنَا
لكد,لَكِدَ,فَعِلَ يَفْعَلُ ( كسر فتح ),لازم,لَكَد,لَكِدَ,لَكِدَتْ,لَكِدَا,لَكِدَتَا,لَكِدُوا,لَكِدْنَ,لَكِدْتَ,لَكِدْتِ,لَكِدْتُمَا,لَكِدْتُمْ,لَكِدْتُنَّ,لَكِدْتُ,لَكِدْنَا
لكز,لَكَزَ,فَعَلَ يَفْعُلُ ( فتحُ ضمٍّ ),متعدي,لَكْز,لَكَزَ,لَكَزَتْ,لَكَزَا,لَكَزَتَا,لَكَزُوا,لَكَزْنَ,لَكَزْتَ,لَكَزْتِ,لَكَزْتُمَا,لَكَزْتُمْ,لَكَزْتُنَّ,لَكَزْتُ,لَكَزْنَا
خرع,خَرَعَ,فَعَلَ يَفْعَلُ ( فتحتان ),متعدي,خَرْع,خَرَعَ,خَرَعَتْ,خَرَعَا,خَرَعَتَا,خَرَعُوا,خَرَعْنَ,خَرَعْتَ,خَرَعْتِ,خَرَعْتُمَا,خَرَعْتُمْ,خَرَعْتُنَّ,خَرَعْتُ,خَرَعْنَا
لكش,لَكَشَ,فَعَلَ يَفْعُلُ ( فتحُ ضمٍّ ),متعدي,لَكْش,لَكَشَ,لَكَشَتْ,لَكَشَا,لَكَشَتَا,لَكَشُوا,لَكَشْنَ,لَكَشْتَ,لَكَشْتِ,لَكَشْتُمَا,لَكَشْتُمْ,لَكَشْتُنَّ,لَكَشْتُ,لَكَشْنَا
لكع,لَكَعَ,فَعَلَ يَفْعَلُ ( فتحتان ),مشترك ,لَكْع,لَكَعَ,لَكَعَتْ,لَكَعَا,لَكَعَتَا,لَكَعُوا,لَكَعْنَ,لَكَعْتَ,لَكَعْتِ,لَكَعْتُمَا,لَكَعْتُمْ,لَكَعْتُنَّ,لَكَعْتُ,لَكَعْنَا
لكع,لَكِعَ,فَعِلَ يَفْعَلُ ( كسر فتح ),لازم,لَكَع,لَكِعَ,لَكِعَتْ,لَكِعَا,لَكِعَتَا,لَكِعُوا,لَكِعْنَ,لَكِعْتَ,لَكِعْتِ,لَكِعْتُمَا,لَكِعْتُمْ,لَكِعْتُنَّ,لَكِعْتُ,لَكِعْنَا
لكع,لَكُعَ,فَعُلَ يَفْعُلُ ( ضمَ ضمٍَ ),لازم,لُكوع,لَكُعَ,لَكُعَتْ,لَكُعَا,لَكُعَتَا,لَكُعُوا,لَكُعْنَ,لَكُعْتَ,لَكُعْتِ,لَكُعْتُمَا,لَكُعْتُمْ,لَكُعْتُنَّ,لَكُعْتُ,لَكُعْنَا
لكم,لَكَمَ,فَعَلَ يَفْعُلُ ( فتحُ ضمٍّ ),متعدي,لَكْم,لَكَمَ,لَكَمَتْ,لَكَمَا,لَكَمَتَا,لَكَمُوا,لَكَمْنَ,لَكَمْتَ,لَكَمْتِ,لَكَمْتُمَا,لَكَمْتُمْ,لَكَمْتُنَّ,لَكَمْتُ,لَكَمْنَا
لكن,لَكِنَ,فَعِلَ يَفْعَلُ ( كسر فتح ),لازم,لَكَن,لَكِنَ,لَكِنَتْ,لَكِنَا,لَكِنَتَا,لَكِنُوا,لَكِنْنَ,لَكِنْتَ,لَكِنْتِ,لَكِنْتُمَا,لَكِنْتُمْ,لَكِنْتُنَّ,لَكِنْتُ,لَكِنْنَا
لمج,لَمَجَ,فَعَلَ يَفْعُلُ ( فتحُ ضمٍّ ),مشترك ,لَمْج,لَمَجَ,لَمَجَتْ,لَمَجَا,لَمَجَتَا,لَمَجُوا,لَمَجْنَ,لَمَجْتَ,لَمَجْتِ,لَمَجْتُمَا,لَمَجْتُمْ,لَمَجْتُنَّ,لَمَجْتُ,لَمَجْنَا
لمح,لَمَحَ,فَعَلَ يَفْعَلُ ( فتحتان ),مشترك ,لَمْح,لَمَحَ,لَمَحَتْ,لَمَحَا,لَمَحَتَا,لَمَحُوا,لَمَحْنَ,لَمَحْتَ,لَمَحْتِ,لَمَحْتُمَا,لَمَحْتُمْ,لَمَحْتُنَّ,لَمَحْتُ,لَمَحْنَا
لمخ,لَمَخَ,فَعَلَ يَفْعَلُ ( فتحتان ),متعدي,لَمْخ,لَمَخَ,لَمَخَتْ,لَمَخَا,لَمَخَتَا,لَمَخُوا,لَمَخْنَ,لَمَخْتَ,لَمَخْتِ,لَمَخْتُمَا,لَمَخْتُمْ,لَمَخْتُنَّ,لَمَخْتُ,لَمَخْنَا
لمز,لَمَزَ,فَعَلَ يَفْعُلُ ( فتحُ ضمٍّ ),مشترك ,لَمْز,لَمَزَ,لَمَزَتْ,لَمَزَا,لَمَزَتَا,لَمَزُوا,لَمَزْنَ,لَمَزْتَ,لَمَزْتِ,لَمَزْتُمَا,لَمَزْتُمْ,لَمَزْتُنَّ,لَمَزْتُ,لَمَزْنَا
لمز,لَمَزَ,فَعَلَ يَفْعِلُ ( فتحُ كَسْرٍ ),مشترك ,لَمْز,لَمَزَ,لَمَزَتْ,لَمَزَا,لَمَزَتَا,لَمَزُوا,لَمَزْنَ,لَمَزْتَ,لَمَزْتِ,لَمَزْتُمَا,لَمَزْتُمْ,لَمَزْتُنَّ,لَمَزْتُ,لَمَزْنَا
لمس,لَمَسَ,فَعَلَ يَفْعُلُ ( فتحُ ضمٍّ ),متعدي,لَمْس,لَمَسَ,لَمَسَتْ,لَمَسَا,لَمَسَتَا,لَمَسُوا,لَمَسْنَ,لَمَسْتَ,لَمَسْتِ,لَمَسْتُمَا,لَمَسْتُمْ,لَمَسْتُنَّ,لَمَسْتُ,لَمَسْنَا
لمس,لَمَسَ,فَعَلَ يَفْعِلُ ( فتحُ كَسْرٍ ),متعدي,لَمْس,لَمَسَ,لَمَسَتْ,لَمَسَا,لَمَسَتَا,لَمَسُوا,لَمَسْنَ,لَمَسْتَ,لَمَسْتِ,لَمَسْتُمَا,لَمَسْتُمْ,لَمَسْتُنَّ,لَمَسْتُ,لَمَسْنَا
لمص,لَمَصَ,فَعَلَ يَفْعُلُ ( فتحُ ضمٍّ ),متعدي,لَمْص,لَمَصَ,لَمَصَتْ,لَمَصَا,لَمَصَتَا,لَمَصُوا,لَمَصْنَ,لَمَصْتَ,لَمَصْتِ,لَمَصْتُمَا,لَمَصْتُمْ,لَمَصْتُنَّ,لَمَصْتُ,لَمَصْنَا
لمط,لَمَطَ,فَعَلَ يَفْعُلُ ( فتحُ ضمٍّ ),مشترك ,لَمْط,لَمَطَ,لَمَطَتْ,لَمَطَا,لَمَطَتَا,لَمَطُوا,لَمَطْنَ,لَمَطْتَ,لَمَطْتِ,لَمَطْتُمَا,لَمَطْتُمْ,لَمَطْتُنَّ,لَمَطْتُ,لَمَطْنَا
لمظ,لَمَظَ,فَعَلَ يَفْعُلُ ( فتحُ ضمٍّ ),مشترك ,لَمْظ,لَمَظَ,لَمَظَتْ,لَمَظَا,لَمَظَتَا,لَمَظُوا,لَمَظْنَ,لَمَظْتَ,لَمَظْتِ,لَمَظْتُمَا,لَمَظْتُمْ,لَمَظْتُنَّ,لَمَظْتُ,لَمَظْنَا
لمع,لَمَعَ,فَعَلَ يَفْعَلُ ( فتحتان ),مشترك ,لَمَعان,لَمَعَ,لَمَعَتْ,لَمَعَا,لَمَعَتَا,لَمَعُوا,لَمَعْنَ,لَمَعْتَ,لَمَعْتِ,لَمَعْتُمَا,لَمَعْتُمْ,لَمَعْتُنَّ,لَمَعْتُ,لَمَعْنَا
لمق,لَمَقَ,فَعَلَ يَفْعُلُ ( فتحُ ضمٍّ ),متعدي,لَمْق,لَمَقَ,لَمَقَتْ,لَمَقَا,لَمَقَتَا,لَمَقُوا,لَمَقْنَ,لَمَقْتَ,لَمَقْتِ,لَمَقْتُمَا,لَمَقْتُمْ,لَمَقْتُنَّ,لَمَقْتُ,لَمَقْنَا
لمك,لَمَكَ,فَعَلَ يَفْعُلُ ( فتحُ ضمٍّ ),متعدي,لَمْك,لَمَكَ,لَمَكَتْ,لَمَكَا,لَمَكَتَا,لَمَكُوا,لَمَكْنَ,لَمَكْتَ,لَمَكْتِ,لَمَكْتُمَا,لَمَكْتُمْ,لَمَكْتُنَّ,لَمَكْتُ,لَمَكْنَا
لهب,لَهِبَ,فَعِلَ يَفْعَلُ ( كسر فتح ),لازم,لَهَب,لَهِبَ,لَهِبَتْ,لَهِبَا,لَهِبَتَا,لَهِبُوا,لَهِبْنَ,لَهِبْتَ,لَهِبْتِ,لَهِبْتُمَا,لَهِبْتُمْ,لَهِبْتُنَّ,لَهِبْتُ,لَهِبْنَا
لهث,لَهَثَ,فَعَلَ يَفْعَلُ ( فتحتان ),لازم,لَهَث,لَهَثَ,لَهَثَتْ,لَهَثَا,لَهَثَتَا,لَهَثُوا,لَهَثْنَ,لَهَثْتَ,لَهَثْتِ,لَهَثْتُمَا,لَهَثْتُمْ,لَهَثْتُنَّ,لَهَثْتُ,لَهَثْنَا
خرع,خَرِعَ,فَعِلَ يَفْعَلُ ( كسر فتح ),لازم,خَرَع,خَرِعَ,خَرِعَتْ,خَرِعَا,خَرِعَتَا,خَرِعُوا,خَرِعْنَ,خَرِعْتَ,خَرِعْتِ,خَرِعْتُمَا,خَرِعْتُمْ,خَرِعْتُنَّ,خَرِعْتُ,خَرِعْنَا
لهث,لَهِثَ,فَعِلَ يَفْعَلُ ( كسر فتح ),لازم,لَهَث,لَهِثَ,لَهِثَتْ,لَهِثَا,لَهِثَتَا,لَهِثُوا,لَهِثْنَ,لَهِثْتَ,لَهِثْتِ,لَهِثْتُمَا,لَهِثْتُمْ,لَهِثْتُنَّ,لَهِثْتُ,لَهِثْنَا
لهج,لَهِجَ,فَعِلَ يَفْعَلُ ( كسر فتح ),مشترك ,لَهَج,لَهِجَ,لَهِجَتْ,لَهِجَا,لَهِجَتَا,لَهِجُوا,لَهِجْنَ,لَهِجْتَ,لَهِجْتِ,لَهِجْتُمَا,لَهِجْتُمْ,لَهِجْتُنَّ,لَهِجْتُ,لَهِجْنَا
لهد,لَهَدَ,فَعَلَ يَفْعَلُ ( فتحتان ),متعدي,لَهْد,لَهَدَ,لَهَدَتْ,لَهَدَا,لَهَدَتَا,لَهَدُوا,لَهَدْنَ,لَهَدْتَ,لَهَدْتِ,لَهَدْتُمَا,لَهَدْتُمْ,لَهَدْتُنَّ,لَهَدْتُ,لَهَدْنَا
لهز,لَهَزَ,فَعَلَ يَفْعَلُ ( فتحتان ),مشترك ,لَهْز,لَهَزَ,لَهَزَتْ,لَهَزَا,لَهَزَتَا,لَهَزُوا,لَهَزْنَ,لَهَزْتَ,لَهَزْتِ,لَهَزْتُمَا,لَهَزْتُمْ,لَهَزْتُنَّ,لَهَزْتُ,لَهَزْنَا
لهس,لَهَسَ,فَعَلَ يَفْعَلُ ( فتحتان ),مشترك , ,لَهَسَ,لَهَسَتْ,لَهَسَا,لَهَسَتَا,لَهَسُوا,لَهَسْنَ,لَهَسْتَ,لَهَسْتِ,لَهَسْتُمَا,لَهَسْتُمْ,لَهَسْتُنَّ,لَهَسْتُ,لَهَسْنَا
لهط,لَهَطَ,فَعَلَ يَفْعَلُ ( فتحتان ),مشترك , ,لَهَطَ,لَهَطَتْ,لَهَطَا,لَهَطَتَا,لَهَطُوا,لَهَطْنَ,لَهَطْتَ,لَهَطْتِ,لَهَطْتُمَا,لَهَطْتُمْ,لَهَطْتُنَّ,لَهَطْتُ,لَهَطْنَا
لهع,لَهِعَ,فَعِلَ يَفْعَلُ ( كسر فتح ),لازم, ,لَهِعَ,لَهِعَتْ,لَهِعَا,لَهِعَتَا,لَهِعُوا,لَهِعْنَ,لَهِعْتَ,لَهِعْتِ,لَهِعْتُمَا,لَهِعْتُمْ,لَهِعْتُنَّ,لَهِعْتُ,لَهِعْنَا
لهف,لَهِفَ,فَعِلَ يَفْعَلُ ( كسر فتح ),لازم, ,لَهِفَ,لَهِفَتْ,لَهِفَا,لَهِفَتَا,لَهِفُوا,لَهِفْنَ,لَهِفْتَ,لَهِفْتِ,لَهِفْتُمَا,لَهِفْتُمْ,لَهِفْتُنَّ,لَهِفْتُ,لَهِفْنَا
لهق,لَهَقَ,فَعَلَ يَفْعَلُ ( فتحتان ),لازم, ,لَهَقَ,لَهَقَتْ,لَهَقَا,لَهَقَتَا,لَهَقُوا,لَهَقْنَ,لَهَقْتَ,لَهَقْتِ,لَهَقْتُمَا,لَهَقْتُمْ,لَهَقْتُنَّ,لَهَقْتُ,لَهَقْنَا
لهق,لَهِقَ,فَعِلَ يَفْعَلُ ( كسر فتح ),لازم, ,لَهِقَ,لَهِقَتْ,لَهِقَا,لَهِقَتَا,لَهِقُوا,لَهِقْنَ,لَهِقْتَ,لَهِقْتِ,لَهِقْتُمَا,لَهِقْتُمْ,لَهِقْتُنَّ,لَهِقْتُ,لَهِقْنَا
لهم,لَهِمَ,فَعِلَ يَفْعَلُ ( كسر فتح ),متعدي, ,لَهِمَ,لَهِمَتْ,لَهِمَا,لَهِمَتَا,لَهِمُوا,لَهِمْنَ,لَهِمْتَ,لَهِمْتِ,لَهِمْتُمَا,لَهِمْتُمْ,لَهِمْتُنَّ,لَهِمْتُ,لَهِمْنَا
خرع,خَرُعَ,فَعُلَ يَفْعُلُ ( ضمَ ضمٍَ ),لازم, ,خَرُعَ,خَرُعَتْ,خَرُعَا,خَرُعَتَا,خَرُعُوا,خَرُعْنَ,خَرُعْتَ,خَرُعْتِ,خَرُعْتُمَا,خَرُعْتُمْ,خَرُعْتُنَّ,خَرُعْتُ,خَرُعْنَا
خرف,خَرَفَ,فَعَلَ يَفْعُلُ ( فتحُ ضمٍّ ),مشترك , ,خَرَفَ,خَرَفَتْ,خَرَفَا,خَرَفَتَا,خَرَفُوا,خَرَفْنَ,خَرَفْتَ,خَرَفْتِ,خَرَفْتُمَا,خَرَفْتُمْ,خَرَفْتُنَّ,خَرَفْتُ,خَرَفْنَا
متح,مَتَحَ,فَعَلَ يَفْعَلُ ( فتحتان ),مشترك , ,مَتَحَ,مَتَحَتْ,مَتَحَا,مَتَحَتَا,مَتَحُوا,مَتَحْنَ,مَتَحْتَ,مَتَحْتِ,مَتَحْتُمَا,مَتَحْتُمْ,مَتَحْتُنَّ,مَتَحْتُ,مَتَحْنَا
متخ,مَتَخَ,فَعَلَ يَفْعُلُ ( فتحُ ضمٍّ ),مشترك , ,مَتَخَ,مَتَخَتْ,مَتَخَا,مَتَخَتَا,مَتَخُوا,مَتَخْنَ,مَتَخْتَ,مَتَخْتِ,مَتَخْتُمَا,مَتَخْتُمْ,مَتَخْتُنَّ,مَتَخْتُ,مَتَخْنَا
متخ,مَتَخَ,فَعَلَ يَفْعَلُ ( فتحتان ),مشترك , ,مَتَخَ,مَتَخَتْ,مَتَخَا,مَتَخَتَا,مَتَخُوا,مَتَخْنَ,مَتَخْتَ,مَتَخْتِ,مَتَخْتُمَا,مَتَخْتُمْ,مَتَخْتُنَّ,مَتَخْتُ,مَتَخْنَا
متد,مَتَدَ,فَعَلَ يَفْعُلُ ( فتحُ ضمٍّ ),لازم, ,مَتَدَ,مَتَدَتْ,مَتَدَا,مَتَدَتَا,مَتَدُوا,مَتَدْنَ,مَتَدْتَ,مَتَدْتِ,مَتَدْتُمَا,مَتَدْتُمْ,مَتَدْتُنَّ,مَتَدْتُ,مَتَدْنَا
متر,مَتَرَ,فَعَلَ يَفْعُلُ ( فتحُ ضمٍّ ),مشترك , ,مَتَرَ,مَتَرَتْ,مَتَرَا,مَتَرَتَا,مَتَرُوا,مَتَرْنَ,مَتَرْتَ,مَتَرْتِ,مَتَرْتُمَا,مَتَرْتُمْ,مَتَرْتُنَّ,مَتَرْتُ,مَتَرْنَا
متش,مَتَشَ,فَعَلَ يَفْعِلُ ( فتحُ كَسْرٍ ),متعدي, ,مَتَشَ,مَتَشَتْ,مَتَشَا,مَتَشَتَا,مَتَشُوا,مَتَشْنَ,مَتَشْتَ,مَتَشْتِ,مَتَشْتُمَا,مَتَشْتُمْ,مَتَشْتُنَّ,مَتَشْتُ,مَتَشْنَا
متش,مَتِشَ,فَعِلَ يَفْعَلُ ( كسر فتح ),لازم, ,مَتِشَ,مَتِشَتْ,مَتِشَا,مَتِشَتَا,مَتِشُوا,مَتِشْنَ,مَتِشْتَ,مَتِشْتِ,مَتِشْتُمَا,مَتِشْتُمْ,مَتِشْتُنَّ,مَتِشْتُ,مَتِشْنَا
متع,مَتَعَ,فَعَلَ يَفْعَلُ ( فتحتان ),مشترك , ,مَتَعَ,مَتَعَتْ,مَتَعَا,مَتَعَتَا,مَتَعُوا,مَتَعْنَ,مَتَعْتَ,مَتَعْتِ,مَتَعْتُمَا,مَتَعْتُمْ,مَتَعْتُنَّ,مَتَعْتُ,مَتَعْنَا
متع,مَتُعَ,فَعُلَ يَفْعُلُ ( ضمَ ضمٍَ ),لازم, ,مَتُعَ,مَتُعَتْ,مَتُعَا,مَتُعَتَا,مَتُعُوا,مَتُعْنَ,مَتُعْتَ,مَتُعْتِ,مَتُعْتُمَا,مَتُعْتُمْ,مَتُعْتُنَّ,مَتُعْتُ,مَتُعْنَا
متك,مَتَكَ,فَعَلَ يَفْعُلُ ( فتحُ ضمٍّ ),متعدي, ,مَتَكَ,مَتَكَتْ,مَتَكَا,مَتَكَتَا,مَتَكُوا,مَتَكْنَ,مَتَكْتَ,مَتَكْتِ,مَتَكْتُمَا,مَتَكْتُمْ,مَتَكْتُنَّ,مَتَكْتُ,مَتَكْنَا
متل,مَتَلَ,فَعَلَ يَفْعُلُ ( فتحُ ضمٍّ ),متعدي, ,مَتَلَ,مَتَلَتْ,مَتَلَا,مَتَلَتَا,مَتَلُوا,مَتَلْنَ,مَتَلْتَ,مَتَلْتِ,مَتَلْتُمَا,مَتَلْتُمْ,مَتَلْتُنَّ,مَتَلْتُ,مَتَلْنَا
متن,مَتَنَ,فَعَلَ يَفْعُلُ ( فتحُ ضمٍّ ),مشترك , ,مَتَنَ,مَتَنَتْ,مَتَنَا,مَتَنَتَا,مَتَنُوا,مَتَنْنَ,مَتَنْتَ,مَتَنْتِ,مَتَنْتُمَا,مَتَنْتُمْ,مَتَنْتُنَّ,مَتَنْتُ,مَتَنْنَا
متن,مَتُنَ,فَعُلَ يَفْعُلُ ( ضمَ ضمٍَ ),لازم, ,مَتُنَ,مَتُنَتْ,مَتُنَا,مَتُنَتَا,مَتُنُوا,مَتُنْنَ,مَتُنْتَ,مَتُنْتِ,مَتُنْتُمَا,مَتُنْتُمْ,مَتُنْتُنَّ,مَتُنْتُ,مَتُنْنَا
مته,مَتَهَ,فَعَلَ يَفْعَلُ ( فتحتان ),مشترك , ,مَتَهَ,مَتَهَتْ,مَتَهَا,مَتَهَتَا,مَتَهُوا,مَتَهْنَ,مَتَهْتَ,مَتَهْتِ,مَتَهْتُمَا,مَتَهْتُمْ,مَتَهْتُنَّ,مَتَهْتُ,مَتَهْنَا
مته,مَتِهَ,فَعِلَ يَفْعَلُ ( كسر فتح ),لازم, ,مَتِهَ,مَتِهَتْ,مَتِهَا,مَتِهَتَا,مَتِهُوا,مَتِهْنَ,مَتِهْتَ,مَتِهْتِ,مَتِهْتُمَا,مَتِهْتُمْ,مَتِهْتُنَّ,مَتِهْتُ,مَتِهْنَا
مثج,مَثَجَ,فَعَلَ يَفْعُلُ ( فتحُ ضمٍّ ),مشترك , ,مَثَجَ,مَثَجَتْ,مَثَجَا,مَثَجَتَا,مَثَجُوا,مَثَجْنَ,مَثَجْتَ,مَثَجْتِ,مَثَجْتُمَا,مَثَجْتُمْ,مَثَجْتُنَّ,مَثَجْتُ,مَثَجْنَا
مثد,مَثَدَ,فَعَلَ يَفْعُلُ ( فتحُ ضمٍّ ),مشترك , ,مَثَدَ,مَثَدَتْ,مَثَدَا,مَثَدَتَا,مَثَدُوا,مَثَدْنَ,مَثَدْتَ,مَثَدْتِ,مَثَدْتُمَا,مَثَدْتُمْ,مَثَدْتُنَّ,مَثَدْتُ,مَثَدْنَا
خرف,خَرِفَ,فَعِلَ يَفْعَلُ ( كسر فتح ),لازم, ,خَرِفَ,خَرِفَتْ,خَرِفَا,خَرِفَتَا,خَرِفُوا,خَرِفْنَ,خَرِفْتَ,خَرِفْتِ,خَرِفْتُمَا,خَرِفْتُمْ,خَرِفْتُنَّ,خَرِفْتُ,خَرِفْنَا
مثع,مَثَعَ,فَعَلَ يَفْعُلُ ( فتحُ ضمٍّ ),لازم, ,مَثَعَ,مَثَعَتْ,مَثَعَا,مَثَعَتَا,مَثَعُوا,مَثَعْنَ,مَثَعْتَ,مَثَعْتِ,مَثَعْتُمَا,مَثَعْتُمْ,مَثَعْتُنَّ,مَثَعْتُ,مَثَعْنَا
مثع,مَثَعَ,فَعَلَ يَفْعَلُ ( فتحتان ),لازم, ,مَثَعَ,مَثَعَتْ,مَثَعَا,مَثَعَتَا,مَثَعُوا,مَثَعْنَ,مَثَعْتَ,مَثَعْتِ,مَثَعْتُمَا,مَثَعْتُمْ,مَثَعْتُنَّ,مَثَعْتُ,مَثَعْنَا
مثع,مَثِعَ,فَعِلَ يَفْعَلُ ( كسر فتح ),لازم, ,مَثِعَ,مَثِعَتْ,مَثِعَا,مَثِعَتَا,مَثِعُوا,مَثِعْنَ,مَثِعْتَ,مَثِعْتِ,مَثِعْتُمَا,مَثِعْتُمْ,مَثِعْتُنَّ,مَثِعْتُ,مَثِعْنَا
مثل,مَثَلَ,فَعَلَ يَفْعُلُ ( فتحُ ضمٍّ ),مشترك , ,مَثَلَ,مَثَلَتْ,مَثَلَا,مَثَلَتَا,مَثَلُوا,مَثَلْنَ,مَثَلْتَ,مَثَلْتِ,مَثَلْتُمَا,مَثَلْتُمْ,مَثَلْتُنَّ,مَثَلْتُ,مَثَلْنَا
مثل,مَثَلَ,فَعَلَ يَفْعِلُ ( فتحُ كَسْرٍ ),لازم, ,مَثَلَ,مَثَلَتْ,مَثَلَا,مَثَلَتَا,مَثَلُوا,مَثَلْنَ,مَثَلْتَ,مَثَلْتِ,مَثَلْتُمَا,مَثَلْتُمْ,مَثَلْتُنَّ,مَثَلْتُ,مَثَلْنَا
مثل,مَثُلَ,فَعُلَ يَفْعُلُ ( ضمَ ضمٍَ ),لازم, ,مَثُلَ,مَثُلَتْ,مَثُلَا,مَثُلَتَا,مَثُلُوا,مَثُلْنَ,مَثُلْتَ,مَثُلْتِ,مَثُلْتُمَا,مَثُلْتُمْ,مَثُلْتُنَّ,مَثُلْتُ,مَثُلْنَا
مثن,مَثَنَ,فَعَلَ يَفْعُلُ ( فتحُ ضمٍّ ),متعدي, ,مَثَنَ,مَثَنَتْ,مَثَنَا,مَثَنَتَا,مَثَنُوا,مَثَنْنَ,مَثَنْتَ,مَثَنْتِ,مَثَنْتُمَا,مَثَنْتُمْ,مَثَنْتُنَّ,مَثَنْتُ,مَثَنْنَا
مثن,مَثَنَ,فَعَلَ يَفْعِلُ ( فتحُ كَسْرٍ ),متعدي, ,مَثَنَ,مَثَنَتْ,مَثَنَا,مَثَنَتَا,مَثَنُوا,مَثَنْنَ,مَثَنْتَ,مَثَنْتِ,مَثَنْتُمَا,مَثَنْتُمْ,مَثَنْتُنَّ,مَثَنْتُ,مَثَنْنَا
مثن,مَثِنَ,فَعِلَ يَفْعَلُ ( كسر فتح ),لازم, ,مَثِنَ,مَثِنَتْ,مَثِنَا,مَثِنَتَا,مَثِنُوا,مَثِنْنَ,مَثِنْتَ,مَثِنْتِ,مَثِنْتُمَا,مَثِنْتُمْ,مَثِنْتُنَّ,مَثِنْتُ,مَثِنْنَا
مجح,مَجَحَ,فَعَلَ يَفْعَلُ ( فتحتان ),مشترك , ,مَجَحَ,مَجَحَتْ,مَجَحَا,مَجَحَتَا,مَجَحُوا,مَجَحْنَ,مَجَحْتَ,مَجَحْتِ,مَجَحْتُمَا,مَجَحْتُمْ,مَجَحْتُنَّ,مَجَحْتُ,مَجَحْنَا
مجح,مَجِحَ,فَعِلَ يَفْعَلُ ( كسر فتح ),مشترك , ,مَجِحَ,مَجِحَتْ,مَجِحَا,مَجِحَتَا,مَجِحُوا,مَجِحْنَ,مَجِحْتَ,مَجِحْتِ,مَجِحْتُمَا,مَجِحْتُمْ,مَجِحْتُنَّ,مَجِحْتُ,مَجِحْنَا
مجد,مَجَدَ,فَعَلَ يَفْعُلُ ( فتحُ ضمٍّ ),مشترك , ,مَجَدَ,مَجَدَتْ,مَجَدَا,مَجَدَتَا,مَجَدُوا,مَجَدْنَ,مَجَدْتَ,مَجَدْتِ,مَجَدْتُمَا,مَجَدْتُمْ,مَجَدْتُنَّ,مَجَدْتُ,مَجَدْنَا
مجد,مَجُدَ,فَعُلَ يَفْعُلُ ( ضمَ ضمٍَ ),لازم, ,مَجُدَ,مَجُدَتْ,مَجُدَا,مَجُدَتَا,مَجُدُوا,مَجُدْنَ,مَجُدْتَ,مَجُدْتِ,مَجُدْتُمَا,مَجُدْتُمْ,مَجُدْتُنَّ,مَجُدْتُ,مَجُدْنَا
مجر,مَجِرَ,فَعِلَ يَفْعَلُ ( كسر فتح ),لازم, ,مَجِرَ,مَجِرَتْ,مَجِرَا,مَجِرَتَا,مَجِرُوا,مَجِرْنَ,مَجِرْتَ,مَجِرْتِ,مَجِرْتُمَا,مَجِرْتُمْ,مَجِرْتُنَّ,مَجِرْتُ,مَجِرْنَا
مجع,مَجَعَ,فَعَلَ يَفْعُلُ ( فتحُ ضمٍّ ),لازم, ,مَجَعَ,مَجَعَتْ,مَجَعَا,مَجَعَتَا,مَجَعُوا,مَجَعْنَ,مَجَعْتَ,مَجَعْتِ,مَجَعْتُمَا,مَجَعْتُمْ,مَجَعْتُنَّ,مَجَعْتُ,مَجَعْنَا
مجع,مَجَعَ,فَعَلَ يَفْعَلُ ( فتحتان ),لازم, ,مَجَعَ,مَجَعَتْ,مَجَعَا,مَجَعَتَا,مَجَعُوا,مَجَعْنَ,مَجَعْتَ,مَجَعْتِ,مَجَعْتُمَا,مَجَعْتُمْ,مَجَعْتُنَّ,مَجَعْتُ,مَجَعْنَا
مجع,مَجِعَ,فَعِلَ يَفْعَلُ ( كسر فتح ),لازم, ,مَجِعَ,مَجِعَتْ,مَجِعَا,مَجِعَتَا,مَجِعُوا,مَجِعْنَ,مَجِعْتَ,مَجِعْتِ,مَجِعْتُمَا,مَجِعْتُمْ,مَجِعْتُنَّ,مَجِعْتُ,مَجِعْنَا
مجع,مَجُعَ,فَعُلَ يَفْعُلُ ( ضمَ ضمٍَ ),لازم, ,مَجُعَ,مَجُعَتْ,مَجُعَا,مَجُعَتَا,مَجُعُوا,مَجُعْنَ,مَجُعْتَ,مَجُعْتِ,مَجُعْتُمَا,مَجُعْتُمْ,مَجُعْتُنَّ,مَجُعْتُ,مَجُعْنَا
مجل,مَجَلَ,فَعَلَ يَفْعُلُ ( فتحُ ضمٍّ ),لازم, ,مَجَلَ,مَجَلَتْ,مَجَلَا,مَجَلَتَا,مَجَلُوا,مَجَلْنَ,مَجَلْتَ,مَجَلْتِ,مَجَلْتُمَا,مَجَلْتُمْ,مَجَلْتُنَّ,مَجَلْتُ,مَجَلْنَا
مجل,مَجِلَ,فَعِلَ يَفْعَلُ ( كسر فتح ),لازم, ,مَجِلَ,مَجِلَتْ,مَجِلَا,مَجِلَتَا,مَجِلُوا,مَجِلْنَ,مَجِلْتَ,مَجِلْتِ,مَجِلْتُمَا,مَجِلْتُمْ,مَجِلْتُنَّ,مَجِلْتُ,مَجِلْنَا
مجن,مَجَنَ,فَعَلَ يَفْعُلُ ( فتحُ ضمٍّ ),لازم, ,مَجَنَ,مَجَنَتْ,مَجَنَا,مَجَنَتَا,مَجَنُوا,مَجَنْنَ,مَجَنْتَ,مَجَنْتِ,مَجَنْتُمَا,مَجَنْتُمْ,مَجَنْتُنَّ,مَجَنْتُ,مَجَنْنَا
محت,مَحَتَ,فَعَلَ يَفْعَلُ ( فتحتان ),متعدي, ,مَحَتَ,مَحَتَتْ,مَحَتَا,مَحَتَتَا,مَحَتُوا,مَحَتْنَ,مَحَتْتَ,مَحَتْتِ,مَحَتْتُمَا,مَحَتْتُمْ,مَحَتْتُنَّ,مَحَتْتُ,مَحَتْنَا
محت,مَحُتَ,فَعُلَ يَفْعُلُ ( ضمَ ضمٍَ ),لازم, ,مَحُتَ,مَحُتَتْ,مَحُتَا,مَحُتَتَا,مَحُتُوا,مَحُتْنَ,مَحُتْتَ,مَحُتْتِ,مَحُتْتُمَا,مَحُتْتُمْ,مَحُتْتُنَّ,مَحُتْتُ,مَحُتْنَا
محج,مَحَجَ,فَعَلَ يَفْعَلُ ( فتحتان ),مشترك , ,مَحَجَ,مَحَجَتْ,مَحَجَا,مَحَجَتَا,مَحَجُوا,مَحَجْنَ,مَحَجْتَ,مَحَجْتِ,مَحَجْتُمَا,مَحَجْتُمْ,مَحَجْتُنَّ,مَحَجْتُ,مَحَجْنَا
خرف,خَرُفَ,فَعُلَ يَفْعُلُ ( ضمَ ضمٍَ ),لازم, ,خَرُفَ,خَرُفَتْ,خَرُفَا,خَرُفَتَا,خَرُفُوا,خَرُفْنَ,خَرُفْتَ,خَرُفْتِ,خَرُفْتُمَا,خَرُفْتُمْ,خَرُفْتُنَّ,خَرُفْتُ,خَرُفْنَا
محز,مَحَزَ,فَعَلَ يَفْعَلُ ( فتحتان ),متعدي, ,مَحَزَ,مَحَزَتْ,مَحَزَا,مَحَزَتَا,مَحَزُوا,مَحَزْنَ,مَحَزْتَ,مَحَزْتِ,مَحَزْتُمَا,مَحَزْتُمْ,مَحَزْتُنَّ,مَحَزْتُ,مَحَزْنَا
محش,مَحَشَ,فَعَلَ يَفْعَلُ ( فتحتان ),مشترك , ,مَحَشَ,مَحَشَتْ,مَحَشَا,مَحَشَتَا,مَحَشُوا,مَحَشْنَ,مَحَشْتَ,مَحَشْتِ,مَحَشْتُمَا,مَحَشْتُمْ,مَحَشْتُنَّ,مَحَشْتُ,مَحَشْنَا
محص,مَحَصَ,فَعَلَ يَفْعَلُ ( فتحتان ),مشترك , ,مَحَصَ,مَحَصَتْ,مَحَصَا,مَحَصَتَا,مَحَصُوا,مَحَصْنَ,مَحَصْتَ,مَحَصْتِ,مَحَصْتُمَا,مَحَصْتُمْ,مَحَصْتُنَّ,مَحَصْتُ,مَحَصْنَا
محض,مَحَضَ,فَعَلَ يَفْعَلُ ( فتحتان ),متعدي, ,مَحَضَ,مَحَضَتْ,مَحَضَا,مَحَضَتَا,مَحَضُوا,مَحَضْنَ,مَحَضْتَ,مَحَضْتِ,مَحَضْتُمَا,مَحَضْتُمْ,مَحَضْتُنَّ,مَحَضْتُ,مَحَضْنَا
محض,مَحِضَ,فَعِلَ يَفْعَلُ ( كسر فتح ),لازم, ,مَحِضَ,مَحِضَتْ,مَحِضَا,مَحِضَتَا,مَحِضُوا,مَحِضْنَ,مَحِضْتَ,مَحِضْتِ,مَحِضْتُمَا,مَحِضْتُمْ,مَحِضْتُنَّ,مَحِضْتُ,مَحِضْنَا
محض,مَحُضَ,فَعُلَ يَفْعُلُ ( ضمَ ضمٍَ ),لازم, ,مَحُضَ,مَحُضَتْ,مَحُضَا,مَحُضَتَا,مَحُضُوا,مَحُضْنَ,مَحُضْتَ,مَحُضْتِ,مَحُضْتُمَا,مَحُضْتُمْ,مَحُضْتُنَّ,مَحُضْتُ,مَحُضْنَا
محط,مَحَطَ,فَعَلَ يَفْعَلُ ( فتحتان ),متعدي, ,مَحَطَ,مَحَطَتْ,مَحَطَا,مَحَطَتَا,مَحَطُوا,مَحَطْنَ,مَحَطْتَ,مَحَطْتِ,مَحَطْتُمَا,مَحَطْتُمْ,مَحَطْتُنَّ,مَحَطْتُ,مَحَطْنَا
محق,مَحَقَ,فَعَلَ يَفْعَلُ ( فتحتان ),متعدي, ,مَحَقَ,مَحَقَتْ,مَحَقَا,مَحَقَتَا,مَحَقُوا,مَحَقْنَ,مَحَقْتَ,مَحَقْتِ,مَحَقْتُمَا,مَحَقْتُمْ,مَحَقْتُنَّ,مَحَقْتُ,مَحَقْنَا
محك,مَحَكَ,فَعَلَ يَفْعَلُ ( فتحتان ),لازم, ,مَحَكَ,مَحَكَتْ,مَحَكَا,مَحَكَتَا,مَحَكُوا,مَحَكْنَ,مَحَكْتَ,مَحَكْتِ,مَحَكْتُمَا,مَحَكْتُمْ,مَحَكْتُنَّ,مَحَكْتُ,مَحَكْنَا
محك,مَحِكَ,فَعِلَ يَفْعَلُ ( كسر فتح ),لازم, ,مَحِكَ,مَحِكَتْ,مَحِكَا,مَحِكَتَا,مَحِكُوا,مَحِكْنَ,مَحِكْتَ,مَحِكْتِ,مَحِكْتُمَا,مَحِكْتُمْ,مَحِكْتُنَّ,مَحِكْتُ,مَحِكْنَا
محل,مَحَلَ,فَعَلَ يَفْعَلُ ( فتحتان ),لازم, ,مَحَلَ,مَحَلَتْ,مَحَلَا,مَحَلَتَا,مَحَلُوا,مَحَلْنَ,مَحَلْتَ,مَحَلْتِ,مَحَلْتُمَا,مَحَلْتُمْ,مَحَلْتُنَّ,مَحَلْتُ,مَحَلْنَا
محل,مَحِلَ,فَعِلَ يَفْعَلُ ( كسر فتح ),لازم, ,مَحِلَ,مَحِلَتْ,مَحِلَا,مَحِلَتَا,مَحِلُوا,مَحِلْنَ,مَحِلْتَ,مَحِلْتِ,مَحِلْتُمَا,مَحِلْتُمْ,مَحِلْتُنَّ,مَحِلْتُ,مَحِلْنَا
محل,مَحُلَ,فَعُلَ يَفْعُلُ ( ضمَ ضمٍَ ),لازم, ,مَحُلَ,مَحُلَتْ,مَحُلَا,مَحُلَتَا,مَحُلُوا,مَحُلْنَ,مَحُلْتَ,مَحُلْتِ,مَحُلْتُمَا,مَحُلْتُمْ,مَحُلْتُنَّ,مَحُلْتُ,مَحُلْنَا
محن,مَحَنَ,فَعَلَ يَفْعَلُ ( فتحتان ),متعدي, ,مَحَنَ,مَحَنَتْ,مَحَنَا,مَحَنَتَا,مَحَنُوا,مَحَنْنَ,مَحَنْتَ,مَحَنْتِ,مَحَنْتُمَا,مَحَنْتُمْ,مَحَنْتُنَّ,مَحَنْتُ,مَحَنْنَا
مخج,مَخَجَ,فَعَلَ يَفْعَلُ ( فتحتان ),مشترك , ,مَخَجَ,مَخَجَتْ,مَخَجَا,مَخَجَتَا,مَخَجُوا,مَخَجْنَ,مَخَجْتَ,مَخَجْتِ,مَخَجْتُمَا,مَخَجْتُمْ,مَخَجْتُنَّ,مَخَجْتُ,مَخَجْنَا
مخر,مَخَرَ,فَعَلَ يَفْعُلُ ( فتحُ ضمٍّ ),مشترك , ,مَخَرَ,مَخَرَتْ,مَخَرَا,مَخَرَتَا,مَخَرُوا,مَخَرْنَ,مَخَرْتَ,مَخَرْتِ,مَخَرْتُمَا,مَخَرْتُمْ,مَخَرْتُنَّ,مَخَرْتُ,مَخَرْنَا
مخر,مَخَرَ,فَعَلَ يَفْعَلُ ( فتحتان ),مشترك , ,مَخَرَ,مَخَرَتْ,مَخَرَا,مَخَرَتَا,مَخَرُوا,مَخَرْنَ,مَخَرْتَ,مَخَرْتِ,مَخَرْتُمَا,مَخَرْتُمْ,مَخَرْتُنَّ,مَخَرْتُ,مَخَرْنَا
مخض,مَخَضَ,فَعَلَ يَفْعُلُ ( فتحُ ضمٍّ ),مشترك , ,مَخَضَ,مَخَضَتْ,مَخَضَا,مَخَضَتَا,مَخَضُوا,مَخَضْنَ,مَخَضْتَ,مَخَضْتِ,مَخَضْتُمَا,مَخَضْتُمْ,مَخَضْتُنَّ,مَخَضْتُ,مَخَضْنَا
مخض,مَخَضَ,فَعَلَ يَفْعِلُ ( فتحُ كَسْرٍ ),مشترك , ,مَخَضَ,مَخَضَتْ,مَخَضَا,مَخَضَتَا,مَخَضُوا,مَخَضْنَ,مَخَضْتَ,مَخَضْتِ,مَخَضْتُمَا,مَخَضْتُمْ,مَخَضْتُنَّ,مَخَضْتُ,مَخَضْنَا
مخض,مَخَضَ,فَعَلَ يَفْعَلُ ( فتحتان ),مشترك , ,مَخَضَ,مَخَضَتْ,مَخَضَا,مَخَضَتَا,مَخَضُوا,مَخَضْنَ,مَخَضْتَ,مَخَضْتِ,مَخَضْتُمَا,مَخَضْتُمْ,مَخَضْتُنَّ,مَخَضْتُ,مَخَضْنَا
مخض,مَخِضَ,فَعِلَ يَفْعَلُ ( كسر فتح ),لازم, ,مَخِضَ,مَخِضَتْ,مَخِضَا,مَخِضَتَا,مَخِضُوا,مَخِضْنَ,مَخِضْتَ,مَخِضْتِ,مَخِضْتُمَا,مَخِضْتُمْ,مَخِضْتُنَّ,مَخِضْتُ,مَخِضْنَا
مخط,مَخَطَ,فَعَلَ يَفْعُلُ ( فتحُ ضمٍّ ),مشترك , ,مَخَطَ,مَخَطَتْ,مَخَطَا,مَخَطَتَا,مَخَطُوا,مَخَطْنَ,مَخَطْتَ,مَخَطْتِ,مَخَطْتُمَا,مَخَطْتُمْ,مَخَطْتُنَّ,مَخَطْتُ,مَخَطْنَا
مخط,مَخَطَ,فَعَلَ يَفْعَلُ ( فتحتان ),مشترك , ,مَخَطَ,مَخَطَتْ,مَخَطَا,مَخَطَتَا,مَخَطُوا,مَخَطْنَ,مَخَطْتَ,مَخَطْتِ,مَخَطْتُمَا,مَخَطْتُمْ,مَخَطْتُنَّ,مَخَطْتُ,مَخَطْنَا
مخق,مَخِقَ,فَعِلَ يَفْعَلُ ( كسر فتح ),لازم, ,مَخِقَ,مَخِقَتْ,مَخِقَا,مَخِقَتَا,مَخِقُوا,مَخِقْنَ,مَخِقْتَ,مَخِقْتِ,مَخِقْتُمَا,مَخِقْتُمْ,مَخِقْتُنَّ,مَخِقْتُ,مَخِقْنَا
مخن,مَخَنَ,فَعَلَ يَفْعُلُ ( فتحُ ضمٍّ ),مشترك , ,مَخَنَ,مَخَنَتْ,مَخَنَا,مَخَنَتَا,مَخَنُوا,مَخَنْنَ,مَخَنْتَ,مَخَنْتِ,مَخَنْتُمَا,مَخَنْتُمْ,مَخَنْتُنَّ,مَخَنْتُ,مَخَنْنَا
مدح,مَدَحَ,فَعَلَ يَفْعَلُ ( فتحتان ),متعدي, ,مَدَحَ,مَدَحَتْ,مَدَحَا,مَدَحَتَا,مَدَحُوا,مَدَحْنَ,مَدَحْتَ,مَدَحْتِ,مَدَحْتُمَا,مَدَحْتُمْ,مَدَحْتُنَّ,مَدَحْتُ,مَدَحْنَا
خرق,خَرَقَ,فَعَلَ يَفْعُلُ ( فتحُ ضمٍّ ),مشترك , ,خَرَقَ,خَرَقَتْ,خَرَقَا,خَرَقَتَا,خَرَقُوا,خَرَقْنَ,خَرَقْتَ,خَرَقْتِ,خَرَقْتُمَا,خَرَقْتُمْ,خَرَقْتُنَّ,خَرَقْتُ,خَرَقْنَا
مدخ,مَدَخَ,فَعَلَ يَفْعَلُ ( فتحتان ),مشترك , ,مَدَخَ,مَدَخَتْ,مَدَخَا,مَدَخَتَا,مَدَخُوا,مَدَخْنَ,مَدَخْتَ,مَدَخْتِ,مَدَخْتُمَا,مَدَخْتُمْ,مَدَخْتُنَّ,مَدَخْتُ,مَدَخْنَا
مدر,مَدَرَ,فَعَلَ يَفْعُلُ ( فتحُ ضمٍّ ),متعدي, ,مَدَرَ,مَدَرَتْ,مَدَرَا,مَدَرَتَا,مَدَرُوا,مَدَرْنَ,مَدَرْتَ,مَدَرْتِ,مَدَرْتُمَا,مَدَرْتُمْ,مَدَرْتُنَّ,مَدَرْتُ,مَدَرْنَا
مدر,مَدِرَ,فَعِلَ يَفْعَلُ ( كسر فتح ),لازم, ,مَدِرَ,مَدِرَتْ,مَدِرَا,مَدِرَتَا,مَدِرُوا,مَدِرْنَ,مَدِرْتَ,مَدِرْتِ,مَدِرْتُمَا,مَدِرْتُمْ,مَدِرْتُنَّ,مَدِرْتُ,مَدِرْنَا
مدس,مَدَسَ,فَعَلَ يَفْعُلُ ( فتحُ ضمٍّ ),متعدي, ,مَدَسَ,مَدَسَتْ,مَدَسَا,مَدَسَتَا,مَدَسُوا,مَدَسْنَ,مَدَسْتَ,مَدَسْتِ,مَدَسْتُمَا,مَدَسْتُمْ,مَدَسْتُنَّ,مَدَسْتُ,مَدَسْنَا
مدش,مَدَشَ,فَعَلَ يَفْعُلُ ( فتحُ ضمٍّ ),مشترك , ,مَدَشَ,مَدَشَتْ,مَدَشَا,مَدَشَتَا,مَدَشُوا,مَدَشْنَ,مَدَشْتَ,مَدَشْتِ,مَدَشْتُمَا,مَدَشْتُمْ,مَدَشْتُنَّ,مَدَشْتُ,مَدَشْنَا
مدش,مَدِشَ,فَعِلَ يَفْعَلُ ( كسر فتح ),لازم, ,مَدِشَ,مَدِشَتْ,مَدِشَا,مَدِشَتَا,مَدِشُوا,مَدِشْنَ,مَدِشْتَ,مَدِشْتِ,مَدِشْتُمَا,مَدِشْتُمْ,مَدِشْتُنَّ,مَدِشْتُ,مَدِشْنَا
مدق,مَدَقَ,فَعَلَ يَفْعُلُ ( فتحُ ضمٍّ ),متعدي, ,مَدَقَ,مَدَقَتْ,مَدَقَا,مَدَقَتَا,مَدَقُوا,مَدَقْنَ,مَدَقْتَ,مَدَقْتِ,مَدَقْتُمَا,مَدَقْتُمْ,مَدَقْتُنَّ,مَدَقْتُ,مَدَقْنَا
مدن,مَدَنَ,فَعَلَ يَفْعُلُ ( فتحُ ضمٍّ ),مشترك , ,مَدَنَ,مَدَنَتْ,مَدَنَا,مَدَنَتَا,مَدَنُوا,مَدَنْنَ,مَدَنْتَ,مَدَنْتِ,مَدَنْتُمَا,مَدَنْتُمْ,مَدَنْتُنَّ,مَدَنْتُ,مَدَنْنَا
مده,مَدَهَ,فَعَلَ يَفْعَلُ ( فتحتان ),متعدي, ,مَدَهَ,مَدَهَتْ,مَدَهَا,مَدَهَتَا,مَدَهُوا,مَدَهْنَ,مَدَهْتَ,مَدَهْتِ,مَدَهْتُمَا,مَدَهْتُمْ,مَدَهْتُنَّ,مَدَهْتُ,مَدَهْنَا
مذح,مَذِحَ,فَعِلَ يَفْعَلُ ( كسر فتح ),مشترك , ,مَذِحَ,مَذِحَتْ,مَذِحَا,مَذِحَتَا,مَذِحُوا,مَذِحْنَ,مَذِحْتَ,مَذِحْتِ,مَذِحْتُمَا,مَذِحْتُمْ,مَذِحْتُنَّ,مَذِحْتُ,مَذِحْنَا
مذر,مَذِرَ,فَعِلَ يَفْعَلُ ( كسر فتح ),لازم, ,مَذِرَ,مَذِرَتْ,مَذِرَا,مَذِرَتَا,مَذِرُوا,مَذِرْنَ,مَذِرْتَ,مَذِرْتِ,مَذِرْتُمَا,مَذِرْتُمْ,مَذِرْتُنَّ,مَذِرْتُ,مَذِرْنَا
مذع,مَذَعَ,فَعَلَ يَفْعَلُ ( فتحتان ),مشترك , ,مَذَعَ,مَذَعَتْ,مَذَعَا,مَذَعَتَا,مَذَعُوا,مَذَعْنَ,مَذَعْتَ,مَذَعْتِ,مَذَعْتُمَا,مَذَعْتُمْ,مَذَعْتُنَّ,مَذَعْتُ,مَذَعْنَا
مذق,مَذَقَ,فَعَلَ يَفْعُلُ ( فتحُ ضمٍّ ),مشترك , ,مَذَقَ,مَذَقَتْ,مَذَقَا,مَذَقَتَا,مَذَقُوا,مَذَقْنَ,مَذَقْتَ,مَذَقْتِ,مَذَقْتُمَا,مَذَقْتُمْ,مَذَقْتُنَّ,مَذَقْتُ,مَذَقْنَا
مذل,مَذَلَ,فَعَلَ يَفْعُلُ ( فتحُ ضمٍّ ),لازم, ,مَذَلَ,مَذَلَتْ,مَذَلَا,مَذَلَتَا,مَذَلُوا,مَذَلْنَ,مَذَلْتَ,مَذَلْتِ,مَذَلْتُمَا,مَذَلْتُمْ,مَذَلْتُنَّ,مَذَلْتُ,مَذَلْنَا
مذل,مَذِلَ,فَعِلَ يَفْعَلُ ( كسر فتح ),لازم, ,مَذِلَ,مَذِلَتْ,مَذِلَا,مَذِلَتَا,مَذِلُوا,مَذِلْنَ,مَذِلْتَ,مَذِلْتِ,مَذِلْتُمَا,مَذِلْتُمْ,مَذِلْتُنَّ,مَذِلْتُ,مَذِلْنَا
مذل,مَذُلَ,فَعُلَ يَفْعُلُ ( ضمَ ضمٍَ ),لازم, ,مَذُلَ,مَذُلَتْ,مَذُلَا,مَذُلَتَا,مَذُلُوا,مَذُلْنَ,مَذُلْتَ,مَذُلْتِ,مَذُلْتُمَا,مَذُلْتُمْ,مَذُلْتُنَّ,مَذُلْتُ,مَذُلْنَا
مرت,مَرَتَ,فَعَلَ يَفْعِلُ ( فتحُ كَسْرٍ ),متعدي, ,مَرَتَ,مَرَتَتْ,مَرَتَا,مَرَتَتَا,مَرَتُوا,مَرَتْنَ,مَرَتْتَ,مَرَتْتِ,مَرَتْتُمَا,مَرَتْتُمْ,مَرَتْتُنَّ,مَرَتْتُ,مَرَتْنَا
مرث,مَرَثَ,فَعَلَ يَفْعُلُ ( فتحُ ضمٍّ ),متعدي, ,مَرَثَ,مَرَثَتْ,مَرَثَا,مَرَثَتَا,مَرَثُوا,مَرَثْنَ,مَرَثْتَ,مَرَثْتِ,مَرَثْتُمَا,مَرَثْتُمْ,مَرَثْتُنَّ,مَرَثْتُ,مَرَثْنَا
مرث,مَرَثَ,فَعَلَ يَفْعِلُ ( فتحُ كَسْرٍ ),متعدي, ,مَرَثَ,مَرَثَتْ,مَرَثَا,مَرَثَتَا,مَرَثُوا,مَرَثْنَ,مَرَثْتَ,مَرَثْتِ,مَرَثْتُمَا,مَرَثْتُمْ,مَرَثْتُنَّ,مَرَثْتُ,مَرَثْنَا
مرث,مَرِثَ,فَعِلَ يَفْعَلُ ( كسر فتح ),لازم, ,مَرِثَ,مَرِثَتْ,مَرِثَا,مَرِثَتَا,مَرِثُوا,مَرِثْنَ,مَرِثْتَ,مَرِثْتِ,مَرِثْتُمَا,مَرِثْتُمْ,مَرِثْتُنَّ,مَرِثْتُ,مَرِثْنَا
مرج,مَرَجَ,فَعَلَ يَفْعُلُ ( فتحُ ضمٍّ ),مشترك , ,مَرَجَ,مَرَجَتْ,مَرَجَا,مَرَجَتَا,مَرَجُوا,مَرَجْنَ,مَرَجْتَ,مَرَجْتِ,مَرَجْتُمَا,مَرَجْتُمْ,مَرَجْتُنَّ,مَرَجْتُ,مَرَجْنَا
مرج,مَرِجَ,فَعِلَ يَفْعَلُ ( كسر فتح ),لازم, ,مَرِجَ,مَرِجَتْ,مَرِجَا,مَرِجَتَا,مَرِجُوا,مَرِجْنَ,مَرِجْتَ,مَرِجْتِ,مَرِجْتُمَا,مَرِجْتُمْ,مَرِجْتُنَّ,مَرِجْتُ,مَرِجْنَا
مرح,مَرِحَ,فَعِلَ يَفْعَلُ ( كسر فتح ),لازم, ,مَرِحَ,مَرِحَتْ,مَرِحَا,مَرِحَتَا,مَرِحُوا,مَرِحْنَ,مَرِحْتَ,مَرِحْتِ,مَرِحْتُمَا,مَرِحْتُمْ,مَرِحْتُنَّ,مَرِحْتُ,مَرِحْنَا
مرخ,مَرَخَ,فَعَلَ يَفْعُلُ ( فتحُ ضمٍّ ),متعدي, ,مَرَخَ,مَرَخَتْ,مَرَخَا,مَرَخَتَا,مَرَخُوا,مَرَخْنَ,مَرَخْتَ,مَرَخْتِ,مَرَخْتُمَا,مَرَخْتُمْ,مَرَخْتُنَّ,مَرَخْتُ,مَرَخْنَا
مرخ,مَرَخَ,فَعَلَ يَفْعَلُ ( فتحتان ),مشترك , ,مَرَخَ,مَرَخَتْ,مَرَخَا,مَرَخَتَا,مَرَخُوا,مَرَخْنَ,مَرَخْتَ,مَرَخْتِ,مَرَخْتُمَا,مَرَخْتُمْ,مَرَخْتُنَّ,مَرَخْتُ,مَرَخْنَا
مرخ,مَرِخَ,فَعِلَ يَفْعَلُ ( كسر فتح ),لازم, ,مَرِخَ,مَرِخَتْ,مَرِخَا,مَرِخَتَا,مَرِخُوا,مَرِخْنَ,مَرِخْتَ,مَرِخْتِ,مَرِخْتُمَا,مَرِخْتُمْ,مَرِخْتُنَّ,مَرِخْتُ,مَرِخْنَا
خرق,خَرَقَ,فَعَلَ يَفْعِلُ ( فتحُ كَسْرٍ ),مشترك , ,خَرَقَ,خَرَقَتْ,خَرَقَا,خَرَقَتَا,خَرَقُوا,خَرَقْنَ,خَرَقْتَ,خَرَقْتِ,خَرَقْتُمَا,خَرَقْتُمْ,خَرَقْتُنَّ,خَرَقْتُ,خَرَقْنَا
مرد,مَرَدَ,فَعَلَ يَفْعُلُ ( فتحُ ضمٍّ ),مشترك , ,مَرَدَ,مَرَدَتْ,مَرَدَا,مَرَدَتَا,مَرَدُوا,مَرَدْنَ,مَرَدْتَ,مَرَدْتِ,مَرَدْتُمَا,مَرَدْتُمْ,مَرَدْتُنَّ,مَرَدْتُ,مَرَدْنَا
مرد,مَرِدَ,فَعِلَ يَفْعَلُ ( كسر فتح ),لازم, ,مَرِدَ,مَرِدَتْ,مَرِدَا,مَرِدَتَا,مَرِدُوا,مَرِدْنَ,مَرِدْتَ,مَرِدْتِ,مَرِدْتُمَا,مَرِدْتُمْ,مَرِدْتُنَّ,مَرِدْتُ,مَرِدْنَا
مرد,مَرُدَ,فَعُلَ يَفْعُلُ ( ضمَ ضمٍَ ),لازم, ,مَرُدَ,مَرُدَتْ,مَرُدَا,مَرُدَتَا,مَرُدُوا,مَرُدْنَ,مَرُدْتَ,مَرُدْتِ,مَرُدْتُمَا,مَرُدْتُمْ,مَرُدْتُنَّ,مَرُدْتُ,مَرُدْنَا
مرذ,مَرَذَ,فَعَلَ يَفْعُلُ ( فتحُ ضمٍّ ),متعدي, ,مَرَذَ,مَرَذَتْ,مَرَذَا,مَرَذَتَا,مَرَذُوا,مَرَذْنَ,مَرَذْتَ,مَرَذْتِ,مَرَذْتُمَا,مَرَذْتُمْ,مَرَذْتُنَّ,مَرَذْتُ,مَرَذْنَا
مرز,مَرَزَ,فَعَلَ يَفْعُلُ ( فتحُ ضمٍّ ),متعدي, ,مَرَزَ,مَرَزَتْ,مَرَزَا,مَرَزَتَا,مَرَزُوا,مَرَزْنَ,مَرَزْتَ,مَرَزْتِ,مَرَزْتُمَا,مَرَزْتُمْ,مَرَزْتُنَّ,مَرَزْتُ,مَرَزْنَا
مرس,مَرَسَ,فَعَلَ يَفْعُلُ ( فتحُ ضمٍّ ),مشترك , ,مَرَسَ,مَرَسَتْ,مَرَسَا,مَرَسَتَا,مَرَسُوا,مَرَسْنَ,مَرَسْتَ,مَرَسْتِ,مَرَسْتُمَا,مَرَسْتُمْ,مَرَسْتُنَّ,مَرَسْتُ,مَرَسْنَا
مرس,مَرِسَ,فَعِلَ يَفْعَلُ ( كسر فتح ),لازم, ,مَرِسَ,مَرِسَتْ,مَرِسَا,مَرِسَتَا,مَرِسُوا,مَرِسْنَ,مَرِسْتَ,مَرِسْتِ,مَرِسْتُمَا,مَرِسْتُمْ,مَرِسْتُنَّ,مَرِسْتُ,مَرِسْنَا
مرش,مَرَشَ,فَعَلَ يَفْعُلُ ( فتحُ ضمٍّ ),مشترك , ,مَرَشَ,مَرَشَتْ,مَرَشَا,مَرَشَتَا,مَرَشُوا,مَرَشْنَ,مَرَشْتَ,مَرَشْتِ,مَرَشْتُمَا,مَرَشْتُمْ,مَرَشْتُنَّ,مَرَشْتُ,مَرَشْنَا
مرص,مَرَصَ,فَعَلَ يَفْعُلُ ( فتحُ ضمٍّ ),متعدي, ,مَرَصَ,مَرَصَتْ,مَرَصَا,مَرَصَتَا,مَرَصُوا,مَرَصْنَ,مَرَصْتَ,مَرَصْتِ,مَرَصْتُمَا,مَرَصْتُمْ,مَرَصْتُنَّ,مَرَصْتُ,مَرَصْنَا
مرص,مَرِصَ,فَعِلَ يَفْعَلُ ( كسر فتح ),لازم, ,مَرِصَ,مَرِصَتْ,مَرِصَا,مَرِصَتَا,مَرِصُوا,مَرِصْنَ,مَرِصْتَ,مَرِصْتِ,مَرِصْتُمَا,مَرِصْتُمْ,مَرِصْتُنَّ,مَرِصْتُ,مَرِصْنَا
مرض,مَرِضَ,فَعِلَ يَفْعَلُ ( كسر فتح ),لازم, ,مَرِضَ,مَرِضَتْ,مَرِضَا,مَرِضَتَا,مَرِضُوا,مَرِضْنَ,مَرِضْتَ,مَرِضْتِ,مَرِضْتُمَا,مَرِضْتُمْ,مَرِضْتُنَّ,مَرِضْتُ,مَرِضْنَا
مرط,مَرَطَ,فَعَلَ يَفْعُلُ ( فتحُ ضمٍّ ),مشترك , ,مَرَطَ,مَرَطَتْ,مَرَطَا,مَرَطَتَا,مَرَطُوا,مَرَطْنَ,مَرَطْتَ,مَرَطْتِ,مَرَطْتُمَا,مَرَطْتُمْ,مَرَطْتُنَّ,مَرَطْتُ,مَرَطْنَا
مرط,مَرِطَ,فَعِلَ يَفْعَلُ ( كسر فتح ),لازم, ,مَرِطَ,مَرِطَتْ,مَرِطَا,مَرِطَتَا,مَرِطُوا,مَرِطْنَ,مَرِطْتَ,مَرِطْتِ,مَرِطْتُمَا,مَرِطْتُمْ,مَرِطْتُنَّ,مَرِطْتُ,مَرِطْنَا
مرع,مَرَعَ,فَعَلَ يَفْعَلُ ( فتحتان ),مشترك , ,مَرَعَ,مَرَعَتْ,مَرَعَا,مَرَعَتَا,مَرَعُوا,مَرَعْنَ,مَرَعْتَ,مَرَعْتِ,مَرَعْتُمَا,مَرَعْتُمْ,مَرَعْتُنَّ,مَرَعْتُ,مَرَعْنَا
مرع,مَرِعَ,فَعِلَ يَفْعَلُ ( كسر فتح ),لازم, ,مَرِعَ,مَرِعَتْ,مَرِعَا,مَرِعَتَا,مَرِعُوا,مَرِعْنَ,مَرِعْتَ,مَرِعْتِ,مَرِعْتُمَا,مَرِعْتُمْ,مَرِعْتُنَّ,مَرِعْتُ,مَرِعْنَا
مرع,مَرُعَ,فَعُلَ يَفْعُلُ ( ضمَ ضمٍَ ),لازم, ,مَرُعَ,مَرُعَتْ,مَرُعَا,مَرُعَتَا,مَرُعُوا,مَرُعْنَ,مَرُعْتَ,مَرُعْتِ,مَرُعْتُمَا,مَرُعْتُمْ,مَرُعْتُنَّ,مَرُعْتُ,مَرُعْنَا
مرغ,مَرَغَ,فَعَلَ يَفْعَلُ ( فتحتان ),مشترك , ,مَرَغَ,مَرَغَتْ,مَرَغَا,مَرَغَتَا,مَرَغُوا,مَرَغْنَ,مَرَغْتَ,مَرَغْتِ,مَرَغْتُمَا,مَرَغْتُمْ,مَرَغْتُنَّ,مَرَغْتُ,مَرَغْنَا
مرغ,مَرِغَ,فَعِلَ يَفْعَلُ ( كسر فتح ),لازم, ,مَرِغَ,مَرِغَتْ,مَرِغَا,مَرِغَتَا,مَرِغُوا,مَرِغْنَ,مَرِغْتَ,مَرِغْتِ,مَرِغْتُمَا,مَرِغْتُمْ,مَرِغْتُنَّ,مَرِغْتُ,مَرِغْنَا
مرق,مَرَقَ,فَعَلَ يَفْعُلُ ( فتحُ ضمٍّ ),مشترك , ,مَرَقَ,مَرَقَتْ,مَرَقَا,مَرَقَتَا,مَرَقُوا,مَرَقْنَ,مَرَقْتَ,مَرَقْتِ,مَرَقْتُمَا,مَرَقْتُمْ,مَرَقْتُنَّ,مَرَقْتُ,مَرَقْنَا
مرق,مَرَقَ,فَعَلَ يَفْعِلُ ( فتحُ كَسْرٍ ),مشترك , ,مَرَقَ,مَرَقَتْ,مَرَقَا,مَرَقَتَا,مَرَقُوا,مَرَقْنَ,مَرَقْتَ,مَرَقْتِ,مَرَقْتُمَا,مَرَقْتُمْ,مَرَقْتُنَّ,مَرَقْتُ,مَرَقْنَا
مرق,مَرِقَ,فَعِلَ يَفْعَلُ ( كسر فتح ),لازم, ,مَرِقَ,مَرِقَتْ,مَرِقَا,مَرِقَتَا,مَرِقُوا,مَرِقْنَ,مَرِقْتَ,مَرِقْتِ,مَرِقْتُمَا,مَرِقْتُمْ,مَرِقْتُنَّ,مَرِقْتُ,مَرِقْنَا
مرن,مَرَنَ,فَعَلَ يَفْعُلُ ( فتحُ ضمٍّ ),مشترك , ,مَرَنَ,مَرَنَتْ,مَرَنَا,مَرَنَتَا,مَرَنُوا,مَرَنْنَ,مَرَنْتَ,مَرَنْتِ,مَرَنْتُمَا,مَرَنْتُمْ,مَرَنْتُنَّ,مَرَنْتُ,مَرَنْنَا
مره,مَرِهَ,فَعِلَ يَفْعَلُ ( كسر فتح ),لازم, ,مَرِهَ,مَرِهَتْ,مَرِهَا,مَرِهَتَا,مَرِهُوا,مَرِهْنَ,مَرِهْتَ,مَرِهْتِ,مَرِهْتُمَا,مَرِهْتُمْ,مَرِهْتُنَّ,مَرِهْتُ,مَرِهْنَا
مزج,مَزَجَ,فَعَلَ يَفْعُلُ ( فتحُ ضمٍّ ),مشترك , ,مَزَجَ,مَزَجَتْ,مَزَجَا,مَزَجَتَا,مَزَجُوا,مَزَجْنَ,مَزَجْتَ,مَزَجْتِ,مَزَجْتُمَا,مَزَجْتُمْ,مَزَجْتُنَّ,مَزَجْتُ,مَزَجْنَا
مزح,مَزَحَ,فَعَلَ يَفْعَلُ ( فتحتان ),لازم, ,مَزَحَ,مَزَحَتْ,مَزَحَا,مَزَحَتَا,مَزَحُوا,مَزَحْنَ,مَزَحْتَ,مَزَحْتِ,مَزَحْتُمَا,مَزَحْتُمْ,مَزَحْتُنَّ,مَزَحْتُ,مَزَحْنَا
مزر,مَزَرَ,فَعَلَ يَفْعُلُ ( فتحُ ضمٍّ ),مشترك , ,مَزَرَ,مَزَرَتْ,مَزَرَا,مَزَرَتَا,مَزَرُوا,مَزَرْنَ,مَزَرْتَ,مَزَرْتِ,مَزَرْتُمَا,مَزَرْتُمْ,مَزَرْتُنَّ,مَزَرْتُ,مَزَرْنَا
مزر,مَزُرَ,فَعُلَ يَفْعُلُ ( ضمَ ضمٍَ ),لازم, ,مَزُرَ,مَزُرَتْ,مَزُرَا,مَزُرَتَا,مَزُرُوا,مَزُرْنَ,مَزُرْتَ,مَزُرْتِ,مَزُرْتُمَا,مَزُرْتُمْ,مَزُرْتُنَّ,مَزُرْتُ,مَزُرْنَا
خرق,خَرِقَ,فَعِلَ يَفْعَلُ ( كسر فتح ),لازم, ,خَرِقَ,خَرِقَتْ,خَرِقَا,خَرِقَتَا,خَرِقُوا,خَرِقْنَ,خَرِقْتَ,خَرِقْتِ,خَرِقْتُمَا,خَرِقْتُمْ,خَرِقْتُنَّ,خَرِقْتُ,خَرِقْنَا
مزع,مَزَعَ,فَعَلَ يَفْعَلُ ( فتحتان ),مشترك , ,مَزَعَ,مَزَعَتْ,مَزَعَا,مَزَعَتَا,مَزَعُوا,مَزَعْنَ,مَزَعْتَ,مَزَعْتِ,مَزَعْتُمَا,مَزَعْتُمْ,مَزَعْتُنَّ,مَزَعْتُ,مَزَعْنَا
مزق,مَزَقَ,فَعَلَ يَفْعُلُ ( فتحُ ضمٍّ ),لازم, ,مَزَقَ,مَزَقَتْ,مَزَقَا,مَزَقَتَا,مَزَقُوا,مَزَقْنَ,مَزَقْتَ,مَزَقْتِ,مَزَقْتُمَا,مَزَقْتُمْ,مَزَقْتُنَّ,مَزَقْتُ,مَزَقْنَا
مزق,مَزَقَ,فَعَلَ يَفْعِلُ ( فتحُ كَسْرٍ ),مشترك , ,مَزَقَ,مَزَقَتْ,مَزَقَا,مَزَقَتَا,مَزَقُوا,مَزَقْنَ,مَزَقْتَ,مَزَقْتِ,مَزَقْتُمَا,مَزَقْتُمْ,مَزَقْتُنَّ,مَزَقْتُ,مَزَقْنَا
مزن,مَزَنَ,فَعَلَ يَفْعُلُ ( فتحُ ضمٍّ ),مشترك , ,مَزَنَ,مَزَنَتْ,مَزَنَا,مَزَنَتَا,مَزَنُوا,مَزَنْنَ,مَزَنْتَ,مَزَنْتِ,مَزَنْتُمَا,مَزَنْتُمْ,مَزَنْتُنَّ,مَزَنْتُ,مَزَنْنَا
مسح,مَسَحَ,فَعَلَ يَفْعَلُ ( فتحتان ),مشترك , ,مَسَحَ,مَسَحَتْ,مَسَحَا,مَسَحَتَا,مَسَحُوا,مَسَحْنَ,مَسَحْتَ,مَسَحْتِ,مَسَحْتُمَا,مَسَحْتُمْ,مَسَحْتُنَّ,مَسَحْتُ,مَسَحْنَا
مسح,مَسِحَ,فَعِلَ يَفْعَلُ ( كسر فتح ),لازم, ,مَسِحَ,مَسِحَتْ,مَسِحَا,مَسِحَتَا,مَسِحُوا,مَسِحْنَ,مَسِحْتَ,مَسِحْتِ,مَسِحْتُمَا,مَسِحْتُمْ,مَسِحْتُنَّ,مَسِحْتُ,مَسِحْنَا
مسخ,مَسَخَ,فَعَلَ يَفْعَلُ ( فتحتان ),مشترك , ,مَسَخَ,مَسَخَتْ,مَسَخَا,مَسَخَتَا,مَسَخُوا,مَسَخْنَ,مَسَخْتَ,مَسَخْتِ,مَسَخْتُمَا,مَسَخْتُمْ,مَسَخْتُنَّ,مَسَخْتُ,مَسَخْنَا
مسخ,مَسُخَ,فَعُلَ يَفْعُلُ ( ضمَ ضمٍَ ),لازم, ,مَسُخَ,مَسُخَتْ,مَسُخَا,مَسُخَتَا,مَسُخُوا,مَسُخْنَ,مَسُخْتَ,مَسُخْتِ,مَسُخْتُمَا,مَسُخْتُمْ,مَسُخْتُنَّ,مَسُخْتُ,مَسُخْنَا
مسد,مَسَدَ,فَعَلَ يَفْعُلُ ( فتحُ ضمٍّ ),مشترك , ,مَسَدَ,مَسَدَتْ,مَسَدَا,مَسَدَتَا,مَسَدُوا,مَسَدْنَ,مَسَدْتَ,مَسَدْتِ,مَسَدْتُمَا,مَسَدْتُمْ,مَسَدْتُنَّ,مَسَدْتُ,مَسَدْنَا
مسر,مَسَرَ,فَعَلَ يَفْعُلُ ( فتحُ ضمٍّ ),مشترك , ,مَسَرَ,مَسَرَتْ,مَسَرَا,مَسَرَتَا,مَسَرُوا,مَسَرْنَ,مَسَرْتَ,مَسَرْتِ,مَسَرْتُمَا,مَسَرْتُمْ,مَسَرْتُنَّ,مَسَرْتُ,مَسَرْنَا
مسط,مَسَطَ,فَعَلَ يَفْعُلُ ( فتحُ ضمٍّ ),متعدي, ,مَسَطَ,مَسَطَتْ,مَسَطَا,مَسَطَتَا,مَسَطُوا,مَسَطْنَ,مَسَطْتَ,مَسَطْتِ,مَسَطْتُمَا,مَسَطْتُمْ,مَسَطْتُنَّ,مَسَطْتُ,مَسَطْنَا
مسك,مَسَكَ,فَعَلَ يَفْعُلُ ( فتحُ ضمٍّ ),مشترك , ,مَسَكَ,مَسَكَتْ,مَسَكَا,مَسَكَتَا,مَسَكُوا,مَسَكْنَ,مَسَكْتَ,مَسَكْتِ,مَسَكْتُمَا,مَسَكْتُمْ,مَسَكْتُنَّ,مَسَكْتُ,مَسَكْنَا
مسك,مَسَكَ,فَعَلَ يَفْعِلُ ( فتحُ كَسْرٍ ),مشترك , ,مَسَكَ,مَسَكَتْ,مَسَكَا,مَسَكَتَا,مَسَكُوا,مَسَكْنَ,مَسَكْتَ,مَسَكْتِ,مَسَكْتُمَا,مَسَكْتُمْ,مَسَكْتُنَّ,مَسَكْتُ,مَسَكْنَا
مسل,مَسَلَ,فَعَلَ يَفْعُلُ ( فتحُ ضمٍّ ),لازم, ,مَسَلَ,مَسَلَتْ,مَسَلَا,مَسَلَتَا,مَسَلُوا,مَسَلْنَ,مَسَلْتَ,مَسَلْتِ,مَسَلْتُمَا,مَسَلْتُمْ,مَسَلْتُنَّ,مَسَلْتُ,مَسَلْنَا
مسن,مَسَنَ,فَعَلَ يَفْعُلُ ( فتحُ ضمٍّ ),مشترك , ,مَسَنَ,مَسَنَتْ,مَسَنَا,مَسَنَتَا,مَسَنُوا,مَسَنْنَ,مَسَنْتَ,مَسَنْتِ,مَسَنْتُمَا,مَسَنْتُمْ,مَسَنْتُنَّ,مَسَنْتُ,مَسَنْنَا
مشج,مَشَجَ,فَعَلَ يَفْعُلُ ( فتحُ ضمٍّ ),مشترك , ,مَشَجَ,مَشَجَتْ,مَشَجَا,مَشَجَتَا,مَشَجُوا,مَشَجْنَ,مَشَجْتَ,مَشَجْتِ,مَشَجْتُمَا,مَشَجْتُمْ,مَشَجْتُنَّ,مَشَجْتُ,مَشَجْنَا
مشح,مَشِحَ,فَعِلَ يَفْعَلُ ( كسر فتح ),لازم, ,مَشِحَ,مَشِحَتْ,مَشِحَا,مَشِحَتَا,مَشِحُوا,مَشِحْنَ,مَشِحْتَ,مَشِحْتِ,مَشِحْتُمَا,مَشِحْتُمْ,مَشِحْتُنَّ,مَشِحْتُ,مَشِحْنَا
مشر,مَشَرَ,فَعَلَ يَفْعُلُ ( فتحُ ضمٍّ ),متعدي, ,مَشَرَ,مَشَرَتْ,مَشَرَا,مَشَرَتَا,مَشَرُوا,مَشَرْنَ,مَشَرْتَ,مَشَرْتِ,مَشَرْتُمَا,مَشَرْتُمْ,مَشَرْتُنَّ,مَشَرْتُ,مَشَرْنَا
مشر,مَشِرَ,فَعِلَ يَفْعَلُ ( كسر فتح ),لازم, ,مَشِرَ,مَشِرَتْ,مَشِرَا,مَشِرَتَا,مَشِرُوا,مَشِرْنَ,مَشِرْتَ,مَشِرْتِ,مَشِرْتُمَا,مَشِرْتُمْ,مَشِرْتُنَّ,مَشِرْتُ,مَشِرْنَا
خرق,خَرُقَ,فَعُلَ يَفْعُلُ ( ضمَ ضمٍَ ),لازم, ,خَرُقَ,خَرُقَتْ,خَرُقَا,خَرُقَتَا,خَرُقُوا,خَرُقْنَ,خَرُقْتَ,خَرُقْتِ,خَرُقْتُمَا,خَرُقْتُمْ,خَرُقْتُنَّ,خَرُقْتُ,خَرُقْنَا
مشط,مَشَطَ,فَعَلَ يَفْعُلُ ( فتحُ ضمٍّ ),مشترك , ,مَشَطَ,مَشَطَتْ,مَشَطَا,مَشَطَتَا,مَشَطُوا,مَشَطْنَ,مَشَطْتَ,مَشَطْتِ,مَشَطْتُمَا,مَشَطْتُمْ,مَشَطْتُنَّ,مَشَطْتُ,مَشَطْنَا
مشط,مَشَطَ,فَعَلَ يَفْعِلُ ( فتحُ كَسْرٍ ),متعدي, ,مَشَطَ,مَشَطَتْ,مَشَطَا,مَشَطَتَا,مَشَطُوا,مَشَطْنَ,مَشَطْتَ,مَشَطْتِ,مَشَطْتُمَا,مَشَطْتُمْ,مَشَطْتُنَّ,مَشَطْتُ,مَشَطْنَا
مشط,مَشِطَ,فَعِلَ يَفْعَلُ ( كسر فتح ),لازم, ,مَشِطَ,مَشِطَتْ,مَشِطَا,مَشِطَتَا,مَشِطُوا,مَشِطْنَ,مَشِطْتَ,مَشِطْتِ,مَشِطْتُمَا,مَشِطْتُمْ,مَشِطْتُنَّ,مَشِطْتُ,مَشِطْنَا
مشظ,مَشَظَ,فَعَلَ يَفْعُلُ ( فتحُ ضمٍّ ),مشترك , ,مَشَظَ,مَشَظَتْ,مَشَظَا,مَشَظَتَا,مَشَظُوا,مَشَظْنَ,مَشَظْتَ,مَشَظْتِ,مَشَظْتُمَا,مَشَظْتُمْ,مَشَظْتُنَّ,مَشَظْتُ,مَشَظْنَا
مشظ,مَشِظَ,فَعِلَ يَفْعَلُ ( كسر فتح ),لازم, ,مَشِظَ,مَشِظَتْ,مَشِظَا,مَشِظَتَا,مَشِظُوا,مَشِظْنَ,مَشِظْتَ,مَشِظْتِ,مَشِظْتُمَا,مَشِظْتُمْ,مَشِظْتُنَّ,مَشِظْتُ,مَشِظْنَا
مشع,مَشَعَ,فَعَلَ يَفْعَلُ ( فتحتان ),مشترك , ,مَشَعَ,مَشَعَتْ,مَشَعَا,مَشَعَتَا,مَشَعُوا,مَشَعْنَ,مَشَعْتَ,مَشَعْتِ,مَشَعْتُمَا,مَشَعْتُمْ,مَشَعْتُنَّ,مَشَعْتُ,مَشَعْنَا
مشغ,مَشَغَ,فَعَلَ يَفْعَلُ ( فتحتان ),مشترك , ,مَشَغَ,مَشَغَتْ,مَشَغَا,مَشَغَتَا,مَشَغُوا,مَشَغْنَ,مَشَغْتَ,مَشَغْتِ,مَشَغْتُمَا,مَشَغْتُمْ,مَشَغْتُنَّ,مَشَغْتُ,مَشَغْنَا
مشق,مَشَقَ,فَعَلَ يَفْعُلُ ( فتحُ ضمٍّ ),مشترك , ,مَشَقَ,مَشَقَتْ,مَشَقَا,مَشَقَتَا,مَشَقُوا,مَشَقْنَ,مَشَقْتَ,مَشَقْتِ,مَشَقْتُمَا,مَشَقْتُمْ,مَشَقْتُنَّ,مَشَقْتُ,مَشَقْنَا
مشق,مَشِقَ,فَعِلَ يَفْعَلُ ( كسر فتح ),لازم, ,مَشِقَ,مَشِقَتْ,مَشِقَا,مَشِقَتَا,مَشِقُوا,مَشِقْنَ,مَشِقْتَ,مَشِقْتِ,مَشِقْتُمَا,مَشِقْتُمْ,مَشِقْتُنَّ,مَشِقْتُ,مَشِقْنَا
مشل,مَشَلَ,فَعَلَ يَفْعُلُ ( فتحُ ضمٍّ ),مشترك , ,مَشَلَ,مَشَلَتْ,مَشَلَا,مَشَلَتَا,مَشَلُوا,مَشَلْنَ,مَشَلْتَ,مَشَلْتِ,مَشَلْتُمَا,مَشَلْتُمْ,مَشَلْتُنَّ,مَشَلْتُ,مَشَلْنَا
مشن,مَشَنَ,فَعَلَ يَفْعُلُ ( فتحُ ضمٍّ ),متعدي, ,مَشَنَ,مَشَنَتْ,مَشَنَا,مَشَنَتَا,مَشَنُوا,مَشَنْنَ,مَشَنْتَ,مَشَنْتِ,مَشَنْتُمَا,مَشَنْتُمْ,مَشَنْتُنَّ,مَشَنْتُ,مَشَنْنَا
مصت,مَصَتَ,فَعَلَ يَفْعُلُ ( فتحُ ضمٍّ ),متعدي, ,مَصَتَ,مَصَتَتْ,مَصَتَا,مَصَتَتَا,مَصَتُوا,مَصَتْنَ,مَصَتْتَ,مَصَتْتِ,مَصَتْتُمَا,مَصَتْتُمْ,مَصَتْتُنَّ,مَصَتْتُ,مَصَتْنَا
مصح,مَصَحَ,فَعَلَ يَفْعَلُ ( فتحتان ),مشترك , ,مَصَحَ,مَصَحَتْ,مَصَحَا,مَصَحَتَا,مَصَحُوا,مَصَحْنَ,مَصَحْتَ,مَصَحْتِ,مَصَحْتُمَا,مَصَحْتُمْ,مَصَحْتُنَّ,مَصَحْتُ,مَصَحْنَا
مصخ,مَصَخَ,فَعَلَ يَفْعَلُ ( فتحتان ),متعدي, ,مَصَخَ,مَصَخَتْ,مَصَخَا,مَصَخَتَا,مَصَخُوا,مَصَخْنَ,مَصَخْتَ,مَصَخْتِ,مَصَخْتُمَا,مَصَخْتُمْ,مَصَخْتُنَّ,مَصَخْتُ,مَصَخْنَا
مصد,مَصَدَ,فَعَلَ يَفْعُلُ ( فتحُ ضمٍّ ),متعدي, ,مَصَدَ,مَصَدَتْ,مَصَدَا,مَصَدَتَا,مَصَدُوا,مَصَدْنَ,مَصَدْتَ,مَصَدْتِ,مَصَدْتُمَا,مَصَدْتُمْ,مَصَدْتُنَّ,مَصَدْتُ,مَصَدْنَا
مصر,مَصَرَ,فَعَلَ يَفْعُلُ ( فتحُ ضمٍّ ),مشترك , ,مَصَرَ,مَصَرَتْ,مَصَرَا,مَصَرَتَا,مَصَرُوا,مَصَرْنَ,مَصَرْتَ,مَصَرْتِ,مَصَرْتُمَا,مَصَرْتُمْ,مَصَرْتُنَّ,مَصَرْتُ,مَصَرْنَا
مصط,مَصَطَ,فَعَلَ يَفْعُلُ ( فتحُ ضمٍّ ),متعدي, ,مَصَطَ,مَصَطَتْ,مَصَطَا,مَصَطَتَا,مَصَطُوا,مَصَطْنَ,مَصَطْتَ,مَصَطْتِ,مَصَطْتُمَا,مَصَطْتُمْ,مَصَطْتُنَّ,مَصَطْتُ,مَصَطْنَا
مصع,مَصَعَ,فَعَلَ يَفْعَلُ ( فتحتان ),مشترك , ,مَصَعَ,مَصَعَتْ,مَصَعَا,مَصَعَتَا,مَصَعُوا,مَصَعْنَ,مَصَعْتَ,مَصَعْتِ,مَصَعْتُمَا,مَصَعْتُمْ,مَصَعْتُنَّ,مَصَعْتُ,مَصَعْنَا
مصل,مَصَلَ,فَعَلَ يَفْعُلُ ( فتحُ ضمٍّ ),مشترك , ,مَصَلَ,مَصَلَتْ,مَصَلَا,مَصَلَتَا,مَصَلُوا,مَصَلْنَ,مَصَلْتَ,مَصَلْتِ,مَصَلْتُمَا,مَصَلْتُمْ,مَصَلْتُنَّ,مَصَلْتُ,مَصَلْنَا
مضح,مَضَحَ,فَعَلَ يَفْعَلُ ( فتحتان ),مشترك , ,مَضَحَ,مَضَحَتْ,مَضَحَا,مَضَحَتَا,مَضَحُوا,مَضَحْنَ,مَضَحْتَ,مَضَحْتِ,مَضَحْتُمَا,مَضَحْتُمْ,مَضَحْتُنَّ,مَضَحْتُ,مَضَحْنَا
مضر,مَضَرَ,فَعَلَ يَفْعُلُ ( فتحُ ضمٍّ ),لازم, ,مَضَرَ,مَضَرَتْ,مَضَرَا,مَضَرَتَا,مَضَرُوا,مَضَرْنَ,مَضَرْتَ,مَضَرْتِ,مَضَرْتُمَا,مَضَرْتُمْ,مَضَرْتُنَّ,مَضَرْتُ,مَضَرْنَا
خرك,خَرِكَ,فَعِلَ يَفْعَلُ ( كسر فتح ),لازم, ,خَرِكَ,خَرِكَتْ,خَرِكَا,خَرِكَتَا,خَرِكُوا,خَرِكْنَ,خَرِكْتَ,خَرِكْتِ,خَرِكْتُمَا,خَرِكْتُمْ,خَرِكْتُنَّ,خَرِكْتُ,خَرِكْنَا
مضغ,مَضَغَ,فَعَلَ يَفْعُلُ ( فتحُ ضمٍّ ),متعدي, ,مَضَغَ,مَضَغَتْ,مَضَغَا,مَضَغَتَا,مَضَغُوا,مَضَغْنَ,مَضَغْتَ,مَضَغْتِ,مَضَغْتُمَا,مَضَغْتُمْ,مَضَغْتُنَّ,مَضَغْتُ,مَضَغْنَا
مضغ,مَضَغَ,فَعَلَ يَفْعَلُ ( فتحتان ),متعدي, ,مَضَغَ,مَضَغَتْ,مَضَغَا,مَضَغَتَا,مَضَغُوا,مَضَغْنَ,مَضَغْتَ,مَضَغْتِ,مَضَغْتُمَا,مَضَغْتُمْ,مَضَغْتُنَّ,مَضَغْتُ,مَضَغْنَا
مطح,مَطَحَ,فَعَلَ يَفْعَلُ ( فتحتان ),متعدي, ,مَطَحَ,مَطَحَتْ,مَطَحَا,مَطَحَتَا,مَطَحُوا,مَطَحْنَ,مَطَحْتَ,مَطَحْتِ,مَطَحْتُمَا,مَطَحْتُمْ,مَطَحْتُنَّ,مَطَحْتُ,مَطَحْنَا
مطخ,مَطَخَ,فَعَلَ يَفْعَلُ ( فتحتان ),مشترك , ,مَطَخَ,مَطَخَتْ,مَطَخَا,مَطَخَتَا,مَطَخُوا,مَطَخْنَ,مَطَخْتَ,مَطَخْتِ,مَطَخْتُمَا,مَطَخْتُمْ,مَطَخْتُنَّ,مَطَخْتُ,مَطَخْنَا
مطر,مَطَرَ,فَعَلَ يَفْعُلُ ( فتحُ ضمٍّ ),مشترك , ,مَطَرَ,مَطَرَتْ,مَطَرَا,مَطَرَتَا,مَطَرُوا,مَطَرْنَ,مَطَرْتَ,مَطَرْتِ,مَطَرْتُمَا,مَطَرْتُمْ,مَطَرْتُنَّ,مَطَرْتُ,مَطَرْنَا
مطس,مَطَسَ,فَعَلَ يَفْعِلُ ( فتحُ كَسْرٍ ),متعدي, ,مَطَسَ,مَطَسَتْ,مَطَسَا,مَطَسَتَا,مَطَسُوا,مَطَسْنَ,مَطَسْتَ,مَطَسْتِ,مَطَسْتُمَا,مَطَسْتُمْ,مَطَسْتُنَّ,مَطَسْتُ,مَطَسْنَا
مطع,مَطَعَ,فَعَلَ يَفْعَلُ ( فتحتان ),مشترك , ,مَطَعَ,مَطَعَتْ,مَطَعَا,مَطَعَتَا,مَطَعُوا,مَطَعْنَ,مَطَعْتَ,مَطَعْتِ,مَطَعْتُمَا,مَطَعْتُمْ,مَطَعْتُنَّ,مَطَعْتُ,مَطَعْنَا
مطل,مَطَلَ,فَعَلَ يَفْعُلُ ( فتحُ ضمٍّ ),متعدي, ,مَطَلَ,مَطَلَتْ,مَطَلَا,مَطَلَتَا,مَطَلُوا,مَطَلْنَ,مَطَلْتَ,مَطَلْتِ,مَطَلْتُمَا,مَطَلْتُمْ,مَطَلْتُنَّ,مَطَلْتُ,مَطَلْنَا
مطه,مَطَهَ,فَعَلَ يَفْعَلُ ( فتحتان ),لازم, ,مَطَهَ,مَطَهَتْ,مَطَهَا,مَطَهَتَا,مَطَهُوا,مَطَهْنَ,مَطَهْتَ,مَطَهْتِ,مَطَهْتُمَا,مَطَهْتُمْ,مَطَهْتُنَّ,مَطَهْتُ,مَطَهْنَا
مظع,مَظَعَ,فَعَلَ يَفْعَلُ ( فتحتان ),مشترك , ,مَظَعَ,مَظَعَتْ,مَظَعَا,مَظَعَتَا,مَظَعُوا,مَظَعْنَ,مَظَعْتَ,مَظَعْتِ,مَظَعْتُمَا,مَظَعْتُمْ,مَظَعْتُنَّ,مَظَعْتُ,مَظَعْنَا
معت,مَعَتَ,فَعَلَ يَفْعَلُ ( فتحتان ),متعدي, ,مَعَتَ,مَعَتَتْ,مَعَتَا,مَعَتَتَا,مَعَتُوا,مَعَتْنَ,مَعَتْتَ,مَعَتْتِ,مَعَتْتُمَا,مَعَتْتُمْ,مَعَتْتُنَّ,مَعَتْتُ,مَعَتْنَا
معج,مَعَجَ,فَعَلَ يَفْعَلُ ( فتحتان ),مشترك , ,مَعَجَ,مَعَجَتْ,مَعَجَا,مَعَجَتَا,مَعَجُوا,مَعَجْنَ,مَعَجْتَ,مَعَجْتِ,مَعَجْتُمَا,مَعَجْتُمْ,مَعَجْتُنَّ,مَعَجْتُ,مَعَجْنَا
معد,مَعَدَ,فَعَلَ يَفْعَلُ ( فتحتان ),مشترك , ,مَعَدَ,مَعَدَتْ,مَعَدَا,مَعَدَتَا,مَعَدُوا,مَعَدْنَ,مَعَدْتَ,مَعَدْتِ,مَعَدْتُمَا,مَعَدْتُمْ,مَعَدْتُنَّ,مَعَدْتُ,مَعَدْنَا
معد,مَعِدَ,فَعِلَ يَفْعَلُ ( كسر فتح ),لازم, ,مَعِدَ,مَعِدَتْ,مَعِدَا,مَعِدَتَا,مَعِدُوا,مَعِدْنَ,مَعِدْتَ,مَعِدْتِ,مَعِدْتُمَا,مَعِدْتُمْ,مَعِدْتُنَّ,مَعِدْتُ,مَعِدْنَا
معر,مَعِرَ,فَعِلَ يَفْعَلُ ( كسر فتح ),لازم, ,مَعِرَ,مَعِرَتْ,مَعِرَا,مَعِرَتَا,مَعِرُوا,مَعِرْنَ,مَعِرْتَ,مَعِرْتِ,مَعِرْتُمَا,مَعِرْتُمْ,مَعِرْتُنَّ,مَعِرْتُ,مَعِرْنَا
معز,مَعَزَ,فَعَلَ يَفْعَلُ ( فتحتان ),متعدي, ,مَعَزَ,مَعَزَتْ,مَعَزَا,مَعَزَتَا,مَعَزُوا,مَعَزْنَ,مَعَزْتَ,مَعَزْتِ,مَعَزْتُمَا,مَعَزْتُمْ,مَعَزْتُنَّ,مَعَزْتُ,مَعَزْنَا
معز,مَعِزَ,فَعِلَ يَفْعَلُ ( كسر فتح ),لازم, ,مَعِزَ,مَعِزَتْ,مَعِزَا,مَعِزَتَا,مَعِزُوا,مَعِزْنَ,مَعِزْتَ,مَعِزْتِ,مَعِزْتُمَا,مَعِزْتُمْ,مَعِزْتُنَّ,مَعِزْتُ,مَعِزْنَا
معس,مَعَسَ,فَعَلَ يَفْعَلُ ( فتحتان ),مشترك , ,مَعَسَ,مَعَسَتْ,مَعَسَا,مَعَسَتَا,مَعَسُوا,مَعَسْنَ,مَعَسْتَ,مَعَسْتِ,مَعَسْتُمَا,مَعَسْتُمْ,مَعَسْتُنَّ,مَعَسْتُ,مَعَسْنَا
معص,مَعِصَ,فَعِلَ يَفْعَلُ ( كسر فتح ),لازم, ,مَعِصَ,مَعِصَتْ,مَعِصَا,مَعِصَتَا,مَعِصُوا,مَعِصْنَ,مَعِصْتَ,مَعِصْتِ,مَعِصْتُمَا,مَعِصْتُمْ,مَعِصْتُنَّ,مَعِصْتُ,مَعِصْنَا
معض,مَعِضَ,فَعِلَ يَفْعَلُ ( كسر فتح ),لازم, ,مَعِضَ,مَعِضَتْ,مَعِضَا,مَعِضَتَا,مَعِضُوا,مَعِضْنَ,مَعِضْتَ,مَعِضْتِ,مَعِضْتُمَا,مَعِضْتُمْ,مَعِضْتُنَّ,مَعِضْتُ,مَعِضْنَا
معط,مَعَطَ,فَعَلَ يَفْعَلُ ( فتحتان ),مشترك , ,مَعَطَ,مَعَطَتْ,مَعَطَا,مَعَطَتَا,مَعَطُوا,مَعَطْنَ,مَعَطْتَ,مَعَطْتِ,مَعَطْتُمَا,مَعَطْتُمْ,مَعَطْتُنَّ,مَعَطْتُ,مَعَطْنَا
معط,مَعِطَ,فَعِلَ يَفْعَلُ ( كسر فتح ),لازم, ,مَعِطَ,مَعِطَتْ,مَعِطَا,مَعِطَتَا,مَعِطُوا,مَعِطْنَ,مَعِطْتَ,مَعِطْتِ,مَعِطْتُمَا,مَعِطْتُمْ,مَعِطْتُنَّ,مَعِطْتُ,مَعِطْنَا
معق,مَعَقَ,فَعَلَ يَفْعَلُ ( فتحتان ),مشترك , ,مَعَقَ,مَعَقَتْ,مَعَقَا,مَعَقَتَا,مَعَقُوا,مَعَقْنَ,مَعَقْتَ,مَعَقْتِ,مَعَقْتُمَا,مَعَقْتُمْ,مَعَقْتُنَّ,مَعَقْتُ,مَعَقْنَا
معق,مَعُقَ,فَعُلَ يَفْعُلُ ( ضمَ ضمٍَ ),لازم, ,مَعُقَ,مَعُقَتْ,مَعُقَا,مَعُقَتَا,مَعُقُوا,مَعُقْنَ,مَعُقْتَ,مَعُقْتِ,مَعُقْتُمَا,مَعُقْتُمْ,مَعُقْتُنَّ,مَعُقْتُ,مَعُقْنَا
خرم,خَرَمَ,فَعَلَ يَفْعِلُ ( فتحُ كَسْرٍ ),مشترك , ,خَرَمَ,خَرَمَتْ,خَرَمَا,خَرَمَتَا,خَرَمُوا,خَرَمْنَ,خَرَمْتَ,خَرَمْتِ,خَرَمْتُمَا,خَرَمْتُمْ,خَرَمْتُنَّ,خَرَمْتُ,خَرَمْنَا
معك,مَعَكَ,فَعَلَ يَفْعَلُ ( فتحتان ),مشترك , ,مَعَكَ,مَعَكَتْ,مَعَكَا,مَعَكَتَا,مَعَكُوا,مَعَكْنَ,مَعَكْتَ,مَعَكْتِ,مَعَكْتُمَا,مَعَكْتُمْ,مَعَكْتُنَّ,مَعَكْتُ,مَعَكْنَا
معك,مَعُكَ,فَعُلَ يَفْعُلُ ( ضمَ ضمٍَ ),لازم, ,مَعُكَ,مَعُكَتْ,مَعُكَا,مَعُكَتَا,مَعُكُوا,مَعُكْنَ,مَعُكْتَ,مَعُكْتِ,مَعُكْتُمَا,مَعُكْتُمْ,مَعُكْتُنَّ,مَعُكْتُ,مَعُكْنَا
معل,مَعَلَ,فَعَلَ يَفْعَلُ ( فتحتان ),مشترك , ,مَعَلَ,مَعَلَتْ,مَعَلَا,مَعَلَتَا,مَعَلُوا,مَعَلْنَ,مَعَلْتَ,مَعَلْتِ,مَعَلْتُمَا,مَعَلْتُمْ,مَعَلْتُنَّ,مَعَلْتُ,مَعَلْنَا
معن,مَعَنَ,فَعَلَ يَفْعَلُ ( فتحتان ),مشترك , ,مَعَنَ,مَعَنَتْ,مَعَنَا,مَعَنَتَا,مَعَنُوا,مَعَنْنَ,مَعَنْتَ,مَعَنْتِ,مَعَنْتُمَا,مَعَنْتُمْ,مَعَنْتُنَّ,مَعَنْتُ,مَعَنْنَا
معن,مَعِنَ,فَعِلَ يَفْعَلُ ( كسر فتح ),لازم, ,مَعِنَ,مَعِنَتْ,مَعِنَا,مَعِنَتَا,مَعِنُوا,مَعِنْنَ,مَعِنْتَ,مَعِنْتِ,مَعِنْتُمَا,مَعِنْتُمْ,مَعِنْتُنَّ,مَعِنْتُ,مَعِنْنَا
معن,مَعُنَ,فَعُلَ يَفْعُلُ ( ضمَ ضمٍَ ),لازم, ,مَعُنَ,مَعُنَتْ,مَعُنَا,مَعُنَتَا,مَعُنُوا,مَعُنْنَ,مَعُنْتَ,مَعُنْتِ,مَعُنْتُمَا,مَعُنْتُمْ,مَعُنْتُنَّ,مَعُنْتُ,مَعُنْنَا
مغث,مَغَثَ,فَعَلَ يَفْعَلُ ( فتحتان ),متعدي, ,مَغَثَ,مَغَثَتْ,مَغَثَا,مَغَثَتَا,مَغَثُوا,مَغَثْنَ,مَغَثْتَ,مَغَثْتِ,مَغَثْتُمَا,مَغَثْتُمْ,مَغَثْتُنَّ,مَغَثْتُ,مَغَثْنَا
مغد,مَغَدَ,فَعَلَ يَفْعَلُ ( فتحتان ),مشترك , ,مَغَدَ,مَغَدَتْ,مَغَدَا,مَغَدَتَا,مَغَدُوا,مَغَدْنَ,مَغَدْتَ,مَغَدْتِ,مَغَدْتُمَا,مَغَدْتُمْ,مَغَدْتُنَّ,مَغَدْتُ,مَغَدْنَا
مغد,مَغِدَ,فَعِلَ يَفْعَلُ ( كسر فتح ),لازم, ,مَغِدَ,مَغِدَتْ,مَغِدَا,مَغِدَتَا,مَغِدُوا,مَغِدْنَ,مَغِدْتَ,مَغِدْتِ,مَغِدْتُمَا,مَغِدْتُمْ,مَغِدْتُنَّ,مَغِدْتُ,مَغِدْنَا
مغر,مَغَرَ,فَعَلَ يَفْعَلُ ( فتحتان ),مشترك , ,مَغَرَ,مَغَرَتْ,مَغَرَا,مَغَرَتَا,مَغَرُوا,مَغَرْنَ,مَغَرْتَ,مَغَرْتِ,مَغَرْتُمَا,مَغَرْتُمْ,مَغَرْتُنَّ,مَغَرْتُ,مَغَرْنَا
مغس,مَغَسَ,فَعَلَ يَفْعَلُ ( فتحتان ),متعدي, ,مَغَسَ,مَغَسَتْ,مَغَسَا,مَغَسَتَا,مَغَسُوا,مَغَسْنَ,مَغَسْتَ,مَغَسْتِ,مَغَسْتُمَا,مَغَسْتُمْ,مَغَسْتُنَّ,مَغَسْتُ,مَغَسْنَا
مغص,مَغِصَ,فَعِلَ يَفْعَلُ ( كسر فتح ),لازم, ,مَغِصَ,مَغِصَتْ,مَغِصَا,مَغِصَتَا,مَغِصُوا,مَغِصْنَ,مَغِصْتَ,مَغِصْتِ,مَغِصْتُمَا,مَغِصْتُمْ,مَغِصْتُنَّ,مَغِصْتُ,مَغِصْنَا
مغط,مَغَطَ,فَعَلَ يَفْعُلُ ( فتحُ ضمٍّ ),مشترك , ,مَغَطَ,مَغَطَتْ,مَغَطَا,مَغَطَتَا,مَغَطُوا,مَغَطْنَ,مَغَطْتَ,مَغَطْتِ,مَغَطْتُمَا,مَغَطْتُمْ,مَغَطْتُنَّ,مَغَطْتُ,مَغَطْنَا
مغط,مَغَطَ,فَعَلَ يَفْعَلُ ( فتحتان ),مشترك , ,مَغَطَ,مَغَطَتْ,مَغَطَا,مَغَطَتَا,مَغَطُوا,مَغَطْنَ,مَغَطْتَ,مَغَطْتِ,مَغَطْتُمَا,مَغَطْتُمْ,مَغَطْتُنَّ,مَغَطْتُ,مَغَطْنَا
مغل,مَغَلَ,فَعَلَ يَفْعُلُ ( فتحُ ضمٍّ ),لازم, ,مَغَلَ,مَغَلَتْ,مَغَلَا,مَغَلَتَا,مَغَلُوا,مَغَلْنَ,مَغَلْتَ,مَغَلْتِ,مَغَلْتُمَا,مَغَلْتُمْ,مَغَلْتُنَّ,مَغَلْتُ,مَغَلْنَا
مغل,مَغَلَ,فَعَلَ يَفْعَلُ ( فتحتان ),لازم, ,مَغَلَ,مَغَلَتْ,مَغَلَا,مَغَلَتَا,مَغَلُوا,مَغَلْنَ,مَغَلْتَ,مَغَلْتِ,مَغَلْتُمَا,مَغَلْتُمْ,مَغَلْتُنَّ,مَغَلْتُ,مَغَلْنَا
مغل,مَغِلَ,فَعِلَ يَفْعَلُ ( كسر فتح ),لازم, ,مَغِلَ,مَغِلَتْ,مَغِلَا,مَغِلَتَا,مَغِلُوا,مَغِلْنَ,مَغِلْتَ,مَغِلْتِ,مَغِلْتُمَا,مَغِلْتُمْ,مَغِلْتُنَّ,مَغِلْتُ,مَغِلْنَا
مقت,مَقَتَ,فَعَلَ يَفْعُلُ ( فتحُ ضمٍّ ),مشترك , ,مَقَتَ,مَقَتَتْ,مَقَتَا,مَقَتَتَا,مَقَتُوا,مَقَتْنَ,مَقَتْتَ,مَقَتْتِ,مَقَتْتُمَا,مَقَتْتُمْ,مَقَتْتُنَّ,مَقَتْتُ,مَقَتْنَا
مقت,مَقُتَ,فَعُلَ يَفْعُلُ ( ضمَ ضمٍَ ),لازم, ,مَقُتَ,مَقُتَتْ,مَقُتَا,مَقُتَتَا,مَقُتُوا,مَقُتْنَ,مَقُتْتَ,مَقُتْتِ,مَقُتْتُمَا,مَقُتْتُمْ,مَقُتْتُنَّ,مَقُتْتُ,مَقُتْنَا
مقر,مَقَرَ,فَعَلَ يَفْعُلُ ( فتحُ ضمٍّ ),متعدي, ,مَقَرَ,مَقَرَتْ,مَقَرَا,مَقَرَتَا,مَقَرُوا,مَقَرْنَ,مَقَرْتَ,مَقَرْتِ,مَقَرْتُمَا,مَقَرْتُمْ,مَقَرْتُنَّ,مَقَرْتُ,مَقَرْنَا
مقر,مَقِرَ,فَعِلَ يَفْعَلُ ( كسر فتح ),لازم, ,مَقِرَ,مَقِرَتْ,مَقِرَا,مَقِرَتَا,مَقِرُوا,مَقِرْنَ,مَقِرْتَ,مَقِرْتِ,مَقِرْتُمَا,مَقِرْتُمْ,مَقِرْتُنَّ,مَقِرْتُ,مَقِرْنَا
مقس,مَقَسَ,فَعَلَ يَفْعُلُ ( فتحُ ضمٍّ ),مشترك , ,مَقَسَ,مَقَسَتْ,مَقَسَا,مَقَسَتَا,مَقَسُوا,مَقَسْنَ,مَقَسْتَ,مَقَسْتِ,مَقَسْتُمَا,مَقَسْتُمْ,مَقَسْتُنَّ,مَقَسْتُ,مَقَسْنَا
مقس,مَقِسَ,فَعِلَ يَفْعَلُ ( كسر فتح ),لازم, ,مَقِسَ,مَقِسَتْ,مَقِسَا,مَقِسَتَا,مَقِسُوا,مَقِسْنَ,مَقِسْتَ,مَقِسْتِ,مَقِسْتُمَا,مَقِسْتُمْ,مَقِسْتُنَّ,مَقِسْتُ,مَقِسْنَا
مقط,مَقَطَ,فَعَلَ يَفْعُلُ ( فتحُ ضمٍّ ),مشترك , ,مَقَطَ,مَقَطَتْ,مَقَطَا,مَقَطَتَا,مَقَطُوا,مَقَطْنَ,مَقَطْتَ,مَقَطْتِ,مَقَطْتُمَا,مَقَطْتُمْ,مَقَطْتُنَّ,مَقَطْتُ,مَقَطْنَا
مقط,مَقَطَ,فَعَلَ يَفْعِلُ ( فتحُ كَسْرٍ ),مشترك , ,مَقَطَ,مَقَطَتْ,مَقَطَا,مَقَطَتَا,مَقَطُوا,مَقَطْنَ,مَقَطْتَ,مَقَطْتِ,مَقَطْتُمَا,مَقَطْتُمْ,مَقَطْتُنَّ,مَقَطْتُ,مَقَطْنَا
مقع,مَقَعَ,فَعَلَ يَفْعَلُ ( فتحتان ),مشترك , ,مَقَعَ,مَقَعَتْ,مَقَعَا,مَقَعَتَا,مَقَعُوا,مَقَعْنَ,مَقَعْتَ,مَقَعْتِ,مَقَعْتُمَا,مَقَعْتُمْ,مَقَعْتُنَّ,مَقَعْتُ,مَقَعْنَا
خرم,خَرِمَ,فَعِلَ يَفْعَلُ ( كسر فتح ),لازم, ,خَرِمَ,خَرِمَتْ,خَرِمَا,خَرِمَتَا,خَرِمُوا,خَرِمْنَ,خَرِمْتَ,خَرِمْتِ,خَرِمْتُمَا,خَرِمْتُمْ,خَرِمْتُنَّ,خَرِمْتُ,خَرِمْنَا
مقل,مَقَلَ,فَعَلَ يَفْعُلُ ( فتحُ ضمٍّ ),مشترك , ,مَقَلَ,مَقَلَتْ,مَقَلَا,مَقَلَتَا,مَقَلُوا,مَقَلْنَ,مَقَلْتَ,مَقَلْتِ,مَقَلْتُمَا,مَقَلْتُمْ,مَقَلْتُنَّ,مَقَلْتُ,مَقَلْنَا
مقه,مَقِهَ,فَعِلَ يَفْعَلُ ( كسر فتح ),لازم, ,مَقِهَ,مَقِهَتْ,مَقِهَا,مَقِهَتَا,مَقِهُوا,مَقِهْنَ,مَقِهْتَ,مَقِهْتِ,مَقِهْتُمَا,مَقِهْتُمْ,مَقِهْتُنَّ,مَقِهْتُ,مَقِهْنَا
مكت,مَكَتَ,فَعَلَ يَفْعُلُ ( فتحُ ضمٍّ ),لازم, ,مَكَتَ,مَكَتَتْ,مَكَتَا,مَكَتَتَا,مَكَتُوا,مَكَتْنَ,مَكَتْتَ,مَكَتْتِ,مَكَتْتُمَا,مَكَتْتُمْ,مَكَتْتُنَّ,مَكَتْتُ,مَكَتْنَا
مكث,مَكَثَ,فَعَلَ يَفْعُلُ ( فتحُ ضمٍّ ),لازم, ,مَكَثَ,مَكَثَتْ,مَكَثَا,مَكَثَتَا,مَكَثُوا,مَكَثْنَ,مَكَثْتَ,مَكَثْتِ,مَكَثْتُمَا,مَكَثْتُمْ,مَكَثْتُنَّ,مَكَثْتُ,مَكَثْنَا
مكث,مَكُثَ,فَعُلَ يَفْعُلُ ( ضمَ ضمٍَ ),لازم, ,مَكُثَ,مَكُثَتْ,مَكُثَا,مَكُثَتَا,مَكُثُوا,مَكُثْنَ,مَكُثْتَ,مَكُثْتِ,مَكُثْتُمَا,مَكُثْتُمْ,مَكُثْتُنَّ,مَكُثْتُ,مَكُثْنَا
مكد,مَكَدَ,فَعَلَ يَفْعُلُ ( فتحُ ضمٍّ ),لازم, ,مَكَدَ,مَكَدَتْ,مَكَدَا,مَكَدَتَا,مَكَدُوا,مَكَدْنَ,مَكَدْتَ,مَكَدْتِ,مَكَدْتُمَا,مَكَدْتُمْ,مَكَدْتُنَّ,مَكَدْتُ,مَكَدْنَا
مكر,مَكَرَ,فَعَلَ يَفْعُلُ ( فتحُ ضمٍّ ),مشترك , ,مَكَرَ,مَكَرَتْ,مَكَرَا,مَكَرَتَا,مَكَرُوا,مَكَرْنَ,مَكَرْتَ,مَكَرْتِ,مَكَرْتُمَا,مَكَرْتُمْ,مَكَرْتُنَّ,مَكَرْتُ,مَكَرْنَا
مكر,مَكِرَ,فَعِلَ يَفْعَلُ ( كسر فتح ),لازم, ,مَكِرَ,مَكِرَتْ,مَكِرَا,مَكِرَتَا,مَكِرُوا,مَكِرْنَ,مَكِرْتَ,مَكِرْتِ,مَكِرْتُمَا,مَكِرْتُمْ,مَكِرْتُنَّ,مَكِرْتُ,مَكِرْنَا
مكس,مَكَسَ,فَعَلَ يَفْعِلُ ( فتحُ كَسْرٍ ),مشترك , ,مَكَسَ,مَكَسَتْ,مَكَسَا,مَكَسَتَا,مَكَسُوا,مَكَسْنَ,مَكَسْتَ,مَكَسْتِ,مَكَسْتُمَا,مَكَسْتُمْ,مَكَسْتُنَّ,مَكَسْتُ,مَكَسْنَا
مكل,مَكَلَ,فَعَلَ يَفْعُلُ ( فتحُ ضمٍّ ),لازم, ,مَكَلَ,مَكَلَتْ,مَكَلَا,مَكَلَتَا,مَكَلُوا,مَكَلْنَ,مَكَلْتَ,مَكَلْتِ,مَكَلْتُمَا,مَكَلْتُمْ,مَكَلْتُنَّ,مَكَلْتُ,مَكَلْنَا
مكن,مَكِنَ,فَعِلَ يَفْعَلُ ( كسر فتح ),لازم, ,مَكِنَ,مَكِنَتْ,مَكِنَا,مَكِنَتَا,مَكِنُوا,مَكِنْنَ,مَكِنْتَ,مَكِنْتِ,مَكِنْتُمَا,مَكِنْتُمْ,مَكِنْتُنَّ,مَكِنْتُ,مَكِنْنَا
مكن,مَكُنَ,فَعُلَ يَفْعُلُ ( ضمَ ضمٍَ ),لازم, ,مَكُنَ,مَكُنَتْ,مَكُنَا,مَكُنَتَا,مَكُنُوا,مَكُنْنَ,مَكُنْتَ,مَكُنْتِ,مَكُنْتُمَا,مَكُنْتُمْ,مَكُنْتُنَّ,مَكُنْتُ,مَكُنْنَا
ملث,مَلَثَ,فَعَلَ يَفْعُلُ ( فتحُ ضمٍّ ),مشترك , ,مَلَثَ,مَلَثَتْ,مَلَثَا,مَلَثَتَا,مَلَثُوا,مَلَثْنَ,مَلَثْتَ,مَلَثْتِ,مَلَثْتُمَا,مَلَثْتُمْ,مَلَثْتُنَّ,مَلَثْتُ,مَلَثْنَا
ملج,مَلَجَ,فَعَلَ يَفْعُلُ ( فتحُ ضمٍّ ),مشترك , ,مَلَجَ,مَلَجَتْ,مَلَجَا,مَلَجَتَا,مَلَجُوا,مَلَجْنَ,مَلَجْتَ,مَلَجْتِ,مَلَجْتُمَا,مَلَجْتُمْ,مَلَجْتُنَّ,مَلَجْتُ,مَلَجْنَا
ملج,مَلِجَ,فَعِلَ يَفْعَلُ ( كسر فتح ),مشترك , ,مَلِجَ,مَلِجَتْ,مَلِجَا,مَلِجَتَا,مَلِجُوا,مَلِجْنَ,مَلِجْتَ,مَلِجْتِ,مَلِجْتُمَا,مَلِجْتُمْ,مَلِجْتُنَّ,مَلِجْتُ,مَلِجْنَا
ملح,مَلَحَ,فَعَلَ يَفْعِلُ ( فتحُ كَسْرٍ ),متعدي, ,مَلَحَ,مَلَحَتْ,مَلَحَا,مَلَحَتَا,مَلَحُوا,مَلَحْنَ,مَلَحْتَ,مَلَحْتِ,مَلَحْتُمَا,مَلَحْتُمْ,مَلَحْتُنَّ,مَلَحْتُ,مَلَحْنَا
ملح,مَلَحَ,فَعَلَ يَفْعَلُ ( فتحتان ),مشترك , ,مَلَحَ,مَلَحَتْ,مَلَحَا,مَلَحَتَا,مَلَحُوا,مَلَحْنَ,مَلَحْتَ,مَلَحْتِ,مَلَحْتُمَا,مَلَحْتُمْ,مَلَحْتُنَّ,مَلَحْتُ,مَلَحْنَا
ملح,مَلِحَ,فَعِلَ يَفْعَلُ ( كسر فتح ),لازم, ,مَلِحَ,مَلِحَتْ,مَلِحَا,مَلِحَتَا,مَلِحُوا,مَلِحْنَ,مَلِحْتَ,مَلِحْتِ,مَلِحْتُمَا,مَلِحْتُمْ,مَلِحْتُنَّ,مَلِحْتُ,مَلِحْنَا
خرم,خَرُمَ,فَعُلَ يَفْعُلُ ( ضمَ ضمٍَ ),لازم, ,خَرُمَ,خَرُمَتْ,خَرُمَا,خَرُمَتَا,خَرُمُوا,خَرُمْنَ,خَرُمْتَ,خَرُمْتِ,خَرُمْتُمَا,خَرُمْتُمْ,خَرُمْتُنَّ,خَرُمْتُ,خَرُمْنَا
ملح,مَلُحَ,فَعُلَ يَفْعُلُ ( ضمَ ضمٍَ ),لازم, ,مَلُحَ,مَلُحَتْ,مَلُحَا,مَلُحَتَا,مَلُحُوا,مَلُحْنَ,مَلُحْتَ,مَلُحْتِ,مَلُحْتُمَا,مَلُحْتُمْ,مَلُحْتُنَّ,مَلُحْتُ,مَلُحْنَا
ملخ,مَلَخَ,فَعَلَ يَفْعَلُ ( فتحتان ),مشترك , ,مَلَخَ,مَلَخَتْ,مَلَخَا,مَلَخَتَا,مَلَخُوا,مَلَخْنَ,مَلَخْتَ,مَلَخْتِ,مَلَخْتُمَا,مَلَخْتُمْ,مَلَخْتُنَّ,مَلَخْتُ,مَلَخْنَا
ملخ,مَلُخَ,فَعُلَ يَفْعُلُ ( ضمَ ضمٍَ ),لازم, ,مَلُخَ,مَلُخَتْ,مَلُخَا,مَلُخَتَا,مَلُخُوا,مَلُخْنَ,مَلُخْتَ,مَلُخْتِ,مَلُخْتُمَا,مَلُخْتُمْ,مَلُخْتُنَّ,مَلُخْتُ,مَلُخْنَا
ملد,مَلَدَ,فَعَلَ يَفْعُلُ ( فتحُ ضمٍّ ),متعدي, ,مَلَدَ,مَلَدَتْ,مَلَدَا,مَلَدَتَا,مَلَدُوا,مَلَدْنَ,مَلَدْتَ,مَلَدْتِ,مَلَدْتُمَا,مَلَدْتُمْ,مَلَدْتُنَّ,مَلَدْتُ,مَلَدْنَا
ملد,مَلِدَ,فَعِلَ يَفْعَلُ ( كسر فتح ),لازم, ,مَلِدَ,مَلِدَتْ,مَلِدَا,مَلِدَتَا,مَلِدُوا,مَلِدْنَ,مَلِدْتَ,مَلِدْتِ,مَلِدْتُمَا,مَلِدْتُمْ,مَلِدْتُنَّ,مَلِدْتُ,مَلِدْنَا
ملذ,مَلَذَ,فَعَلَ يَفْعُلُ ( فتحُ ضمٍّ ),مشترك , ,مَلَذَ,مَلَذَتْ,مَلَذَا,مَلَذَتَا,مَلَذُوا,مَلَذْنَ,مَلَذْتَ,مَلَذْتِ,مَلَذْتُمَا,مَلَذْتُمْ,مَلَذْتُنَّ,مَلَذْتُ,مَلَذْنَا
ملذ,مَلِذَ,فَعِلَ يَفْعَلُ ( كسر فتح ),لازم, ,مَلِذَ,مَلِذَتْ,مَلِذَا,مَلِذَتَا,مَلِذُوا,مَلِذْنَ,مَلِذْتَ,مَلِذْتِ,مَلِذْتُمَا,مَلِذْتُمْ,مَلِذْتُنَّ,مَلِذْتُ,مَلِذْنَا
ملز,مَلَزَ,فَعَلَ يَفْعُلُ ( فتحُ ضمٍّ ),لازم, ,مَلَزَ,مَلَزَتْ,مَلَزَا,مَلَزَتَا,مَلَزُوا,مَلَزْنَ,مَلَزْتَ,مَلَزْتِ,مَلَزْتُمَا,مَلَزْتُمْ,مَلَزْتُنَّ,مَلَزْتُ,مَلَزْنَا
ملس,مَلَسَ,فَعَلَ يَفْعُلُ ( فتحُ ضمٍّ ),مشترك , ,مَلَسَ,مَلَسَتْ,مَلَسَا,مَلَسَتَا,مَلَسُوا,مَلَسْنَ,مَلَسْتَ,مَلَسْتِ,مَلَسْتُمَا,مَلَسْتُمْ,مَلَسْتُنَّ,مَلَسْتُ,مَلَسْنَا
ملس,مَلِسَ,فَعِلَ يَفْعَلُ ( كسر فتح ),لازم, ,مَلِسَ,مَلِسَتْ,مَلِسَا,مَلِسَتَا,مَلِسُوا,مَلِسْنَ,مَلِسْتَ,مَلِسْتِ,مَلِسْتُمَا,مَلِسْتُمْ,مَلِسْتُنَّ,مَلِسْتُ,مَلِسْنَا
ملس,مَلُسَ,فَعُلَ يَفْعُلُ ( ضمَ ضمٍَ ),لازم, ,مَلُسَ,مَلُسَتْ,مَلُسَا,مَلُسَتَا,مَلُسُوا,مَلُسْنَ,مَلُسْتَ,مَلُسْتِ,مَلُسْتُمَا,مَلُسْتُمْ,مَلُسْتُنَّ,مَلُسْتُ,مَلُسْنَا
ملش,مَلَشَ,فَعَلَ يَفْعُلُ ( فتحُ ضمٍّ ),مشترك , ,مَلَشَ,مَلَشَتْ,مَلَشَا,مَلَشَتَا,مَلَشُوا,مَلَشْنَ,مَلَشْتَ,مَلَشْتِ,مَلَشْتُمَا,مَلَشْتُمْ,مَلَشْتُنَّ,مَلَشْتُ,مَلَشْنَا
ملص,مَلَصَ,فَعَلَ يَفْعُلُ ( فتحُ ضمٍّ ),لازم, ,مَلَصَ,مَلَصَتْ,مَلَصَا,مَلَصَتَا,مَلَصُوا,مَلَصْنَ,مَلَصْتَ,مَلَصْتِ,مَلَصْتُمَا,مَلَصْتُمْ,مَلَصْتُنَّ,مَلَصْتُ,مَلَصْنَا
ملص,مَلِصَ,فَعِلَ يَفْعَلُ ( كسر فتح ),لازم, ,مَلِصَ,مَلِصَتْ,مَلِصَا,مَلِصَتَا,مَلِصُوا,مَلِصْنَ,مَلِصْتَ,مَلِصْتِ,مَلِصْتُمَا,مَلِصْتُمْ,مَلِصْتُنَّ,مَلِصْتُ,مَلِصْنَا
ملط,مَلَطَ,فَعَلَ يَفْعُلُ ( فتحُ ضمٍّ ),لازم, ,مَلَطَ,مَلَطَتْ,مَلَطَا,مَلَطَتَا,مَلَطُوا,مَلَطْنَ,مَلَطْتَ,مَلَطْتِ,مَلَطْتُمَا,مَلَطْتُمْ,مَلَطْتُنَّ,مَلَطْتُ,مَلَطْنَا
ملط,مَلِطَ,فَعِلَ يَفْعَلُ ( كسر فتح ),لازم, ,مَلِطَ,مَلِطَتْ,مَلِطَا,مَلِطَتَا,مَلِطُوا,مَلِطْنَ,مَلِطْتَ,مَلِطْتِ,مَلِطْتُمَا,مَلِطْتُمْ,مَلِطْتُنَّ,مَلِطْتُ,مَلِطْنَا
ملط,مَلُطَ,فَعُلَ يَفْعُلُ ( ضمَ ضمٍَ ),لازم, ,مَلُطَ,مَلُطَتْ,مَلُطَا,مَلُطَتَا,مَلُطُوا,مَلُطْنَ,مَلُطْتَ,مَلُطْتِ,مَلُطْتُمَا,مَلُطْتُمْ,مَلُطْتُنَّ,مَلُطْتُ,مَلُطْنَا
ملع,مَلَعَ,فَعَلَ يَفْعَلُ ( فتحتان ),مشترك , ,مَلَعَ,مَلَعَتْ,مَلَعَا,مَلَعَتَا,مَلَعُوا,مَلَعْنَ,مَلَعْتَ,مَلَعْتِ,مَلَعْتُمَا,مَلَعْتُمْ,مَلَعْتُنَّ,مَلَعْتُ,مَلَعْنَا
ملق,مَلَقَ,فَعَلَ يَفْعُلُ ( فتحُ ضمٍّ ),مشترك , ,مَلَقَ,مَلَقَتْ,مَلَقَا,مَلَقَتَا,مَلَقُوا,مَلَقْنَ,مَلَقْتَ,مَلَقْتِ,مَلَقْتُمَا,مَلَقْتُمْ,مَلَقْتُنَّ,مَلَقْتُ,مَلَقْنَا
ملق,مَلَقَ,فَعَلَ يَفْعِلُ ( فتحُ كَسْرٍ ),مشترك , ,مَلَقَ,مَلَقَتْ,مَلَقَا,مَلَقَتَا,مَلَقُوا,مَلَقْنَ,مَلَقْتَ,مَلَقْتِ,مَلَقْتُمَا,مَلَقْتُمْ,مَلَقْتُنَّ,مَلَقْتُ,مَلَقْنَا
ملق,مَلِقَ,فَعِلَ يَفْعَلُ ( كسر فتح ),مشترك , ,مَلِقَ,مَلِقَتْ,مَلِقَا,مَلِقَتَا,مَلِقُوا,مَلِقْنَ,مَلِقْتَ,مَلِقْتِ,مَلِقْتُمَا,مَلِقْتُمْ,مَلِقْتُنَّ,مَلِقْتُ,مَلِقْنَا
ملك,مَلَكَ,فَعَلَ يَفْعِلُ ( فتحُ كَسْرٍ ),مشترك , ,مَلَكَ,مَلَكَتْ,مَلَكَا,مَلَكَتَا,مَلَكُوا,مَلَكْنَ,مَلَكْتَ,مَلَكْتِ,مَلَكْتُمَا,مَلَكْتُمْ,مَلَكْتُنَّ,مَلَكْتُ,مَلَكْنَا
منح,مَنَحَ,فَعَلَ يَفْعِلُ ( فتحُ كَسْرٍ ),متعدي, ,مَنَحَ,مَنَحَتْ,مَنَحَا,مَنَحَتَا,مَنَحُوا,مَنَحْنَ,مَنَحْتَ,مَنَحْتِ,مَنَحْتُمَا,مَنَحْتُمْ,مَنَحْتُنَّ,مَنَحْتُ,مَنَحْنَا
منح,مَنَحَ,فَعَلَ يَفْعَلُ ( فتحتان ),متعدي, ,مَنَحَ,مَنَحَتْ,مَنَحَا,مَنَحَتَا,مَنَحُوا,مَنَحْنَ,مَنَحْتَ,مَنَحْتِ,مَنَحْتُمَا,مَنَحْتُمْ,مَنَحْتُنَّ,مَنَحْتُ,مَنَحْنَا
منع,مَنَعَ,فَعَلَ يَفْعَلُ ( فتحتان ),متعدي, ,مَنَعَ,مَنَعَتْ,مَنَعَا,مَنَعَتَا,مَنَعُوا,مَنَعْنَ,مَنَعْتَ,مَنَعْتِ,مَنَعْتُمَا,مَنَعْتُمْ,مَنَعْتُنَّ,مَنَعْتُ,مَنَعْنَا
خزب,خَزِبَ,فَعِلَ يَفْعَلُ ( كسر فتح ),لازم, ,خَزِبَ,خَزِبَتْ,خَزِبَا,خَزِبَتَا,خَزِبُوا,خَزِبْنَ,خَزِبْتَ,خَزِبْتِ,خَزِبْتُمَا,خَزِبْتُمْ,خَزِبْتُنَّ,خَزِبْتُ,خَزِبْنَا
منع,مَنُعَ,فَعُلَ يَفْعُلُ ( ضمَ ضمٍَ ),لازم, ,مَنُعَ,مَنُعَتْ,مَنُعَا,مَنُعَتَا,مَنُعُوا,مَنُعْنَ,مَنُعْتَ,مَنُعْتِ,مَنُعْتُمَا,مَنُعْتُمْ,مَنُعْتُنَّ,مَنُعْتُ,مَنُعْنَا
مهج,مَهَجَ,فَعَلَ يَفْعَلُ ( فتحتان ),مشترك , ,مَهَجَ,مَهَجَتْ,مَهَجَا,مَهَجَتَا,مَهَجُوا,مَهَجْنَ,مَهَجْتَ,مَهَجْتِ,مَهَجْتُمَا,مَهَجْتُمْ,مَهَجْتُنَّ,مَهَجْتُ,مَهَجْنَا
مهد,مَهَدَ,فَعَلَ يَفْعَلُ ( فتحتان ),مشترك , ,مَهَدَ,مَهَدَتْ,مَهَدَا,مَهَدَتَا,مَهَدُوا,مَهَدْنَ,مَهَدْتَ,مَهَدْتِ,مَهَدْتُمَا,مَهَدْتُمْ,مَهَدْتُنَّ,مَهَدْتُ,مَهَدْنَا
مهر,مَهَرَ,فَعَلَ يَفْعُلُ ( فتحُ ضمٍّ ),مشترك , ,مَهَرَ,مَهَرَتْ,مَهَرَا,مَهَرَتَا,مَهَرُوا,مَهَرْنَ,مَهَرْتَ,مَهَرْتِ,مَهَرْتُمَا,مَهَرْتُمْ,مَهَرْتُنَّ,مَهَرْتُ,مَهَرْنَا
مهر,مَهَرَ,فَعَلَ يَفْعَلُ ( فتحتان ),مشترك , ,مَهَرَ,مَهَرَتْ,مَهَرَا,مَهَرَتَا,مَهَرُوا,مَهَرْنَ,مَهَرْتَ,مَهَرْتِ,مَهَرْتُمَا,مَهَرْتُمْ,مَهَرْتُنَّ,مَهَرْتُ,مَهَرْنَا
مهز,مَهَزَ,فَعَلَ يَفْعَلُ ( فتحتان ),متعدي, ,مَهَزَ,مَهَزَتْ,مَهَزَا,مَهَزَتَا,مَهَزُوا,مَهَزْنَ,مَهَزْتَ,مَهَزْتِ,مَهَزْتُمَا,مَهَزْتُمْ,مَهَزْتُنَّ,مَهَزْتُ,مَهَزْنَا
مهق,مَهِقَ,فَعِلَ يَفْعَلُ ( كسر فتح ),مشترك , ,مَهِقَ,مَهِقَتْ,مَهِقَا,مَهِقَتَا,مَهِقُوا,مَهِقْنَ,مَهِقْتَ,مَهِقْتِ,مَهِقْتُمَا,مَهِقْتُمْ,مَهِقْتُنَّ,مَهِقْتُ,مَهِقْنَا
مهك,مَهَكَ,فَعَلَ يَفْعَلُ ( فتحتان ),مشترك , ,مَهَكَ,مَهَكَتْ,مَهَكَا,مَهَكَتَا,مَهَكُوا,مَهَكْنَ,مَهَكْتَ,مَهَكْتِ,مَهَكْتُمَا,مَهَكْتُمْ,مَهَكْتُنَّ,مَهَكْتُ,مَهَكْنَا
مهك,مَهِكَ,فَعِلَ يَفْعَلُ ( كسر فتح ),لازم, ,مَهِكَ,مَهِكَتْ,مَهِكَا,مَهِكَتَا,مَهِكُوا,مَهِكْنَ,مَهِكْتَ,مَهِكْتِ,مَهِكْتُمَا,مَهِكْتُمْ,مَهِكْتُنَّ,مَهِكْتُ,مَهِكْنَا
مهل,مَهَلَ,فَعَلَ يَفْعَلُ ( فتحتان ),مشترك , ,مَهَلَ,مَهَلَتْ,مَهَلَا,مَهَلَتَا,مَهَلُوا,مَهَلْنَ,مَهَلْتَ,مَهَلْتِ,مَهَلْتُمَا,مَهَلْتُمْ,مَهَلْتُنَّ,مَهَلْتُ,مَهَلْنَا
مهن,مَهَنَ,فَعَلَ يَفْعُلُ ( فتحُ ضمٍّ ),مشترك , ,مَهَنَ,مَهَنَتْ,مَهَنَا,مَهَنَتَا,مَهَنُوا,مَهَنْنَ,مَهَنْتَ,مَهَنْتِ,مَهَنْتُمَا,مَهَنْتُمْ,مَهَنْتُنَّ,مَهَنْتُ,مَهَنْنَا
مهن,مَهَنَ,فَعَلَ يَفْعَلُ ( فتحتان ),مشترك , ,مَهَنَ,مَهَنَتْ,مَهَنَا,مَهَنَتَا,مَهَنُوا,مَهَنْنَ,مَهَنْتَ,مَهَنْتِ,مَهَنْتُمَا,مَهَنْتُمْ,مَهَنْتُنَّ,مَهَنْتُ,مَهَنْنَا
مهن,مَهُنَ,فَعُلَ يَفْعُلُ ( ضمَ ضمٍَ ),لازم, ,مَهُنَ,مَهُنَتْ,مَهُنَا,مَهُنَتَا,مَهُنُوا,مَهُنْنَ,مَهُنْتَ,مَهُنْتِ,مَهُنْتُمَا,مَهُنْتُمْ,مَهُنْتُنَّ,مَهُنْتُ,مَهُنْنَا
خزج,خَزِجَ,فَعِلَ يَفْعَلُ ( كسر فتح ),لازم, ,خَزِجَ,خَزِجَتْ,خَزِجَا,خَزِجَتَا,خَزِجُوا,خَزِجْنَ,خَزِجْتَ,خَزِجْتِ,خَزِجْتُمَا,خَزِجْتُمْ,خَزِجْتُنَّ,خَزِجْتُ,خَزِجْنَا
خزر,خَزَرَ,فَعَلَ يَفْعُلُ ( فتحُ ضمٍّ ),متعدي, ,خَزَرَ,خَزَرَتْ,خَزَرَا,خَزَرَتَا,خَزَرُوا,خَزَرْنَ,خَزَرْتَ,خَزَرْتِ,خَزَرْتُمَا,خَزَرْتُمْ,خَزَرْتُنَّ,خَزَرْتُ,خَزَرْنَا
نبت,نَبَتَ,فَعَلَ يَفْعُلُ ( فتحُ ضمٍّ ),لازم, ,نَبَتَ,نَبَتَتْ,نَبَتَا,نَبَتَتَا,نَبَتُوا,نَبَتْنَ,نَبَتْتَ,نَبَتْتِ,نَبَتْتُمَا,نَبَتْتُمْ,نَبَتْتُنَّ,نَبَتْتُ,نَبَتْنَا
نبث,نَبَثَ,فَعَلَ يَفْعُلُ ( فتحُ ضمٍّ ),مشترك , ,نَبَثَ,نَبَثَتْ,نَبَثَا,نَبَثَتَا,نَبَثُوا,نَبَثْنَ,نَبَثْتَ,نَبَثْتِ,نَبَثْتُمَا,نَبَثْتُمْ,نَبَثْتُنَّ,نَبَثْتُ,نَبَثْنَا
نبج,نَبَجَ,فَعَلَ يَفْعُلُ ( فتحُ ضمٍّ ),لازم, ,نَبَجَ,نَبَجَتْ,نَبَجَا,نَبَجَتَا,نَبَجُوا,نَبَجْنَ,نَبَجْتَ,نَبَجْتِ,نَبَجْتُمَا,نَبَجْتُمْ,نَبَجْتُنَّ,نَبَجْتُ,نَبَجْنَا
نبج,نَبَجَ,فَعَلَ يَفْعِلُ ( فتحُ كَسْرٍ ),لازم, ,نَبَجَ,نَبَجَتْ,نَبَجَا,نَبَجَتَا,نَبَجُوا,نَبَجْنَ,نَبَجْتَ,نَبَجْتِ,نَبَجْتُمَا,نَبَجْتُمْ,نَبَجْتُنَّ,نَبَجْتُ,نَبَجْنَا
نبح,نَبَحَ,فَعَلَ يَفْعِلُ ( فتحُ كَسْرٍ ),مشترك , ,نَبَحَ,نَبَحَتْ,نَبَحَا,نَبَحَتَا,نَبَحُوا,نَبَحْنَ,نَبَحْتَ,نَبَحْتِ,نَبَحْتُمَا,نَبَحْتُمْ,نَبَحْتُنَّ,نَبَحْتُ,نَبَحْنَا
نبح,نَبَحَ,فَعَلَ يَفْعَلُ ( فتحتان ),مشترك , ,نَبَحَ,نَبَحَتْ,نَبَحَا,نَبَحَتَا,نَبَحُوا,نَبَحْنَ,نَبَحْتَ,نَبَحْتِ,نَبَحْتُمَا,نَبَحْتُمْ,نَبَحْتُنَّ,نَبَحْتُ,نَبَحْنَا
نبخ,نَبَخَ,فَعَلَ يَفْعُلُ ( فتحُ ضمٍّ ),لازم, ,نَبَخَ,نَبَخَتْ,نَبَخَا,نَبَخَتَا,نَبَخُوا,نَبَخْنَ,نَبَخْتَ,نَبَخْتِ,نَبَخْتُمَا,نَبَخْتُمْ,نَبَخْتُنَّ,نَبَخْتُ,نَبَخْنَا
نبذ,نَبَذَ,فَعَلَ يَفْعِلُ ( فتحُ كَسْرٍ ),مشترك , ,نَبَذَ,نَبَذَتْ,نَبَذَا,نَبَذَتَا,نَبَذُوا,نَبَذْنَ,نَبَذْتَ,نَبَذْتِ,نَبَذْتُمَا,نَبَذْتُمْ,نَبَذْتُنَّ,نَبَذْتُ,نَبَذْنَا
نبر,نَبَرَ,فَعَلَ يَفْعِلُ ( فتحُ كَسْرٍ ),مشترك , ,نَبَرَ,نَبَرَتْ,نَبَرَا,نَبَرَتَا,نَبَرُوا,نَبَرْنَ,نَبَرْتَ,نَبَرْتِ,نَبَرْتُمَا,نَبَرْتُمْ,نَبَرْتُنَّ,نَبَرْتُ,نَبَرْنَا
نبز,نَبَزَ,فَعَلَ يَفْعِلُ ( فتحُ كَسْرٍ ),متعدي, ,نَبَزَ,نَبَزَتْ,نَبَزَا,نَبَزَتَا,نَبَزُوا,نَبَزْنَ,نَبَزْتَ,نَبَزْتِ,نَبَزْتُمَا,نَبَزْتُمْ,نَبَزْتُنَّ,نَبَزْتُ,نَبَزْنَا
نبس,نَبَسَ,فَعَلَ يَفْعِلُ ( فتحُ كَسْرٍ ),مشترك , ,نَبَسَ,نَبَسَتْ,نَبَسَا,نَبَسَتَا,نَبَسُوا,نَبَسْنَ,نَبَسْتَ,نَبَسْتِ,نَبَسْتُمَا,نَبَسْتُمْ,نَبَسْتُنَّ,نَبَسْتُ,نَبَسْنَا
خزر,خَزِرَ,فَعِلَ يَفْعَلُ ( كسر فتح ),لازم, ,خَزِرَ,خَزِرَتْ,خَزِرَا,خَزِرَتَا,خَزِرُوا,خَزِرْنَ,خَزِرْتَ,خَزِرْتِ,خَزِرْتُمَا,خَزِرْتُمْ,خَزِرْتُنَّ,خَزِرْتُ,خَزِرْنَا
نبش,نَبَشَ,فَعَلَ يَفْعُلُ ( فتحُ ضمٍّ ),مشترك , ,نَبَشَ,نَبَشَتْ,نَبَشَا,نَبَشَتَا,نَبَشُوا,نَبَشْنَ,نَبَشْتَ,نَبَشْتِ,نَبَشْتُمَا,نَبَشْتُمْ,نَبَشْتُنَّ,نَبَشْتُ,نَبَشْنَا
نبص,نَبَصَ,فَعَلَ يَفْعِلُ ( فتحُ كَسْرٍ ),مشترك , ,نَبَصَ,نَبَصَتْ,نَبَصَا,نَبَصَتَا,نَبَصُوا,نَبَصْنَ,نَبَصْتَ,نَبَصْتِ,نَبَصْتُمَا,نَبَصْتُمْ,نَبَصْتُنَّ,نَبَصْتُ,نَبَصْنَا
نبض,نَبَضَ,فَعَلَ يَفْعِلُ ( فتحُ كَسْرٍ ),مشترك , ,نَبَضَ,نَبَضَتْ,نَبَضَا,نَبَضَتَا,نَبَضُوا,نَبَضْنَ,نَبَضْتَ,نَبَضْتِ,نَبَضْتُمَا,نَبَضْتُمْ,نَبَضْتُنَّ,نَبَضْتُ,نَبَضْنَا
نبط,نَبَطَ,فَعَلَ يَفْعُلُ ( فتحُ ضمٍّ ),مشترك , ,نَبَطَ,نَبَطَتْ,نَبَطَا,نَبَطَتَا,نَبَطُوا,نَبَطْنَ,نَبَطْتَ,نَبَطْتِ,نَبَطْتُمَا,نَبَطْتُمْ,نَبَطْتُنَّ,نَبَطْتُ,نَبَطْنَا
نبط,نَبَطَ,فَعَلَ يَفْعِلُ ( فتحُ كَسْرٍ ),مشترك , ,نَبَطَ,نَبَطَتْ,نَبَطَا,نَبَطَتَا,نَبَطُوا,نَبَطْنَ,نَبَطْتَ,نَبَطْتِ,نَبَطْتُمَا,نَبَطْتُمْ,نَبَطْتُنَّ,نَبَطْتُ,نَبَطْنَا
نبع,نَبَعَ,فَعَلَ يَفْعُلُ ( فتحُ ضمٍّ ),لازم, ,نَبَعَ,نَبَعَتْ,نَبَعَا,نَبَعَتَا,نَبَعُوا,نَبَعْنَ,نَبَعْتَ,نَبَعْتِ,نَبَعْتُمَا,نَبَعْتُمْ,نَبَعْتُنَّ,نَبَعْتُ,نَبَعْنَا
نبع,نَبَعَ,فَعَلَ يَفْعِلُ ( فتحُ كَسْرٍ ),لازم, ,نَبَعَ,نَبَعَتْ,نَبَعَا,نَبَعَتَا,نَبَعُوا,نَبَعْنَ,نَبَعْتَ,نَبَعْتِ,نَبَعْتُمَا,نَبَعْتُمْ,نَبَعْتُنَّ,نَبَعْتُ,نَبَعْنَا
نبع,نَبَعَ,فَعَلَ يَفْعَلُ ( فتحتان ),لازم, ,نَبَعَ,نَبَعَتْ,نَبَعَا,نَبَعَتَا,نَبَعُوا,نَبَعْنَ,نَبَعْتَ,نَبَعْتِ,نَبَعْتُمَا,نَبَعْتُمْ,نَبَعْتُنَّ,نَبَعْتُ,نَبَعْنَا
نبغ,نَبَغَ,فَعَلَ يَفْعُلُ ( فتحُ ضمٍّ ),لازم, ,نَبَغَ,نَبَغَتْ,نَبَغَا,نَبَغَتَا,نَبَغُوا,نَبَغْنَ,نَبَغْتَ,نَبَغْتِ,نَبَغْتُمَا,نَبَغْتُمْ,نَبَغْتُنَّ,نَبَغْتُ,نَبَغْنَا
نبغ,نَبَغَ,فَعَلَ يَفْعِلُ ( فتحُ كَسْرٍ ),لازم, ,نَبَغَ,نَبَغَتْ,نَبَغَا,نَبَغَتَا,نَبَغُوا,نَبَغْنَ,نَبَغْتَ,نَبَغْتِ,نَبَغْتُمَا,نَبَغْتُمْ,نَبَغْتُنَّ,نَبَغْتُ,نَبَغْنَا
نبغ,نَبَغَ,فَعَلَ يَفْعَلُ ( فتحتان ),لازم, ,نَبَغَ,نَبَغَتْ,نَبَغَا,نَبَغَتَا,نَبَغُوا,نَبَغْنَ,نَبَغْتَ,نَبَغْتِ,نَبَغْتُمَا,نَبَغْتُمْ,نَبَغْتُنَّ,نَبَغْتُ,نَبَغْنَا
نبق,نَبَقَ,فَعَلَ يَفْعُلُ ( فتحُ ضمٍّ ),مشترك , ,نَبَقَ,نَبَقَتْ,نَبَقَا,نَبَقَتَا,نَبَقُوا,نَبَقْنَ,نَبَقْتَ,نَبَقْتِ,نَبَقْتُمَا,نَبَقْتُمْ,نَبَقْتُنَّ,نَبَقْتُ,نَبَقْنَا
نبك,نَبَكَ,فَعَلَ يَفْعُلُ ( فتحُ ضمٍّ ),لازم, ,نَبَكَ,نَبَكَتْ,نَبَكَا,نَبَكَتَا,نَبَكُوا,نَبَكْنَ,نَبَكْتَ,نَبَكْتِ,نَبَكْتُمَا,نَبَكْتُمْ,نَبَكْتُنَّ,نَبَكْتُ,نَبَكْنَا
نبل,نَبَلَ,فَعَلَ يَفْعُلُ ( فتحُ ضمٍّ ),مشترك , ,نَبَلَ,نَبَلَتْ,نَبَلَا,نَبَلَتَا,نَبَلُوا,نَبَلْنَ,نَبَلْتَ,نَبَلْتِ,نَبَلْتُمَا,نَبَلْتُمْ,نَبَلْتُنَّ,نَبَلْتُ,نَبَلْنَا
نبل,نَبُلَ,فَعُلَ يَفْعُلُ ( ضمَ ضمٍَ ),لازم, ,نَبُلَ,نَبُلَتْ,نَبُلَا,نَبُلَتَا,نَبُلُوا,نَبُلْنَ,نَبُلْتَ,نَبُلْتِ,نَبُلْتُمَا,نَبُلْتُمْ,نَبُلْتُنَّ,نَبُلْتُ,نَبُلْنَا
نبه,نَبَهَ,فَعَلَ يَفْعُلُ ( فتحُ ضمٍّ ),لازم, ,نَبَهَ,نَبَهَتْ,نَبَهَا,نَبَهَتَا,نَبَهُوا,نَبَهْنَ,نَبَهْتَ,نَبَهْتِ,نَبَهْتُمَا,نَبَهْتُمْ,نَبَهْتُنَّ,نَبَهْتُ,نَبَهْنَا
نبه,نَبِهَ,فَعِلَ يَفْعَلُ ( كسر فتح ),لازم, ,نَبِهَ,نَبِهَتْ,نَبِهَا,نَبِهَتَا,نَبِهُوا,نَبِهْنَ,نَبِهْتَ,نَبِهْتِ,نَبِهْتُمَا,نَبِهْتُمْ,نَبِهْتُنَّ,نَبِهْتُ,نَبِهْنَا
نبه,نَبُهَ,فَعُلَ يَفْعُلُ ( ضمَ ضمٍَ ),لازم, ,نَبُهَ,نَبُهَتْ,نَبُهَا,نَبُهَتَا,نَبُهُوا,نَبُهْنَ,نَبُهْتَ,نَبُهْتِ,نَبُهْتُمَا,نَبُهْتُمْ,نَبُهْتُنَّ,نَبُهْتُ,نَبُهْنَا
نتج,نَتَجَ,فَعَلَ يَفْعِلُ ( فتحُ كَسْرٍ ),مشترك , ,نَتَجَ,نَتَجَتْ,نَتَجَا,نَتَجَتَا,نَتَجُوا,نَتَجْنَ,نَتَجْتَ,نَتَجْتِ,نَتَجْتُمَا,نَتَجْتُمْ,نَتَجْتُنَّ,نَتَجْتُ,نَتَجْنَا
نتح,نَتَحَ,فَعَلَ يَفْعِلُ ( فتحُ كَسْرٍ ),مشترك , ,نَتَحَ,نَتَحَتْ,نَتَحَا,نَتَحَتَا,نَتَحُوا,نَتَحْنَ,نَتَحْتَ,نَتَحْتِ,نَتَحْتُمَا,نَتَحْتُمْ,نَتَحْتُنَّ,نَتَحْتُ,نَتَحْنَا
نتخ,نَتَخَ,فَعَلَ يَفْعِلُ ( فتحُ كَسْرٍ ),مشترك , ,نَتَخَ,نَتَخَتْ,نَتَخَا,نَتَخَتَا,نَتَخُوا,نَتَخْنَ,نَتَخْتَ,نَتَخْتِ,نَتَخْتُمَا,نَتَخْتُمْ,نَتَخْتُنَّ,نَتَخْتُ,نَتَخْنَا
نتر,نَتَرَ,فَعَلَ يَفْعُلُ ( فتحُ ضمٍّ ),مشترك , ,نَتَرَ,نَتَرَتْ,نَتَرَا,نَتَرَتَا,نَتَرُوا,نَتَرْنَ,نَتَرْتَ,نَتَرْتِ,نَتَرْتُمَا,نَتَرْتُمْ,نَتَرْتُنَّ,نَتَرْتُ,نَتَرْنَا
نتر,نَتِرَ,فَعِلَ يَفْعَلُ ( كسر فتح ),لازم, ,نَتِرَ,نَتِرَتْ,نَتِرَا,نَتِرَتَا,نَتِرُوا,نَتِرْنَ,نَتِرْتَ,نَتِرْتِ,نَتِرْتُمَا,نَتِرْتُمْ,نَتِرْتُنَّ,نَتِرْتُ,نَتِرْنَا
نتس,نَتَسَ,فَعَلَ يَفْعِلُ ( فتحُ كَسْرٍ ),متعدي, ,نَتَسَ,نَتَسَتْ,نَتَسَا,نَتَسَتَا,نَتَسُوا,نَتَسْنَ,نَتَسْتَ,نَتَسْتِ,نَتَسْتُمَا,نَتَسْتُمْ,نَتَسْتُنَّ,نَتَسْتُ,نَتَسْنَا
نتش,نَتَشَ,فَعَلَ يَفْعِلُ ( فتحُ كَسْرٍ ),مشترك , ,نَتَشَ,نَتَشَتْ,نَتَشَا,نَتَشَتَا,نَتَشُوا,نَتَشْنَ,نَتَشْتَ,نَتَشْتِ,نَتَشْتُمَا,نَتَشْتُمْ,نَتَشْتُنَّ,نَتَشْتُ,نَتَشْنَا
نتض,نَتَضَ,فَعَلَ يَفْعُلُ ( فتحُ ضمٍّ ),لازم, ,نَتَضَ,نَتَضَتْ,نَتَضَا,نَتَضَتَا,نَتَضُوا,نَتَضْنَ,نَتَضْتَ,نَتَضْتِ,نَتَضْتُمَا,نَتَضْتُمْ,نَتَضْتُنَّ,نَتَضْتُ,نَتَضْنَا
نتع,نَتَعَ,فَعَلَ يَفْعُلُ ( فتحُ ضمٍّ ),لازم, ,نَتَعَ,نَتَعَتْ,نَتَعَا,نَتَعَتَا,نَتَعُوا,نَتَعْنَ,نَتَعْتَ,نَتَعْتِ,نَتَعْتُمَا,نَتَعْتُمْ,نَتَعْتُنَّ,نَتَعْتُ,نَتَعْنَا
نتع,نَتَعَ,فَعَلَ يَفْعِلُ ( فتحُ كَسْرٍ ),لازم, ,نَتَعَ,نَتَعَتْ,نَتَعَا,نَتَعَتَا,نَتَعُوا,نَتَعْنَ,نَتَعْتَ,نَتَعْتِ,نَتَعْتُمَا,نَتَعْتُمْ,نَتَعْتُنَّ,نَتَعْتُ,نَتَعْنَا
نتغ,نَتَغَ,فَعَلَ يَفْعُلُ ( فتحُ ضمٍّ ),مشترك , ,نَتَغَ,نَتَغَتْ,نَتَغَا,نَتَغَتَا,نَتَغُوا,نَتَغْنَ,نَتَغْتَ,نَتَغْتِ,نَتَغْتُمَا,نَتَغْتُمْ,نَتَغْتُنَّ,نَتَغْتُ,نَتَغْنَا
نتغ,نَتَغَ,فَعَلَ يَفْعِلُ ( فتحُ كَسْرٍ ),مشترك ,نَتْغ,نَتَغَ,نَتَغَتْ,نَتَغَا,نَتَغَتَا,نَتَغُوا,نَتَغْنَ,نَتَغْتَ,نَتَغْتِ,نَتَغْتُمَا,نَتَغْتُمْ,نَتَغْتُنَّ,نَتَغْتُ,نَتَغْنَا
نتف,نَتَفَ,فَعَلَ يَفْعِلُ ( فتحُ كَسْرٍ ),مشترك ,نَتْف,نَتَفَ,نَتَفَتْ,نَتَفَا,نَتَفَتَا,نَتَفُوا,نَتَفْنَ,نَتَفْتَ,نَتَفْتِ,نَتَفْتُمَا,نَتَفْتُمْ,نَتَفْتُنَّ,نَتَفْتُ,نَتَفْنَا
نتق,نَتَقَ,فَعَلَ يَفْعُلُ ( فتحُ ضمٍّ ),مشترك ,نَتْق,نَتَقَ,نَتَقَتْ,نَتَقَا,نَتَقَتَا,نَتَقُوا,نَتَقْنَ,نَتَقْتَ,نَتَقْتِ,نَتَقْتُمَا,نَتَقْتُمْ,نَتَقْتُنَّ,نَتَقْتُ,نَتَقْنَا
نتق,نَتَقَ,فَعَلَ يَفْعِلُ ( فتحُ كَسْرٍ ),مشترك ,نُتُوق,نَتَقَ,نَتَقَتْ,نَتَقَا,نَتَقَتَا,نَتَقُوا,نَتَقْنَ,نَتَقْتَ,نَتَقْتِ,نَتَقْتُمَا,نَتَقْتُمْ,نَتَقْتُنَّ,نَتَقْتُ,نَتَقْنَا
نتك,نَتَكَ,فَعَلَ يَفْعِلُ ( فتحُ كَسْرٍ ),مشترك ,نَتْك,نَتَكَ,نَتَكَتْ,نَتَكَا,نَتَكَتَا,نَتَكُوا,نَتَكْنَ,نَتَكْتَ,نَتَكْتِ,نَتَكْتُمَا,نَتَكْتُمْ,نَتَكْتُنَّ,نَتَكْتُ,نَتَكْنَا
نتل,نَتَلَ,فَعَلَ يَفْعُلُ ( فتحُ ضمٍّ ),مشترك ,نَتْل,نَتَلَ,نَتَلَتْ,نَتَلَا,نَتَلَتَا,نَتَلُوا,نَتَلْنَ,نَتَلْتَ,نَتَلْتِ,نَتَلْتُمَا,نَتَلْتُمْ,نَتَلْتُنَّ,نَتَلْتُ,نَتَلْنَا
نتل,نَتَلَ,فَعَلَ يَفْعِلُ ( فتحُ كَسْرٍ ),لازم,نُتُول,نَتَلَ,نَتَلَتْ,نَتَلَا,نَتَلَتَا,نَتَلُوا,نَتَلْنَ,نَتَلْتَ,نَتَلْتِ,نَتَلْتُمَا,نَتَلْتُمْ,نَتَلْتُنَّ,نَتَلْتُ,نَتَلْنَا
نتن,نَتَنَ,فَعَلَ يَفْعِلُ ( فتحُ كَسْرٍ ),لازم,نَتْن,نَتَنَ,نَتَنَتْ,نَتَنَا,نَتَنَتَا,نَتَنُوا,نَتَنْنَ,نَتَنْتَ,نَتَنْتِ,نَتَنْتُمَا,نَتَنْتُمْ,نَتَنْتُنَّ,نَتَنْتُ,نَتَنْنَا
نتن,نَتِنَ,فَعِلَ يَفْعَلُ ( كسر فتح ),لازم,نَتَن,نَتِنَ,نَتِنَتْ,نَتِنَا,نَتِنَتَا,نَتِنُوا,نَتِنْنَ,نَتِنْتَ,نَتِنْتِ,نَتِنْتُمَا,نَتِنْتُمْ,نَتِنْتُنَّ,نَتِنْتُ,نَتِنْنَا
نتن,نَتُنَ,فَعُلَ يَفْعُلُ ( ضمَ ضمٍَ ),لازم,نَتَانَة,نَتُنَ,نَتُنَتْ,نَتُنَا,نَتُنَتَا,نَتُنُوا,نَتُنْنَ,نَتُنْتَ,نَتُنْتِ,نَتُنْتُمَا,نَتُنْتُمْ,نَتُنْتُنَّ,نَتُنْتُ,نَتُنْنَا
نثج,نَثَجَ,فَعَلَ يَفْعِلُ ( فتحُ كَسْرٍ ),مشترك ,نَثْج,نَثَجَ,نَثَجَتْ,نَثَجَا,نَثَجَتَا,نَثَجُوا,نَثَجْنَ,نَثَجْتَ,نَثَجْتِ,نَثَجْتُمَا,نَثَجْتُمْ,نَثَجْتُنَّ,نَثَجْتُ,نَثَجْنَا
نثر,نَثَرَ,فَعَلَ يَفْعُلُ ( فتحُ ضمٍّ ),مشترك ,نَثْر,نَثَرَ,نَثَرَتْ,نَثَرَا,نَثَرَتَا,نَثَرُوا,نَثَرْنَ,نَثَرْتَ,نَثَرْتِ,نَثَرْتُمَا,نَثَرْتُمْ,نَثَرْتُنَّ,نَثَرْتُ,نَثَرْنَا
نثر,نَثَرَ,فَعَلَ يَفْعِلُ ( فتحُ كَسْرٍ ),مشترك ,نِثَار,نَثَرَ,نَثَرَتْ,نَثَرَا,نَثَرَتَا,نَثَرُوا,نَثَرْنَ,نَثَرْتَ,نَثَرْتِ,نَثَرْتُمَا,نَثَرْتُمْ,نَثَرْتُنَّ,نَثَرْتُ,نَثَرْنَا
نثط,نَثَطَ,فَعَلَ يَفْعُلُ ( فتحُ ضمٍّ ),مشترك ,نَثْط,نَثَطَ,نَثَطَتْ,نَثَطَا,نَثَطَتَا,نَثَطُوا,نَثَطْنَ,نَثَطْتَ,نَثَطْتِ,نَثَطْتُمَا,نَثَطْتُمْ,نَثَطْتُنَّ,نَثَطْتُ,نَثَطْنَا
نثل,نَثَلَ,فَعَلَ يَفْعُلُ ( فتحُ ضمٍّ ),لازم,نَثْل,نَثَلَ,نَثَلَتْ,نَثَلَا,نَثَلَتَا,نَثَلُوا,نَثَلْنَ,نَثَلْتَ,نَثَلْتِ,نَثَلْتُمَا,نَثَلْتُمْ,نَثَلْتُنَّ,نَثَلْتُ,نَثَلْنَا
نثل,نَثَلَ,فَعَلَ يَفْعِلُ ( فتحُ كَسْرٍ ),متعدي,نُثُول,نَثَلَ,نَثَلَتْ,نَثَلَا,نَثَلَتَا,نَثَلُوا,نَثَلْنَ,نَثَلْتَ,نَثَلْتِ,نَثَلْتُمَا,نَثَلْتُمْ,نَثَلْتُنَّ,نَثَلْتُ,نَثَلْنَا
نثم,نَثَمَ,فَعَلَ يَفْعِلُ ( فتحُ كَسْرٍ ),لازم,نَثْم,نَثَمَ,نَثَمَتْ,نَثَمَا,نَثَمَتَا,نَثَمُوا,نَثَمْنَ,نَثَمْتَ,نَثَمْتِ,نَثَمْتُمَا,نَثَمْتُمْ,نَثَمْتُنَّ,نَثَمْتُ,نَثَمْنَا
نجب,نَجَبَ,فَعَلَ يَفْعُلُ ( فتحُ ضمٍّ ),مشترك ,نَجْب,نَجَبَ,نَجَبَتْ,نَجَبَا,نَجَبَتَا,نَجَبُوا,نَجَبْنَ,نَجَبْتَ,نَجَبْتِ,نَجَبْتُمَا,نَجَبْتُمْ,نَجَبْتُنَّ,نَجَبْتُ,نَجَبْنَا
نجب,نَجَبَ,فَعَلَ يَفْعِلُ ( فتحُ كَسْرٍ ),متعدي,نُجُوب,نَجَبَ,نَجَبَتْ,نَجَبَا,نَجَبَتَا,نَجَبُوا,نَجَبْنَ,نَجَبْتَ,نَجَبْتِ,نَجَبْتُمَا,نَجَبْتُمْ,نَجَبْتُنَّ,نَجَبْتُ,نَجَبْنَا
نجب,نَجُبَ,فَعُلَ يَفْعُلُ ( ضمَ ضمٍَ ),لازم,نَجَابَة,نَجُبَ,نَجُبَتْ,نَجُبَا,نَجُبَتَا,نَجُبُوا,نَجُبْنَ,نَجُبْتَ,نَجُبْتِ,نَجُبْتُمَا,نَجُبْتُمْ,نَجُبْتُنَّ,نَجُبْتُ,نَجُبْنَا
نجث,نَجَثَ,فَعَلَ يَفْعُلُ ( فتحُ ضمٍّ ),مشترك ,نَجْث,نَجَثَ,نَجَثَتْ,نَجَثَا,نَجَثَتَا,نَجَثُوا,نَجَثْنَ,نَجَثْتَ,نَجَثْتِ,نَجَثْتُمَا,نَجَثْتُمْ,نَجَثْتُنَّ,نَجَثْتُ,نَجَثْنَا
نجح,نَجَحَ,فَعَلَ يَفْعَلُ ( فتحتان ),لازم,نَجَاح,نَجَحَ,نَجَحَتْ,نَجَحَا,نَجَحَتَا,نَجَحُوا,نَجَحْنَ,نَجَحْتَ,نَجَحْتِ,نَجَحْتُمَا,نَجَحْتُمْ,نَجَحْتُنَّ,نَجَحْتُ,نَجَحْنَا
نجخ,نَجَخَ,فَعَلَ يَفْعَلُ ( فتحتان ),مشترك ,نَجْخ,نَجَخَ,نَجَخَتْ,نَجَخَا,نَجَخَتَا,نَجَخُوا,نَجَخْنَ,نَجَخْتَ,نَجَخْتِ,نَجَخْتُمَا,نَجَخْتُمْ,نَجَخْتُنَّ,نَجَخْتُ,نَجَخْنَا
نجد,نَجَدَ,فَعَلَ يَفْعُلُ ( فتحُ ضمٍّ ),مشترك ,نَجْد,نَجَدَ,نَجَدَتْ,نَجَدَا,نَجَدَتَا,نَجَدُوا,نَجَدْنَ,نَجَدْتَ,نَجَدْتِ,نَجَدْتُمَا,نَجَدْتُمْ,نَجَدْتُنَّ,نَجَدْتُ,نَجَدْنَا
نجد,نَجَدَ,فَعَلَ يَفْعِلُ ( فتحُ كَسْرٍ ),مشترك ,نُجُود,نَجَدَ,نَجَدَتْ,نَجَدَا,نَجَدَتَا,نَجَدُوا,نَجَدْنَ,نَجَدْتَ,نَجَدْتِ,نَجَدْتُمَا,نَجَدْتُمْ,نَجَدْتُنَّ,نَجَدْتُ,نَجَدْنَا
نجد,نَجِدَ,فَعِلَ يَفْعَلُ ( كسر فتح ),لازم,نَجَد,نَجِدَ,نَجِدَتْ,نَجِدَا,نَجِدَتَا,نَجِدُوا,نَجِدْنَ,نَجِدْتَ,نَجِدْتِ,نَجِدْتُمَا,نَجِدْتُمْ,نَجِدْتُنَّ,نَجِدْتُ,نَجِدْنَا
نجد,نَجُدَ,فَعُلَ يَفْعُلُ ( ضمَ ضمٍَ ),لازم,نَجَادَة,نَجُدَ,نَجُدَتْ,نَجُدَا,نَجُدَتَا,نَجُدُوا,نَجُدْنَ,نَجُدْتَ,نَجُدْتِ,نَجُدْتُمَا,نَجُدْتُمْ,نَجُدْتُنَّ,نَجُدْتُ,نَجُدْنَا
نجذ,نَجَذَ,فَعَلَ يَفْعُلُ ( فتحُ ضمٍّ ),متعدي,نَجْذ,نَجَذَ,نَجَذَتْ,نَجَذَا,نَجَذَتَا,نَجَذُوا,نَجَذْنَ,نَجَذْتَ,نَجَذْتِ,نَجَذْتُمَا,نَجَذْتُمْ,نَجَذْتُنَّ,نَجَذْتُ,نَجَذْنَا
نجر,نَجَرَ,فَعَلَ يَفْعُلُ ( فتحُ ضمٍّ ),مشترك ,نَجْر,نَجَرَ,نَجَرَتْ,نَجَرَا,نَجَرَتَا,نَجَرُوا,نَجَرْنَ,نَجَرْتَ,نَجَرْتِ,نَجَرْتُمَا,نَجَرْتُمْ,نَجَرْتُنَّ,نَجَرْتُ,نَجَرْنَا
نجر,نَجِرَ,فَعِلَ يَفْعَلُ ( كسر فتح ),لازم,نَجَر,نَجِرَ,نَجِرَتْ,نَجِرَا,نَجِرَتَا,نَجِرُوا,نَجِرْنَ,نَجِرْتَ,نَجِرْتِ,نَجِرْتُمَا,نَجِرْتُمْ,نَجِرْتُنَّ,نَجِرْتُ,نَجِرْنَا
نجز,نَجَزَ,فَعَلَ يَفْعُلُ ( فتحُ ضمٍّ ),مشترك ,نَجْز,نَجَزَ,نَجَزَتْ,نَجَزَا,نَجَزَتَا,نَجَزُوا,نَجَزْنَ,نَجَزْتَ,نَجَزْتِ,نَجَزْتُمَا,نَجَزْتُمْ,نَجَزْتُنَّ,نَجَزْتُ,نَجَزْنَا
نجز,نَجِزَ,فَعِلَ يَفْعَلُ ( كسر فتح ),لازم,نَجَز,نَجِزَ,نَجِزَتْ,نَجِزَا,نَجِزَتَا,نَجِزُوا,نَجِزْنَ,نَجِزْتَ,نَجِزْتِ,نَجِزْتُمَا,نَجِزْتُمْ,نَجِزْتُنَّ,نَجِزْتُ,نَجِزْنَا
نجس,نَجِسَ,فَعِلَ يَفْعَلُ ( كسر فتح ),لازم,نَجَس,نَجِسَ,نَجِسَتْ,نَجِسَا,نَجِسَتَا,نَجِسُوا,نَجِسْنَ,نَجِسْتَ,نَجِسْتِ,نَجِسْتُمَا,نَجِسْتُمْ,نَجِسْتُنَّ,نَجِسْتُ,نَجِسْنَا
نجس,نَجُسَ,فَعُلَ يَفْعُلُ ( ضمَ ضمٍَ ),لازم,نَجَاسة,نَجُسَ,نَجُسَتْ,نَجُسَا,نَجُسَتَا,نَجُسُوا,نَجُسْنَ,نَجُسْتَ,نَجُسْتِ,نَجُسْتُمَا,نَجُسْتُمْ,نَجُسْتُنَّ,نَجُسْتُ,نَجُسْنَا
نجش,نَجَشَ,فَعَلَ يَفْعُلُ ( فتحُ ضمٍّ ),مشترك ,نَجْش,نَجَشَ,نَجَشَتْ,نَجَشَا,نَجَشَتَا,نَجَشُوا,نَجَشْنَ,نَجَشْتَ,نَجَشْتِ,نَجَشْتُمَا,نَجَشْتُمْ,نَجَشْتُنَّ,نَجَشْتُ,نَجَشْنَا
نجع,نَجَعَ,فَعَلَ يَفْعِلُ ( فتحُ كَسْرٍ ),مشترك ,نَجْع,نَجَعَ,نَجَعَتْ,نَجَعَا,نَجَعَتَا,نَجَعُوا,نَجَعْنَ,نَجَعْتَ,نَجَعْتِ,نَجَعْتُمَا,نَجَعْتُمْ,نَجَعْتُنَّ,نَجَعْتُ,نَجَعْنَا
نجع,نَجَعَ,فَعَلَ يَفْعَلُ ( فتحتان ),مشترك ,نُجُوع,نَجَعَ,نَجَعَتْ,نَجَعَا,نَجَعَتَا,نَجَعُوا,نَجَعْنَ,نَجَعْتَ,نَجَعْتِ,نَجَعْتُمَا,نَجَعْتُمْ,نَجَعْتُنَّ,نَجَعْتُ,نَجَعْنَا
نجع,نَجِعَ,فَعِلَ يَفْعَلُ ( كسر فتح ),لازم,نَجَع,نَجِعَ,نَجِعَتْ,نَجِعَا,نَجِعَتَا,نَجِعُوا,نَجِعْنَ,نَجِعْتَ,نَجِعْتِ,نَجِعْتُمَا,نَجِعْتُمْ,نَجِعْتُنَّ,نَجِعْتُ,نَجِعْنَا
نجف,نَجَفَ,فَعَلَ يَفْعُلُ ( فتحُ ضمٍّ ),متعدي,نَجْف,نَجَفَ,نَجَفَتْ,نَجَفَا,نَجَفَتَا,نَجَفُوا,نَجَفْنَ,نَجَفْتَ,نَجَفْتِ,نَجَفْتُمَا,نَجَفْتُمْ,نَجَفْتُنَّ,نَجَفْتُ,نَجَفْنَا
نجل,نَجَلَ,فَعَلَ يَفْعُلُ ( فتحُ ضمٍّ ),مشترك ,نَجْل,نَجَلَ,نَجَلَتْ,نَجَلَا,نَجَلَتَا,نَجَلُوا,نَجَلْنَ,نَجَلْتَ,نَجَلْتِ,نَجَلْتُمَا,نَجَلْتُمْ,نَجَلْتُنَّ,نَجَلْتُ,نَجَلْنَا
نجل,نَجِلَ,فَعِلَ يَفْعَلُ ( كسر فتح ),لازم,نَجَل,نَجِلَ,نَجِلَتْ,نَجِلَا,نَجِلَتَا,نَجِلُوا,نَجِلْنَ,نَجِلْتَ,نَجِلْتِ,نَجِلْتُمَا,نَجِلْتُمْ,نَجِلْتُنَّ,نَجِلْتُ,نَجِلْنَا
نجم,نَجَمَ,فَعَلَ يَفْعُلُ ( فتحُ ضمٍّ ),مشترك ,نُجُوم,نَجَمَ,نَجَمَتْ,نَجَمَا,نَجَمَتَا,نَجَمُوا,نَجَمْنَ,نَجَمْتَ,نَجَمْتِ,نَجَمْتُمَا,نَجَمْتُمْ,نَجَمْتُنَّ,نَجَمْتُ,نَجَمْنَا
نجه,نَجَهَ,فَعَلَ يَفْعَلُ ( فتحتان ),مشترك ,نَجْه,نَجَهَ,نَجَهَتْ,نَجَهَا,نَجَهَتَا,نَجَهُوا,نَجَهْنَ,نَجَهْتَ,نَجَهْتِ,نَجَهْتُمَا,نَجَهْتُمْ,نَجَهْتُنَّ,نَجَهْتُ,نَجَهْنَا
خزع,خَزَعَ,فَعَلَ يَفْعَلُ ( فتحتان ),مشترك ,خَزْع,خَزَعَ,خَزَعَتْ,خَزَعَا,خَزَعَتَا,خَزَعُوا,خَزَعْنَ,خَزَعْتَ,خَزَعْتِ,خَزَعْتُمَا,خَزَعْتُمْ,خَزَعْتُنَّ,خَزَعْتُ,خَزَعْنَا
نحب,نَحَبَ,فَعَلَ يَفْعُلُ ( فتحُ ضمٍّ ),لازم,نَحْب,نَحَبَ,نَحَبَتْ,نَحَبَا,نَحَبَتَا,نَحَبُوا,نَحَبْنَ,نَحَبْتَ,نَحَبْتِ,نَحَبْتُمَا,نَحَبْتُمْ,نَحَبْتُنَّ,نَحَبْتُ,نَحَبْنَا
نحب,نَحَبَ,فَعَلَ يَفْعِلُ ( فتحُ كَسْرٍ ),لازم,نَحِيب,نَحَبَ,نَحَبَتْ,نَحَبَا,نَحَبَتَا,نَحَبُوا,نَحَبْنَ,نَحَبْتَ,نَحَبْتِ,نَحَبْتُمَا,نَحَبْتُمْ,نَحَبْتُنَّ,نَحَبْتُ,نَحَبْنَا
نحب,نَحَبَ,فَعَلَ يَفْعَلُ ( فتحتان ),لازم,نُحَاب,نَحَبَ,نَحَبَتْ,نَحَبَا,نَحَبَتَا,نَحَبُوا,نَحَبْنَ,نَحَبْتَ,نَحَبْتِ,نَحَبْتُمَا,نَحَبْتُمْ,نَحَبْتُنَّ,نَحَبْتُ,نَحَبْنَا
نحت,نَحَتَ,فَعَلَ يَفْعُلُ ( فتحُ ضمٍّ ),مشترك ,نَحْت,نَحَتَ,نَحَتَتْ,نَحَتَا,نَحَتَتَا,نَحَتُوا,نَحَتْنَ,نَحَتْتَ,نَحَتْتِ,نَحَتْتُمَا,نَحَتْتُمْ,نَحَتْتُنَّ,نَحَتْتُ,نَحَتْنَا
نحت,نَحَتَ,فَعَلَ يَفْعِلُ ( فتحُ كَسْرٍ ),مشترك ,نَحْت,نَحَتَ,نَحَتَتْ,نَحَتَا,نَحَتَتَا,نَحَتُوا,نَحَتْنَ,نَحَتْتَ,نَحَتْتِ,نَحَتْتُمَا,نَحَتْتُمْ,نَحَتْتُنَّ,نَحَتْتُ,نَحَتْنَا
نحت,نَحَتَ,فَعَلَ يَفْعَلُ ( فتحتان ),مشترك ,نَحْت,نَحَتَ,نَحَتَتْ,نَحَتَا,نَحَتَتَا,نَحَتُوا,نَحَتْنَ,نَحَتْتَ,نَحَتْتِ,نَحَتْتُمَا,نَحَتْتُمْ,نَحَتْتُنَّ,نَحَتْتُ,نَحَتْنَا
نحت,نَحِتَ,فَعِلَ يَفْعَلُ ( كسر فتح ),مشترك ,نَحَت,نَحِتَ,نَحِتَتْ,نَحِتَا,نَحِتَتَا,نَحِتُوا,نَحِتْنَ,نَحِتْتَ,نَحِتْتِ,نَحِتْتُمَا,نَحِتْتُمْ,نَحِتْتُنَّ,نَحِتْتُ,نَحِتْنَا
نحر,نَحَرَ,فَعَلَ يَفْعَلُ ( فتحتان ),مشترك ,نَحْر,نَحَرَ,نَحَرَتْ,نَحَرَا,نَحَرَتَا,نَحَرُوا,نَحَرْنَ,نَحَرْتَ,نَحَرْتِ,نَحَرْتُمَا,نَحَرْتُمْ,نَحَرْتُنَّ,نَحَرْتُ,نَحَرْنَا
نحز,نَحَزَ,فَعَلَ يَفْعَلُ ( فتحتان ),مشترك ,نَحْز,نَحَزَ,نَحَزَتْ,نَحَزَا,نَحَزَتَا,نَحَزُوا,نَحَزْنَ,نَحَزْتَ,نَحَزْتِ,نَحَزْتُمَا,نَحَزْتُمْ,نَحَزْتُنَّ,نَحَزْتُ,نَحَزْنَا
نحز,نَحِزَ,فَعِلَ يَفْعَلُ ( كسر فتح ),لازم,نَحَز,نَحِزَ,نَحِزَتْ,نَحِزَا,نَحِزَتَا,نَحِزُوا,نَحِزْنَ,نَحِزْتَ,نَحِزْتِ,نَحِزْتُمَا,نَحِزْتُمْ,نَحِزْتُنَّ,نَحِزْتُ,نَحِزْنَا
نحز,نَحُزَ,فَعُلَ يَفْعُلُ ( ضمَ ضمٍَ ),لازم,نَحَازَة,نَحُزَ,نَحُزَتْ,نَحُزَا,نَحُزَتَا,نَحُزُوا,نَحُزْنَ,نَحُزْتَ,نَحُزْتِ,نَحُزْتُمَا,نَحُزْتُمْ,نَحُزْتُنَّ,نَحُزْتُ,نَحُزْنَا
نحس,نَحَسَ,فَعَلَ يَفْعَلُ ( فتحتان ),متعدي,نَحْس,نَحَسَ,نَحَسَتْ,نَحَسَا,نَحَسَتَا,نَحَسُوا,نَحَسْنَ,نَحَسْتَ,نَحَسْتِ,نَحَسْتُمَا,نَحَسْتُمْ,نَحَسْتُنَّ,نَحَسْتُ,نَحَسْنَا
نحس,نَحِسَ,فَعِلَ يَفْعَلُ ( كسر فتح ),لازم,نَحَس,نَحِسَ,نَحِسَتْ,نَحِسَا,نَحِسَتَا,نَحِسُوا,نَحِسْنَ,نَحِسْتَ,نَحِسْتِ,نَحِسْتُمَا,نَحِسْتُمْ,نَحِسْتُنَّ,نَحِسْتُ,نَحِسْنَا
نحس,نَحُسَ,فَعُلَ يَفْعُلُ ( ضمَ ضمٍَ ),لازم,نُحُوسَة,نَحُسَ,نَحُسَتْ,نَحُسَا,نَحُسَتَا,نَحُسُوا,نَحُسْنَ,نَحُسْتَ,نَحُسْتِ,نَحُسْتُمَا,نَحُسْتُمْ,نَحُسْتُنَّ,نَحُسْتُ,نَحُسْنَا
نحص,نَحَصَ,فَعَلَ يَفْعَلُ ( فتحتان ),لازم,نَحْص,نَحَصَ,نَحَصَتْ,نَحَصَا,نَحَصَتَا,نَحَصُوا,نَحَصْنَ,نَحَصْتَ,نَحَصْتِ,نَحَصْتُمَا,نَحَصْتُمْ,نَحَصْتُنَّ,نَحَصْتُ,نَحَصْنَا
نحض,نَحَضَ,فَعَلَ يَفْعِلُ ( فتحُ كَسْرٍ ),مشترك ,نَحْض,نَحَضَ,نَحَضَتْ,نَحَضَا,نَحَضَتَا,نَحَضُوا,نَحَضْنَ,نَحَضْتَ,نَحَضْتِ,نَحَضْتُمَا,نَحَضْتُمْ,نَحَضْتُنَّ,نَحَضْتُ,نَحَضْنَا
نحض,نَحَضَ,فَعَلَ يَفْعَلُ ( فتحتان ),مشترك ,نُحُوض,نَحَضَ,نَحَضَتْ,نَحَضَا,نَحَضَتَا,نَحَضُوا,نَحَضْنَ,نَحَضْتَ,نَحَضْتِ,نَحَضْتُمَا,نَحَضْتُمْ,نَحَضْتُنَّ,نَحَضْتُ,نَحَضْنَا
نحض,نَحُضَ,فَعُلَ يَفْعُلُ ( ضمَ ضمٍَ ),لازم,نَحَاضَة,نَحُضَ,نَحُضَتْ,نَحُضَا,نَحُضَتَا,نَحُضُوا,نَحُضْنَ,نَحُضْتَ,نَحُضْتِ,نَحُضْتُمَا,نَحُضْتُمْ,نَحُضْتُنَّ,نَحُضْتُ,نَحُضْنَا
نحط,نَحَطَ,فَعَلَ يَفْعِلُ ( فتحُ كَسْرٍ ),مشترك ,نَحْط,نَحَطَ,نَحَطَتْ,نَحَطَا,نَحَطَتَا,نَحَطُوا,نَحَطْنَ,نَحَطْتَ,نَحَطْتِ,نَحَطْتُمَا,نَحَطْتُمْ,نَحَطْتُنَّ,نَحَطْتُ,نَحَطْنَا
نحف,نَحِفَ,فَعِلَ يَفْعَلُ ( كسر فتح ),لازم,نَحَف,نَحِفَ,نَحِفَتْ,نَحِفَا,نَحِفَتَا,نَحِفُوا,نَحِفْنَ,نَحِفْتَ,نَحِفْتِ,نَحِفْتُمَا,نَحِفْتُمْ,نَحِفْتُنَّ,نَحِفْتُ,نَحِفْنَا
نحف,نَحُفَ,فَعُلَ يَفْعُلُ ( ضمَ ضمٍَ ),لازم,نَحَافَة,نَحُفَ,نَحُفَتْ,نَحُفَا,نَحُفَتَا,نَحُفُوا,نَحُفْنَ,نَحُفْتَ,نَحُفْتِ,نَحُفْتُمَا,نَحُفْتُمْ,نَحُفْتُنَّ,نَحُفْتُ,نَحُفْنَا
نحل,نَحَلَ,فَعَلَ يَفْعُلُ ( فتحُ ضمٍّ ),مشترك ,نَحْل,نَحَلَ,نَحَلَتْ,نَحَلَا,نَحَلَتَا,نَحَلُوا,نَحَلْنَ,نَحَلْتَ,نَحَلْتِ,نَحَلْتُمَا,نَحَلْتُمْ,نَحَلْتُنَّ,نَحَلْتُ,نَحَلْنَا
نحل,نَحَلَ,فَعَلَ يَفْعَلُ ( فتحتان ),مشترك ,نُحُول,نَحَلَ,نَحَلَتْ,نَحَلَا,نَحَلَتَا,نَحَلُوا,نَحَلْنَ,نَحَلْتَ,نَحَلْتِ,نَحَلْتُمَا,نَحَلْتُمْ,نَحَلْتُنَّ,نَحَلْتُ,نَحَلْنَا
نحل,نَحِلَ,فَعِلَ يَفْعَلُ ( كسر فتح ),مشترك ,نَحَل,نَحِلَ,نَحِلَتْ,نَحِلَا,نَحِلَتَا,نَحِلُوا,نَحِلْنَ,نَحِلْتَ,نَحِلْتِ,نَحِلْتُمَا,نَحِلْتُمْ,نَحِلْتُنَّ,نَحِلْتُ,نَحِلْنَا
نحل,نَحُلَ,فَعُلَ يَفْعُلُ ( ضمَ ضمٍَ ),لازم,نُحُولَة,نَحُلَ,نَحُلَتْ,نَحُلَا,نَحُلَتَا,نَحُلُوا,نَحُلْنَ,نَحُلْتَ,نَحُلْتِ,نَحُلْتُمَا,نَحُلْتُمْ,نَحُلْتُنَّ,نَحُلْتُ,نَحُلْنَا
نحم,نَحَمَ,فَعَلَ يَفْعِلُ ( فتحُ كَسْرٍ ),لازم,نَحْم,نَحَمَ,نَحَمَتْ,نَحَمَا,نَحَمَتَا,نَحَمُوا,نَحَمْنَ,نَحَمْتَ,نَحَمْتِ,نَحَمْتُمَا,نَحَمْتُمْ,نَحَمْتُنَّ,نَحَمْتُ,نَحَمْنَا
نحم,نَحَمَ,فَعَلَ يَفْعَلُ ( فتحتان ),لازم,نَحِيم,نَحَمَ,نَحَمَتْ,نَحَمَا,نَحَمَتَا,نَحَمُوا,نَحَمْنَ,نَحَمْتَ,نَحَمْتِ,نَحَمْتُمَا,نَحَمْتُمْ,نَحَمْتُنَّ,نَحَمْتُ,نَحَمْنَا
خزف,خَزَفَ,فَعَلَ يَفْعِلُ ( فتحُ كَسْرٍ ),مشترك ,خَزْف,خَزَفَ,خَزَفَتْ,خَزَفَا,خَزَفَتَا,خَزَفُوا,خَزَفْنَ,خَزَفْتَ,خَزَفْتِ,خَزَفْتُمَا,خَزَفْتُمْ,خَزَفْتُنَّ,خَزَفْتُ,خَزَفْنَا
نخب,نَخَبَ,فَعَلَ يَفْعُلُ ( فتحُ ضمٍّ ),مشترك ,نَخْب,نَخَبَ,نَخَبَتْ,نَخَبَا,نَخَبَتَا,نَخَبُوا,نَخَبْنَ,نَخَبْتَ,نَخَبْتِ,نَخَبْتُمَا,نَخَبْتُمْ,نَخَبْتُنَّ,نَخَبْتُ,نَخَبْنَا
نخب,نَخَبَ,فَعَلَ يَفْعَلُ ( فتحتان ),متعدي,نُخُوب,نَخَبَ,نَخَبَتْ,نَخَبَا,نَخَبَتَا,نَخَبُوا,نَخَبْنَ,نَخَبْتَ,نَخَبْتِ,نَخَبْتُمَا,نَخَبْتُمْ,نَخَبْتُنَّ,نَخَبْتُ,نَخَبْنَا
نخب,نَخِبَ,فَعِلَ يَفْعَلُ ( كسر فتح ),لازم,نَخَب,نَخِبَ,نَخِبَتْ,نَخِبَا,نَخِبَتَا,نَخِبُوا,نَخِبْنَ,نَخِبْتَ,نَخِبْتِ,نَخِبْتُمَا,نَخِبْتُمْ,نَخِبْتُنَّ,نَخِبْتُ,نَخِبْنَا
نخج,نَخَجَ,فَعَلَ يَفْعَلُ ( فتحتان ),متعدي,نَخْج,نَخَجَ,نَخَجَتْ,نَخَجَا,نَخَجَتَا,نَخَجُوا,نَخَجْنَ,نَخَجْتَ,نَخَجْتِ,نَخَجْتُمَا,نَخَجْتُمْ,نَخَجْتُنَّ,نَخَجْتُ,نَخَجْنَا
نخر,نَخَرَ,فَعَلَ يَفْعُلُ ( فتحُ ضمٍّ ),لازم,نَخْر,نَخَرَ,نَخَرَتْ,نَخَرَا,نَخَرَتَا,نَخَرُوا,نَخَرْنَ,نَخَرْتَ,نَخَرْتِ,نَخَرْتُمَا,نَخَرْتُمْ,نَخَرْتُنَّ,نَخَرْتُ,نَخَرْنَا
نخر,نَخَرَ,فَعَلَ يَفْعِلُ ( فتحُ كَسْرٍ ),مشترك ,نُخُور,نَخَرَ,نَخَرَتْ,نَخَرَا,نَخَرَتَا,نَخَرُوا,نَخَرْنَ,نَخَرْتَ,نَخَرْتِ,نَخَرْتُمَا,نَخَرْتُمْ,نَخَرْتُنَّ,نَخَرْتُ,نَخَرْنَا
نخر,نَخَرَ,فَعَلَ يَفْعَلُ ( فتحتان ),متعدي,نَخِير,نَخَرَ,نَخَرَتْ,نَخَرَا,نَخَرَتَا,نَخَرُوا,نَخَرْنَ,نَخَرْتَ,نَخَرْتِ,نَخَرْتُمَا,نَخَرْتُمْ,نَخَرْتُنَّ,نَخَرْتُ,نَخَرْنَا
نخر,نَخِرَ,فَعِلَ يَفْعَلُ ( كسر فتح ),لازم,نَخَر,نَخِرَ,نَخِرَتْ,نَخِرَا,نَخِرَتَا,نَخِرُوا,نَخِرْنَ,نَخِرْتَ,نَخِرْتِ,نَخِرْتُمَا,نَخِرْتُمْ,نَخِرْتُنَّ,نَخِرْتُ,نَخِرْنَا
نخز,نَخَزَ,فَعَلَ يَفْعَلُ ( فتحتان ),متعدي,نَخْز,نَخَزَ,نَخَزَتْ,نَخَزَا,نَخَزَتَا,نَخَزُوا,نَخَزْنَ,نَخَزْتَ,نَخَزْتِ,نَخَزْتُمَا,نَخَزْتُمْ,نَخَزْتُنَّ,نَخَزْتُ,نَخَزْنَا
نخس,نَخَسَ,فَعَلَ يَفْعُلُ ( فتحُ ضمٍّ ),مشترك ,نَخْس,نَخَسَ,نَخَسَتْ,نَخَسَا,نَخَسَتَا,نَخَسُوا,نَخَسْنَ,نَخَسْتَ,نَخَسْتِ,نَخَسْتُمَا,نَخَسْتُمْ,نَخَسْتُنَّ,نَخَسْتُ,نَخَسْنَا
نخس,نَخَسَ,فَعَلَ يَفْعَلُ ( فتحتان ),متعدي,نُخُوس,نَخَسَ,نَخَسَتْ,نَخَسَا,نَخَسَتَا,نَخَسُوا,نَخَسْنَ,نَخَسْتَ,نَخَسْتِ,نَخَسْتُمَا,نَخَسْتُمْ,نَخَسْتُنَّ,نَخَسْتُ,نَخَسْنَا
نخش,نَخَشَ,فَعَلَ يَفْعُلُ ( فتحُ ضمٍّ ),متعدي,نَخْش,نَخَشَ,نَخَشَتْ,نَخَشَا,نَخَشَتَا,نَخَشُوا,نَخَشْنَ,نَخَشْتَ,نَخَشْتِ,نَخَشْتُمَا,نَخَشْتُمْ,نَخَشْتُنَّ,نَخَشْتُ,نَخَشْنَا
نخش,نَخَشَ,فَعَلَ يَفْعَلُ ( فتحتان ),لازم,نَخَش,نَخَشَ,نَخَشَتْ,نَخَشَا,نَخَشَتَا,نَخَشُوا,نَخَشْنَ,نَخَشْتَ,نَخَشْتِ,نَخَشْتُمَا,نَخَشْتُمْ,نَخَشْتُنَّ,نَخَشْتُ,نَخَشْنَا
نخش,نَخِشَ,فَعِلَ يَفْعَلُ ( كسر فتح ),لازم,نَخْص,نَخِشَ,نَخِشَتْ,نَخِشَا,نَخِشَتَا,نَخِشُوا,نَخِشْنَ,نَخِشْتَ,نَخِشْتِ,نَخِشْتُمَا,نَخِشْتُمْ,نَخِشْتُنَّ,نَخِشْتُ,نَخِشْنَا
نخص,نَخَصَ,فَعَلَ يَفْعُلُ ( فتحُ ضمٍّ ),مشترك ,نُخُوص,نَخَصَ,نَخَصَتْ,نَخَصَا,نَخَصَتَا,نَخَصُوا,نَخَصْنَ,نَخَصْتَ,نَخَصْتِ,نَخَصْتُمَا,نَخَصْتُمْ,نَخَصْتُنَّ,نَخَصْتُ,نَخَصْنَا
نخص,نَخَصَ,فَعَلَ يَفْعَلُ ( فتحتان ),لازم,نَخَص,نَخَصَ,نَخَصَتْ,نَخَصَا,نَخَصَتَا,نَخَصُوا,نَخَصْنَ,نَخَصْتَ,نَخَصْتِ,نَخَصْتُمَا,نَخَصْتُمْ,نَخَصْتُنَّ,نَخَصْتُ,نَخَصْنَا
نخص,نَخِصَ,فَعِلَ يَفْعَلُ ( كسر فتح ),لازم,نَخْط,نَخِصَ,نَخِصَتْ,نَخِصَا,نَخِصَتَا,نَخِصُوا,نَخِصْنَ,نَخِصْتَ,نَخِصْتِ,نَخِصْتُمَا,نَخِصْتُمْ,نَخِصْتُنَّ,نَخِصْتُ,نَخِصْنَا
نخط,نَخَطَ,فَعَلَ يَفْعُلُ ( فتحُ ضمٍّ ),لازم,نَخْع,نَخَطَ,نَخَطَتْ,نَخَطَا,نَخَطَتَا,نَخَطُوا,نَخَطْنَ,نَخَطْتَ,نَخَطْتِ,نَخَطْتُمَا,نَخَطْتُمْ,نَخَطْتُنَّ,نَخَطْتُ,نَخَطْنَا
نخع,نَخَعَ,فَعَلَ يَفْعَلُ ( فتحتان ),مشترك ,نَخَع,نَخَعَ,نَخَعَتْ,نَخَعَا,نَخَعَتَا,نَخَعُوا,نَخَعْنَ,نَخَعْتَ,نَخَعْتِ,نَخَعْتُمَا,نَخَعْتُمْ,نَخَعْتُنَّ,نَخَعْتُ,نَخَعْنَا
نخع,نَخِعَ,فَعِلَ يَفْعَلُ ( كسر فتح ),لازم,نَخْف,نَخِعَ,نَخِعَتْ,نَخِعَا,نَخِعَتَا,نَخِعُوا,نَخِعْنَ,نَخِعْتَ,نَخِعْتِ,نَخِعْتُمَا,نَخِعْتُمْ,نَخِعْتُنَّ,نَخِعْتُ,نَخِعْنَا
نخف,نَخَفَ,فَعَلَ يَفْعُلُ ( فتحُ ضمٍّ ),لازم,نُخَاف,نَخَفَ,نَخَفَتْ,نَخَفَا,نَخَفَتَا,نَخَفُوا,نَخَفْنَ,نَخَفْتَ,نَخَفْتِ,نَخَفْتُمَا,نَخَفْتُمْ,نَخَفْتُنَّ,نَخَفْتُ,نَخَفْنَا
نخف,نَخَفَ,فَعَلَ يَفْعَلُ ( فتحتان ),لازم,نَخْل,نَخَفَ,نَخَفَتْ,نَخَفَا,نَخَفَتَا,نَخَفُوا,نَخَفْنَ,نَخَفْتَ,نَخَفْتِ,نَخَفْتُمَا,نَخَفْتُمْ,نَخَفْتُنَّ,نَخَفْتُ,نَخَفْنَا
نخل,نَخَلَ,فَعَلَ يَفْعُلُ ( فتحُ ضمٍّ ),متعدي,نَخْم,نَخَلَ,نَخَلَتْ,نَخَلَا,نَخَلَتَا,نَخَلُوا,نَخَلْنَ,نَخَلْتَ,نَخَلْتِ,نَخَلْتُمَا,نَخَلْتُمْ,نَخَلْتُنَّ,نَخَلْتُ,نَخَلْنَا
نخم,نَخَمَ,فَعَلَ يَفْعُلُ ( فتحُ ضمٍّ ),لازم,نَخَم,نَخَمَ,نَخَمَتْ,نَخَمَا,نَخَمَتَا,نَخَمُوا,نَخَمْنَ,نَخَمْتَ,نَخَمْتِ,نَخَمْتُمَا,نَخَمْتُمْ,نَخَمْتُنَّ,نَخَمْتُ,نَخَمْنَا
نخم,نَخِمَ,فَعِلَ يَفْعَلُ ( كسر فتح ),لازم,خَزْق,نَخِمَ,نَخِمَتْ,نَخِمَا,نَخِمَتَا,نَخِمُوا,نَخِمْنَ,نَخِمْتَ,نَخِمْتِ,نَخِمْتُمَا,نَخِمْتُمْ,نَخِمْتُنَّ,نَخِمْتُ,نَخِمْنَا
خزق,خَزَقَ,فَعَلَ يَفْعِلُ ( فتحُ كَسْرٍ ),مشترك ,نَخْو,خَزَقَ,خَزَقَتْ,خَزَقَا,خَزَقَتَا,خَزَقُوا,خَزَقْنَ,خَزَقْتَ,خَزَقْتِ,خَزَقْتُمَا,خَزَقْتُمْ,خَزَقْتُنَّ,خَزَقْتُ,خَزَقْنَا
ندب,نَدَبَ,فَعَلَ يَفْعُلُ ( فتحُ ضمٍّ ),متعدي,نَدَب,نَدَبَ,نَدَبَتْ,نَدَبَا,نَدَبَتَا,نَدَبُوا,نَدَبْنَ,نَدَبْتَ,نَدَبْتِ,نَدَبْتُمَا,نَدَبْتُمْ,نَدَبْتُنَّ,نَدَبْتُ,نَدَبْنَا
ندب,نَدِبَ,فَعِلَ يَفْعَلُ ( كسر فتح ),لازم,نَدَابَة,نَدِبَ,نَدِبَتْ,نَدِبَا,نَدِبَتَا,نَدِبُوا,نَدِبْنَ,نَدِبْتَ,نَدِبْتِ,نَدِبْتُمَا,نَدِبْتُمْ,نَدِبْتُنَّ,نَدِبْتُ,نَدِبْنَا
ندب,نَدُبَ,فَعُلَ يَفْعُلُ ( ضمَ ضمٍَ ),لازم,نَدْح,نَدُبَ,نَدُبَتْ,نَدُبَا,نَدُبَتَا,نَدُبُوا,نَدُبْنَ,نَدُبْتَ,نَدُبْتِ,نَدُبْتُمَا,نَدُبْتُمْ,نَدُبْتُنَّ,نَدُبْتُ,نَدُبْنَا
ندح,نَدَحَ,فَعَلَ يَفْعَلُ ( فتحتان ),مشترك ,نَدْخ,نَدَحَ,نَدَحَتْ,نَدَحَا,نَدَحَتَا,نَدَحُوا,نَدَحْنَ,نَدَحْتَ,نَدَحْتِ,نَدَحْتُمَا,نَدَحْتُمْ,نَدَحْتُنَّ,نَدَحْتُ,نَدَحْنَا
ندخ,نَدَخَ,فَعَلَ يَفْعَلُ ( فتحتان ),متعدي,نَدّ,نَدَخَ,نَدَخَتْ,نَدَخَا,نَدَخَتَا,نَدَخُوا,نَدَخْنَ,نَدَخْتَ,نَدَخْتِ,نَدَخْتُمَا,نَدَخْتُمْ,نَدَخْتُنَّ,نَدَخْتُ,نَدَخْنَا
ندر,نَدَرَ,فَعَلَ يَفْعُلُ ( فتحُ ضمٍّ ),مشترك ,نَدَارَة,نَدَرَ,نَدَرَتْ,نَدَرَا,نَدَرَتَا,نَدَرُوا,نَدَرْنَ,نَدَرْتَ,نَدَرْتِ,نَدَرْتُمَا,نَدَرْتُمْ,نَدَرْتُنَّ,نَدَرْتُ,نَدَرْنَا
ندر,نَدُرَ,فَعُلَ يَفْعُلُ ( ضمَ ضمٍَ ),لازم,نَدْس,نَدُرَ,نَدُرَتْ,نَدُرَا,نَدُرَتَا,نَدُرُوا,نَدُرْنَ,نَدُرْتَ,نَدُرْتِ,نَدُرْتُمَا,نَدُرْتُمْ,نَدُرْتُنَّ,نَدُرْتُ,نَدُرْنَا
ندس,نَدَسَ,فَعَلَ يَفْعُلُ ( فتحُ ضمٍّ ),متعدي,نَدَس,نَدَسَ,نَدَسَتْ,نَدَسَا,نَدَسَتَا,نَدَسُوا,نَدَسْنَ,نَدَسْتَ,نَدَسْتِ,نَدَسْتُمَا,نَدَسْتُمْ,نَدَسْتُنَّ,نَدَسْتُ,نَدَسْنَا
ندس,نَدِسَ,فَعِلَ يَفْعَلُ ( كسر فتح ),لازم,نَدْش,نَدِسَ,نَدِسَتْ,نَدِسَا,نَدِسَتَا,نَدِسُوا,نَدِسْنَ,نَدِسْتَ,نَدِسْتِ,نَدِسْتُمَا,نَدِسْتُمْ,نَدِسْتُنَّ,نَدِسْتُ,نَدِسْنَا
ندش,نَدَشَ,فَعَلَ يَفْعُلُ ( فتحُ ضمٍّ ),مشترك ,نَدْص,نَدَشَ,نَدَشَتْ,نَدَشَا,نَدَشَتَا,نَدَشُوا,نَدَشْنَ,نَدَشْتَ,نَدَشْتِ,نَدَشْتُمَا,نَدَشْتُمْ,نَدَشْتُنَّ,نَدَشْتُ,نَدَشْنَا
ندص,نَدَصَ,فَعَلَ يَفْعُلُ ( فتحُ ضمٍّ ),لازم,نَدَص,نَدَصَ,نَدَصَتْ,نَدَصَا,نَدَصَتَا,نَدَصُوا,نَدَصْنَ,نَدَصْتَ,نَدَصْتِ,نَدَصْتُمَا,نَدَصْتُمْ,نَدَصْتُنَّ,نَدَصْتُ,نَدَصْنَا
ندص,نَدِصَ,فَعِلَ يَفْعَلُ ( كسر فتح ),لازم,نَدْغ,نَدِصَ,نَدِصَتْ,نَدِصَا,نَدِصَتَا,نَدِصُوا,نَدِصْنَ,نَدِصْتَ,نَدِصْتِ,نَدِصْتُمَا,نَدِصْتُمْ,نَدِصْتُنَّ,نَدِصْتُ,نَدِصْنَا
ندغ,نَدَغَ,فَعَلَ يَفْعَلُ ( فتحتان ),متعدي,نَدْف,نَدَغَ,نَدَغَتْ,نَدَغَا,نَدَغَتَا,نَدَغُوا,نَدَغْنَ,نَدَغْتَ,نَدَغْتِ,نَدَغْتُمَا,نَدَغْتُمْ,نَدَغْتُنَّ,نَدَغْتُ,نَدَغْنَا
ندف,نَدَفَ,فَعَلَ يَفْعِلُ ( فتحُ كَسْرٍ ),مشترك ,نَدْل,نَدَفَ,نَدَفَتْ,نَدَفَا,نَدَفَتَا,نَدَفُوا,نَدَفْنَ,نَدَفْتَ,نَدَفْتِ,نَدَفْتُمَا,نَدَفْتُمْ,نَدَفْتُنَّ,نَدَفْتُ,نَدَفْنَا
ندل,نَدَلَ,فَعَلَ يَفْعُلُ ( فتحُ ضمٍّ ),مشترك ,نَدَل,نَدَلَ,نَدَلَتْ,نَدَلَا,نَدَلَتَا,نَدَلُوا,نَدَلْنَ,نَدَلْتَ,نَدَلْتِ,نَدَلْتُمَا,نَدَلْتُمْ,نَدَلْتُنَّ,نَدَلْتُ,نَدَلْنَا
ندل,نَدِلَ,فَعِلَ يَفْعَلُ ( كسر فتح ),لازم,نَدَم,نَدِلَ,نَدِلَتْ,نَدِلَا,نَدِلَتَا,نَدِلُوا,نَدِلْنَ,نَدِلْتَ,نَدِلْتِ,نَدِلْتُمَا,نَدِلْتُمْ,نَدِلْتُنَّ,نَدِلْتُ,نَدِلْنَا
ندم,نَدِمَ,فَعِلَ يَفْعَلُ ( كسر فتح ),لازم,نَدْه,نَدِمَ,نَدِمَتْ,نَدِمَا,نَدِمَتَا,نَدِمُوا,نَدِمْنَ,نَدِمْتَ,نَدِمْتِ,نَدِمْتُمَا,نَدِمْتُمْ,نَدِمْتُنَّ,نَدِمْتُ,نَدِمْنَا
نده,نَدَهَ,فَعَلَ يَفْعَلُ ( فتحتان ),مشترك ,نَدْو,نَدَهَ,نَدَهَتْ,نَدَهَا,نَدَهَتَا,نَدَهُوا,نَدَهْنَ,نَدَهْتَ,نَدَهْتِ,نَدَهْتُمَا,نَدَهْتُمْ,نَدَهْتُنَّ,نَدَهْتُ,نَدَهْنَا
نذخ,نَذَخَ,فَعَلَ يَفْعَلُ ( فتحتان ),لازم,نَذّ,نَذَخَ,نَذَخَتْ,نَذَخَا,نَذَخَتَا,نَذَخُوا,نَذَخْنَ,نَذَخْتَ,نَذَخْتِ,نَذَخْتُمَا,نَذَخْتُمْ,نَذَخْتُنَّ,نَذَخْتُ,نَذَخْنَا
نذر,نَذَرَ,فَعَلَ يَفْعُلُ ( فتحُ ضمٍّ ),متعدي,نُذُور,نَذَرَ,نَذَرَتْ,نَذَرَا,نَذَرَتَا,نَذَرُوا,نَذَرْنَ,نَذَرْتَ,نَذَرْتِ,نَذَرْتُمَا,نَذَرْتُمْ,نَذَرْتُنَّ,نَذَرْتُ,نَذَرْنَا
نذر,نَذَرَ,فَعَلَ يَفْعِلُ ( فتحُ كَسْرٍ ),متعدي,نَذَر,نَذَرَ,نَذَرَتْ,نَذَرَا,نَذَرَتَا,نَذَرُوا,نَذَرْنَ,نَذَرْتَ,نَذَرْتِ,نَذَرْتُمَا,نَذَرْتُمْ,نَذَرْتُنَّ,نَذَرْتُ,نَذَرْنَا
نذر,نَذِرَ,فَعِلَ يَفْعَلُ ( كسر فتح ),لازم,نَذْع,نَذِرَ,نَذِرَتْ,نَذِرَا,نَذِرَتَا,نَذِرُوا,نَذِرْنَ,نَذِرْتَ,نَذِرْتِ,نَذِرْتُمَا,نَذِرْتُمْ,نَذِرْتُنَّ,نَذِرْتُ,نَذِرْنَا
نذع,نَذَعَ,فَعَلَ يَفْعَلُ ( فتحتان ),لازم,نَذَالَة,نَذَعَ,نَذَعَتْ,نَذَعَا,نَذَعَتَا,نَذَعُوا,نَذَعْنَ,نَذَعْتَ,نَذَعْتِ,نَذَعْتُمَا,نَذَعْتُمْ,نَذَعْتُنَّ,نَذَعْتُ,نَذَعْنَا
نذل,نَذُلَ,فَعُلَ يَفْعُلُ ( ضمَ ضمٍَ ),لازم,خَزْل,نَذُلَ,نَذُلَتْ,نَذُلَا,نَذُلَتَا,نَذُلُوا,نَذُلْنَ,نَذُلْتَ,نَذُلْتِ,نَذُلْتُمَا,نَذُلْتُمْ,نَذُلْتُنَّ,نَذُلْتُ,نَذُلْنَا
خزل,خَزَلَ,فَعَلَ يَفْعِلُ ( فتحُ كَسْرٍ ),متعدي,نَزْأ,خَزَلَ,خَزَلَتْ,خَزَلَا,خَزَلَتَا,خَزَلُوا,خَزَلْنَ,خَزَلْتَ,خَزَلْتِ,خَزَلْتُمَا,خَزَلْتُمْ,خَزَلْتُنَّ,خَزَلْتُ,خَزَلْنَا
نزب,نَزَبَ,فَعَلَ يَفْعِلُ ( فتحُ كَسْرٍ ),لازم,نَزْج,نَزَبَ,نَزَبَتْ,نَزَبَا,نَزَبَتَا,نَزَبُوا,نَزَبْنَ,نَزَبْتَ,نَزَبْتِ,نَزَبْتُمَا,نَزَبْتُمْ,نَزَبْتُنَّ,نَزَبْتُ,نَزَبْنَا
نزج,نَزَجَ,فَعَلَ يَفْعُلُ ( فتحُ ضمٍّ ),لازم,نَزْح,نَزَجَ,نَزَجَتْ,نَزَجَا,نَزَجَتَا,نَزَجُوا,نَزَجْنَ,نَزَجْتَ,نَزَجْتِ,نَزَجْتُمَا,نَزَجْتُمْ,نَزَجْتُنَّ,نَزَجْتُ,نَزَجْنَا
نزح,نَزَحَ,فَعَلَ يَفْعِلُ ( فتحُ كَسْرٍ ),مشترك ,نُزُوح,نَزَحَ,نَزَحَتْ,نَزَحَا,نَزَحَتَا,نَزَحُوا,نَزَحْنَ,نَزَحْتَ,نَزَحْتِ,نَزَحْتُمَا,نَزَحْتُمْ,نَزَحْتُنَّ,نَزَحْتُ,نَزَحْنَا
نزح,نَزَحَ,فَعَلَ يَفْعَلُ ( فتحتان ),مشترك ,نَزْر,نَزَحَ,نَزَحَتْ,نَزَحَا,نَزَحَتَا,نَزَحُوا,نَزَحْنَ,نَزَحْتَ,نَزَحْتِ,نَزَحْتُمَا,نَزَحْتُمْ,نَزَحْتُنَّ,نَزَحْتُ,نَزَحْنَا
نزر,نَزَرَ,فَعَلَ يَفْعُلُ ( فتحُ ضمٍّ ),مشترك ,نَزَارَة,نَزَرَ,نَزَرَتْ,نَزَرَا,نَزَرَتَا,نَزَرُوا,نَزَرْنَ,نَزَرْتَ,نَزَرْتِ,نَزَرْتُمَا,نَزَرْتُمْ,نَزَرْتُنَّ,نَزَرْتُ,نَزَرْنَا
نزر,نَزُرَ,فَعُلَ يَفْعُلُ ( ضمَ ضمٍَ ),لازم,نَزّ,نَزُرَ,نَزُرَتْ,نَزُرَا,نَزُرَتَا,نَزُرُوا,نَزُرْنَ,نَزُرْتَ,نَزُرْتِ,نَزُرْتُمَا,نَزُرْتُمْ,نَزُرْتُنَّ,نَزُرْتُ,نَزُرْنَا
نزع,نَزَعَ,فَعَلَ يَفْعِلُ ( فتحُ كَسْرٍ ),مشترك ,نَزَع,نَزَعَ,نَزَعَتْ,نَزَعَا,نَزَعَتَا,نَزَعُوا,نَزَعْنَ,نَزَعْتَ,نَزَعْتِ,نَزَعْتُمَا,نَزَعْتُمْ,نَزَعْتُنَّ,نَزَعْتُ,نَزَعْنَا
نزع,نَزِعَ,فَعِلَ يَفْعَلُ ( كسر فتح ),لازم,نَزْغ,نَزِعَ,نَزِعَتْ,نَزِعَا,نَزِعَتَا,نَزِعُوا,نَزِعْنَ,نَزِعْتَ,نَزِعْتِ,نَزِعْتُمَا,نَزِعْتُمْ,نَزِعْتُنَّ,نَزِعْتُ,نَزِعْنَا
نزغ,نَزَغَ,فَعَلَ يَفْعِلُ ( فتحُ كَسْرٍ ),مشترك ,نُزُوغ,نَزَغَ,نَزَغَتْ,نَزَغَا,نَزَغَتَا,نَزَغُوا,نَزَغْنَ,نَزَغْتَ,نَزَغْتِ,نَزَغْتُمَا,نَزَغْتُمْ,نَزَغْتُنَّ,نَزَغْتُ,نَزَغْنَا
نزغ,نَزَغَ,فَعَلَ يَفْعَلُ ( فتحتان ),مشترك ,نَزْف,نَزَغَ,نَزَغَتْ,نَزَغَا,نَزَغَتَا,نَزَغُوا,نَزَغْنَ,نَزَغْتَ,نَزَغْتِ,نَزَغْتُمَا,نَزَغْتُمْ,نَزَغْتُنَّ,نَزَغْتُ,نَزَغْنَا
نزف,نَزَفَ,فَعَلَ يَفْعُلُ ( فتحُ ضمٍّ ),متعدي,نُزُوف,نَزَفَ,نَزَفَتْ,نَزَفَا,نَزَفَتَا,نَزَفُوا,نَزَفْنَ,نَزَفْتَ,نَزَفْتِ,نَزَفْتُمَا,نَزَفْتُمْ,نَزَفْتُنَّ,نَزَفْتُ,نَزَفْنَا
نزف,نَزَفَ,فَعَلَ يَفْعِلُ ( فتحُ كَسْرٍ ),مشترك ,نَزَف,نَزَفَ,نَزَفَتْ,نَزَفَا,نَزَفَتَا,نَزَفُوا,نَزَفْنَ,نَزَفْتَ,نَزَفْتِ,نَزَفْتُمَا,نَزَفْتُمْ,نَزَفْتُنَّ,نَزَفْتُ,نَزَفْنَا
نزف,نَزِفَ,فَعِلَ يَفْعَلُ ( كسر فتح ),مشترك ,نَزْق,نَزِفَ,نَزِفَتْ,نَزِفَا,نَزِفَتَا,نَزِفُوا,نَزِفْنَ,نَزِفْتَ,نَزِفْتِ,نَزِفْتُمَا,نَزِفْتُمْ,نَزِفْتُنَّ,نَزِفْتُ,نَزِفْنَا
نزق,نَزَقَ,فَعَلَ يَفْعُلُ ( فتحُ ضمٍّ ),مشترك ,نُزُوق,نَزَقَ,نَزَقَتْ,نَزَقَا,نَزَقَتَا,نَزَقُوا,نَزَقْنَ,نَزَقْتَ,نَزَقْتِ,نَزَقْتُمَا,نَزَقْتُمْ,نَزَقْتُنَّ,نَزَقْتُ,نَزَقْنَا
نزق,نَزَقَ,فَعَلَ يَفْعِلُ ( فتحُ كَسْرٍ ),مشترك ,نَزَق,نَزَقَ,نَزَقَتْ,نَزَقَا,نَزَقَتَا,نَزَقُوا,نَزَقْنَ,نَزَقْتَ,نَزَقْتِ,نَزَقْتُمَا,نَزَقْتُمْ,نَزَقْتُنَّ,نَزَقْتُ,نَزَقْنَا
نزق,نَزِقَ,فَعِلَ يَفْعَلُ ( كسر فتح ),مشترك ,نَزْك,نَزِقَ,نَزِقَتْ,نَزِقَا,نَزِقَتَا,نَزِقُوا,نَزِقْنَ,نَزِقْتَ,نَزِقْتِ,نَزِقْتُمَا,نَزِقْتُمْ,نَزِقْتُنَّ,نَزِقْتُ,نَزِقْنَا
نزك,نَزَكَ,فَعَلَ يَفْعُلُ ( فتحُ ضمٍّ ),متعدي,نُزُول,نَزَكَ,نَزَكَتْ,نَزَكَا,نَزَكَتَا,نَزَكُوا,نَزَكْنَ,نَزَكْتَ,نَزَكْتِ,نَزَكْتُمَا,نَزَكْتُمْ,نَزَكْتُنَّ,نَزَكْتُ,نَزَكْنَا
نزل,نَزَلَ,فَعَلَ يَفْعِلُ ( فتحُ كَسْرٍ ),مشترك ,نَزَل,نَزَلَ,نَزَلَتْ,نَزَلَا,نَزَلَتَا,نَزَلُوا,نَزَلْنَ,نَزَلْتَ,نَزَلْتِ,نَزَلْتُمَا,نَزَلْتُمْ,نَزَلْتُنَّ,نَزَلْتُ,نَزَلْنَا
نزل,نَزِلَ,فَعِلَ يَفْعَلُ ( كسر فتح ),لازم,نَزْه,نَزِلَ,نَزِلَتْ,نَزِلَا,نَزِلَتَا,نَزِلُوا,نَزِلْنَ,نَزِلْتَ,نَزِلْتِ,نَزِلْتُمَا,نَزِلْتُمْ,نَزِلْتُنَّ,نَزِلْتُ,نَزِلْنَا
نزه,نَزَهَ,فَعَلَ يَفْعَلُ ( فتحتان ),متعدي,نَزَه,نَزَهَ,نَزَهَتْ,نَزَهَا,نَزَهَتَا,نَزَهُوا,نَزَهْنَ,نَزَهْتَ,نَزَهْتِ,نَزَهْتُمَا,نَزَهْتُمْ,نَزَهْتُنَّ,نَزَهْتُ,نَزَهْنَا
نزه,نَزِهَ,فَعِلَ يَفْعَلُ ( كسر فتح ),لازم,نَزَاهَة,نَزِهَ,نَزِهَتْ,نَزِهَا,نَزِهَتَا,نَزِهُوا,نَزِهْنَ,نَزِهْتَ,نَزِهْتِ,نَزِهْتُمَا,نَزِهْتُمْ,نَزِهْتُنَّ,نَزِهْتُ,نَزِهْنَا
نزه,نَزُهَ,فَعُلَ يَفْعُلُ ( ضمَ ضمٍَ ),لازم,نَزْو,نَزُهَ,نَزُهَتْ,نَزُهَا,نَزُهَتَا,نَزُهُوا,نَزُهْنَ,نَزُهْتَ,نَزُهْتِ,نَزُهْتُمَا,نَزُهْتُمْ,نَزُهْتُنَّ,نَزُهْتُ,نَزُهْنَا
خزل,خَزِلَ,فَعِلَ يَفْعَلُ ( كسر فتح ),لازم,نَسْب,خَزِلَ,خَزِلَتْ,خَزِلَا,خَزِلَتَا,خَزِلُوا,خَزِلْنَ,خَزِلْتَ,خَزِلْتِ,خَزِلْتُمَا,خَزِلْتُمْ,خَزِلْتُنَّ,خَزِلْتُ,خَزِلْنَا
نسب,نَسَبَ,فَعَلَ يَفْعُلُ ( فتحُ ضمٍّ ),مشترك ,نِسْبَة,نَسَبَ,نَسَبَتْ,نَسَبَا,نَسَبَتَا,نَسَبُوا,نَسَبْنَ,نَسَبْتَ,نَسَبْتِ,نَسَبْتُمَا,نَسَبْتُمْ,نَسَبْتُنَّ,نَسَبْتُ,نَسَبْنَا
نسب,نَسَبَ,فَعَلَ يَفْعِلُ ( فتحُ كَسْرٍ ),مشترك ,نَسْج,نَسَبَ,نَسَبَتْ,نَسَبَا,نَسَبَتَا,نَسَبُوا,نَسَبْنَ,نَسَبْتَ,نَسَبْتِ,نَسَبْتُمَا,نَسَبْتُمْ,نَسَبْتُنَّ,نَسَبْتُ,نَسَبْنَا
نسج,نَسَجَ,فَعَلَ يَفْعُلُ ( فتحُ ضمٍّ ),متعدي,نُسُوج,نَسَجَ,نَسَجَتْ,نَسَجَا,نَسَجَتَا,نَسَجُوا,نَسَجْنَ,نَسَجْتَ,نَسَجْتِ,نَسَجْتُمَا,نَسَجْتُمْ,نَسَجْتُنَّ,نَسَجْتُ,نَسَجْنَا
نسج,نَسَجَ,فَعَلَ يَفْعِلُ ( فتحُ كَسْرٍ ),مشترك ,نَسْح,نَسَجَ,نَسَجَتْ,نَسَجَا,نَسَجَتَا,نَسَجُوا,نَسَجْنَ,نَسَجْتَ,نَسَجْتِ,نَسَجْتُمَا,نَسَجْتُمْ,نَسَجْتُنَّ,نَسَجْتُ,نَسَجْنَا
نسح,نَسَحَ,فَعَلَ يَفْعَلُ ( فتحتان ),مشترك ,نَسَح,نَسَحَ,نَسَحَتْ,نَسَحَا,نَسَحَتَا,نَسَحُوا,نَسَحْنَ,نَسَحْتَ,نَسَحْتِ,نَسَحْتُمَا,نَسَحْتُمْ,نَسَحْتُنَّ,نَسَحْتُ,نَسَحْنَا
نسح,نَسِحَ,فَعِلَ يَفْعَلُ ( كسر فتح ),لازم,نَسْخ,نَسِحَ,نَسِحَتْ,نَسِحَا,نَسِحَتَا,نَسِحُوا,نَسِحْنَ,نَسِحْتَ,نَسِحْتِ,نَسِحْتُمَا,نَسِحْتُمْ,نَسِحْتُنَّ,نَسِحْتُ,نَسِحْنَا
نسخ,نَسَخَ,فَعَلَ يَفْعَلُ ( فتحتان ),متعدي,نَسْر,نَسَخَ,نَسَخَتْ,نَسَخَا,نَسَخَتَا,نَسَخُوا,نَسَخْنَ,نَسَخْتَ,نَسَخْتِ,نَسَخْتُمَا,نَسَخْتُمْ,نَسَخْتُنَّ,نَسَخْتُ,نَسَخْنَا
نسر,نَسَرَ,فَعَلَ يَفْعُلُ ( فتحُ ضمٍّ ),متعدي,نُسُور,نَسَرَ,نَسَرَتْ,نَسَرَا,نَسَرَتَا,نَسَرُوا,نَسَرْنَ,نَسَرْتَ,نَسَرْتِ,نَسَرْتُمَا,نَسَرْتُمْ,نَسَرْتُنَّ,نَسَرْتُ,نَسَرْنَا
نسر,نَسَرَ,فَعَلَ يَفْعِلُ ( فتحُ كَسْرٍ ),مشترك ,نَسّ,نَسَرَ,نَسَرَتْ,نَسَرَا,نَسَرَتَا,نَسَرُوا,نَسَرْنَ,نَسَرْتَ,نَسَرْتِ,نَسَرْتُمَا,نَسَرْتُمْ,نَسَرْتُنَّ,نَسَرْتُ,نَسَرْنَا
نسع,نَسَعَ,فَعَلَ يَفْعَلُ ( فتحتان ),لازم,نَسْغ,نَسَعَ,نَسَعَتْ,نَسَعَا,نَسَعَتَا,نَسَعُوا,نَسَعْنَ,نَسَعْتَ,نَسَعْتِ,نَسَعْتُمَا,نَسَعْتُمْ,نَسَعْتُنَّ,نَسَعْتُ,نَسَعْنَا
نسغ,نَسَغَ,فَعَلَ يَفْعَلُ ( فتحتان ),مشترك ,نَسْف,نَسَغَ,نَسَغَتْ,نَسَغَا,نَسَغَتَا,نَسَغُوا,نَسَغْنَ,نَسَغْتَ,نَسَغْتِ,نَسَغْتُمَا,نَسَغْتُمْ,نَسَغْتُنَّ,نَسَغْتُ,نَسَغْنَا
نسف,نَسَفَ,فَعَلَ يَفْعُلُ ( فتحُ ضمٍّ ),متعدي,نُسُوف,نَسَفَ,نَسَفَتْ,نَسَفَا,نَسَفَتَا,نَسَفُوا,نَسَفْنَ,نَسَفْتَ,نَسَفْتِ,نَسَفْتُمَا,نَسَفْتُمْ,نَسَفْتُنَّ,نَسَفْتُ,نَسَفْنَا
نسف,نَسَفَ,فَعَلَ يَفْعِلُ ( فتحُ كَسْرٍ ),مشترك ,نَسْق,نَسَفَ,نَسَفَتْ,نَسَفَا,نَسَفَتَا,نَسَفُوا,نَسَفْنَ,نَسَفْتَ,نَسَفْتِ,نَسَفْتُمَا,نَسَفْتُمْ,نَسَفْتُنَّ,نَسَفْتُ,نَسَفْنَا
نسق,نَسَقَ,فَعَلَ يَفْعُلُ ( فتحُ ضمٍّ ),مشترك ,نُسُك,نَسَقَ,نَسَقَتْ,نَسَقَا,نَسَقَتَا,نَسَقُوا,نَسَقْنَ,نَسَقْتَ,نَسَقْتِ,نَسَقْتُمَا,نَسَقْتُمْ,نَسَقْتُنَّ,نَسَقْتُ,نَسَقْنَا
نسك,نَسَكَ,فَعَلَ يَفْعُلُ ( فتحُ ضمٍّ ),مشترك ,نَسَاكَة,نَسَكَ,نَسَكَتْ,نَسَكَا,نَسَكَتَا,نَسَكُوا,نَسَكْنَ,نَسَكْتَ,نَسَكْتِ,نَسَكْتُمَا,نَسَكْتُمْ,نَسَكْتُنَّ,نَسَكْتُ,نَسَكْنَا
نسك,نَسُكَ,فَعُلَ يَفْعُلُ ( ضمَ ضمٍَ ),لازم,نَسْل,نَسُكَ,نَسُكَتْ,نَسُكَا,نَسُكَتَا,نَسُكُوا,نَسُكْنَ,نَسُكْتَ,نَسُكْتِ,نَسُكْتُمَا,نَسُكْتُمْ,نَسُكْتُنَّ,نَسُكْتُ,نَسُكْنَا
نسل,نَسَلَ,فَعَلَ يَفْعُلُ ( فتحُ ضمٍّ ),مشترك ,نُسُول,نَسَلَ,نَسَلَتْ,نَسَلَا,نَسَلَتَا,نَسَلُوا,نَسَلْنَ,نَسَلْتَ,نَسَلْتِ,نَسَلْتُمَا,نَسَلْتُمْ,نَسَلْتُنَّ,نَسَلْتُ,نَسَلْنَا
نسل,نَسَلَ,فَعَلَ يَفْعِلُ ( فتحُ كَسْرٍ ),مشترك ,نَسْم,نَسَلَ,نَسَلَتْ,نَسَلَا,نَسَلَتَا,نَسَلُوا,نَسَلْنَ,نَسَلْتَ,نَسَلْتِ,نَسَلْتُمَا,نَسَلْتُمْ,نَسَلْتُنَّ,نَسَلْتُ,نَسَلْنَا
نسم,نَسَمَ,فَعَلَ يَفْعِلُ ( فتحُ كَسْرٍ ),مشترك ,نَسَم,نَسَمَ,نَسَمَتْ,نَسَمَا,نَسَمَتَا,نَسَمُوا,نَسَمْنَ,نَسَمْتَ,نَسَمْتِ,نَسَمْتُمَا,نَسَمْتُمْ,نَسَمْتُنَّ,نَسَمْتُ,نَسَمْنَا
نسم,نَسِمَ,فَعِلَ يَفْعَلُ ( كسر فتح ),لازم,نَسْو,نَسِمَ,نَسِمَتْ,نَسِمَا,نَسِمَتَا,نَسِمُوا,نَسِمْنَ,نَسِمْتَ,نَسِمْتِ,نَسِمْتُمَا,نَسِمْتُمْ,نَسِمْتُنَّ,نَسِمْتُ,نَسِمْنَا
خزم,خَزَمَ,فَعَلَ يَفْعِلُ ( فتحُ كَسْرٍ ),متعدي,نَشْأ,خَزَمَ,خَزَمَتْ,خَزَمَا,خَزَمَتَا,خَزَمُوا,خَزَمْنَ,خَزَمْتَ,خَزَمْتِ,خَزَمْتُمَا,خَزَمْتُمْ,خَزَمْتُنَّ,خَزَمْتُ,خَزَمْنَا
نشب,نَشِبَ,فَعِلَ يَفْعَلُ ( كسر فتح ),مشترك ,نَشَب,نَشِبَ,نَشِبَتْ,نَشِبَا,نَشِبَتَا,نَشِبُوا,نَشِبْنَ,نَشِبْتَ,نَشِبْتِ,نَشِبْتُمَا,نَشِبْتُمْ,نَشِبْتُنَّ,نَشِبْتُ,نَشِبْنَا
نشج,نَشَجَ,فَعَلَ يَفْعِلُ ( فتحُ كَسْرٍ ),لازم,نَشِيج,نَشَجَ,نَشَجَتْ,نَشَجَا,نَشَجَتَا,نَشَجُوا,نَشَجْنَ,نَشَجْتَ,نَشَجْتِ,نَشَجْتُمَا,نَشَجْتُمْ,نَشَجْتُنَّ,نَشَجْتُ,نَشَجْنَا
نشح,نَشَحَ,فَعَلَ يَفْعَلُ ( فتحتان ),مشترك ,نَشْح,نَشَحَ,نَشَحَتْ,نَشَحَا,نَشَحَتَا,نَشَحُوا,نَشَحْنَ,نَشَحْتَ,نَشَحْتِ,نَشَحْتُمَا,نَشَحْتُمْ,نَشَحْتُنَّ,نَشَحْتُ,نَشَحْنَا
نشد,نَشَدَ,فَعَلَ يَفْعُلُ ( فتحُ ضمٍّ ),مشترك ,نَشْد,نَشَدَ,نَشَدَتْ,نَشَدَا,نَشَدَتَا,نَشَدُوا,نَشَدْنَ,نَشَدْتَ,نَشَدْتِ,نَشَدْتُمَا,نَشَدْتُمْ,نَشَدْتُنَّ,نَشَدْتُ,نَشَدْنَا
نشد,نَشَدَ,فَعَلَ يَفْعِلُ ( فتحُ كَسْرٍ ),متعدي,نُشُود,نَشَدَ,نَشَدَتْ,نَشَدَا,نَشَدَتَا,نَشَدُوا,نَشَدْنَ,نَشَدْتَ,نَشَدْتِ,نَشَدْتُمَا,نَشَدْتُمْ,نَشَدْتُنَّ,نَشَدْتُ,نَشَدْنَا
نشر,نَشَرَ,فَعَلَ يَفْعُلُ ( فتحُ ضمٍّ ),مشترك ,نَشْر,نَشَرَ,نَشَرَتْ,نَشَرَا,نَشَرَتَا,نَشَرُوا,نَشَرْنَ,نَشَرْتَ,نَشَرْتِ,نَشَرْتُمَا,نَشَرْتُمْ,نَشَرْتُنَّ,نَشَرْتُ,نَشَرْنَا
نشر,نَشَرَ,فَعَلَ يَفْعِلُ ( فتحُ كَسْرٍ ),متعدي,نُشُور,نَشَرَ,نَشَرَتْ,نَشَرَا,نَشَرَتَا,نَشَرُوا,نَشَرْنَ,نَشَرْتَ,نَشَرْتِ,نَشَرْتُمَا,نَشَرْتُمْ,نَشَرْتُنَّ,نَشَرْتُ,نَشَرْنَا
نشر,نَشِرَ,فَعِلَ يَفْعَلُ ( كسر فتح ),لازم,نَشَر,نَشِرَ,نَشِرَتْ,نَشِرَا,نَشِرَتَا,نَشِرُوا,نَشِرْنَ,نَشِرْتَ,نَشِرْتِ,نَشِرْتُمَا,نَشِرْتُمْ,نَشِرْتُنَّ,نَشِرْتُ,نَشِرْنَا
نشز,نَشَزَ,فَعَلَ يَفْعُلُ ( فتحُ ضمٍّ ),مشترك ,نَشْز,نَشَزَ,نَشَزَتْ,نَشَزَا,نَشَزَتَا,نَشَزُوا,نَشَزْنَ,نَشَزْتَ,نَشَزْتِ,نَشَزْتُمَا,نَشَزْتُمْ,نَشَزْتُنَّ,نَشَزْتُ,نَشَزْنَا
نشز,نَشَزَ,فَعَلَ يَفْعِلُ ( فتحُ كَسْرٍ ),مشترك ,نُشُوز,نَشَزَ,نَشَزَتْ,نَشَزَا,نَشَزَتَا,نَشَزُوا,نَشَزْنَ,نَشَزْتَ,نَشَزْتِ,نَشَزْتُمَا,نَشَزْتُمْ,نَشَزْتُنَّ,نَشَزْتُ,نَشَزْنَا
نشص,نَشَصَ,فَعَلَ يَفْعُلُ ( فتحُ ضمٍّ ),مشترك ,نَشْص,نَشَصَ,نَشَصَتْ,نَشَصَا,نَشَصَتَا,نَشَصُوا,نَشَصْنَ,نَشَصْتَ,نَشَصْتِ,نَشَصْتُمَا,نَشَصْتُمْ,نَشَصْتُنَّ,نَشَصْتُ,نَشَصْنَا
نشص,نَشَصَ,فَعَلَ يَفْعِلُ ( فتحُ كَسْرٍ ),مشترك ,نُشُوص,نَشَصَ,نَشَصَتْ,نَشَصَا,نَشَصَتَا,نَشَصُوا,نَشَصْنَ,نَشَصْتَ,نَشَصْتِ,نَشَصْتُمَا,نَشَصْتُمْ,نَشَصْتُنَّ,نَشَصْتُ,نَشَصْنَا
نشط,نَشَطَ,فَعَلَ يَفْعُلُ ( فتحُ ضمٍّ ),مشترك ,نَشْط,نَشَطَ,نَشَطَتْ,نَشَطَا,نَشَطَتَا,نَشَطُوا,نَشَطْنَ,نَشَطْتَ,نَشَطْتِ,نَشَطْتُمَا,نَشَطْتُمْ,نَشَطْتُنَّ,نَشَطْتُ,نَشَطْنَا
نشط,نَشَطَ,فَعَلَ يَفْعِلُ ( فتحُ كَسْرٍ ),مشترك ,نُشُوط,نَشَطَ,نَشَطَتْ,نَشَطَا,نَشَطَتَا,نَشَطُوا,نَشَطْنَ,نَشَطْتَ,نَشَطْتِ,نَشَطْتُمَا,نَشَطْتُمْ,نَشَطْتُنَّ,نَشَطْتُ,نَشَطْنَا
نشط,نَشِطَ,فَعِلَ يَفْعَلُ ( كسر فتح ),لازم,نَشَط,نَشِطَ,نَشِطَتْ,نَشِطَا,نَشِطَتَا,نَشِطُوا,نَشِطْنَ,نَشِطْتَ,نَشِطْتِ,نَشِطْتُمَا,نَشِطْتُمْ,نَشِطْتُنَّ,نَشِطْتُ,نَشِطْنَا
نشع,نَشَعَ,فَعَلَ يَفْعَلُ ( فتحتان ),مشترك ,نَشْع,نَشَعَ,نَشَعَتْ,نَشَعَا,نَشَعَتَا,نَشَعُوا,نَشَعْنَ,نَشَعْتَ,نَشَعْتِ,نَشَعْتُمَا,نَشَعْتُمْ,نَشَعْتُنَّ,نَشَعْتُ,نَشَعْنَا
نشغ,نَشَغَ,فَعَلَ يَفْعَلُ ( فتحتان ),لازم,نَشْغ,نَشَغَ,نَشَغَتْ,نَشَغَا,نَشَغَتَا,نَشَغُوا,نَشَغْنَ,نَشَغْتَ,نَشَغْتِ,نَشَغْتُمَا,نَشَغْتُمْ,نَشَغْتُنَّ,نَشَغْتُ,نَشَغْنَا
نشف,نَشَفَ,فَعَلَ يَفْعُلُ ( فتحُ ضمٍّ ),مشترك ,نَشْف,نَشَفَ,نَشَفَتْ,نَشَفَا,نَشَفَتَا,نَشَفُوا,نَشَفْنَ,نَشَفْتَ,نَشَفْتِ,نَشَفْتُمَا,نَشَفْتُمْ,نَشَفْتُنَّ,نَشَفْتُ,نَشَفْنَا
نشف,نَشَفَ,فَعَلَ يَفْعِلُ ( فتحُ كَسْرٍ ),متعدي,نُشُوف,نَشَفَ,نَشَفَتْ,نَشَفَا,نَشَفَتَا,نَشَفُوا,نَشَفْنَ,نَشَفْتَ,نَشَفْتِ,نَشَفْتُمَا,نَشَفْتُمْ,نَشَفْتُنَّ,نَشَفْتُ,نَشَفْنَا
نشف,نَشِفَ,فَعِلَ يَفْعَلُ ( كسر فتح ),مشترك ,نَشَف,نَشِفَ,نَشِفَتْ,نَشِفَا,نَشِفَتَا,نَشِفُوا,نَشِفْنَ,نَشِفْتَ,نَشِفْتِ,نَشِفْتُمَا,نَشِفْتُمْ,نَشِفْتُنَّ,نَشِفْتُ,نَشِفْنَا
نشق,نَشِقَ,فَعِلَ يَفْعَلُ ( كسر فتح ),مشترك ,نَشَق,نَشِقَ,نَشِقَتْ,نَشِقَا,نَشِقَتَا,نَشِقُوا,نَشِقْنَ,نَشِقْتَ,نَشِقْتِ,نَشِقْتُمَا,نَشِقْتُمْ,نَشِقْتُنَّ,نَشِقْتُ,نَشِقْنَا
نشل,نَشَلَ,فَعَلَ يَفْعُلُ ( فتحُ ضمٍّ ),مشترك ,نَشْل,نَشَلَ,نَشَلَتْ,نَشَلَا,نَشَلَتَا,نَشَلُوا,نَشَلْنَ,نَشَلْتَ,نَشَلْتِ,نَشَلْتُمَا,نَشَلْتُمْ,نَشَلْتُنَّ,نَشَلْتُ,نَشَلْنَا
خزن,خَزَنَ,فَعَلَ يَفْعُلُ ( فتحُ ضمٍّ ),مشترك ,خَزْن,خَزَنَ,خَزَنَتْ,خَزَنَا,خَزَنَتَا,خَزَنُوا,خَزَنْنَ,خَزَنْتَ,خَزَنْتِ,خَزَنْتُمَا,خَزَنْتُمْ,خَزَنْتُنَّ,خَزَنْتُ,خَزَنْنَا
نشل,نَشَلَ,فَعَلَ يَفْعِلُ ( فتحُ كَسْرٍ ),متعدي,نَشْل,نَشَلَ,نَشَلَتْ,نَشَلَا,نَشَلَتَا,نَشَلُوا,نَشَلْنَ,نَشَلْتَ,نَشَلْتِ,نَشَلْتُمَا,نَشَلْتُمْ,نَشَلْتُنَّ,نَشَلْتُ,نَشَلْنَا
نشم,نَشِمَ,فَعِلَ يَفْعَلُ ( كسر فتح ),لازم,نَشَم,نَشِمَ,نَشِمَتْ,نَشِمَا,نَشِمَتَا,نَشِمُوا,نَشِمْنَ,نَشِمْتَ,نَشِمْتِ,نَشِمْتُمَا,نَشِمْتُمْ,نَشِمْتُنَّ,نَشِمْتُ,نَشِمْنَا
نصب,نَصَبَ,فَعَلَ يَفْعُلُ ( فتحُ ضمٍّ ),مشترك ,نَصْب,نَصَبَ,نَصَبَتْ,نَصَبَا,نَصَبَتَا,نَصَبُوا,نَصَبْنَ,نَصَبْتَ,نَصَبْتِ,نَصَبْتُمَا,نَصَبْتُمْ,نَصَبْتُنَّ,نَصَبْتُ,نَصَبْنَا
نصب,نَصَبَ,فَعَلَ يَفْعِلُ ( فتحُ كَسْرٍ ),مشترك ,نُصُوب,نَصَبَ,نَصَبَتْ,نَصَبَا,نَصَبَتَا,نَصَبُوا,نَصَبْنَ,نَصَبْتَ,نَصَبْتِ,نَصَبْتُمَا,نَصَبْتُمْ,نَصَبْتُنَّ,نَصَبْتُ,نَصَبْنَا
نصب,نَصِبَ,فَعِلَ يَفْعَلُ ( كسر فتح ),لازم,نَصَب,نَصِبَ,نَصِبَتْ,نَصِبَا,نَصِبَتَا,نَصِبُوا,نَصِبْنَ,نَصِبْتَ,نَصِبْتِ,نَصِبْتُمَا,نَصِبْتُمْ,نَصِبْتُنَّ,نَصِبْتُ,نَصِبْنَا
نصت,نَصَتَ,فَعَلَ يَفْعِلُ ( فتحُ كَسْرٍ ),لازم,نُصُوت,نَصَتَ,نَصَتَتْ,نَصَتَا,نَصَتَتَا,نَصَتُوا,نَصَتْنَ,نَصَتْتَ,نَصَتْتِ,نَصَتْتُمَا,نَصَتْتُمْ,نَصَتْتُنَّ,نَصَتْتُ,نَصَتْنَا
نصح,نَصَحَ,فَعَلَ يَفْعَلُ ( فتحتان ),مشترك ,نَصْح,نَصَحَ,نَصَحَتْ,نَصَحَا,نَصَحَتَا,نَصَحُوا,نَصَحْنَ,نَصَحْتَ,نَصَحْتِ,نَصَحْتُمَا,نَصَحْتُمْ,نَصَحْتُنَّ,نَصَحْتُ,نَصَحْنَا
نصر,نَصَرَ,فَعَلَ يَفْعُلُ ( فتحُ ضمٍّ ),متعدي,نَصْر,نَصَرَ,نَصَرَتْ,نَصَرَا,نَصَرَتَا,نَصَرُوا,نَصَرْنَ,نَصَرْتَ,نَصَرْتِ,نَصَرْتُمَا,نَصَرْتُمْ,نَصَرْتُنَّ,نَصَرْتُ,نَصَرْنَا
نصع,نَصَعَ,فَعَلَ يَفْعَلُ ( فتحتان ),لازم,نُصُوع,نَصَعَ,نَصَعَتْ,نَصَعَا,نَصَعَتَا,نَصَعُوا,نَصَعْنَ,نَصَعْتَ,نَصَعْتِ,نَصَعْتُمَا,نَصَعْتُمْ,نَصَعْتُنَّ,نَصَعْتُ,نَصَعْنَا
نصف,نَصَفَ,فَعَلَ يَفْعُلُ ( فتحُ ضمٍّ ),مشترك ,نَصْف,نَصَفَ,نَصَفَتْ,نَصَفَا,نَصَفَتَا,نَصَفُوا,نَصَفْنَ,نَصَفْتَ,نَصَفْتِ,نَصَفْتُمَا,نَصَفْتُمْ,نَصَفْتُنَّ,نَصَفْتُ,نَصَفْنَا
نصل,نَصَلَ,فَعَلَ يَفْعُلُ ( فتحُ ضمٍّ ),مشترك ,نُصُول,نَصَلَ,نَصَلَتْ,نَصَلَا,نَصَلَتَا,نَصَلُوا,نَصَلْنَ,نَصَلْتَ,نَصَلْتِ,نَصَلْتُمَا,نَصَلْتُمْ,نَصَلْتُنَّ,نَصَلْتُ,نَصَلْنَا
نضب,نَضَبَ,فَعَلَ يَفْعُلُ ( فتحُ ضمٍّ ),مشترك ,نَضْب,نَضَبَ,نَضَبَتْ,نَضَبَا,نَضَبَتَا,نَضَبُوا,نَضَبْنَ,نَضَبْتَ,نَضَبْتِ,نَضَبْتُمَا,نَضَبْتُمْ,نَضَبْتُنَّ,نَضَبْتُ,نَضَبْنَا
نضب,نَضَبَ,فَعَلَ يَفْعِلُ ( فتحُ كَسْرٍ ),مشترك ,نُضُوب,نَضَبَ,نَضَبَتْ,نَضَبَا,نَضَبَتَا,نَضَبُوا,نَضَبْنَ,نَضَبْتَ,نَضَبْتِ,نَضَبْتُمَا,نَضَبْتُمْ,نَضَبْتُنَّ,نَضَبْتُ,نَضَبْنَا
نضج,نَضِجَ,فَعِلَ يَفْعَلُ ( كسر فتح ),لازم,نَضْج,نَضِجَ,نَضِجَتْ,نَضِجَا,نَضِجَتَا,نَضِجُوا,نَضِجْنَ,نَضِجْتَ,نَضِجْتِ,نَضِجْتُمَا,نَضِجْتُمْ,نَضِجْتُنَّ,نَضِجْتُ,نَضِجْنَا
نضح,نَضَحَ,فَعَلَ يَفْعِلُ ( فتحُ كَسْرٍ ),مشترك ,نَضْح,نَضَحَ,نَضَحَتْ,نَضَحَا,نَضَحَتَا,نَضَحُوا,نَضَحْنَ,نَضَحْتَ,نَضَحْتِ,نَضَحْتُمَا,نَضَحْتُمْ,نَضَحْتُنَّ,نَضَحْتُ,نَضَحْنَا
نضح,نَضَحَ,فَعَلَ يَفْعَلُ ( فتحتان ),مشترك ,نُضُوح,نَضَحَ,نَضَحَتْ,نَضَحَا,نَضَحَتَا,نَضَحُوا,نَضَحْنَ,نَضَحْتَ,نَضَحْتِ,نَضَحْتُمَا,نَضَحْتُمْ,نَضَحْتُنَّ,نَضَحْتُ,نَضَحْنَا
نضخ,نَضَخَ,فَعَلَ يَفْعِلُ ( فتحُ كَسْرٍ ),مشترك ,نَضْخ,نَضَخَ,نَضَخَتْ,نَضَخَا,نَضَخَتَا,نَضَخُوا,نَضَخْنَ,نَضَخْتَ,نَضَخْتِ,نَضَخْتُمَا,نَضَخْتُمْ,نَضَخْتُنَّ,نَضَخْتُ,نَضَخْنَا
نضخ,نَضَخَ,فَعَلَ يَفْعَلُ ( فتحتان ),مشترك ,نُضُوخ,نَضَخَ,نَضَخَتْ,نَضَخَا,نَضَخَتَا,نَضَخُوا,نَضَخْنَ,نَضَخْتَ,نَضَخْتِ,نَضَخْتُمَا,نَضَخْتُمْ,نَضَخْتُنَّ,نَضَخْتُ,نَضَخْنَا
نضد,نَضَدَ,فَعَلَ يَفْعِلُ ( فتحُ كَسْرٍ ),متعدي,نَضْد,نَضَدَ,نَضَدَتْ,نَضَدَا,نَضَدَتَا,نَضَدُوا,نَضَدْنَ,نَضَدْتَ,نَضَدْتِ,نَضَدْتُمَا,نَضَدْتُمْ,نَضَدْتُنَّ,نَضَدْتُ,نَضَدْنَا
نضر,نَضَرَ,فَعَلَ يَفْعُلُ ( فتحُ ضمٍّ ),مشترك ,نَضْر,نَضَرَ,نَضَرَتْ,نَضَرَا,نَضَرَتَا,نَضَرُوا,نَضَرْنَ,نَضَرْتَ,نَضَرْتِ,نَضَرْتُمَا,نَضَرْتُمْ,نَضَرْتُنَّ,نَضَرْتُ,نَضَرْنَا
خزن,خَزِنَ,فَعِلَ يَفْعَلُ ( كسر فتح ),لازم,خَزْن,خَزِنَ,خَزِنَتْ,خَزِنَا,خَزِنَتَا,خَزِنُوا,خَزِنْنَ,خَزِنْتَ,خَزِنْتِ,خَزِنْتُمَا,خَزِنْتُمْ,خَزِنْتُنَّ,خَزِنْتُ,خَزِنْنَا
نضر,نَضِرَ,فَعِلَ يَفْعَلُ ( كسر فتح ),لازم,نَضَر,نَضِرَ,نَضِرَتْ,نَضِرَا,نَضِرَتَا,نَضِرُوا,نَضِرْنَ,نَضِرْتَ,نَضِرْتِ,نَضِرْتُمَا,نَضِرْتُمْ,نَضِرْتُنَّ,نَضِرْتُ,نَضِرْنَا
نضر,نَضُرَ,فَعُلَ يَفْعُلُ ( ضمَ ضمٍَ ),لازم,نَضَارَة,نَضُرَ,نَضُرَتْ,نَضُرَا,نَضُرَتَا,نَضُرُوا,نَضُرْنَ,نَضُرْتَ,نَضُرْتِ,نَضُرْتُمَا,نَضُرْتُمْ,نَضُرْتُنَّ,نَضُرْتُ,نَضُرْنَا
نضف,نَضَفَ,فَعَلَ يَفْعُلُ ( فتحُ ضمٍّ ),مشترك ,نَضْف,نَضَفَ,نَضَفَتْ,نَضَفَا,نَضَفَتَا,نَضَفُوا,نَضَفْنَ,نَضَفْتَ,نَضَفْتِ,نَضَفْتُمَا,نَضَفْتُمْ,نَضَفْتُنَّ,نَضَفْتُ,نَضَفْنَا
نضف,نَضَفَ,فَعَلَ يَفْعِلُ ( فتحُ كَسْرٍ ),مشترك ,نُضُوف,نَضَفَ,نَضَفَتْ,نَضَفَا,نَضَفَتَا,نَضَفُوا,نَضَفْنَ,نَضَفْتَ,نَضَفْتِ,نَضَفْتُمَا,نَضَفْتُمْ,نَضَفْتُنَّ,نَضَفْتُ,نَضَفْنَا
نضف,نَضِفَ,فَعِلَ يَفْعَلُ ( كسر فتح ),مشترك ,نَضَف,نَضِفَ,نَضِفَتْ,نَضِفَا,نَضِفَتَا,نَضِفُوا,نَضِفْنَ,نَضِفْتَ,نَضِفْتِ,نَضِفْتُمَا,نَضِفْتُمْ,نَضِفْتُنَّ,نَضِفْتُ,نَضِفْنَا
نضل,نَضَلَ,فَعَلَ يَفْعُلُ ( فتحُ ضمٍّ ),متعدي,نَضْل,نَضَلَ,نَضَلَتْ,نَضَلَا,نَضَلَتَا,نَضَلُوا,نَضَلْنَ,نَضَلْتَ,نَضَلْتِ,نَضَلْتُمَا,نَضَلْتُمْ,نَضَلْتُنَّ,نَضَلْتُ,نَضَلْنَا
نضل,نَضِلَ,فَعِلَ يَفْعَلُ ( كسر فتح ),لازم,نَضَل,نَضِلَ,نَضِلَتْ,نَضِلَا,نَضِلَتَا,نَضِلُوا,نَضِلْنَ,نَضِلْتَ,نَضِلْتِ,نَضِلْتُمَا,نَضِلْتُمْ,نَضِلْتُنَّ,نَضِلْتُ,نَضِلْنَا
نطب,نَطَبَ,فَعَلَ يَفْعُلُ ( فتحُ ضمٍّ ),متعدي,نَطْب,نَطَبَ,نَطَبَتْ,نَطَبَا,نَطَبَتَا,نَطَبُوا,نَطَبْنَ,نَطَبْتَ,نَطَبْتِ,نَطَبْتُمَا,نَطَبْتُمْ,نَطَبْتُنَّ,نَطَبْتُ,نَطَبْنَا
نطح,نَطَحَ,فَعَلَ يَفْعِلُ ( فتحُ كَسْرٍ ),متعدي,نَطْح,نَطَحَ,نَطَحَتْ,نَطَحَا,نَطَحَتَا,نَطَحُوا,نَطَحْنَ,نَطَحْتَ,نَطَحْتِ,نَطَحْتُمَا,نَطَحْتُمْ,نَطَحْتُنَّ,نَطَحْتُ,نَطَحْنَا
نطح,نَطَحَ,فَعَلَ يَفْعَلُ ( فتحتان ),متعدي,نُطُوح,نَطَحَ,نَطَحَتْ,نَطَحَا,نَطَحَتَا,نَطَحُوا,نَطَحْنَ,نَطَحْتَ,نَطَحْتِ,نَطَحْتُمَا,نَطَحْتُمْ,نَطَحْتُنَّ,نَطَحْتُ,نَطَحْنَا
نطر,نَطَرَ,فَعَلَ يَفْعُلُ ( فتحُ ضمٍّ ),متعدي,نَطْر,نَطَرَ,نَطَرَتْ,نَطَرَا,نَطَرَتَا,نَطَرُوا,نَطَرْنَ,نَطَرْتَ,نَطَرْتِ,نَطَرْتُمَا,نَطَرْتُمْ,نَطَرْتُنَّ,نَطَرْتُ,نَطَرْنَا
نطس,نَطِسَ,فَعِلَ يَفْعَلُ ( كسر فتح ),لازم,نَطَس,نَطِسَ,نَطِسَتْ,نَطِسَا,نَطِسَتَا,نَطِسُوا,نَطِسْنَ,نَطِسْتَ,نَطِسْتِ,نَطِسْتُمَا,نَطِسْتُمْ,نَطِسْتُنَّ,نَطِسْتُ,نَطِسْنَا
نطع,نَطَعَ,فَعَلَ يَفْعَلُ ( فتحتان ),متعدي,نَطْع,نَطَعَ,نَطَعَتْ,نَطَعَا,نَطَعَتَا,نَطَعُوا,نَطَعْنَ,نَطَعْتَ,نَطَعْتِ,نَطَعْتُمَا,نَطَعْتُمْ,نَطَعْتُنَّ,نَطَعْتُ,نَطَعْنَا
نطف,نَطَفَ,فَعَلَ يَفْعُلُ ( فتحُ ضمٍّ ),مشترك ,نَطْف,نَطَفَ,نَطَفَتْ,نَطَفَا,نَطَفَتَا,نَطَفُوا,نَطَفْنَ,نَطَفْتَ,نَطَفْتِ,نَطَفْتُمَا,نَطَفْتُمْ,نَطَفْتُنَّ,نَطَفْتُ,نَطَفْنَا
نطف,نَطَفَ,فَعَلَ يَفْعِلُ ( فتحُ كَسْرٍ ),مشترك ,نُطُوف,نَطَفَ,نَطَفَتْ,نَطَفَا,نَطَفَتَا,نَطَفُوا,نَطَفْنَ,نَطَفْتَ,نَطَفْتِ,نَطَفْتُمَا,نَطَفْتُمْ,نَطَفْتُنَّ,نَطَفْتُ,نَطَفْنَا
نطف,نَطِفَ,فَعِلَ يَفْعَلُ ( كسر فتح ),لازم,نَطَف,نَطِفَ,نَطِفَتْ,نَطِفَا,نَطِفَتَا,نَطِفُوا,نَطِفْنَ,نَطِفْتَ,نَطِفْتِ,نَطِفْتُمَا,نَطِفْتُمْ,نَطِفْتُنَّ,نَطِفْتُ,نَطِفْنَا
نطق,نَطَقَ,فَعَلَ يَفْعِلُ ( فتحُ كَسْرٍ ),لازم,نُطُوق,نَطَقَ,نَطَقَتْ,نَطَقَا,نَطَقَتَا,نَطَقُوا,نَطَقْنَ,نَطَقْتَ,نَطَقْتِ,نَطَقْتُمَا,نَطَقْتُمْ,نَطَقْتُنَّ,نَطَقْتُ,نَطَقْنَا
نطق,نَطُقَ,فَعُلَ يَفْعُلُ ( ضمَ ضمٍَ ),لازم,نَطَاقَة,نَطُقَ,نَطُقَتْ,نَطُقَا,نَطُقَتَا,نَطُقُوا,نَطُقْنَ,نَطُقْتَ,نَطُقْتِ,نَطُقْتُمَا,نَطُقْتُمْ,نَطُقْتُنَّ,نَطُقْتُ,نَطُقْنَا
نطل,نَطَلَ,فَعَلَ يَفْعُلُ ( فتحُ ضمٍّ ),متعدي,نَطْل,نَطَلَ,نَطَلَتْ,نَطَلَا,نَطَلَتَا,نَطَلُوا,نَطَلْنَ,نَطَلْتَ,نَطَلْتِ,نَطَلْتُمَا,نَطَلْتُمْ,نَطَلْتُنَّ,نَطَلْتُ,نَطَلْنَا
نظر,نَظَرَ,فَعَلَ يَفْعُلُ ( فتحُ ضمٍّ ),مشترك ,نَظَر,نَظَرَ,نَظَرَتْ,نَظَرَا,نَظَرَتَا,نَظَرُوا,نَظَرْنَ,نَظَرْتَ,نَظَرْتِ,نَظَرْتُمَا,نَظَرْتُمْ,نَظَرْتُنَّ,نَظَرْتُ,نَظَرْنَا
نظف,نَظُفَ,فَعُلَ يَفْعُلُ ( ضمَ ضمٍَ ),لازم,نَظَافَة,نَظُفَ,نَظُفَتْ,نَظُفَا,نَظُفَتَا,نَظُفُوا,نَظُفْنَ,نَظُفْتَ,نَظُفْتِ,نَظُفْتُمَا,نَظُفْتُمْ,نَظُفْتُنَّ,نَظُفْتُ,نَظُفْنَا
نظم,نَظَمَ,فَعَلَ يَفْعِلُ ( فتحُ كَسْرٍ ),مشترك ,نَظْم,نَظَمَ,نَظَمَتْ,نَظَمَا,نَظَمَتَا,نَظَمُوا,نَظَمْنَ,نَظَمْتَ,نَظَمْتِ,نَظَمْتُمَا,نَظَمْتُمْ,نَظَمْتُنَّ,نَظَمْتُ,نَظَمْنَا
خزن,خَزُنَ,فَعُلَ يَفْعُلُ ( ضمَ ضمٍَ ),لازم,خَزْن,خَزُنَ,خَزُنَتْ,خَزُنَا,خَزُنَتَا,خَزُنُوا,خَزُنْنَ,خَزُنْتَ,خَزُنْتِ,خَزُنْتُمَا,خَزُنْتُمْ,خَزُنْتُنَّ,خَزُنْتُ,خَزُنْنَا
نعب,نَعَبَ,فَعَلَ يَفْعِلُ ( فتحُ كَسْرٍ ),لازم,نَعْب,نَعَبَ,نَعَبَتْ,نَعَبَا,نَعَبَتَا,نَعَبُوا,نَعَبْنَ,نَعَبْتَ,نَعَبْتِ,نَعَبْتُمَا,نَعَبْتُمْ,نَعَبْتُنَّ,نَعَبْتُ,نَعَبْنَا
نعب,نَعَبَ,فَعَلَ يَفْعَلُ ( فتحتان ),لازم,نَعِيب,نَعَبَ,نَعَبَتْ,نَعَبَا,نَعَبَتَا,نَعَبُوا,نَعَبْنَ,نَعَبْتَ,نَعَبْتِ,نَعَبْتُمَا,نَعَبْتُمْ,نَعَبْتُنَّ,نَعَبْتُ,نَعَبْنَا
نعت,نَعَتَ,فَعَلَ يَفْعَلُ ( فتحتان ),متعدي,نَعْت,نَعَتَ,نَعَتَتْ,نَعَتَا,نَعَتَتَا,نَعَتُوا,نَعَتْنَ,نَعَتْتَ,نَعَتْتِ,نَعَتْتُمَا,نَعَتْتُمْ,نَعَتْتُنَّ,نَعَتْتُ,نَعَتْنَا
نعت,نَعِتَ,فَعِلَ يَفْعَلُ ( كسر فتح ),لازم,نَعَت,نَعِتَ,نَعِتَتْ,نَعِتَا,نَعِتَتَا,نَعِتُوا,نَعِتْنَ,نَعِتْتَ,نَعِتْتِ,نَعِتْتُمَا,نَعِتْتُمْ,نَعِتْتُنَّ,نَعِتْتُ,نَعِتْنَا
نعت,نَعُتَ,فَعُلَ يَفْعُلُ ( ضمَ ضمٍَ ),لازم,نَعَاتَة,نَعُتَ,نَعُتَتْ,نَعُتَا,نَعُتَتَا,نَعُتُوا,نَعُتْنَ,نَعُتْتَ,نَعُتْتِ,نَعُتْتُمَا,نَعُتْتُمْ,نَعُتْتُنَّ,نَعُتْتُ,نَعُتْنَا
نعث,نَعَثَ,فَعَلَ يَفْعَلُ ( فتحتان ),متعدي,نَعْث,نَعَثَ,نَعَثَتْ,نَعَثَا,نَعَثَتَا,نَعَثُوا,نَعَثْنَ,نَعَثْتَ,نَعَثْتِ,نَعَثْتُمَا,نَعَثْتُمْ,نَعَثْتُنَّ,نَعَثْتُ,نَعَثْنَا
نعج,نَعَجَ,فَعَلَ يَفْعُلُ ( فتحُ ضمٍّ ),لازم,نَعْج,نَعَجَ,نَعَجَتْ,نَعَجَا,نَعَجَتَا,نَعَجُوا,نَعَجْنَ,نَعَجْتَ,نَعَجْتِ,نَعَجْتُمَا,نَعَجْتُمْ,نَعَجْتُنَّ,نَعَجْتُ,نَعَجْنَا
نعج,نَعِجَ,فَعِلَ يَفْعَلُ ( كسر فتح ),لازم,نَعَج,نَعِجَ,نَعِجَتْ,نَعِجَا,نَعِجَتَا,نَعِجُوا,نَعِجْنَ,نَعِجْتَ,نَعِجْتِ,نَعِجْتُمَا,نَعِجْتُمْ,نَعِجْتُنَّ,نَعِجْتُ,نَعِجْنَا
نعر,نَعَرَ,فَعَلَ يَفْعِلُ ( فتحُ كَسْرٍ ),لازم,نَعْر,نَعَرَ,نَعَرَتْ,نَعَرَا,نَعَرَتَا,نَعَرُوا,نَعَرْنَ,نَعَرْتَ,نَعَرْتِ,نَعَرْتُمَا,نَعَرْتُمْ,نَعَرْتُنَّ,نَعَرْتُ,نَعَرْنَا
نعر,نَعَرَ,فَعَلَ يَفْعَلُ ( فتحتان ),مشترك ,نُعَار,نَعَرَ,نَعَرَتْ,نَعَرَا,نَعَرَتَا,نَعَرُوا,نَعَرْنَ,نَعَرْتَ,نَعَرْتِ,نَعَرْتُمَا,نَعَرْتُمْ,نَعَرْتُنَّ,نَعَرْتُ,نَعَرْنَا
نعر,نَعِرَ,فَعِلَ يَفْعَلُ ( كسر فتح ),لازم,نَعَر,نَعِرَ,نَعِرَتْ,نَعِرَا,نَعِرَتَا,نَعِرُوا,نَعِرْنَ,نَعِرْتَ,نَعِرْتِ,نَعِرْتُمَا,نَعِرْتُمْ,نَعِرْتُنَّ,نَعِرْتُ,نَعِرْنَا
نعس,نَعَسَ,فَعَلَ يَفْعُلُ ( فتحُ ضمٍّ ),لازم,نَعْس,نَعَسَ,نَعَسَتْ,نَعَسَا,نَعَسَتَا,نَعَسُوا,نَعَسْنَ,نَعَسْتَ,نَعَسْتِ,نَعَسْتُمَا,نَعَسْتُمْ,نَعَسْتُنَّ,نَعَسْتُ,نَعَسْنَا
نعس,نَعَسَ,فَعَلَ يَفْعَلُ ( فتحتان ),لازم,نُعَاس,نَعَسَ,نَعَسَتْ,نَعَسَا,نَعَسَتَا,نَعَسُوا,نَعَسْنَ,نَعَسْتَ,نَعَسْتِ,نَعَسْتُمَا,نَعَسْتُمْ,نَعَسْتُنَّ,نَعَسْتُ,نَعَسْنَا
نعش,نَعَشَ,فَعَلَ يَفْعَلُ ( فتحتان ),مشترك ,نَعْش,نَعَشَ,نَعَشَتْ,نَعَشَا,نَعَشَتَا,نَعَشُوا,نَعَشْنَ,نَعَشْتَ,نَعَشْتِ,نَعَشْتُمَا,نَعَشْتُمْ,نَعَشْتُنَّ,نَعَشْتُ,نَعَشْنَا
نعص,نَعَصَ,فَعَلَ يَفْعَلُ ( فتحتان ),متعدي,نَعْص,نَعَصَ,نَعَصَتْ,نَعَصَا,نَعَصَتَا,نَعَصُوا,نَعَصْنَ,نَعَصْتَ,نَعَصْتِ,نَعَصْتُمَا,نَعَصْتُمْ,نَعَصْتُنَّ,نَعَصْتُ,نَعَصْنَا
نعض,نَعَضَ,فَعَلَ يَفْعَلُ ( فتحتان ),مشترك ,نَعْض,نَعَضَ,نَعَضَتْ,نَعَضَا,نَعَضَتَا,نَعَضُوا,نَعَضْنَ,نَعَضْتَ,نَعَضْتِ,نَعَضْتُمَا,نَعَضْتُمْ,نَعَضْتُنَّ,نَعَضْتُ,نَعَضْنَا
نعظ,نَعَظَ,فَعَلَ يَفْعَلُ ( فتحتان ),لازم,نَعْظ,نَعَظَ,نَعَظَتْ,نَعَظَا,نَعَظَتَا,نَعَظُوا,نَعَظْنَ,نَعَظْتَ,نَعَظْتِ,نَعَظْتُمَا,نَعَظْتُمْ,نَعَظْتُنَّ,نَعَظْتُ,نَعَظْنَا
نعق,نَعَقَ,فَعَلَ يَفْعِلُ ( فتحُ كَسْرٍ ),لازم,نَعْق,نَعَقَ,نَعَقَتْ,نَعَقَا,نَعَقَتَا,نَعَقُوا,نَعَقْنَ,نَعَقْتَ,نَعَقْتِ,نَعَقْتُمَا,نَعَقْتُمْ,نَعَقْتُنَّ,نَعَقْتُ,نَعَقْنَا
نعق,نَعَقَ,فَعَلَ يَفْعَلُ ( فتحتان ),لازم,نَعِيق,نَعَقَ,نَعَقَتْ,نَعَقَا,نَعَقَتَا,نَعَقُوا,نَعَقْنَ,نَعَقْتَ,نَعَقْتِ,نَعَقْتُمَا,نَعَقْتُمْ,نَعَقْتُنَّ,نَعَقْتُ,نَعَقْنَا
نعل,نَعَلَ,فَعَلَ يَفْعَلُ ( فتحتان ),متعدي,نَعْل,نَعَلَ,نَعَلَتْ,نَعَلَا,نَعَلَتَا,نَعَلُوا,نَعَلْنَ,نَعَلْتَ,نَعَلْتِ,نَعَلْتُمَا,نَعَلْتُمْ,نَعَلْتُنَّ,نَعَلْتُ,نَعَلْنَا
نعل,نَعِلَ,فَعِلَ يَفْعَلُ ( كسر فتح ),لازم,نَعْم,نَعِلَ,نَعِلَتْ,نَعِلَا,نَعِلَتَا,نَعِلُوا,نَعِلْنَ,نَعِلْتَ,نَعِلْتِ,نَعِلْتُمَا,نَعِلْتُمْ,نَعِلْتُنَّ,نَعِلْتُ,نَعِلْنَا
نعم,نَعَمَ,فَعَلَ يَفْعُلُ ( فتحُ ضمٍّ ),مشترك ,نَعَم,نَعَمَ,نَعَمَتْ,نَعَمَا,نَعَمَتَا,نَعَمُوا,نَعَمْنَ,نَعَمْتَ,نَعَمْتِ,نَعَمْتُمَا,نَعَمْتُمْ,نَعَمْتُنَّ,نَعَمْتُ,نَعَمْنَا
نعم,نَعَمَ,فَعَلَ يَفْعِلُ ( فتحُ كَسْرٍ ),مشترك ,نِعْمَة,نَعَمَ,نَعَمَتْ,نَعَمَا,نَعَمَتَا,نَعَمُوا,نَعَمْنَ,نَعَمْتَ,نَعَمْتِ,نَعَمْتُمَا,نَعَمْتُمْ,نَعَمْتُنَّ,نَعَمْتُ,نَعَمْنَا
نعم,نَعِمَ,فَعِلَ يَفْعَلُ ( كسر فتح ),مشترك ,نَعَامَة,نَعِمَ,نَعِمَتْ,نَعِمَا,نَعِمَتَا,نَعِمُوا,نَعِمْنَ,نَعِمْتَ,نَعِمْتِ,نَعِمْتُمَا,نَعِمْتُمْ,نَعِمْتُنَّ,نَعِمْتُ,نَعِمْنَا
نعم,نَعُمَ,فَعُلَ يَفْعُلُ ( ضمَ ضمٍَ ),لازم,نَعْو,نَعُمَ,نَعُمَتْ,نَعُمَا,نَعُمَتَا,نَعُمُوا,نَعُمْنَ,نَعُمْتَ,نَعُمْتِ,نَعُمْتُمَا,نَعُمْتُمْ,نَعُمْتُنَّ,نَعُمْتُ,نَعُمْنَا
نغب,نَغَبَ,فَعَلَ يَفْعُلُ ( فتحُ ضمٍّ ),مشترك ,نَغَب,نَغَبَ,نَغَبَتْ,نَغَبَا,نَغَبَتَا,نَغَبُوا,نَغَبْنَ,نَغَبْتَ,نَغَبْتِ,نَغَبْتُمَا,نَغَبْتُمْ,نَغَبْتُنَّ,نَغَبْتُ,نَغَبْنَا
نغب,نَغَبَ,فَعَلَ يَفْعِلُ ( فتحُ كَسْرٍ ),مشترك ,نُغُوب,نَغَبَ,نَغَبَتْ,نَغَبَا,نَغَبَتَا,نَغَبُوا,نَغَبْنَ,نَغَبْتَ,نَغَبْتِ,نَغَبْتُمَا,نَغَبْتُمْ,نَغَبْتُنَّ,نَغَبْتُ,نَغَبْنَا
نغب,نَغَبَ,فَعَلَ يَفْعَلُ ( فتحتان ),مشترك ,نَغْت,نَغَبَ,نَغَبَتْ,نَغَبَا,نَغَبَتَا,نَغَبُوا,نَغَبْنَ,نَغَبْتَ,نَغَبْتِ,نَغَبْتُمَا,نَغَبْتُمْ,نَغَبْتُنَّ,نَغَبْتُ,نَغَبْنَا
نغت,نَغَتَ,فَعَلَ يَفْعَلُ ( فتحتان ),مشترك ,نَغْر,نَغَتَ,نَغَتَتْ,نَغَتَا,نَغَتَتَا,نَغَتُوا,نَغَتْنَ,نَغَتْتَ,نَغَتْتِ,نَغَتْتُمَا,نَغَتْتُمْ,نَغَتْتُنَّ,نَغَتْتُ,نَغَتْنَا
نغر,نَغَرَ,فَعَلَ يَفْعِلُ ( فتحُ كَسْرٍ ),مشترك ,نُغُور,نَغَرَ,نَغَرَتْ,نَغَرَا,نَغَرَتَا,نَغَرُوا,نَغَرْنَ,نَغَرْتَ,نَغَرْتِ,نَغَرْتُمَا,نَغَرْتُمْ,نَغَرْتُنَّ,نَغَرْتُ,نَغَرْنَا
نغر,نَغَرَ,فَعَلَ يَفْعَلُ ( فتحتان ),لازم,نَغَر,نَغَرَ,نَغَرَتْ,نَغَرَا,نَغَرَتَا,نَغَرُوا,نَغَرْنَ,نَغَرْتَ,نَغَرْتِ,نَغَرْتُمَا,نَغَرْتُمْ,نَغَرْتُنَّ,نَغَرْتُ,نَغَرْنَا
نغر,نَغِرَ,فَعِلَ يَفْعَلُ ( كسر فتح ),مشترك ,نَغْز,نَغِرَ,نَغِرَتْ,نَغِرَا,نَغِرَتَا,نَغِرُوا,نَغِرْنَ,نَغِرْتَ,نَغِرْتِ,نَغِرْتُمَا,نَغِرْتُمْ,نَغِرْتُنَّ,نَغِرْتُ,نَغِرْنَا
نغز,نَغَزَ,فَعَلَ يَفْعَلُ ( فتحتان ),مشترك ,نَغْش,نَغَزَ,نَغَزَتْ,نَغَزَا,نَغَزَتَا,نَغَزُوا,نَغَزْنَ,نَغَزْتَ,نَغَزْتِ,نَغَزْتُمَا,نَغَزْتُمْ,نَغَزْتُنَّ,نَغَزْتُ,نَغَزْنَا
نغش,نَغَشَ,فَعَلَ يَفْعَلُ ( فتحتان ),لازم,نَغْص,نَغَشَ,نَغَشَتْ,نَغَشَا,نَغَشَتَا,نَغَشُوا,نَغَشْنَ,نَغَشْتَ,نَغَشْتِ,نَغَشْتُمَا,نَغَشْتُمْ,نَغَشْتُنَّ,نَغَشْتُ,نَغَشْنَا
نغص,نَغَصَ,فَعَلَ يَفْعَلُ ( فتحتان ),مشترك ,نَغَص,نَغَصَ,نَغَصَتْ,نَغَصَا,نَغَصَتَا,نَغَصُوا,نَغَصْنَ,نَغَصْتَ,نَغَصْتِ,نَغَصْتُمَا,نَغَصْتُمْ,نَغَصْتُنَّ,نَغَصْتُ,نَغَصْنَا
نغص,نَغِصَ,فَعِلَ يَفْعَلُ ( كسر فتح ),لازم,نَغْض,نَغِصَ,نَغِصَتْ,نَغِصَا,نَغِصَتَا,نَغِصُوا,نَغِصْنَ,نَغِصْتَ,نَغِصْتِ,نَغِصْتُمَا,نَغِصْتُمْ,نَغِصْتُنَّ,نَغِصْتُ,نَغِصْنَا
نغض,نَغَضَ,فَعَلَ يَفْعُلُ ( فتحُ ضمٍّ ),مشترك ,نُغُوض,نَغَضَ,نَغَضَتْ,نَغَضَا,نَغَضَتَا,نَغَضُوا,نَغَضْنَ,نَغَضْتَ,نَغَضْتِ,نَغَضْتُمَا,نَغَضْتُمْ,نَغَضْتُنَّ,نَغَضْتُ,نَغَضْنَا
نغض,نَغَضَ,فَعَلَ يَفْعِلُ ( فتحُ كَسْرٍ ),مشترك ,نَغَف,نَغَضَ,نَغَضَتْ,نَغَضَا,نَغَضَتَا,نَغَضُوا,نَغَضْنَ,نَغَضْتَ,نَغَضْتِ,نَغَضْتُمَا,نَغَضْتُمْ,نَغَضْتُنَّ,نَغَضْتُ,نَغَضْنَا
نغف,نَغِفَ,فَعِلَ يَفْعَلُ ( كسر فتح ),لازم,نَغْق,نَغِفَ,نَغِفَتْ,نَغِفَا,نَغِفَتَا,نَغِفُوا,نَغِفْنَ,نَغِفْتَ,نَغِفْتِ,نَغِفْتُمَا,نَغِفْتُمْ,نَغِفْتُنَّ,نَغِفْتُ,نَغِفْنَا
نغق,نَغَقَ,فَعَلَ يَفْعِلُ ( فتحُ كَسْرٍ ),لازم,نَغِيق,نَغَقَ,نَغَقَتْ,نَغَقَا,نَغَقَتَا,نَغَقُوا,نَغَقْنَ,نَغَقْتَ,نَغَقْتِ,نَغَقْتُمَا,نَغَقْتُمْ,نَغَقْتُنَّ,نَغَقْتُ,نَغَقْنَا
نغق,نَغَقَ,فَعَلَ يَفْعَلُ ( فتحتان ),لازم,نَغَل,نَغَقَ,نَغَقَتْ,نَغَقَا,نَغَقَتَا,نَغَقُوا,نَغَقْنَ,نَغَقْتَ,نَغَقْتِ,نَغَقْتُمَا,نَغَقْتُمْ,نَغَقْتُنَّ,نَغَقْتُ,نَغَقْنَا
نغل,نَغِلَ,فَعِلَ يَفْعَلُ ( كسر فتح ),لازم,نُغُولَة,نَغِلَ,نَغِلَتْ,نَغِلَا,نَغِلَتَا,نَغِلُوا,نَغِلْنَ,نَغِلْتَ,نَغِلْتِ,نَغِلْتُمَا,نَغِلْتُمْ,نَغِلْتُنَّ,نَغِلْتُ,نَغِلْنَا
نغل,نَغُلَ,فَعُلَ يَفْعُلُ ( ضمَ ضمٍَ ),لازم,نَغْم,نَغُلَ,نَغُلَتْ,نَغُلَا,نَغُلَتَا,نَغُلُوا,نَغُلْنَ,نَغُلْتَ,نَغُلْتِ,نَغُلْتُمَا,نَغُلْتُمْ,نَغُلْتُنَّ,نَغُلْتُ,نَغُلْنَا
نغم,نَغَمَ,فَعَلَ يَفْعُلُ ( فتحُ ضمٍّ ),لازم,نَغَم,نَغَمَ,نَغَمَتْ,نَغَمَا,نَغَمَتَا,نَغَمُوا,نَغَمْنَ,نَغَمْتَ,نَغَمْتِ,نَغَمْتُمَا,نَغَمْتُمْ,نَغَمْتُنَّ,نَغَمْتُ,نَغَمْنَا
نغم,نَغَمَ,فَعَلَ يَفْعِلُ ( فتحُ كَسْرٍ ),لازم,نَغِيم,نَغَمَ,نَغَمَتْ,نَغَمَا,نَغَمَتَا,نَغَمُوا,نَغَمْنَ,نَغَمْتَ,نَغَمْتِ,نَغَمْتُمَا,نَغَمْتُمْ,نَغَمْتُنَّ,نَغَمْتُ,نَغَمْنَا
نغم,نَغَمَ,فَعَلَ يَفْعَلُ ( فتحتان ),لازم,نَغْي,نَغَمَ,نَغَمَتْ,نَغَمَا,نَغَمَتَا,نَغَمُوا,نَغَمْنَ,نَغَمْتَ,نَغَمْتِ,نَغَمْتُمَا,نَغَمْتُمْ,نَغَمْتُنَّ,نَغَمْتُ,نَغَمْنَا
نفت,نَفَتَ,فَعَلَ يَفْعِلُ ( فتحُ كَسْرٍ ),لازم,نَفْث,نَفَتَ,نَفَتَتْ,نَفَتَا,نَفَتَتَا,نَفَتُوا,نَفَتْنَ,نَفَتْتَ,نَفَتْتِ,نَفَتْتُمَا,نَفَتْتُمْ,نَفَتْتُنَّ,نَفَتْتُ,نَفَتْنَا
نفث,نَفَثَ,فَعَلَ يَفْعُلُ ( فتحُ ضمٍّ ),مشترك ,نَفِيث,نَفَثَ,نَفَثَتْ,نَفَثَا,نَفَثَتَا,نَفَثُوا,نَفَثْنَ,نَفَثْتَ,نَفَثْتِ,نَفَثْتُمَا,نَفَثْتُمْ,نَفَثْتُنَّ,نَفَثْتُ,نَفَثْنَا
نفث,نَفَثَ,فَعَلَ يَفْعِلُ ( فتحُ كَسْرٍ ),مشترك ,نَفْج,نَفَثَ,نَفَثَتْ,نَفَثَا,نَفَثَتَا,نَفَثُوا,نَفَثْنَ,نَفَثْتَ,نَفَثْتِ,نَفَثْتُمَا,نَفَثْتُمْ,نَفَثْتُنَّ,نَفَثْتُ,نَفَثْنَا
نفج,نَفَجَ,فَعَلَ يَفْعُلُ ( فتحُ ضمٍّ ),مشترك ,نُفُوج,نَفَجَ,نَفَجَتْ,نَفَجَا,نَفَجَتَا,نَفَجُوا,نَفَجْنَ,نَفَجْتَ,نَفَجْتِ,نَفَجْتُمَا,نَفَجْتُمْ,نَفَجْتُنَّ,نَفَجْتُ,نَفَجْنَا
نفج,نَفَجَ,فَعَلَ يَفْعِلُ ( فتحُ كَسْرٍ ),مشترك ,خَزِي,نَفَجَ,نَفَجَتْ,نَفَجَا,نَفَجَتَا,نَفَجُوا,نَفَجْنَ,نَفَجْتَ,نَفَجْتِ,نَفَجْتُمَا,نَفَجْتُمْ,نَفَجْتُنَّ,نَفَجْتُ,نَفَجْنَا
نفح,نَفَحَ,فَعَلَ يَفْعَلُ ( فتحتان ),مشترك ,نَفْخ,نَفَحَ,نَفَحَتْ,نَفَحَا,نَفَحَتَا,نَفَحُوا,نَفَحْنَ,نَفَحْتَ,نَفَحْتِ,نَفَحْتُمَا,نَفَحْتُمْ,نَفَحْتُنَّ,نَفَحْتُ,نَفَحْنَا
نفخ,نَفَخَ,فَعَلَ يَفْعُلُ ( فتحُ ضمٍّ ),مشترك ,نَفَخ,نَفَخَ,نَفَخَتْ,نَفَخَا,نَفَخَتَا,نَفَخُوا,نَفَخْنَ,نَفَخْتَ,نَفَخْتِ,نَفَخْتُمَا,نَفَخْتُمْ,نَفَخْتُنَّ,نَفَخْتُ,نَفَخْنَا
نفخ,نَفِخَ,فَعِلَ يَفْعَلُ ( كسر فتح ),لازم,نَفَد,نَفِخَ,نَفِخَتْ,نَفِخَا,نَفِخَتَا,نَفِخُوا,نَفِخْنَ,نَفِخْتَ,نَفِخْتِ,نَفِخْتُمَا,نَفِخْتُمْ,نَفِخْتُنَّ,نَفِخْتُ,نَفِخْنَا
نفد,نَفِدَ,فَعِلَ يَفْعَلُ ( كسر فتح ),لازم,نُفُوذ,نَفِدَ,نَفِدَتْ,نَفِدَا,نَفِدَتَا,نَفِدُوا,نَفِدْنَ,نَفِدْتَ,نَفِدْتِ,نَفِدْتُمَا,نَفِدْتُمْ,نَفِدْتُنَّ,نَفِدْتُ,نَفِدْنَا
نفذ,نَفَذَ,فَعَلَ يَفْعُلُ ( فتحُ ضمٍّ ),مشترك ,نَفْر,نَفَذَ,نَفَذَتْ,نَفَذَا,نَفَذَتَا,نَفَذُوا,نَفَذْنَ,نَفَذْتَ,نَفَذْتِ,نَفَذْتُمَا,نَفَذْتُمْ,نَفَذْتُنَّ,نَفَذْتُ,نَفَذْنَا
نفر,نَفَرَ,فَعَلَ يَفْعُلُ ( فتحُ ضمٍّ ),مشترك ,نُفُور,نَفَرَ,نَفَرَتْ,نَفَرَا,نَفَرَتَا,نَفَرُوا,نَفَرْنَ,نَفَرْتَ,نَفَرْتِ,نَفَرْتُمَا,نَفَرْتُمْ,نَفَرْتُنَّ,نَفَرْتُ,نَفَرْنَا
نفر,نَفَرَ,فَعَلَ يَفْعِلُ ( فتحُ كَسْرٍ ),مشترك ,نَفْز,نَفَرَ,نَفَرَتْ,نَفَرَا,نَفَرَتَا,نَفَرُوا,نَفَرْنَ,نَفَرْتَ,نَفَرْتِ,نَفَرْتُمَا,نَفَرْتُمْ,نَفَرْتُنَّ,نَفَرْتُ,نَفَرْنَا
نفز,نَفَزَ,فَعَلَ يَفْعِلُ ( فتحُ كَسْرٍ ),لازم,نَفْس,نَفَزَ,نَفَزَتْ,نَفَزَا,نَفَزَتَا,نَفَزُوا,نَفَزْنَ,نَفَزْتَ,نَفَزْتِ,نَفَزْتُمَا,نَفَزْتُمْ,نَفَزْتُنَّ,نَفَزْتُ,نَفَزْنَا
نفس,نَفَسَ,فَعَلَ يَفْعُلُ ( فتحُ ضمٍّ ),متعدي,نَفَاسَة,نَفَسَ,نَفَسَتْ,نَفَسَا,نَفَسَتَا,نَفَسُوا,نَفَسْنَ,نَفَسْتَ,نَفَسْتِ,نَفَسْتُمَا,نَفَسْتُمْ,نَفَسْتُنَّ,نَفَسْتُ,نَفَسْنَا
نفس,نَفِسَ,فَعِلَ يَفْعَلُ ( كسر فتح ),مشترك ,نَفَاسَة,نَفِسَ,نَفِسَتْ,نَفِسَا,نَفِسَتَا,نَفِسُوا,نَفِسْنَ,نَفِسْتَ,نَفِسْتِ,نَفِسْتُمَا,نَفِسْتُمْ,نَفِسْتُنَّ,نَفِسْتُ,نَفِسْنَا
نفس,نَفُسَ,فَعُلَ يَفْعُلُ ( ضمَ ضمٍَ ),لازم,نَفْش,نَفُسَ,نَفُسَتْ,نَفُسَا,نَفُسَتَا,نَفُسُوا,نَفُسْنَ,نَفُسْتَ,نَفُسْتِ,نَفُسْتُمَا,نَفُسْتُمْ,نَفُسْتُنَّ,نَفُسْتُ,نَفُسْنَا
نفش,نَفَشَ,فَعَلَ يَفْعُلُ ( فتحُ ضمٍّ ),مشترك ,نُفُوش,نَفَشَ,نَفَشَتْ,نَفَشَا,نَفَشَتَا,نَفَشُوا,نَفَشْنَ,نَفَشْتَ,نَفَشْتِ,نَفَشْتُمَا,نَفَشْتُمْ,نَفَشْتُنَّ,نَفَشْتُ,نَفَشْنَا
نفش,نَفَشَ,فَعَلَ يَفْعِلُ ( فتحُ كَسْرٍ ),مشترك ,نَفَش,نَفَشَ,نَفَشَتْ,نَفَشَا,نَفَشَتَا,نَفَشُوا,نَفَشْنَ,نَفَشْتَ,نَفَشْتِ,نَفَشْتُمَا,نَفَشْتُمْ,نَفَشْتُنَّ,نَفَشْتُ,نَفَشْنَا
نفش,نَفِشَ,فَعِلَ يَفْعَلُ ( كسر فتح ),لازم,نَفْص,نَفِشَ,نَفِشَتْ,نَفِشَا,نَفِشَتَا,نَفِشُوا,نَفِشْنَ,نَفِشْتَ,نَفِشْتِ,نَفِشْتُمَا,نَفِشْتُمْ,نَفِشْتُنَّ,نَفِشْتُ,نَفِشْنَا
نفص,نَفَصَ,فَعَلَ يَفْعِلُ ( فتحُ كَسْرٍ ),مشترك ,نَفْض,نَفَصَ,نَفَصَتْ,نَفَصَا,نَفَصَتَا,نَفَصُوا,نَفَصْنَ,نَفَصْتَ,نَفَصْتِ,نَفَصْتُمَا,نَفَصْتُمْ,نَفَصْتُنَّ,نَفَصْتُ,نَفَصْنَا
نفض,نَفَضَ,فَعَلَ يَفْعُلُ ( فتحُ ضمٍّ ),مشترك ,نَفْط,نَفَضَ,نَفَضَتْ,نَفَضَا,نَفَضَتَا,نَفَضُوا,نَفَضْنَ,نَفَضْتَ,نَفَضْتِ,نَفَضْتُمَا,نَفَضْتُمْ,نَفَضْتُنَّ,نَفَضْتُ,نَفَضْنَا
نفط,نَفَطَ,فَعَلَ يَفْعِلُ ( فتحُ كَسْرٍ ),لازم,نَفَط,نَفَطَ,نَفَطَتْ,نَفَطَا,نَفَطَتَا,نَفَطُوا,نَفَطْنَ,نَفَطْتَ,نَفَطْتِ,نَفَطْتُمَا,نَفَطْتُمْ,نَفَطْتُنَّ,نَفَطْتُ,نَفَطْنَا
نفط,نَفِطَ,فَعِلَ يَفْعَلُ ( كسر فتح ),لازم,نَفْع,نَفِطَ,نَفِطَتْ,نَفِطَا,نَفِطَتَا,نَفِطُوا,نَفِطْنَ,نَفِطْتَ,نَفِطْتِ,نَفِطْتُمَا,نَفِطْتُمْ,نَفِطْتُنَّ,نَفِطْتُ,نَفِطْنَا
نفع,نَفَعَ,فَعَلَ يَفْعَلُ ( فتحتان ),متعدي,نَفْغ,نَفَعَ,نَفَعَتْ,نَفَعَا,نَفَعَتَا,نَفَعُوا,نَفَعْنَ,نَفَعْتَ,نَفَعْتِ,نَفَعْتُمَا,نَفَعْتُمْ,نَفَعْتُنَّ,نَفَعْتُ,نَفَعْنَا
نفغ,نَفَغَ,فَعَلَ يَفْعَلُ ( فتحتان ),لازم,نَفَغ,نَفَغَ,نَفَغَتْ,نَفَغَا,نَفَغَتَا,نَفَغُوا,نَفَغْنَ,نَفَغْتَ,نَفَغْتِ,نَفَغْتُمَا,نَفَغْتُمْ,نَفَغْتُنَّ,نَفَغْتُ,نَفَغْنَا
نفغ,نَفِغَ,فَعِلَ يَفْعَلُ ( كسر فتح ),لازم,نَفّ,نَفِغَ,نَفِغَتْ,نَفِغَا,نَفِغَتَا,نَفِغُوا,نَفِغْنَ,نَفِغْتَ,نَفِغْتِ,نَفِغْتُمَا,نَفِغْتُمْ,نَفِغْتُنَّ,نَفِغْتُ,نَفِغْنَا
نفق,نَفَقَ,فَعَلَ يَفْعُلُ ( فتحُ ضمٍّ ),لازم,نَفْل,نَفَقَ,نَفَقَتْ,نَفَقَا,نَفَقَتَا,نَفَقُوا,نَفَقْنَ,نَفَقْتَ,نَفَقْتِ,نَفَقْتُمَا,نَفَقْتُمْ,نَفَقْتُنَّ,نَفَقْتُ,نَفَقْنَا
نفل,نَفَلَ,فَعَلَ يَفْعُلُ ( فتحُ ضمٍّ ),مشترك ,نَفْه,نَفَلَ,نَفَلَتْ,نَفَلَا,نَفَلَتَا,نَفَلُوا,نَفَلْنَ,نَفَلْتَ,نَفَلْتِ,نَفَلْتُمَا,نَفَلْتُمْ,نَفَلْتُنَّ,نَفَلْتُ,نَفَلْنَا
نفه,نَفَهَ,فَعَلَ يَفْعَلُ ( فتحتان ),لازم,نَفَه,نَفَهَ,نَفَهَتْ,نَفَهَا,نَفَهَتَا,نَفَهُوا,نَفَهْنَ,نَفَهْتَ,نَفَهْتِ,نَفَهْتُمَا,نَفَهْتُمْ,نَفَهْتُنَّ,نَفَهْتُ,نَفَهْنَا
نفه,نَفِهَ,فَعِلَ يَفْعَلُ ( كسر فتح ),لازم,خَسْأ,نَفِهَ,نَفِهَتْ,نَفِهَا,نَفِهَتَا,نَفِهُوا,نَفِهْنَ,نَفِهْتَ,نَفِهْتِ,نَفِهْتُمَا,نَفِهْتُمْ,نَفِهْتُنَّ,نَفِهْتُ,نَفِهْنَا
نقب,نَقَبَ,فَعَلَ يَفْعُلُ ( فتحُ ضمٍّ ),مشترك ,نَقَب,نَقَبَ,نَقَبَتْ,نَقَبَا,نَقَبَتَا,نَقَبُوا,نَقَبْنَ,نَقَبْتَ,نَقَبْتِ,نَقَبْتُمَا,نَقَبْتُمْ,نَقَبْتُنَّ,نَقَبْتُ,نَقَبْنَا
نقب,نَقِبَ,فَعِلَ يَفْعَلُ ( كسر فتح ),لازم,نَقَابَة,نَقِبَ,نَقِبَتْ,نَقِبَا,نَقِبَتَا,نَقِبُوا,نَقِبْنَ,نَقِبْتَ,نَقِبْتِ,نَقِبْتُمَا,نَقِبْتُمْ,نَقِبْتُنَّ,نَقِبْتُ,نَقِبْنَا
نقب,نَقُبَ,فَعُلَ يَفْعُلُ ( ضمَ ضمٍَ ),لازم,نَقْث,نَقُبَ,نَقُبَتْ,نَقُبَا,نَقُبَتَا,نَقُبُوا,نَقُبْنَ,نَقُبْتَ,نَقُبْتِ,نَقُبْتُمَا,نَقُبْتُمْ,نَقُبْتُنَّ,نَقُبْتُ,نَقُبْنَا
نقث,نَقَثَ,فَعَلَ يَفْعُلُ ( فتحُ ضمٍّ ),مشترك ,نَقْح,نَقَثَ,نَقَثَتْ,نَقَثَا,نَقَثَتَا,نَقَثُوا,نَقَثْنَ,نَقَثْتَ,نَقَثْتِ,نَقَثْتُمَا,نَقَثْتُمْ,نَقَثْتُنَّ,نَقَثْتُ,نَقَثْنَا
نقح,نَقَحَ,فَعَلَ يَفْعَلُ ( فتحتان ),متعدي,نَقْخ,نَقَحَ,نَقَحَتْ,نَقَحَا,نَقَحَتَا,نَقَحُوا,نَقَحْنَ,نَقَحْتَ,نَقَحْتِ,نَقَحْتُمَا,نَقَحْتُمْ,نَقَحْتُنَّ,نَقَحْتُ,نَقَحْنَا
نقخ,نَقَخَ,فَعَلَ يَفْعَلُ ( فتحتان ),متعدي,نَقْد,نَقَخَ,نَقَخَتْ,نَقَخَا,نَقَخَتَا,نَقَخُوا,نَقَخْنَ,نَقَخْتَ,نَقَخْتِ,نَقَخْتُمَا,نَقَخْتُمْ,نَقَخْتُنَّ,نَقَخْتُ,نَقَخْنَا
نقد,نَقَدَ,فَعَلَ يَفْعُلُ ( فتحُ ضمٍّ ),مشترك ,نَقَد,نَقَدَ,نَقَدَتْ,نَقَدَا,نَقَدَتَا,نَقَدُوا,نَقَدْنَ,نَقَدْتَ,نَقَدْتِ,نَقَدْتُمَا,نَقَدْتُمْ,نَقَدْتُنَّ,نَقَدْتُ,نَقَدْنَا
نقد,نَقِدَ,فَعِلَ يَفْعَلُ ( كسر فتح ),لازم,نَقْذ,نَقِدَ,نَقِدَتْ,نَقِدَا,نَقِدَتَا,نَقِدُوا,نَقِدْنَ,نَقِدْتَ,نَقِدْتِ,نَقِدْتُمَا,نَقِدْتُمْ,نَقِدْتُنَّ,نَقِدْتُ,نَقِدْنَا
نقذ,نَقَذَ,فَعَلَ يَفْعُلُ ( فتحُ ضمٍّ ),مشترك ,نَقَذ,نَقَذَ,نَقَذَتْ,نَقَذَا,نَقَذَتَا,نَقَذُوا,نَقَذْنَ,نَقَذْتَ,نَقَذْتِ,نَقَذْتُمَا,نَقَذْتُمْ,نَقَذْتُنَّ,نَقَذْتُ,نَقَذْنَا
نقذ,نَقِذَ,فَعِلَ يَفْعَلُ ( كسر فتح ),لازم,نَقْر,نَقِذَ,نَقِذَتْ,نَقِذَا,نَقِذَتَا,نَقِذُوا,نَقِذْنَ,نَقِذْتَ,نَقِذْتِ,نَقِذْتُمَا,نَقِذْتُمْ,نَقِذْتُنَّ,نَقِذْتُ,نَقِذْنَا
نقر,نَقَرَ,فَعَلَ يَفْعُلُ ( فتحُ ضمٍّ ),مشترك ,نَقَر,نَقَرَ,نَقَرَتْ,نَقَرَا,نَقَرَتَا,نَقَرُوا,نَقَرْنَ,نَقَرْتَ,نَقَرْتِ,نَقَرْتُمَا,نَقَرْتُمْ,نَقَرْتُنَّ,نَقَرْتُ,نَقَرْنَا
نقر,نَقِرَ,فَعِلَ يَفْعَلُ ( كسر فتح ),لازم,نَقْز,نَقِرَ,نَقِرَتْ,نَقِرَا,نَقِرَتَا,نَقِرُوا,نَقِرْنَ,نَقِرْتَ,نَقِرْتِ,نَقِرْتُمَا,نَقِرْتُمْ,نَقِرْتُنَّ,نَقِرْتُ,نَقِرْنَا
نقز,نَقَزَ,فَعَلَ يَفْعُلُ ( فتحُ ضمٍّ ),مشترك ,نُقُوز,نَقَزَ,نَقَزَتْ,نَقَزَا,نَقَزَتَا,نَقَزُوا,نَقَزْنَ,نَقَزْتَ,نَقَزْتِ,نَقَزْتُمَا,نَقَزْتُمْ,نَقَزْتُنَّ,نَقَزْتُ,نَقَزْنَا
نقز,نَقَزَ,فَعَلَ يَفْعِلُ ( فتحُ كَسْرٍ ),مشترك ,نَقْس,نَقَزَ,نَقَزَتْ,نَقَزَا,نَقَزَتَا,نَقَزُوا,نَقَزْنَ,نَقَزْتَ,نَقَزْتِ,نَقَزْتُمَا,نَقَزْتُمْ,نَقَزْتُنَّ,نَقَزْتُ,نَقَزْنَا
نقس,نَقَسَ,فَعَلَ يَفْعُلُ ( فتحُ ضمٍّ ),مشترك ,نَقَس,نَقَسَ,نَقَسَتْ,نَقَسَا,نَقَسَتَا,نَقَسُوا,نَقَسْنَ,نَقَسْتَ,نَقَسْتِ,نَقَسْتُمَا,نَقَسْتُمْ,نَقَسْتُنَّ,نَقَسْتُ,نَقَسْنَا
نقس,نَقِسَ,فَعِلَ يَفْعَلُ ( كسر فتح ),متعدي,نَقْش,نَقِسَ,نَقِسَتْ,نَقِسَا,نَقِسَتَا,نَقِسُوا,نَقِسْنَ,نَقِسْتَ,نَقِسْتِ,نَقِسْتُمَا,نَقِسْتُمْ,نَقِسْتُنَّ,نَقِسْتُ,نَقِسْنَا
نقش,نَقَشَ,فَعَلَ يَفْعُلُ ( فتحُ ضمٍّ ),مشترك ,نَقْص,نَقَشَ,نَقَشَتْ,نَقَشَا,نَقَشَتَا,نَقَشُوا,نَقَشْنَ,نَقَشْتَ,نَقَشْتِ,نَقَشْتُمَا,نَقَشْتُمْ,نَقَشْتُنَّ,نَقَشْتُ,نَقَشْنَا
نقص,نَقَصَ,فَعَلَ يَفْعُلُ ( فتحُ ضمٍّ ),مشترك ,نُقُوصَة,نَقَصَ,نَقَصَتْ,نَقَصَا,نَقَصَتَا,نَقَصُوا,نَقَصْنَ,نَقَصْتَ,نَقَصْتِ,نَقَصْتُمَا,نَقَصْتُمْ,نَقَصْتُنَّ,نَقَصْتُ,نَقَصْنَا
نقص,نَقُصَ,فَعُلَ يَفْعُلُ ( ضمَ ضمٍَ ),لازم,نَقْض,نَقُصَ,نَقُصَتْ,نَقُصَا,نَقُصَتَا,نَقُصُوا,نَقُصْنَ,نَقُصْتَ,نَقُصْتِ,نَقُصْتُمَا,نَقُصْتُمْ,نَقُصْتُنَّ,نَقُصْتُ,نَقُصْنَا
نقض,نَقَضَ,فَعَلَ يَفْعُلُ ( فتحُ ضمٍّ ),مشترك ,نُقُوض,نَقَضَ,نَقَضَتْ,نَقَضَا,نَقَضَتَا,نَقَضُوا,نَقَضْنَ,نَقَضْتَ,نَقَضْتِ,نَقَضْتُمَا,نَقَضْتُمْ,نَقَضْتُنَّ,نَقَضْتُ,نَقَضْنَا
نقض,نَقَضَ,فَعَلَ يَفْعِلُ ( فتحُ كَسْرٍ ),لازم,نَقْط,نَقَضَ,نَقَضَتْ,نَقَضَا,نَقَضَتَا,نَقَضُوا,نَقَضْنَ,نَقَضْتَ,نَقَضْتِ,نَقَضْتُمَا,نَقَضْتُمْ,نَقَضْتُنَّ,نَقَضْتُ,نَقَضْنَا
نقط,نَقَطَ,فَعَلَ يَفْعُلُ ( فتحُ ضمٍّ ),مشترك ,نَقْع,نَقَطَ,نَقَطَتْ,نَقَطَا,نَقَطَتَا,نَقَطُوا,نَقَطْنَ,نَقَطْتَ,نَقَطْتِ,نَقَطْتُمَا,نَقَطْتُمْ,نَقَطْتُنَّ,نَقَطْتُ,نَقَطْنَا
نقع,نَقَعَ,فَعَلَ يَفْعَلُ ( فتحتان ),مشترك ,نَقْف,نَقَعَ,نَقَعَتْ,نَقَعَا,نَقَعَتَا,نَقَعُوا,نَقَعْنَ,نَقَعْتَ,نَقَعْتِ,نَقَعْتُمَا,نَقَعْتُمْ,نَقَعْتُنَّ,نَقَعْتُ,نَقَعْنَا
نقف,نَقَفَ,فَعَلَ يَفْعُلُ ( فتحُ ضمٍّ ),مشترك ,نَقّ,نَقَفَ,نَقَفَتْ,نَقَفَا,نَقَفَتَا,نَقَفُوا,نَقَفْنَ,نَقَفْتَ,نَقَفْتِ,نَقَفْتُمَا,نَقَفْتُمْ,نَقَفْتُنَّ,نَقَفْتُ,نَقَفْنَا
نقل,نَقَلَ,فَعَلَ يَفْعُلُ ( فتحُ ضمٍّ ),مشترك ,نَقَل,نَقَلَ,نَقَلَتْ,نَقَلَا,نَقَلَتَا,نَقَلُوا,نَقَلْنَ,نَقَلْتَ,نَقَلْتِ,نَقَلْتُمَا,نَقَلْتُمْ,نَقَلْتُنَّ,نَقَلْتُ,نَقَلْنَا
نقل,نَقِلَ,فَعِلَ يَفْعَلُ ( كسر فتح ),لازم,نَقْم,نَقِلَ,نَقِلَتْ,نَقِلَا,نَقِلَتَا,نَقِلُوا,نَقِلْنَ,نَقِلْتَ,نَقِلْتِ,نَقِلْتُمَا,نَقِلْتُمْ,نَقِلْتُنَّ,نَقِلْتُ,نَقِلْنَا
نقم,نَقَمَ,فَعَلَ يَفْعِلُ ( فتحُ كَسْرٍ ),مشترك ,خَسَأ,نَقَمَ,نَقَمَتْ,نَقَمَا,نَقَمَتَا,نَقَمُوا,نَقَمْنَ,نَقَمْتَ,نَقَمْتِ,نَقَمْتُمَا,نَقَمْتُمْ,نَقَمْتُنَّ,نَقَمْتُ,نَقَمْنَا
نقم,نَقِمَ,فَعِلَ يَفْعَلُ ( كسر فتح ),متعدي,نَقْه,نَقِمَ,نَقِمَتْ,نَقِمَا,نَقِمَتَا,نَقِمُوا,نَقِمْنَ,نَقِمْتَ,نَقِمْتِ,نَقِمْتُمَا,نَقِمْتُمْ,نَقِمْتُنَّ,نَقِمْتُ,نَقِمْنَا
نقه,نَقَهَ,فَعَلَ يَفْعَلُ ( فتحتان ),مشترك ,نَقَه,نَقَهَ,نَقَهَتْ,نَقَهَا,نَقَهَتَا,نَقَهُوا,نَقَهْنَ,نَقَهْتَ,نَقَهْتِ,نَقَهْتُمَا,نَقَهْتُمْ,نَقَهْتُنَّ,نَقَهْتُ,نَقَهْنَا
نقه,نَقِهَ,فَعِلَ يَفْعَلُ ( كسر فتح ),مشترك ,نَقْو,نَقِهَ,نَقِهَتْ,نَقِهَا,نَقِهَتَا,نَقِهُوا,نَقِهْنَ,نَقِهْتَ,نَقِهْتِ,نَقِهْتُمَا,نَقِهْتُمْ,نَقِهْتُنَّ,نَقِهْتُ,نَقِهْنَا
نكب,نَكَبَ,فَعَلَ يَفْعُلُ ( فتحُ ضمٍّ ),مشترك ,نَكَب,نَكَبَ,نَكَبَتْ,نَكَبَا,نَكَبَتَا,نَكَبُوا,نَكَبْنَ,نَكَبْتَ,نَكَبْتِ,نَكَبْتُمَا,نَكَبْتُمْ,نَكَبْتُنَّ,نَكَبْتُ,نَكَبْنَا
نكب,نَكِبَ,فَعِلَ يَفْعَلُ ( كسر فتح ),لازم,نَكْب,نَكِبَ,نَكِبَتْ,نَكِبَا,نَكِبَتَا,نَكِبُوا,نَكِبْنَ,نَكِبْتَ,نَكِبْتِ,نَكِبْتُمَا,نَكِبْتُمْ,نَكِبْتُنَّ,نَكِبْتُ,نَكِبْنَا
نكت,نَكَتَ,فَعَلَ يَفْعُلُ ( فتحُ ضمٍّ ),مشترك ,نَكْب,نَكَتَ,نَكَتَتْ,نَكَتَا,نَكَتَتَا,نَكَتُوا,نَكَتْنَ,نَكَتْتَ,نَكَتْتِ,نَكَتْتُمَا,نَكَتْتُمْ,نَكَتْتُنَّ,نَكَتْتُ,نَكَتْنَا
نكث,نَكَثَ,فَعَلَ يَفْعُلُ ( فتحُ ضمٍّ ),متعدي,نَكْت,نَكَثَ,نَكَثَتْ,نَكَثَا,نَكَثَتَا,نَكَثُوا,نَكَثْنَ,نَكَثْتَ,نَكَثْتِ,نَكَثْتُمَا,نَكَثْتُمْ,نَكَثْتُنَّ,نَكَثْتُ,نَكَثْنَا
نكث,نَكَثَ,فَعَلَ يَفْعِلُ ( فتحُ كَسْرٍ ),متعدي,نَكْث,نَكَثَ,نَكَثَتْ,نَكَثَا,نَكَثَتَا,نَكَثُوا,نَكَثْنَ,نَكَثْتَ,نَكَثْتِ,نَكَثْتُمَا,نَكَثْتُمْ,نَكَثْتُنَّ,نَكَثْتُ,نَكَثْنَا
نكح,نَكَحَ,فَعَلَ يَفْعِلُ ( فتحُ كَسْرٍ ),مشترك ,نُكُوث,نَكَحَ,نَكَحَتْ,نَكَحَا,نَكَحَتَا,نَكَحُوا,نَكَحْنَ,نَكَحْتَ,نَكَحْتِ,نَكَحْتُمَا,نَكَحْتُمْ,نَكَحْتُنَّ,نَكَحْتُ,نَكَحْنَا
نكح,نَكَحَ,فَعَلَ يَفْعَلُ ( فتحتان ),مشترك ,نِكاح,نَكَحَ,نَكَحَتْ,نَكَحَا,نَكَحَتَا,نَكَحُوا,نَكَحْنَ,نَكَحْتَ,نَكَحْتِ,نَكَحْتُمَا,نَكَحْتُمْ,نَكَحْتُنَّ,نَكَحْتُ,نَكَحْنَا
نكخ,نَكَخَ,فَعَلَ يَفْعَلُ ( فتحتان ),متعدي,نَكَح,نَكَخَ,نَكَخَتْ,نَكَخَا,نَكَخَتَا,نَكَخُوا,نَكَخْنَ,نَكَخْتَ,نَكَخْتِ,نَكَخْتُمَا,نَكَخْتُمْ,نَكَخْتُنَّ,نَكَخْتُ,نَكَخْنَا
نكد,نَكَدَ,فَعَلَ يَفْعُلُ ( فتحُ ضمٍّ ),مشترك ,نَكْخ,نَكَدَ,نَكَدَتْ,نَكَدَا,نَكَدَتَا,نَكَدُوا,نَكَدْنَ,نَكَدْتَ,نَكَدْتِ,نَكَدْتُمَا,نَكَدْتُمْ,نَكَدْتُنَّ,نَكَدْتُ,نَكَدْنَا
نكد,نَكِدَ,فَعِلَ يَفْعَلُ ( كسر فتح ),لازم,نَكْد,نَكِدَ,نَكِدَتْ,نَكِدَا,نَكِدَتَا,نَكِدُوا,نَكِدْنَ,نَكِدْتَ,نَكِدْتِ,نَكِدْتُمَا,نَكِدْتُمْ,نَكِدْتُنَّ,نَكِدْتُ,نَكِدْنَا
نكر,نَكِرَ,فَعِلَ يَفْعَلُ ( كسر فتح ),مشترك ,نَكَد,نَكِرَ,نَكِرَتْ,نَكِرَا,نَكِرَتَا,نَكِرُوا,نَكِرْنَ,نَكِرْتَ,نَكِرْتِ,نَكِرْتُمَا,نَكِرْتُمْ,نَكِرْتُنَّ,نَكِرْتُ,نَكِرْنَا
نكر,نَكُرَ,فَعُلَ يَفْعُلُ ( ضمَ ضمٍَ ),لازم,نَكْر,نَكُرَ,نَكُرَتْ,نَكُرَا,نَكُرَتَا,نَكُرُوا,نَكُرْنَ,نَكُرْتَ,نَكُرْتِ,نَكُرْتُمَا,نَكُرْتُمْ,نَكُرْتُنَّ,نَكُرْتُ,نَكُرْنَا
نكز,نَكَزَ,فَعَلَ يَفْعُلُ ( فتحُ ضمٍّ ),مشترك ,نَكارة,نَكَزَ,نَكَزَتْ,نَكَزَا,نَكَزَتَا,نَكَزُوا,نَكَزْنَ,نَكَزْتَ,نَكَزْتِ,نَكَزْتُمَا,نَكَزْتُمْ,نَكَزْتُنَّ,نَكَزْتُ,نَكَزْنَا
نكز,نَكِزَ,فَعِلَ يَفْعَلُ ( كسر فتح ),لازم,نَكْز,نَكِزَ,نَكِزَتْ,نَكِزَا,نَكِزَتَا,نَكِزُوا,نَكِزْنَ,نَكِزْتَ,نَكِزْتِ,نَكِزْتُمَا,نَكِزْتُمْ,نَكِزْتُنَّ,نَكِزْتُ,نَكِزْنَا
نكس,نَكَسَ,فَعَلَ يَفْعُلُ ( فتحُ ضمٍّ ),مشترك ,نَكَز,نَكَسَ,نَكَسَتْ,نَكَسَا,نَكَسَتَا,نَكَسُوا,نَكَسْنَ,نَكَسْتَ,نَكَسْتِ,نَكَسْتُمَا,نَكَسْتُمْ,نَكَسْتُنَّ,نَكَسْتُ,نَكَسْنَا
نكش,نَكَشَ,فَعَلَ يَفْعُلُ ( فتحُ ضمٍّ ),مشترك ,نَكْس,نَكَشَ,نَكَشَتْ,نَكَشَا,نَكَشَتَا,نَكَشُوا,نَكَشْنَ,نَكَشْتَ,نَكَشْتِ,نَكَشْتُمَا,نَكَشْتُمْ,نَكَشْتُنَّ,نَكَشْتُ,نَكَشْنَا
نكش,نَكَشَ,فَعَلَ يَفْعِلُ ( فتحُ كَسْرٍ ),مشترك ,نَكْش,نَكَشَ,نَكَشَتْ,نَكَشَا,نَكَشَتَا,نَكَشُوا,نَكَشْنَ,نَكَشْتَ,نَكَشْتِ,نَكَشْتُمَا,نَكَشْتُمْ,نَكَشْتُنَّ,نَكَشْتُ,نَكَشْنَا
نكص,نَكَصَ,فَعَلَ يَفْعُلُ ( فتحُ ضمٍّ ),لازم,نُكُوش,نَكَصَ,نَكَصَتْ,نَكَصَا,نَكَصَتَا,نَكَصُوا,نَكَصْنَ,نَكَصْتَ,نَكَصْتِ,نَكَصْتُمَا,نَكَصْتُمْ,نَكَصْتُنَّ,نَكَصْتُ,نَكَصْنَا
نكص,نَكَصَ,فَعَلَ يَفْعِلُ ( فتحُ كَسْرٍ ),لازم,نَكْص,نَكَصَ,نَكَصَتْ,نَكَصَا,نَكَصَتَا,نَكَصُوا,نَكَصْنَ,نَكَصْتَ,نَكَصْتِ,نَكَصْتُمَا,نَكَصْتُمْ,نَكَصْتُنَّ,نَكَصْتُ,نَكَصْنَا
نكظ,نَكَظَ,فَعَلَ يَفْعُلُ ( فتحُ ضمٍّ ),مشترك ,نُكُوص,نَكَظَ,نَكَظَتْ,نَكَظَا,نَكَظَتَا,نَكَظُوا,نَكَظْنَ,نَكَظْتَ,نَكَظْتِ,نَكَظْتُمَا,نَكَظْتُمْ,نَكَظْتُنَّ,نَكَظْتُ,نَكَظْنَا
خسر,خَسَرَ,فَعَلَ يَفْعِلُ ( فتحُ كَسْرٍ ),مشترك ,نَظْخ,خَسَرَ,خَسَرَتْ,خَسَرَا,خَسَرَتَا,خَسَرُوا,خَسَرْنَ,خَسَرْتَ,خَسَرْتِ,خَسَرْتُمَا,خَسَرْتُمْ,خَسَرْتُنَّ,خَسَرْتُ,خَسَرْنَا
نكظ,نَكِظَ,فَعِلَ يَفْعَلُ ( كسر فتح ),لازم,نَكْظ,نَكِظَ,نَكِظَتْ,نَكِظَا,نَكِظَتَا,نَكِظُوا,نَكِظْنَ,نَكِظْتَ,نَكِظْتِ,نَكِظْتُمَا,نَكِظْتُمْ,نَكِظْتُنَّ,نَكِظْتُ,نَكِظْنَا
نكع,نَكَعَ,فَعَلَ يَفْعَلُ ( فتحتان ),مشترك ,نَعّ,نَكَعَ,نَكَعَتْ,نَكَعَا,نَكَعَتَا,نَكَعُوا,نَكَعْنَ,نَكَعْتَ,نَكَعْتِ,نَكَعْتُمَا,نَكَعْتُمْ,نَكَعْتُنَّ,نَكَعْتُ,نَكَعْنَا
نكع,نَكِعَ,فَعِلَ يَفْعَلُ ( كسر فتح ),لازم,نَعِيْع,نَكِعَ,نَكِعَتْ,نَكِعَا,نَكِعَتَا,نَكِعُوا,نَكِعْنَ,نَكِعْتَ,نَكِعْتِ,نَكِعْتُمَا,نَكِعْتُمْ,نَكِعْتُنَّ,نَكِعْتُ,نَكِعْنَا
نكف,نَكَفَ,فَعَلَ يَفْعُلُ ( فتحُ ضمٍّ ),مشترك ,نَكْف,نَكَفَ,نَكَفَتْ,نَكَفَا,نَكَفَتَا,نَكَفُوا,نَكَفْنَ,نَكَفْتَ,نَكَفْتِ,نَكَفْتُمَا,نَكَفْتُمْ,نَكَفْتُنَّ,نَكَفْتُ,نَكَفْنَا
نكف,نَكِفَ,فَعِلَ يَفْعَلُ ( كسر فتح ),لازم,نَكَف,نَكِفَ,نَكِفَتْ,نَكِفَا,نَكِفَتَا,نَكِفُوا,نَكِفْنَ,نَكِفْتَ,نَكِفْتِ,نَكِفْتُمَا,نَكِفْتُمْ,نَكِفْتُنَّ,نَكِفْتُ,نَكِفْنَا
نكل,نَكَلَ,فَعَلَ يَفْعُلُ ( فتحُ ضمٍّ ),مشترك ,نَكْل,نَكَلَ,نَكَلَتْ,نَكَلَا,نَكَلَتَا,نَكَلُوا,نَكَلْنَ,نَكَلْتَ,نَكَلْتِ,نَكَلْتُمَا,نَكَلْتُمْ,نَكَلْتُنَّ,نَكَلْتُ,نَكَلْنَا
نكل,نَكَلَ,فَعَلَ يَفْعِلُ ( فتحُ كَسْرٍ ),مشترك ,نُكُول,نَكَلَ,نَكَلَتْ,نَكَلَا,نَكَلَتَا,نَكَلُوا,نَكَلْنَ,نَكَلْتَ,نَكَلْتِ,نَكَلْتُمَا,نَكَلْتُمْ,نَكَلْتُنَّ,نَكَلْتُ,نَكَلْنَا
نكل,نَكِلَ,فَعِلَ يَفْعَلُ ( كسر فتح ),لازم,نَكَل,نَكِلَ,نَكِلَتْ,نَكِلَا,نَكِلَتَا,نَكِلُوا,نَكِلْنَ,نَكِلْتَ,نَكِلْتِ,نَكِلْتُمَا,نَكِلْتُمْ,نَكِلْتُنَّ,نَكِلْتُ,نَكِلْنَا
نكه,نَكَهَ,فَعَلَ يَفْعِلُ ( فتحُ كَسْرٍ ),لازم,نَكْه,نَكَهَ,نَكَهَتْ,نَكَهَا,نَكَهَتَا,نَكَهُوا,نَكَهْنَ,نَكَهْتَ,نَكَهْتِ,نَكَهْتُمَا,نَكَهْتُمْ,نَكَهْتُنَّ,نَكَهْتُ,نَكَهْنَا
نكه,نَكَهَ,فَعَلَ يَفْعَلُ ( فتحتان ),مشترك ,نُكُوه,نَكَهَ,نَكَهَتْ,نَكَهَا,نَكَهَتَا,نَكَهُوا,نَكَهْنَ,نَكَهْتَ,نَكَهْتِ,نَكَهْتُمَا,نَكَهْتُمْ,نَكَهْتُنَّ,نَكَهْتُ,نَكَهْنَا
نكه,نَكِهَ,فَعِلَ يَفْعَلُ ( كسر فتح ),مشترك ,نَكَه,نَكِهَ,نَكِهَتْ,نَكِهَا,نَكِهَتَا,نَكِهُوا,نَكِهْنَ,نَكِهْتَ,نَكِهْتِ,نَكِهْتُمَا,نَكِهْتُمْ,نَكِهْتُنَّ,نَكِهْتُ,نَكِهْنَا
نمر,نَمَرَ,فَعَلَ يَفْعُلُ ( فتحُ ضمٍّ ),لازم,نَمْر,نَمَرَ,نَمَرَتْ,نَمَرَا,نَمَرَتَا,نَمَرُوا,نَمَرْنَ,نَمَرْتَ,نَمَرْتِ,نَمَرْتُمَا,نَمَرْتُمْ,نَمَرْتُنَّ,نَمَرْتُ,نَمَرْنَا
نمر,نَمِرَ,فَعِلَ يَفْعَلُ ( كسر فتح ),لازم,نَمَر,نَمِرَ,نَمِرَتْ,نَمِرَا,نَمِرَتَا,نَمِرُوا,نَمِرْنَ,نَمِرْتَ,نَمِرْتِ,نَمِرْتُمَا,نَمِرْتُمْ,نَمِرْتُنَّ,نَمِرْتُ,نَمِرْنَا
نمس,نَمَسَ,فَعَلَ يَفْعِلُ ( فتحُ كَسْرٍ ),مشترك ,نَمْس,نَمَسَ,نَمَسَتْ,نَمَسَا,نَمَسَتَا,نَمَسُوا,نَمَسْنَ,نَمَسْتَ,نَمَسْتِ,نَمَسْتُمَا,نَمَسْتُمْ,نَمَسْتُنَّ,نَمَسْتُ,نَمَسْنَا
نمس,نَمِسَ,فَعِلَ يَفْعَلُ ( كسر فتح ),لازم,نَمَس,نَمِسَ,نَمِسَتْ,نَمِسَا,نَمِسَتَا,نَمِسُوا,نَمِسْنَ,نَمِسْتَ,نَمِسْتِ,نَمِسْتُمَا,نَمِسْتُمْ,نَمِسْتُنَّ,نَمِسْتُ,نَمِسْنَا
نمش,نَمَشَ,فَعَلَ يَفْعُلُ ( فتحُ ضمٍّ ),مشترك ,نَمْش,نَمَشَ,نَمَشَتْ,نَمَشَا,نَمَشَتَا,نَمَشُوا,نَمَشْنَ,نَمَشْتَ,نَمَشْتِ,نَمَشْتُمَا,نَمَشْتُمْ,نَمَشْتُنَّ,نَمَشْتُ,نَمَشْنَا
نمش,نَمِشَ,فَعِلَ يَفْعَلُ ( كسر فتح ),لازم,نَمَش,نَمِشَ,نَمِشَتْ,نَمِشَا,نَمِشَتَا,نَمِشُوا,نَمِشْنَ,نَمِشْتَ,نَمِشْتِ,نَمِشْتُمَا,نَمِشْتُمْ,نَمِشْتُنَّ,نَمِشْتُ,نَمِشْنَا
نمص,نَمَصَ,فَعَلَ يَفْعُلُ ( فتحُ ضمٍّ ),مشترك ,نَمْص,نَمَصَ,نَمَصَتْ,نَمَصَا,نَمَصَتَا,نَمَصُوا,نَمَصْنَ,نَمَصْتَ,نَمَصْتِ,نَمَصْتُمَا,نَمَصْتُمْ,نَمَصْتُنَّ,نَمَصْتُ,نَمَصْنَا
نمص,نَمِصَ,فَعِلَ يَفْعَلُ ( كسر فتح ),لازم,نَمَص,نَمِصَ,نَمِصَتْ,نَمِصَا,نَمِصَتَا,نَمِصُوا,نَمِصْنَ,نَمِصْتَ,نَمِصْتِ,نَمِصْتُمَا,نَمِصْتُمْ,نَمِصْتُنَّ,نَمِصْتُ,نَمِصْنَا
نمق,نَمَقَ,فَعَلَ يَفْعُلُ ( فتحُ ضمٍّ ),متعدي,نَمْق,نَمَقَ,نَمَقَتْ,نَمَقَا,نَمَقَتَا,نَمَقُوا,نَمَقْنَ,نَمَقْتَ,نَمَقْتِ,نَمَقْتُمَا,نَمَقْتُمْ,نَمَقْتُنَّ,نَمَقْتُ,نَمَقْنَا
نمل,نَمَلَ,فَعَلَ يَفْعُلُ ( فتحُ ضمٍّ ),لازم,نَمْل,نَمَلَ,نَمَلَتْ,نَمَلَا,نَمَلَتَا,نَمَلُوا,نَمَلْنَ,نَمَلْتَ,نَمَلْتِ,نَمَلْتُمَا,نَمَلْتُمْ,نَمَلْتُنَّ,نَمَلْتُ,نَمَلْنَا
نمل,نَمِلَ,فَعِلَ يَفْعَلُ ( كسر فتح ),لازم,نَمَل,نَمِلَ,نَمِلَتْ,نَمِلَا,نَمِلَتَا,نَمِلُوا,نَمِلْنَ,نَمِلْتَ,نَمِلْتِ,نَمِلْتُمَا,نَمِلْتُمْ,نَمِلْتُنَّ,نَمِلْتُ,نَمِلْنَا
نمه,نَمِهَ,فَعِلَ يَفْعَلُ ( كسر فتح ),لازم,نَمَه,نَمِهَ,نَمِهَتْ,نَمِهَا,نَمِهَتَا,نَمِهُوا,نَمِهْنَ,نَمِهْتَ,نَمِهْتِ,نَمِهْتُمَا,نَمِهْتُمْ,نَمِهْتُنَّ,نَمِهْتُ,نَمِهْنَا
خسر,خَسِرَ,فَعِلَ يَفْعَلُ ( كسر فتح ),مشترك ,نَـأْي,خَسِرَ,خَسِرَتْ,خَسِرَا,خَسِرَتَا,خَسِرُوا,خَسِرْنَ,خَسِرْتَ,خَسِرْتِ,خَسِرْتُمَا,خَسِرْتُمْ,خَسِرْتُنَّ,خَسِرْتُ,خَسِرْنَا
نهب,نَهَبَ,فَعَلَ يَفْعُلُ ( فتحُ ضمٍّ ),مشترك ,نَهْب,نَهَبَ,نَهَبَتْ,نَهَبَا,نَهَبَتَا,نَهَبُوا,نَهَبْنَ,نَهَبْتَ,نَهَبْتِ,نَهَبْتُمَا,نَهَبْتُمْ,نَهَبْتُنَّ,نَهَبْتُ,نَهَبْنَا
نهب,نَهَبَ,فَعَلَ يَفْعَلُ ( فتحتان ),مشترك ,نَهيب,نَهَبَ,نَهَبَتْ,نَهَبَا,نَهَبَتَا,نَهَبُوا,نَهَبْنَ,نَهَبْتَ,نَهَبْتِ,نَهَبْتُمَا,نَهَبْتُمْ,نَهَبْتُنَّ,نَهَبْتُ,نَهَبْنَا
نهب,نَهِبَ,فَعِلَ يَفْعَلُ ( كسر فتح ),مشترك ,نَهَب,نَهِبَ,نَهِبَتْ,نَهِبَا,نَهِبَتَا,نَهِبُوا,نَهِبْنَ,نَهِبْتَ,نَهِبْتِ,نَهِبْتُمَا,نَهِبْتُمْ,نَهِبْتُنَّ,نَهِبْتُ,نَهِبْنَا
نهت,نَهَتَ,فَعَلَ يَفْعِلُ ( فتحُ كَسْرٍ ),لازم,نَهْت,نَهَتَ,نَهَتَتْ,نَهَتَا,نَهَتَتَا,نَهَتُوا,نَهَتْنَ,نَهَتْتَ,نَهَتْتِ,نَهَتْتُمَا,نَهَتْتُمْ,نَهَتْتُنَّ,نَهَتْتُ,نَهَتْنَا
نهج,نَهَجَ,فَعَلَ يَفْعَلُ ( فتحتان ),لازم,نَهْج,نَهَجَ,نَهَجَتْ,نَهَجَا,نَهَجَتَا,نَهَجُوا,نَهَجْنَ,نَهَجْتَ,نَهَجْتِ,نَهَجْتُمَا,نَهَجْتُمْ,نَهَجْتُنَّ,نَهَجْتُ,نَهَجْنَا
نهج,نَهِجَ,فَعِلَ يَفْعَلُ ( كسر فتح ),لازم,نُهُوج,نَهِجَ,نَهِجَتْ,نَهِجَا,نَهِجَتَا,نَهِجُوا,نَهِجْنَ,نَهِجْتَ,نَهِجْتِ,نَهِجْتُمَا,نَهِجْتُمْ,نَهِجْتُنَّ,نَهِجْتُ,نَهِجْنَا
نهج,نَهُجَ,فَعُلَ يَفْعُلُ ( ضمَ ضمٍَ ),لازم,نَهَج,نَهُجَ,نَهُجَتْ,نَهُجَا,نَهُجَتَا,نَهُجُوا,نَهُجْنَ,نَهُجْتَ,نَهُجْتِ,نَهُجْتُمَا,نَهُجْتُمْ,نَهُجْتُنَّ,نَهُجْتُ,نَهُجْنَا
نهد,نَهَدَ,فَعَلَ يَفْعُلُ ( فتحُ ضمٍّ ),مشترك ,نَهْد,نَهَدَ,نَهَدَتْ,نَهَدَا,نَهَدَتَا,نَهَدُوا,نَهَدْنَ,نَهَدْتَ,نَهَدْتِ,نَهَدْتُمَا,نَهَدْتُمْ,نَهَدْتُنَّ,نَهَدْتُ,نَهَدْنَا
نهد,نَهَدَ,فَعَلَ يَفْعَلُ ( فتحتان ),مشترك ,نُهُود,نَهَدَ,نَهَدَتْ,نَهَدَا,نَهَدَتَا,نَهَدُوا,نَهَدْنَ,نَهَدْتَ,نَهَدْتِ,نَهَدْتُمَا,نَهَدْتُمْ,نَهَدْتُنَّ,نَهَدْتُ,نَهَدْنَا
نهد,نَهُدَ,فَعُلَ يَفْعُلُ ( ضمَ ضمٍَ ),لازم,نَهَد,نَهُدَ,نَهُدَتْ,نَهُدَا,نَهُدَتَا,نَهُدُوا,نَهُدْنَ,نَهُدْتَ,نَهُدْتِ,نَهُدْتُمَا,نَهُدْتُمْ,نَهُدْتُنَّ,نَهُدْتُ,نَهُدْنَا
نهر,نَهَرَ,فَعَلَ يَفْعَلُ ( فتحتان ),مشترك ,نَهْر,نَهَرَ,نَهَرَتْ,نَهَرَا,نَهَرَتَا,نَهَرُوا,نَهَرْنَ,نَهَرْتَ,نَهَرْتِ,نَهَرْتُمَا,نَهَرْتُمْ,نَهَرْتُنَّ,نَهَرْتُ,نَهَرْنَا
نهر,نَهِرَ,فَعِلَ يَفْعَلُ ( كسر فتح ),لازم,نَهِير,نَهِرَ,نَهِرَتْ,نَهِرَا,نَهِرَتَا,نَهِرُوا,نَهِرْنَ,نَهِرْتَ,نَهِرْتِ,نَهِرْتُمَا,نَهِرْتُمْ,نَهِرْتُنَّ,نَهِرْتُ,نَهِرْنَا
نهز,نَهَزَ,فَعَلَ يَفْعَلُ ( فتحتان ),مشترك ,نَهْز,نَهَزَ,نَهَزَتْ,نَهَزَا,نَهَزَتَا,نَهَزُوا,نَهَزْنَ,نَهَزْتَ,نَهَزْتِ,نَهَزْتُمَا,نَهَزْتُمْ,نَهَزْتُنَّ,نَهَزْتُ,نَهَزْنَا
نهس,نَهَسَ,فَعَلَ يَفْعَلُ ( فتحتان ),متعدي,نَهْس,نَهَسَ,نَهَسَتْ,نَهَسَا,نَهَسَتَا,نَهَسُوا,نَهَسْنَ,نَهَسْتَ,نَهَسْتِ,نَهَسْتُمَا,نَهَسْتُمْ,نَهَسْتُنَّ,نَهَسْتُ,نَهَسْنَا
نهس,نَهِسَ,فَعِلَ يَفْعَلُ ( كسر فتح ),متعدي,نَهَس,نَهِسَ,نَهِسَتْ,نَهِسَا,نَهِسَتَا,نَهِسُوا,نَهِسْنَ,نَهِسْتَ,نَهِسْتِ,نَهِسْتُمَا,نَهِسْتُمْ,نَهِسْتُنَّ,نَهِسْتُ,نَهِسْنَا
نهش,نَهَشَ,فَعَلَ يَفْعِلُ ( فتحُ كَسْرٍ ),مشترك ,نَهْش,نَهَشَ,نَهَشَتْ,نَهَشَا,نَهَشَتَا,نَهَشُوا,نَهَشْنَ,نَهَشْتَ,نَهَشْتِ,نَهَشْتُمَا,نَهَشْتُمْ,نَهَشْتُنَّ,نَهَشْتُ,نَهَشْنَا
نهش,نَهَشَ,فَعَلَ يَفْعَلُ ( فتحتان ),مشترك ,نُهُوش,نَهَشَ,نَهَشَتْ,نَهَشَا,نَهَشَتَا,نَهَشُوا,نَهَشْنَ,نَهَشْتَ,نَهَشْتِ,نَهَشْتُمَا,نَهَشْتُمْ,نَهَشْتُنَّ,نَهَشْتُ,نَهَشْنَا
نهض,نَهَضَ,فَعَلَ يَفْعَلُ ( فتحتان ),مشترك ,نَهْض,نَهَضَ,نَهَضَتْ,نَهَضَا,نَهَضَتَا,نَهَضُوا,نَهَضْنَ,نَهَضْتَ,نَهَضْتِ,نَهَضْتُمَا,نَهَضْتُمْ,نَهَضْتُنَّ,نَهَضْتُ,نَهَضْنَا
نهط,نَهَطَ,فَعَلَ يَفْعَلُ ( فتحتان ),متعدي,نَهْط,نَهَطَ,نَهَطَتْ,نَهَطَا,نَهَطَتَا,نَهَطُوا,نَهَطْنَ,نَهَطْتَ,نَهَطْتِ,نَهَطْتُمَا,نَهَطْتُمْ,نَهَطْتُنَّ,نَهَطْتُ,نَهَطْنَا
نهف,نَهَفَ,فَعَلَ يَفْعَلُ ( فتحتان ),لازم,نَهْف,نَهَفَ,نَهَفَتْ,نَهَفَا,نَهَفَتَا,نَهَفُوا,نَهَفْنَ,نَهَفْتَ,نَهَفْتِ,نَهَفْتُمَا,نَهَفْتُمْ,نَهَفْتُنَّ,نَهَفْتُ,نَهَفْنَا
نهق,نَهَقَ,فَعَلَ يَفْعُلُ ( فتحُ ضمٍّ ),لازم,نَهْق,نَهَقَ,نَهَقَتْ,نَهَقَا,نَهَقَتَا,نَهَقُوا,نَهَقْنَ,نَهَقْتَ,نَهَقْتِ,نَهَقْتُمَا,نَهَقْتُمْ,نَهَقْتُنَّ,نَهَقْتُ,نَهَقْنَا
نهق,نَهَقَ,فَعَلَ يَفْعِلُ ( فتحُ كَسْرٍ ),لازم,نُهاق,نَهَقَ,نَهَقَتْ,نَهَقَا,نَهَقَتَا,نَهَقُوا,نَهَقْنَ,نَهَقْتَ,نَهَقْتِ,نَهَقْتُمَا,نَهَقْتُمْ,نَهَقْتُنَّ,نَهَقْتُ,نَهَقْنَا
نهق,نَهَقَ,فَعَلَ يَفْعَلُ ( فتحتان ),لازم,نَهِيق,نَهَقَ,نَهَقَتْ,نَهَقَا,نَهَقَتَا,نَهَقُوا,نَهَقْنَ,نَهَقْتَ,نَهَقْتِ,نَهَقْتُمَا,نَهَقْتُمْ,نَهَقْتُنَّ,نَهَقْتُ,نَهَقْنَا
نهق,نَهِقَ,فَعِلَ يَفْعَلُ ( كسر فتح ),لازم,نَهَق,نَهِقَ,نَهِقَتْ,نَهِقَا,نَهِقَتَا,نَهِقُوا,نَهِقْنَ,نَهِقْتَ,نَهِقْتِ,نَهِقْتُمَا,نَهِقْتُمْ,نَهِقْتُنَّ,نَهِقْتُ,نَهِقْنَا
نهك,نَهَكَ,فَعَلَ يَفْعَلُ ( فتحتان ),مشترك ,نَهْك,نَهَكَ,نَهَكَتْ,نَهَكَا,نَهَكَتَا,نَهَكُوا,نَهَكْنَ,نَهَكْتَ,نَهَكْتِ,نَهَكْتُمَا,نَهَكْتُمْ,نَهَكْتُنَّ,نَهَكْتُ,نَهَكْنَا
نهك,نَهِكَ,فَعِلَ يَفْعَلُ ( كسر فتح ),متعدي,نَهَك,نَهِكَ,نَهِكَتْ,نَهِكَا,نَهِكَتَا,نَهِكُوا,نَهِكْنَ,نَهِكْتَ,نَهِكْتِ,نَهِكْتُمَا,نَهِكْتُمْ,نَهِكْتُنَّ,نَهِكْتُ,نَهِكْنَا
نهك,نَهُكَ,فَعُلَ يَفْعُلُ ( ضمَ ضمٍَ ),لازم,نُهُوك,نَهُكَ,نَهُكَتْ,نَهُكَا,نَهُكَتَا,نَهُكُوا,نَهُكْنَ,نَهُكْتَ,نَهُكْتِ,نَهُكْتُمَا,نَهُكْتُمْ,نَهُكْتُنَّ,نَهُكْتُ,نَهُكْنَا
نهل,نَهِلَ,فَعِلَ يَفْعَلُ ( كسر فتح ),لازم,نَهْل,نَهِلَ,نَهِلَتْ,نَهِلَا,نَهِلَتَا,نَهِلُوا,نَهِلْنَ,نَهِلْتَ,نَهِلْتِ,نَهِلْتُمَا,نَهِلْتُمْ,نَهِلْتُنَّ,نَهِلْتُ,نَهِلْنَا
نهم,نَهَمَ,فَعَلَ يَفْعِلُ ( فتحُ كَسْرٍ ),مشترك ,نَهْم,نَهَمَ,نَهَمَتْ,نَهَمَا,نَهَمَتَا,نَهَمُوا,نَهَمْنَ,نَهَمْتَ,نَهَمْتِ,نَهَمْتُمَا,نَهَمْتُمْ,نَهَمْتُنَّ,نَهَمْتُ,نَهَمْنَا
نهم,نَهَمَ,فَعَلَ يَفْعَلُ ( فتحتان ),مشترك ,نُهُوم,نَهَمَ,نَهَمَتْ,نَهَمَا,نَهَمَتَا,نَهَمُوا,نَهَمْنَ,نَهَمْتَ,نَهَمْتِ,نَهَمْتُمَا,نَهَمْتُمْ,نَهَمْتُنَّ,نَهَمْتُ,نَهَمْنَا
نهم,نَهِمَ,فَعِلَ يَفْعَلُ ( كسر فتح ),لازم,نَهَم,نَهِمَ,نَهِمَتْ,نَهِمَا,نَهِمَتَا,نَهِمُوا,نَهِمْنَ,نَهِمْتَ,نَهِمْتِ,نَهِمْتُمَا,نَهِمْتُمْ,نَهِمْتُنَّ,نَهِمْتُ,نَهِمْنَا
هبت,هَبَتَ,فَعَلَ يَفْعِلُ ( فتحُ كَسْرٍ ),مشترك ,هَبْت,هَبَتَ,هَبَتَتْ,هَبَتَا,هَبَتَتَا,هَبَتُوا,هَبَتْنَ,هَبَتْتَ,هَبَتْتِ,هَبَتْتُمَا,هَبَتْتُمْ,هَبَتْتُنَّ,هَبَتْتُ,هَبَتْنَا
هبث,هَبَثَ,فَعَلَ يَفْعُلُ ( فتحُ ضمٍّ ),متعدي,هَبْث,هَبَثَ,هَبَثَتْ,هَبَثَا,هَبَثَتَا,هَبَثُوا,هَبَثْنَ,هَبَثْتَ,هَبَثْتِ,هَبَثْتُمَا,هَبَثْتُمْ,هَبَثْتُنَّ,هَبَثْتُ,هَبَثْنَا
هبج,هَبَجَ,فَعَلَ يَفْعِلُ ( فتحُ كَسْرٍ ),متعدي,هَبْج,هَبَجَ,هَبَجَتْ,هَبَجَا,هَبَجَتَا,هَبَجُوا,هَبَجْنَ,هَبَجْتَ,هَبَجْتِ,هَبَجْتُمَا,هَبَجْتُمْ,هَبَجْتُنَّ,هَبَجْتُ,هَبَجْنَا
هبج,هَبِجَ,فَعِلَ يَفْعَلُ ( كسر فتح ),لازم,هَبَج,هَبِجَ,هَبِجَتْ,هَبِجَا,هَبِجَتَا,هَبِجُوا,هَبِجْنَ,هَبِجْتَ,هَبِجْتِ,هَبِجْتُمَا,هَبِجْتُمْ,هَبِجْتُنَّ,هَبِجْتُ,هَبِجْنَا
هبد,هَبَدَ,فَعَلَ يَفْعِلُ ( فتحُ كَسْرٍ ),متعدي,هَبْد,هَبَدَ,هَبَدَتْ,هَبَدَا,هَبَدَتَا,هَبَدُوا,هَبَدْنَ,هَبَدْتَ,هَبَدْتِ,هَبَدْتُمَا,هَبَدْتُمْ,هَبَدْتُنَّ,هَبَدْتُ,هَبَدْنَا
هبذ,هَبَذَ,فَعَلَ يَفْعِلُ ( فتحُ كَسْرٍ ),لازم,هَبْذ,هَبَذَ,هَبَذَتْ,هَبَذَا,هَبَذَتَا,هَبَذُوا,هَبَذْنَ,هَبَذْتَ,هَبَذْتِ,هَبَذْتُمَا,هَبَذْتُمْ,هَبَذْتُنَّ,هَبَذْتُ,هَبَذْنَا
هبر,هَبَرَ,فَعَلَ يَفْعُلُ ( فتحُ ضمٍّ ),متعدي,هَبْر,هَبَرَ,هَبَرَتْ,هَبَرَا,هَبَرَتَا,هَبَرُوا,هَبَرْنَ,هَبَرْتَ,هَبَرْتِ,هَبَرْتُمَا,هَبَرْتُمْ,هَبَرْتُنَّ,هَبَرْتُ,هَبَرْنَا
هبر,هَبِرَ,فَعِلَ يَفْعَلُ ( كسر فتح ),لازم,هَبَر,هَبِرَ,هَبِرَتْ,هَبِرَا,هَبِرَتَا,هَبِرُوا,هَبِرْنَ,هَبِرْتَ,هَبِرْتِ,هَبِرْتُمَا,هَبِرْتُمْ,هَبِرْتُنَّ,هَبِرْتُ,هَبِرْنَا
هبز,هَبَزَ,فَعَلَ يَفْعِلُ ( فتحُ كَسْرٍ ),لازم,هَبْز,هَبَزَ,هَبَزَتْ,هَبَزَا,هَبَزَتَا,هَبَزُوا,هَبَزْنَ,هَبَزْتَ,هَبَزْتِ,هَبَزْتُمَا,هَبَزْتُمْ,هَبَزْتُنَّ,هَبَزْتُ,هَبَزْنَا
هبش,هَبَشَ,فَعَلَ يَفْعِلُ ( فتحُ كَسْرٍ ),مشترك ,هَبْش,هَبَشَ,هَبَشَتْ,هَبَشَا,هَبَشَتَا,هَبَشُوا,هَبَشْنَ,هَبَشْتَ,هَبَشْتِ,هَبَشْتُمَا,هَبَشْتُمْ,هَبَشْتُنَّ,هَبَشْتُ,هَبَشْنَا
هبش,هَبِشَ,فَعِلَ يَفْعَلُ ( كسر فتح ),لازم,هَبَش,هَبِشَ,هَبِشَتْ,هَبِشَا,هَبِشَتَا,هَبِشُوا,هَبِشْنَ,هَبِشْتَ,هَبِشْتِ,هَبِشْتُمَا,هَبِشْتُمْ,هَبِشْتُنَّ,هَبِشْتُ,هَبِشْنَا
هبص,هَبَصَ,فَعَلَ يَفْعِلُ ( فتحُ كَسْرٍ ),لازم,هَبْص,هَبَصَ,هَبَصَتْ,هَبَصَا,هَبَصَتَا,هَبَصُوا,هَبَصْنَ,هَبَصْتَ,هَبَصْتِ,هَبَصْتُمَا,هَبَصْتُمْ,هَبَصْتُنَّ,هَبَصْتُ,هَبَصْنَا
هبص,هَبِصَ,فَعِلَ يَفْعَلُ ( كسر فتح ),لازم,هَبَص,هَبِصَ,هَبِصَتْ,هَبِصَا,هَبِصَتَا,هَبِصُوا,هَبِصْنَ,هَبِصْتَ,هَبِصْتِ,هَبِصْتُمَا,هَبِصْتُمْ,هَبِصْتُنَّ,هَبِصْتُ,هَبِصْنَا
هبط,هَبَطَ,فَعَلَ يَفْعُلُ ( فتحُ ضمٍّ ),مشترك ,هَبْط,هَبَطَ,هَبَطَتْ,هَبَطَا,هَبَطَتَا,هَبَطُوا,هَبَطْنَ,هَبَطْتَ,هَبَطْتِ,هَبَطْتُمَا,هَبَطْتُمْ,هَبَطْتُنَّ,هَبَطْتُ,هَبَطْنَا
هبط,هَبَطَ,فَعَلَ يَفْعِلُ ( فتحُ كَسْرٍ ),مشترك ,هُبُوط,هَبَطَ,هَبَطَتْ,هَبَطَا,هَبَطَتَا,هَبَطُوا,هَبَطْنَ,هَبَطْتَ,هَبَطْتِ,هَبَطْتُمَا,هَبَطْتُمْ,هَبَطْتُنَّ,هَبَطْتُ,هَبَطْنَا
هبع,هَبَعَ,فَعَلَ يَفْعِلُ ( فتحُ كَسْرٍ ),لازم,هَبْع,هَبَعَ,هَبَعَتْ,هَبَعَا,هَبَعَتَا,هَبَعُوا,هَبَعْنَ,هَبَعْتَ,هَبَعْتِ,هَبَعْتُمَا,هَبَعْتُمْ,هَبَعْتُنَّ,هَبَعْتُ,هَبَعْنَا
هبع,هَبَعَ,فَعَلَ يَفْعَلُ ( فتحتان ),لازم,هُبُوع,هَبَعَ,هَبَعَتْ,هَبَعَا,هَبَعَتَا,هَبَعُوا,هَبَعْنَ,هَبَعْتَ,هَبَعْتِ,هَبَعْتُمَا,هَبَعْتُمْ,هَبَعْتُنَّ,هَبَعْتُ,هَبَعْنَا
هبغ,هَبَغَ,فَعَلَ يَفْعَلُ ( فتحتان ),لازم,هَبْغ,هَبَغَ,هَبَغَتْ,هَبَغَا,هَبَغَتَا,هَبَغُوا,هَبَغْنَ,هَبَغْتَ,هَبَغْتِ,هَبَغْتُمَا,هَبَغْتُمْ,هَبَغْتُنَّ,هَبَغْتُ,هَبَغْنَا
هبل,هَبِلَ,فَعِلَ يَفْعَلُ ( كسر فتح ),مشترك ,هَبْل,هَبِلَ,هَبِلَتْ,هَبِلَا,هَبِلَتَا,هَبِلُوا,هَبِلْنَ,هَبِلْتَ,هَبِلْتِ,هَبِلْتُمَا,هَبِلْتُمْ,هَبِلْتُنَّ,هَبِلْتُ,هَبِلْنَا
هبل,هَبُلَ,فَعُلَ يَفْعُلُ ( ضمَ ضمٍَ ),لازم,هَبَل,هَبُلَ,هَبُلَتْ,هَبُلَا,هَبُلَتَا,هَبُلُوا,هَبُلْنَ,هَبُلْتَ,هَبُلْتِ,هَبُلْتُمَا,هَبُلْتُمْ,هَبُلْتُنَّ,هَبُلْتُ,هَبُلْنَا
هتر,هَتَرَ,فَعَلَ يَفْعِلُ ( فتحُ كَسْرٍ ),مشترك ,هَتْر,هَتَرَ,هَتَرَتْ,هَتَرَا,هَتَرَتَا,هَتَرُوا,هَتَرْنَ,هَتَرْتَ,هَتَرْتِ,هَتَرْتُمَا,هَتَرْتُمْ,هَتَرْتُنَّ,هَتَرْتُ,هَتَرْنَا
هتش,هَتَشَ,فَعَلَ يَفْعِلُ ( فتحُ كَسْرٍ ),متعدي,هَتْش,هَتَشَ,هَتَشَتْ,هَتَشَا,هَتَشَتَا,هَتَشُوا,هَتَشْنَ,هَتَشْتَ,هَتَشْتِ,هَتَشْتُمَا,هَتَشْتُمْ,هَتَشْتُنَّ,هَتَشْتُ,هَتَشْنَا
هتع,هَتَعَ,فَعَلَ يَفْعَلُ ( فتحتان ),لازم,هَتْع,هَتَعَ,هَتَعَتْ,هَتَعَا,هَتَعَتَا,هَتَعُوا,هَتَعْنَ,هَتَعْتَ,هَتَعْتِ,هَتَعْتُمَا,هَتَعْتُمْ,هَتَعْتُنَّ,هَتَعْتُ,هَتَعْنَا
هتف,هَتَفَ,فَعَلَ يَفْعِلُ ( فتحُ كَسْرٍ ),مشترك ,هَتْف,هَتَفَ,هَتَفَتْ,هَتَفَا,هَتَفَتَا,هَتَفُوا,هَتَفْنَ,هَتَفْتَ,هَتَفْتِ,هَتَفْتُمَا,هَتَفْتُمْ,هَتَفْتُنَّ,هَتَفْتُ,هَتَفْنَا
هتك,هَتَكَ,فَعَلَ يَفْعِلُ ( فتحُ كَسْرٍ ),متعدي,هَتْك,هَتَكَ,هَتَكَتْ,هَتَكَا,هَتَكَتَا,هَتَكُوا,هَتَكْنَ,هَتَكْتَ,هَتَكْتِ,هَتَكْتُمَا,هَتَكْتُمْ,هَتَكْتُنَّ,هَتَكْتُ,هَتَكْنَا
هتل,هَتَلَ,فَعَلَ يَفْعِلُ ( فتحُ كَسْرٍ ),لازم,هَتْل,هَتَلَ,هَتَلَتْ,هَتَلَا,هَتَلَتَا,هَتَلُوا,هَتَلْنَ,هَتَلْتَ,هَتَلْتِ,هَتَلْتُمَا,هَتَلْتُمْ,هَتَلْتُنَّ,هَتَلْتُ,هَتَلْنَا
هتم,هَتَمَ,فَعَلَ يَفْعِلُ ( فتحُ كَسْرٍ ),متعدي,هَتْم,هَتَمَ,هَتَمَتْ,هَتَمَا,هَتَمَتَا,هَتَمُوا,هَتَمْنَ,هَتَمْتَ,هَتَمْتِ,هَتَمْتُمَا,هَتَمْتُمْ,هَتَمْتُنَّ,هَتَمْتُ,هَتَمْنَا
هتم,هَتِمَ,فَعِلَ يَفْعَلُ ( كسر فتح ),لازم,هَتَم,هَتِمَ,هَتِمَتْ,هَتِمَا,هَتِمَتَا,هَتِمُوا,هَتِمْنَ,هَتِمْتَ,هَتِمْتِ,هَتِمْتُمَا,هَتِمْتُمْ,هَتِمْتُنَّ,هَتِمْتُ,هَتِمْنَا
هتن,هَتَنَ,فَعَلَ يَفْعِلُ ( فتحُ كَسْرٍ ),لازم,هَتْن,هَتَنَ,هَتَنَتْ,هَتَنَا,هَتَنَتَا,هَتَنُوا,هَتَنْنَ,هَتَنْتَ,هَتَنْتِ,هَتَنْتُمَا,هَتَنْتُمْ,هَتَنْتُنَّ,هَتَنْتُ,هَتَنْنَا
هثم,هَثَمَ,فَعَلَ يَفْعِلُ ( فتحُ كَسْرٍ ),مشترك ,هَثْم,هَثَمَ,هَثَمَتْ,هَثَمَا,هَثَمَتَا,هَثَمُوا,هَثَمْنَ,هَثَمْتَ,هَثَمْتِ,هَثَمْتُمَا,هَثَمْتُمْ,هَثَمْتُنَّ,هَثَمْتُ,هَثَمْنَا
خسف,خَسَفَ,فَعَلَ يَفْعِلُ ( فتحُ كَسْرٍ ),مشترك ,خَسْف,خَسَفَ,خَسَفَتْ,خَسَفَا,خَسَفَتَا,خَسَفُوا,خَسَفْنَ,خَسَفْتَ,خَسَفْتِ,خَسَفْتُمَا,خَسَفْتُمْ,خَسَفْتُنَّ,خَسَفْتُ,خَسَفْنَا
هجب,هَجَبَ,فَعَلَ يَفْعِلُ ( فتحُ كَسْرٍ ),مشترك ,هَجْب,هَجَبَ,هَجَبَتْ,هَجَبَا,هَجَبَتَا,هَجَبُوا,هَجَبْنَ,هَجَبْتَ,هَجَبْتِ,هَجَبْتُمَا,هَجَبْتُمْ,هَجَبْتُنَّ,هَجَبْتُ,هَجَبْنَا
هجد,هَجَدَ,فَعَلَ يَفْعُلُ ( فتحُ ضمٍّ ),لازم,هَجْد,هَجَدَ,هَجَدَتْ,هَجَدَا,هَجَدَتَا,هَجَدُوا,هَجَدْنَ,هَجَدْتَ,هَجَدْتِ,هَجَدْتُمَا,هَجَدْتُمْ,هَجَدْتُنَّ,هَجَدْتُ,هَجَدْنَا
هجر,هَجَرَ,فَعَلَ يَفْعُلُ ( فتحُ ضمٍّ ),مشترك ,هَجْر,هَجَرَ,هَجَرَتْ,هَجَرَا,هَجَرَتَا,هَجَرُوا,هَجَرْنَ,هَجَرْتَ,هَجَرْتِ,هَجَرْتُمَا,هَجَرْتُمْ,هَجَرْتُنَّ,هَجَرْتُ,هَجَرْنَا
هجس,هَجَسَ,فَعَلَ يَفْعِلُ ( فتحُ كَسْرٍ ),مشترك ,هَجْس,هَجَسَ,هَجَسَتْ,هَجَسَا,هَجَسَتَا,هَجَسُوا,هَجَسْنَ,هَجَسْتَ,هَجَسْتِ,هَجَسْتُمَا,هَجَسْتُمْ,هَجَسْتُنَّ,هَجَسْتُ,هَجَسْنَا
هجش,هَجَشَ,فَعَلَ يَفْعُلُ ( فتحُ ضمٍّ ),مشترك ,هَجْش,هَجَشَ,هَجَشَتْ,هَجَشَا,هَجَشَتَا,هَجَشُوا,هَجَشْنَ,هَجَشْتَ,هَجَشْتِ,هَجَشْتُمَا,هَجَشْتُمْ,هَجَشْتُنَّ,هَجَشْتُ,هَجَشْنَا
هجع,هَجَعَ,فَعَلَ يَفْعَلُ ( فتحتان ),مشترك ,هَجْع,هَجَعَ,هَجَعَتْ,هَجَعَا,هَجَعَتَا,هَجَعُوا,هَجَعْنَ,هَجَعْتَ,هَجَعْتِ,هَجَعْتُمَا,هَجَعْتُمْ,هَجَعْتُنَّ,هَجَعْتُ,هَجَعْنَا
هجف,هَجَفَ,فَعَلَ يَفْعُلُ ( فتحُ ضمٍّ ),لازم,هَجْف,هَجَفَ,هَجَفَتْ,هَجَفَا,هَجَفَتَا,هَجَفُوا,هَجَفْنَ,هَجَفْتَ,هَجَفْتِ,هَجَفْتُمَا,هَجَفْتُمْ,هَجَفْتُنَّ,هَجَفْتُ,هَجَفْنَا
هجف,هَجَفَ,فَعَلَ يَفْعِلُ ( فتحُ كَسْرٍ ),لازم,هُجُوف,هَجَفَ,هَجَفَتْ,هَجَفَا,هَجَفَتَا,هَجَفُوا,هَجَفْنَ,هَجَفْتَ,هَجَفْتِ,هَجَفْتُمَا,هَجَفْتُمْ,هَجَفْتُنَّ,هَجَفْتُ,هَجَفْنَا
هجف,هَجِفَ,فَعِلَ يَفْعَلُ ( كسر فتح ),لازم,هَجَف,هَجِفَ,هَجِفَتْ,هَجِفَا,هَجِفَتَا,هَجِفُوا,هَجِفْنَ,هَجِفْتَ,هَجِفْتِ,هَجِفْتُمَا,هَجِفْتُمْ,هَجِفْتُنَّ,هَجِفْتُ,هَجِفْنَا
هجل,هَجَلَ,فَعَلَ يَفْعُلُ ( فتحُ ضمٍّ ),لازم,هَجْل,هَجَلَ,هَجَلَتْ,هَجَلَا,هَجَلَتَا,هَجَلُوا,هَجَلْنَ,هَجَلْتَ,هَجَلْتِ,هَجَلْتُمَا,هَجَلْتُمْ,هَجَلْتُنَّ,هَجَلْتُ,هَجَلْنَا
هجم,هَجَمَ,فَعَلَ يَفْعُلُ ( فتحُ ضمٍّ ),مشترك ,هَجْم,هَجَمَ,هَجَمَتْ,هَجَمَا,هَجَمَتَا,هَجَمُوا,هَجَمْنَ,هَجَمْتَ,هَجَمْتِ,هَجَمْتُمَا,هَجَمْتُمْ,هَجَمْتُنَّ,هَجَمْتُ,هَجَمْنَا
هجم,هَجَمَ,فَعَلَ يَفْعِلُ ( فتحُ كَسْرٍ ),مشترك ,هُجُوم,هَجَمَ,هَجَمَتْ,هَجَمَا,هَجَمَتَا,هَجَمُوا,هَجَمْنَ,هَجَمْتَ,هَجَمْتِ,هَجَمْتُمَا,هَجَمْتُمْ,هَجَمْتُنَّ,هَجَمْتُ,هَجَمْنَا
هجن,هَجَنَ,فَعَلَ يَفْعُلُ ( فتحُ ضمٍّ ),لازم,هَجْن,هَجَنَ,هَجَنَتْ,هَجَنَا,هَجَنَتَا,هَجَنُوا,هَجَنْنَ,هَجَنْتَ,هَجَنْتِ,هَجَنْتُمَا,هَجَنْتُمْ,هَجَنْتُنَّ,هَجَنْتُ,هَجَنْنَا
هجن,هَجَنَ,فَعَلَ يَفْعِلُ ( فتحُ كَسْرٍ ),لازم,هُجُون,هَجَنَ,هَجَنَتْ,هَجَنَا,هَجَنَتَا,هَجَنُوا,هَجَنْنَ,هَجَنْتَ,هَجَنْتِ,هَجَنْتُمَا,هَجَنْتُمْ,هَجَنْتُنَّ,هَجَنْتُ,هَجَنْنَا
هجن,هَجُنَ,فَعُلَ يَفْعُلُ ( ضمَ ضمٍَ ),لازم,هَجَن,هَجُنَ,هَجُنَتْ,هَجُنَا,هَجُنَتَا,هَجُنُوا,هَجُنْنَ,هَجُنْتَ,هَجُنْتِ,هَجُنْتُمَا,هَجُنْتُمْ,هَجُنْتُنَّ,هَجُنْتُ,هَجُنْنَا
هدب,هَدَبَ,فَعَلَ يَفْعِلُ ( فتحُ كَسْرٍ ),متعدي,هَدْب,هَدَبَ,هَدَبَتْ,هَدَبَا,هَدَبَتَا,هَدَبُوا,هَدَبْنَ,هَدَبْتَ,هَدَبْتِ,هَدَبْتُمَا,هَدَبْتُمْ,هَدَبْتُنَّ,هَدَبْتُ,هَدَبْنَا
هدب,هَدِبَ,فَعِلَ يَفْعَلُ ( كسر فتح ),لازم,هَدَب,هَدِبَ,هَدِبَتْ,هَدِبَا,هَدِبَتَا,هَدِبُوا,هَدِبْنَ,هَدِبْتَ,هَدِبْتِ,هَدِبْتُمَا,هَدِبْتُمْ,هَدِبْتُنَّ,هَدِبْتُ,هَدِبْنَا
هدج,هَدَجَ,فَعَلَ يَفْعِلُ ( فتحُ كَسْرٍ ),لازم,هَدَج,هَدَجَ,هَدَجَتْ,هَدَجَا,هَدَجَتَا,هَدَجُوا,هَدَجْنَ,هَدَجْتَ,هَدَجْتِ,هَدَجْتُمَا,هَدَجْتُمْ,هَدَجْتُنَّ,هَدَجْتُ,هَدَجْنَا
خسق,خَسَقَ,فَعَلَ يَفْعِلُ ( فتحُ كَسْرٍ ),مشترك ,هَدْق,خَسَقَ,خَسَقَتْ,خَسَقَا,خَسَقَتَا,خَسَقُوا,خَسَقْنَ,خَسَقْتَ,خَسَقْتِ,خَسَقْتُمَا,خَسَقْتُمْ,خَسَقْتُنَّ,خَسَقْتُ,خَسَقْنَا
هدر,هَدَرَ,فَعَلَ يَفْعُلُ ( فتحُ ضمٍّ ),مشترك ,هَدْر,هَدَرَ,هَدَرَتْ,هَدَرَا,هَدَرَتَا,هَدَرُوا,هَدَرْنَ,هَدَرْتَ,هَدَرْتِ,هَدَرْتُمَا,هَدَرْتُمْ,هَدَرْتُنَّ,هَدَرْتُ,هَدَرْنَا
هدر,هَدَرَ,فَعَلَ يَفْعِلُ ( فتحُ كَسْرٍ ),مشترك ,هَدِير,هَدَرَ,هَدَرَتْ,هَدَرَا,هَدَرَتَا,هَدَرُوا,هَدَرْنَ,هَدَرْتَ,هَدَرْتِ,هَدَرْتُمَا,هَدَرْتُمْ,هَدَرْتُنَّ,هَدَرْتُ,هَدَرْنَا
هدغ,هَدَغَ,فَعَلَ يَفْعَلُ ( فتحتان ),متعدي,هَدْغ,هَدَغَ,هَدَغَتْ,هَدَغَا,هَدَغَتَا,هَدَغُوا,هَدَغْنَ,هَدَغْتَ,هَدَغْتِ,هَدَغْتُمَا,هَدَغْتُمْ,هَدَغْتُنَّ,هَدَغْتُ,هَدَغْنَا
هدف,هَدَفَ,فَعَلَ يَفْعُلُ ( فتحُ ضمٍّ ),لازم,هَدْف,هَدَفَ,هَدَفَتْ,هَدَفَا,هَدَفَتَا,هَدَفُوا,هَدَفْنَ,هَدَفْتَ,هَدَفْتِ,هَدَفْتُمَا,هَدَفْتُمْ,هَدَفْتُنَّ,هَدَفْتُ,هَدَفْنَا
هدف,هَدَفَ,فَعَلَ يَفْعِلُ ( فتحُ كَسْرٍ ),مشترك ,هُدُوف,هَدَفَ,هَدَفَتْ,هَدَفَا,هَدَفَتَا,هَدَفُوا,هَدَفْنَ,هَدَفْتَ,هَدَفْتِ,هَدَفْتُمَا,هَدَفْتُمْ,هَدَفْتُنَّ,هَدَفْتُ,هَدَفْنَا
هدك,هَدَكَ,فَعَلَ يَفْعِلُ ( فتحُ كَسْرٍ ),مشترك ,هَدْك,هَدَكَ,هَدَكَتْ,هَدَكَا,هَدَكَتَا,هَدَكُوا,هَدَكْنَ,هَدَكْتَ,هَدَكْتِ,هَدَكْتُمَا,هَدَكْتُمْ,هَدَكْتُنَّ,هَدَكْتُ,هَدَكْنَا
هدل,هَدَلَ,فَعَلَ يَفْعِلُ ( فتحُ كَسْرٍ ),مشترك ,هَدْل,هَدَلَ,هَدَلَتْ,هَدَلَا,هَدَلَتَا,هَدَلُوا,هَدَلْنَ,هَدَلْتَ,هَدَلْتِ,هَدَلْتُمَا,هَدَلْتُمْ,هَدَلْتُنَّ,هَدَلْتُ,هَدَلْنَا
هدل,هَدِلَ,فَعِلَ يَفْعَلُ ( كسر فتح ),لازم,هَدَل,هَدِلَ,هَدِلَتْ,هَدِلَا,هَدِلَتَا,هَدِلُوا,هَدِلْنَ,هَدِلْتَ,هَدِلْتِ,هَدِلْتُمَا,هَدِلْتُمْ,هَدِلْتُنَّ,هَدِلْتُ,هَدِلْنَا
هدم,هَدَمَ,فَعَلَ يَفْعِلُ ( فتحُ كَسْرٍ ),متعدي,هَدْم,هَدَمَ,هَدَمَتْ,هَدَمَا,هَدَمَتَا,هَدَمُوا,هَدَمْنَ,هَدَمْتَ,هَدَمْتِ,هَدَمْتُمَا,هَدَمْتُمْ,هَدَمْتُنَّ,هَدَمْتُ,هَدَمْنَا
هدم,هَدِمَ,فَعِلَ يَفْعَلُ ( كسر فتح ),لازم,هَدَم,هَدِمَ,هَدِمَتْ,هَدِمَا,هَدِمَتَا,هَدِمُوا,هَدِمْنَ,هَدِمْتَ,هَدِمْتِ,هَدِمْتُمَا,هَدِمْتُمْ,هَدِمْتُنَّ,هَدِمْتُ,هَدِمْنَا
هدن,هَدَنَ,فَعَلَ يَفْعِلُ ( فتحُ كَسْرٍ ),مشترك ,هَدْن,هَدَنَ,هَدَنَتْ,هَدَنَا,هَدَنَتَا,هَدَنُوا,هَدَنْنَ,هَدَنْتَ,هَدَنْتِ,هَدَنْتُمَا,هَدَنْتُمْ,هَدَنْتُنَّ,هَدَنْتُ,هَدَنْنَا
هذب,هَذَبَ,فَعَلَ يَفْعِلُ ( فتحُ كَسْرٍ ),مشترك ,هَذْب,هَذَبَ,هَذَبَتْ,هَذَبَا,هَذَبَتَا,هَذَبُوا,هَذَبْنَ,هَذَبْتَ,هَذَبْتِ,هَذَبْتُمَا,هَذَبْتُمْ,هَذَبْتُنَّ,هَذَبْتُ,هَذَبْنَا
هذر,هَذَرَ,فَعَلَ يَفْعُلُ ( فتحُ ضمٍّ ),لازم,هَذْر,هَذَرَ,هَذَرَتْ,هَذَرَا,هَذَرَتَا,هَذَرُوا,هَذَرْنَ,هَذَرْتَ,هَذَرْتِ,هَذَرْتُمَا,هَذَرْتُمْ,هَذَرْتُنَّ,هَذَرْتُ,هَذَرْنَا
هذر,هَذَرَ,فَعَلَ يَفْعِلُ ( فتحُ كَسْرٍ ),لازم,هَذَر,هَذَرَ,هَذَرَتْ,هَذَرَا,هَذَرَتَا,هَذَرُوا,هَذَرْنَ,هَذَرْتَ,هَذَرْتِ,هَذَرْتُمَا,هَذَرْتُمْ,هَذَرْتُنَّ,هَذَرْتُ,هَذَرْنَا
هذر,هَذِرَ,فَعِلَ يَفْعَلُ ( كسر فتح ),لازم,هَذَر,هَذِرَ,هَذِرَتْ,هَذِرَا,هَذِرَتَا,هَذِرُوا,هَذِرْنَ,هَذِرْتَ,هَذِرْتِ,هَذِرْتُمَا,هَذِرْتُمْ,هَذِرْتُنَّ,هَذِرْتُ,هَذِرْنَا
هذف,هَذَفَ,فَعَلَ يَفْعِلُ ( فتحُ كَسْرٍ ),لازم,هَذْف,هَذَفَ,هَذَفَتْ,هَذَفَا,هَذَفَتَا,هَذَفُوا,هَذَفْنَ,هَذَفْتَ,هَذَفْتِ,هَذَفْتُمَا,هَذَفْتُمْ,هَذَفْتُنَّ,هَذَفْتُ,هَذَفْنَا
هذم,هَذَمَ,فَعَلَ يَفْعِلُ ( فتحُ كَسْرٍ ),مشترك ,هَذْم,هَذَمَ,هَذَمَتْ,هَذَمَا,هَذَمَتَا,هَذَمُوا,هَذَمْنَ,هَذَمْتَ,هَذَمْتِ,هَذَمْتُمَا,هَذَمْتُمْ,هَذَمْتُنَّ,هَذَمْتُ,هَذَمْنَا
هرب,هَرَبَ,فَعَلَ يَفْعُلُ ( فتحُ ضمٍّ ),لازم,هَرْب,هَرَبَ,هَرَبَتْ,هَرَبَا,هَرَبَتَا,هَرَبُوا,هَرَبْنَ,هَرَبْتَ,هَرَبْتِ,هَرَبْتُمَا,هَرَبْتُمْ,هَرَبْتُنَّ,هَرَبْتُ,هَرَبْنَا
هرب,هَرِبَ,فَعِلَ يَفْعَلُ ( كسر فتح ),لازم,هَرَب,هَرِبَ,هَرِبَتْ,هَرِبَا,هَرِبَتَا,هَرِبُوا,هَرِبْنَ,هَرِبْتَ,هَرِبْتِ,هَرِبْتُمَا,هَرِبْتُمْ,هَرِبْتُنَّ,هَرِبْتُ,هَرِبْنَا
هرت,هَرَتَ,فَعَلَ يَفْعُلُ ( فتحُ ضمٍّ ),متعدي,هَرْت,هَرَتَ,هَرَتَتْ,هَرَتَا,هَرَتَتَا,هَرَتُوا,هَرَتْنَ,هَرَتْتَ,هَرَتْتِ,هَرَتْتُمَا,هَرَتْتُمْ,هَرَتْتُنَّ,هَرَتْتُ,هَرَتْنَا
هرت,هَرَتَ,فَعَلَ يَفْعِلُ ( فتحُ كَسْرٍ ),متعدي,هَرْت,هَرَتَ,هَرَتَتْ,هَرَتَا,هَرَتَتَا,هَرَتُوا,هَرَتْنَ,هَرَتْتَ,هَرَتْتِ,هَرَتْتُمَا,هَرَتْتُمْ,هَرَتْتُنَّ,هَرَتْتُ,هَرَتْنَا
خسل,خَسَلَ,فَعَلَ يَفْعُلُ ( فتحُ ضمٍّ ),متعدي,هَرْس,خَسَلَ,خَسَلَتْ,خَسَلَا,خَسَلَتَا,خَسَلُوا,خَسَلْنَ,خَسَلْتَ,خَسَلْتِ,خَسَلْتُمَا,خَسَلْتُمْ,خَسَلْتُنَّ,خَسَلْتُ,خَسَلْنَا
هرت,هَرِتَ,فَعِلَ يَفْعَلُ ( كسر فتح ),لازم,هَرِت,هَرِتَ,هَرِتَتْ,هَرِتَا,هَرِتَتَا,هَرِتُوا,هَرِتْنَ,هَرِتْتَ,هَرِتْتِ,هَرِتْتُمَا,هَرِتْتُمْ,هَرِتْتُنَّ,هَرِتْتُ,هَرِتْنَا
هرج,هَرَجَ,فَعَلَ يَفْعُلُ ( فتحُ ضمٍّ ),مشترك ,هَرْج,هَرَجَ,هَرَجَتْ,هَرَجَا,هَرَجَتَا,هَرَجُوا,هَرَجْنَ,هَرَجْتَ,هَرَجْتِ,هَرَجْتُمَا,هَرَجْتُمْ,هَرَجْتُنَّ,هَرَجْتُ,هَرَجْنَا
هرج,هَرَجَ,فَعَلَ يَفْعِلُ ( فتحُ كَسْرٍ ),مشترك ,هُرُوج,هَرَجَ,هَرَجَتْ,هَرَجَا,هَرَجَتَا,هَرَجُوا,هَرَجْنَ,هَرَجْتَ,هَرَجْتِ,هَرَجْتُمَا,هَرَجْتُمْ,هَرَجْتُنَّ,هَرَجْتُ,هَرَجْنَا
هرج,هَرِجَ,فَعِلَ يَفْعَلُ ( كسر فتح ),لازم,هَرَج,هَرِجَ,هَرِجَتْ,هَرِجَا,هَرِجَتَا,هَرِجُوا,هَرِجْنَ,هَرِجْتَ,هَرِجْتِ,هَرِجْتُمَا,هَرِجْتُمْ,هَرِجْتُنَّ,هَرِجْتُ,هَرِجْنَا
هرد,هَرَدَ,فَعَلَ يَفْعِلُ ( فتحُ كَسْرٍ ),مشترك ,هَرْد,هَرَدَ,هَرَدَتْ,هَرَدَا,هَرَدَتَا,هَرَدُوا,هَرَدْنَ,هَرَدْتَ,هَرَدْتِ,هَرَدْتُمَا,هَرَدْتُمْ,هَرَدْتُنَّ,هَرَدْتُ,هَرَدْنَا
هرد,هَرِدَ,فَعِلَ يَفْعَلُ ( كسر فتح ),لازم,هَرَد,هَرِدَ,هَرِدَتْ,هَرِدَا,هَرِدَتَا,هَرِدُوا,هَرِدْنَ,هَرِدْتَ,هَرِدْتِ,هَرِدْتُمَا,هَرِدْتُمْ,هَرِدْتُنَّ,هَرِدْتُ,هَرِدْنَا
هرز,هَرِزَ,فَعِلَ يَفْعَلُ ( كسر فتح ),لازم,هَرْز,هَرِزَ,هَرِزَتْ,هَرِزَا,هَرِزَتَا,هَرِزُوا,هَرِزْنَ,هَرِزْتَ,هَرِزْتِ,هَرِزْتُمَا,هَرِزْتُمْ,هَرِزْتُنَّ,هَرِزْتُ,هَرِزْنَا
هرس,هَرَسَ,فَعَلَ يَفْعُلُ ( فتحُ ضمٍّ ),مشترك ,هَرْس,هَرَسَ,هَرَسَتْ,هَرَسَا,هَرَسَتَا,هَرَسُوا,هَرَسْنَ,هَرَسْتَ,هَرَسْتِ,هَرَسْتُمَا,هَرَسْتُمْ,هَرَسْتُنَّ,هَرَسْتُ,هَرَسْنَا
هرس,هَرِسَ,فَعِلَ يَفْعَلُ ( كسر فتح ),لازم,هَرَس,هَرِسَ,هَرِسَتْ,هَرِسَا,هَرِسَتَا,هَرِسُوا,هَرِسْنَ,هَرِسْتَ,هَرِسْتِ,هَرِسْتُمَا,هَرِسْتُمْ,هَرِسْتُنَّ,هَرِسْتُ,هَرِسْنَا
هرش,هَرَشَ,فَعَلَ يَفْعُلُ ( فتحُ ضمٍّ ),لازم,هَرْش,هَرَشَ,هَرَشَتْ,هَرَشَا,هَرَشَتَا,هَرَشُوا,هَرَشْنَ,هَرَشْتَ,هَرَشْتِ,هَرَشْتُمَا,هَرَشْتُمْ,هَرَشْتُنَّ,هَرَشْتُ,هَرَشْنَا
هرش,هَرَشَ,فَعَلَ يَفْعِلُ ( فتحُ كَسْرٍ ),لازم,هُرُوش,هَرَشَ,هَرَشَتْ,هَرَشَا,هَرَشَتَا,هَرَشُوا,هَرَشْنَ,هَرَشْتَ,هَرَشْتِ,هَرَشْتُمَا,هَرَشْتُمْ,هَرَشْتُنَّ,هَرَشْتُ,هَرَشْنَا
هرش,هَرِشَ,فَعِلَ يَفْعَلُ ( كسر فتح ),لازم,هَرَش,هَرِشَ,هَرِشَتْ,هَرِشَا,هَرِشَتَا,هَرِشُوا,هَرِشْنَ,هَرِشْتَ,هَرِشْتِ,هَرِشْتُمَا,هَرِشْتُمْ,هَرِشْتُنَّ,هَرِشْتُ,هَرِشْنَا
هرص,هَرِصَ,فَعِلَ يَفْعَلُ ( كسر فتح ),لازم,هَرْص,هَرِصَ,هَرِصَتْ,هَرِصَا,هَرِصَتَا,هَرِصُوا,هَرِصْنَ,هَرِصْتَ,هَرِصْتِ,هَرِصْتُمَا,هَرِصْتُمْ,هَرِصْتُنَّ,هَرِصْتُ,هَرِصْنَا
هرض,هَرَضَ,فَعَلَ يَفْعُلُ ( فتحُ ضمٍّ ),متعدي,هَرْض,هَرَضَ,هَرَضَتْ,هَرَضَا,هَرَضَتَا,هَرَضُوا,هَرَضْنَ,هَرَضْتَ,هَرَضْتِ,هَرَضْتُمَا,هَرَضْتُمْ,هَرَضْتُنَّ,هَرَضْتُ,هَرَضْنَا
هرط,هَرَطَ,فَعَلَ يَفْعِلُ ( فتحُ كَسْرٍ ),مشترك ,هَرْط,هَرَطَ,هَرَطَتْ,هَرَطَا,هَرَطَتَا,هَرَطُوا,هَرَطْنَ,هَرَطْتَ,هَرَطْتِ,هَرَطْتُمَا,هَرَطْتُمْ,هَرَطْتُنَّ,هَرَطْتُ,هَرَطْنَا
هرط,هَرِطَ,فَعِلَ يَفْعَلُ ( كسر فتح ),لازم,هَرَط,هَرِطَ,هَرِطَتْ,هَرِطَا,هَرِطَتَا,هَرِطُوا,هَرِطْنَ,هَرِطْتَ,هَرِطْتِ,هَرِطْتُمَا,هَرِطْتُمْ,هَرِطْتُنَّ,هَرِطْتُ,هَرِطْنَا
هرع,هَرِعَ,فَعِلَ يَفْعَلُ ( كسر فتح ),لازم,هَرْع,هَرِعَ,هَرِعَتْ,هَرِعَا,هَرِعَتَا,هَرِعُوا,هَرِعْنَ,هَرِعْتَ,هَرِعْتِ,هَرِعْتُمَا,هَرِعْتُمْ,هَرِعْتُنَّ,هَرِعْتُ,هَرِعْنَا
هرف,هَرَفَ,فَعَلَ يَفْعِلُ ( فتحُ كَسْرٍ ),مشترك ,هَرْف,هَرَفَ,هَرَفَتْ,هَرَفَا,هَرَفَتَا,هَرَفُوا,هَرَفْنَ,هَرَفْتَ,هَرَفْتِ,هَرَفْتُمَا,هَرَفْتُمْ,هَرَفْتُنَّ,هَرَفْتُ,هَرَفْنَا
هرق,هَرَقَ,فَعَلَ يَفْعَلُ ( فتحتان ),متعدي,هَرْق,هَرَقَ,هَرَقَتْ,هَرَقَا,هَرَقَتَا,هَرَقُوا,هَرَقْنَ,هَرَقْتَ,هَرَقْتِ,هَرَقْتُمَا,هَرَقْتُمْ,هَرَقْتُنَّ,هَرَقْتُ,هَرَقْنَا
هرم,هَرَمَ,فَعَلَ يَفْعِلُ ( فتحُ كَسْرٍ ),لازم,هَرْم,هَرَمَ,هَرَمَتْ,هَرَمَا,هَرَمَتَا,هَرَمُوا,هَرَمْنَ,هَرَمْتَ,هَرَمْتِ,هَرَمْتُمَا,هَرَمْتُمْ,هَرَمْتُنَّ,هَرَمْتُ,هَرَمْنَا
هرم,هَرِمَ,فَعِلَ يَفْعَلُ ( كسر فتح ),لازم,هَرَم,هَرِمَ,هَرِمَتْ,هَرِمَا,هَرِمَتَا,هَرِمُوا,هَرِمْنَ,هَرِمْتَ,هَرِمْتِ,هَرِمْتُمَا,هَرِمْتُمْ,هَرِمْتُنَّ,هَرِمْتُ,هَرِمْنَا
هزج,هَزِجَ,فَعِلَ يَفْعَلُ ( كسر فتح ),لازم,هَزَج,هَزِجَ,هَزِجَتْ,هَزِجَا,هَزِجَتَا,هَزِجُوا,هَزِجْنَ,هَزِجْتَ,هَزِجْتِ,هَزِجْتُمَا,هَزِجْتُمْ,هَزِجْتُنَّ,هَزِجْتُ,هَزِجْنَا
هزر,هَزَرَ,فَعَلَ يَفْعِلُ ( فتحُ كَسْرٍ ),مشترك ,هَزْر,هَزَرَ,هَزَرَتْ,هَزَرَا,هَزَرَتَا,هَزَرُوا,هَزَرْنَ,هَزَرْتَ,هَزَرْتِ,هَزَرْتُمَا,هَزَرْتُمْ,هَزَرْتُنَّ,هَزَرْتُ,هَزَرْنَا
خشب,خَشَبَ,فَعَلَ يَفْعِلُ ( فتحُ كَسْرٍ ),متعدي,خَشْب,خَشَبَ,خَشَبَتْ,خَشَبَا,خَشَبَتَا,خَشَبُوا,خَشَبْنَ,خَشَبْتَ,خَشَبْتِ,خَشَبْتُمَا,خَشَبْتُمْ,خَشَبْتُنَّ,خَشَبْتُ,خَشَبْنَا
هزع,هَزَعَ,فَعَلَ يَفْعَلُ ( فتحتان ),مشترك ,هَزْع,هَزَعَ,هَزَعَتْ,هَزَعَا,هَزَعَتَا,هَزَعُوا,هَزَعْنَ,هَزَعْتَ,هَزَعْتِ,هَزَعْتُمَا,هَزَعْتُمْ,هَزَعْتُنَّ,هَزَعْتُ,هَزَعْنَا
هزف,هَزَفَ,فَعَلَ يَفْعِلُ ( فتحُ كَسْرٍ ),متعدي,هَزْف,هَزَفَ,هَزَفَتْ,هَزَفَا,هَزَفَتَا,هَزَفُوا,هَزَفْنَ,هَزَفْتَ,هَزَفْتِ,هَزَفْتُمَا,هَزَفْتُمْ,هَزَفْتُنَّ,هَزَفْتُ,هَزَفْنَا
هزق,هَزِقَ,فَعِلَ يَفْعَلُ ( كسر فتح ),لازم,هَزَق,هَزِقَ,هَزِقَتْ,هَزِقَا,هَزِقَتَا,هَزِقُوا,هَزِقْنَ,هَزِقْتَ,هَزِقْتِ,هَزِقْتُمَا,هَزِقْتُمْ,هَزِقْتُنَّ,هَزِقْتُ,هَزِقْنَا
هزل,هَزَلَ,فَعَلَ يَفْعُلُ ( فتحُ ضمٍّ ),مشترك ,هَزْل,هَزَلَ,هَزَلَتْ,هَزَلَا,هَزَلَتَا,هَزَلُوا,هَزَلْنَ,هَزَلْتَ,هَزَلْتِ,هَزَلْتُمَا,هَزَلْتُمْ,هَزَلْتُنَّ,هَزَلْتُ,هَزَلْنَا
هزل,هَزَلَ,فَعَلَ يَفْعِلُ ( فتحُ كَسْرٍ ),مشترك ,هُزُول,هَزَلَ,هَزَلَتْ,هَزَلَا,هَزَلَتَا,هَزَلُوا,هَزَلْنَ,هَزَلْتَ,هَزَلْتِ,هَزَلْتُمَا,هَزَلْتُمْ,هَزَلْتُنَّ,هَزَلْتُ,هَزَلْنَا
هزل,هَزِلَ,فَعِلَ يَفْعَلُ ( كسر فتح ),لازم,هَزَل,هَزِلَ,هَزِلَتْ,هَزِلَا,هَزِلَتَا,هَزِلُوا,هَزِلْنَ,هَزِلْتَ,هَزِلْتِ,هَزِلْتُمَا,هَزِلْتُمْ,هَزِلْتُنَّ,هَزِلْتُ,هَزِلْنَا
هزم,هَزَمَ,فَعَلَ يَفْعِلُ ( فتحُ كَسْرٍ ),مشترك ,هَزْم,هَزَمَ,هَزَمَتْ,هَزَمَا,هَزَمَتَا,هَزَمُوا,هَزَمْنَ,هَزَمْتَ,هَزَمْتِ,هَزَمْتُمَا,هَزَمْتُمْ,هَزَمْتُنَّ,هَزَمْتُ,هَزَمْنَا
هسع,هَسَعَ,فَعَلَ يَفْعَلُ ( فتحتان ),لازم,هَسْع,هَسَعَ,هَسَعَتْ,هَسَعَا,هَسَعَتَا,هَسَعُوا,هَسَعْنَ,هَسَعْتَ,هَسَعْتِ,هَسَعْتُمَا,هَسَعْتُمْ,هَسَعْتُنَّ,هَسَعْتُ,هَسَعْنَا
هشر,هَشَرَ,فَعَلَ يَفْعُلُ ( فتحُ ضمٍّ ),متعدي,هَشْر,هَشَرَ,هَشَرَتْ,هَشَرَا,هَشَرَتَا,هَشَرُوا,هَشَرْنَ,هَشَرْتَ,هَشَرْتِ,هَشَرْتُمَا,هَشَرْتُمْ,هَشَرْتُنَّ,هَشَرْتُ,هَشَرْنَا
هشم,هَشَمَ,فَعَلَ يَفْعِلُ ( فتحُ كَسْرٍ ),متعدي,هَشْم,هَشَمَ,هَشَمَتْ,هَشَمَا,هَشَمَتَا,هَشَمُوا,هَشَمْنَ,هَشَمْتَ,هَشَمْتِ,هَشَمْتُمَا,هَشَمْتُمْ,هَشَمْتُنَّ,هَشَمْتُ,هَشَمْنَا
هصر,هَصَرَ,فَعَلَ يَفْعِلُ ( فتحُ كَسْرٍ ),مشترك ,هَصْر,هَصَرَ,هَصَرَتْ,هَصَرَا,هَصَرَتَا,هَصَرُوا,هَصَرْنَ,هَصَرْتَ,هَصَرْتِ,هَصَرْتُمَا,هَصَرْتُمْ,هَصَرْتُنَّ,هَصَرْتُ,هَصَرْنَا
هصر,هَصِرَ,فَعِلَ يَفْعَلُ ( كسر فتح ),لازم,هَصَر,هَصِرَ,هَصِرَتْ,هَصِرَا,هَصِرَتَا,هَصِرُوا,هَصِرْنَ,هَصِرْتَ,هَصِرْتِ,هَصِرْتُمَا,هَصِرْتُمْ,هَصِرْتُنَّ,هَصِرْتُ,هَصِرْنَا
هصم,هَصَمَ,فَعَلَ يَفْعِلُ ( فتحُ كَسْرٍ ),متعدي,هَصْم,هَصَمَ,هَصَمَتْ,هَصَمَا,هَصَمَتَا,هَصَمُوا,هَصَمْنَ,هَصَمْتَ,هَصَمْتِ,هَصَمْتُمَا,هَصَمْتُمْ,هَصَمْتُنَّ,هَصَمْتُ,هَصَمْنَا
هضب,هَضَبَ,فَعَلَ يَفْعِلُ ( فتحُ كَسْرٍ ),مشترك ,هَضْب,هَضَبَ,هَضَبَتْ,هَضَبَا,هَضَبَتَا,هَضَبُوا,هَضَبْنَ,هَضَبْتَ,هَضَبْتِ,هَضَبْتُمَا,هَضَبْتُمْ,هَضَبْتُنَّ,هَضَبْتُ,هَضَبْنَا
هضل,هَضَلَ,فَعَلَ يَفْعِلُ ( فتحُ كَسْرٍ ),لازم,هَضْل,هَضَلَ,هَضَلَتْ,هَضَلَا,هَضَلَتَا,هَضَلُوا,هَضَلْنَ,هَضَلْتَ,هَضَلْتِ,هَضَلْتُمَا,هَضَلْتُمْ,هَضَلْتُنَّ,هَضَلْتُ,هَضَلْنَا
هضم,هَضَمَ,فَعَلَ يَفْعِلُ ( فتحُ كَسْرٍ ),مشترك ,هَضْم,هَضَمَ,هَضَمَتْ,هَضَمَا,هَضَمَتَا,هَضَمُوا,هَضَمْنَ,هَضَمْتَ,هَضَمْتِ,هَضَمْتُمَا,هَضَمْتُمْ,هَضَمْتُنَّ,هَضَمْتُ,هَضَمْنَا
هضم,هَضِمَ,فَعِلَ يَفْعَلُ ( كسر فتح ),لازم,هَضَم,هَضِمَ,هَضِمَتْ,هَضِمَا,هَضِمَتَا,هَضِمُوا,هَضِمْنَ,هَضِمْتَ,هَضِمْتِ,هَضِمْتُمَا,هَضِمْتُمْ,هَضِمْتُنَّ,هَضِمْتُ,هَضِمْنَا
هطر,هَطَرَ,فَعَلَ يَفْعِلُ ( فتحُ كَسْرٍ ),متعدي,هَطْر,هَطَرَ,هَطَرَتْ,هَطَرَا,هَطَرَتَا,هَطَرُوا,هَطَرْنَ,هَطَرْتَ,هَطَرْتِ,هَطَرْتُمَا,هَطَرْتُمْ,هَطَرْتُنَّ,هَطَرْتُ,هَطَرْنَا
خشر,خَشَرَ,فَعَلَ يَفْعِلُ ( فتحُ كَسْرٍ ),مشترك ,خَشْر,خَشَرَ,خَشَرَتْ,خَشَرَا,خَشَرَتَا,خَشَرُوا,خَشَرْنَ,خَشَرْتَ,خَشَرْتِ,خَشَرْتُمَا,خَشَرْتُمْ,خَشَرْتُنَّ,خَشَرْتُ,خَشَرْنَا
هطع,هَطَعَ,فَعَلَ يَفْعَلُ ( فتحتان ),لازم,هَطْع,هَطَعَ,هَطَعَتْ,هَطَعَا,هَطَعَتَا,هَطَعُوا,هَطَعْنَ,هَطَعْتَ,هَطَعْتِ,هَطَعْتُمَا,هَطَعْتُمْ,هَطَعْتُنَّ,هَطَعْتُ,هَطَعْنَا
هطف,هَطَفَ,فَعَلَ يَفْعِلُ ( فتحُ كَسْرٍ ),لازم,هَطْف,هَطَفَ,هَطَفَتْ,هَطَفَا,هَطَفَتَا,هَطَفُوا,هَطَفْنَ,هَطَفْتَ,هَطَفْتِ,هَطَفْتُمَا,هَطَفْتُمْ,هَطَفْتُنَّ,هَطَفْتُ,هَطَفْنَا
هطل,هَطَلَ,فَعَلَ يَفْعِلُ ( فتحُ كَسْرٍ ),مشترك ,هَطْل,هَطَلَ,هَطَلَتْ,هَطَلَا,هَطَلَتَا,هَطَلُوا,هَطَلْنَ,هَطَلْتَ,هَطَلْتِ,هَطَلْتُمَا,هَطَلْتُمْ,هَطَلْتُنَّ,هَطَلْتُ,هَطَلْنَا
هفت,هَفَتَ,فَعَلَ يَفْعِلُ ( فتحُ كَسْرٍ ),لازم,هَفْت,هَفَتَ,هَفَتَتْ,هَفَتَا,هَفَتَتَا,هَفَتُوا,هَفَتْنَ,هَفَتْتَ,هَفَتْتِ,هَفَتْتُمَا,هَفَتْتُمْ,هَفَتْتُنَّ,هَفَتْتُ,هَفَتْنَا
هفك,هَفَكَ,فَعَلَ يَفْعُلُ ( فتحُ ضمٍّ ),متعدي,هَفْك,هَفَكَ,هَفَكَتْ,هَفَكَا,هَفَكَتَا,هَفَكُوا,هَفَكْنَ,هَفَكْتَ,هَفَكْتِ,هَفَكْتُمَا,هَفَكْتُمْ,هَفَكْتُنَّ,هَفَكْتُ,هَفَكْنَا
هفك,هَفَكَ,فَعَلَ يَفْعِلُ ( فتحُ كَسْرٍ ),متعدي,هُفُوك,هَفَكَ,هَفَكَتْ,هَفَكَا,هَفَكَتَا,هَفَكُوا,هَفَكْنَ,هَفَكْتَ,هَفَكْتِ,هَفَكْتُمَا,هَفَكْتُمْ,هَفَكْتُنَّ,هَفَكْتُ,هَفَكْنَا
هقع,هَقَعَ,فَعَلَ يَفْعَلُ ( فتحتان ),مشترك , ,هَقَعَ,هَقَعَتْ,هَقَعَا,هَقَعَتَا,هَقَعُوا,هَقَعْنَ,هَقَعْتَ,هَقَعْتِ,هَقَعْتُمَا,هَقَعْتُمْ,هَقَعْتُنَّ,هَقَعْتُ,هَقَعْنَا
هقع,هَقِعَ,فَعِلَ يَفْعَلُ ( كسر فتح ),لازم, ,هَقِعَ,هَقِعَتْ,هَقِعَا,هَقِعَتَا,هَقِعُوا,هَقِعْنَ,هَقِعْتَ,هَقِعْتِ,هَقِعْتُمَا,هَقِعْتُمْ,هَقِعْتُنَّ,هَقِعْتُ,هَقِعْنَا
هقف,هَقِفَ,فَعِلَ يَفْعَلُ ( كسر فتح ),لازم, ,هَقِفَ,هَقِفَتْ,هَقِفَا,هَقِفَتَا,هَقِفُوا,هَقِفْنَ,هَقِفْتَ,هَقِفْتِ,هَقِفْتُمَا,هَقِفْتُمْ,هَقِفْتُنَّ,هَقِفْتُ,هَقِفْنَا
هقم,هَقِمَ,فَعِلَ يَفْعَلُ ( كسر فتح ),لازم, ,هَقِمَ,هَقِمَتْ,هَقِمَا,هَقِمَتَا,هَقِمُوا,هَقِمْنَ,هَقِمْتَ,هَقِمْتِ,هَقِمْتُمَا,هَقِمْتُمْ,هَقِمْتُنَّ,هَقِمْتُ,هَقِمْنَا
هكب,هَكَبَ,فَعَلَ يَفْعُلُ ( فتحُ ضمٍّ ),متعدي, ,هَكَبَ,هَكَبَتْ,هَكَبَا,هَكَبَتَا,هَكَبُوا,هَكَبْنَ,هَكَبْتَ,هَكَبْتِ,هَكَبْتُمَا,هَكَبْتُمْ,هَكَبْتُنَّ,هَكَبْتُ,هَكَبْنَا
هكر,هَكَرَ,فَعَلَ يَفْعِلُ ( فتحُ كَسْرٍ ),لازم, ,هَكَرَ,هَكَرَتْ,هَكَرَا,هَكَرَتَا,هَكَرُوا,هَكَرْنَ,هَكَرْتَ,هَكَرْتِ,هَكَرْتُمَا,هَكَرْتُمْ,هَكَرْتُنَّ,هَكَرْتُ,هَكَرْنَا
هكر,هَكِرَ,فَعِلَ يَفْعَلُ ( كسر فتح ),لازم, ,هَكِرَ,هَكِرَتْ,هَكِرَا,هَكِرَتَا,هَكِرُوا,هَكِرْنَ,هَكِرْتَ,هَكِرْتِ,هَكِرْتُمَا,هَكِرْتُمْ,هَكِرْتُنَّ,هَكِرْتُ,هَكِرْنَا
هكع,هَكَعَ,فَعَلَ يَفْعَلُ ( فتحتان ),لازم, ,هَكَعَ,هَكَعَتْ,هَكَعَا,هَكَعَتَا,هَكَعُوا,هَكَعْنَ,هَكَعْتَ,هَكَعْتِ,هَكَعْتُمَا,هَكَعْتُمْ,هَكَعْتُنَّ,هَكَعْتُ,هَكَعْنَا
هكع,هَكِعَ,فَعِلَ يَفْعَلُ ( كسر فتح ),لازم, ,هَكِعَ,هَكِعَتْ,هَكِعَا,هَكِعَتَا,هَكِعُوا,هَكِعْنَ,هَكِعْتَ,هَكِعْتِ,هَكِعْتُمَا,هَكِعْتُمْ,هَكِعْتُنَّ,هَكِعْتُ,هَكِعْنَا
هلب,هَلَبَ,فَعَلَ يَفْعِلُ ( فتحُ كَسْرٍ ),متعدي, ,هَلَبَ,هَلَبَتْ,هَلَبَا,هَلَبَتَا,هَلَبُوا,هَلَبْنَ,هَلَبْتَ,هَلَبْتِ,هَلَبْتُمَا,هَلَبْتُمْ,هَلَبْتُنَّ,هَلَبْتُ,هَلَبْنَا
هلب,هَلِبَ,فَعِلَ يَفْعَلُ ( كسر فتح ),لازم, ,هَلِبَ,هَلِبَتْ,هَلِبَا,هَلِبَتَا,هَلِبُوا,هَلِبْنَ,هَلِبْتَ,هَلِبْتِ,هَلِبْتُمَا,هَلِبْتُمْ,هَلِبْتُنَّ,هَلِبْتُ,هَلِبْنَا
هلت,هَلَتَ,فَعَلَ يَفْعِلُ ( فتحُ كَسْرٍ ),مشترك , ,هَلَتَ,هَلَتَتْ,هَلَتَا,هَلَتَتَا,هَلَتُوا,هَلَتْنَ,هَلَتْتَ,هَلَتْتِ,هَلَتْتُمَا,هَلَتْتُمْ,هَلَتْتُنَّ,هَلَتْتُ,هَلَتْنَا
هلج,هَلَجَ,فَعَلَ يَفْعِلُ ( فتحُ كَسْرٍ ),لازم, ,هَلَجَ,هَلَجَتْ,هَلَجَا,هَلَجَتَا,هَلَجُوا,هَلَجْنَ,هَلَجْتَ,هَلَجْتِ,هَلَجْتُمَا,هَلَجْتُمْ,هَلَجْتُنَّ,هَلَجْتُ,هَلَجْنَا
هلد,هَلَدَ,فَعَلَ يَفْعُلُ ( فتحُ ضمٍّ ),متعدي, ,هَلَدَ,هَلَدَتْ,هَلَدَا,هَلَدَتَا,هَلَدُوا,هَلَدْنَ,هَلَدْتَ,هَلَدْتِ,هَلَدْتُمَا,هَلَدْتُمْ,هَلَدْتُنَّ,هَلَدْتُ,هَلَدْنَا
هلس,هَلَسَ,فَعَلَ يَفْعِلُ ( فتحُ كَسْرٍ ),مشترك , ,هَلَسَ,هَلَسَتْ,هَلَسَا,هَلَسَتَا,هَلَسُوا,هَلَسْنَ,هَلَسْتَ,هَلَسْتِ,هَلَسْتُمَا,هَلَسْتُمْ,هَلَسْتُنَّ,هَلَسْتُ,هَلَسْنَا
خشر,خَشِرَ,فَعِلَ يَفْعَلُ ( كسر فتح ),لازم, ,خَشِرَ,خَشِرَتْ,خَشِرَا,خَشِرَتَا,خَشِرُوا,خَشِرْنَ,خَشِرْتَ,خَشِرْتِ,خَشِرْتُمَا,خَشِرْتُمْ,خَشِرْتُنَّ,خَشِرْتُ,خَشِرْنَا
هلع,هَلِعَ,فَعِلَ يَفْعَلُ ( كسر فتح ),لازم, ,هَلِعَ,هَلِعَتْ,هَلِعَا,هَلِعَتَا,هَلِعُوا,هَلِعْنَ,هَلِعْتَ,هَلِعْتِ,هَلِعْتُمَا,هَلِعْتُمْ,هَلِعْتُنَّ,هَلِعْتُ,هَلِعْنَا
هلك,هَلَكَ,فَعَلَ يَفْعِلُ ( فتحُ كَسْرٍ ),مشترك , ,هَلَكَ,هَلَكَتْ,هَلَكَا,هَلَكَتَا,هَلَكُوا,هَلَكْنَ,هَلَكْتَ,هَلَكْتِ,هَلَكْتُمَا,هَلَكْتُمْ,هَلَكْتُنَّ,هَلَكْتُ,هَلَكْنَا
هلك,هَلِكَ,فَعِلَ يَفْعَلُ ( كسر فتح ),لازم, ,هَلِكَ,هَلِكَتْ,هَلِكَا,هَلِكَتَا,هَلِكُوا,هَلِكْنَ,هَلِكْتَ,هَلِكْتِ,هَلِكْتُمَا,هَلِكْتُمْ,هَلِكْتُنَّ,هَلِكْتُ,هَلِكْنَا
هلم,هَلِمَ,فَعِلَ يَفْعَلُ ( كسر فتح ),لازم, ,هَلِمَ,هَلِمَتْ,هَلِمَا,هَلِمَتَا,هَلِمُوا,هَلِمْنَ,هَلِمْتَ,هَلِمْتِ,هَلِمْتُمَا,هَلِمْتُمْ,هَلِمْتُنَّ,هَلِمْتُ,هَلِمْنَا
همت,هَمَتَ,فَعَلَ يَفْعُلُ ( فتحُ ضمٍّ ),لازم, ,هَمَتَ,هَمَتَتْ,هَمَتَا,هَمَتَتَا,هَمَتُوا,هَمَتْنَ,هَمَتْتَ,هَمَتْتِ,هَمَتْتُمَا,هَمَتْتُمْ,هَمَتْتُنَّ,هَمَتْتُ,هَمَتْنَا
همج,هَمَجَ,فَعَلَ يَفْعُلُ ( فتحُ ضمٍّ ),مشترك , ,هَمَجَ,هَمَجَتْ,هَمَجَا,هَمَجَتَا,هَمَجُوا,هَمَجْنَ,هَمَجْتَ,هَمَجْتِ,هَمَجْتُمَا,هَمَجْتُمْ,هَمَجْتُنَّ,هَمَجْتُ,هَمَجْنَا
همد,هَمَدَ,فَعَلَ يَفْعُلُ ( فتحُ ضمٍّ ),لازم, ,هَمَدَ,هَمَدَتْ,هَمَدَا,هَمَدَتَا,هَمَدُوا,هَمَدْنَ,هَمَدْتَ,هَمَدْتِ,هَمَدْتُمَا,هَمَدْتُمْ,هَمَدْتُنَّ,هَمَدْتُ,هَمَدْنَا
همد,هَمِدَ,فَعِلَ يَفْعَلُ ( كسر فتح ),لازم, ,هَمِدَ,هَمِدَتْ,هَمِدَا,هَمِدَتَا,هَمِدُوا,هَمِدْنَ,هَمِدْتَ,هَمِدْتِ,هَمِدْتُمَا,هَمِدْتُمْ,هَمِدْتُنَّ,هَمِدْتُ,هَمِدْنَا
همذ,هَمَذَ,فَعَلَ يَفْعُلُ ( فتحُ ضمٍّ ),لازم, ,هَمَذَ,هَمَذَتْ,هَمَذَا,هَمَذَتَا,هَمَذُوا,هَمَذْنَ,هَمَذْتَ,هَمَذْتِ,هَمَذْتُمَا,هَمَذْتُمْ,هَمَذْتُنَّ,هَمَذْتُ,هَمَذْنَا
همر,هَمَرَ,فَعَلَ يَفْعُلُ ( فتحُ ضمٍّ ),مشترك , ,هَمَرَ,هَمَرَتْ,هَمَرَا,هَمَرَتَا,هَمَرُوا,هَمَرْنَ,هَمَرْتَ,هَمَرْتِ,هَمَرْتُمَا,هَمَرْتُمْ,هَمَرْتُنَّ,هَمَرْتُ,هَمَرْنَا
همر,هَمَرَ,فَعَلَ يَفْعِلُ ( فتحُ كَسْرٍ ),مشترك , ,هَمَرَ,هَمَرَتْ,هَمَرَا,هَمَرَتَا,هَمَرُوا,هَمَرْنَ,هَمَرْتَ,هَمَرْتِ,هَمَرْتُمَا,هَمَرْتُمْ,هَمَرْتُنَّ,هَمَرْتُ,هَمَرْنَا
همز,هَمَزَ,فَعَلَ يَفْعِلُ ( فتحُ كَسْرٍ ),متعدي, ,هَمَزَ,هَمَزَتْ,هَمَزَا,هَمَزَتَا,هَمَزُوا,هَمَزْنَ,هَمَزْتَ,هَمَزْتِ,هَمَزْتُمَا,هَمَزْتُمْ,هَمَزْتُنَّ,هَمَزْتُ,هَمَزْنَا
همس,هَمَسَ,فَعَلَ يَفْعِلُ ( فتحُ كَسْرٍ ),مشترك , ,هَمَسَ,هَمَسَتْ,هَمَسَا,هَمَسَتَا,هَمَسُوا,هَمَسْنَ,هَمَسْتَ,هَمَسْتِ,هَمَسْتُمَا,هَمَسْتُمْ,هَمَسْتُنَّ,هَمَسْتُ,هَمَسْنَا
همش,هَمَشَ,فَعَلَ يَفْعُلُ ( فتحُ ضمٍّ ),متعدي, ,هَمَشَ,هَمَشَتْ,هَمَشَا,هَمَشَتَا,هَمَشُوا,هَمَشْنَ,هَمَشْتَ,هَمَشْتِ,هَمَشْتُمَا,هَمَشْتُمْ,هَمَشْتُنَّ,هَمَشْتُ,هَمَشْنَا
همش,هَمَشَ,فَعَلَ يَفْعِلُ ( فتحُ كَسْرٍ ),لازم, ,هَمَشَ,هَمَشَتْ,هَمَشَا,هَمَشَتَا,هَمَشُوا,هَمَشْنَ,هَمَشْتَ,هَمَشْتِ,هَمَشْتُمَا,هَمَشْتُمْ,هَمَشْتُنَّ,هَمَشْتُ,هَمَشْنَا
همش,هَمِشَ,فَعِلَ يَفْعَلُ ( كسر فتح ),مشترك , ,هَمِشَ,هَمِشَتْ,هَمِشَا,هَمِشَتَا,هَمِشُوا,هَمِشْنَ,هَمِشْتَ,هَمِشْتِ,هَمِشْتُمَا,هَمِشْتُمْ,هَمِشْتُنَّ,هَمِشْتُ,هَمِشْنَا
همط,هَمَطَ,فَعَلَ يَفْعِلُ ( فتحُ كَسْرٍ ),مشترك , ,هَمَطَ,هَمَطَتْ,هَمَطَا,هَمَطَتَا,هَمَطُوا,هَمَطْنَ,هَمَطْتَ,هَمَطْتِ,هَمَطْتُمَا,هَمَطْتُمْ,هَمَطْتُنَّ,هَمَطْتُ,هَمَطْنَا
همع,هَمَعَ,فَعَلَ يَفْعُلُ ( فتحُ ضمٍّ ),لازم, ,هَمَعَ,هَمَعَتْ,هَمَعَا,هَمَعَتَا,هَمَعُوا,هَمَعْنَ,هَمَعْتَ,هَمَعْتِ,هَمَعْتُمَا,هَمَعْتُمْ,هَمَعْتُنَّ,هَمَعْتُ,هَمَعْنَا
همع,هَمَعَ,فَعَلَ يَفْعَلُ ( فتحتان ),مشترك , ,هَمَعَ,هَمَعَتْ,هَمَعَا,هَمَعَتَا,هَمَعُوا,هَمَعْنَ,هَمَعْتَ,هَمَعْتِ,هَمَعْتُمَا,هَمَعْتُمْ,هَمَعْتُنَّ,هَمَعْتُ,هَمَعْنَا
همغ,هَمَغَ,فَعَلَ يَفْعَلُ ( فتحتان ),متعدي, ,هَمَغَ,هَمَغَتْ,هَمَغَا,هَمَغَتَا,هَمَغُوا,هَمَغْنَ,هَمَغْتَ,هَمَغْتِ,هَمَغْتُمَا,هَمَغْتُمْ,هَمَغْتُنَّ,هَمَغْتُ,هَمَغْنَا
همك,هَمَكَ,فَعَلَ يَفْعُلُ ( فتحُ ضمٍّ ),متعدي, ,هَمَكَ,هَمَكَتْ,هَمَكَا,هَمَكَتَا,هَمَكُوا,هَمَكْنَ,هَمَكْتَ,هَمَكْتِ,هَمَكْتُمَا,هَمَكْتُمْ,هَمَكْتُنَّ,هَمَكْتُ,هَمَكْنَا
همل,هَمَلَ,فَعَلَ يَفْعُلُ ( فتحُ ضمٍّ ),لازم, ,هَمَلَ,هَمَلَتْ,هَمَلَا,هَمَلَتَا,هَمَلُوا,هَمَلْنَ,هَمَلْتَ,هَمَلْتِ,هَمَلْتُمَا,هَمَلْتُمْ,هَمَلْتُنَّ,هَمَلْتُ,هَمَلْنَا
همل,هَمَلَ,فَعَلَ يَفْعِلُ ( فتحُ كَسْرٍ ),لازم, ,هَمَلَ,هَمَلَتْ,هَمَلَا,هَمَلَتَا,هَمَلُوا,هَمَلْنَ,هَمَلْتَ,هَمَلْتِ,هَمَلْتُمَا,هَمَلْتُمْ,هَمَلْتُنَّ,هَمَلْتُ,هَمَلْنَا
هنب,هَنِبَ,فَعِلَ يَفْعَلُ ( كسر فتح ),لازم, ,هَنِبَ,هَنِبَتْ,هَنِبَا,هَنِبَتَا,هَنِبُوا,هَنِبْنَ,هَنِبْتَ,هَنِبْتِ,هَنِبْتُمَا,هَنِبْتُمْ,هَنِبْتُنَّ,هَنِبْتُ,هَنِبْنَا
هند,هَنَدَ,فَعَلَ يَفْعُلُ ( فتحُ ضمٍّ ),لازم, ,هَنَدَ,هَنَدَتْ,هَنَدَا,هَنَدَتَا,هَنَدُوا,هَنَدْنَ,هَنَدْتَ,هَنَدْتِ,هَنَدْتُمَا,هَنَدْتُمْ,هَنَدْتُنَّ,هَنَدْتُ,هَنَدْنَا
هنع,هَنَعَ,فَعَلَ يَفْعَلُ ( فتحتان ),مشترك , ,هَنَعَ,هَنَعَتْ,هَنَعَا,هَنَعَتَا,هَنَعُوا,هَنَعْنَ,هَنَعْتَ,هَنَعْتِ,هَنَعْتُمَا,هَنَعْتُمْ,هَنَعْتُنَّ,هَنَعْتُ,هَنَعْنَا
هنع,هَنِعَ,فَعِلَ يَفْعَلُ ( كسر فتح ),لازم, ,هَنِعَ,هَنِعَتْ,هَنِعَا,هَنِعَتَا,هَنِعُوا,هَنِعْنَ,هَنِعْتَ,هَنِعْتِ,هَنِعْتُمَا,هَنِعْتُمْ,هَنِعْتُنَّ,هَنِعْتُ,هَنِعْنَا
هنغ,هَنَغَ,فَعَلَ يَفْعَلُ ( فتحتان ),لازم, ,هَنَغَ,هَنَغَتْ,هَنَغَا,هَنَغَتَا,هَنَغُوا,هَنَغْنَ,هَنَغْتَ,هَنَغْتِ,هَنَغْتُمَا,هَنَغْتُمْ,هَنَغْتُنَّ,هَنَغْتُ,هَنَغْنَا
هنق,هَنِقَ,فَعِلَ يَفْعَلُ ( كسر فتح ),لازم, ,هَنِقَ,هَنِقَتْ,هَنِقَا,هَنِقَتَا,هَنِقُوا,هَنِقْنَ,هَنِقْتَ,هَنِقْتِ,هَنِقْتُمَا,هَنِقْتُمْ,هَنِقْتُنَّ,هَنِقْتُ,هَنِقْنَا
خشع,خَشَعَ,فَعَلَ يَفْعَلُ ( فتحتان ),مشترك , ,خَشَعَ,خَشَعَتْ,خَشَعَا,خَشَعَتَا,خَشَعُوا,خَشَعْنَ,خَشَعْتَ,خَشَعْتِ,خَشَعْتُمَا,خَشَعْتُمْ,خَشَعْتُنَّ,خَشَعْتُ,خَشَعْنَا
خشف,خَشَفَ,فَعَلَ يَفْعُلُ ( فتحُ ضمٍّ ),مشترك , ,خَشَفَ,خَشَفَتْ,خَشَفَا,خَشَفَتَا,خَشَفُوا,خَشَفْنَ,خَشَفْتَ,خَشَفْتِ,خَشَفْتُمَا,خَشَفْتُمْ,خَشَفْتُنَّ,خَشَفْتُ,خَشَفْنَا
خشف,خَشَفَ,فَعَلَ يَفْعِلُ ( فتحُ كَسْرٍ ),مشترك , ,خَشَفَ,خَشَفَتْ,خَشَفَا,خَشَفَتَا,خَشَفُوا,خَشَفْنَ,خَشَفْتَ,خَشَفْتِ,خَشَفْتُمَا,خَشَفْتُمْ,خَشَفْتُنَّ,خَشَفْتُ,خَشَفْنَا
خشف,خَشِفَ,فَعِلَ يَفْعَلُ ( كسر فتح ),لازم, ,خَشِفَ,خَشِفَتْ,خَشِفَا,خَشِفَتَا,خَشِفُوا,خَشِفْنَ,خَشِفْتَ,خَشِفْتِ,خَشِفْتُمَا,خَشِفْتُمْ,خَشِفْتُنَّ,خَشِفْتُ,خَشِفْنَا
خشل,خَشَلَ,فَعَلَ يَفْعُلُ ( فتحُ ضمٍّ ),متعدي, ,خَشَلَ,خَشَلَتْ,خَشَلَا,خَشَلَتَا,خَشَلُوا,خَشَلْنَ,خَشَلْتَ,خَشَلْتِ,خَشَلْتُمَا,خَشَلْتُمْ,خَشَلْتُنَّ,خَشَلْتُ,خَشَلْنَا
خشل,خَشِلَ,فَعِلَ يَفْعَلُ ( كسر فتح ),لازم, ,خَشِلَ,خَشِلَتْ,خَشِلَا,خَشِلَتَا,خَشِلُوا,خَشِلْنَ,خَشِلْتَ,خَشِلْتِ,خَشِلْتُمَا,خَشِلْتُمْ,خَشِلْتُنَّ,خَشِلْتُ,خَشِلْنَا
خشم,خَشَمَ,فَعَلَ يَفْعِلُ ( فتحُ كَسْرٍ ),متعدي, ,خَشَمَ,خَشَمَتْ,خَشَمَا,خَشَمَتَا,خَشَمُوا,خَشَمْنَ,خَشَمْتَ,خَشَمْتِ,خَشَمْتُمَا,خَشَمْتُمْ,خَشَمْتُنَّ,خَشَمْتُ,خَشَمْنَا
خشم,خَشِمَ,فَعِلَ يَفْعَلُ ( كسر فتح ),لازم, ,خَشِمَ,خَشِمَتْ,خَشِمَا,خَشِمَتَا,خَشِمُوا,خَشِمْنَ,خَشِمْتَ,خَشِمْتِ,خَشِمْتُمَا,خَشِمْتُمْ,خَشِمْتُنَّ,خَشِمْتُ,خَشِمْنَا
خشن,خَشُنَ,فَعُلَ يَفْعُلُ ( ضمَ ضمٍَ ),لازم, ,خَشُنَ,خَشُنَتْ,خَشُنَا,خَشُنَتَا,خَشُنُوا,خَشُنْنَ,خَشُنْتَ,خَشُنْتِ,خَشُنْتُمَا,خَشُنْتُمْ,خَشُنْتُنَّ,خَشُنْتُ,خَشُنْنَا
خصب,خَصَبَ,فَعَلَ يَفْعِلُ ( فتحُ كَسْرٍ ),لازم, ,خَصَبَ,خَصَبَتْ,خَصَبَا,خَصَبَتَا,خَصَبُوا,خَصَبْنَ,خَصَبْتَ,خَصَبْتِ,خَصَبْتُمَا,خَصَبْتُمْ,خَصَبْتُنَّ,خَصَبْتُ,خَصَبْنَا
خصب,خَصِبَ,فَعِلَ يَفْعَلُ ( كسر فتح ),لازم, ,خَصِبَ,خَصِبَتْ,خَصِبَا,خَصِبَتَا,خَصِبُوا,خَصِبْنَ,خَصِبْتَ,خَصِبْتِ,خَصِبْتُمَا,خَصِبْتُمْ,خَصِبْتُنَّ,خَصِبْتُ,خَصِبْنَا
خصر,خَصِرَ,فَعِلَ يَفْعَلُ ( كسر فتح ),لازم, ,خَصِرَ,خَصِرَتْ,خَصِرَا,خَصِرَتَا,خَصِرُوا,خَصِرْنَ,خَصِرْتَ,خَصِرْتِ,خَصِرْتُمَا,خَصِرْتُمْ,خَصِرْتُنَّ,خَصِرْتُ,خَصِرْنَا
خصف,خَصَفَ,فَعَلَ يَفْعِلُ ( فتحُ كَسْرٍ ),مشترك , ,خَصَفَ,خَصَفَتْ,خَصَفَا,خَصَفَتَا,خَصَفُوا,خَصَفْنَ,خَصَفْتَ,خَصَفْتِ,خَصَفْتُمَا,خَصَفْتُمْ,خَصَفْتُنَّ,خَصَفْتُ,خَصَفْنَا
خصف,خَصِفَ,فَعِلَ يَفْعَلُ ( كسر فتح ),لازم, ,خَصِفَ,خَصِفَتْ,خَصِفَا,خَصِفَتَا,خَصِفُوا,خَصِفْنَ,خَصِفْتَ,خَصِفْتِ,خَصِفْتُمَا,خَصِفْتُمْ,خَصِفْتُنَّ,خَصِفْتُ,خَصِفْنَا
خصل,خَصَلَ,فَعَلَ يَفْعُلُ ( فتحُ ضمٍّ ),مشترك , ,خَصَلَ,خَصَلَتْ,خَصَلَا,خَصَلَتَا,خَصَلُوا,خَصَلْنَ,خَصَلْتَ,خَصَلْتِ,خَصَلْتُمَا,خَصَلْتُمْ,خَصَلْتُنَّ,خَصَلْتُ,خَصَلْنَا
خصم,خَصَمَ,فَعَلَ يَفْعِلُ ( فتحُ كَسْرٍ ),متعدي, ,خَصَمَ,خَصَمَتْ,خَصَمَا,خَصَمَتَا,خَصَمُوا,خَصَمْنَ,خَصَمْتَ,خَصَمْتِ,خَصَمْتُمَا,خَصَمْتُمْ,خَصَمْتُنَّ,خَصَمْتُ,خَصَمْنَا
خصم,خَصِمَ,فَعِلَ يَفْعَلُ ( كسر فتح ),لازم, ,خَصِمَ,خَصِمَتْ,خَصِمَا,خَصِمَتَا,خَصِمُوا,خَصِمْنَ,خَصِمْتَ,خَصِمْتِ,خَصِمْتُمَا,خَصِمْتُمْ,خَصِمْتُنَّ,خَصِمْتُ,خَصِمْنَا
خضب,خَضَبَ,فَعَلَ يَفْعِلُ ( فتحُ كَسْرٍ ),مشترك , ,خَضَبَ,خَضَبَتْ,خَضَبَا,خَضَبَتَا,خَضَبُوا,خَضَبْنَ,خَضَبْتَ,خَضَبْتِ,خَضَبْتُمَا,خَضَبْتُمْ,خَضَبْتُنَّ,خَضَبْتُ,خَضَبْنَا
خضب,خَضِبَ,فَعِلَ يَفْعَلُ ( كسر فتح ),لازم, ,خَضِبَ,خَضِبَتْ,خَضِبَا,خَضِبَتَا,خَضِبُوا,خَضِبْنَ,خَضِبْتَ,خَضِبْتِ,خَضِبْتُمَا,خَضِبْتُمْ,خَضِبْتُنَّ,خَضِبْتُ,خَضِبْنَا
خضد,خَضَدَ,فَعَلَ يَفْعِلُ ( فتحُ كَسْرٍ ),مشترك , ,خَضَدَ,خَضَدَتْ,خَضَدَا,خَضَدَتَا,خَضَدُوا,خَضَدْنَ,خَضَدْتَ,خَضَدْتِ,خَضَدْتُمَا,خَضَدْتُمْ,خَضَدْتُنَّ,خَضَدْتُ,خَضَدْنَا
خضد,خَضِدَ,فَعِلَ يَفْعَلُ ( كسر فتح ),لازم, ,خَضِدَ,خَضِدَتْ,خَضِدَا,خَضِدَتَا,خَضِدُوا,خَضِدْنَ,خَضِدْتَ,خَضِدْتِ,خَضِدْتُمَا,خَضِدْتُمْ,خَضِدْتُنَّ,خَضِدْتُ,خَضِدْنَا
خضر,خَضَرَ,فَعَلَ يَفْعُلُ ( فتحُ ضمٍّ ),متعدي, ,خَضَرَ,خَضَرَتْ,خَضَرَا,خَضَرَتَا,خَضَرُوا,خَضَرْنَ,خَضَرْتَ,خَضَرْتِ,خَضَرْتُمَا,خَضَرْتُمْ,خَضَرْتُنَّ,خَضَرْتُ,خَضَرْنَا
خضر,خَضِرَ,فَعِلَ يَفْعَلُ ( كسر فتح ),لازم, ,خَضِرَ,خَضِرَتْ,خَضِرَا,خَضِرَتَا,خَضِرُوا,خَضِرْنَ,خَضِرْتَ,خَضِرْتِ,خَضِرْتُمَا,خَضِرْتُمْ,خَضِرْتُنَّ,خَضِرْتُ,خَضِرْنَا
خضع,خَضَعَ,فَعَلَ يَفْعَلُ ( فتحتان ),مشترك , ,خَضَعَ,خَضَعَتْ,خَضَعَا,خَضَعَتَا,خَضَعُوا,خَضَعْنَ,خَضَعْتَ,خَضَعْتِ,خَضَعْتُمَا,خَضَعْتُمْ,خَضَعْتُنَّ,خَضَعْتُ,خَضَعْنَا
خضع,خَضِعَ,فَعِلَ يَفْعَلُ ( كسر فتح ),لازم, ,خَضِعَ,خَضِعَتْ,خَضِعَا,خَضِعَتَا,خَضِعُوا,خَضِعْنَ,خَضِعْتَ,خَضِعْتِ,خَضِعْتُمَا,خَضِعْتُمْ,خَضِعْتُنَّ,خَضِعْتُ,خَضِعْنَا
خضف,خَضَفَ,فَعَلَ يَفْعِلُ ( فتحُ كَسْرٍ ),مشترك , ,خَضَفَ,خَضَفَتْ,خَضَفَا,خَضَفَتَا,خَضَفُوا,خَضَفْنَ,خَضَفْتَ,خَضَفْتِ,خَضَفْتُمَا,خَضَفْتُمْ,خَضَفْتُنَّ,خَضَفْتُ,خَضَفْنَا
خضل,خَضِلَ,فَعِلَ يَفْعَلُ ( كسر فتح ),لازم, ,خَضِلَ,خَضِلَتْ,خَضِلَا,خَضِلَتَا,خَضِلُوا,خَضِلْنَ,خَضِلْتَ,خَضِلْتِ,خَضِلْتُمَا,خَضِلْتُمْ,خَضِلْتُنَّ,خَضِلْتُ,خَضِلْنَا
خضم,خَضَمَ,فَعَلَ يَفْعِلُ ( فتحُ كَسْرٍ ),مشترك , ,خَضَمَ,خَضَمَتْ,خَضَمَا,خَضَمَتَا,خَضَمُوا,خَضَمْنَ,خَضَمْتَ,خَضَمْتِ,خَضَمْتُمَا,خَضَمْتُمْ,خَضَمْتُنَّ,خَضَمْتُ,خَضَمْنَا
خضم,خَضِمَ,فَعِلَ يَفْعَلُ ( كسر فتح ),مشترك , ,خَضِمَ,خَضِمَتْ,خَضِمَا,خَضِمَتَا,خَضِمُوا,خَضِمْنَ,خَضِمْتَ,خَضِمْتِ,خَضِمْتُمَا,خَضِمْتُمْ,خَضِمْتُنَّ,خَضِمْتُ,خَضِمْنَا
خضن,خَضَنَ,فَعَلَ يَفْعُلُ ( فتحُ ضمٍّ ),متعدي, ,خَضَنَ,خَضَنَتْ,خَضَنَا,خَضَنَتَا,خَضَنُوا,خَضَنْنَ,خَضَنْتَ,خَضَنْتِ,خَضَنْتُمَا,خَضَنْتُمْ,خَضَنْتُنَّ,خَضَنْتُ,خَضَنْنَا
خطب,خَطَبَ,فَعَلَ يَفْعُلُ ( فتحُ ضمٍّ ),مشترك , ,خَطَبَ,خَطَبَتْ,خَطَبَا,خَطَبَتَا,خَطَبُوا,خَطَبْنَ,خَطَبْتَ,خَطَبْتِ,خَطَبْتُمَا,خَطَبْتُمْ,خَطَبْتُنَّ,خَطَبْتُ,خَطَبْنَا
خطب,خَطِبَ,فَعِلَ يَفْعَلُ ( كسر فتح ),لازم, ,خَطِبَ,خَطِبَتْ,خَطِبَا,خَطِبَتَا,خَطِبُوا,خَطِبْنَ,خَطِبْتَ,خَطِبْتِ,خَطِبْتُمَا,خَطِبْتُمْ,خَطِبْتُنَّ,خَطِبْتُ,خَطِبْنَا
خطب,خَطُبَ,فَعُلَ يَفْعُلُ ( ضمَ ضمٍَ ),لازم, ,خَطُبَ,خَطُبَتْ,خَطُبَا,خَطُبَتَا,خَطُبُوا,خَطُبْنَ,خَطُبْتَ,خَطُبْتِ,خَطُبْتُمَا,خَطُبْتُمْ,خَطُبْتُنَّ,خَطُبْتُ,خَطُبْنَا
خطر,خَطَرَ,فَعَلَ يَفْعُلُ ( فتحُ ضمٍّ ),مشترك , ,خَطَرَ,خَطَرَتْ,خَطَرَا,خَطَرَتَا,خَطَرُوا,خَطَرْنَ,خَطَرْتَ,خَطَرْتِ,خَطَرْتُمَا,خَطَرْتُمْ,خَطَرْتُنَّ,خَطَرْتُ,خَطَرْنَا
خطر,خَطَرَ,فَعَلَ يَفْعِلُ ( فتحُ كَسْرٍ ),مشترك , ,خَطَرَ,خَطَرَتْ,خَطَرَا,خَطَرَتَا,خَطَرُوا,خَطَرْنَ,خَطَرْتَ,خَطَرْتِ,خَطَرْتُمَا,خَطَرْتُمْ,خَطَرْتُنَّ,خَطَرْتُ,خَطَرْنَا
خطر,خَطُرَ,فَعُلَ يَفْعُلُ ( ضمَ ضمٍَ ),لازم, ,خَطُرَ,خَطُرَتْ,خَطُرَا,خَطُرَتَا,خَطُرُوا,خَطُرْنَ,خَطُرْتَ,خَطُرْتِ,خَطُرْتُمَا,خَطُرْتُمْ,خَطُرْتُنَّ,خَطُرْتُ,خَطُرْنَا
خطف,خَطَفَ,فَعَلَ يَفْعِلُ ( فتحُ كَسْرٍ ),مشترك , ,خَطَفَ,خَطَفَتْ,خَطَفَا,خَطَفَتَا,خَطَفُوا,خَطَفْنَ,خَطَفْتَ,خَطَفْتِ,خَطَفْتُمَا,خَطَفْتُمْ,خَطَفْتُنَّ,خَطَفْتُ,خَطَفْنَا
خطف,خَطِفَ,فَعِلَ يَفْعَلُ ( كسر فتح ),مشترك , ,خَطِفَ,خَطِفَتْ,خَطِفَا,خَطِفَتَا,خَطِفُوا,خَطِفْنَ,خَطِفْتَ,خَطِفْتِ,خَطِفْتُمَا,خَطِفْتُمْ,خَطِفْتُنَّ,خَطِفْتُ,خَطِفْنَا
خطل,خَطِلَ,فَعِلَ يَفْعَلُ ( كسر فتح ),لازم, ,خَطِلَ,خَطِلَتْ,خَطِلَا,خَطِلَتَا,خَطِلُوا,خَطِلْنَ,خَطِلْتَ,خَطِلْتِ,خَطِلْتُمَا,خَطِلْتُمْ,خَطِلْتُنَّ,خَطِلْتُ,خَطِلْنَا
خطم,خَطَمَ,فَعَلَ يَفْعِلُ ( فتحُ كَسْرٍ ),مشترك , ,خَطَمَ,خَطَمَتْ,خَطَمَا,خَطَمَتَا,خَطَمُوا,خَطَمْنَ,خَطَمْتَ,خَطَمْتِ,خَطَمْتُمَا,خَطَمْتُمْ,خَطَمْتُنَّ,خَطَمْتُ,خَطَمْنَا
خفت,خَفَتَ,فَعَلَ يَفْعِلُ ( فتحُ كَسْرٍ ),مشترك , ,خَفَتَ,خَفَتَتْ,خَفَتَا,خَفَتَتَا,خَفَتُوا,خَفَتْنَ,خَفَتْتَ,خَفَتْتِ,خَفَتْتُمَا,خَفَتْتُمْ,خَفَتْتُنَّ,خَفَتْتُ,خَفَتْنَا
خفج,خَفَجَ,فَعَلَ يَفْعِلُ ( فتحُ كَسْرٍ ),لازم, ,خَفَجَ,خَفَجَتْ,خَفَجَا,خَفَجَتَا,خَفَجُوا,خَفَجْنَ,خَفَجْتَ,خَفَجْتِ,خَفَجْتُمَا,خَفَجْتُمْ,خَفَجْتُنَّ,خَفَجْتُ,خَفَجْنَا
خفج,خَفِجَ,فَعِلَ يَفْعَلُ ( كسر فتح ),لازم, ,خَفِجَ,خَفِجَتْ,خَفِجَا,خَفِجَتَا,خَفِجُوا,خَفِجْنَ,خَفِجْتَ,خَفِجْتِ,خَفِجْتُمَا,خَفِجْتُمْ,خَفِجْتُنَّ,خَفِجْتُ,خَفِجْنَا
خفد,خَفَدَ,فَعَلَ يَفْعُلُ ( فتحُ ضمٍّ ),لازم, ,خَفَدَ,خَفَدَتْ,خَفَدَا,خَفَدَتَا,خَفَدُوا,خَفَدْنَ,خَفَدْتَ,خَفَدْتِ,خَفَدْتُمَا,خَفَدْتُمْ,خَفَدْتُنَّ,خَفَدْتُ,خَفَدْنَا
خفد,خَفِدَ,فَعِلَ يَفْعَلُ ( كسر فتح ),لازم, ,خَفِدَ,خَفِدَتْ,خَفِدَا,خَفِدَتَا,خَفِدُوا,خَفِدْنَ,خَفِدْتَ,خَفِدْتِ,خَفِدْتُمَا,خَفِدْتُمْ,خَفِدْتُنَّ,خَفِدْتُ,خَفِدْنَا
خفر,خَفَرَ,فَعَلَ يَفْعُلُ ( فتحُ ضمٍّ ),مشترك , ,خَفَرَ,خَفَرَتْ,خَفَرَا,خَفَرَتَا,خَفَرُوا,خَفَرْنَ,خَفَرْتَ,خَفَرْتِ,خَفَرْتُمَا,خَفَرْتُمْ,خَفَرْتُنَّ,خَفَرْتُ,خَفَرْنَا
خفر,خَفَرَ,فَعَلَ يَفْعِلُ ( فتحُ كَسْرٍ ),مشترك , ,خَفَرَ,خَفَرَتْ,خَفَرَا,خَفَرَتَا,خَفَرُوا,خَفَرْنَ,خَفَرْتَ,خَفَرْتِ,خَفَرْتُمَا,خَفَرْتُمْ,خَفَرْتُنَّ,خَفَرْتُ,خَفَرْنَا
خفر,خَفِرَ,فَعِلَ يَفْعَلُ ( كسر فتح ),لازم, ,خَفِرَ,خَفِرَتْ,خَفِرَا,خَفِرَتَا,خَفِرُوا,خَفِرْنَ,خَفِرْتَ,خَفِرْتِ,خَفِرْتُمَا,خَفِرْتُمْ,خَفِرْتُنَّ,خَفِرْتُ,خَفِرْنَا
خفس,خَفَسَ,فَعَلَ يَفْعِلُ ( فتحُ كَسْرٍ ),مشترك , ,خَفَسَ,خَفَسَتْ,خَفَسَا,خَفَسَتَا,خَفَسُوا,خَفَسْنَ,خَفَسْتَ,خَفَسْتِ,خَفَسْتُمَا,خَفَسْتُمْ,خَفَسْتُنَّ,خَفَسْتُ,خَفَسْنَا
خفش,خَفَشَ,فَعَلَ يَفْعُلُ ( فتحُ ضمٍّ ),لازم, ,خَفَشَ,خَفَشَتْ,خَفَشَا,خَفَشَتَا,خَفَشُوا,خَفَشْنَ,خَفَشْتَ,خَفَشْتِ,خَفَشْتُمَا,خَفَشْتُمْ,خَفَشْتُنَّ,خَفَشْتُ,خَفَشْنَا
خفش,خَفِشَ,فَعِلَ يَفْعَلُ ( كسر فتح ),لازم, ,خَفِشَ,خَفِشَتْ,خَفِشَا,خَفِشَتَا,خَفِشُوا,خَفِشْنَ,خَفِشْتَ,خَفِشْتِ,خَفِشْتُمَا,خَفِشْتُمْ,خَفِشْتُنَّ,خَفِشْتُ,خَفِشْنَا
خفض,خَفَضَ,فَعَلَ يَفْعِلُ ( فتحُ كَسْرٍ ),مشترك , ,خَفَضَ,خَفَضَتْ,خَفَضَا,خَفَضَتَا,خَفَضُوا,خَفَضْنَ,خَفَضْتَ,خَفَضْتِ,خَفَضْتُمَا,خَفَضْتُمْ,خَفَضْتُنَّ,خَفَضْتُ,خَفَضْنَا
خفض,خَفُضَ,فَعُلَ يَفْعُلُ ( ضمَ ضمٍَ ),لازم, ,خَفُضَ,خَفُضَتْ,خَفُضَا,خَفُضَتَا,خَفُضُوا,خَفُضْنَ,خَفُضْتَ,خَفُضْتِ,خَفُضْتُمَا,خَفُضْتُمْ,خَفُضْتُنَّ,خَفُضْتُ,خَفُضْنَا
خفع,خَفَعَ,فَعَلَ يَفْعَلُ ( فتحتان ),مشترك , ,خَفَعَ,خَفَعَتْ,خَفَعَا,خَفَعَتَا,خَفَعُوا,خَفَعْنَ,خَفَعْتَ,خَفَعْتِ,خَفَعْتُمَا,خَفَعْتُمْ,خَفَعْتُنَّ,خَفَعْتُ,خَفَعْنَا
خفق,خَفَقَ,فَعَلَ يَفْعُلُ ( فتحُ ضمٍّ ),مشترك , ,خَفَقَ,خَفَقَتْ,خَفَقَا,خَفَقَتَا,خَفَقُوا,خَفَقْنَ,خَفَقْتَ,خَفَقْتِ,خَفَقْتُمَا,خَفَقْتُمْ,خَفَقْتُنَّ,خَفَقْتُ,خَفَقْنَا
خفق,خَفَقَ,فَعَلَ يَفْعِلُ ( فتحُ كَسْرٍ ),مشترك , ,خَفَقَ,خَفَقَتْ,خَفَقَا,خَفَقَتَا,خَفَقُوا,خَفَقْنَ,خَفَقْتَ,خَفَقْتِ,خَفَقْتُمَا,خَفَقْتُمْ,خَفَقْتُنَّ,خَفَقْتُ,خَفَقْنَا
خلب,خَلَبَ,فَعَلَ يَفْعُلُ ( فتحُ ضمٍّ ),مشترك , ,خَلَبَ,خَلَبَتْ,خَلَبَا,خَلَبَتَا,خَلَبُوا,خَلَبْنَ,خَلَبْتَ,خَلَبْتِ,خَلَبْتُمَا,خَلَبْتُمْ,خَلَبْتُنَّ,خَلَبْتُ,خَلَبْنَا
خلب,خَلَبَ,فَعَلَ يَفْعِلُ ( فتحُ كَسْرٍ ),مشترك , ,خَلَبَ,خَلَبَتْ,خَلَبَا,خَلَبَتَا,خَلَبُوا,خَلَبْنَ,خَلَبْتَ,خَلَبْتِ,خَلَبْتُمَا,خَلَبْتُمْ,خَلَبْتُنَّ,خَلَبْتُ,خَلَبْنَا
خلب,خَلِبَ,فَعِلَ يَفْعَلُ ( كسر فتح ),لازم, ,خَلِبَ,خَلِبَتْ,خَلِبَا,خَلِبَتَا,خَلِبُوا,خَلِبْنَ,خَلِبْتَ,خَلِبْتِ,خَلِبْتُمَا,خَلِبْتُمْ,خَلِبْتُنَّ,خَلِبْتُ,خَلِبْنَا
خلج,خَلَجَ,فَعَلَ يَفْعُلُ ( فتحُ ضمٍّ ),مشترك , ,خَلَجَ,خَلَجَتْ,خَلَجَا,خَلَجَتَا,خَلَجُوا,خَلَجْنَ,خَلَجْتَ,خَلَجْتِ,خَلَجْتُمَا,خَلَجْتُمْ,خَلَجْتُنَّ,خَلَجْتُ,خَلَجْنَا
خلج,خَلَجَ,فَعَلَ يَفْعِلُ ( فتحُ كَسْرٍ ),مشترك , ,خَلَجَ,خَلَجَتْ,خَلَجَا,خَلَجَتَا,خَلَجُوا,خَلَجْنَ,خَلَجْتَ,خَلَجْتِ,خَلَجْتُمَا,خَلَجْتُمْ,خَلَجْتُنَّ,خَلَجْتُ,خَلَجْنَا
خلج,خَلِجَ,فَعِلَ يَفْعَلُ ( كسر فتح ),لازم, ,خَلِجَ,خَلِجَتْ,خَلِجَا,خَلِجَتَا,خَلِجُوا,خَلِجْنَ,خَلِجْتَ,خَلِجْتِ,خَلِجْتُمَا,خَلِجْتُمْ,خَلِجْتُنَّ,خَلِجْتُ,خَلِجْنَا
خلد,خَلَدَ,فَعَلَ يَفْعُلُ ( فتحُ ضمٍّ ),لازم, ,خَلَدَ,خَلَدَتْ,خَلَدَا,خَلَدَتَا,خَلَدُوا,خَلَدْنَ,خَلَدْتَ,خَلَدْتِ,خَلَدْتُمَا,خَلَدْتُمْ,خَلَدْتُنَّ,خَلَدْتُ,خَلَدْنَا
خلد,خَلَدَ,فَعَلَ يَفْعِلُ ( فتحُ كَسْرٍ ),لازم, ,خَلَدَ,خَلَدَتْ,خَلَدَا,خَلَدَتَا,خَلَدُوا,خَلَدْنَ,خَلَدْتَ,خَلَدْتِ,خَلَدْتُمَا,خَلَدْتُمْ,خَلَدْتُنَّ,خَلَدْتُ,خَلَدْنَا
خلس,خَلَسَ,فَعَلَ يَفْعِلُ ( فتحُ كَسْرٍ ),متعدي, ,خَلَسَ,خَلَسَتْ,خَلَسَا,خَلَسَتَا,خَلَسُوا,خَلَسْنَ,خَلَسْتَ,خَلَسْتِ,خَلَسْتُمَا,خَلَسْتُمْ,خَلَسْتُنَّ,خَلَسْتُ,خَلَسْنَا
خلس,خَلِسَ,فَعِلَ يَفْعَلُ ( كسر فتح ),لازم, ,خَلِسَ,خَلِسَتْ,خَلِسَا,خَلِسَتَا,خَلِسُوا,خَلِسْنَ,خَلِسْتَ,خَلِسْتِ,خَلِسْتُمَا,خَلِسْتُمْ,خَلِسْتُنَّ,خَلِسْتُ,خَلِسْنَا
خلص,خَلَصَ,فَعَلَ يَفْعُلُ ( فتحُ ضمٍّ ),لازم, ,خَلَصَ,خَلَصَتْ,خَلَصَا,خَلَصَتَا,خَلَصُوا,خَلَصْنَ,خَلَصْتَ,خَلَصْتِ,خَلَصْتُمَا,خَلَصْتُمْ,خَلَصْتُنَّ,خَلَصْتُ,خَلَصْنَا
خلص,خَلِصَ,فَعِلَ يَفْعَلُ ( كسر فتح ),لازم, ,خَلِصَ,خَلِصَتْ,خَلِصَا,خَلِصَتَا,خَلِصُوا,خَلِصْنَ,خَلِصْتَ,خَلِصْتِ,خَلِصْتُمَا,خَلِصْتُمْ,خَلِصْتُنَّ,خَلِصْتُ,خَلِصْنَا
خلط,خَلَطَ,فَعَلَ يَفْعِلُ ( فتحُ كَسْرٍ ),متعدي, ,خَلَطَ,خَلَطَتْ,خَلَطَا,خَلَطَتَا,خَلَطُوا,خَلَطْنَ,خَلَطْتَ,خَلَطْتِ,خَلَطْتُمَا,خَلَطْتُمْ,خَلَطْتُنَّ,خَلَطْتُ,خَلَطْنَا
خلع,خَلَعَ,فَعَلَ يَفْعَلُ ( فتحتان ),مشترك , ,خَلَعَ,خَلَعَتْ,خَلَعَا,خَلَعَتَا,خَلَعُوا,خَلَعْنَ,خَلَعْتَ,خَلَعْتِ,خَلَعْتُمَا,خَلَعْتُمْ,خَلَعْتُنَّ,خَلَعْتُ,خَلَعْنَا
خلع,خَلُعَ,فَعُلَ يَفْعُلُ ( ضمَ ضمٍَ ),لازم, ,خَلُعَ,خَلُعَتْ,خَلُعَا,خَلُعَتَا,خَلُعُوا,خَلُعْنَ,خَلُعْتَ,خَلُعْتِ,خَلُعْتُمَا,خَلُعْتُمْ,خَلُعْتُنَّ,خَلُعْتُ,خَلُعْنَا
خلف,خَلَفَ,فَعَلَ يَفْعُلُ ( فتحُ ضمٍّ ),مشترك , ,خَلَفَ,خَلَفَتْ,خَلَفَا,خَلَفَتَا,خَلَفُوا,خَلَفْنَ,خَلَفْتَ,خَلَفْتِ,خَلَفْتُمَا,خَلَفْتُمْ,خَلَفْتُنَّ,خَلَفْتُ,خَلَفْنَا
خلف,خَلِفَ,فَعِلَ يَفْعَلُ ( كسر فتح ),لازم, ,خَلِفَ,خَلِفَتْ,خَلِفَا,خَلِفَتَا,خَلِفُوا,خَلِفْنَ,خَلِفْتَ,خَلِفْتِ,خَلِفْتُمَا,خَلِفْتُمْ,خَلِفْتُنَّ,خَلِفْتُ,خَلِفْنَا
خلف,خَلُفَ,فَعُلَ يَفْعُلُ ( ضمَ ضمٍَ ),لازم, ,خَلُفَ,خَلُفَتْ,خَلُفَا,خَلُفَتَا,خَلُفُوا,خَلُفْنَ,خَلُفْتَ,خَلُفْتِ,خَلُفْتُمَا,خَلُفْتُمْ,خَلُفْتُنَّ,خَلُفْتُ,خَلُفْنَا
خلق,خَلَقَ,فَعَلَ يَفْعُلُ ( فتحُ ضمٍّ ),مشترك , ,خَلَقَ,خَلَقَتْ,خَلَقَا,خَلَقَتَا,خَلَقُوا,خَلَقْنَ,خَلَقْتَ,خَلَقْتِ,خَلَقْتُمَا,خَلَقْتُمْ,خَلَقْتُنَّ,خَلَقْتُ,خَلَقْنَا
خلق,خَلِقَ,فَعِلَ يَفْعَلُ ( كسر فتح ),لازم, ,خَلِقَ,خَلِقَتْ,خَلِقَا,خَلِقَتَا,خَلِقُوا,خَلِقْنَ,خَلِقْتَ,خَلِقْتِ,خَلِقْتُمَا,خَلِقْتُمْ,خَلِقْتُنَّ,خَلِقْتُ,خَلِقْنَا
خلق,خَلُقَ,فَعُلَ يَفْعُلُ ( ضمَ ضمٍَ ),لازم, ,خَلُقَ,خَلُقَتْ,خَلُقَا,خَلُقَتَا,خَلُقُوا,خَلُقْنَ,خَلُقْتَ,خَلُقْتِ,خَلُقْتُمَا,خَلُقْتُمْ,خَلُقْتُنَّ,خَلُقْتُ,خَلُقْنَا
خمج,خَمِجَ,فَعِلَ يَفْعَلُ ( كسر فتح ),مشترك , ,خَمِجَ,خَمِجَتْ,خَمِجَا,خَمِجَتَا,خَمِجُوا,خَمِجْنَ,خَمِجْتَ,خَمِجْتِ,خَمِجْتُمَا,خَمِجْتُمْ,خَمِجْتُنَّ,خَمِجْتُ,خَمِجْنَا
خمد,خَمَدَ,فَعَلَ يَفْعُلُ ( فتحُ ضمٍّ ),لازم, ,خَمَدَ,خَمَدَتْ,خَمَدَا,خَمَدَتَا,خَمَدُوا,خَمَدْنَ,خَمَدْتَ,خَمَدْتِ,خَمَدْتُمَا,خَمَدْتُمْ,خَمَدْتُنَّ,خَمَدْتُ,خَمَدْنَا
خمد,خَمِدَ,فَعِلَ يَفْعَلُ ( كسر فتح ),لازم, ,خَمِدَ,خَمِدَتْ,خَمِدَا,خَمِدَتَا,خَمِدُوا,خَمِدْنَ,خَمِدْتَ,خَمِدْتِ,خَمِدْتُمَا,خَمِدْتُمْ,خَمِدْتُنَّ,خَمِدْتُ,خَمِدْنَا
خمر,خَمَرَ,فَعَلَ يَفْعُلُ ( فتحُ ضمٍّ ),مشترك , ,خَمَرَ,خَمَرَتْ,خَمَرَا,خَمَرَتَا,خَمَرُوا,خَمَرْنَ,خَمَرْتَ,خَمَرْتِ,خَمَرْتُمَا,خَمَرْتُمْ,خَمَرْتُنَّ,خَمَرْتُ,خَمَرْنَا
خمر,خَمَرَ,فَعَلَ يَفْعِلُ ( فتحُ كَسْرٍ ),مشترك , ,خَمَرَ,خَمَرَتْ,خَمَرَا,خَمَرَتَا,خَمَرُوا,خَمَرْنَ,خَمَرْتَ,خَمَرْتِ,خَمَرْتُمَا,خَمَرْتُمْ,خَمَرْتُنَّ,خَمَرْتُ,خَمَرْنَا
خمر,خَمِرَ,فَعِلَ يَفْعَلُ ( كسر فتح ),مشترك , ,خَمِرَ,خَمِرَتْ,خَمِرَا,خَمِرَتَا,خَمِرُوا,خَمِرْنَ,خَمِرْتَ,خَمِرْتِ,خَمِرْتُمَا,خَمِرْتُمْ,خَمِرْتُنَّ,خَمِرْتُ,خَمِرْنَا
خمس,خَمَسَ,فَعَلَ يَفْعُلُ ( فتحُ ضمٍّ ),مشترك , ,خَمَسَ,خَمَسَتْ,خَمَسَا,خَمَسَتَا,خَمَسُوا,خَمَسْنَ,خَمَسْتَ,خَمَسْتِ,خَمَسْتُمَا,خَمَسْتُمْ,خَمَسْتُنَّ,خَمَسْتُ,خَمَسْنَا
خمس,خَمَسَ,فَعَلَ يَفْعِلُ ( فتحُ كَسْرٍ ),مشترك , ,خَمَسَ,خَمَسَتْ,خَمَسَا,خَمَسَتَا,خَمَسُوا,خَمَسْنَ,خَمَسْتَ,خَمَسْتِ,خَمَسْتُمَا,خَمَسْتُمْ,خَمَسْتُنَّ,خَمَسْتُ,خَمَسْنَا
خمش,خَمَشَ,فَعَلَ يَفْعُلُ ( فتحُ ضمٍّ ),متعدي, ,خَمَشَ,خَمَشَتْ,خَمَشَا,خَمَشَتَا,خَمَشُوا,خَمَشْنَ,خَمَشْتَ,خَمَشْتِ,خَمَشْتُمَا,خَمَشْتُمْ,خَمَشْتُنَّ,خَمَشْتُ,خَمَشْنَا
خمش,خَمَشَ,فَعَلَ يَفْعِلُ ( فتحُ كَسْرٍ ),متعدي, ,خَمَشَ,خَمَشَتْ,خَمَشَا,خَمَشَتَا,خَمَشُوا,خَمَشْنَ,خَمَشْتَ,خَمَشْتِ,خَمَشْتُمَا,خَمَشْتُمْ,خَمَشْتُنَّ,خَمَشْتُ,خَمَشْنَا
خمص,خَمَصَ,فَعَلَ يَفْعُلُ ( فتحُ ضمٍّ ),مشترك , ,خَمَصَ,خَمَصَتْ,خَمَصَا,خَمَصَتَا,خَمَصُوا,خَمَصْنَ,خَمَصْتَ,خَمَصْتِ,خَمَصْتُمَا,خَمَصْتُمْ,خَمَصْتُنَّ,خَمَصْتُ,خَمَصْنَا
خمص,خَمِصَ,فَعِلَ يَفْعَلُ ( كسر فتح ),لازم, ,خَمِصَ,خَمِصَتْ,خَمِصَا,خَمِصَتَا,خَمِصُوا,خَمِصْنَ,خَمِصْتَ,خَمِصْتِ,خَمِصْتُمَا,خَمِصْتُمْ,خَمِصْتُنَّ,خَمِصْتُ,خَمِصْنَا
خمص,خَمُصَ,فَعُلَ يَفْعُلُ ( ضمَ ضمٍَ ),لازم, ,خَمُصَ,خَمُصَتْ,خَمُصَا,خَمُصَتَا,خَمُصُوا,خَمُصْنَ,خَمُصْتَ,خَمُصْتِ,خَمُصْتُمَا,خَمُصْتُمْ,خَمُصْتُنَّ,خَمُصْتُ,خَمُصْنَا
خمط,خَمَطَ,فَعَلَ يَفْعُلُ ( فتحُ ضمٍّ ),مشترك , ,خَمَطَ,خَمَطَتْ,خَمَطَا,خَمَطَتَا,خَمَطُوا,خَمَطْنَ,خَمَطْتَ,خَمَطْتِ,خَمَطْتُمَا,خَمَطْتُمْ,خَمَطْتُنَّ,خَمَطْتُ,خَمَطْنَا
خمط,خَمَطَ,فَعَلَ يَفْعِلُ ( فتحُ كَسْرٍ ),متعدي, ,خَمَطَ,خَمَطَتْ,خَمَطَا,خَمَطَتَا,خَمَطُوا,خَمَطْنَ,خَمَطْتَ,خَمَطْتِ,خَمَطْتُمَا,خَمَطْتُمْ,خَمَطْتُنَّ,خَمَطْتُ,خَمَطْنَا
خمط,خَمِطَ,فَعِلَ يَفْعَلُ ( كسر فتح ),لازم, ,خَمِطَ,خَمِطَتْ,خَمِطَا,خَمِطَتَا,خَمِطُوا,خَمِطْنَ,خَمِطْتَ,خَمِطْتِ,خَمِطْتُمَا,خَمِطْتُمْ,خَمِطْتُنَّ,خَمِطْتُ,خَمِطْنَا
خمع,خَمَعَ,فَعَلَ يَفْعَلُ ( فتحتان ),لازم, ,خَمَعَ,خَمَعَتْ,خَمَعَا,خَمَعَتَا,خَمَعُوا,خَمَعْنَ,خَمَعْتَ,خَمَعْتِ,خَمَعْتُمَا,خَمَعْتُمْ,خَمَعْتُنَّ,خَمَعْتُ,خَمَعْنَا
خمل,خَمَلَ,فَعَلَ يَفْعُلُ ( فتحُ ضمٍّ ),مشترك , ,خَمَلَ,خَمَلَتْ,خَمَلَا,خَمَلَتَا,خَمَلُوا,خَمَلْنَ,خَمَلْتَ,خَمَلْتِ,خَمَلْتُمَا,خَمَلْتُمْ,خَمَلْتُنَّ,خَمَلْتُ,خَمَلْنَا
خمن,خَمَنَ,فَعَلَ يَفْعُلُ ( فتحُ ضمٍّ ),متعدي, ,خَمَنَ,خَمَنَتْ,خَمَنَا,خَمَنَتَا,خَمَنُوا,خَمَنْنَ,خَمَنْتَ,خَمَنْتِ,خَمَنْتُمَا,خَمَنْتُمْ,خَمَنْتُنَّ,خَمَنْتُ,خَمَنْنَا
خمن,خَمَنَ,فَعَلَ يَفْعِلُ ( فتحُ كَسْرٍ ),متعدي, ,خَمَنَ,خَمَنَتْ,خَمَنَا,خَمَنَتَا,خَمَنُوا,خَمَنْنَ,خَمَنْتَ,خَمَنْتِ,خَمَنْتُمَا,خَمَنْتُمْ,خَمَنْتُنَّ,خَمَنْتُ,خَمَنْنَا
خنب,خَنِبَ,فَعِلَ يَفْعَلُ ( كسر فتح ),لازم, ,خَنِبَ,خَنِبَتْ,خَنِبَا,خَنِبَتَا,خَنِبُوا,خَنِبْنَ,خَنِبْتَ,خَنِبْتِ,خَنِبْتُمَا,خَنِبْتُمْ,خَنِبْتُنَّ,خَنِبْتُ,خَنِبْنَا
خنث,خَنَثَ,فَعَلَ يَفْعِلُ ( فتحُ كَسْرٍ ),مشترك , ,خَنَثَ,خَنَثَتْ,خَنَثَا,خَنَثَتَا,خَنَثُوا,خَنَثْنَ,خَنَثْتَ,خَنَثْتِ,خَنَثْتُمَا,خَنَثْتُمْ,خَنَثْتُنَّ,خَنَثْتُ,خَنَثْنَا
خنث,خَنِثَ,فَعِلَ يَفْعَلُ ( كسر فتح ),لازم, ,خَنِثَ,خَنِثَتْ,خَنِثَا,خَنِثَتَا,خَنِثُوا,خَنِثْنَ,خَنِثْتَ,خَنِثْتِ,خَنِثْتُمَا,خَنِثْتُمْ,خَنِثْتُنَّ,خَنِثْتُ,خَنِثْنَا
خنز,خَنِزَ,فَعِلَ يَفْعَلُ ( كسر فتح ),لازم, ,خَنِزَ,خَنِزَتْ,خَنِزَا,خَنِزَتَا,خَنِزُوا,خَنِزْنَ,خَنِزْتَ,خَنِزْتِ,خَنِزْتُمَا,خَنِزْتُمْ,خَنِزْتُنَّ,خَنِزْتُ,خَنِزْنَا
خنس,خَنَسَ,فَعَلَ يَفْعُلُ ( فتحُ ضمٍّ ),مشترك , ,خَنَسَ,خَنَسَتْ,خَنَسَا,خَنَسَتَا,خَنَسُوا,خَنَسْنَ,خَنَسْتَ,خَنَسْتِ,خَنَسْتُمَا,خَنَسْتُمْ,خَنَسْتُنَّ,خَنَسْتُ,خَنَسْنَا
خنس,خَنَسَ,فَعَلَ يَفْعِلُ ( فتحُ كَسْرٍ ),مشترك , ,خَنَسَ,خَنَسَتْ,خَنَسَا,خَنَسَتَا,خَنَسُوا,خَنَسْنَ,خَنَسْتَ,خَنَسْتِ,خَنَسْتُمَا,خَنَسْتُمْ,خَنَسْتُنَّ,خَنَسْتُ,خَنَسْنَا
خنس,خَنِسَ,فَعِلَ يَفْعَلُ ( كسر فتح ),لازم, ,خَنِسَ,خَنِسَتْ,خَنِسَا,خَنِسَتَا,خَنِسُوا,خَنِسْنَ,خَنِسْتَ,خَنِسْتِ,خَنِسْتُمَا,خَنِسْتُمْ,خَنِسْتُنَّ,خَنِسْتُ,خَنِسْنَا
خنط,خَنَطَ,فَعَلَ يَفْعِلُ ( فتحُ كَسْرٍ ),متعدي, ,خَنَطَ,خَنَطَتْ,خَنَطَا,خَنَطَتَا,خَنَطُوا,خَنَطْنَ,خَنَطْتَ,خَنَطْتِ,خَنَطْتُمَا,خَنَطْتُمْ,خَنَطْتُنَّ,خَنَطْتُ,خَنَطْنَا
خنع,خَنَعَ,فَعَلَ يَفْعَلُ ( فتحتان ),مشترك , ,خَنَعَ,خَنَعَتْ,خَنَعَا,خَنَعَتَا,خَنَعُوا,خَنَعْنَ,خَنَعْتَ,خَنَعْتِ,خَنَعْتُمَا,خَنَعْتُمْ,خَنَعْتُنَّ,خَنَعْتُ,خَنَعْنَا
خنف,خَنَفَ,فَعَلَ يَفْعِلُ ( فتحُ كَسْرٍ ),مشترك , ,خَنَفَ,خَنَفَتْ,خَنَفَا,خَنَفَتَا,خَنَفُوا,خَنَفْنَ,خَنَفْتَ,خَنَفْتِ,خَنَفْتُمَا,خَنَفْتُمْ,خَنَفْتُنَّ,خَنَفْتُ,خَنَفْنَا
خنف,خَنِفَ,فَعِلَ يَفْعَلُ ( كسر فتح ),لازم, ,خَنِفَ,خَنِفَتْ,خَنِفَا,خَنِفَتَا,خَنِفُوا,خَنِفْنَ,خَنِفْتَ,خَنِفْتِ,خَنِفْتُمَا,خَنِفْتُمْ,خَنِفْتُنَّ,خَنِفْتُ,خَنِفْنَا
خنق,خَنَقَ,فَعَلَ يَفْعُلُ ( فتحُ ضمٍّ ),متعدي, ,خَنَقَ,خَنَقَتْ,خَنَقَا,خَنَقَتَا,خَنَقُوا,خَنَقْنَ,خَنَقْتَ,خَنَقْتِ,خَنَقْتُمَا,خَنَقْتُمْ,خَنَقْتُنَّ,خَنَقْتُ,خَنَقْنَا
دبج,دَبَجَ,فَعَلَ يَفْعُلُ ( فتحُ ضمٍّ ),متعدي, ,دَبَجَ,دَبَجَتْ,دَبَجَا,دَبَجَتَا,دَبَجُوا,دَبَجْنَ,دَبَجْتَ,دَبَجْتِ,دَبَجْتُمَا,دَبَجْتُمْ,دَبَجْتُنَّ,دَبَجْتُ,دَبَجْنَا
دبر,دَبَرَ,فَعَلَ يَفْعُلُ ( فتحُ ضمٍّ ),مشترك , ,دَبَرَ,دَبَرَتْ,دَبَرَا,دَبَرَتَا,دَبَرُوا,دَبَرْنَ,دَبَرْتَ,دَبَرْتِ,دَبَرْتُمَا,دَبَرْتُمْ,دَبَرْتُنَّ,دَبَرْتُ,دَبَرْنَا
دبر,دَبِرَ,فَعِلَ يَفْعَلُ ( كسر فتح ),لازم, ,دَبِرَ,دَبِرَتْ,دَبِرَا,دَبِرَتَا,دَبِرُوا,دَبِرْنَ,دَبِرْتَ,دَبِرْتِ,دَبِرْتُمَا,دَبِرْتُمْ,دَبِرْتُنَّ,دَبِرْتُ,دَبِرْنَا
دبش,دَبَشَ,فَعَلَ يَفْعِلُ ( فتحُ كَسْرٍ ),متعدي, ,دَبَشَ,دَبَشَتْ,دَبَشَا,دَبَشَتَا,دَبَشُوا,دَبَشْنَ,دَبَشْتَ,دَبَشْتِ,دَبَشْتُمَا,دَبَشْتُمْ,دَبَشْتُنَّ,دَبَشْتُ,دَبَشْنَا
دبغ,دَبَغَ,فَعَلَ يَفْعُلُ ( فتحُ ضمٍّ ),متعدي, ,دَبَغَ,دَبَغَتْ,دَبَغَا,دَبَغَتَا,دَبَغُوا,دَبَغْنَ,دَبَغْتَ,دَبَغْتِ,دَبَغْتُمَا,دَبَغْتُمْ,دَبَغْتُنَّ,دَبَغْتُ,دَبَغْنَا
دبغ,دَبَغَ,فَعَلَ يَفْعِلُ ( فتحُ كَسْرٍ ),متعدي, ,دَبَغَ,دَبَغَتْ,دَبَغَا,دَبَغَتَا,دَبَغُوا,دَبَغْنَ,دَبَغْتَ,دَبَغْتِ,دَبَغْتُمَا,دَبَغْتُمْ,دَبَغْتُنَّ,دَبَغْتُ,دَبَغْنَا
دبغ,دَبَغَ,فَعَلَ يَفْعَلُ ( فتحتان ),متعدي, ,دَبَغَ,دَبَغَتْ,دَبَغَا,دَبَغَتَا,دَبَغُوا,دَبَغْنَ,دَبَغْتَ,دَبَغْتِ,دَبَغْتُمَا,دَبَغْتُمْ,دَبَغْتُنَّ,دَبَغْتُ,دَبَغْنَا
دبق,دَبَقَ,فَعَلَ يَفْعِلُ ( فتحُ كَسْرٍ ),مشترك , ,دَبَقَ,دَبَقَتْ,دَبَقَا,دَبَقَتَا,دَبَقُوا,دَبَقْنَ,دَبَقْتَ,دَبَقْتِ,دَبَقْتُمَا,دَبَقْتُمْ,دَبَقْتُنَّ,دَبَقْتُ,دَبَقْنَا
دبق,دَبِقَ,فَعِلَ يَفْعَلُ ( كسر فتح ),لازم, ,دَبِقَ,دَبِقَتْ,دَبِقَا,دَبِقَتَا,دَبِقُوا,دَبِقْنَ,دَبِقْتَ,دَبِقْتِ,دَبِقْتُمَا,دَبِقْتُمْ,دَبِقْتُنَّ,دَبِقْتُ,دَبِقْنَا
دبل,دَبَلَ,فَعَلَ يَفْعُلُ ( فتحُ ضمٍّ ),متعدي, ,دَبَلَ,دَبَلَتْ,دَبَلَا,دَبَلَتَا,دَبَلُوا,دَبَلْنَ,دَبَلْتَ,دَبَلْتِ,دَبَلْتُمَا,دَبَلْتُمْ,دَبَلْتُنَّ,دَبَلْتُ,دَبَلْنَا
دبل,دَبَلَ,فَعَلَ يَفْعِلُ ( فتحُ كَسْرٍ ),متعدي, ,دَبَلَ,دَبَلَتْ,دَبَلَا,دَبَلَتَا,دَبَلُوا,دَبَلْنَ,دَبَلْتَ,دَبَلْتِ,دَبَلْتُمَا,دَبَلْتُمْ,دَبَلْتُنَّ,دَبَلْتُ,دَبَلْنَا
دبل,دَبِلَ,فَعِلَ يَفْعَلُ ( كسر فتح ),لازم, ,دَبِلَ,دَبِلَتْ,دَبِلَا,دَبِلَتَا,دَبِلُوا,دَبِلْنَ,دَبِلْتَ,دَبِلْتِ,دَبِلْتُمَا,دَبِلْتُمْ,دَبِلْتُنَّ,دَبِلْتُ,دَبِلْنَا
دثر,دَثَرَ,فَعَلَ يَفْعُلُ ( فتحُ ضمٍّ ),لازم, ,دَثَرَ,دَثَرَتْ,دَثَرَا,دَثَرَتَا,دَثَرُوا,دَثَرْنَ,دَثَرْتَ,دَثَرْتِ,دَثَرْتُمَا,دَثَرْتُمْ,دَثَرْتُنَّ,دَثَرْتُ,دَثَرْنَا
دثط,دَثَطَ,فَعَلَ يَفْعُلُ ( فتحُ ضمٍّ ),مشترك , ,دَثَطَ,دَثَطَتْ,دَثَطَا,دَثَطَتَا,دَثَطُوا,دَثَطْنَ,دَثَطْتَ,دَثَطْتِ,دَثَطْتُمَا,دَثَطْتُمْ,دَثَطْتُنَّ,دَثَطْتُ,دَثَطْنَا
دثع,دَثَعَ,فَعَلَ يَفْعَلُ ( فتحتان ),مشترك , ,دَثَعَ,دَثَعَتْ,دَثَعَا,دَثَعَتَا,دَثَعُوا,دَثَعْنَ,دَثَعْتَ,دَثَعْتِ,دَثَعْتُمَا,دَثَعْتُمْ,دَثَعْتُنَّ,دَثَعْتُ,دَثَعْنَا
دجر,دَجِرَ,فَعِلَ يَفْعَلُ ( كسر فتح ),لازم, ,دَجِرَ,دَجِرَتْ,دَجِرَا,دَجِرَتَا,دَجِرُوا,دَجِرْنَ,دَجِرْتَ,دَجِرْتِ,دَجِرْتُمَا,دَجِرْتُمْ,دَجِرْتُنَّ,دَجِرْتُ,دَجِرْنَا
دجل,دَجَلَ,فَعَلَ يَفْعُلُ ( فتحُ ضمٍّ ),مشترك , ,دَجَلَ,دَجَلَتْ,دَجَلَا,دَجَلَتَا,دَجَلُوا,دَجَلْنَ,دَجَلْتَ,دَجَلْتِ,دَجَلْتُمَا,دَجَلْتُمْ,دَجَلْتُنَّ,دَجَلْتُ,دَجَلْنَا
دجم,دَجَمَ,فَعَلَ يَفْعُلُ ( فتحُ ضمٍّ ),مشترك , ,دَجَمَ,دَجَمَتْ,دَجَمَا,دَجَمَتَا,دَجَمُوا,دَجَمْنَ,دَجَمْتَ,دَجَمْتِ,دَجَمْتُمَا,دَجَمْتُمْ,دَجَمْتُنَّ,دَجَمْتُ,دَجَمْنَا
دجم,دَجِمَ,فَعِلَ يَفْعَلُ ( كسر فتح ),لازم, ,دَجِمَ,دَجِمَتْ,دَجِمَا,دَجِمَتَا,دَجِمُوا,دَجِمْنَ,دَجِمْتَ,دَجِمْتِ,دَجِمْتُمَا,دَجِمْتُمْ,دَجِمْتُنَّ,دَجِمْتُ,دَجِمْنَا
دجن,دَجَنَ,فَعَلَ يَفْعُلُ ( فتحُ ضمٍّ ),لازم, ,دَجَنَ,دَجَنَتْ,دَجَنَا,دَجَنَتَا,دَجَنُوا,دَجَنْنَ,دَجَنْتَ,دَجَنْتِ,دَجَنْتُمَا,دَجَنْتُمْ,دَجَنْتُنَّ,دَجَنْتُ,دَجَنْنَا
دحب,دَحَبَ,فَعَلَ يَفْعَلُ ( فتحتان ),متعدي, ,دَحَبَ,دَحَبَتْ,دَحَبَا,دَحَبَتَا,دَحَبُوا,دَحَبْنَ,دَحَبْتَ,دَحَبْتِ,دَحَبْتُمَا,دَحَبْتُمْ,دَحَبْتُنَّ,دَحَبْتُ,دَحَبْنَا
دحج,دَحَجَ,فَعَلَ يَفْعَلُ ( فتحتان ),متعدي, ,دَحَجَ,دَحَجَتْ,دَحَجَا,دَحَجَتَا,دَحَجُوا,دَحَجْنَ,دَحَجْتَ,دَحَجْتِ,دَحَجْتُمَا,دَحَجْتُمْ,دَحَجْتُنَّ,دَحَجْتُ,دَحَجْنَا
دحر,دَحَرَ,فَعَلَ يَفْعَلُ ( فتحتان ),متعدي, ,دَحَرَ,دَحَرَتْ,دَحَرَا,دَحَرَتَا,دَحَرُوا,دَحَرْنَ,دَحَرْتَ,دَحَرْتِ,دَحَرْتُمَا,دَحَرْتُمْ,دَحَرْتُنَّ,دَحَرْتُ,دَحَرْنَا
دحز,دَحَزَ,فَعَلَ يَفْعَلُ ( فتحتان ),متعدي, ,دَحَزَ,دَحَزَتْ,دَحَزَا,دَحَزَتَا,دَحَزُوا,دَحَزْنَ,دَحَزْتَ,دَحَزْتِ,دَحَزْتُمَا,دَحَزْتُمْ,دَحَزْتُنَّ,دَحَزْتُ,دَحَزْنَا
دحس,دَحَسَ,فَعَلَ يَفْعَلُ ( فتحتان ),مشترك , ,دَحَسَ,دَحَسَتْ,دَحَسَا,دَحَسَتَا,دَحَسُوا,دَحَسْنَ,دَحَسْتَ,دَحَسْتِ,دَحَسْتُمَا,دَحَسْتُمْ,دَحَسْتُنَّ,دَحَسْتُ,دَحَسْنَا
دحص,دَحَصَ,فَعَلَ يَفْعَلُ ( فتحتان ),مشترك , ,دَحَصَ,دَحَصَتْ,دَحَصَا,دَحَصَتَا,دَحَصُوا,دَحَصْنَ,دَحَصْتَ,دَحَصْتِ,دَحَصْتُمَا,دَحَصْتُمْ,دَحَصْتُنَّ,دَحَصْتُ,دَحَصْنَا
دحض,دَحَضَ,فَعَلَ يَفْعَلُ ( فتحتان ),مشترك , ,دَحَضَ,دَحَضَتْ,دَحَضَا,دَحَضَتَا,دَحَضُوا,دَحَضْنَ,دَحَضْتَ,دَحَضْتِ,دَحَضْتُمَا,دَحَضْتُمْ,دَحَضْتُنَّ,دَحَضْتُ,دَحَضْنَا
دحق,دَحَقَ,فَعَلَ يَفْعَلُ ( فتحتان ),مشترك , ,دَحَقَ,دَحَقَتْ,دَحَقَا,دَحَقَتَا,دَحَقُوا,دَحَقْنَ,دَحَقْتَ,دَحَقْتِ,دَحَقْتُمَا,دَحَقْتُمْ,دَحَقْتُنَّ,دَحَقْتُ,دَحَقْنَا
دحل,دَحَلَ,فَعَلَ يَفْعَلُ ( فتحتان ),مشترك , ,دَحَلَ,دَحَلَتْ,دَحَلَا,دَحَلَتَا,دَحَلُوا,دَحَلْنَ,دَحَلْتَ,دَحَلْتِ,دَحَلْتُمَا,دَحَلْتُمْ,دَحَلْتُنَّ,دَحَلْتُ,دَحَلْنَا
دحل,دَحِلَ,فَعِلَ يَفْعَلُ ( كسر فتح ),لازم, ,دَحِلَ,دَحِلَتْ,دَحِلَا,دَحِلَتَا,دَحِلُوا,دَحِلْنَ,دَحِلْتَ,دَحِلْتِ,دَحِلْتُمَا,دَحِلْتُمْ,دَحِلْتُنَّ,دَحِلْتُ,دَحِلْنَا
دحم,دَحَمَ,فَعَلَ يَفْعَلُ ( فتحتان ),متعدي, ,دَحَمَ,دَحَمَتْ,دَحَمَا,دَحَمَتَا,دَحَمُوا,دَحَمْنَ,دَحَمْتَ,دَحَمْتِ,دَحَمْتُمَا,دَحَمْتُمْ,دَحَمْتُنَّ,دَحَمْتُ,دَحَمْنَا
دحن,دَحِنَ,فَعِلَ يَفْعَلُ ( كسر فتح ),لازم, ,دَحِنَ,دَحِنَتْ,دَحِنَا,دَحِنَتَا,دَحِنُوا,دَحِنْنَ,دَحِنْتَ,دَحِنْتِ,دَحِنْتُمَا,دَحِنْتُمْ,دَحِنْتُنَّ,دَحِنْتُ,دَحِنْنَا
دخر,دَخَرَ,فَعَلَ يَفْعَلُ ( فتحتان ),لازم, ,دَخَرَ,دَخَرَتْ,دَخَرَا,دَخَرَتَا,دَخَرُوا,دَخَرْنَ,دَخَرْتَ,دَخَرْتِ,دَخَرْتُمَا,دَخَرْتُمْ,دَخَرْتُنَّ,دَخَرْتُ,دَخَرْنَا
دخر,دَخِرَ,فَعِلَ يَفْعَلُ ( كسر فتح ),لازم, ,دَخِرَ,دَخِرَتْ,دَخِرَا,دَخِرَتَا,دَخِرُوا,دَخِرْنَ,دَخِرْتَ,دَخِرْتِ,دَخِرْتُمَا,دَخِرْتُمْ,دَخِرْتُنَّ,دَخِرْتُ,دَخِرْنَا
دخس,دَخَسَ,فَعَلَ يَفْعُلُ ( فتحُ ضمٍّ ),مشترك , ,دَخَسَ,دَخَسَتْ,دَخَسَا,دَخَسَتَا,دَخَسُوا,دَخَسْنَ,دَخَسْتَ,دَخَسْتِ,دَخَسْتُمَا,دَخَسْتُمْ,دَخَسْتُنَّ,دَخَسْتُ,دَخَسْنَا
دخس,دَخَسَ,فَعَلَ يَفْعَلُ ( فتحتان ),مشترك , ,دَخَسَ,دَخَسَتْ,دَخَسَا,دَخَسَتَا,دَخَسُوا,دَخَسْنَ,دَخَسْتَ,دَخَسْتِ,دَخَسْتُمَا,دَخَسْتُمْ,دَخَسْتُنَّ,دَخَسْتُ,دَخَسْنَا
دخس,دَخِسَ,فَعِلَ يَفْعَلُ ( كسر فتح ),لازم, ,دَخِسَ,دَخِسَتْ,دَخِسَا,دَخِسَتَا,دَخِسُوا,دَخِسْنَ,دَخِسْتَ,دَخِسْتِ,دَخِسْتُمَا,دَخِسْتُمْ,دَخِسْتُنَّ,دَخِسْتُ,دَخِسْنَا
دخش,دَخِشَ,فَعِلَ يَفْعَلُ ( كسر فتح ),لازم, ,دَخِشَ,دَخِشَتْ,دَخِشَا,دَخِشَتَا,دَخِشُوا,دَخِشْنَ,دَخِشْتَ,دَخِشْتِ,دَخِشْتُمَا,دَخِشْتُمْ,دَخِشْتُنَّ,دَخِشْتُ,دَخِشْنَا
دخص,دَخَصَ,فَعَلَ يَفْعَلُ ( فتحتان ),لازم, ,دَخَصَ,دَخَصَتْ,دَخَصَا,دَخَصَتَا,دَخَصُوا,دَخَصْنَ,دَخَصْتَ,دَخَصْتِ,دَخَصْتُمَا,دَخَصْتُمْ,دَخَصْتُنَّ,دَخَصْتُ,دَخَصْنَا
دخض,دَخَضَ,فَعَلَ يَفْعَلُ ( فتحتان ),لازم, ,دَخَضَ,دَخَضَتْ,دَخَضَا,دَخَضَتَا,دَخَضُوا,دَخَضْنَ,دَخَضْتَ,دَخَضْتِ,دَخَضْتُمَا,دَخَضْتُمْ,دَخَضْتُنَّ,دَخَضْتُ,دَخَضْنَا
دخل,دَخَلَ,فَعَلَ يَفْعُلُ ( فتحُ ضمٍّ ),مشترك , ,دَخَلَ,دَخَلَتْ,دَخَلَا,دَخَلَتَا,دَخَلُوا,دَخَلْنَ,دَخَلْتَ,دَخَلْتِ,دَخَلْتُمَا,دَخَلْتُمْ,دَخَلْتُنَّ,دَخَلْتُ,دَخَلْنَا
دخل,دَخِلَ,فَعِلَ يَفْعَلُ ( كسر فتح ),لازم, ,دَخِلَ,دَخِلَتْ,دَخِلَا,دَخِلَتَا,دَخِلُوا,دَخِلْنَ,دَخِلْتَ,دَخِلْتِ,دَخِلْتُمَا,دَخِلْتُمْ,دَخِلْتُنَّ,دَخِلْتُ,دَخِلْنَا
دخم,دَخَمَ,فَعَلَ يَفْعَلُ ( فتحتان ),متعدي, ,دَخَمَ,دَخَمَتْ,دَخَمَا,دَخَمَتَا,دَخَمُوا,دَخَمْنَ,دَخَمْتَ,دَخَمْتِ,دَخَمْتُمَا,دَخَمْتُمْ,دَخَمْتُنَّ,دَخَمْتُ,دَخَمْنَا
دخن,دَخَنَ,فَعَلَ يَفْعُلُ ( فتحُ ضمٍّ ),لازم, ,دَخَنَ,دَخَنَتْ,دَخَنَا,دَخَنَتَا,دَخَنُوا,دَخَنْنَ,دَخَنْتَ,دَخَنْتِ,دَخَنْتُمَا,دَخَنْتُمْ,دَخَنْتُنَّ,دَخَنْتُ,دَخَنْنَا
دخن,دَخَنَ,فَعَلَ يَفْعِلُ ( فتحُ كَسْرٍ ),لازم, ,دَخَنَ,دَخَنَتْ,دَخَنَا,دَخَنَتَا,دَخَنُوا,دَخَنْنَ,دَخَنْتَ,دَخَنْتِ,دَخَنْتُمَا,دَخَنْتُمْ,دَخَنْتُنَّ,دَخَنْتُ,دَخَنْنَا
دخن,دَخَنَ,فَعَلَ يَفْعَلُ ( فتحتان ),لازم, ,دَخَنَ,دَخَنَتْ,دَخَنَا,دَخَنَتَا,دَخَنُوا,دَخَنْنَ,دَخَنْتَ,دَخَنْتِ,دَخَنْتُمَا,دَخَنْتُمْ,دَخَنْتُنَّ,دَخَنْتُ,دَخَنْنَا
دخن,دَخِنَ,فَعِلَ يَفْعَلُ ( كسر فتح ),لازم, ,دَخِنَ,دَخِنَتْ,دَخِنَا,دَخِنَتَا,دَخِنُوا,دَخِنْنَ,دَخِنْتَ,دَخِنْتِ,دَخِنْتُمَا,دَخِنْتُمْ,دَخِنْتُنَّ,دَخِنْتُ,دَخِنْنَا
دخن,دَخُنَ,فَعُلَ يَفْعُلُ ( ضمَ ضمٍَ ),لازم, ,دَخُنَ,دَخُنَتْ,دَخُنَا,دَخُنَتَا,دَخُنُوا,دَخُنْنَ,دَخُنْتَ,دَخُنْتِ,دَخُنْتُمَا,دَخُنْتُمْ,دَخُنْتُنَّ,دَخُنْتُ,دَخُنْنَا
درب,دَرِبَ,فَعِلَ يَفْعَلُ ( كسر فتح ),لازم, ,دَرِبَ,دَرِبَتْ,دَرِبَا,دَرِبَتَا,دَرِبُوا,دَرِبْنَ,دَرِبْتَ,دَرِبْتِ,دَرِبْتُمَا,دَرِبْتُمْ,دَرِبْتُنَّ,دَرِبْتُ,دَرِبْنَا
درج,دَرَجَ,فَعَلَ يَفْعُلُ ( فتحُ ضمٍّ ),مشترك , ,دَرَجَ,دَرَجَتْ,دَرَجَا,دَرَجَتَا,دَرَجُوا,دَرَجْنَ,دَرَجْتَ,دَرَجْتِ,دَرَجْتُمَا,دَرَجْتُمْ,دَرَجْتُنَّ,دَرَجْتُ,دَرَجْنَا
درج,دَرِجَ,فَعِلَ يَفْعَلُ ( كسر فتح ),لازم, ,دَرِجَ,دَرِجَتْ,دَرِجَا,دَرِجَتَا,دَرِجُوا,دَرِجْنَ,دَرِجْتَ,دَرِجْتِ,دَرِجْتُمَا,دَرِجْتُمْ,دَرِجْتُنَّ,دَرِجْتُ,دَرِجْنَا
درح,دَرَحَ,فَعَلَ يَفْعَلُ ( فتحتان ),متعدي, ,دَرَحَ,دَرَحَتْ,دَرَحَا,دَرَحَتَا,دَرَحُوا,دَرَحْنَ,دَرَحْتَ,دَرَحْتِ,دَرَحْتُمَا,دَرَحْتُمْ,دَرَحْتُنَّ,دَرَحْتُ,دَرَحْنَا
درح,دَرِحَ,فَعِلَ يَفْعَلُ ( كسر فتح ),لازم, ,دَرِحَ,دَرِحَتْ,دَرِحَا,دَرِحَتَا,دَرِحُوا,دَرِحْنَ,دَرِحْتَ,دَرِحْتِ,دَرِحْتُمَا,دَرِحْتُمْ,دَرِحْتُنَّ,دَرِحْتُ,دَرِحْنَا
درد,دَرِدَ,فَعِلَ يَفْعَلُ ( كسر فتح ),لازم, ,دَرِدَ,دَرِدَتْ,دَرِدَا,دَرِدَتَا,دَرِدُوا,دَرِدْنَ,دَرِدْتَ,دَرِدْتِ,دَرِدْتُمَا,دَرِدْتُمْ,دَرِدْتُنَّ,دَرِدْتُ,دَرِدْنَا
درز,دَرَزَ,فَعَلَ يَفْعُلُ ( فتحُ ضمٍّ ),متعدي, ,دَرَزَ,دَرَزَتْ,دَرَزَا,دَرَزَتَا,دَرَزُوا,دَرَزْنَ,دَرَزْتَ,دَرَزْتِ,دَرَزْتُمَا,دَرَزْتُمْ,دَرَزْتُنَّ,دَرَزْتُ,دَرَزْنَا
درز,دَرِزَ,فَعِلَ يَفْعَلُ ( كسر فتح ),لازم, ,دَرِزَ,دَرِزَتْ,دَرِزَا,دَرِزَتَا,دَرِزُوا,دَرِزْنَ,دَرِزْتَ,دَرِزْتِ,دَرِزْتُمَا,دَرِزْتُمْ,دَرِزْتُنَّ,دَرِزْتُ,دَرِزْنَا
درس,دَرَسَ,فَعَلَ يَفْعُلُ ( فتحُ ضمٍّ ),مشترك , ,دَرَسَ,دَرَسَتْ,دَرَسَا,دَرَسَتَا,دَرَسُوا,دَرَسْنَ,دَرَسْتَ,دَرَسْتِ,دَرَسْتُمَا,دَرَسْتُمْ,دَرَسْتُنَّ,دَرَسْتُ,دَرَسْنَا
درس,دَرَسَ,فَعَلَ يَفْعِلُ ( فتحُ كَسْرٍ ),متعدي, ,دَرَسَ,دَرَسَتْ,دَرَسَا,دَرَسَتَا,دَرَسُوا,دَرَسْنَ,دَرَسْتَ,دَرَسْتِ,دَرَسْتُمَا,دَرَسْتُمْ,دَرَسْتُنَّ,دَرَسْتُ,دَرَسْنَا
درس,دَرُسَ,فَعُلَ يَفْعُلُ ( ضمَ ضمٍَ ),لازم, ,دَرُسَ,دَرُسَتْ,دَرُسَا,دَرُسَتَا,دَرُسُوا,دَرُسْنَ,دَرُسْتَ,دَرُسْتِ,دَرُسْتُمَا,دَرُسْتُمْ,دَرُسْتُنَّ,دَرُسْتُ,دَرُسْنَا
درص,دَرِصَ,فَعِلَ يَفْعَلُ ( كسر فتح ),لازم, ,دَرِصَ,دَرِصَتْ,دَرِصَا,دَرِصَتَا,دَرِصُوا,دَرِصْنَ,دَرِصْتَ,دَرِصْتِ,دَرِصْتُمَا,دَرِصْتُمْ,دَرِصْتُنَّ,دَرِصْتُ,دَرِصْنَا
درع,دَرَعَ,فَعَلَ يَفْعَلُ ( فتحتان ),متعدي, ,دَرَعَ,دَرَعَتْ,دَرَعَا,دَرَعَتَا,دَرَعُوا,دَرَعْنَ,دَرَعْتَ,دَرَعْتِ,دَرَعْتُمَا,دَرَعْتُمْ,دَرَعْتُنَّ,دَرَعْتُ,دَرَعْنَا
درع,دَرِعَ,فَعِلَ يَفْعَلُ ( كسر فتح ),لازم, ,دَرِعَ,دَرِعَتْ,دَرِعَا,دَرِعَتَا,دَرِعُوا,دَرِعْنَ,دَرِعْتَ,دَرِعْتِ,دَرِعْتُمَا,دَرِعْتُمْ,دَرِعْتُنَّ,دَرِعْتُ,دَرِعْنَا
درم,دَرَمَ,فَعَلَ يَفْعِلُ ( فتحُ كَسْرٍ ),لازم, ,دَرَمَ,دَرَمَتْ,دَرَمَا,دَرَمَتَا,دَرَمُوا,دَرَمْنَ,دَرَمْتَ,دَرَمْتِ,دَرَمْتُمَا,دَرَمْتُمْ,دَرَمْتُنَّ,دَرَمْتُ,دَرَمْنَا
درم,دَرِمَ,فَعِلَ يَفْعَلُ ( كسر فتح ),لازم, ,دَرِمَ,دَرِمَتْ,دَرِمَا,دَرِمَتَا,دَرِمُوا,دَرِمْنَ,دَرِمْتَ,دَرِمْتِ,دَرِمْتُمَا,دَرِمْتُمْ,دَرِمْتُنَّ,دَرِمْتُ,دَرِمْنَا
درن,دَرِنَ,فَعِلَ يَفْعَلُ ( كسر فتح ),لازم, ,دَرِنَ,دَرِنَتْ,دَرِنَا,دَرِنَتَا,دَرِنُوا,دَرِنْنَ,دَرِنْتَ,دَرِنْتِ,دَرِنْتُمَا,دَرِنْتُمْ,دَرِنْتُنَّ,دَرِنْتُ,دَرِنْنَا
دره,دَرَهَ,فَعَلَ يَفْعَلُ ( فتحتان ),لازم, ,دَرَهَ,دَرَهَتْ,دَرَهَا,دَرَهَتَا,دَرَهُوا,دَرَهْنَ,دَرَهْتَ,دَرَهْتِ,دَرَهْتُمَا,دَرَهْتُمْ,دَرَهْتُنَّ,دَرَهْتُ,دَرَهْنَا
دزر,دَزَرَ,فَعَلَ يَفْعُلُ ( فتحُ ضمٍّ ),متعدي, ,دَزَرَ,دَزَرَتْ,دَزَرَا,دَزَرَتَا,دَزَرُوا,دَزَرْنَ,دَزَرْتَ,دَزَرْتِ,دَزَرْتُمَا,دَزَرْتُمْ,دَزَرْتُنَّ,دَزَرْتُ,دَزَرْنَا
دسر,دَسَرَ,فَعَلَ يَفْعُلُ ( فتحُ ضمٍّ ),متعدي, ,دَسَرَ,دَسَرَتْ,دَسَرَا,دَسَرَتَا,دَسَرُوا,دَسَرْنَ,دَسَرْتَ,دَسَرْتِ,دَسَرْتُمَا,دَسَرْتُمْ,دَسَرْتُنَّ,دَسَرْتُ,دَسَرْنَا
دسع,دَسَعَ,فَعَلَ يَفْعَلُ ( فتحتان ),مشترك , ,دَسَعَ,دَسَعَتْ,دَسَعَا,دَسَعَتَا,دَسَعُوا,دَسَعْنَ,دَسَعْتَ,دَسَعْتِ,دَسَعْتُمَا,دَسَعْتُمْ,دَسَعْتُنَّ,دَسَعْتُ,دَسَعْنَا
دسق,دَسِقَ,فَعِلَ يَفْعَلُ ( كسر فتح ),لازم, ,دَسِقَ,دَسِقَتْ,دَسِقَا,دَسِقَتَا,دَسِقُوا,دَسِقْنَ,دَسِقْتَ,دَسِقْتِ,دَسِقْتُمَا,دَسِقْتُمْ,دَسِقْتُنَّ,دَسِقْتُ,دَسِقْنَا
دسم,دَسَمَ,فَعَلَ يَفْعُلُ ( فتحُ ضمٍّ ),مشترك , ,دَسَمَ,دَسَمَتْ,دَسَمَا,دَسَمَتَا,دَسَمُوا,دَسَمْنَ,دَسَمْتَ,دَسَمْتِ,دَسَمْتُمَا,دَسَمْتُمْ,دَسَمْتُنَّ,دَسَمْتُ,دَسَمْنَا
دسم,دَسَمَ,فَعَلَ يَفْعِلُ ( فتحُ كَسْرٍ ),متعدي, ,دَسَمَ,دَسَمَتْ,دَسَمَا,دَسَمَتَا,دَسَمُوا,دَسَمْنَ,دَسَمْتَ,دَسَمْتِ,دَسَمْتُمَا,دَسَمْتُمْ,دَسَمْتُنَّ,دَسَمْتُ,دَسَمْنَا
دسم,دَسِمَ,فَعِلَ يَفْعَلُ ( كسر فتح ),لازم, ,دَسِمَ,دَسِمَتْ,دَسِمَا,دَسِمَتَا,دَسِمُوا,دَسِمْنَ,دَسِمْتَ,دَسِمْتِ,دَسِمْتُمَا,دَسِمْتُمْ,دَسِمْتُنَّ,دَسِمْتُ,دَسِمْنَا
دشن,دَشَنَ,فَعَلَ يَفْعُلُ ( فتحُ ضمٍّ ),لازم, ,دَشَنَ,دَشَنَتْ,دَشَنَا,دَشَنَتَا,دَشَنُوا,دَشَنْنَ,دَشَنْتَ,دَشَنْتِ,دَشَنْتُمَا,دَشَنْتُمْ,دَشَنْتُنَّ,دَشَنْتُ,دَشَنْنَا
دصق,دَصَقَ,فَعَلَ يَفْعُلُ ( فتحُ ضمٍّ ),متعدي, ,دَصَقَ,دَصَقَتْ,دَصَقَا,دَصَقَتَا,دَصَقُوا,دَصَقْنَ,دَصَقْتَ,دَصَقْتِ,دَصَقْتُمَا,دَصَقْتُمْ,دَصَقْتُنَّ,دَصَقْتُ,دَصَقْنَا
دعب,دَعَبَ,فَعَلَ يَفْعَلُ ( فتحتان ),مشترك , ,دَعَبَ,دَعَبَتْ,دَعَبَا,دَعَبَتَا,دَعَبُوا,دَعَبْنَ,دَعَبْتَ,دَعَبْتِ,دَعَبْتُمَا,دَعَبْتُمْ,دَعَبْتُنَّ,دَعَبْتُ,دَعَبْنَا
دعب,دَعِبَ,فَعِلَ يَفْعَلُ ( كسر فتح ),لازم, ,دَعِبَ,دَعِبَتْ,دَعِبَا,دَعِبَتَا,دَعِبُوا,دَعِبْنَ,دَعِبْتَ,دَعِبْتِ,دَعِبْتُمَا,دَعِبْتُمْ,دَعِبْتُنَّ,دَعِبْتُ,دَعِبْنَا
دعت,دَعَتَ,فَعَلَ يَفْعَلُ ( فتحتان ),متعدي, ,دَعَتَ,دَعَتَتْ,دَعَتَا,دَعَتَتَا,دَعَتُوا,دَعَتْنَ,دَعَتْتَ,دَعَتْتِ,دَعَتْتُمَا,دَعَتْتُمْ,دَعَتْتُنَّ,دَعَتْتُ,دَعَتْنَا
دعث,دَعَثَ,فَعَلَ يَفْعَلُ ( فتحتان ),متعدي, ,دَعَثَ,دَعَثَتْ,دَعَثَا,دَعَثَتَا,دَعَثُوا,دَعَثْنَ,دَعَثْتَ,دَعَثْتِ,دَعَثْتُمَا,دَعَثْتُمْ,دَعَثْتُنَّ,دَعَثْتُ,دَعَثْنَا
دعث,دَعِثَ,فَعِلَ يَفْعَلُ ( كسر فتح ),لازم, ,دَعِثَ,دَعِثَتْ,دَعِثَا,دَعِثَتَا,دَعِثُوا,دَعِثْنَ,دَعِثْتَ,دَعِثْتِ,دَعِثْتُمَا,دَعِثْتُمْ,دَعِثْتُنَّ,دَعِثْتُ,دَعِثْنَا
دعج,دَعِجَ,فَعِلَ يَفْعَلُ ( كسر فتح ),لازم, ,دَعِجَ,دَعِجَتْ,دَعِجَا,دَعِجَتَا,دَعِجُوا,دَعِجْنَ,دَعِجْتَ,دَعِجْتِ,دَعِجْتُمَا,دَعِجْتُمْ,دَعِجْتُنَّ,دَعِجْتُ,دَعِجْنَا
دعر,دَعَرَ,فَعَلَ يَفْعَلُ ( فتحتان ),لازم, ,دَعَرَ,دَعَرَتْ,دَعَرَا,دَعَرَتَا,دَعَرُوا,دَعَرْنَ,دَعَرْتَ,دَعَرْتِ,دَعَرْتُمَا,دَعَرْتُمْ,دَعَرْتُنَّ,دَعَرْتُ,دَعَرْنَا
دعر,دَعِرَ,فَعِلَ يَفْعَلُ ( كسر فتح ),لازم, ,دَعِرَ,دَعِرَتْ,دَعِرَا,دَعِرَتَا,دَعِرُوا,دَعِرْنَ,دَعِرْتَ,دَعِرْتِ,دَعِرْتُمَا,دَعِرْتُمْ,دَعِرْتُنَّ,دَعِرْتُ,دَعِرْنَا
دعز,دَعَزَ,فَعَلَ يَفْعَلُ ( فتحتان ),متعدي, ,دَعَزَ,دَعَزَتْ,دَعَزَا,دَعَزَتَا,دَعَزُوا,دَعَزْنَ,دَعَزْتَ,دَعَزْتِ,دَعَزْتُمَا,دَعَزْتُمْ,دَعَزْتُنَّ,دَعَزْتُ,دَعَزْنَا
دعس,دَعَسَ,فَعَلَ يَفْعَلُ ( فتحتان ),متعدي, ,دَعَسَ,دَعَسَتْ,دَعَسَا,دَعَسَتَا,دَعَسُوا,دَعَسْنَ,دَعَسْتَ,دَعَسْتِ,دَعَسْتُمَا,دَعَسْتُمْ,دَعَسْتُنَّ,دَعَسْتُ,دَعَسْنَا
دعص,دَعَصَ,فَعَلَ يَفْعَلُ ( فتحتان ),مشترك , ,دَعَصَ,دَعَصَتْ,دَعَصَا,دَعَصَتَا,دَعَصُوا,دَعَصْنَ,دَعَصْتَ,دَعَصْتِ,دَعَصْتُمَا,دَعَصْتُمْ,دَعَصْتُنَّ,دَعَصْتُ,دَعَصْنَا
دعظ,دَعَظَ,فَعَلَ يَفْعَلُ ( فتحتان ),متعدي, ,دَعَظَ,دَعَظَتْ,دَعَظَا,دَعَظَتَا,دَعَظُوا,دَعَظْنَ,دَعَظْتَ,دَعَظْتِ,دَعَظْتُمَا,دَعَظْتُمْ,دَعَظْتُنَّ,دَعَظْتُ,دَعَظْنَا
دعق,دَعَقَ,فَعَلَ يَفْعَلُ ( فتحتان ),متعدي, ,دَعَقَ,دَعَقَتْ,دَعَقَا,دَعَقَتَا,دَعَقُوا,دَعَقْنَ,دَعَقْتَ,دَعَقْتِ,دَعَقْتُمَا,دَعَقْتُمْ,دَعَقْتُنَّ,دَعَقْتُ,دَعَقْنَا
دعك,دَعَكَ,فَعَلَ يَفْعَلُ ( فتحتان ),متعدي, ,دَعَكَ,دَعَكَتْ,دَعَكَا,دَعَكَتَا,دَعَكُوا,دَعَكْنَ,دَعَكْتَ,دَعَكْتِ,دَعَكْتُمَا,دَعَكْتُمْ,دَعَكْتُنَّ,دَعَكْتُ,دَعَكْنَا
دعك,دَعِكَ,فَعِلَ يَفْعَلُ ( كسر فتح ),لازم, ,دَعِكَ,دَعِكَتْ,دَعِكَا,دَعِكَتَا,دَعِكُوا,دَعِكْنَ,دَعِكْتَ,دَعِكْتِ,دَعِكْتُمَا,دَعِكْتُمْ,دَعِكْتُنَّ,دَعِكْتُ,دَعِكْنَا
دعل,دَعَلَ,فَعَلَ يَفْعُلُ ( فتحُ ضمٍّ ),متعدي, ,دَعَلَ,دَعَلَتْ,دَعَلَا,دَعَلَتَا,دَعَلُوا,دَعَلْنَ,دَعَلْتَ,دَعَلْتِ,دَعَلْتُمَا,دَعَلْتُمْ,دَعَلْتُنَّ,دَعَلْتُ,دَعَلْنَا
دعم,دَعَمَ,فَعَلَ يَفْعَلُ ( فتحتان ),مشترك , ,دَعَمَ,دَعَمَتْ,دَعَمَا,دَعَمَتَا,دَعَمُوا,دَعَمْنَ,دَعَمْتَ,دَعَمْتِ,دَعَمْتُمَا,دَعَمْتُمْ,دَعَمْتُنَّ,دَعَمْتُ,دَعَمْنَا
دعن,دَعَنَ,فَعَلَ يَفْعَلُ ( فتحتان ),لازم, ,دَعَنَ,دَعَنَتْ,دَعَنَا,دَعَنَتَا,دَعَنُوا,دَعَنْنَ,دَعَنْتَ,دَعَنْتِ,دَعَنْتُمَا,دَعَنْتُمْ,دَعَنْتُنَّ,دَعَنْتُ,دَعَنْنَا
دغت,دَغَتَ,فَعَلَ يَفْعَلُ ( فتحتان ),متعدي, ,دَغَتَ,دَغَتَتْ,دَغَتَا,دَغَتَتَا,دَغَتُوا,دَغَتْنَ,دَغَتْتَ,دَغَتْتِ,دَغَتْتُمَا,دَغَتْتُمْ,دَغَتْتُنَّ,دَغَتْتُ,دَغَتْنَا
دغر,دَغَرَ,فَعَلَ يَفْعَلُ ( فتحتان ),مشترك , ,دَغَرَ,دَغَرَتْ,دَغَرَا,دَغَرَتَا,دَغَرُوا,دَغَرْنَ,دَغَرْتَ,دَغَرْتِ,دَغَرْتُمَا,دَغَرْتُمْ,دَغَرْتُنَّ,دَغَرْتُ,دَغَرْنَا
دغر,دَغِرَ,فَعِلَ يَفْعَلُ ( كسر فتح ),لازم, ,دَغِرَ,دَغِرَتْ,دَغِرَا,دَغِرَتَا,دَغِرُوا,دَغِرْنَ,دَغِرْتَ,دَغِرْتِ,دَغِرْتُمَا,دَغِرْتُمْ,دَغِرْتُنَّ,دَغِرْتُ,دَغِرْنَا
دغش,دَغَشَ,فَعَلَ يَفْعَلُ ( فتحتان ),لازم, ,دَغَشَ,دَغَشَتْ,دَغَشَا,دَغَشَتَا,دَغَشُوا,دَغَشْنَ,دَغَشْتَ,دَغَشْتِ,دَغَشْتُمَا,دَغَشْتُمْ,دَغَشْتُنَّ,دَغَشْتُ,دَغَشْنَا
دغص,دَغِصَ,فَعِلَ يَفْعَلُ ( كسر فتح ),لازم, ,دَغِصَ,دَغِصَتْ,دَغِصَا,دَغِصَتَا,دَغِصُوا,دَغِصْنَ,دَغِصْتَ,دَغِصْتِ,دَغِصْتُمَا,دَغِصْتُمْ,دَغِصْتُنَّ,دَغِصْتُ,دَغِصْنَا
دغف,دَغَفَ,فَعَلَ يَفْعَلُ ( فتحتان ),متعدي, ,دَغَفَ,دَغَفَتْ,دَغَفَا,دَغَفَتَا,دَغَفُوا,دَغَفْنَ,دَغَفْتَ,دَغَفْتِ,دَغَفْتُمَا,دَغَفْتُمْ,دَغَفْتُنَّ,دَغَفْتُ,دَغَفْنَا
دغل,دَغَلَ,فَعَلَ يَفْعَلُ ( فتحتان ),لازم, ,دَغَلَ,دَغَلَتْ,دَغَلَا,دَغَلَتَا,دَغَلُوا,دَغَلْنَ,دَغَلْتَ,دَغَلْتِ,دَغَلْتُمَا,دَغَلْتُمْ,دَغَلْتُنَّ,دَغَلْتُ,دَغَلْنَا
دغم,دَغَمَ,فَعَلَ يَفْعَلُ ( فتحتان ),مشترك , ,دَغَمَ,دَغَمَتْ,دَغَمَا,دَغَمَتَا,دَغَمُوا,دَغَمْنَ,دَغَمْتَ,دَغَمْتِ,دَغَمْتُمَا,دَغَمْتُمْ,دَغَمْتُنَّ,دَغَمْتُ,دَغَمْنَا
دغم,دَغِمَ,فَعِلَ يَفْعَلُ ( كسر فتح ),مشترك , ,دَغِمَ,دَغِمَتْ,دَغِمَا,دَغِمَتَا,دَغِمُوا,دَغِمْنَ,دَغِمْتَ,دَغِمْتِ,دَغِمْتُمَا,دَغِمْتُمْ,دَغِمْتُنَّ,دَغِمْتُ,دَغِمْنَا
دغن,دَغَنَ,فَعَلَ يَفْعَلُ ( فتحتان ),لازم, ,دَغَنَ,دَغَنَتْ,دَغَنَا,دَغَنَتَا,دَغَنُوا,دَغَنْنَ,دَغَنْتَ,دَغَنْتِ,دَغَنْتُمَا,دَغَنْتُمْ,دَغَنْتُنَّ,دَغَنْتُ,دَغَنْنَا
دفر,دَفَرَ,فَعَلَ يَفْعُلُ ( فتحُ ضمٍّ ),متعدي, ,دَفَرَ,دَفَرَتْ,دَفَرَا,دَفَرَتَا,دَفَرُوا,دَفَرْنَ,دَفَرْتَ,دَفَرْتِ,دَفَرْتُمَا,دَفَرْتُمْ,دَفَرْتُنَّ,دَفَرْتُ,دَفَرْنَا
دفر,دَفِرَ,فَعِلَ يَفْعَلُ ( كسر فتح ),لازم, ,دَفِرَ,دَفِرَتْ,دَفِرَا,دَفِرَتَا,دَفِرُوا,دَفِرْنَ,دَفِرْتَ,دَفِرْتِ,دَفِرْتُمَا,دَفِرْتُمْ,دَفِرْتُنَّ,دَفِرْتُ,دَفِرْنَا
دفع,دَفَعَ,فَعَلَ يَفْعَلُ ( فتحتان ),مشترك , ,دَفَعَ,دَفَعَتْ,دَفَعَا,دَفَعَتَا,دَفَعُوا,دَفَعْنَ,دَفَعْتَ,دَفَعْتِ,دَفَعْتُمَا,دَفَعْتُمْ,دَفَعْتُنَّ,دَفَعْتُ,دَفَعْنَا
دفق,دَفَقَ,فَعَلَ يَفْعُلُ ( فتحُ ضمٍّ ),مشترك , ,دَفَقَ,دَفَقَتْ,دَفَقَا,دَفَقَتَا,دَفَقُوا,دَفَقْنَ,دَفَقْتَ,دَفَقْتِ,دَفَقْتُمَا,دَفَقْتُمْ,دَفَقْتُنَّ,دَفَقْتُ,دَفَقْنَا
دفق,دَفَقَ,فَعَلَ يَفْعِلُ ( فتحُ كَسْرٍ ),مشترك , ,دَفَقَ,دَفَقَتْ,دَفَقَا,دَفَقَتَا,دَفَقُوا,دَفَقْنَ,دَفَقْتَ,دَفَقْتِ,دَفَقْتُمَا,دَفَقْتُمْ,دَفَقْتُنَّ,دَفَقْتُ,دَفَقْنَا
دفق,دَفِقَ,فَعِلَ يَفْعَلُ ( كسر فتح ),لازم, ,دَفِقَ,دَفِقَتْ,دَفِقَا,دَفِقَتَا,دَفِقُوا,دَفِقْنَ,دَفِقْتَ,دَفِقْتِ,دَفِقْتُمَا,دَفِقْتُمْ,دَفِقْتُنَّ,دَفِقْتُ,دَفِقْنَا
دفن,دَفَنَ,فَعَلَ يَفْعِلُ ( فتحُ كَسْرٍ ),مشترك , ,دَفَنَ,دَفَنَتْ,دَفَنَا,دَفَنَتَا,دَفَنُوا,دَفَنْنَ,دَفَنْتَ,دَفَنْتِ,دَفَنْتُمَا,دَفَنْتُمْ,دَفَنْتُنَّ,دَفَنْتُ,دَفَنْنَا
دقر,دَقِرَ,فَعِلَ يَفْعَلُ ( كسر فتح ),لازم, ,دَقِرَ,دَقِرَتْ,دَقِرَا,دَقِرَتَا,دَقِرُوا,دَقِرْنَ,دَقِرْتَ,دَقِرْتِ,دَقِرْتُمَا,دَقِرْتُمْ,دَقِرْتُنَّ,دَقِرْتُ,دَقِرْنَا
دقس,دَقَسَ,فَعَلَ يَفْعُلُ ( فتحُ ضمٍّ ),مشترك , ,دَقَسَ,دَقَسَتْ,دَقَسَا,دَقَسَتَا,دَقَسُوا,دَقَسْنَ,دَقَسْتَ,دَقَسْتِ,دَقَسْتُمَا,دَقَسْتُمْ,دَقَسْتُنَّ,دَقَسْتُ,دَقَسْنَا
دقع,دَقِعَ,فَعِلَ يَفْعَلُ ( كسر فتح ),لازم, ,دَقِعَ,دَقِعَتْ,دَقِعَا,دَقِعَتَا,دَقِعُوا,دَقِعْنَ,دَقِعْتَ,دَقِعْتِ,دَقِعْتُمَا,دَقِعْتُمْ,دَقِعْتُنَّ,دَقِعْتُ,دَقِعْنَا
دقل,دَقَلَ,فَعَلَ يَفْعُلُ ( فتحُ ضمٍّ ),مشترك , ,دَقَلَ,دَقَلَتْ,دَقَلَا,دَقَلَتَا,دَقَلُوا,دَقَلْنَ,دَقَلْتَ,دَقَلْتِ,دَقَلْتُمَا,دَقَلْتُمْ,دَقَلْتُنَّ,دَقَلْتُ,دَقَلْنَا
دقم,دَقَمَ,فَعَلَ يَفْعُلُ ( فتحُ ضمٍّ ),مشترك , ,دَقَمَ,دَقَمَتْ,دَقَمَا,دَقَمَتَا,دَقَمُوا,دَقَمْنَ,دَقَمْتَ,دَقَمْتِ,دَقَمْتُمَا,دَقَمْتُمْ,دَقَمْتُنَّ,دَقَمْتُ,دَقَمْنَا
دقم,دَقَمَ,فَعَلَ يَفْعِلُ ( فتحُ كَسْرٍ ),مشترك , ,دَقَمَ,دَقَمَتْ,دَقَمَا,دَقَمَتَا,دَقَمُوا,دَقَمْنَ,دَقَمْتَ,دَقَمْتِ,دَقَمْتُمَا,دَقَمْتُمْ,دَقَمْتُنَّ,دَقَمْتُ,دَقَمْنَا
دقم,دَقِمَ,فَعِلَ يَفْعَلُ ( كسر فتح ),لازم, ,دَقِمَ,دَقِمَتْ,دَقِمَا,دَقِمَتَا,دَقِمُوا,دَقِمْنَ,دَقِمْتَ,دَقِمْتِ,دَقِمْتُمَا,دَقِمْتُمْ,دَقِمْتُنَّ,دَقِمْتُ,دَقِمْنَا
دقن,دَقَنَ,فَعَلَ يَفْعُلُ ( فتحُ ضمٍّ ),لازم, ,دَقَنَ,دَقَنَتْ,دَقَنَا,دَقَنَتَا,دَقَنُوا,دَقَنْنَ,دَقَنْتَ,دَقَنْتِ,دَقَنْتُمَا,دَقَنْتُمْ,دَقَنْتُنَّ,دَقَنْتُ,دَقَنْنَا
دكس,دَكَسَ,فَعَلَ يَفْعُلُ ( فتحُ ضمٍّ ),متعدي, ,دَكَسَ,دَكَسَتْ,دَكَسَا,دَكَسَتَا,دَكَسُوا,دَكَسْنَ,دَكَسْتَ,دَكَسْتِ,دَكَسْتُمَا,دَكَسْتُمْ,دَكَسْتُنَّ,دَكَسْتُ,دَكَسْنَا
دكس,دَكِسَ,فَعِلَ يَفْعَلُ ( كسر فتح ),لازم, ,دَكِسَ,دَكِسَتْ,دَكِسَا,دَكِسَتَا,دَكِسُوا,دَكِسْنَ,دَكِسْتَ,دَكِسْتِ,دَكِسْتُمَا,دَكِسْتُمْ,دَكِسْتُنَّ,دَكِسْتُ,دَكِسْنَا
دكع,دَكَعَ,فَعَلَ يَفْعَلُ ( فتحتان ),لازم, ,دَكَعَ,دَكَعَتْ,دَكَعَا,دَكَعَتَا,دَكَعُوا,دَكَعْنَ,دَكَعْتَ,دَكَعْتِ,دَكَعْتُمَا,دَكَعْتُمْ,دَكَعْتُنَّ,دَكَعْتُ,دَكَعْنَا
دكل,دَكَلَ,فَعَلَ يَفْعُلُ ( فتحُ ضمٍّ ),متعدي, ,دَكَلَ,دَكَلَتْ,دَكَلَا,دَكَلَتَا,دَكَلُوا,دَكَلْنَ,دَكَلْتَ,دَكَلْتِ,دَكَلْتُمَا,دَكَلْتُمْ,دَكَلْتُنَّ,دَكَلْتُ,دَكَلْنَا
دكل,دَكَلَ,فَعَلَ يَفْعِلُ ( فتحُ كَسْرٍ ),متعدي, ,دَكَلَ,دَكَلَتْ,دَكَلَا,دَكَلَتَا,دَكَلُوا,دَكَلْنَ,دَكَلْتَ,دَكَلْتِ,دَكَلْتُمَا,دَكَلْتُمْ,دَكَلْتُنَّ,دَكَلْتُ,دَكَلْنَا
دكم,دَكَمَ,فَعَلَ يَفْعُلُ ( فتحُ ضمٍّ ),متعدي, ,دَكَمَ,دَكَمَتْ,دَكَمَا,دَكَمَتَا,دَكَمُوا,دَكَمْنَ,دَكَمْتَ,دَكَمْتِ,دَكَمْتُمَا,دَكَمْتُمْ,دَكَمْتُنَّ,دَكَمْتُ,دَكَمْنَا
دكن,دَكَنَ,فَعَلَ يَفْعُلُ ( فتحُ ضمٍّ ),متعدي, ,دَكَنَ,دَكَنَتْ,دَكَنَا,دَكَنَتَا,دَكَنُوا,دَكَنْنَ,دَكَنْتَ,دَكَنْتِ,دَكَنْتُمَا,دَكَنْتُمْ,دَكَنْتُنَّ,دَكَنْتُ,دَكَنْنَا
دكن,دَكِنَ,فَعِلَ يَفْعَلُ ( كسر فتح ),لازم, ,دَكِنَ,دَكِنَتْ,دَكِنَا,دَكِنَتَا,دَكِنُوا,دَكِنْنَ,دَكِنْتَ,دَكِنْتِ,دَكِنْتُمَا,دَكِنْتُمْ,دَكِنْتُنَّ,دَكِنْتُ,دَكِنْنَا
دلث,دَلَثَ,فَعَلَ يَفْعِلُ ( فتحُ كَسْرٍ ),لازم, ,دَلَثَ,دَلَثَتْ,دَلَثَا,دَلَثَتَا,دَلَثُوا,دَلَثْنَ,دَلَثْتَ,دَلَثْتِ,دَلَثْتُمَا,دَلَثْتُمْ,دَلَثْتُنَّ,دَلَثْتُ,دَلَثْنَا
دلج,دَلَجَ,فَعَلَ يَفْعُلُ ( فتحُ ضمٍّ ),لازم, ,دَلَجَ,دَلَجَتْ,دَلَجَا,دَلَجَتَا,دَلَجُوا,دَلَجْنَ,دَلَجْتَ,دَلَجْتِ,دَلَجْتُمَا,دَلَجْتُمْ,دَلَجْتُنَّ,دَلَجْتُ,دَلَجْنَا
دلج,دَلَجَ,فَعَلَ يَفْعِلُ ( فتحُ كَسْرٍ ),لازم, ,دَلَجَ,دَلَجَتْ,دَلَجَا,دَلَجَتَا,دَلَجُوا,دَلَجْنَ,دَلَجْتَ,دَلَجْتِ,دَلَجْتُمَا,دَلَجْتُمْ,دَلَجْتُنَّ,دَلَجْتُ,دَلَجْنَا
دلح,دَلَحَ,فَعَلَ يَفْعَلُ ( فتحتان ),مشترك , ,دَلَحَ,دَلَحَتْ,دَلَحَا,دَلَحَتَا,دَلَحُوا,دَلَحْنَ,دَلَحْتَ,دَلَحْتِ,دَلَحْتُمَا,دَلَحْتُمْ,دَلَحْتُنَّ,دَلَحْتُ,دَلَحْنَا
دلخ,دَلِخَ,فَعِلَ يَفْعَلُ ( كسر فتح ),لازم, ,دَلِخَ,دَلِخَتْ,دَلِخَا,دَلِخَتَا,دَلِخُوا,دَلِخْنَ,دَلِخْتَ,دَلِخْتِ,دَلِخْتُمَا,دَلِخْتُمْ,دَلِخْتُنَّ,دَلِخْتُ,دَلِخْنَا
دلص,دَلَصَ,فَعَلَ يَفْعُلُ ( فتحُ ضمٍّ ),مشترك , ,دَلَصَ,دَلَصَتْ,دَلَصَا,دَلَصَتَا,دَلَصُوا,دَلَصْنَ,دَلَصْتَ,دَلَصْتِ,دَلَصْتُمَا,دَلَصْتُمْ,دَلَصْتُنَّ,دَلَصْتُ,دَلَصْنَا
دلص,دَلِصَ,فَعِلَ يَفْعَلُ ( كسر فتح ),لازم, ,دَلِصَ,دَلِصَتْ,دَلِصَا,دَلِصَتَا,دَلِصُوا,دَلِصْنَ,دَلِصْتَ,دَلِصْتِ,دَلِصْتُمَا,دَلِصْتُمْ,دَلِصْتُنَّ,دَلِصْتُ,دَلِصْنَا
دلظ,دَلَظَ,فَعَلَ يَفْعِلُ ( فتحُ كَسْرٍ ),مشترك , ,دَلَظَ,دَلَظَتْ,دَلَظَا,دَلَظَتَا,دَلَظُوا,دَلَظْنَ,دَلَظْتَ,دَلَظْتِ,دَلَظْتُمَا,دَلَظْتُمْ,دَلَظْتُنَّ,دَلَظْتُ,دَلَظْنَا
دلع,دَلَعَ,فَعَلَ يَفْعُلُ ( فتحُ ضمٍّ ),لازم, ,دَلَعَ,دَلَعَتْ,دَلَعَا,دَلَعَتَا,دَلَعُوا,دَلَعْنَ,دَلَعْتَ,دَلَعْتِ,دَلَعْتُمَا,دَلَعْتُمْ,دَلَعْتُنَّ,دَلَعْتُ,دَلَعْنَا
دلع,دَلَعَ,فَعَلَ يَفْعَلُ ( فتحتان ),مشترك , ,دَلَعَ,دَلَعَتْ,دَلَعَا,دَلَعَتَا,دَلَعُوا,دَلَعْنَ,دَلَعْتَ,دَلَعْتِ,دَلَعْتُمَا,دَلَعْتُمْ,دَلَعْتُنَّ,دَلَعْتُ,دَلَعْنَا
دلغ,دَلَغَ,فَعَلَ يَفْعَلُ ( فتحتان ),مشترك , ,دَلَغَ,دَلَغَتْ,دَلَغَا,دَلَغَتَا,دَلَغُوا,دَلَغْنَ,دَلَغْتَ,دَلَغْتِ,دَلَغْتُمَا,دَلَغْتُمْ,دَلَغْتُنَّ,دَلَغْتُ,دَلَغْنَا
دلف,دَلَفَ,فَعَلَ يَفْعِلُ ( فتحُ كَسْرٍ ),مشترك , ,دَلَفَ,دَلَفَتْ,دَلَفَا,دَلَفَتَا,دَلَفُوا,دَلَفْنَ,دَلَفْتَ,دَلَفْتِ,دَلَفْتُمَا,دَلَفْتُمْ,دَلَفْتُنَّ,دَلَفْتُ,دَلَفْنَا
دلق,دَلَقَ,فَعَلَ يَفْعُلُ ( فتحُ ضمٍّ ),مشترك , ,دَلَقَ,دَلَقَتْ,دَلَقَا,دَلَقَتَا,دَلَقُوا,دَلَقْنَ,دَلَقْتَ,دَلَقْتِ,دَلَقْتُمَا,دَلَقْتُمْ,دَلَقْتُنَّ,دَلَقْتُ,دَلَقْنَا
دلك,دَلَكَ,فَعَلَ يَفْعُلُ ( فتحُ ضمٍّ ),مشترك , ,دَلَكَ,دَلَكَتْ,دَلَكَا,دَلَكَتَا,دَلَكُوا,دَلَكْنَ,دَلَكْتَ,دَلَكْتِ,دَلَكْتُمَا,دَلَكْتُمْ,دَلَكْتُنَّ,دَلَكْتُ,دَلَكْنَا
دلم,دَلِمَ,فَعِلَ يَفْعَلُ ( كسر فتح ),لازم, ,دَلِمَ,دَلِمَتْ,دَلِمَا,دَلِمَتَا,دَلِمُوا,دَلِمْنَ,دَلِمْتَ,دَلِمْتِ,دَلِمْتُمَا,دَلِمْتُمْ,دَلِمْتُنَّ,دَلِمْتُ,دَلِمْنَا
دله,دَلَهَ,فَعَلَ يَفْعَلُ ( فتحتان ),لازم, ,دَلَهَ,دَلَهَتْ,دَلَهَا,دَلَهَتَا,دَلَهُوا,دَلَهْنَ,دَلَهْتَ,دَلَهْتِ,دَلَهْتُمَا,دَلَهْتُمْ,دَلَهْتُنَّ,دَلَهْتُ,دَلَهْنَا
دله,دَلِهَ,فَعِلَ يَفْعَلُ ( كسر فتح ),لازم, ,دَلِهَ,دَلِهَتْ,دَلِهَا,دَلِهَتَا,دَلِهُوا,دَلِهْنَ,دَلِهْتَ,دَلِهْتِ,دَلِهْتُمَا,دَلِهْتُمْ,دَلِهْتُنَّ,دَلِهْتُ,دَلِهْنَا
دمث,دَمِثَ,فَعِلَ يَفْعَلُ ( كسر فتح ),لازم, ,دَمِثَ,دَمِثَتْ,دَمِثَا,دَمِثَتَا,دَمِثُوا,دَمِثْنَ,دَمِثْتَ,دَمِثْتِ,دَمِثْتُمَا,دَمِثْتُمْ,دَمِثْتُنَّ,دَمِثْتُ,دَمِثْنَا
دمث,دَمُثَ,فَعُلَ يَفْعُلُ ( ضمَ ضمٍَ ),لازم, ,دَمُثَ,دَمُثَتْ,دَمُثَا,دَمُثَتَا,دَمُثُوا,دَمُثْنَ,دَمُثْتَ,دَمُثْتِ,دَمُثْتُمَا,دَمُثْتُمْ,دَمُثْتُنَّ,دَمُثْتُ,دَمُثْنَا
دمج,دَمَجَ,فَعَلَ يَفْعُلُ ( فتحُ ضمٍّ ),مشترك , ,دَمَجَ,دَمَجَتْ,دَمَجَا,دَمَجَتَا,دَمَجُوا,دَمَجْنَ,دَمَجْتَ,دَمَجْتِ,دَمَجْتُمَا,دَمَجْتُمْ,دَمَجْتُنَّ,دَمَجْتُ,دَمَجْنَا
دمخ,دَمَخَ,فَعَلَ يَفْعَلُ ( فتحتان ),مشترك , ,دَمَخَ,دَمَخَتْ,دَمَخَا,دَمَخَتَا,دَمَخُوا,دَمَخْنَ,دَمَخْتَ,دَمَخْتِ,دَمَخْتُمَا,دَمَخْتُمْ,دَمَخْتُنَّ,دَمَخْتُ,دَمَخْنَا
دمر,دَمَرَ,فَعَلَ يَفْعُلُ ( فتحُ ضمٍّ ),مشترك , ,دَمَرَ,دَمَرَتْ,دَمَرَا,دَمَرَتَا,دَمَرُوا,دَمَرْنَ,دَمَرْتَ,دَمَرْتِ,دَمَرْتُمَا,دَمَرْتُمْ,دَمَرْتُنَّ,دَمَرْتُ,دَمَرْنَا
دمس,دَمَسَ,فَعَلَ يَفْعُلُ ( فتحُ ضمٍّ ),مشترك , ,دَمَسَ,دَمَسَتْ,دَمَسَا,دَمَسَتَا,دَمَسُوا,دَمَسْنَ,دَمَسْتَ,دَمَسْتِ,دَمَسْتُمَا,دَمَسْتُمْ,دَمَسْتُنَّ,دَمَسْتُ,دَمَسْنَا
دمس,دَمَسَ,فَعَلَ يَفْعِلُ ( فتحُ كَسْرٍ ),مشترك , ,دَمَسَ,دَمَسَتْ,دَمَسَا,دَمَسَتَا,دَمَسُوا,دَمَسْنَ,دَمَسْتَ,دَمَسْتِ,دَمَسْتُمَا,دَمَسْتُمْ,دَمَسْتُنَّ,دَمَسْتُ,دَمَسْنَا
دمس,دَمِسَ,فَعِلَ يَفْعَلُ ( كسر فتح ),لازم, ,دَمِسَ,دَمِسَتْ,دَمِسَا,دَمِسَتَا,دَمِسُوا,دَمِسْنَ,دَمِسْتَ,دَمِسْتِ,دَمِسْتُمَا,دَمِسْتُمْ,دَمِسْتُنَّ,دَمِسْتُ,دَمِسْنَا
دمش,دَمِشَ,فَعِلَ يَفْعَلُ ( كسر فتح ),لازم, ,دَمِشَ,دَمِشَتْ,دَمِشَا,دَمِشَتَا,دَمِشُوا,دَمِشْنَ,دَمِشْتَ,دَمِشْتِ,دَمِشْتُمَا,دَمِشْتُمْ,دَمِشْتُنَّ,دَمِشْتُ,دَمِشْنَا
دمص,دَمَصَ,فَعَلَ يَفْعُلُ ( فتحُ ضمٍّ ),مشترك , ,دَمَصَ,دَمَصَتْ,دَمَصَا,دَمَصَتَا,دَمَصُوا,دَمَصْنَ,دَمَصْتَ,دَمَصْتِ,دَمَصْتُمَا,دَمَصْتُمْ,دَمَصْتُنَّ,دَمَصْتُ,دَمَصْنَا
دمص,دَمِصَ,فَعِلَ يَفْعَلُ ( كسر فتح ),لازم, ,دَمِصَ,دَمِصَتْ,دَمِصَا,دَمِصَتَا,دَمِصُوا,دَمِصْنَ,دَمِصْتَ,دَمِصْتِ,دَمِصْتُمَا,دَمِصْتُمْ,دَمِصْتُنَّ,دَمِصْتُ,دَمِصْنَا
دمع,دَمَعَ,فَعَلَ يَفْعَلُ ( فتحتان ),مشترك , ,دَمَعَ,دَمَعَتْ,دَمَعَا,دَمَعَتَا,دَمَعُوا,دَمَعْنَ,دَمَعْتَ,دَمَعْتِ,دَمَعْتُمَا,دَمَعْتُمْ,دَمَعْتُنَّ,دَمَعْتُ,دَمَعْنَا
دمع,دَمِعَ,فَعِلَ يَفْعَلُ ( كسر فتح ),لازم, ,دَمِعَ,دَمِعَتْ,دَمِعَا,دَمِعَتَا,دَمِعُوا,دَمِعْنَ,دَمِعْتَ,دَمِعْتِ,دَمِعْتُمَا,دَمِعْتُمْ,دَمِعْتُنَّ,دَمِعْتُ,دَمِعْنَا
دمغ,دَمَغَ,فَعَلَ يَفْعُلُ ( فتحُ ضمٍّ ),متعدي, ,دَمَغَ,دَمَغَتْ,دَمَغَا,دَمَغَتَا,دَمَغُوا,دَمَغْنَ,دَمَغْتَ,دَمَغْتِ,دَمَغْتُمَا,دَمَغْتُمْ,دَمَغْتُنَّ,دَمَغْتُ,دَمَغْنَا
دمغ,دَمَغَ,فَعَلَ يَفْعَلُ ( فتحتان ),متعدي, ,دَمَغَ,دَمَغَتْ,دَمَغَا,دَمَغَتَا,دَمَغُوا,دَمَغْنَ,دَمَغْتَ,دَمَغْتِ,دَمَغْتُمَا,دَمَغْتُمْ,دَمَغْتُنَّ,دَمَغْتُ,دَمَغْنَا
دمق,دَمَقَ,فَعَلَ يَفْعُلُ ( فتحُ ضمٍّ ),مشترك , ,دَمَقَ,دَمَقَتْ,دَمَقَا,دَمَقَتَا,دَمَقُوا,دَمَقْنَ,دَمَقْتَ,دَمَقْتِ,دَمَقْتُمَا,دَمَقْتُمْ,دَمَقْتُنَّ,دَمَقْتُ,دَمَقْنَا
دمق,دَمَقَ,فَعَلَ يَفْعِلُ ( فتحُ كَسْرٍ ),مشترك , ,دَمَقَ,دَمَقَتْ,دَمَقَا,دَمَقَتَا,دَمَقُوا,دَمَقْنَ,دَمَقْتَ,دَمَقْتِ,دَمَقْتُمَا,دَمَقْتُمْ,دَمَقْتُنَّ,دَمَقْتُ,دَمَقْنَا
دمك,دَمَكَ,فَعَلَ يَفْعُلُ ( فتحُ ضمٍّ ),مشترك , ,دَمَكَ,دَمَكَتْ,دَمَكَا,دَمَكَتَا,دَمَكُوا,دَمَكْنَ,دَمَكْتَ,دَمَكْتِ,دَمَكْتُمَا,دَمَكْتُمْ,دَمَكْتُنَّ,دَمَكْتُ,دَمَكْنَا
دمل,دَمَلَ,فَعَلَ يَفْعُلُ ( فتحُ ضمٍّ ),مشترك , ,دَمَلَ,دَمَلَتْ,دَمَلَا,دَمَلَتَا,دَمَلُوا,دَمَلْنَ,دَمَلْتَ,دَمَلْتِ,دَمَلْتُمَا,دَمَلْتُمْ,دَمَلْتُنَّ,دَمَلْتُ,دَمَلْنَا
دمل,دَمِلَ,فَعِلَ يَفْعَلُ ( كسر فتح ),لازم, ,دَمِلَ,دَمِلَتْ,دَمِلَا,دَمِلَتَا,دَمِلُوا,دَمِلْنَ,دَمِلْتَ,دَمِلْتِ,دَمِلْتُمَا,دَمِلْتُمْ,دَمِلْتُنَّ,دَمِلْتُ,دَمِلْنَا
دمن,دَمَنَ,فَعَلَ يَفْعُلُ ( فتحُ ضمٍّ ),متعدي, ,دَمَنَ,دَمَنَتْ,دَمَنَا,دَمَنَتَا,دَمَنُوا,دَمَنْنَ,دَمَنْتَ,دَمَنْتِ,دَمَنْتُمَا,دَمَنْتُمْ,دَمَنْتُنَّ,دَمَنْتُ,دَمَنْنَا
دمن,دَمِنَ,فَعِلَ يَفْعَلُ ( كسر فتح ),لازم, ,دَمِنَ,دَمِنَتْ,دَمِنَا,دَمِنَتَا,دَمِنُوا,دَمِنْنَ,دَمِنْتَ,دَمِنْتِ,دَمِنْتُمَا,دَمِنْتُمْ,دَمِنْتُنَّ,دَمِنْتُ,دَمِنْنَا
دمه,دَمِهَ,فَعِلَ يَفْعَلُ ( كسر فتح ),لازم, ,دَمِهَ,دَمِهَتْ,دَمِهَا,دَمِهَتَا,دَمِهُوا,دَمِهْنَ,دَمِهْتَ,دَمِهْتِ,دَمِهْتُمَا,دَمِهْتُمْ,دَمِهْتُنَّ,دَمِهْتُ,دَمِهْنَا
دنح,دَنَحَ,فَعَلَ يَفْعَلُ ( فتحتان ),لازم, ,دَنَحَ,دَنَحَتْ,دَنَحَا,دَنَحَتَا,دَنَحُوا,دَنَحْنَ,دَنَحْتَ,دَنَحْتِ,دَنَحْتُمَا,دَنَحْتُمْ,دَنَحْتُنَّ,دَنَحْتُ,دَنَحْنَا
دنخ,دَنَخَ,فَعَلَ يَفْعَلُ ( فتحتان ),لازم, ,دَنَخَ,دَنَخَتْ,دَنَخَا,دَنَخَتَا,دَنَخُوا,دَنَخْنَ,دَنَخْتَ,دَنَخْتِ,دَنَخْتُمَا,دَنَخْتُمْ,دَنَخْتُنَّ,دَنَخْتُ,دَنَخْنَا
دنس,دَنِسَ,فَعِلَ يَفْعَلُ ( كسر فتح ),لازم, ,دَنِسَ,دَنِسَتْ,دَنِسَا,دَنِسَتَا,دَنِسُوا,دَنِسْنَ,دَنِسْتَ,دَنِسْتِ,دَنِسْتُمَا,دَنِسْتُمْ,دَنِسْتُنَّ,دَنِسْتُ,دَنِسْنَا
دنع,دَنَعَ,فَعَلَ يَفْعَلُ ( فتحتان ),لازم, ,دَنَعَ,دَنَعَتْ,دَنَعَا,دَنَعَتَا,دَنَعُوا,دَنَعْنَ,دَنَعْتَ,دَنَعْتِ,دَنَعْتُمَا,دَنَعْتُمْ,دَنَعْتُنَّ,دَنَعْتُ,دَنَعْنَا
دنع,دَنِعَ,فَعِلَ يَفْعَلُ ( كسر فتح ),لازم, ,دَنِعَ,دَنِعَتْ,دَنِعَا,دَنِعَتَا,دَنِعُوا,دَنِعْنَ,دَنِعْتَ,دَنِعْتِ,دَنِعْتُمَا,دَنِعْتُمْ,دَنِعْتُنَّ,دَنِعْتُ,دَنِعْنَا
دنف,دَنِفَ,فَعِلَ يَفْعَلُ ( كسر فتح ),لازم, ,دَنِفَ,دَنِفَتْ,دَنِفَا,دَنِفَتَا,دَنِفُوا,دَنِفْنَ,دَنِفْتَ,دَنِفْتِ,دَنِفْتُمَا,دَنِفْتُمْ,دَنِفْتُنَّ,دَنِفْتُ,دَنِفْنَا
دنق,دَنَقَ,فَعَلَ يَفْعُلُ ( فتحُ ضمٍّ ),لازم, ,دَنَقَ,دَنَقَتْ,دَنَقَا,دَنَقَتَا,دَنَقُوا,دَنَقْنَ,دَنَقْتَ,دَنَقْتِ,دَنَقْتُمَا,دَنَقْتُمْ,دَنَقْتُنَّ,دَنَقْتُ,دَنَقْنَا
دنق,دَنَقَ,فَعَلَ يَفْعِلُ ( فتحُ كَسْرٍ ),لازم, ,دَنَقَ,دَنَقَتْ,دَنَقَا,دَنَقَتَا,دَنَقُوا,دَنَقْنَ,دَنَقْتَ,دَنَقْتِ,دَنَقْتُمَا,دَنَقْتُمْ,دَنَقْتُنَّ,دَنَقْتُ,دَنَقْنَا
دهث,دَهَثَ,فَعَلَ يَفْعَلُ ( فتحتان ),متعدي, ,دَهَثَ,دَهَثَتْ,دَهَثَا,دَهَثَتَا,دَهَثُوا,دَهَثْنَ,دَهَثْتَ,دَهَثْتِ,دَهَثْتُمَا,دَهَثْتُمْ,دَهَثْتُنَّ,دَهَثْتُ,دَهَثْنَا
دهر,دَهَرَ,فَعَلَ يَفْعَلُ ( فتحتان ),مشترك , ,دَهَرَ,دَهَرَتْ,دَهَرَا,دَهَرَتَا,دَهَرُوا,دَهَرْنَ,دَهَرْتَ,دَهَرْتِ,دَهَرْتُمَا,دَهَرْتُمْ,دَهَرْتُنَّ,دَهَرْتُ,دَهَرْنَا
دهس,دَهِسَ,فَعِلَ يَفْعَلُ ( كسر فتح ),لازم, ,دَهِسَ,دَهِسَتْ,دَهِسَا,دَهِسَتَا,دَهِسُوا,دَهِسْنَ,دَهِسْتَ,دَهِسْتِ,دَهِسْتُمَا,دَهِسْتُمْ,دَهِسْتُنَّ,دَهِسْتُ,دَهِسْنَا
دهس,دَهُسَ,فَعُلَ يَفْعُلُ ( ضمَ ضمٍَ ),لازم, ,دَهُسَ,دَهُسَتْ,دَهُسَا,دَهُسَتَا,دَهُسُوا,دَهُسْنَ,دَهُسْتَ,دَهُسْتِ,دَهُسْتُمَا,دَهُسْتُمْ,دَهُسْتُنَّ,دَهُسْتُ,دَهُسْنَا
دهش,دَهَشَ,فَعَلَ يَفْعَلُ ( فتحتان ),متعدي, ,دَهَشَ,دَهَشَتْ,دَهَشَا,دَهَشَتَا,دَهَشُوا,دَهَشْنَ,دَهَشْتَ,دَهَشْتِ,دَهَشْتُمَا,دَهَشْتُمْ,دَهَشْتُنَّ,دَهَشْتُ,دَهَشْنَا
دهش,دَهِشَ,فَعِلَ يَفْعَلُ ( كسر فتح ),لازم, ,دَهِشَ,دَهِشَتْ,دَهِشَا,دَهِشَتَا,دَهِشُوا,دَهِشْنَ,دَهِشْتَ,دَهِشْتِ,دَهِشْتُمَا,دَهِشْتُمْ,دَهِشْتُنَّ,دَهِشْتُ,دَهِشْنَا
دهف,دَهَفَ,فَعَلَ يَفْعَلُ ( فتحتان ),متعدي, ,دَهَفَ,دَهَفَتْ,دَهَفَا,دَهَفَتَا,دَهَفُوا,دَهَفْنَ,دَهَفْتَ,دَهَفْتِ,دَهَفْتُمَا,دَهَفْتُمْ,دَهَفْتُنَّ,دَهَفْتُ,دَهَفْنَا
دهق,دَهَقَ,فَعَلَ يَفْعَلُ ( فتحتان ),متعدي, ,دَهَقَ,دَهَقَتْ,دَهَقَا,دَهَقَتَا,دَهَقُوا,دَهَقْنَ,دَهَقْتَ,دَهَقْتِ,دَهَقْتُمَا,دَهَقْتُمْ,دَهَقْتُنَّ,دَهَقْتُ,دَهَقْنَا
دهك,دَهَكَ,فَعَلَ يَفْعَلُ ( فتحتان ),متعدي, ,دَهَكَ,دَهَكَتْ,دَهَكَا,دَهَكَتَا,دَهَكُوا,دَهَكْنَ,دَهَكْتَ,دَهَكْتِ,دَهَكْتُمَا,دَهَكْتُمْ,دَهَكْتُنَّ,دَهَكْتُ,دَهَكْنَا
دهم,دَهَمَ,فَعَلَ يَفْعَلُ ( فتحتان ),متعدي, ,دَهَمَ,دَهَمَتْ,دَهَمَا,دَهَمَتَا,دَهَمُوا,دَهَمْنَ,دَهَمْتَ,دَهَمْتِ,دَهَمْتُمَا,دَهَمْتُمْ,دَهَمْتُنَّ,دَهَمْتُ,دَهَمْنَا
دهم,دَهِمَ,فَعِلَ يَفْعَلُ ( كسر فتح ),مشترك , ,دَهِمَ,دَهِمَتْ,دَهِمَا,دَهِمَتَا,دَهِمُوا,دَهِمْنَ,دَهِمْتَ,دَهِمْتِ,دَهِمْتُمَا,دَهِمْتُمْ,دَهِمْتُنَّ,دَهِمْتُ,دَهِمْنَا
دهن,دَهَنَ,فَعَلَ يَفْعُلُ ( فتحُ ضمٍّ ),مشترك , ,دَهَنَ,دَهَنَتْ,دَهَنَا,دَهَنَتَا,دَهَنُوا,دَهَنْنَ,دَهَنْتَ,دَهَنْتِ,دَهَنْتُمَا,دَهَنْتُمْ,دَهَنْتُنَّ,دَهَنْتُ,دَهَنْنَا
دهن,دَهِنَ,فَعِلَ يَفْعَلُ ( كسر فتح ),لازم, ,دَهِنَ,دَهِنَتْ,دَهِنَا,دَهِنَتَا,دَهِنُوا,دَهِنْنَ,دَهِنْتَ,دَهِنْتِ,دَهِنْتُمَا,دَهِنْتُمْ,دَهِنْتُنَّ,دَهِنْتُ,دَهِنْنَا
دهن,دَهُنَ,فَعُلَ يَفْعُلُ ( ضمَ ضمٍَ ),لازم, ,دَهُنَ,دَهُنَتْ,دَهُنَا,دَهُنَتَا,دَهُنُوا,دَهُنْنَ,دَهُنْتَ,دَهُنْتِ,دَهُنْتُمَا,دَهُنْتُمْ,دَهُنْتُنَّ,دَهُنْتُ,دَهُنْنَا
ذبح,ذَبَحَ,فَعَلَ يَفْعَلُ ( فتحتان ),مشترك , ,ذَبَحَ,ذَبَحَتْ,ذَبَحَا,ذَبَحَتَا,ذَبَحُوا,ذَبَحْنَ,ذَبَحْتَ,ذَبَحْتِ,ذَبَحْتُمَا,ذَبَحْتُمْ,ذَبَحْتُنَّ,ذَبَحْتُ,ذَبَحْنَا
ذبر,ذَبَرَ,فَعَلَ يَفْعُلُ ( فتحُ ضمٍّ ),مشترك , ,ذَبَرَ,ذَبَرَتْ,ذَبَرَا,ذَبَرَتَا,ذَبَرُوا,ذَبَرْنَ,ذَبَرْتَ,ذَبَرْتِ,ذَبَرْتُمَا,ذَبَرْتُمْ,ذَبَرْتُنَّ,ذَبَرْتُ,ذَبَرْنَا
ذبر,ذَبَرَ,فَعَلَ يَفْعِلُ ( فتحُ كَسْرٍ ),مشترك , ,ذَبَرَ,ذَبَرَتْ,ذَبَرَا,ذَبَرَتَا,ذَبَرُوا,ذَبَرْنَ,ذَبَرْتَ,ذَبَرْتِ,ذَبَرْتُمَا,ذَبَرْتُمْ,ذَبَرْتُنَّ,ذَبَرْتُ,ذَبَرْنَا
ذبر,ذَبِرَ,فَعِلَ يَفْعَلُ ( كسر فتح ),لازم, ,ذَبِرَ,ذَبِرَتْ,ذَبِرَا,ذَبِرَتَا,ذَبِرُوا,ذَبِرْنَ,ذَبِرْتَ,ذَبِرْتِ,ذَبِرْتُمَا,ذَبِرْتُمْ,ذَبِرْتُنَّ,ذَبِرْتُ,ذَبِرْنَا
ذبل,ذَبَلَ,فَعَلَ يَفْعُلُ ( فتحُ ضمٍّ ),مشترك , ,ذَبَلَ,ذَبَلَتْ,ذَبَلَا,ذَبَلَتَا,ذَبَلُوا,ذَبَلْنَ,ذَبَلْتَ,ذَبَلْتِ,ذَبَلْتُمَا,ذَبَلْتُمْ,ذَبَلْتُنَّ,ذَبَلْتُ,ذَبَلْنَا
ذبل,ذَبُلَ,فَعُلَ يَفْعُلُ ( ضمَ ضمٍَ ),لازم, ,ذَبُلَ,ذَبُلَتْ,ذَبُلَا,ذَبُلَتَا,ذَبُلُوا,ذَبُلْنَ,ذَبُلْتَ,ذَبُلْتِ,ذَبُلْتُمَا,ذَبُلْتُمْ,ذَبُلْتُنَّ,ذَبُلْتُ,ذَبُلْنَا
ذجل,ذَجَلَ,فَعَلَ يَفْعُلُ ( فتحُ ضمٍّ ),متعدي, ,ذَجَلَ,ذَجَلَتْ,ذَجَلَا,ذَجَلَتَا,ذَجَلُوا,ذَجَلْنَ,ذَجَلْتَ,ذَجَلْتِ,ذَجَلْتُمَا,ذَجَلْتُمْ,ذَجَلْتُنَّ,ذَجَلْتُ,ذَجَلْنَا
ذحج,ذَحَجَ,فَعَلَ يَفْعَلُ ( فتحتان ),مشترك , ,ذَحَجَ,ذَحَجَتْ,ذَحَجَا,ذَحَجَتَا,ذَحَجُوا,ذَحَجْنَ,ذَحَجْتَ,ذَحَجْتِ,ذَحَجْتُمَا,ذَحَجْتُمْ,ذَحَجْتُنَّ,ذَحَجْتُ,ذَحَجْنَا
ذحق,ذَحَقَ,فَعَلَ يَفْعَلُ ( فتحتان ),لازم, ,ذَحَقَ,ذَحَقَتْ,ذَحَقَا,ذَحَقَتَا,ذَحَقُوا,ذَحَقْنَ,ذَحَقْتَ,ذَحَقْتِ,ذَحَقْتُمَا,ذَحَقْتُمْ,ذَحَقْتُنَّ,ذَحَقْتُ,ذَحَقْنَا
ذخر,ذَخَرَ,فَعَلَ يَفْعَلُ ( فتحتان ),متعدي, ,ذَخَرَ,ذَخَرَتْ,ذَخَرَا,ذَخَرَتَا,ذَخَرُوا,ذَخَرْنَ,ذَخَرْتَ,ذَخَرْتِ,ذَخَرْتُمَا,ذَخَرْتُمْ,ذَخَرْتُنَّ,ذَخَرْتُ,ذَخَرْنَا
ذرب,ذَرَبَ,فَعَلَ يَفْعُلُ ( فتحُ ضمٍّ ),مشترك , ,ذَرَبَ,ذَرَبَتْ,ذَرَبَا,ذَرَبَتَا,ذَرَبُوا,ذَرَبْنَ,ذَرَبْتَ,ذَرَبْتِ,ذَرَبْتُمَا,ذَرَبْتُمْ,ذَرَبْتُنَّ,ذَرَبْتُ,ذَرَبْنَا
ذرب,ذَرِبَ,فَعِلَ يَفْعَلُ ( كسر فتح ),لازم, ,ذَرِبَ,ذَرِبَتْ,ذَرِبَا,ذَرِبَتَا,ذَرِبُوا,ذَرِبْنَ,ذَرِبْتَ,ذَرِبْتِ,ذَرِبْتُمَا,ذَرِبْتُمْ,ذَرِبْتُنَّ,ذَرِبْتُ,ذَرِبْنَا
ذرح,ذَرَحَ,فَعَلَ يَفْعَلُ ( فتحتان ),متعدي, ,ذَرَحَ,ذَرَحَتْ,ذَرَحَا,ذَرَحَتَا,ذَرَحُوا,ذَرَحْنَ,ذَرَحْتَ,ذَرَحْتِ,ذَرَحْتُمَا,ذَرَحْتُمْ,ذَرَحْتُنَّ,ذَرَحْتُ,ذَرَحْنَا
ذرز,ذَرِزَ,فَعِلَ يَفْعَلُ ( كسر فتح ),لازم, ,ذَرِزَ,ذَرِزَتْ,ذَرِزَا,ذَرِزَتَا,ذَرِزُوا,ذَرِزْنَ,ذَرِزْتَ,ذَرِزْتِ,ذَرِزْتُمَا,ذَرِزْتُمْ,ذَرِزْتُنَّ,ذَرِزْتُ,ذَرِزْنَا
ذرع,ذَرَعَ,فَعَلَ يَفْعَلُ ( فتحتان ),مشترك , ,ذَرَعَ,ذَرَعَتْ,ذَرَعَا,ذَرَعَتَا,ذَرَعُوا,ذَرَعْنَ,ذَرَعْتَ,ذَرَعْتِ,ذَرَعْتُمَا,ذَرَعْتُمْ,ذَرَعْتُنَّ,ذَرَعْتُ,ذَرَعْنَا
ذرع,ذَرِعَ,فَعِلَ يَفْعَلُ ( كسر فتح ),لازم, ,ذَرِعَ,ذَرِعَتْ,ذَرِعَا,ذَرِعَتَا,ذَرِعُوا,ذَرِعْنَ,ذَرِعْتَ,ذَرِعْتِ,ذَرِعْتُمَا,ذَرِعْتُمْ,ذَرِعْتُنَّ,ذَرِعْتُ,ذَرِعْنَا
ذرع,ذَرُعَ,فَعُلَ يَفْعُلُ ( ضمَ ضمٍَ ),لازم, ,ذَرُعَ,ذَرُعَتْ,ذَرُعَا,ذَرُعَتَا,ذَرُعُوا,ذَرُعْنَ,ذَرُعْتَ,ذَرُعْتِ,ذَرُعْتُمَا,ذَرُعْتُمْ,ذَرُعْتُنَّ,ذَرُعْتُ,ذَرُعْنَا
ذرف,ذَرَفَ,فَعَلَ يَفْعِلُ ( فتحُ كَسْرٍ ),مشترك , ,ذَرَفَ,ذَرَفَتْ,ذَرَفَا,ذَرَفَتَا,ذَرَفُوا,ذَرَفْنَ,ذَرَفْتَ,ذَرَفْتِ,ذَرَفْتُمَا,ذَرَفْتُمْ,ذَرَفْتُنَّ,ذَرَفْتُ,ذَرَفْنَا
ذرف,ذَرِفَ,فَعِلَ يَفْعَلُ ( كسر فتح ),لازم, ,ذَرِفَ,ذَرِفَتْ,ذَرِفَا,ذَرِفَتَا,ذَرِفُوا,ذَرِفْنَ,ذَرِفْتَ,ذَرِفْتِ,ذَرِفْتُمَا,ذَرِفْتُمْ,ذَرِفْتُنَّ,ذَرِفْتُ,ذَرِفْنَا
ذرق,ذَرَقَ,فَعَلَ يَفْعُلُ ( فتحُ ضمٍّ ),مشترك , ,ذَرَقَ,ذَرَقَتْ,ذَرَقَا,ذَرَقَتَا,ذَرَقُوا,ذَرَقْنَ,ذَرَقْتَ,ذَرَقْتِ,ذَرَقْتُمَا,ذَرَقْتُمْ,ذَرَقْتُنَّ,ذَرَقْتُ,ذَرَقْنَا
ذرق,ذَرَقَ,فَعَلَ يَفْعِلُ ( فتحُ كَسْرٍ ),مشترك , ,ذَرَقَ,ذَرَقَتْ,ذَرَقَا,ذَرَقَتَا,ذَرَقُوا,ذَرَقْنَ,ذَرَقْتَ,ذَرَقْتِ,ذَرَقْتُمَا,ذَرَقْتُمْ,ذَرَقْتُنَّ,ذَرَقْتُ,ذَرَقْنَا
ذرق,ذَرِقَ,فَعِلَ يَفْعَلُ ( كسر فتح ),لازم, ,ذَرِقَ,ذَرِقَتْ,ذَرِقَا,ذَرِقَتَا,ذَرِقُوا,ذَرِقْنَ,ذَرِقْتَ,ذَرِقْتِ,ذَرِقْتُمَا,ذَرِقْتُمْ,ذَرِقْتُنَّ,ذَرِقْتُ,ذَرِقْنَا
ذرم,ذَرَمَ,فَعَلَ يَفْعُلُ ( فتحُ ضمٍّ ),لازم, ,ذَرَمَ,ذَرَمَتْ,ذَرَمَا,ذَرَمَتَا,ذَرَمُوا,ذَرَمْنَ,ذَرَمْتَ,ذَرَمْتِ,ذَرَمْتُمَا,ذَرَمْتُمْ,ذَرَمْتُنَّ,ذَرَمْتُ,ذَرَمْنَا
ذعت,ذَعَتَ,فَعَلَ يَفْعَلُ ( فتحتان ),متعدي, ,ذَعَتَ,ذَعَتَتْ,ذَعَتَا,ذَعَتَتَا,ذَعَتُوا,ذَعَتْنَ,ذَعَتْتَ,ذَعَتْتِ,ذَعَتْتُمَا,ذَعَتْتُمْ,ذَعَتْتُنَّ,ذَعَتْتُ,ذَعَتْنَا
ذعج,ذَعَجَ,فَعَلَ يَفْعَلُ ( فتحتان ),متعدي, ,ذَعَجَ,ذَعَجَتْ,ذَعَجَا,ذَعَجَتَا,ذَعَجُوا,ذَعَجْنَ,ذَعَجْتَ,ذَعَجْتِ,ذَعَجْتُمَا,ذَعَجْتُمْ,ذَعَجْتُنَّ,ذَعَجْتُ,ذَعَجْنَا
ذعر,ذَعَرَ,فَعَلَ يَفْعَلُ ( فتحتان ),متعدي, ,ذَعَرَ,ذَعَرَتْ,ذَعَرَا,ذَعَرَتَا,ذَعَرُوا,ذَعَرْنَ,ذَعَرْتَ,ذَعَرْتِ,ذَعَرْتُمَا,ذَعَرْتُمْ,ذَعَرْتُنَّ,ذَعَرْتُ,ذَعَرْنَا
ذعر,ذَعِرَ,فَعِلَ يَفْعَلُ ( كسر فتح ),لازم, ,ذَعِرَ,ذَعِرَتْ,ذَعِرَا,ذَعِرَتَا,ذَعِرُوا,ذَعِرْنَ,ذَعِرْتَ,ذَعِرْتِ,ذَعِرْتُمَا,ذَعِرْتُمْ,ذَعِرْتُنَّ,ذَعِرْتُ,ذَعِرْنَا
ذعط,ذَعَطَ,فَعَلَ يَفْعَلُ ( فتحتان ),متعدي, ,ذَعَطَ,ذَعَطَتْ,ذَعَطَا,ذَعَطَتَا,ذَعَطُوا,ذَعَطْنَ,ذَعَطْتَ,ذَعَطْتِ,ذَعَطْتُمَا,ذَعَطْتُمْ,ذَعَطْتُنَّ,ذَعَطْتُ,ذَعَطْنَا
ذعف,ذَعَفَ,فَعَلَ يَفْعَلُ ( فتحتان ),مشترك , ,ذَعَفَ,ذَعَفَتْ,ذَعَفَا,ذَعَفَتَا,ذَعَفُوا,ذَعَفْنَ,ذَعَفْتَ,ذَعَفْتِ,ذَعَفْتُمَا,ذَعَفْتُمْ,ذَعَفْتُنَّ,ذَعَفْتُ,ذَعَفْنَا
ذعف,ذَعِفَ,فَعِلَ يَفْعَلُ ( كسر فتح ),لازم, ,ذَعِفَ,ذَعِفَتْ,ذَعِفَا,ذَعِفَتَا,ذَعِفُوا,ذَعِفْنَ,ذَعِفْتَ,ذَعِفْتِ,ذَعِفْتُمَا,ذَعِفْتُمْ,ذَعِفْتُنَّ,ذَعِفْتُ,ذَعِفْنَا
ذعق,ذَعَقَ,فَعَلَ يَفْعَلُ ( فتحتان ),متعدي, ,ذَعَقَ,ذَعَقَتْ,ذَعَقَا,ذَعَقَتَا,ذَعَقُوا,ذَعَقْنَ,ذَعَقْتَ,ذَعَقْتِ,ذَعَقْتُمَا,ذَعَقْتُمْ,ذَعَقْتُنَّ,ذَعَقْتُ,ذَعَقْنَا
ذعن,ذَعِنَ,فَعِلَ يَفْعَلُ ( كسر فتح ),لازم, ,ذَعِنَ,ذَعِنَتْ,ذَعِنَا,ذَعِنَتَا,ذَعِنُوا,ذَعِنْنَ,ذَعِنْتَ,ذَعِنْتِ,ذَعِنْتُمَا,ذَعِنْتُمْ,ذَعِنْتُنَّ,ذَعِنْتُ,ذَعِنْنَا
ذفر,ذَفِرَ,فَعِلَ يَفْعَلُ ( كسر فتح ),لازم, ,ذَفِرَ,ذَفِرَتْ,ذَفِرَا,ذَفِرَتَا,ذَفِرُوا,ذَفِرْنَ,ذَفِرْتَ,ذَفِرْتِ,ذَفِرْتُمَا,ذَفِرْتُمْ,ذَفِرْتُنَّ,ذَفِرْتُ,ذَفِرْنَا
ذفط,ذَفَطَ,فَعَلَ يَفْعِلُ ( فتحُ كَسْرٍ ),لازم, ,ذَفَطَ,ذَفَطَتْ,ذَفَطَا,ذَفَطَتَا,ذَفَطُوا,ذَفَطْنَ,ذَفَطْتَ,ذَفَطْتِ,ذَفَطْتُمَا,ذَفَطْتُمْ,ذَفَطْتُنَّ,ذَفَطْتُ,ذَفَطْنَا
ذقط,ذَقَطَ,فَعَلَ يَفْعِلُ ( فتحُ كَسْرٍ ),مشترك , ,ذَقَطَ,ذَقَطَتْ,ذَقَطَا,ذَقَطَتَا,ذَقَطُوا,ذَقَطْنَ,ذَقَطْتَ,ذَقَطْتِ,ذَقَطْتُمَا,ذَقَطْتُمْ,ذَقَطْتُنَّ,ذَقَطْتُ,ذَقَطْنَا
ذقن,ذَقَنَ,فَعَلَ يَفْعُلُ ( فتحُ ضمٍّ ),مشترك , ,ذَقَنَ,ذَقَنَتْ,ذَقَنَا,ذَقَنَتَا,ذَقَنُوا,ذَقَنْنَ,ذَقَنْتَ,ذَقَنْتِ,ذَقَنْتُمَا,ذَقَنْتُمْ,ذَقَنْتُنَّ,ذَقَنْتُ,ذَقَنْنَا
ذقن,ذَقِنَ,فَعِلَ يَفْعَلُ ( كسر فتح ),لازم, ,ذَقِنَ,ذَقِنَتْ,ذَقِنَا,ذَقِنَتَا,ذَقِنُوا,ذَقِنْنَ,ذَقِنْتَ,ذَقِنْتِ,ذَقِنْتُمَا,ذَقِنْتُمْ,ذَقِنْتُنَّ,ذَقِنْتُ,ذَقِنْنَا
ذكر,ذَكَرَ,فَعَلَ يَفْعُلُ ( فتحُ ضمٍّ ),متعدي, ,ذَكَرَ,ذَكَرَتْ,ذَكَرَا,ذَكَرَتَا,ذَكَرُوا,ذَكَرْنَ,ذَكَرْتَ,ذَكَرْتِ,ذَكَرْتُمَا,ذَكَرْتُمْ,ذَكَرْتُنَّ,ذَكَرْتُ,ذَكَرْنَا
ذكر,ذَكِرَ,فَعِلَ يَفْعَلُ ( كسر فتح ),لازم, ,ذَكِرَ,ذَكِرَتْ,ذَكِرَا,ذَكِرَتَا,ذَكِرُوا,ذَكِرْنَ,ذَكِرْتَ,ذَكِرْتِ,ذَكِرْتُمَا,ذَكِرْتُمْ,ذَكِرْتُنَّ,ذَكِرْتُ,ذَكِرْنَا
ذلج,ذَلَجَ,فَعَلَ يَفْعُلُ ( فتحُ ضمٍّ ),متعدي, ,ذَلَجَ,ذَلَجَتْ,ذَلَجَا,ذَلَجَتَا,ذَلَجُوا,ذَلَجْنَ,ذَلَجْتَ,ذَلَجْتِ,ذَلَجْتُمَا,ذَلَجْتُمْ,ذَلَجْتُنَّ,ذَلَجْتُ,ذَلَجْنَا
ذلغ,ذَلَغَ,فَعَلَ يَفْعَلُ ( فتحتان ),مشترك , ,ذَلَغَ,ذَلَغَتْ,ذَلَغَا,ذَلَغَتَا,ذَلَغُوا,ذَلَغْنَ,ذَلَغْتَ,ذَلَغْتِ,ذَلَغْتُمَا,ذَلَغْتُمْ,ذَلَغْتُنَّ,ذَلَغْتُ,ذَلَغْنَا
ذلغ,ذَلِغَ,فَعِلَ يَفْعَلُ ( كسر فتح ),لازم, ,ذَلِغَ,ذَلِغَتْ,ذَلِغَا,ذَلِغَتَا,ذَلِغُوا,ذَلِغْنَ,ذَلِغْتَ,ذَلِغْتِ,ذَلِغْتُمَا,ذَلِغْتُمْ,ذَلِغْتُنَّ,ذَلِغْتُ,ذَلِغْنَا
ذلف,ذَلِفَ,فَعِلَ يَفْعَلُ ( كسر فتح ),لازم, ,ذَلِفَ,ذَلِفَتْ,ذَلِفَا,ذَلِفَتَا,ذَلِفُوا,ذَلِفْنَ,ذَلِفْتَ,ذَلِفْتِ,ذَلِفْتُمَا,ذَلِفْتُمْ,ذَلِفْتُنَّ,ذَلِفْتُ,ذَلِفْنَا
ذلق,ذَلَقَ,فَعَلَ يَفْعُلُ ( فتحُ ضمٍّ ),مشترك , ,ذَلَقَ,ذَلَقَتْ,ذَلَقَا,ذَلَقَتَا,ذَلَقُوا,ذَلَقْنَ,ذَلَقْتَ,ذَلَقْتِ,ذَلَقْتُمَا,ذَلَقْتُمْ,ذَلَقْتُنَّ,ذَلَقْتُ,ذَلَقْنَا
ذلق,ذَلِقَ,فَعِلَ يَفْعَلُ ( كسر فتح ),لازم, ,ذَلِقَ,ذَلِقَتْ,ذَلِقَا,ذَلِقَتَا,ذَلِقُوا,ذَلِقْنَ,ذَلِقْتَ,ذَلِقْتِ,ذَلِقْتُمَا,ذَلِقْتُمْ,ذَلِقْتُنَّ,ذَلِقْتُ,ذَلِقْنَا
ذلق,ذَلُقَ,فَعُلَ يَفْعُلُ ( ضمَ ضمٍَ ),لازم, ,ذَلُقَ,ذَلُقَتْ,ذَلُقَا,ذَلُقَتَا,ذَلُقُوا,ذَلُقْنَ,ذَلُقْتَ,ذَلُقْتِ,ذَلُقْتُمَا,ذَلُقْتُمْ,ذَلُقْتُنَّ,ذَلُقْتُ,ذَلُقْنَا
ذمت,ذَمَتَ,فَعَلَ يَفْعِلُ ( فتحُ كَسْرٍ ),لازم, ,ذَمَتَ,ذَمَتَتْ,ذَمَتَا,ذَمَتَتَا,ذَمَتُوا,ذَمَتْنَ,ذَمَتْتَ,ذَمَتْتِ,ذَمَتْتُمَا,ذَمَتْتُمْ,ذَمَتْتُنَّ,ذَمَتْتُ,ذَمَتْنَا
ذمر,ذَمَرَ,فَعَلَ يَفْعُلُ ( فتحُ ضمٍّ ),مشترك , ,ذَمَرَ,ذَمَرَتْ,ذَمَرَا,ذَمَرَتَا,ذَمَرُوا,ذَمَرْنَ,ذَمَرْتَ,ذَمَرْتِ,ذَمَرْتُمَا,ذَمَرْتُمْ,ذَمَرْتُنَّ,ذَمَرْتُ,ذَمَرْنَا
ذمط,ذَمَطَ,فَعَلَ يَفْعِلُ ( فتحُ كَسْرٍ ),متعدي, ,ذَمَطَ,ذَمَطَتْ,ذَمَطَا,ذَمَطَتَا,ذَمَطُوا,ذَمَطْنَ,ذَمَطْتَ,ذَمَطْتِ,ذَمَطْتُمَا,ذَمَطْتُمْ,ذَمَطْتُنَّ,ذَمَطْتُ,ذَمَطْنَا
ذمل,ذَمَلَ,فَعَلَ يَفْعُلُ ( فتحُ ضمٍّ ),لازم, ,ذَمَلَ,ذَمَلَتْ,ذَمَلَا,ذَمَلَتَا,ذَمَلُوا,ذَمَلْنَ,ذَمَلْتَ,ذَمَلْتِ,ذَمَلْتُمَا,ذَمَلْتُمْ,ذَمَلْتُنَّ,ذَمَلْتُ,ذَمَلْنَا
ذمل,ذَمَلَ,فَعَلَ يَفْعِلُ ( فتحُ كَسْرٍ ),لازم, ,ذَمَلَ,ذَمَلَتْ,ذَمَلَا,ذَمَلَتَا,ذَمَلُوا,ذَمَلْنَ,ذَمَلْتَ,ذَمَلْتِ,ذَمَلْتُمَا,ذَمَلْتُمْ,ذَمَلْتُنَّ,ذَمَلْتُ,ذَمَلْنَا
ذمه,ذَمِهَ,فَعِلَ يَفْعَلُ ( كسر فتح ),لازم, ,ذَمِهَ,ذَمِهَتْ,ذَمِهَا,ذَمِهَتَا,ذَمِهُوا,ذَمِهْنَ,ذَمِهْتَ,ذَمِهْتِ,ذَمِهْتُمَا,ذَمِهْتُمْ,ذَمِهْتُنَّ,ذَمِهْتُ,ذَمِهْنَا
ذنب,ذَنَبَ,فَعَلَ يَفْعُلُ ( فتحُ ضمٍّ ),متعدي, ,ذَنَبَ,ذَنَبَتْ,ذَنَبَا,ذَنَبَتَا,ذَنَبُوا,ذَنَبْنَ,ذَنَبْتَ,ذَنَبْتِ,ذَنَبْتُمَا,ذَنَبْتُمْ,ذَنَبْتُنَّ,ذَنَبْتُ,ذَنَبْنَا
ذنب,ذَنَبَ,فَعَلَ يَفْعِلُ ( فتحُ كَسْرٍ ),متعدي, ,ذَنَبَ,ذَنَبَتْ,ذَنَبَا,ذَنَبَتَا,ذَنَبُوا,ذَنَبْنَ,ذَنَبْتَ,ذَنَبْتِ,ذَنَبْتُمَا,ذَنَبْتُمْ,ذَنَبْتُنَّ,ذَنَبْتُ,ذَنَبْنَا
ذهب,ذَهَبَ,فَعَلَ يَفْعَلُ ( فتحتان ),مشترك , ,ذَهَبَ,ذَهَبَتْ,ذَهَبَا,ذَهَبَتَا,ذَهَبُوا,ذَهَبْنَ,ذَهَبْتَ,ذَهَبْتِ,ذَهَبْتُمَا,ذَهَبْتُمْ,ذَهَبْتُنَّ,ذَهَبْتُ,ذَهَبْنَا
ذهب,ذَهِبَ,فَعِلَ يَفْعَلُ ( كسر فتح ),لازم, ,ذَهِبَ,ذَهِبَتْ,ذَهِبَا,ذَهِبَتَا,ذَهِبُوا,ذَهِبْنَ,ذَهِبْتَ,ذَهِبْتِ,ذَهِبْتُمَا,ذَهِبْتُمْ,ذَهِبْتُنَّ,ذَهِبْتُ,ذَهِبْنَا
ذهر,ذَهِرَ,فَعِلَ يَفْعَلُ ( كسر فتح ),لازم, ,ذَهِرَ,ذَهِرَتْ,ذَهِرَا,ذَهِرَتَا,ذَهِرُوا,ذَهِرْنَ,ذَهِرْتَ,ذَهِرْتِ,ذَهِرْتُمَا,ذَهِرْتُمْ,ذَهِرْتُنَّ,ذَهِرْتُ,ذَهِرْنَا
ذهل,ذَهَلَ,فَعَلَ يَفْعَلُ ( فتحتان ),مشترك , ,ذَهَلَ,ذَهَلَتْ,ذَهَلَا,ذَهَلَتَا,ذَهَلُوا,ذَهَلْنَ,ذَهَلْتَ,ذَهَلْتِ,ذَهَلْتُمَا,ذَهَلْتُمْ,ذَهَلْتُنَّ,ذَهَلْتُ,ذَهَلْنَا
ذهل,ذَهِلَ,فَعِلَ يَفْعَلُ ( كسر فتح ),مشترك , ,ذَهِلَ,ذَهِلَتْ,ذَهِلَا,ذَهِلَتَا,ذَهِلُوا,ذَهِلْنَ,ذَهِلْتَ,ذَهِلْتِ,ذَهِلْتُمَا,ذَهِلْتُمْ,ذَهِلْتُنَّ,ذَهِلْتُ,ذَهِلْنَا
ذهن,ذَهَنَ,فَعَلَ يَفْعَلُ ( فتحتان ),مشترك , ,ذَهَنَ,ذَهَنَتْ,ذَهَنَا,ذَهَنَتَا,ذَهَنُوا,ذَهَنْنَ,ذَهَنْتَ,ذَهَنْتِ,ذَهَنْتُمَا,ذَهَنْتُمْ,ذَهَنْتُنَّ,ذَهَنْتُ,ذَهَنْنَا
ذهن,ذَهِنَ,فَعِلَ يَفْعَلُ ( كسر فتح ),مشترك , ,ذَهِنَ,ذَهِنَتْ,ذَهِنَا,ذَهِنَتَا,ذَهِنُوا,ذَهِنْنَ,ذَهِنْتَ,ذَهِنْتِ,ذَهِنْتُمَا,ذَهِنْتُمْ,ذَهِنْتُنَّ,ذَهِنْتُ,ذَهِنْنَا
ذهن,ذَهُنَ,فَعُلَ يَفْعُلُ ( ضمَ ضمٍَ ),لازم, ,ذَهُنَ,ذَهُنَتْ,ذَهُنَا,ذَهُنَتَا,ذَهُنُوا,ذَهُنْنَ,ذَهُنْتَ,ذَهُنْتِ,ذَهُنْتُمَا,ذَهُنْتُمْ,ذَهُنْتُنَّ,ذَهُنْتُ,ذَهُنْنَا
ربت,رَبَتَ,فَعَلَ يَفْعِلُ ( فتحُ كَسْرٍ ),متعدي, ,رَبَتَ,رَبَتَتْ,رَبَتَا,رَبَتَتَا,رَبَتُوا,رَبَتْنَ,رَبَتْتَ,رَبَتْتِ,رَبَتْتُمَا,رَبَتْتُمْ,رَبَتْتُنَّ,رَبَتْتُ,رَبَتْنَا
ربت,رَبِتَ,فَعِلَ يَفْعَلُ ( كسر فتح ),لازم, ,رَبِتَ,رَبِتَتْ,رَبِتَا,رَبِتَتَا,رَبِتُوا,رَبِتْنَ,رَبِتْتَ,رَبِتْتِ,رَبِتْتُمَا,رَبِتْتُمْ,رَبِتْتُنَّ,رَبِتْتُ,رَبِتْنَا
ربث,رَبَثَ,فَعَلَ يَفْعُلُ ( فتحُ ضمٍّ ),متعدي, ,رَبَثَ,رَبَثَتْ,رَبَثَا,رَبَثَتَا,رَبَثُوا,رَبَثْنَ,رَبَثْتَ,رَبَثْتِ,رَبَثْتُمَا,رَبَثْتُمْ,رَبَثْتُنَّ,رَبَثْتُ,رَبَثْنَا
ربج,رَبُجَ,فَعُلَ يَفْعُلُ ( ضمَ ضمٍَ ),لازم, ,رَبُجَ,رَبُجَتْ,رَبُجَا,رَبُجَتَا,رَبُجُوا,رَبُجْنَ,رَبُجْتَ,رَبُجْتِ,رَبُجْتُمَا,رَبُجْتُمْ,رَبُجْتُنَّ,رَبُجْتُ,رَبُجْنَا
ربح,رَبِحَ,فَعِلَ يَفْعَلُ ( كسر فتح ),لازم, ,رَبِحَ,رَبِحَتْ,رَبِحَا,رَبِحَتَا,رَبِحُوا,رَبِحْنَ,رَبِحْتَ,رَبِحْتِ,رَبِحْتُمَا,رَبِحْتُمْ,رَبِحْتُنَّ,رَبِحْتُ,رَبِحْنَا
ربخ,رَبَخَ,فَعَلَ يَفْعَلُ ( فتحتان ),لازم, ,رَبَخَ,رَبَخَتْ,رَبَخَا,رَبَخَتَا,رَبَخُوا,رَبَخْنَ,رَبَخْتَ,رَبَخْتِ,رَبَخْتُمَا,رَبَخْتُمْ,رَبَخْتُنَّ,رَبَخْتُ,رَبَخْنَا
ربخ,رَبِخَ,فَعِلَ يَفْعَلُ ( كسر فتح ),لازم, ,رَبِخَ,رَبِخَتْ,رَبِخَا,رَبِخَتَا,رَبِخُوا,رَبِخْنَ,رَبِخْتَ,رَبِخْتِ,رَبِخْتُمَا,رَبِخْتُمْ,رَبِخْتُنَّ,رَبِخْتُ,رَبِخْنَا
ربد,رَبَدَ,فَعَلَ يَفْعُلُ ( فتحُ ضمٍّ ),مشترك , ,رَبَدَ,رَبَدَتْ,رَبَدَا,رَبَدَتَا,رَبَدُوا,رَبَدْنَ,رَبَدْتَ,رَبَدْتِ,رَبَدْتُمَا,رَبَدْتُمْ,رَبَدْتُنَّ,رَبَدْتُ,رَبَدْنَا
ربد,رَبِدَ,فَعِلَ يَفْعَلُ ( كسر فتح ),لازم, ,رَبِدَ,رَبِدَتْ,رَبِدَا,رَبِدَتَا,رَبِدُوا,رَبِدْنَ,رَبِدْتَ,رَبِدْتِ,رَبِدْتُمَا,رَبِدْتُمْ,رَبِدْتُنَّ,رَبِدْتُ,رَبِدْنَا
ربذ,رَبِذَ,فَعِلَ يَفْعَلُ ( كسر فتح ),لازم, ,رَبِذَ,رَبِذَتْ,رَبِذَا,رَبِذَتَا,رَبِذُوا,رَبِذْنَ,رَبِذْتَ,رَبِذْتِ,رَبِذْتُمَا,رَبِذْتُمْ,رَبِذْتُنَّ,رَبِذْتُ,رَبِذْنَا
ربز,رَبُزَ,فَعُلَ يَفْعُلُ ( ضمَ ضمٍَ ),لازم, ,رَبُزَ,رَبُزَتْ,رَبُزَا,رَبُزَتَا,رَبُزُوا,رَبُزْنَ,رَبُزْتَ,رَبُزْتِ,رَبُزْتُمَا,رَبُزْتُمْ,رَبُزْتُنَّ,رَبُزْتُ,رَبُزْنَا
ربس,رَبَسَ,فَعَلَ يَفْعُلُ ( فتحُ ضمٍّ ),متعدي, ,رَبَسَ,رَبَسَتْ,رَبَسَا,رَبَسَتَا,رَبَسُوا,رَبَسْنَ,رَبَسْتَ,رَبَسْتِ,رَبَسْتُمَا,رَبَسْتُمْ,رَبَسْتُنَّ,رَبَسْتُ,رَبَسْنَا
ربش,رَبِشَ,فَعِلَ يَفْعَلُ ( كسر فتح ),لازم, ,رَبِشَ,رَبِشَتْ,رَبِشَا,رَبِشَتَا,رَبِشُوا,رَبِشْنَ,رَبِشْتَ,رَبِشْتِ,رَبِشْتُمَا,رَبِشْتُمْ,رَبِشْتُنَّ,رَبِشْتُ,رَبِشْنَا
ربص,رَبَصَ,فَعَلَ يَفْعُلُ ( فتحُ ضمٍّ ),مشترك , ,رَبَصَ,رَبَصَتْ,رَبَصَا,رَبَصَتَا,رَبَصُوا,رَبَصْنَ,رَبَصْتَ,رَبَصْتِ,رَبَصْتُمَا,رَبَصْتُمْ,رَبَصْتُنَّ,رَبَصْتُ,رَبَصْنَا
ربض,رَبَضَ,فَعَلَ يَفْعُلُ ( فتحُ ضمٍّ ),متعدي, ,رَبَضَ,رَبَضَتْ,رَبَضَا,رَبَضَتَا,رَبَضُوا,رَبَضْنَ,رَبَضْتَ,رَبَضْتِ,رَبَضْتُمَا,رَبَضْتُمْ,رَبَضْتُنَّ,رَبَضْتُ,رَبَضْنَا
ربض,رَبَضَ,فَعَلَ يَفْعِلُ ( فتحُ كَسْرٍ ),مشترك , ,رَبَضَ,رَبَضَتْ,رَبَضَا,رَبَضَتَا,رَبَضُوا,رَبَضْنَ,رَبَضْتَ,رَبَضْتِ,رَبَضْتُمَا,رَبَضْتُمْ,رَبَضْتُنَّ,رَبَضْتُ,رَبَضْنَا
ربط,رَبَطَ,فَعَلَ يَفْعُلُ ( فتحُ ضمٍّ ),مشترك , ,رَبَطَ,رَبَطَتْ,رَبَطَا,رَبَطَتَا,رَبَطُوا,رَبَطْنَ,رَبَطْتَ,رَبَطْتِ,رَبَطْتُمَا,رَبَطْتُمْ,رَبَطْتُنَّ,رَبَطْتُ,رَبَطْنَا
ربط,رَبَطَ,فَعَلَ يَفْعِلُ ( فتحُ كَسْرٍ ),مشترك , ,رَبَطَ,رَبَطَتْ,رَبَطَا,رَبَطَتَا,رَبَطُوا,رَبَطْنَ,رَبَطْتَ,رَبَطْتِ,رَبَطْتُمَا,رَبَطْتُمْ,رَبَطْتُنَّ,رَبَطْتُ,رَبَطْنَا
ربع,رَبَعَ,فَعَلَ يَفْعُلُ ( فتحُ ضمٍّ ),متعدي, ,رَبَعَ,رَبَعَتْ,رَبَعَا,رَبَعَتَا,رَبَعُوا,رَبَعْنَ,رَبَعْتَ,رَبَعْتِ,رَبَعْتُمَا,رَبَعْتُمْ,رَبَعْتُنَّ,رَبَعْتُ,رَبَعْنَا
ربع,رَبَعَ,فَعَلَ يَفْعِلُ ( فتحُ كَسْرٍ ),متعدي, ,رَبَعَ,رَبَعَتْ,رَبَعَا,رَبَعَتَا,رَبَعُوا,رَبَعْنَ,رَبَعْتَ,رَبَعْتِ,رَبَعْتُمَا,رَبَعْتُمْ,رَبَعْتُنَّ,رَبَعْتُ,رَبَعْنَا
ربع,رَبَعَ,فَعَلَ يَفْعَلُ ( فتحتان ),مشترك , ,رَبَعَ,رَبَعَتْ,رَبَعَا,رَبَعَتَا,رَبَعُوا,رَبَعْنَ,رَبَعْتَ,رَبَعْتِ,رَبَعْتُمَا,رَبَعْتُمْ,رَبَعْتُنَّ,رَبَعْتُ,رَبَعْنَا
ربغ,رَبَغَ,فَعَلَ يَفْعَلُ ( فتحتان ),لازم, ,رَبَغَ,رَبَغَتْ,رَبَغَا,رَبَغَتَا,رَبَغُوا,رَبَغْنَ,رَبَغْتَ,رَبَغْتِ,رَبَغْتُمَا,رَبَغْتُمْ,رَبَغْتُنَّ,رَبَغْتُ,رَبَغْنَا
ربغ,رَبِغَ,فَعِلَ يَفْعَلُ ( كسر فتح ),لازم, ,رَبِغَ,رَبِغَتْ,رَبِغَا,رَبِغَتَا,رَبِغُوا,رَبِغْنَ,رَبِغْتَ,رَبِغْتِ,رَبِغْتُمَا,رَبِغْتُمْ,رَبِغْتُنَّ,رَبِغْتُ,رَبِغْنَا
ربغ,رَبُغَ,فَعُلَ يَفْعُلُ ( ضمَ ضمٍَ ),لازم, ,رَبُغَ,رَبُغَتْ,رَبُغَا,رَبُغَتَا,رَبُغُوا,رَبُغْنَ,رَبُغْتَ,رَبُغْتِ,رَبُغْتُمَا,رَبُغْتُمْ,رَبُغْتُنَّ,رَبُغْتُ,رَبُغْنَا
ربق,رَبَقَ,فَعَلَ يَفْعُلُ ( فتحُ ضمٍّ ),متعدي, ,رَبَقَ,رَبَقَتْ,رَبَقَا,رَبَقَتَا,رَبَقُوا,رَبَقْنَ,رَبَقْتَ,رَبَقْتِ,رَبَقْتُمَا,رَبَقْتُمْ,رَبَقْتُنَّ,رَبَقْتُ,رَبَقْنَا
ربق,رَبَقَ,فَعَلَ يَفْعِلُ ( فتحُ كَسْرٍ ),متعدي, ,رَبَقَ,رَبَقَتْ,رَبَقَا,رَبَقَتَا,رَبَقُوا,رَبَقْنَ,رَبَقْتَ,رَبَقْتِ,رَبَقْتُمَا,رَبَقْتُمْ,رَبَقْتُنَّ,رَبَقْتُ,رَبَقْنَا
ربك,رَبَكَ,فَعَلَ يَفْعُلُ ( فتحُ ضمٍّ ),متعدي, ,رَبَكَ,رَبَكَتْ,رَبَكَا,رَبَكَتَا,رَبَكُوا,رَبَكْنَ,رَبَكْتَ,رَبَكْتِ,رَبَكْتُمَا,رَبَكْتُمْ,رَبَكْتُنَّ,رَبَكْتُ,رَبَكْنَا
ربك,رَبِكَ,فَعِلَ يَفْعَلُ ( كسر فتح ),لازم, ,رَبِكَ,رَبِكَتْ,رَبِكَا,رَبِكَتَا,رَبِكُوا,رَبِكْنَ,رَبِكْتَ,رَبِكْتِ,رَبِكْتُمَا,رَبِكْتُمْ,رَبِكْتُنَّ,رَبِكْتُ,رَبِكْنَا
ربل,رَبَلَ,فَعَلَ يَفْعُلُ ( فتحُ ضمٍّ ),لازم, ,رَبَلَ,رَبَلَتْ,رَبَلَا,رَبَلَتَا,رَبَلُوا,رَبَلْنَ,رَبَلْتَ,رَبَلْتِ,رَبَلْتُمَا,رَبَلْتُمْ,رَبَلْتُنَّ,رَبَلْتُ,رَبَلْنَا
ربل,رَبَلَ,فَعَلَ يَفْعِلُ ( فتحُ كَسْرٍ ),لازم, ,رَبَلَ,رَبَلَتْ,رَبَلَا,رَبَلَتَا,رَبَلُوا,رَبَلْنَ,رَبَلْتَ,رَبَلْتِ,رَبَلْتُمَا,رَبَلْتُمْ,رَبَلْتُنَّ,رَبَلْتُ,رَبَلْنَا
رتب,رَتَبَ,فَعَلَ يَفْعُلُ ( فتحُ ضمٍّ ),مشترك , ,رَتَبَ,رَتَبَتْ,رَتَبَا,رَتَبَتَا,رَتَبُوا,رَتَبْنَ,رَتَبْتَ,رَتَبْتِ,رَتَبْتُمَا,رَتَبْتُمْ,رَتَبْتُنَّ,رَتَبْتُ,رَتَبْنَا
رتج,رَتَجَ,فَعَلَ يَفْعُلُ ( فتحُ ضمٍّ ),مشترك , ,رَتَجَ,رَتَجَتْ,رَتَجَا,رَتَجَتَا,رَتَجُوا,رَتَجْنَ,رَتَجْتَ,رَتَجْتِ,رَتَجْتُمَا,رَتَجْتُمْ,رَتَجْتُنَّ,رَتَجْتُ,رَتَجْنَا
رتج,رَتِجَ,فَعِلَ يَفْعَلُ ( كسر فتح ),لازم, ,رَتِجَ,رَتِجَتْ,رَتِجَا,رَتِجَتَا,رَتِجُوا,رَتِجْنَ,رَتِجْتَ,رَتِجْتِ,رَتِجْتُمَا,رَتِجْتُمْ,رَتِجْتُنَّ,رَتِجْتُ,رَتِجْنَا
رتخ,رَتَخَ,فَعَلَ يَفْعَلُ ( فتحتان ),لازم, ,رَتَخَ,رَتَخَتْ,رَتَخَا,رَتَخَتَا,رَتَخُوا,رَتَخْنَ,رَتَخْتَ,رَتَخْتِ,رَتَخْتُمَا,رَتَخْتُمْ,رَتَخْتُنَّ,رَتَخْتُ,رَتَخْنَا
رتع,رَتَعَ,فَعَلَ يَفْعَلُ ( فتحتان ),لازم, ,رَتَعَ,رَتَعَتْ,رَتَعَا,رَتَعَتَا,رَتَعُوا,رَتَعْنَ,رَتَعْتَ,رَتَعْتِ,رَتَعْتُمَا,رَتَعْتُمْ,رَتَعْتُنَّ,رَتَعْتُ,رَتَعْنَا
رتق,رَتَقَ,فَعَلَ يَفْعُلُ ( فتحُ ضمٍّ ),متعدي, ,رَتَقَ,رَتَقَتْ,رَتَقَا,رَتَقَتَا,رَتَقُوا,رَتَقْنَ,رَتَقْتَ,رَتَقْتِ,رَتَقْتُمَا,رَتَقْتُمْ,رَتَقْتُنَّ,رَتَقْتُ,رَتَقْنَا
رتق,رَتَقَ,فَعَلَ يَفْعِلُ ( فتحُ كَسْرٍ ),متعدي, ,رَتَقَ,رَتَقَتْ,رَتَقَا,رَتَقَتَا,رَتَقُوا,رَتَقْنَ,رَتَقْتَ,رَتَقْتِ,رَتَقْتُمَا,رَتَقْتُمْ,رَتَقْتُنَّ,رَتَقْتُ,رَتَقْنَا
رتق,رَتِقَ,فَعِلَ يَفْعَلُ ( كسر فتح ),لازم, ,رَتِقَ,رَتِقَتْ,رَتِقَا,رَتِقَتَا,رَتِقُوا,رَتِقْنَ,رَتِقْتَ,رَتِقْتِ,رَتِقْتُمَا,رَتِقْتُمْ,رَتِقْتُنَّ,رَتِقْتُ,رَتِقْنَا
رتك,رَتَكَ,فَعَلَ يَفْعُلُ ( فتحُ ضمٍّ ),لازم, ,رَتَكَ,رَتَكَتْ,رَتَكَا,رَتَكَتَا,رَتَكُوا,رَتَكْنَ,رَتَكْتَ,رَتَكْتِ,رَتَكْتُمَا,رَتَكْتُمْ,رَتَكْتُنَّ,رَتَكْتُ,رَتَكْنَا
رتك,رَتَكَ,فَعَلَ يَفْعِلُ ( فتحُ كَسْرٍ ),لازم, ,رَتَكَ,رَتَكَتْ,رَتَكَا,رَتَكَتَا,رَتَكُوا,رَتَكْنَ,رَتَكْتَ,رَتَكْتِ,رَتَكْتُمَا,رَتَكْتُمْ,رَتَكْتُنَّ,رَتَكْتُ,رَتَكْنَا
رتل,رَتِلَ,فَعِلَ يَفْعَلُ ( كسر فتح ),لازم, ,رَتِلَ,رَتِلَتْ,رَتِلَا,رَتِلَتَا,رَتِلُوا,رَتِلْنَ,رَتِلْتَ,رَتِلْتِ,رَتِلْتُمَا,رَتِلْتُمْ,رَتِلْتُنَّ,رَتِلْتُ,رَتِلْنَا
رتم,رَتَمَ,فَعَلَ يَفْعِلُ ( فتحُ كَسْرٍ ),مشترك , ,رَتَمَ,رَتَمَتْ,رَتَمَا,رَتَمَتَا,رَتَمُوا,رَتَمْنَ,رَتَمْتَ,رَتَمْتِ,رَتَمْتُمَا,رَتَمْتُمْ,رَتَمْتُنَّ,رَتَمْتُ,رَتَمْنَا
رتن,رَتَنَ,فَعَلَ يَفْعُلُ ( فتحُ ضمٍّ ),متعدي, ,رَتَنَ,رَتَنَتْ,رَتَنَا,رَتَنَتَا,رَتَنُوا,رَتَنْنَ,رَتَنْتَ,رَتَنْتِ,رَتَنْتُمَا,رَتَنْتُمْ,رَتَنْتُنَّ,رَتَنْتُ,رَتَنْنَا
رثد,رَثَدَ,فَعَلَ يَفْعُلُ ( فتحُ ضمٍّ ),مشترك , ,رَثَدَ,رَثَدَتْ,رَثَدَا,رَثَدَتَا,رَثَدُوا,رَثَدْنَ,رَثَدْتَ,رَثَدْتِ,رَثَدْتُمَا,رَثَدْتُمْ,رَثَدْتُنَّ,رَثَدْتُ,رَثَدْنَا
رثد,رَثِدَ,فَعِلَ يَفْعَلُ ( كسر فتح ),لازم, ,رَثِدَ,رَثِدَتْ,رَثِدَا,رَثِدَتَا,رَثِدُوا,رَثِدْنَ,رَثِدْتَ,رَثِدْتِ,رَثِدْتُمَا,رَثِدْتُمْ,رَثِدْتُنَّ,رَثِدْتُ,رَثِدْنَا
رثط,رَثَطَ,فَعَلَ يَفْعُلُ ( فتحُ ضمٍّ ),لازم, ,رَثَطَ,رَثَطَتْ,رَثَطَا,رَثَطَتَا,رَثَطُوا,رَثَطْنَ,رَثَطْتَ,رَثَطْتِ,رَثَطْتُمَا,رَثَطْتُمْ,رَثَطْتُنَّ,رَثَطْتُ,رَثَطْنَا
رثع,رَثِعَ,فَعِلَ يَفْعَلُ ( كسر فتح ),لازم, ,رَثِعَ,رَثِعَتْ,رَثِعَا,رَثِعَتَا,رَثِعُوا,رَثِعْنَ,رَثِعْتَ,رَثِعْتِ,رَثِعْتُمَا,رَثِعْتُمْ,رَثِعْتُنَّ,رَثِعْتُ,رَثِعْنَا
رثم,رَثَمَ,فَعَلَ يَفْعِلُ ( فتحُ كَسْرٍ ),متعدي, ,رَثَمَ,رَثَمَتْ,رَثَمَا,رَثَمَتَا,رَثَمُوا,رَثَمْنَ,رَثَمْتَ,رَثَمْتِ,رَثَمْتُمَا,رَثَمْتُمْ,رَثَمْتُنَّ,رَثَمْتُ,رَثَمْنَا
رثم,رَثِمَ,فَعِلَ يَفْعَلُ ( كسر فتح ),لازم, ,رَثِمَ,رَثِمَتْ,رَثِمَا,رَثِمَتَا,رَثِمُوا,رَثِمْنَ,رَثِمْتَ,رَثِمْتِ,رَثِمْتُمَا,رَثِمْتُمْ,رَثِمْتُنَّ,رَثِمْتُ,رَثِمْنَا
رجب,رَجَبَ,فَعَلَ يَفْعُلُ ( فتحُ ضمٍّ ),مشترك , ,رَجَبَ,رَجَبَتْ,رَجَبَا,رَجَبَتَا,رَجَبُوا,رَجَبْنَ,رَجَبْتَ,رَجَبْتِ,رَجَبْتُمَا,رَجَبْتُمْ,رَجَبْتُنَّ,رَجَبْتُ,رَجَبْنَا
رجب,رَجِبَ,فَعِلَ يَفْعَلُ ( كسر فتح ),مشترك , ,رَجِبَ,رَجِبَتْ,رَجِبَا,رَجِبَتَا,رَجِبُوا,رَجِبْنَ,رَجِبْتَ,رَجِبْتِ,رَجِبْتُمَا,رَجِبْتُمْ,رَجِبْتُنَّ,رَجِبْتُ,رَجِبْنَا
رجح,رَجَحَ,فَعَلَ يَفْعُلُ ( فتحُ ضمٍّ ),مشترك , ,رَجَحَ,رَجَحَتْ,رَجَحَا,رَجَحَتَا,رَجَحُوا,رَجَحْنَ,رَجَحْتَ,رَجَحْتِ,رَجَحْتُمَا,رَجَحْتُمْ,رَجَحْتُنَّ,رَجَحْتُ,رَجَحْنَا
رجح,رَجَحَ,فَعَلَ يَفْعِلُ ( فتحُ كَسْرٍ ),مشترك , ,رَجَحَ,رَجَحَتْ,رَجَحَا,رَجَحَتَا,رَجَحُوا,رَجَحْنَ,رَجَحْتَ,رَجَحْتِ,رَجَحْتُمَا,رَجَحْتُمْ,رَجَحْتُنَّ,رَجَحْتُ,رَجَحْنَا
رجح,رَجَحَ,فَعَلَ يَفْعَلُ ( فتحتان ),مشترك , ,رَجَحَ,رَجَحَتْ,رَجَحَا,رَجَحَتَا,رَجَحُوا,رَجَحْنَ,رَجَحْتَ,رَجَحْتِ,رَجَحْتُمَا,رَجَحْتُمْ,رَجَحْتُنَّ,رَجَحْتُ,رَجَحْنَا
رجد,رَجَدَ,فَعَلَ يَفْعُلُ ( فتحُ ضمٍّ ),مشترك , ,رَجَدَ,رَجَدَتْ,رَجَدَا,رَجَدَتَا,رَجَدُوا,رَجَدْنَ,رَجَدْتَ,رَجَدْتِ,رَجَدْتُمَا,رَجَدْتُمْ,رَجَدْتُنَّ,رَجَدْتُ,رَجَدْنَا
رجز,رَجَزَ,فَعَلَ يَفْعُلُ ( فتحُ ضمٍّ ),لازم, ,رَجَزَ,رَجَزَتْ,رَجَزَا,رَجَزَتَا,رَجَزُوا,رَجَزْنَ,رَجَزْتَ,رَجَزْتِ,رَجَزْتُمَا,رَجَزْتُمْ,رَجَزْتُنَّ,رَجَزْتُ,رَجَزْنَا
رجز,رَجِزَ,فَعِلَ يَفْعَلُ ( كسر فتح ),لازم, ,رَجِزَ,رَجِزَتْ,رَجِزَا,رَجِزَتَا,رَجِزُوا,رَجِزْنَ,رَجِزْتَ,رَجِزْتِ,رَجِزْتُمَا,رَجِزْتُمْ,رَجِزْتُنَّ,رَجِزْتُ,رَجِزْنَا
رجس,رَجَسَ,فَعَلَ يَفْعُلُ ( فتحُ ضمٍّ ),مشترك , ,رَجَسَ,رَجَسَتْ,رَجَسَا,رَجَسَتَا,رَجَسُوا,رَجَسْنَ,رَجَسْتَ,رَجَسْتِ,رَجَسْتُمَا,رَجَسْتُمْ,رَجَسْتُنَّ,رَجَسْتُ,رَجَسْنَا
رجس,رَجَسَ,فَعَلَ يَفْعِلُ ( فتحُ كَسْرٍ ),متعدي, ,رَجَسَ,رَجَسَتْ,رَجَسَا,رَجَسَتَا,رَجَسُوا,رَجَسْنَ,رَجَسْتَ,رَجَسْتِ,رَجَسْتُمَا,رَجَسْتُمْ,رَجَسْتُنَّ,رَجَسْتُ,رَجَسْنَا
رجس,رَجِسَ,فَعِلَ يَفْعَلُ ( كسر فتح ),لازم, ,رَجِسَ,رَجِسَتْ,رَجِسَا,رَجِسَتَا,رَجِسُوا,رَجِسْنَ,رَجِسْتَ,رَجِسْتِ,رَجِسْتُمَا,رَجِسْتُمْ,رَجِسْتُنَّ,رَجِسْتُ,رَجِسْنَا
رجس,رَجُسَ,فَعُلَ يَفْعُلُ ( ضمَ ضمٍَ ),لازم, ,رَجُسَ,رَجُسَتْ,رَجُسَا,رَجُسَتَا,رَجُسُوا,رَجُسْنَ,رَجُسْتَ,رَجُسْتِ,رَجُسْتُمَا,رَجُسْتُمْ,رَجُسْتُنَّ,رَجُسْتُ,رَجُسْنَا
رجع,رَجَعَ,فَعَلَ يَفْعِلُ ( فتحُ كَسْرٍ ),مشترك , ,رَجَعَ,رَجَعَتْ,رَجَعَا,رَجَعَتَا,رَجَعُوا,رَجَعْنَ,رَجَعْتَ,رَجَعْتِ,رَجَعْتُمَا,رَجَعْتُمْ,رَجَعْتُنَّ,رَجَعْتُ,رَجَعْنَا
رجف,رَجَفَ,فَعَلَ يَفْعُلُ ( فتحُ ضمٍّ ),مشترك , ,رَجَفَ,رَجَفَتْ,رَجَفَا,رَجَفَتَا,رَجَفُوا,رَجَفْنَ,رَجَفْتَ,رَجَفْتِ,رَجَفْتُمَا,رَجَفْتُمْ,رَجَفْتُنَّ,رَجَفْتُ,رَجَفْنَا
رجل,رَجَلَ,فَعَلَ يَفْعُلُ ( فتحُ ضمٍّ ),مشترك , ,رَجَلَ,رَجَلَتْ,رَجَلَا,رَجَلَتَا,رَجَلُوا,رَجَلْنَ,رَجَلْتَ,رَجَلْتِ,رَجَلْتُمَا,رَجَلْتُمْ,رَجَلْتُنَّ,رَجَلْتُ,رَجَلْنَا
رجل,رَجِلَ,فَعِلَ يَفْعَلُ ( كسر فتح ),لازم, ,رَجِلَ,رَجِلَتْ,رَجِلَا,رَجِلَتَا,رَجِلُوا,رَجِلْنَ,رَجِلْتَ,رَجِلْتِ,رَجِلْتُمَا,رَجِلْتُمْ,رَجِلْتُنَّ,رَجِلْتُ,رَجِلْنَا
رجم,رَجَمَ,فَعَلَ يَفْعُلُ ( فتحُ ضمٍّ ),مشترك , ,رَجَمَ,رَجَمَتْ,رَجَمَا,رَجَمَتَا,رَجَمُوا,رَجَمْنَ,رَجَمْتَ,رَجَمْتِ,رَجَمْتُمَا,رَجَمْتُمْ,رَجَمْتُنَّ,رَجَمْتُ,رَجَمْنَا
رجن,رَجَنَ,فَعَلَ يَفْعُلُ ( فتحُ ضمٍّ ),مشترك , ,رَجَنَ,رَجَنَتْ,رَجَنَا,رَجَنَتَا,رَجَنُوا,رَجَنْنَ,رَجَنْتَ,رَجَنْتِ,رَجَنْتُمَا,رَجَنْتُمْ,رَجَنْتُنَّ,رَجَنْتُ,رَجَنْنَا
رجن,رَجِنَ,فَعِلَ يَفْعَلُ ( كسر فتح ),لازم, ,رَجِنَ,رَجِنَتْ,رَجِنَا,رَجِنَتَا,رَجِنُوا,رَجِنْنَ,رَجِنْتَ,رَجِنْتِ,رَجِنْتُمَا,رَجِنْتُمْ,رَجِنْتُنَّ,رَجِنْتُ,رَجِنْنَا
رحب,رَحِبَ,فَعِلَ يَفْعَلُ ( كسر فتح ),لازم, ,رَحِبَ,رَحِبَتْ,رَحِبَا,رَحِبَتَا,رَحِبُوا,رَحِبْنَ,رَحِبْتَ,رَحِبْتِ,رَحِبْتُمَا,رَحِبْتُمْ,رَحِبْتُنَّ,رَحِبْتُ,رَحِبْنَا
رحب,رَحُبَ,فَعُلَ يَفْعُلُ ( ضمَ ضمٍَ ),لازم, ,رَحُبَ,رَحُبَتْ,رَحُبَا,رَحُبَتَا,رَحُبُوا,رَحُبْنَ,رَحُبْتَ,رَحُبْتِ,رَحُبْتُمَا,رَحُبْتُمْ,رَحُبْتُنَّ,رَحُبْتُ,رَحُبْنَا
رحض,رَحَضَ,فَعَلَ يَفْعُلُ ( فتحُ ضمٍّ ),متعدي, ,رَحَضَ,رَحَضَتْ,رَحَضَا,رَحَضَتَا,رَحَضُوا,رَحَضْنَ,رَحَضْتَ,رَحَضْتِ,رَحَضْتُمَا,رَحَضْتُمْ,رَحَضْتُنَّ,رَحَضْتُ,رَحَضْنَا
رحض,رَحَضَ,فَعَلَ يَفْعَلُ ( فتحتان ),متعدي, ,رَحَضَ,رَحَضَتْ,رَحَضَا,رَحَضَتَا,رَحَضُوا,رَحَضْنَ,رَحَضْتَ,رَحَضْتِ,رَحَضْتُمَا,رَحَضْتُمْ,رَحَضْتُنَّ,رَحَضْتُ,رَحَضْنَا
رحل,رَحَلَ,فَعَلَ يَفْعَلُ ( فتحتان ),مشترك , ,رَحَلَ,رَحَلَتْ,رَحَلَا,رَحَلَتَا,رَحَلُوا,رَحَلْنَ,رَحَلْتَ,رَحَلْتِ,رَحَلْتُمَا,رَحَلْتُمْ,رَحَلْتُنَّ,رَحَلْتُ,رَحَلْنَا
رحم,رَحِمَ,فَعِلَ يَفْعَلُ ( كسر فتح ),مشترك , ,رَحِمَ,رَحِمَتْ,رَحِمَا,رَحِمَتَا,رَحِمُوا,رَحِمْنَ,رَحِمْتَ,رَحِمْتِ,رَحِمْتُمَا,رَحِمْتُمْ,رَحِمْتُنَّ,رَحِمْتُ,رَحِمْنَا
رحم,رَحُمَ,فَعُلَ يَفْعُلُ ( ضمَ ضمٍَ ),لازم, ,رَحُمَ,رَحُمَتْ,رَحُمَا,رَحُمَتَا,رَحُمُوا,رَحُمْنَ,رَحُمْتَ,رَحُمْتِ,رَحُمْتُمَا,رَحُمْتُمْ,رَحُمْتُنَّ,رَحُمْتُ,رَحُمْنَا
رخص,رَخُصَ,فَعُلَ يَفْعُلُ ( ضمَ ضمٍَ ),لازم, ,رَخُصَ,رَخُصَتْ,رَخُصَا,رَخُصَتَا,رَخُصُوا,رَخُصْنَ,رَخُصْتَ,رَخُصْتِ,رَخُصْتُمَا,رَخُصْتُمْ,رَخُصْتُنَّ,رَخُصْتُ,رَخُصْنَا
رخف,رَخَفَ,فَعَلَ يَفْعُلُ ( فتحُ ضمٍّ ),لازم, ,رَخَفَ,رَخَفَتْ,رَخَفَا,رَخَفَتَا,رَخَفُوا,رَخَفْنَ,رَخَفْتَ,رَخَفْتِ,رَخَفْتُمَا,رَخَفْتُمْ,رَخَفْتُنَّ,رَخَفْتُ,رَخَفْنَا
رخف,رَخِفَ,فَعِلَ يَفْعَلُ ( كسر فتح ),لازم, ,رَخِفَ,رَخِفَتْ,رَخِفَا,رَخِفَتَا,رَخِفُوا,رَخِفْنَ,رَخِفْتَ,رَخِفْتِ,رَخِفْتُمَا,رَخِفْتُمْ,رَخِفْتُنَّ,رَخِفْتُ,رَخِفْنَا
رخف,رَخُفَ,فَعُلَ يَفْعُلُ ( ضمَ ضمٍَ ),لازم, ,رَخُفَ,رَخُفَتْ,رَخُفَا,رَخُفَتَا,رَخُفُوا,رَخُفْنَ,رَخُفْتَ,رَخُفْتِ,رَخُفْتُمَا,رَخُفْتُمْ,رَخُفْتُنَّ,رَخُفْتُ,رَخُفْنَا
رخم,رَخَمَ,فَعَلَ يَفْعُلُ ( فتحُ ضمٍّ ),مشترك , ,رَخَمَ,رَخَمَتْ,رَخَمَا,رَخَمَتَا,رَخَمُوا,رَخَمْنَ,رَخَمْتَ,رَخَمْتِ,رَخَمْتُمَا,رَخَمْتُمْ,رَخَمْتُنَّ,رَخَمْتُ,رَخَمْنَا
رخم,رَخَمَ,فَعَلَ يَفْعَلُ ( فتحتان ),متعدي, ,رَخَمَ,رَخَمَتْ,رَخَمَا,رَخَمَتَا,رَخَمُوا,رَخَمْنَ,رَخَمْتَ,رَخَمْتِ,رَخَمْتُمَا,رَخَمْتُمْ,رَخَمْتُنَّ,رَخَمْتُ,رَخَمْنَا
رخم,رَخِمَ,فَعِلَ يَفْعَلُ ( كسر فتح ),مشترك , ,رَخِمَ,رَخِمَتْ,رَخِمَا,رَخِمَتَا,رَخِمُوا,رَخِمْنَ,رَخِمْتَ,رَخِمْتِ,رَخِمْتُمَا,رَخِمْتُمْ,رَخِمْتُنَّ,رَخِمْتُ,رَخِمْنَا
رخم,رَخُمَ,فَعُلَ يَفْعُلُ ( ضمَ ضمٍَ ),لازم, ,رَخُمَ,رَخُمَتْ,رَخُمَا,رَخُمَتَا,رَخُمُوا,رَخُمْنَ,رَخُمْتَ,رَخُمْتِ,رَخُمْتُمَا,رَخُمْتُمْ,رَخُمْتُنَّ,رَخُمْتُ,رَخُمْنَا
ردج,رَدَجَ,فَعَلَ يَفْعِلُ ( فتحُ كَسْرٍ ),لازم, ,رَدَجَ,رَدَجَتْ,رَدَجَا,رَدَجَتَا,رَدَجُوا,رَدَجْنَ,رَدَجْتَ,رَدَجْتِ,رَدَجْتُمَا,رَدَجْتُمْ,رَدَجْتُنَّ,رَدَجْتُ,رَدَجْنَا
ردح,رَدَحَ,فَعَلَ يَفْعَلُ ( فتحتان ),مشترك , ,رَدَحَ,رَدَحَتْ,رَدَحَا,رَدَحَتَا,رَدَحُوا,رَدَحْنَ,رَدَحْتَ,رَدَحْتِ,رَدَحْتُمَا,رَدَحْتُمْ,رَدَحْتُنَّ,رَدَحْتُ,رَدَحْنَا
ردح,رَدُحَ,فَعُلَ يَفْعُلُ ( ضمَ ضمٍَ ),لازم, ,رَدُحَ,رَدُحَتْ,رَدُحَا,رَدُحَتَا,رَدُحُوا,رَدُحْنَ,رَدُحْتَ,رَدُحْتِ,رَدُحْتُمَا,رَدُحْتُمْ,رَدُحْتُنَّ,رَدُحْتُ,رَدُحْنَا
ردخ,رَدَخَ,فَعَلَ يَفْعَلُ ( فتحتان ),متعدي, ,رَدَخَ,رَدَخَتْ,رَدَخَا,رَدَخَتَا,رَدَخُوا,رَدَخْنَ,رَدَخْتَ,رَدَخْتِ,رَدَخْتُمَا,رَدَخْتُمْ,رَدَخْتُنَّ,رَدَخْتُ,رَدَخْنَا
ردس,رَدَسَ,فَعَلَ يَفْعُلُ ( فتحُ ضمٍّ ),مشترك , ,رَدَسَ,رَدَسَتْ,رَدَسَا,رَدَسَتَا,رَدَسُوا,رَدَسْنَ,رَدَسْتَ,رَدَسْتِ,رَدَسْتُمَا,رَدَسْتُمْ,رَدَسْتُنَّ,رَدَسْتُ,رَدَسْنَا
ردس,رَدَسَ,فَعَلَ يَفْعِلُ ( فتحُ كَسْرٍ ),مشترك , ,رَدَسَ,رَدَسَتْ,رَدَسَا,رَدَسَتَا,رَدَسُوا,رَدَسْنَ,رَدَسْتَ,رَدَسْتِ,رَدَسْتُمَا,رَدَسْتُمْ,رَدَسْتُنَّ,رَدَسْتُ,رَدَسْنَا
ردع,رَدَعَ,فَعَلَ يَفْعَلُ ( فتحتان ),مشترك , ,رَدَعَ,رَدَعَتْ,رَدَعَا,رَدَعَتَا,رَدَعُوا,رَدَعْنَ,رَدَعْتَ,رَدَعْتِ,رَدَعْتُمَا,رَدَعْتُمْ,رَدَعْتُنَّ,رَدَعْتُ,رَدَعْنَا
ردغ,رَدِغَ,فَعِلَ يَفْعَلُ ( كسر فتح ),لازم, ,رَدِغَ,رَدِغَتْ,رَدِغَا,رَدِغَتَا,رَدِغُوا,رَدِغْنَ,رَدِغْتَ,رَدِغْتِ,رَدِغْتُمَا,رَدِغْتُمْ,رَدِغْتُنَّ,رَدِغْتُ,رَدِغْنَا
ردف,رَدَفَ,فَعَلَ يَفْعُلُ ( فتحُ ضمٍّ ),متعدي, ,رَدَفَ,رَدَفَتْ,رَدَفَا,رَدَفَتَا,رَدَفُوا,رَدَفْنَ,رَدَفْتَ,رَدَفْتِ,رَدَفْتُمَا,رَدَفْتُمْ,رَدَفْتُنَّ,رَدَفْتُ,رَدَفْنَا
ردف,رَدِفَ,فَعِلَ يَفْعَلُ ( كسر فتح ),مشترك , ,رَدِفَ,رَدِفَتْ,رَدِفَا,رَدِفَتَا,رَدِفُوا,رَدِفْنَ,رَدِفْتَ,رَدِفْتِ,رَدِفْتُمَا,رَدِفْتُمْ,رَدِفْتُنَّ,رَدِفْتُ,رَدِفْنَا
ردم,رَدَمَ,فَعَلَ يَفْعُلُ ( فتحُ ضمٍّ ),مشترك , ,رَدَمَ,رَدَمَتْ,رَدَمَا,رَدَمَتَا,رَدَمُوا,رَدَمْنَ,رَدَمْتَ,رَدَمْتِ,رَدَمْتُمَا,رَدَمْتُمْ,رَدَمْتُنَّ,رَدَمْتُ,رَدَمْنَا
ردم,رَدَمَ,فَعَلَ يَفْعِلُ ( فتحُ كَسْرٍ ),مشترك , ,رَدَمَ,رَدَمَتْ,رَدَمَا,رَدَمَتَا,رَدَمُوا,رَدَمْنَ,رَدَمْتَ,رَدَمْتِ,رَدَمْتُمَا,رَدَمْتُمْ,رَدَمْتُنَّ,رَدَمْتُ,رَدَمْنَا
ردن,رَدَنَ,فَعَلَ يَفْعُلُ ( فتحُ ضمٍّ ),مشترك , ,رَدَنَ,رَدَنَتْ,رَدَنَا,رَدَنَتَا,رَدَنُوا,رَدَنْنَ,رَدَنْتَ,رَدَنْتِ,رَدَنْتُمَا,رَدَنْتُمْ,رَدَنْتُنَّ,رَدَنْتُ,رَدَنْنَا
ردن,رَدِنَ,فَعِلَ يَفْعَلُ ( كسر فتح ),لازم, ,رَدِنَ,رَدِنَتْ,رَدِنَا,رَدِنَتَا,رَدِنُوا,رَدِنْنَ,رَدِنْتَ,رَدِنْتِ,رَدِنْتُمَا,رَدِنْتُمْ,رَدِنْتُنَّ,رَدِنْتُ,رَدِنْنَا
رده,رَدَهَ,فَعَلَ يَفْعَلُ ( فتحتان ),مشترك , ,رَدَهَ,رَدَهَتْ,رَدَهَا,رَدَهَتَا,رَدَهُوا,رَدَهْنَ,رَدَهْتَ,رَدَهْتِ,رَدَهْتُمَا,رَدَهْتُمْ,رَدَهْتُنَّ,رَدَهْتُ,رَدَهْنَا
رذل,رَذَلَ,فَعَلَ يَفْعُلُ ( فتحُ ضمٍّ ),متعدي, ,رَذَلَ,رَذَلَتْ,رَذَلَا,رَذَلَتَا,رَذَلُوا,رَذَلْنَ,رَذَلْتَ,رَذَلْتِ,رَذَلْتُمَا,رَذَلْتُمْ,رَذَلْتُنَّ,رَذَلْتُ,رَذَلْنَا
رذل,رَذِلَ,فَعِلَ يَفْعَلُ ( كسر فتح ),لازم, ,رَذِلَ,رَذِلَتْ,رَذِلَا,رَذِلَتَا,رَذِلُوا,رَذِلْنَ,رَذِلْتَ,رَذِلْتِ,رَذِلْتُمَا,رَذِلْتُمْ,رَذِلْتُنَّ,رَذِلْتُ,رَذِلْنَا
رذل,رَذُلَ,فَعُلَ يَفْعُلُ ( ضمَ ضمٍَ ),لازم, ,رَذُلَ,رَذُلَتْ,رَذُلَا,رَذُلَتَا,رَذُلُوا,رَذُلْنَ,رَذُلْتَ,رَذُلْتِ,رَذُلْتُمَا,رَذُلْتُمْ,رَذُلْتُنَّ,رَذُلْتُ,رَذُلْنَا
رذم,رَذَمَ,فَعَلَ يَفْعُلُ ( فتحُ ضمٍّ ),لازم, ,رَذَمَ,رَذَمَتْ,رَذَمَا,رَذَمَتَا,رَذَمُوا,رَذَمْنَ,رَذَمْتَ,رَذَمْتِ,رَذَمْتُمَا,رَذَمْتُمْ,رَذَمْتُنَّ,رَذَمْتُ,رَذَمْنَا
رذم,رَذَمَ,فَعَلَ يَفْعِلُ ( فتحُ كَسْرٍ ),لازم, ,رَذَمَ,رَذَمَتْ,رَذَمَا,رَذَمَتَا,رَذَمُوا,رَذَمْنَ,رَذَمْتَ,رَذَمْتِ,رَذَمْتُمَا,رَذَمْتُمْ,رَذَمْتُنَّ,رَذَمْتُ,رَذَمْنَا
رذم,رَذِمَ,فَعِلَ يَفْعَلُ ( كسر فتح ),لازم, ,رَذِمَ,رَذِمَتْ,رَذِمَا,رَذِمَتَا,رَذِمُوا,رَذِمْنَ,رَذِمْتَ,رَذِمْتِ,رَذِمْتُمَا,رَذِمْتُمْ,رَذِمْتُنَّ,رَذِمْتُ,رَذِمْنَا
رزب,رَزَبَ,فَعَلَ يَفْعُلُ ( فتحُ ضمٍّ ),مشترك , ,رَزَبَ,رَزَبَتْ,رَزَبَا,رَزَبَتَا,رَزَبُوا,رَزَبْنَ,رَزَبْتَ,رَزَبْتِ,رَزَبْتُمَا,رَزَبْتُمْ,رَزَبْتُنَّ,رَزَبْتُ,رَزَبْنَا
رزح,رَزَحَ,فَعَلَ يَفْعَلُ ( فتحتان ),مشترك , ,رَزَحَ,رَزَحَتْ,رَزَحَا,رَزَحَتَا,رَزَحُوا,رَزَحْنَ,رَزَحْتَ,رَزَحْتِ,رَزَحْتُمَا,رَزَحْتُمْ,رَزَحْتُنَّ,رَزَحْتُ,رَزَحْنَا
رزخ,رَزَخَ,فَعَلَ يَفْعَلُ ( فتحتان ),متعدي, ,رَزَخَ,رَزَخَتْ,رَزَخَا,رَزَخَتَا,رَزَخُوا,رَزَخْنَ,رَزَخْتَ,رَزَخْتِ,رَزَخْتُمَا,رَزَخْتُمْ,رَزَخْتُنَّ,رَزَخْتُ,رَزَخْنَا
رزغ,رَزِغَ,فَعِلَ يَفْعَلُ ( كسر فتح ),لازم, ,رَزِغَ,رَزِغَتْ,رَزِغَا,رَزِغَتَا,رَزِغُوا,رَزِغْنَ,رَزِغْتَ,رَزِغْتِ,رَزِغْتُمَا,رَزِغْتُمْ,رَزِغْتُنَّ,رَزِغْتُ,رَزِغْنَا
رزف,رَزَفَ,فَعَلَ يَفْعِلُ ( فتحُ كَسْرٍ ),لازم, ,رَزَفَ,رَزَفَتْ,رَزَفَا,رَزَفَتَا,رَزَفُوا,رَزَفْنَ,رَزَفْتَ,رَزَفْتِ,رَزَفْتُمَا,رَزَفْتُمْ,رَزَفْتُنَّ,رَزَفْتُ,رَزَفْنَا
رزق,رَزَقَ,فَعَلَ يَفْعُلُ ( فتحُ ضمٍّ ),متعدي, ,رَزَقَ,رَزَقَتْ,رَزَقَا,رَزَقَتَا,رَزَقُوا,رَزَقْنَ,رَزَقْتَ,رَزَقْتِ,رَزَقْتُمَا,رَزَقْتُمْ,رَزَقْتُنَّ,رَزَقْتُ,رَزَقْنَا
رزم,رَزَمَ,فَعَلَ يَفْعُلُ ( فتحُ ضمٍّ ),مشترك , ,رَزَمَ,رَزَمَتْ,رَزَمَا,رَزَمَتَا,رَزَمُوا,رَزَمْنَ,رَزَمْتَ,رَزَمْتِ,رَزَمْتُمَا,رَزَمْتُمْ,رَزَمْتُنَّ,رَزَمْتُ,رَزَمْنَا
رزم,رَزَمَ,فَعَلَ يَفْعِلُ ( فتحُ كَسْرٍ ),مشترك , ,رَزَمَ,رَزَمَتْ,رَزَمَا,رَزَمَتَا,رَزَمُوا,رَزَمْنَ,رَزَمْتَ,رَزَمْتِ,رَزَمْتُمَا,رَزَمْتُمْ,رَزَمْتُنَّ,رَزَمْتُ,رَزَمْنَا
رزن,رَزَنَ,فَعَلَ يَفْعُلُ ( فتحُ ضمٍّ ),مشترك , ,رَزَنَ,رَزَنَتْ,رَزَنَا,رَزَنَتَا,رَزَنُوا,رَزَنْنَ,رَزَنْتَ,رَزَنْتِ,رَزَنْتُمَا,رَزَنْتُمْ,رَزَنْتُنَّ,رَزَنْتُ,رَزَنْنَا
رزن,رَزُنَ,فَعُلَ يَفْعُلُ ( ضمَ ضمٍَ ),لازم, ,رَزُنَ,رَزُنَتْ,رَزُنَا,رَزُنَتَا,رَزُنُوا,رَزُنْنَ,رَزُنْتَ,رَزُنْتِ,رَزُنْتُمَا,رَزُنْتُمْ,رَزُنْتُنَّ,رَزُنْتُ,رَزُنْنَا
رسب,رَسَبَ,فَعَلَ يَفْعُلُ ( فتحُ ضمٍّ ),لازم, ,رَسَبَ,رَسَبَتْ,رَسَبَا,رَسَبَتَا,رَسَبُوا,رَسَبْنَ,رَسَبْتَ,رَسَبْتِ,رَسَبْتُمَا,رَسَبْتُمْ,رَسَبْتُنَّ,رَسَبْتُ,رَسَبْنَا
رسب,رَسُبَ,فَعُلَ يَفْعُلُ ( ضمَ ضمٍَ ),لازم, ,رَسُبَ,رَسُبَتْ,رَسُبَا,رَسُبَتَا,رَسُبُوا,رَسُبْنَ,رَسُبْتَ,رَسُبْتِ,رَسُبْتُمَا,رَسُبْتُمْ,رَسُبْتُنَّ,رَسُبْتُ,رَسُبْنَا
رسح,رَسِحَ,فَعِلَ يَفْعَلُ ( كسر فتح ),لازم, ,رَسِحَ,رَسِحَتْ,رَسِحَا,رَسِحَتَا,رَسِحُوا,رَسِحْنَ,رَسِحْتَ,رَسِحْتِ,رَسِحْتُمَا,رَسِحْتُمْ,رَسِحْتُنَّ,رَسِحْتُ,رَسِحْنَا
رسخ,رَسَخَ,فَعَلَ يَفْعَلُ ( فتحتان ),لازم, ,رَسَخَ,رَسَخَتْ,رَسَخَا,رَسَخَتَا,رَسَخُوا,رَسَخْنَ,رَسَخْتَ,رَسَخْتِ,رَسَخْتُمَا,رَسَخْتُمْ,رَسَخْتُنَّ,رَسَخْتُ,رَسَخْنَا
رسع,رَسَعَ,فَعَلَ يَفْعَلُ ( فتحتان ),مشترك , ,رَسَعَ,رَسَعَتْ,رَسَعَا,رَسَعَتَا,رَسَعُوا,رَسَعْنَ,رَسَعْتَ,رَسَعْتِ,رَسَعْتُمَا,رَسَعْتُمْ,رَسَعْتُنَّ,رَسَعْتُ,رَسَعْنَا
رسع,رَسِعَ,فَعِلَ يَفْعَلُ ( كسر فتح ),لازم, ,رَسِعَ,رَسِعَتْ,رَسِعَا,رَسِعَتَا,رَسِعُوا,رَسِعْنَ,رَسِعْتَ,رَسِعْتِ,رَسِعْتُمَا,رَسِعْتُمْ,رَسِعْتُنَّ,رَسِعْتُ,رَسِعْنَا
رسغ,رَسَغَ,فَعَلَ يَفْعَلُ ( فتحتان ),مشترك , ,رَسَغَ,رَسَغَتْ,رَسَغَا,رَسَغَتَا,رَسَغُوا,رَسَغْنَ,رَسَغْتَ,رَسَغْتِ,رَسَغْتُمَا,رَسَغْتُمْ,رَسَغْتُنَّ,رَسَغْتُ,رَسَغْنَا
رسف,رَسَفَ,فَعَلَ يَفْعُلُ ( فتحُ ضمٍّ ),لازم, ,رَسَفَ,رَسَفَتْ,رَسَفَا,رَسَفَتَا,رَسَفُوا,رَسَفْنَ,رَسَفْتَ,رَسَفْتِ,رَسَفْتُمَا,رَسَفْتُمْ,رَسَفْتُنَّ,رَسَفْتُ,رَسَفْنَا
رسف,رَسَفَ,فَعَلَ يَفْعِلُ ( فتحُ كَسْرٍ ),لازم, ,رَسَفَ,رَسَفَتْ,رَسَفَا,رَسَفَتَا,رَسَفُوا,رَسَفْنَ,رَسَفْتَ,رَسَفْتِ,رَسَفْتُمَا,رَسَفْتُمْ,رَسَفْتُنَّ,رَسَفْتُ,رَسَفْنَا
رسل,رَسِلَ,فَعِلَ يَفْعَلُ ( كسر فتح ),لازم, ,رَسِلَ,رَسِلَتْ,رَسِلَا,رَسِلَتَا,رَسِلُوا,رَسِلْنَ,رَسِلْتَ,رَسِلْتِ,رَسِلْتُمَا,رَسِلْتُمْ,رَسِلْتُنَّ,رَسِلْتُ,رَسِلْنَا
رسم,رَسَمَ,فَعَلَ يَفْعُلُ ( فتحُ ضمٍّ ),مشترك , ,رَسَمَ,رَسَمَتْ,رَسَمَا,رَسَمَتَا,رَسَمُوا,رَسَمْنَ,رَسَمْتَ,رَسَمْتِ,رَسَمْتُمَا,رَسَمْتُمْ,رَسَمْتُنَّ,رَسَمْتُ,رَسَمْنَا
رسم,رَسَمَ,فَعَلَ يَفْعِلُ ( فتحُ كَسْرٍ ),مشترك , ,رَسَمَ,رَسَمَتْ,رَسَمَا,رَسَمَتَا,رَسَمُوا,رَسَمْنَ,رَسَمْتَ,رَسَمْتِ,رَسَمْتُمَا,رَسَمْتُمْ,رَسَمْتُنَّ,رَسَمْتُ,رَسَمْنَا
رسن,رَسَنَ,فَعَلَ يَفْعُلُ ( فتحُ ضمٍّ ),متعدي, ,رَسَنَ,رَسَنَتْ,رَسَنَا,رَسَنَتَا,رَسَنُوا,رَسَنْنَ,رَسَنْتَ,رَسَنْتِ,رَسَنْتُمَا,رَسَنْتُمْ,رَسَنْتُنَّ,رَسَنْتُ,رَسَنْنَا
رسن,رَسَنَ,فَعَلَ يَفْعِلُ ( فتحُ كَسْرٍ ),متعدي, ,رَسَنَ,رَسَنَتْ,رَسَنَا,رَسَنَتَا,رَسَنُوا,رَسَنْنَ,رَسَنْتَ,رَسَنْتِ,رَسَنْتُمَا,رَسَنْتُمْ,رَسَنْتُنَّ,رَسَنْتُ,رَسَنْنَا
رشح,رَشَحَ,فَعَلَ يَفْعَلُ ( فتحتان ),مشترك , ,رَشَحَ,رَشَحَتْ,رَشَحَا,رَشَحَتَا,رَشَحُوا,رَشَحْنَ,رَشَحْتَ,رَشَحْتِ,رَشَحْتُمَا,رَشَحْتُمْ,رَشَحْتُنَّ,رَشَحْتُ,رَشَحْنَا
رشد,رَشَدَ,فَعَلَ يَفْعُلُ ( فتحُ ضمٍّ ),مشترك , ,رَشَدَ,رَشَدَتْ,رَشَدَا,رَشَدَتَا,رَشَدُوا,رَشَدْنَ,رَشَدْتَ,رَشَدْتِ,رَشَدْتُمَا,رَشَدْتُمْ,رَشَدْتُنَّ,رَشَدْتُ,رَشَدْنَا
رشد,رَشِدَ,فَعِلَ يَفْعَلُ ( كسر فتح ),مشترك , ,رَشِدَ,رَشِدَتْ,رَشِدَا,رَشِدَتَا,رَشِدُوا,رَشِدْنَ,رَشِدْتَ,رَشِدْتِ,رَشِدْتُمَا,رَشِدْتُمْ,رَشِدْتُنَّ,رَشِدْتُ,رَشِدْنَا
رشف,رَشَفَ,فَعَلَ يَفْعُلُ ( فتحُ ضمٍّ ),متعدي, ,رَشَفَ,رَشَفَتْ,رَشَفَا,رَشَفَتَا,رَشَفُوا,رَشَفْنَ,رَشَفْتَ,رَشَفْتِ,رَشَفْتُمَا,رَشَفْتُمْ,رَشَفْتُنَّ,رَشَفْتُ,رَشَفْنَا
رشف,رَشَفَ,فَعَلَ يَفْعِلُ ( فتحُ كَسْرٍ ),متعدي, ,رَشَفَ,رَشَفَتْ,رَشَفَا,رَشَفَتَا,رَشَفُوا,رَشَفْنَ,رَشَفْتَ,رَشَفْتِ,رَشَفْتُمَا,رَشَفْتُمْ,رَشَفْتُنَّ,رَشَفْتُ,رَشَفْنَا
رشف,رَشِفَ,فَعِلَ يَفْعَلُ ( كسر فتح ),متعدي, ,رَشِفَ,رَشِفَتْ,رَشِفَا,رَشِفَتَا,رَشِفُوا,رَشِفْنَ,رَشِفْتَ,رَشِفْتِ,رَشِفْتُمَا,رَشِفْتُمْ,رَشِفْتُنَّ,رَشِفْتُ,رَشِفْنَا
رشق,رَشَقَ,فَعَلَ يَفْعُلُ ( فتحُ ضمٍّ ),مشترك , ,رَشَقَ,رَشَقَتْ,رَشَقَا,رَشَقَتَا,رَشَقُوا,رَشَقْنَ,رَشَقْتَ,رَشَقْتِ,رَشَقْتُمَا,رَشَقْتُمْ,رَشَقْتُنَّ,رَشَقْتُ,رَشَقْنَا
رشق,رَشُقَ,فَعُلَ يَفْعُلُ ( ضمَ ضمٍَ ),لازم, ,رَشُقَ,رَشُقَتْ,رَشُقَا,رَشُقَتَا,رَشُقُوا,رَشُقْنَ,رَشُقْتَ,رَشُقْتِ,رَشُقْتُمَا,رَشُقْتُمْ,رَشُقْتُنَّ,رَشُقْتُ,رَشُقْنَا
رشم,رَشَمَ,فَعَلَ يَفْعُلُ ( فتحُ ضمٍّ ),مشترك , ,رَشَمَ,رَشَمَتْ,رَشَمَا,رَشَمَتَا,رَشَمُوا,رَشَمْنَ,رَشَمْتَ,رَشَمْتِ,رَشَمْتُمَا,رَشَمْتُمْ,رَشَمْتُنَّ,رَشَمْتُ,رَشَمْنَا
رشم,رَشِمَ,فَعِلَ يَفْعَلُ ( كسر فتح ),لازم, ,رَشِمَ,رَشِمَتْ,رَشِمَا,رَشِمَتَا,رَشِمُوا,رَشِمْنَ,رَشِمْتَ,رَشِمْتِ,رَشِمْتُمَا,رَشِمْتُمْ,رَشِمْتُنَّ,رَشِمْتُ,رَشِمْنَا
رشن,رَشَنَ,فَعَلَ يَفْعُلُ ( فتحُ ضمٍّ ),لازم, ,رَشَنَ,رَشَنَتْ,رَشَنَا,رَشَنَتَا,رَشَنُوا,رَشَنْنَ,رَشَنْتَ,رَشَنْتِ,رَشَنْتُمَا,رَشَنْتُمْ,رَشَنْتُنَّ,رَشَنْتُ,رَشَنْنَا
رصد,رَصَدَ,فَعَلَ يَفْعُلُ ( فتحُ ضمٍّ ),مشترك , ,رَصَدَ,رَصَدَتْ,رَصَدَا,رَصَدَتَا,رَصَدُوا,رَصَدْنَ,رَصَدْتَ,رَصَدْتِ,رَصَدْتُمَا,رَصَدْتُمْ,رَصَدْتُنَّ,رَصَدْتُ,رَصَدْنَا
رصع,رَصَعَ,فَعَلَ يَفْعَلُ ( فتحتان ),مشترك , ,رَصَعَ,رَصَعَتْ,رَصَعَا,رَصَعَتَا,رَصَعُوا,رَصَعْنَ,رَصَعْتَ,رَصَعْتِ,رَصَعْتُمَا,رَصَعْتُمْ,رَصَعْتُنَّ,رَصَعْتُ,رَصَعْنَا
رصع,رَصِعَ,فَعِلَ يَفْعَلُ ( كسر فتح ),مشترك , ,رَصِعَ,رَصِعَتْ,رَصِعَا,رَصِعَتَا,رَصِعُوا,رَصِعْنَ,رَصِعْتَ,رَصِعْتِ,رَصِعْتُمَا,رَصِعْتُمْ,رَصِعْتُنَّ,رَصِعْتُ,رَصِعْنَا
رصف,رَصَفَ,فَعَلَ يَفْعُلُ ( فتحُ ضمٍّ ),مشترك , ,رَصَفَ,رَصَفَتْ,رَصَفَا,رَصَفَتَا,رَصَفُوا,رَصَفْنَ,رَصَفْتَ,رَصَفْتِ,رَصَفْتُمَا,رَصَفْتُمْ,رَصَفْتُنَّ,رَصَفْتُ,رَصَفْنَا
رصف,رَصِفَ,فَعِلَ يَفْعَلُ ( كسر فتح ),لازم, ,رَصِفَ,رَصِفَتْ,رَصِفَا,رَصِفَتَا,رَصِفُوا,رَصِفْنَ,رَصِفْتَ,رَصِفْتِ,رَصِفْتُمَا,رَصِفْتُمْ,رَصِفْتُنَّ,رَصِفْتُ,رَصِفْنَا
رصف,رَصُفَ,فَعُلَ يَفْعُلُ ( ضمَ ضمٍَ ),لازم, ,رَصُفَ,رَصُفَتْ,رَصُفَا,رَصُفَتَا,رَصُفُوا,رَصُفْنَ,رَصُفْتَ,رَصُفْتِ,رَصُفْتُمَا,رَصُفْتُمْ,رَصُفْتُنَّ,رَصُفْتُ,رَصُفْنَا
رصن,رَصَنَ,فَعَلَ يَفْعُلُ ( فتحُ ضمٍّ ),متعدي, ,رَصَنَ,رَصَنَتْ,رَصَنَا,رَصَنَتَا,رَصَنُوا,رَصَنْنَ,رَصَنْتَ,رَصَنْتِ,رَصَنْتُمَا,رَصَنْتُمْ,رَصَنْتُنَّ,رَصَنْتُ,رَصَنْنَا
رصن,رَصُنَ,فَعُلَ يَفْعُلُ ( ضمَ ضمٍَ ),لازم, ,رَصُنَ,رَصُنَتْ,رَصُنَا,رَصُنَتَا,رَصُنُوا,رَصُنْنَ,رَصُنْتَ,رَصُنْتِ,رَصُنْتُمَا,رَصُنْتُمْ,رَصُنْتُنَّ,رَصُنْتُ,رَصُنْنَا
رضب,رَضَبَ,فَعَلَ يَفْعُلُ ( فتحُ ضمٍّ ),مشترك , ,رَضَبَ,رَضَبَتْ,رَضَبَا,رَضَبَتَا,رَضَبُوا,رَضَبْنَ,رَضَبْتَ,رَضَبْتِ,رَضَبْتُمَا,رَضَبْتُمْ,رَضَبْتُنَّ,رَضَبْتُ,رَضَبْنَا
رضح,رَضَحَ,فَعَلَ يَفْعَلُ ( فتحتان ),متعدي, ,رَضَحَ,رَضَحَتْ,رَضَحَا,رَضَحَتَا,رَضَحُوا,رَضَحْنَ,رَضَحْتَ,رَضَحْتِ,رَضَحْتُمَا,رَضَحْتُمْ,رَضَحْتُنَّ,رَضَحْتُ,رَضَحْنَا
رضخ,رَضَخَ,فَعَلَ يَفْعِلُ ( فتحُ كَسْرٍ ),مشترك , ,رَضَخَ,رَضَخَتْ,رَضَخَا,رَضَخَتَا,رَضَخُوا,رَضَخْنَ,رَضَخْتَ,رَضَخْتِ,رَضَخْتُمَا,رَضَخْتُمْ,رَضَخْتُنَّ,رَضَخْتُ,رَضَخْنَا
رضخ,رَضَخَ,فَعَلَ يَفْعَلُ ( فتحتان ),مشترك , ,رَضَخَ,رَضَخَتْ,رَضَخَا,رَضَخَتَا,رَضَخُوا,رَضَخْنَ,رَضَخْتَ,رَضَخْتِ,رَضَخْتُمَا,رَضَخْتُمْ,رَضَخْتُنَّ,رَضَخْتُ,رَضَخْنَا
رضد,رَضَدَ,فَعَلَ يَفْعُلُ ( فتحُ ضمٍّ ),متعدي, ,رَضَدَ,رَضَدَتْ,رَضَدَا,رَضَدَتَا,رَضَدُوا,رَضَدْنَ,رَضَدْتَ,رَضَدْتِ,رَضَدْتُمَا,رَضَدْتُمْ,رَضَدْتُنَّ,رَضَدْتُ,رَضَدْنَا
رضع,رَضَعَ,فَعَلَ يَفْعِلُ ( فتحُ كَسْرٍ ),مشترك , ,رَضَعَ,رَضَعَتْ,رَضَعَا,رَضَعَتَا,رَضَعُوا,رَضَعْنَ,رَضَعْتَ,رَضَعْتِ,رَضَعْتُمَا,رَضَعْتُمْ,رَضَعْتُنَّ,رَضَعْتُ,رَضَعْنَا
رضع,رَضَعَ,فَعَلَ يَفْعَلُ ( فتحتان ),مشترك , ,رَضَعَ,رَضَعَتْ,رَضَعَا,رَضَعَتَا,رَضَعُوا,رَضَعْنَ,رَضَعْتَ,رَضَعْتِ,رَضَعْتُمَا,رَضَعْتُمْ,رَضَعْتُنَّ,رَضَعْتُ,رَضَعْنَا
رضع,رَضِعَ,فَعِلَ يَفْعَلُ ( كسر فتح ),مشترك , ,رَضِعَ,رَضِعَتْ,رَضِعَا,رَضِعَتَا,رَضِعُوا,رَضِعْنَ,رَضِعْتَ,رَضِعْتِ,رَضِعْتُمَا,رَضِعْتُمْ,رَضِعْتُنَّ,رَضِعْتُ,رَضِعْنَا
رضع,رَضُعَ,فَعُلَ يَفْعُلُ ( ضمَ ضمٍَ ),لازم, ,رَضُعَ,رَضُعَتْ,رَضُعَا,رَضُعَتَا,رَضُعُوا,رَضُعْنَ,رَضُعْتَ,رَضُعْتِ,رَضُعْتُمَا,رَضُعْتُمْ,رَضُعْتُنَّ,رَضُعْتُ,رَضُعْنَا
رضف,رَضَفَ,فَعَلَ يَفْعِلُ ( فتحُ كَسْرٍ ),مشترك , ,رَضَفَ,رَضَفَتْ,رَضَفَا,رَضَفَتَا,رَضَفُوا,رَضَفْنَ,رَضَفْتَ,رَضَفْتِ,رَضَفْتُمَا,رَضَفْتُمْ,رَضَفْتُنَّ,رَضَفْتُ,رَضَفْنَا
رضم,رَضَمَ,فَعَلَ يَفْعِلُ ( فتحُ كَسْرٍ ),مشترك , ,رَضَمَ,رَضَمَتْ,رَضَمَا,رَضَمَتَا,رَضَمُوا,رَضَمْنَ,رَضَمْتَ,رَضَمْتِ,رَضَمْتُمَا,رَضَمْتُمْ,رَضَمْتُنَّ,رَضَمْتُ,رَضَمْنَا
رضن,رَضَنَ,فَعَلَ يَفْعِلُ ( فتحُ كَسْرٍ ),متعدي, ,رَضَنَ,رَضَنَتْ,رَضَنَا,رَضَنَتَا,رَضَنُوا,رَضَنْنَ,رَضَنْتَ,رَضَنْتِ,رَضَنْتُمَا,رَضَنْتُمْ,رَضَنْتُنَّ,رَضَنْتُ,رَضَنْنَا
رطب,رَطَبَ,فَعَلَ يَفْعُلُ ( فتحُ ضمٍّ ),مشترك , ,رَطَبَ,رَطَبَتْ,رَطَبَا,رَطَبَتَا,رَطَبُوا,رَطَبْنَ,رَطَبْتَ,رَطَبْتِ,رَطَبْتُمَا,رَطَبْتُمْ,رَطَبْتُنَّ,رَطَبْتُ,رَطَبْنَا
رطب,رَطِبَ,فَعِلَ يَفْعَلُ ( كسر فتح ),لازم, ,رَطِبَ,رَطِبَتْ,رَطِبَا,رَطِبَتَا,رَطِبُوا,رَطِبْنَ,رَطِبْتَ,رَطِبْتِ,رَطِبْتُمَا,رَطِبْتُمْ,رَطِبْتُنَّ,رَطِبْتُ,رَطِبْنَا
رطب,رَطُبَ,فَعُلَ يَفْعُلُ ( ضمَ ضمٍَ ),لازم, ,رَطُبَ,رَطُبَتْ,رَطُبَا,رَطُبَتَا,رَطُبُوا,رَطُبْنَ,رَطُبْتَ,رَطُبْتِ,رَطُبْتُمَا,رَطُبْتُمْ,رَطُبْتُنَّ,رَطُبْتُ,رَطُبْنَا
رطس,رَطَسَ,فَعَلَ يَفْعُلُ ( فتحُ ضمٍّ ),متعدي, ,رَطَسَ,رَطَسَتْ,رَطَسَا,رَطَسَتَا,رَطَسُوا,رَطَسْنَ,رَطَسْتَ,رَطَسْتِ,رَطَسْتُمَا,رَطَسْتُمْ,رَطَسْتُنَّ,رَطَسْتُ,رَطَسْنَا
رطس,رَطَسَ,فَعَلَ يَفْعِلُ ( فتحُ كَسْرٍ ),متعدي, ,رَطَسَ,رَطَسَتْ,رَطَسَا,رَطَسَتَا,رَطَسُوا,رَطَسْنَ,رَطَسْتَ,رَطَسْتِ,رَطَسْتُمَا,رَطَسْتُمْ,رَطَسْتُنَّ,رَطَسْتُ,رَطَسْنَا
رطل,رَطَلَ,فَعَلَ يَفْعُلُ ( فتحُ ضمٍّ ),مشترك , ,رَطَلَ,رَطَلَتْ,رَطَلَا,رَطَلَتَا,رَطَلُوا,رَطَلْنَ,رَطَلْتَ,رَطَلْتِ,رَطَلْتُمَا,رَطَلْتُمْ,رَطَلْتُنَّ,رَطَلْتُ,رَطَلْنَا
رطم,رَطَمَ,فَعَلَ يَفْعُلُ ( فتحُ ضمٍّ ),مشترك , ,رَطَمَ,رَطَمَتْ,رَطَمَا,رَطَمَتَا,رَطَمُوا,رَطَمْنَ,رَطَمْتَ,رَطَمْتِ,رَطَمْتُمَا,رَطَمْتُمْ,رَطَمْتُنَّ,رَطَمْتُ,رَطَمْنَا
رطن,رَطَنَ,فَعَلَ يَفْعُلُ ( فتحُ ضمٍّ ),لازم, ,رَطَنَ,رَطَنَتْ,رَطَنَا,رَطَنَتَا,رَطَنُوا,رَطَنْنَ,رَطَنْتَ,رَطَنْتِ,رَطَنْتُمَا,رَطَنْتُمْ,رَطَنْتُنَّ,رَطَنْتُ,رَطَنْنَا
رعب,رَعَبَ,فَعَلَ يَفْعَلُ ( فتحتان ),مشترك , ,رَعَبَ,رَعَبَتْ,رَعَبَا,رَعَبَتَا,رَعَبُوا,رَعَبْنَ,رَعَبْتَ,رَعَبْتِ,رَعَبْتُمَا,رَعَبْتُمْ,رَعَبْتُنَّ,رَعَبْتُ,رَعَبْنَا
رعث,رَعَثَ,فَعَلَ يَفْعَلُ ( فتحتان ),مشترك , ,رَعَثَ,رَعَثَتْ,رَعَثَا,رَعَثَتَا,رَعَثُوا,رَعَثْنَ,رَعَثْتَ,رَعَثْتِ,رَعَثْتُمَا,رَعَثْتُمْ,رَعَثْتُنَّ,رَعَثْتُ,رَعَثْنَا
رعث,رَعِثَ,فَعِلَ يَفْعَلُ ( كسر فتح ),لازم, ,رَعِثَ,رَعِثَتْ,رَعِثَا,رَعِثَتَا,رَعِثُوا,رَعِثْنَ,رَعِثْتَ,رَعِثْتِ,رَعِثْتُمَا,رَعِثْتُمْ,رَعِثْتُنَّ,رَعِثْتُ,رَعِثْنَا
رعج,رَعَجَ,فَعَلَ يَفْعَلُ ( فتحتان ),مشترك , ,رَعَجَ,رَعَجَتْ,رَعَجَا,رَعَجَتَا,رَعَجُوا,رَعَجْنَ,رَعَجْتَ,رَعَجْتِ,رَعَجْتُمَا,رَعَجْتُمْ,رَعَجْتُنَّ,رَعَجْتُ,رَعَجْنَا
رعج,رَعِجَ,فَعِلَ يَفْعَلُ ( كسر فتح ),لازم, ,رَعِجَ,رَعِجَتْ,رَعِجَا,رَعِجَتَا,رَعِجُوا,رَعِجْنَ,رَعِجْتَ,رَعِجْتِ,رَعِجْتُمَا,رَعِجْتُمْ,رَعِجْتُنَّ,رَعِجْتُ,رَعِجْنَا
رعد,رَعَدَ,فَعَلَ يَفْعُلُ ( فتحُ ضمٍّ ),لازم, ,رَعَدَ,رَعَدَتْ,رَعَدَا,رَعَدَتَا,رَعَدُوا,رَعَدْنَ,رَعَدْتَ,رَعَدْتِ,رَعَدْتُمَا,رَعَدْتُمْ,رَعَدْتُنَّ,رَعَدْتُ,رَعَدْنَا
رعد,رَعَدَ,فَعَلَ يَفْعَلُ ( فتحتان ),لازم, ,رَعَدَ,رَعَدَتْ,رَعَدَا,رَعَدَتَا,رَعَدُوا,رَعَدْنَ,رَعَدْتَ,رَعَدْتِ,رَعَدْتُمَا,رَعَدْتُمْ,رَعَدْتُنَّ,رَعَدْتُ,رَعَدْنَا
رعز,رَعَزَ,فَعَلَ يَفْعَلُ ( فتحتان ),متعدي, ,رَعَزَ,رَعَزَتْ,رَعَزَا,رَعَزَتَا,رَعَزُوا,رَعَزْنَ,رَعَزْتَ,رَعَزْتِ,رَعَزْتُمَا,رَعَزْتُمْ,رَعَزْتُنَّ,رَعَزْتُ,رَعَزْنَا
رعس,رَعَسَ,فَعَلَ يَفْعَلُ ( فتحتان ),لازم, ,رَعَسَ,رَعَسَتْ,رَعَسَا,رَعَسَتَا,رَعَسُوا,رَعَسْنَ,رَعَسْتَ,رَعَسْتِ,رَعَسْتُمَا,رَعَسْتُمْ,رَعَسْتُنَّ,رَعَسْتُ,رَعَسْنَا
رعش,رَعَشَ,فَعَلَ يَفْعَلُ ( فتحتان ),لازم, ,رَعَشَ,رَعَشَتْ,رَعَشَا,رَعَشَتَا,رَعَشُوا,رَعَشْنَ,رَعَشْتَ,رَعَشْتِ,رَعَشْتُمَا,رَعَشْتُمْ,رَعَشْتُنَّ,رَعَشْتُ,رَعَشْنَا
رعش,رَعِشَ,فَعِلَ يَفْعَلُ ( كسر فتح ),لازم, ,رَعِشَ,رَعِشَتْ,رَعِشَا,رَعِشَتَا,رَعِشُوا,رَعِشْنَ,رَعِشْتَ,رَعِشْتِ,رَعِشْتُمَا,رَعِشْتُمْ,رَعِشْتُنَّ,رَعِشْتُ,رَعِشْنَا
رعص,رَعَصَ,فَعَلَ يَفْعَلُ ( فتحتان ),مشترك , ,رَعَصَ,رَعَصَتْ,رَعَصَا,رَعَصَتَا,رَعَصُوا,رَعَصْنَ,رَعَصْتَ,رَعَصْتِ,رَعَصْتُمَا,رَعَصْتُمْ,رَعَصْتُنَّ,رَعَصْتُ,رَعَصْنَا
رعض,رَعَضَ,فَعَلَ يَفْعَلُ ( فتحتان ),مشترك , ,رَعَضَ,رَعَضَتْ,رَعَضَا,رَعَضَتَا,رَعَضُوا,رَعَضْنَ,رَعَضْتَ,رَعَضْتِ,رَعَضْتُمَا,رَعَضْتُمْ,رَعَضْتُنَّ,رَعَضْتُ,رَعَضْنَا
رعظ,رَعَظَ,فَعَلَ يَفْعَلُ ( فتحتان ),متعدي, ,رَعَظَ,رَعَظَتْ,رَعَظَا,رَعَظَتَا,رَعَظُوا,رَعَظْنَ,رَعَظْتَ,رَعَظْتِ,رَعَظْتُمَا,رَعَظْتُمْ,رَعَظْتُنَّ,رَعَظْتُ,رَعَظْنَا
رعظ,رَعِظَ,فَعِلَ يَفْعَلُ ( كسر فتح ),لازم, ,رَعِظَ,رَعِظَتْ,رَعِظَا,رَعِظَتَا,رَعِظُوا,رَعِظْنَ,رَعِظْتَ,رَعِظْتِ,رَعِظْتُمَا,رَعِظْتُمْ,رَعِظْتُنَّ,رَعِظْتُ,رَعِظْنَا
رعف,رَعَفَ,فَعَلَ يَفْعُلُ ( فتحُ ضمٍّ ),مشترك , ,رَعَفَ,رَعَفَتْ,رَعَفَا,رَعَفَتَا,رَعَفُوا,رَعَفْنَ,رَعَفْتَ,رَعَفْتِ,رَعَفْتُمَا,رَعَفْتُمْ,رَعَفْتُنَّ,رَعَفْتُ,رَعَفْنَا
رعف,رَعَفَ,فَعَلَ يَفْعَلُ ( فتحتان ),مشترك , ,رَعَفَ,رَعَفَتْ,رَعَفَا,رَعَفَتَا,رَعَفُوا,رَعَفْنَ,رَعَفْتَ,رَعَفْتِ,رَعَفْتُمَا,رَعَفْتُمْ,رَعَفْتُنَّ,رَعَفْتُ,رَعَفْنَا
رعف,رَعِفَ,فَعِلَ يَفْعَلُ ( كسر فتح ),لازم, ,رَعِفَ,رَعِفَتْ,رَعِفَا,رَعِفَتَا,رَعِفُوا,رَعِفْنَ,رَعِفْتَ,رَعِفْتِ,رَعِفْتُمَا,رَعِفْتُمْ,رَعِفْتُنَّ,رَعِفْتُ,رَعِفْنَا
رعف,رَعُفَ,فَعُلَ يَفْعُلُ ( ضمَ ضمٍَ ),لازم, ,رَعُفَ,رَعُفَتْ,رَعُفَا,رَعُفَتَا,رَعُفُوا,رَعُفْنَ,رَعُفْتَ,رَعُفْتِ,رَعُفْتُمَا,رَعُفْتُمْ,رَعُفْتُنَّ,رَعُفْتُ,رَعُفْنَا
رعق,رَعَقَ,فَعَلَ يَفْعَلُ ( فتحتان ),لازم, ,رَعَقَ,رَعَقَتْ,رَعَقَا,رَعَقَتَا,رَعَقُوا,رَعَقْنَ,رَعَقْتَ,رَعَقْتِ,رَعَقْتُمَا,رَعَقْتُمْ,رَعَقْتُنَّ,رَعَقْتُ,رَعَقْنَا
رعل,رَعَلَ,فَعَلَ يَفْعَلُ ( فتحتان ),متعدي, ,رَعَلَ,رَعَلَتْ,رَعَلَا,رَعَلَتَا,رَعَلُوا,رَعَلْنَ,رَعَلْتَ,رَعَلْتِ,رَعَلْتُمَا,رَعَلْتُمْ,رَعَلْتُنَّ,رَعَلْتُ,رَعَلْنَا
رعل,رَعِلَ,فَعِلَ يَفْعَلُ ( كسر فتح ),لازم, ,رَعِلَ,رَعِلَتْ,رَعِلَا,رَعِلَتَا,رَعِلُوا,رَعِلْنَ,رَعِلْتَ,رَعِلْتِ,رَعِلْتُمَا,رَعِلْتُمْ,رَعِلْتُنَّ,رَعِلْتُ,رَعِلْنَا
رعم,رَعَمَ,فَعَلَ يَفْعَلُ ( فتحتان ),مشترك , ,رَعَمَ,رَعَمَتْ,رَعَمَا,رَعَمَتَا,رَعَمُوا,رَعَمْنَ,رَعَمْتَ,رَعَمْتِ,رَعَمْتُمَا,رَعَمْتُمْ,رَعَمْتُنَّ,رَعَمْتُ,رَعَمْنَا
رعم,رَعُمَ,فَعُلَ يَفْعُلُ ( ضمَ ضمٍَ ),لازم, ,رَعُمَ,رَعُمَتْ,رَعُمَا,رَعُمَتَا,رَعُمُوا,رَعُمْنَ,رَعُمْتَ,رَعُمْتِ,رَعُمْتُمَا,رَعُمْتُمْ,رَعُمْتُنَّ,رَعُمْتُ,رَعُمْنَا
رعن,رَعَنَ,فَعَلَ يَفْعُلُ ( فتحُ ضمٍّ ),مشترك , ,رَعَنَ,رَعَنَتْ,رَعَنَا,رَعَنَتَا,رَعَنُوا,رَعَنْنَ,رَعَنْتَ,رَعَنْتِ,رَعَنْتُمَا,رَعَنْتُمْ,رَعَنْتُنَّ,رَعَنْتُ,رَعَنْنَا
رعن,رَعِنَ,فَعِلَ يَفْعَلُ ( كسر فتح ),لازم, ,رَعِنَ,رَعِنَتْ,رَعِنَا,رَعِنَتَا,رَعِنُوا,رَعِنْنَ,رَعِنْتَ,رَعِنْتِ,رَعِنْتُمَا,رَعِنْتُمْ,رَعِنْتُنَّ,رَعِنْتُ,رَعِنْنَا
رعن,رَعُنَ,فَعُلَ يَفْعُلُ ( ضمَ ضمٍَ ),لازم, ,رَعُنَ,رَعُنَتْ,رَعُنَا,رَعُنَتَا,رَعُنُوا,رَعُنْنَ,رَعُنْتَ,رَعُنْتِ,رَعُنْتُمَا,رَعُنْتُمْ,رَعُنْتُنَّ,رَعُنْتُ,رَعُنْنَا
رغب,رَغِبَ,فَعِلَ يَفْعَلُ ( كسر فتح ),مشترك , ,رَغِبَ,رَغِبَتْ,رَغِبَا,رَغِبَتَا,رَغِبُوا,رَغِبْنَ,رَغِبْتَ,رَغِبْتِ,رَغِبْتُمَا,رَغِبْتُمْ,رَغِبْتُنَّ,رَغِبْتُ,رَغِبْنَا
رغب,رَغُبَ,فَعُلَ يَفْعُلُ ( ضمَ ضمٍَ ),لازم, ,رَغُبَ,رَغُبَتْ,رَغُبَا,رَغُبَتَا,رَغُبُوا,رَغُبْنَ,رَغُبْتَ,رَغُبْتِ,رَغُبْتُمَا,رَغُبْتُمْ,رَغُبْتُنَّ,رَغُبْتُ,رَغُبْنَا
رغث,رَغَثَ,فَعَلَ يَفْعَلُ ( فتحتان ),مشترك , ,رَغَثَ,رَغَثَتْ,رَغَثَا,رَغَثَتَا,رَغَثُوا,رَغَثْنَ,رَغَثْتَ,رَغَثْتِ,رَغَثْتُمَا,رَغَثْتُمْ,رَغَثْتُنَّ,رَغَثْتُ,رَغَثْنَا
رغد,رَغِدَ,فَعِلَ يَفْعَلُ ( كسر فتح ),لازم, ,رَغِدَ,رَغِدَتْ,رَغِدَا,رَغِدَتَا,رَغِدُوا,رَغِدْنَ,رَغِدْتَ,رَغِدْتِ,رَغِدْتُمَا,رَغِدْتُمْ,رَغِدْتُنَّ,رَغِدْتُ,رَغِدْنَا
رغد,رَغُدَ,فَعُلَ يَفْعُلُ ( ضمَ ضمٍَ ),لازم, ,رَغُدَ,رَغُدَتْ,رَغُدَا,رَغُدَتَا,رَغُدُوا,رَغُدْنَ,رَغُدْتَ,رَغُدْتِ,رَغُدْتُمَا,رَغُدْتُمْ,رَغُدْتُنَّ,رَغُدْتُ,رَغُدْنَا
رغس,رَغَسَ,فَعَلَ يَفْعَلُ ( فتحتان ),مشترك , ,رَغَسَ,رَغَسَتْ,رَغَسَا,رَغَسَتَا,رَغَسُوا,رَغَسْنَ,رَغَسْتَ,رَغَسْتِ,رَغَسْتُمَا,رَغَسْتُمْ,رَغَسْتُنَّ,رَغَسْتُ,رَغَسْنَا
رغش,رَغَشَ,فَعَلَ يَفْعَلُ ( فتحتان ),لازم, ,رَغَشَ,رَغَشَتْ,رَغَشَا,رَغَشَتَا,رَغَشُوا,رَغَشْنَ,رَغَشْتَ,رَغَشْتِ,رَغَشْتُمَا,رَغَشْتُمْ,رَغَشْتُنَّ,رَغَشْتُ,رَغَشْنَا
رغف,رَغَفَ,فَعَلَ يَفْعَلُ ( فتحتان ),متعدي, ,رَغَفَ,رَغَفَتْ,رَغَفَا,رَغَفَتَا,رَغَفُوا,رَغَفْنَ,رَغَفْتَ,رَغَفْتِ,رَغَفْتُمَا,رَغَفْتُمْ,رَغَفْتُنَّ,رَغَفْتُ,رَغَفْنَا
رغل,رَغَلَ,فَعَلَ يَفْعَلُ ( فتحتان ),متعدي, ,رَغَلَ,رَغَلَتْ,رَغَلَا,رَغَلَتَا,رَغَلُوا,رَغَلْنَ,رَغَلْتَ,رَغَلْتِ,رَغَلْتُمَا,رَغَلْتُمْ,رَغَلْتُنَّ,رَغَلْتُ,رَغَلْنَا
رغل,رَغِلَ,فَعِلَ يَفْعَلُ ( كسر فتح ),لازم, ,رَغِلَ,رَغِلَتْ,رَغِلَا,رَغِلَتَا,رَغِلُوا,رَغِلْنَ,رَغِلْتَ,رَغِلْتِ,رَغِلْتُمَا,رَغِلْتُمْ,رَغِلْتُنَّ,رَغِلْتُ,رَغِلْنَا
رغم,رَغَمَ,فَعَلَ يَفْعُلُ ( فتحُ ضمٍّ ),لازم, ,رَغَمَ,رَغَمَتْ,رَغَمَا,رَغَمَتَا,رَغَمُوا,رَغَمْنَ,رَغَمْتَ,رَغَمْتِ,رَغَمْتُمَا,رَغَمْتُمْ,رَغَمْتُنَّ,رَغَمْتُ,رَغَمْنَا
رغم,رَغَمَ,فَعَلَ يَفْعَلُ ( فتحتان ),مشترك , ,رَغَمَ,رَغَمَتْ,رَغَمَا,رَغَمَتَا,رَغَمُوا,رَغَمْنَ,رَغَمْتَ,رَغَمْتِ,رَغَمْتُمَا,رَغَمْتُمْ,رَغَمْتُنَّ,رَغَمْتُ,رَغَمْنَا
رغم,رَغِمَ,فَعِلَ يَفْعَلُ ( كسر فتح ),مشترك , ,رَغِمَ,رَغِمَتْ,رَغِمَا,رَغِمَتَا,رَغِمُوا,رَغِمْنَ,رَغِمْتَ,رَغِمْتِ,رَغِمْتُمَا,رَغِمْتُمْ,رَغِمْتُنَّ,رَغِمْتُ,رَغِمْنَا
رغم,رَغُمَ,فَعُلَ يَفْعُلُ ( ضمَ ضمٍَ ),لازم, ,رَغُمَ,رَغُمَتْ,رَغُمَا,رَغُمَتَا,رَغُمُوا,رَغُمْنَ,رَغُمْتَ,رَغُمْتِ,رَغُمْتُمَا,رَغُمْتُمْ,رَغُمْتُنَّ,رَغُمْتُ,رَغُمْنَا
رغن,رَغَنَ,فَعَلَ يَفْعَلُ ( فتحتان ),لازم, ,رَغَنَ,رَغَنَتْ,رَغَنَا,رَغَنَتَا,رَغَنُوا,رَغَنْنَ,رَغَنْتَ,رَغَنْتِ,رَغَنْتُمَا,رَغَنْتُمْ,رَغَنْتُنَّ,رَغَنْتُ,رَغَنْنَا
رفت,رَفَتَ,فَعَلَ يَفْعُلُ ( فتحُ ضمٍّ ),مشترك , ,رَفَتَ,رَفَتَتْ,رَفَتَا,رَفَتَتَا,رَفَتُوا,رَفَتْنَ,رَفَتْتَ,رَفَتْتِ,رَفَتْتُمَا,رَفَتْتُمْ,رَفَتْتُنَّ,رَفَتْتُ,رَفَتْنَا
رفت,رَفَتَ,فَعَلَ يَفْعِلُ ( فتحُ كَسْرٍ ),مشترك , ,رَفَتَ,رَفَتَتْ,رَفَتَا,رَفَتَتَا,رَفَتُوا,رَفَتْنَ,رَفَتْتَ,رَفَتْتِ,رَفَتْتُمَا,رَفَتْتُمْ,رَفَتْتُنَّ,رَفَتْتُ,رَفَتْنَا
رفث,رَفَثَ,فَعَلَ يَفْعُلُ ( فتحُ ضمٍّ ),لازم, ,رَفَثَ,رَفَثَتْ,رَفَثَا,رَفَثَتَا,رَفَثُوا,رَفَثْنَ,رَفَثْتَ,رَفَثْتِ,رَفَثْتُمَا,رَفَثْتُمْ,رَفَثْتُنَّ,رَفَثْتُ,رَفَثْنَا
رفث,رَفِثَ,فَعِلَ يَفْعَلُ ( كسر فتح ),لازم, ,رَفِثَ,رَفِثَتْ,رَفِثَا,رَفِثَتَا,رَفِثُوا,رَفِثْنَ,رَفِثْتَ,رَفِثْتِ,رَفِثْتُمَا,رَفِثْتُمْ,رَفِثْتُنَّ,رَفِثْتُ,رَفِثْنَا
رفث,رَفُثَ,فَعُلَ يَفْعُلُ ( ضمَ ضمٍَ ),لازم, ,رَفُثَ,رَفُثَتْ,رَفُثَا,رَفُثَتَا,رَفُثُوا,رَفُثْنَ,رَفُثْتَ,رَفُثْتِ,رَفُثْتُمَا,رَفُثْتُمْ,رَفُثْتُنَّ,رَفُثْتُ,رَفُثْنَا
رفد,رَفَدَ,فَعَلَ يَفْعِلُ ( فتحُ كَسْرٍ ),مشترك , ,رَفَدَ,رَفَدَتْ,رَفَدَا,رَفَدَتَا,رَفَدُوا,رَفَدْنَ,رَفَدْتَ,رَفَدْتِ,رَفَدْتُمَا,رَفَدْتُمْ,رَفَدْتُنَّ,رَفَدْتُ,رَفَدْنَا
رفز,رَفَزَ,فَعَلَ يَفْعِلُ ( فتحُ كَسْرٍ ),مشترك , ,رَفَزَ,رَفَزَتْ,رَفَزَا,رَفَزَتَا,رَفَزُوا,رَفَزْنَ,رَفَزْتَ,رَفَزْتِ,رَفَزْتُمَا,رَفَزْتُمْ,رَفَزْتُنَّ,رَفَزْتُ,رَفَزْنَا
رفس,رَفَسَ,فَعَلَ يَفْعُلُ ( فتحُ ضمٍّ ),مشترك , ,رَفَسَ,رَفَسَتْ,رَفَسَا,رَفَسَتَا,رَفَسُوا,رَفَسْنَ,رَفَسْتَ,رَفَسْتِ,رَفَسْتُمَا,رَفَسْتُمْ,رَفَسْتُنَّ,رَفَسْتُ,رَفَسْنَا
رفس,رَفَسَ,فَعَلَ يَفْعِلُ ( فتحُ كَسْرٍ ),مشترك , ,رَفَسَ,رَفَسَتْ,رَفَسَا,رَفَسَتَا,رَفَسُوا,رَفَسْنَ,رَفَسْتَ,رَفَسْتِ,رَفَسْتُمَا,رَفَسْتُمْ,رَفَسْتُنَّ,رَفَسْتُ,رَفَسْنَا
رفش,رَفَشَ,فَعَلَ يَفْعُلُ ( فتحُ ضمٍّ ),مشترك , ,رَفَشَ,رَفَشَتْ,رَفَشَا,رَفَشَتَا,رَفَشُوا,رَفَشْنَ,رَفَشْتَ,رَفَشْتِ,رَفَشْتُمَا,رَفَشْتُمْ,رَفَشْتُنَّ,رَفَشْتُ,رَفَشْنَا
رفش,رَفِشَ,فَعِلَ يَفْعَلُ ( كسر فتح ),لازم, ,رَفِشَ,رَفِشَتْ,رَفِشَا,رَفِشَتَا,رَفِشُوا,رَفِشْنَ,رَفِشْتَ,رَفِشْتِ,رَفِشْتُمَا,رَفِشْتُمْ,رَفِشْتُنَّ,رَفِشْتُ,رَفِشْنَا
رفض,رَفَضَ,فَعَلَ يَفْعُلُ ( فتحُ ضمٍّ ),مشترك , ,رَفَضَ,رَفَضَتْ,رَفَضَا,رَفَضَتَا,رَفَضُوا,رَفَضْنَ,رَفَضْتَ,رَفَضْتِ,رَفَضْتُمَا,رَفَضْتُمْ,رَفَضْتُنَّ,رَفَضْتُ,رَفَضْنَا
رفض,رَفَضَ,فَعَلَ يَفْعِلُ ( فتحُ كَسْرٍ ),مشترك , ,رَفَضَ,رَفَضَتْ,رَفَضَا,رَفَضَتَا,رَفَضُوا,رَفَضْنَ,رَفَضْتَ,رَفَضْتِ,رَفَضْتُمَا,رَفَضْتُمْ,رَفَضْتُنَّ,رَفَضْتُ,رَفَضْنَا
رفع,رَفَعَ,فَعَلَ يَفْعَلُ ( فتحتان ),مشترك , ,رَفَعَ,رَفَعَتْ,رَفَعَا,رَفَعَتَا,رَفَعُوا,رَفَعْنَ,رَفَعْتَ,رَفَعْتِ,رَفَعْتُمَا,رَفَعْتُمْ,رَفَعْتُنَّ,رَفَعْتُ,رَفَعْنَا
رفع,رَفُعَ,فَعُلَ يَفْعُلُ ( ضمَ ضمٍَ ),لازم, ,رَفُعَ,رَفُعَتْ,رَفُعَا,رَفُعَتَا,رَفُعُوا,رَفُعْنَ,رَفُعْتَ,رَفُعْتِ,رَفُعْتُمَا,رَفُعْتُمْ,رَفُعْتُنَّ,رَفُعْتُ,رَفُعْنَا
رفغ,رَفِغَ,فَعِلَ يَفْعَلُ ( كسر فتح ),لازم, ,رَفِغَ,رَفِغَتْ,رَفِغَا,رَفِغَتَا,رَفِغُوا,رَفِغْنَ,رَفِغْتَ,رَفِغْتِ,رَفِغْتُمَا,رَفِغْتُمْ,رَفِغْتُنَّ,رَفِغْتُ,رَفِغْنَا
رفغ,رَفُغَ,فَعُلَ يَفْعُلُ ( ضمَ ضمٍَ ),لازم, ,رَفُغَ,رَفُغَتْ,رَفُغَا,رَفُغَتَا,رَفُغُوا,رَفُغْنَ,رَفُغْتَ,رَفُغْتِ,رَفُغْتُمَا,رَفُغْتُمْ,رَفُغْتُنَّ,رَفُغْتُ,رَفُغْنَا
رفق,رَفَقَ,فَعَلَ يَفْعُلُ ( فتحُ ضمٍّ ),مشترك , ,رَفَقَ,رَفَقَتْ,رَفَقَا,رَفَقَتَا,رَفَقُوا,رَفَقْنَ,رَفَقْتَ,رَفَقْتِ,رَفَقْتُمَا,رَفَقْتُمْ,رَفَقْتُنَّ,رَفَقْتُ,رَفَقْنَا
رفق,رَفِقَ,فَعِلَ يَفْعَلُ ( كسر فتح ),لازم, ,رَفِقَ,رَفِقَتْ,رَفِقَا,رَفِقَتَا,رَفِقُوا,رَفِقْنَ,رَفِقْتَ,رَفِقْتِ,رَفِقْتُمَا,رَفِقْتُمْ,رَفِقْتُنَّ,رَفِقْتُ,رَفِقْنَا
رفق,رَفُقَ,فَعُلَ يَفْعُلُ ( ضمَ ضمٍَ ),لازم, ,رَفُقَ,رَفُقَتْ,رَفُقَا,رَفُقَتَا,رَفُقُوا,رَفُقْنَ,رَفُقْتَ,رَفُقْتِ,رَفُقْتُمَا,رَفُقْتُمْ,رَفُقْتُنَّ,رَفُقْتُ,رَفُقْنَا
رفل,رَفَلَ,فَعَلَ يَفْعُلُ ( فتحُ ضمٍّ ),مشترك , ,رَفَلَ,رَفَلَتْ,رَفَلَا,رَفَلَتَا,رَفَلُوا,رَفَلْنَ,رَفَلْتَ,رَفَلْتِ,رَفَلْتُمَا,رَفَلْتُمْ,رَفَلْتُنَّ,رَفَلْتُ,رَفَلْنَا
رفل,رَفِلَ,فَعِلَ يَفْعَلُ ( كسر فتح ),لازم, ,رَفِلَ,رَفِلَتْ,رَفِلَا,رَفِلَتَا,رَفِلُوا,رَفِلْنَ,رَفِلْتَ,رَفِلْتِ,رَفِلْتُمَا,رَفِلْتُمْ,رَفِلْتُنَّ,رَفِلْتُ,رَفِلْنَا
رفه,رَفَهَ,فَعَلَ يَفْعَلُ ( فتحتان ),مشترك , ,رَفَهَ,رَفَهَتْ,رَفَهَا,رَفَهَتَا,رَفَهُوا,رَفَهْنَ,رَفَهْتَ,رَفَهْتِ,رَفَهْتُمَا,رَفَهْتُمْ,رَفَهْتُنَّ,رَفَهْتُ,رَفَهْنَا
رفه,رَفُهَ,فَعُلَ يَفْعُلُ ( ضمَ ضمٍَ ),لازم, ,رَفُهَ,رَفُهَتْ,رَفُهَا,رَفُهَتَا,رَفُهُوا,رَفُهْنَ,رَفُهْتَ,رَفُهْتِ,رَفُهْتُمَا,رَفُهْتُمْ,رَفُهْتُنَّ,رَفُهْتُ,رَفُهْنَا
رقب,رَقَبَ,فَعَلَ يَفْعُلُ ( فتحُ ضمٍّ ),مشترك , ,رَقَبَ,رَقَبَتْ,رَقَبَا,رَقَبَتَا,رَقَبُوا,رَقَبْنَ,رَقَبْتَ,رَقَبْتِ,رَقَبْتُمَا,رَقَبْتُمْ,رَقَبْتُنَّ,رَقَبْتُ,رَقَبْنَا
رقب,رَقِبَ,فَعِلَ يَفْعَلُ ( كسر فتح ),لازم, ,رَقِبَ,رَقِبَتْ,رَقِبَا,رَقِبَتَا,رَقِبُوا,رَقِبْنَ,رَقِبْتَ,رَقِبْتِ,رَقِبْتُمَا,رَقِبْتُمْ,رَقِبْتُنَّ,رَقِبْتُ,رَقِبْنَا
رقح,رَقَحَ,فَعَلَ يَفْعَلُ ( فتحتان ),مشترك , ,رَقَحَ,رَقَحَتْ,رَقَحَا,رَقَحَتَا,رَقَحُوا,رَقَحْنَ,رَقَحْتَ,رَقَحْتِ,رَقَحْتُمَا,رَقَحْتُمْ,رَقَحْتُنَّ,رَقَحْتُ,رَقَحْنَا
رقد,رَقَدَ,فَعَلَ يَفْعُلُ ( فتحُ ضمٍّ ),لازم, ,رَقَدَ,رَقَدَتْ,رَقَدَا,رَقَدَتَا,رَقَدُوا,رَقَدْنَ,رَقَدْتَ,رَقَدْتِ,رَقَدْتُمَا,رَقَدْتُمْ,رَقَدْتُنَّ,رَقَدْتُ,رَقَدْنَا
رقز,رَقَزَ,فَعَلَ يَفْعِلُ ( فتحُ كَسْرٍ ),لازم, ,رَقَزَ,رَقَزَتْ,رَقَزَا,رَقَزَتَا,رَقَزُوا,رَقَزْنَ,رَقَزْتَ,رَقَزْتِ,رَقَزْتُمَا,رَقَزْتُمْ,رَقَزْتُنَّ,رَقَزْتُ,رَقَزْنَا
رقش,رَقَشَ,فَعَلَ يَفْعُلُ ( فتحُ ضمٍّ ),متعدي, ,رَقَشَ,رَقَشَتْ,رَقَشَا,رَقَشَتَا,رَقَشُوا,رَقَشْنَ,رَقَشْتَ,رَقَشْتِ,رَقَشْتُمَا,رَقَشْتُمْ,رَقَشْتُنَّ,رَقَشْتُ,رَقَشْنَا
رقش,رَقِشَ,فَعِلَ يَفْعَلُ ( كسر فتح ),لازم, ,رَقِشَ,رَقِشَتْ,رَقِشَا,رَقِشَتَا,رَقِشُوا,رَقِشْنَ,رَقِشْتَ,رَقِشْتِ,رَقِشْتُمَا,رَقِشْتُمْ,رَقِشْتُنَّ,رَقِشْتُ,رَقِشْنَا
رقص,رَقَصَ,فَعَلَ يَفْعُلُ ( فتحُ ضمٍّ ),لازم, ,رَقَصَ,رَقَصَتْ,رَقَصَا,رَقَصَتَا,رَقَصُوا,رَقَصْنَ,رَقَصْتَ,رَقَصْتِ,رَقَصْتُمَا,رَقَصْتُمْ,رَقَصْتُنَّ,رَقَصْتُ,رَقَصْنَا
رقط,رَقَطَ,فَعَلَ يَفْعُلُ ( فتحُ ضمٍّ ),متعدي, ,رَقَطَ,رَقَطَتْ,رَقَطَا,رَقَطَتَا,رَقَطُوا,رَقَطْنَ,رَقَطْتَ,رَقَطْتِ,رَقَطْتُمَا,رَقَطْتُمْ,رَقَطْتُنَّ,رَقَطْتُ,رَقَطْنَا
رقط,رَقِطَ,فَعِلَ يَفْعَلُ ( كسر فتح ),لازم, ,رَقِطَ,رَقِطَتْ,رَقِطَا,رَقِطَتَا,رَقِطُوا,رَقِطْنَ,رَقِطْتَ,رَقِطْتِ,رَقِطْتُمَا,رَقِطْتُمْ,رَقِطْتُنَّ,رَقِطْتُ,رَقِطْنَا
رقع,رَقَعَ,فَعَلَ يَفْعَلُ ( فتحتان ),مشترك , ,رَقَعَ,رَقَعَتْ,رَقَعَا,رَقَعَتَا,رَقَعُوا,رَقَعْنَ,رَقَعْتَ,رَقَعْتِ,رَقَعْتُمَا,رَقَعْتُمْ,رَقَعْتُنَّ,رَقَعْتُ,رَقَعْنَا
رقع,رَقُعَ,فَعُلَ يَفْعُلُ ( ضمَ ضمٍَ ),لازم, ,رَقُعَ,رَقُعَتْ,رَقُعَا,رَقُعَتَا,رَقُعُوا,رَقُعْنَ,رَقُعْتَ,رَقُعْتِ,رَقُعْتُمَا,رَقُعْتُمْ,رَقُعْتُنَّ,رَقُعْتُ,رَقُعْنَا
رقم,رَقَمَ,فَعَلَ يَفْعُلُ ( فتحُ ضمٍّ ),مشترك , ,رَقَمَ,رَقَمَتْ,رَقَمَا,رَقَمَتَا,رَقَمُوا,رَقَمْنَ,رَقَمْتَ,رَقَمْتِ,رَقَمْتُمَا,رَقَمْتُمْ,رَقَمْتُنَّ,رَقَمْتُ,رَقَمْنَا
رقم,رَقِمَ,فَعِلَ يَفْعَلُ ( كسر فتح ),لازم, ,رَقِمَ,رَقِمَتْ,رَقِمَا,رَقِمَتَا,رَقِمُوا,رَقِمْنَ,رَقِمْتَ,رَقِمْتِ,رَقِمْتُمَا,رَقِمْتُمْ,رَقِمْتُنَّ,رَقِمْتُ,رَقِمْنَا
رقن,رَقَنَ,فَعَلَ يَفْعُلُ ( فتحُ ضمٍّ ),مشترك , ,رَقَنَ,رَقَنَتْ,رَقَنَا,رَقَنَتَا,رَقَنُوا,رَقَنْنَ,رَقَنْتَ,رَقَنْتِ,رَقَنْتُمَا,رَقَنْتُمْ,رَقَنْتُنَّ,رَقَنْتُ,رَقَنْنَا
ركب,رَكَبَ,فَعَلَ يَفْعُلُ ( فتحُ ضمٍّ ),متعدي, ,رَكَبَ,رَكَبَتْ,رَكَبَا,رَكَبَتَا,رَكَبُوا,رَكَبْنَ,رَكَبْتَ,رَكَبْتِ,رَكَبْتُمَا,رَكَبْتُمْ,رَكَبْتُنَّ,رَكَبْتُ,رَكَبْنَا
ركب,رَكِبَ,فَعِلَ يَفْعَلُ ( كسر فتح ),مشترك , ,رَكِبَ,رَكِبَتْ,رَكِبَا,رَكِبَتَا,رَكِبُوا,رَكِبْنَ,رَكِبْتَ,رَكِبْتِ,رَكِبْتُمَا,رَكِبْتُمْ,رَكِبْتُنَّ,رَكِبْتُ,رَكِبْنَا
ركح,رَكَحَ,فَعَلَ يَفْعَلُ ( فتحتان ),لازم, ,رَكَحَ,رَكَحَتْ,رَكَحَا,رَكَحَتَا,رَكَحُوا,رَكَحْنَ,رَكَحْتَ,رَكَحْتِ,رَكَحْتُمَا,رَكَحْتُمْ,رَكَحْتُنَّ,رَكَحْتُ,رَكَحْنَا
ركد,رَكَدَ,فَعَلَ يَفْعُلُ ( فتحُ ضمٍّ ),لازم, ,رَكَدَ,رَكَدَتْ,رَكَدَا,رَكَدَتَا,رَكَدُوا,رَكَدْنَ,رَكَدْتَ,رَكَدْتِ,رَكَدْتُمَا,رَكَدْتُمْ,رَكَدْتُنَّ,رَكَدْتُ,رَكَدْنَا
ركز,رَكَزَ,فَعَلَ يَفْعُلُ ( فتحُ ضمٍّ ),مشترك , ,رَكَزَ,رَكَزَتْ,رَكَزَا,رَكَزَتَا,رَكَزُوا,رَكَزْنَ,رَكَزْتَ,رَكَزْتِ,رَكَزْتُمَا,رَكَزْتُمْ,رَكَزْتُنَّ,رَكَزْتُ,رَكَزْنَا
ركز,رَكَزَ,فَعَلَ يَفْعِلُ ( فتحُ كَسْرٍ ),مشترك , ,رَكَزَ,رَكَزَتْ,رَكَزَا,رَكَزَتَا,رَكَزُوا,رَكَزْنَ,رَكَزْتَ,رَكَزْتِ,رَكَزْتُمَا,رَكَزْتُمْ,رَكَزْتُنَّ,رَكَزْتُ,رَكَزْنَا
ركس,رَكَسَ,فَعَلَ يَفْعُلُ ( فتحُ ضمٍّ ),متعدي, ,رَكَسَ,رَكَسَتْ,رَكَسَا,رَكَسَتَا,رَكَسُوا,رَكَسْنَ,رَكَسْتَ,رَكَسْتِ,رَكَسْتُمَا,رَكَسْتُمْ,رَكَسْتُنَّ,رَكَسْتُ,رَكَسْنَا
ركض,رَكَضَ,فَعَلَ يَفْعُلُ ( فتحُ ضمٍّ ),مشترك , ,رَكَضَ,رَكَضَتْ,رَكَضَا,رَكَضَتَا,رَكَضُوا,رَكَضْنَ,رَكَضْتَ,رَكَضْتِ,رَكَضْتُمَا,رَكَضْتُمْ,رَكَضْتُنَّ,رَكَضْتُ,رَكَضْنَا
ركع,رَكَعَ,فَعَلَ يَفْعَلُ ( فتحتان ),لازم, ,رَكَعَ,رَكَعَتْ,رَكَعَا,رَكَعَتَا,رَكَعُوا,رَكَعْنَ,رَكَعْتَ,رَكَعْتِ,رَكَعْتُمَا,رَكَعْتُمْ,رَكَعْتُنَّ,رَكَعْتُ,رَكَعْنَا
ركل,رَكَلَ,فَعَلَ يَفْعُلُ ( فتحُ ضمٍّ ),مشترك , ,رَكَلَ,رَكَلَتْ,رَكَلَا,رَكَلَتَا,رَكَلُوا,رَكَلْنَ,رَكَلْتَ,رَكَلْتِ,رَكَلْتُمَا,رَكَلْتُمْ,رَكَلْتُنَّ,رَكَلْتُ,رَكَلْنَا
ركم,رَكَمَ,فَعَلَ يَفْعُلُ ( فتحُ ضمٍّ ),متعدي, ,رَكَمَ,رَكَمَتْ,رَكَمَا,رَكَمَتَا,رَكَمُوا,رَكَمْنَ,رَكَمْتَ,رَكَمْتِ,رَكَمْتُمَا,رَكَمْتُمْ,رَكَمْتُنَّ,رَكَمْتُ,رَكَمْنَا
ركن,رَكَنَ,فَعَلَ يَفْعُلُ ( فتحُ ضمٍّ ),لازم, ,رَكَنَ,رَكَنَتْ,رَكَنَا,رَكَنَتَا,رَكَنُوا,رَكَنْنَ,رَكَنْتَ,رَكَنْتِ,رَكَنْتُمَا,رَكَنْتُمْ,رَكَنْتُنَّ,رَكَنْتُ,رَكَنْنَا
ركن,رَكَنَ,فَعَلَ يَفْعَلُ ( فتحتان ),لازم, ,رَكَنَ,رَكَنَتْ,رَكَنَا,رَكَنَتَا,رَكَنُوا,رَكَنْنَ,رَكَنْتَ,رَكَنْتِ,رَكَنْتُمَا,رَكَنْتُمْ,رَكَنْتُنَّ,رَكَنْتُ,رَكَنْنَا
ركن,رَكِنَ,فَعِلَ يَفْعَلُ ( كسر فتح ),لازم, ,رَكِنَ,رَكِنَتْ,رَكِنَا,رَكِنَتَا,رَكِنُوا,رَكِنْنَ,رَكِنْتَ,رَكِنْتِ,رَكِنْتُمَا,رَكِنْتُمْ,رَكِنْتُنَّ,رَكِنْتُ,رَكِنْنَا
ركن,رَكُنَ,فَعُلَ يَفْعُلُ ( ضمَ ضمٍَ ),لازم, ,رَكُنَ,رَكُنَتْ,رَكُنَا,رَكُنَتَا,رَكُنُوا,رَكُنْنَ,رَكُنْتَ,رَكُنْتِ,رَكُنْتُمَا,رَكُنْتُمْ,رَكُنْتُنَّ,رَكُنْتُ,رَكُنْنَا
رمث,رَمَثَ,فَعَلَ يَفْعِلُ ( فتحُ كَسْرٍ ),مشترك , ,رَمَثَ,رَمَثَتْ,رَمَثَا,رَمَثَتَا,رَمَثُوا,رَمَثْنَ,رَمَثْتَ,رَمَثْتِ,رَمَثْتُمَا,رَمَثْتُمْ,رَمَثْتُنَّ,رَمَثْتُ,رَمَثْنَا
رمث,رَمِثَ,فَعِلَ يَفْعَلُ ( كسر فتح ),لازم, ,رَمِثَ,رَمِثَتْ,رَمِثَا,رَمِثَتَا,رَمِثُوا,رَمِثْنَ,رَمِثْتَ,رَمِثْتِ,رَمِثْتُمَا,رَمِثْتُمْ,رَمِثْتُنَّ,رَمِثْتُ,رَمِثْنَا
رمج,رَمَجَ,فَعَلَ يَفْعُلُ ( فتحُ ضمٍّ ),لازم, ,رَمَجَ,رَمَجَتْ,رَمَجَا,رَمَجَتَا,رَمَجُوا,رَمَجْنَ,رَمَجْتَ,رَمَجْتِ,رَمَجْتُمَا,رَمَجْتُمْ,رَمَجْتُنَّ,رَمَجْتُ,رَمَجْنَا
رمح,رَمَحَ,فَعَلَ يَفْعَلُ ( فتحتان ),مشترك , ,رَمَحَ,رَمَحَتْ,رَمَحَا,رَمَحَتَا,رَمَحُوا,رَمَحْنَ,رَمَحْتَ,رَمَحْتِ,رَمَحْتُمَا,رَمَحْتُمْ,رَمَحْتُنَّ,رَمَحْتُ,رَمَحْنَا
رمد,رَمَدَ,فَعَلَ يَفْعُلُ ( فتحُ ضمٍّ ),مشترك , ,رَمَدَ,رَمَدَتْ,رَمَدَا,رَمَدَتَا,رَمَدُوا,رَمَدْنَ,رَمَدْتَ,رَمَدْتِ,رَمَدْتُمَا,رَمَدْتُمْ,رَمَدْتُنَّ,رَمَدْتُ,رَمَدْنَا
رمد,رَمَدَ,فَعَلَ يَفْعِلُ ( فتحُ كَسْرٍ ),مشترك , ,رَمَدَ,رَمَدَتْ,رَمَدَا,رَمَدَتَا,رَمَدُوا,رَمَدْنَ,رَمَدْتَ,رَمَدْتِ,رَمَدْتُمَا,رَمَدْتُمْ,رَمَدْتُنَّ,رَمَدْتُ,رَمَدْنَا
رمد,رَمِدَ,فَعِلَ يَفْعَلُ ( كسر فتح ),لازم, ,رَمِدَ,رَمِدَتْ,رَمِدَا,رَمِدَتَا,رَمِدُوا,رَمِدْنَ,رَمِدْتَ,رَمِدْتِ,رَمِدْتُمَا,رَمِدْتُمْ,رَمِدْتُنَّ,رَمِدْتُ,رَمِدْنَا
رمز,رَمَزَ,فَعَلَ يَفْعُلُ ( فتحُ ضمٍّ ),مشترك , ,رَمَزَ,رَمَزَتْ,رَمَزَا,رَمَزَتَا,رَمَزُوا,رَمَزْنَ,رَمَزْتَ,رَمَزْتِ,رَمَزْتُمَا,رَمَزْتُمْ,رَمَزْتُنَّ,رَمَزْتُ,رَمَزْنَا
رمز,رَمَزَ,فَعَلَ يَفْعِلُ ( فتحُ كَسْرٍ ),مشترك , ,رَمَزَ,رَمَزَتْ,رَمَزَا,رَمَزَتَا,رَمَزُوا,رَمَزْنَ,رَمَزْتَ,رَمَزْتِ,رَمَزْتُمَا,رَمَزْتُمْ,رَمَزْتُنَّ,رَمَزْتُ,رَمَزْنَا
رمز,رَمُزَ,فَعُلَ يَفْعُلُ ( ضمَ ضمٍَ ),لازم, ,رَمُزَ,رَمُزَتْ,رَمُزَا,رَمُزَتَا,رَمُزُوا,رَمُزْنَ,رَمُزْتَ,رَمُزْتِ,رَمُزْتُمَا,رَمُزْتُمْ,رَمُزْتُنَّ,رَمُزْتُ,رَمُزْنَا
رمس,رَمَسَ,فَعَلَ يَفْعُلُ ( فتحُ ضمٍّ ),مشترك , ,رَمَسَ,رَمَسَتْ,رَمَسَا,رَمَسَتَا,رَمَسُوا,رَمَسْنَ,رَمَسْتَ,رَمَسْتِ,رَمَسْتُمَا,رَمَسْتُمْ,رَمَسْتُنَّ,رَمَسْتُ,رَمَسْنَا
رمس,رَمَسَ,فَعَلَ يَفْعِلُ ( فتحُ كَسْرٍ ),مشترك , ,رَمَسَ,رَمَسَتْ,رَمَسَا,رَمَسَتَا,رَمَسُوا,رَمَسْنَ,رَمَسْتَ,رَمَسْتِ,رَمَسْتُمَا,رَمَسْتُمْ,رَمَسْتُنَّ,رَمَسْتُ,رَمَسْنَا
رمش,رَمَشَ,فَعَلَ يَفْعُلُ ( فتحُ ضمٍّ ),مشترك , ,رَمَشَ,رَمَشَتْ,رَمَشَا,رَمَشَتَا,رَمَشُوا,رَمَشْنَ,رَمَشْتَ,رَمَشْتِ,رَمَشْتُمَا,رَمَشْتُمْ,رَمَشْتُنَّ,رَمَشْتُ,رَمَشْنَا
رمش,رَمَشَ,فَعَلَ يَفْعِلُ ( فتحُ كَسْرٍ ),مشترك , ,رَمَشَ,رَمَشَتْ,رَمَشَا,رَمَشَتَا,رَمَشُوا,رَمَشْنَ,رَمَشْتَ,رَمَشْتِ,رَمَشْتُمَا,رَمَشْتُمْ,رَمَشْتُنَّ,رَمَشْتُ,رَمَشْنَا
رمش,رَمِشَ,فَعِلَ يَفْعَلُ ( كسر فتح ),لازم, ,رَمِشَ,رَمِشَتْ,رَمِشَا,رَمِشَتَا,رَمِشُوا,رَمِشْنَ,رَمِشْتَ,رَمِشْتِ,رَمِشْتُمَا,رَمِشْتُمْ,رَمِشْتُنَّ,رَمِشْتُ,رَمِشْنَا
رمص,رَمَصَ,فَعَلَ يَفْعُلُ ( فتحُ ضمٍّ ),مشترك , ,رَمَصَ,رَمَصَتْ,رَمَصَا,رَمَصَتَا,رَمَصُوا,رَمَصْنَ,رَمَصْتَ,رَمَصْتِ,رَمَصْتُمَا,رَمَصْتُمْ,رَمَصْتُنَّ,رَمَصْتُ,رَمَصْنَا
رمص,رَمِصَ,فَعِلَ يَفْعَلُ ( كسر فتح ),لازم, ,رَمِصَ,رَمِصَتْ,رَمِصَا,رَمِصَتَا,رَمِصُوا,رَمِصْنَ,رَمِصْتَ,رَمِصْتِ,رَمِصْتُمَا,رَمِصْتُمْ,رَمِصْتُنَّ,رَمِصْتُ,رَمِصْنَا
رمض,رَمَضَ,فَعَلَ يَفْعُلُ ( فتحُ ضمٍّ ),متعدي, ,رَمَضَ,رَمَضَتْ,رَمَضَا,رَمَضَتَا,رَمَضُوا,رَمَضْنَ,رَمَضْتَ,رَمَضْتِ,رَمَضْتُمَا,رَمَضْتُمْ,رَمَضْتُنَّ,رَمَضْتُ,رَمَضْنَا
رمض,رَمَضَ,فَعَلَ يَفْعِلُ ( فتحُ كَسْرٍ ),مشترك , ,رَمَضَ,رَمَضَتْ,رَمَضَا,رَمَضَتَا,رَمَضُوا,رَمَضْنَ,رَمَضْتَ,رَمَضْتِ,رَمَضْتُمَا,رَمَضْتُمْ,رَمَضْتُنَّ,رَمَضْتُ,رَمَضْنَا
رمض,رَمِضَ,فَعِلَ يَفْعَلُ ( كسر فتح ),لازم, ,رَمِضَ,رَمِضَتْ,رَمِضَا,رَمِضَتَا,رَمِضُوا,رَمِضْنَ,رَمِضْتَ,رَمِضْتِ,رَمِضْتُمَا,رَمِضْتُمْ,رَمِضْتُنَّ,رَمِضْتُ,رَمِضْنَا
رمط,رَمَطَ,فَعَلَ يَفْعِلُ ( فتحُ كَسْرٍ ),متعدي, ,رَمَطَ,رَمَطَتْ,رَمَطَا,رَمَطَتَا,رَمَطُوا,رَمَطْنَ,رَمَطْتَ,رَمَطْتِ,رَمَطْتُمَا,رَمَطْتُمْ,رَمَطْتُنَّ,رَمَطْتُ,رَمَطْنَا
رمع,رَمَعَ,فَعَلَ يَفْعَلُ ( فتحتان ),مشترك , ,رَمَعَ,رَمَعَتْ,رَمَعَا,رَمَعَتَا,رَمَعُوا,رَمَعْنَ,رَمَعْتَ,رَمَعْتِ,رَمَعْتُمَا,رَمَعْتُمْ,رَمَعْتُنَّ,رَمَعْتُ,رَمَعْنَا
رمع,رَمِعَ,فَعِلَ يَفْعَلُ ( كسر فتح ),لازم, ,رَمِعَ,رَمِعَتْ,رَمِعَا,رَمِعَتَا,رَمِعُوا,رَمِعْنَ,رَمِعْتَ,رَمِعْتِ,رَمِعْتُمَا,رَمِعْتُمْ,رَمِعْتُنَّ,رَمِعْتُ,رَمِعْنَا
رمغ,رَمَغَ,فَعَلَ يَفْعَلُ ( فتحتان ),متعدي, ,رَمَغَ,رَمَغَتْ,رَمَغَا,رَمَغَتَا,رَمَغُوا,رَمَغْنَ,رَمَغْتَ,رَمَغْتِ,رَمَغْتُمَا,رَمَغْتُمْ,رَمَغْتُنَّ,رَمَغْتُ,رَمَغْنَا
رمق,رَمَقَ,فَعَلَ يَفْعُلُ ( فتحُ ضمٍّ ),مشترك , ,رَمَقَ,رَمَقَتْ,رَمَقَا,رَمَقَتَا,رَمَقُوا,رَمَقْنَ,رَمَقْتَ,رَمَقْتِ,رَمَقْتُمَا,رَمَقْتُمْ,رَمَقْتُنَّ,رَمَقْتُ,رَمَقْنَا
رمك,رَمَكَ,فَعَلَ يَفْعُلُ ( فتحُ ضمٍّ ),لازم, ,رَمَكَ,رَمَكَتْ,رَمَكَا,رَمَكَتَا,رَمَكُوا,رَمَكْنَ,رَمَكْتَ,رَمَكْتِ,رَمَكْتُمَا,رَمَكْتُمْ,رَمَكْتُنَّ,رَمَكْتُ,رَمَكْنَا
رمل,رَمَلَ,فَعَلَ يَفْعُلُ ( فتحُ ضمٍّ ),مشترك , ,رَمَلَ,رَمَلَتْ,رَمَلَا,رَمَلَتَا,رَمَلُوا,رَمَلْنَ,رَمَلْتَ,رَمَلْتِ,رَمَلْتُمَا,رَمَلْتُمْ,رَمَلْتُنَّ,رَمَلْتُ,رَمَلْنَا
رمه,رَمِهَ,فَعِلَ يَفْعَلُ ( كسر فتح ),لازم, ,رَمِهَ,رَمِهَتْ,رَمِهَا,رَمِهَتَا,رَمِهُوا,رَمِهْنَ,رَمِهْتَ,رَمِهْتِ,رَمِهْتُمَا,رَمِهْتُمْ,رَمِهْتُنَّ,رَمِهْتُ,رَمِهْنَا
رنخ,رَنَخَ,فَعَلَ يَفْعُلُ ( فتحُ ضمٍّ ),لازم, ,رَنَخَ,رَنَخَتْ,رَنَخَا,رَنَخَتَا,رَنَخُوا,رَنَخْنَ,رَنَخْتَ,رَنَخْتِ,رَنَخْتُمَا,رَنَخْتُمْ,رَنَخْتُنَّ,رَنَخْتُ,رَنَخْنَا
رنع,رَنَعَ,فَعَلَ يَفْعَلُ ( فتحتان ),لازم, ,رَنَعَ,رَنَعَتْ,رَنَعَا,رَنَعَتَا,رَنَعُوا,رَنَعْنَ,رَنَعْتَ,رَنَعْتِ,رَنَعْتُمَا,رَنَعْتُمْ,رَنَعْتُنَّ,رَنَعْتُ,رَنَعْنَا
رنق,رَنَقَ,فَعَلَ يَفْعُلُ ( فتحُ ضمٍّ ),لازم, ,رَنَقَ,رَنَقَتْ,رَنَقَا,رَنَقَتَا,رَنَقُوا,رَنَقْنَ,رَنَقْتَ,رَنَقْتِ,رَنَقْتُمَا,رَنَقْتُمْ,رَنَقْتُنَّ,رَنَقْتُ,رَنَقْنَا
رنق,رَنِقَ,فَعِلَ يَفْعَلُ ( كسر فتح ),لازم, ,رَنِقَ,رَنِقَتْ,رَنِقَا,رَنِقَتَا,رَنِقُوا,رَنِقْنَ,رَنِقْتَ,رَنِقْتِ,رَنِقْتُمَا,رَنِقْتُمْ,رَنِقْتُنَّ,رَنِقْتُ,رَنِقْنَا
رنم,رَنِمَ,فَعِلَ يَفْعَلُ ( كسر فتح ),لازم, ,رَنِمَ,رَنِمَتْ,رَنِمَا,رَنِمَتَا,رَنِمُوا,رَنِمْنَ,رَنِمْتَ,رَنِمْتِ,رَنِمْتُمَا,رَنِمْتُمْ,رَنِمْتُنَّ,رَنِمْتُ,رَنِمْنَا
رهب,رَهِبَ,فَعِلَ يَفْعَلُ ( كسر فتح ),مشترك , ,رَهِبَ,رَهِبَتْ,رَهِبَا,رَهِبَتَا,رَهِبُوا,رَهِبْنَ,رَهِبْتَ,رَهِبْتِ,رَهِبْتُمَا,رَهِبْتُمْ,رَهِبْتُنَّ,رَهِبْتُ,رَهِبْنَا
رهد,رَهَدَ,فَعَلَ يَفْعَلُ ( فتحتان ),متعدي, ,رَهَدَ,رَهَدَتْ,رَهَدَا,رَهَدَتَا,رَهَدُوا,رَهَدْنَ,رَهَدْتَ,رَهَدْتِ,رَهَدْتُمَا,رَهَدْتُمْ,رَهَدْتُنَّ,رَهَدْتُ,رَهَدْنَا
رهد,رَهُدَ,فَعُلَ يَفْعُلُ ( ضمَ ضمٍَ ),لازم, ,رَهُدَ,رَهُدَتْ,رَهُدَا,رَهُدَتَا,رَهُدُوا,رَهُدْنَ,رَهُدْتَ,رَهُدْتِ,رَهُدْتُمَا,رَهُدْتُمْ,رَهُدْتُنَّ,رَهُدْتُ,رَهُدْنَا
رهز,رَهَزَ,فَعَلَ يَفْعَلُ ( فتحتان ),مشترك , ,رَهَزَ,رَهَزَتْ,رَهَزَا,رَهَزَتَا,رَهَزُوا,رَهَزْنَ,رَهَزْتَ,رَهَزْتِ,رَهَزْتُمَا,رَهَزْتُمْ,رَهَزْتُنَّ,رَهَزْتُ,رَهَزْنَا
رهس,رَهَسَ,فَعَلَ يَفْعَلُ ( فتحتان ),متعدي, ,رَهَسَ,رَهَسَتْ,رَهَسَا,رَهَسَتَا,رَهَسُوا,رَهَسْنَ,رَهَسْتَ,رَهَسْتِ,رَهَسْتُمَا,رَهَسْتُمْ,رَهَسْتُنَّ,رَهَسْتُ,رَهَسْنَا
رهش,رَهِشَ,فَعِلَ يَفْعَلُ ( كسر فتح ),لازم, ,رَهِشَ,رَهِشَتْ,رَهِشَا,رَهِشَتَا,رَهِشُوا,رَهِشْنَ,رَهِشْتَ,رَهِشْتِ,رَهِشْتُمَا,رَهِشْتُمْ,رَهِشْتُنَّ,رَهِشْتُ,رَهِشْنَا
رهص,رَهَصَ,فَعَلَ يَفْعَلُ ( فتحتان ),مشترك , ,رَهَصَ,رَهَصَتْ,رَهَصَا,رَهَصَتَا,رَهَصُوا,رَهَصْنَ,رَهَصْتَ,رَهَصْتِ,رَهَصْتُمَا,رَهَصْتُمْ,رَهَصْتُنَّ,رَهَصْتُ,رَهَصْنَا
رهص,رَهِصَ,فَعِلَ يَفْعَلُ ( كسر فتح ),لازم, ,رَهِصَ,رَهِصَتْ,رَهِصَا,رَهِصَتَا,رَهِصُوا,رَهِصْنَ,رَهِصْتَ,رَهِصْتِ,رَهِصْتُمَا,رَهِصْتُمْ,رَهِصْتُنَّ,رَهِصْتُ,رَهِصْنَا
رهط,رَهَطَ,فَعَلَ يَفْعَلُ ( فتحتان ),مشترك , ,رَهَطَ,رَهَطَتْ,رَهَطَا,رَهَطَتَا,رَهَطُوا,رَهَطْنَ,رَهَطْتَ,رَهَطْتِ,رَهَطْتُمَا,رَهَطْتُمْ,رَهَطْتُنَّ,رَهَطْتُ,رَهَطْنَا
رهف,رَهَفَ,فَعَلَ يَفْعَلُ ( فتحتان ),متعدي, ,رَهَفَ,رَهَفَتْ,رَهَفَا,رَهَفَتَا,رَهَفُوا,رَهَفْنَ,رَهَفْتَ,رَهَفْتِ,رَهَفْتُمَا,رَهَفْتُمْ,رَهَفْتُنَّ,رَهَفْتُ,رَهَفْنَا
رهف,رَهُفَ,فَعُلَ يَفْعُلُ ( ضمَ ضمٍَ ),لازم, ,رَهُفَ,رَهُفَتْ,رَهُفَا,رَهُفَتَا,رَهُفُوا,رَهُفْنَ,رَهُفْتَ,رَهُفْتِ,رَهُفْتُمَا,رَهُفْتُمْ,رَهُفْتُنَّ,رَهُفْتُ,رَهُفْنَا
رهق,رَهِقَ,فَعِلَ يَفْعَلُ ( كسر فتح ),مشترك , ,رَهِقَ,رَهِقَتْ,رَهِقَا,رَهِقَتَا,رَهِقُوا,رَهِقْنَ,رَهِقْتَ,رَهِقْتِ,رَهِقْتُمَا,رَهِقْتُمْ,رَهِقْتُنَّ,رَهِقْتُ,رَهِقْنَا
رهك,رَهَكَ,فَعَلَ يَفْعَلُ ( فتحتان ),مشترك , ,رَهَكَ,رَهَكَتْ,رَهَكَا,رَهَكَتَا,رَهَكُوا,رَهَكْنَ,رَهَكْتَ,رَهَكْتِ,رَهَكْتُمَا,رَهَكْتُمْ,رَهَكْتُنَّ,رَهَكْتُ,رَهَكْنَا
رهل,رَهِلَ,فَعِلَ يَفْعَلُ ( كسر فتح ),لازم, ,رَهِلَ,رَهِلَتْ,رَهِلَا,رَهِلَتَا,رَهِلُوا,رَهِلْنَ,رَهِلْتَ,رَهِلْتِ,رَهِلْتُمَا,رَهِلْتُمْ,رَهِلْتُنَّ,رَهِلْتُ,رَهِلْنَا
رهن,رَهَنَ,فَعَلَ يَفْعَلُ ( فتحتان ),مشترك , ,رَهَنَ,رَهَنَتْ,رَهَنَا,رَهَنَتَا,رَهَنُوا,رَهَنْنَ,رَهَنْتَ,رَهَنْتِ,رَهَنْتُمَا,رَهَنْتُمْ,رَهَنْتُنَّ,رَهَنْتُ,رَهَنْنَا
زبد,زَبَدَ,فَعَلَ يَفْعُلُ ( فتحُ ضمٍّ ),متعدي, ,زَبَدَ,زَبَدَتْ,زَبَدَا,زَبَدَتَا,زَبَدُوا,زَبَدْنَ,زَبَدْتَ,زَبَدْتِ,زَبَدْتُمَا,زَبَدْتُمْ,زَبَدْتُنَّ,زَبَدْتُ,زَبَدْنَا
زبد,زَبَدَ,فَعَلَ يَفْعِلُ ( فتحُ كَسْرٍ ),مشترك , ,زَبَدَ,زَبَدَتْ,زَبَدَا,زَبَدَتَا,زَبَدُوا,زَبَدْنَ,زَبَدْتَ,زَبَدْتِ,زَبَدْتُمَا,زَبَدْتُمْ,زَبَدْتُنَّ,زَبَدْتُ,زَبَدْنَا
زبر,زَبَرَ,فَعَلَ يَفْعُلُ ( فتحُ ضمٍّ ),متعدي, ,زَبَرَ,زَبَرَتْ,زَبَرَا,زَبَرَتَا,زَبَرُوا,زَبَرْنَ,زَبَرْتَ,زَبَرْتِ,زَبَرْتُمَا,زَبَرْتُمْ,زَبَرْتُنَّ,زَبَرْتُ,زَبَرْنَا
زبر,زَبَرَ,فَعَلَ يَفْعِلُ ( فتحُ كَسْرٍ ),مشترك , ,زَبَرَ,زَبَرَتْ,زَبَرَا,زَبَرَتَا,زَبَرُوا,زَبَرْنَ,زَبَرْتَ,زَبَرْتِ,زَبَرْتُمَا,زَبَرْتُمْ,زَبَرْتُنَّ,زَبَرْتُ,زَبَرْنَا
زبر,زَبُرَ,فَعُلَ يَفْعُلُ ( ضمَ ضمٍَ ),لازم, ,زَبُرَ,زَبُرَتْ,زَبُرَا,زَبُرَتَا,زَبُرُوا,زَبُرْنَ,زَبُرْتَ,زَبُرْتِ,زَبُرْتُمَا,زَبُرْتُمْ,زَبُرْتُنَّ,زَبُرْتُ,زَبُرْنَا
زبط,زَبَطَ,فَعَلَ يَفْعِلُ ( فتحُ كَسْرٍ ),لازم, ,زَبَطَ,زَبَطَتْ,زَبَطَا,زَبَطَتَا,زَبَطُوا,زَبَطْنَ,زَبَطْتَ,زَبَطْتِ,زَبَطْتُمَا,زَبَطْتُمْ,زَبَطْتُنَّ,زَبَطْتُ,زَبَطْنَا
زبق,زَبَقَ,فَعَلَ يَفْعُلُ ( فتحُ ضمٍّ ),مشترك , ,زَبَقَ,زَبَقَتْ,زَبَقَا,زَبَقَتَا,زَبَقُوا,زَبَقْنَ,زَبَقْتَ,زَبَقْتِ,زَبَقْتُمَا,زَبَقْتُمْ,زَبَقْتُنَّ,زَبَقْتُ,زَبَقْنَا
زبق,زَبَقَ,فَعَلَ يَفْعِلُ ( فتحُ كَسْرٍ ),مشترك , ,زَبَقَ,زَبَقَتْ,زَبَقَا,زَبَقَتَا,زَبَقُوا,زَبَقْنَ,زَبَقْتَ,زَبَقْتِ,زَبَقْتُمَا,زَبَقْتُمْ,زَبَقْتُنَّ,زَبَقْتُ,زَبَقْنَا
زبل,زَبَلَ,فَعَلَ يَفْعِلُ ( فتحُ كَسْرٍ ),متعدي, ,زَبَلَ,زَبَلَتْ,زَبَلَا,زَبَلَتَا,زَبَلُوا,زَبَلْنَ,زَبَلْتَ,زَبَلْتِ,زَبَلْتُمَا,زَبَلْتُمْ,زَبَلْتُنَّ,زَبَلْتُ,زَبَلْنَا
زبن,زَبَنَ,فَعَلَ يَفْعِلُ ( فتحُ كَسْرٍ ),مشترك , ,زَبَنَ,زَبَنَتْ,زَبَنَا,زَبَنَتَا,زَبَنُوا,زَبَنْنَ,زَبَنْتَ,زَبَنْتِ,زَبَنْتُمَا,زَبَنْتُمْ,زَبَنْتُنَّ,زَبَنْتُ,زَبَنْنَا
زجر,زَجَرَ,فَعَلَ يَفْعُلُ ( فتحُ ضمٍّ ),مشترك , ,زَجَرَ,زَجَرَتْ,زَجَرَا,زَجَرَتَا,زَجَرُوا,زَجَرْنَ,زَجَرْتَ,زَجَرْتِ,زَجَرْتُمَا,زَجَرْتُمْ,زَجَرْتُنَّ,زَجَرْتُ,زَجَرْنَا
زجل,زَجَلَ,فَعَلَ يَفْعُلُ ( فتحُ ضمٍّ ),مشترك , ,زَجَلَ,زَجَلَتْ,زَجَلَا,زَجَلَتَا,زَجَلُوا,زَجَلْنَ,زَجَلْتَ,زَجَلْتِ,زَجَلْتُمَا,زَجَلْتُمْ,زَجَلْتُنَّ,زَجَلْتُ,زَجَلْنَا
زجل,زَجِلَ,فَعِلَ يَفْعَلُ ( كسر فتح ),لازم, ,زَجِلَ,زَجِلَتْ,زَجِلَا,زَجِلَتَا,زَجِلُوا,زَجِلْنَ,زَجِلْتَ,زَجِلْتِ,زَجِلْتُمَا,زَجِلْتُمْ,زَجِلْتُنَّ,زَجِلْتُ,زَجِلْنَا
زجم,زَجَمَ,فَعَلَ يَفْعُلُ ( فتحُ ضمٍّ ),لازم, ,زَجَمَ,زَجَمَتْ,زَجَمَا,زَجَمَتَا,زَجَمُوا,زَجَمْنَ,زَجَمْتَ,زَجَمْتِ,زَجَمْتُمَا,زَجَمْتُمْ,زَجَمْتُنَّ,زَجَمْتُ,زَجَمْنَا
زحب,زَحَبَ,فَعَلَ يَفْعَلُ ( فتحتان ),لازم, ,زَحَبَ,زَحَبَتْ,زَحَبَا,زَحَبَتَا,زَحَبُوا,زَحَبْنَ,زَحَبْتَ,زَحَبْتِ,زَحَبْتُمَا,زَحَبْتُمْ,زَحَبْتُنَّ,زَحَبْتُ,زَحَبْنَا
زحر,زَحَرَ,فَعَلَ يَفْعِلُ ( فتحُ كَسْرٍ ),مشترك , ,زَحَرَ,زَحَرَتْ,زَحَرَا,زَحَرَتَا,زَحَرُوا,زَحَرْنَ,زَحَرْتَ,زَحَرْتِ,زَحَرْتُمَا,زَحَرْتُمْ,زَحَرْتُنَّ,زَحَرْتُ,زَحَرْنَا
زحر,زَحَرَ,فَعَلَ يَفْعَلُ ( فتحتان ),مشترك , ,زَحَرَ,زَحَرَتْ,زَحَرَا,زَحَرَتَا,زَحَرُوا,زَحَرْنَ,زَحَرْتَ,زَحَرْتِ,زَحَرْتُمَا,زَحَرْتُمْ,زَحَرْتُنَّ,زَحَرْتُ,زَحَرْنَا
زحف,زَحَفَ,فَعَلَ يَفْعَلُ ( فتحتان ),مشترك , ,زَحَفَ,زَحَفَتْ,زَحَفَا,زَحَفَتَا,زَحَفُوا,زَحَفْنَ,زَحَفْتَ,زَحَفْتِ,زَحَفْتُمَا,زَحَفْتُمْ,زَحَفْتُنَّ,زَحَفْتُ,زَحَفْنَا
زحك,زَحَكَ,فَعَلَ يَفْعَلُ ( فتحتان ),لازم, ,زَحَكَ,زَحَكَتْ,زَحَكَا,زَحَكَتَا,زَحَكُوا,زَحَكْنَ,زَحَكْتَ,زَحَكْتِ,زَحَكْتُمَا,زَحَكْتُمْ,زَحَكْتُنَّ,زَحَكْتُ,زَحَكْنَا
زحل,زَحَلَ,فَعَلَ يَفْعَلُ ( فتحتان ),لازم, ,زَحَلَ,زَحَلَتْ,زَحَلَا,زَحَلَتَا,زَحَلُوا,زَحَلْنَ,زَحَلْتَ,زَحَلْتِ,زَحَلْتُمَا,زَحَلْتُمْ,زَحَلْتُنَّ,زَحَلْتُ,زَحَلْنَا
زحم,زَحَمَ,فَعَلَ يَفْعَلُ ( فتحتان ),متعدي, ,زَحَمَ,زَحَمَتْ,زَحَمَا,زَحَمَتَا,زَحَمُوا,زَحَمْنَ,زَحَمْتَ,زَحَمْتِ,زَحَمْتُمَا,زَحَمْتُمْ,زَحَمْتُنَّ,زَحَمْتُ,زَحَمْنَا
زحن,زَحَنَ,فَعَلَ يَفْعَلُ ( فتحتان ),مشترك , ,زَحَنَ,زَحَنَتْ,زَحَنَا,زَحَنَتَا,زَحَنُوا,زَحَنْنَ,زَحَنْتَ,زَحَنْتِ,زَحَنْتُمَا,زَحَنْتُمْ,زَحَنْتُنَّ,زَحَنْتُ,زَحَنْنَا
زخر,زَخَرَ,فَعَلَ يَفْعَلُ ( فتحتان ),مشترك , ,زَخَرَ,زَخَرَتْ,زَخَرَا,زَخَرَتَا,زَخَرُوا,زَخَرْنَ,زَخَرْتَ,زَخَرْتِ,زَخَرْتُمَا,زَخَرْتُمْ,زَخَرْتُنَّ,زَخَرْتُ,زَخَرْنَا
زخف,زَخَفَ,فَعَلَ يَفْعَلُ ( فتحتان ),لازم, ,زَخَفَ,زَخَفَتْ,زَخَفَا,زَخَفَتَا,زَخَفُوا,زَخَفْنَ,زَخَفْتَ,زَخَفْتِ,زَخَفْتُمَا,زَخَفْتُمْ,زَخَفْتُنَّ,زَخَفْتُ,زَخَفْنَا
زخم,زَخَمَ,فَعَلَ يَفْعَلُ ( فتحتان ),متعدي, ,زَخَمَ,زَخَمَتْ,زَخَمَا,زَخَمَتَا,زَخَمُوا,زَخَمْنَ,زَخَمْتَ,زَخَمْتِ,زَخَمْتُمَا,زَخَمْتُمْ,زَخَمْتُنَّ,زَخَمْتُ,زَخَمْنَا
زخم,زَخِمَ,فَعِلَ يَفْعَلُ ( كسر فتح ),لازم, ,زَخِمَ,زَخِمَتْ,زَخِمَا,زَخِمَتَا,زَخِمُوا,زَخِمْنَ,زَخِمْتَ,زَخِمْتِ,زَخِمْتُمَا,زَخِمْتُمْ,زَخِمْتُنَّ,زَخِمْتُ,زَخِمْنَا
زدع,زَدَعَ,فَعَلَ يَفْعَلُ ( فتحتان ),متعدي, ,زَدَعَ,زَدَعَتْ,زَدَعَا,زَدَعَتَا,زَدَعُوا,زَدَعْنَ,زَدَعْتَ,زَدَعْتِ,زَدَعْتُمَا,زَدَعْتُمْ,زَدَعْتُنَّ,زَدَعْتُ,زَدَعْنَا
زرب,زَرَبَ,فَعَلَ يَفْعُلُ ( فتحُ ضمٍّ ),مشترك , ,زَرَبَ,زَرَبَتْ,زَرَبَا,زَرَبَتَا,زَرَبُوا,زَرَبْنَ,زَرَبْتَ,زَرَبْتِ,زَرَبْتُمَا,زَرَبْتُمْ,زَرَبْتُنَّ,زَرَبْتُ,زَرَبْنَا
زرب,زَرِبَ,فَعِلَ يَفْعَلُ ( كسر فتح ),لازم, ,زَرِبَ,زَرِبَتْ,زَرِبَا,زَرِبَتَا,زَرِبُوا,زَرِبْنَ,زَرِبْتَ,زَرِبْتِ,زَرِبْتُمَا,زَرِبْتُمْ,زَرِبْتُنَّ,زَرِبْتُ,زَرِبْنَا
زرج,زَرَجَ,فَعَلَ يَفْعُلُ ( فتحُ ضمٍّ ),متعدي, ,زَرَجَ,زَرَجَتْ,زَرَجَا,زَرَجَتَا,زَرَجُوا,زَرَجْنَ,زَرَجْتَ,زَرَجْتِ,زَرَجْتُمَا,زَرَجْتُمْ,زَرَجْتُنَّ,زَرَجْتُ,زَرَجْنَا
زرح,زَرَحَ,فَعَلَ يَفْعَلُ ( فتحتان ),متعدي, ,زَرَحَ,زَرَحَتْ,زَرَحَا,زَرَحَتَا,زَرَحُوا,زَرَحْنَ,زَرَحْتَ,زَرَحْتِ,زَرَحْتُمَا,زَرَحْتُمْ,زَرَحْتُنَّ,زَرَحْتُ,زَرَحْنَا
زرح,زَرِحَ,فَعِلَ يَفْعَلُ ( كسر فتح ),لازم, ,زَرِحَ,زَرِحَتْ,زَرِحَا,زَرِحَتَا,زَرِحُوا,زَرِحْنَ,زَرِحْتَ,زَرِحْتِ,زَرِحْتُمَا,زَرِحْتُمْ,زَرِحْتُنَّ,زَرِحْتُ,زَرِحْنَا
زرد,زَرَدَ,فَعَلَ يَفْعُلُ ( فتحُ ضمٍّ ),متعدي, ,زَرَدَ,زَرَدَتْ,زَرَدَا,زَرَدَتَا,زَرَدُوا,زَرَدْنَ,زَرَدْتَ,زَرَدْتِ,زَرَدْتُمَا,زَرَدْتُمْ,زَرَدْتُنَّ,زَرَدْتُ,زَرَدْنَا
زرد,زَرَدَ,فَعَلَ يَفْعِلُ ( فتحُ كَسْرٍ ),متعدي, ,زَرَدَ,زَرَدَتْ,زَرَدَا,زَرَدَتَا,زَرَدُوا,زَرَدْنَ,زَرَدْتَ,زَرَدْتِ,زَرَدْتُمَا,زَرَدْتُمْ,زَرَدْتُنَّ,زَرَدْتُ,زَرَدْنَا
زرد,زَرِدَ,فَعِلَ يَفْعَلُ ( كسر فتح ),متعدي, ,زَرِدَ,زَرِدَتْ,زَرِدَا,زَرِدَتَا,زَرِدُوا,زَرِدْنَ,زَرِدْتَ,زَرِدْتِ,زَرِدْتُمَا,زَرِدْتُمْ,زَرِدْتُنَّ,زَرِدْتُ,زَرِدْنَا
زرط,زَرَطَ,فَعَلَ يَفْعِلُ ( فتحُ كَسْرٍ ),متعدي, ,زَرَطَ,زَرَطَتْ,زَرَطَا,زَرَطَتَا,زَرَطُوا,زَرَطْنَ,زَرَطْتَ,زَرَطْتِ,زَرَطْتُمَا,زَرَطْتُمْ,زَرَطْتُنَّ,زَرَطْتُ,زَرَطْنَا
زرع,زَرَعَ,فَعَلَ يَفْعَلُ ( فتحتان ),متعدي, ,زَرَعَ,زَرَعَتْ,زَرَعَا,زَرَعَتَا,زَرَعُوا,زَرَعْنَ,زَرَعْتَ,زَرَعْتِ,زَرَعْتُمَا,زَرَعْتُمْ,زَرَعْتُنَّ,زَرَعْتُ,زَرَعْنَا
زرف,زَرَفَ,فَعَلَ يَفْعُلُ ( فتحُ ضمٍّ ),لازم, ,زَرَفَ,زَرَفَتْ,زَرَفَا,زَرَفَتَا,زَرَفُوا,زَرَفْنَ,زَرَفْتَ,زَرَفْتِ,زَرَفْتُمَا,زَرَفْتُمْ,زَرَفْتُنَّ,زَرَفْتُ,زَرَفْنَا
زرف,زَرَفَ,فَعَلَ يَفْعِلُ ( فتحُ كَسْرٍ ),مشترك , ,زَرَفَ,زَرَفَتْ,زَرَفَا,زَرَفَتَا,زَرَفُوا,زَرَفْنَ,زَرَفْتَ,زَرَفْتِ,زَرَفْتُمَا,زَرَفْتُمْ,زَرَفْتُنَّ,زَرَفْتُ,زَرَفْنَا
زرف,زَرِفَ,فَعِلَ يَفْعَلُ ( كسر فتح ),لازم, ,زَرِفَ,زَرِفَتْ,زَرِفَا,زَرِفَتَا,زَرِفُوا,زَرِفْنَ,زَرِفْتَ,زَرِفْتِ,زَرِفْتُمَا,زَرِفْتُمْ,زَرِفْتُنَّ,زَرِفْتُ,زَرِفْنَا
زرق,زَرَقَ,فَعَلَ يَفْعُلُ ( فتحُ ضمٍّ ),مشترك ,لون,زَرَقَ,زَرَقَتْ,زَرَقَا,زَرَقَتَا,زَرَقُوا,زَرَقْنَ,زَرَقْتَ,زَرَقْتِ,زَرَقْتُمَا,زَرَقْتُمْ,زَرَقْتُنَّ,زَرَقْتُ,زَرَقْنَا
زرق,زَرَقَ,فَعَلَ يَفْعِلُ ( فتحُ كَسْرٍ ),مشترك ,لون,زَرَقَ,زَرَقَتْ,زَرَقَا,زَرَقَتَا,زَرَقُوا,زَرَقْنَ,زَرَقْتَ,زَرَقْتِ,زَرَقْتُمَا,زَرَقْتُمْ,زَرَقْتُنَّ,زَرَقْتُ,زَرَقْنَا
زرق,زَرِقَ,فَعِلَ يَفْعَلُ ( كسر فتح ),لازم,لون,زَرِقَ,زَرِقَتْ,زَرِقَا,زَرِقَتَا,زَرِقُوا,زَرِقْنَ,زَرِقْتَ,زَرِقْتِ,زَرِقْتُمَا,زَرِقْتُمْ,زَرِقْتُنَّ,زَرِقْتُ,زَرِقْنَا
زرك,زَرِكَ,فَعِلَ يَفْعَلُ ( كسر فتح ),لازم, ,زَرِكَ,زَرِكَتْ,زَرِكَا,زَرِكَتَا,زَرِكُوا,زَرِكْنَ,زَرِكْتَ,زَرِكْتِ,زَرِكْتُمَا,زَرِكْتُمْ,زَرِكْتُنَّ,زَرِكْتُ,زَرِكْنَا
زرم,زَرَمَ,فَعَلَ يَفْعِلُ ( فتحُ كَسْرٍ ),مشترك , ,زَرَمَ,زَرَمَتْ,زَرَمَا,زَرَمَتَا,زَرَمُوا,زَرَمْنَ,زَرَمْتَ,زَرَمْتِ,زَرَمْتُمَا,زَرَمْتُمْ,زَرَمْتُنَّ,زَرَمْتُ,زَرَمْنَا
زرم,زَرِمَ,فَعِلَ يَفْعَلُ ( كسر فتح ),لازم, ,زَرِمَ,زَرِمَتْ,زَرِمَا,زَرِمَتَا,زَرِمُوا,زَرِمْنَ,زَرِمْتَ,زَرِمْتِ,زَرِمْتُمَا,زَرِمْتُمْ,زَرِمْتُنَّ,زَرِمْتُ,زَرِمْنَا
زعب,زَعَبَ,فَعَلَ يَفْعَلُ ( فتحتان ),مشترك , ,زَعَبَ,زَعَبَتْ,زَعَبَا,زَعَبَتَا,زَعَبُوا,زَعَبْنَ,زَعَبْتَ,زَعَبْتِ,زَعَبْتُمَا,زَعَبْتُمْ,زَعَبْتُنَّ,زَعَبْتُ,زَعَبْنَا
زعج,زَعَجَ,فَعَلَ يَفْعَلُ ( فتحتان ),متعدي, ,زَعَجَ,زَعَجَتْ,زَعَجَا,زَعَجَتَا,زَعَجُوا,زَعَجْنَ,زَعَجْتَ,زَعَجْتِ,زَعَجْتُمَا,زَعَجْتُمْ,زَعَجْتُنَّ,زَعَجْتُ,زَعَجْنَا
زعج,زَعِجَ,فَعِلَ يَفْعَلُ ( كسر فتح ),لازم, ,زَعِجَ,زَعِجَتْ,زَعِجَا,زَعِجَتَا,زَعِجُوا,زَعِجْنَ,زَعِجْتَ,زَعِجْتِ,زَعِجْتُمَا,زَعِجْتُمْ,زَعِجْتُنَّ,زَعِجْتُ,زَعِجْنَا
زعر,زَعَرَ,فَعَلَ يَفْعَلُ ( فتحتان ),متعدي, ,زَعَرَ,زَعَرَتْ,زَعَرَا,زَعَرَتَا,زَعَرُوا,زَعَرْنَ,زَعَرْتَ,زَعَرْتِ,زَعَرْتُمَا,زَعَرْتُمْ,زَعَرْتُنَّ,زَعَرْتُ,زَعَرْنَا
زعر,زَعِرَ,فَعِلَ يَفْعَلُ ( كسر فتح ),لازم, ,زَعِرَ,زَعِرَتْ,زَعِرَا,زَعِرَتَا,زَعِرُوا,زَعِرْنَ,زَعِرْتَ,زَعِرْتِ,زَعِرْتُمَا,زَعِرْتُمْ,زَعِرْتُنَّ,زَعِرْتُ,زَعِرْنَا
زعط,زَعَطَ,فَعَلَ يَفْعَلُ ( فتحتان ),مشترك , ,زَعَطَ,زَعَطَتْ,زَعَطَا,زَعَطَتَا,زَعَطُوا,زَعَطْنَ,زَعَطْتَ,زَعَطْتِ,زَعَطْتُمَا,زَعَطْتُمْ,زَعَطْتُنَّ,زَعَطْتُ,زَعَطْنَا
زعف,زَعَفَ,فَعَلَ يَفْعَلُ ( فتحتان ),مشترك , ,زَعَفَ,زَعَفَتْ,زَعَفَا,زَعَفَتَا,زَعَفُوا,زَعَفْنَ,زَعَفْتَ,زَعَفْتِ,زَعَفْتُمَا,زَعَفْتُمْ,زَعَفْتُنَّ,زَعَفْتُ,زَعَفْنَا
زعق,زَعَقَ,فَعَلَ يَفْعَلُ ( فتحتان ),مشترك , ,زَعَقَ,زَعَقَتْ,زَعَقَا,زَعَقَتَا,زَعَقُوا,زَعَقْنَ,زَعَقْتَ,زَعَقْتِ,زَعَقْتُمَا,زَعَقْتُمْ,زَعَقْتُنَّ,زَعَقْتُ,زَعَقْنَا
زعق,زَعِقَ,فَعِلَ يَفْعَلُ ( كسر فتح ),لازم, ,زَعِقَ,زَعِقَتْ,زَعِقَا,زَعِقَتَا,زَعِقُوا,زَعِقْنَ,زَعِقْتَ,زَعِقْتِ,زَعِقْتُمَا,زَعِقْتُمْ,زَعِقْتُنَّ,زَعِقْتُ,زَعِقْنَا
زعق,زَعُقَ,فَعُلَ يَفْعُلُ ( ضمَ ضمٍَ ),لازم, ,زَعُقَ,زَعُقَتْ,زَعُقَا,زَعُقَتَا,زَعُقُوا,زَعُقْنَ,زَعُقْتَ,زَعُقْتِ,زَعُقْتُمَا,زَعُقْتُمْ,زَعُقْتُنَّ,زَعُقْتُ,زَعُقْنَا
زعل,زَعِلَ,فَعِلَ يَفْعَلُ ( كسر فتح ),لازم, ,زَعِلَ,زَعِلَتْ,زَعِلَا,زَعِلَتَا,زَعِلُوا,زَعِلْنَ,زَعِلْتَ,زَعِلْتِ,زَعِلْتُمَا,زَعِلْتُمْ,زَعِلْتُنَّ,زَعِلْتُ,زَعِلْنَا
زعم,زَعَمَ,فَعَلَ يَفْعُلُ ( فتحُ ضمٍّ ),مشترك , ,زَعَمَ,زَعَمَتْ,زَعَمَا,زَعَمَتَا,زَعَمُوا,زَعَمْنَ,زَعَمْتَ,زَعَمْتِ,زَعَمْتُمَا,زَعَمْتُمْ,زَعَمْتُنَّ,زَعَمْتُ,زَعَمْنَا
زعم,زَعَمَ,فَعَلَ يَفْعَلُ ( فتحتان ),مشترك , ,زَعَمَ,زَعَمَتْ,زَعَمَا,زَعَمَتَا,زَعَمُوا,زَعَمْنَ,زَعَمْتَ,زَعَمْتِ,زَعَمْتُمَا,زَعَمْتُمْ,زَعَمْتُنَّ,زَعَمْتُ,زَعَمْنَا
زعم,زَعِمَ,فَعِلَ يَفْعَلُ ( كسر فتح ),لازم, ,زَعِمَ,زَعِمَتْ,زَعِمَا,زَعِمَتَا,زَعِمُوا,زَعِمْنَ,زَعِمْتَ,زَعِمْتِ,زَعِمْتُمَا,زَعِمْتُمْ,زَعِمْتُنَّ,زَعِمْتُ,زَعِمْنَا
زعم,زَعُمَ,فَعُلَ يَفْعُلُ ( ضمَ ضمٍَ ),لازم, ,زَعُمَ,زَعُمَتْ,زَعُمَا,زَعُمَتَا,زَعُمُوا,زَعُمْنَ,زَعُمْتَ,زَعُمْتِ,زَعُمْتُمَا,زَعُمْتُمْ,زَعُمْتُنَّ,زَعُمْتُ,زَعُمْنَا
زغب,زَغِبَ,فَعِلَ يَفْعَلُ ( كسر فتح ),لازم, ,زَغِبَ,زَغِبَتْ,زَغِبَا,زَغِبَتَا,زَغِبُوا,زَغِبْنَ,زَغِبْتَ,زَغِبْتِ,زَغِبْتُمَا,زَغِبْتُمْ,زَغِبْتُنَّ,زَغِبْتُ,زَغِبْنَا
زغد,زَغَدَ,فَعَلَ يَفْعَلُ ( فتحتان ),مشترك , ,زَغَدَ,زَغَدَتْ,زَغَدَا,زَغَدَتَا,زَغَدُوا,زَغَدْنَ,زَغَدْتَ,زَغَدْتِ,زَغَدْتُمَا,زَغَدْتُمْ,زَغَدْتُنَّ,زَغَدْتُ,زَغَدْنَا
زغر,زَغَرَ,فَعَلَ يَفْعَلُ ( فتحتان ),مشترك , ,زَغَرَ,زَغَرَتْ,زَغَرَا,زَغَرَتَا,زَغَرُوا,زَغَرْنَ,زَغَرْتَ,زَغَرْتِ,زَغَرْتُمَا,زَغَرْتُمْ,زَغَرْتُنَّ,زَغَرْتُ,زَغَرْنَا
زغف,زَغَفَ,فَعَلَ يَفْعَلُ ( فتحتان ),مشترك , ,زَغَفَ,زَغَفَتْ,زَغَفَا,زَغَفَتَا,زَغَفُوا,زَغَفْنَ,زَغَفْتَ,زَغَفْتِ,زَغَفْتُمَا,زَغَفْتُمْ,زَغَفْتُنَّ,زَغَفْتُ,زَغَفْنَا
زغل,زَغَلَ,فَعَلَ يَفْعَلُ ( فتحتان ),مشترك , ,زَغَلَ,زَغَلَتْ,زَغَلَا,زَغَلَتَا,زَغَلُوا,زَغَلْنَ,زَغَلْتَ,زَغَلْتِ,زَغَلْتُمَا,زَغَلْتُمْ,زَغَلْتُنَّ,زَغَلْتُ,زَغَلْنَا
زفت,زَفَتَ,فَعَلَ يَفْعُلُ ( فتحُ ضمٍّ ),متعدي, ,زَفَتَ,زَفَتَتْ,زَفَتَا,زَفَتَتَا,زَفَتُوا,زَفَتْنَ,زَفَتْتَ,زَفَتْتِ,زَفَتْتُمَا,زَفَتْتُمْ,زَفَتْتُنَّ,زَفَتْتُ,زَفَتْنَا
زفد,زَفَدَ,فَعَلَ يَفْعُلُ ( فتحُ ضمٍّ ),متعدي, ,زَفَدَ,زَفَدَتْ,زَفَدَا,زَفَدَتَا,زَفَدُوا,زَفَدْنَ,زَفَدْتَ,زَفَدْتِ,زَفَدْتُمَا,زَفَدْتُمْ,زَفَدْتُنَّ,زَفَدْتُ,زَفَدْنَا
زفر,زَفَرَ,فَعَلَ يَفْعِلُ ( فتحُ كَسْرٍ ),مشترك , ,زَفَرَ,زَفَرَتْ,زَفَرَا,زَفَرَتَا,زَفَرُوا,زَفَرْنَ,زَفَرْتَ,زَفَرْتِ,زَفَرْتُمَا,زَفَرْتُمْ,زَفَرْتُنَّ,زَفَرْتُ,زَفَرْنَا
زفن,زَفَنَ,فَعَلَ يَفْعِلُ ( فتحُ كَسْرٍ ),مشترك , ,زَفَنَ,زَفَنَتْ,زَفَنَا,زَفَنَتَا,زَفَنُوا,زَفَنْنَ,زَفَنْتَ,زَفَنْتِ,زَفَنْتُمَا,زَفَنْتُمْ,زَفَنْتُنَّ,زَفَنْتُ,زَفَنْنَا
زقب,زَقَبَ,فَعَلَ يَفْعُلُ ( فتحُ ضمٍّ ),مشترك , ,زَقَبَ,زَقَبَتْ,زَقَبَا,زَقَبَتَا,زَقَبُوا,زَقَبْنَ,زَقَبْتَ,زَقَبْتِ,زَقَبْتُمَا,زَقَبْتُمْ,زَقَبْتُنَّ,زَقَبْتُ,زَقَبْنَا
زقح,زَقَحَ,فَعَلَ يَفْعَلُ ( فتحتان ),لازم, ,زَقَحَ,زَقَحَتْ,زَقَحَا,زَقَحَتَا,زَقَحُوا,زَقَحْنَ,زَقَحْتَ,زَقَحْتِ,زَقَحْتُمَا,زَقَحْتُمْ,زَقَحْتُنَّ,زَقَحْتُ,زَقَحْنَا
زقع,زَقَعَ,فَعَلَ يَفْعَلُ ( فتحتان ),لازم, ,زَقَعَ,زَقَعَتْ,زَقَعَا,زَقَعَتَا,زَقَعُوا,زَقَعْنَ,زَقَعْتَ,زَقَعْتِ,زَقَعْتُمَا,زَقَعْتُمْ,زَقَعْتُنَّ,زَقَعْتُ,زَقَعْنَا
زقف,زَقَفَ,فَعَلَ يَفْعُلُ ( فتحُ ضمٍّ ),متعدي, ,زَقَفَ,زَقَفَتْ,زَقَفَا,زَقَفَتَا,زَقَفُوا,زَقَفْنَ,زَقَفْتَ,زَقَفْتِ,زَقَفْتُمَا,زَقَفْتُمْ,زَقَفْتُنَّ,زَقَفْتُ,زَقَفْنَا
زقم,زَقَمَ,فَعَلَ يَفْعُلُ ( فتحُ ضمٍّ ),مشترك , ,زَقَمَ,زَقَمَتْ,زَقَمَا,زَقَمَتَا,زَقَمُوا,زَقَمْنَ,زَقَمْتَ,زَقَمْتِ,زَقَمْتُمَا,زَقَمْتُمْ,زَقَمْتُنَّ,زَقَمْتُ,زَقَمْنَا
زقن,زَقَنَ,فَعَلَ يَفْعُلُ ( فتحُ ضمٍّ ),متعدي, ,زَقَنَ,زَقَنَتْ,زَقَنَا,زَقَنَتَا,زَقَنُوا,زَقَنْنَ,زَقَنْتَ,زَقَنْتِ,زَقَنْتُمَا,زَقَنْتُمْ,زَقَنْتُنَّ,زَقَنْتُ,زَقَنْنَا
زكب,زَكَبَ,فَعَلَ يَفْعُلُ ( فتحُ ضمٍّ ),مشترك , ,زَكَبَ,زَكَبَتْ,زَكَبَا,زَكَبَتَا,زَكَبُوا,زَكَبْنَ,زَكَبْتَ,زَكَبْتِ,زَكَبْتُمَا,زَكَبْتُمْ,زَكَبْتُنَّ,زَكَبْتُ,زَكَبْنَا
زكت,زَكَتَ,فَعَلَ يَفْعُلُ ( فتحُ ضمٍّ ),متعدي, ,زَكَتَ,زَكَتَتْ,زَكَتَا,زَكَتَتَا,زَكَتُوا,زَكَتْنَ,زَكَتْتَ,زَكَتْتِ,زَكَتْتُمَا,زَكَتْتُمْ,زَكَتْتُنَّ,زَكَتْتُ,زَكَتْنَا
زكر,زَكَرَ,فَعَلَ يَفْعُلُ ( فتحُ ضمٍّ ),متعدي, ,زَكَرَ,زَكَرَتْ,زَكَرَا,زَكَرَتَا,زَكَرُوا,زَكَرْنَ,زَكَرْتَ,زَكَرْتِ,زَكَرْتُمَا,زَكَرْتُمْ,زَكَرْتُنَّ,زَكَرْتُ,زَكَرْنَا
زكم,زَكَمَ,فَعَلَ يَفْعُلُ ( فتحُ ضمٍّ ),مشترك , ,زَكَمَ,زَكَمَتْ,زَكَمَا,زَكَمَتَا,زَكَمُوا,زَكَمْنَ,زَكَمْتَ,زَكَمْتِ,زَكَمْتُمَا,زَكَمْتُمْ,زَكَمْتُنَّ,زَكَمْتُ,زَكَمْنَا
زكن,زَكِنَ,فَعِلَ يَفْعَلُ ( كسر فتح ),مشترك , ,زَكِنَ,زَكِنَتْ,زَكِنَا,زَكِنَتَا,زَكِنُوا,زَكِنْنَ,زَكِنْتَ,زَكِنْتِ,زَكِنْتُمَا,زَكِنْتُمْ,زَكِنْتُنَّ,زَكِنْتُ,زَكِنْنَا
زلب,زَلِبَ,فَعِلَ يَفْعَلُ ( كسر فتح ),لازم, ,زَلِبَ,زَلِبَتْ,زَلِبَا,زَلِبَتَا,زَلِبُوا,زَلِبْنَ,زَلِبْتَ,زَلِبْتِ,زَلِبْتُمَا,زَلِبْتُمْ,زَلِبْتُنَّ,زَلِبْتُ,زَلِبْنَا
زلج,زَلَجَ,فَعَلَ يَفْعِلُ ( فتحُ كَسْرٍ ),مشترك , ,زَلَجَ,زَلَجَتْ,زَلَجَا,زَلَجَتَا,زَلَجُوا,زَلَجْنَ,زَلَجْتَ,زَلَجْتِ,زَلَجْتُمَا,زَلَجْتُمْ,زَلَجْتُنَّ,زَلَجْتُ,زَلَجْنَا
زلج,زَلِجَ,فَعِلَ يَفْعَلُ ( كسر فتح ),لازم, ,زَلِجَ,زَلِجَتْ,زَلِجَا,زَلِجَتَا,زَلِجُوا,زَلِجْنَ,زَلِجْتَ,زَلِجْتِ,زَلِجْتُمَا,زَلِجْتُمْ,زَلِجْتُنَّ,زَلِجْتُ,زَلِجْنَا
زلح,زَلَحَ,فَعَلَ يَفْعَلُ ( فتحتان ),متعدي, ,زَلَحَ,زَلَحَتْ,زَلَحَا,زَلَحَتَا,زَلَحُوا,زَلَحْنَ,زَلَحْتَ,زَلَحْتِ,زَلَحْتُمَا,زَلَحْتُمْ,زَلَحْتُنَّ,زَلَحْتُ,زَلَحْنَا
زلخ,زَلَخَ,فَعَلَ يَفْعِلُ ( فتحُ كَسْرٍ ),مشترك , ,زَلَخَ,زَلَخَتْ,زَلَخَا,زَلَخَتَا,زَلَخُوا,زَلَخْنَ,زَلَخْتَ,زَلَخْتِ,زَلَخْتُمَا,زَلَخْتُمْ,زَلَخْتُنَّ,زَلَخْتُ,زَلَخْنَا
زلخ,زَلِخَ,فَعِلَ يَفْعَلُ ( كسر فتح ),لازم, ,زَلِخَ,زَلِخَتْ,زَلِخَا,زَلِخَتَا,زَلِخُوا,زَلِخْنَ,زَلِخْتَ,زَلِخْتِ,زَلِخْتُمَا,زَلِخْتُمْ,زَلِخْتُنَّ,زَلِخْتُ,زَلِخْنَا
زلز,زَلِزَ,فَعِلَ يَفْعَلُ ( كسر فتح ),لازم, ,زَلِزَ,زَلِزَتْ,زَلِزَا,زَلِزَتَا,زَلِزُوا,زَلِزْنَ,زَلِزْتَ,زَلِزْتِ,زَلِزْتُمَا,زَلِزْتُمْ,زَلِزْتُنَّ,زَلِزْتُ,زَلِزْنَا
زلع,زَلَعَ,فَعَلَ يَفْعَلُ ( فتحتان ),مشترك , ,زَلَعَ,زَلَعَتْ,زَلَعَا,زَلَعَتَا,زَلَعُوا,زَلَعْنَ,زَلَعْتَ,زَلَعْتِ,زَلَعْتُمَا,زَلَعْتُمْ,زَلَعْتُنَّ,زَلَعْتُ,زَلَعْنَا
زلع,زَلِعَ,فَعِلَ يَفْعَلُ ( كسر فتح ),لازم, ,زَلِعَ,زَلِعَتْ,زَلِعَا,زَلِعَتَا,زَلِعُوا,زَلِعْنَ,زَلِعْتَ,زَلِعْتِ,زَلِعْتُمَا,زَلِعْتُمْ,زَلِعْتُنَّ,زَلِعْتُ,زَلِعْنَا
زلغ,زَلَغَ,فَعَلَ يَفْعُلُ ( فتحُ ضمٍّ ),مشترك , ,زَلَغَ,زَلَغَتْ,زَلَغَا,زَلَغَتَا,زَلَغُوا,زَلَغْنَ,زَلَغْتَ,زَلَغْتِ,زَلَغْتُمَا,زَلَغْتُمْ,زَلَغْتُنَّ,زَلَغْتُ,زَلَغْنَا
زلف,زَلَفَ,فَعَلَ يَفْعُلُ ( فتحُ ضمٍّ ),مشترك , ,زَلَفَ,زَلَفَتْ,زَلَفَا,زَلَفَتَا,زَلَفُوا,زَلَفْنَ,زَلَفْتَ,زَلَفْتِ,زَلَفْتُمَا,زَلَفْتُمْ,زَلَفْتُنَّ,زَلَفْتُ,زَلَفْنَا
زلق,زَلَقَ,فَعَلَ يَفْعُلُ ( فتحُ ضمٍّ ),مشترك , ,زَلَقَ,زَلَقَتْ,زَلَقَا,زَلَقَتَا,زَلَقُوا,زَلَقْنَ,زَلَقْتَ,زَلَقْتِ,زَلَقْتُمَا,زَلَقْتُمْ,زَلَقْتُنَّ,زَلَقْتُ,زَلَقْنَا
زلق,زَلَقَ,فَعَلَ يَفْعِلُ ( فتحُ كَسْرٍ ),متعدي, ,زَلَقَ,زَلَقَتْ,زَلَقَا,زَلَقَتَا,زَلَقُوا,زَلَقْنَ,زَلَقْتَ,زَلَقْتِ,زَلَقْتُمَا,زَلَقْتُمْ,زَلَقْتُنَّ,زَلَقْتُ,زَلَقْنَا
زلق,زَلِقَ,فَعِلَ يَفْعَلُ ( كسر فتح ),لازم, ,زَلِقَ,زَلِقَتْ,زَلِقَا,زَلِقَتَا,زَلِقُوا,زَلِقْنَ,زَلِقْتَ,زَلِقْتِ,زَلِقْتُمَا,زَلِقْتُمْ,زَلِقْتُنَّ,زَلِقْتُ,زَلِقْنَا
زلم,زَلَمَ,فَعَلَ يَفْعُلُ ( فتحُ ضمٍّ ),مشترك , ,زَلَمَ,زَلَمَتْ,زَلَمَا,زَلَمَتَا,زَلَمُوا,زَلَمْنَ,زَلَمْتَ,زَلَمْتِ,زَلَمْتُمَا,زَلَمْتُمْ,زَلَمْتُنَّ,زَلَمْتُ,زَلَمْنَا
زلم,زَلِمَ,فَعِلَ يَفْعَلُ ( كسر فتح ),لازم, ,زَلِمَ,زَلِمَتْ,زَلِمَا,زَلِمَتَا,زَلِمُوا,زَلِمْنَ,زَلِمْتَ,زَلِمْتِ,زَلِمْتُمَا,زَلِمْتُمْ,زَلِمْتُنَّ,زَلِمْتُ,زَلِمْنَا
زله,زَلِهَ,فَعِلَ يَفْعَلُ ( كسر فتح ),لازم, ,زَلِهَ,زَلِهَتْ,زَلِهَا,زَلِهَتَا,زَلِهُوا,زَلِهْنَ,زَلِهْتَ,زَلِهْتِ,زَلِهْتُمَا,زَلِهْتُمْ,زَلِهْتُنَّ,زَلِهْتُ,زَلِهْنَا
زمت,زَمَتَ,فَعَلَ يَفْعُلُ ( فتحُ ضمٍّ ),متعدي, ,زَمَتَ,زَمَتَتْ,زَمَتَا,زَمَتَتَا,زَمَتُوا,زَمَتْنَ,زَمَتْتَ,زَمَتْتِ,زَمَتْتُمَا,زَمَتْتُمْ,زَمَتْتُنَّ,زَمَتْتُ,زَمَتْنَا
زمت,زَمُتَ,فَعُلَ يَفْعُلُ ( ضمَ ضمٍَ ),لازم, ,زَمُتَ,زَمُتَتْ,زَمُتَا,زَمُتَتَا,زَمُتُوا,زَمُتْنَ,زَمُتْتَ,زَمُتْتِ,زَمُتْتُمَا,زَمُتْتُمْ,زَمُتْتُنَّ,زَمُتْتُ,زَمُتْنَا
زمج,زَمَجَ,فَعَلَ يَفْعُلُ ( فتحُ ضمٍّ ),مشترك , ,زَمَجَ,زَمَجَتْ,زَمَجَا,زَمَجَتَا,زَمَجُوا,زَمَجْنَ,زَمَجْتَ,زَمَجْتِ,زَمَجْتُمَا,زَمَجْتُمْ,زَمَجْتُنَّ,زَمَجْتُ,زَمَجْنَا
زمج,زَمِجَ,فَعِلَ يَفْعَلُ ( كسر فتح ),لازم, ,زَمِجَ,زَمِجَتْ,زَمِجَا,زَمِجَتَا,زَمِجُوا,زَمِجْنَ,زَمِجْتَ,زَمِجْتِ,زَمِجْتُمَا,زَمِجْتُمْ,زَمِجْتُنَّ,زَمِجْتُ,زَمِجْنَا
زمخ,زَمَخَ,فَعَلَ يَفْعَلُ ( فتحتان ),لازم, ,زَمَخَ,زَمَخَتْ,زَمَخَا,زَمَخَتَا,زَمَخُوا,زَمَخْنَ,زَمَخْتَ,زَمَخْتِ,زَمَخْتُمَا,زَمَخْتُمْ,زَمَخْتُنَّ,زَمَخْتُ,زَمَخْنَا
زمر,زَمَرَ,فَعَلَ يَفْعُلُ ( فتحُ ضمٍّ ),مشترك , ,زَمَرَ,زَمَرَتْ,زَمَرَا,زَمَرَتَا,زَمَرُوا,زَمَرْنَ,زَمَرْتَ,زَمَرْتِ,زَمَرْتُمَا,زَمَرْتُمْ,زَمَرْتُنَّ,زَمَرْتُ,زَمَرْنَا
زمر,زَمَرَ,فَعَلَ يَفْعِلُ ( فتحُ كَسْرٍ ),مشترك , ,زَمَرَ,زَمَرَتْ,زَمَرَا,زَمَرَتَا,زَمَرُوا,زَمَرْنَ,زَمَرْتَ,زَمَرْتِ,زَمَرْتُمَا,زَمَرْتُمْ,زَمَرْتُنَّ,زَمَرْتُ,زَمَرْنَا
زمر,زَمِرَ,فَعِلَ يَفْعَلُ ( كسر فتح ),لازم, ,زَمِرَ,زَمِرَتْ,زَمِرَا,زَمِرَتَا,زَمِرُوا,زَمِرْنَ,زَمِرْتَ,زَمِرْتِ,زَمِرْتُمَا,زَمِرْتُمْ,زَمِرْتُنَّ,زَمِرْتُ,زَمِرْنَا
زمع,زَمَعَ,فَعَلَ يَفْعَلُ ( فتحتان ),لازم, ,زَمَعَ,زَمَعَتْ,زَمَعَا,زَمَعَتَا,زَمَعُوا,زَمَعْنَ,زَمَعْتَ,زَمَعْتِ,زَمَعْتُمَا,زَمَعْتُمْ,زَمَعْتُنَّ,زَمَعْتُ,زَمَعْنَا
زمع,زَمِعَ,فَعِلَ يَفْعَلُ ( كسر فتح ),لازم, ,زَمِعَ,زَمِعَتْ,زَمِعَا,زَمِعَتَا,زَمِعُوا,زَمِعْنَ,زَمِعْتَ,زَمِعْتِ,زَمِعْتُمَا,زَمِعْتُمْ,زَمِعْتُنَّ,زَمِعْتُ,زَمِعْنَا
زمق,زَمَقَ,فَعَلَ يَفْعُلُ ( فتحُ ضمٍّ ),متعدي, ,زَمَقَ,زَمَقَتْ,زَمَقَا,زَمَقَتَا,زَمَقُوا,زَمَقْنَ,زَمَقْتَ,زَمَقْتِ,زَمَقْتُمَا,زَمَقْتُمْ,زَمَقْتُنَّ,زَمَقْتُ,زَمَقْنَا
زمق,زَمَقَ,فَعَلَ يَفْعِلُ ( فتحُ كَسْرٍ ),متعدي, ,زَمَقَ,زَمَقَتْ,زَمَقَا,زَمَقَتَا,زَمَقُوا,زَمَقْنَ,زَمَقْتَ,زَمَقْتِ,زَمَقْتُمَا,زَمَقْتُمْ,زَمَقْتُنَّ,زَمَقْتُ,زَمَقْنَا
زمك,زَمَكَ,فَعَلَ يَفْعُلُ ( فتحُ ضمٍّ ),متعدي, ,زَمَكَ,زَمَكَتْ,زَمَكَا,زَمَكَتَا,زَمَكُوا,زَمَكْنَ,زَمَكْتَ,زَمَكْتِ,زَمَكْتُمَا,زَمَكْتُمْ,زَمَكْتُنَّ,زَمَكْتُ,زَمَكْنَا
زمك,زَمِكَ,فَعِلَ يَفْعَلُ ( كسر فتح ),لازم, ,زَمِكَ,زَمِكَتْ,زَمِكَا,زَمِكَتَا,زَمِكُوا,زَمِكْنَ,زَمِكْتَ,زَمِكْتِ,زَمِكْتُمَا,زَمِكْتُمْ,زَمِكْتُنَّ,زَمِكْتُ,زَمِكْنَا
زمل,زَمَلَ,فَعَلَ يَفْعُلُ ( فتحُ ضمٍّ ),مشترك , ,زَمَلَ,زَمَلَتْ,زَمَلَا,زَمَلَتَا,زَمَلُوا,زَمَلْنَ,زَمَلْتَ,زَمَلْتِ,زَمَلْتُمَا,زَمَلْتُمْ,زَمَلْتُنَّ,زَمَلْتُ,زَمَلْنَا
زمل,زَمَلَ,فَعَلَ يَفْعِلُ ( فتحُ كَسْرٍ ),لازم, ,زَمَلَ,زَمَلَتْ,زَمَلَا,زَمَلَتَا,زَمَلُوا,زَمَلْنَ,زَمَلْتَ,زَمَلْتِ,زَمَلْتُمَا,زَمَلْتُمْ,زَمَلْتُنَّ,زَمَلْتُ,زَمَلْنَا
زمن,زَمِنَ,فَعِلَ يَفْعَلُ ( كسر فتح ),لازم, ,زَمِنَ,زَمِنَتْ,زَمِنَا,زَمِنَتَا,زَمِنُوا,زَمِنْنَ,زَمِنْتَ,زَمِنْتِ,زَمِنْتُمَا,زَمِنْتُمْ,زَمِنْتُنَّ,زَمِنْتُ,زَمِنْنَا
زمه,زَمِهَ,فَعِلَ يَفْعَلُ ( كسر فتح ),مشترك , ,زَمِهَ,زَمِهَتْ,زَمِهَا,زَمِهَتَا,زَمِهُوا,زَمِهْنَ,زَمِهْتَ,زَمِهْتِ,زَمِهْتُمَا,زَمِهْتُمْ,زَمِهْتُنَّ,زَمِهْتُ,زَمِهْنَا
زنب,زَنِبَ,فَعِلَ يَفْعَلُ ( كسر فتح ),لازم, ,زَنِبَ,زَنِبَتْ,زَنِبَا,زَنِبَتَا,زَنِبُوا,زَنِبْنَ,زَنِبْتَ,زَنِبْتِ,زَنِبْتُمَا,زَنِبْتُمْ,زَنِبْتُنَّ,زَنِبْتُ,زَنِبْنَا
زنج,زَنِجَ,فَعِلَ يَفْعَلُ ( كسر فتح ),لازم, ,زَنِجَ,زَنِجَتْ,زَنِجَا,زَنِجَتَا,زَنِجُوا,زَنِجْنَ,زَنِجْتَ,زَنِجْتِ,زَنِجْتُمَا,زَنِجْتُمْ,زَنِجْتُنَّ,زَنِجْتُ,زَنِجْنَا
زنح,زَنَحَ,فَعَلَ يَفْعَلُ ( فتحتان ),متعدي, ,زَنَحَ,زَنَحَتْ,زَنَحَا,زَنَحَتَا,زَنَحُوا,زَنَحْنَ,زَنَحْتَ,زَنَحْتِ,زَنَحْتُمَا,زَنَحْتُمْ,زَنَحْتُنَّ,زَنَحْتُ,زَنَحْنَا
زنخ,زَنَخَ,فَعَلَ يَفْعُلُ ( فتحُ ضمٍّ ),لازم, ,زَنَخَ,زَنَخَتْ,زَنَخَا,زَنَخَتَا,زَنَخُوا,زَنَخْنَ,زَنَخْتَ,زَنَخْتِ,زَنَخْتُمَا,زَنَخْتُمْ,زَنَخْتُنَّ,زَنَخْتُ,زَنَخْنَا
زنخ,زَنَخَ,فَعَلَ يَفْعِلُ ( فتحُ كَسْرٍ ),لازم, ,زَنَخَ,زَنَخَتْ,زَنَخَا,زَنَخَتَا,زَنَخُوا,زَنَخْنَ,زَنَخْتَ,زَنَخْتِ,زَنَخْتُمَا,زَنَخْتُمْ,زَنَخْتُنَّ,زَنَخْتُ,زَنَخْنَا
زنخ,زَنِخَ,فَعِلَ يَفْعَلُ ( كسر فتح ),لازم, ,زَنِخَ,زَنِخَتْ,زَنِخَا,زَنِخَتَا,زَنِخُوا,زَنِخْنَ,زَنِخْتَ,زَنِخْتِ,زَنِخْتُمَا,زَنِخْتُمْ,زَنِخْتُنَّ,زَنِخْتُ,زَنِخْنَا
زند,زَنَدَ,فَعَلَ يَفْعُلُ ( فتحُ ضمٍّ ),مشترك , ,زَنَدَ,زَنَدَتْ,زَنَدَا,زَنَدَتَا,زَنَدُوا,زَنَدْنَ,زَنَدْتَ,زَنَدْتِ,زَنَدْتُمَا,زَنَدْتُمْ,زَنَدْتُنَّ,زَنَدْتُ,زَنَدْنَا
زند,زَنِدَ,فَعِلَ يَفْعَلُ ( كسر فتح ),لازم, ,زَنِدَ,زَنِدَتْ,زَنِدَا,زَنِدَتَا,زَنِدُوا,زَنِدْنَ,زَنِدْتَ,زَنِدْتِ,زَنِدْتُمَا,زَنِدْتُمْ,زَنِدْتُنَّ,زَنِدْتُ,زَنِدْنَا
زنر,زَنَرَ,فَعَلَ يَفْعُلُ ( فتحُ ضمٍّ ),متعدي, ,زَنَرَ,زَنَرَتْ,زَنَرَا,زَنَرَتَا,زَنَرُوا,زَنَرْنَ,زَنَرْتَ,زَنَرْتِ,زَنَرْتُمَا,زَنَرْتُمْ,زَنَرْتُنَّ,زَنَرْتُ,زَنَرْنَا
زنف,زَنِفَ,فَعِلَ يَفْعَلُ ( كسر فتح ),لازم, ,زَنِفَ,زَنِفَتْ,زَنِفَا,زَنِفَتَا,زَنِفُوا,زَنِفْنَ,زَنِفْتَ,زَنِفْتِ,زَنِفْتُمَا,زَنِفْتُمْ,زَنِفْتُنَّ,زَنِفْتُ,زَنِفْنَا
زنق,زَنَقَ,فَعَلَ يَفْعُلُ ( فتحُ ضمٍّ ),متعدي, ,زَنَقَ,زَنَقَتْ,زَنَقَا,زَنَقَتَا,زَنَقُوا,زَنَقْنَ,زَنَقْتَ,زَنَقْتِ,زَنَقْتُمَا,زَنَقْتُمْ,زَنَقْتُنَّ,زَنَقْتُ,زَنَقْنَا
زنق,زَنَقَ,فَعَلَ يَفْعِلُ ( فتحُ كَسْرٍ ),مشترك , ,زَنَقَ,زَنَقَتْ,زَنَقَا,زَنَقَتَا,زَنَقُوا,زَنَقْنَ,زَنَقْتَ,زَنَقْتِ,زَنَقْتُمَا,زَنَقْتُمْ,زَنَقْتُنَّ,زَنَقْتُ,زَنَقْنَا
زنم,زَنَمَ,فَعَلَ يَفْعُلُ ( فتحُ ضمٍّ ),متعدي, ,زَنَمَ,زَنَمَتْ,زَنَمَا,زَنَمَتَا,زَنَمُوا,زَنَمْنَ,زَنَمْتَ,زَنَمْتِ,زَنَمْتُمَا,زَنَمْتُمْ,زَنَمْتُنَّ,زَنَمْتُ,زَنَمْنَا
زنم,زَنِمَ,فَعِلَ يَفْعَلُ ( كسر فتح ),لازم, ,زَنِمَ,زَنِمَتْ,زَنِمَا,زَنِمَتَا,زَنِمُوا,زَنِمْنَ,زَنِمْتَ,زَنِمْتِ,زَنِمْتُمَا,زَنِمْتُمْ,زَنِمْتُنَّ,زَنِمْتُ,زَنِمْنَا
زهد,زَهَدَ,فَعَلَ يَفْعَلُ ( فتحتان ),مشترك , ,زَهَدَ,زَهَدَتْ,زَهَدَا,زَهَدَتَا,زَهَدُوا,زَهَدْنَ,زَهَدْتَ,زَهَدْتِ,زَهَدْتُمَا,زَهَدْتُمْ,زَهَدْتُنَّ,زَهَدْتُ,زَهَدْنَا
زهد,زَهِدَ,فَعِلَ يَفْعَلُ ( كسر فتح ),لازم, ,زَهِدَ,زَهِدَتْ,زَهِدَا,زَهِدَتَا,زَهِدُوا,زَهِدْنَ,زَهِدْتَ,زَهِدْتِ,زَهِدْتُمَا,زَهِدْتُمْ,زَهِدْتُنَّ,زَهِدْتُ,زَهِدْنَا
زهد,زَهُدَ,فَعُلَ يَفْعُلُ ( ضمَ ضمٍَ ),لازم, ,زَهُدَ,زَهُدَتْ,زَهُدَا,زَهُدَتَا,زَهُدُوا,زَهُدْنَ,زَهُدْتَ,زَهُدْتِ,زَهُدْتُمَا,زَهُدْتُمْ,زَهُدْتُنَّ,زَهُدْتُ,زَهُدْنَا
زهر,زَهَرَ,فَعَلَ يَفْعَلُ ( فتحتان ),مشترك , ,زَهَرَ,زَهَرَتْ,زَهَرَا,زَهَرَتَا,زَهَرُوا,زَهَرْنَ,زَهَرْتَ,زَهَرْتِ,زَهَرْتُمَا,زَهَرْتُمْ,زَهَرْتُنَّ,زَهَرْتُ,زَهَرْنَا
زهر,زَهِرَ,فَعِلَ يَفْعَلُ ( كسر فتح ),لازم, ,زَهِرَ,زَهِرَتْ,زَهِرَا,زَهِرَتَا,زَهِرُوا,زَهِرْنَ,زَهِرْتَ,زَهِرْتِ,زَهِرْتُمَا,زَهِرْتُمْ,زَهِرْتُنَّ,زَهِرْتُ,زَهِرْنَا
زهر,زَهُرَ,فَعُلَ يَفْعُلُ ( ضمَ ضمٍَ ),لازم, ,زَهُرَ,زَهُرَتْ,زَهُرَا,زَهُرَتَا,زَهُرُوا,زَهُرْنَ,زَهُرْتَ,زَهُرْتِ,زَهُرْتُمَا,زَهُرْتُمْ,زَهُرْتُنَّ,زَهُرْتُ,زَهُرْنَا
زهف,زَهَفَ,فَعَلَ يَفْعَلُ ( فتحتان ),لازم, ,زَهَفَ,زَهَفَتْ,زَهَفَا,زَهَفَتَا,زَهَفُوا,زَهَفْنَ,زَهَفْتَ,زَهَفْتِ,زَهَفْتُمَا,زَهَفْتُمْ,زَهَفْتُنَّ,زَهَفْتُ,زَهَفْنَا
زهف,زَهِفَ,فَعِلَ يَفْعَلُ ( كسر فتح ),مشترك , ,زَهِفَ,زَهِفَتْ,زَهِفَا,زَهِفَتَا,زَهِفُوا,زَهِفْنَ,زَهِفْتَ,زَهِفْتِ,زَهِفْتُمَا,زَهِفْتُمْ,زَهِفْتُنَّ,زَهِفْتُ,زَهِفْنَا
زهق,زَهَقَ,فَعَلَ يَفْعَلُ ( فتحتان ),لازم, ,زَهَقَ,زَهَقَتْ,زَهَقَا,زَهَقَتَا,زَهَقُوا,زَهَقْنَ,زَهَقْتَ,زَهَقْتِ,زَهَقْتُمَا,زَهَقْتُمْ,زَهَقْتُنَّ,زَهَقْتُ,زَهَقْنَا
زهك,زَهَكَ,فَعَلَ يَفْعَلُ ( فتحتان ),متعدي, ,زَهَكَ,زَهَكَتْ,زَهَكَا,زَهَكَتَا,زَهَكُوا,زَهَكْنَ,زَهَكْتَ,زَهَكْتِ,زَهَكْتُمَا,زَهَكْتُمْ,زَهَكْتُنَّ,زَهَكْتُ,زَهَكْنَا
زهل,زَهَلَ,فَعَلَ يَفْعَلُ ( فتحتان ),لازم, ,زَهَلَ,زَهَلَتْ,زَهَلَا,زَهَلَتَا,زَهَلُوا,زَهَلْنَ,زَهَلْتَ,زَهَلْتِ,زَهَلْتُمَا,زَهَلْتُمْ,زَهَلْتُنَّ,زَهَلْتُ,زَهَلْنَا
زهل,زَهِلَ,فَعِلَ يَفْعَلُ ( كسر فتح ),لازم, ,زَهِلَ,زَهِلَتْ,زَهِلَا,زَهِلَتَا,زَهِلُوا,زَهِلْنَ,زَهِلْتَ,زَهِلْتِ,زَهِلْتُمَا,زَهِلْتُمْ,زَهِلْتُنَّ,زَهِلْتُ,زَهِلْنَا
زهم,زَهَمَ,فَعَلَ يَفْعُلُ ( فتحُ ضمٍّ ),مشترك , ,زَهَمَ,زَهَمَتْ,زَهَمَا,زَهَمَتَا,زَهَمُوا,زَهَمْنَ,زَهَمْتَ,زَهَمْتِ,زَهَمْتُمَا,زَهَمْتُمْ,زَهَمْتُنَّ,زَهَمْتُ,زَهَمْنَا
زهم,زَهِمَ,فَعِلَ يَفْعَلُ ( كسر فتح ),مشترك , ,زَهِمَ,زَهِمَتْ,زَهِمَا,زَهِمَتَا,زَهِمُوا,زَهِمْنَ,زَهِمْتَ,زَهِمْتِ,زَهِمْتُمَا,زَهِمْتُمْ,زَهِمْتُنَّ,زَهِمْتُ,زَهِمْنَا
سبت,سَبَتَ,فَعَلَ يَفْعُلُ ( فتحُ ضمٍّ ),مشترك , ,سَبَتَ,سَبَتَتْ,سَبَتَا,سَبَتَتَا,سَبَتُوا,سَبَتْنَ,سَبَتْتَ,سَبَتْتِ,سَبَتْتُمَا,سَبَتْتُمْ,سَبَتْتُنَّ,سَبَتْتُ,سَبَتْنَا
سبت,سَبَتَ,فَعَلَ يَفْعِلُ ( فتحُ كَسْرٍ ),مشترك , ,سَبَتَ,سَبَتَتْ,سَبَتَا,سَبَتَتَا,سَبَتُوا,سَبَتْنَ,سَبَتْتَ,سَبَتْتِ,سَبَتْتُمَا,سَبَتْتُمْ,سَبَتْتُنَّ,سَبَتْتُ,سَبَتْنَا
سبح,سَبَحَ,فَعَلَ يَفْعَلُ ( فتحتان ),لازم, ,سَبَحَ,سَبَحَتْ,سَبَحَا,سَبَحَتَا,سَبَحُوا,سَبَحْنَ,سَبَحْتَ,سَبَحْتِ,سَبَحْتُمَا,سَبَحْتُمْ,سَبَحْتُنَّ,سَبَحْتُ,سَبَحْنَا
سبخ,سَبَخَ,فَعَلَ يَفْعَلُ ( فتحتان ),مشترك , ,سَبَخَ,سَبَخَتْ,سَبَخَا,سَبَخَتَا,سَبَخُوا,سَبَخْنَ,سَبَخْتَ,سَبَخْتِ,سَبَخْتُمَا,سَبَخْتُمْ,سَبَخْتُنَّ,سَبَخْتُ,سَبَخْنَا
سبخ,سَبِخَ,فَعِلَ يَفْعَلُ ( كسر فتح ),لازم, ,سَبِخَ,سَبِخَتْ,سَبِخَا,سَبِخَتَا,سَبِخُوا,سَبِخْنَ,سَبِخْتَ,سَبِخْتِ,سَبِخْتُمَا,سَبِخْتُمْ,سَبِخْتُنَّ,سَبِخْتُ,سَبِخْنَا
سبد,سَبَدَ,فَعَلَ يَفْعُلُ ( فتحُ ضمٍّ ),مشترك , ,سَبَدَ,سَبَدَتْ,سَبَدَا,سَبَدَتَا,سَبَدُوا,سَبَدْنَ,سَبَدْتَ,سَبَدْتِ,سَبَدْتُمَا,سَبَدْتُمْ,سَبَدْتُنَّ,سَبَدْتُ,سَبَدْنَا
سبر,سَبَرَ,فَعَلَ يَفْعُلُ ( فتحُ ضمٍّ ),متعدي, ,سَبَرَ,سَبَرَتْ,سَبَرَا,سَبَرَتَا,سَبَرُوا,سَبَرْنَ,سَبَرْتَ,سَبَرْتِ,سَبَرْتُمَا,سَبَرْتُمْ,سَبَرْتُنَّ,سَبَرْتُ,سَبَرْنَا
سبر,سَبَرَ,فَعَلَ يَفْعِلُ ( فتحُ كَسْرٍ ),متعدي, ,سَبَرَ,سَبَرَتْ,سَبَرَا,سَبَرَتَا,سَبَرُوا,سَبَرْنَ,سَبَرْتَ,سَبَرْتِ,سَبَرْتُمَا,سَبَرْتُمْ,سَبَرْتُنَّ,سَبَرْتُ,سَبَرْنَا
سبط,سَبِطَ,فَعِلَ يَفْعَلُ ( كسر فتح ),لازم, ,سَبِطَ,سَبِطَتْ,سَبِطَا,سَبِطَتَا,سَبِطُوا,سَبِطْنَ,سَبِطْتَ,سَبِطْتِ,سَبِطْتُمَا,سَبِطْتُمْ,سَبِطْتُنَّ,سَبِطْتُ,سَبِطْنَا
سبط,سَبُطَ,فَعُلَ يَفْعُلُ ( ضمَ ضمٍَ ),لازم, ,سَبُطَ,سَبُطَتْ,سَبُطَا,سَبُطَتَا,سَبُطُوا,سَبُطْنَ,سَبُطْتَ,سَبُطْتِ,سَبُطْتُمَا,سَبُطْتُمْ,سَبُطْتُنَّ,سَبُطْتُ,سَبُطْنَا
سبع,سَبَعَ,فَعَلَ يَفْعِلُ ( فتحُ كَسْرٍ ),متعدي, ,سَبَعَ,سَبَعَتْ,سَبَعَا,سَبَعَتَا,سَبَعُوا,سَبَعْنَ,سَبَعْتَ,سَبَعْتِ,سَبَعْتُمَا,سَبَعْتُمْ,سَبَعْتُنَّ,سَبَعْتُ,سَبَعْنَا
سبع,سَبَعَ,فَعَلَ يَفْعَلُ ( فتحتان ),متعدي, ,سَبَعَ,سَبَعَتْ,سَبَعَا,سَبَعَتَا,سَبَعُوا,سَبَعْنَ,سَبَعْتَ,سَبَعْتِ,سَبَعْتُمَا,سَبَعْتُمْ,سَبَعْتُنَّ,سَبَعْتُ,سَبَعْنَا
سبغ,سَبَغَ,فَعَلَ يَفْعُلُ ( فتحُ ضمٍّ ),لازم, ,سَبَغَ,سَبَغَتْ,سَبَغَا,سَبَغَتَا,سَبَغُوا,سَبَغْنَ,سَبَغْتَ,سَبَغْتِ,سَبَغْتُمَا,سَبَغْتُمْ,سَبَغْتُنَّ,سَبَغْتُ,سَبَغْنَا
سبق,سَبَقَ,فَعَلَ يَفْعُلُ ( فتحُ ضمٍّ ),مشترك , ,سَبَقَ,سَبَقَتْ,سَبَقَا,سَبَقَتَا,سَبَقُوا,سَبَقْنَ,سَبَقْتَ,سَبَقْتِ,سَبَقْتُمَا,سَبَقْتُمْ,سَبَقْتُنَّ,سَبَقْتُ,سَبَقْنَا
سبق,سَبَقَ,فَعَلَ يَفْعِلُ ( فتحُ كَسْرٍ ),مشترك , ,سَبَقَ,سَبَقَتْ,سَبَقَا,سَبَقَتَا,سَبَقُوا,سَبَقْنَ,سَبَقْتَ,سَبَقْتِ,سَبَقْتُمَا,سَبَقْتُمْ,سَبَقْتُنَّ,سَبَقْتُ,سَبَقْنَا
سبك,سَبَكَ,فَعَلَ يَفْعُلُ ( فتحُ ضمٍّ ),متعدي, ,سَبَكَ,سَبَكَتْ,سَبَكَا,سَبَكَتَا,سَبَكُوا,سَبَكْنَ,سَبَكْتَ,سَبَكْتِ,سَبَكْتُمَا,سَبَكْتُمْ,سَبَكْتُنَّ,سَبَكْتُ,سَبَكْنَا
سبك,سَبَكَ,فَعَلَ يَفْعِلُ ( فتحُ كَسْرٍ ),متعدي, ,سَبَكَ,سَبَكَتْ,سَبَكَا,سَبَكَتَا,سَبَكُوا,سَبَكْنَ,سَبَكْتَ,سَبَكْتِ,سَبَكْتُمَا,سَبَكْتُمْ,سَبَكْتُنَّ,سَبَكْتُ,سَبَكْنَا
ستر,سَتَرَ,فَعَلَ يَفْعُلُ ( فتحُ ضمٍّ ),متعدي, ,سَتَرَ,سَتَرَتْ,سَتَرَا,سَتَرَتَا,سَتَرُوا,سَتَرْنَ,سَتَرْتَ,سَتَرْتِ,سَتَرْتُمَا,سَتَرْتُمْ,سَتَرْتُنَّ,سَتَرْتُ,سَتَرْنَا
ستر,سَتَرَ,فَعَلَ يَفْعِلُ ( فتحُ كَسْرٍ ),متعدي, ,سَتَرَ,سَتَرَتْ,سَتَرَا,سَتَرَتَا,سَتَرُوا,سَتَرْنَ,سَتَرْتَ,سَتَرْتِ,سَتَرْتُمَا,سَتَرْتُمْ,سَتَرْتُنَّ,سَتَرْتُ,سَتَرْنَا
ستل,سَتَلَ,فَعَلَ يَفْعُلُ ( فتحُ ضمٍّ ),لازم, ,سَتَلَ,سَتَلَتْ,سَتَلَا,سَتَلَتَا,سَتَلُوا,سَتَلْنَ,سَتَلْتَ,سَتَلْتِ,سَتَلْتُمَا,سَتَلْتُمْ,سَتَلْتُنَّ,سَتَلْتُ,سَتَلْنَا
ستل,سَتِلَ,فَعِلَ يَفْعَلُ ( كسر فتح ),متعدي, ,سَتِلَ,سَتِلَتْ,سَتِلَا,سَتِلَتَا,سَتِلُوا,سَتِلْنَ,سَتِلْتَ,سَتِلْتِ,سَتِلْتُمَا,سَتِلْتُمْ,سَتِلْتُنَّ,سَتِلْتُ,سَتِلْنَا
سته,سَتَهَ,فَعَلَ يَفْعَلُ ( فتحتان ),متعدي, ,سَتَهَ,سَتَهَتْ,سَتَهَا,سَتَهَتَا,سَتَهُوا,سَتَهْنَ,سَتَهْتَ,سَتَهْتِ,سَتَهْتُمَا,سَتَهْتُمْ,سَتَهْتُنَّ,سَتَهْتُ,سَتَهْنَا
سته,سَتِهَ,فَعِلَ يَفْعَلُ ( كسر فتح ),لازم, ,سَتِهَ,سَتِهَتْ,سَتِهَا,سَتِهَتَا,سَتِهُوا,سَتِهْنَ,سَتِهْتَ,سَتِهْتِ,سَتِهْتُمَا,سَتِهْتُمْ,سَتِهْتُنَّ,سَتِهْتُ,سَتِهْنَا
سجح,سَجَحَ,فَعَلَ يَفْعَلُ ( فتحتان ),لازم, ,سَجَحَ,سَجَحَتْ,سَجَحَا,سَجَحَتَا,سَجَحُوا,سَجَحْنَ,سَجَحْتَ,سَجَحْتِ,سَجَحْتُمَا,سَجَحْتُمْ,سَجَحْتُنَّ,سَجَحْتُ,سَجَحْنَا
سجح,سَجِحَ,فَعِلَ يَفْعَلُ ( كسر فتح ),لازم, ,سَجِحَ,سَجِحَتْ,سَجِحَا,سَجِحَتَا,سَجِحُوا,سَجِحْنَ,سَجِحْتَ,سَجِحْتِ,سَجِحْتُمَا,سَجِحْتُمْ,سَجِحْتُنَّ,سَجِحْتُ,سَجِحْنَا
سجد,سَجَدَ,فَعَلَ يَفْعُلُ ( فتحُ ضمٍّ ),لازم, ,سَجَدَ,سَجَدَتْ,سَجَدَا,سَجَدَتَا,سَجَدُوا,سَجَدْنَ,سَجَدْتَ,سَجَدْتِ,سَجَدْتُمَا,سَجَدْتُمْ,سَجَدْتُنَّ,سَجَدْتُ,سَجَدْنَا
سجد,سَجِدَ,فَعِلَ يَفْعَلُ ( كسر فتح ),لازم, ,سَجِدَ,سَجِدَتْ,سَجِدَا,سَجِدَتَا,سَجِدُوا,سَجِدْنَ,سَجِدْتَ,سَجِدْتِ,سَجِدْتُمَا,سَجِدْتُمْ,سَجِدْتُنَّ,سَجِدْتُ,سَجِدْنَا
سجر,سَجَرَ,فَعَلَ يَفْعُلُ ( فتحُ ضمٍّ ),مشترك , ,سَجَرَ,سَجَرَتْ,سَجَرَا,سَجَرَتَا,سَجَرُوا,سَجَرْنَ,سَجَرْتَ,سَجَرْتِ,سَجَرْتُمَا,سَجَرْتُمْ,سَجَرْتُنَّ,سَجَرْتُ,سَجَرْنَا
سجر,سَجِرَ,فَعِلَ يَفْعَلُ ( كسر فتح ),لازم, ,سَجِرَ,سَجِرَتْ,سَجِرَا,سَجِرَتَا,سَجِرُوا,سَجِرْنَ,سَجِرْتَ,سَجِرْتِ,سَجِرْتُمَا,سَجِرْتُمْ,سَجِرْتُنَّ,سَجِرْتُ,سَجِرْنَا
سجس,سَجِسَ,فَعِلَ يَفْعَلُ ( كسر فتح ),لازم, ,سَجِسَ,سَجِسَتْ,سَجِسَا,سَجِسَتَا,سَجِسُوا,سَجِسْنَ,سَجِسْتَ,سَجِسْتِ,سَجِسْتُمَا,سَجِسْتُمْ,سَجِسْتُنَّ,سَجِسْتُ,سَجِسْنَا
سجع,سَجَعَ,فَعَلَ يَفْعَلُ ( فتحتان ),لازم, ,سَجَعَ,سَجَعَتْ,سَجَعَا,سَجَعَتَا,سَجَعُوا,سَجَعْنَ,سَجَعْتَ,سَجَعْتِ,سَجَعْتُمَا,سَجَعْتُمْ,سَجَعْتُنَّ,سَجَعْتُ,سَجَعْنَا
سجف,سَجَفَ,فَعَلَ يَفْعُلُ ( فتحُ ضمٍّ ),متعدي, ,سَجَفَ,سَجَفَتْ,سَجَفَا,سَجَفَتَا,سَجَفُوا,سَجَفْنَ,سَجَفْتَ,سَجَفْتِ,سَجَفْتُمَا,سَجَفْتُمْ,سَجَفْتُنَّ,سَجَفْتُ,سَجَفْنَا
سجف,سَجِفَ,فَعِلَ يَفْعَلُ ( كسر فتح ),متعدي, ,سَجِفَ,سَجِفَتْ,سَجِفَا,سَجِفَتَا,سَجِفُوا,سَجِفْنَ,سَجِفْتَ,سَجِفْتِ,سَجِفْتُمَا,سَجِفْتُمْ,سَجِفْتُنَّ,سَجِفْتُ,سَجِفْنَا
سجل,سَجَلَ,فَعَلَ يَفْعُلُ ( فتحُ ضمٍّ ),مشترك , ,سَجَلَ,سَجَلَتْ,سَجَلَا,سَجَلَتَا,سَجَلُوا,سَجَلْنَ,سَجَلْتَ,سَجَلْتِ,سَجَلْتُمَا,سَجَلْتُمْ,سَجَلْتُنَّ,سَجَلْتُ,سَجَلْنَا
سجم,سَجَمَ,فَعَلَ يَفْعُلُ ( فتحُ ضمٍّ ),مشترك , ,سَجَمَ,سَجَمَتْ,سَجَمَا,سَجَمَتَا,سَجَمُوا,سَجَمْنَ,سَجَمْتَ,سَجَمْتِ,سَجَمْتُمَا,سَجَمْتُمْ,سَجَمْتُنَّ,سَجَمْتُ,سَجَمْنَا
سجم,سَجَمَ,فَعَلَ يَفْعِلُ ( فتحُ كَسْرٍ ),متعدي, ,سَجَمَ,سَجَمَتْ,سَجَمَا,سَجَمَتَا,سَجَمُوا,سَجَمْنَ,سَجَمْتَ,سَجَمْتِ,سَجَمْتُمَا,سَجَمْتُمْ,سَجَمْتُنَّ,سَجَمْتُ,سَجَمْنَا
سجن,سَجَنَ,فَعَلَ يَفْعُلُ ( فتحُ ضمٍّ ),متعدي, ,سَجَنَ,سَجَنَتْ,سَجَنَا,سَجَنَتَا,سَجَنُوا,سَجَنْنَ,سَجَنْتَ,سَجَنْتِ,سَجَنْتُمَا,سَجَنْتُمْ,سَجَنْتُنَّ,سَجَنْتُ,سَجَنْنَا
سحب,سَحَبَ,فَعَلَ يَفْعَلُ ( فتحتان ),مشترك , ,سَحَبَ,سَحَبَتْ,سَحَبَا,سَحَبَتَا,سَحَبُوا,سَحَبْنَ,سَحَبْتَ,سَحَبْتِ,سَحَبْتُمَا,سَحَبْتُمْ,سَحَبْتُنَّ,سَحَبْتُ,سَحَبْنَا
سحت,سَحَتَ,فَعَلَ يَفْعَلُ ( فتحتان ),مشترك , ,سَحَتَ,سَحَتَتْ,سَحَتَا,سَحَتَتَا,سَحَتُوا,سَحَتْنَ,سَحَتْتَ,سَحَتْتِ,سَحَتْتُمَا,سَحَتْتُمْ,سَحَتْتُنَّ,سَحَتْتُ,سَحَتْنَا
سحج,سَحَجَ,فَعَلَ يَفْعَلُ ( فتحتان ),مشترك , ,سَحَجَ,سَحَجَتْ,سَحَجَا,سَحَجَتَا,سَحَجُوا,سَحَجْنَ,سَحَجْتَ,سَحَجْتِ,سَحَجْتُمَا,سَحَجْتُمْ,سَحَجْتُنَّ,سَحَجْتُ,سَحَجْنَا
سحر,سَحَرَ,فَعَلَ يَفْعَلُ ( فتحتان ),مشترك , ,سَحَرَ,سَحَرَتْ,سَحَرَا,سَحَرَتَا,سَحَرُوا,سَحَرْنَ,سَحَرْتَ,سَحَرْتِ,سَحَرْتُمَا,سَحَرْتُمْ,سَحَرْتُنَّ,سَحَرْتُ,سَحَرْنَا
سحر,سَحِرَ,فَعِلَ يَفْعَلُ ( كسر فتح ),لازم, ,سَحِرَ,سَحِرَتْ,سَحِرَا,سَحِرَتَا,سَحِرُوا,سَحِرْنَ,سَحِرْتَ,سَحِرْتِ,سَحِرْتُمَا,سَحِرْتُمْ,سَحِرْتُنَّ,سَحِرْتُ,سَحِرْنَا
سحط,سَحَطَ,فَعَلَ يَفْعَلُ ( فتحتان ),متعدي, ,سَحَطَ,سَحَطَتْ,سَحَطَا,سَحَطَتَا,سَحَطُوا,سَحَطْنَ,سَحَطْتَ,سَحَطْتِ,سَحَطْتُمَا,سَحَطْتُمْ,سَحَطْتُنَّ,سَحَطْتُ,سَحَطْنَا
سحف,سَحَفَ,فَعَلَ يَفْعَلُ ( فتحتان ),مشترك , ,سَحَفَ,سَحَفَتْ,سَحَفَا,سَحَفَتَا,سَحَفُوا,سَحَفْنَ,سَحَفْتَ,سَحَفْتِ,سَحَفْتُمَا,سَحَفْتُمْ,سَحَفْتُنَّ,سَحَفْتُ,سَحَفْنَا
سحق,سَحَقَ,فَعَلَ يَفْعَلُ ( فتحتان ),مشترك , ,سَحَقَ,سَحَقَتْ,سَحَقَا,سَحَقَتَا,سَحَقُوا,سَحَقْنَ,سَحَقْتَ,سَحَقْتِ,سَحَقْتُمَا,سَحَقْتُمْ,سَحَقْتُنَّ,سَحَقْتُ,سَحَقْنَا
سحق,سَحِقَ,فَعِلَ يَفْعَلُ ( كسر فتح ),لازم, ,سَحِقَ,سَحِقَتْ,سَحِقَا,سَحِقَتَا,سَحِقُوا,سَحِقْنَ,سَحِقْتَ,سَحِقْتِ,سَحِقْتُمَا,سَحِقْتُمْ,سَحِقْتُنَّ,سَحِقْتُ,سَحِقْنَا
سحق,سَحُقَ,فَعُلَ يَفْعُلُ ( ضمَ ضمٍَ ),لازم, ,سَحُقَ,سَحُقَتْ,سَحُقَا,سَحُقَتَا,سَحُقُوا,سَحُقْنَ,سَحُقْتَ,سَحُقْتِ,سَحُقْتُمَا,سَحُقْتُمْ,سَحُقْتُنَّ,سَحُقْتُ,سَحُقْنَا
سحل,سَحَلَ,فَعَلَ يَفْعَلُ ( فتحتان ),مشترك , ,سَحَلَ,سَحَلَتْ,سَحَلَا,سَحَلَتَا,سَحَلُوا,سَحَلْنَ,سَحَلْتَ,سَحَلْتِ,سَحَلْتُمَا,سَحَلْتُمْ,سَحَلْتُنَّ,سَحَلْتُ,سَحَلْنَا
سحم,سَحِمَ,فَعِلَ يَفْعَلُ ( كسر فتح ),لازم, ,سَحِمَ,سَحِمَتْ,سَحِمَا,سَحِمَتَا,سَحِمُوا,سَحِمْنَ,سَحِمْتَ,سَحِمْتِ,سَحِمْتُمَا,سَحِمْتُمْ,سَحِمْتُنَّ,سَحِمْتُ,سَحِمْنَا
سحن,سَحَنَ,فَعَلَ يَفْعَلُ ( فتحتان ),متعدي, ,سَحَنَ,سَحَنَتْ,سَحَنَا,سَحَنَتَا,سَحَنُوا,سَحَنْنَ,سَحَنْتَ,سَحَنْتِ,سَحَنْتُمَا,سَحَنْتُمْ,سَحَنْتُنَّ,سَحَنْتُ,سَحَنْنَا
سخر,سَخَرَ,فَعَلَ يَفْعَلُ ( فتحتان ),مشترك , ,سَخَرَ,سَخَرَتْ,سَخَرَا,سَخَرَتَا,سَخَرُوا,سَخَرْنَ,سَخَرْتَ,سَخَرْتِ,سَخَرْتُمَا,سَخَرْتُمْ,سَخَرْتُنَّ,سَخَرْتُ,سَخَرْنَا
سخر,سَخِرَ,فَعِلَ يَفْعَلُ ( كسر فتح ),لازم, ,سَخِرَ,سَخِرَتْ,سَخِرَا,سَخِرَتَا,سَخِرُوا,سَخِرْنَ,سَخِرْتَ,سَخِرْتِ,سَخِرْتُمَا,سَخِرْتُمْ,سَخِرْتُنَّ,سَخِرْتُ,سَخِرْنَا
سخط,سَخِطَ,فَعِلَ يَفْعَلُ ( كسر فتح ),مشترك , ,سَخِطَ,سَخِطَتْ,سَخِطَا,سَخِطَتَا,سَخِطُوا,سَخِطْنَ,سَخِطْتَ,سَخِطْتِ,سَخِطْتُمَا,سَخِطْتُمْ,سَخِطْتُنَّ,سَخِطْتُ,سَخِطْنَا
سخف,سَخُفَ,فَعُلَ يَفْعُلُ ( ضمَ ضمٍَ ),لازم, ,سَخُفَ,سَخُفَتْ,سَخُفَا,سَخُفَتَا,سَخُفُوا,سَخُفْنَ,سَخُفْتَ,سَخُفْتِ,سَخُفْتُمَا,سَخُفْتُمْ,سَخُفْتُنَّ,سَخُفْتُ,سَخُفْنَا
سخل,سَخَلَ,فَعَلَ يَفْعَلُ ( فتحتان ),متعدي, ,سَخَلَ,سَخَلَتْ,سَخَلَا,سَخَلَتَا,سَخَلُوا,سَخَلْنَ,سَخَلْتَ,سَخَلْتِ,سَخَلْتُمَا,سَخَلْتُمْ,سَخَلْتُنَّ,سَخَلْتُ,سَخَلْنَا
سخن,سَخَنَ,فَعَلَ يَفْعُلُ ( فتحُ ضمٍّ ),لازم, ,سَخَنَ,سَخَنَتْ,سَخَنَا,سَخَنَتَا,سَخَنُوا,سَخَنْنَ,سَخَنْتَ,سَخَنْتِ,سَخَنْتُمَا,سَخَنْتُمْ,سَخَنْتُنَّ,سَخَنْتُ,سَخَنْنَا
سخن,سَخِنَ,فَعِلَ يَفْعَلُ ( كسر فتح ),لازم, ,سَخِنَ,سَخِنَتْ,سَخِنَا,سَخِنَتَا,سَخِنُوا,سَخِنْنَ,سَخِنْتَ,سَخِنْتِ,سَخِنْتُمَا,سَخِنْتُمْ,سَخِنْتُنَّ,سَخِنْتُ,سَخِنْنَا
سخن,سَخُنَ,فَعُلَ يَفْعُلُ ( ضمَ ضمٍَ ),لازم, ,سَخُنَ,سَخُنَتْ,سَخُنَا,سَخُنَتَا,سَخُنُوا,سَخُنْنَ,سَخُنْتَ,سَخُنْتِ,سَخُنْتُمَا,سَخُنْتُمْ,سَخُنْتُنَّ,سَخُنْتُ,سَخُنْنَا
سدج,سَدَجَ,فَعَلَ يَفْعُلُ ( فتحُ ضمٍّ ),مشترك , ,سَدَجَ,سَدَجَتْ,سَدَجَا,سَدَجَتَا,سَدَجُوا,سَدَجْنَ,سَدَجْتَ,سَدَجْتِ,سَدَجْتُمَا,سَدَجْتُمْ,سَدَجْتُنَّ,سَدَجْتُ,سَدَجْنَا
سدح,سَدَحَ,فَعَلَ يَفْعَلُ ( فتحتان ),مشترك , ,سَدَحَ,سَدَحَتْ,سَدَحَا,سَدَحَتَا,سَدَحُوا,سَدَحْنَ,سَدَحْتَ,سَدَحْتِ,سَدَحْتُمَا,سَدَحْتُمْ,سَدَحْتُنَّ,سَدَحْتُ,سَدَحْنَا
سدر,سَدَرَ,فَعَلَ يَفْعُلُ ( فتحُ ضمٍّ ),مشترك , ,سَدَرَ,سَدَرَتْ,سَدَرَا,سَدَرَتَا,سَدَرُوا,سَدَرْنَ,سَدَرْتَ,سَدَرْتِ,سَدَرْتُمَا,سَدَرْتُمْ,سَدَرْتُنَّ,سَدَرْتُ,سَدَرْنَا
سدر,سَدَرَ,فَعَلَ يَفْعِلُ ( فتحُ كَسْرٍ ),مشترك , ,سَدَرَ,سَدَرَتْ,سَدَرَا,سَدَرَتَا,سَدَرُوا,سَدَرْنَ,سَدَرْتَ,سَدَرْتِ,سَدَرْتُمَا,سَدَرْتُمْ,سَدَرْتُنَّ,سَدَرْتُ,سَدَرْنَا
سدر,سَدِرَ,فَعِلَ يَفْعَلُ ( كسر فتح ),لازم, ,سَدِرَ,سَدِرَتْ,سَدِرَا,سَدِرَتَا,سَدِرُوا,سَدِرْنَ,سَدِرْتَ,سَدِرْتِ,سَدِرْتُمَا,سَدِرْتُمْ,سَدِرْتُنَّ,سَدِرْتُ,سَدِرْنَا
سدس,سَدَسَ,فَعَلَ يَفْعُلُ ( فتحُ ضمٍّ ),متعدي, ,سَدَسَ,سَدَسَتْ,سَدَسَا,سَدَسَتَا,سَدَسُوا,سَدَسْنَ,سَدَسْتَ,سَدَسْتِ,سَدَسْتُمَا,سَدَسْتُمْ,سَدَسْتُنَّ,سَدَسْتُ,سَدَسْنَا
سدس,سَدَسَ,فَعَلَ يَفْعِلُ ( فتحُ كَسْرٍ ),متعدي, ,سَدَسَ,سَدَسَتْ,سَدَسَا,سَدَسَتَا,سَدَسُوا,سَدَسْنَ,سَدَسْتَ,سَدَسْتِ,سَدَسْتُمَا,سَدَسْتُمْ,سَدَسْتُنَّ,سَدَسْتُ,سَدَسْنَا
سدع,سَدَعَ,فَعَلَ يَفْعَلُ ( فتحتان ),متعدي, ,سَدَعَ,سَدَعَتْ,سَدَعَا,سَدَعَتَا,سَدَعُوا,سَدَعْنَ,سَدَعْتَ,سَدَعْتِ,سَدَعْتُمَا,سَدَعْتُمْ,سَدَعْتُنَّ,سَدَعْتُ,سَدَعْنَا
سدف,سَدِفَ,فَعِلَ يَفْعَلُ ( كسر فتح ),لازم, ,سَدِفَ,سَدِفَتْ,سَدِفَا,سَدِفَتَا,سَدِفُوا,سَدِفْنَ,سَدِفْتَ,سَدِفْتِ,سَدِفْتُمَا,سَدِفْتُمْ,سَدِفْتُنَّ,سَدِفْتُ,سَدِفْنَا
سدك,سَدِكَ,فَعِلَ يَفْعَلُ ( كسر فتح ),لازم, ,سَدِكَ,سَدِكَتْ,سَدِكَا,سَدِكَتَا,سَدِكُوا,سَدِكْنَ,سَدِكْتَ,سَدِكْتِ,سَدِكْتُمَا,سَدِكْتُمْ,سَدِكْتُنَّ,سَدِكْتُ,سَدِكْنَا
سدل,سَدَلَ,فَعَلَ يَفْعُلُ ( فتحُ ضمٍّ ),مشترك , ,سَدَلَ,سَدَلَتْ,سَدَلَا,سَدَلَتَا,سَدَلُوا,سَدَلْنَ,سَدَلْتَ,سَدَلْتِ,سَدَلْتُمَا,سَدَلْتُمْ,سَدَلْتُنَّ,سَدَلْتُ,سَدَلْنَا
سدل,سَدَلَ,فَعَلَ يَفْعِلُ ( فتحُ كَسْرٍ ),متعدي, ,سَدَلَ,سَدَلَتْ,سَدَلَا,سَدَلَتَا,سَدَلُوا,سَدَلْنَ,سَدَلْتَ,سَدَلْتِ,سَدَلْتُمَا,سَدَلْتُمْ,سَدَلْتُنَّ,سَدَلْتُ,سَدَلْنَا
سدل,سَدِلَ,فَعِلَ يَفْعَلُ ( كسر فتح ),لازم, ,سَدِلَ,سَدِلَتْ,سَدِلَا,سَدِلَتَا,سَدِلُوا,سَدِلْنَ,سَدِلْتَ,سَدِلْتِ,سَدِلْتُمَا,سَدِلْتُمْ,سَدِلْتُنَّ,سَدِلْتُ,سَدِلْنَا
سدم,سَدَمَ,فَعَلَ يَفْعُلُ ( فتحُ ضمٍّ ),مشترك , ,سَدَمَ,سَدَمَتْ,سَدَمَا,سَدَمَتَا,سَدَمُوا,سَدَمْنَ,سَدَمْتَ,سَدَمْتِ,سَدَمْتُمَا,سَدَمْتُمْ,سَدَمْتُنَّ,سَدَمْتُ,سَدَمْنَا
سدم,سَدِمَ,فَعِلَ يَفْعَلُ ( كسر فتح ),لازم, ,سَدِمَ,سَدِمَتْ,سَدِمَا,سَدِمَتَا,سَدِمُوا,سَدِمْنَ,سَدِمْتَ,سَدِمْتِ,سَدِمْتُمَا,سَدِمْتُمْ,سَدِمْتُنَّ,سَدِمْتُ,سَدِمْنَا
سدن,سَدَنَ,فَعَلَ يَفْعُلُ ( فتحُ ضمٍّ ),مشترك , ,سَدَنَ,سَدَنَتْ,سَدَنَا,سَدَنَتَا,سَدَنُوا,سَدَنْنَ,سَدَنْتَ,سَدَنْتِ,سَدَنْتُمَا,سَدَنْتُمْ,سَدَنْتُنَّ,سَدَنْتُ,سَدَنْنَا
سدن,سَدَنَ,فَعَلَ يَفْعِلُ ( فتحُ كَسْرٍ ),متعدي, ,سَدَنَ,سَدَنَتْ,سَدَنَا,سَدَنَتَا,سَدَنُوا,سَدَنْنَ,سَدَنْتَ,سَدَنْتِ,سَدَنْتُمَا,سَدَنْتُمْ,سَدَنْتُنَّ,سَدَنْتُ,سَدَنْنَا
سرب,سَرَبَ,فَعَلَ يَفْعُلُ ( فتحُ ضمٍّ ),مشترك , ,سَرَبَ,سَرَبَتْ,سَرَبَا,سَرَبَتَا,سَرَبُوا,سَرَبْنَ,سَرَبْتَ,سَرَبْتِ,سَرَبْتُمَا,سَرَبْتُمْ,سَرَبْتُنَّ,سَرَبْتُ,سَرَبْنَا
سرب,سَرِبَ,فَعِلَ يَفْعَلُ ( كسر فتح ),لازم, ,سَرِبَ,سَرِبَتْ,سَرِبَا,سَرِبَتَا,سَرِبُوا,سَرِبْنَ,سَرِبْتَ,سَرِبْتِ,سَرِبْتُمَا,سَرِبْتُمْ,سَرِبْتُنَّ,سَرِبْتُ,سَرِبْنَا
سرج,سَرَجَ,فَعَلَ يَفْعُلُ ( فتحُ ضمٍّ ),مشترك , ,سَرَجَ,سَرَجَتْ,سَرَجَا,سَرَجَتَا,سَرَجُوا,سَرَجْنَ,سَرَجْتَ,سَرَجْتِ,سَرَجْتُمَا,سَرَجْتُمْ,سَرَجْتُنَّ,سَرَجْتُ,سَرَجْنَا
سرج,سَرِجَ,فَعِلَ يَفْعَلُ ( كسر فتح ),لازم, ,سَرِجَ,سَرِجَتْ,سَرِجَا,سَرِجَتَا,سَرِجُوا,سَرِجْنَ,سَرِجْتَ,سَرِجْتِ,سَرِجْتُمَا,سَرِجْتُمْ,سَرِجْتُنَّ,سَرِجْتُ,سَرِجْنَا
سرح,سَرَحَ,فَعَلَ يَفْعَلُ ( فتحتان ),مشترك , ,سَرَحَ,سَرَحَتْ,سَرَحَا,سَرَحَتَا,سَرَحُوا,سَرَحْنَ,سَرَحْتَ,سَرَحْتِ,سَرَحْتُمَا,سَرَحْتُمْ,سَرَحْتُنَّ,سَرَحْتُ,سَرَحْنَا
سرح,سَرِحَ,فَعِلَ يَفْعَلُ ( كسر فتح ),لازم, ,سَرِحَ,سَرِحَتْ,سَرِحَا,سَرِحَتَا,سَرِحُوا,سَرِحْنَ,سَرِحْتَ,سَرِحْتِ,سَرِحْتُمَا,سَرِحْتُمْ,سَرِحْتُنَّ,سَرِحْتُ,سَرِحْنَا
سرد,سَرَدَ,فَعَلَ يَفْعُلُ ( فتحُ ضمٍّ ),متعدي, ,سَرَدَ,سَرَدَتْ,سَرَدَا,سَرَدَتَا,سَرَدُوا,سَرَدْنَ,سَرَدْتَ,سَرَدْتِ,سَرَدْتُمَا,سَرَدْتُمْ,سَرَدْتُنَّ,سَرَدْتُ,سَرَدْنَا
سرد,سَرِدَ,فَعِلَ يَفْعَلُ ( كسر فتح ),لازم, ,سَرِدَ,سَرِدَتْ,سَرِدَا,سَرِدَتَا,سَرِدُوا,سَرِدْنَ,سَرِدْتَ,سَرِدْتِ,سَرِدْتُمَا,سَرِدْتُمْ,سَرِدْتُنَّ,سَرِدْتُ,سَرِدْنَا
سرس,سَرِسَ,فَعِلَ يَفْعَلُ ( كسر فتح ),لازم, ,سَرِسَ,سَرِسَتْ,سَرِسَا,سَرِسَتَا,سَرِسُوا,سَرِسْنَ,سَرِسْتَ,سَرِسْتِ,سَرِسْتُمَا,سَرِسْتُمْ,سَرِسْتُنَّ,سَرِسْتُ,سَرِسْنَا
سرط,سَرَطَ,فَعَلَ يَفْعُلُ ( فتحُ ضمٍّ ),متعدي, ,سَرَطَ,سَرَطَتْ,سَرَطَا,سَرَطَتَا,سَرَطُوا,سَرَطْنَ,سَرَطْتَ,سَرَطْتِ,سَرَطْتُمَا,سَرَطْتُمْ,سَرَطْتُنَّ,سَرَطْتُ,سَرَطْنَا
سرط,سَرِطَ,فَعِلَ يَفْعَلُ ( كسر فتح ),متعدي, ,سَرِطَ,سَرِطَتْ,سَرِطَا,سَرِطَتَا,سَرِطُوا,سَرِطْنَ,سَرِطْتَ,سَرِطْتِ,سَرِطْتُمَا,سَرِطْتُمْ,سَرِطْتُنَّ,سَرِطْتُ,سَرِطْنَا
سرع,سَرِعَ,فَعِلَ يَفْعَلُ ( كسر فتح ),لازم, ,سَرِعَ,سَرِعَتْ,سَرِعَا,سَرِعَتَا,سَرِعُوا,سَرِعْنَ,سَرِعْتَ,سَرِعْتِ,سَرِعْتُمَا,سَرِعْتُمْ,سَرِعْتُنَّ,سَرِعْتُ,سَرِعْنَا
سرع,سَرُعَ,فَعُلَ يَفْعُلُ ( ضمَ ضمٍَ ),لازم, ,سَرُعَ,سَرُعَتْ,سَرُعَا,سَرُعَتَا,سَرُعُوا,سَرُعْنَ,سَرُعْتَ,سَرُعْتِ,سَرُعْتُمَا,سَرُعْتُمْ,سَرُعْتُنَّ,سَرُعْتُ,سَرُعْنَا
سرغ,سَرِغَ,فَعِلَ يَفْعَلُ ( كسر فتح ),لازم, ,سَرِغَ,سَرِغَتْ,سَرِغَا,سَرِغَتَا,سَرِغُوا,سَرِغْنَ,سَرِغْتَ,سَرِغْتِ,سَرِغْتُمَا,سَرِغْتُمْ,سَرِغْتُنَّ,سَرِغْتُ,سَرِغْنَا
سرف,سَرَفَ,فَعَلَ يَفْعُلُ ( فتحُ ضمٍّ ),متعدي, ,سَرَفَ,سَرَفَتْ,سَرَفَا,سَرَفَتَا,سَرَفُوا,سَرَفْنَ,سَرَفْتَ,سَرَفْتِ,سَرَفْتُمَا,سَرَفْتُمْ,سَرَفْتُنَّ,سَرَفْتُ,سَرَفْنَا
سرف,سَرِفَ,فَعِلَ يَفْعَلُ ( كسر فتح ),مشترك , ,سَرِفَ,سَرِفَتْ,سَرِفَا,سَرِفَتَا,سَرِفُوا,سَرِفْنَ,سَرِفْتَ,سَرِفْتِ,سَرِفْتُمَا,سَرِفْتُمْ,سَرِفْتُنَّ,سَرِفْتُ,سَرِفْنَا
سرق,سَرَقَ,فَعَلَ يَفْعِلُ ( فتحُ كَسْرٍ ),مشترك , ,سَرَقَ,سَرَقَتْ,سَرَقَا,سَرَقَتَا,سَرَقُوا,سَرَقْنَ,سَرَقْتَ,سَرَقْتِ,سَرَقْتُمَا,سَرَقْتُمْ,سَرَقْتُنَّ,سَرَقْتُ,سَرَقْنَا
سرق,سَرِقَ,فَعِلَ يَفْعَلُ ( كسر فتح ),لازم, ,سَرِقَ,سَرِقَتْ,سَرِقَا,سَرِقَتَا,سَرِقُوا,سَرِقْنَ,سَرِقْتَ,سَرِقْتِ,سَرِقْتُمَا,سَرِقْتُمْ,سَرِقْتُنَّ,سَرِقْتُ,سَرِقْنَا
سرك,سَرِكَ,فَعِلَ يَفْعَلُ ( كسر فتح ),لازم, ,سَرِكَ,سَرِكَتْ,سَرِكَا,سَرِكَتَا,سَرِكُوا,سَرِكْنَ,سَرِكْتَ,سَرِكْتِ,سَرِكْتُمَا,سَرِكْتُمْ,سَرِكْتُنَّ,سَرِكْتُ,سَرِكْنَا
سطح,سَطَحَ,فَعَلَ يَفْعَلُ ( فتحتان ),متعدي, ,سَطَحَ,سَطَحَتْ,سَطَحَا,سَطَحَتَا,سَطَحُوا,سَطَحْنَ,سَطَحْتَ,سَطَحْتِ,سَطَحْتُمَا,سَطَحْتُمْ,سَطَحْتُنَّ,سَطَحْتُ,سَطَحْنَا
سطر,سَطَرَ,فَعَلَ يَفْعُلُ ( فتحُ ضمٍّ ),مشترك , ,سَطَرَ,سَطَرَتْ,سَطَرَا,سَطَرَتَا,سَطَرُوا,سَطَرْنَ,سَطَرْتَ,سَطَرْتِ,سَطَرْتُمَا,سَطَرْتُمْ,سَطَرْتُنَّ,سَطَرْتُ,سَطَرْنَا
سطع,سَطَعَ,فَعَلَ يَفْعَلُ ( فتحتان ),مشترك , ,سَطَعَ,سَطَعَتْ,سَطَعَا,سَطَعَتَا,سَطَعُوا,سَطَعْنَ,سَطَعْتَ,سَطَعْتِ,سَطَعْتُمَا,سَطَعْتُمْ,سَطَعْتُنَّ,سَطَعْتُ,سَطَعْنَا
سطع,سَطِعَ,فَعِلَ يَفْعَلُ ( كسر فتح ),لازم, ,سَطِعَ,سَطِعَتْ,سَطِعَا,سَطِعَتَا,سَطِعُوا,سَطِعْنَ,سَطِعْتَ,سَطِعْتِ,سَطِعْتُمَا,سَطِعْتُمْ,سَطِعْتُنَّ,سَطِعْتُ,سَطِعْنَا
سطم,سَطَمَ,فَعَلَ يَفْعُلُ ( فتحُ ضمٍّ ),متعدي, ,سَطَمَ,سَطَمَتْ,سَطَمَا,سَطَمَتَا,سَطَمُوا,سَطَمْنَ,سَطَمْتَ,سَطَمْتِ,سَطَمْتُمَا,سَطَمْتُمْ,سَطَمْتُنَّ,سَطَمْتُ,سَطَمْنَا
سعد,سَعَدَ,فَعَلَ يَفْعَلُ ( فتحتان ),مشترك , ,سَعَدَ,سَعَدَتْ,سَعَدَا,سَعَدَتَا,سَعَدُوا,سَعَدْنَ,سَعَدْتَ,سَعَدْتِ,سَعَدْتُمَا,سَعَدْتُمْ,سَعَدْتُنَّ,سَعَدْتُ,سَعَدْنَا
سعد,سَعِدَ,فَعِلَ يَفْعَلُ ( كسر فتح ),لازم, ,سَعِدَ,سَعِدَتْ,سَعِدَا,سَعِدَتَا,سَعِدُوا,سَعِدْنَ,سَعِدْتَ,سَعِدْتِ,سَعِدْتُمَا,سَعِدْتُمْ,سَعِدْتُنَّ,سَعِدْتُ,سَعِدْنَا
سعر,سَعَرَ,فَعَلَ يَفْعَلُ ( فتحتان ),مشترك , ,سَعَرَ,سَعَرَتْ,سَعَرَا,سَعَرَتَا,سَعَرُوا,سَعَرْنَ,سَعَرْتَ,سَعَرْتِ,سَعَرْتُمَا,سَعَرْتُمْ,سَعَرْتُنَّ,سَعَرْتُ,سَعَرْنَا
سعر,سَعِرَ,فَعِلَ يَفْعَلُ ( كسر فتح ),لازم, ,سَعِرَ,سَعِرَتْ,سَعِرَا,سَعِرَتَا,سَعِرُوا,سَعِرْنَ,سَعِرْتَ,سَعِرْتِ,سَعِرْتُمَا,سَعِرْتُمْ,سَعِرْتُنَّ,سَعِرْتُ,سَعِرْنَا
سعط,سَعَطَ,فَعَلَ يَفْعُلُ ( فتحُ ضمٍّ ),متعدي, ,سَعَطَ,سَعَطَتْ,سَعَطَا,سَعَطَتَا,سَعَطُوا,سَعَطْنَ,سَعَطْتَ,سَعَطْتِ,سَعَطْتُمَا,سَعَطْتُمْ,سَعَطْتُنَّ,سَعَطْتُ,سَعَطْنَا
سعط,سَعَطَ,فَعَلَ يَفْعَلُ ( فتحتان ),متعدي, ,سَعَطَ,سَعَطَتْ,سَعَطَا,سَعَطَتَا,سَعَطُوا,سَعَطْنَ,سَعَطْتَ,سَعَطْتِ,سَعَطْتُمَا,سَعَطْتُمْ,سَعَطْتُنَّ,سَعَطْتُ,سَعَطْنَا
سعف,سَعَفَ,فَعَلَ يَفْعَلُ ( فتحتان ),مشترك , ,سَعَفَ,سَعَفَتْ,سَعَفَا,سَعَفَتَا,سَعَفُوا,سَعَفْنَ,سَعَفْتَ,سَعَفْتِ,سَعَفْتُمَا,سَعَفْتُمْ,سَعَفْتُنَّ,سَعَفْتُ,سَعَفْنَا
سعف,سَعِفَ,فَعِلَ يَفْعَلُ ( كسر فتح ),لازم, ,سَعِفَ,سَعِفَتْ,سَعِفَا,سَعِفَتَا,سَعِفُوا,سَعِفْنَ,سَعِفْتَ,سَعِفْتِ,سَعِفْتُمَا,سَعِفْتُمْ,سَعِفْتُنَّ,سَعِفْتُ,سَعِفْنَا
سعل,سَعَلَ,فَعَلَ يَفْعُلُ ( فتحُ ضمٍّ ),مشترك , ,سَعَلَ,سَعَلَتْ,سَعَلَا,سَعَلَتَا,سَعَلُوا,سَعَلْنَ,سَعَلْتَ,سَعَلْتِ,سَعَلْتُمَا,سَعَلْتُمْ,سَعَلْتُنَّ,سَعَلْتُ,سَعَلْنَا
سعل,سَعِلَ,فَعِلَ يَفْعَلُ ( كسر فتح ),لازم, ,سَعِلَ,سَعِلَتْ,سَعِلَا,سَعِلَتَا,سَعِلُوا,سَعِلْنَ,سَعِلْتَ,سَعِلْتِ,سَعِلْتُمَا,سَعِلْتُمْ,سَعِلْتُنَّ,سَعِلْتُ,سَعِلْنَا
سعم,سَعَمَ,فَعَلَ يَفْعَلُ ( فتحتان ),مشترك , ,سَعَمَ,سَعَمَتْ,سَعَمَا,سَعَمَتَا,سَعَمُوا,سَعَمْنَ,سَعَمْتَ,سَعَمْتِ,سَعَمْتُمَا,سَعَمْتُمْ,سَعَمْتُنَّ,سَعَمْتُ,سَعَمْنَا
سغب,سَغَبَ,فَعَلَ يَفْعُلُ ( فتحُ ضمٍّ ),لازم, ,سَغَبَ,سَغَبَتْ,سَغَبَا,سَغَبَتَا,سَغَبُوا,سَغَبْنَ,سَغَبْتَ,سَغَبْتِ,سَغَبْتُمَا,سَغَبْتُمْ,سَغَبْتُنَّ,سَغَبْتُ,سَغَبْنَا
سغب,سَغِبَ,فَعِلَ يَفْعَلُ ( كسر فتح ),لازم, ,سَغِبَ,سَغِبَتْ,سَغِبَا,سَغِبَتَا,سَغِبُوا,سَغِبْنَ,سَغِبْتَ,سَغِبْتِ,سَغِبْتُمَا,سَغِبْتُمْ,سَغِبْتُنَّ,سَغِبْتُ,سَغِبْنَا
سغر,سَغَرَ,فَعَلَ يَفْعَلُ ( فتحتان ),متعدي, ,سَغَرَ,سَغَرَتْ,سَغَرَا,سَغَرَتَا,سَغَرُوا,سَغَرْنَ,سَغَرْتَ,سَغَرْتِ,سَغَرْتُمَا,سَغَرْتُمْ,سَغَرْتُنَّ,سَغَرْتُ,سَغَرْنَا
سغل,سَغِلَ,فَعِلَ يَفْعَلُ ( كسر فتح ),لازم, ,سَغِلَ,سَغِلَتْ,سَغِلَا,سَغِلَتَا,سَغِلُوا,سَغِلْنَ,سَغِلْتَ,سَغِلْتِ,سَغِلْتُمَا,سَغِلْتُمْ,سَغِلْتُنَّ,سَغِلْتُ,سَغِلْنَا
سغم,سَغَمَ,فَعَلَ يَفْعَلُ ( فتحتان ),متعدي, ,سَغَمَ,سَغَمَتْ,سَغَمَا,سَغَمَتَا,سَغَمُوا,سَغَمْنَ,سَغَمْتَ,سَغَمْتِ,سَغَمْتُمَا,سَغَمْتُمْ,سَغَمْتُنَّ,سَغَمْتُ,سَغَمْنَا
سفت,سَفِتَ,فَعِلَ يَفْعَلُ ( كسر فتح ),مشترك , ,سَفِتَ,سَفِتَتْ,سَفِتَا,سَفِتَتَا,سَفِتُوا,سَفِتْنَ,سَفِتْتَ,سَفِتْتِ,سَفِتْتُمَا,سَفِتْتُمْ,سَفِتْتُنَّ,سَفِتْتُ,سَفِتْنَا
سفح,سَفَحَ,فَعَلَ يَفْعَلُ ( فتحتان ),مشترك , ,سَفَحَ,سَفَحَتْ,سَفَحَا,سَفَحَتَا,سَفَحُوا,سَفَحْنَ,سَفَحْتَ,سَفَحْتِ,سَفَحْتُمَا,سَفَحْتُمْ,سَفَحْتُنَّ,سَفَحْتُ,سَفَحْنَا
سفد,سَفَدَ,فَعَلَ يَفْعِلُ ( فتحُ كَسْرٍ ),مشترك , ,سَفَدَ,سَفَدَتْ,سَفَدَا,سَفَدَتَا,سَفَدُوا,سَفَدْنَ,سَفَدْتَ,سَفَدْتِ,سَفَدْتُمَا,سَفَدْتُمْ,سَفَدْتُنَّ,سَفَدْتُ,سَفَدْنَا
سفد,سَفِدَ,فَعِلَ يَفْعَلُ ( كسر فتح ),مشترك , ,سَفِدَ,سَفِدَتْ,سَفِدَا,سَفِدَتَا,سَفِدُوا,سَفِدْنَ,سَفِدْتَ,سَفِدْتِ,سَفِدْتُمَا,سَفِدْتُمْ,سَفِدْتُنَّ,سَفِدْتُ,سَفِدْنَا
سفر,سَفَرَ,فَعَلَ يَفْعُلُ ( فتحُ ضمٍّ ),لازم, ,سَفَرَ,سَفَرَتْ,سَفَرَا,سَفَرَتَا,سَفَرُوا,سَفَرْنَ,سَفَرْتَ,سَفَرْتِ,سَفَرْتُمَا,سَفَرْتُمْ,سَفَرْتُنَّ,سَفَرْتُ,سَفَرْنَا
سفر,سَفَرَ,فَعَلَ يَفْعِلُ ( فتحُ كَسْرٍ ),مشترك , ,سَفَرَ,سَفَرَتْ,سَفَرَا,سَفَرَتَا,سَفَرُوا,سَفَرْنَ,سَفَرْتَ,سَفَرْتِ,سَفَرْتُمَا,سَفَرْتُمْ,سَفَرْتُنَّ,سَفَرْتُ,سَفَرْنَا
سفط,سَفُطَ,فَعُلَ يَفْعُلُ ( ضمَ ضمٍَ ),لازم, ,سَفُطَ,سَفُطَتْ,سَفُطَا,سَفُطَتَا,سَفُطُوا,سَفُطْنَ,سَفُطْتَ,سَفُطْتِ,سَفُطْتُمَا,سَفُطْتُمْ,سَفُطْتُنَّ,سَفُطْتُ,سَفُطْنَا
سفع,سَفَعَ,فَعَلَ يَفْعَلُ ( فتحتان ),مشترك , ,سَفَعَ,سَفَعَتْ,سَفَعَا,سَفَعَتَا,سَفَعُوا,سَفَعْنَ,سَفَعْتَ,سَفَعْتِ,سَفَعْتُمَا,سَفَعْتُمْ,سَفَعْتُنَّ,سَفَعْتُ,سَفَعْنَا
سفع,سَفِعَ,فَعِلَ يَفْعَلُ ( كسر فتح ),لازم, ,سَفِعَ,سَفِعَتْ,سَفِعَا,سَفِعَتَا,سَفِعُوا,سَفِعْنَ,سَفِعْتَ,سَفِعْتِ,سَفِعْتُمَا,سَفِعْتُمْ,سَفِعْتُنَّ,سَفِعْتُ,سَفِعْنَا
سفك,سَفَكَ,فَعَلَ يَفْعُلُ ( فتحُ ضمٍّ ),متعدي, ,سَفَكَ,سَفَكَتْ,سَفَكَا,سَفَكَتَا,سَفَكُوا,سَفَكْنَ,سَفَكْتَ,سَفَكْتِ,سَفَكْتُمَا,سَفَكْتُمْ,سَفَكْتُنَّ,سَفَكْتُ,سَفَكْنَا
سفك,سَفَكَ,فَعَلَ يَفْعِلُ ( فتحُ كَسْرٍ ),مشترك , ,سَفَكَ,سَفَكَتْ,سَفَكَا,سَفَكَتَا,سَفَكُوا,سَفَكْنَ,سَفَكْتَ,سَفَكْتِ,سَفَكْتُمَا,سَفَكْتُمْ,سَفَكْتُنَّ,سَفَكْتُ,سَفَكْنَا
سفل,سَفَلَ,فَعَلَ يَفْعُلُ ( فتحُ ضمٍّ ),لازم, ,سَفَلَ,سَفَلَتْ,سَفَلَا,سَفَلَتَا,سَفَلُوا,سَفَلْنَ,سَفَلْتَ,سَفَلْتِ,سَفَلْتُمَا,سَفَلْتُمْ,سَفَلْتُنَّ,سَفَلْتُ,سَفَلْنَا
سفل,سَفِلَ,فَعِلَ يَفْعَلُ ( كسر فتح ),لازم, ,سَفِلَ,سَفِلَتْ,سَفِلَا,سَفِلَتَا,سَفِلُوا,سَفِلْنَ,سَفِلْتَ,سَفِلْتِ,سَفِلْتُمَا,سَفِلْتُمْ,سَفِلْتُنَّ,سَفِلْتُ,سَفِلْنَا
سفل,سَفُلَ,فَعُلَ يَفْعُلُ ( ضمَ ضمٍَ ),لازم, ,سَفُلَ,سَفُلَتْ,سَفُلَا,سَفُلَتَا,سَفُلُوا,سَفُلْنَ,سَفُلْتَ,سَفُلْتِ,سَفُلْتُمَا,سَفُلْتُمْ,سَفُلْتُنَّ,سَفُلْتُ,سَفُلْنَا
سفن,سَفَنَ,فَعَلَ يَفْعُلُ ( فتحُ ضمٍّ ),لازم, ,سَفَنَ,سَفَنَتْ,سَفَنَا,سَفَنَتَا,سَفَنُوا,سَفَنْنَ,سَفَنْتَ,سَفَنْتِ,سَفَنْتُمَا,سَفَنْتُمْ,سَفَنْتُنَّ,سَفَنْتُ,سَفَنْنَا
سفن,سَفَنَ,فَعَلَ يَفْعِلُ ( فتحُ كَسْرٍ ),مشترك , ,سَفَنَ,سَفَنَتْ,سَفَنَا,سَفَنَتَا,سَفَنُوا,سَفَنْنَ,سَفَنْتَ,سَفَنْتِ,سَفَنْتُمَا,سَفَنْتُمْ,سَفَنْتُنَّ,سَفَنْتُ,سَفَنْنَا
سفن,سَفِنَ,فَعِلَ يَفْعَلُ ( كسر فتح ),لازم, ,سَفِنَ,سَفِنَتْ,سَفِنَا,سَفِنَتَا,سَفِنُوا,سَفِنْنَ,سَفِنْتَ,سَفِنْتِ,سَفِنْتُمَا,سَفِنْتُمْ,سَفِنْتُنَّ,سَفِنْتُ,سَفِنْنَا
سفه,سَفَهَ,فَعَلَ يَفْعُلُ ( فتحُ ضمٍّ ),متعدي, ,سَفَهَ,سَفَهَتْ,سَفَهَا,سَفَهَتَا,سَفَهُوا,سَفَهْنَ,سَفَهْتَ,سَفَهْتِ,سَفَهْتُمَا,سَفَهْتُمْ,سَفَهْتُنَّ,سَفَهْتُ,سَفَهْنَا
سفه,سَفَهَ,فَعَلَ يَفْعَلُ ( فتحتان ),متعدي, ,سَفَهَ,سَفَهَتْ,سَفَهَا,سَفَهَتَا,سَفَهُوا,سَفَهْنَ,سَفَهْتَ,سَفَهْتِ,سَفَهْتُمَا,سَفَهْتُمْ,سَفَهْتُنَّ,سَفَهْتُ,سَفَهْنَا
سفه,سَفِهَ,فَعِلَ يَفْعَلُ ( كسر فتح ),مشترك , ,سَفِهَ,سَفِهَتْ,سَفِهَا,سَفِهَتَا,سَفِهُوا,سَفِهْنَ,سَفِهْتَ,سَفِهْتِ,سَفِهْتُمَا,سَفِهْتُمْ,سَفِهْتُنَّ,سَفِهْتُ,سَفِهْنَا
سفه,سَفُهَ,فَعُلَ يَفْعُلُ ( ضمَ ضمٍَ ),لازم, ,سَفُهَ,سَفُهَتْ,سَفُهَا,سَفُهَتَا,سَفُهُوا,سَفُهْنَ,سَفُهْتَ,سَفُهْتِ,سَفُهْتُمَا,سَفُهْتُمْ,سَفُهْتُنَّ,سَفُهْتُ,سَفُهْنَا
سقب,سَقِبَ,فَعِلَ يَفْعَلُ ( كسر فتح ),لازم, ,سَقِبَ,سَقِبَتْ,سَقِبَا,سَقِبَتَا,سَقِبُوا,سَقِبْنَ,سَقِبْتَ,سَقِبْتِ,سَقِبْتُمَا,سَقِبْتُمْ,سَقِبْتُنَّ,سَقِبْتُ,سَقِبْنَا
سقت,سَقِتَ,فَعِلَ يَفْعَلُ ( كسر فتح ),لازم, ,سَقِتَ,سَقِتَتْ,سَقِتَا,سَقِتَتَا,سَقِتُوا,سَقِتْنَ,سَقِتْتَ,سَقِتْتِ,سَقِتْتُمَا,سَقِتْتُمْ,سَقِتْتُنَّ,سَقِتْتُ,سَقِتْنَا
سقد,سَقَدَ,فَعَلَ يَفْعِلُ ( فتحُ كَسْرٍ ),متعدي, ,سَقَدَ,سَقَدَتْ,سَقَدَا,سَقَدَتَا,سَقَدُوا,سَقَدْنَ,سَقَدْتَ,سَقَدْتِ,سَقَدْتُمَا,سَقَدْتُمْ,سَقَدْتُنَّ,سَقَدْتُ,سَقَدْنَا
سقر,سَقَرَ,فَعَلَ يَفْعُلُ ( فتحُ ضمٍّ ),مشترك , ,سَقَرَ,سَقَرَتْ,سَقَرَا,سَقَرَتَا,سَقَرُوا,سَقَرْنَ,سَقَرْتَ,سَقَرْتِ,سَقَرْتُمَا,سَقَرْتُمْ,سَقَرْتُنَّ,سَقَرْتُ,سَقَرْنَا
سقط,سَقَطَ,فَعَلَ يَفْعُلُ ( فتحُ ضمٍّ ),لازم, ,سَقَطَ,سَقَطَتْ,سَقَطَا,سَقَطَتَا,سَقَطُوا,سَقَطْنَ,سَقَطْتَ,سَقَطْتِ,سَقَطْتُمَا,سَقَطْتُمْ,سَقَطْتُنَّ,سَقَطْتُ,سَقَطْنَا
سقع,سَقَعَ,فَعَلَ يَفْعَلُ ( فتحتان ),مشترك , ,سَقَعَ,سَقَعَتْ,سَقَعَا,سَقَعَتَا,سَقَعُوا,سَقَعْنَ,سَقَعْتَ,سَقَعْتِ,سَقَعْتُمَا,سَقَعْتُمْ,سَقَعْتُنَّ,سَقَعْتُ,سَقَعْنَا
سقف,سَقَفَ,فَعَلَ يَفْعُلُ ( فتحُ ضمٍّ ),متعدي, ,سَقَفَ,سَقَفَتْ,سَقَفَا,سَقَفَتَا,سَقَفُوا,سَقَفْنَ,سَقَفْتَ,سَقَفْتِ,سَقَفْتُمَا,سَقَفْتُمْ,سَقَفْتُنَّ,سَقَفْتُ,سَقَفْنَا
سقف,سَقِفَ,فَعِلَ يَفْعَلُ ( كسر فتح ),لازم, ,سَقِفَ,سَقِفَتْ,سَقِفَا,سَقِفَتَا,سَقِفُوا,سَقِفْنَ,سَقِفْتَ,سَقِفْتِ,سَقِفْتُمَا,سَقِفْتُمْ,سَقِفْتُنَّ,سَقِفْتُ,سَقِفْنَا
سقل,سَقِلَ,فَعِلَ يَفْعَلُ ( كسر فتح ),لازم, ,سَقِلَ,سَقِلَتْ,سَقِلَا,سَقِلَتَا,سَقِلُوا,سَقِلْنَ,سَقِلْتَ,سَقِلْتِ,سَقِلْتُمَا,سَقِلْتُمْ,سَقِلْتُنَّ,سَقِلْتُ,سَقِلْنَا
سقم,سَقِمَ,فَعِلَ يَفْعَلُ ( كسر فتح ),لازم, ,سَقِمَ,سَقِمَتْ,سَقِمَا,سَقِمَتَا,سَقِمُوا,سَقِمْنَ,سَقِمْتَ,سَقِمْتِ,سَقِمْتُمَا,سَقِمْتُمْ,سَقِمْتُنَّ,سَقِمْتُ,سَقِمْنَا
سقم,سَقُمَ,فَعُلَ يَفْعُلُ ( ضمَ ضمٍَ ),لازم, ,سَقُمَ,سَقُمَتْ,سَقُمَا,سَقُمَتَا,سَقُمُوا,سَقُمْنَ,سَقُمْتَ,سَقُمْتِ,سَقُمْتُمَا,سَقُمْتُمْ,سَقُمْتُنَّ,سَقُمْتُ,سَقُمْنَا
سكب,سَكَبَ,فَعَلَ يَفْعُلُ ( فتحُ ضمٍّ ),مشترك , ,سَكَبَ,سَكَبَتْ,سَكَبَا,سَكَبَتَا,سَكَبُوا,سَكَبْنَ,سَكَبْتَ,سَكَبْتِ,سَكَبْتُمَا,سَكَبْتُمْ,سَكَبْتُنَّ,سَكَبْتُ,سَكَبْنَا
سكت,سَكَتَ,فَعَلَ يَفْعُلُ ( فتحُ ضمٍّ ),لازم, ,سَكَتَ,سَكَتَتْ,سَكَتَا,سَكَتَتَا,سَكَتُوا,سَكَتْنَ,سَكَتْتَ,سَكَتْتِ,سَكَتْتُمَا,سَكَتْتُمْ,سَكَتْتُنَّ,سَكَتْتُ,سَكَتْنَا
سكر,سَكَرَ,فَعَلَ يَفْعُلُ ( فتحُ ضمٍّ ),مشترك , ,سَكَرَ,سَكَرَتْ,سَكَرَا,سَكَرَتَا,سَكَرُوا,سَكَرْنَ,سَكَرْتَ,سَكَرْتِ,سَكَرْتُمَا,سَكَرْتُمْ,سَكَرْتُنَّ,سَكَرْتُ,سَكَرْنَا
سكر,سَكِرَ,فَعِلَ يَفْعَلُ ( كسر فتح ),لازم, ,سَكِرَ,سَكِرَتْ,سَكِرَا,سَكِرَتَا,سَكِرُوا,سَكِرْنَ,سَكِرْتَ,سَكِرْتِ,سَكِرْتُمَا,سَكِرْتُمْ,سَكِرْتُنَّ,سَكِرْتُ,سَكِرْنَا
سكع,سَكَعَ,فَعَلَ يَفْعَلُ ( فتحتان ),مشترك , ,سَكَعَ,سَكَعَتْ,سَكَعَا,سَكَعَتَا,سَكَعُوا,سَكَعْنَ,سَكَعْتَ,سَكَعْتِ,سَكَعْتُمَا,سَكَعْتُمْ,سَكَعْتُنَّ,سَكَعْتُ,سَكَعْنَا
سكع,سَكِعَ,فَعِلَ يَفْعَلُ ( كسر فتح ),لازم, ,سَكِعَ,سَكِعَتْ,سَكِعَا,سَكِعَتَا,سَكِعُوا,سَكِعْنَ,سَكِعْتَ,سَكِعْتِ,سَكِعْتُمَا,سَكِعْتُمْ,سَكِعْتُنَّ,سَكِعْتُ,سَكِعْنَا
سكف,سَكِفَ,فَعِلَ يَفْعَلُ ( كسر فتح ),متعدي, ,سَكِفَ,سَكِفَتْ,سَكِفَا,سَكِفَتَا,سَكِفُوا,سَكِفْنَ,سَكِفْتَ,سَكِفْتِ,سَكِفْتُمَا,سَكِفْتُمْ,سَكِفْتُنَّ,سَكِفْتُ,سَكِفْنَا
سكم,سَكَمَ,فَعَلَ يَفْعُلُ ( فتحُ ضمٍّ ),لازم, ,سَكَمَ,سَكَمَتْ,سَكَمَا,سَكَمَتَا,سَكَمُوا,سَكَمْنَ,سَكَمْتَ,سَكَمْتِ,سَكَمْتُمَا,سَكَمْتُمْ,سَكَمْتُنَّ,سَكَمْتُ,سَكَمْنَا
سكن,سَكَنَ,فَعَلَ يَفْعُلُ ( فتحُ ضمٍّ ),مشترك , ,سَكَنَ,سَكَنَتْ,سَكَنَا,سَكَنَتَا,سَكَنُوا,سَكَنْنَ,سَكَنْتَ,سَكَنْتِ,سَكَنْتُمَا,سَكَنْتُمْ,سَكَنْتُنَّ,سَكَنْتُ,سَكَنْنَا
سكن,سَكُنَ,فَعُلَ يَفْعُلُ ( ضمَ ضمٍَ ),لازم, ,سَكُنَ,سَكُنَتْ,سَكُنَا,سَكُنَتَا,سَكُنُوا,سَكُنْنَ,سَكُنْتَ,سَكُنْتِ,سَكُنْتُمَا,سَكُنْتُمْ,سَكُنْتُنَّ,سَكُنْتُ,سَكُنْنَا
سلب,سَلَبَ,فَعَلَ يَفْعُلُ ( فتحُ ضمٍّ ),متعدي, ,سَلَبَ,سَلَبَتْ,سَلَبَا,سَلَبَتَا,سَلَبُوا,سَلَبْنَ,سَلَبْتَ,سَلَبْتِ,سَلَبْتُمَا,سَلَبْتُمْ,سَلَبْتُنَّ,سَلَبْتُ,سَلَبْنَا
سلب,سَلِبَ,فَعِلَ يَفْعَلُ ( كسر فتح ),لازم, ,سَلِبَ,سَلِبَتْ,سَلِبَا,سَلِبَتَا,سَلِبُوا,سَلِبْنَ,سَلِبْتَ,سَلِبْتِ,سَلِبْتُمَا,سَلِبْتُمْ,سَلِبْتُنَّ,سَلِبْتُ,سَلِبْنَا
سلت,سَلَتَ,فَعَلَ يَفْعُلُ ( فتحُ ضمٍّ ),مشترك , ,سَلَتَ,سَلَتَتْ,سَلَتَا,سَلَتَتَا,سَلَتُوا,سَلَتْنَ,سَلَتْتَ,سَلَتْتِ,سَلَتْتُمَا,سَلَتْتُمْ,سَلَتْتُنَّ,سَلَتْتُ,سَلَتْنَا
سلت,سَلَتَ,فَعَلَ يَفْعِلُ ( فتحُ كَسْرٍ ),مشترك , ,سَلَتَ,سَلَتَتْ,سَلَتَا,سَلَتَتَا,سَلَتُوا,سَلَتْنَ,سَلَتْتَ,سَلَتْتِ,سَلَتْتُمَا,سَلَتْتُمْ,سَلَتْتُنَّ,سَلَتْتُ,سَلَتْنَا
سلج,سَلَجَ,فَعَلَ يَفْعُلُ ( فتحُ ضمٍّ ),مشترك , ,سَلَجَ,سَلَجَتْ,سَلَجَا,سَلَجَتَا,سَلَجُوا,سَلَجْنَ,سَلَجْتَ,سَلَجْتِ,سَلَجْتُمَا,سَلَجْتُمْ,سَلَجْتُنَّ,سَلَجْتُ,سَلَجْنَا
سلج,سَلِجَ,فَعِلَ يَفْعَلُ ( كسر فتح ),مشترك , ,سَلِجَ,سَلِجَتْ,سَلِجَا,سَلِجَتَا,سَلِجُوا,سَلِجْنَ,سَلِجْتَ,سَلِجْتِ,سَلِجْتُمَا,سَلِجْتُمْ,سَلِجْتُنَّ,سَلِجْتُ,سَلِجْنَا
سلح,سَلَحَ,فَعَلَ يَفْعَلُ ( فتحتان ),لازم, ,سَلَحَ,سَلَحَتْ,سَلَحَا,سَلَحَتَا,سَلَحُوا,سَلَحْنَ,سَلَحْتَ,سَلَحْتِ,سَلَحْتُمَا,سَلَحْتُمْ,سَلَحْتُنَّ,سَلَحْتُ,سَلَحْنَا
سلخ,سَلَخَ,فَعَلَ يَفْعُلُ ( فتحُ ضمٍّ ),مشترك , ,سَلَخَ,سَلَخَتْ,سَلَخَا,سَلَخَتَا,سَلَخُوا,سَلَخْنَ,سَلَخْتَ,سَلَخْتِ,سَلَخْتُمَا,سَلَخْتُمْ,سَلَخْتُنَّ,سَلَخْتُ,سَلَخْنَا
سلخ,سَلَخَ,فَعَلَ يَفْعَلُ ( فتحتان ),مشترك , ,سَلَخَ,سَلَخَتْ,سَلَخَا,سَلَخَتَا,سَلَخُوا,سَلَخْنَ,سَلَخْتَ,سَلَخْتِ,سَلَخْتُمَا,سَلَخْتُمْ,سَلَخْتُنَّ,سَلَخْتُ,سَلَخْنَا
سلخ,سَلُخَ,فَعُلَ يَفْعُلُ ( ضمَ ضمٍَ ),لازم, ,سَلُخَ,سَلُخَتْ,سَلُخَا,سَلُخَتَا,سَلُخُوا,سَلُخْنَ,سَلُخْتَ,سَلُخْتِ,سَلُخْتُمَا,سَلُخْتُمْ,سَلُخْتُنَّ,سَلُخْتُ,سَلُخْنَا
سلس,سَلِسَ,فَعِلَ يَفْعَلُ ( كسر فتح ),لازم, ,سَلِسَ,سَلِسَتْ,سَلِسَا,سَلِسَتَا,سَلِسُوا,سَلِسْنَ,سَلِسْتَ,سَلِسْتِ,سَلِسْتُمَا,سَلِسْتُمْ,سَلِسْتُنَّ,سَلِسْتُ,سَلِسْنَا
سلس,سَلُسَ,فَعُلَ يَفْعُلُ ( ضمَ ضمٍَ ),لازم, ,سَلُسَ,سَلُسَتْ,سَلُسَا,سَلُسَتَا,سَلُسُوا,سَلُسْنَ,سَلُسْتَ,سَلُسْتِ,سَلُسْتُمَا,سَلُسْتُمْ,سَلُسْتُنَّ,سَلُسْتُ,سَلُسْنَا
سلط,سَلِطَ,فَعِلَ يَفْعَلُ ( كسر فتح ),لازم, ,سَلِطَ,سَلِطَتْ,سَلِطَا,سَلِطَتَا,سَلِطُوا,سَلِطْنَ,سَلِطْتَ,سَلِطْتِ,سَلِطْتُمَا,سَلِطْتُمْ,سَلِطْتُنَّ,سَلِطْتُ,سَلِطْنَا
سلط,سَلُطَ,فَعُلَ يَفْعُلُ ( ضمَ ضمٍَ ),لازم, ,سَلُطَ,سَلُطَتْ,سَلُطَا,سَلُطَتَا,سَلُطُوا,سَلُطْنَ,سَلُطْتَ,سَلُطْتِ,سَلُطْتُمَا,سَلُطْتُمْ,سَلُطْتُنَّ,سَلُطْتُ,سَلُطْنَا
سلع,سَلَعَ,فَعَلَ يَفْعَلُ ( فتحتان ),متعدي, ,سَلَعَ,سَلَعَتْ,سَلَعَا,سَلَعَتَا,سَلَعُوا,سَلَعْنَ,سَلَعْتَ,سَلَعْتِ,سَلَعْتُمَا,سَلَعْتُمْ,سَلَعْتُنَّ,سَلَعْتُ,سَلَعْنَا
سلع,سَلِعَ,فَعِلَ يَفْعَلُ ( كسر فتح ),لازم, ,سَلِعَ,سَلِعَتْ,سَلِعَا,سَلِعَتَا,سَلِعُوا,سَلِعْنَ,سَلِعْتَ,سَلِعْتِ,سَلِعْتُمَا,سَلِعْتُمْ,سَلِعْتُنَّ,سَلِعْتُ,سَلِعْنَا
سلغ,سَلَغَ,فَعَلَ يَفْعَلُ ( فتحتان ),مشترك , ,سَلَغَ,سَلَغَتْ,سَلَغَا,سَلَغَتَا,سَلَغُوا,سَلَغْنَ,سَلَغْتَ,سَلَغْتِ,سَلَغْتُمَا,سَلَغْتُمْ,سَلَغْتُنَّ,سَلَغْتُ,سَلَغْنَا
سلغ,سَلِغَ,فَعِلَ يَفْعَلُ ( كسر فتح ),لازم, ,سَلِغَ,سَلِغَتْ,سَلِغَا,سَلِغَتَا,سَلِغُوا,سَلِغْنَ,سَلِغْتَ,سَلِغْتِ,سَلِغْتُمَا,سَلِغْتُمْ,سَلِغْتُنَّ,سَلِغْتُ,سَلِغْنَا
سلف,سَلَفَ,فَعَلَ يَفْعُلُ ( فتحُ ضمٍّ ),مشترك , ,سَلَفَ,سَلَفَتْ,سَلَفَا,سَلَفَتَا,سَلَفُوا,سَلَفْنَ,سَلَفْتَ,سَلَفْتِ,سَلَفْتُمَا,سَلَفْتُمْ,سَلَفْتُنَّ,سَلَفْتُ,سَلَفْنَا
سلق,سَلَقَ,فَعَلَ يَفْعُلُ ( فتحُ ضمٍّ ),مشترك , ,سَلَقَ,سَلَقَتْ,سَلَقَا,سَلَقَتَا,سَلَقُوا,سَلَقْنَ,سَلَقْتَ,سَلَقْتِ,سَلَقْتُمَا,سَلَقْتُمْ,سَلَقْتُنَّ,سَلَقْتُ,سَلَقْنَا
سلك,سَلَكَ,فَعَلَ يَفْعُلُ ( فتحُ ضمٍّ ),مشترك , ,سَلَكَ,سَلَكَتْ,سَلَكَا,سَلَكَتَا,سَلَكُوا,سَلَكْنَ,سَلَكْتَ,سَلَكْتِ,سَلَكْتُمَا,سَلَكْتُمْ,سَلَكْتُنَّ,سَلَكْتُ,سَلَكْنَا
سلم,سَلَمَ,فَعَلَ يَفْعِلُ ( فتحُ كَسْرٍ ),متعدي, ,سَلَمَ,سَلَمَتْ,سَلَمَا,سَلَمَتَا,سَلَمُوا,سَلَمْنَ,سَلَمْتَ,سَلَمْتِ,سَلَمْتُمَا,سَلَمْتُمْ,سَلَمْتُنَّ,سَلَمْتُ,سَلَمْنَا
سلم,سَلِمَ,فَعِلَ يَفْعَلُ ( كسر فتح ),لازم, ,سَلِمَ,سَلِمَتْ,سَلِمَا,سَلِمَتَا,سَلِمُوا,سَلِمْنَ,سَلِمْتَ,سَلِمْتِ,سَلِمْتُمَا,سَلِمْتُمْ,سَلِمْتُنَّ,سَلِمْتُ,سَلِمْنَا
سمت,سَمَتَ,فَعَلَ يَفْعُلُ ( فتحُ ضمٍّ ),مشترك , ,سَمَتَ,سَمَتَتْ,سَمَتَا,سَمَتَتَا,سَمَتُوا,سَمَتْنَ,سَمَتْتَ,سَمَتْتِ,سَمَتْتُمَا,سَمَتْتُمْ,سَمَتْتُنَّ,سَمَتْتُ,سَمَتْنَا
سمت,سَمَتَ,فَعَلَ يَفْعِلُ ( فتحُ كَسْرٍ ),مشترك , ,سَمَتَ,سَمَتَتْ,سَمَتَا,سَمَتَتَا,سَمَتُوا,سَمَتْنَ,سَمَتْتَ,سَمَتْتِ,سَمَتْتُمَا,سَمَتْتُمْ,سَمَتْتُنَّ,سَمَتْتُ,سَمَتْنَا
سمج,سَمُجَ,فَعُلَ يَفْعُلُ ( ضمَ ضمٍَ ),لازم, ,سَمُجَ,سَمُجَتْ,سَمُجَا,سَمُجَتَا,سَمُجُوا,سَمُجْنَ,سَمُجْتَ,سَمُجْتِ,سَمُجْتُمَا,سَمُجْتُمْ,سَمُجْتُنَّ,سَمُجْتُ,سَمُجْنَا
سمح,سَمَحَ,فَعَلَ يَفْعَلُ ( فتحتان ),لازم, ,سَمَحَ,سَمَحَتْ,سَمَحَا,سَمَحَتَا,سَمَحُوا,سَمَحْنَ,سَمَحْتَ,سَمَحْتِ,سَمَحْتُمَا,سَمَحْتُمْ,سَمَحْتُنَّ,سَمَحْتُ,سَمَحْنَا
سمح,سَمُحَ,فَعُلَ يَفْعُلُ ( ضمَ ضمٍَ ),لازم, ,سَمُحَ,سَمُحَتْ,سَمُحَا,سَمُحَتَا,سَمُحُوا,سَمُحْنَ,سَمُحْتَ,سَمُحْتِ,سَمُحْتُمَا,سَمُحْتُمْ,سَمُحْتُنَّ,سَمُحْتُ,سَمُحْنَا
سمخ,سَمَخَ,فَعَلَ يَفْعَلُ ( فتحتان ),مشترك , ,سَمَخَ,سَمَخَتْ,سَمَخَا,سَمَخَتَا,سَمَخُوا,سَمَخْنَ,سَمَخْتَ,سَمَخْتِ,سَمَخْتُمَا,سَمَخْتُمْ,سَمَخْتُنَّ,سَمَخْتُ,سَمَخْنَا
سمد,سَمَدَ,فَعَلَ يَفْعُلُ ( فتحُ ضمٍّ ),مشترك , ,سَمَدَ,سَمَدَتْ,سَمَدَا,سَمَدَتَا,سَمَدُوا,سَمَدْنَ,سَمَدْتَ,سَمَدْتِ,سَمَدْتُمَا,سَمَدْتُمْ,سَمَدْتُنَّ,سَمَدْتُ,سَمَدْنَا
سمر,سَمَرَ,فَعَلَ يَفْعُلُ ( فتحُ ضمٍّ ),مشترك , ,سَمَرَ,سَمَرَتْ,سَمَرَا,سَمَرَتَا,سَمَرُوا,سَمَرْنَ,سَمَرْتَ,سَمَرْتِ,سَمَرْتُمَا,سَمَرْتُمْ,سَمَرْتُنَّ,سَمَرْتُ,سَمَرْنَا
سمر,سَمَرَ,فَعَلَ يَفْعِلُ ( فتحُ كَسْرٍ ),متعدي, ,سَمَرَ,سَمَرَتْ,سَمَرَا,سَمَرَتَا,سَمَرُوا,سَمَرْنَ,سَمَرْتَ,سَمَرْتِ,سَمَرْتُمَا,سَمَرْتُمْ,سَمَرْتُنَّ,سَمَرْتُ,سَمَرْنَا
سمر,سَمِرَ,فَعِلَ يَفْعَلُ ( كسر فتح ),لازم, ,سَمِرَ,سَمِرَتْ,سَمِرَا,سَمِرَتَا,سَمِرُوا,سَمِرْنَ,سَمِرْتَ,سَمِرْتِ,سَمِرْتُمَا,سَمِرْتُمْ,سَمِرْتُنَّ,سَمِرْتُ,سَمِرْنَا
سمر,سَمُرَ,فَعُلَ يَفْعُلُ ( ضمَ ضمٍَ ),لازم, ,سَمُرَ,سَمُرَتْ,سَمُرَا,سَمُرَتَا,سَمُرُوا,سَمُرْنَ,سَمُرْتَ,سَمُرْتِ,سَمُرْتُمَا,سَمُرْتُمْ,سَمُرْتُنَّ,سَمُرْتُ,سَمُرْنَا
سمط,سَمَطَ,فَعَلَ يَفْعُلُ ( فتحُ ضمٍّ ),مشترك , ,سَمَطَ,سَمَطَتْ,سَمَطَا,سَمَطَتَا,سَمَطُوا,سَمَطْنَ,سَمَطْتَ,سَمَطْتِ,سَمَطْتُمَا,سَمَطْتُمْ,سَمَطْتُنَّ,سَمَطْتُ,سَمَطْنَا
سمط,سَمَطَ,فَعَلَ يَفْعِلُ ( فتحُ كَسْرٍ ),مشترك , ,سَمَطَ,سَمَطَتْ,سَمَطَا,سَمَطَتَا,سَمَطُوا,سَمَطْنَ,سَمَطْتَ,سَمَطْتِ,سَمَطْتُمَا,سَمَطْتُمْ,سَمَطْتُنَّ,سَمَطْتُ,سَمَطْنَا
سمع,سَمِعَ,فَعِلَ يَفْعَلُ ( كسر فتح ),مشترك , ,سَمِعَ,سَمِعَتْ,سَمِعَا,سَمِعَتَا,سَمِعُوا,سَمِعْنَ,سَمِعْتَ,سَمِعْتِ,سَمِعْتُمَا,سَمِعْتُمْ,سَمِعْتُنَّ,سَمِعْتُ,سَمِعْنَا
سمق,سَمَقَ,فَعَلَ يَفْعُلُ ( فتحُ ضمٍّ ),لازم, ,سَمَقَ,سَمَقَتْ,سَمَقَا,سَمَقَتَا,سَمَقُوا,سَمَقْنَ,سَمَقْتَ,سَمَقْتِ,سَمَقْتُمَا,سَمَقْتُمْ,سَمَقْتُنَّ,سَمَقْتُ,سَمَقْنَا
سمك,سَمَكَ,فَعَلَ يَفْعُلُ ( فتحُ ضمٍّ ),مشترك , ,سَمَكَ,سَمَكَتْ,سَمَكَا,سَمَكَتَا,سَمَكُوا,سَمَكْنَ,سَمَكْتَ,سَمَكْتِ,سَمَكْتُمَا,سَمَكْتُمْ,سَمَكْتُنَّ,سَمَكْتُ,سَمَكْنَا
سمل,سَمَلَ,فَعَلَ يَفْعُلُ ( فتحُ ضمٍّ ),مشترك , ,سَمَلَ,سَمَلَتْ,سَمَلَا,سَمَلَتَا,سَمَلُوا,سَمَلْنَ,سَمَلْتَ,سَمَلْتِ,سَمَلْتُمَا,سَمَلْتُمْ,سَمَلْتُنَّ,سَمَلْتُ,سَمَلْنَا
سمل,سَمُلَ,فَعُلَ يَفْعُلُ ( ضمَ ضمٍَ ),لازم, ,سَمُلَ,سَمُلَتْ,سَمُلَا,سَمُلَتَا,سَمُلُوا,سَمُلْنَ,سَمُلْتَ,سَمُلْتِ,سَمُلْتُمَا,سَمُلْتُمْ,سَمُلْتُنَّ,سَمُلْتُ,سَمُلْنَا
سمن,سَمَنَ,فَعَلَ يَفْعُلُ ( فتحُ ضمٍّ ),مشترك , ,سَمَنَ,سَمَنَتْ,سَمَنَا,سَمَنَتَا,سَمَنُوا,سَمَنْنَ,سَمَنْتَ,سَمَنْتِ,سَمَنْتُمَا,سَمَنْتُمْ,سَمَنْتُنَّ,سَمَنْتُ,سَمَنْنَا
سمن,سَمِنَ,فَعِلَ يَفْعَلُ ( كسر فتح ),لازم, ,سَمِنَ,سَمِنَتْ,سَمِنَا,سَمِنَتَا,سَمِنُوا,سَمِنْنَ,سَمِنْتَ,سَمِنْتِ,سَمِنْتُمَا,سَمِنْتُمْ,سَمِنْتُنَّ,سَمِنْتُ,سَمِنْنَا
سمن,سَمُنَ,فَعُلَ يَفْعُلُ ( ضمَ ضمٍَ ),لازم, ,سَمُنَ,سَمُنَتْ,سَمُنَا,سَمُنَتَا,سَمُنُوا,سَمُنْنَ,سَمُنْتَ,سَمُنْتِ,سَمُنْتُمَا,سَمُنْتُمْ,سَمُنْتُنَّ,سَمُنْتُ,سَمُنْنَا
سمه,سَمَهَ,فَعَلَ يَفْعَلُ ( فتحتان ),لازم, ,سَمَهَ,سَمَهَتْ,سَمَهَا,سَمَهَتَا,سَمَهُوا,سَمَهْنَ,سَمَهْتَ,سَمَهْتِ,سَمَهْتُمَا,سَمَهْتُمْ,سَمَهْتُنَّ,سَمَهْتُ,سَمَهْنَا
سنج,سَنَجَ,فَعَلَ يَفْعُلُ ( فتحُ ضمٍّ ),متعدي, ,سَنَجَ,سَنَجَتْ,سَنَجَا,سَنَجَتَا,سَنَجُوا,سَنَجْنَ,سَنَجْتَ,سَنَجْتِ,سَنَجْتُمَا,سَنَجْتُمْ,سَنَجْتُنَّ,سَنَجْتُ,سَنَجْنَا
سنح,سَنَحَ,فَعَلَ يَفْعَلُ ( فتحتان ),مشترك , ,سَنَحَ,سَنَحَتْ,سَنَحَا,سَنَحَتَا,سَنَحُوا,سَنَحْنَ,سَنَحْتَ,سَنَحْتِ,سَنَحْتُمَا,سَنَحْتُمْ,سَنَحْتُنَّ,سَنَحْتُ,سَنَحْنَا
سنخ,سَنَخَ,فَعَلَ يَفْعُلُ ( فتحُ ضمٍّ ),لازم, ,سَنَخَ,سَنَخَتْ,سَنَخَا,سَنَخَتَا,سَنَخُوا,سَنَخْنَ,سَنَخْتَ,سَنَخْتِ,سَنَخْتُمَا,سَنَخْتُمْ,سَنَخْتُنَّ,سَنَخْتُ,سَنَخْنَا
سنخ,سَنَخَ,فَعَلَ يَفْعَلُ ( فتحتان ),لازم, ,سَنَخَ,سَنَخَتْ,سَنَخَا,سَنَخَتَا,سَنَخُوا,سَنَخْنَ,سَنَخْتَ,سَنَخْتِ,سَنَخْتُمَا,سَنَخْتُمْ,سَنَخْتُنَّ,سَنَخْتُ,سَنَخْنَا
سنخ,سَنِخَ,فَعِلَ يَفْعَلُ ( كسر فتح ),لازم, ,سَنِخَ,سَنِخَتْ,سَنِخَا,سَنِخَتَا,سَنِخُوا,سَنِخْنَ,سَنِخْتَ,سَنِخْتِ,سَنِخْتُمَا,سَنِخْتُمْ,سَنِخْتُنَّ,سَنِخْتُ,سَنِخْنَا
سند,سَنَدَ,فَعَلَ يَفْعُلُ ( فتحُ ضمٍّ ),مشترك , ,سَنَدَ,سَنَدَتْ,سَنَدَا,سَنَدَتَا,سَنَدُوا,سَنَدْنَ,سَنَدْتَ,سَنَدْتِ,سَنَدْتُمَا,سَنَدْتُمْ,سَنَدْتُنَّ,سَنَدْتُ,سَنَدْنَا
سنط,سَنِطَ,فَعِلَ يَفْعَلُ ( كسر فتح ),لازم, ,سَنِطَ,سَنِطَتْ,سَنِطَا,سَنِطَتَا,سَنِطُوا,سَنِطْنَ,سَنِطْتَ,سَنِطْتِ,سَنِطْتُمَا,سَنِطْتُمْ,سَنِطْتُنَّ,سَنِطْتُ,سَنِطْنَا
سنط,سَنُطَ,فَعُلَ يَفْعُلُ ( ضمَ ضمٍَ ),لازم, ,سَنُطَ,سَنُطَتْ,سَنُطَا,سَنُطَتَا,سَنُطُوا,سَنُطْنَ,سَنُطْتَ,سَنُطْتِ,سَنُطْتُمَا,سَنُطْتُمْ,سَنُطْتُنَّ,سَنُطْتُ,سَنُطْنَا
سنع,سَنَعَ,فَعَلَ يَفْعُلُ ( فتحُ ضمٍّ ),لازم, ,سَنَعَ,سَنَعَتْ,سَنَعَا,سَنَعَتَا,سَنَعُوا,سَنَعْنَ,سَنَعْتَ,سَنَعْتِ,سَنَعْتُمَا,سَنَعْتُمْ,سَنَعْتُنَّ,سَنَعْتُ,سَنَعْنَا
سنع,سَنَعَ,فَعَلَ يَفْعَلُ ( فتحتان ),لازم, ,سَنَعَ,سَنَعَتْ,سَنَعَا,سَنَعَتَا,سَنَعُوا,سَنَعْنَ,سَنَعْتَ,سَنَعْتِ,سَنَعْتُمَا,سَنَعْتُمْ,سَنَعْتُنَّ,سَنَعْتُ,سَنَعْنَا
سنع,سَنُعَ,فَعُلَ يَفْعُلُ ( ضمَ ضمٍَ ),لازم, ,سَنُعَ,سَنُعَتْ,سَنُعَا,سَنُعَتَا,سَنُعُوا,سَنُعْنَ,سَنُعْتَ,سَنُعْتِ,سَنُعْتُمَا,سَنُعْتُمْ,سَنُعْتُنَّ,سَنُعْتُ,سَنُعْنَا
سنف,سَنَفَ,فَعَلَ يَفْعُلُ ( فتحُ ضمٍّ ),مشترك , ,سَنَفَ,سَنَفَتْ,سَنَفَا,سَنَفَتَا,سَنَفُوا,سَنَفْنَ,سَنَفْتَ,سَنَفْتِ,سَنَفْتُمَا,سَنَفْتُمْ,سَنَفْتُنَّ,سَنَفْتُ,سَنَفْنَا
سنف,سَنَفَ,فَعَلَ يَفْعِلُ ( فتحُ كَسْرٍ ),مشترك , ,سَنَفَ,سَنَفَتْ,سَنَفَا,سَنَفَتَا,سَنَفُوا,سَنَفْنَ,سَنَفْتَ,سَنَفْتِ,سَنَفْتُمَا,سَنَفْتُمْ,سَنَفْتُنَّ,سَنَفْتُ,سَنَفْنَا
سنق,سَنِقَ,فَعِلَ يَفْعَلُ ( كسر فتح ),لازم, ,سَنِقَ,سَنِقَتْ,سَنِقَا,سَنِقَتَا,سَنِقُوا,سَنِقْنَ,سَنِقْتَ,سَنِقْتِ,سَنِقْتُمَا,سَنِقْتُمْ,سَنِقْتُنَّ,سَنِقْتُ,سَنِقْنَا
سنم,سَنِمَ,فَعِلَ يَفْعَلُ ( كسر فتح ),لازم, ,سَنِمَ,سَنِمَتْ,سَنِمَا,سَنِمَتَا,سَنِمُوا,سَنِمْنَ,سَنِمْتَ,سَنِمْتِ,سَنِمْتُمَا,سَنِمْتُمْ,سَنِمْتُنَّ,سَنِمْتُ,سَنِمْنَا
سنه,سَنِهَ,فَعِلَ يَفْعَلُ ( كسر فتح ),لازم, ,سَنِهَ,سَنِهَتْ,سَنِهَا,سَنِهَتَا,سَنِهُوا,سَنِهْنَ,سَنِهْتَ,سَنِهْتِ,سَنِهْتُمَا,سَنِهْتُمْ,سَنِهْتُنَّ,سَنِهْتُ,سَنِهْنَا
سهب,سَهَبَ,فَعَلَ يَفْعَلُ ( فتحتان ),متعدي, ,سَهَبَ,سَهَبَتْ,سَهَبَا,سَهَبَتَا,سَهَبُوا,سَهَبْنَ,سَهَبْتَ,سَهَبْتِ,سَهَبْتُمَا,سَهَبْتُمْ,سَهَبْتُنَّ,سَهَبْتُ,سَهَبْنَا
سهج,سَهَجَ,فَعَلَ يَفْعَلُ ( فتحتان ),مشترك , ,سَهَجَ,سَهَجَتْ,سَهَجَا,سَهَجَتَا,سَهَجُوا,سَهَجْنَ,سَهَجْتَ,سَهَجْتِ,سَهَجْتُمَا,سَهَجْتُمْ,سَهَجْتُنَّ,سَهَجْتُ,سَهَجْنَا
سهد,سَهِدَ,فَعِلَ يَفْعَلُ ( كسر فتح ),لازم, ,سَهِدَ,سَهِدَتْ,سَهِدَا,سَهِدَتَا,سَهِدُوا,سَهِدْنَ,سَهِدْتَ,سَهِدْتِ,سَهِدْتُمَا,سَهِدْتُمْ,سَهِدْتُنَّ,سَهِدْتُ,سَهِدْنَا
سهر,سَهِرَ,فَعِلَ يَفْعَلُ ( كسر فتح ),لازم, ,سَهِرَ,سَهِرَتْ,سَهِرَا,سَهِرَتَا,سَهِرُوا,سَهِرْنَ,سَهِرْتَ,سَهِرْتِ,سَهِرْتُمَا,سَهِرْتُمْ,سَهِرْتُنَّ,سَهِرْتُ,سَهِرْنَا
سهف,سَهَفَ,فَعَلَ يَفْعَلُ ( فتحتان ),لازم, ,سَهَفَ,سَهَفَتْ,سَهَفَا,سَهَفَتَا,سَهَفُوا,سَهَفْنَ,سَهَفْتَ,سَهَفْتِ,سَهَفْتُمَا,سَهَفْتُمْ,سَهَفْتُنَّ,سَهَفْتُ,سَهَفْنَا
سهف,سَهِفَ,فَعِلَ يَفْعَلُ ( كسر فتح ),لازم, ,سَهِفَ,سَهِفَتْ,سَهِفَا,سَهِفَتَا,سَهِفُوا,سَهِفْنَ,سَهِفْتَ,سَهِفْتِ,سَهِفْتُمَا,سَهِفْتُمْ,سَهِفْتُنَّ,سَهِفْتُ,سَهِفْنَا
سهك,سَهَكَ,فَعَلَ يَفْعَلُ ( فتحتان ),مشترك , ,سَهَكَ,سَهَكَتْ,سَهَكَا,سَهَكَتَا,سَهَكُوا,سَهَكْنَ,سَهَكْتَ,سَهَكْتِ,سَهَكْتُمَا,سَهَكْتُمْ,سَهَكْتُنَّ,سَهَكْتُ,سَهَكْنَا
سهك,سَهِكَ,فَعِلَ يَفْعَلُ ( كسر فتح ),لازم, ,سَهِكَ,سَهِكَتْ,سَهِكَا,سَهِكَتَا,سَهِكُوا,سَهِكْنَ,سَهِكْتَ,سَهِكْتِ,سَهِكْتُمَا,سَهِكْتُمْ,سَهِكْتُنَّ,سَهِكْتُ,سَهِكْنَا
سهل,سَهُلَ,فَعُلَ يَفْعُلُ ( ضمَ ضمٍَ ),لازم, ,سَهُلَ,سَهُلَتْ,سَهُلَا,سَهُلَتَا,سَهُلُوا,سَهُلْنَ,سَهُلْتَ,سَهُلْتِ,سَهُلْتُمَا,سَهُلْتُمْ,سَهُلْتُنَّ,سَهُلْتُ,سَهُلْنَا
سهم,سَهَمَ,فَعَلَ يَفْعَلُ ( فتحتان ),لازم, ,سَهَمَ,سَهَمَتْ,سَهَمَا,سَهَمَتَا,سَهَمُوا,سَهَمْنَ,سَهَمْتَ,سَهَمْتِ,سَهَمْتُمَا,سَهَمْتُمْ,سَهَمْتُنَّ,سَهَمْتُ,سَهَمْنَا
سهم,سَهُمَ,فَعُلَ يَفْعُلُ ( ضمَ ضمٍَ ),لازم, ,سَهُمَ,سَهُمَتْ,سَهُمَا,سَهُمَتَا,سَهُمُوا,سَهُمْنَ,سَهُمْتَ,سَهُمْتِ,سَهُمْتُمَا,سَهُمْتُمْ,سَهُمْتُنَّ,سَهُمْتُ,سَهُمْنَا
