word,prefixes,stem,suffixes,frequency,stability,n_variants
مِنْ,,من,,1673,1.0,1
فِي,,في,,1185,0.955,2
مَا,,ما,,994,1.0,1
اللَّهِ,ال,له,,827,1.0,1
الَّذِينَ,,الذين,,810,1.0,1
لَا,,لا,,810,1.0,1
اللَّهُ,ال,له,,733,1.0,1
مِنَ,,من,,693,1.0,1
عَلَى,,على,,669,1.0,1
إِلَّا,,إلا,,662,0.992,2
وَلَا,و,لا,,656,1.0,1
وَمَا,و,ما,,646,1.0,1
إِنَّ,,أن,,609,0.731,2
اللَّهَ,ال,له,,592,1.0,1
أَنْ,,أن,,519,0.981,2
قَالَ,,قال,,416,1.0,1
إِلَى,,إلى,,405,1.0,1
مَنْ,,من,,373,1.0,1
إِنْ,,إن,,343,0.991,2
ثُمَّ,,ثم,,337,1.0,1
بِهِ,ب,ه,,327,1.0,1
لَهُمْ,ل,هم,,325,1.0,1
كَانَ,,كان,,323,1.0,1
بِمَا,ب,ما,,296,0.997,2
لَكُمْ,ل,كم,,294,1.0,1
ذَلِكَ,,ذلك,,280,1.0,1
لَهُ,ل,ه,,275,1.0,1
الَّذِي,,الذي,,268,1.0,1
هُوَ,,هو,,265,1.0,1
أَوْ,,أو,,264,1.0,1
قُلْ,,قل,,263,1.0,1
آمَنُوا,,آمن,وا,253,1.0,1
قَالُوا,,قال,وا,250,1.0,1
فِيهَا,في,ها,,241,1.0,1
وَاللَّهُ,و|ال,له,,239,1.0,1
وَمَنْ,و,من,,234,0.987,2
كَانُوا,,كان,وا,229,1.0,1
الْأَرْضِ,ال,أرض,(null),219,1.0,1
إِذَا,,إذا,,195,1.0,1
هَذَا,,هذا,,190,1.0,1
كَفَرُوا,,كفر,وا,189,1.0,1
كُنْتُمْ,,كن,تم,188,1.0,1
عَلَيْهِمْ,علي,هم,,183,1.0,1
هُمْ,,هم,,180,1.0,1
شَيْءٍ,,شيء,,179,1.0,1
السَّمَاوَاتِ,ال,سماو,ات,175,0.823,3
وَهُوَ,و,هو,,171,1.0,1
وَإِنْ,و,إن,,170,1.0,1
وَالَّذِينَ,و,الذين,,164,0.994,2
لَمْ,,لم,,163,1.0,1
إِنَّا,,إن,نا,156,1.0,1
فَلَا,ف,لا,,156,1.0,1
إِذْ,,إذ,,156,1.0,1
عَنْ,,عن,,153,1.0,1
إِنَّهُ,,إن,ه,147,1.0,1
عَلَيْكُمْ,على,كم,,146,1.0,1
عَلَيْهِ,علي,ه,,145,1.0,1
مِنْهُمْ,من,هم,,145,1.0,1
يَاأَيُّهَا,يا,أي+ها+None,,143,0.993,2
حَتَّى,,حتى,,142,1.0,1
بِاللَّهِ,ب|ال,له,,139,1.0,1
وَهُمْ,و,هم,,136,1.0,1
أُولَئِكَ,,أولئك,,133,1.0,1
يَوْمَ,,يوم,(null),133,1.0,1
إِنِّي,,إن,ي,131,1.0,1
وَإِذَا,و,إذا,,130,1.0,1
فِيهِ,في,ه,,127,1.0,1
وَلَقَدْ,و|ل,قد,,124,1.0,1
كُلِّ,,كل,,123,1.0,1
قَدْ,,قد,,120,1.0,1
لِلَّهِ,ل,له,,116,1.0,1
رَبِّكَ,,رب,ك,116,1.0,1
الدُّنْيَا,ال,دنيا,,115,1.0,1
إِنَّمَا,,إنما,,113,1.0,1
بَلْ,,بل,,113,1.0,1
مِمَّا,من,ما,,111,1.0,1
أَمْ,,أم,,110,1.0,1
وَلَوْ,و,لو,,108,1.0,1
وَالْأَرْضِ,و|ال,أرض,(null),108,1.0,1
يَشَاءُ,ي,شاء,,108,1.0,1
مُوسَى,,موسى,,105,1.0,1
مِنْكُمْ,من,كم,,105,1.0,1
فَلَمَّا,ف,لما,,101,1.0,1
عَلِيمٌ,,عليم,,100,1.0,1
رَبِّ,,رب,,99,1.0,1
أَنَّ,,أن,,99,0.98,2
عِنْدَ,,عند,,98,1.0,1
النَّاسِ,ال,ناس,,92,1.0,1
رَبِّي,,رب,ي,91,1.0,1
فَإِنْ,ف,إن,,89,1.0,1
مِنْهُ,من,ه,,88,1.0,1
يُؤْمِنُونَ,ي,ؤمن,ون,86,0.942,4
فَمَا,ف,ما,,86,1.0,1
مِنْهَا,من,ها,,86,1.0,1
فَإِذَا,ف,إذا,,86,1.0,1
وَقَالَ,و,قال,,85,1.0,1
وَكَانَ,و,كان,,84,1.0,1
دُونِ,,دون,,83,1.0,1
لَنَا,ل,نا,,83,1.0,1
كَذَلِكَ,ك,ذلك,,83,1.0,1
تَعْمَلُونَ,ت,عمل,ون,83,0.892,4
بَعْدِ,,بعد,,82,1.0,1
يَعْلَمُونَ,ي,علم,ون,81,0.852,3
السَّمَاءِ,ال,سماء,,81,1.0,1
وَإِنَّ,و,إن,,81,1.0,1
رَبِّهِمْ,,رب,هم,80,1.0,1
هُمُ,,هم,,80,1.0,1
لِلَّذِينَ,ل,الذين,,79,1.0,1
بِهَا,ب,ها,,79,1.0,1
أَلَمْ,أ,لم,,78,1.0,1
الْكِتَابَ,ال,كتاب,,78,1.0,1
خَيْرٌ,,خير,(null),78,1.0,1
الْمُؤْمِنِينَ,ال,مؤمن,ين,78,1.0,1
عَذَابٌ,,عذاب,,77,1.0,1
شَيْئَاً,,شيئ,ا,77,1.0,1
الْكِتَابِ,ال,كتاب,,77,1.0,1
إِلَيْهِ,إلي,ه,,76,1.0,1
لَوْ,,لو,,76,1.0,1
إِلَيْكَ,,إلي,ك,74,1.0,1
بِالْحَقِّ,ب|ال,حق,(null),74,1.0,1
أَنْتُمْ,,أنتم,,74,1.0,1
رَبَّنَا,,رب,(null)|نا,72,1.0,1
سَبِيلِ,,سبيل,,72,1.0,1
فَإِنَّ,ف,أن,,71,1.0,1
قَبْلُ,,قبل,,70,1.0,1
النَّارِ,ال,نار,,70,1.0,1
بَيْنَ,,بين,,70,1.0,1
الْقِيَامَةِ,ال,قيام,ة|(null),70,1.0,1
عَنِ,,عن,,70,1.0,1
وَإِذْ,و,إذ,,69,1.0,1
لَكَ,ل,ك,,69,1.0,1
فَمَنْ,ف,من,,67,1.0,1
عَنْهُمْ,عن,هم,,67,1.0,1
هَلْ,,هل,,66,1.0,1
نَحْنُ,,نحن,,65,1.0,1
الظَّالِمِينَ,ال,ظالم,ين,64,1.0,1
وَمِنْ,,و,من,64,0.938,2
يَوْمَئِذٍ,,يوم,ئذ,63,1.0,1
كُنَّا,,كن,نا,63,1.0,1
إِنَّهُمْ,,إن,هم,62,1.0,1
كَيْفَ,,كيف,,62,1.0,1
يَعْلَمُ,ي,علم,,62,1.0,1
وَقَالُوا,و,قال,وا,61,0.885,4
الْعَالَمِينَ,ال,عالم,ين,60,1.0,1
كَمَا,ك,ما,,59,1.0,1
لَعَلَّكُمْ,,لعل,كم,59,1.0,1
الصَّالِحَاتِ,ال,صالح,ات,59,1.0,1
لَنْ,,لن,,59,1.0,1
رَحِيمٌ,,رحيم,,59,1.0,1
لِي,ل,ي,,59,1.0,1
خَلَقَ,,خلق,(null),58,1.0,1
مَعَ,,مع,,58,1.0,1
وَلَكِنْ,و,لكن,,57,1.0,1
الَّتِي,,التي,,57,1.0,1
بِآيَاتِنَا,ب,آي,ات|نا,57,1.0,1
جَاءَ,,جاء,,57,1.0,1
شَاءَ,,شاء,(null),56,1.0,1
يَعْمَلُونَ,ي,عمل,ون,56,0.929,2
عَلَيْكَ,علي,ك,,56,1.0,1
تَعْلَمُونَ,ت,علم,ون,55,0.836,4
أَعْلَمُ,,أعلم,,55,0.855,2
أَنْتَ,,أنت,,55,1.0,1
قَلِيلَاً,,قليل,ا,55,1.0,1
رَبَّكَ,,رب,ك,55,1.0,1
الْآخِرَةِ,ال,آخر,ة|(null),55,1.0,1
لِمَنْ,ل,من,,55,1.0,1
أَلَا,,ألا,,54,1.0,1
بَيْنَهُمْ,,بين,هم,54,1.0,1
بَعْدَ,,بعد,,54,1.0,1
جَهَنَّمَ,,جهنم,,54,1.0,1
وَعَمِلُوا,و,عمل,وا,53,0.962,2
وَلَكِنَّ,و,لكن,,53,1.0,1
الْكَافِرِينَ,ال,كافر,ين,52,1.0,1
لَقَدْ,,ل+قد,,52,1.0,1
عَلَيْنَا,علي,نا,,51,1.0,1
يَقُولُونَ,ي,قول,ون,51,0.922,2
لِلنَّاسِ,ل|ال,ناس,,51,1.0,1
لِقَوْمٍ,ل,قوم,,51,1.0,1
غَفُورٌ,,غفور,,51,1.0,1
فَقَدْ,ف,قد,,50,1.0,1
جَمِيعَاً,,جميع,ا,49,1.0,1
إِنَّكَ,,إن,ك,49,1.0,1
أَنَا,,أنا,,49,1.0,1
تَجْرِي,ت,جري,,48,1.0,1
الْحَقُّ,ال,حق,,48,1.0,1
النَّاسَ,ال,ناس,,48,1.0,1
فِرْعَوْنَ,,فرعون,,48,1.0,1
لَهُمُ,ل,هم,,48,1.0,1
أَرْسَلْنَا,,أرسل,نا,48,1.0,1
الصَّلَاةَ,ال,صلا,ة,47,1.0,1
أُنْزِلَ,,أنزل,,47,0.809,2
كُلُّ,,كل,,47,1.0,1
هِيَ,,هي,,47,1.0,1
عَمَّا,عن,ما,,47,1.0,1
أَنْزَلَ,,أنزل,,47,0.936,2
إِبْرَاهِيمَ,,إبراهيم,,47,1.0,1
لَيْسَ,,ليس,,47,1.0,1
وَلَمْ,و,لم,,47,1.0,1
كُلَّ,,كل,,47,1.0,1
كَثِيرَاً,,كثير,ا,46,1.0,1
هَذِهِ,,هذه,,46,1.0,1
رَبِّكُمْ,,رب,كم,46,1.0,1
فَأُولَئِكَ,ف,أولئك,,46,1.0,1
الْعَزِيزُ,ال,عزيز,,46,1.0,1
عَلَيْهَا,علي,ها,,46,1.0,1
الْأَرْضَ,ال,أرض,(null),45,1.0,1
أَفَلَا,أ|ف,لا,,45,1.0,1
مُبِينٌ,,مبين,,45,1.0,1
أَلَّا,,أن+Lا,,45,0.978,2
جَعَلَ,,جعل,(null),44,1.0,1
رَبِّهِ,,رب,ه,44,1.0,1
وَيَوْمَ,و,يوم,,44,1.0,1
لَكُمُ,ل,كم,,43,1.0,1
رَبُّكَ,,رب,ك,43,1.0,1
وَقَدْ,و,قد,,43,1.0,1
خَالِدِينَ,,خالد,ين,43,1.0,1
وَأَنَّ,و,أن,,43,1.0,1
النَّاسُ,ال,ناس,,42,1.0,1
وَأَنْتُمْ,و,أنتم,,42,1.0,1
يَهْدِي,ي,هدي,,42,1.0,1
وَلَهُمْ,و|ل,هم,,41,0.902,3
هَؤُلَاءِ,,هؤلاء,,41,1.0,1
أَصْحَابُ,,أصحاب,(null),41,1.0,1
إِسْرَائِيلَ,,إسرائيل,,41,1.0,1
أَنَّهُمْ,,أن,هم,41,1.0,1
بِغَيْرِ,ب,غير,,41,1.0,1
لَهَا,ل,ها,,41,1.0,1
لَعَلَّهُمْ,,لعل,هم,41,1.0,1
وَالْأَرْضَ,و|ال,أرض,(null),41,1.0,1
فَهُمْ,ف,هم,,40,1.0,1
الْأَنْهَارُ,ال,أنهار,,40,1.0,1
قَوْمَاً,,قوم,ا,40,1.0,1
وَعَلَى,,و,على,39,1.0,1
ظَلَمُوا,,ظلم,وا,39,1.0,1
غَيْرَ,,غير,(null),39,1.0,1
يُحِبُّ,ي,حب,,39,1.0,1
مُبِينٍ,,مبين,,39,1.0,1
وَمِنَ,,و,من,38,0.921,2
أَلِيمٌ,,أليم,(null),38,1.0,1
وَاتَّقُوا,و,اتق,وا,38,0.789,4
لَوْلَا,,لولا,,38,1.0,1
وَكَذَلِكَ,و|ك,ذلك,,38,1.0,1
يُرِيدُ,ي,ريد,,38,1.0,1
الْيَوْمَ,ال,يوم,,38,0.974,2
عَذَابَاً,,عذاب,ا,38,1.0,1
دُونِهِ,,دون,(null)|ه,38,1.0,1
قُلُوبِهِمْ,,قلوب,(null)|هم,37,1.0,1
قَدِيرٌ,,قدير,,37,1.0,1
جَنَّاتٍ,,جن,ات|(null),37,1.0,1
الْحَقِّ,ال,حق,,37,1.0,1
بَعْضٍ,,بعض,(null),37,1.0,1
الْحَيَاةِ,ال,حيا,ة|(null),37,1.0,1
خَيْرَاً,,خير,ا,37,1.0,1
إِلَهَ,,إله,,37,1.0,1
عَذَابَ,,عذاب,,37,1.0,1
كَذَّبُوا,,كذب,وا,37,1.0,1
إِلَيْهِمْ,إلي,هم,,37,1.0,1
عَنْهُ,عن,ه,,37,1.0,1
وَجَعَلْنَا,و,جعل,نا,37,0.946,2
أَنْفُسَهُمْ,,أنفس,هم,36,1.0,1
بِهِمْ,ب,هم,,36,1.0,1
يَاقَوْمِ,يا,قوم+(null)+None+None,,36,1.0,1
صَالِحَاً,,صالح,ا,36,1.0,1
قَبْلِهِمْ,,قبل,هم,36,1.0,1
يَقُولُ,ي,قول,,35,1.0,1
تَحْتِهَا,,تحت,ها,35,1.0,1
لِمَا,,لما,,35,1.0,1
الْعَذَابِ,ال,عذاب,,35,1.0,1
وَكَانُوا,و,كان,وا,35,1.0,1
كُنْتَ,,كن,ت,35,1.0,1
حَكِيمٌ,,حكيم,(null),35,1.0,1
أَوَلَمْ,أ,و+لم,,35,1.0,1
فَبِأَيِّ,,ف+ب+أي,,35,1.0,1
قِيلَ,,قيل,,34,1.0,1
الشَّيْطَانُ,ال,شيطان,,34,1.0,1
ذَلِكُمْ,,ذلك+م,,34,1.0,1
بِآيَاتِ,ب,آي,ات,34,1.0,1
مَعَهُ,,مع,ه,34,1.0,1
بِكُلِّ,ب,كل,,33,1.0,1
الْحَكِيمُ,ال,حكيم,,33,1.0,1
وَفِي,,و,في,33,1.0,1
وَإِنَّا,و,إن,نا,33,0.818,4
مُؤْمِنِينَ,,مؤمن,ين,33,1.0,1
مِنَّا,من,نا,,33,1.0,1
كَلَّا,,كلا,,33,1.0,1
أُوتُوا,,أوت,وا,32,1.0,1
رَبُّكُمْ,,رب,كم,32,1.0,1
لَمَّا,,لما,,32,1.0,1
آلَاءِ,,آلاء,,32,1.0,1
يَوْمِ,,يوم,(null),31,1.0,1
عَظِيمٌ,,عظيم,,31,1.0,1
آمَنَّا,,آمن,نا,31,1.0,1
صَادِقِينَ,,صادق,ين,31,1.0,1
نَفْسٍ,,نفس,,31,1.0,1
إِنَّكُمْ,,إن,كم,31,1.0,1
عَلَيْهِمُ,علي,هم,,31,1.0,1
بَنِي,,بن,ي,31,1.0,1
وَلَمَّا,و,لما,,31,1.0,1
تَرَ,ت,ر,,31,1.0,1
الْقَوْمِ,ال,قوم,,31,1.0,1
الْأَوَّلِينَ,ال,أول,ين,31,1.0,1
رَبِّكُمَا,,رب,كما,31,1.0,1
تُكَذِّبَانِ,ت,كذب,ان,31,1.0,1
الْمُحْسِنِينَ,ال,محسن,ين,30,1.0,1
جَاءَهُمْ,,جاء,هم,30,1.0,1
فَإِنَّمَا,ف,إنما+None+None,,30,1.0,1
وَلَئِنْ,و,ل+ئن,,30,1.0,1
اللَّيْلِ,ال,ليل,,30,1.0,1
قُلِ,,قل,,30,1.0,1
حَيْثُ,,حيث,,29,1.0,1
جَعَلْنَا,,جعل,نا,29,1.0,1
لَآيَاتٍ,,ل+آي,ات,29,1.0,1
لَفِي,,ل+في,,29,1.0,1
بِكُمْ,ب,كم,,29,1.0,1
سَبِيلَاً,,سبيل,ا,29,1.0,1
بَيْنَهُمَا,,بين,(null)|هما,29,1.0,1
عِلْمٍ,,علم,,29,1.0,1
وَجَعَلَ,و,جعل,,29,1.0,1
قَبْلِكَ,,قبل,ك,28,1.0,1
وَأَمَّا,و,أما,,28,1.0,1
الْعَلِيمُ,ال,عليم,,28,1.0,1
الرَّحِيمُ,ال,رحيم,,28,1.0,1
مَرْيَمَ,,مريم,,28,1.0,1
أَبَدَاً,,أبد,ا,28,1.0,1
تِلْكَ,,تلك,,28,1.0,1
الْآيَاتِ,ال,آي,ات,28,1.0,1
الْعَذَابَ,ال,عذاب,,28,1.0,1
فَهُوَ,ف,هو,,28,1.0,1
يَوْمٍ,,يوم,(null),28,1.0,1
وَيَقُولُونَ,و|ي,قول+ون+None+None,,28,1.0,1
وَرَسُولَهُ,و,رسول,ه,28,0.714,3
الدِّينِ,ال,دين,,27,1.0,1
هُدَىً,,هدي,,27,1.0,1
مَاءً,,ماء,,27,1.0,1
فَقَالَ,ف,قال,,27,1.0,1
آيَاتِهِ,,آي,ات|ه,27,1.0,1
الْجَنَّةِ,ال,جن,ة,27,1.0,1
كَانَتْ,,كان,ت,27,1.0,1
بَصِيرٌ,,بصير,,27,1.0,1
أَنْفُسِهِمْ,,أنفس,هم,27,1.0,1
وَلِلَّهِ,و|ل,له,,27,1.0,1
لَمِنَ,,ل,من,27,0.963,2
يَكُنْ,ي,كن,,27,1.0,1
وَإِلَى,,و,إلى,27,1.0,1
أَوْلِيَاءَ,,أولياء,,27,1.0,1
ضَلَالٍ,,ضلال,,27,1.0,1
الْإِنْسَانُ,ال,إنسان,(null),27,1.0,1
قَوْمِهِ,,قوم,ه,27,1.0,1
الْإِنْسَانَ,ال,إنسان,(null),27,1.0,1
الْحَمْدُ,ال,حمد,,26,1.0,1
آمَنَ,,آمن,,26,1.0,1
مَعَكُمْ,,مع,كم,26,1.0,1
فَضْلِهِ,,فضل,ه,26,1.0,1
إِذَاً,,إذا,,26,1.0,1
الْقَوْمَ,ال,قوم,,26,1.0,1
إِلَيْكُمْ,إلي,كم,,26,1.0,1
عَاقِبَةُ,,عاقب,ة|(null),26,1.0,1
فَسَوْفَ,ف,سوف,,26,1.0,1
قَوْمٌ,,قوم,(null),26,1.0,1
وَأُولَئِكَ,W,أولئك,,25,1.0,1
وَمِنْهُمْ,و|من,هم,,25,0.96,2
أَيْدِيهِمْ,,أيدي,(null)|هم,25,1.0,1
أَنْزَلْنَا,,أنزل,نا,25,1.0,1
ذُو,,ذو,,25,1.0,1
قَبْلِ,,قبل,,25,1.0,1
أَكْثَرَ,,أكثر,,25,1.0,1
اللَّيْلَ,ال,ليل,,25,1.0,1
إِلَيَّ,إلى,ي,,25,1.0,1
أُمَّةٍ,,أم,ة,25,1.0,1
لِكُلِّ,ل,كل,,25,1.0,1
لَئِنْ,,ل+ئن,,25,1.0,1
خَالِدُونَ,,خالد,ون,24,1.0,1
عَنْهَا,عن,ها,,24,1.0,1
الْحَقَّ,ال,حق,,24,1.0,1
الزَّكَاةَ,ال,زكا,ة,24,1.0,1
تَعْقِلُونَ,ت,عقل,ون,24,0.917,2
يَامُوسَى,يا,موسى,,24,1.0,1
بِأَنَّهُمْ,ب,أن,هم,24,0.792,3
بِالْبَيِّنَاتِ,ب|ال,بين,ات,24,0.958,2
الْمُشْرِكِينَ,ال,مشرك,ين,24,1.0,1
فِيمَا,في,ما,,24,1.0,1
وَإِنَّهُ,و,أن,ه,24,0.833,2
الظَّالِمُونَ,ال,ظالم,ون,24,1.0,1
وَلَوْلَا,و,لولا,,24,1.0,1
الْمُرْسَلِينَ,ال,مرسل,ين,24,1.0,1
وَرَسُولِهِ,و,رسول,ه,24,0.75,4
قَالَتْ,,قال,ت,24,1.0,1
يَرَوْا,ي,ر,وا,24,1.0,1
الْآخِرِ,ال,آخر,(null),23,1.0,1
لِلْكَافِرِينَ,ل|ال,كافر,ين,23,1.0,1
أَنَّهُ,,أن,ه,23,1.0,1
الْأَرْضُ,ال,أرض,(null),23,1.0,1
بَعْضُهُمْ,,بعض,هم,23,1.0,1
بِإِذْنِ,ب,إذن,,23,1.0,1
أَهْلِ,,أهل,(null),23,1.0,1
الْمَصِيرُ,ال,مصير,(null),23,1.0,1
أَجْمَعِينَ,,أجمع,ين,23,1.0,1
الْمُتَّقِينَ,ال,متق,ين,23,1.0,1
بَيْنَكُمْ,,بين,كم,23,1.0,1
عَزِيزٌ,,عزيز,,23,1.0,1
يَدْعُونَ,ي,دع,ون,23,0.913,2
خَبِيرٌ,,خبير,(null),23,1.0,1
آيَةً,,آي,ة|(null),23,1.0,1
وَلَهُ,و|ل,ه,,23,0.913,3
قَوْمٍ,,قوم,(null),23,1.0,1
نُوحٍ,,نوح,,23,1.0,1
فَهَلْ,ف,هل,,23,1.0,1
رَبُّ,,رب,,23,1.0,1
وَلَنْ,و,لن,,22,1.0,1
فَأَمَّا,ف,أما,,22,1.0,1
مَاذَا,,ماذا,,22,1.0,1
عَنْكُمْ,عن,كم,,22,1.0,1
فَلَنْ,ف,لن,,22,1.0,1
بَلَى,,بلى,,22,1.0,1
الْعَذَابُ,ال,عذاب,,22,1.0,1
عِبَادِهِ,,عباد,ه,22,1.0,1
أَكْثَرُهُمْ,,أكثر,هم,22,1.0,1
كُلٌّ,,كل,,22,1.0,1
الْهُدَى,ال,هدي,,22,1.0,1
رَسُولَاً,,رسول,ا,22,1.0,1
آيَاتِنَا,,آي,ات|نا,22,1.0,1
يَعْقِلُونَ,ي,عقل,ون,22,0.864,3
وَأَنْ,و,أن,,22,1.0,1
وَإِلَيْهِ,و|إلي,ه,,22,1.0,1
رَحْمَةً,,رحم,ة,22,1.0,1
الْمُؤْمِنُونَ,ال,مؤمن,ون,22,1.0,1
عَلِيمَاً,,عليم,ا,22,1.0,1
عَظِيمَاً,,عظيم,ا,22,1.0,1
أَجْرَاً,,أجر,ا,22,1.0,1
الْقُرْآنَ,ال,قرآن,,22,1.0,1
نَذِيرٌ,,نذير,,22,1.0,1
الرَّحْمَنِ,ال,رحمن,,21,1.0,1
يَشْعُرُونَ,ي,شعر,ون,21,0.905,2
تَكُونُوا,ت,كون,وا,21,1.0,1
وَالْيَوْمِ,و|ال,يوم,(null),21,1.0,1
عِنْدِ,,عند,,21,1.0,1
النَّارُ,ال,نار,,21,1.0,1
بِالْآخِرَةِ,ب|ال,آخر,ة,21,1.0,1
جَاءَكُمْ,,جاء,كم,21,1.0,1
رَسُولٌ,,رسول,,21,1.0,1
مِمَّنْ,من,من,,21,1.0,1
الرَّحْمَنُ,ال,رحمن,,21,1.0,1
آيَاتِ,,آي,ات,21,1.0,1
الْمَلَائِكَةُ,ال,ملائك,ة,21,1.0,1
مُسَمَّىً,,مسمى,,21,1.0,1
وَكَفَى,و,كفى,,21,1.0,1
عَسَى,,عسى,,21,1.0,1
اتَّخَذُوا,,اتخذ,وا,21,1.0,1
كَذَّبَ,,كذب,,21,1.0,1
خَلَقْنَا,,خلق,نا,21,1.0,1
يُنْفِقُونَ,ي,نفق,ون,20,0.95,2
مَثَلَاً,,مثل,ا,20,1.0,1
عَدُوٌّ,,عدو,(null),20,1.0,1
تَعْبُدُونَ,ت,عبد,ون,20,0.8,3
مُلْكُ,,ملك,(null),20,0.95,2
السَّبِيلِ,ال,سبيل,,20,1.0,1
تَوَلَّوْا,,تول,وا,20,0.95,2
مُسْتَقِيمٍ,,مستقيم,,20,1.0,1
شَهِيدَاً,,شهيد,ا,20,1.0,1
بِالْمَعْرُوفِ,ب|ال,معروف,,20,1.0,1
سَمِيعٌ,,سميع,,20,1.0,1
مَنِ,,من,,20,1.0,1
لَآيَةً,ل,آي,ة,20,1.0,1
خَيْرُ,,خير,(null),20,1.0,1
رَحِيمَاً,,رحيم,ا,20,1.0,1
غَفُورَاً,,غفور,ا,20,1.0,1
أَنِ,,أن,,20,1.0,1
غَيْرُ,,غير,(null),20,1.0,1
قَبْلَ,,قبل,,20,1.0,1
أَحَدَاً,,أحد,ا,20,1.0,1
أَخَافُ,أ,خاف,,20,1.0,1
عَمِلُوا,,عمل,وا,20,1.0,1
نَارَاً,,نار,ا,19,1.0,1
تَتَّقُونَ,ت,تق,ون,19,0.842,3
تُرْجَعُونَ,ت,رجع,ون,19,1.0,1
بَعْدِهِ,,بعد,ه,19,1.0,1
تَشْكُرُونَ,ت,شكر,و|ن,19,1.0,1
آتَيْنَا,,آتي,نا,19,1.0,1
قَوْلَاً,,قول,ا,19,1.0,1
يَسْمَعُونَ,ي,سمع,ون,19,0.895,2
الْعَظِيمِ,ال,عظيم,,19,1.0,1
السَّمِيعُ,ال,سميع,,19,1.0,1
الصَّالِحِينَ,ال,صالح,ين,19,1.0,1
إِلَيْنَا,إلي,نا,,19,1.0,1
عِنْدَهُ,,عند,ح,19,1.0,1
صِرَاطٍ,,صراط,,19,1.0,1
الشَّيْطَانِ,ال,شيطان,,19,1.0,1
يَنْظُرُونَ,ي,نظر,ون,19,0.842,3
قَرْيَةٍ,,قري,ة|(null),19,1.0,1
رَبَّهُ,,رب,ه,19,1.0,1
الْغَيْبِ,ال,غيب,,19,1.0,1
تَكُنْ,ت,كن,,19,1.0,1
أَنَّمَا,,أنما,,19,1.0,1
ذِي,,ذي,,19,1.0,1
تَرَى,ت,ري,,19,1.0,1
سَلَامٌ,,سلام,(null),19,1.0,1
الْمُجْرِمِينَ,ال,مجرم,ين,19,1.0,1
نَشَاءُ,ن,شاء,,19,1.0,1
نَجْزِي,ن,جزي,,19,1.0,1
الْعَرْشِ,ال,عرش,,19,1.0,1
يُشْرِكُونَ,ي,شرك,ون,19,1.0,1
لِلْمُتَّقِينَ,ل|ال,متق,ين,18,1.0,1
قَبْلِكُمْ,,قبل,كم,18,1.0,1
أَرَادَ,,أراد,(null),18,1.0,1
الْجَنَّةَ,ال,جن,ة,18,1.0,1
عَلَيْكُمُ,على,كم,,18,1.0,1
أَشَدُّ,,أشد,(null),18,1.0,1
كِتَابٌ,,كتاب,(null),18,1.0,1
كَفَرَ,,كفر,,18,1.0,1
ضَلَّ,,ضل,,18,1.0,1
قُلُوبُهُمْ,,قلوب,(null)|هم,18,1.0,1
وَأَنَا,و,أنا,,18,1.0,1
إِلَهٌ,,إله,,18,1.0,1
أَيَّامٍ,,أيام,(null),18,1.0,1
يَتَّقُونَ,ي,تق,ون,18,0.944,2
وَاعْلَمُوا,و,ا+علم,وا,18,1.0,1
جَهَنَّمُ,,جهنم,,18,1.0,1
وَاحِدَةً,,واحد,ة|(null),18,1.0,1
يُؤْمِنُ,ي,ؤمن,,18,1.0,1
حَسَنَاً,,حسن,ا,18,1.0,1
يَكُونُ,ي,كون,,18,1.0,1
الْعَزِيزِ,ال,عزيز,,18,1.0,1
عَظِيمٍ,,عظيم,,18,1.0,1
فَقَالُوا,ف,قال,وا,18,0.889,2
اعْبُدُوا,,ا+عبد,وا,17,1.0,1
فَاتَّقُوا,ف,اتق,وا,17,0.824,2
وَلَكُمْ,و|ل,كم,,17,0.882,3
أَنْفُسَكُمْ,,أنفس,كم,17,1.0,1
يَدَيْهِ,,يد,ي|ه,17,1.0,1
مِثْلَ,,مثل,,17,1.0,1
أَمْرَاً,,أمر,ا,17,1.0,1
الْجَحِيمِ,ال,جحيم,,17,1.0,1
رَبُّنَا,,رب,(null)|نا,17,1.0,1
الرَّسُولَ,ال,رسول,,17,1.0,1
يَكُونَ,ي,كون,,17,1.0,1
أَعْمَالَهُمْ,,أعمال,هم,17,1.0,1
حَرَّمَ,,حرم,,17,1.0,1
حَقَّاً,,حق,ا,17,1.0,1
بَعْدِهِمْ,,بعد,هم,17,1.0,1
كَبِيرَاً,,كبير,ا,17,1.0,1
رَبِّنَا,,رب,(null)|نا,17,1.0,1
وَقُلْ,و,قل,,17,1.0,1
يَفْتَرُونَ,ي,فتر,ون,17,0.824,3
لَهُوَ,,ل+هو,,17,1.0,1
النَّبِيُّ,ال,نبي,,17,1.0,1
نَفْسِهِ,,نفس,(null)|ه,17,1.0,1
رَبَّهُمْ,,رب,هم,17,1.0,1
أَنَّا,,أنا,,17,1.0,1
وَعْدَ,,وعد,(null),17,1.0,1
الْكَافِرُونَ,ال,كافر,ون,17,1.0,1
الصَّادِقِينَ,ال,صادق,ين,17,1.0,1
الْقُرَى,ال,قرى,,17,1.0,1
تَذَكَّرُونَ,,تذكر+ون+None+None,,17,1.0,1
فِرْعَوْنُ,,فرعون,,17,1.0,1
يَرْجِعُونَ,ي,رجع,ون,16,0.938,2
خَلَقَكُمْ,,خلق,كم,16,1.0,1
أَوَّلَ,,أول,,16,1.0,1
يَوْمَاً,,يوم,ا,16,1.0,1
يُحْيِي,ي,حيي,,16,1.0,1
الْمَوْتَى,ال,موتى,,16,1.0,1
سَمِعْنَا,,سمع,نا,16,1.0,1
أَحَدٍ,,أحد,,16,1.0,1
فِيهِمْ,في,هم,,16,1.0,1
إِلَهَاً,,إله,ا,16,1.0,1
كَسَبَتْ,,كسب,ت,16,1.0,1
أَحْسَنُ,,أحسن,(null),16,1.0,1
الْحَرَامِ,ال,حرام,,16,1.0,1
أَوِ,,أو,,16,1.0,1
جُنَاحَ,,جناح,,16,1.0,1
الْأَلْبَابِ,ال,ألباب,,16,1.0,1
أَكْبَرُ,,أكبر,(null),16,1.0,1
ذَا,,ذا,,16,1.0,1
الْعَظِيمُ,ال,عظيم,,16,1.0,1
أَجَلٍ,,أجل,(null),16,1.0,1
فَقُلْ,,ف+قل,,16,0.812,2
فَكَيْفَ,ف,كيف,,16,1.0,1
تُتْلَى,ت,تلى,,16,1.0,1
حَكِيمَاً,,حكيم,ا,16,1.0,1
الْفَوْزُ,ال,فوز,,16,1.0,1
يَوْمُ,,يوم,(null),16,1.0,1
أَهْلَكْنَا,,أهلك,نا,16,1.0,1
تَدْعُونَ,ت,دع,و|ن,16,1.0,1
الْمَلَأُ,ال,ملأ,,16,1.0,1
وَكُنَّا,و,كن,نا,16,0.938,2
رَيْبَ,,ريب,(null),15,1.0,1
رِزْقَاً,,رزق,ا,15,1.0,1
وَنَحْنُ,و,نحن,,15,1.0,1
حِينٍ,,حين,,15,1.0,1
نَفْسٌ,,نفس,,15,1.0,1
كُلُوا,,كل,وا,15,1.0,1
إِنَّهَا,,إن,ها,15,1.0,1
فَإِنَّهُ,ف,إن,ه,15,0.867,3
وَهُدَىً,و,هدى,,15,1.0,1
لِلْمُؤْمِنِينَ,ل|ال,مؤمن,ين,15,1.0,1
تَقُولُوا,ت,قول,وا,15,1.0,1
أَظْلَمُ,,أظلم,,15,1.0,1
اتَّخَذَ,,اتخذ,,15,1.0,1
وَبِئْسَ,و,بئس,,15,1.0,1
شَدِيدُ,,شديد,(null),15,1.0,1
فَمَنِ,ف,من,,15,1.0,1
الْعِقَابِ,ال,عقاب,,15,1.0,1
قَبْلِهِ,,قبل,ه,15,1.0,1
كَسَبُوا,,كسب,وا,15,1.0,1
الْحَيَاةُ,ال,حيا,ة|(null),15,1.0,1
اتَّقَوْا,,اتق,وا,15,1.0,1
مَثَلُ,,مثل,,15,1.0,1
وَالْآخِرَةِ,و|ال,آخر,ة,15,1.0,1
أَنَّى,,أنى,,15,1.0,1
أَنْفُسِكُمْ,,أنفس,كم,15,1.0,1
يَسْتَطِيعُونَ,ي,ستطيع,ون,15,0.933,2
يُظْلَمُونَ,ي,ظلم,ون,15,1.0,1
بَشَرٌ,,بشر,,15,1.0,1
أَنِّي,,أن,ي,15,1.0,1
إِلَهٍ,,إله,,15,1.0,1
لِمَ,,لم,,15,1.0,1
وَهَذَا,و,هذا,,15,1.0,1
كِتَابٍ,,كتاب,(null),15,1.0,1
وَقِيلَ,و,قيل,,15,1.0,1
مَلَكَتْ,,ملك,ت,15,1.0,1
بَصِيرَاً,,بصير,ا,15,1.0,1
الرَّسُولِ,ال,رسول,,15,1.0,1
الْمُنَافِقِينَ,ال,منافق,ين,15,1.0,1
عَلَيَّ,,علي,,15,1.0,1
كُنْتُ,,كن,ت,15,1.0,1
أُخْرَى,,أخرى,,15,1.0,1
جَزَاءً,,جزاء,,15,1.0,1
الْمُبِينُ,ال,مبين,(null),15,1.0,1
كَذِبَاً,,كذب,ا,15,1.0,1
أَكْثَرَهُمْ,,أكثر,هم,15,1.0,1
الْجِنِّ,ال,جن,(null),15,1.0,1
أَحْسَنَ,,أحسن,(null),15,1.0,1
كَافِرُونَ,,كافر,ون,15,1.0,1
رَبَّكُمْ,,رب,كم,15,1.0,1
وَالَّذِي,و,الذي,,15,1.0,1
أَفَمَنْ,أ,ف+من,,15,1.0,1
قَبْلَهُمْ,,قبل,هم,15,1.0,1
السَّمَاءُ,ال,سماء,,15,1.0,1
الْمَوْتِ,ال,موت,(null),14,1.0,1
بِهَذَا,ب,هذا,,14,1.0,1
قُلْنَا,,قل,نا,14,1.0,1
خَوْفٌ,,خوف,(null),14,1.0,1
نَفْسَاً,,نفس,ا,14,1.0,1
يَكْسِبُونَ,ي,كسب,ون,14,0.929,2
مُعْرِضُونَ,,معرض,ون,14,1.0,1
جَزَاءُ,,جزاء,,14,1.0,1
قَدَّمَتْ,,قدم,ت,14,1.0,1
بَيِّنَاتٍ,,بين,ات,14,1.0,1
خَيْرٍ,,خير,(null),14,1.0,1
يَأْتِيَ,ي,أتي,,14,1.0,1
سُبْحَانَهُ,,سبحان,ه,14,1.0,1
حَقَّ,,حق,,14,1.0,1
عَذَابِ,,عذاب,,14,1.0,1
أُمَّةً,,أم,ة,14,1.0,1
مُسْلِمُونَ,,مسلم,ون,14,1.0,1
أُوتِيَ,,أوتي,,14,1.0,1
الْبَحْرِ,ال,بحر,,14,1.0,1
بِأَنَّ,,ب+أن,,14,1.0,1
أَنَّكُمْ,,أن,كم,14,1.0,1
تَكُونَ,ت,كون,,14,1.0,1
الْحِسَابِ,ال,حساب,,14,1.0,1
أَزْوَاجَاً,,أزواج,ا,14,1.0,1
النِّسَاءِ,ال,نساء,,14,1.0,1
بَعْضَ,,بعض,(null),14,1.0,1
اتَّقُوا,,اتق,وا,14,1.0,1
بِالْقِسْطِ,ب|ال,قسط,,14,1.0,1
أَلِيمٍ,,أليم,(null),14,1.0,1
وَإِنِّي,و,إن,ي,14,0.714,3
افْتَرَى,,افترى,,14,1.0,1
وَأَطِيعُوا,و,أطيع,وا,14,0.786,3
بَلِ,,بل,,14,1.0,1
الصُّدُورِ,ال,صدور,,14,1.0,1
أَلِيمَاً,,أليم,ا,14,1.0,1
شَكٍّ,,شك,(null),14,1.0,1
أَوْحَيْنَا,,أوحي,نا,14,1.0,1
وَرَسُولُهُ,و,رسول,ه,14,1.0,1
وَأَنْتَ,و,أنت,,14,1.0,1
يَسْتَهْزِئُونَ,ي,ستهزئ,ون,14,1.0,1
أَرَأَيْتُمْ,أ,رأي,تم,14,0.643,2
يُوحَى,ي,وحى,,14,1.0,1
أَنْزَلْنَاهُ,,أنزل,نا|ه,14,1.0,1
يُوسُفَ,,يوسف,,14,1.0,1
الْأُولَى,ال,أولى,,14,1.0,1
كَذَّبَتْ,,كذب,ت,14,1.0,1
وَيْلٌ,,ويل,,14,1.0,1
كَمَثَلِ,ك,مثل,,13,1.0,1
كُلَّمَا,,كل,ما,13,0.923,2
آدَمَ,,آدم,,13,1.0,1
يَحْزَنُونَ,ي,حزن,ون,13,0.923,2
لِقَوْمِهِ,ل,قوم,ه,13,0.923,2
يَظْلِمُونَ,ي,ظلم,ون,13,0.923,2
ادْخُلُوا,,ا+دخل,وا,13,1.0,1
وَاذْكُرُوا,و,ا+ذكر,وا,13,1.0,1
فَلَوْلَا,ف,لولا,,13,1.0,1
الْخَاسِرِينَ,ال,خاسر,ين,13,1.0,1
يَفْعَلُونَ,ي,فعل,ون,13,0.923,2
وَلَدَاً,,ولد,ا,13,1.0,1
الدِّينَ,ال,دين,,13,1.0,1
خَلَتْ,,خل,ت,13,1.0,1
الرَّسُولُ,ال,رسول,,13,1.0,1
وَالنَّهَارِ,و|ال,نهار,,13,1.0,1
كُتِبَ,,كتب,(null),13,0.769,2
لَهُنَّ,ل,هن,,13,1.0,1
إِنِ,,إن,,13,1.0,1
تَتَّخِذُوا,ت,تخذ,وا,13,1.0,1
آيَاتُ,,آي,ات,13,1.0,1
فَانْظُرْ,ف,ا+نظر,,13,1.0,1
أُولُو,,أول,و,13,1.0,1
النَّهَارِ,ال,نهار,,13,1.0,1
وَاذْكُرْ,و,ا+ذكر,,13,1.0,1
فَوْقَ,,فوق,,13,1.0,1
يَاأَهْلَ,يا,أهل,(null),13,1.0,1
بَيْنَنَا,,بين,نا,13,1.0,1
أَحَدٌ,,أحد,,13,1.0,1
الْكَذِبَ,ال,كذب,,13,1.0,1
حَقٌّ,,حق,,13,1.0,1
الْأَمْرِ,ال,أمر,,13,1.0,1
وَذَلِكَ,و,ذلك,,13,1.0,1
السَّيِّئَاتِ,ال,سيئ,ات,13,1.0,1
مُبِينَاً,,مبين,ا,13,1.0,1
وَلِيَّاً,,ولي,ا,13,1.0,1
أَمْرُ,,أمر,(null),13,1.0,1
يُرِيدُونَ,ي,ريد,ون,13,0.923,2
يَفْقَهُونَ,ي,فقه,ون,13,0.769,3
وَكِيلَاً,,وكيل,ا,13,1.0,1
الْحُسْنَى,ال,حسنى,,13,1.0,1
وَرَحْمَةً,و,رحم,ة,13,1.0,1
وَجَدْنَا,,وجد,نا,13,1.0,1
السَّمَاءَ,ال,سماء,,13,1.0,1
آلِهَةً,,آله,ة,13,1.0,1
أَلَيْسَ,أ,ليس,,13,1.0,1
السَّاعَةُ,ال,ساع,ة|(null),13,1.0,1
بَغْتَةً,,بغت,ة,13,1.0,1
وَإِمَّا,و,إما,,13,0.538,2
وَالْقَمَرَ,و|ال,قمر,,13,1.0,1
رَحْمَتِهِ,,رحم,ت|ه,13,1.0,1
الْمَدِينَةِ,ال,مدين,ة|(null),13,1.0,1
صَبَرُوا,,صبر,وا,13,1.0,1
الْمُجْرِمُونَ,ال,مجرم,ون,13,1.0,1
وَأَنَّهُ,و,أن,ه,13,0.769,2
يَكُونُوا,ي,كون,وا,13,1.0,1
عَذَابٍ,,عذاب,,13,1.0,1
لُوطٍ,,لوط,,13,1.0,1
سُبْحَانَ,,سبحان,,13,1.0,1
الْقُرْآنِ,ال,قرآن,,13,1.0,1
أَدْرَاكَ,,أدرا,ك,13,1.0,1
بِالْغَيْبِ,ب|ال,غيب,,12,1.0,1
الْمُفْلِحُونَ,ال,مفلح,ون,12,1.0,1
مَرَضٌ,,مرض,(null),12,1.0,1
بَعْضُكُمْ,,بعض,كم,12,1.0,1
وَأَنْزَلْنَا,و,أنزل,نا,12,0.917,2
يَكْفُرُونَ,ي,كفر,ون,12,0.917,2
أَخَذْنَا,,أخذ,نا,12,1.0,1
يُؤْمِنُوا,ي,ؤمن,وا,12,1.0,1
فَرِيقٌ,,فريق,(null),12,1.0,1
الْقُرْبَى,ال,قربى,,12,1.0,1
عِيسَى,,عيسا,,12,1.0,1
مَعَهُمْ,,مع,هم,12,1.0,1
أَشْرَكُوا,,أشرك,وا,12,1.0,1
آيَةٍ,,آي,ة|(null),12,1.0,1
بِأَمْرِهِ,ب,أمر,ه,12,0.833,2
أَرْسَلْنَاكَ,,أرسل,نا|ك,12,1.0,1
أَهْوَاءَهُمْ,,أهواء,هم,12,1.0,1
الْعِلْمِ,ال,علم,,12,1.0,1
أَمِ,,أم,,12,1.0,1
الْمَسْجِدِ,ال,مسجد,,12,1.0,1
وَاحِدٌ,,واحد,(null),12,1.0,1
دَابَّةٍ,,داب,ة,12,1.0,1
نَزَّلَ,,نزل,,12,1.0,1
بَعِيدٍ,,بعيد,(null),12,1.0,1
تَرَكَ,,ترك,,12,1.0,1
يُبَيِّنُ,ي,بين,,12,1.0,1
الْأَمْرُ,ال,أمر,,12,1.0,1
كَمْ,,كم,,12,1.0,1
الظُّلُمَاتِ,ال,ظلم,ات,12,1.0,1
شَدِيدٌ,,شديد,(null),12,1.0,1
بِعَذَابٍ,ب,عذاب,,12,1.0,1
النَّهَارَ,ال,نهار,,12,1.0,1
ابْنُ,,ابن,,12,1.0,1
وَلَدٌ,,ولد,,12,1.0,1
بِآيَةٍ,ب,آي,ة,12,1.0,1
طَائِفَةٌ,,طائف,ة,12,1.0,1
لِلْعَالَمِينَ,ل|ل,عالم+ين+None,,12,1.0,1
بِذَاتِ,ب,ذات,,12,1.0,1
كِتَابَاً,,كتاب,ا,12,1.0,1
رَبُّهُمْ,,رب,هم,12,1.0,1
خَبِيرَاً,,خبير,ا,12,1.0,1
فَلَمْ,ف,لم,,12,1.0,1
نَصِيرَاً,,نصير,ا,12,1.0,1
يَسْتَوِي,ي,ستوي,,12,1.0,1
تَابَ,,تاب,,12,1.0,1
وَتَرَى,W|ت,رى,,12,1.0,1
الْبَرِّ,ال,بر,(null),12,1.0,1
حِينَ,,حين,,12,1.0,1
فَيَقُولُ,ف|ي,قول,,12,1.0,1
سِحْرٌ,,سحر,,12,1.0,1
رَأَى,,رأى,(null),12,1.0,1
تُوعَدُونَ,ت,وعد,ون,12,0.833,3
قَوْمِ,,قوم,(null),12,1.0,1
كَرِيمٌ,,كريم,,12,1.0,1
آيَاتُنَا,,آي,ات|نا,12,1.0,1
قُوَّةً,,قو,ة|(null),12,1.0,1
وَالنَّهَارَ,و|ال,نهار,,12,1.0,1
الْقَوْلُ,ال,قول,,12,1.0,1
أَفَلَمْ,أ|ف,لم,,12,1.0,1
السَّاعَةَ,ال,ساع,ة|(null),12,1.0,1
الْيَمِينِ,ال,يمين,,12,1.0,1
لِلْمُكَذِّبِينَ,ل|ال,مكذب,ين,12,1.0,1
وَمِمَّا,و|من,ما,,11,0.909,2
يُوقِنُونَ,ي,وقن,ون,11,1.0,1
يُبْصِرُونَ,ي,بصر,ون,11,0.909,2
وَأَنْزَلَ,و,أنزل,,11,1.0,1
الثَّمَرَاتِ,ال,ثمر,ات,11,1.0,1
النَّارَ,ال,نار,,11,1.0,1
وَبَشِّرِ,و,بشر,,11,1.0,1
الْفَاسِقِينَ,ال,فاسق,ين,11,1.0,1
الْخَاسِرُونَ,ال,خاسر,ون,11,1.0,1
تَكْفُرُونَ,ت,كفر,ون,11,0.909,2
يَابَنِي,يا,بن,ي,11,1.0,1
مُصَدِّقَاً,,مصدق,ا,11,1.0,1
وَأَقِيمُوا,و,أقيم,وا,11,0.727,3
وَآتُوا,و,آت,وا,11,0.909,2
يُنْصَرُونَ,ي,نصر,ون,11,0.818,3
آلَ,,آل,,11,1.0,1
سُجَّدَاً,,سجد,ا,11,1.0,1
بِالَّذِي,ب,الذي,,11,1.0,1
وَعَمِلَ,و,عمل,(null),11,1.0,1
فَضْلُ,,فضل,,11,1.0,1
هُزُوَاً,,هزو,ا,11,1.0,1
بِبَعْضٍ,ب,بعض,,11,1.0,1
الْحَيَاةَ,ال,حيا,ة|(null),11,1.0,1
وَرُسُلِهِ,و,رسل,ه,11,0.909,2
كَأَنَّهُمْ,,كأن,هم,11,1.0,1
فِتْنَةٌ,,فتن,ة|(null),11,1.0,1
وَلِيٍّ,,ولي,,11,1.0,1
جَاءَكَ,,جاء,ك,11,1.0,1
إِبْرَاهِيمُ,,إبراهيم,,11,1.0,1
الْمَوْتُ,ال,موت,(null),11,1.0,1
فِيكُمْ,في,كم,,11,1.0,1
وَرَحْمَةٌ,و,رحم,ة,11,1.0,1
مَوْتِهَا,,موت,ها,11,1.0,1
شَيْءٌ,,شيء,,11,1.0,1
بِي,B,ى,,11,1.0,1
تُفْلِحُونَ,ت,فلح,ون,11,0.909,2
يَرْجُونَ,ي,رج,ون,11,0.818,3
عَلَيْهِنَّ,علي,هن,,11,1.0,1
وَتِلْكَ,و,تلك,,11,1.0,1
فَمِنْهُمْ,ف|من,هم,,11,1.0,1
لِلظَّالِمِينَ,ل|ال,ظالم,ين,11,1.0,1
شَهِيدٌ,,شهيد,,11,1.0,1
عَنَّا,عن,نا,,11,1.0,1
جَاءَهُمُ,,جاء,هم,11,1.0,1
الْبَلَاغُ,ال,بلاغ,,11,1.0,1
يَخْلُقُ,ي,خلق,,11,1.0,1
تَأْكُلُونَ,ت,أكل,ون,11,1.0,1
وَأَطِيعُونِ,و,أطيع+و+ن+None,,11,1.0,1
مَرْجِعُكُمْ,,مرجع,كم,11,1.0,1
شَدِيدَاً,,شديد,ا,11,1.0,1
عِلْمٌ,,علم,,11,1.0,1
فَذُوقُوا,ف,ذوق,وا,11,0.818,3
سُلْطَانَاً,,سلطان,ا,11,1.0,1
الْآخِرَةَ,ال,آخر,ة|(null),11,1.0,1
أَجْرٌ,,أجر,(null),11,1.0,1
تَجِدَ,ت,جد,,11,1.0,1
يَقُولُوا,ي,قول,وا,11,1.0,1
أُولِي,,أول,ي,11,1.0,1
مَعَكَ,,مع,ك,11,1.0,1
الْأَنْعَامِ,ال,أنعام,,11,1.0,1
دَاوُودَ,,داوود,,11,1.0,1
جَاءَتْهُمْ,,جاء,ت|هم,11,1.0,1
سَبِيلِهِ,,سبيل,ه,11,1.0,1
وَيَقُولُ,و|ي,قول,,11,1.0,1
جَنَّاتِ,,جن,ات|(null),11,1.0,1
سَاءَ,,ساء,,11,1.0,1
تَكُونُ,ت,كون,,11,1.0,1
بَيْنِي,,بين,ي,11,1.0,1
وَإِنَّهُمْ,و,إن,هم,11,0.909,2
الشَّمْسَ,ال,شمس,(null),11,1.0,1
أَسْأَلُكُمْ,أ,سأل,كم,11,1.0,1
فَأَنَّى,ف,أنى,,11,1.0,1
الْمُسْلِمِينَ,ال,مسلم,ين,11,1.0,1
الْفُلْكِ,ال,فلك,,11,1.0,1
اسْتَكْبَرُوا,,استكبر,وا,11,1.0,1
رُسُلُهُمْ,,رسل,هم,11,1.0,1
مَعِيَ,,مع,ي,11,1.0,1
قَوْمُ,,قوم,(null),11,1.0,1
عَدْنٍ,,عدن,(null),11,1.0,1
أَمَّنْ,أ,من,,11,1.0,1
الْغَفُورُ,ال,غفور,,11,1.0,1
فَاصْبِرْ,ف,ا+صبر,,11,1.0,1
وَسَخَّرَ,و,سخر,,11,1.0,1
أَإِذَا,أ,إذا,,11,1.0,1
الرِّزْقَ,ال,رزق,,11,1.0,1
الْجِبَالُ,ال,جبال,,11,1.0,1
غَيْرِ,,غير,(null),10,1.0,1
رَزَقْنَاهُمْ,,رزق,نا|هم,10,1.0,1
آمِنُوا,,آمن,وا,10,1.0,1
سَبْعَ,,سبع,(null),10,1.0,1
مِنِّي,من,ي+None,,10,1.0,1
وَكَذَّبُوا,و,كذب,وا,10,0.9,2
ثَمَنَاً,,ثمن,ا,10,1.0,1
هَادُوا,,هاد,وا,10,1.0,1
فَرِيقَاً,,فريق,ا,10,1.0,1
ابْنَ,,ابن,,10,1.0,1
الْمَوْتَ,ال,موت,(null),10,1.0,1
عَدُوَّاً,,عدو,ا,10,1.0,1
آيَاتٍ,,آي,ات,10,1.0,1
وَاتَّبَعُوا,و,اتبع,وا,10,1.0,1
مِنْهُمَا,من,هما,,10,1.0,1
تَبَيَّنَ,,تبين,,10,1.0,1
فَلَهُ,ف|ل,ه,,10,1.0,1
يَحْكُمُ,ي,حكم,,10,1.0,1
يَخْتَلِفُونَ,ي,ختلف,ون,10,1.0,1
قَضَى,,قضى,,10,1.0,1
أَصْحَابِ,,أصحاب,(null),10,1.0,1
رَبُّهُ,,رب,ه,10,1.0,1
شُهَدَاءَ,,شهداء,,10,1.0,1
أُمَّةٌ,,أم,ة,10,1.0,1
حَنِيفَاً,,حنيف,ا,10,1.0,1
وَيَعْقُوبَ,و,يعقوب,,10,1.0,1
يَأْتِ,ي,أت,,10,1.0,1
الصَّابِرِينَ,ال,صابر,ين,10,1.0,1
تَابُوا,,تاب,وا,10,1.0,1
آبَاءَنَا,,آباء,نا,10,1.0,1
يَهْتَدُونَ,ي,هتد,ون,10,0.8,2
أَخِيهِ,,أخي,ه,10,1.0,1
ذِكْرَاً,,ذكر,ا,10,1.0,1
ابْتِغَاءَ,,ابتغاء,,10,1.0,1
وَالْمَلَائِكَةُ,و|ال,ملائك,ة,10,1.0,1
مُؤْمِنٌ,,مؤمن,,10,1.0,1
فَضْلٍ,,فضل,,10,1.0,1
الْمُلْكُ,ال,ملك,,10,1.0,1
بَعْضَهُمْ,,بعض,هم,10,1.0,1
وَهِيَ,و,هي,,10,1.0,1
وَيَعْلَمُ,و|ي,علم,,10,1.0,1
بِكَ,ب,ك,,10,1.0,1
الْكَاذِبِينَ,ال,كاذب,ين,10,1.0,1
فَإِنَّهُمْ,ف,إن,هم,10,0.9,2
مَغْفِرَةٌ,,مغفر,ة,10,1.0,1
ذَلِكُمُ,,ذلك+م,,10,1.0,1
فَالَّذِينَ,ف,الذين,,10,1.0,1
أَصْحَابَ,,أصحاب,(null),10,1.0,1
انْظُرْ,,ا+نظر,,10,0.9,2
رَسُولٍ,,رسول,,10,1.0,1
الشَّيْطَانَ,ال,شيطان,,10,1.0,1
وَعَدَ,,وعد,(null),10,1.0,1
الصَّلَاةِ,ال,صلا,ة,10,1.0,1
يَجِدُونَ,ي,جد,ون,10,0.9,2
رَسُولُ,,رسول,,10,1.0,1
فَإِنَّا,ف,إن,نا,10,1.0,1
الْمُفْسِدِينَ,ال,مفسد,ين,10,1.0,1
النَّعِيمِ,ال,نعيم,,10,1.0,1
ذِكْرِ,,ذكر,(null),10,1.0,1
مِمَّنِ,من,من,,10,1.0,1
الصُّورِ,ال,صور,,10,1.0,1
وَالشَّهَادَةِ,و|ال,شهاد,ة,10,1.0,1
مَرَّةٍ,,مر,ة|(null),10,1.0,1
اثْنَيْنِ,,اثن,ين,10,1.0,1
حَرَجٌ,,حرج,,10,1.0,1
لَهُمَا,ل,هما,,10,1.0,1
وَجَاءَ,و,جاء,(null),10,1.0,1
مُجْرِمِينَ,,مجرم,ين,10,1.0,1
يَتَفَكَّرُونَ,ي,تفكر,ون,10,1.0,1
السَّاعَةِ,ال,ساع,ة|(null),10,1.0,1
ذَاتِ,,ذات,,10,1.0,1
فِتْنَةً,,فتن,ة|(null),10,1.0,1
لَيَقُولُنَّ,,ل+ي+قول+ن+None,,10,1.0,1
مَكَانٍ,,مكان,,10,1.0,1
السَّمْعَ,ال,سمع,,10,1.0,1
يُغْنِي,ي,غني,,10,1.0,1
أَجْرٍ,,أجر,(null),10,1.0,1
لِنَفْسِهِ,ل,نفس,(null)|ه,10,1.0,1
عِبَادِنَا,,عباد,نا,10,1.0,1
يَمْلِكُونَ,ي,ملك,ون,10,0.9,2
آخَرَ,,آخر,,10,1.0,1
بِحَمْدِ,ب,حمد,,10,1.0,1
الْعِلْمَ,ال,علم,,10,1.0,1
يُوعَدُونَ,ي,وعد,ون,10,0.8,3
سَوَاءٌ,,سواء,,9,1.0,1
فَأْتُوا,ف,أت,وا,9,0.889,2
تَفْعَلُوا,ت,فعل,وا,9,1.0,1
يُضِلُّ,ي,ضل,,9,1.0,1
وَيَهْدِي,و|ي,هدي,,9,1.0,1
اسْتَوَى,,استوى,,9,1.0,1
لِلْمَلَائِكَةِ,ل|ال,ملائك,ة,9,1.0,1
سُبْحَانَكَ,,سبحان,ك,9,1.0,1
اذْكُرُوا,,ا+ذكر,وا,9,1.0,1
بِالْبَاطِلِ,ب|ال,باطل,,9,1.0,1
آلِ,,آل,,9,1.0,1
قُلْتُمْ,,قل,تم,9,1.0,1
عَلِمَ,,علم,,9,1.0,1
أَدْنَى,,أدنى,,9,1.0,1
النَّبِيِّينَ,ال,نبي,ين,9,1.0,1
كُونُوا,,كون,وا,9,1.0,1
أَكُونَ,أ,كون,,9,1.0,1
بِغَافِلٍ,ب,غافل,,9,1.0,1
فَوَيْلٌ,ف,ويل,,9,1.0,1
دِيَارِهِمْ,,ديار,هم,9,1.0,1
الْفَاسِقُونَ,ال,فاسق,ون,9,1.0,1
نَصِيرٍ,,نصير,,9,1.0,1
فَيَكُونُ,ف|ي,كون,,9,1.0,1
آيَةٌ,,آي,ة|(null),9,1.0,1
وَالْحِكْمَةَ,و|ال,حكم,ة,9,1.0,1
وَإِسْحَاقَ,و,إسحاق,,9,1.0,1
تَكُونَنَّ,ت,كون+ن,,9,1.0,1
وَلَعَلَّكُمْ,و,لعل,كم,9,1.0,1
عَادٍ,,عاد,,9,1.0,1
اخْتَلَفُوا,,اختلف,وا,9,1.0,1
يَسْأَلُونَكَ,ي,سأل+ون+ك+None+None,,9,1.0,1
فِيهِنَّ,في,هن,,9,1.0,1
جُنَاحٌ,,جناح,,9,1.0,1
فَضْلَاً,,فضل,ا,9,1.0,1
أَشَدَّ,,أشد,(null),9,1.0,1
سَرِيعُ,,سريع,,9,1.0,1
تَوَلَّى,,تولى,,9,1.0,1
بَيِّنَةٍ,,بين,ة,9,1.0,1
زُيِّنَ,,زين,,9,1.0,1
بِإِذْنِهِ,ب,إذن,(null)|ه,9,1.0,1
مَتَى,,متى,,9,1.0,1
أَهْلِهِ,,أهل,(null)|ه,9,1.0,1
أَعْمَالُهُمْ,,أعمال,هم,9,1.0,1
النِّسَاءَ,ال,نساء,,9,1.0,1
حَلِيمٌ,,حليم,,9,1.0,1
أَحَقُّ,,أحق,,9,1.0,1
بَعْدُ,,بعد,,9,1.0,1
أَقْرَبُ,,أقرب,,9,1.0,1
يَشْكُرُونَ,ي,شكر,ون,9,0.889,2
هَارُونَ,,هارون,,9,1.0,1
يَوْمٌ,,يوم,(null),9,1.0,1
وَيُمِيتُ,و|ي,ميت,,9,1.0,1
أَمْوَالَهُمْ,,أموال,هم,9,1.0,1
بَعْضَاً,,بعض,ا,9,1.0,1
لِأُولِي,ل,أول,ي,9,1.0,1
تَشَاءُ,ت,شاء,,9,1.0,1
هُنَالِكَ,,هنالك,,9,1.0,1
الْحَكِيمِ,ال,حكيم,,9,1.0,1
تُؤْمِنُوا,ت,ؤمن,وا,9,1.0,1
الْمَلَائِكَةَ,ال,ملائك,ة,9,1.0,1
أَخَذَ,,أخذ,(null),9,1.0,1
قُلُوبِكُمْ,,قلوب,كم,9,1.0,1
كَالَّذِينَ,ك,الذين,,9,1.0,1
فَلْيَتَوَكَّلِ,ف,ل+ي+توكل,,9,1.0,1
قُلُوبِ,,قلوب,(null),9,1.0,1
أَنْفُسُهُمْ,,أنفس,هم,9,1.0,1
كَمَنْ,ك,من,,9,1.0,1
نَفْعَاً,,نفع,ا,9,1.0,1
كَأَنْ,,كأن,,9,1.0,1
يُضْلِلِ,ي,ضلل,,9,1.0,1
وَكُلَّاً,و,كل,ا,9,1.0,1
الْقَوْلِ,ال,قول,,9,1.0,1
رَسُولِهِ,,رسول,ه,9,1.0,1
ضَلُّوا,,ضل,وا,9,1.0,1
نُورَاً,,نور,ا,9,1.0,1
اسْمَ,,اسم,,9,1.0,1
وَرَبُّكَ,و,رب,ك,9,0.889,2
نَفْسِي,,نفس,ي,9,1.0,1
وَبَيْنَ,و,بين,,9,1.0,1
وَآتَيْنَاهُ,و,آتي+نا+ه+None,,9,1.0,1
فَأَصْبَحُوا,ف,أصبح,وا,9,0.889,2
مَكَانَاً,,مكان,ا,9,1.0,1
دَخَلُوا,,دخل,وا,9,1.0,1
ضَرَّاً,,ضر,ا,9,1.0,1
فَإِنَّكَ,ف,إن,ك,9,0.889,2
بِرَبِّهِمْ,ب,رب,هم,9,1.0,1
بَلَغَ,,بلغ,,9,1.0,1
بَرِيءٌ,,بريء,,9,1.0,1
يُفْلِحُ,ي,فلح,,9,1.0,1
أَيْنَ,,أين,,9,1.0,1
أَسَاطِيرُ,,أساطير,,9,1.0,1
لَكَاذِبُونَ,,ل+كاذب,ون,9,1.0,1
عَذَابُ,,عذاب,,9,1.0,1
لِأَبِيهِ,ل,أب,يه,9,1.0,1
عِلْمَاً,,علم,ا,9,1.0,1
أُوحِيَ,,أوحي,,9,1.0,1
إِذِ,,إذ,,9,1.0,1
تُجْزَوْنَ,ت,جز,ون,9,1.0,1
آيَاتِي,,آي,ات|ي,9,1.0,1
وَكَمْ,و,كم,,9,1.0,1
ظَالِمِينَ,,ظالم,ين,9,1.0,1
بَيْنِ,,بين,,9,1.0,1
إِمَّا,,إما,,9,1.0,1
أَغْنَى,,أغنى,,9,1.0,1
يَخْرُجُ,ي,خرج,,9,1.0,1
غَيْرُهُ,,غير,ه,9,1.0,1
ذِكْرٌ,,ذكر,(null),9,1.0,1
أَمِينٌ,,أمين,,9,1.0,1
سُلْطَانٍ,,سلطان,,9,1.0,1
بُيُوتَاً,,بيوت,ا,9,1.0,1
أَمْرِ,,أمر,(null),9,1.0,1
مَدْيَنَ,,مدين,,9,1.0,1
عَذَابِي,,عذاب,ي,9,1.0,1
سُوءُ,,سوء,,9,1.0,1
قَرِيبَاً,,قريب,ا,9,1.0,1
وَثَمُودَ,و,ثمود,,9,1.0,1
وَالْمُؤْمِنَاتِ,و|ال,مؤمن,ات,9,1.0,1
أَجْرِيَ,,أجر,ي,9,1.0,1
بَشَرَاً,,بشر,ا,9,1.0,1
وَيَاقَوْمِ,و,قوم+يا+(null)+None+None+None+None+None,,9,1.0,1
تَخَفْ,ت,خف,,9,1.0,1
قُرْآنَاً,,قرآن,ا,9,1.0,1
سِنِينَ,,سن,ين,9,1.0,1
رَوَاسِيَ,,رواسي,,9,1.0,1
تُرَابَاً,,تراب,ا,9,1.0,1
أَإِنَّا,أ,إن,نا,9,1.0,1
جَنَّاتُ,,جن,ات|(null),9,1.0,1
يَبْسُطُ,ي,بسط,,9,1.0,1
وَيَقْدِرُ,و|ي,قدر,,9,1.0,1
نُطْفَةٍ,,نطف,ة,9,1.0,1
الْأَعْلَى,ال,أعلى,,9,1.0,1
لِلرَّحْمَنِ,ل|ال,رحمن,,9,1.0,1
تُبْصِرُونَ,ت,بصر,ون,9,0.667,2
تُكَذِّبُونَ,ت,كذب,ون,9,0.889,2
الْكِتَابُ,ال,كتاب,,8,1.0,1
وَكُنْتُمْ,و,كن,تم,8,0.875,2
الْمَلَائِكَةِ,ال,ملائك,ة,8,1.0,1
إِبْلِيسَ,,إبليس,,8,1.0,1
لِبَعْضٍ,ل,بعض,,8,1.0,1
وَقُولُوا,و,قول,وا,8,0.875,2
تَوَلَّيْتُمْ,,تولي,تم,8,1.0,1
يَفْعَلُ,ي,فعل,,8,1.0,1
عَنْهُمُ,عن,هم,,8,1.0,1
مُهِينٌ,,مهين,,8,1.0,1
وَقَالَتِ,و,قال,ت,8,0.875,2
كُنْ,,كن,,8,1.0,1
وَنَذِيرَاً,و,نذير,ا,8,1.0,1
عَنْكَ,عن,ك,,8,1.0,1
آتَيْنَاهُمُ,,آتي,نا|هم,8,1.0,1
يَكْفُرْ,ي,كفر,,8,1.0,1
وَإِسْمَاعِيلَ,و,إسماعيل,,8,1.0,1
الْبَيْتِ,ال,بيت,(null),8,1.0,1
مِلَّةَ,,مل,ة,8,1.0,1
آمَنْتُمْ,,آمن,تم,8,1.0,1
يَنْفَعُ,ي,نفع,,8,1.0,1
يَرَوْنَ,ي,ر,ون,8,0.875,2
تَتَّبِعُوا,ت,تبع,وا,8,1.0,1
إِيَّاهُ,,إياه,,8,1.0,1
الْقُرْآنُ,ال,قرآن,,8,1.0,1
عِبَادِي,,عباد,ي,8,1.0,1
قَرِيبٌ,,قريب,,8,1.0,1
كَتَبَ,,كتب,,8,0.875,2
تَأْكُلُوا,ت,أكل,وا,8,1.0,1
فَإِنِ,ف,إن,,8,1.0,1
حَسَنَةً,,حسن,ة,8,1.0,1
نَصِيبٌ,,نصيب,(null),8,1.0,1
تُحْشَرُونَ,ت,حشر,ون,8,0.875,2
آتَيْنَاهُمْ,,آتي,نا|هم,8,1.0,1
كَبِيرٌ,,كبير,,8,1.0,1
فِيهِمَا,في,هما,,8,1.0,1
يَدْعُو,ي,دعو,,8,1.0,1
وَتَتَّقُوا,و|ت,تق,وا,8,1.0,1
مِثْلُ,,مثل,,8,1.0,1
عَلَيْهِمَا,علي,هما,,8,1.0,1
نِعْمَتَ,,نعم,ة,8,1.0,1
لَذُو,,ل+ذو,,8,1.0,1
صَبْرَاً,,صبر,ا,8,1.0,1
دَرَجَاتٍ,,درج,ات,8,1.0,1
النُّورِ,ال,نور,,8,1.0,1
يَأْتِي,ي,أتي,,8,1.0,1
تُنْفِقُوا,ت,نفق,وا,8,1.0,1
وَأَقَامُوا,و,أقام,وا,8,0.75,2
آيَاتٌ,,آي,ات,8,1.0,1
نَصِيبَاً,,نصيب,ا,8,1.0,1
سُوءٍ,,سوء,,8,1.0,1
أُنْثَى,,أنثى,,8,1.0,1
الْمَسِيحُ,ال,مسيح,,8,1.0,1
مِنْهُمُ,من,هم,,8,1.0,1
وَبَيْنَكُمْ,و,بين,كم,8,1.0,1
أَوْلَى,,أولى,,8,1.0,1
كَافِرِينَ,,كافر,ين,8,1.0,1
الْمُنْكَرِ,ال,منكر,,8,1.0,1
أَهْلُ,,أهل,(null),8,1.0,1
حَسَنَةٌ,,حسن,ة,8,0.75,2
يَغْفِرُ,ي,غفر,,8,1.0,1
تُرْحَمُونَ,ت,رحم,ون,8,1.0,1
وَالْأَرْضُ,و|ال,أرض,(null),8,1.0,1
اتَّبَعَ,,اتبع,,8,1.0,1
أَجْرَ,,أجر,(null),8,1.0,1
ذُوقُوا,,ذوق,وا,8,1.0,1
قَلِيلٌ,,قليل,(null),8,1.0,1
رِجَالَاً,,رجال,ا,8,1.0,1
أَيْمَانُكُمْ,,أيمان,كم,8,1.0,1
رَجُلٌ,,رجل,,8,1.0,1
اللَّاتِي,,اللاتي,,8,1.0,1
يَتَّبِعُونَ,ي,تبع,ون,8,1.0,1
أَهْلِهَا,,أهل,ها,8,1.0,1
دُونَ,,دون,,8,1.0,1
آخَرِينَ,,آخر,ين,8,1.0,1
أَيْدِيَهُمْ,,أيدي,(null)|هم,8,1.0,1
بِأَمْوَالِهِمْ,ب,أموال,هم,8,0.875,2
وَأَنْفُسِهِمْ,و,أنفس,هم,8,0.875,2
يَشَأْ,ي,شأ,,8,1.0,1
أَيُّهَا,,أي+ها,,8,1.0,1
فَأَخَذَتْهُمُ,ف,أخذ,ت|هم,8,1.0,1
وَأَوْحَيْنَا,و,أوحي,نا,8,1.0,1
وَهَارُونَ,و,هارون,,8,1.0,1
رُسُلَاً,,رسل,ا,8,1.0,1
يَمْلِكُ,ي,ملك,,8,1.0,1
يَخَافُونَ,ي,خاف,ون,8,1.0,1
حُكْمَاً,,حكم,ا,8,1.0,1
أَهْلَ,,أهل,(null),8,1.0,1
طِينٍ,,طين,,8,1.0,1
لَقُضِيَ,,ل+قضي,,8,1.0,1
خَسِرُوا,,خسر,وا,8,1.0,1
وَضَلَّ,و,ضل,,8,1.0,1
عَمِلَ,,عمل,(null),8,1.0,1
وَالْبَحْرِ,و|ال,بحر,,8,1.0,1
يَشَاءَ,ي,شاء,,8,1.0,1
وَوَهَبْنَا,و,وهب,نا,8,0.75,2
خَلَقْنَاكُمْ,,خلق,نا|كم,8,1.0,1
وَجَعَلُوا,و,جعل,وا,8,0.875,2
جَاءَتْ,,جاء,ت,8,1.0,1
وَالْإِنْسِ,و|ال,إنس,(null),8,1.0,1
الْغَنِيُّ,ال,غني,,8,1.0,1
الدَّارِ,ال,دار,,8,1.0,1
أَمَّا,,أما,,8,1.0,1
لَغَفُورٌ,,ل+غفور,,8,1.0,1
يُبْعَثُونَ,ي,بعث,ون,8,0.875,2
وَمِنْهَا,و|من,ها,,8,1.0,1
فَالْيَوْمَ,ف|ال,يوم,,8,1.0,1
ادْعُوا,,ا+دع,وا,8,1.0,1
فَكَذَّبُوهُ,ف,كذب,و|ه,8,1.0,1
أَخَاهُمْ,,أخا,هم,8,1.0,1
يَعْبُدُ,ي,عبد,,8,1.0,1
وَأَهْلَهُ,و,أهل+ه+None,,8,0.5,2
يَهْدِ,ي,هد,,8,1.0,1
بِرَبِّ,ب,رب,,8,1.0,1
مُسْلِمِينَ,,مسلم,ين,8,1.0,1
الطَّيِّبَاتِ,ال,طيب,ات,8,1.0,1
النَّبِيِّ,ال,نبي,,8,1.0,1
فَكَانَ,ف,كان,,8,1.0,1
كَرِهَ,,كره,,8,1.0,1
يَكُ,ي,ك,,8,1.0,1
الْأَعْرَابِ,ال,أعراب,,8,1.0,1
عَمَلَاً,,عمل,ا,8,1.0,1
الْخَلْقَ,ال,خلق,(null),8,1.0,1
أَمْرُنَا,,أمر,نا,8,1.0,1
تُسْمِعُ,ت,سمع,,8,1.0,1
قَوْمَ,,قوم,(null),8,1.0,1
أَعْبُدُ,أ,عبد,,8,1.0,1
الْفُلْكَ,ال,فلك,,8,1.0,1
يَعْبُدُونَ,ي,عبد,ون,8,1.0,1
عَرَبِيَّاً,,عرب+ي,ا,8,1.0,1
الْمُخْلَصِينَ,ال,مخلص,ين,8,1.0,1
تَاللَّهِ,,ت+ال+له,,8,1.0,1
الْأَمْثَالَ,ال,أمثال,,8,1.0,1
بِسُلْطَانٍ,ب,سلطان,,8,1.0,1
وَعُيُونٍ,و,عيون,(null),8,1.0,1
بِمَنْ,,ب+من,,8,1.0,1
لَبِثْتُمْ,,لبث,تم,8,1.0,1
أَمْرِي,,أمر,ي,8,1.0,1
نَبِيَّاً,,نبي,ا,8,1.0,1
السَّعِيرِ,ال,سعير,,8,1.0,1
وَأَصْحَابُ,و,أصحاب,(null),8,1.0,1
بُيُوتِ,,بيوت,,8,1.0,1
كَرِيمٍ,,كريم,,8,1.0,1
الْآخِرِينَ,ال,آخر,ين,8,1.0,1
تَقُومُ,ت,قوم,,8,1.0,1
أُقْسِمُ,أ,قسم,,8,1.0,1
وَأَنَّا,و,أنا+None+None,,8,1.0,1
خَلَوْا,,خل,وا,7,1.0,1
يَعْمَهُونَ,ي,عمه,ون,7,1.0,1
بِالْهُدَى,ب|ال,هدى,,7,1.0,1
آذَانِهِمْ,,آذان,هم,7,1.0,1
مِثْلِهِ,,مثل,(null)|ه,7,1.0,1
أَمَرَ,,أمر,(null),7,1.0,1
فَإِمَّا,ف,إما+None+None,,7,0.714,2
سُوءَ,,سوء,,7,1.0,1
الْبَحْرَ,ال,بحر,,7,1.0,1
ظَالِمُونَ,,ظالم,ون,7,1.0,1
نُؤْمِنَ,ن,ؤمن,,7,1.0,1
رَزَقْنَاكُمْ,,رزق,نا|كم,7,1.0,1
فَكُلُوا,ف,كل,وا,7,0.857,2
وَرَحْمَتُهُ,و,رحم,ت|ه,7,1.0,1
وَالْيَتَامَى,و|ال,يتامى,,7,1.0,1
وَآتَيْنَا,و,آتي,نا,7,1.0,1
وَرَاءَ,,وراء,,7,1.0,1
سُلَيْمَانَ,,سليمان,,7,1.0,1
الْفَضْلِ,ال,فضل,(null),7,1.0,1
وَاسِعٌ,,واسع,,7,1.0,1
يَتْلُو,ي,تلو,,7,1.0,1
نَفْسَهُ,,نفس,(null)|ه,7,1.0,1
وَعِيسَى,و,عيسى,,7,1.0,1
فَقَدِ,ف,قد,,7,1.0,1
أَأَنْتُمْ,أ,أنتم,,7,1.0,1
الْخَيْرَاتِ,ال,خير,ات,7,1.0,1
أَيْنَمَا,,أين+ما,,7,0.857,2
مَاءٍ,,ماء,,7,1.0,1
أَوَلَوْ,,أول+و+None+None,,7,1.0,1
يَأْكُلُونَ,ي,أكل,ون,7,0.857,2
إِثْمَاً,,إثم,ا,7,1.0,1
هُنَّ,,هن,,7,1.0,1
الدِّينُ,ال,دين,,7,1.0,1
أَذَىً,,أذى,,7,1.0,1
يَجِدْ,ي,جد,,7,1.0,1
فَاذْكُرُوا,ف,ا+ذكر,وا,7,1.0,1
الْبَيِّنَاتُ,ال,بين,ات,7,1.0,1
الْأُمُورُ,ال,أمور,,7,1.0,1
نِعْمَةَ,,نعم,ة,7,1.0,1
حِسَابٍ,,حساب,,7,1.0,1
جَاءَتْهُمُ,,جاء,ت|هم,7,1.0,1
يَتَذَكَّرُونَ,ي,تذكر,ون,7,0.857,2
خِفْتُمْ,,خف,تم,7,1.0,1
يَفْعَلْ,ي,فعل,,7,1.0,1
مَتَاعَاً,,متاع,ا,7,1.0,1
مَتَاعٌ,,متاع,,7,1.0,1
فَلَيْسَ,ف,ليس,,7,1.0,1
الرُّسُلُ,ال,رسل,,7,1.0,1
خَلْفَهُمْ,,خلف,هم,7,1.0,1
مِنْهُنَّ,من,هن,,7,1.0,1
أَنْفَقُوا,,أنفق,وا,7,1.0,1
غَنِيٌّ,,غني,,7,1.0,1
الرِّبَا,ال,ربا,,7,1.0,1
جَاءَهُ,,جاء,ه,7,1.0,1
تَجِدُوا,ت,جد,وا,7,1.0,1
وَالْمُؤْمِنُونَ,و|ال,مؤمن,ون,7,1.0,1
لَدُنْكَ,,لدن,ك,7,1.0,1
فَأَخَذَهُمُ,ف,أخذ,هم,7,1.0,1
بِذُنُوبِهِمْ,ب,ذنوب,هم,7,1.0,1
نَاصِرِينَ,,ناصر,ين,7,1.0,1
كِتَابِ,,كتاب,(null),7,1.0,1
وَيَغْفِرْ,و|ي,غفر,,7,1.0,1
لَدَيْهِمْ,,لدي,هم,7,1.0,1
التَّوْرَاةِ,ال,تورا,ة,7,1.0,1
تَعَالَوْا,,تعال,وا,7,1.0,1
عِوَجَاً,,عوج,ا,7,1.0,1
ظُلْمَاً,,ظلم,ا,7,1.0,1
السَّمَاوَاتُ,ال,سماو,ات,7,1.0,1
مَسَّ,,مس,,7,1.0,1
الشَّاكِرِينَ,ال,شاكر,ين,7,1.0,1
نَبِيٍّ,,نبي,,7,1.0,1
اغْفِرْ,,ا+غفر,,7,1.0,1
الْأَمْرَ,ال,أمر,,7,1.0,1
عِنْدَنَا,,عند,نا,7,1.0,1
إِيمَانَاً,,إيمان,ا,7,1.0,1
قَوْلَ,,قول,(null),7,1.0,1
رُسُلٌ,,رسل,,7,1.0,1
فَبِئْسَ,ف,بئس,,7,1.0,1
سَيِّئَاتِهِمْ,,سيئ,ات|هم,7,1.0,1
سَعِيرَاً,,سعير,ا,7,1.0,1
تَقْتُلُوا,ت,قتل,وا,7,1.0,1
يَسِيرَاً,,يسير,ا,7,1.0,1
وَأَعْتَدْنَا,و|أ,عتد,نا,7,1.0,1
تَكُ,ت,ك,,7,1.0,1
سَوْفَ,,سوف,,7,1.0,1
عَزِيزَاً,,عزيز,ا,7,1.0,1
يَالَيْتَنِي,يا,ليت+ني+None+None+None,,7,1.0,1
الْقَرْيَةِ,ال,قري,ة|(null),7,1.0,1
وَتَوَكَّلْ,و,توكل,,7,1.0,1
مُؤْمِنَاً,,مؤمن,ا,7,1.0,1
وَأَعَدَّ,و,أعد,,7,1.0,1
أَعَدَّ,,أعد,(null),7,1.0,1
يَعْمَلْ,ي,عمل,,7,1.0,1
كَثِيرٍ,,كثير,,7,1.0,1
يُتْلَى,ي,تلى,,7,1.0,1
ذُكِّرُوا,,ذكر,وا,7,1.0,1
أُرِيدُ,أ,ريد,,7,1.0,1
رُسُلُنَا,,رسل,نا,7,1.0,1
فَيُنَبِّئُكُمْ,ف|ي,نبئ,كم,7,1.0,1
أَوْلِيَاءُ,,أولياء,,7,1.0,1
أَمْرٍ,,أمر,(null),7,1.0,1
أَيْمَانِهِمْ,,أيمان,هم,7,1.0,1
فَاسِقُونَ,,فاسق,ون,7,1.0,1
يَسْتَكْبِرُونَ,ي,ستكبر,ون,7,1.0,1
أَمْرِهِ,,أمر,ه,7,1.0,1
تَأْتِيهِمْ,ت,أتي,هم,7,1.0,1
يَأْتِيهِمْ,ي,أتي,هم,7,1.0,1
جَعَلْنَاهُ,,جعل,نا|ه,7,1.0,1
رَجُلَاً,,رجل,ا,7,1.0,1
تُشْرِكُونَ,ت,شرك,ون,7,0.571,2
نَقُولُ,ن,قول,,7,1.0,1
بِلِقَاءِ,ب,لقاء+لقاء,(null),7,1.0,1
يَجْحَدُونَ,ي,جحد,ون,7,1.0,1
نَسُوا,,نس,وا,7,1.0,1
أَقُولُ,أ,قول,,7,1.0,1
الْأَعْمَى,ال,أعمى,,7,1.0,1
حَمِيمٍ,,حميم,,7,1.0,1
عَالِمُ,,عالم,(null),7,1.0,1
شُرَكَاءَ,,شركاء,(null),7,1.0,1
وَتَعَالَى,و,تعالى,,7,1.0,1
يَصِفُونَ,ي,صف,ون,7,1.0,1
الظَّنَّ,ال,ظن,(null),7,1.0,1
لِقَاءَ,,لقاء,(null),7,1.0,1
بِمُعْجِزِينَ,ب,معجز,ين,7,1.0,1
اعْمَلُوا,,ا+عمل,وا,7,1.0,1
الْمُسْرِفِينَ,ال,مسرف,ين,7,1.0,1
آبَاؤُنَا,,آباؤ,نا,7,1.0,1
بِالَّتِي,ب,آلتي,,7,1.0,1
وَذِكْرَى,و,ذكرى,,7,1.0,1
لَكُمَا,ل,كما,,7,1.0,1
أَخْرَجَ,,أخرج,(null),7,1.0,1
مُخْلِصِينَ,,مخلص,ين,7,1.0,1
بِرَحْمَةٍ,ب,رحم,ة,7,1.0,1
سِتَّةِ,,ست,ة|(null),7,1.0,1
الرِّيَاحَ,ال,رياح,,7,1.0,1
الْمَاءَ,ال,ماء,,7,1.0,1
نُوحَاً,,نوح,ا,7,1.0,1
الْغَابِرِينَ,ال,غابر,ين,7,1.0,1
شُعَيْبَاً,,شعيب,ا,7,1.0,1
السَّحَرَةُ,ال,سحر,ة,7,1.0,1
فَأَرْسَلْنَا,ف,أرسل,نا,7,1.0,1
الْيَمِّ,ال,يم,,7,1.0,1
سَبِيلَ,,سبيل,,7,1.0,1
فَعَلَ,,فعل,,7,1.0,1
وَظَنُّوا,و,ظن,وا,7,1.0,1
الْمُنَافِقُونَ,ال,منافق,ون,7,1.0,1
سُورَةٌ,,سور,ة,7,1.0,1
سَأَلْتَهُمْ,,سأل,ت|هم,7,1.0,1
وَعْدَاً,,وعد,ا,7,1.0,1
تَوَكَّلْتُ,,توكل,ت,7,1.0,1
صِدْقٍ,,صدق,,7,1.0,1
يُعِيدُهُ,ي,عيد,ه,7,1.0,1
لِيَجْزِيَ,ل|ي,جزي,,7,1.0,1
سَبَقَتْ,,سبق,ت,7,1.0,1
افْتَرَاهُ,,افترا,ه,7,1.0,1
الْوَعْدُ,ال,وعد,,7,1.0,1
عِنْدِنَا,,عند,نا,7,1.0,1
اهْتَدَى,,اهتدى,,7,1.0,1
وَاصْبِرْ,و,ا+صبر,,7,1.0,1
تَعْبُدُوا,ت,عبد,وا,7,1.0,1
وَحَاقَ,و,حاق,,7,1.0,1
مَالَاً,,مال,ا,7,1.0,1
مُرِيبٍ,,مريب,,7,1.0,1
سَلَامَاً,,سلام,ا,7,1.0,1
شَدِيدٍ,,شديد,(null),7,1.0,1
ثَمُودُ,,ثمود,,7,1.0,1
الْقُرُونِ,ال,قرون,,7,1.0,1
الْمُبِينِ,ال,مبين,(null),7,1.0,1
يُوسُفُ,,يوسف,,7,1.0,1
يَاأَبَتِ,يا,أب+ت+None+None,,7,1.0,1
وَتَرَكْنَا,و,ترك,نا,7,0.714,2
يَسِيرٌ,,يسير,,7,1.0,1
وَتَوَلَّى,و,تولى,,7,1.0,1
آمِنِينَ,,آمن,ين,7,1.0,1
يَسِيرُوا,ي,سير,وا,7,1.0,1
خَلْقٍ,,خلق,(null),7,1.0,1
الْكَبِيرُ,ال,كبير,,7,1.0,1
الْقَوْلَ,ال,قول,,7,1.0,1
يَتَذَكَّرُ,ي,تذكر,,7,1.0,1
وَعْدُ,,وعد,(null),7,1.0,1
الْمُرْسَلُونَ,ال,مرسل,ون,7,1.0,1
الْجِبَالِ,ال,جبال,,7,1.0,1
خَلْقَاً,,خلق,ا,7,1.0,1
مُتَّكِئِينَ,,متكئ,ين,7,1.0,1
صَفَّاً,,صف,ا,7,1.0,1
نَادَى,,نادى,,7,1.0,1
بُكْرَةً,,بكر,ة,7,1.0,1
وَأَبْقَى,و,أبقى,,7,1.0,1
يَتَسَاءَلُونَ,ي,تساءل,ون,7,0.714,3
الْفَصْلِ,ال,فصل,(null),7,1.0,1
حم,,حم,,7,1.0,1
وَاللَّيْلِ,و|ال,ليل,,7,1.0,1
الرَّحِيمِ,ال,رحيم,,6,1.0,1
الضَّالِّينَ,ال,ضال,ين,6,1.0,1
الم,,الم,,6,1.0,1
بِمُؤْمِنِينَ,ب,مؤمن,ين,6,1.0,1
اشْتَرَوْا,,اشتر,وا,6,1.0,1
ذَهَبَ,,ذهب,,6,1.0,1
مُحِيطٌ,,محيط,(null),6,1.0,1
يَكَادُ,ي,كاد,,6,1.0,1
أَنْدَادَاً,,أنداد,ا,6,1.0,1
نَزَّلْنَا,,نزل,نا,6,1.0,1
اسْجُدُوا,,ا+سجد,وا,6,1.0,1
وَقُلْنَا,و,قل,نا,6,1.0,1
التَّوَّابُ,ال,تواب,,6,1.0,1
بِكُمُ,ب,كم,,6,1.0,1
الْعِجْلَ,ال,عجل,,6,1.0,1
تَهْتَدُونَ,ت,هتد,و|ن,6,1.0,1
نَرَى,ن,ري,,6,1.0,1
طَيِّبَاتِ,,طيب,ات,6,1.0,1
فَقُلْنَا,ف,قل,نا,6,1.0,1
عَيْنَاً,,عين,ا,6,1.0,1
وَاشْرَبُوا,و,ا+شرب,وا,6,1.0,1
وَاحِدٍ,,واحد,(null),6,1.0,1
فَلَهُمْ,ف|ل,هم,,6,1.0,1
أَجْرُهُمْ,,أجر,هم,6,1.0,1
بِقُوَّةٍ,ب,قو,ة,6,1.0,1
أَعُوذُ,أ,عوذ,,6,1.0,1
الْجَاهِلِينَ,ال,جاهل,ين,6,1.0,1
ادْعُ,,ا+دع,,6,1.0,1
لَمَا,,لما,,6,1.0,1
يُعْلِنُونَ,ي,علن,ون,6,0.833,2
تَقُولُونَ,ت,قول,و|ن,6,1.0,1
إِحْسَانَاً,,إحسان,ا,6,1.0,1
وَالْمَسَاكِينِ,و|ال,مساكين,(null),6,1.0,1
بَغْيَاً,,بغي,ا,6,1.0,1
بِخَيْرٍ,ب,خير,(null),6,1.0,1
الْكُفْرَ,ال,كفر,,6,1.0,1
لِأَنْفُسِكُمْ,ل,أنفس,كم,6,0.833,2
هُودَاً,,هود,ا,6,1.0,1
وَجْهَهُ,,وجه,ه,6,1.0,1
الْيَهُودُ,ال,يهود,(null),6,1.0,1
فَاللَّهُ,ف|ال,له,,6,1.0,1
السُّجُودِ,ال,سجود,,6,1.0,1
اجْعَلْ,,ا+جعل,,6,1.0,1
آمِنَاً,,آمن,ا,6,1.0,1
هَدَى,,هدي,,6,1.0,1
وَجْهَكَ,,وجه,ك,6,1.0,1
وُجُوهَكُمْ,,وجوه,كم,6,1.0,1
بِشَيْءٍ,ب,شيء,,6,1.0,1
مُصِيبَةٌ,,مصيب,ة,6,1.0,1
يُنْظَرُونَ,ي,نظر,ون,6,0.833,2
طَيِّبَاً,,طيب,ا,6,1.0,1
اتَّبِعُوا,,اتبع,وا,6,1.0,1
وَالْكِتَابِ,و|ال,كتاب,(null),6,1.0,1
الْمُتَّقُونَ,ال,متق,ون,6,1.0,1
عَنِّي,عن,ي+None,,6,1.0,1
فَإِنِّي,ف,أن,ي,6,0.833,2
حُدُودُ,,حدود,(null),6,1.0,1
التَّقْوَى,ال,تقوى,,6,1.0,1
لِمَنِ,ل,من,,6,1.0,1
رَءُوفٌ,,رءوف,,6,1.0,1
فَاعْلَمُوا,ف,ا+علم,وا,6,1.0,1
تُرْجَعُ,ت,رجع,,6,1.0,1
فَوْقَهُمْ,,فوق,هم,6,1.0,1
تَدْخُلُوا,ت,دخل,وا,6,1.0,1
يَأْتِكُمْ,ي,أت,كم,6,1.0,1
شَرٌّ,,شر,,6,1.0,1
حَبِطَتْ,,حبط,ت,6,1.0,1
وَجَاهَدُوا,و,جاهد,وا,6,0.833,2
وَيَسْأَلُونَكَ,و|ي,سأل,و|ن|ك,6,1.0,1
بِمَعْرُوفٍ,ب,معروف,,6,1.0,1
حُدُودَ,,حدود,(null),6,1.0,1
سِرَّاً,,سر,ا,6,1.0,1
مَعْرُوفَاً,,معروف,ا,6,1.0,1
قَرْضَاً,,قرض,ا,6,1.0,1
وَإِنَّكَ,و,إن,ك,6,0.833,2
الطَّيْرِ,ال,طير,,6,1.0,1
بِاللَّيْلِ,ب|ال,ليل,,6,1.0,1
بِالْعَدْلِ,ب|ال,عدل,(null),6,1.0,1
وَأَطَعْنَا,و,أطع,نا,6,0.667,3
مَتَاعُ,,متاع,,6,1.0,1
فَاغْفِرْ,ف,ا+غفر,,6,1.0,1
الْعِلْمُ,ال,علم,,6,1.0,1
وَمَنِ,و,من,,6,1.0,1
حَقٍّ,,حق,,6,1.0,1
تَجِدُ,ت,جد,,6,1.0,1
بَعِيدَاً,,بعيد,ا,6,1.0,1
تُحِبُّونَ,ت,حب,و|ن,6,1.0,1
طَيِّبَةً,,طيب,ة|(null),6,1.0,1
وَسَبِّحْ,و,سبح,,6,1.0,1
أَنْبَاءِ,,أنباء,(null),6,1.0,1
أَيُّهُمْ,,أي,هم,6,1.0,1
صِرَاطٌ,,صراط,,6,1.0,1
مُسْتَقِيمٌ,,مستقيم,,6,1.0,1
الشَّاهِدِينَ,ال,شاهد,ين,6,1.0,1
تَخْتَلِفُونَ,ت,ختلف,و|ن,6,1.0,1
تُرَابٍ,,تراب,(null),6,1.0,1
وَبِمَا,و|ب,ما,,6,1.0,1
يُرْجَعُونَ,ي,رجع,ون,6,1.0,1
الْخَيْرِ,ال,خير,(null),6,1.0,1
وُجُوهٌ,,وجوه,,6,1.0,1
وُجُوهُهُمْ,,وجوه,هم,6,1.0,1
لَكَانَ,ل,كان,,6,1.0,1
سَيِّئَةٌ,,سيئ,ة|(null),6,1.0,1
الْمُكَذِّبِينَ,ال,مكذب,ين,6,1.0,1
وَلِيَعْلَمَ,و|ل|ي,علم,,6,1.0,1
قُتِلَ,,قتل,(null),6,0.833,2
وَكَأَيِّنْ,و|ك,أي+ن,,6,1.0,1
وَمِنْكُمْ,و|من,كم,,6,0.833,2
عَفَا,,عفا,,6,1.0,1
ظَنَّ,,ظن,,6,1.0,1
فَبِمَا,,ف+ب+ما,,6,1.0,1
بِأَفْوَاهِهِمْ,ب,أفواه,هم,6,0.833,2
بِالَّذِينَ,ب,الذين,,6,1.0,1
يُسَارِعُونَ,ي,سارع,ون,6,1.0,1
أَيْدِيكُمْ,,أيد,ي|كم,6,1.0,1
جَاءُوا,,جاء,وا,6,1.0,1
لَكِنِ,,لكن,,6,1.0,1
نُزُلَاً,,نزل,ا,6,1.0,1
وَاحِدَةٍ,,واحد,ة|(null),6,1.0,1
الْأُنْثَيَيْنِ,ال,أنثي,ين,6,1.0,1
شُرَكَاءُ,,شركاء,(null),6,1.0,1
يُطِعِ,ي,طع,,6,1.0,1
قَرِيبٍ,,قريب,,6,1.0,1
أَعْتَدْنَا,,اعتد,نا,6,1.0,1
زَوْجٍ,,زوج,(null),6,1.0,1
أُجُورَهُنَّ,,أجور,هن,6,1.0,1
بَعْضَكُمْ,,بعض,كم,6,1.0,1
مِثْقَالَ,,مثقال,,6,1.0,1
ذَرَّةٍ,,ذر,ة,6,1.0,1
سَبِيلٍ,,سبيل,,6,1.0,1
السَّبِيلَ,ال,سبيل,,6,1.0,1
مَفْعُولَاً,,مفعول,ا,6,1.0,1
أَهْدَى,,أهدى,,6,1.0,1
ضَلَالَاً,,ضلال,ا,6,1.0,1
لَدُنَّا,,لدن,نا,6,1.0,1
مُسْتَقِيمَاً,,مستقيم,ا,6,1.0,1
يَخْشَوْنَ,ي,خش,ون,6,0.833,2
وَبَيْنَهُمْ,و,بين,هم,6,1.0,1
إِلَيْكُمُ,إلي,كم,,6,1.0,1
رَقَبَةٍ,,رقب,ة,6,1.0,1
أَلْقَى,,ألقى,,6,1.0,1
سُوءَاً,,سوء,ا,6,1.0,1
يَدْخُلُونَ,ي,دخل,ون,6,1.0,1
قَدِيرَاً,,قدير,ا,6,1.0,1
دِينَهُمْ,,دين,(null)|هم,6,1.0,1
رَسُولَ,,رسول,,6,1.0,1
حَرَّمْنَا,,حرم,نا,6,1.0,1
الرُّسُلِ,ال,رسل,,6,1.0,1
عَبْدَاً,,عبد,ا,6,1.0,1
الْحَرَامَ,ال,حرام,,6,1.0,1
يَبْتَغُونَ,ي,بتغ,و|ن,6,1.0,1
الْإِثْمِ,ال,إثم,,6,1.0,1
جَاءَنَا,,جاء,نا,6,1.0,1
نَذِيرٍ,,نذير,,6,1.0,1
يَخْرُجُوا,ي,خرج,وا,6,1.0,1
فَتَكُونَ,ف|ت,كون,,6,1.0,1
وَأَصْلَحَ,و,أصلح,,6,1.0,1
بِالْمُؤْمِنِينَ,ب|ال,مؤمن,ين,6,1.0,1
النَّفْسَ,ال,نفس,,6,1.0,1
آثَارِهِمْ,,آثار,هم,6,1.0,1
ابْنِ,,ابن,,6,0.667,2
تَتَّبِعْ,ت,تبع,,6,1.0,1
فَوْقِهِمْ,,فوق,هم,6,1.0,1
وَكَثِيرٌ,و,كثير,,6,1.0,1
يُؤْفَكُونَ,ي,ؤفك,و|ن,6,1.0,1
سَمِعُوا,,سمع,وا,6,1.0,1
مُؤْمِنُونَ,,مؤمن,ون,6,1.0,1
مِنْكَ,من,ك,,6,1.0,1
مَلَكٌ,,ملك,(null),6,0.833,2
الْخَبِيرُ,ال,خبير,(null),6,1.0,1
نُزِّلَ,,نزل,,6,1.0,1
أُمَمٍ,,أمم,,6,1.0,1
بَأْسُنَا,,بأس,نا,6,1.0,1
عِنْدِي,,عند,ي,6,1.0,1
الْغَيْبَ,ال,غيب,,6,1.0,1
تَسْتَعْجِلُونَ,ت,ستعجل,ون,6,0.667,2
الْحُكْمُ,ال,حكم,(null),6,1.0,1
الذِّكْرَى,ال,ذكرى,,6,1.0,1
ذِكْرَى,,ذكرى,,6,1.0,1
إِسْحَاقَ,,إسحاق,,6,1.0,1
وَلُوطَاً,و,لوط,ا,6,1.0,1
زَعَمْتُمْ,,زعم,تم,6,1.0,1
فَأَخْرَجْنَا,ف,أخرج,نا,6,1.0,1
فَذَرْهُمْ,ف,ذر,هم,6,0.667,3
يَضِلُّ,ي,ضل,,6,1.0,1
ذُكِرَ,,ذكر,,6,1.0,1
يَمْشِي,ي,مشي,,6,1.0,1
يَمْكُرُونَ,ي,مكر,ون,6,1.0,1
يَجْعَلْ,ي,جعل,,6,1.0,1
يَذَّكَّرُونَ,ي,ذكر,و|ن,6,1.0,1
غَافِلُونَ,,غافل,ون,6,1.0,1
يُرَدُّ,ي,رد,,6,1.0,1
فَلِلَّهِ,ف|ل|ال,له,,6,1.0,1
الْكَيْلَ,ال,كيل,,6,1.0,1
وَالْمِيزَانَ,و|ال,ميزان,,6,1.0,1
بَعْضُ,,بعض,(null),6,1.0,1
إِنَّنِي,,أن+ني+None+None+None,,6,1.0,1
جَعَلَكُمْ,,جعل,كم,6,1.0,1
مَوَازِينُهُ,,موازين,ه,6,1.0,1
أَجَلُهُمْ,,أجل,هم,6,1.0,1
سَاعَةً,,ساع,ة|(null),6,1.0,1
الْجَنَّةُ,ال,جن,ة,6,1.0,1
وَنَادَى,و,نادى,,6,1.0,1
رِجَالٌ,,رجال,,6,1.0,1
الْمَاءِ,ال,ماء,,6,1.0,1
تَبَارَكَ,,تبارك,,6,1.0,1
يَدَيْ,,يد,ي,6,1.0,1
فَأَنْجَيْنَاهُ,ف,أنجي+نا+ه+None,,6,0.5,2
وَحْدَهُ,,وحد,ه,6,1.0,1
ثَمُودَ,,ثمود,,6,1.0,1
الْجِبَالَ,ال,جبال,,6,1.0,1
أَهْلَهَا,,أهل,ها,6,1.0,1
وَمَلَئِهِ,و,ملئ,ه,6,1.0,1
عَلِيمٍ,,عليم,,6,1.0,1
الرَّاحِمِينَ,ال,راحم,ين,6,1.0,1
هَوَاهُ,,هوا,ه,6,1.0,1
أَضَلُّ,,أضل,,6,1.0,1
أَيَّانَ,,أيان,,6,1.0,1
ذَاتَ,,ذات,,6,1.0,1
قُوَّةٍ,,قو,ة|(null),6,1.0,1
مُدْبِرِينَ,,مدبر,ين,6,1.0,1
مَعَنَا,,مع,نا,6,1.0,1
فَاسِقِينَ,,فاسق,ين,6,1.0,1
كَفَرْتُمْ,,كفر,تم,6,1.0,1
يَغْفِرَ,ي,غفر,,6,1.0,1
السَّوْءِ,ال,سوء,,6,1.0,1
الْأَوَّلُونَ,ال,أول,ون,6,1.0,1
يَبْدَأُ,ي,بدأ,,6,1.0,1
مَسَّهُ,,مس,ه,6,1.0,1
كَلِمَةٌ,,كلم,ة,6,1.0,1
رُسُلَنَا,,رسل,نا,6,1.0,1
لِلْحَقِّ,ل|ال,حق,,6,1.0,1
يَسْتَمِعُونَ,ي,ستمع,ون,6,1.0,1
أَفَأَنْتَ,أ|ف,أنت,,6,1.0,1
قُضِيَ,,قضي,,6,1.0,1
وَأُمِرْتُ,و,أمر,ت,6,0.667,3
نُوحٌ,,نوح,,6,1.0,1
يَابُنَيَّ,يا,بن+ي+None,,6,1.0,1
الصَّيْحَةُ,ال,صيح,ة,6,1.0,1
كَيْدَاً,,كيد,ا,6,1.0,1
لِلْإِنْسَانِ,ل|ال,إنسان,,6,1.0,1
فَاعِلِينَ,,فاعل,ين,6,1.0,1
يَاأَبَانَا,يا,أبا+نا+None,,6,1.0,1
الْمَلِكُ,ال,ملك,,6,0.5,2
لَعَلِّي,,لعل,ي,6,1.0,1
عَلِمْنَا,,علم,نا,6,1.0,1
أَكْثَرُ,,أكثر,,6,1.0,1
فَيَنْظُرُوا,ف|ي,نظر,وا,6,1.0,1
جَدِيدٍ,,جديد,(null),6,1.0,1
مِثْلُكُمْ,,مثل,كم,6,1.0,1
ضَرَبَ,,ضرب,(null),6,1.0,1
رَبِّهَا,,رب,ها,6,1.0,1
الذِّكْرَ,ال,ذكر,,6,1.0,1
فَسَبِّحْ,ف,سبح,,6,1.0,1
أَتَى,,أتى,,6,1.0,1
تَفْعَلُونَ,ت,فعل,و|ن,6,1.0,1
أَجْرَهُمْ,,أجر,هم,6,1.0,1
وَبَنِينَ,و,بن,ين,6,1.0,1
بِعِبَادِهِ,ب,عباد,ه,6,1.0,1
يُسَبِّحُ,ي,سبح,,6,1.0,1
الْحَدِيثِ,ال,حديث,(null),6,1.0,1
الشِّمَالِ,ال,شمال,,6,1.0,1
أَرَأَيْتَ,أ,رأي,ت,6,1.0,1
يُسْرَاً,,يسر,ا,6,1.0,1
رَأَوْا,,رأ,وا,6,1.0,1
يَنْبَغِي,ي,نبغي,,6,1.0,1
يَخْشَى,ي,خشى,,6,1.0,1
أَتَاكَ,,أتا,ك,6,1.0,1
الْكُبْرَى,ال,كبرى,,6,1.0,1
طَغَى,,طغى,,6,1.0,1
تَقُولَ,ت,قول,,6,1.0,1
يُؤْمِنْ,ي,ؤمن,,6,1.0,1
يَاوَيْلَنَا,يا,ويل+نا+None,,6,1.0,1
بِالْعَذَابِ,ب|ال,عذاب,,6,1.0,1
الْحَمِيدُ,ال,حميد,,6,1.0,1
يَسْعَى,ي,سعى,,6,1.0,1
عِبَادَ,,عباد,,6,1.0,1
مُدَّكِرٍ,,مدكر,,6,1.0,1
وَنُذُرِ,و,نذر+None,,6,1.0,1
طُغْيَانِهِمْ,,طغيان,هم,5,1.0,1
حَوْلَهُ,,حول,ه,5,1.0,1
رَبَّكُمُ,,رب,كم,5,1.0,1
تَجْعَلُوا,ت,جعل,وا,5,1.0,1
يُحْيِيكُمْ,ي,حيي,كم,5,1.0,1
سَمَاوَاتٍ,,سماو,ات,5,1.0,1
أَقُلْ,,أقل,(null),5,1.0,1
تَكْتُمُونَ,ت,كتم,ون,5,0.8,2
لِآدَمَ,ل,آدم,,5,1.0,1
فَسَجَدُوا,ف,سجد,وا,5,1.0,1
فَتَابَ,ف,تاب,,5,1.0,1
وَأَوْفُوا,و,أوف,وا,5,0.8,2
يَظُنُّونَ,ي,ظن,ون,5,0.8,2
وَأَنَّهُمْ,و,أن,هم,5,0.8,2
شِئْتُمْ,,شئ,تم,5,1.0,1
الْبَابَ,ال,باب,(null),5,1.0,1
يَفْسُقُونَ,ي,فسق,ون,5,1.0,1
تَعْثَوْا,ت,عث,وا,5,1.0,1
مُفْسِدِينَ,,مفسد,ين,5,1.0,1
وَالنَّصَارَى,و|ال,نصارى,,5,1.0,1
وَرَفَعْنَا,و,رفع,نا,5,1.0,1
خُذُوا,,خذ,وا,5,1.0,1
الْآنَ,ال,آن+(null)+None,,5,0.6,2
جِئْتَ,,جئ,ت,5,1.0,1
قُلُوبُكُمْ,,قلوب,كم,5,1.0,1
فَهِيَ,ف,هي,,5,1.0,1
يَكْتُبُونَ,ي,كتب,ون,5,1.0,1
مِيثَاقَ,,ميثاق,,5,1.0,1
حُسْنَاً,,حسن,ا,5,1.0,1
بِالْإِثْمِ,ب|ال,إثم,,5,1.0,1
وَالْعُدْوَانِ,و|ال,عدوان,(null),5,1.0,1
خِزْيٌ,,خزي,,5,1.0,1
يُخَفَّفُ,ي,خفف,,5,1.0,1
لَعَنَهُمُ,,لعن,هم,5,1.0,1
وَلِلْكَافِرِينَ,و|ل|ال,كافر,ين,5,1.0,1
قُلُوبِهِمُ,,قلوب,(null)|هم,5,1.0,1
الْآخِرَةُ,ال,آخر,ة|(null),5,1.0,1
بِالظَّالِمِينَ,ب|ال,ظالم,ين,5,1.0,1
يَوَدُّ,ي,ود,,5,1.0,1
سَنَةٍ,,سن,ة|(null),5,1.0,1
وَبُشْرَى,و,بشرى,,5,1.0,1
كِتَابَ,,كتاب,(null),5,1.0,1
ظُهُورِهِمْ,,ظهور,هم,5,1.0,1
الشَّيَاطِينَ,ال,شياطين,(null),5,1.0,1
تُرِيدُونَ,ت,ريد,ون,5,0.8,2
بِالْإِيمَانِ,ب|ال,إيمان,,5,1.0,1
نَصَارَى,,نصارى,,5,1.0,1
أَسْلَمَ,,أسلم,,5,1.0,1
يَتْلُونَ,ي,تل,ون,5,1.0,1
اسْمُهُ,,ٱسم,(null)|ه,5,1.0,1
هُدَى,,هدي,,5,1.0,1
وَلَقَدِ,و|ل,قد,,5,1.0,1
حَضَرَ,,حضر,,5,1.0,1
يَعْقُوبَ,,يعقوب,,5,1.0,1
وَاحِدَاً,,واحد,ا,5,1.0,1
تُسْأَلُونَ,ت,سأل,ون,5,1.0,1
بِمِثْلِ,ب,مثل,(null),5,1.0,1
وَرَبُّكُمْ,و,رب+كم+None+None,,5,0.4,3
لَرَءُوفٌ,ل,رءوف,,5,1.0,1
وَاشْكُرُوا,و,ا+شكر,وا,5,1.0,1
يَكْتُمُونَ,ي,كتم,ون,5,1.0,1
وَأَصْلَحُوا,و,أصلح,وا,5,1.0,1
وَالنَّاسِ,و|ال,ناس,,5,1.0,1
خَلْقِ,,خلق,(null),5,1.0,1
يَرَى,ي,ري,,5,1.0,1
اتَّبَعُوا,,اتبع,وا,5,1.0,1
بِهِمُ,ب,هم,,5,1.0,1
خُطُوَاتِ,,خطو,ات|(null),5,1.0,1
يَسْمَعُ,ي,سمع,,5,1.0,1
وَحِينَ,و,حين,(null),5,1.0,1
صَدَقُوا,,صدق,وا,5,1.0,1
يَاأُولِي,يا,أول,ي,5,1.0,1
خَافَ,,خاف,,5,1.0,1
سَفَرٍ,,سفر,(null),5,1.0,1
أُحِلَّ,,أحل,,5,1.0,1
وَكُلُوا,و,كل,وا,5,0.8,2
الْفَجْرِ,ال,فجر,(null),5,1.0,1
وَلَيْسَ,و,ليس,,5,1.0,1
اتَّقَى,,اتقى,,5,1.0,1
يُقَاتِلُوكُمْ,ي,قاتل,و|كم,5,1.0,1
يَبْلُغَ,ي,بلغ,,5,1.0,1
الْمِهَادُ,ال,مهاد,,5,1.0,1
بِالْعِبَادِ,ب|ال,عباد,,5,1.0,1
كَافَّةً,,كاف,ة|(null),5,1.0,1
وَقُضِيَ,و,قضي,,5,1.0,1
وَابْنِ,و,ابن,,5,1.0,1
الْقِتَالُ,ال,قتال,(null),5,1.0,1
دِينِكُمْ,,دين,كم,5,1.0,1
هَاجَرُوا,,هاجر,وا,5,1.0,1
الْيَتَامَى,ال,يتامى,,5,1.0,1
وُسْعَهَا,,وسع,ها,5,1.0,1
فَرِيضَةً,,فريض,ة,5,1.0,1
بِيَدِهِ,ب,يد+ه+None,,5,0.4,3
خَرَجُوا,,خرج,وا,5,1.0,1
الْعَلِيُّ,ال,علي,,5,1.0,1
كَالَّذِي,ك,الذي,,5,1.0,1
حَبَّةٍ,,حب,ة|(null),5,1.0,1
يُنْفِقُ,ي,نفق,,5,1.0,1
الْخَبِيثَ,ال,خبيث,,5,1.0,1
حَمِيدٌ,,حميد,,5,1.0,1
الصَّدَقَاتِ,ال,صدق,ات,5,1.0,1
سَيِّئَاتِكُمْ,,سيئ,ات|كم,5,1.0,1
بِسِيمَاهُمْ,ب,سيم,ا|هم,5,1.0,1
يَقُومُ,ي,قوم,,5,1.0,1
سَلَفَ,,سلف,,5,1.0,1
أَثِيمٍ,,أثيم,,5,1.0,1
إِحْدَاهُمَا,,إحدا,هما,5,1.0,1
الْأُخْرَى,ال,أخرى,,5,1.0,1
التَّوْرَاةَ,ال,تورا,ة,5,1.0,1
وَالْإِنْجِيلَ,و|ال,إنجيل,,5,1.0,1
الْأَرْحَامِ,ال,أرحام,,5,1.0,1
أَمْوَالُهُمْ,,أموال,هم,5,1.0,1
لَعِبْرَةً,,ل+عبر,ة,5,1.0,1
جَنَّاتٌ,,جن,ات|(null),5,1.0,1
إِنَّنَا,,أن,نا,5,1.0,1
اللَّهُمَّ,,الله,M,5,1.0,1
الْمُلْكِ,ال,ملك,,5,1.0,1
الْمَيِّتِ,ال,ميت,,5,1.0,1
الْحَيِّ,ال,حي,(null),5,0.8,2
عَمِلَتْ,,عمل,ت,5,1.0,1
أَطِيعُوا,,أطيع,وا,5,1.0,1
قَالَتِ,,قال,ت,5,1.0,1
يَامَرْيَمُ,يا,مريم,,5,1.0,1
بُيُوتِكُمْ,,بيوت,كم,5,1.0,1
فَاعْبُدُوهُ,ف,ا+عبد,و|ه,5,1.0,1
يَتَّخِذَ,ي,تخذ,,5,1.0,1
وَقَالَتْ,و,قال,ت,5,0.8,2
أُوتِيتُمْ,,أوتي,تم,5,1.0,1
يُؤْتِيهِ,ي,ؤتي,ه,5,1.0,1
دِينِ,,دين,(null),5,0.8,2
جَزَاؤُهُمْ,,جزاؤ,هم,5,1.0,1
لِبَنِي,ل,بني,,5,1.0,1
تُطِيعُوا,ت,طيع,وا,5,1.0,1
وَكَيْفَ,و,كيف,,5,1.0,1
رَحْمَةِ,,رحم,ة,5,1.0,1
الْأَدْبَارَ,ال,أدبار,,5,1.0,1
سَوَاءً,,سواء,,5,1.0,1
تَصْبِرُوا,ت,صبر,وا,5,1.0,1
جَعَلَهُ,,جعل,ه,5,1.0,1
فَانْظُرُوا,ف,انظر,وا,5,1.0,1
جَاهَدُوا,,جاهد,وا,5,1.0,1
يُرِدْ,ي,رد,,5,1.0,1
أَمْرِنَا,,أمر,نا,5,1.0,1
خَاسِرِينَ,,خاسر,ين,5,1.0,1
مَوْلَاكُمْ,,مولا,كم,5,1.0,1
يَغْشَى,ي,غشى,,5,1.0,1
قُتِلُوا,,قتل,وا,5,1.0,1
رَحْمَةٍ,,رحم,ة,5,1.0,1
وَاسْتَغْفِرْ,و,استغفر,,5,1.0,1
نَعْلَمُ,ن,علم,,5,1.0,1
تَحْسَبَنَّ,ت,حسب+ن,,5,1.0,1
آتَاهُمُ,,آتا,هم,5,1.0,1
خَلْفِهِمْ,,خلف,هم,5,1.0,1
يَسْتَبْشِرُونَ,ي,ستبشر,و|ن,5,1.0,1
أَحْسَنُوا,,أحسن,وا,5,1.0,1
يَحْزُنْكَ,ي,حزن,ك,5,1.0,1
الْكُفْرِ,ال,كفر,,5,1.0,1
فَآمِنُوا,ف,آمن,وا,5,0.8,2
الْحَرِيقِ,ال,حريق,(null),5,1.0,1
بِظَلَّامٍ,ب,ظلام,,5,1.0,1
لِلْعَبِيدِ,ل|ل,عبيد,,5,1.0,1
الْأُمُورِ,ال,أمور,,5,1.0,1
يَذْكُرُونَ,ي,ذكر,و|ن,5,1.0,1
بِرَبِّكُمْ,ب,رب,كم,5,0.8,2
ذَكَرٍ,,ذكر,,5,1.0,1
الْبِلَادِ,ال,بلاد,(null),5,1.0,1
وَخَلَقَ,و,خلق,,5,1.0,1
آبَاؤُكُمْ,,آباؤ,كم,5,1.0,1
يَأْتِينَ,ي,أتي,ن,5,1.0,1
السُّوءَ,ال,سوء,,5,1.0,1
يَتُوبُ,ي,توب,,5,1.0,1
فَعَسَى,,ف+عسى,,5,0.6,2
الْمُؤْمِنَاتِ,ال,مؤمن,ات,5,1.0,1
أَمْوَالِهِمْ,,أموال,هم,5,1.0,1
حَدِيثَاً,,حديث,ا,5,1.0,1
تَقْرَبُوا,ت,قرب,وا,5,1.0,1
تَعْلَمُوا,ت,علم,وا,5,1.0,1
يُشْرِكْ,ي,شرك,,5,1.0,1
تُؤْمِنُونَ,ت,ؤمن,و|ن,5,1.0,1
رَأَيْتَ,,رأي,ت,5,1.0,1
يَصُدُّونَ,ي,صد,و|ن,5,1.0,1
جَاءُوكَ,,جاء,و|ك,5,1.0,1
يَحْلِفُونَ,ي,حلف,ون,5,0.8,2
فَأَعْرِضْ,ف,أعرض,,5,1.0,1
يَجِدُوا,ي,جد,وا,5,1.0,1
فَعَلُوهُ,,فعل,و|ه,5,1.0,1
صِرَاطَاً,,صراط,ا,5,1.0,1
أَنْعَمَ,,أنعم,,5,1.0,1
لَيَقُولَنَّ,,ل+ي+قول+ن,,5,1.0,1
وَاجْعَلْ,و|أ,أجعل,,5,1.0,1
يُقَاتِلُونَ,ي,قاتل,ون,5,1.0,1
تُصِبْهُمْ,ت,صب,هم,5,1.0,1
عِنْدِكَ,,عند,ك,5,1.0,1
وَقَعَ,,وقع,(null),5,1.0,1
يُجَادِلُ,ي,جادل,,5,1.0,1
تَعْلَمُ,ت,علم,,5,1.0,1
إِنَاثَاً,,إناث,ا,5,1.0,1
خَسِرَ,,خسر,,5,1.0,1
غُرُورَاً,,غرور,ا,5,1.0,1
وَاتَّبَعَ,و,اتبع,,5,1.0,1
كُلَّاً,,كل,ا,5,1.0,1
لِيَغْفِرَ,ل|ي,غفر,,5,1.0,1
حَدِيثٍ,,حديث,,5,1.0,1
وَسَوْفَ,,و,سوف,5,1.0,1
نُهُوا,,نه,وا,5,1.0,1
وَصَدُّوا,و,صد,وا,5,1.0,1
وَأَجْرٌ,و,أجر,(null),5,1.0,1
قُلُوبَهُمْ,,قلوب,(null)|هم,5,1.0,1
يَصْنَعُونَ,ي,صنع,ون,5,1.0,1
أَمْلِكُ,أ,ملك,,5,1.0,1
وَاتْلُ,و,ا+تل,,5,0.8,2
يَدَكَ,,يد,ك,5,1.0,1
رَبَّ,,رب,,5,1.0,1
فَأَصْبَحَ,ف,أصبح,,5,1.0,1
مُقِيمٌ,,مقيم,(null),5,1.0,1
فَاحْكُمْ,,ف+ا+حكم,,5,1.0,1
آتَاكُمْ,,آتا,كم,5,1.0,1
فَتَرَى,ف|ت,رى,,5,1.0,1
جَهْدَ,,جهد,,5,1.0,1
وَيُؤْتُونَ,و|ي,ؤت+ون+None+None,,5,1.0,1
الْغَالِبُونَ,ال,غالب,ون,5,1.0,1
سَوَاءِ,,سواء,,5,1.0,1
لَبِئْسَ,,ل+بئس,,5,1.0,1
الطَّعَامَ,ال,طعام,(null),5,1.0,1
رَزَقَكُمُ,,رزق,كم,5,1.0,1
يَأْتُوا,ي,أت,وا,5,1.0,1
الرُّسُلَ,ال,رسل,,5,1.0,1
الرَّازِقِينَ,ال,رازق,ين,5,1.0,1
رَضِيَ,,رضي,,5,1.0,1
وَرَضُوا,و,رض,وا,5,1.0,1
يَعْدِلُونَ,ي,عدل,و|ن,5,1.0,1
مُعْرِضِينَ,,معرض,ين,5,1.0,1
قَرْنٍ,,قرن,,5,1.0,1
سِيرُوا,,سير,وا,5,1.0,1
أُمِرْتُ,,أمر,ت,5,1.0,1
أَتَاهُمْ,,أتا,هم,5,1.0,1
كَبُرَ,,كبر,,5,1.0,1
أَبْوَابَ,,أبواب,(null),5,1.0,1
يَأْتِيكُمْ,ي,أتي,كم,5,1.0,1
الْقَوْمُ,ال,قوم,,5,1.0,1
خَزَائِنُ,,خزائن,,5,1.0,1
أَتَّبِعُ,أ,تبع,,5,1.0,1
فَتَنَّا,,فتن,نا,5,1.0,1
نُفَصِّلُ,ن,فصل,,5,1.0,1
أَعْبُدَ,أ,عبد,,5,1.0,1
لَنَكُونَنَّ,,ل+ن+كون+ن,,5,1.0,1
بِوَكِيلٍ,ب,وكيل,,5,1.0,1
هَدَانَا,,هدا,نا,5,1.0,1
مُهْتَدُونَ,,مهتد,ون,5,1.0,1
وَمُوسَى,و,موسى,,5,1.0,1
يَلْعَبُونَ,ي,لعب,ون,5,1.0,1
صَلَاتِهِمْ,,صلا,ت|هم,5,1.0,1
يُخْرِجُ,ي,خرج,,5,1.0,1
وَالشَّمْسَ,و|ال,شمس,,5,1.0,1
أَنْشَأَكُمْ,,أنشأ,كم,5,1.0,1
وَكِيلٌ,,وكيل,(null),5,1.0,1
الْأَبْصَارُ,ال,أبصار,,5,1.0,1
كَلِمَتُ,,كلم,ة,5,1.0,1
اسْمُ,,اسم,,5,1.0,1
مَيْتَاً,,ميت,ا,5,1.0,1
بِأَنْفُسِهِمْ,ب,أنفس,(null)|هم,5,1.0,1
يَحْشُرُهُمْ,ي,حشر,هم,5,1.0,1
لِيُضِلَّ,ل|ي,ضل,,5,1.0,1
أَشُدَّهُ,,أشد,ه,5,1.0,1
تَأْتِيَهُمُ,ت,أتي,هم,5,1.0,1
بِالْحَسَنَةِ,ب|ال,حسن,ة,5,1.0,1
بِالسَّيِّئَةِ,ب|ال,سيئ,ة,5,1.0,1
تَزِرُ,ت,زر,,5,1.0,1
وَازِرَةٌ,,وازر,ة,5,1.0,1
وِزْرَ,,وزر,,5,1.0,1
لِتُنْذِرَ,ل|ت,نذر,,5,1.0,1
السَّاجِدِينَ,ال,ساجد,ين,5,1.0,1
نَارٍ,,نار,,5,1.0,1
يَأْمُرُ,ي,أمر,,5,1.0,1
يَسْتَأْخِرُونَ,ي,ستأخر,ون,5,0.8,2
صُدُورِهِمْ,,صدور,هم,5,1.0,1
أَبْصَارُهُمْ,,أبصار,هم,5,1.0,1
رِسَالَاتِ,,رسال,ات,5,1.0,1
رَجُلٍ,,رجل,,5,1.0,1
أَجِئْتَنَا,أ,جئ,ت|نا,5,1.0,1
اسْتُضْعِفُوا,,استضعف,وا,5,1.0,1
جَاثِمِينَ,,جاثم,ين,5,1.0,1
وَأَمْطَرْنَا,و,أمطر,نا,5,1.0,1
الْحَاكِمِينَ,ال,حاكم,ين,5,1.0,1
نَقُصُّ,ن,قص,,5,1.0,1
بَعَثْنَا,,بعث,نا,5,1.0,1
سَاجِدِينَ,,ساجد,ين,5,1.0,1
فَاسْتَكْبَرُوا,ف,استكبر,وا,5,1.0,1
بَارَكْنَا,,بارك,نا,5,1.0,1
قَوْمِي,,قوم,ي,5,1.0,1
قَوْمَهُ,,قوم,ه,5,1.0,1
النَّبِيَّ,ال,نبي,,5,1.0,1
كَأَنَّهُ,,كأن,ه,5,1.0,1
آتَيْنَاهُ,,آتي,نا|ه,5,1.0,1
شِئْنَا,,شئ,نا,5,1.0,1
وَمِمَّنْ,و|من,من,,5,0.8,2
يَمْشُونَ,ي,مش,ون,5,1.0,1
يَتَوَكَّلُونَ,ي,توكل,ون,5,1.0,1
وَرِزْقٌ,و,رزق,,5,1.0,1
وَيُنَزِّلُ,و|ي,نزل,,5,1.0,1
حِجَارَةً,,حجار,ة,5,1.0,1
نِعْمَ,,نعم,,5,1.0,1
أَرَى,أ,ري,,5,1.0,1
وَكُلٌّ,و,كل,,5,1.0,1
اسْتَطَعْتُمْ,,استطع,تم,5,1.0,1
أَرْسَلَ,,أرسل,,5,1.0,1
نَارِ,,نار,,5,1.0,1
تَحْزَنْ,ت,حزن,,5,1.0,1
كَارِهُونَ,,كاره,ون,5,1.0,1
يَعْلَمُوا,ي,علم,وا,5,1.0,1
الْكُفَّارَ,ال,كفار,,5,1.0,1
رَسُولِ,,رسول,,5,1.0,1
أُنْزِلَتْ,,أنزل,ت,5,1.0,1
عَالِمِ,,عالم,(null),5,1.0,1
مَرَّتَيْنِ,,مر,ت|ين,5,1.0,1
الْكُفَّارِ,ال,كفار,,5,1.0,1
الر,,الر,,5,1.0,1
الضُّرُّ,ال,ضر,,5,1.0,1
لَيْلَاً,,ليل,ا,5,1.0,1
يَرْزُقُكُمْ,ي,رزق,كم,5,1.0,1
وَالْأَبْصَارَ,و|ال,أبصار,,5,1.0,1
حَقَّتْ,,حق,ت,5,1.0,1
الْخُلْدِ,ال,خلد,,5,1.0,1
أَذِنَ,,أذن,,5,1.0,1
وَجَعَلْنَاهُمْ,و,جعل,نا|هم,5,1.0,1
الْمُنْذَرِينَ,ال,منذر,ين,5,1.0,1
ائْتُونِي,,ا+ئت+و+ن+ي+None,,5,0.8,2
تُوبُوا,,توب,وا,5,1.0,1
يَسْتَجِيبُوا,ي,ستجيب,وا,5,1.0,1
مِرْيَةٍ,,مري,ة|(null),5,1.0,1
آلِهَتِنَا,,آله,ت|نا,5,1.0,1
حَفِيظٌ,,حفيظ,,5,1.0,1
عَادٌ,,عاد,,5,1.0,1
فِينَا,في,نا,,5,1.0,1
وَرَاءِ,,وراء,,5,1.0,1
أَصَابَ,,أصاب,(null),5,1.0,1
بِئْسَ,,بئس,,5,1.0,1
وَعِلْمَاً,و,علم,ا,5,1.0,1
فَضْلِ,,فضل,,5,1.0,1
لَدَيْنَا,,لدي,نا,5,1.0,1
أَمْرَهُمْ,,أمر,هم,5,1.0,1
هَادٍ,,هاد,,5,1.0,1
يُجَادِلُونَ,ي,جادل,و|ن,5,1.0,1
أَعْمَى,,أعمى,,5,1.0,1
فَنِعْمَ,ف,نعم,,5,1.0,1
الْقُلُوبُ,ال,قلوب,,5,1.0,1
مَآبٍ,,مآب,,5,1.0,1
وَلَعَذَابُ,و,ل+عذاب,,5,1.0,1
كَفَى,,كفى,,5,1.0,1
عِلْمُ,,علم,,5,1.0,1
صِرَاطِ,,صراط,,5,1.0,1
بِالْقَوْلِ,ب|ال,قول,,5,1.0,1
بِقَدَرٍ,ب,قدر,,5,1.0,1
مَعْلُومٍ,,معلوم,(null),5,1.0,1
لَنَحْنُ,,ل+نحن,,5,1.0,1
مُصْبِحِينَ,,مصبح,ين,5,1.0,1
فَكَانُوا,ف,كان,وا,5,0.8,2
يُنَزِّلُ,ي,نزل,,5,1.0,1
سَخَّرَ,,سخر,,5,1.0,1
إِلَهُكُمْ,,إله,كم,5,1.0,1
يَشَاءُونَ,ي,شاء,ون,5,0.8,2
سَيِّئَاتُ,,سيئ,ات,5,1.0,1
يَمُوتُ,ي,موت,,5,1.0,1
الذِّكْرِ,ال,ذكر,,5,0.8,2
يَشْتَهُونَ,ي,شته,ون,5,0.8,2
أُمَّهَاتِكُمْ,,أمه,ات|كم,5,1.0,1
بِرَبِّكَ,ب,رب,ك,5,1.0,1
لَمَبْعُوثُونَ,,ل+مبعوث,ون,5,1.0,1
اذْهَبْ,,ا+ذهب,,5,1.0,1
كِتَابَهُ,,كتاب,(null)|ه,5,1.0,1
الشَّمْسِ,ال,شمس,(null),5,1.0,1
الْبَاطِلُ,ال,باطل,(null),5,1.0,1
أَعْرَضَ,,أعرض,,5,1.0,1
وُجُوهِهِمْ,,وجوه,هم,5,1.0,1
رَشَدَاً,,رشد,ا,5,1.0,1
ذَهَبٍ,,ذهب,,5,1.0,1
الْأَرَائِكِ,ال,أرائك,,5,1.0,1
وَاتَّخَذُوا,و,اتخذ,وا,5,1.0,1
فَكَانَتْ,ف,كان,ت,5,0.6,2
ذِكْرِي,,ذكر,ي,5,1.0,1
حَيَّاً,,حي,ا,5,1.0,1
غَفْلَةٍ,,غفل,ة,5,1.0,1
حَدِيثُ,,حديث,,5,1.0,1
يَخَافُ,ي,خاف,,5,1.0,1
يُسَبِّحُونَ,ي,سبح,ون,5,1.0,1
مُشْفِقُونَ,,مشفق,ون,5,1.0,1
وَقَوْمِهِ,و,قوم,ه,5,1.0,1
الرِّيحَ,ال,ريح,,5,1.0,1
يُدْخِلُ,ي,دخل,,5,1.0,1
وَعِظَامَاً,و,عظام,ا,5,1.0,1
مِتْنَا,,مت,نا,5,1.0,1
وَرَبُّ,,و,رب,5,0.8,2
امْرِئٍ,,امرئ,,5,1.0,1
الْآخَرِينَ,ال,آخر,ين,5,1.0,1
جَانٌّ,,جان,,5,1.0,1
أَإِلَهٌ,أ,إله,,5,1.0,1
يُكَذِّبُ,ي,كذب,,5,1.0,1
مَثْوَىً,,مثوى,,5,1.0,1
مُحْضَرُونَ,,محضر,ون,5,1.0,1
تَنْزِيلُ,,تنزيل,,5,1.0,1
تَبْدِيلَاً,,تبديل,ا,5,1.0,1
صَيْحَةً,,صيح,ة,5,1.0,1
وَاحِدَةٌ,,واحد,ة|(null),5,1.0,1
بِيَوْمِ,ب,يوم,,5,1.0,1
ظَنَنْتُمْ,,ظنن,تم,5,1.0,1
وَالسَّمَاءِ,و|ال,سماء,,5,1.0,1
شَرِّ,,شر,,5,1.0,1
أَنْعَمْتَ,,أنعم,ت,4,1.0,1
تُفْسِدُوا,ت,فسد,وا,4,1.0,1
السُّفَهَاءُ,ال,سفهاء,,4,1.0,1
قَامُوا,,قام,وا,4,1.0,1
وَالسَّمَاءَ,و|ال,سماء,,4,1.0,1
وَادْعُوا,و,ا+دع,وا,4,1.0,1
أُعِدَّتْ,,أعد,ت,4,1.0,1
يَنْقُضُونَ,ي,نقض,ون,4,1.0,1
يُمِيتُكُمْ,ي,ميت,كم,4,1.0,1
كُلَّهَا,,كل,ها,4,1.0,1
يَاآدَمُ,يا,آدم,,4,1.0,1
اهْبِطُوا,,ا+هبط,وا,4,1.0,1
بِآيَاتِي,ب,آي,ات|ي,4,1.0,1
فَاتَّقُونِ,ف,اتق+ون+None+None+None,,4,1.0,1
بِالصَّبْرِ,ب|ال,صبر,,4,1.0,1
رَاجِعُونَ,,راجع,ون,4,1.0,1
أَبْنَاءَكُمْ,,أبناء,كم,4,1.0,1
بَلَاءٌ,,بلاء,,4,1.0,1
وَأَغْرَقْنَا,و,أغرق+نا+None,,4,0.5,2
تَنْظُرُونَ,ت,نظر,ون,4,0.5,3
أَرْبَعِينَ,,أربع,ين,4,1.0,1
بِغَضَبٍ,ب,غضب,,4,1.0,1
وَيَقْتُلُونَ,و|ي,قتل+ون+None+None,,4,1.0,1
مِيثَاقَكُمْ,,ميثاق,كم,4,1.0,1
السَّبْتِ,ال,سبت,,4,1.0,1
يَأْمُرُكُمْ,ي,أمر,كم,4,1.0,1
كَادُوا,,كاد,وا,4,1.0,1
الْمَاءُ,ال,ماء,,4,1.0,1
يُسِرُّونَ,ي,سر,ون,4,1.0,1
عَهْدَاً,,عهد,ا,4,1.0,1
وَبِالْوَالِدَيْنِ,و|ب|ال,والد,ين,4,1.0,1
دِيَارِكُمْ,,ديار,كم,4,1.0,1
تَقْتُلُونَ,ت,قتل,ون,4,0.75,2
بِبَعْضِ,ب,بعض,,4,1.0,1
الْبَيِّنَاتِ,ال,بين,ات,4,1.0,1
الْقُدُسِ,ال,قدس,(null),4,1.0,1
قُلُوبُنَا,,قلوب,(null)|نا,4,1.0,1
بِكُفْرِهِمْ,ب,كفر,هم,4,1.0,1
مُصَدِّقٌ,,مصدق,,4,1.0,1
فَلِمَ,ف,لم+None+None,,4,1.0,1
وَاسْمَعُوا,و,ا+سمع,وا,4,1.0,1
أَلْفَ,,ألف,,4,1.0,1
عَاهَدُوا,,عاهد,وا,4,1.0,1
تَتْلُو,ت,تلو,,4,1.0,1
الشَّيَاطِينُ,ال,شياطين,(null),4,1.0,1
السِّحْرَ,ال,سحر,,4,1.0,1
يَنْفَعُهُمْ,ي,نفع,هم,4,1.0,1
وَلَبِئْسَ,و,ل+بئس,,4,1.0,1
وَاتَّقَوْا,و,اتق,وا,4,1.0,1
تَعْلَمْ,ت,علم,,4,1.0,1
سَوَاءَ,,سواء,,4,1.0,1
إِيمَانِكُمْ,,إيمان,كم,4,1.0,1
تُقَدِّمُوا,,تقدم,وا,4,1.0,1
هَاتُوا,,هات,وا,4,1.0,1
بُرْهَانَكُمْ,,برهان,كم,4,1.0,1
مُحْسِنٌ,,محسن,,4,1.0,1
النَّصَارَى,ال,نصارى,,4,1.0,1
بَشِيرَاً,,بشير,ا,4,1.0,1
إِمَامَاً,,إمام,ا,4,1.0,1
ذُرِّيَّتِي,,ذر+ي,ت|ي,4,1.0,1
الْبَيْتَ,ال,بيت,(null),4,1.0,1
أَهْلَهُ,,أهل,(null)|ه,4,1.0,1
لِرَبِّ,ل,رب,,4,1.0,1
بَعْدِي,,بعد,ي,4,1.0,1
اهْتَدَوْا,,اهتد,وا,4,1.0,1
شِقَاقٍ,,شقاق,,4,1.0,1
عَابِدُونَ,,عابد,ون,4,1.0,1
أَعْمَالُكُمْ,,أعمال,كم,4,1.0,1
سَيَقُولُ,,س+ي+قول,,4,1.0,1
يَعْرِفُونَ,ي,عرف+ون+None+None,,4,0.5,2
أَبْنَاءَهُمْ,,أبناء,(null)|هم,4,1.0,1
الْمُمْتَرِينَ,ال,ممتر,ين,4,1.0,1
وَلِكُلٍّ,و|ل,كل,,4,1.0,1
تَشْعُرُونَ,ت,شعر,ون,4,1.0,1
وَمَاتُوا,و,مات,وا,4,1.0,1
كُفَّارٌ,,كفار,,4,1.0,1
وَالْمَلَائِكَةِ,و|ال,ملائك,ة,4,1.0,1
فَأَحْيَا,ف,أحيا,,4,1.0,1
حَلَالَاً,,حلال,ا,4,1.0,1
بِالسُّوءِ,ب|ال,سوء,,4,1.0,1
آبَاؤُهُمْ,,آباؤ,هم,4,1.0,1
أُهِلَّ,,أهل,(null),4,1.0,1
لِغَيْرِ,ل,غير,(null),4,1.0,1
اضْطُرَّ,,اضطر,,4,1.0,1
إِثْمَ,,إثم,,4,1.0,1
الْبِرَّ,ال,بر,,4,1.0,1
الْمَشْرِقِ,ال,مشرق,(null),4,1.0,1
وَالصَّابِرِينَ,و|ال,صابر,ين,4,1.0,1
وَالضَّرَّاءِ,و|ال,ضراء,,4,1.0,1
وَالْأُنْثَى,و|ال,أنثى,,4,1.0,1
اعْتَدَى,,اعتدى,,4,1.0,1
أَحَدَكُمُ,,أحد,كم,4,1.0,1
شَهِدَ,,شهد,(null),4,1.0,1
هَدَاكُمْ,,هدا,كم,4,1.0,1
نِسَائِكُمْ,,نسائ,كم,4,1.0,1
يُقَاتِلُونَكُمْ,ي,قاتل+ون+كم+None+None,,4,1.0,1
الْمُعْتَدِينَ,ال,معتد,ين,4,1.0,1
الْقَتْلِ,ال,قتل,(null),4,1.0,1
وَأَنْفِقُوا,و,أنفق,وا,4,1.0,1
أَمِنْتُمْ,,أمن,تم,4,1.0,1
الْحَجِّ,ال,حج,,4,1.0,1
فَصِيَامُ,ف,صيام,,4,1.0,1
فَرَضَ,,فرض,(null),4,1.0,1
خَيْرَ,,خير,(null),4,1.0,1
آتِنَا,,آت,نا,4,1.0,1
الْفَسَادَ,ال,فساد,,4,1.0,1
يَرْزُقُ,ي,رزق,,4,1.0,1
مُبَشِّرِينَ,,مبشر,ين,4,1.0,1
وَمُنْذِرِينَ,و,منذر,ين,4,1.0,1
لِيَحْكُمَ,ل|ي,حكم,,4,1.0,1
يَقُولَ,ي,قول,,4,1.0,1
أَنْفَقْتُمْ,,أنفق,تم,4,1.0,1
اسْتَطَاعُوا,,استطاع,وا,4,1.0,1
أَيْمَانِكُمْ,,أيمان,كم,4,1.0,1
أَشْهُرٍ,,أشهر,(null),4,1.0,1
يَحِلُّ,ي,حل,(null),4,1.0,1
أَرَادُوا,,أراد,وا,4,1.0,1
آتَيْتُمُوهُنَّ,,آتي+تم+و,هن,4,1.0,1
طَلَّقْتُمُ,,طلق,تم,4,1.0,1
أَجَلَهُنَّ,,أجل,هن,4,1.0,1
ظَلَمَ,,ظلم,,4,1.0,1
أَزْكَى,,أزكى,,4,1.0,1
لِلتَّقْوَى,ل|ال,تقوى,,4,1.0,1
كَثِيرَةً,,كثير,ة|(null),4,1.0,1
بَعَثَ,,بعث,(null),4,1.0,1
الْمُلْكَ,ال,ملك,,4,1.0,1
فَضَّلْنَا,,فضل,نا,4,1.0,1
أَنْفِقُوا,,أنفق,وا,4,1.0,1
وَسِعَ,,وسع,,4,1.0,1
فَأْتِ,ف,أت,,4,1.0,1
مَرَّ,,مر,(null),4,1.0,1
لَحْمَاً,,لحم,ا,4,1.0,1
وَمَغْفِرَةٌ,و,مغفر,ة,4,1.0,1
نَخِيلٍ,,نخيل,,4,1.0,1
نَارٌ,,نار,,4,1.0,1
الْحِكْمَةَ,ال,حكم,ة,4,1.0,1
تُبْدُوا,ت,بد,وا,4,1.0,1
وَجْهِ,,وجه,(null),4,1.0,1
تُظْلَمُونَ,ت,ظلم,ون,4,1.0,1
وَعَلَانِيَةً,و,علان+ي,ة,4,1.0,1
وَآتَوُا,و,آت,وا,4,1.0,1
وَذَرُوا,و,ذر,وا,4,0.75,2
ضَعِيفَاً,,ضعيف,ا,4,1.0,1
رَجُلَيْنِ,,رجل,ين,4,1.0,1
تِجَارَةً,,تجار,ة,4,1.0,1
وَيُعَذِّبُ,و|ي,عذب,,4,1.0,1
وَاغْفِرْ,و,ا+غفر,,4,1.0,1
انْتِقَامٍ,,انتقام,,4,1.0,1
يَخْفَى,ي,خفى,,4,1.0,1
لِيَوْمٍ,ل,يوم,(null),4,1.0,1
يُخْلِفُ,ي,خلف,,4,1.0,1
الْمِيعَادَ,ال,ميعاد,,4,1.0,1
تُغْنِيَ,ت,غني,,4,1.0,1
أَوْلَادُهُمْ,,أولاد,هم,4,1.0,1
وَالْأَنْعَامِ,و|ال,أنعام,,4,1.0,1
ذُنُوبَنَا,,ذنوب,نا,4,1.0,1
وَأُولُو,و,أول,و,4,1.0,1
قَائِمَاً,,قائم,ا,4,1.0,1
الْحَيَّ,ال,حي,(null),4,1.0,1
صُدُورِكُمْ,,صدور,كم,4,1.0,1
وَالرَّسُولَ,و|ال,رسول,,4,1.0,1
ذُرِّيَّةً,,ذر+ي,ة,4,1.0,1
امْرَأَتُ,,امرأ,ة,4,1.0,1
زَكَرِيَّا,,زكريا,,4,1.0,1
هَبْ,,هب,,4,1.0,1
غُلَامٌ,,غلام,,4,1.0,1
بِالْعَشِيِّ,ب|ال,عشي,,4,1.0,1
يَخْتَصِمُونَ,ي,ختصم,ون,4,1.0,1
الْمُقَرَّبِينَ,ال,مقرب,ين,4,1.0,1
جِئْتُكُمْ,,جئ,ت|كم,4,1.0,1
يَاعِيسَى,يا,عيسا,,4,1.0,1
أُجُورَهُمْ,,أجور,هم,4,1.0,1
خَلَقَهُ,,خلق,ه,4,1.0,1
هَاأَنْتُمْ,,ها+أنتم,,4,1.0,1
دِينَكُمْ,,دين,كم,4,1.0,1
يَشْتَرُونَ,ي,شتر,ون,4,1.0,1
بِعَهْدِ,ب,عهد,,4,1.0,1
يَنْظُرُ,ي,نظر,,4,1.0,1
بِالْكِتَابِ,ب|ال,كتاب,(null),4,1.0,1
لِبَشَرٍ,ل,بشر,,4,1.0,1
بِالْكُفْرِ,ب|ال,كفر,,4,1.0,1
أَفَغَيْرَ,أ|ف,غير,,4,1.0,1
يَبْغُونَ,ي,بغ,ون,4,1.0,1
طَوْعَاً,,طوع,ا,4,1.0,1
دِينَاً,,دين,ا,4,1.0,1
كُفْرَاً,,كفر,ا,4,1.0,1
مُبَارَكَاً,,مبارك,ا,4,1.0,1
وَيَأْمُرُونَ,و|ي,أمر+ون+None+None,,4,1.0,1
وَيَنْهَوْنَ,ي,نهي+ون+None+None+None+None,,4,1.0,1
يَسْجُدُونَ,ي,سجد,ون,4,0.5,2
أَفْوَاهِهِمْ,,أفواه,هم,4,1.0,1
صُدُورُهُمْ,,صدور,هم,4,1.0,1
كُلِّهِ,,كل,ه,4,1.0,1
تَقُولُ,ت,قول,,4,1.0,1
يَتُوبَ,ي,توب,,4,1.0,1
مَغْفِرَةٍ,,مغفر,ة,4,1.0,1
فَعَلُوا,,فعل,وا,4,1.0,1
فَاحِشَةً,,فاحش,ة,4,1.0,1
وَنِعْمَ,و,نعم,,4,1.0,1
ثَوَابَ,,ثواب,,4,1.0,1
الرُّعْبَ,ال,رعب,(null),4,1.0,1
يُنَزِّلْ,ي,نزل,,4,1.0,1
مَثْوَى,,مثوى,,4,1.0,1
وَعْدَهُ,,وعد,(null)|ه,4,1.0,1
أَرَاكُمْ,أ,را+كم+None,,4,0.75,2
يَدْعُوكُمْ,ي,دعو,كم,4,1.0,1
لِكَيْلَا,ل,كي,لا,4,1.0,1
أَصَابَكُمْ,,أصاب,كم,4,1.0,1
الْجَاهِلِيَّةِ,ال,جاهل+ي,ة,4,1.0,1
هَاهُنَا,,ها+هنا,,4,1.0,1
الْجَمْعَانِ,ال,جمع,ان,4,1.0,1
دَرَجَاتٌ,,درج,ات,4,1.0,1
مَنَّ,,من,,4,1.0,1
يُضِيعُ,ي,ضيع,,4,1.0,1
اسْتَجَابُوا,,استجاب,وا,4,0.75,2
يَجْعَلَ,ي,جعل,,4,1.0,1
قِيَامَاً,,قيام,ا,4,1.0,1
ثَوَابَاً,,ثواب,ا,4,1.0,1
مَأْوَاهُمْ,,مأوا,هم,4,1.0,1
لَمَنْ,ل,من,,4,1.0,1
تَعْدِلُوا,ت,عدل,وا,4,1.0,1
هَنِيئَاً,,هنيئ,ا,4,1.0,1
حَسِيبَاً,,حسيب,ا,4,1.0,1
اثْنَتَيْنِ,,اثن,ت|ين,4,1.0,1
وَصِيَّةٍ,,وصي,ة,4,1.0,1
دَيْنٍ,,دين,,4,0.75,2
يُدْخِلْهُ,ي,دخل,ه,4,1.0,1
الْفَاحِشَةَ,ال,فاحش,ة,4,1.0,1
عَنْهُمَا,عن,هما,,4,1.0,1
بِجَهَالَةٍ,ب,جهال,ة,4,1.0,1
بِفَاحِشَةٍ,ب,فاحش,ة,4,1.0,1
مَكَانَ,,مكان,,4,1.0,1
بُهْتَانَاً,,بهتان,ا,4,1.0,1
الْمُحْصَنَاتِ,ال,محصن,ات,4,1.0,1
كَرِيمَاً,,كريم,ا,4,1.0,1
فَضَّلَ,,فضل,,4,1.0,1
تَخَافُونَ,ت,خاف,ون,4,0.75,2
مُهِينَاً,,مهين,ا,4,1.0,1
يَكُنِ,ي,كن,,4,1.0,1
فَسَاءَ,ف,ساء,,4,1.0,1
وَأَنْفَقُوا,و,أنفق,وا,4,1.0,1
جِئْنَا,,جئ,نا,4,1.0,1
مَرْضَى,,مرضى,,4,1.0,1
صَعِيدَاً,,صعيد,ا,4,1.0,1
وَآتَيْنَاهُمْ,و,آتي,نا|هم,4,1.0,1
سَمِيعَاً,,سميع,ا,4,1.0,1
وَأَحْسَنُ,و,أحسن,,4,1.0,1
أَرَدْنَا,,أرد,نا,4,1.0,1
وَإِذَاً,و,إذا,,4,1.0,1
الْفَضْلُ,ال,فضل,(null),4,1.0,1
أَكُنْ,أ,كن,,4,1.0,1
أَيْدِيَكُمْ,,أيد,ي|كم,4,1.0,1
نَفْسِكَ,,نفس,ك,4,1.0,1
نَفْسَكَ,,نفس,ك,4,1.0,1
أَضَلَّ,,أضل,,4,1.0,1
قَوْمَهُمْ,,قوم,هم,4,1.0,1
السَّلَمَ,ال,سلم,(null),4,1.0,1
قَتَلَ,,قتل,,4,1.0,1
مُؤْمِنَةٍ,,مؤمن,ة|(null),4,1.0,1
لَسْتَ,,لس,ت,4,1.0,1
عَرَضَ,,عرض,,4,1.0,1
كَثِيرَةٌ,,كثير,ة|(null),4,1.0,1
الْقَاعِدِينَ,ال,قاعد,ين,4,1.0,1
وَسَاءَتْ,و,ساء,ت,4,1.0,1
يَرْضَى,ي,رضى,,4,1.0,1
خَلْقَ,,خلق,(null),4,1.0,1
وَاتَّخَذَ,و,اتخذ,,4,1.0,1
وَإِيَّاكُمْ,و,إيا,كم,4,1.0,1
تَكْفُرُوا,ت,كفر,وا,4,1.0,1
يُذْهِبْكُمْ,ي,ذهب,كم,4,1.0,1
الْهَوَى,ال,هوى,,4,1.0,1
الْعِزَّةَ,ال,عز,ة,4,1.0,1
يَخُوضُوا,ي,خوض,وا,4,1.0,1
نَكُنْ,ن,كن,,4,1.0,1
مِيثَاقَهُمْ,,ميثاق,هم,4,1.0,1
وَسُلَيْمَانَ,و,سليمان,,4,1.0,1
يَشْهَدُ,ي,شهد,,4,1.0,1
بِعِلْمِهِ,ب,علم,(null)|ه,4,1.0,1
يَشْهَدُونَ,ي,شهد,ون,4,1.0,1
جَاءَكُمُ,,جاء,كم,4,1.0,1
الْمُقَرَّبُونَ,ال,مقرب,ون,4,1.0,1
وَاسْتَكْبَرُوا,و,استكبر,وا,4,1.0,1
هَلَكَ,,هلك,,4,1.0,1
أَوْفُوا,,أ+وف,وا,4,0.5,2
حِلٌّ,,حل,(null),4,1.0,1
وَأَرْجُلَكُمْ,و,أرجل,كم,4,1.0,1
نِعْمَتَهُ,,نعم,ت|ه,4,1.0,1
عَشَرَ,,عشر,,4,1.0,1
نَبَأَ,,نبأ,,4,1.0,1
أَخِي,,أخ,ي,4,1.0,1
خِلَافٍ,,خلاف,,4,1.0,1
وَجَاهِدُوا,و,جاهد,وا,4,1.0,1
سَمَّاعُونَ,,سماع,ون,4,1.0,1
يَأْتُوكَ,ي,أت,و|ك,4,1.0,1
لِيَبْلُوَكُمْ,ل|ي,بلو,كم,4,1.0,1
بَعْضِ,,بعض,(null),4,1.0,1
عِنْدِهِ,,عند,ح,4,1.0,1
نَادِمِينَ,,نادم,ين,4,1.0,1
أَهَؤُلَاءِ,أ,هؤلاء,,4,1.0,1
يُقِيمُونَ,ي,قيم,ون,4,1.0,1
يَتَوَلَّ,ي,تول,,4,1.0,1
طُغْيَانَاً,,طغيان,ا,4,1.0,1
وَكُفْرَاً,و,كفر,ا,4,1.0,1
وَأَلْقَيْنَا,و,ألقى,نا,4,1.0,1
رِجْسٌ,,رجس,,4,1.0,1
وَآمَنُوا,و,آمن,وا,4,1.0,1
عَدْلٍ,,عدل,,4,1.0,1
وَبَالَ,,وبال,,4,1.0,1
وَأَكْثَرُهُمْ,و,أكثر,هم,4,0.75,2
قُرْبَى,,قربى,,4,1.0,1
عَلَّامُ,,علام,,4,1.0,1
الْغُيُوبِ,ال,غيوب,,4,1.0,1
بِإِذْنِي,ب,إذن,ي,4,1.0,1
نُرِيدُ,ن,ريد,,4,1.0,1
قُلْتَ,,قل,ت,4,1.0,1
تَكْسِبُونَ,ت,كسب,ون,4,1.0,1
أَغَيْرَ,أ,غير,,4,1.0,1
بِضُرٍّ,ب,ضر,,4,1.0,1
أَئِنَّكُمْ,أ,ئن,كم,4,1.0,1
بِآيَاتِهِ,ب,آي,ات|ه,4,1.0,1
تَزْعُمُونَ,ت,زعم,ون,4,1.0,1
مُشْرِكِينَ,,مشرك,ين,4,1.0,1
كَذَبُوا,,كذب,وا,4,1.0,1
وَقْرَاً,,وقر,ا,4,1.0,1
فَأَخَذْنَاهُمْ,ف,أخذ,نا|هم,4,1.0,1
فَتَحْنَا,,فتح,نا,4,1.0,1
نُصَرِّفُ,ن,صرف,,4,1.0,1
وَالْبَصِيرُ,و|ال,بصير,,4,1.0,1
وَلِيٌّ,,ولي,,4,1.0,1
بَيْنِنَا,,بين,نا,4,1.0,1
ظُلُمَاتِ,,ظلم,ات,4,1.0,1
يَتَوَفَّاكُمْ,ي,توفا+كم+None,,4,1.0,1
أَجَلٌ,,أجل,(null),4,1.0,1
يَبْعَثَ,ي,بعث,,4,1.0,1
شِيَعَاً,,شيع,ا,4,1.0,1
وَكَذَّبَ,و,كذب,,4,1.0,1
شَرَابٌ,,شراب,,4,1.0,1
ائْتِنَا,,ائت,نا,4,1.0,1
وَاتَّقُوهُ,و,اتق,و|ه,4,1.0,1
يُنْفَخُ,ي,نفخ,,4,1.0,1
اللَّيْلُ,ال,ليل,,4,1.0,1
قَوْمُهُ,,قوم,ه,4,1.0,1
بِظُلْمٍ,ب,ظلم,,4,1.0,1
مُبَارَكٌ,,مبارك,,4,1.0,1
تُؤْفَكُونَ,ت,ؤفك,ون,4,1.0,1
الْعَلِيمِ,ال,عليم,,4,1.0,1
حَبَّاً,,حب,ا,4,1.0,1
وَجَنَّاتٍ,و,جن,ات,4,1.0,1
خَالِقُ,,خالق,,4,1.0,1
فَلِنَفْسِهِ,ف|ل,نفس,ه,4,1.0,1
زَيَّنَّا,,زين,نا,4,1.0,1
مَرْجِعُهُمْ,,مرجع,هم,4,1.0,1
وَأَقْسَمُوا,و,أقسم,وا,4,1.0,1
أَنَّهَا,,أن,ها,4,1.0,1
لِيُؤْمِنُوا,ل|ي,ؤمن,وا,4,1.0,1
الْإِنْسِ,ال,إنس,(null),4,1.0,1
يُوحِي,ي,وحي,,4,1.0,1
تُطِعْ,ت,طع,,4,1.0,1
بِالْمُهْتَدِينَ,ب|ال,مهتد,ين,4,1.0,1
رُسُلُ,,رسل,,4,1.0,1
يَجْعَلُ,ي,جعل,,4,1.0,1
الرِّجْسَ,ال,لرجس,,4,1.0,1
دَارُ,,دار,,4,1.0,1
يَوْمِكُمْ,,يوم,كم,4,1.0,1
شَهِدْنَا,,شهد,نا,4,1.0,1
مَكَانَتِكُمْ,,مكان,ت|كم,4,1.0,1
يَحْكُمُونَ,ي,حكم,ون,4,1.0,1
بُطُونِ,,بطون,,4,1.0,1
مُخْتَلِفَاً,,مختلف,ا,4,1.0,1
لَصَادِقُونَ,,ل+صادق,ون,4,1.0,1
بَأْسَنَا,,بأس,نا,4,1.0,1
ظَهَرَ,,ظهر,(null),4,1.0,1
آمَنَتْ,,آمن,ت,4,1.0,1
خَلَائِفَ,,خلائف,,4,1.0,1
أَهْلَكْنَاهَا,,أهلك,نا|ها,4,1.0,1
دَعْوَاهُمْ,,دعوا,هم,4,1.0,1
أُرْسِلَ,,أرسل,,4,1.0,1
ثَقُلَتْ,,ثقل,ت,4,1.0,1
فَاخْرُجْ,,ف+ا+خرج,,4,1.0,1
لَأَمْلَأَنَّ,,ل+أ+ملأ+ن+None,,4,0.75,2
الشَّجَرَةِ,ال,شجر,ة,4,1.0,1
وَلِكُلِّ,و|ل,كل,,4,1.0,1
نَعَمْ,,نعم,,4,1.0,1
خَوْفَاً,,خوف,ا,4,1.0,1
وَطَمَعَاً,و,طمع,ا,4,1.0,1
سَحَابَاً,,سحاب,ا,4,1.0,1
وَلَكِنِّي,و,لكن+ي+None,,4,1.0,1
الْخَلْقِ,ال,خلق,(null),4,1.0,1
تَعِدُنَا,ت,عد,نا,4,1.0,1
وَآبَاؤُكُمْ,و,آباؤ,كم,4,1.0,1
جَاءَتْكُمْ,,جاء,ت|كم,4,1.0,1
بِسُوءٍ,ب,سوء,,4,1.0,1
الرَّجْفَةُ,ال,رجف,ة,4,1.0,1
دَارِهِمْ,,دار,هم,4,1.0,1
فَتَوَلَّى,ف,تولى,,4,1.0,1
لَتَأْتُونَ,,ل+ت+أت+ون+None+None,,4,1.0,1
جَوَابَ,,جواب,,4,1.0,1
امْرَأَتَهُ,,امرأ,ت|ه,4,1.0,1
تَوَكَّلْنَا,,توكل,نا,4,1.0,1
يَأْتِيَهُمْ,ي,أتي,هم,4,1.0,1
فَأَرْسِلْ,ف,أرسل,,4,1.0,1
الْغَالِبِينَ,ال,غالب,ين,4,1.0,1
أَلْقُوا,,ألق,وا,4,1.0,1
عِنْدَكَ,,عند,ك,4,1.0,1
كَشَفْنَا,,كشف,نا,4,1.0,1
فَانْتَقَمْنَا,ف,انتقم,نا,4,0.75,2
غَافِلِينَ,,غافل,ين,4,1.0,1
آلِهَةٌ,,آله,ة,4,1.0,1
تَجْهَلُونَ,ت,جهل,ون,4,0.5,2
وَأْمُرْ,و,أمر,,4,1.0,1
قَوْمَكَ,,قوم,ك,4,1.0,1
جَسَدَاً,,جسد,ا,4,1.0,1
أَمْرَ,,أمر,(null),4,1.0,1
أَرْحَمُ,,أرحم,,4,1.0,1
غَضَبٌ,,غضب,,4,1.0,1
بَعْدِهَا,,بعد,ها,4,1.0,1
لِرَبِّهِمْ,ل,رب,هم,4,0.75,2
عِنْدَهُمْ,,عند,هم,4,1.0,1
يَهْدُونَ,ي,هد,ون,4,1.0,1
الْمُبْطِلُونَ,ال,مبطل,ون,4,1.0,1
الْأَسْمَاءُ,ال,أسماء,(null),4,1.0,1
عِلْمُهَا,,علم,(null)|ها,4,1.0,1
لِنَفْسِي,ل,نفس+ي+None+None,,4,0.5,2
مَسَّنِيَ,,مس+ن,ي,4,1.0,1
إِلَيْهَا,إلي,ها,,4,1.0,1
فَتَعَالَى,ف,تعالى,,4,1.0,1
تَدْعُوهُمْ,ت,دع,و|هم,4,1.0,1
فَاسْتَعِذْ,ف,استعذ,,4,1.0,1
آيَاتُهُ,,آي,ات|ه,4,1.0,1
إِحْدَى,,إحدى,,4,1.0,1
الْبَاطِلَ,ال,باطل,(null),4,1.0,1
أَمْوَالُكُمْ,,أموال,كم,4,1.0,1
وَيَصُدُّونَ,و|ي,صد+ون+None+None,,4,1.0,1
قَوِيٌّ,,قوي,,4,1.0,1
نِعْمَةً,,نعم,ة,4,1.0,1
اتَّبَعَكَ,,اتبع,ك,4,1.0,1
يَغْلِبُوا,ي,غلب,وا,4,1.0,1
سَبَقَ,,سبق,(null),4,1.0,1
وَهَاجَرُوا,و,هاجر,وا,4,0.75,2
عَاهَدْتُمْ,,عاهد,تم,4,1.0,1
لِلْمُشْرِكِينَ,ل|ال,مشرك,ين,4,1.0,1
اسْتَقَامُوا,,استقام,وا,4,1.0,1
أَيْمَانَهُمْ,,أيمان,هم,4,1.0,1
الْفَائِزُونَ,ال,فائز,ون,4,1.0,1
فَتَرَبَّصُوا,ف,تربص,وا,4,0.75,2
قَوْلُهُمْ,,قول,(null)|هم,4,1.0,1
رَسُولَهُ,,رسول,ه,4,1.0,1
بِنَا,ب,نا,,4,1.0,1
يَأْتُونَ,ي,أت,ون,4,1.0,1
رَضُوا,,رض,وا,4,1.0,1
يُؤْذُونَ,ي,ؤذ,ون,4,0.75,2
نَبَأُ,,نبأ,,4,1.0,1
وَالْمُنَافِقِينَ,و|ال,منافق,ين,4,1.0,1
وَمَأْوَاهُمْ,و,مأوا,هم,4,0.75,2
وَآخَرُونَ,و,آخر,ون,4,1.0,1
وَقُلِ,و,قل,,4,1.0,1
يُحِبُّونَ,ي,حب,ون,4,1.0,1
وَالْقُرْآنِ,و|ال,قرآن,,4,1.0,1
أَيُّكُمْ,,أي,كم,4,1.0,1
عَجَبَاً,,عجب,ا,4,1.0,1
يُدَبِّرُ,ي,دبر,,4,1.0,1
لِقَاءَنَا,,لقاء,نا,4,1.0,1
وَيَعْبُدُونَ,و|ي,عبد+ون+None+None,,4,1.0,1
أَذَقْنَا,,أذق,نا,4,1.0,1
مَكْرَاً,,مكر,ا,4,1.0,1
يَأْكُلُ,ي,أكل,,4,1.0,1
بِالْأَمْسِ,ب|ال,أمس,,4,1.0,1
ذِلَّةٌ,,ذل,ة,4,1.0,1
فَسَيَقُولُونَ,ف,س+ي+قول+ون+None+None,,4,1.0,1
رَبُّكُمُ,,رب,كم,4,1.0,1
تَحْكُمُونَ,ت,حكم,ون,4,1.0,1
الصُّمَّ,ال,صم,,4,1.0,1
نُرِيَنَّكَ,ن,ري+ن,ك,4,1.0,1
نَعِدُهُمْ,ن,عد,هم,4,1.0,1
وَأَسَرُّوا,و,أسر,وا,4,0.75,2
رَأَوُا,,رأ,وا,4,1.0,1
لِتَسْكُنُوا,ل|ت,سكن,وا,4,1.0,1
فَعَلَيْهِ,ف|علي,ه,,4,0.75,2
وَأَخِيهِ,و,أخي,ه,4,1.0,1
الْأَلِيمَ,ال,أليم,,4,1.0,1
يَقْضِي,ي,قضي,,4,1.0,1
تَدْعُ,ت,دع,,4,1.0,1
وَاتَّبِعْ,و,اتبع,,4,1.0,1
حَكِيمٍ,,حكيم,(null),4,1.0,1
صَنَعُوا,,صنع,وا,4,1.0,1
الْأَحْزَابِ,ال,أحزاب,(null),4,1.0,1
جَرَمَ,,جرم,,4,1.0,1
نَرَاكَ,ن,را+ك+None,,4,1.0,1
يَانُوحُ,يا,نوح,,4,1.0,1
بِأَعْيُنِنَا,ب,أعين,نا,4,0.75,2
يَأْتِيهِ,ي,أتي,ه,4,1.0,1
زَوْجَيْنِ,,زوج,ين,4,1.0,1
رَحِمَ,,رحم,,4,1.0,1
بُعْدَاً,,بعد,ا,4,1.0,1
تَتَوَلَّوْا,ت,تول,وا,4,1.0,1
نَجَّيْنَا,,نجي,نا,4,1.0,1
يَاإِبْرَاهِيمُ,يا,إبراهيم,,4,1.0,1
لُوطَاً,,لوط,ا,4,1.0,1
بِعَزِيزٍ,ب,عزيز,,4,1.0,1
لِأَجَلٍ,ل,أجل,,4,1.0,1
كَلِمَةُ,,كلم,ة,4,1.0,1
الْجِنَّةِ,ال,جن,ة,4,1.0,1
أَبِيكُمْ,,أبي,كم,4,1.0,1
غَدَاً,,غد,ا,4,1.0,1
تَصِفُونَ,ت,صف,ون,4,0.75,2
تَأْكُلُ,ت,أكل,,4,1.0,1
السِّجْنِ,ال,سجن,(null),4,1.0,1
الْوَاحِدُ,ال,واحد,(null),4,1.0,1
الْقَهَّارُ,ال,قهار,,4,1.0,1
أَخَاهُ,,أخا,ه,4,1.0,1
أَبِي,,أب,ي,4,1.0,1
يَتَّقِ,ي,تق,,4,1.0,1
لَطِيفٌ,,لطيف,,4,1.0,1
تَسْأَلُهُمْ,ت,سأل,هم,4,1.0,1
تَأْتِيَهُمْ,ت,أتي,هم,4,1.0,1
نُوحِي,ن,وحي,,4,1.0,1
يَجْرِي,ي,جري,,4,1.0,1
بِمَاءٍ,ب,ماء,,4,1.0,1
مُنْذِرٌ,,منذر,,4,1.0,1
تَحْمِلُ,ت,حمل,,4,1.0,1
وَكُلُّ,و,كل,,4,1.0,1
خَلْفِهِ,,خلف,(null)|ه,4,1.0,1
بِحَمْدِهِ,ب,حمد,ه,4,0.75,2
خَلَقُوا,,خلق,وا,4,1.0,1
عُقْبَى,,عقبى,,4,1.0,1
الْحَمِيدِ,ال,حميد,,4,1.0,1
صَبَّارٍ,,صبار,,4,1.0,1
شَكُورٍ,,شكور,,4,1.0,1
أُرْسِلْتُمْ,,أرسل,تم,4,1.0,1
مِثْلُنَا,,مثل,نا,4,1.0,1
مَحِيصٍ,,محيص,,4,1.0,1
لِيَ,ل,ي,,4,1.0,1
قَرَارٍ,,قرار,,4,1.0,1
يَصْلَوْنَهَا,ي,صل+ون+ها+None+None,,4,1.0,1
وَلِلْمُؤْمِنِينَ,و|ل|ال,مؤمن,ين,4,1.0,1
مَعْلُومٌ,,معلوم,(null),4,1.0,1
شَيْطَانٍ,,شيطان,,4,1.0,1
صَلْصَالٍ,,صلصال,,4,1.0,1
خَلَقْنَاهُ,,خلق,نا|ه,4,1.0,1
سُلْطَانٌ,,سلطان,,4,1.0,1
سُرُرٍ,,سرر,,4,1.0,1
مُتَقَابِلِينَ,,متقابل,ين,4,1.0,1
بِغُلَامٍ,ب,غلام,,4,1.0,1
الْأَيْكَةِ,ال,أيك,ة,4,1.0,1
أَلْوَانُهُ,,ألوان,ه,4,1.0,1
وَلِتَبْتَغُوا,و|ل|ت,بتغ,وا,4,1.0,1
شُرَكَائِيَ,,شركائ,ي,4,1.0,1
أَيْمَانُهُمْ,,أيمان,هم,4,1.0,1
أَزْوَاجِكُمْ,,أزواج,كم,4,1.0,1
وَضَرَبَ,و,ضرب,,4,1.0,1
وَالْأَفْئِدَةَ,و|ال,أفئد,ة,4,1.0,1
الْبَصِيرُ,ال,بصير,,4,1.0,1
لِتَبْتَغُوا,,ل+ت+بتغ,وا,4,1.0,1
وَكُلَّ,و,كل,,4,1.0,1
فَحَقَّ,ف,حق,,4,1.0,1
تَجْعَلْ,ت,جعل,,4,1.0,1
الشَّيَاطِينِ,ال,شياطين,(null),4,1.0,1
كَفُورَاً,,كفور,ا,4,1.0,1
مَسْئُولَاً,,مسئول,ا,4,1.0,1
نُفُورَاً,,نفور,ا,4,1.0,1
وَلَّوْا,,ول,وا,4,1.0,1
عِظَامَاً,,عظام,ا,4,1.0,1
أَحَاطَ,,أحاط,,4,1.0,1
يُرْسِلَ,ي,رسل,,4,1.0,1
حَاصِبَاً,,حاصب,ا,4,1.0,1
بِيَمِينِهِ,ب,يمين,ه,4,1.0,1
سُنَّةَ,,سن,ة,4,1.0,1
قَبْلَكَ,,قبل,ك,4,1.0,1
يَزِيدُ,ي,زيد,,4,1.0,1
الْإِنْسَانِ,ال,إنسان,(null),4,1.0,1
الشَّرُّ,ال,شر,,4,1.0,1
ظَهِيرَاً,,ظهير,ا,4,1.0,1
مَثَلٍ,,مثل,,4,1.0,1
كِسَفَاً,,كسف,ا,4,1.0,1
نَزَلَ,,نزل,,4,1.0,1
تَنْزِيلَاً,,تنزيل,ا,4,1.0,1
عَبْدِهِ,,عبد,ه,4,1.0,1
لِيُنْذِرَ,ل|ي,نذر,,4,1.0,1
تَخْرُجُ,ت,خرج,,4,1.0,1
الْكَهْفِ,ال,كهف,,4,1.0,1
لَبِثُوا,,لبث,وا,4,1.0,1
أَمْرِهِمْ,,أمر,هم,4,1.0,1
سَيَقُولُونَ,,س+ي+قول+ون+None+None,,4,1.0,1
أَسَاوِرَ,,أساور,,4,1.0,1
بِرَبِّي,ب,رب,ي,4,0.75,2
تَسْتَطِيعَ,ت,ستطيع,,4,1.0,1
مَوْعِدَاً,,موعد,ا,4,1.0,1
أَهْلَكْنَاهُمْ,,أهلك,نا|هم,4,1.0,1
الْبَحْرَيْنِ,ال,بحرين,,4,1.0,1
سَبَبَاً,,سبب,ا,4,1.0,1
وَنُفِخَ,و,نفخ,,4,1.0,1
يَحْسَبُونَ,ي,حسب,ون,4,1.0,1
يَرْجُو,ي,رجو,,4,1.0,1
يَحْيَى,,يحيى,,4,0.75,2
وَعَشِيَّاً,و,عشي,ا,4,1.0,1
بِوَالِدَيْهِ,ب,والد,ي|ه,4,1.0,1
وَجَعَلَنِي,و,جعل+ن,ي,4,1.0,1
الْأَحْزَابُ,ال,أحزاب,(null),4,1.0,1
رَحْمَتِنَا,,رحم,ت|نا,4,1.0,1
الطُّورِ,ال,طور,,4,1.0,1
وَآمَنَ,و,آمن,,4,1.0,1
أَفَرَأَيْتَ,أ|ف,رأي+ت+None,,4,1.0,1
تَحْتَ,,تحت,,4,1.0,1
آتِيكُمْ,آ,تي,كم,4,0.75,2
نُودِيَ,,نودي,,4,1.0,1
بَيْضَاءَ,,بيضاء,(null),4,1.0,1
كَيْ,,كي,,4,1.0,1
سُبُلَاً,,سبل,ا,4,1.0,1
النَّجْوَى,ال,نجوى,,4,1.0,1
أَفْلَحَ,,أفلح,,4,1.0,1
تَزَكَّى,,تزكى,,4,1.0,1
رَأَيْتَهُمْ,,رأي,ت|هم,4,1.0,1
خُلِقَ,,خلق,(null),4,1.0,1
لِيَوْمِ,ل,يوم,(null),4,1.0,1
يَنْطِقُونَ,ي,نطق,ون,4,0.75,2
وَنَجَّيْنَاهُ,و,نجي,نا|ه,4,0.5,2
أَئِمَّةً,,أئم,ة,4,1.0,1
فَاسْتَجَبْنَا,ف,استجب,نا,4,1.0,1
أَدْرِي,أ,دري,,4,1.0,1
الْقُبُورِ,ال,قبور,,4,1.0,1
وَالْقَمَرُ,و|ال,قمر,,4,1.0,1
مَنَافِعُ,,منافع,,4,1.0,1
وَعَادٌ,و,عاد,,4,1.0,1
وَقَوْمُ,و,قوم,,4,1.0,1
نَكِيرِ,,نكير,,4,1.0,1
يُولِجُ,ي,ولج,,4,1.0,1
وَيُولِجُ,و|ي,ولج,,4,1.0,1
مَلَائِكَةً,,ملائك,ة,4,1.0,1
إِفْكٌ,,إفك,,4,1.0,1
إِخْوَانِهِنَّ,,إخوان,هن,4,1.0,1
نَذِيرَاً,,نذير,ا,4,1.0,1
وَأَصِيلَاً,و,أصيل,ا,4,1.0,1
وَيَجْعَلْ,و|ي,جعل,,4,1.0,1
ثُبُورَاً,,ثبور,ا,4,1.0,1
تُطِعِ,ت,طع,,4,1.0,1
أَغْرَقْنَا,,أغرق,نا,4,1.0,1
أَفَرَأَيْتُمْ,أ|ف,رأي+تم+None,,4,0.75,2
أَخُوهُمْ,,أخو,هم,4,1.0,1
فَتْحَاً,,فتح,ا,4,1.0,1
لَدَيَّ,,لد,ي,4,1.0,1
رَآهُ,,رآ,ه,4,1.0,1
فَأَنْبَتْنَا,ف,أنبت,نا,4,1.0,1
وَهَامَانَ,و,هامان,,4,1.0,1
يُنَادِيهِمْ,ي,نادي,هم,4,1.0,1
وَإِبْرَاهِيمَ,و,إبراهيم,,4,1.0,1
رِيحَاً,,ريح,ا,4,1.0,1
فَيَوْمَئِذٍ,ف,يوم+ئذ,,4,1.0,1
تَدْرِي,ت,دري,,4,1.0,1
الْمَأْوَى,ال,مأوى,,4,1.0,1
جَمِيلَاً,,جميل,ا,4,1.0,1
مِنْكُنَّ,من,كن,,4,1.0,1
وَبَنَاتِ,و,بن,ات,4,1.0,1
أَعْمَالَكُمْ,,أعمال,كم,4,1.0,1
وَالْمُشْرِكِينَ,و|ال,مشرك,ين,4,1.0,1
شَكُورٌ,,شكور,,4,1.0,1
الشَّمْسُ,ال,شمس,(null),4,1.0,1
فَاكِهَةٌ,,فاكه,ة,4,1.0,1
جُنْدٌ,,جند,,4,1.0,1
لَيَقُولُونَ,,ل+ي+قول+ون+None+None,,4,1.0,1
سَاحِرٌ,,ساحر,,4,1.0,1
كَذَّابٌ,,كذاب,,4,1.0,1
أَوَّابٌ,,أواب,,4,1.0,1
حَمِيمٌ,,حميم,,4,1.0,1
وَبَدَا,و,بدا,(null),4,1.0,1
الْحَمِيمِ,ال,حميم,,4,1.0,1
تَنْزِيلٌ,,تنزيل,,4,1.0,1
مَمْنُونٍ,,ممنون,,4,1.0,1
فِضَّةٍ,,فض,ة,4,1.0,1
مَجْنُونٌ,,مجنون,(null),4,1.0,1
فَذَكِّرْ,ف,ذكر,,4,1.0,1
يَسَّرْنَا,ي,سر,نا,4,1.0,1
لِلذِّكْرِ,ل|ال,ذكر,,4,1.0,1
بِاسْمِ,ب,اسم,,4,1.0,1
نَعِيمٍ,,نعيم,,4,1.0,1
الْيَقِينِ,ال,يقين,(null),4,1.0,1
حِسَابَاً,,حساب,ا,4,1.0,1
أَدْبَرَ,,أدبر,,4,1.0,1
تَذْكِرَةٌ,,تذكر,ة,4,1.0,1
أَيَحْسَبُ,أ|ي,حسب,,4,1.0,1
وَتَوَاصَوْا,و,تواص,وا,4,1.0,1
بِسْمِ,ب,Iسم,,3,0.667,2
نَعْبُدُ,ن,عبد,,3,1.0,1
الصِّرَاطَ,ال,صراط,,3,1.0,1
الْمُسْتَقِيمَ,ال,مستقيم,(null),3,1.0,1
أَنُؤْمِنُ,أ|ن,ؤمن,,3,1.0,1
الضَّلَالَةَ,ال,ضلال,ة,3,1.0,1
مُهْتَدِينَ,,مهتد,ين,3,1.0,1
صُمٌّ,,صم,,3,1.0,1
بِالْكَافِرِينَ,ب|ال,كافر,ين,3,1.0,1
فَأَخْرَجَ,ف,أخرج,,3,1.0,1
مُتَشَابِهَاً,,متشابه,ا,3,1.0,1
أَزْوَاجٌ,,أزواج,(null),3,1.0,1
مُطَهَّرَةٌ,,مطهر,ة,3,1.0,1
يُوصَلَ,ي,وصل,,3,1.0,1
عِلْمَ,,علم,,3,1.0,1
وَأَعْلَمُ,و|أ,علم,,3,1.0,1
تُبْدُونَ,ت,بد,ون,3,1.0,1
أَبَى,,أبى,,3,1.0,1
وَاسْتَكْبَرَ,و,استكبر,,3,1.0,1
رَغَدَاً,,رغد,ا,3,1.0,1
الشَّجَرَةَ,ال,شجر,ة,3,1.0,1
مُسْتَقَرٌّ,,مستقر,,3,1.0,1
وَمَتَاعٌ,و,متاع,,3,1.0,1
يَأْتِيَنَّكُمْ,ي,أتي+ن,كم,3,1.0,1
نِعْمَتِيَ,,نعم,ت|ي,3,1.0,1
أَنْعَمْتُ,,أنعم,ت,3,1.0,1
وَإِيَّايَ,و,إياي,,3,1.0,1
وَآمِنُوا,و,آمن+وا+None,,3,0.667,2
تَشْتَرُوا,ت,شتر,وا,3,1.0,1
وَالصَّلَاةِ,و|ال,صلا,ة,3,1.0,1
مُلَاقُو,,ملاق,و,3,1.0,1
شَفَاعَةٌ,,شفاع,ة,3,1.0,1
يَسُومُونَكُمْ,ي,سوم+ون+كم+None+None,,3,1.0,1
وَيَسْتَحْيُونَ,و|ي,ستحي+ون+None+None,,3,1.0,1
نِسَاءَكُمْ,,نساء,كم,3,1.0,1
لَيْلَةً,,ليل,ة|(null),3,1.0,1
جَهْرَةً,,جهر,ة,3,1.0,1
الصَّاعِقَةُ,ال,صاعق,ة,3,1.0,1
الْمَنَّ,ال,من,,3,1.0,1
وَالسَّلْوَى,و|ال,سلوى,,3,1.0,1
الْقَرْيَةَ,ال,قري,ة|(null),3,1.0,1
وَادْخُلُوا,و,ا+دخل,وا,3,1.0,1
فَأَنْزَلْنَا,ف,أنزل,نا,3,1.0,1
رِجْزَاً,,رجز,ا,3,1.0,1
وَإِذِ,و,إذ,,3,1.0,1
اضْرِبْ,,ا+ضرب,,3,1.0,1
بِعَصَاكَ,ب,عصا,ك,3,1.0,1
عَشْرَةَ,,عشر,ة,3,1.0,1
أُنَاسٍ,,أناس,,3,1.0,1
عَصَوْا,,عص,وا,3,1.0,1
يَعْتَدُونَ,ي,عتد,ون,3,1.0,1
الطُّورَ,ال,طور,,3,1.0,1
آتَيْنَاكُمْ,,آتي,نا|كم,3,1.0,1
وَمَوْعِظَةً,و,موعظ,ة,3,1.0,1
يُبَيِّنْ,ي,بين,,3,1.0,1
بَقَرَةٌ,,بقر,ة,3,1.0,1
مُسَلَّمَةٌ,,مسلم,ة,3,1.0,1
خَشْيَةِ,,خشي,ة,3,1.0,1
كَلَامَ,,كلام,,3,1.0,1
أَوَلَا,أ,و+لا,,3,1.0,1
بِأَيْدِيهِمْ,ب,أيدي,هم,3,1.0,1
وَوَيْلٌ,و,ويل,,3,1.0,1
أَيَّامَاً,,أيام,ا,3,1.0,1
كَسَبَ,,كسب,,3,1.0,1
سَيِّئَةً,,سيئ,ة|(null),3,1.0,1
وَقَفَّيْنَا,و,قفي,نا,3,1.0,1
بِرُوحِ,ب,روح,(null),3,1.0,1
تَهْوَى,ت,هوى,,3,1.0,1
وَفَرِيقَاً,و,فريق,ا,3,1.0,1
بِئْسَمَا,,بئس+ما,,3,1.0,1
يَكْفُرُوا,ي,كفر,وا,3,1.0,1
يُنَزِّلَ,ي,نزل,,3,1.0,1
نُؤْمِنُ,ن,ؤمن,,3,1.0,1
خَالِصَةً,,خالص,ة|(null),3,1.0,1
أَحَدُهُمْ,,أحد,هم,3,1.0,1
قَلْبِكَ,,قلب,ك,3,1.0,1
وَمَلَائِكَتِهِ,و,ملائك,ت|ه,3,1.0,1
يَكْفُرُ,ي,كفر,,3,1.0,1
سُلَيْمَانُ,,سليمان,,3,1.0,1
يَضُرُّهُمْ,ي,ضر,هم,3,1.0,1
تَسْأَلُوا,ت,سأل,وا,3,1.0,1
كَثِيرٌ,,كثير,,3,1.0,1
مَنَعَ,,منع,,3,1.0,1
مَسَاجِدَ,,مساجد,,3,1.0,1
تُوَلُّوا,ت,ول,وا,3,1.0,1
وَجْهُ,,وجه,(null),3,1.0,1
تَأْتِينَا,ت,أتي,نا,3,1.0,1
بَيَّنَّا,,بين,نا,3,1.0,1
وَلَئِنِ,و,ل+ئن,,3,1.0,1
اتَّبَعْتَ,,اتبع,ت,3,1.0,1
بَيْتِيَ,,بيت,ي,3,1.0,1
آيَاتِكَ,,آي,ات|ك,3,1.0,1
وَيُعَلِّمُهُمُ,و|ي,علم,هم,3,1.0,1
وَيُزَكِّيهِمْ,و|ي,زكي,هم,3,1.0,1
يَابَنِيَّ,يا,بن+ي+None,,3,1.0,1
اصْطَفَى,,اصطفى,,3,1.0,1
كَسَبْتُمْ,,كسب,تم,3,1.0,1
وَالْأَسْبَاطِ,و|ال,أسباط,,3,1.0,1
نُفَرِّقُ,ن,فرق,,3,1.0,1
أَعْمَالُنَا,,أعمال,نا,3,1.0,1
شَهَادَةً,,شهاد,ة|(null),3,1.0,1
وَيَكُونَ,و|ي,كون,,3,1.0,1
لِنَعْلَمَ,ل|ن,علم,,3,1.0,1
يَتَّبِعُ,ي,تبع,,3,1.0,1
عَقِبَيْهِ,,عقب,ي|ه,3,1.0,1
بِالنَّاسِ,ب|ال,ناس,,3,1.0,1
فَوَلِّ,ف,ول,,3,1.0,1
شَطْرَ,,شطر,,3,1.0,1
لِئَلَّا,ل,ئ+لا,,3,1.0,1
نِعْمَتِي,,نعم,ت|ي,3,1.0,1
الْأَمْوَالِ,ال,أموال,(null),3,1.0,1
بِهِمَا,ب,هما,,3,1.0,1
لَعْنَةُ,,لعن,ة,3,1.0,1
وَاخْتِلَافِ,و,اختلاف,,3,1.0,1
وَبَثَّ,و,بث,,3,1.0,1
حُبَّاً,,حب,ا,3,1.0,1
كَرَّةً,,كر,ة,3,1.0,1
نَتَّبِعُ,ن,تبع,,3,1.0,1
وَمَثَلُ,و,مثل,,3,1.0,1
وَالدَّمَ,و|ال,دم,,3,1.0,1
الْخِنْزِيرِ,ال,خنزير,,3,1.0,1
بَاغٍ,,باغ,,3,1.0,1
بُطُونِهِمْ,,بطون,هم,3,1.0,1
وَالْمَغْرِبِ,و|ال,مغرب,(null),3,1.0,1
وَالنَّبِيِّينَ,و|ال,نبي,ين,3,1.0,1
وَآتَى,و,آتى,,3,1.0,1
وَابْنَ,و,ابن,,3,1.0,1
الرِّقَابِ,ال,رقاب,,3,1.0,1
بِإِحْسَانٍ,ب,إحسان,,3,1.0,1
وَالْأَقْرَبِينَ,و|ال,أقرب,ين,3,1.0,1
بَعْدَمَا,,بعد+ما,,3,1.0,1
مَعْدُودَاتٍ,,معدود,ات,3,1.0,1
مَرِيضَاً,,مريض,ا,3,1.0,1
طَعَامُ,,طعام,,3,1.0,1
الدَّاعِ,ال,داع,,3,1.0,1
وَابْتَغُوا,و,ابتغ,وا,3,0.667,2
يَتَبَيَّنَ,ي,تبين,,3,1.0,1
أَمْوَالَكُمْ,,أموال,كم,3,1.0,1
بِأَنْ,,ب+أن,,3,1.0,1
وَقَاتِلُوا,و,قاتل,وا,3,1.0,1
تَعْتَدُوا,ت,عتد,وا,3,1.0,1
وَاقْتُلُوهُمْ,و,ا+قتل,و|هم,3,1.0,1
انْتَهَوْا,,انته,وا,3,1.0,1
رَأْسِهِ,,رأس,ه,3,1.0,1
وَاسْتَغْفِرُوا,و,استغفر,وا,3,1.0,1
آبَاءَكُمْ,,آباء,كم,3,1.0,1
فَمِنَ,,ف,من,3,1.0,1
يَوْمَيْنِ,,يوم,ين,3,1.0,1
سَعَى,,سعى,,3,1.0,1
الْعِزَّةُ,ال,عز,ة,3,1.0,1
مَرْضَاتِ,,مرضا,ت,3,1.0,1
يَأْتِيَهُمُ,ي,أتي,هم,3,1.0,1
فَهَدَى,ف,هدى,,3,1.0,1
حَسِبْتُمْ,,حسب,تم,3,1.0,1
نَصْرُ,,نصر,,3,1.0,1
يَرُدُّوكُمْ,ي,رد,و|كم,3,1.0,1
رَحْمَتَ,,رحم,ة,3,1.0,1
وَمَنَافِعُ,و,منافع,,3,1.0,1
تَتَفَكَّرُونَ,ت,تفكر,ون,3,1.0,1
فَإِخْوَانُكُمْ,ف,إخوان,كم,3,1.0,1
تَنْكِحُوا,ت,نكح,وا,3,1.0,1
الْمَحِيضِ,ال,محيض,,3,1.0,1
بِاللَّغْوِ,ب|ال,لغو,,3,1.0,1
نِسَائِهِمْ,,نسائ,هم,3,1.0,1
ثَلَاثَةَ,,ثلاث,ة,3,1.0,1
كُنَّ,,كن,,3,1.0,1
يُقِيمَا,ي,قيم,ا,3,1.0,1
فَأَمْسِكُوهُنَّ,ف,أ+مسك,و|هن,3,1.0,1
يَعِظُكُمْ,ي,عظ,كم,3,1.0,1
أَوْلَادَكُمْ,,أولاد,كم,3,1.0,1
آتَيْتُمْ,,آتي,تم,3,1.0,1
وَيَذَرُونَ,و|ي,ذر+ون+None+None,,3,1.0,1
تَمَسُّوهُنَّ,ت,مس,و|هن,3,1.0,1
تَعْفُوا,ت,عف,وا,3,1.0,1
الْفَضْلَ,ال,فضل,(null),3,1.0,1
مَعْرُوفٍ,,معروف,(null),3,1.0,1
لِنَبِيٍّ,ل,نبي,,3,1.0,1
يُؤْتِي,ي,ؤتي,,3,1.0,1
آيَةَ,,آي,ة|(null),3,1.0,1
يَأْتِيَكُمُ,ي,أتي,كم,3,1.0,1
فِئَةٍ,,فئ,ة,3,1.0,1
نَتْلُوهَا,ن,تلو,ها,3,1.0,1
وَرَفَعَ,و,رفع,,3,1.0,1
بَيْعٌ,,بيع,,3,1.0,1
وَالْكَافِرُونَ,و|ال,كافر,ون,3,1.0,1
الْحَيُّ,ال,حي,,3,1.0,1
الْغَيِّ,ال,غي,,3,1.0,1
وَلِيُّ,,ولي,,3,1.0,1
رَبِّيَ,,رب,ي,3,1.0,1
خَاوِيَةٌ,,خاوي,ة,3,1.0,1
عُرُوشِهَا,,عروش,ها,3,1.0,1
مِائَةَ,,مائ,ة,3,1.0,1
عَامٍ,,عام,(null),3,1.0,1
وَانْظُرْ,و,أنظر+(null)+None,,3,1.0,1
فَخُذْ,ف,خذ,,3,1.0,1
جَبَلٍ,,جبل,(null),3,1.0,1
مَالَهُ,,مال,ه,3,1.0,1
وَابِلٌ,,وابل,,3,1.0,1
يَقْدِرُونَ,ي,قدر,ون,3,1.0,1
جَنَّةٍ,,جن,ة|(null),3,1.0,1
أُكُلَهَا,,أكل,ها,3,1.0,1
ضِعْفَيْنِ,,ضعف,ين,3,1.0,1
جَنَّةٌ,,جن,ة|(null),3,1.0,1
وَأَعْنَابٍ,و,أعناب,,3,1.0,1
الْكِبَرُ,ال,كبر,,3,1.0,1
بِالْفَحْشَاءِ,ب|ال,فحشاء,,3,1.0,1
مَغْفِرَةً,,مغفر,ة,3,1.0,1
يَذَّكَّرُ,ي,ذكر,,3,1.0,1
أَنْصَارٍ,,أنصار,,3,1.0,1
لِلْفُقَرَاءِ,ل|ال,فقراء,,3,1.0,1
يَسْأَلُونَ,ي,سأل,ون,3,1.0,1
عَادَ,,عاد,,3,1.0,1
أَمْوَالِكُمْ,,أموال,كم,3,1.0,1
كَاتِبٌ,,كاتب,(null),3,1.0,1
عَلَّمَهُ,,علم,ه,3,1.0,1
دُعُوا,,دع,وا,3,1.0,1
تُخْفُوهُ,ت,خف,و|ه,3,1.0,1
وَكُتُبِهِ,و,كتب,ه,3,1.0,1
وَإِلَيْكَ,و|إلي,ك,,3,1.0,1
وَعَلَيْهَا,و|علي,ها,,3,1.0,1
وَارْحَمْنَا,و,ا+رحم,نا,3,1.0,1
الْفُرْقَانَ,ال,فرقان,(null),3,1.0,1
الْفِتْنَةِ,ال,فتن,ة|(null),3,1.0,1
كَدَأْبِ,ك,دأب,,3,1.0,1
وَأُخْرَى,و,أخرى,,3,1.0,1
بِنَصْرِهِ,ب,نصر,ه,3,0.667,2
الْأَبْصَارِ,ال,أبصار,,3,1.0,1
الشَّهَوَاتِ,ال,شهو,ات,3,1.0,1
وَرِضْوَانٌ,و,رضوان,,3,1.0,1
أَسْلَمُوا,,أسلم,وا,3,1.0,1
يَأْمُرُونَ,ي,أمر,ون,3,0.667,2
فَبَشِّرْهُمْ,ف,بشر+هم+None+None,,3,0.667,2
يَتَوَلَّى,ي,تولى,,3,1.0,1
الْمَيِّتَ,ال,ميت,,3,1.0,1
يَتَّخِذْ,ي,تخذ,,3,1.0,1
وَبَيْنَهُ,و,بين,ه,3,1.0,1
أَمَدَاً,,أمد,ا,3,1.0,1
ذُنُوبَكُمْ,,ذنوب,كم,3,1.0,1
وَنُوحَاً,و,نوح,ا,3,1.0,1
عِمْرَانَ,,عمران,,3,1.0,1
وَجَدَ,,وجد,,3,1.0,1
عِنْدَهَا,,عند,ها,3,1.0,1
دَعَا,,دعا,,3,1.0,1
قَائِمٌ,,قائم,(null),3,1.0,1
الْمَهْدِ,ال,مهد,,3,1.0,1
كَذَلِكِ,ك,ذلك,,3,1.0,1
الطِّينِ,ال,طين,,3,1.0,1
طَيْرَاً,,طير,ا,3,1.0,1
الْحَوَارِيُّونَ,ال,حوار+ي,ون,3,1.0,1
وَمَكَرُوا,و,مكر,وا,3,1.0,1
سَوَاءٍ,,سواء,,3,1.0,1
نَعْبُدَ,ن,عبد,,3,1.0,1
نُشْرِكَ,ن,شرك,,3,1.0,1
بَعْضُنَا,,بعض,نا,3,1.0,1
أَرْبَابَاً,,أرباب,ا,3,1.0,1
التَّوْرَاةُ,ال,تورا,ة,3,1.0,1
اتَّبَعُوهُ,,اتبع,و|ه,3,1.0,1
وَجْهَ,,وجه,(null),3,1.0,1
أَوْفَى,,أوفى,,3,1.0,1
وَالْحُكْمَ,و|ال,حكم,,3,1.0,1
وَالنُّبُوَّةَ,و|ال,نبو,ة,3,1.0,1
إِيمَانِهِمْ,,إيمان,هم,3,1.0,1
وَشَهِدُوا,و,شهد,وا,3,1.0,1
الضَّالُّونَ,ال,ضال,ون,3,1.0,1
وَلَوِ,و,لو,,3,1.0,1
بَيْتٍ,,بيت,,3,1.0,1
تَفَرَّقُوا,ت,فرق,وا,3,1.0,1
أَعْدَاءً,,أعداء,,3,1.0,1
فَفِي,,ف,في,3,1.0,1
تَأْمُرُونَ,ت,أمر,ون,3,1.0,1
الْأَنْبِيَاءَ,ال,أنبياء,(null),3,1.0,1
حَرْثَ,,حرث,(null),3,1.0,1
وَدُّوا,,ود,وا,3,1.0,1
يَضُرُّكُمْ,ي,ضر,كم,3,1.0,1
بُشْرَى,,بشرى,,3,1.0,1
النَّصْرُ,ال,نصر,,3,1.0,1
أَجْرُ,,أجر,(null),3,1.0,1
الْعَامِلِينَ,ال,عامل,ين,3,1.0,1
تَهِنُوا,ت,هن,وا,3,1.0,1
تَحْزَنُوا,ت,حزن,وا,3,1.0,1
وَأَنْتُمُ,و,أنتم,,3,1.0,1
مِثْلُهُ,,مثل,(null)|ه,3,1.0,1
يَعْلَمِ,ي,علم,,3,1.0,1
مُحَمَّدٌ,,محمد,,3,1.0,1
أَعْقَابِكُمْ,,أعقاب,كم,3,1.0,1
لِنَفْسٍ,ل,نفس,,3,1.0,1
نُؤْتِهِ,ن,ؤت,ه,3,1.0,1
أَصَابَهُمْ,,أصاب,هم,3,1.0,1
وَحُسْنَ,و,حسن,,3,1.0,1
فَاتَكُمْ,,فات,كم,3,1.0,1
الْغَمِّ,ال,غم,,3,1.0,1
طَائِفَةً,,طائف,ة,3,1.0,1
وَطَائِفَةٌ,و,طائف,ة,3,1.0,1
الْتَقَى,,ٱلتقى,,3,1.0,1
لِإِخْوَانِهِمْ,ل,إخوان,هم,3,1.0,1
ضَرَبُوا,,ضرب,وا,3,1.0,1
مَاتُوا,,مات,وا,3,1.0,1
لِيَجْعَلَ,ل|ي,جعل,,3,1.0,1
يَجْمَعُونَ,ي,جمع,ون,3,1.0,1
وَمَأْوَاهُ,و,مأوا,ه,3,1.0,1
قَاتِلُوا,,قاتل,وا,3,1.0,1
لِلْإِيمَانِ,ل|ال,إيمان,,3,1.0,1
وَفَضْلٍ,و,فضل,,3,1.0,1
وَالرَّسُولِ,و|ال,رسول,,3,1.0,1
حَسْبُنَا,,حسب,نا,3,1.0,1
يَضُرُّوا,ي,ضر,وا,3,1.0,1
حَظَّاً,,حظ,ا,3,1.0,1
يَحْسَبَنَّ,ي,حسب+ن,,3,1.0,1
لِأَنْفُسِهِمْ,ل,أنفس,هم,3,1.0,1
الطَّيِّبِ,ال,طيب,,3,1.0,1
يَبْخَلُونَ,ي,بخل,ون,3,1.0,1
عَهِدَ,,عهد,,3,1.0,1
لِرَسُولٍ,ل,رسول,,3,1.0,1
قَبْلِي,,قبل,ي,3,1.0,1
كَذَّبُوكَ,,كذب,و|ك,3,1.0,1
ذَائِقَةُ,,ذائق,ة,3,1.0,1
وَإِنَّمَا,و,إنما+None+None,,3,1.0,1
وَأَنْفُسِكُمْ,و,أنفس,كم,3,0.667,2
عَزْمِ,,عزم,,3,1.0,1
أَتَوْا,,أت,وا,3,1.0,1
فَاسْتَجَابَ,ف,استجاب,,3,1.0,1
سَبِيلِي,,سبيل,ي,3,1.0,1
خَاشِعِينَ,,خاشع,ين,3,1.0,1
زَوْجَهَا,,زوج,(null)|ها,3,1.0,1
مَثْنَى,,مثنى,,3,1.0,1
غَنِيَّاً,,غني,ا,3,1.0,1
الْوَالِدَانِ,ال,والد,ان,3,1.0,1
وَالْأَقْرَبُونَ,و|ال,أقرب,ون,3,1.0,1
أَمْوَالَ,,أموال,,3,1.0,1
فَلَهَا,ف|ل,ها,,3,1.0,1
السُّدُسُ,ال,سدس,,3,1.0,1
نِصْفُ,,نصف,,3,1.0,1
يَعْصِ,ي,عص,,3,1.0,1
خَالِدَاً,,خالد,ا,3,1.0,1
تَوَّابَاً,,تواب,ا,3,1.0,1
يَتُوبُونَ,ي,توب,ون,3,1.0,1
تُبْتُ,,تب,ت,3,1.0,1
كَرْهَاً,,كره,ا,3,1.0,1
مُبَيِّنَةٍ,,مبين,ة,3,1.0,1
وَإِثْمَاً,و,إثم,ا,3,1.0,1
مِيثَاقَاً,,ميثاق,ا,3,1.0,1
غَلِيظَاً,,غليظ,ا,3,1.0,1
وَسَاءَ,و,ساء,,3,1.0,1
حُرِّمَتْ,,حرم,ت,3,1.0,1
دَخَلْتُمْ,,دخل,تم,3,1.0,1
بِهِنَّ,ب,هن,,3,1.0,1
وَالْمُحْصَنَاتُ,و|ال,محصن,ات,3,1.0,1
بِأَمْوَالِكُمْ,ب,أموال,كم,3,0.667,2
فَمِنْ,,ف,من,3,0.667,2
خَشِيَ,,خشي,,3,1.0,1
لِيُبَيِّنَ,ل|ي,بين,,3,1.0,1
وَيُرِيدُ,و|ي,ريد,,3,1.0,1
كَبَائِرَ,,كبائر,,3,1.0,1
عَلِيَّاً,,علي,ا,3,1.0,1
وَاعْبُدُوا,و,ا+عبد,وا,3,1.0,1
تُشْرِكُوا,ت,شرك,وا,3,1.0,1
يَظْلِمُ,ي,ظلم,,3,1.0,1
وَجِئْنَا,و,جئ,نا,3,0.667,2
عَفُوَّاً,,عفو,ا,3,1.0,1
وَيُرِيدُونَ,و|ي,ريد+ون+None+None,,3,1.0,1
يُحَرِّفُونَ,ي,حرف,ون,3,1.0,1
الْكَلِمَ,ال,كلم,,3,1.0,1
مَوَاضِعِهِ,,مواضع,ه,3,1.0,1
وَيَغْفِرُ,و|ي,غفر,,3,1.0,1
فَتِيلَاً,,فتيل,ا,3,1.0,1
يُؤْتُونَ,ي,ؤت,ون,3,0.667,2
أُمِرُوا,,أمر,وا,3,1.0,1
كَتَبْنَا,,كتب,نا,3,1.0,1
اقْتُلُوا,,ا+قتل,وا,3,1.0,1
انْفِرُوا,,ا+نفر,وا,3,1.0,1
فَوْزَاً,,فوز,ا,3,1.0,1
الرِّجَالِ,ال,رجال,(null),3,1.0,1
أَخْرِجْنَا,,أخرج,نا,3,1.0,1
فَقَاتِلُوا,ف,قاتل,وا,3,1.0,1
وَالْآخِرَةُ,و|ال,آخر,ة,3,1.0,1
يَكَادُونَ,ي,كاد,ون,3,1.0,1
أَصَابَكَ,,أصاب,ك,3,1.0,1
سَيِّئَةٍ,,سيئ,ة|(null),3,1.0,1
حَفِيظَاً,,حفيظ,ا,3,1.0,1
طَاعَةٌ,,طاع,ة,3,1.0,1
يُهَاجِرُوا,ي,هاجر,وا,3,1.0,1
يَصِلُونَ,ي,صل,ون,3,1.0,1
مِيثَاقٌ,,ميثاق,,3,1.0,1
جَاءُوكُمْ,,جاء,و|كم,3,1.0,1
رُدُّوا,,رد,وا,3,1.0,1
فَتَحْرِيرُ,ف,تحرير,,3,1.0,1
وَغَضِبَ,و,غضب,(null),3,0.667,2
ضَرَبْتُمْ,,ضرب,تم,3,1.0,1
فَتَبَيَّنُوا,ف,تبين+وا+None,,3,0.667,2
الْمُجَاهِدِينَ,ال,مجاهد,ين,3,1.0,1
دَرَجَةً,,درج,ة|(null),3,1.0,1
مَصِيرَاً,,مصير,ا,3,1.0,1
فَأَقِيمُوا,ف,أ+قيم,وا,3,1.0,1
عِبَادِكَ,,عباد,ك,3,1.0,1
قِيلَاً,,قيل,ا,3,1.0,1
خَلِيلَاً,,خليل,ا,3,1.0,1
وَإِنِ,و,إن,,3,1.0,1
الْأَنْفُسُ,ال,أنفس,(null),3,1.0,1
وَيَأْتِ,و|ي,أت,,3,1.0,1
عِنْدَهُمُ,,عند,هم,3,1.0,1
شَاكِرَاً,,شاكر,ا,3,1.0,1
الْجَهْرَ,ال,جهر,,3,1.0,1
يَتَّخِذُوا,ي,تخذ,وا,3,1.0,1
وَأَخَذْنَا,و,أخذ,نا,3,0.667,2
وَقَوْلِهِمْ,و,قول,هم,3,1.0,1
طَبَعَ,,طبع,,3,1.0,1
الظَّنِّ,ال,ظن,(null),3,1.0,1
وَأَيُّوبَ,و,أيوب,,3,1.0,1
أَنْزَلَهُ,,أنزل,ه,3,1.0,1
عِبَادَتِهِ,,عباد,ت|ه,3,1.0,1
وَيَزِيدُهُمْ,و|ي,زيد,هم,3,1.0,1
كَانَتَا,,كان+تا+None+None,,3,1.0,1
حُرُمٌ,,حرم,,3,1.0,1
وَرِضْوَانَاً,و,رضوان,ا,3,1.0,1
يَجْرِمَنَّكُمْ,ي,جرم+ن,كم,3,1.0,1
عَلَّمَكُمُ,,علم,كم,3,1.0,1
حَرَجٍ,,حرج,,3,1.0,1
الْعَدَاوَةَ,ال,عداو,ة,3,1.0,1
وَالْبَغْضَاءَ,و|ال,بغضاء,,3,1.0,1
وَيَعْفُو,و|ي,عفو,,3,1.0,1
السَّلَامِ,ال,سلام,,3,1.0,1
فَإِنَّهَا,ف,إن,ها,3,1.0,1
فَكَأَنَّمَا,ف,كأن,ما,3,1.0,1
فَسَادَاً,,فساد,ا,3,1.0,1
وَمِثْلَهُ,و,مثل,ه,3,1.0,1
يُعَذِّبُ,ي,عذب,,3,1.0,1
يُرِدِ,ي,رد,,3,1.0,1
أَعْرِضْ,,أ+عرض,,3,1.0,1
الْمُقْسِطِينَ,ال,مقسط,ين,3,1.0,1
يَحْكُمْ,ي,حكم,,3,1.0,1
وَأَنِ,و,أن,,3,1.0,1
فَاعْلَمْ,ف,ا+علم,,3,1.0,1
يَتَوَلَّهُمْ,ي,تول,هم,3,1.0,1
بِقَوْمٍ,ب,قوم,,3,1.0,1
حِزْبَ,,حزب,(null),3,1.0,1
وَلَعِبَاً,و,لعب,ا,3,1.0,1
أُنَبِّئُكُمْ,أ,نبئ,كم,3,1.0,1
الطَّاغُوتَ,ال,طاغوت,,3,1.0,1
وَأَضَلُّ,و,أضل,,3,1.0,1
يَدَاهُ,,يد,ا|ه,3,1.0,1
تَحْتِ,,تحت,,3,1.0,1
وَأَرْسَلْنَا,و,أرسل,نا,3,1.0,1
أَهْوَاءَ,,أهواء,,3,1.0,1
مَوَدَّةً,,مود,ة,3,1.0,1
أَيْمَانَكُمْ,,أيمان,كم,3,1.0,1
بَيْنَكُمُ,,بين,كم,3,1.0,1
وَعَنِ,,و,عن,3,1.0,1
لِيَعْلَمَ,ل|ي,علم,,3,1.0,1
لِتَعْلَمُوا,,ل+ت+علم,وا,3,1.0,1
اعْلَمُوا,,ا+علم,وا,3,1.0,1
بَيْنِكُمْ,,بين,كم,3,1.0,1
يَجْمَعُ,ي,جمع,,3,1.0,1
وَنَكُونَ,و|ن,كون,,3,1.0,1
تَغْفِرْ,ت,غفر,,3,1.0,1
أَجَلَاً,,أجل,ا,3,1.0,1
مَكَّنَّاهُمْ,,مكن,نا|هم,3,1.0,1
مِدْرَارَاً,,مدرار,ا,3,1.0,1
الْأَنْهَارَ,ال,أنهار,,3,1.0,1
فَأَهْلَكْنَاهُمْ,ف,أهلك,نا|هم,3,1.0,1
مَلَكَاً,,ملك,ا,3,1.0,1
اسْتُهْزِئَ,,استهزئ,,3,1.0,1
بِرُسُلٍ,ب,رسل,,3,1.0,1
سَخِرُوا,,سخر,وا,3,1.0,1
انْظُرُوا,,ا+نظر,وا,3,1.0,1
فَاطِرِ,,فاطر,,3,1.0,1
عَصَيْتُ,,عصي,ت,3,1.0,1
يَمْسَسْكَ,ي,مسس,ك,3,1.0,1
أَيُّ,,أي,,3,1.0,1
أَكِنَّةً,,أكن,ة,3,1.0,1
يَفْقَهُوهُ,ي,فقه,و|ه,3,1.0,1
يَنْهَوْنَ,ي,نه,ون,3,1.0,1
حَيَاتُنَا,,حيا,ة|(null)|نا,3,1.0,1
لَعِبٌ,,لعب,,3,1.0,1
وَلَهْوٌ,و,لهو,,3,1.0,1
مُبَدِّلَ,,مبدل,,3,1.0,1
لِكَلِمَاتِ,ل,كلم,ات,3,1.0,1
يَبْعَثُهُمُ,ي,بعث,هم,3,1.0,1
أُمَمٌ,,أمم,,3,1.0,1
يُحْشَرُونَ,ي,حشر,ون,3,0.667,2
أَتَاكُمْ,,أتا,كم,3,1.0,1
وَزَيَّنَ,و,زين,,3,1.0,1
فَرِحُوا,,فرح,وا,3,1.0,1
مُبْلِسُونَ,,مبلس,ون,3,1.0,1
يَصْدِفُونَ,ي,صدف,ون,3,1.0,1
نُرْسِلُ,ن,رسل,,3,1.0,1
وَعِنْدَهُ,و,عند,ه,3,1.0,1
وَيُرْسِلُ,و|ي,رسل,,3,1.0,1
تَضَرُّعَاً,,تضرع,ا,3,1.0,1
قَوْمُكَ,,قوم,ك,3,1.0,1
وَغَرَّتْهُمُ,و,غر,ت|هم,3,1.0,1
وَعَذَابٌ,و,عذاب,,3,1.0,1
الْقَمَرَ,ال,قمر,(null),3,1.0,1
لِلَّذِي,ل,لذي,,3,1.0,1
تَتَذَكَّرُونَ,ت,تذكر,ون,3,0.667,2
الْفَرِيقَيْنِ,ال,فريق,ين,3,1.0,1
هَدَيْنَا,,هدي,نا,3,1.0,1
آبَائِهِمْ,,آبائ,هم,3,1.0,1
وَذُرِّيَّاتِهِمْ,و,ذر+ي,ات|هم,3,1.0,1
قَدَرُوا,,قدر,وا,3,1.0,1
قَدْرِهِ,,قدر,ه,3,1.0,1
أُمَّ,,أم,,3,1.0,1
حَوْلَهَا,,حول,(null)|ها,3,1.0,1
يُحَافِظُونَ,ي,حافظ,ون,3,1.0,1
الْهُونِ,ال,هون,,3,1.0,1
تَسْتَكْبِرُونَ,ت,ستكبر,ون,3,1.0,1
تَقْدِيرُ,,تقدير,(null),3,1.0,1
فَصَّلْنَا,,فصل,نا,3,1.0,1
أَعْنَابٍ,,أعناب,,3,1.0,1
وَالزَّيْتُونَ,و|ال,زيتون,,3,1.0,1
وَغَيْرَ,و,غير,(null),3,1.0,1
ثَمَرِهِ,,ثمر,ه,3,1.0,1
الْجِنَّ,ال,جن,(null),3,1.0,1
بَصَائِرُ,,بصائر,,3,1.0,1
فَعَلَيْهَا,ف|علي,ها,,3,1.0,1
وَأَعْرِضْ,و,أعرض,,3,1.0,1
جَعَلْنَاكَ,,جعل,نا|ك,3,1.0,1
فَيُنَبِّئُهُمْ,ف|ي,نبئ,هم,3,1.0,1
الْآيَاتُ,ال,آي,ات,3,1.0,1
إِلَيْهِمُ,إلي,هم,,3,1.0,1
وَتَمَّتْ,و,تم,ت,3,1.0,1
يَخْرُصُونَ,ي,خرص,ون,3,0.667,2
أَجْرَمُوا,,أجرم,وا,3,1.0,1
صَدْرَهُ,,صدر,ه,3,1.0,1
كَأَنَّمَا,,كأنما,,3,1.0,1
يَامَعْشَرَ,يا,معشر,,3,1.0,1
قَدِ,,قد,,3,1.0,1
وَأَهْلُهَا,و,أهل,(null)|ها,3,1.0,1
الرَّحْمَةِ,ال,رحم,ة,3,1.0,1
ذُرِّيَّةِ,,ذر+ي,ة,3,1.0,1
عَامِلٌ,,عامل,,3,1.0,1
حَقَّهُ,,حق,ه,3,1.0,1
أَزْوَاجٍ,,أزواج,(null),3,1.0,1
أَجِدُ,أ,جد,,3,1.0,1
عِنْدَكُمْ,,عند,كم,3,1.0,1
تَتَّبِعُونَ,ت,تبع,ون,3,1.0,1
فَلَوْ,ف,لو,,3,1.0,1
وَصَّاكُمْ,,وصا,كم,3,1.0,1
نُكَلِّفُ,ن,كلف,,3,1.0,1
لَكُنَّا,,ل+كن,نا,3,1.0,1
بَيِّنَةٌ,,بين,ة,3,1.0,1
مُنْتَظِرُونَ,,منتظر,ون,3,1.0,1
يُجْزَى,ي,جزى,,3,1.0,1
أَوَّلُ,,أول,,3,1.0,1
تَكْسِبُ,ت,كسب,,3,1.0,1
بَيَاتَاً,,بيات,ا,3,1.0,1
خَفَّتْ,,خف,ت,3,1.0,1
مَنَعَكَ,,منع,ك,3,1.0,1
الْمُنْظَرِينَ,ال,منظر,ين,3,1.0,1
مَدْحُورَاً,,مدحور,ا,3,1.0,1
تَبِعَكَ,,تبع,ك,3,1.0,1
النَّاصِحِينَ,ال,ناصح,ين,3,1.0,1
وَفِيهَا,و|في,ها,,3,1.0,1
تُخْرَجُونَ,ت,خرج,ون,3,1.0,1
لِبَاسَاً,,لباس,ا,3,1.0,1
أَتَقُولُونَ,أ|ت,قول+ون+None+None,,3,1.0,1
وَيَحْسَبُونَ,و|ي,حسب+ون+None+None,,3,1.0,1
لِعِبَادِهِ,ل,عباد,ه,3,1.0,1
يَسْتَقْدِمُونَ,ي,ستقدم,ون,3,0.667,2
وَنَزَعْنَا,و,نزع,نا,3,1.0,1
تَحْتِهِمُ,,تحت,هم,3,1.0,1
وَعَدَنَا,و,عد,نا,3,1.0,1
وَيَبْغُونَهَا,و|ي,بغ+ون+ها+None+None,,3,1.0,1
تَجْعَلْنَا,ت,جعل,نا,3,1.0,1
لَهْوَاً,,لهو,ا,3,1.0,1
بِكِتَابٍ,ب,كتاب,(null),3,1.0,1
نَعْمَلُ,ن,عمل,,3,1.0,1
وَالْأَمْرُ,و|ال,أمر,(null),3,1.0,1
يُرْسِلُ,ي,رسل,,3,1.0,1
بُشْرَاً,,بشر,ا,3,1.0,1
لَنَرَاكَ,,ل+ن+را+ك+None,,3,1.0,1
يَا,,يا,,3,1.0,1
خُلَفَاءَ,,خلفاء,,3,1.0,1
فَأْتِنَا,ف,أت,نا,3,1.0,1
سَمَّيْتُمُوهَا,,سمي+تم+و,ها,3,1.0,1
فَانْتَظِرُوا,ف,ا+نتظر,وا,3,1.0,1
الْمُنْتَظِرِينَ,ال,منتظر,ين,3,1.0,1
دَابِرَ,,دابر,(null),3,1.0,1
تَمَسُّوهَا,ت,مس,و|ها,3,1.0,1
فَيَأْخُذَكُمْ,ف|ي,أخذ,كم,3,1.0,1
تَتَّخِذُونَ,ت,تخذ,ون,3,1.0,1
أَبْلَغْتُكُمْ,,أبلغ,ت|كم,3,1.0,1
أَتَأْتُونَ,أ|ت,أت+ون+None+None,,3,1.0,1
الرِّجَالَ,ال,رجال,(null),3,1.0,1
مَطَرَاً,,مطر,ا,3,1.0,1
تَبْخَسُوا,ت,بخس,وا,3,1.0,1
أَشْيَاءَهُمْ,,أشياء,هم,3,1.0,1
أُرْسِلْتُ,,أرسل,ت,3,1.0,1
يَحْكُمَ,ي,حكم,,3,1.0,1
يَاشُعَيْبُ,يا,شعيب,,3,1.0,1
عُدْنَا,,عد,نا,3,1.0,1
لَئِنِ,,ل+ئن,,3,1.0,1
لَخَاسِرُونَ,,ل+خاسر,ون,3,1.0,1
يَغْنَوْا,ي,غن,وا,3,1.0,1
بَدَّلْنَا,,بدل,نا,3,1.0,1
يَطْبَعُ,ي,طبع,,3,1.0,1
فَأَلْقَى,ف,ألقى,,3,1.0,1
عَصَاهُ,,عصا,ه,3,1.0,1
يَدَهُ,,يد,ه,3,1.0,1
لِلنَّاظِرِينَ,ل|ال,ناظر,ين,3,1.0,1
لَسَاحِرٌ,,ل+ساحر,,3,1.0,1
أَرْضِكُمْ,,أرض,كم,3,1.0,1
فَمَاذَا,ف,ماذا,,3,1.0,1
وَأَخَاهُ,و,أخا,ه,3,1.0,1
الْمَدَائِنِ,ال,مدائن,,3,1.0,1
حَاشِرِينَ,,حاشر,ين,3,1.0,1
سَاحِرٍ,,ساحر,,3,1.0,1
لَأَجْرَاً,,ل+أجر,ا,3,1.0,1
وَإِنَّكُمْ,و,أن,كم,3,1.0,1
وَجَاءُوا,و,جاء,وا,3,0.667,2
عَصَاكَ,,عصا,ك,3,1.0,1
آذَنَ,,آذن,,3,1.0,1
نِسَاءَهُمْ,,نساء,هم,3,1.0,1
وَاصْبِرُوا,و,اصبر,وا,3,1.0,1
وَالْعَاقِبَةُ,و|ال,عاقب,ة,3,1.0,1
فَأَغْرَقْنَاهُمْ,ف,أغرق,نا|هم,3,1.0,1
مَكَانَهُ,,مكان,ه,3,1.0,1
دَكَّاً,,دك,ا,3,1.0,1
وَكُنْ,و,كن,,3,1.0,1
دَارَ,,دار,,3,1.0,1
يُجْزَوْنَ,ي,جز,ون,3,1.0,1
وَأَلْقَى,و,ألقى,(null),3,1.0,1
شِئْتَ,,شئ,ت,3,1.0,1
وَلَعَلَّهُمْ,و,لعل,هم,3,1.0,1
الصَّالِحُونَ,ال,صالح,ون,3,1.0,1
يَأْتِهِمْ,ي,أت,هم,3,1.0,1
نُضِيعُ,ن,ضيع,,3,1.0,1
ذُرِّيَّتَهُمْ,,ذر+ي,ت|هم,3,1.0,1
فَأَتْبَعَهُ,ف,أتبع,ه,3,1.0,1
يُضْلِلْ,ي,ضلل,,3,1.0,1
لِجَهَنَّمَ,ل,جهنم,,3,1.0,1
قُلُوبٌ,,قلوب,(null),3,1.0,1
آذَانٌ,,آذان,(null),3,1.0,1
يُلْحِدُونَ,ي,لحد,ون,3,1.0,1
يُخْلَقُونَ,ي,خلق,ون,3,0.667,2
نَصْرَاً,,نصر,ا,3,1.0,1
تُنْظِرُونِ,ت,نظر+ون+None+None+None,,3,1.0,1
بِالْغُدُوِّ,ب|ال,غدو,,3,1.0,1
وَالْآصَالِ,و|ال,آصال,,3,1.0,1
بِكَلِمَاتِهِ,ب,كلم,ات|ه,3,1.0,1
شَرَّ,,شر,,3,1.0,1
وَلِلرَّسُولِ,و|ل|ال,رسول,,3,1.0,1
وَرَزَقَكُمْ,و,رزق,كم,3,1.0,1
بَعْضَهُ,,بعض,ه,3,1.0,1
الْمَوْلَى,ال,مولى,,3,1.0,1
أَسْفَلَ,,أسفل,,3,1.0,1
يَضْرِبُونَ,ي,ضرب,ون,3,1.0,1
وُجُوهَهُمْ,,وجوه,هم,3,1.0,1
وَذُوقُوا,و,ذوق,وا,3,1.0,1
وَآخَرِينَ,و,آخر,ين,3,1.0,1
دُونِهِمْ,,دون,هم,3,1.0,1
يَعْلَمُهُمْ,ي,علم,هم,3,1.0,1
يُؤْتِكُمْ,ي,ؤت,كم,3,1.0,1
وَعِنْدَ,و,عند,,3,1.0,1
يَظْهَرُوا,ي,ظهر,وا,3,1.0,1
فَصَدُّوا,ف,صد,وا,3,0.667,2
يَسْتَوُونَ,ي,ستو,ون,3,1.0,1
الْإِيمَانِ,ال,إيمان,,3,1.0,1
كَثِيرَةٍ,,كثير,ة|(null),3,1.0,1
تُغْنِ,ت,غن,,3,1.0,1
سَكِينَتَهُ,,سكين,ت|ه,3,1.0,1
تَرَوْهَا,ت,ر,و|ها,3,1.0,1
الْمُشْرِكُونَ,ال,مشرك,ون,3,1.0,1
الْمَسْجِدَ,ال,مسجد,,3,1.0,1
وَدِينِ,و,دين,,3,1.0,1
لِيُظْهِرَهُ,ل|ي,ظهر,ه,3,1.0,1
الْقَيِّمُ,ال,قيم,,3,1.0,1
عَامَاً,,عام,ا,3,1.0,1
بِالْحَيَاةِ,ب|ال,حيا,ة,3,1.0,1
يُعَذِّبْكُمْ,ي,عذب,كم,3,1.0,1
غَيْرَكُمْ,,غير,كم,3,1.0,1
فَأَنْزَلَ,ف,أنزل,,3,1.0,1
كَلِمَةَ,,كلم,ة,3,1.0,1
الْفِتْنَةَ,ال,فتن,ة|(null),3,1.0,1
فَرِحُونَ,,فرح,ون,3,1.0,1
نَارَ,,نار,,3,1.0,1
تَعْتَذِرُوا,ت,عتذر,وا,3,1.0,1
وَالْمُنَافِقَاتِ,و|ال,منافق,ات,3,1.0,1
وَعَادٍ,و,عاد,,3,1.0,1
لِيَظْلِمَهُمْ,ل|ي,ظلم,هم,3,1.0,1
آتَاهُمْ,,آتا,هم,3,1.0,1
تَسْتَغْفِرْ,ت,ستغفر,,3,1.0,1
مَرَّةً,,مر,ة|(null),3,1.0,1
الْمُخَلَّفُونَ,ال,مخلف,ون,3,1.0,1
نَارُ,,نار,,3,1.0,1
تَقُومَ,ت,قوم,,3,1.0,1
يَزَالُ,ي,زال,,3,1.0,1
وَالْمُهَاجِرِينَ,و|ال,مهاجر,ين,3,1.0,1
نَصَبٌ,,نصب,(null),3,1.0,1
يُفْتَنُونَ,ي,فتن,ون,3,1.0,1
نَظَرَ,,نظر,,3,1.0,1
شَفِيعٍ,,شفيع,,3,1.0,1
عَدَدَ,,عدد,,3,1.0,1
ضُرٍّ,,ضر,,3,1.0,1
الْغَيْبُ,ال,غيب,,3,1.0,1
ضَرَّاءَ,,ضراء,,3,1.0,1
دَعَوُا,,دع,وا,3,1.0,1
وَظَنَّ,و,ظن,,3,1.0,1
أَتَاهَا,,أتا,ها,3,1.0,1
الضَّلَالُ,ال,ضلال,,3,1.0,1
شُرَكَائِكُمْ,,شركائ,كم,3,1.0,1
تَهْدِي,ت,هدى,,3,1.0,1
يَلْبَثُوا,ي,لبث,وا,3,1.0,1
نَتَوَفَّيَنَّكَ,ن,توفي+ن,ك,3,1.0,1
وَرَبِّي,و,رب,ي,3,0.667,2
لَحَقٌّ,ل,حق,,3,1.0,1
رِزْقٍ,,رزق,,3,1.0,1
الْبُشْرَى,ال,بشرى,,3,1.0,1
مُبْصِرَاً,,مبصر,ا,3,1.0,1
فَنَجَّيْنَاهُ,ف,نجي+نا+ه+None,,3,1.0,1
قَوْمِهِمْ,,قوم,هم,3,1.0,1
لِلْقَوْمِ,ل|ال,قوم,,3,1.0,1
يَرَوُا,ي,ر,وا,3,1.0,1
وَجُنُودُهُ,و,جنود,ه,3,1.0,1
آمَنْتُ,,آمن,ت,3,1.0,1
لِتَكُونَ,L,تكون,,3,1.0,1
وَرَزَقْنَاهُمْ,و,رزق,نا|هم,3,1.0,1
كُلُّهُمْ,,كل,هم,3,1.0,1
لِلدِّينِ,ل|ال,دين,,3,1.0,1
فَعَلْتَ,,فعل,ت,3,1.0,1
يَهْتَدِي,ي,هتدي,,3,1.0,1
فُصِّلَتْ,,فصل,ت,3,1.0,1
اسْتَغْفِرُوا,,ا+ستغفر,وا,3,1.0,1
كَنْزٌ,,كنز,,3,1.0,1
شَاهِدٌ,,شاهد,(null),3,1.0,1
يُعْرَضُونَ,ي,عرض,ون,3,0.333,3
كَاذِبِينَ,,كاذب,ين,3,1.0,1
مُغْرَقُونَ,,مغرق,ون,3,1.0,1
يُخْزِيهِ,ي,خزي,ه,3,1.0,1
كُلٍّ,,كل,,3,1.0,1
وَأَهْلَكَ,و,أهل,ك,3,1.0,1
بِسَلَامٍ,ب,سلام,(null),3,1.0,1
فَطَرَنِي,,فطر+ن,ي,3,1.0,1
وَرَبِّكُمْ,و,رب,كم,3,0.667,2
غَلِيظٍ,,غليظ,,3,1.0,1
رُسُلَهُ,,رسل,ه,3,1.0,1
جَبَّارٍ,,جبار,,3,1.0,1
عَنِيدٍ,,عنيد,(null),3,1.0,1
لَعْنَةً,,لعن,ة,3,1.0,1
فَعَقَرُوهَا,ف,عقر,و|ها,3,1.0,1
تَمَتَّعُوا,,تمتع,وا,3,1.0,1
الْقَوِيُّ,ال,قوى,,3,1.0,1
خِيفَةً,,خيف,ة,3,1.0,1
أُرْسِلْنَا,,أرسل,نا,3,1.0,1
لَشَيْءٌ,ل,شيء,,3,1.0,1
عَلِمْتَ,,علم,ت,3,1.0,1
فَأَسْرِ,ف,أسر,,3,1.0,1
بِأَهْلِكَ,ب,أهل,ك,3,1.0,1
سِجِّيلٍ,,سجيل,,3,1.0,1
وَسُلْطَانٍ,و,سلطان,,3,1.0,1
ظَلَمْنَاهُمْ,,ظلم,نا|هم,3,1.0,1
ظَالِمَةٌ,,ظالم,ة,3,1.0,1
تَطْغَوْا,ت,طغ,وا,3,1.0,1
تُنْصَرُونَ,ت,نصر,ون,3,0.667,2
وَأَقِمِ,و,أقم,,3,1.0,1
خَلَقَهُمْ,,خلق,هم,3,1.0,1
عَامِلُونَ,,عامل,ون,3,1.0,1
غَيْبُ,,غيب,,3,1.0,1
تَأْوِيلِ,,تأويل,(null),3,1.0,1
الْأَحَادِيثِ,ال,أحاديث,(null),3,1.0,1
عُصْبَةٌ,,عصب,ة,3,1.0,1
صَالِحِينَ,,صالح,ين,3,1.0,1
قَائِلٌ,,قائل,(null),3,1.0,1
لَحَافِظُونَ,,ل+حافظ,ون,3,1.0,1
الذِّئْبُ,ال,ذئب,,3,1.0,1
سَوَّلَتْ,,سول,ت,3,1.0,1
أَنْفُسُكُمْ,,أنفس,كم,3,1.0,1
وَجَاءَتْ,و,جاء,ت,3,0.667,2
مِصْرَ,,مصر,,3,1.0,1
مَكَّنَّا,,مكن,نا,3,1.0,1
لِيُوسُفَ,ل,يوسف,,3,1.0,1
دُبُرٍ,,دبر,,3,1.0,1
قُدَّ,,قد,,3,1.0,1
وَدَخَلَ,و,دخل,,3,1.0,1
أَحَدُهُمَا,,أحد,(null)|هما,3,1.0,1
الطَّيْرُ,ال,طير,,3,1.0,1
بِتَأْوِيلِهِ,ب,تأويل+ه+None,,3,0.333,3
طَعَامٌ,,طعام,,3,1.0,1
سَبْعٌ,,سبع,(null),3,1.0,1
خُضْرٍ,,خضر,,3,1.0,1
مُنْكِرُونَ,,منكر,ون,3,1.0,1
انْقَلَبُوا,,انقلب,وا,3,1.0,1
بَابٍ,,باب,(null),3,0.667,2
الْمُتَوَكِّلُونَ,ال,متوكل,ون,3,1.0,1
حَاجَةً,,حاج,ة,3,1.0,1
الْمَلِكِ,ال,ملك,,3,0.667,2
وَلِمَنْ,و|ل,من,,3,1.0,1
عَلِمْتُمْ,,علم,تم,3,1.0,1
جَزَاؤُهُ,,جزاؤ,ه,3,1.0,1
ارْجِعُوا,,ا+رجع,وا,3,1.0,1
حَافِظِينَ,,حافظ,ين,3,1.0,1
كَظِيمٌ,,كظيم,,3,1.0,1
يَجْزِي,ي,جزي,,3,1.0,1
وَجْهِهِ,,وجه,ه,3,1.0,1
أَدْعُو,أ,دعو,,3,1.0,1
عَمَدٍ,,عمد,,3,1.0,1
تَرَوْنَهَا,ت,ر+ون+ها+None+None,,3,1.0,1
أَعْنَاقِهِمْ,,أعناق,هم,3,1.0,1
وَيَسْتَعْجِلُونَكَ,و|ي,ستعجل+ون+ك+None+None,,3,1.0,1
الْحَسَنَةِ,ال,حسن,ة|(null),3,1.0,1
مَرَدَّ,,مرد,,3,1.0,1
يَسْجُدُ,ي,سجد,,3,1.0,1
جَعَلُوا,,جعل,وا,3,1.0,1
يَضْرِبُ,ي,ضرب,,3,1.0,1
وَيَخَافُونَ,و|ي,خاف+ون+None+None,,3,1.0,1
السَّيِّئَةَ,ال,سيئ,ة,3,1.0,1
يَدْخُلُونَهَا,ي,دخل+ون+ها+None+None,,3,1.0,1
أَنَابَ,,أناب,,3,1.0,1
بِذِكْرِ,ب,ذكر,,3,1.0,1
بِالرَّحْمَنِ,ب|ال,رحمن,,3,1.0,1
عِقَابِ,,عقاب,,3,1.0,1
مَكْرُهُمْ,,مكر,هم,3,1.0,1
وَاقٍ,,واق,,3,1.0,1
وُعِدَ,,وعد,(null),3,1.0,1
الْكُفَّارُ,ال,كفار,,3,1.0,1
لَشَدِيدٌ,,ل+شديد,,3,1.0,1
ذُنُوبِكُمْ,,ذنوب,كم,3,1.0,1
أَرْضِنَا,,أرض,نا,3,1.0,1
فَأَوْحَى,ف,أوحى,,3,1.0,1
وَعِيدِ,,وعيد,,3,1.0,1
كَلِمَةً,,كلم,ة,3,1.0,1
فَاجْعَلْ,ف,ا+جعل,,3,1.0,1
إِسْمَاعِيلَ,,إسماعيل,,3,1.0,1
يَعْمَلُ,ي,عمل,,3,1.0,1
يُؤَخِّرُهُمْ,ي,ؤخر,هم,3,1.0,1
مُهْطِعِينَ,,مهطع,ين,3,1.0,1
رُءُوسِهِمْ,,رءوس,هم,3,1.0,1
مَكَرُوا,,مكر,وا,3,1.0,1
مُقَرَّنِينَ,,مقرن,ين,3,1.0,1
الذِّكْرُ,ال,ذكر,,3,1.0,1
لَمَجْنُونٌ,,ل+مجنون,,3,1.0,1
لَقَالُوا,,ل+قال,وا,3,1.0,1
وَأَنْبَتْنَا,و,أنبت,نا,3,1.0,1
نُحْيِي,ن,حيي,,3,1.0,1
حَمَإٍ,,حمإ,,3,1.0,1
مَسْنُونٍ,,مسنون,,3,1.0,1
أَجْمَعُونَ,,أجمع,ون,3,1.0,1
عِبَادَكَ,,عباد,ك,3,1.0,1
جِئْنَاكَ,,جئ,نا|ك,3,1.0,1
مَتَّعْنَا,,متع,نا,3,1.0,1
وَاخْفِضْ,و,ا+خفض,,3,1.0,1
جَنَاحَكَ,,جناح,ك,3,1.0,1
أَنَّكَ,,أن,ك,3,1.0,1
تَعَالَى,,تعالى,,3,1.0,1
تَمِيدَ,ت,ميد,,3,1.0,1
تُسِرُّونَ,ت,سر,ون,3,1.0,1
تُعْلِنُونَ,ت,علن,ون,3,1.0,1
الْمُتَكَبِّرِينَ,ال,متكبر,ين,3,1.0,1
ظُلِمُوا,,ظلم,وا,3,1.0,1
يَخْسِفَ,ي,خسف,,3,1.0,1
لِيَكْفُرُوا,ل|ي,كفر,وا,3,1.0,1
وَيَجْعَلُونَ,و|ي,جعل+ون+None+None,,3,1.0,1
بُشِّرَ,,بشر,,3,1.0,1
لِلشَّارِبِينَ,ل|ال,شارب,ين,3,1.0,1
رَبِّكِ,,رب,ك,3,1.0,1
مُخْتَلِفٌ,,مختلف,(null),3,1.0,1
يَعْلَمَ,ي,علم,,3,1.0,1
وَمَتَاعَاً,و,متاع,ا,3,1.0,1
يُسْتَعْتَبُونَ,ي,ستعتب,ون,3,1.0,1
نَدْعُو,ن,دعو,,3,1.0,1
يُفْسِدُونَ,ي,فسد,ون,3,1.0,1
وَنَزَّلْنَا,و,نزل,نا,3,1.0,1
وَالْمُنْكَرِ,و|ال,منكر,,3,1.0,1
بِأَحْسَنِ,ب,أحسن,,3,1.0,1
وَلَنَجْزِيَنَّهُمْ,و,ل+ن+جزي+ن,هم,3,1.0,1
الْكَاذِبُونَ,ال,كاذب,ون,3,1.0,1
قَرْيَةً,,قري,ة|(null),3,1.0,1
وَجَعَلْنَاهُ,و,جعل,نا|ه,3,1.0,1
دُونِي,,دون,ي,3,1.0,1
حَمَلْنَا,,حمل,نا,3,1.0,1
عُلُوَّاً,,علو,ا,3,1.0,1
بَأْسٍ,,بأس,,3,1.0,1
مُبْصِرَةً,,مبصر,ة,3,1.0,1
اقْرَأْ,,ا+قرأ,,3,1.0,1
الْعَاجِلَةَ,ال,عاجل,ة,3,1.0,1
أُفٍّ,,أف,,3,1.0,1
الذُّلِّ,ال,ذل,(null),3,1.0,1
أَوْحَى,,أوحى,(null),3,1.0,1
صَرَّفْنَا,,صرف,نا,3,1.0,1
حَلِيمَاً,,حليم,ا,3,1.0,1
مَسْحُورَاً,,مسحور,ا,3,1.0,1
تَحْوِيلَاً,,تحويل,ا,3,1.0,1
الرُّؤْيَا,ال,رؤيا,,3,1.0,1
خَسَارَاً,,خسار,ا,3,1.0,1
أَنْعَمْنَا,,أنعم,نا,3,1.0,1
الرُّوحُ,ال,روح,,3,1.0,1
فَأَبَى,ف,أبى,,3,1.0,1
كُفُورَاً,,كفور,ا,3,1.0,1
الرَّحْمَنَ,ال,رحمن,,3,1.0,1
تَدْعُوا,ت,دع,وا,3,1.0,1
عَدَدَاً,,عدد,ا,3,1.0,1
فِرَارَاً,,فرار,ا,3,1.0,1
كَلْبُهُمْ,,كلب,هم,3,1.0,1
ثَلَاثَ,,ثلاث,(null),3,1.0,1
تُرِيدُ,ت,ريد,,3,1.0,1
كَالْمُهْلِ,ك|ال,مهل,,3,1.0,1
يُحَلَّوْنَ,ي,حل,ون,3,0.667,2
سُنْدُسٍ,,سندس,,3,1.0,1
وَاضْرِبْ,و,ا+ضرب,,3,1.0,1
زَرْعَاً,,زرع,ا,3,1.0,1
وَفَجَّرْنَا,و,فجر,نا,3,1.0,1
أَظُنُّ,أ,ظن,,3,1.0,1
قَائِمَةً,,قائم,ة|(null),3,1.0,1
وَخَيْرٌ,و,خير,,3,1.0,1
مُشْفِقِينَ,,مشفق,ين,3,1.0,1
مَالِ,,مال,,3,1.0,1
سَتَجِدُنِي,,س+ت+جد+ن,ي,3,1.0,1
فَانْطَلَقَا,ف,انطلق,ا,3,0.667,2
نُكْرَاً,,نكر,ا,3,1.0,1
الْقَرْنَيْنِ,ال,قرن,ين,3,1.0,1
عَيْنٍ,,عين,,3,1.0,1
وَوَجَدَ,و,وجد,,3,1.0,1
نَجْعَلْ,ن,جعل,,3,1.0,1
نَجْعَلُ,ن,جعل,,3,1.0,1
سَدَّاً,,سد,ا,3,1.0,1
جَمْعَاً,,جمع,ا,3,1.0,1
شَقِيَّاً,,شقي,ا,3,1.0,1
وَكَانَتِ,و,كان,ت,3,1.0,1
سَوِيَّاً,,سوي,ا,3,1.0,1
فَخَرَجَ,ف,خرج,,3,1.0,1
تَقِيَّاً,,تقي,ا,3,1.0,1
جَبَّارَاً,,جبار,ا,3,1.0,1
وَسَلَامٌ,و,سلام,(null),3,1.0,1
رَبُّكِ,,رب,ك,3,1.0,1
إِلَيْكِ,,إلي,ك,3,1.0,1
سَوْءٍ,,سوء,,3,1.0,1
بِالصَّلَاةِ,ب|ال,صلا,ة,3,1.0,1
وَإِلَيْنَا,و|إلي,نا,,3,1.0,1
تَنْتَهِ,ت,نته,,3,1.0,1
عِبَادَهُ,,عباد,ه,3,1.0,1
لَغْوَاً,,لغو,ا,3,1.0,1
وَاصْطَبِرْ,و,اصطبر,,3,1.0,1
فَرْدَاً,,فرد,ا,3,1.0,1
تَكَادُ,ت,كاد,,3,1.0,1
دَعَوْا,,دع,وا,3,1.0,1
تَسْمَعُ,ت,سمع,,3,1.0,1
تَذْكِرَةً,,تذكر,ة,3,1.0,1
وَهَلْ,و,هل,,3,1.0,1
لِأَهْلِهِ,ل,أهل,(null)|ه,3,1.0,1
آنَسْتُ,,آنس,ت,3,1.0,1
بِالْوَادِ,ب|ال,واد,,3,1.0,1
تَسْعَى,ت,سعى,,3,1.0,1
وَلِيَ,,ولي,,3,0.667,2
تَخْرُجْ,ت,خرج,,3,1.0,1
أَدُلُّكُمْ,أ,دل,كم,3,1.0,1
تَقَرَّ,ت,قر,,3,1.0,1
فَقُولَا,ف,قول,ا,3,0.667,2
لَعَلَّهُ,,لعل,ه,3,1.0,1
وَبَيْنَكَ,و,بين,ك,3,0.667,2
خَابَ,,خاب,,3,1.0,1
كَيْدُ,,كيد,,3,1.0,1
بِعِبَادِي,ب,عباد,ي,3,0.667,2
وَلَكِنَّا,و,لكن,نا,3,1.0,1
يَرْجِعُ,ي,رجع,,3,1.0,1
تَنْفَعُ,ت,نفع,,3,1.0,1
الشَّفَاعَةُ,ال,شفاع,ة,3,1.0,1
مَسَاكِنِهِمْ,,مساكن,هم,3,1.0,1
أَهْلَكَ,,أهلك,,3,0.667,2
فَسَتَعْلَمُونَ,ف,س+ت+علم+ون+None+None,,3,1.0,1
الصِّرَاطِ,ال,صراط,,3,1.0,1
فَسُبْحَانَ,ف,سبحان,,3,1.0,1
يُسْأَلُ,ي,سأل,,3,1.0,1
فَاعْبُدُونِ,ف,ا+عبد+ون+None+None+None,,3,1.0,1
مُكْرَمُونَ,,مكرم,ون,3,1.0,1
ارْتَضَى,,ارتضى,,3,1.0,1
فَذَلِكَ,ف,ذلك,,3,1.0,1
آلِهَتَكُمْ,,آله,ت|كم,3,1.0,1
وَآبَاءَهُمْ,و,آباء,هم,3,1.0,1
الدُّعَاءَ,ال,دعاء,,3,1.0,1
عَابِدِينَ,,عابد,ين,3,1.0,1
يُقَالُ,ي,قال,,3,1.0,1
الْكَرْبِ,ال,كرب,,3,1.0,1
وَالطَّيْرَ,و|ال,طير,,3,1.0,1
وَذَا,و,ذا,,3,1.0,1
الْوَارِثِينَ,ال,وارث,ين,3,1.0,1
وَجَعَلْنَاهَا,و,جعل,نا|ها,3,1.0,1
الْبَعْثِ,ال,بعث,(null),3,1.0,1
يَفْصِلُ,ي,فصل,,3,1.0,1
وَالشَّمْسُ,و|ال,شمس,,3,1.0,1
وَالْجِبَالُ,و|ال,جبال,,3,1.0,1
نُذِقْهُ,ن,ذق,ه,3,1.0,1
جَعَلْنَاهَا,,جعل,نا|ها,3,1.0,1
كَفُورٍ,,كفور,,3,1.0,1
أُخْرِجُوا,,اخرج,وا,3,1.0,1
لَقَوِيٌّ,,ل+قوي,,3,1.0,1
يُكَذِّبُوكَ,ي,كذب,و|ك,3,1.0,1
وَثَمُودُ,و,ثمود,,3,1.0,1
مُعَاجِزِينَ,,معاجز,ين,3,1.0,1
يُلْقِي,ي,لقي,,3,1.0,1
لَعَلَى,,ل+على,,3,1.0,1
لِيَكُونَ,ل|ي,كون,,3,1.0,1
أَزْوَاجِهِمْ,,أزواج,هم,3,1.0,1
مَكِينٍ,,مكين,,3,1.0,1
لَقَادِرُونَ,,ل+قادر,ون,3,1.0,1
جِنَّةٌ,,جن,ة|(null),3,1.0,1
انْصُرْنِي,,ا+نصر+ن,ي,3,1.0,1
كَذَّبُونِ,,كذب+و+ن+None,,3,1.0,1
أَنْشَأْنَا,,أنشأ,نا,3,1.0,1
فَجَعَلْنَاهُمْ,ف,جعل,نا|هم,3,1.0,1
وَقُلُوبُهُمْ,و,قلوب,(null)|هم,3,1.0,1
يَنْطِقُ,ي,نطق,,3,1.0,1
وَآبَاؤُنَا,و,آباؤ,نا,3,1.0,1
وَرَائِهِمْ,,ورائ,هم,3,1.0,1
نُفِخَ,,نفخ,,3,1.0,1
يَرْمُونَ,ي,رم,ون,3,1.0,1
أَبْنَاءِ,,أبناء,,3,1.0,1
مُبَيِّنَاتٍ,,مبين,ات,3,1.0,1
كَأَنَّهَا,,كأن,ها,3,1.0,1
نُورٍ,,نور,,3,1.0,1
مَوْجٌ,,موج,,3,1.0,1
يَضَعْنَ,ي,ضع,ن,3,1.0,1
نُشُورَاً,,نشور,ا,3,1.0,1
يُلْقَى,ي,يلقى,,3,1.0,1
فَجَعَلْنَاهُ,ف,جعل,نا|ه,3,1.0,1
مُسْتَقَرَّاً,,مستقر,ا,3,1.0,1
وَقَوْمَ,و,قوم,,3,1.0,1
ضَرَبْنَا,,ضرب,نا,3,1.0,1
بَلْدَةً,,بلد,ة,3,1.0,1
فَجَعَلَهُ,ف,جعل,ه,3,1.0,1
سِرَاجَاً,,سراج,ا,3,1.0,1
مَرُّوا,,مر,وا,3,1.0,1
نَشَأْ,ن,شأ,,3,1.0,1
آبَائِكُمُ,,آبائ,كم,3,1.0,1
سَيَهْدِينِ,,س+ي+هدي+ن,,3,1.0,1
ثَمَّ,,ثم,,3,1.0,1
بِقَلْبٍ,ب,قلب,,3,1.0,1
الْجَحِيمُ,ال,جحيم,,3,1.0,1
وَنَجِّنِي,و,نج+ن,ي,3,1.0,1
الْمَشْحُونِ,ال,مشحون,,3,1.0,1
بِمُعَذَّبِينَ,ب,معذب,ين,3,1.0,1
وَتَذَرُونَ,و|ت,ذر+ون+None+None,,3,1.0,1
تَنَزَّلُ,ت,نزل,,3,1.0,1
وَلَّى,,ولى,,3,1.0,1
يُوزَعُونَ,ي,وزع,ون,3,1.0,1
أُلْقِيَ,,ألقي,ت,3,1.0,1
وَفِرْعَوْنَ,و,فرعون,,3,1.0,1
أُمِّ,,أم,,3,1.0,1
شِيعَتِهِ,,شيع,ة|(null)|ه,3,1.0,1
إِلَهِ,,إله,,3,1.0,1
فَأَخَذْنَاهُ,ف,أخذ,نا|ه,3,1.0,1
أَعْرَضُوا,,أعرض,وا,3,1.0,1
الدَّارَ,ال,دار,,3,1.0,1
يَعْلَمْ,ي,علم,,3,1.0,1
يَالَيْتَ,يا,ليت,,3,1.0,1
يُلَقَّاهَا,ي,لقا+ها+None,,3,1.0,1
وَلَيَعْلَمَنَّ,و|ل|ي,علم+ن,,3,1.0,1
حَسِبَ,,حسب,,3,1.0,1
وَوَصَّيْنَا,و,وصي,نا,3,0.667,2
صُدُورِ,,صدور,(null),3,1.0,1
يُبْدِئُ,ي,بدئ,,3,1.0,1
النَّشْأَةَ,ال,نشأ,ة,3,1.0,1
الْآخِرَ,ال,آخر,(null),3,1.0,1
يَجْحَدُ,ي,جحد,,3,1.0,1
خَلْقُ,,خلق,(null),3,1.0,1
ضُرٌّ,,ضر,,3,1.0,1
كُفْرُهُ,,كفر,ه,3,1.0,1
مُصْفَرَّاً,,مصفر,ا,3,1.0,1
فَبَشِّرْهُ,ف,بشر,ه,3,1.0,1
الْغَرُورُ,ال,غرور,(null),3,1.0,1
يَعْرُجُ,ي,عرج,,3,1.0,1
مَهِينٍ,,مهين,,3,1.0,1
مُنْتَقِمُونَ,,منتقم,ون,3,1.0,1
آبَاءَهُمْ,,آباء,هم,3,1.0,1
فَأَحْبَطَ,ف,أحبط,,3,1.0,1
أُسْوَةٌ,,أسو,ة|(null),3,1.0,1
زَادَهُمْ,,زاد,هم,3,1.0,1
شَاهِدَاً,,شاهد,ا,3,1.0,1
وَمُبَشِّرَاً,و,مبشر,ا,3,1.0,1
أَفَاءَ,,أفاء,,3,1.0,1
يُدْرِيكَ,ي,دري,ك,3,1.0,1
لَعَلَّ,,لعل,,3,1.0,1
مُنِيبٍ,,منيب,,3,1.0,1
وَقَلِيلٌ,و,قليل,(null),3,1.0,1
جَنَّتَانِ,,جن,ت|ان,3,1.0,1
أَوْلَادُكُمْ,,أولاد,كم,3,1.0,1
عَمَلِهِ,,عمل,(null)|ه,3,1.0,1
مَقْتَاً,,مقت,ا,3,1.0,1
جَمِيعٌ,,جميع,(null),3,1.0,1
وَآيَةٌ,و,آي,ة,3,1.0,1
الْأَجْدَاثِ,ال,أجداث,,3,1.0,1
بِقَادِرٍ,ب,قادر,,3,1.0,1
أَهُمْ,أ,هم,,3,1.0,1
خَلَقْنَاهُمْ,,خلق,نا|هم,3,1.0,1
وَصَدَّقَ,و,صدق,,3,1.0,1
مَعِينٍ,,معين,(null),3,1.0,1
قَاصِرَاتُ,,قاصر,ات,3,1.0,1
الطَّرْفِ,ال,طرف,,3,1.0,1
مُنْذِرِينَ,,منذر,ين,3,1.0,1
النُّجُومِ,ال,نجوم,(null),3,1.0,1
فَرَاغَ,ف,راغ,,3,1.0,1
فَكَفَرُوا,ف,كفر,وا,3,0.667,2
فَتَوَلَّ,ف,تول,,3,1.0,1
عَبْدَنَا,,عبد,نا,3,1.0,1
خَلَقْتُ,,خلق,ت,3,1.0,1
مُخْلِصَاً,,مخلص,ا,3,1.0,1
يَاعِبَادِ,يا,عباد,,3,1.0,1
حُطَامَاً,,حطام,ا,3,1.0,1
جَاءُوهَا,,جاء,و|ها,3,1.0,1
خَزَنَتُهَا,,خزن,ت|ها,3,1.0,1
خَاشِعَةً,,خاشع,ة,3,1.0,1
مُصِيبَةٍ,,مصيب,ة,3,1.0,1
الْجَوَارِ,ال,جوار,,3,1.0,1
بِذَلِكَ,ب,ذلك,,3,1.0,1
يَضْحَكُونَ,ي,ضحك,ون,3,1.0,1
يُلَاقُوا,ي,لاق,وا,3,1.0,1
يَوْمَهُمُ,,يوم,هم,3,1.0,1
النُّذُرُ,ال,نذر,,3,1.0,1
يَغْفِرْ,ي,غفر,,3,1.0,1
وَأَنْهَارٌ,و,أنهار,,3,1.0,1
حَمِيمَاً,,حميم,ا,3,1.0,1
فَأَوْلَى,ف,أولى,,3,1.0,1
لِتُؤْمِنُوا,,ل+ت+ؤمن,وا,3,1.0,1
فَأَصْلِحُوا,ف,أ+صلح,وا,3,1.0,1
مُعْتَدٍ,,معتد,,3,1.0,1
لَوَاقِعٌ,ل,واقع,,3,1.0,1
لِحُكْمِ,ل,حكم,,3,1.0,1
الْبَصَرُ,ال,بصر,(null),3,1.0,1
أَفَرَأَيْتُمُ,أ|ف,رأي+تم+None,,3,1.0,1
وَالْأُولَى,و|ال,أولى,,3,1.0,1
بِالْحُسْنَى,ب|ال,حسنى,,3,1.0,1
الذَّكَرَ,ال,ذكر,(null),3,1.0,1
يَخْرُجُونَ,ي,خرج,ون,3,1.0,1
بِالنُّذُرِ,ب|ال,نذر,,3,1.0,1
سَيَعْلَمُونَ,,س+ي+علم+ون+None+None,,3,1.0,1
سَقَرَ,,سقر,,3,1.0,1
عَلَّمَ,,علم,,3,1.0,1
إِنْسٌ,,إنس,,3,1.0,1
الْمَيْمَنَةِ,ال,ميمن,ة,3,1.0,1
الْمَشْأَمَةِ,ال,مشأم+ة+None,,3,1.0,1
سَبَّحَ,,سبح,,3,1.0,1
مِسْكِينَاً,,مسكين,ا,3,1.0,1
الْحَاقَّةُ,ال,حاق,ة,3,1.0,1
الْجَحِيمَ,ال,جحيم,,3,1.0,1
طَعَامِ,,طعام,,3,1.0,1
الْمِسْكِينِ,ال,مسكين,,3,1.0,1
بِقَوْلِ,ب,قول,,3,1.0,1
مَالُهُ,,مال,ه,3,1.0,1
قَدَّرَ,,قدر,,3,0.667,2
لِلْبَشَرِ,ل|ال,بشر,(null),3,1.0,1
وَالْقَمَرِ,و|ال,قمر,,3,1.0,1
الْأَبْرَارَ,ال,أبرار,,3,1.0,1
بِالدِّينِ,ب|ال,دين,(null),3,1.0,1
الْيَتِيمَ,ال,يتيم,,3,1.0,1
الْبَلَدِ,ال,بلد,(null),3,1.0,1
يَرَهُ,ي,ر,ه,3,1.0,1
الْقَدْرِ,ال,قدر,,3,1.0,1
الْقَارِعَةُ,ال,قارع,ة,3,1.0,1
وَيُقِيمُونَ,و|ي,قيم,ون,2,0.5,2
أَأَنْذَرْتَهُمْ,أ,أنذر,ت|هم,2,1.0,1
تُنْذِرْهُمْ,ت,نذر,هم,2,1.0,1
أَبْصَارِهِمْ,,أبصار,هم,2,1.0,1
يُخَادِعُونَ,ي,خادع,ون,2,1.0,1
يَكْذِبُونَ,ي,كذب,و|ن,2,1.0,1
مُصْلِحُونَ,,مصلح,ون,2,1.0,1
لَقُوا,,لق,وا,2,1.0,1
مَثَلُهُمْ,,مثل,هم,2,1.0,1
ظُلُمَاتٍ,,ظلم,ات,2,1.0,1
بُكْمٌ,,بكم,,2,1.0,1
عُمْيٌ,,عمي,,2,1.0,1
ظُلُمَاتٌ,,ظلم,ات,2,1.0,1
يَجْعَلُونَ,ي,جعل,ون,2,0.5,2
أَصَابِعَهُمْ,,أصابع,هم,2,1.0,1
حَذَرَ,,حذر,,2,1.0,1
أَبْصَارَهُمْ,,أبصار,هم,2,1.0,1
أَظْلَمَ,,أظلم,,2,1.0,1
لَذَهَبَ,,ل+ذهب,,2,1.0,1
وَأَبْصَارِهِمْ,و,أبصار,هم,2,1.0,1
بِنَاءً,,بناء,,2,1.0,1
رَيْبٍ,,ريب,(null),2,1.0,1
عَبْدِنَا,,عبد,نا,2,1.0,1
بِسُورَةٍ,ب,سور,ة,2,1.0,1
وَقُودُهَا,,وقود,ها,2,1.0,1
وَالْحِجَارَةُ,و|ال,حجار,ة,2,1.0,1
يَسْتَحْيِي,ي,ستحيي,,2,1.0,1
عَهْدَ,,عهد,(null),2,1.0,1
مِيثَاقِهِ,,ميثاق,ه,2,1.0,1
وَيَقْطَعُونَ,و|ي,قطع+ون+None+None,,2,1.0,1
وَيُفْسِدُونَ,و|ي,فسد,و|ن,2,1.0,1
أَمْوَاتَاً,,أموات,ا,2,1.0,1
خَلِيفَةً,,خليف,ة,2,1.0,1
بِأَسْمَائِهِمْ,ب,أسمائ,هم,2,1.0,1
غَيْبَ,,غيب,,2,1.0,1
اسْكُنْ,,ا+سكن,,2,1.0,1
وَزَوْجُكَ,و,زوج,ك,2,0.5,2
شِئْتُمَا,,شئ,تما,2,1.0,1
تَقْرَبَا,ت,قرب,ا,2,1.0,1
فَتَكُونَا,ف|ت,كون,ا,2,1.0,1
كَانَا,,كان,ا,2,1.0,1
آدَمُ,,آدم,,2,1.0,1
تَبِعَ,,تبع,,2,1.0,1
هُدَايَ,,هدا,ي,2,1.0,1
فَارْهَبُونِ,ف,ا+رهب+ون+None+None+None,,2,1.0,1
الرَّاكِعِينَ,ال,راكع,ين,2,1.0,1
بِالْبِرِّ,ب|ال,بر,,2,1.0,1
وَتَنْسَوْنَ,و|ت,نس+ون+None+None,,2,1.0,1
وَإِنَّهَا,و,أن,ها,2,1.0,1
وَأَنِّي,و,أن+ي,,2,1.0,1
فَضَّلْتُكُمْ,,فضل,ت|كم,2,1.0,1
تَجْزِي,ت,جزي,,2,1.0,1
يُقْبَلُ,ي,قبل,,2,1.0,1
يُؤْخَذُ,ي,ؤخذ,,2,1.0,1
عَدْلٌ,,عدل,,2,1.0,1
اتَّخَذْتُمُ,,اتخذ,تم,2,1.0,1
ظَلَمْتُمْ,,ظلم,تم,2,1.0,1
بَارِئِكُمْ,,بارئ,كم,2,1.0,1
فَاقْتُلُوا,ف,ا+قتل,وا,2,1.0,1
وَظَلَّلْنَا,و,ظلل,نا,2,1.0,1
الْغَمَامَ,ال,غمام,,2,1.0,1
ظَلَمُونَا,,ظلم,و|نا,2,1.0,1
حِطَّةٌ,,حط,ة,2,1.0,1
نَغْفِرْ,ن,غفر,,2,1.0,1
خَطَايَاكُمْ,,خطايا,كم,2,1.0,1
فَبَدَّلَ,ف,بدل,,2,1.0,1
الْحَجَرَ,ال,حجر,,2,1.0,1
اثْنَتَا,,اثن,ت|ا,2,1.0,1
مَشْرَبَهُمْ,,مشرب,هم,2,1.0,1
رِزْقِ,,رزق,,2,1.0,1
طَعَامٍ,,طعام,,2,1.0,1
فَادْعُ,ف,ا+دع,,2,1.0,1
تُنْبِتُ,ت,نبت,,2,1.0,1
وَضُرِبَتْ,و,ضرب,ت,2,1.0,1
الذِّلَّةُ,ال,ذل,ة,2,1.0,1
وَبَاءُوا,و,باء,وا,2,1.0,1
وَالصَّابِئِينَ,و|ال,صابئ,ين,2,1.0,1
فَوْقَكُمُ,,فوق,كم,2,1.0,1
عَلِمْتُمُ,,علم,تم,2,1.0,1
قِرَدَةً,,قرد,ة,2,1.0,1
خَاسِئِينَ,,خاسئ,ين,2,1.0,1
فَجَعَلْنَاهَا,ف,جعل,نا|ها,2,1.0,1
نَكَالَاً,,نكال,ا,2,1.0,1
تُؤْمَرُونَ,ت,ؤمر,ون,2,1.0,1
لَوْنُهَا,,لون,ها,2,1.0,1
تَشَابَهَ,,تشابه,,2,1.0,1
لَمُهْتَدُونَ,,ل+مهتد,ون,2,1.0,1
الْحَرْثَ,ال,حرث,,2,1.0,1
مُخْرِجٌ,,مخرج,(null),2,1.0,1
وَيُرِيكُمْ,و|ي,ري,كم,2,1.0,1
قَسَتْ,,قس,ت,2,1.0,1
خَلَا,,خلا,,2,1.0,1
تَمَسَّنَا,ت,مس,نا,2,1.0,1
يُخْلِفَ,ي,خلف,,2,1.0,1
تَشْهَدُونَ,ت,شهد,ون,2,1.0,1
يُرَدُّونَ,ي,رد,ون,2,1.0,1
وَأَيَّدْنَاهُ,و,أيد,نا|ه,2,1.0,1
كَذَّبْتُمْ,,كذب,تم,2,1.0,1
غُلْفٌ,,غلف,,2,1.0,1
عَرَفُوا,,عرف,وا,2,1.0,1
أَنْبِيَاءَ,,أنبياء,,2,1.0,1
وَعَصَيْنَا,و,عصي,نا,2,0.5,2
الدَّارُ,ال,دار,,2,1.0,1
فَتَمَنَّوُا,,ف+تمن,وا,2,0.5,2
يُعَمَّرُ,ي,عمر,,2,1.0,1
نَزَّلَهُ,,نزل,ه,2,1.0,1
الْمَرْءِ,ال,مرء,,2,1.0,1
اشْتَرَاهُ,,اشترا,ه,2,1.0,1
خَلَاقٍ,,خلاق,,2,1.0,1
يُنَزَّلَ,ي,نزل,,2,1.0,1
يَخْتَصُّ,ي,ختص,,2,1.0,1
بِرَحْمَتِهِ,ب,رحم,ت|ه,2,1.0,1
وَدَّ,,ود,,2,1.0,1
تَجِدُوهُ,ت,جد,و|ه,2,1.0,1
أَجْرُهُ,,أجر,ه,2,1.0,1
لَيْسَتِ,,ليس,ت,2,1.0,1
قَوْلِهِمْ,,قول,(null)|هم,2,1.0,1
وَسَعَى,و,سعى,,2,1.0,1
يَدْخُلُوهَا,ي,دخل,و|ها,2,1.0,1
الْمَشْرِقُ,ال,مشرق,(null),2,1.0,1
وَالْمَغْرِبُ,و|ال,مغرب,(null),2,1.0,1
قَانِتُونَ,,قانت,ون,2,1.0,1
بَدِيعُ,,بديع,,2,1.0,1
تَرْضَى,ت,رضى,,2,1.0,1
لِلطَّائِفِينَ,ل|ال,طائف,ين,2,1.0,1
وَالرُّكَّعِ,و|ال,ركع,,2,1.0,1
وَاجْعَلْنَا,و,ا+جعل,نا,2,1.0,1
وَابْعَثْ,و,ا+بعث,,2,1.0,1
أَسْلَمْتُ,,أسلم,ت,2,1.0,1
تَمُوتُنَّ,ت,موت+ن+None,,2,1.0,1
تَهْتَدُوا,ت,هتد,وا,2,1.0,1
قُولُوا,,قول,وا,2,1.0,1
النَّبِيُّونَ,ال,نبي,ون,2,1.0,1
جَعَلْنَاكُمْ,,جعل,نا|كم,2,1.0,1
لِتَكُونُوا,,ل+ت+كون,وا,2,1.0,1
قِبْلَةً,,قبل,ة,2,1.0,1
وَحَيْثُمَا,و,ما+حيث,,2,1.0,1
فَوَلُّوا,,ف+ول+وا+None,,2,0.5,2
شَطْرَهُ,,شطر,ه,2,1.0,1
بِتَابِعٍ,ب,تابع,,2,1.0,1
يَعْرِفُونَهُ,ي,عرف+ون+ه+None+None,,2,1.0,1
فَاسْتَبِقُوا,ف,ا+ستبق,وا,2,1.0,1
خَرَجْتَ,,خرج,ت,2,1.0,1
حُجَّةٌ,,حج,ة,2,1.0,1
تَخْشَوْهُمْ,ت,خش,و|هم,2,1.0,1
وَيُعَلِّمُكُمُ,و|ي,علم,كم,2,1.0,1
اسْتَعِينُوا,,استعين,وا,2,1.0,1
أَمْوَاتٌ,,أموات,,2,1.0,1
أَحْيَاءٌ,,أحياء,,2,1.0,1
وَلَنَبْلُوَنَّكُمْ,و,ل+ن+بلو+ن,كم,2,1.0,1
الْخَوْفِ,ال,خوف,,2,1.0,1
وَنَقْصٍ,و,نقص,,2,1.0,1
أَصَابَتْهُمْ,,أصاب,ت|كم,2,1.0,1
شَعَائِرِ,,شعائر,,2,1.0,1
تَطَوَّعَ,,تطوع,,2,1.0,1
وَإِلَهُكُمْ,و,إله,كم,2,1.0,1
وَتَصْرِيفِ,و,تصريف,,2,1.0,1
الرِّيَاحِ,ال,رياح,,2,1.0,1
يَتَّخِذُ,ي,تخذ,,2,1.0,1
تَبَرَّأَ,,تبرأ,,2,1.0,1
وَرَأَوُا,و,رأ,وا,2,1.0,1
حَسَرَاتٍ,,حسر,ات,2,1.0,1
بِخَارِجِينَ,ب,خارج,ين,2,1.0,1
الْمَيْتَةَ,ال,ميت,ة,2,1.0,1
وَلَحْمَ,و,لحم,,2,1.0,1
يُكَلِّمُهُمُ,ي,كلم,هم,2,1.0,1
يُزَكِّيهِمْ,ي,زكي,هم,2,1.0,1
قِبَلَ,,قبل,,2,1.0,1
الْمَالَ,ال,مال,,2,1.0,1
حُبِّهِ,,حب,ه,2,1.0,1
وَالْمَسَاكِينَ,و|ال,مساكين,(null),2,1.0,1
وَأَقَامَ,و,أقام,(null),2,1.0,1
بِالْأُنْثَى,ب|ال,أنثى,,2,1.0,1
فَعِدَّةٌ,ف,عد,ة,2,1.0,1
أُخَرَ,,أخر,,2,1.0,1
فِدْيَةٌ,,فدي,ة,2,1.0,1
مِنْكُمُ,من,كم,,2,1.0,1
الشَّهْرَ,ال,شهر,,2,1.0,1
الْعِدَّةَ,ال,عد,ة,2,1.0,1
فَلْيَسْتَجِيبُوا,ف,ل+ي+ستجيب,وا,2,1.0,1
لِبَاسٌ,,لباس,,2,1.0,1
عَاكِفُونَ,,عاكف,ون,2,1.0,1
لِتَأْكُلُوا,,ل+ت+أكل,وا,2,1.0,1
أَمْوَالِ,,أموال,,2,1.0,1
الْبُيُوتَ,ال,بيوت,(null),2,1.0,1
ثَقِفْتُمُوهُمْ,,ثقف+تمو+None,هم,2,1.0,1
وَالْفِتْنَةُ,و|ال,فتن,ة,2,1.0,1
قَاتَلُوكُمْ,,قاتل,و|كم,2,1.0,1
وَقَاتِلُوهُمْ,و,قاتل,و|هم,2,1.0,1
عُدْوَانَ,,عدوان,(null),2,1.0,1
قِصَاصٌ,,قصاص,,2,1.0,1
بِأَيْدِيكُمْ,ب,أيدي,كم,2,1.0,1
الْحَجَّ,ال,حج,,2,1.0,1
اسْتَيْسَرَ,,استيسر,,2,1.0,1
الْهَدْيِ,ال,هدي,,2,1.0,1
رُءُوسَكُمْ,,رءوس,كم,2,1.0,1
مَحِلَّهُ,,محل,ه,2,1.0,1
صَدَقَةٍ,,صدقة,,2,1.0,1
ثَلَاثَةِ,,ثلاث,ة,2,1.0,1
رَجَعْتُمْ,,رجع,تم,2,1.0,1
يَعْلَمْهُ,ي,علم,ه,2,1.0,1
تَبْتَغُوا,ت,بتغ,وا,2,1.0,1
أَفَضْتُمْ,,أفض,تم,2,1.0,1
أَفِيضُوا,,أفيض,وا,2,1.0,1
وَقِنَا,و,ق,نا,2,1.0,1
تَأَخَّرَ,,تأخر,,2,1.0,1
قَوْلُهُ,,قول,(null)|ه,2,1.0,1
قَلْبِهِ,,قلب,ه,2,1.0,1
الْخِصَامِ,ال,خصام,,2,1.0,1
اتَّقِ,,ا+تق,,2,1.0,1
أَخَذَتْهُ,,أخذ,ت|ه,2,1.0,1
وَيَسْخَرُونَ,و|ي,سخر+ون+None+None,,2,0.5,2
فَبَعَثَ,ف,بعث,,2,1.0,1
مَعَهُمُ,,مع,هم,2,1.0,1
اخْتَلَفَ,,اختلف,,2,1.0,1
وَزُلْزِلُوا,و,زلزل,وا,2,1.0,1
نَصْرَ,,نصر,,2,1.0,1
وَعَسَى,و,عسى,,2,1.0,1
تَكْرَهُوا,ت,كره,وا,2,1.0,1
وَالْمَسْجِدِ,و|ال,مسجد,,2,1.0,1
يَزَالُونَ,ي,زال,و|ن,2,1.0,1
دِينِهِ,,دين,(null)|ه,2,1.0,1
كَافِرٌ,,كافر,,2,1.0,1
الْخَمْرِ,ال,خمر,,2,1.0,1
وَالْمَيْسِرِ,و|ال,ميسر,,2,1.0,1
إِثْمٌ,,إثم,,2,1.0,1
الْعَفْوَ,ال,عفو,(null),2,1.0,1
يُؤْمِنَّ,ي,ؤمن,,2,1.0,1
أَعْجَبَتْكُمْ,,أعجب,ت|كم,2,1.0,1
وَيُبَيِّنُ,و|ي,بين,,2,1.0,1
يُؤَاخِذُكُمُ,ي,ؤاخذ,كم,2,1.0,1
يُؤَاخِذُكُمْ,ي,ؤاخذ,كم,2,1.0,1
أَرْبَعَةِ,,أربع,ة|(null),2,1.0,1
يَتَرَبَّصْنَ,ي,تربص,ن,2,1.0,1
بِأَنْفُسِهِنَّ,ب,أنفس,هن,2,1.0,1
إِصْلَاحَاً,,إصلاح,ا,2,1.0,1
وَلَهُنَّ,و|ل,هن,,2,1.0,1
تَأْخُذُوا,ت,أخذ,وا,2,1.0,1
يَتَعَدَّ,ي,تعد,,2,1.0,1
طَلَّقَهَا,,طلق,ها,2,1.0,1
غَيْرَهُ,,غير,ه,2,1.0,1
فَبَلَغْنَ,ف,بلغ,ن,2,1.0,1
ضِرَارَاً,,ضرار,ا,2,1.0,1
وَالْحِكْمَةِ,و|ال,حكم,ة,2,1.0,1
تَعْضُلُوهُنَّ,ت,عضل,و|هن,2,1.0,1
يُوعَظُ,ي,وعظ,,2,1.0,1
وَأَطْهَرُ,و,أطهر,,2,1.0,1
أَوْلَادَهُنَّ,,أولاد,هن,2,1.0,1
يُتِمَّ,ي,تم,,2,1.0,1
تُكَلَّفُ,ت,كلف,,2,1.0,1
مَوْلُودٌ,,مولود,,2,1.0,1
تَرَاضٍ,,تراض,,2,1.0,1
أَرَدْتُمْ,,أرد,تم,2,1.0,1
يُتَوَفَّوْنَ,ي,توف,ون,2,1.0,1
أَرْبَعَةَ,,أربع,ة|(null),2,1.0,1
بَلَغْنَ,,بلغ,ن,2,1.0,1
فَعَلْنَ,,فعل,ن,2,1.0,1
أَنْفُسِهِنَّ,,أنفس+ه+ن,,2,1.0,1
النِّكَاحِ,ال,نكاح,,2,1.0,1
قَدَرُهُ,,قدر,ه,2,1.0,1
طَلَّقْتُمُوهُنَّ,,طلق+تم+و,هن,2,1.0,1
فَرَضْتُمْ,,فرض,تم,2,1.0,1
يَعْفُوَ,ي,عفو,,2,1.0,1
وَصِيَّةً,,وصي,ة,2,1.0,1
مُوتُوا,,موت,وا,2,1.0,1
يُقْرِضُ,ي,قرض,,2,1.0,1
فَيُضَاعِفَهُ,ف|ي,ضاعف,ه,2,1.0,1
أَضْعَافَاً,,أضعاف,ا,2,1.0,1
الْمَلَإِ,ال,ملأ,,2,1.0,1
مَلِكَاً,,ملك,ا,2,1.0,1
عَسَيْتُمْ,,عسي,تم,2,1.0,1
تُقَاتِلُوا,ت,قاتل,وا,2,1.0,1
نَبِيُّهُمْ,,نبي,هم,2,1.0,1
يُؤْتَ,ي,ؤت,,2,1.0,1
بَسْطَةً,,بسط,ة,2,1.0,1
مُلْكَهُ,,ملك,ه,2,1.0,1
آلُ,,آل,,2,1.0,1
تَحْمِلُهُ,ت,حمل,ه,2,1.0,1
طَاقَةَ,,طاق,ة|(null),2,1.0,1
وَجُنُودِهِ,و,جنود+ه+None,,2,0.5,2
غَلَبَتْ,,غلب,ت,2,1.0,1
فِئَةً,,فئ,ة,2,1.0,1
بَرَزُوا,,برز,وا,2,1.0,1
أَفْرِغْ,,أ+فرغ,,2,1.0,1
وَثَبِّتْ,و,ثبت,,2,1.0,1
أَقْدَامَنَا,,أقدام,نا,2,1.0,1
وَانْصُرْنَا,و,ا+نصر,نا,2,1.0,1
دَاوُودُ,,داوود,,2,1.0,1
دَفْعُ,,دفع,(null),2,1.0,1
لَفَسَدَتِ,ل,فسد,ت,2,1.0,1
وَلَكِنِ,و,لكن,,2,1.0,1
اقْتَتَلُوا,,اقتتل,وا,2,1.0,1
الْقَيُّومُ,ال,قيوم,,2,1.0,1
يُحِيطُونَ,ي,حيط,ون,2,1.0,1
اسْتَمْسَكَ,,استمسك,,2,1.0,1
بِالْعُرْوَةِ,ب|ال,عرو,ة,2,1.0,1
الْوُثْقَى,ال,وثقى,,2,1.0,1
آتَاهُ,,آتا,ه,2,1.0,1
لَبِثْتَ,,لبث,ت,2,1.0,1
لَبِثْتُ,,لبث,ت,2,1.0,1
أَرِنِي,,أ+ر+ن,ي,2,1.0,1
تُؤْمِنْ,ت,ؤمن,,2,1.0,1
أَرْبَعَةً,,أربع,ة|(null),2,1.0,1
جُزْءَاً,,جزء,ا,2,1.0,1
مَنَّاً,من,نا,,2,1.0,1
مَعْرُوفٌ,,معروف,(null),2,1.0,1
تُبْطِلُوا,ت,بطل,وا,2,1.0,1
رِئَاءَ,,رئاء,,2,1.0,1
فَمَثَلُهُ,ف,مثل,ه,2,1.0,1
أَحَدُكُمْ,,أحد,كم,2,1.0,1
ذُرِّيَّةٌ,,ذر+ي,ة,2,1.0,1
أَخْرَجْنَا,,أخرج,نا,2,1.0,1
تُنْفِقُونَ,ت,نفق,ون,2,1.0,1
يَعِدُكُمُ,ي,عد,كم,2,1.0,1
يَعِدُكُمْ,ي,عد,كم,2,1.0,1
هُدَاهُمْ,,هدا,هم,2,1.0,1
يُوَفَّ,ي,وف,,2,1.0,1
ضَرْبَاً,,ضرب,ا,2,1.0,1
الْبَيْعَ,ال,بيع,(null),2,1.0,1
مَوْعِظَةٌ,,موعظ,ة|(null),2,1.0,1
كَفَّارٍ,,كفار,,2,1.0,1
تُبْتُمْ,,تب,تم,2,1.0,1
فَلَكُمْ,ف|ل,كم,,2,1.0,1
رُءُوسُ,,رءوس,,2,1.0,1
تُوَفَّى,,توفي,(null),2,1.0,1
يَأْبَ,ي,أب,,2,1.0,1
وَلْيَتَّقِ,و,ل+ي+تق,,2,1.0,1
يَسْتَطِيعُ,ي,ستطيع,,2,1.0,1
رِجَالِكُمْ,,رجال,كم,2,1.0,1
صَغِيرَاً,,صغير,ا,2,1.0,1
أَقْسَطُ,,أقسط,,2,1.0,1
وَأَقْوَمُ,و,أقوم,,2,1.0,1
وَأَشْهِدُوا,و,أشهد,وا,2,1.0,1
الشَّهَادَةَ,ال,شهاد,ة|(null),2,1.0,1
رُسُلِهِ,,رسل,ه,2,1.0,1
يُكَلِّفُ,ي,كلف,,2,1.0,1
تَحْمِلْ,ت,حمل,,2,1.0,1
قَبْلِنَا,,قبل,نا,2,1.0,1
مَوْلَانَا,,مولا,نا,2,1.0,1
أُمُّ,,أم,,2,1.0,1
فَيَتَّبِعُونَ,ف|ي,تبع+ون+None+None,,2,1.0,1
وَابْتِغَاءَ,و,ابتغاء,,2,1.0,1
تَأْوِيلَهُ,,تأويل,ه,2,1.0,1
وَهَبْ,و,هب,,2,1.0,1
الْوَهَّابُ,ال,وهاب,,2,1.0,1
جَامِعُ,,جامع,,2,1.0,1
فِئَتَيْنِ,,فئ,ت|ين,2,1.0,1
فِئَةٌ,,فئ,ة,2,1.0,1
حُسْنُ,,حسن,,2,1.0,1
وَالصَّادِقِينَ,و|ال,صادق,ين,2,1.0,1
وَالْقَانِتِينَ,و|ال,قانت,ين,2,1.0,1
وَجْهِيَ,,وجه,ي,2,1.0,1
يُدْعَوْنَ,ي,دع,ون,2,1.0,1
وَوُفِّيَتْ,و,وفي,ت,2,1.0,1
تُؤْتِي,ت,ؤتي,,2,1.0,1
بِيَدِكَ,ب,يد,ك,2,1.0,1
الْخَيْرُ,ال,خير,(null),2,1.0,1
وَتُخْرِجُ,و|ت,خرج,,2,1.0,1
تَتَّقُوا,ت,تق,وا,2,1.0,1
وَيُحَذِّرُكُمُ,و|ي,حذر,كم,2,1.0,1
بَيْنَهَا,,بين,ها,2,1.0,1
فَاتَّبِعُونِي,,ف+اتبع+و+ن,ي,2,1.0,1
وَآلَ,و,آل,,2,1.0,1
بَعْضُهَا,,بعض,ها,2,1.0,1
نَذَرْتُ,,نذر,ت,2,1.0,1
الذَّكَرُ,ال,ذكر,(null),2,1.0,1
الرَّجِيمِ,ال,رجيم,,2,1.0,1
نَبَاتَاً,,نبات,ا,2,1.0,1
دَخَلَ,,دخل,(null),2,1.0,1
الْمِحْرَابَ,ال,محراب,,2,1.0,1
لَكِ,ل,ك,,2,1.0,1
الدُّعَاءِ,ال,دعاء,,2,1.0,1
يُصَلِّي,ي,صلي,,2,1.0,1
الْمِحْرَابِ,ال,محراب,,2,1.0,1
بِكَلِمَةٍ,ب,كلم,ة,2,1.0,1
آيَتُكَ,,آي,ت|ك,2,1.0,1
تُكَلِّمَ,ت,كلم,,2,1.0,1
وَالْإِبْكَارِ,و|ال,إبكار,,2,1.0,1
نُوحِيهِ,ن,وحي,ه,2,1.0,1
يُلْقُونَ,ي,لق,ون,2,1.0,1
وَجِيهَاً,,وجيه,ا,2,1.0,1
وَكَهْلَاً,و,كهل,ا,2,1.0,1
يَمْسَسْنِي,ي,مسس+ن,ي,2,1.0,1
وَالتَّوْرَاةَ,و|ال,تورا,ة,2,1.0,1
كَهَيْئَةِ,ك,هيئ,ة,2,1.0,1
الْأَكْمَهَ,ال,أكمه,,2,1.0,1
وَالْأَبْرَصَ,و|ال,أبرص,,2,1.0,1
وَمُصَدِّقَاً,و,مصدق,ا,2,1.0,1
يَدَيَّ,,يد,ي,2,1.0,1
أَنْصَارِي,,أنصار,ي,2,1.0,1
أَنْصَارُ,,أنصار,,2,1.0,1
وَاشْهَدْ,و|أ,شهد,,2,0.5,2
بِأَنَّا,,ب+أن,نا,2,1.0,1
أَنْزَلْتَ,,أنزل,ت,2,1.0,1
فَاكْتُبْنَا,,ف+ا+كتب,نا,2,1.0,1
الْمَاكِرِينَ,ال,ماكر,ين,2,1.0,1
فَيُوَفِّيهِمْ,ف|ي,وفي,هم,2,1.0,1
مَثَلَ,,مثل,,2,1.0,1
لَعْنَتَ,,لعن,ة,2,1.0,1
بِالْمُفْسِدِينَ,ب|ال,مفسد,ين,2,1.0,1
كَلِمَةٍ,,كلم,ة,2,1.0,1
فَقُولُوا,ف,قول,وا,2,1.0,1
تُحَاجُّونَ,ت,حاج,ون,2,0.5,2
مُسْلِمَاً,,مسلم,ا,2,1.0,1
يُضِلُّونَ,ي,ضل+ون+None+None,,2,0.5,2
يُؤْتَى,ي,ؤتى,,2,1.0,1
بِيَدِ,ب,يد,,2,1.0,1
تَأْمَنْهُ,ت,أمن,ه,2,1.0,1
يُؤَدِّهِ,ي,ؤد,ه,2,1.0,1
الْأُمِّيِّينَ,ال,أم+ي,ين,2,1.0,1
بِعَهْدِهِ,ب,عهد+ه+None+None,,2,0.5,2
وَاتَّقَى,و,اتقى,,2,1.0,1
عِبَادَاً,,عباد,ا,2,1.0,1
تَدْرُسُونَ,ت,درس,ون,2,1.0,1
وَكَرْهَاً,و,كره,ا,2,1.0,1
الْإِسْلَامِ,ال,إسلام,,2,1.0,1
يُقْبَلَ,ي,قبل,,2,1.0,1
وَجَاءَهُمُ,و,جاء,هم,2,1.0,1
ازْدَادُوا,,ازداد,وا,2,1.0,1
تُقْبَلَ,ت,قبل,,2,1.0,1
أَحَدِهِمْ,,أحد,هم,2,1.0,1
تُنَزَّلَ,ت,نزل,,2,1.0,1
صَدَقَ,,صدق,(null),2,1.0,1
بَيِّنَاتٌ,,بين,ات,2,1.0,1
شُهَدَاءُ,,شهداء,,2,1.0,1
وَفِيكُمْ,و|في,كم,,2,1.0,1
وَاعْتَصِمُوا,و,اعتصم+وا+None,,2,0.5,2
فَأَصْبَحْتُمْ,ف,أصبح,تم,2,1.0,1
إِخْوَانَاً,,إخوان,ا,2,1.0,1
شَفَا,,شفا,,2,1.0,1
وَتُؤْمِنُونَ,و|ت,ؤمن+ون+None+None,,2,1.0,1
وَأَكْثَرُهُمُ,و,أكثر,هم,2,0.5,2
ثُقِفُوا,,ثقف,وا,2,1.0,1
لَيْسُوا,,ليس,وا,2,1.0,1
قَائِمَةٌ,,قائم,ة|(null),2,1.0,1
آنَاءَ,,آناء,,2,1.0,1
يَفْعَلُوا,ي,فعل,وا,2,1.0,1
بِالْمُتَّقِينَ,ب|ال,متق,ين,2,1.0,1
ظَلَمَهُمُ,,ظلم,هم,2,1.0,1
خَبَالَاً,,خبال,ا,2,1.0,1
عَنِتُّمْ,,عنت,تم,2,1.0,1
تُخْفِي,ت,خفي,,2,1.0,1
أُولَاءِ,,أولاء,,2,1.0,1
الْغَيْظِ,ال,غيظ,,2,1.0,1
تَسُؤْهُمْ,ت,سؤ,هم,2,1.0,1
كَيْدُهُمْ,,كيد,هم,2,1.0,1
أَهْلِكَ,,أهل,ك,2,1.0,1
مَقَاعِدَ,,مقاعد,,2,1.0,1
هَمَّتْ,,هم,ت,2,1.0,1
طَائِفَتَانِ,,طائف,ت|ان,2,1.0,1
نَصَرَكُمُ,,نصر,كم,2,1.0,1
آلَافٍ,,آلاف,,2,1.0,1
وَلِتَطْمَئِنَّ,و,ل+ت+طمئن,,2,1.0,1
يُعَذِّبَهُمْ,ي,عذب,هم,2,1.0,1
وَجَنَّةٍ,و,جن,ة,2,0.5,2
عَرْضُهَا,,عرض,(null)|ها,2,1.0,1
فَاسْتَغْفَرُوا,,ف+استغفر,وا,2,1.0,1
الذُّنُوبَ,ال,ذنوب,,2,1.0,1
وَجَنَّاتٌ,و,جن,ات,2,1.0,1
فَسِيرُوا,ف,سير,وا,2,1.0,1
وَمَوْعِظَةٌ,و,موعظ,ة,2,1.0,1
الْأَعْلَوْنَ,ال,أعل,ون,2,1.0,1
قَرْحٌ,,قرح,,2,1.0,1
وَلِيُمَحِّصَ,و|ل|ي,محص,,2,1.0,1
وَيَعْلَمَ,و|ي,علم,,2,1.0,1
أَفَإِنْ,أ|ف,إن,,2,1.0,1
مَاتَ,,مات,(null),2,1.0,1
انْقَلَبْتُمْ,,انقلب,تم,2,1.0,1
يَنْقَلِبْ,ي,نقلب,,2,1.0,1
اسْتَكَانُوا,,استكان,وا,2,1.0,1
فَتَنْقَلِبُوا,ف|ت,نقلب,وا,2,1.0,1
سَنُلْقِي,,س+ن+لقي,,2,1.0,1
وَمَأْوَاهُمُ,و,مأوا,هم,2,1.0,1
وَالرَّسُولُ,و|ال,رسول,,2,1.0,1
أَمَنَةً,,أمن,ة,2,1.0,1
يُخْفُونَ,ي,خف,ون,2,1.0,1
حَسْرَةً,,حسر,ة,2,1.0,1
قُتِلْتُمْ,,قتل,تم,2,1.0,1
مُتُّمْ,,مت,تم,2,1.0,1
لَإِلَى,,ل,إلى,2,1.0,1
فَاعْفُ,ف,ا+عف,,2,1.0,1
فَتَوَكَّلْ,ف,توكل,,2,1.0,1
غَالِبَ,,غالب,,2,1.0,1
يَنْصُرُكُمْ,ي,نصر,كم,2,1.0,1
رِضْوَانَ,,رضوان,,2,1.0,1
بَاءَ,,باء,,2,1.0,1
أَصَابَتْكُمْ,,أصاب,ت|كم,2,1.0,1
فَبِإِذْنِ,ف|ب,إذن,,2,1.0,1
نَافَقُوا,,نافق,وا,2,1.0,1
يُرْزَقُونَ,ي,رزق,ون,2,1.0,1
يَلْحَقُوا,ي,لحق,وا,2,1.0,1
بِنِعْمَةٍ,ب,نعم,ة|(null),2,1.0,1
أَصَابَهُمُ,,أصاب,هم,2,1.0,1
يُخَوِّفُ,ي,خوف,,2,1.0,1
أَوْلِيَاءَهُ,,أولياء,ه,2,1.0,1
نُمْلِي,ن,ملي,,2,1.0,1
لِيَزْدَادُوا,ل|ي,زداد,وا,2,1.0,1
يَجْتَبِي,ي,جتبي,,2,1.0,1
بَخِلُوا,,بخل,وا,2,1.0,1
مِيرَاثُ,,ميراث,,2,1.0,1
سَمِعَ,,سمع,,2,1.0,1
فَقِيرٌ,,فقير,,2,1.0,1
أَغْنِيَاءُ,,أغنياء,,2,1.0,1
سَنَكْتُبُ,,س+ن+كتب,,2,1.0,1
وَنَقُولُ,و|ن,قول,,2,1.0,1
وَالزُّبُرِ,و|ال,زبر,,2,1.0,1
الْمُنِيرِ,ال,منير,,2,1.0,1
أُجُورَكُمْ,,أجور,كم,2,1.0,1
وَأُدْخِلَ,و,أدخل,,2,1.0,1
فَازَ,,فاز,(null),2,1.0,1
الْغُرُورِ,ال,غرور,(null),2,1.0,1
يَفْرَحُونَ,ي,فرح,ون,2,1.0,1
وَقُعُودَاً,و,قعود,ا,2,1.0,1
خَلَقْتَ,,خلق,ت,2,1.0,1
بَاطِلَاً,,باطل,ا,2,1.0,1
فَآمَنَّا,ف,آمن,نا,2,1.0,1
وَتَوَفَّنَا,و,توف,نا,2,1.0,1
الْأَبْرَارِ,ال,أبرار,,2,1.0,1
عَمَلَ,,عمل,,2,1.0,1
وَأُوذُوا,و,أوذ,وا,2,1.0,1
وَقَاتَلُوا,و,قاتل,وا,2,1.0,1
لَأُكَفِّرَنَّ,,ل+أ+كفر+ن,,2,1.0,1
وَنِسَاءً,و,نساء,,2,1.0,1
رَقِيبَاً,,رقيب,ا,2,1.0,1
وَثُلَاثَ,و,ثلاث,,2,1.0,1
وَرُبَاعَ,و,رباع,,2,1.0,1
بَلَغُوا,,بلغ,وا,2,1.0,1
رُشْدَاً,,رشد,ا,2,1.0,1
فَقِيرَاً,,فقير,ا,2,1.0,1
لِلرِّجَالِ,ل|ال,رجال,(null),2,1.0,1
وَلِلنِّسَاءِ,و|ل|ال,نساء,,2,1.0,1
مَفْرُوضَاً,,مفروض,ا,2,1.0,1
تَرَكُوا,,ترك,وا,2,1.0,1
سَدِيدَاً,,سديد,ا,2,1.0,1
حَظِّ,,حظ,,2,1.0,1
فَلَهُنَّ,ف|ل,هن,,2,1.0,1
أَبَوَاهُ,,أبو,ا|ه,2,1.0,1
فَلِأُمِّهِ,,ف+ل+أم,ه,2,1.0,1
إِخْوَةٌ,,إخو,ة,2,1.0,1
وَأَبْنَاؤُكُمْ,و,أبناؤ,كم,2,1.0,1
الرُّبُعُ,ال,ربع,(null),2,1.0,1
تَرَكْتُمْ,,ترك,تم,2,1.0,1
امْرَأَةٌ,,امرأ,ة,2,1.0,1
أَخٌ,,أخ,,2,1.0,1
أُخْتٌ,,أخ,ت,2,1.0,1
وَاللَّاتِي,و,اللاتي,,2,1.0,1
شَهِدُوا,,شهد,وا,2,1.0,1
الْبُيُوتِ,ال,بيوت,(null),2,1.0,1
فَأَعْرِضُوا,ف,أعرض,وا,2,0.5,2
التَّوْبَةُ,ال,توب,ة,2,1.0,1
أَحَدَهُمُ,,أحد,هم,2,1.0,1
وَيَجْعَلَ,و|ي,جعل,,2,1.0,1
وَأَخَوَاتُكُمْ,و,أخو,ات|كم,2,1.0,1
وَبَنَاتُ,و,بن,ات,2,1.0,1
مُحْصِنِينَ,,محصن,ين,2,1.0,1
مُسَافِحِينَ,,مسافح,ين,2,1.0,1
فَآتُوهُنَّ,ف,آت,و|هن,2,1.0,1
يَسْتَطِعْ,ي,ستطع,,2,1.0,1
أَخْدَانٍ,,أخدان,,2,1.0,1
وَيَهْدِيَكُمْ,و|ي,هدي,كم,2,1.0,1
وَيَتُوبَ,و|ي,توب,,2,1.0,1
تَمِيلُوا,ت,ميل,وا,2,1.0,1
مُدْخَلَاً,,مدخل,ا,2,1.0,1
اكْتَسَبُوا,,اكتسب,وا,2,1.0,1
وَاسْأَلُوا,و,ا+سأل,وا,2,1.0,1
نَصِيبَهُمْ,,نصيب,هم,2,1.0,1
لِلْغَيْبِ,ل|ال,غيب,,2,1.0,1
الْمَضَاجِعِ,ال,مضاجع,,2,1.0,1
بَيْنِهِمَا,,بين,(null)|هما,2,1.0,1
فَابْعَثُوا,ف,ا+بعث+وا+None,,2,0.5,2
حَكَمَاً,,حكم,ا,2,1.0,1
وَالْجَارِ,و|ال,جار,,2,1.0,1
بِالْبُخْلِ,ب|ال,بخل,,2,1.0,1
بِالْيَوْمِ,ب|ال,يوم,,2,1.0,1
قَرِينَاً,,قرين,ا,2,1.0,1
رَزَقَهُمُ,,رزق,(null)|هم,2,1.0,1
وَيُؤْتِ,و|ي,ؤت,,2,1.0,1
لَدُنْهُ,,لدن,ه,2,1.0,1
سُكَارَى,,سكارى,,2,1.0,1
جُنُبَاً,,جنب,ا,2,1.0,1
الْغَائِطِ,ال,غائط,,2,1.0,1
لَامَسْتُمُ,,لامس,تم,2,1.0,1
فَتَيَمَّمُوا,,ف+تيمم,وا,2,1.0,1
فَامْسَحُوا,ف,ا+مسح,وا,2,1.0,1
بِوُجُوهِكُمْ,ب,وجوه,كم,2,1.0,1
وَأَيْدِيكُمْ,و,أيدي,كم,2,1.0,1
تَضِلُّوا,ت,ضل,وا,2,1.0,1
وَاسْمَعْ,و,ا+سمع,,2,1.0,1
بِأَلْسِنَتِهِمْ,ب,ألسن,ت|هم,2,1.0,1
يُشْرَكَ,ي,شرك,,2,1.0,1
يُزَكِّي,ي,زكي,,2,1.0,1
نَقِيرَاً,,نقير,ا,2,1.0,1
مُلْكَاً,,ملك,ا,2,1.0,1
بِجَهَنَّمَ,ب,جهنم,,2,1.0,1
جُلُودُهُمْ,,جلود,هم,2,1.0,1
سَنُدْخِلُهُمْ,,س+ن+دخل,هم,2,1.0,1
تَأْوِيلَاً,,تأويل,ا,2,1.0,1
الطَّاغُوتِ,ال,طاغوت,,2,1.0,1
لَوَجَدُوا,ل,وجد,وا,2,0.5,2
حَرَجَاً,,حرج,ا,2,1.0,1
تَسْلِيمَاً,,تسليم,ا,2,1.0,1
وَأَشَدَّ,و,أشد,(null),2,1.0,1
وَالشُّهَدَاءِ,و|ال,شهداء,,2,1.0,1
وَالصَّالِحِينَ,و|ال,صالح,ين,2,1.0,1
حِذْرَكُمْ,,حذر,كم,2,1.0,1
نُؤْتِيهِ,ن,ؤتي,ه,2,1.0,1
تُقَاتِلُونَ,ت,قاتل,و|ن,2,1.0,1
وَالْمُسْتَضْعَفِينَ,و|ال,مستضعف,ين,2,1.0,1
وَالنِّسَاءِ,و|ال,نساء,(null),2,1.0,1
وَالْوِلْدَانِ,و|ال,ولدان,,2,1.0,1
أَهْلُهَا,,أهل,ها,2,1.0,1
كَيْدَ,,كيد,,2,1.0,1
الْقِتَالَ,ال,قتال,(null),2,1.0,1
فَمَالِ,ف,ما+ل,,2,1.0,1
يُبَيِّتُونَ,ي,بيت+ون+None+None,,2,0.5,2
يَتَدَبَّرُونَ,ي,تدبر+ون+None+None,,2,0.5,2
بَأْسَ,,بأس,,2,1.0,1
بَأْسَاً,,بأس,ا,2,1.0,1
يَشْفَعْ,ي,شفع,,2,1.0,1
شَفَاعَةً,,شفاع,ة,2,1.0,1
رُدُّوهَا,,رد,و|ها,2,1.0,1
لَيَجْمَعَنَّكُمْ,,ل+ي+جمع+ن,كم,2,1.0,1
أَصْدَقُ,,أصدق,,2,1.0,1
أَتُرِيدُونَ,أ|ت,ريد+ون+None+None,,2,1.0,1
فَخُذُوهُمْ,ف,خذ,و|هم,2,1.0,1
وَجَدْتُمُوهُمْ,,وجد+تم+و,هم,2,1.0,1
وَأَلْقَوْا,و,ألق,وا,2,1.0,1
لِمُؤْمِنٍ,ل,مؤمن,,2,1.0,1
خَطَأً,,خطأ,,2,1.0,1
عَدُوٍّ,,عدو,(null),2,1.0,1
شَهْرَيْنِ,,شهر,ين,2,1.0,1
مُتَتَابِعَيْنِ,,متتابع,ين,2,1.0,1
تَوْبَةً,,توب,ة,2,1.0,1
مُتَعَمِّدَاً,,متعمد,ا,2,1.0,1
فَعِنْدَ,ف,عند,,2,1.0,1
فَمَنَّ,ف,من,,2,1.0,1
ظَالِمِي,,ظالم,ي,2,1.0,1
فِيمَ,في,م,,2,1.0,1
وَلْيَأْخُذُوا,و,ل+ي+أخذ,وا,2,1.0,1
تَأْلَمُونَ,ت,ألم,ون,2,1.0,1
أَرَاكَ,,أرا,ك,2,0.5,2
يَسْتَخْفُونَ,ي,ستخف,و|ن,2,1.0,1
مُحِيطَاً,,محيط,ا,2,1.0,1
يَظْلِمْ,ي,ظلم,,2,1.0,1
يَكْسِبْ,ي,كسب,,2,1.0,1
يُضِلُّوكَ,ي,ضل,و|ك,2,1.0,1
يُشَاقِقِ,ي,شاقق,,2,1.0,1
شَيْطَانَاً,,شيطان,ا,2,1.0,1
لَعَنَهُ,,لعن,ه,2,1.0,1
وَلَآمُرَنَّهُمْ,و,ل+آ+آمر+ن,هم,2,1.0,1
يَعِدُهُمُ,ي,عد,هم,2,1.0,1
يُفْتِيكُمْ,ي,فتي,كم,2,1.0,1
تَنْكِحُوهُنَّ,ت,نكح,و|هن,2,1.0,1
تَقُومُوا,ت,قوم,وا,2,1.0,1
سَعَتِهِ,,سع,ت|ه,2,1.0,1
وَصَّيْنَا,,وصي,نا,2,1.0,1
ثَوَابُ,,ثواب,,2,1.0,1
قَوَّامِينَ,,قوام,ين,2,1.0,1
لِيَهْدِيَهُمْ,ل|ي,هدي,هم,2,1.0,1
تَقْعُدُوا,ت,قعد,وا,2,1.0,1
غَيْرِهِ,,غير,ه,2,1.0,1
كُسَالَى,,كسالى,,2,1.0,1
يُرَاءُونَ,ي,راء,ون,2,1.0,1
وَاعْتَصَمُوا,و,اعتصم,وا,2,0.5,2
يُؤْتِ,ي,ؤت,,2,1.0,1
شَكَرْتُمْ,,شكر,تم,2,1.0,1
وَآمَنْتُمْ,و,آمن,تم,2,1.0,1
يُفَرِّقُوا,ي,فرق+وا+None,,2,0.5,2
يَسْأَلُكَ,ي,سأل,ك,2,1.0,1
تُنَزِّلَ,ت,نزل,,2,1.0,1
أَكْبَرَ,,أكبر,(null),2,1.0,1
أَرِنَا,,أر,نا,2,1.0,1
بِظُلْمِهِمْ,ب,ظلم,هم,2,1.0,1
نَقْضِهِمْ,,نقض,هم,2,1.0,1
الْمَسِيحَ,ال,مسيح,,2,1.0,1
قَتَلُوهُ,,قتل,و|ه,2,1.0,1
مَوْتِهِ,,موت,ه,2,1.0,1
أُحِلَّتْ,,أحل,ت,2,1.0,1
وَيُونُسَ,و,يونس,,2,1.0,1
زَبُورَاً,,زبور,ا,2,1.0,1
وَرُسُلَاً,و,رسل,ا,2,1.0,1
وَظَلَمُوا,و,ظلم,وا,2,1.0,1
طَرِيقَاً,,طريق,ا,2,1.0,1
تَغْلُوا,ت,غل,وا,2,1.0,1
ثَلَاثَةٌ,,ثلاث,ة,2,1.0,1
وَيَهْدِيهِمْ,و|ي,هدي,هم,2,1.0,1
يَرِثُهَا,ي,رث,ها,2,1.0,1
الصَّيْدِ,ال,صيد,(null),2,1.0,1
شَعَائِرَ,,شعائر,,2,1.0,1
شَنَآنُ,,شنآن,,2,1.0,1
وَالتَّقْوَى,و|ال,تقوى,,2,1.0,1
الْمَيْتَةُ,ال,ميت,ة,2,1.0,1
يَئِسَ,,يئس,,2,1.0,1
وَاخْشَوْنِ,و,ا+خش+و+ن+None,,2,1.0,1
الطَّيِّبَاتُ,ال,طيب,ات,2,1.0,1
وَأَيْدِيَكُمْ,و,أيدي,كم,2,1.0,1
لِيُطَهِّرَكُمْ,ل|ي,طهر,كم,2,1.0,1
تَطَّلِعُ,ت,طلع,,2,1.0,1
بَيْنَهُمُ,,بين,هم,2,1.0,1
رَسُولُنَا,,رسول,نا,2,1.0,1
تُخْفُونَ,ت,خف,و|ن,2,1.0,1
نُورٌ,,نور,,2,1.0,1
رِضْوَانَهُ,,رضوان,ه,2,1.0,1
سُبُلَ,,سبل,(null),2,1.0,1
يُهْلِكَ,ي,هلك,,2,1.0,1
وَأُمَّهُ,و,أم,ه,2,1.0,1
وَآتَاكُمْ,و,آتا,كم,2,1.0,1
جَبَّارِينَ,,جبار,ين,2,1.0,1
نَدْخُلَهَا,ن,دخل,ها,2,1.0,1
فَإِنَّكُمْ,ف,إن,كم,2,1.0,1
فَاذْهَبْ,ف,ا+ذهب,,2,1.0,1
وَأَخِي,و,أخ+ي+None,,2,0.5,2
سَنَةً,,سن,ة|(null),2,1.0,1
تَأْسَ,ت,أس,,2,1.0,1
قُرْبَانَاً,,قربان,ا,2,1.0,1
نَفْسُهُ,,نفس,(null)|ه,2,1.0,1
قَتْلَ,,قتل,,2,1.0,1
فَقَتَلَهُ,ف,قتل,ه,2,1.0,1
يُوَارِي,ي,واري,,2,1.0,1
سَوْءَةَ,,سوء,ة,2,1.0,1
أَحْيَاهَا,,أحيا,ها,2,1.0,1
وَيَسْعَوْنَ,و|ي,سع+ون+None+None,,2,1.0,1
وَأَرْجُلُهُمْ,و,أرجل,هم,2,1.0,1
تَقْدِرُوا,ت,قدر,وا,2,1.0,1
الْوَسِيلَةَ,ال,وسيل,ة|(null),2,1.0,1
ظُلْمِهِ,,ظلم,ه,2,1.0,1
لِلْكَذِبِ,ل|ال,كذب,,2,1.0,1
فَخُذُوهُ,ف,خذ,و|ه,2,1.0,1
حُكْمُ,,حكم,(null),2,1.0,1
يَتَوَلَّوْنَ,ي,تول,ون,2,1.0,1
وَنُورٌ,و,نور,,2,1.0,1
وَالْأَحْبَارُ,و|ال,أحبار,,2,1.0,1
وَكَتَبْنَا,و,كتب,نا,2,1.0,1
بِالنَّفْسِ,ب|ال,نفس,,2,1.0,1
كَفَّارَةٌ,,كفار,ة,2,1.0,1
بِعِيسَى,ب,عيسى,,2,1.0,1
الْإِنْجِيلَ,ال,إنجيل,,2,1.0,1
الْإِنْجِيلِ,ال,إنجيل,,2,1.0,1
لِكُلٍّ,ل,كل,,2,1.0,1
لَجَعَلَكُمْ,,ل+جعل,كم,2,1.0,1
احْكُمْ,,ا+حكم,,2,1.0,1
يُصِيبَهُمْ,ي,صيب,هم,2,1.0,1
الْيَهُودَ,ال,يهود,(null),2,1.0,1
أَقْسَمُوا,,أقسم,وا,2,1.0,1
يَرْتَدَّ,ي,رتد,,2,1.0,1
وَالْكُفَّارَ,و|ال,كفار,,2,1.0,1
أَكْثَرَكُمْ,,أكثر,كم,2,1.0,1
بِشَرٍّ,ب,شر,,2,1.0,1
وَأَكْلِهِمُ,و,أكل,هم,2,1.0,1
السُّحْتَ,ال,سحت,,2,1.0,1
الْإِثْمَ,ال,إثم,,2,1.0,1
يَدُ,,يد,(null),2,1.0,1
وَلَيَزِيدَنَّ,و|ل|ي,زيد+ن,,2,1.0,1
أَقَامُوا,,أقام,وا,2,1.0,1
أَرْجُلِهِمْ,,أرجل,هم,2,1.0,1
رِسَالَتَهُ,,رسال,ت|ه,2,1.0,1
لَسْتُمْ,,لس,تم,2,1.0,1
يَقْتُلُونَ,ي,قتل,ون,2,1.0,1
وَصَمُّوا,و,صم,وا,2,1.0,1
وَرَبَّكُمْ,و,رب,كم,2,1.0,1
ثَلَاثَةٍ,,ثلاث,ة,2,1.0,1
يَنْتَهُوا,ي,نته,وا,2,1.0,1
أَتَعْبُدُونَ,أ|ت,عبد+ون+None+None,,2,1.0,1
أَعْيُنَهُمْ,,أعين,(null)|هم,2,1.0,1
تَفِيضُ,ت,فيض,,2,1.0,1
الدَّمْعِ,ال,دمع,,2,1.0,1
أَحَلَّ,,أحل,,2,1.0,1
الْأَيْمَانَ,ال,أيمان,,2,1.0,1
مَسَاكِينَ,,مساكين,,2,1.0,1
عَمَلِ,,عمل,,2,1.0,1
رَسُولِنَا,,رسول,نا,2,1.0,1
ذَوَا,,ذو,ا,2,1.0,1
صَيْدُ,,صيد,,2,1.0,1
وَحُرِّمَ,و,حرم,,2,1.0,1
وَالْهَدْيَ,و|ال,هدي,,2,1.0,1
أَعْجَبَكَ,,أعجب,ك,2,1.0,1
تُبْدَ,ت,بد,,2,1.0,1
فَيُقْسِمَانِ,ف|ي,قسم+ان+None+None,,2,1.0,1
ارْتَبْتُمْ,,ارتب,تم,2,1.0,1
أَنَّهُمَا,,أن+هم+ا,,2,1.0,1
أَيْمَانٌ,,أيمان,,2,1.0,1
جِئْتَهُمْ,,جئ,ت|هم,2,1.0,1
مَائِدَةً,,مائد,ة,2,1.0,1
أُعَذِّبُهُ,أ,عذب,ه,2,1.0,1
أَأَنْتَ,أ,أنت,,2,1.0,1
إِلَهَيْنِ,,إله,ين,2,1.0,1
أَقُولَ,أ,قول,,2,1.0,1
وَكُنْتُ,و,كن,ت,2,0.5,2
تُعَذِّبْهُمْ,ت,عذب,هم,2,1.0,1
وَأَجَلٌ,و,أجل,,2,1.0,1
تَمْتَرُونَ,ت,متر,ون,2,1.0,1
أَنْبَاءُ,,أنباء,(null),2,1.0,1
نُمَكِّنْ,ن,مكن,,2,1.0,1
تَحْتِهِمْ,,تحت,هم,2,1.0,1
وَأَنْشَأْنَا,و,أنشأ,نا,2,1.0,1
قَرْنَاً,,قرن,ا,2,1.0,1
لَجَعَلْنَاهُ,,ل+جعل,نا|ه,2,1.0,1
فَحَاقَ,ف,حاق,,2,1.0,1
الرَّحْمَةَ,ال,رحم,ة,2,1.0,1
كَاشِفَ,,كاشف,,2,1.0,1
الْقَاهِرُ,ال,قاهر,,2,1.0,1
وَأُوحِيَ,و,أوحي,,2,1.0,1
نَحْشُرُهُمْ,ن,حشر,هم,2,1.0,1
يَسْتَمِعُ,ي,ستمع,,2,1.0,1
يُجَادِلُونَكَ,ي,جادل,و|ن|ك,2,1.0,1
يُهْلِكُونَ,ي,هلك+ون+None+None,,2,1.0,1
وُقِفُوا,,وقف,وا,2,1.0,1
يَالَيْتَنَا,يا,ليت+نا+None,,2,1.0,1
نُرَدُّ,ن,رد,,2,1.0,1
بَدَا,,بدا,,2,1.0,1
بِمَبْعُوثِينَ,ب,مبعوث,ين,2,1.0,1
وَرَبِّنَا,و,رب,نا,2,1.0,1
فَرَّطْنَا,,فرط,نا,2,1.0,1
يَحْمِلُونَ,ي,حمل,ون,2,1.0,1
أَوْزَارَهُمْ,,أوزار,هم,2,1.0,1
يَزِرُونَ,ي,زر,ون,2,0.5,2
كُذِّبَتْ,,كذب,ت,2,1.0,1
نَصْرُنَا,,نصر,نا,2,1.0,1
نَبَإِ,,نبإ,,2,1.0,1
اسْتَطَعْتَ,,استطع,ت,2,1.0,1
يَسْتَجِيبُ,ي,ستجيب,,2,1.0,1
قَادِرٌ,,قادر,(null),2,1.0,1
أَمْثَالُكُمْ,,أمثال,كم,2,1.0,1
يَشَإِ,ي,شإ,,2,1.0,1
أَرَأَيْتَكُمْ,أ,رأي+ت+كم+None,,2,1.0,1
بِالْبَأْسَاءِ,ب|ال,بأساء,,2,1.0,1
يَتَضَرَّعُونَ,ي,تضرع,ون,2,1.0,1
أَخَذْنَاهُمْ,,أخذ,نا|هم,2,1.0,1
وَالْحَمْدُ,و|ال,حمد,,2,1.0,1
وَخَتَمَ,و,ختم,(null),2,1.0,1
يُهْلَكُ,ي,هلك,,2,1.0,1
يَمَسُّهُمُ,ي,مس,هم,2,1.0,1
وَأَنْذِرْ,و,أنذر,,2,1.0,1
شَفِيعٌ,,شفيع,,2,1.0,1
بِالْغَدَاةِ,ب|ال,غدا,ة,2,1.0,1
وَالْعَشِيِّ,و|ال,عشي,,2,1.0,1
حِسَابِهِمْ,,حساب,هم,2,1.0,1
بِأَعْلَمَ,ب,أعلم,,2,1.0,1
فَأَنَّهُ,ف,أن,ه,2,0.5,2
نُهِيتُ,,نهي,ت,2,1.0,1
ضَلَلْتُ,,ضلل,ت,2,1.0,1
الْمُهْتَدِينَ,ال,مهتد,ين,2,1.0,1
يَقُصُّ,ي,قص,,2,1.0,1
يَعْلَمُهَا,ي,علم,ها,2,1.0,1
بِالنَّهَارِ,ب|ال,نهار,,2,1.0,1
يُنَبِّئُكُمْ,ي,نبئ,كم,2,1.0,1
مَوْلَاهُمُ,,مولا,هم,2,1.0,1
أَسْرَعُ,,أسرع,,2,1.0,1
يُنَجِّيكُمْ,ي,نجي,كم,2,1.0,1
وَخُفْيَةً,و,خفي,ة,2,1.0,1
فَوْقِكُمْ,,فوق,كم,2,1.0,1
وَذَكِّرْ,و,ذكر,,2,1.0,1
يُؤْخَذْ,ي,ؤخذ,,2,1.0,1
أَقِيمُوا,,أقيم,وا,2,1.0,1
أَصْنَامَاً,,أصنام,ا,2,1.0,1
كَوْكَبَاً,,كوكب,ا,2,1.0,1
أَفَلَ,,أفل,,2,1.0,1
فَطَرَ,,فطر,,2,1.0,1
أَشْرَكْتُمْ,,أشرك,تم,2,1.0,1
نَرْفَعُ,ن,رفع,,2,1.0,1
ذُرِّيَّتِهِ,,ذر+ي,ت|ه,2,1.0,1
وَزَكَرِيَّا,و,زكريا,,2,1.0,1
وَيَحْيَى,و,يحيى,,2,0.5,2
وَالْيَسَعَ,و|ال,يسع,,2,1.0,1
ذَرْهُمْ,,ذر,هم,2,1.0,1
أَخْرِجُوا,,اخرج,وا,2,1.0,1
جِئْتُمُونَا,,جئ+تم+و,نا,2,1.0,1
تَقَطَّعَ,,تقطع,,2,1.0,1
فَالِقُ,,فالق,,2,1.0,1
سَكَنَاً,,سكن,ا,2,1.0,1
حُسْبَانَاً,,حسبان,ا,2,1.0,1
نُخْرِجُ,ن,خرج,,2,1.0,1
النَّخْلِ,ال,نخل,,2,1.0,1
دَانِيَةٌ,,داني,ة,2,1.0,1
وَالرُّمَّانَ,و|ال,رمان,(null),2,1.0,1
مُتَشَابِهٍ,,متشابه,,2,1.0,1
أَثْمَرَ,,أثمر,,2,1.0,1
بَنِينَ,,بنين,,2,1.0,1
اللَّطِيفُ,ال,لطيف,,2,1.0,1
بِحَفِيظٍ,ب,حفيظ,,2,1.0,1
اتَّبِعْ,,اتبع,,2,1.0,1
قُبُلَاً,,قبل,ا,2,1.0,1
لِكَلِمَاتِهِ,ل,كلم,ات|ه,2,1.0,1
سَيُجْزَوْنَ,,س+ي+جز,و|ن,2,1.0,1
أَوَمَنْ,أ|و,من,,2,1.0,1
سَيُصِيبُ,,س+ي+صيب,,2,1.0,1
لِلْإِسْلَامِ,ل|ال,إسلام,(null),2,1.0,1
ضَيِّقَاً,,ضيق,ا,2,1.0,1
اسْتَمْتَعَ,,استمتع,,2,1.0,1
يَقُصُّونَ,ي,قص,ون,2,1.0,1
وَيُنْذِرُونَكُمْ,و|ي,نذر+ون+كم+None+None,,2,1.0,1
مُهْلِكَ,,مهلك,,2,1.0,1
لَآتٍ,,ل+آت,,2,1.0,1
ذَرَأَ,,ذرأ,,2,1.0,1
الْحَرْثِ,ال,حرث,,2,1.0,1
بِزَعْمِهِمْ,ب,زعم,هم,2,1.0,1
يَصِلُ,ي,صل,,2,1.0,1
شُرَكَائِهِمْ,,شركائ,هم,2,1.0,1
زَيَّنَ,,زين,,2,1.0,1
شُرَكَاؤُهُمْ,,شركاؤ,هم,2,1.0,1
وَأَنْعَامٌ,و,أنعام,,2,1.0,1
افْتِرَاءً,,افتراء,,2,1.0,1
سَيَجْزِيهِمْ,,س+ي+جزي,هم,2,1.0,1
أَزْوَاجِنَا,,أزواج,نا,2,1.0,1
مَيْتَةً,,ميت,ة,2,1.0,1
أَنْشَأَ,,أنشأ,,2,1.0,1
مَعْرُوشَاتٍ,,معروش,ات,2,1.0,1
وَالنَّخْلَ,و|ال,نخل,,2,1.0,1
تُسْرِفُوا,ت,سرف+وا+None,,2,0.5,2
ثَمَانِيَةَ,,ثماني,ة,2,1.0,1
آلذَّكَرَيْنِ,أ|ال,ذكر,ين,2,1.0,1
اشْتَمَلَتْ,,اشتمل,ت,2,1.0,1
أَرْحَامُ,,أرحام,,2,1.0,1
بِعِلْمٍ,ب,علم,,2,1.0,1
الْإِبِلِ,ال,إبل,,2,1.0,1
الْبَقَرِ,ال,بقر,,2,1.0,1
لَحْمَ,,لحم,,2,1.0,1
حَمَلَتْ,,حمل,ة,2,1.0,1
جَزَيْنَاهُمْ,,جزي,نا|هم,2,1.0,1
ذَاقُوا,,ذاق,وا,2,1.0,1
لَهَدَاكُمْ,,ل+هدا,كم,2,1.0,1
هَلُمَّ,,هلم,,2,1.0,1
إِمْلَاقٍ,,إملاق,,2,1.0,1
الْفَوَاحِشَ,ال,فواحش,,2,1.0,1
بَطَنَ,,بطن,,2,1.0,1
مَالَ,,مال,,2,1.0,1
الْيَتِيمِ,ال,يتيم,,2,1.0,1
فَاتَّبِعُوهُ,ف,ا+تبع,و|ه,2,1.0,1
وَتَفْصِيلَاً,و,تفصيل,ا,2,1.0,1
لَغَافِلِينَ,,ل+غافل,ين,2,1.0,1
إِيمَانُهَا,,إيمان,ها,2,1.0,1
فَرَّقُوا,,فرق,وا,2,1.0,1
يُنَبِّئُهُمْ,ي,نبئ,هم,2,1.0,1
مِثْلَهَا,,مثل,ها,2,1.0,1
هَدَانِي,,هدا+ن,ي,2,1.0,1
مَكَّنَّاكُمْ,,مكن,نا|كم,2,1.0,1
مَعَايِشَ,,معايش,,2,1.0,1
تَسْجُدَ,ت,سجد,,2,1.0,1
خَلَقْتَنِي,,خلق+ت+ن,ي,2,1.0,1
وَخَلَقْتَهُ,و,خلق,ت|ه,2,1.0,1
الصَّاغِرِينَ,ال,صاغر,ين,2,1.0,1
أَغْوَيْتَنِي,,أغوي+ت+ن,ي,2,1.0,1
وَعَنْ,,و,عن,2,1.0,1
اخْرُجْ,,ا+خرج,,2,1.0,1
فَوَسْوَسَ,ف,وسوس,,2,1.0,1
سَوْآتِهِمَا,,سوآ,ت|هما,2,1.0,1
رَبُّكُمَا,,رب,كما,2,1.0,1
تَكُونَا,ت,كون,ا,2,1.0,1
سَوْآتُهُمَا,,سوآ,ت|هما,2,1.0,1
وَطَفِقَا,و,طفق,ا,2,1.0,1
يَخْصِفَانِ,ي,خصف,ان,2,1.0,1
وَرَقِ,,ورق,,2,1.0,1
رَبُّهُمَا,,رب,هما,2,1.0,1
قَالَا,,قال,ا,2,1.0,1
يَرَاكُمْ,ي,را+كم+None,,2,1.0,1
مَسْجِدٍ,,مسجد,,2,1.0,1
وَادْعُوهُ,و,ا+دع,و|ه,2,1.0,1
الضَّلَالَةُ,ال,ضلال,ة,2,1.0,1
زِينَةَ,,زين,ة,2,1.0,1
الرِّزْقِ,ال,رزق,,2,1.0,1
ضِعْفَاً,,ضعف,ا,2,1.0,1
غِلٍّ,,غل,,2,1.0,1
لِهَذَا,ل,هذا,,2,1.0,1
أُورِثْتُمُوهَا,,أورث+تم+و,ها,2,1.0,1
وَجَدْتُمْ,,وجد,تم,2,1.0,1
مُؤَذِّنٌ,,مؤذن,,2,1.0,1
حِجَابٌ,,حجاب,,2,1.0,1
الْأَعْرَافِ,ال,أعراف,,2,1.0,1
وَنَادَوْا,و,ناد,وا,2,1.0,1
تِلْقَاءَ,,تلقاء,,2,1.0,1
أَقْسَمْتُمْ,,أقسم,تم,2,1.0,1
تَحْزَنُونَ,ت,حزن,ون,2,1.0,1
فَصَّلْنَاهُ,,فصل,نا|ه,2,1.0,1
تَأْوِيلُهُ,,تأويل,ه,2,1.0,1
شُفَعَاءَ,,شفعاء,,2,1.0,1
يُغْشِي,ي,غشي,,2,1.0,1
مُسَخَّرَاتٍ,,مسخر,ات,2,1.0,1
الْخَلْقُ,ال,خلق,(null),2,1.0,1
إِصْلَاحِهَا,,إصلاح,ها,2,1.0,1
مَيِّتٍ,,ميت,,2,1.0,1
الطَّيِّبُ,ال,طيب,,2,1.0,1
نَبَاتُهُ,,نبات,ه,2,1.0,1
أُبَلِّغُكُمْ,أ,بلغ,كم,2,1.0,1
أَوَعَجِبْتُمْ,أ,و+عجب,تم,2,1.0,1
لِيُنْذِرَكُمْ,ل|ي,نذر,كم,2,1.0,1
آلَاءَ,,آلاء,,2,1.0,1
نَاقَةُ,,ناق,ة,2,1.0,1
فَذَرُوهَا,ف,ذر,و|ها,2,1.0,1
تَأْكُلْ,ت,أكل,,2,1.0,1
أَرْضِ,,أرض,(null),2,1.0,1
قُصُورَاً,,قصور,ا,2,1.0,1
وَتَنْحِتُونَ,و|ت,نحت+ون+None+None,,2,1.0,1
النَّاقَةَ,ال,ناق,ة,2,1.0,1
وَعَتَوْا,و,عت,وا,2,1.0,1
يَاصَالِحُ,يا,صالح,,2,1.0,1
وَنَصَحْتُ,و,نصح+ت+None+None,,2,1.0,1
سَبَقَكُمْ,,سبق,كم,2,1.0,1
شَهْوَةً,,شهو,ة,2,1.0,1
مُسْرِفُونَ,,مسرف,ون,2,1.0,1
قَرْيَتِكُمْ,,قري,ت|كم,2,1.0,1
أُنَاسٌ,,أناس,,2,1.0,1
يَتَطَهَّرُونَ,ي,تطهر,ون,2,1.0,1
فَاصْبِرُوا,,ف+ا+صبر,وا,2,0.5,2
لَتَعُودُنَّ,,ل+ت+ود+ن+None+None,,2,1.0,1
مِلَّتِنَا,,مل,ت|نا,2,1.0,1
نَجَّانَا,,نجا,نا,2,1.0,1
أَفَأَمِنَ,أ|ف,أمن,,2,0.5,2
نَائِمُونَ,,نائم,ون,2,1.0,1
ضُحَىً,,ضحى,,2,1.0,1
أَفَأَمِنُوا,أ|ف,أمن,وا,2,1.0,1
مَكْرَ,,مكر,,2,1.0,1
يَرِثُونَ,ي,رث,و|ن,2,1.0,1
فَظَلَمُوا,ف,ظلم,وا,2,1.0,1
يَافِرْعَوْنُ,يا,فرعون,,2,1.0,1
بِبَيِّنَةٍ,ب,بين,ة,2,1.0,1
ثُعْبَانٌ,,ثعبان,,2,1.0,1
وَنَزَعَ,و,نزع,,2,1.0,1
بَيْضَاءُ,,بيضاء,(null),2,1.0,1
يُخْرِجَكُمْ,ي,خرج,كم,2,1.0,1
أَرْجِهْ,,أ+رج,ه,2,1.0,1
تُلْقِيَ,ت,لقي,,2,1.0,1
نَكُونَ,ن,كون,,2,1.0,1
أَلْقَوْا,,ألق,وا,2,1.0,1
بِسِحْرٍ,ب,سحر,,2,1.0,1
أَلْقِ,,ألق,,2,1.0,1
تَلْقَفُ,ت,لقف,,2,1.0,1
يَأْفِكُونَ,ي,أفك,ون,2,1.0,1
لَأُقَطِّعَنَّ,,ل+أ+قطع+ن,,2,1.0,1
مُنْقَلِبُونَ,,منقلب,ون,2,1.0,1
جِئْتَنَا,,جئ,ت|نا,2,1.0,1
الْحَسَنَةُ,ال,حسن,ة|(null),2,1.0,1
الرِّجْزَ,ال,رجز,,2,1.0,1
يَنْكُثُونَ,ي,نكث,ون,2,1.0,1
وَأَوْرَثْنَا,و,أورث,نا,2,1.0,1
يَعْرِشُونَ,ي,عرش,ون,2,1.0,1
وَجَاوَزْنَا,و,جاوز,نا,2,1.0,1
بِبَنِي,ب,بن,ي,2,1.0,1
وَبَاطِلٌ,و,باطل,,2,1.0,1
أَنْجَيْنَاكُمْ,,أنجي,نا|كم,2,1.0,1
وَأَصْلِحْ,و,أصلح,,2,1.0,1
لِمِيقَاتِنَا,ل,ميقات,نا,2,1.0,1
تَرَانِي,ت,را+ن+ي+None,,2,1.0,1
تَجَلَّى,,تجلى,,2,1.0,1
وَخَرَّ,و,خر,,2,1.0,1
سَأُرِيكُمْ,,س+أ+ري,كم,2,1.0,1
الرُّشْدِ,ال,رشد,,2,1.0,1
يَتَّخِذُوهُ,ي,تخذ,و|ه,2,1.0,1
وَلِقَاءِ,و,لقاء,(null),2,1.0,1
عِجْلَاً,,عجل,ا,2,1.0,1
خُوَارٌ,,خوار,,2,1.0,1
يَهْدِيهِمْ,ي,هدي,هم,2,1.0,1
غَضْبَانَ,,غضبان,,2,1.0,1
أَسِفَاً,,أسف,ا,2,1.0,1
الْأَلْوَاحَ,ال,ألواح,,2,1.0,1
وَأَخَذَ,و,أخذ,,2,1.0,1
تَجْعَلْنِي,ت,جعل+ن,ي,2,1.0,1
سَبْعِينَ,,سبع,ين,2,1.0,1
وَلِيُّنَا,,ولي,نا,2,1.0,1
وَالْإِنْجِيلِ,و|ال,إنجيل,,2,1.0,1
الْخَبَائِثَ,ال,خبائث,,2,1.0,1
وَبِهِ,و|ب,ه,,2,1.0,1
أُمَمَاً,,أمم,ا,2,1.0,1
اسْكُنُوا,,ا+سكن,وا,2,1.0,1
أَنْجَيْنَا,,أنجي,نا,2,1.0,1
تَأَذَّنَ,,تأذن,,2,1.0,1
فَخَلَفَ,ف,خلف,,2,1.0,1
خَلْفٌ,,خلف,,2,1.0,1
الْأَدْنَى,ال,أدنى,,2,1.0,1
الْمُصْلِحِينَ,ال,مصلح,ين,2,1.0,1
وَاقِعٌ,,واقع,,2,1.0,1
الْغَاوِينَ,ال,غاو,ين,2,1.0,1
يَلْهَثْ,ي,لهث,,2,1.0,1
الْقَصَصَ,ال,قصص,,2,1.0,1
أَعْيُنٌ,,أعين,(null),2,1.0,1
كَالْأَنْعَامِ,ك|ال,أنعام,,2,1.0,1
الْغَافِلُونَ,ال,غافل,ون,2,1.0,1
فَادْعُوهُ,,ف+ا+دع,و|ه,2,1.0,1
سَنَسْتَدْرِجُهُمْ,,س+ن+ستدرج,هم,2,1.0,1
وَأُمْلِي,و|أ,ملي,,2,1.0,1
كَيْدِي,,كيد,ي,2,1.0,1
مَتِينٌ,,متين,,2,1.0,1
يَتَفَكَّرُوا,ي,تفكر,وا,2,1.0,1
جِنَّةٍ,,جن,ة|(null),2,1.0,1
يَنْظُرُوا,ي,نظر,وا,2,1.0,1
اقْتَرَبَ,,اقترب,,2,1.0,1
بَعْدَهُ,,بعد,ه,2,1.0,1
مُرْسَاهَا,,مرسا,ها,2,1.0,1
تَأْتِيكُمْ,ت,أتي,كم,2,1.0,1
السُّوءُ,ال,سوء,,2,1.0,1
وَبَشِيرٌ,و,بشير,,2,1.0,1
آتَاهُمَا,,آتا,هما,2,1.0,1
يَنْصُرُونَ,ي,نصر+ون+None+None,,2,0.5,2
عِبَادٌ,,عباد,,2,1.0,1
شُرَكَاءَكُمْ,,شركاء,كم,2,1.0,1
يَسْمَعُوا,ي,سمع,وا,2,1.0,1
وَتَرَاهُمْ,و|ت,را+هم+None,,2,1.0,1
خُذِ,,خذ,,2,1.0,1
يَنْزَغَنَّكَ,ي,نزغ+ن,ك,2,1.0,1
نَزْغٌ,,نزغ,,2,1.0,1
طَائِفٌ,,طائف,,2,1.0,1
تَأْتِهِمْ,ت,أت,هم,2,1.0,1
قُرِئَ,,قرئ,,2,1.0,1
فَاسْتَمِعُوا,ف,استمع,وا,2,0.5,2
الْغَافِلِينَ,ال,غافل,ين,2,1.0,1
وَجِلَتْ,,وجل,ت,2,1.0,1
بَيْتِكَ,,بيت,ك,2,1.0,1
شَاقُّوا,,شاق,وا,2,1.0,1
لَقِيتُمُ,,لقي,تم,2,1.0,1
رَمَيْتَ,,رمي,ت,2,1.0,1
الْفَتْحُ,ال,فتح,,2,1.0,1
تَنْتَهُوا,ت,نته,وا,2,1.0,1
تَعُودُوا,ت,عود,وا,2,1.0,1
تَسْمَعُونَ,ت,سمع,ون,2,1.0,1
الدَّوَابِّ,ال,دواب,,2,1.0,1
الصُّمُّ,ال,صم,,2,1.0,1
اسْتَجِيبُوا,,استجيب,وا,2,1.0,1
دَعَاكُمْ,,دعا,كم,2,1.0,1
وَقَلْبِهِ,و,قلب,ه,2,1.0,1
وَأَوْلَادُكُمْ,و,أولاد,كم,2,1.0,1
لِيُعَذِّبَهُمْ,ل|ي,عذب,هم,2,1.0,1
يَسْتَغْفِرُونَ,ي,ستغفر,ون,2,1.0,1
كُلُّهُ,,كل,ه,2,1.0,1
النَّصِيرُ,ال,نصير,,2,1.0,1
غَنِمْتُمْ,,غنم,تم,2,1.0,1
فَأَنَّ,ف,أن,,2,1.0,1
وَلِذِي,و|ل,ذي,,2,1.0,1
بِالْعُدْوَةِ,ب|ال,عدو,ة,2,1.0,1
لِيَقْضِيَ,ل|ي,قضي,,2,1.0,1
أَعْيُنِهِمْ,,أعين,(null)|هم,2,1.0,1
تَرَوْنَ,ت,ر,ون,2,0.5,2
يَتَوَكَّلْ,ي,توكل,,2,1.0,1
يَتَوَفَّى,ي,توفى,,2,1.0,1
وَأَدْبَارَهُمْ,و,أدبار,هم,2,1.0,1
يُغَيِّرُوا,ي,غير,وا,2,1.0,1
عَهْدَهُمْ,,عهد,هم,2,1.0,1
الْخَائِنِينَ,ال,خائن,ين,2,1.0,1
وَعَدُوَّكُمْ,و,عدو,كم,2,1.0,1
يُرِيدُوا,ي,ريد+وا+None,,2,1.0,1
مِائَتَيْنِ,,مائ,ت|ين,2,1.0,1
مِائَةٌ,,مائ,ة,2,1.0,1
ضَعْفَاً,,ضعف,ا,2,1.0,1
أَسْرَى,,أسرى,,2,1.0,1
لَمَسَّكُمْ,,ل+مس,كم,2,1.0,1
آوَوْا,,آو,وا,2,1.0,1
وَنَصَرُوا,و,نصر+وا+None,,2,0.5,2
بَرَاءَةٌ,,براء,ة,2,1.0,1
مُعْجِزِي,,معجز,ي,2,1.0,1
الْأَكْبَرِ,ال,أكبر,(null),2,1.0,1
فَاسْتَقِيمُوا,ف,استقيم,وا,2,1.0,1
إِلَّاً,,إلا,,2,1.0,1
ذِمَّةً,,ذم,ة,2,1.0,1
نَكَثُوا,,نكث,وا,2,1.0,1
وَهَمُّوا,و,هم,وا,2,1.0,1
يُعَذِّبْهُمُ,ي,عذب,هم,2,1.0,1
شَاهِدِينَ,,شاهد,ين,2,1.0,1
أَعْظَمُ,,أعظم,,2,1.0,1
وَرِضْوَانٍ,و,رضوان,,2,1.0,1
اسْتَحَبُّوا,,استحب,وا,2,1.0,1
وَأَزْوَاجُكُمْ,و,أزواج,كم,2,1.0,1
وَضَاقَتْ,و,ضاق,ت,2,1.0,1
رَحُبَتْ,,رحب,ت,2,1.0,1
صَاغِرُونَ,,صاغر,ون,2,1.0,1
قَاتَلَهُمُ,,قاتل,هم,2,1.0,1
لِيَعْبُدُوا,ل|ي,عبد,وا,2,1.0,1
نُورَ,,نور,,2,1.0,1
لَيَأْكُلُونَ,,ل+ي+أكل+ون+None+None,,2,1.0,1
عِدَّةَ,,عد,ة,2,1.0,1
شَهْرَاً,,شهر,ا,2,1.0,1
تَنْفِرُوا,ت,نفر,وا,2,1.0,1
ثَانِيَ,,ثاني,,2,1.0,1
لِصَاحِبِهِ,ل,صاحب,ه,2,1.0,1
بِجُنُودٍ,ب,جنود,,2,1.0,1
لَوِ,,لو,,2,1.0,1
يَسْتَأْذِنُكَ,ي,ستأذن,ك,2,1.0,1
يُجَاهِدُوا,ي,جاهد,وا,2,1.0,1
لَقَدِ,,ل+قد,,2,1.0,1
لَمُحِيطَةٌ,ل,محيط,ة,2,1.0,1
تُصِبْكَ,ت,صب,ك,2,1.0,1
نَتَرَبَّصُ,ن,تربص,,2,1.0,1
تُعْجِبْكَ,ت,عجب,ك,2,1.0,1
وَتَزْهَقَ,و|ت,زهق,,2,1.0,1
وَيَحْلِفُونَ,و|ي,حلف+ون+None+None,,2,1.0,1
رَاغِبُونَ,,راغب,ون,2,1.0,1
أُذُنٌ,,أذن,,2,1.0,1
يَحْذَرُ,ي,حذر,,2,1.0,1
نَخُوضُ,ن,خوض,,2,1.0,1
وَآيَاتِهِ,و,آي,ات|ه,2,1.0,1
طَائِفَةٍ,,طائف,ة,2,1.0,1
وَالْمُنَافِقَاتُ,و|ال,منافق,ات,2,1.0,1
حَسْبُهُمْ,,حسب,هم,2,1.0,1
أَمْوَالَاً,,أموال,ا,2,1.0,1
وَأَوْلَادَاً,و,أولاد,ا,2,1.0,1
بِخَلَاقِهِمْ,ب,خلاق,هم,2,1.0,1
وَالْمُؤْمِنَاتُ,و|ال,مؤمن,ات,2,1.0,1
وَمَسَاكِنَ,و,مساكن,,2,1.0,1
جَاهِدِ,,جاهد,,2,1.0,1
وَاغْلُظْ,و,ا+غلظ,,2,1.0,1
وَكَفَرُوا,و,كفر,وا,2,1.0,1
يَنَالُوا,ي,نال,وا,2,1.0,1
نَقَمُوا,,نقم,وا,2,1.0,1
يَتُوبُوا,ي,توب,وا,2,1.0,1
عَاهَدَ,,عاهد,,2,1.0,1
وَتَوَلَّوْا,و,تول,وا,2,0.5,2
يَلْقَوْنَهُ,ي,لقي+ون+ه+None+None+None,,2,1.0,1
سِرَّهُمْ,,سر,هم,2,1.0,1
وَنَجْوَاهُمْ,و,نجوا,هم,2,1.0,1
اسْتَغْفِرْ,,استغفر,,2,1.0,1
فَرِحَ,,فرح,,2,1.0,1
وَكَرِهُوا,و,كره,وا,2,1.0,1
تَقُمْ,ت,قم,,2,1.0,1
الطَّوْلِ,ال,طول,,2,1.0,1
الْخَوَالِفِ,ال,خوالف,,2,1.0,1
السَّبِيلُ,ال,سبيل,,2,1.0,1
يَسْتَأْذِنُونَكَ,ي,ستأذن+ون+ك+None+None+None,,2,1.0,1
عَمَلَكُمْ,,عمل,كم,2,1.0,1
تُرَدُّونَ,ت,رد,ون,2,1.0,1
الْأَعْرَابُ,ال,أعراب,,2,1.0,1
دَائِرَةُ,,دائر,ة|(null),2,1.0,1
وَالسَّابِقُونَ,و|ال,سابق,ون,2,1.0,1
الْمُهَاجِرِينَ,ال,مهاجر,ين,2,1.0,1
وَالْأَنْصَارِ,و|ال,أنصار,,2,1.0,1
حَوْلَكُمْ,,حول,كم,2,1.0,1
صَدَقَةً,,صدقة,,2,1.0,1
يَقْبَلُ,ي,قبل,,2,1.0,1
التَّوْبَةَ,ال,توب,ة,2,1.0,1
مَسْجِدَاً,,مسجد,(null),2,1.0,1
أَسَّسَ,,أسس,,2,1.0,1
بُنْيَانَهُ,,بنيان,ه,2,1.0,1
تَقْوَى,,تقوى,,2,1.0,1
وَأَمْوَالَهُمْ,و,أموال,(null)|هم,2,1.0,1
لِلنَّبِيِّ,ل|ال,نبي,,2,1.0,1
وَعَدَهَا,,وعد,ها,2,1.0,1
كَادَ,,كاد,,2,1.0,1
قُلُوبُ,,قلوب,(null),2,1.0,1
يَغِيظُ,ي,غيظ,,2,1.0,1
عَمَلٌ,,عمل,,2,1.0,1
صَالِحٌ,,صالح,,2,1.0,1
صَغِيرَةً,,صغير,ة|(null),2,1.0,1
كَبِيرَةً,,كبير,ة|(null),2,1.0,1
لِيَجْزِيَهُمُ,ل|ي,جزي,هم,2,1.0,1
رَجَعُوا,,رجع,وا,2,1.0,1
يَحْذَرُونَ,ي,حذر,ون,2,1.0,1
فَزَادَتْهُمْ,ف,زاد,ت|هم,2,1.0,1
حَسْبِيَ,,حسب,ي,2,1.0,1
مَنَازِلَ,,منازل,,2,1.0,1
السِّنِينَ,ال,سن,ين,2,1.0,1
وَالْحِسَابَ,و|ال,حساب,,2,1.0,1
يُفَصِّلُ,ي,فصل,,2,1.0,1
بِالْخَيْرِ,ب|ال,خير,,2,1.0,1
دَعَانَا,,دعا,نا,2,1.0,1
لِلْمُسْرِفِينَ,ل|ال,مسرف,ين,2,1.0,1
الْقُرُونَ,ال,قرون,,2,1.0,1
وَجَاءَتْهُمْ,و,جاء,ت|هم,2,1.0,1
ائْتِ,,ائت,,2,1.0,1
مَسَّتْهُمْ,,مس,ت|هم,2,1.0,1
بِرِيحٍ,ب,ريح,,2,1.0,1
طَيِّبَةٍ,,طيب,ة|(null),2,1.0,1
وَفَرِحُوا,و,فرح,وا,2,1.0,1
رِيحٌ,,ريح,,2,1.0,1
الْمَوْجُ,ال,موج,,2,1.0,1
مَتَاعَ,,متاع,,2,1.0,1
كَمَاءٍ,ك,ماء,,2,1.0,1
فَاخْتَلَطَ,ف,اختلط,,2,1.0,1
نَبَاتُ,,نبات,,2,1.0,1
نَهَارَاً,,نهار,ا,2,1.0,1
حَصِيدَاً,,حصيد,ا,2,1.0,1
عَاصِمٍ,,عاصم,,2,1.0,1
إِيَّانَا,,إيانا,,2,1.0,1
وَيُخْرِجُ,و|ي,خرج,,2,1.0,1
تُصْرَفُونَ,ت,صرف,و|ن,2,1.0,1
فَسَقُوا,,فسق,وا,2,1.0,1
ظَنَّاً,,ظن,ا,2,1.0,1
يُفْتَرَى,ي,فترى,,2,1.0,1
تَصْدِيقَ,,تصديق,,2,1.0,1
وَتَفْصِيلَ,و,تفصيل,,2,1.0,1
أَعْمَلُ,أ,عمل,,2,1.0,1
الْعُمْيَ,ال,عمي,,2,1.0,1
فَإِلَيْنَا,ف|إلي,نا,,2,1.0,1
يَسْتَعْجِلُ,ي,ستعجل,,2,1.0,1
آلْآنَ,آل,آن,,2,1.0,1
النَّدَامَةَ,ال,ندام,ة,2,1.0,1
وَشِفَاءٌ,و,شفاء,,2,1.0,1
آللَّهُ,ال,له,,2,0.5,2
تَفْتَرُونَ,ت,فتر,ون,2,0.5,2
ظَنُّ,,ظن,,2,1.0,1
شَأْنٍ,,شأن,(null),2,1.0,1
عَمَلٍ,,عمل,,2,1.0,1
شُهُودَاً,,شهود,ا,2,1.0,1
تُفِيضُونَ,ت,فيض,و|ن,2,1.0,1
يَعْزُبُ,ي,عزب,,2,1.0,1
تَبْدِيلَ,,تبديل,,2,1.0,1
يُفْلِحُونَ,ي,فلح+ون+None+None,,2,0.5,2
مَقَامِي,,مقام,ي,2,1.0,1
فَأَجْمِعُوا,ف,أجمع,وا,2,1.0,1
سَأَلْتُكُمْ,,سأل,ت|كم,2,1.0,1
فَجَاءُوهُمْ,ف,جاء,و|هم,2,1.0,1
الْكِبْرِيَاءُ,ال,كبرياء,,2,1.0,1
مُلْقُونَ,,ملق,ون,2,1.0,1
جِئْتُمْ,,جئ,تم,2,1.0,1
وَيُحِقُّ,و|ي,حق,,2,1.0,1
خَوْفٍ,,خوف,(null),2,1.0,1
بِرَحْمَتِكَ,ب,رحم,ت|ك,2,1.0,1
آتَيْتَ,,آتي,ت,2,1.0,1
زِينَةً,,زين,ة,2,1.0,1
لِيُضِلُّوا,ل|ي,ضل,وا,2,1.0,1
فَأَتْبَعَهُمْ,ف,أتبع,هم,2,1.0,1
وَكُنْتَ,و,كن,ت,2,1.0,1
بَوَّأْنَا,,بوأ,نا,2,1.0,1
فَاسْأَلِ,ف,ا+سأل,,2,1.0,1
يَقْرَءُونَ,ي,قرء,ون,2,1.0,1
يُونُسَ,,يونس,,2,1.0,1
الْخِزْيِ,ال,خزي,,2,1.0,1
وَيَجْعَلُ,و|ي,جعل,,2,1.0,1
تُغْنِي,ت,غني,,2,1.0,1
نُنَجِّي,ن,نجي,,2,1.0,1
دِينِي,,دين+ي,,2,1.0,1
لَدُنْ,,لدن,,2,1.0,1
خَبِيرٍ,,خبير,(null),2,1.0,1
فَضْلَهُ,,فضل,ه,2,1.0,1
كَبِيرٍ,,كبير,,2,1.0,1
ثِيَابَهُمْ,,ثياب,هم,2,1.0,1
رِزْقُهَا,,رزق,ها,2,1.0,1
مَبْعُوثُونَ,,مبعوث,ون,2,1.0,1
مَعْدُودَةٍ,,معدود,ة,2,1.0,1
كَفُورٌ,,كفور,,2,1.0,1
أَذَقْنَاهُ,,أذق,نا|ه,2,1.0,1
مَسَّتْهُ,,مس,ت|ه,2,1.0,1
فَلَعَلَّكَ,ف,لعل,ك,2,1.0,1
صَدْرُكَ,,صدر,ك,2,1.0,1
وَزِينَتَهَا,و,زين,ت|ها,2,1.0,1
كِتَابُ,,كتاب,(null),2,1.0,1
فَالنَّارُ,,ف+ال+نار,,2,1.0,1
الْأَشْهَادُ,ال,أشهاد,,2,1.0,1
مُعْجِزِينَ,,معجز,ين,2,1.0,1
يُضَاعَفُ,ي,ضاعف,,2,1.0,1
الْأَخْسَرُونَ,ال,أخسر,ون,2,1.0,1
يَسْتَوِيَانِ,ي,ستوي,ان,2,1.0,1
وَآتَانِي,و,آتا+ن+ي+None,,2,1.0,1
بِطَارِدِ,ب,طارد,,2,1.0,1
يَنْصُرُنِي,ي,نصر+ن,ي,2,1.0,1
يَنْفَعُكُمْ,ي,نفع,كم,2,1.0,1
افْتَرَيْتُهُ,,افتري,ت|ه,2,1.0,1
قَوْمِكَ,,قوم,ك,2,1.0,1
تَبْتَئِسْ,ت,بتئس,,2,1.0,1
وَوَحْيِنَا,و,وحي+نا+None,,2,0.5,2
تُخَاطِبْنِي,ت,خاطب+ن,ي,2,1.0,1
وَيَحِلُّ,و|ي,حل,,2,1.0,1
وَفَارَ,و,فار,,2,1.0,1
التَّنُّورُ,ال,تنور,,2,1.0,1
أَهْلِي,,أهل,ي,2,1.0,1
صَالِحٍ,,صالح,,2,1.0,1
وَإِلَّا,و,إلا+None+None,,2,1.0,1
يَمَسُّهُمْ,ي,مس,هم,2,1.0,1
يُرْسِلِ,ي,رسل,,2,1.0,1
وَأُتْبِعُوا,و,أتبع,وا,2,1.0,1
عَادَاً,,عاد,ا,2,1.0,1
هُودٍ,,هود,,2,1.0,1
تَدْعُونَا,ت,دع,و|نا,2,1.0,1
يَوْمِئِذٍ,,يوم,ئذ,2,1.0,1
بِالْبُشْرَى,ب|ال,بشرى,,2,1.0,1
بِعِجْلٍ,ب,عجل,,2,1.0,1
وَامْرَأَتُهُ,و,امرأ,ت|ه,2,1.0,1
بِإِسْحَاقَ,ب,إسحاق,,2,1.0,1
عَجُوزٌ,,عجوز,,2,1.0,1
شَيْخَاً,,شيخ,ا,2,1.0,1
عَجِيبٌ,,عجيب,,2,1.0,1
مَجِيدٌ,,مجيد,,2,1.0,1
سِيءَ,,سيء,,2,1.0,1
وَضَاقَ,و,ضاق,,2,1.0,1
ذَرْعَاً,,ذرع,ا,2,1.0,1
يُهْرَعُونَ,ي,هرع,ون,2,1.0,1
بَنَاتِي,,بن,ات|ي,2,1.0,1
أَطْهَرُ,,أطهر,,2,1.0,1
تُخْزُونِ,ت,خز+و+ن+None,,2,1.0,1
ضَيْفِي,,ضيف,ي,2,1.0,1
يَالُوطُ,يا,لوط,,2,1.0,1
بِقِطْعٍ,ب,قطع,,2,1.0,1
يَلْتَفِتْ,ي,لتفت,,2,1.0,1
امْرَأَتَكَ,,امرأ,ت|ك,2,1.0,1
الصُّبْحُ,ال,صبح,,2,1.0,1
عَالِيَهَا,,عالي,ها,2,1.0,1
سَافِلَهَا,,سافل,ها,2,1.0,1
مَنْضُودٍ,,منضود,,2,1.0,1
مُسَوَّمَةً,,مسوم,ة,2,1.0,1
بِبَعِيدٍ,ب,بعيد,(null),2,1.0,1
الْمِكْيَالَ,ال,مكيال,,2,1.0,1
لَأَنْتَ,,ل,أنت,2,1.0,1
أُنِيبُ,أ,نيب,,2,1.0,1
وَرَاءَكُمْ,,وراء,كم,2,1.0,1
كَاذِبٌ,,كاذب,,2,1.0,1
رَقِيبٌ,,رقيب,,2,1.0,1
زَفِيرٌ,,زفير,,2,1.0,1
فَعَّالٌ,,فعال,,2,1.0,1
عَطَاءً,,عطاء,,2,1.0,1
فَاخْتُلِفَ,ف,اختلف,,2,1.0,1
أُمِرْتَ,,أمر,ت,2,1.0,1
فُؤَادَكَ,,فؤاد,ك,2,1.0,1
فَاعْبُدْهُ,ف,ا+عبد,ه,2,1.0,1
لِلسَّائِلِينَ,ل|ال,سائل,ين,2,1.0,1
أَحَبُّ,,أحب,,2,1.0,1
وَتَكُونُوا,و|ت,كون,وا,2,1.0,1
غَيَابَتِ,,غياب,ت,2,1.0,1
الْجُبِّ,ال,جب,,2,1.0,1
يَبْكُونَ,ي,بك,و|ن,2,1.0,1
فَصَبْرٌ,ف,صبر,,2,1.0,1
جَمِيلٌ,,جميل,,2,1.0,1
الْمُسْتَعَانُ,ال,مستعان,,2,1.0,1
يَنْفَعَنَا,ي,نفع,نا,2,1.0,1
نَتَّخِذَهُ,ن,تخذ,ه,2,1.0,1
مَعَاذَ,,معاذ,,2,1.0,1
بُرْهَانَ,,برهان,,2,1.0,1
قَمِيصَهُ,,قميص,ه,2,1.0,1
لَدَى,,لدى,,2,1.0,1
وَشَهِدَ,و,شهد,(null),2,1.0,1
قَمِيصُهُ,,قميص,ه,2,1.0,1
إِلَيْهِنَّ,إلي,هن,,2,1.0,1
أَيْدِيَهُنَّ,,أيدي,هن,2,1.0,1
وَقُلْنَ,و,قل+ن+None,,2,0.5,2
حَاشَ,,حاش,,2,1.0,1
رَاوَدْتُهُ,,راود,ت|ه,2,1.0,1
كَيْدَهُنَّ,,كيد,هن,2,1.0,1
وَأَكُنْ,و|أ,كن,,2,1.0,1
أَرَانِي,أ,را+ن+ي+None,,2,1.0,1
خَمْرَاً,,خمر,ا,2,1.0,1
الْآخَرُ,ال,آخر,(null),2,1.0,1
تَرَكْتُ,,ترك,ت,2,1.0,1
يَاصَاحِبَيِ,يا,صاحب,ي,2,1.0,1
ذِكْرَ,,ذكر,(null),2,1.0,1
فَلَبِثَ,ف,لبث,,2,1.0,1
بَقَرَاتٍ,,بقر,ات|(null),2,1.0,1
سِمَانٍ,,سمان,,2,1.0,1
يَأْكُلُهُنَّ,ي,أكل,هن,2,1.0,1
عِجَافٌ,,عجاف,(null),2,1.0,1
سُنْبُلَاتٍ,,سنبل,ات,2,1.0,1
وَأُخَرَ,و,أخر,,2,1.0,1
يَابِسَاتٍ,,يابس,ات,2,1.0,1
أَفْتُونِي,,أفت+و+ن,ي,2,1.0,1
رُؤْيَايَ,,رؤيا,ي,2,1.0,1
أَضْغَاثُ,,أضغاث,,2,1.0,1
أَحْلَامٍ,,أحلام,,2,1.0,1
بِتَأْوِيلِ,ب,تأويل,,2,1.0,1
شِدَادٌ,,شداد,,2,1.0,1
ارْجِعْ,,ا+رجع,,2,1.0,1
بَالُ,,بال,,2,1.0,1
اجْعَلْنِي,,ا+جعل+ن,ي,2,1.0,1
وَلَأَجْرُ,و,ل+أجر,,2,1.0,1
جَهَّزَهُمْ,,جهز,هم,2,1.0,1
بِجَهَازِهِمْ,ب,جهاز,هم,2,1.0,1
الْمُنْزِلِينَ,ال,منزل,ين,2,1.0,1
كَيْلَ,,كيل,,2,1.0,1
بِضَاعَتَهُمْ,,بضاع,ت|هم,2,1.0,1
أَهْلِهِمْ,,أهل,هم,2,1.0,1
أَخَانَا,,أخا,نا,2,1.0,1
رُدَّتْ,,رد,ت,2,1.0,1
بَعِيرٍ,,بعير,,2,1.0,1
مَوْثِقَاً,,موثق,ا,2,1.0,1
أَبْوَابٍ,,أبواب,(null),2,1.0,1
وَعَلَيْهِ,و|علي,ه,,2,1.0,1
أَمَرَهُمْ,,أمر,هم,2,1.0,1
أَبُوهُمْ,,أبو,هم,2,1.0,1
عَلَّمْنَاهُ,,علم,نا|ه,2,1.0,1
آوَى,,آوى,,2,1.0,1
الْعِيرُ,ال,عير,,2,1.0,1
زَعِيمٌ,,زعيم,(null),2,1.0,1
وِعَاءِ,,وعاء,,2,1.0,1
سَرَقَ,,سرق,,2,1.0,1
نَجِيَّاً,,نجي,ا,2,1.0,1
كَبِيرُهُمْ,,كبير,هم,2,1.0,1
يَأْذَنَ,ي,أذن,,2,1.0,1
اذْهَبُوا,,ا+ذهب,وا,2,1.0,1
رَوْحِ,,روح,,2,1.0,1
مَسَّنَا,,مس,نا,2,1.0,1
فَعَلْتُمْ,,فعل,تم,2,1.0,1
أَإِنَّكَ,أ,إن,ك,2,1.0,1
فَأَلْقُوهُ,ف,ألق,و|ه,2,1.0,1
وَأْتُونِي,و,أت+و+ن+ي+None,,2,1.0,1
الْقَدِيمِ,ال,قديم,,2,1.0,1
خَاطِئِينَ,,خاطئ,ين,2,1.0,1
أَبَوَيْهِ,,أبو,ي|ه,2,1.0,1
تَأْوِيلُ,,تأويل,(null),2,1.0,1
فَاطِرَ,,فاطر,,2,1.0,1
وَأَلْحِقْنِي,و,ألحق+ن+ي+None,,2,1.0,1
بِالصَّالِحِينَ,ب|ال,صالح,ين,2,1.0,1
مُشْرِكُونَ,,مشرك,ون,2,1.0,1
وَسُبْحَانَ,و,سبحان,,2,1.0,1
وَلَدَارُ,و,ل+دار,,2,1.0,1
رَفَعَ,,رفع,(null),2,1.0,1
مَدَّ,,مد,,2,1.0,1
وَأَنْهَارَاً,و,أنهار,ا,2,1.0,1
الْأَغْلَالُ,ال,أغلال,,2,1.0,1
أَسَرَّ,,أسر,,2,1.0,1
يُرِيكُمُ,ي,ري,كم,2,1.0,1
الْبَرْقَ,ال,برق,,2,1.0,1
فَيُصِيبُ,ف|ي,صيب,,2,1.0,1
كَفَّيْهِ,,كف,ي|ه,2,1.0,1
دُعَاءُ,,دعاء,,2,1.0,1
تَسْتَوِي,ت,ستوي,,2,1.0,1
الظُّلُمَاتُ,ال,ظلم,ات,2,1.0,1
لَافْتَدَوْا,,ل+افتد,وا,2,1.0,1
يُوفُونَ,ي,وف,ون,2,0.5,2
وَيَدْرَءُونَ,و|ي,درء+ون+None+None+None,,2,1.0,1
صَلَحَ,,صلح,,2,1.0,1
وَأَزْوَاجِهِمْ,و,أزواج+هم+None+None,,2,0.5,2
صَبَرْتُمْ,,صبر,تم,2,1.0,1
اللَّعْنَةُ,ال,لعن,ة|(null),2,1.0,1
قَبْلِهَا,,قبل,ها,2,1.0,1
سُيِّرَتْ,,سير,ت,2,1.0,1
قُطِّعَتْ,,قطع,ت,2,1.0,1
فَأَمْلَيْتُ,ف,أملي,ت,2,1.0,1
أَخَذْتُهُمْ,,أخذ,ت|هم,2,1.0,1
الْحِسَابُ,ال,حساب,,2,1.0,1
نَأْتِي,ن,أتي,,2,1.0,1
نَنْقُصُهَا,ن,نقص,ها,2,1.0,1
أَطْرَافِهَا,,أطراف,ها,2,1.0,1
مَكَرَ,,مكر,,2,1.0,1
الْمَكْرُ,ال,مكر,,2,1.0,1
وَسَيَعْلَمُ,و,س+ي+علم,,2,1.0,1
لَغَنِيٌّ,,ل+غني,,2,1.0,1
كَفَرْنَا,,كفر,نا,2,1.0,1
أَفِي,,أ,في,2,1.0,1
يَمُنُّ,ي,من,,2,1.0,1
سُبُلَنَا,,سبل,نا,2,1.0,1
وَرَائِهِ,,ورائ,ه,2,1.0,1
الرِّيحُ,ال,ريح,,2,1.0,1
الْبَعِيدُ,ال,بعيد,,2,1.0,1
بِخَلْقٍ,ب,خلق,,2,1.0,1
وَبَرَزُوا,و,برز,وا,2,1.0,1
الضُّعَفَاءُ,ال,ضعفاء,,2,1.0,1
تَبَعَاً,,تبع,ا,2,1.0,1
مُغْنُونَ,,مغن,ون,2,1.0,1
صَبَرْنَا,,صبر,نا,2,1.0,1
تَحِيَّتُهُمْ,,تحي,ة|هم,2,1.0,1
كَشَجَرَةٍ,ك,شجر,ة|(null),2,1.0,1
وَيَضْرِبُ,و|ي,ضرب,,2,1.0,1
خَبِيثَةٍ,,خبيث,ة,2,1.0,1
فَوْقِ,,فوق,,2,1.0,1
بَدَّلُوا,,بدل,وا,2,1.0,1
الْقَرَارُ,ال,قرار,(null),2,1.0,1
لِتَجْرِيَ,ل|ت,جري,,2,1.0,1
تَعُدُّوا,ت,عد,وا,2,1.0,1
تُحْصُوهَا,ت,حص,و|ها,2,1.0,1
كَفَّارٌ,,كفار,,2,1.0,1
تَهْوِي,ت,هوي,,2,1.0,1
الْكِبَرِ,ال,كبر,,2,1.0,1
دُعَاءِ,,دعاء,,2,1.0,1
وَلِوَالِدَيَّ,و|ل,والد,ي,2,1.0,1
وَالسَّمَاوَاتُ,و|ال,سماو,ات,2,1.0,1
الْوَاحِدِ,ال,واحد,(null),2,1.0,1
الْقَهَّارِ,ال,قهار,,2,1.0,1
الْأَصْفَادِ,ال,أصفاد,,2,1.0,1
وُجُوهَهُمُ,,وجوه,هم,2,1.0,1
بَلَاغٌ,,بلاغ,,2,1.0,1
وَلَهَا,و|ل,ها,,2,1.0,1
تَسْبِقُ,ت,سبق,,2,1.0,1
أَجَلَهَا,,أجل,(null)|ها,2,1.0,1
مُنْظَرِينَ,,منظر,ين,2,1.0,1
سُنَّةُ,,سن,ة,2,1.0,1
بَابَاً,,باب,ا,2,1.0,1
بُرُوجَاً,,بروج,ا,2,1.0,1
وَزَيَّنَّاهَا,و,زين,نا|ها,2,1.0,1
رَجِيمٍ,,رجيم,,2,1.0,1
شِهَابٌ,,شهاب,,2,1.0,1
مَدَدْنَاهَا,,مدد,نا|ها,2,1.0,1
وَنُمِيتُ,و|ن,ميت,,2,1.0,1
الْوَارِثُونَ,ال,وارث,ون,2,1.0,1
السَّمُومِ,ال,سموم,,2,1.0,1
خَالِقٌ,,خالق,,2,1.0,1
سَوَّيْتُهُ,,سوي,ت|ه,2,1.0,1
وَنَفَخْتُ,و,نفخ,ت,2,1.0,1
رُوحِي,,روح,ي,2,1.0,1
فَقَعُوا,ف,قع,وا,2,1.0,1
فَسَجَدَ,ف,سجد,,2,1.0,1
يَاإِبْلِيسُ,يا,إبليس,,2,1.0,1
رَجِيمٌ,,رجيم,,2,1.0,1
فَأَنْظِرْنِي,ف,أنظر+ن,ي,2,1.0,1
الْوَقْتِ,ال,وقت,(null),2,1.0,1
الْمَعْلُومِ,ال,معلوم,(null),2,1.0,1
سَبْعَةُ,,سبع,ة|(null),2,1.0,1
ادْخُلُوهَا,,ا+دخل,و|ها,2,1.0,1
وَنَبِّئْهُمْ,و,نبئ,هم,2,1.0,1
ضَيْفِ,,ضيف,,2,1.0,1
نُبَشِّرُكَ,ن,بشر,ك,2,1.0,1
خَطْبُكُمْ,,خطب,كم,2,1.0,1
قَدَّرْنَا,,قدر,نا,2,1.0,1
مُنْكَرُونَ,,منكر,ون,2,1.0,1
يَمْتَرُونَ,ي,متر,ون,2,1.0,1
وَقَضَيْنَا,و,قضي,نا,2,1.0,1
مُشْرِقِينَ,,مشرق,ين,2,1.0,1
مُقِيمٍ,,مقيم,(null),2,1.0,1
لَآتِيَةٌ,,ل+آتي,ة,2,1.0,1
الْخَلَّاقُ,ال,خلاق,,2,1.0,1
آتَيْنَاكَ,,آتي,نا|ك,2,1.0,1
سَبْعَاً,,سبع,ا,2,1.0,1
تَمُدَّنَّ,ت,مد+ن,,2,1.0,1
عَيْنَيْكَ,,عين,ي|ك,2,1.0,1
النَّذِيرُ,ال,نذير,,2,1.0,1
فَوَرَبِّكَ,ف,و+رب,ك,2,1.0,1
تُؤْمَرُ,ت,ؤمر,,2,1.0,1
الْيَقِينُ,ال,يقين,(null),2,1.0,1
خَصِيمٌ,,خصيم,,2,1.0,1
بَلَدٍ,,بلد,,2,1.0,1
وَالنُّجُومُ,و|ال,نجوم,,2,1.0,1
طَرِيَّاً,,طري,ا,2,1.0,1
حِلْيَةً,,حلي,ة,2,1.0,1
تَلْبَسُونَهَا,ت,لبس+ون+ها+None+None,,2,1.0,1
مَوَاخِرَ,,مواخر,,2,1.0,1
يَخْلُقُونَ,ي,خلق,ون,2,1.0,1
مُسْتَكْبِرُونَ,,مستكبر,ون,2,1.0,1
الْخِزْيَ,ال,خزي,,2,1.0,1
تَتَوَفَّاهُمُ,ت,توفا+هم+None,,2,1.0,1
فَادْخُلُوا,ف,ا+دخل,وا,2,1.0,1
فَأَصَابَهُمْ,ف,أصاب,هم,2,1.0,1
وَاجْتَنِبُوا,و,اجتنب,وا,2,1.0,1
يَبْعَثُ,ي,بعث,,2,1.0,1
لِشَيْءٍ,ل,شيء,,2,1.0,1
لَنُبَوِّئَنَّهُمْ,,ل+ن+بوئ+ن,هم,2,1.0,1
فَاسْأَلُوا,,ف+ا+سأل,وا,2,1.0,1
لِتُبَيِّنَ,ل|ت,بين,,2,1.0,1
يَأْخُذَهُمْ,ي,أخذ,هم,2,1.0,1
دَاخِرُونَ,,داخر,ون,2,1.0,1
وَيَفْعَلُونَ,و|ي,فعل+ون+None+None,,2,1.0,1
يُؤْمَرُونَ,ي,ؤمر+ون+None+None,,2,1.0,1
فَإِيَّايَ,ف,إياي,,2,1.0,1
نِعْمَةٍ,,نعم,ة,2,1.0,1
مَسَّكُمُ,,مس,كم,2,1.0,1
فَتَمَتَّعُوا,ف,تمتع,وا,2,1.0,1
لَتُسْأَلُنَّ,,ل+ت+سأل+ن+None+None,,2,1.0,1
الْبَنَاتِ,ال,بن,ات,2,1.0,1
ظَلَّ,,ظل,,2,1.0,1
وَجْهُهُ,,وجه,ه,2,1.0,1
مُسْوَدَّاً,,مسود,ا,2,1.0,1
سُوءِ,,سوء,,2,1.0,1
الْمَثَلُ,ال,مثل,(null),2,1.0,1
يُؤَاخِذُ,ي,ؤاخذ,,2,1.0,1
نُسْقِيكُمْ,ن,سقي,كم,2,1.0,1
وَأَوْحَى,و,أوحى,,2,1.0,1
الشَّجَرِ,ال,شجر,,2,1.0,1
بُطُونِهَا,,بطون,ها,2,1.0,1
شِفَاءٌ,,شفاء,,2,1.0,1
أَرْذَلِ,,أرذل,,2,1.0,1
الْعُمُرِ,ال,عمر,,2,1.0,1
لِكَيْ,ل,كي,,2,1.0,1
أَفَبِالْبَاطِلِ,أ,ف+ب+ال+باطل,,2,1.0,1
يَقْدِرُ,ي,قدر,,2,1.0,1
مَوْلَاهُ,,مولا,ه,2,1.0,1
يُمْسِكُهُنَّ,ي,مسك,هن,2,1.0,1
أَثَاثَاً,,أثاث,ا,2,1.0,1
نَبْعَثُ,ن,بعث,,2,1.0,1
يُؤْذَنُ,ي,ؤذن,,2,1.0,1
دُونِكَ,,دون,ك,2,1.0,1
فَأَلْقَوْا,ف,ألق,وا,2,1.0,1
زِدْنَاهُمْ,,زد,نا|هم,2,1.0,1
لِلْمُسْلِمِينَ,ل|ال,مسلم,ين,2,1.0,1
وَإِيتَاءِ,و,إيتاء,,2,1.0,1
الْفَحْشَاءِ,ال,فحشاء,,2,1.0,1
دَخَلَاً,,دخل,ا,2,1.0,1
حَيَاةً,,حيا,ة|(null),2,1.0,1
قَرَأْتَ,,قرأ,ت,2,1.0,1
شَرَحَ,,شرح,(null),2,1.0,1
بِأَنَّهُمُ,ب,أن,هم,2,1.0,1
تَأْتِي,ت,أتي,,2,1.0,1
قَصَصْنَا,,قصص,نا,2,1.0,1
اجْتَبَاهُ,,اجتبا,ه,2,1.0,1
بِالْحِكْمَةِ,ب|ال,حكم,ة,2,1.0,1
ضَيْقٍ,,ضيق,,2,1.0,1
بِأَمْوَالٍ,ب,أموال,,2,1.0,1
وَجَعَلْنَاكُمْ,و,جعل,نا|كم,2,1.0,1
أَحْسَنْتُمْ,,أحسن,تم,2,1.0,1
تَتْبِيرَاً,,تتبير,ا,2,1.0,1
بِالشَّرِّ,ب|ال,شر,(null),2,1.0,1
تَدْمِيرَاً,,تدمير,ا,2,1.0,1
بِذُنُوبِ,ب,ذنوب,,2,1.0,1
يَصْلَاهَا,ي,صلا+ها+None,,2,1.0,1
مَذْمُومَاً,,مذموم,ا,2,1.0,1
سَعْيُهُمْ,,سعي,هم,2,1.0,1
مَشْكُورَاً,,مشكور,ا,2,1.0,1
وَلَلْآخِرَةُ,و|ل|ال,آخر,ة,2,1.0,1
تَفْضِيلَاً,,تفضيل,ا,2,1.0,1
فَتَقْعُدَ,ف|ت,قعد,,2,1.0,1
وَالْمِسْكِينَ,و|ال,مسكين,,2,1.0,1
لِرَبِّهِ,ل,رب,ه,2,1.0,1
مَلُومَاً,,ملوم,ا,2,1.0,1
خَشْيَةَ,,خشي,ة,2,1.0,1
لِوَلِيِّهِ,ل,ولي,ه,2,1.0,1
وَزِنُوا,و,زن,وا,2,1.0,1
بِالْقِسْطَاسِ,ب|ال,قسطاس,,2,1.0,1
الْمُسْتَقِيمِ,ال,مستقيم,(null),2,1.0,1
تَمْشِ,ت,مش,,2,1.0,1
مَرَحَاً,,مرح,ا,2,1.0,1
بِالْبَنِينَ,ب|ال,بنين,,2,1.0,1
لِيَذَّكَّرُوا,ل|ي,ذكر,وا,2,1.0,1
يَزِيدُهُمْ,ي,زيد,هم,2,1.0,1
بَيْنَكَ,,بين,ك,2,1.0,1
حِجَابَاً,,حجاب,ا,2,1.0,1
أَدْبَارِهِمْ,,أدبار,هم,2,1.0,1
نَجْوَى,,نجوى,,2,1.0,1
فَضَلُّوا,ف,ضل,وا,2,1.0,1
وَرُفَاتَاً,و,رفات,ا,2,1.0,1
جَدِيدَاً,,جديد,ا,2,1.0,1
رُءُوسَهُمْ,,رءوس,هم,2,1.0,1
وَتَظُنُّونَ,و|ت,ظن+ون+None+None,,2,1.0,1
رَبِّهِمُ,,رب,هم,2,1.0,1
رَحْمَتَهُ,,رحم,ت|ه,2,1.0,1
عَذَابَهُ,,عذاب,ه,2,1.0,1
مَسْطُورَاً,,مسطور,ا,2,1.0,1
بِالْآيَاتِ,ب|ال,آي,ات,2,1.0,1
ذُرِّيَّتَهُ,,ذر+ي,ت|ه,2,1.0,1
وَالْأَوْلَادِ,و|ال,أولاد,(null),2,1.0,1
يُزْجِي,ي,زجي,,2,1.0,1
جَانِبَ,,جانب,,2,1.0,1
تَارَةً,,تار,ة,2,1.0,1
وَفَضَّلْنَاهُمْ,و,فضل,نا|هم,2,1.0,1
كِدْتَ,,كد,ت,2,1.0,1
رُسُلِنَا,,رسل,نا,2,1.0,1
أَقِمِ,,أ+قم,,2,1.0,1
نَافِلَةً,,نافل,ة,2,1.0,1
مَقَامَاً,,مقام,ا,2,1.0,1
وَنَأَى,و,نأى,,2,1.0,1
بِجَانِبِهِ,ب,جانب,ه,2,1.0,1
الْإِنْسُ,ال,إنس,(null),2,1.0,1
وَالْجِنُّ,و|ال,جن,,2,1.0,1
بِمِثْلِهِ,ب,مثل,ه,2,1.0,1
خِلَالَهَا,,خلال,ها,2,1.0,1
تَفْجِيرَاً,,تفجير,ا,2,1.0,1
مَلَائِكَةٌ,,ملائك,ة,2,1.0,1
الْمُهْتَدِ,ال,مهتد,,2,1.0,1
يَخْلُقَ,ي,خلق,,2,1.0,1
مِثْلَهُمْ,,مثل,هم,2,1.0,1
تَمْلِكُونَ,ت,ملك,ون,2,1.0,1
فَاسْأَلْ,ف,ا+سأل,,2,1.0,1
لَأَظُنُّكَ,,ل+أ+ظن,ك,2,1.0,1
بَصَائِرَ,,بصائر,,2,1.0,1
فَأَرَادَ,ف,أراد,,2,1.0,1
وَبِالْحَقِّ,و|ب|ال,حق,,2,1.0,1
مُبَشِّرَاً,,مبشر,ا,2,1.0,1
لِلْأَذْقَانِ,ل|ال,أذقان,,2,1.0,1
تَجْهَرْ,ت,جهر,,2,1.0,1
وَابْتَغِ,و,ابتغ,,2,1.0,1
شَرِيكٌ,,شريك,,2,1.0,1
لِآبَائِهِمْ,ل,آبائ,هم,2,1.0,1
بَاخِعٌ,,باخع,,2,1.0,1
بَعَثْنَاهُمْ,,بعث,نا|هم,2,1.0,1
شَطَطَاً,,شطط,ا,2,1.0,1
كَهْفِهِمْ,,كهف,هم,2,1.0,1
لَبِثْنَا,,لبث,نا,2,1.0,1
فَلْيَنْظُرْ,ف,ل+ي+نظر,,2,1.0,1
يَتَنَازَعُونَ,ي,تنازع,ون,2,1.0,1
ابْنُوا,,ا+بن,وا,2,1.0,1
بُنْيَانَاً,,بنيان,ا,2,1.0,1
رَابِعُهُمْ,,رابع,هم,2,1.0,1
سَادِسُهُمْ,,سادس,هم,2,1.0,1
ظَاهِرَاً,,ظاهر,ا,2,1.0,1
مُلْتَحَدَاً,,ملتحد,ا,2,1.0,1
قَلْبَهُ,,قلب,ه,2,1.0,1
ذِكْرِنَا,,ذكر,نا,2,1.0,1
أَمْرُهُ,,أمر,ه,2,1.0,1
مُرْتَفَقَاً,,مرتفق,ا,2,1.0,1
وَإِسْتَبْرَقٍ,و,إستبرق,,2,1.0,1
جَنَّتَيْنِ,,جن,ت|ين,2,1.0,1
الْجَنَّتَيْنِ,ال,جن,ة|ين,2,0.5,2
يُحَاوِرُهُ,ي,حاور,ه,2,1.0,1
نَفَرَاً,,نفر,ا,2,1.0,1
ظَالِمٌ,,ظالم,,2,1.0,1
خَلَقَكَ,,خلق,ك,2,1.0,1
أُشْرِكُ,أ,شرك,,2,1.0,1
وَوَلَدَاً,و,ولد,ا,2,1.0,1
غَوْرَاً,,غور,ا,2,1.0,1
يُقَلِّبُ,ي,قلب,,2,1.0,1
أَنْفَقَ,,أنفق,,2,1.0,1
يَنْصُرُونَهُ,ي,نصر+ون+ه+None+None,,2,1.0,1
وَالْبَاقِيَاتُ,و|ال,باقي,ات,2,1.0,1
الصَّالِحَاتُ,ال,صالح,ات,2,1.0,1
أَلَّنْ,أ,لن,,2,1.0,1
وَوُضِعَ,و,وضع,,2,1.0,1
فَدَعَوْهُمْ,ف,دع,و|هم,2,1.0,1
جَدَلَاً,,جدل,ا,2,1.0,1
لِيُدْحِضُوا,ل|ي,دحض,وا,2,1.0,1
أُنْذِرُوا,أ,نذر,وا,2,1.0,1
ذُكِّرَ,,ذكر,(null),2,1.0,1
فَأَعْرَضَ,ف,أعرض,,2,1.0,1
وَنَسِيَ,و,نسي,,2,1.0,1
يَهْتَدُوا,ي,هتد,وا,2,1.0,1
لِفَتَاهُ,ل,فتا,ه,2,1.0,1
مَجْمَعَ,,مجمع,,2,1.0,1
سَبِيلَهُ,,سبيل,ه,2,1.0,1
نَسِيتُ,,نسي,ت,2,1.0,1
فَوَجَدَا,ف,وجد,ا,2,1.0,1
وَعَلَّمْنَاهُ,و,علم,نا|ه,2,1.0,1
تُحِطْ,ت,حط,,2,1.0,1
خُبْرَاً,,خبر,ا,2,1.0,1
صَابِرَاً,,صابر,ا,2,1.0,1
السَّفِينَةِ,ال,سفين,ة|(null),2,1.0,1
غُلَامَاً,,غلام,ا,2,1.0,1
بَعْدَهَا,,بعد,ها,2,1.0,1
عُذْرَاً,,عذر,ا,2,1.0,1
وَبَيْنِكَ,و,بين,ك,2,1.0,1
وَرَاءَهُمْ,,وراء,هم,2,1.0,1
وَجَدَهَا,,وجد,ها,2,1.0,1
يَاذَا,يا,ذا,,2,1.0,1
فَيُعَذِّبُهُ,ف|ي,عذب,ه,2,1.0,1
أَتْبَعَ,,أتبع,,2,1.0,1
لَدَيْهِ,,لدي,ه,2,1.0,1
دُونِهِمَا,,دون,هما,2,1.0,1
خَرْجَاً,,خرج,ا,2,1.0,1
آتُونِي,,آت+و+ن,ي,2,1.0,1
أَعْيُنُهُمْ,,أعين,(null)|هم,2,1.0,1
سَمْعَاً,,سمع,ا,2,1.0,1
وَلِقَائِهِ,و,لقائ,ه,2,1.0,1
وَرُسُلِي,و,رسل,ي,2,1.0,1
الْبَحْرُ,ال,بحر,,2,1.0,1
كَلِمَاتُ,,كلم,ات,2,1.0,1
ذِكْرُ,,ذكر,(null),2,1.0,1
رَحْمَتِ,,رحم,ة,2,1.0,1
عَبْدَهُ,,عبد,ه,2,1.0,1
امْرَأَتِي,,امرأ,ت|ي,2,1.0,1
عَاقِرَاً,,عاقر,ا,2,1.0,1
سَمِيَّاً,,سمي,ا,2,1.0,1
عِتِيَّاً,,عتي,ا,2,1.0,1
هَيِّنٌ,,هين,,2,1.0,1
لَيَالٍ,,ليال,,2,1.0,1
صَبِيَّاً,,صبي,ا,2,1.0,1
وَبَرَّاً,و,بر,ا,2,1.0,1
عَصِيَّاً,,عصي,ا,2,1.0,1
بَغِيَّاً,,بغي,ا,2,1.0,1
مَقْضِيَّاً,,مقضي,ا,2,1.0,1
النَّخْلَةِ,ال,نخل,ة,2,1.0,1
مِتُّ,,مت,,2,1.0,1
تَحْزَنِي,ت,حز+ن,ي,2,1.0,1
الْبَشَرِ,ال,بشر,,2,1.0,1
عَبْدُ,,عبد,,2,1.0,1
آتَانِيَ,,آتا+ن,ي,2,1.0,1
وَالزَّكَاةِ,و|ال,زكا,ة,2,1.0,1
وَالسَّلَامُ,و|ال,سلام,,2,1.0,1
وَلَدٍ,,ولد,,2,1.0,1
فَاخْتَلَفَ,ف,اختلف,,2,1.0,1
بَيْنِهِمْ,,بين,هم,2,1.0,1
وَأَبْصِرْ,و,أبصر,,2,1.0,1
وَأَنْذِرْهُمْ,و,أنذر,هم,2,1.0,1
صِدِّيقَاً,,صديق,ا,2,1.0,1
تَعْبُدُ,ت,عبد,,2,1.0,1
جَاءَنِي,,جاء+ن,ي,2,1.0,1
لِسَانَ,,لسان,(null),2,1.0,1
وَنَادَيْنَاهُ,و,نادي+نا+ه+None,,2,1.0,1
جَانِبِ,,جانب,,2,1.0,1
الْأَيْمَنِ,ال,أيمن,,2,1.0,1
خَرُّوا,,خر,وا,2,1.0,1
وَعْدُهُ,,وعد,(null)|ه,2,1.0,1
بِأَمْرِ,ب,أمر,,2,1.0,1
أَيْدِينَا,,أيدي,نا,2,1.0,1
يَذْكُرُ,ي,ذكر,,2,1.0,1
وَالشَّيَاطِينَ,و|ال,شياطين,,2,1.0,1
جِثِيَّاً,,جثي,ا,2,1.0,1
فَلْيَمْدُدْ,,ف+ل+ي+مدد,,2,1.0,1
مَدَّاً,,مد,ا,2,1.0,1
فَسَيَعْلَمُونَ,ف|س|ي,علم+ون+None+None,,2,1.0,1
لِيَكُونُوا,,ل+ي+كون,وا,2,1.0,1
بِعِبَادَتِهِمْ,ب,عباد,ت|هم,2,1.0,1
تَعْجَلْ,ت,عجل,,2,1.0,1
عَدَّاً,,عد,ا,2,1.0,1
نَحْشُرُ,ن,حشر,,2,1.0,1
الشَّفَاعَةَ,ال,شفاع,ة,2,1.0,1
يَتَفَطَّرْنَ,ي,تفطر,ن,2,1.0,1
سَيَجْعَلُ,س|ي,جعل,,2,1.0,1
يَسَّرْنَاهُ,,يسر,نا|ه,2,1.0,1
بِلِسَانِكَ,ب,لسان+ك+None+None,,2,1.0,1
وَتُنْذِرَ,و|ت,نذر,,2,1.0,1
الْعُلَى,ال,على,,2,1.0,1
السِّرَّ,ال,سر,,2,1.0,1
امْكُثُوا,,ا+مكث,وا,2,1.0,1
الْمُقَدَّسِ,ال,مقدس,,2,1.0,1
طُوَىً,,طوى,,2,1.0,1
آتِيَةٌ,,آتي,ة,2,1.0,1
بِيَمِينِكَ,ب,يمين,ك,2,1.0,1
وَاضْمُمْ,و,ا+ضمم,,2,1.0,1
صَدْرِي,,صدر,ي,2,1.0,1
لِسَانِي,,لسان,ي,2,1.0,1
قَوْلِي,,قول,ي,2,1.0,1
وَزِيرَاً,,وزير,ا,2,1.0,1
مَنَنَّا,,من,نا,2,1.0,1
أُمِّكَ,,أم,ك,2,1.0,1
تَمْشِي,ت,مشي,,2,1.0,1
عَيْنُهَا,,عين,ها,2,1.0,1
تَحْزَنَ,ت,حزن,,2,1.0,1
قَدَرٍ,,قدر,,2,1.0,1
اذْهَبَا,,ا+ذهب,ا,2,1.0,1
نَخَافُ,ن,خاف,,2,1.0,1
أَعْطَى,,أعطى,,2,1.0,1
خَلْقَهُ,,خلق,ه,2,1.0,1
مَهْدَاً,,مهد,ا,2,1.0,1
شَتَّى,,شتى,,2,1.0,1
النُّهَى,ال,نهى,,2,1.0,1
نُخْرِجُكُمْ,ن,خرج,كم,2,1.0,1
فَكَذَّبَ,ف,كذب,,2,1.0,1
وَيْلَكُمْ,,ويل,كم,2,1.0,1
هَذَانِ,,هذ,ان,2,1.0,1
ائْتُوا,,ا+ئت,وا,2,0.5,2
فَأَوْجَسَ,ف,أوجس,,2,1.0,1
وَأَلْقِ,و,ألق,,2,1.0,1
السَّاحِرُ,ال,ساحر,,2,1.0,1
فَأُلْقِيَ,ف,ألقي,,2,1.0,1
لَكَبِيرُكُمُ,,ل+كبير,كم,2,1.0,1
وَلَأُصَلِّبَنَّكُمْ,و,ل+أ+صلب+ن,كم,2,1.0,1
وَلَتَعْلَمُنَّ,و,ل+ت+علم+ن+None+None,,2,1.0,1
بِرَبِّنَا,ب,رب,نا,2,1.0,1
خَطَايَانَا,,خطايا,نا,2,1.0,1
أَسْرِ,,أ+سر,,2,1.0,1
فَاضْرِبْ,ف,ا+ضرب,,2,1.0,1
غَشِيَهُمْ,,غشي,هم,2,1.0,1
وَأَضَلَّ,و,أضل,,2,1.0,1
غَضَبِي,,غضب,ي,2,1.0,1
هَوَى,,هوى,,2,1.0,1
السَّامِرِيُّ,ال,سامري,,2,1.0,1
فَنَسِيَ,ف,نسي,,2,1.0,1
هَارُونُ,,هارون,,2,1.0,1
عَاكِفِينَ,,عاكف,ين,2,1.0,1
أَثَرِ,,أثر,,2,1.0,1
نَسْفَاً,,نسف,ا,2,1.0,1
يَحْمِلُ,ي,حمل,,2,1.0,1
يَتَخَافَتُونَ,ي,تخافت,ون,2,0.5,2
عَشْرَاً,,عشر,ا,2,1.0,1
وَصَرَّفْنَا,و,صرف,نا,2,1.0,1
الْوَعِيدِ,ال,وعيد,,2,1.0,1
يُحْدِثُ,ي,حدث,,2,1.0,1
بِالْقُرْآنِ,ب|ال,قرآن,,2,1.0,1
يُقْضَى,ي,قضى,,2,1.0,1
وَعَصَى,و,عصى,,2,1.0,1
لِزَامَاً,,لزام,ا,2,1.0,1
طُلُوعِ,,طلوع,,2,1.0,1
وَقَبْلَ,و,قبل,(null),2,1.0,1
لَعَلَّكَ,,لعل,ك,2,1.0,1
لِنَفْتِنَهُمْ,ل|ن,فتن,هم,2,1.0,1
الصُّحُفِ,ال,صحف,(null),2,1.0,1
أَرْسَلْتَ,,أرسل,ت,2,1.0,1
فَنَتَّبِعَ,ف|ن,تبع,,2,1.0,1
حِسَابُهُمْ,,حساب,هم,2,1.0,1
ذِكْرٍ,,ذكر,(null),2,1.0,1
مُحْدَثٍ,,محدث,,2,1.0,1
شَاعِرٌ,,شاعر,(null),2,1.0,1
جَعَلْنَاهُمْ,,جعل,نا|هم,2,1.0,1
لَاعِبِينَ,,لاعب,ين,2,1.0,1
نَتَّخِذَ,ن,تخذ,,2,1.0,1
وَلَكُمُ,و|ل,كم,,2,1.0,1
يَرَ,ي,ر,,2,1.0,1
فِجَاجَاً,,فجاج,ا,2,1.0,1
فَلَكٍ,,فلك,,2,1.0,1
يَسْبَحُونَ,ي,سبح,ون,2,1.0,1
يَتَّخِذُونَكَ,ي,تخذ,و|ن|ك,2,1.0,1
أَهَذَا,أ,هذا,,2,1.0,1
الْعُمُرُ,ال,عمر,,2,1.0,1
تُظْلَمُ,ت,ظلم,,2,1.0,1
خَرْدَلٍ,,خردل,,2,1.0,1
أَتَيْنَا,,أتي,نا,2,1.0,1
عَالِمِينَ,,عالم,ين,2,1.0,1
فَجَعَلَهُمْ,ف,جعل,هم,2,1.0,1
بِآلِهَتِنَا,ب,آله+ت+نا+None,,2,1.0,1
أَنْتُمُ,,أنتم,,2,1.0,1
حَرِّقُوهُ,,حرق,و|ه,2,1.0,1
بَرْدَاً,,برد,ا,2,1.0,1
وَسَلَامَاً,و,سلام,ا,2,1.0,1
فَجَعَلْنَاهُمُ,ف,جعل,نا|هم,2,1.0,1
بِأَمْرِنَا,ب,أمر,نا,2,1.0,1
الزَّكَاةِ,ال,زكا,ة,2,1.0,1
يُسَبِّحْنَ,ي,سبح,ن,2,1.0,1
وَلِسُلَيْمَانَ,و|ل,سليمان,,2,1.0,1
فَكَشَفْنَا,ف,كشف,نا,2,1.0,1
وَمِثْلَهُمْ,و,مثل+هم+None,,2,0.5,2
الْكِفْلِ,ال,كفل,,2,1.0,1
فَنَادَى,ف,نادى,,2,1.0,1
وَالَّتِي,و,التي,,2,1.0,1
أَحْصَنَتْ,,أحصن,ت,2,1.0,1
فَرْجَهَا,,فرج,ها,2,1.0,1
فَنَفَخْنَا,ف,نفخ,نا,2,1.0,1
رُوحِنَا,,روح,نا,2,1.0,1
أُمَّتُكُمْ,,أم,ت|كم,2,1.0,1
فُتِحَتْ,,فتح,ت,2,1.0,1
يَنْسِلُونَ,ي,نسل,ون,2,1.0,1
عِبَادِيَ,,عباد,ي,2,1.0,1
أَقَرِيبٌ,أ,قريب,,2,1.0,1
بَعِيدٌ,,بعيد,(null),2,1.0,1
حَمْلٍ,,حمل,,2,1.0,1
عَلَقَةٍ,,علق,ة,2,1.0,1
مُخَلَّقَةٍ,,مخلق,ة,2,1.0,1
طِفْلَاً,,طفل,ا,2,1.0,1
لِتَبْلُغُوا,ل|ت,بلغ,وا,2,1.0,1
أَشُدَّكُمْ,,أشد,كم,2,1.0,1
يُتَوَفَّى,ي,توفى,,2,1.0,1
اهْتَزَّتْ,,اهتز,ت,2,1.0,1
وَرَبَتْ,و,رب,ت,2,1.0,1
بَهِيجٍ,,بهيج,,2,1.0,1
مُنِيرٍ,,منير,,2,1.0,1
الْخُسْرَانُ,ال,خسران,(null),2,1.0,1
يَظُنُّ,ي,ظن,,2,1.0,1
وَالشَّجَرُ,و|ال,شجر,,2,1.0,1
خَصْمَانِ,,خصم,ان,2,1.0,1
أُعِيدُوا,,أعيد,وا,2,1.0,1
وَلُؤْلُؤَاً,و,لؤلؤ,ا,2,1.0,1
وَلِبَاسُهُمْ,و,لباس,هم,2,1.0,1
حَرِيرٌ,,حرير,,2,1.0,1
وَهُدُوا,و,هد,وا,2,1.0,1
تُشْرِكْ,ت,شرك,,2,1.0,1
رَزَقَهُمْ,,رزق,(null)|هم,2,1.0,1
بَهِيمَةِ,,بهيم,ة,2,1.0,1
وَأَطْعِمُوا,و,أطعم,وا,2,1.0,1
الْعَتِيقِ,ال,عتيق,(null),2,1.0,1
يُعَظِّمْ,ي,عظم,,2,1.0,1
الْأَنْعَامُ,ال,أنعام,,2,1.0,1
حُنَفَاءَ,,حنفاء,,2,1.0,1
خَرَّ,,خر,,2,1.0,1
مَنْسَكَاً,,منسك,ا,2,1.0,1
سَخَّرَهَا,,سخر,ها,2,1.0,1
يَنْصُرُهُ,ي,نصر,ه,2,1.0,1
تَعْمَى,ت,عمى,,2,1.0,1
تَعُدُّونَ,ت,عد+ون+None+None,,2,0.5,2
سَعَوْا,,سع+و+ا,,2,1.0,1
تَمَنَّى,,تمنى,,2,1.0,1
لَعَفُوٌّ,ل,عفو,,2,1.0,1
لَكَفُورٌ,,ل+كفور,,2,1.0,1
وَادْعُ,و,ا+دع,,2,1.0,1
فَقُلِ,,ف+قل,,2,1.0,1
تَعْرِفُ,ت,عرف,,2,1.0,1
الْمُنْكَرَ,ال,منكر,,2,1.0,1
ضُرِبَ,,ضرب,(null),2,1.0,1
ارْكَعُوا,,ا+ركع,وا,2,1.0,1
وَاسْجُدُوا,و,ا+سجد,وا,2,1.0,1
لِفُرُوجِهِمْ,ل,فروج,هم,2,1.0,1
حَافِظُونَ,,حافظ,ون,2,1.0,1
مَلُومِينَ,,ملوم,ين,2,1.0,1
ابْتَغَى,,ابتغى,,2,1.0,1
الْعَادُونَ,ال,عاد,ون,2,1.0,1
لِأَمَانَاتِهِمْ,ل,أمان,ات|هم,2,1.0,1
وَعَهْدِهِمْ,و,عهد,هم,2,1.0,1
رَاعُونَ,,راع,ون,2,1.0,1
سُلَالَةٍ,,سلال,ة,2,1.0,1
نُطْفَةً,,نطف,ة,2,1.0,1
عَلَقَةً,,علق,ة,2,1.0,1
فَخَلَقْنَا,ف,خلق,نا,2,1.0,1
الْعِظَامَ,ال,عظام,,2,1.0,1
فَتَبَارَكَ,ف,تبارك,,2,1.0,1
الْخَالِقِينَ,ال,خالق,ين,2,1.0,1
فَوْقَكُمْ,,فوق,كم,2,1.0,1
طَرَائِقَ,,طرائق,,2,1.0,1
فَوَاكِهُ,,فواكه,,2,1.0,1
تُحْمَلُونَ,ت,حمل,ون,2,1.0,1
لَأَنْزَلَ,,ل+أنزل,,2,1.0,1
آبَائِنَا,,آبائ,نا,2,1.0,1
فَأَوْحَيْنَا,ف,أوحي,نا,2,1.0,1
تَشْرَبُونَ,ت,شرب,و|ن,2,1.0,1
هَيْهَاتَ,,هيهات,,2,1.0,1
نَمُوتُ,ن,موت,,2,1.0,1
وَنَحْيَا,و|ن,حيا,,2,1.0,1
قَلِيلٍ,,قليل,(null),2,1.0,1
غُثَاءً,,غثاء,,2,1.0,1
فَبُعْدَاً,ف,بعد,ا,2,1.0,1
قُرُونَاً,,قرون,ا,2,1.0,1
أَحَادِيثَ,,أحاديث,,2,1.0,1
فَكَذَّبُوهُمَا,ف,كذب,و|هما,2,1.0,1
وَاعْمَلُوا,و,ا+عمل,وا,2,0.5,2
حِزْبٍ,,حزب,(null),2,1.0,1
مَالٍ,,مال,,2,1.0,1
وَلَدَيْنَا,و,لدى,نا,2,1.0,1
غَمْرَةٍ,,غمر,ة,2,1.0,1
فَكُنْتُمْ,ف,كن+تم+None+None,,2,0.5,2
أَتَيْنَاهُمْ,,أتي,نا|هم,2,1.0,1
ذَرَأَكُمْ,,ذرأ,كم,2,1.0,1
وُعِدْنَا,و,عد,نا,2,1.0,1
مَلَكُوتُ,,ملكوت,,2,1.0,1
يُجِيرُ,ي,جير,,2,1.0,1
ادْفَعْ,,ا+دفع,,2,1.0,1
بَرْزَخٌ,,برزخ,,2,1.0,1
ضَالِّينَ,,ضال,ين,2,1.0,1
سِخْرِيَّاً,,سخري,ا,2,1.0,1
الْكَرِيمِ,ال,كريم,(null),2,1.0,1
يَدْعُ,ي,دع,,2,1.0,1
بِأَرْبَعَةِ,ب,أربع,ة,2,1.0,1
شَهَادَاتٍ,,شهاد,ات,2,1.0,1
تَوَّابٌ,,تواب,,2,1.0,1
شَرَّاً,,شر,ا,2,1.0,1
سَمِعْتُمُوهُ,,سمع+تم+و,ه,2,1.0,1
فَإِذْ,ف,إذ,,2,1.0,1
بِأَفْوَاهِكُمْ,ب,أفواه+كم+None+None,,2,0.5,2
دِينَهُمُ,,دين,(null)|هم,2,1.0,1
وَيَعْلَمُونَ,و|ي,علم,و|ن,2,1.0,1
يُؤْذَنَ,ي,ؤذن,,2,1.0,1
فَارْجِعُوا,ف,ا+رجع,وا,2,1.0,1
فُرُوجَهُمْ,,فروج,هم,2,1.0,1
يُبْدِينَ,ي,بدي,ن,2,1.0,1
زِينَتَهُنَّ,,زين,ت|هن,2,1.0,1
آبَائِهِنَّ,,آبائ,هن,2,1.0,1
بُعُولَتِهِنَّ,,بعول,ت|هن,2,1.0,1
أَبْنَائِهِنَّ,,أبنائ,هن,2,1.0,1
أَخَوَاتِهِنَّ,,أخو,ات|هن,2,1.0,1
نِسَائِهِنَّ,,نسائ,هن,2,1.0,1
أَيْمَانُهُنَّ,,أيمان,هن,2,1.0,1
أَيُّهَ,,أي+ه,,2,1.0,1
نِكَاحَاً,,نكاح,ا,2,1.0,1
وَآتُوهُمْ,و,آت,و|هم,2,1.0,1
وَمَثَلَاً,و,مثل,ا,2,1.0,1
نُورِهِ,,نور,ه,2,1.0,1
شَجَرَةٍ,,شجر,ة|(null),2,1.0,1
مُبَارَكَةٍ,,مبارك,ة,2,1.0,1
وَيَزِيدَهُمْ,و|ي,زيد,هم,2,1.0,1
فَوْقِهِ,,فوق,ه,2,1.0,1
سَحَابٌ,,سحاب,,2,1.0,1
صَافَّاتٍ,,صاف,ات,2,1.0,1
بَيْنَهُ,,بين,(null)|ه,2,1.0,1
يَجْعَلُهُ,ي,جعل,ه,2,1.0,1
الْوَدْقَ,ال,ودق,,2,1.0,1
خِلَالِهِ,,خلال,ه,2,1.0,1
بَطْنِهِ,,بطن,ه,2,1.0,1
الْحُلُمَ,ال,حلم,,2,1.0,1
صَلَاةِ,,صلا,ة|(null),2,1.0,1
بِزِينَةٍ,ب,زين,ة,2,1.0,1
الْأَعْرَجِ,ال,أعرج,,2,1.0,1
الْمَرِيضِ,ال,مريض,,2,1.0,1
مَفَاتِحَهُ,,مفاتح,ه,2,1.0,1
أَشْتَاتَاً,,أشتات,ا,2,1.0,1
تَحِيَّةً,,تحي,ة|(null),2,1.0,1
يَذْهَبُوا,ي,ذهب,وا,2,1.0,1
بَعْضِكُمْ,,بعض,كم,2,1.0,1
تُصِيبَهُمْ,ت,صيب,هم,2,1.0,1
فَقَدَّرَهُ,ف,قدر,ه,2,1.0,1
تَقْدِيرَاً,,تقدير,ا,2,1.0,1
وَزُورَاً,و,زور,ا,2,1.0,1
الْأَسْوَاقِ,ال,أسواق,(null),2,1.0,1
بِالسَّاعَةِ,ب|ال,ساع,ة|(null),2,1.0,1
أُلْقُوا,,ألق,وا,2,1.0,1
أَذَلِكَ,أ,ذلك,,2,1.0,1
جَنَّةُ,,جن,ة|(null),2,1.0,1
بُورَاً,,بور,ا,2,1.0,1
لِلْمُجْرِمِينَ,ل|ال,مجرم,ين,2,1.0,1
مَحْجُورَاً,,محجور,ا,2,1.0,1
هَبَاءً,,هباء,,2,1.0,1
مَنْثُورَاً,,منثور,ا,2,1.0,1
تَشَقَّقُ,,تشقق,,2,1.0,1
يَارَبِّ,يا,رب,,2,1.0,1
تَرْتِيلَاً,,ترتيل,ا,2,1.0,1
وَعَادَاً,و,عاد,ا,2,1.0,1
وَأَصْحَابَ,و,أصحاب,(null),2,1.0,1
الرَّسِّ,ال,رس,,2,1.0,1
يَرَوْنَهَا,ي,ر,و|ن|ها,2,1.0,1
إِلَهَهُ,,إله,ه,2,1.0,1
سُبَاتَاً,,سبات,ا,2,1.0,1
طَهُورَاً,,طهور,ا,2,1.0,1
أَنْعَامَاً,,أنعام,ا,2,1.0,1
جِهَادَاً,,جهاد,ا,2,1.0,1
مَرَجَ,,مرج,,2,1.0,1
عَذْبٌ,,عذب,,2,1.0,1
فُرَاتٌ,,فرات,,2,1.0,1
مِلْحٌ,,ملح,,2,1.0,1
أُجَاجٌ,,أجاج,,2,1.0,1
نَسَبَاً,,نسب,ا,2,1.0,1
الْكَافِرُ,ال,كافر,,2,1.0,1
مُنِيرَاً,,منير,ا,2,1.0,1
شُكُورَاً,,شكور,ا,2,1.0,1
الْجَاهِلُونَ,ال,جاهل,ون,2,1.0,1
وَمُقَامَاً,و,مقام,ا,2,1.0,1
يُضَاعَفْ,ي,ضاعف,,2,1.0,1
كِرَامَاً,,كرام,ا,2,1.0,1
أَعْيُنٍ,,أعين,(null),2,1.0,1
طسم,,طسم,,2,1.0,1
يُكَذِّبُونِ,ي,كذب,و|ن,2,1.0,1
فَأَخَافُ,ف|أ,خاف,,2,1.0,1
يَقْتُلُونِ,ي,قتل+ون+None+None,,2,1.0,1
نِعْمَةٌ,,نعم,ة,2,1.0,1
مُوقِنِينَ,,موقن,ين,2,1.0,1
غَيْرِي,,غير,ي,2,1.0,1
لِفِرْعَوْنَ,ل,فرعون,,2,1.0,1
مُتَّبَعُونَ,,متبع,ون,2,1.0,1
وَمَقَامٍ,و,مقام,,2,1.0,1
وَأَوْرَثْنَاهَا,و,أورث,نا|ها,2,1.0,1
وَأَنْجَيْنَا,و,أنجي,نا,2,1.0,1
سَلِيمٍ,,سليم,,2,1.0,1
وَأُزْلِفَتِ,و,أزلف,ت,2,1.0,1
وَبُرِّزَتِ,و,برز,ت,2,1.0,1
يَنْتَصِرُونَ,ي,نتصر,ون,2,1.0,1
لَتَكُونَنَّ,,ل+ت+كون+ن,,2,1.0,1
الْبَاقِينَ,ال,باق,ين,2,1.0,1
بَطَشْتُمْ,,بطش,تم,2,1.0,1
أَمَدَّكُمْ,أ,مد,كم,2,1.0,1
وَزُرُوعٍ,و,زروع,,2,1.0,1
طَلْعُهَا,,طلع,ها,2,1.0,1
يُصْلِحُونَ,ي,صلح,و|ن,2,1.0,1
الْمُسَحَّرِينَ,ال,مسحر,ين,2,1.0,1
لُوطٌ,,لوط,,2,1.0,1
نَجِّنِي,,نج+ن,ي,2,1.0,1
عَجُوزَاً,,عجوز,ا,2,1.0,1
دَمَّرْنَا,,دمر,نا,2,1.0,1
مَطَرُ,,مطر,,2,1.0,1
فَأَخَذَهُمْ,ف,أخذ,هم,2,1.0,1
الْأَمِينُ,ال,أمين,,2,1.0,1
الْمُنْذِرِينَ,ال,منذر,ين,2,1.0,1
فَيَقُولُوا,ف|ي,قول,وا,2,1.0,1
أَفَبِعَذَابِنَا,أ|ف|ب,عذاب,نا,2,1.0,1
يَسْتَعْجِلُونَ,ي,ستعجل,ون,2,1.0,1
أَفَّاكٍ,,أفاك,,2,1.0,1
وَكِتَابٍ,و,كتاب,,2,1.0,1
بِخَبَرٍ,ب,خبر,,2,1.0,1
تَصْطَلُونَ,ت,صطل,و|ن,2,1.0,1
جَاءَهَا,,جاء,ها,2,1.0,1
رَآهَا,,رآ,ها,2,1.0,1
تَهْتَزُّ,ت,هتز,,2,1.0,1
مُدْبِرَاً,,مدبر,ا,2,1.0,1
يُعَقِّبْ,ي,عقب,,2,1.0,1
جَيْبِكَ,,جيب,ك,2,1.0,1
وَأُوتِينَا,و,أوتي+نا+None,,2,0.5,2
أَوْزِعْنِي,,أوزع+ن,ي,2,1.0,1
أَشْكُرَ,أ,شكر,,2,1.0,1
نِعْمَتَكَ,,نعم,ت|ك,2,1.0,1
وَالِدَيَّ,,والد,ي,2,1.0,1
أَعْمَلَ,أ,عمل,,2,1.0,1
تَرْضَاهُ,ت,رضا+ه+None,,2,1.0,1
بِنَبَإٍ,ب,نبأ,,2,1.0,1
لِلشَّمْسِ,ل|ال,شمس,,2,1.0,1
فَصَدَّهُمْ,ف,صد,هم,2,1.0,1
تَعْلُوا,ت,عل,وا,2,1.0,1
أَذِلَّةً,,أذل,ة,2,1.0,1
تَفْرَحُونَ,ت,فرح,ون,2,1.0,1
آتِيكَ,,آتي,ك,2,1.0,1
شَكَرَ,,شكر,,2,1.0,1
يَشْكُرُ,ي,شكر,,2,1.0,1
قَوَارِيرَ,,قوارير,,2,1.0,1
ظَلَمْتُ,,ظلم,ت,2,1.0,1
طَائِرُكُمْ,,طائر,كم,2,1.0,1
فَتِلْكَ,ف,تلك,,2,1.0,1
حَدَائِقَ,,حدائق,,2,1.0,1
قَرَارَاً,,قرار,ا,2,1.0,1
أَنْهَارَاً,,أنهار,ا,2,1.0,1
أَئِنَّا,أ,ئن,نا,2,0.5,2
تُكِنُّ,ت,كن,,2,1.0,1
الْعُمْيِ,ال,عمي,,2,1.0,1
ضَلَالَتِهِمْ,,ضلال,ت|هم,2,1.0,1
فَفَزِعَ,ف,فزع,,2,1.0,1
دَاخِرِينَ,,داخر,ين,2,1.0,1
آمِنُونَ,,آمن,ون,2,1.0,1
وَجُنُودَهُمَا,و,جنود,هما,2,1.0,1
وَأَصْبَحَ,و,أصبح,,2,1.0,1
عَدُوِّهِ,,عدو,ه,2,1.0,1
خَائِفَاً,,خائف,ا,2,1.0,1
يَتَرَقَّبُ,ي,ترقب,,2,1.0,1
أَقْصَى,,أقصى,,2,1.0,1
قَالَتَا,,قال,ت|ا,2,1.0,1
بِأَهْلِهِ,ب,أهل,ه,2,1.0,1
لِسَانَاً,,لسان,ا,2,1.0,1
مُفْتَرَىً,,مفترى,,2,1.0,1
صَرْحَاً,,صرح,ا,2,1.0,1
لَأَظُنُّهُ,,ل+أ+ظن,ه,2,1.0,1
وَجُنُودَهُ,و,جنود,ه,2,1.0,1
فَنَبَذْنَاهُمْ,ف,نبذ,نا|هم,2,1.0,1
بِجَانِبِ,ب,جانب,,2,1.0,1
قَضَيْنَا,,قضي,نا,2,1.0,1
مُرْسِلِينَ,,مرسل,ين,2,1.0,1
تَظَاهَرَا,,تظاهر,ا,2,1.0,1
حَرَمَاً,,حرم,ا,2,1.0,1
مَسَاكِنُهُمْ,,مساكن,هم,2,1.0,1
فَمَتَاعُ,ف,متاع,,2,1.0,1
الْمُحْضَرِينَ,ال,محضر,ين,2,1.0,1
الْخِيَرَةُ,ال,خير,ة,2,1.0,1
سَرْمَدَاً,,سرمد,ا,2,1.0,1
الْقُوَّةِ,ال,قو,ة,2,1.0,1
حَظٍّ,,حظ,,2,1.0,1
الصَّابِرُونَ,ال,صابر,ون,2,1.0,1
أَجَلَ,,أجل,(null),2,1.0,1
جَاهَدَاكَ,,جاهد,ا|ك,2,1.0,1
تُطِعْهُمَا,ت,طع,هما,2,1.0,1
فَأُنَبِّئُكُمْ,ف|أ,نبئ,كم,2,1.0,1
نَصْرٌ,,نصر,,2,1.0,1
أَوَلَيْسَ,أ,و+ليس,,2,1.0,1
خَمْسِينَ,,خمس,ين,2,1.0,1
أَوْثَانَاً,,أوثان,ا,2,1.0,1
يَئِسُوا,,يئس,وا,2,1.0,1
اتَّخَذْتُمْ,,اتخذ,تم,2,1.0,1
وَمَأْوَاكُمُ,و,مأوا,كم,2,0.5,2
فَآمَنَ,ف,آمن,,2,1.0,1
النُّبُوَّةَ,ال,نبو,ة,2,1.0,1
وَالْكِتَابَ,و|ال,كتاب,(null),2,1.0,1
وَقَارُونَ,و,قارون,,2,1.0,1
الْعَنْكَبُوتِ,ال,عنكبوت,(null),2,1.0,1
بَيْتَاً,,بيت,ا,2,1.0,1
الْأَمْثَالُ,ال,أمثال,,2,1.0,1
نَضْرِبُهَا,ن,ضرب,ها,2,1.0,1
يَاعِبَادِيَ,يا,عباد+ي+None,,2,1.0,1
وَاسِعَةٌ,,واسع,ة,2,1.0,1
نَجَّاهُمْ,,نجا,هم,2,1.0,1
وَأَجَلٍ,و,أجل,,2,1.0,1
أَسَاءُوا,,أساء,وا,2,1.0,1
بِشُرَكَائِهِمْ,ب,شركائ,هم,2,0.5,2
فَأَقِمْ,,ف+أقم,,2,1.0,1
مُنِيبِينَ,,منيب,ين,2,1.0,1
الْفُلْكُ,ال,فلك,,2,1.0,1
فَتُثِيرُ,ف|ت,ثير,,2,1.0,1
لَمُحْيِي,ل,محيي,,2,1.0,1
ضَعْفٍ,,ضعف,,2,1.0,1
وَالْإِيمَانَ,و|ال,إيمان,(null),2,1.0,1
وَلَكِنَّكُمْ,و,لكن+كم,,2,0.5,2
مَعْذِرَتُهُمْ,,معذر,ت|هم,2,1.0,1
لِلْمُحْسِنِينَ,ل|ال,محسن,ين,2,1.0,1
مُسْتَكْبِرَاً,,مستكبر,ا,2,1.0,1
يَسْمَعْهَا,ي,سمع,ها,2,1.0,1
اشْكُرْ,,ا+شكر,,2,1.0,1
حَمَلَتْهُ,,حمل,ت|ه,2,1.0,1
أُمُّهُ,,أم,ه,2,1.0,1
وَفِصَالُهُ,و,فصال,ه,2,1.0,1
مُخْتَالٍ,,مختال,,2,1.0,1
فَخُورٍ,,فخور,,2,1.0,1
تَرَوْا,ت,ر,وا,2,1.0,1
ظَاهِرَةً,,ظاهر,ة|(null),2,1.0,1
بِنِعْمَتِ,ب,نعم,ة|(null),2,1.0,1
مُقْتَصِدٌ,,مقتصد,,2,1.0,1
تَغُرَّنَّكُمُ,ت,غر+ن,كم,2,1.0,1
يَغُرَّنَّكُمْ,ي,غر+ن,كم,2,1.0,1
الْغَيْثَ,ال,غيث,,2,1.0,1
بِأَيِّ,ب,أي,,2,1.0,1
مِقْدَارُهُ,,مقدار,ه,2,1.0,1
نَعْمَلْ,ن,عمل,,2,1.0,1
نَسِيتُمْ,,نسي,تم,2,1.0,1
وَلَنُذِيقَنَّهُمْ,و,ل+ن+ذيق+ن,هم,2,1.0,1
الْفَتْحِ,ال,فتح,,2,1.0,1
إِيمَانُهُمْ,,إيمان,هم,2,1.0,1
لِرَجُلٍ,ل,رجل,,2,1.0,1
اللَّائِي,ال,لائي,,2,1.0,1
أُمَّهَاتُهُمْ,,أمه,ات|هم,2,1.0,1
يَنْفَعَكُمُ,ي,نفع,كم,2,1.0,1
أَشِحَّةً,,أشح,ة,2,1.0,1
الْخَوْفُ,ال,خوف,,2,1.0,1
الْأَحْزَابَ,ال,أحزاب,(null),2,1.0,1
وَالْيَوْمَ,و|ال,يوم,(null),2,1.0,1
وَذَكَرَ,و,ذكر,,2,1.0,1
وَصَدَقَ,و,صدق,,2,1.0,1
وَيُعَذِّبَ,و|ي,عذب,,2,1.0,1
وَقَذَفَ,و,قذف,,2,1.0,1
لِأَزْوَاجِكَ,ل,أزواج+ك+None,,2,1.0,1
كُنْتُنَّ,,كن,تن,2,1.0,1
تُرِدْنَ,ت,رد,ن,2,1.0,1
سَرَاحَاً,,سراح,ا,2,1.0,1
يَانِسَاءَ,يا,نساء,(null),2,1.0,1
بُيُوتِكُنَّ,,بيوت,كن,2,1.0,1
عَنْكُمُ,عن,كم,,2,1.0,1
وَأَجْرَاً,و,أجر,ا,2,1.0,1
أَمْسِكْ,,أمسك,,2,1.0,1
وَطَرَاً,,وطر,ا,2,1.0,1
لِيُخْرِجَكُمْ,ل|ي,خرج,كم,2,1.0,1
يَمِينُكَ,,يمين,ك,2,1.0,1
فَانْتَشِرُوا,,ف+انتشر,وا,2,1.0,1
حِجَابٍ,,حجاب,,2,1.0,1
يَنْتَهِ,ي,نته,,2,1.0,1
لِسُنَّةِ,ل,سن,ة,2,1.0,1
أَطَعْنَا,,أطع,نا,2,1.0,1
وَالْمُشْرِكَاتِ,و|ال,مشرك,ات,2,1.0,1
يَلِجُ,ي,لج,,2,1.0,1
يَنْزِلُ,ي,نزل,,2,1.0,1
رِجْزٍ,,رجز,,2,1.0,1
مُمَزَّقٍ,,ممزق,,2,1.0,1
عَبْدٍ,,عبد,,2,1.0,1
الْحَدِيدَ,ال,حديد,,2,1.0,1
شَهْرٌ,,شهر,(null),2,1.0,1
عَيْنَ,,عين,,2,1.0,1
الْمُهِينِ,ال,مهين,,2,1.0,1
سِدْرٍ,,سدر,,2,1.0,1
قُرَىً,,قرى,,2,1.0,1
صَدَّقَ,,صدق,(null),2,0.5,2
إِيَّاكُمْ,,إياكم,,2,1.0,1
مُتْرَفُوهَا,,مترف,و|ها,2,1.0,1
زُلْفَى,,زلفى,,2,1.0,1
فَكَذَّبُوا,ف,كذب+وا+None+None,,2,0.5,2
وَأَنَّى,و,أنى,,2,1.0,1
فَرَآهُ,ف,رآ,ه,2,1.0,1
النُّشُورُ,ال,نشور,,2,1.0,1
تَضَعُ,ت,ضع,,2,1.0,1
الْفُقَرَاءُ,ال,فقراء,(null),2,1.0,1
تُنْذِرُ,ت,نذر,,2,1.0,1
يَتَزَكَّى,ي,تزكى,,2,1.0,1
ثَمَرَاتٍ,,ثمر,ات,2,1.0,1
أَلْوَانُهَا,,ألوان,ها,2,1.0,1
لَخَبِيرٌ,,ل+خبير,,2,1.0,1
يَمَسُّنَا,ي,مس,نا,2,1.0,1
كُفْرُهُمْ,,كفر,هم,2,1.0,1
أَرُونِي,,أ+ر+و+ن,ي,2,1.0,1
شِرْكٌ,,شرك,,2,1.0,1
اسْتِكْبَارَاً,,استكبار,ا,2,1.0,1
سُنَّتَ,,سن,ة,2,1.0,1
لِسُنَّتِ,ل,سن,ة,2,1.0,1
أَحْصَيْنَاهُ,,أحصي,نا|ه,2,1.0,1
شَفَاعَتُهُمْ,,شفاع,ت|هم,2,1.0,1
الْمُكْرَمِينَ,ال,مكرم,ين,2,1.0,1
الْعِبَادِ,ال,عباد,,2,1.0,1
الْأَزْوَاجَ,ال,أزواج,,2,1.0,1
ظِلَالٍ,,ظلال,,2,1.0,1
رَحِيمٍ,,رحيم,,2,1.0,1
اصْلَوْهَا,,ا+صل,و|ها,2,1.0,1
الْمَشَارِقِ,ال,مشارق,,2,1.0,1
وَحِفْظَاً,و,حفظ,ا,2,1.0,1
فَاسْتَفْتِهِمْ,ف,استفت,هم,2,1.0,1
أَوَآبَاؤُنَا,أ|و,آباؤ+نا+None,,2,1.0,1
زَجْرَةٌ,,زجر,ة,2,1.0,1
وَأَقْبَلَ,و,أقبل,,2,1.0,1
طَاغِينَ,,طاغ,ين,2,1.0,1
قَوْلُ,,قول,(null),2,1.0,1
مُشْتَرِكُونَ,,مشترك,ون,2,1.0,1
نَفْعَلُ,ن,فعل,,2,1.0,1
بِالْمُجْرِمِينَ,ب|ال,مجرم,ين,2,1.0,1
مَجْنُونٍ,,مجنون,(null),2,1.0,1
يُطَافُ,ي,طاف,,2,1.0,1
لَذَّةٍ,,لذ,ة,2,1.0,1
وَعِنْدَهُمْ,و,عند,هم,2,1.0,1
عِينٌ,,عين,,2,1.0,1
كَأَنَّهُنَّ,ك,أن,هن,2,1.0,1
مَكْنُونٌ,,مكنون,,2,1.0,1
فَأَقْبَلَ,ف,أقبل,,2,1.0,1
قَرِينٌ,,قرين,,2,1.0,1
لَكُنْتُ,,ل+كن+ت+None,,2,0.5,2
الزَّقُّومِ,ال,زقوم,,2,1.0,1
لَآكِلُونَ,,ل+آكل,ون,2,1.0,1
فَمَالِئُونَ,ف,مالئ,ون,2,1.0,1
الْبُطُونَ,ال,بطون,,2,1.0,1
سَقِيمٌ,,سقيم,,2,1.0,1
تَنْطِقُونَ,ت,نطق,ون,2,1.0,1
بِالْيَمِينِ,ب|ال,يمين,,2,1.0,1
الْأَسْفَلِينَ,ال,أسفل,ين,2,1.0,1
ذُرِّيَّتِهِمَا,,ذر+ي,ت|هما,2,1.0,1
لَمُحْضَرُونَ,,ل+محضر,ون,2,1.0,1
مُلِيمٌ,,مليم,,2,1.0,1
بِالْعَرَاءِ,ب|ال,عراء,,2,1.0,1
الْبَنَاتُ,ال,بن,ات,2,1.0,1
وَلَهُمُ,و|ل,هم,,2,1.0,1
الْبَنُونَ,ال,بن,ون,2,1.0,1
وَلَدَ,,ولد,,2,1.0,1
فَنَادَوْا,ف,ناد,وا,2,1.0,1
وَفِرْعَوْنُ,و,فرعون,,2,1.0,1
الْأَوْتَادِ,ال,أوتاد,,2,1.0,1
وَشَدَدْنَا,و,شدد,نا,2,0.5,2
الْخِطَابِ,ال,خطاب,,2,1.0,1
لَزُلْفَى,ل,زلفى,,2,1.0,1
الْعَبْدُ,ال,عبد,,2,1.0,1
لِأَحَدٍ,ل,أحد,,2,1.0,1
الْأَخْيَارِ,ال,أخيار,,2,1.0,1
بِفَاكِهَةٍ,ب,فاكه,ة,2,1.0,1
لِلطَّاغِينَ,ل|ال,طاغي,ين,2,1.0,1
فَوْجٌ,,فوج,,2,1.0,1
مَرْحَبَاً,,مرحب,ا,2,1.0,1
قَدَّمَ,,قدم,,2,1.0,1
الْغَفَّارُ,ال,غفار,,2,1.0,1
وَأَهْلِيهِمْ,و,أهل,ي|هم,2,1.0,1
ظُلَلٌ,,ظلل,,2,1.0,1
غُرَفٌ,,غرف,(null),2,1.0,1
فَوْقِهَا,,فوق,ها,2,1.0,1
يَهِيجُ,ي,هيج,,2,1.0,1
فَتَرَاهُ,ف|ت,را+ه+None,,2,1.0,1
لَذِكْرَى,ل,ذكرى,,2,1.0,1
فَأَتَاهُمُ,ف,أتا,هم,2,1.0,1
كَذَبَ,,كذب,,2,1.0,1
بِالصِّدْقِ,ب|ال,صدق,,2,1.0,1
أَسْوَأَ,,أسوأ,,2,1.0,1
مَقَالِيدُ,,مقاليد,,2,1.0,1
وَجِيءَ,و,جيء,,2,1.0,1
وَسِيقَ,و,سيق,,2,1.0,1
زُمَرَاً,,زمر,ا,2,1.0,1
أَبْوَابُهَا,,أبواب,ها,2,1.0,1
وَيَسْتَغْفِرُونَ,و|ي,ستغفر+ون+None+None,,2,1.0,1
يُنَادَوْنَ,ي,ناد,و|ن,2,1.0,1
تُدْعَوْنَ,ت,دع,و|ن,2,1.0,1
بِأَنَّهُ,ب,أن,ه,2,1.0,1
يُنِيبُ,ي,نيب,,2,1.0,1
فَادْعُوا,ف,ا+دع,وا,2,1.0,1
تُجْزَى,ت,جزى,,2,1.0,1
وَآثَارَاً,و,آثار,ا,2,1.0,1
عُذْتُ,,عذ,ت,2,1.0,1
مُتَكَبِّرٍ,,متكبر,,2,1.0,1
كَاذِبَاً,,كاذب+ا,,2,1.0,1
مُسْرِفٌ,,مسرف,,2,1.0,1
ظَاهِرِينَ,,ظاهر,ين,2,1.0,1
لِلْعِبَادِ,ل|ال,عباد,(null),2,1.0,1
أَدْعُوكُمْ,أ,دعو,كم,2,1.0,1
تَدْعُونَنِي,ت,دع+ون+ي+None+None+None,,2,1.0,1
لِذَنْبِكَ,ل,ذنب,ك,2,1.0,1
يُؤْفَكُ,ي,ؤفك,,2,1.0,1
وَصَوَّرَكُمْ,و,صور,كم,2,1.0,1
فَأَحْسَنَ,ف,أحسن,,2,1.0,1
صُوَرَكُمْ,,صور,كم,2,1.0,1
وَلِتَبْلُغُوا,و,ل+ت+بلغ,وا,2,1.0,1
يُسْحَبُونَ,ي,سحب,و|ن,2,0.5,2
وَخَسِرَ,و,خسر,(null),2,1.0,1
وَقْرٌ,,وقر,,2,1.0,1
وَتَجْعَلُونَ,و|ت,جعل+ون+None+None,,2,1.0,1
وَقَدَّرَ,و,قدر,,2,1.0,1
بِمَصَابِيحَ,ب,مصابيح,,2,1.0,1
صَرْصَرَاً,,صرصر,ا,2,1.0,1
سَمْعُهُمْ,,سمع,هم,2,1.0,1
تَدَّعُونَ,ت,دع,و|ن,2,1.0,1
خَلَقَهُنَّ,,خلق,هن,2,1.0,1
أَسَاءَ,,أساء,,2,1.0,1
الْجَمْعِ,ال,جمع,,2,1.0,1
الْوَلِيُّ,ال,ولي,(null),2,1.0,1
وَبَيْنَكُمُ,و,بين,كم,2,1.0,1
نَزِدْ,ن,زد,,2,1.0,1
كَالْأَعْلَامِ,ك|ال,أعلام,,2,1.0,1
ظَهْرِهِ,,ظهر,ه,2,1.0,1
يَجْتَنِبُونَ,ي,جتنب,ون,2,1.0,1
وَالْفَوَاحِشَ,و|ال,فواحش,,2,1.0,1
مِثْلُهَا,,مثل,ها,2,1.0,1
صَبَرَ,,صبر,(null),2,1.0,1
يَنْصُرُونَهُمْ,ي,نصر+ون+هم+None+None,,2,1.0,1
الْإِيمَانُ,ال,إيمان,,2,1.0,1
بَطْشَاً,,بطش,ا,2,1.0,1
عِبَادُ,,عباد,,2,1.0,1
لَجَعَلْنَا,,ل+جعل,نا,2,1.0,1
أَبْوَابَاً,,أبواب,ا,2,1.0,1
الْمَشْرِقَيْنِ,ال,مشرق,ين,2,1.0,1
وَأَكْوَابٍ,و,أكواب,,2,1.0,1
نَسْمَعُ,ن,سمع,,2,1.0,1
وَيَلْعَبُوا,و|ي,لعب,وا,2,1.0,1
فَارْتَقِبْ,ف,ارتقب,,2,1.0,1
فَدَعَا,ف,دعا,,2,1.0,1
مُجْرِمُونَ,,مجرم,ون,2,1.0,1
فَاكِهِينَ,,فاكه,ين,2,1.0,1
بِآبَائِنَا,ب,آبائ,نا,2,1.0,1
تُبَّعٍ,,تبع,,2,1.0,1
مَوْلَىً,,مولى,,2,1.0,1
خُذُوهُ,,خذ,و|ه,2,1.0,1
أَمِينٍ,,أمين,,2,1.0,1
وَزَوَّجْنَاهُمْ,و,زوج,نا|هم,2,1.0,1
بِحُورٍ,ب,حور,,2,1.0,1
عِينٍ,,عين,,2,1.0,1
فَاكِهَةٍ,,فاكه,ة,2,1.0,1
يَذُوقُونَ,ي,ذوق,ون,2,1.0,1
وَوَقَاهُمْ,و,وقا,هم,2,1.0,1
يَجْمَعُكُمْ,ي,جمع,كم,2,1.0,1
وَالسَّاعَةُ,و|ال,ساع,ة|(null),2,1.0,1
نَدْرِي,ن,دري,,2,1.0,1
وَغَرَّتْكُمُ,و,غر,ت|كم,2,1.0,1
سَبَقُونَا,,سبق,و|نا,2,1.0,1
كُرْهَاً,,كره,ا,2,1.0,1
خَلَتِ,,خل,ت,2,1.0,1
يُعْرَضُ,ي,عرض,,2,1.0,1
رَأَوْهُ,,رأ,و|ه,2,1.0,1
يُرَى,ي,ري,,2,1.0,1
يَاقَوْمَنَا,يا,قوم+نا+None,,2,1.0,1
دَاعِيَ,,داعي,,2,1.0,1
يُحْيِيَ,ي,حيي,,2,1.0,1
بَالَهُمْ,,بال,هم,2,1.0,1
أَمْثَالَهُمْ,,أمثال,هم,2,1.0,1
كَرِهُوا,,كره,وا,2,1.0,1
مَوْلَى,,مولى,,2,1.0,1
فَمِنْكُمْ,ف|من,كم,,2,1.0,1
يَبْخَلُ,ي,بخل,,2,1.0,1
أَمْثَالَكُمْ,,أمثال,كم,2,1.0,1
السَّكِينَةَ,ال,سكين,ة,2,1.0,1
جُنُودُ,,جنود,,2,1.0,1
لِيُدْخِلَ,ل|ي,دخل,,2,1.0,1
يُبَايِعُونَكَ,ي,بايع,و|ن|ك,2,1.0,1
مَغَانِمَ,,مغانم,,2,1.0,1
فَعَلِمَ,ف,علم,,2,1.0,1
فَجَعَلَ,ف,جعل,,2,1.0,1
فَاسْتَوَى,ف,استوى,,2,1.0,1
الْإِيمَانَ,ال,إيمان,,2,1.0,1
الصَّادِقُونَ,ال,صادق,ون,2,1.0,1
بَنَيْنَاهَا,,بني,نا|ها,2,1.0,1
قَوْلٍ,,قول,(null),2,1.0,1
عَتِيدٌ,,عتيد,,2,1.0,1
قَرِينُهُ,,قرين,ه,2,1.0,1
مَنَّاعٍ,,مناع,,2,1.0,1
لِلْخَيْرِ,ل|ال,خير,,2,1.0,1
قَدَّمْتُ,,قدم,ت,2,1.0,1
فَسَبِّحْهُ,,ف+سبح,ه,2,1.0,1
سِرَاعَاً,,سراع,ا,2,1.0,1
سَاهُونَ,,ساه,ون,2,1.0,1
لِلسَّائِلِ,ل|ال,سائل,,2,1.0,1
وَالْمَحْرُومِ,و|ال,محروم,,2,1.0,1
تَذَرُ,ت,ذر,,2,1.0,1
طَاغُونَ,,طاغ,ون,2,1.0,1
تَمُورُ,ت,مور,,2,1.0,1
كَأْسَاً,,كأس,ا,2,1.0,1
وَيَطُوفُ,و|ي,طوف,,2,1.0,1
فَلْيَأْتُوا,ف,ل+ي+أت,وا,2,0.5,2
الْخَالِقُونَ,ال,خالق,ون,2,1.0,1
مَغْرَمٍ,,مغرم,,2,1.0,1
مُثْقَلُونَ,,مثقل,ون,2,1.0,1
صَاحِبُكُمْ,,صاحب,كم,2,1.0,1
بِالْأُفُقِ,ب|ال,أفق,,2,1.0,1
الْمُنْتَهَى,ال,منتهى,,2,1.0,1
الْأُنْثَى,ال,أنثى,,2,1.0,1
قِسْمَةٌ,,قسم,ة|(null),2,1.0,1
بِمَنِ,,ب+من,,2,1.0,1
الْمَغْفِرَةِ,ال,مغفر,ة,2,1.0,1
صُحُفِ,,صحف,,2,1.0,1
الزَّوْجَيْنِ,ال,زوج,ين,2,1.0,1
الْقَمَرُ,ال,قمر,(null),2,1.0,1
مُسْتَقِرٌّ,,مستقر,,2,1.0,1
بَالِغَةٌ,,بالغ,ة,2,1.0,1
قُدِرَ,,قدر,,2,0.5,2
أَعْجَازُ,,أعجاز,,2,1.0,1
نَخْلٍ,,نخل,,2,1.0,1
وَسُعُرٍ,و,سعر,,2,1.0,1
مُقْتَدِرٍ,,مقتدر,,2,1.0,1
الزُّبُرِ,ال,زبر,,2,1.0,1
الْمِيزَانَ,ال,ميزان,,2,1.0,1
وَالْمَرْجَانُ,و|ال,مرجان,,2,1.0,1
الْجَلَالِ,ال,جلال,,2,1.0,1
وَالْإِكْرَامِ,و|ال,إكرام,,2,1.0,1
مَقَامَ,,مقام,(null),2,1.0,1
عَيْنَانِ,,عين,ان,2,1.0,1
يَطْمِثْهُنَّ,ي,طمث,هن,2,1.0,1
وَقَعَتِ,,وقع,ت,2,1.0,1
الْوَاقِعَةُ,ال,واقع,ة|(null),2,1.0,1
ثُلَّةٌ,,ثل,ة|(null),2,1.0,1
وِلْدَانٌ,,ولدان,,2,1.0,1
مُخَلَّدُونَ,,مخلد,ون,2,1.0,1
وَفَاكِهَةٍ,و,فاكه,ة,2,1.0,1
وَظِلٍّ,و,ظل,,2,1.0,1
مَرْفُوعَةٍ,,مرفوع,ة,2,1.0,1
أَتْرَابَاً,,أتراب,ا,2,1.0,1
لِأَصْحَابِ,ل,أصحاب,,2,1.0,1
فَشَارِبُونَ,ف,شارب,ون,2,1.0,1
بِمَسْبُوقِينَ,ب,مسبوق,ين,2,1.0,1
نُبَدِّلَ,ن,بدل,,2,1.0,1
مَحْرُومُونَ,,محروم,ون,2,1.0,1
بَلَغَتِ,,بلغ,ت,2,1.0,1
جَحِيمٍ,,جحيم,,2,1.0,1
نُورُهُمْ,,نور,هم,2,1.0,1
وَبِأَيْمَانِهِمْ,و|ب,أيمان,هم,2,1.0,1
يُظَاهِرُونَ,ي,ظاهر,ون,2,1.0,1
يَعُودُونَ,ي,عود,ون,2,1.0,1
يَتَمَاسَّا,ي,تماس,ا,2,1.0,1
يُحَادُّونَ,ي,حاد,ون,2,1.0,1
وَمَعْصِيَتِ,و,معصي,ت,2,1.0,1
نَجْوَاكُمْ,,نجوا,كم,2,1.0,1
غَضِبَ,,غضب,,2,1.0,1
جُنَّةً,,جن,ة|(null),2,1.0,1
فَأَنْسَاهُمْ,ف,أنسا,هم,2,1.0,1
حِزْبُ,,حزب,(null),2,1.0,1
يُوقَ,ي,وق,,2,1.0,1
شُحَّ,,شح,,2,1.0,1
بِالْمَوَدَّةِ,ب|ال,مود,ة,2,1.0,1
يَنْهَاكُمُ,ي,نها+كم+None,,2,1.0,1
الْمُؤْمِنَاتُ,ال,مؤمن,ات,2,1.0,1
مُؤْمِنَاتٍ,,مؤمن,ات,2,1.0,1
وَاسْتَغْنَى,و,استغنى,,2,1.0,1
وَيَعْمَلْ,و|ي,عمل,,2,1.0,1
يُكَفِّرْ,ي,كفر,,2,1.0,1
سَيِّئَاتِهِ,,سيئ,ات|ه,2,1.0,1
وَاللَّائِي,و,اللائي,,2,1.0,1
حَمْلَهُنَّ,,حمل,هن,2,1.0,1
أَمْرِهَا,,أمر,ها,2,1.0,1
امْرَأَتَ,,امرأ,ة,2,1.0,1
طِبَاقَاً,,طباق,ا,2,1.0,1
الْبَصَرَ,ال,بصر,(null),2,1.0,1
بِذَنْبِهِمْ,ب,ذنب,هم,2,1.0,1
رِزْقَهُ,,رزق,ه,2,1.0,1
بِنِعْمَةِ,ب,نعم,ة|(null),2,1.0,1
بِمَجْنُونٍ,ب,مجنون,,2,1.0,1
قَادِرِينَ,,قادر,ين,2,1.0,1
لَضَالُّونَ,,ل+ضال,ون,2,1.0,1
تَرْهَقُهُمْ,ت,رهق,هم,2,1.0,1
فَأُهْلِكُوا,,ف+أهلك,وا,2,1.0,1
وَالْمَلَكُ,و|ال,ملك,,2,1.0,1
كِتَابِيَهْ,,كتاب,ي|ه,2,1.0,1
حِسَابِيَهْ,,حساب+ي+ه,,2,1.0,1
عِيشَةٍ,,عيش,ة,2,1.0,1
رَاضِيَةٍ,,راضي,ة,2,1.0,1
عَالِيَةٍ,,عالي,ة,2,1.0,1
قُطُوفُهَا,,قطوف,ها,2,1.0,1
يَحُضُّ,ي,حض,,2,1.0,1
لَقَوْلُ,,ل+قول,,2,1.0,1
وَالرُّوحُ,و|ال,روح,,2,1.0,1
وَتَكُونُ,و|ت,كون,,2,1.0,1
كَالْعِهْنِ,ك|ال,عهن,,2,1.0,1
يَسْأَلُ,ي,سأل,,2,1.0,1
وَصَاحِبَتِهِ,و,صاحب,ت|ه,2,1.0,1
الْمُصَلِّينَ,ال,مصل,ين,2,1.0,1
الْيَوْمُ,ال,يوم,,2,1.0,1
دَعَوْتُهُمْ,,دعو,ت|هم,2,1.0,1
تَذَرُنَّ,ت,ذر+ن,,2,1.0,1
تَزِدِ,ت,زد,,2,1.0,1
ظَنَنَّا,,ظن,نا,2,1.0,1
رَهَقَاً,,رهق,ا,2,1.0,1
رَصَدَاً,,رصد,ا,2,1.0,1
وَمِنَّا,و|من,نا,,2,1.0,1
الْقَاسِطُونَ,ال,قاسط,ون,2,1.0,1
ثَقِيلَاً,,ثقيل,ا,2,1.0,1
سَبْحَاً,,سبح,ا,2,1.0,1
طَوِيلَاً,,طويل,ا,2,1.0,1
وَاذْكُرِ,و,ا+ذكر,,2,1.0,1
تَرْجُفُ,ت,رجف,,2,1.0,1
فَاقْرَءُوا,ف,ا+قرء+وا+None,,2,1.0,1
تَيَسَّرَ,,تيسر,,2,0.5,2
عَبَسَ,,عبس,,2,1.0,1
وَالصُّبْحِ,و|ال,صبح,,2,1.0,1
نَكُ,ن,ك,,2,1.0,1
صُحُفَاً,,صحف,ا,2,1.0,1
ذَكَرَهُ,,ذكر,ه,2,1.0,1
وَوُجُوهٌ,و,وجوه,,2,1.0,1
صَلَّى,,صلى,,2,1.0,1
فَسَوَّى,ف,سوى,,2,1.0,1
مِزَاجُهَا,,مزاج,ها,2,1.0,1
يَشْرَبُ,ي,شرب,,2,1.0,1
شَرَابَاً,,شراب,ا,2,1.0,1
تَشَاءُونَ,ت,شاء+ون+None+None,,2,0.5,2
النُّجُومُ,ال,نجوم,(null),2,1.0,1
نَجْعَلِ,ن,جعل,,2,1.0,1
انْطَلِقُوا,,انطلق,وا,2,1.0,1
وَالْجِبَالَ,و|ال,جبال,,2,1.0,1
أَفْوَاجَاً,,أفواج,ا,2,1.0,1
مَآبَاً,,مآب,ا,2,1.0,1
كِذَّابَاً,,كذاب,ا,2,1.0,1
الْمَرْءُ,ال,مرء,,2,1.0,1
خَاشِعَةٌ,,خاشع,ة,2,1.0,1
بَنَاهَا,,بنا,ها,2,1.0,1
فَسَوَّاهَا,ف,سوا,ها,2,1.0,1
ضُحَاهَا,,ضحا,ها,2,1.0,1
وَلِأَنْعَامِكُمْ,و|ل,أنعام,كم,2,1.0,1
جَاءَتِ,,جاء,ت,2,1.0,1
يَزَّكَّى,ي,زكى,,2,1.0,1
اسْتَغْنَى,,استغنى,,2,1.0,1
فَأَنْتَ,ف,أنت,,2,1.0,1
أَيِّ,,أي,,2,1.0,1
فَلْيَنْظُرِ,ف,ل+ي+نظر,,2,1.0,1
الْبِحَارُ,ال,بحار,(null),2,1.0,1
عَلِمَتْ,,علم,ت,2,1.0,1
مَرْقُومٌ,,مرقوم,,2,1.0,1
يُكَذِّبُونَ,ي,كذب,و|ن,2,1.0,1
وَأَذِنَتْ,و,أذن,ت,2,1.0,1
لِرَبِّهَا,ل,رب,ها,2,1.0,1
وَحُقَّتْ,و,حق,ت,2,1.0,1
مَسْرُورَاً,,مسرور,ا,2,1.0,1
لِلْيُسْرَى,ل|ال,يسرى,,2,1.0,1
الْأَشْقَى,ال,أشقى,,2,1.0,1
جُوعٍ,,جوع,,2,1.0,1
ابْتَلَاهُ,,ابتلا,ه,2,1.0,1
يَتِيمَاً,,يتيم,ا,2,1.0,1
مُؤْصَدَةٌ,,مؤصد,ة,2,1.0,1
فَسَنُيَسِّرُهُ,ف,س+ن+يسر,ه,2,1.0,1
وَلَسَوْفَ,و,ل+سوف,,2,1.0,1
وَوَجَدَكَ,و,وجد,ك,2,1.0,1
الْعُسْرِ,ال,عسر,,2,1.0,1
لَيْلَةُ,,ليل,ة|(null),2,1.0,1
الْبَيِّنَةُ,ال,بين,ة,2,1.0,1
الْبَرِيَّةِ,ال,بر+ي,ة,2,1.0,1
لَهَبٍ,,لهب,,2,1.0,1
مَالِكِ,,مالك,,1,1.0,1
إِيَّاكَ,,إياك,,1,1.0,1
وَإِيَّاكَ,و,إياك,,1,1.0,1
نَسْتَعِينُ,ن,ستعين,,1,1.0,1
اهْدِنَا,,اهد,نا,1,1.0,1
صِرَاطَ,,صراط,,1,1.0,1
الْمَغْضُوبِ,ال,مغضوب,,1,1.0,1
وَبِالْآخِرَةِ,و|ب|ال,آخر,ة|(null),1,1.0,1
خَتَمَ,,ختم,,1,1.0,1
سَمْعِهِمْ,,سمع,هم,1,1.0,1
غِشَاوَةٌ,,غشاو,ة,1,1.0,1
وَبِالْيَوْمِ,و|ب|ال,يوم,,1,1.0,1
يَخْدَعُونَ,ي,خدع,ون,1,1.0,1
فَزَادَهُمُ,ف,زاد,هم,1,1.0,1
مَرَضَاً,,مرض,ا,1,1.0,1
الْمُفْسِدُونَ,ال,مفسد,ون,1,1.0,1
شَيَاطِينِهِمْ,,شياطين,هم,1,1.0,1
مُسْتَهْزِئُونَ,,مستهزئ,ون,1,1.0,1
يَسْتَهْزِئُ,ي,ستهزئ,,1,1.0,1
وَيَمُدُّهُمْ,و|ي,مد,هم,1,1.0,1
رَبِحَتْ,,ربح,ت,1,1.0,1
تِجَارَتُهُمْ,,تجار,ة|(null)|هم,1,1.0,1
اسْتَوْقَدَ,,استوقد,,1,1.0,1
أَضَاءَتْ,,أضاء,ت,1,1.0,1
بِنُورِهِمْ,ب,نور,هم,1,1.0,1
وَتَرَكَهُمْ,و,ترك,هم,1,1.0,1
كَصَيِّبٍ,ك,صيب,,1,1.0,1
وَرَعْدٌ,و,رعد,,1,1.0,1
وَبَرْقٌ,و,برق,,1,1.0,1
الصَّوَاعِقِ,ال,صواعق,,1,1.0,1
الْبَرْقُ,ال,برق,,1,1.0,1
يَخْطَفُ,ي,خطف,,1,1.0,1
أَضَاءَ,,أضاء,,1,1.0,1
مَشَوْا,,مش,وا,1,1.0,1
بِسَمْعِهِمْ,ب,سمع,هم,1,1.0,1
فِرَاشَاً,,فراش,ا,1,1.0,1
شُهَدَاءَكُمْ,,شهداء,كم,1,1.0,1
رُزِقُوا,,رزق,وا,1,1.0,1
ثَمَرَةٍ,,ثمر,ة,1,1.0,1
رُزِقْنَا,,رزق,نا,1,1.0,1
وَأُتُوا,و,أت,وا,1,1.0,1
يَضْرِبَ,ي,ضرب,,1,1.0,1
بَعُوضَةً,,بعوض,ة,1,1.0,1
فَوْقَهَا,,فوق,ها,1,1.0,1
فَيَعْلَمُونَ,ف|ي,علم+ون+None+None,,1,1.0,1
فَيَقُولُونَ,ف|ي,قول+ون+None+None,,1,1.0,1
فَأَحْيَاكُمْ,ف,أحيا,كم,1,1.0,1
فَسَوَّاهُنَّ,ف,سوا+ه+ن+None+None,,1,1.0,1
جَاعِلٌ,,جاعل,,1,1.0,1
أَتَجْعَلُ,أ|ت,جعل,,1,1.0,1
يُفْسِدُ,ي,فسد,,1,1.0,1
وَيَسْفِكُ,و|ي,سفك,,1,1.0,1
الدِّمَاءَ,ال,دماء,(null),1,1.0,1
نُسَبِّحُ,ن,سبح,,1,1.0,1
بِحَمْدِكَ,ب,حمد,ك,1,1.0,1
وَنُقَدِّسُ,و|ن,قدس,,1,1.0,1
وَعَلَّمَ,و,علم,,1,1.0,1
الْأَسْمَاءَ,ال,أسماء,(null),1,1.0,1
عَرَضَهُمْ,,عرض,هم,1,1.0,1
أَنْبِئُونِي,,أنبئ+و+ن,ي,1,1.0,1
بِأَسْمَاءِ,ب,أسماء,,1,1.0,1
عَلَّمْتَنَا,,علم,ت|نا,1,1.0,1
أَنْبِئْهُمْ,,أنبئ,هم,1,1.0,1
أَنْبَأَهُمْ,,أنبأ,هم,1,1.0,1
وَكُلَا,و,كل,ا,1,1.0,1
فَأَزَلَّهُمَا,ف,أزل,هما,1,1.0,1
فَأَخْرَجَهُمَا,ف,أخرج,هما,1,1.0,1
فَتَلَقَّى,ف,تلقى,,1,1.0,1
كَلِمَاتٍ,,كلم,ات,1,1.0,1
بِعَهْدِي,ب,عهد,ي,1,1.0,1
أُوفِ,أ,وف,,1,1.0,1
بِعَهْدِكُمْ,ب,عهد,كم,1,1.0,1
أَنْزَلْتُ,,أنزل,ت,1,1.0,1
كَافِرٍ,,كافر,,1,1.0,1
تَلْبِسُوا,ت,لبس,وا,1,1.0,1
وَتَكْتُمُوا,و|ت,كتم,وا,1,1.0,1
وَارْكَعُوا,و,ا+ركع,وا,1,1.0,1
أَتَأْمُرُونَ,أ|ت,أمر+ون+None+None,,1,1.0,1
تَتْلُونَ,ت,تل+ون+None+None,,1,1.0,1
وَاسْتَعِينُوا,و,استعين+وا+None+None,,1,1.0,1
لَكَبِيرَةٌ,,ل+كبير,ة,1,1.0,1
الْخَاشِعِينَ,ال,خاشع,ين,1,1.0,1
نَجَّيْنَاكُمْ,,نجي,نا|كم,1,1.0,1
يُذَبِّحُونَ,ي,ذبح,و|ن,1,1.0,1
فَرَقْنَا,,فرق,نا,1,1.0,1
فَأَنْجَيْنَاكُمْ,ف,أنجي+نا+كم+None,,1,1.0,1
وَاعَدْنَا,,واعد,نا,1,1.0,1
عَفَوْنَا,,عفو,نا,1,1.0,1
وَالْفُرْقَانَ,و|ال,فرقان,,1,1.0,1
بِاتِّخَاذِكُمُ,ب,اتخاذ+كم+None+None,,1,1.0,1
فَتُوبُوا,ف,توب+وا+None+None,,1,1.0,1
فَأَخَذَتْكُمُ,ف,أخذ,ت|كم,1,1.0,1
بَعَثْنَاكُمْ,,بعث,نا|كم,1,1.0,1
مَوْتِكُمْ,,موت,كم,1,1.0,1
وَسَنَزِيدُ,و,س+ن+زيد,,1,1.0,1
اسْتَسْقَى,,استسقى,,1,1.0,1
فَانْفَجَرَتْ,ف,انفجر,ت,1,1.0,1
نَصْبِرَ,ن,صبر,,1,1.0,1
يُخْرِجْ,ي,خرج,,1,1.0,1
بَقْلِهَا,,بقل,ها,1,1.0,1
وَقِثَّائِهَا,و,قثائ,ها,1,1.0,1
وَفُومِهَا,و,فوم,ها,1,1.0,1
وَعَدَسِهَا,و,عدس,ها,1,1.0,1
وَبَصَلِهَا,و,بصل,ها,1,1.0,1
أَتَسْتَبْدِلُونَ,أ|ت,ستبدل+ون+None+None,,1,1.0,1
مِصْرَاً,,مصر,ا,1,1.0,1
سَأَلْتُمْ,,سأل,تم,1,1.0,1
وَالْمَسْكَنَةُ,و|ال,مسكن,ة,1,1.0,1
لَكُنْتُمْ,,ل+كن,تم,1,1.0,1
اعْتَدَوْا,,اعتد,وا,1,1.0,1
يَدَيْهَا,,يد,ي|ها,1,1.0,1
خَلْفَهَا,,خلف,ها,1,1.0,1
تَذْبَحُوا,ت,ذبح,وا,1,1.0,1
بَقَرَةً,,بقر,ة,1,1.0,1
أَتَتَّخِذُنَا,أ|ت,تخذ,نا,1,1.0,1
فَارِضٌ,,فارض,,1,1.0,1
بِكْرٌ,,بكر,,1,1.0,1
عَوَانٌ,,عوان,,1,1.0,1
فَافْعَلُوا,ف,ا+فعل,وا,1,1.0,1
صَفْرَاءُ,,صفراء,,1,1.0,1
فَاقِعٌ,,فاقع,,1,1.0,1
تَسُرُّ,ت,سر,,1,1.0,1
النَّاظِرِينَ,ال,ناظر,ين,1,1.0,1
الْبَقَرَ,ال,بقر,,1,1.0,1
ذَلُولٌ,,ذلول,,1,1.0,1
تُثِيرُ,ت,ثير,,1,1.0,1
تَسْقِي,ت,سقي,,1,1.0,1
شِيَةَ,,شي,ة,1,1.0,1
فَذَبَحُوهَا,ف,ذبح,و|ها,1,1.0,1
قَتَلْتُمْ,,قتل,تم,1,1.0,1
فَادَّارَأْتُمْ,ف,ادارأ,تم,1,1.0,1
اضْرِبُوهُ,,ا+ضرب,و|ه,1,1.0,1
بِبَعْضِهَا,ب,بعض,ها,1,1.0,1
كَالْحِجَارَةِ,ك|ال,حجار,ة,1,1.0,1
قَسْوَةً,,قسو,ة,1,1.0,1
الْحِجَارَةِ,ال,حجار,ة,1,1.0,1
يَتَفَجَّرُ,ي,تفجر,,1,1.0,1
يَشَّقَّقُ,ي,شقق,,1,1.0,1
فَيَخْرُجُ,ف|ي,خرج,,1,1.0,1
يَهْبِطُ,ي,هبط,,1,1.0,1
أَفَتَطْمَعُونَ,أ|ف|ت,طمع+ون+None+None,,1,1.0,1
يُحَرِّفُونَهُ,ي,حرف,و|ن|ه,1,1.0,1
عَقَلُوهُ,,عقل,و|ه,1,1.0,1
أَتُحَدِّثُونَهُمْ,أ|ت,حدث+ون+هم+None+None,,1,1.0,1
فَتَحَ,,فتح,,1,1.0,1
لِيُحَاجُّوكُمْ,ل|ي,حاج,و|كم,1,1.0,1
أُمِّيُّونَ,,أم+ي,ون,1,1.0,1
أَمَانِيَّ,,أماني,,1,1.0,1
لِيَشْتَرُوا,ل|ي,شتر,وا,1,1.0,1
كَتَبَتْ,,كتب,ت,1,1.0,1
مَعْدُودَةً,,معدود,ة,1,1.0,1
أَتَّخَذْتُمْ,أ,تخذ,تم,1,1.0,1
عَهْدَهُ,,عهد,ه,1,1.0,1
وَأَحَاطَتْ,و,أحاط,ت,1,1.0,1
خَطِيئَتُهُ,,خطيئ,ت|ه,1,1.0,1
وَذِي,و,ذي,,1,1.0,1
تَسْفِكُونَ,ت,سفك,ون,1,1.0,1
دِمَاءَكُمْ,,دماء,كم,1,1.0,1
تُخْرِجُونَ,ت,خرج,ون,1,1.0,1
أَقْرَرْتُمْ,,أقرر,تم,1,1.0,1
وَتُخْرِجُونَ,و|ت,خرج+ون+None+None,,1,1.0,1
تَظَاهَرُونَ,ت,ظاهر+ون+None+None,,1,1.0,1
يَأْتُوكُمْ,ي,أت,و|كم,1,1.0,1
أُسَارَى,,أسارى,,1,1.0,1
تُفَادُوهُمْ,ت,فاد,و|هم,1,1.0,1
مُحَرَّمٌ,,محرم,,1,1.0,1
إِخْرَاجُهُمْ,,إخراج,هم,1,1.0,1
أَفَتُؤْمِنُونَ,أ|ف|ت,ؤمن+ون+None+None,,1,1.0,1
وَتَكْفُرُونَ,و|ت,كفر+ون+None+None,,1,1.0,1
أَشَدِّ,,أشد,(null),1,1.0,1
بِالرُّسُلِ,ب|ال,رسل,,1,1.0,1
أَفَكُلَّمَا,أ|ف,كل+ما,,1,1.0,1
أَنْفُسُكُمُ,,أنفس,كم,1,1.0,1
اسْتَكْبَرْتُمْ,,استكبر,تم,1,1.0,1
فَفَرِيقَاً,ف,فريق,ا,1,1.0,1
فَقَلِيلَاً,,ف+قليل,ا,1,1.0,1
يَسْتَفْتِحُونَ,ي,ستفتح,ون,1,1.0,1
فَلَعْنَةُ,ف,لعن,ة,1,1.0,1
فَبَاءُوا,ف,باء,وا,1,1.0,1
غَضَبٍ,,غضب,,1,1.0,1
وَيَكْفُرُونَ,و|ي,كفر+ون+None+None,,1,1.0,1
وَرَاءَهُ,,وراء,(null)|ه,1,1.0,1
وَأُشْرِبُوا,و,أشرب,وا,1,1.0,1
إِيمَانُكُمْ,,إيمان,كم,1,1.0,1
يَتَمَنَّوْهُ,ي,تمن,و|ه,1,1.0,1
وَلَتَجِدَنَّهُمْ,و|ل|ت,جد+ن,هم,1,1.0,1
أَحْرَصَ,,أحرص,,1,1.0,1
حَيَاةٍ,,حيا,ة|(null),1,1.0,1
بِمُزَحْزِحِهِ,ب,مزحزح,ه,1,1.0,1
يُعَمَّرَ,ي,عمر,,1,1.0,1
لِجِبْرِيلَ,ل,جبريل,,1,1.0,1
وَجِبْرِيلَ,و,جبريل,,1,1.0,1
وَمِيكَالَ,و,ميكال,,1,1.0,1
أَوَكُلَّمَا,أ|و,كلما,,1,1.0,1
نَبَذَهُ,,نبذ,ه,1,1.0,1
نَبَذَ,,نبذ,,1,1.0,1
مُلْكِ,,ملك,,1,1.0,1
يُعَلِّمُونَ,ي,علم,ون,1,1.0,1
الْمَلَكَيْنِ,ال,ملك,ين,1,1.0,1
بِبَابِلَ,ب,بابل,,1,1.0,1
هَارُوتَ,,هاروت,,1,1.0,1
وَمَارُوتَ,و,ماروت,,1,1.0,1
يُعَلِّمَانِ,ي,علم,ان,1,1.0,1
يَقُولَا,ي,قول,ا,1,1.0,1
تَكْفُرْ,ت,كفر,,1,1.0,1
فَيَتَعَلَّمُونَ,ف|ي,تعلم+ون+None+None,,1,1.0,1
يُفَرِّقُونَ,ي,فرق+ون+None+None,,1,1.0,1
وَزَوْجِهِ,و,زوج+ه+None+None,,1,1.0,1
بِضَارِّينَ,ب,ضار,ين,1,1.0,1
وَيَتَعَلَّمُونَ,و|ي,تعلم+ون+None+None,,1,1.0,1
عَلِمُوا,,علم,وا,1,1.0,1
لَمَنِ,ل,من,,1,1.0,1
شَرَوْا,,شر,وا,1,1.0,1
لَمَثُوبَةٌ,,ل+مثوب,ة,1,1.0,1
رَاعِنَا,,راع,نا,1,1.0,1
انْظُرْنَا,,ا+نظر,نا,1,1.0,1
نَنْسَخْ,ن,نسخ,,1,1.0,1
نُنْسِهَا,ن,نس,ها,1,1.0,1
نَأْتِ,ن,أت,,1,1.0,1
مِثْلِهَا,,مثل,ها,1,1.0,1
رَسُولَكُمْ,,رسول,كم,1,1.0,1
سُئِلَ,,سئل,(null),1,1.0,1
يَتَبَدَّلِ,ي,تبدل,,1,1.0,1
يَرُدُّونَكُمْ,ي,رد,و|ن|كم,1,1.0,1
كُفَّارَاً,,كفار,ا,1,1.0,1
حَسَدَاً,,حسد,ا,1,1.0,1
فَاعْفُوا,ف,ا+عف,وا,1,1.0,1
وَاصْفَحُوا,و,ا+صفح,وا,1,1.0,1
يَدْخُلَ,ي,دخل,,1,1.0,1
أَمَانِيُّهُمْ,,أماني,هم,1,1.0,1
يُذْكَرَ,ي,ذكر,,1,1.0,1
خَرَابِهَا,,خراب,ها,1,1.0,1
خَائِفِينَ,,خائف,ين,1,1.0,1
فَأَيْنَمَا,,ف+أين+ما,,1,1.0,1
فَثَمَّ,,ف+ثم,,1,1.0,1
يُكَلِّمُنَا,ي,كلم,نا,1,1.0,1
تَشَابَهَتْ,,تشابه,ت,1,1.0,1
تُسْأَلُ,ت,سأل,,1,1.0,1
تَتَّبِعَ,ت,تبع,,1,1.0,1
مِلَّتَهُمْ,,مل,ت|هم,1,1.0,1
يَتْلُونَهُ,ي,تل+ون+ه+None+None,,1,1.0,1
تِلَاوَتِهِ,,تلاو,ت|ه,1,1.0,1
تَنْفَعُهَا,ت,نفع,ها,1,1.0,1
ابْتَلَى,,ابتلى,,1,1.0,1
بِكَلِمَاتٍ,ب,كلم,ات,1,1.0,1
فَأَتَمَّهُنَّ,ف,أتم,هن,1,1.0,1
جَاعِلُكَ,,جاعل,ك,1,1.0,1
يَنَالُ,ي,نال,,1,1.0,1
عَهْدِي,,عهد,ي,1,1.0,1
مَثَابَةً,,مثاب,ة,1,1.0,1
وَأَمْنَاً,و,أمن,ا,1,1.0,1
وَاتَّخِذُوا,و,اتخذ,وا,1,1.0,1
مَقَامِ,,مقام,(null),1,1.0,1
مُصَلَّىً,,مصلى,,1,1.0,1
وَعَهِدْنَا,و,عهد,نا,1,1.0,1
طَهِّرَا,,طهر,ا,1,1.0,1
وَالْعَاكِفِينَ,و|ال,عاكف,ين,1,1.0,1
بَلَدَاً,,بلد,ا,1,1.0,1
وَارْزُقْ,و,ا+رزق,,1,1.0,1
فَأُمَتِّعُهُ,ف|أ,متع,ه,1,1.0,1
أَضْطَرُّهُ,أ,ضطر,ه,1,1.0,1
يَرْفَعُ,ي,رفع,,1,1.0,1
الْقَوَاعِدَ,ال,قواعد,(null),1,1.0,1
وَإِسْمَاعِيلُ,و,إسماعيل,,1,1.0,1
تَقَبَّلْ,,تقبل,,1,1.0,1
مُسْلِمَيْنِ,,مسلم,ين,1,1.0,1
ذُرِّيَّتِنَا,,ذر+ي,ت|نا,1,1.0,1
مُسْلِمَةً,,مسلم,ة,1,1.0,1
وَأَرِنَا,و,أر,نا,1,1.0,1
مَنَاسِكَنَا,,مناسك,نا,1,1.0,1
وَتُبْ,و,تب,,1,1.0,1
يَرْغَبُ,ي,رغب,,1,1.0,1
مِلَّةِ,,مل,ة,1,1.0,1
سَفِهَ,,سفه,,1,1.0,1
اصْطَفَيْنَاهُ,,اصطفي,نا|ه,1,1.0,1
أَسْلِمْ,,أسلم,,1,1.0,1
وَوَصَّى,و,وصى,,1,1.0,1
بَنِيهِ,,بن,ي|ه,1,1.0,1
وَيَعْقُوبُ,و,يعقوب,,1,1.0,1
لِبَنِيهِ,ل,بن,ي|ه,1,1.0,1
إِلَهَكَ,,إله,ك,1,1.0,1
وَإِلَهَ,و,إله,,1,1.0,1
آبَائِكَ,,آبائ,ك,1,1.0,1
فَسَيَكْفِيكَهُمُ,,ف+س+ي+كفي+كهم+None+None,,1,1.0,1
صِبْغَةَ,,صبغ,ة,1,1.0,1
صِبْغَةً,,صبغ,ة,1,1.0,1
أَتُحَاجُّونَنَا,أ|ت,حاج+ون+نا+None+None,,1,1.0,1
وَلَنَا,و|ل,نا+None+None,,1,1.0,1
مُخْلِصُونَ,,مخلص,ون,1,1.0,1
وَالْأَسْبَاطَ,و|ال,أسباط,,1,1.0,1
كَتَمَ,,كتم,,1,1.0,1
وَلَّاهُمْ,,ولا,هم,1,1.0,1
قِبْلَتِهِمُ,,قبل,ت|هم,1,1.0,1
وَسَطَاً,,وسط,ا,1,1.0,1
الْقِبْلَةَ,ال,قبل,ة|(null),1,1.0,1
يَنْقَلِبُ,ي,نقلب,,1,1.0,1
لَكَبِيرَةً,,ل+كبير,ة,1,1.0,1
لِيُضِيعَ,ل|ي,ضيع,,1,1.0,1
إِيمَانَكُمْ,,إيمان,كم,1,1.0,1
تَقَلُّبَ,,تقلب,,1,1.0,1
وَجْهِكَ,,وجه,ك,1,1.0,1
فَلَنُوَلِّيَنَّكَ,,ف+ل+ن+ولي+ن,ك,1,1.0,1
تَرْضَاهَا,ت,رضا+ها+None,,1,1.0,1
لَيَعْلَمُونَ,,ل+ي+علم+ون+None+None,,1,1.0,1
أَتَيْتَ,,أتي,ت,1,1.0,1
تَبِعُوا,,تبع,وا,1,1.0,1
قِبْلَتَكَ,,قبل,ت|ك,1,1.0,1
قِبْلَتَهُمْ,,قبل,ت|هم,1,1.0,1
قِبْلَةَ,,قبل,ة,1,1.0,1
لَيَكْتُمُونَ,,ل+ي+كتم+ون+None+None,,1,1.0,1
وِجْهَةٌ,,وجه,ة|(null),1,1.0,1
مُوَلِّيهَا,,مولي,ها,1,1.0,1
لَلْحَقُّ,,ل+ال+حق,,1,1.0,1
وَاخْشَوْنِي,و,ا+خش+و+ن,ي,1,1.0,1
وَلِأُتِمَّ,و|ل|أ,تم,,1,1.0,1
وَيُزَكِّيكُمْ,و|ي,زكي,كم,1,1.0,1
وَيُعَلِّمُكُمْ,و|ي,علم,كم,1,1.0,1
فَاذْكُرُونِي,ف,اذكر+و+ن,ي,1,1.0,1
أَذْكُرْكُمْ,أ,ذكر,كم,1,1.0,1
تَكْفُرُونِ,ت,كفر,ون,1,1.0,1
يُقْتَلُ,ي,قتل,,1,1.0,1
وَالْجُوعِ,و|ال,جوع,(null),1,1.0,1
وَالْأَنْفُسِ,و|ال,أنفس,,1,1.0,1
وَالثَّمَرَاتِ,و|ال,ثمر,ات,1,1.0,1
صَلَوَاتٌ,,صلو,ات,1,1.0,1
الْمُهْتَدُونَ,ال,مهتد,ون,1,1.0,1
الصَّفَا,ال,صفا,,1,1.0,1
وَالْمَرْوَةَ,و|ال,مرو,ة,1,1.0,1
حَجَّ,,حج,,1,1.0,1
اعْتَمَرَ,,اعتمر,,1,1.0,1
يَطَّوَّفَ,ي,طوف,,1,1.0,1
شَاكِرٌ,,شاكر,,1,1.0,1
وَالْهُدَى,و|ال,هدى,,1,1.0,1
بَيَّنَّاهُ,,بي,نا|ه,1,1.0,1
يَلْعَنُهُمُ,ي,لعن,هم,1,1.0,1
وَيَلْعَنُهُمُ,و|ي,لعن,هم,1,1.0,1
اللَّاعِنُونَ,ال,لاعن,ون,1,1.0,1
وَبَيَّنُوا,و,بين,وا,1,1.0,1
أَتُوبُ,أ,توب,,1,1.0,1
وَالْفُلْكِ,و|ال,فلك,,1,1.0,1
وَالسَّحَابِ,و|ال,سحاب,,1,1.0,1
الْمُسَخَّرِ,ال,مسخر,,1,1.0,1
يُحِبُّونَهُمْ,ي,حب+ون+هم+None+None,,1,1.0,1
كَحُبِّ,ك,حب,,1,1.0,1
الْقُوَّةَ,ال,قو,ة,1,1.0,1
اتُّبِعُوا,,اتبع,وا,1,1.0,1
وَتَقَطَّعَتْ,و,تقطع,ت,1,1.0,1
الْأَسْبَابُ,ال,أسباب,(null),1,1.0,1
فَنَتَبَرَّأَ,ف|ن,تبرأ,,1,1.0,1
تَبَرَّءُوا,,تبرء,وا,1,1.0,1
يُرِيهِمُ,ي,ري,هم,1,1.0,1
وَالْفَحْشَاءِ,و|ال,فحشاء,,1,1.0,1
أَلْفَيْنَا,,ألفي,نا,1,1.0,1
يَنْعِقُ,ي,نعق,,1,1.0,1
دُعَاءً,,دعاء,,1,1.0,1
وَنِدَاءً,و,نداء,(null),1,1.0,1
وَيَشْتَرُونَ,و|ي,شتر+ون+None+None,,1,1.0,1
وَالْعَذَابَ,و|ال,عذاب,,1,1.0,1
بِالْمَغْفِرَةِ,ب|ال,مغفر,ة,1,1.0,1
أَصْبَرَهُمْ,,أصبر,هم,1,1.0,1
ذَوِي,,ذو,ي,1,1.0,1
وَالسَّائِلِينَ,و|ال,سائل,ين,1,1.0,1
وَالْمُوفُونَ,و|ال,موف,ون,1,1.0,1
بِعَهْدِهِمْ,ب,عهد,هم,1,1.0,1
الْبَأْسَاءِ,ال,بأساء,,1,1.0,1
الْبَأْسِ,ال,بأس,,1,1.0,1
الْقِصَاصُ,ال,قصاص,,1,1.0,1
الْقَتْلَى,ال,قتلى,,1,1.0,1
الْحُرُّ,ال,حر,,1,1.0,1
بِالْحُرِّ,ب|ال,حر,,1,1.0,1
وَالْعَبْدُ,و|ال,عبد,,1,1.0,1
بِالْعَبْدِ,ب|ال,عبد,,1,1.0,1
عُفِيَ,,عفي,,1,1.0,1
فَاتِّبَاعٌ,ف,اتباع,,1,1.0,1
وَأَدَاءٌ,و,أداء,,1,1.0,1
تَخْفِيفٌ,,تخفيف,,1,1.0,1
الْقِصَاصِ,ال,قصاص,,1,1.0,1
حَيَاةٌ,,حيا,ة|(null),1,1.0,1
الْوَصِيَّةُ,ال,وصي,ة,1,1.0,1
لِلْوَالِدَيْنِ,ل|ال,والد,ين,1,1.0,1
بَدَّلَهُ,,بدل,ه,1,1.0,1
سَمِعَهُ,,سمع,ه,1,1.0,1
إِثْمُهُ,,إثم,ه,1,1.0,1
يُبَدِّلُونَهُ,ي,بدل,و|ن|ه,1,1.0,1
مُوصٍ,,موص,,1,1.0,1
جَنَفَاً,,جنف,ا,1,1.0,1
فَأَصْلَحَ,ف,أصلح,,1,1.0,1
الصِّيَامُ,ال,صيام,,1,1.0,1
يُطِيقُونَهُ,ي,طيق+ون+ه+None+None,,1,1.0,1
مِسْكِينٍ,,مسكين,(null),1,1.0,1
تَصُومُوا,ت,صوم,وا,1,1.0,1
شَهْرُ,,شهر,(null),1,1.0,1
رَمَضَانَ,,رمضان,(null),1,1.0,1
وَبَيِّنَاتٍ,و,بين,ات|(null),1,1.0,1
وَالْفُرْقَانِ,و|ال,فرقان,,1,1.0,1
فَلْيَصُمْهُ,,ف+ل+ي+صم,ه,1,1.0,1
الْيُسْرَ,ال,يسر,,1,1.0,1
الْعُسْرَ,ال,عسر,,1,1.0,1
وَلِتُكْمِلُوا,و,ل+ت+كمل,وا,1,1.0,1
وَلِتُكَبِّرُوا,و,ل+ت+كبر,وا,1,1.0,1
سَأَلَكَ,,سأل,ك,1,1.0,1
أُجِيبُ,أ,جيب,,1,1.0,1
دَعْوَةَ,,دعو,ة|(null),1,1.0,1
دَعَانِ,,دعا+ن+None,,1,1.0,1
وَلْيُؤْمِنُوا,و,ل+ي+ؤمن,وا,1,1.0,1
يَرْشُدُونَ,ي,رشد,ون,1,1.0,1
لَيْلَةَ,,ليل,ة|(null),1,1.0,1
الصِّيَامِ,ال,صيام,,1,1.0,1
الرَّفَثُ,ال,رفث,,1,1.0,1
تَخْتَانُونَ,ت,ختان,ون,1,1.0,1
وَعَفَا,و,عفا,,1,1.0,1
فَالْآنَ,ف|ال,آن,,1,1.0,1
بَاشِرُوهُنَّ,,باشر,و|هن,1,1.0,1
الْخَيْطُ,ال,خيط,,1,1.0,1
الْأَبْيَضُ,ال,أبيض,(null),1,1.0,1
الْخَيْطِ,ال,خيط,,1,1.0,1
الْأَسْوَدِ,ال,أسود,,1,1.0,1
أَتِمُّوا,,أتم,وا,1,1.0,1
الصِّيَامَ,ال,صيام,,1,1.0,1
تُبَاشِرُوهُنَّ,ت,باشر,و|هن,1,1.0,1
الْمَسَاجِدِ,ال,مساجد,(null),1,1.0,1
تَقْرَبُوهَا,ت,قرب,و|ها,1,1.0,1
وَتُدْلُوا,و|ت,دل,وا,1,1.0,1
الْحُكَّامِ,ال,حكام,(null),1,1.0,1
الْأَهِلَّةِ,ال,أهل,ة,1,1.0,1
مَوَاقِيتُ,,مواقيت,,1,1.0,1
وَالْحَجِّ,و|ال,حج,,1,1.0,1
الْبِرُّ,ال,بر,,1,1.0,1
تَأْتُوا,ت,أت,وا,1,1.0,1
ظُهُورِهَا,,ظهور,(null)|ها,1,1.0,1
وَأْتُوا,و,أت,وا,1,1.0,1
أَبْوَابِهَا,,أبواب,ها,1,1.0,1
وَأَخْرِجُوهُمْ,و,أخرج,و|هم,1,1.0,1
أَخْرَجُوكُمْ,,أخرج,و|كم,1,1.0,1
تُقَاتِلُوهُمْ,ت,قاتل,و|هم,1,1.0,1
فَاقْتُلُوهُمْ,,ف+ا+قتل,و|هم,1,1.0,1
الشَّهْرُ,ال,شهر,,1,1.0,1
الْحَرَامُ,ال,حرام,,1,1.0,1
بِالشَّهْرِ,ب|ال,شهر,,1,1.0,1
وَالْحُرُمَاتُ,و|ال,حرم,ات,1,1.0,1
فَاعْتَدُوا,ف,اعتد,وا,1,1.0,1
تُلْقُوا,ت,لق,وا,1,1.0,1
التَّهْلُكَةِ,ال,تهلك,ة,1,1.0,1
وَأَحْسِنُوا,و,أحسن,وا,1,1.0,1
وَأَتِمُّوا,و,أتم,وا,1,1.0,1
وَالْعُمْرَةَ,و|ال,عمر,ة,1,1.0,1
أُحْصِرْتُمْ,,أحصر,تم,1,1.0,1
تَحْلِقُوا,ت,حلق,وا,1,1.0,1
الْهَدْيُ,ال,هدي,,1,1.0,1
فَفِدْيَةٌ,ف,فدي,ة,1,1.0,1
صِيَامٍ,,صيام,,1,1.0,1
نُسُكٍ,,نسك,,1,1.0,1
تَمَتَّعَ,,تمتع,,1,1.0,1
بِالْعُمْرَةِ,ب|ال,عمر,ة,1,1.0,1
وَسَبْعَةٍ,و,سبع,ة|(null),1,1.0,1
عَشَرَةٌ,,عشر,ة,1,1.0,1
كَامِلَةٌ,,كامل,ة|(null),1,1.0,1
أَهْلُهُ,,أهل,(null)|ه,1,1.0,1
حَاضِرِي,,حاضر,ي,1,1.0,1
الْحَجُّ,ال,حج,,1,1.0,1
أَشْهُرٌ,,أشهر,(null),1,1.0,1
مَعْلُومَاتٌ,,معلوم,ات,1,1.0,1
رَفَثَ,,رفث,,1,1.0,1
فُسُوقَ,,فسوق,,1,1.0,1
جِدَالَ,,جدال,,1,1.0,1
وَتَزَوَّدُوا,و,تزود,وا,1,1.0,1
الزَّادِ,ال,زاد,,1,1.0,1
وَاتَّقُونِ,و,اتق+ون+None+None+None,,1,1.0,1
عَرَفَاتٍ,,عرفات,,1,1.0,1
الْمَشْعَرِ,ال,مشعر,,1,1.0,1
وَاذْكُرُوهُ,و,ا+ذكر,و|ه,1,1.0,1
أَفَاضَ,,أفاض,,1,1.0,1
قَضَيْتُمْ,,قضي,تم,1,1.0,1
مَنَاسِكَكُمْ,,مناسك,كم,1,1.0,1
كَذِكْرِكُمْ,ك,ذكر,كم,1,1.0,1
تَعَجَّلَ,ت,عجل,,1,1.0,1
يُعْجِبُكَ,ي,عجب,ك,1,1.0,1
وَيُشْهِدُ,و|ي,شهد,,1,1.0,1
أَلَدُّ,,ألد,,1,1.0,1
لِيُفْسِدَ,ل|ي,فسد,,1,1.0,1
وَيُهْلِكَ,و|ي,هلك,,1,1.0,1
وَالنَّسْلَ,و|ال,نسل,,1,1.0,1
فَحَسْبُهُ,ف,حسب,ه,1,1.0,1
يَشْرِي,ي,شري,,1,1.0,1
السِّلْمِ,ال,سلم,(null),1,1.0,1
زَلَلْتُمْ,,زلل,تم,1,1.0,1
جَاءَتْكُمُ,,جاء,ت|كم,1,1.0,1
ظُلَلٍ,,ظلل,,1,1.0,1
الْغَمَامِ,ال,غمام,,1,1.0,1
سَلْ,,سل,,1,1.0,1
يُبَدِّلْ,ي,بدل,,1,1.0,1
جَاءَتْهُ,,جاء,ت|ه,1,1.0,1
أُوتُوهُ,,أوت,و|ه,1,1.0,1
مَسَّتْهُمُ,,مس,ت|هم,1,1.0,1
الْبَأْسَاءُ,ال,بأساء,,1,1.0,1
وَالضَّرَّاءُ,و|ال,ضراء,,1,1.0,1
فَلِلْوَالِدَيْنِ,,ف+ل+ال+والد,ين,1,1.0,1
كُرْهٌ,,كره,,1,1.0,1
تُحِبُّوا,ت,حب,وا,1,1.0,1
الشَّهْرِ,ال,شهر,,1,1.0,1
قِتَالٍ,,قتال,,1,1.0,1
قِتَالٌ,,قتال,,1,1.0,1
وَصَدٌّ,و,صد,,1,1.0,1
وَكُفْرٌ,و,كفر,,1,1.0,1
وَإِخْرَاجُ,و,إخراج,(null),1,1.0,1
يَرْتَدِدْ,ي,رتدد,,1,1.0,1
فَيَمُتْ,ف|ي,مت,,1,1.0,1
وَإِثْمُهُمَا,و,إثم+هما+None+None,,1,1.0,1
نَفْعِهِمَا,,نفع,هما,1,1.0,1
إِصْلَاحٌ,,إصلاح,,1,1.0,1
تُخَالِطُوهُمْ,ت,خالط,و|هم,1,1.0,1
الْمُفْسِدَ,ال,مفسد,(null),1,1.0,1
الْمُصْلِحِ,ال,مصلح,,1,1.0,1
لَأَعْنَتَكُمْ,,ل+أعنت,كم,1,1.0,1
الْمُشْرِكَاتِ,ال,مشرك,ات,1,1.0,1
وَلَأَمَةٌ,و,ل+أم,ة,1,1.0,1
مُؤْمِنَةٌ,,مؤمن,ة|(null),1,1.0,1
مُشْرِكَةٍ,,مشرك,ة,1,1.0,1
تُنْكِحُوا,ت,نكح,وا,1,1.0,1
وَلَعَبْدٌ,و,ل+عبد,,1,1.0,1
مُشْرِكٍ,,مشرك,,1,1.0,1
أَعْجَبَكُمْ,,أعجب,كم,1,1.0,1
وَالْمَغْفِرَةِ,و|ال,مغفر,ة,1,1.0,1
فَاعْتَزِلُوا,ف,اعتزل,وا,1,1.0,1
تَقْرَبُوهُنَّ,ت,قرب,و|هن,1,1.0,1
يَطْهُرْنَ,ي,طهر,ن,1,1.0,1
تَطَهَّرْنَ,,تطهر,ن,1,1.0,1
فَأْتُوهُنَّ,ف,أت+و+هن+None,,1,1.0,1
أَمَرَكُمُ,,أمر,كم,1,1.0,1
التَّوَّابِينَ,ال,تواب,ين,1,1.0,1
وَيُحِبُّ,و|ي,حب,,1,1.0,1
الْمُتَطَهِّرِينَ,ال,متطهر,ين,1,1.0,1
نِسَاؤُكُمْ,,نساؤ,كم,1,1.0,1
حَرْثٌ,,حرث,(null),1,1.0,1
حَرْثَكُمْ,,حرث,كم,1,1.0,1
وَقَدِّمُوا,و,قدم,وا,1,1.0,1
مُلَاقُوهُ,,ملاق,و|ه,1,1.0,1
عُرْضَةً,,عرض,ة,1,1.0,1
لِأَيْمَانِكُمْ,ل,أيمان,كم,1,1.0,1
تَبَرُّوا,ت,بر,وا,1,1.0,1
وَتُصْلِحُوا,و|ت,صلح,وا,1,1.0,1
يُؤْلُونَ,ي,ؤل,ون,1,1.0,1
تَرَبُّصُ,,تربص,,1,1.0,1
فَاءُوا,,فاء,وا,1,1.0,1
عَزَمُوا,,عزم,وا,1,1.0,1
الطَّلَاقَ,ال,طلاق,,1,1.0,1
وَالْمُطَلَّقَاتُ,و|ال,مطلق,ات,1,1.0,1
قُرُوءٍ,,قروء,,1,1.0,1
يَكْتُمْنَ,ي,كتم,ن,1,1.0,1
أَرْحَامِهِنَّ,,أرحام,هن,1,1.0,1
وَبُعُولَتُهُنَّ,و,بعول,ت|هن,1,1.0,1
بِرَدِّهِنَّ,ب,رد,هن,1,1.0,1
وَلِلرِّجَالِ,و|ل|ال,رجال,,1,1.0,1
دَرَجَةٌ,,درج,ة|(null),1,1.0,1
الطَّلَاقُ,ال,طلاق,,1,1.0,1
مَرَّتَانِ,,مر,ت|ان,1,1.0,1
فَإِمْسَاكٌ,ف,إمساك,,1,1.0,1
تَسْرِيحٌ,,تسريح,(null),1,1.0,1
يَخَافَا,ي,خاف,ا,1,1.0,1
افْتَدَتْ,,افتد,ت,1,1.0,1
تَعْتَدُوهَا,ت,عتد,و|ها,1,1.0,1
تَحِلُّ,ت,حل,,1,1.0,1
تَنْكِحَ,ت,نكح,,1,1.0,1
زَوْجَاً,,زوج,ا,1,1.0,1
يَتَرَاجَعَا,ي,تراجع,ا,1,1.0,1
ظَنَّا,,ظن,ا,1,1.0,1
يُبَيِّنُهَا,ي,بين,ها,1,1.0,1
سَرِّحُوهُنَّ,,سرح,و|هن,1,1.0,1
تُمْسِكُوهُنَّ,ت,مسك,و|هن,1,1.0,1
لِتَعْتَدُوا,ل|ت,عتد,وا,1,1.0,1
يَنْكِحْنَ,ي,نكح,ن,1,1.0,1
أَزْوَاجَهُنَّ,,أزواج,هن,1,1.0,1
تَرَاضَوْا,,تراض,وا,1,1.0,1
وَالْوَالِدَاتُ,و|ال,والد,ات,1,1.0,1
يُرْضِعْنَ,ي,رضع,ن,1,1.0,1
حَوْلَيْنِ,,حول,ين,1,1.0,1
كَامِلَيْنِ,,كامل,ين,1,1.0,1
الرَّضَاعَةَ,ال,رضاع,ة,1,1.0,1
الْمَوْلُودِ,ال,مولود,,1,1.0,1
رِزْقُهُنَّ,,رزق,هن,1,1.0,1
وَكِسْوَتُهُنَّ,و,كسو,ت|هن,1,1.0,1
تُضَارَّ,ت,ضار,,1,1.0,1
وَالِدَةٌ,,والد,ة,1,1.0,1
بِوَلَدِهَا,ب,ولد,ها,1,1.0,1
بِوَلَدِهِ,ب,ولد,ه,1,1.0,1
الْوَارِثِ,ال,وارث,,1,1.0,1
أَرَادَا,,أراد,ا,1,1.0,1
فِصَالَاً,,فصال,ا,1,1.0,1
وَتَشَاوُرٍ,و,تشاور,,1,1.0,1
تَسْتَرْضِعُوا,ت,سترضع,وا,1,1.0,1
سَلَّمْتُمْ,,سلم,تم,1,1.0,1
وَعَشْرَاً,و,عشر,ا,1,1.0,1
عَرَّضْتُمْ,,عرض,تم,1,1.0,1
خِطْبَةِ,,خطب,ة,1,1.0,1
أَكْنَنْتُمْ,,أكنن,تم,1,1.0,1
سَتَذْكُرُونَهُنَّ,,س+ت+ذكر+ون+هن+None+None,,1,1.0,1
تُوَاعِدُوهُنَّ,ت,واعد,و|هن,1,1.0,1
تَعْزِمُوا,ت,عزم,وا,1,1.0,1
عُقْدَةَ,,عقد,ة,1,1.0,1
أَجَلَهُ,,أجل,ه,1,1.0,1
فَاحْذَرُوهُ,ف,احذر,و|ه,1,1.0,1
تَفْرِضُوا,ت,فرض,وا,1,1.0,1
وَمَتِّعُوهُنَّ,و,متع,و|هن,1,1.0,1
الْمُوسِعِ,ال,موسع,,1,1.0,1
الْمُقْتِرِ,ال,مقتر,,1,1.0,1
فَنِصْفُ,ف,نصف,,1,1.0,1
يَعْفُونَ,ي,عف+ون+None,,1,1.0,1
عُقْدَةُ,,عقد,ة,1,1.0,1
تَنْسَوُا,ت,نس,وا,1,1.0,1
حَافِظُوا,,حافظ,وا,1,1.0,1
الصَّلَوَاتِ,ال,صلو,ات,1,1.0,1
الْوُسْطَى,ال,وسطى,,1,1.0,1
وَقُومُوا,و,قوم,وا,1,1.0,1
قَانِتِينَ,,قانت,ين,1,1.0,1
فَرِجَالَاً,ف,رجال,ا,1,1.0,1
رُكْبَانَاً,,ركبان,ا,1,1.0,1
عَلَّمَكُمْ,,علم,كم,1,1.0,1
لِأَزْوَاجِهِمْ,ل,أزواج+هم+None+None,,1,1.0,1
الْحَوْلِ,ال,حول,,1,1.0,1
إِخْرَاجٍ,,إخراج,,1,1.0,1
خَرَجْنَ,,خرج,ن,1,1.0,1
وَلِلْمُطَلَّقَاتِ,و|ل|ال,مطلق,ات,1,1.0,1
أُلُوفٌ,,ألف,(null),1,1.0,1
أَحْيَاهُمْ,,أحيا,هم,1,1.0,1
يَقْبِضُ,ي,قبض,,1,1.0,1
وَيَبْسُطُ,و|ي,بسط,,1,1.0,1
ابْعَثْ,,ابعث,,1,1.0,1
نُقَاتِلْ,ن,قاتل,,1,1.0,1
نُقَاتِلَ,ن,قاتل,,1,1.0,1
أُخْرِجْنَا,,أخرج,نا,1,1.0,1
دِيَارِنَا,,ديار,نا,1,1.0,1
وَأَبْنَائِنَا,و,أبنائ,نا,1,1.0,1
طَالُوتَ,,طالوت,,1,1.0,1
بِالْمُلْكِ,ال,ملك+None,,1,1.0,1
سَعَةً,,سع,ة,1,1.0,1
الْمَالِ,ال,مال,,1,1.0,1
اصْطَفَاهُ,,اصطفا,ه,1,1.0,1
وَزَادَهُ,و,زاد+ه+None,,1,1.0,1
وَالْجِسْمِ,و|ال,جسم,(null),1,1.0,1
مُلْكِهِ,,ملك,ه,1,1.0,1
التَّابُوتُ,ال,تابوت,,1,1.0,1
سَكِينَةٌ,,سكين,ة,1,1.0,1
وَبَقِيَّةٌ,و,بقي,ة,1,1.0,1
وَآلُ,و,آل,,1,1.0,1
فَصَلَ,,فصل,,1,1.0,1
طَالُوتُ,,طالوت,,1,1.0,1
بِالْجُنُودِ,ب|ال,جنود,,1,1.0,1
مُبْتَلِيكُمْ,,مبتلي,كم,1,1.0,1
بِنَهَرٍ,ب,نهر,,1,1.0,1
شَرِبَ,,شرب,,1,1.0,1
يَطْعَمْهُ,ي,طعم,ه,1,1.0,1
اغْتَرَفَ,,اغترف,,1,1.0,1
غُرْفَةً,,غرف,ة,1,1.0,1
فَشَرِبُوا,ف,شرب+وا+None,,1,1.0,1
جَاوَزَهُ,,جاوز,ه,1,1.0,1
بِجَالُوتَ,ب,جالوت,,1,1.0,1
قَلِيلَةٍ,,قليل,ة|(null),1,1.0,1
لِجَالُوتَ,ل,جالوت,,1,1.0,1
فَهَزَمُوهُمْ,ف,هزم,و|هم,1,1.0,1
وَقَتَلَ,و,قتل,(null),1,1.0,1
جَالُوتَ,,جالوت,,1,1.0,1
وَآتَاهُ,و,آتا,ه,1,1.0,1
وَعَلَّمَهُ,و,علم,ه,1,1.0,1
كَلَّمَ,,كلم,,1,1.0,1
اقْتَتَلَ,,اقتتل,,1,1.0,1
خُلَّةٌ,,خل,ت,1,1.0,1
تَأْخُذُهُ,ت,أخذ,ه,1,1.0,1
سِنَةٌ,,سن,ة,1,1.0,1
نَوْمٌ,,نوم,,1,1.0,1
يَشْفَعُ,ي,شفع,,1,1.0,1
عِلْمِهِ,,علم,ه,1,1.0,1
كُرْسِيُّهُ,,كرسي,ه,1,1.0,1
يَئُودُهُ,ي,ئود+ه+None,,1,1.0,1
حِفْظُهُمَا,,حفظ+ه+ما,,1,1.0,1
إِكْرَاهَ,,إكراه,,1,1.0,1
الرُّشْدُ,ال,رشد,,1,1.0,1
بِالطَّاغُوتِ,ب|ال,طاغوت,,1,1.0,1
وَيُؤْمِنْ,و|ي,ؤمن,,1,1.0,1
انْفِصَامَ,,انفصام,,1,1.0,1
يُخْرِجُهُمْ,ي,خرج,هم,1,1.0,1
أَوْلِيَاؤُهُمُ,,أولياؤ,هم,1,1.0,1
الطَّاغُوتُ,ال,طاغوت,,1,1.0,1
يُخْرِجُونَهُمْ,ي,خرج+ون+هم+None+None,,1,1.0,1
حَاجَّ,,حاج,,1,1.0,1
أُحْيِي,أ,حيي,,1,1.0,1
وَأُمِيتُ,و|أ,ميت,,1,1.0,1
بِالشَّمْسِ,ب|ال,شمس,,1,1.0,1
الْمَغْرِبِ,ال,مغرب,,1,1.0,1
فَبُهِتَ,,ف+بهت,,1,1.0,1
فَأَمَاتَهُ,ف,أمات,ه,1,1.0,1
بَعَثَهُ,,بعث,ه,1,1.0,1
طَعَامِكَ,,طعام,ك,1,1.0,1
وَشَرَابِكَ,و,شراب,ك,1,1.0,1
يَتَسَنَّهْ,ي,تسن,ه,1,1.0,1
حِمَارِكَ,,حمار,ك,1,1.0,1
وَلِنَجْعَلَكَ,و|ل|ن,جعل,ك,1,1.0,1
الْعِظَامِ,ال,عظام,,1,1.0,1
نُنْشِزُهَا,ن,نشز,ها,1,1.0,1
نَكْسُوهَا,ن,كسو,ها,1,1.0,1
تُحْيِي,ت,حيي,,1,1.0,1
لِيَطْمَئِنَّ,ل|ي,طمئن,,1,1.0,1
قَلْبِي,,قلب,ي,1,1.0,1
فَصُرْهُنَّ,ف,صر,هن,1,1.0,1
ادْعُهُنَّ,,ا+دع,هن,1,1.0,1
يَأْتِينَكَ,ي,أتي+ن,ك,1,1.0,1
سَعْيَاً,,سعي,ا,1,1.0,1
وَاعْلَمْ,و,ا+علم,,1,1.0,1
أَنْبَتَتْ,,أنبت,ت,1,1.0,1
سَنَابِلَ,,سنابل,,1,1.0,1
سُنْبُلَةٍ,,سنبل,ة,1,1.0,1
مِائَةُ,,مائ,ة,1,1.0,1
يُضَاعِفُ,ي,ضاعف,,1,1.0,1
يُتْبِعُونَ,ي,تبع,ون,1,1.0,1
قَوْلٌ,,قول,(null),1,1.0,1
يَتْبَعُهَا,ي,تبع,ها,1,1.0,1
صَدَقَاتِكُمْ,,صدق,ات|كم,1,1.0,1
بِالْمَنِّ,ب|ال,من,,1,1.0,1
وَالْأَذَى,و|ال,أذى,,1,1.0,1
صَفْوَانٍ,,صفوان,,1,1.0,1
تُرَابٌ,,تراب,(null),1,1.0,1
فَأَصَابَهُ,ف,أصاب,ه,1,1.0,1
فَتَرَكَهُ,ف,ترك,ه,1,1.0,1
صَلْدَاً,,صلد,ا,1,1.0,1
أَمْوَالَهُمُ,,أموال,هم,1,1.0,1
وَتَثْبِيتَاً,و,تثبيت,ا,1,1.0,1
بِرَبْوَةٍ,ب,ربو,ة,1,1.0,1
أَصَابَهَا,,أصاب,ها,1,1.0,1
فَآتَتْ,ف,آت,ت,1,1.0,1
يُصِبْهَا,ي,صب,ها,1,1.0,1
فَطَلٌّ,ف,طل,,1,1.0,1
أَيَوَدُّ,أ|ي,ود,,1,1.0,1
وَأَصَابَهُ,و,أصاب,ه,1,1.0,1
ضُعَفَاءُ,,ضعفاء,,1,1.0,1
فَأَصَابَهَا,ف,أصاب,ها,1,1.0,1
إِعْصَارٌ,,إعصار,,1,1.0,1
فَاحْتَرَقَتْ,ف,احترق,ت,1,1.0,1
تَيَمَّمُوا,ت,تيمم,وا,1,1.0,1
وَلَسْتُمْ,و,لس,تم,1,1.0,1
بِآخِذِيهِ,ب,آخذ,ي|ه,1,1.0,1
تُغْمِضُوا,ت,غمض,وا,1,1.0,1
الْفَقْرَ,ال,فقر,(null),1,1.0,1
وَيَأْمُرُكُمْ,و|ي,أمر,كم,1,1.0,1
وَفَضْلَاً,و,فضل,ا,1,1.0,1
نَفَقَةٍ,,نفق,ة|(null),1,1.0,1
نَذَرْتُمْ,,نذر,تم,1,1.0,1
نَذْرٍ,,نذر,(null),1,1.0,1
يَعْلَمُهُ,ي,علم,ه,1,1.0,1
فَنِعِمَّا,,ف+نعم,ا,1,1.0,1
تُخْفُوهَا,ت,خف,و|ها,1,1.0,1
وَتُؤْتُوهَا,و|ت,ؤت,و|ها,1,1.0,1
الْفُقَرَاءَ,ال,فقراء,(null),1,1.0,1
وَيُكَفِّرُ,و|ي,كفر,,1,1.0,1
فَلِأَنْفُسِكُمْ,ف|ل,أنفس,كم,1,1.0,1
أُحْصِرُوا,,أحصر,وا,1,1.0,1
يَحْسَبُهُمُ,ي,حسب,هم,1,1.0,1
الْجَاهِلُ,ال,جاهل,,1,1.0,1
أَغْنِيَاءَ,,أغنياء,,1,1.0,1
التَّعَفُّفِ,ال,تعفف,,1,1.0,1
تَعْرِفُهُمْ,ت,عرف,هم,1,1.0,1
إِلْحَافَاً,,إلحاف,ا,1,1.0,1
يَقُومُونَ,ي,قوم,ون,1,1.0,1
يَتَخَبَّطُهُ,ي,تخبط,ه,1,1.0,1
الْمَسِّ,ال,مس,,1,1.0,1
الْبَيْعُ,ال,بيع,(null),1,1.0,1
وَأَحَلَّ,و,أحل,,1,1.0,1
وَحَرَّمَ,و,حرم,,1,1.0,1
فَانْتَهَى,ف,انتهى,,1,1.0,1
وَأَمْرُهُ,و,أمر,ه,1,1.0,1
يَمْحَقُ,ي,محق,,1,1.0,1
وَيُرْبِي,و|ي,ربي,,1,1.0,1
بَقِيَ,,بقي,,1,1.0,1
فَأْذَنُوا,ف,أذن,وا,1,1.0,1
بِحَرْبٍ,ب,حرب,,1,1.0,1
تَظْلِمُونَ,ت,ظلم,ون,1,1.0,1
عُسْرَةٍ,,عسر,ة,1,1.0,1
فَنَظِرَةٌ,ف,نظر,ة,1,1.0,1
مَيْسَرَةٍ,,ميسر,ة,1,1.0,1
تَصَدَّقُوا,,تصدق,وا,1,1.0,1
تَدَايَنْتُمْ,,تداين,تم,1,1.0,1
بِدَيْنٍ,ب,دين,,1,1.0,1
فَاكْتُبُوهُ,ف,اكتب,و|ه,1,1.0,1
وَلْيَكْتُبْ,و,ل+ي+كتب,,1,1.0,1
يَكْتُبَ,ي,كتب,,1,1.0,1
فَلْيَكْتُبْ,ف,ل+ي+كتب,,1,1.0,1
وَلْيُمْلِلِ,و,ل+ي+ملل,,1,1.0,1
يَبْخَسْ,ي,بخس,,1,1.0,1
سَفِيهَاً,,سفيه,ا,1,1.0,1
يُمِلَّ,ي,مل,,1,1.0,1
فَلْيُمْلِلْ,,ف+ل+ي+ملل,,1,1.0,1
وَلِيُّهُ,,ولي,ه,1,1.0,1
وَاسْتَشْهِدُوا,و,استشهد,وا,1,1.0,1
شَهِيدَيْنِ,,شهيد,ين,1,1.0,1
يَكُونَا,ي,كون,ا,1,1.0,1
فَرَجُلٌ,,ف+رجل,,1,1.0,1
وَامْرَأَتَانِ,و,امرأ,ت|ان,1,1.0,1
تَرْضَوْنَ,ت,رض,ون,1,1.0,1
الشُّهَدَاءِ,ال,شهداء,,1,1.0,1
تَضِلَّ,ت,ضل,,1,1.0,1
فَتُذَكِّرَ,ف,ذكر,,1,1.0,1
الشُّهَدَاءُ,ال,شهداء,,1,1.0,1
تَسْأَمُوا,ت,سأم,وا,1,1.0,1
تَكْتُبُوهُ,ت,كتب,و|ه,1,1.0,1
أَجَلِهِ,,أجل,ه,1,1.0,1
لِلشَّهَادَةِ,ل|ال,شهاد,ة|(null),1,1.0,1
وَأَدْنَى,و,أدنى,,1,1.0,1
تَرْتَابُوا,ت,رتاب,وا,1,1.0,1
حَاضِرَةً,,حاضر,ة,1,1.0,1
تُدِيرُونَهَا,ت,دير+ون+ها+None+None,,1,1.0,1
تَكْتُبُوهَا,ت,كتب,و|ها,1,1.0,1
تَبَايَعْتُمْ,,تبايع,تم,1,1.0,1
يُضَارَّ,ي,ضر,,1,1.0,1
فُسُوقٌ,,فسوق,,1,1.0,1
كَاتِبَاً,,كاتب,ا,1,1.0,1
فَرِهَانٌ,ف,رهان,,1,1.0,1
مَقْبُوضَةٌ,,مقبوض,ة,1,1.0,1
أَمِنَ,,أمن,,1,1.0,1
فَلْيُؤَدِّ,ف,ل+ي+ؤد,,1,1.0,1
اؤْتُمِنَ,,اؤتمن,,1,1.0,1
أَمَانَتَهُ,,أمان,ت|ه,1,1.0,1
تَكْتُمُوا,ت,كتم,وا,1,1.0,1
يَكْتُمْهَا,ي,كتم,ها,1,1.0,1
آثِمٌ,,آثم,,1,1.0,1
قَلْبُهُ,,قلب,ه,1,1.0,1
يُحَاسِبْكُمْ,ي,حاسب,كم,1,1.0,1
فَيَغْفِرُ,ف|ي,غفر,,1,1.0,1
غُفْرَانَكَ,,غفران,ك,1,1.0,1
اكْتَسَبَتْ,,ٱكتسب,ت,1,1.0,1
تُؤَاخِذْنَا,ت,ؤاخذ,نا,1,1.0,1
نَسِيْنَا,,نسي,نا,1,1.0,1
أَخْطَأْنَا,,أخطأ,نا,1,1.0,1
إِصْرَاً,,إصر,ا,1,1.0,1
حَمَلْتَهُ,,حمل,ت|ه,1,1.0,1
تُحَمِّلْنَا,ت,حمل,نا,1,1.0,1
وَاعْفُ,و,ا+عف,,1,1.0,1
فَانْصُرْنَا,ف,ا+نصر,نا,1,1.0,1
يُصَوِّرُكُمْ,ي,صور,كم,1,1.0,1
مُحْكَمَاتٌ,,محكم,ات,1,1.0,1
وَأُخَرُ,و,أخر,,1,1.0,1
مُتَشَابِهَاتٌ,,متشابه,ات,1,1.0,1
زَيْغٌ,,زيغ,,1,1.0,1
تَأْوِيلِهِ,,تأويل,ه,1,1.0,1
وَالرَّاسِخُونَ,و|ال,راسخ,ون,1,1.0,1
تُزِغْ,ت,زغ,,1,1.0,1
قُلُوبَنَا,,قلوب,(null)|نا,1,1.0,1
هَدَيْتَنَا,,هدي,ت|نا,1,1.0,1
وَقُودُ,,وقود,,1,1.0,1
سَتُغْلَبُونَ,س|ت,غلب+ون+None+None,,1,1.0,1
وَتُحْشَرُونَ,و|ت,حشر,و|ن,1,1.0,1
الْتَقَتَا,,التق+تا+None+None,,1,1.0,1
تُقَاتِلُ,ت,قاتل,,1,1.0,1
كَافِرَةٌ,,كافر,ة,1,1.0,1
يَرَوْنَهُمْ,ي,ر+ون+هم+None+None,,1,1.0,1
مِثْلَيْهِمْ,,مثل,ي|هم,1,1.0,1
رَأْيَ,,رأي,,1,1.0,1
الْعَيْنِ,ال,عين,,1,1.0,1
يُؤَيِّدُ,ي,ؤيد,,1,1.0,1
حُبُّ,,حب,(null),1,1.0,1
وَالْبَنِينَ,و|ال,بن,ين,1,1.0,1
وَالْقَنَاطِيرِ,و|ال,قناطير,,1,1.0,1
الْمُقَنْطَرَةِ,ال,مقنطر,ة,1,1.0,1
الذَّهَبِ,ال,ذهب,(null),1,1.0,1
وَالْفِضَّةِ,و|ال,فض,ة,1,1.0,1
وَالْخَيْلِ,و|ال,خيل,,1,1.0,1
الْمُسَوَّمَةِ,ال,مسوم,ة,1,1.0,1
وَالْحَرْثِ,و|ال,حرث,,1,1.0,1
الْمَآبِ,ال,مآب,,1,1.0,1
أَؤُنَبِّئُكُمْ,أ,ؤنبئ,كم,1,1.0,1
وَأَزْوَاجٌ,و,أزواج,(null),1,1.0,1
وَالْمُنْفِقِينَ,و|ال,منفق,ين,1,1.0,1
وَالْمُسْتَغْفِرِينَ,و|ال,مستغفر,ين,1,1.0,1
بِالْأَسْحَارِ,ب|ال,أسحار,,1,1.0,1
الْإِسْلَامُ,ال,إسلام,,1,1.0,1
حَاجُّوكَ,,حاج,و|ك,1,1.0,1
اتَّبَعَنِ,,اتبع+ن+None,,1,1.0,1
وَالْأُمِّيِّينَ,و|ال,أم+ي,ين,1,1.0,1
أَأَسْلَمْتُمْ,أ,أسلم,تم,1,1.0,1
وَغَرَّهُمْ,و,غر,هم,1,1.0,1
دِينِهِمْ,,دين,(null)|هم,1,1.0,1
جَمَعْنَاهُمْ,,جمع,نا|هم,1,1.0,1
مَالِكَ,,مالك,,1,1.0,1
وَتَنْزِعُ,و|ت,نزع,,1,1.0,1
وَتُعِزُّ,و|ت,عز,,1,1.0,1
وَتُذِلُّ,و|ت,ذل,,1,1.0,1
تُولِجُ,ت,ولج,,1,1.0,1
وَتُولِجُ,و|ت,ولج,,1,1.0,1
وَتَرْزُقُ,و|ت,رزق,,1,1.0,1
تُقَاةً,,تقا,ة,1,1.0,1
تُخْفُوا,ت,خف,وا,1,1.0,1
تُبْدُوهُ,ت,بد,و|ه,1,1.0,1
مُحْضَرَاً,,محضر,ا,1,1.0,1
تَوَدُّ,ت,ود,,1,1.0,1
يُحْبِبْكُمُ,ي,حبب,كم,1,1.0,1
بَطْنِي,,بطن,ي,1,1.0,1
مُحَرَّرَاً,,محرر,ا,1,1.0,1
فَتَقَبَّلْ,,ف+تقبل,,1,1.0,1
وَضَعَتْهَا,,وضع,ت|ها,1,1.0,1
وَضَعْتُهَا,,وضع,ت|ها,1,1.0,1
وَضَعَتْ,,وضع,ت,1,1.0,1
كَالْأُنْثَى,ك|ال,أنثى,,1,1.0,1
سَمَّيْتُهَا,,سمي,ت|ها,1,1.0,1
أُعِيذُهَا,أ,عيذ,ها,1,1.0,1
وَذُرِّيَّتَهَا,و,ذر+ي,ت|ها,1,1.0,1
فَتَقَبَّلَهَا,ف,تقبل,ها,1,1.0,1
رَبُّهَا,,رب,ها,1,1.0,1
بِقَبُولٍ,ب,قبول,,1,1.0,1
حَسَنٍ,,حسن,,1,1.0,1
وَأَنْبَتَهَا,و,أ+نبت,ها,1,1.0,1
وَكَفَّلَهَا,و,كفل,ها,1,1.0,1
سَمِيعُ,,سميع,,1,1.0,1
فَنَادَتْهُ,ف,ناد,ت|ه,1,1.0,1
يُبَشِّرُكَ,ي,بشر,ك,1,1.0,1
بِيَحْيَى,ب,يحيى,,1,1.0,1
وَسَيِّدَاً,و,سيد,ا,1,1.0,1
وَحَصُورَاً,و,حصور,ا,1,1.0,1
وَنَبِيَّاً,و,نبي,ا,1,1.0,1
بَلَغَنِيَ,,بلغ+ن,ي,1,1.0,1
وَامْرَأَتِي,و,امرأ,ت|ي,1,1.0,1
عَاقِرٌ,,عاقر,,1,1.0,1
رَمْزَاً,,رمز,ا,1,1.0,1
اصْطَفَاكِ,,اصطفا,ك,1,1.0,1
وَطَهَّرَكِ,و,طهر,ك,1,1.0,1
وَاصْطَفَاكِ,و,اصطفا,ك,1,1.0,1
نِسَاءِ,,نساء,(null),1,1.0,1
اقْنُتِي,,اقنت,ي,1,1.0,1
لِرَبِّكِ,ل,رب,ك,1,1.0,1
وَاسْجُدِي,و,ا+سجد,ي,1,1.0,1
وَارْكَعِي,و,ا+ركع,ي,1,1.0,1
أَقْلَامَهُمْ,,أقلام,هم,1,1.0,1
يَكْفُلُ,ي,كفل,,1,1.0,1
يُبَشِّرُكِ,ي,بشر,ك,1,1.0,1
وَيُكَلِّمُ,و|ي,كلم,,1,1.0,1
وَيُعَلِّمُهُ,و|ي,علم,ه,1,1.0,1
وَرَسُولَاً,و,رسول,ا,1,1.0,1
أَخْلُقُ,أ,خلق,,1,1.0,1
فَأَنْفُخُ,ف|أ,نفخ,,1,1.0,1
وَأُبْرِئُ,و|أ,برئ,,1,1.0,1
وَأُحْيِي,و|أ,حيي,,1,1.0,1
وَأُنَبِّئُكُمْ,و|أ,نبئ,كم,1,1.0,1
تَدَّخِرُونَ,ت,دخر,ون,1,1.0,1
وَلِأُحِلَّ,و|ل|أ,حل,,1,1.0,1
حُرِّمَ,,حرم,,1,1.0,1
وَجِئْتُكُمْ,و,جئ+ت+كم+None,,1,1.0,1
أَحَسَّ,,أحس,,1,1.0,1
وَاتَّبَعْنَا,و,اتبع,نا,1,1.0,1
وَمَكَرَ,و,مكر,,1,1.0,1
مُتَوَفِّيكَ,,متوفي,ك,1,1.0,1
وَرَافِعُكَ,و,رافع,ك,1,1.0,1
وَمُطَهِّرُكَ,و,مطهر,ك,1,1.0,1
وَجَاعِلُ,و,جاعل,,1,1.0,1
اتَّبَعُوكَ,,اتبع,و|ك,1,1.0,1
فَأَحْكُمُ,ف|أ,حكم,,1,1.0,1
فَأُعَذِّبُهُمْ,ف|أ,عذب,هم,1,1.0,1
نَتْلُوهُ,ن,تل,و|ه,1,1.0,1
وَالذِّكْرِ,و|ال,ذكر,(null),1,1.0,1
حَاجَّكَ,,حاج,ك,1,1.0,1
نَدْعُ,ن,دع,,1,1.0,1
أَبْنَاءَنَا,,أبناء,نا,1,1.0,1
وَأَبْنَاءَكُمْ,و,أبناء,كم,1,1.0,1
وَنِسَاءَنَا,و,نساء,نا,1,1.0,1
وَنِسَاءَكُمْ,و,نساء,كم,1,1.0,1
وَأَنْفُسَنَا,و,أنفس,نا,1,1.0,1
وَأَنْفُسَكُمْ,و,أنفس,كم,1,1.0,1
نَبْتَهِلْ,ن,بتهل,,1,1.0,1
فَنَجْعَلْ,ف|ن,جعل,,1,1.0,1
الْقَصَصُ,ال,قصص,,1,1.0,1
اشْهَدُوا,,اشهد,وا,1,1.0,1
أُنْزِلَتِ,,أنزل,ت,1,1.0,1
وَالْإِنْجِيلُ,و|ال,إنجيل,,1,1.0,1
حَاجَجْتُمْ,,حاجج,تم,1,1.0,1
يَهُودِيَّاً,,يهود+ي,ا,1,1.0,1
نَصْرَانِيَّاً,,نصران+ي,ا,1,1.0,1
بِإِبْرَاهِيمَ,ب,إبراهيم,,1,1.0,1
لَلَّذِينَ,ل,الذين,,1,1.0,1
وَدَّتْ,,ود,ت,1,1.0,1
يُضِلُّونَكُمْ,ي,ضل+ون+كم+None+None,,1,1.0,1
تَلْبِسُونَ,ت,لبس,ون,1,1.0,1
وَتَكْتُمُونَ,و|ت,كتم+ون+None+None,,1,1.0,1
وَاكْفُرُوا,و,ا+كفر,وا,1,1.0,1
آخِرَهُ,,آخر,ه,1,1.0,1
يُحَاجُّوكُمْ,ي,حاج,و|كم,1,1.0,1
بِقِنْطَارٍ,ب,قنطار,,1,1.0,1
بِدِينَارٍ,ب,دينار,,1,1.0,1
مَا دُمْتَ,,ما+دم+ت+None,,1,1.0,1
سَبِيلٌ,,سبيل,,1,1.0,1
وَأَيْمَانِهِمْ,و,أيمان,هم,1,1.0,1
خَلَاقَ,,خلاق,,1,1.0,1
لَفَرِيقَاً,ل,فريق,ا,1,1.0,1
يَلْوُونَ,ي,لو,و|ن,1,1.0,1
أَلْسِنَتَهُمْ,,ألسن,ت|هم,1,1.0,1
لِتَحْسَبُوهُ,ل,تحسب,و|ه,1,1.0,1
يُؤْتِيَهُ,ي,ؤتي,ه,1,1.0,1
رَبَّانِيِّينَ,,ربان+ي,ين,1,1.0,1
تُعَلِّمُونَ,ت,علم,ون,1,1.0,1
يَأْمُرَكُمْ,ي,أمر,كم,1,1.0,1
أَيَأْمُرُكُمْ,أ|ي,أمر,كم,1,1.0,1
آتَيْتُكُمْ,,آتي,ت|كم,1,1.0,1
وَحِكْمَةٍ,و,حكم,ة,1,1.0,1
لَتُؤْمِنُنَّ,,ل+تؤمن+ن+None+None,,1,1.0,1
وَلَتَنْصُرُنَّهُ,و,ل+ت+نصر+ن+ه+None,,1,1.0,1
أَأَقْرَرْتُمْ,أ,أقرر+تم+None,,1,1.0,1
وَأَخَذْتُمْ,و,أخذ+تم+None,,1,1.0,1
إِصْرِي,,إصر,ي,1,1.0,1
أَقْرَرْنَا,,أقرر,نا,1,1.0,1
فَاشْهَدُوا,ف,ا+شهد,وا,1,1.0,1
وَالنَّبِيُّونَ,و|ال,نبي,ون,1,1.0,1
يَبْتَغِ,ي,بتغ,,1,1.0,1
لَعْنَةَ,,لعن,ة,1,1.0,1
تَوْبَتُهُمْ,,توب,ت|هم,1,1.0,1
مِلْءُ,,ملء,,1,1.0,1
ذَهَبَاً,,ذهب,ا,1,1.0,1
افْتَدَى,,افتدى,,1,1.0,1
تَنَالُوا,ت,نال,وا,1,1.0,1
الطَّعَامِ,ال,طعام,(null),1,1.0,1
حِلَّاً,,حل,ا,1,1.0,1
إِسْرَائِيلُ,,إسرائيل,,1,1.0,1
بِالتَّوْرَاةِ,ب|ال,تورا,ة,1,1.0,1
فَاتْلُوهَا,ف,اتل,و|ها,1,1.0,1
فَاتَّبِعُوا,ف,اتبع,وا,1,1.0,1
وُضِعَ,,وضع,,1,1.0,1
لَلَّذِي,ل,لذي,,1,1.0,1
بِبَكَّةَ,ب,بك,ة,1,1.0,1
مَقَامُ,,مقام,(null),1,1.0,1
دَخَلَهُ,,دخل,ه,1,1.0,1
حِجُّ,,حج,,1,1.0,1
اسْتَطَاعَ,,استطاع,,1,1.0,1
تَصُدُّونَ,ت,صد,ون,1,1.0,1
تَبْغُونَهَا,ت,بغ+ون+ها+None+None,,1,1.0,1
رَسُولُهُ,,رسول,ه,1,1.0,1
يَعْتَصِمْ,ي,عتصم,,1,1.0,1
هُدِيَ,,هدي,,1,1.0,1
تُقَاتِهِ,,تقا,ت|ه,1,1.0,1
بِحَبْلِ,ب,حبل,,1,1.0,1
فَأَلَّفَ,ف,ألف,,1,1.0,1
بِنِعْمَتِهِ,ب,نعم,ت|ه,1,1.0,1
حُفْرَةٍ,,حفر,ة,1,1.0,1
فَأَنْقَذَكُمْ,ف,أنقذ,كم,1,1.0,1
وَلْتَكُنْ,و|ل|ت,كن,,1,1.0,1
وَاخْتَلَفُوا,و,اختلف,وا,1,1.0,1
تَبْيَضُّ,ت,بيض,,1,1.0,1
وَتَسْوَدُّ,و|ت,سود,,1,1.0,1
اسْوَدَّتْ,,اسود,ت,1,1.0,1
أَكَفَرْتُمْ,أ,كفر,تم,1,1.0,1
ابْيَضَّتْ,,ابيض,ت,1,1.0,1
أُخْرِجَتْ,,أخرج,ت,1,1.0,1
وَتَنْهَوْنَ,و|ت,نه,و|ن,1,1.0,1
يَضُرُّوكُمْ,ي,ضر,و|كم,1,1.0,1
يُوَلُّوكُمُ,ي,ول,و|كم,1,1.0,1
ضُرِبَتْ,,ضرب,ت,1,1.0,1
أَيْنَما,,أين+ما,,1,1.0,1
بِحَبْلٍ,ب,حبل,,1,1.0,1
وَحَبْلٍ,و,حبل,,1,1.0,1
الْمَسْكَنَةُ,ال,مسكن,ة,1,1.0,1
وَيُسَارِعُونَ,و|ي,سارع+ون+None+None,,1,1.0,1
يُكْفَرُوهُ,ي,كفر,و|ه,1,1.0,1
رِيحٍ,,ريح,,1,1.0,1
صِرٌّ,,صر,,1,1.0,1
أَصَابَتْ,,أصاب,ت,1,1.0,1
فَأَهْلَكَتْهُ,ف,أهلك,ت|ه,1,1.0,1
بِطَانَةً,,بطان,ة,1,1.0,1
دُونِكُمْ,,دون,كم,1,1.0,1
يَأْلُونَكُمْ,ي,أل+ون+كم+None+None,,1,1.0,1
بَدَتِ,,بد,ت,1,1.0,1
الْبَغْضَاءُ,ال,بغضاء,,1,1.0,1
تُحِبُّونَهُمْ,ت,حب+ون+هم+None+None,,1,1.0,1
يُحِبُّونَكُمْ,ي,حب+ون+كم+None+None,,1,1.0,1
لَقُوكُمْ,,لق,و|كم,1,1.0,1
عَضُّوا,,عض,وا,1,1.0,1
الْأَنَامِلَ,ال,أنامل,,1,1.0,1
بِغَيْظِكُمْ,ب,غيظ,كم,1,1.0,1
الصُّدُور,ال,صدور,,1,1.0,1
تَمْسَسْكُمْ,ت,مسس,كم,1,1.0,1
تُصِبْكُمْ,ت,صب,كم,1,1.0,1
يَفْرَحُوا,ي,فرح,وا,1,1.0,1
غَدَوْتَ,,غدو,ت,1,1.0,1
تُبَوِّئُ,ت,بوئ,,1,1.0,1
لِلْقِتَالِ,ل|ال,قتال,,1,1.0,1
تَفْشَلَا,ت,فشل,ا,1,1.0,1
وَلِيُّهُمَا,,ولي,هما,1,1.0,1
بِبَدْرٍ,ب,بدر,,1,1.0,1
أَذِلَّةٌ,,أذل,ة,1,1.0,1
أَلَنْ,أ,لن,,1,1.0,1
يَكْفِيَكُمْ,ي,كفي,كم,1,1.0,1
يُمِدَّكُمْ,ي,مد,كم,1,1.0,1
بِثَلَاثَةِ,ب,ثلاث,ة|(null),1,1.0,1
مُنْزَلِينَ,,منزل,ين,1,1.0,1
وَيَأْتُوكُمْ,و|ي,أت,و|كم,1,1.0,1
فَوْرِهِمْ,,فور,هم,1,1.0,1
يُمْدِدْكُمْ,ي,مدد,كم,1,1.0,1
بِخَمْسَةِ,ب,خمس,ة|(null),1,1.0,1
مُسَوِّمِينَ,,مسوم,ين,1,1.0,1
لِيَقْطَعَ,ل|ي,قطع,,1,1.0,1
طَرَفَاً,,طرف,ا,1,1.0,1
يَكْبِتَهُمْ,ي,كبت,هم,1,1.0,1
فَيَنْقَلِبُوا,ف|ي,نقلب,وا,1,1.0,1
خَائِبِينَ,,خائب,ين,1,1.0,1
مُضَاعَفَةً,,مضاعف,ة|(null),1,1.0,1
وَسَارِعُوا,و,سارع,وا,1,1.0,1
السَّرَّاءِ,ال,سراء,,1,1.0,1
وَالْكَاظِمِينَ,و|ال,كاظم,ين,1,1.0,1
الْغَيْظَ,ال,غيظ,,1,1.0,1
وَالْعَافِينَ,و|ال,عاف,ين,1,1.0,1
ذَكَرُوا,,ذكر,وا,1,1.0,1
لِذُنُوبِهِمْ,ل,ذنوب,هم,1,1.0,1
يُصِرُّوا,ي,صر,وا,1,1.0,1
سُنَنٌ,,سنن,,1,1.0,1
بَيَانٌ,,بيان,,1,1.0,1
يَمْسَسْكُمْ,ي,مسس,كم,1,1.0,1
الْأَيَّامُ,ال,أيام,,1,1.0,1
نُدَاوِلُهَا,ن,داول,ها,1,1.0,1
وَيَتَّخِذَ,و|ي,تخذ,,1,1.0,1
وَيَمْحَقَ,و|ي,محق,,1,1.0,1
تَمَنَّوْنَ,,تمن+ون+None+None,,1,1.0,1
تَلْقَوْهُ,ت,لق,و|ه,1,1.0,1
رَأَيْتُمُوهُ,,رأي+تم+و,ه,1,1.0,1
يَضُرَّ,ي,ضر,,1,1.0,1
وَسَيَجْزِي,و,س+ي+جزي,,1,1.0,1
تَمُوتَ,ت,موت,,1,1.0,1
مُؤَجَّلَاً,,مؤجل,ا,1,1.0,1
وَسَنَجْزِي,و,س+ن+جزي,,1,1.0,1
قَاتَلَ,,قاتل,,1,1.0,1
رِبِّيُّونَ,,رب+ي,ون,1,1.0,1
وَهَنُوا,,وهن,وا,1,1.0,1
ضَعُفُوا,,ضعف,وا,1,1.0,1
قَوْلَهُمْ,,قول,(null)|هم,1,1.0,1
وَإِسْرَافَنَا,و,إسراف,نا,1,1.0,1
فَآتَاهُمُ,ف,آتا,هم,1,1.0,1
ثَوَابِ,,ثواب,,1,1.0,1
النَّاصِرِينَ,ال,ناصر,ين,1,1.0,1
صَدَقَكُمُ,,صدق,كم,1,1.0,1
تَحُسُّونَهُمْ,ت,حس+ون+هم+None+None,,1,1.0,1
فَشِلْتُمْ,,فشل,تم,1,1.0,1
وَتَنَازَعْتُمْ,و,تنازع,تم,1,1.0,1
وَعَصَيْتُمْ,و,عصي,تم,1,1.0,1
صَرَفَكُمْ,,صرف,كم,1,1.0,1
لِيَبْتَلِيَكُمْ,ل|ي,بتلي,كم,1,1.0,1
تُصْعِدُونَ,ت,صعد,ون,1,1.0,1
تَلْوُونَ,ت,لو,ون,1,1.0,1
أُخْرَاكُمْ,,أخرا,كم,1,1.0,1
فَأَثَابَكُمْ,ف,أثاب,كم,1,1.0,1
غَمَّاً,,غم,ا,1,1.0,1
بِغَمٍّ,ب,غم,,1,1.0,1
نُعَاسَاً,,نعاس,ا,1,1.0,1
أَهَمَّتْهُمْ,,أهم,ت|هم,1,1.0,1
كُلَّهُ,,كل,ه,1,1.0,1
يُبْدُونَ,ي,بد,ون,1,1.0,1
قُتِلْنَا,,قتل,نا,1,1.0,1
لَبَرَزَ,,ل+برز,,1,1.0,1
الْقَتْلُ,ال,قتل,(null),1,1.0,1
مَضَاجِعِهِمْ,,مضاجع,هم,1,1.0,1
وَلِيَبْتَلِيَ,و|ل|ي,بتلي,,1,1.0,1
اسْتَزَلَّهُمُ,,استزل,هم,1,1.0,1
غُزَّىً,,غزى,,1,1.0,1
لَمَغْفِرَةٌ,,ل+مغفر,ة,1,1.0,1
لِنْتَ,,لن,ت,1,1.0,1
فَظَّاً,,فظ,ا,1,1.0,1
غَلِيظَ,,غليظ,,1,1.0,1
الْقَلْبِ,ال,قلب,,1,1.0,1
لَانْفَضُّوا,,ل+انفض,وا,1,1.0,1
حَوْلِكَ,,حول,ك,1,1.0,1
وَشَاوِرْهُمْ,و,شاور,هم,1,1.0,1
عَزَمْتَ,,عزم,ت,1,1.0,1
الْمُتَوَكِّلِينَ,ال,متوكل,ين,1,1.0,1
يَنْصُرْكُمُ,ي,نصر,كم,1,1.0,1
يَخْذُلْكُمْ,ي,خذل,كم,1,1.0,1
يَغُلَّ,ي,غل,,1,1.0,1
يَغْلُلْ,ي,غلل,,1,1.0,1
غَلَّ,,غل,,1,1.0,1
أَفَمَنِ,أ,ف+من,,1,1.0,1
بِسَخَطٍ,ب,سخط,,1,1.0,1
أَوَلَمَّا,أ,و+لما,,1,1.0,1
أَصَبْتُمْ,,أصب,تم,1,1.0,1
مِثْلَيْهَا,,مثل,ي|ها,1,1.0,1
ادْفَعُوا,,ادفع,وا,1,1.0,1
قِتَالَاً,,قتال,ا,1,1.0,1
لَاتَّبَعْنَاكُمْ,,ل+اتبع,نا|كم,1,1.0,1
لِلْكُفْرِ,ل|ال,كفر,,1,1.0,1
وَقَعَدُوا,و,قعد,وا,1,1.0,1
أَطَاعُونَا,,أطاع,و|نا,1,1.0,1
فَادْرَءُوا,,ف+ا+درء+وا+None,,1,1.0,1
أَنْفُسِكُمُ,,أنفس,كم,1,1.0,1
فَرِحِينَ,,فرح,ين,1,1.0,1
وَيَسْتَبْشِرُونَ,و|ي,ستبشر+ون+None+None,,1,1.0,1
الْقَرْحُ,ال,قرح,,1,1.0,1
جَمَعُوا,,جمع,وا,1,1.0,1
فَاخْشَوْهُمْ,,ف+ا+خش,و|هم,1,1.0,1
فَزَادَهُمْ,ف,زاد,هم,1,1.0,1
الْوَكِيلُ,ال,وكيل,(null),1,1.0,1
فَانْقَلَبُوا,ف,انقلب,وا,1,1.0,1
يَمْسَسْهُمْ,ي,مسس,هم,1,1.0,1
سُوءٌ,,سوء,,1,1.0,1
تَخَافُوهُمْ,ت,خاف,و|هم,1,1.0,1
وَخَافُونِ,و,خاف+و+ن+None,,1,1.0,1
لِيَذَرَ,ل|ي,ذر,,1,1.0,1
يَمِيزَ,ي,ميز,,1,1.0,1
لِيُطْلِعَكُمْ,,ل+ي+طلع,كم,1,1.0,1
سَيُطَوَّقُونَ,,س+ي+طوق+ون+None+None,,1,1.0,1
وَقَتْلَهُمُ,و,قتل,هم,1,1.0,1
يَأْتِيَنَا,ي,أتي,نا,1,1.0,1
بِقُرْبَانٍ,ب,قربان,,1,1.0,1
تَأْكُلُهُ,ت,أكل,ه,1,1.0,1
وَبِالَّذِي,و|ب,الذي,,1,1.0,1
قَتَلْتُمُوهُمْ,,قتل+تم+و,هم,1,1.0,1
كُذِّبَ,,كذب,,1,1.0,1
تُوَفَّوْنَ,ت,وف+ون+None+None,,1,1.0,1
زُحْزِحَ,,زحزح,,1,1.0,1
لَتُبْلَوُنَّ,,ل+ت+بل+و+ن,,1,1.0,1
وَلَتَسْمَعُنَّ,و,ل+ت+سمع+ن+None,,1,1.0,1
لَتُبَيِّنُنَّهُ,,ل+ت+بين+ن+ه+None+None,,1,1.0,1
تَكْتُمُونَهُ,ت,كتم+ون+ه+None+None,,1,1.0,1
فَنَبَذُوهُ,ف,نبذ,و|ه,1,1.0,1
وَاشْتَرَوْا,و,اشتر,وا,1,1.0,1
وَيُحِبُّونَ,و|ي,حب+ون+None+None,,1,1.0,1
يُحْمَدُوا,ي,حمد,وا,1,1.0,1
تَحْسَبَنَّهُمْ,ت,حسب+ن,هم,1,1.0,1
بِمَفَازَةٍ,ب,مفاز,ة,1,1.0,1
جُنُوبِهِمْ,,جنوب,هم,1,1.0,1
وَيَتَفَكَّرُونَ,و|ي,تفكر+ون+None+None,,1,1.0,1
فَقِنَا,ف,ق,نا,1,1.0,1
تُدْخِلِ,ت,دخل,,1,1.0,1
أَخْزَيْتَهُ,,أخزي,ت|ه,1,1.0,1
مُنَادِيَاً,,منادي,ا,1,1.0,1
يُنَادِي,ي,نادي,,1,1.0,1
وَكَفِّرْ,و,كفر,,1,1.0,1
سَيِّئَاتِنَا,,سيئ,ات|نا,1,1.0,1
وَآتِنَا,و,آت,نا,1,1.0,1
وَعَدْتَنَا,,وعد,ت|نا,1,1.0,1
رُسُلِكَ,,رسل,ك,1,1.0,1
تُخْزِنَا,ت,خز,نا,1,1.0,1
تُخْلِفُ,ت,خلف,,1,1.0,1
أُضِيعُ,أ,ضيع,,1,1.0,1
عَامِلٍ,,عامل,,1,1.0,1
وَأُخْرِجُوا,و,أخرج,وا,1,1.0,1
وَقُتِلُوا,و,قتل,وا,1,1.0,1
وَلَأُدْخِلَنَّهُمْ,و,ل+أ+دخل+ن,هم,1,1.0,1
الثَّوَابِ,ال,ثواب,,1,1.0,1
يَغُرَّنَّكَ,ي,غر+ن,ك,1,1.0,1
تَقَلُّبُ,,تقلب,,1,1.0,1
لِلْأَبْرَارِ,ل|ال,أبرار,,1,1.0,1
اصْبِرُوا,,اصبر,وا,1,1.0,1
وَصَابِرُوا,و,صابر+وا+None,,1,1.0,1
وَرَابِطُوا,و,رابط+وا+None,,1,1.0,1
تَسَاءَلُونَ,,تساءل+ون+None+None,,1,1.0,1
وَالْأَرْحَامَ,و|ال,أرحام,,1,1.0,1
تَتَبَدَّلُوا,ت,تبدل+وا+None,,1,1.0,1
بِالطَّيِّبِ,ب|ال,طيب,,1,1.0,1
حُوبَاً,,حوب,ا,1,1.0,1
تُقْسِطُوا,ت,قسط+وا+None,,1,1.0,1
فَانْكِحُوا,ف,ا+نكح+وا+None,,1,1.0,1
طَابَ,,طاب,,1,1.0,1
فَوَاحِدَةً,ف,واحد,ة,1,1.0,1
تَعُولُوا,ت,عول,وا,1,1.0,1
صَدُقَاتِهِنَّ,,صدق,ات|هن,1,1.0,1
نِحْلَةً,,نحل,ة,1,1.0,1
طِبْنَ,,طب,ن,1,1.0,1
فَكُلُوهُ,ف,كل,و|ه,1,1.0,1
مَرِيئَاً,,مريئ,ا,1,1.0,1
تُؤْتُوا,ت,ؤت+وا+None,,1,1.0,1
السُّفَهَاءَ,ال,سفهاء,,1,1.0,1
أَمْوَالَكُمُ,,أموال,كم,1,1.0,1
وَارْزُقُوهُمْ,و,ا+رزق,و|هم,1,1.0,1
وَاكْسُوهُمْ,و,ا+كس,و|هم,1,1.0,1
وَابْتَلُوا,و,ابتل,وا,1,1.0,1
النِّكَاحَ,ال,نكاح,,1,1.0,1
آنَسْتُمْ,,آنس,تم,1,1.0,1
فَادْفَعُوا,ف,ا+دفع,وا,1,1.0,1
تَأْكُلُوهَا,ت,أكل,و|ها,1,1.0,1
إِسْرَافَاً,,إسراف,ا,1,1.0,1
وَبِدَارَاً,و,بدار,ا,1,1.0,1
يَكْبَرُوا,ي,كبر,وا,1,1.0,1
فَلْيَسْتَعْفِفْ,,ف+ل+ي+ستعفف,,1,1.0,1
فَلْيَأْكُلْ,ف,ل+ي+أكل,,1,1.0,1
دَفَعْتُمْ,,دفع,تم,1,1.0,1
فَأَشْهِدُوا,ف,أشهد,وا,1,1.0,1
قَلَّ,,قل,,1,1.0,1
كَثُرَ,,كثر,,1,1.0,1
الْقِسْمَةَ,ال,قسم,ة,1,1.0,1
وَالْمَسَاكِينُ,و|ال,مساكين,(null),1,1.0,1
فَارْزُقُوهُمْ,,ف+ا+رزق,و|هم,1,1.0,1
وَلْيَخْشَ,و|ل|ي,خش,,1,1.0,1
ضِعَافَاً,,ضعاف,ا,1,1.0,1
خَافُوا,,خاف,وا,1,1.0,1
فَلْيَتَّقُوا,ف,ل+ي+تق+وا+None,,1,1.0,1
وَلْيَقُولُوا,و,ل+ي+قول,وا,1,1.0,1
وَسَيَصْلَوْنَ,و,س+ي+صل+ون+None+None,,1,1.0,1
يُوصِيكُمُ,ي,وصي,كم,1,1.0,1
أَوْلَادِكُمْ,,أولاد,كم,1,1.0,1
لِلذَّكَرِ,ل|ال,ذكر,,1,1.0,1
نِسَاءً,,نساء,(null),1,1.0,1
ثُلُثَا,,ثلث,ا,1,1.0,1
النِّصْفُ,ال,نصف,,1,1.0,1
وَلِأَبَوَيْهِ,و|ل,أبو,ي|ه,1,1.0,1
وَوَرِثَهُ,و,ورث,ه,1,1.0,1
الثُّلُثُ,ال,ثلث,,1,1.0,1
يُوصِي,ي,وصي,,1,1.0,1
تَدْرُونَ,ت,در,ون,1,1.0,1
أَزْوَاجُكُمْ,,أزواج,كم,1,1.0,1
فَلَكُمُ,ف|ل,كم,,1,1.0,1
تَرَكْنَ,,ترك,ن,1,1.0,1
يُوصِينَ,ي,وصي,ن,1,1.0,1
الثُّمُنُ,ال,ثمن,(null),1,1.0,1
تُوصُونَ,ت,وص,ون,1,1.0,1
يُورَثُ,ي,ورث,,1,1.0,1
كَلَالَةً,,كلال,ة,1,1.0,1
فَلِكُلِّ,ف|ل,كل,,1,1.0,1
الثُّلُثِ,ال,ثلث,,1,1.0,1
يُوصَى,ي,وصى,,1,1.0,1
مُضَارٍّ,,مضار,,1,1.0,1
وَيَتَعَدَّ,و|ي,تعد,,1,1.0,1
حُدُودَهُ,,حدود,ه,1,1.0,1
فَاسْتَشْهِدُوا,ف,استشهد,وا,1,1.0,1
يَتَوَفَّاهُنَّ,ي,توفا+هن+None,,1,1.0,1
وَاللَّذَانِ,و,اللذ+ان+None,,1,1.0,1
يَأْتِيَانِهَا,ي,أتي+ان+ها+None+None,,1,1.0,1
فَآذُوهُمَا,ف,آذ,و|هما,1,1.0,1
تَابَا,,تاب,ا,1,1.0,1
وَأَصْلَحَا,و,أصلح,ا,1,1.0,1
وَلَيْسَتِ,و,ليس,ت,1,1.0,1
يَمُوتُونَ,ي,موت+ون+None,,1,1.0,1
تَرِثُوا,ت,رث,وا,1,1.0,1
لِتَذْهَبُوا,ل|ت,ذهب+وا+None,,1,1.0,1
وَعَاشِرُوهُنَّ,و,عاشر,و|هن,1,1.0,1
كَرِهْتُمُوهُنَّ,,كره+تم+و,هن,1,1.0,1
أَرَدْتُمُ,,أرد,تم,1,1.0,1
اسْتِبْدَالَ,,استبدال,(null),1,1.0,1
وَآتَيْتُمْ,و,آتي,تم,1,1.0,1
إِحْدَاهُنَّ,,إحدا,هن,1,1.0,1
قِنْطَارَاً,,قنطار,ا,1,1.0,1
أَتَأْخُذُونَهُ,أ|ت,أخذ+ون+ه+None+None,,1,1.0,1
تَأْخُذُونَهُ,ت,أخذ+ون+ه+None+None,,1,1.0,1
أَفْضَى,,أفضى,,1,1.0,1
وَأَخَذْنَ,و,أخذ+ن+None+None,,1,1.0,1
نَكَحَ,,نكح,,1,1.0,1
وَمَقْتَاً,و,مقت,ا,1,1.0,1
أُمَّهَاتُكُمْ,,أمه,ات|كم,1,1.0,1
وَبَنَاتُكُمْ,و,بنات,كم,1,1.0,1
وَعَمَّاتُكُمْ,و,عم,ات|كم,1,1.0,1
وَخَالَاتُكُمْ,و,خال,ات|كم,1,1.0,1
الْأَخِ,ال,أخ,,1,1.0,1
الْأُخْتِ,ال,أخ,ت,1,1.0,1
وَأُمَّهَاتُكُمُ,و,أم,ه|ات|كم,1,1.0,1
أَرْضَعْنَكُمْ,,أرضع,ن|كم,1,1.0,1
الرَّضَاعَةِ,ال,رضاع,ة,1,1.0,1
وَأُمَّهَاتُ,و,أم,ه|ات,1,1.0,1
وَرَبَائِبُكُمُ,و,ربائب,كم,1,1.0,1
حُجُورِكُمْ,,حجور,كم,1,1.0,1
نِسَائِكُمُ,,نسائ,كم,1,1.0,1
وَحَلَائِلُ,و,حلائل,,1,1.0,1
أَبْنَائِكُمُ,,أبنائ,كم,1,1.0,1
أَصْلَابِكُمْ,,أصلاب,كم,1,1.0,1
تَجْمَعُوا,ت,جمع,وا,1,1.0,1
الْأُخْتَيْنِ,ال,أخ,ت|ين,1,1.0,1
وَأُحِلَّ,و,أحل,,1,1.0,1
اسْتَمْتَعْتُمْ,,استمتع,تم,1,1.0,1
تَرَاضَيْتُمْ,,تراضي,تم,1,1.0,1
الْفَرِيضَةِ,ال,فريض,ة,1,1.0,1
طَوْلَاً,,طول,ا,1,1.0,1
يَنْكِحَ,ي,نكح,,1,1.0,1
فَتَيَاتِكُمُ,,فتي,ات|كم,1,1.0,1
بِإِيمَانِكُمْ,ب,إيمان,كم,1,1.0,1
فَانْكِحُوهُنَّ,,ف+ا+نكح,و|هن,1,1.0,1
أَهْلِهِنَّ,,أهل+ه+ن,,1,1.0,1
وَآتُوهُنَّ,و,آت,و|هن,1,1.0,1
مُحْصَنَاتٍ,,محصن,ات,1,1.0,1
مُسَافِحَاتٍ,,مسافح,ات,1,1.0,1
مُتَّخِذَاتِ,,متخذ,ات,1,1.0,1
أُحْصِنَّ,,أحصن,,1,1.0,1
أَتَيْنَ,,أتي,ن,1,1.0,1
فَعَلَيْهِنَّ,,ف+علي,هن,1,1.0,1
الْعَنَتَ,ال,عنت,,1,1.0,1
سُنَنَ,,سنن,,1,1.0,1
مَيْلَاً,,ميل,ا,1,1.0,1
يُخَفِّفَ,ي,خفف,,1,1.0,1
وَخُلِقَ,و,خلق,,1,1.0,1
عُدْوَانَاً,,عدوان,ا,1,1.0,1
وَظُلْمَاً,و,ظلم,ا,1,1.0,1
نُصْلِيهِ,ن,صلي,ه,1,1.0,1
تَجْتَنِبُوا,ت,جتنب,وا,1,1.0,1
تُنْهَوْنَ,ت,نه,ون,1,1.0,1
نُكَفِّرْ,ن,كفر,,1,1.0,1
وَنُدْخِلْكُمْ,و|ن,دخل,كم,1,1.0,1
تَتَمَنَّوْا,ت,تمن,وا,1,1.0,1
اكْتَسَبْنَ,,اكتسب,ن,1,1.0,1
مَوَالِيَ,,موالي,,1,1.0,1
عَقَدَتْ,,عقد,ت,1,1.0,1
فَآتُوهُمْ,ف,آت,و|هم,1,1.0,1
الرِّجَالُ,ال,رجال,(null),1,1.0,1
قَوَّامُونَ,,قوام,ون,1,1.0,1
فَالصَّالِحَاتُ,ف|ال,صالح,ات,1,1.0,1
قَانِتَاتٌ,,قانت,ات,1,1.0,1
حَافِظَاتٌ,,حافظ,ات,1,1.0,1
حَفِظَ,,حفظ,,1,1.0,1
نُشُوزَهُنَّ,,نشوز,هن,1,1.0,1
فَعِظُوهُنَّ,,ف+عظ,و|هن,1,1.0,1
وَاهْجُرُوهُنَّ,و,ا+هجر,و|هن,1,1.0,1
وَاضْرِبُوهُنَّ,و,ا+ضرب,و|هن,1,1.0,1
أَطَعْنَكُمْ,,أطع,ن|كم,1,1.0,1
تَبْغُوا,ت,بغ,وا,1,1.0,1
شِقَاقَ,,شقاق,,1,1.0,1
وَحَكَمَاً,و,حكم,ا,1,1.0,1
يُرِيدَا,ي,ريد,ا,1,1.0,1
يُوَفِّقِ,ي,وفق,,1,1.0,1
وَبِذِي,و|ب,ذي,,1,1.0,1
الْجُنُبِ,ال,جنب,,1,1.0,1
وَالصَّاحِبِ,و|ال,صاحب,,1,1.0,1
بِالْجَنْبِ,ب|ال,جنب,,1,1.0,1
مُخْتَالَاً,,مختال,ا,1,1.0,1
فَخُورَاً,,فخور,ا,1,1.0,1
وَيَكْتُمُونَ,و|ي,كتم+ون+None+None,,1,1.0,1
وَمَاذَا,و,ماذا,,1,1.0,1
يُضَاعِفْهَا,ي,ضاعف,ها,1,1.0,1
بِشَهِيدٍ,ب,شهيد,,1,1.0,1
وَعَصَوُا,و,عص,وا,1,1.0,1
تُسَوَّى,ت,سوى,,1,1.0,1
عَابِرِي,,عابر,ي,1,1.0,1
تَغْتَسِلُوا,ت,غتسل,وا,1,1.0,1
بِأَعْدَائِكُمْ,ب,أعدائ,كم,1,1.0,1
مُسْمَعٍ,,مسمع,,1,1.0,1
وَرَاعِنَا,و,راع+نا+None+None,,1,1.0,1
لَيَّاً,,لي,ا,1,1.0,1
وَطَعْنَاً,و,طعن,ا,1,1.0,1
وَانْظُرْنَا,و,ا+نظر,نا,1,1.0,1
وَأَقْوَمَ,و,أقوم,,1,1.0,1
نَطْمِسَ,ن,طمس,,1,1.0,1
وُجُوهَاً,,وجوه,ا,1,1.0,1
فَنَرُدَّهَا,ف|ن,رد,ها,1,1.0,1
أَدْبَارِهَا,,أدبار,ها,1,1.0,1
نَلْعَنَهُمْ,ن,لعن,هم,1,1.0,1
لَعَنَّا,,لعن,نا,1,1.0,1
يُزَكُّونَ,ي,زك,ون,1,1.0,1
بِالْجِبْتِ,ب|ال,جبت,,1,1.0,1
وَالطَّاغُوتِ,و|ال,طاغوت,(null),1,1.0,1
يَلْعَنِ,ي,لعن,,1,1.0,1
فَإِذَاً,ف,إذا,,1,1.0,1
يَحْسُدُونَ,ي,حسد+ون+None+None,,1,1.0,1
صَدَّ,,صد,,1,1.0,1
نُصْلِيهِمْ,ن,صلي,هم,1,1.0,1
نَضِجَتْ,,نضج,ت,1,1.0,1
بَدَّلْنَاهُمْ,,بدل,نا|هم,1,1.0,1
جُلُودَاً,,جلود,ا,1,1.0,1
غَيْرَهَا,,غير,ها,1,1.0,1
لِيَذُوقُوا,ل|ي,ذوق,وا,1,1.0,1
وَنُدْخِلُهُمْ,و|ن,دخل,هم,1,1.0,1
ظِلَّاً,,ظل,ا,1,1.0,1
ظَلِيلَاً,,ظليل,ا,1,1.0,1
تُؤَدُّوا,ت,ؤد,وا,1,1.0,1
الْأَمَانَاتِ,ال,أمان,ات,1,1.0,1
حَكَمْتُمْ,,حكم,تم,1,1.0,1
تَحْكُمُوا,ت,حكم,وا,1,1.0,1
نِعِمَّا,,نعم+ما,,1,1.0,1
وَأُولِي,و,أول,ي,1,1.0,1
تَنَازَعْتُمْ,,تنازع,تم,1,1.0,1
فَرُدُّوهُ,ف,رد,و|ه,1,1.0,1
يَزْعُمُونَ,ي,زعم,و|ن,1,1.0,1
يَتَحَاكَمُوا,ي,تحاكم,وا,1,1.0,1
يُضِلَّهُمْ,ي,ضل,هم,1,1.0,1
صُدُودَاً,,صدود,ا,1,1.0,1
وَتَوْفِيقَاً,و,توفيق,ا,1,1.0,1
وَعِظْهُمْ,و,عظ,هم,1,1.0,1
بَلِيغَاً,,بليغ,ا,1,1.0,1
لِيُطَاعَ,ل|ي,طاع,,1,1.0,1
وَاسْتَغْفَرَ,و,استغفر,,1,1.0,1
وَرَبِّكَ,و,رب,ك,1,1.0,1
يُحَكِّمُوكَ,ي,حكم,و|ك,1,1.0,1
شَجَرَ,,شجر,,1,1.0,1
قَضَيْتَ,,قضي,ت,1,1.0,1
وَيُسَلِّمُوا,و|ي,سلم,وا,1,1.0,1
اخْرُجُوا,,اخرج,وا,1,1.0,1
يُوعَظُونَ,ي,وعظ,ون,1,1.0,1
تَثْبِيتَاً,,تثبيت,ا,1,1.0,1
لَآتَيْنَاهُمْ,,ل+آتي,نا|هم,1,1.0,1
وَلَهَدَيْنَاهُمْ,و|ل,هدي,نا|هم,1,1.0,1
وَالصِّدِّيقِينَ,و|ال,صديق,ين,1,1.0,1
وَحَسُنَ,و,حسن,,1,1.0,1
رَفِيقَاً,,رفيق,ا,1,1.0,1
فَانْفِرُوا,ف,ا+نفر,وا,1,1.0,1
ثُبَاتٍ,,ثبات,,1,1.0,1
لَيُبَطِّئَنَّ,,ل+ي+بطئ+ن,,1,1.0,1
فَضْلٌ,,فضل,,1,1.0,1
مَوَدَّةٌ,,مود,ة,1,1.0,1
فَأَفُوزَ,ف|أ,فوز,,1,1.0,1
فَلْيُقَاتِلْ,,ف+ل+ي+قاتل,,1,1.0,1
يَشْرُونَ,ي,شر+ون+None+None+None,,1,1.0,1
يُقَاتِلْ,ي,قاتل,,1,1.0,1
فَيُقْتَلْ,,ف+ي+قتل,,1,1.0,1
يَغْلِبْ,ي,غلب,,1,1.0,1
الظَّالِمِ,ال,ظالم,,1,1.0,1
كُفُّوا,,كف,وا,1,1.0,1
كَخَشْيَةِ,ك,خشي,ة,1,1.0,1
خَشْيَةً,,خشي,ة,1,1.0,1
كَتَبْتَ,,كتب,ت,1,1.0,1
أَخَّرْتَنَا,,أخر,ت|نا,1,1.0,1
يُدْرِكْكُمُ,ي,درك,كم,1,1.0,1
بُرُوجٍ,,بروج,,1,1.0,1
مُشَيَّدَةٍ,,مشيد,ة,1,1.0,1
حَسَنَةٍ,,حسن,ة,1,1.0,1
وَأَرْسَلْنَاكَ,و,أرسل,نا|ك,1,1.0,1
أَطَاعَ,,أطاع,,1,1.0,1
بَيَّتَ,,بيت,,1,1.0,1
يَكْتُبُ,ي,كتب,,1,1.0,1
اخْتِلَافَاً,,اختلاف,ا,1,1.0,1
أَمْرٌ,,أمر,(null),1,1.0,1
الْأَمْنِ,ال,أمن,,1,1.0,1
أَذَاعُوا,,أذاع,وا,1,1.0,1
رَدُّوهُ,,رد,و|ه,1,1.0,1
لَعَلِمَهُ,,ل+علم+ه+None+None,,1,1.0,1
يَسْتَنْبِطُونَهُ,ي,ستنبط+ون+ه+None+None,,1,1.0,1
لَاتَّبَعْتُمُ,,ل+اتبع,تم,1,1.0,1
فَقَاتِلْ,ف,قاتل,,1,1.0,1
وَحَرِّضِ,و,حرض,,1,1.0,1
يَكُفَّ,ي,كف,,1,1.0,1
وَأَشَدُّ,و,أشد,(null),1,1.0,1
تَنْكِيلَاً,,تنكيل,ا,1,1.0,1
كِفْلٌ,,كفل,,1,1.0,1
مُقِيتَاً,,مقيت,ا,1,1.0,1
حُيِّيتُمْ,,حيي,تم,1,1.0,1
بِتَحِيَّةٍ,ب,تحي,ة|(null),1,1.0,1
فَحَيُّوا,ف,حي,وا,1,1.0,1
بِأَحْسَنَ,ب,أحسن,,1,1.0,1
أَرْكَسَهُمْ,,أركس,هم,1,1.0,1
تَهْدُوا,ت,هد,وا,1,1.0,1
فَتَكُونُونَ,ف|ت,كون,و|ن,1,1.0,1
حَصِرَتْ,,حصر,ت,1,1.0,1
يُقَاتِلُوا,ي,قاتل,وا,1,1.0,1
لَسَلَّطَهُمْ,,ل+سلط,هم,1,1.0,1
فَلَقَاتَلُوكُمْ,ف,ل+قاتل,و|كم,1,1.0,1
اعْتَزَلُوكُمْ,,اعتزل,و|كم,1,1.0,1
سَتَجِدُونَ,س|ت,جد+ون+None+None,,1,1.0,1
يَأْمَنُوكُمْ,ي,أمن,و|كم,1,1.0,1
وَيَأْمَنُوا,و|ي,أمن,وا,1,1.0,1
أُرْكِسُوا,,أركس,وا,1,1.0,1
يَعْتَزِلُوكُمْ,ي,عتزل,و|كم,1,1.0,1
وَيُلْقُوا,و|ي,لق,وا,1,1.0,1
وَيَكُفُّوا,و|ي,كف,وا,1,1.0,1
وَأُولَئِكُمْ,و,أولئك+م,,1,1.0,1
يَقْتُلَ,ي,قتل,,1,1.0,1
وَدِيَةٌ,و,دي,ة,1,1.0,1
يَصَّدَّقُوا,ي,صدق,وا,1,1.0,1
فَدِيَةٌ,,فدي,ة,1,1.0,1
وَتَحْرِيرُ,و,تحرير,,1,1.0,1
يَقْتُلْ,ي,قتل,,1,1.0,1
فَجَزَاؤُهُ,ف,جزاؤ,ه,1,1.0,1
وَلَعَنَهُ,و,لعن,ه,1,1.0,1
السَّلَامَ,ال,سلام,,1,1.0,1
تَبْتَغُونَ,ت,بتغ,ون,1,1.0,1
مَغَانِمُ,,مغانم,,1,1.0,1
الْقَاعِدُونَ,ال,قاعد,ون,1,1.0,1
الضَّرَرِ,ال,ضرر,,1,1.0,1
وَالْمُجَاهِدُونَ,و|ال,مجاهد,ون,1,1.0,1
وَفَضَّلَ,و,فضل,,1,1.0,1
وَمَغْفِرَةً,و,مغفر,ة,1,1.0,1
تَوَفَّاهُمُ,,توفا,هم,1,1.0,1
مُسْتَضْعَفِينَ,,مستضعف,ين,1,1.0,1
أَرْضُ,,أرض,(null),1,1.0,1
وَاسِعَةً,,واسع,ة,1,1.0,1
فَتُهَاجِرُوا,ف|ت,هاجر,وا,1,1.0,1
الْمُسْتَضْعَفِينَ,ال,مستضعف,ين,1,1.0,1
حِيلَةً,,حيل,ة|(null),1,1.0,1
يُهَاجِرْ,ي,هاجر,,1,1.0,1
مُرَاغَمَاً,,مراغم,ا,1,1.0,1
وَسَعَةً,و,سع,ة,1,1.0,1
يَخْرُجْ,ي,خرج,,1,1.0,1
بَيْتِهِ,,بيت,ه,1,1.0,1
مُهَاجِرَاً,,مهاجر,ا,1,1.0,1
يُدْرِكْهُ,ي,درك,ه,1,1.0,1
تَقْصُرُوا,ت,قصر,وا,1,1.0,1
يَفْتِنَكُمُ,ي,فتن,كم,1,1.0,1
فَأَقَمْتَ,ف,أقم,ت,1,1.0,1
فَلْتَقُمْ,,ف+ل+ت+قم,,1,1.0,1
أَسْلِحَتَهُمْ,,أسلح,ة|هم,1,1.0,1
سَجَدُوا,,سجد,وا,1,1.0,1
فَلْيَكُونُوا,ف,ل+ي+كون,وا,1,1.0,1
وَرَائِكُمْ,,ورائ,كم,1,1.0,1
وَلْتَأْتِ,و,ل+ت+أت,,1,1.0,1
يُصَلُّوا,ي,صل,وا,1,1.0,1
فَلْيُصَلُّوا,ف,ل+ي+صل,وا,1,1.0,1
حِذْرَهُمْ,,حذر,هم,1,1.0,1
وَأَسْلِحَتَهُمْ,و,أسلح,ة|(null)|هم,1,1.0,1
تَغْفُلُونَ,ت,غفل,ون,1,1.0,1
أَسْلِحَتِكُمْ,,أسلح,ت|كم,1,1.0,1
وَأَمْتِعَتِكُمْ,و,أمتع,ت|كم,1,1.0,1
فَيَمِيلُونَ,ف|ي,ميل+ون+None+None,,1,1.0,1
مَيْلَةً,,ميل,ة,1,1.0,1
مَطَرٍ,,مطر,,1,1.0,1
تَضَعُوا,ت,ضع,وا,1,1.0,1
أَسْلِحَتَكُمْ,,أسلح,ت|كم,1,1.0,1
وَخُذُوا,و,خذ,وا,1,1.0,1
قَضَيْتُمُ,,قضي,تم,1,1.0,1
جُنُوبِكُمْ,,جنوب,كم,1,1.0,1
اطْمَأْنَنْتُمْ,,اطمأنن,تم,1,1.0,1
مَوْقُوتَاً,,موقوت,ا,1,1.0,1
ابْتِغَاءِ,,ابتغاء,,1,1.0,1
يَأْلَمُونَ,ي,ألم,و|ن,1,1.0,1
وَتَرْجُونَ,و|ت,رج+ون+None+None,,1,1.0,1
لِتَحْكُمَ,ل|ت,حكم,,1,1.0,1
لِلْخَائِنِينَ,ل|ال,خائن,ين,1,1.0,1
خَصِيمَاً,,خصيم,ا,1,1.0,1
وَاسْتَغْفِرِ,و,استغفر,,1,1.0,1
تُجَادِلْ,ت,جادل,,1,1.0,1
يَخْتَانُونَ,ي,ختان,و|ن,1,1.0,1
خَوَّانَاً,,خوان,ا,1,1.0,1
أَثِيمَاً,,أثيم,ا,1,1.0,1
جَادَلْتُمْ,,جادل,تم,1,1.0,1
يَسْتَغْفِرِ,ي,ستغفر,,1,1.0,1
يَجِدِ,ي,جد,,1,1.0,1
يَكْسِبُهُ,ي,كسب,ه,1,1.0,1
خَطِيئَةً,,خطيئ,ة,1,1.0,1
يَرْمِ,ي,رم,,1,1.0,1
بَرِيئَاً,,بريئ,ا,1,1.0,1
احْتَمَلَ,,احتمل,,1,1.0,1
لَهَمَّتْ,,ل+هم,ت,1,1.0,1
يَضُرُّونَكَ,ي,ضر+ون+ك+None+None,,1,1.0,1
وَعَلَّمَكَ,و,علم,ك,1,1.0,1
نَجْوَاهُمْ,,نجوا,هم,1,1.0,1
بِصَدَقَةٍ,ب,صدقة,,1,1.0,1
إِصْلَاحٍ,,إصلاح,,1,1.0,1
وَيَتَّبِعْ,و|ي,تبع,,1,1.0,1
نُوَلِّهِ,ن,ول,ه,1,1.0,1
وَنُصْلِهِ,و|ن,صل,ه,1,1.0,1
مَرِيدَاً,,مريد,ا,1,1.0,1
لَأَتَّخِذَنَّ,,ل+أ+تخذ+ن,,1,1.0,1
وَلَأُضِلَّنَّهُمْ,و,ل+أ+ضل+ن,هم,1,1.0,1
وَلَأُمَنِّيَنَّهُمْ,و,ل+أ+مني+ن,هم,1,1.0,1
فَلَيُبَتِّكُنَّ,ف,ل+ي+بتك+ن+None,,1,1.0,1
آذَانَ,,آذان,(null),1,1.0,1
فَلَيُغَيِّرُنَّ,ف,ل+ي+غير+ن+None,,1,1.0,1
يَتَّخِذِ,ي,تخذ,,1,1.0,1
خُسْرَانَاً,,خسران,ا,1,1.0,1
يَعِدُهُمْ,ي,عد,هم,1,1.0,1
وَيُمَنِّيهِمْ,و|ي,مني,هم,1,1.0,1
مَحِيصَاً,,محيص,ا,1,1.0,1
بِأَمَانِيِّكُمْ,ب,أماني,كم,1,1.0,1
أَمَانِيِّ,,أماني,,1,1.0,1
يُجْزَ,ي,جز,,1,1.0,1
وَيَسْتَفْتُونَكَ,و|ي,ستفت+ون+ك+None+None,,1,1.0,1
يَتَامَى,,يتامى,,1,1.0,1
تُؤْتُونَهُنَّ,ت,ؤت+ون+هن+None+None,,1,1.0,1
وَتَرْغَبُونَ,و|ت,رغب+ون+None+None,,1,1.0,1
الْوِلْدَانِ,ال,ولدان,,1,1.0,1
لِلْيَتَامَى,ل|ال,يتامى,,1,1.0,1
خَافَتْ,,خاف,ت,1,1.0,1
بَعْلِهَا,,بعل,ها,1,1.0,1
نُشُوزَاً,,نشوز,ا,1,1.0,1
إِعْرَاضَاً,,إعراض,ا,1,1.0,1
يُصْلِحَا,ي,صلح,ا,1,1.0,1
صُلْحَاً,,صلح,ا,1,1.0,1
وَالصُّلْحُ,و|ال,صلح,,1,1.0,1
وَأُحْضِرَتِ,و,أحضر,ت,1,1.0,1
الشُّحَّ,ال,شح,,1,1.0,1
تُحْسِنُوا,ت,حسن,وا,1,1.0,1
تَسْتَطِيعُوا,ت,ستطيع,وا,1,1.0,1
حَرَصْتُمْ,,حرص,تم,1,1.0,1
الْمَيْلِ,ال,ميل,,1,1.0,1
فَتَذَرُوهَا,ف|ت,ذر,و|ها,1,1.0,1
كَالْمُعَلَّقَةِ,ك|ال,معلق,ة,1,1.0,1
تُصْلِحُوا,ت,صلح,وا,1,1.0,1
يَتَفَرَّقَا,ي|ت,فرق,ا,1,1.0,1
يُغْنِ,ي,غن,,1,1.0,1
وَاسِعَاً,,واسع,ا,1,1.0,1
حَمِيدَاً,,حميد,ا,1,1.0,1
بِآخَرِينَ,ب,آخر,ين,1,1.0,1
الْوَالِدَيْنِ,ال,والد,ين,1,1.0,1
تَلْوُوا,ت,لو,وا,1,1.0,1
تُعْرِضُوا,ت,عرض,وا,1,1.0,1
بَشِّرِ,,بشر,,1,1.0,1
يَتَّخِذُونَ,ي,تخذ,ون,1,1.0,1
أَيَبْتَغُونَ,أ|ي,بتغ+ون+None+None,,1,1.0,1
سَمِعْتُمْ,,سمع,تم,1,1.0,1
يُكْفَرُ,ي,كفر,,1,1.0,1
وَيُسْتَهْزَأُ,و|ي,ستهزأ,,1,1.0,1
مِثْلُهُمْ,,مثل,هم,1,1.0,1
وَالْكَافِرِينَ,و|ال,كافر,ين,1,1.0,1
يَتَرَبَّصُونَ,ي,تربص,و|ن,1,1.0,1
فَتْحٌ,,فتح,,1,1.0,1
نَسْتَحْوِذْ,ن,ستحوذ,,1,1.0,1
وَنَمْنَعْكُمْ,و|ن,منع,كم,1,1.0,1
خَادِعُهُمْ,,خادع,هم,1,1.0,1
مُذَبْذَبِينَ,,مذبذب,ين,1,1.0,1
الدَّرْكِ,ال,درك,,1,1.0,1
الْأَسْفَلِ,ال,أسفل,,1,1.0,1
وَأَخْلَصُوا,و,أخلص,وا,1,1.0,1
بِعَذَابِكُمْ,ب,عذاب,كم,1,1.0,1
ظُلِمَ,,ظلم,,1,1.0,1
وَنَكْفُرُ,و|ن,كفر,,1,1.0,1
يُؤْتِيهِمْ,ي,ؤتي,هم,1,1.0,1
سَأَلُوا,,سأل,وا,1,1.0,1
فَعَفَوْنَا,ف,عف,و|نا,1,1.0,1
فَوْقَهُمُ,,فوق,هم,1,1.0,1
بِمِيثَاقِهِمْ,ب,ميثاق,هم,1,1.0,1
تَعْدُوا,ت,عد+وا+None,,1,1.0,1
وَكُفْرِهِمْ,و,كفر+هم+None,,1,1.0,1
وَقَتْلِهِمُ,و,قتل,هم,1,1.0,1
وَبِكُفْرِهِمْ,و|ب,كفر,هم,1,1.0,1
قَتَلْنَا,,قتل,نا,1,1.0,1
صَلَبُوهُ,,صلب,و|ه,1,1.0,1
شُبِّهَ,,شبه,,1,1.0,1
اتِّبَاعَ,,اتباع,,1,1.0,1
يَقِينَاً,,يقين,ا,1,1.0,1
رَفَعَهُ,,رفع,ه,1,1.0,1
لَيُؤْمِنَنَّ,,ل+ي+ؤمن+ن,,1,1.0,1
فَبِظُلْمٍ,ف|ب,ظلم,,1,1.0,1
طَيِّبَاتٍ,,طيب,ات,1,1.0,1
وَبِصَدِّهِمْ,و|ب,صد,هم,1,1.0,1
وَأَخْذِهِمُ,و,أخذ,هم,1,1.0,1
وَأَكْلِهِمْ,و,أكل,هم,1,1.0,1
الرَّاسِخُونَ,ال,راسخ,ون,1,1.0,1
وَالْمُقِيمِينَ,و|ال,مقيم,ين,1,1.0,1
وَالْمُؤْتُونَ,و|ال,مؤت,ون,1,1.0,1
سَنُؤْتِيهِمْ,س|ن,ؤتي,هم,1,1.0,1
قَصَصْنَاهُمْ,,قصص,نا|هم,1,1.0,1
نَقْصُصْهُمْ,ن,قصص,هم,1,1.0,1
وَكَلَّمَ,و,كلم,,1,1.0,1
تَكْلِيمَاً,,تكليم,ا,1,1.0,1
طَرِيقَ,,طريق,(null),1,1.0,1
وَكَلِمَتُهُ,و,كلم,ت|ه,1,1.0,1
أَلْقَاهَا,,ألقا,(null)|ها,1,1.0,1
وَرُوحٌ,و,روح,,1,1.0,1
انْتَهُوا,,انته,وا,1,1.0,1
يَسْتَنْكِفَ,ي,ستنكف,,1,1.0,1
يَسْتَنْكِفْ,ي,ستنكف,,1,1.0,1
وَيَسْتَكْبِرْ,و|ي,ستكبر,,1,1.0,1
فَسَيَحْشُرُهُمْ,ف,س+ي+حشر,هم,1,1.0,1
اسْتَنْكَفُوا,,استنكف,وا,1,1.0,1
فَيُعَذِّبُهُمْ,ف|ي,عذب,هم,1,1.0,1
بُرْهَانٌ,,برهان,,1,1.0,1
فَسَيُدْخِلُهُمْ,ف|س|ي,دخل,هم,1,1.0,1
يَسْتَفْتُونَكَ,ي,ستفت+ون+ك+None+None,,1,1.0,1
الْكَلَالَةِ,ال,كلال,ة,1,1.0,1
امْرُؤٌ,,امرؤ,,1,1.0,1
فَلَهُمَا,ف|ل,هما+None+None,,1,1.0,1
الثُّلُثَانِ,ال,ثلث,ان,1,1.0,1
إِخْوَةً,,إخو,ة,1,1.0,1
فَلِلذَّكَرِ,ف|ل|ال,ذكر,(null),1,1.0,1
بِالْعُقُودِ,ب|ال,عقود,,1,1.0,1
بَهِيمَةُ,,بهيم,ة,1,1.0,1
مُحِلِّي,,محل,ي,1,1.0,1
تُحِلُّوا,ت,حل+وا+None,,1,1.0,1
اللهِ,ال,له,,1,1.0,1
ولا,و,لا,,1,1.0,1
الْهَدْيَ,ال,هدي,,1,1.0,1
الْقَلَائِدَ,ال,قلائد,,1,1.0,1
آمِّينَ,,آم,ين,1,1.0,1
حَلَلْتُمْ,,حلل,تم,1,1.0,1
فَاصْطَادُوا,,ف+اصطاد,وا,1,1.0,1
صَدُّوكُمْ,,صد,و|كم,1,1.0,1
وَتَعَاوَنُوا,و,تعاون,وا,1,1.0,1
الْبِرِّ,ال,بر,,1,1.0,1
تَعَاوَنُوا,,تعاون,وا,1,1.0,1
العِقَابِ,ال,عقاب,,1,1.0,1
وَالدَّمُ,و|ال,دم,,1,1.0,1
وَلَحْمُ,و,لحم,,1,1.0,1
وَالْمُنْخَنِقَةُ,و|ال,منخنق,ة,1,1.0,1
وَالْمَوْقُوذَةُ,و|ال,موقوذ,ة,1,1.0,1
وَالْمُتَرَدِّيَةُ,و|ال,متردي,ة,1,1.0,1
وَالنَّطِيحَةُ,و|ال,نطيح,ة,1,1.0,1
أَكَلَ,,أكل,,1,1.0,1
السَّبُعُ,ال,سبع,,1,1.0,1
ذَكَّيْتُمْ,,ذكي,تم,1,1.0,1
ذُبِحَ,,ذبح,,1,1.0,1
النُّصُبِ,ال,نصب,(null),1,1.0,1
تَسْتَقْسِمُوا,ت,ستقسم+وا+None,,1,1.0,1
بِالْأَزْلَامِ,ب|ال,أزلام,,1,1.0,1
فِسْقٌ,,فسق,,1,1.0,1
أَكْمَلْتُ,,أكمل,ت,1,1.0,1
وَأَتْمَمْتُ,و,أتمم+ت+None,,1,1.0,1
وَرَضِيتُ,و,رضي+ت+None,,1,1.0,1
الْإِسْلَامَ,ال,إسلام,,1,1.0,1
مَخْمَصَةٍ,,مخمص,ة,1,1.0,1
مُتَجَانِفٍ,,متجانف,,1,1.0,1
لِإِثْمٍ,ل,إثم,,1,1.0,1
عَلَّمْتُمْ,,علم,تم,1,1.0,1
الْجَوَارِحِ,ال,جوارح,,1,1.0,1
مُكَلِّبِينَ,,مكلب,ين,1,1.0,1
تُعَلِّمُونَهُنَّ,ت,علم+ون+هن+None+None,,1,1.0,1
أَمْسَكْنَ,,أمسك,ن,1,1.0,1
وَطَعَامُ,و,طعام,,1,1.0,1
وَطَعَامُكُمْ,و,طعام,كم,1,1.0,1
مُتَّخِذِي,,متخذ,ي,1,1.0,1
حَبِطَ,,حبط,,1,1.0,1
عَمَلُهُ,,عمل,(null)|ه,1,1.0,1
قُمْتُمْ,,قم,تم,1,1.0,1
فَاغْسِلُوا,ف,ا+غسل,وا,1,1.0,1
الْمَرَافِقِ,ال,مرافق,(null),1,1.0,1
وَامْسَحُوا,و,ا+مسح,وا,1,1.0,1
بِرُءُوسِكُمْ,ب,رءوس,كم,1,1.0,1
الْكَعْبَيْنِ,ال,كعب,ين,1,1.0,1
فَاطَّهَّرُوا,ف,ا+طهر,وا,1,1.0,1
وَلِيُتِمَّ,و|ل|ي,تم,,1,1.0,1
وَمِيثَاقَهُ,و,ميثاق,ه,1,1.0,1
وَاثَقَكُمْ,,واثق,كم,1,1.0,1
اعْدِلُوا,,ا+عدل,وا,1,1.0,1
هَمَّ,,هم,,1,1.0,1
يَبْسُطُوا,ي,بسط,وا,1,1.0,1
فَكَفَّ,ف,كف,,1,1.0,1
وَبَعَثْنَا,و,بعث,نا,1,1.0,1
اثْنَيْ,,اثني,,1,1.0,1
نَقِيبَاً,,نقيب,ا,1,1.0,1
أَقَمْتُمُ,,أقام,تم,1,1.0,1
وَآتَيْتُمُ,و,آتي,تم,1,1.0,1
بِرُسُلِي,ب,رسل,ي,1,1.0,1
وَعَزَّرْتُمُوهُمْ,و,عزر+تم+و,هم,1,1.0,1
وَأَقْرَضْتُمُ,و,أقرض,تم,1,1.0,1
وَلَأُدْخِلَنَّكُمْ,و,ل+أ+دخل+ن,كم,1,1.0,1
لَعَنَّاهُمْ,,لعن,نا|هم,1,1.0,1
قَاسِيَةً,,قاسي,ة|(null),1,1.0,1
وَنَسُوا,و,نس,وا,1,1.0,1
وَلَا تَزَالُ,و|ت,لا+زال,,1,1.0,1
خَائِنَةٍ,,خائن,ة,1,1.0,1
وَاصْفَحْ,و,ا+صفح,,1,1.0,1
فَنَسُوا,ف,نس,وا,1,1.0,1
فَأَغْرَيْنَا,ف,أغري,نا,1,1.0,1
يُنَبِّئُهُمُ,ي,نبئ,هم,1,1.0,1
وَكِتَابٌ,و,كتاب,,1,1.0,1
وَيُخْرِجُهُمْ,و|ي,خرج,هم,1,1.0,1
أَبْنَاءُ,,أبناء,,1,1.0,1
وَأَحِبَّاؤُهُ,و,أحباؤ,ه,1,1.0,1
يُعَذِّبُكُمْ,ي,عذب,كم,1,1.0,1
بِذُنُوبِكُمْ,ب,ذنوب,كم,1,1.0,1
فَتْرَةٍ,,فتر,ة|(null),1,1.0,1
بَشِيرٍ,,بشير,,1,1.0,1
بَشِيرٌ,,بشير,,1,1.0,1
وَنَذِيرٌ,و,نذير,,1,1.0,1
وَجَعَلَكُمْ,و,جعل,كم,1,1.0,1
مُلُوكَاً,,ملوك,ا,1,1.0,1
الْمُقَدَّسَةَ,ال,مقدس,ة|(null),1,1.0,1
تَرْتَدُّوا,ت,رتد+وا+None,,1,1.0,1
أَدْبَارِكُمْ,,أدبار,كم,1,1.0,1
دَاخِلُونَ,,داخل,ون,1,1.0,1
رَجُلَانِ,,رجل,ان,1,1.0,1
دَخَلْتُمُوهُ,,دخل+تم+و,ه,1,1.0,1
غَالِبُونَ,,غالب,ون,1,1.0,1
فَتَوَكَّلُوا,ف,توكل,وا,1,1.0,1
مَا دَامُوا,,ما+دام+وا+None,,1,1.0,1
فَقَاتِلَا,ف,قاتل+ا+None,,1,1.0,1
قَاعِدُونَ,,قاعد,ون,1,1.0,1
فَافْرُقْ,ف,ا+فرق,,1,1.0,1
مُحَرَّمَةٌ,,محرم,ة,1,1.0,1
يَتِيهُونَ,ي,تيه,و|ن,1,1.0,1
ابْنَيْ,,ابن,ي,1,1.0,1
قَرَّبَا,,قرب,ا,1,1.0,1
فَتُقُبِّلَ,,ف+تقبل,,1,1.0,1
أَحَدِهِمَا,,أحد,(null)|هما,1,1.0,1
يُتَقَبَّلْ,ي,تقبل,,1,1.0,1
الْآخَرِ,ال,آخر,(null),1,1.0,1
لَأَقْتُلَنَّكَ,,ل+أ+قتل+ن,ك,1,1.0,1
يَتَقَبَّلُ,ي,تقبل,,1,1.0,1
بَسَطْتَ,,بسط,ت,1,1.0,1
لِتَقْتُلَنِي,ل|ت,قتل+ن,ي,1,1.0,1
بِبَاسِطٍ,ب,باسط,,1,1.0,1
يَدِيَ,,يد,ي,1,1.0,1
لِأَقْتُلَكَ,ل|أ,قتل,ك,1,1.0,1
تَبُوءَ,ت,بوء,,1,1.0,1
بِإِثْمِي,ب,إثم,ي,1,1.0,1
وَإِثْمِكَ,و,إثم,ك,1,1.0,1
فَطَوَّعَتْ,ف,طوع,ت,1,1.0,1
غُرَابَاً,,غراب,ا,1,1.0,1
يَبْحَثُ,ي,بحث,,1,1.0,1
لِيُرِيَهُ,ل|ي,ري,ه,1,1.0,1
يَاوَيْلَتَا,يا,ويل,ت|ا,1,1.0,1
أَعَجَزْتُ,أ,عجز,ت,1,1.0,1
الْغُرَابِ,ال,غراب,,1,1.0,1
فَأُوَارِيَ,ف|أ,واري,,1,1.0,1
النَّادِمِينَ,ال,نادم,ين,1,1.0,1
أَجْلِ,,أجل,(null),1,1.0,1
فَسَادٍ,,فساد,,1,1.0,1
أَحْيَا,,أحيا,,1,1.0,1
لَمُسْرِفُونَ,,ل+مسرف,ون,1,1.0,1
يُحَارِبُونَ,ي,حارب,ون,1,1.0,1
يُقَتَّلُوا,ي,قتل,وا,1,1.0,1
يُصَلَّبُوا,ي,صلب,وا,1,1.0,1
تُقَطَّعَ,ت,قطع,,1,1.0,1
يُنْفَوْا,ي,نف,وا,1,1.0,1
لِيَفْتَدُوا,ل|ي,فتد+وا+None,,1,1.0,1
تُقُبِّلَ,,تقبل,,1,1.0,1
وَالسَّارِقُ,و|ال,سارق,,1,1.0,1
وَالسَّارِقَةُ,و|ال,سارق,ة,1,1.0,1
فَاقْطَعُوا,ف,ا+قطع,وا,1,1.0,1
أَيْدِيَهُمَا,,أيدي,هما,1,1.0,1
كَسَبَا,,كسب,ا,1,1.0,1
تُؤْتَوْهُ,ت,ؤت,و|ه,1,1.0,1
فَاحْذَرُوا,ف,ا+حذر,وا,1,1.0,1
فِتْنَتَهُ,,فتن,ت|ه,1,1.0,1
تَمْلِكَ,ت,ملك,,1,1.0,1
يُطَهِّرَ,ي,طهر,,1,1.0,1
أَكَّالُونَ,,أكال,ون,1,1.0,1
لِلسُّحْتِ,ل|ال,سحت,,1,1.0,1
تُعْرِضْ,ت,عرض,,1,1.0,1
يَضُرُّوكَ,ي,ضر,و|ك,1,1.0,1
حَكَمْتَ,,حكم,ت,1,1.0,1
يُحَكِّمُونَكَ,ي,حكم+ون+ك+None+None,,1,1.0,1
وَعِنْدَهُمُ,و,عند+هم+None+None,,1,1.0,1
وَالرَّبَّانِيُّونَ,و|ال,ربان+ي,ون,1,1.0,1
اسْتُحْفِظُوا,,استحفظ,وا,1,1.0,1
تَخْشَوُا,ت,خش+وا+None,,1,1.0,1
وَالْعَيْنَ,و|ال,عين,,1,1.0,1
بِالْعَيْنِ,ب|ال,عين,,1,1.0,1
وَالْأَنْفَ,و|ال,أنف,,1,1.0,1
بِالْأَنْفِ,ب|ال,أنف,,1,1.0,1
وَالْأُذُنَ,و|ال,أذن,,1,1.0,1
بِالْأُذُنِ,ب|ال,أذن,,1,1.0,1
وَالسِّنَّ,و|ال,سن,,1,1.0,1
بِالسِّنِّ,ب|ال,سن,,1,1.0,1
وَالْجُرُوحَ,ال,جروح+None,,1,1.0,1
تَصَدَّقَ,,تصدق,,1,1.0,1
وَلْيَحْكُمْ,و|ل|ي,حكم,,1,1.0,1
وَمُهَيْمِنَاً,و,مهيمن,ا,1,1.0,1
شِرْعَةً,,شرع,ة,1,1.0,1
وَمِنْهَاجَاً,و,منهاج,ا,1,1.0,1
وَاحْذَرْهُمْ,و,احذر,هم,1,1.0,1
يَفْتِنُوكَ,ي,فتن,و|ك,1,1.0,1
ذُنُوبِهِمْ,,ذنوب,هم,1,1.0,1
لَفَاسِقُونَ,,ل+فاسق,ون,1,1.0,1
أَفَحُكْمَ,أ,ف+حكم,,1,1.0,1
نَخْشَى,ن,خشى,,1,1.0,1
تُصِيبَنَا,ت,صيب,نا,1,1.0,1
دَائِرَةٌ,,دائر,ة|(null),1,1.0,1
بِالْفَتْحِ,ب|ال,فتح,,1,1.0,1
فَيُصْبِحُوا,ف|ي,صبح,وا,1,1.0,1
أَسَرُّوا,,أسر,وا,1,1.0,1
لَمَعَكُمْ,,ل+مع,كم,1,1.0,1
يُحِبُّهُمْ,ي,حب,هم,1,1.0,1
وَيُحِبُّونَهُ,و|ي,حب+ون+ه+None+None,,1,1.0,1
أَذِلَّةٍ,,أذل,ة,1,1.0,1
أَعِزَّةٍ,,أعز,ة,1,1.0,1
يُجَاهِدُونَ,ي,جاهد,ون,1,1.0,1
لَوْمَةَ,,لوم,ة,1,1.0,1
لَائِمٍ,,لائم,(null),1,1.0,1
وَلِيُّكُمُ,,ولي,كم,1,1.0,1
رَاكِعُونَ,,راكع,ون,1,1.0,1
نَادَيْتُمْ,,نادي,تم,1,1.0,1
اتَّخَذُوهَا,,اتخذ,و|ها,1,1.0,1
تَنْقِمُونَ,ت,نقم,ون,1,1.0,1
مَثُوبَةً,,مثوب,ة,1,1.0,1
الْقِرَدَةَ,ال,قرد,ة,1,1.0,1
وَالْخَنَازِيرَ,و|ال,خنازير,,1,1.0,1
وَعَبَدَ,و,عبد,,1,1.0,1
يَنْهَاهُمُ,ي,نها+هم+None,,1,1.0,1
الرَّبَّانِيُّونَ,ال,ربان+ي,ون,1,1.0,1
قَوْلِهِمُ,,قول,(null)|هم,1,1.0,1
مَغْلُولَةٌ,,مغلول,ة,1,1.0,1
غُلَّتْ,,غل,ت,1,1.0,1
وَلُعِنُوا,و,لعن,وا,1,1.0,1
مَبْسُوطَتَانِ,,مبسوط,ت|ان,1,1.0,1
أَوْقَدُوا,,أوقد,وا,1,1.0,1
لِلْحَرْبِ,ل|ال,حرب,,1,1.0,1
أَطْفَأَهَا,,أطفأ,ها,1,1.0,1
لَكَفَّرْنَا,,ل+كفر,نا,1,1.0,1
وَلَأَدْخَلْنَاهُمْ,و,ل+أدخل,نا|هم,1,1.0,1
لَأَكَلُوا,ل,أكل,وا,1,1.0,1
مُقْتَصِدَةٌ,,مقتصد,ة,1,1.0,1
بَلِّغْ,,بلغ,,1,1.0,1
تَفْعَلْ,ت,فعل,,1,1.0,1
بَلَّغْتَ,,بلغ,ت,1,1.0,1
يَعْصِمُكَ,ي,عصم,ك,1,1.0,1
تُقِيمُوا,ت,قيم,وا,1,1.0,1
وَالصَّابِئُونَ,و|ال,صابئ,ون,1,1.0,1
وَحَسِبُوا,و,حسب,وا,1,1.0,1
فَعَمُوا,ف,عم,وا,1,1.0,1
عَمُوا,,عم,وا,1,1.0,1
ثَالِثُ,,ثالث,,1,1.0,1
لَيَمَسَّنَّ,,ل+ي+مس+ن,,1,1.0,1
وَيَسْتَغْفِرُونَهُ,و|ي,ستغفر+ون+ه+None+None,,1,1.0,1
وَأُمُّهُ,و,أم+ه+None+None,,1,1.0,1
صِدِّيقَةٌ,,صديق,ة|(null),1,1.0,1
يَأْكُلَانِ,ي,أكل+ان+None+None,,1,1.0,1
نُبَيِّنُ,ن,بين,,1,1.0,1
وَأَضَلُّوا,و,أضل,وا,1,1.0,1
وَضَلُّوا,و,ضل,وا,1,1.0,1
لُعِنَ,,لعن,,1,1.0,1
لِسَانِ,,لسان,(null),1,1.0,1
يَتَنَاهَوْنَ,ي,تناه,ون,1,1.0,1
مُنْكَرٍ,,منكر,,1,1.0,1
سَخِطَ,,سخط,,1,1.0,1
وَالنَّبِيِّ,و|ال,نبي,,1,1.0,1
اتَّخَذُوهُمْ,,اتخذ,و|هم,1,1.0,1
لَتَجِدَنَّ,,ل+ت+جد+ن,,1,1.0,1
عَدَاوَةً,,عداو,ة,1,1.0,1
وَلَتَجِدَنَّ,و,ل+ت+جد+ن,,1,1.0,1
أَقْرَبَهُمْ,,أقرب,هم,1,1.0,1
قِسِّيسِينَ,,قسيس,ين,1,1.0,1
وَرُهْبَانَاً,و,رهبان,ا,1,1.0,1
وَنَطْمَعُ,و|ن,طمع,,1,1.0,1
يُدْخِلَنَا,ي,دخل,نا,1,1.0,1
فَأَثَابَهُمُ,ف|أ,ثاب,هم,1,1.0,1
تُحَرِّمُوا,ت,حرم,وا,1,1.0,1
عَقَّدْتُمُ,,عقد,تم,1,1.0,1
فَكَفَّارَتُهُ,ف,كفار,ت|ه,1,1.0,1
إِطْعَامُ,,إطعام,(null),1,1.0,1
عَشَرَةِ,,عشر,ة,1,1.0,1
أَوْسَطِ,,أوسط,,1,1.0,1
تُطْعِمُونَ,ت,طعم,ون,1,1.0,1
أَهْلِيكُمْ,,أهل,ي|كم,1,1.0,1
كِسْوَتُهُمْ,,كسو,ت|هم,1,1.0,1
تَحْرِيرُ,,تحرير,(null),1,1.0,1
كَفَّارَةُ,,كفار,ة,1,1.0,1
حَلَفْتُمْ,,حلف,تم,1,1.0,1
وَاحْفَظُوا,و,ا+حفظ,وا,1,1.0,1
الْخَمْرُ,ال,خمر,,1,1.0,1
وَالْمَيْسِرُ,و|ال,ميسر,,1,1.0,1
وَالْأَنْصَابُ,و|ال,أنصاب,,1,1.0,1
وَالْأَزْلَامُ,و|ال,أزلام,,1,1.0,1
فَاجْتَنِبُوهُ,ف,ا+جتنب,و|ه,1,1.0,1
يُوقِعَ,ي,وقع,,1,1.0,1
وَيَصُدَّكُمْ,و|ي,صد,كم,1,1.0,1
مُنْتَهُونَ,,منته,ون,1,1.0,1
وَاحْذَرُوا,و,ا+حذر,وا,1,1.0,1
طَعِمُوا,,طعم,وا,1,1.0,1
وَأَحْسَنُوا,و,أحسن,وا,1,1.0,1
لَيَبْلُوَنَّكُمُ,,ل+ي+بل+و+ن,كم,1,1.0,1
تَنَالُهُ,ت,نال,ه,1,1.0,1
وَرِمَاحُكُمْ,و,رماح,كم,1,1.0,1
يَخَافُهُ,ي,خاف,ه,1,1.0,1
الصَّيْدَ,ال,صيد,(null),1,1.0,1
قَتَلَهُ,,قتل,ه,1,1.0,1
فَجَزَاءٌ,ف,جزاء,,1,1.0,1
النَّعَمِ,ال,نعم,,1,1.0,1
هَدْيَاً,,هدي,ا,1,1.0,1
بَالِغَ,,بالغ,,1,1.0,1
الْكَعْبَةِ,ال,كعب,ة,1,1.0,1
عَدْلُ,,عدل,,1,1.0,1
صِيَامَاً,,صيام,ا,1,1.0,1
لِيَذُوقَ,ل|ي,ذوق,,1,1.0,1
فَيَنْتَقِمُ,ف|ي,نتقم,,1,1.0,1
وَطَعَامُهُ,و,طعام,ه,1,1.0,1
وَلِلسَّيَّارَةِ,و|ل|ال,سيار,ة,1,1.0,1
مَا دُمْتُمْ,,ما+دم+تم+None,,1,1.0,1
حُرُمَاً,,حرم,ا,1,1.0,1
الْكَعْبَةَ,ال,كعب,ة,1,1.0,1
وَالشَّهْرَ,و|ال,شهر,,1,1.0,1
وَالْقَلَائِدَ,و|ال,قلائد,,1,1.0,1
الْخَبِيثُ,ال,خبيث,,1,1.0,1
وَالطَّيِّبُ,و|ال,طيب,,1,1.0,1
كَثْرَةُ,,كثر,ة|(null),1,1.0,1
الْخَبِيثِ,ال,خبيث,,1,1.0,1
أَشْيَاءَ,,أشياء,,1,1.0,1
تَسُؤْكُمْ,ت,سؤ,كم,1,1.0,1
يُنَزَّلُ,ي,نزل,,1,1.0,1
سَأَلَهَا,,سأل,ها,1,1.0,1
أَصْبَحُوا,,أصبح,وا,1,1.0,1
بَحِيرَةٍ,,بحير,ة,1,1.0,1
سَائِبَةٍ,,سائب,ة,1,1.0,1
وَصِيلَةٍ,,وصيل,ة,1,1.0,1
حَامٍ,,حام,,1,1.0,1
اهْتَدَيْتُمْ,,اهتدي,تم,1,1.0,1
شَهَادَةُ,,شهاد,ة|(null),1,1.0,1
الْوَصِيَّةِ,ال,وصي,ة,1,1.0,1
اثْنَانِ,,اثنان,,1,1.0,1
آخَرَانِ,,آخر,ان,1,1.0,1
غَيْرِكُمْ,,غير,كم,1,1.0,1
فَأَصَابَتْكُمْ,ف,أصاب,ت|كم,1,1.0,1
مُصِيبَةُ,,مصيب,ة,1,1.0,1
تَحْبِسُونَهُمَا,ت,حبس+ون+هما+None+None,,1,1.0,1
نَشْتَرِي,ن,شتري,,1,1.0,1
نَكْتُمُ,ن,كتم,,1,1.0,1
شَهَادَةَ,,شهاد,ة|(null),1,1.0,1
الْآثِمِينَ,ال,آثم,ين,1,1.0,1
عُثِرَ,,عثر,(null),1,1.0,1
اسْتَحَقَّا,,استحق,ا,1,1.0,1
فَآخَرَانِ,ف,آخر,ان,1,1.0,1
يَقُومَانِ,ي,قوم,ان,1,1.0,1
مَقَامَهُمَا,,مقام,هما,1,1.0,1
اسْتَحَقَّ,,استحق,,1,1.0,1
الْأَوْلَيَانِ,ال,أولي,ان,1,1.0,1
لَشَهَادَتُنَا,,ل+شهاد,ت|نا,1,1.0,1
شَهَادَتِهِمَا,,شهاد,ت|هما,1,1.0,1
اعْتَدَيْنَا,,اعتدي,نا,1,1.0,1
بِالشَّهَادَةِ,ب|ال,شهاد,ة,1,1.0,1
وَجْهِهَا,,وجه,ها,1,1.0,1
يَخَافُوا,ي,خاف,وا,1,1.0,1
تُرَدَّ,ت,رد,,1,1.0,1
أُجِبْتُمْ,,أجب,تم,1,1.0,1
اذْكُرْ,,ا+ذكر,,1,1.0,1
وَالِدَتِكَ,,والد,ت|ك,1,1.0,1
أَيَّدْتُكَ,,أيد,ت|ك,1,1.0,1
تُكَلِّمُ,ت,كلم,,1,1.0,1
عَلَّمْتُكَ,,علم,ت|ك,1,1.0,1
تَخْلُقُ,ت,خلق,,1,1.0,1
فَتَنْفُخُ,ف|ت,نفخ,,1,1.0,1
فَتَكُونُ,ف|ت,كون,,1,1.0,1
وَتُبْرِئُ,و|ت,برئ,,1,1.0,1
تُخْرِجُ,ت,خرج,,1,1.0,1
كَفَفْتُ,,كفف,ت,1,1.0,1
أَوْحَيْتُ,,أوحي,ت,1,1.0,1
الْحَوَارِيِّينَ,ال,حوار+ي,ين,1,1.0,1
وَبِرَسُولِي,و|ب,رسول,ي,1,1.0,1
بِأَنَّنَا,ب,أن,ن,1,1.0,1
نَأْكُلَ,ن,أكل,,1,1.0,1
وَتَطْمَئِنَّ,و|ت,طمئن,,1,1.0,1
وَنَعْلَمَ,و|ن,علم,,1,1.0,1
صَدَقْتَنَا,,صدق,ت|نا,1,1.0,1
أَنْزِلْ,,أ+نزل,,1,1.0,1
عِيدَاً,,عيد,ا,1,1.0,1
لِأَوَّلِنَا,ل,أول,نا,1,1.0,1
وَآخِرِنَا,و,آخر,نا,1,1.0,1
وَآيَةً,و,آي,ة,1,1.0,1
وَارْزُقْنَا,و,ا+رزق,نا,1,1.0,1
مُنَزِّلُهَا,,منزل,(null)|ها,1,1.0,1
اتَّخِذُونِي,,ا+اتخذ+و+ن,ي,1,1.0,1
وَأُمِّيَ,و,أم,ي,1,1.0,1
بِحَقٍّ,ب,حق,,1,1.0,1
قُلْتُهُ,,قل,ت|ه,1,1.0,1
عَلِمْتَهُ,,علم,ت|ه,1,1.0,1
قُلْتُ,,قل,ت,1,1.0,1
أَمَرْتَنِي,,أمر+ت+ن,ي,1,1.0,1
مَا دمتُ,,ما+دم,ت,1,1.0,1
تَوَفَّيْتَنِي,,توفي+ت+ن,ي,1,1.0,1
الرَّقِيبَ,ال,رقيب,,1,1.0,1
عِبَادُكَ,,عباد,ك,1,1.0,1
صِدْقُهُمْ,,صدق,هم,1,1.0,1
وَالنُّورَ,و|ال,نور,,1,1.0,1
سِرَّكُمْ,,سر,كم,1,1.0,1
وَجَهْرَكُمْ,و,جهر,كم,1,1.0,1
قِرْطَاسٍ,,قرطاس,,1,1.0,1
فَلَمَسُوهُ,ف,لمس,و|ه,1,1.0,1
لَقَالَ,,ل+قال,,1,1.0,1
وَلَلَبَسْنَا,و,ل+لبس,نا,1,1.0,1
يَلْبِسُونَ,ي,لبس,ون,1,1.0,1
سَكَنَ,,سكن,,1,1.0,1
أَتَّخِذُ,أ,تخذ,,1,1.0,1
يُطْعِمُ,ي,طعم,,1,1.0,1
يُطْعَمُ,ي,طعم,,1,1.0,1
يُصْرَفْ,ي,صرف,,1,1.0,1
رَحِمَهُ,,رحم,ه,1,1.0,1
لِأُنْذِرَكُمْ,ل|أ,نذر,كم,1,1.0,1
لَتَشْهَدُونَ,,ل+ت+شهد+ون+None+None,,1,1.0,1
أَشْهَدُ,أ,شهد,,1,1.0,1
وَإِنَّنِي,و,إن+ن+ي,,1,1.0,1
أَبْنَاءَهُمُ,,أبناء,(null)|هم,1,1.0,1
شُرَكَاؤُكُمُ,,شركاؤ,كم,1,1.0,1
فِتْنَتُهُمْ,,فتن,ة|هم,1,1.0,1
وَاللَّهِ,و|ال,له,,1,1.0,1
وَيَنْأَوْنَ,و|ي,نأ+ون+None+None,,1,1.0,1
نُكَذِّبَ,ن,كذب,,1,1.0,1
لَعَادُوا,,ل+عاد,وا,1,1.0,1
يَاحَسْرَتَنَا,يا,حسر,ت|نا,1,1.0,1
وَلَلدَّارُ,,و+ل+ال+دار,,1,1.0,1
لَيَحْزُنُكَ,,ل+ي+حزن,ك,1,1.0,1
يُكَذِّبُونَكَ,ي,كذب+ون+ك+None+None,,1,1.0,1
فَصَبَرُوا,ف,صبر,وا,1,1.0,1
كُذِّبُوا,,كذب,وا,1,1.0,1
إِعْرَاضُهُمْ,,إعراض,هم,1,1.0,1
تَبْتَغِيَ,ت,بتغي,,1,1.0,1
نَفَقَاً,,نفق,ا,1,1.0,1
سُلَّمَاً,,سلم,ا,1,1.0,1
فَتَأْتِيَهُمْ,ف|ت,أتي,هم,1,1.0,1
لَجَمَعَهُمْ,,ل+جمع,هم,1,1.0,1
وَالْمَوْتَى,و|ال,موتى,,1,1.0,1
طَائِرٍ,,طائر,,1,1.0,1
يَطِيرُ,ي,طير,,1,1.0,1
بِجَنَاحَيْهِ,ب,جناح,ي|ه,1,1.0,1
وَبُكْمٌ,و,بكم,,1,1.0,1
يُضْلِلْهُ,ي,ضلل,ه,1,1.0,1
يَجْعَلْهُ,ي,جعل,ه,1,1.0,1
أَتَتْكُمُ,,أت,ت|كم,1,1.0,1
فَيَكْشِفُ,ف|ي,كشف,,1,1.0,1
تَضَرَّعُوا,,تضرع,وا,1,1.0,1
فَقُطِعَ,ف,قطع,,1,1.0,1
دَابِرُ,,دابر,(null),1,1.0,1
سَمْعَكُمْ,,سمع,كم,1,1.0,1
وَأَبْصَارَكُمْ,و,أبصار,كم,1,1.0,1
يُحْشَرُوا,ي,حشر+وا+None,,1,1.0,1
تَطْرُدِ,ت,طرد,,1,1.0,1
حِسَابِكَ,,حساب,ك,1,1.0,1
فَتَطْرُدَهُمْ,ف|ت,طرد,هم,1,1.0,1
لِيَقُولُوا,ل|ي,قول,وا,1,1.0,1
بِالشَّاكِرِينَ,ب|ال,شاكر,ين,1,1.0,1
وَلِتَسْتَبِينَ,و|ل|ت,ستبين,,1,1.0,1
سَبِيلُ,,سبيل,,1,1.0,1
أَهْوَاءَكُمْ,,أهواء,كم,1,1.0,1
وَكَذَّبْتُمْ,و,كذب,تم,1,1.0,1
الْفَاصِلِينَ,ال,فاصل,ين,1,1.0,1
مَفَاتِحُ,,مفاتح,,1,1.0,1
تَسْقُطُ,ت,سقط,,1,1.0,1
وَرَقَةٍ,,ورق,ة|(null),1,1.0,1
رَطْبٍ,,رطب,,1,1.0,1
يَابِسٍ,,يابس,,1,1.0,1
جَرَحْتُمْ,,جرح,تم,1,1.0,1
يَبْعَثُكُمْ,ي,بعث,كم,1,1.0,1
لِيُقْضَى,ل|ي,قضى,,1,1.0,1
حَفَظَةً,,حفظ,ة,1,1.0,1
تَوَفَّتْهُ,,توف,ت|ه,1,1.0,1
يُفَرِّطُونَ,ي,فرط,ون,1,1.0,1
الْحَاسِبِينَ,ال,حاسب,ين,1,1.0,1
تَدْعُونَهُ,ت,دع+ون+ه+None+None,,1,1.0,1
أَنْجَانَا,,أنجا,نا,1,1.0,1
كَرْبٍ,,كرب,,1,1.0,1
الْقَادِرُ,ال,قادر,,1,1.0,1
أَرْجُلِكُمْ,,أرجل,كم,1,1.0,1
يَلْبِسَكُمْ,ي,لبس,كم,1,1.0,1
وَيُذِيقَ,و|ي,ذيق,,1,1.0,1
لَسْتُ,,لس,ت,1,1.0,1
نَبَإٍ,,نبإ,,1,1.0,1
يَخُوضُونَ,ي,خوض,ون,1,1.0,1
يُنْسِيَنَّكَ,ي,نسي+ن,ك,1,1.0,1
تَقْعُدْ,ت,قعد,,1,1.0,1
وَذَرِ,و,ذر,,1,1.0,1
لَعِبَاً,,لعب,ا,1,1.0,1
وَلَهْوَاً,و,لهو,ا,1,1.0,1
تُبْسَلَ,ت,بسل,,1,1.0,1
تَعْدِلْ,ت,عدل,,1,1.0,1
أُبْسِلُوا,,أبسل,وا,1,1.0,1
أَنَدْعُو,أ|ن,دعو,,1,1.0,1
يَنْفَعُنَا,ي,نفع,نا,1,1.0,1
يَضُرُّنَا,ي,ضر,نا,1,1.0,1
وَنُرَدُّ,و|ن,رد,,1,1.0,1
أَعْقَابِنَا,,أعقاب,نا,1,1.0,1
اسْتَهْوَتْهُ,,استهو,ت|ه,1,1.0,1
حَيْرَانَ,,حيران,,1,1.0,1
أَصْحَابٌ,,أصحاب,(null),1,1.0,1
يَدْعُونَهُ,ي,دع+ون+ه+None+None,,1,1.0,1
وَأُمِرْنَا,و,أمر+نا+None+None,,1,1.0,1
لِنُسْلِمَ,,ل+ن+سلم,,1,1.0,1
آزَرَ,,آزر,,1,1.0,1
أَتَتَّخِذُ,أ|ت,تخذ,,1,1.0,1
وَقَوْمَكَ,و,قوم+ك+None,,1,1.0,1
نُرِي,ن,ري,,1,1.0,1
مَلَكُوتَ,,ملكوت,,1,1.0,1
وَلِيَكُونَ,و|ل|ي,كون,,1,1.0,1
الْمُوقِنِينَ,ال,موقن,ين,1,1.0,1
جَنَّ,,جن,,1,1.0,1
أُحِبُّ,أ,حب,,1,1.0,1
الْآفِلِينَ,ال,آفل,ين,1,1.0,1
بَازِغَاً,,بازغ,ا,1,1.0,1
يَهْدِنِي,ي,هد+ن,ي,1,1.0,1
لَأَكُونَنَّ,,ل+أ+كون+ن,,1,1.0,1
بَازِغَةً,,بازغ,ة,1,1.0,1
أَفَلَتْ,,أفل,ت,1,1.0,1
وَجَّهْتُ,,وجه,ت,1,1.0,1
وَحَاجَّهُ,و,حاج,ه,1,1.0,1
أَتُحَاجُّونِّي,أ|ت,حاج+و+ن+ي+None,,1,1.0,1
هَدَانِ,,هدا+ن+None+None,,1,1.0,1
فَأَيُّ,ف,أي,,1,1.0,1
بِالْأَمْنِ,ب|ال,أمن,,1,1.0,1
يَلْبِسُوا,ي,لبس+وا+None,,1,1.0,1
إِيمَانَهُمْ,,إيمان,هم,1,1.0,1
الْأَمْنُ,ال,أمن,,1,1.0,1
حُجَّتُنَا,,حج,ت|نا,1,1.0,1
آتَيْنَاهَا,,آتي,نا|ها,1,1.0,1
وَيُوسُفَ,و,يوسف,,1,1.0,1
وَإِلْيَاسَ,و,إلياس,,1,1.0,1
وَإِخْوَانِهِمْ,و,إخوان,هم,1,1.0,1
وَاجْتَبَيْنَاهُمْ,و,اجتبي,نا|هم,1,1.0,1
وَهَدَيْنَاهُمْ,و,هدي,نا|هم,1,1.0,1
لَحَبِطَ,,ل+حبط,,1,1.0,1
وَكَّلْنَا,و,كل,نا,1,1.0,1
بِكَافِرِينَ,ب,كافر,ين,1,1.0,1
فَبِهُدَاهُمُ,ف|ب,هدا+هم+None,,1,1.0,1
اقْتَدِهْ,,اقتد,ه,1,1.0,1
بَشَرٍ,,بشر,,1,1.0,1
تَجْعَلُونَهُ,ت,جعل+ون+ه+None+None,,1,1.0,1
قَرَاطِيسَ,,قراطيس,,1,1.0,1
تُبْدُونَهَا,ت,بد+ون+ها+None+None,,1,1.0,1
وَتُخْفُونَ,و|ت,خف+ون+None+None,,1,1.0,1
وَعُلِّمْتُمْ,و,علم+تم+None+None,,1,1.0,1
خَوْضِهِمْ,,خوض,هم,1,1.0,1
مُصَدِّقُ,,مصدق,,1,1.0,1
وَلِتُنْذِرَ,و|ل|ت,نذر,,1,1.0,1
يُوحَ,ي,وح,,1,1.0,1
سَأُنْزِلُ,س|أ,نزل,(null),1,1.0,1
غَمَرَاتِ,,غمر,ات,1,1.0,1
بَاسِطُو,,باسط,و,1,1.0,1
أَنْفُسَكُمُ,,أنفس,كم,1,1.0,1
فُرَادَى,,فرادى,,1,1.0,1
وَتَرَكْتُمْ,و,ترك,تم,1,1.0,1
خَوَّلْنَاكُمْ,,خول,نا|كم,1,1.0,1
ظُهُورِكُمْ,,ظهور,كم,1,1.0,1
شُفَعَاءَكُمُ,,شفعاء,كم,1,1.0,1
الْحَبِّ,ال,حب,,1,1.0,1
وَالنَّوَى,و|ال,نوى,,1,1.0,1
وَمُخْرِجُ,و,مخرج,(null),1,1.0,1
الْإِصْبَاحِ,ال,إصباح,,1,1.0,1
النُّجُومَ,ال,نجوم,(null),1,1.0,1
لِتَهْتَدُوا,ل|ت,هتد,وا,1,1.0,1
فَمُسْتَقَرٌّ,ف,مستقر,,1,1.0,1
وَمُسْتَوْدَعٌ,و,مستودع,,1,1.0,1
نَبَاتَ,,نبات,,1,1.0,1
خَضِرَاً,,خضر,ا,1,1.0,1
مُتَرَاكِبَاً,,متراكب,ا,1,1.0,1
طَلْعِهَا,,طلع,ها,1,1.0,1
قِنْوَانٌ,,قنوان,,1,1.0,1
مُشْتَبِهَاً,,مشتبه,ا,1,1.0,1
وَيَنْعِهِ,و,ينع,ه,1,1.0,1
وَخَلَقَهُمْ,و,خلق,هم,1,1.0,1
وَخَرَقُوا,و,خرق,وا,1,1.0,1
وَبَنَاتٍ,و,بن,ات,1,1.0,1
صَاحِبَةٌ,,صاحب,ة|(null),1,1.0,1
تُدْرِكُهُ,ت,درك,ه,1,1.0,1
يُدْرِكُ,ي,درك,,1,1.0,1
الْأَبْصَارَ,ال,أبصار,,1,1.0,1
أَبْصَرَ,,أبصر,,1,1.0,1
عَمِيَ,,عمي,,1,1.0,1
وَلِيَقُولُوا,و,ل+ي+قول,وا,1,1.0,1
دَرَسْتَ,,درس,ت,1,1.0,1
وَلِنُبَيِّنَهُ,و|ل|ن,بين,ه,1,1.0,1
تَسُبُّوا,ت,سب+وا+None,,1,1.0,1
فَيَسُبُّوا,ف|ي,سب,وا,1,1.0,1
عَدْوَاً,,عدو,ا,1,1.0,1
عَمَلَهُمْ,,عمل,هم,1,1.0,1
لَيُؤْمِنُنَّ,,ل+ي+ؤمن+ن+None+None,,1,1.0,1
يُشْعِرُكُمْ,ي,شعر,كم,1,1.0,1
وَنُقَلِّبُ,و|ن,قلب,,1,1.0,1
أَفْئِدَتَهُمْ,,أفئد,ت|هم,1,1.0,1
وَأَبْصَارَهُمْ,و,أبصار,هم,1,1.0,1
وَنَذَرُهُمْ,و|ن,ذر,هم,1,1.0,1
أَنَّنَا,,أن,نا,1,1.0,1
وَكَلَّمَهُمُ,و,كلم,هم,1,1.0,1
وَحَشَرْنَا,و,حشر,نا,1,1.0,1
يَجْهَلُونَ,ي,جهل,ون,1,1.0,1
شَيَاطِينَ,,شياطين,,1,1.0,1
وَالْجِنِّ,و|ال,جن,,1,1.0,1
زُخْرُفَ,,زخرف,,1,1.0,1
وَلِتَصْغَى,و|ل|ت,صغى,,1,1.0,1
أَفْئِدَةُ,,أفئد,ة,1,1.0,1
وَلِيَرْضَوْهُ,و|ل|ي,رضى+و+ه+None,,1,1.0,1
وَلِيَقْتَرِفُوا,و|ل|ي,قترف,وا,1,1.0,1
مُقْتَرِفُونَ,,مقترف,ون,1,1.0,1
أَبْتَغِي,أ,بتغي,,1,1.0,1
مُفَصَّلَاً,,مفصل,ا,1,1.0,1
مُنَزَّلٌ,,منزل,,1,1.0,1
صِدْقَاً,,صدق,ا,1,1.0,1
وَعَدْلَاً,و,عدل,ا,1,1.0,1
فَصَّلَ,,فصل,,1,1.0,1
اضْطُرِرْتُمْ,,اضطرر,تم,1,1.0,1
لَيُضِلُّونَ,,ل+ي+ضل+ون+None+None,,1,1.0,1
بِأَهْوَائِهِمْ,ب,أهوائ+هم+None+None,,1,1.0,1
بِالْمُعْتَدِينَ,ب|ال,معتد,ين,1,1.0,1
ظَاهِرَ,,ظاهر,,1,1.0,1
وَبَاطِنَهُ,و,باطن,ه,1,1.0,1
يَقْتَرِفُونَ,ي,قترف,ون,1,1.0,1
يُذْكَرِ,ي,ذكر,,1,1.0,1
لَفِسْقٌ,,ل+فسق,,1,1.0,1
لَيُوحُونَ,,ل+ي+وح+ون+None+None,,1,1.0,1
أَوْلِيَائِهِمْ,,أوليائ,هم,1,1.0,1
لِيُجَادِلُوكُمْ,ل|ي,جادل,و|كم,1,1.0,1
أَطَعْتُمُوهُمْ,,أطع+تم+و,هم,1,1.0,1
لَمُشْرِكُونَ,,ل+مشرك,ون,1,1.0,1
فَأَحْيَيْنَاهُ,ف|أ,حيي,نا|ه,1,1.0,1
مَثَلُهُ,,مثل,(null)|ه,1,1.0,1
بِخَارِجٍ,ب,خارج,,1,1.0,1
أَكَابِرَ,,أكابر,(null),1,1.0,1
مُجْرِمِيهَا,,مجرم,ي|ها,1,1.0,1
لِيَمْكُرُوا,ل|ي,مكر,وا,1,1.0,1
نُؤْتَى,ن,ؤتى,,1,1.0,1
صَغَارٌ,,صغار,(null),1,1.0,1
يَهْدِيَهُ,ي,هدي,ه,1,1.0,1
يَشْرَحْ,ي,شرح,,1,1.0,1
يُضِلَّهُ,ي,ضل,ه,1,1.0,1
يَصَّعَّدُ,ي,صعد,,1,1.0,1
صِرَاطُ,,صراط,,1,1.0,1
وَلِيُّهُمْ,,ولي,هم,1,1.0,1
اسْتَكْثَرْتُمْ,,استكثر,تم,1,1.0,1
أَوْلِيَاؤُهُمْ,,أولياؤ,هم,1,1.0,1
وَبَلَغْنَا,و,بلغ,نا,1,1.0,1
أَجَلَنَا,,أجل,نا,1,1.0,1
أَجَّلْتَ,,أجل,ت,1,1.0,1
مَثْوَاكُمْ,,مثوا,كم,1,1.0,1
نُوَلِّي,ن,ولي,,1,1.0,1
أَنْفُسِنَا,,أنفس,(null)|نا,1,1.0,1
وَيَسْتَخْلِفْ,و|ي,ستخلف,,1,1.0,1
بَعْدِكُمْ,,بعد,كم,1,1.0,1
لِشُرَكَائِنَا,ل,شركائ,نا,1,1.0,1
لِشُرَكَائِهِمْ,ل,شركائ,هم,1,1.0,1
لِكَثِيرٍ,ل,كثير,,1,1.0,1
أَوْلَادِهِمْ,,أولاد,هم,1,1.0,1
لِيُرْدُوهُمْ,ل|ي,رد,و|هم,1,1.0,1
وَلِيَلْبِسُوا,و|ل|ي,لبس+وا+None,,1,1.0,1
أَنْعَامٌ,,أنعام,,1,1.0,1
وَحَرْثٌ,و,حرث,,1,1.0,1
حِجْرٌ,,حجر,,1,1.0,1
يَطْعَمُهَا,ي,طعم,ها,1,1.0,1
ظُهُورُهَا,,ظهور,(null)|ها,1,1.0,1
خَالِصَةٌ,,خالص,ة|(null),1,1.0,1
لِذُكُورِنَا,ل,ذكور,نا,1,1.0,1
وَمُحَرَّمٌ,و,محرم,,1,1.0,1
وَصْفَهُمْ,,وصف,هم,1,1.0,1
قَتَلُوا,,قتل,وا,1,1.0,1
أَوْلَادَهُمْ,,أولاد,هم,1,1.0,1
سَفَهَاً,,سفه,ا,1,1.0,1
وَحَرَّمُوا,و,حرم,وا,1,1.0,1
وَالزَّرْعَ,و|ال,زرع,,1,1.0,1
أُكُلُهُ,,أكل,ه,1,1.0,1
حَصَادِهِ,,حصاد,ه,1,1.0,1
حَمُولَةً,,حمول,ة,1,1.0,1
وَفَرْشَاً,و,فرش,ا,1,1.0,1
الضَّأْنِ,ال,ضأن,,1,1.0,1
الْمَعْزِ,ال,معز,,1,1.0,1
نَبِّئُونِي,,نبئ+و+ن,ي,1,1.0,1
وَصَّاكُمُ,,وصا,كم,1,1.0,1
مُحَرَّمَاً,,محرم,ا,1,1.0,1
طَاعِمٍ,,طاعم,,1,1.0,1
يَطْعَمُهُ,ي,طعم,ه,1,1.0,1
دَمَاً,,دم,ا,1,1.0,1
مَسْفُوحَاً,,مسفوح,ا,1,1.0,1
خِنْزِيرٍ,,خنزير,,1,1.0,1
فِسْقَاً,,فسق,ا,1,1.0,1
ظُفُرٍ,,ظفر,,1,1.0,1
وَالْغَنَمِ,و|ال,غنم,,1,1.0,1
شُحُومَهُمَا,,شحوم,هما,1,1.0,1
ظُهُورُهُمَا,,ظهور,هما,1,1.0,1
الْحَوَايَا,ال,حوايا,,1,1.0,1
اخْتَلَطَ,,اختلط,,1,1.0,1
بِعَظْمٍ,ب,عظم,,1,1.0,1
بِبَغْيِهِمْ,ب,بغي,هم,1,1.0,1
وَاسِعَةٍ,,واسع,ة,1,1.0,1
بَأْسُهُ,,بأس,ه,1,1.0,1
أَشْرَكْنَا,,أشرك,نا,1,1.0,1
فَتُخْرِجُوهُ,ف|ت,خرج,و|ه,1,1.0,1
تَخْرُصُونَ,ت,خرص,ون,1,1.0,1
الْحُجَّةُ,ال,حج,ة,1,1.0,1
الْبَالِغَةُ,ال,بالغ,ة|(null),1,1.0,1
شُهَدَاءَكُمُ,,شهداء,كم,1,1.0,1
تَشْهَدْ,ت,شهد,,1,1.0,1
أَتْلُ,أ,تل,,1,1.0,1
نَرْزُقُكُمْ,ن,رزق,كم,1,1.0,1
وَإِيَّاهُمْ,و,إيا,هم,1,1.0,1
فَاعْدِلُوا,ف,ا+عدل,وا,1,1.0,1
وَبِعَهْدِ,و|ب,عهد,,1,1.0,1
صِرَاطِي,,صراط,ي,1,1.0,1
السُّبُلَ,ال,سبل,,1,1.0,1
فَتَفَرَّقَ,ف,تفرق,,1,1.0,1
تَمَامَاً,,تمام,ا,1,1.0,1
طَائِفَتَيْنِ,,طائف,ت|ين,1,1.0,1
دِرَاسَتِهِمْ,,دراس,ت|هم,1,1.0,1
وَصَدَفَ,و,صدف,,1,1.0,1
سَنَجْزِي,,س+ن+جزي,,1,1.0,1
إِيمَانِهَا,,إيمان,ها,1,1.0,1
انْتَظِرُوا,,انتظر,وا,1,1.0,1
أَمْرُهُمْ,,أمر,هم,1,1.0,1
عَشْرُ,,عشر,,1,1.0,1
أَمْثَالِهَا,,أمثال,ها,1,1.0,1
قِيَمَاً,,قيم,ا,1,1.0,1
صَلَاتِي,,صلا,ت|ي,1,1.0,1
وَنُسُكِي,و,نسك,ي,1,1.0,1
وَمَحْيَايَ,و,محيا,ي,1,1.0,1
وَمَمَاتِي,و,ممات,ي,1,1.0,1
شَرِيكَ,,شريك,,1,1.0,1
وَبِذَلِكَ,و|ب,ذلك,,1,1.0,1
أَبْغِي,أ,بغي,,1,1.0,1
رَبَّاً,,ربا,,1,1.0,1
المص,,المص,,1,1.0,1
صَدْرِكَ,,صدر,ك,1,1.0,1
فَجَاءَهَا,ف,جاء+ها+None+None,,1,1.0,1
قَائِلُونَ,,قائل,ون,1,1.0,1
فَلَنَسْأَلَنَّ,,ف+ل+ن+سأل+ن,,1,1.0,1
وَلَنَسْأَلَنَّ,و,ل+ن+سأل+ن,,1,1.0,1
فَلَنَقُصَّنَّ,,ف+ل+ن+قص+ن,,1,1.0,1
غَائِبِينَ,,غائب,ين,1,1.0,1
وَالْوَزْنُ,و|ال,وزن,(null),1,1.0,1
صَوَّرْنَاكُمْ,,صور,نا|كم,1,1.0,1
أَمَرْتُكَ,,أمر,ت|ك,1,1.0,1
فَاهْبِطْ,,ف+ا+هبط,,1,1.0,1
تَتَكَبَّرَ,ت,تكبر,,1,1.0,1
أَنْظِرْنِي,,أنظر+ن,ي,1,1.0,1
لَأَقْعُدَنَّ,,ل+أ+قعد+ن,,1,1.0,1
صِرَاطَكَ,,صراط,ك,1,1.0,1
لَآتِيَنَّهُمْ,,ل+آ+تي+ن,هم,1,1.0,1
شَمَائِلِهِمْ,,شمائل,هم,1,1.0,1
شَاكِرِينَ,,شاكر,ين,1,1.0,1
مَذْءُومَاً,,مذءوم,ا,1,1.0,1
وَيَاآدَمُ,و,آدم+يا+None,,1,1.0,1
فَكُلَا,ف,كل,ا,1,1.0,1
لِيُبْدِيَ,ل|ي,بدي,,1,1.0,1
وُورِيَ,,ووري,,1,1.0,1
نَهَاكُمَا,,نها,كما,1,1.0,1
مَلَكَيْنِ,,ملك,ين,1,1.0,1
الْخَالِدِينَ,ال,خالد,ين,1,1.0,1
وَقَاسَمَهُمَا,و,قاسم,هما,1,1.0,1
فَدَلَّاهُمَا,ف,دلا,هما,1,1.0,1
بِغُرُورٍ,ب,غرور,,1,1.0,1
ذَاقَا,,ذاق,ا,1,1.0,1
بَدَتْ,,بد,ت,1,1.0,1
وَنَادَاهُمَا,و,نادا,هما,1,1.0,1
أَنْهَكُمَا,أ,نه,كما,1,1.0,1
تِلْكُمَا,,تلك+ما,,1,1.0,1
وَأَقُلْ,و|أ,قل,,1,1.0,1
ظَلَمْنَا,,ظلم,نا,1,1.0,1
أَنْفُسَنَا,,أنفس,(null)|نا,1,1.0,1
وَتَرْحَمْنَا,و|ت,رحم,نا,1,1.0,1
تَحْيَوْنَ,ت,حي,ون,1,1.0,1
تَمُوتُونَ,ت,موت,ون,1,1.0,1
سَوْآتِكُمْ,,سوآ,ت|كم,1,1.0,1
وَرِيشَاً,و,ريش,ا,1,1.0,1
وَلِبَاسُ,و,لباس,,1,1.0,1
يَفْتِنَنَّكُمُ,ي,فتن+ن,كم,1,1.0,1
أَبَوَيْكُمْ,,أبو,ي|كم,1,1.0,1
يَنْزِعُ,ي,نزع,,1,1.0,1
لِبَاسَهُمَا,,لباس,هما,1,1.0,1
لِيُرِيَهُمَا,,ل+ي+ري,هما,1,1.0,1
وَقَبِيلُهُ,و,قبيل+ه+None,,1,1.0,1
تَرَوْنَهُمْ,ت,ر+ون+هم+None+None,,1,1.0,1
أَمَرَنَا,,أمر,نا,1,1.0,1
بَدَأَكُمْ,,بدأ,كم,1,1.0,1
تَعُودُونَ,ت,عود,ون,1,1.0,1
إِنَّهُمُ,,إن,هم,1,1.0,1
زِينَتَكُمْ,,زين,ت|كم,1,1.0,1
وَالطَّيِّبَاتِ,و|ال,طيب,ات,1,1.0,1
وَالْإِثْمَ,و|ال,إثم,,1,1.0,1
وَالْبَغْيَ,و|ال,بغي,,1,1.0,1
يَنَالُهُمْ,ي,نال,هم,1,1.0,1
نَصِيبُهُمْ,,نصيب,هم,1,1.0,1
يَتَوَفَّوْنَهُمْ,ي,توف+ون+هم+None+None,,1,1.0,1
دَخَلَتْ,,دخل,ت,1,1.0,1
لَعَنَتْ,,لعن,ت,1,1.0,1
أُخْتَهَا,,أخت,ها,1,1.0,1
ادَّارَكُوا,,ادارك,وا,1,1.0,1
أُخْرَاهُمْ,,أخرا,هم,1,1.0,1
لِأُولَاهُمْ,ل,أولا,هم,1,1.0,1
أَضَلُّونَا,,أضل,و|نا,1,1.0,1
فَآتِهِمْ,,ف+آت,هم,1,1.0,1
ضِعْفٌ,,ضعف,(null),1,1.0,1
أُولَاهُمْ,,أولا,هم,1,1.0,1
لِأُخْرَاهُمْ,ل,أخرا,هم,1,1.0,1
تُفَتَّحُ,ت,فتح,,1,1.0,1
أَبْوَابُ,,أبواب,(null),1,1.0,1
يَلِجَ,ي,لج,,1,1.0,1
الْجَمَلُ,ال,جمل,,1,1.0,1
سَمِّ,,سم,,1,1.0,1
الْخِيَاطِ,ال,خياط,,1,1.0,1
مِهَادٌ,,مهاد,,1,1.0,1
غَوَاشٍ,,غواش,,1,1.0,1
لِنَهْتَدِيَ,ل|ن,هتدي,,1,1.0,1
وَنُودُوا,و,نود,وا,1,1.0,1
تِلْكُمُ,,تلك+م,,1,1.0,1
فَأَذَّنَ,ف,أذن,,1,1.0,1
وَبَيْنَهُمَا,و,بين,هما,1,1.0,1
يَطْمَعُونَ,ي,طمع,ون,1,1.0,1
صُرِفَتْ,,صرف,ت,1,1.0,1
يَعْرِفُونَهُمْ,ي,عرف+ون+هم+None+None,,1,1.0,1
جَمْعُكُمْ,,جمع,كم,1,1.0,1
يَنَالُهُمُ,ي,نال,هم,1,1.0,1
حَرَّمَهُمَا,,حرم,هما,1,1.0,1
نَنْسَاهُمْ,ن,نسا+هم+None,,1,1.0,1
يَوْمِهِمْ,,يوم,هم,1,1.0,1
جِئْنَاهُمْ,,جئ,نا|هم,1,1.0,1
نَسُوهُ,,نس,و|ه,1,1.0,1
فَيَشْفَعُوا,,ف+ي+شفع,وا,1,1.0,1
فَنَعْمَلَ,,ف+ن+عمل,,1,1.0,1
يَطْلُبُهُ,ي,طلب,ه,1,1.0,1
حَثِيثَاً,,حثيث,ا,1,1.0,1
وَالنُّجُومَ,و|ال,نجوم,,1,1.0,1
أَقَلَّتْ,,أقل,ت,1,1.0,1
ثِقَالَاً,,ثقال,ا,1,1.0,1
سُقْنَاهُ,,سق,نا|ه,1,1.0,1
لِبَلَدٍ,ل,بلد,,1,1.0,1
وَالْبَلَدُ,و|ال,بلد,,1,1.0,1
خَبُثَ,,خبث,,1,1.0,1
نَكِدَاً,,نكد,ا,1,1.0,1
ضَلَالَةٌ,,ضلال,ة,1,1.0,1
العَالَمِينَ,ال,عالم,ين,1,1.0,1
وَأَنْصَحُ,و|أ,نصح,,1,1.0,1
وَلِتَتَّقُوا,و|ل|ت,تق,وا,1,1.0,1
عَمِينَ,,عم,ين,1,1.0,1
سَفَاهَةٍ,,سفاه,ة,1,1.0,1
لَنَظُنُّكَ,,ل+ن+ظن,ك,1,1.0,1
سَفَاهَةٌ,,سفاه,ة,1,1.0,1
نَاصِحٌ,,ناصح,,1,1.0,1
وَزَادَكُمْ,و,زاد,كم,1,1.0,1
لِنَعْبُدَ,ل|ن,عبد,,1,1.0,1
وَنَذَرَ,و|ن,ذر,,1,1.0,1
وَغَضَبٌ,و,غضب,(null),1,1.0,1
أَتُجَادِلُونَنِي,أ|ت,جادل+و+ن+ن,ي,1,1.0,1
أَسْمَاءٍ,,أسماء,,1,1.0,1
وَقَطَعْنَا,و,قطع,نا,1,1.0,1
وَبَوَّأَكُمْ,و,بوأ,كم,1,1.0,1
سُهُولِهَا,,سهول,ها,1,1.0,1
أَتَعْلَمُونَ,أ|ت,علم+ون+None+None,,1,1.0,1
مُرْسَلٌ,,مرسل,,1,1.0,1
فَعَقَرُوا,ف,عقر+وا+None+None,,1,1.0,1
رِسَالَةَ,,رسال,ة,1,1.0,1
أَخْرِجُوهُمْ,,أخرج,و|هم,1,1.0,1
فَأَوْفُوا,ف,أوف,وا,1,1.0,1
تُوعِدُونَ,ت,وعد,ون,1,1.0,1
وَتَصُدُّونَ,و|ت,صد+ون+None+None,,1,1.0,1
وَتَبْغُونَهَا,و|ت,بغ+ون+ها+None+None,,1,1.0,1
فَكَثَّرَكُمْ,ف,كثر,كم,1,1.0,1
وَانْظُرُوا,و,ا+نظر,وا,1,1.0,1
لَنُخْرِجَنَّكَ,,ل+ن+خرج+ن,ك,1,1.0,1
قَرْيَتِنَا,,قري,ت|نا,1,1.0,1
كَارِهِينَ,,كاره,ين,1,1.0,1
افْتَرَيْنَا,,افتري,نا,1,1.0,1
مِلَّتِكُمْ,,مل,ت|كم,1,1.0,1
نَعُودَ,ن,عود,,1,1.0,1
افْتَحْ,,ا+فتح,,1,1.0,1
قَوْمِنَا,,قوم,نا,1,1.0,1
الْفَاتِحِينَ,ال,فاتح,ين,1,1.0,1
اتَّبَعْتُمْ,,اتبع,تم,1,1.0,1
آسَى,,آسى,,1,1.0,1
يَضَّرَّعُونَ,ي,ضرع+ون+None+None,,1,1.0,1
السَّيِّئَةِ,ال,سيئ,ة,1,1.0,1
الْحَسَنَةَ,ال,حسن,ة|(null),1,1.0,1
عَفَوْا,,عف,وا,1,1.0,1
الضَّرَّاءُ,ال,ضراء,,1,1.0,1
وَالسَّرَّاءُ,و|ال,سراء,,1,1.0,1
لَفَتَحْنَا,,ل+فتح,نا,1,1.0,1
بَرَكَاتٍ,,برك,ات,1,1.0,1
أَوَأَمِنَ,أ|و,أمن,,1,1.0,1
يَأْمَنُ,ي,أمن,,1,1.0,1
أَصَبْنَاهُمْ,,أصب,نا|هم,1,1.0,1
وَنَطْبَعُ,و|ن,طبع,,1,1.0,1
أَنْبَائِهَا,,أنبائ,ها,1,1.0,1
لِأَكْثَرِهِمْ,ل,أكثر,هم,1,1.0,1
عَهْدٍ,,عهد,(null),1,1.0,1
لَفَاسِقِينَ,,ل+فاسق,ين,1,1.0,1
حَقِيقٌ,,حقيق,,1,1.0,1
وَأَرْسِلْ,و,أرسل,(null),1,1.0,1
الْمُلْقِينَ,ال,ملق,ين,1,1.0,1
سَحَرُوا,,سحر,وا,1,1.0,1
أَعْيُنَ,,أعين,(null),1,1.0,1
وَاسْتَرْهَبُوهُمْ,و,استرهب,و|هم,1,1.0,1
فَوَقَعَ,,ف+وقع,,1,1.0,1
وَبَطَلَ,و,بطل,,1,1.0,1
فَغُلِبُوا,ف,غلب,وا,1,1.0,1
وَانْقَلَبُوا,و,انقلب,وا,1,1.0,1
صَاغِرِينَ,,صاغر,ين,1,1.0,1
وَأُلْقِيَ,و,ألقي,,1,1.0,1
لَمَكْرٌ,,ل+مكر,,1,1.0,1
مَكَرْتُمُوهُ,,مكر+تم+و,ه,1,1.0,1
لِتُخْرِجُوا,,ل+ت+خرج+وا+None,,1,1.0,1
لَأُصَلِّبَنَّكُمْ,ل|أ,صلب+ن,كم,1,1.0,1
تَنْقِمُ,ت,نقم,,1,1.0,1
جَاءَتْنَا,,جاء,ت|نا,1,1.0,1
أَتَذَرُ,أ|ت,ذر,,1,1.0,1
وَقَوْمَهُ,و,قوم,ه,1,1.0,1
لِيُفْسِدُوا,,ل+ي+فسد+وا+None,,1,1.0,1
وَيَذَرَكَ,و|ي,ذر,ك,1,1.0,1
وَآلِهَتَكَ,و,آله,ت|ك,1,1.0,1
سَنُقَتِّلُ,س|ن,قتل,,1,1.0,1
وَنَسْتَحْيِي,و|ن,ستحيي,,1,1.0,1
قَاهِرُونَ,,قاهر,ون,1,1.0,1
يُورِثُهَا,ي,ورث,ها,1,1.0,1
أُوذِينَا,,أوذي,نا,1,1.0,1
تَأْتِيَنَا,ت,أتي,نا,1,1.0,1
عَدُوَّكُمْ,,عدو,كم,1,1.0,1
وَيَسْتَخْلِفَكُمْ,و|ي,ستخلف,كم,1,1.0,1
فَيَنْظُرَ,ف|ي,نظر,,1,1.0,1
بِالسِّنِينَ,ب|ال,سن,ين,1,1.0,1
يَطَّيَّرُوا,ي,طير+وا+None,,1,1.0,1
بِمُوسَى,ب,موسى,,1,1.0,1
طَائِرُهُمْ,,طائر,هم,1,1.0,1
مَهْمَا,,مهما,,1,1.0,1
تَأْتِنَا,ت,أت,نا,1,1.0,1
لِتَسْحَرَنَا,ل|ت,سحر,نا,1,1.0,1
الطُّوفَانَ,ال,طوفان,,1,1.0,1
وَالْجَرَادَ,و|ال,جراد,,1,1.0,1
وَالْقُمَّلَ,و|ال,قمل,,1,1.0,1
وَالضَّفَادِعَ,و|ال,ضفادع,,1,1.0,1
مُفَصَّلَاتٍ,,مفصل,ات,1,1.0,1
الرِّجْزُ,ال,رجز,,1,1.0,1
كَشَفْتَ,,كشف,ت,1,1.0,1
لَنُؤْمِنَنَّ,,ل+ن+ؤمن+ن,,1,1.0,1
وَلَنُرْسِلَنَّ,و,ل+ن+رسل+ن,,1,1.0,1
بَالِغُوهُ,,بالغ,و|ه,1,1.0,1
يُسْتَضْعَفُونَ,ي,ستضعف,ون,1,1.0,1
مَشَارِقَ,,مشارق,,1,1.0,1
وَمَغَارِبَهَا,و,مغارب,ها,1,1.0,1
وَدَمَّرْنَا,و,دمر,نا,1,1.0,1
يَصْنَعُ,ي,صنع,,1,1.0,1
وَقَوْمُهُ,و,قوم,ه,1,1.0,1
فَأَتَوْا,ف,أت,وا,1,1.0,1
يَعْكُفُونَ,ي,عكف,ون,1,1.0,1
أَصْنَامٍ,,أصنام,,1,1.0,1
مُتَبَّرٌ,,متبر,,1,1.0,1
أَبْغِيكُمْ,أ,بغي,كم,1,1.0,1
فَضَّلَكُمْ,,فضل,كم,1,1.0,1
يُقَتِّلُونَ,ي,قتل+ون+None+None,,1,1.0,1
وَوَاعَدْنَا,و,واعد+نا+None+None,,1,1.0,1
ثَلَاثِينَ,,ثلاث,ين,1,1.0,1
وَأَتْمَمْنَاهَا,و,أتمم,نا|ها,1,1.0,1
بِعَشْرٍ,ب,عشر,,1,1.0,1
فَتَمَّ,ف,تم,,1,1.0,1
مِيقَاتُ,,ميقات,,1,1.0,1
لِأَخِيهِ,ل,أخي,ه,1,1.0,1
اخْلُفْنِي,,ا+خلف+ن,ي,1,1.0,1
وَكَلَّمَهُ,و,كلم,ه,1,1.0,1
أَنْظُرْ,أ,نظر,,1,1.0,1
الْجَبَلِ,ال,جبل,,1,1.0,1
اسْتَقَرَّ,,ٱستقر,(null),1,1.0,1
لِلْجَبَلِ,ل|ال,جبل,,1,1.0,1
صَعِقَاً,,صعق,ا,1,1.0,1
أَفَاقَ,,أفاق,,1,1.0,1
اصْطَفَيْتُكَ,,اصطفي,ت|ك,1,1.0,1
بِرِسَالَاتِي,ب,رسال,ات|ي,1,1.0,1
وَبِكَلَامِي,و|ب,كلام,ي,1,1.0,1
آتَيْتُكَ,,آتي,ت|ك,1,1.0,1
الْأَلْوَاحِ,ال,ألواح,,1,1.0,1
مَوْعِظَةً,,موعظ,ة|(null),1,1.0,1
فَخُذْهَا,ف,خذ,ها,1,1.0,1
يَأْخُذُوا,ي,أخذ,وا,1,1.0,1
بِأَحْسَنِهَا,ب,أحسن,ها,1,1.0,1
سَأَصْرِفُ,س|أ,صرف,,1,1.0,1
آيَاتِيَ,,آي,ات|ي,1,1.0,1
يَتَكَبَّرُونَ,ي,تكبر,ون,1,1.0,1
حُلِيِّهِمْ,,حلي,هم,1,1.0,1
يُكَلِّمُهُمْ,ي,كلم,هم,1,1.0,1
اتَّخَذُوهُ,,اتخذ,و|ه,1,1.0,1
سُقِطَ,,سقط,,1,1.0,1
وَرَأَوْا,و,رأ,وا,1,1.0,1
يَرْحَمْنَا,ي,رحم,نا,1,1.0,1
رَجَعَ,,رجع,,1,1.0,1
خَلَفْتُمُونِي,,خلف+تم+و+ن,ي,1,1.0,1
أَعَجِلْتُمْ,أ,عجل,تم,1,1.0,1
بِرَأْسِ,ب,رأس,,1,1.0,1
يَجُرُّهُ,ي,جر,ه,1,1.0,1
اسْتَضْعَفُونِي,,استضعف+و+ن,ي,1,1.0,1
وَكَادُوا,و,كاد,وا,1,1.0,1
يَقْتُلُونَنِي,ي,قتل+ون+ن+ي+None+None,,1,1.0,1
تُشْمِتْ,ت,شمت,,1,1.0,1
بِيَ,B,ى,,1,1.0,1
الْأَعْدَاءَ,ال,أعداء,,1,1.0,1
وَلِأَخِي,و|ل,أخ,ي,1,1.0,1
وَأَدْخِلْنَا,و,أدخل,نا,1,1.0,1
رَحْمَتِكَ,,رحم,ت|ك,1,1.0,1
سَيَنَالُهُمْ,,س+ي+نال,هم,1,1.0,1
وَذِلَّةٌ,و,ذل,ة,1,1.0,1
الْمُفْتَرِينَ,ال,مفتر,ين,1,1.0,1
سَكَتَ,,سكت,,1,1.0,1
الْغَضَبُ,ال,غضب,(null),1,1.0,1
نُسْخَتِهَا,,نسخ,ة|(null)|ها,1,1.0,1
يَرْهَبُونَ,ي,رهب,ون,1,1.0,1
وَاخْتَارَ,و,اختار,,1,1.0,1
أَخَذَتْهُمُ,,أخذ,ت|هم,1,1.0,1
أَهْلَكْتَهُمْ,,أهلك,ت|هم,1,1.0,1
أَتُهْلِكُنَا,أ|ت,هلك,نا,1,1.0,1
فِتْنَتُكَ,,فتن,ت|ك,1,1.0,1
تُضِلُّ,ت,ضل,,1,1.0,1
وَتَهْدِي,و|ت,هدي,,1,1.0,1
الْغَافِرِينَ,ال,غافر,ين,1,1.0,1
وَاكْتُبْ,و,ا+كتب,,1,1.0,1
هُدْنَا,,هد,نا,1,1.0,1
أُصِيبُ,أ,صيب,,1,1.0,1
أَشَاءُ,أ,شاء,,1,1.0,1
وَرَحْمَتِي,و,رحم,ت|ي,1,1.0,1
وَسِعَتْ,,وسع,ت,1,1.0,1
فَسَأَكْتُبُهَا,ف|س|أ,كتب,ها,1,1.0,1
الْأُمِّيَّ,ال,أم+ي,,1,1.0,1
يَجِدُونَهُ,ي,جد,و|ن|ه,1,1.0,1
مَكْتُوبَاً,,مكتوب,ا,1,1.0,1
يَأْمُرُهُمْ,ي,أمر,هم,1,1.0,1
وَيَنْهَاهُمْ,و|ي,نها+هم+None,,1,1.0,1
وَيُحِلُّ,و|ي,حل,,1,1.0,1
وَيُحَرِّمُ,و|ي,حرم,,1,1.0,1
وَيَضَعُ,و|ي,ضع,,1,1.0,1
إِصْرَهُمْ,,إصر,هم,1,1.0,1
وَالْأَغْلَالَ,و|ال,أغلال,,1,1.0,1
وَعَزَّرُوهُ,و,عزر,و|ه,1,1.0,1
وَنَصَرُوهُ,و,نصر,و|ه,1,1.0,1
النُّورَ,ال,نور,,1,1.0,1
الْأُمِّيِّ,ال,أم+ي,,1,1.0,1
وَكَلِمَاتِهِ,و,كلم,ات|ه,1,1.0,1
وَاتَّبِعُوهُ,و,اتبع,و|ه,1,1.0,1
وَقَطَّعْنَاهُمُ,و,قطع,نا|هم,1,1.0,1
اثْنَتَيْ,,اثن,ت|ي,1,1.0,1
أَسْبَاطَاً,,أسباط,ا,1,1.0,1
اسْتَسْقَاهُ,,استسقا,ه,1,1.0,1
فَانْبَجَسَتْ,ف,انبجس,ت,1,1.0,1
خَطِيئَاتِكُمْ,,خطيئ,ات|كم,1,1.0,1
سَنَزِيدُ,س|ن,زيد,,1,1.0,1
وَاسْأَلْهُمْ,و,ا+سأل,هم,1,1.0,1
حَاضِرَةَ,,حاضر,ة,1,1.0,1
يَعْدُونَ,ي,عد,ون,1,1.0,1
حِيتَانُهُمْ,,حيتان,هم,1,1.0,1
سَبْتِهِمْ,,سبت,هم,1,1.0,1
شُرَّعَاً,,شرع,ا,1,1.0,1
يَسْبِتُونَ,ي,سبت,ون,1,1.0,1
نَبْلُوهُمْ,ن,بل,و|هم,1,1.0,1
تَعِظُونَ,ت,عظ,ون,1,1.0,1
مُهْلِكُهُمْ,,مهلك,هم,1,1.0,1
مُعَذِّبُهُمْ,,معذب,هم,1,1.0,1
مَعْذِرَةً,,معذر,ة,1,1.0,1
السُّوءِ,ال,سوء,,1,1.0,1
بَئِيسٍ,,بئيس,,1,1.0,1
عَتَوْا,,عت,وا,1,1.0,1
لَيَبْعَثَنَّ,,ل+ي+بعث+ن,,1,1.0,1
يَسُومُهُمْ,ي,سوم,هم,1,1.0,1
لَسَرِيعُ,,ل+سريع,,1,1.0,1
وَقَطَّعْنَاهُمْ,و,قطع,نا|هم,1,1.0,1
وَبَلَوْنَاهُمْ,و,بلو,نا|هم,1,1.0,1
بِالْحَسَنَاتِ,ب|ال,حسن,ات,1,1.0,1
وَالسَّيِّئَاتِ,و|ال,سيئ,ات,1,1.0,1
وَرِثُوا,,ورث,وا,1,1.0,1
يَأْخُذُونَ,ي,أخذ,و|ن,1,1.0,1
سَيُغْفَرُ,س|ي,غفر,,1,1.0,1
عَرَضٌ,,عرض,,1,1.0,1
يَأْخُذُوهُ,ي,أخذ,و|ه,1,1.0,1
مِيثَاقُ,,ميثاق,,1,1.0,1
وَدَرَسُوا,و,درس,وا,1,1.0,1
وَالدَّارُ,و|ال,دار,,1,1.0,1
يُمَسِّكُونَ,ي,مسك,و|ن,1,1.0,1
نَتَقْنَا,,نتق,نا,1,1.0,1
الْجَبَلَ,ال,جبل,,1,1.0,1
ظُلَّةٌ,,ظل,ة,1,1.0,1
وَأَشْهَدَهُمْ,و,أشهد,هم,1,1.0,1
أَلَسْتُ,أ,لس,ت,1,1.0,1
أَشْرَكَ,,أشرك,,1,1.0,1
أَفَتُهْلِكُنَا,أ,ف+ت+هلك,نا,1,1.0,1
فَانْسَلَخَ,ف,انسلخ,,1,1.0,1
لَرَفَعْنَاهُ,,ل+رفع,نا|ه,1,1.0,1
وَلَكِنَّهُ,و,لكن,ه,1,1.0,1
أَخْلَدَ,,أخلد,,1,1.0,1
الْكَلْبِ,ال,كلب,(null),1,1.0,1
تَتْرُكْهُ,ت,ترك,ه,1,1.0,1
فَاقْصُصِ,ف,ا+قصص,,1,1.0,1
وَأَنْفُسَهُمْ,و,أنفس,هم,1,1.0,1
الْمُهْتَدِي,ال,مهتدي,,1,1.0,1
ذَرَأْنَا,,ذرأ,نا,1,1.0,1
أَسْمَائِهِ,,أسمائ,ه,1,1.0,1
بِصَاحِبِهِمْ,ب,صاحب,هم,1,1.0,1
مَلَكُوتِ,,ملكوت,,1,1.0,1
هَادِيَ,,هادي,,1,1.0,1
وَيَذَرُهُمْ,و|ي,ذر,هم,1,1.0,1
يُجَلِّيهَا,ي,جلي,ها,1,1.0,1
لِوَقْتِهَا,ل,وقت,ها,1,1.0,1
كَأَنَّكَ,,كأن+ك,,1,1.0,1
حَفِيٌّ,,حفي,,1,1.0,1
لَاسْتَكْثَرْتُ,,ل+استكثر+ت+None+None,,1,1.0,1
لِيَسْكُنَ,ل|ي,سكن,,1,1.0,1
تَغَشَّاهَا,ت,غشا+ها+None,,1,1.0,1
حَمْلَاً,,حمل,ا,1,1.0,1
خَفِيفَاً,,خفيف,ا,1,1.0,1
فَمَرَّتْ,ف,مر+ت+None,,1,1.0,1
أَثْقَلَتْ,,أثقل,ت,1,1.0,1
دَعَوَا,,دع,وا,1,1.0,1
رَبَّهُمَا,,رب,هما,1,1.0,1
آتَيْتَنَا,,آتي,ت|نا,1,1.0,1
جَعَلَا,,جعل,ا,1,1.0,1
أَيُشْرِكُونَ,أ|ي,شرك+ون+None+None,,1,1.0,1
يَتَّبِعُوكُمْ,ي,تبع,و|كم,1,1.0,1
أَدَعَوْتُمُوهُمْ,أ,دعو+تم+و,هم,1,1.0,1
صَامِتُونَ,,صامت,ون,1,1.0,1
فَادْعُوهُمْ,ف,ا+دع,و|هم,1,1.0,1
أَلَهُمْ,أ|ل,هم,,1,1.0,1
أَرْجُلٌ,,أرجل,,1,1.0,1
أَيْدٍ,,أيد,,1,1.0,1
يَبْطِشُونَ,ي,بطش,ون,1,1.0,1
كِيدُونِ,,كيد+و+ن+None,,1,1.0,1
وَلِيِّيَ,,ولي,ي,1,1.0,1
نَصْرَكُمْ,,نصر,كم,1,1.0,1
بِالْعُرْفِ,ب|ال,عرف,(null),1,1.0,1
مَسَّهُمْ,,مس,هم,1,1.0,1
تَذَكَّرُوا,,تذكر,وا,1,1.0,1
مُبْصِرُونَ,,مبصر,ون,1,1.0,1
وَإِخْوَانُهُمْ,و,إخوان,هم,1,1.0,1
يَمُدُّونَهُمْ,ي,مد,و|ن|هم,1,1.0,1
يُقْصِرُونَ,ي,قصر,ون,1,1.0,1
اجْتَبَيْتَهَا,,اجتبي,ت|ها,1,1.0,1
وَأَنْصِتُوا,و,أ+نصت,وا,1,1.0,1
وَخِيفَةً,و,خيف,ة,1,1.0,1
وَدُونَ,و,دون,(null),1,1.0,1
الْجَهْرِ,ال,جهر,,1,1.0,1
وَيُسَبِّحُونَهُ,و|ي,سبح+ون+ه+None+None,,1,1.0,1
الْأَنْفَالِ,ال,أنفال,,1,1.0,1
الْأَنْفَالُ,ال,أنفال,,1,1.0,1
وَأَصْلِحُوا,و,أصلح+وا+None+None,,1,1.0,1
تُلِيَتْ,,تلي,ت,1,1.0,1
زَادَتْهُمْ,,زاد,ت|هم,1,1.0,1
أَخْرَجَكَ,,أخرج,ك,1,1.0,1
لَكَارِهُونَ,,ل+كاره,ون,1,1.0,1
يُسَاقُونَ,ي,ساق,ون,1,1.0,1
الطَّائِفَتَيْنِ,ال,طائف,ت|ين,1,1.0,1
وَتَوَدُّونَ,و|ت,ود+ون+None+None,,1,1.0,1
الشَّوْكَةِ,ال,شوك,ة,1,1.0,1
يُحِقَّ,ي,حق,,1,1.0,1
وَيَقْطَعَ,و|ي,قطع,,1,1.0,1
لِيُحِقَّ,ل|ي,حق,,1,1.0,1
وَيُبْطِلَ,و|ي,بطل,,1,1.0,1
تَسْتَغِيثُونَ,ت,ستغيث,ون,1,1.0,1
مُمِدُّكُمْ,,ممد,كم,1,1.0,1
بِأَلْفٍ,ب,ألف,(null),1,1.0,1
مُرْدِفِينَ,,مردف,ين,1,1.0,1
يُغَشِّيكُمُ,ي,غشي,كم,1,1.0,1
النُّعَاسَ,ال,نعاس,(null),1,1.0,1
وَيُذْهِبَ,و|ي,ذهب,,1,1.0,1
رِجْزَ,,رجز,,1,1.0,1
وَلِيَرْبِطَ,و|ل|ي,ربط,,1,1.0,1
وَيُثَبِّتَ,و|ي,ثبت,,1,1.0,1
الْأَقْدَامَ,ال,أقدام,(null),1,1.0,1
فَثَبِّتُوا,ف,ثبت,وا,1,1.0,1
سَأُلْقِي,س|أ,لقي,,1,1.0,1
فَاضْرِبُوا,ف,ا+ضرب,وا,1,1.0,1
الْأَعْنَاقِ,ال,أعناق,,1,1.0,1
وَاضْرِبُوا,و,ا+ضرب+وا+None,,1,1.0,1
بَنَانٍ,,بنان,,1,1.0,1
فَذُوقُوهُ,ف,ذوق,و|ه,1,1.0,1
زَحْفَاً,,زحف,ا,1,1.0,1
تُوَلُّوهُمُ,ت,ول,و|هم,1,1.0,1
يُوَلِّهِمْ,ي,ول,هم,1,1.0,1
دُبُرَهُ,,دبر,ه,1,1.0,1
مُتَحَرِّفَاً,,متحرف,ا,1,1.0,1
لِقِتَالٍ,ل,قتال,,1,1.0,1
مُتَحَيِّزَاً,,متحيز,ا,1,1.0,1
تَقْتُلُوهُمْ,ت,قتل,و|هم,1,1.0,1
قَتَلَهُمْ,,قتل,هم,1,1.0,1
رَمَى,,رمى,,1,1.0,1
وَلِيُبْلِيَ,و|ل|ي,بلي,,1,1.0,1
بَلَاءً,,بلاء,,1,1.0,1
مُوهِنُ,,موهن,,1,1.0,1
كَيْدِ,,كيد,,1,1.0,1
تَسْتَفْتِحُوا,ت,ستفتح,وا,1,1.0,1
نَعُدْ,ن,عد,,1,1.0,1
فِئَتُكُمْ,,فئ,ت|كم,1,1.0,1
كَثُرَتْ,,كثر,ت,1,1.0,1
الْبُكْمُ,ال,بكم,,1,1.0,1
لَأَسْمَعَهُمْ,,ل+أسمع,هم,1,1.0,1
أَسْمَعَهُمْ,,أسمع,هم,1,1.0,1
لَتَوَلَّوْا,,ل+تول,وا,1,1.0,1
يَحُولُ,ي,حول,,1,1.0,1
تُصِيبَنَّ,ت,صيب+ن,,1,1.0,1
خَاصَّةً,,خاص,ة|(null),1,1.0,1
مُسْتَضْعَفُونَ,,مستضعف,ون,1,1.0,1
يَتَخَطَّفَكُمُ,ي,تخطف,كم,1,1.0,1
فَآوَاكُمْ,ف,آوا,كم,1,1.0,1
وَأَيَّدَكُمْ,و,أيد,كم,1,1.0,1
تَخُونُوا,ت,خون+وا+None,,1,1.0,1
وَتَخُونُوا,و|ت,خون,وا,1,1.0,1
أَمَانَاتِكُمْ,,أمان,ات|كم,1,1.0,1
فُرْقَانَاً,,فرقان,ا,1,1.0,1
وَيُكَفِّرْ,و|ي,كفر,,1,1.0,1
يَمْكُرُ,ي,مكر,,1,1.0,1
لِيُثْبِتُوكَ,ل|ي,ثبت,و|ك,1,1.0,1
يَقْتُلُوكَ,ي,قتل,و|ك,1,1.0,1
يُخْرِجُوكَ,ي,خرج,و|ك,1,1.0,1
وَيَمْكُرُونَ,و|ي,مكر+ون+None+None,,1,1.0,1
وَيَمْكُرُ,و|ي,مكر,,1,1.0,1
لَقُلْنَا,ل,قل,نا,1,1.0,1
فَأَمْطِرْ,ف,أ+مطر,,1,1.0,1
مُعَذِّبَهُمْ,,معذب,هم,1,1.0,1
يُعَذِّبَهُمُ,ي,عذب,هم,1,1.0,1
أَوْلِيَاؤُهُ,,أولياؤ,ه,1,1.0,1
صَلَاتُهُمْ,,صلا,ت|هم,1,1.0,1
مُكَاءً,,مكاء,,1,1.0,1
وَتَصْدِيَةً,و,تصدي,ة,1,1.0,1
لِيَصُدُّوا,ل|ي,صد+وا+None,,1,1.0,1
فَسَيُنْفِقُونَهَا,ف|س|ي,نفق+ون+ها+None+None,,1,1.0,1
يُغْلَبُونَ,ي,غلب+ون+None+None,,1,1.0,1
لِيَمِيزَ,ل|ي,ميز,,1,1.0,1
فَيَرْكُمَهُ,ف|ي,ركم,ه,1,1.0,1
فَيَجْعَلَهُ,ف|ي,جعل,ه,1,1.0,1
يُغْفَرْ,ي,غفر,,1,1.0,1
يَعُودُوا,ي,عود,وا,1,1.0,1
مَضَتْ,,مض,ت,1,1.0,1
سُنَّتُ,,سن,ة,1,1.0,1
خُمُسَهُ,,خمس,ه,1,1.0,1
الْفُرْقَانِ,ال,فرقان,(null),1,1.0,1
الْقُصْوَى,ال,قصوى,,1,1.0,1
وَالرَّكْبُ,و|ال,ركب,,1,1.0,1
تَوَاعَدْتُمْ,,تواعد,تم,1,1.0,1
لَاخْتَلَفْتُمْ,,ل+اختلف,تم,1,1.0,1
الْمِيعَادِ,ال,ميعاد,,1,1.0,1
لِيَهْلِكَ,ل|ي,هلك,,1,1.0,1
حَيَّ,,حي,,1,1.0,1
لَسَمِيعٌ,,ل+سميع,,1,1.0,1
يُرِيكَهُمُ,ي,ري,ك|هم,1,1.0,1
مَنَامِكَ,,منام,ك,1,1.0,1
أَرَاكَهُمْ,,أرا,ك|هم,1,1.0,1
لَفَشِلْتُمْ,ل,فشل,تم,1,1.0,1
وَلَتَنَازَعْتُمْ,و,ل+تنازع,تم,1,1.0,1
سَلَّمَ,,سلم,,1,1.0,1
يُرِيكُمُوهُمْ,ي,ري+كمو+هم+None+None,,1,1.0,1
الْتَقَيْتُمْ,,التقي,تم,1,1.0,1
أَعْيُنِكُمْ,,أعين,كم,1,1.0,1
وَيُقَلِّلُكُمْ,و|ي,قلل,كم,1,1.0,1
لَقِيتُمْ,,لقي,تم,1,1.0,1
فَاثْبُتُوا,,ف+ا+ثبت,وا,1,1.0,1
تَنَازَعُوا,,تنازع,وا,1,1.0,1
فَتَفْشَلُوا,ف|ت,فشل,وا,1,1.0,1
وَتَذْهَبَ,و|ت,ذهب,,1,1.0,1
رِيحُكُمْ,,ريح,كم,1,1.0,1
بَطَرَاً,,بطر,ا,1,1.0,1
وَرِئَاءَ,و,رئاء,,1,1.0,1
جَارٌ,,جار,,1,1.0,1
تَرَاءَتِ,,تراء,ت,1,1.0,1
الْفِئَتَانِ,ال,فئ,ت|ان,1,1.0,1
نَكَصَ,,نكص,,1,1.0,1
غَرَّ,,غر,,1,1.0,1
دِينُهُمْ,,دين,(null)|هم,1,1.0,1
مُغَيِّرَاً,,مغير,ا,1,1.0,1
أَنْعَمَهَا,,أنعم,ها,1,1.0,1
عَاهَدْتَ,,عاهد,ت,1,1.0,1
تَثْقَفَنَّهُمْ,ت,ثقف+ن,هم,1,1.0,1
الْحَرْبِ,ال,حرب,,1,1.0,1
فَشَرِّدْ,ف,شرد,,1,1.0,1
تَخَافَنَّ,ت,خاف+ن,,1,1.0,1
خِيَانَةً,,خيان,ة,1,1.0,1
فَانْبِذْ,ف,ا+نبذ,,1,1.0,1
سَبَقُوا,,سبق,وا,1,1.0,1
يُعْجِزُونَ,ي,عجز,ون,1,1.0,1
وَأَعِدُّوا,و,أعد,وا,1,1.0,1
رِبَاطِ,,رباط,,1,1.0,1
الْخَيْلِ,ال,خيل,(null),1,1.0,1
تُرْهِبُونَ,ت,رهب,ون,1,1.0,1
عَدُوَّ,,عدو,(null),1,1.0,1
تَعْلَمُونَهُمُ,ت,علم+ون+هم+None+None,,1,1.0,1
جَنَحُوا,,جنح,وا,1,1.0,1
لِلسَّلْمِ,ل|ال,سلم,,1,1.0,1
فَاجْنَحْ,ف,ا+جنح,,1,1.0,1
يَخْدَعُوكَ,ي,خدع,و|ك,1,1.0,1
حَسْبَكَ,,حسب,ك,1,1.0,1
أَيَّدَكَ,,أيد,ك,1,1.0,1
وَبِالْمُؤْمِنِينَ,و|ب|ال,مؤمن,ين,1,1.0,1
وَأَلَّفَ,و,ألف,,1,1.0,1
أَنْفَقْتَ,,أنفق,ت,1,1.0,1
أَلَّفْتَ,,ألف,ت,1,1.0,1
أَلَّفَ,,ألف,,1,1.0,1
حَسْبُكَ,,حسب,ك,1,1.0,1
حَرِّضِ,,حرض,,1,1.0,1
الْقِتَالِ,ال,قتال,(null),1,1.0,1
عِشْرُونَ,,عشر,ون,1,1.0,1
صَابِرُونَ,,صابر,ون,1,1.0,1
أَلْفَاً,,ألف,ا,1,1.0,1
خَفَّفَ,,خفف,(null),1,1.0,1
وَعَلِمَ,و,علم,,1,1.0,1
صَابِرَةٌ,,صابر,ة,1,1.0,1
أَلْفٌ,,ألف,,1,1.0,1
أَلْفَيْنِ,,ألف,ين,1,1.0,1
يُثْخِنَ,ي,ثخن,,1,1.0,1
أَخَذْتُمْ,,أخذ,تم,1,1.0,1
الْأَسْرَى,ال,أسرى,,1,1.0,1
أُخِذَ,,أخذ,(null),1,1.0,1
خِيَانَتَكَ,,خيان,ة|ك,1,1.0,1
خَانُوا,,خان,وا,1,1.0,1
فَأَمْكَنَ,ف,أمكن,,1,1.0,1
وَلَايَتِهِمْ,,ولاي,ت|هم,1,1.0,1
اسْتَنْصَرُوكُمْ,,استنصر,و|كم,1,1.0,1
فَعَلَيْكُمُ,,ف+على,كم,1,1.0,1
تَفْعَلُوهُ,ت,فعل,و|ه,1,1.0,1
وَفَسَادٌ,و,فساد,,1,1.0,1
فَسِيحُوا,ف,سيح,وا,1,1.0,1
مُخْزِي,,مخزي,,1,1.0,1
وَأَذَانٌ,و,أذان,,1,1.0,1
يَنْقُصُوكُمْ,ي,نقص,و|كم,1,1.0,1
يُظَاهِرُوا,ي,ظاهر,وا,1,1.0,1
فَأَتِمُّوا,ف,أتم,وا,1,1.0,1
مُدَّتِهِمْ,,مد,ت|هم,1,1.0,1
انْسَلَخَ,,انسلخ,,1,1.0,1
الْأَشْهُرُ,ال,أشهر,(null),1,1.0,1
الْحُرُمُ,ال,حرم,,1,1.0,1
وَخُذُوهُمْ,و,خذ,و|هم,1,1.0,1
وَاحْصُرُوهُمْ,و,ا+حصر,و|هم,1,1.0,1
وَاقْعُدُوا,و,ا+قعد,وا,1,1.0,1
مَرْصَدٍ,,مرصد,,1,1.0,1
فَخَلُّوا,,ف+خل,وا,1,1.0,1
سَبِيلَهُمْ,,سبيل,هم,1,1.0,1
اسْتَجَارَكَ,,استجار,ك,1,1.0,1
فَأَجِرْهُ,,ف+أجر,ه,1,1.0,1
يَسْمَعَ,ي,سمع,,1,1.0,1
أَبْلِغْهُ,,أبلغ,ه,1,1.0,1
مَأْمَنَهُ,,مأمن,ه,1,1.0,1
عَهْدٌ,,عهد,(null),1,1.0,1
يَرْقُبُوا,ي,رقب,وا,1,1.0,1
يُرْضُونَكُمْ,ي,رض+ون+كم+None+None,,1,1.0,1
وَتَأْبَى,و|ت,أبى,,1,1.0,1
يَرْقُبُونَ,ي,رقب,ون,1,1.0,1
مُؤْمِنٍ,,مؤمن,,1,1.0,1
الْمُعْتَدُونَ,ال,معتد,ون,1,1.0,1
وَنُفَصِّلُ,و|ن,فصل,,1,1.0,1
عَهْدِهِمْ,,عهد,هم,1,1.0,1
وَطَعَنُوا,و,طعن,وا,1,1.0,1
أَئِمَّةَ,,أئم,ة,1,1.0,1
أَيْمَانَ,,أيمان,,1,1.0,1
يَنْتَهُونَ,ي,نته,ون,1,1.0,1
بِإِخْرَاجِ,ب,إخراج,,1,1.0,1
بَدَءُوكُمْ,,بدء,و|كم,1,1.0,1
أَتَخْشَوْنَهُمْ,أ|ت,خش+ون+هم+None+None,,1,1.0,1
تَخْشَوْهُ,ت,خشى+و+ه+None,,1,1.0,1
قَاتِلُوهُمْ,,قاتل,و|هم,1,1.0,1
وَيُخْزِهِمْ,و|ي,خز,هم,1,1.0,1
وَيَنْصُرْكُمْ,و|ي,نصر,كم,1,1.0,1
وَيَشْفِ,و|ي,شف,,1,1.0,1
صُدُورَ,,صدور,(null),1,1.0,1
وَيُذْهِبْ,و|ي,ذهب,,1,1.0,1
غَيْظَ,,غيظ,,1,1.0,1
وَيَتُوبُ,و|ي,توب,,1,1.0,1
تُتْرَكُوا,ت,ترك,وا,1,1.0,1
وَلِيجَةً,,وليج,ة,1,1.0,1
يَعْمُرُوا,ي,عمر,وا,1,1.0,1
يَعْمُرُ,ي,عمر,,1,1.0,1
يَخْشَ,ي,خش,,1,1.0,1
أَجَعَلْتُمْ,أ,جعل,تم,1,1.0,1
سِقَايَةَ,,سقاي,ة,1,1.0,1
الْحَاجِّ,ال,حاج,,1,1.0,1
وَعِمَارَةَ,و,عمار,ة,1,1.0,1
وَجَاهَدَ,و,جاهد,,1,1.0,1
يُبَشِّرُهُمْ,ي,بشر,هم,1,1.0,1
نَعِيمٌ,,نعيم,,1,1.0,1
وَإِخْوَانَكُمْ,و,إخوان,كم,1,1.0,1
وَإِخْوَانُكُمْ,و,إخوان,كم,1,1.0,1
وَعَشِيرَتُكُمْ,و,عشير,ت|كم,1,1.0,1
وَأَمْوَالٌ,و,أموال,,1,1.0,1
اقْتَرَفْتُمُوهَا,,اقترف+تم+و,ها,1,1.0,1
وَتِجَارَةٌ,و,تجار,ة|(null),1,1.0,1
تَخْشَوْنَ,ت,خشى,ون,1,1.0,1
كَسَادَهَا,,كساد,ها,1,1.0,1
وَمَسَاكِنُ,و,مساكن,,1,1.0,1
تَرْضَوْنَهَا,ت,رضى+ون+ها+None+None,,1,1.0,1
أَحَبَّ,,أحب,,1,1.0,1
وَجِهَادٍ,و,جهاد,,1,1.0,1
مَوَاطِنَ,,مواطن,,1,1.0,1
حُنَيْنٍ,,حنين,,1,1.0,1
كَثْرَتُكُمْ,,كثر,ت|كم,1,1.0,1
وَلَّيْتُمْ,,ولي,تم,1,1.0,1
جُنُودَاً,,جنود,ا,1,1.0,1
وَعَذَّبَ,و,عذب,,1,1.0,1
نَجَسٌ,,نجس,,1,1.0,1
يَقْرَبُوا,ي,قرب+وا+None,,1,1.0,1
عَامِهِمْ,,عام,هم,1,1.0,1
عَيْلَةً,,عيل,ة,1,1.0,1
يُغْنِيكُمُ,ي,غني,كم,1,1.0,1
يُحَرِّمُونَ,ي,حرم,و|ن,1,1.0,1
يَدِينُونَ,ي,دين,ون,1,1.0,1
دِينَ,,دين,(null),1,1.0,1
يُعْطُوا,ي,عط+وا+None,,1,1.0,1
الْجِزْيَةَ,ال,جزي,ة,1,1.0,1
يَدٍ,,يد,(null),1,1.0,1
عُزَيْرٌ,,عزير,,1,1.0,1
يُضَاهِئُونَ,ي,ضاهئ,ون,1,1.0,1
أَحْبَارَهُمْ,,أحبار,هم,1,1.0,1
وَرُهْبَانَهُمْ,و,رهبان,هم,1,1.0,1
وَالْمَسِيحَ,و|ال,مسيح,,1,1.0,1
يُطْفِئُوا,ي,طفئ,وا,1,1.0,1
وَيَأْبَى,و|ي,أبى,,1,1.0,1
نُورَهُ,,نور,ه,1,1.0,1
الْأَحْبَارِ,ال,أحبار,,1,1.0,1
وَالرُّهْبَانِ,و|ال,رهبان,,1,1.0,1
يَكْنِزُونَ,ي,كنز+ون+None+None,,1,1.0,1
الذَّهَبَ,ال,ذهب,(null),1,1.0,1
وَالْفِضَّةَ,و|ال,فض,ة,1,1.0,1
يُنْفِقُونَهَا,ي,نفق+ون+ها+None+None,,1,1.0,1
يُحْمَى,ي,حمى,,1,1.0,1
فَتُكْوَى,ف|ت,كوى,,1,1.0,1
جِبَاهُهُمْ,,جباه,هم,1,1.0,1
وَجُنُوبُهُمْ,و,جنوب+هم+None+None,,1,1.0,1
وَظُهُورُهُمْ,و,ظهور+هم+None+None,,1,1.0,1
كَنَزْتُمْ,,كنز,تم,1,1.0,1
تَكْنِزُونَ,ت,كنز+ون+None+None,,1,1.0,1
الشُّهُورِ,ال,شهور,(null),1,1.0,1
اثْنَا,,اثن,ا,1,1.0,1
أَرْبَعَةٌ,,أربع,ة|(null),1,1.0,1
تَظْلِمُوا,ت,ظلم,وا,1,1.0,1
النَّسِيءُ,ال,نسيء,,1,1.0,1
زِيَادَةٌ,,زياد,ة,1,1.0,1
يُضَلُّ,ي,ضل,,1,1.0,1
يُحِلُّونَهُ,ي,حل+ون+ه+None+None,,1,1.0,1
وَيُحَرِّمُونَهُ,و|ي,حرم+ون+ه+None+None,,1,1.0,1
لِيُوَاطِئُوا,ل|ي,واطئ+وا+None,,1,1.0,1
فَيُحِلُّوا,ف|ي,حل+وا+None,,1,1.0,1
أَعْمَالِهِمْ,,أعمال,هم,1,1.0,1
اثَّاقَلْتُمْ,,اثاقل,تم,1,1.0,1
أَرَضِيتُمْ,أ,رضي,تم,1,1.0,1
وَيَسْتَبْدِلْ,و|ي,ستبدل,,1,1.0,1
تَضُرُّوهُ,ت,ضر,ه,1,1.0,1
تَنْصُرُوهُ,ت,نصر,و|ه,1,1.0,1
نَصَرَهُ,,نصر,ه,1,1.0,1
أَخْرَجَهُ,,أخرج,ه,1,1.0,1
هُمَا,,هما,,1,1.0,1
الْغَارِ,ال,غار,,1,1.0,1
وَأَيَّدَهُ,و,أيد,ه,1,1.0,1
السُّفْلَى,ال,سفلي+(null)+None,,1,1.0,1
وَكَلِمَةُ,و,كلم,ة,1,1.0,1
الْعُلْيَا,ال,عليا,,1,1.0,1
خِفَافَاً,,خفاف,ا,1,1.0,1
وَثِقَالَاً,و,ثقال,ا,1,1.0,1
عَرَضَاً,,عرض,ا,1,1.0,1
وَسَفَرَاً,و,سفر,ا,1,1.0,1
قَاصِدَاً,,قاصد,ا,1,1.0,1
لَاتَّبَعُوكَ,,ل+اتبع,و|ك,1,1.0,1
بَعُدَتْ,,بعد,ت,1,1.0,1
الشُّقَّةُ,ال,شق,ة,1,1.0,1
وَسَيَحْلِفُونَ,و,س+ي+يحلف+ون+None+None,,1,1.0,1
اسْتَطَعْنَا,,استطع,نا,1,1.0,1
لَخَرَجْنَا,,ل+خرج+نا+None+None,,1,1.0,1
أَذِنْتَ,,أذن,ت,1,1.0,1
وَتَعْلَمَ,و|ت,علم,,1,1.0,1
وَارْتَابَتْ,و,ارتاب,ت,1,1.0,1
رَيْبِهِمْ,,ريب,هم,1,1.0,1
يَتَرَدَّدُونَ,ي,تردد,ون,1,1.0,1
الْخُرُوجَ,ال,خروج,(null),1,1.0,1
لَأَعَدُّوا,,ل+أعد,وا,1,1.0,1
عُدَّةً,,عد,ة,1,1.0,1
انْبِعَاثَهُمْ,,انبعاث,هم,1,1.0,1
فَثَبَّطَهُمْ,ف,ثبط,هم,1,1.0,1
اقْعُدُوا,,ا+قعد,وا,1,1.0,1
زَادُوكُمْ,,زاد,و|كم,1,1.0,1
وَلَأَوْضَعُوا,و,ل+أوضع,وا,1,1.0,1
خِلَالَكُمْ,,خلال,كم,1,1.0,1
يَبْغُونَكُمُ,ي,بغ+ون+كم+None+None,,1,1.0,1
ابْتَغَوُا,,ابتغ,وا,1,1.0,1
وَقَلَّبُوا,و,قلب,وا,1,1.0,1
الْأُمُورَ,ال,أمور,,1,1.0,1
وَظَهَرَ,و,ظهر,(null),1,1.0,1
ائْذَنْ,,ا+ئذن,,1,1.0,1
تَفْتِنِّي,ت,فتن,ي,1,1.0,1
سَقَطُوا,,سقط,وا,1,1.0,1
أَمْرَنَا,,أمر,نا,1,1.0,1
وَيَتَوَلَّوْا,و|ي,تول,وا,1,1.0,1
يُصِيبَنَا,ي,صيب,نا,1,1.0,1
تَرَبَّصُونَ,,تربص+ون+None+None,,1,1.0,1
الْحُسْنَيَيْنِ,ال,حسني,ين,1,1.0,1
يُصِيبَكُمُ,ي,صيب,كم,1,1.0,1
بِأَيْدِينَا,ب,أيدي,نا,1,1.0,1
مُتَرَبِّصُونَ,,متربص,ون,1,1.0,1
يُتَقَبَّلَ,ي,تقبل,,1,1.0,1
مَنَعَهُمْ,,منع,هم,1,1.0,1
نَفَقَاتُهُمْ,,نفق,ات|هم,1,1.0,1
وَبِرَسُولِهِ,و|ب,رسول,ه,1,1.0,1
لَمِنْكُمْ,,ل+من+كم+None+None,,1,1.0,1
وَلَكِنَّهُمْ,و,لكن+هم+None+None,,1,1.0,1
يَفْرَقُونَ,ي,فرق+ون+None+None,,1,1.0,1
مَلْجَأً,,ملجأ,,1,1.0,1
مَغَارَاتٍ,,مغار,ات,1,1.0,1
مُدَّخَلَاً,,مدخل,ا,1,1.0,1
لَوَلَّوْا,,ل+ول+وا+None+None,,1,1.0,1
يَجْمَحُونَ,ي,جمح+ون+None+None,,1,1.0,1
يَلْمِزُكَ,ي,لمز,ك,1,1.0,1
أُعْطُوا,,أعط,وا,1,1.0,1
يُعْطَوْا,ي,عط,وا,1,1.0,1
يَسْخَطُونَ,ي,سخط,و|ن,1,1.0,1
سَيُؤْتِينَا,,س+ي+ؤتي,نا,1,1.0,1
الصَّدَقَاتُ,ال,صدق,ات,1,1.0,1
وَالْعَامِلِينَ,و|ال,عامل,ين,1,1.0,1
وَالْمُؤَلَّفَةِ,و|ال,مؤلف,ة,1,1.0,1
وَالْغَارِمِينَ,و|ال,غارم,ين,1,1.0,1
وَمِنْهُمُ,و|من,هم,,1,1.0,1
أُذُنُ,,أذن,,1,1.0,1
وَيُؤْمِنُ,و|ي,ؤمن,,1,1.0,1
لِيُرْضُوكُمْ,ل|ي,رض,و|كم,1,1.0,1
يُرْضُوهُ,ي,رض,و|ه,1,1.0,1
يُحَادِدِ,ي,حادد,,1,1.0,1
الْخِزْيُ,ال,خزي,,1,1.0,1
تُنَبِّئُهُمْ,ت,نبئ,هم,1,1.0,1
اسْتَهْزِئُوا,,ا+ستهزئ,وا,1,1.0,1
تَحْذَرُونَ,ت,حذر,ون,1,1.0,1
وَنَلْعَبُ,و|ن,لعب,,1,1.0,1
أَبِاللَّهِ,أ|ب,الله,,1,1.0,1
تَسْتَهْزِئُونَ,ت,ستهزئ,ون,1,1.0,1
نَعْفُ,ن,عف,,1,1.0,1
نُعَذِّبْ,ن,عذب,,1,1.0,1
بِالْمُنْكَرِ,ب|ال,منكر,,1,1.0,1
الْمَعْرُوفِ,ال,معروف,(null),1,1.0,1
وَيَقْبِضُونَ,و|ي,قبض+ون+None+None,,1,1.0,1
فَنَسِيَهُمْ,ف,نسي+هم+None+None,,1,1.0,1
وَلَعَنَهُمُ,و,لعن,هم,1,1.0,1
وَأَكْثَرَ,و,أكثر,,1,1.0,1
فَاسْتَمْتَعُوا,ف,استمتع,وا,1,1.0,1
فَاسْتَمْتَعْتُمْ,ف,استمتع,تم,1,1.0,1
بِخَلَاقِكُمْ,ب,خلاق,كم,1,1.0,1
وَخُضْتُمْ,و,خض,تم,1,1.0,1
خَاضُوا,,خاض,وا,1,1.0,1
وَقَوْمِ,و,قوم,,1,1.0,1
وَأَصْحَابِ,و,أصحاب,(null),1,1.0,1
وَالْمُؤْتَفِكَاتِ,و|ال,مؤتفك,ات,1,1.0,1
أَتَتْهُمْ,,أت,ت|هم,1,1.0,1
وَيُطِيعُونَ,و|ي,طيع+ون+None+None,,1,1.0,1
سَيَرْحَمُهُمُ,,س+ي+رحم,هم,1,1.0,1
إِسْلَامِهِمْ,,إسلام,هم,1,1.0,1
أَغْنَاهُمُ,,أغنا,هم,1,1.0,1
يَتَوَلَّوْا,ي,تول,وا,1,1.0,1
آتَانَا,,آتا,نا,1,1.0,1
لَنَصَّدَّقَنَّ,,ل+ن+صدق+ن,,1,1.0,1
وَلَنَكُونَنَّ,و,ل+ن+كون+ن,,1,1.0,1
فَأَعْقَبَهُمْ,ف,أعقب,هم,1,1.0,1
نِفَاقَاً,,نفاق,ا,1,1.0,1
أَخْلَفُوا,,أخلف,وا,1,1.0,1
وَعَدُوهُ,,وعد,و|ه,1,1.0,1
يَلْمِزُونَ,ي,لمز,ون,1,1.0,1
الْمُطَّوِّعِينَ,ال,مطوع,ين,1,1.0,1
جُهْدَهُمْ,,جهد,هم,1,1.0,1
فَيَسْخَرُونَ,ف|ي,سخر+ون+None+None,,1,1.0,1
سَخِرَ,,سخر,,1,1.0,1
بِمَقْعَدِهِمْ,ب,مقعد,هم,1,1.0,1
خِلَافَ,,خلاف,,1,1.0,1
الْحَرِّ,ال,حر,,1,1.0,1
حَرَّاً,,حر,ا,1,1.0,1
فَلْيَضْحَكُوا,,ف+ل+ي+ضحك,وا,1,1.0,1
وَلْيَبْكُوا,و|ل|ي,بك,وا,1,1.0,1
رَجَعَكَ,,رجع,ٍ,1,1.0,1
فَاسْتَأْذَنُوكَ,ف,استأذن,و|ك,1,1.0,1
لِلْخُرُوجِ,ل|ال,خروج,,1,1.0,1
تَخْرُجُوا,ت,خرج,وا,1,1.0,1
رَضِيتُمْ,,رضي,تم,1,1.0,1
بِالْقُعُودِ,ب|ال,قعود,,1,1.0,1
فَاقْعُدُوا,ف,ا+قعد,وا,1,1.0,1
الْخَالِفِينَ,ال,خالف,ين,1,1.0,1
تُصَلِّ,ت,صل,,1,1.0,1
قَبْرِهِ,,قبر,ه,1,1.0,1
وَأَوْلَادُهُمْ,و,أولاد,هم,1,1.0,1
اسْتَأْذَنَكَ,,استأذن,ك,1,1.0,1
ذَرْنَا,,ذر,نا,1,1.0,1
وَطُبِعَ,و,طبع,,1,1.0,1
الْخَيْرَاتُ,ال,خير,ات,1,1.0,1
الْمُعَذِّرُونَ,ال,معذر,,1,1.0,1
لِيُؤْذَنَ,ل|ي,ؤذن,,1,1.0,1
وَقَعَدَ,و,قعد,,1,1.0,1
الضُّعَفَاءِ,ال,ضعفاء,,1,1.0,1
الْمَرْضَى,ال,مرضى,,1,1.0,1
نَصَحُوا,,نصح,وا,1,1.0,1
أَتَوْكَ,,أت,و|ك,1,1.0,1
لِتَحْمِلَهُمْ,ل|ت,حمل,هم,1,1.0,1
أَحْمِلُكُمْ,أ,حمل,كم,1,1.0,1
وَأَعْيُنُهُمْ,و,أعين,هم,1,1.0,1
حَزَنَاً,,حزن,ا,1,1.0,1
وَطَبَعَ,و,طبع,,1,1.0,1
يَعْتَذِرُونَ,ي,عتذر,و|ن,1,1.0,1
نَبَّأَنَا,,نبأ,نا,1,1.0,1
أَخْبَارِكُمْ,,أخبار,كم,1,1.0,1
وَسَيَرَى,و,س+ي+رى,,1,1.0,1
سَيَحْلِفُونَ,,س+ي+حلف+ون+None+None,,1,1.0,1
لِتُعْرِضُوا,ل|ت,عرض+وا+None,,1,1.0,1
لِتَرْضَوْا,ل|ت,رض,وا,1,1.0,1
تَرْضَوْا,ت,رضى+وا+None,,1,1.0,1
وَنِفَاقَاً,و,نفاق,ا,1,1.0,1
وَأَجْدَرُ,و,أجدر,,1,1.0,1
مَغْرَمَاً,,مغرم,ا,1,1.0,1
وَيَتَرَبَّصُ,و|ي,تربص,,1,1.0,1
الدَّوَائِرَ,ال,دوائر,,1,1.0,1
وَيَتَّخِذُ,و|ي,تخذ,,1,1.0,1
قُرُبَاتٍ,,قرب,ات,1,1.0,1
وَصَلَوَاتِ,و,صلو,ات,1,1.0,1
قُرْبَةٌ,,قرب,ة,1,1.0,1
سَيُدْخِلُهُمُ,,س+ي+دخل,هم,1,1.0,1
اتَّبَعُوهُمْ,,اتبع,و|هم,1,1.0,1
تَحْتَهَا,,تحت,ها,1,1.0,1
مُنَافِقُونَ,,منافق,ون,1,1.0,1
مَرَدُوا,,مرد,وا,1,1.0,1
النِّفَاقِ,ال,نفاق,(null),1,1.0,1
تَعْلَمُهُمْ,ت,علم,هم,1,1.0,1
نَعْلَمُهُمْ,ن,علم,هم,1,1.0,1
سَنُعَذِّبُهُمْ,,س+ن+عذب,هم,1,1.0,1
اعْتَرَفُوا,,اعترف,وا,1,1.0,1
خَلَطُوا,,خلط,وا,1,1.0,1
وَآخَرَ,و,آخر,,1,1.0,1
سَيِّئَاً,,سيئ,ا,1,1.0,1
خُذْ,,خذ,,1,1.0,1
تُطَهِّرُهُمْ,ت,طهر,هم,1,1.0,1
وَتُزَكِّيهِمْ,و|ت,زكي,هم,1,1.0,1
وَصَلِّ,و,صل,,1,1.0,1
صَلَاتَكَ,ال,صلا,ة|ك,1,1.0,1
سَكَنٌ,,سكن,,1,1.0,1
وَيَأْخُذُ,و|ي,أخذ,,1,1.0,1
فَسَيَرَى,ف,س+ي+رى,,1,1.0,1
وَسَتُرَدُّونَ,و,س+ت+رد+ون+None+None,,1,1.0,1
مُرْجَوْنَ,,مرج,ون,1,1.0,1
لِأَمْرِ,ل,أمر,,1,1.0,1
يُعَذِّبُهُمْ,ي,عذب,هم,1,1.0,1
وَتَفْرِيقَاً,و,تفريق,ا,1,1.0,1
وَإِرْصَادَاً,و,إرصاد,ا,1,1.0,1
حَارَبَ,,حارب,,1,1.0,1
وَلَيَحْلِفُنَّ,و,ل+ي+حلف+ن+None,,1,1.0,1
لَمَسْجِدٌ,,ل+مسجد,,1,1.0,1
أُسِّسَ,,أسس,,1,1.0,1
أَوَّلِ,,أول,,1,1.0,1
يَتَطَهَّرُوا,ي,تطهر,وا,1,1.0,1
الْمُطَّهِّرِينَ,ال,مطهر,ين,1,1.0,1
جُرُفٍ,,جرف,,1,1.0,1
هَارٍ,,هار,,1,1.0,1
فَانْهَارَ,ف,انهار,,1,1.0,1
بُنْيَانُهُمُ,,بنيان,هم,1,1.0,1
بَنَوْا,,بن,وا,1,1.0,1
رِيبَةً,,ريب,ة,1,1.0,1
اشْتَرَى,,اشترى,,1,1.0,1
فَيَقْتُلُونَ,ف|ي,قتل+ون+None+None,,1,1.0,1
وَيُقْتَلُونَ,و|ي,قتل+ون+None+None,,1,1.0,1
فَاسْتَبْشِرُوا,ف,استبشر,وا,1,1.0,1
بِبَيْعِكُمُ,ب,بيع,كم,1,1.0,1
بَايَعْتُمْ,,بايع,تم,1,1.0,1
التَّائِبُونَ,ال,تائب,ون,1,1.0,1
الْعَابِدُونَ,ال,عابد,ون,1,1.0,1
الْحَامِدُونَ,ال,حامد,ون,1,1.0,1
السَّائِحُونَ,ال,سائح,ون,1,1.0,1
الرَّاكِعُونَ,ال,راكع,ون,1,1.0,1
السَّاجِدُونَ,ال,ساجد,ون,1,1.0,1
الْآمِرُونَ,ال,آمر,ون,1,1.0,1
وَالنَّاهُونَ,و|ال,ناه,ون,1,1.0,1
وَالْحَافِظُونَ,و|ال,حافظ,ون,1,1.0,1
لِحُدُودِ,ل,حدود,,1,1.0,1
يَسْتَغْفِرُوا,ي,ستغفر,وا,1,1.0,1
اسْتِغْفَارُ,,استغفار,,1,1.0,1
مَوْعِدَةٍ,,موعد,ة,1,1.0,1
لَأَوَّاهٌ,,ل+أواه,,1,1.0,1
هَدَاهُمْ,,هدا,هم,1,1.0,1
يُبَيِّنَ,ي,بين,,1,1.0,1
سَاعَةِ,,ساع,ة|(null),1,1.0,1
الْعُسْرَةِ,ال,عسر,ة,1,1.0,1
يَزِيغُ,ي,زيغ,,1,1.0,1
فَرِيقٍ,,فريق,(null),1,1.0,1
الثَّلَاثَةِ,ال,ثلاث,ة,1,1.0,1
خُلِّفُوا,,خلف,وا,1,1.0,1
ضَاقَتْ,,ضاق,ت,1,1.0,1
مَلْجَأَ,,ملجأ,,1,1.0,1
لِيَتُوبُوا,ل|ي,توب,وا,1,1.0,1
وَكُونُوا,و,كون+وا+None,,1,1.0,1
لِأَهْلِ,ل,أهل,,1,1.0,1
حَوْلَهُمْ,,حول,(null)|هم,1,1.0,1
يَتَخَلَّفُوا,ي,تخلف,وا,1,1.0,1
يَرْغَبُوا,ي,رغب,وا,1,1.0,1
يُصِيبُهُمْ,ي,صيب,هم,1,1.0,1
ظَمَأٌ,,ظمأ,,1,1.0,1
مَخْمَصَةٌ,,مخمص,ة,1,1.0,1
يَطَئُونَ,ي,طئ,ون,1,1.0,1
مَوْطِئَاً,,موطئ,ا,1,1.0,1
يَنَالُونَ,ي,نال,ون,1,1.0,1
نَيْلَاً,,نيل,ا,1,1.0,1
نَفَقَةً,,نفق,ة|(null),1,1.0,1
يَقْطَعُونَ,ي,قطع,و|ن,1,1.0,1
وَادِيَاً,,وادي,ا,1,1.0,1
لِيَنْفِرُوا,,ل+ي+نفر+وا+None,,1,1.0,1
نَفَرَ,,نفر,,1,1.0,1
فِرْقَةٍ,,فرق,ة,1,1.0,1
لِيَتَفَقَّهُوا,ل|ي,تفقه+وا+None,,1,1.0,1
وَلِيُنْذِرُوا,و|ل|ي,نذر,وا,1,1.0,1
يَلُونَكُمْ,ي,ل+ون+كم+None+None,,1,1.0,1
وَلْيَجِدُوا,و,ل+ي+جد,وا,1,1.0,1
غِلْظَةً,,غلظ,ة,1,1.0,1
زَادَتْهُ,,زاد,ت|ه,1,1.0,1
رِجْسَاً,,رجس,ا,1,1.0,1
رِجْسِهِمْ,,رجس,هم,1,1.0,1
انْصَرَفُوا,,انصرف,وا,1,1.0,1
صَرَفَ,,صرف,(null),1,1.0,1
حَرِيصٌ,,حريص,,1,1.0,1
أَكَانَ,أ,كان,,1,1.0,1
أَنْذِرِ,,أ+نذر,,1,1.0,1
قَدَمَ,,قدم,(null),1,1.0,1
إِذْنِهِ,,إذن,ه,1,1.0,1
ضِيَاءً,,ضياء,,1,1.0,1
وَقَدَّرَهُ,و,قدر,ه,1,1.0,1
اخْتِلَافِ,,اختلاف,,1,1.0,1
وَاطْمَأَنُّوا,و,اطمأن,وا,1,1.0,1
مَأْوَاهُمُ,,مأوا,هم,1,1.0,1
بِإِيمَانِهِمْ,ب,إيمان,هم,1,1.0,1
وَتَحِيَّتُهُمْ,و,تحي,ة|هم,1,1.0,1
وَآخِرُ,و,آخر,,1,1.0,1
يُعَجِّلُ,ي,عجل,,1,1.0,1
الشَّرَّ,ال,شر,,1,1.0,1
اسْتِعْجَالَهُمْ,,استعجال,هم,1,1.0,1
فَنَذَرُ,ف|ن,ذر,,1,1.0,1
لِجَنْبِهِ,ل,جنب,ه,1,1.0,1
قَاعِدَاً,,قاعد,ا,1,1.0,1
ضُرَّهُ,,ضر,ه,1,1.0,1
يَدْعُنَا,ي,دع,نا,1,1.0,1
لِنَنْظُرَ,ل|ن,نظر,,1,1.0,1
بِقُرْآنٍ,ب,قرآن+(null)+None,,1,1.0,1
بَدِّلْهُ,,بدل,ه,1,1.0,1
أُبَدِّلَهُ,أ,بدل,ه,1,1.0,1
تِلْقَاءِ,,تلقاء,,1,1.0,1
تَلَوْتُهُ,,تلو,ت|ه,1,1.0,1
أَدْرَاكُمْ,,أدرا,كم,1,1.0,1
عُمُرَاً,ال,عمر,ا,1,1.0,1
شُفَعَاؤُنَا,,شفعاؤ,نا,1,1.0,1
أَتُنَبِّئُونَ,أ|ت,نبئ+ون+None+None,,1,1.0,1
فَاخْتَلَفُوا,ف,اختلف,وا,1,1.0,1
مَكْرٌ,,مكر,,1,1.0,1
تَمْكُرُونَ,ت,مكر,ون,1,1.0,1
يُسَيِّرُكُمْ,ي,سير,كم,1,1.0,1
وَجَرَيْنَ,و,جري,ن,1,1.0,1
جَاءَتْهَا,,جاء,ت|ها,1,1.0,1
عَاصِفٌ,,عاصف,,1,1.0,1
أُحِيطَ,,أحيط,,1,1.0,1
أَنْجَيْتَنَا,,أنجي,ت|نا,1,1.0,1
أَنْجَاهُمْ,,أنجا,هم,1,1.0,1
بَغْيُكُمْ,,بغي,كم,1,1.0,1
فَنُنَبِّئُكُمْ,ف|ن,نبئ,كم,1,1.0,1
وَالْأَنْعَامُ,و|ال,أنعام,,1,1.0,1
أَخَذَتِ,,أخذ,ت,1,1.0,1
زُخْرُفَهَا,,زخرف,ها,1,1.0,1
وَازَّيَّنَتْ,و,ازين,ت,1,1.0,1
قَادِرُونَ,,قادر,ون,1,1.0,1
تَغْنَ,ت,غن,,1,1.0,1
دَارِ,,دار,,1,1.0,1
وَزِيَادَةٌ,و,زياد,ة,1,1.0,1
يَرْهَقُ,ي,رهق,,1,1.0,1
قَتَرٌ,,قتر,,1,1.0,1
بِمِثْلِهَا,ب,مثل,ها,1,1.0,1
وَتَرْهَقُهُمْ,و|ت,رهق,هم,1,1.0,1
أُغْشِيَتْ,,أغشي,ت,1,1.0,1
قِطَعَاً,,قطع,ا,1,1.0,1
مُظْلِمَاً,,مظلم,ا,1,1.0,1
مَكَانَكُمْ,,مكان,كم,1,1.0,1
وَشُرَكَاؤُكُمْ,و,شركاؤ,كم,1,1.0,1
فَزَيَّلْنَا,ف,زيل,نا,1,1.0,1
فَكَفَى,ف,كفى,,1,1.0,1
عِبَادَتِكُمْ,,عباد,ة|كم,1,1.0,1
تَبْلُو,ت,بلو,,1,1.0,1
أَسْلَفَتْ,,أسلف,ت,1,1.0,1
وَرُدُّوا,و,رد,وا,1,1.0,1
فَذَلِكُمُ,,ف+ذلك,كم,1,1.0,1
يُتَّبَعَ,ي,تبع,,1,1.0,1
يَهِدِّي,ي,هدي,,1,1.0,1
يُهْدَى,ي,هدى,,1,1.0,1
يُحِيطُوا,ي,حيط,وا,1,1.0,1
عَمَلِي,,عمل,ي,1,1.0,1
عَمَلُكُمْ,,عمل,كم,1,1.0,1
بَرِيئُونَ,,بريئ,ون,1,1.0,1
يَتَعَارَفُونَ,ي,تعارف,ون,1,1.0,1
رَسُولُهُمْ,,رسول,هم,1,1.0,1
عَذَابُهُ,,عذاب,ه,1,1.0,1
أَثُمَّ,,أ,ثم,1,1.0,1
وَيَسْتَنْبِئُونَكَ,و|ي,ستنبئ+ون+ك+None+None,,1,1.0,1
أَحَقٌّ,,أحق,,1,1.0,1
إِي,,إي,,1,1.0,1
ظَلَمَتْ,,ظلم,ت,1,1.0,1
لَافْتَدَتْ,,ل+افتد,ت,1,1.0,1
بِفَضْلِ,ب,فضل,,1,1.0,1
وَبِرَحْمَتِهِ,و|ب,رحم,ة|ه,1,1.0,1
فَبِذَلِكَ,ف|ب,ذلك,,1,1.0,1
فَلْيَفْرَحُوا,ف,ل+ي+فرح,وا,1,1.0,1
فَجَعَلْتُمْ,ف,جعل,تم,1,1.0,1
حَرَامَاً,,حرام,ا,1,1.0,1
وَحَلَالَاً,و,حلال,ا,1,1.0,1
قُرْآنٍ,,قرآن,,1,1.0,1
مِثْقَالِ,,مثقال,,1,1.0,1
أَصْغَرَ,,أصغر,,1,1.0,1
نُذِيقُهُمُ,ن,ذيق,هم,1,1.0,1
الشَّدِيدَ,ال,شديد,(null),1,1.0,1
وَتَذْكِيرِي,و,تذكير+ي+None+None,,1,1.0,1
فَعَلَى,,ف,على,1,1.0,1
أَمْرَكُمْ,,أمر,كم,1,1.0,1
وَشُرَكَاءَكُمْ,و,شركاء,كم,1,1.0,1
أَمْرُكُمْ,,أمر,كم,1,1.0,1
غُمَّةً,,غم,ة,1,1.0,1
اقْضُوا,,ا+قض,وا,1,1.0,1
نَطْبَعُ,ن,طبع,,1,1.0,1
لَسِحْرٌ,,ل+سحر,,1,1.0,1
أَسِحْرٌ,أ,سحر,,1,1.0,1
السَّاحِرُونَ,ال,ساحر,ون,1,1.0,1
لِتَلْفِتَنَا,ل|ت,لفت,نا,1,1.0,1
وَتَكُونَ,و|ت,كون,,1,1.0,1
السِّحْرُ,ال,سحر,,1,1.0,1
سَيُبْطِلُهُ,,س+ي+بطل,ه,1,1.0,1
يُصْلِحُ,ي,صلح,,1,1.0,1
لِمُوسَى,ل,موسى,,1,1.0,1
وَمَلَئِهِمْ,و,ملئ,هم,1,1.0,1
يَفْتِنَهُمْ,ي,فتن,هم,1,1.0,1
لَعَالٍ,,ل+عال,,1,1.0,1
تَوَكَّلُوا,,توكل,وا,1,1.0,1
وَنَجِّنَا,و,نج,نا,1,1.0,1
تَبَوَّآ,,تبوء,ا,1,1.0,1
لِقَوْمِكُمَا,ل,قوم,كما,1,1.0,1
بِمِصْرَ,ب,مصر,,1,1.0,1
وَاجْعَلُوا,و,ا+جعل+وا+None,,1,1.0,1
بُيُوتَكُمْ,,بيوت,كم,1,1.0,1
وَمَلَأَهُ,و,ملأ,ه,1,1.0,1
وَأَمْوَالَاً,و,أموال,ا,1,1.0,1
سَبِيلِكَ,,سبيل,ك,1,1.0,1
اطْمِسْ,,ا+طمس,,1,1.0,1
وَاشْدُدْ,و,اشدد,,1,1.0,1
أُجِيبَتْ,,أجيب,ت,1,1.0,1
دَعْوَتُكُمَا,,دعو,ت|كما,1,1.0,1
فَاسْتَقِيمَا,ف,استقيم,ا,1,1.0,1
تَتَّبِعَانِّ,ت,تبع,ان,1,1.0,1
وَعَدْوَاً,,عدو,ا,1,1.0,1
أَدْرَكَهُ,,أدرك,ه,1,1.0,1
الْغَرَقُ,ال,غرق,,1,1.0,1
بَنُو,,بنو,,1,1.0,1
عَصَيْتَ,,عصي,ت,1,1.0,1
نُنَجِّيكَ,ن,نجي,ك,1,1.0,1
بِبَدَنِكَ,ب,بدن,ك,1,1.0,1
خَلْفَكَ,,خلف,ك,1,1.0,1
لَغَافِلُونَ,,ل+غافل,ون,1,1.0,1
مُبَوَّأَ,,مبوأ,,1,1.0,1
قَرْيَةٌ,,قري,ة|(null),1,1.0,1
فَنَفَعَهَا,,ف+نفع,ها,1,1.0,1
وَمَتَّعْنَاهُمْ,و,متع,نا|هم,1,1.0,1
لَآمَنَ,,ل+آمن,,1,1.0,1
تُكْرِهُ,ت,كره,,1,1.0,1
تُؤْمِنَ,ت,ؤمن,,1,1.0,1
وَالنُّذُرُ,و|ال,نذر,,1,1.0,1
يَنْتَظِرُونَ,ي,نتظر,ون,1,1.0,1
أَيَّامِ,,أيام,(null),1,1.0,1
نُنْجِ,ن,نج,,1,1.0,1
أَقِمْ,,أ+قم,,1,1.0,1
يَنْفَعُكَ,ي,نفع,ك,1,1.0,1
يَضُرُّكَ,ي,ضر,ك,1,1.0,1
يُرِدْكَ,ي,رد,ك,1,1.0,1
رَادَّ,,راد,(null),1,1.0,1
لِفَضْلِهِ,ل,فضل,ه,1,1.0,1
يُصِيبُ,ي,صيب,,1,1.0,1
أُحْكِمَتْ,,أحكم,ت,1,1.0,1
يُمَتِّعْكُمْ,ي,متع,كم,1,1.0,1
يَثْنُونَ,ي,ثن,ون,1,1.0,1
صُدُورَهُمْ,,صدور,هم,1,1.0,1
لِيَسْتَخْفُوا,ل|ي,ستخف,وا,1,1.0,1
يَسْتَغْشُونَ,ي,ستغش,ون,1,1.0,1
مُسْتَقَرَّهَا,,مستقر,ها,1,1.0,1
وَمُسْتَوْدَعَهَا,و,مستودع,ها,1,1.0,1
عَرْشُهُ,,عرش,ه,1,1.0,1
أَخَّرْنَا,,أخر,نا,1,1.0,1
يَحْبِسُهُ,ي,حبس,ه,1,1.0,1
مَصْرُوفَاً,,مصروف,ا,1,1.0,1
نَزَعْنَاهَا,ن,زع,نا|ها,1,1.0,1
لَيَئُوسٌ,ل,يئوس,,1,1.0,1
نَعْمَاءَ,,نعماء,,1,1.0,1
السَّيِّئَاتُ,ال,سيئ,ات,1,1.0,1
لَفَرِحٌ,,ل+فرح,,1,1.0,1
فَخُورٌ,,فخور,,1,1.0,1
تَارِكٌ,,تارك,,1,1.0,1
وَضَائِقٌ,و,ضائق,,1,1.0,1
بِعَشْرِ,ب,عشر,,1,1.0,1
سُوَرٍ,,سور,,1,1.0,1
مُفْتَرَيَاتٍ,,مفتري,ات,1,1.0,1
فَإِلَّمْ,,ف+إن+لم,,1,1.0,1
بِعِلْمِ,ب,علم,,1,1.0,1
نُوَفِّ,ن,وف,,1,1.0,1
يُبْخَسُونَ,ي,بخس,ون,1,1.0,1
وَحَبِطَ,و,حبط,,1,1.0,1
وَيَتْلُوهُ,و|ي,تل,و|ه,1,1.0,1
مَوْعِدُهُ,,عام,ه,1,1.0,1
وَأَخْبَتُوا,و,أخبت,وا,1,1.0,1
كَالْأَعْمَى,ك|ال,أعمى,,1,1.0,1
وَالْأَصَمِّ,و|ال,أصم,,1,1.0,1
وَالْبَصِيرِ,و|ال,بصير,,1,1.0,1
وَالسَّمِيعِ,و|ال,سميع,,1,1.0,1
مِثْلَنَا,,مثل,نا,1,1.0,1
أَرَاذِلُنَا,,أراذل,نا,1,1.0,1
بَادِيَ,,بادي,,1,1.0,1
الرَّأْيِ,ال,رأي,,1,1.0,1
نَظُنُّكُمْ,ن,ظن,كم,1,1.0,1
فَعُمِّيَتْ,ف,عمي+ت+None,,1,1.0,1
أَنُلْزِمُكُمُوهَا,أ|ن,لزم+كم+و,ها,1,1.0,1
طَرَدْتُهُمْ,,طرد,ت|هم,1,1.0,1
تَزْدَرِي,ت,زدري,,1,1.0,1
أَعْيُنُكُمْ,,أعين,كم,1,1.0,1
يُؤْتِيَهُمُ,ي,ؤتي,هم,1,1.0,1
جَادَلْتَنَا,,جادل,ت|نا,1,1.0,1
فَأَكْثَرْتَ,ف,أكثر,ت,1,1.0,1
جِدَالَنَا,,جدال,نا,1,1.0,1
نُصْحِي,,نصح,ي,1,1.0,1
أَرَدْتُ,,أرد,ت,1,1.0,1
أَنْصَحَ,أ,نصح,,1,1.0,1
يُغْوِيَكُمْ,ي,غوي,كم,1,1.0,1
فَعَلَيَّ,,ف+على+None,,1,1.0,1
إِجْرَامِي,,إجرام+ي,,1,1.0,1
تُجْرِمُونَ,ت,جرم+ون+None,,1,1.0,1
يُؤْمِنَ,ي,ؤمن,,1,1.0,1
وَاصْنَعِ,و,ا+صنع,,1,1.0,1
وَيَصْنَعُ,و|ي,صنع,,1,1.0,1
وَكُلَّمَا,و,كل+ما,,1,1.0,1
مَلَأٌ,,ملأ,,1,1.0,1
تَسْخَرُوا,ت,سخر,وا,1,1.0,1
نَسْخَرُ,ن,سخر,,1,1.0,1
تَسْخَرُونَ,ت,سخر,ون,1,1.0,1
احْمِلْ,,ا+حمل,,1,1.0,1
ارْكَبُوا,,اركب,وا,1,1.0,1
مَجْرَاهَا,,مجرا,ها,1,1.0,1
وَمُرْسَاهَا,و,مرسا,ها,1,1.0,1
مَوْجٍ,,موج,,1,1.0,1
كَالْجِبَالِ,ك|ال,جبال,,1,1.0,1
ابْنَهُ,,ابن,ه,1,1.0,1
مَعْزِلٍ,,معزل,,1,1.0,1
ارْكَبْ,,اركب,,1,1.0,1
سَآوِي,س,آوي,,1,1.0,1
يَعْصِمُنِي,ي,عصم+ن,ي,1,1.0,1
عَاصِمَ,,عاصم,,1,1.0,1
وَحَالَ,و,حال,,1,1.0,1
الْمُغْرَقِينَ,ال,مغرق,ين,1,1.0,1
يَاأَرْضُ,يا,أرض,(null),1,1.0,1
ابْلَعِي,,ابلع,ي,1,1.0,1
مَاءَكِ,,ماء,ك,1,1.0,1
وَيَاسَمَاءُ,و,سماء+يا+(null)+None+None+None,,1,1.0,1
أَقْلِعِي,,أقلع,ي,1,1.0,1
وَغِيضَ,و,غيض,,1,1.0,1
وَاسْتَوَتْ,و,استو+ت+None+None,,1,1.0,1
الْجُودِيِّ,ال,جودي,,1,1.0,1
ابْنِي,,ابن,ي,1,1.0,1
وَعْدَكَ,,وعد,ك,1,1.0,1
أَحْكَمُ,,أحكم,,1,1.0,1
تَسْأَلْنِ,ت,سأل+ن,,1,1.0,1
أَعِظُكَ,أ,عظ,ك,1,1.0,1
أَسْأَلَكَ,أ,سأل,ك,1,1.0,1
وَتَرْحَمْنِي,و|ت,رحم+ني+None+None,,1,1.0,1
اهْبِطْ,,ا+هبط,,1,1.0,1
وَبَرَكَاتٍ,و,برك,ات,1,1.0,1
وَأُمَمٌ,و,أمم,,1,1.0,1
سَنُمَتِّعُهُمْ,,س+ن+متع,هم,1,1.0,1
نُوحِيهَا,ن,وحي,ها,1,1.0,1
تَعْلَمُهَا,ت,علم,ها,1,1.0,1
الْعَاقِبَةَ,ال,عاقب,ة|(null),1,1.0,1
مُفْتَرُونَ,,مفتر,ون,1,1.0,1
وَيَزِدْكُمْ,و|ي,زد,كم,1,1.0,1
قُوَّتِكُمْ,,قو,ة|كم,1,1.0,1
يَاهُودُ,يا,هود,,1,1.0,1
بِتَارِكِي,ب,تارك,ي,1,1.0,1
قَوْلِكَ,,قول,ك,1,1.0,1
اعْتَرَاكَ,,اعترا,ك,1,1.0,1
أُشْهِدُ,أ,شهد,,1,1.0,1
وَاشْهَدُوا,و,ا+شهد,وا,1,1.0,1
فَكِيدُونِي,,ف+كيد+و+ن,ي,1,1.0,1
آخِذٌ,,آخذ,,1,1.0,1
بِنَاصِيَتِهَا,ب,ناصي,ت|ها,1,1.0,1
وَيَسْتَخْلِفُ,و|ي,ستخلف,,1,1.0,1
تَضُرُّونَهُ,ت,ضر+ون+ه+None+None,,1,1.0,1
وَنَجَّيْنَاهُمْ,و,نجي,نا|هم,1,1.0,1
جَحَدُوا,,جحد,وا,1,1.0,1
وَعَصَوْا,و,عص,وا,1,1.0,1
لِعَادٍ,ل,عاد,,1,1.0,1
وَاسْتَعْمَرَكُمْ,و,استعمر,كم,1,1.0,1
فَاسْتَغْفِرُوهُ,ف,ا+ستغفر,و|ه,1,1.0,1
مُجِيبٌ,,مجيب,,1,1.0,1
مَرْجُوَّاً,,مرجو,ا,1,1.0,1
أَتَنْهَانَا,أ|ت,نها+نا+None,,1,1.0,1
وَإِنَّنَا,و,إن+نا+None,,1,1.0,1
عَصَيْتُهُ,,عصي,ت|ه,1,1.0,1
تَزِيدُونَنِي,ت,زيد+ون+ن+ي+None+None,,1,1.0,1
تَخْسِيرٍ,,تخسير,,1,1.0,1
دَارِكُمْ,,دار,كم,1,1.0,1
وَعْدٌ,,وعد,(null),1,1.0,1
مَكْذُوبٍ,,مكذوب,(null),1,1.0,1
خِزْيِ,,خزي,,1,1.0,1
لِثَمُودَ,ل,ثمود,,1,1.0,1
لَبِثَ,,لبث,(null),1,1.0,1
حَنِيذٍ,,حنيذ,,1,1.0,1
تَصِلُ,ت,صل,,1,1.0,1
نَكِرَهُمْ,,نكر,هم,1,1.0,1
وَأَوْجَسَ,و,أوجس,,1,1.0,1
فَضَحِكَتْ,ف,ضحك,ت,1,1.0,1
فَبَشَّرْنَاهَا,ف,بشر,نا|ها,1,1.0,1
يَاوَيْلَتِى,يا,ويل,ت|ى,1,1.0,1
أَأَلِدُ,أ|أ,لد,,1,1.0,1
بَعْلِي,,بعل,ي,1,1.0,1
أَتَعْجَبِينَ,أ|ت,عجب,ين,1,1.0,1
رَحْمَتُ,,رحم,ة,1,1.0,1
وَبَرَكَاتُهُ,و,برك,ات|ه,1,1.0,1
الرَّوْعُ,ال,روع,,1,1.0,1
وَجَاءَتْهُ,و,جاء,ت|ه,1,1.0,1
يُجَادِلُنَا,ي,جادل,نا,1,1.0,1
لَحَلِيمٌ,,ل+حليم,,1,1.0,1
أَوَّاهٌ,,أواه,,1,1.0,1
مُنِيبٌ,,منيب,,1,1.0,1
آتِيهِمْ,,آتي,هم,1,1.0,1
مَرْدُودٍ,,مردود,,1,1.0,1
عَصِيبٌ,,عصيب,,1,1.0,1
وَجَاءَهُ,و,جاء,ه,1,1.0,1
رَشِيدٌ,,رشيد,,1,1.0,1
بَنَاتِكَ,,بن,ات|ك,1,1.0,1
لَتَعْلَمُ,,ل+ت+علم,,1,1.0,1
آوِي,أ,أ,,1,1.0,1
رُكْنٍ,,ركن,,1,1.0,1
يَصِلُوا,ي,صل,وا,1,1.0,1
مُصِيبُهَا,,مصيب,ها,1,1.0,1
مَوْعِدَهُمُ,,موعد,هم,1,1.0,1
بِقَرِيبٍ,ب,قريب,,1,1.0,1
تَنْقُصُوا,ت,نقص,وا,1,1.0,1
مُحِيطٍ,,محيط,(null),1,1.0,1
بَقِيَّتُ,,بقي,ة|(null),1,1.0,1
أَصَلَاتُكَ,أ,صلا,ة|ك,1,1.0,1
تَأْمُرُكَ,ت,أمر,ك,1,1.0,1
نَتْرُكَ,ن,ترك,,1,1.0,1
نَفْعَلَ,ن,فعل,,1,1.0,1
أَمْوَالِنَا,,أموال,نا,1,1.0,1
الْحَلِيمُ,ال,حليم,,1,1.0,1
الرَّشِيدُ,ال,رشيد,,1,1.0,1
وَرَزَقَنِي,و,رزق+ن,ي,1,1.0,1
أُخَالِفَكُمْ,أ,خالف,كم,1,1.0,1
أَنْهَاكُمْ,,أنها,كم,1,1.0,1
الْإِصْلَاحَ,ال,إصلاح,,1,1.0,1
اسْتَطَعْتُ,,استطع,ت,1,1.0,1
تَوْفِيقِي,,توفيق,ي,1,1.0,1
شِقَاقِي,,شقاق,ي,1,1.0,1
يُصِيبَكُمْ,ي,صيب,كم,1,1.0,1
وَدُودٌ,,ودود,,1,1.0,1
نَفْقَهُ,ن,فقه,,1,1.0,1
رَهْطُكَ,,رهط,ك,1,1.0,1
لَرَجَمْنَاكَ,,ل+رجم,نا|ك,1,1.0,1
أَرَهْطِي,أ,رهط+ي+None+None,,1,1.0,1
أَعَزُّ,,أعز,,1,1.0,1
وَاتَّخَذْتُمُوهُ,و,اتخذ+تم+و,ه,1,1.0,1
ظِهْرِيَّاً,,ظهر+ي,ا,1,1.0,1
وَارْتَقِبُوا,و,ارتقب,وا,1,1.0,1
وَأَخَذَتِ,و,أخذ,ط,1,1.0,1
لِمَدْيَنَ,ل,مدين,,1,1.0,1
بَعِدَتْ,,بعد,ت,1,1.0,1
فَاتَّبَعُوا,ف,اتبع,وا,1,1.0,1
بِرَشِيدٍ,ب,رشيد,,1,1.0,1
يَقْدُمُ,ي,قدم,,1,1.0,1
فَأَوْرَدَهُمُ,ف,أورد,هم,1,1.0,1
الْوِرْدُ,ال,ورد,,1,1.0,1
الْمَوْرُودُ,ال,مورود,,1,1.0,1
الرِّفْدُ,ال,رفد,,1,1.0,1
الْمَرْفُودُ,ال,مرفود,,1,1.0,1
نَقُصُّهُ,ن,قص,ه,1,1.0,1
وَحَصِيدٌ,و,حصيد,,1,1.0,1
أَغْنَتْ,,أغن,ت,1,1.0,1
آلِهَتُهُمُ,ال,آله,ت|هم,1,1.0,1
زَادُوهُمْ,,زاد,و|هم,1,1.0,1
تَتْبِيبٍ,,تتبيب,,1,1.0,1
أَخْذُ,,أخذ,(null),1,1.0,1
أَخْذَهُ,,أخذ,ه,1,1.0,1
مَجْمُوعٌ,,مجموع,(null),1,1.0,1
مَشْهُودٌ,,مشهود,,1,1.0,1
نُؤَخِّرُهُ,ن,ؤخر,ه,1,1.0,1
مَعْدُودٍ,,معدود,,1,1.0,1
تَكَلَّمُ,ت,كلم,,1,1.0,1
شَقِيٌّ,,شقي,,1,1.0,1
وَسَعِيدٌ,و,سعيد,,1,1.0,1
شَقُوا,,شق,وا,1,1.0,1
وَشَهِيقٌ,و,شهيق,,1,1.0,1
مَا دَامَتْ,,ما+دام+ت+None,,1,1.0,1
سُعِدُوا,,سعد,وا,1,1.0,1
دَامَتِ,,دام,ت,1,1.0,1
مَجْذُوذٍ,,مجذوذ,,1,1.0,1
لَمُوَفُّوهُمْ,,ل+موف,و|هم,1,1.0,1
مَنْقُوصٍ,,منقوص,,1,1.0,1
لَيُوَفِّيَنَّهُمْ,,ل+ي+وفي+ن,هم,1,1.0,1
فَاسْتَقِمْ,,ف+استقم,,1,1.0,1
تَرْكَنُوا,ت,ركن+وا+None,,1,1.0,1
فَتَمَسَّكُمُ,,ف+ت+مس,كم,1,1.0,1
طَرَفَيِ,,طرف,ي,1,1.0,1
وَزُلَفَاً,و,زلف,ا,1,1.0,1
الْحَسَنَاتِ,ال,حسن,ات,1,1.0,1
يُذْهِبْنَ,ي,ذهب,ن,1,1.0,1
لِلذَّاكِرِينَ,ل|ال,ذاكر,ين,1,1.0,1
بَقِيَّةٍ,,بقي,ة|(null),1,1.0,1
الْفَسَادِ,ال,فساد,,1,1.0,1
أُتْرِفُوا,,أترف,وا,1,1.0,1
لِيُهْلِكَ,ل|ي,هلك,,1,1.0,1
لَجَعَلَ,,ل+جعل,,1,1.0,1
مُخْتَلِفِينَ,,مختلف,ين,1,1.0,1
وَلِذَلِكَ,و|ل,ذلك,,1,1.0,1
نُثَبِّتُ,ن,ثبت,,1,1.0,1
وَجَاءَكَ,و,جاء,ك,1,1.0,1
وَانْتَظِرُوا,و,انتظر,وا,1,1.0,1
يُرْجَعُ,ي,رجع,,1,1.0,1
الْقَصَصِ,ال,قصص,,1,1.0,1
رَأَيْتُ,,رأي,ت,1,1.0,1
أَحَدَ,,أحد,,1,1.0,1
رَأَيْتُهُمْ,,رأي,ت|هم,1,1.0,1
تَقْصُصْ,ت,قصص,,1,1.0,1
رُؤْيَاكَ,,رؤيا,ك,1,1.0,1
إِخْوَتِكَ,,إخو,ة|ك,1,1.0,1
فَيَكِيدُوا,ف|ي,كيد+وا+None,,1,1.0,1
يَجْتَبِيكَ,ي,جتبي,ك,1,1.0,1
وَيُعَلِّمُكَ,و|ي,علم,ك,1,1.0,1
وَيُتِمُّ,و|ي,تم,,1,1.0,1
أَتَمَّهَا,,أتم,ها,1,1.0,1
أَبَوَيْكَ,,أبو,ي|ك,1,1.0,1
وَإِخْوَتِهِ,و,إخو,ة|ه,1,1.0,1
لَيُوسُفُ,ل,يوسف,,1,1.0,1
وَأَخُوهُ,و,أخو,ه,1,1.0,1
أَبِينَا,,أبي,نا,1,1.0,1
أَبَانَا,,أبا,نا,1,1.0,1
اطْرَحُوهُ,,ا+طرح,و|ه,1,1.0,1
أَرْضَاً,,أرض,ا,1,1.0,1
يَخْلُ,ي,خل,,1,1.0,1
وَأَلْقُوهُ,و,ألق+و+ه+None,,1,1.0,1
يَلْتَقِطْهُ,ي,لتقط,ه,1,1.0,1
السَّيَّارَةِ,ال,سيار,ة,1,1.0,1
تَأْمَنَّا,ت,أم,نا,1,1.0,1
لَنَاصِحُونَ,,ل+ناصح,ون,1,1.0,1
أَرْسِلْهُ,,أرسل,ه,1,1.0,1
يَرْتَعْ,ي,رتع,,1,1.0,1
وَيَلْعَبْ,و|ي,لعب,,1,1.0,1
لَيَحْزُنُنِي,,ل+ي+حزن+ن,ي,1,1.0,1
تَذْهَبُوا,ت,ذهب,وا,1,1.0,1
وَأَخَافُ,و|أ,خاف,,1,1.0,1
يَأْكُلَهُ,ي,أكل,ه,1,1.0,1
أَكَلَهُ,,أكل,ه,1,1.0,1
ذَهَبُوا,,ذهب,وا,1,1.0,1
وَأَجْمَعُوا,و,أجمع,وا,1,1.0,1
يَجْعَلُوهُ,ي,جعل,و|ه,1,1.0,1
لَتُنَبِّئَنَّهُمْ,,ل+ت+نبئ+ن,هم,1,1.0,1
بِأَمْرِهِمْ,ب,أمر,هم,1,1.0,1
أَبَاهُمْ,,أبا,هم,1,1.0,1
عِشَاءً,,عشاء,,1,1.0,1
ذَهَبْنَا,,ذهب,نا,1,1.0,1
نَسْتَبِقُ,ن,ستبق,,1,1.0,1
مَتَاعِنَا,,متاع,نا,1,1.0,1
فَأَكَلَهُ,ف,أكل+ه+None,,1,1.0,1
بِمُؤْمِنٍ,ب,مؤمن,,1,1.0,1
قَمِيصِهِ,,قميص,ه,1,1.0,1
بِدَمٍ,ب,دم,,1,1.0,1
كَذِبٍ,,كذب,,1,1.0,1
سَيَّارَةٌ,,سيار,ة|(null),1,1.0,1
فَأَرْسَلُوا,ف,أرسل+وا+None,,1,1.0,1
وَارِدَهُمْ,,وارد,هم,1,1.0,1
فَأَدْلَى,ف,أدلى,,1,1.0,1
دَلْوَهُ,,دلو,ه,1,1.0,1
يَابُشْرَى,يا,بشرى,,1,1.0,1
وَأَسَرُّوهُ,و,أسر,و|ه,1,1.0,1
بِضَاعَةً,,بضاع,ة,1,1.0,1
وَشَرَوْهُ,و,شر,و|ه,1,1.0,1
بِثَمَنٍ,ب,ثمن,(null),1,1.0,1
بَخْسٍ,,بخس,,1,1.0,1
دَرَاهِمَ,,دراهم,(null),1,1.0,1
الزَّاهِدِينَ,ال,زاهد,ين,1,1.0,1
لِامْرَأَتِهِ,ل,امرأ,ت|ه,1,1.0,1
أَكْرِمِي,,أكرم,ي,1,1.0,1
مَثْوَاهُ,,مثوا,ه,1,1.0,1
وَلِنُعَلِّمَهُ,و|ل|ن,علم,ه,1,1.0,1
غَالِبٌ,,غالب,,1,1.0,1
وَرَاوَدَتْهُ,و,راود,ت|ه,1,1.0,1
بَيْتِهَا,,بيت,(null)|ها,1,1.0,1
وَغَلَّقَتِ,و,غلق,ت,1,1.0,1
الْأَبْوَابَ,ال,أبواب,,1,1.0,1
هَيْتَ,,هيت,,1,1.0,1
مَثْوَايَ,,مثوا,ي,1,1.0,1
وَهَمَّ,و,هم,,1,1.0,1
لِنَصْرِفَ,ل|ن,صرف,,1,1.0,1
وَالْفَحْشَاءَ,و|ال,فحشاء,,1,1.0,1
وَاسْتَبَقَا,و,استبق,ا,1,1.0,1
وَقَدَّتْ,و,قد,ت,1,1.0,1
وَأَلْفَيَا,و,ألفي,ا,1,1.0,1
سَيِّدَهَا,,سيد,ها,1,1.0,1
الْبَابِ,ال,باب,(null),1,1.0,1
يُسْجَنَ,ي,سجن,,1,1.0,1
رَاوَدَتْنِي,,راود+ت+ن,ي,1,1.0,1
قُبُلٍ,,قبل,,1,1.0,1
فَصَدَقَتْ,ف,صدق,ت,1,1.0,1
فَكَذَبَتْ,ف,كذب,ت,1,1.0,1
كَيْدِكُنَّ,,كيد,كن,1,1.0,1
كَيْدَكُنَّ,,كيد,كن,1,1.0,1
وَاسْتَغْفِرِي,و,ا+ستغفر,ي,1,1.0,1
لِذَنْبِكِ,ل,ذنب,ك,1,1.0,1
إِنَّكِ,,إن,ك,1,1.0,1
كُنْتِ,,كن,ت,1,1.0,1
الْخَاطِئِينَ,ال,خاطئ,ين,1,1.0,1
نِسْوَةٌ,,نسو,ة|(null),1,1.0,1
تُرَاوِدُ,ت,راود,,1,1.0,1
فَتَاهَا,,فتى,ها,1,1.0,1
شَغَفَهَا,,شغف,ها,1,1.0,1
لَنَرَاهَا,ل|ن,را+ها+None,,1,1.0,1
سَمِعَتْ,,سمع,ت,1,1.0,1
بِمَكْرِهِنَّ,ب,مكر+هن+None,,1,1.0,1
أَرْسَلَتْ,,أرسل,ت,1,1.0,1
وَأَعْتَدَتْ,و,أعتد+ت+None,,1,1.0,1
مُتَّكَأً,,متكأ,,1,1.0,1
وَآتَتْ,و,آت+ت+None,,1,1.0,1
سِكِّينَاً,,سكين,ا,1,1.0,1
رَأَيْنَهُ,,رأي,ن|ه,1,1.0,1
أَكْبَرْنَهُ,,أكبر,ن|ه,1,1.0,1
وَقَطَّعْنَ,و,قطع+ن+None,,1,1.0,1
فَذَلِكُنَّ,,ف+ذلك+ن+None,,1,1.0,1
لُمْتُنَّنِي,,لم+تن+ن,ي,1,1.0,1
فَاسْتَعْصَمَ,ف,استعصم,,1,1.0,1
آمُرُهُ,أ,أمر+ه+None,,1,1.0,1
لَيُسْجَنَنَّ,,ل+ي+سجن+ن,,1,1.0,1
وَلَيَكُونَاً,و,ل+ي+كون+ا+None,,1,1.0,1
السِّجْنُ,ال,سجن,(null),1,1.0,1
يَدْعُونَنِي,ي,دع+و+ن+ن,ي,1,1.0,1
تَصْرِفْ,ت,صرف,,1,1.0,1
أَصْبُ,أ,صب,,1,1.0,1
فَصَرَفَ,ف,صرف,,1,1.0,1
لَيَسْجُنُنَّهُ,,ل+ي+سجن+ن+ه+None+None,,1,1.0,1
السِّجْنَ,ال,سجن,(null),1,1.0,1
فَتَيَانِ,,فتى,ان,1,1.0,1
أَعْصِرُ,أ,عصر,,1,1.0,1
أَحْمِلُ,أ,حمل,,1,1.0,1
رَأْسِي,,رأس+ي,,1,1.0,1
خُبْزَاً,,خبز,ا,1,1.0,1
نَبِّئْنَا,,نبئ,نا,1,1.0,1
يَأْتِيكُمَا,ي,أتي,كما,1,1.0,1
تُرْزَقَانِهِ,ت,رزق+ان+ه+None+None,,1,1.0,1
نَبَّأْتُكُمَا,,نبأ,ت|كما,1,1.0,1
يَأْتِيَكُمَا,ي,أتي,كما,1,1.0,1
ذَلِكُمَا,,ذلك+ما,,1,1.0,1
عَلَّمَنِي,,علم+ن,ي,1,1.0,1
وَاتَّبَعْتُ,و,اتبع,ت,1,1.0,1
آبَائِي,,آبائ,ي,1,1.0,1
أَأَرْبَابٌ,أ,أرباب,,1,1.0,1
مُتَفَرِّقُونَ,,متفرق,ون,1,1.0,1
أَسْمَاءً,,أسماء,,1,1.0,1
أَحَدُكُمَا,,أحد,كما,1,1.0,1
فَيَسْقِي,,ف+ي+سقي,,1,1.0,1
فَيُصْلَبُ,,ف+ي+صلب,,1,1.0,1
فَتَأْكُلُ,,ف+ت+أكل,,1,1.0,1
تَسْتَفْتِيَانِ,ت,ستفتي,ان,1,1.0,1
نَاجٍ,,ناج,,1,1.0,1
اذْكُرْنِي,,ا+ذكر+ن,ي,1,1.0,1
فَأَنْسَاهُ,ف,أنسا,ه,1,1.0,1
بِضْعَ,,بضع,,1,1.0,1
وَسَبْعَ,و,سبع,,1,1.0,1
لِلرُّؤْيَا,ل|ال,رؤيا,,1,1.0,1
تَعْبُرُونَ,ت,عبر+ون+None,,1,1.0,1
الْأَحْلَامِ,ال,أحلام,(null),1,1.0,1
بِعَالِمِينَ,ب,عالم,ين,1,1.0,1
نَجَا,,نجا,,1,1.0,1
وَادَّكَرَ,و,ادكر,,1,1.0,1
فَأَرْسِلُونِ,ف,أرسل+و+ن+None,,1,1.0,1
الصِّدِّيقُ,ال,صديق,,1,1.0,1
أَفْتِنَا,,أ+فت,نا,1,1.0,1
سَبْعِ,,سبع,(null),1,1.0,1
وَسَبْعِ,و,سبع,,1,1.0,1
أَرْجِعُ,أ,رجع,,1,1.0,1
تَزْرَعُونَ,ت,زرع,ون,1,1.0,1
دَأَبَاً,,دأب,ا,1,1.0,1
حَصَدْتُمْ,,حصد,تم,1,1.0,1
فَذَرُوهُ,,ف+ذر,و|ه,1,1.0,1
سُنْبُلِهِ,,سنبل,ه,1,1.0,1
يَأْكُلْنَ,ي,أكل,ن,1,1.0,1
قَدَّمْتُمْ,,قدم,تم,1,1.0,1
تُحْصِنُونَ,ت,حصن,ون,1,1.0,1
عَامٌ,,عام,(null),1,1.0,1
يُغَاثُ,ي,غاث,,1,1.0,1
وَفِيهِ,و|في,ه,,1,1.0,1
يَعْصِرُونَ,ي,عصر,ون,1,1.0,1
فَاسْأَلْهُ,ف,ا+سأل,ه,1,1.0,1
النِّسْوَةِ,ال,نسو,ة,1,1.0,1
قَطَّعْنَ,,قطع,ن,1,1.0,1
بِكَيْدِهِنَّ,ب,كيد,هن,1,1.0,1
خَطْبُكُنَّ,,خطب,كن,1,1.0,1
رَاوَدْتُنَّ,,راود,تن,1,1.0,1
قُلْنَ,,قل,ن,1,1.0,1
حَصْحَصَ,,حصحص,,1,1.0,1
أَخُنْهُ,أ,خن,ه,1,1.0,1
أُبَرِّئُ,أ,برئ,,1,1.0,1
لَأَمَّارَةٌ,,ل+أمار,ة,1,1.0,1
أَسْتَخْلِصْهُ,أ,ستخلص,ه,1,1.0,1
كَلَّمَهُ,,كلم,ه,1,1.0,1
مَكِينٌ,,مكين,,1,1.0,1
خَزَائِنِ,,خزائن,,1,1.0,1
يَتَبَوَّأُ,ي,تبوأ,,1,1.0,1
نُصِيبُ,,نصيب,(null),1,1.0,1
بِرَحْمَتِنَا,ب,رحم,ت|نا,1,1.0,1
إِخْوَةُ,,إخو,ة,1,1.0,1
فَدَخَلُوا,ف,دخل,وا,1,1.0,1
فَعَرَفَهُمْ,ف,عرف,هم,1,1.0,1
بِأَخٍ,ب,أخ,,1,1.0,1
أُوفِي,أ,وفي,,1,1.0,1
تَأْتُونِي,ت,أت+ون+ي+None+None,,1,1.0,1
تَقْرَبُونِ,ت,قرب+ون+None+None+None,,1,1.0,1
سَنُرَاوِدُ,,س+ن+راود,,1,1.0,1
أَبَاهُ,,أبا,ه,1,1.0,1
لَفَاعِلُونَ,,ل+فاعل,ون,1,1.0,1
لِفِتْيَانِهِ,ل,فتيان,ه,1,1.0,1
اجْعَلُوا,,ا+جعل,وا,1,1.0,1
رِحَالِهِمْ,,رحال,هم,1,1.0,1
يَعْرِفُونَهَا,ي,عرف+ون+ها+None+None,,1,1.0,1
أَبِيهِمْ,,أبي,هم,1,1.0,1
مُنِعَ,,منع,,1,1.0,1
الْكَيْلُ,ال,كيل,,1,1.0,1
نَكْتَلْ,ن,كتل,,1,1.0,1
آمَنُكُمْ,,آمن,كم,1,1.0,1
أَمِنْتُكُمْ,,أمن,ت|كم,1,1.0,1
حَافِظَاً,,حافظ,ا,1,1.0,1
فَتَحُوا,,فتح,وا,1,1.0,1
مَتَاعَهُمْ,,متاع,هم,1,1.0,1
وَجَدُوا,,وجد,وا,1,1.0,1
نَبْغِي,ن,بغي,,1,1.0,1
بِضَاعَتُنَا,,بضاع,ة|نا,1,1.0,1
وَنَمِيرُ,و|ن,مير,,1,1.0,1
أَهْلَنَا,,أهل,نا,1,1.0,1
وَنَحْفَظُ,و|ن,حفظ,,1,1.0,1
وَنَزْدَادُ,و|ن,زداد,,1,1.0,1
كَيْلٌ,,كيل,,1,1.0,1
أُرْسِلَهُ,أ,رسل,ه,1,1.0,1
تُؤْتُونِ,ت,ؤت+ون+None+None+None,,1,1.0,1
لَتَأْتُنَّنِي,,ل+ت+أت+ن+ن+ي+None,,1,1.0,1
يُحَاطَ,ي,حاط,,1,1.0,1
آتَوْهُ,,آت,و|ه,1,1.0,1
مَوْثِقَهُمْ,,موثق,هم,1,1.0,1
مُتَفَرِّقَةٍ,,متفرق,ة|(null),1,1.0,1
أُغْنِي,أ,غني,,1,1.0,1
نَفْسِ,,نفس,,1,1.0,1
قَضَاهَا,,قضا,ها,1,1.0,1
أَخُوكَ,,أخو,ك,1,1.0,1
السِّقَايَةَ,ال,سقاي,ة,1,1.0,1
رَحْلِ,,رحل,,1,1.0,1
أَذَّنَ,,أذن,,1,1.0,1
أَيَّتُهَا,,أي,ت|ها,1,1.0,1
لَسَارِقُونَ,,ل+سارق,ون,1,1.0,1
وَأَقْبَلُوا,و,أقبل,وا,1,1.0,1
تَفْقِدُونَ,ت,فقد,ون,1,1.0,1
نَفْقِدُ,ن,فقد,,1,1.0,1
صُوَاعَ,,صواع,,1,1.0,1
حِمْلُ,,حمل,,1,1.0,1
لِنُفْسِدَ,ل|ن,فسد,,1,1.0,1
سَارِقِينَ,,سارق,ين,1,1.0,1
وُجِدَ,,وجد,,1,1.0,1
رَحْلِهِ,,رحل,ه,1,1.0,1
فَبَدَأَ,ف,بدأ,(null),1,1.0,1
بِأَوْعِيَتِهِمْ,ب,أوعي,ة|هم,1,1.0,1
اسْتَخْرَجَهَا,,استخرج,ها,1,1.0,1
كِدْنَا,,كد,نا,1,1.0,1
لِيَأْخُذَ,ل|ي,أخذ,,1,1.0,1
وَفَوْقَ,و,فوق,,1,1.0,1
يَسْرِقْ,ي,سرق,,1,1.0,1
فَأَسَرَّهَا,ف,أسر,ها,1,1.0,1
يُبْدِهَا,ي,بد,ها,1,1.0,1
أَبَاً,,أب,ا,1,1.0,1
أَحَدَنَا,,أحد,نا,1,1.0,1
نَأْخُذَ,ن,أخذ,,1,1.0,1
مَتَاعَنَا,,متاع,نا,1,1.0,1
لَظَالِمُونَ,,ل+ظالم,ون,1,1.0,1
اسْتَيْأَسُوا,,استيأس,وا,1,1.0,1
خَلَصُوا,,خلص,وا,1,1.0,1
أَبَاكُمْ,,أبا,كم,1,1.0,1
فَرَّطْتُمْ,,فرط,تم,1,1.0,1
أَبْرَحَ,أ,برح,,1,1.0,1
ابْنَكَ,,ابن,ك,1,1.0,1
وَاسْأَلِ,و,ا+سأل,,1,1.0,1
وَالْعِيرَ,و|ال,عير,,1,1.0,1
أَقْبَلْنَا,,أقبل,نا,1,1.0,1
يَأْتِيَنِي,ي,أتي+ن,ي,1,1.0,1
يَاأَسَفَى,يا,أسف+ى+None+None,,1,1.0,1
وَابْيَضَّتْ,و,ابيض+ت+None+None,,1,1.0,1
عَيْنَاهُ,,عين,ا|ه,1,1.0,1
الْحُزْنِ,ال,حزن,,1,1.0,1
تَفْتَأُ,ت,فتأ,,1,1.0,1
تَذْكُرُ,ت,ذكر,,1,1.0,1
حَرَضَاً,,حرض,ا,1,1.0,1
الْهَالِكِينَ,ال,هالك,ين,1,1.0,1
أَشْكُو,أ,شكو,,1,1.0,1
بَثِّي,,بث,ي,1,1.0,1
وَحُزْنِي,و,حزن,ي,1,1.0,1
فَتَحَسَّسُوا,ف,تحسس,وا,1,1.0,1
تَيْأَسُوا,ت,يأس+وا+None,,1,1.0,1
يَيْأَسُ,ي,يأس,,1,1.0,1
وَأَهْلَنَا,و,أهل+نا+None,,1,1.0,1
بِبِضَاعَةٍ,ب,بضاع,ة,1,1.0,1
مُزْجَاةٍ,,مزجا,ة,1,1.0,1
فَأَوْفِ,ف,أوف,,1,1.0,1
وَتَصَدَّقْ,و,تصدق,,1,1.0,1
الْمُتَصَدِّقِينَ,ال,متصدق,ين,1,1.0,1
بِيُوسُفَ,ب,يوسف,,1,1.0,1
جَاهِلُونَ,,جاهل,ون,1,1.0,1
وَيَصْبِرْ,و|ي,صبر,,1,1.0,1
آثَرَكَ,,آثر,ك,1,1.0,1
لَخَاطِئِينَ,,ل+خاطئ,ين,1,1.0,1
تَثْرِيبَ,,تثريب,,1,1.0,1
بِقَمِيصِي,ب,قميص,ي,1,1.0,1
بِأَهْلِكُمْ,ب,أهل+كم+None,,1,1.0,1
فَصَلَتِ,,فصل,ت,1,1.0,1
لَأَجِدُ,,ل+أ+جد,,1,1.0,1
رِيحَ,,ريح,,1,1.0,1
تُفَنِّدُونِ,ت,فند+ون+None+None+None,,1,1.0,1
ضَلَالِكَ,,ضلال,ك,1,1.0,1
الْبَشِيرُ,ال,بشير,,1,1.0,1
أَلْقَاهُ,,ألقا,(null)|ه,1,1.0,1
فَارْتَدَّ,ف,ارتد,,1,1.0,1
أَسْتَغْفِرُ,أ,ستغفر,,1,1.0,1
وَخَرُّوا,و,خر,وا,1,1.0,1
جَعَلَهَا,,جعل,ها,1,1.0,1
أَخْرَجَنِي,,أخرج+ن,ي,1,1.0,1
الْبَدْوِ,ال,بدو,,1,1.0,1
نَزَغَ,,نزغ,,1,1.0,1
إِخْوَتِي,,إخو,ت|ي,1,1.0,1
آتَيْتَنِي,,آتي+ت+ن,ي,1,1.0,1
وَعَلَّمْتَنِي,و,علم+ت+ن,ي,1,1.0,1
وَلِيِّي,,ولي,ي,1,1.0,1
تَوَفَّنِي,,توف+ن,ي,1,1.0,1
أَجْمَعُوا,,أجمع,وا,1,1.0,1
حَرَصْتَ,,حرص,ت,1,1.0,1
يَمُرُّونَ,ي,مر,ون,1,1.0,1
غَاشِيَةٌ,,غاشي,ة,1,1.0,1
بَصِيرَةٍ,,بصير,ة,1,1.0,1
اتَّبَعَنِي,,اتبع+ن,ي,1,1.0,1
اسْتَيْأَسَ,,استيأس,,1,1.0,1
كُذِبُوا,,كذب,وا,1,1.0,1
فَنُجِّيَ,ف,نجي,,1,1.0,1
قَصَصِهِمْ,,قصص,هم,1,1.0,1
عِبْرَةٌ,,عبر,ة|(null),1,1.0,1
المر,,المر,,1,1.0,1
تُوقِنُونَ,ت,وقن,ون,1,1.0,1
قِطَعٌ,,قطع,,1,1.0,1
مُتَجَاوِرَاتٌ,,متجاور,ات,1,1.0,1
وَزَرْعٌ,و,زرع,,1,1.0,1
وَنَخِيلٌ,و,نخيل,,1,1.0,1
صِنْوَانٌ,,صنو,ان,1,1.0,1
وَغَيْرُ,و,غير,(null),1,1.0,1
صِنْوَانٍ,,صنو,ان,1,1.0,1
يُسْقَى,ي,سقى,,1,1.0,1
وَنُفَضِّلُ,و|ن,فضل,,1,1.0,1
بَعْضَهَا,,بعض,ها,1,1.0,1
الْأُكُلِ,ال,أكل,,1,1.0,1
تَعْجَبْ,ت,عجب,,1,1.0,1
فَعَجَبٌ,ف,عجب,,1,1.0,1
قَبْلِهِمُ,,قبل,هم,1,1.0,1
الْمَثُلَاتُ,ال,مثل,ات,1,1.0,1
ظُلْمِهِمْ,,ظلم,هم,1,1.0,1
لَشَدِيدُ,,ل+شديد,,1,1.0,1
تَغِيضُ,ت,غيض,,1,1.0,1
الْأَرْحَامُ,ال,أرحام,,1,1.0,1
تَزْدَادُ,ت,زداد,,1,1.0,1
بِمِقْدَارٍ,ب,مقدار,,1,1.0,1
الْمُتَعَالِ,ال,متعال,,1,1.0,1
جَهَرَ,,جهر,,1,1.0,1
مُسْتَخْفٍ,,مستخف,,1,1.0,1
وَسَارِبٌ,و,سارب,,1,1.0,1
مُعَقِّبَاتٌ,,معقب,ات,1,1.0,1
يَحْفَظُونَهُ,ي,حفظ+ون+ه+None+None,,1,1.0,1
يُغَيِّرُ,ي,غير,,1,1.0,1
وَالٍ,,وال,,1,1.0,1
وَيُنْشِئُ,و|ي,نشئ,,1,1.0,1
السَّحَابَ,ال,سحاب,,1,1.0,1
الثِّقَالَ,ال,ثقال,,1,1.0,1
وَيُسَبِّحُ,و|ي,سبح,,1,1.0,1
الرَّعْدُ,ال,رعد,,1,1.0,1
خِيفَتِهِ,,خيف,ت|ه,1,1.0,1
الصَّوَاعِقَ,ال,صواعق,,1,1.0,1
الْمِحَالِ,ال,محال,(null),1,1.0,1
دَعْوَةُ,,دعو,ة|(null),1,1.0,1
يَسْتَجِيبُونَ,ي,ستجيب,ون,1,1.0,1
كَبَاسِطِ,ك,باسط,,1,1.0,1
لِيَبْلُغَ,ل|ي,بلغ,,1,1.0,1
فَاهُ,,فا,ه,1,1.0,1
بِبَالِغِهِ,ب,بالغ,ه,1,1.0,1
وَظِلَالُهُمْ,و,ظلال,هم,1,1.0,1
أَفَاتَّخَذْتُمْ,أ|ف,اتخذ,تم,1,1.0,1
وَالنُّورُ,و|ال,نور,,1,1.0,1
كَخَلْقِهِ,ك,خلق,ه,1,1.0,1
فَتَشَابَهَ,ف,تشاب,,1,1.0,1
فَسَالَتْ,ف,سال,ت,1,1.0,1
أَوْدِيَةٌ,,أودي,ة,1,1.0,1
بِقَدَرِهَا,ب,قدر,ها,1,1.0,1
فَاحْتَمَلَ,ف,احتمل,,1,1.0,1
السَّيْلُ,ال,سيل,,1,1.0,1
زَبَدَاً,,زبد,ا,1,1.0,1
رَابِيَاً,,رابي,ا,1,1.0,1
يُوقِدُونَ,ي,وقد,ون,1,1.0,1
حِلْيَةٍ,,حلي,ة,1,1.0,1
مَتَاعٍ,,متاع,,1,1.0,1
زَبَدٌ,,زبد,,1,1.0,1
وَالْبَاطِلَ,و|ال,باطل,,1,1.0,1
الزَّبَدُ,ال,زبد,,1,1.0,1
فَيَذْهَبُ,ف|ي,ذهب,,1,1.0,1
جُفَاءً,,جفاء,,1,1.0,1
فَيَمْكُثُ,ف|ي,مكث,,1,1.0,1
لِرَبِّهِمُ,ل,رب,هم,1,1.0,1
الْمِيثَاقَ,ال,ميثاق,,1,1.0,1
وَيَخْشَوْنَ,و|ي,خش+ون+None+None,,1,1.0,1
وَتَطْمَئِنُّ,و|ت,طمئن,,1,1.0,1
تَطْمَئِنُّ,ت,طمئن,,1,1.0,1
طُوبَى,,طوبى,,1,1.0,1
وَحُسْنُ,و,حسن,,1,1.0,1
لِتَتْلُوَ,ل|ت,تلو,,1,1.0,1
مَتَابِ,,متاب,,1,1.0,1
كُلِّمَ,,كلم,,1,1.0,1
يَيْأَسِ,ي,يأس,,1,1.0,1
لَهَدَى,,ل+هدى,,1,1.0,1
تُصِيبُهُمْ,ت,صيب,هم,1,1.0,1
قَارِعَةٌ,,قارع,ة,1,1.0,1
تَحُلُّ,ت,حل,,1,1.0,1
سَمُّوهُمْ,,سم,و|هم,1,1.0,1
تُنَبِّئُونَهُ,ت,نبئ+ون+ه+None+None,,1,1.0,1
بِظَاهِرٍ,ب,ظاهر,,1,1.0,1
وَصُدُّوا,و,صد,وا,1,1.0,1
أَشَقُّ,,أشق,,1,1.0,1
أُكُلُهَا,,أكل,ها,1,1.0,1
دَائِمٌ,,دائم,(null),1,1.0,1
وَظِلُّهَا,و,ظل,ها,1,1.0,1
وَعُقْبَى,و,عقبى,,1,1.0,1
يُنْكِرُ,ي,نكر,,1,1.0,1
أُشْرِكَ,أ,شرك,,1,1.0,1
مَآبِ,,مآب,,1,1.0,1
وَذُرِّيَّةً,و,ذر+ي,ة,1,1.0,1
يَمْحُو,ي,محو,,1,1.0,1
وَيُثْبِتُ,و|ي,ثبت,,1,1.0,1
وَعَلَيْنَا,و|علي,نا+None+None,,1,1.0,1
مُعَقِّبَ,,معقب,,1,1.0,1
لِحُكْمِهِ,ل,حكم,ه,1,1.0,1
مُرْسَلَاً,,مرسل,ا,1,1.0,1
لِتُخْرِجَ,ل|ت,خرج,,1,1.0,1
يَسْتَحِبُّونَ,ي,ستحب,ون,1,1.0,1
بِلِسَانِ,ب,لسان,,1,1.0,1
فَيُضِلُّ,ف|ي,ضل,,1,1.0,1
أَخْرِجْ,,أخرج,(null),1,1.0,1
وَذَكِّرْهُمْ,و,ذكر,هم,1,1.0,1
بِأَيَّامِ,ب,أيام,,1,1.0,1
أَنْجَاكُمْ,,أنجا,كم,1,1.0,1
وَيُذَبِّحُونَ,و|ي,ذبح+ون+None+None,,1,1.0,1
لَأَزِيدَنَّكُمْ,,ل+أ+زيد+ن,كم,1,1.0,1
فَرَدُّوا,ف,رد,وا,1,1.0,1
تَدْعُونَنَا,ت,دع+ون+نا+None+None,,1,1.0,1
شَكٌّ,,شك,(null),1,1.0,1
وَيُؤَخِّرَكُمْ,و|ي,ؤخر,كم,1,1.0,1
تَصُدُّونَا,ت,صد,و|نا,1,1.0,1
فَأْتُونَا,ف,أت+و+نا+None,,1,1.0,1
نَأْتِيَكُمْ,ن,أتي,كم,1,1.0,1
نَتَوَكَّلَ,ن,توكل,,1,1.0,1
وَلَنَصْبِرَنَّ,و,ل+ن+صبر+ن,,1,1.0,1
آذَيْتُمُونَا,,آذي+تم+و,نا,1,1.0,1
لِرُسُلِهِمْ,ل,رسل,هم,1,1.0,1
لَنُخْرِجَنَّكُمْ,,ل+ن+خرج+ن,كم,1,1.0,1
لَنُهْلِكَنَّ,,ل+ن+هلك+ن,,1,1.0,1
وَلَنُسْكِنَنَّكُمُ,و,ل+ن+سكن+ن,كم,1,1.0,1
وَخَافَ,و,خاف,,1,1.0,1
وَاسْتَفْتَحُوا,و,استفتح,وا,1,1.0,1
وَخَابَ,و,خاب,,1,1.0,1
وَيُسْقَى,و|ي,سقى,,1,1.0,1
صَدِيدٍ,,صديد,,1,1.0,1
يَتَجَرَّعُهُ,ي,تجرع,ه,1,1.0,1
يُسِيغُهُ,ي,سيغ,ه,1,1.0,1
وَيَأْتِيهِ,و|ي,أتي,ه,1,1.0,1
بِمَيِّتٍ,ب,ميت,,1,1.0,1
غَلِيظٌ,,غليظ,,1,1.0,1
كَرَمَادٍ,ك,رماد,,1,1.0,1
اشْتَدَّتْ,,اشتد,ت,1,1.0,1
عَاصِفٍ,,عاصف,,1,1.0,1
لَهَدَيْنَاكُمْ,,ل+هدي,نا|كم,1,1.0,1
أَجَزِعْنَا,أ,جزع,نا,1,1.0,1
وَعَدَكُمْ,,وعد,كم,1,1.0,1
وَوَعَدْتُكُمْ,و,وعد,ت|كم,1,1.0,1
فَأَخْلَفْتُكُمْ,ف,أخلف,ت|كم,1,1.0,1
دَعَوْتُكُمْ,,دعو,ت|كم,1,1.0,1
فَاسْتَجَبْتُمْ,ف,استجب,تم,1,1.0,1
تَلُومُونِي,ت,لوم+و+ن,ي,1,1.0,1
وَلُومُوا,و,لوم,وا,1,1.0,1
بِمُصْرِخِكُمْ,ب,مصرخ,كم,1,1.0,1
بِمُصْرِخِيَّ,ب,مصرخ,ي,1,1.0,1
كَفَرْتُ,,كفر,ت,1,1.0,1
أَشْرَكْتُمُونِ,,أشرك+تم+و+ن+None,,1,1.0,1
أَصْلُهَا,,أصل,ها,1,1.0,1
ثَابِتٌ,,ثابت,(null),1,1.0,1
وَفَرْعُهَا,و,فرع,ها,1,1.0,1
اجْتُثَّتْ,,اجتث,ت,1,1.0,1
يُثَبِّتُ,ي,ثبت,,1,1.0,1
الثَّابِتِ,ال,ثابت,,1,1.0,1
وَيُضِلُّ,و|ي,ضل,,1,1.0,1
وَيَفْعَلُ,و|ي,فعل,,1,1.0,1
وَأَحَلُّوا,و,أحل,وا,1,1.0,1
الْبَوَارِ,ال,بوار,,1,1.0,1
مَصِيرَكُمْ,,مصير,كم,1,1.0,1
لِعِبَادِيَ,ل,عباد,ي,1,1.0,1
يُقِيمُوا,ي,قيم,وا,1,1.0,1
وَيُنْفِقُوا,و|ي,نفق,وا,1,1.0,1
خِلَالٌ,,خلال,,1,1.0,1
دَائِبَيْنِ,,دائب,ين,1,1.0,1
سَأَلْتُمُوهُ,,سأل+تم+و,ه,1,1.0,1
لَظَلُومٌ,,ل+ظلوم,,1,1.0,1
الْبَلَدَ,ال,بلد,(null),1,1.0,1
وَاجْنُبْنِي,و,ا+جنب+ن,ي,1,1.0,1
وَبَنِيَّ,و,بن,ي,1,1.0,1
الْأَصْنَامَ,ال,أصنام,,1,1.0,1
إِنَّهُنَّ,,إن,هن,1,1.0,1
أَضْلَلْنَ,,أضلل,ن,1,1.0,1
تَبِعَنِي,,تبع+ن,ي,1,1.0,1
عَصَانِي,,عصا+ن,ي,1,1.0,1
أَسْكَنْتُ,,أسكن,ت,1,1.0,1
بِوَادٍ,ب,واد,,1,1.0,1
زَرْعٍ,,زرع,,1,1.0,1
الْمُحَرَّمِ,ال,محرم,,1,1.0,1
لِيُقِيمُوا,,ل+ي+قيم,وا,1,1.0,1
أَفْئِدَةً,,أفئد,ة,1,1.0,1
وَارْزُقْهُمْ,و,ا+رزق,هم,1,1.0,1
نُخْفِي,ن,خفي,,1,1.0,1
نُعْلِنُ,ن,علن,,1,1.0,1
وَهَبَ,,وهب,,1,1.0,1
لَسَمِيعُ,,ل+سميع,,1,1.0,1
مُقِيمَ,,مقيم,(null),1,1.0,1
وَتَقَبَّلْ,و,تقبل,,1,1.0,1
غَافِلَاً,,غافل,ا,1,1.0,1
تَشْخَصُ,ت,شخص,,1,1.0,1
مُقْنِعِي,,مقنع,ي,1,1.0,1
يَرْتَدُّ,ي,رتد,,1,1.0,1
طَرْفُهُمْ,,طرف,هم,1,1.0,1
وَأَفْئِدَتُهُمْ,و,أفئد,ت|هم,1,1.0,1
هَوَاءٌ,,هواء,,1,1.0,1
وَأَنْذِرِ,و,أنذر,,1,1.0,1
يَأْتِيهِمُ,ي,أتي,هم,1,1.0,1
أَخِّرْنَا,,أخر,نا,1,1.0,1
نُجِبْ,ن,جب,,1,1.0,1
دَعْوَتَكَ,,دعو,ت|ك,1,1.0,1
وَنَتَّبِعِ,و|ن,تبع,,1,1.0,1
زَوَالٍ,,زوال,,1,1.0,1
وَسَكَنْتُمْ,و,سكن,تم,1,1.0,1
مَسَاكِنِ,,مساكن,,1,1.0,1
وَتَبَيَّنَ,و,تبين,(null),1,1.0,1
فَعَلْنَا,,فعل,نا,1,1.0,1
وَضَرَبْنَا,و,ضرب,نا,1,1.0,1
مَكْرَهُمْ,,مكر,هم,1,1.0,1
لِتَزُولَ,ل|ت,زول,,1,1.0,1
مُخْلِفَ,,مخلف,,1,1.0,1
وَعْدِهِ,,وعد,(null)|ه,1,1.0,1
تُبَدَّلُ,ت,بدل,,1,1.0,1
سَرَابِيلُهُمْ,,سرابيل,هم,1,1.0,1
قَطِرَانٍ,,قطران,,1,1.0,1
وَتَغْشَى,و|ت,غشى,,1,1.0,1
وَلِيُنْذَرُوا,و|ل|ي,نذر,وا,1,1.0,1
وَلِيَعْلَمُوا,و|ل|ي,علم,وا,1,1.0,1
وَلِيَذَّكَّرَ,و|ل|ي,ذكر,,1,1.0,1
وَقُرْآنٍ,و,قرآن,,1,1.0,1
رُبَمَا,رب,ما,,1,1.0,1
يَأْكُلُوا,ي,أكل,وا,1,1.0,1
وَيَتَمَتَّعُوا,و|ي,تمتع,وا,1,1.0,1
وَيُلْهِهِمُ,و|ي,له,هم,1,1.0,1
الْأَمَلُ,ال,أمل,,1,1.0,1
لَوْمَا,,لو+ما,,1,1.0,1
بِالْمَلَائِكَةِ,ب|ال,ملائك,ة,1,1.0,1
نُنَزِّلُ,ن,نزل,,1,1.0,1
شِيَعِ,,شيع,,1,1.0,1
نَسْلُكُهُ,ن,سلك,ه,1,1.0,1
فَظَلُّوا,ف,ظل,وا,1,1.0,1
يَعْرُجُونَ,ي,عرج,ون,1,1.0,1
سُكِّرَتْ,,سكر,ت,1,1.0,1
أَبْصَارُنَا,,أبصار,نا,1,1.0,1
مَسْحُورُونَ,,مسحور,ون,1,1.0,1
وَحَفِظْنَاهَا,و,حفظ,نا|ها,1,1.0,1
اسْتَرَقَ,,استرق,,1,1.0,1
مَوْزُونٍ,,موزون,,1,1.0,1
بِرَازِقِينَ,ب,رازق,ين,1,1.0,1
خَزَائِنُهُ,,خزائن,(null)|ه,1,1.0,1
نُنَزِّلُهُ,ن,نزل,ه,1,1.0,1
لَوَاقِحَ,,لواقح,,1,1.0,1
فَأَسْقَيْنَاكُمُوهُ,ف,أسقي+نا+كم+و+ه+None,,1,1.0,1
بِخَازِنِينَ,ب,خازن,ين,1,1.0,1
الْمُسْتَقْدِمِينَ,ال,مستقدم,ين,1,1.0,1
الْمُسْتَأْخِرِينَ,ال,مستأخر,ين,1,1.0,1
وَالْجَانَّ,و|ال,جان,,1,1.0,1
لِأَسْجُدَ,ل|أ,سجد,,1,1.0,1
خَلَقْتَهُ,,خلق,ت|ه,1,1.0,1
اللَّعْنَةَ,ال,لعن,ة|(null),1,1.0,1
لَأُزَيِّنَنَّ,,ل+أ+زين+ن,,1,1.0,1
وَلَأُغْوِيَنَّهُمْ,و,ل+أ+غوي+ن,هم,1,1.0,1
لَمَوْعِدُهُمْ,,ل+موعد,هم,1,1.0,1
جُزْءٌ,,جزء,,1,1.0,1
مَقْسُومٌ,,مقسوم,,1,1.0,1
بِمُخْرَجِينَ,ب,مخرج,ين,1,1.0,1
نَبِّئْ,,نبئ,,1,1.0,1
الْأَلِيمُ,ال,أليم,,1,1.0,1
وَجِلُونَ,,وجل,ون,1,1.0,1
تَوْجَلْ,ت,وجل,,1,1.0,1
أَبَشَّرْتُمُونِي,أ,بشر+تم+و+ن,ي,1,1.0,1
فَبِمَ,ف|ب,م,,1,1.0,1
تُبَشِّرُونَ,ت,بشر,ون,1,1.0,1
بَشَّرْنَاكَ,,بشر,نا|ك,1,1.0,1
الْقَانِطِينَ,ال,قانط,ين,1,1.0,1
يَقْنَطُ,ي,قنط,,1,1.0,1
لَمُنَجُّوهُمْ,,ل+منج,و|هم,1,1.0,1
وَأَتَيْنَاكَ,و,أتي+نا+ك+None,,1,1.0,1
أَدْبَارَهُمْ,,أدبار,هم,1,1.0,1
وَامْضُوا,و,ا+مض,وا,1,1.0,1
مَقْطُوعٌ,,مقطوع,,1,1.0,1
تَفْضَحُونِ,ت,فضح+ون+None+None+None,,1,1.0,1
نَنْهَكَ,ن,نه,ك,1,1.0,1
لَعَمْرُكَ,,ل+عمر,ك,1,1.0,1
سَكْرَتِهِمْ,,سكر,ت|هم,1,1.0,1
فَجَعَلْنَا,ف,جعل,نا,1,1.0,1
لِلْمُتَوَسِّمِينَ,ل|ال,متوسم,ين,1,1.0,1
لَبِسَبِيلٍ,,ل+ب+سبيل,,1,1.0,1
لَظَالِمِينَ,,ل+ظالم,ين,1,1.0,1
وَإِنَّهُمَا,و,إن,هما,1,1.0,1
لَبِإِمَامٍ,,ل+ب+إمام,,1,1.0,1
الْحِجْرِ,ال,حجر,,1,1.0,1
يَنْحِتُونَ,ي,نحت,ون,1,1.0,1
فَاصْفَحِ,ف,ا+صفح,,1,1.0,1
الصَّفْحَ,ال,صفح,,1,1.0,1
الْجَمِيلَ,ال,جميل,,1,1.0,1
الْمَثَانِي,ال,مثاني,,1,1.0,1
وَالْقُرْآنَ,و|ال,قرآن,,1,1.0,1
الْعَظِيمَ,ال,عظيم,,1,1.0,1
الْمُقْتَسِمِينَ,ال,مقتسم,ين,1,1.0,1
عِضِينَ,,عض,ين,1,1.0,1
لَنَسْأَلَنَّهُمْ,,ل+ن+سأل+ن,هم,1,1.0,1
فَاصْدَعْ,ف,ا+صدع,,1,1.0,1
كَفَيْنَاكَ,,كفي,نا|ك,1,1.0,1
الْمُسْتَهْزِئِينَ,ال,مستهزئ+ين+None,,1,1.0,1
يَضِيقُ,ي,ضيق,,1,1.0,1
وَاعْبُدْ,و,ا+عبد,,1,1.0,1
يَأْتِيَكَ,ي,أتي,ك,1,1.0,1
تَسْتَعْجِلُوهُ,ت,ستعجل,و|ه,1,1.0,1
بِالرُّوحِ,ب|ال,روح,,1,1.0,1
أَنْذِرُوا,,أ+نذر,وا,1,1.0,1
وَالْأَنْعَامَ,و|ال,أنعام,,1,1.0,1
خَلَقَهَا,,خلق,ها,1,1.0,1
دِفْءٌ,,دفء,,1,1.0,1
جَمَالٌ,,جمال,,1,1.0,1
تُرِيحُونَ,ت,ريح,ون,1,1.0,1
تَسْرَحُونَ,ت,سرح,ون,1,1.0,1
وَتَحْمِلُ,و|ت,حمل,,1,1.0,1
أَثْقَالَكُمْ,,أثقال,كم,1,1.0,1
بَالِغِيهِ,,بالغ,ي|ه,1,1.0,1
بِشِقِّ,,ب+شق,,1,1.0,1
الْأَنْفُسِ,ال,أنفس,(null),1,1.0,1
وَالْخَيْلَ,و|ال,خيل,,1,1.0,1
وَالْبِغَالَ,و|ال,بغال,,1,1.0,1
وَالْحَمِيرَ,و|ال,حمير,,1,1.0,1
لِتَرْكَبُوهَا,ل|ت,ركب,و|ها,1,1.0,1
وَزِينَةً,و,زين,ة,1,1.0,1
وَيَخْلُقُ,و|ي,خلق,,1,1.0,1
قَصْدُ,,قصد,(null),1,1.0,1
جَائِرٌ,,جائر,,1,1.0,1
وَمِنْهُ,و|من,ه,,1,1.0,1
شَجَرٌ,,شجر,,1,1.0,1
تُسِيمُونَ,ت,سيم,ون,1,1.0,1
يُنْبِتُ,ي,نبت,,1,1.0,1
الزَّرْعَ,ال,زرع,,1,1.0,1
وَالنَّخِيلَ,و|ال,نخيل,,1,1.0,1
وَالْأَعْنَابَ,و|ال,أعناب,,1,1.0,1
مُسَخَّرَاتٌ,,مسخر,ات,1,1.0,1
وَتَسْتَخْرِجُوا,و|ت,ستخرج,وا,1,1.0,1
وَسُبُلَاً,و,سبل,ا,1,1.0,1
وَعَلَامَاتٍ,و,علام,ات,1,1.0,1
وَبِالنَّجْمِ,و|ب|ال,نجم,,1,1.0,1
أَحْيَاءٍ,,أحياء,,1,1.0,1
مُنْكِرَةٌ,,منكر,ة,1,1.0,1
الْمُسْتَكْبِرِينَ,ال,مستكبر,ين,1,1.0,1
لِيَحْمِلُوا,,ل+ي+حمل,وا,1,1.0,1
كَامِلَةً,,كامل,ة|(null),1,1.0,1
أَوْزَارِ,,أوزار,,1,1.0,1
يُضِلُّونَهُمْ,ي,ضل+ون+هم+None+None,,1,1.0,1
فَأَتَى,ف,أتى,,1,1.0,1
بُنْيَانَهُمْ,,بنيان,هم,1,1.0,1
الْقَوَاعِدِ,ال,قواعد,(null),1,1.0,1
فَخَرَّ,ف,خر,,1,1.0,1
السَّقْفُ,ال,سقف,,1,1.0,1
وَأَتَاهُمُ,و,أتا,هم,1,1.0,1
يُخْزِيهِمْ,ي,خزي,هم,1,1.0,1
تُشَاقُّونَ,ت,شاق,ون,1,1.0,1
وَالسُّوءَ,و|ال,سوء,,1,1.0,1
فَأَلْقَوُا,ف,ألق,وا,1,1.0,1
فَلَبِئْسَ,ف,ل+بئس,,1,1.0,1
وَلَنِعْمَ,و,ل+نعم,,1,1.0,1
طَيِّبِينَ,,طيب,ين,1,1.0,1
عَبَدْنَا,,عبد,نا,1,1.0,1
تَحْرِصْ,ت,حرص,,1,1.0,1
قَوْلُنَا,,قول,نا,1,1.0,1
أَرَدْنَاهُ,,أرد,نا|ه,1,1.0,1
نَقُولَ,ن,قول,,1,1.0,1
تَقَلُّبِهِمْ,,تقلب,هم,1,1.0,1
تَخَوُّفٍ,,تخوف,,1,1.0,1
يَتَفَيَّأُ,ي,تفيأ,,1,1.0,1
ظِلَالُهُ,,ظلال,ه,1,1.0,1
وَالشَّمَائِلِ,و|ال,شمائل,,1,1.0,1
وَاصِبَاً,,واصب,ا,1,1.0,1
فَإِلَيْهِ,ف|إلي,ه,,1,1.0,1
تَجْأَرُونَ,ت,جأر,ون,1,1.0,1
كَشَفَ,,كشف,(null),1,1.0,1
الضُّرَّ,ال,ضر,,1,1.0,1
يَتَوَارَى,ي,توارى,,1,1.0,1
أَيُمْسِكُهُ,أ|ي,مسك,ه,1,1.0,1
هُونٍ,,هون,,1,1.0,1
يَدُسُّهُ,ي,دس,ه,1,1.0,1
التُّرَابِ,ال,تراب,,1,1.0,1
يَكْرَهُونَ,ي,كره+ون+None+None,,1,1.0,1
وَتَصِفُ,و|ت,صف,,1,1.0,1
أَلْسِنَتُهُمُ,,ألسن,ت|هم,1,1.0,1
مُفْرَطُونَ,,مفرط,ون,1,1.0,1
فَزَيَّنَ,ف,زين,,1,1.0,1
وَلِيُّهُمُ,,ولي,هم,1,1.0,1
بُطُونِهِ,,بطون,ه,1,1.0,1
فَرْثٍ,,فرث,,1,1.0,1
وَدَمٍ,و,دم,,1,1.0,1
لَبَنَاً,,لبن,ا,1,1.0,1
خَالِصَاً,,خالص,ا,1,1.0,1
سَائِغَاً,,سائغ,ا,1,1.0,1
ثَمَرَاتِ,,ثمر,ات,1,1.0,1
النَّخِيلِ,ال,نخيل,,1,1.0,1
وَالْأَعْنَابِ,و|ال,أعناب,,1,1.0,1
سَكَرَاً,,سكر,ا,1,1.0,1
وَرِزْقَاً,و,رزق,ا,1,1.0,1
النَّحْلِ,ال,نحل,,1,1.0,1
اتَّخِذِي,,اتخذ,ي,1,1.0,1
كُلِي,,كل,ي,1,1.0,1
فَاسْلُكِي,ف,ا+سلك,ي,1,1.0,1
ذُلُلَاً,,ذلل,ا,1,1.0,1
فُضِّلُوا,,فضل,وا,1,1.0,1
بِرَادِّي,ب,راد,ي,1,1.0,1
رِزْقِهِمْ,,رزق,(null)|هم,1,1.0,1
أَفَبِنِعْمَةِ,أ|ف|ب,نعم,ة,1,1.0,1
وَحَفَدَةً,و,حفد,ة,1,1.0,1
وَبِنِعْمَتِ,و|ب,نعم,ت,1,1.0,1
تَضْرِبُوا,ت,ضرب,وا,1,1.0,1
مَمْلُوكَاً,,مملوك,ا,1,1.0,1
رَزَقْنَاهُ,,رزق,نا|ه,1,1.0,1
وَجَهْرَاً,و,جهر,ا,1,1.0,1
أَبْكَمُ,,أبكم,,1,1.0,1
كَلٌّ,,كل,,1,1.0,1
يُوَجِّهْهُ,ي,وجه,ه,1,1.0,1
كَلَمْحِ,ك,لمح,,1,1.0,1
الْبَصَرِ,ال,بصر,(null),1,1.0,1
أَخْرَجَكُمْ,,أخرج,كم,1,1.0,1
جَوِّ,,جو,,1,1.0,1
جُلُودِ,,جلود,,1,1.0,1
تَسْتَخِفُّونَهَا,ت,ستخف+ون+ها+None+None,,1,1.0,1
ظَعْنِكُمْ,,ظعن,كم,1,1.0,1
إِقَامَتِكُمْ,,إقام,ت|كم,1,1.0,1
أَصْوَافِهَا,,أصواف,ها,1,1.0,1
وَأَوْبَارِهَا,و,أوبار+ها+None+None,,1,1.0,1
وَأَشْعَارِهَا,و,أشعار+ها+None+None,,1,1.0,1
ظِلَالَاً,,ظلال,ا,1,1.0,1
أَكْنَانَاً,,أكنان,ا,1,1.0,1
سَرَابِيلَ,,سرابيل,,1,1.0,1
تَقِيكُمُ,ت,قي,كم,1,1.0,1
الْحَرَّ,ال,حر,,1,1.0,1
وَسَرَابِيلَ,و,سرابيل,,1,1.0,1
تَقِيكُمْ,ت,قي,كم,1,1.0,1
بَأْسَكُمْ,,بأس,كم,1,1.0,1
يُتِمُّ,ي,تم,,1,1.0,1
تُسْلِمُونَ,ت,سلم,ون,1,1.0,1
يُنْكِرُونَهَا,ي,نكر+ون+ها+None+None,,1,1.0,1
شُرَكَاءَهُمْ,,شركاء,هم,1,1.0,1
شُرَكَاؤُنَا,,شركاؤ,نا,1,1.0,1
تِبْيَانَاً,,تبيان,ا,1,1.0,1
وَالْإِحْسَانِ,و|ال,إحسان,,1,1.0,1
وَيَنْهَى,و|ي,نهي,,1,1.0,1
وَالْبَغْيِ,و|ال,بغي,,1,1.0,1
تَنْقُضُوا,ت,نقض,وا,1,1.0,1
تَوْكِيدِهَا,,توكيد,ها,1,1.0,1
جَعَلْتُمُ,,جعل,تم,1,1.0,1
كَفِيلَاً,,كفيل,ا,1,1.0,1
كَالَّتِي,ك,التي,,1,1.0,1
نَقَضَتْ,,نقض,ت,1,1.0,1
غَزْلَهَا,,غزل,ها,1,1.0,1
أَنْكَاثَاً,,أنكاث,ا,1,1.0,1
أَرْبَى,,أربى,,1,1.0,1
يَبْلُوكُمُ,ي,بلو,كم,1,1.0,1
وَلَيُبَيِّنَنَّ,و|ل|ي,بين+ن,,1,1.0,1
وَلَتُسْأَلُنَّ,و,ل+ت+سأل+ن+None+None,,1,1.0,1
فَتَزِلَّ,ف|ت,زل,,1,1.0,1
قَدَمٌ,,قدم,(null),1,1.0,1
ثُبُوتِهَا,,ثبوت,ها,1,1.0,1
وَتَذُوقُوا,ف|ت,ذوق+وا+None,,1,1.0,1
صَدَدْتُمْ,,صدد,تم,1,1.0,1
يَنْفَدُ,ي,نفد,,1,1.0,1
بَاقٍ,,باق,,1,1.0,1
وَلَنَجْزِيَنَّ,و,ل+ن+جزي+ن,,1,1.0,1
فَلَنُحْيِيَنَّهُ,ف,ل+ن+حيي+ن,ه,1,1.0,1
سُلْطَانُهُ,,سلطان,ه,1,1.0,1
يَتَوَلَّوْنَهُ,ي,تول+ون+ه+None+None,,1,1.0,1
مُفْتَرٍ,,مفتر,,1,1.0,1
رُوحُ,,روح,,1,1.0,1
لِيُثَبِّتَ,ل|ي,ثبت,,1,1.0,1
يُعَلِّمُهُ,ي,علم,ه,1,1.0,1
لِسَانُ,,لسان,(null),1,1.0,1
أَعْجَمِيٌّ,,أعجم+ي,,1,1.0,1
لِسَانٌ,,لسان,(null),1,1.0,1
عَرَبِيٌّ,,عرب+ي,,1,1.0,1
يَهْدِيهِمُ,ي,هدي,هم,1,1.0,1
يَفْتَرِي,ي,فتري,,1,1.0,1
إِيمَانِهِ,,إيمان,ه,1,1.0,1
أُكْرِهَ,,أكره,,1,1.0,1
وَقَلْبُهُ,و,قلب,ه,1,1.0,1
مُطْمَئِنٌّ,,مطمئن,,1,1.0,1
صَدْرَاً,,صدر,ا,1,1.0,1
فَعَلَيْهِمْ,ف|علي,هم,,1,1.0,1
وَسَمْعِهِمْ,و,سمع,هم,1,1.0,1
لَا جَرَمَ,,لا+جرم,,1,1.0,1
فُتِنُوا,,فتن,وا,1,1.0,1
وَصَبَرُوا,و,صبر,وا,1,1.0,1
تُجَادِلُ,ت,جادل,,1,1.0,1
نَفْسِهَا,,نفس,ها,1,1.0,1
وَتُوَفَّى,و|ت,وفى,,1,1.0,1
آمِنَةً,,آمن,ة,1,1.0,1
مُطْمَئِنَّةً,,مطمئن,ة|(null),1,1.0,1
يَأْتِيهَا,ي,أتي,ها,1,1.0,1
فَكَفَرَتْ,ف,كفر,ت,1,1.0,1
بِأَنْعُمِ,ب,أنعم,,1,1.0,1
فَأَذَاقَهَا,ف,أذاق,ها,1,1.0,1
لِبَاسَ,,لباس,,1,1.0,1
الْجُوعِ,ال,جوع,,1,1.0,1
وَالْخَوْفِ,و|ال,خوف,,1,1.0,1
تَصِفُ,ت,صف,,1,1.0,1
أَلْسِنَتُكُمُ,,ألسن,ت|كم,1,1.0,1
حَلَالٌ,,حلال,,1,1.0,1
حَرَامٌ,,حرام,(null),1,1.0,1
لِتَفْتَرُوا,ل|ت,فتر+وا+None,,1,1.0,1
قَانِتَاً,,قانت,ا,1,1.0,1
لِأَنْعُمِهِ,ل,أنعم,ه,1,1.0,1
وَهَدَاهُ,و,هدا,ه,1,1.0,1
جُعِلَ,,جعل,(null),1,1.0,1
السَّبْتُ,ال,سبت,,1,1.0,1
لَيَحْكُمُ,ل|ي,حكم,,1,1.0,1
وَالْمَوْعِظَةِ,و|ال,موعظ,ة,1,1.0,1
وَجَادِلْهُمْ,و,جادل,هم,1,1.0,1
عَاقَبْتُمْ,,عاقب,تم,1,1.0,1
فَعَاقِبُوا,ف,عاقب,وا,1,1.0,1
عُوقِبْتُمْ,,عوقب,تم,1,1.0,1
لِلصَّابِرِينَ,ل|ال,صابر,ين,1,1.0,1
صَبْرُكَ,,صبر,ك,1,1.0,1
مُحْسِنُونَ,,محسن,ون,1,1.0,1
بِعَبْدِهِ,ب,عبد,ه,1,1.0,1
الْأَقْصَى,ال,أقصى,,1,1.0,1
لِنُرِيَهُ,,ل+ن+ري,ه,1,1.0,1
ذُرِّيَّةَ,,ذر+ي,ة,1,1.0,1
شَكُورَاً,,شكور,ا,1,1.0,1
لَتُفْسِدُنَّ,ل|ت,فسد+ن+None,,1,1.0,1
وَلَتَعْلُنَّ,و|ل|ت,عل+ن+None,,1,1.0,1
أُولَاهُمَا,,أولا,هما,1,1.0,1
فَجَاسُوا,ف,جاس+وا+None,,1,1.0,1
خِلَالَ,,خلال,,1,1.0,1
الدِّيَارِ,ال,ديار,(null),1,1.0,1
رَدَدْنَا,,ردد,نا,1,1.0,1
الْكَرَّةَ,ال,كر,ة|(null),1,1.0,1
وَأَمْدَدْنَاكُمْ,و,أمدد,نا|كم,1,1.0,1
نَفِيرَاً,,نفير,ا,1,1.0,1
أَسَأْتُمْ,,أسأ,تم,1,1.0,1
لِيَسُوءُوا,,ل+ي+سوء+وا+None+None,,1,1.0,1
وَلِيَدْخُلُوا,و|ل|ي,دخل,وا,1,1.0,1
دَخَلُوهُ,,دخل,و|ه,1,1.0,1
وَلِيُتَبِّرُوا,و|ل|ي,تبر,وا,1,1.0,1
عَلَوْا,,عل,وا,1,1.0,1
يَرْحَمَكُمْ,ي,رحم,كم,1,1.0,1
عُدْتُمْ,,عد,تم,1,1.0,1
حَصِيرَاً,,حصير,ا,1,1.0,1
لِلَّتِي,ل,التي,,1,1.0,1
أَقْوَمُ,,أقوم,,1,1.0,1
وَيُبَشِّرُ,و|ي,بشر,,1,1.0,1
وَيَدْعُ,و|ي,دع,,1,1.0,1
دُعَاءَهُ,,دعاء,ه,1,1.0,1
عَجُولَاً,,عجول,ا,1,1.0,1
آيَتَيْنِ,,آي,ت|ين,1,1.0,1
فَمَحَوْنَا,ف,محو,نا,1,1.0,1
وَلِتَعْلَمُوا,و|ل|ت,علم,وا,1,1.0,1
تَفْصِيلَاً,,تفصيل,ا,1,1.0,1
إِنْسَانٍ,,إنسان,(null),1,1.0,1
أَلْزَمْنَاهُ,,ألزم,نا|ه,1,1.0,1
طَائِرَهُ,,طائر,ه,1,1.0,1
عُنُقِهِ,,عنق,ه,1,1.0,1
وَنُخْرِجُ,و|ن,خرج,,1,1.0,1
يَلْقَاهُ,ي,لقا+ه+None,,1,1.0,1
مَنْشُورَاً,,منشور,ا,1,1.0,1
كِتَابَكَ,,كتاب,ك,1,1.0,1
بِنَفْسِكَ,ب,نفس+ك+None,,1,1.0,1
مُعَذِّبِينَ,,معذب,ين,1,1.0,1
نَبْعَثَ,ن,بعث,,1,1.0,1
نُهْلِكَ,ن,هلك,,1,1.0,1
أَمَرْنَا,,أمر,نا,1,1.0,1
مُتْرَفِيهَا,,مترف,ي|ها,1,1.0,1
فَفَسَقُوا,ف,فسق+وا+None+None,,1,1.0,1
فَدَمَّرْنَاهَا,ف,دمر,نا|ها,1,1.0,1
عَجَّلْنَا,,عجل,نا,1,1.0,1
سَعْيَهَا,,سعي,(null)|ها,1,1.0,1
نُمِدُّ,ن,مد,,1,1.0,1
وَهَؤُلَاءِ,و,هؤلاء,,1,1.0,1
عَطَاءِ,,عطاء,,1,1.0,1
عَطَاءُ,,عطاء,,1,1.0,1
مَحْظُورَاً,,محظور,ا,1,1.0,1
وَأَكْبَرُ,و,أكبر,(null),1,1.0,1
مَخْذُولَاً,,مخذول,ا,1,1.0,1
وَقَضَى,و,قضى,(null),1,1.0,1
يَبْلُغَنَّ,ي,بلغ+ن,,1,1.0,1
الْكِبَرَ,ال,كبر,,1,1.0,1
كِلَاهُمَا,,كلا,هما,1,1.0,1
تَقُلْ,ت,قل,,1,1.0,1
تَنْهَرْهُمَا,ت,نهر,هما,1,1.0,1
جَنَاحَ,,جناح,,1,1.0,1
ارْحَمْهُمَا,,ا+رحم,هما,1,1.0,1
رَبَّيَانِي,,ربي+ا+ن,ي,1,1.0,1
نُفُوسِكُمْ,,نفوس,كم,1,1.0,1
لِلْأَوَّابِينَ,ل|ال,أواب,ين,1,1.0,1
وَآتِ,و,آت,,1,1.0,1
تُبَذِّرْ,ت,بذر,,1,1.0,1
تَبْذِيرَاً,,تبذير,ا,1,1.0,1
الْمُبَذِّرِينَ,ال,مبذر,ين,1,1.0,1
إِخْوَانَ,,إخوان,,1,1.0,1
تُعْرِضَنَّ,ت,عرض+ن,,1,1.0,1
تَرْجُوهَا,ت,رج,و|ها,1,1.0,1
مَيْسُورَاً,,ميسور,ا,1,1.0,1
مَغْلُولَةً,,مغلول,ة,1,1.0,1
عُنُقِكَ,,عنق,ك,1,1.0,1
تَبْسُطْهَا,ت,بسط,ها,1,1.0,1
الْبَسْطِ,ال,بسط,,1,1.0,1
مَحْسُورَاً,,محسور,ا,1,1.0,1
نَرْزُقُهُمْ,ن,رزق,هم,1,1.0,1
قَتْلَهُمْ,,قتل,هم,1,1.0,1
خِطْئَاً,,خطئ,ا,1,1.0,1
الزِّنَا,ال,زنا,,1,1.0,1
مَظْلُومَاً,,مظلوم,ا,1,1.0,1
يُسْرِفْ,ي,سرف,,1,1.0,1
مَنْصُورَاً,,منصور,ا,1,1.0,1
بِالْعَهْدِ,ب|ال,عهد,,1,1.0,1
الْعَهْدَ,ال,عهد,,1,1.0,1
كِلْتُمْ,,كل,تم,1,1.0,1
تَقْفُ,ت,قف,,1,1.0,1
وَالْبَصَرَ,و|ال,بصر,,1,1.0,1
وَالْفُؤَادَ,و|ال,فؤاد,,1,1.0,1
تَخْرِقَ,ت,خرق,,1,1.0,1
تَبْلُغَ,ت,بلغ,,1,1.0,1
طُولَاً,,طول,ا,1,1.0,1
سَيِّئُهُ,,سيئ,ه,1,1.0,1
مَكْرُوهَاً,,مكروه,ا,1,1.0,1
الْحِكْمَةِ,ال,حكم,ة,1,1.0,1
فَتُلْقَى,ف|ت,لقى,,1,1.0,1
أَفَأَصْفَاكُمْ,أ|ف,أصفا+كم+None,,1,1.0,1
لَتَقُولُونَ,,ل+ت+قول+ون+None+None,,1,1.0,1
لَابْتَغَوْا,,ل+ابتغ,وا,1,1.0,1
تُسَبِّحُ,ت,سبح,,1,1.0,1
السَّبْعُ,ال,سبع,(null),1,1.0,1
تَفْقَهُونَ,ت,فقه,ون,1,1.0,1
تَسْبِيحَهُمْ,,تسبيح,هم,1,1.0,1
مَسْتُورَاً,,مستور,ا,1,1.0,1
ذَكَرْتَ,,ذكر,ت,1,1.0,1
حَدِيدَاً,,حديد,ا,1,1.0,1
يَكْبُرُ,ي,كبر,,1,1.0,1
يُعِيدُنَا,ي,عيد,نا,1,1.0,1
فَطَرَكُمْ,,فطر,كم,1,1.0,1
فَسَيُنْغِضُونَ,ف|س|ي,نغض+ون+None+None,,1,1.0,1
فَتَسْتَجِيبُونَ,ف|ت,ستجيب+ون+None+None,,1,1.0,1
لِعِبَادِي,ل,عباد+ي+None+None,,1,1.0,1
يَنْزَغُ,ي,نزع,,1,1.0,1
يَرْحَمْكُمْ,ي,رحم,كم,1,1.0,1
كَشْفَ,,كشف,(null),1,1.0,1
الضُّرِّ,ال,ضر,,1,1.0,1
وَيَرْجُونَ,و|ي,رج+ون+None+None,,1,1.0,1
مَحْذُورَاً,,محذور,ا,1,1.0,1
مُهْلِكُوهَا,,مهلك,و|ها,1,1.0,1
مُعَذِّبُوهَا,,معذب,و|ها,1,1.0,1
مَنَعَنَا,,منع,نا,1,1.0,1
نُرْسِلَ,ن,رسل,,1,1.0,1
تَخْوِيفَاً,,تخويف,ا,1,1.0,1
أَرَيْنَاكَ,أ,ري,نا|ك,1,1.0,1
وَالشَّجَرَةَ,و|ال,شجر,ة,1,1.0,1
الْمَلْعُونَةَ,ال,ملعون,ة,1,1.0,1
وَنُخَوِّفُهُمْ,و|ن,خوف,هم,1,1.0,1
أَأَسْجُدُ,أ|أ,سجد,,1,1.0,1
طِينَاً,,طين,ا,1,1.0,1
أَرَأَيْتَكَ,أ,رأي+ت+ك+None,,1,1.0,1
كَرَّمْتَ,,كرم,ت,1,1.0,1
أَخَّرْتَنِ,,أخر+ت+ن+None,,1,1.0,1
لَأَحْتَنِكَنَّ,,ل+أ+حتنك+ن,,1,1.0,1
جَزَاؤُكُمْ,,جزاؤ,كم,1,1.0,1
مَوْفُورَاً,,موفور,ا,1,1.0,1
وَاسْتَفْزِزْ,و,استفزز,,1,1.0,1
بِصَوْتِكَ,ب,صوت,ك,1,1.0,1
وَأَجْلِبْ,و,أجلب,,1,1.0,1
بِخَيْلِكَ,ب,خيل,ك,1,1.0,1
وَرَجِلِكَ,و,رجل,ك,1,1.0,1
وَشَارِكْهُمْ,و,شارك,هم,1,1.0,1
وَعِدْهُمْ,و,عد,هم,1,1.0,1
نَجَّاكُمْ,,نجا,كم,1,1.0,1
أَعْرَضْتُمْ,,أعرض,تم,1,1.0,1
أَفَأَمِنْتُمْ,أ|ف,أمن,تم,1,1.0,1
يُعِيدَكُمْ,ي,عيد,كم,1,1.0,1
فَيُرْسِلَ,ف|ي,رسل,,1,1.0,1
قَاصِفَاً,,قاصف,ا,1,1.0,1
الرِّيحِ,ال,ريح,,1,1.0,1
فَيُغْرِقَكُمْ,ف|ي,غرق,كم,1,1.0,1
تَبِيعَاً,,تبيع,ا,1,1.0,1
كَرَّمْنَا,,كرم,نا,1,1.0,1
وَحَمَلْنَاهُمْ,و,حمل,نا|هم,1,1.0,1
بِإِمَامِهِمْ,ب,إمام,هم,1,1.0,1
كِتَابَهُمْ,,كتاب,هم,1,1.0,1
لَيَفْتِنُونَكَ,,ل+ي+فتن+ون+ك+None+None,,1,1.0,1
لِتَفْتَرِيَ,ل|ت,فتري,,1,1.0,1
لَاتَّخَذُوكَ,,ل+اتخذ,و|ك,1,1.0,1
ثَبَّتْنَاكَ,,ثبت,نا|ك,1,1.0,1
تَرْكَنُ,ت,ركن,,1,1.0,1
لَأَذَقْنَاكَ,,ل+أذق+نا+ك+None,,1,1.0,1
ضِعْفَ,,ضعف,(null),1,1.0,1
وَضِعْفَ,و,ضعف,,1,1.0,1
الْمَمَاتِ,ال,ممات,,1,1.0,1
لَيَسْتَفِزُّونَكَ,,ل+ي+ستفز+ون+ك+None+None,,1,1.0,1
لِيُخْرِجُوكَ,,ل+ي+خرج,و|ك,1,1.0,1
يَلْبَثُونَ,ي,لبث,ون,1,1.0,1
خِلَافَكَ,,خلاف,ك,1,1.0,1
لِسُنَّتِنَا,ل,سن,ت|نا,1,1.0,1
لِدُلُوكِ,ل,دلوك,,1,1.0,1
غَسَقِ,,غسق,,1,1.0,1
وَقُرْآنَ,و,قرآن,,1,1.0,1
قُرْآنَ,,قرآن,,1,1.0,1
مَشْهُودَاً,,مشهود,ا,1,1.0,1
فَتَهَجَّدْ,ف,تهجد,,1,1.0,1
يَبْعَثَكَ,ي,بعث,ك,1,1.0,1
مَحْمُودَاً,,محمود,ا,1,1.0,1
أَدْخِلْنِي,,أ+دخل+ن,ي,1,1.0,1
مُدْخَلَ,,مدخل,,1,1.0,1
وَأَخْرِجْنِي,و,أ+خرج+ن,ي,1,1.0,1
مُخْرَجَ,,مخرج,(null),1,1.0,1
وَزَهَقَ,و,زهق,,1,1.0,1
زَهُوقَاً,,زهوق,ا,1,1.0,1
وَنُنَزِّلُ,و|ن,نزل,,1,1.0,1
يَئُوسَاً,,يئوس,ا,1,1.0,1
شَاكِلَتِهِ,,شاكل,ت|ه,1,1.0,1
فَرَبُّكُمْ,ف,رب,كم,1,1.0,1
الرُّوحِ,ال,روح,,1,1.0,1
لَنَذْهَبَنَّ,,ل+ن+ذهب+ن,,1,1.0,1
اجْتَمَعَتِ,,اجتمع,ت,1,1.0,1
تَفْجُرَ,ت,فجر,,1,1.0,1
يَنْبُوعَاً,,ينبوع,ا,1,1.0,1
وَعِنَبٍ,و,عنب,,1,1.0,1
فَتُفَجِّرَ,ف|ت,فجر,,1,1.0,1
تُسْقِطَ,ت,سقط,,1,1.0,1
زَعَمْتَ,,زعم,ت,1,1.0,1
تَأْتِيَ,ت,أتي,,1,1.0,1
قَبِيلَاً,,قبيل,ا,1,1.0,1
بَيْتٌ,,بيت,,1,1.0,1
زُخْرُفٍ,,زخرف,,1,1.0,1
تَرْقَى,ت,رقى,,1,1.0,1
لِرُقِيِّكَ,ل,رقي,ك,1,1.0,1
نَقْرَؤُهُ,ن,قرؤ+ه+None,,1,1.0,1
أَبَعَثَ,أ,بعث,,1,1.0,1
مُطْمَئِنِّينَ,,مطمئن,ين,1,1.0,1
لَنَزَّلْنَا,,ل+نزل,نا,1,1.0,1
وَنَحْشُرُهُمْ,و|ن,حشر,هم,1,1.0,1
عُمْيَاً,,عمي,ا,1,1.0,1
وَبُكْمَاً,و,بكم,ا,1,1.0,1
وَصُمَّاً,و,صم,ا,1,1.0,1
خَبَتْ,,خب,ت,1,1.0,1
خَزَائِنَ,,خزائن,,1,1.0,1
لَأَمْسَكْتُمْ,,ل+أمسك,تم,1,1.0,1
الْإِنْفَاقِ,ال,إنفاق,(null),1,1.0,1
قَتُورَاً,,قتور,ا,1,1.0,1
تِسْعَ,,تسع,,1,1.0,1
مَثْبُورَاً,,مثبور,ا,1,1.0,1
يَسْتَفِزَّهُمْ,ي,ستفز,هم,1,1.0,1
فَأَغْرَقْنَاهُ,ف,أغرق,نا|ه,1,1.0,1
لَفِيفَاً,,لفيف,ا,1,1.0,1
وَقُرْآنَاً,و,قرآن,ا,1,1.0,1
فَرَقْنَاهُ,,فرق,نا|ه,1,1.0,1
لِتَقْرَأَهُ,ل|ت,قرأ,ه,1,1.0,1
مُكْثٍ,,مكث,,1,1.0,1
وَنَزَّلْنَاهُ,و|ن,نزل,نا|ه,1,1.0,1
يَخِرُّونَ,ي,خر,ون,1,1.0,1
لَمَفْعُولَاً,,ل+مفعول,ا,1,1.0,1
وَيَخِرُّونَ,و|ي,خر+ون+None+None,,1,1.0,1
خُشُوعَاً,,خشوع,ا,1,1.0,1
أَيَّاً,,أي,ا,1,1.0,1
بِصَلَاتِكَ,ب,صلا,ت|ك,1,1.0,1
تُخَافِتْ,ت,خافت,,1,1.0,1
وَكَبِّرْهُ,و,كبر,ه,1,1.0,1
تَكْبِيرَاً,,تكبير,ا,1,1.0,1
قَيِّمَاً,,قيم,ا,1,1.0,1
وَيُبَشِّرَ,و|ي,بشر,,1,1.0,1
مَاكِثِينَ,,ماكث,ين,1,1.0,1
وَيُنْذِرَ,و|ي,نذر,,1,1.0,1
كَبُرَتْ,,كبر,ت,1,1.0,1
أَسَفَاً,,أسف,ا,1,1.0,1
لِنَبْلُوَهُمْ,,ل+ن+بلو,هم,1,1.0,1
لَجَاعِلُونَ,,ل+جاعل,ون,1,1.0,1
جُرُزَاً,,جرز,ا,1,1.0,1
حَسِبْتَ,,حسب,ت,1,1.0,1
وَالرَّقِيمِ,و|ال,رقيم,,1,1.0,1
أَوَى,,أوى,,1,1.0,1
الْفِتْيَةُ,ال,فتي,ة,1,1.0,1
وَهَيِّئْ,و,هيئ,,1,1.0,1
فَضَرَبْنَا,ف,ضرب,نا,1,1.0,1
الْحِزْبَيْنِ,ال,حزب,ين,1,1.0,1
أَحْصَى,,أحصى,,1,1.0,1
نَبَأَهُمْ,,نبأ,هم,1,1.0,1
فِتْيَةٌ,,فتى,,1,1.0,1
وَزِدْنَاهُمْ,و,زد,نا|هم,1,1.0,1
وَرَبَطْنَا,و,ربط,نا,1,1.0,1
نَدْعُوَ,ن,دعو,,1,1.0,1
قَوْمُنَا,,قوم,نا,1,1.0,1
بَيِّنٍ,,بين,,1,1.0,1
اعْتَزَلْتُمُوهُمْ,,اعتزل+تم+و,هم,1,1.0,1
فَأْوُوا,ف,أو,وا,1,1.0,1
يَنْشُرْ,ي,نشر,,1,1.0,1
وَيُهَيِّئْ,و|ي,هيئ,,1,1.0,1
أَمْرِكُمْ,,أمر,كم,1,1.0,1
مِرْفَقَاً,,مرفق,ا,1,1.0,1
طَلَعَتْ,,طلع,ت,1,1.0,1
تَزَاوَرُ,ت,زاور,,1,1.0,1
غَرَبَتْ,,غرب,ت,1,1.0,1
تَقْرِضُهُمْ,ت,قرض,هم,1,1.0,1
فَجْوَةٍ,,فجو,ة,1,1.0,1
مُرْشِدَاً,,مرشد,ا,1,1.0,1
وَتَحْسَبُهُمْ,و|ت,حسب,هم,1,1.0,1
أَيْقَاظَاً,,أيقاظ,ا,1,1.0,1
رُقُودٌ,,رقود,,1,1.0,1
وَنُقَلِّبُهُمْ,و|ن,قلب,هم,1,1.0,1
وَذَاتَ,و,ذات,,1,1.0,1
وَكَلْبُهُمْ,و,كلب,هم,1,1.0,1
بَاسِطٌ,,باسط,,1,1.0,1
ذِرَاعَيْهِ,,ذراع,ي|ه,1,1.0,1
بِالْوَصِيدِ,ب|ال,وصيد,,1,1.0,1
اطَّلَعْتَ,,اطلع,ت,1,1.0,1
لَوَلَّيْتَ,,ل+ولي,ت,1,1.0,1
وَلَمُلِئْتَ,و,ل+ملئ,ت,1,1.0,1
رُعْبَاً,,رعب,ا,1,1.0,1
لِيَتَسَاءَلُوا,,ل+ي+تساءل,وا,1,1.0,1
أَحَدَكُمْ,,أحد,كم,1,1.0,1
بِوَرِقِكُمْ,ب,ورق,كم,1,1.0,1
طَعَامَاً,,طعام,ا,1,1.0,1
فَلْيَأْتِكُمْ,ف,ل+ي+أت,كم,1,1.0,1
بِرِزْقٍ,ب,رزق,,1,1.0,1
وَلْيَتَلَطَّفْ,و|ل|ي,تلطف,,1,1.0,1
يُشْعِرَنَّ,ي,شعر+ن,,1,1.0,1
يَرْجُمُوكُمْ,ي,رجم,و|كم,1,1.0,1
يُعِيدُوكُمْ,ي,عيد,و|كم,1,1.0,1
مِلَّتِهِمْ,,مل,ت|هم,1,1.0,1
تُفْلِحُوا,ت,فلح,وا,1,1.0,1
أَعْثَرْنَا,,أعثر,نا,1,1.0,1
لِيَعْلَمُوا,ل|ي,علم,وا,1,1.0,1
غَلَبُوا,,غلب,وا,1,1.0,1
لَنَتَّخِذَنَّ,,ل+ن+تخذ+ن,,1,1.0,1
خَمْسَةٌ,,خمس,ة|(null),1,1.0,1
رَجْمَاً,,رجم,ا,1,1.0,1
سَبْعَةٌ,,سبع,ة|(null),1,1.0,1
وَثَامِنُهُمْ,و,ثامن+هم+None+None,,1,1.0,1
بِعِدَّتِهِمْ,ب,عد,ت|هم,1,1.0,1
تُمَارِ,ت,مار,,1,1.0,1
مِرَاءً,,مراء,,1,1.0,1
تَسْتَفْتِ,ت,ستفت,,1,1.0,1
تَقُولَنَّ,ت,قول+ن,,1,1.0,1
فَاعِلٌ,,فاعل,(null),1,1.0,1
نَسِيتَ,,نسي,ت,1,1.0,1
يَهْدِيَنِ,ي,هدي+ن,,1,1.0,1
لِأَقْرَبَ,ل,أقرب,,1,1.0,1
وَلَبِثُوا,و,لبث,وا,1,1.0,1
مِائَةٍ,,مائ,ة,1,1.0,1
وَازْدَادُوا,و,ازداد,وا,1,1.0,1
تِسْعَاً,,تسع,ا,1,1.0,1
أَبْصِرْ,,أبصر,,1,1.0,1
وَأَسْمِعْ,و,أسمع,,1,1.0,1
يُشْرِكُ,ي,شرك,,1,1.0,1
حُكْمِهِ,,حكم,ه,1,1.0,1
تَعْدُ,ت,عد,,1,1.0,1
عَيْنَاكَ,,عين,ا|ك,1,1.0,1
أَغْفَلْنَا,,أغفل,نا,1,1.0,1
فُرُطَاً,,فرط,ا,1,1.0,1
فَلْيُؤْمِنْ,ف,ل+ي+ؤمن,,1,1.0,1
فَلْيَكْفُرْ,,ف+ل+ي+كفر,,1,1.0,1
سُرَادِقُهَا,,سرادق,ها,1,1.0,1
يَسْتَغِيثُوا,ي,ستغيث,وا,1,1.0,1
يُغَاثُوا,ي,غاث,وا,1,1.0,1
يَشْوِي,ي,شوي,,1,1.0,1
الْوُجُوهَ,ال,وجوه,,1,1.0,1
الشَّرَابُ,ال,شراب,,1,1.0,1
وَيَلْبَسُونَ,و|ي,لبس+ون+None+None,,1,1.0,1
ثِيَابَاً,,ثياب,ا,1,1.0,1
خُضْرَاً,,خضر,ا,1,1.0,1
الثَّوَابُ,ال,ثواب,,1,1.0,1
وَحَسُنَتْ,و,حسن+ت+None+None,,1,1.0,1
لِأَحَدِهِمَا,ل,أحد+هما+None+None,,1,1.0,1
وَحَفَفْنَاهُمَا,و,حفف,نا|هما,1,1.0,1
بِنَخْلٍ,ب,نخل,,1,1.0,1
كِلْتَا,,كلتا,,1,1.0,1
آتَتْ,,آت,ت,1,1.0,1
تَظْلِمْ,ت,ظلم,,1,1.0,1
خِلَالَهُمَا,,خلال,هما,1,1.0,1
نَهَرَاً,,نهر,ا,1,1.0,1
ثَمَرٌ,,ثمر,,1,1.0,1
وَأَعَزُّ,و,أعز,,1,1.0,1
جَنَّتَهُ,,جن,ة|(null)|ه,1,1.0,1
تَبِيدَ,ت,بيد,,1,1.0,1
رُدِدْتُ,,ردد,(null)|ت,1,1.0,1
لَأَجِدَنَّ,ل|أ,جد+ن,,1,1.0,1
مُنْقَلَبَاً,,منقلب,ا,1,1.0,1
صَاحِبُهُ,,صاحب,(null)|ه,1,1.0,1
أَكَفَرْتَ,أ,كفر,ت,1,1.0,1
سَوَّاكَ,,سوا,ك,1,1.0,1
لَكِنَّا,,لكن,نا,1,1.0,1
دَخَلْتَ,,دخل,ت,1,1.0,1
جَنَّتَكَ,,جن,ت|ك,1,1.0,1
قُوَّةَ,,قو,ة|(null),1,1.0,1
تَرَنِ,ت,ر+ن,,1,1.0,1
أَقَلَّ,,أقل,(null),1,1.0,1
يُؤْتِيَنِ,ي,ؤتي+ن,,1,1.0,1
جَنَّتِكَ,,جن,ت|ك,1,1.0,1
وَيُرْسِلَ,و|ي,رسل,,1,1.0,1
فَتُصْبِحَ,ف|ت,صبح,,1,1.0,1
زَلَقَاً,,زلق,ا,1,1.0,1
يُصْبِحَ,ي,صبح,,1,1.0,1
مَاؤُهَا,,ماؤ,ها,1,1.0,1
طَلَبَاً,,طلب,ا,1,1.0,1
وَأُحِيطَ,و,أحيط,,1,1.0,1
بِثَمَرِهِ,ب,ثمر,ه,1,1.0,1
أُشْرِكْ,أ,شرك,,1,1.0,1
مُنْتَصِرَاً,,منتصر,ا,1,1.0,1
الْوَلَايَةُ,ال,ولاي,ة|(null),1,1.0,1
عُقْبَاً,,عقب,ا,1,1.0,1
هَشِيمَاً,,هشيم,ا,1,1.0,1
تَذْرُوهُ,ت,ذر,و|ه,1,1.0,1
الرِّيَاحُ,ال,رياح,,1,1.0,1
مُقْتَدِرَاً,,مقتدر,ا,1,1.0,1
الْمَالُ,ال,مال,,1,1.0,1
وَالْبَنُونَ,و|ال,بن,ون,1,1.0,1
زِينَةُ,,زين,ة,1,1.0,1
أَمَلَاً,,أمل,ا,1,1.0,1
نُسَيِّرُ,ن,سير,,1,1.0,1
بَارِزَةً,,بارز,ة|(null),1,1.0,1
وَحَشَرْنَاهُمْ,و,حشر,نا|هم,1,1.0,1
نُغَادِرْ,ن,غادر,(null),1,1.0,1
وَعُرِضُوا,و,عرض,وا,1,1.0,1
نَجْعَلَ,ن,جعل,,1,1.0,1
يَاوَيْلَتَنَا,يا,ويل,ت|نا,1,1.0,1
يُغَادِرُ,ي,غادر,,1,1.0,1
أَحْصَاهَا,,أحصا,ها,1,1.0,1
وَوَجَدُوا,و,وجد+وا+None+None,,1,1.0,1
حَاضِرَاً,,حاضر,ا,1,1.0,1
فَفَسَقَ,ف,فسق,,1,1.0,1
أَفَتَتَّخِذُونَهُ,أ|ف|ت,تخذ+ون+ه+None+None,,1,1.0,1
وَذُرِّيَّتَهُ,و,ذر+ي,ت|ه,1,1.0,1
بَدَلَاً,,بدل,ا,1,1.0,1
أَشْهَدْتُهُمْ,,أشهد,ت|هم,1,1.0,1
مُتَّخِذَ,,متخذ,,1,1.0,1
الْمُضِلِّينَ,ال,مضل,ين,1,1.0,1
عَضُدَاً,,عضد,ا,1,1.0,1
نَادُوا,,ناد,وا,1,1.0,1
مَوْبِقَاً,,موبق,ا,1,1.0,1
وَرَأَى,و,رأى,(null),1,1.0,1
فَظَنُّوا,ف,ظن,وا,1,1.0,1
مُوَاقِعُوهَا,,مواقع,و|ها,1,1.0,1
مَصْرِفَاً,,مصرف,ا,1,1.0,1
وَيَسْتَغْفِرُوا,و|ي,ستغفر,وا,1,1.0,1
وَيُجَادِلُ,و|ي,جادل,,1,1.0,1
تَدْعُهُمْ,ت,دع,هم,1,1.0,1
يُؤَاخِذُهُمْ,ي,ؤاخذ,هم,1,1.0,1
لَعَجَّلَ,,ل+عجل,,1,1.0,1
مَوْعِدٌ,,عام,(null),1,1.0,1
مَوْئِلَاً,,موئل,ا,1,1.0,1
لِمَهْلِكِهِمْ,ل,مهلك,هم,1,1.0,1
أَبْرَحُ,أ,برح,,1,1.0,1
أَبْلُغَ,أ,بلغ,,1,1.0,1
أَمْضِيَ,أ,مضي,,1,1.0,1
حُقُبَاً,,حقب,ا,1,1.0,1
بَلَغَا,,بلغ,ا,1,1.0,1
نَسِيَا,,نسي,ا,1,1.0,1
حُوتَهُمَا,,حوت,هما,1,1.0,1
فَاتَّخَذَ,ف,اتخذ,,1,1.0,1
سَرَبَاً,,سرب,ا,1,1.0,1
جَاوَزَا,,جاوز,ا,1,1.0,1
غَدَاءَنَا,,غداء,نا,1,1.0,1
لَقِينَا,,لقي,نا,1,1.0,1
سَفَرِنَا,,سفر,نا,1,1.0,1
نَصَبَاً,,نصب,ا,1,1.0,1
أَوَيْنَا,,أوي,نا,1,1.0,1
الصَّخْرَةِ,ال,صخر,ة|(null),1,1.0,1
الْحُوتَ,ال,حوت,,1,1.0,1
أَنْسَانِيهُ,,أنسا+ن,ي|ه,1,1.0,1
أَذْكُرَهُ,أ,ذكر,ه,1,1.0,1
نَبْغِ,ن,بغ,,1,1.0,1
فَارْتَدَّا,ف,ارتد,ا,1,1.0,1
آثَارِهِمَا,,آثار,هما,1,1.0,1
قَصَصَاً,,قصص,ا,1,1.0,1
أَتَّبِعُكَ,أ,تبع,ك,1,1.0,1
تُعَلِّمَنِ,ت,علم+ن,,1,1.0,1
عُلِّمْتَ,,علم,ت,1,1.0,1
تَصْبِرُ,ت,صبر,,1,1.0,1
أَعْصِي,أ,عصي,,1,1.0,1
اتَّبَعْتَنِي,,اتبع+ت+ن,ي,1,1.0,1
تَسْأَلْنِي,ت,سأل+ن,ي,1,1.0,1
أُحْدِثَ,أ,حدث,,1,1.0,1
رَكِبَا,,ركب,ا,1,1.0,1
خَرَقَهَا,,خرق,ها,1,1.0,1
أَخَرَقْتَهَا,أ,خرق,ت|ها,1,1.0,1
لِتُغْرِقَ,ل|ت,غرق,,1,1.0,1
إِمْرَاً,,إمر,ا,1,1.0,1
تُؤَاخِذْنِي,ت,ؤاخذ+ن,ي,1,1.0,1
تُرْهِقْنِي,ت,رهق+ن,ي,1,1.0,1
عُسْرَاً,,عسر,ا,1,1.0,1
لَقِيَا,,لقي,ا,1,1.0,1
أَقَتَلْتَ,أ,قتل,ت,1,1.0,1
زَكِيَّةً,,زكي,ة,1,1.0,1
سَأَلْتُكَ,,سأل,ت|ك,1,1.0,1
تُصَاحِبْنِي,ت,صاحب+ن,ي,1,1.0,1
بَلَغْتَ,,بلغ,ت,1,1.0,1
لَدُنِّي,,لدن+ي+None,,1,1.0,1
أَتَيَا,,أتي,ا,1,1.0,1
اسْتَطْعَمَا,,استطعم,ا,1,1.0,1
فَأَبَوْا,ف,أب+وا+None,,1,1.0,1
يُضَيِّفُوهُمَا,ي,ضيف,و|هما,1,1.0,1
جِدَارَاً,,جدار,ا,1,1.0,1
يَنْقَضَّ,ي,نقض,,1,1.0,1
فَأَقَامَهُ,ف,أقام,ه,1,1.0,1
لَاتَّخَذْتَ,,ل+اتخذ,ت,1,1.0,1
فِرَاقُ,,فراق,(null),1,1.0,1
سَأُنَبِّئُكَ,,س+أ+نبئ,ك,1,1.0,1
تَسْتَطِعْ,ت,ستطع,,1,1.0,1
السَّفِينَةُ,ال,سفين,ة|(null),1,1.0,1
لِمَسَاكِينَ,ل,مساكين,,1,1.0,1
فَأَرَدْتُ,ف,أرد,ت,1,1.0,1
أَعِيبَهَا,أ,عيب,ها,1,1.0,1
مَلِكٌ,,ملك,(null),1,1.0,1
يَأْخُذُ,ي,أخذ,,1,1.0,1
سَفِينَةٍ,,سفين,ة|(null),1,1.0,1
غَصْبَاً,,غصب,ا,1,1.0,1
الْغُلَامُ,ال,غلام,,1,1.0,1
مُؤْمِنَيْنِ,,مؤمن,ين,1,1.0,1
فَخَشِينَا,ف,خشي,نا,1,1.0,1
يُرْهِقَهُمَا,ي,رهق+ما+None,,1,1.0,1
فَأَرَدْنَا,ف,أرد,نا,1,1.0,1
يُبْدِلَهُمَا,ي,بدل,هما,1,1.0,1
زَكَاةً,,زكا,ة,1,1.0,1
وَأَقْرَبَ,و,أقرب,,1,1.0,1
رُحْمَاً,,رحم,ا,1,1.0,1
الْجِدَارُ,ال,جدار,(null),1,1.0,1
لِغُلَامَيْنِ,ل,غلام,ين,1,1.0,1
يَتِيمَيْنِ,,يتيم,ين,1,1.0,1
تَحْتَهُ,,تحت,ه,1,1.0,1
أَبُوهُمَا,,أبو,هما,1,1.0,1
يَبْلُغَا,ي,بلغ,ا,1,1.0,1
أَشُدَّهُمَا,,أشد,هما,1,1.0,1
وَيَسْتَخْرِجَا,و|ي,ستخرج,ا,1,1.0,1
كَنْزَهُمَا,,كنز,هما,1,1.0,1
فَعَلْتُهُ,,فعل,ت|ه,1,1.0,1
تَسْطِعْ,ت,سطع,,1,1.0,1
سَأَتْلُو,س|أ,تلو,,1,1.0,1
فَأَتْبَعَ,ف,أتبع,,1,1.0,1
مَغْرِبَ,,مغرب,,1,1.0,1
تَغْرُبُ,ت,غرب,,1,1.0,1
حَمِئَةٍ,,حمئ,ة,1,1.0,1
تُعَذِّبَ,ت,عذب,,1,1.0,1
تَتَّخِذَ,ت,تخذ,,1,1.0,1
نُعَذِّبُهُ,ن,عذب,ه,1,1.0,1
وَسَنَقُولُ,و,س+ن+قول,,1,1.0,1
مَطْلِعَ,,مطلع,(null),1,1.0,1
تَطْلُعُ,ت,طلع,,1,1.0,1
دُونِهَا,,دون,ها,1,1.0,1
سِتْرَاً,,ستر,ا,1,1.0,1
أَحَطْنَا,,أحط,نا,1,1.0,1
السَّدَّيْنِ,ال,سد,ين,1,1.0,1
يَأْجُوجَ,,يأجوج,,1,1.0,1
وَمَأْجُوجَ,و,مأجوج,,1,1.0,1
مُفْسِدُونَ,,مفسد,ون,1,1.0,1
تَجْعَلَ,ت,جعل,,1,1.0,1
مَكَّنِّي,,مكن+ي+None,,1,1.0,1
فَأَعِينُونِي,ف,أعين+و+ن,ي,1,1.0,1
أَجْعَلْ,أ,جعل,,1,1.0,1
رَدْمَاً,,ردم,ا,1,1.0,1
زُبَرَ,,زبر,,1,1.0,1
الْحَدِيدِ,ال,حديد,,1,1.0,1
سَاوَى,,ساوى,,1,1.0,1
الصَّدَفَيْنِ,ال,صدف,ين,1,1.0,1
انْفُخُوا,,ا+نفخ,وا,1,1.0,1
أُفْرِغْ,أ,فرغ,,1,1.0,1
قِطْرَاً,,قطر,ا,1,1.0,1
اسْطَاعُوا,,اسطاع,وا,1,1.0,1
يَظْهَرُوهُ,ي,ظهر,و|ه,1,1.0,1
نَقْبَاً,,نقب,ا,1,1.0,1
رَحْمَةٌ,,رحم,ة,1,1.0,1
دَكَّاءَ,,دكاء,,1,1.0,1
يَمُوجُ,ي,موج,,1,1.0,1
فَجَمَعْنَاهُمْ,ف,جمع,نا|هم,1,1.0,1
وَعَرَضْنَا,و,عرض,نا,1,1.0,1
عَرْضَاً,,عرض,ا,1,1.0,1
غِطَاءٍ,,غطاء,(null),1,1.0,1
أَفَحَسِبَ,أ|ف,حسب,,1,1.0,1
نُنَبِّئُكُمْ,ن,نبئ,كم,1,1.0,1
بِالْأَخْسَرِينَ,ب|ال,أخسر,ين,1,1.0,1
أَعْمَالَاً,,أعمال,ا,1,1.0,1
يُحْسِنُونَ,ي,حسن,ون,1,1.0,1
صُنْعَاً,,صنع,,1,1.0,1
فَحَبِطَتْ,ف,حبط,ت,1,1.0,1
نُقِيمُ,ن,قيم,,1,1.0,1
وَزْنَاً,,وزن,ا,1,1.0,1
الْفِرْدَوْسِ,ال,فردوس,,1,1.0,1
حِوَلَاً,,حول,ا,1,1.0,1
مِدَادَاً,,مداد,ا,1,1.0,1
لَنَفِدَ,,ل+نفد,,1,1.0,1
تَنْفَدَ,ت,نفد,,1,1.0,1
مَدَدَاً,,مدد,ا,1,1.0,1
فَلْيَعْمَلْ,,ف+ل+ي+عمل,,1,1.0,1
بِعِبَادَةِ,ب,عباد,ة,1,1.0,1
كهيعص,,كهيعص,,1,1.0,1
نِدَاءً,,نداء,,1,1.0,1
خَفِيَّاً,,خفي,ا,1,1.0,1
وَهَنَ,,وهن,,1,1.0,1
الْعَظْمُ,ال,عظم,,1,1.0,1
وَاشْتَعَلَ,و,اشتعل,,1,1.0,1
الرَّأْسُ,ال,رأس,(null),1,1.0,1
شَيْبَاً,,شيب,ا,1,1.0,1
بِدُعَائِكَ,ب,دعائ,ك,1,1.0,1
خِفْتُ,,خف,ت,1,1.0,1
الْمَوَالِيَ,ال,موالي,,1,1.0,1
وَرَائِي,,ورائ,ي,1,1.0,1
فَهَبْ,ف,هب,,1,1.0,1
يَرِثُنِي,ي,رث+ن,ي,1,1.0,1
وَيَرِثُ,و|ي,رث,,1,1.0,1
وَاجْعَلْهُ,و,ا+جعل,ه,1,1.0,1
رَضِيَّاً,,رضي,ا,1,1.0,1
يَازَكَرِيَّا,يا,زكريا,,1,1.0,1
بَلَغْتُ,,بلغ,ت,1,1.0,1
خَلَقْتُكَ,,خلق,ت|ك,1,1.0,1
سَبِّحُوا,,سبح,وا,1,1.0,1
يَايَحْيَى,يا,يحيى,,1,1.0,1
الْحُكْمَ,ال,حكم,(null),1,1.0,1
وَحَنَانَاً,و,حنان,ا,1,1.0,1
وَزَكَاةً,و,زكا,ة,1,1.0,1
وُلِدَ,,ولد,,1,1.0,1
يُبْعَثُ,ي,بعث,(null),1,1.0,1
انْتَبَذَتْ,,انتبذ,ت,1,1.0,1
شَرْقِيَّاً,,شرق+ي,ا,1,1.0,1
فَاتَّخَذَتْ,ف,اتخذ,ت,1,1.0,1
رُوحَنَا,,روح,نا,1,1.0,1
فَتَمَثَّلَ,ف|ت,مثل,,1,1.0,1
لِأَهَبَ,ل|أ,هب,,1,1.0,1
زَكِيَّاً,,زكي,ا,1,1.0,1
أَكُ,أ,ك,,1,1.0,1
وَلِنَجْعَلَهُ,و|ل|ن,جعل,ه,1,1.0,1
فَحَمَلَتْهُ,ف,حمل,ت|ه,1,1.0,1
فَانْتَبَذَتْ,ف,انتبذ,ت,1,1.0,1
قَصِيَّاً,,قصي,ا,1,1.0,1
فَأَجَاءَهَا,ف,أجاء,ها,1,1.0,1
الْمَخَاضُ,ال,مخاض,,1,1.0,1
جِذْعِ,,جذع,,1,1.0,1
نَسْيَاً,,نسي,ا,1,1.0,1
مَنْسِيَّاً,,منسي,ا,1,1.0,1
فَنَادَاهَا,ف,نادا+ها+None+None+None,,1,1.0,1
تَحْتَكِ,,تحت,ك,1,1.0,1
سَرِيَّاً,,سري,ا,1,1.0,1
وَهُزِّي,و,هز,ي,1,1.0,1
بِجِذْعِ,ب,جذع,,1,1.0,1
تُسَاقِطْ,ت,ساقط,,1,1.0,1
عَلَيْكِ,علي,ك,,1,1.0,1
رُطَبَاً,,رطب,ا,1,1.0,1
جَنِيَّاً,,جني,ا,1,1.0,1
فَكُلِي,ف,كل,ي,1,1.0,1
وَاشْرَبِي,و,ا+شرب,ي,1,1.0,1
وَقَرِّي,و,قر,ي,1,1.0,1
تَرَيِنَّ,ت,ر+ي+ن,,1,1.0,1
فَقُولِي,ف,قول,ي,1,1.0,1
صَوْمَاً,,صوم,ا,1,1.0,1
أُكَلِّمَ,أ,كلم,,1,1.0,1
إِنْسِيَّاً,,إنس+ي,ا,1,1.0,1
فَأَتَتْ,ف,أت,ت,1,1.0,1
قَوْمَهَا,,قوم,ها,1,1.0,1
جِئْتِ,,جئ,ت,1,1.0,1
فَرِيَّاً,,فري,ا,1,1.0,1
يَاأُخْتَ,يا,أخ,ت,1,1.0,1
أَبُوكِ,,أبو,ك,1,1.0,1
امْرَأَ,,امرأ,,1,1.0,1
أُمُّكِ,,أم,ك,1,1.0,1
فَأَشَارَتْ,ف,أشار,ت,1,1.0,1
نُكَلِّمُ,ن,كلم,,1,1.0,1
وَأَوْصَانِي,و,أوصا+ن+ي+None,,1,1.0,1
مَا دُمْتُ,,ما+دم+ت+None,,1,1.0,1
بِوَالِدَتِي,ب,والد,ت|ي,1,1.0,1
يَجْعَلْنِي,ي,جعل+ن,ي,1,1.0,1
وُلِدْتُ,,ولد,ت,1,1.0,1
أَمُوتُ,أ,موت,,1,1.0,1
أُبْعَثُ,أ,بعث,,1,1.0,1
مَشْهَدِ,,مشهد,,1,1.0,1
أَسْمِعْ,,أسمع,,1,1.0,1
يَأْتُونَنَا,ي,أت+ون+نا+None+None,,1,1.0,1
الْحَسْرَةِ,ال,حسر,ة,1,1.0,1
نَرِثُ,ن,رث,,1,1.0,1
يُبْصِرُ,ي,بصر,,1,1.0,1
يَأْتِكَ,ي,أت,ك,1,1.0,1
فَاتَّبِعْنِي,ف,اتبع+ن,ي,1,1.0,1
أَهْدِكَ,أ,هد,ك,1,1.0,1
سَوِيًّا,,سوي,ا,1,1.0,1
تَعْبُدِ,ت,عبد,,1,1.0,1
يَمَسَّكَ,ي,مسك,,1,1.0,1
لِلشَّيْطَانِ,ل|ال,شيطان,,1,1.0,1
أَرَاغِبٌ,أ,راغب,,1,1.0,1
آلِهَتِي,,آله,ت|ي,1,1.0,1
لَأَرْجُمَنَّكَ,,ل+أ+رجم+ن,ك,1,1.0,1
وَاهْجُرْنِي,و,ا+هجر+ن,ي,1,1.0,1
مَلِيَّاً,,ملي,ا,1,1.0,1
سَأَسْتَغْفِرُ,,س+أ+ستغفر,,1,1.0,1
حَفِيَّاً,,حفي,ا,1,1.0,1
وَأَعْتَزِلُكُمْ,و|أ,عتزل,كم,1,1.0,1
وَأَدْعُو,و|أ,دعو,,1,1.0,1
بِدُعَاءِ,ب,دعاء,,1,1.0,1
اعْتَزَلَهُمْ,,اعتزل,هم,1,1.0,1
وَهَبْنَا,,وهب,نا,1,1.0,1
مُخْلَصَاً,,مخلص,ا,1,1.0,1
وَقَرَّبْنَاهُ,و,قرب,نا|ه,1,1.0,1
صَادِقَ,,صادق,,1,1.0,1
الْوَعْدِ,ال,وعد,,1,1.0,1
مَرْضِيَّاً,,مرضي,ا,1,1.0,1
إِدْرِيسَ,,إدريس,,1,1.0,1
وَرَفَعْنَاهُ,و,رفع,نا|ه,1,1.0,1
وَإِسْرَائِيلَ,و,إسرائيل,,1,1.0,1
وَاجْتَبَيْنَا,و,اجتبي,نا,1,1.0,1
وَبُكِيَّاً,و,بكي,ا,1,1.0,1
أَضَاعُوا,,أضاع,وا,1,1.0,1
يَلْقَوْنَ,ي,لق,ون,1,1.0,1
غَيَّاً,,غي,ا,1,1.0,1
مَأْتِيَّاً,,مأتي,ا,1,1.0,1
رِزْقُهُمْ,,رزق,(null)|هم,1,1.0,1
نُورِثُ,ن,ورث,,1,1.0,1
نَتَنَزَّلُ,ن,تنزل,,1,1.0,1
خَلْفَنَا,,خلف,نا,1,1.0,1
نَسِيَّاً,,نسي,ا,1,1.0,1
لِعِبَادَتِهِ,ل,عباد,ت|ه,1,1.0,1
لَسَوْفَ,,ل+سوف,,1,1.0,1
أُخْرَجُ,,أخرج,(null),1,1.0,1
لَنَحْشُرَنَّهُمْ,,ل+ن+حشر+ن,هم,1,1.0,1
لَنُحْضِرَنَّهُمْ,,ل+ن+حضر+ن,هم,1,1.0,1
حَوْلَ,,حول,(null),1,1.0,1
لَنَنْزِعَنَّ,,ل+ن+نزع+ن,,1,1.0,1
شِيعَةٍ,,شيع,ة|(null),1,1.0,1
صِلِيَّاً,,صلي,ا,1,1.0,1
وَارِدُهَا,,وارد,ها,1,1.0,1
حَتْمَاً,,حتم,ا,1,1.0,1
وَنَذَرُ,و|ن,ذر,,1,1.0,1
نَدِيَّاً,,ندي,ا,1,1.0,1
وَرِئْيَاً,,رئي,ا,1,1.0,1
الضَّلَالَةِ,ال,ضلال,ة,1,1.0,1
وَأَضْعَفُ,و,أضعف,,1,1.0,1
جُنْدَاً,,جند,ا,1,1.0,1
وَيَزِيدُ,و|ي,زيد,,1,1.0,1
مَرَدَّاً,,مرد,ا,1,1.0,1
لَأُوتَيَنَّ,,ل+أ+وتي+ن,,1,1.0,1
أَطَّلَعَ,أ,طلع,,1,1.0,1
وَنَمُدُّ,و|ن,مد,,1,1.0,1
وَنَرِثُهُ,و|ن,رث,ه,1,1.0,1
وَيَأْتِينَا,و|ي,أتي,نا,1,1.0,1
عِزَّاً,,عز,ا,1,1.0,1
سَيَكْفُرُونَ,,س+ي+كفر+ون+None+None,,1,1.0,1
وَيَكُونُونَ,و|ي,كون+ون+None+None,,1,1.0,1
ضِدَّاً,,ضد,ا,1,1.0,1
تَؤُزُّهُمْ,ت,ؤز,هم,1,1.0,1
أَزَّاً,,أز,ا,1,1.0,1
نَعُدُّ,ن,عد,,1,1.0,1
وَفْدَاً,,وفد,ا,1,1.0,1
وَنَسُوقُ,و|ن,سوق,,1,1.0,1
وِرْدَاً,,ورد,ا,1,1.0,1
إِدَّاً,,إدا,,1,1.0,1
وَتَنْشَقُّ,و|ت,نشق,,1,1.0,1
وَتَخِرُّ,و|ت,خر,,1,1.0,1
هَدَّاً,,هد,ا,1,1.0,1
آتِي,,آتي,,1,1.0,1
أَحْصَاهُمْ,,أحصا,هم,1,1.0,1
وَعَدَّهُمْ,و,عد,هم,1,1.0,1
وَكُلُّهُمْ,و,كل,هم,1,1.0,1
آتِيهِ,,آتي,ه,1,1.0,1
وُدَّاً,,ود,ا,1,1.0,1
لِتُبَشِّرَ,ل|ت,بشر,,1,1.0,1
لُدَّاً,,لد,ا,1,1.0,1
تُحِسُّ,ت,حس,,1,1.0,1
رِكْزَاً,,ركز,ا,1,1.0,1
طه,,طه,,1,1.0,1
لِتَشْقَى,ل|ت,شقى,,1,1.0,1
وَالسَّمَاوَاتِ,و|ال,سماو,ات,1,1.0,1
الثَّرَى,ال,ثري,,1,1.0,1
وَأَخْفَى,و,أخفى,,1,1.0,1
بِقَبَسٍ,ب,قبس,,1,1.0,1
فَاخْلَعْ,ف,ا+خلع,,1,1.0,1
نَعْلَيْكَ,,نعل,ي|ك,1,1.0,1
اخْتَرْتُكَ,,اختر,ت|ك,1,1.0,1
فَاسْتَمِعْ,ف,استمع,,1,1.0,1
فَاعْبُدْنِي,ف,ا+عبد+ن,ي,1,1.0,1
لِذِكْرِي,ل,ذكر,ي,1,1.0,1
أَكَادُ,أ,كاد,,1,1.0,1
أُخْفِيهَا,أ,خفي,ها,1,1.0,1
لِتُجْزَى,,ل+ت+جزى,,1,1.0,1
يَصُدَّنَّكَ,ي,صد+ن,ك,1,1.0,1
فَتَرْدَى,ف|ت,ردى,,1,1.0,1
عَصَايَ,,عصا,ي,1,1.0,1
أَتَوَكَّأُ,أ,توكأ,,1,1.0,1
وَأَهُشُّ,و|أ,هش,,1,1.0,1
غَنَمِي,,غنم,ي,1,1.0,1
مَآرِبُ,,مآرب,,1,1.0,1
أَلْقِهَا,,ألق,ها,1,1.0,1
فَأَلْقَاهَا,ف,ألقا,ها,1,1.0,1
حَيَّةٌ,,حي,ة|(null),1,1.0,1
خُذْهَا,,خذ,ها,1,1.0,1
سَنُعِيدُهَا,س|ن,عيد,ها,1,1.0,1
سِيرَتَهَا,,سير,ة|ها,1,1.0,1
جَنَاحِكَ,,جناح,ك,1,1.0,1
لِنُرِيَكَ,,ل+ن+ري,ك,1,1.0,1
اشْرَحْ,,ا+شرح,,1,1.0,1
وَيَسِّرْ,و,يسر,,1,1.0,1
وَاحْلُلْ,و,ا+حلل,,1,1.0,1
عُقْدَةً,,عقد,ة,1,1.0,1
يَفْقَهُوا,ي,فقه,وا,1,1.0,1
اشْدُدْ,,ا+شدد,,1,1.0,1
أَزْرِي,,أزر,ي,1,1.0,1
وَأَشْرِكْهُ,و,أ+شرك,ه,1,1.0,1
نُسَبِّحَكَ,ن,سبح,ك,1,1.0,1
وَنَذْكُرَكَ,و|ن,ذكر,ك,1,1.0,1
أُوتِيتَ,,أوتي,ت,1,1.0,1
سُؤْلَكَ,,سؤل,ك,1,1.0,1
اقْذِفِيهِ,,ا+قذف,ي|ه,1,1.0,1
التَّابُوتِ,ال,تابوت,,1,1.0,1
فَاقْذِفِيهِ,ف,ا+قذف,ي|ه,1,1.0,1
فَلْيُلْقِهِ,ف,ل+ي+لق,ه,1,1.0,1
الْيَمُّ,ال,يم,,1,1.0,1
بِالسَّاحِلِ,ب|ال,ساحل,,1,1.0,1
يَأْخُذْهُ,ي,أخذ,ه,1,1.0,1
وَعَدُوٌّ,و,عدو,,1,1.0,1
وَأَلْقَيْتُ,و,ألقي,ت,1,1.0,1
مَحَبَّةً,,محب,ة|(null),1,1.0,1
وَلِتُصْنَعَ,و,ل+ت+صنع,,1,1.0,1
عَيْنِي,,عين,ي,1,1.0,1
أُخْتُكَ,,أخ,ت|ك,1,1.0,1
فَتَقُولُ,ف|ت,قول,,1,1.0,1
يَكْفُلُهُ,ي,كفل,ه,1,1.0,1
فَرَجَعْنَاكَ,ف,رجع,نا|ك,1,1.0,1
وَقَتَلْتَ,و,قتل,ت,1,1.0,1
فَنَجَّيْنَاكَ,ف,نجي+ك+None+None,,1,1.0,1
وَفَتَنَّاكَ,و,فت,نا|ك,1,1.0,1
فُتُونَاً,,فتون,ا,1,1.0,1
فَلَبِثْتَ,ف,لبث,ت,1,1.0,1
وَاصْطَنَعْتُكَ,و,اصطنع,ت|ك,1,1.0,1
وَأَخُوكَ,و,أخو,ك,1,1.0,1
تَنَيَا,ت,ني,ا,1,1.0,1
لَيِّنَاً,,لين,ا,1,1.0,1
يَفْرُطَ,ي,فرط,,1,1.0,1
يَطْغَى,ي,طغى,,1,1.0,1
تَخَافَا,ت,خاف,ا,1,1.0,1
مَعَكُمَا,,مع,كما,1,1.0,1
أَسْمَعُ,أ,سمع,,1,1.0,1
وَأَرَى,و|أ,رى,,1,1.0,1
فَأْتِيَاهُ,ف,أتي+ا+ه+None,,1,1.0,1
رَسُولَا,,رسول,ا,1,1.0,1
يَنْسَى,ي,نسى,,1,1.0,1
وَسَلَكَ,و,سلك,,1,1.0,1
نَبَاتٍ,,نبات,,1,1.0,1
وَارْعَوْا,و,ا+رع,وا,1,1.0,1
أَنْعَامَكُمْ,,أنعام,كم,1,1.0,1
نُعِيدُكُمْ,ن,عيد,كم,1,1.0,1
أَرَيْنَاهُ,,أري,نا|ه,1,1.0,1
وَأَبَى,و,أبى,,1,1.0,1
لِتُخْرِجَنَا,ل|ت,خرج,نا,1,1.0,1
بِسِحْرِكَ,ب,سحر,ك,1,1.0,1
فَلَنَأْتِيَنَّكَ,ف,ل+ن+أتي+ن,ك,1,1.0,1
نُخْلِفُهُ,ن,خلف,ه,1,1.0,1
سُوَىً,,سوى,,1,1.0,1
مَوْعِدُكُمْ,,موعد,كم,1,1.0,1
الزِّينَةِ,ال,زين,ة,1,1.0,1
يُحْشَرَ,ي,حشر,,1,1.0,1
فَجَمَعَ,ف,جمع,,1,1.0,1
كَيْدَهُ,,كيد,ه,1,1.0,1
تَفْتَرُوا,ت,فتر,وا,1,1.0,1
فَيُسْحِتَكُمْ,ف|ي,سحت,كم,1,1.0,1
فَتَنَازَعُوا,ف,تنازع,وا,1,1.0,1
لَسَاحِرَانِ,,ل+ساحر,ان,1,1.0,1
يُرِيدَانِ,ي,ريد,ان,1,1.0,1
يُخْرِجَاكُمْ,ي,خرج,ا|كم,1,1.0,1
بِسِحْرِهِمَا,ب,سحر,هما,1,1.0,1
وَيَذْهَبَا,و|ي,ذهب,ا,1,1.0,1
بِطَرِيقَتِكُمُ,ب,طريق,ت|كم,1,1.0,1
الْمُثْلَى,ال,مثلى,,1,1.0,1
كَيْدَكُمْ,,كيد,كم,1,1.0,1
اسْتَعْلَى,,استعلى,,1,1.0,1
حِبَالُهُمْ,,حبال,هم,1,1.0,1
وَعِصِيُّهُمْ,و,عصي,هم,1,1.0,1
يُخَيَّلُ,ي,خيل,,1,1.0,1
سِحْرِهِمْ,,سحر,هم,1,1.0,1
يَمِينِكَ,,يمين,ك,1,1.0,1
تَلْقَفْ,ت,لقف,,1,1.0,1
فَلَأُقَطِّعَنَّ,ف,ل+أ+قطع+ن,,1,1.0,1
جُذُوعِ,,جذوع,,1,1.0,1
أَيُّنَا,,أي,نا,1,1.0,1
نُؤْثِرَكَ,ن,ؤثر,ك,1,1.0,1
فَطَرَنَا,,فطر,نا,1,1.0,1
فَاقْضِ,ف,ا+قض,,1,1.0,1
قَاضٍ,,قاض,,1,1.0,1
تَقْضِي,ت,قضي,,1,1.0,1
أَكْرَهْتَنَا,,أكره,ت|نا,1,1.0,1
السِّحْرِ,ال,سحر,,1,1.0,1
مُجْرِمَاً,,مجرم,ا,1,1.0,1
يَأْتِهِ,ي,أت,ه,1,1.0,1
الدَّرَجَاتُ,ال,درج,ات,1,1.0,1
يَبَسَاً,,يبس,ا,1,1.0,1
تَخَافُ,ت,خاف,,1,1.0,1
دَرَكَاً,,درك,ا,1,1.0,1
تَخْشَى,ت,خشى,,1,1.0,1
بِجُنُودِهِ,ب,جنود,ه,1,1.0,1
فَغَشِيَهُمْ,ف,غشي,هم,1,1.0,1
عَدُوِّكُمْ,,عدو,كم,1,1.0,1
وَوَاعَدْنَاكُمْ,و,واعد,نا|كم,1,1.0,1
الْأَيْمَنَ,ال,أيمن,,1,1.0,1
فَيَحِلَّ,ف|ي,حل,(null),1,1.0,1
يَحْلِلْ,ي,حلل,,1,1.0,1
لَغَفَّارٌ,,ل+غفار,,1,1.0,1
أَعْجَلَكَ,,أعجل,ك,1,1.0,1
أَثَرِي,,أثر,ي,1,1.0,1
وَعَجِلْتُ,و,عجلك,ت,1,1.0,1
لِتَرْضَى,,ل+ت+رضي,,1,1.0,1
بَعْدِكَ,,بعد,ك,1,1.0,1
وَأَضَلَّهُمُ,و,أضل,هم,1,1.0,1
فَرَجَعَ,ف,رجع,,1,1.0,1
يَعِدْكُمْ,ي,عد,كم,1,1.0,1
أَفَطَالَ,أ|ف,طال,,1,1.0,1
الْعَهْدُ,ال,عهد,,1,1.0,1
يَحِلَّ,ي,حل,(null),1,1.0,1
فَأَخْلَفْتُمْ,ف,أخلف,تم,1,1.0,1
مَوْعِدِي,,موعد,ي,1,1.0,1
أَخْلَفْنَا,,أخلف,نا,1,1.0,1
مَوْعِدَكَ,,موعد,ك,1,1.0,1
بِمَلْكِنَا,ب,ملك,نا,1,1.0,1
حُمِّلْنَا,,حمل,نا,1,1.0,1
أَوْزَارَاً,,أوزار,ا,1,1.0,1
زِينَةِ,,زين,ة,1,1.0,1
فَقَذَفْنَاهَا,ف,قذف,نا|ها,1,1.0,1
فَكَذَلِكَ,ف|ك,ذلك,,1,1.0,1
وَإِلَهُ,و,إله,,1,1.0,1
فُتِنْتُمْ,,فتن,تم,1,1.0,1
نَبْرَحَ,ن,برح,,1,1.0,1
يَرْجِعَ,ي,رجع,,1,1.0,1
يَاهَارُونُ,يا,هارون,,1,1.0,1
تَتَّبِعَنِ,ت,تبع+ن,,1,1.0,1
أَفَعَصَيْتَ,أ|ف,عصي+ت+None,,1,1.0,1
يَاابْنَأُمَّ,يا,ابن,,1,1.0,1
تَأْخُذْ,أم,لا,,1,1.0,1
بِلِحْيَتِي,ت|ب,أخذ+لحي+None+ت+None+ي+None,,1,1.0,1
بِرَأْسِي,ب,رأس,ي,1,1.0,1
خَشِيتُ,,خشي,ت,1,1.0,1
فَرَّقْتَ,,فرق,ت,1,1.0,1
تَرْقُبْ,ت,رقب,,1,1.0,1
خَطْبُكَ,,خطب,ك,1,1.0,1
يَاسَامِرِيُّ,يا,سامري,,1,1.0,1
بَصُرْتُ,,بصر,ت,1,1.0,1
يَبْصُرُوا,ي,بصر,وا,1,1.0,1
فَقَبَضْتُ,ف,قبض,ت,1,1.0,1
قَبْضَةً,,قبض,ة|(null),1,1.0,1
فَنَبَذْتُهَا,ف,نبذ,ت|ها,1,1.0,1
مِسَاسَ,,مساس,,1,1.0,1
تُخْلَفَهُ,ت,خلف,ه,1,1.0,1
إِلَهِكَ,,إله,ك,1,1.0,1
ظَلْتَ,,ظل,ت,1,1.0,1
عَاكِفَاً,,عاكف,ا,1,1.0,1
لَنُحَرِّقَنَّهُ,,ل+ن+حرق+ن,ه,1,1.0,1
لَنَنْسِفَنَّهُ,,ل+ن+نسف+ن,ه,1,1.0,1
إِلَهُكُمُ,,إله,كم,1,1.0,1
وِزْرَاً,,وزر,ا,1,1.0,1
حِمْلَاً,,حمل,ا,1,1.0,1
وَنَحْشُرُ,و|ن,حشر,,1,1.0,1
زُرْقَاً,,زرق,ا,1,1.0,1
أَمْثَلُهُمْ,,أمثل,هم,1,1.0,1
طَرِيقَةً,,طريق,ة|(null),1,1.0,1
يَنْسِفُهَا,ي,نسف,ها,1,1.0,1
فَيَذَرُهَا,ف|ي,ذر,ها,1,1.0,1
قَاعَاً,,قاع,ا,1,1.0,1
صَفْصَفَاً,,صفصف,ا,1,1.0,1
أَمْتَاً,,أمت,ا,1,1.0,1
الدَّاعِيَ,ال,داعي,,1,1.0,1
عِوَجَ,,عوج,(null),1,1.0,1
وَخَشَعَتِ,و,خشع,ت,1,1.0,1
الْأَصْوَاتُ,ال,أصوات,,1,1.0,1
هَمْسَاً,,همس,ا,1,1.0,1
وَرَضِيَ,و,رضي,,1,1.0,1
وَعَنَتِ,و,عن,ت,1,1.0,1
الْوُجُوهُ,ال,وجوه,,1,1.0,1
لِلْحَيِّ,ل|ال,حي,,1,1.0,1
الْقَيُّومِ,ال,قيوم,,1,1.0,1
حَمَلَ,,حمل,(null),1,1.0,1
هَضْمَاً,,هضم,ا,1,1.0,1
وَحْيُهُ,,وحي,ه,1,1.0,1
زِدْنِي,,زد+ن,ي,1,1.0,1
عَهِدْنَا,,عهد,نا,1,1.0,1
نَجِدْ,ن,جد,,1,1.0,1
عَزْمَاً,,عزم,ا,1,1.0,1
وَلِزَوْجِكَ,و|ل,زوج,ك,1,1.0,1
يُخْرِجَنَّكُمَا,ي,خرج+ن,كما,1,1.0,1
فَتَشْقَى,,ف+ت+شقى,,1,1.0,1
تَجُوعَ,ت,جوع,,1,1.0,1
تَعْرَى,ت,عرى,,1,1.0,1
وَأَنَّكَ,و,أن,ك,1,1.0,1
تَظْمَأُ,ت,ظمأ,,1,1.0,1
تَضْحَى,ت,ضحى,,1,1.0,1
أَدُلُّكَ,أ,دل,ك,1,1.0,1
شَجَرَةِ,,شجر,ة|(null),1,1.0,1
وَمُلْكٍ,و,ملك,,1,1.0,1
يَبْلَى,ي,بلى,,1,1.0,1
فَأَكَلَا,ف,أكل,ا,1,1.0,1
فَبَدَتْ,ف,بد,ت,1,1.0,1
فَغَوَى,ف,غوى,,1,1.0,1
وَهَدَى,و,هدى,,1,1.0,1
اهْبِطَا,,ا+هبط,ا,1,1.0,1
يَشْقَى,ي,شقى,,1,1.0,1
مَعِيشَةً,,معيش,ة|(null),1,1.0,1
ضَنْكَاً,,ضنك,ا,1,1.0,1
وَنَحْشُرُهُ,و|ن,حشر,ه,1,1.0,1
حَشَرْتَنِي,,حشر+ت+ن,ي,1,1.0,1
أَتَتْكَ,,أت,ت|ك,1,1.0,1
فَنَسِيتَهَا,ف,نسي,ت|ها,1,1.0,1
تُنْسَى,ت,نسى,,1,1.0,1
أَسْرَفَ,,أسرف,(null),1,1.0,1
غُرُوبِهَا,,غروب,ها,1,1.0,1
آنَاءِ,,آناء,,1,1.0,1
وَأَطْرَافَ,و,أطراف,,1,1.0,1
زَهْرَةَ,,زهر,ة,1,1.0,1
وَرِزْقُ,و,رزق,,1,1.0,1
نَسْأَلُكَ,ن,سأل,ك,1,1.0,1
نَرْزُقُكَ,ن,رزق,ك,1,1.0,1
يَأْتِينَا,ي,أتي,نا,1,1.0,1
بَيِّنَةُ,,بين,ة,1,1.0,1
نَذِلَّ,ن,ذل,,1,1.0,1
وَنَخْزَى,و|ن,خزى,,1,1.0,1
مُتَرَبِّصٌ,,متربص,,1,1.0,1
السَّوِيِّ,ال,سو+ي,,1,1.0,1
اسْتَمَعُوهُ,,استمع,و|ه,1,1.0,1
لَاهِيَةً,,لاهي,ة,1,1.0,1
أَفَتَأْتُونَ,أ|ف|ت,أت+ون+None+None,,1,1.0,1
فَلْيَأْتِنَا,,ف+ل+ي+أت,نا,1,1.0,1
أَفَهُمْ,أ|ف,هم,,1,1.0,1
صَدَقْنَاهُمُ,,صدق,نا|هم,1,1.0,1
الْوَعْدَ,ال,وعد,,1,1.0,1
فَأَنْجَيْنَاهُمْ,ف,أنجي,نا|هم,1,1.0,1
وَأَهْلَكْنَا,و,أهلك,نا,1,1.0,1
ذِكْرُكُمْ,,ذكر,كم,1,1.0,1
قَصَمْنَا,,قصم,نا,1,1.0,1
ظَالِمَةً,,ظالم,ة,1,1.0,1
أَحَسُّوا,,أحس,وا,1,1.0,1
يَرْكُضُونَ,ي,ركض,ون,1,1.0,1
تَرْكُضُوا,ت,ركض,وا,1,1.0,1
وَارْجِعُوا,و,ا+رجع,وا,1,1.0,1
أُتْرِفْتُمْ,,أترف,تم,1,1.0,1
وَمَسَاكِنِكُمْ,و,مساكن,كم,1,1.0,1
زَالَتْ,,زال,ت,1,1.0,1
خَامِدِينَ,,خامد,ين,1,1.0,1
لَاتَّخَذْنَاهُ,,ل+اتخذ,نا|ه,1,1.0,1
نَقْذِفُ,ن,قذف,,1,1.0,1
الْبَاطِلِ,ال,باطل,(null),1,1.0,1
فَيَدْمَغُهُ,ف|ي,دمغ,ه,1,1.0,1
زَاهِقٌ,,زاهق,,1,1.0,1
الْوَيْلُ,ال,ويل,(null),1,1.0,1
يَسْتَحْسِرُونَ,ي,ستحسر,ون,1,1.0,1
يَفْتُرُونَ,ي,فتر,ون,1,1.0,1
يُنْشِرُونَ,ي,نشر,ون,1,1.0,1
لَفَسَدَتَا,,ل+فسد,ت|ا,1,1.0,1
يُسْأَلُونَ,ي,سأل,ون,1,1.0,1
وَذِكْرُ,و,ذكر,,1,1.0,1
يَسْبِقُونَهُ,ي,سبق+ون+ه+None+None,,1,1.0,1
يَشْفَعُونَ,ي,شفع+ون+None+None,,1,1.0,1
خَشْيَتِهِ,,خشي,ة|ه,1,1.0,1
يَقُلْ,ي,قل,,1,1.0,1
نَجْزِيهِ,ن,جزي,ه,1,1.0,1
رَتْقَاً,,رتق,ا,1,1.0,1
فَفَتَقْنَاهُمَا,ف,فتق,نا|هما,1,1.0,1
حَيٍّ,,حي,,1,1.0,1
سَقْفَاً,,سقف,ا,1,1.0,1
مَحْفُوظَاً,,محفوظ,ا,1,1.0,1
آيَاتِهَا,,آي,ات|ها,1,1.0,1
الْخُلْدَ,ال,خلد,,1,1.0,1
مِتَّ,,مت,,1,1.0,1
فَهُمُ,ف,هم,,1,1.0,1
الْخَالِدُونَ,ال,خالد,ون,1,1.0,1
وَنَبْلُوكُمْ,و|ن,بلو,كم,1,1.0,1
وَالْخَيْرِ,و|ال,خير,(null),1,1.0,1
رَآكَ,,رآ,ك,1,1.0,1
عَجَلٍ,,عجل,,1,1.0,1
تَسْتَعْجِلُونِ,ت,ستعجل+ون+None+None+None,,1,1.0,1
يَكُفُّونَ,ي,كف+ون+None+None,,1,1.0,1
وُجُوهِهِمُ,,وجوه,هم,1,1.0,1
فَتَبْهَتُهُمْ,ف|ت,بهت,هم,1,1.0,1
رَدَّهَا,,رد,ها,1,1.0,1
يَكْلَؤُكُمْ,ي,كلؤ+كم+None,,1,1.0,1
تَمْنَعُهُمْ,ت,منع,هم,1,1.0,1
دُونِنَا,,دون,نا,1,1.0,1
يُصْحَبُونَ,ي,صحب,ون,1,1.0,1
طَالَ,,طال,,1,1.0,1
أَفَهُمُ,أ|ف,هم,,1,1.0,1
أُنْذِرُكُمْ,أ,نذر,كم,1,1.0,1
بِالْوَحْيِ,ب|ال,وحي,(null),1,1.0,1
يُنْذَرُونَ,ي,نذر,ون,1,1.0,1
نَفْحَةٌ,,نفح,ة|(null),1,1.0,1
وَنَضَعُ,و|ن,ضع,,1,1.0,1
الْمَوَازِينَ,ال,موازين,,1,1.0,1
الْقِسْطَ,ال,قسط,,1,1.0,1
حَاسِبِينَ,,حاسب,ين,1,1.0,1
وَضِيَاءً,و,ضياء,,1,1.0,1
وَذِكْرَاً,و,ذكر,ا,1,1.0,1
أَفَأَنْتُمْ,أ|ف,أنتم,,1,1.0,1
رُشْدَهُ,,رشد,ه,1,1.0,1
التَّمَاثِيلُ,ال,تماثيل,,1,1.0,1
اللَّاعِبِينَ,ال,لاعب,ين,1,1.0,1
فَطَرَهُنَّ,,فطر,هن,1,1.0,1
وَتَاللَّهِ,و,ت+ال+له,,1,1.0,1
لَأَكِيدَنَّ,,ل+أ+كيد+ن,,1,1.0,1
أَصْنَامَكُمْ,,أصنام,كم,1,1.0,1
جُذَاذَاً,,جذاذ,ا,1,1.0,1
فَتَىً,,فتى,,1,1.0,1
يَذْكُرُهُمْ,ي,ذكر,هم,1,1.0,1
أَعْيُنِ,,أعين,(null),1,1.0,1
فَعَلَهُ,,فعل,ه,1,1.0,1
فَاسْأَلُوهُمْ,ف,ا+سأل,و|هم,1,1.0,1
فَرَجَعُوا,ف,رجع,وا,1,1.0,1
نُكِسُوا,,نكس,وا,1,1.0,1
أَفَتَعْبُدُونَ,أ|ف|ت,عبد+ون+None+None,,1,1.0,1
وَلِمَا,و|ل,ما,,1,1.0,1
وَانْصُرُوا,و,ا+نصر,وا,1,1.0,1
يَانَارُ,يا,نار,,1,1.0,1
كُونِي,,كون,ي,1,1.0,1
وَأَرَادُوا,و,أراد,وا,1,1.0,1
الْأَخْسَرِينَ,ال,أخسر,ين,1,1.0,1
فِعْلَ,,فعل,,1,1.0,1
وَإِقَامَ,و,إقام,,1,1.0,1
وَإِيتَاءَ,و,إيتاء,,1,1.0,1
تَعْمَلُ,ت,عمل,,1,1.0,1
وَأَدْخَلْنَاهُ,و,أدخل,نا|ه,1,1.0,1
وَنَصَرْنَاهُ,و,نصر,نا|ه,1,1.0,1
وَدَاوُودَ,و,داوود,,1,1.0,1
يَحْكُمَانِ,ي,حكم,ان,1,1.0,1
نَفَشَتْ,,نفش,ت,1,1.0,1
غَنَمُ,,غنم,,1,1.0,1
لِحُكْمِهِمْ,ل,حكم,هم,1,1.0,1
فَفَهَّمْنَاهَا,ف,فهم,نا|ها,1,1.0,1
وَسَخَّرْنَا,و,سخر,نا,1,1.0,1
صَنْعَةَ,,صنع,ة|(null),1,1.0,1
لَبُوسٍ,,لبوس,,1,1.0,1
لِتُحْصِنَكُمْ,,ل+ت+حصن,كم,1,1.0,1
بَأْسِكُمْ,,بأس,كم,1,1.0,1
شَاكِرُونَ,,شاكر,ون,1,1.0,1
عَاصِفَةً,,عاصف,ة|(null),1,1.0,1
يَغُوصُونَ,ي,غوص,ون,1,1.0,1
وَيَعْمَلُونَ,و|ي,عمل+ون+None+None,,1,1.0,1
لِلْعَابِدِينَ,ل|ال,عابد,ين,1,1.0,1
وَإِدْرِيسَ,و,إدريس,,1,1.0,1
وَأَدْخَلْنَاهُمْ,و,أدخل,نا|هم,1,1.0,1
النُّونِ,ال,نون,(null),1,1.0,1
مُغَاضِبَاً,,مغاضب,ا,1,1.0,1
فَظَنَّ,ف,ظن,,1,1.0,1
نَقْدِرَ,ن,قدر,,1,1.0,1
نُنْجِي,ن,نجي,,1,1.0,1
تَذَرْنِي,ت,ذر+ن,ي,1,1.0,1
وَأَصْلَحْنَا,و,أصلح,نا,1,1.0,1
زَوْجَهُ,,زوج,ه,1,1.0,1
وَيَدْعُونَنَا,و|ي,دع+ون+نا+None+None,,1,1.0,1
رَغَبَاً,,رغب,ا,1,1.0,1
وَرَهَبَاً,و,رهب,ا,1,1.0,1
وَابْنَهَا,و,ابن,ها,1,1.0,1
وَتَقَطَّعُوا,و,تقطع+وا+None+None+None,,1,1.0,1
كُفْرَانَ,,كفران,,1,1.0,1
لِسَعْيِهِ,ل,سعي,ه,1,1.0,1
كَاتِبُونَ,,كاتب,ون,1,1.0,1
وَحَرَامٌ,و,حرام,,1,1.0,1
يَأْجُوجُ,,يأجوج,,1,1.0,1
وَمَأْجُوجُ,و,مأجوج,,1,1.0,1
حَدَبٍ,,حدب,,1,1.0,1
وَاقْتَرَبَ,و,اقترب,,1,1.0,1
شَاخِصَةٌ,,شاخص,ة,1,1.0,1
أَبْصَارُ,,أبصار,,1,1.0,1
حَصَبُ,,حصب,,1,1.0,1
وَارِدُونَ,,وارد,ون,1,1.0,1
وَرَدُوهَا,,ورد,و|ها,1,1.0,1
مُبْعَدُونَ,,مبعد,ون,1,1.0,1
حَسِيسَهَا,,حسيس,ها,1,1.0,1
اشْتَهَتْ,,اشته,ت,1,1.0,1
يَحْزُنُهُمُ,ي,حزن,هم,1,1.0,1
الْفَزَعُ,ال,فزع,,1,1.0,1
الْأَكْبَرُ,ال,أكبر,(null),1,1.0,1
وَتَتَلَقَّاهُمُ,و|ت,تلقا+هم+None,,1,1.0,1
يَوْمُكُمُ,,يوم,كم,1,1.0,1
نَطْوِي,ن,طوي,,1,1.0,1
كَطَيِّ,ك,طي,,1,1.0,1
السِّجِلِّ,ال,سجل,,1,1.0,1
لِلْكُتُبِ,ل|ال,كتب,(null),1,1.0,1
بَدَأْنَا,,بدأ,نا,1,1.0,1
نُعِيدُهُ,ن,عيد,ه,1,1.0,1
الزَّبُورِ,ال,زبور,,1,1.0,1
لَبَلَاغَاً,,ل+بلاغ,ا,1,1.0,1
آذَنْتُكُمْ,,آذن,ت|كم,1,1.0,1
وَرَبُّنَا,و,رب,نا,1,1.0,1
زَلْزَلَةَ,,زلزل,ة,1,1.0,1
تَذْهَلُ,ت,ذهل,,1,1.0,1
مُرْضِعَةٍ,,مرضع,ة,1,1.0,1
أَرْضَعَتْ,,أرضع,ت,1,1.0,1
وَتَضَعُ,و|ت,ضع,,1,1.0,1
حَمْلَهَا,,حمل,ها,1,1.0,1
بِسُكَارَى,ب,سكارى,,1,1.0,1
وَيَتَّبِعُ,و|ي,تبع,,1,1.0,1
مَرِيدٍ,,مريد,,1,1.0,1
تَوَلَّاهُ,,تولا,ه,1,1.0,1
يُضِلُّهُ,ي,ضل,ه,1,1.0,1
وَيَهْدِيهِ,و|ي,هدي,ه,1,1.0,1
مُضْغَةٍ,,مضغ,ة,1,1.0,1
وَغَيْرِ,و,غير,(null),1,1.0,1
لِنُبَيِّنَ,ل|ن,بين,(null),1,1.0,1
وَنُقِرُّ,و|ن,قر,,1,1.0,1
هَامِدَةً,,هامد,ة,1,1.0,1
وَأَنْبَتَتْ,و,أنبت,ت,1,1.0,1
عِطْفِهِ,,عطف,ه,1,1.0,1
وَنُذِيقُهُ,و|ن,ذيق,ه,1,1.0,1
يَدَاكَ,,يد,ا|ك,1,1.0,1
حَرْفٍ,,حرف,,1,1.0,1
أَصَابَهُ,,أصاب,ه,1,1.0,1
اطْمَأَنَّ,,اطمأن,,1,1.0,1
أَصَابَتْهُ,,أصاب,ت|ه,1,1.0,1
انْقَلَبَ,,انقلب,,1,1.0,1
وَالْآخِرَةَ,و|ال,آخر,ة,1,1.0,1
يَضُرُّهُ,ي,ضر,ه,1,1.0,1
يَنْفَعُهُ,ي,نفع,ه,1,1.0,1
ضَرُّهُ,,ضر,ه,1,1.0,1
نَفْعِهِ,,نفع,ه,1,1.0,1
الْعَشِيرُ,ال,عشير,,1,1.0,1
يَنْصُرَهُ,ي,نصر,ه,1,1.0,1
بِسَبَبٍ,ب,سبب,,1,1.0,1
لْيَقْطَعْ,ل|ي,قطع,,1,1.0,1
يُذْهِبَنَّ,ي,ذهب,ن,1,1.0,1
كَيْدُهُ,,كيد,ه,1,1.0,1
وَالْمَجُوسَ,و|ال,مجوس,,1,1.0,1
وَالدَّوَابُّ,و|ال,دواب,,1,1.0,1
يُهِنِ,ي,هن,,1,1.0,1
مُكْرِمٍ,,مكرم,,1,1.0,1
اخْتَصَمُوا,,اختصم,وا,1,1.0,1
ثِيَابٌ,,ثياب,,1,1.0,1
يُصَبُّ,ي,صب,,1,1.0,1
رُءُوسِهِمُ,,رءوس,هم,1,1.0,1
الْحَمِيمُ,ال,حميم,,1,1.0,1
يُصْهَرُ,ي,صهر,,1,1.0,1
وَالْجُلُودُ,و|ال,جلود,,1,1.0,1
مَقَامِعُ,,مقامع,,1,1.0,1
حَدِيدٍ,,حديد,,1,1.0,1
غَمٍّ,,غم,,1,1.0,1
الْعَاكِفُ,ال,عاكف,,1,1.0,1
وَالْبَادِ,و|ال,باد,,1,1.0,1
بِإِلْحَادٍ,ب,إلحاد,,1,1.0,1
لِإِبْرَاهِيمَ,ل,إبراهيم,,1,1.0,1
وَطَهِّرْ,و,طهر,,1,1.0,1
وَالْقَائِمِينَ,و|ال,قائم,ين,1,1.0,1
وَأَذِّنْ,و,أذن,,1,1.0,1
بِالْحَجِّ,ب|ال,حج,,1,1.0,1
ضَامِرٍ,,ضامر,,1,1.0,1
فَجٍّ,,فج,,1,1.0,1
عَمِيقٍ,,عميق,(null),1,1.0,1
لِيَشْهَدُوا,ل|ي,شهد+وا+None,,1,1.0,1
مَنَافِعَ,,منافع,,1,1.0,1
وَيَذْكُرُوا,و|ي,ذكر,وا,1,1.0,1
مَعْلُومَاتٍ,,معلوم,ات,1,1.0,1
الْبَائِسَ,ال,بائس,,1,1.0,1
الْفَقِيرَ,ال,فقير,,1,1.0,1
لْيَقْضُوا,,ل+ي+قض+وا+None,,1,1.0,1
تَفَثَهُمْ,,تفث,هم,1,1.0,1
وَلْيُوفُوا,و,ل+ي+وف,وا,1,1.0,1
نُذُورَهُمْ,,نذور,هم,1,1.0,1
وَلْيَطَّوَّفُوا,و,ل+ي+طوف,وا,1,1.0,1
بِالْبَيْتِ,ب|ال,بيت,(null),1,1.0,1
حُرُمَاتِ,,حرم,ات,1,1.0,1
وَأُحِلَّتْ,و,أحل,ت,1,1.0,1
فَاجْتَنِبُوا,ف,اجتنب,وا,1,1.0,1
الْأَوْثَانِ,ال,أوثان,,1,1.0,1
الزُّورِ,ال,زور,,1,1.0,1
فَتَخْطَفُهُ,ف|ت,خطف,ه,1,1.0,1
سَحِيقٍ,,سحيق,,1,1.0,1
الْقُلُوبِ,ال,قلوب,,1,1.0,1
مَحِلُّهَا,,محل,ها,1,1.0,1
لِيَذْكُرُوا,ل|ي,ذكر,وا,1,1.0,1
فَإِلَهُكُمْ,ف,إله,كم,1,1.0,1
أَسْلِمُوا,,أسلم,وا,1,1.0,1
الْمُخْبِتِينَ,ال,مخبت,ين,1,1.0,1
وَالْمُقِيمِي,و|ال,مقيم,ي,1,1.0,1
وَالْبُدْنَ,و|ال,بدن,,1,1.0,1
صَوَافَّ,,صواف,,1,1.0,1
وَجَبَتْ,,وجب,ت,1,1.0,1
جُنُوبُهَا,,جنوب,ها,1,1.0,1
الْقَانِعَ,ال,قانع,,1,1.0,1
وَالْمُعْتَرَّ,و|ال,معتر,,1,1.0,1
سَخَّرْنَاهَا,,سخر,نا|ها,1,1.0,1
يَنَالَ,ي,نال,,1,1.0,1
لُحُومُهَا,,لحوم,ها,1,1.0,1
دِمَاؤُهَا,,دماؤ,ها,1,1.0,1
يَنَالُهُ,ي,نال,ه,1,1.0,1
لِتُكَبِّرُوا,ل|ت,كبر+وا+None,,1,1.0,1
يُدَافِعُ,ي,دافع,,1,1.0,1
خَوَّانٍ,,خوان,,1,1.0,1
أُذِنَ,,أذن,,1,1.0,1
يُقَاتَلُونَ,ي,قاتل,ون,1,1.0,1
نَصْرِهِمْ,,نصر,هم,1,1.0,1
لَقَدِيرٌ,,ل+قدير,,1,1.0,1
لَهُدِّمَتْ,,ل+هدم,ت,1,1.0,1
صَوَامِعُ,,صوامع,(null),1,1.0,1
وَبِيَعٌ,و,بيع,,1,1.0,1
وَصَلَوَاتٌ,و,صلو,ات,1,1.0,1
وَمَسَاجِدُ,و,مساجد,,1,1.0,1
يُذْكَرُ,ي,ذكر,,1,1.0,1
وَلَيَنْصُرَنَّ,و|ل|ي,نصر+ن,,1,1.0,1
وَأَمَرُوا,و,أمر,وا,1,1.0,1
وَنَهَوْا,و,نه,وا,1,1.0,1
وَكُذِّبَ,و,كذب,,1,1.0,1
فَكَأَيِّنْ,ف,كأين,,1,1.0,1
وَبِئْرٍ,و,بئر,,1,1.0,1
مُعَطَّلَةٍ,,معطل,ة,1,1.0,1
وَقَصْرٍ,و,قصر,,1,1.0,1
مَشِيدٍ,,مشيد,,1,1.0,1
كَأَلْفِ,ك,ألف,,1,1.0,1
أَمْلَيْتُ,,أملي,ت,1,1.0,1
أَخَذْتُهَا,,أخذ,ت|ها,1,1.0,1
وَإِلَيَّ,و|إل,ي,,1,1.0,1
أُمْنِيَّتِهِ,,أمني,ة|(null)|ه,1,1.0,1
فَيَنْسَخُ,ف|ي,نسخ,,1,1.0,1
يُحْكِمُ,ي,حكم,,1,1.0,1
وَالْقَاسِيَةِ,و|ال,قاسي,ة,1,1.0,1
فَيُؤْمِنُوا,ف|ي,ؤمن,وا,1,1.0,1
فَتُخْبِتَ,ف|ت,خبت,,1,1.0,1
لَهَادِ,,ل+هاد,,1,1.0,1
عَقِيمٍ,,عقيم,,1,1.0,1
لَيَرْزُقَنَّهُمُ,ل|ي,رزق+ن,هم,1,1.0,1
لَيُدْخِلَنَّهُمْ,ل|ي,دخل+ن,هم,1,1.0,1
يَرْضَوْنَهُ,ي,رض,و|ن|ه,1,1.0,1
لَعَلِيمٌ,ل,عليم,,1,1.0,1
عَاقَبَ,,عاقب,,1,1.0,1
عُوقِبَ,,عوقب,,1,1.0,1
بُغِيَ,,بغي,,1,1.0,1
لَيَنْصُرَنَّهُ,ل|ي,نصر+ن,ه,1,1.0,1
فَتُصْبِحُ,ف|ت,صبح,,1,1.0,1
مُخْضَرَّةً,,مخضر,ة,1,1.0,1
وَالْفُلْكَ,و|ال,فلك,,1,1.0,1
وَيُمْسِكُ,و|ي,مسك,,1,1.0,1
تَقَعَ,ت,قع,,1,1.0,1
أَحْيَاكُمْ,,أحيا,كم,1,1.0,1
نَاسِكُوهُ,,ناسك,و|ه,1,1.0,1
يُنَازِعُنَّكَ,ي,نازع+ن+ك+None,,1,1.0,1
جَادَلُوكَ,,جادل,و|ك,1,1.0,1
وُجُوهِ,,وجوه,,1,1.0,1
يَسْطُونَ,ي,سط,و|ن,1,1.0,1
أَفَأُنَبِّئُكُمْ,أ|ف|أ,نبئ,كم,1,1.0,1
مَثَلٌ,,مثل,,1,1.0,1
يَخْلُقُوا,ي,خلق,وا,1,1.0,1
ذُبَابَاً,,ذباب,ا,1,1.0,1
اجْتَمَعُوا,,اجتمع,وا,1,1.0,1
يَسْلُبْهُمُ,ي,سلب,هم,1,1.0,1
الذُّبَابُ,ال,ذباب,,1,1.0,1
يَسْتَنْقِذُوهُ,ي,ستنقذ,و|ه,1,1.0,1
ضَعُفَ,,ضعف,(null),1,1.0,1
الطَّالِبُ,ال,طالب,,1,1.0,1
وَالْمَطْلُوبُ,و|ال,مطلوب,,1,1.0,1
يَصْطَفِي,ي,صطفي,,1,1.0,1
وَافْعَلُوا,و,ا+فعل+وا+None,,1,1.0,1
الْخَيْرَ,ال,خير,(null),1,1.0,1
جِهَادِهِ,,جهاد,ه,1,1.0,1
اجْتَبَاكُمْ,,اجتبا,كم,1,1.0,1
سَمَّاكُمُ,,سما,كم,1,1.0,1
خَاشِعُونَ,,خاشع,ون,1,1.0,1
اللَّغْوِ,ال,لغو,,1,1.0,1
لِلزَّكَاةِ,ل|ال,زكا,ة,1,1.0,1
فَاعِلُونَ,,فاعل,ون,1,1.0,1
صَلَوَاتِهِمْ,,صلو,ات|هم,1,1.0,1
الْفِرْدَوْسَ,ال,فردوس,,1,1.0,1
النُّطْفَةَ,ال,نطف,ة,1,1.0,1
الْعَلَقَةَ,ال,علق,ة,1,1.0,1
مُضْغَةً,,مضغ,ة,1,1.0,1
الْمُضْغَةَ,ال,مضغ,ة,1,1.0,1
فَكَسَوْنَا,ف,كسو,نا,1,1.0,1
أَنْشَأْنَاهُ,,أنشأ,نا|ه,1,1.0,1
لَمَيِّتُونَ,ل,ميت,ون,1,1.0,1
تُبْعَثُونَ,ت,بعث,ون,1,1.0,1
فَأَسْكَنَّاهُ,ف,أسك,نا|ه,1,1.0,1
ذَهَابٍ,,ذهاب,,1,1.0,1
فَأَنْشَأْنَا,ف,أنشأ,أنا,1,1.0,1
وَشَجَرَةً,و,شجر,ة,1,1.0,1
طُورِ,,طور,,1,1.0,1
سَيْنَاءَ,,سيناء,,1,1.0,1
تَنْبُتُ,ت,نبت,,1,1.0,1
بِالدُّهْنِ,ب|ال,دهن,,1,1.0,1
وَصِبْغٍ,و,صبغ,,1,1.0,1
لِلْآكِلِينَ,ل|ال,آكل,ين,1,1.0,1
يَتَفَضَّلَ,ي,تفضل,,1,1.0,1
اصْنَعِ,,اصنع,,1,1.0,1
فَاسْلُكْ,ف,اسلك,,1,1.0,1
اسْتَوَيْتَ,,استوي,ت,1,1.0,1
أَنْزِلْنِي,,أنزل+ن,ي,1,1.0,1
مُنْزَلَاً,,منزل,ا,1,1.0,1
لَمُبْتَلِينَ,ل,مبتل,ين,1,1.0,1
وَأَتْرَفْنَاهُمْ,و,أترف,نا|هم,1,1.0,1
وَيَشْرَبُ,و|ي,شرب,,1,1.0,1
أَطَعْتُمْ,,أطع,تم,1,1.0,1
مِثْلَكُمْ,,مثل,كم,1,1.0,1
أَيَعِدُكُمْ,أ|ي,عد,كم,1,1.0,1
مِتُّمْ,,مت,تم,1,1.0,1
مُخْرَجُونَ,,مخرج,ون,1,1.0,1
لَيُصْبِحُنَّ,ل|ي,صبح+ن+None,,1,1.0,1
تَتْرَا,,تترى,,1,1.0,1
كُلَّما,,كل+ما,,1,1.0,1
رَسُولُهَا,,رسول,ها,1,1.0,1
كَذَّبُوهُ,,كذب,و|ه,1,1.0,1
فَأَتْبَعْنَا,ف,أتبع,نا,1,1.0,1
عَالِينَ,,عال,ين,1,1.0,1
لِبَشَرَيْنِ,ل,بشر,ين,1,1.0,1
مِثْلِنَا,,مثل,نا,1,1.0,1
وَقَوْمُهُمَا,و,قوم,هما,1,1.0,1
الْمُهْلَكِينَ,ال,مهلك,ين,1,1.0,1
وَآوَيْنَاهُمَا,و,آوي+نا+هما+None,,1,1.0,1
رَبْوَةٍ,,ربو,ة,1,1.0,1
وَمَعِينٍ,و,معين,,1,1.0,1
فَتَقَطَّعُوا,ف,تقطع+وا+None+None+None,,1,1.0,1
زُبُرَاً,,زبر,ا,1,1.0,1
غَمْرَتِهِمْ,,غمر,ت|هم,1,1.0,1
أَيَحْسَبُونَ,أ|ي,حسب+ون+None+None,,1,1.0,1
نُمِدُّهُمْ,ن,مد,هم,1,1.0,1
نُسَارِعُ,ن,سارع,,1,1.0,1
آتَوْا,,آت,وا,1,1.0,1
وَجِلَةٌ,,وجل,ة,1,1.0,1
سَابِقُونَ,,سابق,ون,1,1.0,1
أَعْمَالٌ,,أعمال,,1,1.0,1
مُتْرَفِيهِمْ,,مترف,ي|هم,1,1.0,1
يَجْأَرُونَ,ي,جأر+و+ن+None,,1,1.0,1
تَجْأَرُوا,ت,جأر+وا+None+None,,1,1.0,1
تَنْكِصُونَ,ت,نكص,و|ن,1,1.0,1
مُسْتَكْبِرِينَ,,مستكبر,ين,1,1.0,1
سَامِرَاً,,سامر,ا,1,1.0,1
تَهْجُرُونَ,ت,هجر,و|ن,1,1.0,1
يَدَّبَّرُوا,ي,دبر,وا,1,1.0,1
آبَاءَهُمُ,,آباء,هم,1,1.0,1
يَعْرِفُوا,ي,عرف+وا+None,,1,1.0,1
رَسُولَهُمْ,,رسول,هم,1,1.0,1
بِذِكْرِهِمْ,ب,ذكر,هم,1,1.0,1
ذِكْرِهِمْ,,ذكر,هم,1,1.0,1
فَخَرَاجُ,ف,خراج,,1,1.0,1
لَتَدْعُوهُمْ,ل|ت,دعو,هم,1,1.0,1
لَنَاكِبُونَ,ل,ناكب,ون,1,1.0,1
رَحِمْنَاهُمْ,,رحم,نا|هم,1,1.0,1
وَكَشَفْنَا,و,كشف,نا,1,1.0,1
لَلَجُّوا,,ل+لج,وا,1,1.0,1
اخْتِلَافُ,,اختلاف,,1,1.0,1
السَّبْعِ,ال,سبع,(null),1,1.0,1
يُجَارُ,ي,جار,,1,1.0,1
تُسْحَرُونَ,ت,سحر,و|ن,1,1.0,1
وَلَعَلَا,و|ل,علا,,1,1.0,1
تُرِيَنِّي,ت,ري+ن,ي,1,1.0,1
نُرِيَكَ,ن,ري,ك,1,1.0,1
هَمَزَاتِ,,همز,ات,1,1.0,1
وَأَعُوذُ,و|أ,عوذ,,1,1.0,1
يَحْضُرُونِ,ي,حضر,و|ن,1,1.0,1
ارْجِعُونِ,,ا+رجع+ون+None+None+None,,1,1.0,1
قَائِلُهَا,,قائل,ها,1,1.0,1
أَنْسَابَ,,أنساب,,1,1.0,1
تَلْفَحُ,ت,لفح,,1,1.0,1
كَالِحُونَ,,كالح,ون,1,1.0,1
شِقْوَتُنَا,,شقو,ت|نا,1,1.0,1
اخْسَئُوا,,ا+خسئ+وا+None,,1,1.0,1
تُكَلِّمُونِ,ت,كلم+و+ن+None,,1,1.0,1
فَاتَّخَذْتُمُوهُمْ,ف,اتخذ+تمو+هم+None+None,,1,1.0,1
أَنْسَوْكُمْ,,أنس,و|كم,1,1.0,1
تَضْحَكُونَ,ت,ضحك,و|ن,1,1.0,1
جَزَيْتُهُمُ,,جزي,ت|هم,1,1.0,1
الْعَادِّينَ,ال,عاد,ين,1,1.0,1
أَفَحَسِبْتُمْ,أ|ف,حسب,تم,1,1.0,1
عَبَثَاً,,عبث,ا,1,1.0,1
وَأَنَّكُمْ,و,أن,كم,1,1.0,1
حِسَابُهُ,,حساب,ه,1,1.0,1
وَارْحَمْ,و,ارحم,,1,1.0,1
أَنْزَلْنَاهَا,,أنزل,نا|ها,1,1.0,1
وَفَرَضْنَاهَا,و,فرض,نا|ها,1,1.0,1
الزَّانِيَةُ,ال,زاني,ة,1,1.0,1
وَالزَّانِي,و|ال,زاني,,1,1.0,1
فَاجْلِدُوا,ف,اجلد,وا,1,1.0,1
جَلْدَةٍ,,جلد,ة,1,1.0,1
تَأْخُذْكُمْ,ت,أخذ,كم,1,1.0,1
رَأْفَةٌ,,رأف,ة,1,1.0,1
وَلْيَشْهَدْ,و|ل|ي,شهد,,1,1.0,1
عَذَابَهُمَا,,عذاب,هما,1,1.0,1
الزَّانِي,ال,زاني,,1,1.0,1
يَنْكِحُ,ي,نكح,,1,1.0,1
زَانِيَةً,,زاني,ة,1,1.0,1
مُشْرِكَةً,,مشرك,ة,1,1.0,1
وَالزَّانِيَةُ,و|ال,زاني,ة,1,1.0,1
يَنْكِحُهَا,ي,نكح,ها,1,1.0,1
زَانٍ,,زان,,1,1.0,1
مُشْرِكٌ,,مشرك,,1,1.0,1
فَاجْلِدُوهُمْ,ف,ا+جلد,و|هم,1,1.0,1
ثَمَانِينَ,,ثمان,ين,1,1.0,1
جَلْدَةً,,جلد,ة,1,1.0,1
تَقْبَلُوا,ت,قبل,وا,1,1.0,1
أَزْوَاجَهُمْ,,أزواج,هم,1,1.0,1
فَشَهَادَةُ,ف,شهاد,ة,1,1.0,1
أَرْبَعُ,,أربع,,1,1.0,1
وَالْخَامِسَةُ,و|ال,خامس,ة|(null),1,1.0,1
وَيَدْرَأُ,و|ي,درأ,,1,1.0,1
تَشْهَدَ,ت,شهد,,1,1.0,1
أَرْبَعَ,,أربع,,1,1.0,1
وَالْخَامِسَةَ,و|ال,خامس,ة|(null),1,1.0,1
غَضَبَ,,غضب,,1,1.0,1
بِالْإِفْكِ,ب|ال,إفك,,1,1.0,1
تَحْسَبُوهُ,ت,حسب,و|ه,1,1.0,1
اكْتَسَبَ,,اكتسب,,1,1.0,1
كِبْرَهُ,,كبر,ه,1,1.0,1
بِالشُّهَدَاءِ,ب|ال,شهداء,(null),1,1.0,1
تَلَقَّوْنَهُ,,تلق,و|ن|ه,1,1.0,1
بِأَلْسِنَتِكُمْ,ب,ألسن+ت+كم+None,,1,1.0,1
وَتَقُولُونَ,و|ت,قول+ون+None+None,,1,1.0,1
وَتَحْسَبُونَهُ,و|ت,حسب,و|ن|ه,1,1.0,1
هَيِّنَاً,,هين,ا,1,1.0,1
نَتَكَلَّمَ,ن,تكلم,,1,1.0,1
بُهْتَانٌ,,بهتان,,1,1.0,1
يَعِظُكُمُ,ي,عظ,كم,1,1.0,1
لِمِثْلِهِ,ل,مثل,ه,1,1.0,1
تَشِيعَ,ت,شيع,,1,1.0,1
الْفَاحِشَةُ,ال,فاحش,ة,1,1.0,1
يَتَّبِعْ,ي,تبع,,1,1.0,1
زَكَى,,زكى,,1,1.0,1
يَأْتَلِ,ي,أتل,,1,1.0,1
وَالسَّعَةِ,و|ال,سع,ة,1,1.0,1
يُؤْتُوا,ي,ؤت,وا,1,1.0,1
وَلْيَعْفُوا,و|ل|ي,عف,وا,1,1.0,1
وَلْيَصْفَحُوا,و|ل|ي,صفح,وا,1,1.0,1
الْغَافِلَاتِ,ال,غافل,ات,1,1.0,1
لُعِنُوا,,لعن,وا,1,1.0,1
تَشْهَدُ,ت,شهد,,1,1.0,1
أَلْسِنَتُهُمْ,,ألسن,ت|هم,1,1.0,1
وَأَيْدِيهِمْ,و,أيدي,هم,1,1.0,1
يُوَفِّيهِمُ,ي,وفي,هم,1,1.0,1
الْخَبِيثَاتُ,ال,خبيث,ات,1,1.0,1
لِلْخَبِيثِينَ,ل|ال,خبيث,ين,1,1.0,1
وَالْخَبِيثُونَ,و|ال,خبيث,ون,1,1.0,1
لِلْخَبِيثَاتِ,ل|ال,خبيث,ات,1,1.0,1
وَالطَّيِّبَاتُ,و|ال,طيب,ات,1,1.0,1
لِلطَّيِّبِينَ,ل|ال,طيب,ين,1,1.0,1
وَالطَّيِّبُونَ,و|ال,طيب,ون,1,1.0,1
لِلطَّيِّبَاتِ,ل|ال,طيب,ات,1,1.0,1
مُبَرَّءُونَ,,مبرء,ون,1,1.0,1
تَسْتَأْنِسُوا,ت,ستأنس,وا,1,1.0,1
وَتُسَلِّمُوا,و|ت,سلم,وا,1,1.0,1
تَدْخُلُوهَا,ت,دخل+و+ها+None,,1,1.0,1
مَسْكُونَةٍ,,مسكون,ة|(null),1,1.0,1
يَغُضُّوا,ي,غض,وا,1,1.0,1
وَيَحْفَظُوا,و|ي,حفظ,وا,1,1.0,1
لِلْمُؤْمِنَاتِ,ل|ال,مؤمن,ات,1,1.0,1
يَغْضُضْنَ,ي,غضض,ن,1,1.0,1
أَبْصَارِهِنَّ,,أبصار,هن,1,1.0,1
وَيَحْفَظْنَ,و|ي,حفظ,ن,1,1.0,1
فُرُوجَهُنَّ,,فروج,هن,1,1.0,1
وَلْيَضْرِبْنَ,و,ل+ي+ضرب,ن,1,1.0,1
بِخُمُرِهِنَّ,ب,خمر,هن,1,1.0,1
جُيُوبِهِنَّ,,جيوب,هن,1,1.0,1
لِبُعُولَتِهِنَّ,ل,بعول,ة|هن,1,1.0,1
آبَاءِ,,آباء,,1,1.0,1
التَّابِعِينَ,ال,تابع,ين,1,1.0,1
الْإِرْبَةِ,ال,إرب,ة,1,1.0,1
الطِّفْلِ,ال,طفل,,1,1.0,1
عَوْرَاتِ,,عور,ات,1,1.0,1
يَضْرِبْنَ,ي,ضرب,ن,1,1.0,1
بِأَرْجُلِهِنَّ,ب,أرجل,هن,1,1.0,1
لِيُعْلَمَ,ل|ي,علم,,1,1.0,1
يُخْفِينَ,ي,خفي,ن,1,1.0,1
زِينَتِهِنَّ,,زين,ت|هن,1,1.0,1
وَتُوبُوا,و,توب,وا,1,1.0,1
وَأَنْكِحُوا,و,أنكح,وا,1,1.0,1
الْأَيَامَى,,ال+أيامى,,1,1.0,1
عِبَادِكُمْ,,عباد,كم,1,1.0,1
وَإِمَائِكُمْ,و,إمائ,كم,1,1.0,1
فُقَرَاءَ,,فقراء,,1,1.0,1
يُغْنِهِمُ,ي,غن,هم,1,1.0,1
وَلْيَسْتَعْفِفِ,و|ل|ي,ستعفف,,1,1.0,1
يُغْنِيَهُمُ,ي,غني,هم,1,1.0,1
فَكَاتِبُوهُمْ,ف,كاتب,و|هم,1,1.0,1
تُكْرِهُوا,ت,كره,وا,1,1.0,1
فَتَيَاتِكُمْ,,فتي,ات|كم,1,1.0,1
الْبِغَاءِ,ال,بغاء,,1,1.0,1
أَرَدْنَ,,أرد,ن,1,1.0,1
تَحَصُّنَاً,,تحصن,ا,1,1.0,1
يُكْرِهْهُنَّ,ي,كره,هن,1,1.0,1
إِكْرَاهِهِنَّ,,إكراه,هن,1,1.0,1
نُورُ,,نور,,1,1.0,1
كَمِشْكَاةٍ,ك,مشكا,ة,1,1.0,1
مِصْبَاحٌ,,مصباح,,1,1.0,1
الْمِصْبَاحُ,ال,مصباح,,1,1.0,1
زُجَاجَةٍ,,زجاج,ة,1,1.0,1
الزُّجَاجَةُ,ال,زجاج,ة,1,1.0,1
كَوْكَبٌ,,كوكب,(null),1,1.0,1
دُرِّيٌّ,,در+ي,,1,1.0,1
يُوقَدُ,ي,وقد,,1,1.0,1
زَيْتُونَةٍ,,زيتون,ة,1,1.0,1
شَرْقِيَّةٍ,,شرق+ي,ة,1,1.0,1
غَرْبِيَّةٍ,,غرب+ي,ة,1,1.0,1
زَيْتُهَا,,زيت,ها,1,1.0,1
يُضِيءُ,ي,ضيء,,1,1.0,1
تَمْسَسْهُ,ت,مسس,ه,1,1.0,1
لِنُورِهِ,ل,نور,ه,1,1.0,1
بُيُوتٍ,,بيوت,,1,1.0,1
تُرْفَعَ,ت,رفع,,1,1.0,1
وَيُذْكَرَ,و|ي,ذكر,,1,1.0,1
تُلْهِيهِمْ,ت,لهي,هم,1,1.0,1
تِجَارَةٌ,,تجار,ة,1,1.0,1
وَإِقَامِ,و,إقام,,1,1.0,1
تَتَقَلَّبُ,ت,تقلب,,1,1.0,1
وَالْأَبْصَارُ,و|ال,أبصار,,1,1.0,1
كَسَرَابٍ,ك,سراب,,1,1.0,1
بِقِيعَةٍ,,بقيع,ة,1,1.0,1
يَحْسَبُهُ,ي,حسب,ه,1,1.0,1
الظَّمْآنُ,ال,ظمآن,,1,1.0,1
يَجِدْهُ,ي,جد,ه,1,1.0,1
فَوَفَّاهُ,ف,وفا,ه,1,1.0,1
حِسَابَهُ,,حساب,ه,1,1.0,1
كَظُلُمَاتٍ,ك,ظلم,ات,1,1.0,1
بَحْرٍ,,بحر,,1,1.0,1
لُجِّيٍّ,,لج+ي,,1,1.0,1
يَغْشَاهُ,ي,غشا+ه+None,,1,1.0,1
يَكَدْ,ي,كد,,1,1.0,1
يَرَاهَا,ي,را+ها+None,,1,1.0,1
يَجْعَلِ,ي,جعل,,1,1.0,1
وَالطَّيْرُ,و|ال,طير,,1,1.0,1
صَلَاتَهُ,,صلا,ة|ه,1,1.0,1
وَتَسْبِيحَهُ,و,تسبيح,ه,1,1.0,1
يُؤَلِّفُ,ي,ؤلف,,1,1.0,1
رُكَامَاً,,ركام,ا,1,1.0,1
جِبَالٍ,,جبال,,1,1.0,1
بَرَدٍ,,برد,,1,1.0,1
وَيَصْرِفُهُ,و|ي,صرف,ه,1,1.0,1
سَنَا,,سنا,,1,1.0,1
بَرْقِهِ,,برق,ه,1,1.0,1
يَذْهَبُ,ي,ذهب,,1,1.0,1
بِالْأَبْصَارِ,ب|ال,أبصار,,1,1.0,1
رِجْلَيْنِ,,رجل,ين,1,1.0,1
أَرْبَعٍ,,أربع,,1,1.0,1
وَبِالرَّسُولِ,و|ب|ال,رسول,,1,1.0,1
مُذْعِنِينَ,,مذعن,ين,1,1.0,1
ارْتَابُوا,,ارتاب,وا,1,1.0,1
يَحِيفَ,ي,حيف,,1,1.0,1
وَيَخْشَ,و|ي,خش,,1,1.0,1
وَيَتَّقْهِ,و|ي,تق,ه,1,1.0,1
أَمَرْتَهُمْ,,أمر,ت|هم,1,1.0,1
لَيَخْرُجُنَّ,,ل+ي+خرج+ن+None,,1,1.0,1
تُقْسِمُوا,ت,قسم,وا,1,1.0,1
مَعْرُوفَةٌ,,معروف,ة,1,1.0,1
حُمِّلَ,,حمل,(null),1,1.0,1
وَعَلَيْكُمْ,و|علي,كم+None+None,,1,1.0,1
حُمِّلْتُمْ,,حمل,تم,1,1.0,1
تُطِيعُوهُ,ت,طيع,و|ه,1,1.0,1
لَيَسْتَخْلِفَنَّهُمْ,ل|ي,ستخلف+ن,هم,1,1.0,1
اسْتَخْلَفَ,,استخلف,,1,1.0,1
وَلَيُمَكِّنَنَّ,و,ل+ي+مكن+ن,,1,1.0,1
وَلَيُبَدِّلَنَّهُمْ,و,ل+ي+بدل+ن,هم,1,1.0,1
خَوْفِهِمْ,,خوف,هم,1,1.0,1
أَمْنَاً,,أمن,ا,1,1.0,1
يَعْبُدُونَنِي,ي,عبد+و+ن+ن,ي,1,1.0,1
لِيَسْتَأْذِنْكُمُ,ل|ي,ستأذن+كم+None,,1,1.0,1
يَبْلُغُوا,ي,بلغ,وا,1,1.0,1
مَرَّاتٍ,,مر,ات|(null),1,1.0,1
تَضَعُونَ,ت,ضع,و|ن,1,1.0,1
ثِيَابَكُمْ,,ثياب,كم,1,1.0,1
الظَّهِيرَةِ,ال,ظهير,ة,1,1.0,1
الْعِشَاءِ,ال,عشاء,,1,1.0,1
ثَلَاثُ,,ثلاث,(null),1,1.0,1
عَوْرَاتٍ,,عور,ات,1,1.0,1
بَعْدَهُنَّ,,بعد,هن,1,1.0,1
طَوَّافُونَ,,طواف,ون,1,1.0,1
الْأَطْفَالُ,ال,أطفال,,1,1.0,1
فَلْيَسْتَأْذِنُوا,,ف+ل+ي+ستأذن+وا+None,,1,1.0,1
اسْتَأْذَنَ,,استأذن,,1,1.0,1
وَالْقَوَاعِدُ,و|ال,قواعد,,1,1.0,1
ثِيَابَهُنَّ,,ثياب,هن,1,1.0,1
مُتَبَرِّجَاتٍ,,متبرج,ات,1,1.0,1
يَسْتَعْفِفْنَ,ي,ستعفف,ن,1,1.0,1
آبَائِكُمْ,,آبائ,كم,1,1.0,1
إِخْوَانِكُمْ,,إخوان,كم,1,1.0,1
أَخَوَاتِكُمْ,,أخو,ات|كم,1,1.0,1
أَعْمَامِكُمْ,,أعمام,كم,1,1.0,1
عَمَّاتِكُمْ,,عم,ات|كم,1,1.0,1
أَخْوَالِكُمْ,,أخوال,كم,1,1.0,1
خَالَاتِكُمْ,,خال,ات|كم,1,1.0,1
مَلَكْتُمْ,,ملك,تم,1,1.0,1
صَدِيقِكُمْ,,صديق,كم,1,1.0,1
فَسَلِّمُوا,ف,سلم,وا,1,1.0,1
مُبَارَكَةً,,مبارك,ة,1,1.0,1
جَامِعٍ,,جامع,,1,1.0,1
يَسْتَأْذِنُوهُ,ي,ستأذن,و|ه,1,1.0,1
اسْتَأْذَنُوكَ,,استأذن,و|ك,1,1.0,1
لِبَعْضِ,ل,بعض,,1,1.0,1
شَأْنِهِمْ,,شأن,هم,1,1.0,1
فَأْذَنْ,ف,أذن,,1,1.0,1
دُعَاءَ,,دعاء,,1,1.0,1
كَدُعَاءِ,ك,دعاء,,1,1.0,1
يَتَسَلَّلُونَ,ي,تسلل,و|ن,1,1.0,1
لِوَاذَاً,,لواذ,ا,1,1.0,1
فَلْيَحْذَرِ,,ف+ل+ي+حذر,,1,1.0,1
يُخَالِفُونَ,ي,خالف,ون,1,1.0,1
مَوْتَاً,,موت,ا,1,1.0,1
وَأَعَانَهُ,و,أعان,ه,1,1.0,1
آخَرُونَ,,آخر,ون,1,1.0,1
اكْتَتَبَهَا,,اكتتب,ها,1,1.0,1
تُمْلَى,ت,ملى,,1,1.0,1
وَيَمْشِي,و|ي,مشي,,1,1.0,1
فَيَكُونَ,ف|ي,كون,,1,1.0,1
رَأَتْهُمْ,,رأ,ت|هم,1,1.0,1
تَغَيُّظَاً,,تغيظ,ا,1,1.0,1
وَزَفِيرَاً,و,زفير,ا,1,1.0,1
وَمَصِيرَاً,و,مصير,ا,1,1.0,1
أَضْلَلْتُمْ,,أضلل,تم,1,1.0,1
مَتَّعْتَهُمْ,,متع,ت|هم,1,1.0,1
كَذَّبُوكُمْ,,كذب,و|كم,1,1.0,1
تَسْتَطِيعُونَ,ت,ستطيع,و|ن,1,1.0,1
صَرْفَاً,,صرف,ا,1,1.0,1
وَيَمْشُونَ,و|ي,مش,و|ن,1,1.0,1
أَتَصْبِرُونَ,أ|ت,صبر,و|ن,1,1.0,1
عُتُوَّاً,,عتو,ا,1,1.0,1
حِجْرَاً,,حجر,ا,1,1.0,1
وَقَدِمْنَا,و,قدم+نا+None+None,,1,1.0,1
مَقِيلَاً,,مقيل,ا,1,1.0,1
بِالْغَمَامِ,ب|ال,غمام,,1,1.0,1
وَنُزِّلَ,و,نزل,,1,1.0,1
عَسِيرَاً,,عسير,ا,1,1.0,1
يَعَضُّ,ي,عض,,1,1.0,1
الظَّالِمُ,ال,ظالم,,1,1.0,1
اتَّخَذْتُ,,اتخذ,ت,1,1.0,1
يَاوَيْلَتَى,يا,ويل,ت|ى,1,1.0,1
لَيْتَنِي,,ليت+ني+None+None,,1,1.0,1
أَتَّخِذْ,أ,تخذ,,1,1.0,1
فُلَانَاً,,فلان,ا,1,1.0,1
أَضَلَّنِي,,أضل+ن,ي,1,1.0,1
خَذُولَاً,,خذول,ا,1,1.0,1
مَهْجُورَاً,,مهجور,ا,1,1.0,1
هَادِيَاً,,هادي,ا,1,1.0,1
وَنَصِيرَاً,و,نصير,ا,1,1.0,1
جُمْلَةً,,جمل,ة|(null),1,1.0,1
لِنُثَبِّتَ,,ل+ن+ثبت,,1,1.0,1
وَرَتَّلْنَاهُ,و,رتل,نا|ه,1,1.0,1
يَأْتُونَكَ,ي,أت+ون+ك+None+None,,1,1.0,1
بِمَثَلٍ,ب,مثل,(null),1,1.0,1
وَأَحْسَنَ,و,أحسن,,1,1.0,1
تَفْسِيرَاً,,تفسير,ا,1,1.0,1
فَدَمَّرْنَاهُمْ,ف,دمر,نا|هم,1,1.0,1
أَغْرَقْنَاهُمْ,,أغرق,نا|هم,1,1.0,1
وَقُرُونَاً,و,قرون,ا,1,1.0,1
تَبَّرْنَا,,تبر,نا,1,1.0,1
أُمْطِرَتْ,,أمطر,ت,1,1.0,1
مَطَرَ,,مطر,,1,1.0,1
رَأَوْكَ,,رأ,و|ك,1,1.0,1
لَيُضِلُّنَا,ل|ي,ضل,نا,1,1.0,1
تَحْسَبُ,ت,حسب,,1,1.0,1
الظِّلَّ,ال,ظل,,1,1.0,1
لَجَعَلَهُ,ل,جعل,ه,1,1.0,1
سَاكِنَاً,,ساكن,ا,1,1.0,1
دَلِيلَاً,,دليل,ا,1,1.0,1
قَبَضْنَاهُ,,قبض,نا|ه,1,1.0,1
قَبْضَاً,,قبض,ا,1,1.0,1
وَالنَّوْمَ,و|ال,نوم,,1,1.0,1
لِنُحْيِيَ,ل|ن,حيي,,1,1.0,1
وَنُسْقِيَهُ,و|ن,سقي,ه,1,1.0,1
وَأَنَاسِيَّ,و,أناس+ي,,1,1.0,1
صَرَّفْنَاهُ,,صرف,نا|ه,1,1.0,1
لَبَعَثْنَا,ل,بعث,نا,1,1.0,1
وَجَاهِدْهُمْ,و,جاهد,هم,1,1.0,1
بَرْزَخَاً,,برزخ,ا,1,1.0,1
وَحِجْرَاً,و,حجر,ا,1,1.0,1
وَصِهْرَاً,و,صهر,ا,1,1.0,1
أَنَسْجُدُ,أ|ن,سجد,,1,1.0,1
تَأْمُرُنَا,ت,أمر,نا,1,1.0,1
وَزَادَهُمْ,و,زاد,هم,1,1.0,1
وَقَمَرَاً,و,قمر,ا,1,1.0,1
خِلْفَةً,,خلف,ة,1,1.0,1
يَذَّكَّرَ,ي,ذكر,,1,1.0,1
وَعِبَادُ,و,عباد,,1,1.0,1
هَوْنَاً,,هون,ا,1,1.0,1
خَاطَبَهُمُ,,خاطب,هم,1,1.0,1
يَبِيتُونَ,ي,بيت,ون,1,1.0,1
وَقِيَامَاً,و,قيام,ا,1,1.0,1
اصْرِفْ,,اصرف,,1,1.0,1
عَذَابَهَا,,عذاب,ها,1,1.0,1
غَرَامَاً,,غرام,ا,1,1.0,1
سَاءَتْ,,ساء,ت,1,1.0,1
يُسْرِفُوا,ي,سرف,وا,1,1.0,1
يَقْتُرُوا,ي,قتر,وا,1,1.0,1
قَوَامَاً,,قوام,ا,1,1.0,1
يَزْنُونَ,ي,زن,و|ن,1,1.0,1
يَلْقَ,ي,لق,,1,1.0,1
أَثَامَاً,,أثام,ا,1,1.0,1
وَيَخْلُدْ,و|ي,خلد,,1,1.0,1
مُهَانَاً,,مهان,ا,1,1.0,1
يُبَدِّلُ,ي,بدل,,1,1.0,1
حَسَنَاتٍ,,حسن,ات,1,1.0,1
مَتَابَاً,,متاب,ا,1,1.0,1
الزُّورَ,ال,زور,,1,1.0,1
يَخِرُّوا,ي,خر,وا,1,1.0,1
صُمَّاً,,صم,ا,1,1.0,1
وَعُمْيَانَاً,و,عميان,ا,1,1.0,1
وَذُرِّيَّاتِنَا,و,ذر+ي,ات|نا,1,1.0,1
قُرَّةَ,,قر,ة,1,1.0,1
الْغُرْفَةَ,ال,غرف,ة,1,1.0,1
وَيُلَقَّوْنَ,و|ي,لق,و|ن,1,1.0,1
حَسُنَتْ,,حسن,ت,1,1.0,1
يَعْبَأُ,ي,عبأ,,1,1.0,1
دُعَاؤُكُمْ,,دعاء,كم,1,1.0,1
نُنَزِّلْ,ن,نزل,,1,1.0,1
فَظَلَّتْ,ف,ظل,ت,1,1.0,1
أَعْنَاقُهُمْ,,أعناق,هم,1,1.0,1
خَاضِعِينَ,,خاضع,ين,1,1.0,1
فَسَيَأْتِيهِمْ,ف,س+ي+أتي,هم,1,1.0,1
أَنْبَتْنَا,,أنبت,نا,1,1.0,1
وَيَضِيقُ,و|ي,ضيق,,1,1.0,1
يَنْطَلِقُ,ي,نطلق,,1,1.0,1
ذَنْبٌ,,ذنب,,1,1.0,1
فَاذْهَبَا,ف,ا+ذهب,ا,1,1.0,1
مُسْتَمِعُونَ,,مستمع,ون,1,1.0,1
فَأْتِيَا,ف,أتي,ا,1,1.0,1
أَرْسِلْ,,أرسل,,1,1.0,1
نُرَبِّكَ,ن,رب,ك,1,1.0,1
وَلِيدَاً,,وليد,ا,1,1.0,1
وَلَبِثْتَ,و,لبث,ت,1,1.0,1
عُمُرِكَ,,عمر,ك,1,1.0,1
وَفَعَلْتَ,و,فعل,ت,1,1.0,1
فَعْلَتَكَ,,فعل,ت|ك,1,1.0,1
فَعَلْتُهَا,,فعل,ت|ها,1,1.0,1
فَفَرَرْتُ,ف,فرر,ت,1,1.0,1
خِفْتُكُمْ,,خف,ت|كم,1,1.0,1
فَوَهَبَ,ف,وهب,,1,1.0,1
تَمُنُّهَا,ت,من,ها,1,1.0,1
عَبَّدْتَ,,عبد,ت,1,1.0,1
تَسْتَمِعُونَ,ت,ستمع,و|ن,1,1.0,1
رَسُولَكُمُ,,رسول,كم,1,1.0,1
اتَّخَذْتَ,,اتخذ,ت,1,1.0,1
لَأَجْعَلَنَّكَ,,ل+أ+جعل+ن,ك,1,1.0,1
الْمَسْجُونِينَ,ال,مسجون,ين,1,1.0,1
جِئْتُكَ,,جئ,ت|ك,1,1.0,1
لِلْمَلَإِ,ل|ال,ملإ,,1,1.0,1
بِسِحْرِهِ,ب,سحر,ه,1,1.0,1
سَحَّارٍ,,سحار,,1,1.0,1
فَجُمِعَ,ف,جمع,,1,1.0,1
لِمِيقَاتِ,ل,ميقات,,1,1.0,1
مُجْتَمِعُونَ,,مجتمع,ون,1,1.0,1
لَعَلَّنَا,,لعل,نا,1,1.0,1
السَّحَرَةَ,ال,سحر,ة,1,1.0,1
أَئِنَّ,أ,ئن,,1,1.0,1
حِبَالَهُمْ,,حبال,هم,1,1.0,1
وَعِصِيَّهُمْ,و,عصي,هم,1,1.0,1
بِعِزَّةِ,ب,عز,ة,1,1.0,1
فَلَسَوْفَ,,ف,ل|سوف,1,1.0,1
ضَيْرَ,,ضير,,1,1.0,1
نَطْمَعُ,ن,طمع,,1,1.0,1
فَأَرْسَلَ,ف,أرسل,,1,1.0,1
لَشِرْذِمَةٌ,ل,شرذم,ة,1,1.0,1
قَلِيلُونَ,,قليل,ون,1,1.0,1
لَغَائِظُونَ,ل,غائظ,ون,1,1.0,1
لَجَمِيعٌ,ل,جميع,,1,1.0,1
حَاذِرُونَ,,حاذر,ون,1,1.0,1
فَأَخْرَجْنَاهُمْ,ف,أخرج,نا|هم,1,1.0,1
وَكُنُوزٍ,,كنوز,,1,1.0,1
فَأَتْبَعُوهُمْ,ف,أتبع,و|هم,1,1.0,1
تَرَاءَى,,تراءى,,1,1.0,1
لَمُدْرَكُونَ,ل,مدرك,ون,1,1.0,1
فَانْفَلَقَ,ف,انفلق,,1,1.0,1
فِرْقٍ,,فرق,,1,1.0,1
كَالطَّوْدِ,ك|ال,طود,,1,1.0,1
وَأَزْلَفْنَا,و,أزلف,نا,1,1.0,1
فَنَظَلُّ,ف|ن,ظل,,1,1.0,1
يَسْمَعُونَكُمْ,ي,سمع+ون+كم+None+None,,1,1.0,1
يَنْفَعُونَكُمْ,ي,نفع,و|ن|كم,1,1.0,1
يَضُرُّونَ,ي,ضر,و|ن,1,1.0,1
وَآبَاؤُكُمُ,و,آباؤ+كم+None,,1,1.0,1
الْأَقْدَمُونَ,ال,أقدم,ون,1,1.0,1
خَلَقَنِي,,خلق+ن,ي,1,1.0,1
يَهْدِينِ,ي,هدي+ن,,1,1.0,1
يُطْعِمُنِي,ي,طعم+ن,ي,1,1.0,1
وَيَسْقِينِ,و|ي,سقي+ن,,1,1.0,1
مَرِضْتُ,,مرض,ت,1,1.0,1
يَشْفِينِ,ي,شفي+ن,,1,1.0,1
يُمِيتُنِي,ي,ميت+ن,ي,1,1.0,1
يُحْيِينِ,ي,حيي+ن,,1,1.0,1
أَطْمَعُ,أ,طمع,,1,1.0,1
خَطِيئَتِي,,خطيئ,ة|ي,1,1.0,1
وَاجْعَلْنِي,و,اجعل+ن,ي,1,1.0,1
وَرَثَةِ,,ورث,ة,1,1.0,1
جَنَّةِ,,جن,ة|(null),1,1.0,1
لِأَبِي,ل,أب,ي,1,1.0,1
تُخْزِنِي,ت,خز+ن,ي,1,1.0,1
مَالٌ,,مال,,1,1.0,1
بَنُونَ,,بن,ون,1,1.0,1
لِلْغَاوِينَ,ل|ال,غاو,ين,1,1.0,1
يَنْصُرُونَكُمْ,ي,نصر,و|ن|كم,1,1.0,1
فَكُبْكِبُوا,ف,كبكب,وا,1,1.0,1
وَالْغَاوُونَ,و|ال,غاو,ون,1,1.0,1
وَجُنُودُ,و,جنود,,1,1.0,1
نُسَوِّيكُمْ,ن,سوي,كم,1,1.0,1
أَضَلَّنَا,,أضل,نا,1,1.0,1
شَافِعِينَ,,شافع,ين,1,1.0,1
صَدِيقٍ,,صديق,(null),1,1.0,1
فَنَكُونَ,ف|ن,كون,,1,1.0,1
وَاتَّبَعَكَ,و,اتبع+ك+None,,1,1.0,1
الْأَرْذَلُونَ,ال,أرذل,ون,1,1.0,1
عِلْمِي,,علم,ي,1,1.0,1
الْمَرْجُومِينَ,ال,مرجوم,ين,1,1.0,1
فَافْتَحْ,ف,افتح,,1,1.0,1
هُودٌ,,هود,,1,1.0,1
أَتَبْنُونَ,أ|ت,بن+ون+None+None,,1,1.0,1
رِيعٍ,,ريع,,1,1.0,1
تَعْبَثُونَ,ت,عبث+ون+None+None,,1,1.0,1
وَتَتَّخِذُونَ,و|ت,تخذ,و|ن,1,1.0,1
مَصَانِعَ,,مصانع,,1,1.0,1
تَخْلُدُونَ,ت,خلد,ون,1,1.0,1
بِأَنْعَامٍ,ب,أنعام,,1,1.0,1
أَوَعَظْتَ,,أوعظ+ت+None+None,,1,1.0,1
الْوَاعِظِينَ,ال,واعظ,ين,1,1.0,1
خُلُقُ,,خلق,(null),1,1.0,1
أَتُتْرَكُونَ,أ|ت,ترك+ون+None+None,,1,1.0,1
وَنَخْلٍ,و,نخل,,1,1.0,1
هَضِيمٌ,,هضيم,,1,1.0,1
فَارِهِينَ,,فاره,ين,1,1.0,1
نَاقَةٌ,,ناق,ة,1,1.0,1
شِرْبٌ,,شرب,,1,1.0,1
شِرْبُ,,شرب,,1,1.0,1
الذُّكْرَانَ,ال,ذكران,,1,1.0,1
عَادُونَ,,عاد,ون,1,1.0,1
الْمُخْرَجِينَ,ال,مخرج,ين,1,1.0,1
لِعَمَلِكُمْ,ل,عمل,كم,1,1.0,1
الْقَالِينَ,ال,قال,ين,1,1.0,1
وَأَهْلِي,و,أهل,ي,1,1.0,1
شُعَيْبٌ,,شعيب,,1,1.0,1
الْمُخْسِرِينَ,ال,مخسر,ين,1,1.0,1
وَالْجِبِلَّةَ,و|ال,جبل,ة,1,1.0,1
نَظُنُّكَ,ن,ظن,ك,1,1.0,1
فَأَسْقِطْ,ف,أسقط,,1,1.0,1
الظُّلَّةِ,ال,ظل,ة,1,1.0,1
لَتَنْزِيلُ,,ل+تنزيل,,1,1.0,1
بِلِسَانٍ,ب,لسان,,1,1.0,1
عَرَبِيٍّ,,عرب+ي,,1,1.0,1
زُبُرِ,,زبر,,1,1.0,1
يَعْلَمَهُ,ي,علم,ه,1,1.0,1
عُلَمَاءُ,,علماء,,1,1.0,1
نَزَّلْنَاهُ,,نزل,نا|ه,1,1.0,1
الْأَعْجَمِينَ,ال,أعجم,ين,1,1.0,1
فَقَرَأَهُ,ف,قرأ,ه,1,1.0,1
سَلَكْنَاهُ,,سلك,نا|ه,1,1.0,1
فَيَأْتِيَهُمْ,ف|ي,أتي,هم,1,1.0,1
مُنْظَرُونَ,,منظر,ون,1,1.0,1
مَتَّعْنَاهُمْ,,متع,نا|هم,1,1.0,1
يُمَتَّعُونَ,ي,متع,و|ن,1,1.0,1
مُنْذِرُونَ,,منذر,ون,1,1.0,1
تَنَزَّلَتْ,,تنزل,ت,1,1.0,1
السَّمْعِ,ال,سمع,,1,1.0,1
لَمَعْزُولُونَ,ل,معزول,ون,1,1.0,1
الْمُعَذَّبِينَ,ال,معذب,ين,1,1.0,1
عَشِيرَتَكَ,,عشير,ت|ك,1,1.0,1
الْأَقْرَبِينَ,ال,أقرب,ين,1,1.0,1
عَصَوْكَ,,عص,و|ك,1,1.0,1
يَرَاكَ,ي,را+ك+None,,1,1.0,1
وَتَقَلُّبَكَ,و,تقلب+ك+None,,1,1.0,1
كَاذِبُونَ,,كاذب,ون,1,1.0,1
وَالشُّعَرَاءُ,و|ال,شعراء,,1,1.0,1
يَتَّبِعُهُمُ,ي,تبع,هم,1,1.0,1
الْغَاوُونَ,ال,غاو,ون,1,1.0,1
وَادٍ,,واد,,1,1.0,1
يَهِيمُونَ,ي,هيم,و|ن,1,1.0,1
وَذَكَرُوا,و,ذكر,وا,1,1.0,1
وَانْتَصَرُوا,و,انتصر,وا,1,1.0,1
أَيَّ,,أي,,1,1.0,1
مُنْقَلَبٍ,,منقلب,,1,1.0,1
يَنْقَلِبُونَ,ي,نقلب,و|ن,1,1.0,1
طس,,طس,,1,1.0,1
لَتُلَقَّى,,ل+ت+لقى,,1,1.0,1
سَآتِيكُمْ,,س+آتي,كم,1,1.0,1
بِشِهَابٍ,ب,شهاب,,1,1.0,1
قَبَسٍ,,قبس,,1,1.0,1
بُورِكَ,,بورك,,1,1.0,1
بَدَّلَ,,بدل,(null),1,1.0,1
وَأَدْخِلْ,و,أدخل,,1,1.0,1
تِسْعِ,,تسع,,1,1.0,1
وَجَحَدُوا,و,جحد,وا,1,1.0,1
وَاسْتَيْقَنَتْهَا,و,استيقن,ت|ها,1,1.0,1
وَعُلُوَّاً,و,عل,وا,1,1.0,1
وَقَالَا,و,قال,ا,1,1.0,1
فَضَّلَنَا,,فضل,نا,1,1.0,1
وَوَرِثَ,و,ورث,,1,1.0,1
عُلِّمْنَا,,علم,نا,1,1.0,1
مَنْطِقَ,,منطق,,1,1.0,1
وَحُشِرَ,و,حشر,,1,1.0,1
لِسُلَيْمَانَ,ل,سليمان,,1,1.0,1
جُنُودُهُ,,جنود,ه,1,1.0,1
وَالطَّيْرِ,و|ال,طير,,1,1.0,1
وَادِ,,واد,,1,1.0,1
النَّمْلِ,ال,نمل,,1,1.0,1
نَمْلَةٌ,,نمل,ة,1,1.0,1
النَّمْلُ,ال,نمل,,1,1.0,1
مَسَاكِنَكُمْ,,مساكن,كم,1,1.0,1
يَحْطِمَنَّكُمْ,ي,حطم+ن,كم,1,1.0,1
فَتَبَسَّمَ,ف,تبسم,,1,1.0,1
ضَاحِكَاً,,ضاحك,ا,1,1.0,1
قَوْلِهَا,,قول,ها,1,1.0,1
وَأَدْخِلْنِي,و,أدخل+ن,ي,1,1.0,1
وَتَفَقَّدَ,و,تفقد,,1,1.0,1
الطَّيْرَ,ال,طير,,1,1.0,1
الْهُدْهُدَ,ال,هدهد,,1,1.0,1
الْغَائِبِينَ,ال,غائب,ين,1,1.0,1
لَأُعَذِّبَنَّهُ,,ل+أ+عذب+ن,ه,1,1.0,1
لَأَذْبَحَنَّهُ,,ل+أ+ذبح+ن,ه,1,1.0,1
لَيَأْتِيَنِّي,,ل+ي+أتي+ن,ي,1,1.0,1
فَمَكَثَ,ف,مكث,,1,1.0,1
أَحَطْتُ,,أحط,ت,1,1.0,1
وَجِئْتُكَ,و,جئ,ت|ك,1,1.0,1
سَبَإٍ,,سبإ,,1,1.0,1
يَقِينٍ,,يقين,,1,1.0,1
وَجَدْتُ,,وجد,ت,1,1.0,1
امْرَأَةً,,امرأ,ة,1,1.0,1
تَمْلِكُهُمْ,ت,ملك,هم,1,1.0,1
وَأُوتِيَتْ,و,أوتي,ت,1,1.0,1
عَرْشٌ,,عرش,(null),1,1.0,1
وَجَدْتُهَا,,وجد,ت|ها,1,1.0,1
وَقَوْمَهَا,و,قوم,ها,1,1.0,1
يَسْجُدُوا,ي,سجد,وا,1,1.0,1
الْخَبْءَ,ال,خبء,,1,1.0,1
سَنَنْظُرُ,,س+ن+نظر,,1,1.0,1
أَصَدَقْتَ,أ,صدق,ت,1,1.0,1
بِكِتَابِي,ب,كتاب,ي,1,1.0,1
فَأَلْقِهْ,ف,ألق,ه,1,1.0,1
تَوَلَّ,,تول,,1,1.0,1
قَاطِعَةً,,قاطع,ة,1,1.0,1
تَشْهَدُونِ,ت,شهد+ون+None+None+None,,1,1.0,1
فَانْظُرِي,ف,انظر,ي,1,1.0,1
تَأْمُرِينَ,ت,أمر,ين,1,1.0,1
الْمُلُوكَ,ال,ملوك,,1,1.0,1
أَفْسَدُوهَا,,أفسد,و|ها,1,1.0,1
أَعِزَّةَ,,أعز,ة,1,1.0,1
مُرْسِلَةٌ,,مرسل,ة,1,1.0,1
بِهَدِيَّةٍ,ب,هدي,ة|(null),1,1.0,1
فَنَاظِرَةٌ,ف,ناظر,ة,1,1.0,1
بِمَ,ب,م,,1,1.0,1
أَتُمِدُّونَنِ,أ|ت,مد+و+ن+ن+None,,1,1.0,1
بِمَالٍ,ب,مال,,1,1.0,1
بِهَدِيَّتِكُمْ,ب,هدي,ت|كم,1,1.0,1
فَلَنَأْتِيَنَّهُمْ,ف,ل+ن+أتي+ن,هم,1,1.0,1
وَلَنُخْرِجَنَّهُمْ,و,ل+ن+خرج+ن,هم,1,1.0,1
يَأْتِينِّي,ي,أتي+ن,ي,1,1.0,1
بِعَرْشِهَا,ب,عرشه,ها,1,1.0,1
يَأْتُونِي,ي,أت+و+ن,ي,1,1.0,1
عِفْرِيتٌ,,عفريت,,1,1.0,1
مَقَامِكَ,,مقام,ك,1,1.0,1
طَرْفُكَ,,طرف,ك,1,1.0,1
مُسْتَقِرَّاً,,مستقر,ا,1,1.0,1
لِيَبْلُوَنِي,ل|ي,بلو+ن,ي,1,1.0,1
أَأَشْكُرُ,أ|أ,شكر,,1,1.0,1
أَكْفُرُ,أ,كفر,,1,1.0,1
نَكِّرُوا,,نكر,وا,1,1.0,1
عَرْشَهَا,,عرش,ها,1,1.0,1
نَنْظُرْ,ن,نظر,,1,1.0,1
أَتَهْتَدِي,أ|ت,هتدي,,1,1.0,1
أَهَكَذَا,أ,ه+ك+ذا,,1,1.0,1
عَرْشُكِ,,عرش,ك,1,1.0,1
وَصَدَّهَا,و,صد,ها,1,1.0,1
ادْخُلِي,,ا+دخل,ي,1,1.0,1
الصَّرْحَ,ال,صرح,,1,1.0,1
رَأَتْهُ,,رأ,ت|ه,1,1.0,1
حَسِبَتْهُ,,حسب,ت|ه,1,1.0,1
لُجَّةً,,لج,ة,1,1.0,1
وَكَشَفَتْ,و,كشف,ت,1,1.0,1
سَاقَيْهَا,,ساق,ي|ها,1,1.0,1
صَرْحٌ,,صرح,,1,1.0,1
مُمَرَّدٌ,,ممرد,,1,1.0,1
وَأَسْلَمْتُ,و,أسلم,ت,1,1.0,1
فَرِيقَانِ,,فريق,ان,1,1.0,1
تَسْتَغْفِرُونَ,ت,ستغفر,و|ن,1,1.0,1
اطَّيَّرْنَا,,اطير,نا,1,1.0,1
وَبِمَنْ,و|ب,من,,1,1.0,1
تُفْتَنُونَ,ت,فتن,ون,1,1.0,1
تِسْعَةُ,,تسع,ة|(null),1,1.0,1
رَهْطٍ,,رهط,,1,1.0,1
تَقَاسَمُوا,,تقاسم,وا,1,1.0,1
لَنُبَيِّتَنَّهُ,,ل+ن+بيت+ن,ه,1,1.0,1
لَنَقُولَنَّ,ل|ن,قول+ن,,1,1.0,1
مَهْلِكَ,,مهلك,,1,1.0,1
وَمَكَرْنَا,و,مكر,نا,1,1.0,1
مَكْرِهِمْ,,مكر,هم,1,1.0,1
دَمَّرْنَاهُمْ,,دمر,نا|هم,1,1.0,1
وَقَوْمَهُمْ,و,قوم,مهم,1,1.0,1
بُيُوتُهُمْ,,بيوت,هم,1,1.0,1
خَاوِيَةً,,خاوي,ة,1,1.0,1
قَدَّرْنَاهَا,,قدر,نا|ها,1,1.0,1
بَهْجَةٍ,,بهج,ة,1,1.0,1
تُنْبِتُوا,ت,نبت,وا,1,1.0,1
شَجَرَهَا,,شجر,ها,1,1.0,1
حَاجِزَاً,,حاجز,ا,1,1.0,1
يُجِيبُ,ي,جيب,,1,1.0,1
الْمُضْطَرَّ,ال,مضطر,,1,1.0,1
دَعَاهُ,,دعا,ه,1,1.0,1
وَيَكْشِفُ,و|ي,كشف,,1,1.0,1
وَيَجْعَلُكُمْ,و|ي,جعل,كم,1,1.0,1
يَهْدِيكُمْ,ي,هدي,كم,1,1.0,1
ادَّارَكَ,,ادارك,,1,1.0,1
عِلْمُهُمْ,,علم,هم,1,1.0,1
عَمُونَ,,عمون,,1,1.0,1
لَمُخْرَجُونَ,ل,مخرج,ون,1,1.0,1
رَدِفَ,,ردف,,1,1.0,1
لَيَعْلَمُ,ل|ي,علم,,1,1.0,1
غَائِبَةٍ,,غائب,ة|(null),1,1.0,1
لَهُدَىً,,ل+هدى,,1,1.0,1
بِحُكْمِهِ,ب,حكم,ه,1,1.0,1
بِهَادِي,ب,هادي,,1,1.0,1
دَابَّةً,,داب,ة,1,1.0,1
تُكَلِّمُهُمْ,ت,كلم,هم,1,1.0,1
فَوْجَاً,,فوج,ا,1,1.0,1
أَكَذَّبْتُمْ,أ,كذب,تم,1,1.0,1
تُحِيطُوا,ت,حيط,وا,1,1.0,1
أَمَّاذَا,أ,ماذا+None+None+None,,1,1.0,1
وَوَقَعَ,و,وقع,,1,1.0,1
لِيَسْكُنُوا,ل|ي,سكن,وا,1,1.0,1
أَتَوْهُ,,أت,و|ه,1,1.0,1
تَحْسَبُهَا,ت,حسب,ها,1,1.0,1
جَامِدَةً,,جامد,ة,1,1.0,1
تَمُرُّ,ت,مر,,1,1.0,1
السَّحَابِ,ال,سحاب,,1,1.0,1
صُنْعَ,,صنع,(null),1,1.0,1
أَتْقَنَ,,أتقن,,1,1.0,1
فَزَعٍ,,فزع,,1,1.0,1
فَكُبَّتْ,,ف+كب,ت,1,1.0,1
الْبَلْدَةِ,ال,بلد,ة|(null),1,1.0,1
حَرَّمَهَا,,حرم,ها,1,1.0,1
أَتْلُوَ,أ,تلو,,1,1.0,1
سَيُرِيكُمْ,,س+ي+ري,كم,1,1.0,1
فَتَعْرِفُونَهَا,ف|ت,عرف,و|ن|ها,1,1.0,1
نَتْلُو,ن,تلو,,1,1.0,1
عَلَا,,علا,(null),1,1.0,1
يَسْتَضْعِفُ,ي,ستضعف,,1,1.0,1
يُذَبِّحُ,ي,ذبح,,1,1.0,1
وَيَسْتَحْيِي,و|ي,ستحيي,,1,1.0,1
وَنُرِيدُ,و|ن,ريد,,1,1.0,1
نَمُنَّ,ن,من,,1,1.0,1
وَنَجْعَلَهُمْ,و|ن,جعل,هم,1,1.0,1
وَنَجْعَلَهُمُ,و|ن,جعل,هم,1,1.0,1
وَنُمَكِّنَ,و|ن,مكن,,1,1.0,1
وَنُرِيَ,و|ن,ري,,1,1.0,1
أَرْضِعِيهِ,,أ+رضع,ي|ه,1,1.0,1
خِفْتِ,,خف,ت,1,1.0,1
فَأَلْقِيهِ,ف,ألق,ي|ه,1,1.0,1
تَخَافِي,ت,خاف,ي,1,1.0,1
رَادُّوهُ,,راد,و|ه,1,1.0,1
وَجَاعِلُوهُ,و,جاعل,و|ه,1,1.0,1
فَالْتَقَطَهُ,ف,التقط,ه,1,1.0,1
وَحَزَنَاً,و,حزن,ا,1,1.0,1
قُرَّتُ,,قرت,,1,1.0,1
وَلَكَ,و|ل,ك,,1,1.0,1
تَقْتُلُوهُ,ت,قتل,و|ه,1,1.0,1
فُؤَادُ,,فؤاد,,1,1.0,1
فَارِغَاً,,فارغ,ا,1,1.0,1
كَادَتْ,,كاد,ت,1,1.0,1
لَتُبْدِي,,ل+ت+بدي,,1,1.0,1
رَبَطْنَا,,ربط,نا,1,1.0,1
قَلْبِهَا,,قلب,ها,1,1.0,1
لِأُخْتِهِ,ل,أخت,ه,1,1.0,1
قُصِّيهِ,,قص,ي|ه,1,1.0,1
فَبَصُرَتْ,ف,بصر,ت,1,1.0,1
جُنُبٍ,,جنب,,1,1.0,1
وَحَرَّمْنَا,و,حرم,نا,1,1.0,1
الْمَرَاضِعَ,ال,مراضع,,1,1.0,1
فَقَالَتْ,ف,قال,ت,1,1.0,1
يَكْفُلُونَهُ,ي,كفل,و|ن|ه,1,1.0,1
نَاصِحُونَ,,ناصح,ون,1,1.0,1
فَرَدَدْنَاهُ,ف,ردد,نا|ه,1,1.0,1
أُمِّهِ,,أم,ه,1,1.0,1
وَلِتَعْلَمَ,و,ل+ت+علم,,1,1.0,1
وَاسْتَوَى,و,استوى,,1,1.0,1
الْمَدِينَةَ,ال,مدين,ة|(null),1,1.0,1
حِينِ,,حين,,1,1.0,1
فَوَجَدَ,ف,وجد,,1,1.0,1
يَقْتَتِلَانِ,ي,قتتل,ان,1,1.0,1
فَاسْتَغَاثَهُ,ف,استغاث,ه,1,1.0,1
فَوَكَزَهُ,ف,وكز,ه,1,1.0,1
فَقَضَى,ف,قضى,,1,1.0,1
مُضِلٌّ,,مضل,,1,1.0,1
فَغَفَرَ,ف,غفر,,1,1.0,1
اسْتَنْصَرَهُ,,استنصر,ه,1,1.0,1
يَسْتَصْرِخُهُ,ي,ستصرخ,ه,1,1.0,1
لَغَوِيٌّ,ل,غوي,,1,1.0,1
يَبْطِشَ,ي,بطش,,1,1.0,1
أَتُرِيدُ,أ|ت,ريد,,1,1.0,1
تَقْتُلَنِي,ت,قتل+ن,ي,1,1.0,1
قَتَلْتَ,,قتل,ت,1,1.0,1
الْمَلَأَ,ال,ملأ,,1,1.0,1
يَأْتَمِرُونَ,ي,أتمر,و|ن,1,1.0,1
لِيَقْتُلُوكَ,ل|ي,قتل,و|ك,1,1.0,1
تَوَجَّهَ,,توجه,(null),1,1.0,1
يَهْدِيَنِي,ي,هدي+ن,ي,1,1.0,1
وَرَدَ,,ورد,,1,1.0,1
مَاءَ,,ماء,,1,1.0,1
يَسْقُونَ,ي,سق,ون,1,1.0,1
دُونِهِمُ,,دون,هم,1,1.0,1
امْرَأَتَيْنِ,,امرأ,ة|ين,1,1.0,1
تَذُودَانِ,ت,ذود,ان,1,1.0,1
خَطْبُكُمَا,,خطب,كما,1,1.0,1
نَسْقِي,ن,سقي,,1,1.0,1
يُصْدِرَ,ي,صدر,,1,1.0,1
الرِّعَاءُ,ال,رعاء,,1,1.0,1
وَأَبُونَا,و,أب,نا,1,1.0,1
شَيْخٌ,,شيخ,(null),1,1.0,1
فَسَقَى,ف,سقى,,1,1.0,1
الظِّلِّ,ال,ظل,,1,1.0,1
فَجَاءَتْهُ,ف,جاء,ت|ه,1,1.0,1
اسْتِحْيَاءٍ,,استحياء,,1,1.0,1
يَدْعُوكَ,ي,دعو,ك,1,1.0,1
لِيَجْزِيَكَ,ل|ي,جزي,ك,1,1.0,1
سَقَيْتَ,,سقي,ت,1,1.0,1
وَقَصَّ,و,قص,(null),1,1.0,1
نَجَوْتَ,,نجو,ت,1,1.0,1
اسْتَأْجِرْهُ,,ا+ستأجر,ه,1,1.0,1
اسْتَأْجَرْتَ,,استأجر,ت,1,1.0,1
أُنْكِحَكَ,أ,نكح,ك,1,1.0,1
ابْنَتَيَّ,,ابن,ت|ي,1,1.0,1
هَاتَيْنِ,,هات,ين,1,1.0,1
تَأْجُرَنِي,ت,أجر+ن,ي,1,1.0,1
ثَمَانِيَ,,ثماني,,1,1.0,1
حِجَجٍ,,حجج,,1,1.0,1
أَتْمَمْتَ,,أتمم,ت,1,1.0,1
أَشُقَّ,أ,شق,,1,1.0,1
أَيَّمَا,,أي,ما,1,1.0,1
الْأَجَلَيْنِ,ال,أجل,ين,1,1.0,1
قَضَيْتُ,,قضي,ت,1,1.0,1
الْأَجَلَ,ال,أجل,,1,1.0,1
وَسَارَ,و,سار,,1,1.0,1
آنَسَ,,آنس,,1,1.0,1
جَذْوَةٍ,,جذو,ة,1,1.0,1
شَاطِئِ,,شاطئ,,1,1.0,1
الْوَادِ,ال,واد,,1,1.0,1
الْبُقْعَةِ,ال,بقع,ة,1,1.0,1
الْمُبَارَكَةِ,ال,مبارك,ة,1,1.0,1
أَقْبِلْ,,أ+قبل,,1,1.0,1
الْآمِنِينَ,ال,آمن,ين,1,1.0,1
اسْلُكْ,,ا+سلك,,1,1.0,1
الرَّهْبِ,ال,رهب,,1,1.0,1
فَذَانِكَ,ف,ذانك,,1,1.0,1
بُرْهَانَانِ,,برهان,ان,1,1.0,1
قَتَلْتُ,,قتل,ت,1,1.0,1
أَفْصَحُ,,أفصح,,1,1.0,1
فَأَرْسِلْهُ,ف,أرسل+ه+None,,1,1.0,1
رِدْءَاً,,ردء,ا,1,1.0,1
يُصَدِّقُنِي,ي,صدق+ن,ي,1,1.0,1
سَنَشُدُّ,,س+ن+شد,,1,1.0,1
عَضُدَكَ,,عضد,ك,1,1.0,1
بِأَخِيكَ,ب,أخ,ي|ك,1,1.0,1
وَنَجْعَلُ,و|ن,جعل,,1,1.0,1
إِلَيْكُمَا,إلي,كما,,1,1.0,1
أَنْتُمَا,,أنتما,,1,1.0,1
اتَّبَعَكُمَا,,اتبع,كما,1,1.0,1
عَلِمْتُ,,علم,ت,1,1.0,1
فَأَوْقِدْ,ف,أ+وقد,,1,1.0,1
يَا هَامَانُ,يا,هامان,,1,1.0,1
على,,على,,1,1.0,1
أَطَّلِعُ,أ,طلع,,1,1.0,1
وَأَتْبَعْنَاهُمْ,و,أتبع,نا|هم,1,1.0,1
الْمَقْبُوحِينَ,ال,مقبوح,ين,1,1.0,1
الْغَرْبِيِّ,ال,غرب+ي,,1,1.0,1
فَتَطَاوَلَ,ف,تطاول,,1,1.0,1
ثَاوِيَاً,,ثاوي,ا,1,1.0,1
نَادَيْنَا,,نادي,نا,1,1.0,1
سِحْرَانِ,,سحر,ان,1,1.0,1
بِكُلٍّ,ب,كل,,1,1.0,1
أَتَّبِعْهُ,أ,تبع,ه,1,1.0,1
وَصَّلْنَا,,وصل,نا,1,1.0,1
يُؤْتَوْنَ,ي,ؤت,ون,1,1.0,1
اللَّغْوَ,ال,لغو,,1,1.0,1
نَبْتَغِي,ن,بتغي,,1,1.0,1
أَحْبَبْتَ,,أحبب,ت,1,1.0,1
نَتَّبِعِ,ن,تبع,,1,1.0,1
نُتَخَطَّفْ,ن,تخطف,,1,1.0,1
يُجْبَى,ي,جبى,,1,1.0,1
ثَمَرَاتُ,,ثمر,ات,1,1.0,1
بَطِرَتْ,,بطر,ت,1,1.0,1
مَعِيشَتَهَا,,معيش,ت|ها,1,1.0,1
تُسْكَنْ,ت,سكن,,1,1.0,1
أُمِّهَا,,أم,ها,1,1.0,1
مُهْلِكِي,,مهلك,ي,1,1.0,1
وَزِينَتُهَا,و,زين,ت|ها,1,1.0,1
وَعَدْنَاهُ,,وعد,نا|ه,1,1.0,1
لَاقِيهِ,,لاقي,ه,1,1.0,1
مَتَّعْنَاهُ,,متع,نا|ه,1,1.0,1
أَغْوَيْنَا,,أغوي,نا,1,1.0,1
أَغْوَيْنَاهُمْ,,أغوي,نا|هم,1,1.0,1
غَوَيْنَا,,غوي,نا,1,1.0,1
تَبَرَّأْنَا,,تبرأ,نا,1,1.0,1
أَجَبْتُمُ,,أجب,تم,1,1.0,1
فَعَمِيَتْ,ف,عمي,ت,1,1.0,1
الْأَنْبَاءُ,ال,أنباء,(null),1,1.0,1
الْمُفْلِحِينَ,ال,مفلح,ين,1,1.0,1
وَيَخْتَارُ,و|ي,ختار,,1,1.0,1
بِضِيَاءٍ,ب,ضياء,,1,1.0,1
بِلَيْلٍ,ب,ليل,,1,1.0,1
تَسْكُنُونَ,ت,سكن,ون,1,1.0,1
فَعَلِمُوا,ف,علم,وا,1,1.0,1
قَارُونَ,,قارون,,1,1.0,1
فَبَغَى,ف,بغى,,1,1.0,1
الْكُنُوزِ,ال,كنوز,(null),1,1.0,1
لَتَنُوءُ,,ل+ت+نوء,,1,1.0,1
بِالْعُصْبَةِ,ب|ال,عصب,ة,1,1.0,1
تَفْرَحْ,ت,فرح,,1,1.0,1
الْفَرِحِينَ,ال,فرح,ين,1,1.0,1
آتَاكَ,,آتا,ك,1,1.0,1
تَنْسَ,ت,نس,,1,1.0,1
نَصِيبَكَ,,نصيب,ك,1,1.0,1
وَأَحْسِنْ,و,أحسن,,1,1.0,1
تَبْغِ,ت,بغ,,1,1.0,1
أُوتِيتُهُ,,أوتي,ت|ه,1,1.0,1
وَأَكْثَرُ,و,أكثر,,1,1.0,1
ذُنُوبِهِمُ,,ذنوب,هم,1,1.0,1
زِينَتِهِ,,زين,ت|ه,1,1.0,1
قَارُونُ,,قارون,,1,1.0,1
فَخَسَفْنَا,ف,خسف,نا,1,1.0,1
وَبِدَارِهِ,و|ب,دار,ه,1,1.0,1
الْمُنْتَصِرِينَ,ال,منتصر,ين,1,1.0,1
تَمَنَّوْا,,تمن,وا,1,1.0,1
وَيْكَأَنَّ,و,ي+كأن,,1,1.0,1
لَخَسَفَ,,ل+خسف,,1,1.0,1
وَيْكَأَنَّهُ,و,ي+كأن+ه+None,,1,1.0,1
نَجْعَلُهَا,ن,جعل,ها,1,1.0,1
لَرَادُّكَ,,ل+راد,ك,1,1.0,1
مَعَادٍ,,معاد,,1,1.0,1
تَرْجُو,ت,رجو,,1,1.0,1
يَصُدُّنَّكَ,ي,صد+ن+ك+None,,1,1.0,1
هَالِكٌ,,هالك,,1,1.0,1
أَحَسِبَ,أ,حسب,,1,1.0,1
يُتْرَكُوا,ي,ترك,وا,1,1.0,1
فَلَيَعْلَمَنَّ,ف,ل+ي+علم+ن,,1,1.0,1
يَسْبِقُونَا,ي,سبق,و|نا,1,1.0,1
جَاهَدَ,,جاهد,,1,1.0,1
يُجَاهِدُ,ي,جاهد,,1,1.0,1
لَنُكَفِّرَنَّ,,ل+ن+كفر+ن,,1,1.0,1
لِتُشْرِكَ,ل|ت,شرك,,1,1.0,1
لَنُدْخِلَنَّهُمْ,,ل+ن+دخل+ن,هم,1,1.0,1
أُوذِيَ,أ,وذي,,1,1.0,1
فِتْنَةَ,,فتن,ة|(null),1,1.0,1
كَعَذَابِ,ك,عذاب,,1,1.0,1
سَبِيلَنَا,,سبيل,نا,1,1.0,1
وَلْنَحْمِلْ,و|ل|ن,حمل,,1,1.0,1
بِحَامِلِينَ,ب,حامل,ين,1,1.0,1
خَطَايَاهُمْ,,خطايا,هم,1,1.0,1
وَلَيَحْمِلُنَّ,و,ل+ي+حمل+ن+None+None,,1,1.0,1
أَثْقَالَهُمْ,,أثقال,هم,1,1.0,1
وَأَثْقَالَاً,و,أثقال,ا,1,1.0,1
أَثْقَالِهِمْ,,أثقال,هم,1,1.0,1
وَلَيُسْأَلُنَّ,و,ل+ي+سأل+ن+None+None,,1,1.0,1
الطُّوفَانُ,ال,طوفان,,1,1.0,1
وَتَخْلُقُونَ,و|ت,خلق,و|ن,1,1.0,1
إِفْكَاً,,إفك,ا,1,1.0,1
فَابْتَغُوا,ف,ابتغ,وا,1,1.0,1
وَاعْبُدُوهُ,و,ا+عبد,و|ه,1,1.0,1
تُكَذِّبُوا,ت,كذب,وا,1,1.0,1
بَدَأَ,,بدأ,,1,1.0,1
يُنْشِئُ,ي,نشئ,,1,1.0,1
وَيَرْحَمُ,و|ي,رحم,,1,1.0,1
تُقْلَبُونَ,ت,قلب,ون,1,1.0,1
رَحْمَتِي,,رحم,ت|ي,1,1.0,1
اقْتُلُوهُ,,ا+قتل,و|ه,1,1.0,1
فَأَنْجَاهُ,ف,أنجا,ه,1,1.0,1
مَوَدَّةَ,,مود,ة,1,1.0,1
وَيَلْعَنُ,و|ي,لعن,,1,1.0,1
مُهَاجِرٌ,,مهاجر,,1,1.0,1
أَجْرَهُ,,أجر,ه,1,1.0,1
وَتَقْطَعُونَ,و|ت,قطع+ون+None+None,,1,1.0,1
وَتَأْتُونَ,و|ت,أت+ون+None+None,,1,1.0,1
نَادِيكُمُ,,نادي,كم,1,1.0,1
بِعَذَابِ,ب,عذاب,,1,1.0,1
مُهْلِكُو,,مهلك,و,1,1.0,1
لَنُنَجِّيَنَّهُ,,ل+ن+نجي+ن,ه,1,1.0,1
مُنَجُّوكَ,,منج,و|ك,1,1.0,1
مُنْزِلُونَ,,منزل,ون,1,1.0,1
تَرَكْنَا,,ترك,نا,1,1.0,1
بَيِّنَةً,,بين,ة,1,1.0,1
وَارْجُوا,و,ا+رج,وا,1,1.0,1
مُسْتَبْصِرِينَ,,مستبصر,ين,1,1.0,1
سَابِقِينَ,,سابق,ين,1,1.0,1
فَكُلَّاً,ف,كل,ا,1,1.0,1
بِذَنْبِهِ,ب,ذنب,ه,1,1.0,1
خَسَفْنَا,,خسف,نا,1,1.0,1
اتَّخَذَتْ,,اتخذ,ت,1,1.0,1
أَوْهَنَ,,أوهن,,1,1.0,1
لَبَيْتُ,ل,بيت,,1,1.0,1
يَعْقِلُهَا,ي,عقل,ها,1,1.0,1
الْعَالِمُونَ,ال,عالم,ون,1,1.0,1
اتْلُ,,ا+تل,,1,1.0,1
تَنْهَى,ت,نهى,,1,1.0,1
وَلَذِكْرُ,و,ل+ذكر,,1,1.0,1
تَصْنَعُونَ,ت,صنع,ون,1,1.0,1
تُجَادِلُوا,ت,جادل,وا,1,1.0,1
وَأُنْزِلَ,و,أنزل,,1,1.0,1
وَإِلَهُنَا,و,إله,نا,1,1.0,1
تَخُطُّهُ,ت,خط,ه,1,1.0,1
لَارْتَابَ,,ل+ارتاب,,1,1.0,1
يَكْفِهِمْ,ي,كف,هم,1,1.0,1
لَرَحْمَةً,,ل+رحم,ة,1,1.0,1
لَجَاءَهُمُ,,ل+جاء+هم+None+None,,1,1.0,1
وَلَيَأْتِيَنَّهُمْ,و,ل+ي+أتي+ن,هم,1,1.0,1
يَسْتَعْجِلُونَكَ,ي,ستعجل+ون+ك+None+None,,1,1.0,1
يَغْشَاهُمُ,ي,غشا+هم+None,,1,1.0,1
أَرْضِي,,أرض,ي,1,1.0,1
غُرَفَاً,,غرف,ا,1,1.0,1
رِزْقَهَا,,رزق,ها,1,1.0,1
يَرْزُقُهَا,ي,رزق,ها,1,1.0,1
لَهْوٌ,,لهو,,1,1.0,1
وَلَعِبٌ,و,لعب,,1,1.0,1
لَهِيَ,,ل+هي,,1,1.0,1
الْحَيَوَانُ,ال,حيوان,,1,1.0,1
رَكِبُوا,,ركب,وا,1,1.0,1
وَلِيَتَمَتَّعُوا,و,ل+ي+تمتع,وا,1,1.0,1
وَيُتَخَطَّفُ,و|ي,تخطف,,1,1.0,1
حَوْلِهِمْ,,حول,(null)|هم,1,1.0,1
وَبِنِعْمَةِ,و|ب,نعم,ة,1,1.0,1
لَنَهْدِيَنَّهُمْ,,ل+ن+هدي+ن,هم,1,1.0,1
لَمَعَ,,ل+مع,,1,1.0,1
غُلِبَتِ,,غلب,ت,1,1.0,1
الرُّومُ,ال,روم,,1,1.0,1
غَلَبِهِمْ,,غلب,هم,1,1.0,1
سَيَغْلِبُونَ,س|ي,غلب+ون+None+None,,1,1.0,1
بِضْعِ,,بضع,,1,1.0,1
وَيَوْمَئِذٍ,و,يوم+ئذ+None+None,,1,1.0,1
يَفْرَحُ,ي,فرح,,1,1.0,1
بِنَصْرِ,ب,نصر,,1,1.0,1
يَنْصُرُ,ي,نصر,,1,1.0,1
لَكَافِرُونَ,,ل+كافر,ون,1,1.0,1
وَأَثَارُوا,و,أثار,وا,1,1.0,1
وَعَمَرُوهَا,و,عمر,و|ها,1,1.0,1
عَمَرُوهَا,,عمر,و|ها,1,1.0,1
عَاقِبَةَ,,عاقب,ة|(null),1,1.0,1
السُّوأَى,ال,سوأى,,1,1.0,1
يُبْلِسُ,ي,بلس,,1,1.0,1
شُفَعَاءُ,,شفعاء,,1,1.0,1
يَتَفَرَّقُونَ,ي,تفرق,و|ن,1,1.0,1
رَوْضَةٍ,,روض,ة,1,1.0,1
يُحْبَرُونَ,ي,حبر,ون,1,1.0,1
تُمْسُونَ,ت,مس,ون,1,1.0,1
تُصْبِحُونَ,ت,صبح,ون,1,1.0,1
تُظْهِرُونَ,ت,ظهر,ون,1,1.0,1
وَيُحْيِي,و|ي,حيى,,1,1.0,1
تَنْتَشِرُونَ,ت,نتشر,ون,1,1.0,1
وَاخْتِلَافُ,و,اختلاف,,1,1.0,1
أَلْسِنَتِكُمْ,,ألسن,ت|كم,1,1.0,1
وَأَلْوَانِكُمْ,و,ألوان,كم,1,1.0,1
لِلْعَالِمِينَ,ل|ل,عالم+ين+None,,1,1.0,1
مَنَامُكُمْ,,منام,كم,1,1.0,1
وَابْتِغَاؤُكُمْ,و,ابتغاؤ+كم+None,,1,1.0,1
فَيُحْيِي,ف|ي,حيي,,1,1.0,1
دَعْوَةً,,دعو,ة|(null),1,1.0,1
تَخْرُجُونَ,ت,خرج,ون,1,1.0,1
أَهْوَنُ,,أهون,,1,1.0,1
فَأَنْتُمْ,ف,أنتم,,1,1.0,1
تَخَافُونَهُمْ,ت,خاف+ون+هم+None+None,,1,1.0,1
كَخِيفَتِكُمْ,ك,خيف,ت|كم,1,1.0,1
فِطْرَتَ,,فطر,ت,1,1.0,1
لِخَلْقِ,ل,خلق,,1,1.0,1
أَذَاقَهُمْ,,أذاق,هم,1,1.0,1
يَتَكَلَّمُ,ي,تكلم,,1,1.0,1
يَقْنَطُونَ,ي,قنط,ون,1,1.0,1
فَآتِ,ف,آت,,1,1.0,1
رِبَاً,,ربا,,1,1.0,1
لِيَرْبُوَ,,ل+ي+ربو,,1,1.0,1
يَرْبُو,ي,ربو,,1,1.0,1
زَكَاةٍ,,زكا,ة,1,1.0,1
الْمُضْعِفُونَ,ال,مضعف,ون,1,1.0,1
رَزَقَكُمْ,,رزق,كم,1,1.0,1
الْفَسَادُ,ال,فساد,,1,1.0,1
أَيْدِي,,أيد,ي,1,1.0,1
لِيُذِيقَهُمْ,,ل+ي+ذيق,هم,1,1.0,1
الْقَيِّمِ,ال,قيم,,1,1.0,1
يَصَّدَّعُونَ,ي,صدع,و|ن,1,1.0,1
فَلِأَنْفُسِهِمْ,ف|ل,أنفس,هم,1,1.0,1
يَمْهَدُونَ,ي,مهد,ون,1,1.0,1
مُبَشِّرَاتٍ,,مبشر,ات,1,1.0,1
وَلِيُذِيقَكُمْ,و|ل|ي,ذيق,كم,1,1.0,1
وَلِتَجْرِيَ,و|ل|ت,جري,,1,1.0,1
فَيَبْسُطُهُ,ف|ي,بسط,ه,1,1.0,1
وَيَجْعَلُهُ,و|ي,جعل,ه,1,1.0,1
لَمُبْلِسِينَ,,ل+مبلس,ين,1,1.0,1
آثَارِ,,آثار,,1,1.0,1
فَرَأَوْهُ,ف,رأ,و|ه,1,1.0,1
لَظَلُّوا,,ل+ظل,وا,1,1.0,1
بِهَادِ,ب,هاد,,1,1.0,1
وَشَيْبَةً,و,شيب,ة,1,1.0,1
الْقَدِيرُ,ال,قدير,,1,1.0,1
يُقْسِمُ,ي,قسم,,1,1.0,1
سَاعَةٍ,,ساع,ة|(null),1,1.0,1
فَهَذَا,ف,هذا,,1,1.0,1
مُبْطِلُونَ,,مبطل,ون,1,1.0,1
يَسْتَخِفَّنَّكَ,ي,ستخف+ن,ك,1,1.0,1
يَشْتَرِي,ي,شتري,,1,1.0,1
لَهْوَ,,لهو,,1,1.0,1
وَيَتَّخِذَهَا,و|ي,تخذ,ها,1,1.0,1
كَأَنَّ,,كأن,,1,1.0,1
أُذُنَيْهِ,,أذن,ي|ه,1,1.0,1
فَأَرُونِي,,ف+أر+و+ن,ي,1,1.0,1
لُقْمَانَ,,لقمان,,1,1.0,1
يَشْكُرْ,ي,شكر,,1,1.0,1
لُقْمَانُ,,لقمان,,1,1.0,1
لِابْنِهِ,ل,ابن,ه,1,1.0,1
يَعِظُهُ,ي,عظ,ه,1,1.0,1
الشِّرْكَ,ال,شرك,,1,1.0,1
لَظُلْمٌ,,ل+ظلم,,1,1.0,1
وَهْنَاً,,وهن,ا,1,1.0,1
وَهْنٍ,,وهن,,1,1.0,1
عَامَيْنِ,,عام,ين,1,1.0,1
وَلِوَالِدَيْكَ,و|ل,والد,ي|ك,1,1.0,1
تُشْرِكَ,ت,شرك,,1,1.0,1
وَصَاحِبْهُمَا,و,صاحب,هما,1,1.0,1
فَتَكُنْ,ف|ت,كن,,1,1.0,1
صَخْرَةٍ,,صخر,ة|(null),1,1.0,1
وَانْهَ,و,ا+نه,,1,1.0,1
تُصَعِّرْ,ت,صعر,,1,1.0,1
خَدَّكَ,,خد,ك,1,1.0,1
وَاقْصِدْ,و,ا+قصد,,1,1.0,1
مَشْيِكَ,,مشي,ك,1,1.0,1
وَاغْضُضْ,و,ا+غضض,,1,1.0,1
صَوْتِكَ,,صوت,ك,1,1.0,1
أَنْكَرَ,,أنكر,,1,1.0,1
الْأَصْوَاتِ,ال,أصوات,,1,1.0,1
لَصَوْتُ,,ل+صوت,,1,1.0,1
الْحَمِيرِ,ال,حمير,,1,1.0,1
وَأَسْبَغَ,و,أسبغ,,1,1.0,1
نِعَمَهُ,,نعم,ه,1,1.0,1
وَبَاطِنَةً,و,باطن,ة|(null),1,1.0,1
يَدْعُوهُمْ,ي,دعو,هم,1,1.0,1
يُسْلِمْ,ي,سلم,,1,1.0,1
فَنُنَبِّئُهُمْ,ف|ن,نبئ,هم,1,1.0,1
نُمَتِّعُهُمْ,ن,متع,هم,1,1.0,1
نَضْطَرُّهُمْ,ن,ضطر,هم,1,1.0,1
أَقْلَامٌ,,أقلام,,1,1.0,1
وَالْبَحْرُ,و|ال,بحر,,1,1.0,1
يَمُدُّهُ,ي,مد,ه,1,1.0,1
أَبْحُرٍ,,أبحر,,1,1.0,1
نَفِدَتْ,,نفد,ت,1,1.0,1
خَلْقُكُمْ,,خلق,كم,1,1.0,1
بَعْثُكُمْ,,بعث,كم,1,1.0,1
كَنَفْسٍ,ك,نفس,,1,1.0,1
لِيُرِيَكُمْ,,ل+ي+ري,كم,1,1.0,1
كَالظُّلَلِ,ك|ال,ظلل,,1,1.0,1
خَتَّارٍ,,ختار,,1,1.0,1
وَاخْشَوْا,و,ا+خش,وا,1,1.0,1
وَالِدٌ,,والد,(null),1,1.0,1
وَلَدِهِ,,ولد,ه,1,1.0,1
جَازٍ,,جاز,,1,1.0,1
وَالِدِهِ,,والد,ه,1,1.0,1
أَرْضٍ,,أرض,(null),1,1.0,1
تَمُوتُ,ت,موت,,1,1.0,1
وَبَدَأَ,و,بدأ,,1,1.0,1
نَسْلَهُ,,نسل,ه,1,1.0,1
سَوَّاهُ,,سوا,ه,1,1.0,1
وَنَفَخَ,و,نفخ,,1,1.0,1
رُوحِهِ,,روح,(null)|ه,1,1.0,1
ضَلَلْنَا,,ضلل,نا,1,1.0,1
مَلَكُ,,ملك,(null),1,1.0,1
وُكِّلَ,و,كل,,1,1.0,1
نَاكِسُو,,ناكس,و,1,1.0,1
أَبْصَرْنَا,,أبصر,نا,1,1.0,1
وَسَمِعْنَا,و,سمع,نا,1,1.0,1
فَارْجِعْنَا,ف,ا+رجع,نا,1,1.0,1
مُوقِنُونَ,,موقن,ون,1,1.0,1
لَآتَيْنَا,,ل+آتي,نا,1,1.0,1
هُدَاهَا,,هدا,ها,1,1.0,1
نَسِينَاكُمْ,,نسي,نا|كم,1,1.0,1
وَسَبَّحُوا,و,سبح,وا,1,1.0,1
تَتَجَافَى,ت,تجافى,,1,1.0,1
جُنُوبُهُمْ,,جنوب,هم,1,1.0,1
أُخْفِيَ,,أخفي,,1,1.0,1
قُرَّةِ,,قر,ة,1,1.0,1
فَاسِقَاً,,فاسق,ا,1,1.0,1
فَمَأْوَاهُمُ,ف,مأوا,هم,1,1.0,1
لِقَائِهِ,,لقائ,(null)|ه,1,1.0,1
نَسُوقُ,ن,سوق,,1,1.0,1
الْجُرُزِ,ال,جرز,,1,1.0,1
فَنُخْرِجُ,ف|ن,خرج,,1,1.0,1
أَنْعَامُهُمْ,,أنعام,هم,1,1.0,1
وَأَنْفُسُهُمْ,و,أنفس,هم,1,1.0,1
وَانْتَظِرْ,و,انتظر,,1,1.0,1
قَلْبَيْنِ,,قلب,ين,1,1.0,1
جَوْفِهِ,,جوف,ه,1,1.0,1
أَزْوَاجَكُمُ,,أزواج,كم,1,1.0,1
تُظَاهِرُونَ,ت,ظاهر,ون,1,1.0,1
أَدْعِيَاءَكُمْ,,أدعياء,كم,1,1.0,1
قَوْلُكُمْ,,قول,كم,1,1.0,1
ادْعُوهُمْ,,ا+دعو,هم,1,1.0,1
وَمَوَالِيكُمْ,و,موالي,كم,1,1.0,1
أَخْطَأْتُمْ,,أخطأ,تم,1,1.0,1
تَعَمَّدَتْ,,تعمد,ت,1,1.0,1
وَأَزْوَاجُهُ,و,أزواج,ه,1,1.0,1
أَوْلِيَائِكُمْ,,أوليائ,كم,1,1.0,1
وَمِنْكَ,و|من,ك,,1,1.0,1
لِيَسْأَلَ,ل|ي,سأل,,1,1.0,1
صِدْقِهِمْ,,صدق,هم,1,1.0,1
جُنُودٌ,,جنود,,1,1.0,1
وَجُنُودَاً,و,جنود,ا,1,1.0,1
زَاغَتِ,,زاغ,ت,1,1.0,1
وَبَلَغَتِ,و,بلغ,ت,1,1.0,1
الْحَنَاجِرَ,ال,حناجر,,1,1.0,1
الظُّنُونَا,ال,ظنون,ا,1,1.0,1
ابْتُلِيَ,,ابتلي,,1,1.0,1
زِلْزَالَاً,,زلزال,ا,1,1.0,1
يَثْرِبَ,,يثرب,,1,1.0,1
مُقَامَ,,مقام,(null),1,1.0,1
وَيَسْتَأْذِنُ,و|ي,ستأذن,,1,1.0,1
بُيُوتَنَا,,بيوت,نا,1,1.0,1
عَوْرَةٌ,,عور,ة,1,1.0,1
بِعَوْرَةٍ,ب,عور,ة,1,1.0,1
دُخِلَتْ,,دخل,ت,1,1.0,1
أَقْطَارِهَا,,أقطار,ها,1,1.0,1
سُئِلُوا,,سئل,وا,1,1.0,1
لَآتَوْهَا,,ل+آت+و+ها+None,,1,1.0,1
تَلَبَّثُوا,ت,لبث,وا,1,1.0,1
يُوَلُّونَ,ي,ول,ون,1,1.0,1
عَهْدُ,,عهد,(null),1,1.0,1
الْفِرَارُ,ال,فرار,,1,1.0,1
فَرَرْتُمْ,,فرر,تم,1,1.0,1
تُمَتَّعُونَ,ت,متع,ون,1,1.0,1
يَعْصِمُكُمْ,ي,عصم,كم,1,1.0,1
الْمُعَوِّقِينَ,ال,معوق,ين,1,1.0,1
وَالْقَائِلِينَ,و|ال,قائل,ين,1,1.0,1
الْبَأْسَ,ال,بأس,,1,1.0,1
تَدُورُ,ت,دور,,1,1.0,1
يُغْشَى,ي,غشى,,1,1.0,1
سَلَقُوكُمْ,,سلق,و|كم,1,1.0,1
بِأَلْسِنَةٍ,ب,ألسن+ة+None,,1,1.0,1
حِدَادٍ,,حداد,,1,1.0,1
يَوَدُّوا,ي,ود,وا,1,1.0,1
بَادُونَ,,باد,ون,1,1.0,1
أَنْبَائِكُمْ,,أنبائ,كم,1,1.0,1
قَاتَلُوا,,قاتل,وا,1,1.0,1
وَتَسْلِيمَاً,و,تسليم,ا,1,1.0,1
نَحْبَهُ,,نحب,ه,1,1.0,1
يَنْتَظِرُ,ي,نتظر,,1,1.0,1
بِصِدْقِهِمْ,ب,صدق,هم,1,1.0,1
وَرَدَّ,و,رد,,1,1.0,1
بِغَيْظِهِمْ,ب,غيظ,هم,1,1.0,1
قَوِيَّاً,,قوي,ا,1,1.0,1
ظَاهَرُوهُمْ,,ظاهر,و|هم,1,1.0,1
صَيَاصِيهِمْ,,صياصي,هم,1,1.0,1
وَتَأْسِرُونَ,و|ت,أسر+ون+None+None,,1,1.0,1
وَأَوْرَثَكُمْ,و,أورث+كم+None+None,,1,1.0,1
أَرْضَهُمْ,,أرض,(null)|هم,1,1.0,1
وَدِيَارَهُمْ,و,ديار+هم+None+None,,1,1.0,1
وَأَرْضَاً,و,أرض,ا,1,1.0,1
تَطَئُوهَا,ت,طئ+و+ها+None+None,,1,1.0,1
فَتَعَالَيْنَ,,ف+تعال,ين,1,1.0,1
أُمَتِّعْكُنَّ,أ,متع,كن,1,1.0,1
وَأُسَرِّحْكُنَّ,و|أ,سرح,كن,1,1.0,1
وَالدَّارَ,و|ال,دار,,1,1.0,1
لِلْمُحْسِنَاتِ,ل|ال,محسن,ات,1,1.0,1
يَقْنُتْ,ي,قنت,,1,1.0,1
وَتَعْمَلْ,و|ت,عمل,,1,1.0,1
نُؤْتِهَا,ن,ؤت,ها,1,1.0,1
أَجْرَهَا,,أجر,ها,1,1.0,1
لَسْتُنَّ,,لس+تن+None+None+None,,1,1.0,1
كَأَحَدٍ,ك,أحد,,1,1.0,1
اتَّقَيْتُنَّ,,اتقي+ت+ن,,1,1.0,1
تَخْضَعْنَ,ت,خضع,ن,1,1.0,1
فَيَطْمَعَ,ف|ي,طمع,,1,1.0,1
وَقَرْنَ,و,قر,ن,1,1.0,1
تَبَرَّجْنَ,ت,برج,ن,1,1.0,1
تَبَرُّجَ,,تبرج,,1,1.0,1
وَأَقِمْنَ,و,أ+قمن+ن+None,,1,1.0,1
وَآتِينَ,و,آتي,ن,1,1.0,1
وَأَطِعْنَ,و,أ+طع,ن,1,1.0,1
لِيُذْهِبَ,,ل+ي+ذهب,,1,1.0,1
وَيُطَهِّرَكُمْ,و|ي,طهر,كم,1,1.0,1
تَطْهِيرَاً,,تطهير,ا,1,1.0,1
وَاذْكُرْنَ,و,ا+ذكر,ن,1,1.0,1
لَطِيفَاً,,لطيف,ا,1,1.0,1
وَالْمُسْلِمَاتِ,و|ال,مسلم,ات,1,1.0,1
وَالْمُؤْمِنِينَ,و|ال,مؤمن,ين,1,1.0,1
وَالْقَانِتَاتِ,و|ال,قانت,ات,1,1.0,1
وَالصَّادِقَاتِ,و|ال,صادق,ات,1,1.0,1
وَالصَّابِرَاتِ,و|ال,صابر,ات,1,1.0,1
وَالْخَاشِعِينَ,و|ال,خاشع,ين,1,1.0,1
وَالْخَاشِعَاتِ,و|ال,خاشع,ات,1,1.0,1
وَالْمُتَصَدِّقِينَ,و|ال,متصدق,ين,1,1.0,1
وَالْمُتَصَدِّقَاتِ,و|ال,متصدق,ات,1,1.0,1
وَالصَّائِمِينَ,و|ال,صائم,ين,1,1.0,1
وَالصَّائِمَاتِ,و|ال,صائم,ات,1,1.0,1
وَالْحَافِظِينَ,و|ال,حافظ,ين,1,1.0,1
وَالْحَافِظَاتِ,و|ال,حافظ,ات,1,1.0,1
وَالذَّاكِرِينَ,و|ال,ذاكر,ين,1,1.0,1
وَالذَّاكِرَاتِ,و|ال,ذاكر,ات,1,1.0,1
وَأَنْعَمْتَ,و,أنعم,ت,1,1.0,1
زَوْجَكَ,,زوج,ك,1,1.0,1
وَاتَّقِ,و,اتق,,1,1.0,1
وَتُخْفِي,و|ت,خفي,,1,1.0,1
مُبْدِيهِ,,مبدي,ه,1,1.0,1
وَتَخْشَى,و|ت,خشى,,1,1.0,1
تَخْشَاهُ,ت,خشا+ه+None,,1,1.0,1
زَيْدٌ,,زيد,,1,1.0,1
زَوَّجْنَاكَهَا,,زوج+نا+كها+None,,1,1.0,1
أَزْوَاجِ,,أزواج,(null),1,1.0,1
أَدْعِيَائِهِمْ,,أدعيائ,هم,1,1.0,1
قَضَوْا,,قض,وا,1,1.0,1
قَدَرَاً,,قدر,ا,1,1.0,1
مَقْدُورَاً,,مقدور,ا,1,1.0,1
يُبَلِّغُونَ,ي,بلغ,ون,1,1.0,1
وَيَخْشَوْنَهُ,و|ي,خش+ون+ه+None+None,,1,1.0,1
أَبَا,,أبا,,1,1.0,1
وَخَاتَمَ,و,خاتم,,1,1.0,1
وَسَبِّحُوهُ,و,سبح,و|ه,1,1.0,1
وَمَلَائِكَتُهُ,و,ملائك,ت|ه,1,1.0,1
وَدَاعِيَاً,و,اعي,ا,1,1.0,1
وَسِرَاجَاً,و,سراج,ا,1,1.0,1
وَدَعْ,و,دع,,1,1.0,1
أَذَاهُمْ,,أذا,هم,1,1.0,1
نَكَحْتُمُ,,نكح,تم,1,1.0,1
عِدَّةٍ,,عد,ة,1,1.0,1
تَعْتَدُّونَهَا,ت,عتد+ون+ها+None+None,,1,1.0,1
فَمَتِّعُوهُنَّ,,ف+متع,و|هن,1,1.0,1
وَسَرِّحُوهُنَّ,و,سرح,و|هن,1,1.0,1
أَحْلَلْنَا,,أحلل,نا,1,1.0,1
أَزْوَاجَكَ,,أزواج,ك,1,1.0,1
عَمِّكَ,,عم,ك,1,1.0,1
عَمَّاتِكَ,,عم,ات|ك,1,1.0,1
خَالِكَ,,خال,ك,1,1.0,1
خَالَاتِكَ,,خال,ات|ك,1,1.0,1
هَاجَرْنَ,,هاجر,ن,1,1.0,1
وَامْرَأَةً,و,امرأ,ة,1,1.0,1
مُؤْمِنَةً,,مؤمن,ة|(null),1,1.0,1
وَهَبَتْ,,وهب,ت,1,1.0,1
نَفْسَهَا,,نفس,ها,1,1.0,1
يَسْتَنْكِحَهَا,ي,ستنكح,ها,1,1.0,1
فَرَضْنَا,,فرض,نا,1,1.0,1
تُرْجِي,ت,رجي,,1,1.0,1
وَتُؤْوِي,و|ت,ؤوي,,1,1.0,1
ابْتَغَيْتَ,,ابتغي,ت,1,1.0,1
عَزَلْتَ,,عزل,ت,1,1.0,1
أَعْيُنُهُنَّ,,أعين,هن,1,1.0,1
يَحْزَنَّ,ي,حزن,ن,1,1.0,1
وَيَرْضَيْنَ,و|ي,رضي+ن+None,,1,1.0,1
آتَيْتَهُنَّ,,آتي,ت|هن,1,1.0,1
كُلُّهُنَّ,,كل,هن,1,1.0,1
النِّسَاءُ,ال,نساء,,1,1.0,1
تَبَدَّلَ,ت,بدل,,1,1.0,1
حُسْنُهُنَّ,,حسن,هن,1,1.0,1
بُيُوتَ,,بيوت,,1,1.0,1
نَاظِرِينَ,,ناظر,ين,1,1.0,1
إِنَاهُ,,إنا,ه,1,1.0,1
دُعِيتُمْ,,دعي,تم,1,1.0,1
طَعِمْتُمْ,,طعم,تم,1,1.0,1
مُسْتَأْنِسِينَ,,مستأنس,ين,1,1.0,1
لِحَدِيثٍ,ل,حديث,,1,1.0,1
يُؤْذِي,ي,ؤذي,,1,1.0,1
فَيَسْتَحْيِي,ف|ي,ستحيي,,1,1.0,1
سَأَلْتُمُوهُنَّ,,سأل+تم+و,هن,1,1.0,1
فَاسْأَلُوهُنَّ,ف,اسأل,و|هن,1,1.0,1
لِقُلُوبِكُمْ,ل,قلوب,كم,1,1.0,1
وَقُلُوبِهِنَّ,و,قلوب,هن,1,1.0,1
تُؤْذُوا,ت,ؤذ,وا,1,1.0,1
أَزْوَاجَهُ,,أزواج,ه,1,1.0,1
وَاتَّقِينَ,و,اتقي,ن,1,1.0,1
وَمَلَائِكَتَهُ,و,ملائك,ت|ه,1,1.0,1
يُصَلُّونَ,ي,صل,ون,1,1.0,1
صَلُّوا,,صل,وا,1,1.0,1
وَسَلِّمُوا,و,سلم+وا+None,,1,1.0,1
احْتَمَلُوا,,احتمل,وا,1,1.0,1
وَبَنَاتِكَ,و,بن,ات|(null)|ك,1,1.0,1
وَنِسَاءِ,و,نساء,,1,1.0,1
يُدْنِيْنَ,ي,دني,ن,1,1.0,1
جَلَابِيبِهِنَّ,,جلابيب,هن,1,1.0,1
يُعْرَفْنَ,ي,عرف,ن,1,1.0,1
يُؤْذَيْنَ,ي,ؤذي,ن,1,1.0,1
وَالْمُرْجِفُونَ,و|ال,مرجف,ون,1,1.0,1
لَنُغْرِيَنَّكَ,,ل+ن+غري+ن,ك,1,1.0,1
يُجَاوِرُونَكَ,ي,جاور+ون+ك+None+None,,1,1.0,1
مَلْعُونِينَ,,ملعون,ين,1,1.0,1
أُخِذُوا,,أخذ,وا,1,1.0,1
وَقُتِّلُوا,و,قتل+وا+None+None,,1,1.0,1
تَقْتِيلَاً,,تقتيل,ا,1,1.0,1
لَعَنَ,,لعن,,1,1.0,1
تُقَلَّبُ,ت,قلب,,1,1.0,1
الرَّسُولَا,ال,رسول+ا,,1,1.0,1
سَادَتَنَا,,ساد,ت|نا,1,1.0,1
وَكُبَرَاءَنَا,و,كبراء,نا,1,1.0,1
فَأَضَلُّونَا,ف,أضل,و|نا,1,1.0,1
السَّبِيلَا,ال,سبيل,ا,1,1.0,1
آتِهِمْ,,آت,هم,1,1.0,1
وَالْعَنْهُمْ,و,ا+لعن,هم,1,1.0,1
لَعْنَاً,,لعن,ا,1,1.0,1
آذَوْا,,آذ,وا,1,1.0,1
فَبَرَّأَهُ,ف,برأ,ه,1,1.0,1
يُصْلِحْ,ي,صلح,,1,1.0,1
عَرَضْنَا,,عرض,نا,1,1.0,1
الْأَمَانَةَ,ال,أمان,ة,1,1.0,1
وَالْجِبَالِ,و|ال,جبال,,1,1.0,1
فَأَبَيْنَ,ف,أبي,ن,1,1.0,1
يَحْمِلْنَهَا,ي,حمل,ن|ها,1,1.0,1
وَأَشْفَقْنَ,و,أشفق,ن,1,1.0,1
وَحَمَلَهَا,و,حمل,ها,1,1.0,1
ظَلُومَاً,,ظلوم,ا,1,1.0,1
جَهُولَاً,,جهول,ا,1,1.0,1
لِيُعَذِّبَ,,ل+ي+عذب,,1,1.0,1
لَتَأْتِيَنَّكُمْ,,ل+ت+أتي+ن,كم,1,1.0,1
مِثْقَالُ,,مثقال,,1,1.0,1
أَصْغَرُ,,أصغر,,1,1.0,1
وَيَرَى,و|ي,رى,,1,1.0,1
نَدُلُّكُمْ,ن,دل,كم,1,1.0,1
مُزِّقْتُمْ,,مزق,تم,1,1.0,1
أَفْتَرَى,أ,فترى,,1,1.0,1
وَالضَّلَالِ,و|ال,ضلال,(null),1,1.0,1
الْبَعِيدِ,ال,بعيد,,1,1.0,1
نَخْسِفْ,ن,خسف,,1,1.0,1
نُسْقِطْ,ن,سقط,,1,1.0,1
يَاجِبَالُ,يا,جبال,,1,1.0,1
أَوِّبِي,,أوب,ي,1,1.0,1
وَأَلَنَّا,و,أل,نا,1,1.0,1
اعْمَلْ,,اعمل,,1,1.0,1
سَابِغَاتٍ,,سابغ,ات,1,1.0,1
وَقَدِّرْ,و,قدر,,1,1.0,1
السَّرْدِ,ال,سرد,,1,1.0,1
غُدُوُّهَا,,غدو,ها,1,1.0,1
وَرَوَاحُهَا,و,رواح+ها+None,,1,1.0,1
وَأَسَلْنَا,و,أسل+نا+None,,1,1.0,1
الْقِطْرِ,ال,قطر,,1,1.0,1
يَزِغْ,ي,زغ,,1,1.0,1
مَحَارِيبَ,,محاريب,,1,1.0,1
وَتَمَاثِيلَ,و,تماثيل,,1,1.0,1
وَجِفَانٍ,و,جفان,,1,1.0,1
كَالْجَوَابِ,ك|ال,جواب,,1,1.0,1
وَقُدُورٍ,و,قدور,,1,1.0,1
رَاسِيَاتٍ,,راسي,ات,1,1.0,1
شُكْرَاً,,شكر,ا,1,1.0,1
الشَّكُورُ,ال,شكور,,1,1.0,1
دَلَّهُمْ,,دل,هم,1,1.0,1
دَابَّةُ,,داب,ة,1,1.0,1
مِنْسَأَتَهُ,,منسأ,ت|ه,1,1.0,1
تَبَيَّنَتِ,,تبين,ت,1,1.0,1
الْجِنُّ,ال,جن,(null),1,1.0,1
لِسَبَإٍ,ل,سبأ,,1,1.0,1
مَسْكَنِهِمْ,,مسكن,هم,1,1.0,1
يَمِينٍ,,يمين,,1,1.0,1
وَشِمَالٍ,و,شمال,(null),1,1.0,1
بَلْدَةٌ,,بلد,ة,1,1.0,1
طَيِّبَةٌ,,طيب,ة|(null),1,1.0,1
وَرَبٌّ,,و,رب,1,1.0,1
فَأَعْرَضُوا,ف,أعرض,وا,1,1.0,1
سَيْلَ,,سيل,,1,1.0,1
الْعَرِمِ,ال,عرم,,1,1.0,1
وَبَدَّلْنَاهُمْ,و,بدل,نا|هم,1,1.0,1
بِجَنَّتَيْهِمْ,ب,جن,ت|ي|هم,1,1.0,1
ذَوَاتَيْ,,ذو,ات|ي,1,1.0,1
أُكُلٍ,,أكل,,1,1.0,1
خَمْطٍ,,خمط,,1,1.0,1
وَأَثْلٍ,و,أثل,,1,1.0,1
وَشَيْءٍ,و,شيء,,1,1.0,1
نُجَازِي,ن,جازي,,1,1.0,1
الْكَفُورَ,ال,كفور,,1,1.0,1
وَقَدَّرْنَا,و,قدر,نا,1,1.0,1
السَّيْرَ,ال,سير,,1,1.0,1
لَيَالِيَ,,ليالي,,1,1.0,1
وَأَيَّامَاً,و,أيام,ا,1,1.0,1
بَاعِدْ,,باعد,,1,1.0,1
أَسْفَارِنَا,,أسفار,نا,1,1.0,1
وَمَزَّقْنَاهُمْ,و,مزق,نا|هم,1,1.0,1
إِبْلِيسُ,,إبليس,,1,1.0,1
ظَنَّهُ,,ظن,ه,1,1.0,1
فَاتَّبَعُوهُ,ف,اتبع,و|ه,1,1.0,1
شِرْكٍ,,شرك,,1,1.0,1
ظَهِيرٍ,,ظهير,,1,1.0,1
فُزِّعَ,,فزع,,1,1.0,1
أَجْرَمْنَا,,أجرم,نا,1,1.0,1
نُسْأَلُ,ن,سأل,,1,1.0,1
يَفْتَحُ,ي,فتح,,1,1.0,1
الْفَتَّاحُ,ال,فتاح,,1,1.0,1
أَرُونِيَ,,أ+ر+و+ن,ي,1,1.0,1
أَلْحَقْتُمْ,,ألحق,تم,1,1.0,1
مِيعَادُ,,ميعاد,,1,1.0,1
تَسْتَأْخِرُونَ,ت,ستأخر+ون+None+None,,1,1.0,1
تَسْتَقْدِمُونَ,ت,ستقدم+ون+None+None,,1,1.0,1
مَوْقُوفُونَ,,موقوف,ون,1,1.0,1
أَنَحْنُ,أ,نحن,,1,1.0,1
صَدَدْنَاكُمْ,,صدد,نا|كم,1,1.0,1
مَكْرُ,,مكر,,1,1.0,1
تَأْمُرُونَنَا,ت,أمر+ون+نا+None+None,,1,1.0,1
نَكْفُرَ,ن,كفر,,1,1.0,1
وَنَجْعَلَ,و|ن,جعل,,1,1.0,1
الْأَغْلَالَ,ال,أغلال,,1,1.0,1
أَعْنَاقِ,,أعناق,,1,1.0,1
تُقَرِّبُكُمْ,ت,قرب,كم,1,1.0,1
الضِّعْفِ,ال,ضعف,,1,1.0,1
الْغُرُفَاتِ,ال,غرف,ات,1,1.0,1
يَسْعَوْنَ,ي,سع,ون,1,1.0,1
يُخْلِفُهُ,ي,خلف,ه,1,1.0,1
يَصُدَّكُمْ,ي,صد,كم,1,1.0,1
كُتُبٍ,,كتب,(null),1,1.0,1
يَدْرُسُونَهَا,ي,درس+ون+ها+None+None,,1,1.0,1
مِعْشَارَ,,معشار,,1,1.0,1
رُسُلِي,,رسل,ي,1,1.0,1
أَعِظُكُمْ,أ,عظ,كم,1,1.0,1
بِوَاحِدَةٍ,ب,واحد,ة|(null),1,1.0,1
وَفُرَادَى,و,فرادى,,1,1.0,1
تَتَفَكَّرُوا,ت,تفكر,وا,1,1.0,1
بِصَاحِبِكُمْ,ب,صاحب,كم,1,1.0,1
يَقْذِفُ,ي,قذف,,1,1.0,1
يُعِيدُ,ي,عيد,,1,1.0,1
أَضِلُّ,,أضل,,1,1.0,1
اهْتَدَيْتُ,,اهتدي,ت,1,1.0,1
فَزِعُوا,,فزع,وا,1,1.0,1
فَوْتَ,,فوت,,1,1.0,1
وَأُخِذُوا,و,أخذ+وا+None+None,,1,1.0,1
التَّنَاوُشُ,ال,تناوش,,1,1.0,1
وَيَقْذِفُونَ,و|ي,قذف+ون+None+None,,1,1.0,1
وَحِيلَ,و,حيل,,1,1.0,1
فُعِلَ,,فعل,,1,1.0,1
بِأَشْيَاعِهِمْ,ب,أشياع+هم+None+None,,1,1.0,1
جَاعِلِ,,جاعل,,1,1.0,1
أَجْنِحَةٍ,,أجنح,ة,1,1.0,1
يَفْتَحِ,ي,فتح,,1,1.0,1
مُمْسِكَ,,ممسك,,1,1.0,1
يُمْسِكْ,ي,مسك,,1,1.0,1
مُرْسِلَ,,مرسل,,1,1.0,1
خَالِقٍ,,خالق,,1,1.0,1
فَاتَّخِذُوهُ,ف,اتخذ,و|ه,1,1.0,1
حِزْبَهُ,,حزب,(null)|ه,1,1.0,1
تَذْهَبْ,ت,ذهب,,1,1.0,1
نَفْسُكَ,,نفس,ك,1,1.0,1
فَسُقْنَاهُ,ف,سق+نا+ه+None,,1,1.0,1
فَأَحْيَيْنَا,ف,أحيي+نا+None,,1,1.0,1
يَصْعَدُ,ي,صعد,,1,1.0,1
الْكَلِمُ,ال,كلم,,1,1.0,1
وَالْعَمَلُ,و|ال,عمل,,1,1.0,1
الصَّالِحُ,ال,صالح,,1,1.0,1
يَرْفَعُهُ,ي,رفع,ه,1,1.0,1
وَمَكْرُ,و,مكر,,1,1.0,1
يَبُورُ,ي,بور,,1,1.0,1
مُعَمَّرٍ,,معمر,,1,1.0,1
يُنْقَصُ,ي,نقص,,1,1.0,1
عُمُرِهِ,,عمر,(null)|ه,1,1.0,1
الْبَحْرَانِ,ال,بحر,ان,1,1.0,1
سَائِغٌ,,سائغ,,1,1.0,1
شَرَابُهُ,,شراب,ه,1,1.0,1
وَتَسْتَخْرِجُونَ,و|ت,ستخرج+ون+None+None,,1,1.0,1
قِطْمِيرٍ,,قطمير,,1,1.0,1
دُعَاءَكُمْ,,دعاء,كم,1,1.0,1
بِشِرْكِكُمْ,ب,شرك,كم,1,1.0,1
يُنَبِّئُكَ,ي,نبئ,ك,1,1.0,1
مُثْقَلَةٌ,,مثقل,ة,1,1.0,1
حِمْلِهَا,,حمل,ها,1,1.0,1
يُحْمَلْ,ي,حمل,,1,1.0,1
النُّورُ,ال,نور,,1,1.0,1
الظِّلُّ,ال,ظل,,1,1.0,1
الْحَرُورُ,ال,حرور,,1,1.0,1
الْأَحْيَاءُ,ال,أحياء,,1,1.0,1
الْأَمْوَاتُ,ال,أموات,,1,1.0,1
يُسْمِعُ,ي,سمع,,1,1.0,1
بِمُسْمِعٍ,ب,مسمع,,1,1.0,1
وَبِالزُّبُرِ,و|ب|ال,زبر,,1,1.0,1
وَبِالْكِتَابِ,و|ب|ال,كتاب,,1,1.0,1
أَخَذْتُ,,أخذ,ت,1,1.0,1
جُدَدٌ,,جدد,,1,1.0,1
بِيضٌ,,بيض,,1,1.0,1
وَحُمْرٌ,و,حمر,,1,1.0,1
وَغَرَابِيبُ,و,غرابيب,,1,1.0,1
سُودٌ,,سود,,1,1.0,1
وَالدَّوَابِّ,و|ال,دواب,,1,1.0,1
الْعُلَمَاءُ,ال,علماء,,1,1.0,1
تَبُورَ,ت,بور,,1,1.0,1
لِيُوَفِّيَهُمْ,,ل+ي+وفي,هم,1,1.0,1
أَوْرَثْنَا,,أورث,نا,1,1.0,1
اصْطَفَيْنَا,,اصطفي,نا,1,1.0,1
سَابِقٌ,,سابق,(null),1,1.0,1
بِالْخَيْرَاتِ,ب|ال,خير,ات,1,1.0,1
أَذْهَبَ,,أذهب,,1,1.0,1
الْحَزَنَ,ال,حزن,,1,1.0,1
أَحَلَّنَا,,أحل,نا,1,1.0,1
الْمُقَامَةِ,ال,مقام,ة,1,1.0,1
لُغُوبٌ,,لغوب,,1,1.0,1
فَيَمُوتُوا,ف|ي,موت,وا,1,1.0,1
عَذَابِهَا,,عذاب,ها,1,1.0,1
يَصْطَرِخُونَ,ي,صطرخ,ون,1,1.0,1
نُعَمِّرْكُمْ,ن,عمر,كم,1,1.0,1
تَذَكَّرَ,,تذكر,,1,1.0,1
وَجَاءَكُمُ,و,جاء,كم,1,1.0,1
غَيْبِ,,غيب,,1,1.0,1
شُرَكَاءَكُمُ,,شركاء,كم,1,1.0,1
بَيِّنَتٍ,,بين,ت,1,1.0,1
يَعِدُ,ي,عد,,1,1.0,1
يُمْسِكُ,ي,مسك,,1,1.0,1
تَزُولَا,ت,زول,ا,1,1.0,1
زَالَتَا,,زال,ت|ا,1,1.0,1
أَمْسَكَهُمَا,,أمسك,هما,1,1.0,1
لَيَكُونُنَّ,,ل+ي+كون+ن+None+None,,1,1.0,1
الْأُمَمِ,ال,أمم,,1,1.0,1
وَمَكْرَ,و,مكر,,1,1.0,1
السَّيِّئِ,ال,سيئ,,1,1.0,1
يَحِيقُ,ي,حيق,,1,1.0,1
السَّيِّئُ,ال,سيئ,,1,1.0,1
لِيُعْجِزَهُ,,ل+ي+عجز,ه,1,1.0,1
ظَهْرِهَا,,ظهر,(null)|ها,1,1.0,1
يس,,يس,,1,1.0,1
تَنْزِيلَ,,تنزيل,,1,1.0,1
أُنْذِرَ,,أنذر,,1,1.0,1
أَكْثَرِهِمْ,,أكثر,هم,1,1.0,1
أَغْلَالَاً,,أغلال,ا,1,1.0,1
الْأَذْقَانِ,ال,أذقان,,1,1.0,1
مُقْمَحُونَ,,مقمح,ون,1,1.0,1
فَأَغْشَيْنَاهُمْ,ف,أغشي,نا|هم,1,1.0,1
وَسَوَاءٌ,و,سواء,(null),1,1.0,1
وَخَشِيَ,و,خشي,,1,1.0,1
بِمَغْفِرَةٍ,ب,مغفر,ة,1,1.0,1
وَأَجْرٍ,و,أجر,(null),1,1.0,1
وَنَكْتُبُ,و|ن,كتب,,1,1.0,1
قَدَّمُوا,,قدم,وا,1,1.0,1
وَآثَارَهُمْ,و,آثار,هم,1,1.0,1
إِمَامٍ,,إمام,,1,1.0,1
فَعَزَّزْنَا,ف,عزز,نا,1,1.0,1
بِثَالِثٍ,ب,ثالث,,1,1.0,1
مُرْسَلُونَ,,مرسل,ون,1,1.0,1
تَكْذِبُونَ,ت,كذب,ون,1,1.0,1
لَمُرْسَلُونَ,,ل+مرسل,ون,1,1.0,1
تَطَيَّرْنَا,,تطير,نا,1,1.0,1
لَنَرْجُمَنَّكُمْ,,ل+ن+رجم+ن,كم,1,1.0,1
وَلَيَمَسَّنَّكُمْ,و|ل|ي,مس+ن,كم,1,1.0,1
أَئِنْ,أ,ئن,,1,1.0,1
ذُكِّرْتُمْ,,ذكر,تم,1,1.0,1
يَسْأَلُكُمْ,ي,سأل,كم,1,1.0,1
أَأَتَّخِذُ,أ|أ,تخذ,,1,1.0,1
يُرِدْنِ,ي,رد,ن,1,1.0,1
يُنْقِذُونِ,ي,نقذ+ون+None+None+None,,1,1.0,1
فَاسْمَعُونِ,,ف+ا+سمع+و+ن+None,,1,1.0,1
ادْخُلِ,,ا+دخل,,1,1.0,1
غَفَرَ,,غفر,,1,1.0,1
جُنْدٍ,,جند,,1,1.0,1
مُنْزِلِينَ,,منزل,ين,1,1.0,1
خَامِدُونَ,,خامد,ون,1,1.0,1
يَاحَسْرَةً,يا,حسر,ة,1,1.0,1
أَحْيَيْنَاهَا,,أحيي,نا|ها,1,1.0,1
وَأَخْرَجْنَا,و,أخرج,نا,1,1.0,1
فَمِنْهُ,,ف+من,ه,1,1.0,1
الْعُيُونِ,ال,عيون,,1,1.0,1
لِيَأْكُلُوا,ل|ي,أكل,وا,1,1.0,1
عَمِلَتْهُ,,عمل,ت|ه,1,1.0,1
نَسْلَخُ,ن,سلخ,,1,1.0,1
مُظْلِمُونَ,,مظلم,ون,1,1.0,1
لِمُسْتَقَرٍّ,ل,مستقر,,1,1.0,1
قَدَّرْنَاهُ,,قدر,نا|ه,1,1.0,1
كَالْعُرْجُونِ,ك|ال,عرجون,,1,1.0,1
تُدْرِكَ,ت,درك,,1,1.0,1
سَابِقُ,,سابق,(null),1,1.0,1
وَخَلَقْنَا,و,خلق,نا,1,1.0,1
يَرْكَبُونَ,ي,ركب,و|ن,1,1.0,1
نُغْرِقْهُمْ,ن,غرق,هم,1,1.0,1
صَرِيخَ,,صريخ,,1,1.0,1
يُنْقَذُونَ,ي,نقذ,ون,1,1.0,1
خَلْفَكُمْ,,خلف,كم,1,1.0,1
أَنُطْعِمُ,أ|ن,طعم,,1,1.0,1
أَطْعَمَهُ,,أطعم,ه,1,1.0,1
تَأْخُذُهُمْ,ت,أخذ,هم,1,1.0,1
يَخِصِّمُونَ,ي,خصم,ون,1,1.0,1
تَوْصِيَةً,,توصي,ة|(null),1,1.0,1
بَعَثَنَا,,بعث,نا,1,1.0,1
مَرْقَدِنَا,,مرقد,نا,1,1.0,1
شُغُلٍ,,شغل,,1,1.0,1
فَاكِهُونَ,,فاكه,ون,1,1.0,1
وَأَزْوَاجُهُمْ,و,أزواج,هم,1,1.0,1
مُتَّكِئُونَ,,متكئ,ون,1,1.0,1
يَدَّعُونَ,ي,دع,ون,1,1.0,1
رَبٍّ,,رب,,1,1.0,1
وَامْتَازُوا,و,امتاز,وا,1,1.0,1
أَعْهَدْ,أ,عهد,,1,1.0,1
اعْبُدُونِي,,ا+عبد+و+ن,ي,1,1.0,1
جِبِلَّاً,,جبل,ا,1,1.0,1
نَخْتِمُ,ن,ختم,,1,1.0,1
وَتُكَلِّمُنَا,و|ت,كلم,نا,1,1.0,1
وَتَشْهَدُ,و|ت,شهد,,1,1.0,1
أَرْجُلُهُمْ,,أرجل,هم,1,1.0,1
لَطَمَسْنَا,,ل+طمس,نا,1,1.0,1
فَاسْتَبَقُوا,ف,استبق,وا,1,1.0,1
لَمَسَخْنَاهُمْ,,ل+مسخ,نا|هم,1,1.0,1
مَكَانَتِهِمْ,,مكان,ة|(null)|هم,1,1.0,1
مُضِيَّاً,,مضي,ا,1,1.0,1
نُعَمِّرْهُ,ن,عمر,ه,1,1.0,1
نُنَكِّسْهُ,ن,نكس,ه,1,1.0,1
الشِّعْرَ,ال,شعر,(null),1,1.0,1
وَقُرْآنٌ,و,قرآن,,1,1.0,1
وَيَحِقَّ,و|ي,حق,,1,1.0,1
مَالِكُونَ,,مالك,ون,1,1.0,1
وَذَلَّلْنَاهَا,و,ذلل,نا|ها,1,1.0,1
فَمِنْهَا,ف|من,ها,,1,1.0,1
رَكُوبُهُمْ,,ركوب,هم,1,1.0,1
وَمَشَارِبُ,و,مشارب,,1,1.0,1
نَصْرَهُمْ,,نصر,هم,1,1.0,1
رَمِيمٌ,,رميم,,1,1.0,1
يُحْيِيهَا,ي,حيي,ها,1,1.0,1
أَنْشَأَهَا,,أنشأ,ها,1,1.0,1
الْأَخْضَرِ,ال,أخضر,(null),1,1.0,1
تُوقِدُونَ,ت,وقد,ون,1,1.0,1
وَالصَّافَّاتِ,و|ال,صاف,ات,1,1.0,1
فَالزَّاجِرَاتِ,ف|ال,زاجر,ات,1,1.0,1
زَجْرَاً,,زجر,ا,1,1.0,1
فَالتَّالِيَاتِ,ف|ال,تالي,ات,1,1.0,1
إِلَهَكُمْ,,إله,كم,1,1.0,1
لَوَاحِدٌ,,ل+واحد,,1,1.0,1
الْكَوَاكِبِ,ال,كواكب,,1,1.0,1
مَارِدٍ,,مارد,,1,1.0,1
يَسَّمَّعُونَ,ي,سمع,ون,1,1.0,1
وَيُقْذَفُونَ,و|ي,قذف+ون+None+None,,1,1.0,1
جَانِبٍ,,جانب,,1,1.0,1
دُحُورَاً,,دحور,ا,1,1.0,1
وَاصِبٌ,,واصب,,1,1.0,1
خَطِفَ,,خطف,,1,1.0,1
الْخَطْفَةَ,ال,خطف,ة,1,1.0,1
ثَاقِبٌ,,ثاقب,,1,1.0,1
لَازِبٍ,,لازب,,1,1.0,1
عَجِبْتَ,,عجب,ت,1,1.0,1
يَسْتَسْخِرُونَ,ي,ستسخر,ون,1,1.0,1
احْشُرُوا,,احشر,وا,1,1.0,1
وَأَزْوَاجَهُمْ,و,أزواج,هم,1,1.0,1
فَاهْدُوهُمْ,ف,ا+هد,و|هم,1,1.0,1
وَقِفُوهُمْ,و,قف,و|هم,1,1.0,1
مَسْئُولُونَ,,مسئول,ون,1,1.0,1
تَنَاصَرُونَ,,تناصر+ون+None+None,,1,1.0,1
مُسْتَسْلِمُونَ,,مستسلم,ون,1,1.0,1
تَأْتُونَنَا,ت,أت+ون+نا+None+None,,1,1.0,1
لَذَائِقُونَ,,ل+ذائق,ون,1,1.0,1
فَأَغْوَيْنَاكُمْ,ف,أغوي+نا+كم+None,,1,1.0,1
غَاوِينَ,,غاو,ين,1,1.0,1
لَتَارِكُو,,ل+تارك,و,1,1.0,1
لِشَاعِرٍ,ل,شاعر,,1,1.0,1
لَذَائِقُو,,ل+ذائق,و,1,1.0,1
الْأَلِيمِ,ال,أليم,,1,1.0,1
رِزْقٌ,,رزق,,1,1.0,1
بِكَأْسٍ,ب,كأس,,1,1.0,1
غَوْلٌ,,غول,,1,1.0,1
يُنْزَفُونَ,ي,نزف,ون,1,1.0,1
بَيْضٌ,,بيض,,1,1.0,1
الْمُصَدِّقِينَ,ال,مصدق,ين,1,1.0,1
لَمَدِينُونَ,,ل+مدين,ون,1,1.0,1
مُطَّلِعُونَ,,مطلع,ون,1,1.0,1
فَاطَّلَعَ,ف,اطلع,,1,1.0,1
لَتُرْدِينِ,,ل+ت+ردي+ن+None,,1,1.0,1
نِعْمَةُ,,نعم,ة,1,1.0,1
أَفَمَا,أ|ف,ما,,1,1.0,1
بِمَيِّتِينَ,ب,ميت,ين,1,1.0,1
مَوْتَتَنَا,,موت,ت|نا,1,1.0,1
لِمِثْلِ,ل,مثل,,1,1.0,1
فَلْيَعْمَلِ,ف,ل+ي+عمل,,1,1.0,1
الْعَامِلُونَ,ال,عامل,ون,1,1.0,1
شَجَرَةُ,,شجر,ة|(null),1,1.0,1
شَجَرَةٌ,,شجر,ة|(null),1,1.0,1
أَصْلِ,,أصل,(null),1,1.0,1
لَشَوْبَاً,,ل+شوب,ا,1,1.0,1
مَرْجِعَهُمْ,,مرجع,هم,1,1.0,1
أَلْفَوْا,,ألف,وا,1,1.0,1
نَادَانَا,,نادا,نا,1,1.0,1
فَلَنِعْمَ,ف,ل+نعم,,1,1.0,1
الْمُجِيبُونَ,ال,مجيب,ون,1,1.0,1
لَإِبْرَاهِيمَ,,ل+إبراهيم,,1,1.0,1
أَئِفْكَاً,أ,ئفك+ا+None,,1,1.0,1
ظَنُّكُمْ,,ظن,كم,1,1.0,1
فَنَظَرَ,ف,نظر,,1,1.0,1
نَظْرَةً,,نظر,ة|(null),1,1.0,1
فَتَوَلَّوْا,ف,تول,وا,1,1.0,1
آلِهَتِهِمْ,ال,آله,ت|هم,1,1.0,1
فَأَقْبَلُوا,ف,أقبل,وا,1,1.0,1
يَزِفُّونَ,ي,زف,ون,1,1.0,1
تَنْحِتُونَ,ت,نحت+ون+None+None,,1,1.0,1
فَأَرَادُوا,ف,أراد,وا,1,1.0,1
ذَاهِبٌ,,ذاهب,,1,1.0,1
فَبَشَّرْنَاهُ,ف,بشر,نا|ه,1,1.0,1
حَلِيمٍ,,حليم,,1,1.0,1
السَّعْيَ,ال,سعي,(null),1,1.0,1
الْمَنَامِ,ال,منام,,1,1.0,1
أَذْبَحُكَ,أ,ذبح,ك,1,1.0,1
افْعَلْ,,أب+افعل,ت,1,1.0,1
إنْ,,إن,,1,1.0,1
أَسْلَمَا,,أسلم,ا,1,1.0,1
وَتَلَّهُ,و,تل,ه,1,1.0,1
لِلْجَبِينِ,ل|ال,جبين,,1,1.0,1
صَدَّقْتَ,,صدق,ت,1,1.0,1
الْبَلَاءُ,ال,بلاء,,1,1.0,1
وَفَدَيْنَاهُ,و,فدي+نا+ه+None,,1,1.0,1
بِذِبْحٍ,ب,ذبح,,1,1.0,1
وَبَشَّرْنَاهُ,و,بشر,نا|ه,1,1.0,1
وَبَارَكْنَا,و,بارك,نا,1,1.0,1
وَظَالِمٌ,و,ظالم,,1,1.0,1
وَنَجَّيْنَاهُمَا,و,نجي+نا+هما+None,,1,1.0,1
وَقَوْمَهُمَا,و,قوم+هما+None,,1,1.0,1
وَنَصَرْنَاهُمْ,و,نصر,نا|هم,1,1.0,1
وَآتَيْنَاهُمَا,و,آتي+نا+هما+None,,1,1.0,1
الْمُسْتَبِينَ,ال,مستبين,,1,1.0,1
وَهَدَيْنَاهُمَا,و,هدي+نا+هما+None,,1,1.0,1
إِنَّهُمَا,,إن+ه+ما,,1,1.0,1
إِلْيَاسَ,,إلياس,,1,1.0,1
أَتَدْعُونَ,أ|ت,دع+ون+None+None,,1,1.0,1
بَعْلَاً,,بعل,ا,1,1.0,1
وَرَبَّ,,و,رب,1,1.0,1
إِلْيَاسيْنَ,,آل+ياسين,,1,1.0,1
نَجَّيْنَاهُ,,نجي,نا|ه,1,1.0,1
لَتَمُرُّونَ,,ل+ت+مر+ون+None+None,,1,1.0,1
وَبِاللَّيْلِ,و|ب|ال,ليل,,1,1.0,1
أَبَقَ,,أبق,(null),1,1.0,1
فَسَاهَمَ,ف,ساهم,(null),1,1.0,1
الْمُدْحَضِينَ,ال,مدحض,ين,1,1.0,1
فَالْتَقَمَهُ,ف,التقم,ه,1,1.0,1
الْحُوتُ,ال,حوت,,1,1.0,1
الْمُسَبِّحِينَ,ال,مسبح,ين,1,1.0,1
لَلَبِثَ,ل|ال,بث,,1,1.0,1
فَنَبَذْنَاهُ,ف,نبذ,نا|ه,1,1.0,1
شَجَرَةً,,شجر,ة|(null),1,1.0,1
يَقْطِينٍ,,يقطين,,1,1.0,1
وَأَرْسَلْنَاهُ,و,أرسل,نا|ه,1,1.0,1
مِائَةِ,,مائ,ة,1,1.0,1
أَلْفٍ,,ألف,,1,1.0,1
يَزِيدُونَ,ي,زيد,ون,1,1.0,1
فَآمَنُوا,ف,آمن,وا,1,1.0,1
فَمَتَّعْنَاهُمْ,ف,متع,نا|هم,1,1.0,1
أَلِرَبِّكَ,أ|ل,رب,ك,1,1.0,1
شَاهِدُونَ,,شاهد,ون,1,1.0,1
إِفْكِهِمْ,,إفك,هم,1,1.0,1
أَصْطَفَى,أ,صطفى,,1,1.0,1
الْبَنِينَ,ال,بن,ين,1,1.0,1
بِكِتَابِكُمْ,ب,كتاب+كم+None+None,,1,1.0,1
عَلِمَتِ,,علم,ت,1,1.0,1
الْجِنَّةُ,ال,جن,ة,1,1.0,1
بِفَاتِنِينَ,ب,فاتن,ين,1,1.0,1
صَالِ,,صال,,1,1.0,1
مَقَامٌ,,مقام,(null),1,1.0,1
الصَّافُّونَ,ال,صاف,ون,1,1.0,1
الْمُسَبِّحُونَ,ال,مسبح,ون,1,1.0,1
كَلِمَتُنَا,,كلم,ت|نا,1,1.0,1
لِعِبَادِنَا,ل,عباد,نا,1,1.0,1
الْمَنْصُورُونَ,ال,منصور,ون,1,1.0,1
جُنْدَنَا,,جند,نا,1,1.0,1
وَأَبْصِرْهُمْ,و,أبصر,هم,1,1.0,1
بِسَاحَتِهِمْ,ب,ساح,ت|هم,1,1.0,1
صَبَاحُ,,صباح,(null),1,1.0,1
وَتَوَلَّ,و,تول,,1,1.0,1
الْعِزَّةِ,ال,عز,ة,1,1.0,1
ص,,ص,,1,1.0,1
عِزَّةٍ,,عز,ة,1,1.0,1
وَشِقَاقٍ,و,شقاق,,1,1.0,1
وَلَاتَ,و,لات,,1,1.0,1
مَنَاصٍ,,مناص,,1,1.0,1
وَعَجِبُوا,و,عجب,وا,1,1.0,1
أَجَعَلَ,أ,جعل,,1,1.0,1
الْآلِهَةَ,ال,آله,ة,1,1.0,1
عُجَابٌ,,عجاب,,1,1.0,1
وَانْطَلَقَ,و,انطلق,,1,1.0,1
امْشُوا,,ا+مش,وا,1,1.0,1
آلِهَتِكُمْ,,آله,ت|كم,1,1.0,1
يُرَادُ,ي,راد,,1,1.0,1
الْمِلَّةِ,ال,مل,ة,1,1.0,1
اخْتِلَاقٌ,,اختلاق,,1,1.0,1
أَأُنْزِلَ,أ,أنزل,,1,1.0,1
يَذُوقُوا,ي,ذوق,وا,1,1.0,1
الْوَهَّابِ,ال,وهاب,,1,1.0,1
فَلْيَرْتَقُوا,,ف+ل+ي+رتق,وا,1,1.0,1
الْأَسْبَابِ,ال,أسباب,(null),1,1.0,1
مَهْزُومٌ,,مهزوم,,1,1.0,1
فَوَاقٍ,,فواق,,1,1.0,1
عَجِّلْ,,عجل,,1,1.0,1
قِطَّنَا,,قط,نا,1,1.0,1
اصْبِرْ,,اصبر,,1,1.0,1
الْأَيْدِ,ال,أيد,,1,1.0,1
سَخَّرْنَا,,سخر,نا,1,1.0,1
وَالْإِشْرَاقِ,و|ال,إشراق,(null),1,1.0,1
مَحْشُورَةً,,محشور,ة,1,1.0,1
وَفَصْلَ,و,فصل,,1,1.0,1
الْخَصْمِ,ال,خصم,(null),1,1.0,1
تَسَوَّرُوا,,تسور,وا,1,1.0,1
بَغَى,,بغى,,1,1.0,1
تُشْطِطْ,ت,شطط,,1,1.0,1
وَاهْدِنَا,و,ا+هد,نا,1,1.0,1
تِسْعٌ,,تسع,,1,1.0,1
وَتِسْعُونَ,و,تسع,ون,1,1.0,1
نَعْجَةً,,نعج,ة,1,1.0,1
نَعْجَةٌ,,نعج,ة,1,1.0,1
أَكْفِلْنِيهَا,,أ+كفل+ن,ي|ها,1,1.0,1
وَعَزَّنِي,و,عز+ن,ي,1,1.0,1
ظَلَمَكَ,,ظلم,ك,1,1.0,1
بِسُؤَالِ,ب,سؤال,,1,1.0,1
نَعْجَتِكَ,,نعج,ت|ك,1,1.0,1
نِعَاجِهِ,,نعاج,ه,1,1.0,1
الْخُلَطَاءِ,ال,خلطاء,,1,1.0,1
لَيَبْغِي,ل|ي,بغي,,1,1.0,1
فَتَنَّاهُ,,فت,نا|ه,1,1.0,1
فَاسْتَغْفَرَ,ف,استغفر,,1,1.0,1
رَاكِعَاً,,راكع,ا,1,1.0,1
وَأَنَابَ,و,أناب,,1,1.0,1
فَغَفَرْنَا,ف,غفر,نا,1,1.0,1
يَادَاوُودُ,يا,داوود,,1,1.0,1
تَتَّبِعِ,ت,تبع,,1,1.0,1
فَيُضِلَّكَ,ف|ي,ضل,ك,1,1.0,1
يَضِلُّونَ,ي,ضل,ون,1,1.0,1
كَالْمُفْسِدِينَ,ك|ال,مفسد,ين,1,1.0,1
كَالْفُجَّارِ,ك|ال,فجار,,1,1.0,1
لِيَدَّبَّرُوا,ل|ي,دبر,وا,1,1.0,1
وَلِيَتَذَكَّرَ,و|ل|ي,تذكر,,1,1.0,1
لِدَاوُودَ,ل,داوود,,1,1.0,1
عُرِضَ,,عرض,,1,1.0,1
الصَّافِنَاتُ,ال,صافن,ات,1,1.0,1
الْجِيَادُ,ال,جياد,(null),1,1.0,1
أَحْبَبْتُ,,أحبب,ت,1,1.0,1
حُبَّ,,حب,(null),1,1.0,1
تَوَارَتْ,,توار,ت,1,1.0,1
بِالْحِجَابِ,ب|ال,حجاب,,1,1.0,1
فَطَفِقَ,ف,طفق,,1,1.0,1
مَسْحَاً,,مسح,ا,1,1.0,1
بِالسُّوقِ,ب|ال,سوق,,1,1.0,1
وَالْأَعْنَاقِ,و|ال,أعناق,,1,1.0,1
كُرْسِيِّهِ,,كرسي,ه,1,1.0,1
فَسَخَّرْنَا,ف,سخر,نا,1,1.0,1
رُخَاءً,,رخاء,,1,1.0,1
بَنَّاءٍ,,بناء,,1,1.0,1
وَغَوَّاصٍ,و,غواص,,1,1.0,1
عَطَاؤُنَا,,عطاؤ,نا,1,1.0,1
فَامْنُنْ,,ف+ا+منن,,1,1.0,1
أَيُّوبَ,,أيوب,,1,1.0,1
بِنُصْبٍ,ب,نصب,,1,1.0,1
وَعَذَابٍ,و,عذاب,,1,1.0,1
ارْكُضْ,,ا+ركض,,1,1.0,1
بِرِجْلِكَ,ب,رجل,ك,1,1.0,1
مُغْتَسَلٌ,,مغتسل,,1,1.0,1
بَارِدٌ,,بارد,(null),1,1.0,1
وَشَرَابٌ,و,شراب,,1,1.0,1
وَخُذْ,و,خذ,(null),1,1.0,1
ضِغْثَاً,,ضغث,ا,1,1.0,1
تَحْنَثْ,ت,حنث,,1,1.0,1
وَجَدْنَاهُ,,وجد,نا|ه,1,1.0,1
عِبَادَنَا,,عباد,نا,1,1.0,1
الْأَيْدِي,ال,أيدي,,1,1.0,1
وَالْأَبْصَارِ,و|ال,أبصار,,1,1.0,1
أَخْلَصْنَاهُمْ,,أخلص,نا|هم,1,1.0,1
بِخَالِصَةٍ,ب,خالص,ة,1,1.0,1
الْمُصْطَفَيْنَ,ال,مصطف,ين,1,1.0,1
لَحُسْنَ,ل,حسن,,1,1.0,1
مُفَتَّحَةً,,مفتح,ة,1,1.0,1
الْأَبْوَابُ,ال,أبواب,,1,1.0,1
وَشَرَابٍ,و,شراب,,1,1.0,1
أَتْرَابٌ,,أتراب,,1,1.0,1
لَرِزْقُنَا,,ل+رزق,نا,1,1.0,1
نَفَادٍ,,نفاد,,1,1.0,1
لَشَرَّ,,ل+شر,,1,1.0,1
فَلْيَذُوقُوهُ,,ف+ل+ي+ذوق,و|ه,1,1.0,1
وَغَسَّاقٌ,و,غساق,,1,1.0,1
وَآخَرُ,و,آخر,,1,1.0,1
شَكْلِهِ,,شكل,ه,1,1.0,1
مُقْتَحِمٌ,,مقتحم,,1,1.0,1
صَالُو,,صال,و,1,1.0,1
قَدَّمْتُمُوهُ,,قدم+تم+و,ه,1,1.0,1
فَزِدْهُ,ف,زد,ه,1,1.0,1
نَعُدُّهُمْ,ن,عد,هم,1,1.0,1
الْأَشْرَارِ,ال,أشرار,,1,1.0,1
أَتَّخَذْنَاهُمْ,أ,تخذ,نا|هم,1,1.0,1
زَاغَتْ,,زاغ,ت,1,1.0,1
تَخَاصُمُ,,تخاصم,,1,1.0,1
نَبَأٌ,,نبأ,,1,1.0,1
بِالْمَلَإِ,ب|ال,ملإ,,1,1.0,1
اسْتَكْبَرَ,,استكبر,,1,1.0,1
بِيَدَيَّ,ب,يد,ي,1,1.0,1
أَسْتَكْبَرْتَ,أ,ستكبر,ت,1,1.0,1
الْعَالِينَ,ال,عال,ين,1,1.0,1
لَعْنَتِي,,لعن,ت|ي,1,1.0,1
فَبِعِزَّتِكَ,ف|ب,عز,ت|ك,1,1.0,1
لَأُغْوِيَنَّهُمْ,,ل+أ+غوي+ن,هم,1,1.0,1
فَالْحَقُّ,ف|ال,حق,,1,1.0,1
وَالْحَقَّ,و|ال,حق,(null),1,1.0,1
الْمُتَكَلِّفِينَ,ال,متكلف,ين,1,1.0,1
نَبَأَهُ,,نبأ,ه,1,1.0,1
فَاعْبُدِ,ف,ا+عبد,,1,1.0,1
الْخَالِصُ,ال,خالص,,1,1.0,1
نَعْبُدُهُمْ,ن,عبد,هم,1,1.0,1
لِيُقَرِّبُونَا,ل|ي,قرب,و|نا,1,1.0,1
لَاصْطَفَى,,ل+اصطفى,,1,1.0,1
يُكَوِّرُ,ي,كور,,1,1.0,1
وَيُكَوِّرُ,و|ي,كور,,1,1.0,1
يَخْلُقُكُمْ,ي,خلق,كم,1,1.0,1
ثَلَاثٍ,,ثلاث,(null),1,1.0,1
تَشْكُرُوا,ت,شكر,وا,1,1.0,1
يَرْضَهُ,ي,رض,ه,1,1.0,1
مُنِيبَاً,,منيب,ا,1,1.0,1
خَوَّلَهُ,,خول,ه,1,1.0,1
نَسِيَ,,نسي,,1,1.0,1
تَمَتَّعْ,,تمتع,,1,1.0,1
بِكُفْرِكَ,ب,كفر,ك,1,1.0,1
قَانِتٌ,,قانت,,1,1.0,1
سَاجِدَاً,,ساجد,ا,1,1.0,1
وَقَائِمَاً,و,قائم,ا,1,1.0,1
وَيَرْجُو,و|ي,رجو,,1,1.0,1
رَحْمَةَ,,رحم,ة,1,1.0,1
وَأَرْضُ,و,أرض,(null),1,1.0,1
يُوَفَّى,ي,وفى,,1,1.0,1
لِأَنْ,ل,أن,,1,1.0,1
فَاعْبُدُوا,ف,اعبد,وا,1,1.0,1
اجْتَنَبُوا,,اجتنب,وا,1,1.0,1
يَعْبُدُوهَا,ي,عبد,و|ها,1,1.0,1
وَأَنَابُوا,و,أناب,وا,1,1.0,1
فَبَشِّرْ,,ف+بشر,,1,1.0,1
عِبَادِ,,عباد,,1,1.0,1
أَحْسَنَهُ,,أحسن,ه,1,1.0,1
هَدَاهُمُ,,هدا,هم,1,1.0,1
تُنْقِذُ,ت,نقذ,,1,1.0,1
مَبْنِيَّةٌ,,مبني,ة|(null),1,1.0,1
فَسَلَكَهُ,ف,سلك+ه+None+None,,1,1.0,1
يَنَابِيعَ,,ينابيع,,1,1.0,1
لِلْقَاسِيَةِ,ل|ال,قاسي,ة,1,1.0,1
مَثَانِيَ,,مثاني,,1,1.0,1
تَقْشَعِرُّ,ت,قشعر,,1,1.0,1
جُلُودُ,,جلود,,1,1.0,1
تَلِينُ,ت,لين,,1,1.0,1
يَتَّقِي,ي,تقي,,1,1.0,1
بِوَجْهِهِ,ب,وجه,ه,1,1.0,1
فَأَذَاقَهُمُ,ف,أذاق,هم,1,1.0,1
عِوَجٍ,,عوج,(null),1,1.0,1
مُتَشَاكِسُونَ,,متشاكس,ون,1,1.0,1
وَرَجُلَاً,و,رجل,ا,1,1.0,1
سَلَمَاً,,سلم,ا,1,1.0,1
مَيِّتٌ,,ميت,,1,1.0,1
مَيِّتُونَ,,ميت,ون,1,1.0,1
تَخْتَصِمُونَ,ت,ختصم,ون,1,1.0,1
لِيُكَفِّرَ,ل|ي,كفر,,1,1.0,1
وَيَجْزِيَهُمْ,و|ي,جزي,هم,1,1.0,1
بِكَافٍ,ب,كاف,,1,1.0,1
وَيُخَوِّفُونَكَ,و|ي,خوف+ون+ك+None+None,,1,1.0,1
مُضِلٍّ,,مضل,,1,1.0,1
أَرَادَنِيَ,,أراد+ن,ي,1,1.0,1
كَاشِفَاتُ,,كاشف,ات,1,1.0,1
ضُرِّهِ,,ضر,ه,1,1.0,1
أَرَادَنِي,,أراد+ن,ي,1,1.0,1
مُمْسِكَاتُ,,ممسك,ات,1,1.0,1
يَتَوَكَّلُ,ي,توكل,,1,1.0,1
الْأَنْفُسَ,ال,أنفس,(null),1,1.0,1
تَمُتْ,ت,مت,,1,1.0,1
مَنَامِهَا,,منام,ها,1,1.0,1
فَيُمْسِكُ,ف|ي,مسك,,1,1.0,1
اشْمَأَزَّتْ,,اشمأز,ت,1,1.0,1
عَالِمَ,,عالم,(null),1,1.0,1
تَحْكُمُ,ت,حكم,,1,1.0,1
يَحْتَسِبُونَ,ي,حتسب,ون,1,1.0,1
خَوَّلْنَاهُ,,خول,نا|ه,1,1.0,1
أُوتِيْتُهُ,,أوتي,ت|ه,1,1.0,1
قَالَهَا,,قال,ها,1,1.0,1
سَيُصِيبُهُمْ,,س+ي+صيب,هم,1,1.0,1
أَسْرَفُوا,,أسرف,وا,1,1.0,1
تَقْنَطُوا,ت,قنط,وا,1,1.0,1
وَأَنِيبُوا,و,أنيب,وا,1,1.0,1
وَأَسْلِمُوا,و,أسلم,وا,1,1.0,1
وَاتَّبِعُوا,و,اتبع,وا,1,1.0,1
يَاحَسْرَتَا,يا,حسر,ة|ا,1,1.0,1
فَرَّطْتُ,,فرط,ت,1,1.0,1
جَنْبِ,,جنب,,1,1.0,1
السَّاخِرِينَ,ال,ساخر,ين,1,1.0,1
فَأَكُونَ,ف|أ,كون,,1,1.0,1
جَاءَتْكَ,,جاء,ت|ك,1,1.0,1
فَكَذَّبْتَ,ف,كذب,ت,1,1.0,1
وَاسْتَكْبَرْتَ,و,استكبر,ت,1,1.0,1
مُسْوَدَّةٌ,,مسود,ة,1,1.0,1
لِلْمُتَكَبِّرِينَ,ل|ال,متكبر,ين,1,1.0,1
وَيُنَجِّي,و|ي,نجي,,1,1.0,1
بِمَفَازَتِهِمْ,ب,مفاز,ة|هم,1,1.0,1
تَأْمُرُونِّي,ت,أمر+ون+ي+None+None+None,,1,1.0,1
أَشْرَكْتَ,,أشرك,ت,1,1.0,1
لَيَحْبَطَنَّ,,ل+ي+حبط+ن,,1,1.0,1
عَمَلُكَ,,عمل,ك,1,1.0,1
وَلَتَكُونَنَّ,و,ل+ت+كون+ن,,1,1.0,1
فَاعْبُدْ,ف,ا+عبد,,1,1.0,1
قَبْضَتُهُ,,قبض,ت|ه,1,1.0,1
مَطْوِيَّاتٌ,,مطوي,ات,1,1.0,1
فَصَعِقَ,ف,صعق,,1,1.0,1
قِيَامٌ,,قيام,,1,1.0,1
وَأَشْرَقَتِ,و,أشرق,ت,1,1.0,1
بِنُورِ,ب,نور,,1,1.0,1
بِالنَّبِيِّينَ,ب|ال,نبي,ين,1,1.0,1
وَفُتِحَتْ,و,فتح,ت,1,1.0,1
طِبْتُمْ,,طب,تم,1,1.0,1
فَادْخُلُوهَا,ف,ادخل,و|ها,1,1.0,1
صَدَقَنَا,,صدق,نا,1,1.0,1
وَأَوْرَثَنَا,و,أورث,نا,1,1.0,1
نَتَبَوَّأُ,ن,تبوأ,,1,1.0,1
حَافِّينَ,,حاف,ين,1,1.0,1
حَوْلِ,,حول,(null),1,1.0,1
غَافِرِ,,غافر,,1,1.0,1
الذَّنْبِ,ال,ذنب,,1,1.0,1
وَقَابِلِ,و,قابل,,1,1.0,1
التَّوْبِ,ال,توب,,1,1.0,1
شَدِيدِ,,شديد,(null),1,1.0,1
يَغْرُرْكَ,ي,غرر,ك,1,1.0,1
تَقَلُّبُهُمْ,,تقلب,هم,1,1.0,1
وَالْأَحْزَابُ,و|ال,والأحزاب+(null)+None,,1,1.0,1
وَهَمَّتْ,و,هم+ت+None,,1,1.0,1
بِرَسُولِهِمْ,ب,رسول+هم+None,,1,1.0,1
لِيَأْخُذُوهُ,ل|ي,أخذ,و|ه,1,1.0,1
وَجَادَلُوا,و,جادل,وا,1,1.0,1
فَأَخَذْتُهُمْ,ف,أخذ,ت|هم,1,1.0,1
الْعَرْشَ,ال,عرش,,1,1.0,1
وَيُؤْمِنُونَ,و|ي,ؤمن+ون+None+None,,1,1.0,1
وَسِعْتَ,,وسع,ت,1,1.0,1
سَبِيلَكَ,,سبيل,ك,1,1.0,1
وَقِهِمْ,و,ق,هم,1,1.0,1
وَأَدْخِلْهُمْ,و,أدخل,هم,1,1.0,1
وَعَدْتَهُمْ,,وعد,ت|هم,1,1.0,1
وَقِهِمُ,و,ق,هم,1,1.0,1
تَقِ,ت,ق,,1,1.0,1
رَحِمْتَهُ,,رحم,ت|ه,1,1.0,1
لَمَقْتُ,,ل+مقت,,1,1.0,1
مَقْتِكُمْ,,مقت,كم,1,1.0,1
فَتَكْفُرُونَ,ف|ت,كفر+ون+None+None,,1,1.0,1
أَمَتَّنَا,,أمت+نا+None+None,,1,1.0,1
وَأَحْيَيْتَنَا,و,أحيي,ت|نا,1,1.0,1
فَاعْتَرَفْنَا,ف,اعترف,نا,1,1.0,1
بِذُنُوبِنَا,ب,ذنوب,نا,1,1.0,1
خُرُوجٍ,,خروج,(null),1,1.0,1
دُعِيَ,,دعي,,1,1.0,1
يُشْرَكْ,ي,شرك,,1,1.0,1
فَالْحُكْمُ,ف|ال,حكم,,1,1.0,1
الْعَلِيِّ,ال,علي,,1,1.0,1
الْكَبِيرِ,ال,كبير,,1,1.0,1
يُرِيكُمْ,ي,ري,كم,1,1.0,1
رَفِيعُ,,رفيع,(null),1,1.0,1
الدَّرَجَاتِ,ال,درج,ات,1,1.0,1
الرُّوحَ,ال,روح,,1,1.0,1
التَّلَاقِ,ال,تلاق,,1,1.0,1
بَارِزُونَ,,بارز,ون,1,1.0,1
ظُلْمَ,,ظلم,,1,1.0,1
الْآزِفَةِ,ال,آزف+ة+None,,1,1.0,1
الْحَنَاجِرِ,ال,حناجر,,1,1.0,1
كَاظِمِينَ,,كاظم,ين,1,1.0,1
يُطَاعُ,ي,طاع,,1,1.0,1
خَائِنَةَ,,خائن,ة,1,1.0,1
الْأَعْيُنِ,ال,أعين,,1,1.0,1
الصُّدُورُ,ال,صدور,,1,1.0,1
يَقْضُونَ,ي,قض,ون,1,1.0,1
أَبْنَاءَ,,أبناء,,1,1.0,1
وَاسْتَحْيُوا,و,استحي,وا,1,1.0,1
ذَرُونِي,,ذر+ون+None,ي,1,1.0,1
أَقْتُلْ,أ,قتل,,1,1.0,1
وَلْيَدْعُ,و,ل+ي+دع,,1,1.0,1
يُبَدِّلَ,ي,بدل,,1,1.0,1
يُظْهِرَ,ي,ظهر,,1,1.0,1
يَكْتُمُ,ي,كتم,,1,1.0,1
إِيمَانَهُ,,إيمان,ه,1,1.0,1
أَتَقْتُلُونَ,أ|ت,قتل+ون+None+None,,1,1.0,1
كَذِبُهُ,,كذب,ه,1,1.0,1
صَادِقَاً,,صادق,ا,1,1.0,1
يُصِبْكُمْ,ي,صب,كم,1,1.0,1
يَنْصُرُنَا,ي,نصر,نا,1,1.0,1
بَأْسِ,,بأس,,1,1.0,1
أُرِيكُمْ,أ,ري,كم,1,1.0,1
أَهْدِيكُمْ,أ,هدي,كم,1,1.0,1
الرَّشَادِ,ال,رشاد,,1,1.0,1
دَأْبِ,,دأب,,1,1.0,1
التَّنَادِ,ال,تناد,,1,1.0,1
تُوَلُّونَ,ت,ول+ون+None+None+None,,1,1.0,1
زِلْتُمْ,,زل,تم,1,1.0,1
مُرْتَابٌ,,مرتاب,,1,1.0,1
قَلْبِ,,قلب,,1,1.0,1
يَاهَامَانُ,يا,هامان,,1,1.0,1
أَبْلُغُ,أ,بلغ,,1,1.0,1
الْأَسْبَابَ,ال,أسباب,(null),1,1.0,1
أَسْبَابَ,,أسباب,(null),1,1.0,1
فَأَطَّلِعَ,ف|أ,طلع,,1,1.0,1
وَصُدَّ,و,صد,,1,1.0,1
تَبَابٍ,,تباب,,1,1.0,1
اتَّبِعُونِ,,قوم+تبع+(null)+و+None+ن+None+None+None+None,,1,1.0,1
أَهْدِكُمْ,أ,هد,كم,1,1.0,1
الرشاد,ال,رشاد,,1,1.0,1
الْقَرَارِ,ال,قرار,(null),1,1.0,1
النَّجَاةِ,ال,نجا,ة,1,1.0,1
وَتَدْعُونَنِي,و|ت,دع+ون+ن+ي+None+None,,1,1.0,1
لِأَكْفُرَ,ل|أ,كفر,,1,1.0,1
وَأُشْرِكَ,و|أ,شرك,,1,1.0,1
الْغَفَّارِ,ال,غفار,,1,1.0,1
دَعْوَةٌ,,دعو,ة|(null),1,1.0,1
مَرَدَّنَا,,مرد,نا,1,1.0,1
فَسَتَذْكُرُونَ,,ف+س+ت+ذكر+ون+None+None,,1,1.0,1
وَأُفَوِّضُ,و|أ,فوض,,1,1.0,1
فَوَقَاهُ,ف,وقا+ه+None+None,,1,1.0,1
سَيِّئَاتِ,,سيئ,ات,1,1.0,1
بِآلِ,ب,آل,,1,1.0,1
غُدُوَّاً,,غدو,ا,1,1.0,1
أَدْخِلُوا,,أ+دخل,وا,1,1.0,1
يَتَحَاجُّونَ,ي,تحاج,ون,1,1.0,1
حَكَمَ,,حكم,,1,1.0,1
لِخَزَنَةِ,ل,خزن,ة,1,1.0,1
يُخَفِّفْ,ي,خفف,,1,1.0,1
رُسُلُكُمْ,,رسل,كم,1,1.0,1
لَنَنْصُرُ,,ل+ن+نصر,,1,1.0,1
كِبْرٌ,,كبر,,1,1.0,1
بِبَالِغِيهِ,ب,بالغ,ي|ه,1,1.0,1
لَخَلْقُ,ل,خلق,,1,1.0,1
الْمُسِيءُ,ال,مسيء,,1,1.0,1
ادْعُونِي,,ادع+و+ن,ي,1,1.0,1
أَسْتَجِبْ,أ,ستجب,,1,1.0,1
عِبَادَتِي,,عباد,ة|ي,1,1.0,1
سَيَدْخُلُونَ,,س+ي+دخل+ون+None+None,,1,1.0,1
جَاءَنِيَ,,جاء+ن,ي,1,1.0,1
أُسْلِمَ,أ,سلم,,1,1.0,1
يُخْرِجُكُمْ,ي,خرج,كم,1,1.0,1
شُيُوخَاً,,شيوخ,ا,1,1.0,1
يُصْرَفُونَ,ي,صرف,ون,1,1.0,1
وَالسَّلَاسِلُ,و|ال,سلاسل,,1,1.0,1
يُسْجَرُونَ,ي,سجر,ون,1,1.0,1
تَمْرَحُونَ,ت,مرح,ون,1,1.0,1
نَقْصُصْ,ن,قصص,,1,1.0,1
الْأَنْعَامَ,ال,أنعام,,1,1.0,1
لِتَرْكَبُوا,ل|ت,ركب,وا,1,1.0,1
فَأَيَّ,ف,أي,,1,1.0,1
تُنْكِرُونَ,ت,نكر,ون,1,1.0,1
وَكَفَرْنَا,و,كفر,نا,1,1.0,1
أَكِنَّةٍ,,أكن,ة,1,1.0,1
آذَانِنَا,,آذان,نا,1,1.0,1
فَاعْمَلْ,,ف+ا+عمل,,1,1.0,1
وَاسْتَغْفِرُوهُ,و,استغفر,و|ه,1,1.0,1
لَتَكْفُرُونَ,,ل+ت+كفر+ون+None+None,,1,1.0,1
وَبَارَكَ,و,بارك,,1,1.0,1
أَقْوَاتَهَا,,أقوات,ها,1,1.0,1
دُخَانٌ,,دخان,,1,1.0,1
وَلِلْأَرْضِ,و|ل|ال,أرض,(null),1,1.0,1
ائْتِيَا,,ا+ئتي+ا+None,,1,1.0,1
طَائِعِينَ,,طائع,ين,1,1.0,1
فَقَضَاهُنَّ,ف,قضا+هن+None,,1,1.0,1
سَمَاءٍ,,سماء,(null),1,1.0,1
أَمْرَهَا,,أمر,ها,1,1.0,1
وَزَيَّنَّا,و,زي+نا+None,,1,1.0,1
أَنْذَرْتُكُمْ,,أنذر,ت|كم,1,1.0,1
صَاعِقَةً,,صاعق,ة,1,1.0,1
صَاعِقَةِ,,صاعق,ة,1,1.0,1
نَحِسَاتٍ,,نحس,ات,1,1.0,1
لِنُذِيقَهُمْ,ل|ن,ذيق,هم,1,1.0,1
أَخْزَى,,أخزى,,1,1.0,1
فَهَدَيْنَاهُمْ,ف,هدي,نا|هم,1,1.0,1
فَاسْتَحَبُّوا,ف,استحب,وا,1,1.0,1
الْعَمَى,ال,عمى,,1,1.0,1
فَأَخَذَتْهُمْ,ف,أخذ,ت|هم,1,1.0,1
صَاعِقَةُ,,صاعق,ة,1,1.0,1
وَنَجَّيْنَا,و,نجي,نا,1,1.0,1
يُحْشَرُ,ي,حشر,,1,1.0,1
أَعْدَاءُ,,أعداء,,1,1.0,1
وَأَبْصَارُهُمْ,و,أبصار,هم,1,1.0,1
وَجُلُودُهُمْ,و,جلود,هم,1,1.0,1
لِجُلُودِهِمْ,ل,جلود,هم,1,1.0,1
شَهِدْتُمْ,,شهد,تم,1,1.0,1
أَنْطَقَنَا,,أنطق,نا,1,1.0,1
أَنْطَقَ,,أنطق,,1,1.0,1
تَسْتَتِرُونَ,ت,ستتر,ون,1,1.0,1
يَشْهَدَ,ي,شهد,,1,1.0,1
سَمْعُكُمْ,,سمع,كم,1,1.0,1
أَبْصَارُكُمْ,,أبصار,كم,1,1.0,1
جُلُودُكُمْ,,جلود,كم,1,1.0,1
وَذَلِكُمْ,و,ذلك+م,,1,1.0,1
ظَنُّكُمُ,,ظن,كم,1,1.0,1
أَرْدَاكُمْ,,أردا,كم,1,1.0,1
يَصْبِرُوا,ي,صبر,وا,1,1.0,1
يَسْتَعْتِبُوا,ي,ستعتب,وا,1,1.0,1
الْمُعْتَبِينَ,ال,معتب,ين,1,1.0,1
وَقَيَّضْنَا,و,قيض,نا,1,1.0,1
قُرَنَاءَ,,قرناء,,1,1.0,1
فَزَيَّنُوا,ف,زين,وا,1,1.0,1
وَحَقَّ,و,حق,,1,1.0,1
تَسْمَعُوا,ت,تسمع,وا,1,1.0,1
وَالْغَوْا,و,ا+لغ,وا,1,1.0,1
تَغْلِبُونَ,ت,غلب,ون,1,1.0,1
فَلَنُذِيقَنَّ,ف,ل+ن+ذيق+ن,,1,1.0,1
أَعْدَاءِ,,أعداء,,1,1.0,1
اللَّذَيْنِ,,اللذين,,1,1.0,1
أَضَلَّانَا,,أضل,ا|نا,1,1.0,1
نَجْعَلْهُمَا,ن,جعل,هما,1,1.0,1
أَقْدَامِنَا,,أقدام,نا,1,1.0,1
لِيَكُونَا,ل|ي,كون,ا,1,1.0,1
تَتَنَزَّلُ,ت,تنزل,,1,1.0,1
تَخَافُوا,ت,خاف,وا,1,1.0,1
وَأَبْشِرُوا,و,أبشر,وا,1,1.0,1
بِالْجَنَّةِ,ب|ال,جن,ة,1,1.0,1
أَوْلِيَاؤُكُمْ,,أولياؤ,كم,1,1.0,1
تَشْتَهِي,ت,شتهي,,1,1.0,1
غَفُورٍ,,غفور,,1,1.0,1
السَّيِّئَةُ,ال,سيئ,ة,1,1.0,1
عَدَاوَةٌ,,عداو,ة,1,1.0,1
وَالنَّهَارُ,و|ال,نهار,,1,1.0,1
تَسْجُدُوا,ت,سجد,وا,1,1.0,1
لِلْقَمَرِ,ل|ال,قمر,,1,1.0,1
يَسْأَمُونَ,ي,سأم,ون,1,1.0,1
يَخْفَوْنَ,ي,خف,ون,1,1.0,1
بِالذِّكْرِ,ب|ال,ذكر,(null),1,1.0,1
لَكِتَابٌ,ل,كتاب,,1,1.0,1
حَمِيدٍ,,حميد,,1,1.0,1
لِلرُّسُلِ,ل|ال,رسل,,1,1.0,1
وَذُو,و,ذو,,1,1.0,1
عِقَابٍ,,عقاب,,1,1.0,1
أَعْجَمِيَّاً,,أعجم+ي,ا,1,1.0,1
أَأَعْجَمِيٌّ,أ,أعجم+ي+None,,1,1.0,1
وَعَرَبِيٌّ,و,عرب+ي,,1,1.0,1
عَمَىً,,عمى,,1,1.0,1
أَكْمَامِهَا,,أكمام,ها,1,1.0,1
شُرَكَائِي,,شركائ,ي,1,1.0,1
آذَنَّاكَ,,آذن,نا|ك,1,1.0,1
شَهِيدٍ,,شهيد,,1,1.0,1
يَسْأَمُ,ي,سأم,,1,1.0,1
فَيَئُوسٌ,ف,يئوس,,1,1.0,1
قَنُوطٌ,,قنوط,,1,1.0,1
رُجِعْتُ,,رجع,ت,1,1.0,1
لَلْحُسْنَى,ل|ال,حسنى,,1,1.0,1
فَلَنُنَبِّئَنَّ,ف,ل+ن+نبئ+ن,,1,1.0,1
فَذُو,ف,ذو,,1,1.0,1
دُعَاءٍ,,دعاء,,1,1.0,1
عَرِيضٍ,,عريض,,1,1.0,1
سَنُرِيهِمْ,,س+ن+ري,هم,1,1.0,1
الْآفَاقِ,ال,آفاق,,1,1.0,1
يَكْفِ,ي,كف,,1,1.0,1
لِقَاءِ,,لقاء,(null),1,1.0,1
عسق,,عسق,,1,1.0,1
فَوْقِهِنَّ,,فوق,هن,1,1.0,1
وَفَرِيقٌ,و,فريق,,1,1.0,1
لَجَعَلَهُمْ,ل,جعل,هم,1,1.0,1
وَالظَّالِمُونَ,و|ال,ظالم,ون,1,1.0,1
اخْتَلَفْتُمْ,,اختلف,تم,1,1.0,1
فَحُكْمُهُ,,ف+حكم,ه,1,1.0,1
فَاطِرُ,,فاطر,,1,1.0,1
يَذْرَؤُكُمْ,ي,ذرؤ+كم+None,,1,1.0,1
كَمِثْلِهِ,ك,مثل+ه+None,,1,1.0,1
شَرَعَ,,شرع,(null),1,1.0,1
وَصَّى,,وصى,,1,1.0,1
تَتَفَرَّقُوا,ت,تفرق,وا,1,1.0,1
أُورِثُوا,,أورث,وا,1,1.0,1
فَلِذَلِكَ,ف|ل,ذلك,,1,1.0,1
وَاسْتَقِمْ,و,استقم,,1,1.0,1
لِأَعْدِلَ,ل|أ,عدل,,1,1.0,1
حُجَّةَ,,حج,ة,1,1.0,1
يُحَاجُّونَ,ي,حاج,ون,1,1.0,1
اسْتُجِيبَ,,استجيب,,1,1.0,1
حُجَّتُهُمْ,,حج,ت|هم,1,1.0,1
دَاحِضَةٌ,,داحض,ة,1,1.0,1
وَعَلَيْهِمْ,و|علي,هم,,1,1.0,1
يُمَارُونَ,ي,مار,و|ن,1,1.0,1
حَرْثِهِ,,حرث,ه,1,1.0,1
نَصِيبٍ,,نصيب,(null),1,1.0,1
شَرَعُوا,,شرع,وا,1,1.0,1
يَأْذَنْ,ي,أذن,,1,1.0,1
رَوْضَاتِ,,روض,ات,1,1.0,1
الْجَنَّاتِ,ال,جن,ات,1,1.0,1
يُبَشِّرُ,ي,بشر,,1,1.0,1
الْمَوَدَّةَ,ال,مود,ة,1,1.0,1
يَقْتَرِفْ,ي,قترف,,1,1.0,1
يَخْتِمْ,ي,ختم,,1,1.0,1
وَيَمْحُ,و|ي,مح,,1,1.0,1
وَيَسْتَجِيبُ,و|ي,ستجيب,,1,1.0,1
بَسَطَ,,بسط,,1,1.0,1
لَبَغَوْا,,ل+بغ,وا,1,1.0,1
قَنَطُوا,,قنط,وا,1,1.0,1
وَيَنْشُرُ,و|ي,نشر,,1,1.0,1
بَثَّ,,بث,,1,1.0,1
جَمْعِهِمْ,,جمع,(null)|هم,1,1.0,1
يُسْكِنِ,ي,سكن,,1,1.0,1
فَيَظْلَلْنَ,ف|ي,ظلل,ن,1,1.0,1
رَوَاكِدَ,,رواكد,,1,1.0,1
يُوبِقْهُنَّ,ي,وبق,هن,1,1.0,1
وَيَعْفُ,و|ي,يعف,,1,1.0,1
غَضِبُوا,,غضب,وا,1,1.0,1
يَغْفِرُونَ,ي,غفر+None+None,,1,1.0,1
وَأَمْرُهُمْ,و,أمر,هم,1,1.0,1
شُورَى,,شورى,,1,1.0,1
الْبَغْيُ,ال,بغي,,1,1.0,1
وَجَزَاءُ,و,جزاء,,1,1.0,1
فَأَجْرُهُ,,ف+أجر,ه,1,1.0,1
وَلَمَنِ,و|ل,من,,1,1.0,1
انْتَصَرَ,,انتصر,,1,1.0,1
وَيَبْغُونَ,و|ي,بغ,و|ن,1,1.0,1
وَلَمَنْ,و|ل,من,,1,1.0,1
وَغَفَرَ,و,غفر,,1,1.0,1
لَمِنْ,,ل,من,1,1.0,1
مَرَدٍّ,,مرد,,1,1.0,1
طَرْفٍ,,طرف,(null),1,1.0,1
خَفِيٍّ,,خفي,,1,1.0,1
لِرَبِّكُمْ,ل,رب+كم+None+None,,1,1.0,1
مَلْجَإٍ,,ملجأ,,1,1.0,1
نَكِيرٍ,,نكير,,1,1.0,1
يَهَبُ,ي,هب,,1,1.0,1
وَيَهَبُ,و|ي,هب,,1,1.0,1
الذُّكُورَ,ال,ذكور,,1,1.0,1
يُزَوِّجُهُمْ,ي,زوج,هم,1,1.0,1
ذُكْرَانَاً,,ذكران,ا,1,1.0,1
وَإِنَاثَاً,و,إناث,ا,1,1.0,1
عَقِيمَاً,,عقيم,ا,1,1.0,1
يُكَلِّمَهُ,ي,كلم,ه,1,1.0,1
وَحْيَاً,,وحي,ا,1,1.0,1
فَيُوحِيَ,ف|ي,وحي,,1,1.0,1
عَلِيٌّ,,علي,,1,1.0,1
رُوحَاً,,روح,ا,1,1.0,1
نَهْدِي,ن,هدي,,1,1.0,1
لَتَهْدِي,,ل+ت+هدي,,1,1.0,1
تَصِيرُ,ت,صير,,1,1.0,1
لَعَلِيٌّ,,ل+علي,,1,1.0,1
أَفَنَضْرِبُ,أ|ف|ن,ضرب,,1,1.0,1
صَفْحَاً,,صفح,ا,1,1.0,1
مُسْرِفِينَ,,مسرف,ين,1,1.0,1
فَأَهْلَكْنَا,ف,أهلك+None,,1,1.0,1
وَمَضَى,و,مضى,(null),1,1.0,1
فَأَنْشَرْنَا,ف,أنشر,نا,1,1.0,1
تَرْكَبُونَ,ت,ركب,ون,1,1.0,1
لِتَسْتَوُوا,ل|ت,ستو,وا,1,1.0,1
ظُهُورِهِ,,ظهور,ه,1,1.0,1
تَذْكُرُوا,ت,ذكر,وا,1,1.0,1
اسْتَوَيْتُمْ,,استوي,تم,1,1.0,1
وَتَقُولُوا,و|ت,قول,وا,1,1.0,1
مُقْرِنِينَ,,مقرن,ين,1,1.0,1
لَمُنْقَلِبُونَ,,ل+منقلب,ون,1,1.0,1
بَنَاتٍ,,بن,ات|(null),1,1.0,1
وَأَصْفَاكُمْ,و,أصفا,كم,1,1.0,1
يُنَشَّأُ,ي,نشأ,,1,1.0,1
الْحِلْيَةِ,ال,حلي,ة,1,1.0,1
أَشَهِدُوا,أ,شهد,وا,1,1.0,1
خَلْقَهُمْ,,خلق,هم,1,1.0,1
سَتُكْتَبُ,,س+ت+كتب,,1,1.0,1
شَهَادَتُهُمْ,,شهاد,ت|هم,1,1.0,1
وَيُسْأَلُونَ,و|ي,سأل+ون+None+None,,1,1.0,1
عَبَدْنَاهُمْ,,عبد,نا|هم,1,1.0,1
مُسْتَمْسِكُونَ,,مستمسك,ون,1,1.0,1
مُقْتَدُونَ,,مقتد,ون,1,1.0,1
بِأَهْدَى,ب,أهدى,,1,1.0,1
بَرَاءٌ,,براء,,1,1.0,1
وَجَعَلَهَا,و,جعل,(null)|ها,1,1.0,1
بَاقِيَةً,,باقي,ة,1,1.0,1
عَقِبِهِ,,عقب,ه,1,1.0,1
مَتَّعْتُ,,متع,ت,1,1.0,1
وَرَسُولٌ,و,رسول,,1,1.0,1
الْقَرْيَتَيْنِ,ال,قري,ت|ين,1,1.0,1
يَقْسِمُونَ,ي,قسم,ون,1,1.0,1
قَسَمْنَا,,قسم,نا,1,1.0,1
مَعِيشَتَهُمْ,,معيش,ت|هم,1,1.0,1
لِيَتَّخِذَ,ل|ي,تخذ,,1,1.0,1
سُخْرِيَّاً,,سخري,ا,1,1.0,1
وَرَحْمَتُ,و,رحم,ة,1,1.0,1
لِبُيُوتِهِمْ,ل,بيوت,هم,1,1.0,1
سُقُفَاً,,سقف,ا,1,1.0,1
وَمَعَارِجَ,و,معارج,,1,1.0,1
يَظْهَرُونَ,ي,ظهر,ون,1,1.0,1
وَلِبُيُوتِهِمْ,و|ل,بيوت,هم,1,1.0,1
وَسُرُرَاً,و,سرر,ا,1,1.0,1
يَتَّكِئُونَ,ي,تكئ,ون,1,1.0,1
وَزُخْرُفَاً,و,زخرف,ا,1,1.0,1
يَعْشُ,ي,عش,,1,1.0,1
نُقَيِّضْ,,نقيض,(null),1,1.0,1
لَيَصُدُّونَهُمْ,,ل+ي+صد+ون+هم+None+None,,1,1.0,1
بُعْدَ,,بعد,,1,1.0,1
الْقَرِينُ,ال,قرين,,1,1.0,1
نَذْهَبَنَّ,ن,ذهب+ن,,1,1.0,1
وَعَدْنَاهُمْ,,وعد,نا|هم,1,1.0,1
مُقْتَدِرُونَ,,مقتدر,ون,1,1.0,1
فَاسْتَمْسِكْ,ف,استمسك,,1,1.0,1
لَذِكْرٌ,ل,ذكر,,1,1.0,1
وَلِقَوْمِكَ,و|ل,قوم,ك,1,1.0,1
وَاسْأَلْ,و,ا+سأل,,1,1.0,1
أَجَعَلْنَا,أ,جعل,نا,1,1.0,1
يُعْبَدُونَ,ي,عبد,ون,1,1.0,1
نُرِيهِمْ,ن,ري,هم,1,1.0,1
أُخْتِهَا,,أخت,ها,1,1.0,1
وَأَخَذْنَاهُمْ,و,أخذ,نا|هم,1,1.0,1
وَهَذِهِ,و,هذه,,1,1.0,1
تَحْتِي,,تحت,ي,1,1.0,1
مَهِينٌ,,مهين,,1,1.0,1
يُبِينُ,ي,بين,,1,1.0,1
أَسْوِرَةٌ,,أسور,ة,1,1.0,1
مُقْتَرِنِينَ,,مقترن,ين,1,1.0,1
فَاسْتَخَفَّ,,ف+استخف,,1,1.0,1
فَأَطَاعُوهُ,ف,أطاع,و|ه,1,1.0,1
آسَفُونَا,,آسف,و|نا,1,1.0,1
انْتَقَمْنَا,,انتقم,نا,1,1.0,1
سَلَفَاً,,سلف,ا,1,1.0,1
لِلْآخِرِينَ,ل|ال,آخر,ين,1,1.0,1
يَصِدُّونَ,ي,صد,و|ن,1,1.0,1
أَآلِهَتُنَا,أ,آله,ت|نا,1,1.0,1
ضَرَبُوهُ,,ضرب,و|ه,1,1.0,1
خَصِمُونَ,,خصم,ون,1,1.0,1
عَبْدٌ,,عبد,,1,1.0,1
يَخْلُفُونَ,ي,خلف,و|ن,1,1.0,1
لَعِلْمٌ,ل,علم,,1,1.0,1
لِلسَّاعَةِ,ل|ال,ساع,ة,1,1.0,1
تَمْتَرُنَّ,ت,متر+ن+None+None,,1,1.0,1
وَاتَّبِعُونِ,و,اتبع+و+ن+None,,1,1.0,1
يَصُدَّنَّكُمُ,ي,صد+ن,كم,1,1.0,1
وَلِأُبَيِّنَ,و|ل|أ,بين,,1,1.0,1
الْأَخِلَّاءُ,ال,لأخلاء,,1,1.0,1
تُحْبَرُونَ,ت,حبر,ون,1,1.0,1
بِصِحَافٍ,ب,صحاف,,1,1.0,1
تَشْتَهِيهِ,ت,شتهي,ه,1,1.0,1
وَتَلَذُّ,و|ت,لذ,,1,1.0,1
الْأَعْيُنُ,ال,أعين,,1,1.0,1
يُفَتَّرُ,ي,فتر,,1,1.0,1
يَامَالِكُ,يا,مالك,,1,1.0,1
لِيَقْضِ,,ل+ي+قض,,1,1.0,1
مَاكِثُونَ,,ماكث,ون,1,1.0,1
جِئْنَاكُمْ,,جئ,نا|كم,1,1.0,1
أَبْرَمُوا,,أبرم,وا,1,1.0,1
مُبْرِمُونَ,,مبرم,ون,1,1.0,1
وَرُسُلُنَا,و,رسل,نا,1,1.0,1
فَأَنَا,ف,أنا,,1,1.0,1
الْعَابِدِينَ,ال,عابد,ين,1,1.0,1
وَتَبَارَكَ,و,تبارك,,1,1.0,1
وَقِيلِهِ,و,قيل,ه,1,1.0,1
فَاصْفَحْ,ف,ا+صفح,,1,1.0,1
لَيْلَةٍ,,ليل,ة|(null),1,1.0,1
يُفْرَقُ,ي,فرق,,1,1.0,1
بِدُخَانٍ,ب,دخان,,1,1.0,1
اكْشِفْ,,ا+كشف,,1,1.0,1
مُعَلَّمٌ,,معلم,(null),1,1.0,1
كَاشِفُو,,كاشف,و,1,1.0,1
عَائِدُونَ,,عائد,ون,1,1.0,1
نَبْطِشُ,ن,بطش,,1,1.0,1
الْبَطْشَةَ,ال,بطش,ة,1,1.0,1
وَجَاءَهُمْ,و,جاء,هم,1,1.0,1
أَدُّوا,,أد,وا,1,1.0,1
تَرْجُمُونِ,ت,رجم+ون+None+None+None,,1,1.0,1
فَاعْتَزِلُونِ,ف,اعتزل+ون+None+None+None,,1,1.0,1
وَاتْرُكِ,و,ا+ترك,,1,1.0,1
رَهْوَاً,,رهو,ا,1,1.0,1
وَنَعْمَةٍ,و,نعم,ة,1,1.0,1
بَكَتْ,,بك,ت,1,1.0,1
عَالِيَاً,,عالي,ا,1,1.0,1
اخْتَرْنَاهُمْ,,اختر,نا|هم,1,1.0,1
مَوْتَتُنَا,,موت,ت|نا,1,1.0,1
بِمُنْشَرِينَ,ب,منشر,ين,1,1.0,1
خَلَقْنَاهُمَا,,خلق+نا+ه+ما,,1,1.0,1
مِيقَاتُهُمْ,,ميقات,هم,1,1.0,1
شَجَرَتَ,,شجر,ة|(null),1,1.0,1
الْأَثِيمِ,ال,أثيم,,1,1.0,1
يَغْلِي,ي,غلي,,1,1.0,1
الْبُطُونِ,ال,بطون,,1,1.0,1
كَغَلْيِ,ك,غلي,,1,1.0,1
فَاعْتِلُوهُ,ف,ا+عتل,و|ه,1,1.0,1
صُبُّوا,,صب,وا,1,1.0,1
ذُقْ,,ذق,,1,1.0,1
الْكَرِيمُ,ال,كريم,(null),1,1.0,1
مَقَامٍ,,مقام,(null),1,1.0,1
يَلْبَسُونَ,ي,لبس,ون,1,1.0,1
الْمَوْتَةَ,ال,موت,ة,1,1.0,1
مُرْتَقِبُونَ,,مرتقب,ون,1,1.0,1
خَلْقِكُمْ,,خلق,كم,1,1.0,1
يَبُثُّ,ي,بث,,1,1.0,1
يُصِرُّ,ي,صر,,1,1.0,1
اتَّخَذَهَا,,اتخذ,ها,1,1.0,1
يَغْفِرُوا,ي,غفر,وا,1,1.0,1
أَيَّامَ,,أيام,(null),1,1.0,1
شَرِيعَةٍ,,شريع,ة,1,1.0,1
فَاتَّبِعْهَا,ف,اتبع,ها,1,1.0,1
يُغْنُوا,ي,غن,وا,1,1.0,1
اجْتَرَحُوا,,اجترح,وا,1,1.0,1
نَجْعَلَهُمْ,ن,جعل,هم,1,1.0,1
مَحْيَاهُمْ,,محيا,هم,1,1.0,1
وَمَمَاتُهُمْ,و,ممات,هم,1,1.0,1
وَلِتُجْزَى,و,ل+ت+جزى,,1,1.0,1
وَأَضَلَّهُ,و,أضل+ه+None,,1,1.0,1
سَمْعِهِ,,سمع,ه,1,1.0,1
بَصَرِهِ,,بصر,ه,1,1.0,1
غِشَاوَةً,,غشاو,ة,1,1.0,1
يَهْدِيهِ,ي,هدي,ه,1,1.0,1
يُهْلِكُنَا,ي,هلك,نا,1,1.0,1
الدَّهْرُ,ال,دهر,(null),1,1.0,1
حُجَّتَهُمْ,,حج,ت|هم,1,1.0,1
يَخْسَرُ,ي,خسر,,1,1.0,1
جَاثِيَةً,,جاثي,ة,1,1.0,1
تُدْعَى,ت,دعي,,1,1.0,1
كِتَابِهَا,,كتاب,(null)|ها,1,1.0,1
كِتَابُنَا,,كتاب,نا,1,1.0,1
نَسْتَنْسِخُ,ن,ستنسخ,,1,1.0,1
فَيُدْخِلُهُمْ,ف|ي,دخل,هم,1,1.0,1
فَاسْتَكْبَرْتُمْ,ف,استكبر,تم,1,1.0,1
نَظُنُّ,ن,ظن,,1,1.0,1
بِمُسْتَيْقِنِينَ,ب,مستيقن,ين,1,1.0,1
نَنْسَاكُمْ,ن,نسا+كم+None,,1,1.0,1
بِأَنَّكُمُ,ب,أن+كم+None,,1,1.0,1
يُخْرَجُونَ,ي,خرج,ون,1,1.0,1
وَرَبِّ,,و,رب,1,1.0,1
أَثَارَةٍ,,أثار,ة,1,1.0,1
دُعَائِهِمْ,,دعائ,هم,1,1.0,1
حُشِرَ,,حشر,,1,1.0,1
بِدْعَاً,,بدع,ا,1,1.0,1
يُفْعَلُ,ي,فعل,,1,1.0,1
وَكَفَرْتُمْ,و,كفر,تم,1,1.0,1
وَاسْتَكْبَرْتُمْ,و,استكبر,تم,1,1.0,1
قَدِيمٌ,,قديم,,1,1.0,1
وَوَضَعَتْهُ,و,وضع,ت|ه,1,1.0,1
وَحَمْلُهُ,و,حمل,ه,1,1.0,1
ثَلَاثُونَ,,ثلاث,ون,1,1.0,1
وَبَلَغَ,و,بلغ,(null),1,1.0,1
نَتَقَبَّلُ,ن,تقبل,,1,1.0,1
وَنَتَجَاوَزُ,و|ن,تجاوز,,1,1.0,1
الصِّدْقِ,ال,صدق,,1,1.0,1
لِوَالِدَيْهِ,ل,والد,ي|ه,1,1.0,1
أَتَعِدَانِنِي,أ|ت,عد+ان+ن+ي+None+None,,1,1.0,1
أُخْرَجَ,,أخرج,(null),1,1.0,1
الْقُرُونُ,ال,قرون,,1,1.0,1
وَهُمَا,و,هما,,1,1.0,1
يَسْتَغِيثَانِ,ي,ستغيث+ان+None+None,,1,1.0,1
وَيْلَكَ,,ويل,ك,1,1.0,1
آمِنْ,,آمن,,1,1.0,1
وَلِيُوَفِّيَهُمْ,و|ل|ي,وفي,هم,1,1.0,1
أَذْهَبْتُمْ,,أذهب,تم,1,1.0,1
طَيِّبَاتِكُمْ,,طيب,ات|كم,1,1.0,1
حَيَاتِكُمُ,,حيا,ة|كم,1,1.0,1
وَاسْتَمْتَعْتُمْ,و,استمتع,تم,1,1.0,1
تَفْسُقُونَ,ت,فسق,ون,1,1.0,1
أَخَا,,أخا,,1,1.0,1
أَنْذَرَ,,أنذر,,1,1.0,1
بِالْأَحْقَافِ,ب|ال,أحقاف,,1,1.0,1
لِتَأْفِكَنَا,ل|ت,أفك,نا,1,1.0,1
وَأُبَلِّغُكُمْ,و|أ,بلغ,كم,1,1.0,1
عَارِضَاً,,عارض,ا,1,1.0,1
مُسْتَقْبِلَ,,مستقبل,,1,1.0,1
أَوْدِيَتِهِمْ,,أودي,ت|هم,1,1.0,1
عَارِضٌ,,عارض,,1,1.0,1
مُمْطِرُنَا,,ممطر,نا,1,1.0,1
اسْتَعْجَلْتُمْ,,استعجل,تم,1,1.0,1
تُدَمِّرُ,ت,دمر,,1,1.0,1
وَأَبْصَارَاً,و,أبصار,ا,1,1.0,1
وَأَفْئِدَةً,و,أفئد,ة,1,1.0,1
أَفْئِدَتُهُمْ,,أفئد,ت|هم,1,1.0,1
نَصَرَهُمُ,,نصر,هم,1,1.0,1
إِفْكُهُمْ,,إفك,هم,1,1.0,1
صَرَفْنَا,,صرف,نا,1,1.0,1
حَضَرُوهُ,,حضر,و|ه,1,1.0,1
أَنْصِتُوا,,أنصت,وا,1,1.0,1
طَرِيقٍ,,طريق,(null),1,1.0,1
أَجِيبُوا,,أجيب,وا,1,1.0,1
وَيُجِرْكُمْ,و|ي,جر,كم,1,1.0,1
يُجِبْ,ي,جب,,1,1.0,1
بِمُعْجِزٍ,ب,معجز,,1,1.0,1
يَعْيَ,ي,عي,,1,1.0,1
بِخَلْقِهِنَّ,ب,خلق,هن,1,1.0,1
الْعَزْمِ,ال,عزم,,1,1.0,1
تَسْتَعْجِلْ,ت,ستعجل,,1,1.0,1
نَهَارٍ,,نهار,,1,1.0,1
مُحَمَّدٍ,,محمد,,1,1.0,1
كَفَّرَ,,كفر,,1,1.0,1
فَضَرْبَ,ف,ضرب,,1,1.0,1
أَثْخَنْتُمُوهُمْ,,أثخن+تم+و,هم,1,1.0,1
فَشُدُّوا,ف,شد,وا,1,1.0,1
الْوَثَاقَ,ال,وثاق,,1,1.0,1
فِدَاءً,,فداء,,1,1.0,1
تَضَعَ,ت,ضع,,1,1.0,1
الْحَرْبُ,ال,حرب,,1,1.0,1
أَوْزَارَهَا,,أوزار,ها,1,1.0,1
لَانْتَصَرَ,,ل+انتصر,,1,1.0,1
لِيَبْلُوَ,ل|ي,بلو,,1,1.0,1
يُضِلَّ,ي,ضل,,1,1.0,1
سَيَهْدِيهِمْ,س|ي,هدي,هم,1,1.0,1
وَيُصْلِحُ,و|ي,صلح,,1,1.0,1
وَيُدْخِلُهُمُ,و|ي,دخل,هم,1,1.0,1
عَرَّفَهَا,,عرف,ها,1,1.0,1
تَنْصُرُوا,ت,نصر,وا,1,1.0,1
يَنْصُرْكُمْ,ي,نصر,كم,1,1.0,1
وَيُثَبِّتْ,و|ي,ثبت,,1,1.0,1
أَقْدَامَكُمْ,,أقدام,كم,1,1.0,1
فَتَعْسَاً,ف,تعس,ا,1,1.0,1
دَمَّرَ,,دمر,,1,1.0,1
أَمْثَالُهَا,,أمثال,ها,1,1.0,1
يَتَمَتَّعُونَ,ي,تمتع,ون,1,1.0,1
وَيَأْكُلُونَ,و|ي,أكل+ون+None+None,,1,1.0,1
وَالنَّارُ,و|ال,نار,,1,1.0,1
قَرْيَتِكَ,,قري,ت|ك,1,1.0,1
أَخْرَجَتْكَ,,أخرج,ت|ك,1,1.0,1
نَاصِرَ,,ناصر,,1,1.0,1
أَنْهَارٌ,,أنهار,(null),1,1.0,1
آسِنٍ,,آسن,,1,1.0,1
لَبَنٍ,,لبن,,1,1.0,1
يَتَغَيَّرْ,ي,تغير,,1,1.0,1
طَعْمُهُ,,طعم,ه,1,1.0,1
خَمْرٍ,,خمر,,1,1.0,1
عَسَلٍ,,عسل,,1,1.0,1
مُصَفَّىً,,مصفى,,1,1.0,1
خَالِدٌ,,خالد,,1,1.0,1
وَسُقُوا,و,سق,وا,1,1.0,1
فَقَطَّعَ,ف,قطع,,1,1.0,1
أَمْعَاءَهُمْ,,أمعاء,هم,1,1.0,1
آنِفَاً,,آنف,ا,1,1.0,1
وَآتَاهُمْ,و,آتا,هم,1,1.0,1
تَقْوَاهُمْ,,تقوا,هم,1,1.0,1
أَشْرَاطُهَا,,أشراط,ها,1,1.0,1
ذِكْرَاهُمْ,,ذكرا,هم,1,1.0,1
مُتَقَلَّبَكُمْ,,متقلب,كم,1,1.0,1
وَمَثْوَاكُمْ,و,مثوا,كم,1,1.0,1
نُزِّلَتْ,,نزل,ت,1,1.0,1
مُحْكَمَةٌ,,محكم,ة,1,1.0,1
وَذُكِرَ,و,ذكر,(null),1,1.0,1
الْمَغْشِيِّ,ال,مغشي,,1,1.0,1
وَقَوْلٌ,و,قول,(null),1,1.0,1
عَزَمَ,,عزم,,1,1.0,1
وَتُقَطِّعُوا,و|ت,قطع,وا,1,1.0,1
أَرْحَامَكُمْ,,أرحام,,1,1.0,1
فَأَصَمَّهُمْ,ف,أصم,هم,1,1.0,1
وَأَعْمَى,و,أعمى,,1,1.0,1
قُلُوبٍ,,قلوب,(null),1,1.0,1
أَقْفَالُهَا,,أقفال,ها,1,1.0,1
ارْتَدُّوا,,ارتد,وا,1,1.0,1
سَوَّلَ,,سول,,1,1.0,1
وَأَمْلَى,و|أ,ملى,,1,1.0,1
سَنُطِيعُكُمْ,,س+ن+طيع,كم,1,1.0,1
إِسْرَارَهُمْ,,إسرار,هم,1,1.0,1
تَوَفَّتْهُمُ,,توف,ت|هم,1,1.0,1
أَسْخَطَ,,أسخط,,1,1.0,1
يُخْرِجَ,ي,خرج,,1,1.0,1
أَضْغَانَهُمْ,,أضغان,هم,1,1.0,1
لَأَرَيْنَاكَهُمْ,,ل+أري,نا|ك|هم,1,1.0,1
فَلَعَرَفْتَهُمْ,ف|ل,عرف,ت|هم,1,1.0,1
وَلَتَعْرِفَنَّهُمْ,و,ل+ت+عرف+ن,هم,1,1.0,1
لَحْنِ,,لحن,,1,1.0,1
نَعْلَمَ,ن,علم,,1,1.0,1
وَنَبْلُوَ,و|ن,بلو,,1,1.0,1
أَخْبَارَكُمْ,,أخبار,كم,1,1.0,1
وَشَاقُّوا,و,شاق,وا,1,1.0,1
وَسَيُحْبِطُ,و,س+ي+حبط,,1,1.0,1
وَتَدْعُوا,و|ت,دع,وا,1,1.0,1
السَّلْمِ,ال,سلم,(null),1,1.0,1
يَتِرَكُمْ,ي,ترك+كم+None,,1,1.0,1
يَسْأَلْكُمْ,ي,سأل,كم,1,1.0,1
يَسْأَلْكُمُوهَا,ي,سأل+كم+و,ها,1,1.0,1
فَيُحْفِكُمْ,ف|ي,حف,كم,1,1.0,1
تَبْخَلُوا,ت,بخل,وا,1,1.0,1
وَيُخْرِجْ,و|ي,خرج,,1,1.0,1
أَضْغَانَكُمْ,,أضغان,كم,1,1.0,1
لِتُنْفِقُوا,ل|ت,نفق,وا,1,1.0,1
يَبْخَلْ,ي,بخل,,1,1.0,1
يَسْتَبْدِلْ,ي,ستبدل,,1,1.0,1
تَقَدَّمَ,,تقدم,(null),1,1.0,1
ذَنْبِكَ,,ذنب,ك,1,1.0,1
وَيُتِمَّ,و|ي,تم,,1,1.0,1
وَيَهْدِيَكَ,و|ي,هدي,ك,1,1.0,1
وَيَنْصُرَكَ,و|ي,نصر,ك,1,1.0,1
وَيُكَفِّرَ,و|ي,كفر,,1,1.0,1
الظَّانِّينَ,ال,ظان,ين,1,1.0,1
وَلَعَنَهُمْ,و,لعن,هم,1,1.0,1
وَتُعَزِّرُوهُ,و|ت,عزر,و|ه,1,1.0,1
وَتُوَقِّرُوهُ,و|ت,وقر,و|ه,1,1.0,1
وَتُسَبِّحُوهُ,و|ت,سبح,و|ه,1,1.0,1
يُبَايِعُونَ,ي,بايع,و|ن,1,1.0,1
نَكَثَ,,نكث,,1,1.0,1
يَنْكُثُ,ي,نكث,,1,1.0,1
عَلَيْهُ,علي,ه,,1,1.0,1
فَسَيُؤْتِيهِ,ف,س+ي+ؤتي,ه,1,1.0,1
شَغَلَتْنَا,,شغل,ت|نا,1,1.0,1
أَمْوَالُنَا,,أموال,نا,1,1.0,1
وَأَهْلُونَا,و,أهل+ون+ا+None,,1,1.0,1
فَاسْتَغْفِرْ,ف,استغفر,,1,1.0,1
يَنْقَلِبَ,ي,نقلب,,1,1.0,1
أَهْلِيهِمْ,,أهل,ي|هم,1,1.0,1
وَزُيِّنَ,و,زين,,1,1.0,1
وَظَنَنْتُمْ,و,ظنن,تم,1,1.0,1
انْطَلَقْتُمْ,,انطلق,تم,1,1.0,1
لِتَأْخُذُوهَا,ل|ت,أخذ+ها+None,,1,1.0,1
ذَرُونَا,,ذر,و|نا,1,1.0,1
نَتَّبِعْكُمْ,ن,تبع,كم,1,1.0,1
يُبَدِّلُوا,ي,بدل,وا,1,1.0,1
تَتَّبِعُونَا,ت,تبع+و+نا+None,,1,1.0,1
كَذَلِكُمْ,ك,ذلك+م,,1,1.0,1
تَحْسُدُونَنَا,ت,حسد+ون+نا+None+None+None,,1,1.0,1
لِلْمُخَلَّفِينَ,ل|ال,مخلف,ين,1,1.0,1
سَتُدْعَوْنَ,س|ت,دع+ون+None+None,,1,1.0,1
تُقَاتِلُونَهُمْ,ت,قاتل+ون+هم+None+None,,1,1.0,1
يُسْلِمُونَ,ي,سلم,و|ن,1,1.0,1
يُؤْتِكُمُ,ي,ؤت,كم,1,1.0,1
يُعَذِّبْهُ,ي,عذب,ه,1,1.0,1
وَأَثَابَهُمْ,و,أثاب,هم,1,1.0,1
وَمَغَانِمَ,و,مغانم,,1,1.0,1
يَأْخُذُونَهَا,ي,أخذ+و+ن+None,,1,1.0,1
وَعَدَكُمُ,,وعد,كم,1,1.0,1
تَأْخُذُونَهَا,ت,أخذ+ون+ها+None+None,,1,1.0,1
فَعَجَّلَ,ف,عجل,,1,1.0,1
وَكَفَّ,و,كف,,1,1.0,1
أَيْدِيَ,,أيد,ي,1,1.0,1
وَلِتَكُونَ,و|ل|ت,كون,,1,1.0,1
قَاتَلَكُمُ,,قاتل,كم,1,1.0,1
لَوَلَّوُا,,ل+ول,وا,1,1.0,1
كَفَّ,,كف,(null),1,1.0,1
بِبَطْنِ,ب,بطن,,1,1.0,1
مَكَّةَ,,مك,ة|(null),1,1.0,1
أَظْفَرَكُمْ,,أظفر,كم,1,1.0,1
وَصَدُّوكُمْ,و,صد,و|كم,1,1.0,1
مَعْكُوفَاً,,معكوف,ا,1,1.0,1
وَنِسَاءٌ,و,نساء,,1,1.0,1
مُؤْمِنَاتٌ,,مؤمن,ات,1,1.0,1
تَعْلَمُوهُمْ,ت,علم,و|هم,1,1.0,1
تَطَئُوهُمْ,ت,طئ+و+هم+None,,1,1.0,1
فَتُصِيبَكُمْ,ف|ت,صيب,كم,1,1.0,1
مَعَرَّةٌ,,معر,ة,1,1.0,1
تَزَيَّلُوا,,تزيل,وا,1,1.0,1
لَعَذَّبْنَا,,ل+عذب,نا,1,1.0,1
الْحَمِيَّةَ,ال,حمي,ة,1,1.0,1
حَمِيَّةَ,,حمي,ة,1,1.0,1
وَأَلْزَمَهُمْ,و,ألزم,هم,1,1.0,1
أَحَقَّ,,أحق,,1,1.0,1
وَأَهْلَهَا,و,أهل,(null)|ها,1,1.0,1
لَتَدْخُلُنَّ,,ل+ت+دخل+ن+None+None,,1,1.0,1
مُحَلِّقِينَ,,محلق,ين,1,1.0,1
وَمُقَصِّرِينَ,و,مقصر,ين,1,1.0,1
أَشِدَّاءُ,,أشداء,(null),1,1.0,1
رُحَمَاءُ,,رحماء,,1,1.0,1
تَرَاهُمْ,ت,را+هم+None,,1,1.0,1
رُكَّعَاً,,ركع,ا,1,1.0,1
سِيمَاهُمْ,,سيم,ا|هم,1,1.0,1
وَمَثَلُهُمْ,و,مثل,هم,1,1.0,1
كَزَرْعٍ,ك,زرع,,1,1.0,1
شَطْأَهُ,,شطأ,ه,1,1.0,1
فَآزَرَهُ,ف,آزر,ه,1,1.0,1
فَاسْتَغْلَظَ,ف,استغلظ,,1,1.0,1
سُوقِهِ,,سوق,ه,1,1.0,1
يُعْجِبُ,ي,عجب,,1,1.0,1
الزُّرَّاعَ,ال,زراع,,1,1.0,1
لِيَغِيظَ,ل|ي,غيظ,,1,1.0,1
يَدَيِ,,يد,ي,1,1.0,1
تَرْفَعُوا,ت,رفع,وا,1,1.0,1
أَصْوَاتَكُمْ,,أصوات,كم,1,1.0,1
صَوْتِ,,صوت,,1,1.0,1
تَجْهَرُوا,ت,جهر,وا,1,1.0,1
كَجَهْرِ,ك,جهر,,1,1.0,1
تَحْبَطَ,ت,حبط,,1,1.0,1
يَغُضُّونَ,ي,غض,ون,1,1.0,1
أَصْوَاتَهُمْ,,أصوات,هم,1,1.0,1
امْتَحَنَ,,امتحن,,1,1.0,1
يُنَادُونَكَ,ي,ناد+ون+ك+None+None,,1,1.0,1
الْحُجُرَاتِ,ال,حجر,ات,1,1.0,1
تَخْرُجَ,ت,خرج,,1,1.0,1
فَاسِقٌ,,فاسق,,1,1.0,1
تُصِيبُوا,ت,صيب,وا,1,1.0,1
فَتُصْبِحُوا,ف|ت,صبح,وا,1,1.0,1
يُطِيعُكُمْ,ي,طيع,كم,1,1.0,1
لَعَنِتُّمْ,,ل+عن,تم,1,1.0,1
حَبَّبَ,,حبب,,1,1.0,1
وَزَيَّنَهُ,و,زين,ه,1,1.0,1
وَكَرَّهَ,و,كره,,1,1.0,1
وَالْفُسُوقَ,و|ال,فسوق,,1,1.0,1
وَالْعِصْيَانَ,و|ال,عصيان,,1,1.0,1
الرَّاشِدُونَ,ال,راشد,ون,1,1.0,1
وَنِعْمَةً,و,نعم,ة,1,1.0,1
بَغَتْ,,بغ,ت,1,1.0,1
تَبْغِي,ت,بغي,,1,1.0,1
تَفِيءَ,ت,فيء,,1,1.0,1
فَاءَتْ,,فاء,ت,1,1.0,1
وَأَقْسِطُوا,و,أقسط,وا,1,1.0,1
أَخَوَيْكُمْ,,أخو,ي|كم,1,1.0,1
يَسْخَرْ,ي,سخر,,1,1.0,1
نِسَاءٌ,,نساء,(null),1,1.0,1
نِسَاءٍ,,نساء,(null),1,1.0,1
يَكُنَّ,ي,كن,,1,1.0,1
تَلْمِزُوا,ت,لمز,وا,1,1.0,1
تَنَابَزُوا,ت,نابز,وا,1,1.0,1
بِالْأَلْقَابِ,ب|ال,ألقاب,,1,1.0,1
الِاسْمُ,ال,اسم,,1,1.0,1
الْفُسُوقُ,ال,فسوق,,1,1.0,1
يَتُبْ,ي,تب,,1,1.0,1
اجْتَنِبُوا,,اجتنب,وا,1,1.0,1
تَجَسَّسُوا,,تجسس,وا,1,1.0,1
يَغْتَبْ,ي,غتب,,1,1.0,1
أَيُحِبُّ,أ|ي,حب,,1,1.0,1
يَأْكُلَ,ي,أكل,,1,1.0,1
فَكَرِهْتُمُوهُ,ف,كره+تمو+ه+None+None,,1,1.0,1
وَأُنْثَى,و,أنثى,,1,1.0,1
شُعُوبَاً,,شعوب,ا,1,1.0,1
وَقَبَائِلَ,و,قبائل,,1,1.0,1
لِتَعَارَفُوا,ل,تعارف,وا,1,1.0,1
أَكْرَمَكُمْ,,أكرم,كم,1,1.0,1
أَتْقَاكُمْ,,أتقا,كم,1,1.0,1
أَسْلَمْنَا,,أسلم,نا,1,1.0,1
يَدْخُلِ,ي,دخل,,1,1.0,1
يَلِتْكُمْ,ي,لت,كم,1,1.0,1
أَعْمَالِكُمْ,,أعمال,كم,1,1.0,1
يَرْتَابُوا,ي,رتاب,وا,1,1.0,1
أَتُعَلِّمُونَ,أ|ت,علم+ون+None+None,,1,1.0,1
بِدِينِكُمْ,ب,دين+كم+None+None,,1,1.0,1
يَمُنُّونَ,ي,من,ون,1,1.0,1
تَمُنُّوا,ت,من,وا,1,1.0,1
إِسْلَامَكُمْ,,إسلام,كم,1,1.0,1
ق,,ق,,1,1.0,1
الْمَجِيدِ,ال,مجيد,,1,1.0,1
عَجِبُوا,,عجب,وا,1,1.0,1
رَجْعٌ,,رجع,,1,1.0,1
تَنْقُصُ,ت,نقص,,1,1.0,1
وَعِنْدَنَا,و,عند,نا,1,1.0,1
مَرِيجٍ,,مريج,,1,1.0,1
فُرُوجٍ,,فروج,,1,1.0,1
تَبْصِرَةً,,تبصر,ة,1,1.0,1
وَحَبَّ,و,حب,,1,1.0,1
الْحَصِيدِ,ال,حصيد,,1,1.0,1
بَاسِقَاتٍ,,باسق,ات,1,1.0,1
طَلْعٌ,,طلع,,1,1.0,1
نَضِيدٌ,,نضيد,,1,1.0,1
وَأَحْيَيْنَا,و,أحيي,نا,1,1.0,1
الْخُرُوجُ,ال,خروج,(null),1,1.0,1
وَإِخْوَانُ,و,إخوان,,1,1.0,1
أَفَعَيِينَا,أ,ف+عيي,نا,1,1.0,1
بِالْخَلْقِ,ب|ال,خلق,,1,1.0,1
الْأَوَّلِ,ال,أول,(null),1,1.0,1
لَبْسٍ,,لبس,,1,1.0,1
وَنَعْلَمُ,و|ن,علم,,1,1.0,1
تُوَسْوِسُ,ت,وسوس,,1,1.0,1
حَبْلِ,,حبل,(null),1,1.0,1
الْوَرِيدِ,ال,وريد,,1,1.0,1
يَتَلَقَّى,ي,تلقى,,1,1.0,1
الْمُتَلَقِّيَانِ,ال,متلقي,ان,1,1.0,1
قَعِيدٌ,,قعيد,,1,1.0,1
يَلْفِظُ,ي,لفظ,,1,1.0,1
سَكْرَةُ,,سكر,ة,1,1.0,1
تَحِيدُ,ت,حيد,,1,1.0,1
مَعَهَا,,مع,ها,1,1.0,1
سَائِقٌ,,سائق,(null),1,1.0,1
وَشَهِيدٌ,و,شهيد,,1,1.0,1
غِطَاءَكَ,,غطاء,ك,1,1.0,1
فَبَصَرُكَ,ف,بصر,ك,1,1.0,1
حَدِيدٌ,,حديد,,1,1.0,1
أَلْقِيَا,,ألقي,ا,1,1.0,1
فَأَلْقِيَاهُ,ف,ألقي,ا|ه,1,1.0,1
الشَّدِيدِ,ال,شديد,(null),1,1.0,1
أَطْغَيْتُهُ,,أطغي,ت|ه,1,1.0,1
تَخْتَصِمُوا,ت,ختصم,وا,1,1.0,1
بِالْوَعِيدِ,ب|ال,وعيد,,1,1.0,1
يُبَدَّلُ,ي,بدل,,1,1.0,1
هَلِ,,هل,,1,1.0,1
امْتَلَأْتِ,,امتلأ,ت,1,1.0,1
وَتَقُولُ,و|ت,قول,,1,1.0,1
مَزِيدٍ,,مزيد,,1,1.0,1
أَوَّابٍ,,أواب,,1,1.0,1
حَفِيظٍ,,حفيظ,,1,1.0,1
الْخُلُودِ,ال,خلود,,1,1.0,1
مَزِيدٌ,,مزيد,,1,1.0,1
فَنَقَّبُوا,ف,نقب,وا,1,1.0,1
قَلْبٌ,,قلب,,1,1.0,1
لُغُوبٍ,,لغوب,,1,1.0,1
الْغُرُوبِ,ال,غروب,,1,1.0,1
وَأَدْبَارَ,و,أدبار,,1,1.0,1
وَاسْتَمِعْ,و,استمع,,1,1.0,1
يُنَادِ,ي,ناد,,1,1.0,1
الْمُنَادِ,ال,مناد,,1,1.0,1
الصَّيْحَةَ,ال,صيح,ة,1,1.0,1
الْخُرُوجِ,ال,خروج,(null),1,1.0,1
حَشْرٌ,,حشر,,1,1.0,1
بِجَبَّارٍ,ب,جبار,,1,1.0,1
وَالذَّارِيَاتِ,و|ال,ذاري,ات,1,1.0,1
ذَرْوَاً,,ذرو,ا,1,1.0,1
فَالْحَامِلَاتِ,ف|ال,حامل,ات,1,1.0,1
وِقْرَاً,,وقر,ا,1,1.0,1
فَالْجَارِيَاتِ,ف|ال,جاري,ات,1,1.0,1
فَالْمُقَسِّمَاتِ,,ف+ال+مقسم,ات,1,1.0,1
لَصَادِقٌ,,ل+صادق,,1,1.0,1
الْحُبُكِ,ال,حبك,,1,1.0,1
مُخْتَلِفٍ,,مختلف,(null),1,1.0,1
أُفِكَ,,أفك,,1,1.0,1
الْخَرَّاصُونَ,ال,خراص,ون,1,1.0,1
فِتْنَتَكُمْ,,فتن,ت|كم,1,1.0,1
آخِذِينَ,,آخذ,ين,1,1.0,1
مُحْسِنِينَ,,محسن,ين,1,1.0,1
يَهْجَعُونَ,ي,هجع,ون,1,1.0,1
وَبِالْأَسْحَارِ,و|ب|ال,أسحار,,1,1.0,1
لِلْمُوقِنِينَ,ل|ال,موقن,ين,1,1.0,1
رِزْقُكُمْ,,رزق,كم,1,1.0,1
فَوَرَبِّ,,ف+و+رب,,1,1.0,1
فَجَاءَ,ف,جاء,,1,1.0,1
سَمِينٍ,,سمين,,1,1.0,1
فَقَرَّبَهُ,ف,قرب,ه,1,1.0,1
وَبَشَّرُوهُ,و,بشر,و|ه,1,1.0,1
فَأَقْبَلَتِ,ف,أقب,ت,1,1.0,1
امْرَأَتُهُ,,امرأ,ت|ه,1,1.0,1
صَرَّةٍ,,صر,ة,1,1.0,1
فَصَكَّتْ,ف,صك,ت,1,1.0,1
وَجْهَهَا,,وجه,ها,1,1.0,1
عَقِيمٌ,,عقيم,,1,1.0,1
لِنُرْسِلَ,ل|ن,رسل,,1,1.0,1
أَرْسَلْنَاهُ,,أرسل,نا|ه,1,1.0,1
بِرُكْنِهِ,ب,ركن,ه,1,1.0,1
الْعَقِيمَ,ال,عقيم,(null),1,1.0,1
أَتَتْ,,أت,ت,1,1.0,1
جَعَلَتْهُ,,جعل,ت|ه,1,1.0,1
كَالرَّمِيمِ,ك|ال,رميم,,1,1.0,1
فَعَتَوْا,ف,عت,وا,1,1.0,1
قِيَامٍ,,قيام,(null),1,1.0,1
مُنْتَصِرِينَ,,منتصر,ين,1,1.0,1
بِأَيْدٍ,ب,أيد,,1,1.0,1
لَمُوسِعُونَ,,ل+موسع,ون,1,1.0,1
فَرَشْنَاهَا,,فرش,نا|ها,1,1.0,1
الْمَاهِدُونَ,ال,ماهد,ون,1,1.0,1
فَفِرُّوا,,ف+فر+وا+None+None,,1,1.0,1
أَتَوَاصَوْا,أ,تواص,وا,1,1.0,1
بِمَلُومٍ,ب,ملوم,,1,1.0,1
وَالْإِنْسَ,و|ال,إنس,(null),1,1.0,1
لِيَعْبُدُونِ,ل|ي,عبد+ون+None+None,,1,1.0,1
يُطْعِمُونِ,ي,طعم+و+ن,,1,1.0,1
الرَّزَّاقُ,ال,رزاق,,1,1.0,1
الْمَتِينُ,ال,متين,,1,1.0,1
ذَنُوبَاً,,ذنوب,ا,1,1.0,1
ذَنُوبِ,,ذنوب,,1,1.0,1
أَصْحَابِهِمْ,,أصحاب,هم,1,1.0,1
يَسْتَعْجِلُونِ,ي,ستعجل+ون+None+None,,1,1.0,1
يَوْمِهِمُ,,يوم,هم,1,1.0,1
وَالطُّورِ,و|ال,طور,,1,1.0,1
مَسْطُورٍ,,مسطور,,1,1.0,1
رَقٍّ,,رق,,1,1.0,1
مَنْشُورٍ,,منشور,,1,1.0,1
وَالْبَيْتِ,و|ال,بيت,,1,1.0,1
الْمَعْمُورِ,ال,معمور,,1,1.0,1
وَالسَّقْفِ,و|ال,سقف,,1,1.0,1
الْمَرْفُوعِ,ال,مرفوع,,1,1.0,1
الْمَسْجُورِ,ال,مسجور,,1,1.0,1
دَافِعٍ,,دافع,,1,1.0,1
مَوْرَاً,,مور,ا,1,1.0,1
وَتَسِيرُ,و|ت,سير,,1,1.0,1
سَيْرَاً,,سير,ا,1,1.0,1
خَوْضٍ,,خوض,(null),1,1.0,1
يُدَعُّونَ,ي,دع,ون,1,1.0,1
دَعَّاً,,دعا,,1,1.0,1
أَفَسِحْرٌ,أ,ف+سحر,,1,1.0,1
وَنَعِيمٍ,و,نعيم,,1,1.0,1
مَصْفُوفَةٍ,,مصفوف,ة,1,1.0,1
وَاتَّبَعَتْهُمْ,و,اتبع,ت|هم,1,1.0,1
ذُرِّيَّتُهُمْ,,ذر+ي,ت|هم,1,1.0,1
بِإِيمَانٍ,ب,إيمان,,1,1.0,1
أَلْحَقْنَا,,ألحق,نا,1,1.0,1
أَلَتْنَاهُمْ,,ألت,نا|هم,1,1.0,1
عَمَلِهِمْ,,عمل,هم,1,1.0,1
رَهِينٌ,,رهين,,1,1.0,1
وَأَمْدَدْنَاهُمْ,و,أمدد,نا|هم,1,1.0,1
وَلَحْمٍ,و,لحم,,1,1.0,1
لَغْوٌ,,لغو,,1,1.0,1
تَأْثِيمٌ,,تأثيم,,1,1.0,1
غِلْمَانٌ,,غلمان,,1,1.0,1
لُؤْلُؤٌ,,لؤلؤ,,1,1.0,1
أَهْلِنَا,,أهل,نا,1,1.0,1
وَوَقَانَا,و,وقا,نا,1,1.0,1
نَدْعُوهُ,ن,دع,و|ه,1,1.0,1
الْبَرُّ,ال,بر,(null),1,1.0,1
بِكَاهِنٍ,ب,كاهن,,1,1.0,1
الْمَنُونِ,ال,منون,,1,1.0,1
تَرَبَّصُوا,,تربص,وا,1,1.0,1
الْمُتَرَبِّصِينَ,ال,متربص,ين,1,1.0,1
تَأْمُرُهُمْ,ت,أمر,هم,1,1.0,1
أَحْلَامُهُمْ,,أحلام,هم,1,1.0,1
تَقَوَّلَهُ,,تقول,ه,1,1.0,1
بِحَدِيثٍ,ب,حديث,,1,1.0,1
خُلِقُوا,,خلق,وا,1,1.0,1
الْمُصَيْطِرُونَ,ال,مصيطر,ون,1,1.0,1
سُلَّمٌ,,سلم,(null),1,1.0,1
فَلْيَأْتِ,,ف+ل+ي+أت,,1,1.0,1
مُسْتَمِعُهُمْ,,مستمع,هم,1,1.0,1
الْمَكِيدُونَ,ال,مكيد,ون,1,1.0,1
كِسْفَاً,,كسف,ا,1,1.0,1
سَاقِطَاً,,ساقط,ا,1,1.0,1
مَرْكُومٌ,,مركوم,,1,1.0,1
يُصْعَقُونَ,ي,صعق,ون,1,1.0,1
وَإِدْبَارَ,و,إدبار,,1,1.0,1
وَالنَّجْمِ,و|ال,نجم,,1,1.0,1
غَوَى,,غوى,,1,1.0,1
وَحْيٌ,,وحي,,1,1.0,1
الْقُوَى,ال,قوى,,1,1.0,1
مِرَّةٍ,,مر,ة|(null),1,1.0,1
دَنَا,,دنا,,1,1.0,1
فَتَدَلَّى,ف,تدلى,,1,1.0,1
قَابَ,,قاب,(null),1,1.0,1
قَوْسَيْنِ,,قوس,ين,1,1.0,1
الْفُؤَادُ,ال,فؤاد,,1,1.0,1
أَفَتُمَارُونَهُ,أ,ف+ت+مار+ون+ه+None+None,,1,1.0,1
نَزْلَةً,,نزل,ت,1,1.0,1
سِدْرَةِ,,سدر,ة,1,1.0,1
السِّدْرَةَ,ال,سدر,ة,1,1.0,1
زَاغَ,,زاغ,,1,1.0,1
اللَّاتَ,ل,لات,,1,1.0,1
وَالْعُزَّى,و|ال,عزى,,1,1.0,1
وَمَنَاةَ,و,منا,ة,1,1.0,1
الثَّالِثَةَ,ال,ثالث,ة|(null),1,1.0,1
أَلَكُمُ,أ|ل,كم,,1,1.0,1
ضِيزَى,,ضيزى,,1,1.0,1
أَسْمَاءٌ,,أسماء,,1,1.0,1
مَلَكٍ,,ملك,(null),1,1.0,1
وَيَرْضَى,و|ي,رضى,,1,1.0,1
لَيُسَمُّونَ,,ل+ي+سم+ون+None+None,,1,1.0,1
تَسْمِيَةَ,,تسمي,ة|(null),1,1.0,1
مَبْلَغُهُمْ,,مبلغ,هم,1,1.0,1
وَيَجْزِيَ,و|ي,جزي,,1,1.0,1
اللَّمَمَ,ال,لمم,,1,1.0,1
وَاسِعُ,,واسع,,1,1.0,1
أَجِنَّةٌ,,أجن,ة,1,1.0,1
تُزَكُّوا,ت,زك,وا,1,1.0,1
وَأَعْطَى,و,أعطى,(null),1,1.0,1
وَأَكْدَى,و,أكدى,,1,1.0,1
أَعِنْدَهُ,أ,عند,ح,1,1.0,1
يُنَبَّأْ,ي,نبأ,,1,1.0,1
وَفَّى,,وفى,,1,1.0,1
سَعْيَهُ,,سعي,ه,1,1.0,1
يُجْزَاهُ,ي,جزا+ه+None,,1,1.0,1
الْجَزَاءَ,ال,جزاء,,1,1.0,1
الْأَوْفَى,ال,أوفى,,1,1.0,1
أَضْحَكَ,,أضحك,,1,1.0,1
وَأَبْكَى,و,أبكى,,1,1.0,1
أَمَاتَ,,أمات,,1,1.0,1
وَأَحْيَا,و,أحيا,,1,1.0,1
تُمْنَى,ت,منى,,1,1.0,1
وَأَقْنَى,و,أقنى,,1,1.0,1
الشِّعْرَى,ال,شعرى,,1,1.0,1
أَبْقَى,,أبقى,(null),1,1.0,1
وَأَطْغَى,و,أطغى,,1,1.0,1
وَالْمُؤْتَفِكَةَ,و|ال,مؤتفك,ة,1,1.0,1
أَهْوَى,,أهوى,,1,1.0,1
فَغَشَّاهَا,ف,غشا,ها,1,1.0,1
غَشَّى,,غشى,,1,1.0,1
تَتَمَارَى,ت,تمارى,,1,1.0,1
النُّذُرِ,ال,نذر,,1,1.0,1
أَزِفَتِ,,أزف,ت,1,1.0,1
الْآزِفَةُ,ال,آزف+ة+None,,1,1.0,1
كَاشِفَةٌ,,كاشف,ة,1,1.0,1
أَفَمِنْ,أ,ف+من,,1,1.0,1
تَعْجَبُونَ,ت,عجب,ون,1,1.0,1
وَتَضْحَكُونَ,و|ت,ضحك+ون+None+None,,1,1.0,1
تَبْكُونَ,ت,بك+ون+None+None,,1,1.0,1
سَامِدُونَ,,سامد,ون,1,1.0,1
فَاسْجُدُوا,ف,ا+سجد,وا,1,1.0,1
اقْتَرَبَتِ,,اقترب,ت,1,1.0,1
وَانْشَقَّ,و,انشق,,1,1.0,1
يُعْرِضُوا,ي,عرض,وا,1,1.0,1
وَيَقُولُوا,و|ي,قول,وا,1,1.0,1
مُسْتَمِرٌّ,,مستمر,(null),1,1.0,1
الْأَنْبَاءِ,ال,أنباء,(null),1,1.0,1
مُزْدَجَرٌ,,مزدجر,,1,1.0,1
حِكْمَةٌ,,حكم,ة,1,1.0,1
نُكُرٍ,,نكر,,1,1.0,1
خُشَّعَاً,,خشع,ا,1,1.0,1
جَرَادٌ,,جراد,,1,1.0,1
مُنْتَشِرٌ,,منتشر,,1,1.0,1
عَسِرٌ,,عسر,,1,1.0,1
وَازْدُجِرَ,و,ازدجر,,1,1.0,1
مَغْلُوبٌ,,مغلوب,,1,1.0,1
فَانْتَصِرْ,,ف+انتصر,,1,1.0,1
فَفَتَحْنَا,ف,فتح,نا,1,1.0,1
مُنْهَمِرٍ,,منهمر,,1,1.0,1
عُيُونَاً,,عيون,ا,1,1.0,1
فَالْتَقَى,ف,التقى,,1,1.0,1
وَحَمَلْنَاهُ,و,حمل,نا|ه,1,1.0,1
أَلْوَاحٍ,,ألواح,,1,1.0,1
وَدُسُرٍ,و,دسر,,1,1.0,1
كُفِرَ,,كفر,,1,1.0,1
تَرَكْنَاهَا,,ترك,نا|ها,1,1.0,1
نَحْسٍ,,نحس,,1,1.0,1
مُسْتَمِرٍّ,,مستمر,(null),1,1.0,1
تَنْزِعُ,ت,نزع,,1,1.0,1
مُنْقَعِرٍ,,منقعر,,1,1.0,1
أَبَشَرَاً,أ,بشر,ا,1,1.0,1
نَتَّبِعُهُ,ن,تبع,ه,1,1.0,1
أَأُلْقِيَ,أ,ألقي,,1,1.0,1
أَشِرٌ,,أشر,,1,1.0,1
الْكَذَّابُ,ال,كذاب,,1,1.0,1
الْأَشِرُ,ال,أشر,,1,1.0,1
مُرْسِلُو,,مرسل,و,1,1.0,1
النَّاقَةِ,ال,ناق,ة,1,1.0,1
فَارْتَقِبْهُمْ,,ف+ارتقب,هم,1,1.0,1
شِرْبٍ,,شرب,,1,1.0,1
مُحْتَضَرٌ,,محتضر,,1,1.0,1
صَاحِبَهُمْ,,صاحب,هم,1,1.0,1
فَتَعَاطَى,ف,تعاطى,,1,1.0,1
فَعَقَرَ,ف,عقر,,1,1.0,1
كَهَشِيمِ,ك,هشيم,,1,1.0,1
الْمُحْتَظِرِ,ال,محتظر,,1,1.0,1
نَجَّيْنَاهُمْ,,نجي,نا|هم,1,1.0,1
بِسَحَرٍ,ب,سحر,,1,1.0,1
أَنْذَرَهُمْ,,أنذر,هم,1,1.0,1
بَطْشَتَنَا,,بطشت,نا,1,1.0,1
فَتَمَارَوْا,ف,تمار,وا,1,1.0,1
رَاوَدُوهُ,,راود,و|ه,1,1.0,1
ضَيْفِهِ,,ضيف,ه,1,1.0,1
فَطَمَسْنَا,ف,طمس,نا,1,1.0,1
صَبَّحَهُمْ,,صبح,هم,1,1.0,1
كُلِّهَا,,كل,ها,1,1.0,1
أَخْذَ,,أخذ,(null),1,1.0,1
عَزِيزٍ,,عزيز,,1,1.0,1
أَكُفَّارُكُمْ,أ,كفار,كم,1,1.0,1
أُولَئِكُمْ,,أولئك+م,,1,1.0,1
مُنْتَصِرٌ,,منتصر,,1,1.0,1
سَيُهْزَمُ,س|ي,هزم,,1,1.0,1
الْجَمْعُ,ال,جمع,,1,1.0,1
وَيُوَلُّونَ,و|ي,ول+ون+None+None,,1,1.0,1
الدُّبُرَ,ال,دبر,,1,1.0,1
مَوْعِدُهُمْ,,موعد,هم,1,1.0,1
أَدْهَى,,أدهى,,1,1.0,1
وَأَمَرُّ,و,أمر,,1,1.0,1
كَلَمْحٍ,ك,لمح,,1,1.0,1
بِالْبَصَرِ,ب|ال,بصر,,1,1.0,1
أَشْيَاعَكُمْ,,أشياع,كم,1,1.0,1
صَغِيرٍ,,صغير,(null),1,1.0,1
وَكَبِيرٍ,و,كبير,,1,1.0,1
مُسْتَطَرٌ,,مستطر,,1,1.0,1
وَنَهَرٍ,و,نهر,,1,1.0,1
مَقْعَدِ,,مقعد,,1,1.0,1
مَلِيكٍ,,مليك,,1,1.0,1
الْبَيَانَ,ال,بيان,,1,1.0,1
بِحُسْبَانٍ,ب,حسبان,,1,1.0,1
وَالنَّجْمُ,و|ال,نجم,,1,1.0,1
يَسْجُدَانِ,ي,سجد,ان,1,1.0,1
رَفَعَهَا,,رفع,ها,1,1.0,1
وَوَضَعَ,و,وضع,(null),1,1.0,1
الْمِيزَانِ,ال,ميزان,,1,1.0,1
الْوَزْنَ,ال,وزن,(null),1,1.0,1
تُخْسِرُوا,ت,خسر,وا,1,1.0,1
وَضَعَهَا,,وضع,ها,1,1.0,1
لِلْأَنَامِ,ل|ال,أنام,,1,1.0,1
وَالنَّخْلُ,و|ال,نخل,,1,1.0,1
ذَاتُ,,ذات,,1,1.0,1
الْأَكْمَامِ,ال,أكمام,,1,1.0,1
وَالْحَبُّ,و|ال,حب,,1,1.0,1
الْعَصْفِ,ال,عصف,,1,1.0,1
وَالرَّيْحَانُ,و|ال,ريحان,,1,1.0,1
كَالْفَخَّارِ,ك|ال,فخار,,1,1.0,1
الْجَانَّ,ال,جان,(null),1,1.0,1
مَارِجٍ,,مارج,,1,1.0,1
الْمَغْرِبَيْنِ,ال,مغرب,ين,1,1.0,1
يَلْتَقِيَانِ,ي,لتقي,ان,1,1.0,1
يَبْغِيَانِ,ي,بغي,ان,1,1.0,1
اللُّؤْلُؤُ,ال,لؤلؤ,,1,1.0,1
الْمُنْشَآتُ,ال,منش,ات,1,1.0,1
فَانٍ,,فان,,1,1.0,1
وَيَبْقَى,و|ي,بقى,,1,1.0,1
يَسْأَلُهُ,ي,سأل,ه,1,1.0,1
سَنَفْرُغُ,س|ن,فرغ,,1,1.0,1
الثَّقَلَانِ,ال,ثقل,ان,1,1.0,1
تَنْفُذُوا,ت,نفذ,وا,1,1.0,1
أَقْطَارِ,,أقطار,,1,1.0,1
فَانْفُذُوا,ف,انفذ,وا,1,1.0,1
تَنْفُذُونَ,ت,نفذ,ون,1,1.0,1
يُرْسَلُ,ي,رسل,,1,1.0,1
عَلَيْكُمَا,علي,كما,,1,1.0,1
شُوَاظٌ,,شواظ,,1,1.0,1
وَنُحَاسٌ,و,نحاس,,1,1.0,1
تَنْتَصِرَانِ,ت,نتصر,ان,1,1.0,1
انْشَقَّتِ,,انشق,ت,1,1.0,1
وَرْدَةً,,ورد,ة,1,1.0,1
كَالدِّهَانِ,ك|ال,دهان,,1,1.0,1
ذَنْبِهِ,,ذنب,ه,1,1.0,1
يُعْرَفُ,ي,عرف,,1,1.0,1
فَيُؤْخَذُ,ف|ي,ؤخذ,,1,1.0,1
بِالنَّوَاصِي,ب|ال,نواصي,,1,1.0,1
وَالْأَقْدَامِ,و|ال,أقدام,,1,1.0,1
يَطُوفُونَ,ي,طوف,ون,1,1.0,1
آنٍ,,آن,,1,1.0,1
ذَوَاتَا,,ذوا,ت|ا,1,1.0,1
أَفْنَانٍ,,أفنان,,1,1.0,1
تَجْرِيَانِ,ت,جري,ان,1,1.0,1
زَوْجَانِ,,زوج,ان,1,1.0,1
فُرُشٍ,,فرش,,1,1.0,1
بَطَائِنُهَا,,بطائن,ها,1,1.0,1
إِسْتَبْرَقٍ,,إستبرق,,1,1.0,1
وَجَنَى,و,جنى,,1,1.0,1
دَانٍ,,دان,,1,1.0,1
الْيَاقُوتُ,ال,ياقوت,,1,1.0,1
الْإِحْسَانِ,ال,إحسان,,1,1.0,1
الْإِحْسَانُ,ال,إحسان,,1,1.0,1
مُدْهَامَّتَانِ,,مدهام,ة|ان,1,1.0,1
نَضَّاخَتَانِ,,نضاخ,ة|ان,1,1.0,1
وَنَخْلٌ,و,نخل,,1,1.0,1
وَرُمَّانٌ,و,رمان,,1,1.0,1
خَيْرَاتٌ,,خير,ات,1,1.0,1
حِسَانٌ,,حسان,,1,1.0,1
حُورٌ,,حور,,1,1.0,1
مَقْصُورَاتٌ,,مقصور,ات,1,1.0,1
الْخِيَامِ,ال,خيام,,1,1.0,1
رَفْرَفٍ,,رفرف,,1,1.0,1
وَعَبْقَرِيٍّ,و,عبقري,,1,1.0,1
حِسَانٍ,,حسان,,1,1.0,1
لِوَقْعَتِهَا,ل,وقع,ة|ها,1,1.0,1
كَاذِبَةٌ,,كاذب,ة,1,1.0,1
خَافِضَةٌ,,خافض,ة,1,1.0,1
رَافِعَةٌ,,رافع,ة,1,1.0,1
رُجَّتِ,,رج,ت,1,1.0,1
رَجَّاً,,رج,ا,1,1.0,1
وَبُسَّتِ,و,بس,ت,1,1.0,1
بَسَّاً,,بس,ا,1,1.0,1
مُنْبَثَّاً,,منبث,ا,1,1.0,1
ثَلَاثَةً,,ثلاث,ة,1,1.0,1
فَأَصْحَابُ,,ف+أصحاب,(null),1,1.0,1
السَّابِقُونَ,ال,سابق,ون,1,1.0,1
مَوْضُونَةٍ,,موضون,ة,1,1.0,1
يَطُوفُ,ي,طوف,,1,1.0,1
بِأَكْوَابٍ,ب,أكواب,,1,1.0,1
وَأَبَارِيقَ,و,أباريق,,1,1.0,1
وَكَأْسٍ,و,كأس,(null),1,1.0,1
يُصَدَّعُونَ,ي,صدع,ون,1,1.0,1
يُنْزِفُونَ,ي,نزف,ون,1,1.0,1
يَتَخَيَّرُونَ,ي,تخير,ون,1,1.0,1
وَلَحْمِ,و,لحم,,1,1.0,1
طَيْرٍ,,طير,,1,1.0,1
وَحُورٌ,و,حور,,1,1.0,1
كَأَمْثَالِ,ك,أمثال,(null),1,1.0,1
اللُّؤْلُؤِ,ال,لؤلؤ,,1,1.0,1
الْمَكْنُونِ,ال,مكنون,,1,1.0,1
تَأْثِيمَاً,,تأثيم,ا,1,1.0,1
مَخْضُودٍ,,مخضود,,1,1.0,1
وَطَلْحٍ,و,طلح,,1,1.0,1
مَمْدُودٍ,,ممدود,,1,1.0,1
وَمَاءٍ,و,ماء,,1,1.0,1
مَسْكُوبٍ,,مسكوب,,1,1.0,1
مَقْطُوعَةٍ,,مقطوع,ة,1,1.0,1
مَمْنُوعَةٍ,,ممنوع,ة,1,1.0,1
وَفُرُشٍ,و,فرش,,1,1.0,1
أَنْشَأْنَاهُنَّ,,أنشأ,نا|هن,1,1.0,1
إِنْشَاءً,,إنشاء,,1,1.0,1
فَجَعَلْنَاهُنَّ,ف,جعل,نا|هن,1,1.0,1
أَبْكَارَاً,,أبكار,ا,1,1.0,1
عُرُبَاً,,عرب,ا,1,1.0,1
وَثُلَّةٌ,و,ثل,ة,1,1.0,1
سَمُومٍ,,سموم,,1,1.0,1
وَحَمِيمٍ,و,حميم,,1,1.0,1
يَحْمُومٍ,,يحموم,,1,1.0,1
بَارِدٍ,,بارد,(null),1,1.0,1
مُتْرَفِينَ,,مترف,ين,1,1.0,1
يُصِرُّونَ,ي,صر,ون,1,1.0,1
الْحِنْثِ,ال,حنث,,1,1.0,1
أَئِذَا,أ,ئذا,,1,1.0,1
وَالْآخِرِينَ,و|ال,آخر,ين,1,1.0,1
لَمَجْمُوعُونَ,,ل+مجموع,ون,1,1.0,1
مِيقَاتِ,,ميقات,,1,1.0,1
الْمُكَذِّبُونَ,ال,مكذب,ون,1,1.0,1
شَجَرٍ,,شجر,,1,1.0,1
زَقُّومٍ,,زقوم,,1,1.0,1
شُرْبَ,,شرب,,1,1.0,1
الْهِيمِ,ال,هيم,,1,1.0,1
نُزُلُهُمْ,,نزل,هم,1,1.0,1
تُصَدِّقُونَ,ت,صدق,ون,1,1.0,1
تُمْنُونَ,ت,من+ون+None,,1,1.0,1
تَخْلُقُونَهُ,ت,خلق+ون+ه+None+None,,1,1.0,1
وَنُنْشِئَكُمْ,و|ن,نشئ,كم,1,1.0,1
تَحْرُثُونَ,ت,حرث+ون+None,,1,1.0,1
تَزْرَعُونَهُ,ت,زرع+ون+ه+None+None,,1,1.0,1
الزَّارِعُونَ,ال,زارع,ون,1,1.0,1
فَظَلْتُمْ,ف,ظل,تم,1,1.0,1
تَفَكَّهُونَ,ت,فكه,ون,1,1.0,1
لَمُغْرَمُونَ,,ل+مغرم,ون,1,1.0,1
أَنْزَلْتُمُوهُ,,أنزل+تم+و,ه,1,1.0,1
الْمُزْنِ,ال,مزن,,1,1.0,1
الْمُنْزِلُونَ,ال,منزل,ون,1,1.0,1
أُجَاجَاً,,أجاج,ا,1,1.0,1
تُورُونَ,ت,ور+ون+None,,1,1.0,1
أَنْشَأْتُمْ,,أنشأ,تم,1,1.0,1
شَجَرَتَهَا,,شجر,ة|ها,1,1.0,1
الْمُنْشِئُونَ,ال,منشئ,ون,1,1.0,1
لِلْمُقْوِينَ,ل|ال,مقو,ين,1,1.0,1
بِمَوَاقِعِ,ب,مواقع,,1,1.0,1
لَقَسَمٌ,,ل+قسم,,1,1.0,1
لَقُرْآنٌ,,ل+قرآن,(null),1,1.0,1
مَكْنُونٍ,,مكنون,,1,1.0,1
يَمَسُّهُ,ي,مس,ه,1,1.0,1
الْمُطَهَّرُونَ,ال,مطهر,ون,1,1.0,1
أَفَبِهَذَا,أ|ف|ب,هذا,,1,1.0,1
مُدْهِنُونَ,,مدهن,ون,1,1.0,1
رِزْقَكُمْ,,رزق,كم,1,1.0,1
الْحُلْقُومَ,ال,حلقوم,,1,1.0,1
حِينَئِذٍ,,حينـئذ,,1,1.0,1
مَدِينِينَ,,مدين,ين,1,1.0,1
تَرْجِعُونَهَا,ت,رجع+ون+ها+None+None,,1,1.0,1
فَرَوْحٌ,,ف+روح,,1,1.0,1
وَرَيْحَانٌ,و,ريحان,,1,1.0,1
وَجَنَّتُ,و,جن,ة|(null),1,1.0,1
فَسَلَامٌ,ف,سلام,,1,1.0,1
فَنُزُلٌ,,ف+نزل,,1,1.0,1
وَتَصْلِيَةُ,و,تصلي,ة,1,1.0,1
حَقُّ,,حق,,1,1.0,1
الْأَوَّلُ,ال,أول,(null),1,1.0,1
وَالْآخِرُ,و|ال,آخر,,1,1.0,1
وَالظَّاهِرُ,و|ال,ظاهر,,1,1.0,1
وَالْبَاطِنُ,و|ال,باطن,,1,1.0,1
مُسْتَخْلَفِينَ,,ستخلف,ين,1,1.0,1
وَقَاتَلَ,و,قاتل,,1,1.0,1
بُشْرَاكُمُ,,بشرى,كم,1,1.0,1
انْظُرُونَا,,ا+نظر,و|نا,1,1.0,1
نَقْتَبِسْ,ن,قتبس,,1,1.0,1
نُورِكُمْ,,نور,كم,1,1.0,1
فَالْتَمِسُوا,ف,التمس,وا,1,1.0,1
فَضُرِبَ,ف,ضرب,,1,1.0,1
بِسُورٍ,ب,سور,,1,1.0,1
بَابٌ,,باب,,1,1.0,1
بَاطِنُهُ,,باطن,ه,1,1.0,1
الرَّحْمَةُ,ال,رحم,ة,1,1.0,1
وَظَاهِرُهُ,و,ظاهر,ه,1,1.0,1
قِبَلِهِ,,قبل,ه,1,1.0,1
يُنَادُونَهُمْ,ي,ناد+ون+هم+None+None,,1,1.0,1
فَتَنْتُمْ,,فتن,تم,1,1.0,1
وَتَرَبَّصْتُمْ,و,تربص+تم+None+None,,1,1.0,1
وَارْتَبْتُمْ,و,ارتب+تم+None+None,,1,1.0,1
الْأَمَانِيُّ,ال,أماني,,1,1.0,1
وَغَرَّكُمْ,و,غر,كم,1,1.0,1
مَأْوَاكُمُ,,مأو,كم,1,1.0,1
يَأْنِ,ي,أن,,1,1.0,1
تَخْشَعَ,ت,خشع,,1,1.0,1
لِذِكْرِ,ل,ذكر,,1,1.0,1
فَطَالَ,,ف+طال,,1,1.0,1
الْأَمَدُ,ال,أمد,(null),1,1.0,1
فَقَسَتْ,ف,قس,ت,1,1.0,1
الْمُصَّدِّقِينَ,ال,مصدق,ين,1,1.0,1
وَالْمُصَّدِّقَاتِ,و|ال,مصدق,ات,1,1.0,1
وَأَقْرَضُوا,و,أقرض,وا,1,1.0,1
الصِّدِّيقُونَ,ال,صديق,ون,1,1.0,1
وَالشُّهَدَاءُ,و|ال,شهداء,,1,1.0,1
وَنُورُهُمْ,و,نور,هم,1,1.0,1
وَزِينَةٌ,و,زين,ة,1,1.0,1
وَتَفَاخُرٌ,و,تفاخر,,1,1.0,1
وَتَكَاثُرٌ,و,تكاثر,,1,1.0,1
غَيْثٍ,,غيث,,1,1.0,1
أَعْجَبَ,,أعجب,,1,1.0,1
سَابِقُوا,,سابق,وا,1,1.0,1
كَعَرْضِ,ك,عرض,,1,1.0,1
نَبْرَأَهَا,ن,برأ,ها,1,1.0,1
تَأْسَوْا,ت,أس,وا,1,1.0,1
تَفْرَحُوا,ت,فرح,وا,1,1.0,1
لِيَقُومَ,ل|ي,قوم,,1,1.0,1
بَأْسٌ,,بأس,,1,1.0,1
وَرُسُلَهُ,و,رسل,ه,1,1.0,1
مُهْتَدٍ,,مهتد,,1,1.0,1
قَفَّيْنَا,,قفي,نا,1,1.0,1
بِرُسُلِنَا,ب,رسل,نا,1,1.0,1
رَأْفَةً,,رأف,ة,1,1.0,1
وَرَهْبَانِيَّةً,و,رهبان+ي,ة,1,1.0,1
ابْتَدَعُوهَا,,ابتدع,و|ها,1,1.0,1
كَتَبْنَاهَا,,كتب,نا|ها,1,1.0,1
رِضْوَانِ,,رضوان,,1,1.0,1
رَعَوْهَا,,رع,و|ها,1,1.0,1
رِعَايَتِهَا,,رعاي,ة|(null)|ها,1,1.0,1
فَآتَيْنَا,ف,آتي,نا,1,1.0,1
بِرَسُولِهِ,ب,رسول+ه+None,,1,1.0,1
كِفْلَيْنِ,,كفل,ين,1,1.0,1
تَمْشُونَ,ت,مش,ون,1,1.0,1
تُجَادِلُكَ,ت,جادل,ك,1,1.0,1
زَوْجِهَا,,زوج,(null)|ها,1,1.0,1
وَتَشْتَكِي,و|ت,شتكي,,1,1.0,1
تَحَاوُرَكُمَا,,تحاور,كما,1,1.0,1
أُمَّهَاتِهِمْ,,أمه,ات|هم,1,1.0,1
وَلَدْنَهُمْ,,ولد,ن|هم,1,1.0,1
مُنْكَرَاً,,منكر,ا,1,1.0,1
تُوعَظُونَ,ت,وعظ,ون,1,1.0,1
فَإِطْعَامُ,ف,إطعام,,1,1.0,1
سِتِّينَ,,ست,ين,1,1.0,1
كُبِتُوا,,كبت,وا,1,1.0,1
كُبِتَ,,كبت,,1,1.0,1
أَحْصَاهُ,,أحصا,ه,1,1.0,1
وَنَسُوهُ,و,نس,و|ه,1,1.0,1
خَمْسَةٍ,,خمس,ة|(null),1,1.0,1
وَيَتَنَاجَوْنَ,و|ي,تناج+ون+None+None,,1,1.0,1
حَيَّوْكَ,,حي,و|ك,1,1.0,1
يُحَيِّكَ,ي,حي,ك,1,1.0,1
يُعَذِّبُنَا,ي,عذب,نا,1,1.0,1
تَنَاجَيْتُمْ,,تناجي,تم,1,1.0,1
تَتَنَاجَوْا,ت,تناج,وا,1,1.0,1
وَتَنَاجَوْا,و,تناج,وا,1,1.0,1
لِيَحْزُنَ,ل|ي,حزن,,1,1.0,1
بِضَارِّهِمْ,ب,ضار,هم,1,1.0,1
تَفَسَّحُوا,,تفسح,وا,1,1.0,1
الْمَجَالِسِ,ال,مجالس,(null),1,1.0,1
فَافْسَحُوا,,ف+ا+فسح,وا,1,1.0,1
يَفْسَحِ,ي,فسح,,1,1.0,1
انْشُزُوا,,انشز,وا,1,1.0,1
فَانْشُزُوا,ف,انشز,وا,1,1.0,1
يَرْفَعِ,ي,رفع,,1,1.0,1
نَاجَيْتُمُ,,ناجي,تم,1,1.0,1
فَقَدِّمُوا,ف,قدم+وا+None,,1,1.0,1
أَأَشْفَقْتُمْ,أ,أشفق,تم,1,1.0,1
صَدَقَاتٍ,,صدق,ات,1,1.0,1
وَتَابَ,و,تاب,,1,1.0,1
الْكَذِبِ,ال,كذب,,1,1.0,1
فَيَحْلِفُونَ,ف|ي,حلف,و|ن,1,1.0,1
اسْتَحْوَذَ,,استحوذ,,1,1.0,1
الْأَذَلِّينَ,ال,أذل,ين,1,1.0,1
لَأَغْلِبَنَّ,,ل+أ+غلب+ن,,1,1.0,1
يُوَادُّونَ,ي,واد,و|ن,1,1.0,1
حَادَّ,,حاد,,1,1.0,1
إِخْوَانَهُمْ,,إخوان,هم,1,1.0,1
عَشِيرَتَهُمْ,,عشير,ت|هم,1,1.0,1
وَأَيَّدَهُمْ,و,أيد,هم,1,1.0,1
بِرُوحٍ,ب,روح,(null),1,1.0,1
وَيُدْخِلُهُمْ,و|ي,دخل,هم,1,1.0,1
لِأَوَّلِ,ل,أول,,1,1.0,1
الْحَشْرِ,ال,حشر,,1,1.0,1
مَانِعَتُهُمْ,,مان,ة|هم,1,1.0,1
حُصُونُهُمْ,,حصون,هم,1,1.0,1
يَحْتَسِبُوا,ي,حتسب,وا,1,1.0,1
يُخْرِبُونَ,ي,خرب,ون,1,1.0,1
بُيُوتَهُمْ,,بيوت,هم,1,1.0,1
وَأَيْدِي,و,أيدي,,1,1.0,1
فَاعْتَبِرُوا,,ف+اعتبر,وا,1,1.0,1
الْجَلَاءَ,ال,جلاء,,1,1.0,1
لَعَذَّبَهُمْ,,ل+عذب,هم,1,1.0,1
يُشَاقِّ,ي,شاق,,1,1.0,1
قَطَعْتُمْ,,قطع,تم,1,1.0,1
لِينَةٍ,,لين,ة,1,1.0,1
تَرَكْتُمُوهَا,,ترك+تم+و,ها,1,1.0,1
أُصُولِهَا,,أصول,ها,1,1.0,1
وَلِيُخْزِيَ,و|ل|ي,خزي,,1,1.0,1
أَوْجَفْتُمْ,,أوجف,تم,1,1.0,1
خَيْلٍ,,خيل,,1,1.0,1
رِكَابٍ,,ركاب,,1,1.0,1
يُسَلِّطُ,ي,سلط,,1,1.0,1
دُولَةً,,دول,ة|(null),1,1.0,1
الْأَغْنِيَاءِ,ال,أغنياء,,1,1.0,1
آتَاكُمُ,,آتا,كم,1,1.0,1
نَهَاكُمْ,,نها,كم,1,1.0,1
فَانْتَهُوا,,ف+انته,وا,1,1.0,1
وَأَمْوَالِهِمْ,و,أموال,(null)|هم,1,1.0,1
وَيَنْصُرُونَ,و|ي,نصر+ون+None+None,,1,1.0,1
تَبَوَّءُوا,,تبوء,وا,1,1.0,1
هَاجَرَ,,هاجر,,1,1.0,1
وَيُؤْثِرُونَ,و|ي,ؤثر+ون+None+None,,1,1.0,1
خَصَاصَةٌ,,خصاص,ة,1,1.0,1
وَلِإِخْوَانِنَا,و|ل,إخوان,نا,1,1.0,1
قُلُوبِنَا,,قلوب,(null)|نا,1,1.0,1
غِلَّاً,,غل,ا,1,1.0,1
لِإِخْوَانِهِمُ,ل,إخوان,هم,1,1.0,1
أُخْرِجْتُمْ,,أخرج,تم,1,1.0,1
لَنَخْرُجَنَّ,,ل+ن+خرج+ن,,1,1.0,1
نُطِيعُ,ن,طيع,,1,1.0,1
قُوتِلْتُمْ,,قوتل,تم,1,1.0,1
لَنَنْصُرَنَّكُمْ,,ل+ن+نصر+ن,كم,1,1.0,1
قُوتِلُوا,,قوتل,وا,1,1.0,1
نَصَرُوهُمْ,,نصر,و|هم,1,1.0,1
لَيُوَلُّنَّ,,ل+ي+ول+ن+None,,1,1.0,1
لَأَنْتُمْ,,ل+أنتم,,1,1.0,1
رَهْبَةً,,رهب,ة,1,1.0,1
مُحَصَّنَةٍ,,محصن,ة,1,1.0,1
جُدُرٍ,,جدر,,1,1.0,1
بَأْسُهُمْ,,بأس,هم,1,1.0,1
تَحْسَبُهُمْ,ت,حسب,هم,1,1.0,1
اكْفُرْ,,ا+كفر,,1,1.0,1
عَاقِبَتَهُمَا,,عاقب,ت|هما,1,1.0,1
خَالِدَيْنِ,,خالد,ين,1,1.0,1
وَلْتَنْظُرْ,و,ل+ت+نظر,,1,1.0,1
لِغَدٍ,ل,غد,,1,1.0,1
لَرَأَيْتَهُ,,ل+رأي+ت+ه+None,,1,1.0,1
خَاشِعَاً,,خاشع,ا,1,1.0,1
مُتَصَدِّعَاً,,متصدع,ا,1,1.0,1
الْقُدُّوسُ,ال,قدوس,,1,1.0,1
السَّلَامُ,ال,سلام,,1,1.0,1
الْمُؤْمِنُ,ال,مؤمن,,1,1.0,1
الْمُهَيْمِنُ,ال,مهيمن,(null),1,1.0,1
الْجَبَّارُ,ال,جبار,,1,1.0,1
الْمُتَكَبِّرُ,ال,متكبر,,1,1.0,1
الْخَالِقُ,ال,خالق,(null),1,1.0,1
الْبَارِئُ,ال,بارئ,,1,1.0,1
الْمُصَوِّرُ,ال,مصور,,1,1.0,1
عَدُوِّي,,عدو,ي,1,1.0,1
تُلْقُونَ,ت,لق,ون,1,1.0,1
يُخْرِجُونَ,ي,خرج,ون,1,1.0,1
خَرَجْتُمْ,,خرج,تم,1,1.0,1
مَرْضَاتِي,,مرضا,ت|ي,1,1.0,1
أَخْفَيْتُمْ,,أخفي,تم,1,1.0,1
أَعْلَنْتُمْ,,أعلن,تم,1,1.0,1
يَفْعَلْهُ,ي,فعل,ه,1,1.0,1
يَثْقَفُوكُمْ,ي,ثقف,و|كم,1,1.0,1
وَيَبْسُطُوا,و|ي,بسط,وا,1,1.0,1
وَأَلْسِنَتَهُمْ,و,ألسن,ت|هم,1,1.0,1
وَوَدُّوا,و,ود,وا,1,1.0,1
تَنْفَعَكُمْ,ت,نفع,كم,1,1.0,1
أَرْحَامُكُمْ,,أرحام,كم,1,1.0,1
لِقَوْمِهِمْ,ل,قوم,هم,1,1.0,1
بُرَآءُ,,برآء,,1,1.0,1
الْعَدَاوَةُ,ال,عداو,ة,1,1.0,1
وَالْبَغْضَاءُ,و|ال,بغضاء,,1,1.0,1
لَأَسْتَغْفِرَنَّ,,ل+أ+ستغفر+ن,,1,1.0,1
أَنَبْنَا,,أنب,نا,1,1.0,1
عَادَيْتُمْ,,عادي,تم,1,1.0,1
يُخْرِجُوكُمْ,ي,خرج,و|كم,1,1.0,1
تَبَرُّوهُمْ,ت,بر,و|هم,1,1.0,1
وَتُقْسِطُوا,و|ت,قسط,وا,1,1.0,1
وَأَخْرَجُوكُمْ,و,أخرج,و|كم,1,1.0,1
وَظَاهَرُوا,و,ظاهر,وا,1,1.0,1
إِخْرَاجِكُمْ,,إخراج,كم,1,1.0,1
تَوَلَّوْهُمْ,ت,ول,و|هم,1,1.0,1
مُهَاجِرَاتٍ,,مهاجر,ات,1,1.0,1
فَامْتَحِنُوهُنَّ,,ف+ا+متحن,و|هن,1,1.0,1
بِإِيمَانِهِنَّ,ب,إيمان,هن,1,1.0,1
عَلِمْتُمُوهُنَّ,,علم+تم+و,هن,1,1.0,1
تَرْجِعُوهُنَّ,ت,رجع,و|هن,1,1.0,1
يَحِلُّونَ,ي,حل,ون,1,1.0,1
تُمْسِكُوا,ت,مسك,وا,1,1.0,1
بِعِصَمِ,ب,عصم,,1,1.0,1
الْكَوَافِرِ,ال,كوافر,,1,1.0,1
وَلْيَسْأَلُوا,و,ل+ي+سأل,وا,1,1.0,1
فَعَاقَبْتُمْ,ف,عاقب,تم,1,1.0,1
فَآتُوا,,ف+آت,وا,1,1.0,1
ذَهَبَتْ,,ذهب,ت,1,1.0,1
أَزْوَاجُهُمْ,,أزواج,هم,1,1.0,1
يُبَايِعْنَكَ,ي,بايع,ن|ك,1,1.0,1
يُشْرِكْنَ,ي,شرك,ن,1,1.0,1
يَسْرِقْنَ,ي,سرق,ن,1,1.0,1
يَزْنِينَ,ي,زني,ن,1,1.0,1
يَقْتُلْنَ,ي,قتل,ن,1,1.0,1
بِبُهْتَانٍ,ب,بهتان,,1,1.0,1
يَفْتَرِينَهُ,ي,فتري+ن,ه,1,1.0,1
أَيْدِيهِنَّ,,أيدي,هن,1,1.0,1
وَأَرْجُلِهِنَّ,و,أرجل,هن,1,1.0,1
يَعْصِينَكَ,ي,عصي,ن|ك,1,1.0,1
فَبَايِعْهُنَّ,ف,بايع,هن,1,1.0,1
بُنْيَانٌ,,بنيان,,1,1.0,1
مَرْصُوصٌ,,مرصوص,,1,1.0,1
تُؤْذُونَنِي,ت,ؤذ+ون+ن+ي+None+None,,1,1.0,1
زَاغُوا,,زاغ,وا,1,1.0,1
أَزَاغَ,,أزاغ,,1,1.0,1
بِرَسُولٍ,ب,رسول,,1,1.0,1
أَحْمَدُ,,أحمد,,1,1.0,1
يُدْعَى,ي,دعى,,1,1.0,1
لِيُطْفِئُوا,ل|ي,طفئ,وا,1,1.0,1
مُتِمُّ,,متم,,1,1.0,1
تِجَارَةٍ,,تجار,ة,1,1.0,1
تُنْجِيكُمْ,ت,نجي,كم,1,1.0,1
وَتُجَاهِدُونَ,و|ت,جاهد+ون+None+None,,1,1.0,1
وَيُدْخِلْكُمْ,و|ي,دخل,كم,1,1.0,1
تُحِبُّونَهَا,ت,حب+ون+ها+None+None,,1,1.0,1
وَفَتْحٌ,و,فتح,(null),1,1.0,1
أَنْصَارَ,,أنصار,,1,1.0,1
لِلْحَوَارِيِّينَ,ل|ال,حوار+ي,ين,1,1.0,1
فَآمَنَتْ,ف,آمن,ت,1,1.0,1
وَكَفَرَتْ,و,كفر,ت,1,1.0,1
فَأَيَّدْنَا,ف,أيد,نا,1,1.0,1
عَدُوِّهِمْ,,عدو,هم,1,1.0,1
الْقُدُّوسِ,ال,قدوس,,1,1.0,1
حُمِّلُوا,,حمل,وا,1,1.0,1
يَحْمِلُوهَا,ي,حمل,و|ها,1,1.0,1
الْحِمَارِ,ال,حمار,,1,1.0,1
أَسْفَارَاً,,أسفار,ا,1,1.0,1
يَتَمَنَّوْنَهُ,ي,تمن+ون+ه+None+None,,1,1.0,1
تَفِرُّونَ,ت,فر,ون,1,1.0,1
مُلَاقِيكُمْ,,ملاقي,كم,1,1.0,1
لِلصَّلَاةِ,ل|ال,صلا,ة|(null),1,1.0,1
الْجُمُعَةِ,ال,جمع,ة|(null),1,1.0,1
فَاسْعَوْا,ف,اسع,وا,1,1.0,1
قُضِيَتِ,,قضي,ت,1,1.0,1
الصَّلَاةُ,ال,صلا,ة,1,1.0,1
انْفَضُّوا,,انفض,وا,1,1.0,1
وَتَرَكُوكَ,و,ترك,و|ك,1,1.0,1
اللَّهْوِ,ال,لهو,,1,1.0,1
التِّجَارَةِ,ال,تجار,ة,1,1.0,1
نَشْهَدُ,ن,شهد,,1,1.0,1
لَرَسُولُ,,ل+رسول,,1,1.0,1
لَرَسُولُهُ,,ل+رسول,ه,1,1.0,1
فَطُبِعَ,ف,طبع,,1,1.0,1
تُعْجِبُكَ,ت,عجب,ك,1,1.0,1
أَجْسَامُهُمْ,,أجسام,هم,1,1.0,1
تَسْمَعْ,ت,سمع,,1,1.0,1
لِقَوْلِهِمْ,ل,قوم,هم,1,1.0,1
خُشُبٌ,,خشب,,1,1.0,1
مُسَنَّدَةٌ,,مسند,ة,1,1.0,1
صَيْحَةٍ,,صيح,ة,1,1.0,1
الْعَدُوُّ,ال,عدو,(null),1,1.0,1
فَاحْذَرْهُمْ,ف,ا+حذر,هم,1,1.0,1
يَسْتَغْفِرْ,ي,ستغفر,,1,1.0,1
لَوَّوْا,,لو,وا,1,1.0,1
وَرَأَيْتَهُمْ,و,رأي,ت|هم,1,1.0,1
أَسْتَغْفَرْتَ,أ,ستغفر,ت,1,1.0,1
يَنْفَضُّوا,ي,نفض,وا,1,1.0,1
رَجَعْنَا,,رجع,نا,1,1.0,1
لَيُخْرِجَنَّ,,ل+ي+خرج+ن,,1,1.0,1
الْأَعَزُّ,ال,أعز,,1,1.0,1
الْأَذَلَّ,ال,أذل,,1,1.0,1
وَلِرَسُولِهِ,و|ل,رسول,ه,1,1.0,1
تُلْهِكُمْ,ت,له,كم,1,1.0,1
فَيَقُولَ,ف|ي,قول,,1,1.0,1
أَخَّرْتَنِي,,أخر+ت+ن,ي,1,1.0,1
فَأَصَّدَّقَ,ف|أ,صدق,,1,1.0,1
يُؤَخِّرَ,ي,ؤخر,,1,1.0,1
أَجَلُهَا,,أجل,(null)|ها,1,1.0,1
فَذَاقُوا,ف,ذاق,وا,1,1.0,1
أَبَشَرٌ,أ,بشر,,1,1.0,1
يَهْدُونَنَا,ي,هد+ون+نا+None+None,,1,1.0,1
زَعَمَ,,زعم,,1,1.0,1
يُبْعَثُوا,ي,بعث,وا,1,1.0,1
لَتُبْعَثُنَّ,,ل+ت+بعث+ن+None+None,,1,1.0,1
لَتُنَبَّؤُنَّ,,ل+ت+نبؤ+ن+None+None+None,,1,1.0,1
عَمِلْتُمْ,,عمل,تم,1,1.0,1
وَالنُّورِ,و|ال,نور,,1,1.0,1
التَّغَابُنِ,ال,تغابن,,1,1.0,1
وَيُدْخِلْهُ,و|ي,دخل,ه,1,1.0,1
وَأَوْلَادِكُمْ,و,أولاد+كم+None,,1,1.0,1
فَاحْذَرُوهُمْ,ف,ا+حذر,و|هم,1,1.0,1
وَتَصْفَحُوا,و|ت,صفح,وا,1,1.0,1
وَتَغْفِرُوا,و|ت,غفر,وا,1,1.0,1
تُقْرِضُوا,ت,قرض,وا,1,1.0,1
يُضَاعِفْهُ,ي,ضاعف,ه,1,1.0,1
فَطَلِّقُوهُنَّ,ف,طلق,و|هن,1,1.0,1
لِعِدَّتِهِنَّ,ل,عد,ت|هن,1,1.0,1
وَأَحْصُوا,و,أحص,وا,1,1.0,1
تُخْرِجُوهُنَّ,ت,خرج,و|هن,1,1.0,1
بُيُوتِهِنَّ,,بيوت,هن,1,1.0,1
يَخْرُجْنَ,ي,خرج,ن,1,1.0,1
فَارِقُوهُنَّ,,فارق,و|هن,1,1.0,1
ذَوَيْ,,ذو,ي,1,1.0,1
مَخْرَجَاً,,مخرج,ا,1,1.0,1
وَيَرْزُقْهُ,و|ي,رزق,ه,1,1.0,1
يَحْتَسِبُ,ي,حتسب,,1,1.0,1
حَسْبُهُ,,حسب,ه,1,1.0,1
بَالِغُ,,بالغ,,1,1.0,1
قَدْرَاً,,قدر,ا,1,1.0,1
يَئِسْنَ,,يئس,ن,1,1.0,1
فَعِدَّتُهُنَّ,ف,عد,ت|هن,1,1.0,1
ثَلَاثَةُ,,ثلاث,ة,1,1.0,1
يَحِضْنَ,ي,حض,ن,1,1.0,1
وَأُولَاتُ,و,أول,ات,1,1.0,1
الْأَحْمَالِ,ال,أحمال,,1,1.0,1
أَجَلُهُنَّ,,أجل,هن,1,1.0,1
وَيُعْظِمْ,و|ي,عظم,,1,1.0,1
أَسْكِنُوهُنَّ,,أ+سكن,و|هن,1,1.0,1
سَكَنْتُمْ,,سكن,تم,1,1.0,1
وُجْدِكُمْ,,وجد,كم,1,1.0,1
تُضَارُّوهُنَّ,ت,ضار,و|هن,1,1.0,1
لِتُضَيِّقُوا,ل|ت,ضيق,وا,1,1.0,1
أُولَاتِ,,أول,ات,1,1.0,1
فَأَنْفِقُوا,ف,أنفق,وا,1,1.0,1
أَرْضَعْنَ,,أرضع,ن,1,1.0,1
وَأْتَمِرُوا,و,أ+تمر,وا,1,1.0,1
تَعَاسَرْتُمْ,,تعاسر,تم,1,1.0,1
فَسَتُرْضِعُ,ف|س|ت,رضع,,1,1.0,1
لِيُنْفِقْ,,ل+ي+نفق,,1,1.0,1
سَعَةٍ,,سع,ة,1,1.0,1
رِزْقُهُ,,رزق,ه,1,1.0,1
فَلْيُنْفِقْ,,ف+ل+ي+نفق,,1,1.0,1
آتَاهَا,,آتا,ها,1,1.0,1
عُسْرٍ,,عسر,,1,1.0,1
عَتَتْ,,عت,ت,1,1.0,1
فَحَاسَبْنَاهَا,ف,حاسب,نا|ها,1,1.0,1
وَعَذَّبْنَاهَا,و,عذب,نا|ها,1,1.0,1
فَذَاقَتْ,ف,ذاق,ت,1,1.0,1
خُسْرَاً,,خسر,ا,1,1.0,1
لِيُخْرِجَ,ل|ي,خرج,,1,1.0,1
مِثْلَهُنَّ,,مثل,هن,1,1.0,1
يَتَنَزَّلُ,ي,تنزل,,1,1.0,1
بَيْنَهُنَّ,,بين,هن,1,1.0,1
تُحَرِّمُ,ت,حرم,,1,1.0,1
تَبْتَغِي,ت,بتغي,,1,1.0,1
مَرْضَاتَ,,مرضا,ت,1,1.0,1
أَزْوَاجِكَ,,أزواج,ك,1,1.0,1
تَحِلَّةَ,,تحل,ة,1,1.0,1
أَزْوَاجِهِ,,أزواج,ه,1,1.0,1
نَبَّأَتْ,,نبأ,ت,1,1.0,1
وَأَظْهَرَهُ,و,أظهر+ه+None,,1,1.0,1
عَرَّفَ,,عرف,,1,1.0,1
وَأَعْرَضَ,و,أعرض,,1,1.0,1
نَبَّأَهَا,,نبأ,ها,1,1.0,1
أَنْبَأَكَ,,أنبأ,ك,1,1.0,1
نَبَّأَنِيَ,,نبأ+ن,ي,1,1.0,1
تَتُوبَا,ت,توب,ا,1,1.0,1
صَغَتْ,,صغ,ت,1,1.0,1
قُلُوبُكُمَا,,قلوب,كما,1,1.0,1
وَجِبْرِيلُ,و,جبريل,,1,1.0,1
وَصَالِحُ,و,صالح,,1,1.0,1
ظَهِيرٌ,,ظهير,,1,1.0,1
طَلَّقَكُنَّ,,طلق,كن,1,1.0,1
يُبْدِلَهُ,ي,بدل,ه,1,1.0,1
مُسْلِمَاتٍ,,مسلم,ات|(null),1,1.0,1
قَانِتَاتٍ,,قانت,ات,1,1.0,1
تَائِبَاتٍ,,تائب,ات,1,1.0,1
عَابِدَاتٍ,,عابد,ات,1,1.0,1
سَائِحَاتٍ,,سائح,ات,1,1.0,1
ثَيِّبَاتٍ,,ثيب,ات,1,1.0,1
وَأَبْكَارَاً,و,أبكار,ا,1,1.0,1
قُوا,,ق,وا,1,1.0,1
وَأَهْلِيكُمْ,و,أهل,ي|كم,1,1.0,1
غِلَاظٌ,,غلاظ,,1,1.0,1
يَعْصُونَ,ي,عص,ون,1,1.0,1
نَصُوحَاً,,نصوح,ا,1,1.0,1
يُكَفِّرَ,ي,كفر,,1,1.0,1
وَيُدْخِلَكُمْ,و|ي,دخل,كم,1,1.0,1
يُخْزِي,ي,خزي,,1,1.0,1
أَتْمِمْ,,أ+تمم,,1,1.0,1
نُورَنَا,,نور,نا,1,1.0,1
وَامْرَأَتَ,و,امرأ,ة,1,1.0,1
عَبْدَيْنِ,,عبد,ين,1,1.0,1
صَالِحَيْنِ,,صالح,ين,1,1.0,1
فَخَانَتَاهُمَا,ف,خان,ت|ا|هما,1,1.0,1
يُغْنِيَا,ي,غني,ا,1,1.0,1
ادْخُلَا,,ا+دخل,ا,1,1.0,1
الدَّاخِلِينَ,ال,داخل,ين,1,1.0,1
وَعَمَلِهِ,و,عمل,(null)|ه,1,1.0,1
وَمَرْيَمَ,و,مريم,,1,1.0,1
ابْنَتَ,,ابن,ت,1,1.0,1
وَصَدَّقَتْ,و,صدق,ت,1,1.0,1
بِكَلِمَاتِ,ب,كلم,ات,1,1.0,1
وَكَانَتْ,و,كان,ت,1,1.0,1
الْقَانِتِينَ,ال,قانت,ين,1,1.0,1
وَالْحَيَاةَ,و|ال,حيا,ة,1,1.0,1
تَفَاوُتٍ,,تفاوت,(null),1,1.0,1
فَارْجِعِ,ف,ا+رجع,,1,1.0,1
فُطُورٍ,,فطور,,1,1.0,1
ارْجِعِ,,ا+رجع,,1,1.0,1
كَرَّتَيْنِ,,كر,ت|ين,1,1.0,1
خَاسِئَاً,,خاسئ,ا,1,1.0,1
حَسِيرٌ,,حسير,,1,1.0,1
رُجُومَاً,,رجوم,ا,1,1.0,1
لِلشَّيَاطِينِ,ل|ال,شياطين,,1,1.0,1
وَلِلَّذِينَ,و|ل,لذين,,1,1.0,1
شَهِيقَاً,,شهيق,ا,1,1.0,1
تَفُورُ,ت,فور,,1,1.0,1
تَمَيَّزُ,,تميز,,1,1.0,1
سَأَلَهُمْ,,سأل,هم,1,1.0,1
فَكَذَّبْنَا,ف,كذب,نا,1,1.0,1
نَعْقِلُ,ن,عقل,,1,1.0,1
فَاعْتَرَفُوا,ف,اعترف,وا,1,1.0,1
فَسُحْقَاً,ف,سحق,ا,1,1.0,1
وَأَسِرُّوا,و,أسر,وا,1,1.0,1
قَوْلَكُمْ,,قول,كم,1,1.0,1
اجْهَرُوا,,اجهر,وا,1,1.0,1
ذَلُولَاً,,ذلول,ا,1,1.0,1
فَامْشُوا,ف,ا+مش,وا,1,1.0,1
مَنَاكِبِهَا,,مناكب,ها,1,1.0,1
رِزْقِهِ,,رزق,ه,1,1.0,1
أَأَمِنْتُمْ,أ,أمن,تم,1,1.0,1
نَذِيرِ,,نذير,,1,1.0,1
وَيَقْبِضْنَ,و|ي,قبض,ن,1,1.0,1
غُرُورٍ,,غرور,(null),1,1.0,1
أَمْسَكَ,,أمسك,,1,1.0,1
لَجُّوا,,لج,وا,1,1.0,1
عُتُوٍّ,,عتو,,1,1.0,1
وَنُفُورٍ,و,نفور,,1,1.0,1
مُكِبَّاً,,مكب,ا,1,1.0,1
زُلْفَةً,,زلف,ة,1,1.0,1
سِيئَتْ,,سيئ,ة|(null),1,1.0,1
وُجُوهُ,,وجوه,,1,1.0,1
أَهْلَكَنِيَ,,أهلك+ن,ي,1,1.0,1
رَحِمَنَا,,رحم,نا,1,1.0,1
أَصْبَحَ,,أصبح,,1,1.0,1
مَاؤُكُمْ,,ماء,كم,1,1.0,1
ن,,ن,,1,1.0,1
وَالْقَلَمِ,و|ال,قلم,,1,1.0,1
يَسْطُرُونَ,ي,سطر,ون,1,1.0,1
خُلُقٍ,,خلق,(null),1,1.0,1
فَسَتُبْصِرُ,ف,س+ت+بصر,,1,1.0,1
وَيُبْصِرُونَ,و|ي,بصر+ون+None+None,,1,1.0,1
بِأَيْيِكُمُ,ب,أي+ي,كم,1,1.0,1
الْمَفْتُونُ,ال,مفتون,,1,1.0,1
تُدْهِنُ,ت,دهن,,1,1.0,1
فَيُدْهِنُونَ,,ف+ي+دهن+ون+None+None,,1,1.0,1
حَلَّافٍ,,حلاف,,1,1.0,1
هَمَّازٍ,,هماز,,1,1.0,1
مَشَّاءٍ,,مشاء,,1,1.0,1
بِنَمِيمٍ,ب,نميم,,1,1.0,1
عُتُلٍّ,,عتل,,1,1.0,1
زَنِيمٍ,,زنيم,,1,1.0,1
سَنَسِمُهُ,,س+ن+سم,ه,1,1.0,1
الْخُرْطُومِ,ال,خرطوم,,1,1.0,1
بَلَوْنَاهُمْ,,بلو,نا|هم,1,1.0,1
بَلَوْنَا,,بلو,نا,1,1.0,1
لَيَصْرِمُنَّهَا,,ل+ي+صرم+ن+ها+None+None,,1,1.0,1
يَسْتَثْنُونَ,ي,ستثن+ون+None+None,,1,1.0,1
فَطَافَ,ف,طاف,,1,1.0,1
فَأَصْبَحَتْ,ف,أصبح+ت+None+None,,1,1.0,1
كَالصَّرِيمِ,ك|ال,صريم,,1,1.0,1
فَتَنَادَوْا,ف,تناد+وا+None+None,,1,1.0,1
اغْدُوا,,اغد,وا,1,1.0,1
حَرْثِكُمْ,,حرث,كم,1,1.0,1
صَارِمِينَ,,صارم,ين,1,1.0,1
فَانْطَلَقُوا,ف,انطلق+وا+None+None,,1,1.0,1
يَدْخُلَنَّهَا,ي,دخل+ن,ها,1,1.0,1
مِسْكِينٌ,,مسكين,(null),1,1.0,1
وَغَدَوْا,و,غد,وا,1,1.0,1
حَرْدٍ,,حرد,,1,1.0,1
رَأَوْهَا,,رأ,و|ها,1,1.0,1
أَوْسَطُهُمْ,,أوسط,هم,1,1.0,1
تُسَبِّحُونَ,ت,سبح,ون,1,1.0,1
يَتَلَاوَمُونَ,ي,تلاوم,ون,1,1.0,1
يُبْدِلَنَا,ي,بدل,نا,1,1.0,1
أَفَنَجْعَلُ,أ|ف|ن,جعل,,1,1.0,1
كَالْمُجْرِمِينَ,ك|ال,مجرم,ين,1,1.0,1
تَخَيَّرُونَ,,تخير+ون+None+None,,1,1.0,1
سَلْهُمْ,,سل,هم,1,1.0,1
يُكْشَفُ,ي,كشف,,1,1.0,1
سَاقٍ,,ساق,,1,1.0,1
وَيُدْعَوْنَ,و|ي,دع,و|ن,1,1.0,1
سَالِمُونَ,,سالم,ون,1,1.0,1
فَذَرْنِي,ف,ذر+ن,ي,1,1.0,1
كَصَاحِبِ,ك,صاحب,,1,1.0,1
الْحُوتِ,ال,حوت,,1,1.0,1
مَكْظُومٌ,,مكظوم,,1,1.0,1
تَدَارَكَهُ,,تدارك,ه,1,1.0,1
لَنُبِذَ,ل,نبذ,,1,1.0,1
مَذْمُومٌ,,مذموم,,1,1.0,1
فَاجْتَبَاهُ,ف,اجتبا,ه,1,1.0,1
لَيُزْلِقُونَكَ,,ل+ي+زلق,و|ن|ك,1,1.0,1
بِأَبْصَارِهِمْ,ب,أبصار,هم,1,1.0,1
بِالْقَارِعَةِ,ب|ال,قارع,ة,1,1.0,1
بِالطَّاغِيَةِ,ب|ال,طاغي,ة,1,1.0,1
صَرْصَرٍ,,صرصر,,1,1.0,1
عَاتِيَةٍ,,عاتي,ة|(null),1,1.0,1
وَثَمَانِيَةَ,و,ثماني,ة,1,1.0,1
حُسُومَاً,,حسوم,ا,1,1.0,1
صَرْعَى,,صرعى,,1,1.0,1
خَاوِيَةٍ,,خاوي,ة,1,1.0,1
بَاقِيَةٍ,,باقي,ة,1,1.0,1
قَبْلَهُ,,قبل,ه,1,1.0,1
وَالْمُؤْتَفِكَاتُ,و|ال,مؤتفك,ات,1,1.0,1
بِالْخَاطِئَةِ,ب|ال,خاطئ,ة,1,1.0,1
فَعَصَوْا,ف,عص,وا,1,1.0,1
أَخْذَةً,,أخذ,ة,1,1.0,1
رَابِيَةً,,رابي,ة,1,1.0,1
حَمَلْنَاكُمْ,,حمل,نا|كم,1,1.0,1
الْجَارِيَةِ,ال,جاري,ة|(null),1,1.0,1
لِنَجْعَلَهَا,ل|ن,جعل,ها,1,1.0,1
وَتَعِيَهَا,و|ت,عي,ها,1,1.0,1
وَاعِيَةٌ,,واعي,ة|(null),1,1.0,1
نَفْخَةٌ,,نفخ,ة,1,1.0,1
وَحُمِلَتِ,و,حمل,ت,1,1.0,1
فَدُكَّتَا,ف,دك,ت|ا,1,1.0,1
دَكَّةً,,دك,ة,1,1.0,1
وَانْشَقَّتِ,و,انشق,ت,1,1.0,1
وَاهِيَةٌ,,واهي,ة,1,1.0,1
أَرْجَائِهَا,,أرجائ,ها,1,1.0,1
وَيَحْمِلُ,و|ي,حمل,,1,1.0,1
عَرْشَ,,عرش,(null),1,1.0,1
ثَمَانِيَةٌ,,ثماني,ة,1,1.0,1
تُعْرَضُونَ,ت,عرض,ون,1,1.0,1
تَخْفَى,ت,خفى,,1,1.0,1
خَافِيَةٌ,,خافي,ة,1,1.0,1
هَاؤُمُ,,هاؤم,,1,1.0,1
اقْرَءُوا,,اقرء,وا,1,1.0,1
ظَنَنْتُ,,ظنن,ت,1,1.0,1
مُلَاقٍ,,ملاق,,1,1.0,1
أَسْلَفْتُمْ,,أسلف,تم,1,1.0,1
الْأَيَّامِ,ال,أيام,,1,1.0,1
الْخَالِيَةِ,ال,خالي,ة|(null),1,1.0,1
بِشِمَالِهِ,ب,شمال,ه,1,1.0,1
أُوتَ,,أو,ت,1,1.0,1
أَدْرِ,أ,در,,1,1.0,1
يَالَيْتَهَا,يا,ليت+ها+None,,1,1.0,1
كَانَتِ,,كان,ت,1,1.0,1
الْقَاضِيَةَ,ال,قاضي,ة,1,1.0,1
مَالِيَهْ,,مال,ي|ه,1,1.0,1
سُلْطَانِيَهْ,,سلطان,ي|ه,1,1.0,1
فَغُلُّوهُ,ف,غل,و|ه,1,1.0,1
صَلُّوهُ,,صل,و|ه,1,1.0,1
سِلْسِلَةٍ,,سلسل,ة|(null),1,1.0,1
ذَرْعُهَا,,ذرع,ها,1,1.0,1
سَبْعُونَ,,سبع,ون,1,1.0,1
ذِرَاعَاً,,ذراع,ا,1,1.0,1
فَاسْلُكُوهُ,,ف+ا+سلك,و|ه,1,1.0,1
غِسْلِينٍ,,غسلين,,1,1.0,1
يَأْكُلُهُ,ي,أكل,ه,1,1.0,1
الْخَاطِئُونَ,ال,خاطئ,ون,1,1.0,1
شَاعِرٍ,,شاعر,(null),1,1.0,1
كَاهِنٍ,,كاهن,,1,1.0,1
تَقَوَّلَ,ت,قول,,1,1.0,1
الْأَقَاوِيلِ,ال,أقاويل,,1,1.0,1
لَأَخَذْنَا,,ل+أخذ,نا,1,1.0,1
لَقَطَعْنَا,ل,قطع,نا,1,1.0,1
الْوَتِينَ,ال,وتين,,1,1.0,1
حَاجِزِينَ,,حاجز,ين,1,1.0,1
لَتَذْكِرَةٌ,,ل+تذكر,ة,1,1.0,1
لَنَعْلَمُ,ل|ن,علم,,1,1.0,1
مُكَذِّبِينَ,,مكذب,ين,1,1.0,1
لَحَسْرَةٌ,,ل+حسر,ة,1,1.0,1
لَحَقُّ,ل,حق,,1,1.0,1
سَأَلَ,,سأل,,1,1.0,1
سَائِلٌ,,سائل,,1,1.0,1
وَاقِعٍ,,واقع,,1,1.0,1
دَافِعٌ,,دافع,,1,1.0,1
الْمَعَارِجِ,ال,معارج,,1,1.0,1
تَعْرُجُ,ت,عرج,,1,1.0,1
يَرَوْنَهُ,ي,ر,و|ن|ه,1,1.0,1
وَنَرَاهُ,و|ن,را+ه+None,,1,1.0,1
يُبَصَّرُونَهُمْ,ي,بصر,و|ن|هم,1,1.0,1
الْمُجْرِمُ,ال,مجرم,,1,1.0,1
يَفْتَدِي,ي,فتدي,,1,1.0,1
بِبَنِيهِ,ب,بن,ي|ه,1,1.0,1
وَفَصِيلَتِهِ,و,فصيل,ت|ه,1,1.0,1
تُؤْوِيهِ,ت,ؤوي+ه+None,,1,1.0,1
يُنْجِيهِ,ي,نجي,ه,1,1.0,1
لَظَى,,لظى,,1,1.0,1
نَزَّاعَةً,,نزاع,ة,1,1.0,1
لِلشَّوَى,ل|ال,شوى,,1,1.0,1
تَدْعُو,ت,دعو,,1,1.0,1
وَجَمَعَ,و,جمع,,1,1.0,1
فَأَوْعَى,ف,أوعى,,1,1.0,1
هَلُوعَاً,,هلوع,ا,1,1.0,1
جَزُوعَاً,,جزوع,ا,1,1.0,1
مَنُوعَاً,,منوع,ا,1,1.0,1
دَائِمُونَ,,دائم,ون,1,1.0,1
يُصَدِّقُونَ,ي,صدق,ون,1,1.0,1
مَأْمُونٍ,,مأمون,,1,1.0,1
بِشَهَادَاتِهِمْ,ب,شهاد,ات|هم,1,1.0,1
قَائِمُونَ,,قائم,ون,1,1.0,1
قِبَلَكَ,,قبل,ك,1,1.0,1
عِزِينَ,,عز,ين,1,1.0,1
أَيَطْمَعُ,أ|ي,طمع,,1,1.0,1
يُدْخَلَ,ي,دخل,,1,1.0,1
جَنَّةَ,,جن,ة|(null),1,1.0,1
وَالْمَغَارِبِ,و|ال,مغارب,,1,1.0,1
نُصُبٍ,,نصب,(null),1,1.0,1
يُوفِضُونَ,ي,وفض,ون,1,1.0,1
أَنْذِرْ,,أ+نذر,,1,1.0,1
وَيُؤَخِّرْكُمْ,و|ي,ؤخر,كم,1,1.0,1
يُؤَخَّرُ,ي,ؤخر,,1,1.0,1
دَعَوْتُ,,دعو,ة|(null),1,1.0,1
وَنَهَارَاً,و,نهار,ا,1,1.0,1
يَزِدْهُمْ,ي,زد,هم,1,1.0,1
دُعَائِي,,دعائ,ي,1,1.0,1
لِتَغْفِرَ,ل|ت,غفر,,1,1.0,1
وَاسْتَغْشَوْا,و,استغش,وا,1,1.0,1
وَأَصَرُّوا,و,أصر,وا,1,1.0,1
جِهَارَاً,,جهار,ا,1,1.0,1
أَعْلَنْتُ,,أعلن,ت,1,1.0,1
وَأَسْرَرْتُ,و,أسرر,ت,1,1.0,1
إِسْرَارَاً,,إسرار,ا,1,1.0,1
فَقُلْتُ,ف,قل,ت,1,1.0,1
غَفَّارَاً,,غفار,ا,1,1.0,1
وَيُمْدِدْكُمْ,و|ي,مدد,كم,1,1.0,1
تَرْجُونَ,ت,رج,ون,1,1.0,1
وَقَارَاً,,وقار,ا,1,1.0,1
أَطْوَارَاً,,أطوار,ا,1,1.0,1
أَنْبَتَكُمْ,,أنبت,كم,1,1.0,1
يُعِيدُكُمْ,ي,عيد,كم,1,1.0,1
وَيُخْرِجُكُمْ,و|ي,خرج,كم,1,1.0,1
إِخْرَاجَاً,,إخراج,ا,1,1.0,1
بِسَاطَاً,,بساط,ا,1,1.0,1
لِتَسْلُكُوا,ل|ت,سلك,وا,1,1.0,1
عَصَوْنِي,,عص+و+ن,ي,1,1.0,1
يَزِدْهُ,ي,زد,ه,1,1.0,1
وَوَلَدُهُ,و,ولد,ه,1,1.0,1
كُبَّارَاً,,كبار,ا,1,1.0,1
وَدَّاً,,ود,ا,1,1.0,1
سُوَاعَاً,,سواع,ا,1,1.0,1
يَغُوثَ,,يغوث,,1,1.0,1
وَيَعُوقَ,و,يعوق,,1,1.0,1
وَنَسْرَاً,و,نسر,ا,1,1.0,1
أَضَلُّوا,,أضل,وا,1,1.0,1
خَطِيئَاتِهِمْ,,خطيئ,ات|هم,1,1.0,1
أُغْرِقُوا,,أغرق,وا,1,1.0,1
فَأُدْخِلُوا,ف,أدخل,وا,1,1.0,1
أَنْصَارَاً,,أنصار,ا,1,1.0,1
تَذَرْ,ت,ذر,,1,1.0,1
دَيَّارَاً,,ديار,ا,1,1.0,1
تَذَرْهُمْ,ت,ذر,هم,1,1.0,1
يُضِلُّوا,ي,ضل,وا,1,1.0,1
يَلِدُوا,ي,لد,وا,1,1.0,1
فَاجِرَاً,,فاجر,ا,1,1.0,1
كَفَّارَاً,,كفار,ا,1,1.0,1
تَبَارَاً,,تبار,ا,1,1.0,1
اسْتَمَعَ,,استمع,,1,1.0,1
نَفَرٌ,,نفر,,1,1.0,1
جَدُّ,,جد,,1,1.0,1
صَاحِبَةً,,صاحب,ة|(null),1,1.0,1
سَفِيهُنَا,,سفيه,نا,1,1.0,1
يَعُوذُونَ,ي,عوذ,ون,1,1.0,1
بِرِجَالٍ,ب,رجال,,1,1.0,1
فَزَادُوهُمْ,ف,زاد,و|هم,1,1.0,1
ظَنُّوا,,ظن,وا,1,1.0,1
لَمَسْنَا,,لمس,نا,1,1.0,1
فَوَجَدْنَاهَا,ف,وجد,نا|ها,1,1.0,1
مُلِئَتْ,,ملئ,ت,1,1.0,1
حَرَسَاً,,حرس,ا,1,1.0,1
وَشُهُبَاً,و,شهب,ا,1,1.0,1
نَقْعُدُ,ن,قعد,,1,1.0,1
لِلسَّمْعِ,ل|ال,سمع,,1,1.0,1
يَسْتَمِعِ,ي,ستمع,,1,1.0,1
شِهَابَاً,,شهاب,ا,1,1.0,1
أَشَرٌّ,,أشر,,1,1.0,1
أُرِيدَ,أ,ريد,,1,1.0,1
قِدَدَاً,,قدد,ا,1,1.0,1
نُعْجِزَ,ن,عجز,,1,1.0,1
نُعْجِزَهُ,ن,عجز,ه,1,1.0,1
هَرَبَاً,,هرب,ا,1,1.0,1
بِرَبِّهِ,ب,رب+ه+None+None,,1,1.0,1
بَخْسَاً,,بخس,ا,1,1.0,1
الْمُسْلِمُونَ,ال,مسلم,ون,1,1.0,1
تَحَرَّوْا,ت,حر,وا,1,1.0,1
حَطَبَاً,,حطب,ا,1,1.0,1
وَأَنْلَوِ,و,لو+أن+None,,1,1.0,1
الطَّرِيقَةِ,ال,طريق,ة,1,1.0,1
لَأَسْقَيْنَاهُمْ,,ل+أسقي,نا|هم,1,1.0,1
غَدَقَاً,,غدق,ا,1,1.0,1
يُعْرِضْ,ي,عرض,,1,1.0,1
يَسْلُكْهُ,ي,سلك,ه,1,1.0,1
صَعَدَاً,,صعد,ا,1,1.0,1
الْمَسَاجِدَ,ال,مساجد,(null),1,1.0,1
قَامَ,,قام,,1,1.0,1
يَدْعُوهُ,ي,دعو,ه,1,1.0,1
يَكُونُونَ,ي,كون,ون,1,1.0,1
لِبَدَاً,,لبد,ا,1,1.0,1
يُجِيرَنِي,ي,جير+ن,ي,1,1.0,1
أَجِدَ,أ,جد,,1,1.0,1
بَلَاغَاً,,بلاغ,ا,1,1.0,1
وَرِسَالَاتِهِ,و,رسال,ات|ه,1,1.0,1
أَضْعَفُ,,أضعف,,1,1.0,1
نَاصِرَاً,,ناصر,ا,1,1.0,1
وَأَقَلُّ,و,أقل,,1,1.0,1
يُظْهِرُ,ي,ظهر,,1,1.0,1
غَيْبِهِ,,غيب,ه,1,1.0,1
يَسْلُكُ,ي,سلك,,1,1.0,1
أَبْلَغُوا,,أبلغ,وا,1,1.0,1
وَأَحَاطَ,و,أحاط,,1,1.0,1
وَأَحْصَى,و,أحصى,,1,1.0,1
الْمُزَّمِّلُ,ال,مزمل,,1,1.0,1
قُمِ,,قم,,1,1.0,1
نِصْفَهُ,,نصف,ه,1,1.0,1
انْقُصْ,,ا+نقص,,1,1.0,1
زِدْ,,زد,,1,1.0,1
وَرَتِّلِ,و,رتل,,1,1.0,1
نَاشِئَةَ,,ناشئ,ة,1,1.0,1
وَطْئَاً,,وطئ,ا,1,1.0,1
وَتَبَتَّلْ,و,تبتل,,1,1.0,1
تَبْتِيلَاً,,تبتيل,ا,1,1.0,1
فَاتَّخِذْهُ,,ف+اتخذ,ه,1,1.0,1
وَاهْجُرْهُمْ,و,ا+هجر,هم,1,1.0,1
هَجْرَاً,,هجر,ا,1,1.0,1
وَذَرْنِي,و,ذر+ن,ي,1,1.0,1
وَالْمُكَذِّبِينَ,,و+ال+مكذب,ين,1,1.0,1
النَّعْمَةِ,ال,نعم,ة,1,1.0,1
وَمَهِّلْهُمْ,و,مهل,هم,1,1.0,1
أَنْكَالَاً,,أنكال,ا,1,1.0,1
وَجَحِيمَاً,و,جحيم,ا,1,1.0,1
وَطَعَامَاً,و,طعام,ا,1,1.0,1
غُصَّةٍ,,غص,ة,1,1.0,1
وَعَذَابَاً,و,عذاب,ا,1,1.0,1
كَثِيبَاً,,كثيب,ا,1,1.0,1
مَهِيلَاً,,مهيل,ا,1,1.0,1
فَعَصَى,ف,عصى,,1,1.0,1
أَخْذَاً,,أخذ,ا,1,1.0,1
وَبِيلَاً,,وبيل,ا,1,1.0,1
الْوِلْدَانَ,ال,ولدان,,1,1.0,1
شِيبَاً,,شيب,ا,1,1.0,1
مُنْفَطِرٌ,,منفطر,,1,1.0,1
ثُلُثَيِ,,ثلث,ي,1,1.0,1
وَنِصْفَهُ,و,نصف,ه,1,1.0,1
وَثُلُثَهُ,و,ثلث,ه,1,1.0,1
يُقَدِّرُ,ي,قدر,,1,1.0,1
تُحْصُوهُ,ت,حص,و|ه,1,1.0,1
سَيَكُونُ,س|ي,كون,,1,1.0,1
وَأَقْرِضُوا,و,أقرض,وا,1,1.0,1
وَأَعْظَمَ,و,أعظم,(null),1,1.0,1
الْمُدَّثِّرُ,ال,مدثر,,1,1.0,1
قُمْ,,قم,,1,1.0,1
فَأَنْذِرْ,ف,أنذر,,1,1.0,1
وَرَبَّكَ,و,رب+ك+None,,1,1.0,1
فَكَبِّرْ,ف,كبر,,1,1.0,1
وَثِيَابَكَ,و,ثياب+ك+None,,1,1.0,1
فَطَهِّرْ,ف,طهر,,1,1.0,1
وَالرُّجْزَ,و|ال,رجز,,1,1.0,1
فَاهْجُرْ,ف,ا+هجر,,1,1.0,1
تَمْنُنْ,ت,منن,,1,1.0,1
تَسْتَكْثِرُ,ت,ستكثر,,1,1.0,1
وَلِرَبِّكَ,و|ل,رب,ك,1,1.0,1
نُقِرَ,,نقر,,1,1.0,1
النَّاقُورِ,ال,ناقور,,1,1.0,1
عَسِيرٌ,,عسير,,1,1.0,1
يَسِيرٍ,,يسير,,1,1.0,1
ذَرْنِي,,ذر+ن,ي,1,1.0,1
وَحِيدَاً,,وحيد,ا,1,1.0,1
وَجَعَلْتُ,و,جعل,ت,1,1.0,1
مَمْدُودَاً,,ممدود,ا,1,1.0,1
وَمَهَّدْتُ,و,مهد,ت,1,1.0,1
تَمْهِيدَاً,,تمهيد,ا,1,1.0,1
يَطْمَعُ,ي,طمع,,1,1.0,1
أَزِيدَ,,أزيد,(null),1,1.0,1
لِآيَاتِنَا,ل,آي,ات|نا,1,1.0,1
عَنِيدَاً,,عنيد,ا,1,1.0,1
سَأُرْهِقُهُ,,س+أ+رهق,ه,1,1.0,1
صَعُودَاً,,صعود,ا,1,1.0,1
فَكَّرَ,,فكر,,1,1.0,1
فَقُتِلَ,ف,قتل,,1,1.0,1
وَبَسَرَ,و,بسر,,1,1.0,1
يُؤْثَرُ,ي,ؤثر,,1,1.0,1
سَأُصْلِيهِ,س|أ,صلي,ه,1,1.0,1
سَقَرُ,,سقر,,1,1.0,1
تُبْقِي,ت,بقي,,1,1.0,1
لَوَّاحَةٌ,,لواح,ة,1,1.0,1
تِسْعَةَ,,تسع,ة|(null),1,1.0,1
عِدَّتَهُمْ,,عد,ت|هم,1,1.0,1
لِيَسْتَيْقِنَ,ل|ي,ستيقن,,1,1.0,1
وَيَزْدَادَ,و|ي,زداد,,1,1.0,1
يَرْتَابَ,ي,رتاب,,1,1.0,1
وَلِيَقُولَ,و|ل|ي,قول,,1,1.0,1
جُنُودَ,,جنود,,1,1.0,1
أَسْفَرَ,,أسفر,,1,1.0,1
لَإِحْدَى,ل,إحدى,,1,1.0,1
الْكُبَرِ,ال,كبر,,1,1.0,1
يَتَقَدَّمَ,ي,تقدم,,1,1.0,1
يَتَأَخَّرَ,ي,تأخر,,1,1.0,1
رَهِينَةٌ,,رهين,ة|(null),1,1.0,1
سَلَكَكُمْ,,سلك,كم,1,1.0,1
نُطْعِمُ,ن,طعم,,1,1.0,1
الْمِسْكِينَ,ال,مسكين,,1,1.0,1
الْخَائِضِينَ,ال,خائض,ين,1,1.0,1
نُكَذِّبُ,ن,كذب,,1,1.0,1
أَتَانَا,,أتا,نا,1,1.0,1
تَنْفَعُهُمْ,ت,نفع,هم,1,1.0,1
شَفَاعَةُ,,شفاع,ة,1,1.0,1
الشَّافِعِينَ,ال,شافع,ين,1,1.0,1
التَّذْكِرَةِ,ال,تذكر,ة|(null),1,1.0,1
حُمُرٌ,,حمر,(null),1,1.0,1
مُسْتَنْفِرَةٌ,,مستنفر,ة,1,1.0,1
فَرَّتْ,,فر,ت,1,1.0,1
قَسْوَرَةٍ,,قسور,ة,1,1.0,1
مُنَشَّرَةً,,منشر,ة,1,1.0,1
وَأَهْلُ,و,أهل,(null),1,1.0,1
اللَّوَّامَةِ,ال,لوام,ة,1,1.0,1
نَجْمَعَ,ن,جمع,,1,1.0,1
عِظَامَهُ,,عظام,ه,1,1.0,1
نُسَوِّيَ,ن,سوي,,1,1.0,1
بَنَانَهُ,,بنان,ه,1,1.0,1
لِيَفْجُرَ,ل|ي,فجر,,1,1.0,1
أَمَامَهُ,,أمام,ه,1,1.0,1
بَرِقَ,,برق,,1,1.0,1
وَخَسَفَ,و,خسف,,1,1.0,1
وَجُمِعَ,و,جمع,,1,1.0,1
الْمَفَرُّ,ال,مفر,,1,1.0,1
وَزَرَ,,وزر,,1,1.0,1
الْمُسْتَقَرُّ,ال,مستقر,,1,1.0,1
يُنَبَّأُ,ي,نبأ,,1,1.0,1
وَأَخَّرَ,و,أخر,,1,1.0,1
بَصِيرَةٌ,,بصير,ة,1,1.0,1
مَعَاذِيرَهُ,,معاذير,ه,1,1.0,1
تُحَرِّكْ,,تحرك,(null),1,1.0,1
لِسَانَكَ,,لسان,ك,1,1.0,1
لِتَعْجَلَ,ل|ت,عجل,,1,1.0,1
جَمْعَهُ,,جمع,ه,1,1.0,1
وَقُرْآنَهُ,و,قرآن,ه,1,1.0,1
قَرَأْنَاهُ,,قرأ,نا|ه,1,1.0,1
فَاتَّبِعْ,ف,اتبع,,1,1.0,1
قُرْآنَهُ,,قرآن,ه,1,1.0,1
بَيَانَهُ,,بيان,(null)|ه,1,1.0,1
نَاضِرَةٌ,,ناضر,ة,1,1.0,1
نَاظِرَةٌ,,ناظر,ة,1,1.0,1
بَاسِرَةٌ,,باسر,ة,1,1.0,1
تَظُنُّ,ت,ظن,,1,1.0,1
يُفْعَلَ,ي,فعل,,1,1.0,1
فَاقِرَةٌ,,فاقر,ة,1,1.0,1
التَّرَاقِيَ,ال,راقي,,1,1.0,1
رَاقٍ,,راق,,1,1.0,1
الْفِرَاقُ,ال,فراق,(null),1,1.0,1
وَالْتَفَّتِ,و,التف,ت,1,1.0,1
السَّاقُ,ال,ساق,(null),1,1.0,1
بِالسَّاقِ,ب|ال,ساق,,1,1.0,1
الْمَسَاقُ,ال,مساق,,1,1.0,1
يَتَمَطَّى,ي,تمطى,,1,1.0,1
يُتْرَكَ,ي,ترك,,1,1.0,1
سُدَىً,,سدى,,1,1.0,1
مَنِيٍّ,,مني,,1,1.0,1
يُمْنَى,ي,منى,,1,1.0,1
فَخَلَقَ,ف,خلق,,1,1.0,1
حِينٌ,,حين,,1,1.0,1
الدَّهْرِ,ال,دهر,(null),1,1.0,1
مَذْكُورَاً,,مذكور,ا,1,1.0,1
أَمْشَاجٍ,,أمشاج,,1,1.0,1
نَبْتَلِيهِ,ن,بتلي,ه,1,1.0,1
هَدَيْنَاهُ,,هدي,نا|ه,1,1.0,1
سَلَاسِلَ,,سلاسل,,1,1.0,1
وَأَغْلَالَاً,و,أغلال,ا,1,1.0,1
وَسَعِيرَاً,و,سعير,ا,1,1.0,1
يَشْرَبُونَ,ي,شرب,ون,1,1.0,1
كَأْسٍ,,كأس,,1,1.0,1
كَافُورَاً,,كافور,ا,1,1.0,1
يُفَجِّرُونَهَا,ي,فجر+ون+ها+None+None,,1,1.0,1
بِالنَّذْرِ,ب,نذر+None,,1,1.0,1
شَرُّهُ,,شر,ه,1,1.0,1
مُسْتَطِيرَاً,,مستطير,ا,1,1.0,1
وَيُطْعِمُونَ,و|ي,طعم+ون+None+None,,1,1.0,1
وَيَتِيمَاً,و,يتيم,ا,1,1.0,1
وَأَسِيرَاً,و,أسير,ا,1,1.0,1
نُطْعِمُكُمْ,ن,طعم,كم,1,1.0,1
لِوَجْهِ,ل,وجه,,1,1.0,1
عَبُوسَاً,,عبوس,ا,1,1.0,1
قَمْطَرِيرَاً,,قمطرير,ا,1,1.0,1
فَوَقَاهُمُ,ف,وقا,هم,1,1.0,1
الْيَوْمِ,ال,يوم,,1,1.0,1
وَلَقَّاهُمْ,و,لقا,هم,1,1.0,1
نَضْرَةً,,نضر,ة,1,1.0,1
وَسُرُورَاً,و,سرور,ا,1,1.0,1
وَجَزَاهُمْ,و,جزا,هم,1,1.0,1
جَنَّةً,,جن,ة|(null),1,1.0,1
وَحَرِيرَاً,و,حرير,ا,1,1.0,1
شَمْسَاً,,شمس,ا,1,1.0,1
زَمْهَرِيرَاً,,زمهرير,ا,1,1.0,1
وَدَانِيَةً,و,داني,ة,1,1.0,1
ظِلَالُهَا,,ظلال,ها,1,1.0,1
وَذُلِّلَتْ,و,ذلل,ت,1,1.0,1
تَذْلِيلَاً,,تذليل,ا,1,1.0,1
وَيُطَافُ,و|ي,طاف,,1,1.0,1
بِآنِيَةٍ,ب,آني,ة,1,1.0,1
قَوَارِيرَا,,قوارير,ا,1,1.0,1
قَدَّرُوهَا,,قدر,و|ها,1,1.0,1
وَيُسْقَوْنَ,و|ي,سق+ون+None+None,,1,1.0,1
زَنْجَبِيلَاً,,زنجبيل,ا,1,1.0,1
تُسَمَّى,ت,سمى,,1,1.0,1
سَلْسَبِيلَاً,,سلسبيل,ا,1,1.0,1
حَسِبْتَهُمْ,,حسب,ت|هم,1,1.0,1
لُؤْلُؤَاً,,لؤلؤ,ا,1,1.0,1
نَعِيمَاً,,نعيم,ا,1,1.0,1
وَمُلْكَاً,و,ملك,ا,1,1.0,1
عَالِيَهُمْ,,عالي,هم,1,1.0,1
ثِيَابُ,,ثياب,,1,1.0,1
خُضْرٌ,,خضر,,1,1.0,1
وَإِسْتَبْرَقٌ,و,إستبرق,,1,1.0,1
وَحُلُّوا,و,حل,وا,1,1.0,1
وَسَقَاهُمْ,و,سقا,هم,1,1.0,1
سَعْيُكُمْ,,سعي,كم,1,1.0,1
آثِمَاً,,آثم,ا,1,1.0,1
فَاسْجُدْ,ف,ا+سجد,,1,1.0,1
وَسَبِّحْهُ,و,سبح,ه,1,1.0,1
أَسْرَهُمْ,,أسر,هم,1,1.0,1
وَالظَّالِمِينَ,و|ال,ظالم,ين,1,1.0,1
وَالْمُرْسَلَاتِ,و|ال,مرسل,ات,1,1.0,1
عُرْفَاً,,عرف,ا,1,1.0,1
فَالْعَاصِفَاتِ,,ف+ال+عاصف,ات,1,1.0,1
عَصْفَاً,,عصف,ا,1,1.0,1
وَالنَّاشِرَاتِ,و|ال,ناشر,ات,1,1.0,1
نَشْرَاً,,نشر,ا,1,1.0,1
فَالْفَارِقَاتِ,ف|ال,فارق,ات,1,1.0,1
فَرْقَاً,,فرق,ا,1,1.0,1
فَالْمُلْقِيَاتِ,ف|ال,ملقي,ات,1,1.0,1
نُذْرَاً,,نذر,ا,1,1.0,1
طُمِسَتْ,,طمس,ت,1,1.0,1
فُرِجَتْ,,فرج,ت,1,1.0,1
نُسِفَتْ,,نسف,ت,1,1.0,1
أُقِّتَتْ,,أقت,ت,1,1.0,1
لِأَيِّ,ل,أي,,1,1.0,1
أُجِّلَتْ,,أجل,ت,1,1.0,1
نُهْلِكِ,ن,هلك,,1,1.0,1
نُتْبِعُهُمُ,ن,تبع,هم,1,1.0,1
نَخْلُقْكُمْ,ن,خلق,كم,1,1.0,1
فَقَدَرْنَا,ف,قدر,نا,1,1.0,1
الْقَادِرُونَ,ال,قادر,ون,1,1.0,1
كِفَاتَاً,,كفات,ا,1,1.0,1
أَحْيَاءً,,أحياء,,1,1.0,1
وَأَمْوَاتَاً,و,أموات,ا,1,1.0,1
شَامِخَاتٍ,,شامخ,ات,1,1.0,1
وَأَسْقَيْنَاكُمْ,و,أسقي+نا+كم+None,,1,1.0,1
فُرَاتَاً,,فرات,ا,1,1.0,1
ظِلٍّ,,ظل,(null),1,1.0,1
ثَلَاثِ,,ثلاث,(null),1,1.0,1
شُعَبٍ,,شعب,,1,1.0,1
ظَلِيلٍ,,ظليل,,1,1.0,1
اللَّهَبِ,ال,لهب,(null),1,1.0,1
تَرْمِي,ت,رمي,,1,1.0,1
بِشَرَرٍ,ب,شرر,,1,1.0,1
كَالْقَصْرِ,ك|ال,قصر,,1,1.0,1
جِمَالَتٌ,,جمال,ت,1,1.0,1
صُفْرٌ,,صفر,,1,1.0,1
فَيَعْتَذِرُونَ,ف|ي,عتذر+ون+None+None,,1,1.0,1
جَمَعْنَاكُمْ,,جمع,نا|كم,1,1.0,1
وَالْأَوَّلِينَ,و|ال,أول,ين,1,1.0,1
كَيْدٌ,,كيد,,1,1.0,1
فَكِيدُونِ,,ف+كيد+و+ن+None,,1,1.0,1
وَفَوَاكِهَ,و,فواكه,,1,1.0,1
وَتَمَتَّعُوا,و,تمتع,وا,1,1.0,1
يَرْكَعُونَ,ي,ركع,ون,1,1.0,1
عَمَّ,,عم,,1,1.0,1
النَّبَإِ,ال,نبأ,,1,1.0,1
مُخْتَلِفُونَ,,مختلف,ون,1,1.0,1
مِهَادَاً,,مهاد,ا,1,1.0,1
أَوْتَادَاً,,أوتاد,ا,1,1.0,1
وَخَلَقْنَاكُمْ,و,خلق,نا|كم,1,1.0,1
نَوْمَكُمْ,,نوم,كم,1,1.0,1
مَعَاشَاً,,معاش,ا,1,1.0,1
وَبَنَيْنَا,و,بني,نا,1,1.0,1
شِدَادَاً,,شداد,ا,1,1.0,1
وَهَّاجَاً,,وهاج,ا,1,1.0,1
الْمُعْصِرَاتِ,ال,معصر,ات,1,1.0,1
ثَجَّاجَاً,,ثجاج,ا,1,1.0,1
لِنُخْرِجَ,,ل+ن+خرج,,1,1.0,1
وَنَبَاتَاً,و,نبات,ا,1,1.0,1
أَلْفَافَاً,,ألفاف,ا,1,1.0,1
مِيقَاتَاً,,ميقات,ا,1,1.0,1
فَتَأْتُونَ,,ف+ت+أت+ون+None+None,,1,1.0,1
وَفُتِحَتِ,و,فتح+ت+None+None,,1,1.0,1
وَسُيِّرَتِ,و,سير+ت+None+None,,1,1.0,1
سَرَابَاً,,سراب,ا,1,1.0,1
مِرْصَادَاً,,مرصاد,ا,1,1.0,1
لَابِثِينَ,,لابث,ين,1,1.0,1
أَحْقَابَاً,,أحقاب,ا,1,1.0,1
وَغَسَّاقَاً,و,غساق,ا,1,1.0,1
وِفَاقَاً,,وفاق,ا,1,1.0,1
نَزِيدَكُمْ,ن,زيد,كم,1,1.0,1
مَفَازَاً,,مفاز,ا,1,1.0,1
وَأَعْنَابَاً,و,أعناب,ا,1,1.0,1
وَكَوَاعِبَ,و,كواعب,,1,1.0,1
وَكَأْسَاً,و,كأس,ا,1,1.0,1
دِهَاقَاً,,دهاق,ا,1,1.0,1
خِطَابَاً,,خطاب,ا,1,1.0,1
يَتَكَلَّمُونَ,ي,تكلم,ون,1,1.0,1
صَوَابَاً,,صواب,ا,1,1.0,1
أَنْذَرْنَاكُمْ,,أنذر,نا|كم,1,1.0,1
وَالنَّازِعَاتِ,و|ال,نازع,ات,1,1.0,1
غَرْقَاً,,غرق,ا,1,1.0,1
وَالنَّاشِطَاتِ,و|ال,ناشط,ات,1,1.0,1
نَشْطَاً,,نشط,ا,1,1.0,1
وَالسَّابِحَاتِ,و|ال,سابح,ات,1,1.0,1
فَالسَّابِقَاتِ,ف|ال,سابق,ات,1,1.0,1
سَبْقَاً,,سبق,ا,1,1.0,1
فَالْمُدَبِّرَاتِ,ف|ال,مدبر,ات,1,1.0,1
الرَّاجِفَةُ,ال,راجف,ة,1,1.0,1
تَتْبَعُهَا,ت,تبع,ها,1,1.0,1
الرَّادِفَةُ,ال,رادف,ة,1,1.0,1
وَاجِفَةٌ,,واجف,ة,1,1.0,1
أَبْصَارُهَا,,أبصار,ها,1,1.0,1
لَمَرْدُودُونَ,,ل+مردود,ون,1,1.0,1
الْحَافِرَةِ,ال,حافر,ة,1,1.0,1
نَخِرَةً,,نخر,ة,1,1.0,1
كَرَّةٌ,,كر,ة,1,1.0,1
خَاسِرَةٌ,,خاسر,ة,1,1.0,1
بِالسَّاهِرَةِ,ب|ال,ساهر,ة,1,1.0,1
نَادَاهُ,,نادا,ه,1,1.0,1
وَأَهْدِيَكَ,و|أ,هدي,ك,1,1.0,1
فَتَخْشَى,ف|ت,خشى,,1,1.0,1
فَأَرَاهُ,ف,أرا,ه,1,1.0,1
الْآيَةَ,ال,آي,ة,1,1.0,1
فَحَشَرَ,ف,حشر,,1,1.0,1
فَأَخَذَهُ,ف,أخذ,ه,1,1.0,1
نَكَالَ,,نكال,,1,1.0,1
سَمْكَهَا,,سمك,ها,1,1.0,1
وَأَغْطَشَ,و,أغطش,,1,1.0,1
لَيْلَهَا,,ليل,ها,1,1.0,1
وَأَخْرَجَ,و,أخرج,,1,1.0,1
دَحَاهَا,,دحا,ها,1,1.0,1
مَاءَهَا,,ماء,ها,1,1.0,1
وَمَرْعَاهَا,و,مرعا,ها,1,1.0,1
أَرْسَاهَا,,أرسا,ها,1,1.0,1
الطَّامَّةُ,ال,طام,ة,1,1.0,1
وَآثَرَ,و,آثر,,1,1.0,1
وَنَهَى,و,نهى,,1,1.0,1
ذِكْرَاهَا,,ذكرا,ها,1,1.0,1
مُنْتَهَاهَا,,منتها,ها,1,1.0,1
مُنْذِرُ,,منذر,,1,1.0,1
يَخْشَاهَا,ي,خشا+ها+None,,1,1.0,1
عَشِيَّةً,,عشي,ة,1,1.0,1
فَتَنْفَعَهُ,ف|ت,نفع,ه,1,1.0,1
تَصَدَّى,,تصدى,(null),1,1.0,1
تَلَهَّى,,تلهى,,1,1.0,1
صُحُفٍ,,صحف,,1,1.0,1
مُكَرَّمَةٍ,,مكرم,ة,1,1.0,1
مُطَهَّرَةٍ,,مطهر,ة,1,1.0,1
بِأَيْدِي,ب,أيدي,,1,1.0,1
سَفَرَةٍ,,سفر,ة,1,1.0,1
كِرَامٍ,,كرام,,1,1.0,1
بَرَرَةٍ,,برر,ة,1,1.0,1
أَكْفَرَهُ,,أكفر,ه,1,1.0,1
يَسَّرَهُ,,يسر,ه,1,1.0,1
أَمَاتَهُ,,أمات,ه,1,1.0,1
فَأَقْبَرَهُ,ف,أقبر,ه,1,1.0,1
أَنْشَرَهُ,,أنشر,ه,1,1.0,1
يَقْضِ,ي,قض,,1,1.0,1
أَمَرَهُ,,أمر,ه,1,1.0,1
طَعَامِهِ,,طعام,ه,1,1.0,1
صَبَبْنَا,,صبب,نا,1,1.0,1
صَبَّاً,,صب,ا,1,1.0,1
شَقَقْنَا,,شقق,نا,1,1.0,1
شَقَّاً,,شق,ا,1,1.0,1
وَعِنَبَاً,و,عنب,ا,1,1.0,1
وَقَضْبَاً,و,قضب,ا,1,1.0,1
وَزَيْتُونَاً,و,زيتون,ا,1,1.0,1
وَنَخْلَاً,و,نخل,ا,1,1.0,1
وَحَدَائِقَ,و,حدائق,,1,1.0,1
غُلْبَاً,,غلب,ا,1,1.0,1
وَفَاكِهَةً,و,فاكه,ة,1,1.0,1
وَأَبَّاً,و,أب,ا,1,1.0,1
الصَّاخَّةُ,ال,صاخ,ة,1,1.0,1
يَفِرُّ,ي,فر,,1,1.0,1
وَأُمِّهِ,و,أم,ه,1,1.0,1
وَأَبِيهِ,و,أبي,ه,1,1.0,1
وَبَنِيهِ,و,بن,ي|ه,1,1.0,1
شَأْنٌ,,شأن,(null),1,1.0,1
يُغْنِيهِ,ي,غني,ه,1,1.0,1
مُسْفِرَةٌ,,مسفر,ة,1,1.0,1
ضَاحِكَةٌ,,ضاحك,ة,1,1.0,1
مُسْتَبْشِرَةٌ,,مستبشر,ة,1,1.0,1
غَبَرَةٌ,,غبر,ة,1,1.0,1
تَرْهَقُهَا,ت,رهق,ها,1,1.0,1
قَتَرَةٌ,,قتر,ة,1,1.0,1
الْكَفَرَةُ,ال,كفر,ة,1,1.0,1
الْفَجَرَةُ,ال,فجر,ة,1,1.0,1
كُوِّرَتْ,,كور,ت,1,1.0,1
انْكَدَرَتْ,,انكدر,ت,1,1.0,1
الْعِشَارُ,ال,عشار,,1,1.0,1
عُطِّلَتْ,,عطل,ت,1,1.0,1
الْوُحُوشُ,ال,وحوش,,1,1.0,1
حُشِرَتْ,,حشر,ت,1,1.0,1
سُجِّرَتْ,,سجر,ت,1,1.0,1
النُّفُوسُ,ال,نفوس,,1,1.0,1
زُوِّجَتْ,,زوج,ت,1,1.0,1
الْمَوْءُودَةُ,ال,موءود+ة+None,,1,1.0,1
سُئِلَتْ,,سئل,ت,1,1.0,1
ذَنْبٍ,,ذنب,,1,1.0,1
قُتِلَتْ,,قتل,ت,1,1.0,1
الصُّحُفُ,ال,صحف,(null),1,1.0,1
نُشِرَتْ,,نشر,ت,1,1.0,1
كُشِطَتْ,,كشط,ت,1,1.0,1
سُعِّرَتْ,,سعر,ت,1,1.0,1
أُزْلِفَتْ,,أزلف,ت,1,1.0,1
أَحْضَرَتْ,,أحضر,ت,1,1.0,1
بِالْخُنَّسِ,ب|ال,خنس,,1,1.0,1
الْكُنَّسِ,ال,كنس,,1,1.0,1
عَسْعَسَ,,عسعس,,1,1.0,1
تَنَفَّسَ,,تنفس,(null),1,1.0,1
مُطَاعٍ,,مطاع,,1,1.0,1
بِضَنِينٍ,ب,ضنين,,1,1.0,1
فَأَيْنَ,ف,أين,,1,1.0,1
تَذْهَبُونَ,ت,ذهب,ون,1,1.0,1
يَسْتَقِيمَ,ي,ستقيم,,1,1.0,1
انْفَطَرَتْ,,انفطر,ت,1,1.0,1
الْكَوَاكِبُ,ال,كواكب,,1,1.0,1
انْتَثَرَتْ,,انتثر,ت,1,1.0,1
فُجِّرَتْ,,فجر,ت,1,1.0,1
الْقُبُورُ,ال,قبور,,1,1.0,1
بُعْثِرَتْ,,بعثر,ت,1,1.0,1
وَأَخَّرَتْ,و,أخر,ت,1,1.0,1
غَرَّكَ,,غر,ك,1,1.0,1
فَسَوَّاكَ,ف,سوا,ك,1,1.0,1
فَعَدَلَكَ,ف,عدل,ك,1,1.0,1
صُورَةٍ,,صور,ة|(null),1,1.0,1
رَكَّبَكَ,,ركب,ك,1,1.0,1
لَحَافِظِينَ,,ل+حافظ,ين,1,1.0,1
كَاتِبِينَ,,كاتب,ين,1,1.0,1
الْفُجَّارَ,ال,فجار,,1,1.0,1
بِغَائِبِينَ,ب,غائب,ين,1,1.0,1
تَمْلِكُ,ت,ملك,,1,1.0,1
لِلْمُطَفِّفِينَ,ل|ال,مطفف,ين,1,1.0,1
اكْتَالُوا,,اكتال,وا,1,1.0,1
يَسْتَوْفُونَ,ي,ستوف,ون,1,1.0,1
كَالُوهُمْ,,كا,و|هم,1,1.0,1
وَزَنُوهُمْ,,وزن,و|هم,1,1.0,1
يُخْسِرُونَ,ي,خسر,ون,1,1.0,1
الْفُجَّارِ,ال,فجار,,1,1.0,1
سِجِّينٍ,,سجين,,1,1.0,1
سِجِّينٌ,,سجين,,1,1.0,1
رَانَ,,ران,,1,1.0,1
لَمَحْجُوبُونَ,,ل+محجوب,ون,1,1.0,1
لَصَالُو,,ل+صال,و,1,1.0,1
عِلِّيِّينَ,,علي,ين,1,1.0,1
عِلِّيُّونَ,,علي,ون,1,1.0,1
يَشْهَدُهُ,ي,شهد,ه,1,1.0,1
نَضْرَةَ,,نضر,ة,1,1.0,1
يُسْقَوْنَ,ي,سق,ون,1,1.0,1
رَحِيقٍ,,رحيق,,1,1.0,1
مَخْتُومٍ,,مختوم,,1,1.0,1
خِتَامُهُ,,ختام,ه,1,1.0,1
مِسْكٌ,,مسك,,1,1.0,1
فَلْيَتَنَافَسِ,ف,ل+ي+تنافس,,1,1.0,1
الْمُتَنَافِسُونَ,ال,متنافس,ون,1,1.0,1
وَمِزَاجُهُ,و,مزاج,ه,1,1.0,1
تَسْنِيمٍ,,تسنيم,,1,1.0,1
يَتَغَامَزُونَ,ي,تغامز,ون,1,1.0,1
أَهْلِهِمُ,,أهل,هم,1,1.0,1
فَكِهِينَ,,فكه,ين,1,1.0,1
رَأَوْهُمْ,,رأ,و|هم,1,1.0,1
أُرْسِلُوا,,أرسل,وا,1,1.0,1
ثُوِّبَ,,ثوب,,1,1.0,1
انْشَقَّتْ,,انشق,ت,1,1.0,1
مُدَّتْ,,مد,ت,1,1.0,1
وَأَلْقَتْ,و,ألق,ت,1,1.0,1
وَتَخَلَّتْ,و,تخل,ت,1,1.0,1
كَادِحٌ,,كادح,,1,1.0,1
كَدْحَاً,,كدح,ا,1,1.0,1
فَمُلَاقِيهِ,ف,ملاقي,ه,1,1.0,1
يُحَاسَبُ,ي,حاسب,,1,1.0,1
وَيَنْقَلِبُ,و|ي,نقلب,,1,1.0,1
وَيَصْلَى,و|ي,صلى,,1,1.0,1
يَحُورَ,ي,حور,,1,1.0,1
بِالشَّفَقِ,ب|ال,شفق,,1,1.0,1
وَسَقَ,,وسق,,1,1.0,1
اتَّسَقَ,,اتسق,,1,1.0,1
لَتَرْكَبُنَّ,,ل+ت+ركب+ن+None+None,,1,1.0,1
طَبَقَاً,,طبق,ا,1,1.0,1
طَبَقٍ,,طبق,,1,1.0,1
يُوعُونَ,ي,وع,ون,1,1.0,1
الْبُرُوجِ,ال,بروج,,1,1.0,1
الْمَوْعُودِ,ال,موعود,(null),1,1.0,1
وَشَاهِدٍ,و,شاهد,,1,1.0,1
وَمَشْهُودٍ,و,مشهود,,1,1.0,1
الْأُخْدُودِ,ال,أخدود,,1,1.0,1
الْوَقُودِ,ال,وقود,,1,1.0,1
قُعُودٌ,,قعود,,1,1.0,1
شُهُودٌ,,شهود,(null),1,1.0,1
فَتَنُوا,,فتن,وا,1,1.0,1
بَطْشَ,,بطش,(null),1,1.0,1
وَيُعِيدُ,و|ي,عيد,,1,1.0,1
الْوَدُودُ,ال,ودود,(null),1,1.0,1
الْمَجِيدُ,ال,مجيد,,1,1.0,1
الْجُنُودِ,ال,جنود,(null),1,1.0,1
تَكْذِيبٍ,,تكذيب,,1,1.0,1
قُرْآنٌ,,قرآن,,1,1.0,1
لَوْحٍ,,لوح,,1,1.0,1
مَحْفُوظٍ,,محفوظ,,1,1.0,1
وَالطَّارِقِ,و|ال,طارق,,1,1.0,1
الطَّارِقُ,ال,طارق,,1,1.0,1
النَّجْمُ,ال,نجم,(null),1,1.0,1
الثَّاقِبُ,ال,ثاقب,,1,1.0,1
حَافِظٌ,,حافظ,,1,1.0,1
مِمَّ,من,م,,1,1.0,1
دَافِقٍ,,دافق,,1,1.0,1
الصُّلْبِ,ال,صلب,,1,1.0,1
وَالتَّرَائِبِ,و|ال,ترائب,,1,1.0,1
رَجْعِهِ,,رجع,ه,1,1.0,1
لَقَادِرٌ,ل,قادر,,1,1.0,1
تُبْلَى,ت,بلى,,1,1.0,1
السَّرَائِرُ,ال,سرائر,,1,1.0,1
نَاصِرٍ,,ناصر,,1,1.0,1
الرَّجْعِ,ال,رجع,,1,1.0,1
الصَّدْعِ,ال,صدع,,1,1.0,1
لَقَوْلٌ,,ل+قول,,1,1.0,1
فَصْلٌ,,فصل,,1,1.0,1
بِالْهَزْلِ,ب|ال,هزل,,1,1.0,1
يَكِيدُونَ,ي,كيد,ون,1,1.0,1
وَأَكِيدُ,و|أ,كيد,,1,1.0,1
فَمَهِّلِ,ف,مهل,,1,1.0,1
أَمْهِلْهُمْ,,أمهل,هم,1,1.0,1
رُوَيْدَاً,,رويد,ا,1,1.0,1
سَبِّحِ,,سبح,,1,1.0,1
الْمَرْعَى,ال,مرعى,,1,1.0,1
أَحْوَى,,أحوى,,1,1.0,1
سَنُقْرِئُكَ,,س+ن+قرئ,ك,1,1.0,1
تَنْسَى,ت,نسى,,1,1.0,1
وَنُيَسِّرُكَ,و|ن,يسر,ك,1,1.0,1
نَفَعَتِ,,نفع,ت,1,1.0,1
سَيَذَّكَّرُ,,س+ي+ذكر,,1,1.0,1
وَيَتَجَنَّبُهَا,و|ي,تجنب,ها,1,1.0,1
يَصْلَى,ي,صلى,,1,1.0,1
فَصَلَّى,ف,صلى,,1,1.0,1
تُؤْثِرُونَ,ت,ؤثر,ون,1,1.0,1
الْغَاشِيَةِ,ال,غاشي,ة,1,1.0,1
عَامِلَةٌ,,عامل,ة|(null),1,1.0,1
نَاصِبَةٌ,,ناصب,ة,1,1.0,1
تَصْلَى,ت,صلى,,1,1.0,1
حَامِيَةً,,حامي,ة,1,1.0,1
تُسْقَى,ت,سقى,,1,1.0,1
آنِيَةٍ,,آني,ة,1,1.0,1
ضَرِيعٍ,,ضريع,,1,1.0,1
يُسْمِنُ,ي,سمن,,1,1.0,1
نَاعِمَةٌ,,ناعم,ة,1,1.0,1
لِسَعْيِهَا,ل,سعي,ها,1,1.0,1
رَاضِيَةٌ,,راضي,ة,1,1.0,1
لَاغِيَةً,,لاغي,ة|(null),1,1.0,1
عَيْنٌ,,عين,,1,1.0,1
جَارِيَةٌ,,جاري,ة|(null),1,1.0,1
سُرُرٌ,,سرر,,1,1.0,1
مَرْفُوعَةٌ,,مرفوع,ة,1,1.0,1
وَأَكْوَابٌ,و,أكواب,,1,1.0,1
مَوْضُوعَةٌ,,موضوع,ة|(null),1,1.0,1
وَنَمَارِقُ,و,نمارق,,1,1.0,1
مَصْفُوفَةٌ,,مصفوف,ة,1,1.0,1
وَزَرَابِيُّ,و,زرابي,,1,1.0,1
مَبْثُوثَةٌ,,مبثوث,ة,1,1.0,1
خُلِقَتْ,,خلق,ت,1,1.0,1
رُفِعَتْ,,رفع,ت,1,1.0,1
نُصِبَتْ,,نصب,ت,1,1.0,1
سُطِحَتْ,,سطح,ت,1,1.0,1
مُذَكِّرٌ,,مذكر,,1,1.0,1
بِمُصَيْطِرٍ,ب,مصيطر,,1,1.0,1
وَكَفَرَ,و,كفر,,1,1.0,1
الْأَكْبَرَ,ال,أكبر,(null),1,1.0,1
إِيَابَهُمْ,,إياب,هم,1,1.0,1
حِسَابَهُمْ,,حساب,هم,1,1.0,1
وَالْفَجْرِ,,و+ال+فجر,,1,1.0,1
وَلَيَالٍ,و,ليال,,1,1.0,1
عَشْرٍ,,عشر,,1,1.0,1
وَالشَّفْعِ,و|ال,شفع,,1,1.0,1
وَالْوَتْرِ,و|ال,وتر,,1,1.0,1
يَسْرِ,ي,سر,,1,1.0,1
قَسَمٌ,,قسم,,1,1.0,1
لِذِي,ل,ذي,,1,1.0,1
حِجْرٍ,,حجر,,1,1.0,1
بِعَادٍ,ب,عاد,,1,1.0,1
إِرَمَ,,إرم,,1,1.0,1
الْعِمَادِ,ال,عماد,(null),1,1.0,1
يُخْلَقْ,ي,خلق,,1,1.0,1
جَابُوا,,جاب,وا,1,1.0,1
الصَّخْرَ,ال,صخر,,1,1.0,1
طَغَوْا,,طغ,وا,1,1.0,1
فَأَكْثَرُوا,ف,أكثر,وا,1,1.0,1
فَصَبَّ,ف,صب,,1,1.0,1
سَوْطَ,,سوط,,1,1.0,1
لَبِالْمِرْصَادِ,,ل+ب+ال+مرصاد,,1,1.0,1
فَأَكْرَمَهُ,ف,أكرم,ه,1,1.0,1
وَنَعَّمَهُ,و,نعم,ه,1,1.0,1
أَكْرَمَنِ,,أكرم+ن+None,,1,1.0,1
فَقَدَرَ,ف,قدر,,1,1.0,1
أَهَانَنِ,,أهان+ن+None,,1,1.0,1
تُكْرِمُونَ,ت,كرم+ون+None,,1,1.0,1
تَحَاضُّونَ,,تحاض+ون+None+None,,1,1.0,1
وَتَأْكُلُونَ,و|ت,أكل+ون+None+None,,1,1.0,1
التُّرَاثَ,ال,تراث,(null),1,1.0,1
أَكْلَاً,,أكل,ا,1,1.0,1
لَمَّاً,,لما,,1,1.0,1
وَتُحِبُّونَ,و|ت,حب+ون+None+None,,1,1.0,1
جَمَّاً,,جم,ا,1,1.0,1
دُكَّتِ,,دك,ت,1,1.0,1
لِحَيَاتِي,ل,حيا,ت|ي,1,1.0,1
يُوثِقُ,ي,وثق,,1,1.0,1
وَثَاقَهُ,,وثاق,ه,1,1.0,1
يَاأَيَّتُهَا,يا,أي,ت|ها,1,1.0,1
النَّفْسُ,ال,نفس,,1,1.0,1
الْمُطْمَئِنَّةُ,ال,مطمئن,ة,1,1.0,1
ارْجِعِي,,ارجع,ي,1,1.0,1
رَاضِيَةً,,راضي,ة,1,1.0,1
مَرْضِيَّةً,,مرضي,ة,1,1.0,1
فَادْخُلِي,ف,ا+دخل,ي,1,1.0,1
وَادْخُلِي,و,ا+دخل,ي,1,1.0,1
جَنَّتِي,,جن,ة|ي,1,1.0,1
وَوَالِدٍ,و,والد,(null),1,1.0,1
كَبَدٍ,,كبد,,1,1.0,1
يَقْدِرَ,ي,قدر,,1,1.0,1
أَهْلَكْتُ,,أهلك,ت,1,1.0,1
لُبَدَاً,,لبد,ا,1,1.0,1
عَيْنَيْنِ,,عين,ين,1,1.0,1
وَلِسَانَاً,و,لسان,ا,1,1.0,1
وَشَفَتَيْنِ,و,شف,ت|ين,1,1.0,1
وَهَدَيْنَاهُ,و,هدي+نا+ه+None,,1,1.0,1
النَّجْدَيْنِ,ال,نجد,ين,1,1.0,1
اقْتَحَمَ,,اقتحم,,1,1.0,1
الْعَقَبَةَ,ال,عقب,ة,1,1.0,1
الْعَقَبَةُ,ال,عقب,ة,1,1.0,1
فَكُّ,,فك,,1,1.0,1
إِطْعَامٌ,,إطعام,(null),1,1.0,1
مَسْغَبَةٍ,,مسغب,ة,1,1.0,1
مَقْرَبَةٍ,,مقرب,ة,1,1.0,1
مَتْرَبَةٍ,,مترب,ة,1,1.0,1
بِالْمَرْحَمَةِ,ب|ال,مرحم,ة,1,1.0,1
وَالشَّمْسِ,و|ال,شمس,,1,1.0,1
وَضُحَاهَا,و,ضحا+ها+None,,1,1.0,1
تَلَاهَا,,تلا,ها,1,1.0,1
جَلَّاهَا,,جلا,ها,1,1.0,1
يَغْشَاهَا,ي,غشا+ها+None,,1,1.0,1
طَحَاهَا,,طحا,ها,1,1.0,1
وَنَفْسٍ,و,نفس,(null),1,1.0,1
سَوَّاهَا,,سوا,ها,1,1.0,1
فَأَلْهَمَهَا,ف,ألهم,ها,1,1.0,1
فُجُورَهَا,,فجور,ها,1,1.0,1
وَتَقْوَاهَا,و,تقوا,ها,1,1.0,1
زَكَّاهَا,,زكا,ها,1,1.0,1
دَسَّاهَا,,دسا,ها,1,1.0,1
بِطَغْوَاهَا,ب,طغوا,ها,1,1.0,1
انْبَعَثَ,,انبعث,,1,1.0,1
أَشْقَاهَا,,أشقا,ها,1,1.0,1
نَاقَةَ,,ناق,ة,1,1.0,1
وَسُقْيَاهَا,و,سقيا,ها,1,1.0,1
فَدَمْدَمَ,ف,دمدم,,1,1.0,1
عُقْبَاهَا,,عقبا,ها,1,1.0,1
سَعْيَكُمْ,,سعي,كم,1,1.0,1
لَشَتَّى,,ل+شتى,,1,1.0,1
بَخِلَ,,بخل,,1,1.0,1
لِلْعُسْرَى,ل|ل,عسرى,,1,1.0,1
تَرَدَّى,,تردى,,1,1.0,1
لَلْهُدَى,,ل+ال+هدى,,1,1.0,1
لَلْآخِرَةَ,,ل+ال+آخر,ة,1,1.0,1
فَأَنْذَرْتُكُمْ,,ف+أنذر,ت|كم,1,1.0,1
تَلَظَّى,,تلظى,,1,1.0,1
وَسَيُجَنَّبُهَا,و,س+ي+جنب,ها,1,1.0,1
الْأَتْقَى,ال,أتقى,,1,1.0,1
وَالضُّحَى,و|ال,ضحى,,1,1.0,1
سَجَى,,سجى,,1,1.0,1
وَدَّعَكَ,,ودع,ك,1,1.0,1
قَلَى,,قلى,,1,1.0,1
يُعْطِيكَ,ي,عطي,ك,1,1.0,1
فَتَرْضَى,ف|ت,رضى,,1,1.0,1
يَجِدْكَ,ي,جد,ك,1,1.0,1
فَآوَى,ف,آوى,,1,1.0,1
ضَالَّاً,,ضال,ا,1,1.0,1
عَائِلَاً,,عائل,ا,1,1.0,1
فَأَغْنَى,ف,أغنى,,1,1.0,1
تَقْهَرْ,ت,قهر,,1,1.0,1
السَّائِلَ,ال,سائل,(null),1,1.0,1
تَنْهَرْ,ت,نهر,,1,1.0,1
فَحَدِّثْ,ف,حدث,,1,1.0,1
نَشْرَحْ,ن,شرح,,1,1.0,1
صَدْرَكَ,,صدر,ك,1,1.0,1
وَوَضَعْنَا,و,وضع,نا,1,1.0,1
وِزْرَكَ,,وزر,ك,1,1.0,1
أَنْقَضَ,,أنقض,,1,1.0,1
ظَهْرَكَ,,ظهر,ك,1,1.0,1
ذِكْرَكَ,,ذكر,ك,1,1.0,1
فَرَغْتَ,,فرغ,ت,1,1.0,1
فَانْصَبْ,,ف+ا+نصب,,1,1.0,1
فَارْغَبْ,,ف+ا+رغب,,1,1.0,1
وَالتِّينِ,و|ال,تين,,1,1.0,1
وَالزَّيْتُونِ,و|ال,زيتون,,1,1.0,1
وَطُورِ,و,طور,,1,1.0,1
سِينِينَ,,سين,ين,1,1.0,1
الْأَمِينِ,ال,أمين,,1,1.0,1
أَحْسَنِ,,أحسن,(null),1,1.0,1
تَقْوِيمٍ,,تقويم,,1,1.0,1
رَدَدْنَاهُ,,ردد,نا|ه,1,1.0,1
سَافِلِينَ,,سافل,ين,1,1.0,1
يُكَذِّبُكَ,ي,كذب,ك,1,1.0,1
بِأَحْكَمِ,ب,أحكم,,1,1.0,1
عَلَقٍ,,علق,,1,1.0,1
الْأَكْرَمُ,ال,أكرم,,1,1.0,1
بِالْقَلَمِ,ب|ال,قلم,,1,1.0,1
لَيَطْغَى,,ل+ي+طغى,,1,1.0,1
الرُّجْعَى,ال,رجعى,,1,1.0,1
يَنْهَى,ي,نهى,,1,1.0,1
بِالتَّقْوَى,ب|ال,تقوى,,1,1.0,1
لَنَسْفَعَاً,,ل+ن+سفع+ا,,1,1.0,1
بِالنَّاصِيَةِ,ب|ال,ناصي,ة,1,1.0,1
نَاصِيَةٍ,,ناصي,ة,1,1.0,1
كَاذِبَةٍ,,كاذب,ة,1,1.0,1
خَاطِئَةٍ,,خاطئ,ة|(null),1,1.0,1
فَلْيَدْعُ,,ف+ل+ي+دع,,1,1.0,1
نَادِيَهُ,,نادي,ه,1,1.0,1
سَنَدْعُ,,س+ن+دع,,1,1.0,1
الزَّبَانِيَةَ,ال,زباني,ة,1,1.0,1
تُطِعْهُ,ت,طع,ه,1,1.0,1
وَاسْجُدْ,و,ا+سجد,,1,1.0,1
وَاقْتَرِبْ,و,ا+قترب,,1,1.0,1
لَيْلَةِ,,ليل,ة|(null),1,1.0,1
أَلْفِ,,ألف,,1,1.0,1
شَهْرٍ,,شهر,(null),1,1.0,1
مَطْلَعِ,,مطلع,(null),1,1.0,1
مُنْفَكِّينَ,,منفك,ين,1,1.0,1
مُطَهَّرَةً,,مطهر,ة,1,1.0,1
كُتُبٌ,,كتب,(null),1,1.0,1
قَيِّمَةٌ,,قيم,ة|(null),1,1.0,1
تَفَرَّقَ,,تفرق,,1,1.0,1
وَيُقِيمُوا,و|ي,قيم,وا,1,1.0,1
وَيُؤْتُوا,و|ي,ؤت,وا,1,1.0,1
دِينُ,,دين,(null),1,1.0,1
الْقَيِّمَةِ,ال,قيم,ة,1,1.0,1
شَرُّ,,شر,,1,1.0,1
زُلْزِلَتِ,,زلزل,ت,1,1.0,1
زِلْزَالَهَا,,زلزال,ها,1,1.0,1
وَأَخْرَجَتِ,و,أخرج,ت,1,1.0,1
أَثْقَالَهَا,,أثقال,ها,1,1.0,1
تُحَدِّثُ,ت,حدث,,1,1.0,1
أَخْبَارَهَا,,أخبار,ها,1,1.0,1
يَصْدُرُ,ي,صدر,,1,1.0,1
لِيُرَوْا,ل|ي,ر,وا,1,1.0,1
وَالْعَادِيَاتِ,و|ال,عادي,ات,1,1.0,1
ضَبْحَاً,,ضبح,ا,1,1.0,1
فَالْمُورِيَاتِ,ف|ال,موري,ات,1,1.0,1
قَدْحَاً,,قدح,ا,1,1.0,1
فَالْمُغِيرَاتِ,ف|ال,مغير,ات,1,1.0,1
صُبْحَاً,,صبح,ا,1,1.0,1
فَأَثَرْنَ,ف,أثر,ن,1,1.0,1
نَقْعَاً,,نقع,ا,1,1.0,1
فَوَسَطْنَ,ف,وسط,ن,1,1.0,1
لَكَنُودٌ,,ل+كنود,,1,1.0,1
لَشَهِيدٌ,,ل+شهيد,,1,1.0,1
لِحُبِّ,ل,حب,,1,1.0,1
بُعْثِرَ,,بعثر,,1,1.0,1
وَحُصِّلَ,و,حصل,,1,1.0,1
كَالْفَرَاشِ,ك|ال,فراش,,1,1.0,1
الْمَبْثُوثِ,ال,مبثوث,,1,1.0,1
الْمَنْفُوشِ,ال,منفوش,,1,1.0,1
فَأُمُّهُ,ف,أم,ه,1,1.0,1
هَاوِيَةٌ,ال,هاوي,ة|(null),1,1.0,1
هِيَهْ,,هي,ه,1,1.0,1
حَامِيَةٌ,,حامي,ة,1,1.0,1
أَلْهَاكُمُ,,ألها,كم,1,1.0,1
التَّكَاثُرُ,ال,تكاثر,,1,1.0,1
زُرْتُمُ,,زر,تم,1,1.0,1
الْمَقَابِرَ,ال,مقابر,,1,1.0,1
لَتَرَوُنَّ,,ل+ت+ر+ون+None+None+None,,1,1.0,1
لَتَرَوُنَّهَا,,ل+ت+ر+ون+ها+None+None+None,,1,1.0,1
وَالْعَصْرِ,و|ال,عصر,,1,1.0,1
خُسْرٍ,,خسر,,1,1.0,1
هُمَزَةٍ,,همز,ة,1,1.0,1
لُمَزَةٍ,,لمز,ة,1,1.0,1
جَمَعَ,,جمع,,1,1.0,1
وَعَدَّدَهُ,و,عدد,ه,1,1.0,1
يَحْسَبُ,ي,حسب,,1,1.0,1
أَخْلَدَهُ,,أخلد,ه,1,1.0,1
لَيُنْبَذَنَّ,,ل+ي+نبذ+ن,,1,1.0,1
الْحُطَمَةِ,ال,حطم,ة,1,1.0,1
الْحُطَمَةُ,ال,حطم,ة,1,1.0,1
الْمُوقَدَةُ,ال,موقد,ة,1,1.0,1
الْأَفْئِدَةِ,ال,أفئد,ة,1,1.0,1
مُمَدَّدَةٍ,,ممدد,ة,1,1.0,1
بِأَصْحَابِ,ب,أصحاب,(null),1,1.0,1
الْفِيلِ,ال,فيل,,1,1.0,1
كَيْدَهُمْ,,كيد,هم,1,1.0,1
تَضْلِيلٍ,,تضليل,(null),1,1.0,1
وَأَرْسَلَ,و,أرسل,(null),1,1.0,1
أَبَابِيلَ,,أبابيل,,1,1.0,1
تَرْمِيهِمْ,ت,رمي,هم,1,1.0,1
بِحِجَارَةٍ,ب,حجار,ة,1,1.0,1
كَعَصْفٍ,ك,عصف,,1,1.0,1
مَأْكُولٍ,,مأكول,,1,1.0,1
لِإِيلَافِ,ل,إيلاف,,1,1.0,1
قُرَيْشٍ,,قريش,,1,1.0,1
إِيلَافِهِمْ,,إيلاف,هم,1,1.0,1
رِحْلَةَ,,رحل,ة|(null),1,1.0,1
الشِّتَاءِ,ال,شتاء,(null),1,1.0,1
وَالصَّيْفِ,و|ال,صيف,,1,1.0,1
فَلْيَعْبُدُوا,,ف+ل+ي+عبد,وا,1,1.0,1
أَطْعَمَهُمْ,,أطعم,هم,1,1.0,1
وَآمَنَهُمْ,و,آمن,هم,1,1.0,1
يَدُعُّ,ي,دع,,1,1.0,1
لِلْمُصَلِّينَ,ل|ال,مصل,ين,1,1.0,1
وَيَمْنَعُونَ,و|ي,منع+ون+None+None,,1,1.0,1
الْمَاعُونَ,ال,ماعون,,1,1.0,1
أَعْطَيْنَاكَ,,أعطي,نا|ك,1,1.0,1
الْكَوْثَرَ,ال,كوثر,,1,1.0,1
فَصَلِّ,ف,صل,,1,1.0,1
لِرَبِّكَ,ل,رب+ك+None+None,,1,1.0,1
وَانْحَرْ,و,ا+نحر,,1,1.0,1
شَانِئَكَ,,شانئ,ك,1,1.0,1
الْأَبْتَرُ,ال,أبتر,,1,1.0,1
عَابِدٌ,,عابد,,1,1.0,1
عَبَدْتُمْ,,عبد,تم,1,1.0,1
دِينُكُمْ,,دين,كم,1,1.0,1
وَالْفَتْحُ,و|ال,فتح,,1,1.0,1
وَرَأَيْتَ,و,رأي,ت,1,1.0,1
وَاسْتَغْفِرْهُ,و,استغفر,ه,1,1.0,1
تَبَّتْ,,تب,ت,1,1.0,1
يَدَا,,يد,ا,1,1.0,1
وَتَبَّ,و,تب,,1,1.0,1
سَيَصْلَى,,س+ي+صلى,,1,1.0,1
حَمَّالَةَ,,حمال,ة,1,1.0,1
الْحَطَبِ,ال,حطب,,1,1.0,1
جِيدِهَا,,جيد,ها,1,1.0,1
حَبْلٌ,,حبل,(null),1,1.0,1
مَسَدٍ,,مسد,,1,1.0,1
الصَّمَدُ,ال,صمد,,1,1.0,1
يَلِدْ,ي,لد,,1,1.0,1
يُولَدْ,ي,ولد,,1,1.0,1
كُفُوَاً,,كفو,ا,1,1.0,1
الْفَلَقِ,ال,فلق,,1,1.0,1
غَاسِقٍ,,غاسق,,1,1.0,1
وَقَبَ,,وقب,,1,1.0,1
النَّفَّاثَاتِ,ال,نفاث,ات,1,1.0,1
الْعُقَدِ,ال,عقد,,1,1.0,1
حَاسِدٍ,,حاسد,,1,1.0,1
حَسَدَ,,حسد,,1,1.0,1
مَلِكِ,,ملك,(null),1,1.0,1
الْوَسْوَاسِ,ال,وسواس,,1,1.0,1
الْخَنَّاسِ,ال,خناس,,1,1.0,1
يُوَسْوِسُ,ي,وسوس,,1,1.0,1
