word,count,pred,truth,category
إِنِّي,131,أن | ني,أن | ي,wrong_content
فِي,53,في,على,wrong_content
أَلَّا,44,أن | لا,أن | Lا,wrong_content
ذَلِكُمْ,34,ذل | كم,ذلك | م,wrong_content
بَنِي,31,ب | ني,بن | ي,wrong_content
تَرَ,31,تر,ت | ر,too_few_segments
السَّمَاوَاتِ,31,ال | سماو | ات,ال | السماو | ات,wrong_content
وَأُولَئِكَ,25,و | أولئك,W | أولئك,wrong_content
يَرَوْا,24,ي | روا,ي | ر | وا,too_few_segments
أَخَافُ,20,أخاف,أ | خاف,too_few_segments
تَشْكُرُونَ,19,ت | شكر | ون,ت | شكر | و | ن,too_few_segments
عِنْدَهُ,19,عند | ه,عند | ح,wrong_content
تَرَى,19,ترى,ت | ري,too_few_segments
يَدَيْهِ,17,يدي | ه,يد | ي | ه,too_few_segments
نَفْسِهِ,17,ن | فسه,نفس | ه,wrong_content
تَدْعُونَ,16,ت | دع | ون,ت | دع | و | ن,too_few_segments
أَنِّي,15,أن | ني,أن | ي,wrong_content
عَلَيَّ,15,على | ي,علي,too_many_segments
الْمُبِينُ,15,ال | مب | ين,ال | مبين,too_many_segments
أُوتِيَ,14,أوت | ي,أوتي,too_many_segments
وَإِنِّي,14,و | أن | ني,و | أن | ي,wrong_content
يُوحَى,14,يوحى,ي | وحى,too_few_segments
كَمَثَلِ,13,كمثل,ك | مثل,too_few_segments
أُولُو,13,أولو,أول | و,too_few_segments
وَكِيلَاً,13,و | كيلا,وكيل | ا,wrong_content
وَجَدْنَا,13,و | جد | نا,وجد | نا,too_many_segments
رَحْمَتِهِ,13,رحم | ة | ه,رحم | ت | ه,wrong_content
فَرِيقٌ,12,ف | ريق,فريق,too_many_segments
عِيسَى,12,عيسى,عيسا,wrong_content
لِلْعَالَمِينَ,12,ل | ال | عالم | ين,ل | ل | عالم | ين,wrong_content
كِتَابَاً,12,ك | تاب | ا,كتاب | ا,too_many_segments
وَتَرَى,12,و | ترى,W | ت | رى,too_few_segments
تُوعَدُونَ,12,توعد | ون,ت | وعد | ون,too_few_segments
الْيَمِينِ,12,ال | يم | ين,ال | يمين,too_many_segments
يَابَنِي,11,يا | ب | ني,يا | بن | ي,wrong_content
هُزُوَاً,11,هز | وا,هزو | ا,wrong_content
مَوْتِهَا,11,مو | ت | ها,موت | ها,too_many_segments
بِي,11,ب | ي,B | ى,wrong_content
وَأَطِيعُونِ,11,و | أطيع | ون,و | أطيع | و | ن,too_few_segments
تَجِدَ,11,تجد,ت | جد,too_few_segments
أَسْأَلُكُمْ,11,أسأل | كم,أ | سأل | كم,too_few_segments
أَمَّنْ,11,أمن,أ | من,too_few_segments
أَإِذَا,11,أإذا,أ | إذا,too_few_segments
فَرِيقَاً,10,ف | ريق | ا,فريق | ا,too_many_segments
عَدُوَّاً,10,عد | وا,عدو | ا,wrong_content
تَبَيَّنَ,10,ت | بين,تبين,too_many_segments
وَيَعْقُوبَ,10,و | ي | عقوب,و | يعقوب,too_many_segments
يَأْتِ,10,يأ | ت,ي | أت,wrong_content
تَابُوا,10,ت | اب | وا,تاب | وا,too_many_segments
ذَلِكُمُ,10,ذل | كم,ذلك | م,wrong_content
وَعَدَ,10,و | عد,وعد,too_many_segments
اثْنَيْنِ,10,ا | ثن | ين,اثن | ين,too_many_segments
لَيَقُولُنَّ,10,ليقولن,ل | ي | قول | ن,too_few_segments
لِنَفْسِهِ,10,ل | ن | فسه,ل | نفس | ه,wrong_content
فَأْتُوا,9,فأ | ت | وا,ف | أت | وا,wrong_content
أَكُونَ,9,أكون,أ | كون,too_few_segments
تَكُونَنَّ,9,تكونن,ت | كون | ن,too_few_segments
يَسْأَلُونَكَ,9,ي | سألون | ك,ي | سأل | ون | ك,too_few_segments
فَلْيَتَوَكَّلِ,9,فليتوكل,ف | ل | ي | توكل,too_few_segments
وَكُلَّاً,9,وكل | ا,و | كل | ا,too_few_segments
نَفْسِي,9,ن | فسي,نفس | ي,wrong_content
لَكَاذِبُونَ,9,لكاذب | ون,ل | كاذب | ون,too_few_segments
لِأَبِيهِ,9,ل | أبي | ه,ل | أب | يه,wrong_content
أُوحِيَ,9,أوح | ي,أوحي,too_many_segments
وَيَاقَوْمِ,9,و | ياقوم,و | قوم | يا,too_few_segments
سِنِينَ,9,س | نين,سن | ين,wrong_content
رَوَاسِيَ,9,رواس | ي,رواسي,too_many_segments
أَإِنَّا,9,أإن | نا,أ | أن | نا,too_few_segments
أَعْلَمُ,8,أعلم,أ | علم,too_few_segments
وَقَالَتِ,8,و | قالت,و | قال | ت,too_few_segments
يَرَوْنَ,8,ي | رون,ي | ر | ون,too_few_segments
نِعْمَتَ,8,ن | عمت,نعم | ة,wrong_content
لَقُضِيَ,8,لقض | ي,ل | قضي,wrong_content
يَشَاءَ,8,يشاء,ي | شاء,too_few_segments
الْغَنِيُّ,8,ال | غ | ني,ال | غني,too_many_segments
فَكَذَّبُوهُ,8,ف | كذبو | ه,ف | كذب | و | ه,too_few_segments
يَهْدِ,8,يهد,ي | هد,too_few_segments
بِرَبِّ,8,برب,ب | رب,too_few_segments
يَكُ,8,يك,ي | ك,too_few_segments
أَعْبُدُ,8,أعبد,أ | عبد,too_few_segments
عَرَبِيَّاً,8,عربي | ا,عرب | ي | ا,too_few_segments
تَاللَّهِ,8,تالل | ه,ت | ال | له,too_few_segments
وَعُيُونٍ,8,و | عي | ون,و | عيون,too_many_segments
أُقْسِمُ,8,أقسم,أ | قسم,too_few_segments
وَرَحْمَتُهُ,7,و | رحم | ة | ه,و | رحم | ت | ه,wrong_content
نَفْسَهُ,7,ن | فسه,نفس | ه,wrong_content
أَوَلَوْ,7,أولو,أول | و,too_few_segments
نِعْمَةَ,7,ن | عم | ة,نعم | ة,too_many_segments
نَاصِرِينَ,7,ن | اصر | ين,ناصر | ين,too_many_segments
كِتَابِ,7,ك | تاب,كتاب,too_many_segments
تَعَالَوْا,7,ت | عال | وا,تعال | وا,too_many_segments
سَيِّئَاتِهِمْ,7,س | يئ | ات | هم,سيئ | ات | هم,too_many_segments
وَأَعْتَدْنَا,7,و | أعتد | نا,و | أ | عتد | نا,too_few_segments
تَكُ,7,تك,ت | ك,too_few_segments
يَالَيْتَنِي,7,يا | لي | ت | ني,يا | ليت | ني,too_many_segments
وَتَوَكَّلْ,7,و | ت | وكل,و | توكل,too_many_segments
أُرِيدُ,7,أريد,أ | ريد,too_few_segments
فَاسِقُونَ,7,ف | اسق | ون,فاسق | ون,too_many_segments
بِلِقَاءِ,7,ب | لقاء,ب | لقاء | لقاء,too_few_segments
نَسُوا,7,ن | سوا,نس | وا,wrong_content
أَقُولُ,7,أقول,أ | قول,too_few_segments
لِقَاءَ,7,ل | قاء,لقاء,too_many_segments
بِالَّتِي,7,ب | التي,ب | آلتي,wrong_content
سِتَّةِ,7,س | تة,ست | ة,wrong_content
فَعَلَ,7,ف | عل,فعل,too_many_segments
سَأَلْتَهُمْ,7,سأل | ة | هم,سأل | ت | هم,wrong_content
يُعِيدُهُ,7,يعيد | ه,ي | عيد | ه,too_few_segments
الْقُرُونِ,7,ال | قر | ون,ال | قرون,too_many_segments
الْمُبِينِ,7,ال | مب | ين,ال | مبين,too_many_segments
يَاأَبَتِ,7,يا | أبت,يا | أب | ت,too_few_segments
وَتَرَكْنَا,7,و | ت | رك | نا,و | ترك | نا,too_many_segments
يَتَذَكَّرُ,7,يتذكر,ي | تذكر,too_few_segments
تَهْتَدُونَ,6,ت | هتد | ون,ت | هتد | و | ن,too_few_segments
نَرَى,6,نرى,ن | ري,too_few_segments
أَعُوذُ,6,أعوذ,أ | عوذ,too_few_segments
ادْعُ,6,ادع,ا | دع,too_few_segments
تَقُولُونَ,6,ت | قول | ون,ت | قول | و | ن,too_few_segments
وَالْمَسَاكِينِ,6,و | ال | مساك | ين,و | ال | مساكين,too_many_segments
وُجُوهَكُمْ,6,و | جوه | كم,وجوه | كم,too_many_segments
أَيْنَمَا,6,أينما,أين | ما,too_few_segments
فَإِنِّي,6,ف | أن | ني,ف | أن | ي,wrong_content
وَيَسْأَلُونَكَ,6,و | ي | سألون | ك,و | ي | سأل | و | ن | ك,too_few_segments
تَجِدُ,6,تجد,ت | جد,too_few_segments
تُحِبُّونَ,6,ت | حب | ون,ت | حب | و | ن,too_few_segments
تَخْتَلِفُونَ,6,ت | ختلف | ون,ت | ختلف | و | ن,too_few_segments
وُجُوهٌ,6,و | جوه,وجوه,too_many_segments
وُجُوهُهُمْ,6,و | جوه | هم,وجوه | هم,too_many_segments
سَيِّئَةٌ,6,س | يئ | ة,سيئ | ة,too_many_segments
وَكَأَيِّنْ,6,و | ك | أين,و | ك | أي | ن,too_few_segments
أَيْدِيكُمْ,6,أيدي | كم,أيد | ي | كم,too_few_segments
يُطِعِ,6,يطع,ي | طع,too_few_segments
أَعْتَدْنَا,6,أعتد | نا,اعتد | نا,wrong_content
يَبْتَغُونَ,6,ي | بتغ | ون,ي | بتغ | و | ن,too_few_segments
تَتَّبِعْ,6,تتبع,ت | تبع,too_few_segments
يُؤْفَكُونَ,6,ي | ؤفك | ون,ي | ؤفك | و | ن,too_few_segments
يَذَّكَّرُونَ,6,ي | ذكر | ون,ي | ذكر | و | ن,too_few_segments
فَلِلَّهِ,6,ف | ل | له,ف | ل | ال | له,too_few_segments
تَبَارَكَ,6,تبار | ك,تبارك,too_many_segments
يَدَيْ,6,ي | دي,يد | ي,wrong_content
فَاسِقِينَ,6,ف | اسق | ين,فاسق | ين,too_many_segments
يَابُنَيَّ,6,يا | ب | ني,يا | بن | ي,wrong_content
فَاعِلِينَ,6,ف | اعل | ين,فاعل | ين,too_many_segments
تَفْعَلُونَ,6,ت | فعل | ون,ت | فعل | و | ن,too_few_segments
أَرَأَيْتَ,6,أرأي | ت,أ | رأي | ت,too_few_segments
يَنْبَغِي,6,ي | نبغ | ي,ي | نبغي,too_many_segments
أَتَاكَ,6,أ | تاك,أتا | ك,wrong_content
تَقُولَ,6,تقول,ت | قول,too_few_segments
سَنَةٍ,5,س | نة,سن | ة,wrong_content
كِتَابَ,5,ك | تاب,كتاب,too_many_segments
الشَّيَاطِينَ,5,ال | شياط | ين,ال | شياطين,too_many_segments
اسْمُهُ,5,اسم | ه,ٱسم | ه,wrong_content
يَعْقُوبَ,5,ي | عقوب,يعقوب,too_many_segments
يَرَى,5,يرى,ي | ري,too_few_segments
يُقَاتِلُوكُمْ,5,ي | قاتلو | كم,ي | قاتل | و | كم,too_few_segments
فَرِيضَةً,5,ف | ريض | ة,فريض | ة,too_many_segments
بِيَدِهِ,5,ب | يده,ب | يد | ه,too_few_segments
الْعَلِيُّ,5,ال | على | ي,ال | علي,too_many_segments
سَيِّئَاتِكُمْ,5,س | يئ | ات | كم,سيئ | ات | كم,too_many_segments
بِسِيمَاهُمْ,5,ب | س | يما | هم,ب | سيم | ا | هم,wrong_content
إِلَّا,5,إلا,أن | لا,too_few_segments
اللَّهُمَّ,5,ال | ل | هم,الله | M,too_many_segments
قَالَتِ,5,قالت,قال | ت,too_few_segments
بُيُوتِكُمْ,5,بيو | ة | كم,بيوت | كم,too_many_segments
فَاعْبُدُوهُ,5,ف | اعبدو | ه,ف | ا | عبد | و | ه,too_few_segments
يَتَّخِذَ,5,يتخذ,ي | تخذ,too_few_segments
فَانْظُرُوا,5,ف | ا | ن | ظر | وا,ف | انظر | وا,too_many_segments
تَحْسَبَنَّ,5,ت | حسبن,ت | حسب | ن,too_few_segments
يَسْتَبْشِرُونَ,5,ي | ستبشر | ون,ي | ستبشر | و | ن,too_few_segments
لِلْعَبِيدِ,5,ل | ال | عبيد,ل | ل | عبيد,wrong_content
يَذْكُرُونَ,5,ي | ذكر | ون,ي | ذكر | و | ن,too_few_segments
يَأْتِينَ,5,ي | أت | ين,ي | أتي | ن,wrong_content
تُؤْمِنُونَ,5,ت | ؤمن | ون,ت | ؤمن | و | ن,too_few_segments
يَصُدُّونَ,5,ي | صد | ون,ي | صد | و | ن,too_few_segments
جَاءُوكَ,5,جاءو | ك,جاء | و | ك,too_few_segments
فَعَلُوهُ,5,ف | علو | ه,فعل | و | ه,wrong_content
لَيَقُولَنَّ,5,ليقولن,ل | ي | قول | ن,too_few_segments
وَاجْعَلْ,5,و | ا | جعل,و | أ | أجعل,wrong_content
وَقَعَ,5,و | قع,وقع,too_many_segments
يُجَادِلُ,5,يجادل,ي | جادل,too_few_segments
كُلَّاً,5,كلا,كل | ا,too_few_segments
نُهُوا,5,ن | هوا,نه | وا,wrong_content
أَمْلِكُ,5,أمل | ك,أ | ملك,wrong_content
يَدَكَ,5,يدك,يد | ك,too_few_segments
فَتَرَى,5,ف | ترى,ف | ت | رى,too_few_segments
لَبِئْسَ,5,لبئس,ل | بئس,too_few_segments
يَعْدِلُونَ,5,ي | عدل | ون,ي | عدل | و | ن,too_few_segments
سِيرُوا,5,س | ير | وا,سير | وا,too_many_segments
أَتَاهُمْ,5,أ | تا | هم,أتا | هم,too_many_segments
أَتَّبِعُ,5,أتبع,أ | تبع,too_few_segments
فَتَنَّا,5,ف | تن | نا,فتن | نا,too_many_segments
أَعْبُدَ,5,أعبد,أ | عبد,too_few_segments
لَنَكُونَنَّ,5,لنكونن,ل | ن | كون | ن,too_few_segments
صَلَاتِهِمْ,5,صل | ات | هم,صلا | ت | هم,wrong_content
وَكِيلٌ,5,و | كيل,وكيل,too_many_segments
كَلِمَتُ,5,كلمت,كلم | ة,too_few_segments
تَزِرُ,5,تزر,ت | زر,too_few_segments
أَجِئْتَنَا,5,أجئ | ة | نا,أ | جئ | ت | نا,too_few_segments
الْحَاكِمِينَ,5,ال | حا | كم | ين,ال | حاكم | ين,too_many_segments
أَرَى,5,أرى,أ | ري,too_few_segments
وَكُلٌّ,5,وكل,و | كل,too_few_segments
مَرَّتَيْنِ,5,مرت | ين,مر | ت | ين,too_few_segments
لَيْلَاً,5,ل | يل | ا,ليل | ا,too_many_segments
حَقَّتْ,5,حقت,حق | ت,too_few_segments
ائْتُونِي,5,ائتو | ني,ا | ئت | و | ن | ي,too_few_segments
آلِهَتِنَا,5,آله | ة | نا,آله | ت | نا,wrong_content
يُجَادِلُونَ,5,ي | جادل | ون,ي | جادل | و | ن,too_few_segments
وَلَعَذَابُ,5,و | لعذاب,و | ل | عذاب,too_few_segments
سَيِّئَاتُ,5,س | يئ | ات,سيئ | ات,too_many_segments
لَمَبْعُوثُونَ,5,لمبعوث | ون,ل | مبعوث | ون,too_few_segments
كِتَابَهُ,5,ك | تاب | ه,كتاب | ه,too_many_segments
وُجُوهِهِمْ,5,و | جوه | هم,وجوه | هم,too_many_segments
الْأَرَائِكِ,5,ال | أرائ | ك,ال | أرائك,too_many_segments
أَإِلَهٌ,5,أإله,أ | إله,too_few_segments
تَنْزِيلُ,5,ت | نزيل,تنزيل,too_many_segments
الشَّيَاطِينُ,4,ال | شياط | ين,ال | شياطين,too_many_segments
وَلَبِئْسَ,4,و | لبئس,و | ل | بئس,too_few_segments
تُقَدِّمُوا,4,ت | قدم | وا,تقدم | وا,too_many_segments
ذُرِّيَّتِي,4,ذري | ة | ي,ذر | ي | ت | ي,too_few_segments
لِرَبِّ,4,لرب,ل | رب,too_few_segments
يُقَاتِلُونَكُمْ,4,ي | قاتلون | كم,ي | قاتل | ون | كم,too_few_segments
فَرَضَ,4,ف | رض,فرض,too_many_segments
يَقُولَ,4,يقول,ي | قول,too_few_segments
آتَيْتُمُوهُنَّ,4,آتي | تمو | هن,آتي | تم | و | هن,too_few_segments
فَضَّلْنَا,4,ف | ضل | نا,فضل | نا,too_many_segments
وَسِعَ,4,و | سع,وسع,too_many_segments
فَأْتِ,4,فأ | ت,ف | أت,wrong_content
لَحْمَاً,4,ل | حم | ا,لحم | ا,too_many_segments
وَعَلَانِيَةً,4,و | علاني | ة,و | علان | ي | ة,too_few_segments
وَأُولُو,4,و | أولو,و | أول | و,too_few_segments
ذُرِّيَّةً,4,ذري | ة,ذر | ي | ة,too_few_segments
امْرَأَتُ,4,امرأت,امرأ | ة,too_few_segments
يَاعِيسَى,4,يا | عيسى,يا | عيسا,wrong_content
هَاأَنْتُمْ,4,هاأن | تم,ها | أنتم,wrong_content
وَيَنْهَوْنَ,4,و | ي | نه | ون,ي | نهي | ون,too_many_segments
يَتُوبَ,4,يتوب,ي | توب,too_few_segments
فَعَلُوا,4,ف | عل | وا,فعل | وا,too_many_segments
لِكَيْلَا,4,ل | كيلا,ل | كي | لا,too_few_segments
الْجَاهِلِيَّةِ,4,ال | جاهلي | ة,ال | جاهل | ي | ة,too_few_segments
هَاهُنَا,4,هاه | نا,ها | هنا,wrong_content
الْجَمْعَانِ,4,ال | جمعان,ال | جمع | ان,too_few_segments
مَأْوَاهُمْ,4,مأ | وا | هم,مأوا | هم,too_many_segments
اثْنَتَيْنِ,4,ا | ثنت | ين,اثن | ت | ين,wrong_content
وَصِيَّةٍ,4,و | صي | ة,وصي | ة,too_many_segments
فَضَّلَ,4,ف | ضل,فضل,too_many_segments
يَكُنِ,4,يكن,ي | كن,too_few_segments
وَإِذَاً,4,وإذ | ا,و | إذا,wrong_content
أَكُنْ,4,أكن,أ | كن,too_few_segments
أَيْدِيَكُمْ,4,أيدي | كم,أيد | ي | كم,too_few_segments
نَفْسِكَ,4,ن | فسك,نفس | ك,wrong_content
نَفْسَكَ,4,ن | فسك,نفس | ك,wrong_content
لَسْتَ,4,لست,لس | ت,too_few_segments
وَإِيَّاكُمْ,4,و | إياكم,و | إيا | كم,too_few_segments
نِعْمَتَهُ,4,ن | عمت | ه,نعم | ت | ه,wrong_content
وَاتْلُ,4,و | اتل,و | ا | تل,too_few_segments
أَخِي,4,أخي,أخ | ي,too_few_segments
يَأْتُوكَ,4,ي | أتو | ك,ي | أت | و | ك,too_few_segments
عِنْدِهِ,4,عند | ه,عند | ح,wrong_content
نَادِمِينَ,4,ن | ادم | ين,نادم | ين,too_many_segments
أَهَؤُلَاءِ,4,أهؤلاء,أ | هؤلاء,too_few_segments
يَتَوَلَّ,4,يتول,ي | تول,too_few_segments
وَأَلْقَيْنَا,4,و | ألقي | نا,و | ألقى | نا,wrong_content
وَبَالَ,4,و | ب | ال,وبال,too_many_segments
بِإِذْنِي,4,ب | إذ | ني,ب | إذن | ي,wrong_content
أَغَيْرَ,4,أغير,أ | غير,too_few_segments
بِضُرٍّ,4,بضر,ب | ضر,too_few_segments
أَئِنَّكُمْ,4,أئن | كم,أ | ئن | كم,too_few_segments
فَتَحْنَا,4,ف | ت | حنا,فتح | نا,too_many_segments
يَتَوَفَّاكُمْ,4,يتوفا | كم,ي | توفا | كم,too_few_segments
ائْتِنَا,4,ائ | ت | نا,ائت | نا,too_many_segments
وَاتَّقُوهُ,4,و | اتقو | ه,و | اتق | و | ه,too_few_segments
فَلِنَفْسِهِ,4,ف | ل | ن | فسه,ف | ل | نفس | ه,wrong_content
يُوحِي,4,يوح | ي,ي | وحي,wrong_content
الرِّجْسَ,4,ال | رجس,ال | لرجس,wrong_content
يَوْمِكُمْ,4,ي | وم | كم,يوم | كم,too_many_segments
مَكَانَتِكُمْ,4,مكان | ة | كم,مكان | ت | كم,wrong_content
لَصَادِقُونَ,4,لصادق | ون,ل | صادق | ون,too_few_segments
دَعْوَاهُمْ,4,دع | وا | هم,دعوا | هم,too_many_segments
لَأَمْلَأَنَّ,4,لأملأن,ل | أ | ملأ | ن,too_few_segments
وَلَكِنِّي,4,و | لكن | ني,و | لكن | ي,wrong_content
لَتَأْتُونَ,4,لتأت | ون,ل | ت | أت | ون,too_few_segments
امْرَأَتَهُ,4,امرأ | ة | ه,امرأ | ت | ه,wrong_content
وَأْمُرْ,4,وأمر,و | أمر,too_few_segments
لِنَفْسِي,4,ل | ن | فسي,ل | نفس | ي,wrong_content
مَسَّنِيَ,4,مس | ني,مس | ن | ي,too_few_segments
تَدْعُوهُمْ,4,ت | دعو | هم,ت | دع | و | هم,too_few_segments
وَمَأْوَاهُمْ,4,و | مأ | وا | هم,و | مأوا | هم,too_many_segments
لِقَاءَنَا,4,ل | قاء | نا,لقاء | نا,too_many_segments
نُرِيَنَّكَ,4,نرين | ك,ن | ري | ن | ك,too_few_segments
نَعِدُهُمْ,4,نعد | هم,ن | عد | هم,too_few_segments
تَدْعُ,4,تدع,ت | دع,too_few_segments
نَرَاكَ,4,نرا | ك,ن | را | ك,too_few_segments
أَبِي,4,أبي,أب | ي,too_few_segments
يَتَّقِ,4,يتق,ي | تق,too_few_segments
لَطِيفٌ,4,ل | طيف,لطيف,too_many_segments
نُوحِي,4,نوح | ي,ن | وحي,wrong_content
بِمَاءٍ,4,بماء,ب | ماء,too_few_segments
يَصْلَوْنَهَا,4,ي | صلون | ها,ي | صل | ون | ها,too_few_segments
الشَّيَاطِينِ,4,ال | شياط | ين,ال | شياطين,too_many_segments
وَلَّوْا,4,و | لوا,ول | وا,wrong_content
سُنَّةَ,4,س | نة,سن | ة,wrong_content
كِسَفَاً,4,ك | سف | ا,كسف | ا,too_many_segments
الْبَحْرَيْنِ,4,ال | بحر | ين,ال | بحرين,too_many_segments
يَحْيَى,4,ي | حيى,يحيى,too_many_segments
بِوَالِدَيْهِ,4,ب | والدي | ه,ب | والد | ي | ه,too_few_segments
وَجَعَلَنِي,4,و | جعل | ني,و | جعل | ن | ي,too_few_segments
رَحْمَتِنَا,4,رحم | ة | نا,رحم | ت | نا,wrong_content
أَفَرَأَيْتَ,4,أفرأي | ت,أ | ف | رأي | ت,too_few_segments
نُودِيَ,4,نود | ي,نودي,too_many_segments
رَأَيْتَهُمْ,4,رأي | ة | هم,رأي | ت | هم,wrong_content
أَدْرِي,4,أدر | ي,أ | دري,wrong_content
يُولِجُ,4,يولج,ي | ولج,too_few_segments
وَيُولِجُ,4,و | يولج,و | ي | ولج,too_few_segments
تُطِعِ,4,تطع,ت | طع,too_few_segments
أَفَرَأَيْتُمْ,4,أ | فرأي | تم,أ | ف | رأي | تم,too_few_segments
لَدَيَّ,4,لدى | ي,لد | ي,wrong_content
فَأَنْبَتْنَا,4,ف | أنب | ت | نا,ف | أنبت | نا,too_many_segments
لَيَقُولُونَ,4,ليقول | ون,ل | ي | قول | ون,too_few_segments
مَمْنُونٍ,4,ممن | ون,ممنون,too_many_segments
مَجْنُونٌ,4,مجن | ون,مجنون,too_many_segments
يَسَّرْنَا,4,يسر | نا,ي | سر | نا,too_few_segments
الْيَقِينِ,4,ال | يق | ين,ال | يقين,too_many_segments
وَتَوَاصَوْا,4,و | ت | واص | وا,و | تواص | وا,too_many_segments
يُوصَلَ,3,يوصل,ي | وصل,too_few_segments
وَأَعْلَمُ,3,و | أعلم,و | أ | علم,too_few_segments
يَأْتِيَنَّكُمْ,3,ي | أتين | كم,ي | أتي | ن | كم,too_few_segments
نِعْمَتِيَ,3,ن | عمت | ي,نعم | ت | ي,wrong_content
مُلَاقُو,3,ملاقو,ملاق | و,too_few_segments
يَسُومُونَكُمْ,3,يسومون | كم,ي | سوم | ون | كم,too_few_segments
لَيْلَةً,3,ل | يل | ة,ليل | ة,too_many_segments
أَيَّامَاً,3,أيا | ما,أيام | ا,wrong_content
سَيِّئَةً,3,س | يئ | ة,سيئ | ة,too_many_segments
بِئْسَمَا,3,ب | ئسما,بئس | ما,wrong_content
وَمَلَائِكَتِهِ,3,و | ملائك | ة | ه,و | ملائك | ت | ه,wrong_content
تُوَلُّوا,3,تول | وا,ت | ول | وا,too_few_segments
بَيْتِيَ,3,بي | ت | ي,بيت | ي,too_many_segments
يَابَنِيَّ,3,يا | ب | ني,يا | بن | ي,wrong_content
يَتَّبِعُ,3,يتبع,ي | تبع,too_few_segments
عَقِبَيْهِ,3,عقبي | ه,عقب | ي | ه,too_few_segments
لِئَلَّا,3,ل | ئلا,ل | ئ | لا,too_few_segments
نِعْمَتِي,3,ن | عمت | ي,نعم | ت | ي,wrong_content
نَتَّبِعُ,3,نتبع,ن | تبع,too_few_segments
بَعْدَمَا,3,بعدما,بعد | ما,too_few_segments
يَتَبَيَّنَ,3,ي | تب | ين,ي | تبين,too_many_segments
وَاقْتُلُوهُمْ,3,و | اقتلو | هم,و | ا | قتل | و | هم,too_few_segments
يَوْمَيْنِ,3,ي | وم | ين,يوم | ين,too_many_segments
مَرْضَاتِ,3,مرض | ات,مرضا | ت,wrong_content
يَرُدُّوكُمْ,3,ي | ردو | كم,ي | رد | و | كم,too_few_segments
رَحْمَتَ,3,رحمت,رحم | ة,too_few_segments
يُقِيمَا,3,يقيما,ي | قيم | ا,too_few_segments
فَأَمْسِكُوهُنَّ,3,ف | أمسكو | هن,ف | أ | مسك | و | هن,too_few_segments
يَعِظُكُمْ,3,يعظ | كم,ي | عظ | كم,too_few_segments
تَمَسُّوهُنَّ,3,ت | مسو | هن,ت | مس | و | هن,too_few_segments
وَلِيُّ,3,و | ل | ي,ولي,too_many_segments
وَانْظُرْ,3,و | ا | نظر,و | أنظر,too_many_segments
يَذَّكَّرُ,3,يذكر,ي | ذكر,too_few_segments
تُخْفُوهُ,3,ت | خفو | ه,ت | خف | و | ه,too_few_segments
وَارْحَمْنَا,3,و | ارحم | نا,و | ا | رحم | نا,too_few_segments
كَدَأْبِ,3,كدأب,ك | دأب,too_few_segments
بِنَصْرِهِ,3,ب | ن | صره,ب | نصر | ه,wrong_content
يَتَوَلَّى,3,يتولى,ي | تولى,too_few_segments
يَتَّخِذْ,3,يتخذ,ي | تخذ,too_few_segments
وَجَدَ,3,و | جد,وجد,too_many_segments
الْحَوَارِيُّونَ,3,ال | حواري | ون,ال | حوار | ي | ون,too_few_segments
اتَّبَعُوهُ,3,اتبعو | ه,اتبع | و | ه,too_few_segments
تَفَرَّقُوا,3,تفرق | وا,ت | فرق | وا,too_few_segments
وَدُّوا,3,و | دوا,ود | وا,wrong_content
نُؤْتِهِ,3,ن | ؤته,ن | ؤت | ه,too_few_segments
فَاتَكُمْ,3,ف | ات | كم,فات | كم,too_many_segments
الْتَقَى,3,ال | تقى,ٱلتقى,too_many_segments
وَمَأْوَاهُ,3,و | مأ | وا | ه,و | مأوا | ه,too_many_segments
يَحْسَبَنَّ,3,ي | حسبن,ي | حسب | ن,too_few_segments
كَذَّبُوكَ,3,كذبو | ك,كذب | و | ك,too_few_segments
أَتَوْا,3,أ | توا,أت | وا,wrong_content
الْوَالِدَانِ,3,ال | والدان,ال | والد | ان,too_few_segments
يَعْصِ,3,يعص,ي | عص,too_few_segments
عَفُوَّاً,3,عف | وا,عفو | ا,wrong_content
فَتِيلَاً,3,ف | تيل | ا,فتيل | ا,too_many_segments
اقْتُلُوا,3,اقتل | وا,ا | قتل | وا,too_few_segments
انْفِرُوا,3,ا | ن | فر | وا,ا | نفر | وا,too_many_segments
سَيِّئَةٍ,3,س | يئ | ة,سيئ | ة,too_many_segments
جَاءُوكُمْ,3,جاءو | كم,جاء | و | كم,too_few_segments
فَتَحْرِيرُ,3,ف | ت | حرير,ف | تحرير,too_many_segments
فَتَبَيَّنُوا,3,ف | تب | ين | وا,ف | تبين | وا,too_many_segments
فَأَقِيمُوا,3,ف | أقيم | وا,ف | أ | قيم | وا,too_few_segments
وَيَأْتِ,3,و | يأ | ت,و | ي | أت,wrong_content
عِبَادَتِهِ,3,عباد | ة | ه,عباد | ت | ه,wrong_content
وَيَزِيدُهُمْ,3,و | يزيد | هم,و | ي | زيد | هم,too_few_segments
كَانَتَا,3,كانتا,كان | تا,too_few_segments
يَجْرِمَنَّكُمْ,3,ي | جرمن | كم,ي | جرم | ن | كم,too_few_segments
فَكَأَنَّمَا,3,ف | كأنما,ف | كأن | ما,too_few_segments
فَسَادَاً,3,ف | ساد | ا,فساد | ا,too_many_segments
يُرِدِ,3,يرد,ي | رد,too_few_segments
أَعْرِضْ,3,أعرض,أ | عرض,too_few_segments
يَتَوَلَّهُمْ,3,يتول | هم,ي | تول | هم,too_few_segments
وَلَعِبَاً,3,و | ل | عب | ا,و | لعب | ا,too_many_segments
أُنَبِّئُكُمْ,3,أنبئ | كم,أ | نبئ | كم,too_few_segments
يَدَاهُ,3,ي | داه,يد | ا | ه,too_few_segments
مَكَّنَّاهُمْ,3,مك | نا | هم,مكن | نا | هم,wrong_content
انْظُرُوا,3,ا | ن | ظر | وا,ا | نظر | وا,too_many_segments
فَاطِرِ,3,ف | اطر,فاطر,too_many_segments
يَفْقَهُوهُ,3,ي | فقهو | ه,ي | فقه | و | ه,too_few_segments
حَيَاتُنَا,3,حي | ات | نا,حيا | ة | نا,wrong_content
وَلَهْوٌ,3,و | ل | هو,و | لهو,too_many_segments
أَتَاكُمْ,3,أ | تا | كم,أتا | كم,too_many_segments
فَرِحُوا,3,ف | رح | وا,فرح | وا,too_many_segments
وَغَرَّتْهُمُ,3,و | غرت | هم,و | غر | ت | هم,too_few_segments
لِلَّذِي,3,ل | الذي,ل | لذي,wrong_content
وَذُرِّيَّاتِهِمْ,3,و | ذري | ات | هم,و | ذر | ي | ات | هم,too_few_segments
تَقْدِيرُ,3,ت | قدير,تقدير,too_many_segments
فَصَّلْنَا,3,ف | صل | نا,فصل | نا,too_many_segments
وَالزَّيْتُونَ,3,و | ال | زيت | ون,و | ال | زيتون,too_many_segments
وَتَمَّتْ,3,و | تمت,و | تم | ت,too_few_segments
ذُرِّيَّةِ,3,ذري | ة,ذر | ي | ة,too_few_segments
أَجِدُ,3,أجد,أ | جد,too_few_segments
وَصَّاكُمْ,3,و | صا | كم,وصا | كم,too_many_segments
لَكُنَّا,3,لكن | نا,ل | كن | نا,too_few_segments
خَفَّتْ,3,خفت,خف | ت,too_few_segments
لِبَاسَاً,3,ل | باس | ا,لباس | ا,too_many_segments
وَنَزَعْنَا,3,و | ن | زع | نا,و | نزع | نا,too_many_segments
وَيَبْغُونَهَا,3,و | ي | بغون | ها,و | ي | بغ | ون | ها,too_few_segments
لَهْوَاً,3,ل | هو | ا,لهو | ا,too_many_segments
لَنَرَاكَ,3,لنرا | ك,ل | ن | را | ك,too_few_segments
فَأْتِنَا,3,فأ | ت | نا,ف | أت | نا,wrong_content
سَمَّيْتُمُوهَا,3,سمي | تمو | ها,سمي | تم | و | ها,too_few_segments
فَانْتَظِرُوا,3,ف | انتظر | وا,ف | ا | نتظر | وا,too_few_segments
تَمَسُّوهَا,3,ت | مسو | ها,ت | مس | و | ها,too_few_segments
أَبْلَغْتُكُمْ,3,أبلغ | ة | كم,أبلغ | ت | كم,wrong_content
لَخَاسِرُونَ,3,لخاسر | ون,ل | خاسر | ون,too_few_segments
يَدَهُ,3,يده,يد | ه,too_few_segments
وَاصْبِرُوا,3,و | ا | صبر | وا,و | اصبر | وا,too_many_segments
ذُرِّيَّتَهُمْ,3,ذري | ة | هم,ذر | ي | ت | هم,too_few_segments
وُجُوهَهُمْ,3,و | جوه | هم,وجوه | هم,too_many_segments
تُغْنِ,3,تغن,ت | غن,too_few_segments
سَكِينَتَهُ,3,سكين | ة | ه,سكين | ت | ه,wrong_content
تَرَوْهَا,3,ترو | ها,ت | ر | و | ها,too_few_segments
فَرِحُونَ,3,ف | رح | ون,فرح | ون,too_many_segments
تَقُومَ,3,تقوم,ت | قوم,too_few_segments
أَتَاهَا,3,أ | تا | ها,أتا | ها,too_many_segments
نَتَوَفَّيَنَّكَ,3,نتوفين | ك,ن | توفي | ن | ك,too_few_segments
لَحَقٌّ,3,لحق,ل | حق,too_few_segments
يَرَوُا,3,ي | روا,ي | ر | وا,too_few_segments
لِتَكُونَ,3,ل | ت | كون,L | تكون,too_many_segments
فَعَلْتَ,3,ف | عل | ت,فعل | ت,too_many_segments
يَهْتَدِي,3,ي | هتد | ي,ي | هتدي,too_many_segments
فُصِّلَتْ,3,ف | صل | ت,فصل | ت,too_many_segments
اسْتَغْفِرُوا,3,استغفر | وا,ا | ستغفر | وا,too_few_segments
أَرَاكُمْ,3,أرا | كم,أ | را | كم,too_few_segments
فَطَرَنِي,3,ف | طر | ني,فطر | ن | ي,wrong_content
لَعْنَةً,3,ل | عن | ة,لعن | ة,too_many_segments
فَعَقَرُوهَا,3,ف | عقرو | ها,ف | عقر | و | ها,too_few_segments
الْقَوِيُّ,3,ال | قوي,ال | قوى,wrong_content
تَأْوِيلِ,3,ت | أويل,تأويل,too_many_segments
لَحَافِظُونَ,3,لحافظ | ون,ل | حافظ | ون,too_few_segments
بِتَأْوِيلِهِ,3,ب | ت | أويل | ه,ب | تأويل | ه,too_many_segments
انْقَلَبُوا,3,ا | ن | قلب | وا,انقلب | وا,too_many_segments
أَدْعُو,3,أدعو,أ | دعو,too_few_segments
تَرَوْنَهَا,3,ترون | ها,ت | ر | ون | ها,too_few_segments
وَيَسْتَعْجِلُونَكَ,3,و | ي | ستعجلونك,و | ي | ستعجل | ون | ك,too_few_segments
يَدْخُلُونَهَا,3,ي | دخلون | ها,ي | دخل | ون | ها,too_few_segments
أَنَابَ,3,أ | ناب,أناب,too_many_segments
وُعِدَ,3,و | عد,وعد,too_many_segments
وَعِيدِ,3,و | عيد,وعيد,too_many_segments
لَمَجْنُونٌ,3,ل | مجن | ون,ل | مجنون,too_many_segments
لَقَالُوا,3,لقال | وا,ل | قال | وا,too_few_segments
وَأَنْبَتْنَا,3,و | أنب | ت | نا,و | أنبت | نا,too_many_segments
مَسْنُونٍ,3,مسن | ون,مسنون,too_many_segments
تَمِيدَ,3,تميد,ت | ميد,too_few_segments
وَلَنَجْزِيَنَّهُمْ,3,و | لنجزين | هم,و | ل | ن | جزي | ن | هم,too_few_segments
دُونِي,3,دو | ني,دون | ي,wrong_content
عُلُوَّاً,3,عل | وا,علو | ا,wrong_content
سُنْدُسٍ,3,س | ندس,سندس,too_many_segments
أَظُنُّ,3,أظن,أ | ظن,too_few_segments
سَتَجِدُنِي,3,س | تجد | ني,س | ت | جد | ن | ي,too_few_segments
فَانْطَلَقَا,3,ف | انطلقا,ف | انطلق | ا,too_few_segments
وَكَانَتِ,3,و | كانت,و | كان | ت,too_few_segments
لَغْوَاً,3,ل | غو | ا,لغو | ا,too_many_segments
وَاصْطَبِرْ,3,و | ا | صطبر,و | اصطبر,too_many_segments
آتِيكُمْ,3,آتي | كم,آ | تي | كم,too_few_segments
أَدُلُّكُمْ,3,أدل | كم,أ | دل | كم,too_few_segments
فَقُولَا,3,ف | قولا,ف | قول | ا,too_few_segments
الْمَلِكُ,3,ال | ملك,الملك,too_many_segments
مَسَاكِنِهِمْ,3,مسا | كن | هم,مساكن | هم,too_many_segments
آلِهَتَكُمْ,3,آله | ة | كم,آله | ت | كم,wrong_content
نُذِقْهُ,3,نذق | ه,ن | ذق | ه,too_few_segments
أُخْرِجُوا,3,أخرج | وا,اخرج | وا,wrong_content
يُكَذِّبُوكَ,3,ي | كذبو | ك,ي | كذب | و | ك,too_few_segments
لَقَادِرُونَ,3,لقادر | ون,ل | قادر | ون,too_few_segments
انْصُرْنِي,3,انصر | ني,ا | نصر | ن | ي,too_few_segments
كَذَّبُونِ,3,كذب | ون,كذب | و | ن,too_few_segments
وَرَائِهِمْ,3,و | رائ | هم,ورائ | هم,too_many_segments
يَضَعْنَ,3,يضعن,ي | ضع | ن,too_few_segments
يُلْقَى,3,ي | لقى,ي | يلقى,wrong_content
سَيَهْدِينِ,3,س | ي | هد | ين,س | ي | هدي | ن,wrong_content
وَنَجِّنِي,3,و | نج | ني,و | نج | ن | ي,too_few_segments
الْمَشْحُونِ,3,ال | مشح | ون,ال | مشحون,too_many_segments
وَلَّى,3,و | لى,ولى,too_many_segments
أُلْقِيَ,3,ألق | ي,ألقي | ت,wrong_content
وَلَيَعْلَمَنَّ,3,و | ليعلمن,و | ل | ي | علم | ن,too_few_segments
جَنَّتَانِ,3,جنتان,جن | ت | ان,too_few_segments
أَهُمْ,3,أهم,أ | هم,too_few_segments
فَتَوَلَّ,3,ف | ت | ول,ف | تول,too_many_segments
جَاءُوهَا,3,جاءو | ها,جاء | و | ها,too_few_segments
خَزَنَتُهَا,3,خزن | ة | ها,خزن | ت | ها,wrong_content
يَوْمَهُمُ,3,ي | وم | هم,يوم | هم,too_many_segments
فَأَصْلِحُوا,3,ف | أصلح | وا,ف | أ | صلح | وا,too_few_segments
أَفَرَأَيْتُمُ,3,أ | فرأي | تم,أ | ف | رأي | تم,too_few_segments
الْمِسْكِينِ,3,ال | مسك | ين,ال | مسكين,too_many_segments
يَرَهُ,3,يره,ي | ر | ه,too_few_segments
أَأَنْذَرْتَهُمْ,2,أ | أنذر | ة | هم,أ | أنذر | ت | هم,wrong_content
يَكْذِبُونَ,2,ي | كذب | ون,ي | كذب | و | ن,too_few_segments
وَقُودُهَا,2,و | قود | ها,وقود | ها,too_many_segments
وَيُفْسِدُونَ,2,و | ي | فسد | ون,و | ي | فسد | و | ن,too_few_segments
تَقْرَبَا,2,ت | قربا,ت | قرب | ا,too_few_segments
فَتَكُونَا,2,ف | ت | كو | نا,ف | ت | كون | ا,wrong_content
كَانَا,2,كا | نا,كان | ا,wrong_content
وَأَنِّي,2,و | أن | ني,و | أن | ي,wrong_content
فَضَّلْتُكُمْ,2,ف | ضل | ت | كم,فضل | ت | كم,too_many_segments
فَاقْتُلُوا,2,ف | اقتل | وا,ف | ا | قتل | وا,too_few_segments
ظَلَمُونَا,2,ظلمو | نا,ظلم | و | نا,too_few_segments
اثْنَتَا,2,اثنتا,اثن | ت | ا,too_few_segments
فَادْعُ,2,ف | ادع,ف | ا | دع,too_few_segments
تَشَابَهَ,2,تشاب | ه,تشابه,too_many_segments
لَمُهْتَدُونَ,2,لمهتد | ون,ل | مهتد | ون,too_few_segments
تَمَسَّنَا,2,تمس | نا,ت | مس | نا,too_few_segments
بِرَحْمَتِهِ,2,ب | رحم | ة | ه,ب | رحم | ت | ه,wrong_content
تَجِدُوهُ,2,تجدو | ه,ت | جد | و | ه,too_few_segments
لَيْسَتِ,2,ليست,ليس | ت,too_few_segments
يَدْخُلُوهَا,2,ي | دخلو | ها,ي | دخل | و | ها,too_few_segments
وَاجْعَلْنَا,2,و | اجعل | نا,و | ا | جعل | نا,too_few_segments
تَمُوتُنَّ,2,ت | مو | تن,ت | موت | ن,wrong_content
وَحَيْثُمَا,2,و | حيثما,و | ما | حيث,too_few_segments
يَعْرِفُونَهُ,2,ي | عرفون | ه,ي | عرف | ون | ه,too_few_segments
فَاسْتَبِقُوا,2,ف | استبق | وا,ف | ا | ستبق | وا,too_few_segments
تَخْشَوْهُمْ,2,ت | خشو | هم,ت | خش | و | هم,too_few_segments
أَمْوَاتٌ,2,أمو | ات,أموات,too_many_segments
وَلَنَبْلُوَنَّكُمْ,2,و | لنبلون | كم,و | ل | ن | بلو | ن | كم,too_few_segments
أَصَابَتْهُمْ,2,أصاب | ت | هم,أصاب | ت | كم,wrong_content
تَطَوَّعَ,2,ت | طوع,تطوع,too_many_segments
وَتَصْرِيفِ,2,و | ت | صريف,و | تصريف,too_many_segments
يَتَّخِذُ,2,يتخذ,ي | تخذ,too_few_segments
تَبَرَّأَ,2,ت | برأ,تبرأ,too_many_segments
وَالْمَسَاكِينَ,2,و | ال | مساك | ين,و | ال | مساكين,too_many_segments
فَلْيَسْتَجِيبُوا,2,فليستجيب | وا,ف | ل | ي | ستجيب | وا,too_few_segments
قَاتَلُوكُمْ,2,قاتلو | كم,قاتل | و | كم,too_few_segments
وَقَاتِلُوهُمْ,2,و | قاتلو | هم,و | قاتل | و | هم,too_few_segments
صَدَقَةٍ,2,صدق | ة,صدقة,too_many_segments
أَفَضْتُمْ,2,أ | فض | تم,أفض | تم,too_many_segments
وَقِنَا,2,و | قنا,و | ق | نا,too_few_segments
تَأَخَّرَ,2,ت | أخر,تأخر,too_many_segments
اتَّقِ,2,اتق,ا | تق,too_few_segments
يَزَالُونَ,2,ي | زال | ون,ي | زال | و | ن,too_few_segments
يَتَرَبَّصْنَ,2,يتربصن,ي | تربص | ن,too_few_segments
يَتَعَدَّ,2,يتعد,ي | تعد,too_few_segments
فَبَلَغْنَ,2,ف | بلغن,ف | بلغ | ن,too_few_segments
تَعْضُلُوهُنَّ,2,ت | عضلو | هن,ت | عضل | و | هن,too_few_segments
يُوعَظُ,2,يوعظ,ي | وعظ,too_few_segments
أَرَدْتُمْ,2,أ | رد | تم,أرد | تم,too_many_segments
بَلَغْنَ,2,بلغن,بلغ | ن,too_few_segments
فَعَلْنَ,2,ف | علن,فعل | ن,wrong_content
أَنْفُسِهِنَّ,2,أنفس | هن,أنفس | ه | ن,too_few_segments
طَلَّقْتُمُوهُنَّ,2,طلق | تمو | هن,طلق | تم | و | هن,too_few_segments
فَرَضْتُمْ,2,ف | رض | تم,فرض | تم,too_many_segments
وَصِيَّةً,2,و | صي | ة,وصي | ة,too_many_segments
فَيُضَاعِفَهُ,2,ف | يضاعف | ه,ف | ي | ضاعف | ه,too_few_segments
الْمَلَإِ,2,ال | ملإ,ال | ملأ,wrong_content
نَبِيُّهُمْ,2,ن | ب | ي | هم,نبي | هم,too_many_segments
يُؤْتَ,2,يؤ | ت,ي | ؤت,wrong_content
أَفْرِغْ,2,أفرغ,أ | فرغ,too_few_segments
وَانْصُرْنَا,2,و | انصر | نا,و | ا | نصر | نا,too_few_segments
لَفَسَدَتِ,2,لفسدت,ل | فسد | ت,too_few_segments
اسْتَمْسَكَ,2,استمس | ك,استمسك,too_many_segments
أَرِنِي,2,أر | ني,أ | ر | ن | ي,too_few_segments
مَنَّاً,2,من | ا,من | نا,wrong_content
ذُرِّيَّةٌ,2,ذري | ة,ذر | ي | ة,too_few_segments
يَعِدُكُمُ,2,يعد | كم,ي | عد | كم,too_few_segments
يَعِدُكُمْ,2,يعد | كم,ي | عد | كم,too_few_segments
تُبْتُمْ,2,ت | بتم,تب | تم,wrong_content
تُوَفَّى,2,توفى,توفي,wrong_content
يَأْبَ,2,يأب,ي | أب,too_few_segments
وَلْيَتَّقِ,2,وليتق,و | ل | ي | تق,too_few_segments
تَأْوِيلَهُ,2,ت | أويل | ه,تأويل | ه,too_many_segments
فِئَتَيْنِ,2,فئت | ين,فئ | ت | ين,too_few_segments
بِيَدِكَ,2,ب | يدك,ب | يد | ك,too_few_segments
فَاتَّبِعُونِي,2,ف | اتبعو | ني,ف | اتبع | و | ن | ي,too_few_segments
يُصَلِّي,2,ي | صل | ي,ي | صلي,too_many_segments
آيَتُكَ,2,آي | ة | ك,آي | ت | ك,wrong_content
تُكَلِّمَ,2,ت | ك | لم,ت | كلم,too_many_segments
نُوحِيهِ,2,نوحي | ه,ن | وحي | ه,too_few_segments
وَجِيهَاً,2,و | جيه | ا,وجيه | ا,too_many_segments
يَمْسَسْنِي,2,ي | مسس | ني,ي | مسس | ن | ي,too_few_segments
كَهَيْئَةِ,2,كهيئ | ة,ك | هيئ | ة,too_few_segments
الْأَكْمَهَ,2,ال | أكم | ه,ال | أكمه,too_many_segments
يَدَيَّ,2,ي | دي,يد | ي,wrong_content
بِأَنَّا,2,ب | أنا,ب | أن | نا,too_few_segments
فَاكْتُبْنَا,2,ف | اكتب | نا,ف | ا | كتب | نا,too_few_segments
لَعْنَتَ,2,لعنت,لعن | ة,too_few_segments
بِيَدِ,2,بيد,ب | يد,too_few_segments
الْأُمِّيِّينَ,2,ال | أمي | ين,ال | أم | ي | ين,too_few_segments
ازْدَادُوا,2,ا | زداد | وا,ازداد | وا,too_many_segments
عَنِتُّمْ,2,عن | تم,عنت | تم,wrong_content
تَسُؤْهُمْ,2,تسؤ | هم,ت | سؤ | هم,too_few_segments
هَمَّتْ,2,همت,هم | ت,too_few_segments
طَائِفَتَانِ,2,طائفتان,طائف | ت | ان,too_few_segments
فَسِيرُوا,2,ف | س | ير | وا,ف | سير | وا,too_many_segments
أَفَإِنْ,2,أفإن,أ | ف | أن,too_few_segments
انْقَلَبْتُمْ,2,ا | ن | قلب | تم,انقلب | تم,too_many_segments
وَمَأْوَاهُمُ,2,و | مأ | وا | هم,و | مأوا | هم,too_many_segments
مُتُّمْ,2,متم,مت | تم,too_few_segments
فَاعْفُ,2,ف | اعف,ف | ا | عف,too_few_segments
فَتَوَكَّلْ,2,ف | ت | وكل,ف | توكل,too_many_segments
نَافَقُوا,2,ن | افق | وا,نافق | وا,too_many_segments
يَجْتَبِي,2,ي | جتب | ي,ي | جتبي,too_many_segments
فَقِيرٌ,2,ف | قير,فقير,too_many_segments
فَازَ,2,ف | از,فاز,too_many_segments
لَأُكَفِّرَنَّ,2,لأكفرن,ل | أ | كفر | ن,too_few_segments
فَقِيرَاً,2,ف | قير | ا,فقير | ا,too_many_segments
تَرَكُوا,2,ت | رك | وا,ترك | وا,too_many_segments
أَبَوَاهُ,2,أب | وا | ه,أبو | ا | ه,wrong_content
تَرَكْتُمْ,2,ت | رك | تم,ترك | تم,too_many_segments
أُخْتٌ,2,أخت,أخ | ت,too_few_segments
فَآتُوهُنَّ,2,ف | آتو | هن,ف | آت | و | هن,too_few_segments
وَيَتُوبَ,2,و | يتوب,و | ي | توب,too_few_segments
وَيُؤْتِ,2,و | يؤ | ت,و | ي | ؤت,wrong_content
تَضِلُّوا,2,تضل | وا,ت | ضل | وا,too_few_segments
بِأَلْسِنَتِهِمْ,2,ب | ألسن | ة | هم,ب | ألسن | ت | هم,wrong_content
يُزَكِّي,2,ي | زك | ي,ي | زكي,too_many_segments
لَوَجَدُوا,2,لوجد | وا,ل | وجد | وا,too_few_segments
تُقَاتِلُونَ,2,ت | قاتل | ون,ت | قاتل | و | ن,too_few_segments
فَمَالِ,2,ف | مال,ف | ما | ل,too_few_segments
رُدُّوهَا,2,ردو | ها,رد | و | ها,too_few_segments
لَيَجْمَعَنَّكُمْ,2,ليجمعن | كم,ل | ي | جمع | ن | كم,too_few_segments
فَخُذُوهُمْ,2,ف | خذو | هم,ف | خذ | و | هم,too_few_segments
وَجَدْتُمُوهُمْ,2,و | جد | تمو | هم,وجد | تم | و | هم,wrong_content
فِيمَ,2,فيم,في | م,too_few_segments
وَلْيَأْخُذُوا,2,وليأخذ | وا,و | ل | ي | أخذ | وا,too_few_segments
يَسْتَخْفُونَ,2,ي | ستخف | ون,ي | ستخف | و | ن,too_few_segments
يُضِلُّوكَ,2,ي | ضلو | ك,ي | ضل | و | ك,too_few_segments
يُشَاقِقِ,2,يشاقق,ي | شاقق,too_few_segments
وَلَآمُرَنَّهُمْ,2,و | لآمرن | هم,و | ل | آ | آمر | ن | هم,too_few_segments
يَعِدُهُمُ,2,يعد | هم,ي | عد | هم,too_few_segments
تَنْكِحُوهُنَّ,2,ت | نكحو | هن,ت | نكح | و | هن,too_few_segments
سَعَتِهِ,2,سعت | ه,سع | ت | ه,too_few_segments
وَصَّيْنَا,2,و | صي | نا,وصي | نا,too_many_segments
يُؤْتِ,2,يؤ | ت,ي | ؤت,wrong_content
نَقْضِهِمْ,2,ن | قض | هم,نقض | هم,too_many_segments
قَتَلُوهُ,2,قتلو | ه,قتل | و | ه,too_few_segments
مَوْتِهِ,2,مو | ت | ه,موت | ه,too_many_segments
يَرِثُهَا,2,يرث | ها,ي | رث | ها,too_few_segments
أَوْفُوا,2,أوف | وا,أ | وف | وا,too_few_segments
وَاخْشَوْنِ,2,و | ا | خش | ون,و | ا | خش | و | ن,too_few_segments
تَطَّلِعُ,2,تطلع,ت | طلع,too_few_segments
تُخْفُونَ,2,ت | خف | ون,ت | خف | و | ن,too_few_segments
وَأَخِي,2,و | أخي,و | أخ | ي,too_few_segments
سَنَةً,2,س | نة,سن | ة,wrong_content
تَأْسَ,2,تأس,ت | أس,too_few_segments
نَفْسُهُ,2,ن | فسه,نفس | ه,wrong_content
يُوَارِي,2,يوار | ي,ي | واري,wrong_content
فَخُذُوهُ,2,ف | خذو | ه,ف | خذ | و | ه,too_few_segments
لَجَعَلَكُمْ,2,لجعل | كم,ل | جعل | كم,too_few_segments
بِشَرٍّ,2,بشر,ب | شر,too_few_segments
وَلَيَزِيدَنَّ,2,و | ليزيدن,و | ل | ي | زيد | ن,too_few_segments
رِسَالَتَهُ,2,رسال | ة | ه,رسال | ت | ه,wrong_content
لَسْتُمْ,2,لستم,لس | تم,too_few_segments
مَسَاكِينَ,2,مساك | ين,مساكين,too_many_segments
ذَوَا,2,ذوا,ذو | ا,too_few_segments
تُبْدَ,2,تبد,ت | بد,too_few_segments
أَنَّهُمَا,2,أن | هما,أن | هم | ا,too_few_segments
أُعَذِّبُهُ,2,أعذب | ه,أ | عذب | ه,too_few_segments
أَقُولَ,2,أقول,أ | قول,too_few_segments
نُمَكِّنْ,2,ن | مك | كن,ن | مكن,too_many_segments
لَجَعَلْنَاهُ,2,لجعل | نا | ه,ل | جعل | نا | ه,too_few_segments
وَأُوحِيَ,2,و | أوح | ي,و | أوحي,too_many_segments
يُجَادِلُونَكَ,2,يجادلون | ك,ي | جادل | و | ن | ك,too_few_segments
وُقِفُوا,2,و | قف | وا,وقف | وا,too_many_segments
يَالَيْتَنَا,2,يا | لي | ت | نا,يا | ليت | نا,too_many_segments
فَرَّطْنَا,2,ف | رط | نا,فرط | نا,too_many_segments
نَصْرُنَا,2,ن | صر | نا,نصر | نا,too_many_segments
يَشَإِ,2,يشإ,ي | شإ,too_few_segments
أَرَأَيْتَكُمْ,2,أرأي | ة | كم,أ | رأي | ت | كم,too_few_segments
نُهِيتُ,2,ن | هيت,نهي | ت,wrong_content
فَطَرَ,2,ف | طر,فطر,too_many_segments
ذُرِّيَّتِهِ,2,ذري | ة | ه,ذر | ي | ت | ه,too_few_segments
أَخْرِجُوا,2,أخرج | وا,اخرج | وا,wrong_content
جِئْتُمُونَا,2,جئ | تمو | نا,جئ | تم | و | نا,too_few_segments
تَقَطَّعَ,2,ت | قطع,تقطع,too_many_segments
فَالِقُ,2,ف | الق,فالق,too_many_segments
سَيُجْزَوْنَ,2,س | ي | جز | ون,س | ي | جز | و | ن,too_few_segments
وَيُنْذِرُونَكُمْ,2,و | ي | نذرون | كم,و | ي | نذر | ون | كم,too_few_segments
مُهْلِكَ,2,مهل | ك,مهلك,too_many_segments
يَصِلُ,2,يصل,ي | صل,too_few_segments
آلذَّكَرَيْنِ,2,آلذكر | ين,أ | ال | ذكر | ين,too_few_segments
حَمَلَتْ,2,حمل | ت,حمل | ة,wrong_content
لَهَدَاكُمْ,2,لهدا | كم,ل | هدا | كم,too_few_segments
فَاتَّبِعُوهُ,2,ف | اتبعو | ه,ف | ا | تبع | و | ه,too_few_segments
لَغَافِلِينَ,2,لغافل | ين,ل | غافل | ين,too_few_segments
فَرَّقُوا,2,ف | رق | وا,فرق | وا,too_many_segments
هَدَانِي,2,هدا | ني,هدا | ن | ي,too_few_segments
مَكَّنَّاكُمْ,2,مك | نا | كم,مكن | نا | كم,wrong_content
خَلَقْتَنِي,2,خلق | ة | ني,خلق | ت | ن | ي,too_few_segments
وَخَلَقْتَهُ,2,و | خلق | ة | ه,و | خلق | ت | ه,wrong_content
أَغْوَيْتَنِي,2,أغوي | ة | ني,أغوي | ت | ن | ي,too_few_segments
سَوْآتِهِمَا,2,سوء | ات | هما,سوآ | ت | هما,wrong_content
تَكُونَا,2,ت | كو | نا,ت | كون | ا,wrong_content
سَوْآتُهُمَا,2,سوء | ات | هما,سوآ | ت | هما,wrong_content
وَطَفِقَا,2,و | طفقا,و | طفق | ا,too_few_segments
وَرَقِ,2,و | رق,ورق,too_many_segments
قَالَا,2,قالا,قال | ا,too_few_segments
يَرَاكُمْ,2,يرا | كم,ي | را | كم,too_few_segments
وَادْعُوهُ,2,و | ادعو | ه,و | ا | دع | و | ه,too_few_segments
أُورِثْتُمُوهَا,2,أورث | تمو | ها,أورث | تم | و | ها,too_few_segments
وَجَدْتُمْ,2,و | جد | تم,وجد | تم,too_many_segments
وَنَادَوْا,2,و | ن | اد | وا,و | ناد | وا,too_many_segments
تِلْقَاءَ,2,ت | لقاء,تلقاء,too_many_segments
فَصَّلْنَاهُ,2,ف | صل | نا | ه,فصل | نا | ه,too_many_segments
تَأْوِيلُهُ,2,ت | أويل | ه,تأويل | ه,too_many_segments
نَبَاتُهُ,2,نب | ات | ه,نبات | ه,too_many_segments
أُبَلِّغُكُمْ,2,أبلغ | كم,أ | بلغ | كم,too_few_segments
أَوَعَجِبْتُمْ,2,أ | وعجب | تم,أ | و | عجب | تم,too_few_segments
فَذَرُوهَا,2,ف | ذرو | ها,ف | ذر | و | ها,too_few_segments
قَرْيَتِكُمْ,2,قري | ة | كم,قري | ت | كم,wrong_content
لَتَعُودُنَّ,2,لتعودن,ل | ت | ود | ن,too_few_segments
مِلَّتِنَا,2,ملت | نا,مل | ت | نا,too_few_segments
أَفَأَمِنَ,2,أفأمن,أ | ف | أمن,too_few_segments
نَائِمُونَ,2,ن | ائم | ون,نائم | ون,too_many_segments
أَفَأَمِنُوا,2,أفأمن | وا,أ | ف | أمن | وا,too_few_segments
يَرِثُونَ,2,ي | رث | ون,ي | رث | و | ن,too_few_segments
أَرْجِهْ,2,أرج | ه,أ | رج | ه,too_few_segments
لَأُقَطِّعَنَّ,2,لأقطعن,ل | أ | قطع | ن,too_few_segments
بِبَنِي,2,ب | بني,ب | بن | ي,too_few_segments
لِمِيقَاتِنَا,2,ل | ميق | ات | نا,ل | ميقات | نا,too_many_segments
تَرَانِي,2,ترا | ني,ت | را | ن | ي,too_few_segments
سَأُرِيكُمْ,2,سأري | كم,س | أ | ري | كم,too_few_segments
يَتَّخِذُوهُ,2,يتخذو | ه,ي | تخذ | و | ه,too_few_segments
وَلِقَاءِ,2,و | ل | قاء,و | لقاء,too_many_segments
تَجْعَلْنِي,2,ت | جعل | ني,ت | جعل | ن | ي,too_few_segments
وَلِيُّنَا,2,و | ل | ي | نا,ولي | نا,too_many_segments
تَأَذَّنَ,2,ت | أذن,تأذن,too_many_segments
فَادْعُوهُ,2,ف | ادعو | ه,ف | ا | دع | و | ه,too_few_segments
سَنَسْتَدْرِجُهُمْ,2,س | ن | ستدرجهم,س | ن | ستدرج | هم,too_few_segments
وَأُمْلِي,2,و | أمل | ي,و | أ | ملي,wrong_content
وَتَرَاهُمْ,2,و | ترا | هم,و | ت | را | هم,too_few_segments
يَنْزَغَنَّكَ,2,ي | نزغن | ك,ي | نزغ | ن | ك,too_few_segments
وَجِلَتْ,2,و | جل | ت,وجل | ت,too_many_segments
بَيْتِكَ,2,بي | ت | ك,بيت | ك,too_many_segments
تَرَوْنَ,2,ت | رون,ت | ر | ون,too_few_segments
يَتَوَكَّلْ,2,يتوكل,ي | توكل,too_few_segments
يَتَوَفَّى,2,يتوفى,ي | توفى,too_few_segments
مِائَتَيْنِ,2,مائت | ين,مائ | ت | ين,too_few_segments
لَمَسَّكُمْ,2,لمس | كم,ل | مس | كم,too_few_segments
وَنَصَرُوا,2,و | ن | صر | وا,و | نصر | وا,too_many_segments
نَكَثُوا,2,ن | كث | وا,نكث | وا,too_many_segments
لَيَأْكُلُونَ,2,ليأكل | ون,ل | ي | أكل | ون,too_few_segments
ثَانِيَ,2,ثا | ني,ثاني,too_many_segments
يَسْتَأْذِنُكَ,2,ي | ستأذنك,ي | ستأذن | ك,too_few_segments
تُصِبْكَ,2,تصب | ك,ت | صب | ك,too_few_segments
نَتَرَبَّصُ,2,نتربص,ن | تربص,too_few_segments
وَمَسَاكِنَ,2,و | مسا | كن,و | مساكن,too_many_segments
نَقَمُوا,2,ن | قم | وا,نقم | وا,too_many_segments
يَلْقَوْنَهُ,2,ي | لقون | ه,ي | لقي | ون | ه,too_few_segments
وَنَجْوَاهُمْ,2,و | ن | جوا | هم,و | نجوا | هم,too_many_segments
فَرِحَ,2,ف | رح,فرح,too_many_segments
يَسْتَأْذِنُونَكَ,2,ي | ستأذنونك,ي | ستأذن | ون | ك,too_few_segments
صَدَقَةً,2,صدق | ة,صدقة,too_many_segments
مَسْجِدَاً,2,مسجد | ا,مسجد,too_many_segments
تَقْوَى,2,ت | قوى,تقوى,too_many_segments
وَعَدَهَا,2,و | عد | ها,وعد | ها,too_many_segments
الْقُرُونَ,2,ال | قر | ون,ال | قرون,too_many_segments
ائْتِ,2,ائ | ت,ائت,too_many_segments
مَسَّتْهُمْ,2,مست | هم,مس | ت | هم,too_few_segments
كَمَاءٍ,2,كماء,ك | ماء,too_few_segments
نَبَاتُ,2,ن | بات,نبات,too_many_segments
إِيَّانَا,2,إيا | نا,إيانا,too_many_segments
تُصْرَفُونَ,2,ت | صرف | ون,ت | صرف | و | ن,too_few_segments
فَسَقُوا,2,ف | سق | وا,فسق | وا,too_many_segments
تَصْدِيقَ,2,ت | صديق,تصديق,too_many_segments
وَتَفْصِيلَ,2,و | ت | فصيل,و | تفصيل,too_many_segments
أَعْمَلُ,2,أعمل,أ | عمل,too_few_segments
آلْآنَ,2,آلآن,آل | آن,too_few_segments
آللَّهُ,2,آلل | ه,ال | له,wrong_content
تُفِيضُونَ,2,ت | فيض | ون,ت | فيض | و | ن,too_few_segments
تَبْدِيلَ,2,ت | بديل,تبديل,too_many_segments
سَأَلْتُكُمْ,2,سأل | ة | كم,سأل | ت | كم,wrong_content
فَجَاءُوهُمْ,2,ف | جاءو | هم,ف | جاء | و | هم,too_few_segments
بِرَحْمَتِكَ,2,ب | رحم | ة | ك,ب | رحم | ت | ك,wrong_content
فَاسْأَلِ,2,ف | اسأل,ف | ا | سأل,too_few_segments
نُنَجِّي,2,ن | نج | ي,ن | نجي,too_many_segments
دِينِي,2,دي | ني,دين | ي,wrong_content
مَسَّتْهُ,2,مست | ه,مس | ت | ه,too_few_segments
وَزِينَتَهَا,2,و | زين | ة | ها,و | زين | ت | ها,wrong_content
كِتَابُ,2,ك | تاب,كتاب,too_many_segments
يُضَاعَفُ,2,يضاعف,ي | ضاعف,too_few_segments
وَآتَانِي,2,و | آتا | ني,و | آتا | ن | ي,too_few_segments
يَنْصُرُنِي,2,ي | نصر | ني,ي | نصر | ن | ي,too_few_segments
افْتَرَيْتُهُ,2,افتري | ة | ه,افتري | ت | ه,wrong_content
تُخَاطِبْنِي,2,ت | خاطب | ني,ت | خاطب | ن | ي,too_few_segments
بِسْمِ,2,ب | اسم,ب | Iسم,wrong_content
تَدْعُونَا,2,ت | دعو | نا,ت | دع | و | نا,too_few_segments
وَامْرَأَتُهُ,2,و | امرأ | ة | ه,و | امرأ | ت | ه,wrong_content
سِيءَ,2,س | يء,سيء,too_many_segments
تُخْزُونِ,2,ت | خز | ون,ت | خز | و | ن,too_few_segments
يَلْتَفِتْ,2,ي | لتف | ت,ي | لتفت,too_many_segments
امْرَأَتَكَ,2,امرأ | ة | ك,امرأ | ت | ك,wrong_content
أُنِيبُ,2,أنيب,أ | نيب,too_few_segments
وَرَاءَكُمْ,2,و | راء | كم,وراء | كم,too_many_segments
فَعَّالٌ,2,ف | عال,فعال,too_many_segments
فُؤَادَكَ,2,ف | ؤاد | ك,فؤاد | ك,too_many_segments
فَاعْبُدْهُ,2,ف | اعبد | ه,ف | ا | عبد | ه,too_few_segments
غَيَابَتِ,2,غيابت,غياب | ت,too_few_segments
يَبْكُونَ,2,ي | بك | ون,ي | بك | و | ن,too_few_segments
نَتَّخِذَهُ,2,نتخذ | ه,ن | تخذ | ه,too_few_segments
وَقُلْنَ,2,و | قلن,و | قل | ن,too_few_segments
رَاوَدْتُهُ,2,راود | ة | ه,راود | ت | ه,wrong_content
وَأَكُنْ,2,و | أكن,و | أ | كن,too_few_segments
أَرَانِي,2,أرا | ني,أ | را | ن | ي,too_few_segments
سُنْبُلَاتٍ,2,س | نبل | ات,سنبل | ات,too_many_segments
يَابِسَاتٍ,2,يا | بس | ات,يابس | ات,too_many_segments
أَفْتُونِي,2,أفتو | ني,أفت | و | ن | ي,too_few_segments
بِتَأْوِيلِ,2,ب | ت | أويل,ب | تأويل,too_many_segments
بَالُ,2,ب | ال,بال,too_many_segments
اجْعَلْنِي,2,اجعل | ني,ا | جعل | ن | ي,too_few_segments
وَلَأَجْرُ,2,و | لأجر,و | ل | أجر,too_few_segments
بِضَاعَتَهُمْ,2,ب | ضاع | ة | هم,بضاع | ت | هم,too_many_segments
رُدَّتْ,2,ردت,رد | ت,too_few_segments
وِعَاءِ,2,و | عاء,وعاء,too_many_segments
فَعَلْتُمْ,2,ف | عل | تم,فعل | تم,too_many_segments
أَإِنَّكَ,2,أإن | ك,أ | أن | ك,too_few_segments
فَأَلْقُوهُ,2,ف | ألقو | ه,ف | ألق | و | ه,too_few_segments
وَأْتُونِي,2,وأتو | ني,و | أت | و | ن | ي,too_few_segments
أَبَوَيْهِ,2,أبوي | ه,أبو | ي | ه,too_few_segments
تَأْوِيلُ,2,ت | أويل,تأويل,too_many_segments
فَاطِرَ,2,ف | اطر,فاطر,too_many_segments
وَأَلْحِقْنِي,2,و | ألحق | ني,و | ألحق | ن | ي,too_few_segments
وَلَدَارُ,2,و | لدار,و | ل | دار,too_few_segments
كَفَّيْهِ,2,كفي | ه,كف | ي | ه,too_few_segments
لَافْتَدَوْا,2,لافتد | وا,ل | افتد | وا,too_few_segments
سُيِّرَتْ,2,س | ير | ت,سير | ت,too_many_segments
أَخَذْتُهُمْ,2,أخذ | ة | هم,أخذ | ت | هم,wrong_content
أَفِي,2,أفي,أ | في,too_few_segments
وَرَائِهِ,2,و | رائ | ه,ورائ | ه,too_many_segments
تَحِيَّتُهُمْ,2,ت | حيت | هم,تحي | ة | هم,wrong_content
كَشَجَرَةٍ,2,كشجر | ة,ك | شجر | ة,too_few_segments
تَعُدُّوا,2,تعد | وا,ت | عد | وا,too_few_segments
تُحْصُوهَا,2,ت | حصو | ها,ت | حص | و | ها,too_few_segments
وَلِوَالِدَيَّ,2,و | ل | والدي,و | ل | والد | ي,too_few_segments
وُجُوهَهُمُ,2,و | جوه | هم,وجوه | هم,too_many_segments
سُنَّةُ,2,س | نة,سن | ة,wrong_content
وَزَيَّنَّاهَا,2,و | زي | نا | ها,و | زين | نا | ها,wrong_content
سَوَّيْتُهُ,2,سوي | ة | ه,سوي | ت | ه,wrong_content
فَأَنْظِرْنِي,2,ف | أنظر | ني,ف | أنظر | ن | ي,too_few_segments
ادْخُلُوهَا,2,ادخلو | ها,ا | دخل | و | ها,too_few_segments
تَمُدَّنَّ,2,ت | مدن,ت | مد | ن,too_few_segments
عَيْنَيْكَ,2,عي | ني | ك,عين | ي | ك,wrong_content
فَوَرَبِّكَ,2,ف | ورب | ك,ف | و | رب | ك,too_few_segments
الْيَقِينُ,2,ال | يق | ين,ال | يقين,too_many_segments
تَلْبَسُونَهَا,2,ت | لبسون | ها,ت | لبس | ون | ها,too_few_segments
تَتَوَفَّاهُمُ,2,تتوفا | هم,ت | توفا | هم,too_few_segments
لَنُبَوِّئَنَّهُمْ,2,لنبوئن | هم,ل | ن | بوئ | ن | هم,too_few_segments
لَتُسْأَلُنَّ,2,لتسألن,ل | ت | سأل | ن,too_few_segments
يُؤَاخِذُ,2,يؤاخذ,ي | ؤاخذ,too_few_segments
أَفَبِالْبَاطِلِ,2,أفبالباطل,أ | ف | ب | ال | باطل,too_few_segments
وَالْمِسْكِينَ,2,و | ال | مسك | ين,و | ال | مسكين,too_many_segments
تَمْشِ,2,تمش,ت | مش,too_few_segments
بِالْبَنِينَ,2,ب | ال | بن | ين,ب | ال | بنين,too_many_segments
يَزِيدُهُمْ,2,يزيد | هم,ي | زيد | هم,too_few_segments
نَجْوَى,2,ن | جوى,نجوى,too_many_segments
وَتَظُنُّونَ,2,و | تظن | ون,و | ت | ظن | ون,too_few_segments
رَحْمَتَهُ,2,رحم | ة | ه,رحم | ت | ه,wrong_content
ذُرِّيَّتَهُ,2,ذري | ة | ه,ذر | ي | ت | ه,too_few_segments
أَقِمِ,2,أقم,أ | قم,too_few_segments
لَأَظُنُّكَ,2,لأظن | ك,ل | أ | ظن | ك,too_few_segments
فَلْيَنْظُرْ,2,فلينظر,ف | ل | ي | نظر,too_few_segments
جَنَّتَيْنِ,2,جنت | ين,جن | ت | ين,too_few_segments
الْجَنَّتَيْنِ,2,ال | جنت | ين,ال | جن | ة | ين,too_few_segments
يُحَاوِرُهُ,2,يحاور | ه,ي | حاور | ه,too_few_segments
أُشْرِكُ,2,أشر | ك,أ | شرك,wrong_content
يَنْصُرُونَهُ,2,ي | نصرون | ه,ي | نصر | ون | ه,too_few_segments
فَدَعَوْهُمْ,2,ف | دعو | هم,ف | دع | و | هم,too_few_segments
أُنْذِرُوا,2,أنذر | وا,أ | نذر | وا,too_few_segments
نَسِيتُ,2,ن | سيت,نسي | ت,wrong_content
فَوَجَدَا,2,ف | وجدا,ف | وجد | ا,too_few_segments
وَرَاءَهُمْ,2,و | راء | هم,وراء | هم,too_many_segments
وَجَدَهَا,2,و | جد | ها,وجد | ها,too_many_segments
آتُونِي,2,آتو | ني,آت | و | ن | ي,too_few_segments
وَلِقَائِهِ,2,و | ل | قائ | ه,و | لقائ | ه,too_many_segments
رَحْمَتِ,2,رحمت,رحم | ة,too_few_segments
امْرَأَتِي,2,امرأ | ة | ي,امرأ | ت | ي,wrong_content
لَيَالٍ,2,ل | يال,ليال,too_many_segments
وَبَرَّاً,2,وبر | ا,و | بر | ا,too_few_segments
تَحْزَنِي,2,ت | حز | ني,ت | حز | ن | ي,too_few_segments
آتَانِيَ,2,آتا | ني,آتا | ن | ي,too_few_segments
جَاءَنِي,2,جاء | ني,جاء | ن | ي,too_few_segments
لِسَانَ,2,ل | سان,لسان,too_many_segments
وَالشَّيَاطِينَ,2,و | ال | شياط | ين,و | ال | شياطين,too_many_segments
فَلْيَمْدُدْ,2,فليمدد,ف | ل | ي | مدد,too_few_segments
بِعِبَادَتِهِمْ,2,ب | عباد | ة | هم,ب | عباد | ت | هم,wrong_content
عَدَّاً,2,عدا,عد | ا,too_few_segments
يَتَفَطَّرْنَ,2,يتفطرن,ي | تفطر | ن,too_few_segments
وَلِيَ,2,و | ل | ي,ولي,too_many_segments
لِسَانِي,2,ل | سا | ني,لسان | ي,too_many_segments
وَزِيرَاً,2,و | زير | ا,وزير | ا,too_many_segments
اذْهَبَا,2,اذهبا,ا | ذهب | ا,too_few_segments
هَذَانِ,2,هذان,هذ | ان,too_few_segments
ائْتُوا,2,ائ | ت | وا,ا | ئت | وا,wrong_content
فَأُلْقِيَ,2,ف | ألق | ي,ف | ألقي,too_many_segments
لَكَبِيرُكُمُ,2,لكبير | كم,ل | كبير | كم,too_few_segments
وَلَأُصَلِّبَنَّكُمْ,2,و | لأصلبن | كم,و | ل | أ | صلب | ن | كم,too_few_segments
وَلَتَعْلَمُنَّ,2,و | لتعلمن,و | ل | ت | علم | ن,too_few_segments
أَسْرِ,2,أسر,أ | سر,too_few_segments
لِزَامَاً,2,ل | زام | ا,لزام | ا,too_many_segments
فَنَتَّبِعَ,2,ف | نتبع,ف | ن | تبع,too_few_segments
نَتَّخِذَ,2,نتخذ,ن | تخذ,too_few_segments
يَرَ,2,ير,ي | ر,too_few_segments
يَتَّخِذُونَكَ,2,يتخذون | ك,ي | تخذ | و | ن | ك,too_few_segments
أَهَذَا,2,أهذا,أ | هذا,too_few_segments
أَتَيْنَا,2,أ | ت | ينا,أتي | نا,too_many_segments
بِآلِهَتِنَا,2,ب | آله | ة | نا,ب | آله | ت | نا,wrong_content
حَرِّقُوهُ,2,حرقو | ه,حرق | و | ه,too_few_segments
يُسَبِّحْنَ,2,ي | سبحن,ي | سبح | ن,too_few_segments
فَنَفَخْنَا,2,ف | ن | فخ | نا,ف | نفخ | نا,too_many_segments
أُمَّتُكُمْ,2,أمت | كم,أم | ت | كم,too_few_segments
فُتِحَتْ,2,ف | تحت,فتح | ت,wrong_content
أَقَرِيبٌ,2,أقريب,أ | قريب,too_few_segments
يُتَوَفَّى,2,يتوفى,ي | توفى,too_few_segments
خَصْمَانِ,2,خصمان,خصم | ان,too_few_segments
وَلِبَاسُهُمْ,2,و | ل | باس | هم,و | لباس | هم,too_many_segments
تَعُدُّونَ,2,تعد | ون,ت | عد | ون,too_few_segments
سَعَوْا,2,سع | وا,سع | و | ا,too_few_segments
وَادْعُ,2,و | ادع,و | ا | دع,too_few_segments
فَتَبَارَكَ,2,ف | تبار | ك,ف | تبارك,too_many_segments
فَوَاكِهُ,2,ف | واك | ه,فواكه,too_many_segments
لَأَنْزَلَ,2,لأنزل,ل | أنزل,too_few_segments
تَشْرَبُونَ,2,ت | شرب | ون,ت | شرب | و | ن,too_few_segments
هَيْهَاتَ,2,هيه | ات,هيهات,too_many_segments
فَكَذَّبُوهُمَا,2,ف | كذبو | هما,ف | كذب | و | هما,too_few_segments
وَلَدَيْنَا,2,و | لدي | نا,و | لدى | نا,wrong_content
أَتَيْنَاهُمْ,2,أ | ت | ينا | هم,أتي | نا | هم,too_many_segments
يَدْعُ,2,يدع,ي | دع,too_few_segments
سَمِعْتُمُوهُ,2,سمع | تمو | ه,سمع | تم | و | ه,too_few_segments
وَيَعْلَمُونَ,2,و | ي | علم | ون,و | ي | علم | و | ن,too_few_segments
فُرُوجَهُمْ,2,ف | روج | هم,فروج | هم,too_many_segments
يُبْدِينَ,2,ي | بد | ين,ي | بدي | ن,wrong_content
زِينَتَهُنَّ,2,زين | ة | هن,زين | ت | هن,wrong_content
بُعُولَتِهِنَّ,2,بعول | ة | هن,بعول | ت | هن,wrong_content
وَآتُوهُمْ,2,و | آتو | هم,و | آت | و | هم,too_few_segments
وَيَزِيدَهُمْ,2,و | يزيد | هم,و | ي | زيد | هم,too_few_segments
أَذَلِكَ,2,أذل | ك,أ | ذلك,wrong_content
تَشَقَّقُ,2,ت | شقق,تشقق,too_many_segments
يَرَوْنَهَا,2,يرون | ها,ي | ر | و | ن | ها,too_few_segments
فُرَاتٌ,2,ف | رات,فرات,too_many_segments
يُضَاعَفْ,2,يضاعف,ي | ضاعف,too_few_segments
كِرَامَاً,2,ك | رام | ا,كرام | ا,too_many_segments
يُكَذِّبُونِ,2,ي | كذب | ون,ي | كذب | و | ن,too_few_segments
فَأَخَافُ,2,ف | أخاف,ف | أ | خاف,too_few_segments
وَأُزْلِفَتِ,2,و | أزلفت,و | أزلف | ت,too_few_segments
وَبُرِّزَتِ,2,و | برزت,و | برز | ت,too_few_segments
لَتَكُونَنَّ,2,لتكونن,ل | ت | كون | ن,too_few_segments
أَمَدَّكُمْ,2,أمد | كم,أ | مد | كم,too_few_segments
يُصْلِحُونَ,2,ي | صلح | ون,ي | صلح | و | ن,too_few_segments
نَجِّنِي,2,نج | ني,نج | ن | ي,too_few_segments
الْأَمِينُ,2,ال | أم | ين,ال | أمين,too_many_segments
أَفَبِعَذَابِنَا,2,أفبعذاب | نا,أ | ف | ب | عذاب | نا,too_few_segments
تَصْطَلُونَ,2,ت | صطل | ون,ت | صطل | و | ن,too_few_segments
أَوْزِعْنِي,2,أوزع | ني,أوزع | ن | ي,too_few_segments
أَشْكُرَ,2,أشكر,أ | شكر,too_few_segments
نِعْمَتَكَ,2,ن | عمت | ك,نعم | ت | ك,wrong_content
وَالِدَيَّ,2,و | ال | دي,والد | ي,too_many_segments
أَعْمَلَ,2,أعمل,أ | عمل,too_few_segments
بِنَبَإٍ,2,ب | نبإ,ب | نبأ,wrong_content
أَئِنَّا,2,أئن | نا,أ | ئن | نا,too_few_segments
ضَلَالَتِهِمْ,2,ضلال | ة | هم,ضلال | ت | هم,wrong_content
يَتَرَقَّبُ,2,يترقب,ي | ترقب,too_few_segments
قَالَتَا,2,قالتا,قال | ت | ا,too_few_segments
لِسَانَاً,2,ل | سان | ا,لسان | ا,too_many_segments
لَأَظُنُّهُ,2,لأظن | ه,ل | أ | ظن | ه,too_few_segments
تَظَاهَرَا,2,تظاهرا,تظاهر | ا,too_few_segments
مَسَاكِنُهُمْ,2,مسا | كن | هم,مساكن | هم,too_many_segments
أَهْلَكَ,2,أهل | ك,أهلك,too_many_segments
جَاهَدَاكَ,2,جاهدا | ك,جاهد | ا | ك,too_few_segments
فَأُنَبِّئُكُمْ,2,ف | أنبئ | كم,ف | أ | نبئ | كم,too_few_segments
أَوَلَيْسَ,2,أوليس,أ | و | ليس,too_few_segments
يَئِسُوا,2,ي | ئس | وا,يئس | وا,too_many_segments
وَمَأْوَاكُمُ,2,و | مأ | وا | كم,و | مأوا | كم,too_many_segments
لَمُحْيِي,2,لمحي | ي,ل | محيي,wrong_content
مَعْذِرَتُهُمْ,2,معذر | ة | هم,معذر | ت | هم,wrong_content
فَخُورٍ,2,ف | خور,فخور,too_many_segments
تَرَوْا,2,ت | روا,ت | ر | وا,too_few_segments
بِنِعْمَتِ,2,ب | ن | عمت,ب | نعم | ة,wrong_content
تَغُرَّنَّكُمُ,2,ت | غرن | كم,ت | غر | ن | كم,too_few_segments
يَغُرَّنَّكُمْ,2,ي | غرن | كم,ي | غر | ن | كم,too_few_segments
نَسِيتُمْ,2,ن | سي | تم,نسي | تم,too_many_segments
وَلَنُذِيقَنَّهُمْ,2,و | لنذيقن | هم,و | ل | ن | ذيق | ن | هم,too_few_segments
اللَّائِي,2,اللائي,ال | لائي,too_few_segments
تُرِدْنَ,2,تردن,ت | رد | ن,too_few_segments
بُيُوتِكُنَّ,2,بيو | ة | كن,بيوت | كن,too_many_segments
أَمْسِكْ,2,أمس | ك,أمسك,too_many_segments
لِسُنَّةِ,2,ل | س | نة,ل | سن | ة,wrong_content
يَلِجُ,2,يلج,ي | لج,too_few_segments
الْمُهِينِ,2,ال | مه | ين,ال | مهين,too_many_segments
مُتْرَفُوهَا,2,مترفو | ها,مترف | و | ها,too_few_segments
تَضَعُ,2,تضع,ت | ضع,too_few_segments
يَتَزَكَّى,2,يتزكى,ي | تزكى,too_few_segments
أَرُونِي,2,أرو | ني,أ | ر | و | ن | ي,too_few_segments
سُنَّتَ,2,س | نت,سن | ة,wrong_content
لِسُنَّتِ,2,ل | س | نت,ل | سن | ة,wrong_content
شَفَاعَتُهُمْ,2,شفاع | ة | هم,شفاع | ت | هم,wrong_content
اصْلَوْهَا,2,اصلو | ها,ا | صل | و | ها,too_few_segments
فَاسْتَفْتِهِمْ,2,ف | استف | ة | هم,ف | استفت | هم,too_many_segments
أَوَآبَاؤُنَا,2,أوآباؤ | نا,أ | و | آباؤ | نا,too_few_segments
مَجْنُونٍ,2,مجن | ون,مجنون,too_many_segments
كَأَنَّهُنَّ,2,كأن | هن,ك | أن | هن,too_few_segments
مَكْنُونٌ,2,مكن | ون,مكنون,too_many_segments
لَكُنْتُ,2,لكن | ت,ل | كن | ت,too_few_segments
لَآكِلُونَ,2,لآكل | ون,ل | آكل | ون,too_few_segments
الْبُطُونَ,2,ال | بط | ون,ال | بطون,too_many_segments
بِالْيَمِينِ,2,ب | ال | يم | ين,ب | ال | يمين,too_many_segments
ذُرِّيَّتِهِمَا,2,ذري | ة | هما,ذر | ي | ت | هما,too_few_segments
لَمُحْضَرُونَ,2,لمحضر | ون,ل | محضر | ون,too_few_segments
وَلَدَ,2,و | لد,ولد,too_many_segments
فَنَادَوْا,2,ف | ن | اد | وا,ف | ناد | وا,too_many_segments
لَزُلْفَى,2,لزلفى,ل | زلفى,too_few_segments
لِلطَّاغِينَ,2,ل | ال | طاغ | ين,ل | ال | طاغي | ين,wrong_content
وَأَهْلِيهِمْ,2,و | أهلي | هم,و | أهل | ي | هم,too_few_segments
فَتَرَاهُ,2,ف | ت | راه,ف | ت | را | ه,too_few_segments
لَذِكْرَى,2,لذكرى,ل | ذكرى,too_few_segments
وَسِيقَ,2,و | س | يق,و | سيق,too_many_segments
يُنَادَوْنَ,2,ي | ناد | ون,ي | ناد | و | ن,too_few_segments
تُدْعَوْنَ,2,ت | دع | ون,ت | دع | و | ن,too_few_segments
ابْنِ,2,ابن,ا | بن,too_few_segments
أَدْعُوكُمْ,2,أدعو | كم,أ | دعو | كم,too_few_segments
تَدْعُونَنِي,2,ت | دعون | ني,ت | دع | ون | ي,too_few_segments
تَدَّعُونَ,2,ت | دع | ون,ت | دع | و | ن,too_few_segments
يَنْصُرُونَهُمْ,2,ي | نصرون | هم,ي | نصر | ون | هم,too_few_segments
لَجَعَلْنَا,2,لجعل | نا,ل | جعل | نا,too_few_segments
فَاكِهِينَ,2,ف | اكه | ين,فاكه | ين,too_many_segments
خُذُوهُ,2,خذو | ه,خذ | و | ه,too_few_segments
وَغَرَّتْكُمُ,2,و | غرت | كم,و | غر | ت | كم,too_few_segments
سَبَقُونَا,2,سبقو | نا,سبق | و | نا,too_few_segments
خَلَتِ,2,خلت,خل | ت,too_few_segments
رَأَوْهُ,2,رأو | ه,رأ | و | ه,too_few_segments
يُرَى,2,يرى,ي | ري,too_few_segments
دَاعِيَ,2,داع | ي,داعي,too_many_segments
بَالَهُمْ,2,ب | ال | هم,بال | هم,too_many_segments
يُبَايِعُونَكَ,2,يبايعون | ك,ي | بايع | و | ن | ك,too_few_segments
تَذَرُ,2,تذر,ت | ذر,too_few_segments
فَلْيَأْتُوا,2,فليأ | ت | وا,ف | ل | ي | أت | وا,too_few_segments
بَالِغَةٌ,2,ب | ال | غة,بالغ | ة,too_many_segments
عَيْنَانِ,2,عينان,عين | ان,too_few_segments
وَقَعَتِ,2,و | قعت,وقع | ت,wrong_content
وَظِلٍّ,2,وظل,و | ظل,too_few_segments
بَلَغَتِ,2,بلغت,بلغ | ت,too_few_segments
يَتَمَاسَّا,2,يتماسا,ي | تماس | ا,too_few_segments
وَمَعْصِيَتِ,2,و | معصيت,و | معصي | ت,too_few_segments
نَجْوَاكُمْ,2,ن | جوا | كم,نجوا | كم,too_many_segments
يُوقَ,2,يوق,ي | وق,too_few_segments
سَيِّئَاتِهِ,2,س | يئ | ات | ه,سيئ | ات | ه,too_many_segments
امْرَأَتَ,2,امرأت,امرأ | ة,too_few_segments
بِنِعْمَةِ,2,ب | ن | عم | ة,ب | نعم | ة,too_many_segments
بِمَجْنُونٍ,2,ب | مجن | ون,ب | مجنون,too_many_segments
لَضَالُّونَ,2,لضال | ون,ل | ضال | ون,too_few_segments
كِتَابِيَهْ,2,ك | تابي | ه,كتاب | ي | ه,wrong_content
حِسَابِيَهْ,2,حسابي | ه,حساب | ي | ه,too_few_segments
لَقَوْلُ,2,لقول,ل | قول,too_few_segments
وَصَاحِبَتِهِ,2,و | صاحب | ة | ه,و | صاحب | ت | ه,wrong_content
دَعَوْتُهُمْ,2,دعو | ة | هم,دعو | ت | هم,wrong_content
تَذَرُنَّ,2,تذرن,ت | ذر | ن,too_few_segments
تَزِدِ,2,تزد,ت | زد,too_few_segments
ظَنَنَّا,2,ظنن | نا,ظن | نا,wrong_content
وَاذْكُرِ,2,و | اذكر,و | ا | ذكر,too_few_segments
تَيَسَّرَ,2,ت | يسر,تيسر,too_many_segments
نَكُ,2,نك,ن | ك,too_few_segments
انْطَلِقُوا,2,ا | ن | طلق | وا,انطلق | وا,too_many_segments
كِذَّابَاً,2,ك | ذاب | ا,كذاب | ا,too_many_segments
جَاءَتِ,2,جاءت,جاء | ت,too_few_segments
يَزَّكَّى,2,يزكى,ي | زكى,too_few_segments
فَلْيَنْظُرِ,2,فلينظر,ف | ل | ي | نظر,too_few_segments
يُكَذِّبُونَ,2,ي | كذب | ون,ي | كذب | و | ن,too_few_segments
وَحُقَّتْ,2,و | حقت,و | حق | ت,too_few_segments
وَلَسَوْفَ,2,و | لسوف,و | ل | سوف,too_few_segments
الْبَرِيَّةِ,2,ال | بري | ة,ال | بر | ي | ة,too_few_segments
كَصَيِّبٍ,1,كصيب,ك | صيب,too_few_segments
فَسَوَّاهُنَّ,1,ف | سوا | هن,ف | سوا | ه | ن,too_few_segments
أَنْبِئُونِي,1,أنبئو | ني,أنبئ | و | ن | ي,too_few_segments
عَلَّمْتَنَا,1,علم | ة | نا,علم | ت | نا,wrong_content
وَكُلَا,1,و | كلا,و | كل | ا,too_few_segments
أُوفِ,1,أوف,أ | وف,too_few_segments
يُذَبِّحُونَ,1,ي | ذبح | ون,ي | ذبح | و | ن,too_few_segments
فَرَقْنَا,1,ف | رق | نا,فرق | نا,too_many_segments
وَاعَدْنَا,1,و | اعد | نا,واعد | نا,too_many_segments
مَوْتِكُمْ,1,مو | ت | كم,موت | كم,too_many_segments
فَانْفَجَرَتْ,1,ف | ا | نفجر | ت,ف | انفجر | ت,too_many_segments
لَكُنْتُمْ,1,لكن | تم,ل | كن | تم,too_few_segments
يَدَيْهَا,1,يدي | ها,يد | ي | ها,too_few_segments
أَتَتَّخِذُنَا,1,أ | تتخذ | نا,أ | ت | تخذ | نا,too_few_segments
فَذَبَحُوهَا,1,ف | ذبحو | ها,ف | ذبح | و | ها,too_few_segments
اضْرِبُوهُ,1,اضربو | ه,ا | ضرب | و | ه,too_few_segments
يَتَفَجَّرُ,1,يتفجر,ي | تفجر,too_few_segments
يَشَّقَّقُ,1,يشقق,ي | شقق,too_few_segments
أَفَتَطْمَعُونَ,1,أفتطمع | ون,أ | ف | ت | طمع | ون,too_few_segments
يُحَرِّفُونَهُ,1,ي | حرفون | ه,ي | حرف | و | ن | ه,too_few_segments
عَقَلُوهُ,1,عقلو | ه,عقل | و | ه,too_few_segments
أَتُحَدِّثُونَهُمْ,1,أ | ت | حدثون | هم,أ | ت | حدث | ون | هم,too_few_segments
فَتَحَ,1,ف | تح,فتح,too_many_segments
لِيُحَاجُّوكُمْ,1,ل | ي | حاجو | كم,ل | ي | حاج | و | كم,too_few_segments
أُمِّيُّونَ,1,أمي | ون,أم | ي | ون,too_few_segments
أَمَانِيَّ,1,أما | ني,أماني,too_many_segments
أَتَّخَذْتُمْ,1,أتخذ | تم,أ | تخذ | تم,too_few_segments
خَطِيئَتُهُ,1,خطيئ | ة | ه,خطيئ | ت | ه,wrong_content
يَأْتُوكُمْ,1,ي | أتو | كم,ي | أت | و | كم,too_few_segments
تُفَادُوهُمْ,1,ت | فادو | هم,ت | فاد | و | هم,too_few_segments
أَفَتُؤْمِنُونَ,1,أفتؤمن | ون,أ | ف | ت | ؤمن | ون,too_few_segments
أَفَكُلَّمَا,1,أفكلما,أ | ف | كل | ما,too_few_segments
وَرَاءَهُ,1,و | راء | ه,وراء | ه,too_many_segments
يَتَمَنَّوْهُ,1,يتمنو | ه,ي | تمن | و | ه,too_few_segments
وَلَتَجِدَنَّهُمْ,1,و | لتجدن | هم,و | ل | ت | جد | ن | هم,too_few_segments
يَقُولَا,1,يقولا,ي | قول | ا,too_few_segments
انْظُرْنَا,1,انظر | نا,ا | نظر | نا,too_few_segments
نَأْتِ,1,نأ | ت,ن | أت,wrong_content
يَتَبَدَّلِ,1,يتبدل,ي | تبدل,too_few_segments
يَرُدُّونَكُمْ,1,ي | ردون | كم,ي | رد | و | ن | كم,too_few_segments
أَمَانِيُّهُمْ,1,أما | ني | هم,أماني | هم,too_many_segments
فَأَيْنَمَا,1,ف | أينما,ف | أين | ما,too_few_segments
تَتَّبِعَ,1,تتبع,ت | تبع,too_few_segments
مِلَّتَهُمْ,1,ملت | هم,مل | ت | هم,too_few_segments
يَتْلُونَهُ,1,ي | تلون | ه,ي | تل | ون | ه,too_few_segments
تِلَاوَتِهِ,1,تلاو | ة | ه,تلاو | ت | ه,wrong_content
طَهِّرَا,1,طهرا,طهر | ا,too_few_segments
فَأُمَتِّعُهُ,1,ف | أمتع | ه,ف | أ | متع | ه,too_few_segments
أَضْطَرُّهُ,1,أضطر | ه,أ | ضطر | ه,too_few_segments
تَقَبَّلْ,1,ت | قبل,تقبل,too_many_segments
ذُرِّيَّتِنَا,1,ذري | ة | نا,ذر | ي | ت | نا,too_few_segments
بَنِيهِ,1,بني | ه,بن | ي | ه,too_few_segments
وَيَعْقُوبُ,1,و | ي | عقوب,و | يعقوب,too_many_segments
لِبَنِيهِ,1,ل | بني | ه,ل | بن | ي | ه,too_few_segments
فَسَيَكْفِيكَهُمُ,1,ف | س | ي | كفيك | هم,ف | س | ي | كفي | كهم,wrong_content
أَتُحَاجُّونَنَا,1,أ | ت | حاجون | نا,أ | ت | حاج | ون | نا,too_few_segments
وَلَّاهُمْ,1,و | لا | هم,ولا | هم,too_many_segments
قِبْلَتِهِمُ,1,قبل | ة | هم,قبل | ت | هم,wrong_content
لِيُضِيعَ,1,ل | يضيع,ل | ي | ضيع,too_few_segments
تَقَلُّبَ,1,ت | قلب,تقلب,too_many_segments
فَلَنُوَلِّيَنَّكَ,1,ف | لنولين | ك,ف | ل | ن | ولي | ن | ك,too_few_segments
لَيَعْلَمُونَ,1,ليعلم | ون,ل | ي | علم | ون,too_few_segments
أَتَيْتَ,1,أ | تي | ت,أتي | ت,too_many_segments
تَبِعُوا,1,ت | ب | عوا,تبع | وا,too_many_segments
قِبْلَتَكَ,1,قبل | ة | ك,قبل | ت | ك,wrong_content
قِبْلَتَهُمْ,1,قبل | ة | هم,قبل | ت | هم,wrong_content
لَيَكْتُمُونَ,1,ليك | تم | ون,ل | ي | كتم | ون,too_few_segments
وَاخْشَوْنِي,1,و | اخشو | ني,و | ا | خش | و | ن | ي,too_few_segments
وَلِأُتِمَّ,1,و | ل | أتم,و | ل | أ | تم,too_few_segments
فَاذْكُرُونِي,1,ف | اذكرو | ني,ف | اذكر | و | ن | ي,too_few_segments
أَذْكُرْكُمْ,1,أذكر | كم,أ | ذكر | كم,too_few_segments
يَطَّوَّفَ,1,يطوف,ي | طوف,too_few_segments
يُحِبُّونَهُمْ,1,ي | حبون | هم,ي | حب | ون | هم,too_few_segments
كَحُبِّ,1,كحب,ك | حب,too_few_segments
فَنَتَبَرَّأَ,1,ف | نتبرأ,ف | ن | تبرأ,too_few_segments
ذَوِي,1,ذوي,ذو | ي,too_few_segments
فَاتِّبَاعٌ,1,فاتباع,ف | اتباع,too_few_segments
يُبَدِّلُونَهُ,1,ي | بدلون | ه,ي | بدل | و | ن | ه,too_few_segments
يُطِيقُونَهُ,1,يطيقون | ه,ي | طيق | ون | ه,too_few_segments
مِسْكِينٍ,1,مسك | ين,مسكين,too_many_segments
فَلْيَصُمْهُ,1,فليصم | ه,ف | ل | ي | صم | ه,too_few_segments
أُجِيبُ,1,أجيب,أ | جيب,too_few_segments
دَعَانِ,1,دعان,دعا | ن,too_few_segments
وَلْيُؤْمِنُوا,1,وليؤمن | وا,و | ل | ي | ؤمن | وا,too_few_segments
بَاشِرُوهُنَّ,1,باشرو | هن,باشر | و | هن,too_few_segments
أَتِمُّوا,1,أ | تم | وا,أتم | وا,too_many_segments
تُبَاشِرُوهُنَّ,1,ت | باشرو | هن,ت | باشر | و | هن,too_few_segments
تَقْرَبُوهَا,1,ت | قربو | ها,ت | قرب | و | ها,too_few_segments
وَأْتُوا,1,وأ | ت | وا,و | أت | وا,wrong_content
وَأَخْرِجُوهُمْ,1,و | أخرجو | هم,و | أخرج | و | هم,too_few_segments
أَخْرَجُوكُمْ,1,أخرجو | كم,أخرج | و | كم,too_few_segments
تُقَاتِلُوهُمْ,1,ت | قاتلو | هم,ت | قاتل | و | هم,too_few_segments
فَاقْتُلُوهُمْ,1,ف | اقتلو | هم,ف | ا | قتل | و | هم,too_few_segments
تَمَتَّعَ,1,ت | متع,تمتع,too_many_segments
فُسُوقَ,1,ف | سوق,فسوق,too_many_segments
عَرَفَاتٍ,1,عرف | ات,عرفات,too_many_segments
وَاذْكُرُوهُ,1,و | اذكرو | ه,و | ا | ذكر | و | ه,too_few_segments
كَذِكْرِكُمْ,1,كذكر | كم,ك | ذكر | كم,too_few_segments
أُوتُوهُ,1,أوتو | ه,أوت | و | ه,too_few_segments
مَسَّتْهُمُ,1,مست | هم,مس | ت | هم,too_few_segments
وَصَدٌّ,1,وصد,و | صد,too_few_segments
نَفْعِهِمَا,1,ن | فع | هما,نفع | هما,too_many_segments
تُخَالِطُوهُمْ,1,ت | خالطو | هم,ت | خالط | و | هم,too_few_segments
لَأَعْنَتَكُمْ,1,لأعن | ة | كم,ل | أعنت | كم,wrong_content
تَقْرَبُوهُنَّ,1,ت | قربو | هن,ت | قرب | و | هن,too_few_segments
يَطْهُرْنَ,1,ي | طهرن,ي | طهر | ن,too_few_segments
تَطَهَّرْنَ,1,ت | طهرن,تطهر | ن,wrong_content
فَأْتُوهُنَّ,1,فأتو | هن,ف | أت | و | هن,too_few_segments
مُلَاقُوهُ,1,ملاقو | ه,ملاق | و | ه,too_few_segments
تَبَرُّوا,1,تبر | وا,ت | بر | وا,too_few_segments
تَرَبُّصُ,1,ت | ربص,تربص,too_many_segments
فَاءُوا,1,ف | اء | وا,فاء | وا,too_many_segments
يَكْتُمْنَ,1,ي | كتمن,ي | كتم | ن,too_few_segments
وَبُعُولَتُهُنَّ,1,و | بعول | ة | هن,و | بعول | ت | هن,wrong_content
مَرَّتَانِ,1,مرتان,مر | ت | ان,too_few_segments
يَخَافَا,1,يخافا,ي | خاف | ا,too_few_segments
تَعْتَدُوهَا,1,ت | عتدو | ها,ت | عتد | و | ها,too_few_segments
يَتَرَاجَعَا,1,يتراجعا,ي | تراجع | ا,too_few_segments
ظَنَّا,1,ظن | نا,ظن | ا,wrong_content
سَرِّحُوهُنَّ,1,سرحو | هن,سرح | و | هن,too_few_segments
تُمْسِكُوهُنَّ,1,ت | مسكو | هن,ت | مسك | و | هن,too_few_segments
يَنْكِحْنَ,1,ي | نكحن,ي | نكح | ن,too_few_segments
تَرَاضَوْا,1,ت | راض | وا,تراض | وا,too_many_segments
يُرْضِعْنَ,1,ي | رضعن,ي | رضع | ن,too_few_segments
وَكِسْوَتُهُنَّ,1,و | ك | سوت | هن,و | كسو | ت | هن,wrong_content
تُضَارَّ,1,تضار,ت | ضار,too_few_segments
أَرَادَا,1,أرادا,أراد | ا,too_few_segments
سَتَذْكُرُونَهُنَّ,1,س | ت | ذكرون | هن,س | ت | ذكر | ون | هن,too_few_segments
تُوَاعِدُوهُنَّ,1,تواعدو | هن,ت | واعد | و | هن,too_few_segments
فَاحْذَرُوهُ,1,ف | احذرو | ه,ف | احذر | و | ه,too_few_segments
وَمَتِّعُوهُنَّ,1,و | متعو | هن,و | متع | و | هن,too_few_segments
خَرَجْنَ,1,خرجن,خرج | ن,too_few_segments
أُلُوفٌ,1,ألوف,ألف,wrong_content
ابْعَثْ,1,ا | بعث,ابعث,too_many_segments
نُقَاتِلْ,1,نقاتل,ن | قاتل,too_few_segments
نُقَاتِلَ,1,نقاتل,ن | قاتل,too_few_segments
بِالْمُلْكِ,1,ب | ال | ملك,ال | ملك,too_many_segments
فَصَلَ,1,ف | صل,فصل,too_many_segments
فَهَزَمُوهُمْ,1,ف | هزمو | هم,ف | هزم | و | هم,too_few_segments
كَلَّمَ,1,ك | لم,كلم,too_many_segments
خُلَّةٌ,1,خل | ة,خل | ت,wrong_content
سِنَةٌ,1,س | نة,سن | ة,wrong_content
يَئُودُهُ,1,يئود | ه,ي | ئود | ه,too_few_segments
حِفْظُهُمَا,1,حفظ | هما,حفظ | ه | ما,too_few_segments
إِكْرَاهَ,1,إكرا | ه,إكراه,too_many_segments
يُخْرِجُونَهُمْ,1,ي | خرجون | هم,ي | خرج | ون | هم,too_few_segments
أُحْيِي,1,أحي | ي,أ | حيي,wrong_content
وَأُمِيتُ,1,و | أميت,و | أ | ميت,too_few_segments
فَأَمَاتَهُ,1,ف | أم | ات | ه,ف | أمات | ه,too_many_segments
يَتَسَنَّهْ,1,يتسن | ه,ي | تسن | ه,too_few_segments
ادْعُهُنَّ,1,ادع | هن,ا | دع | هن,too_few_segments
يَأْتِينَكَ,1,ي | أتين | ك,ي | أتي | ن | ك,too_few_segments
سَنَابِلَ,1,س | نابل,سنابل,too_many_segments
سُنْبُلَةٍ,1,س | نبل | ة,سنبل | ة,too_many_segments
يُضَاعِفُ,1,يضاعف,ي | ضاعف,too_few_segments
فَطَلٌّ,1,فطل,ف | طل,too_few_segments
تَيَمَّمُوا,1,تيمم | وا,ت | تيمم | وا,too_few_segments
وَلَسْتُمْ,1,و | لستم,و | لس | تم,too_few_segments
بِآخِذِيهِ,1,ب | آخذي | ه,ب | آخذ | ي | ه,too_few_segments
نَذَرْتُمْ,1,ن | ذر | تم,نذر | تم,too_many_segments
فَنِعِمَّا,1,ف | ن | عن | ما,ف | نعم | ا,too_many_segments
تُخْفُوهَا,1,ت | خفو | ها,ت | خف | و | ها,too_few_segments
وَتُؤْتُوهَا,1,و | ت | ؤتو | ها,و | ت | ؤت | و | ها,too_few_segments
يَتَخَبَّطُهُ,1,يتخبط | ه,ي | تخبط | ه,too_few_segments
فَأْذَنُوا,1,فأذن | وا,ف | أذن | وا,too_few_segments
تَدَايَنْتُمْ,1,ت | دا | ين | تم,تداين | تم,too_many_segments
فَاكْتُبُوهُ,1,ف | اكتبو | ه,ف | اكتب | و | ه,too_few_segments
وَلْيَكْتُبْ,1,وليكتب,و | ل | ي | كتب,too_few_segments
فَلْيَكْتُبْ,1,فليكتب,ف | ل | ي | كتب,too_few_segments
وَلْيُمْلِلِ,1,وليملل,و | ل | ي | ملل,too_few_segments
فَلْيُمْلِلْ,1,فليملل,ف | ل | ي | ملل,too_few_segments
وَلِيُّهُ,1,و | لي | ه,ولي | ه,too_many_segments
يَكُونَا,1,ي | كو | نا,ي | كون | ا,wrong_content
وَامْرَأَتَانِ,1,و | امرأتان,و | امرأ | ت | ان,too_few_segments
فَتُذَكِّرَ,1,ف | ت | ذكر,ف | ذكر,too_many_segments
تَكْتُبُوهُ,1,ت | كتبو | ه,ت | كتب | و | ه,too_few_segments
تُدِيرُونَهَا,1,ت | ديرون | ها,ت | دير | ون | ها,too_few_segments
تَكْتُبُوهَا,1,ت | كتبو | ها,ت | كتب | و | ها,too_few_segments
تَبَايَعْتُمْ,1,ت | بايع | تم,تبايع | تم,too_many_segments
يُضَارَّ,1,يضار,ي | ضر,too_few_segments
فُسُوقٌ,1,ف | سوق,فسوق,too_many_segments
فَلْيُؤَدِّ,1,فليؤد,ف | ل | ي | ؤد,too_few_segments
أَمَانَتَهُ,1,أمان | ة | ه,أمان | ت | ه,wrong_content
اكْتَسَبَتْ,1,اكتسب | ت,ٱكتسب | ت,wrong_content
نَسِيْنَا,1,ن | سي | نا,نسي | نا,too_many_segments
حَمَلْتَهُ,1,حمل | ة | ه,حمل | ت | ه,wrong_content
تُحَمِّلْنَا,1,تحمل | نا,ت | حمل | نا,too_few_segments
وَاعْفُ,1,و | اعف,و | ا | عف,too_few_segments
فَانْصُرْنَا,1,ف | انصر | نا,ف | ا | نصر | نا,too_few_segments
مُحْكَمَاتٌ,1,مح | كم | ات,محكم | ات,too_many_segments
تَأْوِيلِهِ,1,ت | أويل | ه,تأويل | ه,too_many_segments
هَدَيْتَنَا,1,هدي | ة | نا,هدي | ت | نا,wrong_content
وَتُحْشَرُونَ,1,و | ت | حشر | ون,و | ت | حشر | و | ن,too_few_segments
الْتَقَتَا,1,ال | تقتا,التق | تا,wrong_content
تُقَاتِلُ,1,تقاتل,ت | قاتل,too_few_segments
يَرَوْنَهُمْ,1,يرون | هم,ي | ر | ون | هم,too_few_segments
مِثْلَيْهِمْ,1,مثلي | هم,مثل | ي | هم,too_few_segments
أَؤُنَبِّئُكُمْ,1,أؤنبئ | كم,أ | ؤنبئ | كم,too_few_segments
حَاجُّوكَ,1,حاجو | ك,حاج | و | ك,too_few_segments
اتَّبَعَنِ,1,اتبعن,اتبع | ن,too_few_segments
وَالْأُمِّيِّينَ,1,و | ال | أمي | ين,و | ال | أم | ي | ين,too_few_segments
تُولِجُ,1,تولج,ت | ولج,too_few_segments
وَتُولِجُ,1,و | تولج,و | ت | ولج,too_few_segments
تُبْدُوهُ,1,ت | بدو | ه,ت | بد | و | ه,too_few_segments
بَطْنِي,1,بط | ني,بطن | ي,wrong_content
فَتَقَبَّلْ,1,ف | ت | قبل,ف | تقبل,too_many_segments
وَضَعَتْهَا,1,و | ضع | ت | ها,وضع | ت | ها,too_many_segments
وَضَعْتُهَا,1,و | ضع | ت | ها,وضع | ت | ها,too_many_segments
وَضَعَتْ,1,و | ضع | ت,وضع | ت,too_many_segments
سَمَّيْتُهَا,1,سمي | ة | ها,سمي | ت | ها,wrong_content
أُعِيذُهَا,1,أعيذ | ها,أ | عيذ | ها,too_few_segments
وَذُرِّيَّتَهَا,1,و | ذري | ة | ها,و | ذر | ي | ت | ها,too_few_segments
فَتَقَبَّلَهَا,1,ف | ت | قبل | ها,ف | تقبل | ها,too_many_segments
وَأَنْبَتَهَا,1,و | أنب | ة | ها,و | أ | نبت | ها,wrong_content
بِيَحْيَى,1,ب | ي | حيى,ب | يحيى,too_many_segments
وَسَيِّدَاً,1,و | س | يد | ا,و | سيد | ا,too_many_segments
بَلَغَنِيَ,1,بلغ | ني,بلغ | ن | ي,too_few_segments
وَامْرَأَتِي,1,و | امرأ | ة | ي,و | امرأ | ت | ي,wrong_content
اقْنُتِي,1,اقن | ة | ي,اقنت | ي,too_many_segments
وَاسْجُدِي,1,و | اسجد | ي,و | ا | سجد | ي,too_few_segments
وَارْكَعِي,1,و | اركع | ي,و | ا | ركع | ي,too_few_segments
وَيُكَلِّمُ,1,و | ي | ك | لم,و | ي | كلم,too_many_segments
أَخْلُقُ,1,أخلق,أ | خلق,too_few_segments
فَأَنْفُخُ,1,ف | أنفخ,ف | أ | نفخ,too_few_segments
وَأُبْرِئُ,1,و | أبرئ,و | أ | برئ,too_few_segments
وَأُحْيِي,1,و | أحي | ي,و | أ | حيي,wrong_content
وَأُنَبِّئُكُمْ,1,و | أنبئ | كم,و | أ | نبئ | كم,too_few_segments
وَلِأُحِلَّ,1,و | ل | أحل,و | ل | أ | حل,too_few_segments
وَاشْهَدْ,1,و | ا | شهد,و | أ | شهد,wrong_content
اتَّبَعُوكَ,1,اتبعو | ك,اتبع | و | ك,too_few_segments
فَأَحْكُمُ,1,ف | أح | كم,ف | أ | حكم,wrong_content
فَأُعَذِّبُهُمْ,1,ف | أعذب | هم,ف | أ | عذب | هم,too_few_segments
نَتْلُوهُ,1,ن | تلو | ه,ن | تل | و | ه,too_few_segments
نَدْعُ,1,ندع,ن | دع,too_few_segments
وَنِسَاءَنَا,1,و | ن | ساء | نا,و | نساء | نا,too_many_segments
اشْهَدُوا,1,ا | شهد | وا,اشهد | وا,too_many_segments
أُنْزِلَتِ,1,أنزلت,أنزل | ت,too_few_segments
يَهُودِيَّاً,1,يهودي | ا,يهود | ي | ا,too_few_segments
نَصْرَانِيَّاً,1,نصرا | ني | ا,نصران | ي | ا,wrong_content
وَدَّتْ,1,و | دت,ود | ت,wrong_content
يُضِلُّونَكُمْ,1,ي | ضلون | كم,ي | ضل | ون | كم,too_few_segments
يُحَاجُّوكُمْ,1,ي | حاجو | كم,ي | حاج | و | كم,too_few_segments
مَا دُمْتَ,1,ما دم | ت,ما | دم | ت,too_few_segments
يَلْوُونَ,1,ي | لو | ون,ي | لو | و | ن,too_few_segments
أَلْسِنَتَهُمْ,1,ألسن | ة | هم,ألسن | ت | هم,wrong_content
لِتَحْسَبُوهُ,1,ل | ت | حسبو | ه,ل | تحسب | و | ه,wrong_content
رَبَّانِيِّينَ,1,ربا | ني | ين,ربان | ي | ين,wrong_content
آتَيْتُكُمْ,1,آتي | ة | كم,آتي | ت | كم,wrong_content
لَتُؤْمِنُنَّ,1,لتؤمنن,ل | تؤمن | ن,too_few_segments
وَلَتَنْصُرُنَّهُ,1,و | لتنصرن | ه,و | ل | ت | نصر | ن | ه,too_few_segments
تَوْبَتُهُمْ,1,ت | وبت | هم,توب | ت | هم,wrong_content
فَاتْلُوهَا,1,ف | اتلو | ها,ف | اتل | و | ها,too_few_segments
وُضِعَ,1,و | ضع,وضع,too_many_segments
لَلَّذِي,1,ل | الذي,ل | لذي,wrong_content
تَصُدُّونَ,1,تصد | ون,ت | صد | ون,too_few_segments
تَبْغُونَهَا,1,ت | بغون | ها,ت | بغ | ون | ها,too_few_segments
تُقَاتِهِ,1,تق | ات | ه,تقا | ت | ه,wrong_content
بِنِعْمَتِهِ,1,ب | ن | عمت | ه,ب | نعم | ت | ه,wrong_content
وَلْتَكُنْ,1,ول | ت | كن,و | ل | ت | كن,too_few_segments
اسْوَدَّتْ,1,ا | سود | ت,اسود | ت,too_many_segments
ابْيَضَّتْ,1,ا | بيض | ت,ابيض | ت,too_many_segments
وَتَنْهَوْنَ,1,و | ت | نه | ون,و | ت | نه | و | ن,too_few_segments
يَضُرُّوكُمْ,1,ي | ضرو | كم,ي | ضر | و | كم,too_few_segments
يُوَلُّوكُمُ,1,ي | ولو | كم,ي | ول | و | كم,too_few_segments
أَيْنَما,1,أينما,أين | ما,too_few_segments
يُكْفَرُوهُ,1,ي | كفرو | ه,ي | كفر | و | ه,too_few_segments
بِطَانَةً,1,ب | طان | ة,بطان | ة,too_many_segments
يَأْلُونَكُمْ,1,ي | ألون | كم,ي | أل | ون | كم,too_few_segments
بَدَتِ,1,بدت,بد | ت,too_few_segments
تُحِبُّونَهُمْ,1,ت | حبون | هم,ت | حب | ون | هم,too_few_segments
يُحِبُّونَكُمْ,1,ي | حبون | كم,ي | حب | ون | كم,too_few_segments
لَقُوكُمْ,1,لقو | كم,لق | و | كم,too_few_segments
تَفْشَلَا,1,ت | فشلا,ت | فشل | ا,too_few_segments
وَلِيُّهُمَا,1,و | ل | ي | هما,ولي | هما,too_many_segments
وَيَأْتُوكُمْ,1,و | ي | أتو | كم,و | ي | أت | و | كم,too_few_segments
سُنَنٌ,1,س | نن,سنن,too_many_segments
وَيَتَّخِذَ,1,و | يتخذ,و | ي | تخذ,too_few_segments
تَلْقَوْهُ,1,ت | لقو | ه,ت | لق | و | ه,too_few_segments
رَأَيْتُمُوهُ,1,رأي | تمو | ه,رأي | تم | و | ه,too_few_segments
تَمُوتَ,1,تموت,ت | موت,too_few_segments
رِبِّيُّونَ,1,ربي | ون,رب | ي | ون,too_few_segments
وَهَنُوا,1,و | هن | وا,وهن | وا,too_many_segments
تَحُسُّونَهُمْ,1,ت | حسون | هم,ت | حس | ون | هم,too_few_segments
فَشِلْتُمْ,1,ف | شل | تم,فشل | تم,too_many_segments
وَتَنَازَعْتُمْ,1,و | ت | نازع | تم,و | تنازع | تم,too_many_segments
بِغَمٍّ,1,بغم,ب | غم,too_few_segments
وَلِيَبْتَلِيَ,1,و | ل | ي | بتل | ي,و | ل | ي | بتلي,too_many_segments
لَانْفَضُّوا,1,لانفض | وا,ل | انفض | وا,too_few_segments
أَوَلَمَّا,1,أولما,أ | و | لما,too_few_segments
أَصَبْتُمْ,1,أ | صب | تم,أصب | تم,too_many_segments
مِثْلَيْهَا,1,مثلي | ها,مثل | ي | ها,too_few_segments
ادْفَعُوا,1,ا | دفع | وا,ادفع | وا,too_many_segments
لَاتَّبَعْنَاكُمْ,1,لاتبع | نا | كم,ل | اتبع | نا | كم,too_few_segments
أَطَاعُونَا,1,أطاعو | نا,أطاع | و | نا,too_few_segments
فَرِحِينَ,1,ف | رح | ين,فرح | ين,too_many_segments
اسْتَجَابُوا,1,استجاب | وا,استجاب,too_many_segments
فَاخْشَوْهُمْ,1,ف | ا | خشو | هم,ف | ا | خش | و | هم,too_few_segments
فَانْقَلَبُوا,1,ف | ا | ن | قلب | وا,ف | انقلب | وا,too_many_segments
تَخَافُوهُمْ,1,تخافو | هم,ت | خاف | و | هم,too_few_segments
وَخَافُونِ,1,و | خاف | ون,و | خاف | و | ن,too_few_segments
لِيَذَرَ,1,ل | يذر,ل | ي | ذر,too_few_segments
يَمِيزَ,1,يميز,ي | ميز,too_few_segments
قَتَلْتُمُوهُمْ,1,قتل | تمو | هم,قتل | تم | و | هم,too_few_segments
تُوَفَّوْنَ,1,توف | ون,ت | وف | ون,too_few_segments
لَتُبْلَوُنَّ,1,لتبل | ون,ل | ت | بل | و | ن,too_few_segments
وَلَتَسْمَعُنَّ,1,و | لتسمعن,و | ل | ت | سمع | ن,too_few_segments
لَتُبَيِّنُنَّهُ,1,لتبينن | ه,ل | ت | بين | ن | ه,too_few_segments
تَكْتُمُونَهُ,1,ت | كتمون | ه,ت | كتم | ون | ه,too_few_segments
فَنَبَذُوهُ,1,ف | نبذو | ه,ف | نبذ | و | ه,too_few_segments
تَحْسَبَنَّهُمْ,1,ت | حسبن | هم,ت | حسب | ن | هم,too_few_segments
فَقِنَا,1,ف | قنا,ف | ق | نا,too_few_segments
أَخْزَيْتَهُ,1,أخزي | ة | ه,أخزي | ت | ه,wrong_content
يُنَادِي,1,يناد | ي,ي | نادي,wrong_content
سَيِّئَاتِنَا,1,س | ي | ئات | نا,سيئ | ات | نا,too_many_segments
وَعَدْتَنَا,1,و | عد | ت | نا,وعد | ت | نا,too_many_segments
أُضِيعُ,1,أضيع,أ | ضيع,too_few_segments
وَلَأُدْخِلَنَّهُمْ,1,و | لأدخلن | هم,و | ل | أ | دخل | ن | هم,too_few_segments
يَغُرَّنَّكَ,1,ي | غرن | ك,ي | غر | ن | ك,too_few_segments
تَقَلُّبُ,1,ت | قلب,تقلب,too_many_segments
اصْبِرُوا,1,ا | صبر | وا,اصبر | وا,too_many_segments
تَسَاءَلُونَ,1,ت | ساءل | ون,تساءل | ون,too_many_segments
فَانْكِحُوا,1,ف | ا | ن | ك | حوا,ف | ا | نكح | وا,too_many_segments
طِبْنَ,1,طبن,طب | ن,too_few_segments
فَكُلُوهُ,1,ف | كلو | ه,ف | كل | و | ه,too_few_segments
وَارْزُقُوهُمْ,1,و | ا | رزقو | هم,و | ا | رزق | و | هم,too_few_segments
وَاكْسُوهُمْ,1,و | ا | كسو | هم,و | ا | كس | و | هم,too_few_segments
تَأْكُلُوهَا,1,ت | أكلو | ها,ت | أكل | و | ها,too_few_segments
وَبِدَارَاً,1,و | ب | دار | ا,و | بدار | ا,too_many_segments
فَلْيَسْتَعْفِفْ,1,فليستعفف,ف | ل | ي | ستعفف,too_few_segments
فَلْيَأْكُلْ,1,فليأكل,ف | ل | ي | أكل,too_few_segments
وَالْمَسَاكِينُ,1,و | ال | مساك | ين,و | ال | مساكين,too_many_segments
فَارْزُقُوهُمْ,1,ف | ا | رزقو | هم,ف | ا | رزق | و | هم,too_few_segments
وَلْيَخْشَ,1,وليخش,و | ل | ي | خش,too_few_segments
فَلْيَتَّقُوا,1,فليتق | وا,ف | ل | ي | تق | وا,too_few_segments
وَلْيَقُولُوا,1,وليقول | وا,و | ل | ي | قول | وا,too_few_segments
يُوصِيكُمُ,1,يوصي | كم,ي | وصي | كم,too_few_segments
ثُلُثَا,1,ثلثا,ثلث | ا,too_few_segments
وَلِأَبَوَيْهِ,1,و | ل | أبوي | ه,و | ل | أبو | ي | ه,too_few_segments
يُوصِي,1,يوص | ي,ي | وصي,wrong_content
تَرَكْنَ,1,تر | كن,ترك | ن,wrong_content
يُوصِينَ,1,ي | وص | ين,ي | وصي | ن,wrong_content
تُوصُونَ,1,توص | ون,ت | وص | ون,too_few_segments
يُورَثُ,1,يورث,ي | ورث,too_few_segments
يُوصَى,1,يوصى,ي | وصى,too_few_segments
وَيَتَعَدَّ,1,و | يتعد,و | ي | تعد,too_few_segments
يَتَوَفَّاهُنَّ,1,يتوفا | هن,ي | توفا | هن,too_few_segments
وَاللَّذَانِ,1,و | اللذان,و | اللذ | ان,too_few_segments
فَآذُوهُمَا,1,ف | آذو | هما,ف | آذ | و | هما,too_few_segments
تَابَا,1,تابا,تاب | ا,too_few_segments
وَأَصْلَحَا,1,و | أصلحا,و | أصلح | ا,too_few_segments
وَلَيْسَتِ,1,و | ليست,و | ليس | ت,too_few_segments
وَعَاشِرُوهُنَّ,1,و | عاشرو | هن,و | عاشر | و | هن,too_few_segments
كَرِهْتُمُوهُنَّ,1,كره | تمو | هن,كره | تم | و | هن,too_few_segments
أَرَدْتُمُ,1,أ | رد | تم,أرد | تم,too_many_segments
أَتَأْخُذُونَهُ,1,أ | ت | أخذون | ه,أ | ت | أخذ | ون | ه,too_few_segments
تَأْخُذُونَهُ,1,ت | أخذون | ه,ت | أخذ | ون | ه,too_few_segments
وَأَخَذْنَ,1,و | أخذن,و | أخذ | ن,too_few_segments
وَبَنَاتُكُمْ,1,و | بن | ات | كم,و | بنات | كم,too_many_segments
الْأُخْتِ,1,ال | أخت,ال | أخ | ت,too_few_segments
وَأُمَّهَاتُكُمُ,1,و | أمه | ات | كم,و | أم | ه | ات | كم,too_few_segments
أَرْضَعْنَكُمْ,1,أرضعن | كم,أرضع | ن | كم,too_few_segments
وَأُمَّهَاتُ,1,و | أمه | ات,و | أم | ه | ات,too_few_segments
الْأُخْتَيْنِ,1,ال | أخت | ين,ال | أخ | ت | ين,too_few_segments
تَرَاضَيْتُمْ,1,ت | راضي | تم,تراضي | تم,too_many_segments
فَتَيَاتِكُمُ,1,ف | تي | ات | كم,فتي | ات | كم,too_many_segments
فَانْكِحُوهُنَّ,1,ف | انكحو | هن,ف | ا | نكح | و | هن,too_few_segments
أَهْلِهِنَّ,1,أهل | هن,أهل | ه | ن,too_few_segments
وَآتُوهُنَّ,1,و | آتو | هن,و | آت | و | هن,too_few_segments
أَتَيْنَ,1,أ | تين,أتي | ن,wrong_content
سُنَنَ,1,س | نن,سنن,too_many_segments
اكْتَسَبْنَ,1,اكتسبن,اكتسب | ن,too_few_segments
مَوَالِيَ,1,موال | ي,موالي,too_many_segments
فَآتُوهُمْ,1,ف | آتو | هم,ف | آت | و | هم,too_few_segments
نُشُوزَهُنَّ,1,ن | شوز | هن,نشوز | هن,too_many_segments
فَعِظُوهُنَّ,1,ف | عظو | هن,ف | عظ | و | هن,too_few_segments
وَاهْجُرُوهُنَّ,1,و | اهجرو | هن,و | ا | هجر | و | هن,too_few_segments
وَاضْرِبُوهُنَّ,1,و | اضربو | هن,و | ا | ضرب | و | هن,too_few_segments
أَطَعْنَكُمْ,1,أطعن | كم,أطع | ن | كم,too_few_segments
يُرِيدَا,1,يريدا,ي | ريد | ا,too_few_segments
فَخُورَاً,1,ف | خور | ا,فخور | ا,too_many_segments
تُسَوَّى,1,تسوى,ت | سوى,too_few_segments
لَيَّاً,1,ل | يا,لي | ا,wrong_content
وَانْظُرْنَا,1,و | انظر | نا,و | ا | نظر | نا,too_few_segments
وُجُوهَاً,1,و | جوه | ا,وجوه | ا,too_many_segments
يَلْعَنِ,1,ي | ل | عن,ي | لعن,too_many_segments
فَإِذَاً,1,فإذ | ا,ف | إذا,wrong_content
نِعِمَّا,1,ن | عن | ما,نعم | ما,too_many_segments
تَنَازَعْتُمْ,1,ت | نازع | تم,تنازع | تم,too_many_segments
فَرُدُّوهُ,1,ف | ردو | ه,ف | رد | و | ه,too_few_segments
يَزْعُمُونَ,1,ي | زعم | ون,ي | زعم | و | ن,too_few_segments
يَتَحَاكَمُوا,1,ي | تحا | كم | وا,ي | تحاكم | وا,too_many_segments
لِيُطَاعَ,1,ل | يطاع,ل | ي | طاع,too_few_segments
يُحَكِّمُوكَ,1,ي | حكمو | ك,ي | حكم | و | ك,too_few_segments
اخْرُجُوا,1,ا | خرج | وا,اخرج | وا,too_many_segments
لَآتَيْنَاهُمْ,1,لآتي | نا | هم,ل | آتي | نا | هم,too_few_segments
وَلَهَدَيْنَاهُمْ,1,و | لهدي | نا | هم,و | ل | هدي | نا | هم,too_few_segments
فَانْفِرُوا,1,ف | ا | ن | فر | وا,ف | ا | نفر | وا,too_many_segments
ثُبَاتٍ,1,ثب | ات,ثبات,too_many_segments
لَيُبَطِّئَنَّ,1,ليبطئن,ل | ي | بطئ | ن,too_few_segments
فَأَفُوزَ,1,ف | أفوز,ف | أ | فوز,too_few_segments
فَلْيُقَاتِلْ,1,فليقاتل,ف | ل | ي | قاتل,too_few_segments
يُقَاتِلْ,1,يقاتل,ي | قاتل,too_few_segments
كَخَشْيَةِ,1,كخشي | ة,ك | خشي | ة,too_few_segments
أَخَّرْتَنَا,1,أخر | ة | نا,أخر | ت | نا,wrong_content
رَدُّوهُ,1,ردو | ه,رد | و | ه,too_few_segments
لَعَلِمَهُ,1,لعلم | ه,ل | علم | ه,too_few_segments
يَسْتَنْبِطُونَهُ,1,ي | ستنبطونه,ي | ستنبط | ون | ه,too_few_segments
لَاتَّبَعْتُمُ,1,لاتبع | تم,ل | اتبع | تم,too_few_segments
فَتَكُونُونَ,1,ف | ت | كون | ون,ف | ت | كون | و | ن,too_few_segments
لَسَلَّطَهُمْ,1,لسلط | هم,ل | سلط | هم,too_few_segments
فَلَقَاتَلُوكُمْ,1,ف | لقاتلو | كم,ف | ل | قاتل | و | كم,too_few_segments
اعْتَزَلُوكُمْ,1,اعتزلو | كم,اعتزل | و | كم,too_few_segments
يَأْمَنُوكُمْ,1,ي | أمنو | كم,ي | أمن | و | كم,too_few_segments
يَعْتَزِلُوكُمْ,1,ي | عتزلو | كم,ي | عتزل | و | كم,too_few_segments
وَأُولَئِكُمْ,1,و | أولئ | كم,و | أولئك | م,wrong_content
فَدِيَةٌ,1,ف | دي | ة,فدي | ة,too_many_segments
وَتَحْرِيرُ,1,و | ت | حرير,و | تحرير,too_many_segments
تَوَفَّاهُمُ,1,ت | وفا | هم,توفا | هم,too_many_segments
يُهَاجِرْ,1,يهاجر,ي | هاجر,too_few_segments
بَيْتِهِ,1,بي | ت | ه,بيت | ه,too_many_segments
فَلْتَقُمْ,1,فلتقم,ف | ل | ت | قم,too_few_segments
فَلْيَكُونُوا,1,فليك | ون | وا,ف | ل | ي | كون | وا,too_few_segments
وَرَائِكُمْ,1,و | رائ | كم,ورائ | كم,too_many_segments
وَلْتَأْتِ,1,ولتأ | ت,و | ل | ت | أت,too_few_segments
فَلْيُصَلُّوا,1,فليصل | وا,ف | ل | ي | صل | وا,too_few_segments
أَسْلِحَتِكُمْ,1,أسلح | ة | كم,أسلح | ت | كم,wrong_content
وَأَمْتِعَتِكُمْ,1,و | أمتع | ة | كم,و | أمتع | ت | كم,wrong_content
أَسْلِحَتَكُمْ,1,أسلح | ة | كم,أسلح | ت | كم,wrong_content
اطْمَأْنَنْتُمْ,1,ا | طمأنن | تم,اطمأنن | تم,too_many_segments
يَأْلَمُونَ,1,ي | ألم | ون,ي | ألم | و | ن,too_few_segments
تُجَادِلْ,1,تجادل,ت | جادل,too_few_segments
يَخْتَانُونَ,1,ي | ختان | ون,ي | ختان | و | ن,too_few_segments
يَجِدِ,1,يجد,ي | جد,too_few_segments
يَرْمِ,1,يرم,ي | رم,too_few_segments
لَهَمَّتْ,1,لهم | ت,ل | هم | ت,too_few_segments
يَضُرُّونَكَ,1,ي | ضرون | ك,ي | ضر | ون | ك,too_few_segments
نَجْوَاهُمْ,1,ن | جوا | هم,نجوا | هم,too_many_segments
بِصَدَقَةٍ,1,ب | صدق | ة,ب | صدقة,too_many_segments
وَيَتَّبِعْ,1,و | يتبع,و | ي | تبع,too_few_segments
وَنُصْلِهِ,1,و | ن | صله,و | ن | صل | ه,too_few_segments
لَأَتَّخِذَنَّ,1,لأتخذن,ل | أ | تخذ | ن,too_few_segments
وَلَأُضِلَّنَّهُمْ,1,و | لأضلن | هم,و | ل | أ | ضل | ن | هم,too_few_segments
وَلَأُمَنِّيَنَّهُمْ,1,و | لأمنين | هم,و | ل | أ | مني | ن | هم,too_few_segments
فَلَيُبَتِّكُنَّ,1,ف | ليبت | كن,ف | ل | ي | بتك | ن,too_few_segments
فَلَيُغَيِّرُنَّ,1,ف | ليغيرن,ف | ل | ي | غير | ن,too_few_segments
يَتَّخِذِ,1,يتخذ,ي | تخذ,too_few_segments
يَعِدُهُمْ,1,يعد | هم,ي | عد | هم,too_few_segments
بِأَمَانِيِّكُمْ,1,ب | أما | ني | كم,ب | أماني | كم,too_many_segments
أَمَانِيِّ,1,أما | ني,أماني,too_many_segments
يُجْزَ,1,يجز,ي | جز,too_few_segments
وَيَسْتَفْتُونَكَ,1,و | ي | ستفتونك,و | ي | ستفت | ون | ك,too_few_segments
تُؤْتُونَهُنَّ,1,ت | ؤتون | هن,ت | ؤت | ون | هن,too_few_segments
يُصْلِحَا,1,ي | صلحا,ي | صلح | ا,too_few_segments
وَأُحْضِرَتِ,1,و | أحضرت,و | أحضر | ت,too_few_segments
فَتَذَرُوهَا,1,ف | تذرو | ها,ف | ت | ذر | و | ها,too_few_segments
يَتَفَرَّقَا,1,يتفرقا,ي | ت | فرق | ا,too_few_segments
يُغْنِ,1,يغن,ي | غن,too_few_segments
يَتَرَبَّصُونَ,1,ي | تربص | ون,ي | تربص | و | ن,too_few_segments
فَعَفَوْنَا,1,ف | عفو | نا,ف | عف | و | نا,too_few_segments
صَلَبُوهُ,1,صلبو | ه,صلب | و | ه,too_few_segments
شُبِّهَ,1,شب | ه,شبه,too_many_segments
لَيُؤْمِنَنَّ,1,ليؤمنن,ل | ي | ؤمن | ن,too_few_segments
وَكَلَّمَ,1,و | ك | لم,و | كلم,too_many_segments
وَكَلِمَتُهُ,1,و | كلم | ة | ه,و | كلم | ت | ه,wrong_content
يَسْتَفْتُونَكَ,1,ي | ستفتونك,ي | ستفت | ون | ك,too_few_segments
الثُّلُثَانِ,1,ال | ثلثان,ال | ثلث | ان,too_few_segments
فَاصْطَادُوا,1,ف | ا | صطاد | وا,ف | اصطاد | وا,too_many_segments
صَدُّوكُمْ,1,صدو | كم,صد | و | كم,too_few_segments
وَتَعَاوَنُوا,1,و | ت | عا | ون | وا,و | تعاون | وا,too_many_segments
تَعَاوَنُوا,1,ت | عا | ون | وا,تعاون | وا,too_many_segments
وَرَضِيتُ,1,و | رضيت,و | رضي | ت,too_few_segments
تُعَلِّمُونَهُنَّ,1,ت | علمون | هن,ت | علم | ون | هن,too_few_segments
أَمْسَكْنَ,1,أمس | كن,أمسك | ن,wrong_content
فَاطَّهَّرُوا,1,ف | اطهر | وا,ف | ا | طهر | وا,too_few_segments
وَاثَقَكُمْ,1,و | اثق | كم,واثق | كم,too_many_segments
اثْنَيْ,1,ا | ثني,اثني,too_many_segments
أَقَمْتُمُ,1,أ | قم | تم,أقام | تم,too_many_segments
وَعَزَّرْتُمُوهُمْ,1,و | عزر | تمو | هم,و | عزر | تم | و | هم,too_few_segments
وَلَأُدْخِلَنَّكُمْ,1,و | لأدخلن | كم,و | ل | أ | دخل | ن | كم,too_few_segments
لَعَنَّاهُمْ,1,لع | نا | هم,لعن | نا | هم,wrong_content
وَنَسُوا,1,و | ن | سوا,و | نس | وا,wrong_content
وَلَا تَزَالُ,1,و | لا تزال,و | ت | لا | زال,too_few_segments
فَنَسُوا,1,ف | ن | سوا,ف | نس | وا,wrong_content
رَجُلَانِ,1,رجلان,رجل | ان,too_few_segments
دَخَلْتُمُوهُ,1,دخل | تمو | ه,دخل | تم | و | ه,too_few_segments
مَا دَامُوا,1,ما دام | وا,ما | دام | وا,too_few_segments
فَقَاتِلَا,1,ف | قاتلا,ف | قاتل | ا,too_few_segments
يَتِيهُونَ,1,ي | تيه | ون,ي | تيه | و | ن,too_few_segments
ابْنَيْ,1,ا | ب | ني,ابن | ي,too_many_segments
قَرَّبَا,1,قربا,قرب | ا,too_few_segments
فَتُقُبِّلَ,1,ف | ت | قبل,ف | تقبل,too_many_segments
يُتَقَبَّلْ,1,يتقبل,ي | تقبل,too_few_segments
لَأَقْتُلَنَّكَ,1,لأقتلن | ك,ل | أ | قتل | ن | ك,too_few_segments
يَتَقَبَّلُ,1,يتقبل,ي | تقبل,too_few_segments
لِتَقْتُلَنِي,1,ل | ت | قتل | ني,ل | ت | قتل | ن | ي,too_few_segments
يَدِيَ,1,يدي,يد | ي,too_few_segments
لِأَقْتُلَكَ,1,ل | أقتل | ك,ل | أ | قتل | ك,too_few_segments
تَبُوءَ,1,تبوء,ت | بوء,too_few_segments
لِيُرِيَهُ,1,ل | ي | ريه,ل | ي | ري | ه,too_few_segments
يَاوَيْلَتَا,1,يا | ويلتا,يا | ويل | ت | ا,too_few_segments
أَعَجَزْتُ,1,أعجز | ت,أ | عجز | ت,too_few_segments
فَأُوَارِيَ,1,ف | أوار | ي,ف | أ | واري,wrong_content
فَسَادٍ,1,ف | ساد,فساد,too_many_segments
لَمُسْرِفُونَ,1,لمسرف | ون,ل | مسرف | ون,too_few_segments
تُقُبِّلَ,1,ت | قبل,تقبل,too_many_segments
كَسَبَا,1,كسبا,كسب | ا,too_few_segments
تُؤْتَوْهُ,1,ت | ؤتو | ه,ت | ؤت | و | ه,too_few_segments
فِتْنَتَهُ,1,فتن | ة | ه,فتن | ت | ه,wrong_content
يَضُرُّوكَ,1,ي | ضرو | ك,ي | ضر | و | ك,too_few_segments
يُحَكِّمُونَكَ,1,ي | حكمون | ك,ي | حكم | ون | ك,too_few_segments
وَالرَّبَّانِيُّونَ,1,و | ال | ربا | ني | ون,و | ال | ربان | ي | ون,wrong_content
وَالْجُرُوحَ,1,و | ال | جروح,ال | جروح,too_many_segments
تَصَدَّقَ,1,ت | صدق,تصدق,too_many_segments
وَلْيَحْكُمْ,1,وليح | كم,و | ل | ي | حكم,too_few_segments
وَاحْذَرْهُمْ,1,و | ا | حذر | هم,و | احذر | هم,too_many_segments
يَفْتِنُوكَ,1,ي | فتنو | ك,ي | فتن | و | ك,too_few_segments
لَفَاسِقُونَ,1,لفاسق | ون,ل | فاسق | ون,too_few_segments
أَفَحُكْمَ,1,أفح | كم,أ | ف | حكم,too_few_segments
لَمَعَكُمْ,1,لمع | كم,ل | مع | كم,too_few_segments
وَيُحِبُّونَهُ,1,و | ي | حبون | ه,و | ي | حب | ون | ه,too_few_segments
لَائِمٍ,1,ل | ائم,لائم,too_many_segments
وَلِيُّكُمُ,1,و | ل | ي | كم,ولي | كم,too_many_segments
نَادَيْتُمْ,1,ن | ادي | تم,نادي | تم,too_many_segments
اتَّخَذُوهَا,1,اتخذو | ها,اتخذ | و | ها,too_few_segments
الرَّبَّانِيُّونَ,1,ال | ربا | ني | ون,ال | ربان | ي | ون,wrong_content
غُلَّتْ,1,غلت,غل | ت,too_few_segments
مَبْسُوطَتَانِ,1,مبسوطتان,مبسوط | ت | ان,too_few_segments
لَكَفَّرْنَا,1,لكفر | نا,ل | كفر | نا,too_few_segments
وَلَأَدْخَلْنَاهُمْ,1,و | لأدخل | نا | هم,و | ل | أدخل | نا | هم,too_few_segments
لَأَكَلُوا,1,لأكل | وا,ل | أكل | وا,too_few_segments
لَيَمَسَّنَّ,1,ليمسن,ل | ي | مس | ن,too_few_segments
وَيَسْتَغْفِرُونَهُ,1,و | ي | ستغفرونه,و | ي | ستغفر | ون | ه,too_few_segments
لِسَانِ,1,ل | سان,لسان,too_many_segments
اتَّخَذُوهُمْ,1,اتخذو | هم,اتخذ | و | هم,too_few_segments
لَتَجِدَنَّ,1,لتجدن,ل | ت | جد | ن,too_few_segments
وَلَتَجِدَنَّ,1,و | لتجدن,و | ل | ت | جد | ن,too_few_segments
فَأَثَابَهُمُ,1,ف | أثاب | هم,ف | أ | ثاب | هم,too_few_segments
فَكَفَّارَتُهُ,1,ف | كفار | ة | ه,ف | كفار | ت | ه,wrong_content
أَهْلِيكُمْ,1,أهلي | كم,أهل | ي | كم,too_few_segments
كِسْوَتُهُمْ,1,ك | سوت | هم,كسو | ت | هم,wrong_content
تَحْرِيرُ,1,ت | حرير,تحرير,too_many_segments
فَاجْتَنِبُوهُ,1,ف | اجتنبو | ه,ف | ا | جتنب | و | ه,too_few_segments
يُوقِعَ,1,يوقع,ي | وقع,too_few_segments
لَيَبْلُوَنَّكُمُ,1,ليبلون | كم,ل | ي | بل | و | ن | كم,too_few_segments
تَنَالُهُ,1,تنال | ه,ت | نال | ه,too_few_segments
يَخَافُهُ,1,يخاف | ه,ي | خاف | ه,too_few_segments
بَالِغَ,1,ب | الغ,بالغ,too_many_segments
لِيَذُوقَ,1,ل | يذوق,ل | ي | ذوق,too_few_segments
مَا دُمْتُمْ,1,ما دم | تم,ما | دم | تم,too_few_segments
تَسُؤْكُمْ,1,تسؤ | كم,ت | سؤ | كم,too_few_segments
وَصِيلَةٍ,1,و | صيل | ة,وصيل | ة,too_many_segments
آخَرَانِ,1,آخران,آخر | ان,too_few_segments
تَحْبِسُونَهُمَا,1,ت | حبسون | هما,ت | حبس | ون | هما,too_few_segments
نَشْتَرِي,1,ن | شتر | ي,ن | شتري,too_many_segments
اسْتَحَقَّا,1,استحقا,استحق | ا,too_few_segments
فَآخَرَانِ,1,ف | آخران,ف | آخر | ان,too_few_segments
يَقُومَانِ,1,يقومان,ي | قوم | ان,too_few_segments
الْأَوْلَيَانِ,1,ال | أوليان,ال | أولي | ان,too_few_segments
لَشَهَادَتُنَا,1,لشهاد | ة | نا,ل | شهاد | ت | نا,too_few_segments
شَهَادَتِهِمَا,1,شهاد | ة | هما,شهاد | ت | هما,wrong_content
وَالِدَتِكَ,1,و | ال | دتك,والد | ت | ك,wrong_content
أَيَّدْتُكَ,1,أيد | ة | ك,أيد | ت | ك,wrong_content
تُكَلِّمُ,1,ت | ك | لم,ت | كلم,too_many_segments
عَلَّمْتُكَ,1,علم | ة | ك,علم | ت | ك,wrong_content
الْحَوَارِيِّينَ,1,ال | حواري | ين,ال | حوار | ي | ين,too_few_segments
بِأَنَّنَا,1,ب | أن | نا,ب | أن | ن,wrong_content
صَدَقْتَنَا,1,صدق | ة | نا,صدق | ت | نا,wrong_content
أَنْزِلْ,1,أنزل,أ | نزل,too_few_segments
وَارْزُقْنَا,1,و | ارزق | نا,و | ا | رزق | نا,too_few_segments
اتَّخِذُونِي,1,اتخذو | ني,ا | اتخذ | و | ن | ي,too_few_segments
بِحَقٍّ,1,بحق,ب | حق,too_few_segments
عَلِمْتَهُ,1,علم | ة | ه,علم | ت | ه,wrong_content
أَمَرْتَنِي,1,أمر | ة | ني,أمر | ت | ن | ي,too_few_segments
مَا دمتُ,1,ما دمت,ما | دم | ت,too_few_segments
تَوَفَّيْتَنِي,1,ت | وفي | ة | ني,توفي | ت | ن | ي,wrong_content
فَلَمَسُوهُ,1,ف | لمسو | ه,ف | لمس | و | ه,too_few_segments
وَلَلَبَسْنَا,1,و | ل | ال | بس | نا,و | ل | لبس | نا,too_many_segments
أَتَّخِذُ,1,أتخذ,أ | تخذ,too_few_segments
لِأُنْذِرَكُمْ,1,ل | أنذر | كم,ل | أ | نذر | كم,too_few_segments
لَتَشْهَدُونَ,1,لتشهد | ون,ل | ت | شهد | ون,too_few_segments
أَشْهَدُ,1,أشهد,أ | شهد,too_few_segments
وَإِنَّنِي,1,و | أن | ني,و | أن | ن | ي,too_few_segments
لَعَادُوا,1,لعاد | وا,ل | عاد | وا,too_few_segments
يَاحَسْرَتَنَا,1,يا | حسر | ة | نا,يا | حسر | ت | نا,wrong_content
لَيَحْزُنُكَ,1,ليحزن | ك,ل | ي | حزن | ك,too_few_segments
يُكَذِّبُونَكَ,1,ي | كذبون | ك,ي | كذب | ون | ك,too_few_segments
تَبْتَغِيَ,1,ت | بتغ | ي,ت | بتغي,too_many_segments
لَجَمَعَهُمْ,1,لجمع | هم,ل | جمع | هم,too_few_segments
بِجَنَاحَيْهِ,1,ب | جناحي | ه,ب | جناح | ي | ه,too_few_segments
أَتَتْكُمُ,1,أ | ت | تكم,أت | ت | كم,wrong_content
وَرَقَةٍ,1,و | رق | ة,ورق | ة,too_many_segments
يَابِسٍ,1,يا | بس,يابس,too_many_segments
تَوَفَّتْهُ,1,ت | وفت | ه,توف | ت | ه,wrong_content
تَدْعُونَهُ,1,ت | دعون | ه,ت | دع | ون | ه,too_few_segments
وَيُذِيقَ,1,و | يذيق,و | ي | ذيق,too_few_segments
لَسْتُ,1,لست,لس | ت,too_few_segments
يُنْسِيَنَّكَ,1,ي | نسين | ك,ي | نسي | ن | ك,too_few_segments
لَعِبَاً,1,ل | عب | ا,لعب | ا,too_many_segments
وَلَهْوَاً,1,و | ل | هو | ا,و | لهو | ا,too_many_segments
يَدْعُونَهُ,1,ي | دعون | ه,ي | دع | ون | ه,too_few_segments
أَتَتَّخِذُ,1,أ | تتخذ,أ | ت | تخذ,too_few_segments
أَرَاكَ,1,أرا | ك,أ | را | ك,too_few_segments
نُرِي,1,نري,ن | ري,too_few_segments
أُحِبُّ,1,أحب,أ | حب,too_few_segments
يَهْدِنِي,1,ي | هد | ني,ي | هد | ن | ي,too_few_segments
لَأَكُونَنَّ,1,لأكونن,ل | أ | كون | ن,too_few_segments
وَجَّهْتُ,1,و | جه | ت,وجه | ت,too_many_segments
أَتُحَاجُّونِّي,1,أ | ت | حاجون | ني,أ | ت | حاج | و | ن | ي,too_few_segments
هَدَانِ,1,هدان,هدا | ن,too_few_segments
حُجَّتُنَا,1,حجت | نا,حج | ت | نا,too_few_segments
وَيَحْيَى,1,و | ي | حيى,و | يحيى,too_many_segments
لَحَبِطَ,1,لحبط,ل | حبط,too_few_segments
تَجْعَلُونَهُ,1,ت | جعلون | ه,ت | جعل | ون | ه,too_few_segments
تُبْدُونَهَا,1,ت | بدون | ها,ت | بد | ون | ها,too_few_segments
يُوحَ,1,يوح,ي | وح,too_few_segments
سَأُنْزِلُ,1,سأنزل,س | أ | نزل,too_few_segments
بَاسِطُو,1,باسطو,باسط | و,too_few_segments
فُرَادَى,1,ف | رادى,فرادى,too_many_segments
وَتَرَكْتُمْ,1,و | ت | رك | تم,و | ترك | تم,too_many_segments
نَبَاتَ,1,نب | ات,نبات,too_many_segments
وَيَنْعِهِ,1,و | ي | نعه,و | ينع | ه,wrong_content
تَسُبُّوا,1,تسب | وا,ت | سب | وا,too_few_segments
عَدْوَاً,1,عد | وا,عدو | ا,wrong_content
لَيُؤْمِنُنَّ,1,ليؤمنن,ل | ي | ؤمن | ن,too_few_segments
أَفْئِدَتَهُمْ,1,أفئد | ة | هم,أفئد | ت | هم,wrong_content
وَنَذَرُهُمْ,1,و | نذر | هم,و | ن | ذر | هم,too_few_segments
شَيَاطِينَ,1,شياط | ين,شياطين,too_many_segments
وَلِيَرْضَوْهُ,1,و | ل | ي | رضو | ه,و | ل | ي | رضى | و | ه,too_few_segments
أَبْتَغِي,1,أبتغ | ي,أ | بتغي,wrong_content
فَصَّلَ,1,ف | صل,فصل,too_many_segments
اضْطُرِرْتُمْ,1,ا | ضطرر | تم,اضطرر | تم,too_many_segments
لَيُضِلُّونَ,1,ليضل | ون,ل | ي | ضل | ون,too_few_segments
لَيُوحُونَ,1,ليوح | ون,ل | ي | وح | ون,too_few_segments
لِيُجَادِلُوكُمْ,1,ل | ي | جادلو | كم,ل | ي | جادل | و | كم,too_few_segments
أَطَعْتُمُوهُمْ,1,أطع | تمو | هم,أطع | تم | و | هم,too_few_segments
لَمُشْرِكُونَ,1,لمشرك | ون,ل | مشرك | ون,too_few_segments
فَأَحْيَيْنَاهُ,1,ف | أحيي | نا | ه,ف | أ | حيي | نا | ه,too_few_segments
مُجْرِمِيهَا,1,مجرمي | ها,مجرم | ي | ها,too_few_segments
يَصَّعَّدُ,1,يصعد,ي | صعد,too_few_segments
وَلِيُّهُمْ,1,و | ل | ي | هم,ولي | هم,too_many_segments
مَثْوَاكُمْ,1,مث | وا | كم,مثوا | كم,too_many_segments
نُوَلِّي,1,ن | ول | ي,ن | ولي,too_many_segments
لِيُرْدُوهُمْ,1,ل | ي | ردو | هم,ل | ي | رد | و | هم,too_few_segments
نَبِّئُونِي,1,نبئو | ني,نبئ | و | ن | ي,too_few_segments
وَصَّاكُمُ,1,و | صا | كم,وصا | كم,too_many_segments
فَتُخْرِجُوهُ,1,ف | ت | خرجو | ه,ف | ت | خرج | و | ه,too_few_segments
أَتْلُ,1,أتل,أ | تل,too_few_segments
وَإِيَّاهُمْ,1,و | إياهم,و | إيا | هم,too_few_segments
فَتَفَرَّقَ,1,ف | ت | فرق,ف | تفرق,too_many_segments
طَائِفَتَيْنِ,1,طائفت | ين,طائف | ت | ين,too_few_segments
دِرَاسَتِهِمْ,1,دراس | ة | هم,دراس | ت | هم,wrong_content
صَلَاتِي,1,صل | ات | ي,صلا | ت | ي,wrong_content
وَمَمَاتِي,1,و | مم | ات | ي,و | ممات | ي,too_many_segments
شَرِيكَ,1,شري | ك,شريك,too_many_segments
أَبْغِي,1,أبغ | ي,أ | بغي,wrong_content
رَبَّاً,1,رب | ا,ربا,too_many_segments
المص,1,ال | مص,المص,too_many_segments
فَلَنَسْأَلَنَّ,1,ف | لنسألن,ف | ل | ن | سأل | ن,too_few_segments
وَلَنَسْأَلَنَّ,1,و | لنسألن,و | ل | ن | سأل | ن,too_few_segments
فَلَنَقُصَّنَّ,1,ف | لنقصن,ف | ل | ن | قص | ن,too_few_segments
أَمَرْتُكَ,1,أمر | ة | ك,أمر | ت | ك,wrong_content
تَتَكَبَّرَ,1,تتكبر,ت | تكبر,too_few_segments
أَنْظِرْنِي,1,أنظر | ني,أنظر | ن | ي,too_few_segments
لَأَقْعُدَنَّ,1,لأقعدن,ل | أ | قعد | ن,too_few_segments
لَآتِيَنَّهُمْ,1,لآتين | هم,ل | آ | تي | ن | هم,too_few_segments
وَيَاآدَمُ,1,و | ياآدم,و | آدم | يا,too_few_segments
فَكُلَا,1,ف | كلا,ف | كل | ا,too_few_segments
وُورِيَ,1,و | وري,ووري,too_many_segments
ذَاقَا,1,ذاقا,ذاق | ا,too_few_segments
أَنْهَكُمَا,1,أنه | كما,أ | نه | كما,too_few_segments
تِلْكُمَا,1,ت | ل | كما,تلك | ما,too_many_segments
وَأَقُلْ,1,و | أقل,و | أ | قل,too_few_segments
سَوْآتِكُمْ,1,سوء | ات | كم,سوآ | ت | كم,wrong_content
وَلِبَاسُ,1,و | ل | باس,و | لباس,too_many_segments
يَفْتِنَنَّكُمُ,1,ي | فتنن | كم,ي | فتن | ن | كم,too_few_segments
أَبَوَيْكُمْ,1,أبوي | كم,أبو | ي | كم,too_few_segments
لِبَاسَهُمَا,1,ل | باس | هما,لباس | هما,too_many_segments
تَرَوْنَهُمْ,1,ترون | هم,ت | ر | ون | هم,too_few_segments
زِينَتَكُمْ,1,زين | ة | كم,زين | ت | كم,wrong_content
يَنَالُهُمْ,1,ينال | هم,ي | نال | هم,too_few_segments
يَتَوَفَّوْنَهُمْ,1,يتوفون | هم,ي | توف | ون | هم,too_few_segments
أُخْتَهَا,1,أخ | ت | ها,أخت | ها,too_many_segments
أَضَلُّونَا,1,أضلو | نا,أضل | و | نا,too_few_segments
يَلِجَ,1,يلج,ي | لج,too_few_segments
لِنَهْتَدِيَ,1,ل | ن | هتد | ي,ل | ن | هتدي,too_many_segments
وَنُودُوا,1,و | ن | ود | وا,و | نود | وا,too_many_segments
تِلْكُمُ,1,ت | ل | كم,تلك | م,too_many_segments
يَعْرِفُونَهُمْ,1,ي | عرفون | هم,ي | عرف | ون | هم,too_few_segments
يَنَالُهُمُ,1,ينال | هم,ي | نال | هم,too_few_segments
يَوْمِهِمْ,1,ي | وم | هم,يوم | هم,too_many_segments
نَسُوهُ,1,ن | سوه,نس | و | ه,too_few_segments
وَأَنْصَحُ,1,و | أنصح,و | أ | نصح,too_few_segments
عَمِينَ,1,عمين,عم | ين,too_few_segments
لَنَظُنُّكَ,1,لنظن | ك,ل | ن | ظن | ك,too_few_segments
وَنَذَرَ,1,و | نذر,و | ن | ذر,too_few_segments
أَتُجَادِلُونَنِي,1,أ | ت | جادلون | ني,أ | ت | جادل | و | ن | ن | ي,too_few_segments
أَخْرِجُوهُمْ,1,أخرجو | هم,أخرج | و | هم,too_few_segments
تُوعِدُونَ,1,توعد | ون,ت | وعد | ون,too_few_segments
وَتَصُدُّونَ,1,و | تصد | ون,و | ت | صد | ون,too_few_segments
وَتَبْغُونَهَا,1,و | ت | بغون | ها,و | ت | بغ | ون | ها,too_few_segments
وَانْظُرُوا,1,و | ا | ن | ظر | وا,و | ا | نظر | وا,too_many_segments
لَنُخْرِجَنَّكَ,1,لنخرجن | ك,ل | ن | خرج | ن | ك,too_few_segments
قَرْيَتِنَا,1,قري | ة | نا,قري | ت | نا,wrong_content
مِلَّتِكُمْ,1,ملت | كم,مل | ت | كم,too_few_segments
نَعُودَ,1,نعود,ن | عود,too_few_segments
افْتَحْ,1,افتح,ا | فتح,too_few_segments
لَفَتَحْنَا,1,لفتح | نا,ل | فتح | نا,too_few_segments
أَوَأَمِنَ,1,أوأمن,أ | و | أمن,too_few_segments
لَفَاسِقِينَ,1,لفاسق | ين,ل | فاسق | ين,too_few_segments
وَاسْتَرْهَبُوهُمْ,1,و | استرهبو | هم,و | استرهب | و | هم,too_few_segments
وَانْقَلَبُوا,1,و | ا | ن | قلب | وا,و | انقلب | وا,too_many_segments
وَأُلْقِيَ,1,و | ألق | ي,و | ألقي,too_many_segments
مَكَرْتُمُوهُ,1,مكر | تمو | ه,مكر | تم | و | ه,too_few_segments
لَأُصَلِّبَنَّكُمْ,1,لأصلبن | كم,ل | أ | صلب | ن | كم,too_few_segments
أَتَذَرُ,1,أ | تذر,أ | ت | ذر,too_few_segments
وَيَذَرَكَ,1,و | يذر | ك,و | ي | ذر | ك,too_few_segments
وَآلِهَتَكَ,1,و | آله | ة | ك,و | آله | ت | ك,wrong_content
يُورِثُهَا,1,يورث | ها,ي | ورث | ها,too_few_segments
وَيَسْتَخْلِفَكُمْ,1,و | ي | ستخلفكم,و | ي | ستخلف | كم,too_few_segments
لَنُؤْمِنَنَّ,1,لنؤمنن,ل | ن | ؤمن | ن,too_few_segments
وَلَنُرْسِلَنَّ,1,و | لنرسلن,و | ل | ن | رسل | ن,too_few_segments
بَالِغُوهُ,1,ب | ال | غوه,بالغ | و | ه,wrong_content
أَبْغِيكُمْ,1,أبغي | كم,أ | بغي | كم,too_few_segments
فَضَّلَكُمْ,1,ف | ضل | كم,فضل | كم,too_many_segments
مِيقَاتُ,1,ميق | ات,ميقات,too_many_segments
اخْلُفْنِي,1,اخلف | ني,ا | خلف | ن | ي,too_few_segments
أَنْظُرْ,1,أنظر,أ | نظر,too_few_segments
انْظُرْ,1,ا | نظر,أ | نظر,wrong_content
اسْتَقَرَّ,1,استقر,ٱستقر,wrong_content
اصْطَفَيْتُكَ,1,اصطفي | ة | ك,اصطفي | ت | ك,wrong_content
آتَيْتُكَ,1,آتي | ة | ك,آتي | ت | ك,wrong_content
سَأَصْرِفُ,1,سأصرف,س | أ | صرف,too_few_segments
اتَّخَذُوهُ,1,اتخذو | ه,اتخذ | و | ه,too_few_segments
خَلَفْتُمُونِي,1,خلف | تمو | ني,خلف | تم | و | ن | ي,too_few_segments
اسْتَضْعَفُونِي,1,استضعفو | ني,استضعف | و | ن | ي,too_few_segments
يَقْتُلُونَنِي,1,ي | قتلون | ني,ي | قتل | ون | ن | ي,too_few_segments
بِيَ,1,ب | ي,B | ى,wrong_content
وَلِأَخِي,1,و | ل | أخي,و | ل | أخ | ي,too_few_segments
رَحْمَتِكَ,1,رحم | ة | ك,رحم | ت | ك,wrong_content
سَيَنَالُهُمْ,1,س | ينال | هم,س | ي | نال | هم,too_few_segments
نُسْخَتِهَا,1,ن | سخت | ها,نسخ | ة | ها,wrong_content
أَهْلَكْتَهُمْ,1,أهلك | ة | هم,أهلك | ت | هم,wrong_content
فِتْنَتُكَ,1,فتن | ة | ك,فتن | ت | ك,wrong_content
وَاكْتُبْ,1,و | اكتب,و | ا | كتب,too_few_segments
أُصِيبُ,1,أصيب,أ | صيب,too_few_segments
أَشَاءُ,1,أشاء,أ | شاء,too_few_segments
وَرَحْمَتِي,1,و | رحم | ة | ي,و | رحم | ت | ي,wrong_content
وَسِعَتْ,1,و | سع | ت,وسع | ت,too_many_segments
فَسَأَكْتُبُهَا,1,ف | سأكتب | ها,ف | س | أ | كتب | ها,too_few_segments
الْأُمِّيَّ,1,ال | أمي,ال | أم | ي,too_few_segments
يَجِدُونَهُ,1,يجدون | ه,ي | جد | و | ن | ه,too_few_segments
وَيَضَعُ,1,و | يضع,و | ي | ضع,too_few_segments
وَعَزَّرُوهُ,1,و | عزرو | ه,و | عزر | و | ه,too_few_segments
وَنَصَرُوهُ,1,و | نصرو | ه,و | نصر | و | ه,too_few_segments
الْأُمِّيِّ,1,ال | أمي,ال | أم | ي,too_few_segments
وَاتَّبِعُوهُ,1,و | اتبعو | ه,و | اتبع | و | ه,too_few_segments
اثْنَتَيْ,1,ا | ثنت | ي,اثن | ت | ي,wrong_content
فَانْبَجَسَتْ,1,ف | ا | نبجس | ت,ف | انبجس | ت,too_many_segments
سَبْتِهِمْ,1,سب | ت | هم,سبت | هم,too_many_segments
نَبْلُوهُمْ,1,ن | بلو | هم,ن | بل | و | هم,too_few_segments
لَيَبْعَثَنَّ,1,ليبعثن,ل | ي | بعث | ن,too_few_segments
يَسُومُهُمْ,1,يسوم | هم,ي | سوم | هم,too_few_segments
لَسَرِيعُ,1,لسريع,ل | سريع,too_few_segments
وَرِثُوا,1,و | رث | وا,ورث | وا,too_many_segments
يَأْخُذُونَ,1,ي | أخذ | ون,ي | أخذ | و | ن,too_few_segments
يَأْخُذُوهُ,1,ي | أخذو | ه,ي | أخذ | و | ه,too_few_segments
يُمَسِّكُونَ,1,ي | مسك | ون,ي | مسك | و | ن,too_few_segments
نَتَقْنَا,1,ن | تق | نا,نتق | نا,too_many_segments
أَلَسْتُ,1,أ | لست,أ | لس | ت,too_few_segments
أَشْرَكَ,1,أشر | ك,أشرك,too_many_segments
أَفَتُهْلِكُنَا,1,أفتهلك | نا,أ | ف | ت | هلك | نا,too_few_segments
لَرَفَعْنَاهُ,1,لرفع | نا | ه,ل | رفع | نا | ه,too_few_segments
فَاقْصُصِ,1,ف | اقصص,ف | ا | قصص,too_few_segments
الْمُهْتَدِي,1,ال | مهتد | ي,ال | مهتدي,too_many_segments
هَادِيَ,1,هاد | ي,هادي,too_many_segments
وَيَذَرُهُمْ,1,و | يذر | هم,و | ي | ذر | هم,too_few_segments
لِوَقْتِهَا,1,ل | وق | ت | ها,ل | وقت | ها,too_many_segments
لَاسْتَكْثَرْتُ,1,لاستكثر | ت,ل | استكثر | ت,too_few_segments
فَمَرَّتْ,1,ف | مرت,ف | مر | ت,too_few_segments
آتَيْتَنَا,1,آتي | ة | نا,آتي | ت | نا,wrong_content
جَعَلَا,1,جعلا,جعل | ا,too_few_segments
يَتَّبِعُوكُمْ,1,يتبعو | كم,ي | تبع | و | كم,too_few_segments
أَدَعَوْتُمُوهُمْ,1,أدعو | تمو | هم,أ | دعو | تم | و | هم,too_few_segments
فَادْعُوهُمْ,1,ف | ا | دعو | هم,ف | ا | دع | و | هم,too_few_segments
أَلَهُمْ,1,أل | هم,أ | ل | هم,too_few_segments
كِيدُونِ,1,ك | يد | ون,كيد | و | ن,wrong_content
وَلِيِّيَ,1,و | لي | ي,ولي | ي,too_many_segments
نَصْرَكُمْ,1,ن | صر | كم,نصر | كم,too_many_segments
يَمُدُّونَهُمْ,1,ي | مدون | هم,ي | مد | و | ن | هم,too_few_segments
اجْتَبَيْتَهَا,1,اجتبي | ة | ها,اجتبي | ت | ها,wrong_content
وَأَنْصِتُوا,1,و | أنصت | وا,و | أ | نصت | وا,too_few_segments
وَيُسَبِّحُونَهُ,1,و | ي | سبحون | ه,و | ي | سبح | ون | ه,too_few_segments
لَكَارِهُونَ,1,لكاره | ون,ل | كاره | ون,too_few_segments
الطَّائِفَتَيْنِ,1,ال | طائفت | ين,ال | طائف | ت | ين,too_few_segments
وَتَوَدُّونَ,1,و | تود | ون,و | ت | ود | ون,too_few_segments
سَأُلْقِي,1,سألق | ي,س | أ | لقي,too_few_segments
فَذُوقُوهُ,1,ف | ذوقو | ه,ف | ذوق | و | ه,too_few_segments
تُوَلُّوهُمُ,1,تولو | هم,ت | ول | و | هم,too_few_segments
تَقْتُلُوهُمْ,1,ت | قتلو | هم,ت | قتل | و | هم,too_few_segments
مُوهِنُ,1,مو | هن,موهن,too_many_segments
فِئَتُكُمْ,1,فئت | كم,فئ | ت | كم,too_few_segments
تَوَلَّوْا,1,تول | وا,ت | ول | وا,too_few_segments
لَأَسْمَعَهُمْ,1,لأسمع | هم,ل | أسمع | هم,too_few_segments
لَتَوَلَّوْا,1,لتول | وا,ل | تول | وا,too_few_segments
تُصِيبَنَّ,1,تصيبن,ت | صيب | ن,too_few_segments
يَتَخَطَّفَكُمُ,1,يتخطف | كم,ي | تخطف | كم,too_few_segments
فَآوَاكُمْ,1,ف | آ | وا | كم,ف | آوا | كم,too_many_segments
لِيُثْبِتُوكَ,1,ل | ي | ثبتو | ك,ل | ي | ثبت | و | ك,too_few_segments
يَقْتُلُوكَ,1,ي | قتلو | ك,ي | قتل | و | ك,too_few_segments
يُخْرِجُوكَ,1,ي | خرجو | ك,ي | خرج | و | ك,too_few_segments
لَقُلْنَا,1,لقل | نا,ل | قل | نا,too_few_segments
فَأَمْطِرْ,1,ف | أمطر,ف | أ | مطر,too_few_segments
صَلَاتُهُمْ,1,صل | ات | هم,صلا | ت | هم,wrong_content
فَسَيُنْفِقُونَهَا,1,ف | س | ي | نفقون | ها,ف | س | ي | نفق | ون | ها,too_few_segments
لِيَمِيزَ,1,ل | يميز,ل | ي | ميز,too_few_segments
سُنَّتُ,1,س | نت,سن | ة,wrong_content
تَوَاعَدْتُمْ,1,ت | واعد | تم,تواعد | تم,too_many_segments
لَاخْتَلَفْتُمْ,1,لاختلف | تم,ل | اختلف | تم,too_few_segments
يُرِيكَهُمُ,1,ي | ريك | هم,ي | ري | ك | هم,too_few_segments
أَرَاكَهُمْ,1,أراك | هم,أرا | ك | هم,too_few_segments
لَفَشِلْتُمْ,1,لفشل | تم,ل | فشل | تم,too_few_segments
وَلَتَنَازَعْتُمْ,1,و | لتنازع | تم,و | ل | تنازع | تم,too_few_segments
يُرِيكُمُوهُمْ,1,ي | ريكمو | هم,ي | ري | كمو | هم,too_few_segments
الْتَقَيْتُمْ,1,ال | تقي | تم,التقي | تم,too_many_segments
تَنَازَعُوا,1,ت | نازع | وا,تنازع | وا,too_many_segments
تَرَاءَتِ,1,تراءت,تراء | ت,too_few_segments
الْفِئَتَانِ,1,ال | فئتان,ال | فئ | ت | ان,too_few_segments
تَثْقَفَنَّهُمْ,1,ت | ثقفن | هم,ت | ثقف | ن | هم,too_few_segments
تَخَافَنَّ,1,تخافن,ت | خاف | ن,too_few_segments
تَعْلَمُونَهُمُ,1,ت | علمون | هم,ت | علم | ون | هم,too_few_segments
يَخْدَعُوكَ,1,ي | خدعو | ك,ي | خدع | و | ك,too_few_segments
أَخَذْتُمْ,1,أ | خذ | تم,أخذ | تم,too_many_segments
فَأَمْكَنَ,1,ف | أم | كن,ف | أمكن,too_many_segments
وَلَايَتِهِمْ,1,و | لاي | ة | هم,ولاي | ت | هم,too_many_segments
اسْتَنْصَرُوكُمْ,1,استنصرو | كم,استنصر | و | كم,too_few_segments
تَفْعَلُوهُ,1,ت | فعلو | ه,ت | فعل | و | ه,too_few_segments
فَسِيحُوا,1,ف | س | يح | وا,ف | سيح | وا,too_many_segments
مُخْزِي,1,مخز | ي,مخزي,too_many_segments
يَنْقُصُوكُمْ,1,ي | نقصو | كم,ي | نقص | و | كم,too_few_segments
مُدَّتِهِمْ,1,مدت | هم,مد | ت | هم,too_few_segments
وَخُذُوهُمْ,1,و | خذو | هم,و | خذ | و | هم,too_few_segments
وَاحْصُرُوهُمْ,1,و | ا | حصرو | هم,و | ا | حصر | و | هم,too_few_segments
يُرْضُونَكُمْ,1,ي | رضون | كم,ي | رض | ون | كم,too_few_segments
بَدَءُوكُمْ,1,بدءو | كم,بدء | و | كم,too_few_segments
أَتَخْشَوْنَهُمْ,1,أ | ت | خشون | هم,أ | ت | خش | ون | هم,too_few_segments
تَخْشَوْهُ,1,ت | خشو | ه,ت | خشى | و | ه,too_few_segments
قَاتِلُوهُمْ,1,قاتلو | هم,قاتل | و | هم,too_few_segments
وَيَشْفِ,1,و | يشف,و | ي | شف,too_few_segments
وَلِيجَةً,1,و | ل | يج | ة,وليج | ة,too_many_segments
يَخْشَ,1,يخش,ي | خش,too_few_segments
وَعَشِيرَتُكُمْ,1,و | عشير | ة | كم,و | عشير | ت | كم,wrong_content
اقْتَرَفْتُمُوهَا,1,اقترف | تمو | ها,اقترف | تم | و | ها,too_few_segments
تَخْشَوْنَ,1,ت | خش | ون,ت | خشى | ون,wrong_content
وَمَسَاكِنُ,1,و | مسا | كن,و | مساكن,too_many_segments
تَرْضَوْنَهَا,1,ت | رضون | ها,ت | رضى | ون | ها,too_few_segments
كَثْرَتُكُمْ,1,كثر | ة | كم,كثر | ت | كم,wrong_content
وَلَّيْتُمْ,1,و | لي | تم,ولي | تم,too_many_segments
يُحَرِّمُونَ,1,ي | حرم | ون,ي | حرم | و | ن,too_few_segments
يُنْفِقُونَهَا,1,ي | نفقون | ها,ي | نفق | ون | ها,too_few_segments
اثْنَا,1,اث | نا,اثن | ا,wrong_content
يُحِلُّونَهُ,1,ي | حلون | ه,ي | حل | ون | ه,too_few_segments
وَيُحَرِّمُونَهُ,1,و | ي | حرمون | ه,و | ي | حرم | ون | ه,too_few_segments
تَضُرُّوهُ,1,ت | ضرو | ه,ت | ضر | ه,wrong_content
تَنْصُرُوهُ,1,ت | نصرو | ه,ت | نصر | و | ه,too_few_segments
السُّفْلَى,1,ال | سفلى,ال | سفلي,wrong_content
لَاتَّبَعُوكَ,1,لاتبعو | ك,ل | اتبع | و | ك,too_few_segments
وَسَيَحْلِفُونَ,1,و | س | ي | حلف | ون,و | س | ي | يحلف | ون,wrong_content
لَخَرَجْنَا,1,لخرج | نا,ل | خرج | نا,too_few_segments
لَأَعَدُّوا,1,لأعد | وا,ل | أعد | وا,too_few_segments
انْبِعَاثَهُمْ,1,ا | نبعاث | هم,انبعاث | هم,too_many_segments
زَادُوكُمْ,1,زادو | كم,زاد | و | كم,too_few_segments
وَلَأَوْضَعُوا,1,و | لأوضع | وا,و | ل | أوضع | وا,too_few_segments
يَبْغُونَكُمُ,1,ي | بغون | كم,ي | بغ | ون | كم,too_few_segments
تَفْتِنِّي,1,ت | فتن | ني,ت | فتن | ي,wrong_content
الْحُسْنَيَيْنِ,1,ال | حس | ني | ين,ال | حسني | ين,too_many_segments
يُتَقَبَّلَ,1,يتقبل,ي | تقبل,too_few_segments
لَمِنْكُمْ,1,لمن | كم,ل | من | كم,too_few_segments
لَوَلَّوْا,1,لول | وا,ل | ول | وا,too_few_segments
يَسْخَطُونَ,1,ي | سخط | ون,ي | سخط | و | ن,too_few_segments
لِيُرْضُوكُمْ,1,ل | ي | رضو | كم,ل | ي | رض | و | كم,too_few_segments
يُرْضُوهُ,1,ي | رضو | ه,ي | رض | و | ه,too_few_segments
يُحَادِدِ,1,يحادد,ي | حادد,too_few_segments
اسْتَهْزِئُوا,1,استهزئ | وا,ا | ستهزئ | وا,too_few_segments
أَبِاللَّهِ,1,أبالل | ه,أ | ب | الله,too_few_segments
نَعْفُ,1,نعف,ن | عف,too_few_segments
أَتَتْهُمْ,1,أ | ت | تهم,أت | ت | هم,wrong_content
أَغْنَاهُمُ,1,أغ | نا | هم,أغنا | هم,too_many_segments
لَنَصَّدَّقَنَّ,1,لنصدقن,ل | ن | صدق | ن,too_few_segments
وَلَنَكُونَنَّ,1,و | لنكونن,و | ل | ن | كون | ن,too_few_segments
وَعَدُوهُ,1,و | عدو | ه,وعد | و | ه,wrong_content
فَلْيَضْحَكُوا,1,فليضحك | وا,ف | ل | ي | ضحك | وا,too_few_segments
وَلْيَبْكُوا,1,وليبك | وا,و | ل | ي | بك | وا,too_few_segments
رَجَعَكَ,1,رجع | ك,رجع,too_many_segments
فَاسْتَأْذَنُوكَ,1,ف | استأذنو | ك,ف | استأذن | و | ك,too_few_segments
الْمُعَذِّرُونَ,1,ال | معذر | ون,ال | معذر,too_many_segments
نَصَحُوا,1,ن | صح | وا,نصح | وا,too_many_segments
أَتَوْكَ,1,أ | توك,أت | و | ك,too_few_segments
أَحْمِلُكُمْ,1,أحمل | كم,أ | حمل | كم,too_few_segments
يَعْتَذِرُونَ,1,ي | عتذر | ون,ي | عتذر | و | ن,too_few_segments
وَسَيَرَى,1,و | س | يرى,و | س | ي | رى,too_few_segments
تَرْضَوْا,1,ت | رض | وا,ت | رضى | وا,wrong_content
وَيَتَرَبَّصُ,1,و | يتربص,و | ي | تربص,too_few_segments
وَيَتَّخِذُ,1,و | يتخذ,و | ي | تخذ,too_few_segments
اتَّبَعُوهُمْ,1,اتبعو | هم,اتبع | و | هم,too_few_segments
سَيِّئَاً,1,س | يئ | ا,سيئ | ا,too_many_segments
صَلَاتَكَ,1,صل | ات | ك,ال | صلا | ة | ك,too_few_segments
فَسَيَرَى,1,ف | س | يرى,ف | س | ي | رى,too_few_segments
وَلَيَحْلِفُنَّ,1,و | ليحلفن,و | ل | ي | حلف | ن,too_few_segments
فَرِيقٍ,1,ف | ريق,فريق,too_many_segments
يَقْطَعُونَ,1,ي | قطع | ون,ي | قطع | و | ن,too_few_segments
يَلُونَكُمْ,1,يلون | كم,ي | ل | ون | كم,too_few_segments
وَلْيَجِدُوا,1,وليجد | وا,و | ل | ي | جد | وا,too_few_segments
انْصَرَفُوا,1,ا | ن | صرف | وا,انصرف | وا,too_many_segments
أَكَانَ,1,أكان,أ | كان,too_few_segments
أَنْذِرِ,1,أنذر,أ | نذر,too_few_segments
وَاطْمَأَنُّوا,1,و | ا | طمأن | وا,و | اطمأن | وا,too_many_segments
مَأْوَاهُمُ,1,مأ | وا | هم,مأوا | هم,too_many_segments
وَتَحِيَّتُهُمْ,1,و | ت | حيت | هم,و | تحي | ة | هم,wrong_content
فَنَذَرُ,1,ف | نذر,ف | ن | ذر,too_few_segments
أُبَدِّلَهُ,1,أبدل | ه,أ | بدل | ه,too_few_segments
تِلْقَاءِ,1,ت | لقاء,تلقاء,too_many_segments
عُمُرَاً,1,عمر | ا,ال | عمر | ا,too_few_segments
وَجَرَيْنَ,1,و | جر | ين,و | جري | ن,wrong_content
أَنْجَيْتَنَا,1,أنجي | ة | نا,أنجي | ت | نا,wrong_content
أَخَذَتِ,1,أخذت,أخذ | ت,too_few_segments
وَازَّيَّنَتْ,1,و | از | ين | ت,و | ازين | ت,too_many_segments
تَغْنَ,1,تغن,ت | غن,too_few_segments
تَبْلُو,1,ت | ب | لو,ت | بلو,too_many_segments
فَذَلِكُمُ,1,ف | ذل | كم,ف | ذلك | كم,wrong_content
يُتَّبَعَ,1,يتبع,ي | تبع,too_few_segments
يَهِدِّي,1,ي | هد | ي,ي | هدي,too_many_segments
أَثُمَّ,1,أثم,أ | ثم,too_few_segments
وَيَسْتَنْبِئُونَكَ,1,و | ي | ستنبئونك,و | ي | ستنبئ | ون | ك,too_few_segments
لَافْتَدَتْ,1,لافتد | ت,ل | افتد | ت,too_few_segments
فَلْيَفْرَحُوا,1,فليفرح | وا,ف | ل | ي | فرح | وا,too_few_segments
وَتَذْكِيرِي,1,و | ت | ذكير | ي,و | تذكير | ي,too_many_segments
أَسِحْرٌ,1,أسحر,أ | سحر,too_few_segments
تَبَوَّآ,1,ت | بوآ,تبوء | ا,wrong_content
بُيُوتَكُمْ,1,بيو | ة | كم,بيوت | كم,too_many_segments
وَاشْدُدْ,1,و | ا | شدد,و | اشدد,too_many_segments
دَعْوَتُكُمَا,1,دعو | ة | كما,دعو | ت | كما,wrong_content
فَاسْتَقِيمَا,1,ف | استقيما,ف | استقيم | ا,too_few_segments
تَتَّبِعَانِّ,1,تتبعان,ت | تبع | ان,too_few_segments
وَعَدْوَاً,1,و | عد | وا,عدو | ا,too_many_segments
لَغَافِلُونَ,1,لغافل | ون,ل | غافل | ون,too_few_segments
لَآمَنَ,1,لآمن,ل | آمن,too_few_segments
نُنْجِ,1,ننج,ن | نج,too_few_segments
أَقِمْ,1,أقم,أ | قم,too_few_segments
يُرِدْكَ,1,يرد | ك,ي | رد | ك,too_few_segments
أُحْكِمَتْ,1,أح | كم | ت,أحكم | ت,too_many_segments
نَزَعْنَاهَا,1,نزع | نا | ها,ن | زع | نا | ها,too_few_segments
نَعْمَاءَ,1,ن | عماء,نعماء,too_many_segments
فَخُورٌ,1,ف | خور,فخور,too_many_segments
فَإِلَّمْ,1,ف | إلم,ف | أن | لم,too_few_segments
وَيَتْلُوهُ,1,و | ي | تلو | ه,و | ي | تل | و | ه,too_few_segments
مَوْعِدُهُ,1,موعد | ه,عام | ه,wrong_content
بَادِيَ,1,باد | ي,بادي,too_many_segments
أَنُلْزِمُكُمُوهَا,1,أ | ن | لزمكمو | ها,أ | ن | لزم | كم | و | ها,too_few_segments
طَرَدْتُهُمْ,1,طرد | ة | هم,طرد | ت | هم,wrong_content
تَزْدَرِي,1,ت | زدر | ي,ت | زدري,too_many_segments
جَادَلْتَنَا,1,جادل | ة | نا,جادل | ت | نا,wrong_content
نُصْحِي,1,ن | صحي,نصح | ي,wrong_content
أَنْصَحَ,1,أنصح,أ | نصح,too_few_segments
فَعَلَيَّ,1,ف | على | ي,ف | على,too_many_segments
وَاصْنَعِ,1,و | اصنع,و | ا | صنع,too_few_segments
ارْكَبُوا,1,ا | ركب | وا,اركب | وا,too_many_segments
ارْكَبْ,1,ا | ركب,اركب,too_many_segments
سَآوِي,1,سآو | ي,س | آوي,wrong_content
يَعْصِمُنِي,1,ي | عصم | ني,ي | عصم | ن | ي,too_few_segments
وَيَاسَمَاءُ,1,و | ياسماء,و | سماء | يا,too_few_segments
ابْنِي,1,اب | ني,ابن | ي,wrong_content
أَحْكَمُ,1,أح | كم,أحكم,too_many_segments
تَسْأَلْنِ,1,ت | سألن,ت | سأل | ن,too_few_segments
أَعِظُكَ,1,أعظ | ك,أ | عظ | ك,too_few_segments
أَسْأَلَكَ,1,أسأل | ك,أ | سأل | ك,too_few_segments
نُوحِيهَا,1,نوحي | ها,ن | وحي | ها,too_few_segments
وَيَزِدْكُمْ,1,و | يزد | كم,و | ي | زد | كم,too_few_segments
قُوَّتِكُمْ,1,قوت | كم,قو | ة | كم,too_few_segments
أُشْهِدُ,1,أشهد,أ | شهد,too_few_segments
فَكِيدُونِي,1,ف | ك | يدو | ني,ف | كيد | و | ن | ي,too_few_segments
بِنَاصِيَتِهَا,1,ب | ناصيت | ها,ب | ناصي | ت | ها,too_few_segments
تَضُرُّونَهُ,1,ت | ضرون | ه,ت | ضر | ون | ه,too_few_segments
لِعَادٍ,1,لعاد,ل | عاد,too_few_segments
فَاسْتَغْفِرُوهُ,1,ف | استغفرو | ه,ف | ا | ستغفر | و | ه,too_few_segments
مَرْجُوَّاً,1,مرج | وا,مرجو | ا,wrong_content
عَصَيْتُهُ,1,عصي | ة | ه,عصي | ت | ه,wrong_content
تَزِيدُونَنِي,1,تزيدون | ني,ت | زيد | ون | ن | ي,too_few_segments
تَصِلُ,1,تصل,ت | صل,too_few_segments
يَاوَيْلَتِى,1,يا | ويلتى,يا | ويل | ت | ى,too_few_segments
أَأَلِدُ,1,أ | ألد,أ | أ | لد,too_few_segments
رَحْمَتُ,1,رحمت,رحم | ة,too_few_segments
لَتَعْلَمُ,1,لتعلم,ل | ت | علم,too_few_segments
آوِي,1,آو | ي,أ | أ,wrong_content
بَقِيَّتُ,1,بقيت,بقي | ة,too_few_segments
أَصَلَاتُكَ,1,أصل | ات | ك,أ | صلا | ة | ك,too_few_segments
وَرَزَقَنِي,1,و | رزق | ني,و | رزق | ن | ي,too_few_segments
أُخَالِفَكُمْ,1,أخالف | كم,أ | خالف | كم,too_few_segments
أَنْهَاكُمْ,1,أن | ها | كم,أنها | كم,too_many_segments
تَوْفِيقِي,1,ت | وفيق | ي,توفيق | ي,too_many_segments
وَدُودٌ,1,و | دود,ودود,too_many_segments
لَرَجَمْنَاكَ,1,لرجم | نا | ك,ل | رجم | نا | ك,too_few_segments
أَرَهْطِي,1,أرهط | ي,أ | رهط | ي,too_few_segments
وَاتَّخَذْتُمُوهُ,1,و | اتخذ | تمو | ه,و | اتخذ | تم | و | ه,too_few_segments
ظِهْرِيَّاً,1,ظهري | ا,ظهر | ي | ا,too_few_segments
وَأَخَذَتِ,1,و | أخذت,و | أخذ | ط,too_few_segments
لِمَدْيَنَ,1,ل | مد | ين,ل | مدين,too_many_segments
آلِهَتُهُمُ,1,آله | ة | هم,ال | آله | ت | هم,too_few_segments
زَادُوهُمْ,1,زادو | هم,زاد | و | هم,too_few_segments
تَكَلَّمُ,1,ت | ك | لم,ت | كلم,too_many_segments
مَا دَامَتْ,1,ما دام | ت,ما | دام | ت,too_few_segments
دَامَتِ,1,دامت,دام | ت,too_few_segments
لَمُوَفُّوهُمْ,1,لموفو | هم,ل | موف | و | هم,too_few_segments
لَيُوَفِّيَنَّهُمْ,1,ليوفين | هم,ل | ي | وفي | ن | هم,too_few_segments
يُذْهِبْنَ,1,ي | ذهبن,ي | ذهب | ن,too_few_segments
رَأَيْتُهُمْ,1,رأي | ة | هم,رأي | ت | هم,wrong_content
فَيَكِيدُوا,1,ف | ي | ك | يد | وا,ف | ي | كيد | وا,too_many_segments
أَتَمَّهَا,1,أ | تم | ها,أتم | ها,too_many_segments
أَبَوَيْكَ,1,أبوي | ك,أبو | ي | ك,too_few_segments
لَيُوسُفُ,1,ليوسف,ل | يوسف,too_few_segments
اطْرَحُوهُ,1,اطرحو | ه,ا | طرح | و | ه,too_few_segments
يَخْلُ,1,يخل,ي | خل,too_few_segments
وَأَلْقُوهُ,1,و | ألقو | ه,و | ألق | و | ه,too_few_segments
تَأْمَنَّا,1,ت | أمن | نا,ت | أم | نا,wrong_content
لَنَاصِحُونَ,1,لناصح | ون,ل | ناصح | ون,too_few_segments
لَيَحْزُنُنِي,1,ليحزن | ني,ل | ي | حزن | ن | ي,too_few_segments
وَأَخَافُ,1,و | أخاف,و | أ | خاف,too_few_segments
يَجْعَلُوهُ,1,ي | جعلو | ه,ي | جعل | و | ه,too_few_segments
لَتُنَبِّئَنَّهُمْ,1,لتنبئن | هم,ل | ت | نبئ | ن | هم,too_few_segments
بِدَمٍ,1,بدم,ب | دم,too_few_segments
سَيَّارَةٌ,1,س | يار | ة,سيار | ة,too_many_segments
وَارِدَهُمْ,1,و | ارد | هم,وارد | هم,too_many_segments
وَأَسَرُّوهُ,1,و | أسرو | ه,و | أسر | و | ه,too_few_segments
بِضَاعَةً,1,ب | ضاع | ة,بضاع | ة,too_many_segments
وَشَرَوْهُ,1,و | شرو | ه,و | شر | و | ه,too_few_segments
دَرَاهِمَ,1,درا | هم,دراهم,too_many_segments
لِامْرَأَتِهِ,1,ل | امرأ | ة | ه,ل | امرأ | ت | ه,wrong_content
مَثْوَاهُ,1,مث | وا | ه,مثوا | ه,too_many_segments
بَيْتِهَا,1,بي | ت | ها,بيت | ها,too_many_segments
وَغَلَّقَتِ,1,و | غلقت,و | غلق | ت,too_few_segments
هَيْتَ,1,هي | ت,هيت,too_many_segments
مَثْوَايَ,1,مث | وا | ي,مثوا | ي,too_many_segments
وَاسْتَبَقَا,1,و | استبقا,و | استبق | ا,too_few_segments
وَقَدَّتْ,1,و | قدت,و | قد | ت,too_few_segments
وَأَلْفَيَا,1,و | ألفيا,و | ألفي | ا,too_few_segments
سَيِّدَهَا,1,س | يد | ها,سيد | ها,too_many_segments
رَاوَدَتْنِي,1,راود | ت | ني,راود | ت | ن | ي,too_few_segments
وَاسْتَغْفِرِي,1,و | استغفر | ي,و | ا | ستغفر | ي,too_few_segments
تُرَاوِدُ,1,تراود,ت | راود,too_few_segments
فَتَاهَا,1,ف | تا | ها,فتى | ها,too_many_segments
لَنَرَاهَا,1,لنرا | ها,ل | ن | را | ها,too_few_segments
رَأَيْنَهُ,1,رأين | ه,رأي | ن | ه,too_few_segments
أَكْبَرْنَهُ,1,أكبرن | ه,أكبر | ن | ه,too_few_segments
وَقَطَّعْنَ,1,و | قطعن,و | قطع | ن,too_few_segments
فَذَلِكُنَّ,1,ف | ذل | كن,ف | ذلك | ن,wrong_content
لُمْتُنَّنِي,1,لم | تن | ني,لم | تن | ن | ي,too_few_segments
آمُرُهُ,1,آمر | ه,أ | أمر | ه,too_few_segments
لَيُسْجَنَنَّ,1,ليسجنن,ل | ي | سجن | ن,too_few_segments
وَلَيَكُونَاً,1,و | ل | يكون | ا,و | ل | ي | كون | ا,too_few_segments
يَدْعُونَنِي,1,ي | دعون | ني,ي | دع | و | ن | ن | ي,too_few_segments
أَصْبُ,1,أصب,أ | صب,too_few_segments
لَيَسْجُنُنَّهُ,1,ليسجنن | ه,ل | ي | سجن | ن | ه,too_few_segments
فَتَيَانِ,1,ف | تيان,فتى | ان,wrong_content
أَعْصِرُ,1,أعصر,أ | عصر,too_few_segments
أَحْمِلُ,1,أحمل,أ | حمل,too_few_segments
ذَلِكُمَا,1,ذل | كما,ذلك | ما,wrong_content
عَلَّمَنِي,1,علم | ني,علم | ن | ي,too_few_segments
اذْكُرْنِي,1,اذكر | ني,ا | ذكر | ن | ي,too_few_segments
فَأَرْسِلُونِ,1,ف | أرسل | ون,ف | أرسل | و | ن,too_few_segments
أَفْتِنَا,1,أف | ت | نا,أ | فت | نا,wrong_content
أَرْجِعُ,1,أرجع,أ | رجع,too_few_segments
فَذَرُوهُ,1,ف | ذرو | ه,ف | ذر | و | ه,too_few_segments
سُنْبُلِهِ,1,س | نبل | ه,سنبل | ه,too_many_segments
يَأْكُلْنَ,1,ي | أكلن,ي | أكل | ن,too_few_segments
فَاسْأَلْهُ,1,ف | اسأل | ه,ف | ا | سأل | ه,too_few_segments
قَطَّعْنَ,1,قطعن,قطع | ن,too_few_segments
قُلْنَ,1,قلن,قل | ن,too_few_segments
أَخُنْهُ,1,أخن | ه,أ | خن | ه,too_few_segments
أُبَرِّئُ,1,أبرئ,أ | برئ,too_few_segments
أَسْتَخْلِصْهُ,1,أستخلص | ه,أ | ستخلص | ه,too_few_segments
يَتَبَوَّأُ,1,يتبوأ,ي | تبوأ,too_few_segments
نُصِيبُ,1,ن | صيب,نصيب,too_many_segments
بِرَحْمَتِنَا,1,ب | رحم | ة | نا,ب | رحم | ت | نا,wrong_content
بِأَخٍ,1,بأخ,ب | أخ,too_few_segments
أُوفِي,1,أوف | ي,أ | وفي,wrong_content
تَأْتُونِي,1,ت | أتو | ني,ت | أت | ون | ي,too_few_segments
سَنُرَاوِدُ,1,س | نراود,س | ن | راود,too_few_segments
لَفَاعِلُونَ,1,لفاعل | ون,ل | فاعل | ون,too_few_segments
يَعْرِفُونَهَا,1,ي | عرفون | ها,ي | عرف | ون | ها,too_few_segments
أَمِنْتُكُمْ,1,أمن | ة | كم,أمن | ت | كم,wrong_content
فَتَحُوا,1,ف | ت | حوا,فتح | وا,too_many_segments
وَجَدُوا,1,و | جد | وا,وجد | وا,too_many_segments
بِضَاعَتُنَا,1,ب | ضاع | ة | نا,بضاع | ة | نا,too_many_segments
أُرْسِلَهُ,1,أرسل | ه,أ | رسل | ه,too_few_segments
لَتَأْتُنَّنِي,1,لتأ | تن | ني,ل | ت | أت | ن | ن | ي,too_few_segments
يُحَاطَ,1,يحاط,ي | حاط,too_few_segments
آتَوْهُ,1,آتو | ه,آت | و | ه,too_few_segments
أُغْنِي,1,أغ | ني,أ | غني,wrong_content
أَيَّتُهَا,1,أيت | ها,أي | ت | ها,too_few_segments
لَسَارِقُونَ,1,لسارق | ون,ل | سارق | ون,too_few_segments
وُجِدَ,1,و | جد,وجد,too_many_segments
كِدْنَا,1,ك | دنا,كد | نا,wrong_content
لَظَالِمُونَ,1,لظالم | ون,ل | ظالم | ون,too_few_segments
فَرَّطْتُمْ,1,ف | رط | تم,فرط | تم,too_many_segments
أَبْرَحَ,1,أبرح,أ | برح,too_few_segments
وَاسْأَلِ,1,و | اسأل,و | ا | سأل,too_few_segments
يَأْتِيَنِي,1,ي | أتي | ني,ي | أتي | ن | ي,too_few_segments
يَاأَسَفَى,1,يا | أسفى,يا | أسف | ى,too_few_segments
وَابْيَضَّتْ,1,و | ا | بيض | ت,و | ابيض | ت,too_many_segments
عَيْنَاهُ,1,عي | نا | ه,عين | ا | ه,wrong_content
أَشْكُو,1,أشكو,أ | شكو,too_few_segments
وَحُزْنِي,1,و | حز | ني,و | حزن | ي,wrong_content
وَتَصَدَّقْ,1,و | ت | صدق,و | تصدق,too_many_segments
لَخَاطِئِينَ,1,لخاطئ | ين,ل | خاطئ | ين,too_few_segments
تَثْرِيبَ,1,ت | ثريب,تثريب,too_many_segments
فَصَلَتِ,1,ف | صلت,فصل | ت,wrong_content
لَأَجِدُ,1,لأجد,ل | أ | جد,too_few_segments
أَسْتَغْفِرُ,1,أستغفر,أ | ستغفر,too_few_segments
أَخْرَجَنِي,1,أخرج | ني,أخرج | ن | ي,too_few_segments
إِخْوَتِي,1,إخو | ة | ي,إخو | ت | ي,wrong_content
آتَيْتَنِي,1,آتي | ة | ني,آتي | ت | ن | ي,too_few_segments
وَعَلَّمْتَنِي,1,و | علم | ة | ني,و | علم | ت | ن | ي,too_few_segments
وَلِيِّي,1,و | لي | ي,ولي | ي,too_many_segments
تَوَفَّنِي,1,ت | وف | ني,توف | ن | ي,wrong_content
اتَّبَعَنِي,1,اتبع | ني,اتبع | ن | ي,too_few_segments
فَنُجِّيَ,1,ف | نج | ي,ف | نجي,too_many_segments
المر,1,ال | مر,المر,too_many_segments
تُوقِنُونَ,1,توقن | ون,ت | وقن | ون,too_few_segments
صِنْوَانٌ,1,صنوان,صنو | ان,too_few_segments
صِنْوَانٍ,1,صنوان,صنو | ان,too_few_segments
لَشَدِيدُ,1,لشديد,ل | شديد,too_few_segments
يَحْفَظُونَهُ,1,ي | حفظون | ه,ي | حفظ | ون | ه,too_few_segments
خِيفَتِهِ,1,خيف | ة | ه,خيف | ت | ه,wrong_content
كَبَاسِطِ,1,كباسط,ك | باسط,too_few_segments
فَاهُ,1,ف | اه,فا | ه,wrong_content
أَفَاتَّخَذْتُمْ,1,أ | فاتخذ | تم,أ | ف | اتخذ | تم,too_few_segments
كَخَلْقِهِ,1,كخلق | ه,ك | خلق | ه,too_few_segments
فَتَشَابَهَ,1,ف | تشاب | ه,ف | تشاب,too_many_segments
سَمُّوهُمْ,1,سمو | هم,سم | و | هم,too_few_segments
تُنَبِّئُونَهُ,1,ت | نبئون | ه,ت | نبئ | ون | ه,too_few_segments
أُشْرِكَ,1,أشر | ك,أ | شرك,wrong_content
وَذُرِّيَّةً,1,و | ذري | ة,و | ذر | ي | ة,too_few_segments
لَأَزِيدَنَّكُمْ,1,لأزيدن | كم,ل | أ | زيد | ن | كم,too_few_segments
تَدْعُونَنَا,1,ت | دعون | نا,ت | دع | ون | نا,too_few_segments
تَصُدُّونَا,1,تصدو | نا,ت | صد | و | نا,too_few_segments
فَأْتُونَا,1,فأتو | نا,ف | أت | و | نا,too_few_segments
نَتَوَكَّلَ,1,نتوكل,ن | توكل,too_few_segments
وَلَنَصْبِرَنَّ,1,و | لنصبرن,و | ل | ن | صبر | ن,too_few_segments
آذَيْتُمُونَا,1,آذي | تمو | نا,آذي | تم | و | نا,too_few_segments
لَنُخْرِجَنَّكُمْ,1,لنخرجن | كم,ل | ن | خرج | ن | كم,too_few_segments
لَنُهْلِكَنَّ,1,لنهل | كن,ل | ن | هلك | ن,too_few_segments
وَلَنُسْكِنَنَّكُمُ,1,و | لنس | كنن | كم,و | ل | ن | سكن | ن | كم,too_few_segments
يَتَجَرَّعُهُ,1,يتجرع | ه,ي | تجرع | ه,too_few_segments
يُسِيغُهُ,1,يسيغ | ه,ي | سيغ | ه,too_few_segments
كَرَمَادٍ,1,كرماد,ك | رماد,too_few_segments
لَهَدَيْنَاكُمْ,1,لهدي | نا | كم,ل | هدي | نا | كم,too_few_segments
أَجَزِعْنَا,1,أجزع | نا,أ | جزع | نا,too_few_segments
وَعَدَكُمْ,1,و | عد | كم,وعد | كم,too_many_segments
وَوَعَدْتُكُمْ,1,و | وعد | ة | كم,و | وعد | ت | كم,wrong_content
فَأَخْلَفْتُكُمْ,1,ف | أخلف | ة | كم,ف | أخلف | ت | كم,wrong_content
دَعَوْتُكُمْ,1,دعو | ة | كم,دعو | ت | كم,wrong_content
تَلُومُونِي,1,تلومو | ني,ت | لوم | و | ن | ي,too_few_segments
بِمُصْرِخِيَّ,1,ب | مصرخي,ب | مصرخ | ي,too_few_segments
أَشْرَكْتُمُونِ,1,أشرك | تم | ون,أشرك | تم | و | ن,too_few_segments
سَأَلْتُمُوهُ,1,سأل | تمو | ه,سأل | تم | و | ه,too_few_segments
وَاجْنُبْنِي,1,و | اجنب | ني,و | ا | جنب | ن | ي,too_few_segments
وَبَنِيَّ,1,و | ب | ني,و | بن | ي,wrong_content
أَضْلَلْنَ,1,أضللن,أضلل | ن,too_few_segments
تَبِعَنِي,1,تبع | ني,تبع | ن | ي,too_few_segments
عَصَانِي,1,عصا | ني,عصا | ن | ي,too_few_segments
أَسْكَنْتُ,1,أس | كن | ت,أسكن | ت,too_many_segments
بِوَادٍ,1,بواد,ب | واد,too_few_segments
وَهَبَ,1,و | هب,وهب,too_many_segments
لَسَمِيعُ,1,لسميع,ل | سميع,too_few_segments
وَتَقَبَّلْ,1,و | ت | قبل,و | تقبل,too_many_segments
وَأَفْئِدَتُهُمْ,1,و | أفئد | ة | هم,و | أفئد | ت | هم,wrong_content
دَعْوَتَكَ,1,دعو | ة | ك,دعو | ت | ك,wrong_content
وَنَتَّبِعِ,1,و | نتبع,و | ن | تبع,too_few_segments
مَسَاكِنِ,1,مسا | كن,مساكن,too_many_segments
وَتَبَيَّنَ,1,و | ت | بين,و | تبين,too_many_segments
فَعَلْنَا,1,ف | عل | نا,فعل | نا,too_many_segments
لِتَزُولَ,1,ل | تزول,ل | ت | زول,too_few_segments
وَلِيَذَّكَّرَ,1,و | ل | يذكر,و | ل | ي | ذكر,too_few_segments
رُبَمَا,1,ربما,رب | ما,too_few_segments
لَوْمَا,1,لوما,لو | ما,too_few_segments
مَوْزُونٍ,1,موز | ون,موزون,too_many_segments
فَأَسْقَيْنَاكُمُوهُ,1,ف | أسقيناكمو | ه,ف | أسقي | نا | كم | و | ه,too_few_segments
لِأَسْجُدَ,1,ل | أسجد,ل | أ | سجد,too_few_segments
خَلَقْتَهُ,1,خلق | ة | ه,خلق | ت | ه,wrong_content
لَأُزَيِّنَنَّ,1,لأزينن,ل | أ | زين | ن,too_few_segments
وَلَأُغْوِيَنَّهُمْ,1,و | لأغوين | هم,و | ل | أ | غوي | ن | هم,too_few_segments
لَمَوْعِدُهُمْ,1,لموعد | هم,ل | موعد | هم,too_few_segments
وَجِلُونَ,1,و | جل | ون,وجل | ون,too_many_segments
أَبَشَّرْتُمُونِي,1,أبشر | تمو | ني,أ | بشر | تم | و | ن | ي,too_few_segments
فَبِمَ,1,ف | بم,ف | ب | م,too_few_segments
لَمُنَجُّوهُمْ,1,لمنجو | هم,ل | منج | و | هم,too_few_segments
نَنْهَكَ,1,ن | نهك,ن | نه | ك,too_few_segments
لَعَمْرُكَ,1,لعمر | ك,ل | عمر | ك,too_few_segments
سَكْرَتِهِمْ,1,سكر | ة | هم,سكر | ت | هم,wrong_content
لَظَالِمِينَ,1,لظالم | ين,ل | ظالم | ين,too_few_segments
فَاصْفَحِ,1,ف | اصفح,ف | ا | صفح,too_few_segments
الْمَثَانِي,1,ال | مثا | ني,ال | مثاني,too_many_segments
عِضِينَ,1,عضين,عض | ين,too_few_segments
لَنَسْأَلَنَّهُمْ,1,لنسألن | هم,ل | ن | سأل | ن | هم,too_few_segments
تَسْتَعْجِلُوهُ,1,ت | ستعجلوه,ت | ستعجل | و | ه,too_few_segments
أَنْذِرُوا,1,أنذر | وا,أ | نذر | وا,too_few_segments
بَالِغِيهِ,1,ب | ال | غيه,بالغ | ي | ه,wrong_content
بِشِقِّ,1,بشق,ب | شق,too_few_segments
لِتَرْكَبُوهَا,1,ل | ت | ركبو | ها,ل | ت | ركب | و | ها,too_few_segments
يُضِلُّونَهُمْ,1,ي | ضلون | هم,ي | ضل | ون | هم,too_few_segments
فَلَبِئْسَ,1,ف | لبئس,ف | ل | بئس,too_few_segments
نَقُولَ,1,نقول,ن | قول,too_few_segments
تَقَلُّبِهِمْ,1,ت | قلب | هم,تقلب | هم,too_many_segments
يَتَفَيَّأُ,1,يتفيأ,ي | تفيأ,too_few_segments
يَتَوَارَى,1,يتوارى,ي | توارى,too_few_segments
وَتَصِفُ,1,و | تصف,و | ت | صف,too_few_segments
أَلْسِنَتُهُمُ,1,ألسن | ة | هم,ألسن | ت | هم,wrong_content
وَلِيُّهُمُ,1,و | ل | ي | هم,ولي | هم,too_many_segments
وَدَمٍ,1,ودم,و | دم,too_few_segments
لَبَنَاً,1,ل | ب | نا,لبن | ا,too_many_segments
كُلِي,1,كلي,كل | ي,too_few_segments
فَاسْلُكِي,1,ف | اسلك | ي,ف | ا | سلك | ي,too_few_segments
فُضِّلُوا,1,ف | ضل | وا,فضل | وا,too_many_segments
أَفَبِنِعْمَةِ,1,أفبنعم | ة,أ | ف | ب | نعم | ة,too_few_segments
وَبِنِعْمَتِ,1,و | ب | ن | عمت,و | ب | نعم | ت,wrong_content
أَبْكَمُ,1,أب | كم,أبكم,too_many_segments
كَلَمْحِ,1,كلمح,ك | لمح,too_few_segments
تَسْتَخِفُّونَهَا,1,ت | ستخفونها,ت | ستخف | ون | ها,too_few_segments
إِقَامَتِكُمْ,1,إقام | ة | كم,إقام | ت | كم,wrong_content
تَقِيكُمُ,1,تقي | كم,ت | قي | كم,too_few_segments
تَقِيكُمْ,1,تقي | كم,ت | قي | كم,too_few_segments
يُنْكِرُونَهَا,1,ي | نكرون | ها,ي | نكر | ون | ها,too_few_segments
وَيَنْهَى,1,و | ي | نهى,و | ي | نهي,wrong_content
تَوْكِيدِهَا,1,ت | وكيد | ها,توكيد | ها,too_many_segments
وَلَيُبَيِّنَنَّ,1,و | ليبينن,و | ل | ي | بين | ن,too_few_segments
وَلَتُسْأَلُنَّ,1,و | لتسألن,و | ل | ت | سأل | ن,too_few_segments
ثُبُوتِهَا,1,ثبو | ة | ها,ثبوت | ها,too_many_segments
وَتَذُوقُوا,1,و | ت | ذوق | وا,ف | ت | ذوق | وا,wrong_content
وَلَنَجْزِيَنَّ,1,و | لنجز | ين,و | ل | ن | جزي | ن,too_few_segments
فَلَنُحْيِيَنَّهُ,1,ف | لنحيين | ه,ف | ل | ن | حيي | ن | ه,too_few_segments
يَتَوَلَّوْنَهُ,1,يتولون | ه,ي | تول | ون | ه,too_few_segments
لِسَانُ,1,ل | سان,لسان,too_many_segments
أَعْجَمِيٌّ,1,أعجمي,أعجم | ي,too_few_segments
عَرَبِيٌّ,1,عربي,عرب | ي,too_few_segments
يَفْتَرِي,1,ي | فتر | ي,ي | فتري,too_many_segments
أُكْرِهَ,1,أكر | ه,أكره,too_many_segments
لَا جَرَمَ,1,لا جرم,لا | جرم,too_few_segments
فُتِنُوا,1,ف | ت | نوا,فتن | وا,too_many_segments
تُجَادِلُ,1,تجادل,ت | جادل,too_few_segments
نَفْسِهَا,1,ن | فس | ها,نفس | ها,too_many_segments
وَتُوَفَّى,1,و | توفى,و | ت | وفى,too_few_segments
لِبَاسَ,1,ل | باس,لباس,too_many_segments
تَصِفُ,1,تصف,ت | صف,too_few_segments
أَلْسِنَتُكُمُ,1,ألسن | ة | كم,ألسن | ت | كم,wrong_content
لَيَحْكُمُ,1,ليح | كم,ل | ي | حكم,too_few_segments
لِنُرِيَهُ,1,ل | ن | ريه,ل | ن | ري | ه,too_few_segments
ذُرِّيَّةَ,1,ذري | ة,ذر | ي | ة,too_few_segments
لَتُفْسِدُنَّ,1,لتفسدن,ل | ت | فسد | ن,too_few_segments
وَلَتَعْلُنَّ,1,و | لتعلن,و | ل | ت | عل | ن,too_few_segments
أَسَأْتُمْ,1,أ | سأ | تم,أسأ | تم,too_many_segments
دَخَلُوهُ,1,دخلو | ه,دخل | و | ه,too_few_segments
وَيَدْعُ,1,و | يدع,و | ي | دع,too_few_segments
آيَتَيْنِ,1,آيت | ين,آي | ت | ين,too_few_segments
كِتَابَكَ,1,ك | تاب | ك,كتاب | ك,too_many_segments
بِنَفْسِكَ,1,ب | ن | فسك,ب | نفس | ك,wrong_content
مُتْرَفِيهَا,1,مترفي | ها,مترف | ي | ها,too_few_segments
يَبْلُغَنَّ,1,ي | بلغن,ي | بلغ | ن,too_few_segments
كِلَاهُمَا,1,ك | لا | هما,كلا | هما,too_many_segments
ارْحَمْهُمَا,1,ارحم | هما,ا | رحم | هما,too_few_segments
رَبَّيَانِي,1,ربيا | ني,ربي | ا | ن | ي,too_few_segments
نُفُوسِكُمْ,1,ن | فوس | كم,نفوس | كم,too_many_segments
تُعْرِضَنَّ,1,ت | عرضن,ت | عرض | ن,too_few_segments
تَرْجُوهَا,1,ت | رجو | ها,ت | رج | و | ها,too_few_segments
كِلْتُمْ,1,ك | لتم,كل | تم,wrong_content
تَقْفُ,1,تقف,ت | قف,too_few_segments
سَيِّئُهُ,1,س | يئ | ه,سيئ | ه,too_many_segments
أَفَأَصْفَاكُمْ,1,أفأصفا | كم,أ | ف | أصفا | كم,too_few_segments
لَتَقُولُونَ,1,لتقول | ون,ل | ت | قول | ون,too_few_segments
لَابْتَغَوْا,1,لابتغ | وا,ل | ابتغ | وا,too_few_segments
تَسْبِيحَهُمْ,1,ت | سبيح | هم,تسبيح | هم,too_many_segments
فَطَرَكُمْ,1,ف | طر | كم,فطر | كم,too_many_segments
يَنْزَغُ,1,ي | نزغ,ي | نزع,wrong_content
مُهْلِكُوهَا,1,مهلكو | ها,مهلك | و | ها,too_few_segments
مُعَذِّبُوهَا,1,معذبو | ها,معذب | و | ها,too_few_segments
أَرَيْنَاكَ,1,أري | نا | ك,أ | ري | نا | ك,too_few_segments
أَأَسْجُدُ,1,أ | أسجد,أ | أ | سجد,too_few_segments
أَرَأَيْتَكَ,1,أرأي | ة | ك,أ | رأي | ت | ك,too_few_segments
أَخَّرْتَنِ,1,أخر | تن,أخر | ت | ن,too_few_segments
لَأَحْتَنِكَنَّ,1,لأح | تن | كن,ل | أ | حتنك | ن,too_few_segments
بِصَوْتِكَ,1,ب | صو | ت | ك,ب | صوت | ك,too_many_segments
أَفَأَمِنْتُمْ,1,أ | فأمن | تم,أ | ف | أمن | تم,too_few_segments
كِتَابَهُمْ,1,ك | تاب | هم,كتاب | هم,too_many_segments
لَيَفْتِنُونَكَ,1,ليفتنون | ك,ل | ي | فتن | ون | ك,too_few_segments
لِتَفْتَرِيَ,1,ل | ت | فتر | ي,ل | ت | فتري,too_many_segments
لَاتَّخَذُوكَ,1,لاتخذو | ك,ل | اتخذ | و | ك,too_few_segments
لَأَذَقْنَاكَ,1,لأذق | نا | ك,ل | أذق | نا | ك,too_few_segments
الْمَمَاتِ,1,ال | مم | ات,ال | ممات,too_many_segments
لَيَسْتَفِزُّونَكَ,1,ليستفزون | ك,ل | ي | ستفز | ون | ك,too_few_segments
لِيُخْرِجُوكَ,1,ل | ي | خرجو | ك,ل | ي | خرج | و | ك,too_few_segments
لِسُنَّتِنَا,1,ل | س | ن | تنا,ل | سن | ت | نا,wrong_content
لِدُلُوكِ,1,ل | دلو | ك,ل | دلوك,too_many_segments
فَتَهَجَّدْ,1,ف | ت | هجد,ف | تهجد,too_many_segments
أَدْخِلْنِي,1,أدخل | ني,أ | دخل | ن | ي,too_few_segments
وَأَخْرِجْنِي,1,و | أخرج | ني,و | أ | خرج | ن | ي,too_few_segments
شَاكِلَتِهِ,1,شاكل | ة | ه,شاكل | ت | ه,wrong_content
لَنَذْهَبَنَّ,1,لنذهبن,ل | ن | ذهب | ن,too_few_segments
اجْتَمَعَتِ,1,اجتمعت,اجتمع | ت,too_few_segments
أَبَعَثَ,1,أبعث,أ | بعث,too_few_segments
لَنَزَّلْنَا,1,لنزل | نا,ل | نزل | نا,too_few_segments
وَصُمَّاً,1,وصم | ا,و | صم | ا,too_few_segments
لَأَمْسَكْتُمْ,1,لأمسك | تم,ل | أمسك | تم,too_few_segments
يَسْتَفِزَّهُمْ,1,ي | ستفزهم,ي | ستفز | هم,too_few_segments
لَفِيفَاً,1,ل | فيف | ا,لفيف | ا,too_many_segments
فَرَقْنَاهُ,1,ف | رق | نا | ه,فرق | نا | ه,too_many_segments
وَنَزَّلْنَاهُ,1,و | نزل | نا | ه,و | ن | نزل | نا | ه,too_few_segments
أَيَّاً,1,أيا,أي | ا,too_few_segments
بِصَلَاتِكَ,1,ب | صل | ات | ك,ب | صلا | ت | ك,wrong_content
تُخَافِتْ,1,تخاف | ت,ت | خافت,wrong_content
لَجَاعِلُونَ,1,لجاعل | ون,ل | جاعل | ون,too_few_segments
فِتْيَةٌ,1,فتي | ة,فتى,too_many_segments
اعْتَزَلْتُمُوهُمْ,1,اعتزل | تمو | هم,اعتزل | تم | و | هم,too_few_segments
فَأْوُوا,1,فأو | وا,ف | أو | وا,too_few_segments
تَزَاوَرُ,1,تزاور,ت | زاور,too_few_segments
ذِرَاعَيْهِ,1,ذراعي | ه,ذراع | ي | ه,too_few_segments
لَوَلَّيْتَ,1,لولي | ت,ل | ولي | ت,too_few_segments
وَلَمُلِئْتَ,1,و | لملئ | ت,و | ل | ملئ | ت,too_few_segments
فَلْيَأْتِكُمْ,1,فليأ | ة | كم,ف | ل | ي | أت | كم,too_few_segments
وَلْيَتَلَطَّفْ,1,وليتلطف,و | ل | ي | تلطف,too_few_segments
يُشْعِرَنَّ,1,ي | شعرن,ي | شعر | ن,too_few_segments
يَرْجُمُوكُمْ,1,ي | رجمو | كم,ي | رجم | و | كم,too_few_segments
يُعِيدُوكُمْ,1,ي | عيدو | كم,ي | عيد | و | كم,too_few_segments
مِلَّتِهِمْ,1,ملت | هم,مل | ت | هم,too_few_segments
لَنَتَّخِذَنَّ,1,لنتخذن,ل | ن | تخذ | ن,too_few_segments
بِعِدَّتِهِمْ,1,ب | عدت | هم,ب | عد | ت | هم,too_few_segments
تُمَارِ,1,تمار,ت | مار,too_few_segments
تَسْتَفْتِ,1,ت | ستف | ت,ت | ستفت,too_many_segments
تَقُولَنَّ,1,تقولن,ت | قول | ن,too_few_segments
نَسِيتَ,1,نسيت,نسي | ت,too_few_segments
يَهْدِيَنِ,1,ي | هد | ين,ي | هدي | ن,wrong_content
وَازْدَادُوا,1,و | ا | زداد | وا,و | ازداد | وا,too_many_segments
تَعْدُ,1,تعد,ت | عد,too_few_segments
عَيْنَاكَ,1,عي | نا | ك,عين | ا | ك,wrong_content
فَلْيُؤْمِنْ,1,فليؤمن,ف | ل | ي | ؤمن,too_few_segments
فَلْيَكْفُرْ,1,فليكفر,ف | ل | ي | كفر,too_few_segments
الْوُجُوهَ,1,ال | وجو | ه,ال | وجوه,too_many_segments
جَنَّتَهُ,1,جنت | ه,جن | ة | ه,too_few_segments
تَبِيدَ,1,تبيد,ت | بيد,too_few_segments
لَأَجِدَنَّ,1,لأجدن,ل | أ | جد | ن,too_few_segments
أَكَفَرْتَ,1,أكفر | ت,أ | كفر | ت,too_few_segments
جَنَّتَكَ,1,جنت | ك,جن | ت | ك,too_few_segments
تَرَنِ,1,ترن,ت | ر | ن,too_few_segments
يُؤْتِيَنِ,1,ي | ؤت | ين,ي | ؤتي | ن,wrong_content
جَنَّتِكَ,1,جنت | ك,جن | ت | ك,too_few_segments
أُشْرِكْ,1,أشر | ك,أ | شرك,wrong_content
تَذْرُوهُ,1,ت | ذرو | ه,ت | ذر | و | ه,too_few_segments
نُغَادِرْ,1,نغادر,ن | غادر,too_few_segments
يَاوَيْلَتَنَا,1,يا | ويل | ة | نا,يا | ويل | ت | نا,wrong_content
يُغَادِرُ,1,يغادر,ي | غادر,too_few_segments
أَفَتَتَّخِذُونَهُ,1,أفتتخذون | ه,أ | ف | ت | تخذ | ون | ه,too_few_segments
وَذُرِّيَّتَهُ,1,و | ذري | ة | ه,و | ذر | ي | ت | ه,too_few_segments
أَشْهَدْتُهُمْ,1,أشهد | ة | هم,أشهد | ت | هم,wrong_content
نَادُوا,1,ن | اد | وا,ناد | وا,too_many_segments
مُوَاقِعُوهَا,1,مواقعو | ها,مواقع | و | ها,too_few_segments
وَيُجَادِلُ,1,و | يجادل,و | ي | جادل,too_few_segments
لَعَجَّلَ,1,لعجل,ل | عجل,too_few_segments
مَوْعِدٌ,1,موعد,عام,wrong_content
أَبْرَحُ,1,أبرح,أ | برح,too_few_segments
أَبْلُغَ,1,أبلغ,أ | بلغ,too_few_segments
أَمْضِيَ,1,أمض | ي,أ | مضي,wrong_content
بَلَغَا,1,بلغا,بلغ | ا,too_few_segments
نَسِيَا,1,نسيا,نسي | ا,too_few_segments
جَاوَزَا,1,جاوزا,جاوز | ا,too_few_segments
أَنْسَانِيهُ,1,أنسا | ني | ه,أنسا | ن | ي | ه,too_few_segments
أَذْكُرَهُ,1,أذكر | ه,أ | ذكر | ه,too_few_segments
نَبْغِ,1,نبغ,ن | بغ,too_few_segments
فَارْتَدَّا,1,ف | ارتدا,ف | ارتد | ا,too_few_segments
أَتَّبِعُكَ,1,أتبع | ك,أ | تبع | ك,too_few_segments
تُعَلِّمَنِ,1,ت | علمن,ت | علم | ن,too_few_segments
أَعْصِي,1,أعص | ي,أ | عصي,wrong_content
اتَّبَعْتَنِي,1,اتبع | ة | ني,اتبع | ت | ن | ي,too_few_segments
تَسْأَلْنِي,1,ت | سأل | ني,ت | سأل | ن | ي,too_few_segments
أُحْدِثَ,1,أحدث,أ | حدث,too_few_segments
رَكِبَا,1,ركبا,ركب | ا,too_few_segments
أَخَرَقْتَهَا,1,أخرق | ة | ها,أ | خرق | ت | ها,too_few_segments
تُؤَاخِذْنِي,1,ت | ؤاخذ | ني,ت | ؤاخذ | ن | ي,too_few_segments
تُرْهِقْنِي,1,ت | رهق | ني,ت | رهق | ن | ي,too_few_segments
لَقِيَا,1,لقيا,لقي | ا,too_few_segments
أَقَتَلْتَ,1,أقتل | ت,أ | قتل | ت,too_few_segments
سَأَلْتُكَ,1,سأل | ة | ك,سأل | ت | ك,wrong_content
تُصَاحِبْنِي,1,ت | صاحب | ني,ت | صاحب | ن | ي,too_few_segments
أَتَيَا,1,أ | تيا,أتي | ا,wrong_content
اسْتَطْعَمَا,1,استطعما,استطعم | ا,too_few_segments
يُضَيِّفُوهُمَا,1,ي | ضيفو | هما,ي | ضيف | و | هما,too_few_segments
لَاتَّخَذْتَ,1,لاتخذ | ت,ل | اتخذ | ت,too_few_segments
سَأُنَبِّئُكَ,1,سأنبئ | ك,س | أ | نبئ | ك,too_few_segments
لِمَسَاكِينَ,1,ل | مساك | ين,ل | مساكين,too_many_segments
أَعِيبَهَا,1,أعيب | ها,أ | عيب | ها,too_few_segments
يُرْهِقَهُمَا,1,ي | رهق | هما,ي | رهق | ما,wrong_content
يَتِيمَيْنِ,1,ي | تيم | ين,يتيم | ين,too_many_segments
يَبْلُغَا,1,ي | بلغا,ي | بلغ | ا,too_few_segments
وَيَسْتَخْرِجَا,1,و | ي | ستخرجا,و | ي | ستخرج | ا,too_few_segments
فَعَلْتُهُ,1,ف | عل | ت | ه,فعل | ت | ه,too_many_segments
سَأَتْلُو,1,سأتلو,س | أ | تلو,too_few_segments
تَتَّخِذَ,1,تتخذ,ت | تخذ,too_few_segments
سِتْرَاً,1,س | تر | ا,ستر | ا,too_many_segments
يَأْجُوجَ,1,ي | أجوج,يأجوج,too_many_segments
مَكَّنِّي,1,مكن | ني,مكن | ي,wrong_content
فَأَعِينُونِي,1,ف | أعينو | ني,ف | أعين | و | ن | ي,too_few_segments
أَجْعَلْ,1,أجعل,أ | جعل,too_few_segments
انْفُخُوا,1,ا | ن | فخ | وا,ا | نفخ | وا,too_many_segments
أُفْرِغْ,1,أفرغ,أ | فرغ,too_few_segments
اسْطَاعُوا,1,ا | سطاع | وا,اسطاع | وا,too_many_segments
يَظْهَرُوهُ,1,ي | ظهرو | ه,ي | ظهر | و | ه,too_few_segments
أَفَحَسِبَ,1,أفحسب,أ | ف | حسب,too_few_segments
صُنْعَاً,1,صنع | ا,صنع,too_many_segments
لَنَفِدَ,1,لنفد,ل | نفد,too_few_segments
فَلْيَعْمَلْ,1,فليعمل,ف | ل | ي | عمل,too_few_segments
وَهَنَ,1,و | هن,وهن,too_many_segments
الْمَوَالِيَ,1,ال | موال | ي,ال | موالي,too_many_segments
وَرَائِي,1,و | رائ | ي,ورائ | ي,too_many_segments
يَرِثُنِي,1,يرث | ني,ي | رث | ن | ي,too_few_segments
وَيَرِثُ,1,و | يرث,و | ي | رث,too_few_segments
وَاجْعَلْهُ,1,و | اجعل | ه,و | ا | جعل | ه,too_few_segments
خَلَقْتُكَ,1,خلق | ة | ك,خلق | ت | ك,wrong_content
يَايَحْيَى,1,يا | ي | حيى,يا | يحيى,too_many_segments
وُلِدَ,1,و | لد,ولد,too_many_segments
شَرْقِيَّاً,1,شرقي | ا,شرق | ي | ا,too_few_segments
لِأَهَبَ,1,ل | أهب,ل | أ | هب,too_few_segments
أَكُ,1,أك,أ | ك,too_few_segments
تُسَاقِطْ,1,تساقط,ت | ساقط,too_few_segments
فَكُلِي,1,ف | كلي,ف | كل | ي,too_few_segments
وَاشْرَبِي,1,و | اشرب | ي,و | ا | شرب | ي,too_few_segments
تَرَيِنَّ,1,ت | رين,ت | ر | ي | ن,too_few_segments
أُكَلِّمَ,1,أكلم,أ | كلم,too_few_segments
إِنْسِيَّاً,1,إنسي | ا,إنس | ي | ا,too_few_segments
نُكَلِّمُ,1,ن | ك | لم,ن | كلم,too_many_segments
وَأَوْصَانِي,1,و | أوصا | ني,و | أوصا | ن | ي,too_few_segments
مَا دُمْتُ,1,ما دم | ت,ما | دم | ت,too_few_segments
بِوَالِدَتِي,1,ب | والد | ة | ي,ب | والد | ت | ي,wrong_content
يَجْعَلْنِي,1,ي | جعل | ني,ي | جعل | ن | ي,too_few_segments
وُلِدْتُ,1,و | لد | ت,ولد | ت,too_many_segments
أَمُوتُ,1,أموت,أ | موت,too_few_segments
أُبْعَثُ,1,أبعث,أ | بعث,too_few_segments
يَأْتُونَنَا,1,ي | أتون | نا,ي | أت | ون | نا,too_few_segments
نَرِثُ,1,نرث,ن | رث,too_few_segments
يَأْتِكَ,1,ي | أتك,ي | أت | ك,too_few_segments
فَاتَّبِعْنِي,1,ف | اتبع | ني,ف | اتبع | ن | ي,too_few_segments
أَهْدِكَ,1,أهد | ك,أ | هد | ك,too_few_segments
سَوِيًّا,1,سويا,سوي | ا,too_few_segments
يَمَسَّكَ,1,ي | مس | ك,ي | مسك,too_many_segments
أَرَاغِبٌ,1,أراغب,أ | راغب,too_few_segments
آلِهَتِي,1,آله | ة | ي,آله | ت | ي,wrong_content
لَأَرْجُمَنَّكَ,1,لأرجمن | ك,ل | أ | رجم | ن | ك,too_few_segments
وَاهْجُرْنِي,1,و | اهجر | ني,و | ا | هجر | ن | ي,too_few_segments
سَأَسْتَغْفِرُ,1,سأستغفر,س | أ | ستغفر,too_few_segments
وَأَعْتَزِلُكُمْ,1,و | أعتزل | كم,و | أ | عتزل | كم,too_few_segments
وَأَدْعُو,1,و | أدعو,و | أ | دعو,too_few_segments
وَهَبْنَا,1,و | هب | نا,وهب | نا,too_many_segments
نُورِثُ,1,نورث,ن | ورث,too_few_segments
نَتَنَزَّلُ,1,نتنزل,ن | تنزل,too_few_segments
لِعِبَادَتِهِ,1,ل | عباد | ة | ه,ل | عباد | ت | ه,wrong_content
لَسَوْفَ,1,لسوف,ل | سوف,too_few_segments
لَنَحْشُرَنَّهُمْ,1,لنحشرن | هم,ل | ن | حشر | ن | هم,too_few_segments
لَنُحْضِرَنَّهُمْ,1,لنحضرن | هم,ل | ن | حضر | ن | هم,too_few_segments
لَنَنْزِعَنَّ,1,لننزعن,ل | ن | نزع | ن,too_few_segments
وَارِدُهَا,1,و | ارد | ها,وارد | ها,too_many_segments
وَنَذَرُ,1,و | نذر,و | ن | ذر,too_few_segments
وَرِئْيَاً,1,و | رئي | ا,رئي | ا,too_many_segments
لَأُوتَيَنَّ,1,لأوت | ين,ل | أ | وتي | ن,too_few_segments
أَطَّلَعَ,1,أطلع,أ | طلع,too_few_segments
وَنَرِثُهُ,1,و | نرث | ه,و | ن | رث | ه,too_few_segments
إِدَّاً,1,إد | ا,إدا,too_many_segments
آتِي,1,آت | ي,آتي,too_many_segments
الثَّرَى,1,ال | ثرى,ال | ثري,wrong_content
نَعْلَيْكَ,1,ن | علي | ك,نعل | ي | ك,wrong_content
اخْتَرْتُكَ,1,اختر | ة | ك,اختر | ت | ك,wrong_content
فَاعْبُدْنِي,1,ف | اعبد | ني,ف | ا | عبد | ن | ي,too_few_segments
أَكَادُ,1,أكاد,أ | كاد,too_few_segments
أُخْفِيهَا,1,أخفي | ها,أ | خفي | ها,too_few_segments
يَصُدَّنَّكَ,1,ي | صدن | ك,ي | صد | ن | ك,too_few_segments
أَتَوَكَّأُ,1,أ | ت | وكأ,أ | توكأ,too_many_segments
وَأَهُشُّ,1,و | أهش,و | أ | هش,too_few_segments
سِيرَتَهَا,1,س | يرت | ها,سير | ة | ها,wrong_content
لِنُرِيَكَ,1,ل | نري | ك,ل | ن | ري | ك,too_few_segments
وَأَشْرِكْهُ,1,و | أشرك | ه,و | أ | شرك | ه,too_few_segments
أُوتِيتَ,1,أوتيت,أوتي | ت,too_few_segments
اقْذِفِيهِ,1,اقذفي | ه,ا | قذف | ي | ه,too_few_segments
فَاقْذِفِيهِ,1,ف | اقذفي | ه,ف | ا | قذف | ي | ه,too_few_segments
فَلْيُلْقِهِ,1,فليلق | ه,ف | ل | ي | لق | ه,too_few_segments
عَيْنِي,1,عي | ني,عين | ي,wrong_content
فَنَجَّيْنَاكَ,1,ف | نجي | نا | ك,ف | نجي | ك,too_many_segments
فُتُونَاً,1,ف | تون | ا,فتون | ا,too_many_segments
وَاصْطَنَعْتُكَ,1,و | اصطنع | ة | ك,و | اصطنع | ت | ك,wrong_content
تَنَيَا,1,تنيا,ت | ني | ا,too_few_segments
لَيِّنَاً,1,ل | ين | ا,لين | ا,too_many_segments
تَخَافَا,1,تخافا,ت | خاف | ا,too_few_segments
أَسْمَعُ,1,أسمع,أ | سمع,too_few_segments
وَأَرَى,1,و | أرى,و | أ | رى,too_few_segments
فَأْتِيَاهُ,1,فأتيا | ه,ف | أتي | ا | ه,too_few_segments
رَسُولَا,1,رسولا,رسول | ا,too_few_segments
نَبَاتٍ,1,نب | ات,نبات,too_many_segments
فَلَنَأْتِيَنَّكَ,1,ف | لنأتين | ك,ف | ل | ن | أتي | ن | ك,too_few_segments
فَتَنَازَعُوا,1,ف | ت | نازع | وا,ف | تنازع | وا,too_many_segments
لَسَاحِرَانِ,1,لساحران,ل | ساحر | ان,too_few_segments
يُرِيدَانِ,1,يريدان,ي | ريد | ان,too_few_segments
يُخْرِجَاكُمْ,1,ي | خرجا | كم,ي | خرج | ا | كم,too_few_segments
وَيَذْهَبَا,1,و | ي | ذهبا,و | ي | ذهب | ا,too_few_segments
بِطَرِيقَتِكُمُ,1,ب | طريق | ة | كم,ب | طريق | ت | كم,wrong_content
فَلَأُقَطِّعَنَّ,1,ف | لأقطعن,ف | ل | أ | قطع | ن,too_few_segments
فَطَرَنَا,1,ف | طر | نا,فطر | نا,too_many_segments
فَاقْضِ,1,ف | اقض,ف | ا | قض,too_few_segments
أَكْرَهْتَنَا,1,أكره | ة | نا,أكره | ت | نا,wrong_content
يَأْتِهِ,1,ي | أته,ي | أت | ه,too_few_segments
وَعَجِلْتُ,1,و | عجل | ت,و | عجلك | ت,wrong_content
لِتَرْضَى,1,ل | ت | رضى,ل | ت | رضي,wrong_content
يَعِدْكُمْ,1,يعد | كم,ي | عد | كم,too_few_segments
أَفَطَالَ,1,أفطال,أ | ف | طال,too_few_segments
فُتِنْتُمْ,1,ف | ت | نتم,فتن | تم,too_many_segments
تَتَّبِعَنِ,1,تتبعن,ت | تبع | ن,too_few_segments
أَفَعَصَيْتَ,1,أفعصي | ت,أ | ف | عصي | ت,too_few_segments
يَاابْنَأُمَّ,1,يا | ابنأم,يا | ابن,wrong_content
تَأْخُذْ,1,ت | أخذ,أم | لا,wrong_content
بِلِحْيَتِي,1,ب | لحي | ة | ي,ت | ب | أخذ | لحي | ت | ي,too_few_segments
خَشِيتُ,1,خشيت,خشي | ت,too_few_segments
فَرَّقْتَ,1,ف | رق | ت,فرق | ت,too_many_segments
لَنُحَرِّقَنَّهُ,1,لنحرقن | ه,ل | ن | حرق | ن | ه,too_few_segments
لَنَنْسِفَنَّهُ,1,لننسفن | ه,ل | ن | نسف | ن | ه,too_few_segments
فَيَذَرُهَا,1,ف | يذر | ها,ف | ي | ذر | ها,too_few_segments
الدَّاعِيَ,1,ال | داع | ي,ال | داعي,too_many_segments
وَخَشَعَتِ,1,و | خشعت,و | خشع | ت,too_few_segments
الْأَصْوَاتُ,1,ال | أصو | ات,ال | أصوات,too_many_segments
وَعَنَتِ,1,و | عنت,و | عن | ت,too_few_segments
الْوُجُوهُ,1,ال | وجو | ه,ال | وجوه,too_many_segments
زِدْنِي,1,زد | ني,زد | ن | ي,too_few_segments
يُخْرِجَنَّكُمَا,1,ي | خرجن | كما,ي | خرج | ن | كما,too_few_segments
تَجُوعَ,1,تجوع,ت | جوع,too_few_segments
أَدُلُّكَ,1,أدل | ك,أ | دل | ك,too_few_segments
فَأَكَلَا,1,ف | أكلا,ف | أكل | ا,too_few_segments
اهْبِطَا,1,اهبطا,ا | هبط | ا,too_few_segments
حَشَرْتَنِي,1,حشر | ة | ني,حشر | ت | ن | ي,too_few_segments
أَتَتْكَ,1,أ | تتك,أت | ت | ك,too_few_segments
فَنَسِيتَهَا,1,ف | نسيت | ها,ف | نسي | ت | ها,too_few_segments
السَّوِيِّ,1,ال | سوي,ال | سو | ي,too_few_segments
اسْتَمَعُوهُ,1,استمعو | ه,استمع | و | ه,too_few_segments
لَاهِيَةً,1,ل | اهي | ة,لاهي | ة,too_many_segments
أَفَتَأْتُونَ,1,أفتأت | ون,أ | ف | ت | أت | ون,too_few_segments
فَلْيَأْتِنَا,1,فليأ | ة | نا,ف | ل | ي | أت | نا,too_few_segments
أَفَهُمْ,1,أف | هم,أ | ف | هم,too_few_segments
وَمَسَاكِنِكُمْ,1,و | مسا | كن | كم,و | مساكن | كم,too_many_segments
لَاتَّخَذْنَاهُ,1,لاتخذ | نا | ه,ل | اتخذ | نا | ه,too_few_segments
لَفَسَدَتَا,1,لفسدتا,ل | فسد | ت | ا,too_few_segments
يَسْبِقُونَهُ,1,ي | سبقون | ه,ي | سبق | ون | ه,too_few_segments
وُجُوهِهِمُ,1,و | جوه | هم,وجوه | هم,too_many_segments
أَفَهُمُ,1,أف | هم,أ | ف | هم,too_few_segments
أُنْذِرُكُمْ,1,أنذر | كم,أ | نذر | كم,too_few_segments
وَنَضَعُ,1,و | نضع,و | ن | ضع,too_few_segments
الْمَوَازِينَ,1,ال | مواز | ين,ال | موازين,too_many_segments
أَفَأَنْتُمْ,1,أ | فأن | تم,أ | ف | أنتم,wrong_content
فَطَرَهُنَّ,1,ف | طر | هن,فطر | هن,too_many_segments
وَتَاللَّهِ,1,و | تالل | ه,و | ت | ال | له,too_few_segments
لَأَكِيدَنَّ,1,لأكيدن,ل | أ | كيد | ن,too_few_segments
فَعَلَهُ,1,ف | عله,فعل | ه,wrong_content
فَاسْأَلُوهُمْ,1,ف | ا | سألو | هم,ف | ا | سأل | و | هم,too_few_segments
نُكِسُوا,1,ن | ك | سوا,نكس | وا,too_many_segments
أَفَتَعْبُدُونَ,1,أفتعبد | ون,أ | ف | ت | عبد | ون,too_few_segments
وَلِمَا,1,و | لما,و | ل | ما,too_few_segments
وَانْصُرُوا,1,و | ا | ن | صر | وا,و | ا | نصر | وا,too_many_segments
كُونِي,1,كو | ني,كون | ي,wrong_content
لَبُوسٍ,1,ل | بوس,لبوس,too_many_segments
تَذَرْنِي,1,تذر | ني,ت | ذر | ن | ي,too_few_segments
وَيَدْعُونَنَا,1,و | ي | دعون | نا,و | ي | دع | ون | نا,too_few_segments
يَأْجُوجُ,1,ي | أجوج,يأجوج,too_many_segments
وَارِدُونَ,1,و | ارد | ون,وارد | ون,too_many_segments
وَرَدُوهَا,1,و | ردو | ها,ورد | و | ها,wrong_content
وَتَتَلَقَّاهُمُ,1,و | تتلقا | هم,و | ت | تلقا | هم,too_few_segments
يَوْمُكُمُ,1,ي | وم | كم,يوم | كم,too_many_segments
كَطَيِّ,1,كطي,ك | طي,too_few_segments
نُعِيدُهُ,1,نعيد | ه,ن | عيد | ه,too_few_segments
آذَنْتُكُمْ,1,آذن | ة | كم,آذن | ت | كم,wrong_content
وَتَضَعُ,1,و | تضع,و | ت | ضع,too_few_segments
وَيَتَّبِعُ,1,و | يتبع,و | ي | تبع,too_few_segments
تَوَلَّاهُ,1,ت | ولا | ه,تولا | ه,too_many_segments
وَنُذِيقُهُ,1,و | نذيق | ه,و | ن | ذيق | ه,too_few_segments
يَدَاكَ,1,يدا | ك,يد | ا | ك,too_few_segments
نَفْعِهِ,1,ن | فعه,نفع | ه,wrong_content
لْيَقْطَعْ,1,ليقطع,ل | ي | قطع,too_few_segments
يُذْهِبَنَّ,1,ي | ذهبن,ي | ذهب | ن,too_few_segments
يُهِنِ,1,يهن,ي | هن,too_few_segments
لْيَقْضُوا,1,ليقض | وا,ل | ي | قض | وا,too_few_segments
وَلْيُوفُوا,1,وليوف | وا,و | ل | ي | وف | وا,too_few_segments
نُذُورَهُمْ,1,ن | ذور | هم,نذور | هم,too_many_segments
وَلْيَطَّوَّفُوا,1,وليطوف | وا,و | ل | ي | طوف | وا,too_few_segments
وَجَبَتْ,1,و | جب | ت,وجب | ت,too_many_segments
يَنَالَ,1,ينال,ي | نال,too_few_segments
يَنَالُهُ,1,ينال | ه,ي | نال | ه,too_few_segments
يُدَافِعُ,1,يدافع,ي | دافع,too_few_segments
نَصْرِهِمْ,1,ن | صر | هم,نصر | هم,too_many_segments
لَهُدِّمَتْ,1,لهدم | ت,ل | هدم | ت,too_few_segments
وَلَيَنْصُرَنَّ,1,و | لينصرن,و | ل | ي | نصر | ن,too_few_segments
وَنَهَوْا,1,و | ن | هوا,و | نه | وا,wrong_content
فَكَأَيِّنْ,1,ف | ك | أين,ف | كأين,too_many_segments
كَأَلْفِ,1,كألف,ك | ألف,too_few_segments
أَخَذْتُهَا,1,أخذ | ة | ها,أخذ | ت | ها,wrong_content
وَإِلَيَّ,1,و | إلى | ي,و | إل | ي,wrong_content
أُمْنِيَّتِهِ,1,أم | ني | ة | ه,أمني | ة | ه,too_many_segments
لَهَادِ,1,لهاد,ل | هاد,too_few_segments
لَيَرْزُقَنَّهُمُ,1,ليرزقن | هم,ل | ي | رزق | ن | هم,too_few_segments
لَيُدْخِلَنَّهُمْ,1,ليدخلن | هم,ل | ي | دخل | ن | هم,too_few_segments
يَرْضَوْنَهُ,1,ي | رضون | ه,ي | رض | و | ن | ه,too_few_segments
لَيَنْصُرَنَّهُ,1,لينصرن | ه,ل | ي | نصر | ن | ه,too_few_segments
تَقَعَ,1,تقع,ت | قع,too_few_segments
نَاسِكُوهُ,1,ناسكو | ه,ناسك | و | ه,too_few_segments
يُنَازِعُنَّكَ,1,ينازعن | ك,ي | نازع | ن | ك,too_few_segments
جَادَلُوكَ,1,جادلو | ك,جادل | و | ك,too_few_segments
وُجُوهِ,1,و | جوه,وجوه,too_many_segments
يَسْطُونَ,1,ي | سط | ون,ي | سط | و | ن,too_few_segments
أَفَأُنَبِّئُكُمْ,1,أفأنبئ | كم,أ | ف | أ | نبئ | كم,too_few_segments
يَسْتَنْقِذُوهُ,1,ي | ستنقذوه,ي | ستنقذ | و | ه,too_few_segments
يَصْطَفِي,1,ي | صطف | ي,ي | صطفي,too_many_segments
فَاعِلُونَ,1,ف | اعل | ون,فاعل | ون,too_many_segments
لَمَيِّتُونَ,1,لميت | ون,ل | ميت | ون,too_few_segments
فَأَنْشَأْنَا,1,ف | أنشأ | نا,ف | أنشأ | أنا,wrong_content
سَيْنَاءَ,1,س | يناء,سيناء,too_many_segments
يَتَفَضَّلَ,1,يتفضل,ي | تفضل,too_few_segments
فَاسْلُكْ,1,ف | ا | سلك,ف | اسلك,too_many_segments
أَنْزِلْنِي,1,أنزل | ني,أنزل | ن | ي,too_few_segments
لَمُبْتَلِينَ,1,لمبتل | ين,ل | مبتل | ين,too_few_segments
أَطَعْتُمْ,1,أ | طع | تم,أطع | تم,too_many_segments
أَيَعِدُكُمْ,1,أ | يعد | كم,أ | ي | عد | كم,too_few_segments
مِتُّمْ,1,متم,مت | تم,too_few_segments
لَيُصْبِحُنَّ,1,ليصبحن,ل | ي | صبح | ن,too_few_segments
تَتْرَا,1,ت | ترا,تترى,too_many_segments
كَذَّبُوهُ,1,كذبو | ه,كذب | و | ه,too_few_segments
وَمَعِينٍ,1,و | مع | ين,و | معين,too_many_segments
غَمْرَتِهِمْ,1,غمر | ة | هم,غمر | ت | هم,wrong_content
نُسَارِعُ,1,نسارع,ن | سارع,too_few_segments
وَجِلَةٌ,1,و | جل | ة,وجل | ة,too_many_segments
مُتْرَفِيهِمْ,1,مترفي | هم,مترف | ي | هم,too_few_segments
يَجْأَرُونَ,1,ي | جأر | ون,ي | جأر | و | ن,too_few_segments
تَنْكِصُونَ,1,ت | نكص | ون,ت | نكص | و | ن,too_few_segments
تَهْجُرُونَ,1,ت | هجر | ون,ت | هجر | و | ن,too_few_segments
لَتَدْعُوهُمْ,1,لتدعو | هم,ل | ت | دعو | هم,too_few_segments
لَنَاكِبُونَ,1,لناكب | ون,ل | ناكب | ون,too_few_segments
لَلَجُّوا,1,ل | ال | جوا,ل | لج | وا,wrong_content
تُسْحَرُونَ,1,ت | سحر | ون,ت | سحر | و | ن,too_few_segments
تُرِيَنِّي,1,ت | رين | ني,ت | ري | ن | ي,too_few_segments
نُرِيَكَ,1,نري | ك,ن | ري | ك,too_few_segments
وَأَعُوذُ,1,و | أعوذ,و | أ | عوذ,too_few_segments
يَحْضُرُونِ,1,ي | حضر | ون,ي | حضر | و | ن,too_few_segments
كَالِحُونَ,1,ك | ال | حون,كالح | ون,too_many_segments
شِقْوَتُنَا,1,شقو | ة | نا,شقو | ت | نا,wrong_content
تُكَلِّمُونِ,1,ت | كلم | ون,ت | كلم | و | ن,too_few_segments
أَنْسَوْكُمْ,1,أنسو | كم,أنس | و | كم,too_few_segments
تَضْحَكُونَ,1,ت | ضحك | ون,ت | ضحك | و | ن,too_few_segments
جَزَيْتُهُمُ,1,جزي | ة | هم,جزي | ت | هم,wrong_content
أَفَحَسِبْتُمْ,1,أ | فحسب | تم,أ | ف | حسب | تم,too_few_segments
وَارْحَمْ,1,و | ا | رحم,و | ارحم,too_many_segments
وَالزَّانِي,1,و | ال | زا | ني,و | ال | زاني,too_many_segments
فَاجْلِدُوا,1,ف | ا | جلد | وا,ف | اجلد | وا,too_many_segments
وَلْيَشْهَدْ,1,وليشهد,و | ل | ي | شهد,too_few_segments
الزَّانِي,1,ال | زا | ني,ال | زاني,too_many_segments
فَاجْلِدُوهُمْ,1,ف | ا | جلدو | هم,ف | ا | جلد | و | هم,too_few_segments
تَحْسَبُوهُ,1,ت | حسبو | ه,ت | حسب | و | ه,too_few_segments
كِبْرَهُ,1,ك | بره,كبر | ه,wrong_content
تَلَقَّوْنَهُ,1,ت | لقون | ه,تلق | و | ن | ه,too_few_segments
بِأَلْسِنَتِكُمْ,1,ب | ألسن | ة | كم,ب | ألسن | ت | كم,wrong_content
وَتَحْسَبُونَهُ,1,و | ت | حسبون | ه,و | ت | حسب | و | ن | ه,too_few_segments
نَتَكَلَّمَ,1,نتكلم,ن | تكلم,too_few_segments
يَعِظُكُمُ,1,يعظ | كم,ي | عظ | كم,too_few_segments
تَشِيعَ,1,تشيع,ت | شيع,too_few_segments
يَتَّبِعْ,1,يتبع,ي | تبع,too_few_segments
وَلْيَعْفُوا,1,وليعف | وا,و | ل | ي | عف | وا,too_few_segments
وَلْيَصْفَحُوا,1,وليصفح | وا,و | ل | ي | صفح | وا,too_few_segments
أَلْسِنَتُهُمْ,1,ألسن | ة | هم,ألسن | ت | هم,wrong_content
تَدْخُلُوهَا,1,ت | دخلو | ها,ت | دخل | و | ها,too_few_segments
يَغْضُضْنَ,1,ي | غضضن,ي | غضض | ن,too_few_segments
وَيَحْفَظْنَ,1,و | ي | حفظن,و | ي | حفظ | ن,too_few_segments
فُرُوجَهُنَّ,1,ف | روج | هن,فروج | هن,too_many_segments
وَلْيَضْرِبْنَ,1,وليضربن,و | ل | ي | ضرب | ن,too_few_segments
يَضْرِبْنَ,1,ي | ضربن,ي | ضرب | ن,too_few_segments
يُخْفِينَ,1,ي | خف | ين,ي | خفي | ن,wrong_content
زِينَتِهِنَّ,1,زين | ة | هن,زين | ت | هن,wrong_content
فُقَرَاءَ,1,ف | قراء,فقراء,too_many_segments
وَلْيَسْتَعْفِفِ,1,وليستعفف,و | ل | ي | ستعفف,too_few_segments
فَكَاتِبُوهُمْ,1,ف | كاتبو | هم,ف | كاتب | و | هم,too_few_segments
فَتَيَاتِكُمْ,1,ف | تي | ات | كم,فتي | ات | كم,too_many_segments
أَرَدْنَ,1,أردن,أرد | ن,too_few_segments
كَمِشْكَاةٍ,1,كمشكا | ة,ك | مشكا | ة,too_few_segments
دُرِّيٌّ,1,دري,در | ي,too_few_segments
يُوقَدُ,1,يوقد,ي | وقد,too_few_segments
شَرْقِيَّةٍ,1,شرقي | ة,شرق | ي | ة,too_few_segments
غَرْبِيَّةٍ,1,غربي | ة,غرب | ي | ة,too_few_segments
زَيْتُهَا,1,زي | ت | ها,زيت | ها,too_many_segments
تَتَقَلَّبُ,1,تتقلب,ت | تقلب,too_few_segments
كَسَرَابٍ,1,كسراب,ك | سراب,too_few_segments
بِقِيعَةٍ,1,ب | قيع | ة,بقيع | ة,too_many_segments
يَجِدْهُ,1,يجد | ه,ي | جد | ه,too_few_segments
كَظُلُمَاتٍ,1,كظلم | ات,ك | ظلم | ات,too_few_segments
لُجِّيٍّ,1,لجي,لج | ي,too_few_segments
يَرَاهَا,1,يرا | ها,ي | را | ها,too_few_segments
صَلَاتَهُ,1,صل | ات | ه,صلا | ة | ه,wrong_content
وَتَسْبِيحَهُ,1,و | ت | سبيح | ه,و | تسبيح | ه,too_many_segments
سَنَا,1,س | نا,سنا,too_many_segments
يَحِيفَ,1,يحيف,ي | حيف,too_few_segments
وَيَخْشَ,1,و | يخش,و | ي | خش,too_few_segments
وَيَتَّقْهِ,1,و | يتق | ه,و | ي | تق | ه,too_few_segments
أَمَرْتَهُمْ,1,أمر | ة | هم,أمر | ت | هم,wrong_content
لَيَخْرُجُنَّ,1,ليخرجن,ل | ي | خرج | ن,too_few_segments
وَعَلَيْكُمْ,1,و | على | كم,و | علي | كم,wrong_content
تُطِيعُوهُ,1,تطيعو | ه,ت | طيع | و | ه,too_few_segments
لَيَسْتَخْلِفَنَّهُمْ,1,ليستخلفن | هم,ل | ي | ستخلف | ن | هم,too_few_segments
وَلَيُمَكِّنَنَّ,1,و | ليمك | كنن,و | ل | ي | مكن | ن,too_few_segments
وَلَيُبَدِّلَنَّهُمْ,1,و | ليبدلن | هم,و | ل | ي | بدل | ن | هم,too_few_segments
يَعْبُدُونَنِي,1,ي | عبدون | ني,ي | عبد | و | ن | ن | ي,too_few_segments
لِيَسْتَأْذِنْكُمُ,1,ل | ي | ستأذنكم,ل | ي | ستأذن | كم,too_few_segments
تَضَعُونَ,1,ت | ضع | ون,ت | ضع | و | ن,too_few_segments
فَلْيَسْتَأْذِنُوا,1,فليستأذن | وا,ف | ل | ي | ستأذن | وا,too_few_segments
يَسْتَعْفِفْنَ,1,ي | ستعففن,ي | ستعفف | ن,too_few_segments
يَسْتَأْذِنُوهُ,1,ي | ستأذنوه,ي | ستأذن | و | ه,too_few_segments
اسْتَأْذَنُوكَ,1,استأذنو | ك,استأذن | و | ك,too_few_segments
فَأْذَنْ,1,فأذن,ف | أذن,too_few_segments
كَدُعَاءِ,1,كدعاء,ك | دعاء,too_few_segments
يَتَسَلَّلُونَ,1,ي | تسلل | ون,ي | تسلل | و | ن,too_few_segments
لِوَاذَاً,1,ل | واذ | ا,لواذ | ا,too_many_segments
فَلْيَحْذَرِ,1,فليحذر,ف | ل | ي | حذر,too_few_segments
مَتَّعْتَهُمْ,1,متع | ة | هم,متع | ت | هم,wrong_content
كَذَّبُوكُمْ,1,كذبو | كم,كذب | و | كم,too_few_segments
تَسْتَطِيعُونَ,1,ت | ستطيع | ون,ت | ستطيع | و | ن,too_few_segments
وَيَمْشُونَ,1,و | ي | مش | ون,و | ي | مش | و | ن,too_few_segments
أَتَصْبِرُونَ,1,أ | ت | صبر | ون,أ | ت | صبر | و | ن,too_few_segments
عُتُوَّاً,1,عت | وا,عتو | ا,wrong_content
يَاوَيْلَتَى,1,يا | ويلتى,يا | ويل | ت | ى,too_few_segments
لَيْتَنِي,1,لي | ت | ني,ليت | ني,too_many_segments
أَتَّخِذْ,1,أتخذ,أ | تخذ,too_few_segments
فُلَانَاً,1,ف | ل | ان | ا,فلان | ا,too_many_segments
أَضَلَّنِي,1,أضل | ني,أضل | ن | ي,too_few_segments
يَأْتُونَكَ,1,ي | أتون | ك,ي | أت | ون | ك,too_few_segments
رَأَوْكَ,1,رأو | ك,رأ | و | ك,too_few_segments
لَيُضِلُّنَا,1,ليضل | نا,ل | ي | ضل | نا,too_few_segments
لَجَعَلَهُ,1,لجعل | ه,ل | جعل | ه,too_few_segments
سَاكِنَاً,1,سا | كن | ا,ساكن | ا,too_many_segments
وَأَنَاسِيَّ,1,و | أناسي,و | أناس | ي,too_few_segments
لَبَعَثْنَا,1,لبعث | نا,ل | بعث | نا,too_few_segments
يَذَّكَّرَ,1,يذكر,ي | ذكر,too_few_segments
يَبِيتُونَ,1,ي | ب | يت | ون,ي | بيت | ون,too_many_segments
اصْرِفْ,1,ا | صرف,اصرف,too_many_segments
يَزْنُونَ,1,ي | زن | ون,ي | زن | و | ن,too_few_segments
يَلْقَ,1,يلق,ي | لق,too_few_segments
وَذُرِّيَّاتِنَا,1,و | ذري | ات | نا,و | ذر | ي | ات | نا,too_few_segments
وَيُلَقَّوْنَ,1,و | ي | لق | ون,و | ي | لق | و | ن,too_few_segments
دُعَاؤُكُمْ,1,دعاؤ | كم,دعاء | كم,wrong_content
فَظَلَّتْ,1,ف | ظلت,ف | ظل | ت,too_few_segments
أَنْبَتْنَا,1,أنب | ت | نا,أنبت | نا,too_many_segments
فَاذْهَبَا,1,ف | اذهبا,ف | ا | ذهب | ا,too_few_segments
فَأْتِيَا,1,فأتيا,ف | أتي | ا,too_few_segments
وَلِيدَاً,1,و | ليد | ا,وليد | ا,too_many_segments
فَعْلَتَكَ,1,فعل | ة | ك,فعل | ت | ك,wrong_content
فَعَلْتُهَا,1,ف | عل | ت | ها,فعل | ت | ها,too_many_segments
تَسْتَمِعُونَ,1,ت | ستمع | ون,ت | ستمع | و | ن,too_few_segments
لَأَجْعَلَنَّكَ,1,لأجعلن | ك,ل | أ | جعل | ن | ك,too_few_segments
لِمِيقَاتِ,1,ل | ميق | ات,ل | ميقات,too_many_segments
أَئِنَّ,1,أئن,أ | ئن,too_few_segments
فَلَسَوْفَ,1,ف | لسوف,ف | ل | سوف,too_few_segments
لَغَائِظُونَ,1,لغائظ | ون,ل | غائظ | ون,too_few_segments
وَكُنُوزٍ,1,و | كنوز,كنوز,too_many_segments
فَأَتْبَعُوهُمْ,1,ف | أتبعو | هم,ف | أتبع | و | هم,too_few_segments
لَمُدْرَكُونَ,1,لمدرك | ون,ل | مدرك | ون,too_few_segments
يَسْمَعُونَكُمْ,1,ي | سمعون | كم,ي | سمع | ون | كم,too_few_segments
يَنْفَعُونَكُمْ,1,ي | نفعون | كم,ي | نفع | و | ن | كم,too_few_segments
يَضُرُّونَ,1,ي | ضر | ون,ي | ضر | و | ن,too_few_segments
خَلَقَنِي,1,خلق | ني,خلق | ن | ي,too_few_segments
يَهْدِينِ,1,ي | هد | ين,ي | هدي | ن,wrong_content
يُطْعِمُنِي,1,ي | طعم | ني,ي | طعم | ن | ي,too_few_segments
وَيَسْقِينِ,1,و | ي | سق | ين,و | ي | سقي | ن,wrong_content
يَشْفِينِ,1,ي | شف | ين,ي | شفي | ن,wrong_content
يُمِيتُنِي,1,ي | ميت | ني,ي | ميت | ن | ي,too_few_segments
يُحْيِينِ,1,ي | حي | ين,ي | حيي | ن,wrong_content
أَطْمَعُ,1,أطمع,أ | طمع,too_few_segments
وَاجْعَلْنِي,1,و | اجعل | ني,و | اجعل | ن | ي,too_few_segments
وَرَثَةِ,1,و | رث | ة,ورث | ة,too_many_segments
لِأَبِي,1,ل | أبي,ل | أب | ي,too_few_segments
تُخْزِنِي,1,ت | خز | ني,ت | خز | ن | ي,too_few_segments
بَنُونَ,1,بنون,بن | ون,too_few_segments
يَنْصُرُونَكُمْ,1,ي | نصرون | كم,ي | نصر | و | ن | كم,too_few_segments
وَتَتَّخِذُونَ,1,و | ت | تخذ | ون,و | ت | تخذ | و | ن,too_few_segments
فَارِهِينَ,1,ف | اره | ين,فاره | ين,too_many_segments
لَتَنْزِيلُ,1,لتنزيل,ل | تنزيل,too_few_segments
عَرَبِيٍّ,1,عربي,عرب | ي,too_few_segments
يُمَتَّعُونَ,1,ي | متع | ون,ي | متع | و | ن,too_few_segments
لَمَعْزُولُونَ,1,لمعزول | ون,ل | معزول | ون,too_few_segments
عَشِيرَتَكَ,1,عشير | ة | ك,عشير | ت | ك,wrong_content
عَصَوْكَ,1,عصو | ك,عص | و | ك,too_few_segments
يَرَاكَ,1,يرا | ك,ي | را | ك,too_few_segments
وَتَقَلُّبَكَ,1,و | ت | قلب | ك,و | تقلب | ك,too_many_segments
يَتَّبِعُهُمُ,1,يتبع | هم,ي | تبع | هم,too_few_segments
يَهِيمُونَ,1,ي | هيم | ون,ي | هيم | و | ن,too_few_segments
يَنْقَلِبُونَ,1,ي | نقلب | ون,ي | نقلب | و | ن,too_few_segments
لَتُلَقَّى,1,لتلقى,ل | ت | لقى,too_few_segments
سَآتِيكُمْ,1,سآتي | كم,س | آتي | كم,too_few_segments
بُورِكَ,1,بور | ك,بورك,too_many_segments
وَقَالَا,1,و | قالا,و | قال | ا,too_few_segments
فَضَّلَنَا,1,ف | ضل | نا,فضل | نا,too_many_segments
وَادِ,1,و | اد,واد,too_many_segments
مَسَاكِنَكُمْ,1,مسا | كن | كم,مساكن | كم,too_many_segments
يَحْطِمَنَّكُمْ,1,ي | حطمن | كم,ي | حطم | ن | كم,too_few_segments
فَتَبَسَّمَ,1,ف | ت | ب | اسم,ف | تبسم,too_many_segments
وَأَدْخِلْنِي,1,و | أدخل | ني,و | أدخل | ن | ي,too_few_segments
وَتَفَقَّدَ,1,و | ت | فقد,و | تفقد,too_many_segments
لَأُعَذِّبَنَّهُ,1,لأعذبن | ه,ل | أ | عذب | ن | ه,too_few_segments
لَأَذْبَحَنَّهُ,1,لأذبحن | ه,ل | أ | ذبح | ن | ه,too_few_segments
لَيَأْتِيَنِّي,1,ليأتين | ني,ل | ي | أتي | ن | ي,too_few_segments
وَجَدْتُ,1,و | جد | ت,وجد | ت,too_many_segments
وَجَدْتُهَا,1,و | جد | ت | ها,وجد | ت | ها,too_many_segments
أَصَدَقْتَ,1,أصدق | ت,أ | صدق | ت,too_few_segments
تَوَلَّ,1,ت | ول,تول,too_many_segments
الْمُلُوكَ,1,ال | ملو | ك,ال | ملوك,too_many_segments
أَفْسَدُوهَا,1,أفسدو | ها,أفسد | و | ها,too_few_segments
بِمَ,1,بم,ب | م,too_few_segments
أَتُمِدُّونَنِ,1,أ | ت | مدونن,أ | ت | مد | و | ن | ن,too_few_segments
بِمَالٍ,1,بمال,ب | مال,too_few_segments
بِهَدِيَّتِكُمْ,1,ب | هدي | ة | كم,ب | هدي | ت | كم,wrong_content
فَلَنَأْتِيَنَّهُمْ,1,ف | لنأتين | هم,ف | ل | ن | أتي | ن | هم,too_few_segments
وَلَنُخْرِجَنَّهُمْ,1,و | لنخرجن | هم,و | ل | ن | خرج | ن | هم,too_few_segments
يَأْتِينِّي,1,ي | أتين | ني,ي | أتي | ن | ي,too_few_segments
بِعَرْشِهَا,1,ب | عرش | ها,ب | عرشه | ها,wrong_content
يَأْتُونِي,1,ي | أتو | ني,ي | أت | و | ن | ي,too_few_segments
لِيَبْلُوَنِي,1,ل | ي | بلو | ني,ل | ي | بلو | ن | ي,too_few_segments
أَأَشْكُرُ,1,أ | أشكر,أ | أ | شكر,too_few_segments
أَكْفُرُ,1,أكفر,أ | كفر,too_few_segments
نَكِّرُوا,1,ن | كر | وا,نكر | وا,too_many_segments
أَتَهْتَدِي,1,أ | ت | هتد | ي,أ | ت | هتدي,too_many_segments
أَهَكَذَا,1,أهكذا,أ | ه | ك | ذا,too_few_segments
ادْخُلِي,1,ادخل | ي,ا | دخل | ي,too_few_segments
سَاقَيْهَا,1,ساقي | ها,ساق | ي | ها,too_few_segments
فَرِيقَانِ,1,ف | ريقان,فريق | ان,wrong_content
تَسْتَغْفِرُونَ,1,ت | ستغفر | ون,ت | ستغفر | و | ن,too_few_segments
تِسْعَةُ,1,ت | سع | ة,تسع | ة,too_many_segments
تَقَاسَمُوا,1,ت | قاسم | وا,تقاسم | وا,too_many_segments
لَنُبَيِّتَنَّهُ,1,لنبي | تن | ه,ل | ن | بيت | ن | ه,too_few_segments
لَنَقُولَنَّ,1,لنقولن,ل | ن | قول | ن,too_few_segments
مَهْلِكَ,1,مهل | ك,مهلك,too_many_segments
وَقَوْمَهُمْ,1,و | قوم | هم,و | قوم | مهم,wrong_content
بُيُوتُهُمْ,1,بيو | ة | هم,بيوت | هم,too_many_segments
ادَّارَكَ,1,ادار | ك,ادارك,too_many_segments
لَمُخْرَجُونَ,1,لمخرج | ون,ل | مخرج | ون,too_few_segments
لَيَعْلَمُ,1,ليعلم,ل | ي | علم,too_few_segments
بِهَادِي,1,ب | هاد | ي,ب | هادي,too_many_segments
أَمَّاذَا,1,أماذا,أ | ماذا,too_few_segments
أَتَوْهُ,1,أ | توه,أت | و | ه,too_few_segments
فَكُبَّتْ,1,ف | كبت,ف | كب | ت,too_few_segments
أَتْلُوَ,1,أتلو,أ | تلو,too_few_segments
فَتَعْرِفُونَهَا,1,ف | ت | عرفون | ها,ف | ت | عرف | و | ن | ها,too_few_segments
وَنُمَكِّنَ,1,و | ن | مك | كن,و | ن | مكن,too_many_segments
وَنُرِيَ,1,و | نري,و | ن | ري,too_few_segments
أَرْضِعِيهِ,1,أرضعي | ه,أ | رضع | ي | ه,too_few_segments
فَأَلْقِيهِ,1,ف | ألقي | ه,ف | ألق | ي | ه,too_few_segments
تَخَافِي,1,تخاف | ي,ت | خاف | ي,too_few_segments
رَادُّوهُ,1,رادو | ه,راد | و | ه,too_few_segments
وَجَاعِلُوهُ,1,و | جاعلو | ه,و | جاعل | و | ه,too_few_segments
فَالْتَقَطَهُ,1,ف | ال | تقط | ه,ف | التقط | ه,too_many_segments
تَقْتُلُوهُ,1,ت | قتلو | ه,ت | قتل | و | ه,too_few_segments
فُؤَادُ,1,ف | ؤاد,فؤاد,too_many_segments
لَتُبْدِي,1,لتبد | ي,ل | ت | بدي,too_few_segments
لِأُخْتِهِ,1,ل | أخ | ت | ه,ل | أخت | ه,too_many_segments
قُصِّيهِ,1,قصي | ه,قص | ي | ه,too_few_segments
يَكْفُلُونَهُ,1,ي | كفلون | ه,ي | كفل | و | ن | ه,too_few_segments
نَاصِحُونَ,1,ن | اصح | ون,ناصح | ون,too_many_segments
يَسْتَصْرِخُهُ,1,ي | ستصرخه,ي | ستصرخ | ه,too_few_segments
تَقْتُلَنِي,1,ت | قتل | ني,ت | قتل | ن | ي,too_few_segments
يَأْتَمِرُونَ,1,ي | أتمر | ون,ي | أتمر | و | ن,too_few_segments
لِيَقْتُلُوكَ,1,ل | ي | قتلو | ك,ل | ي | قتل | و | ك,too_few_segments
تَوَجَّهَ,1,ت | وج | ه,توجه,too_many_segments
يَهْدِيَنِي,1,ي | هدي | ني,ي | هدي | ن | ي,too_few_segments
وَرَدَ,1,و | رد,ورد,too_many_segments
امْرَأَتَيْنِ,1,ا | مرأت | ين,امرأ | ة | ين,wrong_content
تَذُودَانِ,1,تذودان,ت | ذود | ان,too_few_segments
وَأَبُونَا,1,و | أبو | نا,و | أب | نا,wrong_content
اسْتَأْجِرْهُ,1,استأجر | ه,ا | ستأجر | ه,too_few_segments
أُنْكِحَكَ,1,أنكح | ك,أ | نكح | ك,too_few_segments
ابْنَتَيَّ,1,ابنتي,ابن | ت | ي,too_few_segments
تَأْجُرَنِي,1,ت | أجر | ني,ت | أجر | ن | ي,too_few_segments
ثَمَانِيَ,1,ثما | ني,ثماني,too_many_segments
أَشُقَّ,1,أشق,أ | شق,too_few_segments
أَيَّمَا,1,أيما,أي | ما,too_few_segments
أَقْبِلْ,1,أقبل,أ | قبل,too_few_segments
فَذَانِكَ,1,ف | ذان | ك,ف | ذانك,too_many_segments
بُرْهَانَانِ,1,برهانان,برهان | ان,too_few_segments
يُصَدِّقُنِي,1,ي | صدق | ني,ي | صدق | ن | ي,too_few_segments
بِأَخِيكَ,1,ب | أخي | ك,ب | أخ | ي | ك,too_few_segments
فَأَوْقِدْ,1,ف | أوقد,ف | أ | وقد,too_few_segments
يَا هَامَانُ,1,يا |  هامان,يا | هامان,wrong_content
أَطَّلِعُ,1,أطلع,أ | طلع,too_few_segments
الْغَرْبِيِّ,1,ال | غربي,ال | غرب | ي,too_few_segments
نَادَيْنَا,1,ن | ادي | نا,نادي | نا,too_many_segments
سِحْرَانِ,1,سحران,سحر | ان,too_few_segments
أَتَّبِعْهُ,1,أتبع | ه,أ | تبع | ه,too_few_segments
وَصَّلْنَا,1,و | صل | نا,وصل | نا,too_many_segments
نَبْتَغِي,1,ن | بتغ | ي,ن | بتغي,too_many_segments
نَتَّبِعِ,1,نتبع,ن | تبع,too_few_segments
نُتَخَطَّفْ,1,نتخطف,ن | تخطف,too_few_segments
مَعِيشَتَهَا,1,معيش | ة | ها,معيش | ت | ها,wrong_content
وَزِينَتُهَا,1,و | زين | ة | ها,و | زين | ت | ها,wrong_content
وَعَدْنَاهُ,1,و | عد | نا | ه,وعد | نا | ه,too_many_segments
أَجَبْتُمُ,1,أ | جب | تم,أجب | تم,too_many_segments
لَتَنُوءُ,1,لتنوء,ل | ت | نوء,too_few_segments
تَنْسَ,1,تنس,ت | نس,too_few_segments
تَبْغِ,1,تبغ,ت | بغ,too_few_segments
أُوتِيتُهُ,1,أوتي | ة | ه,أوتي | ت | ه,wrong_content
زِينَتِهِ,1,زين | ة | ه,زين | ت | ه,wrong_content
وَيْكَأَنَّ,1,ويكأن,و | ي | كأن,too_few_segments
وَيْكَأَنَّهُ,1,ويكأن | ه,و | ي | كأن | ه,too_few_segments
لَرَادُّكَ,1,لراد | ك,ل | راد | ك,too_few_segments
يَصُدُّنَّكَ,1,ي | صدن | ك,ي | صد | ن | ك,too_few_segments
أَحَسِبَ,1,أحسب,أ | حسب,too_few_segments
فَلَيَعْلَمَنَّ,1,ف | ليعلمن,ف | ل | ي | علم | ن,too_few_segments
يَسْبِقُونَا,1,ي | سبقو | نا,ي | سبق | و | نا,too_few_segments
يُجَاهِدُ,1,يجاهد,ي | جاهد,too_few_segments
لَنُكَفِّرَنَّ,1,لنكفرن,ل | ن | كفر | ن,too_few_segments
لَنُدْخِلَنَّهُمْ,1,لندخلن | هم,ل | ن | دخل | ن | هم,too_few_segments
أُوذِيَ,1,أوذ | ي,أ | وذي,wrong_content
كَعَذَابِ,1,كعذاب,ك | عذاب,too_few_segments
وَلْنَحْمِلْ,1,ولنحمل,و | ل | ن | حمل,too_few_segments
وَلَيَحْمِلُنَّ,1,و | ليحملن,و | ل | ي | حمل | ن,too_few_segments
وَلَيُسْأَلُنَّ,1,و | ليسألن,و | ل | ي | سأل | ن,too_few_segments
وَتَخْلُقُونَ,1,و | ت | خلق | ون,و | ت | خلق | و | ن,too_few_segments
وَاعْبُدُوهُ,1,و | اعبدو | ه,و | ا | عبد | و | ه,too_few_segments
رَحْمَتِي,1,رحم | ة | ي,رحم | ت | ي,wrong_content
اقْتُلُوهُ,1,اقتلو | ه,ا | قتل | و | ه,too_few_segments
وَيَلْعَنُ,1,و | ي | ل | عن,و | ي | لعن,too_many_segments
مُهْلِكُو,1,مهلكو,مهلك | و,too_few_segments
لَنُنَجِّيَنَّهُ,1,لننجين | ه,ل | ن | نجي | ن | ه,too_few_segments
مُنَجُّوكَ,1,منجو | ك,منج | و | ك,too_few_segments
تَرَكْنَا,1,ت | رك | نا,ترك | نا,too_many_segments
فَكُلَّاً,1,فكل | ا,ف | كل | ا,too_few_segments
أَوْهَنَ,1,أو | هن,أوهن,too_many_segments
لَبَيْتُ,1,لبي | ت,ل | بيت,wrong_content
اتْلُ,1,اتل,ا | تل,too_few_segments
وَلَذِكْرُ,1,و | لذكر,و | ل | ذكر,too_few_segments
لَارْتَابَ,1,لارتاب,ل | ارتاب,too_few_segments
لَجَاءَهُمُ,1,لجاء | هم,ل | جاء | هم,too_few_segments
وَلَيَأْتِيَنَّهُمْ,1,و | ليأتين | هم,و | ل | ي | أتي | ن | هم,too_few_segments
يَسْتَعْجِلُونَكَ,1,ي | ستعجلونك,ي | ستعجل | ون | ك,too_few_segments
لَهْوٌ,1,ل | هو,لهو,too_many_segments
وَيُتَخَطَّفُ,1,و | يتخطف,و | ي | تخطف,too_few_segments
وَبِنِعْمَةِ,1,و | ب | ن | عم | ة,و | ب | نعم | ة,too_many_segments
لَنَهْدِيَنَّهُمْ,1,لنهدين | هم,ل | ن | هدي | ن | هم,too_few_segments
غُلِبَتِ,1,غلبت,غلب | ت,too_few_segments
لَكَافِرُونَ,1,لكافر | ون,ل | كافر | ون,too_few_segments
وَعَمَرُوهَا,1,و | عمرو | ها,و | عمر | و | ها,too_few_segments
عَمَرُوهَا,1,عمرو | ها,عمر | و | ها,too_few_segments
يَتَفَرَّقُونَ,1,ي | تفرق | ون,ي | تفرق | و | ن,too_few_segments
وَيُحْيِي,1,و | ي | حيي,و | ي | حيى,wrong_content
أَلْسِنَتِكُمْ,1,ألسن | ة | كم,ألسن | ت | كم,wrong_content
لِلْعَالِمِينَ,1,ل | ال | عالم | ين,ل | ل | عالم | ين,wrong_content
تَخَافُونَهُمْ,1,تخافون | هم,ت | خاف | ون | هم,too_few_segments
كَخِيفَتِكُمْ,1,كخيف | ة | كم,ك | خيف | ت | كم,too_few_segments
فِطْرَتَ,1,فطرت,فطر | ت,too_few_segments
يَتَكَلَّمُ,1,يتكلم,ي | تكلم,too_few_segments
رِبَاً,1,رب | ا,ربا,too_many_segments
يَصَّدَّعُونَ,1,ي | صدع | ون,ي | صدع | و | ن,too_few_segments
لَمُبْلِسِينَ,1,لمبلس | ين,ل | مبلس | ين,too_few_segments
فَرَأَوْهُ,1,ف | رأو | ه,ف | رأ | و | ه,too_few_segments
لَظَلُّوا,1,لظل | وا,ل | ظل | وا,too_few_segments
يَسْتَخِفَّنَّكَ,1,ي | ستخفنك,ي | ستخف | ن | ك,too_few_segments
يَشْتَرِي,1,ي | شتر | ي,ي | شتري,too_many_segments
لَهْوَ,1,ل | هو,لهو,too_many_segments
وَيَتَّخِذَهَا,1,و | يتخذ | ها,و | ي | تخذ | ها,too_few_segments
أُذُنَيْهِ,1,أذ | ني | ه,أذن | ي | ه,wrong_content
فَأَرُونِي,1,ف | أرو | ني,ف | أر | و | ن | ي,too_few_segments
يَعِظُهُ,1,يعظ | ه,ي | عظ | ه,too_few_segments
وَلِوَالِدَيْكَ,1,و | ل | والدي | ك,و | ل | والد | ي | ك,too_few_segments
وَانْهَ,1,و | انه,و | ا | نه,too_few_segments
صَوْتِكَ,1,صو | ت | ك,صوت | ك,too_many_segments
الْأَصْوَاتِ,1,ال | أصو | ات,ال | أصوات,too_many_segments
لَصَوْتُ,1,لصو | ت,ل | صوت,wrong_content
وَلَدِهِ,1,و | لده,ولد | ه,wrong_content
وَالِدِهِ,1,و | ال | ده,والد | ه,too_many_segments
نَسْلَهُ,1,ن | سله,نسل | ه,wrong_content
نَاكِسُو,1,ناكسو,ناكس | و,too_few_segments
فَارْجِعْنَا,1,ف | ارجع | نا,ف | ا | رجع | نا,too_few_segments
لَآتَيْنَا,1,لآتي | نا,ل | آتي | نا,too_few_segments
تَتَجَافَى,1,تتجافى,ت | تجافى,too_few_segments
أُخْفِيَ,1,أخف | ي,أخفي,too_many_segments
فَمَأْوَاهُمُ,1,ف | مأ | وا | هم,ف | مأوا | هم,too_many_segments
لِقَائِهِ,1,ل | قائ | ه,لقائ | ه,too_many_segments
زَاغَتِ,1,زاغت,زاغ | ت,too_few_segments
وَبَلَغَتِ,1,و | بلغت,و | بلغ | ت,too_few_segments
الظُّنُونَا,1,ال | ظنو | نا,ال | ظنون | ا,wrong_content
ابْتُلِيَ,1,ابتل | ي,ابتلي,too_many_segments
يَثْرِبَ,1,ي | ثرب,يثرب,too_many_segments
بُيُوتَنَا,1,بيو | ة | نا,بيوت | نا,too_many_segments
لَآتَوْهَا,1,لآتو | ها,ل | آت | و | ها,too_few_segments
تَلَبَّثُوا,1,تلبث | وا,ت | لبث | وا,too_few_segments
فَرَرْتُمْ,1,ف | رر | تم,فرر | تم,too_many_segments
سَلَقُوكُمْ,1,سلقو | كم,سلق | و | كم,too_few_segments
نَحْبَهُ,1,ن | حبه,نحب | ه,wrong_content
ظَاهَرُوهُمْ,1,ظاهرو | هم,ظاهر | و | هم,too_few_segments
تَطَئُوهَا,1,تطئو | ها,ت | طئ | و | ها,too_few_segments
فَتَعَالَيْنَ,1,ف | ت | عال | ين,ف | تعال | ين,too_many_segments
أُمَتِّعْكُنَّ,1,أمتع | كن,أ | متع | كن,too_few_segments
وَأُسَرِّحْكُنَّ,1,و | أسرح | كن,و | أ | سرح | كن,too_few_segments
كَأَحَدٍ,1,كأحد,ك | أحد,too_few_segments
اتَّقَيْتُنَّ,1,اتقي | تن,اتقي | ت | ن,too_few_segments
تَخْضَعْنَ,1,ت | خضعن,ت | خضع | ن,too_few_segments
وَقَرْنَ,1,و | قرن,و | قر | ن,too_few_segments
تَبَرَّجْنَ,1,ت | برجن,ت | برج | ن,too_few_segments
تَبَرُّجَ,1,ت | برج,تبرج,too_many_segments
وَأَقِمْنَ,1,و | أقمن,و | أ | قمن | ن,too_few_segments
وَآتِينَ,1,و | آت | ين,و | آتي | ن,wrong_content
وَأَطِعْنَ,1,و | أطعن,و | أ | طع | ن,too_few_segments
وَاذْكُرْنَ,1,و | اذكرن,و | ا | ذكر | ن,too_few_segments
لَطِيفَاً,1,ل | طيف | ا,لطيف | ا,too_many_segments
زَوَّجْنَاكَهَا,1,زوجناك | ها,زوج | نا | كها,too_few_segments
وَيَخْشَوْنَهُ,1,و | ي | خشون | ه,و | ي | خش | ون | ه,too_few_segments
وَخَاتَمَ,1,و | خا | تم,و | خاتم,too_many_segments
وَسَبِّحُوهُ,1,و | سبحو | ه,و | سبح | و | ه,too_few_segments
وَمَلَائِكَتُهُ,1,و | ملائك | ة | ه,و | ملائك | ت | ه,wrong_content
وَدَاعِيَاً,1,و | داعي | ا,و | اعي | ا,wrong_content
نَكَحْتُمُ,1,ن | كح | تم,نكح | تم,too_many_segments
تَعْتَدُّونَهَا,1,ت | عتدون | ها,ت | عتد | ون | ها,too_few_segments
فَمَتِّعُوهُنَّ,1,ف | متعو | هن,ف | متع | و | هن,too_few_segments
وَسَرِّحُوهُنَّ,1,و | سرحو | هن,و | سرح | و | هن,too_few_segments
هَاجَرْنَ,1,هاجرن,هاجر | ن,too_few_segments
وَامْرَأَةً,1,وامرأ | ة,و | امرأ | ة,too_few_segments
وَهَبَتْ,1,و | هب | ت,وهب | ت,too_many_segments
نَفْسَهَا,1,ن | فس | ها,نفس | ها,too_many_segments
يَسْتَنْكِحَهَا,1,ي | ستنكحها,ي | ستنكح | ها,too_few_segments
فَرَضْنَا,1,ف | رض | نا,فرض | نا,too_many_segments
يَحْزَنَّ,1,ي | حزن,ي | حزن | ن,too_few_segments
وَيَرْضَيْنَ,1,و | ي | رض | ين,و | ي | رضي | ن,wrong_content
آتَيْتَهُنَّ,1,آتي | ة | هن,آتي | ت | هن,wrong_content
نَاظِرِينَ,1,ن | اظر | ين,ناظر | ين,too_many_segments
سَأَلْتُمُوهُنَّ,1,سأل | تمو | هن,سأل | تم | و | هن,too_few_segments
فَاسْأَلُوهُنَّ,1,ف | اسألو | هن,ف | اسأل | و | هن,too_few_segments
وَاتَّقِينَ,1,و | اتق | ين,و | اتقي | ن,wrong_content
وَمَلَائِكَتَهُ,1,و | ملائك | ة | ه,و | ملائك | ت | ه,wrong_content
يُدْنِيْنَ,1,ي | دن | ين,ي | دني | ن,wrong_content
يُعْرَفْنَ,1,ي | عرفن,ي | عرف | ن,too_few_segments
يُؤْذَيْنَ,1,ي | ؤذ | ين,ي | ؤذي | ن,wrong_content
لَنُغْرِيَنَّكَ,1,لنغرين | ك,ل | ن | غري | ن | ك,too_few_segments
يُجَاوِرُونَكَ,1,يجاورون | ك,ي | جاور | ون | ك,too_few_segments
لَعَنَ,1,ل | عن,لعن,too_many_segments
الرَّسُولَا,1,ال | رسولا,ال | رسول | ا,too_few_segments
سَادَتَنَا,1,ساد | ة | نا,ساد | ت | نا,wrong_content
فَأَضَلُّونَا,1,ف | أضلو | نا,ف | أضل | و | نا,too_few_segments
السَّبِيلَا,1,ال | سبيلا,ال | سبيل | ا,too_few_segments
وَالْعَنْهُمْ,1,و | ال | عن | هم,و | ا | لعن | هم,wrong_content
لَعْنَاً,1,ل | عن | ا,لعن | ا,too_many_segments
فَأَبَيْنَ,1,ف | أب | ين,ف | أبي | ن,wrong_content
يَحْمِلْنَهَا,1,ي | حملن | ها,ي | حمل | ن | ها,too_few_segments
وَأَشْفَقْنَ,1,و | أشفقن,و | أشفق | ن,too_few_segments
لَتَأْتِيَنَّكُمْ,1,لتأتين | كم,ل | ت | أتي | ن | كم,too_few_segments
وَيَرَى,1,و | يرى,و | ي | رى,too_few_segments
أَفْتَرَى,1,أفترى,أ | فترى,too_few_segments
وَأَلَنَّا,1,و | ألن | نا,و | أل | نا,wrong_content
اعْمَلْ,1,ا | عمل,اعمل,too_many_segments
مِنْسَأَتَهُ,1,منسأ | ة | ه,منسأ | ت | ه,wrong_content
تَبَيَّنَتِ,1,تبينت,تبين | ت,too_few_segments
لِسَبَإٍ,1,ل | سبإ,ل | سبأ,wrong_content
مَسْكَنِهِمْ,1,مس | كن | هم,مسكن | هم,too_many_segments
وَرَبٌّ,1,ورب,و | رب,too_few_segments
سَيْلَ,1,س | يل,سيل,too_many_segments
بِجَنَّتَيْهِمْ,1,ب | جنتي | هم,ب | جن | ت | ي | هم,too_few_segments
نُجَازِي,1,نجاز | ي,ن | جازي,wrong_content
لَيَالِيَ,1,ليال | ي,ليالي,too_many_segments
فَاتَّبَعُوهُ,1,ف | اتبعو | ه,ف | اتبع | و | ه,too_few_segments
فُزِّعَ,1,ف | زع,فزع,too_many_segments
أَرُونِيَ,1,أرو | ني,أ | ر | و | ن | ي,too_few_segments
تَأْمُرُونَنَا,1,ت | أمرون | نا,ت | أمر | ون | نا,too_few_segments
يَدْرُسُونَهَا,1,ي | درسون | ها,ي | درس | ون | ها,too_few_segments
أَعِظُكُمْ,1,أعظ | كم,أ | عظ | كم,too_few_segments
فَزِعُوا,1,ف | زع | وا,فزع | وا,too_many_segments
فَوْتَ,1,فو | ت,فوت,too_many_segments
فُعِلَ,1,ف | عل,فعل,too_many_segments
مُمْسِكَ,1,ممس | ك,ممسك,too_many_segments
فَاتَّخِذُوهُ,1,ف | اتخذو | ه,ف | اتخذ | و | ه,too_few_segments
نَفْسُكَ,1,ن | فسك,نفس | ك,wrong_content
الْبَحْرَانِ,1,ال | بحران,ال | بحر | ان,too_few_segments
الْأَمْوَاتُ,1,ال | أمو | ات,ال | أموات,too_many_segments
تَبُورَ,1,تبور,ت | بور,too_few_segments
تَذَكَّرَ,1,ت | ذكر,تذكر,too_many_segments
بَيِّنَتٍ,1,بينت,بين | ت,too_few_segments
يَعِدُ,1,يعد,ي | عد,too_few_segments
تَزُولَا,1,تزولا,ت | زول | ا,too_few_segments
زَالَتَا,1,زالتا,زال | ت | ا,too_few_segments
لَيَكُونُنَّ,1,ليكونن,ل | ي | كون | ن,too_few_segments
تَنْزِيلَ,1,ت | نزيل,تنزيل,too_many_segments
لَمُرْسَلُونَ,1,لمرسل | ون,ل | مرسل | ون,too_few_segments
لَنَرْجُمَنَّكُمْ,1,لنرجمن | كم,ل | ن | رجم | ن | كم,too_few_segments
وَلَيَمَسَّنَّكُمْ,1,و | ليمسن | كم,و | ل | ي | مس | ن | كم,too_few_segments
أَئِنْ,1,أئن,أ | ئن,too_few_segments
أَأَتَّخِذُ,1,أ | أتخذ,أ | أ | تخذ,too_few_segments
يُرِدْنِ,1,يردن,ي | رد | ن,too_few_segments
فَاسْمَعُونِ,1,ف | ا | سمع | ون,ف | ا | سمع | و | ن,too_few_segments
ادْخُلِ,1,ادخل,ا | دخل,too_few_segments
الْعُيُونِ,1,ال | عي | ون,ال | عيون,too_many_segments
كَالْعُرْجُونِ,1,ك | ال | عرج | ون,ك | ال | عرجون,too_many_segments
يَرْكَبُونَ,1,ي | ركب | ون,ي | ركب | و | ن,too_few_segments
فَاكِهُونَ,1,ف | اكه | ون,فاكه | ون,too_many_segments
أَعْهَدْ,1,أعهد,أ | عهد,too_few_segments
اعْبُدُونِي,1,اعبدو | ني,ا | عبد | و | ن | ي,too_few_segments
وَتُكَلِّمُنَا,1,و | تكلم | نا,و | ت | كلم | نا,too_few_segments
لَطَمَسْنَا,1,لطمس | نا,ل | طمس | نا,too_few_segments
لَمَسَخْنَاهُمْ,1,لمسخ | نا | هم,ل | مسخ | نا | هم,too_few_segments
نَصْرَهُمْ,1,ن | صر | هم,نصر | هم,too_many_segments
تُوقِدُونَ,1,توقد | ون,ت | وقد | ون,too_few_segments
لَازِبٍ,1,ل | ازب,لازب,too_many_segments
وَيَسْخَرُونَ,1,و | ي | سخر | ون,و | ي | سخر | و | ن,too_few_segments
احْشُرُوا,1,ا | حشر | وا,احشر | وا,too_many_segments
فَاهْدُوهُمْ,1,ف | ا | هدو | هم,ف | ا | هد | و | هم,too_few_segments
وَقِفُوهُمْ,1,و | قفو | هم,و | قف | و | هم,too_few_segments
تَنَاصَرُونَ,1,ت | ناصر | ون,تناصر | ون,too_many_segments
تَأْتُونَنَا,1,ت | أتون | نا,ت | أت | ون | نا,too_few_segments
لَذَائِقُونَ,1,لذائق | ون,ل | ذائق | ون,too_few_segments
لَتَارِكُو,1,لتاركو,ل | تارك | و,too_few_segments
لَذَائِقُو,1,لذائقو,ل | ذائق | و,too_few_segments
لَمَدِينُونَ,1,لمدين | ون,ل | مدين | ون,too_few_segments
لَتُرْدِينِ,1,لترد | ين,ل | ت | ردي | ن,too_few_segments
نِعْمَةُ,1,ن | عم | ة,نعم | ة,too_many_segments
أَفَمَا,1,أفما,أ | ف | ما,too_few_segments
مَوْتَتَنَا,1,مو | ت | ة | نا,موت | ت | نا,too_many_segments
فَلْيَعْمَلِ,1,فليعمل,ف | ل | ي | عمل,too_few_segments
نَادَانَا,1,ن | ادا | نا,نادا | نا,too_many_segments
لَإِبْرَاهِيمَ,1,لإبراهيم,ل | إبراهيم,too_few_segments
أَئِفْكَاً,1,أئفك | ا,أ | ئفك | ا,too_few_segments
آلِهَتِهِمْ,1,آله | ة | هم,ال | آله | ت | هم,too_few_segments
أَذْبَحُكَ,1,أذبح | ك,أ | ذبح | ك,too_few_segments
افْعَلْ,1,ا | فعل,أب | افعل | ت,too_few_segments
أَسْلَمَا,1,أسلما,أسلم | ا,too_few_segments
لِلْجَبِينِ,1,ل | ال | جب | ين,ل | ال | جبين,too_many_segments
الْمُسْتَبِينَ,1,ال | مستب | ين,ال | مستبين,too_many_segments
إِنَّهُمَا,1,أن | هما,أن | ه | ما,too_few_segments
إِلْيَاسيْنَ,1,إلياس | ين,آل | ياسين,wrong_content
لَتَمُرُّونَ,1,لتمر | ون,ل | ت | مر | ون,too_few_segments
فَسَاهَمَ,1,ف | سا | هم,ف | ساهم,too_many_segments
فَالْتَقَمَهُ,1,ف | ال | تقم | ه,ف | التقم | ه,too_many_segments
يَقْطِينٍ,1,يقط | ين,يقطين,too_many_segments
أَلِرَبِّكَ,1,ألرب | ك,أ | ل | رب | ك,too_few_segments
أَصْطَفَى,1,أصطفى,أ | صطفى,too_few_segments
عَلِمَتِ,1,علمت,علم | ت,too_few_segments
بِفَاتِنِينَ,1,ب | فا | تن | ين,ب | فاتن | ين,too_many_segments
كَلِمَتُنَا,1,كلم | ة | نا,كلم | ت | نا,wrong_content
بِسَاحَتِهِمْ,1,ب | ساح | ة | هم,ب | ساح | ت | هم,wrong_content
وَتَوَلَّ,1,و | ت | ول,و | تول,too_many_segments
أَجَعَلَ,1,أجعل,أ | جعل,too_few_segments
آلِهَتِكُمْ,1,آله | ة | كم,آله | ت | كم,wrong_content
فَلْيَرْتَقُوا,1,فليرتق | وا,ف | ل | ي | رتق | وا,too_few_segments
فَوَاقٍ,1,ف | واق,فواق,too_many_segments
اصْبِرْ,1,ا | صبر,اصبر,too_many_segments
وَاهْدِنَا,1,و | اهد | نا,و | ا | هد | نا,too_few_segments
وَتِسْعُونَ,1,و | ت | سع | ون,و | تسع | ون,too_many_segments
أَكْفِلْنِيهَا,1,أكفل | ني | ها,أ | كفل | ن | ي | ها,too_few_segments
وَعَزَّنِي,1,و | عز | ني,و | عز | ن | ي,too_few_segments
نَعْجَتِكَ,1,ن | عجت | ك,نعج | ت | ك,wrong_content
لَيَبْغِي,1,ليبغ | ي,ل | ي | بغي,too_few_segments
فَتَنَّاهُ,1,ف | تنا | ه,فت | نا | ه,wrong_content
تَتَّبِعِ,1,تتبع,ت | تبع,too_few_segments
وَلِيَتَذَكَّرَ,1,و | ل | يتذكر,و | ل | ي | تذكر,too_few_segments
وَجَدْنَاهُ,1,و | جد | نا | ه,وجد | نا | ه,too_many_segments
الْأَيْدِي,1,ال | أيد | ي,ال | أيدي,too_many_segments
لَحُسْنَ,1,لحسن,ل | حسن,too_few_segments
لَرِزْقُنَا,1,لرزق | نا,ل | رزق | نا,too_few_segments
لَشَرَّ,1,لشر,ل | شر,too_few_segments
فَلْيَذُوقُوهُ,1,فليذوقو | ه,ف | ل | ي | ذوق | و | ه,too_few_segments
صَالُو,1,صالو,صال | و,too_few_segments
قَدَّمْتُمُوهُ,1,قدم | تمو | ه,قدم | تم | و | ه,too_few_segments
فَزِدْهُ,1,ف | زده,ف | زد | ه,too_few_segments
أَتَّخَذْنَاهُمْ,1,أتخذ | نا | هم,أ | تخذ | نا | هم,too_few_segments
بِيَدَيَّ,1,ب | ي | دي,ب | يد | ي,wrong_content
أَسْتَكْبَرْتَ,1,أستكبر | ت,أ | ستكبر | ت,too_few_segments
لَعْنَتِي,1,لعن | ة | ي,لعن | ت | ي,wrong_content
فَبِعِزَّتِكَ,1,ف | ب | عزت | ك,ف | ب | عز | ت | ك,too_few_segments
لَأُغْوِيَنَّهُمْ,1,لأغوين | هم,ل | أ | غوي | ن | هم,too_few_segments
فَاعْبُدِ,1,ف | اعبد,ف | ا | عبد,too_few_segments
لِيُقَرِّبُونَا,1,ل | ي | قربو | نا,ل | ي | قرب | و | نا,too_few_segments
لَاصْطَفَى,1,لاصطفى,ل | اصطفى,too_few_segments
يَرْضَهُ,1,ي | رضه,ي | رض | ه,too_few_segments
تَمَتَّعْ,1,ت | متع,تمتع,too_many_segments
فَاعْبُدُوا,1,ف | ا | عبد | وا,ف | اعبد | وا,too_many_segments
يَعْبُدُوهَا,1,ي | عبدو | ها,ي | عبد | و | ها,too_few_segments
مَثَانِيَ,1,مثا | ني,مثاني,too_many_segments
يَتَّقِي,1,يتق | ي,ي | تقي,wrong_content
بِكَافٍ,1,بكاف,ب | كاف,too_few_segments
وَيُخَوِّفُونَكَ,1,و | ي | خوفون | ك,و | ي | خوف | ون | ك,too_few_segments
أَرَادَنِيَ,1,أراد | ني,أراد | ن | ي,too_few_segments
أَرَادَنِي,1,أراد | ني,أراد | ن | ي,too_few_segments
يَتَوَكَّلُ,1,يتوكل,ي | توكل,too_few_segments
اشْمَأَزَّتْ,1,ا | شمأز | ت,اشمأز | ت,too_many_segments
أُوتِيْتُهُ,1,أوتي | ة | ه,أوتي | ت | ه,wrong_content
يَاحَسْرَتَا,1,يا | حسرتا,يا | حسر | ة | ا,too_few_segments
فَرَّطْتُ,1,ف | رط | ت,فرط | ت,too_many_segments
فَأَكُونَ,1,ف | أك | ون,ف | أ | كون,wrong_content
وَيُنَجِّي,1,و | ي | نج | ي,و | ي | نجي,too_many_segments
تَأْمُرُونِّي,1,ت | أمرون | ني,ت | أمر | ون | ي,too_few_segments
لَيَحْبَطَنَّ,1,ليحبطن,ل | ي | حبط | ن,too_few_segments
وَلَتَكُونَنَّ,1,و | لتكونن,و | ل | ت | كون | ن,too_few_segments
قَبْضَتُهُ,1,قبض | ة | ه,قبض | ت | ه,wrong_content
وَأَشْرَقَتِ,1,و | أشرقت,و | أشرق | ت,too_few_segments
فَادْخُلُوهَا,1,ف | ادخلو | ها,ف | ادخل | و | ها,too_few_segments
نَتَبَوَّأُ,1,نتبوأ,ن | تبوأ,too_few_segments
تَقَلُّبُهُمْ,1,ت | قلب | هم,تقلب | هم,too_many_segments
وَالْأَحْزَابُ,1,و | ال | أحزاب,و | ال | والأحزاب,wrong_content
وَهَمَّتْ,1,و | همت,و | هم | ت,too_few_segments
لِيَأْخُذُوهُ,1,ل | ي | أخذو | ه,ل | ي | أخذ | و | ه,too_few_segments
فَأَخَذْتُهُمْ,1,ف | أخذ | ة | هم,ف | أخذ | ت | هم,wrong_content
وَسِعْتَ,1,و | سع | ت,وسع | ت,too_many_segments
وَقِهِمْ,1,و | قهم,و | ق | هم,too_few_segments
وَعَدْتَهُمْ,1,و | عد | ت | هم,وعد | ت | هم,too_many_segments
وَقِهِمُ,1,و | قهم,و | ق | هم,too_few_segments
تَقِ,1,تق,ت | ق,too_few_segments
رَحِمْتَهُ,1,رحم | ة | ه,رحم | ت | ه,wrong_content
لَمَقْتُ,1,لمق | ت,ل | مقت,wrong_content
مَقْتِكُمْ,1,مق | ت | كم,مقت | كم,too_many_segments
وَأَحْيَيْتَنَا,1,و | أحيي | ة | نا,و | أحيي | ت | نا,wrong_content
الْعَلِيِّ,1,ال | على | ي,ال | علي,too_many_segments
الْأَعْيُنِ,1,ال | أع | ين,ال | أعين,too_many_segments
ذَرُونِي,1,ذرو | ني,ذر | ون | ي,too_few_segments
أَقْتُلْ,1,أقتل,أ | قتل,too_few_segments
وَلْيَدْعُ,1,وليدع,و | ل | ي | دع,too_few_segments
أُرِيكُمْ,1,أري | كم,أ | ري | كم,too_few_segments
أَهْدِيكُمْ,1,أهدي | كم,أ | هدي | كم,too_few_segments
تُوَلُّونَ,1,تول | ون,ت | ول | ون,too_few_segments
أَبْلُغُ,1,أبلغ,أ | بلغ,too_few_segments
فَأَطَّلِعَ,1,ف | أطلع,ف | أ | طلع,too_few_segments
اتَّبِعُونِ,1,اتبع | ون,قوم | تبع | و | ن,too_few_segments
أَهْدِكُمْ,1,أهد | كم,أ | هد | كم,too_few_segments
وَتَدْعُونَنِي,1,و | ت | دعون | ني,و | ت | دع | ون | ن | ي,too_few_segments
لِأَكْفُرَ,1,ل | أكفر,ل | أ | كفر,too_few_segments
وَأُشْرِكَ,1,و | أشر | ك,و | أ | شرك,wrong_content
وَأُفَوِّضُ,1,و | أفوض,و | أ | فوض,too_few_segments
سَيِّئَاتِ,1,س | يئ | ات,سيئ | ات,too_many_segments
غُدُوَّاً,1,غد | وا,غدو | ا,wrong_content
أَدْخِلُوا,1,أدخل | وا,أ | دخل | وا,too_few_segments
لَنَنْصُرُ,1,لننصر,ل | ن | نصر,too_few_segments
بِبَالِغِيهِ,1,ب | بالغي | ه,ب | بالغ | ي | ه,too_few_segments
لَخَلْقُ,1,لخلق,ل | خلق,too_few_segments
ادْعُونِي,1,ادعو | ني,ادع | و | ن | ي,too_few_segments
أَسْتَجِبْ,1,أستجب,أ | ستجب,too_few_segments
جَاءَنِيَ,1,جاء | ني,جاء | ن | ي,too_few_segments
أُسْلِمَ,1,أسلم,أ | سلم,too_few_segments
يُسْحَبُونَ,1,ي | سحب | ون,ي | سحب | و | ن,too_few_segments
وَاسْتَغْفِرُوهُ,1,و | استغفرو | ه,و | استغفر | و | ه,too_few_segments
لَتَكْفُرُونَ,1,لتكفر | ون,ل | ت | كفر | ون,too_few_segments
وَبَارَكَ,1,و | بار | ك,و | بارك,too_many_segments
أَقْوَاتَهَا,1,أقو | ات | ها,أقوات | ها,too_many_segments
ائْتِيَا,1,ائتيا,ا | ئتي | ا,too_few_segments
وَزَيَّنَّا,1,و | زين | نا,و | زي | نا,wrong_content
أَنْذَرْتُكُمْ,1,أنذر | ة | كم,أنذر | ت | كم,wrong_content
وَذَلِكُمْ,1,و | ذل | كم,و | ذلك | م,wrong_content
تَسْمَعُوا,1,ت | سمع | وا,ت | تسمع | وا,wrong_content
وَالْغَوْا,1,و | ال | غوا,و | ا | لغ | وا,too_few_segments
فَلَنُذِيقَنَّ,1,ف | لنذيقن,ف | ل | ن | ذيق | ن,too_few_segments
أَضَلَّانَا,1,أضلا | نا,أضل | ا | نا,too_few_segments
لِيَكُونَا,1,ل | ي | كو | نا,ل | ي | كون | ا,wrong_content
تَتَنَزَّلُ,1,تتنزل,ت | تنزل,too_few_segments
تَشْتَهِي,1,ت | شته | ي,ت | شتهي,too_many_segments
أَعْجَمِيَّاً,1,أعجمي | ا,أعجم | ي | ا,too_few_segments
أَأَعْجَمِيٌّ,1,أ | أعجمي,أ | أعجم | ي,too_few_segments
وَعَرَبِيٌّ,1,و | عربي,و | عرب | ي,too_few_segments
آذَنَّاكَ,1,آذ | نا | ك,آذن | نا | ك,wrong_content
فَلَنُنَبِّئَنَّ,1,ف | لننبئن,ف | ل | ن | نبئ | ن,too_few_segments
يَكْفِ,1,يكف,ي | كف,too_few_segments
لِقَاءِ,1,ل | قاء,لقاء,too_many_segments
لَجَعَلَهُمْ,1,لجعل | هم,ل | جعل | هم,too_few_segments
فَاطِرُ,1,ف | اطر,فاطر,too_many_segments
كَمِثْلِهِ,1,كمثل | ه,ك | مثل | ه,too_few_segments
وَصَّى,1,و | صى,وصى,too_many_segments
لِأَعْدِلَ,1,ل | أعدل,ل | أ | عدل,too_few_segments
حُجَّتُهُمْ,1,حجت | هم,حج | ت | هم,too_few_segments
يُمَارُونَ,1,ي | مار | ون,ي | مار | و | ن,too_few_segments
وَيَمْحُ,1,و | يمح,و | ي | مح,too_few_segments
لَبَغَوْا,1,لبغ | وا,ل | بغ | وا,too_few_segments
فَيَظْلَلْنَ,1,ف | ي | ظللن,ف | ي | ظلل | ن,too_few_segments
يُوبِقْهُنَّ,1,يوبق | هن,ي | وبق | هن,too_few_segments
وَيَعْفُ,1,و | يعف,و | ي | يعف,too_few_segments
يَغْفِرُونَ,1,ي | غفر | ون,ي | غفر,too_many_segments
وَيَبْغُونَ,1,و | ي | بغ | ون,و | ي | بغ | و | ن,too_few_segments
مَلْجَإٍ,1,ملجإ,ملجأ,wrong_content
يَهَبُ,1,يهب,ي | هب,too_few_segments
وَيَهَبُ,1,و | يهب,و | ي | هب,too_few_segments
فَيُوحِيَ,1,ف | يوح | ي,ف | ي | وحي,wrong_content
عَلِيٌّ,1,على | ي,علي,too_many_segments
لَتَهْدِي,1,لتهد | ي,ل | ت | هدي,too_few_segments
لَعَلِيٌّ,1,ل | على | ي,ل | علي,too_many_segments
أَفَنَضْرِبُ,1,أفنضرب,أ | ف | ن | ضرب,too_few_segments
فَأَهْلَكْنَا,1,ف | أهلك | نا,ف | أهلك,too_many_segments
لَمُنْقَلِبُونَ,1,لمنقلب | ون,ل | منقلب | ون,too_few_segments
أَشَهِدُوا,1,أشهد | وا,أ | شهد | وا,too_few_segments
شَهَادَتُهُمْ,1,شهاد | ة | هم,شهاد | ت | هم,wrong_content
الْقَرْيَتَيْنِ,1,ال | قريت | ين,ال | قري | ت | ين,too_few_segments
مَعِيشَتَهُمْ,1,معيش | ة | هم,معيش | ت | هم,wrong_content
لِيَتَّخِذَ,1,ل | يتخذ,ل | ي | تخذ,too_few_segments
وَرَحْمَتُ,1,و | رحمت,و | رحم | ة,too_few_segments
لِبُيُوتِهِمْ,1,ل | بيو | ة | هم,ل | بيوت | هم,too_many_segments
وَلِبُيُوتِهِمْ,1,و | ل | بيو | ة | هم,و | ل | بيوت | هم,too_many_segments
يَعْشُ,1,يعش,ي | عش,too_few_segments
نُقَيِّضْ,1,ن | قيض,نقيض,too_many_segments
لَيَصُدُّونَهُمْ,1,ليصدون | هم,ل | ي | صد | ون | هم,too_few_segments
الْقَرِينُ,1,ال | قر | ين,ال | قرين,too_many_segments
نَذْهَبَنَّ,1,ن | ذهبن,ن | ذهب | ن,too_few_segments
وَعَدْنَاهُمْ,1,و | عد | نا | هم,وعد | نا | هم,too_many_segments
فَاسْتَمْسِكْ,1,ف | استمس | ك,ف | استمسك,too_many_segments
أَجَعَلْنَا,1,أجعل | نا,أ | جعل | نا,too_few_segments
أُخْتِهَا,1,أخ | ت | ها,أخت | ها,too_many_segments
يَاأَيُّهَا,1,يا | أي | ها,يا | أي | ه,wrong_content
فَأَطَاعُوهُ,1,ف | أطاعو | ه,ف | أطاع | و | ه,too_few_segments
آسَفُونَا,1,آسفو | نا,آسف | و | نا,too_few_segments
يَصِدُّونَ,1,ي | صد | ون,ي | صد | و | ن,too_few_segments
أَآلِهَتُنَا,1,أآله | ة | نا,أ | آله | ت | نا,too_few_segments
ضَرَبُوهُ,1,ضربو | ه,ضرب | و | ه,too_few_segments
يَخْلُفُونَ,1,ي | خلف | ون,ي | خلف | و | ن,too_few_segments
تَمْتَرُنَّ,1,ت | مترن,ت | متر | ن,too_few_segments
وَاتَّبِعُونِ,1,و | اتبع | ون,و | اتبع | و | ن,too_few_segments
يَصُدَّنَّكُمُ,1,ي | صدن | كم,ي | صد | ن | كم,too_few_segments
وَلِأُبَيِّنَ,1,و | ل | أب | ين,و | ل | أ | بين,wrong_content
الْأَخِلَّاءُ,1,ال | أخلاء,ال | لأخلاء,wrong_content
الْأَعْيُنُ,1,ال | أع | ين,ال | أعين,too_many_segments
لِيَقْضِ,1,ل | يقض,ل | ي | قض,too_few_segments
وَتَبَارَكَ,1,و | تبار | ك,و | تبارك,too_many_segments
لَيْلَةٍ,1,ل | يل | ة,ليل | ة,too_many_segments
كَاشِفُو,1,كاشفو,كاشف | و,too_few_segments
وَاتْرُكِ,1,و | اتر | ك,و | ا | ترك,wrong_content
رَهْوَاً,1,ره | وا,رهو | ا,wrong_content
مَوْتَتُنَا,1,مو | ت | ة | نا,موت | ت | نا,too_many_segments
خَلَقْنَاهُمَا,1,خلق | نا | هما,خلق | نا | ه | ما,too_few_segments
مِيقَاتُهُمْ,1,ميق | ات | هم,ميقات | هم,too_many_segments
شَجَرَتَ,1,شجرت,شجر | ة,too_few_segments
الْبُطُونِ,1,ال | بط | ون,ال | بطون,too_many_segments
كَغَلْيِ,1,كغل | ي,ك | غلي,wrong_content
فَاعْتِلُوهُ,1,ف | اعتلو | ه,ف | ا | عتل | و | ه,too_few_segments
وَمَمَاتُهُمْ,1,و | مم | ات | هم,و | ممات | هم,too_many_segments
حُجَّتَهُمْ,1,حجت | هم,حج | ت | هم,too_few_segments
تُدْعَى,1,ت | دعى,ت | دعي,wrong_content
كِتَابِهَا,1,ك | تاب | ها,كتاب | ها,too_many_segments
كِتَابُنَا,1,ك | ت | اب | نا,كتاب | نا,too_many_segments
بِدْعَاً,1,ب | دع | ا,بدع | ا,too_many_segments
نَتَقَبَّلُ,1,نتقبل,ن | تقبل,too_few_segments
وَنَتَجَاوَزُ,1,و | نتجاوز,و | ن | تجاوز,too_few_segments
لِوَالِدَيْهِ,1,ل | والدي | ه,ل | والد | ي | ه,too_few_segments
أَتَعِدَانِنِي,1,أ | تعدان | ني,أ | ت | عد | ان | ن | ي,too_few_segments
الْقُرُونُ,1,ال | قر | ون,ال | قرون,too_many_segments
حَيَاتِكُمُ,1,حي | ات | كم,حيا | ة | كم,wrong_content
وَأُبَلِّغُكُمْ,1,و | أبلغ | كم,و | أ | بلغ | كم,too_few_segments
أَوْدِيَتِهِمْ,1,أودي | ة | هم,أودي | ت | هم,wrong_content
أَفْئِدَتُهُمْ,1,أفئد | ة | هم,أفئد | ت | هم,wrong_content
حَضَرُوهُ,1,حضرو | ه,حضر | و | ه,too_few_segments
يَعْيَ,1,يعي,ي | عي,too_few_segments
أَثْخَنْتُمُوهُمْ,1,أثخن | تمو | هم,أثخن | تم | و | هم,too_few_segments
تَضَعَ,1,تضع,ت | ضع,too_few_segments
لَانْتَصَرَ,1,لانتصر,ل | انتصر,too_few_segments
قَرْيَتِكَ,1,قري | ة | ك,قري | ت | ك,wrong_content
لَبَنٍ,1,ل | ابن,لبن,too_many_segments
يَتَغَيَّرْ,1,يتغير,ي | تغير,too_few_segments
تَقْوَاهُمْ,1,ت | قوا | هم,تقوا | هم,too_many_segments
وَمَثْوَاكُمْ,1,و | مث | وا | كم,و | مثوا | كم,too_many_segments
أَرْحَامَكُمْ,1,أرحام | كم,أرحام,too_many_segments
وَأَمْلَى,1,و | أملى,و | أ | ملى,too_few_segments
تَوَفَّتْهُمُ,1,ت | وفت | هم,توف | ت | هم,wrong_content
لَأَرَيْنَاكَهُمْ,1,لأريناك | هم,ل | أري | نا | ك | هم,too_few_segments
فَلَعَرَفْتَهُمْ,1,ف | لعرف | ة | هم,ف | ل | عرف | ت | هم,too_few_segments
وَلَتَعْرِفَنَّهُمْ,1,و | لتعرفن | هم,و | ل | ت | عرف | ن | هم,too_few_segments
وَنَبْلُوَ,1,و | ن | ب | لو,و | ن | بلو,too_many_segments
يَتِرَكُمْ,1,يتر | كم,ي | ترك | كم,too_few_segments
يَسْأَلْكُمُوهَا,1,ي | سألكمو | ها,ي | سأل | كم | و | ها,too_few_segments
تَقَدَّمَ,1,ت | قدم,تقدم,too_many_segments
وَتُعَزِّرُوهُ,1,و | ت | عزرو | ه,و | ت | عزر | و | ه,too_few_segments
وَتُوَقِّرُوهُ,1,و | توقرو | ه,و | ت | وقر | و | ه,too_few_segments
وَتُسَبِّحُوهُ,1,و | ت | سبحو | ه,و | ت | سبح | و | ه,too_few_segments
يُبَايِعُونَ,1,ي | بايع | ون,ي | بايع | و | ن,too_few_segments
وَأَهْلُونَا,1,و | أهلو | نا,و | أهل | ون | ا,too_few_segments
أَهْلِيهِمْ,1,أهلي | هم,أهل | ي | هم,too_few_segments
انْطَلَقْتُمْ,1,ا | ن | طلق | تم,انطلق | تم,too_many_segments
لِتَأْخُذُوهَا,1,ل | ت | أخذو | ها,ل | ت | أخذ | ها,wrong_content
ذَرُونَا,1,ذرو | نا,ذر | و | نا,too_few_segments
نَتَّبِعْكُمْ,1,نتبع | كم,ن | تبع | كم,too_few_segments
تَتَّبِعُونَا,1,تتبعو | نا,ت | تبع | و | نا,too_few_segments
كَذَلِكُمْ,1,كذل | كم,ك | ذلك | م,too_few_segments
تَحْسُدُونَنَا,1,ت | حسدون | نا,ت | حسد | ون | نا,too_few_segments
تُقَاتِلُونَهُمْ,1,ت | قاتلون | هم,ت | قاتل | ون | هم,too_few_segments
يُسْلِمُونَ,1,ي | سلم | ون,ي | سلم | و | ن,too_few_segments
يَأْخُذُونَهَا,1,ي | أخذون | ها,ي | أخذ | و | ن,too_few_segments
وَعَدَكُمُ,1,و | عد | كم,وعد | كم,too_many_segments
تَأْخُذُونَهَا,1,ت | أخذون | ها,ت | أخذ | ون | ها,too_few_segments
لَوَلَّوُا,1,لول | وا,ل | ول | وا,too_few_segments
وَصَدُّوكُمْ,1,و | صدو | كم,و | صد | و | كم,too_few_segments
تَعْلَمُوهُمْ,1,ت | علمو | هم,ت | علم | و | هم,too_few_segments
تَطَئُوهُمْ,1,تطئو | هم,ت | طئ | و | هم,too_few_segments
لَعَذَّبْنَا,1,لعذب | نا,ل | عذب | نا,too_few_segments
لَتَدْخُلُنَّ,1,لتدخلن,ل | ت | دخل | ن,too_few_segments
تَرَاهُمْ,1,ترا | هم,ت | را | هم,too_few_segments
سِيمَاهُمْ,1,س | يما | هم,سيم | ا | هم,wrong_content
كَزَرْعٍ,1,كزرع,ك | زرع,too_few_segments
لِيَغِيظَ,1,ل | يغيظ,ل | ي | غيظ,too_few_segments
يَدَيِ,1,يدي,يد | ي,too_few_segments
أَصْوَاتَكُمْ,1,أصو | ات | كم,أصوات | كم,too_many_segments
صَوْتِ,1,صو | ت,صوت,too_many_segments
كَجَهْرِ,1,كجهر,ك | جهر,too_few_segments
أَصْوَاتَهُمْ,1,أصو | ات | هم,أصوات | هم,too_many_segments
يُنَادُونَكَ,1,ينادون | ك,ي | ناد | ون | ك,too_few_segments
لَعَنِتُّمْ,1,لعن | تم,ل | عن | تم,too_few_segments
وَكَرَّهَ,1,و | كر | ه,و | كره,too_many_segments
تَفِيءَ,1,تفيء,ت | فيء,too_few_segments
فَاءَتْ,1,ف | اء | ت,فاء | ت,too_many_segments
أَخَوَيْكُمْ,1,أخوي | كم,أخو | ي | كم,too_few_segments
لِتَعَارَفُوا,1,ل | ت | عارف | وا,ل | تعارف | وا,too_many_segments
يَلِتْكُمْ,1,يلت | كم,ي | لت | كم,too_few_segments
تَمُنُّوا,1,تمن | وا,ت | من | وا,too_few_segments
فُرُوجٍ,1,ف | روج,فروج,too_many_segments
أَفَعَيِينَا,1,أفعيي | نا,أ | ف | عيي | نا,too_few_segments
تُوَسْوِسُ,1,توسوس,ت | وسوس,too_few_segments
يَتَلَقَّى,1,يتلقى,ي | تلقى,too_few_segments
الْمُتَلَقِّيَانِ,1,ال | متلقيان,ال | متلقي | ان,too_few_segments
أَلْقِيَا,1,ألقيا,ألقي | ا,too_few_segments
فَأَلْقِيَاهُ,1,ف | ألقيا | ه,ف | ألقي | ا | ه,too_few_segments
أَطْغَيْتُهُ,1,أطغي | ة | ه,أطغي | ت | ه,wrong_content
فَنَقَّبُوا,1,ف | ن | قب | وا,ف | نقب | وا,too_many_segments
يُنَادِ,1,يناد,ي | ناد,too_few_segments
ذَرْوَاً,1,ذر | وا,ذرو | ا,wrong_content
فِتْنَتَكُمْ,1,فتن | ة | كم,فتن | ت | كم,wrong_content
فَوَرَبِّ,1,ف | ورب,ف | و | رب,too_few_segments
وَبَشَّرُوهُ,1,و | بشرو | ه,و | بشر | و | ه,too_few_segments
فَأَقْبَلَتِ,1,ف | أقبلت,ف | أقب | ت,too_few_segments
امْرَأَتُهُ,1,امرأ | ة | ه,امرأ | ت | ه,wrong_content
فَصَكَّتْ,1,ف | صكت,ف | صك | ت,too_few_segments
لَمُوسِعُونَ,1,لموسع | ون,ل | موسع | ون,too_few_segments
فَرَشْنَاهَا,1,ف | رش | نا | ها,فرش | نا | ها,too_many_segments
أَتَوَاصَوْا,1,أ | ت | واص | وا,أ | تواص | وا,too_many_segments
يُطْعِمُونِ,1,ي | طعم | ون,ي | طعم | و | ن,too_few_segments
الْمَتِينُ,1,ال | مت | ين,ال | متين,too_many_segments
يَوْمِهِمُ,1,ي | وم | هم,يوم | هم,too_many_segments
سَيْرَاً,1,س | ير | ا,سير | ا,too_many_segments
دَعَّاً,1,دع | ا,دعا,too_many_segments
أَفَسِحْرٌ,1,أفسحر,أ | ف | سحر,too_few_segments
ذُرِّيَّتُهُمْ,1,ذري | ة | هم,ذر | ي | ت | هم,too_few_segments
نَدْعُوهُ,1,ن | دعو | ه,ن | دع | و | ه,too_few_segments
بِكَاهِنٍ,1,ب | كا | هن,ب | كاهن,too_many_segments
الْمَنُونِ,1,ال | من | ون,ال | منون,too_many_segments
تَقَوَّلَهُ,1,ت | قول | ه,تقول | ه,too_many_segments
فَلْيَأْتِ,1,فليأ | ت,ف | ل | ي | أت,too_few_segments
كِسْفَاً,1,ك | سف | ا,كسف | ا,too_many_segments
أَفَتُمَارُونَهُ,1,أفتمارون | ه,أ | ف | ت | مار | ون | ه,too_few_segments
نَزْلَةً,1,نزل | ة,نزل | ت,wrong_content
اللَّاتَ,1,ال | لات,ل | لات,wrong_content
أَلَكُمُ,1,أل | كم,أ | ل | كم,too_few_segments
لَيُسَمُّونَ,1,ليسم | ون,ل | ي | سم | ون,too_few_segments
تَسْمِيَةَ,1,ت | سمي | ة,تسمي | ة,too_many_segments
وَاسِعُ,1,و | اسع,واسع,too_many_segments
أَعِنْدَهُ,1,أعند | ه,أ | عند | ح,too_few_segments
وَفَّى,1,و | فى,وفى,too_many_segments
أَضْحَكَ,1,أضح | ك,أضحك,too_many_segments
أَمَاتَ,1,أم | ات,أمات,too_many_segments
تَتَمَارَى,1,تتمارى,ت | تمارى,too_few_segments
أَزِفَتِ,1,أزفت,أزف | ت,too_few_segments
اقْتَرَبَتِ,1,اقتربت,اقترب | ت,too_few_segments
فَالْتَقَى,1,ف | ال | تقى,ف | التقى,too_many_segments
أَبَشَرَاً,1,أبشر | ا,أ | بشر | ا,too_few_segments
نَتَّبِعُهُ,1,نتبع | ه,ن | تبع | ه,too_few_segments
أَأُلْقِيَ,1,أ | ألق | ي,أ | ألقي,too_many_segments
مُرْسِلُو,1,مرسلو,مرسل | و,too_few_segments
كَهَشِيمِ,1,كهشيم,ك | هشيم,too_few_segments
بَطْشَتَنَا,1,بطش | ة | نا,بطشت | نا,too_many_segments
فَتَمَارَوْا,1,ف | ت | مار | وا,ف | تمار | وا,too_many_segments
رَاوَدُوهُ,1,راودو | ه,راود | و | ه,too_few_segments
أَكُفَّارُكُمْ,1,أكفار | كم,أ | كفار | كم,too_few_segments
أُولَئِكُمْ,1,أولئ | كم,أولئك | م,wrong_content
كَلَمْحٍ,1,كلمح,ك | لمح,too_few_segments
وَضَعَهَا,1,و | ضع | ها,وضع | ها,too_many_segments
الْمُنْشَآتُ,1,ال | منشء | ات,ال | منش | ات,wrong_content
الثَّقَلَانِ,1,ال | ثقلان,ال | ثقل | ان,too_few_segments
فَانْفُذُوا,1,ف | ا | ن | فذ | وا,ف | انفذ | وا,too_many_segments
انْشَقَّتِ,1,انشقت,انشق | ت,too_few_segments
بِالنَّوَاصِي,1,ب | ال | نواص | ي,ب | ال | نواصي,too_many_segments
ذَوَاتَا,1,ذواتا,ذوا | ت | ا,too_few_segments
زَوْجَانِ,1,زوجان,زوج | ان,too_few_segments
مُدْهَامَّتَانِ,1,مدهامتان,مدهام | ة | ان,too_few_segments
نَضَّاخَتَانِ,1,نضاختان,نضاخ | ة | ان,too_few_segments
رُجَّتِ,1,رجت,رج | ت,too_few_segments
وَبُسَّتِ,1,و | بست,و | بس | ت,too_few_segments
كَأَمْثَالِ,1,كأمثال,ك | أمثال,too_few_segments
الْمَكْنُونِ,1,ال | مكن | ون,ال | مكنون,too_many_segments
أَئِذَا,1,أئذا,أ | ئذا,too_few_segments
لَمَجْمُوعُونَ,1,لمجموع | ون,ل | مجموع | ون,too_few_segments
مِيقَاتِ,1,ميق | ات,ميقات,too_many_segments
نُزُلُهُمْ,1,ن | زل | هم,نزل | هم,too_many_segments
تَخْلُقُونَهُ,1,ت | خلقون | ه,ت | خلق | ون | ه,too_few_segments
تَزْرَعُونَهُ,1,ت | زرعون | ه,ت | زرع | ون | ه,too_few_segments
تَفَكَّهُونَ,1,تفكه | ون,ت | فكه | ون,too_few_segments
لَمُغْرَمُونَ,1,لمغرم | ون,ل | مغرم | ون,too_few_segments
أَنْزَلْتُمُوهُ,1,أنزل | تمو | ه,أنزل | تم | و | ه,too_few_segments
تُورُونَ,1,تور | ون,ت | ور | ون,too_few_segments
مَكْنُونٍ,1,مكن | ون,مكنون,too_many_segments
أَفَبِهَذَا,1,أفبهذا,أ | ف | ب | هذا,too_few_segments
مُدْهِنُونَ,1,مد | هن | ون,مدهن | ون,too_many_segments
حِينَئِذٍ,1,حين | ئذ,حينـئذ,too_many_segments
تَرْجِعُونَهَا,1,ت | رجعون | ها,ت | رجع | ون | ها,too_few_segments
وَجَنَّتُ,1,و | جنت,و | جن | ة,too_few_segments
وَتَصْلِيَةُ,1,و | ت | صلي | ة,و | تصلي | ة,too_many_segments
مُسْتَخْلَفِينَ,1,مستخلف | ين,ستخلف | ين,wrong_content
بُشْرَاكُمُ,1,بشرا | كم,بشرى | كم,wrong_content
انْظُرُونَا,1,انظرو | نا,ا | نظر | و | نا,too_few_segments
فَالْتَمِسُوا,1,ف | ال | تمس | وا,ف | التمس | وا,too_many_segments
يُنَادُونَهُمْ,1,ي | نادون | هم,ي | ناد | ون | هم,too_few_segments
فَتَنْتُمْ,1,ف | ت | نتم,فتن | تم,too_many_segments
الْأَمَانِيُّ,1,ال | أما | ني,ال | أماني,too_many_segments
مَأْوَاكُمُ,1,مأ | وا | كم,مأو | كم,too_many_segments
يَأْنِ,1,يأن,ي | أن,too_few_segments
كَعَرْضِ,1,كعرض,ك | عرض,too_few_segments
لِيَقُومَ,1,ل | يقوم,ل | ي | قوم,too_few_segments
وَرَهْبَانِيَّةً,1,و | رهباني | ة,و | رهبان | ي | ة,too_few_segments
ابْتَدَعُوهَا,1,ابتدعو | ها,ابتدع | و | ها,too_few_segments
رَعَوْهَا,1,رعو | ها,رع | و | ها,too_few_segments
كِفْلَيْنِ,1,ك | فل | ين,كفل | ين,too_many_segments
تُجَادِلُكَ,1,تجادل | ك,ت | جادل | ك,too_few_segments
وَتَشْتَكِي,1,و | ت | شتك | ي,و | ت | شتكي,too_many_segments
وَلَدْنَهُمْ,1,و | لدن | هم,ولد | ن | هم,wrong_content
تُوعَظُونَ,1,توعظ | ون,ت | وعظ | ون,too_few_segments
سِتِّينَ,1,س | تين,ست | ين,wrong_content
وَنَسُوهُ,1,و | ن | سوه,و | نس | و | ه,too_few_segments
حَيَّوْكَ,1,حيو | ك,حي | و | ك,too_few_segments
تَنَاجَيْتُمْ,1,ت | ناجي | تم,تناجي | تم,too_many_segments
وَتَنَاجَوْا,1,و | ت | ناج | وا,و | تناج | وا,too_many_segments
انْشُزُوا,1,ا | ن | شز | وا,انشز | وا,too_many_segments
فَانْشُزُوا,1,ف | ا | ن | شز | وا,ف | انشز | وا,too_many_segments
نَاجَيْتُمُ,1,ن | اجي | تم,ناجي | تم,too_many_segments
فَيَحْلِفُونَ,1,ف | ي | حلف | ون,ف | ي | حلف | و | ن,too_few_segments
لَأَغْلِبَنَّ,1,لأغلبن,ل | أ | غلب | ن,too_few_segments
يُوَادُّونَ,1,ي | واد | ون,ي | واد | و | ن,too_few_segments
عَشِيرَتَهُمْ,1,عشير | ة | هم,عشير | ت | هم,wrong_content
مَانِعَتُهُمْ,1,مانع | ة | هم,مان | ة | هم,wrong_content
بُيُوتَهُمْ,1,بيو | ة | هم,بيوت | هم,too_many_segments
وَأَيْدِي,1,و | أيد | ي,و | أيدي,too_many_segments
لَعَذَّبَهُمْ,1,لعذب | هم,ل | عذب | هم,too_few_segments
يُشَاقِّ,1,يشاق,ي | شاق,too_few_segments
لِينَةٍ,1,ل | ين | ة,لين | ة,too_many_segments
تَرَكْتُمُوهَا,1,ترك | تمو | ها,ترك | تم | و | ها,too_few_segments
لَنَخْرُجَنَّ,1,لنخرجن,ل | ن | خرج | ن,too_few_segments
لَنَنْصُرَنَّكُمْ,1,لننصرن | كم,ل | ن | نصر | ن | كم,too_few_segments
نَصَرُوهُمْ,1,نصرو | هم,نصر | و | هم,too_few_segments
لَيُوَلُّنَّ,1,ليولن,ل | ي | ول | ن,too_few_segments
عَاقِبَتَهُمَا,1,عاقب | ة | هما,عاقب | ت | هما,wrong_content
وَلْتَنْظُرْ,1,ولتنظر,و | ل | ت | نظر,too_few_segments
لِغَدٍ,1,لغد,ل | غد,too_few_segments
لَرَأَيْتَهُ,1,لرأي | ة | ه,ل | رأي | ت | ه,too_few_segments
مَرْضَاتِي,1,مرض | ات | ي,مرضا | ت | ي,wrong_content
يَثْقَفُوكُمْ,1,ي | ثقفو | كم,ي | ثقف | و | كم,too_few_segments
وَأَلْسِنَتَهُمْ,1,و | ألسن | ة | هم,و | ألسن | ت | هم,wrong_content
لَأَسْتَغْفِرَنَّ,1,لأستغفرن,ل | أ | ستغفر | ن,too_few_segments
أَنَبْنَا,1,أ | ن | ب | نا,أنب | نا,too_many_segments
يُخْرِجُوكُمْ,1,ي | خرجو | كم,ي | خرج | و | كم,too_few_segments
تَبَرُّوهُمْ,1,ت | برو | هم,ت | بر | و | هم,too_few_segments
وَأَخْرَجُوكُمْ,1,و | أخرجو | كم,و | أخرج | و | كم,too_few_segments
تَوَلَّوْهُمْ,1,ت | ولو | هم,ت | ول | و | هم,too_few_segments
فَامْتَحِنُوهُنَّ,1,ف | امتحنو | هن,ف | ا | متحن | و | هن,too_few_segments
عَلِمْتُمُوهُنَّ,1,علم | تمو | هن,علم | تم | و | هن,too_few_segments
تَرْجِعُوهُنَّ,1,ت | رجعو | هن,ت | رجع | و | هن,too_few_segments
وَلْيَسْأَلُوا,1,وليسأل | وا,و | ل | ي | سأل | وا,too_few_segments
يُبَايِعْنَكَ,1,يبايعن | ك,ي | بايع | ن | ك,too_few_segments
يُشْرِكْنَ,1,ي | شر | كن,ي | شرك | ن,wrong_content
يَسْرِقْنَ,1,ي | سرقن,ي | سرق | ن,too_few_segments
يَزْنِينَ,1,ي | زن | ين,ي | زني | ن,wrong_content
يَقْتُلْنَ,1,ي | قتلن,ي | قتل | ن,too_few_segments
يَفْتَرِينَهُ,1,ي | فترين | ه,ي | فتري | ن | ه,too_few_segments
يَعْصِينَكَ,1,ي | عصين | ك,ي | عصي | ن | ك,too_few_segments
تُؤْذُونَنِي,1,ت | ؤذون | ني,ت | ؤذ | ون | ن | ي,too_few_segments
تُحِبُّونَهَا,1,ت | حبون | ها,ت | حب | ون | ها,too_few_segments
لِلْحَوَارِيِّينَ,1,ل | ال | حواري | ين,ل | ال | حوار | ي | ين,too_few_segments
الْمَلِكِ,1,ال | ملك,الملك,too_many_segments
يَحْمِلُوهَا,1,ي | حملو | ها,ي | حمل | و | ها,too_few_segments
يَتَمَنَّوْنَهُ,1,يتمنون | ه,ي | تمن | ون | ه,too_few_segments
تَفِرُّونَ,1,تفر | ون,ت | فر | ون,too_few_segments
فَاسْعَوْا,1,ف | ا | سع | وا,ف | اسع | وا,too_many_segments
قُضِيَتِ,1,قضيت,قضي | ت,too_few_segments
انْفَضُّوا,1,ا | ن | فض | وا,انفض | وا,too_many_segments
وَتَرَكُوكَ,1,و | تركو | ك,و | ترك | و | ك,too_few_segments
اللَّهْوِ,1,ال | ل | هو,ال | لهو,too_many_segments
لَرَسُولُ,1,لرسول,ل | رسول,too_few_segments
لَرَسُولُهُ,1,لرسول | ه,ل | رسول | ه,too_few_segments
لِقَوْلِهِمْ,1,ل | قول | هم,ل | قوم | هم,wrong_content
وَرَأَيْتَهُمْ,1,و | رأي | ة | هم,و | رأي | ت | هم,wrong_content
أَسْتَغْفَرْتَ,1,أستغفر | ت,أ | ستغفر | ت,too_few_segments
لَيُخْرِجَنَّ,1,ليخرجن,ل | ي | خرج | ن,too_few_segments
فَيَقُولَ,1,ف | يقول,ف | ي | قول,too_few_segments
أَخَّرْتَنِي,1,أخر | ة | ني,أخر | ت | ن | ي,too_few_segments
فَأَصَّدَّقَ,1,ف | أصدق,ف | أ | صدق,too_few_segments
أَبَشَرٌ,1,أبشر,أ | بشر,too_few_segments
يَهْدُونَنَا,1,ي | هدون | نا,ي | هد | ون | نا,too_few_segments
لَتُبْعَثُنَّ,1,لتبعثن,ل | ت | بعث | ن,too_few_segments
لَتُنَبَّؤُنَّ,1,لتنبؤن,ل | ت | نبؤ | ن,too_few_segments
فَاحْذَرُوهُمْ,1,ف | ا | حذرو | هم,ف | ا | حذر | و | هم,too_few_segments
يُضَاعِفْهُ,1,يضاعف | ه,ي | ضاعف | ه,too_few_segments
فَطَلِّقُوهُنَّ,1,ف | طلقو | هن,ف | طلق | و | هن,too_few_segments
لِعِدَّتِهِنَّ,1,ل | عدت | هن,ل | عد | ت | هن,too_few_segments
تُخْرِجُوهُنَّ,1,ت | خرجو | هن,ت | خرج | و | هن,too_few_segments
بُيُوتِهِنَّ,1,بيو | ة | هن,بيوت | هن,too_many_segments
يَخْرُجْنَ,1,ي | خرجن,ي | خرج | ن,too_few_segments
فَارِقُوهُنَّ,1,ف | ارقو | هن,فارق | و | هن,wrong_content
ذَوَيْ,1,ذوي,ذو | ي,too_few_segments
بَالِغُ,1,ب | الغ,بالغ,too_many_segments
يَئِسْنَ,1,يئسن,يئس | ن,too_few_segments
فَعِدَّتُهُنَّ,1,ف | عدت | هن,ف | عد | ت | هن,too_few_segments
يَحِضْنَ,1,يحضن,ي | حض | ن,too_few_segments
أَسْكِنُوهُنَّ,1,أسكنو | هن,أ | سكن | و | هن,too_few_segments
تُضَارُّوهُنَّ,1,ت | ضارو | هن,ت | ضار | و | هن,too_few_segments
أَرْضَعْنَ,1,أرضعن,أرضع | ن,too_few_segments
وَأْتَمِرُوا,1,وأتمر | وا,و | أ | تمر | وا,too_few_segments
تَعَاسَرْتُمْ,1,ت | عاسر | تم,تعاسر | تم,too_many_segments
فَلْيُنْفِقْ,1,فلينفق,ف | ل | ي | نفق,too_few_segments
يَتَنَزَّلُ,1,يتنزل,ي | تنزل,too_few_segments
تَبْتَغِي,1,ت | بتغ | ي,ت | بتغي,too_many_segments
مَرْضَاتَ,1,مرض | ات,مرضا | ت,wrong_content
تَحِلَّةَ,1,ت | حل | ة,تحل | ة,too_many_segments
نَبَّأَنِيَ,1,نبأ | ني,نبأ | ن | ي,too_few_segments
تَتُوبَا,1,تتوبا,ت | توب | ا,too_few_segments
قُوا,1,قوا,ق | وا,too_few_segments
وَأَهْلِيكُمْ,1,و | أهلي | كم,و | أهل | ي | كم,too_few_segments
أَتْمِمْ,1,أتمم,أ | تمم,too_few_segments
نُورَنَا,1,ن | ور | نا,نور | نا,too_many_segments
وَامْرَأَتَ,1,و | امرأت,و | امرأ | ة,too_few_segments
فَخَانَتَاهُمَا,1,ف | خانتا | هما,ف | خان | ت | ا | هما,too_few_segments
يُغْنِيَا,1,ي | غنيا,ي | غني | ا,too_few_segments
ادْخُلَا,1,ادخلا,ا | دخل | ا,too_few_segments
ابْنَتَ,1,ابنت,ابن | ت,too_few_segments
فَارْجِعِ,1,ف | ارجع,ف | ا | رجع,too_few_segments
فُطُورٍ,1,ف | طور,فطور,too_many_segments
ارْجِعِ,1,ارجع,ا | رجع,too_few_segments
كَرَّتَيْنِ,1,كرت | ين,كر | ت | ين,too_few_segments
لِلشَّيَاطِينِ,1,ل | ال | شياط | ين,ل | ال | شياطين,too_many_segments
وَلِلَّذِينَ,1,و | ل | الذين,و | ل | لذين,wrong_content
تَمَيَّزُ,1,ت | ميز,تميز,too_many_segments
اجْهَرُوا,1,ا | جهر | وا,اجهر | وا,too_many_segments
وَيَقْبِضْنَ,1,و | ي | قبضن,و | ي | قبض | ن,too_few_segments
أَمْسَكَ,1,أمس | ك,أمسك,too_many_segments
سِيئَتْ,1,س | يئ | ت,سيئ | ة,too_many_segments
وُجُوهُ,1,و | جوه,وجوه,too_many_segments
أَهْلَكَنِيَ,1,أهلك | ني,أهلك | ن | ي,too_few_segments
مَاؤُكُمْ,1,ماؤ | كم,ماء | كم,wrong_content
بِأَيْيِكُمُ,1,ب | أيي | كم,ب | أي | ي | كم,too_few_segments
الْمَفْتُونُ,1,ال | مفت | ون,ال | مفتون,too_many_segments
سَنَسِمُهُ,1,س | نسم | ه,س | ن | سم | ه,too_few_segments
لَيَصْرِمُنَّهَا,1,ليصرمن | ها,ل | ي | صرم | ن | ها,too_few_segments
فَتَنَادَوْا,1,ف | ت | ناد | وا,ف | تناد | وا,too_many_segments
اغْدُوا,1,ا | غد | وا,اغد | وا,too_many_segments
فَانْطَلَقُوا,1,ف | ا | ن | طلق | وا,ف | انطلق | وا,too_many_segments
يَدْخُلَنَّهَا,1,ي | دخلن | ها,ي | دخل | ن | ها,too_few_segments
مِسْكِينٌ,1,مسك | ين,مسكين,too_many_segments
رَأَوْهَا,1,رأو | ها,رأ | و | ها,too_few_segments
أَفَنَجْعَلُ,1,أفنجعل,أ | ف | ن | جعل,too_few_segments
وَيُدْعَوْنَ,1,و | ي | دع | ون,و | ي | دع | و | ن,too_few_segments
فَذَرْنِي,1,ف | ذر | ني,ف | ذر | ن | ي,too_few_segments
كَصَاحِبِ,1,كصاحب,ك | صاحب,too_few_segments
لَنُبِذَ,1,لنبذ,ل | نبذ,too_few_segments
لَيُزْلِقُونَكَ,1,ليزلقون | ك,ل | ي | زلق | و | ن | ك,too_few_segments
وَتَعِيَهَا,1,و | تعي | ها,و | ت | عي | ها,too_few_segments
وَحُمِلَتِ,1,و | حملت,و | حمل | ت,too_few_segments
فَدُكَّتَا,1,ف | دكتا,ف | دك | ت | ا,too_few_segments
وَانْشَقَّتِ,1,و | انشقت,و | انشق | ت,too_few_segments
اقْرَءُوا,1,ا | قرء | وا,اقرء | وا,too_many_segments
أُوتَ,1,أوت,أو | ت,too_few_segments
أَدْرِ,1,أدر,أ | در,too_few_segments
يَالَيْتَهَا,1,يا | لي | ت | ها,يا | ليت | ها,too_many_segments
كَانَتِ,1,كانت,كان | ت,too_few_segments
مَالِيَهْ,1,مالي | ه,مال | ي | ه,too_few_segments
سُلْطَانِيَهْ,1,سلطا | ني | ه,سلطان | ي | ه,wrong_content
فَغُلُّوهُ,1,ف | غلو | ه,ف | غل | و | ه,too_few_segments
صَلُّوهُ,1,صلو | ه,صل | و | ه,too_few_segments
فَاسْلُكُوهُ,1,ف | اسلكو | ه,ف | ا | سلك | و | ه,too_few_segments
غِسْلِينٍ,1,غسل | ين,غسلين,too_many_segments
كَاهِنٍ,1,كا | هن,كاهن,too_many_segments
لَأَخَذْنَا,1,لأخذ | نا,ل | أخذ | نا,too_few_segments
لَقَطَعْنَا,1,لقطع | نا,ل | قطع | نا,too_few_segments
الْوَتِينَ,1,ال | وت | ين,ال | وتين,too_many_segments
لَنَعْلَمُ,1,لنعلم,ل | ن | علم,too_few_segments
لَحَقُّ,1,لحق,ل | حق,too_few_segments
يَرَوْنَهُ,1,يرون | ه,ي | ر | و | ن | ه,too_few_segments
وَنَرَاهُ,1,و | ن | راه,و | ن | را | ه,too_few_segments
يُبَصَّرُونَهُمْ,1,ي | بصرون | هم,ي | بصر | و | ن | هم,too_few_segments
يَفْتَدِي,1,ي | فتد | ي,ي | فتدي,too_many_segments
بِبَنِيهِ,1,ب | بني | ه,ب | بن | ي | ه,too_few_segments
وَفَصِيلَتِهِ,1,و | فصيل | ة | ه,و | فصيل | ت | ه,wrong_content
مَأْمُونٍ,1,مأم | ون,مأمون,too_many_segments
عِزِينَ,1,عزين,عز | ين,too_few_segments
أَنْذِرْ,1,أنذر,أ | نذر,too_few_segments
دَعَوْتُ,1,دعو | ت,دعو | ة,wrong_content
يَزِدْهُمْ,1,يزد | هم,ي | زد | هم,too_few_segments
وَقَارَاً,1,و | قار | ا,وقار | ا,too_many_segments
أَنْبَتَكُمْ,1,أنب | ة | كم,أنبت | كم,too_many_segments
بِسَاطَاً,1,ب | ساط | ا,بساط | ا,too_many_segments
عَصَوْنِي,1,عصو | ني,عص | و | ن | ي,too_few_segments
يَزِدْهُ,1,يزد | ه,ي | زد | ه,too_few_segments
تَذَرْهُمْ,1,تذر | هم,ت | ذر | هم,too_few_segments
يَلِدُوا,1,ي | ل | دوا,ي | لد | وا,wrong_content
فَزَادُوهُمْ,1,ف | زادو | هم,ف | زاد | و | هم,too_few_segments
أُرِيدَ,1,أريد,أ | ريد,too_few_segments
تَحَرَّوْا,1,تحر | وا,ت | حر | وا,too_few_segments
وَأَنْلَوِ,1,و | أنلو,و | لو | أن,too_few_segments
لَأَسْقَيْنَاهُمْ,1,لأسقي | نا | هم,ل | أسقي | نا | هم,too_few_segments
لِبَدَاً,1,ل | بد | ا,لبد | ا,too_many_segments
يُجِيرَنِي,1,ي | جير | ني,ي | جير | ن | ي,too_few_segments
أَجِدَ,1,أجد,أ | جد,too_few_segments
نِصْفَهُ,1,ن | صفه,نصف | ه,wrong_content
وَتَبَتَّلْ,1,و | ت | بتل,و | تبتل,too_many_segments
وَذَرْنِي,1,و | ذر | ني,و | ذر | ن | ي,too_few_segments
وَبِيلَاً,1,و | بيل | ا,وبيل | ا,too_many_segments
وَنِصْفَهُ,1,و | ن | صفه,و | نصف | ه,wrong_content
تُحْصُوهُ,1,ت | حصو | ه,ت | حص | و | ه,too_few_segments
ذَرْنِي,1,ذر | ني,ذر | ن | ي,too_few_segments
وَحِيدَاً,1,و | حيد | ا,وحيد | ا,too_many_segments
سَأُرْهِقُهُ,1,سأرهق | ه,س | أ | رهق | ه,too_few_segments
فَكَّرَ,1,ف | كر,فكر,too_many_segments
سَأُصْلِيهِ,1,سأصلي | ه,س | أ | صلي | ه,too_few_segments
لَوَّاحَةٌ,1,ل | واح | ة,لواح | ة,too_many_segments
تِسْعَةَ,1,ت | سع | ة,تسع | ة,too_many_segments
عِدَّتَهُمْ,1,عدت | هم,عد | ت | هم,too_few_segments
وَلِيَقُولَ,1,و | ل | يقول,و | ل | ي | قول,too_few_segments
لَإِحْدَى,1,لإحدى,ل | إحدى,too_few_segments
يَتَقَدَّمَ,1,يتقدم,ي | تقدم,too_few_segments
يَتَأَخَّرَ,1,يتأخر,ي | تأخر,too_few_segments
الْمِسْكِينَ,1,ال | مسك | ين,ال | مسكين,too_many_segments
أَتَانَا,1,أ | ت | انا,أتا | نا,too_many_segments
فَرَّتْ,1,ف | رت,فر | ت,wrong_content
نُسَوِّيَ,1,ن | سو | ي,ن | سوي,too_many_segments
وَزَرَ,1,و | زر,وزر,too_many_segments
تُحَرِّكْ,1,ت | حر | ك,تحرك,too_many_segments
لِسَانَكَ,1,ل | سان | ك,لسان | ك,too_many_segments
التَّرَاقِيَ,1,ال | تراق | ي,ال | راقي,too_many_segments
وَالْتَفَّتِ,1,و | ال | تفت,و | التف | ت,wrong_content
يَتَمَطَّى,1,يتمطى,ي | تمطى,too_few_segments
مَنِيٍّ,1,من | ي,مني,too_many_segments
يُفَجِّرُونَهَا,1,ي | فجرون | ها,ي | فجر | ون | ها,too_few_segments
بِالنَّذْرِ,1,ب | ال | نذر,ب | نذر,too_many_segments
قَوَارِيرَا,1,قواريرا,قوارير | ا,too_few_segments
قَدَّرُوهَا,1,قدرو | ها,قدر | و | ها,too_few_segments
تُسَمَّى,1,تسمى,ت | سمى,too_few_segments
حَسِبْتَهُمْ,1,حسب | ة | هم,حسب | ت | هم,wrong_content
فُرِجَتْ,1,ف | رج | ت,فرج | ت,too_many_segments
كِفَاتَاً,1,ك | فات | ا,كفات | ا,too_many_segments
فُرَاتَاً,1,ف | رات | ا,فرات | ا,too_many_segments
جِمَالَتٌ,1,جمالت,جمال | ت,too_few_segments
فَكِيدُونِ,1,ف | ك | يد | ون,ف | كيد | و | ن,wrong_content
وَفَوَاكِهَ,1,و | فواك | ه,و | فواكه,too_many_segments
النَّبَإِ,1,ال | نبإ,ال | نبأ,wrong_content
نَوْمَكُمْ,1,ن | وم | كم,نوم | كم,too_many_segments
وَهَّاجَاً,1,و | هاج | ا,وهاج | ا,too_many_segments
وَفُتِحَتِ,1,و | فتحت,و | فتح | ت,too_few_segments
وَسُيِّرَتِ,1,و | س | يرت,و | سير | ت,wrong_content
وِفَاقَاً,1,و | فاق | ا,وفاق | ا,too_many_segments
نَزِيدَكُمْ,1,نزيد | كم,ن | زيد | كم,too_few_segments
لَمَرْدُودُونَ,1,لمردود | ون,ل | مردود | ون,too_few_segments
وَأَهْدِيَكَ,1,و | أهدي | ك,و | أ | هدي | ك,too_few_segments
مُنْتَهَاهَا,1,منت | ها | ها,منتها | ها,too_many_segments
بِأَيْدِي,1,ب | أيد | ي,ب | أيدي,too_many_segments
أَمَاتَهُ,1,أم | ات | ه,أمات | ه,too_many_segments
يَقْضِ,1,يقض,ي | قض,too_few_segments
وَأَبَّاً,1,وأب | ا,و | أب | ا,too_few_segments
وَبَنِيهِ,1,و | بني | ه,و | بن | ي | ه,too_few_segments
انْكَدَرَتْ,1,ا | نكدر | ت,انكدر | ت,too_many_segments
تَنَفَّسَ,1,ت | نفس,تنفس,too_many_segments
بِضَنِينٍ,1,ب | ضن | ين,ب | ضنين,too_many_segments
انْفَطَرَتْ,1,ا | نفطر | ت,انفطر | ت,too_many_segments
فُجِّرَتْ,1,ف | جر | ت,فجر | ت,too_many_segments
لَحَافِظِينَ,1,لحافظ | ين,ل | حافظ | ين,too_few_segments
كَالُوهُمْ,1,ك | ال | وهم,كا | و | هم,wrong_content
وَزَنُوهُمْ,1,و | زنو | هم,وزن | و | هم,wrong_content
لَمَحْجُوبُونَ,1,لمحجوب | ون,ل | محجوب | ون,too_few_segments
لَصَالُو,1,لصالو,ل | صال | و,too_few_segments
نَضْرَةَ,1,ن | ضر | ة,نضر | ة,too_many_segments
فَلْيَتَنَافَسِ,1,فليتنافس,ف | ل | ي | تنافس,too_few_segments
فَكِهِينَ,1,ف | ك | هين,فكه | ين,too_many_segments
رَأَوْهُمْ,1,رأو | هم,رأ | و | هم,too_few_segments
انْشَقَّتْ,1,ا | ن | شقت,انشق | ت,too_many_segments
مُدَّتْ,1,مدت,مد | ت,too_few_segments
يُحَاسَبُ,1,يحاسب,ي | حاسب,too_few_segments
يَحُورَ,1,يحور,ي | حور,too_few_segments
وَسَقَ,1,و | سق,وسق,too_many_segments
لَتَرْكَبُنَّ,1,لتركبن,ل | ت | ركب | ن,too_few_segments
فَتَنُوا,1,ف | ت | نوا,فتن | وا,too_many_segments
مِمَّ,1,مم,من | م,too_few_segments
يَكِيدُونَ,1,ي | ك | يد | ون,ي | كيد | ون,too_many_segments
وَأَكِيدُ,1,و | أكيد,و | أ | كيد,too_few_segments
نَفَعَتِ,1,نفعت,نفع | ت,too_few_segments
سَيَذَّكَّرُ,1,س | يذكر,س | ي | ذكر,too_few_segments
وَيَتَجَنَّبُهَا,1,و | يتجنب | ها,و | ي | تجنب | ها,too_few_segments
لَاغِيَةً,1,ل | اغي | ة,لاغي | ة,too_many_segments
وَلَيَالٍ,1,و | ل | يال,و | ليال,too_many_segments
يَسْرِ,1,يسر,ي | سر,too_few_segments
بِعَادٍ,1,بعاد,ب | عاد,too_few_segments
لَبِالْمِرْصَادِ,1,لبالمرصاد,ل | ب | ال | مرصاد,too_few_segments
أَكْرَمَنِ,1,أكرمن,أكرم | ن,too_few_segments
أَهَانَنِ,1,أهانن,أهان | ن,too_few_segments
تَحَاضُّونَ,1,ت | حاض | ون,تحاض | ون,too_many_segments
دُكَّتِ,1,دكت,دك | ت,too_few_segments
لِحَيَاتِي,1,ل | حي | ات | ي,ل | حيا | ت | ي,wrong_content
يُوثِقُ,1,يوثق,ي | وثق,too_few_segments
وَثَاقَهُ,1,و | ثاق | ه,وثاق | ه,too_many_segments
يَاأَيَّتُهَا,1,يا | أيت | ها,يا | أي | ت | ها,too_few_segments
فَادْخُلِي,1,ف | ادخل | ي,ف | ا | دخل | ي,too_few_segments
وَادْخُلِي,1,و | ادخل | ي,و | ا | دخل | ي,too_few_segments
جَنَّتِي,1,جنت | ي,جن | ة | ي,too_few_segments
وَلِسَانَاً,1,و | ل | سان | ا,و | لسان | ا,too_many_segments
وَشَفَتَيْنِ,1,و | شفت | ين,و | شف | ت | ين,too_few_segments
فَأَلْهَمَهَا,1,ف | أل | هم | ها,ف | ألهم | ها,too_many_segments
فُجُورَهَا,1,ف | جور | ها,فجور | ها,too_many_segments
وَتَقْوَاهَا,1,و | ت | قوا | ها,و | تقوا | ها,too_many_segments
بِطَغْوَاهَا,1,ب | طغ | وا | ها,ب | طغوا | ها,too_many_segments
لَشَتَّى,1,لشتى,ل | شتى,too_few_segments
لِلْعُسْرَى,1,ل | ال | عسرى,ل | ل | عسرى,wrong_content
فَأَنْذَرْتُكُمْ,1,ف | أنذر | ة | كم,ف | أنذر | ت | كم,wrong_content
وَدَّعَكَ,1,و | دع | ك,ودع | ك,too_many_segments
يَجِدْكَ,1,يجد | ك,ي | جد | ك,too_few_segments
فَرَغْتَ,1,ف | رغ | ت,فرغ | ت,too_many_segments
وَالزَّيْتُونِ,1,و | ال | زيت | ون,و | ال | زيتون,too_many_segments
سِينِينَ,1,س | ين | ين,سين | ين,too_many_segments
الْأَمِينِ,1,ال | أم | ين,ال | أمين,too_many_segments
بِأَحْكَمِ,1,ب | أح | كم,ب | أحكم,too_many_segments
لَيَطْغَى,1,ليطغى,ل | ي | طغى,too_few_segments
لَنَسْفَعَاً,1,ل | نسفع | ا,ل | ن | سفع | ا,too_few_segments
فَلْيَدْعُ,1,فليدع,ف | ل | ي | دع,too_few_segments
سَنَدْعُ,1,س | ندع,س | ن | دع,too_few_segments
تُطِعْهُ,1,تطع | ه,ت | طع | ه,too_few_segments
وَاقْتَرِبْ,1,و | اقترب,و | ا | قترب,too_few_segments
تَفَرَّقَ,1,ت | فرق,تفرق,too_many_segments
زُلْزِلَتِ,1,زلزلت,زلزل | ت,too_few_segments
وَأَخْرَجَتِ,1,و | أخرجت,و | أخرج | ت,too_few_segments
لِيُرَوْا,1,ل | ي | روا,ل | ي | ر | وا,too_few_segments
فَأَثَرْنَ,1,ف | أثرن,ف | أثر | ن,too_few_segments
فَوَسَطْنَ,1,ف | وسطن,ف | وسط | ن,too_few_segments
لِحُبِّ,1,لحب,ل | حب,too_few_segments
هَاوِيَةٌ,1,هاوي | ة,ال | هاوي | ة,too_few_segments
هِيَهْ,1,هيه,هي | ه,too_few_segments
أَلْهَاكُمُ,1,أل | ها | كم,ألها | كم,too_many_segments
لَتَرَوُنَّ,1,لتر | ون,ل | ت | ر | ون,too_few_segments
لَتَرَوُنَّهَا,1,لترون | ها,ل | ت | ر | ون | ها,too_few_segments
لَيُنْبَذَنَّ,1,لينبذن,ل | ي | نبذ | ن,too_few_segments
كَعَصْفٍ,1,كعصف,ك | عصف,too_few_segments
فَلْيَعْبُدُوا,1,فليعبد | وا,ف | ل | ي | عبد | وا,too_few_segments
الْمَاعُونَ,1,ال | ماع | ون,ال | ماعون,too_many_segments
تَبَّتْ,1,تبت,تب | ت,too_few_segments
يَدَا,1,يدا,يد | ا,too_few_segments
يُولَدْ,1,يولد,ي | ولد,too_few_segments
كُفُوَاً,1,كف | وا,كفو | ا,wrong_content
وَقَبَ,1,و | قب,وقب,too_many_segments
يُوَسْوِسُ,1,يوسوس,ي | وسوس,too_few_segments
