root,count,first_word,first_word_plain,first_segment,sample_location,wazn,confidence,other_examples
—,21841,الَّذِينَ,الذين,الَّذِينَ,1:7:2,اسم موصول,1.000,وَلَا (1:7) | ذَلِكَ (2:2)
N/A,2006,مَالِكِ,مالك,مَالِكِ,1:4:1,مالك,1.000,الم (2:1) | الْأَرْضِ (2:11)
قول,1210,يَقُولُ,يقول,قُولُ,2:8:4,فعل,1.000,قَالُوا (2:11) | قَالُوا (2:13)
ربب,960,رَبِّ,رب,رَبِّ,1:2:3,فعل,0.973,رَبِّهِمْ (2:5) | رَبَّكُمُ (2:21)
كون,907,كَانُوا,كانوا,كَانُ,2:10:11,فعل,1.000,كَانُوا (2:16) | وَكَانَ (2:34)
علم,849,الْعَالَمِينَ,العالمين,عَالَمِ,1:2:4,فاعل,1.000,يَعْلَمُونَ (2:13) | تَعْلَمُونَ (2:22)
ءمن,832,يُؤْمِنُونَ,يؤمنون,ؤْمِنُ,2:3:2,فعل,0.920,يُؤْمِنُونَ (2:4) | يُؤْمِنُونَ (2:6)
قوم,621,الْمُسْتَقِيمَ,المستقيم,مُسْتَقِيمَ,1:6:3,مستفعل,1.000,وَيُقِيمُونَ (2:3) | قَامُوا (2:20)
ءوي,605,يَاأَيُّهَا,ياأيها,أَيُّ,2:21:1,فعل,0.998,بِآيَاتِنَا (2:39) | وَإِيَّايَ (2:40)
كفر,523,كَفَرُوا,كفروا,كَفَرُ,2:6:3,فعل,1.000,بِالْكَافِرِينَ (2:19) | لِلْكَافِرِينَ (2:24)
رسل,513,بِالرُّسُلِ,بالرسل,رُسُلِ,2:87:8,فعل,1.000,رَسُولٌ (2:87) | وَرُسُلِهِ (2:98)
شيء,494,شَاءَ,شاء,شَاءَ,2:20:15,فعل,1.000,شَيْءٍ (2:20) | شَيْءٍ (2:29)
عذب,371,عَذَابٌ,عذاب,عَذَابٌ,2:7:11,فعال,1.000,عَذَابٌ (2:10) | الْعَذَابِ (2:49)
يوم,365,يَوْمِ,يوم,يَوْمِ,1:4:2,فعل,1.000,وَبِالْيَوْمِ (2:8) | يَوْمَاً (2:48)
عمل,358,وَعَمِلُوا,وعملوا,عَمِلُ,2:25:4,فعل,1.000,وَعَمِلَ (2:62) | تَعْمَلُونَ (2:74)
ءتي,344,وَآتُوا,وآتوا,ءَاتُ,2:43:3,فعل,0.990,آتَيْنَا (2:53) | آتَيْنَاكُمْ (2:63)
جعل,344,يَجْعَلُونَ,يجعلون,جْعَلُ,2:19:9,فعل,0.920,جَعَلَ (2:22) | تَجْعَلُوا (2:22)
كلل,340,كُلِّ,كل,كُلِّ,2:20:23,فعل,0.973,بِكُلِّ (2:29) | كُلَّهَا (2:31)
ظلم,315,ظُلُمَاتٍ,ظلمات,ظُلُمَ,2:17:15,فعل,1.000,ظُلُمَاتٌ (2:19) | أَظْلَمَ (2:20)
بين,310,بَيْنَ,بين,بَيْنَ,2:66:4,فعل,1.000,يُبَيِّنْ (2:68) | بَيْنَ (2:68)
نزل,285,أُنْزِلَ,أنزل,أُنْزِلَ,2:4:4,افعل,1.000,وَأَنْزَلَ (2:22) | نَزَّلْنَا (2:23)
ذكر,283,اذْكُرُوا,اذكروا,ذْكُرُ,2:40:3,فعل,0.920,اذْكُرُوا (2:47) | وَاذْكُرُوا (2:63)
كتب,277,الْكِتَابُ,الكتاب,كِتَابُ,2:2:2,فعال,1.000,الْكِتَابَ (2:44) | الْكِتَابَ (2:53)
رحم,275,الرَّحِيمِ,الرحيم,رَحِيمِ,1:1:4,فعيل,1.000,الرَّحِيمِ (1:3) | الرَّحِيمُ (2:37)
عبد,272,نَعْبُدُ,نعبد,عْبُدُ,1:5:2,فعل,0.920,اعْبُدُوا (2:21) | عَبْدِنَا (2:23)
حقق,270,الْحَقُّ,الحق,حَقُّ,2:26:17,فعل,0.973,الْحَقَّ (2:42) | الْحَقِّ (2:61)
كذب,262,يَكْذِبُونَ,يكذبون,كْذِبُ,2:10:12,فعل,0.920,وَكَذَّبُوا (2:39) | كَذَّبْتُمْ (2:87)
خلق,261,خَلَقَكُمْ,خلقكم,خَلَقَ,2:21:6,فعل,1.000,خَلَقَ (2:29) | خَلَاقٍ (2:102)
سمو,260,بِسْمِ,بسم,اسْمِ,1:1:1,فعل,0.880,سَمَاوَاتٍ (2:29) | الْأَسْمَاءَ (2:31)
ءمر,247,أَمَرَ,أمر,أَمَرَ,2:27:10,فعل,1.000,أَتَأْمُرُونَ (2:44) | يَأْمُرُكُمْ (2:67)
ءخر,245,وَبِالْآخِرَةِ,وبالآخرة,ءَاخِرَ,2:4:10,فاعل,1.000,الْآخِرِ (2:8) | الْآخِرِ (2:62)
نوس,241,النَّاسِ,الناس,نَاسِ,2:8:2,فعل,1.000,النَّاسُ (2:13) | النَّاسُ (2:21)
جيء,237,جَاءَكُمْ,جاءكم,جَاءَ,2:87:18,فعل,1.000,جَاءَهُمْ (2:89) | جَاءَكُمْ (2:92)
غفر,232,نَغْفِرْ,نغفر,غْفِرْ,2:58:16,فعل,0.920,غَفُورٌ (2:173) | بِالْمَغْفِرَةِ (2:175)
نفس,231,أَنْفُسَهُمْ,أنفسهم,أَنْفُسَ,2:9:8,افعل,1.000,أَنْفُسَكُمْ (2:44) | نَفْسٌ (2:48)
هدي,215,هُدَىً,هدى,هُدَىً,2:2:6,فعل,1.000,هُدَىً (2:5) | بِالْهُدَى (2:16)
نور,202,نَارَاً,نارا,نَارَ,2:17:5,فعل,1.000,بِنُورِهِمْ (2:17) | النَّارَ (2:24)
ءول,196,أَوَّلَ,أول,أَوَّلَ,2:41:9,فعل,1.000,آلِ (2:49) | آلَ (2:50)
حكم,196,الْحَكِيمُ,الحكيم,حَكِيمُ,2:32:12,فعيل,1.000,يَحْكُمُ (2:113) | وَالْحِكْمَةَ (2:129)
حسن,194,الْمُحْسِنِينَ,المحسنين,مُحْسِنِ,2:58:20,مفعل,1.000,إِحْسَانَاً (2:83) | حُسْنَاً (2:83)
خير,194,خَيْرٌ,خير,خَيْرٌ,2:54:17,فعل,1.000,خَيْرٌ (2:61) | خَيْرٌ (2:103)
ءخذ,181,يُؤْخَذُ,يؤخذ,ؤْخَذُ,2:48:14,فعل,0.920,اتَّخَذْتُمُ (2:51) | بِاتِّخَاذِكُمُ (2:54)
جنن,176,جَنَّاتٍ,جنات,جَنَّ,2:25:8,فعل,0.973,الْجَنَّةَ (2:35) | الْجَنَّةِ (2:82)
سبل,176,السَّبِيلِ,السبيل,سَبِيلِ,2:108:18,فعيل,1.000,سَبِيلِ (2:154) | السَّبِيلِ (2:177)
خرج,174,فَأَخْرَجَ,فأخرج,أَخْرَجَ,2:22:12,افعل,1.000,فَأَخْرَجَهُمَا (2:36) | يُخْرِجْ (2:61)
سمع,172,سَمْعِهِمْ,سمعهم,سَمْعِ,2:7:6,فعل,1.000,بِسَمْعِهِمْ (2:20) | يَسْمَعُونَ (2:75)
ضلل,171,الضَّالِّينَ,الضالين,ضَالِّ,1:7:9,فاعل,1.000,الضَّلَالَةَ (2:16) | يُضِلُّ (2:26)
ءهل,168,أَهْلِ,أهل,أَهْلِ,2:105:6,فعل,1.000,أَهْلِ (2:109) | أَهْلَهُ (2:126)
كثر,166,كَثِيرَاً,كثيرا,كَثِيرَ,2:26:31,فعيل,1.000,أَكْثَرُهُمْ (2:100) | كَثِيرٌ (2:109)
مثل,165,مَثَلُهُمْ,مثلهم,مَثَلُ,2:17:1,فعل,1.000,كَمَثَلِ (2:17) | مِثْلِهِ (2:23)
قتل,161,فَاقْتُلُوا,فاقتلوا,اقْتُلُ,2:54:14,افعل,1.000,وَيَقْتُلُونَ (2:61) | قَتَلْتُمْ (2:72)
شهد,159,شُهَدَاءَكُمْ,شهداءكم,شُهَدَاءَ,2:23:14,فعلاء,1.000,تَشْهَدُونَ (2:84) | شُهَدَاءَ (2:133)
بعض,158,بَعُوضَةً,بعوضة,بَعُوضَ,2:26:9,فعول,1.000,بَعْضُكُمْ (2:36) | لِبَعْضٍ (2:36)
ءله,155,إِلَهَكَ,إلهك,إِلَهَ,2:133:17,فعل,1.000,وَإِلَهَ (2:133) | إِلَهَاً (2:133)
صدق,155,صَادِقِينَ,صادقين,صَادِقِ,2:23:20,فاعل,1.000,صَادِقِينَ (2:31) | مُصَدِّقَاً (2:41)
كبر,155,وَاسْتَكْبَرَ,واستكبر,اسْتَكْبَرَ,2:34:10,استفعل,0.983,لَكَبِيرَةٌ (2:45) | اسْتَكْبَرْتُمْ (2:87)
سوء,154,سَوَاءٌ,سواء,سَوَاءٌ,2:6:4,فعال,1.000,سُوءَ (2:49) | سَوَاءَ (2:108)
دون,146,دُونِ,دون,دُونِ,2:23:16,فعل,1.000,دُونِ (2:94) | دُونِ (2:107)
غير,146,غَيْرِ,غير,غَيْرِ,1:7:5,فعل,1.000,غَيْرَ (2:59) | بِغَيْرِ (2:61)
بصر,143,أَبْصَارِهِمْ,أبصارهم,أَبْصَارِ,2:7:8,افعال,1.000,يُبْصِرُونَ (2:17) | أَبْصَارَهُمْ (2:20)
شرك,142,الْمُشْرِكِينَ,المشركين,مُشْرِكِ,2:105:9,مفعل,1.000,الْمُشْرِكِينَ (2:135) | الْمُشْرِكَاتِ (2:221)
ولي,138,تَوَلَّيْتُمْ,توليتم,تَوَلَّيْ,2:64:2,تفعل,1.000,تَوَلَّيْتُمْ (2:83) | وَلِيٍّ (2:107)
رود,136,أَرَادَ,أراد,أَرَادَ,2:26:25,افعل,1.000,تُرِيدُونَ (2:108) | يُرِيدُ (2:185)
نتم,133,وَأَنْتُمْ,وأنتم,أَنْتُمْ,2:22:22,افعل,0.925,وَأَنْتُمْ (2:42) | وَأَنْتُمْ (2:44)
تبع,132,وَاتَّبَعُوا,واتبعوا,اتَّبَعُ,2:102:1,افعل,1.000,تَتَّبِعَ (2:120) | اتَّبَعْتَ (2:120)
قدر,132,قَدِيرٌ,قدير,قَدِيرٌ,2:20:25,فعيل,1.000,قَدِيرٌ (2:106) | قَدِيرٌ (2:109)
نذر,132,أَأَنْذَرْتَهُمْ,أأنذرتهم,أَنْذَرْ,2:6:6,افعل,1.000,تُنْذِرْهُمْ (2:6) | وَنَذِيرَاً (2:119)
جمع,129,جَمِيعَاً,جميعا,جَمِيعَ,2:29:8,فعيل,1.000,جَمِيعَاً (2:38) | جَمِيعَاً (2:148)
قلب,129,قُلُوبِهِمْ,قلوبهم,قُلُوبِ,2:7:4,فعول,1.000,قُلُوبِهِمْ (2:10) | قُلُوبُكُمْ (2:74)
عظم,128,عَظِيمٌ,عظيم,عَظِيمٌ,2:7:12,فعيل,1.000,عَظِيمٌ (2:49) | الْعَظِيمِ (2:105)
حيي,124,يَسْتَحْيِي,يستحيي,سْتَحْيِي,2:26:4,فعل,1.000,فَأَحْيَاكُمْ (2:28) | يُحْيِيكُمْ (2:28)
بشر,121,وَبَشِّرِ,وبشر,بَشِّرِ,2:25:1,فعل,1.000,وَبُشْرَى (2:97) | بَشِيرَاً (2:119)
رزق,121,رَزَقْنَاهُمْ,رزقناهم,رَزَقْ,2:3:7,فعل,1.000,رِزْقَاً (2:22) | رُزِقُوا (2:25)
نصر,121,يُنْصَرُونَ,ينصرون,نْصَرُ,2:48:19,فعل,0.920,وَالنَّصَارَى (2:62) | يُنْصَرُونَ (2:86)
دخل,120,ادْخُلُوا,ادخلوا,دْخُلُ,2:58:3,فعل,0.920,وَادْخُلُوا (2:58) | يَدْخُلَ (2:111)
دنو,120,الدُّنْيَا,الدنيا,دُنْيَا,2:85:38,فعيل,1.000,الدُّنْيَا (2:86) | الدُّنْيَا (2:114)
سءل,120,سَأَلْتُمْ,سألتم,سَأَلْ,2:61:36,فعل,1.000,تَسْأَلُوا (2:108) | سُئِلَ (2:108)
سلم,120,مُسَلَّمَةٌ,مسلمة,مُسَلَّمَ,2:71:13,مفعل,1.000,أَسْلَمَ (2:112) | مُسْلِمَيْنِ (2:128)
سمء,120,السَّمَاءِ,السماء,سَمَاءِ,2:19:4,فعال,0.925,وَالسَّمَاءَ (2:22) | السَّمَاءِ (2:22)
عزز,117,الْعَزِيزُ,العزيز,عَزِيزُ,2:129:15,فعيل,1.000,الْعِزَّةُ (2:206) | عَزِيزٌ (2:209)
نهر,114,الْأَنْهَارُ,الأنهار,أَنْهَارُ,2:25:12,افعال,1.000,الْأَنْهَارُ (2:74) | وَالنَّهَارِ (2:164)
ملء,113,لِلْمَلَائِكَةِ,للملائكة,مَلَائِكَ,2:30:4,فعال,1.000,الْمَلَائِكَةِ (2:31) | لِلْمَلَائِكَةِ (2:34)
نظر,112,تَنْظُرُونَ,تنظرون,نْظُرُ,2:50:10,فعل,0.920,تَنْظُرُونَ (2:55) | النَّاظِرِينَ (2:69)
ءجر,109,أَجْرُهُمْ,أجرهم,أَجْرُ,2:62:16,فعل,1.000,أَجْرُهُ (2:112) | أَجْرُهُمْ (2:262)
نفق,108,يُنْفِقُونَ,ينفقون,نْفِقُ,2:3:8,فعل,0.920,وَأَنْفِقُوا (2:195) | يُنْفِقُونَ (2:215)
موت,106,الْمَوْتِ,الموت,مَوْتِ,2:19:16,فعل,1.000,أَمْوَاتَاً (2:28) | يُمِيتُكُمْ (2:28)
توب,105,فَتَابَ,فتاب,تَابَ,2:37:6,فعل,1.000,التَّوَّابُ (2:37) | فَتُوبُوا (2:54)
رءي,105,وَرَاءَهُ,وراءه,رَاءَ,2:91:15,فعل,0.990,رِئَاءَ (2:264) | رَأْيَ (3:13)
يدي,105,يَدَيْهَا,يديها,يَدَيْ,2:66:5,فعل,1.000,بِأَيْدِيهِمْ (2:79) | أَيْدِيهِمْ (2:79)
رجع,103,يَرْجِعُونَ,يرجعون,رْجِعُ,2:18:6,فعل,0.920,تُرْجَعُونَ (2:28) | رَاجِعُونَ (2:46)
قيل,103,قِيلَ,قيل,قِيلَ,2:11:2,فعل,1.000,قِيلَ (2:13) | قِيلَ (2:59)
ليل,102,فَوَلِّ,فول,وَلِّ,2:144:10,فعل,0.931,فَوَلُّوا (2:144) | فَوَلِّ (2:149)
صبر,100,بِالصَّبْرِ,بالصبر,صَبْرِ,2:45:2,فعل,1.000,نَصْبِرَ (2:61) | بِالصَّبْرِ (2:153)
خوف,99,خَوْفٌ,خوف,خَوْفٌ,2:38:13,فعل,1.000,خَوْفٌ (2:62) | خَوْفٌ (2:112)
ءتق,98,فَاتَّقُوا,فاتقوا,اتَّقُ,2:24:6,افعل,0.952,فَاتَّقُونِ (2:41) | وَاتَّقُوا (2:48)
صحب,97,أَصْحَابُ,أصحاب,أَصْحَابُ,2:39:6,افعال,1.000,أَصْحَابُ (2:81) | أَصْحَابُ (2:82)
ءنا,96,وَأَنَا,وأنا,أَنَا,2:160:9,فعل,1.000,أَنَا (2:258) | بِأَنَّا (3:52)
بنو,96,أَبْنَاءَكُمْ,أبناءكم,أَبْنَاءَ,2:49:10,فعلاء,1.000,ابْنَ (2:87) | أَبْنَاءَهُمْ (2:146)
دين,96,الدِّينِ,الدين,دِينِ,1:4:3,فعل,1.000,الدِّينَ (2:132) | الدِّينُ (2:193)
ءنس,95,أُنَاسٍ,أناس,أُنَاسٍ,2:60:17,فعال,1.000,آنَسْتُمْ (4:6) | الْإِنْسَانُ (4:28)
حسب,94,الْحِسَابِ,الحساب,حِسَابِ,2:202:8,فعال,1.000,فَحَسْبُهُ (2:206) | حِسَابٍ (2:212)
قرب,94,تَقْرَبَا,تقربا,قْرَبَا,2:35:13,فعل,0.931,الْقُرْبَى (2:83) | الْقُرْبَى (2:177)
وعد,94,تُوَاعِدُوهُنَّ,تواعدوهن,تُوَاعِدُو,2:235:20,تفاعلو,0.805,وَعْدَهُ (3:152) | وَعْدَ (4:122)
تلو,93,تَتْلُو,تتلو,تْلُو,2:102:3,فعل,1.000,تُوَلُّوا (2:115) | تِلَاوَتِهِ (2:121)
سبح,92,نُسَبِّحُ,نسبح,سَبِّحُ,2:30:19,فعل,1.000,سُبْحَانَكَ (2:32) | سُبْحَانَهُ (2:116)
طوع,91,تَطَوَّعَ,تطوع,طَوَّعَ,2:158:19,فعل,1.000,تَطَوَّعَ (2:184) | اسْتَطَاعُوا (2:217)
فضل,91,فَضْلُ,فضل,فَضْلُ,2:64:7,فعل,1.000,فَضْلِهِ (2:90) | الْفَضْلِ (2:105)
حبب,90,يُحِبُّونَهُمْ,يحبونهم,حِبُّونَ,2:165:9,فعل,0.931,حُبَّاً (2:165) | حُبِّهِ (2:177)
كيف,90,كَيْفَ,كيف,كَيْفَ,2:28:1,فعل,1.000,كَافَّةً (2:208) | كَيْفَ (2:259)
قرء,89,الْقُرْآنُ,القرآن,قُرْءَانُ,2:185:6,فعلان,1.000,قُرُوءٍ (2:228) | الْقُرْآنَ (4:82)
مول,89,الْأَمْوَالِ,الأموال,أَمْوَالِ,2:155:8,افعال,1.000,الْمَالَ (2:177) | أَمْوَالَكُمْ (2:188)
خلد,87,خَالِدُونَ,خالدون,خَالِدُ,2:25:34,فاعل,1.000,خَالِدُونَ (2:39) | خَالِدُونَ (2:81)
دعو,87,فَادْعُ,فادع,ادْعُ,2:61:9,فعل,0.880,ادْعُ (2:68) | ادْعُ (2:69)
نحن,86,نَحْنُ,نحن,نَحْنُ,2:11:10,فعل,1.000,نَحْنُ (2:14) | وَنَحْنُ (2:30)
ولد,86,وَبِالْوَالِدَيْنِ,وبالوالدين,وَالِدَ,2:83:10,فاعل,1.000,وَلَدَاً (2:116) | لِلْوَالِدَيْنِ (2:180)
ذوو,84,وَذِي,وذي,ذِي,2:83:12,,1.000,ذُو (2:105) | ذَوِي (2:177)
ءخو,83,أَخِيهِ,أخيه,أَخِي,2:178:19,فعل,1.000,فَإِخْوَانُكُمْ (2:220) | إِخْوَانَاً (3:103)
ءوب,83,آبَائِكَ,آبائك,ءَابَائِ,2:133:19,فعلاء,1.000,آبَاءَنَا (2:170) | آبَاؤُهُمْ (2:170)
حرم,83,مُحَرَّمٌ,محرم,مُحَرَّمٌ,2:85:20,مفعل,1.000,الْحَرَامِ (2:144) | الْحَرَامِ (2:149)
شدد,82,أَشَدُّ,أشد,أَشَدُّ,2:74:10,افعل,1.000,أَشَدِّ (2:85) | أَشَدُّ (2:165)
ءنت,81,أَنْتَ,أنت,أَنْتَ,2:32:10,فعل,1.000,أَنْتَ (2:35) | أَنْتَ (2:127)
ءيم,81,أُمِّيُّونَ,أميون,أُمِّيُّ,2:78:2,فعل,0.990,أَمْوَاتٌ (2:154) | أَيَّامٍ (2:184)
زوج,81,أَزْوَاجٌ,أزواج,أَزْوَاجٌ,2:25:30,افعال,1.000,وَزَوْجُكَ (2:35) | وَزَوْجِهِ (2:102)
صلو,81,الصَّلَاةَ,الصلاة,صَلَا,2:3:5,فعل,1.000,الصَّلَاةَ (2:43) | وَالصَّلَاةِ (2:45)
نوب,81,النَّبِيِّينَ,النبيين,نَبِيِّ,2:61:52,فعل,0.990,أَنْبِيَاءَ (2:91) | النَّبِيُّونَ (2:136)
ءحد,79,أَحَدُهُمْ,أحدهم,أَحَدُ,2:96:10,فعل,0.900,أَحَدٍ (2:102) | أَحَدٍ (2:136)
عرض,78,عَرَضَهُمْ,عرضهم,عَرَضَ,2:31:6,فعل,1.000,مُعْرِضُونَ (2:83) | عُرْضَةً (2:224)
عقب,78,عَقِبَيْهِ,عقبيه,عَقِبَيْ,2:143:27,فعل,1.000,الْعِقَابِ (2:196) | الْعِقَابِ (2:211)
هما,78,مِنْهُمَا,منهما,هُمَا,2:102:36,فعل,1.000,بِهِمَا (2:158) | فِيهِمَا (2:219)
نبء,76,أَنْبِئُونِي,أنبئوني,أَنْبِئُو,2:31:10,افعلو,0.805,أَنْبِئْهُمْ (2:33) | أَنْبَأَهُمْ (2:33)
شكر,75,تَشْكُرُونَ,تشكرون,شْكُرُ,2:52:8,فعل,0.920,تَشْكُرُونَ (2:56) | وَاشْكُرُوا (2:152)
ءكل,74,يَأْكُلُونَ,يأكلون,أْكُلُ,2:174:15,فعل,0.920,تَأْكُلُوا (2:188) | لِتَأْكُلُوا (2:188)
قلل,74,قَلِيلَاً,قليلا,قَلِيلَ,2:41:16,فعيل,1.000,قَلِيلَاً (2:79) | قَلِيلَاً (2:83)
وجه,74,وَجْهَهُ,وجهه,وَجْهَ,2:112:4,فعل,1.000,وَجْهُ (2:115) | وَجْهِكَ (2:144)
خلف,73,خَلِيفَةً,خليفة,خَلِيفَ,2:30:9,فعيل,1.000,وَاخْتِلَافِ (2:164) | اخْتَلَفُوا (2:176)
رجل,73,وَلِلرِّجَالِ,وللرجال,رِّجَالِ,2:228:35,فعال,1.000,فَرِجَالَاً (2:239) | رِجَالِكُمْ (2:282)
وحد,73,وَاحِدٍ,واحد,وَاحِدٍ,2:61:8,فاعل,1.000,وَاحِدَاً (2:133) | وَاحِدٌ (2:163)
ءلم,72,أَلِيمٌ,أليم,أَلِيمٌ,2:10:9,فعيل,1.000,أَلِيمٌ (2:104) | أَلِيمٌ (2:174)
سجد,70,اسْجُدُوا,اسجدوا,سْجُدُ,2:34:4,فعل,0.920,فَسَجَدُوا (2:34) | سُجَّدَاً (2:58)
شطن,70,الشَّيْطَانُ,الشيطان,شَيْطَانُ,2:36:2,فيعال,0.973,الشَّيْطَانِ (2:168) | الشَّيْطَانِ (2:208)
فعل,70,تَفْعَلُوا,تفعلوا,فْعَلُ,2:24:3,فعل,0.920,فَافْعَلُوا (2:68) | يَفْعَلُونَ (2:71)
عرف,69,عَرَفُوا,عرفوا,عَرَفُ,2:89:20,فعل,1.000,يَعْرِفُونَهُ (2:146) | يَعْرِفُونَ (2:146)
نعم,69,أَنْعَمْتَ,أنعمت,أَنْعَمْ,1:7:3,افعل,1.000,أَنْعَمْتُ (2:40) | أَنْعَمْتُ (2:47)
بءس,68,وَلَبِئْسَ,ولبئس,لَبِئْسَ,2:102:67,فعل,0.931,وَبِئْسَ (2:126) | الْبَأْسَاءِ (2:177)
متع,68,وَمَتَاعٌ,ومتاع,مَتَاعٌ,2:36:17,فعال,1.000,فَأُمَتِّعُهُ (2:126) | تَمَتَّعَ (2:196)
كسب,67,يَكْسِبُونَ,يكسبون,كْسِبُ,2:79:24,فعل,0.920,كَسَبَ (2:81) | كَسَبَتْ (2:134)
بعث,66,بَعَثْنَاكُمْ,بعثناكم,بَعَثْ,2:56:2,فعل,1.000,وَابْعَثْ (2:129) | فَبَعَثَ (2:213)
خسر,65,الْخَاسِرُونَ,الخاسرون,خَاسِرُ,2:27:20,فاعل,1.000,الْخَاسِرِينَ (2:64) | الْخَاسِرُونَ (2:121)
ماء,65,مَاءً,ماء,مَاءً,2:22:11,فعل,0.900,الْمَاءُ (2:74) | مَاءٍ (2:164)
صوب,64,كَصَيِّبٍ,كصيب,كَصَيِّبٍ,2:19:2,فعل,0.956,أَصَابَتْهُمْ (2:156) | مُصِيبَةٌ (2:156)
نجو,64,نَجَّيْنَاكُمْ,نجيناكم,نَجَّيْ,2:49:2,فعل,1.000,فَأَنْجَيْنَاكُمْ (2:50) | يُنَجِّيكُمْ (6:63)
جرم,63,الْمُجْرِمِينَ,المجرمين,مُجْرِمِ,6:55:6,مفعل,1.000,مُجْرِمِيهَا (6:123) | أَجْرَمُوا (6:124)
حمد,63,الْحَمْدُ,الحمد,حَمْدُ,1:2:1,فعل,1.000,بِحَمْدِكَ (2:30) | حَمِيدٌ (2:267)
حمل,62,تَحْمِلُهُ,تحمله,حْمِلُ,2:248:21,فعل,0.920,تَحْمِلْ (2:286) | حَمَلْتَهُ (2:286)
ظنن,62,يَظُنُّونَ,يظنون,ظُنُّ,2:46:2,فعل,0.973,يَظُنُّونَ (2:78) | يَظُنُّونَ (2:249)
كلم,62,كَلِمَاتٍ,كلمات,كَلِمَ,2:37:5,فعل,1.000,كَلَامَ (2:75) | يُكَلِّمُنَا (2:118)
سحر,61,السِّحْرَ,السحر,سِحْرَ,2:102:16,فعل,1.000,بِالْأَسْحَارِ (3:17) | سِحْرٌ (5:110)
هنن,61,هُنَّ,هن,هُنَّ,2:187:8,فعل,0.846,لَهُنَّ (2:187) | فِيهِنَّ (2:197)
يمن,61,إِيمَانُكُمْ,إيمانكم,إِيمَانُ,2:93:24,افعال,1.000,بِالْإِيمَانِ (2:108) | إِيمَانِكُمْ (2:109)
بلغ,60,يَبْلُغَ,يبلغ,بْلُغَ,2:196:15,فعل,1.000,يَبْلُغَ (2:235) | الْبَلَاغُ (3:20)
جري,60,تَجْرِي,تجري,جْرِي,2:25:9,فعل,1.000,تَجْرِي (2:164) | تَجْرِي (2:266)
ظهر,58,تَظَاهَرُونَ,تظاهرون,ظَاهَرُ,2:85:11,فاعل,1.000,ظُهُورِهِمْ (2:101) | ظُهُورِهَا (2:189)
عدو,58,عَدُوٌّ,عدو,عَدُوٌّ,2:36:12,فعل,1.000,وَالْعُدْوَانِ (2:85) | عَدُوٌّ (2:98)
نسء,58,نِسَاءَكُمْ,نساءكم,نِسَاءَ,2:49:12,فعال,1.000,نِسَائِكُمْ (2:187) | النِّسَاءَ (2:222)
تخذ,57,أَتَتَّخِذُنَا,أتتخذنا,تَتَّخِذُ,2:67:12,تفعل,0.925,أَتَّخَذْتُمْ (2:80) | يَتَّخِذُ (2:165)
رحمن,57,الرَّحْمَنِ,الرحمن,رَحْمَنِ,1:1:3,فعلل,0.832,الرَّحْمَنِ (1:3) | الرَّحْمَنُ (2:163)
روح,57,بِرُوحِ,بروح,رُوحِ,2:87:15,فعل,1.000,الرِّيَاحِ (2:164) | بِرُوحِ (2:253)
ضرب,56,يَضْرِبَ,يضرب,ضْرِبَ,2:26:6,فعل,1.000,اضْرِبْ (2:60) | وَضُرِبَتْ (2:61)
قري,56,الْقَرْيَةَ,القرية,قَرْيَ,2:58:5,فعل,1.000,قَرْيَةٍ (2:259) | الْقَرْيَةِ (4:75)
لقي,56,فَتَلَقَّى,فتلقى,تَلَقَّى,2:37:1,فعل,1.000,مُلَاقُو (2:46) | مُلَاقُوهُ (2:223)
وكل,56,فَتَوَكَّلْ,فتوكل,وَكَّلْ,3:159:24,فعل,1.000,الْمُتَوَكِّلِينَ (3:159) | الْوَكِيلُ (3:173)
جزي,55,تَجْزِي,تجزي,جْزِي,2:48:4,فعل,1.000,تَجْزِي (2:123) | وَسَيَجْزِي (3:144)
دور,55,دِيَارِكُمْ,دياركم,دِيَارِ,2:84:11,فعال,1.000,دِيَارِهِمْ (2:85) | الدَّارُ (2:94)
غني,55,غَنِيٌّ,غني,غَنِيٌّ,2:263:10,فعل,1.000,غَنِيٌّ (2:267) | أَغْنِيَاءَ (2:273)
رضي,54,تَرْضَى,ترضى,رْضَى,2:120:2,فعل,1.000,تَرْضَاهَا (2:144) | وَرِضْوَانٌ (3:15)
ضرر,54,يَضُرُّهُمْ,يضرهم,ضُرُّ,2:102:54,فعل,0.973,وَالضَّرَّاءِ (2:177) | وَالضَّرَّاءُ (2:214)
بيت,53,الْبَيْتَ,البيت,بَيْتَ,2:125:3,فعل,1.000,الْبَيْتِ (2:127) | الْبَيْتَ (2:158)
غيب,53,بِالْغَيْبِ,بالغيب,غَيْبِ,2:3:3,فعل,1.000,غَيْبَ (2:33) | الْغَيْبِ (3:44)
خبر,52,خَبِيرٌ,خبير,خَبِيرٌ,2:234:25,فعيل,1.000,خَبِيرٌ (2:271) | خَبِيرٌ (3:153)
ضعف,52,فَيُضَاعِفَهُ,فيضاعفه,يُضَاعِفَ,2:245:8,فاعل,0.936,أَضْعَافَاً (2:245) | يُضَاعِفُ (2:261)
زكو,51,الزَّكَاةَ,الزكاة,زَكَا,2:43:4,فعل,1.000,الزَّكَاةَ (2:83) | الزَّكَاةَ (2:110)
هتد,51,مُهْتَدِينَ,مهتدين,مُهْتَدِ,2:16:11,مفعل,0.925,تَهْتَدُونَ (2:53) | تَهْتَدُوا (2:135)
سوع,50,السَّاعَةُ,الساعة,سَاعَ,6:31:10,فعل,1.000,السَّاعَةُ (6:40) | سَاعَةً (7:34)
ءثم,49,بِالْإِثْمِ,بالإثم,إِثْمِ,2:85:13,فعل,1.000,إِثْمَ (2:173) | إِثْمُهُ (2:181)
عقل,49,تَعْقِلُونَ,تعقلون,عْقِلُ,2:44:10,فعل,0.920,تَعْقِلُونَ (2:73) | عَقَلُوهُ (2:75)
علو,49,الْعَلِيُّ,العلي,عَلِيُّ,2:255:49,فعل,1.000,وَعَلَانِيَةً (2:274) | عَلِيَّاً (4:34)
متق,49,لِلْمُتَّقِينَ,للمتقين,مُتَّقِ,2:2:7,فعل,0.900,لِلْمُتَّقِينَ (2:66) | الْمُتَّقُونَ (2:177)
تتق,48,تَتَّقُونَ,تتقون,تَّقُ,2:21:11,فعل,0.752,تَتَّقُونَ (2:63) | تَتَّقُونَ (2:179)
طعم,48,طَعَامٍ,طعام,طَعَامٍ,2:61:7,فعال,1.000,طَعَامُ (2:184) | يَطْعَمْهُ (2:249)
طيب,48,طَيِّبَاتِ,طيبات,طَيِّبَ,2:57:10,فعل,1.000,طَيِّبَاً (2:168) | طَيِّبَاتِ (2:172)
قدم,48,قَدَّمَتْ,قدمت,قَدَّمَ,2:95:5,فعل,1.000,تُقَدِّمُوا (2:110) | وَقَدِّمُوا (2:223)
حلل,47,حَلَالَاً,حلالا,حَلَالَ,2:168:7,فعال,1.000,أُحِلَّ (2:187) | يَحِلُّ (2:228)
نفع,47,يَنْفَعُهُمْ,ينفعهم,نْفَعُ,2:102:56,فعل,0.920,تَنْفَعُهَا (2:123) | يَنْفَعُ (2:164)
صدر,46,صُدُورِكُمْ,صدوركم,صُدُورِ,3:29:6,فعول,1.000,صُدُورُهُمْ (3:118) | الصُّدُور (3:119)
عهد,46,عَهْدَ,عهد,عَهْدَ,2:27:3,فعل,1.000,بِعَهْدِي (2:40) | بِعَهْدِكُمْ (2:40)
عود,46,يَعِدُكُمُ,يعدكم,يَعِدُ,2:268:2,فعل,0.990,يَعِدُكُمْ (2:268) | الْمِيعَادَ (3:9)
قضي,46,قَضَى,قضى,قَضَى,2:117:5,فعل,1.000,قَضَيْتُمْ (2:200) | وَقُضِيَ (2:210)
هءل,46,هَؤُلَاءِ,هؤلاء,هَؤُلَاءِ,2:31:12,فعلاء,0.880,هَؤُلَاءِ (2:85) | هَؤُلَاءِ (3:66)
جزء,45,جَزَاءُ,جزاء,جَزَاءُ,2:85:29,فعال,1.000,جَزَاءُ (2:191) | جُزْءَاً (2:260)
صبح,45,فَأَصْبَحْتُمْ,فأصبحتم,أَصْبَحْ,3:103:17,افعل,1.000,فَأَصْبَحَ (5:30) | فَأَصْبَحَ (5:31)
صرط,45,الصِّرَاطَ,الصراط,صِرَاطَ,1:6:2,فعال,1.000,صِرَاطَ (1:7) | صِرَاطٍ (2:142)
فتن,45,فِتْنَةٌ,فتنة,فِتْنَ,2:102:32,فعل,1.000,وَالْفِتْنَةُ (2:191) | فِتْنَةٌ (2:193)
قوي,45,بِقُوَّةٍ,بقوة,قُوَّ,2:63:10,فعل,0.998,بِقُوَّةٍ (2:93) | الْقُوَّةَ (2:165)
كرم,45,كَرِيمَاً,كريما,كَرِيمَ,4:31:12,فعيل,1.000,كَرِيمٌ (8:4) | كَرِيمٌ (8:74)
يسر,45,الْيُسْرَ,اليسر,يُسْرَ,2:185:31,فعل,1.000,اسْتَيْسَرَ (2:196) | وَالْمَيْسِرِ (2:219)
ابو,44,أَبَوَاهُ,أبواه,أَبَ,4:11:40,,1.000,لِأَبِيهِ (6:74) | لِأَبِيهِ (9:114)
بدل,44,فَبَدَّلَ,فبدل,بَدَّلَ,2:59:1,فعل,1.000,أَتَسْتَبْدِلُونَ (2:61) | يَتَبَدَّلِ (2:108)
حفظ,44,حَافِظُوا,حافظوا,حَافِظُ,2:238:1,فاعل,1.000,حِفْظُهُمَا (2:255) | حَافِظَاتٌ (4:34)
دبر,44,الْأَدْبَارَ,الأدبار,أَدْبَارَ,3:111:8,افعال,1.000,أَدْبَارِهَا (4:47) | يَتَدَبَّرُونَ (4:82)
ذوق,44,فَذُوقُوا,فذوقوا,ذُوقُ,3:106:13,فعل,1.000,ذُوقُوا (3:181) | لِيَذُوقُوا (4:56)
زين,44,زُيِّنَ,زين,زُيِّنَ,2:212:1,فعل,1.000,زُيِّنَ (3:14) | وَزَيَّنَ (6:43)
صلح,44,مُصْلِحُونَ,مصلحون,مُصْلِحُ,2:11:11,مفعل,1.000,وَأَصْلَحُوا (2:160) | فَأَصْلَحَ (2:182)
حشر,43,تُحْشَرُونَ,تحشرون,حْشَرُ,2:203:25,فعل,0.920,وَتُحْشَرُونَ (3:12) | تُحْشَرُونَ (3:158)
فسد,43,تُفْسِدُوا,تفسدوا,فْسِدُ,2:11:5,فعل,0.920,الْمُفْسِدُونَ (2:12) | وَيُفْسِدُونَ (2:27)
بحر,42,الْبَحْرَ,البحر,بَحْرَ,2:50:4,فعل,1.000,الْبَحْرِ (2:164) | الْبَحْرِ (5:96)
ذرو,42,ذُرِّيَّتِي,ذريتي,ذُرِّيَّ,2:124:14,فعل,1.000,ذُرِّيَّتِنَا (2:128) | ذُرِّيَّةٌ (2:266)
سخر,42,الْمُسَخَّرِ,المسخر,مُسَخَّرِ,2:164:37,مفعل,1.000,وَيَسْخَرُونَ (2:212) | سَخِرُوا (6:10)
سوي,42,اسْتَوَى,استوى,اسْتَوَى,2:29:10,افتعل,0.826,فَسَوَّاهُنَّ (2:29) | تُسَوَّى (4:42)
عجل,42,الْعِجْلَ,العجل,عِجْلَ,2:51:8,فعل,1.000,الْعِجْلَ (2:54) | الْعِجْلَ (2:92)
مسس,42,الْمَسِّ,المس,مَسِّ,2:275:13,فعل,0.973,يَمْسَسْنِي (3:47) | تَمْسَسْكُمْ (3:120)
جبل,41,جَبَلٍ,جبل,جَبَلٍ,2:260:28,فعل,1.000,الْجِبَالَ (7:74) | الْجَبَلِ (7:143)
جهد,41,وَجَاهَدُوا,وجاهدوا,جَاهَدُ,2:218:6,فاعل,1.000,جَاهَدُوا (3:142) | وَالْمُجَاهِدُونَ (4:95)
عون,41,وَاسْتَعِينُوا,واستعينوا,اسْتَعِينُ,2:45:1,استفعل,0.903,عَوَانٌ (2:68) | اسْتَعِينُوا (2:153)
فرق,41,وَالْفُرْقَانَ,والفرقان,فُرْقَانَ,2:53:5,فعلان,1.000,فَفَرِيقَاً (2:87) | وَفَرِيقَاً (2:87)
مكر,41,وَمَكَرُوا,ومكروا,مَكَرُ,3:54:1,فعل,1.000,وَمَكَرَ (3:54) | لِيَمْكُرُوا (6:123)
هود,41,اهْدِنَا,اهدنا,اهْدِ,1:6:1,فعل,0.880,هَادُوا (2:62) | لَمُهْتَدُونَ (2:70)
فتر,40,يَفْتَرُونَ,يفترون,فْتَرُ,3:24:15,فعل,0.920,يَفْتَرُونَ (4:50) | فَتْرَةٍ (5:19)
فسه,40,نَفْسَهُ,نفسه,فْسَهُ,2:130:9,فعل,0.800,نَفْسَهُ (2:207) | نَفْسَهُ (2:231)
فلح,40,الْمُفْلِحُونَ,المفلحون,مُفْلِحُ,2:5:8,مفعل,1.000,تُفْلِحُونَ (2:189) | الْمُفْلِحُونَ (3:104)
مسك,40,وَالْمَسَاكِينِ,والمساكين,مَسَاكِ,2:83:15,فعال,1.000,وَالْمَسَاكِينَ (2:177) | مِسْكِينٍ (2:184)
ويل,40,فَوَيْلٌ,فويل,وَيْلٌ,2:79:1,فعل,1.000,وَوَيْلٌ (2:79) | مَوَالِيَ (4:33)
ءلق,39,وَأَلْقَوْا,وألقوا,أَلْقَ,4:90:28,فعل,0.900,أَلْقَى (4:94) | فَأَلْقَى (7:107)
حزن,39,يَحْزَنُونَ,يحزنون,حْزَنُ,2:38:17,فعل,0.920,يَحْزَنُونَ (2:62) | يَحْزَنُونَ (2:112)
ذنب,39,بِذُنُوبِهِمْ,بذنوبهم,ذُنُوبِ,3:11:11,فعول,1.000,ذُنُوبَنَا (3:16) | ذُنُوبَكُمْ (3:31)
سلط,39,سُلْطَانَاً,سلطانا,سُلْطَانَ,3:151:14,فعلان,1.000,لَسَلَّطَهُمْ (4:90) | سُلْطَانَاً (4:91)
شرب,39,مَشْرَبَهُمْ,مشربهم,مَشْرَبَ,2:60:18,مفعل,1.000,وَاشْرَبُوا (2:60) | وَأُشْرِبُوا (2:93)
شعر,39,يَشْعُرُونَ,يشعرون,شْعُرُ,2:9:10,فعل,0.920,يَشْعُرُونَ (2:12) | تَشْعُرُونَ (2:154)
كره,38,كُرْهٌ,كره,كُرْهٌ,2:216:5,فعل,1.000,تَكْرَهُوا (2:216) | وَكَرْهَاً (3:83)
ندو,38,فَنَادَتْهُ,فنادته,نَادَ,3:39:1,فعل,0.990,مُنَادِيَاً (3:193) | يُنَادِي (3:193)
عدد,37,أُعِدَّتْ,أعدت,أُعِدَّ,2:24:12,افعل,1.000,مَعْدُودَةً (2:80) | مَعْدُودَاتٍ (2:184)
فسق,37,الْفَاسِقِينَ,الفاسقين,فَاسِقِ,2:26:39,فاعل,1.000,يَفْسُقُونَ (2:59) | الْفَاسِقُونَ (2:99)
مرء,37,الْمَرْءِ,المرء,مَرْءِ,2:102:41,فعل,1.000,امْرَأَتُ (3:35) | وَامْرَأَتِي (3:40)
ءذن,36,آذَانِهِمْ,آذانهم,ءَاذَانِ,2:19:12,فاعال,0.973,فَأْذَنُوا (2:279) | آذَانَ (4:119)
ترى,36,فَتَرَى,فترى,تَرَى,5:52:1,فعل,1.000,وَتَرَى (5:62) | تَرَى (5:80)
حدث,36,أَتُحَدِّثُونَهُمْ,أتحدثونهم,حَدِّثُونَ,2:76:13,فعل,1.000,حَدِيثَاً (4:42) | حَدِيثَاً (4:78)
زيد,36,فَزَادَهُمُ,فزادهم,زَادَ,2:10:4,فعل,1.000,وَتَزَوَّدُوا (2:197) | الزَّادِ (2:197)
عتد,36,يَعْتَدُونَ,يعتدون,عْتَدُ,2:61:59,فعل,0.920,اعْتَدَوْا (2:65) | تَعْتَدُوا (2:190)
قطع,36,وَيَقْطَعُونَ,ويقطعون,قْطَعُ,2:27:8,فعل,0.920,وَتَقَطَّعَتْ (2:166) | لِيَقْطَعَ (3:127)
صدد,35,تَصُدُّونَ,تصدون,تَصُدُّ,3:99:5,تفعل,1.000,صَدَّ (4:55) | يَصُدُّونَ (4:61)
غفل,35,بِغَافِلٍ,بغافل,غَافِلٍ,2:74:35,فاعل,1.000,بِغَافِلٍ (2:85) | بِغَافِلٍ (2:140)
كيل,35,وَمِيكَالَ,وميكال,مِيكَالَ,2:98:8,مفعال,0.968,لِكَيْلَا (3:153) | وَكِيلَاً (4:81)
نكر,35,الْمُنْكَرِ,المنكر,مُنْكَرِ,3:104:11,مفعل,1.000,الْمُنْكَرِ (3:110) | الْمُنْكَرِ (3:114)
بطل,34,بِالْبَاطِلِ,بالباطل,بَاطِلِ,2:42:4,فاعل,1.000,بِالْبَاطِلِ (2:188) | تُبْطِلُوا (2:264)
خشي,34,خَشْيَةِ,خشية,خَشْيَ,2:74:31,فعل,1.000,تَخْشَوْهُمْ (2:150) | وَاخْشَوْنِي (2:150)
سبق,34,فَاسْتَبِقُوا,فاستبقوا,اسْتَبِقُ,2:148:5,افتعل,0.757,فَاسْتَبِقُوا (5:48) | سَبَقَكُمْ (7:80)
سرر,34,تَسُرُّ,تسر,سُرُّ,2:69:17,فعل,0.973,يُسِرُّونَ (2:77) | سِرَّاً (2:235)
ييء,34,سَيِّئَةً,سيئة,يِّئَ,2:81:4,فعل,0.846,سَيِّئَاتِكُمْ (2:271) | سَيِّئَةٌ (3:120)
ردد,33,يُرَدُّونَ,يردون,رَدُّ,2:85:41,فعل,0.973,يَرُدُّونَكُمْ (2:109) | بِرَدِّهِنَّ (2:228)
شمس,33,بِالشَّمْسِ,بالشمس,شَمْسِ,2:258:29,فعل,1.000,الشَّمْسَ (6:78) | وَالشَّمْسَ (6:96)
عرش,33,عُرُوشِهَا,عروشها,عُرُوشِ,2:259:9,فعول,1.000,مَعْرُوشَاتٍ (6:141) | الْعَرْشِ (7:54)
قسم,33,الْقِسْمَةَ,القسمة,قِسْمَ,4:8:3,فعل,1.000,تَسْتَقْسِمُوا (5:3) | أَقْسَمُوا (5:53)
بتغ,32,وَابْتَغُوا,وابتغوا,ابْتَغُ,2:187:26,افعل,0.925,تَبْتَغُوا (2:198) | يَبْتَغِ (3:85)
ثلث,32,ثَلَاثَةِ,ثلاثة,ثَلَاثَ,2:196:49,فعال,1.000,ثَلَاثَةَ (2:228) | ثَلَاثَةَ (3:41)
سكن,32,اسْكُنْ,اسكن,سْكُنْ,2:35:3,فعل,0.920,وَالْمَسْكَنَةُ (2:61) | سَكِينَةٌ (2:248)
فصل,32,فِصَالَاً,فصالا,فِصَالَ,2:233:36,فعال,1.000,نُفَصِّلُ (6:55) | الْفَاصِلِينَ (6:57)
كفي,32,فَسَيَكْفِيكَهُمُ,فسيكفيكهم,كْفِيكَ,2:137:15,فعل,1.000,يَكْفِيَكُمْ (3:124) | وَكَفَى (4:6)
نصب,32,نَصِيبٌ,نصيب,نَصِيبٌ,2:202:3,فعيل,1.000,نَصِيبَاً (3:23) | نَصِيبٌ (4:7)
ودد,32,يَوَدُّ,يود,وَدُّ,2:96:9,فعل,0.973,يَوَدُّ (2:105) | وَدَّ (2:109)
تول,31,تَوَلَّوْا,تولوا,تَوَلَّ,2:137:10,فعل,1.000,تَوَلَّوْا (2:246) | تَوَلَّوْا (3:20)
خلص,31,خَالِصَةً,خالصة,خَالِصَ,2:94:9,فاعل,1.000,مُخْلِصُونَ (2:139) | وَأَخْلَصُوا (4:146)
ريب,31,رَيْبَ,ريب,رَيْبَ,2:2:4,فعل,1.000,رَيْبٍ (2:23) | رَيْبَ (3:9)
شفع,31,شَفَاعَةٌ,شفاعة,شَفَاعَ,2:48:12,فعال,1.000,شَفَاعَةٌ (2:123) | شَفَاعَةٌ (2:254)
غلب,31,غَلَبَتْ,غلبت,غَلَبَ,2:249:53,فعل,1.000,سَتُغْلَبُونَ (3:12) | غَالِبَ (3:160)
قعد,31,الْقَوَاعِدَ,القواعد,قَوَاعِدَ,2:127:4,فواعل,0.973,مَقَاعِدَ (3:121) | وَقَعَدُوا (3:168)
لعن,31,لَعَنَهُمُ,لعنهم,لَعَنَ,2:88:5,فعل,1.000,فَلَعْنَةُ (2:89) | يَلْعَنُهُمُ (2:159)
هجر,31,هَاجَرُوا,هاجروا,هَاجَرُ,2:218:5,فاعل,1.000,هَاجَرُوا (3:195) | وَاهْجُرُوهُنَّ (4:34)
وحي,31,أَوْحَيْنَا,أوحينا,أَوْحَيْ,4:163:2,افعل,1.000,وَأَوْحَيْنَا (4:163) | أَوْحَيْتُ (5:111)
ءتا,30,وَآتَاهُ,وآتاه,ءَاتَا,2:251:7,فاعل,1.000,آتَاهُ (2:258) | فَآتَاهُمُ (3:148)
ءفك,30,يُؤْفَكُونَ,يؤفكون,ؤْفَكُ,5:75:25,فعل,0.920,تُؤْفَكُونَ (6:95) | يَأْفِكُونَ (7:117)
ءنث,30,وَالْأُنْثَى,والأنثى,أُنْثَى,2:178:13,فعلى,1.000,بِالْأُنْثَى (2:178) | أُنْثَى (3:36)
جنب,30,جُنُوبِهِمْ,جنوبهم,جُنُوبِ,3:191:7,فعول,1.000,الْجُنُبِ (4:36) | بِالْجَنْبِ (4:36)
حوي,30,الْحَيُّ,الحي,حَيُّ,2:255:6,فعل,0.998,الْحَيُّ (3:2) | الْحَيَّ (3:27)
ذات,30,بِذَاتِ,بذات,ذَاتِ,3:119:26,فعل,0.900,بِذَاتِ (3:154) | بِذَاتِ (5:7)
روا,30,يَرَوْا,يروا,رَوْا,6:6:2,فعل,1.000,يَرَوْا (6:25) | يَرَوْا (7:146)
صرف,30,وَتَصْرِيفِ,وتصريف,صْرِيفِ,2:164:34,فعيل,0.977,صَرَفَكُمْ (3:152) | يُصْرَفْ (6:16)
طهر,30,مُطَهَّرَةٌ,مطهرة,مُطَهَّرَ,2:25:31,مفعل,1.000,طَهِّرَا (2:125) | تَطَهَّرْنَ (2:222)
لبث,30,لَبِثْتَ,لبثت,لَبِثْ,2:259:25,فعل,1.000,لَبِثْتُ (2:259) | لَبِثْتُ (10:16)
ءذي,29,أَذَىً,أذى,أَذَىً,2:196:24,فعل,1.000,أَذَىً (2:222) | أَذَىً (2:262)
ءما,29,فَإِمَّا,فإما,إِمَّا,2:38:5,فعل,1.000,وَإِمَّا (6:68) | إِمَّا (7:35)
برء,29,بَارِئِكُمْ,بارئكم,بَارِئِ,2:54:13,فاعل,1.000,تَبَرَّأَ (2:166) | فَنَتَبَرَّأَ (2:167)
جدل,29,جِدَالَ,جدال,جِدَالَ,2:197:13,فعال,1.000,تُجَادِلْ (4:107) | جَادَلْتُمْ (4:109)
جند,29,بِالْجُنُودِ,بالجنود,جُنُودِ,2:249:4,فعول,1.000,وَجُنُودِهِ (2:249) | وَجُنُودِهِ (2:250)
حيث,29,حَيْثُ,حيث,حَيْثُ,2:35:10,فعل,1.000,حَيْثُ (2:58) | حَيْثُ (2:149)
رفع,29,وَرَفَعْنَا,ورفعنا,رَفَعْ,2:63:4,فعل,1.000,وَرَفَعْنَا (2:93) | يَرْفَعُ (2:127)
رين,29,يَرَوْنَ,يرون,رَوْنَ,2:165:22,فعل,1.000,يَرَوْنَهُمْ (3:13) | تَرَوْنَهُمْ (7:27)
فتح,29,يَسْتَفْتِحُونَ,يستفتحون,سْتَفْتِحُ,2:89:13,فعل,0.892,فَتْحٌ (4:141) | بِالْفَتْحِ (5:52)
ءبد,28,أَبَدَاً,أبدا,أَبَدَ,2:95:3,فعل,1.000,أَبَدَاً (4:57) | أَبَدَاً (4:122)
ءشر,28,أَشْرَكُوا,أشركوا,أَشْرَكُ,2:96:8,فعل,1.000,أَشْرَكُوا (3:151) | أَشْرَكُوا (3:186)
برر,28,بِالْبِرِّ,بالبر,بِرِّ,2:44:3,فعل,0.973,الْبِرَّ (2:177) | الْبِرُّ (2:189)
بعد,28,بَعِيدٍ,بعيد,بَعِيدٍ,2:176:14,فعيل,1.000,بَعِيدَاً (3:30) | بَعِيدَاً (4:60)
ثقل,28,مِثْقَالَ,مثقال,مِثْقَالَ,4:40:5,مفعال,1.000,ثَقُلَتْ (7:8) | ثِقَالَاً (7:57)
سبع,28,سَبْعَ,سبع,سَبْعَ,2:29:14,فعل,1.000,وَسَبْعَةٍ (2:196) | سَبْعَ (2:261)
صور,28,يُصَوِّرُكُمْ,يصوركم,صَوِّرُ,3:6:3,فعل,1.000,نَاصِرِينَ (3:22) | نَاصِرِينَ (3:56)
عدل,28,عَدْلٌ,عدل,عَدْلٌ,2:48:16,فعل,1.000,عَدْلٌ (2:123) | بِالْعَدْلِ (2:282)
عسى,28,وَعَسَى,وعسى,عَسَى,2:216:7,فعل,1.000,فَعَسَى (4:19) | عَسَى (4:84)
قصص,28,الْقِصَاصُ,القصاص,قِصَاصُ,2:178:6,فعال,1.000,الْقِصَاصِ (2:179) | قِصَاصٌ (2:194)
كيد,28,كَيْدُهُمْ,كيدهم,كَيْدُ,3:120:15,فعل,1.000,كَيْدَ (4:76) | كَيْدِي (7:183)
مصر,28,الْمَصِيرُ,المصير,مَصِيرُ,2:126:30,فعيل,1.000,الْمَصِيرُ (2:285) | الْمَصِيرُ (3:28)
نشء,28,وَأَنْشَأْنَا,وأنشأنا,أَنْشَأْ,6:6:27,افعل,1.000,أَنْشَأَكُمْ (6:98) | أَنْشَأَكُمْ (6:133)
هون,28,مُهِينٌ,مهين,مُهِينٌ,2:90:27,مفعل,1.000,مُهِينٌ (3:178) | مُهِينٌ (4:14)
ءوه,27,أَهْوَاءَهُمْ,أهواءهم,أَهْوَاءَ,2:120:18,فعلاء,1.000,أَهْوَاءَهُمْ (2:145) | إِيَّاهُ (2:172)
اذا,27,مَاذَا,ماذا,مَاذَا,2:26:24,مفعل,1.000,مَاذَا (2:215) | مَاذَا (2:219)
بوب,27,الْبَابَ,الباب,بَابَ,2:58:12,فعل,1.000,أَبْوَابِهَا (2:189) | الْبَابَ (4:154)
ترك,27,وَتَرَكَهُمْ,وتركهم,تَرَكَ,2:17:13,فعل,1.000,تَرَكَ (2:180) | تَرَكَ (2:248)
شرر,27,شَرٌّ,شر,شَرٌّ,2:216:19,فعل,0.973,شَرٌّ (3:180) | شَرٌّ (5:60)
ظلل,27,وَظَلَّلْنَا,وظللنا,ظَلَّلْ,2:57:1,فعل,1.000,ظُلَلٍ (2:210) | ظِلَّاً (4:57)
عجب,27,يُعْجِبُكَ,يعجبك,عْجِبُ,2:204:4,فعل,0.920,أَعْجَبَتْكُمْ (2:221) | أَعْجَبَكُمْ (2:221)
عشر,27,عَشْرَةَ,عشرة,عَشْرَ,2:60:12,فعل,1.000,عَشَرَةٌ (2:196) | وَعَشْرَاً (2:234)
غشو,27,غِشَاوَةٌ,غشاوة,غِشَاوَ,2:7:9,فعال,1.000,يَغْشَى (3:154) | غَوَاشٍ (7:41)
قمر,27,الْقَمَرَ,القمر,قَمَرَ,6:77:3,فعل,1.000,وَالْقَمَرَ (6:96) | وَالْقَمَرَ (7:54)
ورق,27,فَرِيقٌ,فريق,رِيقٌ,2:75:7,فعل,0.990,فَرِيقَاً (2:85) | فَرِيقٌ (2:100)
وفي,27,تُوَفَّى,توفى,تُوَفَّى,2:281:8,فعل,1.000,وَوُفِّيَتْ (3:25) | مُتَوَفِّيكَ (3:55)
ءنم,26,أَنَّمَا,أنما,أَنَّمَا,3:178:5,فعل,1.000,فَكَأَنَّمَا (5:32) | أَنَّمَا (5:49)
بغي,26,بَغْيَاً,بغيا,بَغْيَ,2:90:10,فعل,1.000,بَاغٍ (2:173) | بَغْيَاً (2:213)
ثوب,26,مَثَابَةً,مثابة,مَثَابَ,2:125:4,مفعل,1.000,ثَوَابَ (3:145) | ثَوَابَ (3:148)
جحم,26,الْجَحِيمِ,الجحيم,جَحِيمِ,2:119:10,فعيل,1.000,الْجَحِيمِ (5:10) | الْجَحِيمِ (5:86)
سوق,26,فُسُوقَ,فسوق,سُوقَ,2:197:11,فعل,1.000,فُسُوقٌ (2:282) | فَاسِقُونَ (5:59)
شجر,26,الشَّجَرَةَ,الشجرة,شَجَرَ,2:35:15,فعل,1.000,شَجَرَ (4:65) | الشَّجَرَةَ (7:19)
طءف,26,لِلطَّائِفِينَ,للطائفين,طَّائِفِ,2:125:19,فاعل,0.925,طَائِفَةٌ (3:69) | طَائِفَةٌ (3:72)
عجز,26,أَعَجَزْتُ,أعجزت,أَعَجَزْ,5:31:14,افعل,1.000,بِمُعْجِزِينَ (6:134) | يُعْجِزُونَ (8:59)
قرن,26,قَرِينَاً,قرينا,قَرِينَ,4:38:16,فعيل,1.000,قَرْنٍ (6:6) | قَرْنَاً (6:6)
هلك,26,التَّهْلُكَةِ,التهلكة,تَهْلُكَ,2:195:9,فعل,1.000,وَيُهْلِكَ (2:205) | هَلَكَ (4:176)
ءدم,25,آدَمَ,آدم,ءَادَمَ,2:31:2,فاعل,1.000,يَاآدَمُ (2:33) | لِآدَمَ (2:34)
حضر,25,حَضَرَ,حضر,حَضَرَ,2:133:5,فعل,1.000,حَضَرَ (2:180) | حَاضِرِي (2:196)
حول,25,حَوْلَهُ,حوله,حَوْلَ,2:17:9,فعل,1.000,حَوْلَيْنِ (2:233) | الْحَوْلِ (2:240)
دري,25,أَدْرَاكُمْ,أدراكم,أَدْرَا,10:16:9,افعل,1.000,دَرَاهِمَ (12:20) | دُرِّيٌّ (24:35)
طغو,25,طُغْيَانِهِمْ,طغيانهم,طُغْيَانِ,2:15:6,فعلان,1.000,طُغْيَانَاً (5:64) | طُغْيَانَاً (5:68)
فلك,25,وَالْفُلْكِ,والفلك,فُلْكِ,2:164:9,فعل,1.000,الْفُلْكِ (7:64) | الْفُلْكِ (10:22)
قسط,25,أَقْسَطُ,أقسط,أَقْسَطُ,2:282:88,افعل,1.000,بِالْقِسْطِ (3:18) | بِالْقِسْطِ (3:21)
يثق,25,مِيثَاقِهِ,ميثاقه,مِيثَاقِ,2:27:7,مفعال,0.880,مِيثَاقَكُمْ (2:63) | مِيثَاقَ (2:83)
ثمر,24,الثَّمَرَاتِ,الثمرات,ثَمَرَ,2:22:15,فعل,1.000,ثَمَرَةٍ (2:25) | الثَّمَرَاتِ (2:126)
جهل,24,الْجَاهِلِينَ,الجاهلين,جَاهِلِ,2:67:20,فاعل,1.000,الْجَاهِلُ (2:273) | الْجَاهِلِيَّةِ (3:154)
حوط,24,مُحِيطٌ,محيط,مُحِيطٌ,2:19:18,مفعل,1.000,وَأَحَاطَتْ (2:81) | يُحِيطُونَ (2:255)
رقب,24,الرِّقَابِ,الرقاب,رِقَابِ,2:177:31,فعال,1.000,رَقِيبَاً (4:1) | رَقَبَةٍ (4:92)
سعي,24,وَسَعَى,وسعى,سَعَى,2:114:11,فعل,1.000,سَعَى (2:205) | سَعْيَاً (2:260)
عفو,24,عَفَوْنَا,عفونا,عَفَوْ,2:52:2,فعل,1.000,عُفِيَ (2:178) | وَعَفَا (2:187)
عمت,24,نِعْمَتِيَ,نعمتي,عْمَتِ,2:40:4,فعل,0.800,نِعْمَتِيَ (2:47) | نِعْمَتِيَ (2:122)
عمر,24,يُعَمَّرُ,يعمر,عَمَّرُ,2:96:12,فعل,1.000,يُعَمَّرَ (2:96) | اعْتَمَرَ (2:158)
غضب,24,الْمَغْضُوبِ,المغضوب,مَغْضُوبِ,1:7:6,مفعول,1.000,بِغَضَبٍ (2:61) | بِغَضَبٍ (2:90)
مرر,24,مَرَّ,مر,مَرَّ,2:259:3,فعل,0.973,مَرَّةٍ (6:94) | مَرَّةٍ (6:110)
مرض,24,مَرَضٌ,مرض,مَرَضٌ,2:10:3,فعل,1.000,مَرَضَاً (2:10) | مَرِيضَاً (2:184)
هوي,24,تَهْوَى,تهوى,هْوَى,2:87:22,فعل,1.000,الْهَوَى (4:135) | نُهُوا (4:161)
خفي,23,يَخَافَا,يخافا,يَخَافَا,2:229:18,فاعل,1.000,تُخْفُوهَا (2:271) | تُخْفُوهُ (2:284)
سرع,23,سَرِيعُ,سريع,سَرِيعُ,2:202:7,فعيل,1.000,سَرِيعُ (3:19) | وَيُسَارِعُونَ (3:114)
سرف,23,وَإِسْرَافَنَا,وإسرافنا,إِسْرَافَ,3:147:11,افعال,1.000,إِسْرَافَاً (4:6) | لَمُسْرِفُونَ (5:32)
شقق,23,يَشَّقَّقُ,يشقق,يَشَّقَّقُ,2:74:22,يفعل,0.957,شِقَاقٍ (2:137) | شِقَاقٍ (2:176)
طلق,23,الطَّلَاقَ,الطلاق,طَلَاقَ,2:227:3,فعال,1.000,وَالْمُطَلَّقَاتُ (2:228) | الطَّلَاقُ (2:229)
طير,23,الطَّيْرِ,الطير,طَيْرِ,2:260:21,فعل,1.000,الطَّيْرِ (3:49) | طَيْرَاً (3:49)
غرق,23,وَأَغْرَقْنَا,وأغرقنا,أَغْرَقْ,2:50:6,افعل,1.000,وَأَغْرَقْنَا (7:64) | فَأَغْرَقْنَاهُمْ (7:136)
فوز,23,بِمَفَازَةٍ,بمفازة,مَفَازَ,3:188:15,مفعل,1.000,الْفَوْزُ (4:13) | فَأَفُوزَ (4:73)
قبل,23,بِقَبُولٍ,بقبول,قَبُولٍ,3:37:3,فعول,1.000,يُتَقَبَّلْ (5:27) | يَتَقَبَّلُ (5:27)
قرر,23,أَقْرَرْتُمْ,أقررتم,أَقْرَرْ,2:84:13,افعل,1.000,أَأَقْرَرْتُمْ (3:81) | أَقْرَرْنَا (3:81)
كود,23,يَكَادُ,يكاد,كَادُ,2:20:1,فعل,1.000,كَادُوا (2:71) | يَكَادُونَ (4:78)
مدد,23,وَيَمُدُّهُمْ,ويمدهم,مُدُّ,2:15:4,فعل,0.973,يُمِدَّكُمْ (3:124) | يُمْدِدْكُمْ (3:125)
هزء,23,مُسْتَهْزِئُونَ,مستهزئون,مُسْتَهْزِئُ,2:14:16,مستفعل,1.000,يَسْتَهْزِئُ (2:15) | وَيُسْتَهْزَأُ (4:140)
يتم,23,وَالْيَتَامَى,واليتامى,يَتَامَى,2:83:14,فعالى,1.000,وَالْيَتَامَى (2:177) | وَالْيَتَامَى (2:215)
ءعد,22,أَعْدَاءً,أعداء,أَعْدَاءً,3:103:13,فعلاء,0.940,بِأَعْدَائِكُمْ (4:45) | وَأَعَدَّ (4:93)
بسط,22,وَيَبْسُطُ,ويبسط,بْسُطُ,2:245:14,فعل,0.920,بَسْطَةً (2:247) | يَبْسُطُوا (5:11)
ربع,22,أَرْبَعِينَ,أربعين,أَرْبَعِ,2:51:4,افعل,1.000,أَرْبَعَةِ (2:226) | أَرْبَعَةَ (2:234)
عرب,22,الْأَعْرَابِ,الأعراب,أَعْرَابِ,9:90:4,افعال,1.000,الْأَعْرَابُ (9:97) | الْأَعْرَابِ (9:98)
عول,22,تَعَالَوْا,تعالوا,عَالَ,3:61:11,فعل,1.000,تَعَالَوْا (3:64) | تَعَالَوْا (3:167)
فجر,22,فَانْفَجَرَتْ,فانفجرت,نْفَجَرَ,2:60:9,فعل,1.000,يَتَفَجَّرُ (2:74) | الْفَجْرِ (2:187)
قنو,22,يُوقِنُونَ,يوقنون,وقِنُ,2:4:12,فعل,0.880,يُوقِنُونَ (2:118) | وَقِنَا (2:201)
كين,22,أَكُونَ,أكون,أَكُونَ,2:67:18,افعل,1.000,يَكُنِ (4:38) | يَكُنِ (4:137)
لدي,22,لَدَيْهِمْ,لديهم,لَدَيْ,3:44:9,فعل,1.000,لَدَى (12:25) | لَدَيْنَا (12:54)
مسي,22,تَمَسُّوهُنَّ,تمسوهن,مَسُّو,2:236:9,فعل,1.000,تَمَسُّوهُنَّ (2:237) | لَيَمَسَّنَّ (5:73)
ورث,22,الْوَارِثِ,الوارث,وَارِثِ,2:233:31,فاعل,1.000,وَوَرِثَهُ (4:11) | يُورَثُ (4:12)
ءسر,21,أُسَارَى,أسارى,أُسَارَى,2:85:17,فعالى,1.000,أَسَرُّوا (5:52) | أَسْرَى (8:67)
برك,21,مُبَارَكَاً,مباركا,مُبَارَكَ,3:96:8,مفاعل,1.000,مُبَارَكٌ (6:92) | مُبَارَكٌ (6:155)
بني,21,بَنِيهِ,بنيه,بَنِي,2:132:4,فعل,1.000,لِبَنِيهِ (2:133) | لِبَنِي (3:93)
جوب,21,أُجِيبُ,أجيب,أُجِيبُ,2:186:7,افعل,1.000,اسْتَجَابُوا (3:172) | فَاسْتَجَابَ (3:195)
حجر,21,وَالْحِجَارَةُ,والحجارة,حِجَارَ,2:24:11,فعال,1.000,الْحَجَرَ (2:60) | كَالْحِجَارَةِ (2:74)
حلم,21,حَلِيمٌ,حليم,حَلِيمٌ,2:225:14,فعيل,1.000,حَلِيمٌ (2:235) | حَلِيمٌ (2:263)
حمم,21,حَمِيمٍ,حميم,حَمِيمٍ,6:70:40,فعيل,1.000,حَمِيمٍ (10:4) | الْحَمِيمُ (22:19)
شهر,21,شَهْرُ,شهر,شَهْرُ,2:185:1,فعل,1.000,الشَّهْرَ (2:185) | الشَّهْرُ (2:194)
وري,21,التَّوْرَاةَ,التوراة,تَوْرَا,3:3:10,فعل,1.000,وَالتَّوْرَاةَ (3:48) | التَّوْرَاةِ (3:50)
ءلف,20,أَلْفَ,ألف,أَلْفَ,2:96:13,فعل,1.000,أَلْفَيْنَا (2:170) | أُلُوفٌ (2:243)
ءمم,20,إِمَامَاً,إماما,إِمَامَ,2:124:11,فعال,1.000,أُمَمٌ (6:38) | أُمَمٍ (6:42)
تجد,20,تَجِدُ,تجد,تَجِدُ,3:30:2,فعل,0.900,تَجِدَ (4:52) | تَجِدَ (4:88)
حزب,20,حِزْبَ,حزب,حِزْبَ,5:56:8,فعل,1.000,الْأَحْزَابِ (11:17) | الْأَحْزَابِ (13:36)
درج,20,دَرَجَةٌ,درجة,دَرَجَ,2:228:37,فعل,1.000,دَرَجَاتٍ (2:253) | دَرَجَاتٌ (3:163)
شتر,20,اشْتَرَوْا,اشتروا,اشْتَرَ,2:16:3,افعل,0.925,تَشْتَرُوا (2:41) | لِيَشْتَرُوا (2:79)
صلي,20,مُصَلَّىً,مصلى,مُصَلَّىً,2:125:11,مفعل,1.000,نُصْلِيهِ (4:30) | نُصْلِيهِمْ (4:56)
فحش,20,وَالْفَحْشَاءِ,والفحشاء,فَحْشَاءِ,2:169:4,فعلاء,1.000,بِالْفَحْشَاءِ (2:268) | فَاحِشَةً (3:135)
نخل,20,نَخِيلٍ,نخيل,نَخِيلٍ,2:266:8,فعيل,1.000,النَّخْلِ (6:99) | وَالنَّخْلَ (6:141)
نشر,20,مَنْشُورَاً,منشورا,مَنْشُورَ,17:13:13,مفعول,1.000,يَنْشُرْ (18:16) | يُنْشِرُونَ (21:21)
يوح,20,يُوحَى,يوحى,يُوحَى,6:50:20,فعلى,1.000,يُوحَ (6:93) | يُوحِي (6:112)
ءءن,19,أَئِنَّكُمْ,أئنكم,أَئِنَّ,6:19:19,فعل,1.000,أَإِنَّكَ (12:90) | أَإِنَّا (13:5)
ءشد,19,أَشَدَّ,أشد,أَشَدَّ,2:200:9,فعل,1.000,وَأَشَدَّ (4:66) | أَشَدَّ (4:77)
ءوح,19,وَأُوحِيَ,وأوحي,أُوحِ,6:19:11,فعل,0.900,أُوحِيَ (6:93) | أُوحِيَ (6:106)
بطن,19,بُطُونِهِمْ,بطونهم,بُطُونِ,2:174:17,فعول,1.000,بُطُونِهِمْ (4:10) | وَبَاطِنَهُ (6:120)
بلد,19,بَلَدَاً,بلدا,بَلَدَ,2:126:7,فعل,1.000,الْبِلَادِ (3:196) | لِبَلَدٍ (7:57)
حذر,19,حَذَرَ,حذر,حَذَرَ,2:19:15,فعل,1.000,فَاحْذَرُوهُ (2:235) | حَذَرَ (2:243)
خزي,19,خِزْيٌ,خزي,خِزْيٌ,2:85:35,فعل,1.000,خِزْيٌ (2:114) | أَخْزَيْتَهُ (3:192)
دعء,19,دُعَاءً,دعاء,دُعَاءً,2:171:11,فعال,0.925,الدُّعَاءِ (3:38) | دُعَاءُ (13:14)
ذلل,19,الذِّلَّةُ,الذلة,ذِلَّ,2:61:39,فعل,0.973,ذَلُولٌ (2:71) | وَتُذِلُّ (3:26)
ربو,19,بِرَبْوَةٍ,بربوة,رَبْوَ,2:265:13,فعل,1.000,الرِّبَا (2:275) | الرِّبَا (2:276)
رشد,19,يَرْشُدُونَ,يرشدون,رْشُدُ,2:186:17,فعل,0.920,الرُّشْدُ (2:256) | رُشْدَاً (4:6)
سعر,19,سَعِيرَاً,سعيرا,سَعِيرَ,4:10:13,فعيل,1.000,سَعِيرَاً (4:55) | سَعِيرَاً (17:97)
سقي,19,اسْتَسْقَى,استسقى,اسْتَسْقَى,2:60:2,استفعل,1.000,تَسْقِي (2:71) | اسْتَسْقَاهُ (7:160)
صنع,19,يَصْنَعُونَ,يصنعون,صْنَعُ,5:14:25,فعل,0.920,يَصْنَعُونَ (5:63) | يَصْنَعُ (7:137)
طلع,19,لِيُطْلِعَكُمْ,ليطلعكم,طْلِعَ,3:179:18,فعل,1.000,تَطَّلِعُ (5:13) | طَلْعِهَا (6:99)
طور,19,الطُّورَ,الطور,طُورَ,2:63:6,فعل,1.000,الطُّورَ (2:93) | الطُّورَ (4:154)
عصي,19,وَعَصَيْنَا,وعصينا,عَصَيْ,2:93:14,فعل,1.000,وَعَصَيْتُمْ (3:152) | يَعْصِ (4:14)
فري,19,افْتَرَى,افترى,افْتَرَى,3:94:2,افتعل,0.826,يُكْفَرُوهُ (3:115) | افْتَرَى (4:48)
كتم,19,تَكْتُمُونَ,تكتمون,كْتُمُ,2:33:22,فعل,0.920,وَتَكْتُمُوا (2:42) | تَكْتُمُونَ (2:72)
كشف,19,كَاشِفَ,كاشف,كَاشِفَ,6:17:6,فاعل,1.000,فَيَكْشِفُ (6:41) | كَشَفْتَ (7:134)
وسع,19,وَاسِعٌ,واسع,وَاسِعٌ,2:115:11,فاعل,1.000,وُسْعَهَا (2:233) | الْمُوسِعِ (2:236)
بوء,18,وَبَاءُوا,وباءوا,بَاءُ,2:61:41,فعل,1.000,فَبَاءُوا (2:90) | وَبَاءُوا (3:112)
بيع,18,بَيْعٌ,بيع,بَيْعٌ,2:254:13,فعل,1.000,الْبَيْعُ (2:275) | الْبَيْعَ (2:275)
تمم,18,وَلِأُتِمَّ,ولأتم,أُتِمَّ,2:150:27,افعل,1.000,أَتِمُّوا (2:187) | وَأَتِمُّوا (2:196)
حصن,18,وَالْمُحْصَنَاتُ,والمحصنات,مُحْصَنَ,4:24:1,مفعل,1.000,مُحْصِنِينَ (4:24) | الْمُحْصَنَاتِ (4:25)
ذبو,18,كَذَّبُوكَ,كذبوك,كَذَّبُو,3:184:2,فعل,0.900,كَذَّبُوكَ (6:147) | فَكَذَّبُوهُ (7:64)
رءس,18,رُءُوسَكُمْ,رءوسكم,رُءُوسَ,2:196:13,فعول,1.000,رَأْسِهِ (2:196) | رُءُوسُ (2:279)
سير,18,وَلِلسَّيَّارَةِ,وللسيارة,سَّيَّارَ,5:96:8,فعال,1.000,يُسَيِّرُكُمْ (10:22) | السَّيَّارَةِ (12:10)
شيط,18,شَيَاطِينِهِمْ,شياطينهم,شَيَاطِينِ,2:14:10,فعال,0.897,الشَّيَاطِينُ (2:102) | الشَّيَاطِينَ (2:102)
غرب,18,وَالْمَغْرِبُ,والمغرب,مَغْرِبُ,2:115:3,مفعل,1.000,وَالْمَغْرِبُ (2:142) | وَالْمَغْرِبِ (2:177)
نكح,18,تَنْكِحُوا,تنكحوا,نْكِحُ,2:221:2,فعل,0.920,تُنْكِحُوا (2:221) | تَنْكِحَ (2:230)
ءوف,17,وَأَوْفُوا,وأوفوا,أَوْفُ,2:40:8,فعل,0.900,أُوفِ (2:40) | أَوْفَى (3:76)
تبر,17,تَبَرُّوا,تبروا,تَبَرُّ,2:224:7,فعل,1.000,تَبَارَكَ (7:54) | مُتَبَّرٌ (7:139)
خطء,17,خَطِيئَتُهُ,خطيئته,خَطِيئَ,2:81:7,فعيل,1.000,أَخْطَأْنَا (2:286) | خَطَأً (4:92)
ربص,17,تَرَبُّصُ,تربص,رَبُّصُ,2:226:5,فعل,1.000,يَتَرَبَّصْنَ (2:228) | يَتَرَبَّصْنَ (2:234)
زعم,17,يَزْعُمُونَ,يزعمون,زْعُمُ,4:60:5,فعل,0.920,تَزْعُمُونَ (6:22) | زَعَمْتُمْ (6:94)
شرق,17,الْمَشْرِقُ,المشرق,مَشْرِقُ,2:115:2,مفعل,1.000,الْمَشْرِقُ (2:142) | الْمَشْرِقِ (2:177)
طوف,17,يَطَّوَّفَ,يطوف,يَطَّوَّفَ,2:158:16,فعل,1.000,الطُّوفَانَ (7:133) | لَطِيفٌ (12:100)
غرر,17,وَغَرَّهُمْ,وغرهم,غَرَّ,3:24:10,فعل,0.973,الْغُرُورِ (3:185) | غُرُورَاً (4:120)
فقه,17,يَفْقَهُونَ,يفقهون,فْقَهُ,4:78:35,فعل,0.920,يَفْقَهُونَ (6:65) | يَفْقَهُونَ (6:98)
فكر,17,تَتَفَكَّرُونَ,تتفكرون,تَفَكَّرُ,2:219:26,فعل,1.000,تَتَفَكَّرُونَ (2:266) | وَيَتَفَكَّرُونَ (3:191)
قاء,17,لِقَاءَ,لقاء,قَاءَ,6:130:12,فعل,0.900,لِقَاءَ (7:51) | وَلِقَاءِ (7:147)
منع,17,مَنَعَ,منع,مَنَعَ,2:114:4,فعل,1.000,وَنَمْنَعْكُمْ (4:141) | مَنَعَكَ (7:12)
نزع,17,وَتَنْزِعُ,وتنزع,نْزِعُ,3:26:9,فعل,0.920,وَتَنَازَعْتُمْ (3:152) | تَنَازَعْتُمْ (4:59)
نفخ,17,فَأَنْفُخُ,فأنفخ,أَنْفُخُ,3:49:18,افعل,1.000,فَتَنْفُخُ (5:110) | يُنْفَخُ (6:73)
وتى,17,الْمَوْتَى,الموتى,مَوْتَى,2:73:7,مفعل,1.000,الْمَوْتَى (2:260) | الْمَوْتَى (3:49)
وزر,17,أَوْزَارَهُمْ,أوزارهم,أَوْزَارَ,6:31:20,افعال,1.000,وَازِرَةٌ (6:164) | وِزْرَ (6:164)
ءيد,16,وَأَيَّدْنَاهُ,وأيدناه,أَيَّدْ,2:87:14,فعل,1.000,وَأَيَّدْنَاهُ (2:253) | يَئُودُهُ (2:255)
بلو,16,ابْتَلَى,ابتلى,ابْتَلَى,2:124:2,افتعل,0.826,مُبْتَلِيكُمْ (2:249) | لِيَبْلُوَكُمْ (5:48)
توي,16,يَسْتَوِي,يستوي,سْتَوِي,4:95:2,فعل,0.970,يَسْتَوِي (5:100) | يَسْتَوِي (6:50)
ثبت,16,وَثَبِّتْ,وثبت,ثَبِّتْ,2:250:10,فعل,1.000,وَتَثْبِيتَاً (2:265) | وَثَبِّتْ (3:147)
جهر,16,جَهْرَةً,جهرة,جَهْرَ,2:55:10,فعل,1.000,الْجَهْرَ (4:148) | جَهْرَةً (4:153)
حبط,16,حَبِطَتْ,حبطت,حَبِطَ,2:217:47,فعل,1.000,حَبِطَتْ (3:22) | حَبِطَ (5:5)
حدد,16,حُدُودُ,حدود,حُدُودُ,2:187:55,فعول,1.000,حُدُودَ (2:229) | حُدُودُ (2:229)
خبث,16,الْخَبِيثَ,الخبيث,خَبِيثَ,2:267:16,فعيل,1.000,الْخَبِيثَ (3:179) | الْخَبِيثَ (4:2)
ختلف,16,يَخْتَلِفُونَ,يختلفون,خْتَلِفُ,2:113:31,فعلل,0.697,تَخْتَلِفُونَ (3:55) | تَخْتَلِفُونَ (5:48)
خشع,16,الْخَاشِعِينَ,الخاشعين,خَاشِعِ,2:45:8,فاعل,1.000,خَاشِعِينَ (3:199) | خُشُوعَاً (17:109)
زول,16,يَزَالُونَ,يزالون,زَالُ,2:217:30,فعل,1.000,يَزَالُ (9:110) | فَزَيَّلْنَا (10:28)
لبب,16,الْأَلْبَابِ,الألباب,أَلْبَابِ,2:179:6,افعال,1.000,الْأَلْبَابِ (2:197) | الْأَلْبَابِ (2:269)
لعب,16,لَعِبٌ,لعب,لَعِبٌ,6:32:5,فعل,1.000,يَلْعَبُونَ (6:91) | يَلْعَبُونَ (7:98)
نته,16,انْتَهَوْا,انتهوا,انْتَهَ,2:192:2,افعل,0.925,انْتَهَوْا (2:193) | انْتَهُوا (4:171)
وعظ,16,وَمَوْعِظَةً,وموعظة,مَوْعِظَ,2:66:8,مفعل,1.000,يُوعَظُ (2:232) | مَوْعِظَةٌ (2:275)
ءيو,15,وَإِيَّاكُمْ,وإياكم,إِيَّاكُمْ,4:131:15,فعل,1.000,وَإِيَّاهُمْ (6:151) | آوَوْا (8:72)
بغء,15,ابْتِغَاءَ,ابتغاء,ابْتِغَاءَ,2:207:6,افتعال,0.900,ابْتِغَاءَ (2:265) | ابْتِغَاءَ (2:272)
حرج,15,حَرَجَاً,حرجا,حَرَجَ,4:65:15,فعل,1.000,حَرَجٍ (5:6) | حَرَجَاً (6:125)
حوج,15,لِيُحَاجُّوكُمْ,ليحاجوكم,حَاجُّو,2:76:18,فاعل,1.000,أَتُحَاجُّونَنَا (2:139) | حَاجَّ (2:258)
شكك,15,شَكٍّ,شك,شَكٍّ,4:157:22,فعل,0.973,شَكٍّ (10:94) | شَكٍّ (10:104)
صيح,15,نُصْحِي,نصحي,صْحِي,11:34:3,فعل,0.990,الصَّيْحَةُ (11:67) | الصَّيْحَةُ (11:94)
ضيع,15,لِيُضِيعَ,ليضيع,يُضِيعَ,2:143:39,فعيل,0.935,يُضِيعُ (3:171) | أُضِيعُ (3:195)
عصو,15,بِعَصَاكَ,بعصاك,عَصَا,2:60:7,فعل,1.000,عَصَاهُ (7:107) | عَصَاكَ (7:117)
علن,15,يُعْلِنُونَ,يعلنون,عْلِنُ,2:77:9,فعل,0.920,فَعَلْنَ (2:234) | فَعَلْنَ (2:240)
عمي,15,عُمْيٌ,عمي,عُمْيٌ,2:18:3,فعل,1.000,عُمْيٌ (2:171) | عَمِيَ (6:104)
غوي,15,الْغَيِّ,الغي,غَيِّ,2:256:9,فعل,0.998,أَغْوَيْتَنِي (7:16) | الْغَيِّ (7:146)
قءم,15,قَائِمَاً,قائما,قَائِمَ,3:18:11,فاعل,0.925,قَائِمٌ (3:39) | قَائِمَاً (3:75)
قلت,15,وَقَالَتِ,وقالت,قَالَتِ,2:113:1,فاعل,0.925,قَالَتِ (3:35) | قَالَتِ (3:42)
مسح,15,الْمَسِيحُ,المسيح,مَسِيحُ,3:45:11,فعيل,1.000,فَامْسَحُوا (4:43) | الْمَسِيحَ (4:157)
مهد,15,الْمِهَادُ,المهاد,مِهَادُ,2:206:12,فعال,1.000,الْمِهَادُ (3:12) | الْمَهْدِ (3:46)
وجد,15,تَجِدُوهُ,تجدوه,تَجِدُو,2:110:10,تفعل,1.000,لَوَجَدُوا (4:64) | لَوَجَدُوا (4:82)
ءعم,14,الْأَعْمَى,الأعمى,أَعْمَى,6:50:25,فعلى,1.000,كَالْأَعْمَى (11:24) | الْأَعْمَى (13:16)
ءين,14,الْآنَ,الآن,ءَانَ,2:71:18,فعل,1.000,فَالْآنَ (2:187) | آنَاءَ (3:113)
بدء,14,بَدَأَكُمْ,بدأكم,بَدَأَ,7:29:15,فعل,1.000,يَبْدَأُ (10:4) | يَبْدَأُ (10:34)
بيو,14,بُيُوتِكُمْ,بيوتكم,بُيُو,3:49:37,فعل,1.000,بُيُوتِكُمْ (3:154) | بُيُوتَكُمْ (10:87)
تين,14,يَأْتِيَنَّكُمْ,يأتينكم,أْتِيَنَّ,2:38:6,فعل,0.911,يَأْتِينَكَ (2:260) | أَتَيْنَ (4:25)
ثمن,14,ثَمَنَاً,ثمنا,ثَمَنَ,2:41:15,فعل,1.000,ثَمَنَاً (2:79) | ثَمَنَاً (2:174)
جيب,14,يَسْتَجِيبُ,يستجيب,سْتَجِيبُ,6:36:2,فعل,1.000,يَسْتَجِيبُوا (11:14) | يَسْتَجِيبُونَ (13:14)
حرث,14,الْحَرْثَ,الحرث,حَرْثَ,2:71:12,فعل,1.000,الْحَرْثَ (2:205) | حَرْثٌ (2:223)
حيق,14,اسْتَحَقَّا,استحقا,اسْتَحَقَّا,5:107:5,استفعل,0.941,فَحَاقَ (6:10) | وَحَاقَ (11:8)
دبب,14,دَابَّةٍ,دابة,دَابَّ,2:164:33,فاعل,1.000,دَابَّةٍ (6:38) | دَابَّةٍ (11:6)
ردي,14,يَرُدُّوكُمْ,يردوكم,رُدُّو,2:217:33,فعل,1.000,أَرَادَا (2:233) | يَرُدُّوكُمْ (3:100)
رسو,14,مُرْسَاهَا,مرساها,مُرْسَا,7:187:5,مفعل,1.000,وَمُرْسَاهَا (11:41) | رَوَاسِيَ (13:3)
زرع,14,وَالزَّرْعَ,والزرع,زَرْعَ,6:141:9,فعل,1.000,تَزْرَعُونَ (12:47) | وَزَرْعٌ (13:4)
سطر,14,أَسَاطِيرُ,أساطير,أَسَاطِيرُ,6:25:31,افاعيل,0.983,أَسَاطِيرُ (8:31) | أَسَاطِيرُ (16:24)
على,14,وَتَعَالَى,وتعالى,تَعَالَى,6:100:13,فاعل,1.000,فَتَعَالَى (7:190) | وَتَعَالَى (10:18)
غلل,14,يَغُلَّ,يغل,غُلَّ,3:161:5,فعل,0.973,يَغْلُلْ (3:161) | غَلَّ (3:161)
نبي,14,وَنَبِيَّاً,ونبيا,نَبِيَّ,3:39:18,فعل,1.000,النَّبِيَّ (7:157) | النَّبِيَّ (9:61)
نسي,14,فَنَسِيَهُمْ,فنسيهم,نَسِيَ,9:67:15,فعل,1.000,وَنَسِيَ (18:57) | نَسْيَاً (19:23)
نفر,14,تَنْفِرُوا,تنفروا,نْفِرُ,9:39:2,فعل,0.920,تَنْفِرُوا (9:81) | لِيَنْفِرُوا (9:122)
نقم,14,انْتِقَامٍ,انتقام,انْتِقَامٍ,3:4:18,افتعال,1.000,تَنْقِمُونَ (5:59) | انْتِقَامٍ (5:95)
نيل,14,يَنَالُ,ينال,نَالُ,2:124:17,فعل,1.000,فَلَنُوَلِّيَنَّكَ (2:144) | تَنَالُوا (3:92)
ءمل,13,أَمْلِكُ,أملك,أَمْلِ,5:25:5,فعل,1.000,وَأُمْلِي (7:183) | أَمْلِكُ (7:188)
بغت,13,بَغْتَةً,بغتة,بَغْتَ,6:31:11,فعل,1.000,بَغْتَةً (6:44) | بَغْتَةً (6:47)
تقو,13,التَّقْوَى,التقوى,تَقْوَى,2:197:26,فعلى,1.000,لِلتَّقْوَى (2:237) | وَالتَّقْوَى (5:2)
جنت,13,جَنَّتَيْنِ,جنتين,جَنَّتَ,18:32:7,فعل,1.000,الْجَنَّتَيْنِ (18:33) | جَنَّتَهُ (18:35)
جور,13,وَالْجَارِ,والجار,جَارِ,4:36:13,فعل,1.000,جَارٌ (8:48) | مُتَجَاوِرَاتٌ (13:4)
حلف,13,يَحْلِفُونَ,يحلفون,حْلِفُ,4:62:10,فعل,0.920,حَلَفْتُمْ (5:89) | وَسَيَحْلِفُونَ (9:42)
خزن,13,خَزَائِنُ,خزائن,خَزَائِنُ,6:50:6,فعاءل,0.973,خَزَائِنُ (11:31) | خَزَائِنِ (12:55)
رءف,13,لَرَءُوفٌ,لرءوف,رَءُوفٌ,2:143:44,فعول,1.000,رَءُوفٌ (2:207) | رَءُوفٌ (3:30)
رجم,13,الرَّجِيمِ,الرجيم,رَجِيمِ,3:36:24,فعيل,1.000,لَرَجَمْنَاكَ (11:91) | رَجِيمٍ (15:17)
رجو,13,تَرْجُوهَا,ترجوها,رْجُو,17:28:8,فعل,1.000,يَرْجُو (18:110) | فُرُوجَهُمْ (24:30)
ركب,13,رُكْبَانَاً,ركبانا,رُكْبَانَ,2:239:5,فعلان,1.000,مُتَرَاكِبَاً (6:99) | وَالرَّكْبُ (8:42)
ركع,13,وَارْكَعُوا,واركعوا,رْكَعُ,2:43:5,فعل,0.920,الرَّاكِعِينَ (2:43) | وَالرُّكَّعِ (2:125)
سقر,13,مُسْتَقَرٌّ,مستقر,مُسْتَقَرٌّ,2:36:16,مفتعل,1.000,مُسْتَقَرٌّ (6:67) | فَمُسْتَقَرٌّ (6:98)
سور,13,بِسُورَةٍ,بسورة,سُورَ,2:23:10,فعل,1.000,سُورَةٌ (9:64) | سُورَةٌ (9:86)
صغر,13,صَغِيرَاً,صغيرا,صَغِيرَ,2:282:82,فعيل,1.000,صَغَارٌ (6:124) | الصَّاغِرِينَ (7:13)
صمم,13,صُمٌّ,صم,صُمٌّ,2:18:1,فعل,0.973,صُمٌّ (2:171) | وَصَمُّوا (5:71)
ضضل,13,فَضَّلْتُكُمْ,فضلتكم,ضَّلْ,2:47:9,فعل,0.752,فَضَّلْتُكُمْ (2:122) | فَضَّلْنَا (2:253)
طين,13,الطِّينِ,الطين,طِينِ,3:49:15,فعل,1.000,بِطَانَةً (3:118) | الطِّينِ (5:110)
غلظ,13,غَلِيظَ,غليظ,غَلِيظَ,3:159:10,فعيل,1.000,غَلِيظَاً (4:21) | غَلِيظَاً (4:154)
غلم,13,غُلَامٌ,غلام,غُلَامٌ,3:40:6,فعال,1.000,غُلَامٌ (12:19) | بِغُلَامٍ (15:53)
فءد,13,أَفْئِدَتَهُمْ,أفئدتهم,أَفْئِدَ,6:110:2,افعل,1.000,أَفْئِدَةُ (6:113) | أَفْئِدَةً (14:37)
فتي,13,فَأْتُوهُنَّ,فأتوهن,فَأْتُو,2:222:17,فاعل,1.000,يُفْتِيكُمْ (4:127) | يُفْتِيكُمْ (4:176)
فسي,13,نَفْسِي,نفسي,فْسِي,5:25:7,فعل,0.900,نَفْسِي (5:116) | لِنَفْسِي (7:188)
قرض,13,يُقْرِضُ,يقرض,قْرِضُ,2:245:4,فعل,0.920,قَرْضَاً (2:245) | وَأَقْرَضْتُمُ (5:12)
لبس,13,تَلْبِسُوا,تلبسوا,لْبِسُ,2:42:2,فعل,0.920,لِبَاسٌ (2:187) | تَلْبِسُونَ (3:71)
نجم,13,النُّجُومَ,النجوم,نُجُومَ,6:97:5,فعول,1.000,وَالنُّجُومَ (7:54) | وَالنُّجُومُ (16:12)
نون,13,وَيُمَنِّيهِمْ,ويمنيهم,مَنِّي,4:120:2,مفعل,1.000,سِنِينَ (12:42) | سِنِينَ (12:47)
وقر,13,فَقِيرٌ,فقير,قِيرٌ,3:181:9,فعل,0.990,فَقِيرَاً (4:6) | فَقِيرَاً (4:135)
وقع,13,يُوقِعَ,يوقع,يُوقِعَ,5:91:5,يفعل,0.957,فَوَقَعَ (7:118) | وَاقِعٌ (7:171)
ءدن,12,أَدْنَى,أدنى,أَدْنَى,2:61:27,فعلى,1.000,وَأَدْنَى (2:282) | أَدْنَى (4:3)
اخو,12,أَخٌ,أخ,أَخٌ,4:12:58,,1.000,أُخْتٌ (4:12) | الْأَخِ (4:23)
بخل,12,يَبْخَلُونَ,يبخلون,بْخَلُ,3:180:4,فعل,0.920,بَخِلُوا (3:180) | يَبْخَلُونَ (4:37)
بكر,12,بِكْرٌ,بكر,بِكْرٌ,2:68:17,فعل,1.000,وَالْإِبْكَارِ (3:41) | بُكْرَةً (19:11)
بيض,12,الْأَبْيَضُ,الأبيض,أَبْيَضُ,2:187:37,افعل,1.000,تَبْيَضُّ (3:106) | ابْيَضَّتْ (3:107)
ثور,12,آثَارِهِمْ,آثارهم,ءَاثَارِ,5:46:3,افعال,1.000,آثَارِهِمْ (18:6) | آثَارِهِمَا (18:64)
جحد,12,يَجْحَدُونَ,يجحدون,جْحَدُ,6:33:14,فعل,0.920,يَجْحَدُونَ (7:51) | جَحَدُوا (11:59)
جلد,12,جُلُودُهُمْ,جلودهم,جُلُودُ,4:56:10,فعول,1.000,جُلُودَاً (4:56) | جُلُودِ (16:80)
حنف,12,حَنِيفَاً,حنيفا,حَنِيفَ,2:135:11,فعيل,1.000,حَنِيفَاً (3:67) | حَنِيفَاً (3:95)
خذو,12,فَخُذُوهُمْ,فخذوهم,خُذُو,4:89:19,فعل,1.000,فَخُذُوهُمْ (4:91) | فَخُذُوهُ (5:41)
خرر,12,وَخَرَّ,وخر,خَرَّ,7:143:30,فعل,0.973,وَخَرُّوا (12:100) | فَخَرَّ (16:26)
خصم,12,الْخِصَامِ,الخصام,خِصَامِ,2:204:17,فعال,1.000,خَصِيمَاً (4:105) | خَصِيمٌ (16:4)
خطب,12,خِطْبَةِ,خطبة,خِطْبَ,2:235:8,فعل,1.000,تُخَاطِبْنِي (11:37) | خَطْبُكُنَّ (12:51)
خفف,12,يُخَفَّفُ,يخفف,خَفَّفُ,2:86:8,فعل,1.000,يُخَفَّفُ (2:162) | تَخْفِيفٌ (2:178)
رهب,12,فَارْهَبُونِ,فارهبون,رْهَبُ,2:40:13,فعل,0.920,وَرُهْبَانَاً (5:82) | وَاسْتَرْهَبُوهُمْ (7:116)
سفر,12,سَفَرٍ,سفر,سَفَرٍ,2:184:9,فعل,1.000,سَفَرٍ (2:185) | سَفَرٍ (2:283)
سلك,12,نَسْلُكُهُ,نسلكه,سْلُكُ,15:12:2,فعل,0.920,فَاسْلُكِي (16:69) | وَسَلَكَ (20:53)
سود,12,الْأَسْوَدِ,الأسود,أَسْوَدِ,2:187:40,افعل,1.000,وَتَسْوَدُّ (3:106) | اسْوَدَّتْ (3:106)
شمل,12,اشْتَمَلَتْ,اشتملت,اشْتَمَلَ,6:143:15,افتعل,0.757,اشْتَمَلَتْ (6:144) | شَمَائِلِهِمْ (7:17)
شيع,12,شِيَعَاً,شيعا,شِيَعَ,6:65:17,فعل,1.000,شِيَعَاً (6:159) | شِيَعِ (15:10)
ضيق,12,ضَيِّقَاً,ضيقا,ضَيِّقَ,6:125:15,فعل,1.000,وَضَاقَتْ (9:25) | ضَاقَتْ (9:118)
طمءن,12,لِيَطْمَئِنَّ,ليطمئن,طْمَئِنَّ,2:260:15,فعلل,0.802,وَلِتَطْمَئِنَّ (3:126) | وَتَطْمَئِنَّ (5:113)
عدن,12,عَدْنٍ,عدن,عَدْنٍ,9:72:16,فعل,1.000,عَدْنٍ (13:23) | عَدْنٍ (16:31)
عسر,12,الْعُسْرَ,العسر,عُسْرَ,2:185:35,فعل,1.000,عُسْرَةٍ (2:280) | الْعُسْرَةِ (9:117)
عصم,12,وَاعْتَصِمُوا,واعتصموا,اعْتَصِمُ,3:103:1,افتعل,0.757,وَاعْتَصَمُوا (4:146) | وَاعْتَصَمُوا (4:175)
غور,12,فَلَيُغَيِّرُنَّ,فليغيرن,لَيُغَيِّرُنَّ,4:119:8,يفعلن,0.699,أَغَيْرَ (6:14) | أَغَيْرَ (6:40)
فرح,12,يَفْرَحُوا,يفرحوا,فْرَحُ,3:120:8,فعل,0.920,يَفْرَحُونَ (3:188) | وَفَرِحُوا (10:22)
فكه,12,فَاكِهَةٌ,فاكهة,فَاكِهَ,36:57:3,فاعل,1.000,بِفَاكِهَةٍ (38:51) | فَاكِهَةٌ (43:73)
فمو,12,أَفْوَاهِهِمْ,أفواههم,أَفْوَاهِ,3:118:19,افعال,1.000,بِأَفْوَاهِهِمْ (3:167) | بِأَفْوَاهِهِمْ (5:41)
قنت,12,قَانِتُونَ,قانتون,قَانِتُ,2:116:14,فاعل,1.000,قَانِتِينَ (2:238) | وَالْقَانِتِينَ (3:17)
كنن,12,كُنَّ,كن,كُنَّ,2:228:17,فعل,0.973,أَكْنَنْتُمْ (2:235) | كُنَّ (4:11)
كونن,12,تَكُونَنَّ,تكونن,تَكُونَنَّ,2:147:5,تفعلل,0.738,تَكُونَنَّ (6:14) | تَكُونَنَّ (6:35)
مكن,12,مَكَّنَّا,مكنا,مَكَّن,12:21:16,فعل,1.000,مَكِينٌ (12:54) | مَكَّنَّا (12:56)
نجل,12,وَالْإِنْجِيلَ,والإنجيل,إِنْجِيلَ,3:3:11,فعيل,0.860,وَالْإِنْجِيلَ (3:48) | وَالْإِنْجِيلُ (3:65)
نطف,12,نُطْفَةٍ,نطفة,نُطْفَ,16:4:4,فعل,1.000,نُطْفَةٍ (18:37) | نُطْفَةٍ (22:5)
نطق,12,يَنْطِقُونَ,ينطقون,نْطِقُ,21:63:9,فعل,0.920,يَنْطِقُونَ (21:65) | يَنْطِقُ (23:62)
وهب,12,الْوَهَّابُ,الوهاب,وَهَّابُ,3:8:15,فعال,1.000,وَوَهَبْنَا (6:84) | وَوَهَبْنَا (19:50)
ءثر,11,آثَرَكَ,آثرك,ءَاثَرَ,12:91:4,فاعل,1.000,نُؤْثِرَكَ (20:72) | أَثَرِي (20:84)
ءضل,11,أَضَلَّ,أضل,أَضَلَّ,4:88:14,فعل,1.000,وَلَأُضِلَّنَّهُمْ (4:119) | وَأَضَلَّ (20:79)
ءعل,11,الْأَعْلَوْنَ,الأعلون,أَعْلَ,3:139:6,فعل,0.900,الْأَعْلَى (16:60) | الْأَعْلَى (20:68)
ءغن,11,أَغْنَى,أغنى,أَغْنَى,7:48:9,فعلى,1.000,أَغْنَتْ (11:101) | أَغْنَى (15:84)
امم,11,أُمَّهَاتُكُمْ,أمهاتكم,أُمَّهَ,4:23:3,فعلة,1.000,وَأُمَّهَاتُكُمُ (4:23) | وَأُمَّهَاتُ (4:23)
تقى,11,اتَّقَى,اتقى,اتَّقَى,2:189:19,افعل,1.000,اتَّقَى (2:203) | وَاتَّقَى (3:76)
جمل,11,الْجَمَلُ,الجمل,جَمَلُ,7:40:17,فعل,1.000,جَمِيلٌ (12:18) | جَمِيلٌ (12:83)
حرب,11,بِحَرْبٍ,بحرب,حَرْبٍ,2:279:5,فعل,1.000,الْمِحْرَابَ (3:37) | الْمِحْرَابِ (3:39)
حسر,11,حَسَرَاتٍ,حسرات,حَسَرَ,2:167:17,فعل,1.000,حَسْرَةً (3:156) | يَاحَسْرَتَنَا (6:31)
خوض,11,يَخُوضُوا,يخوضوا,خُوضُ,4:140:19,فعل,1.000,يَخُوضُونَ (6:68) | يَخُوضُوا (6:68)
خول,11,وَخَالَاتُكُمْ,وخالاتكم,خَالَ,4:23:7,فعل,1.000,مُخْتَالَاً (4:36) | خَوَّلْنَاكُمْ (6:94)
رضع,11,يُرْضِعْنَ,يرضعن,رْضِعْنَ,2:233:2,فعلن,0.684,الرَّضَاعَةَ (2:233) | تَسْتَرْضِعُوا (2:233)
زبر,11,وَالزُّبُرِ,والزبر,زُبُرِ,3:184:10,فعل,1.000,زَبُورَاً (4:163) | وَالزُّبُرِ (16:44)
سبب,11,الْأَسْبَابُ,الأسباب,أَسْبَابُ,2:166:12,افعال,1.000,تَسُبُّوا (6:108) | فَيَسُبُّوا (6:108)
سطع,11,اسْتَطَعْتَ,استطعت,اسْتَطَعْ,6:35:7,افتعل,0.658,اسْتَطَعْتُمْ (8:60) | اسْتَطَعْنَا (9:42)
سفه,11,السُّفَهَاءُ,السفهاء,سُفَهَاءُ,2:13:12,فعلاء,1.000,سَفِهَ (2:130) | السُّفَهَاءُ (2:142)
شفق,11,مُشْفِقِينَ,مشفقين,مُشْفِقِ,18:49:5,مفعل,1.000,مُشْفِقُونَ (21:28) | مُشْفِقُونَ (21:49)
صعق,11,الصَّوَاعِقِ,الصواعق,صَوَاعِقِ,2:19:14,فواعل,0.973,الصَّاعِقَةُ (2:55) | الصَّاعِقَةُ (4:153)
صوم,11,الصِّيَامُ,الصيام,صِيَامُ,2:183:6,فعال,1.000,تَصُومُوا (2:184) | الصِّيَامِ (2:187)
طبع,11,طَبَعَ,طبع,طَبَعَ,4:155:15,فعل,1.000,وَنَطْبَعُ (7:100) | يَطْبَعُ (7:101)
طرف,11,طَرَفَاً,طرفا,طَرَفَ,3:127:2,فعل,1.000,طَرَفَيِ (11:114) | أَطْرَافِهَا (13:41)
طرق,11,طَرِيقَاً,طريقا,طَرِيقَ,4:168:12,فعيل,1.000,طَرِيقَ (4:169) | بِطَرِيقَتِكُمُ (20:63)
طمع,11,وَنَطْمَعُ,ونطمع,طْمَعُ,5:84:10,فعل,0.920,يَطْمَعُونَ (7:46) | وَطَمَعَاً (7:56)
عشو,11,بِالْعَشِيِّ,بالعشي,عَشِيِّ,3:41:19,فعل,1.000,وَالْعَشِيِّ (6:52) | وَالْعَشِيِّ (18:28)
عنب,11,وَأَعْنَابٍ,وأعناب,أَعْنَابٍ,2:266:9,افعال,1.000,أَعْنَابٍ (6:99) | أَعْنَابٍ (13:4)
عوذ,11,أَعُوذُ,أعوذ,أَعُوذُ,2:67:15,افعل,0.977,أُعِيذُهَا (3:36) | أَعُوذُ (11:47)
قصر,11,تَقْصُرُوا,تقصروا,قْصُرُ,4:101:9,فعل,0.920,قُصُورَاً (7:74) | يُقْصِرُونَ (7:202)
كما,11,لَكُمَا,لكما,كُمَا,7:21:3,فعل,1.000,تِلْكُمَا (7:22) | لَكُمَا (7:22)
لغو,11,بِاللَّغْوِ,باللغو,لَغْوِ,2:225:4,فعل,1.000,بِاللَّغْوِ (5:89) | بَالِغَ (5:95)
مجن,11,لَمَجْنُونٌ,لمجنون,مَجْنُ,15:6:8,فعل,0.900,لَمَجْنُونٌ (26:27) | مَجْنُونٍ (37:36)
ملل,11,مِلَّةِ,ملة,مِلَّ,2:130:4,فعل,0.973,مِلَّةَ (2:135) | يُمِلَّ (2:282)
ميد,11,مَوَدَّةٌ,مودة,مَوَدَّ,4:73:12,فعل,1.000,مَوَدَّةً (5:82) | تَمِيدَ (16:15)
ميز,11,يَمِيزَ,يميز,يَمِيزَ,3:179:11,فعيل,1.000,مَوَازِينُهُ (7:8) | مَوَازِينُهُ (7:9)
نبذ,11,نَبَذَهُ,نبذه,نَبَذَ,2:100:4,فعل,1.000,نَبَذَ (2:101) | فَانْبِذْ (8:58)
نسو,11,نَنْسَاهُمْ,ننساهم,نْسَا,7:51:10,فعل,1.000,نِسْوَةٌ (12:30) | فَأَنْسَاهُ (12:42)
وقد,11,اسْتَوْقَدَ,استوقد,اسْتَوْقَدَ,2:17:4,استفعل,0.983,وَقُودُهَا (2:24) | وَقُودُ (3:10)
ولج,11,تُولِجُ,تولج,تُولِجُ,3:27:1,تفعل,1.000,وَتُولِجُ (3:27) | يُولِجُ (22:61)
يءس,11,يَئِسَ,يئس,يَئِسَ,5:3:32,فعل,1.000,آسَى (7:93) | لَيَئُوسٌ (11:9)
يمم,11,تَيَمَّمُوا,تيمموا,تَيَمَّمُ,2:267:15,فعل,1.000,فَتَيَمَّمُوا (4:43) | فَتَيَمَّمُوا (5:6)
ءكن,10,أَكُنْ,أكن,أَكُنْ,4:72:15,فعل,0.900,أَكِنَّةً (6:25) | أَكُنْ (11:47)
ءلو,10,لِئَلَّا,لئلا,ئَلَّا,2:150:15,فعل,1.000,لِئَلَّا (4:165) | أَلْوَانُهُ (16:13)
ءنب,10,وَأَنْبَتَهَا,وأنبتها,أَنْبَ,3:37:5,فعل,0.900,وَأَنْبَتْنَا (15:19) | أَنْبَتْنَا (26:7)
بدي,10,تُبْدُوهُ,تبدوه,بْدُو,3:29:8,فعل,1.000,بَدَا (6:28) | لِيُبْدِيَ (7:20)
بطش,10,يَبْطِشُونَ,يبطشون,بْطِشُ,7:195:8,فعل,0.920,بَطَشْتُمْ (26:130) | يَبْطِشَ (28:19)
بقي,10,وَبَقِيَّةٌ,وبقية,بَقِيَّ,2:248:14,فعل,1.000,بَقِيَ (2:278) | بَقِيَّةٍ (11:116)
تكء,10,مُتَّكَأً,متكأ,مُتَّكَأً,12:31:8,مفعل,0.925,مُتَّكِئِينَ (18:31) | مُتَّكِئُونَ (36:56)
تمع,10,يَسْتَمِعُ,يستمع,سْتَمِعُ,6:25:3,فعل,0.873,يَسْتَمِعُونَ (10:42) | يَسْتَمِعُونَ (17:47)
توف,10,يُتَوَفَّوْنَ,يتوفون,تَوَفَّ,2:234:2,فعل,1.000,يُتَوَفَّوْنَ (2:240) | تُوَفَّوْنَ (3:185)
ثوي,10,مَثْوَى,مثوى,مَثْوَى,3:151:18,مفعل,1.000,مَثْوَى (16:29) | ثَاوِيَاً (28:45)
جبر,10,جَبَّارِينَ,جبارين,جَبَّارِ,5:22:6,فعال,1.000,جَبَّارٍ (11:59) | جَبَّارٍ (14:15)
جتب,10,يَجْتَبِي,يجتبي,جْتَبِ,3:179:23,فعل,0.800,وَاجْتَبَيْنَاهُمْ (6:87) | اجْتَبَيْتَهَا (7:203)
جدد,10,جَدِيدٍ,جديد,جَدِيدٍ,13:5:11,فعيل,1.000,جَدِيدٍ (14:19) | جَدِيدَاً (17:49)
خطو,10,خَطَايَاكُمْ,خطاياكم,خَطَايَا,2:58:18,فعال,0.982,خُطُوَاتِ (2:168) | خُطُوَاتِ (2:208)
درك,10,يُدْرِكْكُمُ,يدرككم,دْرِكْ,4:78:3,فعل,0.920,يُدْرِكْهُ (4:100) | الدَّرْكِ (4:145)
دفع,10,دَفْعُ,دفع,دَفْعُ,2:251:15,فعل,1.000,ادْفَعُوا (3:167) | فَادْفَعُوا (4:6)
دمر,10,وَدَمَّرْنَا,ودمرنا,دَمَّرْ,7:137:21,فعل,1.000,فَدَمَّرْنَاهَا (17:16) | تَدْمِيرَاً (17:16)
ذهب,10,يُذْهِبْنَ,يذهبن,ذْهِبْنَ,11:114:10,فعلن,0.684,لَنَذْهَبَنَّ (17:86) | اذْهَبَا (20:43)
رجز,10,رِجْزَاً,رجزا,رِجْزَ,2:59:13,فعل,1.000,الرِّجْزُ (7:134) | الرِّجْزَ (7:134)
رجس,10,رِجْسٌ,رجس,رِجْسٌ,5:90:9,فعل,1.000,الرِّجْسَ (6:125) | رِجْسٌ (6:145)
رهق,10,يَرْهَقُ,يرهق,رْهَقُ,10:26:6,فعل,0.920,وَتَرْهَقُهُمْ (10:27) | تُرْهِقْنِي (18:73)
روض,10,تَرَاضَوْا,تراضوا,رَاضَ,2:232:12,فعل,1.000,تَرَاضٍ (2:233) | فَرِيضَةً (2:236)
زلف,10,وَزُلَفَاً,وزلفا,زُلَفَ,11:114:5,فعل,1.000,وَأَزْلَفْنَا (26:64) | وَأُزْلِفَتِ (26:90)
سجن,10,يُسْجَنَ,يسجن,سْجَنَ,12:25:20,فعل,1.000,لَيُسْجَنَنَّ (12:32) | السِّجْنُ (12:33)
سفل,10,الْأَسْفَلِ,الأسفل,أَسْفَلِ,4:145:5,افعل,1.000,أَسْفَلَ (8:42) | السُّفْلَى (9:40)
سوم,10,يَسُومُونَكُمْ,يسومونكم,يَسُومُونَ,2:49:6,فعل,1.000,الْمُسَوَّمَةِ (3:14) | مُسَوِّمِينَ (3:125)
شقي,10,شَقِيٌّ,شقي,شَقِيٌّ,11:105:9,فعل,1.000,شَقِيَّاً (19:4) | شَقِيَّاً (19:32)
صصل,10,فَصَّلْنَا,فصلنا,صَّلْ,6:97:13,فعل,0.752,فَصَّلْنَا (6:98) | فَصَّلَ (6:119)
عرج,10,يَعْرُجُونَ,يعرجون,عْرُجُ,15:14:9,فعل,0.920,الْأَعْرَجِ (24:61) | يَعْرُجُ (32:5)
غمم,10,الْغَمَامَ,الغمام,غَمَامَ,2:57:3,فعال,1.000,الْغَمَامِ (2:210) | غَمَّاً (3:153)
غيظ,10,الْغَيْظِ,الغيظ,غَيْظِ,3:119:19,فعل,1.000,بِغَيْظِكُمْ (3:119) | الْغَيْظَ (3:134)
فسك,10,نَفْسِكَ,نفسك,فْسِكَ,4:79:12,فعل,0.900,نَفْسَكَ (4:84) | نَفْسِكَ (5:116)
قدس,10,وَنُقَدِّسُ,ونقدس,قَدِّسُ,2:30:21,فعل,1.000,الْقُدُسِ (2:87) | الْقُدُسِ (2:253)
قهر,10,الْقَاهِرُ,القاهر,قَاهِرُ,6:18:2,فاعل,1.000,الْقَاهِرُ (6:61) | قَاهِرُونَ (7:127)
لحق,10,يَلْحَقُوا,يلحقوا,لْحَقُ,3:170:10,فعل,0.920,لَحَقٌّ (10:53) | وَأَلْحِقْنِي (12:101)
لسن,10,أَلْسِنَتَهُمْ,ألسنتهم,أَلْسِنَ,3:78:5,افعل,1.000,بِأَلْسِنَتِهِمْ (4:46) | أَلْسِنَتُهُمُ (16:62)
لقء,10,بِلِقَاءِ,بلقاء,لِقَاءِ,6:31:5,فعال,0.925,بِلِقَاءِ (6:154) | تِلْقَاءَ (7:47)
مرد,10,مَرِيدَاً,مريدا,مَرِيدَ,4:117:11,فعيل,1.000,مَرَدُوا (9:101) | مَرَدَّ (13:11)
مزن,10,وَالْمِيزَانَ,والميزان,مِيزَانَ,6:152:14,فيعال,0.973,وَالْمِيزَانَ (7:85) | وَالْمِيزَانَ (11:84)
مشي,10,يَمْشِي,يمشي,مْشِي,6:122:8,فعل,1.000,تَمْشِي (20:40) | يَمْشِي (24:45)
مهل,10,مُهْلِكَ,مهلك,مُهْلِ,6:131:6,فعل,1.000,كَالْمُهْلِ (18:29) | مَهْلِكَ (27:49)
نبت,10,تُنْبِتُ,تنبت,نْبِتُ,2:61:15,فعل,0.920,أَنْبَتَتْ (2:261) | نَبَاتَاً (3:37)
نجج,10,وَنَجِّنَا,ونجنا,نَجِّ,10:86:1,فعل,0.846,نُنَجِّي (10:103) | فَنُجِّيَ (12:110)
نصح,10,النَّاصِحِينَ,الناصحين,نَاصِحِ,7:21:5,فاعل,1.000,وَأَنْصَحُ (7:62) | نَاصِحٌ (7:68)
نقص,10,وَنَقْصٍ,ونقص,نَقْصٍ,2:155:6,فعل,1.000,فَلَنَقُصَّنَّ (7:7) | وَنَقْصٍ (7:130)
يبس,10,لِبَاسَاً,لباسا,بَاسَ,7:26:6,فعل,0.990,وَلِبَاسُ (7:26) | لِبَاسَهُمَا (7:27)
يرى,10,يَرَى,يرى,يَرَى,2:165:18,فعل,1.000,وَسَيَرَى (9:94) | فَسَيَرَى (9:105)
ءبق,9,وَأَبْقَى,وأبقى,أَبْقَى,20:71:26,فعلى,1.000,وَأَبْقَى (20:73) | وَأَبْقَى (20:127)
ءبي,9,أَبَى,أبى,أَبَى,2:34:9,فعل,1.000,وَتَأْبَى (9:8) | وَيَأْبَى (9:32)
ءرا,9,أَرَاكُمْ,أراكم,أَرَا,3:152:18,فعل,1.000,أَرَاكَ (4:105) | أَرَاكَ (6:74)
ءطع,9,وَأَطَعْنَا,وأطعنا,أَطَعْ,2:285:23,فعل,0.900,وَأَطَعْنَا (4:46) | وَأَطَعْنَا (5:7)
ءقم,9,فَأَقَمْتَ,فأقمت,أَقَمْ,4:102:4,فعل,0.900,أَقِمْ (10:105) | وَأَقِمِ (11:114)
ءهد,9,أَهْدَى,أهدى,أَهْدَى,4:51:16,فعلى,1.000,أَهْدَى (6:157) | أَهْدَى (17:84)
بثث,9,وَبَثَّ,وبث,بَثَّ,2:164:29,فعل,0.973,وَبَثَّ (4:1) | بَثِّي (12:86)
بقر,9,بَقَرَةً,بقرة,بَقَرَ,2:67:10,فعل,1.000,بَقَرَةٌ (2:68) | بَقَرَةٌ (2:69)
تجر,9,تِجَارَتُهُمْ,تجارتهم,تِجَارَ,2:16:8,فعال,1.000,تِجَارَةً (2:282) | تِجَارَةً (4:29)
جوو,9,نَجْوَاهُمْ,نجواهم,جْوَا,4:114:6,فعل,1.000,وَنَجْوَاهُمْ (9:78) | جَوِّ (16:79)
حرق,9,فَاحْتَرَقَتْ,فاحترقت,احْتَرَقَ,2:266:28,افتعل,0.757,الْحَرِيقِ (3:181) | الْحَرِيقِ (8:50)
حسبن,9,تَحْسَبَنَّ,تحسبن,حْسَبَنَّ,3:169:2,فعلل,0.697,يَحْسَبَنَّ (3:178) | يَحْسَبَنَّ (3:180)
حير,9,الْحَوَارِيُّونَ,الحواريون,حَوَارِيُّ,3:52:12,فعال,0.982,الْحَوَارِيِّينَ (5:111) | الْحَوَارِيُّونَ (5:112)
خور,9,أُخْرَاكُمْ,أخراكم,أُخْرَا,3:153:10,افعل,1.000,فَخُورَاً (4:36) | أُخْرَاهُمْ (7:38)
دعن,9,دَعَانِ,دعان,دَعَانِ,2:186:11,فعال,0.925,تَدْعُونَهُ (6:63) | يَدْعُونَهُ (6:71)
ذبح,9,يُذَبِّحُونَ,يذبحون,ذَبِّحُ,2:49:9,فعل,1.000,تَذْبَحُوا (2:67) | فَذَبَحُوهَا (2:71)
رتب,9,تَرْتَابُوا,ترتابوا,رْتَابُ,2:282:95,فعال,0.850,ارْتَبْتُمْ (5:106) | وَارْتَابَتْ (9:45)
رهو,9,لِيُرِيَهُ,ليريه,رِيَهُ,5:31:7,فعل,0.990,لِنُرِيَهُ (17:1) | فَارِهِينَ (26:149)
سرق,9,وَالسَّارِقُ,والسارق,سَارِقُ,5:38:1,فاعل,1.000,وَالسَّارِقَةُ (5:38) | لَسَارِقُونَ (12:70)
سين,9,لِسَانِ,لسان,سَانِ,5:78:8,فعل,1.000,يُنْسِيَنَّكَ (6:68) | لِسَانُ (16:103)
صحف,9,الصُّحُفِ,الصحف,صُحُفِ,20:133:12,فعل,1.000,بِصِحَافٍ (43:71) | صُحُفِ (53:36)
صعد,9,تُصْعِدُونَ,تصعدون,صْعِدُ,3:153:2,فعل,0.920,صَعِيدَاً (4:43) | صَعِيدَاً (5:6)
صفف,9,صَفَّاً,صفا,صَفَّ,18:48:4,فعل,0.973,صَفَّاً (20:64) | صَفَّاً (37:1)
صفو,9,اصْطَفَى,اصطفى,اصْطَفَى,2:132:9,افطعل,0.727,الصَّفَا (2:158) | صَفْوَانٍ (2:264)
صيص,9,وَوَصَّى,ووصى,وَصَّى,2:132:1,فعلى,1.000,وَصَّيْنَا (4:131) | وَصَّاكُمُ (6:144)
طول,9,طَوْلَاً,طولا,طَوْلَ,4:25:5,فعل,1.000,الطَّوْلِ (9:86) | طُولَاً (17:37)
عزل,9,فَاعْتَزِلُوا,فاعتزلوا,اعْتَزِلُ,2:222:7,افتعل,0.757,اعْتَزَلُوكُمْ (4:90) | يَعْتَزِلُوكُمْ (4:91)
عزم,9,عَزَمُوا,عزموا,عَزَمُ,2:227:2,فعل,1.000,تَعْزِمُوا (2:235) | عَزَمْتَ (3:159)
عكف,9,وَالْعَاكِفِينَ,والعاكفين,عَاكِفِ,2:125:20,فاعل,1.000,عَاكِفُونَ (2:187) | يَعْكُفُونَ (7:138)
عنق,9,الْأَعْنَاقِ,الأعناق,أَعْنَاقِ,8:12:19,افعال,1.000,أَعْنَاقِهِمْ (13:5) | عُنُقِهِ (17:13)
عوج,9,عِوَجَاً,عوجا,عِوَجَ,3:99:12,فعل,1.000,عِوَجَاً (7:45) | عِوَجَاً (7:86)
عوم,9,عَامٍ,عام,عَامٍ,2:259:20,فعل,1.000,عَامِهِمْ (9:28) | عَامَاً (9:37)
عيش,9,مَعَايِشَ,معايش,مَعَايِشَ,7:10:8,مفاعل,1.000,مَعَايِشَ (15:20) | مَعِيشَةً (20:124)
غيث,9,تَسْتَغِيثُونَ,تستغيثون,سْتَغِيثُ,8:9:2,فعل,1.000,يُغَاثُ (12:49) | يَسْتَغِيثُوا (18:29)
فرر,9,فِرَارَاً,فرارا,فِرَارَ,18:18:19,فعال,1.000,فَفَرَرْتُ (26:21) | فِرَارَاً (33:13)
فقر,9,الْفَقْرَ,الفقر,فَقْرَ,2:268:3,فعل,1.000,الْفُقَرَاءَ (2:271) | لِلْفُقَرَاءِ (2:273)
قبض,9,يَقْبِضُ,يقبض,قْبِضُ,2:245:13,فعل,0.920,مَقْبُوضَةٌ (2:283) | وَيَقْبِضُونَ (9:67)
قذف,9,اقْذِفِيهِ,اقذفيه,اقْذِفِي,20:39:2,افعل,1.000,فَاقْذِفِيهِ (20:39) | فَقَذَفْنَاهَا (20:87)
كنز,9,يَكْنِزُونَ,يكنزون,كْنِزُ,9:34:18,فعل,0.920,كَنَزْتُمْ (9:35) | تَكْنِزُونَ (9:35)
لوم,9,أَوَلَمَّا,أولما,أَوَلَمَّا,3:165:1,افعل,0.916,لَوْمَةَ (5:54) | وَلُومُوا (14:22)
لوي,9,وَلِيُّهُ,وليه,لِيُّ,2:282:50,فعل,0.998,وَلِيِّيَ (7:196) | وَلَايَتِهِمْ (8:72)
نهو,9,يَنْهَاهُمُ,ينهاهم,نْهَا,5:63:2,فعل,1.000,نَهَاكُمَا (7:20) | وَيَنْهَاهُمْ (7:157)
نهي,9,فَانْتَهَى,فانتهى,انْتَهَى,2:275:31,افتعل,0.826,وَيَنْهَى (16:90) | النُّهَى (20:54)
همم,9,اللَّهُمَّ,اللهم,هُمَّ,3:26:2,فعل,0.973,هَمَّ (5:11) | اللَّهُمَّ (5:114)
هنلك,9,هُنَالِكَ,هنالك,هُنَالِكَ,3:38:1,فعالل,0.846,هُنَالِكَ (7:119) | هُنَالِكَ (10:30)
وضع,9,مَوَاضِعِهِ,مواضعه,مَوَاضِعِ,4:46:7,مفاعل,1.000,مَوَاضِعِهِ (5:13) | مَوَاضِعِهِ (5:41)
ءرد,8,أَرَدْنَا,أردنا,أَرَدْ,4:62:13,فعل,0.900,أَرَدْنَا (9:107) | أَرَدْتُ (11:34)
ءصل,8,أَصَلَاتُكَ,أصلاتك,أَصَلَ,11:87:3,فعل,1.000,أَصْلُهَا (14:24) | وَأَصِيلَاً (25:5)
ءقل,8,أَقُلْ,أقل,أَقُلْ,2:33:10,فعل,0.900,وَأَقُلْ (7:22) | أَقَلَّتْ (7:57)
ءمس,8,أَمْسَكْنَ,أمسكن,أَمْسَ,5:4:20,فعل,0.900,بِالْأَمْسِ (10:24) | بِالْأَمْسِ (28:18)
بتل,8,وَلِيَبْتَلِيَ,وليبتلي,بْتَلِ,3:154:63,فعل,0.920,وَابْتَلُوا (4:6) | لَمُبْتَلِينَ (23:30)
برب,8,بِرَبِّ,برب,بِرَبِّ,7:121:3,فعل,0.900,بِرَبِّ (20:70) | بِرَبِّ (26:47)
بهت,8,فَبُهِتَ,فبهت,بُهِتَ,2:258:36,فعل,1.000,بُهْتَانَاً (4:20) | بُهْتَانَاً (4:112)
جوز,8,جَاوَزَهُ,جاوزه,جَاوَزَ,2:249:31,فاعل,1.000,يُجْزَ (4:123) | وَجَاوَزْنَا (7:138)
حجب,8,حِجَابٌ,حجاب,حِجَابٌ,7:46:2,فعال,1.000,حِجَابَاً (17:45) | حِجَابَاً (19:17)
حرر,8,الْحُرُّ,الحر,حُرُّ,2:178:9,فعل,0.973,بِالْحُرِّ (2:178) | مُحَرَّرَاً (3:35)
حصي,8,تُحْصُوهَا,تحصوها,حْصُو,14:34:11,فعل,1.000,تُحْصُوهَا (16:18) | أَحْصَاهَا (18:49)
حوت,8,حِيتَانُهُمْ,حيتانهم,حِيتَانُ,7:163:14,فعلان,0.968,وَتَحِيَّتُهُمْ (10:10) | تَحِيَّتُهُمْ (14:23)
خسف,8,يَخْسِفَ,يخسف,خْسِفَ,16:45:6,فعل,1.000,يَخْسِفَ (17:68) | فَخَسَفْنَا (28:81)
خضر,8,خَضِرَاً,خضرا,خَضِرَ,6:99:14,فعل,1.000,خُضْرٍ (12:43) | خُضْرٍ (12:46)
خمس,8,بِخَمْسَةِ,بخمسة,خَمْسَ,3:125:11,فعل,1.000,خُمُسَهُ (8:41) | خَمْسَةٌ (18:22)
دلل,8,أَدُلُّكُمْ,أدلكم,أَدُلُّ,20:40:6,افعل,1.000,أَدُلُّكَ (20:120) | دَلِيلَاً (25:45)
دهي,8,بِيَدِهِ,بيده,يَدِهِ,2:237:20,فعل,0.990,بِيَدِهِ (2:249) | يَدَهُ (7:108)
رجف,8,الرَّجْفَةُ,الرجفة,رَجْفَ,7:78:2,فعل,1.000,الرَّجْفَةُ (7:91) | الرَّجْفَةُ (7:155)
رغب,8,يَرْغَبُ,يرغب,رْغَبُ,2:130:2,فعل,0.920,وَتَرْغَبُونَ (4:127) | رَاغِبُونَ (9:59)
زدد,8,ازْدَادُوا,ازدادوا,زْدَادُ,3:90:7,فعال,0.850,لِيَزْدَادُوا (3:178) | ازْدَادُوا (4:137)
سبت,8,السَّبْتِ,السبت,سَبْتِ,2:65:7,فعل,1.000,السَّبْتِ (4:47) | السَّبْتِ (4:154)
سقط,8,تَسْقُطُ,تسقط,سْقُطُ,6:59:14,فعل,0.920,سُقِطَ (7:149) | سَقَطُوا (9:49)
سقم,8,اسْتَقَامُوا,استقاموا,اسْتَقَامُ,9:7:16,افتعال,0.977,فَاسْتَقِمْ (11:112) | سَقِيمٌ (37:89)
سلف,8,سَلَفَ,سلف,سَلَفَ,2:275:34,فعل,1.000,سَلَفَ (4:22) | سَلَفَ (4:23)
شبه,8,مُتَشَابِهَاً,متشابها,مُتَشَابِهَ,2:25:27,متفاعل,1.000,تَشَابَهَتْ (2:118) | مُتَشَابِهَاتٌ (3:7)
شري,8,بَاشِرُوهُنَّ,باشروهن,بَاشِرُو,2:187:25,افعل,0.982,تُبَاشِرُوهُنَّ (2:187) | يَشْرِي (2:207)
صطف,8,اصْطَفَيْنَاهُ,اصطفيناه,اصْطَفَيْ,2:130:11,فعل,0.873,اصْطَفَاهُ (2:247) | اصْطَفَاكِ (3:42)
صلب,8,أَصْلَابِكُمْ,أصلابكم,أَصْلَابِ,4:23:41,افعال,1.000,صَلَبُوهُ (4:157) | يُصَلَّبُوا (5:33)
صلل,8,يُصَلِّي,يصلي,صَلِّ,3:39:5,فعل,0.846,يُصَلُّوا (4:102) | تُصَلِّ (9:84)
ضحك,8,فَضَحِكَتْ,فضحكت,ضَحِكَ,11:71:3,فعل,1.000,تَضْحَكُونَ (23:110) | ضَاحِكَاً (27:19)
ضرع,8,يَتَضَرَّعُونَ,يتضرعون,تَضَرَّعُ,6:42:11,فعل,1.000,تَضَرَّعُوا (6:43) | تَضَرُّعَاً (6:63)
طغت,8,بِالطَّاغُوتِ,بالطاغوت,طَاغُوتِ,2:256:12,فاعول,0.940,الطَّاغُوتُ (2:257) | وَالطَّاغُوتِ (4:51)
عقر,8,عَاقِرٌ,عاقر,عَاقِرٌ,3:40:11,فاعل,1.000,فَعَقَرُوا (7:77) | فَعَقَرُوهَا (11:65)
غبر,8,الْغَابِرِينَ,الغابرين,غَابِرِ,7:83:7,فاعل,1.000,الْغَابِرِينَ (15:60) | الْغَابِرِينَ (26:171)
فضض,8,وَالْفِضَّةِ,والفضة,فِضَّ,3:14:12,فعل,0.973,وَالْفِضَّةَ (9:34) | فِضَّةٍ (43:33)
قبر,8,قَبْرِهِ,قبره,قَبْرِ,9:84:11,فعل,1.000,الْقُبُورِ (22:7) | الْقُبُورِ (35:22)
كفف,8,كُفُّوا,كفوا,كُفُّ,4:77:7,فعل,0.973,يَكُفَّ (4:84) | وَيَكُفُّوا (4:91)
كفل,8,وَكَفَّلَهَا,وكفلها,كَفَّلَ,3:37:8,فعل,1.000,يَكْفُلُ (3:44) | كِفْلٌ (4:85)
كلف,8,تُكَلَّفُ,تكلف,كَلَّفُ,2:233:18,فعل,1.000,يُكَلِّفُ (2:286) | تُكَلَّفُ (4:84)
لدن,8,لَدُنَّا,لدنا,لَدُن,4:67:4,فعل,1.000,لَدُنْ (11:1) | لَدُنَّا (18:65)
لفي,8,آلَافٍ,آلاف,ءَالَافٍ,3:124:10,افعال,1.000,آلَافٍ (3:125) | لَيُوَفِّيَنَّهُمْ (11:111)
لقض,8,لَقُضِيَ,لقضي,لَقُضِ,6:8:9,فعل,0.900,لَقُضِيَ (6:58) | لَقُضِيَ (10:11)
لوح,8,وَلْيَحْكُمْ,وليحكم,وَلْيَحْ,5:47:1,فعيل,0.852,لَيُوحُونَ (6:121) | الْأَلْوَاحِ (7:145)
متر,8,الْمُمْتَرِينَ,الممترين,مُمْتَرِ,2:147:7,مفعل,0.925,الْمُمْتَرِينَ (3:60) | تَمْتَرُونَ (6:2)
مطر,8,وَأَمْطَرْنَا,وأمطرنا,أَمْطَرْ,7:84:1,افعل,1.000,فَأَمْطِرْ (8:32) | وَأَمْطَرْنَا (11:82)
نقض,8,يَنْقُضُونَ,ينقضون,نْقُضُ,2:27:2,فعل,0.920,يَنْقُضُونَ (8:56) | يَنْقُضُونَ (13:20)
ننه,8,سُنَّةُ,سنة,نَّةُ,15:13:6,فعل,0.752,سُنَّةَ (17:77) | سُنَّةُ (18:55)
هبط,8,اهْبِطُوا,اهبطوا,هْبِطُ,2:36:9,فعل,0.920,اهْبِطُوا (2:38) | اهْبِطُوا (2:61)
وتي,8,أُوتِيتُمْ,أوتيتم,أُوتِي,3:73:17,افعل,1.000,أُوتِيتُمْ (5:41) | أُوتِيتُمْ (17:85)
وثق,8,الْوُثْقَى,الوثقى,وُثْقَى,2:256:18,فعلى,1.000,مَوْثِقَاً (12:66) | مَوْثِقَهُمْ (12:66)
ودع,8,الدَّاعِ,الداع,دَاعِ,2:186:9,فعل,0.990,وَمُسْتَوْدَعٌ (6:98) | وَمُسْتَوْدَعَهَا (11:6)
وصي,8,الْوَصِيَّةُ,الوصية,وَصِيَّ,2:180:10,فعل,1.000,يُوصِيكُمُ (4:11) | الْوَصِيَّةِ (5:106)
يقن,8,يَقِينَاً,يقينا,يَقِينَ,4:157:34,فعيل,1.000,يَلْقَوْنَهُ (9:77) | تَلَقَّوْنَهُ (24:15)
ءبت,7,يَاأَبَتِ,ياأبت,أَبَتِ,12:4:5,فعل,0.900,يَاأَبَتِ (12:100) | يَاأَبَتِ (19:42)
ءجج,7,يَأْجُوجَ,يأجوج,أْجُوجَ,18:94:5,فعول,0.977,وَمَأْجُوجَ (18:94) | يَأْجُوجُ (21:96)
ءحي,7,أَحْيَاءٌ,أحياء,أَحْيَاءٌ,2:154:10,فعلاء,0.940,أُحْيِي (2:258) | وَأُحْيِي (3:49)
ءذق,7,أَذَقْنَا,أذقنا,أَذَقْ,10:21:2,فعل,0.900,أَذَقْنَا (11:9) | أَذَقْنَاهُ (11:10)
ءذل,7,أَذِلَّةٌ,أذلة,أَذِلَّ,3:123:6,فعل,1.000,أَذِلَّةٍ (5:54) | أَذَلِكَ (25:15)
ءود,7,مَائِدَةً,مائدة,مَائِدَ,5:112:13,مفعل,1.000,مَائِدَةً (5:114) | فُؤَادَكَ (11:120)
ءيي,7,أَيَّانَ,أيان,أَيَّانَ,7:187:4,فعلان,1.000,أَيَّانَ (16:21) | أَيَّانَ (27:65)
بخس,7,يَبْخَسْ,يبخس,بْخَسْ,2:282:32,فعل,0.920,تَبْخَسُوا (7:85) | يُبْخَسُونَ (11:15)
برز,7,بَرَزُوا,برزوا,بَرَزُ,2:250:2,فعل,1.000,لَبَرَزَ (3:154) | بَرَزُوا (4:81)
برهن,7,بُرْهَانَكُمْ,برهانكم,بُرْهَانَ,2:111:15,فعلال,0.973,بُرْهَانٌ (4:174) | بُرْهَانَ (12:24)
بعل,7,وَبُعُولَتُهُنَّ,وبعولتهن,بُعُولَ,2:228:22,فعول,1.000,بَعْلِهَا (4:128) | بَعْلِي (11:72)
بيد,7,بِيَدِ,بيد,بِيَدِ,3:73:25,فعل,1.000,بَادِيَ (11:27) | بِوَادٍ (14:37)
تته,7,سِتَّةِ,ستة,تَّةِ,7:54:9,فعل,0.752,سِتَّةِ (10:3) | سِتَّةِ (11:7)
تقي,7,الْتَقَيْتُمْ,التقيتم,تَقَيْ,8:44:4,فعل,0.900,تَقِيكُمُ (16:81) | تَقِيكُمْ (16:81)
تمن,7,فَتَمَنَّوُا,فتمنوا,تَمَنَّ,2:94:13,فعل,1.000,يَكْتُمْنَ (2:228) | تَمَنَّوْنَ (3:143)
ثنت,7,اثْنَتَا,اثنتا,اثْنَتَا,2:60:11,افعل,0.832,اثْنَتَيْنِ (4:11) | اثْنَتَيْنِ (4:176)
جود,7,يَجِدِ,يجد,يَجِدِ,4:110:10,فعل,0.990,يَجِدُونَهُ (7:157) | الْجُودِيِّ (11:44)
حبل,7,بِحَبْلِ,بحبل,حَبْلِ,3:103:2,فعل,1.000,بِحَبْلٍ (3:112) | وَحَبْلٍ (3:112)
حظظ,7,حَظَّاً,حظا,حَظَّ,3:176:17,فعل,0.973,حَظِّ (4:11) | حَظِّ (4:176)
حقت,7,حَقَّتْ,حقت,حَقَّتْ,10:33:2,فعل,0.900,حَقَّتْ (10:96) | حَقَّتْ (16:36)
حين,7,فَتَحْنَا,فتحنا,حْنَا,6:44:6,فعل,0.990,تَحْيَوْنَ (7:25) | فَتَحْنَا (15:14)
ختم,7,خَتَمَ,ختم,خَتَمَ,2:7:1,فعل,1.000,وَخَتَمَ (6:46) | نَخْتِمُ (36:65)
خطف,7,يَخْطَفُ,يخطف,خْطَفُ,2:20:3,فعل,0.920,يَتَخَطَّفَكُمُ (8:26) | فَتَخْطَفُهُ (22:31)
خوي,7,خَاوِيَةٌ,خاوية,خَاوِيَ,2:259:7,فاعل,1.000,خَوَّانَاً (4:107) | خَاوِيَةٌ (18:42)
خيل,7,وَالْخَيْلِ,والخيل,خَيْلِ,3:14:13,فعل,1.000,الْخَيْلِ (8:60) | يَخْلُ (12:9)
دكر,7,وَادَّكَرَ,وادكر,ادَّكَرَ,12:45:5,افعل,0.925,مُدَّكِرٍ (54:15) | مُدَّكِرٍ (54:17)
دمو,7,الدِّمَاءَ,الدماء,دِمَاءَ,2:30:17,فعال,1.000,دِمَاءَكُمْ (2:84) | وَالدَّمَ (2:173)
رتد,7,تَرْتَدُّوا,ترتدوا,رْتَدُّ,5:21:10,فعل,0.800,يَرْتَدَّ (5:54) | فَارْتَدَّ (12:96)
رحمت,7,رَحْمَتَ,رحمت,رَحْمَتَ,2:218:12,فعلل,0.832,رَحْمَتَ (7:56) | رَحْمَتُ (11:73)
زور,7,تَزَاوَرُ,تزاور,تَزَاوَرُ,18:17:5,تفاعل,1.000,وَزِيرَاً (20:29) | الزُّورِ (22:30)
ستو,7,يَسْتَوُونَ,يستوون,سْتَوُ,9:19:17,فعل,0.800,وَاسْتَوَتْ (11:44) | يَسْتَوُونَ (16:75)
سرح,7,تَسْرِيحٌ,تسريح,تَسْرِيحٌ,2:229:6,تفعيل,1.000,سَرِّحُوهُنَّ (2:231) | تَسْرَحُونَ (16:6)
سكر,7,سُكَارَى,سكارى,سُكَارَى,4:43:8,فعالى,1.000,سُكِّرَتْ (15:15) | سَكْرَتِهِمْ (15:72)
شته,7,يَشْتَهُونَ,يشتهون,شْتَهُ,16:57:7,فعل,0.800,يَشْتَهُونَ (34:54) | تَشْتَهِي (41:31)
صفح,7,وَاصْفَحُوا,واصفحوا,صْفَحُ,2:109:23,فعل,0.920,وَاصْفَحْ (5:13) | فَاصْفَحِ (15:85)
ضحو,7,ضُحَىً,ضحى,ضُحَىً,7:98:7,فعل,1.000,ضُحَىً (20:59) | تَضْحَى (20:119)
ضطر,7,أَضْطَرُّهُ,أضطره,أَضْطَرُّ,2:126:25,افعل,0.925,اضْطُرَّ (2:173) | اضْطُرَّ (5:3)
عذر,7,مَعْذِرَةً,معذرة,مَعْذِرَ,7:164:15,مفعل,1.000,الْمُعَذِّرُونَ (9:90) | عُذْرَاً (18:76)
عصف,7,عَاصِفٌ,عاصف,عَاصِفٌ,10:22:20,فاعل,1.000,عَاصِفٍ (14:18) | عَاصِفَةً (21:81)
عقد,7,عُقْدَةَ,عقدة,عُقْدَ,2:235:29,فعل,1.000,عُقْدَةُ (2:237) | عَقَدَتْ (4:33)
عمد,7,مُتَعَمِّدَاً,متعمدا,مُتَعَمِّدَ,4:93:4,متفعل,1.000,مُتَعَمِّدَاً (5:95) | عَمَدٍ (13:2)
عمه,7,يَعْمَهُونَ,يعمهون,عْمَهُ,2:15:7,فعل,0.920,يَعْمَهُونَ (6:110) | يَعْمَهُونَ (7:186)
غدو,7,غَدَوْتَ,غدوت,غَدَوْ,3:121:2,فعل,1.000,بِالْغَدَاةِ (6:52) | بِالْغُدُوِّ (7:205)
غرف,7,اغْتَرَفَ,اغترف,اغْتَرَفَ,2:249:22,افتعل,0.757,غُرْفَةً (2:249) | الْغُرْفَةَ (25:75)
فيض,7,أَفِيضُوا,أفيضوا,أَفِيضُ,2:199:2,افعل,1.000,تَفِيضُ (5:83) | أَفِيضُوا (7:50)
قيض,7,فَاقْضِ,فاقض,اقْضِ,20:72:11,فعل,0.880,قَاضٍ (20:72) | لْيَقْضُوا (22:29)
محص,7,وَلِيُمَحِّصَ,وليمحص,مَحِّصَ,3:141:1,فعل,1.000,وَلِيُمَحِّصَ (3:154) | مَحِيصَاً (4:121)
مرت,7,مَرَّتَانِ,مرتان,مَرَّتَانِ,2:229:2,فعلان,0.940,فَمَرَّتْ (7:189) | مَرَّتَيْنِ (9:101)
مرج,7,مُرْجَوْنَ,مرجون,مُرْجَ,9:106:2,فعل,1.000,مَرْجُوَّاً (11:62) | مَرَجَ (25:53)
مكث,7,فَيَمْكُثُ,فيمكث,مْكُثُ,13:17:36,فعل,0.920,مُكْثٍ (17:106) | مَاكِثِينَ (18:3)
موج,7,الْمَوْجُ,الموج,مَوْجُ,10:22:22,فعل,1.000,مَوْجٍ (11:42) | الْمَوْجُ (11:43)
نبغ,7,نَبْغِ,نبغ,نَبْغِ,18:64:5,فعل,0.900,يَنْبَغِي (19:92) | يَنْبَغِي (25:18)
نبل,7,وَلَنَبْلُوَنَّكُمْ,ولنبلونكم,لَنَبْلُوَنَّ,2:155:1,فعل,0.720,سَنَابِلَ (2:261) | سُنْبُلَةٍ (2:261)
نوق,7,نَاقَةُ,ناقة,نَاقَ,7:73:20,فعل,1.000,النَّاقَةَ (7:77) | نَاقَةُ (11:64)
نوي,7,يَابَنِيَّ,يابني,نِيَّ,2:132:6,فعل,0.998,وَالنَّوَى (6:95) | يَابَنِيَّ (12:67)
هيت,7,هَاتُوا,هاتوا,هَاتُ,2:111:14,فعل,1.000,نُهِيتُ (6:56) | هَاتُوا (21:24)
وتر,7,تَرَوْهَا,تروها,تَرَوْ,9:26:12,فعل,0.990,تَرَوْهَا (9:40) | يُفْتَرَى (10:37)
يدك,7,بِيَدِكَ,بيدك,يَدِكَ,3:26:19,فعل,1.000,يَدَكَ (5:28) | يَدَكَ (17:29)
ءبن,6,وَأَبْنَائِنَا,وأبنائنا,أَبْنَائِ,2:246:43,فعلاء,0.940,وَأَبْنَاؤُكُمْ (4:11) | أَبْنَائِكُمُ (4:23)
ءجد,6,أَجِدُ,أجد,أَجِدُ,6:145:3,فعل,0.900,أَجِدُ (9:92) | لَأَجِدُ (12:94)
ءرى,6,أَرَى,أرى,أَرَى,8:48:27,فعل,1.000,أَرَى (12:43) | وَأَرَى (20:46)
ءمد,6,أَمَدَاً,أمدا,أَمَدَ,3:30:19,فعل,1.000,أَمَدَاً (18:12) | أَمَدَّكُمْ (26:132)
ءيك,6,إِيَّاكَ,إياك,إِيَّاكَ,1:5:1,فعال,1.000,وَإِيَّاكَ (1:5) | الْأَيْكَةِ (15:78)
برج,6,بُرُوجٍ,بروج,بُرُوجٍ,4:78:8,فعول,1.000,بُرُوجَاً (15:16) | مُتَبَرِّجَاتٍ (24:60)
بلء,6,بَلَاءٌ,بلاء,بَلَاءٌ,2:49:15,فعال,0.925,بَلَاءٌ (7:141) | بَلَاءً (8:17)
بور,6,الْبَوَارِ,البوار,بَوَارِ,14:28:12,فعال,1.000,بُورَاً (25:18) | بُورِكَ (27:8)
تاك,6,أَتَاكَ,أتاك,تَاكَ,20:9:2,فعل,0.900,أَتَاكَ (38:21) | أَتَاكَ (51:24)
تحي,6,وَيَسْتَحْيُونَ,ويستحيون,سْتَحْيُ,2:49:11,فعل,0.873,بِتَحِيَّةٍ (4:86) | وَيَسْتَحْيُونَ (7:141)
ترف,6,أُتْرِفُوا,أترفوا,أُتْرِفُ,11:116:23,افعل,1.000,مُتْرَفِيهَا (17:16) | أُتْرِفْتُمْ (21:13)
حبر,6,وَالْأَحْبَارُ,والأحبار,أَحْبَارُ,5:44:15,افعال,1.000,وَالْأَحْبَارُ (5:63) | أَحْبَارَهُمْ (9:31)
حرف,6,يُحَرِّفُونَهُ,يحرفونه,حَرِّفُونَ,2:75:13,فعل,1.000,يُحَرِّفُونَ (4:46) | يُحَرِّفُونَ (5:13)
حصد,6,حَصَادِهِ,حصاده,حَصَادِ,6:141:25,فعال,1.000,حَصِيدَاً (10:24) | وَحَصِيدٌ (11:100)
حمر,6,حِمَارِكَ,حمارك,حِمَارِ,2:259:45,فعال,1.000,وَالْحَمِيرَ (16:8) | الْحَمِيرِ (31:19)
ختصم,6,يَخْتَصِمُونَ,يختصمون,خْتَصِمُ,3:44:20,فعلل,0.697,يَخْتَصِمُونَ (26:96) | يَخْتَصِمُونَ (27:45)
خلط,6,تُخَالِطُوهُمْ,تخالطوهم,خَالِطُو,2:220:12,فاعلو,0.805,اخْتَلَطَ (6:146) | خَلَطُوا (9:102)
خلل,6,خُلَّةٌ,خلة,خُلَّ,2:254:16,فعل,0.973,خَلِيلَاً (4:125) | فَخَلُّوا (9:5)
دءب,6,كَدَأْبِ,كدأب,كَدَأْبِ,3:11:1,فعل,0.931,كَدَأْبِ (8:52) | كَدَأْبِ (8:54)
درس,6,تَدْرُسُونَ,تدرسون,دْرُسُ,3:79:28,فعل,0.920,دَرَسْتَ (6:105) | دِرَاسَتِهِمْ (6:156)
ذرء,6,ذَرَأَ,ذرأ,ذَرَأَ,6:136:4,فعل,1.000,ذَرَأْنَا (7:179) | ذَرَأَ (16:13)
ذرر,6,ذَرَّةٍ,ذرة,ذَرَّ,4:40:6,فعل,0.973,ذَرَّةٍ (10:61) | ذَرَّةٍ (34:3)
زلزل,6,وَزُلْزِلُوا,وزلزلوا,زُلْزِلُ,2:214:16,فعلل,0.957,زَلْزَلَةَ (22:1) | وَزُلْزِلُوا (33:11)
زيت,6,وَالزَّيْتُونَ,والزيتون,زَيْتُ,6:99:28,فعل,1.000,وَالزَّيْتُونَ (6:141) | وَالزَّيْتُونَ (16:11)
سدد,6,سَدِيدَاً,سديدا,سَدِيدَ,4:9:15,فعيل,1.000,السَّدَّيْنِ (18:93) | سَدَّاً (18:94)
سمر,6,السَّامِرِيُّ,السامري,سَامِرِيُّ,20:85:9,فاعل,0.957,السَّامِرِيُّ (20:87) | يَاسَامِرِيُّ (20:95)
صوف,6,أَصْوَافِهَا,أصوافها,أَصْوَافِ,16:80:19,افعال,1.000,صَوَافَّ (22:36) | صَافَّاتٍ (24:41)
صيد,6,الصَّيْدِ,الصيد,صَيْدِ,5:1:16,فعل,1.000,الصَّيْدِ (5:94) | الصَّيْدَ (5:95)
صيي,6,وَصِيَّةً,وصية,صِيَّ,2:240:6,فعل,0.846,وَصِيَّةٍ (4:11) | وَصِيَّةٍ (4:12)
ضوء,6,أَضَاءَتْ,أضاءت,أَضَاءَ,2:17:7,افعل,1.000,أَضَاءَ (2:20) | ضِيَاءً (10:5)
ضير,6,بِضَارِّينَ,بضارين,ضَارِّ,2:102:45,فعل,1.000,يُضَارَّ (2:282) | مُضَارٍّ (4:12)
ضيف,6,ضَيْفِي,ضيفي,ضَيْفِ,11:78:22,فعل,1.000,ضَيْفِ (15:51) | ضَيْفِي (15:68)
عمم,6,وَعَمَّاتُكُمْ,وعماتكم,عَمَّ,4:23:6,فعل,0.973,أَعْمَامِكُمْ (24:61) | عَمَّاتِكُمْ (24:61)
غاو,6,الْغَاوِينَ,الغاوين,غَاوِ,7:175:13,فعل,0.900,الْغَاوِينَ (15:42) | لِلْغَاوِينَ (26:91)
غرم,6,وَالْغَارِمِينَ,والغارمين,غَارِمِ,9:60:11,فاعل,1.000,مَغْرَمَاً (9:98) | غَرَامَاً (25:65)
فتد,6,افْتَدَتْ,افتدت,افْتَدَ,2:229:33,افعل,0.925,لِيَفْتَدُوا (5:36) | لَافْتَدَتْ (10:54)
فدي,6,تُفَادُوهُمْ,تفادوهم,فَادُو,2:85:18,فاعل,1.000,فِدْيَةٌ (2:184) | فَفِدْيَةٌ (2:196)
فرء,6,افْتِرَاءً,افتراء,افْتِرَاءً,6:138:21,افتعال,0.900,افْتِرَاءً (6:140) | أَفَرَأَيْتَ (19:77)
فرض,6,فَارِضٌ,فارض,فَارِضٌ,2:68:15,فاعل,1.000,تَفْرِضُوا (2:236) | مَفْرُوضَاً (4:7)
فيء,6,يَتَفَيَّأُ,يتفيأ,يَتَفَيَّأُ,16:48:9,تفعل,0.936,فَأْوُوا (18:16) | أَفَاءَ (33:50)
قءل,6,قَائِلُونَ,قائلون,قَائِلُ,7:4:10,فاعل,0.925,قَائِلٌ (12:10) | قَائِلٌ (18:19)
قصد,6,مُقْتَصِدَةٌ,مقتصدة,مُقْتَصِدَ,5:66:19,مفتعل,1.000,قَاصِدَاً (9:42) | قَصْدُ (16:9)
قمص,6,قَمِيصِهِ,قميصه,قَمِيصِ,12:18:3,فعيل,1.000,قَمِيصَهُ (12:25) | قَمِيصُهُ (12:26)
قنط,6,الْقَانِطِينَ,القانطين,قَانِطِ,15:55:7,فاعل,1.000,يَقْنَطُ (15:56) | يَقْنَطُونَ (30:36)
كءس,6,بِكَأْسٍ,بكأس,كَأْسٍ,37:45:3,فعل,1.000,كَأْسَاً (52:23) | وَكَأْسٍ (56:18)
كرر,6,كَرَّةً,كرة,كَرَّ,2:167:7,فعل,0.973,الْكَرَّةَ (17:6) | كَرَّةً (26:102)
كظم,6,وَالْكَاظِمِينَ,والكاظمين,كَاظِمِ,3:134:6,فاعل,1.000,كَظِيمٌ (12:84) | كَظِيمٌ (16:58)
كلب,6,مُكَلِّبِينَ,مكلبين,مُكَلِّبِ,5:4:13,مفعل,1.000,الْكَلْبِ (7:176) | وَكَلْبُهُمْ (18:18)
كهف,6,الْكَهْفِ,الكهف,كَهْفِ,18:9:5,فعل,1.000,الْكَهْفِ (18:10) | الْكَهْفِ (18:11)
كور,6,إِكْرَاهَ,إكراه,إِكْرَا,2:256:2,افعل,1.000,الْمَاكِرِينَ (3:54) | الْمَاكِرِينَ (8:30)
لحد,6,يُلْحِدُونَ,يلحدون,لْحِدُ,7:180:8,فعل,0.920,يُلْحِدُونَ (16:103) | مُلْتَحَدَاً (18:27)
لست,6,لَسْتَ,لست,لَسْتَ,4:94:16,فعل,0.900,لَسْتُ (6:66) | لَسْتَ (6:159)
مري,6,مِرْيَةٍ,مرية,مِرْيَ,11:17:29,فعل,1.000,مِرْيَةٍ (11:109) | مِرْيَةٍ (22:55)
مكك,6,مَكَّنَّاهُمْ,مكناهم,مَكَّ,6:6:9,فعل,0.973,مَكَّنَّاكُمْ (7:10) | مَكَّنَّاهُمْ (22:41)
ملق,6,إِمْلَاقٍ,إملاق,إِمْلَاقٍ,6:151:18,افعال,1.000,الْمُلْقِينَ (7:115) | مُلْقُونَ (10:80)
مني,6,يَتَمَنَّوْهُ,يتمنوه,يَتَمَنَّوْ,2:95:2,تفعل,0.961,يَأْمَنُوكُمْ (4:91) | أَوَأَمِنَ (7:98)
مور,6,تُمَارِ,تمار,تُمَارِ,18:22:24,تفعل,1.000,يُمَارُونَ (42:18) | تَمُورُ (52:9)
ميق,6,مِيقَاتُ,ميقات,مِيقَ,7:142:8,فعل,0.900,لِمِيقَاتِنَا (7:143) | لِمِيقَاتِنَا (7:155)
ميل,6,تَمِيلُوا,تميلوا,مِيلُ,4:27:11,فعل,1.000,مَيْلَاً (4:27) | فَيَمِيلُونَ (4:102)
ندد,6,أَنْدَادَاً,أندادا,أَنْدَادَ,2:22:21,افعال,1.000,أَنْدَادَاً (2:165) | أَنْدَادَاً (14:30)
نرى,6,نَرَى,نرى,نَرَى,2:55:8,فعل,1.000,نَرَى (2:144) | نَرَى (6:94)
نسك,6,مَنَاسِكَنَا,مناسكنا,مَنَاسِكَ,2:128:11,مفاعل,1.000,نُسُكٍ (2:196) | مَنَاسِكَكُمْ (2:200)
نوم,6,نَوْمٌ,نوم,نَوْمٌ,2:255:12,فعل,1.000,مَنَامِكَ (8:43) | وَالنَّوْمَ (25:47)
ورد,6,فَأَوْرَدَهُمُ,فأوردهم,أَوْرَدَ,11:98:5,افعل,1.000,الْوِرْدُ (11:98) | الْمَوْرُودُ (11:98)
يتق,6,يَتَّقِ,يتق,يَتَّقِ,12:90:16,فعل,0.900,وَيَتَّقْهِ (24:52) | يَتَّقِي (39:24)
يرث,6,مِيرَاثُ,ميراث,مِيرَاثُ,3:180:24,مفعال,0.880,يَرِثُهَا (4:176) | يَرِثُنِي (19:6)
يما,6,بِسِيمَاهُمْ,بسيماهم,يمَا,2:273:18,فعل,0.900,بِسِيمَاهُمْ (7:46) | بِسِيمَاهُمْ (7:48)
ءءم,5,أَئِمَّةَ,أئمة,أَئِمَّ,9:12:11,فعل,1.000,أَئِمَّةً (21:73) | أَئِمَّةً (28:5)
ءبو,5,وَلِأَبَوَيْهِ,ولأبويه,أَبَوَيْ,4:11:23,فعل,1.000,أَبَوَيْكُمْ (7:27) | أَبَوَيْكَ (12:6)
ءجء,5,أَجِئْتَنَا,أجئتنا,أَجِئْ,7:70:2,فعل,0.900,أَجِئْتَنَا (10:78) | أَجِئْتَنَا (20:57)
ءدد,5,يُؤَدِّهِ,يؤده,ؤَدِّ,3:75:8,فعل,0.973,تُؤَدُّوا (4:58) | إِدَّاً (19:89)
ءدر,5,أَدْرِي,أدري,أَدْرِ,21:109:8,فعل,0.900,أَدْرِي (21:111) | أَدْرِي (46:9)
ءسف,5,أَسِفَاً,أسفا,أَسِفَ,7:150:7,فعل,1.000,يَاأَسَفَى (12:84) | أَسَفَاً (18:6)
ءقو,5,وَاتَّقُوهُ,واتقوه,اتَّقُو,6:72:4,افتعل,1.000,وَاتَّقُوهُ (29:16) | وَاتَّقُوهُ (30:31)
ءمت,5,أَمُوتُ,أموت,أَمُوتُ,19:33:6,فعول,1.000,أَمْتَاً (20:107) | أُمَّتُكُمْ (21:92)
برد,5,بَرْدَاً,بردا,بَرْدَ,21:69:4,فعل,1.000,بَرَدٍ (24:43) | بَارِدٌ (38:42)
برق,5,وَإِسْتَبْرَقٍ,وإستبرق,إِسْتَبْرَقٍ,18:31:20,استفعل,0.983,وَإِسْتَبْرَقٍ (44:53) | إِسْتَبْرَقٍ (55:54)
بري,5,الْكِبْرِيَاءُ,الكبرياء,كِبْرِيَاءُ,10:78:10,فعلاء,0.915,الْكِبْرِيَاءُ (45:37) | تَبَرُّوهُمْ (60:8)
بصءر,5,بَصَائِرُ,بصائر,بَصَائِرُ,6:104:3,فعالل,0.846,بَصَائِرُ (7:203) | بَصَائِرَ (17:102)
بغض,5,الْبَغْضَاءُ,البغضاء,بَغْضَاءُ,3:118:17,فعلاء,1.000,وَالْبَغْضَاءَ (5:14) | وَالْبَغْضَاءَ (5:64)
بكم,5,بُكْمٌ,بكم,بُكْمٌ,2:18:2,فعل,1.000,بُكْمٌ (2:171) | وَبُكْمٌ (6:39)
بلس,5,مُبْلِسُونَ,مبلسون,مُبْلِسُ,6:44:20,مفعل,1.000,مُبْلِسُونَ (23:77) | يُبْلِسُ (30:12)
بنن,5,بَنِينَ,بنين,بَنِينَ,6:100:8,فعيل,1.000,بَنَانٍ (8:12) | بَنِينَ (16:72)
تذر,5,أَتَذَرُ,أتذر,تَذَرُ,7:127:6,فعل,0.900,تَذَرْنِي (21:89) | تَذَرُ (51:42)
ترا,5,تَرَانِي,تراني,تَرَا,7:143:14,فعل,1.000,وَتَرَاهُمْ (7:198) | وَتَرَاهُمْ (42:45)
ترب,5,أَتْرَابٌ,أتراب,أَتْرَابٌ,38:52:4,افعال,1.000,أَتْرَابَاً (56:37) | أَتْرَابَاً (78:33)
تزر,5,تَزِرُ,تزر,تَزِرُ,6:164:17,فعل,0.900,تَزِرُ (17:15) | تَزِرُ (35:18)
تطع,5,تُطِعِ,تطع,تُطِعِ,25:52:2,فعل,0.900,تُطِعِ (33:1) | تُطِعِ (33:48)
تور,5,تَارَةً,تارة,تَارَ,17:69:6,فعل,1.000,تَارَةً (20:55) | تَوَارَتْ (38:32)
ثبر,5,مَثْبُورَاً,مثبورا,مَثْبُورَ,17:102:15,مفعول,1.000,ثُبُورَاً (25:13) | ثُبُورَاً (25:14)
ثما,5,ثَمَانِيَةَ,ثمانية,ثَمَانِيَ,6:143:1,فعل,0.970,ثَمَانِيَ (28:27) | ثَمَانِيَةَ (39:6)
ثني,5,مَثْنَى,مثنى,مَثْنَى,4:3:13,مفعل,1.000,اثْنَيْ (5:12) | اثْنَانِ (5:106)
جثم,5,جَاثِمِينَ,جاثمين,جَاثِمِ,7:78:6,فاعل,1.000,جَاثِمِينَ (7:91) | جَاثِمِينَ (11:67)
جوع,5,وَالْجُوعِ,والجوع,جُوعِ,2:155:5,فعل,1.000,الْجُوعِ (16:112) | تَجُوعَ (20:118)
حرص,5,أَحْرَصَ,أحرص,أَحْرَصَ,2:96:2,افعل,1.000,حَرَصْتُمْ (4:129) | حَرِيصٌ (9:128)
حسد,5,حَسَدَاً,حسدا,حَسَدَ,2:109:12,فعل,1.000,يَحْسُدُونَ (4:54) | تَحْسُدُونَنَا (48:15)
حصب,5,حَاصِبَاً,حاصبا,حَاصِبَ,17:68:10,فاعل,1.000,حَصَبُ (21:98) | حَاصِبَاً (29:40)
حصر,5,أُحْصِرْتُمْ,أحصرتم,أُحْصِرْ,2:196:6,افعل,1.000,أُحْصِرُوا (2:273) | وَحَصُورَاً (3:39)
حطم,5,حُطَامَاً,حطاما,حُطَامَ,39:21:25,فعال,1.000,حُطَامَاً (56:65) | حُطَامَاً (57:20)
حلي,5,حُلِيِّهِمْ,حليهم,حُلِيِّ,7:148:7,فعل,1.000,حِلْيَةٍ (13:17) | حِلْيَةً (16:14)
حور,5,بِحُورٍ,بحور,حُورٍ,44:54:3,فعل,1.000,بِحُورٍ (52:20) | حُورٌ (55:72)
حيد,5,تَحِيدُ,تحيد,حِيدُ,50:19:9,فعل,1.000,يُحَادُّونَ (58:5) | يُحَادُّونَ (58:20)
خءن,5,لِلْخَائِنِينَ,للخائنين,خَائِنِ,4:105:14,فاعل,0.925,خَائِنَةٍ (5:13) | الْخَائِنِينَ (8:58)
ختر,5,وَاخْتَارَ,واختار,اخْتَارَ,7:155:1,افعال,1.000,اخْتَرْتُكَ (20:13) | وَيَخْتَارُ (28:68)
خرجو,5,فَتُخْرِجُوهُ,فتخرجوه,خْرِجُو,6:148:28,فعلل,0.765,يُخْرِجُوكَ (8:30) | لِيُخْرِجُوكَ (17:76)
خرص,5,يَخْرُصُونَ,يخرصون,خْرُصُ,6:116:18,فعل,0.920,تَخْرُصُونَ (6:148) | يَخْرُصُونَ (10:66)
خفت,5,خَفَّتْ,خفت,خَفَّتْ,7:9:2,فعل,1.000,يَتَخَافَتُونَ (20:103) | خَفَّتْ (23:103)
خون,5,تَخُونُوا,تخونوا,خُونُ,8:27:5,فعل,1.000,وَتَخُونُوا (8:27) | خِيَانَةً (8:58)
دخر,5,تَدَّخِرُونَ,تدخرون,دَّخِرُ,3:49:35,فعل,1.000,دَاخِرُونَ (16:48) | دَاخِرِينَ (27:87)
درء,5,فَادَّارَأْتُمْ,فادارأتم,ادَّارَأْ,2:72:4,افاعل,0.973,فَادْرَءُوا (3:168) | وَيَدْرَءُونَ (13:22)
دكك,5,دَكَّاً,دكا,دَكَّ,7:143:29,فعل,0.973,دَكَّاءَ (18:98) | دَكَّةً (69:14)
ذرع,5,ذَرْعَاً,ذرعا,ذَرْعَ,11:77:9,فعل,1.000,ذِرَاعَيْهِ (18:18) | ذَرْعَاً (29:33)
ذمم,5,ذِمَّةً,ذمة,ذِمَّ,9:8:10,فعل,0.973,ذِمَّةً (9:10) | مَذْمُومَاً (17:18)
ربط,5,وَرَابِطُوا,ورابطوا,رَابِطُ,3:200:6,فاعل,1.000,وَلِيَرْبِطَ (8:11) | رِبَاطِ (8:60)
رصد,5,مَرْصَدٍ,مرصد,مَرْصَدٍ,9:5:14,مفعل,1.000,وَإِرْصَادَاً (9:107) | رَصَدَاً (72:9)
رعب,5,الرُّعْبَ,الرعب,رُعْبَ,3:151:6,فعل,1.000,الرُّعْبَ (8:12) | رُعْبَاً (18:18)
رفق,5,رَفِيقَاً,رفيقا,رَفِيقَ,4:69:18,فعيل,1.000,الْمَرَافِقِ (5:6) | مِرْفَقَاً (18:16)
رمي,5,رَمَيْتَ,رميت,رَمَيْ,8:17:7,فعل,1.000,رَمَى (8:17) | تَرْمِي (77:32)
روع,5,رَاعِنَا,راعنا,رَاعِ,2:104:6,فعل,1.000,وَرَاعِنَا (4:46) | الرَّوْعُ (11:74)
زني,5,الزِّنَا,الزنا,زِنَا,17:32:3,فعل,1.000,الزَّانِيَةُ (24:2) | زَانِيَةً (24:3)
زهق,5,وَتَزْهَقَ,وتزهق,زْهَقَ,9:55:14,فعل,1.000,وَتَزْهَقَ (9:85) | وَزَهَقَ (17:81)
سبط,5,وَالْأَسْبَاطِ,والأسباط,أَسْبَاطِ,2:136:14,افعال,1.000,وَالْأَسْبَاطَ (2:140) | وَالْأَسْبَاطِ (3:84)
سجب,5,فَاسْتَجَبْتُمْ,فاستجبتم,اسْتَجَبْ,14:22:22,افتعل,0.658,فَاسْتَجَبْنَا (21:76) | فَاسْتَجَبْنَا (21:84)
سدس,5,السُّدُسُ,السدس,سُدُسُ,4:11:27,فعل,1.000,السُّدُسُ (4:12) | سَادِسُهُمْ (18:22)
سمم,5,سَمِّ,سم,سَمِّ,7:40:19,فعل,0.973,السَّمُومِ (15:27) | السَّمُومِ (52:27)
سهو,5,اسْتَهْوَتْهُ,استهوته,اسْتَهْوَ,6:71:19,افتعل,0.708,نَسُوهُ (7:53) | سَاهُونَ (51:11)
سول,5,سَوَّلَتْ,سولت,سَوَّلَ,12:18:8,فعل,1.000,سَوَّلَتْ (12:83) | فَسَالَتْ (13:17)
شرح,5,يَشْرَحْ,يشرح,شْرَحْ,6:125:6,فعل,0.920,شَرَحَ (16:106) | اشْرَحْ (20:25)
شرع,5,شِرْعَةً,شرعة,شِرْعَ,5:48:28,فعل,1.000,شُرَّعَاً (7:163) | شَرَعَ (42:13)
شطر,5,شَطْرَ,شطر,شَطْرَ,2:144:12,فعل,1.000,شَطْرَهُ (2:144) | شَطْرَ (2:149)
شهب,5,شِهَابٌ,شهاب,شِهَابٌ,15:18:6,فعال,1.000,بِشِهَابٍ (27:7) | شِهَابٌ (37:10)
شهو,5,الشَّهَوَاتِ,الشهوات,شَهَوَ,3:14:4,فعل,1.000,الشَّهَوَاتِ (4:27) | شَهْوَةً (7:81)
صبب,5,يُصَبُّ,يصب,صَبُّ,22:19:13,فعل,0.973,صُبُّوا (44:48) | صَبَبْنَا (80:25)
صدع,5,فَاصْدَعْ,فاصدع,صْدَعْ,15:94:1,فعل,0.920,يَصَّدَّعُونَ (30:43) | يُصَدَّعُونَ (56:19)
صدف,5,يَصْدِفُونَ,يصدفون,صْدِفُ,6:46:23,فعل,0.920,وَصَدَفَ (6:157) | يَصْدِفُونَ (6:157)
صرر,5,صِرٌّ,صر,صِرٌّ,3:117:11,فعل,0.973,يُصِرُّوا (3:135) | يُصِرُّ (45:8)
صفر,5,صَفْرَاءُ,صفراء,صَفْرَاءُ,2:69:14,فعلاء,1.000,مُصْفَرَّاً (30:51) | مُصْفَرَّاً (39:21)
صنم,5,أَصْنَامَاً,أصناما,أَصْنَامَ,6:74:7,افعال,1.000,أَصْنَامٍ (7:138) | الْأَصْنَامَ (14:35)
طرد,5,تَطْرُدِ,تطرد,طْرُدِ,6:52:2,فعل,0.920,فَتَطْرُدَهُمْ (6:52) | بِطَارِدِ (11:29)
طمس,5,نَطْمِسَ,نطمس,طْمِسَ,4:47:14,فعل,1.000,اطْمِسْ (10:88) | لَطَمَسْنَا (36:66)
عتب,5,يُسْتَعْتَبُونَ,يستعتبون,سْتَعْتَبُ,16:84:14,فعل,0.892,يُسْتَعْتَبُونَ (30:57) | يَسْتَعْتِبُوا (41:24)
عتذر,5,تَعْتَذِرُوا,تعتذروا,عْتَذِرُ,9:66:2,فعلل,0.697,يَعْتَذِرُونَ (9:94) | تَعْتَذِرُوا (9:94)
عصب,5,عَصِيبٌ,عصيب,عَصِيبٌ,11:77:13,فعيل,1.000,عُصْبَةٌ (12:8) | عُصْبَةٌ (12:14)
عصر,5,إِعْصَارٌ,إعصار,إِعْصَارٌ,2:266:25,افعال,1.000,أَعْصِرُ (12:36) | يَعْصِرُونَ (12:49)
عطء,5,عَطَاءً,عطاء,عَطَاءً,11:108:16,فعال,0.925,عَطَاءِ (17:20) | عَطَاءُ (17:20)
عند,5,عَنِيدٍ,عنيد,عَنِيدٍ,11:59:12,فعيل,1.000,عَنِيدٍ (14:15) | عَنِيدٍ (50:24)
غرت,5,وَغَرَّتْهُمُ,وغرتهم,غَرَّتْ,6:70:7,فعل,0.900,وَغَرَّتْهُمُ (6:130) | وَغَرَّتْهُمُ (7:51)
غرن,5,يَغُرَّنَّكَ,يغرنك,غُرَّنَّ,3:196:2,فعل,0.900,تَغُرَّنَّكُمُ (31:33) | يَغُرَّنَّكُمْ (31:33)
فرش,5,فِرَاشَاً,فراشا,فِرَاشَ,2:22:5,فعال,1.000,وَفَرْشَاً (6:142) | فُرُشٍ (55:54)
فرغ,5,أَفْرِغْ,أفرغ,أَفْرِغْ,2:250:7,افعل,1.000,أَفْرِغْ (7:126) | أُفْرِغْ (18:96)
فليء,5,فَلْيَأْتِكُمْ,فليأتكم,فَلْيَأْ,18:19:31,فعلل,0.832,فَلْيَأْتِنَا (21:5) | فَلْيَأْتُوا (52:34)
فمن,5,أَفَتُؤْمِنُونَ,أفتؤمنون,أَفَتُؤْمِنُ,2:85:23,فتاعل,0.505,أَفَأَمِنَ (7:97) | أَفَأَمِنُوا (7:99)
فوج,5,فَوْجَاً,فوجا,فَوْجَ,27:83:6,فعل,1.000,فَوْجٌ (38:59) | فَوْجٌ (67:8)
فوق,5,نَافَقُوا,نافقوا,افَقُ,3:167:3,فعل,0.880,تَوْفِيقِي (11:88) | الْآفَاقِ (41:53)
قتر,5,الْمُقْتِرِ,المقتر,مُقْتِرِ,2:236:19,مفعل,1.000,قَتَرٌ (10:26) | قَتُورَاً (17:100)
قرع,5,قَارِعَةٌ,قارعة,قَارِعَ,13:31:37,فاعل,1.000,بِالْقَارِعَةِ (69:4) | الْقَارِعَةُ (101:1)
قطر,5,قَطِرَانٍ,قطران,قَطِرَانٍ,14:50:3,فعلان,1.000,قِطْرَاً (18:96) | أَقْطَارِهَا (33:14)
قفو,5,وَقَفَّيْنَا,وقفينا,قَفَّيْ,2:87:5,فعل,1.000,وَقَفَّيْنَا (5:46) | وَقِفُوهُمْ (37:24)
كمل,5,وَلِتُكْمِلُوا,ولتكملوا,كْمِلُ,2:185:36,فعل,0.920,كَامِلَةٌ (2:196) | كَامِلَيْنِ (2:233)
كوكب,5,كَوْكَبَاً,كوكبا,كَوْكَبَ,6:76:6,فعلل,0.957,كَوْكَبَاً (12:4) | كَوْكَبٌ (24:35)
لات,5,يَاوَيْلَتَا,ياويلتا,وَيْلَتَا,5:31:13,يفعل,0.824,لَآتِيَنَّهُمْ (7:17) | كِلْتَا (18:33)
لتء,5,لَتَأْتُونَ,لتأتون,لَتَأْتُ,7:81:2,فعل,0.873,لَتَأْتُنَّنِي (12:66) | لَتَأْتُونَ (27:55)
لرب,5,لِرَبِّ,لرب,لِرَبِّ,2:131:8,فعل,0.900,لِرَبِّ (6:71) | أَلِرَبِّكَ (37:149)
لغن,5,فَبَلَغْنَ,فبلغن,بَلَغْنَ,2:231:4,فعل,0.810,فَبَلَغْنَ (2:232) | بَلَغْنَ (2:234)
لمت,5,كَلِمَتُ,كلمت,كَلِمَتُ,6:115:2,فعل,0.810,كَلِمَتُ (7:137) | كَلِمَتُ (10:33)
لمس,5,لَامَسْتُمُ,لامستم,لَامَسْ,4:43:33,فاعل,1.000,لَامَسْتُمُ (5:6) | لَمَسَّكُمْ (8:68)
محل,5,مَحِلَّهُ,محله,مَحِلَّ,2:196:17,فعل,1.000,مُحِلِّي (5:1) | الْمِحَالِ (13:13)
محو,5,وَمَحْيَايَ,ومحياي,مَحْيَا,6:162:5,فعيل,1.000,يَمْحُو (13:39) | فَمَحَوْنَا (17:12)
مست,5,مَسَّتْهُمُ,مستهم,مَسَّتْ,2:214:13,فعل,0.900,مَسَّتْهُمْ (10:21) | مَسَّتْهُ (11:10)
مقت,5,وَمَقْتَاً,ومقتا,مَقْتَ,4:22:15,فعل,1.000,مَقْتَاً (35:39) | مَقْتَاً (40:35)
ملت,5,مِلَّتَهُمْ,ملتهم,مِلَّتَ,2:120:9,فعل,0.900,مِلَّتِنَا (7:88) | مِلَّتِكُمْ (7:89)
ملم,5,مَلُومَاً,ملوما,مَلُومَ,17:29:12,فعول,0.925,مَلُومَاً (17:39) | مَلُومِينَ (23:6)
ملي,5,نُمْلِي,نملي,مْلِي,3:178:6,فعل,1.000,تُمْلَى (25:5) | الْمُلُوكَ (27:34)
منن,5,تَمَنَّى,تمنى,تَمَنَّى,22:52:11,فعلى,1.000,فَامْنُنْ (38:39) | تَمُنُّوا (49:17)
نسف,5,لَنَنْسِفَنَّهُ,لننسفنه,لَنَنْسِفَنَّ,20:97:25,نفعلن,0.638,نَسْفَاً (20:97) | يَنْسِفُهَا (20:105)
نصف,5,فَنِصْفُ,فنصف,نِصْفُ,2:237:11,فعل,1.000,النِّصْفُ (4:11) | نِصْفُ (4:12)
نعد,5,نَعُودَ,نعود,نَعُودَ,7:89:19,فعول,0.925,نَعِدُهُمْ (10:46) | نَعِدُهُمْ (13:40)
نفد,5,يَنْفَدُ,ينفد,نْفَدُ,16:96:3,فعل,0.920,لَنَفِدَ (18:109) | تَنْفَدَ (18:109)
نكث,5,يَنْكُثُونَ,ينكثون,نْكُثُ,7:135:11,فعل,0.920,أَنْكَاثَاً (16:92) | يَنْكُثُونَ (43:50)
نكل,5,نَكَالَاً,نكالا,نَكَالَ,2:66:2,فعال,1.000,تَنْكِيلَاً (4:84) | نَكَالَاً (5:38)
ننت,5,سُنَّتُ,سنت,نَّتُ,8:38:15,فعل,0.752,سُنَّتَ (35:43) | لِسُنَّتِ (35:43)
هيء,5,كَهَيْئَةِ,كهيئة,كَهَيْئَ,3:49:16,فعل,0.931,كَهَيْئَةِ (5:110) | هَوَاءٌ (14:43)
واص,5,أَتَوَاصَوْا,أتواصوا,وَاصَ,51:53:1,فعل,0.900,وَتَوَاصَوْا (90:17) | وَتَوَاصَوْا (103:3)
وبق,5,بَاقٍ,باق,بَاقٍ,16:96:7,فعل,0.990,مَوْبِقَاً (18:52) | الْبَاقِينَ (26:120)
وحش,5,الْفَوَاحِشَ,الفواحش,فَوَاحِشَ,6:151:24,فاعل,1.000,الْفَوَاحِشَ (7:33) | وَالْفَوَاحِشَ (42:37)
وزع,5,يُوزَعُونَ,يوزعون,وزَعُ,27:17:9,فعل,0.920,أَوْزِعْنِي (27:19) | يُوزَعُونَ (27:83)
وسوس,5,فَوَسْوَسَ,فوسوس,وَسْوَسَ,7:20:1,فعلل,0.957,فَوَسْوَسَ (20:120) | تُوَسْوِسُ (50:16)
وصل,5,يُوصَلَ,يوصل,يُوصَلَ,2:27:14,يفعل,0.957,وَصِيلَةٍ (5:103) | يُوصَلَ (13:21)
وطء,5,لِيُوَاطِئُوا,ليواطئوا,وَاطِئُ,9:37:14,فاعل,1.000,مَوْطِئَاً (9:120) | تَطَئُوهَا (33:27)
وقي,5,فَوَقَاهُ,فوقاه,وَقَا,40:45:1,فعل,1.000,وَوَقَاهُمْ (44:56) | وَوَقَاهُمْ (52:18)
يعظ,5,يَعِظُكُمْ,يعظكم,يَعِظُ,2:231:36,فعل,0.900,يَعِظُكُمْ (4:58) | يَعِظُكُمْ (16:90)
ءته,4,نُؤْتِهِ,نؤته,ؤْتِهِ,3:145:15,فعل,0.800,يَأْتِهِ (20:75) | نُؤْتِهِ (42:20)
ءحل,4,وَأَحَلَّ,وأحل,أَحَلَّ,2:275:21,فعل,1.000,أَحَلَّ (5:87) | أَحَلَّنَا (35:35)
ءرو,4,فَأَرُونِي,فأروني,أَرُو,31:11:4,فعل,1.000,أَرُونِيَ (34:27) | أَرُونِي (35:40)
ءزك,4,أَزْكَى,أزكى,أَزْكَى,2:232:26,فعلى,1.000,أَزْكَى (18:19) | أَزْكَى (24:28)
ءصر,4,إِصْرَاً,إصرا,إِصْرَ,2:286:24,فعل,1.000,إِصْرِي (3:81) | إِصْرَهُمْ (7:157)
ءصو,4,الْأَصْوَاتُ,الأصوات,أَصْوَ,20:108:8,فعل,0.900,الْأَصْوَاتِ (31:19) | أَصْوَاتَكُمْ (49:2)
ءظن,4,لَأَظُنُّكَ,لأظنك,لَأَظُنُّ,17:101:16,فعل,1.000,لَأَظُنُّكَ (17:102) | لَأَظُنُّهُ (28:38)
ءعط,4,أُعْطُوا,أعطوا,أُعْطُ,9:58:7,فعل,0.900,أَعْطَى (20:50) | وَأَعْطَى (53:34)
ءفل,4,أَفَلَ,أفل,أَفَلَ,6:76:11,فعل,1.000,الْآفِلِينَ (6:76) | أَفَلَ (6:77)
ءهم,4,أَهَمَّتْهُمْ,أهمتهم,أَهَمَّ,3:154:14,فعل,1.000,أَهُمْ (37:11) | أَهُمْ (43:32)
بءر,4,كَبَائِرَ,كبائر,كَبَائِرَ,4:31:3,فاعل,0.957,وَبِئْرٍ (22:45) | كَبَائِرَ (42:37)
بضر,4,بِضُرٍّ,بضر,بِضُرٍّ,6:17:4,فعل,0.800,بِضُرٍّ (10:107) | بِضُرٍّ (36:23)
بمء,4,بِمَاءٍ,بماء,بِمَاءٍ,13:4:14,فعال,0.925,بِمَاءٍ (18:29) | بِمَاءٍ (54:11)
تءس,4,تَأْسَ,تأس,تَأْسَ,5:26:11,فعل,0.900,تَأْسَ (5:68) | تَبْتَئِسْ (11:36)
تدع,4,تَدْعُ,تدع,تَدْعُ,10:106:2,فعل,0.900,تَدْعُ (26:213) | تَدْعُ (28:88)
تسع,4,تِسْعَ,تسع,تِسْعَ,17:101:4,فعل,1.000,تِسْعَاً (18:25) | تِسْعِ (27:12)
تضع,4,وَتَضَعُ,وتضع,تَضَعُ,22:2:8,فعل,0.900,تَضَعُ (35:11) | تَضَعُ (41:47)
تغن,4,تُغْنِ,تغن,تُغْنِ,9:25:13,فعل,0.900,تَغْنَ (10:24) | تُغْنِ (36:23)
ثقف,4,ثَقِفْتُمُوهُمْ,ثقفتموهم,ثَقِفْ,2:191:3,فعل,1.000,ثُقِفُوا (3:112) | ثَقِفْتُمُوهُمْ (4:91)
جءر,4,جَائِرٌ,جائر,جَائِرٌ,16:9:6,فاعل,1.000,تَجْأَرُونَ (16:53) | يَجْأَرُونَ (23:64)
جدر,4,وَأَجْدَرُ,وأجدر,أَجْدَرُ,9:97:5,افعل,1.000,جِدَارَاً (18:77) | الْجِدَارُ (18:82)
جرح,4,الْجَوَارِحِ,الجوارح,جَوَارِحِ,5:4:12,فواعل,0.973,وَالْجُرُوحَ (5:45) | جَرَحْتُمْ (6:60)
جسد,4,جَسَدَاً,جسدا,جَسَدَ,7:148:9,فعل,1.000,جَسَدَاً (20:88) | جَسَدَاً (21:8)
جلل,4,تَجَلَّى,تجلى,تَجَلَّى,7:143:25,فعلى,1.000,الْجَلَالِ (55:27) | الْجَلَالِ (55:78)
جنح,4,بِجَنَاحَيْهِ,بجناحيه,جَنَاحَيْ,6:38:9,فعال,1.000,جَنَحُوا (8:61) | فَاجْنَحْ (8:61)
جهز,4,جَهَّزَهُمْ,جهزهم,جَهَّزَ,12:59:2,فعل,1.000,بِجَهَازِهِمْ (12:59) | جَهَّزَهُمْ (12:70)
حسس,4,فَتَحَسَّسُوا,فتحسسوا,تَحَسَّسُ,12:87:3,فعل,1.000,تُحِسُّ (19:98) | أَحَسُّوا (21:12)
حمء,4,حَمَإٍ,حمإ,حَمَإٍ,15:26:7,فعل,1.000,حَمَإٍ (15:28) | حَمَإٍ (15:33)
حيض,4,الْمَحِيضِ,المحيض,مَحِيضِ,2:222:3,مفعل,0.977,الْمَحِيضِ (65:4) | تَحَاضُّونَ (89:18)
خدع,4,يُخَادِعُونَ,يخادعون,خَادِعُ,2:9:1,فاعل,1.000,يَخْدَعُونَ (2:9) | يُخَادِعُونَ (4:142)
خرق,4,وَخَرَقُوا,وخرقوا,خَرَقُ,6:100:6,فعل,1.000,تَخْرِقَ (17:37) | خَرَقَهَا (18:71)
خسء,4,خَاسِئِينَ,خاسئين,خَاسِئِ,2:65:12,فاعل,1.000,خَاسِئِينَ (7:166) | اخْسَئُوا (23:108)
خفض,4,وَاخْفِضْ,واخفض,خْفِضْ,15:88:13,فعل,0.920,وَاخْفِضْ (17:24) | وَاخْفِضْ (26:215)
خيب,4,وَخَابَ,وخاب,خَابَ,14:15:2,فعل,1.000,خَابَ (20:61) | خَابَ (20:111)
دحر,4,مَدْحُورَاً,مدحورا,مَدْحُورَ,7:18:5,مفعول,1.000,مَدْحُورَاً (17:18) | مَدْحُورَاً (17:39)
دحض,4,لِيُدْحِضُوا,ليدحضوا,دْحِضُ,18:56:11,فعل,0.920,الْمُدْحَضِينَ (37:141) | لِيُدْحِضُوا (40:5)
ددع,4,يَدَّعُونَ,يدعون,دَّعُ,36:57:6,فعل,0.752,تَدَّعُونَ (41:31) | تَدَّعُونَ (67:27)
دهن,4,بِالدُّهْنِ,بالدهن,دُهْنِ,23:20:7,فعل,1.000,كَالدِّهَانِ (55:37) | تُدْهِنُ (68:9)
دوا,4,وَدُّوا,ودوا,دُّوا,3:118:12,فعل,1.000,وَدُّوا (4:89) | وَدُّوا (68:9)
دوب,4,الدَّوَابِّ,الدواب,دَوَابِّ,8:22:3,فعال,0.925,الدَّوَابِّ (8:55) | وَالدَّوَابُّ (22:18)
ذءق,4,ذَائِقَةُ,ذائقة,ذَائِقَ,3:185:3,فاعل,0.925,ذَائِقَةُ (21:35) | ذَائِقَةُ (29:57)
رتل,4,وَرَتَّلْنَاهُ,ورتلناه,رَتَّلْ,25:32:14,فعل,1.000,تَرْتِيلَاً (25:32) | وَرَتِّلِ (73:4)
رحب,4,رَحُبَتْ,رحبت,رَحُبَ,9:25:20,فعل,1.000,رَحُبَتْ (9:118) | مَرْحَبَاً (38:59)
رحل,4,رِحَالِهِمْ,رحالهم,رِحَالِ,12:62:6,فعال,1.000,رَحْلِ (12:70) | رَحْلِهِ (12:75)
ردن,4,أَرَدْنَ,أردن,أَرَدْنَ,24:33:34,افعل,0.925,تُرِدْنَ (33:28) | تُرِدْنَ (33:29)
رذل,4,أَرَاذِلُنَا,أراذلنا,أَرَاذِلُ,11:27:18,افاعل,0.973,أَرْذَلِ (16:70) | أَرْذَلِ (22:5)
ررط,4,فَرَّطْنَا,فرطنا,رَّطْ,6:31:16,فعل,0.752,فَرَّطْنَا (6:38) | فَرَّطْتُمْ (12:80)
رعي,4,رَعَوْهَا,رعوها,رَعَوْ,57:27:29,فعل,1.000,رِعَايَتِهَا (57:27) | وَمَرْعَاهَا (79:31)
ركن,4,رُكْنٍ,ركن,رُكْنٍ,11:80:10,فعل,1.000,تَرْكَنُوا (11:113) | تَرْكَنُ (17:74)
روم,4,يَرْمِ,يرم,يَرْمِ,4:112:7,فعل,0.990,كِرَامَاً (25:72) | الرُّومُ (30:2)
زجر,4,فَالزَّاجِرَاتِ,فالزاجرات,زَاجِرَ,37:2:1,فاعل,1.000,زَجْرَاً (37:2) | زَجْرَةٌ (37:19)
زخرف,4,زُخْرُفَ,زخرف,زُخْرُفَ,6:112:13,فعلل,0.957,زُخْرُفَهَا (10:24) | زُخْرُفٍ (17:93)
زكك,4,يُزَكُّونَ,يزكون,زَكُّ,4:49:5,فعل,0.846,يُزَكِّي (4:49) | يُزَكِّي (24:21)
زوغ,4,زَاغَتْ,زاغت,زَاغَ,38:63:4,فعل,1.000,زَاغَ (53:17) | زَاغُوا (61:5)
سجر,4,اسْتَجَارَكَ,استجارك,اسْتَجَارَ,9:6:5,افتعال,0.977,يُسْجَرُونَ (40:72) | الْمَسْجُورِ (52:6)
سجل,4,سِجِّيلٍ,سجيل,سِجِّيلٍ,11:82:11,فعيل,1.000,سِجِّيلٍ (15:74) | السِّجِلِّ (21:104)
سحت,4,لِلسُّحْتِ,للسحت,سُّحْتِ,5:42:4,فعل,1.000,السُّحْتَ (5:62) | السُّحْتَ (5:63)
سخط,4,بِسَخَطٍ,بسخط,سَخَطٍ,3:162:7,فعل,1.000,سَخِطَ (5:80) | يَسْخَطُونَ (9:58)
سدر,4,سِدْرٍ,سدر,سِدْرٍ,34:16:15,فعل,1.000,سِدْرَةِ (53:14) | السِّدْرَةَ (53:16)
سرب,4,وَسَارِبٌ,وسارب,سَارِبٌ,13:10:13,فاعل,1.000,سَرَبَاً (18:61) | كَسَرَابٍ (24:39)
سرج,4,سِرَاجَاً,سراجا,سِرَاجَ,25:61:9,فعال,1.000,وَسِرَاجَاً (33:46) | سِرَاجَاً (71:16)
سري,4,سَأُرِيكُمْ,سأريكم,سَأُرِي,7:145:18,فاعل,0.977,وَأَسَرُّوهُ (12:19) | سَرِيَّاً (19:24)
سعذ,4,فَاسْتَعِذْ,فاستعذ,اسْتَعِذْ,7:200:6,افتعل,0.658,فَاسْتَعِذْ (16:98) | فَاسْتَعِذْ (40:56)
سفح,4,مُسَافِحِينَ,مسافحين,مُسَافِحِ,4:24:21,مفاعل,1.000,مُسَافِحَاتٍ (4:25) | مُسَافِحِينَ (5:5)
سفن,4,السَّفِينَةِ,السفينة,سَفِينَ,18:71:6,فعيل,1.000,السَّفِينَةُ (18:79) | سَفِينَةٍ (18:79)
سقف,4,السَّقْفُ,السقف,سَقْفُ,16:26:13,فعل,1.000,سَقْفَاً (21:32) | سُقُفَاً (43:33)
سلح,4,أَسْلِحَتَهُمْ,أسلحتهم,أَسْلِحَ,4:102:12,افعل,1.000,وَأَسْلِحَتَهُمْ (4:102) | أَسْلِحَتِكُمْ (4:102)
سلي,4,وَالسَّلْوَى,والسلوى,سَلْوَى,2:57:7,فعول,1.000,وَالسَّلْوَى (7:160) | وَالسَّلْوَى (20:80)
سمن,4,سِمَانٍ,سمان,سِمَانٍ,12:43:7,فعال,1.000,سِمَانٍ (12:46) | سَمِينٍ (51:26)
سوف,4,لَسَوْفَ,لسوف,لَسَوْفَ,19:66:6,فعل,0.931,فَلَسَوْفَ (26:49) | وَلَسَوْفَ (92:21)
شءن,4,شَأْنٍ,شأن,شَأْنٍ,10:61:4,فعل,1.000,شَأْنِهِمْ (24:62) | شَأْنٍ (55:29)
شتت,4,شَتَّى,شتى,شَتَّى,20:53:19,فعلى,1.000,أَشْتَاتَاً (24:61) | شَتَّى (59:14)
شفء,4,وَشِفَاءٌ,وشفاء,شِفَاءٌ,10:57:8,فعال,0.925,شِفَاءٌ (16:69) | شِفَاءٌ (17:82)
شفي,4,شَفَا,شفا,شَفَا,3:103:22,فعل,1.000,وَيَشْفِ (9:14) | شَفَا (9:109)
شوب,4,تَشَابَهَ,تشابه,تَشَابَ,2:70:11,تفعل,1.000,تَشَابَهَ (3:7) | فَتَشَابَهَ (13:16)
شيخ,4,شَيْخَاً,شيخا,شَيْخَ,11:72:8,فعل,1.000,شَيْخَاً (12:78) | شَيْخٌ (28:23)
صدو,4,صَدُّوكُمْ,صدوكم,صَدُّو,5:2:32,فعل,1.000,وَتَصْدِيَةً (8:35) | تَصُدُّونَا (14:10)
صرح,4,الصَّرْحَ,الصرح,صَرْحَ,27:44:4,فعل,1.000,صَرْحٌ (27:44) | صَرْحَاً (28:38)
صرخ,4,بِمُصْرِخِكُمْ,بمصرخكم,مُصْرِخِ,14:22:30,مفعل,1.000,بِمُصْرِخِيَّ (14:22) | يَسْتَصْرِخُهُ (28:18)
ضلو,4,يُضِلُّوكَ,يضلوك,ضِلُّو,4:113:10,فعل,0.900,يُضِلُّوكَ (6:116) | أَضَلُّونَا (7:38)
طبق,4,طِبَاقَاً,طباقا,طِبَاقَ,67:3:5,فعال,1.000,طِبَاقَاً (71:15) | طَبَقَاً (84:19)
طعن,4,أَطَعْنَكُمْ,أطعنكم,أَطَعْنَ,4:34:31,افعل,1.000,وَطَعْنَاً (4:46) | وَطَعَنُوا (9:12)
طفل,4,طِفْلَاً,طفلا,طِفْلَ,22:5:37,فعل,1.000,الطِّفْلِ (24:31) | الْأَطْفَالُ (24:59)
طلب,4,يَطْلُبُهُ,يطلبه,طْلُبُ,7:54:18,فعل,0.920,طَلَبَاً (18:41) | الطَّالِبُ (22:73)
طوق,4,يُطِيقُونَهُ,يطيقونه,يُطِيقُونَ,2:184:16,فعل,1.000,طَاقَةَ (2:249) | طَاقَةَ (2:286)
طوي,4,طُوَىً,طوى,طُوَىً,20:12:9,فعل,1.000,نَطْوِي (21:104) | مَطْوِيَّاتٌ (39:67)
عتو,4,عِتِيَّاً,عتيا,عِتِيَّ,19:8:14,فعل,1.000,عِتِيَّاً (19:69) | عُتُوٍّ (67:21)
عجلن,4,وَيَسْتَعْجِلُونَكَ,ويستعجلونك,سْتَعْجِلُونَكَ,13:6:1,فعلول,0.716,وَيَسْتَعْجِلُونَكَ (22:47) | وَيَسْتَعْجِلُونَكَ (29:53)
عجم,4,أَعْجَمِيٌّ,أعجمي,أَعْجَمِيٌّ,16:103:12,افعل,0.957,الْأَعْجَمِينَ (26:198) | أَعْجَمِيَّاً (41:44)
عدت,4,بِعِدَّتِهِمْ,بعدتهم,عِدَّتِ,18:22:18,فعل,0.900,لِعِدَّتِهِنَّ (65:1) | فَعِدَّتُهُنَّ (65:4)
عقم,4,عَقِيمٍ,عقيم,عَقِيمٍ,22:55:16,فعيل,1.000,عَقِيمَاً (42:50) | عَقِيمٌ (51:29)
عنت,4,لَعْنَتَ,لعنت,لَعْنَتَ,3:61:22,فعل,0.931,الْعَنَتَ (4:25) | وَعَنَتِ (20:111)
عور,4,عَوْرَاتِ,عورات,عَوْرَ,24:31:61,فعل,1.000,عَوْرَاتٍ (24:58) | عَوْرَةٌ (33:13)
غءب,4,غَائِبِينَ,غائبين,غَائِبِ,7:7:6,فاعل,0.925,الْغَائِبِينَ (27:20) | غَائِبَةٍ (27:75)
غسق,4,غَسَقِ,غسق,غَسَقِ,17:78:6,فعل,1.000,وَغَسَّاقٌ (38:57) | وَغَسَّاقَاً (78:25)
غمر,4,غَمَرَاتِ,غمرات,غَمَرَ,6:93:28,فعل,1.000,غَمْرَتِهِمْ (23:54) | غَمْرَةٍ (23:63)
غنم,4,مَغَانِمُ,مغانم,مَغَانِمُ,4:94:24,مفاعل,1.000,مَغَانِمَ (48:15) | وَمَغَانِمَ (48:19)
فءز,4,الْفَائِزُونَ,الفائزون,فَائِزُ,9:20:16,فاعل,0.925,الْفَائِزُونَ (23:111) | الْفَائِزُونَ (24:52)
فرج,4,فَرْجَهَا,فرجها,فَرْجَ,21:91:3,فعل,1.000,لِفُرُوجِهِمْ (23:5) | فَرْجَهَا (66:12)
فرط,4,يُفَرِّطُونَ,يفرطون,فَرِّطُ,6:61:17,فعل,1.000,مُفْرَطُونَ (16:62) | فُرُطَاً (18:28)
فزع,4,الْفَزَعُ,الفزع,فَزَعُ,21:103:3,فعل,1.000,فَفَزِعَ (27:87) | فَزَعٍ (27:89)
فطر,4,يَتَفَطَّرْنَ,يتفطرن,يَتَفَطَّرْنَ,19:90:3,يتفعلن,0.765,يَتَفَطَّرْنَ (42:5) | مُنْفَطِرٌ (73:18)
فوت,4,تَوَفَّتْهُ,توفته,وَفَّتْ,6:61:13,فعل,0.990,تَوَفَّتْهُمُ (47:27) | تَفَاوُتٍ (67:3)
فور,4,فَوْرِهِمْ,فورهم,فَوْرِ,3:125:7,فعل,1.000,وَفَارَ (11:40) | وَفَارَ (23:27)
فوم,4,وَفُومِهَا,وفومها,فُومِ,2:61:20,فعل,1.000,فِيمَ (4:97) | أَفَمَا (37:58)
قتلو,4,تَقْتُلُوهُمْ,تقتلوهم,قْتُلُو,8:17:2,فعلل,0.765,يَقْتُلُوكَ (8:30) | تَقْتُلُوهُ (28:9)
قسو,4,قَسْوَةً,قسوة,قَسْوَ,2:74:11,فعل,1.000,قَاسِيَةً (5:13) | وَالْقَاسِيَةِ (22:53)
قصو,4,الْقُصْوَى,القصوى,قُصْوَى,8:42:7,فعول,1.000,يَنْقُصُوكُمْ (9:4) | قَصِيَّاً (19:22)
قلد,4,الْقَلَائِدَ,القلائد,قَلَائِدَ,5:2:14,فعاءل,0.973,وَالْقَلَائِدَ (5:97) | مَقَالِيدُ (39:63)
قلم,4,أَقْلَامَهُمْ,أقلامهم,أَقْلَامَ,3:44:12,افعال,1.000,أَقْلَامٌ (31:27) | وَالْقَلَمِ (68:1)
قنطر,4,وَالْقَنَاطِيرِ,والقناطير,قَنَاطِيرِ,3:14:8,فعاليل,0.983,الْمُقَنْطَرَةِ (3:14) | بِقِنْطَارٍ (3:75)
قوت,4,مُقِيتَاً,مقيتا,مُقِيتَ,4:85:22,مفعل,1.000,قُوَّتِكُمْ (11:52) | بَقِيَّتُ (11:86)
كبت,4,يَكْبِتَهُمْ,يكبتهم,كْبِتَ,3:127:7,فعل,1.000,فَكُبَّتْ (27:90) | كُبِتُوا (58:5)
كرب,4,كَرْبٍ,كرب,كَرْبٍ,6:64:7,فعل,1.000,الْكَرْبِ (21:76) | الْكَرْبِ (37:76)
كسو,4,نَكْسُوهَا,نكسوها,كْسُو,2:259:55,فعل,1.000,وَاكْسُوهُمْ (4:5) | فَكَسَوْنَا (23:14)
كعب,4,الْكَعْبَيْنِ,الكعبين,كَعْبَ,5:6:17,فعل,1.000,الْكَعْبَةِ (5:95) | الْكَعْبَةَ (5:97)
كنت,4,وَكَانَتِ,وكانت,كَانَتِ,19:5:6,فاعل,0.925,وَكَانَتِ (19:8) | كَانَتِ (69:27)
كوب,4,وَأَكْوَابٍ,وأكواب,أَكْوَابٍ,43:71:6,افعال,1.000,بِأَكْوَابٍ (56:18) | وَأَكْوَابٍ (76:15)
لجء,4,مَلْجَأً,ملجأ,مَلْجَأً,9:57:3,مفعل,1.000,مَلْجَأَ (9:118) | لَجَاءَهُمُ (29:53)
لكت,4,مَلَكُوتَ,ملكوت,مَلَكُوتَ,6:75:4,مفعول,0.880,مَلَكُوتِ (7:185) | مَلَكُوتُ (23:88)
لمح,4,كَلَمْحِ,كلمح,كَلَمْحِ,16:77:9,فعل,0.931,لَمُحْيِي (30:50) | لَمُحْيِي (41:39)
لمز,4,يَلْمِزُكَ,يلمزك,لْمِزُ,9:58:3,فعل,0.920,يَلْمِزُونَ (9:79) | تَلْمِزُوا (49:11)
لون,4,لَوْنُهَا,لونها,لَوْنُ,2:69:8,فعل,1.000,يَتْلُونَهُ (2:121) | لَيُوَلُّنَّ (59:12)
ليت,4,يَاوَيْلَتِى,ياويلتى,وَيْلَتِى,11:72:2,يفعل,0.824,لَأُوتَيَنَّ (19:77) | يَاوَيْلَتَى (25:28)
مجد,4,مَجِيدٌ,مجيد,مَجِيدٌ,11:73:14,فعيل,1.000,الْمَجِيدِ (50:1) | الْمَجِيدُ (85:15)
مزق,4,مُزِّقْتُمْ,مزقتم,مُزِّقْ,34:7:10,فعل,1.000,مُمَزَّقٍ (34:7) | وَمَزَّقْنَاهُمْ (34:19)
ممن,4,مَمْنُونٍ,ممنون,مَمْنُ,41:8:9,فعل,0.900,مَمْنُونٍ (68:3) | مَمْنُونٍ (84:25)
نجز,4,وَلَنَجْزِيَنَّ,ولنجزين,لَنَجْزِ,16:96:8,فعل,0.810,وَلَنَجْزِيَنَّهُمْ (16:97) | وَلَنَجْزِيَنَّهُمْ (29:7)
نحت,4,وَتَنْحِتُونَ,وتنحتون,نْحِتُ,7:74:15,فعل,0.920,يَنْحِتُونَ (15:82) | وَتَنْحِتُونَ (26:149)
نرا,4,نَرَاكَ,نراك,نَرَا,11:27:8,فعل,1.000,نَرَاكَ (12:36) | نَرَاكَ (12:78)
نزغ,4,نَزْغٌ,نزغ,نَزْغٌ,7:200:5,فعل,1.000,نَزَغَ (12:100) | يَنْزَغُ (17:53)
نفل,4,الْأَنْفَالِ,الأنفال,أَنْفَالِ,8:1:3,افعال,1.000,الْأَنْفَالُ (8:1) | نَافِلَةً (17:79)
نقذ,4,فَأَنْقَذَكُمْ,فأنقذكم,أَنْقَذَ,3:103:26,افعل,1.000,يُنْقِذُونِ (36:23) | يُنْقَذُونَ (36:43)
نقر,4,نَقِيرَاً,نقيرا,نَقِيرَ,4:53:10,فعيل,1.000,نَقِيرَاً (4:124) | نُقِرَ (74:8)
نمل,4,الْأَنَامِلَ,الأنامل,أَنَامِلَ,3:119:17,فاعل,1.000,النَّمْلِ (27:18) | نَمْلَةٌ (27:18)
نوء,4,بِنَاءً,بناء,بِنَاءً,2:22:7,فعل,0.956,سَيْنَاءَ (23:20) | لَتَنُوءُ (28:76)
نوح,4,نُوحِيهِ,نوحيه,نُوحِي,3:44:5,فعل,1.000,نُوحِيهَا (11:49) | نُوحِيهِ (12:102)
هءن,4,هَاأَنْتُمْ,هاأنتم,هَاأَنْ,3:66:1,فاعل,0.925,هَاأَنْتُمْ (3:119) | هَاأَنْتُمْ (4:109)
هاه,4,هَاهُنَا,هاهنا,هَاهُ,3:154:50,فعل,0.900,هَاهُنَا (5:24) | هَاهُنَا (26:146)
هتز,4,اهْتَزَّتْ,اهتزت,اهْتَزَّ,22:5:63,افعل,0.925,تَهْتَزُّ (27:10) | تَهْتَزُّ (28:31)
هنء,4,هَنِيئَاً,هنيئا,هَنِيئَ,4:4:13,فعيل,1.000,هَنِيئَاً (52:19) | هَنِيئَاً (69:24)
هيم,4,مَهْمَا,مهما,مَهْمَا,7:132:2,مفعل,1.000,يَهِيمُونَ (26:225) | الْهِيمِ (56:55)
وءذ,4,وَإِذَاً,وإذا,وَإِذَ,4:67:1,فعل,1.000,وَإِذَاً (17:73) | وَإِذَاً (17:76)
واق,4,وَاقٍ,واق,وَاقٍ,13:34:14,فعل,0.900,وَاقٍ (13:37) | فَوَاقٍ (38:15)
وسط,4,وَسَطَاً,وسطا,وَسَطَ,2:143:4,فعل,1.000,الْوُسْطَى (2:238) | أَوْسَطِ (5:89)
وفف,4,يُوَفَّ,يوف,وَفَّ,2:272:24,فعل,0.846,يُوَفَّ (8:60) | نُوَفِّ (11:15)
يرا,4,يَرَاكُمْ,يراكم,يَرَا,7:27:17,فعل,1.000,يَرَاكُمْ (9:127) | يَرَاهَا (24:40)
ينا,4,أَتَيْنَا,أتينا,يْنَا,21:47:16,فعل,0.900,أَتَيْنَاهُمْ (23:71) | أَتَيْنَاهُمْ (23:90)
ءحص,3,أَحْصَى,أحصى,أَحْصَى,18:12:6,فعلى,1.000,وَأَحْصُوا (65:1) | وَأَحْصَى (72:28)
ءرب,3,أَرْبَى,أربى,أَرْبَى,16:92:18,فعلى,1.000,مَآرِبُ (20:18) | الْإِرْبَةِ (24:31)
ءرج,3,أَرْجِهْ,أرجه,أَرْجِ,7:111:2,فعل,0.900,أَرْجِهْ (26:36) | أَرْجَائِهَا (69:17)
ءري,3,أَرَيْنَاكَ,أريناك,أَرَيْ,17:60:12,فعل,0.900,أَرَيْنَاهُ (20:56) | أُرِيكُمْ (40:29)
ءسس,3,أُسِّسَ,أسس,أُسِّسَ,9:108:6,فعل,1.000,أَسَّسَ (9:109)
ءسم,3,بِأَسْمَائِهِمْ,بأسمائهم,أَسْمَائِ,2:33:4,فعلاء,0.940,أَسْمَائِهِ (7:180)
ءسي,3,أُسْوَةٌ,أسوة,أُسْوَ,33:21:7,فعل,1.000,أُسْوَةٌ (60:4) | أُسْوَةٌ (60:6)
ءشق,3,أَشُقَّ,أشق,أَشُقَّ,28:27:22,فعل,1.000,الْأَشْقَى (87:11) | الْأَشْقَى (92:15)
ءفف,3,أُفٍّ,أف,أُفٍّ,17:23:19,فعل,0.973,أُفٍّ (21:67) | أُفٍّ (46:17)
ءفق,3,أَفَاقَ,أفاق,أَفَاقَ,7:143:34,فعال,1.000,بِالْأُفُقِ (53:7) | بِالْأُفُقِ (81:23)
ءقص,3,الْأَقْصَى,الأقصى,أَقْصَى,17:1:11,فعلى,1.000,أَقْصَى (28:20) | أَقْصَى (36:20)
ءنف,3,وَالْأَنْفَ,والأنف,أَنْفَ,5:45:9,فعل,1.000,بِالْأَنْفِ (5:45) | آنِفَاً (47:16)
ا دم,3,مَا دُمْتَ,ما دمت,مَا دُمْ,3:75:19,مفعلل,0.630,مَا دُمْتُمْ (5:96) | مَا دُمْتُ (19:31)
اكه,3,فَاكِهُونَ,فاكهون,اكِهُ,36:55:7,فعل,0.800,فَاكِهِينَ (44:27) | فَاكِهِينَ (52:18)
بدع,3,بَدِيعُ,بديع,بَدِيعُ,2:117:1,فعيل,1.000,بَدِيعُ (6:101) | ابْتَدَعُوهَا (57:27)
بدن,3,تُبْدُونَهَا,تبدونها,بْدُونَ,6:91:28,فعول,0.977,بِبَدَنِكَ (10:92) | وَالْبُدْنَ (22:36)
بذر,3,تُبَذِّرْ,تبذر,بَذِّرْ,17:26:9,فعل,1.000,تَبْذِيرَاً (17:26) | الْمُبَذِّرِينَ (17:27)
برح,3,أَبْرَحَ,أبرح,أَبْرَحَ,12:80:25,افعل,1.000,أَبْرَحُ (18:60) | نَبْرَحَ (20:91)
برزخ,3,بَرْزَخٌ,برزخ,بَرْزَخٌ,23:100:13,فعلل,0.957,بَرْزَخَاً (25:53) | بَرْزَخٌ (55:20)
بضع,3,بِضْعَ,بضع,بِضْعَ,12:42:17,فعل,1.000,بِبِضَاعَةٍ (12:88) | بِضْعِ (30:4)
بعدم,3,بَعْدَمَا,بعدما,بَعْدَمَا,2:181:3,فعلل,0.749,بَعْدَمَا (8:6) | بَعْدَمَا (13:37)
بهج,3,بَهِيجٍ,بهيج,بَهِيجٍ,22:5:69,فعيل,1.000,بَهْجَةٍ (27:60) | بَهِيجٍ (50:7)
بهم,3,بَهِيمَةُ,بهيمة,بَهِيمَ,5:1:8,فعيل,1.000,بَهِيمَةِ (22:28) | بَهِيمَةِ (22:34)
تبب,3,تَتْبِيبٍ,تتبيب,تَتْبِيبٍ,11:101:24,تفعيل,1.000,تَبَابٍ (40:37) | وَتَبَّ (111:1)
تبت,3,التَّابُوتُ,التابوت,تَابُوتُ,2:248:9,فاعول,0.940,التَّابُوتِ (20:39) | تَبَّتْ (111:1)
تبد,3,تُبْدَ,تبد,تُبْدَ,5:101:9,فعل,0.900,لَتُبْدِي (28:10)
تخف,3,يَسْتَخْفُونَ,يستخفون,سْتَخْفُ,4:108:1,فعل,0.873,لِيَسْتَخْفُوا (11:5)
تسء,3,تَسُؤْهُمْ,تسؤهم,تَسُؤْ,3:120:4,فعل,0.900,تَسُؤْكُمْ (5:101) | تَسُؤْهُمْ (9:50)
تصر,3,يَنْتَصِرُونَ,ينتصرون,نْتَصِرُ,26:93:7,فعل,0.792,يَنْتَصِرُونَ (42:39) | تَنْتَصِرَانِ (55:35)
تمت,3,وَتَمَّتْ,وتمت,تَمَّتْ,6:115:1,فعل,0.900,وَتَمَّتْ (7:137) | وَتَمَّتْ (11:119)
تمس,3,تَمَسَّنَا,تمسنا,تَمَسَّ,2:80:3,فعل,1.000,تَمَسَّنَا (3:24) | فَالْتَمِسُوا (57:13)
توا,3,أَتَوْا,أتوا,تَوْا,3:188:6,فعل,1.000,أَتَوْا (25:40) | أَتَوْا (27:18)
ثلل,3,ثُلَّةٌ,ثلة,ثُلَّ,56:13:1,فعل,0.973,ثُلَّةٌ (56:39) | وَثُلَّةٌ (56:40)
ثير,3,تُثِيرُ,تثير,ثِيرُ,2:71:8,فعل,1.000,فَتُثِيرُ (30:48) | فَتُثِيرُ (35:9)
جبرل,3,لِجِبْرِيلَ,لجبريل,جِبْرِيلَ,2:97:5,فعليل,0.846,وَجِبْرِيلَ (2:98) | وَجِبْرِيلُ (66:4)
جتنب,3,تَجْتَنِبُوا,تجتنبوا,جْتَنِبُ,4:31:2,فعلل,0.697,يَجْتَنِبُونَ (42:37) | يَجْتَنِبُونَ (53:32)
جثو,3,جِثِيَّاً,جثيا,جِثِيَّ,19:68:8,فعل,1.000,جِثِيَّاً (19:72) | جَاثِيَةً (45:28)
جدث,3,الْأَجْدَاثِ,الأجداث,أَجْدَاثِ,36:51:7,افعال,1.000,الْأَجْدَاثِ (54:7) | الْأَجْدَاثِ (70:43)
جدن,3,وَلَتَجِدَنَّهُمْ,ولتجدنهم,لَتَجِدَنَّ,2:96:1,تفعل,0.765,لَتَجِدَنَّ (5:82) | وَلَتَجِدَنَّ (5:82)
جذع,3,جِذْعِ,جذع,جِذْعِ,19:23:4,فعل,1.000,بِجِذْعِ (19:25) | جُذُوعِ (20:71)
جرمن,3,يَجْرِمَنَّكُمْ,يجرمنكم,جْرِمَنَّ,5:2:28,فعلل,0.697,يَجْرِمَنَّكُمْ (5:8) | يَجْرِمَنَّكُمْ (11:89)
حتسب,3,يَحْتَسِبُونَ,يحتسبون,حْتَسِبُ,39:47:25,فعلل,0.697,يَحْتَسِبُوا (59:2) | يَحْتَسِبُ (65:3)
حجت,3,حُجَّتُنَا,حجتنا,حُجَّتُ,6:83:2,فعل,0.900,حُجَّتُهُمْ (42:16) | حُجَّتَهُمْ (45:25)
حدق,3,حَدَائِقَ,حدائق,حَدَائِقَ,27:60:12,فعاءل,0.973,حَدَائِقَ (78:32) | وَحَدَائِقَ (80:30)
حرض,3,وَحَرِّضِ,وحرض,حَرِّضِ,4:84:9,فعل,1.000,حَرِّضِ (8:65) | حَرَضَاً (12:85)
حمو,3,حَامٍ,حام,حَامٍ,5:103:11,فعل,0.990,حَامِيَةً (88:4) | حَامِيَةٌ (101:11)
حمي,3,يُحْمَى,يحمى,حْمَى,9:35:2,فعل,1.000,الْحَمِيَّةَ (48:26) | حَمِيَّةَ (48:26)
خءف,3,خَائِفِينَ,خائفين,خَائِفِ,2:114:21,فاعل,0.925,خَائِفَاً (28:18) | خَائِفَاً (28:21)
خبت,3,وَأَخْبَتُوا,وأخبتوا,أَخْبَتُ,11:23:6,افعل,1.000,الْمُخْبِتِينَ (22:34) | فَتُخْبِتَ (22:54)
خذل,3,يَخْذُلْكُمْ,يخذلكم,خْذُلْ,3:160:8,فعل,0.920,مَخْذُولَاً (17:22) | خَذُولَاً (25:29)
خفن,3,تَخَافَنَّ,تخافن,تَخَافَنَّ,8:58:2,تفاعل,0.940,تَسْتَخِفُّونَهَا (16:80) | يَسْتَخِفَّنَّكَ (30:60)
خلو,3,خَلَا,خلا,خَلَا,2:76:8,فعل,1.000,خَلَا (35:24) | الْخَالِيَةِ (69:24)
خيط,3,الْخَيْطُ,الخيط,خَيْطُ,2:187:36,فعل,1.000,الْخَيْطِ (2:187) | الْخِيَاطِ (7:40)
دءر,3,دَائِرَةٌ,دائرة,دَائِرَ,5:52:12,فاعل,0.925,دَائِرَةُ (9:98) | دَائِرَةُ (48:6)
دءن,3,الْمَدَائِنِ,المدائن,مَدَائِنِ,7:111:6,مفاعل,0.940,الْمَدَائِنِ (26:36) | الْمَدَائِنِ (26:53)
دخلو,3,يَدْخُلُوهَا,يدخلوها,دْخُلُو,2:114:19,فعلل,0.765,يَدْخُلُوهَا (7:46) | تَدْخُلُوهَا (24:28)
درر,3,مِدْرَارَاً,مدرارا,مِدْرَارَ,6:6:19,مفعال,1.000,مِدْرَارَاً (11:52) | مِدْرَارَاً (71:11)
دعع,3,يُدَعُّونَ,يدعون,دَعُّ,52:13:2,فعل,0.973,دَعَّاً (52:13) | يَدُعُّ (107:2)
دلو,3,فَدَلَّاهُمَا,فدلاهما,دَلَّا,7:22:1,فعل,1.000,دَلْوَهُ (12:19) | لِدُلُوكِ (17:78)
ديي,3,وَالِدَيَّ,والدي,دَيَّ,27:19:15,فعل,0.846,بِيَدَيَّ (38:75) | وَالِدَيَّ (46:15)
ذءب,3,الذِّئْبُ,الذئب,ذِئْبُ,12:13:10,فعل,1.000,الذِّئْبُ (12:14) | الذِّئْبُ (12:17)
ذقن,3,لِلْأَذْقَانِ,للأذقان,أَذْقَانِ,17:107:17,افعال,1.000,لِلْأَذْقَانِ (17:109) | الْأَذْقَانِ (36:8)
رات,3,فُرَاتٌ,فرات,رَاتٌ,25:53:7,فعل,0.900,فُرَاتٌ (35:12) | فُرَاتَاً (77:27)
ردف,3,مُرْدِفِينَ,مردفين,مُرْدِفِ,8:9:11,مفعل,1.000,رَدِفَ (27:72) | الرَّادِفَةُ (79:7)
ررق,3,فَرَّقُوا,فرقوا,رَّقُ,6:159:3,فعل,0.752,فَرَّقْتَ (20:94) | فَرَّقُوا (30:32)
رغد,3,رَغَدَاً,رغدا,رَغَدَ,2:35:9,فعل,1.000,رَغَدَاً (2:58) | رَغَدَاً (16:112)
رقم,3,وَالرَّقِيمِ,والرقيم,رَقِيمِ,18:9:6,فعيل,1.000,مَرْقُومٌ (83:9) | مَرْقُومٌ (83:20)
رقي,3,تَرْقَى,ترقى,رْقَى,17:93:8,فعل,1.000,لِرُقِيِّكَ (17:93) | فَارِقُوهُنَّ (65:2)
ركض,3,يَرْكُضُونَ,يركضون,رْكُضُ,21:12:7,فعل,0.920,تَرْكُضُوا (21:13) | ارْكُضْ (38:42)
ركم,3,فَيَرْكُمَهُ,فيركمه,رْكُمَ,8:37:11,فعل,1.000,رُكَامَاً (24:43) | مَرْكُومٌ (52:44)
رمن,3,وَالرُّمَّانَ,والرمان,رُمَّانَ,6:99:29,فعال,1.000,وَالرُّمَّانَ (6:141) | وَرُمَّانٌ (55:68)
رهط,3,رَهْطُكَ,رهطك,رَهْطُ,11:91:13,فعل,1.000,أَرَهْطِي (11:92) | رَهْطٍ (27:48)
رهن,3,فَرِهَانٌ,فرهان,رِهَانٌ,2:283:8,فعال,1.000,رَهِينٌ (52:21) | رَهِينَةٌ (74:38)
روغ,3,فَرَاغَ,فراغ,رَاغَ,37:91:1,فعل,1.000,فَرَاغَ (37:93) | فَرَاغَ (51:26)
زبد,3,زَبَدَاً,زبدا,زَبَدَ,13:17:10,فعل,1.000,زَبَدٌ (13:17) | الزَّبَدُ (13:17)
زجو,3,مُزْجَاةٍ,مزجاة,مُزْجَا,12:88:12,مفعل,1.000,يُزْجِي (17:66) | يُزْجِي (24:43)
زفر,3,زَفِيرٌ,زفير,زَفِيرٌ,11:106:8,فعيل,1.000,زَفِيرٌ (21:100) | وَزَفِيرَاً (25:12)
زلل,3,زَلَلْتُمْ,زللتم,زَلَلْ,2:209:2,فعل,1.000,اسْتَزَلَّهُمُ (3:155) | فَتَزِلَّ (16:94)
سءلن,3,لَتُسْأَلُنَّ,لتسألن,لَتُسْأَلُنَّ,16:56:9,تفعلل,0.664,وَلَتُسْأَلُنَّ (16:93) | لَتُسْأَلُنَّ (102:8)
سءم,3,تَسْأَمُوا,تسأموا,سْأَمُ,2:282:79,فعل,0.920,يَسْأَمُونَ (41:38) | يَسْأَمُ (41:49)
ستطع,3,يَسْتَطِعْ,يستطع,سْتَطِعْ,4:25:3,فعلل,0.697,تَسْتَطِعْ (18:78) | يَسْتَطِعْ (58:4)
ستف,3,تَسْتَفْتِ,تستفت,سْتَفْ,18:22:30,فعل,0.800,فَاسْتَفْتِهِمْ (37:11) | فَاسْتَفْتِهِمْ (37:149)
سربل,3,سَرَابِيلُهُمْ,سرابيلهم,سَرَابِيلُ,14:50:1,فعاليل,0.983,سَرَابِيلَ (16:81) | وَسَرَابِيلَ (16:81)
سلخ,3,فَانْسَلَخَ,فانسلخ,انْسَلَخَ,7:175:7,انفعل,0.708,انْسَلَخَ (9:5) | نَسْلَخُ (36:37)
سلسل,3,وَالسَّلَاسِلُ,والسلاسل,سَلَاسِلُ,40:71:5,فعالل,0.973,سِلْسِلَةٍ (69:32) | سَلَاسِلَ (76:4)
سلل,3,سُلَالَةٍ,سلالة,سُلَالَ,23:12:5,فعال,1.000,يَتَسَلَّلُونَ (24:63) | سُلَالَةٍ (32:8)
سمس,3,اسْتَمْسَكَ,استمسك,اسْتَمْسَ,2:256:16,افتعل,0.616,اسْتَمْسَكَ (31:22) | فَاسْتَمْسِكْ (43:43)
سنن,3,يَتَسَنَّهْ,يتسنه,يَتَسَنَّ,2:259:42,تفعل,0.925,وَالسِّنَّ (5:45) | بِالسِّنِّ (5:45)
شءم,3,الْمَشْأَمَةِ,المشأمة,مَشْأَمَ,56:9:2,مفعل,1.000,الْمَشْأَمَةِ (90:19)
شحح,3,الشُّحَّ,الشح,شُحَّ,4:128:20,فعل,0.973,شُحَّ (59:9) | شُحَّ (64:16)
شطط,3,شَطَطَاً,شططا,شَطَطَ,18:14:19,فعل,1.000,تُشْطِطْ (38:22) | شَطَطَاً (72:4)
شنء,3,شَنَآنُ,شنآن,شَنَءَانُ,5:2:29,فعلان,1.000,شَنَآنُ (5:8) | شَانِئَكَ (108:3)
شور,3,وَتَشَاوُرٍ,وتشاور,تَشَاوُرٍ,2:233:40,تفاعل,1.000,وَشَاوِرْهُمْ (3:159) | شُورَى (42:38)
شيب,3,شَيْبَاً,شيبا,شَيْبَ,19:4:9,فعل,1.000,وَشَيْبَةً (30:54) | شِيبَاً (73:17)
صبء,3,وَالصَّابِئِينَ,والصابئين,صَابِئِ,2:62:7,فاعل,1.000,وَالصَّابِئُونَ (5:69) | وَالصَّابِئِينَ (22:17)
صبغ,3,صِبْغَةَ,صبغة,صِبْغَ,2:138:1,فعل,1.000,صِبْغَةً (2:138) | وَصِبْغٍ (23:20)
صخر,3,الصَّخْرَةِ,الصخرة,صَخْرَ,18:63:6,فعل,1.000,صَخْرَةٍ (31:16) | الصَّخْرَ (89:9)
صدن,3,يَصُدَّنَّكَ,يصدنك,صُدَّنَّ,20:16:2,فعل,0.900,يَصُدُّنَّكَ (28:87) | يَصُدَّنَّكُمُ (43:62)
صرصر,3,صَرْصَرَاً,صرصرا,صَرْصَرَ,41:16:4,فعلل,0.957,صَرْصَرَاً (54:19) | صَرْصَرٍ (69:6)
صرم,3,لَيَصْرِمُنَّهَا,ليصرمنها,لَيَصْرِمُنَّ,68:17:9,يفعلن,0.681,كَالصَّرِيمِ (68:20) | صَارِمِينَ (68:22)
صره,3,بِنَصْرِهِ,بنصره,صْرِهِ,3:13:21,فعل,0.800,بِنَصْرِهِ (8:26) | بِنَصْرِهِ (8:62)
صطبر,3,وَاصْطَبِرْ,واصطبر,صْطَبِرْ,19:65:7,فعلل,0.697,وَاصْطَبِرْ (20:132) | وَاصْطَبِرْ (54:27)
ضجع,3,مَضَاجِعِهِمْ,مضاجعهم,مَضَاجِعِ,3:154:62,مفاعل,1.000,الْمَضَاجِعِ (4:34) | الْمَضَاجِعِ (32:16)
ضرو,3,يَضُرُّوكُمْ,يضروكم,ضُرُّو,3:111:2,فعل,1.000,يَضُرُّوكَ (5:42) | تَضُرُّوهُ (9:39)
ضعن,3,يَضَعْنَ,يضعن,يَضَعْنَ,24:60:12,يفعل,0.832,يَضَعْنَ (65:4) | يَضَعْنَ (65:6)
ضغث,3,أَضْغَاثُ,أضغاث,أَضْغَاثُ,12:44:2,افعال,1.000,أَضْغَاثُ (21:5) | ضِغْثَاً (38:44)
طفء,3,أَطْفَأَهَا,أطفأها,أَطْفَأَ,5:64:38,افعل,1.000,يُطْفِئُوا (9:32) | لِيُطْفِئُوا (61:8)
طفق,3,وَطَفِقَا,وطفقا,طَفِقَا,7:22:9,فعل,1.000,وَطَفِقَا (20:121) | فَطَفِقَ (38:33)
ظمء,3,ظَمَأٌ,ظمأ,ظَمَأٌ,9:120:23,فعل,1.000,تَظْمَأُ (20:119) | الظَّمْآنُ (24:39)
عبس,3,عَبَسَ,عبس,عَبَسَ,74:22:2,فعل,1.000,عَبُوسَاً (76:10) | عَبَسَ (80:1)
عزر,3,وَعَزَّرْتُمُوهُمْ,وعزرتموهم,عَزَّرْ,5:12:23,فعل,1.000,وَعَزَّرُوهُ (7:157) | وَتُعَزِّرُوهُ (48:9)
عطو,3,فَتَعَاطَى,فتعاطى,تَعَاطَى,54:29:3,فاعل,1.000,يُعْطِيكَ (93:5) | أَعْطَيْنَاكَ (108:1)
علمن,3,تُعَلِّمَنِ,تعلمن,عَلِّمَنِ,18:66:8,فعلل,0.765,وَلَتَعْلَمُنَّ (20:71) | وَلَتَعْلَمُنَّ (38:88)
عير,3,الْعِيرُ,العير,عِيرُ,12:70:13,فعل,1.000,وَالْعِيرَ (12:82) | الْعِيرُ (12:94)
عين,3,نَسْتَعِينُ,نستعين,سْتَعِينُ,1:5:4,فعل,1.000,عَيْنَانِ (55:50) | عَيْنَانِ (55:66)
غسل,3,فَاغْسِلُوا,فاغسلوا,غْسِلُ,5:6:8,فعل,0.920,مُغْتَسَلٌ (38:42) | غِسْلِينٍ (69:36)
غضض,3,يَغُضُّوا,يغضوا,غُضُّ,24:30:3,فعل,0.973,وَاغْضُضْ (31:19) | يَغُضُّونَ (49:3)
فءت,3,فِئَتَيْنِ,فئتين,فِئَتَ,3:13:6,فعل,0.900,فِئَتَيْنِ (4:88) | فِئَتُكُمْ (8:19)
فءن,3,أَفَإِنْ,أفإن,أَفَإِنْ,3:144:10,افعل,0.925,أَفَإِنْ (21:34) | أَفَأَنْتُمْ (21:50)
فجج,3,فِجَاجَاً,فجاجا,فِجَاجَ,21:31:10,فعال,1.000,فَجٍّ (22:27) | فِجَاجَاً (71:20)
فرد,3,فَرْدَاً,فردا,فَرْدَ,19:80:5,فعل,1.000,فَرْدَاً (19:95) | فَرْدَاً (21:89)
فسح,3,تَفَسَّحُوا,تفسحوا,تَفَسَّحُ,58:11:7,فعل,1.000,فَافْسَحُوا (58:11) | يَفْسَحِ (58:11)
فسدت,3,لَفَسَدَتِ,لفسدت,لَفَسَدَتِ,2:251:20,فعلل,0.689,لَفَسَدَتَا (21:22) | لَفَسَدَتِ (23:71)
فقد,3,تَفْقِدُونَ,تفقدون,فْقِدُ,12:71:5,فعل,0.920,نَفْقِدُ (12:72) | وَتَفَقَّدَ (27:20)
فلق,3,فَلْيُلْقِهِ,فليلقه,فَلْيُلْقِ,20:39:8,فعيعل,0.765,فَانْفَلَقَ (26:63) | الْفَلَقِ (113:1)
قترف,3,وَلِيَقْتَرِفُوا,وليقترفوا,قْتَرِفُ,6:113:9,فعلل,0.697,يَقْتَرِفُونَ (6:120) | يَقْتَرِفْ (42:23)
قرح,3,قَرْحٌ,قرح,قَرْحٌ,3:140:3,فعل,1.000,الْقَرْحُ (3:172)
قرد,3,قِرَدَةً,قردة,قِرَدَ,2:65:11,فعل,1.000,الْقِرَدَةَ (5:60) | قِرَدَةً (7:166)
قلا,3,قَالَا,قالا,قَالَا,7:23:1,فاعل,1.000,قَالَا (20:45) | وَقَالَا (27:15)
قلن,3,وَقُلْنَ,وقلن,قُلْنَ,12:31:22,فعل,0.900,قُلْنَ (12:51) | وَقُلْنَ (33:32)
قهو,3,يَفْقَهُوهُ,يفقهوه,فْقَهُو,6:25:10,فعل,0.970,يَفْقَهُوهُ (17:46) | يَفْقَهُوهُ (18:57)
لذذ,3,لَذَّةٍ,لذة,لَذَّ,37:46:2,فعل,0.973,وَتَلَذُّ (43:71) | لَذَّةٍ (47:15)
لستم,3,وَلَسْتُمْ,ولستم,لَسْتُمْ,2:267:19,فعلل,0.765,لَسْتُمْ (5:68) | لَسْتُمْ (15:20)
لطف,3,اللَّطِيفُ,اللطيف,لَطِيفُ,6:103:8,فعيل,1.000,وَلْيَتَلَطَّفْ (18:19) | اللَّطِيفُ (67:14)
لغت,3,وَبَلَغَتِ,وبلغت,بَلَغَتِ,33:10:11,فعل,0.810,بَلَغَتِ (56:83) | بَلَغَتِ (75:26)
لقف,3,تَلْقَفُ,تلقف,لْقَفُ,7:117:9,فعل,0.920,تَلْقَفْ (20:69) | تَلْقَفُ (26:45)
لمن,3,وَلْيُؤْمِنُوا,وليؤمنوا,وَلْيُؤْمِنُ,2:186:14,فياعل,0.479,لَمِنْكُمْ (9:56) | فَلْيُؤْمِنْ (18:29)
لهب,3,اللَّهَبِ,اللهب,لَهَبِ,77:31:6,فعل,1.000,لَهَبٍ (111:1) | لَهَبٍ (111:3)
ليتق,3,وَلْيَتَّقِ,وليتق,وَلْيَتَّقِ,2:282:28,فعلل,0.628,وَلْيَتَّقِ (2:283) | فَلْيَتَّقُوا (4:9)
ليست,3,لَيْسَتِ,ليست,لَيْسَتِ,2:113:3,فعلل,0.832,وَلَيْسَتِ (4:18)
لين,3,يَأْلُونَكُمْ,يألونكم,أْلُونَ,3:118:10,فعل,0.935,يَلُونَكُمْ (9:123) | تَلِينُ (39:23)
متت,3,مِتُّ,مت,مِتُّ,19:23:8,فعل,0.846,مِتُّ (19:66) | مِتَّ (21:34)
متم,3,مُتُّمْ,متم,مُتُّمْ,3:157:7,فعل,0.900,مُتُّمْ (3:158) | مِتُّمْ (23:35)
مرح,3,مَرَحَاً,مرحا,مَرَحَ,17:37:5,فعل,1.000,مَرَحَاً (31:18) | تَمْرَحُونَ (40:75)
مزج,3,مِزَاجُهَا,مزاجها,مِزَاجُ,76:5:7,فعال,1.000,مِزَاجُهَا (76:17) | وَمِزَاجُهُ (83:27)
مسن,3,مَسْنُونٍ,مسنون,مَسْنُ,15:26:8,فعل,0.900,مَسْنُونٍ (15:28) | مَسْنُونٍ (15:33)
مشح,3,الْمَشْحُونِ,المشحون,مَشْحُ,26:119:6,فعل,0.900,الْمَشْحُونِ (36:41) | الْمَشْحُونِ (37:140)
مصل,3,الْمُصَلِّينَ,المصلين,مُصَلِّ,70:22:2,فعل,0.900,الْمُصَلِّينَ (74:43) | لِلْمُصَلِّينَ (107:4)
مضغ,3,مُضْغَةٍ,مضغة,مُضْغَ,22:5:21,فعل,1.000,مُضْغَةً (23:14) | الْمُضْغَةَ (23:14)
ملك,3,مُلُوكَاً,ملوكا,مُلُوكَ,5:20:15,فعول,1.000,مَمْلُوكَاً (16:75) | مَلِيكٍ (54:55)
نتا,3,كَانَتَا,كانتا,كَانَتَا,4:176:27,افعل,0.900,كَانَتَا (21:30) | كَانَتَا (66:10)
نثر,3,مَنْثُورَاً,منثورا,مَنْثُورَ,25:23:9,مفعول,1.000,مَنْثُورَاً (76:19) | انْتَثَرَتْ (82:2)
نحس,3,نَحِسَاتٍ,نحسات,نَحِسَ,41:16:7,فعل,1.000,نَحْسٍ (54:19) | وَنُحَاسٌ (55:35)
ندا,3,وَنَادَاهُمَا,وناداهما,نَادَا,7:22:15,فاعل,1.000,فَنَادَاهَا (19:24) | نَادَاهُ (79:16)
ندس,3,سُنْدُسٍ,سندس,نْدُسٍ,18:31:19,فعل,0.800,سُنْدُسٍ (44:53) | سُنْدُسٍ (76:21)
ندم,3,النَّادِمِينَ,النادمين,نَادِمِ,5:31:25,فاعل,1.000,النَّدَامَةَ (10:54) | النَّدَامَةَ (34:33)
نذق,3,نُذِقْهُ,نذقه,نُذِقْ,22:25:22,فعل,0.900,نُذِقْهُ (25:19) | نُذِقْهُ (34:12)
نسب,3,أَنْسَابَ,أنساب,أَنْسَابَ,23:101:6,افعال,1.000,نَسَبَاً (25:54) | نَسَبَاً (37:158)
نسخ,3,نَنْسَخْ,ننسخ,نْسَخْ,2:106:2,فعل,0.920,فَيَنْسَخُ (22:52) | نَسْتَنْسِخُ (45:29)
نسل,3,وَالنَّسْلَ,والنسل,نَسْلَ,2:205:10,فعل,1.000,يَنْسِلُونَ (21:96) | يَنْسِلُونَ (36:51)
نضد,3,مَنْضُودٍ,منضود,مَنْضُودٍ,11:82:12,مفعول,1.000,نَضِيدٌ (50:10) | مَنْضُودٍ (56:29)
نعج,3,نَعْجَةً,نعجة,نَعْجَ,38:23:7,فعل,1.000,نَعْجَةٌ (38:23) | نِعَاجِهِ (38:24)
نكف,3,يَسْتَنْكِفَ,يستنكف,سْتَنْكِفَ,4:172:2,فعل,1.000,يَسْتَنْكِفْ (4:172) | اسْتَنْكَفُوا (4:173)
هزم,3,فَهَزَمُوهُمْ,فهزموهم,هَزَمُو,2:251:1,فعلو,0.805,مَهْزُومٌ (38:11) | سَيُهْزَمُ (54:45)
هطع,3,مُهْطِعِينَ,مهطعين,مُهْطِعِ,14:43:1,مفعل,1.000,مُهْطِعِينَ (54:8) | مُهْطِعِينَ (70:36)
همت,3,هَمَّتْ,همت,هَمَّتْ,3:122:2,فعل,0.900,هَمَّتْ (12:24) | وَهَمَّتْ (40:5)
همز,3,هَمَزَاتِ,همزات,هَمَزَ,23:97:6,فعل,1.000,هَمَّازٍ (68:11) | هُمَزَةٍ (104:1)
هيج,3,يَهِيجُ,يهيج,هِيجُ,39:21:20,فعل,1.000,يَهِيجُ (57:20) | وَهَّاجَاً (78:13)
هيه,3,هَيْهَاتَ,هيهات,هَيْهَ,23:36:1,فعل,0.900,هِيَهْ (101:10)
وبر,3,وَأَوْبَارِهَا,وأوبارها,أَوْبَارِ,16:80:20,افعال,1.000,وَبَرَّاً (19:14) | وَبَرَّاً (19:32)
وبل,3,وَابِلٌ,وابل,وَابِلٌ,2:264:25,فاعل,1.000,وَابِلٌ (2:265)
وتد,3,الْأَوْتَادِ,الأوتاد,أَوْتَادِ,38:12:8,افعال,1.000,أَوْتَادَاً (78:7) | الْأَوْتَادِ (89:10)
وثن,3,الْأَوْثَانِ,الأوثان,أَوْثَانِ,22:30:21,افعال,1.000,أَوْثَانَاً (29:17) | أَوْثَانَاً (29:25)
وجس,3,وَأَوْجَسَ,وأوجس,أَوْجَسَ,11:70:8,افعل,1.000,فَأَوْجَسَ (20:67) | فَأَوْجَسَ (51:28)
وزن,3,وَالْوَزْنُ,والوزن,وَزْنُ,7:8:1,فعل,1.000,وَزْنَاً (18:105) | الْوَزْنَ (55:9)
وقت,3,مَوَاقِيتُ,مواقيت,مَوَاقِيتُ,2:189:6,مفاعيل,0.983,الْتَقَتَا (3:13) | مَوْقُوتَاً (4:103)
يال,3,لَيَالٍ,ليال,يَالٍ,19:10:12,فعل,0.900,لَيَالٍ (69:7) | وَلَيَالٍ (89:2)
يتء,3,وَإِيتَاءِ,وإيتاء,إِيتَاءِ,16:90:6,افعال,0.940,وَإِيتَاءَ (21:73) | وَإِيتَاءِ (24:37)
يلج,3,يَلِجَ,يلج,يَلِجَ,7:40:16,فعل,1.000,يَلِجُ (34:2) | يَلِجُ (57:4)
ءبع,2,اتُّبِعُوا,اتبعوا,اتُّبِعُ,2:166:4,افتعل,1.000,اتِّبَاعَ (4:157)
ءبل,2,الْإِبِلِ,الإبل,إِبِلِ,6:144:2,فعل,1.000,الْإِبِلِ (88:17)
ءتل,2,أَتْلُ,أتل,أَتْلُ,6:151:3,فعل,1.000,يَأْتَلِ (24:22)
ءثث,2,أَثَاثَاً,أثاثا,أَثَاثَ,16:80:22,فعال,1.000,أَثَاثَاً (19:74)
ءحط,2,أَحَطْنَا,أحطنا,أَحَطْ,18:91:3,فعل,0.900,أَحَطْتُ (27:22)
ءخف,2,وَأَخْفَى,وأخفى,أَخْفَى,20:7:7,فعلى,1.000,أُخْفِيَ (32:17)
ءذنن,2,يَسْتَأْذِنُونَكَ,يستأذنونك,سْتَأْذِنُونَكَ,9:93:5,فعلول,0.716,يَسْتَأْذِنُونَكَ (24:62)
ءزر,2,آزَرَ,آزر,ءَازَرَ,6:74:5,فاعل,1.000,فَآزَرَهُ (48:29)
ءزز,2,تَؤُزُّهُمْ,تؤزهم,ؤُزُّ,19:83:8,فعل,0.973,أَزَّاً (19:83)
ءزف,2,الْآزِفَةِ,الآزفة,ءَازِفَ,40:18:3,فاعل,1.000,الْآزِفَةُ (53:57)
ءسن,2,آسِنٍ,آسن,ءَاسِنٍ,47:15:11,فاعل,1.000,يَئِسْنَ (65:4)
ءشح,2,أَشِحَّةً,أشحة,أَشِحَّ,33:19:1,فعل,1.000,
ءصب,2,أَصَبْنَاهُمْ,أصبناهم,أَصَبْ,7:100:12,فعل,0.900,أَصْبُ (12:33)
ءصد,2,مُؤْصَدَةٌ,مؤصدة,مُؤْصَدَ,90:20:3,مفعل,0.925,مُؤْصَدَةٌ (104:8)
ءعز,2,أَعِزَّةٍ,أعزة,أَعِزَّ,5:54:18,فعل,1.000,أَعِزَّةَ (27:34)
ءعظ,2,أَعِظُكَ,أعظك,أَعِظُ,11:46:19,فعل,0.900,أَعِظُكُمْ (34:46)
ءغو,2,وَلَأُغْوِيَنَّهُمْ,ولأغوينهم,لَأُغْوِيَنَّ,15:39:9,فعل,0.936,لَأُغْوِيَنَّهُمْ (38:82)
ءفي,2,أَفِي,أفي,أَفِي,14:10:3,فعل,1.000,أَفِي (24:50)
ءكم,2,الْأَكْمَهَ,الأكمه,أَكْمَ,3:49:25,فعل,0.900,الْأَكْمَهَ (5:110)
ءلل,2,آللَّهُ,آلله,ءَاللَّ,10:59:14,فاعل,0.977,آللَّهُ (27:59)
ءنزل,2,لَأَنْزَلَ,لأنزل,لَأَنْزَلَ,23:24:19,فعلل,0.974,لَأَنْزَلَ (41:14)
ءني,2,بِآنِيَةٍ,بآنية,ءَانِيَ,76:15:3,فاعل,1.000,آنِيَةٍ (88:5)
ادي,2,نَادَيْتُمْ,ناديتم,ادَيْ,5:58:2,فعل,0.800,نَادَيْنَا (28:46)
اولاء,2,أُولَاءِ,أولاء,أُولَاءِ,3:119:2,closed_class,1.000,أُولَاءِ (20:84)
بتم,2,تُبْتُمْ,تبتم,بْتُمْ,2:279:10,فعل,0.800,تُبْتُمْ (9:3)
بخع,2,بَاخِعٌ,باخع,بَاخِعٌ,18:6:2,فاعل,1.000,بَاخِعٌ (26:3)
برص,2,وَالْأَبْرَصَ,والأبرص,أَبْرَصَ,3:49:26,افعل,1.000,وَالْأَبْرَصَ (5:110)
برم,2,أَبْرَمُوا,أبرموا,أَبْرَمُ,43:79:2,افعل,1.000,مُبْرِمُونَ (43:79)
بزغ,2,بَازِغَاً,بازغا,بَازِغَ,6:77:4,فاعل,1.000,بَازِغَةً (6:78)
بسر,2,وَبَسَرَ,وبسر,بَسَرَ,74:22:3,فعل,1.000,بَاسِرَةٌ (75:24)
بسل,2,تُبْسَلَ,تبسل,بْسَلَ,6:70:13,فعل,1.000,أُبْسِلُوا (6:70)
بطر,2,بَطَرَاً,بطرا,بَطَرَ,8:47:7,فعل,1.000,بَطِرَتْ (28:58)
بعثر,2,بُعْثِرَتْ,بعثرت,بُعْثِرَ,82:4:3,فعلل,0.957,بُعْثِرَ (100:9)
بعر,2,بَعِيرٍ,بعير,بَعِيرٍ,12:65:22,فعيل,1.000,بَعِيرٍ (12:72)
بنت,2,ابْنَتَيَّ,ابنتي,ابْنَتَيَّ,28:27:7,افعل,0.832,ابْنَتَ (66:12)
بيل,2,لَيَبْلُوَنَّكُمُ,ليبلونكم,لَيَبْلُوَنَّ,5:94:4,فعل,0.792,وَبِيلَاً (73:16)
ترن,2,تَرَنِ,ترن,تَرَنِ,18:39:14,فعل,0.900,تَمْتَرُنَّ (43:61)
تزد,2,تَزِدِ,تزد,تَزِدِ,71:24:5,فعل,0.900,تَزِدِ (71:28)
تصب,2,تُصِبْكَ,تصبك,تُصِبْ,9:50:2,فعل,0.900,
تصف,2,وَتَصِفُ,وتصف,تَصِفُ,16:62:5,فعل,0.900,تَصِفُ (16:116)
تظر,2,يَنْتَظِرُونَ,ينتظرون,نْتَظِرُ,10:102:2,فعل,0.792,يَنْتَظِرُ (33:23)
تعو,2,وَمَتِّعُوهُنَّ,ومتعوهن,مَتِّعُو,2:236:14,مفعل,0.925,فَمَتِّعُوهُنَّ (33:49)
تقا,2,تُقَاةً,تقاة,تُقَا,3:28:21,فعل,1.000,أَتْقَاكُمْ (49:13)
تقط,2,يَلْتَقِطْهُ,يلتقطه,لْتَقِطْ,12:10:11,فعل,0.810,فَالْتَقَطَهُ (28:8)
تقم,2,فَيَنْتَقِمُ,فينتقم,نْتَقِمُ,5:95:44,فعل,0.792,فَالْتَقَمَهُ (37:142)
تمثل,2,التَّمَاثِيلُ,التماثيل,تَمَاثِيلُ,21:52:7,فعاليل,0.855,وَتَمَاثِيلَ (34:13)
تمر,2,يَأْتَمِرُونَ,يأتمرون,أْتَمِرُ,28:20:11,افعل,0.850,لَتَمُرُّونَ (37:137)
تمش,2,تَمْشِ,تمش,تَمْشِ,17:37:2,فعل,0.900,تَمْشِ (31:18)
تنا,2,لِسُنَّتِنَا,لسنتنا,تِنَا,17:77:10,فعل,1.000,فَتَنَّاهُ (38:24)
تيه,2,يَتِيهُونَ,يتيهون,تِيهُ,5:26:7,فعل,1.000,أَتَوْهُ (27:87)
ثخن,2,يُثْخِنَ,يثخن,ثْخِنَ,8:67:9,فعل,1.000,أَثْخَنْتُمُوهُمْ (47:4)
ثرب,2,تَثْرِيبَ,تثريب,ثْرِيبَ,12:92:3,فعيل,0.977,يَثْرِبَ (33:13)
ثعب,2,ثُعْبَانٌ,ثعبان,ثُعْبَانٌ,7:107:5,فعلان,1.000,ثُعْبَانٌ (26:32)
ثقب,2,ثَاقِبٌ,ثاقب,ثَاقِبٌ,37:10:7,فاعل,1.000,الثَّاقِبُ (86:3)
جءت,2,جَاءَتِ,جاءت,جَاءَتِ,79:34:2,فاعل,0.925,جَاءَتِ (80:33)
جبب,2,الْجُبِّ,الجب,جُبِّ,12:10:10,فعل,0.973,الْجُبِّ (12:15)
جذذ,2,مَجْذُوذٍ,مجذوذ,مَجْذُوذٍ,11:108:18,مفعول,1.000,جُذَاذَاً (21:58)
جرد,2,وَالْجَرَادَ,والجراد,جَرَادَ,7:133:4,فعال,1.000,جَرَادٌ (54:7)
جرز,2,جُرُزَاً,جرزا,جُرُزَ,18:8:6,فعل,1.000,الْجُرُزِ (32:27)
جزع,2,أَجَزِعْنَا,أجزعنا,أَجَزِعْ,14:21:28,افعل,1.000,جَزُوعَاً (70:20)
جسم,2,وَالْجِسْمِ,والجسم,جِسْمِ,2:247:35,فعل,1.000,أَجْسَامُهُمْ (63:4)
جلو,2,يُجَلِّيهَا,يجليها,جَلِّي,7:187:12,فعل,1.000,جَلَّاهَا (91:3)
جنف,2,جَنَفَاً,جنفا,جَنَفَ,2:182:5,فعل,1.000,مُتَجَانِفٍ (5:3)
جني,2,جَنِيَّاً,جنيا,جَنِيَّ,19:25:8,فعل,1.000,وَجَنَى (55:54)
حاش,2,حَاشَ,حاش,حَاشَ,12:31:23,فعل,1.000,حَاشَ (12:51)
حبس,2,تَحْبِسُونَهُمَا,تحبسونهما,حْبِسُونَ,5:106:28,فعل,0.892,يَحْبِسُهُ (11:8)
حجج,2,حَاجَجْتُمْ,حاججتم,حَاجَجْ,3:66:3,فاعل,1.000,حِجَجٍ (28:27)
حجز,2,حَاجِزَاً,حاجزا,حَاجِزَ,27:61:14,فاعل,1.000,حَاجِزِينَ (69:47)
حسبو,2,لِتَحْسَبُوهُ,لتحسبوه,حْسَبُو,3:78:7,فعلل,0.765,تَحْسَبُوهُ (24:11)
حضض,2,يَحُضُّ,يحض,حُضُّ,69:34:2,فعل,0.973,يَحُضُّ (107:3)
حطب,2,حَطَبَاً,حطبا,حَطَبَ,72:15:5,فعل,1.000,الْحَطَبِ (111:4)
حطط,2,حِطَّةٌ,حطة,حِطَّ,2:58:15,فعل,0.973,حِطَّةٌ (7:161)
حظر,2,مَحْظُورَاً,محظورا,مَحْظُورَ,17:20:12,مفعول,1.000,الْمُحْتَظِرِ (54:31)
حفر,2,حُفْرَةٍ,حفرة,حُفْرَ,3:103:23,فعل,1.000,الْحَافِرَةِ (79:10)
حفي,2,حَفِيٌّ,حفي,حَفِيٌّ,7:187:26,فعل,1.000,حَفِيَّاً (19:47)
حقب,2,حُقُبَاً,حقبا,حُقُبَ,18:60:13,فعل,1.000,أَحْقَابَاً (78:23)
حلق,2,تَحْلِقُوا,تحلقوا,حْلِقُ,2:196:12,فعل,0.920,مُحَلِّقِينَ (48:27)
حنث,2,تَحْنَثْ,تحنث,حْنَثْ,38:44:7,فعل,0.920,الْحِنْثِ (56:46)
حنجر,2,الْحَنَاجِرَ,الحناجر,حَنَاجِرَ,33:10:13,فعالل,0.973,الْحَنَاجِرِ (40:18)
حوذ,2,نَسْتَحْوِذْ,نستحوذ,سْتَحْوِذْ,4:141:20,فعل,0.892,اسْتَحْوَذَ (58:19)
حيف,2,يَحِيفَ,يحيف,يَحِيفَ,24:50:9,فعيل,1.000,حَافِّينَ (39:75)
خبل,2,خَبَالَاً,خبالا,خَبَالَ,3:118:11,فعال,1.000,خَبَالَاً (9:47)
ختص,2,يَخْتَصُّ,يختص,خْتَصُّ,2:105:18,فعل,0.800,يَخْتَصُّ (3:74)
ختن,2,تَخْتَانُونَ,تختانون,خْتَانُ,2:187:18,فعال,0.850,يَخْتَانُونَ (4:107)
خدد,2,خَدَّكَ,خدك,خَدَّ,31:18:3,فعل,0.973,الْأُخْدُودِ (85:4)
خدن,2,أَخْدَانٍ,أخدان,أَخْدَانٍ,4:25:34,افعال,1.000,أَخْدَانٍ (5:5)
خذت,2,أَخَذَتِ,أخذت,أَخَذَتِ,10:24:19,افعل,0.925,وَأَخَذَتِ (11:94)
خرب,2,خَرَابِهَا,خرابها,خَرَابِ,2:114:13,فعال,1.000,يُخْرِبُونَ (59:2)
خرجن,2,يُخْرِجَنَّكُمَا,يخرجنكما,خْرِجَنَّ,20:117:9,فعلل,0.697,يَخْرُجْنَ (65:1)
خردل,2,خَرْدَلٍ,خردل,خَرْدَلٍ,21:47:15,فعلل,0.957,خَرْدَلٍ (31:16)
خصص,2,خَاصَّةً,خاصة,خَاصَّ,8:25:8,فاعل,1.000,خَصَاصَةٌ (59:9)
خصف,2,يَخْصِفَانِ,يخصفان,خْصِفَ,7:22:10,فعل,1.000,يَخْصِفَانِ (20:121)
خضع,2,خَاضِعِينَ,خاضعين,خَاضِعِ,26:4:11,فاعل,1.000,تَخْضَعْنَ (33:32)
خلت,2,خَلَتِ,خلت,خَلَتِ,46:17:10,فعل,0.900,خَلَتِ (46:21)
خمد,2,خَامِدِينَ,خامدين,خَامِدِ,21:15:8,فاعل,1.000,خَامِدُونَ (36:29)
خمص,2,مَخْمَصَةٍ,مخمصة,مَخْمَصَ,5:3:54,مفعل,1.000,مَخْمَصَةٌ (9:120)
خنس,2,بِالْخُنَّسِ,بالخنس,خُنَّسِ,81:15:3,فعل,1.000,الْخَنَّاسِ (114:4)
دءم,2,دَائِمٌ,دائم,دَائِمٌ,13:35:11,فاعل,0.925,دَائِمُونَ (70:23)
دخلن,2,لَتَدْخُلُنَّ,لتدخلن,لَتَدْخُلُنَّ,48:27:7,تفعلل,0.664,يَدْخُلَنَّهَا (68:24)
دخن,2,دُخَانٌ,دخان,دُخَانٌ,41:11:6,فعال,1.000,بِدُخَانٍ (44:10)
دكت,2,فَدُكَّتَا,فدكتا,دُكَّتَا,69:14:4,فعل,0.810,دُكَّتِ (89:21)
دمع,2,الدَّمْعِ,الدمع,دَمْعِ,5:83:11,فعل,1.000,الدَّمْعِ (9:92)
دهر,2,الدَّهْرُ,الدهر,دَهْرُ,45:24:12,فعل,1.000,الدَّهْرِ (76:1)
دول,2,نُدَاوِلُهَا,نداولها,دَاوِلُ,3:140:11,فاعل,1.000,دُولَةً (59:7)
ذاب,2,كِذَّابَاً,كذابا,ذَّابَ,78:28:3,فعل,0.900,كِذَّابَاً (78:35)
ذبب,2,ذُبَابَاً,ذبابا,ذُبَابَ,22:73:15,فعال,1.000,الذُّبَابُ (22:73)
ذرن,2,تَذَرُنَّ,تذرن,تَذَرُنَّ,71:23:3,تفعل,0.925,
ذهبن,2,يُذْهِبَنَّ,يذهبن,ذْهِبَنَّ,22:15:19,فعلل,0.697,نَذْهَبَنَّ (43:41)
ذوا,2,ذَوَا,ذوا,ذَوَا,5:95:21,فعل,1.000,ذَوَا (5:106)
رءت,2,تَرَاءَتِ,تراءت,تَرَاءَتِ,8:48:17,تفاعل,0.940,امْرَأَتَيْنِ (28:23)
ردت,2,رُدَّتْ,ردت,رُدَّتْ,12:65:6,فعل,0.900,
رزت,2,وَبُرِّزَتِ,وبرزت,بُرِّزَتِ,26:91:1,فعل,0.810,وَبُرِّزَتِ (79:36)
رزقو,2,وَارْزُقُوهُمْ,وارزقوهم,رْزُقُو,4:5:10,فعلل,0.765,فَارْزُقُوهُمْ (4:8)
رسخ,2,وَالرَّاسِخُونَ,والراسخون,رَاسِخُ,3:7:32,فاعل,1.000,الرَّاسِخُونَ (4:162)
رسس,2,الرَّسِّ,الرس,رَسِّ,25:38:4,فعل,0.973,الرَّسِّ (50:12)
رطب,2,رَطْبٍ,رطب,رَطْبٍ,6:59:25,فعل,1.000,رُطَبَاً (19:25)
رعد,2,وَرَعْدٌ,ورعد,رَعْدٌ,2:19:7,فعل,1.000,الرَّعْدُ (13:13)
رفت,2,وَرُفَاتَاً,ورفاتا,رُفَاتَ,17:49:5,فعال,1.000,وَرُفَاتَاً (17:98)
رفث,2,الرَّفَثُ,الرفث,رَفَثُ,2:187:5,فعل,1.000,رَفَثَ (2:197)
رفد,2,الرِّفْدُ,الرفد,رِفْدُ,11:99:8,فعل,1.000,الْمَرْفُودُ (11:99)
رفو,2,مُتْرَفُوهَا,مترفوها,مُتْرَفُو,34:34:9,متفعل,0.880,مُتْرَفُوهَا (43:23)
رقد,2,رُقُودٌ,رقود,رُقُودٌ,18:18:4,فعول,1.000,مَرْقَدِنَا (36:52)
ركس,2,أَرْكَسَهُمْ,أركسهم,أَرْكَسَ,4:88:7,افعل,1.000,أُرْكِسُوا (4:91)
رمم,2,رَمِيمٌ,رميم,رَمِيمٌ,36:78:11,فعيل,1.000,كَالرَّمِيمِ (51:42)
زام,2,لِزَامَاً,لزاما,زَامَ,20:129:7,فعل,0.900,لِزَامَاً (25:77)
زجج,2,زُجَاجَةٍ,زجاجة,زُجَاجَ,24:35:12,فعال,1.000,الزُّجَاجَةُ (24:35)
زحزح,2,بِمُزَحْزِحِهِ,بمزحزحه,مُزَحْزِحِ,2:96:17,مفعلل,0.973,زُحْزِحَ (3:185)
زدجر,2,مُزْدَجَرٌ,مزدجر,مُزْدَجَرٌ,54:4:7,مفعلل,0.792,وَازْدُجِرَ (54:9)
زغن,2,يَنْزَغَنَّكَ,ينزغنك,نْزَغَنَّ,7:200:2,فعل,0.880,يَنْزَغَنَّكَ (41:36)
زلق,2,زَلَقَاً,زلقا,زَلَقَ,18:40:15,فعل,1.000,لَيُزْلِقُونَكَ (68:51)
زلم,2,بِالْأَزْلَامِ,بالأزلام,أَزْلَامِ,5:3:28,افعال,1.000,وَالْأَزْلَامُ (5:90)
زمر,2,زُمَرَاً,زمرا,زُمَرَ,39:71:6,فعل,1.000,زُمَرَاً (39:73)
زيغ,2,زَيْغٌ,زيغ,زَيْغٌ,3:7:18,فعل,1.000,يَزِيغُ (9:117)
زيي,2,وَزَيَّنَّاهَا,وزيناها,زَيَّ,15:16:6,فعل,0.846,وَزَيَّنَّاهَا (50:6)
سءح,2,السَّائِحُونَ,السائحون,سَائِحُ,9:112:4,فاعل,0.925,سَائِحَاتٍ (66:5)
سءغ,2,سَائِغَاً,سائغا,سَائِغَ,16:66:16,فاعل,0.925,سَائِغٌ (35:12)
سبغ,2,وَأَسْبَغَ,وأسبغ,أَسْبَغَ,31:20:13,افعل,1.000,سَابِغَاتٍ (34:11)
سحب,2,يُسْحَبُونَ,يسحبون,سْحَبُ,40:71:6,فعل,0.920,يُسْحَبُونَ (54:48)
سحق,2,سَحِيقٍ,سحيق,سَحِيقٍ,22:31:21,فعيل,1.000,فَسُحْقَاً (67:11)
سرمد,2,سَرْمَدَاً,سرمدا,سَرْمَدَ,28:71:8,فعلل,0.957,سَرْمَدَاً (28:72)
سعت,2,سَعَتِهِ,سعته,سَعَتِ,4:130:7,فعل,0.900,سَعَتِهِ (65:7)
سعد,2,وَسَعِيدٌ,وسعيد,سَعِيدٌ,11:105:10,فعيل,1.000,سُعِدُوا (11:108)
سفك,2,وَيَسْفِكُ,ويسفك,سْفِكُ,2:30:16,فعل,0.920,تَسْفِكُونَ (2:84)
سكو,2,تُمْسِكُوهُنَّ,تمسكوهن,مْسِكُو,2:231:12,مفعل,0.850,نَاسِكُوهُ (22:67)
سلق,2,سَأُلْقِي,سألقي,سَأُلْقِ,8:12:11,فاعل,0.891,سَلَقُوكُمْ (33:19)
سوت,2,وَكِسْوَتُهُنَّ,وكسوتهن,سْوَتُ,2:233:15,فعل,0.800,كِسْوَتُهُمْ (5:89)
سوط,2,بِسَاطَاً,بساطا,سَاطَ,71:19:5,فعل,1.000,سَوْطَ (89:13)
سيت,2,نَسِيتُ,نسيت,سِيتُ,18:63:8,فعل,0.900,نَسِيتُ (18:73)
شتو,2,اشْتَهَتْ,اشتهت,اشْتَهَ,21:102:7,فعلة,0.935,لَشَتَّى (92:4)
شخص,2,تَشْخَصُ,تشخص,شْخَصُ,14:42:11,فعل,0.920,شَاخِصَةٌ (21:97)
شطء,2,شَاطِئِ,شاطئ,شَاطِئِ,28:30:5,فاعل,1.000,شَطْأَهُ (48:29)
شعب,2,شُعُوبَاً,شعوبا,شُعُوبَ,49:13:9,فعول,1.000,شُعَبٍ (77:30)
شغل,2,شُغُلٍ,شغل,شُغُلٍ,36:55:6,فعل,1.000,شَغَلَتْنَا (48:11)
شكل,2,شَاكِلَتِهِ,شاكلته,شَاكِلَ,17:84:5,فاعل,1.000,شَكْلِهِ (38:58)
شكو,2,أَشْكُو,أشكو,أَشْكُو,12:86:3,افعل,1.000,كَمِشْكَاةٍ (24:35)
شهق,2,وَشَهِيقٌ,وشهيق,شَهِيقٌ,11:106:9,فعيل,1.000,شَهِيقَاً (67:7)
شوي,2,يَشْوِي,يشوي,شْوِي,18:29:23,فعل,1.000,لِلشَّوَى (70:16)
شيد,2,مُشَيَّدَةٍ,مشيدة,مُشَيَّدَ,4:78:9,مفعل,1.000,مَشِيدٍ (22:45)
صءم,2,وَالصَّائِمِينَ,والصائمين,صَائِمِ,33:35:16,فاعل,0.925,وَالصَّائِمَاتِ (33:35)
صبع,2,أَصَابِعَهُمْ,أصابعهم,أَصَابِعَ,2:19:10,افاعل,0.973,أَصَابِعَهُمْ (71:7)
صبي,2,صَبِيَّاً,صبيا,صَبِيَّ,19:12:7,فعل,1.000,صَبِيَّاً (19:29)
صطل,2,تَصْطَلُونَ,تصطلون,صْطَلُ,27:7:16,فعل,0.800,تَصْطَلُونَ (28:29)
صفد,2,الْأَصْفَادِ,الأصفاد,أَصْفَادِ,14:49:6,افعال,1.000,الْأَصْفَادِ (38:38)
صفه,2,نِصْفَهُ,نصفه,صْفَهُ,73:3:1,فعل,0.800,وَنِصْفَهُ (73:20)
صنو,2,صِنْوَانٌ,صنوان,صِنْوَانٌ,13:4:10,فعلان,1.000,صِنْوَانٍ (13:4)
صهر,2,يُصْهَرُ,يصهر,صْهَرُ,22:20:1,فعل,0.920,وَصِهْرَاً (25:54)
صير,2,تَصِيرُ,تصير,صِيرُ,42:53:14,فعل,1.000,الْمُصَوِّرُ (59:24)
صيطر,2,الْمُصَيْطِرُونَ,المصيطرون,مُصَيْطِرُ,52:37:7,مفعلل,0.846,بِمُصَيْطِرٍ (88:22)
ضغن,2,أَضْغَانَهُمْ,أضغانهم,أَضْغَانَ,47:29:11,افعال,1.000,أَضْغَانَكُمْ (47:37)
ضمم,2,وَاضْمُمْ,واضمم,ضْمُمْ,20:22:1,فعل,0.920,وَاضْمُمْ (28:32)
طري,2,طَرِيَّاً,طريا,طَرِيَّ,16:14:8,فعل,1.000,طَرِيَّاً (35:12)
طمث,2,يَطْمِثْهُنَّ,يطمثهن,طْمِثْ,55:56:5,فعل,0.920,يَطْمِثْهُنَّ (55:74)
ظفر,2,ظُفُرٍ,ظفر,ظُفُرٍ,6:146:7,فعل,1.000,أَظْفَرَكُمْ (48:24)
عاء,2,وِعَاءِ,وعاء,عَاءِ,12:76:4,فعل,0.900,
عبث,2,عَبَثَاً,عبثا,عَبَثَ,23:115:4,فعل,1.000,تَعْبَثُونَ (26:128)
عبر,2,عَابِرِي,عابري,عَابِرِ,4:43:16,فاعل,1.000,فَاعْتَبِرُوا (59:2)
عتق,2,الْعَتِيقِ,العتيق,عَتِيقِ,22:29:8,فعيل,1.000,الْعَتِيقِ (22:33)
عتل,2,فَاعْتِلُوهُ,فاعتلوه,اعْتِلُو,44:47:2,افعلو,0.805,عُتُلٍّ (68:13)
عثر,2,عُثِرَ,عثر,عُثِرَ,5:107:2,فعل,1.000,أَعْثَرْنَا (18:21)
عجف,2,عِجَافٌ,عجاف,عِجَافٌ,12:43:10,فعال,1.000,عِجَافٌ (12:46)
عرء,2,بِالْعَرَاءِ,بالعراء,عَرَاءِ,37:145:2,فعال,0.925,بِالْعَرَاءِ (68:49)
عرو,2,بِالْعُرْوَةِ,بالعروة,عُرْوَ,2:256:17,فعل,1.000,بِالْعُرْوَةِ (31:22)
عزب,2,يَعْزُبُ,يعزب,عْزُبُ,10:61:22,فعل,0.920,يَعْزُبُ (34:3)
عسي,2,عَسَيْتُمْ,عسيتم,عَسَيْ,2:246:24,فعل,0.900,عَسَيْتُمْ (47:22)
عشء,2,عِشَاءً,عشاء,عِشَاءً,12:16:3,فعال,0.925,الْعِشَاءِ (24:58)
عضد,2,عَضُدَاً,عضدا,عَضُدَ,18:51:13,فعل,1.000,عَضُدَكَ (28:35)
عضض,2,عَضُّوا,عضوا,عَضُّ,3:119:15,فعل,0.973,يَعَضُّ (25:27)
عضلو,2,تَعْضُلُوهُنَّ,تعضلوهن,عْضُلُو,2:232:7,فعلل,0.765,تَعْضُلُوهُنَّ (4:19)
عطل,2,مُعَطَّلَةٍ,معطلة,مُعَطَّلَ,22:45:12,مفعل,1.000,عُطِّلَتْ (81:4)
عفف,2,التَّعَفُّفِ,التعفف,تَعَفُّفِ,2:273:16,فعل,1.000,يَسْتَعْفِفْنَ (24:60)
عمن,2,عَمِينَ,عمين,عَمِينَ,7:64:14,فعيل,0.925,عَمُونَ (27:66)
عهن,2,كَالْعِهْنِ,كالعهن,عِهْنِ,70:9:3,فعل,1.000,كَالْعِهْنِ (101:5)
عودن,2,لَتَعُودُنَّ,لتعودن,لَتَعُودُنَّ,7:88:15,تفعلل,0.616,لَتَعُودُنَّ (14:13)
عوق,2,الْمُعَوِّقِينَ,المعوقين,مُعَوِّقِ,33:18:4,مفعل,1.000,وَيَعُوقَ (71:23)
عوقب,2,عُوقِبْتُمْ,عوقبتم,عُوقِبْ,16:126:6,فعلل,0.765,عُوقِبَ (22:60)
غءط,2,الْغَائِطِ,الغائط,غَائِطِ,4:43:31,فاعل,0.925,الْغَائِطِ (5:6)
غثء,2,غُثَاءً,غثاء,غُثَاءً,23:41:5,فعال,0.925,غُثَاءً (87:5)
غدر,2,نُغَادِرْ,نغادر,نُغَادِرْ,18:47:9,فاعل,0.936,يُغَادِرُ (18:49)
غطء,2,غِطَاءٍ,غطاء,غِطَاءٍ,18:101:5,فعال,0.925,غِطَاءَكَ (50:22)
غلف,2,غُلْفٌ,غلف,غُلْفٌ,2:88:3,فعل,1.000,غُلْفٌ (4:155)
غلو,2,يَغْلِي,يغلي,غْلِي,44:45:2,فعل,1.000,فَغُلُّوهُ (69:30)
غوص,2,يَغُوصُونَ,يغوصون,غُوصُ,21:82:4,فعل,1.000,وَغَوَّاصٍ (38:37)
غيبت,2,غَيَابَتِ,غيابت,غَيَابَتِ,12:10:9,فعالل,0.792,غَيَابَتِ (12:15)
غيض,2,وَغِيضَ,وغيض,غِيضَ,11:44:7,فعل,1.000,تَغِيضُ (13:8)
فتء,2,تَفْتَأُ,تفتأ,فْتَأُ,12:85:3,فعل,0.920,أَفَتَأْتُونَ (21:3)
فخر,2,كَالْفَخَّارِ,كالفخار,فَخَّارِ,55:14:5,فعال,1.000,وَتَفَاخُرٌ (57:20)
فردس,2,الْفِرْدَوْسِ,الفردوس,فِرْدَوْسِ,18:107:9,فعلول,0.787,الْفِرْدَوْسَ (23:11)
فشل,2,لَفَشِلْتُمْ,لفشلتم,لَفَشِلْ,8:43:10,فعل,0.931,فَتَفْشَلُوا (8:46)
فطل,2,فَطَلٌّ,فطل,فَطَلٌّ,2:265:23,فعل,0.900,أَفَطَالَ (20:86)
فكك,2,فَكُّ,فك,فَكُّ,90:13:1,فعل,0.973,مُنْفَكِّينَ (98:1)
فيل,2,فَلْيَكُونُوا,فليكونوا,فَلْيَكُ,4:102:15,فعل,0.960,الْفِيلِ (105:1)
قبس,2,بِقَبَسٍ,بقبس,قَبَسٍ,20:10:13,فعل,1.000,قَبَسٍ (27:7)
قتد,2,اقْتَدِهْ,اقتده,اقْتَدِ,6:90:6,افعل,0.925,مُقْتَدُونَ (43:23)
قحم,2,مُقْتَحِمٌ,مقتحم,مُقْتَحِمٌ,38:59:3,مفتعل,1.000,اقْتَحَمَ (90:11)
قربو,2,تَقْرَبُوهَا,تقربوها,قْرَبُو,2:187:58,فعلل,0.765,تَقْرَبُوهُنَّ (2:222)
قرطس,2,قِرْطَاسٍ,قرطاس,قِرْطَاسٍ,6:7:6,فعلال,0.973,قَرَاطِيسَ (6:91)
قرف,2,مُقْتَرِفُونَ,مقترفون,مُقْتَرِفُ,6:113:12,مفتعل,1.000,اقْتَرَفْتُمُوهَا (9:24)
قسطس,2,بِالْقِسْطَاسِ,بالقسطاس,قِسْطَاسِ,17:35:6,فعلال,0.846,بِالْقِسْطَاسِ (26:182)
قطف,2,قُطُوفُهَا,قطوفها,قُطُوفُ,69:23:1,فعول,1.000,قُطُوفُهَا (76:14)
قعت,2,وَقَعَتِ,وقعت,قَعَتِ,56:1:2,فعل,0.900,وَقَعَتِ (69:15)
قنع,2,مُقْنِعِي,مقنعي,مُقْنِعِ,14:43:2,مفعل,1.000,الْقَانِعَ (22:36)
قهم,2,وَقِهِمْ,وقهم,قِهِمْ,40:7:25,فعل,0.900,وَقِهِمُ (40:9)
قوتل,2,قُوتِلْتُمْ,قوتلتم,قُوتِلْ,59:11:23,فعلل,0.765,قُوتِلُوا (59:12)
قوع,2,قَاعَاً,قاعا,قَاعَ,20:106:2,فعل,1.000,بِقِيعَةٍ (24:39)
كتل,2,نَكْتَلْ,نكتل,كْتَلْ,12:63:13,فعل,0.800,اكْتَالُوا (83:2)
كحو,2,تَنْكِحُوهُنَّ,تنكحوهن,نْكِحُو,4:127:24,فعل,0.792,تَنْكِحُوهُنَّ (60:10)
كدح,2,كَادِحٌ,كادح,كَادِحٌ,84:6:4,فاعل,1.000,كَدْحَاً (84:6)
كرس,2,كُرْسِيُّهُ,كرسيه,كُرْسِيُّ,2:255:42,فعل,0.931,كُرْسِيِّهِ (38:34)
كسل,2,كُسَالَى,كسالى,كُسَالَى,4:142:12,فعالى,1.000,كُسَالَى (9:54)
ككر,2,نَكِّرُوا,نكروا,كِّرُ,27:41:2,فعل,0.752,فَكَّرَ (74:18)
ككل,2,وَكَّلْنَا,وكلنا,كَّلْ,6:89:12,فعل,0.752,وُكِّلَ (32:11)
كلي,2,كُلِي,كلي,كُلِي,16:69:2,فعل,1.000,فَكُلِي (19:26)
كمء,2,كَمَاءٍ,كماء,كَمَاءٍ,10:24:5,فعال,0.925,كَمَاءٍ (18:45)
كمم,2,أَكْمَامِهَا,أكمامها,أَكْمَامِ,41:47:10,افعال,1.000,الْأَكْمَامِ (55:11)
كهل,2,وَكَهْلَاً,وكهلا,كَهْلَ,3:46:5,فعل,1.000,وَكَهْلَاً (5:110)
لتف,2,يَلْتَفِتْ,يلتفت,لْتَفِ,11:81:15,فعل,0.800,يَلْتَفِتْ (15:65)
لجج,2,لُجَّةً,لجة,لُجَّ,27:44:8,فعل,0.973,لَجُّوا (67:21)
لخذ,2,وَلْيَأْخُذُوا,وليأخذوا,وَلْيَأْخُذُ,4:102:11,فياعل,0.554,
لدد,2,أَلَدُّ,ألد,أَلَدُّ,2:204:16,افعل,1.000,لُدَّاً (19:97)
لدع,2,وَلْيَدْعُ,وليدع,وَلْيَدْعُ,40:26:6,فيعال,0.581,فَلْيَدْعُ (96:17)
لزم,2,أَلْزَمْنَاهُ,ألزمناه,أَلْزَمْ,17:13:3,افعل,1.000,وَأَلْزَمَهُمْ (48:26)
لضل,2,لَضَالُّونَ,لضالون,لَضَالُّ,68:26:5,فعال,0.925,لَضَالُّونَ (83:32)
لغب,2,لُغُوبٌ,لغوب,لُغُوبٌ,35:35:14,فعول,1.000,لُغُوبٍ (50:38)
لهث,2,يَلْهَثْ,يلهث,لْهَثْ,7:176:17,فعل,0.920,
لهد,2,وَلَهَدَيْنَاهُمْ,ولهديناهم,لَهَدَيْ,4:68:1,فعل,0.970,لَهَدَيْنَاكُمْ (14:21)
لهو,2,تُلْهِيهِمْ,تلهيهم,لْهِي,24:37:3,فعل,1.000,تَلَهَّى (80:10)
ليس,2,أَوَلَيْسَ,أوليس,أَوَلَيْسَ,29:10:25,فعيل,0.823,أَوَلَيْسَ (36:81)
متن,2,مَتِينٌ,متين,مَتِينٌ,7:183:5,فعيل,1.000,مَتِينٌ (68:45)
مثا,2,الْمَثَانِي,المثاني,مَثَا,15:87:5,فعل,1.000,مَثَانِيَ (39:23)
مثب,2,لَمَثُوبَةٌ,لمثوبة,مَثُوبَ,2:103:5,فعول,0.925,مَثُوبَةً (5:60)
محق,2,يَمْحَقُ,يمحق,مْحَقُ,2:276:1,فعل,0.920,وَيَمْحَقَ (3:141)
محن,2,امْتَحَنَ,امتحن,امْتَحَنَ,49:3:10,افتعل,0.757,فَامْتَحِنُوهُنَّ (60:10)
مدت,2,مُدَّتِهِمْ,مدتهم,مُدَّتِ,9:4:18,فعل,0.900,مُدَّتْ (84:3)
مدن,2,تَمُدَّنَّ,تمدن,مُدَّنَّ,15:88:2,فعل,0.900,تَمُدَّنَّ (20:131)
مضي,2,مُضِيَّاً,مضيا,مُضِيَّ,36:67:8,فعل,1.000,وَمَضَى (43:8)
معي,2,اسْتَمَعُوهُ,استمعوه,اسْتَمَعُو,21:2:9,استفعل,1.000,الْمَاعُونَ (107:7)
مغن,2,مُغْنُونَ,مغنون,مُغْنُ,14:21:14,فعل,0.900,مُغْنُونَ (40:47)
نءي,2,وَنَأَى,ونأى,نَأَى,17:83:6,فعل,1.000,وَنَأَى (41:51)
نبءن,2,وَيَسْتَنْبِئُونَكَ,ويستنبئونك,سْتَنْبِئُونَكَ,10:53:1,فعلول,0.716,لَتُنَبَّؤُنَّ (64:7)
نحل,2,نِحْلَةً,نحلة,نِحْلَ,4:4:4,فعل,1.000,النَّحْلِ (16:68)
ندء,2,وَنِدَاءً,ونداء,نِدَاءً,2:171:12,فعال,0.925,نِدَاءً (19:3)
ندع,2,نَدْعُ,ندع,نَدْعُ,3:61:12,فعل,0.900,سَنَدْعُ (96:18)
نرث,2,نَرِثُ,نرث,نَرِثُ,19:40:3,فعل,0.900,وَنَرِثُهُ (19:80)
نزف,2,يُنْزَفُونَ,ينزفون,نْزَفُ,37:47:7,فعل,0.920,يُنْزِفُونَ (56:19)
نست,2,نَسِيتَ,نسيت,نَسِيتَ,18:24:8,فعيل,0.925,فَنَسِيتَهَا (20:126)
نشز,2,نُنْشِزُهَا,ننشزها,نْشِزُ,2:259:53,فعل,0.920,نُشُوزَاً (4:128)
نشط,2,وَالنَّاشِطَاتِ,والناشطات,نَاشِطَ,79:2:1,فاعل,1.000,نَشْطَاً (79:2)
نصت,2,وَأَنْصِتُوا,وأنصتوا,أَنْصِتُ,7:204:6,افعل,1.000,أَنْصِتُوا (46:29)
نصو,2,بِالنَّاصِيَةِ,بالناصية,نَاصِيَ,96:15:6,فاعل,1.000,نَاصِيَةٍ (96:16)
نضر,2,نَاضِرَةٌ,ناضرة,نَاضِرَ,75:22:3,فاعل,1.000,نَضْرَةً (76:11)
نعس,2,نُعَاسَاً,نعاسا,نُعَاسَ,3:154:8,فعال,1.000,النُّعَاسَ (8:11)
نفذ,2,تَنْفُذُوا,تنفذوا,نْفُذُ,55:33:7,فعل,0.920,تَنْفُذُونَ (55:33)
نفش,2,نَفَشَتْ,نفشت,نَفَشَ,21:78:8,فعل,1.000,الْمَنْفُوشِ (101:5)
نقب,2,نَقِيبَاً,نقيبا,نَقِيبَ,5:12:11,فعيل,1.000,نَقْبَاً (18:97)
نكب,2,لَنَاكِبُونَ,لناكبون,لَنَاكِبُ,23:74:8,فاعل,0.957,مَنَاكِبِهَا (67:15)
نكص,2,نَكَصَ,نكص,نَكَصَ,8:48:19,فعل,1.000,تَنْكِصُونَ (23:66)
نوص,2,مَنَاصٍ,مناص,مَنَاصٍ,38:3:10,مفعل,1.000,بِالنَّوَاصِي (55:41)
هبء,2,هَبَاءً,هباء,هَبَاءً,25:23:8,فعال,1.000,هَبَاءً (56:6)
هدد,2,يَهِدِّي,يهدي,هِدِّ,10:35:22,فعل,0.973,هَدَّاً (19:90)
هدن,2,هَدَانِ,هدان,هَدَانِ,6:80:8,فعال,0.925,يَهْدُونَنَا (64:6)
هذا,2,أَهَذَا,أهذا,أَهَذَا,21:36:9,فعل,1.000,أَهَذَا (25:41)
هرع,2,يُهْرَعُونَ,يهرعون,هْرَعُ,11:78:3,فعل,0.920,يُهْرَعُونَ (37:70)
هشم,2,هَشِيمَاً,هشيما,هَشِيمَ,18:45:15,فعيل,1.000,كَهَشِيمِ (54:31)
هضم,2,هَضْمَاً,هضما,هَضْمَ,20:112:11,فعل,1.000,هَضِيمٌ (26:148)
هلم,2,هَلُمَّ,هلم,هَلُمَّ,6:150:2,فعل,1.000,هَلُمَّ (33:18)
هيمن,2,وَمُهَيْمِنَاً,ومهيمنا,مُهَيْمِنَ,5:48:11,مفعلل,0.973,الْمُهَيْمِنُ (59:23)
واك,2,فَوَاكِهُ,فواكه,وَاكِ,23:19:10,فعل,0.900,فَوَاكِهُ (37:42)
وتن,2,يَفْتِنُوكَ,يفتنوك,فْتِنُو,5:49:12,فعل,0.960,يَتَنَاهَوْنَ (5:79)
وجف,2,أَوْجَفْتُمْ,أوجفتم,أَوْجَفْ,59:6:8,افعل,1.000,وَاجِفَةٌ (79:8)
وجو,2,الْوُجُوهَ,الوجوه,وُجُو,18:29:24,فعل,1.000,الْوُجُوهُ (20:111)
ودق,2,الْوَدْقَ,الودق,وَدْقَ,24:43:14,فعل,1.000,الْوَدْقَ (30:48)
وسل,2,الْوَسِيلَةَ,الوسيلة,وَسِيلَ,5:35:8,فعيل,1.000,الْوَسِيلَةَ (17:57)
وصب,2,وَاصِبَاً,واصبا,وَاصِبَ,16:52:8,فاعل,1.000,وَاصِبٌ (37:9)
وصد,2,وَصَدٌّ,وصد,وَصَدٌّ,2:217:11,فعل,1.000,بِالْوَصِيدِ (18:18)
وطر,2,وَطَرَاً,وطرا,وَطَرَ,33:37:30,فعل,1.000,
وظل,2,وَظِلٍّ,وظل,وَظِلٍّ,56:30:1,فعل,0.900,وَظِلٍّ (56:43)
وعي,2,بِأَوْعِيَتِهِمْ,بأوعيتهم,أَوْعِيَ,12:76:2,افعل,1.000,وَاعِيَةٌ (69:12)
وفق,2,يُوَفِّقِ,يوفق,وَفِّقِ,4:35:15,فعل,1.000,وَتَوْفِيقَاً (4:62)
وقذ,2,وَالْمَوْقُوذَةُ,والموقوذة,مَوْقُوذَ,5:3:13,مفعول,1.000,يَسْتَنْقِذُوهُ (22:73)
وكء,2,مُكَاءً,مكاء,مُكَاءً,8:35:7,مفعل,0.935,أَتَوَكَّأُ (20:18)
ولء,2,وَأُولَئِكُمْ,وأولئكم,أُولَئِ,4:91:27,افعل,0.850,أُولَئِكُمْ (54:43)
وهن,2,وَهْنَاً,وهنا,وَهْنَ,31:14:6,فعل,1.000,وَهْنٍ (31:14)
يذر,2,لِيَذَرَ,ليذر,يَذَرَ,3:179:4,فعل,1.000,وَيَذَرَكَ (7:127)
يرت,2,سِيرَتَهَا,سيرتها,يرَتَ,20:21:6,فعل,0.900,وَسُيِّرَتِ (78:20)
يسع,2,وَالْيَسَعَ,واليسع,يَسَعَ,6:86:2,فعل,1.000,وَالْيَسَعَ (38:48)
يضل,2,لَيُضِلُّونَ,ليضلون,لَيُضِلُّ,6:119:22,فعل,0.810,لَيُضِلُّنَا (25:42)
يكء,2,وَيْكَأَنَّ,ويكأن,وَيْكَأَنَّ,28:82:7,فعلان,0.748,وَيْكَأَنَّهُ (28:82)
يهب,2,يَهَبُ,يهب,يَهَبُ,42:49:8,فعل,0.900,وَيَهَبُ (42:49)
يور,2,يُوَارِي,يواري,يُوَارِ,5:31:9,فعال,0.925,يُوَارِي (7:26)
يوص,2,يُوصِي,يوصي,يُوصِ,4:11:52,فعل,0.900,يُوصَى (4:12)
يوق,2,يُوقَ,يوق,يُوقَ,59:9:26,فعل,0.900,يُوقَ (64:16)
يير,2,سُيِّرَتْ,سيرت,يِّرَ,13:31:4,فعل,0.846,سُيِّرَتْ (81:3)
ءببل,1,أَبَابِيلَ,أبابيل,أَبَابِيلَ,105:3:4,فعاليل,0.855,
ءبغ,1,أَبْغِي,أبغي,أَبْغِ,6:164:4,فعل,0.900,
ءبك,1,وَأَبْكَى,وأبكى,أَبْكَى,53:43:4,فعلى,1.000,
ءتك,1,يَأْتِكَ,يأتك,أْتِكَ,19:43:9,فعل,0.900,
ءتم,1,فَأَتَمَّهُنَّ,فأتمهن,أَتَمَّ,2:124:6,فعل,1.000,
ءتمر,1,وَأْتَمِرُوا,وأتمروا,وَأْتَمِرُ,65:6:25,فعلل,0.816,
ءتن,1,لَتَأْتِيَنَّكُمْ,لتأتينكم,لَتَأْتِيَنَّ,34:3:10,تفعيل,0.792,
ءثل,1,وَأَثْلٍ,وأثل,أَثْلٍ,34:16:12,فعل,1.000,
ءجب,1,أُجِبْتُمْ,أجبتم,أُجِبْ,5:109:7,فعل,0.900,
ءجل,1,مُؤَجَّلَاً,مؤجلا,مُؤَجَّلَ,3:145:10,مفعل,1.000,
ءجن,1,أَجِنَّةٌ,أجنة,أَجِنَّ,53:32:21,فعل,1.000,
ءحب,1,أَحَبَّ,أحب,أَحَبَّ,9:24:16,فعل,1.000,
ءحس,1,أَحَسَّ,أحس,أَحَسَّ,3:52:2,فعل,1.000,
ءحق,1,أَحَقَّ,أحق,أَحَقَّ,48:26:21,فعل,1.000,
ءحو,1,أَحْوَى,أحوى,أَحْوَى,87:5:3,فعلى,1.000,
ءخز,1,أَخْزَى,أخزى,أَخْزَى,41:16:16,فعلى,1.000,
ءخن,1,أَخُنْهُ,أخنه,أَخُنْ,12:52:5,فعل,0.900,
ءدء,1,وَأَدَاءٌ,وأداء,أَدَاءٌ,2:178:23,فعال,0.925,
ءدخل,1,وَلَأَدْخَلْنَاهُمْ,ولأدخلناهم,لَأَدْخَلْ,5:65:10,فعلل,0.974,
ءدل,1,فَأَدْلَى,فأدلى,أَدْلَى,12:19:5,فعلى,1.000,
ءده,1,أَدْهَى,أدهى,أَدْهَى,54:46:5,فعلى,1.000,
ءرك,1,أَرَاكَهُمْ,أراكهم,أَرَاكَ,8:43:8,فعال,1.000,
ءزل,1,فَأَزَلَّهُمَا,فأزلهما,أَزَلَّ,2:36:1,فعل,1.000,
ءسق,1,اتَّسَقَ,اتسق,اتَّسَقَ,84:18:3,افتعل,1.000,
ءسقي,1,لَأَسْقَيْنَاهُمْ,لأسقيناهم,لَأَسْقَيْ,72:16:5,فعلل,0.974,
ءسك,1,فَأَسْكَنَّاهُ,فأسكناه,أَسْكَ,23:18:6,فعل,0.900,
ءسل,1,وَأَسَلْنَا,وأسلنا,أَسَلْ,34:12:7,فعل,0.900,
ءسمع,1,لَأَسْمَعَهُمْ,لأسمعهم,لَأَسْمَعَ,8:23:6,فعلل,0.974,
ءصف,1,أَفَأَصْفَاكُمْ,أفأصفاكم,أَفَأَصْفَا,17:40:1,فلفعل,0.554,
ءصم,1,فَأَصَمَّهُمْ,فأصمهم,أَصَمَّ,47:23:5,فعل,1.000,
ءضح,1,أَضْحَكَ,أضحك,أَضْحَ,53:43:3,فعل,0.900,
ءطغ,1,وَأَطْغَى,وأطغى,أَطْغَى,53:52:9,فعلى,1.000,
ءعص,1,أَعْصِي,أعصي,أَعْصِ,18:69:8,فعل,0.900,
ءعن,1,لَأَعْنَتَكُمْ,لأعنتكم,لَأَعْنَ,2:220:22,فعل,1.000,
ءفح,1,أَفَحُكْمَ,أفحكم,أَفَحُ,5:50:1,فعل,0.900,
ءفض,1,أَفْضَى,أفضى,أَفْضَى,4:21:4,فعلى,1.000,
ءقت,1,أُقِّتَتْ,أقتت,أُقِّتَ,77:11:3,فعل,0.900,
ءقن,1,وَأَقْنَى,وأقنى,أَقْنَى,53:48:4,فعلى,1.000,
ءقي,1,اتَّقَيْتُنَّ,اتقيتن,اتَّقَيْ,33:32:8,افتعل,1.000,
ءكد,1,وَأَكْدَى,وأكدى,أَكْدَى,53:34:3,فعلى,1.000,
ءكر,1,أُكْرِهَ,أكره,أُكْرِ,16:106:9,فعل,0.900,
ءلت,1,أَلَتْنَاهُمْ,ألتناهم,أَلَتْ,52:21:10,فعل,1.000,
ءلد,1,أَأَلِدُ,أألد,أَلِدُ,11:72:3,فعل,0.900,
ءلن,1,وَأَلَنَّا,وألنا,أَلَن,34:10:10,فعل,1.000,
ءمء,1,وَإِمَائِكُمْ,وإمائكم,إِمَائِ,24:32:7,فعال,0.925,
ءمثل,1,كَأَمْثَالِ,كأمثال,كَأَمْثَالِ,56:23:1,فعلال,0.990,
ءمسك,1,لَأَمْسَكْتُمْ,لأمسكتم,لَأَمْسَكْ,17:100:9,فعلل,0.974,
ءمض,1,أَمْضِيَ,أمضي,أَمْضِ,18:60:12,فعل,0.900,
ءمع,1,أَمْعَاءَهُمْ,أمعاءهم,أَمْعَاءَ,47:15:44,فعلاء,0.940,
ءنه,1,أَنْهَكُمَا,أنهكما,أَنْهَ,7:22:18,فعل,0.900,
ءهب,1,لِأَهَبَ,لأهب,أَهَبَ,19:19:6,فعل,1.000,
ءهو,1,أَهْوَى,أهوى,أَهْوَى,53:53:2,فعلى,1.000,
ءوتت,1,أُوتِيتَ,أوتيت,أُوتِيتَ,20:36:3,فعليل,0.792,
ءور,1,فَأُوَارِيَ,فأواري,أُوَارِ,5:31:20,فعال,0.925,
ءوضع,1,وَلَأَوْضَعُوا,ولأوضعوا,لَأَوْضَعُ,9:47:8,فعلل,0.974,
ءوع,1,فَأَوْعَى,فأوعى,أَوْعَى,70:18:2,فعلى,1.000,
اثق,1,وَاثَقَكُمْ,واثقكم,اثَقَ,5:7:7,فعل,0.900,
اجي,1,نَاجَيْتُمُ,ناجيتم,اجَيْ,58:12:5,فعل,0.800,
ادا,1,نَادَانَا,نادانا,ادَا,37:75:2,فعل,0.900,
ارت,1,وَمَارُوتَ,وماروت,مَارُوتَ,2:102:23,مفعول,0.940,
ازب,1,لَازِبٍ,لازب,ازِبٍ,37:11:12,فعل,0.800,
ازز,1,وَازَّيَّنَتْ,وازينت,ازَّ,10:24:22,فعل,0.752,
اظر,1,نَاظِرِينَ,ناظرين,اظِرِ,33:53:15,فعل,0.800,
اغي,1,لَاغِيَةً,لاغية,اغِيَ,88:11:4,فعل,0.900,
اللذان,1,وَاللَّذَانِ,واللذان,اللَّذَانِ,4:16:1,closed_class,1.000,
انا,1,أَتَانَا,أتانا,انَا,74:47:2,فعل,0.900,
اهي,1,لَاهِيَةً,لاهية,اهِيَ,21:3:1,فعل,0.900,
بءخ,1,بِأَخٍ,بأخ,بِأَخٍ,12:59:6,فعل,0.900,
ببل,1,بِبَابِلَ,ببابل,بَابِلَ,2:102:21,فاعل,0.925,
بتر,1,الْأَبْتَرُ,الأبتر,أَبْتَرُ,108:3:4,افعل,1.000,
بجس,1,فَانْبَجَسَتْ,فانبجست,نْبَجَسَ,7:160:16,فعل,1.000,
بحث,1,يَبْحَثُ,يبحث,بْحَثُ,5:31:4,فعل,0.920,
بحق,1,بِحَقٍّ,بحق,بِحَقٍّ,5:116:26,فعل,0.900,
بدت,1,بَدَتِ,بدت,بَدَتِ,3:118:16,فعل,0.900,
بدر,1,بِبَدْرٍ,ببدر,بَدْرٍ,3:123:4,فعل,1.000,
بدم,1,بِدَمٍ,بدم,بِدَمٍ,12:18:4,فعل,0.900,
بذو,1,فَنَبَذُوهُ,فنبذوه,نَبَذُو,3:187:12,فعل,0.880,
بره,1,كِبْرَهُ,كبره,بْرَهُ,24:11:24,فعل,0.800,
بست,1,وَبُسَّتِ,وبست,بُسَّتِ,56:5:1,فعل,0.900,
بسس,1,بَسَّاً,بسا,بَسَّ,56:5:3,فعل,0.973,
بسق,1,بَاسِقَاتٍ,باسقات,بَاسِقَ,50:10:2,فاعل,1.000,
بشق,1,بِشِقِّ,بشق,بِشِقِّ,16:7:9,فعل,0.900,
بصل,1,وَبَصَلِهَا,وبصلها,بَصَلِ,2:61:22,فعل,1.000,
بطء,1,لَيُبَطِّئَنَّ,ليبطئن,لَيُبَطِّئَنَّ,4:72:4,يفعلن,0.638,
بطءن,1,بَطَائِنُهَا,بطائنها,بَطَائِنُ,55:54:4,فعالل,0.846,
بعثن,1,لَتُبْعَثُنَّ,لتبعثن,لَتُبْعَثُنَّ,64:7:10,تفعلل,0.664,
بغل,1,وَالْبِغَالَ,والبغال,بِغَالَ,16:8:2,فعال,1.000,
بغم,1,بِغَمٍّ,بغم,بِغَمٍّ,3:153:13,فعل,0.900,
بقع,1,الْبُقْعَةِ,البقعة,بُقْعَ,28:30:9,فعل,1.000,
بقل,1,بَقْلِهَا,بقلها,بَقْلِ,2:61:18,فعل,1.000,
بكك,1,بِبَكَّةَ,ببكة,بَكَّ,3:96:7,فعل,0.973,
بكي,1,وَبُكِيَّاً,وبكيا,بُكِيَّ,19:58:29,فعل,1.000,
بلع,1,ابْلَعِي,ابلعي,ابْلَعِ,11:44:3,افعل,1.000,
بلل,1,أَبِاللَّهِ,أبالله,أَبِاللَّ,9:65:9,فاعل,0.748,
بنءم,1,يَاابْنَأُمَّ,ياابنأم,ابْنَأُمَّ,20:94:2,افعلل,0.616,
بينت,1,تَبَيَّنَتِ,تبينت,تَبَيَّنَتِ,34:14:16,تفعلل,0.792,
بيي,1,بَيَّنَّاهُ,بيناه,بَيَّ,2:159:12,فعل,0.846,
تبا,1,تَابَا,تابا,تَابَا,4:16:6,فاعل,1.000,
تبعن,1,تَتَّبِعَنِ,تتبعن,تَتَّبِعَنِ,20:93:2,تفعلل,0.792,
تبغ,1,تَبْغِ,تبغ,تَبْغِ,28:77:18,فعل,0.900,
تبق,1,نَسْتَبِقُ,نستبق,سْتَبِقُ,12:17:5,فعل,0.873,
تبل,1,لَتُبْلَوُنَّ,لتبلون,لَتُبْلَ,3:186:1,فعل,0.810,
تتر,1,تَسْتَتِرُونَ,تستترون,سْتَتِرُ,41:22:3,فعل,0.873,
تتك,1,أَتَتْكَ,أتتك,تَتْكَ,20:126:3,فعل,0.900,
تثن,1,يَسْتَثْنُونَ,يستثنون,سْتَثْنُ,68:18:2,فعل,0.873,
تحا,1,يَتَحَاكَمُوا,يتحاكموا,تَحَا,4:60:17,فعل,1.000,
تحت,1,وَفُتِحَتِ,وفتحت,فُتِحَتِ,78:19:1,فعل,1.000,
تحر,1,تَحَرَّوْا,تحروا,تَحَرَّ,72:14:9,فعل,1.000,
تخل,1,وَتَخَلَّتْ,وتخلت,تَخَلَّ,84:4:4,فعل,1.000,
ترد,1,لَتُرْدِينِ,لتردين,لَتُرْدِ,37:56:5,فعل,0.810,
تشر,1,تَنْتَشِرُونَ,تنتشرون,نْتَشِرُ,30:20:11,فعل,0.792,
تصل,1,تَصِلُ,تصل,تَصِلُ,11:70:5,فعل,0.900,
تعد,1,تَعْدُ,تعد,تَعْدُ,18:28:12,فعل,0.900,
تعس,1,فَتَعْسَاً,فتعسا,تَعْسَ,47:8:3,فعل,1.000,
تعي,1,وَتَعِيَهَا,وتعيها,تَعِيَ,69:12:4,فعل,1.000,
تغش,1,يَسْتَغْشُونَ,يستغشون,سْتَغْشُ,11:5:9,فعل,0.873,
تفت,1,وَالْتَفَّتِ,والتفت,تَفَّتِ,75:29:1,فعل,0.900,
تفث,1,تَفَثَهُمْ,تفثهم,تَفَثَ,22:29:3,فعل,1.000,
تقع,1,تَقَعَ,تقع,تَقَعَ,22:65:18,فعل,1.000,
تقف,1,تَقْفُ,تقف,تَقْفُ,17:36:2,فعل,0.900,
تقن,1,أَتْقَنَ,أتقن,أَتْقَنَ,27:88:12,افعل,1.000,
تكم,1,أَتَتْكُمُ,أتتكم,تْكُمُ,6:40:8,فعل,0.800,
تلل,1,وَتَلَّهُ,وتله,تَلَّ,37:103:3,فعل,0.973,
تنس,1,تَنْسَ,تنس,تَنْسَ,28:77:8,فعل,0.900,
تنن,1,يَفْتِنَنَّكُمُ,يفتننكم,فْتِنَنَّ,7:27:4,فعل,0.810,
تهد,1,لَتَهْدِي,لتهدي,لَتَهْدِ,42:52:24,فعل,0.810,
تهل,1,نَبْتَهِلْ,نبتهل,بْتَهِلْ,3:61:20,فعل,0.810,
تهم,1,أَتَتْهُمْ,أتتهم,تْهُمْ,9:70:16,فعل,0.800,
توص,1,تُوصُونَ,توصون,تُوصُ,4:12:46,فعل,0.900,
توك,1,أَتَوْكَ,أتوك,تَوْكَ,9:92:6,فعل,0.900,
تيا,1,أَتَيَا,أتيا,تَيَا,18:77:4,فعل,1.000,
ثبتو,1,لِيُثْبِتُوكَ,ليثبتوك,ثْبِتُو,8:30:6,فعلل,0.765,
ثبط,1,فَثَبَّطَهُمْ,فثبطهم,ثَبَّطَ,9:46:11,فعل,1.000,
ثبو,1,ثُبُوتِهَا,ثبوتها,ثُبُو,16:94:9,فعل,1.000,
ثجج,1,ثَجَّاجَاً,ثجاجا,ثَجَّاجَ,78:14:5,فعال,1.000,
ثرن,1,فَأَثَرْنَ,فأثرن,أَثَرْنَ,100:4:1,افعل,0.925,
ثري,1,الثَّرَى,الثرى,ثَرَى,20:6:12,فعل,1.000,
ثقفن,1,تَثْقَفَنَّهُمْ,تثقفنهم,ثْقَفَنَّ,8:57:2,فعلل,0.697,
ثقفو,1,يَثْقَفُوكُمْ,يثقفوكم,ثْقَفُو,60:2:2,فعلل,0.765,
ثلى,1,الْمُثْلَى,المثلى,مُثْلَى,20:63:13,مفعل,1.000,
ثيب,1,ثَيِّبَاتٍ,ثيبات,ثَيِّبَ,66:5:16,فعل,1.000,
جبت,1,بِالْجِبْتِ,بالجبت,جِبْتِ,4:51:10,فعل,1.000,
جبه,1,جِبَاهُهُمْ,جباههم,جِبَاهُ,9:35:9,فعال,1.000,
جبي,1,يُجْبَى,يجبى,جْبَى,28:57:14,فعل,1.000,
جتث,1,اجْتُثَّتْ,اجتثت,اجْتُثَّ,14:26:6,افعل,0.925,
ججر,1,فُجِّرَتْ,فجرت,جِّرَ,82:3:3,فعل,0.846,
ججه,1,وَجَّهْتُ,وجهت,جَّهْ,6:79:2,فعل,0.752,
جذو,1,جَذْوَةٍ,جذوة,جَذْوَ,28:29:23,فعل,1.000,
جرر,1,يَجُرُّهُ,يجره,جُرُّ,7:150:21,فعل,0.973,
جرع,1,يَتَجَرَّعُهُ,يتجرعه,يَتَجَرَّعُ,14:17:1,تفعل,0.936,
جرف,1,جُرُفٍ,جرف,جُرُفٍ,9:109:16,فعل,1.000,
جسس,1,تَجَسَّسُوا,تجسسوا,تَجَسَّسُ,49:12:13,فعل,1.000,
جعلو,1,يَجْعَلُوهُ,يجعلوه,جْعَلُو,12:15:6,فعلل,0.765,
جفء,1,جُفَاءً,جفاء,جُفَاءً,13:17:31,فعال,0.925,
جفن,1,وَجِفَانٍ,وجفان,جِفَانٍ,34:13:8,فعال,1.000,
جفو,1,تَتَجَافَى,تتجافى,تَتَجَافَى,32:16:1,تفاعل,1.000,
جلء,1,الْجَلَاءَ,الجلاء,جَلَاءَ,59:3:6,فعال,0.925,
جلب,1,وَأَجْلِبْ,وأجلب,أَجْلِبْ,17:64:6,افعل,1.000,
جلبب,1,جَلَابِيبِهِنَّ,جلابيبهن,جَلَابِيبِ,33:59:11,فعاليل,0.855,
جلدو,1,فَاجْلِدُوهُمْ,فاجلدوهم,جْلِدُو,24:4:9,فعلل,0.765,
جلس,1,الْمَجَالِسِ,المجالس,مَجَالِسِ,58:11:9,مفاعل,1.000,
جمح,1,يَجْمَحُونَ,يجمحون,جْمَحُ,9:57:11,فعل,0.920,
جمد,1,جَامِدَةً,جامدة,جَامِدَ,27:88:4,فاعل,1.000,
جمم,1,جَمَّاً,جما,جَمَّ,89:20:4,فعل,0.973,
جوف,1,جَوْفِهِ,جوفه,جَوْفِ,33:4:8,فعل,1.000,
جيس,1,فَجَاسُوا,فجاسوا,جَاسُ,17:5:12,فعل,1.000,
حبك,1,الْحُبُكِ,الحبك,حُبُكِ,51:7:3,فعل,1.000,
حبه,1,نَحْبَهُ,نحبه,حْبَهُ,33:23:12,فعل,0.800,
حتم,1,حَتْمَاً,حتما,حَتْمَ,19:71:8,فعل,1.000,
حثث,1,حَثِيثَاً,حثيثا,حَثِيثَ,7:54:19,فعيل,1.000,
حجن,1,أَتُحَاجُّونِّي,أتحاجوني,حَاجُّون,6:80:4,فاعول,1.000,
حدب,1,حَدَبٍ,حدب,حَدَبٍ,21:96:9,فعل,1.000,
حذرو,1,فَاحْذَرُوهُمْ,فاحذروهم,حْذَرُو,64:14:10,فعلل,0.765,
حرد,1,حَرْدٍ,حرد,حَرْدٍ,68:25:3,فعل,1.000,
حرس,1,حَرَسَاً,حرسا,حَرَسَ,72:8:6,فعل,1.000,
حسرت,1,يَاحَسْرَتَا,ياحسرتا,حَسْرَتَا,39:56:4,فعلل,0.749,
حسم,1,حُسُومَاً,حسوما,حُسُومَ,69:7:7,فعول,1.000,
حصحص,1,حَصْحَصَ,حصحص,حَصْحَصَ,12:51:21,فعلل,0.957,
حصرو,1,وَاحْصُرُوهُمْ,واحصروهم,حْصُرُو,9:5:10,فعلل,0.765,
حصل,1,وَحُصِّلَ,وحصل,حُصِّلَ,100:10:1,فعل,1.000,
حضن,1,يَحِضْنَ,يحضن,يَحِضْنَ,65:4:14,يفعل,0.832,
حطمن,1,يَحْطِمَنَّكُمْ,يحطمنكم,حْطِمَنَّ,27:18:14,فعلل,0.697,
حفد,1,وَحَفَدَةً,وحفدة,حَفَدَ,16:72:12,فعل,1.000,
حفف,1,وَحَفَفْنَاهُمَا,وحففناهما,حَفَفْ,18:32:10,فعل,1.000,
حقف,1,بِالْأَحْقَافِ,بالأحقاف,أَحْقَافِ,46:21:7,افعال,1.000,
حلقم,1,الْحُلْقُومَ,الحلقوم,حُلْقُومَ,56:83:4,فعلول,0.973,
حملو,1,يَحْمِلُوهَا,يحملوها,حْمِلُو,62:5:7,فعلل,0.765,
حنذ,1,حَنِيذٍ,حنيذ,حَنِيذٍ,11:69:15,فعيل,1.000,
حنن,1,وَحَنَانَاً,وحنانا,حَنَانَ,19:13:1,فعال,1.000,
حوب,1,حُوبَاً,حوبا,حُوبَ,4:2:15,فعل,1.000,
حوز,1,مُتَحَيِّزَاً,متحيزا,مُتَحَيِّزَ,8:16:9,متفعل,1.000,
حيء,1,اسْتِحْيَاءٍ,استحياء,اسْتِحْيَاءٍ,28:25:5,استفعال,0.957,
خءب,1,خَائِبِينَ,خائبين,خَائِبِ,3:127:9,فاعل,0.925,
خءض,1,الْخَائِضِينَ,الخائضين,خَائِضِ,74:45:4,فاعل,0.925,
خبء,1,الْخَبْءَ,الخبء,خَبْءَ,27:25:6,فعل,1.000,
خبز,1,خُبْزَاً,خبزا,خُبْزَ,12:36:18,فعل,1.000,
خبط,1,يَتَخَبَّطُهُ,يتخبطه,يَتَخَبَّطُ,2:275:10,تفعل,0.936,
خدعو,1,يَخْدَعُوكَ,يخدعوك,خْدَعُو,8:62:4,فعلل,0.765,
خذن,1,وَأَخَذْنَ,وأخذن,أَخَذْنَ,4:21:8,افعل,0.925,
خرجا,1,وَيَسْتَخْرِجَا,ويستخرجا,سْتَخْرِجَا,18:82:20,فعلل,0.742,
خرطم,1,الْخُرْطُومِ,الخرطوم,خُرْطُومِ,68:16:3,فعلول,0.973,
خشب,1,خُشُبٌ,خشب,خُشُبٌ,63:4:10,فعل,1.000,
خشت,1,خَشِيتُ,خشيت,خَشِيتُ,20:94:9,فعيل,0.925,
خشعت,1,وَخَشَعَتِ,وخشعت,خَشَعَتِ,20:108:7,فعلل,0.765,
خضد,1,مَخْضُودٍ,مخضود,مَخْضُودٍ,56:28:3,مفعول,1.000,
خطط,1,تَخُطُّهُ,تخطه,خُطُّ,29:48:9,فعل,0.973,
خلع,1,فَاخْلَعْ,فاخلع,خْلَعْ,20:12:4,فعل,0.920,
خمط,1,خَمْطٍ,خمط,خَمْطٍ,34:16:11,فعل,1.000,
خنت,1,فَخَانَتَاهُمَا,فخانتاهما,خَانَتَا,66:10:16,فاعل,0.832,
خنزر,1,وَالْخَنَازِيرَ,والخنازير,خَنَازِيرَ,5:60:18,فعاليل,0.983,
خنق,1,وَالْمُنْخَنِقَةُ,والمنخنقة,مُنْخَنِقَ,5:3:12,منفعل,1.000,
خيم,1,الْخِيَامِ,الخيام,خِيَامِ,55:72:4,فعال,1.000,
دءو,1,بَدَءُوكُمْ,بدءوكم,بَدَءُو,9:13:10,فعل,0.900,
دتك,1,وَالِدَتِكَ,والدتك,دَتِكَ,5:110:11,فعل,1.000,
دثر,1,الْمُدَّثِّرُ,المدثر,مُدَّثِّرُ,74:1:2,مفعل,1.000,
دحو,1,دَحَاهَا,دحاها,دَحَا,79:30:4,فعل,1.000,
ددت,1,وَدَّتْ,ودت,دَّتْ,3:69:1,فعل,0.752,
دسا,1,دَسَّاهَا,دساها,دَسَّا,91:10:4,فعل,1.000,
دسر,1,وَدُسُرٍ,ودسر,دُسُرٍ,54:13:5,فعل,1.000,
دسس,1,يَدُسُّهُ,يدسه,دُسُّ,16:59:13,فعل,0.973,
دفء,1,دِفْءٌ,دفء,دِفْءٌ,16:5:5,فعل,1.000,
دفق,1,دَافِقٍ,دافق,دَافِقٍ,86:6:4,فاعل,1.000,
دمء,1,دِمَاؤُهَا,دماؤها,دِمَاؤُ,22:37:6,فعال,0.925,
دمت,1,دَامَتِ,دامت,دَامَتِ,11:108:9,فاعل,0.925,
دمدم,1,فَدَمْدَمَ,فدمدم,دَمْدَمَ,91:14:3,فعلل,0.957,
دمغ,1,فَيَدْمَغُهُ,فيدمغه,دْمَغُ,21:18:6,فعل,0.920,
دنر,1,بِدِينَارٍ,بدينار,دِينَارٍ,3:75:14,فيعال,0.973,
دهق,1,دِهَاقَاً,دهاقا,دِهَاقَ,78:34:2,فعال,1.000,
دوم,1,وَدَمٍ,ودم,وَدَمٍ,16:66:13,فعل,0.990,
دونن,1,أَتُمِدُّونَنِ,أتمدونن,مِدُّونَنِ,27:36:5,مفعلل,0.684,
ذءم,1,مَذْءُومَاً,مذءوما,مَذْءُومَ,7:18:4,مفعول,1.000,
ذان,1,فَذَانِكَ,فذانك,ذَانِ,28:32:15,فعل,0.900,
ذبذب,1,مُذَبْذَبِينَ,مذبذبين,مُذَبْذَبِ,4:143:1,مفعلل,0.973,
ذعن,1,مُذْعِنِينَ,مذعنين,مُذْعِنِ,24:49:7,مفعل,1.000,
ذقا,1,ذَاقَا,ذاقا,ذَاقَا,7:22:4,فاعل,1.000,
ذكو,1,ذَكَّيْتُمْ,ذكيتم,ذَكَّيْ,5:3:21,فعل,1.000,
ذنو,1,يَسْتَأْذِنُوهُ,يستأذنوه,سْتَأْذِنُوهُ,24:62:16,افعل,0.825,
ذهل,1,تَذْهَلُ,تذهل,ذْهَلُ,22:2:3,فعل,0.920,
ذود,1,تَذُودَانِ,تذودان,تَذُودَانِ,28:23:15,فعلان,0.830,
ذوقو,1,فَذُوقُوهُ,فذوقوه,ذُوقُو,8:14:2,فعلل,0.900,
ذيع,1,أَذَاعُوا,أذاعوا,أَذَاعُ,4:83:8,افعل,1.000,
ربح,1,رَبِحَتْ,ربحت,رَبِحَ,2:16:7,فعل,1.000,
ربم,1,رُبَمَا,ربما,رُبَمَا,15:2:1,فعل,0.810,
رتدد,1,يَرْتَدِدْ,يرتدد,رْتَدِدْ,2:217:39,فعلل,0.697,
رتع,1,يَرْتَعْ,يرتع,رْتَعْ,12:12:4,فعل,0.920,
رتق,1,رَتْقَاً,رتقا,رَتْقَ,21:30:9,فعل,1.000,
رجت,1,رُجَّتِ,رجت,رُجَّتِ,56:4:2,فعل,0.900,
رجج,1,رَجَّاً,رجا,رَجَّ,56:4:4,فعل,0.973,
رجعو,1,تَرْجِعُوهُنَّ,ترجعوهن,رْجِعُو,60:10:16,فعلل,0.765,
رجمو,1,يَرْجُمُوكُمْ,يرجموكم,رْجُمُو,18:20:5,فعلل,0.765,
رجن,1,تَبَرَّجْنَ,تبرجن,بَرَّجْنَ,33:33:5,فعل,0.810,
رحق,1,رَحِيقٍ,رحيق,رَحِيقٍ,83:25:3,فعيل,1.000,
رخء,1,رُخَاءً,رخاء,رُخَاءً,38:36:6,فعال,0.925,
ردء,1,رِدْءَاً,ردءا,رِدْءَ,28:34:9,فعل,1.000,
ردم,1,رَدْمَاً,ردما,رَدْمَ,18:95:12,فعل,1.000,
ررت,1,فَرَّتْ,فرت,رَّتْ,74:51:1,فعل,0.752,
رصص,1,مَرْصُوصٌ,مرصوص,مَرْصُوصٌ,61:4:11,مفعول,1.000,
رضت,1,وَرَضِيتُ,ورضيت,رَضِيتُ,5:3:47,فعيل,0.925,
رضن,1,يُرْضُونَكُمْ,يرضونكم,رْضُونَ,9:8:11,فعول,0.850,
رضه,1,يَرْضَهُ,يرضه,رْضَهُ,39:7:13,فعل,0.800,
رعء,1,الرِّعَاءُ,الرعاء,رِعَاءُ,28:23:24,فعال,0.925,
رغم,1,مُرَاغَمَاً,مراغما,مُرَاغَمَ,4:100:9,مفاعل,1.000,
رفرف,1,رَفْرَفٍ,رفرف,رَفْرَفٍ,55:76:3,فعلل,0.957,
رقق,1,رَقٍّ,رق,رَقٍّ,52:3:2,فعل,0.973,
ركبن,1,لَتَرْكَبُنَّ,لتركبن,لَتَرْكَبُنَّ,84:19:1,تفعلل,0.713,
ركبو,1,لِتَرْكَبُوهَا,لتركبوها,رْكَبُو,16:8:4,فعلل,0.765,
ركد,1,رَوَاكِدَ,رواكد,رَوَاكِدَ,42:33:6,فواعل,0.973,
ركز,1,رِكْزَاً,ركزا,رِكْزَ,19:98:14,فعل,1.000,
ركو,1,وَتَرَكُوكَ,وتركوك,تَرَكُو,62:11:8,تفعل,1.000,
رمح,1,وَرِمَاحُكُمْ,ورماحكم,رِمَاحُ,5:94:11,فعال,1.000,
رمد,1,كَرَمَادٍ,كرماد,كَرَمَادٍ,14:18:6,فعال,0.957,
رمز,1,رَمْزَاً,رمزا,رَمْزَ,3:41:14,فعل,1.000,
ريش,1,وَرِيشَاً,وريشا,رِيشَ,7:26:9,فعل,1.000,
ريع,1,رِيعٍ,ريع,رِيعٍ,26:128:3,فعل,1.000,
ريك,1,يُرِيكَهُمُ,يريكهم,رِيكَ,8:43:2,فعل,0.900,
زبا,1,الزَّبَانِيَةَ,الزبانية,زَبَانِيَ,96:18:2,فعل,0.970,
زحف,1,زَحْفَاً,زحفا,زَحْفَ,8:15:8,فعل,1.000,
زدر,1,تَزْدَرِي,تزدري,زْدَرِ,11:31:17,فعل,0.800,
زده,1,فَزِدْهُ,فزده,زِدْهُ,38:61:7,فعل,0.900,
زرب,1,وَزَرَابِيُّ,وزرابي,زَرَابِيُّ,88:16:1,فعال,0.957,
زرق,1,زُرْقَاً,زرقا,زُرْقَ,20:102:8,فعل,1.000,
ززع,1,فُزِّعَ,فزع,زِّعَ,34:23:11,فعل,0.846,
زغت,1,زَاغَتِ,زاغت,زَاغَتِ,33:10:9,فاعل,0.925,
زفت,1,أَزِفَتِ,أزفت,أَزِفَتِ,53:57:1,افعل,0.850,
زفف,1,يَزِفُّونَ,يزفون,زِفُّ,37:94:3,فعل,0.973,
زكم,1,أَنُلْزِمُكُمُوهَا,أنلزمكموها,لْزِمُكُمُو,11:28:16,فلعلو,0.517,
زل,1,وَلَا تَزَالُ,ولا تزال,لَا تَزَالُ,5:13:17,افتعال,0.810,
زلت,1,زَالَتَا,زالتا,زَالَتَا,35:41:9,فاعل,0.832,
زمل,1,الْمُزَّمِّلُ,المزمل,مُزَّمِّلُ,73:1:2,مفعل,1.000,
زمهر,1,زَمْهَرِيرَاً,زمهريرا,زَمْهَرِيرَ,76:13:10,فعللير,0.765,
زنم,1,زَنِيمٍ,زنيم,زَنِيمٍ,68:13:4,فعيل,1.000,
زهد,1,الزَّاهِدِينَ,الزاهدين,زَاهِدِ,12:20:9,فاعل,1.000,
زهر,1,زَهْرَةَ,زهرة,زَهْرَ,20:131:10,فعل,1.000,
سءب,1,سَائِبَةٍ,سائبة,سَائِبَ,5:103:7,فاعل,0.925,
سءتي,1,سَآتِيكُمْ,سآتيكم,سَءَاتِي,27:7:8,فعالل,0.900,
سءق,1,سَائِقٌ,سائق,سَائِقٌ,50:21:5,فاعل,0.925,
سبقو,1,يَسْبِقُونَا,يسبقونا,سْبِقُو,29:4:7,فعلل,0.765,
ستب,1,الْمُسْتَبِينَ,المستبين,مُسْتَبِ,37:117:3,مفعل,0.925,
ستجب,1,أَسْتَجِبْ,أستجب,أَسْتَجِبْ,40:60:4,فعلل,0.614,
ستح,1,وَاسْتَحْيُوا,واستحيوا,اسْتَحْيُ,40:25:12,افعل,0.897,
ستحب,1,يَسْتَحِبُّونَ,يستحبون,سْتَحِبُّ,14:3:2,فعلل,0.697,
ستر,1,مَسْتُورَاً,مستورا,مَسْتُورَ,17:45:12,مفعول,1.000,
ستفز,1,يَسْتَفِزَّهُمْ,يستفزهم,سْتَفِزَّهُمْ,17:103:3,فعلل,0.628,
سجي,1,سَجَى,سجى,سَجَى,93:2:3,فعل,1.000,
سحل,1,بِالسَّاحِلِ,بالساحل,سَاحِلِ,20:39:10,فاعل,1.000,
سخت,1,نُسْخَتِهَا,نسختها,سْخَتِ,7:154:9,فعل,0.800,
سخف,1,مُسْتَخْفٍ,مستخف,مُسْتَخْفٍ,13:10:11,مفتعل,0.880,
سدي,1,سُدَىً,سدى,سُدَىً,75:36:5,فعل,1.000,
سرد,1,السَّرْدِ,السرد,سَرْدِ,34:11:6,فعل,1.000,
سردق,1,سُرَادِقُهَا,سرادقها,سُرَادِقُ,18:29:17,فعالل,0.973,
سطح,1,سُطِحَتْ,سطحت,سُطِحَ,88:20:4,فعل,1.000,
سطن,1,فَوَسَطْنَ,فوسطن,وَسَطْنَ,100:5:1,فعل,0.873,
سطو,1,بَاسِطُو,باسطو,بَاسِطُو,6:93:31,افعل,0.957,
سغب,1,مَسْغَبَةٍ,مسغبة,مَسْغَبَ,90:14:6,مفعل,1.000,
سغش,1,وَاسْتَغْشَوْا,واستغشوا,اسْتَغْشَ,71:7:10,افتعل,0.616,
سفز,1,لَيَسْتَفِزُّونَكَ,ليستفزونك,لَيَسْتَفِزُّونَ,17:76:3,يفتعل,0.677,
سفع,1,لَنَسْفَعَاً,لنسفعا,نَسْفَعَ,96:15:5,فعل,1.000,
سكب,1,مَسْكُوبٍ,مسكوب,مَسْكُوبٍ,56:31:2,مفعول,1.000,
سكت,1,سَكَتَ,سكت,سَكَتَ,7:154:2,فعل,1.000,
سلب,1,يَسْلُبْهُمُ,يسلبهم,سْلُبْ,22:73:20,فعل,0.920,
سلن,1,تَسْأَلْنِ,تسألن,سْأَلْنِ,11:46:12,فاعل,0.775,
سله,1,نَسْلَهُ,نسله,سْلَهُ,32:8:3,فعل,0.800,
سمد,1,سَامِدُونَ,سامدون,سَامِدُ,53:61:2,فاعل,1.000,
سمعن,1,وَلَتَسْمَعُنَّ,ولتسمعن,لَتَسْمَعُنَّ,3:186:5,تفعلل,0.713,
سمك,1,سَمْكَهَا,سمكها,سَمْكَ,79:28:2,فعل,1.000,
سند,1,مُسَنَّدَةٌ,مسندة,مُسَنَّدَ,63:4:11,مفعل,1.000,
سنم,1,تَسْنِيمٍ,تسنيم,تَسْنِيمٍ,83:27:3,تفعيل,1.000,
سهر,1,بِالسَّاهِرَةِ,بالساهرة,سَاهِرَ,79:14:3,فاعل,1.000,
سهل,1,سُهُولِهَا,سهولها,سُهُولِ,7:74:13,فعول,1.000,
سوح,1,بِسَاحَتِهِمْ,بساحتهم,سَاحَ,37:177:3,فعل,1.000,
سوغ,1,يُسِيغُهُ,يسيغه,يُسِيغُ,14:17:4,فعل,1.000,
سوى,1,سَاوَى,ساوى,سَاوَى,18:96:6,فاعل,1.000,
سيل,1,السَّيْلُ,السيل,سَيْلُ,13:17:9,فعل,1.000,
شبب,1,شُبِّهَ,شبه,شُبِّ,4:157:15,فعل,0.846,
شتء,1,الشِّتَاءِ,الشتاء,شِتَاءِ,106:2:3,فعال,0.925,
شتد,1,اشْتَدَّتْ,اشتدت,اشْتَدَّ,14:18:7,افعل,0.925,
شتك,1,وَتَشْتَكِي,وتشتكي,شْتَكِ,58:1:9,فعل,0.800,
شجرت,1,شَجَرَتَ,شجرت,شَجَرَتَ,44:43:2,فعلل,0.765,
شحم,1,شُحُومَهُمَا,شحومهما,شُحُومَ,6:146:13,فعول,1.000,
شرد,1,فَشَرِّدْ,فشرد,شَرِّدْ,8:57:5,فعل,1.000,
شرذم,1,لَشِرْذِمَةٌ,لشرذمة,شِرْذِمَ,26:54:3,فعلل,0.880,
شرط,1,أَشْرَاطُهَا,أشراطها,أَشْرَاطُ,47:18:10,افعال,1.000,
شعرن,1,يُشْعِرَنَّ,يشعرن,شْعِرَنَّ,18:19:36,فعلل,0.697,
شعل,1,وَاشْتَعَلَ,واشتعل,اشْتَعَلَ,19:4:7,افتعل,0.757,
شغف,1,شَغَفَهَا,شغفها,شَغَفَ,12:30:12,فعل,1.000,
شفت,1,وَشَفَتَيْنِ,وشفتين,شَفَتَ,90:9:2,فعل,1.000,
شقت,1,انْشَقَّتْ,انشقت,شَقَّتْ,84:1:3,فعل,0.900,
شكس,1,مُتَشَاكِسُونَ,متشاكسون,مُتَشَاكِسُ,39:29:7,متفاعل,1.000,
شلا,1,تَفْشَلَا,تفشلا,فْشَلَا,3:122:6,فعل,0.970,
شمءز,1,اشْمَأَزَّتْ,اشمأزت,شْمَأَزَّ,39:45:5,فعلل,0.697,
شمت,1,تُشْمِتْ,تشمت,شْمِتْ,7:150:32,فعل,0.920,
شمخ,1,شَامِخَاتٍ,شامخات,شَامِخَ,77:27:4,فاعل,1.000,
شوز,1,نُشُوزَهُنَّ,نشوزهن,شُوزَ,4:34:24,فعل,0.900,
شوظ,1,شُوَاظٌ,شواظ,شُوَاظٌ,55:35:3,فعال,1.000,
شوك,1,الشَّوْكَةِ,الشوكة,شَوْكَ,8:7:12,فعل,1.000,
صخخ,1,الصَّاخَّةُ,الصاخة,صَاخَّ,80:33:3,فاعل,1.000,
صرع,1,صَرْعَى,صرعى,صَرْعَى,69:7:11,فعلى,1.000,
صطد,1,فَاصْطَادُوا,فاصطادوا,صْطَادُ,5:2:26,فعال,0.850,
صطرخ,1,يَصْطَرِخُونَ,يصطرخون,صْطَرِخُ,35:37:2,فعلل,0.697,
صطنع,1,وَاصْطَنَعْتُكَ,واصطنعتك,اصْطَنَعْ,20:41:1,فعلل,0.677,
صعر,1,تُصَعِّرْ,تصعر,صَعِّرْ,31:18:2,فعل,1.000,
صغو,1,وَلِتَصْغَى,ولتصغى,صْغَى,6:113:1,فعل,1.000,
صفصف,1,صَفْصَفَاً,صفصفا,صَفْصَفَ,20:106:3,فعلل,0.957,
صفن,1,الصَّافِنَاتُ,الصافنات,صَافِنَ,38:31:5,فاعل,1.000,
صكت,1,فَصَكَّتْ,فصكت,صَكَّتْ,51:29:5,فعل,0.900,
صلت,1,فَصَلَتِ,فصلت,صَلَتِ,12:94:2,فعل,0.900,
صلد,1,صَلْدَاً,صلدا,صَلْدَ,2:264:27,فعل,1.000,
صله,1,وَنُصْلِهِ,ونصله,صْلِهِ,4:115:17,فعل,0.800,
صمت,1,صَامِتُونَ,صامتون,صَامِتُ,7:193:12,فاعل,1.000,
صمد,1,الصَّمَدُ,الصمد,صَمَدُ,112:2:2,فعل,1.000,
صوت,1,بِنَاصِيَتِهَا,بناصيتها,نَاصِيَتِ,11:56:13,افعل,0.883,
صوع,1,صُوَاعَ,صواع,صُوَاعَ,12:72:3,فعال,1.000,
صيبن,1,تُصِيبَنَّ,تصيبن,تُصِيبَنَّ,8:25:4,تفعلل,0.684,
صيف,1,وَالصَّيْفِ,والصيف,صَيْفِ,106:2:4,فعل,1.000,
ضءق,1,وَضَائِقٌ,وضائق,ضَائِقٌ,11:12:7,فاعل,0.925,
ضءن,1,الضَّأْنِ,الضأن,ضَأْنِ,6:143:4,فعل,1.000,
ضبح,1,ضَبْحَاً,ضبحا,ضَبْحَ,100:1:2,فعل,1.000,
ضدد,1,ضِدَّاً,ضدا,ضِدَّ,19:82:6,فعل,0.973,
ضطرر,1,اضْطُرِرْتُمْ,اضطررتم,ضْطُرِرْ,6:119:18,فعلل,0.697,
ضفدع,1,وَالضَّفَادِعَ,والضفادع,ضَفَادِعَ,7:133:6,فعالل,0.973,
ضلا,1,أَضَلَّانَا,أضلانا,أَضَلَّا,41:29:7,افعل,1.000,
ضمر,1,ضَامِرٍ,ضامر,ضَامِرٍ,22:27:9,فاعل,1.000,
ضنك,1,ضَنْكَاً,ضنكا,ضَنْكَ,20:124:8,فعل,1.000,
ضهء,1,يُضَاهِئُونَ,يضاهئون,ضَاهِئُ,9:30:14,فاعل,0.925,
ضيز,1,ضِيزَى,ضيزى,ضِيزَى,53:22:4,فعلى,1.000,
طءع,1,طَائِعِينَ,طائعين,طَائِعِ,41:11:16,فاعل,0.925,
طبن,1,طِبْنَ,طبن,طِبْنَ,4:4:6,فعل,0.900,
طحي,1,طَحَاهَا,طحاها,طَحَا,91:6:3,فعل,1.000,
طرت,1,فِطْرَتَ,فطرت,فِطْرَتَ,30:30:5,فعل,0.810,
طرح,1,اطْرَحُوهُ,اطرحوه,اطْرَحُو,12:9:4,افعلو,0.805,
طفف,1,لِلْمُطَفِّفِينَ,للمطففين,مُطَفِّفِ,83:1:2,مفعل,1.000,
طلح,1,وَطَلْحٍ,وطلح,طَلْحٍ,56:29:1,فعل,1.000,
طمم,1,الطَّامَّةُ,الطامة,طَامَّ,79:34:3,فاعل,1.000,
طهرن,1,يَطْهُرْنَ,يطهرن,طْهُرْنَ,2:222:14,فعلل,0.630,
طود,1,كَالطَّوْدِ,كالطود,طَوْدِ,26:63:12,فعل,1.000,
ظعن,1,ظَعْنِكُمْ,ظعنكم,ظَعْنِ,16:80:15,فعل,1.000,
ظلت,1,فَظَلَّتْ,فظلت,ظَلَّتْ,26:4:8,فعل,0.900,
ظنو,1,الظُّنُونَا,الظنونا,ظُنُو,33:10:16,فعل,1.000,
ظهرو,1,يَظْهَرُوهُ,يظهروه,ظْهَرُو,18:97:4,فعلل,0.765,
عءد,1,عَائِدُونَ,عائدون,عَائِدُ,44:15:6,فاعل,0.925,
عءل,1,عَائِلَاً,عائلا,عَائِلَ,93:8:2,فاعل,0.925,
عاد,1,وَاعَدْنَا,واعدنا,اعَدْ,2:51:2,فعل,0.880,
عبء,1,يَعْبَأُ,يعبأ,عْبَأُ,25:77:3,فعل,0.920,
عبدو,1,يَعْبُدُوهَا,يعبدوها,عْبُدُو,39:17:5,فعلل,0.765,
عبقر,1,وَعَبْقَرِيٍّ,وعبقري,عَبْقَرِيٍّ,55:76:5,فعلل,0.862,
عتدو,1,تَعْتَدُوهَا,تعتدوها,عْتَدُو,2:229:39,فعلل,0.765,
عتر,1,اعْتَرَاكَ,اعتراك,اعْتَرَا,11:54:4,افعل,0.832,
عتزل,1,وَأَعْتَزِلُكُمْ,وأعتزلكم,أَعْتَزِلُ,19:48:1,فعلل,0.614,
عتصم,1,يَعْتَصِمْ,يعتصم,عْتَصِمْ,3:101:11,فعلل,0.697,
عجت,1,نَعْجَتِكَ,نعجتك,عْجَتِ,38:24:5,فعل,0.800,
عجلو,1,تَسْتَعْجِلُوهُ,تستعجلوه,سْتَعْجِلُوهُ,16:1:5,فعلل,0.742,
عدس,1,وَعَدَسِهَا,وعدسها,عَدَسِ,2:61:21,فعل,1.000,
عرر,1,وَالْمُعْتَرَّ,والمعتر,مُعْتَرَّ,22:36:22,مفتعل,0.951,
عرضن,1,تُعْرِضَنَّ,تعرضن,عْرِضَنَّ,17:28:2,فعلل,0.697,
عرفن,1,وَلَتَعْرِفَنَّهُمْ,ولتعرفنهم,لَتَعْرِفَنَّ,47:30:6,تفعلل,0.664,
عرم,1,الْعَرِمِ,العرم,عَرِمِ,34:16:5,فعل,1.000,
عري,1,تَعْرَى,تعرى,عْرَى,20:118:7,فعل,1.000,
عزت,1,فَبِعِزَّتِكَ,فبعزتك,عِزَّتِ,38:82:2,فعل,0.900,
عزن,1,عِزِينَ,عزين,عِزِينَ,70:37:5,فعيل,0.925,
عسعس,1,عَسْعَسَ,عسعس,عَسْعَسَ,81:17:3,فعلل,0.957,
عصن,1,يَعْصِينَكَ,يعصينك,عْصِينَ,60:12:28,فعيل,0.850,
عضن,1,عِضِينَ,عضين,عِضِينَ,15:91:4,فعيل,0.925,
عطف,1,عِطْفِهِ,عطفه,عِطْفِ,22:9:2,فعل,1.000,
عفرت,1,عِفْرِيتٌ,عفريت,عِفْرِيتٌ,27:39:2,فعليل,0.973,
علق,1,كَالْمُعَلَّقَةِ,كالمعلقة,مُعَلَّقَ,4:129:14,مفعل,1.000,
علمت,1,عَلِمَتِ,علمت,عَلِمَتِ,37:158:7,فعلل,0.765,
علمو,1,تَعْلَمُوهُمْ,تعلموهم,عْلَمُو,48:25:19,فعلل,0.765,
عله,1,فَعَلَهُ,فعله,عَلَهُ,21:63:3,فعل,0.900,
عمء,1,نَعْمَاءَ,نعماء,عْمَاءَ,11:10:3,فعال,0.850,
عمق,1,عَمِيقٍ,عميق,عَمِيقٍ,22:27:14,فعيل,1.000,
عوا,1,تَبِعُوا,تبعوا,عُوا,2:145:9,فعل,1.000,
عيب,1,أَعِيبَهَا,أعيبها,أَعِيبَ,18:79:10,افعل,1.000,
عيدو,1,يُعِيدُوكُمْ,يعيدوكم,عِيدُو,18:20:7,فعلل,0.832,
عيل,1,عَيْلَةً,عيلة,عَيْلَ,9:28:16,فعل,1.000,
غبن,1,التَّغَابُنِ,التغابن,تَغَابُنِ,64:9:7,تفاعل,1.000,
غتب,1,يَغْتَبْ,يغتب,غْتَبْ,49:12:15,فعل,0.800,
غتسل,1,تَغْتَسِلُوا,تغتسلوا,غْتَسِلُ,4:43:19,فعلل,0.697,
غدء,1,غَدَاءَنَا,غداءنا,غَدَاءَ,18:62:6,فعال,0.925,
غدق,1,غَدَقَاً,غدقا,غَدَقَ,72:16:7,فعل,1.000,
غربب,1,وَغَرَابِيبُ,وغرابيب,غَرَابِيبُ,35:27:21,فعاليل,0.855,
غرو,1,فَأَغْرَيْنَا,فأغرينا,أَغْرَيْ,5:14:13,افعل,1.000,
غزز,1,غُزَّىً,غزى,غُزَّىً,3:156:16,فعلى,1.000,
غزل,1,غَزْلَهَا,غزلها,غَزْلَ,16:92:5,فعل,1.000,
غصب,1,غَصْبَاً,غصبا,غَصْبَ,18:79:17,فعل,1.000,
غصص,1,غُصَّةٍ,غصة,غُصَّ,73:13:3,فعل,0.973,
غضضن,1,يَغْضُضْنَ,يغضضن,غْضُضْنَ,24:31:3,فعلل,0.630,
غطش,1,وَأَغْطَشَ,وأغطش,أَغْطَشَ,79:29:1,افعل,1.000,
غفرن,1,وَيَسْتَغْفِرُونَهُ,ويستغفرونه,سْتَغْفِرُونَهُ,5:74:5,فعلول,0.716,
غلت,1,غُلَّتْ,غلت,غُلَّتْ,5:64:6,فعل,0.900,
غلقت,1,وَغَلَّقَتِ,وغلقت,غَلَّقَتِ,12:23:8,فعلل,0.765,
غمز,1,يَتَغَامَزُونَ,يتغامزون,تَغَامَزُ,83:30:4,تفاعل,1.000,
غمض,1,تُغْمِضُوا,تغمضوا,غْمِضُ,2:267:23,فعل,0.920,
غول,1,غَوْلٌ,غول,غَوْلٌ,37:47:3,فعل,1.000,
غوه,1,بَالِغُوهُ,بالغوه,غُوهُ,7:135:8,فعل,0.900,
غيه,1,بَالِغِيهِ,بالغيه,غِيهِ,16:7:7,فعل,0.900,
فءذ,1,فَإِذَاً,فإذا,فَإِذَ,4:53:6,فعل,1.000,
فتق,1,فَفَتَقْنَاهُمَا,ففتقناهما,فَتَقْ,21:30:10,فعل,1.000,
فجو,1,فَجْوَةٍ,فجوة,فَجْوَ,18:17:17,فعل,1.000,
فحسب,1,أَفَحَسِبَ,أفحسب,أَفَحَسِبَ,18:102:1,فعلل,0.614,
فدء,1,فِدَاءً,فداء,فِدَاءً,47:4:16,فعال,0.925,
فرث,1,فَرْثٍ,فرث,فَرْثٍ,16:66:12,فعل,1.000,
فرع,1,وَفَرْعُهَا,وفرعها,فَرْعُ,14:24:13,فعل,1.000,
فرقا,1,يَتَفَرَّقَا,يتفرقا,يَتَفَرَّقَا,4:130:2,تفعلل,0.744,
فزز,1,وَاسْتَفْزِزْ,واستفزز,اسْتَفْزِزْ,17:64:1,استفعل,0.983,
فسحر,1,أَفَسِحْرٌ,أفسحر,أَفَسِحْرٌ,52:15:1,فعلل,0.614,
فسر,1,تَفْسِيرَاً,تفسيرا,تَفْسِيرَ,25:33:8,تفعيل,1.000,
فصح,1,أَفْصَحُ,أفصح,أَفْصَحُ,28:34:4,افعل,1.000,
فصم,1,انْفِصَامَ,انفصام,انْفِصَامَ,2:256:20,انفعال,1.000,
فضح,1,تَفْضَحُونِ,تفضحون,فْضَحُ,15:68:6,فعل,0.920,
فظظ,1,فَظَّاً,فظا,فَظَّ,3:159:9,فعل,0.973,
فعت,1,نَفَعَتِ,نفعت,نَفَعَتِ,87:9:3,فعل,0.792,
فعص,1,أَفَعَصَيْتَ,أفعصيت,أَفَعَصَيْ,20:93:3,افعل,0.897,
فعه,1,نَفْعِهِ,نفعه,فْعِهِ,22:13:6,فعل,0.800,
فعي,1,أَفَعَيِينَا,أفعيينا,أَفَعَيِي,50:15:1,افعل,0.897,
ففى,1,وَفَّى,وفى,فَّى,53:37:3,فعل,0.846,
فقع,1,فَاقِعٌ,فاقع,فَاقِعٌ,2:69:15,فاعل,1.000,
فكل,1,فَكُلَّاً,فكلا,فَكُلَّ,29:40:1,فعل,1.000,
فلن,1,يَكْفُلُونَهُ,يكفلونه,كْفُلُونَ,28:12:12,فعول,0.957,
فند,1,تُفَنِّدُونِ,تفندون,فَنِّدُ,12:94:12,فعل,1.000,
فنن,1,أَفْنَانٍ,أفنان,أَفْنَانٍ,55:48:2,افعال,1.000,
فني,1,فَانٍ,فان,فَانٍ,55:26:4,فعل,0.990,
فهل,1,أَفَتُهْلِكُنَا,أفتهلكنا,أَفَتُهْلِكُ,7:173:12,افتعل,0.516,
فهم,1,فَفَهَّمْنَاهَا,ففهمناها,فَهَّمْ,21:79:1,فعل,1.000,
فوس,1,نُفُوسِكُمْ,نفوسكم,فُوسِ,17:25:5,فعل,0.900,
فوض,1,أَفَاضَ,أفاض,أَفَاضَ,2:199:5,افعل,1.000,
فوك,1,وَفَوَاكِهَ,وفواكه,فَوَاكِ,77:42:1,فعال,0.925,
فيف,1,لَفِيفَاً,لفيفا,فِيفَ,17:104:14,فعل,0.900,
قبح,1,الْمَقْبُوحِينَ,المقبوحين,مَقْبُوحِ,28:42:10,مفعول,1.000,
قتبس,1,نَقْتَبِسْ,نقتبس,قْتَبِسْ,57:13:8,فعلل,0.697,
قتتل,1,يَقْتَتِلَانِ,يقتتلان,قْتَتِلَ,28:15:11,فعلل,0.697,
قتلن,1,يَقْتُلْنَ,يقتلن,قْتُلْنَ,60:12:18,فعلل,0.630,
قثء,1,وَقِثَّائِهَا,وقثائها,قِثَّائِ,2:61:19,فعال,1.000,
قدت,1,وَقَدَّتْ,وقدت,قَدَّتْ,12:25:3,فعل,0.900,
قدح,1,قَدْحَاً,قدحا,قَدْحَ,100:2:2,فعل,1.000,
قدد,1,قِدَدَاً,قددا,قِدَدَ,72:11:9,فعل,1.000,
قرت,1,قُرَّتُ,قرت,قُرَّتُ,28:9:4,فعل,0.900,
قريت,1,الْقَرْيَتَيْنِ,القريتين,قَرْيَتَ,43:31:9,فعلل,0.832,
قسر,1,قَسْوَرَةٍ,قسورة,قَسْوَرَ,74:51:3,فعول,0.891,
قسس,1,قِسِّيسِينَ,قسيسين,قِسِّيسِ,5:82:22,فعيل,1.000,
قشعر,1,تَقْشَعِرُّ,تقشعر,قْشَعِرُّ,39:23:8,فعلل,0.802,
قصف,1,قَاصِفَاً,قاصفا,قَاصِفَ,17:69:10,فاعل,1.000,
قصم,1,قَصَمْنَا,قصمنا,قَصَمْ,21:11:2,فعل,1.000,
قضب,1,وَقَضْبَاً,وقضبا,قَضْبَ,80:28:2,فعل,1.000,
قضت,1,قُضِيَتِ,قضيت,قُضِيَتِ,62:10:2,فعيل,0.775,
قطط,1,قِطَّنَا,قطنا,قِطَّ,38:16:5,فعل,0.973,
قطمر,1,قِطْمِيرٍ,قطمير,قِطْمِيرٍ,35:13:28,فعليل,0.973,
قعر,1,مُنْقَعِرٍ,منقعر,مُنْقَعِرٍ,54:20:6,منفعل,1.000,
قفل,1,أَقْفَالُهَا,أقفالها,أَقْفَالُ,47:24:7,افعال,1.000,
ققب,1,فَنَقَّبُوا,فنقبوا,قَّبُ,50:36:10,فعل,0.752,
قلع,1,أَقْلِعِي,أقلعي,أَقْلِعِ,11:44:6,افعل,1.000,
قلو,1,قَلَى,قلى,قَلَى,93:3:5,فعل,1.000,
قمح,1,مُقْمَحُونَ,مقمحون,مُقْمَحُ,36:8:10,مفعل,1.000,
قمطر,1,قَمْطَرِيرَاً,قمطريرا,قَمْطَرِيرَ,76:10:7,فعللير,0.765,
قمع,1,مَقَامِعُ,مقامع,مَقَامِعُ,22:21:2,مفاعل,1.000,
قمل,1,وَالْقُمَّلَ,والقمل,قُمَّلَ,7:133:5,فعل,1.000,
قمن,1,وَأَقِمْنَ,وأقمن,أَقِمْنَ,33:33:9,افعل,0.925,
قوب,1,قَابَ,قاب,قَابَ,53:9:2,فعل,1.000,
قوس,1,قَوْسَيْنِ,قوسين,قَوْسَ,53:9:3,فعل,1.000,
قولن,1,تَقُولَنَّ,تقولن,تَقُولَنَّ,18:23:2,تفعلل,0.738,
كبب,1,مُكِبَّاً,مكبا,مُكِبَّ,67:22:3,مفعل,1.000,
كبد,1,كَبَدٍ,كبد,كَبَدٍ,90:4:5,فعل,1.000,
كبكب,1,فَكُبْكِبُوا,فكبكبوا,كُبْكِبُ,26:94:1,فعلل,0.957,
كثب,1,كَثِيبَاً,كثيبا,كَثِيبَ,73:14:7,فعيل,1.000,
كحب,1,كَحُبِّ,كحب,كَحُبِّ,2:165:10,فعل,0.900,
كحن,1,يَنْكِحْنَ,ينكحن,نْكِحْنَ,2:232:9,فعل,0.792,
كدر,1,انْكَدَرَتْ,انكدرت,نْكَدَرَ,81:2:3,فعل,1.000,
كذل,1,كَذَلِكُمْ,كذلكم,كَذَلِ,48:15:18,فعل,0.900,
كرت,1,كَرَّتَيْنِ,كرتين,كَرَّتَ,67:4:4,فعل,1.000,
كسد,1,كَسَادَهَا,كسادها,كَسَادَ,9:24:13,فعال,1.000,
كشط,1,كُشِطَتْ,كشطت,كُشِطَ,81:11:3,فعل,1.000,
كطي,1,كَطَيِّ,كطي,كَطَيِّ,21:104:4,فعل,0.900,
كغل,1,كَغَلْيِ,كغلي,كَغَلْ,44:46:1,فعل,0.900,
كلء,1,يَكْلَؤُكُمْ,يكلؤكم,كْلَؤُ,21:42:3,فعل,0.920,
كلن,1,يَأْكُلْنَ,يأكلن,أْكُلْنَ,12:48:8,افعل,0.850,
كلو,1,فَكُلُوهُ,فكلوه,كُلُو,4:4:12,فعل,1.000,
كند,1,لَكَنُودٌ,لكنود,كَنُودٌ,100:6:4,فعول,1.000,
كنس,1,الْكُنَّسِ,الكنس,كُنَّسِ,81:16:2,فعل,1.000,
كوي,1,فَتُكْوَى,فتكوى,كْوَى,9:35:7,فعل,1.000,
لءح,1,لَأَحْتَنِكَنَّ,لأحتنكن,لَأَحْ,17:62:12,فعل,0.900,
لبد,1,لُبَدَاً,لبدا,لُبَدَ,90:6:4,فعل,1.000,
لبغ,1,لَبَغَوْا,لبغوا,لَبَغَ,42:27:6,فعل,1.000,
لبي,1,لَبَيْتُ,لبيت,لَبَيْ,29:41:15,فعل,0.900,
لتر,1,لَتَرَوُنَّ,لترون,لَتَرَ,102:6:1,فعل,1.000,
لتقم,1,فَلْتَقُمْ,فلتقم,فَلْتَقُمْ,4:102:7,فعلل,0.628,
لتم,1,كِلْتُمْ,كلتم,لْتُمْ,17:35:4,فعل,0.800,
لحب,1,لِحُبِّ,لحب,لِحُبِّ,100:8:2,فعل,0.800,
لحف,1,إِلْحَافَاً,إلحافا,إِلْحَافَ,2:273:22,افعال,1.000,
لحم,1,لُحُومُهَا,لحومها,لُحُومُ,22:37:4,فعول,1.000,
لحن,1,لَحْنِ,لحن,لَحْنِ,47:30:8,فعل,1.000,
لحي,1,بِلِحْيَتِي,بلحيتي,لِحْيَ,20:94:5,فعل,1.000,
لخش,1,وَلْيَخْشَ,وليخش,وَلْيَخْشَ,4:9:1,فيعال,0.581,
لده,1,وَلَدِهِ,ولده,لَدِهِ,31:33:11,فعل,0.900,
لذءق,1,لَذَائِقُونَ,لذائقون,لَذَائِقُ,37:31:6,فعالل,0.846,
لرء,1,لَرَأَيْتَهُ,لرأيته,لَرَأَيْ,59:21:7,فعل,0.970,
لري,1,لَأَرَيْنَاكَهُمْ,لأريناكهم,لَأَرَيْنَاكَ,47:30:3,فاعل,0.825,
لشر,1,لَشَرَّ,لشر,لَشَرَّ,38:55:4,فعل,1.000,
لصو,1,لَصَوْتُ,لصوت,لَصَوْ,31:19:10,فعل,0.900,
لظر,1,وَلْتَنْظُرْ,ولتنظر,وَلْتَنْظُرْ,59:18:6,فتنعل,0.479,
لظل,1,لَظَلُّوا,لظلوا,لَظَلُّ,30:51:6,فعل,0.900,
لظي,1,تَلَظَّى,تلظى,تَلَظَّى,92:14:3,فعل,1.000,
لعف,1,وَلْيَعْفُوا,وليعفوا,وَلْيَعْفُ,24:22:16,فيعال,0.581,
لغءظ,1,لَغَائِظُونَ,لغائظون,لَغَائِظُ,26:55:3,فعالل,0.846,
لغد,1,لِغَدٍ,لغد,لِغَدٍ,59:18:10,فعل,0.900,
لفت,1,لِتَلْفِتَنَا,لتلفتنا,لْفِتَ,10:78:3,فعل,1.000,
لفح,1,تَلْفَحُ,تلفح,لْفَحُ,23:104:1,فعل,0.920,
لفظ,1,يَلْفِظُ,يلفظ,لْفِظُ,50:18:2,فعل,0.920,
لفف,1,أَلْفَافَاً,ألفافا,أَلْفَافَ,78:16:2,افعال,1.000,
لقب,1,بِالْأَلْقَابِ,بالألقاب,أَلْقَابِ,49:11:28,افعال,1.000,
لقح,1,لَوَاقِحَ,لواقح,لَوَاقِحَ,15:22:3,فواعل,0.973,
لقق,1,وَيُلَقَّوْنَ,ويلقون,لَقَّ,25:75:6,فعل,0.846,
لقل,1,لَقُلْنَا,لقلنا,لَقُلْ,8:31:10,فعل,0.900,
لكل,1,فَلْيَأْكُلْ,فليأكل,فَلْيَأْكُلْ,4:6:27,فياعل,0.554,
لمع,1,لَمَعَكُمْ,لمعكم,لَمَعَ,5:53:11,فعل,1.000,
لمق,1,لَمَقْتُ,لمقت,لَمَقْ,40:10:5,فعل,0.900,
لمم,1,اللَّمَمَ,اللمم,لَمَمَ,53:32:7,فعل,1.000,
لنب,1,لَنُبَيِّتَنَّهُ,لنبيتنه,لَنُبَيِّ,27:49:4,فعل,0.900,
لنس,1,وَلَنُسْكِنَنَّكُمُ,ولنسكننكم,لَنُسْ,14:14:1,فعل,0.900,
لننج,1,لَنُنَجِّيَنَّهُ,لننجينه,لَنُنَجِّيَنَّ,29:32:10,فعلل,0.742,
لهم,1,لَهَمَّتْ,لهمت,لَهَمَّ,4:113:6,فعل,1.000,
لوذ,1,اللَّذَيْنِ,اللذين,اللَّذَيْنِ,41:29:6,فعلان,0.823,
لومو,1,تَلُومُونِي,تلوموني,تَلُومُو,14:22:25,فعلل,0.792,
ليءد,1,فَلْيُؤَدِّ,فليؤد,فَلْيُؤَدِّ,2:283:14,فعلل,0.628,
ليجد,1,وَلْيَجِدُوا,وليجدوا,وَلْيَجِدُ,9:123:9,فعلل,0.628,
ليصل,1,فَلْيُصَلُّوا,فليصلوا,فَلْيُصَلُّ,4:102:23,فعلل,0.628,
ليصم,1,فَلْيَصُمْهُ,فليصمه,فَلْيَصُمْ,2:185:17,فعلل,0.628,
ليضح,1,فَلْيَضْحَكُوا,فليضحكوا,فَلْيَضْحَكُ,9:82:1,فعلل,0.504,
ليطف,1,وَلْيَطَّوَّفُوا,وليطوفوا,وَلْيَطَّوَّفُ,22:29:6,فعلول,0.567,
ليقل,1,وَلْيَقُولُوا,وليقولوا,وَلْيَقُولُ,4:9:13,فعلول,0.664,
ليك,1,لَيَكْتُمُونَ,ليكتمون,لَيَكْ,2:146:11,فعل,0.900,
مءت,1,وَالْمُؤْتُونَ,والمؤتون,مُؤْتُ,4:162:17,فعل,0.900,
مءم,1,مَأْمُونٍ,مأمون,مَأْمُ,70:28:5,فعل,0.900,
متز,1,وَامْتَازُوا,وامتازوا,امْتَازُ,36:59:1,افعال,0.880,
مجس,1,وَالْمَجُوسَ,والمجوس,مَجُوسَ,22:17:8,فعول,1.000,
محب,1,مَحَبَّةً,محبة,مَحَبَّ,20:39:18,فعل,1.000,
مخز,1,مُخْزِي,مخزي,مُخْزِ,9:2:13,فعل,0.900,
مرو,1,وَالْمَرْوَةَ,والمروة,مَرْوَ,2:158:3,فعل,1.000,
مسخ,1,لَمَسَخْنَاهُمْ,لمسخناهم,لَمَسَخْ,36:67:3,فعل,0.931,
مسد,1,مَسَدٍ,مسد,مَسَدٍ,111:5:5,فعل,1.000,
مشج,1,أَمْشَاجٍ,أمشاج,أَمْشَاجٍ,76:2:6,افعال,1.000,
مطو,1,يَتَمَطَّى,يتمطى,يَتَمَطَّى,75:33:5,تفعل,1.000,
معر,1,مَعَرَّةٌ,معرة,مَعَرَّ,48:25:24,فعل,1.000,
معز,1,الْمَعْزِ,المعز,مَعْزِ,6:143:7,فعل,1.000,
مفت,1,الْمَفْتُونُ,المفتون,مَفْتُ,68:6:2,فعل,0.900,
مقو,1,لِلْمُقْوِينَ,للمقوين,مُقْوِ,56:73:5,فعل,0.900,
ممس,1,مُمْسِكَ,ممسك,مُمْسِ,35:2:8,فعل,0.900,
ممم,1,مِمَّ,مم,مِمَّ,86:5:3,فعل,0.846,
منت,1,مُنْتَهَاهَا,منتهاها,مُنْتَ,79:44:3,فعل,0.900,
موص,1,مُوصٍ,موص,مُوصٍ,2:182:4,فعل,0.900,
موف,1,وَالْمُوفُونَ,والموفون,مُوفُ,2:177:36,فعل,0.900,
مير,1,وَنَمِيرُ,ونمير,مِيرُ,12:65:16,فعل,1.000,
نبز,1,تَنَابَزُوا,تنابزوا,نَابَزُ,49:11:27,فاعل,1.000,
نبطن,1,يَسْتَنْبِطُونَهُ,يستنبطونه,سْتَنْبِطُونَهُ,4:83:20,فعلول,0.716,
نبع,1,يَنْبُوعَاً,ينبوعا,يَنْبُوعَ,17:90:10,فعول,0.948,
نجد,1,النَّجْدَيْنِ,النجدين,نَجْدَ,90:10:2,فعل,1.000,
نجس,1,نَجَسٌ,نجس,نَجَسٌ,9:28:6,فعل,1.000,
نحر,1,وَانْحَرْ,وانحر,نْحَرْ,108:2:3,فعل,0.920,
نخذ,1,لَنَتَّخِذَنَّ,لنتخذن,لَنَتَّخِذَنَّ,18:21:30,فتعلن,0.592,
نخر,1,نَخِرَةً,نخرة,نَخِرَ,79:11:4,فعل,1.000,
ندن,1,يُنَادُونَهُمْ,ينادونهم,نَادُونَ,57:14:1,فاعول,0.940,
نري,1,نُرِي,نري,نُرِي,6:75:2,فعل,1.000,
نزد,1,نَزِيدَكُمْ,نزيدكم,نَزِيدَ,78:30:3,فعيل,0.925,
نسر,1,وَنَسْرَاً,ونسرا,نَسْرَ,71:23:13,فعل,1.000,
نسم,1,سَنَسِمُهُ,سنسمه,نَسِمُ,68:16:1,فعل,0.900,
نشق,1,وَانْشَقَّ,وانشق,انْشَقَّ,54:1:3,افعل,0.925,
نصرن,1,وَلَتَنْصُرُنَّهُ,ولتنصرنه,لَتَنْصُرُنَّ,3:81:19,تفعلل,0.664,
نضج,1,نَضِجَتْ,نضجت,نَضِجَ,4:56:9,فعل,1.000,
نضع,1,وَنَضَعُ,ونضع,نَضَعُ,21:47:1,فعل,0.900,
نطح,1,وَالنَّطِيحَةُ,والنطيحة,نَطِيحَ,5:3:15,فعيل,1.000,
نظن,1,لَنَظُنُّكَ,لنظنك,لَنَظُنُّ,7:66:12,فعل,0.810,
نعف,1,نَعْفُ,نعف,نَعْفُ,9:66:8,فعل,0.900,
نعق,1,يَنْعِقُ,ينعق,نْعِقُ,2:171:6,فعل,0.920,
نعه,1,وَيَنْعِهِ,وينعه,نْعِهِ,6:99:38,فعل,0.800,
نغر,1,لَنُغْرِيَنَّكَ,لنغرينك,لَنُغْرِيَنَّ,33:60:12,فعل,0.720,
نغض,1,فَسَيُنْغِضُونَ,فسينغضون,نْغِضُ,17:51:15,فعل,0.920,
نفث,1,النَّفَّاثَاتِ,النفاثات,نَفَّاثَ,113:4:3,فعال,1.000,
نفح,1,نَفْحَةٌ,نفحة,نَفْحَ,21:46:3,فعل,1.000,
نفض,1,لَانْفَضُّوا,لانفضوا,لَانْفَضُّ,3:159:12,افعل,0.832,
نقع,1,نَقْعَاً,نقعا,نَقْعَ,100:4:3,فعل,1.000,
نكد,1,نَكِدَاً,نكدا,نَكِدَ,7:58:12,فعل,1.000,
نكس,1,نُنَكِّسْهُ,ننكسه,نَكِّسْ,36:68:3,فعل,1.000,
نمرق,1,وَنَمَارِقُ,ونمارق,نَمَارِقُ,88:15:1,فعالل,0.973,
نمم,1,بِنَمِيمٍ,بنميم,نَمِيمٍ,68:11:3,فعيل,1.000,
ننج,1,نُنْجِ,ننج,نُنْجِ,10:103:9,فعل,0.900,
نهج,1,وَمِنْهَاجَاً,ومنهاجا,مِنْهَاجَ,5:48:29,مفعال,1.000,
نهد,1,لَنَهْدِيَنَّهُمْ,لنهدينهم,لَنَهْدِيَنَّ,29:69:4,فعل,0.720,
نهك,1,نَنْهَكَ,ننهك,نْهَكَ,15:70:3,فعل,0.900,
نهل,1,لَنُهْلِكَنَّ,لنهلكن,لَنُهْلِ,14:13:15,فعل,0.810,
نوش,1,التَّنَاوُشُ,التناوش,تَنَاوُشُ,34:52:6,تفاعل,1.000,
نيا,1,تَنَيَا,تنيا,تَنَيَا,20:42:6,تفعل,1.000,
هءم,1,هَاؤُمُ,هاؤم,هَاؤُمُ,69:19:7,فاعل,1.000,
هجد,1,فَتَهَجَّدْ,فتهجد,هَجَّدْ,17:79:3,فعل,1.000,
هجع,1,يَهْجَعُونَ,يهجعون,هْجَعُ,51:17:6,فعل,0.920,
هدم,1,لَهُدِّمَتْ,لهدمت,لَهُدِّمَ,22:40:18,فعل,0.931,
هدهد,1,الْهُدْهُدَ,الهدهد,هُدْهُدَ,27:20:8,فعلل,0.957,
هرب,1,هَرَبَاً,هربا,هَرَبَ,72:12:11,فعل,1.000,
هزز,1,وَهُزِّي,وهزي,هُزِّ,19:25:1,فعل,0.973,
هزل,1,بِالْهَزْلِ,بالهزل,هَزْلِ,86:14:3,فعل,1.000,
هشش,1,وَأَهُشُّ,وأهش,أَهُشُّ,20:18:6,افعل,1.000,
هكذ,1,أَهَكَذَا,أهكذا,أَهَكَذَا,27:42:4,افعل,0.832,
هلع,1,هَلُوعَاً,هلوعا,هَلُوعَ,70:19:4,فعول,1.000,
هلو,1,وَأَهْلُونَا,وأهلونا,أَهْلُو,48:11:8,افعل,1.000,
همد,1,هَامِدَةً,هامدة,هَامِدَ,22:5:58,فاعل,1.000,
همر,1,مُنْهَمِرٍ,منهمر,مُنْهَمِرٍ,54:11:5,منفعل,1.000,
همس,1,هَمْسَاً,همسا,هَمْسَ,20:108:13,فعل,1.000,
هور,1,هَارٍ,هار,هَارٍ,9:109:17,فعل,1.000,
وءب,1,وَأَبَّاً,وأبا,وَأَبَّ,80:31:2,فعل,1.000,
وءد,1,الْمَوْءُودَةُ,الموءودة,مَوْءُودَ,81:8:2,مفعول,1.000,
وءل,1,مَوْئِلَاً,موئلا,مَوْئِلَ,18:58:19,مفعل,1.000,
واح,1,لَوَّاحَةٌ,لواحة,وَّاحَ,74:29:1,فعل,0.900,
واذ,1,لِوَاذَاً,لواذا,وَاذَ,24:63:15,فعل,0.900,
وبا,1,تَتُوبَا,تتوبا,تَتُوبَا,66:4:2,تفعل,0.880,
وتو,1,أُوتُوهُ,أوتوه,أُوتُو,2:213:25,افعل,0.925,
وجج,1,تَوَجَّهَ,توجه,وَجَّ,28:22:2,فعل,0.846,
وجل,1,تَوْجَلْ,توجل,وْجَلْ,15:53:3,فعل,0.920,
ودي,1,وَادِيَاً,واديا,وَادِيَ,9:121:9,فاعل,1.000,
وذر,1,نُذُورَهُمْ,نذورهم,ذُورَ,22:29:5,فعل,0.990,
وذي,1,أُوذِينَا,أوذينا,أُوذِي,7:129:2,افعل,1.000,
وسم,1,لِلْمُتَوَسِّمِينَ,للمتوسمين,مُتَوَسِّمِ,15:75:5,متفعل,1.000,
وصف,1,وَصْفَهُمْ,وصفهم,وَصْفَ,6:139:19,فعل,1.000,
وصم,1,وَصُمَّاً,وصما,وَصُمَّ,17:97:21,فعل,1.000,
وضن,1,مَوْضُونَةٍ,موضونة,مَوْضُونَ,56:15:3,مفعول,1.000,
وطن,1,مَوَاطِنَ,مواطن,مَوَاطِنَ,9:25:5,مفاعل,1.000,
وفد,1,وَفْدَاً,وفدا,وَفْدَ,19:85:6,فعل,1.000,
وفر,1,مَوْفُورَاً,موفورا,مَوْفُورَ,17:63:10,مفعول,1.000,
وفض,1,يُوفِضُونَ,يوفضون,وفِضُ,70:43:9,فعل,0.920,
وقف,1,مَوْقُوفُونَ,موقوفون,مَوْقُوفُ,34:31:16,مفعول,1.000,
وكز,1,فَوَكَزَهُ,فوكزه,وَكَزَ,28:15:26,فعل,1.000,
ولتء,1,وَلْتَأْتِ,ولتأت,وَلْتَأْ,4:102:18,فعلل,0.832,
وليب,1,وَلْيَبْكُوا,وليبكوا,وَلْيَبْكُ,9:82:3,فعلل,0.808,
وهي,1,وَاهِيَةٌ,واهية,وَاهِيَ,69:16:5,فاعل,1.000,
يار,1,سَيَّارَةٌ,سيارة,يَّارَ,12:19:2,فعل,0.900,
يتر,1,يَتِرَكُمْ,يتركم,يَتِرَ,47:35:11,فعل,1.000,
يعي,1,يَعْيَ,يعي,يَعْيَ,46:33:10,فعل,0.900,
يقط,1,يَقْطِينٍ,يقطين,يَقْطِ,37:146:5,فعل,0.900,
يقظ,1,أَيْقَاظَاً,أيقاظا,أَيْقَاظَ,18:18:2,افعال,1.000,
ينبع,1,يَنَابِيعَ,ينابيع,يَنَابِيعَ,39:21:10,فعاليل,0.855,
ينت,1,بَيِّنَتٍ,بينت,بَيِّنَتٍ,35:40:24,فعل,0.810,
يوسف,1,لَيُوسُفُ,ليوسف,لَيُوسُفُ,12:8:3,فعلل,0.862,
يين,1,لَيِّنَاً,لينا,يِّنَ,20:44:4,فعل,0.846,
