role_id,case_id,role_name_ar,role_phrase_ar
1,3,اسم مجرور,اسْمٌ مَجْرُورٌ
2,2,مفعول لأجله,مَفْعُولٌ لِأَجْلِهِ مَنْصُوبٌ
3,1,فاعل,فَاعِلٌ مَرْفُوعٌ
4,2,مفعول به,مَفْعُولٌ بِهِ مَنْصُوبٌ
5,1,مبتدأ,مُبْتَدَأٌ مَرْفُوعٌ
6,1,خبر,خَبَرٌ مَرْفُوعٌ
7,1,فعل مضارع مرفوع,فِعْلٌ مُضَارِعٌ مَرْفُوعٌ
8,3,مضاف إليه مجرور,مُضَافٌ إِلَيْهِ مَجْرُورٌ
9,2,مفعول به ثان منصوب,مَفْعُولٌ بِهِ ثَانٍ مَنْصُوبٌ
10,2,ظرف مكان منصوب,ظَرْفُ مَكَانٍ مَنْصُوبٌ
11,2,حال منصوب,حَالٌ مَنْصُوبٌ
12,4,فعل مضارع مجزوم,فِعْلٌ مُضَارِعٌ مَجْزُومٌ
13,3,اسم الجلالة مضاف إليه مجرور,اسْمُ الْجَلَالَةِ مُضَافٌ إِلَيْهِ مَجْرُورٌ
14,3,نعت مجرور,نَعْتٌ مَجْرُورٌ
15,1,مبتدأ مؤخر مرفوع,مُبْتَدَأٌ مُؤَخَّرٌ مَرْفُوعٌ
16,2,خبر كان منصوب,خَبَرُ كَانَ مَنْصُوبٌ
17,1,اسم الجلالة فاعل مرفوع,اسْمُ الْجَلَالَةِ فَاعِلٌ مَرْفُوعٌ
18,2,فعل مضارع منصوب,فِعْلٌ مُضَارِعٌ مَنْصُوبٌ
19,2,نعت منصوب,نَعْتٌ مَنْصُوبٌ
20,1,نعت مرفوع,نَعْتٌ مَرْفُوعٌ
21,1,خبر ( إن ) : مرفوع,خَبَرُ ( إِنَّ ) : مَرْفُوعٌ
22,3,اسم ظرفي مجرور,اسْمٌ ظَرْفِيٌّ مَجْرُورٌ
23,2,ظرف زمان منصوب,ظَرْفُ زَمَانٍ مَنْصُوبٌ
24,1,فعل مضارع مبني لما لم يسم فاعله مرفوع,فِعْلٌ مُضَارِعٌ مَبْنِيٌّ لِمَا لَمْ يُسَمَّ فَاعِلُهُ مَرْفُوعٌ
25,4,فعل مضارع فعل الشرط مجزوم,فِعْلٌ مُضَارِعٌ فِعْلُ الشَّرْطِ مَجْزُومٌ
26,3,واسم الجلالة اسم مجرور,وَاسْمُ الْجَلَالَةِ اسْمٌ مَجْرُورٌ
27,1,نائب فاعل مرفوع,نَائِبُ فَاعِلٍ مَرْفُوعٌ
28,2,اسم الجلالة اسم ( إن ) : منصوب,اسْمُ الْجَلَالَةِ اسْمُ ( إِنَّ ) : مَنْصُوبٌ
29,2,اسم ( إن ) : منصوب,اسْمُ ( إِنَّ ) : مَنْصُوبٌ
30,2,اسم الجلالة مفعول به منصوب,اسْمُ الْجَلَالَةِ مَفْعُولٌ بِهِ مَنْصُوبٌ
31,2,مفعول مطلق منصوب,مَفْعُولٌ مُطْلَقٌ مَنْصُوبٌ
32,2,تمييز منصوب,تَمْيِيزٌ مَنْصُوبٌ
33,3,اسم الجلالة اسم مجرور,اسْمُ الْجَلَالَةِ اسْمٌ مَجْرُورٌ
34,2,نائب عن المفعول المطلق منصوب,نَائِبٌ عَنِ الْمَفْعُولِ الْمُطْلَقِ مَنْصُوبٌ
35,1,واسم الجلالة مبتدأ مرفوع,وَاسْمُ الْجَلَالَةِ مُبْتَدَأٌ مَرْفُوعٌ
36,1,خبر ( إن ) : ثان مرفوع,خَبَرُ ( إِنَّ ) : ثَانٍ مَرْفُوعٌ
37,1,فعل مضارع معطوف مرفوع,فِعْلٌ مُضَارِعٌ مَعْطُوفٌ مَرْفُوعٌ
38,1,خبر ثان للمبتدإ مرفوع,خَبَرٌ ثَانٍ لِلْمُبْتَدَإِ مَرْفُوعٌ
39,1,اسم كان مرفوع,اسْمُ كَانَ مَرْفُوعٌ
40,4,فعل مضارع جواب الشرط مجزوم,فِعْلٌ مُضَارِعٌ جَوَابُ الشَّرْطِ مَجْزُومٌ
41,2,مفعول به أول منصوب,مَفْعُولٌ بِهِ أَوَّلُ مَنْصُوبٌ
42,1,خبر ( أن ) : مرفوع,خَبَرُ ( أَنَّ ) : مَرْفُوعٌ
43,3,و( آيات ) : اسم مجرور,وَ( آيَاتِ ) : اسْمٌ مَجْرُورٌ
44,2,منادى بحرف نداء محذوف منصوب لأنه مضاف,مُنَادًى بِحَرْفِ نِدَاءٍ مَحْذُوفٍ مَنْصُوبٌ لِأَنَّهُ مُضَافٌ
45,3,و( الأرض ) : معطوف مجرور,وَ( الْأَرْضِ ) : مَعْطُوفٌ مَجْرُورٌ
46,2,اسم الجلالة اسم ( أن ) : منصوب,اسْمُ الْجَلَالَةِ اسْمُ ( أَنَّ ) : مَنْصُوبٌ
47,3,و( الحق ) : اسم مجرور,وَ( الْحَقِّ ) : اسْمٌ مَجْرُورٌ
48,1,مبتدأ مؤخر مجرور لفظا مرفوع محلا,مُبْتَدَأٌ مُؤَخَّرٌ مَجْرُورٌ لَفْظًا مَرْفُوعٌ مَحَلًّا
49,1,و( الله ) : اسم الجلالة مبتدأ مرفوع,وَ( اللَّهُ ) : اسْمُ الْجَلَالَةِ مُبْتَدَأٌ مَرْفُوعٌ
50,2,فعل مضارع منصوب بأن مضمرة,فِعْلٌ مُضَارِعٌ مَنْصُوبٌ بِأَنْ مُضْمَرَةٍ
51,2,معطوف منصوب,مَعْطُوفٌ مَنْصُوبٌ
52,1,اسم الجلالة مبتدأ مرفوع,اسْمُ الْجَلَالَةِ مُبْتَدَأٌ مَرْفُوعٌ
53,4,فعل مضارع جواب الطلب مجزوم,فِعْلٌ مُضَارِعٌ جَوَابُ الطَّلَبِ مَجْزُومٌ
54,2,مفعول به مجرور لفظا منصوب محلا,مَفْعُولٌ بِهِ مَجْرُورٌ لَفْظًا مَنْصُوبٌ مَحَلًّا
55,3,معطوف مجرور,مَعْطُوفٌ مَجْرُورٌ
56,2,خبر كان ثان منصوب,خَبَرُ كَانَ ثَانٍ مَنْصُوبٌ
57,2,( يوم ) : ظرف زمان منصوب,( يَوْمَ ) : ظَرْفُ زَمَانٍ مَنْصُوبٌ
58,2,مستثنى منصوب,مُسْتَثْنًى مَنْصُوبٌ
59,3,و( رب ) : اسم مجرور,وَ( رَبِّ ) : اسْمٌ مَجْرُورٌ
60,4,فعل مضارع ناسخ مجزوم,فِعْلٌ مُضَارِعٌ نَاسِخٌ مَجْزُومٌ
61,2,بدل منصوب,بَدَلٌ مَنْصُوبٌ
62,3,و( الناس ) : اسم مجرور,وَ( النَّاسِ ) : اسْمٌ مَجْرُورٌ
63,3,و( قوم ) : اسم مجرور,وَ( قَوْمٍ ) : اسْمٌ مَجْرُورٌ
64,1,اسم الجلالة اسم كان مرفوع,اسْمُ الْجَلَالَةِ اسْمُ كَانَ مَرْفُوعٌ
65,2,فعل مضارع معطوف منصوب,فِعْلٌ مُضَارِعٌ مَعْطُوفٌ مَنْصُوبٌ
66,1,اسم كان مؤخر مرفوع,اسْمُ كَانَ مُؤَخَّرٌ مَرْفُوعٌ
67,1,معطوف مرفوع,مَعْطُوفٌ مَرْفُوعٌ
68,3,بدل مجرور,بَدَلٌ مَجْرُورٌ
69,2,اسم ( أن ) : منصوب,اسْمُ ( أَنَّ ) : مَنْصُوبٌ
70,3,و( غير ) : اسم مجرور,وَ( غَيْرِ ) : اسْمٌ مَجْرُورٌ
71,2,منادى بحرف نداء محذوف منصوب,مُنَادًى بِحَرْفِ نِدَاءٍ مَحْذُوفٍ مَنْصُوبٌ
72,2,و( قوم ) : منادى منصوب لأنه مضاف,وَ( قَوْمِ ) : مُنَادًى مَنْصُوبٌ لِأَنَّهُ مُضَافٌ
73,1,بدل مرفوع,بَدَلٌ مَرْفُوعٌ
74,2,فعل مضارع مبني لما لم يسم فاعله منصوب,فِعْلٌ مُضَارِعٌ مَبْنِيٌّ لِمَا لَمْ يُسَمَّ فَاعِلُهُ مَنْصُوبٌ
75,1,و( يقولون ) : فعل مضارع مرفوع,وَ( يَقُولُونَ ) : فِعْلٌ مُضَارِعٌ مَرْفُوعٌ
76,3,و( كل ) : اسم مجرور,وَ( كُلِّ ) : اسْمٌ مَجْرُورٌ
77,2,اسم ( لكن ) : منصوب,اسْمُ ( لَكِنَّ ) : مَنْصُوبٌ
78,3,و( أي ) : اسم مجرور,وَ( أَيِّ ) : اسْمٌ مَجْرُورٌ
79,1,اسم ليس مؤخر مرفوع,اسْمُ لَيْسَ مُؤَخَّرٌ مَرْفُوعٌ
80,1,فعل مضارع ناسخ مرفوع,فِعْلٌ مُضَارِعٌ نَاسِخٌ مَرْفُوعٌ
81,2,و( يوم ) : ظرف زمان منصوب,وَ( يَوْمَ ) : ظَرْفُ زَمَانٍ مَنْصُوبٌ
82,3,و( إذن ) : اسم مجرور,وَ( إِذْنِ ) : اسْمٌ مَجْرُورٌ
83,1,فاعل مجرور لفظا مرفوع محلا,فَاعِلٌ مَجْرُورٌ لَفْظًا مَرْفُوعٌ مَحَلًّا
84,2,فعل مضارع ناسخ منصوب,فِعْلٌ مُضَارِعٌ نَاسِخٌ مَنْصُوبٌ
85,2,و( الأرض ) : معطوف منصوب,وَ( الْأَرْضَ ) : مَعْطُوفٌ مَنْصُوبٌ
86,3,و( الكافرين ) : اسم مجرور,وَ( الْكَافِرِينَ ) : اسْمٌ مَجْرُورٌ
87,1,اسم الجلالة خبر مرفوع,اسْمُ الْجَلَالَةِ خَبَرٌ مَرْفُوعٌ
88,1,فعل مضارع فعل الشرط مرفوع,فِعْلٌ مُضَارِعٌ فِعْلُ الشَّرْطِ مَرْفُوعٌ
89,1,"خبر لمبتدإ محذوف تقديره "" هو "" مرفوع","خَبَرٌ لِمُبْتَدَإٍ مَحْذُوفٍ تَقْدِيرُهُ "" هُوَ "" مَرْفُوعٌ"
90,1,عطف بيان مرفوع,عَطْفُ بَيَانٍ مَرْفُوعٌ
91,1,مبتدأ مجرور لفظا مرفوع محلا,مُبْتَدَأٌ مَجْرُورٌ لَفْظًا مَرْفُوعٌ مَحَلًّا
92,2,مفعول به مقدم منصوب,مَفْعُولٌ بِهِ مُقَدَّمٌ مَنْصُوبٌ
93,2,منصوب,مَنْصُوبٌ
94,2,و( رسول ) : معطوف منصوب,وَ( رَسُولَ ) : مَعْطُوفٌ مَنْصُوبٌ
95,3,نعت ثان مجرور,نَعْتٌ ثَانٍ مَجْرُورٌ
96,1,و( يقول ) : فعل مضارع مرفوع,وَ( يَقُولُ ) : فِعْلٌ مُضَارِعٌ مَرْفُوعٌ
97,3,و( البينات ) : اسم مجرور,وَ( الْبَيِّنَاتِ ) : اسْمٌ مَجْرُورٌ
98,3,و( المؤمنين ) : اسم مجرور,وَ( الْمُؤْمِنِينَ ) : اسْمٌ مَجْرُورٌ
99,3,اسم الجلالة مجرور,اسْمُ الْجَلَالَةِ مَجْرُورٌ
100,1,فعل مضارع حذفت منه إحدى التاءين مرفوع,فِعْلٌ مُضَارِعٌ حُذِفَتْ مِنْهُ إِحْدَى التَّاءَيْنِ مَرْفُوعٌ
101,3,و( لكل ) : اسم مجرور,وَ( لِكُلِّ ) : اسْمٌ مَجْرُورٌ
102,3,و( الآخرة ) : اسم مجرور,وَ( الْآخِرَةِ ) : اسْمٌ مَجْرُورٌ
103,2,نائب عن ظرف الزمان منصوب,نَائِبٌ عَنْ ظَرْفِ الزَّمَانِ مَنْصُوبٌ
104,1,فعل مضارع معطوف مبني لما لم يسم فاعله مرفوع,فِعْلٌ مُضَارِعٌ مَعْطُوفٌ مَبْنِيٌّ لِمَا لَمْ يُسَمَّ فَاعِلُهُ مَرْفُوعٌ
105,3,و( المتقين ) : اسم مجرور,وَ( الْمُتَّقِينَ ) : اسْمٌ مَجْرُورٌ
106,2,توكيد منصوب,تَوْكِيدٌ مَنْصُوبٌ
107,3,و( اليوم ) : معطوف مجرور,وَ( الْيَوْمِ ) : مَعْطُوفٌ مَجْرُورٌ
108,2,مفعول مطلق لفعل محذوف منصوب,مَفْعُولٌ مُطْلَقٌ لِفِعْلٍ مَحْذُوفٍ مَنْصُوبٌ
109,1,مبتدأ ثان مرفوع,مُبْتَدَأٌ ثَانٍ مَرْفُوعٌ
110,3,و( المعروف ) : اسم مجرور,وَ( الْمَعْرُوفِ ) : اسْمٌ مَجْرُورٌ
111,2,خبر أصبح منصوب,خَبَرُ أَصْبَحَ مَنْصُوبٌ
112,3,و( بعض ) : اسم مجرور,وَ( بَعْضٍ ) : اسْمٌ مَجْرُورٌ
113,4,فعل مضارع معطوف مجزوم,فِعْلٌ مُضَارِعٌ مَعْطُوفٌ مَجْزُومٌ
114,3,و( رسول ) : معطوف مجرور,وَ( رَسُولِ ) : مَعْطُوفٌ مَجْرُورٌ
115,2,اسم ( إن ) : مؤخر منصوب,اسْمُ ( إِنَّ ) : مُؤَخَّرٌ مَنْصُوبٌ
116,3,و( أمر ) : اسم مجرور,وَ( أَمْرِ ) : اسْمٌ مَجْرُورٌ
117,3,و( أنفس ) : اسم مجرور,وَ( أَنْفُسِ ) : اسْمٌ مَجْرُورٌ
118,1,و( ترى ) : فعل مضارع مرفوع,وَ( تَرَى ) : فِعْلٌ مُضَارِعٌ مَرْفُوعٌ
119,3,و( نفس ) : اسم مجرور,وَ( نَفْسِ ) : اسْمٌ مَجْرُورٌ
120,1,خبر ( كأن ) : مرفوع,خَبَرُ ( كَأَنَّ ) : مَرْفُوعٌ
121,1,و( يهدي ) : فعل مضارع مرفوع,وَ( يَهْدِي ) : فِعْلٌ مُضَارِعٌ مَرْفُوعٌ
122,3,و( قوم ) : اسم مجرور,وَ( قَوْمِ ) : اسْمٌ مَجْرُورٌ
123,3,و( الظالمين ) : اسم مجرور,وَ( الظَّالِمِينَ ) : اسْمٌ مَجْرُورٌ
124,2,و( آيات ) : اسم ( إن ) : منصوب,وَ( آيَاتٍ ) : اسْمُ ( إِنَّ ) : مَنْصُوبٌ
125,1,خبر ( أن ) : ثان مرفوع,خَبَرُ ( أَنَّ ) : ثَانٍ مَرْفُوعٌ
126,1,واسم الجلالة فاعل مجرور لفظا مرفوع محلا,وَاسْمُ الْجَلَالَةِ فَاعِلٌ مَجْرُورٌ لَفْظًا مَرْفُوعٌ مَحَلًّا
127,2,اسم ( أن ) : مؤخر منصوب,اسْمُ ( أَنَّ ) : مُؤَخَّرٌ مَنْصُوبٌ
128,3,و( حمد ) : اسم مجرور,وَ( حَمْدِ ) : اسْمٌ مَجْرُورٌ
129,4,فعل مضارع ناسخ فعل الشرط مجزوم,فِعْلٌ مُضَارِعٌ نَاسِخٌ فِعْلُ الشَّرْطِ مَجْزُومٌ
130,3,توكيد مجرور,تَوْكِيدٌ مَجْرُورٌ
131,1,خبر المبتدإ مرفوع,خَبَرُ الْمُبْتَدَإِ مَرْفُوعٌ
132,2,حال ثان منصوب,حَالٌ ثَانٍ مَنْصُوبٌ
133,3,و( عباد ) : اسم مجرور,وَ( عِبَادِ ) : اسْمٌ مَجْرُورٌ
134,1,نعت ل( أي ) : على اللفظ مرفوع,نَعْتٌ لِـ( أَيُّ ) : عَلَى اللَّفْظِ مَرْفُوعٌ
135,3,و( الغيب ) : اسم مجرور,وَ( الْغَيْبِ ) : اسْمٌ مَجْرُورٌ
136,1,اسم ليس مرفوع,اسْمُ لَيْسَ مَرْفُوعٌ
137,3,و( الآخرة ) : معطوف مجرور,وَ( الْآخِرَةِ ) : مَعْطُوفٌ مَجْرُورٌ
138,3,و( القسط ) : اسم مجرور,وَ( الْقِسْطِ ) : اسْمٌ مَجْرُورٌ
139,1,نعت ثان مرفوع,نَعْتٌ ثَانٍ مَرْفُوعٌ
140,3,و( مثل ) : اسم مجرور,وَ( مَثَلِ ) : اسْمٌ مَجْرُورٌ
141,4,فعل مضارع مبني لما لم يسم فاعله مجزوم,فِعْلٌ مُضَارِعٌ مَبْنِيٌّ لِمَا لَمْ يُسَمَّ فَاعِلُهُ مَجْزُومٌ
142,2,و( آية ) : اسم ( إن ) : مؤخر منصوب,وَ( آيَةً ) : اسْمُ ( إِنَّ ) : مُؤَخَّرٌ مَنْصُوبٌ
143,2,اسم الجلالة اسم ( لكن ) : منصوب,اسْمُ الْجَلَالَةِ اسْمُ ( لَكِنَّ ) : مَنْصُوبٌ
144,1,و( يعلم ) : فعل مضارع مرفوع,وَ( يَعْلَمُ ) : فِعْلٌ مُضَارِعٌ مَرْفُوعٌ
145,3,تمييز مجرور,تَمْيِيزٌ مَجْرُورٌ
146,2,و( آيات ) : اسم ( إن ) : مؤخر منصوب,وَ( آيَاتٍ ) : اسْمُ ( إِنَّ ) : مُؤَخَّرٌ مَنْصُوبٌ
147,1,و( ويل ) : مبتدأ مرفوع,وَ( وَيْلٌ ) : مُبْتَدَأٌ مَرْفُوعٌ
148,3,و( النهار ) : معطوف مجرور,وَ( النَّهَارِ ) : مَعْطُوفٌ مَجْرُورٌ
149,3,و( ذنوب ) : اسم مجرور,وَ( ذُنُوبِ ) : اسْمٌ مَجْرُورٌ
150,3,و( عذاب ) : اسم مجرور,وَ( عَذَابٍ ) : اسْمٌ مَجْرُورٌ
151,3,و( آية ) : اسم مجرور,وَ( آيَةٍ ) : اسْمٌ مَجْرُورٌ
152,3,و( ذات ) : اسم مجرور,وَ( ذَاتِ ) : اسْمٌ مَجْرُورٌ
153,2,و( بين ) : معطوف منصوب,وَ( بَيْنَ ) : مَعْطُوفٌ مَنْصُوبٌ
154,1,فعل مضارع مبني لما لم يسم فاعله فعل الشرط مرفوع,فِعْلٌ مُضَارِعٌ مَبْنِيٌّ لِمَا لَمْ يُسَمَّ فَاعِلُهُ فِعْلُ الشَّرْطِ مَرْفُوعٌ
155,3,و( الأرض ) : معطوف على ( السماوات ) : مجرور,وَ( الْأَرْضِ ) : مَعْطُوفٌ عَلَى ( السَّمَاوَاتِ ) : مَجْرُورٌ
156,3,و( الرحمن ) : اسم مجرور,وَ( الرَّحْمَنِ ) : اسْمٌ مَجْرُورٌ
157,3,و( المكذبين ) : اسم مجرور,وَ( الْمُكَذِّبِينَ ) : اسْمٌ مَجْرُورٌ
158,1,خبر ثالث للمبتدإ مرفوع,خَبَرٌ ثَالِثٌ لِلْمُبْتَدَإِ مَرْفُوعٌ
159,3,و( الباطل ) : اسم مجرور,وَ( الْبَاطِلِ ) : اسْمٌ مَجْرُورٌ
160,2,و( بين ) : ظرف مكان معطوفمنصوب,وَ( بَيْنَ ) : ظَرْفُ مَكَانٍ مَعْطُوفٌمَنْصُوبٌ
161,3,و( العالمين ) : اسم مجرور,وَ( الْعَالَمِينَ ) : اسْمٌ مَجْرُورٌ
162,2,خبر كان مقدم منصوب,خَبَرُ كَانَ مُقَدَّمٌ مَنْصُوبٌ
163,3,و( أموال ) : اسم مجرور,وَ( أَمْوَالِ ) : اسْمٌ مَجْرُورٌ
164,1,و( رسول ) : معطوف مرفوع,وَ( رَسُولُ ) : مَعْطُوفٌ مَرْفُوعٌ
165,2,و( القمر ) : معطوف منصوب,وَ( الْقَمَرَ ) : مَعْطُوفٌ مَنْصُوبٌ
166,1,"خبر لمبتدإ محذوف تقديره "" هي "" مرفوع","خَبَرٌ لِمُبْتَدَإٍ مَحْذُوفٍ تَقْدِيرُهُ "" هِيَ "" مَرْفُوعٌ"
167,2,نعت ثان منصوب,نَعْتٌ ثَانٍ مَنْصُوبٌ
168,1,خبر مقدم مرفوع,خَبَرٌ مُقَدَّمٌ مَرْفُوعٌ
169,1,"خبر لمبتدإ محذوف تقديره "" هم "" مرفوع","خَبَرٌ لِمُبْتَدَإٍ مَحْذُوفٍ تَقْدِيرُهُ "" هُمْ "" مَرْفُوعٌ"
170,3,و( الملائكة ) : اسم مجرور,وَ( الْمَلَائِكَةِ ) : اسْمٌ مَجْرُورٌ
171,3,و( عهد ) : اسم مجرور,وَ( عَهْدِ ) : اسْمٌ مَجْرُورٌ
172,2,و( بني ) : منادى منصوب لأنه مضاف,وَ( بَنِي ) : مُنَادًى مَنْصُوبٌ لِأَنَّهُ مُضَافٌ
173,3,و( رسل ) : معطوف مجرور,وَ( رُسُلِ ) : مَعْطُوفٌ مَجْرُورٌ
174,3,و( مثل ) : اسم مجرور,وَ( مِثْلِ ) : اسْمٌ مَجْرُورٌ
175,1,و( رب ) : معطوف مرفوع,وَ( رَبُّ ) : مَعْطُوفٌ مَرْفُوعٌ
176,1,اسم ما مرفوع,اسْمُ مَا مَرْفُوعٌ
177,4,فعل مضارع مبني لما لم يسم فاعله جواب الشرط مجزوم,فِعْلٌ مُضَارِعٌ مَبْنِيٌّ لِمَا لَمْ يُسَمَّ فَاعِلُهُ جَوَابُ الشَّرْطِ مَجْزُومٌ
178,2,و( أهل ) : منادى منصوب لأنه مضاف,وَ( أَهْلَ ) : مُنَادًى مَنْصُوبٌ لِأَنَّهُ مُضَافٌ
179,2,و( يعلم ) : فعل مضارع منصوب بأن مضمرة,وَ( يَعْلَمَ ) : فِعْلٌ مُضَارِعٌ مَنْصُوبٌ بِأَنْ مُضْمَرَةٍ
180,2,و( رحمة ) : معطوف منصوب,وَ( رَحْمَةً ) : مَعْطُوفٌ مَنْصُوبٌ
181,1,و( ينبئ ) : فعل مضارع مرفوع,وَ( يُنَبِّئُ ) : فِعْلٌ مُضَارِعٌ مَرْفُوعٌ
182,1,فعل مضارع جواب الشرط مرفوع,فِعْلٌ مُضَارِعٌ جَوَابُ الشَّرْطِ مَرْفُوعٌ
183,3,و( الشهادة ) : معطوف مجرور,وَ( الشَّهَادَةِ ) : مَعْطُوفٌ مَجْرُورٌ
184,1,اسم كان مؤخر مجرور لفظا مرفوع محلا,اسْمُ كَانَ مُؤَخَّرٌ مَجْرُورٌ لَفْظًا مَرْفُوعٌ مَحَلًّا
185,1,و( تأتون ) : فعل مضارع مرفوع,وَ( تَأْتُونَ ) : فِعْلٌ مُضَارِعٌ مَرْفُوعٌ
186,1,و( يقولن ) : فعل مضارع مرفوع,وَ( يَقُولُنَّ ) : فِعْلٌ مُضَارِعٌ مَرْفُوعٌ
187,3,و( أهل ) : اسم مجرور,وَ( أَهْلِ ) : اسْمٌ مَجْرُورٌ
188,2,و( يجزي ) : فعل مضارع منصوب بأن مضمرة,وَ( يَجْزِيَ ) : فِعْلٌ مُضَارِعٌ مَنْصُوبٌ بِأَنْ مُضْمَرَةٍ
189,1,و( يعلمون ) : فعل مضارع مرفوع,وَ( يَعْلَمُونَ ) : فِعْلٌ مُضَارِعٌ مَرْفُوعٌ
190,2,و( الحكمة ) : معطوف منصوب,وَ( الْحِكْمَةَ ) : مَعْطُوفٌ مَنْصُوبٌ
191,3,و( بني ) : اسم مجرور,وَ( بَنِي ) : اسْمٌ مَجْرُورٌ
192,3,و( يد ) : اسم مجرور,وَ( يَدِ ) : اسْمٌ مَجْرُورٌ
193,1,و( يميت ) : فعل مضارع مرفوع,وَ( يُمِيتُ ) : فِعْلٌ مُضَارِعٌ مَرْفُوعٌ
194,3,و( أولي ) : اسم مجرور,وَ( أُولِي ) : اسْمٌ مَجْرُورٌ
195,2,و( عند ) : ظرف مكان منصوب,وَ( عِنْدَ ) : ظَرْفُ مَكَانٍ مَنْصُوبٌ
196,1,و( كاذبون ) : خبر ( إن ) : مرفوع,وَ( كَاذِبُونَ ) : خَبَرُ ( إِنَّ ) : مَرْفُوعٌ
197,3,و( كلمات ) : اسم مجرور,وَ( كَلِمَاتِ ) : اسْمٌ مَجْرُورٌ
198,3,و( أبي ) : اسم مجرور,وَ( أَبِي ) : اسْمٌ مَجْرُورٌ
199,1,و( يقدر ) : فعل مضارع مرفوع,وَ( يَقْدِرُ ) : فِعْلٌ مُضَارِعٌ مَرْفُوعٌ
200,2,و( النهار ) : معطوف منصوب,وَ( النَّهَارَ ) : مَعْطُوفٌ مَنْصُوبٌ
201,3,و( يوم ) : اسم مجرور,وَ( يَوْمِ ) : اسْمٌ مَجْرُورٌ
202,3,نعت ثالث مجرور,نَعْتٌ ثَالِثٌ مَجْرُورٌ
203,2,و( غافل ) : خبر ( ما ) : مجرور لفظا منصوب محلا,وَ( غَافِلٍ ) : خَبَرُ ( مَا ) : مَجْرُورٌ لَفْظًا مَنْصُوبٌ مَحَلًّا
204,3,و( الإيمان ) : اسم مجرور,وَ( الْإِيمَانِ ) : اسْمٌ مَجْرُورٌ
205,2,و( نذيرا ) : معطوف منصوب,وَ( نَذِيرًا ) : مَعْطُوفٌ مَنْصُوبٌ
206,1,و( يعلم ) : فعل مضارع مرفوع,وَ( يُعَلِّمُ ) : فِعْلٌ مُضَارِعٌ مَرْفُوعٌ
207,3,و( شيء ) : اسم مجرور,وَ( شَيْءٍ ) : اسْمٌ مَجْرُورٌ
208,1,و( رحمة ) : معطوف مرفوع,وَ( رَحْمَةٌ ) : مَعْطُوفٌ مَرْفُوعٌ
209,2,مفعول به ثان مقدم منصوب,مَفْعُولٌ بِهِ ثَانٍ مُقَدَّمٌ مَنْصُوبٌ
210,1,و( ذو ) : خبر ( إن ) : مرفوع,وَ( ذُو ) : خَبَرُ ( إِنَّ ) : مَرْفُوعٌ
211,3,و( الليل ) : اسم مجرور,وَ( اللَّيْلِ ) : اسْمٌ مَجْرُورٌ
212,2,و( غير ) : مفعول به مقدم منصوب,وَ( غَيْرَ ) : مَفْعُولٌ بِهِ مُقَدَّمٌ مَنْصُوبٌ
213,4,و( يتوكل ) : فعل مضارع مجزوم,وَ( يَتَوَكَّلْ ) : فِعْلٌ مُضَارِعٌ مَجْزُومٌ
214,3,و( أفواه ) : اسم مجرور,وَ( أَفْوَاهِ ) : اسْمٌ مَجْرُورٌ
215,3,و( أنفسهم ) : معطوف مجرور,وَ( أَنْفُسِهِمْ ) : مَعْطُوفٌ مَجْرُورٌ
216,1,خبر ثان مرفوع,خَبَرٌ ثَانٍ مَرْفُوعٌ
217,1,و( رب ) : مبتدأ مرفوع,وَ( رَبُّ ) : مُبْتَدَأٌ مَرْفُوعٌ
218,1,و( غفور ) : خبر ( إن ) : مرفوع,وَ( غَفُورٌ ) : خَبَرُ ( إِنَّ ) : مَرْفُوعٌ
219,2,و( اليوم ) : ظرف زمان منصوب,وَ( الْيَوْمَ ) : ظَرْفُ زَمَانٍ مَنْصُوبٌ
220,2,و( أبت ) : منادى منصوب لأنه مضاف,وَ( أَبَتِ ) : مُنَادًى مَنْصُوبٌ لِأَنَّهُ مُضَافٌ
221,3,و( سلطان ) : اسم مجرور,وَ( سُلْطَانٍ ) : اسْمٌ مَجْرُورٌ
222,3,و( والدي ) : اسم مجرور,وَ( وَالِدَيْ ) : اسْمٌ مَجْرُورٌ
223,2,و( تبتغوا ) : فعل مضارع منصوب بأن مضمرة,وَ( تَبْتَغُوا ) : فِعْلٌ مُضَارِعٌ مَنْصُوبٌ بِأَنْ مُضْمَرَةٍ
224,3,و( الهدى ) : اسم مجرور,وَ( الْهُدَى ) : اسْمٌ مَجْرُورٌ
225,1,اسم الجلالة اسم ما مرفوع,اسْمُ الْجَلَالَةِ اسْمُ مَا مَرْفُوعٌ
226,3,و( كل ) : اسم مجرور,وَ( كُلٍّ ) : اسْمٌ مَجْرُورٌ
227,3,و( ذكر ) : اسم مجرور,وَ( ذِكْرِ ) : اسْمٌ مَجْرُورٌ
228,3,و( العباد ) : اسم مجرور,وَ( الْعِبَادِ ) : اسْمٌ مَجْرُورٌ
229,1,خبر ( لكن ) : مرفوع,خَبَرُ ( لَكِنَّ ) : مَرْفُوعٌ
230,4,فعل مضارع مبني لما لم يسم فاعله فعل الشرط مجزوم,فِعْلٌ مُضَارِعٌ مَبْنِيٌّ لِمَا لَمْ يُسَمَّ فَاعِلُهُ فِعْلُ الشَّرْطِ مَجْزُومٌ
231,1,و( يعذب ) : فعل مضارع مرفوع,وَ( يُعَذِّبُ ) : فِعْلٌ مُضَارِعٌ مَرْفُوعٌ
232,4,و( يغفر ) : فعل مضارع معطوف مجزوم,وَ( يَغْفِرْ ) : فِعْلٌ مُضَارِعٌ مَعْطُوفٌ مَجْزُومٌ
233,2,و( آية ) : اسم ( إن ) : منصوب,وَ( آيَةً ) : اسْمُ ( إِنَّ ) : مَنْصُوبٌ
234,3,و( الكتاب ) : اسم مجرور,وَ( الْكِتَابِ ) : اسْمٌ مَجْرُورٌ
235,4,و( تتقوا ) : فعل مضارع معطوف مجزوم,وَ( تَتَّقُوا ) : فِعْلٌ مُضَارِعٌ مَعْطُوفٌ مَجْزُومٌ
236,1,و( الأرض ) : معطوف مرفوع,وَ( الْأَرْضُ ) : مَعْطُوفٌ مَرْفُوعٌ
237,2,"مفعول مطلق لفعل محذوف تقديره "" أسبح "" منصوب","مَفْعُولٌ مُطْلَقٌ لِفِعْلٍ مَحْذُوفٍ تَقْدِيرُهُ "" أُسَبِّحُ "" مَنْصُوبٌ"
238,3,و( لقاء ) : اسم مجرور,وَ( لِقَاءِ ) : اسْمٌ مَجْرُورٌ
239,3,و( البحر ) : معطوف مجرور,وَ( الْبَحْرِ ) : مَعْطُوفٌ مَجْرُورٌ
240,2,و( معجزين ) : خبر ( ما ) : مجرور لفظا منصوب محلا,وَ( مُعْجِزِينَ ) : خَبَرُ ( مَا ) : مَجْرُورٌ لَفْظًا مَنْصُوبٌ مَحَلًّا
241,3,و( رحمة ) : اسم مجرور,وَ( رَحْمَةٍ ) : اسْمٌ مَجْرُورٌ
242,2,و( أهل ) : معطوف منصوب,وَ( أَهْلَ ) : مَعْطُوفٌ مَنْصُوبٌ
243,1,اسم عسى مرفوع,اسْمُ عَسَى مَرْفُوعٌ
244,1,توكيد مرفوع,تَوْكِيدٌ مَرْفُوعٌ
245,3,و( عيون ) : معطوف مجرور,وَ( عُيُونٍ ) : مَعْطُوفٌ مَجْرُورٌ
246,3,و( نعمة ) : اسم مجرور,وَ( نِعْمَةِ ) : اسْمٌ مَجْرُورٌ
247,1,نعت ل( رسول ) : مرفوع,نَعْتٌ لِـ( رَسُولٌ ) : مَرْفُوعٌ
248,3,نعت لاسم الجلالة مجرور,نَعْتٌ لِاسْمِ الْجَلَالَةِ مَجْرُورٌ
249,3,و( اسم ) : اسم مجرور,وَ( اسْمِ ) : اسْمٌ مَجْرُورٌ
250,3,و( قوة ) : اسم مجرور,وَ( قُوَّةٍ ) : اسْمٌ مَجْرُورٌ
251,1,و( رحمت ) : معطوف مرفوع,وَ( رَحْمَتُ ) : مَعْطُوفٌ مَرْفُوعٌ
252,3,و( بعض ) : اسم مجرور,وَ( بَعْضِ ) : اسْمٌ مَجْرُورٌ
253,3,و( أيدي ) : اسم مجرور,وَ( أَيْدِي ) : اسْمٌ مَجْرُورٌ
254,3,و( الوالدين ) : اسم مجرور,وَ( الْوَالِدَيْنِ ) : اسْمٌ مَجْرُورٌ
255,3,و( المساكين ) : معطوف مجرور,وَ( الْمَسَاكِينِ ) : مَعْطُوفٌ مَجْرُورٌ
256,3,و( كفر ) : اسم مجرور,وَ( كُفْرِ ) : اسْمٌ مَجْرُورٌ
257,2,و( هدى ) : معطوف منصوب,وَ( هُدًى ) : مَعْطُوفٌ مَنْصُوبٌ
258,3,و( رحمت ) : اسم مجرور,وَ( رَحْمَتِ ) : اسْمٌ مَجْرُورٌ
259,3,و( خير ) : اسم مجرور,وَ( خَيْرٍ ) : اسْمٌ مَجْرُورٌ
260,3,و( إسحاق ) : معطوف مجرور,وَ( إِسْحَاقَ ) : مَعْطُوفٌ مَجْرُورٌ
261,1,و( يسألون ) : فعل مضارع مرفوع,وَ( يَسْأَلُونَ ) : فِعْلٌ مُضَارِعٌ مَرْفُوعٌ
262,3,و( معروف ) : اسم مجرور,وَ( مَعْرُوفٍ ) : اسْمٌ مَجْرُورٌ
263,3,و( العدل ) : اسم مجرور,وَ( الْعَدْلِ ) : اسْمٌ مَجْرُورٌ
264,1,و( أنبئ ) : فعل مضارع مرفوع,وَ( أُنَبِّئُ ) : فِعْلٌ مُضَارِعٌ مَرْفُوعٌ
265,1,و( مأواهم ) : مبتدأ مرفوع,وَ( مَأْوَاهُمْ ) : مُبْتَدَأٌ مَرْفُوعٌ
266,1,اسم الجلالة اسم عسى مرفوع,اسْمُ الْجَلَالَةِ اسْمُ عَسَى مَرْفُوعٌ
267,3,و( رسول ) : اسم مجرور,وَ( رَسُولِ ) : اسْمٌ مَجْرُورٌ
268,3,بدل من ( هذا ) : مجرور,بَدَلٌ مِنْ ( هَذَا ) : مَجْرُورٌ
269,2,و( يبلو ) : فعل مضارع منصوب بأن مضمرة,وَ( يَبْلُوَ ) : فِعْلٌ مُضَارِعٌ مَنْصُوبٌ بِأَنْ مُضْمَرَةٍ
270,2,و( يوم ) : مفعول به منصوب,وَ( يَوْمَ ) : مَفْعُولٌ بِهِ مَنْصُوبٌ
271,1,نعت ثالث مرفوع,نَعْتٌ ثَالِثٌ مَرْفُوعٌ
272,2,و( تنذر ) : فعل مضارع منصوب بأن مضمرة,وَ( تُنْذِرَ ) : فِعْلٌ مُضَارِعٌ مَنْصُوبٌ بِأَنْ مُضْمَرَةٍ
273,3,و( الإنس ) : معطوف مجرور,وَ( الْإِنْسِ ) : مَعْطُوفٌ مَجْرُورٌ
274,1,اسم الجلالة خبر ( إن ) : مرفوع,اسْمُ الْجَلَالَةِ خَبَرُ ( إِنَّ ) : مَرْفُوعٌ
275,2,و( ينذر ) : فعل مضارع منصوب بأن مضمرة,وَ( يُنْذِرَ ) : فِعْلٌ مُضَارِعٌ مَنْصُوبٌ بِأَنْ مُضْمَرَةٍ
276,2,مفعول به أول مؤخر منصوب,مَفْعُولٌ بِهِ أَوَّلُ مُؤَخَّرٌ مَنْصُوبٌ
277,2,و( المؤمنات ) : معطوف منصوب,وَ( الْمُؤْمِنَاتِ ) : مَعْطُوفٌ مَنْصُوبٌ
278,3,و( ماء ) : اسم مجرور,وَ( مَاءٍ ) : اسْمٌ مَجْرُورٌ
279,1,و( يجعل ) : فعل مضارع مرفوع,وَ( يَجْعَلُ ) : فِعْلٌ مُضَارِعٌ مَرْفُوعٌ
280,3,و( الدين ) : اسم مجرور,وَ( الدِّينِ ) : اسْمٌ مَجْرُورٌ
281,3,و( الإنسان ) : اسم مجرور,وَ( الْإِنْسَانِ ) : اسْمٌ مَجْرُورٌ
282,3,و( ذنب ) : اسم مجرور,وَ( ذَنْبِ ) : اسْمٌ مَجْرُورٌ
283,3,و( حكم ) : اسم مجرور,وَ( حُكْمِ ) : اسْمٌ مَجْرُورٌ
284,1,مرفوع,مَرْفُوعٌ
285,2,خبر ظل منصوب,خَبَرُ ظَلَّ مَنْصُوبٌ
286,3,و( يمين ) : اسم مجرور,وَ( يَمِينِ ) : اسْمٌ مَجْرُورٌ
287,2,نعت ل( قوما ) : منصوب,نَعْتٌ لِـ( قَوْمًا ) : مَنْصُوبٌ
288,3,نعت ل( الحياة ) : مجرور,نَعْتٌ لِـ( الْحَيَاةِ ) : مَجْرُورٌ
289,3,و( العذاب ) : اسم مجرور,وَ( الْعَذَابِ ) : اسْمٌ مَجْرُورٌ
290,3,نعت رابع مجرور,نَعْتٌ رَابِعٌ مَجْرُورٌ
291,2,و( مؤمنين ) : خبر ( ما ) : مجرور لفظا منصوب محلا,وَ( مُؤْمِنِينَ ) : خَبَرُ ( مَا ) : مَجْرُورٌ لَفْظًا مَنْصُوبٌ مَحَلًّا
292,3,و( آدم ) : اسم مجرور,وَ( آدَمَ ) : اسْمٌ مَجْرُورٌ
293,1,و( يقتلون ) : فعل مضارع مرفوع,وَ( يَقْتُلُونَ ) : فِعْلٌ مُضَارِعٌ مَرْفُوعٌ
294,3,و( اليتامى ) : معطوف مجرور,وَ( الْيَتَامَى ) : مَعْطُوفٌ مَجْرُورٌ
295,3,و( الإثم ) : اسم مجرور,وَ( الْإِثْمِ ) : اسْمٌ مَجْرُورٌ
296,3,و( العدوان ) : معطوف مجرور,وَ( الْعُدْوَانِ ) : مَعْطُوفٌ مَجْرُورٌ
297,3,عطف بيان مجرور,عَطْفُ بَيَانٍ مَجْرُورٌ
298,1,و( يكون ) : فعل مضارع تام مرفوع,وَ( يَكُونُ ) : فِعْلٌ مُضَارِعٌ تَامٌّ مَرْفُوعٌ
299,3,و( إسماعيل ) : معطوف مجرور,وَ( إِسْمَاعِيلَ ) : مَعْطُوفٌ مَجْرُورٌ
300,2,و( يعقوب ) : معطوف منصوب,وَ( يَعْقُوبَ ) : مَعْطُوفٌ مَنْصُوبٌ
301,1,و( مثل ) : مبتدأ مرفوع,وَ( مَثَلُ ) : مُبْتَدَأٌ مَرْفُوعٌ
302,2,و( أولي ) : منادى منصوب لأنه مضاف,وَ( أُولِي ) : مُنَادًى مَنْصُوبٌ لِأَنَّهُ مُضَافٌ
303,3,و( ابن ) : معطوف مجرور,وَ( ابْنِ ) : مَعْطُوفٌ مَجْرُورٌ
304,3,و( التقوى ) : اسم مجرور,وَ( التَّقْوَى ) : اسْمٌ مَجْرُورٌ
305,3,و( سيما ) : اسم مجرور,وَ( سِيمَا ) : اسْمٌ مَجْرُورٌ
306,2,فعل مضارع حذفت منه إحدى التاءين منصوب,فِعْلٌ مُضَارِعٌ حُذِفَتْ مِنْهُ إِحْدَى التَّاءَيْنِ مَنْصُوبٌ
307,1,و( المؤمنون ) : معطوف مرفوع,وَ( الْمُؤْمِنُونَ ) : مَعْطُوفٌ مَرْفُوعٌ
308,2,و( الإنجيل ) : معطوف منصوب,وَ( الْإِنْجِيلَ ) : مَعْطُوفٌ مَنْصُوبٌ
309,3,و( الكفر ) : اسم مجرور,وَ( الْكُفْرِ ) : اسْمٌ مَجْرُورٌ
310,3,و( إخوان ) : اسم مجرور,وَ( إِخْوَانِ ) : اسْمٌ مَجْرُورٌ
311,1,"خبر لمبتدإ محذوف تقديره "" هذا "" مرفوع","خَبَرٌ لِمُبْتَدَإٍ مَحْذُوفٍ تَقْدِيرُهُ "" هَذَا "" مَرْفُوعٌ"
312,1,و( الآخرة ) : مبتدأ مرفوع,وَ( الْآخِرَةُ ) : مُبْتَدَأٌ مَرْفُوعٌ
313,2,و( كلا ) : مفعول به مقدم منصوب,وَ( كُلًّا ) : مَفْعُولٌ بِهِ مُقَدَّمٌ مَنْصُوبٌ
314,2,و( يغفر ) : فعل مضارع منصوب بأن مضمرة,وَ( يَغْفِرَ ) : فِعْلٌ مُضَارِعٌ مَنْصُوبٌ بِأَنْ مُضْمَرَةٍ
315,3,و( عذاب ) : اسم مجرور,وَ( عَذَابِ ) : اسْمٌ مَجْرُورٌ
316,3,و( ظلم ) : اسم مجرور,وَ( ظُلْمٍ ) : اسْمٌ مَجْرُورٌ
317,3,و( هارون ) : معطوف مجرور,وَ( هَارُونَ ) : مَعْطُوفٌ مَجْرُورٌ
318,3,و( علم ) : اسم مجرور,وَ( عِلْمِ ) : اسْمٌ مَجْرُورٌ
319,1,و( يدخل ) : فعل مضارع مرفوع,وَ( يُدْخِلُ ) : فِعْلٌ مُضَارِعٌ مَرْفُوعٌ
320,1,معطوف مجرور لفظا مرفوع محلا,مَعْطُوفٌ مَجْرُورٌ لَفْظًا مَرْفُوعٌ مَحَلًّا
321,1,و( يؤتون ) : فعل مضارع مرفوع,وَ( يُؤْتُونَ ) : فِعْلٌ مُضَارِعٌ مَرْفُوعٌ
322,1,و( كثير ) : مبتدأ مرفوع,وَ( كَثِيرٌ ) : مُبْتَدَأٌ مَرْفُوعٌ
323,1,فاعل مؤخر مرفوع,فَاعِلٌ مُؤَخَّرٌ مَرْفُوعٌ
324,1,اسم الجلالة اسم ليس مرفوع,اسْمُ الْجَلَالَةِ اسْمُ لَيْسَ مَرْفُوعٌ
325,1,و( يصيب ) : فعل مضارع مرفوع,وَ( يُصِيبُ ) : فِعْلٌ مُضَارِعٌ مَرْفُوعٌ
326,2,و( يضل ) : فعل مضارع منصوب بأن مضمرة,وَ( يُضِلَّ ) : فِعْلٌ مُضَارِعٌ مَنْصُوبٌ بِأَنْ مُضْمَرَةٍ
327,2,و( الميزان ) : معطوف منصوب,وَ( الْمِيزَانَ ) : مَعْطُوفٌ مَنْصُوبٌ
328,3,و( الحسنة ) : اسم مجرور,وَ( الْحَسَنَةِ ) : اسْمٌ مَجْرُورٌ
329,3,و( السيئة ) : اسم مجرور,وَ( السَّيِّئَةِ ) : اسْمٌ مَجْرُورٌ
330,2,حال ثانية منصوب,حَالٌ ثَانِيَةٌ مَنْصُوبٌ
331,1,و( تقولون ) : فعل مضارع مرفوع,وَ( تَقُولُونَ ) : فِعْلٌ مُضَارِعٌ مَرْفُوعٌ
332,1,و( تعلمون ) : فعل مضارع مرفوع,وَ( تَعْلَمُونَ ) : فِعْلٌ مُضَارِعٌ مَرْفُوعٌ
333,3,و( صاحب ) : اسم مجرور,وَ( صَاحِبِ ) : اسْمٌ مَجْرُورٌ
334,1,و( رزق ) : معطوف مرفوع,وَ( رِزْقٌ ) : مَعْطُوفٌ مَرْفُوعٌ
335,1,و( ينزل ) : فعل مضارع مرفوع,وَ( يُنَزِّلُ ) : فِعْلٌ مُضَارِعٌ مَرْفُوعٌ
336,1,و( يصدون ) : فعل مضارع مرفوع,وَ( يَصُدُّونَ ) : فِعْلٌ مُضَارِعٌ مَرْفُوعٌ
337,1,و( كل ) : مبتدأ مرفوع,وَ( كُلٌّ ) : مُبْتَدَأٌ مَرْفُوعٌ
338,1,و( يحلفون ) : فعل مضارع مرفوع,وَ( يَحْلِفُونَ ) : فِعْلٌ مُضَارِعٌ مَرْفُوعٌ
339,3,و( قوم ) : معطوف مجرور,وَ( قَوْمِ ) : مَعْطُوفٌ مَجْرُورٌ
340,2,و( الأبصار ) : معطوف منصوب,وَ( الْأَبْصَارَ ) : مَعْطُوفٌ مَنْصُوبٌ
341,3,و( تأويل ) : اسم مجرور,وَ( تَأْوِيلِ ) : اسْمٌ مَجْرُورٌ
342,1,و( عذاب ) : مبتدأ مرفوع,وَ( عَذَابُ ) : مُبْتَدَأٌ مَرْفُوعٌ
343,3,و( القول ) : اسم مجرور,وَ( الْقَوْلِ ) : اسْمٌ مَجْرُورٌ
344,2,و( الأرض ) : مفعول به منصوب,وَ( الْأَرْضَ ) : مَفْعُولٌ بِهِ مَنْصُوبٌ
345,3,و( قدر ) : اسم مجرور,وَ( قَدَرٍ ) : اسْمٌ مَجْرُورٌ
346,3,و( بنين ) : معطوف مجرور,وَ( بَنِينَ ) : مَعْطُوفٌ مَجْرُورٌ
347,1,و( مبعوثون ) : خبر ( إن ) : مرفوع,وَ( مَبْعُوثُونَ ) : خَبَرُ ( إِنَّ ) : مَرْفُوعٌ
348,1,نعت لاسم الجلالة مرفوع,نَعْتٌ لِاسْمِ الْجَلَالَةِ مَرْفُوعٌ
349,3,و( القرآن ) : اسم مجرور,وَ( الْقُرْآنِ ) : اسْمٌ مَجْرُورٌ
350,2,و( عظاما ) : معطوف منصوب,وَ( عِظَامًا ) : مَعْطُوفٌ مَنْصُوبٌ
351,3,و( المجرمين ) : اسم مجرور,وَ( الْمُجْرِمِينَ ) : اسْمٌ مَجْرُورٌ
352,1,و( إله ) : مبتدأ مرفوع,وَ( إِلَهٌ ) : مُبْتَدَأٌ مَرْفُوعٌ
353,4,و( ينظروا ) : فعل مضارع معطوف مجزوم,وَ( يَنْظُرُوا ) : فِعْلٌ مُضَارِعٌ مَعْطُوفٌ مَجْزُومٌ
354,3,و( الذكر ) : اسم مجرور,وَ( الذِّكْرِ ) : اسْمٌ مَجْرُورٌ
355,2,و( بني ) : منادى منصوب لأنه مضاف,وَ( بُنَيَّ ) : مُنَادًى مَنْصُوبٌ لِأَنَّهُ مُضَافٌ
356,3,و( الصبر ) : اسم مجرور,وَ( الصَّبْرِ ) : اسْمٌ مَجْرُورٌ
357,2,و( قوم ) : منادى منصوب,وَ( قَوْمِ ) : مُنَادًى مَنْصُوبٌ
358,3,و( غضب ) : اسم مجرور,وَ( غَضَبٍ ) : اسْمٌ مَجْرُورٌ
359,2,و( النصارى ) : معطوف منصوب,وَ( النَّصَارَى ) : مَعْطُوفٌ مَنْصُوبٌ
360,1,و( يزكي ) : فعل مضارع مرفوع,وَ( يُزَكِّي ) : فِعْلٌ مُضَارِعٌ مَرْفُوعٌ
361,3,و( يعقوب ) : معطوف مجرور,وَ( يَعْقُوبَ ) : مَعْطُوفٌ مَجْرُورٌ
362,2,و( نعلم ) : فعل مضارع منصوب بأن مضمرة,وَ( نَعْلَمَ ) : فِعْلٌ مُضَارِعٌ مَنْصُوبٌ بِأَنْ مُضْمَرَةٍ
363,1,و( رءوف ) : خبر ( إن ) : مرفوع,وَ( رَءُوفٌ ) : خَبَرُ ( إِنَّ ) : مَرْفُوعٌ
364,3,و( الملائكة ) : معطوف مجرور,وَ( الْمَلَائِكَةِ ) : مَعْطُوفٌ مَجْرُورٌ
365,3,و( الناس ) : معطوف مجرور,وَ( النَّاسِ ) : مَعْطُوفٌ مَجْرُورٌ
366,3,و( السوء ) : اسم مجرور,وَ( السُّوءِ ) : اسْمٌ مَجْرُورٌ
367,3,و( الكتاب ) : معطوف مجرور,وَ( الْكِتَابِ ) : مَعْطُوفٌ مَجْرُورٌ
368,2,و( ابن ) : معطوف منصوب,وَ( ابْنَ ) : مَعْطُوفٌ مَنْصُوبٌ
369,3,و( الضراء ) : معطوف مجرور,وَ( الضَّرَّاءِ ) : مَعْطُوفٌ مَجْرُورٌ
370,2,و( منذرين ) : معطوف منصوب,وَ( مُنْذِرِينَ ) : مَعْطُوفٌ مَنْصُوبٌ
371,2,و( يحكم ) : فعل مضارع منصوب بأن مضمرة,وَ( يَحْكُمَ ) : فِعْلٌ مُضَارِعٌ مَنْصُوبٌ بِأَنْ مُضْمَرَةٍ
372,3,و( الشمس ) : اسم مجرور,وَ( الشَّمْسِ ) : اسْمٌ مَجْرُورٌ
373,2,و( علانية ) : معطوف منصوب,وَ( عَلَانِيَةً ) : مَعْطُوفٌ مَنْصُوبٌ
374,1,و( يغفر ) : فعل مضارع مرفوع,وَ( يَغْفِرُ ) : فِعْلٌ مُضَارِعٌ مَرْفُوعٌ
375,3,و( يوم ) : اسم مجرور,وَ( يَوْمٍ ) : اسْمٌ مَجْرُورٌ
376,3,و( نصر ) : اسم مجرور,وَ( نَصْرِ ) : اسْمٌ مَجْرُورٌ
377,2,و( عبرة ) : اسم ( إن ) : منصوب,وَ( عِبْرَةً ) : اسْمُ ( إِنَّ ) : مَنْصُوبٌ
378,2,و( الرسول ) : معطوف منصوب,وَ( الرَّسُولَ ) : مَعْطُوفٌ مَنْصُوبٌ
379,3,و( العشي ) : اسم مجرور,وَ( الْعَشِيِّ ) : اسْمٌ مَجْرُورٌ
380,3,و( بشر ) : اسم مجرور,وَ( بَشَرٍ ) : اسْمٌ مَجْرُورٌ
381,1,و( يأمرون ) : فعل مضارع مرفوع,وَ( يَأْمُرُونَ ) : فِعْلٌ مُضَارِعٌ مَرْفُوعٌ
382,1,و( ينهون ) : فعل مضارع مرفوع,وَ( يَنْهَوْنَ ) : فِعْلٌ مُضَارِعٌ مَرْفُوعٌ
383,1,نعت ل( عذاب ) : مرفوع,نَعْتٌ لِـ( عَذَابٌ ) : مَرْفُوعٌ
384,1,و( أكثرهم ) : مبتدأ مرفوع,وَ( أَكْثَرُهُمْ ) : مُبْتَدَأٌ مَرْفُوعٌ
385,2,خبر ليس منصوب,خَبَرُ لَيْسَ مَنْصُوبٌ
386,3,و( نفس ) : اسم مجرور,وَ( نَفْسٍ ) : اسْمٌ مَجْرُورٌ
387,2,و( يجعل ) : فعل مضارع منصوب بأن مضمرة,وَ( يَجْعَلَ ) : فِعْلٌ مُضَارِعٌ مَنْصُوبٌ بِأَنْ مُضْمَرَةٍ
388,1,و( مأوا ) : مبتدأ مرفوع,وَ( مَأْوَا ) : مُبْتَدَأٌ مَرْفُوعٌ
389,3,و( العبيد ) : اسم مجرور,وَ( الْعَبِيدِ ) : اسْمٌ مَجْرُورٌ
390,3,و( رسول ) : اسم مجرور,وَ( رَسُولٍ ) : اسْمٌ مَجْرُورٌ
391,3,و( جهالة ) : اسم مجرور,وَ( جَهَالَةٍ ) : اسْمٌ مَجْرُورٌ
392,3,و( فاحشة ) : اسم مجرور,وَ( فَاحِشَةٍ ) : اسْمٌ مَجْرُورٌ
393,3,و( ذي ) : اسم مجرور,وَ( ذِي ) : اسْمٌ مَجْرُورٌ
394,4,فعل مضارع ناسخ جواب الشرط مجزوم,فِعْلٌ مُضَارِعٌ نَاسِخٌ جَوَابُ الشَّرْطِ مَجْزُومٌ
395,2,عطف بيان منصوب,عَطْفُ بَيَانٍ مَنْصُوبٌ
396,1,و( الملائكة ) : مبتدأ مرفوع,وَ( الْمَلَائِكَةُ ) : مُبْتَدَأٌ مَرْفُوعٌ
397,3,و( رسل ) : اسم مجرور,وَ( رُسُلِ ) : اسْمٌ مَجْرُورٌ
398,1,و( يزيد ) : فعل مضارع مرفوع,وَ( يَزِيدُ ) : فِعْلٌ مُضَارِعٌ مَرْفُوعٌ
399,1,و( أجر ) : معطوف مرفوع,وَ( أَجْرٌ ) : مَعْطُوفٌ مَرْفُوعٌ
400,1,و( يخرج ) : فعل مضارع مرفوع,وَ( يُخْرِجُ ) : فِعْلٌ مُضَارِعٌ مَرْفُوعٌ
401,2,مفعول به أول مقدم منصوب,مَفْعُولٌ بِهِ أَوَّلُ مُقَدَّمٌ مَنْصُوبٌ
402,2,و( كفرا ) : معطوف منصوب,وَ( كُفْرًا ) : مَعْطُوفٌ مَنْصُوبٌ
403,2,و( تعلموا ) : فعل مضارع منصوب بأن مضمرة,وَ( تَعْلَمُوا ) : فِعْلٌ مُضَارِعٌ مَنْصُوبٌ بِأَنْ مُضْمَرَةٍ
404,3,و( إذ ) : اسم مجرور,وَ( إِذْ ) : اسْمٌ مَجْرُورٌ
405,3,و( ضر ) : اسم مجرور,وَ( ضُرٍّ ) : اسْمٌ مَجْرُورٌ
406,1,و( البصير ) : معطوف مرفوع,وَ( الْبَصِيرُ ) : مَعْطُوفٌ مَرْفُوعٌ
407,2,و( وكيل ) : خبر ( ما ) : مجرور لفظا منصوب محلا,وَ( وَكِيلٍ ) : خَبَرُ ( مَا ) : مَجْرُورٌ لَفْظًا مَنْصُوبٌ مَحَلًّا
408,2,و( يؤمنوا ) : فعل مضارع منصوب بأن مضمرة,وَ( يُؤْمِنُوا ) : فِعْلٌ مُضَارِعٌ مَنْصُوبٌ بِأَنْ مُضْمَرَةٍ
409,3,و( المهتدين ) : اسم مجرور,وَ( الْمُهْتَدِينَ ) : اسْمٌ مَجْرُورٌ
410,3,و( شركاء ) : اسم مجرور,وَ( شُرَكَاءِ ) : اسْمٌ مَجْرُورٌ
411,1,و( صادقون ) : خبر ( إن ) : مرفوع,وَ( صَادِقُونَ ) : خَبَرُ ( إِنَّ ) : مَرْفُوعٌ
412,1,و( يحسبون ) : فعل مضارع مرفوع,وَ( يَحْسَبُونَ ) : فِعْلٌ مُضَارِعٌ مَرْفُوعٌ
413,1,و( يبغون ) : فعل مضارع مرفوع,وَ( يَبْغُونَ ) : فِعْلٌ مُضَارِعٌ مَرْفُوعٌ
414,2,و( الشمس ) : معطوف منصوب,وَ( الشَّمْسَ ) : مَعْطُوفٌ مَنْصُوبٌ
415,2,و( طمعا ) : معطوف منصوب,وَ( طَمَعًا ) : مَعْطُوفٌ مَنْصُوبٌ
416,1,و( آباؤ ) : معطوف مرفوع,وَ( آبَاؤُ ) : مَعْطُوفٌ مَرْفُوعٌ
417,3,و( سوء ) : اسم مجرور,وَ( سُوءٍ ) : اسْمٌ مَجْرُورٌ
418,2,و( يأخذ ) : فعل مضارع منصوب بأن مضمرة,وَ( يَأْخُذَ ) : فِعْلٌ مُضَارِعٌ مَنْصُوبٌ بِأَنْ مُضْمَرَةٍ
419,2,و( لوطا ) : مفعول به منصوب,وَ( لُوطًا ) : مَفْعُولٌ بِهِ مَنْصُوبٌ
420,1,و( قوم ) : معطوف مرفوع,وَ( قَوْمُ ) : مَعْطُوفٌ مَرْفُوعٌ
421,3,و( أحسن ) : اسم مجرور,وَ( أَحْسَنِ ) : اسْمٌ مَجْرُورٌ
422,3,و( جهنم ) : اسم مجرور,وَ( جَهَنَّمَ ) : اسْمٌ مَجْرُورٌ
423,1,اسم الجلالة نائب فاعل مرفوع,اسْمُ الْجَلَالَةِ نَائِبُ فَاعِلٍ مَرْفُوعٌ
424,3,و( الرسول ) : اسم مجرور,وَ( الرَّسُولِ ) : اسْمٌ مَجْرُورٌ
425,3,و( المشركين ) : اسم مجرور,وَ( الْمُشْرِكِينَ ) : اسْمٌ مَجْرُورٌ
426,3,و( ثمود ) : معطوف مجرور,وَ( ثَمُودَ ) : مَعْطُوفٌ مَجْرُورٌ
427,2,و( المنافقين ) : معطوف منصوب,وَ( الْمُنَافِقِينَ ) : مَعْطُوفٌ مَنْصُوبٌ
428,2,"مفعول مطلق لفعل محذوف تقديره "" نسبح "" منصوب","مَفْعُولٌ مُطْلَقٌ لِفِعْلٍ مَحْذُوفٍ تَقْدِيرُهُ "" نُسَبِّحُ "" مَنْصُوبٌ"
429,3,و( الخير ) : اسم مجرور,وَ( الْخَيْرِ ) : اسْمٌ مَجْرُورٌ
430,1,و( يعبدون ) : فعل مضارع مرفوع,وَ( يَعْبُدُونَ ) : فِعْلٌ مُضَارِعٌ مَرْفُوعٌ
431,3,و( الأمس ) : اسم مجرور,وَ( الْأَمْسِ ) : اسْمٌ مَجْرُورٌ
432,2,و( تسكنوا ) : فعل مضارع منصوب بأن مضمرة,وَ( تَسْكُنُوا ) : فِعْلٌ مُضَارِعٌ مَنْصُوبٌ بِأَنْ مُضْمَرَةٍ
433,2,مفعول به ثان مجرور لفظا منصوب محلا,مَفْعُولٌ بِهِ ثَانٍ مَجْرُورٌ لَفْظًا مَنْصُوبٌ مَحَلًّا
434,3,و( ملئ ) : معطوف مجرور,وَ( مَلَئِ ) : مَعْطُوفٌ مَجْرُورٌ
435,3,و( أخي ) : معطوف مجرور,وَ( أَخِي ) : مَعْطُوفٌ مَجْرُورٌ
436,1,و( جنود ) : معطوف مرفوع,وَ( جُنُودُ ) : مَعْطُوفٌ مَرْفُوعٌ
437,2,و( تكون ) : فعل مضارع ناسخ منصوب بأن مضمرة,وَ( تَكُونَ ) : فِعْلٌ مُضَارِعٌ نَاسِخٌ مَنْصُوبٌ بِأَنْ مُضْمَرَةٍ
438,1,خبر ( لعل ) : مرفوع,خَبَرُ ( لَعَلَّ ) : مَرْفُوعٌ
439,3,و( أعين ) : اسم مجرور,وَ( أَعْيُنِ ) : اسْمٌ مَجْرُورٌ
440,3,نعت ل( شك ) : مجرور,نَعْتٌ لِـ( شَكٍّ ) : مَجْرُورٌ
441,2,نائب عن المفعول المطلق مجرور لفظا منصوب محلا,نَائِبٌ عَنِ الْمَفْعُولِ الْمُطْلَقِ مَجْرُورٌ لَفْظًا مَنْصُوبٌ مَحَلًّا
442,3,و( أجل ) : اسم مجرور,وَ( أَجَلٍ ) : اسْمٌ مَجْرُورٌ
443,3,و( يوسف ) : اسم مجرور,وَ( يُوسُفَ ) : اسْمٌ مَجْرُورٌ
444,2,و( علما ) : معطوف منصوب,وَ( عِلْمًا ) : مَعْطُوفٌ مَنْصُوبٌ
445,2,و( أبانا ) : منادى منصوب لأنه مضاف,وَ( أَبَانَا ) : مُنَادًى مَنْصُوبٌ لِأَنَّهُ مُضَافٌ
446,1,و( كل ) : مبتدأ مرفوع,وَ( كُلُّ ) : مُبْتَدَأٌ مَرْفُوعٌ
447,3,و( غلام ) : اسم مجرور,وَ( غُلَامٍ ) : اسْمٌ مَجْرُورٌ
448,2,و( الأفئدة ) : معطوف منصوب,وَ( الْأَفْئِدَةَ ) : مَعْطُوفٌ مَنْصُوبٌ
449,2,و( كل ) : مفعول به منصوب,وَ( كُلَّ ) : مَفْعُولٌ بِهِ مَنْصُوبٌ
450,1,و( رب ) : فاعل مجرور لفظا مرفوع محلا,وَ( رَبِّ ) : فَاعِلٌ مَجْرُورٌ لَفْظًا مَرْفُوعٌ مَحَلًّا
451,3,و( جانب ) : اسم مجرور,وَ( جَانِبِ ) : اسْمٌ مَجْرُورٌ
452,1,و( أظن ) : فعل مضارع مرفوع,وَ( أَظُنُّ ) : فِعْلٌ مُضَارِعٌ مَرْفُوعٌ
453,3,و( آباء ) : اسم مجرور,وَ( آبَاءِ ) : اسْمٌ مَجْرُورٌ
454,4,و( ينظر ) : فعل مضارع مجزوم,وَ( يَنْظُرْ ) : فِعْلٌ مُضَارِعٌ مَجْزُومٌ
455,1,اسم أصبح مرفوع,اسْمُ أَصْبَحَ مَرْفُوعٌ
456,1,و( سلام ) : مبتدأ مرفوع,وَ( سَلَامٌ ) : مُبْتَدَأٌ مَرْفُوعٌ
457,3,و( الصلاة ) : اسم مجرور,وَ( الصَّلَاةِ ) : اسْمٌ مَجْرُورٌ
458,2,و( كلا ) : مفعول به أول مقدم منصوب,وَ( كُلًّا ) : مَفْعُولٌ بِهِ أَوَّلُ مُقَدَّمٌ مَنْصُوبٌ
459,1,بدل من ( هذا ) : مرفوع,بَدَلٌ مِنْ ( هَذَا ) : مَرْفُوعٌ
460,2,و( ذكرى ) : معطوف منصوب,وَ( ذِكْرَى ) : مَعْطُوفٌ مَنْصُوبٌ
461,2,و( تبلغوا ) : فعل مضارع منصوب بأن مضمرة,وَ( تَبْلُغُوا ) : فِعْلٌ مُضَارِعٌ مَنْصُوبٌ بِأَنْ مُضْمَرَةٍ
462,1,و( القمر ) : معطوف مرفوع,وَ( الْقَمَرُ ) : مَعْطُوفٌ مَرْفُوعٌ
463,2,اسم الجلالة مفعول به مقدم منصوب,اسْمُ الْجَلَالَةِ مَفْعُولٌ بِهِ مُقَدَّمٌ مَنْصُوبٌ
464,1,و( يولج ) : فعل مضارع مرفوع,وَ( يُولِجُ ) : فِعْلٌ مُضَارِعٌ مَرْفُوعٌ
465,2,و( أصيلا ) : معطوف منصوب,وَ( أَصِيلًا ) : مَعْطُوفٌ مَنْصُوبٌ
466,2,و( جنود ) : معطوف منصوب,وَ( جُنُودَ ) : مَعْطُوفٌ مَنْصُوبٌ
467,3,و( سنة ) : اسم مجرور,وَ( سُنَّةِ ) : اسْمٌ مَجْرُورٌ
468,2,و( الأرض ) : معطوف على ( السماوات ) : منصوب,وَ( الْأَرْضَ ) : مَعْطُوفٌ عَلَى ( السَّمَاوَاتِ ) : مَنْصُوبٌ
469,3,و( رسول ) : معطوف على اسم الجلالة مجرور,وَ( رَسُولِ ) : مَعْطُوفٌ عَلَى اسْمِ الْجَلَالَةِ مَجْرُورٌ
470,3,و( السماء ) : اسم مجرور,وَ( السَّمَاءِ ) : اسْمٌ مَجْرُورٌ
471,1,و( أصحاب ) : مبتدأ مرفوع,وَ( أَصْحَابُ ) : مُبْتَدَأٌ مَرْفُوعٌ
472,1,و( يحسب ) : فعل مضارع مرفوع,وَ( يَحْسَبُ ) : فِعْلٌ مُضَارِعٌ مَرْفُوعٌ
473,3,و( الليل ) : معطوف مجرور,وَ( اللَّيْلِ ) : مَعْطُوفٌ مَجْرُورٌ
474,3,و( اليوم ) : اسم مجرور,وَ( الْيَوْمِ ) : اسْمٌ مَجْرُورٌ
475,1,و( نؤمن ) : فعل مضارع مرفوع,وَ( نُؤْمِنُ ) : فِعْلٌ مُضَارِعٌ مَرْفُوعٌ
476,3,و( نور ) : اسم مجرور,وَ( نُورِ ) : اسْمٌ مَجْرُورٌ
477,1,اسم يكاد مرفوع,اسْمُ يَكَادُ مَرْفُوعٌ
478,3,و( أسماء ) : اسم مجرور,وَ( أَسْمَاءِ ) : اسْمٌ مَجْرُورٌ
479,1,و( أعلم ) : فعل مضارع مرفوع,وَ( أَعْلَمُ ) : فِعْلٌ مُضَارِعٌ مَرْفُوعٌ
480,1,و( متاع ) : معطوف مرفوع,وَ( مَتَاعٌ ) : مَعْطُوفٌ مَرْفُوعٌ
481,3,و( الصلاة ) : معطوف مجرور,وَ( الصَّلَاةِ ) : مَعْطُوفٌ مَجْرُورٌ
482,1,و( يستحيون ) : فعل مضارع مرفوع,وَ( يَسْتَحْيُونَ ) : فِعْلٌ مُضَارِعٌ مَرْفُوعٌ
483,2,و( السلوى ) : معطوف منصوب,وَ( السَّلْوَى ) : مَعْطُوفٌ مَنْصُوبٌ
484,3,و( عصا ) : اسم مجرور,وَ( عَصَا ) : اسْمٌ مَجْرُورٌ
485,1,و( يري ) : فعل مضارع مرفوع,وَ( يُرِي ) : فِعْلٌ مُضَارِعٌ مَرْفُوعٌ
486,1,و( تؤمنون ) : فعل مضارع مرفوع,وَ( تُؤْمِنُونَ ) : فِعْلٌ مُضَارِعٌ مَرْفُوعٌ
487,1,و( تكفرون ) : فعل مضارع مرفوع,وَ( تَكْفُرُونَ ) : فِعْلٌ مُضَارِعٌ مَرْفُوعٌ
488,3,و( روح ) : اسم مجرور,وَ( رُوحِ ) : اسْمٌ مَجْرُورٌ
489,2,و( فريقا ) : مفعول به مقدم منصوب,وَ( فَرِيقًا ) : مَفْعُولٌ بِهِ مُقَدَّمٌ مَنْصُوبٌ
490,2,و( بشرى ) : معطوف منصوب,وَ( بُشْرَى ) : مَعْطُوفٌ مَنْصُوبٌ
491,3,و( الأسباط ) : معطوف مجرور,وَ( الْأَسْبَاطِ ) : مَعْطُوفٌ مَجْرُورٌ
492,2,و( إسحاق ) : معطوف منصوب,وَ( إِسْحَاقَ ) : مَعْطُوفٌ مَنْصُوبٌ
493,1,و( إله ) : مبتدأ مرفوع,وَ( إِلَهُ ) : مُبْتَدَأٌ مَرْفُوعٌ
494,2,و( الدم ) : معطوف منصوب,وَ( الدَّمَ ) : مَعْطُوفٌ مَنْصُوبٌ
495,3,و( المغرب ) : معطوف مجرور,وَ( الْمَغْرِبِ ) : مَعْطُوفٌ مَجْرُورٌ
496,3,و( الأنثى ) : اسم مجرور,وَ( الْأُنْثَى ) : اسْمٌ مَجْرُورٌ
497,3,و( إحسان ) : اسم مجرور,وَ( إِحْسَانٍ ) : اسْمٌ مَجْرُورٌ
498,3,و( الأقربين ) : معطوف مجرور,وَ( الْأَقْرَبِينَ ) : مَعْطُوفٌ مَجْرُورٌ
499,1,و( يسخرون ) : فعل مضارع مرفوع,وَ( يَسْخَرُونَ ) : فِعْلٌ مُضَارِعٌ مَرْفُوعٌ
500,3,و( أيمان ) : اسم مجرور,وَ( أَيْمَانِ ) : اسْمٌ مَجْرُورٌ
501,3,و( اللغو ) : اسم مجرور,وَ( اللَّغْوِ ) : اسْمٌ مَجْرُورٌ
502,3,و( الرجال ) : اسم مجرور,وَ( الرِّجَالِ ) : اسْمٌ مَجْرُورٌ
503,1,و( يذرون ) : فعل مضارع مرفوع,وَ( يَذَرُونَ ) : فِعْلٌ مُضَارِعٌ مَرْفُوعٌ
504,3,و( أزواج ) : اسم مجرور,وَ( أَزْوَاجِ ) : اسْمٌ مَجْرُورٌ
505,3,و( نبي ) : اسم مجرور,وَ( نَبِيٍّ ) : اسْمٌ مَجْرُورٌ
506,2,و( نجعل ) : فعل مضارع منصوب بأن مضمرة,وَ( نَجْعَلَ ) : فِعْلٌ مُضَارِعٌ مَنْصُوبٌ بِأَنْ مُضْمَرَةٍ
507,3,و( أعناب ) : معطوف مجرور,وَ( أَعْنَابٍ ) : مَعْطُوفٌ مَجْرُورٌ
508,3,و( الفحشاء ) : اسم مجرور,وَ( الْفَحْشَاءِ ) : اسْمٌ مَجْرُورٌ
509,3,و( الفقراء ) : اسم مجرور,وَ( الْفُقَرَاءِ ) : اسْمٌ مَجْرُورٌ
510,3,و( كتب ) : معطوف مجرور,وَ( كُتُبِ ) : مَعْطُوفٌ مَجْرُورٌ
511,3,و( دأب ) : اسم مجرور,وَ( دَأْبِ ) : اسْمٌ مَجْرُورٌ
512,3,و( الأنعام ) : معطوف مجرور,وَ( الْأَنْعَامِ ) : مَعْطُوفٌ مَجْرُورٌ
513,1,و( الملائكة ) : معطوف مرفوع,وَ( الْمَلَائِكَةُ ) : مَعْطُوفٌ مَرْفُوعٌ
514,1,و( يكون ) : فعل مضارع مرفوع,وَ( يَكُونُ ) : فِعْلٌ مُضَارِعٌ مَرْفُوعٌ
515,3,و( المفسدين ) : اسم مجرور,وَ( الْمُفْسِدِينَ ) : اسْمٌ مَجْرُورٌ
516,2,خبر ما دام منصوب,خَبَرُ مَا دَامَ مَنْصُوبٌ
517,2,و( الحكم ) : معطوف منصوب,وَ( الْحُكْمَ ) : مَعْطُوفٌ مَنْصُوبٌ
518,2,و( النبوة ) : معطوف منصوب,وَ( النُّبُوَّةَ ) : مَعْطُوفٌ مَنْصُوبٌ
519,2,و( أهل ) : منادى منصوب,وَ( أَهْلَ ) : مُنَادًى مَنْصُوبٌ
520,1,و( يجزي ) : فعل مضارع مرفوع,وَ( يَجْزِي ) : فِعْلٌ مُضَارِعٌ مَرْفُوعٌ
521,3,و( الرسول ) : معطوف مجرور,وَ( الرَّسُولِ ) : مَعْطُوفٌ مَجْرُورٌ
522,1,و( نكتب ) : فعل مضارع مرفوع,وَ( نَكْتُبُ ) : فِعْلٌ مُضَارِعٌ مَرْفُوعٌ
523,1,و( نقول ) : فعل مضارع مرفوع,وَ( نَقُولُ ) : فِعْلٌ مُضَارِعٌ مَرْفُوعٌ
524,2,و( ظلام ) : خبر ليس مجرور لفظا منصوب محلا,وَ( ظَلَّامٍ ) : خَبَرُ لَيْسَ مَجْرُورٌ لَفْظًا مَنْصُوبٌ مَحَلًّا
525,3,و( أنفس ) : معطوف مجرور,وَ( أَنْفُسِ ) : مَعْطُوفٌ مَجْرُورٌ
526,1,و( الأقربون ) : معطوف مرفوع,وَ( الْأَقْرَبُونَ ) : مَعْطُوفٌ مَرْفُوعٌ
527,2,و( إثما ) : معطوف منصوب,وَ( إِثْمًا ) : مَعْطُوفٌ مَنْصُوبٌ
528,1,و( بنات ) : معطوف مرفوع,وَ( بَنَاتُ ) : مَعْطُوفٌ مَرْفُوعٌ
529,3,و( إيمان ) : اسم مجرور,وَ( إِيمَانِ ) : اسْمٌ مَجْرُورٌ
530,2,و( يبين ) : فعل مضارع منصوب بأن مضمرة,وَ( يُبَيِّنَ ) : فِعْلٌ مُضَارِعٌ مَنْصُوبٌ بِأَنْ مُضْمَرَةٍ
531,1,و( يريد ) : فعل مضارع مرفوع,وَ( يُرِيدُ ) : فِعْلٌ مُضَارِعٌ مَرْفُوعٌ
532,3,و( أيدي ) : معطوف مجرور,وَ( أَيْدِي ) : مَعْطُوفٌ مَجْرُورٌ
533,1,و( يريدون ) : فعل مضارع مرفوع,وَ( يُرِيدُونَ ) : فِعْلٌ مُضَارِعٌ مَرْفُوعٌ
534,3,و( ألسنت ) : اسم مجرور,وَ( أَلْسِنَتِ ) : اسْمٌ مَجْرُورٌ
535,1,و( ندخل ) : فعل مضارع مرفوع,وَ( نُدْخِلُ ) : فِعْلٌ مُضَارِعٌ مَرْفُوعٌ
536,1,و( أحسن ) : معطوف مرفوع,وَ( أَحْسَنُ ) : مَعْطُوفٌ مَرْفُوعٌ
537,3,بدل من ( هذه ) : مجرور,بَدَلٌ مِنْ ( هَذِهِ ) : مَجْرُورٌ
538,2,و( بينهم ) : معطوف منصوب,وَ( بَيْنَهُمْ ) : مَعْطُوفٌ مَنْصُوبٌ
539,3,و( قولهم ) : معطوف مجرور,وَ( قَوْلِهِمْ ) : مَعْطُوفٌ مَجْرُورٌ
540,3,و( أكلهم ) : معطوف مجرور,وَ( أَكْلِهِمْ ) : مَعْطُوفٌ مَجْرُورٌ
541,3,و( عيسى ) : معطوف مجرور,وَ( عِيسَى ) : مَعْطُوفٌ مَجْرُورٌ
542,2,و( رضوانا ) : معطوف على ( فضلا ) : منصوب,وَ( رِضْوَانًا ) : مَعْطُوفٌ عَلَى ( فَضْلًا ) : مَنْصُوبٌ
543,1,نعت ل( أجر ) : مرفوع,نَعْتٌ لِـ( أَجْرٌ ) : مَرْفُوعٌ
544,2,و( البغضاء ) : معطوف منصوب,وَ( الْبَغْضَاءَ ) : مَعْطُوفٌ مَنْصُوبٌ
545,1,و( يعفو ) : فعل مضارع مرفوع,وَ( يَعْفُو ) : فِعْلٌ مُضَارِعٌ مَرْفُوعٌ
546,2,فعل مضارع معطوف مبني لما لم يسم فاعله منصوب,فِعْلٌ مُضَارِعٌ مَعْطُوفٌ مَبْنِيٌّ لِمَا لَمْ يُسَمَّ فَاعِلُهُ مَنْصُوبٌ
547,2,و( لعبا ) : معطوف منصوب,وَ( لَعِبًا ) : مَعْطُوفٌ مَنْصُوبٌ
548,2,و( رب ) : معطوف منصوب,وَ( رَبَّ ) : مَعْطُوفٌ مَنْصُوبٌ
549,1,و( يستغفرون ) : فعل مضارع مرفوع,وَ( يَسْتَغْفِرُونَ ) : فِعْلٌ مُضَارِعٌ مَرْفُوعٌ
550,1,و( تعبدون ) : فعل مضارع مرفوع,وَ( تَعْبُدُونَ ) : فِعْلٌ مُضَارِعٌ مَرْفُوعٌ
551,3,و( رسل ) : اسم مجرور,وَ( رُسُلٍ ) : اسْمٌ مَجْرُورٌ
552,1,و( لهو ) : معطوف مرفوع,وَ( لَهْوٌ ) : مَعْطُوفٌ مَرْفُوعٌ
553,1,و( يرسل ) : فعل مضارع مرفوع,وَ( يُرْسِلُ ) : فِعْلٌ مُضَارِعٌ مَرْفُوعٌ
554,1,و( عذاب ) : معطوف مرفوع,وَ( عَذَابٌ ) : مَعْطُوفٌ مَرْفُوعٌ
555,2,و( يكون ) : فعل مضارع ناسخ منصوب بأن مضمرة,وَ( يَكُونَ ) : فِعْلٌ مُضَارِعٌ نَاسِخٌ مَنْصُوبٌ بِأَنْ مُضْمَرَةٍ
556,2,و( سليمان ) : معطوف منصوب,وَ( سُلَيْمَانَ ) : مَعْطُوفٌ مَنْصُوبٌ
557,2,و( هارون ) : معطوف منصوب,وَ( هَارُونَ ) : مَعْطُوفٌ مَنْصُوبٌ
558,3,و( ذرياتهم ) : معطوف مجرور,وَ( ذُرِّيَّاتِهِمْ ) : مَعْطُوفٌ مَجْرُورٌ
559,2,و( الزيتون ) : معطوف منصوب,وَ( الزَّيْتُونَ ) : مَعْطُوفٌ مَنْصُوبٌ
560,2,و( غير ) : معطوف منصوب,وَ( غَيْرَ ) : مَعْطُوفٌ مَنْصُوبٌ
561,1,و( نذر ) : فعل مضارع مرفوع,وَ( نَذَرُ ) : فِعْلٌ مُضَارِعٌ مَرْفُوعٌ
562,1,و( أهل ) : مبتدأ مرفوع,وَ( أَهْلُ ) : مُبْتَدَأٌ مَرْفُوعٌ
563,2,بدل من ( حمولة ) : منصوب,بَدَلٌ مِنْ ( حَمُولَةً ) : مَنْصُوبٌ
564,3,و( كتاب ) : اسم مجرور,وَ( كِتَابٍ ) : اسْمٌ مَجْرُورٌ
565,1,و( نرا ) : فعل مضارع مرفوع,وَ( نَرَا ) : فِعْلٌ مُضَارِعٌ مَرْفُوعٌ
566,1,و( خاسرون ) : خبر ( إن ) : مرفوع,وَ( خَاسِرُونَ ) : خَبَرُ ( إِنَّ ) : مَرْفُوعٌ
567,3,و( الناظرين ) : اسم مجرور,وَ( النَّاظِرِينَ ) : اسْمٌ مَجْرُورٌ
568,1,و( ساحر ) : خبر ( إن ) : مرفوع,وَ( سَاحِرٌ ) : خَبَرُ ( إِنَّ ) : مَرْفُوعٌ
569,2,و( أخا ) : معطوف منصوب,وَ( أَخَا ) : مَعْطُوفٌ مَنْصُوبٌ
570,2,و( أرجل ) : معطوف منصوب,وَ( أَرْجُلَ ) : مَعْطُوفٌ مَنْصُوبٌ
571,1,و( العاقبة ) : مبتدأ مرفوع,وَ( الْعَاقِبَةُ ) : مُبْتَدَأٌ مَرْفُوعٌ
572,3,و( ميقات ) : اسم مجرور,وَ( مِيقَاتِ ) : اسْمٌ مَجْرُورٌ
573,2,و( يوم ) : معطوف منصوب,وَ( يَوْمَ ) : مَعْطُوفٌ مَنْصُوبٌ
574,1,و( ترا ) : فعل مضارع مرفوع,وَ( تَرَا ) : فِعْلٌ مُضَارِعٌ مَرْفُوعٌ
575,3,و( الغدو ) : اسم مجرور,وَ( الْغُدُوِّ ) : اسْمٌ مَجْرُورٌ
576,1,و( أولاد ) : معطوف مرفوع,وَ( أَوْلَادُ ) : مَعْطُوفٌ مَرْفُوعٌ
577,2,و( يعذب ) : فعل مضارع منصوب بأن مضمرة,وَ( يُعَذِّبَ ) : فِعْلٌ مُضَارِعٌ مَنْصُوبٌ بِأَنْ مُضْمَرَةٍ
578,2,و( يعبدوا ) : فعل مضارع منصوب بأن مضمرة,وَ( يَعْبُدُوا ) : فِعْلٌ مُضَارِعٌ مَنْصُوبٌ بِأَنْ مُضْمَرَةٍ
579,2,و( يظهر ) : فعل مضارع منصوب بأن مضمرة,وَ( يُظْهِرَ ) : فِعْلٌ مُضَارِعٌ مَنْصُوبٌ بِأَنْ مُضْمَرَةٍ
580,1,و( يأكلون ) : فعل مضارع مرفوع,وَ( يَأْكُلُونَ ) : فِعْلٌ مُضَارِعٌ مَرْفُوعٌ
581,3,و( الحياة ) : اسم مجرور,وَ( الْحَيَاةِ ) : اسْمٌ مَجْرُورٌ
582,2,و( المنافقات ) : معطوف منصوب,وَ( الْمُنَافِقَاتِ ) : مَعْطُوفٌ مَنْصُوبٌ
583,3,و( خلاق ) : اسم مجرور,وَ( خَلَاقِ ) : اسْمٌ مَجْرُورٌ
584,3,و( عاد ) : معطوف مجرور,وَ( عَادٍ ) : مَعْطُوفٌ مَجْرُورٌ
585,1,و( يرى ) : فعل مضارع مرفوع,وَ( يَرَى ) : فِعْلٌ مُضَارِعٌ مَرْفُوعٌ
586,2,خبر ما زال منصوب,خَبَرُ مَا زَالَ مَنْصُوبٌ
587,1,خبر رابع للمبتدإ مرفوع,خَبَرٌ رَابِعٌ لِلْمُبْتَدَإِ مَرْفُوعٌ
588,1,نعت رابع مرفوع,نَعْتٌ رَابِعٌ مَرْفُوعٌ
589,1,نعت خامس مرفوع,نَعْتٌ خَامِسٌ مَرْفُوعٌ
590,1,و( حق ) : خبر ( إن ) : مرفوع,وَ( حَقٌّ ) : خَبَرُ ( إِنَّ ) : مَرْفُوعٌ
591,3,و( القوم ) : اسم مجرور,وَ( الْقَوْمِ ) : اسْمٌ مَجْرُورٌ
592,4,فعل مضارع حذفت منه إحدى التاءين فعل الشرط مجزوم,فِعْلٌ مُضَارِعٌ حُذِفَتْ مِنْهُ إِحْدَى التَّاءَيْنِ فِعْلُ الشَّرْطِ مَجْزُومٌ
593,1,و( النار ) : مبتدأ مرفوع,وَ( النَّارُ ) : مُبْتَدَأٌ مَرْفُوعٌ
594,3,و( سلام ) : اسم مجرور,وَ( سَلَامٍ ) : اسْمٌ مَجْرُورٌ
595,1,نعت مرفوع إتباعا للمحل,نَعْتٌ مَرْفُوعٌ إِتْبَاعًا لِلْمَحَلِّ
596,2,"مفعول مطلق لفعل محذوف تقديره "" نسلم "" منصوب","مَفْعُولٌ مُطْلَقٌ لِفِعْلٍ مَحْذُوفٍ تَقْدِيرُهُ "" نُسَلِّمُ "" مَنْصُوبٌ"
597,1,و( شيء ) : خبر ( إن ) : مرفوع,وَ( شَيْءٌ ) : خَبَرُ ( إِنَّ ) : مَرْفُوعٌ
598,2,و( عزيز ) : خبر ( ما ) : مجرور لفظا منصوب محلا,وَ( عَزِيزٍ ) : خَبَرُ ( مَا ) : مَجْرُورٌ لَفْظًا مَنْصُوبٌ مَحَلًّا
599,1,و( حافظون ) : خبر ( إن ) : مرفوع,وَ( حَافِظُونَ ) : خَبَرُ ( إِنَّ ) : مَرْفُوعٌ
600,1,و( أخاف ) : فعل مضارع مرفوع,وَ( أَخَافُ ) : فِعْلٌ مُضَارِعٌ مَرْفُوعٌ
601,2,خبر ( ما ) : منصوب,خَبَرُ ( مَا ) : مَنْصُوبٌ
602,1,و( أجر ) : مبتدأ مرفوع,وَ( أَجْرُ ) : مُبْتَدَأٌ مَرْفُوعٌ
603,1,فعل مضارع ناقص مرفوع,فِعْلٌ مُضَارِعٌ نَاقِصٌ مَرْفُوعٌ
604,1,و( يستعجلون ) : فعل مضارع مرفوع,وَ( يَسْتَعْجِلُونَ ) : فِعْلٌ مُضَارِعٌ مَرْفُوعٌ
605,3,و( خلق ) : اسم مجرور,وَ( خَلْقِ ) : اسْمٌ مَجْرُورٌ
606,1,و( يخافون ) : فعل مضارع مرفوع,وَ( يَخَافُونَ ) : فِعْلٌ مُضَارِعٌ مَرْفُوعٌ
607,3,و( لسان ) : اسم مجرور,وَ( لِسَانِ ) : اسْمٌ مَجْرُورٌ
608,1,و( يضل ) : فعل مضارع مرفوع,وَ( يُضِلُّ ) : فِعْلٌ مُضَارِعٌ مَرْفُوعٌ
609,1,و( شديد ) : خبر ( إن ) : مرفوع,وَ( شَدِيدٌ ) : خَبَرُ ( إِنَّ ) : مَرْفُوعٌ
610,1,و( يأتي ) : فعل مضارع مرفوع,وَ( يَأْتِي ) : فِعْلٌ مُضَارِعٌ مَرْفُوعٌ
611,2,و( تجري ) : فعل مضارع منصوب بأن مضمرة,وَ( تَجْرِيَ ) : فِعْلٌ مُضَارِعٌ مَنْصُوبٌ بِأَنْ مُضْمَرَةٍ
612,2,و( حين ) : ظرف زمان معطوفمنصوب,وَ( حِينَ ) : ظَرْفُ زَمَانٍ مَعْطُوفٌمَنْصُوبٌ
613,2,و( يكفروا ) : فعل مضارع منصوب بأن مضمرة,وَ( يَكْفُرُوا ) : فِعْلٌ مُضَارِعٌ مَنْصُوبٌ بِأَنْ مُضْمَرَةٍ
614,1,و( يجعلون ) : فعل مضارع مرفوع,وَ( يَجْعَلُونَ ) : فِعْلٌ مُضَارِعٌ مَرْفُوعٌ
615,1,اسم ظل مرفوع,اسْمُ ظَلَّ مَرْفُوعٌ
616,1,و( يمسك ) : فعل مضارع مرفوع,وَ( يُمْسِكُ ) : فِعْلٌ مُضَارِعٌ مَرْفُوعٌ
617,3,و( الشاربين ) : اسم مجرور,وَ( الشَّارِبِينَ ) : اسْمٌ مَجْرُورٌ
618,2,و( متاعا ) : معطوف منصوب,وَ( مَتَاعًا ) : مَعْطُوفٌ مَنْصُوبٌ
619,3,و( المنكر ) : معطوف مجرور,وَ( الْمُنْكَرِ ) : مَعْطُوفٌ مَجْرُورٌ
620,1,و( نحشر ) : فعل مضارع مرفوع,وَ( نَحْشُرُ ) : فِعْلٌ مُضَارِعٌ مَرْفُوعٌ
621,4,و( يأت ) : فعل مضارع مجزوم,وَ( يَأْتِ ) : فِعْلٌ مُضَارِعٌ مَجْزُومٌ
622,3,و( المهل ) : اسم مجرور,وَ( الْمُهْلِ ) : اسْمٌ مَجْرُورٌ
623,1,و( تجد ) : فعل مضارع مرفوع,وَ( تَجِدُ ) : فِعْلٌ مُضَارِعٌ مَرْفُوعٌ
624,2,و( عشيا ) : معطوف منصوب,وَ( عَشِيًّا ) : مَعْطُوفٌ مَنْصُوبٌ
625,3,و( عبادت ) : اسم مجرور,وَ( عِبَادَتِ ) : اسْمٌ مَجْرُورٌ
626,3,و( الواد ) : اسم مجرور,وَ( الْوَادِ ) : اسْمٌ مَجْرُورٌ
627,3,و( سحر ) : اسم مجرور,وَ( سِحْرِ ) : اسْمٌ مَجْرُورٌ
628,1,نعت ثان لاسم الجلالة مرفوع,نَعْتٌ ثَانٍ لِاسْمِ الْجَلَالَةِ مَرْفُوعٌ
629,1,و( أبقى ) : معطوف على ( خير ) : مرفوع,وَ( أَبْقَى ) : مَعْطُوفٌ عَلَى ( خَيْرٌ ) : مَرْفُوعٌ
630,3,و( سليمان ) : اسم مجرور,وَ( سُلَيْمَانَ ) : اسْمٌ مَجْرُورٌ
631,1,و( الجبال ) : معطوف مرفوع,وَ( الْجِبَالُ ) : مَعْطُوفٌ مَرْفُوعٌ
632,1,و( قوي ) : خبر ( إن ) : مرفوع,وَ( قَوِيٌّ ) : خَبَرُ ( إِنَّ ) : مَرْفُوعٌ
633,2,و( تكون ) : فعل مضارع منصوب بأن مضمرة,وَ( تَكُونَ ) : فِعْلٌ مُضَارِعٌ مَنْصُوبٌ بِأَنْ مُضْمَرَةٍ
634,1,و( قادرون ) : خبر ( إن ) : مرفوع,وَ( قَادِرُونَ ) : خَبَرُ ( إِنَّ ) : مَرْفُوعٌ
635,1,فعل مضارع معطوف ناسخ مرفوع,فِعْلٌ مُضَارِعٌ مَعْطُوفٌ نَاسِخٌ مَرْفُوعٌ
636,3,و( الساعة ) : اسم مجرور,وَ( السَّاعَةِ ) : اسْمٌ مَجْرُورٌ
637,2,و( ثمود ) : معطوف على ( عادا ) : منصوب,وَ( ثَمُودَ ) : مَعْطُوفٌ عَلَى ( عَادًا ) : مَنْصُوبٌ
638,3,و( قلب ) : اسم مجرور,وَ( قَلْبٍ ) : اسْمٌ مَجْرُورٌ
639,3,نعت ل( ضلال ) : مجرور,نَعْتٌ لِـ( ضَلَالٍ ) : مَجْرُورٌ
640,3,نعت ل( يوم ) : مجرور,نَعْتٌ لِـ( يَوْمٍ ) : مَجْرُورٌ
641,2,و( معذبين ) : خبر ( ما ) : مجرور لفظا منصوب محلا,وَ( مُعَذَّبِينَ ) : خَبَرُ ( مَا ) : مَجْرُورٌ لَفْظًا مَنْصُوبٌ مَحَلًّا
642,1,و( تذرون ) : فعل مضارع مرفوع,وَ( تَذَرُونَ ) : فِعْلٌ مُضَارِعٌ مَرْفُوعٌ
643,1,خبر ( ما ) : مرفوع,خَبَرُ ( مَا ) : مَرْفُوعٌ
644,2,و( نجعل ) : فعل مضارع معطوف منصوب,وَ( نَجْعَلَ ) : فِعْلٌ مُضَارِعٌ مَعْطُوفٌ مَنْصُوبٌ
645,1,معطوف على ( ولي ) : مجرور لفظا مرفوع محلا,مَعْطُوفٌ عَلَى ( وَلِيٍّ ) : مَجْرُورٌ لَفْظًا مَرْفُوعٌ مَحَلًّا
646,1,نعت ل( الحياة ) : مرفوع,نَعْتٌ لِـ( الْحَيَاةُ ) : مَرْفُوعٌ
647,2,و( بني ) : منادى منصوب,وَ( بُنَيَّ ) : مُنَادًى مَنْصُوبٌ
648,3,و( أحد ) : اسم مجرور,وَ( أَحَدٍ ) : اسْمٌ مَجْرُورٌ
649,2,و( يخرج ) : فعل مضارع منصوب بأن مضمرة,وَ( يُخْرِجَ ) : فِعْلٌ مُضَارِعٌ مَنْصُوبٌ بِأَنْ مُضْمَرَةٍ
650,2,و( بنات ) : معطوف منصوب,وَ( بَنَاتِ ) : مَعْطُوفٌ مَنْصُوبٌ
651,1,و( آية ) : خبر مقدم مرفوع,وَ( آيَةٌ ) : خَبَرٌ مُقَدَّمٌ مَرْفُوعٌ
652,1,و( أصحاب ) : معطوف مرفوع,وَ( أَصْحَابُ ) : مَعْطُوفٌ مَرْفُوعٌ
653,1,و( أنهار ) : معطوف على ( أنهار ) : مرفوع,وَ( أَنْهَارٌ ) : مَعْطُوفٌ عَلَى ( أَنْهَارٌ ) : مَرْفُوعٌ
654,2,و( تؤمنوا ) : فعل مضارع منصوب بأن مضمرة,وَ( تُؤْمِنُوا ) : فِعْلٌ مُضَارِعٌ مَنْصُوبٌ بِأَنْ مُضْمَرَةٍ
655,1,و( واقع ) : خبر ( إن ) : مرفوع,وَ( وَاقِعٌ ) : خَبَرُ ( إِنَّ ) : مَرْفُوعٌ
656,3,و( الحسنى ) : اسم مجرور,وَ( الْحُسْنَى ) : اسْمٌ مَجْرُورٌ
657,2,و( الأنثى ) : معطوف منصوب,وَ( الْأُنْثَى ) : مَعْطُوفٌ مَنْصُوبٌ
658,3,و( النذر ) : اسم مجرور,وَ( النُّذُرِ ) : اسْمٌ مَجْرُورٌ
659,1,معطوف على ( إنس ) : مرفوع,مَعْطُوفٌ عَلَى ( إِنْسٌ ) : مَرْفُوعٌ
660,3,و( أصحاب ) : اسم مجرور,وَ( أَصْحَابِ ) : اسْمٌ مَجْرُورٌ
661,4,و( يجعل ) : فعل مضارع معطوف مجزوم,وَ( يَجْعَلْ ) : فِعْلٌ مُضَارِعٌ مَعْطُوفٌ مَجْزُومٌ
662,3,معطوف على ( ثلاثة ) : مجرور,مَعْطُوفٌ عَلَى ( ثَلَاثَةٍ ) : مَجْرُورٌ
663,1,و( قول ) : خبر ( إن ) : مرفوع,وَ( قَوْلُ ) : خَبَرُ ( إِنَّ ) : مَرْفُوعٌ
664,3,و( البشر ) : اسم مجرور,وَ( الْبَشَرِ ) : اسْمٌ مَجْرُورٌ
665,1,و( نيسر ) : فعل مضارع مرفوع,وَ( نُيَسِّرُ ) : فِعْلٌ مُضَارِعٌ مَرْفُوعٌ
666,1,و( يقيمون ) : فعل مضارع مرفوع,وَ( يُقِيمُونَ ) : فِعْلٌ مُضَارِعٌ مَرْفُوعٌ
667,3,و( أبصارهم ) : معطوف مجرور,وَ( أَبْصَارِهِمْ ) : مَعْطُوفٌ مَجْرُورٌ
668,3,و( سورة ) : اسم مجرور,وَ( سُورَةٍ ) : اسْمٌ مَجْرُورٌ
669,1,و( الحجارة ) : معطوف مرفوع,وَ( الْحِجَارَةُ ) : مَعْطُوفٌ مَرْفُوعٌ
670,1,و( يقطعون ) : فعل مضارع مرفوع,وَ( يَقْطَعُونَ ) : فِعْلٌ مُضَارِعٌ مَرْفُوعٌ
671,1,و( يفسدون ) : فعل مضارع مرفوع,وَ( يُفْسِدُونَ ) : فِعْلٌ مُضَارِعٌ مَرْفُوعٌ
672,2,و( تكونا ) : فعل مضارع منصوب بأن مضمرة,وَ( تَكُونَا ) : فِعْلٌ مُضَارِعٌ مَنْصُوبٌ بِأَنْ مُضْمَرَةٍ
673,3,و( البر ) : اسم مجرور,وَ( الْبِرِّ ) : اسْمٌ مَجْرُورٌ
674,1,و( تنسون ) : فعل مضارع مرفوع,وَ( تَنْسَوْنَ ) : فِعْلٌ مُضَارِعٌ مَرْفُوعٌ
675,1,و( نزيد ) : فعل مضارع مرفوع,وَ( نَزِيدُ ) : فِعْلٌ مُضَارِعٌ مَرْفُوعٌ
676,2,و( الصابئين ) : معطوف منصوب,وَ( الصَّابِئِينَ ) : مَعْطُوفٌ مَنْصُوبٌ
677,1,و( تتخذ ) : فعل مضارع مرفوع,وَ( تَتَّخِذُ ) : فِعْلٌ مُضَارِعٌ مَرْفُوعٌ
678,1,و( مهتدون ) : خبر ( إن ) : مرفوع,وَ( مُهْتَدُونَ ) : خَبَرُ ( إِنَّ ) : مَرْفُوعٌ
679,3,و( الرسل ) : اسم مجرور,وَ( الرُّسُلِ ) : اسْمٌ مَجْرُورٌ
680,1,و( يكفرون ) : فعل مضارع مرفوع,وَ( يَكْفُرُونَ ) : فِعْلٌ مُضَارِعٌ مَرْفُوعٌ
681,1,و( يتعلمون ) : فعل مضارع مرفوع,وَ( يَتَعَلَّمُونَ ) : فِعْلٌ مُضَارِعٌ مَرْفُوعٌ
682,1,نائب فاعل مجرور لفظا مرفوع محلا,نَائِبُ فَاعِلٍ مَجْرُورٌ لَفْظًا مَرْفُوعٌ مَحَلًّا
683,1,اسم ( ما ) : مؤخر مجرور لفظا مرفوع محلا,اسْمُ ( مَا ) : مُؤَخَّرٌ مَجْرُورٌ لَفْظًا مَرْفُوعٌ مَحَلًّا
684,1,و( المغرب ) : معطوف مرفوع,وَ( الْمَغْرِبُ ) : مَعْطُوفٌ مَرْفُوعٌ
685,3,و( الطائفين ) : اسم مجرور,وَ( الطَّائِفِينَ ) : اسْمٌ مَجْرُورٌ
686,3,و( الركع ) : معطوف مجرور,وَ( الرُّكَّعِ ) : مَعْطُوفٌ مَجْرُورٌ
687,1,و( عيسى ) : معطوف مرفوع,وَ( عِيسَى ) : مَعْطُوفٌ مَرْفُوعٌ
688,1,و( تحاجون ) : فعل مضارع مرفوع,وَ( تُحَاجُّونَ ) : فِعْلٌ مُضَارِعٌ مَرْفُوعٌ
689,2,و( إسماعيل ) : معطوف منصوب,وَ( إِسْمَاعِيلَ ) : مَعْطُوفٌ مَنْصُوبٌ
690,2,و( تابع ) : خبر ( ما ) : مجرور لفظا منصوب محلا,وَ( تَابِعٍ ) : خَبَرُ ( مَا ) : مَجْرُورٌ لَفْظًا مَنْصُوبٌ مَحَلًّا
691,1,و( يكتمون ) : فعل مضارع مرفوع,وَ( يَكْتُمُونَ ) : فِعْلٌ مُضَارِعٌ مَرْفُوعٌ
692,3,و( نقص ) : معطوف مجرور,وَ( نَقْصٍ ) : مَعْطُوفٌ مَجْرُورٌ
693,1,و( يلعن ) : فعل مضارع مرفوع,وَ( يَلْعَنُ ) : فِعْلٌ مُضَارِعٌ مَرْفُوعٌ
694,3,و( اختلاف ) : معطوف مجرور,وَ( اخْتِلَافِ ) : مَعْطُوفٌ مَجْرُورٌ
695,3,و( حب ) : اسم مجرور,وَ( حُبِّ ) : اسْمٌ مَجْرُورٌ
696,2,مفعول به ثالث منصوب,مَفْعُولٌ بِهِ ثَالِثٌ مَنْصُوبٌ
697,2,و( خارجين ) : خبر ( ما ) : مجرور لفظا منصوب محلا,وَ( خَارِجِينَ ) : خَبَرُ ( مَا ) : مَجْرُورٌ لَفْظًا مَنْصُوبٌ مَحَلًّا
698,2,و( لحم ) : معطوف منصوب,وَ( لَحْمَ ) : مَعْطُوفٌ مَنْصُوبٌ
699,3,و( النبيين ) : معطوف مجرور,وَ( النَّبِيِّينَ ) : مَعْطُوفٌ مَجْرُورٌ
700,2,و( حين ) : ظرف زمان منصوب,وَ( حِينَ ) : ظَرْفُ زَمَانٍ مَنْصُوبٌ
701,1,و( عدة ) : مبتدأ مرفوع,وَ( عِدَّةٌ ) : مُبْتَدَأٌ مَرْفُوعٌ
702,2,و( تكبروا ) : فعل مضارع منصوب بأن مضمرة,وَ( تُكَبِّرُوا ) : فِعْلٌ مُضَارِعٌ مَنْصُوبٌ بِأَنْ مُضْمَرَةٍ
703,4,و( يستجيبوا ) : فعل مضارع مجزوم,وَ( يَسْتَجِيبُوا ) : فِعْلٌ مُضَارِعٌ مَجْزُومٌ
704,2,و( تأكلوا ) : فعل مضارع منصوب بأن مضمرة,وَ( تَأْكُلُوا ) : فِعْلٌ مُضَارِعٌ مَنْصُوبٌ بِأَنْ مُضْمَرَةٍ
705,1,و( الفتنة ) : مبتدأ مرفوع,وَ( الْفِتْنَةُ ) : مُبْتَدَأٌ مَرْفُوعٌ
706,2,فعل مضارع تام منصوب بأن مضمرة,فِعْلٌ مُضَارِعٌ تَامٌّ مَنْصُوبٌ بِأَنْ مُضْمَرَةٍ
707,1,و( الضراء ) : معطوف مرفوع,وَ( الضَّرَّاءُ ) : مَعْطُوفٌ مَرْفُوعٌ
708,3,و( الميسر ) : معطوف مجرور,وَ( الْمَيْسِرِ ) : مَعْطُوفٌ مَجْرُورٌ
709,1,و( منافع ) : معطوف مرفوع,وَ( مَنَافِعُ ) : مَعْطُوفٌ مَرْفُوعٌ
710,1,و( يبين ) : فعل مضارع مرفوع,وَ( يُبَيِّنُ ) : فِعْلٌ مُضَارِعٌ مَرْفُوعٌ
711,1,و( يحب ) : فعل مضارع مرفوع,وَ( يُحِبُّ ) : فِعْلٌ مُضَارِعٌ مَرْفُوعٌ
712,3,و( الحكمة ) : معطوف مجرور,وَ( الْحِكْمَةِ ) : مَعْطُوفٌ مَجْرُورٌ
713,1,و( أطهر ) : معطوف مرفوع,وَ( أَطْهَرُ ) : مَعْطُوفٌ مَرْفُوعٌ
714,3,و( ولد ) : اسم مجرور,وَ( وَلَدِ ) : اسْمٌ مَجْرُورٌ
715,1,و( تذكرون ) : فعل مضارع مرفوع,وَ( تَذْكُرُونَ ) : فِعْلٌ مُضَارِعٌ مَرْفُوعٌ
716,2,و( يضاعف ) : فعل مضارع منصوب بأن مضمرة,وَ( يُضَاعِفَ ) : فِعْلٌ مُضَارِعٌ مَنْصُوبٌ بِأَنْ مُضْمَرَةٍ
717,3,و( جالوت ) : اسم مجرور,وَ( جَالُوتَ ) : اسْمٌ مَجْرُورٌ
718,3,و( جنود ) : معطوف مجرور,وَ( جُنُودِ ) : مَعْطُوفٌ مَجْرُورٌ
719,1,و( الكافرون ) : مبتدأ مرفوع,وَ( الْكَافِرُونَ ) : مُبْتَدَأٌ مَرْفُوعٌ
720,3,و( العروة ) : اسم مجرور,وَ( الْعُرْوَةِ ) : اسْمٌ مَجْرُورٌ
721,1,و( مغفرة ) : معطوف مرفوع,وَ( مَغْفِرَةٌ ) : مَعْطُوفٌ مَرْفُوعٌ
722,1,و( يأمر ) : فعل مضارع مرفوع,وَ( يَأْمُرُ ) : فِعْلٌ مُضَارِعٌ مَرْفُوعٌ
723,1,و( أمر ) : مبتدأ مرفوع,وَ( أَمْرُ ) : مُبْتَدَأٌ مَرْفُوعٌ
724,4,و( يكتب ) : فعل مضارع مجزوم,وَ( يَكْتُبْ ) : فِعْلٌ مُضَارِعٌ مَجْزُومٌ
725,4,و( يملل ) : فعل مضارع مجزوم,وَ( يُمْلِلْ ) : فِعْلٌ مُضَارِعٌ مَجْزُومٌ
726,4,و( يتق ) : فعل مضارع مجزوم,وَ( يَتَّقِ ) : فِعْلٌ مُضَارِعٌ مَجْزُومٌ
727,3,و( الشهادة ) : اسم مجرور,وَ( الشَّهَادَةِ ) : اسْمٌ مَجْرُورٌ
728,3,و( ملائكت ) : معطوف مجرور,وَ( مَلَائِكَتِ ) : مَعْطُوفٌ مَجْرُورٌ
729,1,و( يتبعون ) : فعل مضارع مرفوع,وَ( يَتَّبِعُونَ ) : فِعْلٌ مُضَارِعٌ مَرْفُوعٌ
730,3,و( الأسحار ) : اسم مجرور,وَ( الْأَسْحَارِ ) : اسْمٌ مَجْرُورٌ
731,1,و( أولو ) : معطوف مرفوع,وَ( أُولُو ) : مَعْطُوفٌ مَرْفُوعٌ
732,1,و( تخرج ) : فعل مضارع مرفوع,وَ( تُخْرِجُ ) : فِعْلٌ مُضَارِعٌ مَرْفُوعٌ
733,1,و( يحذر ) : فعل مضارع مرفوع,وَ( يُحَذِّرُ ) : فِعْلٌ مُضَارِعٌ مَرْفُوعٌ
734,2,و( آل ) : معطوف منصوب,وَ( آلَ ) : مَعْطُوفٌ مَنْصُوبٌ
735,2,و( ذريت ) : معطوف منصوب,وَ( ذُرِّيَّتَ ) : مَعْطُوفٌ مَنْصُوبٌ
736,3,و( كلمة ) : اسم مجرور,وَ( كَلِمَةٍ ) : اسْمٌ مَجْرُورٌ
737,2,و( التوراة ) : معطوف منصوب,وَ( التَّوْرَاةَ ) : مَعْطُوفٌ مَنْصُوبٌ
738,3,و( هيئة ) : اسم مجرور,وَ( هَيْئَةِ ) : اسْمٌ مَجْرُورٌ
739,1,و( يكون ) : فعل مضارع ناسخ مرفوع,وَ( يَكُونُ ) : فِعْلٌ مُضَارِعٌ نَاسِخٌ مَرْفُوعٌ
740,2,و( الأبرص ) : معطوف منصوب,وَ( الْأَبْرَصَ ) : مَعْطُوفٌ مَنْصُوبٌ
741,1,و( يوفي ) : فعل مضارع مرفوع,وَ( يُوَفِّي ) : فِعْلٌ مُضَارِعٌ مَرْفُوعٌ
742,2,و( نساء ) : معطوف منصوب,وَ( نِسَاءَ ) : مَعْطُوفٌ مَنْصُوبٌ
743,2,و( أنفس ) : معطوف منصوب,وَ( أَنْفُسَ ) : مَعْطُوفٌ مَنْصُوبٌ
744,3,و( إبراهيم ) : اسم مجرور,وَ( إِبْرَاهِيمَ ) : اسْمٌ مَجْرُورٌ
745,2,و( كرها ) : معطوف منصوب,وَ( كَرْهًا ) : مَعْطُوفٌ مَنْصُوبٌ
746,3,و( غيظ ) : اسم مجرور,وَ( غَيْظِ ) : اسْمٌ مَجْرُورٌ
747,2,و( تطمئن ) : فعل مضارع منصوب بأن مضمرة,وَ( تَطْمَئِنَّ ) : فِعْلٌ مُضَارِعٌ مَنْصُوبٌ بِأَنْ مُضْمَرَةٍ
748,1,اسم الجلالة بدل مرفوع,اسْمُ الْجَلَالَةِ بَدَلٌ مَرْفُوعٌ
749,1,و( موعظة ) : معطوف مرفوع,وَ( مَوْعِظَةٌ ) : مَعْطُوفٌ مَرْفُوعٌ
750,2,و( يتخذ ) : فعل مضارع معطوف منصوب,وَ( يَتَّخِذَ ) : فِعْلٌ مُضَارِعٌ مَعْطُوفٌ مَنْصُوبٌ
751,2,و( يمحص ) : فعل مضارع منصوب بأن مضمرة,وَ( يُمَحِّصَ ) : فِعْلٌ مُضَارِعٌ مَنْصُوبٌ بِأَنْ مُضْمَرَةٍ
752,1,و( نجزي ) : فعل مضارع مرفوع,وَ( نَجْزِي ) : فِعْلٌ مُضَارِعٌ مَرْفُوعٌ
753,1,و( نلقي ) : فعل مضارع مرفوع,وَ( نُلْقِي ) : فِعْلٌ مُضَارِعٌ مَرْفُوعٌ
754,2,و( يبتلي ) : فعل مضارع منصوب بأن مضمرة,وَ( يَبْتَلِيَ ) : فِعْلٌ مُضَارِعٌ مَنْصُوبٌ بِأَنْ مُضْمَرَةٍ
755,1,و( الرسول ) : مبتدأ مرفوع,وَ( الرَّسُولُ ) : مُبْتَدَأٌ مَرْفُوعٌ
756,3,و( نعمة ) : اسم مجرور,وَ( نِعْمَةٍ ) : اسْمٌ مَجْرُورٌ
757,3,و( فضل ) : معطوف على ( نعمة ) : مجرور,وَ( فَضْلٍ ) : مَعْطُوفٌ عَلَى ( نِعْمَةٍ ) : مَجْرُورٌ
758,2,و( يزدادوا ) : فعل مضارع منصوب بأن مضمرة,وَ( يَزْدَادُوا ) : فِعْلٌ مُضَارِعٌ مَنْصُوبٌ بِأَنْ مُضْمَرَةٍ
759,3,و( الزبر ) : معطوف مجرور,وَ( الزُّبُرِ ) : مَعْطُوفٌ مَجْرُورٌ
760,1,و( يحبون ) : فعل مضارع مرفوع,وَ( يُحِبُّونَ ) : فِعْلٌ مُضَارِعٌ مَرْفُوعٌ
761,2,و( قعودا ) : معطوف منصوب,وَ( قُعُودًا ) : مَعْطُوفٌ مَنْصُوبٌ
762,2,و( نساء ) : معطوف منصوب,وَ( نِسَاءً ) : مَعْطُوفٌ مَنْصُوبٌ
763,3,و( النساء ) : اسم مجرور,وَ( النِّسَاءِ ) : اسْمٌ مَجْرُورٌ
764,3,و( الذكر ) : اسم مجرور,وَ( الذَّكَرِ ) : اسْمٌ مَجْرُورٌ
765,3,و( أم ) : اسم مجرور,وَ( أُمِّ ) : اسْمٌ مَجْرُورٌ
766,1,و( أبناؤ ) : معطوف مرفوع,وَ( أَبْنَاؤُ ) : مَعْطُوفٌ مَرْفُوعٌ
767,1,و( أخوات ) : معطوف مرفوع,وَ( أَخَوَاتُ ) : مَعْطُوفٌ مَرْفُوعٌ
768,1,و( أمهات ) : معطوف مرفوع,وَ( أُمَّهَاتُ ) : مَعْطُوفٌ مَرْفُوعٌ
769,2,و( يهدي ) : فعل مضارع معطوف منصوب,وَ( يَهْدِيَ ) : فِعْلٌ مُضَارِعٌ مَعْطُوفٌ مَنْصُوبٌ
770,2,و( يتوب ) : فعل مضارع معطوف منصوب,وَ( يَتُوبَ ) : فِعْلٌ مُضَارِعٌ مَعْطُوفٌ مَنْصُوبٌ
771,3,و( الجار ) : معطوف مجرور,وَ( الْجَارِ ) : مَعْطُوفٌ مَجْرُورٌ
772,3,و( البخل ) : اسم مجرور,وَ( الْبُخْلِ ) : اسْمٌ مَجْرُورٌ
773,4,و( يؤت ) : فعل مضارع معطوف مجزوم,وَ( يُؤْتِ ) : فِعْلٌ مُضَارِعٌ مَعْطُوفٌ مَجْزُومٌ
774,3,و( وجوه ) : اسم مجرور,وَ( وُجُوهِ ) : اسْمٌ مَجْرُورٌ
775,3,و( الشهداء ) : معطوف مجرور,وَ( الشُّهَدَاءِ ) : مَعْطُوفٌ مَجْرُورٌ
776,1,بدل من ( ذلك ) : مرفوع,بَدَلٌ مِنْ ( ذَلِكَ ) : مَرْفُوعٌ
777,3,و( النساء ) : معطوف مجرور,وَ( النِّسَاءِ ) : مَعْطُوفٌ مَجْرُورٌ
778,3,و( الولدان ) : معطوف مجرور,وَ( الْوِلْدَانِ ) : مَعْطُوفٌ مَجْرُورٌ
779,1,و( تريدون ) : فعل مضارع مرفوع,وَ( تُرِيدُونَ ) : فِعْلٌ مُضَارِعٌ مَرْفُوعٌ
780,3,و( مؤمن ) : اسم مجرور,وَ( مُؤْمِنٍ ) : اسْمٌ مَجْرُورٌ
781,1,"و( تحرير ) : خبر لمبتدإ محذوف تقديره "" جزاؤه "" مرفوع","وَ( تَحْرِيرُ ) : خَبَرٌ لِمُبْتَدَإٍ مَحْذُوفٍ تَقْدِيرُهُ "" جَزَاؤُهُ "" مَرْفُوعٌ"
782,1,"و( صيام ) : خبر لمبتدإ محذوف تقديره "" جزاؤه "" مرفوع","وَ( صِيَامُ ) : خَبَرٌ لِمُبْتَدَإٍ مَحْذُوفٍ تَقْدِيرُهُ "" جَزَاؤُهُ "" مَرْفُوعٌ"
783,4,و( يأخذوا ) : فعل مضارع مجزوم,وَ( يَأْخُذُوا ) : فِعْلٌ مُضَارِعٌ مَجْزُومٌ
784,2,و( يهدي ) : فعل مضارع منصوب بأن مضمرة,وَ( يَهْدِيَ ) : فِعْلٌ مُضَارِعٌ مَنْصُوبٌ بِأَنْ مُضْمَرَةٍ
785,3,و( ظلم ) : اسم مجرور,وَ( ظُلْمِ ) : اسْمٌ مَجْرُورٌ
786,3,و( التقوى ) : معطوف مجرور,وَ( التَّقْوَى ) : مَعْطُوفٌ مَجْرُورٌ
787,1,و( طعام ) : مبتدأ مرفوع,وَ( طَعَامُ ) : مُبْتَدَأٌ مَرْفُوعٌ
788,1,و( المحصنات ) : معطوف مرفوع,وَ( الْمُحْصَنَاتُ ) : مَعْطُوفٌ مَرْفُوعٌ
789,2,و( أيدي ) : معطوف منصوب,وَ( أَيْدِيَ ) : مَعْطُوفٌ مَنْصُوبٌ
790,2,و( يطهر ) : فعل مضارع منصوب بأن مضمرة,وَ( يُطَهِّرَ ) : فِعْلٌ مُضَارِعٌ مَنْصُوبٌ بِأَنْ مُضْمَرَةٍ
791,2,و( أم ) : معطوف منصوب,وَ( أُمَّ ) : مَعْطُوفٌ مَنْصُوبٌ
792,2,و( تكون ) : فعل مضارع معطوف ناسخ منصوب,وَ( تَكُونَ ) : فِعْلٌ مُضَارِعٌ مَعْطُوفٌ نَاسِخٌ مَنْصُوبٌ
793,2,و( يري ) : فعل مضارع منصوب بأن مضمرة,وَ( يُرِيَ ) : فِعْلٌ مُضَارِعٌ مَنْصُوبٌ بِأَنْ مُضْمَرَةٍ
794,1,و( يسعون ) : فعل مضارع مرفوع,وَ( يَسْعَوْنَ ) : فِعْلٌ مُضَارِعٌ مَرْفُوعٌ
795,1,و( أرجلهم ) : معطوف مرفوع,وَ( أَرْجُلُهُمْ ) : مَعْطُوفٌ مَرْفُوعٌ
796,3,و( الكذب ) : اسم مجرور,وَ( الْكَذِبِ ) : اسْمٌ مَجْرُورٌ
797,2,و( المؤمنين ) : خبر ( ما ) : مجرور لفظا منصوب محلا,وَ( الْمُؤْمِنِينَ ) : خَبَرُ ( مَا ) : مَجْرُورٌ لَفْظًا مَنْصُوبٌ مَحَلًّا
798,1,و( نور ) : معطوف مرفوع,وَ( نُورٌ ) : مَعْطُوفٌ مَرْفُوعٌ
799,1,و( الأحبار ) : معطوف مرفوع,وَ( الْأَحْبَارُ ) : مَعْطُوفٌ مَرْفُوعٌ
800,3,و( النفس ) : اسم مجرور,وَ( النَّفْسِ ) : اسْمٌ مَجْرُورٌ
801,3,و( عيسى ) : اسم مجرور,وَ( عِيسَى ) : اسْمٌ مَجْرُورٌ
802,2,و( مع ) : ظرف مكان منصوب,وَ( مَعَ ) : ظَرْفُ مَكَانٍ مَنْصُوبٌ
803,3,و( شر ) : اسم مجرور,وَ( شَرٍّ ) : اسْمٌ مَجْرُورٌ
804,1,و( أضل ) : معطوف مرفوع,وَ( أَضَلُّ ) : مَعْطُوفٌ مَرْفُوعٌ
805,1,نعت ل( إله ) : مرفوع,نَعْتٌ لِـ( إِلَهٌ ) : مَرْفُوعٌ
806,1,و( أم ) : مبتدأ مرفوع,وَ( أُمُّ ) : مُبْتَدَأٌ مَرْفُوعٌ
807,1,جواب الشرط فعل مضارع مرفوع,جَوَابُ الشَّرْطِ فِعْلٌ مُضَارِعٌ مَرْفُوعٌ
808,1,معطوف على ( إطعام ) : مرفوع,مَعْطُوفٌ عَلَى ( إِطْعَامُ ) : مَرْفُوعٌ
809,1,معطوف على ( جزاء ) : مرفوع,مَعْطُوفٌ عَلَى ( جَزَاءٌ ) : مَرْفُوعٌ
810,1,و( يقسمان ) : فعل مضارع مرفوع,وَ( يُقْسِمَانِ ) : فِعْلٌ مُضَارِعٌ مَرْفُوعٌ
811,1,و( تكون ) : فعل مضارع ناسخ مرفوع,وَ( تَكُونُ ) : فِعْلٌ مُضَارِعٌ نَاسِخٌ مَرْفُوعٌ
812,3,و( أول ) : اسم مجرور,وَ( أَوَّلِ ) : اسْمٌ مَجْرُورٌ
813,2,و( مبعوثين ) : خبر ( ما ) : مجرور لفظا منصوب محلا,وَ( مَبْعُوثِينَ ) : خَبَرُ ( مَا ) : مَجْرُورٌ لَفْظًا مَنْصُوبٌ مَحَلًّا
814,1,و( الدار ) : مبتدأ مرفوع,وَ( الدَّارُ ) : مُبْتَدَأٌ مَرْفُوعٌ
815,1,و( يحزن ) : فعل مضارع مرفوع,وَ( يَحْزُنُ ) : فِعْلٌ مُضَارِعٌ مَرْفُوعٌ
816,1,و( يكشف ) : فعل مضارع مرفوع,وَ( يَكْشِفُ ) : فِعْلٌ مُضَارِعٌ مَرْفُوعٌ
817,3,و( البأساء ) : اسم مجرور,وَ( الْبَأْسَاءِ ) : اسْمٌ مَجْرُورٌ
818,1,و( الحمد ) : مبتدأ مرفوع,وَ( الْحَمْدُ ) : مُبْتَدَأٌ مَرْفُوعٌ
819,3,و( الغداة ) : اسم مجرور,وَ( الْغَدَاةِ ) : اسْمٌ مَجْرُورٌ
820,3,و( العشي ) : معطوف مجرور,وَ( الْعَشِيِّ ) : مَعْطُوفٌ مَجْرُورٌ
821,2,و( تكون ) : فعل مضارع معطوف منصوب,وَ( تَكُونَ ) : فِعْلٌ مُضَارِعٌ مَعْطُوفٌ مَنْصُوبٌ
822,2,و( يقولوا ) : فعل مضارع منصوب بأن مضمرة,وَ( يَقُولُوا ) : فِعْلٌ مُضَارِعٌ مَنْصُوبٌ بِأَنْ مُضْمَرَةٍ
823,3,و( النهار ) : اسم مجرور,وَ( النَّهَارِ ) : اسْمٌ مَجْرُورٌ
824,2,و( خفية ) : معطوف منصوب,وَ( خُفْيَةً ) : مَعْطُوفٌ مَنْصُوبٌ
825,2,و( قوم ) : معطوف منصوب,وَ( قَوْمَ ) : مَعْطُوفٌ مَنْصُوبٌ
826,2,و( اليسع ) : معطوف منصوب,وَ( الْيَسَعَ ) : مَعْطُوفٌ مَنْصُوبٌ
827,2,و( لوطا ) : معطوف منصوب,وَ( لُوطًا ) : مَعْطُوفٌ مَنْصُوبٌ
828,2,و( الرمان ) : معطوف منصوب,وَ( الرُّمَّانَ ) : مَعْطُوفٌ مَنْصُوبٌ
829,3,و( الأرض ) : معطوف مجرور,وَ( الْأَرْضَ ) : مَعْطُوفٌ مَجْرُورٌ
830,2,و( حفيظ ) : خبر ( ما ) : مجرور لفظا منصوب محلا,وَ( حَفِيظٍ ) : خَبَرُ ( مَا ) : مَجْرُورٌ لَفْظًا مَنْصُوبٌ مَحَلًّا
831,2,و( نبين ) : فعل مضارع منصوب بأن مضمرة,وَ( نُبَيِّنَ ) : فِعْلٌ مُضَارِعٌ مَنْصُوبٌ بِأَنْ مُضْمَرَةٍ
832,1,و( نقلب ) : فعل مضارع مرفوع,وَ( نُقَلِّبُ ) : فِعْلٌ مُضَارِعٌ مَرْفُوعٌ
833,1,و( يجزون ) : فعل مضارع مبني لما لم يسم فاعله مرفوع,وَ( يُجْزَوْنَ ) : فِعْلٌ مُضَارِعٌ مَبْنِيٌّ لِمَا لَمْ يُسَمَّ فَاعِلُهُ مَرْفُوعٌ
834,2,فعل مضارع مبني لما لم يسم فاعله منصوب بأن مضمرة,فِعْلٌ مُضَارِعٌ مَبْنِيٌّ لِمَا لَمْ يُسَمَّ فَاعِلُهُ مَنْصُوبٌ بِأَنْ مُضْمَرَةٍ
835,3,و( الإسلام ) : اسم مجرور,وَ( الْإِسْلَامِ ) : اسْمٌ مَجْرُورٌ
836,2,و( معشر ) : منادى منصوب,وَ( مَعْشَرَ ) : مُنَادًى مَنْصُوبٌ
837,1,و( ينذرون ) : فعل مضارع مرفوع,وَ( يُنْذِرُونَ ) : فِعْلٌ مُضَارِعٌ مَرْفُوعٌ
838,1,و( آت ) : خبر ( إن ) : مرفوع,وَ( آتٍ ) : خَبَرُ ( إِنَّ ) : مَرْفُوعٌ
839,3,و( زعم ) : اسم مجرور,وَ( زَعْمِ ) : اسْمٌ مَجْرُورٌ
840,1,و( أنعام ) : خبر مرفوع,وَ( أَنْعَامٌ ) : خَبَرٌ مَرْفُوعٌ
841,2,و( النخل ) : معطوف منصوب,وَ( النَّخْلَ ) : مَعْطُوفٌ مَنْصُوبٌ
842,3,و( علم ) : اسم مجرور,وَ( عِلْمٍ ) : اسْمٌ مَجْرُورٌ
843,2,و( تخرجوا ) : فعل مضارع منصوب بأن مضمرة,وَ( تُخْرِجُوا ) : فِعْلٌ مُضَارِعٌ مَنْصُوبٌ بِأَنْ مُضْمَرَةٍ
844,2,و( تفصيلا ) : معطوف منصوب,وَ( تَفْصِيلًا ) : مَعْطُوفٌ مَنْصُوبٌ
845,2,و( غافلين ) : خبر كان منصوب,وَ( غَافِلِينَ ) : خَبَرُ كَانَ مَنْصُوبٌ
846,1,و( هدى ) : معطوف مرفوع,وَ( هُدًى ) : مَعْطُوفٌ مَرْفُوعٌ
847,1,اسم ( لا ) : مرفوع,اسْمُ ( لَا ) : مَرْفُوعٌ
848,1,و( نرى ) : فعل مضارع مرفوع,وَ( نَرَى ) : فِعْلٌ مُضَارِعٌ مَرْفُوعٌ
849,1,و( تنحتون ) : فعل مضارع مرفوع,وَ( تَنْحِتُونَ ) : فِعْلٌ مُضَارِعٌ مَرْفُوعٌ
850,1,و( تعودن ) : فعل مضارع معطوف مرفوع,وَ( تَعُودُنَّ ) : فِعْلٌ مُضَارِعٌ مَعْطُوفٌ مَرْفُوعٌ
851,3,و( بينة ) : اسم مجرور,وَ( بَيِّنَةٍ ) : اسْمٌ مَجْرُورٌ
852,2,و( أجرا ) : اسم ( إن ) : منصوب,وَ( أَجْرًا ) : اسْمُ ( إِنَّ ) : مَنْصُوبٌ
853,3,و( سحر ) : اسم مجرور,وَ( سِحْرٍ ) : اسْمٌ مَجْرُورٌ
854,3,و( موسى ) : اسم مجرور,وَ( مُوسَى ) : اسْمٌ مَجْرُورٌ
855,3,و( أخي ) : اسم مجرور,وَ( أَخِي ) : اسْمٌ مَجْرُورٌ
856,1,و( أري ) : فعل مضارع مرفوع,وَ( أُرِي ) : فِعْلٌ مُضَارِعٌ مَرْفُوعٌ
857,3,و( لقاء ) : معطوف مجرور,وَ( لِقَاءِ ) : مَعْطُوفٌ مَجْرُورٌ
858,3,و( رأس ) : اسم مجرور,وَ( رَأْسِ ) : اسْمٌ مَجْرُورٌ
859,1,و( تهلك ) : فعل مضارع مرفوع,وَ( تُهْلِكُ ) : فِعْلٌ مُضَارِعٌ مَرْفُوعٌ
860,1,و( تهدي ) : فعل مضارع مرفوع,وَ( تَهْدِي ) : فِعْلٌ مُضَارِعٌ مَرْفُوعٌ
861,3,و( الإنجيل ) : معطوف مجرور,وَ( الْإِنْجِيلِ ) : مَعْطُوفٌ مَجْرُورٌ
862,3,و( الأنعام ) : اسم مجرور,وَ( الْأَنْعَامِ ) : اسْمٌ مَجْرُورٌ
863,1,و( نستدرج ) : فعل مضارع مرفوع,وَ( نَسْتَدْرِجُ ) : فِعْلٌ مُضَارِعٌ مَرْفُوعٌ
864,1,و( أملي ) : فعل مضارع مرفوع,وَ( أُمْلِي ) : فِعْلٌ مُضَارِعٌ مَرْفُوعٌ
865,1,و( يذر ) : فعل مضارع مرفوع,وَ( يَذَرُ ) : فِعْلٌ مُضَارِعٌ مَرْفُوعٌ
866,1,و( بشير ) : معطوف مرفوع,وَ( بَشِيرٌ ) : مَعْطُوفٌ مَرْفُوعٌ
867,3,و( الآصال ) : معطوف مجرور,وَ( الْآصَالِ ) : مَعْطُوفٌ مَجْرُورٌ
868,2,و( يجعل ) : فعل مضارع معطوف منصوب,وَ( يَجْعَلَ ) : فِعْلٌ مُضَارِعٌ مَعْطُوفٌ مَنْصُوبٌ
869,3,و( العدوة ) : اسم مجرور,وَ( الْعُدْوَةِ ) : اسْمٌ مَجْرُورٌ
870,2,و( يقضي ) : فعل مضارع منصوب بأن مضمرة,وَ( يَقْضِيَ ) : فِعْلٌ مُضَارِعٌ مَنْصُوبٌ بِأَنْ مُضْمَرَةٍ
871,2,و( عدو ) : معطوف منصوب,وَ( عَدُوَّ ) : مَعْطُوفٌ مَنْصُوبٌ
872,1,و( أولو ) : مبتدأ مرفوع,وَ( أُولُو ) : مُبْتَدَأٌ مَرْفُوعٌ
873,1,"خبر لمبتدإ محذوف تقديره "" هذه "" مرفوع","خَبَرٌ لِمُبْتَدَإٍ مَحْذُوفٍ تَقْدِيرُهُ "" هَذِهِ "" مَرْفُوعٌ"
874,2,و( عند ) : ظرف مكان معطوفمنصوب,وَ( عِنْدَ ) : ظَرْفُ مَكَانٍ مَعْطُوفٌمَنْصُوبٌ
875,1,"و( إخوان ) : خبر لمبتدإ محذوف تقديره "" هم "" مرفوع","وَ( إِخْوَانُ ) : خَبَرٌ لِمُبْتَدَإٍ مَحْذُوفٍ تَقْدِيرُهُ "" هُمْ "" مَرْفُوعٌ"
876,3,و( رضوان ) : معطوف مجرور,وَ( رِضْوَانٍ ) : مَعْطُوفٌ مَجْرُورٌ
877,3,و( جنات ) : معطوف مجرور,وَ( جَنَّاتٍ ) : مَعْطُوفٌ مَجْرُورٌ
878,1,و( إخوان ) : معطوف مرفوع,وَ( إِخْوَانُ ) : مَعْطُوفٌ مَرْفُوعٌ
879,3,و( دين ) : معطوف مجرور,وَ( دِينِ ) : مَعْطُوفٌ مَجْرُورٌ
880,3,و( جنود ) : اسم مجرور,وَ( جُنُودٍ ) : اسْمٌ مَجْرُورٌ
881,1,و( محيطة ) : خبر ( إن ) : مرفوع,وَ( مُحِيطَةٌ ) : خَبَرُ ( إِنَّ ) : مَرْفُوعٌ
882,2,و( تزهق ) : فعل مضارع معطوف منصوب,وَ( تَزْهَقَ ) : فِعْلٌ مُضَارِعٌ مَعْطُوفٌ مَنْصُوبٌ
883,1,و( يؤتي ) : فعل مضارع مرفوع,وَ( يُؤْتِي ) : فِعْلٌ مُضَارِعٌ مَرْفُوعٌ
884,1,و( المنافقات ) : معطوف مرفوع,وَ( الْمُنَافِقَاتُ ) : مَعْطُوفٌ مَرْفُوعٌ
885,2,و( أولادا ) : معطوف منصوب,وَ( أَوْلَادًا ) : مَعْطُوفٌ مَنْصُوبٌ
886,1,و( المؤمنات ) : معطوف مرفوع,وَ( الْمُؤْمِنَاتُ ) : مَعْطُوفٌ مَرْفُوعٌ
887,1,و( يرحم ) : فعل مضارع مرفوع,وَ( يَرْحَمُ ) : فِعْلٌ مُضَارِعٌ مَرْفُوعٌ
888,1,و( السابقون ) : مبتدأ مرفوع,وَ( السَّابِقُونَ ) : مُبْتَدَأٌ مَرْفُوعٌ
889,3,و( الأنصار ) : معطوف مجرور,وَ( الْأَنْصَارِ ) : مَعْطُوفٌ مَجْرُورٌ
890,2,و( أموالهم ) : معطوف منصوب,وَ( أَمْوَالَهُمْ ) : مَعْطُوفٌ مَنْصُوبٌ
891,2,نعت ل( وعدا ) : منصوب,نَعْتٌ لِـ( وَعْدًا ) : مَنْصُوبٌ
892,1,خبر خامس للمبتدإ مرفوع,خَبَرٌ خَامِسٌ لِلْمُبْتَدَإِ مَرْفُوعٌ
893,3,و( النبي ) : اسم مجرور,وَ( النَّبِيِّ ) : اسْمٌ مَجْرُورٌ
894,3,و( المهاجرين ) : معطوف مجرور,وَ( الْمُهَاجِرِينَ ) : مَعْطُوفٌ مَجْرُورٌ
895,2,و( الحساب ) : معطوف على ( عدد ) : منصوب,وَ( الْحِسَابَ ) : مَعْطُوفٌ عَلَى ( عَدَدَ ) : مَنْصُوبٌ
896,3,و( المسرفين ) : اسم مجرور,وَ( الْمُسْرِفِينَ ) : اسْمٌ مَجْرُورٌ
897,1,فعل مضارع تام مرفوع,فِعْلٌ مُضَارِعٌ تَامٌّ مَرْفُوعٌ
898,3,و( ريح ) : اسم مجرور,وَ( رِيحٍ ) : اسْمٌ مَجْرُورٌ
899,1,و( ننبئ ) : فعل مضارع مرفوع,وَ( نُنَبِّئُ ) : فِعْلٌ مُضَارِعٌ مَرْفُوعٌ
900,2,و( تفصيل ) : معطوف منصوب,وَ( تَفْصِيلَ ) : مَعْطُوفٌ مَنْصُوبٌ
901,3,و( فضل ) : اسم مجرور,وَ( فَضْلِ ) : اسْمٌ مَجْرُورٌ
902,2,و( النهار ) : مفعول به منصوب,وَ( النَّهَارَ ) : مَفْعُولٌ بِهِ مَنْصُوبٌ
903,1,و( سحر ) : خبر مقدم مرفوع,وَ( سِحْرٌ ) : خَبَرٌ مُقَدَّمٌ مَرْفُوعٌ
904,2,و( يضلوا ) : فعل مضارع منصوب بأن مضمرة,وَ( يُضِلُّوا ) : فِعْلٌ مُضَارِعٌ مَنْصُوبٌ بِأَنْ مُضْمَرَةٍ
905,2,و( زينت ) : معطوف منصوب,وَ( زِينَتَ ) : مَعْطُوفٌ مَنْصُوبٌ
906,2,و( طارد ) : خبر ( ما ) : مجرور لفظا منصوب محلا,وَ( طَارِدِ ) : خَبَرُ ( مَا ) : مَجْرُورٌ لَفْظًا مَنْصُوبٌ مَحَلًّا
907,3,و( وحي ) : معطوف مجرور,وَ( وَحْيِ ) : مَعْطُوفٌ مَجْرُورٌ
908,1,و( يحل ) : فعل مضارع مرفوع,وَ( يَحِلُّ ) : فِعْلٌ مُضَارِعٌ مَرْفُوعٌ
909,3,و( عاد ) : اسم مجرور,وَ( عَادٍ ) : اسْمٌ مَجْرُورٌ
910,3,و( البشرى ) : اسم مجرور,وَ( الْبُشْرَى ) : اسْمٌ مَجْرُورٌ
911,3,و( عجل ) : اسم مجرور,وَ( عِجْلٍ ) : اسْمٌ مَجْرُورٌ
912,3,و( إسحاق ) : اسم مجرور,وَ( إِسْحَاقَ ) : اسْمٌ مَجْرُورٌ
913,3,اسم ظرف مجرور,اسْمُ ظَرْفٍ مَجْرُورٌ
914,1,خبر ( إن ) : ثالث مرفوع,خَبَرُ ( إِنَّ ) : ثَالِثٌ مَرْفُوعٌ
915,3,و( قطع ) : اسم مجرور,وَ( قِطْعٍ ) : اسْمٌ مَجْرُورٌ
916,2,و( بعيد ) : خبر ( ما ) : مجرور لفظا منصوب محلا,وَ( بَعِيدٍ ) : خَبَرُ ( مَا ) : مَجْرُورٌ لَفْظًا مَنْصُوبٌ مَحَلًّا
917,2,معطوف على ( قوم ) : منصوب,مَعْطُوفٌ عَلَى ( قَوْمَ ) : مَنْصُوبٌ
918,3,و( سلطان ) : معطوف مجرور,وَ( سُلْطَانٍ ) : مَعْطُوفٌ مَجْرُورٌ
919,3,و( السائلين ) : اسم مجرور,وَ( السَّائِلِينَ ) : اسْمٌ مَجْرُورٌ
920,2,و( صاحبي ) : منادى منصوب لأنه مضاف,وَ( صَاحِبَيْ ) : مُنَادًى مَنْصُوبٌ لِأَنَّهُ مُضَافٌ
921,1,و( يسقي ) : فعل مضارع مرفوع,وَ( يَسْقِي ) : فِعْلٌ مُضَارِعٌ مَرْفُوعٌ
922,3,و( جهاز ) : اسم مجرور,وَ( جَهَازِ ) : اسْمٌ مَجْرُورٌ
923,2,و( بني ) : منادى منصوب,وَ( بَنِيَّ ) : مُنَادًى مَنْصُوبٌ
924,3,و( الصالحين ) : اسم مجرور,وَ( الصَّالِحِينَ ) : اسْمٌ مَجْرُورٌ
925,1,و( دار ) : مبتدأ مرفوع,وَ( دَارُ ) : مُبْتَدَأٌ مَرْفُوعٌ
926,2,و( أنهارا ) : معطوف منصوب,وَ( أَنْهَارًا ) : مَعْطُوفٌ مَنْصُوبٌ
927,1,و( يخشون ) : فعل مضارع مرفوع,وَ( يَخْشَوْنَ ) : فِعْلٌ مُضَارِعٌ مَرْفُوعٌ
928,2,و( تخرج ) : فعل مضارع منصوب بأن مضمرة,وَ( تُخْرِجَ ) : فِعْلٌ مُضَارِعٌ مَنْصُوبٌ بِأَنْ مُضْمَرَةٍ
929,1,و( غني ) : خبر ( إن ) : مرفوع,وَ( غَنِيٌّ ) : خَبَرُ ( إِنَّ ) : مَرْفُوعٌ
930,4,و( يأت ) : فعل مضارع معطوف مجزوم,وَ( يَأْتِ ) : فِعْلٌ مُضَارِعٌ مَعْطُوفٌ مَجْزُومٌ
931,3,و( خلق ) : اسم مجرور,وَ( خَلْقٍ ) : اسْمٌ مَجْرُورٌ
932,3,و( شجرة ) : اسم مجرور,وَ( شَجَرَةٍ ) : اسْمٌ مَجْرُورٌ
933,1,و( يضرب ) : فعل مضارع مرفوع,وَ( يَضْرِبُ ) : فِعْلٌ مُضَارِعٌ مَرْفُوعٌ
934,2,اسم الجلالة مفعول به أول منصوب,اسْمُ الْجَلَالَةِ مَفْعُولٌ بِهِ أَوَّلُ مَنْصُوبٌ
935,2,و( يعلموا ) : فعل مضارع منصوب بأن مضمرة,وَ( يَعْلَمُوا ) : فِعْلٌ مُضَارِعٌ مَنْصُوبٌ بِأَنْ مُضْمَرَةٍ
936,1,و( مجنون ) : خبر ( إن ) : مرفوع,وَ( مَجْنُونٌ ) : خَبَرُ ( إِنَّ ) : مَرْفُوعٌ
937,1,و( نميت ) : فعل مضارع مرفوع,وَ( نُمِيتُ ) : فِعْلٌ مُضَارِعٌ مَرْفُوعٌ
938,1,نعت ل( صراط ) : مرفوع,نَعْتٌ لِـ( صِرَاطٌ ) : مَرْفُوعٌ
939,1,و( آتية ) : خبر ( إن ) : مرفوع,وَ( آتِيَةٌ ) : خَبَرُ ( إِنَّ ) : مَرْفُوعٌ
940,2,و( تركبوا ) : فعل مضارع منصوب بأن مضمرة,وَ( تَرْكَبُوا ) : فِعْلٌ مُضَارِعٌ مَنْصُوبٌ بِأَنْ مُضْمَرَةٍ
941,3,و( النجم ) : اسم مجرور,وَ( النَّجْمِ ) : اسْمٌ مَجْرُورٌ
942,2,و( تبين ) : فعل مضارع منصوب بأن مضمرة,وَ( تُبَيِّنَ ) : فِعْلٌ مُضَارِعٌ مَنْصُوبٌ بِأَنْ مُضْمَرَةٍ
943,1,و( يفعلون ) : فعل مضارع مرفوع,وَ( يَفْعَلُونَ ) : فِعْلٌ مُضَارِعٌ مَرْفُوعٌ
944,1,و( تسألن ) : فعل مضارع مبني لما لم يسم فاعله مرفوع,وَ( تُسْأَلُنَّ ) : فِعْلٌ مُضَارِعٌ مَبْنِيٌّ لِمَا لَمْ يُسَمَّ فَاعِلُهُ مَرْفُوعٌ
945,1,و( أكثر ) : مبتدأ مرفوع,وَ( أَكْثَرُ ) : مُبْتَدَأٌ مَرْفُوعٌ
946,3,و( المسلمين ) : اسم مجرور,وَ( الْمُسْلِمِينَ ) : اسْمٌ مَجْرُورٌ
947,3,و( إيتاء ) : معطوف مجرور,وَ( إِيتَاءِ ) : مَعْطُوفٌ مَجْرُورٌ
948,3,و( أنعم ) : اسم مجرور,وَ( أَنْعُمِ ) : اسْمٌ مَجْرُورٌ
949,3,و( الحكمة ) : اسم مجرور,وَ( الْحِكْمَةِ ) : اسْمٌ مَجْرُورٌ
950,2,و( نري ) : فعل مضارع منصوب بأن مضمرة,وَ( نُرِيَ ) : فِعْلٌ مُضَارِعٌ مَنْصُوبٌ بِأَنْ مُضْمَرَةٍ
951,3,و( أموال ) : اسم مجرور,وَ( أَمْوَالٍ ) : اسْمٌ مَجْرُورٌ
952,3,و( الشر ) : اسم مجرور,وَ( الشَّرِّ ) : اسْمٌ مَجْرُورٌ
953,1,و( نخرج ) : فعل مضارع مرفوع,وَ( نُخْرِجُ ) : فِعْلٌ مُضَارِعٌ مَرْفُوعٌ
954,2,و( تقعد ) : فعل مضارع منصوب بأن مضمرة,وَ( تَقْعُدَ ) : فِعْلٌ مُضَارِعٌ مَنْصُوبٌ بِأَنْ مُضْمَرَةٍ
955,2,و( المسكين ) : معطوف منصوب,وَ( الْمِسْكِينَ ) : مَعْطُوفٌ مَنْصُوبٌ
956,3,و( ولي ) : اسم مجرور,وَ( وَلِيِّ ) : اسْمٌ مَجْرُورٌ
957,3,و( القسطاس ) : اسم مجرور,وَ( الْقِسْطَاسِ ) : اسْمٌ مَجْرُورٌ
958,3,و( البنين ) : اسم مجرور,وَ( الْبَنِينَ ) : اسْمٌ مَجْرُورٌ
959,2,و( يذكروا ) : فعل مضارع منصوب بأن مضمرة,وَ( يَذَّكَّرُوا ) : فِعْلٌ مُضَارِعٌ مَنْصُوبٌ بِأَنْ مُضْمَرَةٍ
960,2,و( رفاتا ) : معطوف منصوب,وَ( رُفَاتًا ) : مَعْطُوفٌ مَنْصُوبٌ
961,1,و( تظنون ) : فعل مضارع مرفوع,وَ( تَظُنُّونَ ) : فِعْلٌ مُضَارِعٌ مَرْفُوعٌ
962,3,و( الآيات ) : اسم مجرور,وَ( الْآيَاتِ ) : اسْمٌ مَجْرُورٌ
963,3,و( الأولاد ) : معطوف مجرور,وَ( الْأَوْلَادِ ) : مَعْطُوفٌ مَجْرُورٌ
964,2,و( يرسل ) : فعل مضارع منصوب,وَ( يُرْسِلَ ) : فِعْلٌ مُضَارِعٌ مَنْصُوبٌ
965,1,و( الجن ) : معطوف مرفوع,وَ( الْجِنُّ ) : مَعْطُوفٌ مَرْفُوعٌ
966,3,و( الأذقان ) : اسم مجرور,وَ( الْأَذْقَانِ ) : اسْمٌ مَجْرُورٌ
967,2,اسم الجلالة مستثنى منصوب,اسْمُ الْجَلَالَةِ مُسْتَثْنًى مَنْصُوبٌ
968,3,و( عدت ) : اسم مجرور,وَ( عِدَّتِ ) : اسْمٌ مَجْرُورٌ
969,3,و( الأرض ) : اسم مجرور,وَ( الْأَرْضِ ) : اسْمٌ مَجْرُورٌ
970,1,و( خير ) : معطوف مرفوع,وَ( خَيْرٌ ) : مَعْطُوفٌ مَرْفُوعٌ
971,1,و( الباقيات ) : مبتدأ مرفوع,وَ( الْبَاقِيَاتُ ) : مُبْتَدَأٌ مَرْفُوعٌ
972,1,و( تتخذون ) : فعل مضارع مرفوع,وَ( تَتَّخِذُونَ ) : فِعْلٌ مُضَارِعٌ مَرْفُوعٌ
973,2,و( يدحضوا ) : فعل مضارع منصوب بأن مضمرة,وَ( يُدْحِضُوا ) : فِعْلٌ مُضَارِعٌ مَنْصُوبٌ بِأَنْ مُضْمَرَةٍ
974,3,و( فتا ) : اسم مجرور,وَ( فَتَا ) : اسْمٌ مَجْرُورٌ
975,2,و( ذا ) : منادى منصوب لأنه مضاف,وَ( ذَا ) : مُنَادًى مَنْصُوبٌ لِأَنَّهُ مُضَافٌ
976,3,و( الزكاة ) : معطوف مجرور,وَ( الزَّكَاةِ ) : مَعْطُوفٌ مَجْرُورٌ
977,1,و( السلام ) : مبتدأ مرفوع,وَ( السَّلَامُ ) : مُبْتَدَأٌ مَرْفُوعٌ
978,3,و( دعاء ) : اسم مجرور,وَ( دُعَاءِ ) : اسْمٌ مَجْرُورٌ
979,2,بدل من ( ما ) : منصوب,بَدَلٌ مِنْ ( مَا ) : مَنْصُوبٌ
980,2,و( يكونوا ) : فعل مضارع منصوب بأن مضمرة,وَ( يَكُونُوا ) : فِعْلٌ مُضَارِعٌ مَنْصُوبٌ بِأَنْ مُضْمَرَةٍ
981,1,اسم تكاد مرفوع,اسْمُ تَكَادُ مَرْفُوعٌ
982,2,و( تنذر ) : فعل مضارع معطوف منصوب,وَ( تُنْذِرَ ) : فِعْلٌ مُضَارِعٌ مَعْطُوفٌ مَنْصُوبٌ
983,2,و( تشقى ) : فعل مضارع منصوب بأن مضمرة,وَ( تَشْقَى ) : فِعْلٌ مُضَارِعٌ مَنْصُوبٌ بِأَنْ مُضْمَرَةٍ
984,2,و( تجزى ) : فعل مضارع مبني لما لم يسم فاعله منصوب بأن م…,وَ( تُجْزَى ) : فِعْلٌ مُضَارِعٌ مَبْنِيٌّ لِمَا لَمْ يُسَمَّ فَاعِلُهُ مَنْصُوبٌ بِأَنْ مُضْمَرَةٍ
985,3,نعت ل( آيات ) : مجرور,نَعْتٌ لِـ( آيَاتٍ ) : مَجْرُورٌ
986,1,و( تقول ) : فعل مضارع مرفوع,وَ( تَقُولُ ) : فِعْلٌ مُضَارِعٌ مَرْفُوعٌ
987,1,اسم إشارة مبتدأ مرفوع,اسْمُ إِشَارَةٍ مُبْتَدَأٌ مَرْفُوعٌ
988,3,و( موسى ) : معطوف مجرور,وَ( مُوسَى ) : مَعْطُوفٌ مَجْرُورٌ
989,1,و( كبير ) : خبر ( إن ) : مرفوع,وَ( كَبِيرُ ) : خَبَرُ ( إِنَّ ) : مَرْفُوعٌ
990,1,و( تعلمن ) : فعل مضارع مرفوع,وَ( تَعْلَمُنَّ ) : فِعْلٌ مُضَارِعٌ مَرْفُوعٌ
991,1,و( أبقى ) : معطوف على ( أشد ) : مرفوع,وَ( أَبْقَى ) : مَعْطُوفٌ عَلَى ( أَشَدُّ ) : مَرْفُوعٌ
992,1,و( أبقى ) : معطوف مرفوع,وَ( أَبْقَى ) : مَعْطُوفٌ مَرْفُوعٌ
993,2,نعت ل( قرآنا ) : منصوب,نَعْتٌ لِـ( قُرْآنًا ) : مَنْصُوبٌ
994,2,و( نفتن ) : فعل مضارع منصوب بأن مضمرة,وَ( نَفْتِنَ ) : فِعْلٌ مُضَارِعٌ مَنْصُوبٌ بِأَنْ مُضْمَرَةٍ
995,2,و( نتبع ) : فعل مضارع منصوب بأن مضمرة,وَ( نَتَّبِعَ ) : فِعْلٌ مُضَارِعٌ مَنْصُوبٌ بِأَنْ مُضْمَرَةٍ
996,3,و( آلهت ) : اسم مجرور,وَ( آلِهَتِ ) : اسْمٌ مَجْرُورٌ
997,2,و( سلاما ) : معطوف منصوب,وَ( سَلَامًا ) : مَعْطُوفٌ مَنْصُوبٌ
998,2,و( الطير ) : مفعول معه منصوب,وَ( الطَّيْرَ ) : مَفْعُولٌ مَعَهُ مَنْصُوبٌ
999,2,و( مثلهم ) : معطوف منصوب,وَ( مِثْلَهُمْ ) : مَعْطُوفٌ مَنْصُوبٌ
1000,2,و( ذا ) : معطوف منصوب,وَ( ذَا ) : مَعْطُوفٌ مَنْصُوبٌ
1001,3,و( سعي ) : اسم مجرور,وَ( سَعْيِ ) : اسْمٌ مَجْرُورٌ
1002,1,و( قريب ) : خبر مقدم مرفوع,وَ( قَرِيبٌ ) : خَبَرٌ مُقَدَّمٌ مَرْفُوعٌ
1003,1,و( الشمس ) : معطوف مرفوع,وَ( الشَّمْسُ ) : مَعْطُوفٌ مَرْفُوعٌ
1004,1,و( الشجر ) : معطوف مرفوع,وَ( الشَّجَرُ ) : مَعْطُوفٌ مَرْفُوعٌ
1005,1,و( لباسهم ) : مبتدأ مرفوع,وَ( لِبَاسُهُمْ ) : مُبْتَدَأٌ مَرْفُوعٌ
1006,1,و( عاد ) : معطوف على ( قوم ) : مرفوع,وَ( عَادٌ ) : مَعْطُوفٌ عَلَى ( قَوْمُ ) : مَرْفُوعٌ
1007,1,و( ثمود ) : معطوف مرفوع,وَ( ثَمُودُ ) : مَعْطُوفٌ مَرْفُوعٌ
1008,1,و( أصحاب ) : معطوف على ( قوم ) : مرفوع,وَ( أَصْحَابُ ) : مَعْطُوفٌ عَلَى ( قَوْمُ ) : مَرْفُوعٌ
1009,1,و( عفو ) : خبر ( إن ) : مرفوع,وَ( عَفُوٌّ ) : خَبَرُ ( إِنَّ ) : مَرْفُوعٌ
1010,3,وشبه الجملة من الجار والمجرور في محل رفع خبر ( ذلك ) :.,وَشِبْهُ الْجُمْلَةِ مِنَ الْجَارِّ وَالْمَجْرُورِ فِي مَحَلِّ رَفْعٍ خَبَرُ ( ذَلِكَ ) :.
1011,1,و( كفور ) : خبر ( إن ) : مرفوع,وَ( كَفُورٌ ) : خَبَرُ ( إِنَّ ) : مَرْفُوعٌ
1012,3,و( عهدهم ) : معطوف مجرور,وَ( عَهْدِهِمْ ) : مَعْطُوفٌ مَجْرُورٌ
1013,1,و( نحيا ) : فعل مضارع مرفوع,وَ( نَحْيَا ) : فِعْلٌ مُضَارِعٌ مَرْفُوعٌ
1014,2,و( بعدا ) : مفعول مطلق منصوب,وَ( بُعْدًا ) : مَفْعُولٌ مُطْلَقٌ مَنْصُوبٌ
1015,1,و( قلوبهم ) : مبتدأ مرفوع,وَ( قُلُوبُهُمْ ) : مُبْتَدَأٌ مَرْفُوعٌ
1016,1,و( آباء ) : معطوف على الضمير في ( وعدنا ) : مرفوع,وَ( آبَاءُ ) : مَعْطُوفٌ عَلَى الضَّمِيرِ فِي ( وُعِدْنَا ) : مَرْفُوعٌ
1017,3,و( أربعة ) : اسم مجرور,وَ( أَرْبَعَةِ ) : اسْمٌ مَجْرُورٌ
1018,2,و( يزيد ) : فعل مضارع معطوف منصوب,وَ( يَزِيدَ ) : فِعْلٌ مُضَارِعٌ مَعْطُوفٌ مَنْصُوبٌ
1019,3,و( زينة ) : اسم مجرور,وَ( زِينَةٍ ) : اسْمٌ مَجْرُورٌ
1020,2,و( يكون ) : فعل مضارع منصوب بأن مضمرة,وَ( يَكُونَ ) : فِعْلٌ مُضَارِعٌ مَنْصُوبٌ بِأَنْ مُضْمَرَةٍ
1021,2,و( رب ) : منادى منصوب لأنه مضاف,وَ( رَبِّ ) : مُنَادًى مَنْصُوبٌ لِأَنَّهُ مُضَافٌ
1022,2,و( قوم ) : مفعول به منصوب,وَ( قَوْمَ ) : مَفْعُولٌ بِهِ مَنْصُوبٌ
1023,2,و( عادا ) : مفعول به منصوب,وَ( عَادًا ) : مَفْعُولٌ بِهِ مَنْصُوبٌ
1024,3,نعت ل( آباء ) : مجرور,نَعْتٌ لِـ( آبَاءِ ) : مَجْرُورٌ
1025,3,و( الملإ ) : اسم مجرور,وَ( الْمَلَإِ ) : اسْمٌ مَجْرُورٌ
1026,3,و( فرعون ) : اسم مجرور,وَ( فِرْعَوْنَ ) : اسْمٌ مَجْرُورٌ
1027,3,و( مقام ) : معطوف مجرور,وَ( مَقَامٍ ) : مَعْطُوفٌ مَجْرُورٌ
1028,3,و( زروع ) : معطوف مجرور,وَ( زُرُوعٍ ) : مَعْطُوفٌ مَجْرُورٌ
1029,2,و( يقولوا ) : فعل مضارع معطوف منصوب,وَ( يَقُولُوا ) : فِعْلٌ مُضَارِعٌ مَعْطُوفٌ مَنْصُوبٌ
1030,3,نعت ل( العزيز ) : مجرور,نَعْتٌ لِـ( الْعَزِيزِ ) : مَجْرُورٌ
1031,3,و( كتاب ) : معطوف مجرور,وَ( كِتَابٍ ) : مَعْطُوفٌ مَجْرُورٌ
1032,3,و( خبر ) : اسم مجرور,وَ( خَبَرٍ ) : اسْمٌ مَجْرُورٌ
1033,2,و( سبحان ) : مفعول مطلق منصوب,وَ( سُبْحَانَ ) : مَفْعُولٌ مُطْلَقٌ مَنْصُوبٌ
1034,3,و( نبإ ) : اسم مجرور,وَ( نَبَإٍ ) : اسْمٌ مَجْرُورٌ
1035,3,و( كتاب ) : اسم مجرور,وَ( كِتَابِ ) : اسْمٌ مَجْرُورٌ
1036,1,و( الأمر ) : مبتدأ مرفوع,وَ( الْأَمْرُ ) : مُبْتَدَأٌ مَرْفُوعٌ
1037,1,و( يستحيي ) : فعل مضارع مرفوع,وَ( يَسْتَحْيِي ) : فِعْلٌ مُضَارِعٌ مَرْفُوعٌ
1038,2,و( هامان ) : معطوف منصوب,وَ( هَامَانَ ) : مَعْطُوفٌ مَنْصُوبٌ
1039,1,و( نجعل ) : فعل مضارع مرفوع,وَ( نَجْعَلُ ) : فِعْلٌ مُضَارِعٌ مَرْفُوعٌ
1040,1,"و( متاع ) : خبر لمبتدإ محذوف تقديره "" هو "" مرفوع","وَ( مَتَاعُ ) : خَبَرٌ لِمُبْتَدَإٍ مَحْذُوفٍ تَقْدِيرُهُ "" هُوَ "" مَرْفُوعٌ"
1041,1,و( ربك ) : مبتدأ مرفوع,وَ( رَبُّكُ ) : مُبْتَدَأٌ مَرْفُوعٌ
1042,2,اسم ( ليت ) : منصوب,اسْمُ ( لَيْتَ ) : مَنْصُوبٌ
1043,1,بدل من ( تلك ) : مرفوع,بَدَلٌ مِنْ ( تِلْكَ ) : مَرْفُوعٌ
1044,2,و( الكتاب ) : معطوف منصوب,وَ( الْكِتَابَ ) : مَعْطُوفٌ مَنْصُوبٌ
1045,2,و( يظلم ) : فعل مضارع منصوب بأن مضمرة,وَ( يَظْلِمَ ) : فِعْلٌ مُضَارِعٌ مَنْصُوبٌ بِأَنْ مُضْمَرَةٍ
1046,1,و( يحيي ) : فعل مضارع مرفوع,وَ( يُحْيِي ) : فِعْلٌ مُضَارِعٌ مَرْفُوعٌ
1047,2,و( يذيق ) : فعل مضارع منصوب بأن مضمرة,وَ( يُذِيقَ ) : فِعْلٌ مُضَارِعٌ مَنْصُوبٌ بِأَنْ مُضْمَرَةٍ
1048,1,و( تثير ) : فعل مضارع مرفوع,وَ( تُثِيرُ ) : فِعْلٌ مُضَارِعٌ مَرْفُوعٌ
1049,1,و( محيي ) : خبر ( إن ) : مرفوع,وَ( مُحْيِي ) : خَبَرُ ( إِنَّ ) : مَرْفُوعٌ
1050,3,و( المحسنين ) : اسم مجرور,وَ( الْمُحْسِنِينَ ) : اسْمٌ مَجْرُورٌ
1051,3,و( رجل ) : اسم مجرور,وَ( رَجُلٍ ) : اسْمٌ مَجْرُورٌ
1052,2,و( اليوم ) : معطوف منصوب,وَ( الْيَوْمَ ) : مَعْطُوفٌ مَنْصُوبٌ
1053,2,و( نساء ) : منادى منصوب لأنه مضاف,وَ( نِسَاءَ ) : مُنَادًى مَنْصُوبٌ لِأَنَّهُ مُضَافٌ
1054,2,و( أجرا ) : معطوف منصوب,وَ( أَجْرًا ) : مَعْطُوفٌ مَنْصُوبٌ
1055,2,و( مبشرا ) : معطوف منصوب,وَ( مُبَشِّرًا ) : مَعْطُوفٌ مَنْصُوبٌ
1056,3,و( حديث ) : اسم مجرور,وَ( حَدِيثٍ ) : اسْمٌ مَجْرُورٌ
1057,2,اسم ( لعل ) : منصوب,اسْمُ ( لَعَلَّ ) : مَنْصُوبٌ
1058,2,و( المشركين ) : معطوف منصوب,وَ( الْمُشْرِكِينَ ) : مَعْطُوفٌ مَنْصُوبٌ
1059,2,و( المشركات ) : معطوف منصوب,وَ( الْمُشْرِكَاتِ ) : مَعْطُوفٌ مَنْصُوبٌ
1060,3,و( المؤمنات ) : معطوف مجرور,وَ( الْمُؤْمِنَاتِ ) : مَعْطُوفٌ مَجْرُورٌ
1061,1,و( قليل ) : خبر مقدم مرفوع,وَ( قَلِيلٌ ) : خَبَرٌ مُقَدَّمٌ مَرْفُوعٌ
1062,2,و( يوفي ) : فعل مضارع منصوب بأن مضمرة,وَ( يُوَفِّيَ ) : فِعْلٌ مُضَارِعٌ مَنْصُوبٌ بِأَنْ مُضْمَرَةٍ
1063,1,و( خبير ) : خبر ( إن ) : مرفوع,وَ( خَبِيرٌ ) : خَبَرُ ( إِنَّ ) : مَرْفُوعٌ
1064,2,و( ويلنا ) : مفعول مطلق لفعل محذوف منصوب,وَ( وَيْلَنَا ) : مَفْعُولٌ مُطْلَقٌ لِفِعْلٍ مَحْذُوفٍ مَنْصُوبٌ
1065,2,و( قادر ) : خبر ليس مجرور لفظا منصوب محلا,وَ( قَادِرٍ ) : خَبَرُ لَيْسَ مَجْرُورٌ لَفْظًا مَنْصُوبٌ مَحَلًّا
1066,1,و( آباء ) : مبتدأ مرفوع,وَ( آبَاءُ ) : مُبْتَدَأٌ مَرْفُوعٌ
1067,1,نعت ل( قاصرات ) : مرفوع,نَعْتٌ لِـ( قَاصِرَاتُ ) : مَرْفُوعٌ
1068,1,و( آكلون ) : خبر ( إن ) : مرفوع,وَ( آكِلُونَ ) : خَبَرُ ( إِنَّ ) : مَرْفُوعٌ
1069,3,و( اليمين ) : اسم مجرور,وَ( الْيَمِينِ ) : اسْمٌ مَجْرُورٌ
1070,1,و( تدعون ) : فعل مضارع مرفوع,وَ( تَدْعُونَ ) : فِعْلٌ مُضَارِعٌ مَرْفُوعٌ
1071,1,و( محضرون ) : خبر ( إن ) : مرفوع,وَ( مُحْضَرُونَ ) : خَبَرُ ( إِنَّ ) : مَرْفُوعٌ
1072,3,و( العراء ) : اسم مجرور,وَ( الْعَرَاءِ ) : اسْمٌ مَجْرُورٌ
1073,1,و( فرعون ) : معطوف مرفوع,وَ( فِرْعَوْنُ ) : مَعْطُوفٌ مَرْفُوعٌ
1074,2,و( حسن ) : معطوف منصوب,وَ( حُسْنَ ) : مَعْطُوفٌ مَنْصُوبٌ
1075,1,نعت ل( كتاب ) : مرفوع,نَعْتٌ لِـ( كِتَابٌ ) : مَرْفُوعٌ
1076,3,و( فاكهة ) : اسم مجرور,وَ( فَاكِهَةٍ ) : اسْمٌ مَجْرُورٌ
1077,3,و( الطاغين ) : اسم مجرور,وَ( الطَّاغِينَ ) : اسْمٌ مَجْرُورٌ
1078,2,و( عباد ) : منادى منصوب لأنه مضاف,وَ( عِبَادِ ) : مُنَادًى مَنْصُوبٌ لِأَنَّهُ مُضَافٌ
1079,2,و( ذكرى ) : اسم ( إن ) : مؤخر منصوب,وَ( ذِكْرَى ) : اسْمُ ( إِنَّ ) : مُؤَخَّرٌ مَنْصُوبٌ
1080,3,و( وجه ) : اسم مجرور,وَ( وَجْهِ ) : اسْمٌ مَجْرُورٌ
1081,3,و( الصدق ) : اسم مجرور,وَ( الصِّدْقِ ) : اسْمٌ مَجْرُورٌ
1082,2,و( يجزي ) : فعل مضارع معطوف منصوب,وَ( يَجْزِيَ ) : فِعْلٌ مُضَارِعٌ مَعْطُوفٌ مَنْصُوبٌ
1083,3,مضاف إليه من إضافة اسم الفاعل إلى مفعوله مجرور,مُضَافٌ إِلَيْهِ مِنْ إِضَافَةِ اسْمِ الْفَاعِلِ إِلَى مَفْعُولِهِ مَجْرُورٌ
1084,3,نعت ل( سلطان ) : مجرور,نَعْتٌ لِـ( سُلْطَانٍ ) : مَجْرُورٌ
1085,4,و( يدع ) : فعل مضارع مجزوم,وَ( يَدْعُ ) : فِعْلٌ مُضَارِعٌ مَجْزُومٌ
1086,3,و( رب ) : معطوف مجرور,وَ( رَبِّ ) : مَعْطُوفٌ مَجْرُورٌ
1087,2,بدل من ( يوم ) : منصوب,بَدَلٌ مِنْ ( يَوْمَ ) : مَنْصُوبٌ
1088,1,و( تجعلون ) : فعل مضارع مرفوع,وَ( تَجْعَلُونَ ) : فِعْلٌ مُضَارِعٌ مَرْفُوعٌ
1089,3,و( مصابيح ) : اسم مجرور,وَ( مَصَابِيحَ ) : اسْمٌ مَجْرُورٌ
1090,3,و( ثمود ) : معطوف على ( عاد ) : مجرور,وَ( ثَمُودَ ) : مَعْطُوفٌ عَلَى ( عَادٍ ) : مَجْرُورٌ
1091,3,و( الإنس ) : معطوف على ( الجن ) : مجرور,وَ( الْإِنْسِ ) : مَعْطُوفٌ عَلَى ( الْجِنِّ ) : مَجْرُورٌ
1092,3,و( القمر ) : اسم مجرور,وَ( الْقَمَرِ ) : اسْمٌ مَجْرُورٌ
1093,2,و( ظلام ) : خبر ( ما ) : مجرور لفظا منصوب محلا,وَ( ظَلَّامٍ ) : خَبَرُ ( مَا ) : مَجْرُورٌ لَفْظًا مَنْصُوبٌ مَحَلًّا
1094,2,نعت ل( أمة ) : منصوب,نَعْتٌ لِـ( أُمَّةً ) : مَنْصُوبٌ
1095,3,و( الأعلام ) : اسم مجرور,وَ( الْأَعْلَامِ ) : اسْمٌ مَجْرُورٌ
1096,2,و( الفواحش ) : معطوف على ( كبائر ) : منصوب,وَ( الْفَوَاحِشَ ) : مَعْطُوفٌ عَلَى ( كَبَائِرَ ) : مَنْصُوبٌ
1097,3,و( بيوت ) : اسم مجرور,وَ( بُيُوتِ ) : اسْمٌ مَجْرُورٌ
1098,4,و( يلعبوا ) : فعل مضارع معطوف مجزوم,وَ( يَلْعَبُوا ) : فِعْلٌ مُضَارِعٌ مَعْطُوفٌ مَجْزُومٌ
1099,3,بدل من ( ربك ) : مجرور,بَدَلٌ مِنْ ( رَبِّكَ ) : مَجْرُورٌ
1100,3,و( حور ) : اسم مجرور,وَ( حُورٍ ) : اسْمٌ مَجْرُورٌ
1101,1,فعل مضارع فعل الشرط مبني لما لم يسم فاعله مرفوع,فِعْلٌ مُضَارِعٌ فِعْلُ الشَّرْطِ مَبْنِيٌّ لِمَا لَمْ يُسَمَّ فَاعِلُهُ مَرْفُوعٌ
1102,1,و( الساعة ) : مبتدأ مرفوع,وَ( السَّاعَةُ ) : مُبْتَدَأٌ مَرْفُوعٌ
1103,2,و( قومنا ) : منادى منصوب لأنه مضاف,وَ( قَوْمَنَا ) : مُنَادًى مَنْصُوبٌ لِأَنَّهُ مُضَافٌ
1104,2,و( يدخل ) : فعل مضارع منصوب بأن مضمرة,وَ( يُدْخِلَ ) : فِعْلٌ مُضَارِعٌ مَنْصُوبٌ بِأَنْ مُضْمَرَةٍ
1105,2,و( رسول ) : معطوف على اسم الجلالة منصوب,وَ( رَسُولَ ) : مَعْطُوفٌ عَلَى اسْمِ الْجَلَالَةِ مَنْصُوبٌ
1106,2,نعت ل( مغانم ) : منصوب,نَعْتٌ لِـ( مَغَانِمَ ) : مَنْصُوبٌ
1107,1,و( عاد ) : معطوف مرفوع,وَ( عَادٌ ) : مَعْطُوفٌ مَرْفُوعٌ
1108,1,و( نعلم ) : فعل مضارع مرفوع,وَ( نَعْلَمُ ) : فِعْلٌ مُضَارِعٌ مَرْفُوعٌ
1109,3,و( السائل ) : اسم مجرور,وَ( السَّائِلِ ) : اسْمٌ مَجْرُورٌ
1110,3,و( المحروم ) : معطوف مجرور,وَ( الْمَحْرُومِ ) : مَعْطُوفٌ مَجْرُورٌ
1111,2,و( السماء ) : مفعول به منصوب,وَ( السَّمَاءَ ) : مَفْعُولٌ بِهِ مَنْصُوبٌ
1112,1,و( يطوف ) : فعل مضارع مرفوع,وَ( يَطُوفُ ) : فِعْلٌ مُضَارِعٌ مَرْفُوعٌ
1113,4,و( يأتوا ) : فعل مضارع مجزوم,وَ( يَأْتُوا ) : فِعْلٌ مُضَارِعٌ مَجْزُومٌ
1114,2,بدل من ( يومهم ) : منصوب,بَدَلٌ مِنْ ( يَوْمَهُمْ ) : مَنْصُوبٌ
1115,3,و( الأفق ) : اسم مجرور,وَ( الْأُفُقِ ) : اسْمٌ مَجْرُورٌ
1116,1,و( نذر ) : معطوف على ( عذاب ) : مرفوع,وَ( نُذُرِ ) : مَعْطُوفٌ عَلَى ( عَذَابٌ ) : مَرْفُوعٌ
1117,3,و( سعر ) : معطوف مجرور,وَ( سُعُرٍ ) : مَعْطُوفٌ مَجْرُورٌ
1118,2,و( نذر ) : معطوف منصوب,وَ( نُذُرِ ) : مَعْطُوفٌ مَنْصُوبٌ
1119,1,و( المرجان ) : معطوف مرفوع,وَ( الْمَرْجَانُ ) : مَعْطُوفٌ مَرْفُوعٌ
1120,3,و( الإكرام ) : معطوف مجرور,وَ( الْإِكْرَامِ ) : مَعْطُوفٌ مَجْرُورٌ
1121,1,"خبر لمبتدإ محذوف تقديره "" هما "" مرفوع","خَبَرٌ لِمُبْتَدَإٍ مَحْذُوفٍ تَقْدِيرُهُ "" هُمَا "" مَرْفُوعٌ"
1122,3,نعت ل( رب ) : مجرور,نَعْتٌ لِـ( رَبِّ ) : مَجْرُورٌ
1123,1,خبر ما مرفوع,خَبَرُ مَا مَرْفُوعٌ
1124,1,و( شاربون ) : معطوف على ( آكلون ) : مرفوع,وَ( شَارِبُونَ ) : مَعْطُوفٌ عَلَى ( آكِلُونَ ) : مَرْفُوعٌ
1125,2,و( مسبوقين ) : خبر ( ما ) : مجرور لفظا منصوب محلا,وَ( مَسْبُوقِينَ ) : خَبَرُ ( مَا ) : مَجْرُورٌ لَفْظًا مَنْصُوبٌ مَحَلًّا
1126,3,و( معصية ) : معطوف مجرور,وَ( مَعْصِيَةِ ) : مَعْطُوفٌ مَجْرُورٌ
1127,3,و( المودة ) : اسم مجرور,وَ( الْمَوَدَّةِ ) : اسْمٌ مَجْرُورٌ
1128,4,و( يدخل ) : فعل مضارع معطوف مجزوم,وَ( يُدْخِلْ ) : فِعْلٌ مُضَارِعٌ مَعْطُوفٌ مَجْزُومٌ
1129,1,و( رسول ) : خبر ( إن ) : مرفوع,وَ( رَسُولُ ) : خَبَرُ ( إِنَّ ) : مَرْفُوعٌ
1130,4,و( يعمل ) : فعل مضارع معطوف مجزوم,وَ( يَعْمَلْ ) : فِعْلٌ مُضَارِعٌ مَعْطُوفٌ مَجْزُومٌ
1131,4,و( ينفق ) : فعل مضارع مجزوم,وَ( يُنْفِقْ ) : فِعْلٌ مُضَارِعٌ مَجْزُومٌ
1132,3,و( القلم ) : اسم مجرور,وَ( الْقَلَمِ ) : اسْمٌ مَجْرُورٌ
1133,2,و( مجنون ) : خبر ( ما ) : مجرور لفظا منصوب محلا,وَ( مَجْنُونٍ ) : خَبَرُ ( مَا ) : مَجْرُورٌ لَفْظًا مَنْصُوبٌ مَحَلًّا
1134,3,نعت خامس مجرور,نَعْتٌ خَامِسٌ مَجْرُورٌ
1135,1,و( ضالون ) : خبر ( إن ) : مرفوع,وَ( ضَالُّونَ ) : خَبَرُ ( إِنَّ ) : مَرْفُوعٌ
1136,3,نعت ل( عيشة ) : مجرور,نَعْتٌ لِـ( عِيشَةٍ ) : مَجْرُورٌ
1137,2,و( قول ) : خبر ( ما ) : مجرور لفظا منصوب محلا,وَ( قَوْلِ ) : خَبَرُ ( مَا ) : مَجْرُورٌ لَفْظًا مَنْصُوبٌ مَحَلًّا
1138,1,و( الروح ) : معطوف مرفوع,وَ( الرُّوحُ ) : مَعْطُوفٌ مَرْفُوعٌ
1139,3,و( العهن ) : اسم مجرور,وَ( الْعِهْنِ ) : اسْمٌ مَجْرُورٌ
1140,3,و( صاحبت ) : معطوف مجرور,وَ( صَاحِبَتِ ) : مَعْطُوفٌ مَجْرُورٌ
1141,2,"خبر لفعل ناسخ تقديره "" كان "" منصوب","خَبَرٌ لِفِعْلٍ نَاسِخٍ تَقْدِيرُهُ "" كَانَ "" مَنْصُوبٌ"
1142,1,و( وجوه ) : مبتدأ مرفوع,وَ( وُجُوهٌ ) : مُبْتَدَأٌ مَرْفُوعٌ
1143,1,"خبر لمبتدإ محذوف تقديره "" إيمانك "" مرفوع","خَبَرٌ لِمُبْتَدَإٍ مَحْذُوفٍ تَقْدِيرُهُ "" إِيمَانُكَ "" مَرْفُوعٌ"
1144,1,"و( أولى ) : خبر لمبتدإ محذوف تقديره "" إيمانك "" مرفوع","وَ( أَوْلَى ) : خَبَرٌ لِمُبْتَدَإٍ مَحْذُوفٍ تَقْدِيرُهُ "" إِيمَانُكَ "" مَرْفُوعٌ"
1145,3,و( أنعام ) : اسم مجرور,وَ( أَنْعَامِ ) : اسْمٌ مَجْرُورٌ
1146,1,و( يصلى ) : فعل مضارع مرفوع,وَ( يَصْلَى ) : فِعْلٌ مُضَارِعٌ مَرْفُوعٌ
1147,3,و( القمر ) : معطوف مجرور,وَ( الْقَمَرِ ) : مَعْطُوفٌ مَجْرُورٌ
1148,3,و( اليسرى ) : اسم مجرور,وَ( الْيُسْرَى ) : اسْمٌ مَجْرُورٌ
1149,1,و( يقول ) : فعل مضارع جواب الشرط مرفوع,وَ( يَقُولُ ) : فِعْلٌ مُضَارِعٌ جَوَابُ الشَّرْطِ مَرْفُوعٌ
1150,3,و( المشركين ) : معطوف على ( أهل ) : مجرور,وَ( الْمُشْرِكِينَ ) : مَعْطُوفٌ عَلَى ( أَهْلِ ) : مَجْرُورٌ
1151,3,بدل من ( رب ) : مجرور,بَدَلٌ مِنْ ( رَبِّ ) : مَجْرُورٌ
1152,2,بدل من ( الصراط ) : منصوب,بَدَلٌ مِنْ ( الصِّرَاطَ ) : مَنْصُوبٌ
1153,3,نعت ل( الذين ) : مجرور,نَعْتٌ لِـ( الَّذِينَ ) : مَجْرُورٌ
1154,1,و( يمد ) : فعل مضارع مرفوع,وَ( يَمُدُّ ) : فِعْلٌ مُضَارِعٌ مَرْفُوعٌ
1155,3,و( صيب ) : اسم مجرور,وَ( صَيِّبٍ ) : اسْمٌ مَجْرُورٌ
1156,1,و( رعد ) : معطوف مرفوع,وَ( رَعْدٌ ) : مَعْطُوفٌ مَرْفُوعٌ
1157,1,و( برق ) : معطوف مرفوع,وَ( بَرْقٌ ) : مَعْطُوفٌ مَرْفُوعٌ
1158,3,و( سمع ) : اسم مجرور,وَ( سَمْعِ ) : اسْمٌ مَجْرُورٌ
1159,2,و( السماء ) : معطوف منصوب,وَ( السَّمَاءَ ) : مَعْطُوفٌ مَنْصُوبٌ
1160,2,معطوف على ( فراشا ) : منصوب,مَعْطُوفٌ عَلَى ( فِرَاشًا ) : مَنْصُوبٌ
1161,3,والمصدر المؤول من أن ومعموليها مجرور بحرف جر محذوف والت…,وَالْمَصْدَرُ الْمُؤَوَّلُ مِنْ أَنَّ وَمَعْمُولَيْهَا مَجْرُورٌ بِحَرْفِ جَرٍّ مَحْذُوفٍ وَالتَّقْدِيرُ: بِأَنَّ لَهُمْ جَنَّاتٍ.
1162,1,و( تجعل ) : فعل مضارع مرفوع,وَ( تَجْعَلُ ) : فِعْلٌ مُضَارِعٌ مَرْفُوعٌ
1163,1,و( يسفك ) : فعل مضارع مرفوع,وَ( يَسْفِكُ ) : فِعْلٌ مُضَارِعٌ مَرْفُوعٌ
1164,1,و( نقدس ) : فعل مضارع مرفوع,وَ( نُقَدِّسُ ) : فِعْلٌ مُضَارِعٌ مَرْفُوعٌ
1165,1,و( زوج ) : فاعل مرفوع,وَ( زَوْجُ ) : فَاعِلٌ مَرْفُوعٌ
1166,4,و( تكتموا ) : فعل مضارع معطوف مجزوم,وَ( تَكْتُمُوا ) : فِعْلٌ مُضَارِعٌ مَعْطُوفٌ مَجْزُومٌ
1167,1,و( تأمرون ) : فعل مضارع مرفوع,وَ( تَأْمُرُونَ ) : فِعْلٌ مُضَارِعٌ مَرْفُوعٌ
1168,1,و( كبيرة ) : خبر ( إن ) : مرفوع,وَ( كَبِيرَةٌ ) : خَبَرُ ( إِنَّ ) : مَرْفُوعٌ
1169,2,و( الفرقان ) : معطوف منصوب,وَ( الْفُرْقَانَ ) : مَعْطُوفٌ مَنْصُوبٌ
1170,3,و( اتخاذ ) : اسم مجرور,وَ( اتِّخَاذِ ) : اسْمٌ مَجْرُورٌ
1171,3,و( قثاء ) : معطوف مجرور,وَ( قِثَّاءِ ) : مَعْطُوفٌ مَجْرُورٌ
1172,3,و( فوم ) : معطوف مجرور,وَ( فُومِ ) : مَعْطُوفٌ مَجْرُورٌ
1173,3,و( عدس ) : معطوف مجرور,وَ( عَدَسِ ) : مَعْطُوفٌ مَجْرُورٌ
1174,3,و( بصل ) : معطوف مجرور,وَ( بَصَلِ ) : مَعْطُوفٌ مَجْرُورٌ
1175,1,و( تستبدلون ) : فعل مضارع مرفوع,وَ( تَسْتَبْدِلُونَ ) : فِعْلٌ مُضَارِعٌ مَرْفُوعٌ
1176,1,و( المسكنة ) : معطوف مرفوع,وَ( الْمَسْكَنَةُ ) : مَعْطُوفٌ مَرْفُوعٌ
1177,2,و( موعظة ) : معطوف على ( نكالا ) : منصوب,وَ( مَوْعِظَةً ) : مَعْطُوفٌ عَلَى ( نَكَالًا ) : مَنْصُوبٌ
1178,3,و( الحجارة ) : اسم مجرور,وَ( الْحِجَارَةِ ) : اسْمٌ مَجْرُورٌ
1179,1,و( يخرج ) : فعل مضارع مرفوع,وَ( يَخْرُجُ ) : فِعْلٌ مُضَارِعٌ مَرْفُوعٌ
1180,1,و( تطمعون ) : فعل مضارع مرفوع,وَ( تَطْمَعُونَ ) : فِعْلٌ مُضَارِعٌ مَرْفُوعٌ
1181,1,و( تحدثون ) : فعل مضارع مرفوع,وَ( تُحَدِّثُونَ ) : فِعْلٌ مُضَارِعٌ مَرْفُوعٌ
1182,2,و( يحاجوا ) : فعل مضارع منصوب بأن مضمرة,وَ( يُحَاجُّوا ) : فِعْلٌ مُضَارِعٌ مَنْصُوبٌ بِأَنْ مُضْمَرَةٍ
1183,2,و( يشتروا ) : فعل مضارع منصوب بأن مضمرة,وَ( يَشْتَرُوا ) : فِعْلٌ مُضَارِعٌ مَنْصُوبٌ بِأَنْ مُضْمَرَةٍ
1184,3,و( ذي ) : معطوف مجرور,وَ( ذِي ) : مَعْطُوفٌ مَجْرُورٌ
1185,1,و( تخرجون ) : فعل مضارع مرفوع,وَ( تُخْرِجُونَ ) : فِعْلٌ مُضَارِعٌ مَرْفُوعٌ
1186,2,و( قليلا ) : نائب عن المفعول المطلق منصوب,وَ( قَلِيلًا ) : نَائِبٌ عَنِ الْمَفْعُولِ الْمُطْلَقِ مَنْصُوبٌ
1187,1,و( لعنة ) : مبتدأ مرفوع,وَ( لَعْنَةٌ ) : مُبْتَدَأٌ مَرْفُوعٌ
1188,2,و( مزحزح ) : خبر ( ما ) : مجرور لفظا منصوب محلا,وَ( مُزَحْزِحِ ) : خَبَرُ ( مَا ) : مَجْرُورٌ لَفْظًا مَنْصُوبٌ مَحَلًّا
1189,3,و( جبريل ) : اسم مجرور,وَ( جِبْرِيلَ ) : اسْمٌ مَجْرُورٌ
1190,3,و( ملائكة ) : معطوف مجرور,وَ( مَلَائِكَة ) : مَعْطُوفٌ مَجْرُورٌ
1191,3,و( جبريل ) : معطوف مجرور,وَ( جِبْرِيلَ ) : مَعْطُوفٌ مَجْرُورٌ
1192,3,و( ميكال ) : معطوف مجرور,وَ( مِيكَالَ ) : مَعْطُوفٌ مَجْرُورٌ
1193,3,و( بابل ) : اسم مجرور,وَ( بَابِلَ ) : اسْمٌ مَجْرُورٌ
1194,3,و( ماروت ) : معطوف مجرور,وَ( مَارُوتَ ) : مَعْطُوفٌ مَجْرُورٌ
1195,3,و( زوج ) : معطوف مجرور,وَ( زَوْجِ ) : مَعْطُوفٌ مَجْرُورٌ
1196,2,و( ضارين ) : خبر ( ما ) : مجرور لفظا منصوب محلا,وَ( ضَارِّينَ ) : خَبَرُ ( مَا ) : مَجْرُورٌ لَفْظًا مَنْصُوبٌ مَحَلًّا
1197,1,و( مثوبة ) : مبتدأ مرفوع,وَ( مَثُوبَةٌ ) : مُبْتَدَأٌ مَرْفُوعٌ
1198,3,و( كلمات ) : اسم مجرور,وَ( كَلِمَاتٍ ) : اسْمٌ مَجْرُورٌ
1199,2,و( أمنا ) : معطوف منصوب,وَ( أَمْنًا ) : مَعْطُوفٌ مَنْصُوبٌ
1200,3,و( العاكفين ) : معطوف مجرور,وَ( الْعَاكِفِينَ ) : مَعْطُوفٌ مَجْرُورٌ
1201,1,و( أمتع ) : فعل مضارع مرفوع,وَ( أُمَتِّعُ ) : فِعْلٌ مُضَارِعٌ مَرْفُوعٌ
1202,1,و( إسماعيل ) : معطوف مرفوع,وَ( إِسْمَاعِيلُ ) : مَعْطُوفٌ مَرْفُوعٌ
1203,1,و( يعقوب ) : معطوف مرفوع,وَ( يَعْقُوبُ ) : مَعْطُوفٌ مَرْفُوعٌ
1204,2,و( بني ) : منادى منصوب لأنه مضاف,وَ( بَنِيَّ ) : مُنَادًى مَنْصُوبٌ لِأَنَّهُ مُضَافٌ
1205,2,و( إله ) : معطوف منصوب,وَ( إِلَهَ ) : مَعْطُوفٌ مَنْصُوبٌ
1206,2,بدل من ( إلهك ) : منصوب,بَدَلٌ مِنْ ( إِلَهَكَ ) : مَنْصُوبٌ
1207,1,و( يكفي ) : فعل مضارع مرفوع,وَ( يَكْفِي ) : فِعْلٌ مُضَارِعٌ مَرْفُوعٌ
1208,2,و( الأسباط ) : معطوف منصوب,وَ( الْأَسْبَاطَ ) : مَعْطُوفٌ مَنْصُوبٌ
1209,2,و( تكونوا ) : فعل مضارع منصوب بأن مضمرة,وَ( تَكُونُوا ) : فِعْلٌ مُضَارِعٌ مَنْصُوبٌ بِأَنْ مُضْمَرَةٍ
1210,2,و( يكون ) : فعل مضارع ناسخ معطوف منصوب,وَ( يَكُونُ ) : فِعْلٌ مُضَارِعٌ نَاسِخٌ مَعْطُوفٌ مَنْصُوبٌ
1211,2,و( كبيرة ) : خبر كان منصوب,وَ( كَبِيرَةً ) : خَبَرُ كَانَ مَنْصُوبٌ
1212,2,و( يضيع ) : فعل مضارع منصوب بأن مضمرة,وَ( يُضِيعَ ) : فِعْلٌ مُضَارِعٌ مَنْصُوبٌ بِأَنْ مُضْمَرَةٍ
1213,2,و( غافل ) : خبر ( ما ) : مجرور لفظا منصوب محلا,وَ( غَافِلٌ ) : خَبَرُ ( مَا ) : مَجْرُورٌ لَفْظًا مَنْصُوبٌ مَحَلًّا
1214,1,و( الحق ) : خبر ( إن ) : مرفوع,وَ( الْحَقُّ ) : خَبَرُ ( إِنَّ ) : مَرْفُوعٌ
1215,2,و( أتم ) : فعل مضارع منصوب بأن مضمرة,وَ( أُتِمَّ ) : فِعْلٌ مُضَارِعٌ مَنْصُوبٌ بِأَنْ مُضْمَرَةٍ
1216,3,و( الجوع ) : معطوف مجرور,وَ( الْجُوعِ ) : مَعْطُوفٌ مَجْرُورٌ
1217,3,و( الأنفس ) : معطوف مجرور,وَ( الْأَنْفُسِ ) : مَعْطُوفٌ مَجْرُورٌ
1218,3,و( الثمرات ) : معطوف مجرور,وَ( الثَّمَرَاتِ ) : مَعْطُوفٌ مَجْرُورٌ
1219,2,و( المروة ) : معطوف منصوب,وَ( الْمَرْوَةَ ) : مَعْطُوفٌ مَنْصُوبٌ
1220,3,و( الهدى ) : معطوف مجرور,وَ( الْهُدَى ) : مَعْطُوفٌ مَجْرُورٌ
1221,3,و( الفلك ) : معطوف مجرور,وَ( الْفُلْكِ ) : مَعْطُوفٌ مَجْرُورٌ
1222,3,و( تصريف ) : معطوف مجرور,وَ( تَصْرِيفِ ) : مَعْطُوفٌ مَجْرُورٌ
1223,3,و( السحاب ) : معطوف مجرور,وَ( السَّحَابِ ) : مَعْطُوفٌ مَجْرُورٌ
1224,2,و( نتبرأ ) : فعل مضارع منصوب بأن مضمرة,وَ( نَتَبَرَّأَ ) : فِعْلٌ مُضَارِعٌ مَنْصُوبٌ بِأَنْ مُضْمَرَةٍ
1225,3,و( الفحشاء ) : معطوف مجرور,وَ( الْفَحْشَاءِ ) : مَعْطُوفٌ مَجْرُورٌ
1226,2,و( نداء ) : معطوف منصوب,وَ( نِدَاءً ) : مَعْطُوفٌ مَنْصُوبٌ
1227,1,و( يشترون ) : فعل مضارع مرفوع,وَ( يَشْتَرُونَ ) : فِعْلٌ مُضَارِعٌ مَرْفُوعٌ
1228,2,و( العذاب ) : معطوف منصوب,وَ( الْعَذَابَ ) : مَعْطُوفٌ مَنْصُوبٌ
1229,3,و( المغفرة ) : اسم مجرور,وَ( الْمَغْفِرَةِ ) : اسْمٌ مَجْرُورٌ
1230,2,خبر ليس مقدم منصوب,خَبَرُ لَيْسَ مُقَدَّمٌ مَنْصُوبٌ
1231,2,و( اليتامى ) : معطوف منصوب,وَ( الْيَتَامَى ) : مَعْطُوفٌ مَنْصُوبٌ
1232,2,و( المساكين ) : معطوف منصوب,وَ( الْمَسَاكِينَ ) : مَعْطُوفٌ مَنْصُوبٌ
1233,2,و( السائلين ) : معطوف منصوب,وَ( السَّائِلِينَ ) : مَعْطُوفٌ مَنْصُوبٌ
1234,1,و( الموفون ) : معطوف على ( من آمن ) : مرفوع,وَ( الْمُوفُونَ ) : مَعْطُوفٌ عَلَى ( مَنْ آمَنَ ) : مَرْفُوعٌ
1235,2,و( الصابرين ) : مفعول به منصوب,وَ( الصَّابِرِينَ ) : مَفْعُولٌ بِهِ مَنْصُوبٌ
1236,3,و( الحر ) : اسم مجرور,وَ( الْحُرِّ ) : اسْمٌ مَجْرُورٌ
1237,1,و( العبد ) : مبتدأ مرفوع,وَ( الْعَبْدُ ) : مُبْتَدَأٌ مَرْفُوعٌ
1238,3,و( العبد ) : اسم مجرور,وَ( الْعَبْدِ ) : اسْمٌ مَجْرُورٌ
1239,1,و( الأنثى ) : مبتدأ مرفوع,وَ( الْأُنْثَى ) : مُبْتَدَأٌ مَرْفُوعٌ
1240,1,و( اتباع ) : خبر مرفوع,وَ( اتِّبَاعٌ ) : خَبَرٌ مَرْفُوعٌ
1241,1,و( أداء ) : معطوف مرفوع,وَ( أَدَاءٌ ) : مَعْطُوفٌ مَرْفُوعٌ
1242,2,و( بينات ) : معطوف منصوب,وَ( بَيِّنَاتٍ ) : مَعْطُوفٌ مَنْصُوبٌ
1243,3,و( الفرقان ) : معطوف مجرور,وَ( الْفُرْقَانِ ) : مَعْطُوفٌ مَجْرُورٌ
1244,4,و( يصم ) : فعل مضارع مجزوم,وَ( يَصُمْ ) : فِعْلٌ مُضَارِعٌ مَجْزُومٌ
1245,2,و( تكملوا ) : فعل مضارع منصوب بأن مضمرة,وَ( تُكْمِلُوا ) : فِعْلٌ مُضَارِعٌ مَنْصُوبٌ بِأَنْ مُضْمَرَةٍ
1246,4,و( يؤمنوا ) : فعل مضارع مجزوم,وَ( يُؤْمِنُوا ) : فِعْلٌ مُضَارِعٌ مَجْزُومٌ
1247,4,و( تدلوا ) : فعل مضارع معطوف مجزوم,وَ( تُدْلُوا ) : فِعْلٌ مُضَارِعٌ مَعْطُوفٌ مَجْزُومٌ
1248,3,و( الحج ) : معطوف مجرور,وَ( الْحَجِّ ) : مَعْطُوفٌ مَجْرُورٌ
1249,2,و( يكون ) : فعل مضارع معطوف ناسخ منصوب,وَ( يَكُونَ ) : فِعْلٌ مُضَارِعٌ مَعْطُوفٌ نَاسِخٌ مَنْصُوبٌ
1250,3,و( الشهر ) : اسم مجرور,وَ( الشَّهْرِ ) : اسْمٌ مَجْرُورٌ
1251,1,و( الحرمات ) : مبتدأ مرفوع,وَ( الْحُرُمَاتُ ) : مُبْتَدَأٌ مَرْفُوعٌ
1252,2,و( أيدي ) : مفعول به مجرور لفظا منصوب محلا,وَ( أَيْدِي ) : مَفْعُولٌ بِهِ مَجْرُورٌ لَفْظًا مَنْصُوبٌ مَحَلًّا
1253,2,و( العمرة ) : معطوف منصوب,وَ( الْعُمْرَةَ ) : مَعْطُوفٌ مَنْصُوبٌ
1254,1,و( فدية ) : مبتدأ مرفوع,وَ( فِدْيَةٌ ) : مُبْتَدَأٌ مَرْفُوعٌ
1255,3,و( العمرة ) : اسم مجرور,وَ( الْعُمْرَةِ ) : اسْمٌ مَجْرُورٌ
1256,1,و( صيام ) : مبتدأ مرفوع,وَ( صِيَامٌ ) : مُبْتَدَأٌ مَرْفُوعٌ
1257,3,و( سبعة ) : معطوف مجرور,وَ( سَبْعَةٍ ) : مَعْطُوفٌ مَجْرُورٌ
1258,1,و( يشهد ) : فعل مضارع مرفوع,وَ( يَشْهَدُ ) : فِعْلٌ مُضَارِعٌ مَرْفُوعٌ
1259,2,و( يفسد ) : فعل مضارع منصوب بأن مضمرة,وَ( يُفْسِدَ ) : فِعْلٌ مُضَارِعٌ مَنْصُوبٌ بِأَنْ مُضْمَرَةٍ
1260,2,و( يهلك ) : فعل مضارع معطوف منصوب,وَ( يُهْلِكَ ) : فِعْلٌ مُضَارِعٌ مَعْطُوفٌ مَنْصُوبٌ
1261,2,و( النسل ) : معطوف منصوب,وَ( النَّسْلَ ) : مَعْطُوفٌ مَنْصُوبٌ
1262,1,و( حسب ) : مبتدأ مرفوع,وَ( حَسْبُ ) : مُبْتَدَأٌ مَرْفُوعٌ
1263,1,و( الملائكة ) : معطوف على اسم الجلالة مرفوع,وَ( الْمَلَائِكَةُ ) : مَعْطُوفٌ عَلَى اسْمِ الْجَلَالَةِ مَرْفُوعٌ
1264,3,بدل اشتمال مجرور,بَدَلُ اشْتِمَالٍ مَجْرُورٌ
1265,1,و( صد ) : مبتدأ مرفوع,وَ( صَدٌّ ) : مُبْتَدَأٌ مَرْفُوعٌ
1266,1,و( كفر ) : معطوف مرفوع,وَ( كُفْرٌ ) : مَعْطُوفٌ مَرْفُوعٌ
1267,3,و( المسجد ) : معطوف على ( سبيل ) : مجرور,وَ( الْمَسْجِدِ ) : مَعْطُوفٌ عَلَى ( سَبِيلِ ) : مَجْرُورٌ
1268,1,و( إخراج ) : معطوف على ( صد ) : مرفوع,وَ( إِخْرَاجُ ) : مَعْطُوفٌ عَلَى ( صَدٌّ ) : مَرْفُوعٌ
1269,4,و( يمت ) : فعل مضارع معطوف مجزوم,وَ( يَمُتْ ) : فِعْلٌ مُضَارِعٌ مَعْطُوفٌ مَجْزُومٌ
1270,1,و( إثم ) : مبتدأ مرفوع,وَ( إِثْمُ ) : مُبْتَدَأٌ مَرْفُوعٌ
1271,1,و( إخوان ) : خبر مرفوع,وَ( إِخْوَانُ ) : خَبَرٌ مَرْفُوعٌ
1272,1,و( أمة ) : مبتدأ مرفوع,وَ( أَمَةٌ ) : مُبْتَدَأٌ مَرْفُوعٌ
1273,1,و( عبد ) : مبتدأ مرفوع,وَ( عَبْدٌ ) : مُبْتَدَأٌ مَرْفُوعٌ
1274,3,و( المغفرة ) : معطوف مجرور,وَ( الْمَغْفِرَةِ ) : مَعْطُوفٌ مَجْرُورٌ
1275,2,و( تتقوا ) : فعل مضارع معطوف منصوب,وَ( تَتَّقُوا ) : فِعْلٌ مُضَارِعٌ مَعْطُوفٌ مَنْصُوبٌ
1276,2,و( تصلحوا ) : فعل مضارع معطوف منصوب,وَ( تُصْلِحُوا ) : فِعْلٌ مُضَارِعٌ مَعْطُوفٌ مَنْصُوبٌ
1277,1,و( المطلقات ) : مبتدأ مرفوع,وَ( الْمُطَلَّقَاتُ ) : مُبْتَدَأٌ مَرْفُوعٌ
1278,1,و( بعولت ) : مبتدأ مرفوع,وَ( بُعُولَتُ ) : مُبْتَدَأٌ مَرْفُوعٌ
1279,3,و( رد ) : اسم مجرور,وَ( رَدِّ ) : اسْمٌ مَجْرُورٌ
1280,1,و( إمساك ) : مبتدأ مرفوع,وَ( إِمْسَاكٌ ) : مُبْتَدَأٌ مَرْفُوعٌ
1281,2,و( تعتدوا ) : فعل مضارع منصوب بأن مضمرة,وَ( تَعْتَدُوا ) : فِعْلٌ مُضَارِعٌ مَنْصُوبٌ بِأَنْ مُضْمَرَةٍ
1282,1,و( الوالدات ) : مبتدأ مرفوع,وَ( الْوَالِدَاتُ ) : مُبْتَدَأٌ مَرْفُوعٌ
1283,1,و( كسوت ) : معطوف مرفوع,وَ( كِسْوَتُ ) : مَعْطُوفٌ مَرْفُوعٌ
1284,3,و( تشاور ) : معطوف مجرور,وَ( تَشَاوُرٍ ) : مَعْطُوفٌ مَجْرُورٌ
1285,2,و( عشرا ) : معطوف منصوب,وَ( عَشْرًا ) : مَعْطُوفٌ مَنْصُوبٌ
1286,1,و( نصف ) : مبتدأ مرفوع,وَ( نِصْفُ ) : مُبْتَدَأٌ مَرْفُوعٌ
1287,2,و( رجالا ) : حال منصوب,وَ( رِجَالًا ) : حَالٌ مَنْصُوبٌ
1288,2,نعت ل( متاعا ) : منصوب,نَعْتٌ لِـ( مَتَاعًا ) : مَنْصُوبٌ
1289,3,و( المطلقات ) : اسم مجرور,وَ( الْمُطَلَّقَاتِ ) : اسْمٌ مَجْرُورٌ
1290,1,و( يبصط ) : فعل مضارع مرفوع,وَ( يَبْصُطُ ) : فِعْلٌ مُضَارِعٌ مَرْفُوعٌ
1291,3,و( أبناء ) : معطوف مجرور,وَ( أَبْنَاءِ ) : مَعْطُوفٌ مَجْرُورٌ
1292,3,و( الملك ) : اسم مجرور,وَ( الْمُلْكِ ) : اسْمٌ مَجْرُورٌ
1293,3,و( الجسم ) : معطوف مجرور,وَ( الْجِسْمِ ) : مَعْطُوفٌ مَجْرُورٌ
1294,1,و( بقية ) : معطوف مرفوع,وَ( بَقِيَّةٌ ) : مَعْطُوفٌ مَرْفُوعٌ
1295,1,و( آل ) : معطوف مرفوع,وَ( آلُ ) : مَعْطُوفٌ مَرْفُوعٌ
1296,3,و( الجنود ) : اسم مجرور,وَ( الْجُنُودِ ) : اسْمٌ مَجْرُورٌ
1297,3,و( نهر ) : اسم مجرور,وَ( نَهَرٍ ) : اسْمٌ مَجْرُورٌ
1298,3,و( الطاغوت ) : اسم مجرور,وَ( الطَّاغُوتِ ) : اسْمٌ مَجْرُورٌ
1299,4,و( يؤمن ) : فعل مضارع معطوف مجزوم,وَ( يُؤْمِنْ ) : فِعْلٌ مُضَارِعٌ مَعْطُوفٌ مَجْزُومٌ
1300,1,و( أميت ) : فعل مضارع مرفوع,وَ( أُمِيتُ ) : فِعْلٌ مُضَارِعٌ مَرْفُوعٌ
1301,3,و( شراب ) : معطوف مجرور,وَ( شَرَابِ ) : مَعْطُوفٌ مَجْرُورٌ
1302,2,و( يطمئن ) : فعل مضارع منصوب بأن مضمرة,وَ( يَطْمَئِنَّ ) : فِعْلٌ مُضَارِعٌ مَنْصُوبٌ بِأَنْ مُضْمَرَةٍ
1303,3,و( المن ) : اسم مجرور,وَ( الْمَنِّ ) : اسْمٌ مَجْرُورٌ
1304,3,و( الأذى ) : معطوف مجرور,وَ( الْأَذَى ) : مَعْطُوفٌ مَجْرُورٌ
1305,2,و( تثبيتا ) : معطوف منصوب,وَ( تَثْبِيتًا ) : مَعْطُوفٌ مَنْصُوبٌ
1306,3,و( ربوة ) : اسم مجرور,وَ( رَبْوَةٍ ) : اسْمٌ مَجْرُورٌ
1307,1,و( طل ) : خبر مرفوع,وَ( طَلٌّ ) : خَبَرٌ مَرْفُوعٌ
1308,1,و( يود ) : فعل مضارع مرفوع,وَ( يَوَدُّ ) : فِعْلٌ مُضَارِعٌ مَرْفُوعٌ
1309,2,و( آخذي ) : خبر ليس مجرور لفظا منصوب محلا,وَ( آخِذِي ) : خَبَرُ لَيْسَ مَجْرُورٌ لَفْظًا مَنْصُوبٌ مَحَلًّا
1310,2,و( فضلا ) : معطوف منصوب,وَ( فَضْلًا ) : مَعْطُوفٌ مَنْصُوبٌ
1311,4,و( تؤتوا ) : فعل مضارع معطوف مجزوم,وَ( تُؤْتُوا ) : فِعْلٌ مُضَارِعٌ مَعْطُوفٌ مَجْزُومٌ
1312,1,و( يكفر ) : فعل مضارع مرفوع,وَ( يُكَفِّرُ ) : فِعْلٌ مُضَارِعٌ مَرْفُوعٌ
1313,1,و( يربي ) : فعل مضارع مرفوع,وَ( يُرْبِي ) : فِعْلٌ مُضَارِعٌ مَرْفُوعٌ
1314,3,و( حرب ) : اسم مجرور,وَ( حَرْبٍ ) : اسْمٌ مَجْرُورٌ
1315,1,و( نظرة ) : خبر مرفوع,وَ( نَظِرَةٌ ) : خَبَرٌ مَرْفُوعٌ
1316,3,و( دين ) : اسم مجرور,وَ( دَيْنٍ ) : اسْمٌ مَجْرُورٌ
1317,1,و( رجل ) : خبر مرفوع,وَ( رَجُلٌ ) : خَبَرٌ مَرْفُوعٌ
1318,1,و( امرأتان ) : معطوف مرفوع,وَ( امْرَأَتَانِ ) : مَعْطُوفٌ مَرْفُوعٌ
1319,2,و( تذكر ) : فعل مضارع معطوف منصوب,وَ( تُذَكِّرَ ) : فِعْلٌ مُضَارِعٌ مَعْطُوفٌ مَنْصُوبٌ
1320,1,و( أقوم ) : معطوف مرفوع,وَ( أَقْوَمُ ) : مَعْطُوفٌ مَرْفُوعٌ
1321,1,و( أدنى ) : معطوف مرفوع,وَ( أَدْنَى ) : مَعْطُوفٌ مَرْفُوعٌ
1322,1,و( رهان ) : خبر مرفوع,وَ( رَهَانٌ ) : خَبَرٌ مَرْفُوعٌ
1323,4,و( يؤد ) : فعل مضارع مجزوم,وَ( يُؤَدِّ ) : فِعْلٌ مُضَارِعٌ مَجْزُومٌ
1324,1,و( أخر ) : معطوف مرفوع,وَ( أُخَرُ ) : مَعْطُوفٌ مَرْفُوعٌ
1325,2,و( ابتغاء ) : معطوف منصوب,وَ( ابْتِغَاءَ ) : مَعْطُوفٌ مَنْصُوبٌ
1326,1,و( الراسخون ) : مبتدأ مرفوع,وَ( الرَّاسِخُونَ ) : مُبْتَدَأٌ مَرْفُوعٌ
1327,1,و( تغلبون ) : فعل مضارع مبني لما لم يسم فاعله مرفوع,وَ( تُغْلَبُونَ ) : فِعْلٌ مُضَارِعٌ مَبْنِيٌّ لِمَا لَمْ يُسَمَّ فَاعِلُهُ مَرْفُوعٌ
1328,1,و( تحشرون ) : فعل مضارع مبني لما لم يسم فاعله مرفوع,وَ( تُحْشَرُونَ ) : فِعْلٌ مُضَارِعٌ مَبْنِيٌّ لِمَا لَمْ يُسَمَّ فَاعِلُهُ مَرْفُوعٌ
1329,1,و( أخرى ) : مبتدأ مرفوع,وَ( أُخْرَى ) : مُبْتَدَأٌ مَرْفُوعٌ
1330,3,و( البنين ) : معطوف مجرور,وَ( الْبَنِينَ ) : مَعْطُوفٌ مَجْرُورٌ
1331,3,و( القناطير ) : معطوف مجرور,وَ( الْقَنَاطِيرِ ) : مَعْطُوفٌ مَجْرُورٌ
1332,3,و( الفضة ) : معطوف مجرور,وَ( الْفِضَّةِ ) : مَعْطُوفٌ مَجْرُورٌ
1333,3,و( الخيل ) : معطوف مجرور,وَ( الْخَيْلِ ) : مَعْطُوفٌ مَجْرُورٌ
1334,3,و( الحرث ) : معطوف مجرور,وَ( الْحَرْثِ ) : مَعْطُوفٌ مَجْرُورٌ
1335,1,و( أزواج ) : معطوف مرفوع,وَ( أَزْوَاجٌ ) : مَعْطُوفٌ مَرْفُوعٌ
1336,1,و( رضوان ) : معطوف مرفوع,وَ( رِضْوَانٌ ) : مَعْطُوفٌ مَرْفُوعٌ
1337,3,و( الصادقين ) : معطوف مجرور,وَ( الصَّادِقِينَ ) : مَعْطُوفٌ مَجْرُورٌ
1338,3,و( القانتين ) : معطوف مجرور,وَ( الْقَانِتِينَ ) : مَعْطُوفٌ مَجْرُورٌ
1339,3,و( المنفقين ) : معطوف مجرور,وَ( الْمُنْفِقِينَ ) : مَعْطُوفٌ مَجْرُورٌ
1340,3,و( المستغفرين ) : معطوف مجرور,وَ( الْمُسْتَغْفِرِينَ ) : مَعْطُوفٌ مَجْرُورٌ
1341,3,و( الأميين ) : معطوف مجرور,وَ( الْأُمِّيِّينَ ) : مَعْطُوفٌ مَجْرُورٌ
1342,2,ثان منصوب,ثَانٍ مَنْصُوبٌ
1343,1,و( تنزع ) : فعل مضارع مرفوع,وَ( تَنْزِعُ ) : فِعْلٌ مُضَارِعٌ مَرْفُوعٌ
1344,1,و( تعز ) : فعل مضارع مرفوع,وَ( تُعِزُّ ) : فِعْلٌ مُضَارِعٌ مَرْفُوعٌ
1345,1,و( تذل ) : فعل مضارع مرفوع,وَ( تُذِلُّ ) : فِعْلٌ مُضَارِعٌ مَرْفُوعٌ
1346,1,و( تولج ) : فعل مضارع مرفوع,وَ( تُولِجُ ) : فِعْلٌ مُضَارِعٌ مَرْفُوعٌ
1347,1,و( ترزق ) : فعل مضارع مرفوع,وَ( تَرْزُقُ ) : فِعْلٌ مُضَارِعٌ مَرْفُوعٌ
1348,2,و( نوحا ) : معطوف منصوب,وَ( نُوحًا ) : مَعْطُوفٌ مَنْصُوبٌ
1349,3,و( قبول ) : اسم مجرور,وَ( قَبُولٍ ) : اسْمٌ مَجْرُورٌ
1350,3,و( يحيى ) : اسم مجرور,وَ( يَحْيَى ) : اسْمٌ مَجْرُورٌ
1351,2,و( سيدا ) : معطوف على ( مصدقا ) : منصوب,وَ( سَيِّدًا ) : مَعْطُوفٌ عَلَى ( مُصَدِّقًا ) : مَنْصُوبٌ
1352,2,و( حصورا ) : معطوف منصوب,وَ( حَصُورًا ) : مَعْطُوفٌ مَنْصُوبٌ
1353,2,و( نبيا ) : معطوف منصوب,وَ( نَبِيًّا ) : مَعْطُوفٌ مَنْصُوبٌ
1354,1,و( امرأت ) : مبتدأ مرفوع,وَ( امْرَأَتِ ) : مُبْتَدَأٌ مَرْفُوعٌ
1355,3,و( الإبكار ) : معطوف مجرور,وَ( الْإِبْكَارِ ) : مَعْطُوفٌ مَجْرُورٌ
1356,1,و( يكلم ) : فعل مضارع مرفوع,وَ( يُكَلِّمُ ) : فِعْلٌ مُضَارِعٌ مَرْفُوعٌ
1357,2,و( كهلا ) : معطوف على محل الجار والمجرور منصوب,وَ( كَهْلًا ) : مَعْطُوفٌ عَلَى مَحَلِّ الْجَارِّ وَالْمَجْرُورِ مَنْصُوبٌ
1358,2,و( رسولا ) : مفعول به منصوب,وَ( رَسُولًا ) : مَفْعُولٌ بِهِ مَنْصُوبٌ
1359,1,و( أنفخ ) : فعل مضارع مرفوع,وَ( أَنْفُخُ ) : فِعْلٌ مُضَارِعٌ مَرْفُوعٌ
1360,1,و( أبرئ ) : فعل مضارع مرفوع,وَ( أُبْرِئُ ) : فِعْلٌ مُضَارِعٌ مَرْفُوعٌ
1361,1,و( أحيي ) : فعل مضارع مرفوع,وَ( أُحْيِي ) : فِعْلٌ مُضَارِعٌ مَرْفُوعٌ
1362,2,و( مصدقا ) : حال لفعل محذوف منصوب,وَ( مُصَدِّقًا ) : حَالٌ لِفِعْلٍ مَحْذُوفٍ مَنْصُوبٌ
1363,2,و( أحل ) : فعل مضارع منصوب بأن مضمرة,وَ( أُحِلَّ ) : فِعْلٌ مُضَارِعٌ مَنْصُوبٌ بِأَنْ مُضْمَرَةٍ
1364,1,و( رافع ) : معطوف مرفوع,وَ( رَافِعُ ) : مَعْطُوفٌ مَرْفُوعٌ
1365,1,و( مطهر ) : معطوف مرفوع,وَ( مُطَهِّرُ ) : مَعْطُوفٌ مَرْفُوعٌ
1366,1,و( جاعل ) : معطوف مرفوع,وَ( جَاعِلُ ) : مَعْطُوفٌ مَرْفُوعٌ
1367,1,و( أحكم ) : فعل مضارع مرفوع,وَ( أَحْكُمُ ) : فِعْلٌ مُضَارِعٌ مَرْفُوعٌ
1368,1,و( أعذب ) : فعل مضارع مرفوع,وَ( أُعَذِّبُ ) : فِعْلٌ مُضَارِعٌ مَرْفُوعٌ
1369,3,و( الذكر ) : معطوف مجرور,وَ( الذِّكْرِ ) : مَعْطُوفٌ مَجْرُورٌ
1370,2,و( أبناء ) : معطوف منصوب,وَ( أَبْنَاءَ ) : مَعْطُوفٌ مَنْصُوبٌ
1371,4,و( نجعل ) : فعل مضارع معطوف مجزوم,وَ( نَجْعَلْ ) : فِعْلٌ مُضَارِعٌ مَعْطُوفٌ مَجْزُومٌ
1372,1,و( الإنجيل ) : معطوف مرفوع,وَ( الْإِنْجِيلُ ) : مَعْطُوفٌ مَرْفُوعٌ
1373,1,و( تكتمون ) : فعل مضارع مرفوع,وَ( تَكْتُمُونَ ) : فِعْلٌ مُضَارِعٌ مَرْفُوعٌ
1374,3,و( قنطار ) : اسم مجرور,وَ( قِنْطَارٍ ) : اسْمٌ مَجْرُورٌ
1375,3,و( دينار ) : اسم مجرور,وَ( دِينَارٍ ) : اسْمٌ مَجْرُورٌ
1376,3,و( أيمانهم ) : معطوف مجرور,وَ( أَيْمَانِهِمْ ) : مَعْطُوفٌ مَجْرُورٌ
1377,2,و( فريقا ) : اسم ( إن ) : مؤخر منصوب,وَ( فَرِيقًا ) : اسْمُ ( إِنَّ ) : مُؤَخَّرٌ مَنْصُوبٌ
1378,2,و( تحسبوا ) : فعل مضارع منصوب بأن مضمرة,وَ( تَحْسَبُوا ) : فِعْلٌ مُضَارِعٌ مَنْصُوبٌ بِأَنْ مُضْمَرَةٍ
1379,2,و( النبيين ) : معطوف منصوب,وَ( النَّبِيِّينَ ) : مَعْطُوفٌ مَنْصُوبٌ
1380,3,و( حكمة ) : معطوف مجرور,وَ( حِكْمَةٍ ) : مَعْطُوفٌ مَجْرُورٌ
1381,1,و( تؤمنن ) : فعل مضارع مرفوع,وَ( تُؤْمِنُنَّ ) : فِعْلٌ مُضَارِعٌ مَرْفُوعٌ
1382,1,و( تنصرن ) : فعل مضارع مرفوع,وَ( تَنْصُرُنَّ ) : فِعْلٌ مُضَارِعٌ مَرْفُوعٌ
1383,1,و( النبيون ) : معطوف مرفوع,وَ( النَّبِيُّونَ ) : مَعْطُوفٌ مَرْفُوعٌ
1384,3,و( التوراة ) : اسم مجرور,وَ( التَّوْرَاةِ ) : اسْمٌ مَجْرُورٌ
1385,3,و( بكة ) : اسم مجرور,وَ( بَكَّةَ ) : اسْمٌ مَجْرُورٌ
1386,3,و( حبل ) : اسم مجرور,وَ( حَبْلِ ) : اسْمٌ مَجْرُورٌ
1387,3,و( نعمت ) : اسم مجرور,وَ( نِعْمَتِ ) : اسْمٌ مَجْرُورٌ
1388,4,و( تكن ) : فعل مضارع مجزوم,وَ( تَكُنْ ) : فِعْلٌ مُضَارِعٌ مَجْزُومٌ
1389,1,و( تسود ) : فعل مضارع مرفوع,وَ( تَسْوَدُّ ) : فِعْلٌ مُضَارِعٌ مَرْفُوعٌ
1390,1,اسم الجلالة اسم ( ما ) : مرفوع,اسْمُ الْجَلَالَةِ اسْمُ ( مَا ) : مَرْفُوعٌ
1391,1,و( تنهون ) : فعل مضارع مرفوع,وَ( تَنْهَوْنَ ) : فِعْلٌ مُضَارِعٌ مَرْفُوعٌ
1392,3,و( حبل ) : اسم مجرور,وَ( حَبْلٍ ) : اسْمٌ مَجْرُورٌ
1393,3,و( حبل ) : معطوف مجرور,وَ( حَبْلٍ ) : مَعْطُوفٌ مَجْرُورٌ
1394,1,و( يسارعون ) : فعل مضارع مرفوع,وَ( يُسَارِعُونَ ) : فِعْلٌ مُضَارِعٌ مَرْفُوعٌ
1395,3,و( القتال ) : اسم مجرور,وَ( الْقِتَالِ ) : اسْمٌ مَجْرُورٌ
1396,3,و( بدر ) : اسم مجرور,وَ( بَدْرٍ ) : اسْمٌ مَجْرُورٌ
1397,3,و( ثلاثة ) : اسم مجرور,وَ( ثَلَاثَةِ ) : اسْمٌ مَجْرُورٌ
1398,4,و( يأتوا ) : فعل مضارع معطوف مجزوم,وَ( يَأْتُوا ) : فِعْلٌ مُضَارِعٌ مَعْطُوفٌ مَجْزُومٌ
1399,3,و( خمسة ) : اسم مجرور,وَ( خَمْسَةِ ) : اسْمٌ مَجْرُورٌ
1400,2,و( يقطع ) : فعل مضارع منصوب بأن مضمرة,وَ( يَقْطَعَ ) : فِعْلٌ مُضَارِعٌ مَنْصُوبٌ بِأَنْ مُضْمَرَةٍ
1401,2,و( ينقلبوا ) : فعل مضارع معطوف منصوب,وَ( يَنْقَلِبُوا ) : فِعْلٌ مُضَارِعٌ مَعْطُوفٌ مَنْصُوبٌ
1402,3,و( جنة ) : معطوف مجرور,وَ( جَنَّةٍ ) : مَعْطُوفٌ مَجْرُورٌ
1403,3,و( الكاظمين ) : معطوف على ( المتقين ) : مجرور,وَ( الْكَاظِمِينَ ) : مَعْطُوفٌ عَلَى ( الْمُتَّقِينَ ) : مَجْرُورٌ
1404,3,و( العافين ) : معطوف مجرور,وَ( الْعَافِينَ ) : مَعْطُوفٌ مَجْرُورٌ
1405,1,و( جنات ) : معطوف على ( مغفرة ) : مرفوع,وَ( جَنَّاتٌ ) : مَعْطُوفٌ عَلَى ( مَغْفِرَةٌ ) : مَرْفُوعٌ
1406,1,و( هدى ) : معطوف على ( بيان ) : مرفوع,وَ( هُدًى ) : مَعْطُوفٌ عَلَى ( بَيَانٌ ) : مَرْفُوعٌ
1407,2,و( يمحق ) : فعل مضارع معطوف منصوب,وَ( يَمْحَقَ ) : فِعْلٌ مُضَارِعٌ مَعْطُوفٌ مَنْصُوبٌ
1408,2,و( إسراف ) : معطوف منصوب,وَ( إِسْرَافَ ) : مَعْطُوفٌ مَنْصُوبٌ
1409,2,و( حسن ) : معطوف على ( ثواب ) : منصوب,وَ( حُسْنَ ) : مَعْطُوفٌ عَلَى ( ثَوَابَ ) : مَنْصُوبٌ
1410,4,و( تنقلبوا ) : فعل مضارع معطوف مجزوم,وَ( تَنْقَلِبُوا ) : فِعْلٌ مُضَارِعٌ مَعْطُوفٌ مَجْزُومٌ
1411,3,و( غم ) : اسم مجرور,وَ( غَمٍّ ) : اسْمٌ مَجْرُورٌ
1412,2,بدل من ( أمنة ) : منصوب,بَدَلٌ مِنْ ( أَمَنَةً ) : مَنْصُوبٌ
1413,1,و( طائفة ) : مبتدأ مرفوع,وَ( طَائِفَةٌ ) : مُبْتَدَأٌ مَرْفُوعٌ
1414,1,و( مغفرة ) : خبر لمبتدإ محذوف مرفوع,وَ( مَغْفِرَةٌ ) : خَبَرٌ لِمُبْتَدَإٍ مَحْذُوفٍ مَرْفُوعٌ
1415,1,و( رحمة ) : معطوف على ( مغفرة ) : مرفوع,وَ( رَحْمَةٌ ) : مَعْطُوفٌ عَلَى ( مَغْفِرَةٌ ) : مَرْفُوعٌ
1416,3,و( سخط ) : اسم مجرور,وَ( سَخَطٍ ) : اسْمٌ مَجْرُورٌ
1417,1,و( يستبشرون ) : فعل مضارع مرفوع,وَ( يَسْتَبْشِرُونَ ) : فِعْلٌ مُضَارِعٌ مَرْفُوعٌ
1418,2,و( يذر ) : فعل مضارع منصوب بأن مضمرة,وَ( يَذَرَ ) : فِعْلٌ مُضَارِعٌ مَنْصُوبٌ بِأَنْ مُضْمَرَةٍ
1419,2,و( يطلع ) : فعل مضارع منصوب بأن مضمرة,وَ( يُطْلِعَ ) : فِعْلٌ مُضَارِعٌ مَنْصُوبٌ بِأَنْ مُضْمَرَةٍ
1420,1,و( يطوقون ) : فعل مضارع مبني لما لم يسم فاعله مرفوع,وَ( يُطَوَّقُونَ ) : فِعْلٌ مُضَارِعٌ مَبْنِيٌّ لِمَا لَمْ يُسَمَّ فَاعِلُهُ مَرْفُوعٌ
1421,2,و( قتلهم ) : معطوف على ( ما ) : منصوب,وَ( قَتْلَهُمْ ) : مَعْطُوفٌ عَلَى ( مَا ) : مَنْصُوبٌ
1422,3,و( قربان ) : اسم مجرور,وَ( قُرْبَانٍ ) : اسْمٌ مَجْرُورٌ
1423,1,و( تبلون ) : فعل مضارع مبني لما لم يسم فاعله مرفوع,وَ( تُبْلَوُنَّ ) : فِعْلٌ مُضَارِعٌ مَبْنِيٌّ لِمَا لَمْ يُسَمَّ فَاعِلُهُ مَرْفُوعٌ
1424,1,و( تسمعن ) : فعل مضارع مرفوع,وَ( تَسْمَعُنَّ ) : فِعْلٌ مُضَارِعٌ مَرْفُوعٌ
1425,1,و( تبينن ) : فعل مضارع مرفوع,وَ( تُبَيِّنُنَّ ) : فِعْلٌ مُضَارِعٌ مَرْفُوعٌ
1426,3,و( مفازة ) : اسم مجرور,وَ( مَفَازَةٍ ) : اسْمٌ مَجْرُورٌ
1427,1,و( يتفكرون ) : فعل مضارع مرفوع,وَ( يَتَفَكَّرُونَ ) : فِعْلٌ مُضَارِعٌ مَرْفُوعٌ
1428,3,و( الأبرار ) : اسم مجرور,وَ( الْأَبْرَارِ ) : اسْمٌ مَجْرُورٌ
1429,2,و( الأرحام ) : معطوف على اسم الجلالة منصوب,وَ( الْأَرْحَامَ ) : مَعْطُوفٌ عَلَى اسْمِ الْجَلَالَةِ مَنْصُوبٌ
1430,3,و( الطيب ) : اسم مجرور,وَ( الطَّيِّبِ ) : اسْمٌ مَجْرُورٌ
1431,2,حال من المفعول منصوب,حَالٌ مِنَ الْمَفْعُولِ مَنْصُوبٌ
1432,2,و( ثلاث ) : معطوف منصوب,وَ( ثُلَاثَ ) : مَعْطُوفٌ مَنْصُوبٌ
1433,2,و( رباع ) : معطوف منصوب,وَ( رُبَاعَ ) : مَعْطُوفٌ مَنْصُوبٌ
1434,2,و( واحدة ) : مفعول به منصوب,وَ( وَاحِدَةً ) : مَفْعُولٌ بِهِ مَنْصُوبٌ
1435,2,و( بدارا ) : معطوف منصوب,وَ( بِدَارًا ) : مَعْطُوفٌ مَنْصُوبٌ
1436,4,و( يستعفف ) : فعل مضارع مجزوم,وَ( يَسْتَعْفِفْ ) : فِعْلٌ مُضَارِعٌ مَجْزُومٌ
1437,4,و( يأكل ) : فعل مضارع مجزوم,وَ( يَأْكُلْ ) : فِعْلٌ مُضَارِعٌ مَجْزُومٌ
1438,1,و( اليتامى ) : معطوف مرفوع,وَ( الْيَتَامَى ) : مَعْطُوفٌ مَرْفُوعٌ
1439,1,و( المساكين ) : معطوف مرفوع,وَ( الْمَسَاكِينُ ) : مَعْطُوفٌ مَرْفُوعٌ
1440,4,و( يخش ) : فعل مضارع مجزوم,وَ( يَخْشَ ) : فِعْلٌ مُضَارِعٌ مَجْزُومٌ
1441,4,و( يتقوا ) : فعل مضارع مجزوم,وَ( يَتَّقُوا ) : فِعْلٌ مُضَارِعٌ مَجْزُومٌ
1442,4,و( يقولوا ) : فعل مضارع مجزوم,وَ( يَقُولُوا ) : فِعْلٌ مُضَارِعٌ مَجْزُومٌ
1443,1,و( يصلون ) : فعل مضارع مرفوع,وَ( يَصْلَوْنَ ) : فِعْلٌ مُضَارِعٌ مَرْفُوعٌ
1444,3,و( أبوي ) : اسم مجرور,وَ( أَبَوَيْ ) : اسْمٌ مَجْرُورٌ
1445,4,و( يتعد ) : فعل مضارع معطوف مجزوم,وَ( يَتَعَدَّ ) : فِعْلٌ مُضَارِعٌ مَعْطُوفٌ مَجْزُومٌ
1446,1,و( اللذان ) : مبتدأ مرفوع,وَ( اللَّذَانِ ) : مُبْتَدَأٌ مَرْفُوعٌ
1447,2,و( تذهبوا ) : فعل مضارع منصوب بأن مضمرة,وَ( تَذْهَبُوا ) : فِعْلٌ مُضَارِعٌ مَنْصُوبٌ بِأَنْ مُضْمَرَةٍ
1448,1,و( تأخذون ) : فعل مضارع مرفوع,وَ( تَأْخُذُونَ ) : فِعْلٌ مُضَارِعٌ مَرْفُوعٌ
1449,2,و( مقتا ) : معطوف منصوب,وَ( مَقْتًا ) : مَعْطُوفٌ مَنْصُوبٌ
1450,1,و( عمات ) : معطوف مرفوع,وَ( عَمَّاتُ ) : مَعْطُوفٌ مَرْفُوعٌ
1451,1,و( خالات ) : معطوف مرفوع,وَ( خَالَاتُ ) : مَعْطُوفٌ مَرْفُوعٌ
1452,1,و( ربائب ) : معطوف مرفوع,وَ( رَبَائِبُ ) : مَعْطُوفٌ مَرْفُوعٌ
1453,1,و( حلائل ) : معطوف مرفوع,وَ( حَلَائِلُ ) : مَعْطُوفٌ مَرْفُوعٌ
1454,1,و( المحصنات ) : معطوف على ( أمهاتكم ) : مرفوع,وَ( الْمُحْصَنَاتُ ) : مَعْطُوفٌ عَلَى ( أُمَّهَاتُكُمْ ) : مَرْفُوعٌ
1455,2,و( ظلما ) : معطوف منصوب,وَ( ظُلْمًا ) : مَعْطُوفٌ مَنْصُوبٌ
1456,4,و( ندخل ) : فعل مضارع معطوف مجزوم,وَ( نُدْخِلْ ) : فِعْلٌ مُضَارِعٌ مَعْطُوفٌ مَجْزُومٌ
1457,1,و( الصالحات ) : مبتدأ مرفوع,وَ( الصَّالِحَاتُ ) : مُبْتَدَأٌ مَرْفُوعٌ
1458,2,و( حكما ) : معطوف منصوب,وَ( حُكْمًا ) : مَعْطُوفٌ مَنْصُوبٌ
1459,3,و( الصاحب ) : معطوف مجرور,وَ( الصَّاحِبِ ) : مَعْطُوفٌ مَجْرُورٌ
1460,3,و( الجنب ) : اسم مجرور,وَ( الْجَنْبِ ) : اسْمٌ مَجْرُورٌ
1461,3,و( شهيد ) : اسم مجرور,وَ( شَهِيدٍ ) : اسْمٌ مَجْرُورٌ
1462,3,و( أعدائ ) : اسم مجرور,وَ( أَعْدَائِ ) : اسْمٌ مَجْرُورٌ
1463,2,و( طعنا ) : معطوف على ( ليا ) : منصوب,وَ( طَعْنًا ) : مَعْطُوفٌ عَلَى ( لَيًّا ) : مَنْصُوبٌ
1464,2,و( أقوم ) : معطوف منصوب,وَ( أَقْوَمَ ) : مَعْطُوفٌ مَنْصُوبٌ
1465,2,و( نرد ) : فعل مضارع معطوف منصوب,وَ( نَرُدَّ ) : فِعْلٌ مُضَارِعٌ مَعْطُوفٌ مَنْصُوبٌ
1466,3,و( الجبت ) : اسم مجرور,وَ( الْجِبْتِ ) : اسْمٌ مَجْرُورٌ
1467,3,و( الطاغوت ) : معطوف مجرور,وَ( الطَّاغُوتِ ) : مَعْطُوفٌ مَجْرُورٌ
1468,2,فعل مضارع جواب الشرط منصوب,فِعْلٌ مُضَارِعٌ جَوَابُ الشَّرْطِ مَنْصُوبٌ
1469,1,و( جهنم ) : فاعل مجرور لفظا مرفوع محلا,وَ( جَهَنَّمَ ) : فَاعِلٌ مَجْرُورٌ لَفْظًا مَرْفُوعٌ مَحَلًّا
1470,2,و( يذوقوا ) : فعل مضارع منصوب بأن مضمرة,وَ( يَذُوقُوا ) : فِعْلٌ مُضَارِعٌ مَنْصُوبٌ بِأَنْ مُضْمَرَةٍ
1471,2,و( أولي ) : معطوف منصوب,وَ( أُولِي ) : مَعْطُوفٌ مَنْصُوبٌ
1472,2,و( توفيقا ) : معطوف منصوب,وَ( تَوْفِيقًا ) : مَعْطُوفٌ مَنْصُوبٌ
1473,2,و( يطاع ) : فعل مضارع مبني لما لم يسم فاعله منصوب بأن م…,وَ( يُطَاعُ ) : فِعْلٌ مُضَارِعٌ مَبْنِيٌّ لِمَا لَمْ يُسَمَّ فَاعِلُهُ مَنْصُوبٌ بِأَنْ مُضْمَرَةٍ
1474,2,و( يسلموا ) : فعل مضارع معطوف منصوب,وَ( يُسَلِّمُوا ) : فِعْلٌ مُضَارِعٌ مَعْطُوفٌ مَنْصُوبٌ
1475,2,و( أشد ) : معطوف منصوب,وَ( أَشَدَّ ) : مَعْطُوفٌ مَنْصُوبٌ
1476,3,و( الصديقين ) : معطوف مجرور,وَ( الصِّدِّيقِينَ ) : مَعْطُوفٌ مَجْرُورٌ
1477,3,و( الصالحين ) : معطوف مجرور,وَ( الصَّالِحِينَ ) : مَعْطُوفٌ مَجْرُورٌ
1478,2,و( أفوز ) : فعل مضارع منصوب بأن مضمرة,وَ( أَفُوزَ ) : فِعْلٌ مُضَارِعٌ مَنْصُوبٌ بِأَنْ مُضْمَرَةٍ
1479,4,و( يقاتل ) : فعل مضارع مجزوم,وَ( يُقَاتِلْ ) : فِعْلٌ مُضَارِعٌ مَجْزُومٌ
1480,4,و( يقتل ) : فعل مضارع معطوف مبني لما لم يسم فاعله مجزوم,وَ( يُقْتَلْ ) : فِعْلٌ مُضَارِعٌ مَعْطُوفٌ مَبْنِيٌّ لِمَا لَمْ يُسَمَّ فَاعِلُهُ مَجْزُومٌ
1481,3,و( المستضعفين ) : معطوف مجرور,وَ( الْمُسْتَضْعَفِينَ ) : مَعْطُوفٌ مَجْرُورٌ
1482,3,و( خشية ) : اسم مجرور,وَ( خَشْيَةِ ) : اسْمٌ مَجْرُورٌ
1483,4,فعل مضارع تام فعل الشرط مجزوم,فِعْلٌ مُضَارِعٌ تَامٌّ فِعْلُ الشَّرْطِ مَجْزُومٌ
1484,3,بدل من ( هؤلاء ) : مجرور,بَدَلٌ مِنْ ( هَؤُلَاءِ ) : مَجْرُورٌ
1485,1,و( رحمة ) : معطوف مرفوع,وَ( رَحْمَة ) : مَعْطُوفٌ مَرْفُوعٌ
1486,1,و( أشد ) : معطوف مرفوع,وَ( أَشَدُّ ) : مَعْطُوفٌ مَرْفُوعٌ
1487,3,و( تحية ) : اسم مجرور,وَ( تَحِيَّةٍ ) : اسْمٌ مَجْرُورٌ
1488,3,و( أحسن ) : اسم مجرور,وَ( أَحْسَنَ ) : اسْمٌ مَجْرُورٌ
1489,1,و( تكونون ) : فعل مضارع ناسخ مرفوع,وَ( تَكُونُونَ ) : فِعْلٌ مُضَارِعٌ نَاسِخٌ مَرْفُوعٌ
1490,1,و( تجدون ) : فعل مضارع مرفوع,وَ( تَجِدُونَ ) : فِعْلٌ مُضَارِعٌ مَرْفُوعٌ
1491,2,و( يأمنوا ) : فعل مضارع معطوف منصوب,وَ( يَأْمَنُوا ) : فِعْلٌ مُضَارِعٌ مَعْطُوفٌ مَنْصُوبٌ
1492,4,و( يلقوا ) : فعل مضارع معطوف مجزوم,وَ( يُلْقُوا ) : فِعْلٌ مُضَارِعٌ مَعْطُوفٌ مَجْزُومٌ
1493,4,و( يكفوا ) : فعل مضارع معطوف مجزوم,وَ( يَكُفُّوا ) : فِعْلٌ مُضَارِعٌ مَعْطُوفٌ مَجْزُومٌ
1494,1,و( دية ) : معطوف على ( تحرير ) : مرفوع,وَ( دِيَةٌ ) : مَعْطُوفٌ عَلَى ( تَحْرِيرُ ) : مَرْفُوعٌ
1495,2,و( بينهم ) : ظرف مكان معطوفمنصوب,وَ( بَيْنَهُمْ ) : ظَرْفُ مَكَانٍ مَعْطُوفٌمَنْصُوبٌ
1496,1,"و( دية ) : خبر لمبتدإ محذوف تقديره "" جزاؤه "" مرفوع","وَ( دِيَةٌ ) : خَبَرٌ لِمُبْتَدَإٍ مَحْذُوفٍ تَقْدِيرُهُ "" جَزَاؤُهُ "" مَرْفُوعٌ"
1497,1,و( تحرير ) : معطوف مرفوع,وَ( تَحْرِيرُ ) : مَعْطُوفٌ مَرْفُوعٌ
1498,1,و( جزاؤ ) : مبتدأ مرفوع,وَ( جَزَاؤُ ) : مُبْتَدَأٌ مَرْفُوعٌ
1499,1,و( المجاهدون ) : معطوف مرفوع,وَ( الْمُجَاهِدُونَ ) : مَعْطُوفٌ مَرْفُوعٌ
1500,2,بدل من ( أجرا ) : منصوب,بَدَلٌ مِنْ ( أَجْرًا ) : مَنْصُوبٌ
1501,2,و( مغفرة ) : معطوف منصوب,وَ( مَغْفِرَةً ) : مَعْطُوفٌ مَنْصُوبٌ
1502,2,و( تهاجروا ) : فعل مضارع منصوب بأن مضمرة,وَ( تُهَاجِرُوا ) : فِعْلٌ مُضَارِعٌ مَنْصُوبٌ بِأَنْ مُضْمَرَةٍ
1503,2,و( سعة ) : معطوف منصوب,وَ( سَعَةً ) : مَعْطُوفٌ مَنْصُوبٌ
1504,4,فعل مضارع مجزوم لأنه معطوف على ( يخرج ) :,فِعْلٌ مُضَارِعٌ مَجْزُومٌ لِأَنَّهُ مَعْطُوفٌ عَلَى ( يَخْرُجْ ) :
1505,4,و( تقم ) : فعل مضارع مجزوم,وَ( تَقُمْ ) : فِعْلٌ مُضَارِعٌ مَجْزُومٌ
1506,4,و( يكونوا ) : فعل مضارع ناسخ مجزوم,وَ( يَكُونُوا ) : فِعْلٌ مُضَارِعٌ نَاسِخٌ مَجْزُومٌ
1507,4,و( تأت ) : فعل مضارع مجزوم,وَ( تَأْتِ ) : فِعْلٌ مُضَارِعٌ مَجْزُومٌ
1508,4,و( يصلوا ) : فعل مضارع مجزوم,وَ( يُصَلُّوا ) : فِعْلٌ مُضَارِعٌ مَجْزُومٌ
1509,2,و( أسلحتهم ) : معطوف منصوب,وَ( أَسْلِحَتَهُمْ ) : مَعْطُوفٌ مَنْصُوبٌ
1510,3,و( أمتعت ) : معطوف مجرور,وَ( أَمْتِعَتِ ) : مَعْطُوفٌ مَجْرُورٌ
1511,1,و( يميلون ) : فعل مضارع مرفوع,وَ( يَمِيلُونَ ) : فِعْلٌ مُضَارِعٌ مَرْفُوعٌ
1512,1,و( ترجون ) : فعل مضارع مرفوع,وَ( تَرْجُونَ ) : فِعْلٌ مُضَارِعٌ مَرْفُوعٌ
1513,2,و( تحكم ) : فعل مضارع منصوب بأن مضمرة,وَ( تَحْكُمَ ) : فِعْلٌ مُضَارِعٌ مَنْصُوبٌ بِأَنْ مُضْمَرَةٍ
1514,3,و( الخائنين ) : اسم مجرور,وَ( الْخَائِنِينَ ) : اسْمٌ مَجْرُورٌ
1515,3,و( صدقة ) : اسم مجرور,وَ( صَدَقَةٍ ) : اسْمٌ مَجْرُورٌ
1516,4,و( يتبع ) : فعل مضارع معطوف مجزوم,وَ( يَتَّبِعْ ) : فِعْلٌ مُضَارِعٌ مَعْطُوفٌ مَجْزُومٌ
1517,4,و( نصل ) : فعل مضارع معطوف مجزوم,وَ( نُصْلِ ) : فِعْلٌ مُضَارِعٌ مَعْطُوفٌ مَجْزُومٌ
1518,1,و( يبتكن ) : فعل مضارع مرفوع,وَ( يُبَتِّكُنَّ ) : فِعْلٌ مُضَارِعٌ مَرْفُوعٌ
1519,1,و( يغيرن ) : فعل مضارع مرفوع,وَ( يُغَيِّرُنَّ ) : فِعْلٌ مُضَارِعٌ مَرْفُوعٌ
1520,1,و( يمنين ) : فعل مضارع مرفوع,وَ( يُمَنِّيَنَّ ) : فِعْلٌ مُضَارِعٌ مَرْفُوعٌ
1521,3,و( أماني ) : اسم مجرور,وَ( أَمَانِيِّ ) : اسْمٌ مَجْرُورٌ
1522,1,و( يستفتون ) : فعل مضارع مرفوع,وَ( يَسْتَفْتُونَ ) : فِعْلٌ مُضَارِعٌ مَرْفُوعٌ
1523,1,و( ترغبون ) : فعل مضارع مرفوع,وَ( تَرْغَبُونَ ) : فِعْلٌ مُضَارِعٌ مَرْفُوعٌ
1524,3,و( المستضعفين ) : معطوف على ( يتامى النساء ) : مجرور,وَ( الْمُسْتَضْعَفِينَ ) : مَعْطُوفٌ عَلَى ( يَتَامَى النِّسَاءِ ) : مَجْرُورٌ
1525,3,و( اليتامى ) : اسم مجرور,وَ( الْيَتَامَى ) : اسْمٌ مَجْرُورٌ
1526,1,و( الصلح ) : مبتدأ مرفوع,وَ( الصُّلْحُ ) : مُبْتَدَأٌ مَرْفُوعٌ
1527,4,و( تذروا ) : فعل مضارع مجزوم,وَ( تَذَرُوا ) : فِعْلٌ مُضَارِعٌ مَجْزُومٌ
1528,3,و( المعلقة ) : اسم مجرور,وَ( الْمُعَلَّقَةِ ) : اسْمٌ مَجْرُورٌ
1529,4,و( يأت ) : فعل مضارع مجزوم لأنه معطوف,وَ( يَأْتِ ) : فِعْلٌ مُضَارِعٌ مَجْزُومٌ لِأَنَّهُ مَعْطُوفٌ
1530,3,و( آخرين ) : اسم مجرور,وَ( آخَرِينَ ) : اسْمٌ مَجْرُورٌ
1531,4,فعل مضارع فعل الشرط ناسخ مجزوم,فِعْلٌ مُضَارِعٌ فِعْلُ الشَّرْطِ نَاسِخٌ مَجْزُومٌ
1532,1,و( يبتغون ) : فعل مضارع مرفوع,وَ( يَبْتَغُونَ ) : فِعْلٌ مُضَارِعٌ مَرْفُوعٌ
1533,1,و( يستهزأ ) : فعل مضارع مبني لما لم يسم فاعله مرفوع,وَ( يُسْتَهْزَأُ ) : فِعْلٌ مُضَارِعٌ مَبْنِيٌّ لِمَا لَمْ يُسَمَّ فَاعِلُهُ مَرْفُوعٌ
1534,3,و( الكافرين ) : معطوف مجرور,وَ( الْكَافِرِينَ ) : مَعْطُوفٌ مَجْرُورٌ
1535,4,و( نمنع ) : فعل مضارع معطوف مجزوم,وَ( نَمْنَعْ ) : فِعْلٌ مُضَارِعٌ مَعْطُوفٌ مَجْزُومٌ
1536,2,حال ثالثة منصوب,حَالٌ ثَالِثَةٌ مَنْصُوبٌ
1537,1,و( نكفر ) : فعل مضارع مرفوع,وَ( نَكْفُرُ ) : فِعْلٌ مُضَارِعٌ مَرْفُوعٌ
1538,2,اسم الجلالة مفعول به ثان منصوب,اسْمُ الْجَلَالَةِ مَفْعُولٌ بِهِ ثَانٍ مَنْصُوبٌ
1539,3,و( ميثاق ) : اسم مجرور,وَ( مِيثَاقِ ) : اسْمٌ مَجْرُورٌ
1540,3,و( كفرهم ) : معطوف مجرور,وَ( كُفْرِهِمْ ) : مَعْطُوفٌ مَجْرُورٌ
1541,3,و( قتلهم ) : معطوف مجرور,وَ( قَتْلِهِمْ ) : مَعْطُوفٌ مَجْرُورٌ
1542,3,و( صد ) : اسم مجرور,وَ( صَدِّ ) : اسْمٌ مَجْرُورٌ
1543,3,و( أخذهم ) : معطوف مجرور,وَ( أَخْذِهِمْ ) : مَعْطُوفٌ مَجْرُورٌ
1544,2,"و( المقيمين ) : اسم منصوب على المدح بفعل محذوف تقديره ""…","وَ( الْمُقِيمِينَ ) : اسْمٌ مَنْصُوبٌ عَلَى الْمَدْحِ بِفِعْلٍ مَحْذُوفٍ تَقْدِيرُهُ "" أَمْدَحُ """
1545,1,"و( المؤتون ) : خبر لمبتدإ محذوف تقديره "" هم "" مرفوع","وَ( الْمُؤْتُونَ ) : خَبَرٌ لِمُبْتَدَإٍ مَحْذُوفٍ تَقْدِيرُهُ "" هُمْ "" مَرْفُوعٌ"
1546,1,و( نؤتي ) : فعل مضارع مرفوع,وَ( نُؤْتِي ) : فِعْلٌ مُضَارِعٌ مَرْفُوعٌ
1547,3,و( أيوب ) : معطوف مجرور,وَ( أَيُّوبَ ) : مَعْطُوفٌ مَجْرُورٌ
1548,3,و( يونس ) : معطوف مجرور,وَ( يُونُسَ ) : مَعْطُوفٌ مَجْرُورٌ
1549,3,و( سليمان ) : معطوف مجرور,وَ( سُلَيْمَانَ ) : مَعْطُوفٌ مَجْرُورٌ
1550,2,و( رسلا ) : مفعول به منصوب,وَ( رُسُلًا ) : مَفْعُولٌ بِهِ مَنْصُوبٌ
1551,2,و( رسلا ) : معطوف منصوب,وَ( رُسُلًا ) : مَعْطُوفٌ مَنْصُوبٌ
1552,2,بدل من ( رسلا ) : الأول منصوب,بَدَلٌ مِنْ ( رُسُلًا ) : الْأَوَّلِ مَنْصُوبٌ
1553,2,"خبر لفعل ناسخ مقدر؛ أي: "" يكن الإيمان خيرا "" منصوب","خَبَرٌ لِفِعْلٍ نَاسِخٍ مُقَدَّرٍ؛ أَيْ: "" يَكُنِ الْإِيمَانُ خَيْرًا "" مَنْصُوبٌ"
1554,1,و( كلمت ) : معطوف مرفوع,وَ( كَلِمَتُ ) : مَعْطُوفٌ مَرْفُوعٌ
1555,1,و( روح ) : معطوف مرفوع,وَ( رُوحٌ ) : مَعْطُوفٌ مَرْفُوعٌ
1556,2,"خبر لفعل ناسخ مقدر؛ أي: "" يكن الانتهاء خيرا "" منصوب","خَبَرٌ لِفِعْلٍ نَاسِخٍ مُقَدَّرٍ؛ أَيْ: "" يَكُنِ الانْتِهَاءُ خَيْرًا "" مَنْصُوبٌ"
1557,4,و( يستكبر ) : فعل مضارع معطوف مجزوم,وَ( يَسْتَكْبِرْ ) : فِعْلٌ مُضَارِعٌ مَعْطُوفٌ مَجْزُومٌ
1558,1,و( يحشر ) : فعل مضارع مرفوع,وَ( يَحْشُرُ ) : فِعْلٌ مُضَارِعٌ مَرْفُوعٌ
1559,3,و( فضل ) : معطوف مجرور,وَ( فَضْلٍ ) : مَعْطُوفٌ مَجْرُورٌ
1560,2,بدل من ( إخوة ) : منصوب,بَدَلٌ مِنْ ( إِخْوَةً ) : مَنْصُوبٌ
1561,3,و( العقود ) : اسم مجرور,وَ( الْعُقُودِ ) : اسْمٌ مَجْرُورٌ
1562,4,فعل مضارع حذفت منه إحدى التاءين مجزوم,فِعْلٌ مُضَارِعٌ حُذِفَتْ مِنْهُ إِحْدَى التَّاءَيْنِ مَجْزُومٌ
1563,1,و( الدم ) : معطوف مرفوع,وَ( الدَّمُ ) : مَعْطُوفٌ مَرْفُوعٌ
1564,1,و( لحم ) : معطوف مرفوع,وَ( لَحْمُ ) : مَعْطُوفٌ مَرْفُوعٌ
1565,1,و( المنخنقة ) : معطوف مرفوع,وَ( الْمُنْخَنِقَةُ ) : مَعْطُوفٌ مَرْفُوعٌ
1566,1,و( الموقوذة ) : معطوف مرفوع,وَ( الْمَوْقُوذَةُ ) : مَعْطُوفٌ مَرْفُوعٌ
1567,1,و( المتردية ) : معطوف مرفوع,وَ( الْمُتَرَدِّيَةُ ) : مَعْطُوفٌ مَرْفُوعٌ
1568,1,و( النطيحة ) : معطوف مرفوع,وَ( النَّطِيحَةُ ) : مَعْطُوفٌ مَرْفُوعٌ
1569,3,و( الأزلام ) : اسم مجرور,وَ( الْأَزْلَامِ ) : اسْمٌ مَجْرُورٌ
1570,3,و( إثم ) : اسم مجرور,وَ( إِثْمٍ ) : اسْمٌ مَجْرُورٌ
1571,3,و( رءوس ) : اسم مجرور,وَ( رُءُوسِ ) : اسْمٌ مَجْرُورٌ
1572,2,و( أرجل ) : معطوف على ( وجوه ) : منصوب,وَ( أَرْجُلَ ) : مَعْطُوفٌ عَلَى ( وُجُوهَ ) : مَنْصُوبٌ
1573,2,و( يتم ) : فعل مضارع منصوب بأن مضمرة,وَ( يُتِمَّ ) : فِعْلٌ مُضَارِعٌ مَنْصُوبٌ بِأَنْ مُضْمَرَةٍ
1574,2,و( ميثاق ) : معطوف منصوب,وَ( مِيثَاقَ ) : مَعْطُوفٌ مَنْصُوبٌ
1575,1,و( كتاب ) : معطوف مرفوع,وَ( كِتَابٌ ) : مَعْطُوفٌ مَرْفُوعٌ
1576,1,و( النصارى ) : معطوف مرفوع,وَ( النَّصَارَى ) : مَعْطُوفٌ مَرْفُوعٌ
1577,1,و( أحباؤ ) : معطوف على ( أبناء ) : مرفوع,وَ( أَحِبَّاؤُ ) : مَعْطُوفٌ عَلَى ( أَبْنَاءُ ) : مَرْفُوعٌ
1578,1,و( نذير ) : معطوف مرفوع,وَ( نَذِيرٌ ) : مَعْطُوفٌ مَرْفُوعٌ
1579,4,و( تنقلبوا ) : فعل مضارع مجزوم,وَ( تَنْقَلِبُوا ) : فِعْلٌ مُضَارِعٌ مَجْزُومٌ
1580,2,و( أخ ) : معطوف منصوب,وَ( أَخِ ) : مَعْطُوفٌ مَنْصُوبٌ
1581,2,و( تقتل ) : فعل مضارع منصوب بأن مضمرة,وَ( تَقْتُلَ ) : فِعْلٌ مُضَارِعٌ مَنْصُوبٌ بِأَنْ مُضْمَرَةٍ
1582,2,و( باسط ) : خبر ( ما ) : مجرور لفظا منصوب محلا,وَ( بَاسِطٍ ) : خَبَرُ ( مَا ) : مَجْرُورٌ لَفْظًا مَنْصُوبٌ مَحَلًّا
1583,2,و( أقتل ) : فعل مضارع منصوب بأن مضمرة,وَ( أَقْتُلَ ) : فِعْلٌ مُضَارِعٌ مَنْصُوبٌ بِأَنْ مُضْمَرَةٍ
1584,3,و( إثم ) : اسم مجرور,وَ( إِثْمِ ) : اسْمٌ مَجْرُورٌ
1585,3,و( إثم ) : معطوف مجرور,وَ( إِثْمِ ) : مَعْطُوفٌ مَجْرُورٌ
1586,2,و( ويلتا ) : منادى منصوب لأنه مضاف,وَ( وَيْلَتَا ) : مُنَادًى مَنْصُوبٌ لِأَنَّهُ مُضَافٌ
1587,2,و( أواري ) : فعل مضارع معطوف منصوب,وَ( أُوَارِيَ ) : فِعْلٌ مُضَارِعٌ مَعْطُوفٌ مَنْصُوبٌ
1588,3,معطوف على ( نفس ) : مجرور,مَعْطُوفٌ عَلَى ( نَفْسٍ ) : مَجْرُورٌ
1589,1,و( مسرفون ) : خبر ( إن ) : مرفوع,وَ( مُسْرِفُونَ ) : خَبَرُ ( إِنَّ ) : مَرْفُوعٌ
1590,2,و( مثل ) : معطوف منصوب,وَ( مِثْلَ ) : مَعْطُوفٌ مَنْصُوبٌ
1591,2,و( يفتدوا ) : فعل مضارع منصوب بأن مضمرة,وَ( يَفْتَدُوا ) : فِعْلٌ مُضَارِعٌ مَنْصُوبٌ بِأَنْ مُضْمَرَةٍ
1592,1,و( السارق ) : مبتدأ مرفوع,وَ( السَّارِقُ ) : مُبْتَدَأٌ مَرْفُوعٌ
1593,1,و( السارقة ) : معطوف مرفوع,وَ( السَّارِقَةُ ) : مَعْطُوفٌ مَرْفُوعٌ
1594,3,نعت ( لقوم ) : مجرور,نَعْتٌ ( لِقَوْمٍ ) : مَجْرُورٌ
1595,3,و( السحت ) : اسم مجرور,وَ( السُّحْتِ ) : اسْمٌ مَجْرُورٌ
1596,2,و( عندهم ) : ظرف مكان منصوب,وَ( عِنْدَهُمْ ) : ظَرْفُ مَكَانٍ مَنْصُوبٌ
1597,1,و( الربانيون ) : معطوف مرفوع,وَ( الرَّبَّانِيُّونَ ) : مَعْطُوفٌ مَرْفُوعٌ
1598,2,و( العين ) : معطوف على ( النفس ) : منصوب,وَ( الْعَيْنَ ) : مَعْطُوفٌ عَلَى ( النَّفْسَ ) : مَنْصُوبٌ
1599,3,و( العين ) : اسم مجرور,وَ( الْعَيْنِ ) : اسْمٌ مَجْرُورٌ
1600,2,و( الأنف ) : معطوف على ( العين ) : منصوب,وَ( الْأَنْفَ ) : مَعْطُوفٌ عَلَى ( الْعَيْنَ ) : مَنْصُوبٌ
1601,3,و( الأنف ) : اسم مجرور,وَ( الْأَنْفِ ) : اسْمٌ مَجْرُورٌ
1602,2,و( الأذن ) : معطوف على ( الأنف ) : منصوب,وَ( الْأُذُنَ ) : مَعْطُوفٌ عَلَى ( الْأَنْفَ ) : مَنْصُوبٌ
1603,3,و( الأذن ) : اسم مجرور,وَ( الْأُذُنِ ) : اسْمٌ مَجْرُورٌ
1604,2,و( السن ) : معطوف على ( الأذن ) : منصوب,وَ( السِّنَّ ) : مَعْطُوفٌ عَلَى ( الْأُذُنَ ) : مَنْصُوبٌ
1605,3,و( السن ) : اسم مجرور,وَ( السِّنِّ ) : اسْمٌ مَجْرُورٌ
1606,2,و( الجروح ) : معطوف على ( السن ) : منصوب,وَ( الْجُرُوحَ ) : مَعْطُوفٌ عَلَى ( السِّنَّ ) : مَنْصُوبٌ
1607,2,و( مصدقا ) : معطوف منصوب,وَ( مُصَدِّقًا ) : مَعْطُوفٌ مَنْصُوبٌ
1608,2,و( هدى ) : معطوف على ( مصدقا ) : منصوب,وَ( هُدًى ) : مَعْطُوفٌ عَلَى ( مُصَدِّقًا ) : مَنْصُوبٌ
1609,2,و( موعظة ) : معطوف على ( مصدقا ) : منصوب,وَ( مَوْعِظَةً ) : مَعْطُوفٌ عَلَى ( مُصَدِّقًا ) : مَنْصُوبٌ
1610,4,و( يحكم ) : فعل مضارع مجزوم,وَ( يَحْكُمْ ) : فِعْلٌ مُضَارِعٌ مَجْزُومٌ
1611,2,و( مهيمنا ) : معطوف على ( مصدقا ) : منصوب,وَ( مُهَيْمِنًا ) : مَعْطُوفٌ عَلَى ( مُصَدِّقًا ) : مَنْصُوبٌ
1612,2,و( منهاجا ) : معطوف منصوب,وَ( مِنْهَاجًا ) : مَعْطُوفٌ مَنْصُوبٌ
1613,1,و( فاسقون ) : خبر ( إن ) : مرفوع,وَ( فَاسِقُونَ ) : خَبَرُ ( إِنَّ ) : مَرْفُوعٌ
1614,2,و( حكم ) : مفعول به مقدم منصوب,وَ( حُكْمَ ) : مَفْعُولٌ بِهِ مُقَدَّمٌ مَنْصُوبٌ
1615,3,و( الفتح ) : اسم مجرور,وَ( الْفَتْحِ ) : اسْمٌ مَجْرُورٌ
1616,2,و( يصبحوا ) : فعل مضارع معطوف ناسخ منصوب,وَ( يُصْبِحُوا ) : فِعْلٌ مُضَارِعٌ مَعْطُوفٌ نَاسِخٌ مَنْصُوبٌ
1617,3,نعت ثان ل( قوم ) : مجرور,نَعْتٌ ثَانٍ لِـ( قَوْمٍ ) : مَجْرُورٌ
1618,2,و( الكفار ) : معطوف على ( الذين ) : الأولى منصوب,وَ( الْكُفَّارَ ) : مَعْطُوفٌ عَلَى ( الَّذِينَ ) : الْأُولَى مَنْصُوبٌ
1619,2,و( الخنازير ) : معطوف منصوب,وَ( الْخَنَازِيرَ ) : مَعْطُوفٌ مَنْصُوبٌ
1620,3,و( الحرب ) : اسم مجرور,وَ( الْحَرْبِ ) : اسْمٌ مَجْرُورٌ
1621,1,و( الصابئون ) : مبتدأ مرفوع,وَ( الصَّابِئُونَ ) : مُبْتَدَأٌ مَرْفُوعٌ
1622,1,"وخبره محذوف تقديره "" كذلك "" دل عليه خبر ( إن ) : مرفوع","وَخَبَرُهُ مَحْذُوفٌ تَقْدِيرُهُ "" كَذَلِكَ "" دَلَّ عَلَيْهِ خَبَرُ ( إِنَّ ) : مَرْفُوعٌ"
1623,2,فعل مضارع تام منصوب,فِعْلٌ مُضَارِعٌ تَامٌّ مَنْصُوبٌ
1624,2,بدل من اسم الجلالة منصوب,بَدَلٌ مِنَ اسْمِ الْجَلَالَةِ مَنْصُوبٌ
1625,3,و( النبي ) : معطوف مجرور,وَ( النَّبِيِّ ) : مَعْطُوفٌ مَجْرُورٌ
1626,2,و( رهبانا ) : معطوف منصوب,وَ( رُهْبَانًا ) : مَعْطُوفٌ مَنْصُوبٌ
1627,1,و( نطمع ) : فعل مضارع مرفوع,وَ( نَطْمَعُ ) : فِعْلٌ مُضَارِعٌ مَرْفُوعٌ
1628,1,و( كفارت ) : مبتدأ مرفوع,وَ( كَفَّارَتُ ) : مُبْتَدَأٌ مَرْفُوعٌ
1629,1,"و( صيام ) : خبر لمبتدإ محذوف تقديره "" كفارته "" مرفوع","وَ( صِيَامُ ) : خَبَرٌ لِمُبْتَدَإٍ مَحْذُوفٍ تَقْدِيرُهُ "" كَفَّارَتُهُ "" مَرْفُوعٌ"
1630,1,و( الميسر ) : معطوف مرفوع,وَ( الْمَيْسِرُ ) : مَعْطُوفٌ مَرْفُوعٌ
1631,1,و( الأنصاب ) : معطوف مرفوع,وَ( الْأَنْصَابُ ) : مَعْطُوفٌ مَرْفُوعٌ
1632,1,و( الأزلام ) : معطوف مرفوع,وَ( الْأَزْلَامُ ) : مَعْطُوفٌ مَرْفُوعٌ
1633,2,و( يصد ) : فعل مضارع معطوف منصوب,وَ( يَصُدَّ ) : فِعْلٌ مُضَارِعٌ مَعْطُوفٌ مَنْصُوبٌ
1634,1,و( رماح ) : معطوف مرفوع,وَ( رِمَاحُ ) : مَعْطُوفٌ مَرْفُوعٌ
1635,1,و( جزاء ) : مبتدأ مرفوع,وَ( جَزَاءٌ ) : مُبْتَدَأٌ مَرْفُوعٌ
1636,2,و( يذوق ) : فعل مضارع منصوب بأن مضمرة,وَ( يَذُوقَ ) : فِعْلٌ مُضَارِعٌ مَنْصُوبٌ بِأَنْ مُضْمَرَةٍ
1637,1,و( ينتقم ) : فعل مضارع مرفوع,وَ( يَنْتَقِمُ ) : فِعْلٌ مُضَارِعٌ مَرْفُوعٌ
1638,1,و( طعام ) : معطوف على ( صيد ) : مرفوع,وَ( طَعَامُ ) : مَعْطُوفٌ عَلَى ( صَيْدُ ) : مَرْفُوعٌ
1639,3,و( السيارة ) : اسم مجرور,وَ( السَّيَّارَةِ ) : اسْمٌ مَجْرُورٌ
1640,2,و( الشهر ) : معطوف على ( الكعبة ) : منصوب,وَ( الشَّهْرَ ) : مَعْطُوفٌ عَلَى ( الْكَعْبَةِ ) : مَنْصُوبٌ
1641,2,و( الهدي ) : معطوف على ( الشهر ) : منصوب,وَ( الْهَدْيَ ) : مَعْطُوفٌ عَلَى ( الشَّهْرَ ) : مَنْصُوبٌ
1642,2,و( القلائد ) : معطوف على ( الهدي ) : منصوب,وَ( الْقَلَائِدَ ) : مَعْطُوفٌ عَلَى ( الْهَدْيَ ) : مَنْصُوبٌ
1643,1,و( الطيب ) : معطوف مرفوع,وَ( الطَّيِّبُ ) : مَعْطُوفٌ مَرْفُوعٌ
1644,2,معطوف على ( بحيرة ) : مجرور لفظا منصوب محلا,مَعْطُوفٌ عَلَى ( بَحِيرَةٍ ) : مَجْرُورٌ لَفْظًا مَنْصُوبٌ مَحَلًّا
1645,2,معطوف على ( سائبة ) : مجرور لفظا منصوب محلا,مَعْطُوفٌ عَلَى ( سَائِبَةٍ ) : مَجْرُورٌ لَفْظًا مَنْصُوبٌ مَحَلًّا
1646,2,معطوف على ( وصيلة ) : مجرور لفظا منصوب محلا,مَعْطُوفٌ عَلَى ( وَصِيلَةٍ ) : مَجْرُورٌ لَفْظًا مَنْصُوبٌ مَحَلًّا
1647,1,"خبر للمبتدإ ( شهادة ) : على حذف مضاف؛ أي: "" شهادة اثنين…","خَبَرٌ لِلْمُبْتَدَإِ ( شَهَادَةُ ) : عَلَى حَذْفِ مُضَافٍ؛ أَيْ: "" شَهَادَةُ اثْنَيْنِ "" مَرْفُوعٌ"
1648,1,معطوف على ( اثنان ) : مرفوع,مَعْطُوفٌ عَلَى ( اثْنَانِ ) : مَرْفُوعٌ
1649,1,"و( آخران ) : خبر لمبتدإ محذوف تقديره "" الشاهدان "" مرفوع","وَ( آخَرَانِ ) : خَبَرٌ لِمُبْتَدَإٍ مَحْذُوفٍ تَقْدِيرُهُ "" الشَّاهِدَانِ "" مَرْفُوعٌ"
1650,1,و( شهادت ) : مبتدأ مرفوع,وَ( شَهَادَتُ ) : مُبْتَدَأٌ مَرْفُوعٌ
1651,2,و( كهلا ) : معطوف منصوب,وَ( كَهْلًا ) : مَعْطُوفٌ مَنْصُوبٌ
1652,1,و( تنفخ ) : فعل مضارع مرفوع,وَ( تَنْفُخُ ) : فِعْلٌ مُضَارِعٌ مَرْفُوعٌ
1653,1,و( تبرئ ) : فعل مضارع مرفوع,وَ( تُبْرِئُ ) : فِعْلٌ مُضَارِعٌ مَرْفُوعٌ
1654,2,و( تطمئن ) : فعل مضارع معطوف منصوب,وَ( تَطْمَئِنَّ ) : فِعْلٌ مُضَارِعٌ مَعْطُوفٌ مَنْصُوبٌ
1655,2,و( نعلم ) : فعل مضارع معطوف منصوب,وَ( نَعْلَمَ ) : فِعْلٌ مُضَارِعٌ مَعْطُوفٌ مَنْصُوبٌ
1656,2,و( نكون ) : فعل مضارع معطوف ناسخ منصوب,وَ( نَكُونَ ) : فِعْلٌ مُضَارِعٌ مَعْطُوفٌ نَاسِخٌ مَنْصُوبٌ
1657,3,و( آخر ) : معطوف مجرور,وَ( آخِرِ ) : مَعْطُوفٌ مَجْرُورٌ
1658,2,و( آية ) : معطوف على ( عيدا ) : منصوب,وَ( آيَةً ) : مَعْطُوفٌ عَلَى ( عِيدًا ) : مَنْصُوبٌ
1659,2,و( أم ) : معطوف منصوب,وَ( أُمِّ ) : مَعْطُوفٌ مَنْصُوبٌ
1660,3,و( حق ) : اسم مجرور,وَ( حَقٍّ ) : اسْمٌ مَجْرُورٌ
1661,2,و( النور ) : معطوف منصوب,وَ( النُّورَ ) : مَعْطُوفٌ مَنْصُوبٌ
1662,1,و( أجل ) : مبتدأ مرفوع,وَ( أَجَلٌ ) : مُبْتَدَأٌ مَرْفُوعٌ
1663,2,و( جهر ) : معطوف منصوب,وَ( جَهْرَ ) : مَعْطُوفٌ مَنْصُوبٌ
1664,2,و( أنذر ) : فعل مضارع منصوب بأن مضمرة,وَ( أُنْذِرَ ) : فِعْلٌ مُضَارِعٌ مَنْصُوبٌ بِأَنْ مُضْمَرَةٍ
1665,1,و( تشهدون ) : فعل مضارع مرفوع,وَ( تَشْهَدُونَ ) : فِعْلٌ مُضَارِعٌ مَرْفُوعٌ
1666,2,مفعول به لفعل محذوف منصوب,مَفْعُولٌ بِهِ لِفِعْلٍ مَحْذُوفٍ مَنْصُوبٌ
1667,1,و( ينأون ) : فعل مضارع مرفوع,وَ( يَنْأَوْنَ ) : فِعْلٌ مُضَارِعٌ مَرْفُوعٌ
1668,2,و( نكون ) : فعل مضارع معطوف منصوب بأن المضمرة,وَ( نَكُونَ ) : فِعْلٌ مُضَارِعٌ مَعْطُوفٌ مَنْصُوبٌ بِأَنِ الْمُضْمَرَةِ
1669,2,و( الحق ) : خبر ليس مجرور لفظا منصوب محلا,وَ( الْحَقُّ ) : خَبَرُ لَيْسَ مَجْرُورٌ لَفْظًا مَنْصُوبٌ مَحَلًّا
1670,2,و( حسرتنا ) : منادى منصوب,وَ( حَسْرَتَنَا ) : مُنَادًى مَنْصُوبٌ
1671,2,و( تأتي ) : فعل مضارع معطوف منصوب,وَ( تَأْتِيَ ) : فِعْلٌ مُضَارِعٌ مَعْطُوفٌ مَنْصُوبٌ
1672,1,و( الموتى ) : مبتدأ مرفوع,وَ( الْمَوْتَى ) : مُبْتَدَأٌ مَرْفُوعٌ
1673,3,و( جناحي ) : اسم مجرور,وَ( جَنَاحَيْ ) : اسْمٌ مَجْرُورٌ
1674,1,و( بكم ) : معطوف مرفوع,وَ( بُكْمٌ ) : مَعْطُوفٌ مَرْفُوعٌ
1675,2,و( أبصار ) : معطوف منصوب,وَ( أَبْصَارَ ) : مَعْطُوفٌ مَنْصُوبٌ
1676,1,اسم ( لا ) : مؤخر مجرور لفظا مرفوع محلا,اسْمُ ( لَا ) : مُؤَخَّرٌ مَجْرُورٌ لَفْظًا مَرْفُوعٌ مَحَلًّا
1677,2,و( تطرد ) : فعل مضارع منصوب بأن مضمرة,وَ( تَطْرُدَ ) : فِعْلٌ مُضَارِعٌ مَنْصُوبٌ بِأَنْ مُضْمَرَةٍ
1678,2,و( أعلم ) : خبر ليس مجرور لفظا منصوب محلا,وَ( أَعْلَمُ ) : خَبَرُ لَيْسَ مَجْرُورٌ لَفْظًا مَنْصُوبٌ مَحَلًّا
1679,3,و( الشاكرين ) : اسم مجرور,وَ( الشَّاكِرِينَ ) : اسْمٌ مَجْرُورٌ
1680,2,و( تستبين ) : فعل مضارع منصوب بأن مضمرة,وَ( تَسْتَبِينَ ) : فِعْلٌ مُضَارِعٌ مَنْصُوبٌ بِأَنْ مُضْمَرَةٍ
1681,2,و( يقضى ) : فعل مضارع مبني لما لم يسم فاعله منصوب بأن م…,وَ( يُقْضَى ) : فِعْلٌ مُضَارِعٌ مَبْنِيٌّ لِمَا لَمْ يُسَمَّ فَاعِلُهُ مَنْصُوبٌ بِأَنْ مُضْمَرَةٍ
1682,2,و( يذيق ) : فعل مضارع معطوف منصوب,وَ( يُذِيقَ ) : فِعْلٌ مُضَارِعٌ مَعْطُوفٌ مَنْصُوبٌ
1683,2,و( وكيل ) : خبر ليس مجرور لفظا منصوب محلا,وَ( وَكِيلٍ ) : خَبَرُ لَيْسَ مَجْرُورٌ لَفْظًا مَنْصُوبٌ مَحَلًّا
1684,2,و( لهوا ) : معطوف منصوب,وَ( لَهْوًا ) : مَعْطُوفٌ مَنْصُوبٌ
1685,1,و( ندعوا ) : فعل مضارع مرفوع,وَ( نَدْعُوا ) : فِعْلٌ مُضَارِعٌ مَرْفُوعٌ
1686,1,و( نرد ) : فعل مضارع مبني لما لم يسم فاعله مرفوع,وَ( نُرَدُّ ) : فِعْلٌ مُضَارِعٌ مَبْنِيٌّ لِمَا لَمْ يُسَمَّ فَاعِلُهُ مَرْفُوعٌ
1687,2,و( نسلم ) : فعل مضارع منصوب بأن مضمرة,وَ( نُسْلِمَ ) : فِعْلٌ مُضَارِعٌ مَنْصُوبٌ بِأَنْ مُضْمَرَةٍ
1688,3,و( الأمن ) : اسم مجرور,وَ( الْأَمْنِ ) : اسْمٌ مَجْرُورٌ
1689,2,تمييز مقدم منصوب,تَمْيِيزٌ مُقَدَّمٌ مَنْصُوبٌ
1690,2,و( نوحا ) : مفعول به مقدم منصوب,وَ( نُوحًا ) : مَفْعُولٌ بِهِ مُقَدَّمٌ مَنْصُوبٌ
1691,2,و( أيوب ) : معطوف منصوب,وَ( أَيُّوبَ ) : مَعْطُوفٌ مَنْصُوبٌ
1692,2,و( يوسف ) : معطوف منصوب,وَ( يُوسُفَ ) : مَعْطُوفٌ مَنْصُوبٌ
1693,2,و( موسى ) : معطوف منصوب,وَ( مُوسَى ) : مَعْطُوفٌ مَنْصُوبٌ
1694,2,و( زكريا ) : معطوف منصوب,وَ( زَكَرِيَّا ) : مَعْطُوفٌ مَنْصُوبٌ
1695,2,و( يحيى ) : معطوف منصوب,وَ( يَحْيَى ) : مَعْطُوفٌ مَنْصُوبٌ
1696,2,و( عيسى ) : معطوف منصوب,وَ( عِيسَى ) : مَعْطُوفٌ مَنْصُوبٌ
1697,2,و( إلياس ) : معطوف منصوب,وَ( إِلْيَاسَ ) : مَعْطُوفٌ مَنْصُوبٌ
1698,2,و( يونس ) : معطوف منصوب,وَ( يُونُسَ ) : مَعْطُوفٌ مَنْصُوبٌ
1699,3,و( إخوانهم ) : معطوف مجرور,وَ( إِخْوَانِهِمْ ) : مَعْطُوفٌ مَجْرُورٌ
1700,2,و( كافرين ) : خبر ليس مجرور لفظا منصوب محلا,وَ( كَافِرِينَ ) : خَبَرُ لَيْسَ مَجْرُورٌ لَفْظًا مَنْصُوبٌ مَحَلًّا
1701,3,و( هدا ) : اسم مجرور,وَ( هُدَا ) : اسْمٌ مَجْرُورٌ
1702,1,و( تخفون ) : فعل مضارع مرفوع,وَ( تُخْفُونَ ) : فِعْلٌ مُضَارِعٌ مَرْفُوعٌ
1703,1,و( أنزل ) : فعل مضارع مرفوع,وَ( أُنْزِلُ ) : فِعْلٌ مُضَارِعٌ مَرْفُوعٌ
1704,3,و( النوى ) : معطوف مجرور,وَ( النَّوَى ) : مَعْطُوفٌ مَجْرُورٌ
1705,1,و( مخرج ) : خبر مرفوع,وَ( مُخْرِجُ ) : خَبَرٌ مَرْفُوعٌ
1706,2,و( الشمس ) : معطوف على ( الليل ) : منصوب,وَ( الشَّمْسَ ) : مَعْطُوفٌ عَلَى ( اللَّيْلَ ) : مَنْصُوبٌ
1707,2,و( القمر ) : معطوف على ( الشمس ) : منصوب,وَ( الْقَمَرَ ) : مَعْطُوفٌ عَلَى ( الشَّمْسَ ) : مَنْصُوبٌ
1708,2,معطوف على ( سكنا ) : منصوب,مَعْطُوفٌ عَلَى ( سَكَنًا ) : مَنْصُوبٌ
1709,2,و( تهتدوا ) : فعل مضارع منصوب بأن مضمرة,وَ( تَهْتَدُوا ) : فِعْلٌ مُضَارِعٌ مَنْصُوبٌ بِأَنْ مُضْمَرَةٍ
1710,1,و( مستقر ) : مبتدأ مرفوع,وَ( مُسْتَقَرٌّ ) : مُبْتَدَأٌ مَرْفُوعٌ
1711,1,و( مستودع ) : معطوف مرفوع,وَ( مُسْتَوْدَعٌ ) : مَعْطُوفٌ مَرْفُوعٌ
1712,2,و( جنات ) : معطوف على ( خضرا ) : منصوب,وَ( جَنَّاتٍ ) : مَعْطُوفٌ عَلَى ( خَضِرًا ) : مَنْصُوبٌ
1713,3,و( ينع ) : معطوف مجرور,وَ( يَنْعِ ) : مَعْطُوفٌ مَجْرُورٌ
1714,2,و( بنات ) : معطوف منصوب,وَ( بَنَاتٍ ) : مَعْطُوفٌ مَنْصُوبٌ
1715,2,و( يسبوا ) : فعل مضارع منصوب بأن مضمرة,وَ( يَسُبُّوا ) : فِعْلٌ مُضَارِعٌ مَنْصُوبٌ بِأَنْ مُضْمَرَةٍ
1716,1,و( يؤمنن ) : فعل مضارع مرفوع,وَ( يُؤْمِنُنَّ ) : فِعْلٌ مُضَارِعٌ مَرْفُوعٌ
1717,2,و( أبصارهم ) : معطوف منصوب,وَ( أَبْصَارَهُمْ ) : مَعْطُوفٌ مَنْصُوبٌ
1718,3,و( الجن ) : معطوف مجرور,وَ( الْجِنِّ ) : مَعْطُوفٌ مَجْرُورٌ
1719,2,و( تصغى ) : فعل مضارع منصوب بأن مضمرة,وَ( تَصْغَى ) : فِعْلٌ مُضَارِعٌ مَنْصُوبٌ بِأَنْ مُضْمَرَةٍ
1720,2,و( يرضوا ) : فعل مضارع منصوب بأن مضمرة,وَ( يَرْضَوْا ) : فِعْلٌ مُضَارِعٌ مَنْصُوبٌ بِأَنْ مُضْمَرَةٍ
1721,2,و( يقترفوا ) : فعل مضارع منصوب بأن مضمرة,وَ( يَقْتَرِفُوا ) : فِعْلٌ مُضَارِعٌ مَنْصُوبٌ بِأَنْ مُضْمَرَةٍ
1722,2,و( عدلا ) : معطوف منصوب,وَ( عَدْلًا ) : مَعْطُوفٌ مَنْصُوبٌ
1723,1,و( يضلون ) : فعل مضارع مرفوع,وَ( يُضِلُّونَ ) : فِعْلٌ مُضَارِعٌ مَرْفُوعٌ
1724,3,و( أهواء ) : اسم مجرور,وَ( أَهْوَاءِ ) : اسْمٌ مَجْرُورٌ
1725,3,و( المعتدين ) : اسم مجرور,وَ( الْمُعْتَدِينَ ) : اسْمٌ مَجْرُورٌ
1726,2,و( باطن ) : معطوف منصوب,وَ( بَاطِنَ ) : مَعْطُوفٌ مَنْصُوبٌ
1727,1,و( فسق ) : خبر ( إن ) : مرفوع,وَ( فِسْقٌ ) : خَبَرُ ( إِنَّ ) : مَرْفُوعٌ
1728,1,و( يوحون ) : فعل مضارع مرفوع,وَ( يُوحُونَ ) : فِعْلٌ مُضَارِعٌ مَرْفُوعٌ
1729,2,و( يجادلوا ) : فعل مضارع منصوب بأن مضمرة,وَ( يُجَادِلُوا ) : فِعْلٌ مُضَارِعٌ مَنْصُوبٌ بِأَنْ مُضْمَرَةٍ
1730,1,و( مشركون ) : خبر ( إن ) : مرفوع,وَ( مُشْرِكُونَ ) : خَبَرُ ( إِنَّ ) : مَرْفُوعٌ
1731,2,و( خارج ) : خبر ليس مجرور لفظا منصوب محلا,وَ( خَارِجٍ ) : خَبَرُ لَيْسَ مَجْرُورٌ لَفْظًا مَنْصُوبٌ مَحَلًّا
1732,2,و( يمكروا ) : فعل مضارع منصوب بأن مضمرة,وَ( يَمْكُرُوا ) : فِعْلٌ مُضَارِعٌ مَنْصُوبٌ بِأَنْ مُضْمَرَةٍ
1733,4,و( يستخلف ) : فعل مضارع معطوف مجزوم,وَ( يَسْتَخْلِفْ ) : فِعْلٌ مُضَارِعٌ مَعْطُوفٌ مَجْزُومٌ
1734,3,و( كثير ) : اسم مجرور,وَ( كَثِيرٍ ) : اسْمٌ مَجْرُورٌ
1735,2,و( يردوا ) : فعل مضارع منصوب بأن مضمرة,وَ( يُرْدُوا ) : فِعْلٌ مُضَارِعٌ مَنْصُوبٌ بِأَنْ مُضْمَرَةٍ
1736,2,و( يلبسوا ) : فعل مضارع منصوب بأن مضمرة,وَ( يَلْبِسُوا ) : فِعْلٌ مُضَارِعٌ مَنْصُوبٌ بِأَنْ مُضْمَرَةٍ
1737,1,و( حرث ) : معطوف مرفوع,وَ( حَرْثٌ ) : مَعْطُوفٌ مَرْفُوعٌ
1738,3,و( ذكور ) : اسم مجرور,وَ( ذُكُورِ ) : اسْمٌ مَجْرُورٌ
1739,1,و( محرم ) : معطوف مرفوع,وَ( مُحَرَّمٌ ) : مَعْطُوفٌ مَرْفُوعٌ
1740,2,و( الزرع ) : معطوف منصوب,وَ( الزَّرْعَ ) : مَعْطُوفٌ مَنْصُوبٌ
1741,2,و( فرشا ) : معطوف منصوب,وَ( فَرْشًا ) : مَعْطُوفٌ مَنْصُوبٌ
1742,2,و( الذكرين ) : مفعول به منصوب,وَ( الذَّكَرَيْنِ ) : مَفْعُولٌ بِهِ مَنْصُوبٌ
1743,2,و( الذكرين ) : مفعول به مقدم منصوب,وَ( الذَّكَرَيْنِ ) : مَفْعُولٌ بِهِ مُقَدَّمٌ مَنْصُوبٌ
1744,3,و( الغنم ) : معطوف مجرور,وَ( الْغَنَمِ ) : مَعْطُوفٌ مَجْرُورٌ
1745,3,و( عظم ) : اسم مجرور,وَ( عَظْمٍ ) : اسْمٌ مَجْرُورٌ
1746,3,و( بغي ) : اسم مجرور,وَ( بَغْيِ ) : اسْمٌ مَجْرُورٌ
1747,4,فعل مضارع مجزوم في جواب الشرط,فِعْلٌ مُضَارِعٌ مَجْزُومٌ فِي جَوَابِ الشَّرْطِ
1748,2,و( تفرق ) : فعل مضارع منصوب بأن مضمرة,وَ( تَفَرَّقَ ) : فِعْلٌ مُضَارِعٌ مَنْصُوبٌ بِأَنْ مُضْمَرَةٍ
1749,2,و( نسك ) : معطوف منصوب,وَ( نُسُكِ ) : مَعْطُوفٌ مَنْصُوبٌ
1750,2,و( محيا ) : معطوف منصوب,وَ( مَحْيَا ) : مَعْطُوفٌ مَنْصُوبٌ
1751,2,و( ممات ) : معطوف منصوب,وَ( مَمَاتِ ) : مَعْطُوفٌ مَنْصُوبٌ
1752,2,و( ذكرى ) : خبر لفعل ناسخ محذوف منصوب,وَ( ذِكْرَى ) : خَبَرٌ لِفِعْلٍ نَاسِخٍ مَحْذُوفٍ مَنْصُوبٌ
1753,1,و( الوزن ) : مبتدأ مرفوع,وَ( الْوَزْنُ ) : مُبْتَدَأٌ مَرْفُوعٌ
1754,1,و( زوج ) : معطوف مرفوع,وَ( زَوْجُ ) : مَعْطُوفٌ مَرْفُوعٌ
1755,2,و( يبدي ) : فعل مضارع منصوب بأن مضمرة,وَ( يُبْدِيَ ) : فِعْلٌ مُضَارِعٌ مَنْصُوبٌ بِأَنْ مُضْمَرَةٍ
1756,3,و( غرور ) : اسم مجرور,وَ( غُرُورٍ ) : اسْمٌ مَجْرُورٌ
1757,4,و( أقل ) : فعل مضارع معطوف مجزوم,وَ( أَقُلْ ) : فِعْلٌ مُضَارِعٌ مَعْطُوفٌ مَجْزُومٌ
1758,4,و( ترحم ) : فعل مضارع معطوف مجزوم,وَ( تَرْحَمْ ) : فِعْلٌ مُضَارِعٌ مَعْطُوفٌ مَجْزُومٌ
1759,2,و( ريشا ) : معطوف منصوب,وَ( رِيشًا ) : مَعْطُوفٌ مَنْصُوبٌ
1760,1,و( لباس ) : مبتدأ مرفوع,وَ( لِبَاسُ ) : مُبْتَدَأٌ مَرْفُوعٌ
1761,2,و( يري ) : فعل مضارع منصوب بأن مضمرة,وَ( يُرِي ) : فِعْلٌ مُضَارِعٌ مَنْصُوبٌ بِأَنْ مُضْمَرَةٍ
1762,1,و( قبيل ) : معطوف مرفوع,وَ( قَبِيلُ ) : مَعْطُوفٌ مَرْفُوعٌ
1763,2,و( فريقا ) : مفعول به منصوب,وَ( فَرِيقًا ) : مَفْعُولٌ بِهِ مَنْصُوبٌ
1764,2,و( الطيبات ) : معطوف منصوب,وَ( الطَّيِّبَاتَ ) : مَعْطُوفٌ مَنْصُوبٌ
1765,2,و( الإثم ) : معطوف منصوب,وَ( الْإِثْمَ ) : مَعْطُوفٌ مَنْصُوبٌ
1766,2,و( البغي ) : معطوف منصوب,وَ( الْبَغْيَ ) : مَعْطُوفٌ مَنْصُوبٌ
1767,3,و( أولا ) : اسم مجرور,وَ( أُولَا ) : اسْمٌ مَجْرُورٌ
1768,3,و( أخرا ) : اسم مجرور,وَ( أُخْرَا ) : اسْمٌ مَجْرُورٌ
1769,2,و( نهتدي ) : فعل مضارع منصوب بأن مضمرة,وَ( نَهْتَدِيَ ) : فِعْلٌ مُضَارِعٌ مَنْصُوبٌ بِأَنْ مُضْمَرَةٍ
1770,2,و( بين ) : ظرف مكان منصوب,وَ( بَيْنَ ) : ظَرْفُ مَكَانٍ مَنْصُوبٌ
1771,2,و( يشفعوا ) : فعل مضارع منصوب بأن مضمرة,وَ( يَشْفَعُوا ) : فِعْلٌ مُضَارِعٌ مَنْصُوبٌ بِأَنْ مُضْمَرَةٍ
1772,2,و( نعمل ) : فعل مضارع منصوب بأن مضمرة,وَ( نَعْمَلَ ) : فِعْلٌ مُضَارِعٌ مَنْصُوبٌ بِأَنْ مُضْمَرَةٍ
1773,2,و( النجوم ) : معطوف منصوب,وَ( النُّجُومَ ) : مَعْطُوفٌ مَنْصُوبٌ
1774,1,و( الأمر ) : معطوف مرفوع,وَ( الْأَمْرُ ) : مَعْطُوفٌ مَرْفُوعٌ
1775,3,و( بلد ) : اسم مجرور,وَ( بَلَدٍ ) : اسْمٌ مَجْرُورٌ
1776,1,و( البلد ) : مبتدأ مرفوع,وَ( الْبَلَدُ ) : مُبْتَدَأٌ مَرْفُوعٌ
1777,1,نعت ل( إله ) : على المحل مرفوع,نَعْتٌ لِـ( إِلَهٌ ) : عَلَى الْمَحَلِّ مَرْفُوعٌ
1778,1,و( أنصح ) : فعل مضارع مرفوع,وَ( أَنْصَحُ ) : فِعْلٌ مُضَارِعٌ مَرْفُوعٌ
1779,2,و( تتقوا ) : فعل مضارع منصوب بأن مضمرة,وَ( تَتَّقُوا ) : فِعْلٌ مُضَارِعٌ مَنْصُوبٌ بِأَنْ مُضْمَرَةٍ
1780,1,و( نظن ) : فعل مضارع مرفوع,وَ( نَظُنُّ ) : فِعْلٌ مُضَارِعٌ مَرْفُوعٌ
1781,2,و( نعبد ) : فعل مضارع منصوب بأن مضمرة,وَ( نَعْبُدَ ) : فِعْلٌ مُضَارِعٌ مَنْصُوبٌ بِأَنْ مُضْمَرَةٍ
1782,2,و( نذر ) : فعل مضارع منصوب,وَ( نَذَرَ ) : فِعْلٌ مُضَارِعٌ مَنْصُوبٌ
1783,1,و( غضب ) : معطوف مرفوع,وَ( غَضَبٌ ) : مَعْطُوفٌ مَرْفُوعٌ
1784,1,و( تجادلون ) : فعل مضارع مرفوع,وَ( تُجَادِلُونَ ) : فِعْلٌ مُضَارِعٌ مَرْفُوعٌ
1785,1,و( تصدون ) : فعل مضارع مرفوع,وَ( تَصُدُّونَ ) : فِعْلٌ مُضَارِعٌ مَرْفُوعٌ
1786,1,و( تبغون ) : فعل مضارع مرفوع,وَ( تَبْغُونَ ) : فِعْلٌ مُضَارِعٌ مَرْفُوعٌ
1787,1,و( طائفة ) : معطوف مرفوع,وَ( طَائِفَةٌ ) : مَعْطُوفٌ مَرْفُوعٌ
1788,1,و( نطبع ) : فعل مضارع مرفوع,وَ( نَطْبَعُ ) : فِعْلٌ مُضَارِعٌ مَرْفُوعٌ
1789,3,و( أكثر ) : اسم مجرور,وَ( أَكْثَرِ ) : اسْمٌ مَجْرُورٌ
1790,2,و( فاسقين ) : مفعول به ثان منصوب,وَ( فَاسِقِينَ ) : مَفْعُولٌ بِهِ ثَانٍ مَنْصُوبٌ
1791,3,و( ملإ ) : معطوف مجرور,وَ( مَلَإِ ) : مَعْطُوفٌ مَجْرُورٌ
1792,1,و( مكر ) : خبر ( إن ) : مرفوع,وَ( مَكْرٌ ) : خَبَرُ ( إِنَّ ) : مَرْفُوعٌ
1793,1,و( تذر ) : فعل مضارع مرفوع,وَ( تَذَرُ ) : فِعْلٌ مُضَارِعٌ مَرْفُوعٌ
1794,2,و( يفسدوا ) : فعل مضارع منصوب بأن مضمرة,وَ( يُفْسِدُوا ) : فِعْلٌ مُضَارِعٌ مَنْصُوبٌ بِأَنْ مُضْمَرَةٍ
1795,2,و( يذر ) : فعل مضارع معطوف منصوب بأن مضمرة,وَ( يَذَرَ ) : فِعْلٌ مُضَارِعٌ مَعْطُوفٌ مَنْصُوبٌ بِأَنْ مُضْمَرَةٍ
1796,2,و( آلهت ) : معطوف منصوب,وَ( آلِهَتَ ) : مَعْطُوفٌ مَنْصُوبٌ
1797,1,و( نقتل ) : فعل مضارع مرفوع,وَ( نُقَتِّلُ ) : فِعْلٌ مُضَارِعٌ مَرْفُوعٌ
1798,1,و( نستحيي ) : فعل مضارع مرفوع,وَ( نَسْتَحْيِي ) : فِعْلٌ مُضَارِعٌ مَرْفُوعٌ
1799,2,و( يستخلف ) : فعل مضارع معطوف منصوب,وَ( يَسْتَخْلِفَ ) : فِعْلٌ مُضَارِعٌ مَعْطُوفٌ مَنْصُوبٌ
1800,2,و( ينظر ) : فعل مضارع معطوف منصوب,وَ( يَنْظُرَ ) : فِعْلٌ مُضَارِعٌ مَعْطُوفٌ مَنْصُوبٌ
1801,3,و( السنين ) : اسم مجرور,وَ( السِّنِينَ ) : اسْمٌ مَجْرُورٌ
1802,2,و( تسحر ) : فعل مضارع منصوب بأن مضمرة,وَ( تَسْحَرَ ) : فِعْلٌ مُضَارِعٌ مَنْصُوبٌ بِأَنْ مُضْمَرَةٍ
1803,2,و( مؤمنين ) : خبر كان مجرور لفظا منصوب محلا,وَ( مُؤْمِنِينَ ) : خَبَرُ كَانَ مَجْرُورٌ لَفْظًا مَنْصُوبٌ مَحَلًّا
1804,2,و( الجراد ) : معطوف منصوب,وَ( الْجَرَادَ ) : مَعْطُوفٌ مَنْصُوبٌ
1805,2,و( القمل ) : معطوف منصوب,وَ( الْقُمَّلَ ) : مَعْطُوفٌ مَنْصُوبٌ
1806,2,و( الضفادع ) : معطوف منصوب,وَ( الضَّفَادِعَ ) : مَعْطُوفٌ مَنْصُوبٌ
1807,2,و( مغارب ) : معطوف منصوب,وَ( مَغَارِبَ ) : مَعْطُوفٌ مَنْصُوبٌ
1808,1,و( باطل ) : معطوف على ( متبر ) : مرفوع,وَ( بَاطِلٌ ) : مَعْطُوفٌ عَلَى ( مُتَبَّرٌ ) : مَرْفُوعٌ
1809,3,و( عشر ) : اسم مجرور,وَ( عَشْرٍ ) : اسْمٌ مَجْرُورٌ
1810,3,و( الجبل ) : اسم مجرور,وَ( الْجَبَلِ ) : اسْمٌ مَجْرُورٌ
1811,3,و( رسالات ) : اسم مجرور,وَ( رِسَالَاتِ ) : اسْمٌ مَجْرُورٌ
1812,3,و( كلام ) : اسم مجرور,وَ( كَلَامِ ) : اسْمٌ مَجْرُورٌ
1813,1,و( أصرف ) : فعل مضارع مرفوع,وَ( أَصْرِفُ ) : فِعْلٌ مُضَارِعٌ مَرْفُوعٌ
1814,3,و( أخ ) : اسم مجرور,وَ( أَخِ ) : اسْمٌ مَجْرُورٌ
1815,1,و( ينال ) : فعل مضارع مرفوع,وَ( يَنَالُ ) : فِعْلٌ مُضَارِعٌ مَرْفُوعٌ
1816,1,و( ذلة ) : معطوف مرفوع,وَ( ذِلَّةٌ ) : مَعْطُوفٌ مَرْفُوعٌ
1817,2,"اسم منصوب على نزع الخافض أي: "" من قومه ""","اسْمٌ مَنْصُوبٌ عَلَى نَزْعِ الْخَافِضِ أَيْ: "" مِنْ قَومِهِ """
1818,1,و( رحمت ) : مبتدأ مرفوع,وَ( رَحْمَتِ ) : مُبْتَدَأٌ مَرْفُوعٌ
1819,1,و( أكتب ) : فعل مضارع مرفوع,وَ( أَكْتُبُ ) : فِعْلٌ مُضَارِعٌ مَرْفُوعٌ
1820,1,و( ينها ) : فعل مضارع مرفوع,وَ( يَنْهَا ) : فِعْلٌ مُضَارِعٌ مَرْفُوعٌ
1821,1,و( يحل ) : فعل مضارع مرفوع,وَ( يُحِلُّ ) : فِعْلٌ مُضَارِعٌ مَرْفُوعٌ
1822,1,و( يحرم ) : فعل مضارع مرفوع,وَ( يُحَرِّمُ ) : فِعْلٌ مُضَارِعٌ مَرْفُوعٌ
1823,1,و( يضع ) : فعل مضارع مرفوع,وَ( يَضَعُ ) : فِعْلٌ مُضَارِعٌ مَرْفُوعٌ
1824,2,و( الأغلال ) : معطوف منصوب,وَ( الْأَغْلَالَ ) : مَعْطُوفٌ مَنْصُوبٌ
1825,3,و( كلمات ) : معطوف مجرور,وَ( كَلِمَاتِ ) : مَعْطُوفٌ مَجْرُورٌ
1826,2,نعت ل( أسباطا ) : منصوب,نَعْتٌ لِـ( أَسْبَاطًا ) : مَنْصُوبٌ
1827,1,"خبر لمبتدإ محذوف تقديره "" أمرنا "" مرفوع","خَبَرٌ لِمُبْتَدَإٍ مَحْذُوفٍ تَقْدِيرُهُ "" أَمْرُنَا "" مَرْفُوعٌ"
1828,1,و( سريع ) : خبر ( إن ) : مرفوع,وَ( سَرِيعُ ) : خَبَرُ ( إِنَّ ) : مَرْفُوعٌ
1829,3,و( الحسنات ) : اسم مجرور,وَ( الْحَسَنَاتِ ) : اسْمٌ مَجْرُورٌ
1830,3,و( السيئات ) : معطوف مجرور,وَ( السَّيِّئَاتِ ) : مَعْطُوفٌ مَجْرُورٌ
1831,1,و( يغفر ) : فعل مضارع مبني لما لم يسم فاعله مرفوع,وَ( يَغْفِرُ ) : فِعْلٌ مُضَارِعٌ مَبْنِيٌّ لِمَا لَمْ يُسَمَّ فَاعِلُهُ مَرْفُوعٌ
1832,2,و( رب ) : خبر ليس مجرور لفظا منصوب محلا,وَ( رَبِّ ) : خَبَرُ لَيْسَ مَجْرُورٌ لَفْظًا مَنْصُوبٌ مَحَلًّا
1833,4,فعل مضارع معطوف فعل الشرط مجزوم,فِعْلٌ مُضَارِعٌ مَعْطُوفٌ فِعْلُ الشَّرْطِ مَجْزُومٌ
1834,2,و( أنفسهم ) : مفعول به مقدم منصوب,وَ( أَنْفُسَهُمْ ) : مَفْعُولٌ بِهِ مُقَدَّمٌ مَنْصُوبٌ
1835,3,و( وقت ) : اسم مجرور,وَ( وَقْتِ ) : اسْمٌ مَجْرُورٌ
1836,2,و( يسكن ) : فعل مضارع منصوب بأن مضمرة,وَ( يَسْكُنَ ) : فِعْلٌ مُضَارِعٌ مَنْصُوبٌ بِأَنْ مُضْمَرَةٍ
1837,1,و( يشركون ) : فعل مضارع مرفوع,وَ( يُشْرِكُونَ ) : فِعْلٌ مُضَارِعٌ مَرْفُوعٌ
1838,3,و( العرف ) : اسم مجرور,وَ( الْعُرْفِ ) : اسْمٌ مَجْرُورٌ
1839,1,و( إخوانهم ) : مبتدأ مرفوع,وَ( إِخْوَانُهُمْ ) : مُبْتَدَأٌ مَرْفُوعٌ
1840,2,و( خيفة ) : معطوف منصوب,وَ( خِيفَةً ) : مَعْطُوفٌ مَنْصُوبٌ
1841,2,و( دون ) : ظرف متعلق بمحذوف حال منصوب,وَ( دُونَ ) : ظَرْفٌ مُتَعَلِّقٌ بِمَحْذُوفٍ حَالٌ مَنْصُوبٌ
1842,1,و( يسبحون ) : فعل مضارع مرفوع,وَ( يُسَبِّحُونَ ) : فِعْلٌ مُضَارِعٌ مَرْفُوعٌ
1843,1,و( كارهون ) : خبر ( إن ) : مرفوع,وَ( كَارِهُونَ ) : خَبَرُ ( إِنَّ ) : مَرْفُوعٌ
1844,1,و( تودون ) : فعل مضارع مرفوع,وَ( تَوَدُّونَ ) : فِعْلٌ مُضَارِعٌ مَرْفُوعٌ
1845,2,و( يقطع ) : فعل مضارع معطوف منصوب,وَ( يَقْطَعَ ) : فِعْلٌ مُضَارِعٌ مَعْطُوفٌ مَنْصُوبٌ
1846,2,و( يحق ) : فعل مضارع منصوب بأن مضمرة,وَ( يُحِقَّ ) : فِعْلٌ مُضَارِعٌ مَنْصُوبٌ بِأَنْ مُضْمَرَةٍ
1847,2,و( يبطل ) : فعل مضارع معطوف منصوب,وَ( يُبْطِلَ ) : فِعْلٌ مُضَارِعٌ مَعْطُوفٌ مَنْصُوبٌ
1848,3,و( ألف ) : اسم مجرور,وَ( أَلْفٍ ) : اسْمٌ مَجْرُورٌ
1849,2,و( يذهب ) : فعل مضارع معطوف منصوب,وَ( يُذْهِبَ ) : فِعْلٌ مُضَارِعٌ مَعْطُوفٌ مَنْصُوبٌ
1850,2,و( يربط ) : فعل مضارع منصوب بأن مضمرة,وَ( يَرْبِطَ ) : فِعْلٌ مُضَارِعٌ مَنْصُوبٌ بِأَنْ مُضْمَرَةٍ
1851,2,و( يثبت ) : فعل مضارع معطوف منصوب,وَ( يُثَبِّتَ ) : فِعْلٌ مُضَارِعٌ مَعْطُوفٌ مَنْصُوبٌ
1852,1,و( ألقي ) : فعل مضارع مرفوع,وَ( أُلْقِي ) : فِعْلٌ مُضَارِعٌ مَرْفُوعٌ
1853,3,و( قتال ) : اسم مجرور,وَ( قِتَالٍ ) : اسْمٌ مَجْرُورٌ
1854,1,و( مأوا ) : خبر مقدم مرفوع,وَ( مَأْوَا ) : خَبَرٌ مُقَدَّمٌ مَرْفُوعٌ
1855,2,و( يبلي ) : فعل مضارع منصوب بأن مضمرة,وَ( يُبْلِيَ ) : فِعْلٌ مُضَارِعٌ مَنْصُوبٌ بِأَنْ مُضْمَرَةٍ
1856,3,و( قلب ) : معطوف مجرور,وَ( قَلْبِ ) : مَعْطُوفٌ مَجْرُورٌ
1857,4,و( تخونوا ) : فعل مضارع معطوف مجزوم,وَ( تَخُونُوا ) : فِعْلٌ مُضَارِعٌ مَعْطُوفٌ مَجْزُومٌ
1858,4,و( يكفر ) : فعل مضارع معطوف مجزوم,وَ( يُكَفِّرْ ) : فِعْلٌ مُضَارِعٌ مَعْطُوفٌ مَجْزُومٌ
1859,2,و( يثبتوا ) : فعل مضارع منصوب بأن مضمرة,وَ( يُثْبِتُوا ) : فِعْلٌ مُضَارِعٌ مَنْصُوبٌ بِأَنْ مُضْمَرَةٍ
1860,1,و( يمكرون ) : فعل مضارع مرفوع,وَ( يَمْكُرُونَ ) : فِعْلٌ مُضَارِعٌ مَرْفُوعٌ
1861,1,و( يمكر ) : فعل مضارع مرفوع,وَ( يَمْكُرُ ) : فِعْلٌ مُضَارِعٌ مَرْفُوعٌ
1862,2,و( تصدية ) : معطوف منصوب,وَ( تَصْدِيَةً ) : مَعْطُوفٌ مَنْصُوبٌ
1863,2,و( يصدوا ) : فعل مضارع منصوب بأن مضمرة,وَ( يَصُدُّوا ) : فِعْلٌ مُضَارِعٌ مَنْصُوبٌ بِأَنْ مُضْمَرَةٍ
1864,1,و( ينفقون ) : فعل مضارع مرفوع,وَ( يُنْفِقُونَ ) : فِعْلٌ مُضَارِعٌ مَرْفُوعٌ
1865,2,و( يميز ) : فعل مضارع منصوب بأن مضمرة,وَ( يَمِيزَ ) : فِعْلٌ مُضَارِعٌ مَنْصُوبٌ بِأَنْ مُضْمَرَةٍ
1866,2,و( يركم ) : فعل مضارع معطوف منصوب,وَ( يَرْكُمَ ) : فِعْلٌ مُضَارِعٌ مَعْطُوفٌ مَنْصُوبٌ
1867,2,و( يكون ) : فعل مضارع معطوف منصوب,وَ( يَكُونَ ) : فِعْلٌ مُضَارِعٌ مَعْطُوفٌ مَنْصُوبٌ
1868,1,و( الركب ) : مبتدأ مرفوع,وَ( الرَّكْبُ ) : مُبْتَدَأٌ مَرْفُوعٌ
1869,2,و( يهلك ) : فعل مضارع منصوب بأن مضمرة,وَ( يَهْلِكَ ) : فِعْلٌ مُضَارِعٌ مَنْصُوبٌ بِأَنْ مُضْمَرَةٍ
1870,2,و( يحيى ) : فعل مضارع معطوف منصوب,وَ( يَحْيَى ) : فِعْلٌ مُضَارِعٌ مَعْطُوفٌ مَنْصُوبٌ
1871,1,و( سميع ) : خبر ( إن ) : مرفوع,وَ( سَمِيعٌ ) : خَبَرُ ( إِنَّ ) : مَرْفُوعٌ
1872,1,و( يقلل ) : فعل مضارع مرفوع,وَ( يُقَلِّلُ ) : فِعْلٌ مُضَارِعٌ مَرْفُوعٌ
1873,2,و( تفشلوا ) : فعل مضارع منصوب بأن مضمرة,وَ( تَفْشَلُوا ) : فِعْلٌ مُضَارِعٌ مَنْصُوبٌ بِأَنْ مُضْمَرَةٍ
1874,2,و( تذهب ) : فعل مضارع معطوف منصوب,وَ( تَذْهَبَ ) : فِعْلٌ مُضَارِعٌ مَعْطُوفٌ مَنْصُوبٌ
1875,2,و( رئاء ) : معطوف منصوب,وَ( رِئَاءَ ) : مَعْطُوفٌ مَنْصُوبٌ
1876,2,و( أدبارهم ) : معطوف منصوب,وَ( أَدْبَارَهُمْ ) : مَعْطُوفٌ مَنْصُوبٌ
1877,2,و( العبيد ) : مفعول به مجرور لفظا منصوب محلا مجرور,وَ( الْعَبِيدِ ) : مَفْعُولٌ بِهِ مَجْرُورٌ لَفْظًا مَنْصُوبٌ مَحَلًّا مَجْرُورٌ
1878,2,و( آخرين ) : معطوف منصوب,وَ( آخَرِينَ ) : مَعْطُوفٌ مَنْصُوبٌ
1879,3,و( السلم ) : اسم مجرور,وَ( السَّلْمِ ) : اسْمٌ مَجْرُورٌ
1880,1,اسم ( يكون ) : مرفوع,اسْمُ ( يَكُونَ ) : مَرْفُوعٌ
1881,4,فعل مضارع تام جواب الشرط مجزوم,فِعْلٌ مُضَارِعٌ تَامٌّ جَوَابُ الشَّرْطِ مَجْزُومٌ
1882,1,و( فساد ) : معطوف مرفوع,وَ( فَسَادٌ ) : مَعْطُوفٌ مَرْفُوعٌ
1883,1,و( أذان ) : مبتدأ مرفوع,وَ( أَذَانٌ ) : مُبْتَدَأٌ مَرْفُوعٌ
1884,1,و( رسول ) : مبتدأ مرفوع,وَ( رَسُولُ ) : مُبْتَدَأٌ مَرْفُوعٌ
1885,1,و( تأبى ) : فعل مضارع مرفوع,وَ( تَأْبَى ) : فِعْلٌ مُضَارِعٌ مَرْفُوعٌ
1886,1,و( نفصل ) : فعل مضارع مرفوع,وَ( نُفَصِّلُ ) : فِعْلٌ مُضَارِعٌ مَرْفُوعٌ
1887,3,و( إخراج ) : اسم مجرور,وَ( إِخْرَاجِ ) : اسْمٌ مَجْرُورٌ
1888,1,و( تخشون ) : فعل مضارع مرفوع,وَ( تَخْشَوْنَ ) : فِعْلٌ مُضَارِعٌ مَرْفُوعٌ
1889,4,و( يخز ) : فعل مضارع معطوف مجزوم,وَ( يُخْزِ ) : فِعْلٌ مُضَارِعٌ مَعْطُوفٌ مَجْزُومٌ
1890,4,و( ينصر ) : فعل مضارع معطوف مجزوم,وَ( يَنْصُرْ ) : فِعْلٌ مُضَارِعٌ مَعْطُوفٌ مَجْزُومٌ
1891,4,و( يشف ) : فعل مضارع معطوف مجزوم,وَ( يَشْفِ ) : فِعْلٌ مُضَارِعٌ مَعْطُوفٌ مَجْزُومٌ
1892,4,و( يذهب ) : فعل مضارع معطوف مجزوم,وَ( يُذْهِبْ ) : فِعْلٌ مُضَارِعٌ مَعْطُوفٌ مَجْزُومٌ
1893,1,و( يتوب ) : فعل مضارع مرفوع,وَ( يَتُوبُ ) : فِعْلٌ مُضَارِعٌ مَرْفُوعٌ
1894,2,و( عمارة ) : معطوف منصوب,وَ( عِمَارَةَ ) : مَعْطُوفٌ مَنْصُوبٌ
1895,2,و( إخوان ) : معطوف منصوب,وَ( إِخْوَانَ ) : مَعْطُوفٌ مَنْصُوبٌ
1896,1,و( أزواج ) : معطوف مرفوع,وَ( أَزْوَاجُ ) : مَعْطُوفٌ مَرْفُوعٌ
1897,1,و( عشيرت ) : معطوف مرفوع,وَ( عَشِيرَتُ ) : مَعْطُوفٌ مَرْفُوعٌ
1898,1,و( أموال ) : معطوف مرفوع,وَ( أَمْوَالٌ ) : مَعْطُوفٌ مَرْفُوعٌ
1899,1,و( تجارة ) : معطوف مرفوع,وَ( تِجَارَةٌ ) : مَعْطُوفٌ مَرْفُوعٌ
1900,1,و( مساكن ) : معطوف مرفوع,وَ( مَسَاكِنُ ) : مَعْطُوفٌ مَرْفُوعٌ
1901,3,و( جهاد ) : معطوف مجرور,وَ( جِهَادٍ ) : مَعْطُوفٌ مَجْرُورٌ
1902,2,حال مؤكدة منصوب,حَالٌ مُؤَكِّدَةٌ مَنْصُوبٌ
1903,2,و( رهبانهم ) : معطوف منصوب,وَ( رُهْبَانَهُمْ ) : مَعْطُوفٌ مَنْصُوبٌ
1904,2,و( المسيح ) : معطوف على ( أحبارهم ) : منصوب,وَ( الْمَسِيحَ ) : مَعْطُوفٌ عَلَى ( أَحْبَارَهُمْ ) : مَنْصُوبٌ
1905,1,و( يأبى ) : فعل مضارع مرفوع,وَ( يَأْبَى ) : فِعْلٌ مُضَارِعٌ مَرْفُوعٌ
1906,3,و( الرهبان ) : معطوف مجرور,وَ( الرُّهْبَانِ ) : مَعْطُوفٌ مَجْرُورٌ
1907,2,و( الفضة ) : معطوف منصوب,وَ( الْفِضَّةَ ) : مَعْطُوفٌ مَنْصُوبٌ
1908,1,و( تكوى ) : فعل مضارع مبني لما لم يسم فاعله مرفوع,وَ( تُكْوَى ) : فِعْلٌ مُضَارِعٌ مَبْنِيٌّ لِمَا لَمْ يُسَمَّ فَاعِلُهُ مَرْفُوعٌ
1909,1,و( جنوبهم ) : معطوف مرفوع,وَ( جُنُوبُهُمْ ) : مَعْطُوفٌ مَرْفُوعٌ
1910,1,و( ظهورهم ) : معطوف مرفوع,وَ( ظُهُورُهُمْ ) : مَعْطُوفٌ مَرْفُوعٌ
1911,1,و( يحرمون ) : فعل مضارع مرفوع,وَ( يُحَرِّمُونَ ) : فِعْلٌ مُضَارِعٌ مَرْفُوعٌ
1912,2,و( يواطئوا ) : فعل مضارع منصوب بأن مضمرة,وَ( يُوَاطِئُوا ) : فِعْلٌ مُضَارِعٌ مَنْصُوبٌ بِأَنْ مُضْمَرَةٍ
1913,2,و( يحلوا ) : فعل مضارع معطوف منصوب,وَ( يُحِلُّوا ) : فِعْلٌ مُضَارِعٌ مَعْطُوفٌ مَنْصُوبٌ
1914,4,و( يستبدل ) : فعل مضارع معطوف مجزوم,وَ( يَسْتَبْدِلْ ) : فِعْلٌ مُضَارِعٌ مَعْطُوفٌ مَجْزُومٌ
1915,4,فعل مضارع مجزوم لأنه معطوف على مجزوم,فِعْلٌ مُضَارِعٌ مَجْزُومٌ لِأَنَّهُ مَعْطُوفٌ عَلَى مَجْزُومٌ
1916,1,و( كلمة ) : مبتدأ مرفوع,وَ( كَلِمَةُ ) : مُبْتَدَأٌ مَرْفُوعٌ
1917,2,و( ثقالا ) : معطوف منصوب,وَ( ثِقَالًا ) : مَعْطُوفٌ مَنْصُوبٌ
1918,2,و( سفرا ) : معطوف منصوب,وَ( سَفَرًا ) : مَعْطُوفٌ مَنْصُوبٌ
1919,2,و( تعلم ) : فعل مضارع معطوف منصوب,وَ( تَعْلَمَ ) : فِعْلٌ مُضَارِعٌ مَعْطُوفٌ مَنْصُوبٌ
1920,4,و( يتولوا ) : فعل مضارع معطوف مجزوم,وَ( يَتَوَلَّوْا ) : فِعْلٌ مُضَارِعٌ مَعْطُوفٌ مَجْزُومٌ
1921,1,و( رسول ) : معطوف على اسم الجلالة مرفوع,وَ( رَسُولُ ) : مَعْطُوفٌ عَلَى اسْمِ الْجَلَالَةِ مَرْفُوعٌ
1922,3,و( العاملين ) : معطوف مجرور,وَ( الْعَامِلِينَ ) : مَعْطُوفٌ مَجْرُورٌ
1923,3,و( المؤلفة ) : معطوف مجرور,وَ( الْمُؤَلَّفَةِ ) : مَعْطُوفٌ مَجْرُورٌ
1924,3,و( الغارمين ) : معطوف مجرور,وَ( الْغَارِمِينَ ) : مَعْطُوفٌ مَجْرُورٌ
1925,1,و( يؤمن ) : فعل مضارع مرفوع,وَ( يُؤْمِنُ ) : فِعْلٌ مُضَارِعٌ مَرْفُوعٌ
1926,1,و( رحمة ) : معطوف على ( أذن ) : مرفوع,وَ( رَحْمَةٌ ) : مَعْطُوفٌ عَلَى ( أُذُنُ ) : مَرْفُوعٌ
1927,2,و( يرضوا ) : فعل مضارع منصوب بأن مضمرة,وَ( يُرْضُوا ) : فِعْلٌ مُضَارِعٌ مَنْصُوبٌ بِأَنْ مُضْمَرَةٍ
1928,1,و( نلعب ) : فعل مضارع معطوف مرفوع,وَ( نَلْعَبُ ) : فِعْلٌ مُضَارِعٌ مَعْطُوفٌ مَرْفُوعٌ
1929,3,و( آيات ) : معطوف مجرور,وَ( آيَاتِ ) : مَعْطُوفٌ مَجْرُورٌ
1930,3,و( المنكر ) : اسم مجرور,وَ( الْمُنْكَرِ ) : اسْمٌ مَجْرُورٌ
1931,1,و( يقبضون ) : فعل مضارع مرفوع,وَ( يَقْبِضُونَ ) : فِعْلٌ مُضَارِعٌ مَرْفُوعٌ
1932,2,و( الكفار ) : معطوف منصوب,وَ( الْكُفَّارَ ) : مَعْطُوفٌ مَنْصُوبٌ
1933,2,و( أكثر ) : معطوف على ( أشد ) : منصوب,وَ( أَكْثَرَ ) : مَعْطُوفٌ عَلَى ( أَشَدَّ ) : مَنْصُوبٌ
1934,3,و( أصحاب ) : معطوف مجرور,وَ( أَصْحَابِ ) : مَعْطُوفٌ مَجْرُورٌ
1935,3,و( المؤتفكات ) : معطوف مجرور,وَ( الْمُؤْتَفِكَاتِ ) : مَعْطُوفٌ مَجْرُورٌ
1936,2,و( يظلم ) : فعل مضارع منصوب بأن مضمرة وجوبا,وَ( يَظْلِمَ ) : فِعْلٌ مُضَارِعٌ مَنْصُوبٌ بِأَنْ مُضْمَرَةٍ وُجُوبًا
1937,1,و( المؤمنون ) : مبتدأ مرفوع,وَ( الْمُؤْمِنُونَ ) : مُبْتَدَأٌ مَرْفُوعٌ
1938,1,و( يطيعون ) : فعل مضارع مرفوع,وَ( يُطِيعُونَ ) : فِعْلٌ مُضَارِعٌ مَرْفُوعٌ
1939,2,و( مساكن ) : معطوف منصوب,وَ( مَسَاكِنَ ) : مَعْطُوفٌ مَنْصُوبٌ
1940,1,و( رضوان ) : مبتدأ مرفوع,وَ( رِضْوَانٌ ) : مُبْتَدَأٌ مَرْفُوعٌ
1941,2,و( نجواهم ) : معطوف منصوب,وَ( نَجْوَاهُمْ ) : مَعْطُوفٌ مَنْصُوبٌ
1942,3,و( مقعد ) : اسم مجرور,وَ( مَقْعَدِ ) : اسْمٌ مَجْرُورٌ
1943,4,و( يضحكوا ) : فعل مضارع مجزوم,وَ( يَضْحَكُوا ) : فِعْلٌ مُضَارِعٌ مَجْزُومٌ
1944,4,و( يبكوا ) : فعل مضارع مجزوم,وَ( يَبْكُوا ) : فِعْلٌ مُضَارِعٌ مَجْزُومٌ
1945,3,و( الخروج ) : اسم مجرور,وَ( الْخُرُوجِ ) : اسْمٌ مَجْرُورٌ
1946,3,و( القعود ) : اسم مجرور,وَ( الْقُعُودِ ) : اسْمٌ مَجْرُورٌ
1947,2,و( يؤذن ) : فعل مضارع مبني لما لم يسم فاعله منصوب بأن م…,وَ( يُؤْذَنَ ) : فِعْلٌ مُضَارِعٌ مَبْنِيٌّ لِمَا لَمْ يُسَمَّ فَاعِلُهُ مَنْصُوبٌ بِأَنْ مُضْمَرَةٍ
1948,2,و( تحمل ) : فعل مضارع منصوب بأن مضمرة,وَ( تَحْمِلَ ) : فِعْلٌ مُضَارِعٌ مَنْصُوبٌ بِأَنْ مُضْمَرَةٍ
1949,1,و( أعينهم ) : مبتدأ مرفوع,وَ( أَعْيُنُهُمْ ) : مُبْتَدَأٌ مَرْفُوعٌ
1950,2,و( تعرضوا ) : فعل مضارع منصوب بأن مضمرة,وَ( تُعْرِضُوا ) : فِعْلٌ مُضَارِعٌ مَنْصُوبٌ بِأَنْ مُضْمَرَةٍ
1951,2,و( ترضوا ) : فعل مضارع منصوب بأن مضمرة,وَ( تَرْضَوْا ) : فِعْلٌ مُضَارِعٌ مَنْصُوبٌ بِأَنْ مُضْمَرَةٍ
1952,2,و( نفاقا ) : معطوف منصوب,وَ( نِفَاقًا ) : مَعْطُوفٌ مَنْصُوبٌ
1953,1,و( أجدر ) : معطوف على ( أشد ) : مرفوع,وَ( أَجْدَرُ ) : مَعْطُوفٌ عَلَى ( أَشَدُّ ) : مَرْفُوعٌ
1954,1,و( يتربص ) : فعل مضارع مرفوع,وَ( يَتَرَبَّصُ ) : فِعْلٌ مُضَارِعٌ مَرْفُوعٌ
1955,1,و( يتخذ ) : فعل مضارع مرفوع,وَ( يَتَّخِذُ ) : فِعْلٌ مُضَارِعٌ مَرْفُوعٌ
1956,2,و( صلوات ) : معطوف على ( قربات ) : منصوب,وَ( صَلَوَاتِ ) : مَعْطُوفٌ عَلَى ( قُرُبَاتٍ ) : مَنْصُوبٌ
1957,1,و( نعذب ) : فعل مضارع مرفوع,وَ( نُعَذِّبُ ) : فِعْلٌ مُضَارِعٌ مَرْفُوعٌ
1958,1,و( آخرون ) : معطوف على ( منافقون ) : مرفوع,وَ( آخَرُونَ ) : مَعْطُوفٌ عَلَى ( مُنَافِقُونَ ) : مَرْفُوعٌ
1959,2,و( آخر ) : معطوف منصوب,وَ( آخَرَ ) : مَعْطُوفٌ مَنْصُوبٌ
1960,1,و( تزكي ) : فعل مضارع مرفوع,وَ( تُزَكِّي ) : فِعْلٌ مُضَارِعٌ مَرْفُوعٌ
1961,1,و( يأخذ ) : فعل مضارع مرفوع,وَ( يَأْخُذُ ) : فِعْلٌ مُضَارِعٌ مَرْفُوعٌ
1962,1,و( تردون ) : فعل مضارع مبني لما لم يسم فاعله مرفوع,وَ( تُرَدُّونَ ) : فِعْلٌ مُضَارِعٌ مَبْنِيٌّ لِمَا لَمْ يُسَمَّ فَاعِلُهُ مَرْفُوعٌ
1963,1,و( آخرون ) : مبتدأ مرفوع,وَ( آخَرُونَ ) : مُبْتَدَأٌ مَرْفُوعٌ
1964,2,و( تفريقا ) : معطوف منصوب,وَ( تَفْرِيقًا ) : مَعْطُوفٌ مَنْصُوبٌ
1965,2,و( إرصادا ) : معطوف منصوب,وَ( إِرْصَادًا ) : مَعْطُوفٌ مَنْصُوبٌ
1966,1,و( يحلفن ) : فعل مضارع مرفوع,وَ( يَحْلِفُنَّ ) : فِعْلٌ مُضَارِعٌ مَرْفُوعٌ
1967,1,و( مسجد ) : مبتدأ مرفوع,وَ( مَسْجِدٌ ) : مُبْتَدَأٌ مَرْفُوعٌ
1968,1,اسم لا زال مرفوع,اسْمُ لَا زَالَ مَرْفُوعٌ
1969,1,و( يقتلون ) : فعل مضارع مبني لما لم يسم فاعله مرفوع,وَ( يُقْتَلُونَ ) : فِعْلٌ مُضَارِعٌ مَبْنِيٌّ لِمَا لَمْ يُسَمَّ فَاعِلُهُ مَرْفُوعٌ
1970,3,و( القرآن ) : معطوف مجرور,وَ( الْقُرْآنِ ) : مَعْطُوفٌ مَجْرُورٌ
1971,3,و( بيع ) : اسم مجرور,وَ( بَيْعِ ) : اسْمٌ مَجْرُورٌ
1972,1,خبر سادس للمبتدإ مرفوع,خَبَرٌ سَادِسٌ لِلْمُبْتَدَإِ مَرْفُوعٌ
1973,1,خبر سابع للمبتدإ مرفوع,خَبَرٌ سَابِعٌ لِلْمُبْتَدَإِ مَرْفُوعٌ
1974,1,و( الناهون ) : معطوف مرفوع,وَ( النَّاهُونَ ) : مَعْطُوفٌ مَرْفُوعٌ
1975,1,و( الحافظون ) : معطوف مرفوع,وَ( الْحَافِظُونَ ) : مَعْطُوفٌ مَرْفُوعٌ
1976,3,و( حدود ) : اسم مجرور,وَ( حُدُودِ ) : اسْمٌ مَجْرُورٌ
1977,1,و( أواه ) : خبر ( إن ) : مرفوع,وَ( أَوَّاهٌ ) : خَبَرُ ( إِنَّ ) : مَرْفُوعٌ
1978,2,و( يضل ) : فعل مضارع منصوب بأن مضمرة وجوبا,وَ( يُضِلَّ ) : فِعْلٌ مُضَارِعٌ مَنْصُوبٌ بِأَنْ مُضْمَرَةٍ وُجُوبًا
1979,2,و( يتوبوا ) : فعل مضارع منصوب بأن مضمرة,وَ( يَتُوبُوا ) : فِعْلٌ مُضَارِعٌ مَنْصُوبٌ بِأَنْ مُضْمَرَةٍ
1980,2,و( ينفروا ) : فعل مضارع منصوب بأن مضمرة,وَ( يَنْفِرُوا ) : فِعْلٌ مُضَارِعٌ مَنْصُوبٌ بِأَنْ مُضْمَرَةٍ
1981,2,و( يتفقهوا ) : فعل مضارع منصوب بأن مضمرة,وَ( يَتَفَقَّهُوا ) : فِعْلٌ مُضَارِعٌ مَنْصُوبٌ بِأَنْ مُضْمَرَةٍ
1982,2,و( ينذروا ) : فعل مضارع منصوب بأن مضمرة,وَ( يُنْذِرُوا ) : فِعْلٌ مُضَارِعٌ مَنْصُوبٌ بِأَنْ مُضْمَرَةٍ
1983,4,و( يجدوا ) : فعل مضارع مجزوم,وَ( يَجِدُوا ) : فِعْلٌ مُضَارِعٌ مَجْزُومٌ
1984,2,"مفعول مطلق لفعل محذوف تقديره "" وعد "" منصوب","مَفْعُولٌ مُطْلَقٌ لِفِعْلٍ مَحْذُوفٍ تَقْدِيرُهُ "" وَعَدَ "" مَنْصُوبٌ"
1985,2,"مفعول مطلق لفعل محذوف تقديره "" حق "" منصوب","مَفْعُولٌ مُطْلَقٌ لِفِعْلٍ مَحْذُوفٍ تَقْدِيرُهُ "" حَقَّ "" مَنْصُوبٌ"
1986,1,و( تحيتهم ) : مبتدأ مرفوع,وَ( تَحِيَّتُهُمْ ) : مُبْتَدَأٌ مَرْفُوعٌ
1987,1,و( آخر ) : مبتدأ مرفوع,وَ( آخِرُ ) : مُبْتَدَأٌ مَرْفُوعٌ
1988,2,"اسم منصوب على نزع الخافض أي: "" كاستعجالهم ""","اسْمٌ مَنْصُوبٌ عَلَى نَزْعِ الْخَافِضِ أَيْ: "" كَاسْتِعْجَالِهِمْ """
1989,3,و( جنب ) : اسم مجرور,وَ( جَنْبِ ) : اسْمٌ مَجْرُورٌ
1990,2,معطوف على الحال الأولى منصوب,مَعْطُوفٌ عَلَى الْحَالِ الْأُولَى مَنْصُوبٌ
1991,2,و( ننظر ) : فعل مضارع منصوب بأن مضمرة,وَ( نَنْظُرَ ) : فِعْلٌ مُضَارِعٌ مَنْصُوبٌ بِأَنْ مُضْمَرَةٍ
1992,3,و( قرآن ) : اسم مجرور,وَ( قُرْآنٍ ) : اسْمٌ مَجْرُورٌ
1993,1,و( تنبئون ) : فعل مضارع مرفوع,وَ( تُنَبِّئُونَ ) : فِعْلٌ مُضَارِعٌ مَرْفُوعٌ
1994,2,"مفعول مطلق لفعل محذوف تقديره "" تتمتعون "" منصوب","مَفْعُولٌ مُطْلَقٌ لِفِعْلٍ مَحْذُوفٍ تَقْدِيرُهُ "" تَتَمَتَّعُونَ "" مَنْصُوبٌ"
1995,1,و( الأنعام ) : معطوف مرفوع,وَ( الْأَنْعَامُ ) : مَعْطُوفٌ مَرْفُوعٌ
1996,1,و( زيادة ) : معطوف مرفوع,وَ( زِيَادَةٌ ) : مَعْطُوفٌ مَرْفُوعٌ
1997,1,و( ترهق ) : فعل مضارع مرفوع,وَ( تَرْهَقُ ) : فِعْلٌ مُضَارِعٌ مَرْفُوعٌ
1998,1,و( شركاؤ ) : معطوف على الضمير المستتر مرفوع,وَ( شُرَكَاؤُ ) : مَعْطُوفٌ عَلَى الضَّمِيرِ الْمُسْتَتِرِ مَرْفُوعٌ
1999,1,بدل من ( ماذا ) : مرفوع,بَدَلٌ مِنْ ( مَاذَا ) : مَرْفُوعٌ
2000,1,و( يستنبئون ) : فعل مضارع مرفوع,وَ( يَسْتَنْبِئُونَ ) : فِعْلٌ مُضَارِعٌ مَرْفُوعٌ
2001,1,و( حق ) : خبر مقدم مرفوع,وَ( حَقٌّ ) : خَبَرٌ مُقَدَّمٌ مَرْفُوعٌ
2002,1,و( شفاء ) : معطوف على ( موعظة ) : مرفوع,وَ( شِفَاءٌ ) : مَعْطُوفٌ عَلَى ( مَوْعِظَةٌ ) : مَرْفُوعٌ
2003,1,و( هدى ) : معطوف على ( شفاء ) : مرفوع,وَ( هُدًى ) : مَعْطُوفٌ عَلَى ( شِفَاءٌ ) : مَرْفُوعٌ
2004,1,و( رحمة ) : معطوف على ( هدى ) : مرفوع,وَ( رَحْمَةٌ ) : مَعْطُوفٌ عَلَى ( هُدًى ) : مَرْفُوعٌ
2005,4,و( يفرحوا ) : فعل مضارع مجزوم,وَ( يَفْرَحُوا ) : فِعْلٌ مُضَارِعٌ مَجْزُومٌ
2006,2,و( حلالا ) : معطوف منصوب,وَ( حَلَالًا ) : مَعْطُوفٌ مَنْصُوبٌ
2007,3,معطوف على ( مثقال ) : مجرور,مَعْطُوفٌ عَلَى ( مِثْقَالِ ) : مَجْرُورٌ
2008,3,معطوف على ( أصغر ) : مجرور,مَعْطُوفٌ عَلَى ( أَصْغَرُ ) : مَجْرُورٌ
2009,1,و( تذكير ) : معطوف مرفوع,وَ( تَذْكِيرِ ) : مَعْطُوفٌ مَرْفُوعٌ
2010,2,و( شركاء ) : مفعول معه منصوب,وَ( شُرَكَاءَ ) : مَفْعُولٌ مَعَهُ مَنْصُوبٌ
2011,1,و( سحر ) : خبر ( إن ) : مرفوع,وَ( سِحْرٌ ) : خَبَرُ ( إِنَّ ) : مَرْفُوعٌ
2012,2,و( تلفت ) : فعل مضارع منصوب بأن مضمرة,وَ( تُلْفِتَ ) : فِعْلٌ مُضَارِعٌ مَنْصُوبٌ بِأَنْ مُضْمَرَةٍ
2013,1,خبر لمبتدإ محذوف مرفوع,خَبَرٌ لِمُبْتَدَإٍ مَحْذُوفٍ مَرْفُوعٌ
2014,1,و( يبطل ) : فعل مضارع مرفوع,وَ( يُبْطِلُ ) : فِعْلٌ مُضَارِعٌ مَرْفُوعٌ
2015,1,و( يحق ) : فعل مضارع مرفوع,وَ( يُحِقُّ ) : فِعْلٌ مُضَارِعٌ مَرْفُوعٌ
2016,3,و( ملئهم ) : معطوف مجرور,وَ( مَلَئِهِمْ ) : مَعْطُوفٌ مَجْرُورٌ
2017,1,و( عال ) : خبر ( إن ) : مرفوع,وَ( عَالٍ ) : خَبَرُ ( إِنَّ ) : مَرْفُوعٌ
2018,3,و( مصر ) : اسم مجرور,وَ( مِصْرَ ) : اسْمٌ مَجْرُورٌ
2019,2,و( ملأ ) : معطوف منصوب,وَ( مَلَأَ ) : مَعْطُوفٌ مَنْصُوبٌ
2020,2,و( أموالا ) : معطوف منصوب,وَ( أَمْوَالًا ) : مَعْطُوفٌ مَنْصُوبٌ
2021,2,و( عدوا ) : معطوف منصوب,وَ( عَدْوًا ) : مَعْطُوفٌ مَنْصُوبٌ
2022,3,و( بدن ) : اسم مجرور,وَ( بَدَنِ ) : اسْمٌ مَجْرُورٌ
2023,1,و( غافلون ) : خبر ( إن ) : مرفوع,وَ( غَافِلُونَ ) : خَبَرُ ( إِنَّ ) : مَرْفُوعٌ
2024,1,توكيد معنوي مرفوع,تَوْكِيدٌ مَعْنَوِيٌّ مَرْفُوعٌ
2025,2,فعل مضارع ناسخ منصوب بأن مضمرة,فِعْلٌ مُضَارِعٌ نَاسِخٌ مَنْصُوبٌ بِأَنْ مُضْمَرَةٍ
2026,1,و( النذر ) : معطوف مرفوع,وَ( النُّذُرُ ) : مَعْطُوفٌ مَرْفُوعٌ
2027,2,و( يستخفوا ) : فعل مضارع منصوب بأن مضمرة,وَ( يَسْتَخْفُوا ) : فِعْلٌ مُضَارِعٌ مَنْصُوبٌ بِأَنْ مُضْمَرَةٍ
2028,2,و( مستودع ) : معطوف منصوب,وَ( مُسْتَوْدَعَ ) : مَعْطُوفٌ مَنْصُوبٌ
2029,1,( أي ) : اسم استفهام مبتدأ مرفوع,( أَيُّ ) : اسْمُ اسْتِفْهَامٍ مُبْتَدَأٌ مَرْفُوعٌ
2030,1,و( يئوس ) : خبر ( إن ) : مرفوع,وَ( يَئُوسٌ ) : خَبَرُ ( إِنَّ ) : مَرْفُوعٌ
2031,1,و( فرح ) : خبر ( إن ) : مرفوع,وَ( فَرِحٌ ) : خَبَرُ ( إِنَّ ) : مَرْفُوعٌ
2032,1,و( ضائق ) : خبر مقدم مرفوع,وَ( ضَائِقٌ ) : خَبَرٌ مُقَدَّمٌ مَرْفُوعٌ
2033,3,و( عشر ) : اسم مجرور,وَ( عَشْرِ ) : اسْمٌ مَجْرُورٌ
2034,1,و( باطل ) : خبر مقدم مرفوع,وَ( بَاطِلٌ ) : خَبَرٌ مُقَدَّمٌ مَرْفُوعٌ
2035,1,و( يتلو ) : فعل مضارع مرفوع,وَ( يَتْلُو ) : فِعْلٌ مُضَارِعٌ مَرْفُوعٌ
2036,3,و( الأعمى ) : اسم مجرور,وَ( الْأَعْمَى ) : اسْمٌ مَجْرُورٌ
2037,3,و( الأصم ) : معطوف مجرور,وَ( الْأَصَمِّ ) : مَعْطُوفٌ مَجْرُورٌ
2038,3,و( البصير ) : معطوف مجرور,وَ( الْبَصِيرِ ) : مَعْطُوفٌ مَجْرُورٌ
2039,3,و( السميع ) : معطوف مجرور,وَ( السَّمِيعِ ) : مَعْطُوفٌ مَجْرُورٌ
2040,1,و( نلزم ) : فعل مضارع مرفوع,وَ( نُلْزِمُ ) : فِعْلٌ مُضَارِعٌ مَرْفُوعٌ
2041,1,و( يصنع ) : فعل مضارع مرفوع,وَ( يَصْنَعُ ) : فِعْلٌ مُضَارِعٌ مَرْفُوعٌ
2042,1,و( مرسا ) : معطوف مرفوع,وَ( مُرْسَا ) : مَعْطُوفٌ مَرْفُوعٌ
2043,3,و( الجبال ) : اسم مجرور,وَ( الْجِبَالِ ) : اسْمٌ مَجْرُورٌ
2044,1,و( آوي ) : فعل مضارع مرفوع,وَ( آوِي ) : فِعْلٌ مُضَارِعٌ مَرْفُوعٌ
2045,2,"مفعول مطلق لفعل محذوف تقديره "" ابعدوا "" منصوب","مَفْعُولٌ مُطْلَقٌ لِفِعْلٍ مَحْذُوفٍ تَقْدِيرُهُ "" ابْعُدُوا "" مَنْصُوبٌ"
2046,4,و( ترحم ) : فعل مضارع مجزوم لأنه معطوف على مجزوم,وَ( تَرْحَمْ ) : فِعْلٌ مُضَارِعٌ مَجْزُومٌ لِأَنَّهُ مَعْطُوفٌ عَلَى مَجْزُومٍ
2047,3,و( بركات ) : معطوف مجرور,وَ( بَرَكَاتٍ ) : مَعْطُوفٌ مَجْرُورٌ
2048,1,و( أمم ) : مبتدأ مرفوع,وَ( أُمَمٌ ) : مُبْتَدَأٌ مَرْفُوعٌ
2049,1,و( نمتع ) : فعل مضارع مرفوع,وَ( نُمَتِّعُ ) : فِعْلٌ مُضَارِعٌ مَرْفُوعٌ
2050,4,و( يزد ) : فعل مضارع معطوف مجزوم,وَ( يَزِدْ ) : فِعْلٌ مُضَارِعٌ مَعْطُوفٌ مَجْزُومٌ
2051,2,و( تاركي ) : خبر ( ما ) : مجرور لفظا منصوب محلا,وَ( تَارِكِي ) : خَبَرُ ( مَا ) : مَجْرُورٌ لَفْظًا مَنْصُوبٌ مَحَلًّا
2052,3,و( ورب ) : معطوف مجرور,وَ( وَرَبِّ ) : مَعْطُوفٌ مَجْرُورٌ
2053,3,و( ناصيت ) : اسم مجرور,وَ( نَاصِيَتِ ) : اسْمٌ مَجْرُورٌ
2054,1,و( يستخلف ) : فعل مضارع مرفوع,وَ( يَسْتَخْلِفُ ) : فِعْلٌ مُضَارِعٌ مَرْفُوعٌ
2055,1,و( تنهى ) : فعل مضارع مرفوع,وَ( تَنْهَى ) : فِعْلٌ مُضَارِعٌ مَرْفُوعٌ
2056,3,( يوم ) : مضاف إليه مجرور,( يَوْمٍ ) : مُضَافٌ إِلَيْهِ مَجْرُورٌ
2057,3,و( ثمود ) : اسم مجرور,وَ( ثَمُودَ ) : اسْمٌ مَجْرُورٌ
2058,1,و( امرأت ) : مبتدأ مرفوع,وَ( امْرَأَتُ ) : مُبْتَدَأٌ مَرْفُوعٌ
2059,2,و( ويلتي ) : منادى متعجب به منصوب لأنه مضاف,وَ( وَيْلَتِي ) : مُنَادًى مُتَعَجَّبٌ بِهِ مَنْصُوبٌ لِأَنَّهُ مُضَافٌ
2060,1,و( ألد ) : فعل مضارع مرفوع,وَ( أَلِدُ ) : فِعْلٌ مُضَارِعٌ مَرْفُوعٌ
2061,1,و( تعجبين ) : فعل مضارع مرفوع,وَ( تَعْجَبِينَ ) : فِعْلٌ مُضَارِعٌ مَرْفُوعٌ
2062,1,و( بركات ) : معطوف مرفوع,وَ( بَرَكَاتُ ) : مَعْطُوفٌ مَرْفُوعٌ
2063,1,و( حليم ) : خبر ( إن ) : مرفوع,وَ( حَلِيمٌ ) : خَبَرُ ( إِنَّ ) : مَرْفُوعٌ
2064,1,و( تعلم ) : فعل مضارع مرفوع,وَ( تَعْلَمُ ) : فِعْلٌ مُضَارِعٌ مَرْفُوعٌ
2065,2,و( قريب ) : خبر ليس مجرور لفظا منصوب محلا,وَ( قَرِيبٌ ) : خَبَرُ لَيْسَ مَجْرُورٌ لَفْظًا مَنْصُوبٌ مَحَلًّا
2066,1,و( صلات ) : مبتدأ مرفوع,وَ( صَلَاتُ ) : مُبْتَدَأٌ مَرْفُوعٌ
2067,1,و( رهط ) : مبتدأ مرفوع,وَ( رَهْطِ ) : مُبْتَدَأٌ مَرْفُوعٌ
2068,3,و( مدين ) : اسم مجرور,وَ( مَدْيَنَ ) : اسْمٌ مَجْرُورٌ
2069,2,و( رشيد ) : خبر ( ما ) : مجرور لفظا منصوب محلا,وَ( رَشِيدٍ ) : خَبَرُ ( مَا ) : مَجْرُورٌ لَفْظًا مَنْصُوبٌ مَحَلًّا
2070,1,و( حصيد ) : مبتدأ مرفوع,وَ( حَصِيدٌ ) : مُبْتَدَأٌ مَرْفُوعٌ
2071,1,و( سعيد ) : مبتدأ مرفوع,وَ( سَعِيدٌ ) : مُبْتَدَأٌ مَرْفُوعٌ
2072,1,و( شهيق ) : معطوف مرفوع,وَ( شَهِيقٌ ) : مَعْطُوفٌ مَرْفُوعٌ
2073,2,نائب عن المفعول المطلق لفعل محذوف منصوب,نَائِبٌ عَنِ الْمَفْعُولِ الْمُطْلَقِ لِفِعْلٍ مَحْذُوفٍ مَنْصُوبٌ
2074,1,و( موفوهم ) : خبر ( إن ) : مرفوع,وَ( مُوَفُّوهُمْ ) : خَبَرُ ( إِنَّ ) : مَرْفُوعٌ
2075,4,والفعل المجزوم به محذوف,وَالْفِعْلُ الْمَجْزُومُ بِهِ مَحْذُوفٌ
2076,2,و( تمس ) : فعل مضارع منصوب بأن مضمرة,وَ( تَمَسَّ ) : فِعْلٌ مُضَارِعٌ مَنْصُوبٌ بِأَنْ مُضْمَرَةٍ
2077,2,و( زلفا ) : معطوف على ( طرفي ) : منصوب,وَ( زُلَفًا ) : مَعْطُوفٌ عَلَى ( طَرَفَيْ ) : مَنْصُوبٌ
2078,3,و( الذاكرين ) : اسم مجرور,وَ( الذَّاكِرِينَ ) : اسْمٌ مَجْرُورٌ
2079,2,و( يهلك ) : فعل مضارع منصوب بأن مضمرة,وَ( يُهْلِكَ ) : فِعْلٌ مُضَارِعٌ مَنْصُوبٌ بِأَنْ مُضْمَرَةٍ
2080,1,و( ذكرى ) : معطوف مرفوع,وَ( ذِكْرَى ) : مَعْطُوفٌ مَرْفُوعٌ
2081,2,و( يكيدوا ) : فعل مضارع منصوب بأن مضمرة,وَ( يَكِيدُوا ) : فِعْلٌ مُضَارِعٌ مَنْصُوبٌ بِأَنْ مُضْمَرَةٍ
2082,1,و( يتم ) : فعل مضارع مرفوع,وَ( يُتِمُّ ) : فِعْلٌ مُضَارِعٌ مَرْفُوعٌ
2083,3,و( إخوت ) : معطوف مجرور,وَ( إِخْوَتِ ) : مَعْطُوفٌ مَجْرُورٌ
2084,1,و( يوسف ) : مبتدأ مرفوع,وَ( يُوسُفُ ) : مُبْتَدَأٌ مَرْفُوعٌ
2085,1,و( أخو ) : معطوف مرفوع,وَ( أَخُو ) : مَعْطُوفٌ مَرْفُوعٌ
2086,4,و( تكونوا ) : فعل مضارع معطوف ناسخ مجزوم,وَ( تَكُونُوا ) : فِعْلٌ مُضَارِعٌ مَعْطُوفٌ نَاسِخٌ مَجْزُومٌ
2087,2,و( أبانا ) : منادى منصوب,وَ( أَبَانَا ) : مُنَادًى مَنْصُوبٌ
2088,1,و( ناصحون ) : خبر ( إن ) : مرفوع,وَ( نَاصِحُونَ ) : خَبَرُ ( إِنَّ ) : مَرْفُوعٌ
2089,4,و( يلعب ) : فعل مضارع معطوف مجزوم,وَ( يَلْعَبْ ) : فِعْلٌ مُضَارِعٌ مَعْطُوفٌ مَجْزُومٌ
2090,2,و( أبا ) : منادى منصوب لأنه مضاف,وَ( أَبَا ) : مُنَادًى مَنْصُوبٌ لِأَنَّهُ مُضَافٌ
2091,2,و( مؤمن ) : خبر ( ما ) : مجرور لفظا منصوب محلا,وَ( مُؤْمِنٍ ) : خَبَرُ ( مَا ) : مَجْرُورٌ لَفْظًا مَنْصُوبٌ مَحَلًّا
2092,3,و( دم ) : اسم مجرور,وَ( دَمٍ ) : اسْمٌ مَجْرُورٌ
2093,1,و( صبر ) : خبر مرفوع,وَ( صَبْرٌ ) : خَبَرٌ مَرْفُوعٌ
2094,3,و( ثمن ) : اسم مجرور,وَ( ثَمَنٍ ) : اسْمٌ مَجْرُورٌ
2095,3,و( امرأت ) : اسم مجرور,وَ( امْرَأَتِ ) : اسْمٌ مَجْرُورٌ
2096,2,و( نصرف ) : فعل مضارع منصوب بأن مضمرة,وَ( نَصْرِفَ ) : فِعْلٌ مُضَارِعٌ مَنْصُوبٌ بِأَنْ مُضْمَرَةٍ
2097,2,و( الفحشاء ) : معطوف منصوب,وَ( الْفَحْشَاءَ ) : مَعْطُوفٌ مَنْصُوبٌ
2098,2,"اسم منصوب على حذف الجار؛ أي: "" إلى الباب ""","اسْمٌ مَنْصُوبٌ عَلَى حَذْفِ الْجَارِّ؛ أَيْ: "" إِلَى الْبَابِ """
2099,1,معطوف على ( جزاء ) : مرفوع,مَعْطُوفٌ عَلَى ( جَزَاءُ ) : مَرْفُوعٌ
2100,3,و( مكر ) : اسم مجرور,وَ( مَكْرِ ) : اسْمٌ مَجْرُورٌ
2101,4,و( أكن ) : فعل مضارع معطوف مجزوم,وَ( أَكُنْ ) : فِعْلٌ مُضَارِعٌ مَعْطُوفٌ مَجْزُومٌ
2102,1,و( يسجنن ) : فعل مضارع مرفوع,وَ( يَسْجُنُنَّ ) : فِعْلٌ مُضَارِعٌ مَرْفُوعٌ
2103,1,و( أرباب ) : مبتدأ مرفوع,وَ( أَرْبَابٌ ) : مُبْتَدَأٌ مَرْفُوعٌ
2104,1,اسم الجلالة معطوف مرفوع,اسْمُ الْجَلَالَةِ مَعْطُوفٌ مَرْفُوعٌ
2105,1,و( يصلب ) : فعل مضارع مبني لما لم يسم فاعله مرفوع,وَ( يُصْلَبُ ) : فِعْلٌ مُضَارِعٌ مَبْنِيٌّ لِمَا لَمْ يُسَمَّ فَاعِلُهُ مَرْفُوعٌ
2106,1,و( تأكل ) : فعل مضارع مرفوع,وَ( تَأْكُلُ ) : فِعْلٌ مُضَارِعٌ مَرْفُوعٌ
2107,2,و( سبع ) : معطوف منصوب,وَ( سَبْعَ ) : مَعْطُوفٌ مَنْصُوبٌ
2108,2,و( أخر ) : معطوف منصوب,وَ( أُخَرَ ) : مَعْطُوفٌ مَنْصُوبٌ
2109,2,و( الرؤيا ) : مفعول به مقدم مجرور لفظا منصوب محلا,وَ( الرُّؤْيَا ) : مَفْعُولٌ بِهِ مُقَدَّمٌ مَجْرُورٌ لَفْظًا مَنْصُوبٌ مَحَلًّا
2110,2,و( عالمين ) : خبر ( ما ) : مجرور لفظا منصوب محلا,وَ( عَالِمِينَ ) : خَبَرُ ( مَا ) : مَجْرُورٌ لَفْظًا مَنْصُوبٌ مَحَلًّا
2111,3,و( سبع ) : معطوف مجرور,وَ( سَبْعِ ) : مَعْطُوفٌ مَجْرُورٌ
2112,3,و( أخر ) : معطوف مجرور,وَ( أُخَرَ ) : مَعْطُوفٌ مَجْرُورٌ
2113,3,و( كيد ) : اسم مجرور,وَ( كَيْدِ ) : اسْمٌ مَجْرُورٌ
2114,1,و( أمارة ) : خبر ( إن ) : مرفوع,وَ( أَمَّارَةٌ ) : خَبَرُ ( إِنَّ ) : مَرْفُوعٌ
2115,3,و( أخ ) : اسم مجرور,وَ( أَخٍ ) : اسْمٌ مَجْرُورٌ
2116,1,و( نراود ) : فعل مضارع مرفوع,وَ( نُرَاوِدُ ) : فِعْلٌ مُضَارِعٌ مَرْفُوعٌ
2117,1,و( فاعلون ) : خبر ( إن ) : مرفوع,وَ( فَاعِلُونَ ) : خَبَرُ ( إِنَّ ) : مَرْفُوعٌ
2118,3,و( فتيان ) : اسم مجرور,وَ( فِتْيَانِ ) : اسْمٌ مَجْرُورٌ
2119,1,و( نمير ) : فعل مضارع مرفوع,وَ( نَمِيرُ ) : فِعْلٌ مُضَارِعٌ مَرْفُوعٌ
2120,1,و( نحفظ ) : فعل مضارع مرفوع,وَ( نَحْفَظُ ) : فِعْلٌ مُضَارِعٌ مَرْفُوعٌ
2121,1,و( نزداد ) : فعل مضارع مرفوع,وَ( نَزْدَادُ ) : فِعْلٌ مُضَارِعٌ مَرْفُوعٌ
2122,1,و( تأتن ) : فعل مضارع مرفوع,وَ( تَأْتُنَّ ) : فِعْلٌ مُضَارِعٌ مَرْفُوعٌ
2123,1,و( سارقون ) : خبر ( إن ) : مرفوع,وَ( سَارِقُونَ ) : خَبَرُ ( إِنَّ ) : مَرْفُوعٌ
2124,2,و( نفسد ) : فعل مضارع منصوب بأن مضمرة,وَ( نُفْسِدَ ) : فِعْلٌ مُضَارِعٌ مَنْصُوبٌ بِأَنْ مُضْمَرَةٍ
2125,3,و( أوعيت ) : اسم مجرور,وَ( أَوْعِيَتِ ) : اسْمٌ مَجْرُورٌ
2126,2,و( فوق ) : ظرف مكان منصوب,وَ( فَوْقَ ) : ظَرْفُ مَكَانٍ مَنْصُوبٌ
2127,1,و( ظالمون ) : خبر ( إن ) : مرفوع,وَ( ظَالِمُونَ ) : خَبَرُ ( إِنَّ ) : مَرْفُوعٌ
2128,2,و( العير ) : معطوف على ( القرية ) : منصوب,وَ( الْعِيرَ ) : مَعْطُوفٌ عَلَى ( الْقَرْيَةَ ) : مَنْصُوبٌ
2129,1,و( صبر ) : مبتدأ مرفوع,وَ( صَبْرٌ ) : مُبْتَدَأٌ مَرْفُوعٌ
2130,2,و( أسفى ) : منادى منصوب لأنه مضاف,وَ( أَسَفَى ) : مُنَادًى مَنْصُوبٌ لِأَنَّهُ مُضَافٌ
2131,2,و( حزن ) : معطوف منصوب,وَ( حُزْنِ ) : مَعْطُوفٌ مَنْصُوبٌ
2132,3,و( بضاعة ) : اسم مجرور,وَ( بِضَاعَةٍ ) : اسْمٌ مَجْرُورٌ
2133,4,و( يصبر ) : فعل مضارع معطوف مجزوم,وَ( يَصْبِرْ ) : فِعْلٌ مُضَارِعٌ مَعْطُوفٌ مَجْزُومٌ
2134,2,و( خاطئين ) : خبر كان منصوب,وَ( خَاطِئِينَ ) : خَبَرُ كَانَ مَنْصُوبٌ
2135,3,و( قميص ) : اسم مجرور,وَ( قَمِيصِ ) : اسْمٌ مَجْرُورٌ
2136,1,و( أجد ) : فعل مضارع مرفوع,وَ( أَجِدُ ) : فِعْلٌ مُضَارِعٌ مَرْفُوعٌ
2137,4,و( ينظروا ) : فعل مضارع مجزوم,وَ( يَنْظُرُوا ) : فِعْلٌ مُضَارِعٌ مَجْزُومٌ
2138,2,معطوف على ( حديثا ) : منصوب,مَعْطُوفٌ عَلَى ( حَدِيثًا ) : مَنْصُوبٌ
2139,2,و( هدى ) : معطوف على ( تفصيل ) : منصوب,وَ( هُدًى ) : مَعْطُوفٌ عَلَى ( تَفْصِيلَ ) : مَنْصُوبٌ
2140,2,و( رحمة ) : معطوف على ( هدى ) : منصوب,وَ( رَحْمَةً ) : مَعْطُوفٌ عَلَى ( هُدًى ) : مَنْصُوبٌ
2141,1,و( جنات ) : معطوف مرفوع,وَ( جَنَّاتٌ ) : مَعْطُوفٌ مَرْفُوعٌ
2142,1,و( زرع ) : معطوف مرفوع,وَ( زَرْعٌ ) : مَعْطُوفٌ مَرْفُوعٌ
2143,1,و( نخيل ) : معطوف مرفوع,وَ( نَخِيلٌ ) : مَعْطُوفٌ مَرْفُوعٌ
2144,1,و( غير ) : معطوف مرفوع,وَ( غَيْرُ ) : مَعْطُوفٌ مَرْفُوعٌ
2145,1,و( نفضل ) : فعل مضارع مرفوع,وَ( نُفَضِّلُ ) : فِعْلٌ مُضَارِعٌ مَرْفُوعٌ
2146,1,و( عجب ) : خبر مقدم مرفوع,وَ( عَجَبٌ ) : خَبَرٌ مُقَدَّمٌ مَرْفُوعٌ
2147,1,و( شديد ) : خبر ( إن ) : مرفوع,وَ( شَدِيدُ ) : خَبَرُ ( إِنَّ ) : مَرْفُوعٌ
2148,3,و( مقدار ) : اسم مجرور,وَ( مِقْدَارٍ ) : اسْمٌ مَجْرُورٌ
2149,1,و( سارب ) : معطوف مرفوع,وَ( سَارِبٌ ) : مَعْطُوفٌ مَرْفُوعٌ
2150,1,و( ينشىء ) : فعل مضارع مرفوع,وَ( يُنْشِىُء ) : فِعْلٌ مُضَارِعٌ مَرْفُوعٌ
2151,1,و( يسبح ) : فعل مضارع مرفوع,وَ( يُسَبِّحُ ) : فِعْلٌ مُضَارِعٌ مَرْفُوعٌ
2152,3,و( باسط ) : اسم مجرور,وَ( بَاسِطِ ) : اسْمٌ مَجْرُورٌ
2153,2,و( يبلغ ) : فعل مضارع منصوب بأن مضمرة,وَ( يَبْلُغَ ) : فِعْلٌ مُضَارِعٌ مَنْصُوبٌ بِأَنْ مُضْمَرَةٍ
2154,2,و( بالغ ) : خبر ( ما ) : مجرور لفظا منصوب محلا,وَ( بَالِغِ ) : خَبَرُ ( مَا ) : مَجْرُورٌ لَفْظًا مَنْصُوبٌ مَحَلًّا
2155,1,و( ظلال ) : معطوف على ( من ) : مرفوع,وَ( ظِلَالُ ) : مَعْطُوفٌ عَلَى ( مَنْ ) : مَرْفُوعٌ
2156,3,و( الآصال ) : معطوف على ( الغدو ) : مجرور,وَ( الْآصَالِ ) : مَعْطُوفٌ عَلَى ( الْغُدُوِّ ) : مَجْرُورٌ
2157,2,معطوف على ( نفعا ) : منصوب,مَعْطُوفٌ عَلَى ( نَفْعًا ) : مَنْصُوبٌ
2158,1,و( النور ) : معطوف مرفوع,وَ( النُّورُ ) : مَعْطُوفٌ مَرْفُوعٌ
2159,3,و( قدر ) : اسم مجرور,وَ( قَدَرِ ) : اسْمٌ مَجْرُورٌ
2160,3,معطوف على ( حلية ) : مجرور,مَعْطُوفٌ عَلَى ( حِلْيَةٍ ) : مَجْرُورٌ
2161,2,و( الباطل ) : معطوف على ( الحق ) : منصوب,وَ( الْبَاطِلَ ) : مَعْطُوفٌ عَلَى ( الْحَقَّ ) : مَنْصُوبٌ
2162,1,و( يذهب ) : فعل مضارع مرفوع,وَ( يَذْهَبُ ) : فِعْلٌ مُضَارِعٌ مَرْفُوعٌ
2163,1,و( يمكث ) : فعل مضارع مرفوع,وَ( يَمْكُثُ ) : فِعْلٌ مُضَارِعٌ مَرْفُوعٌ
2164,2,و( مثل ) : معطوف على ( ما ) : منصوب,وَ( مِثْلَ ) : مَعْطُوفٌ عَلَى ( ما ) : مَنْصُوبٌ
2165,1,و( يدرءون ) : فعل مضارع مرفوع,وَ( يَدْرَءُونَ ) : فِعْلٌ مُضَارِعٌ مَرْفُوعٌ
2166,1,بدل من ( عقبى الدار ) : مرفوع,بَدَلٌ مِنْ ( عُقْبَى الدَّارِ ) : مَرْفُوعٌ
2167,3,و( أزواجهم ) : معطوف مجرور,وَ( أَزْوَاجِهِمْ ) : مَعْطُوفٌ مَجْرُورٌ
2168,1,و( تطمئن ) : فعل مضارع مرفوع,وَ( تَطْمَئِنُّ ) : فِعْلٌ مُضَارِعٌ مَرْفُوعٌ
2169,1,و( حسن ) : معطوف على ( طوبى ) : مرفوع,وَ( حُسْنُ ) : مَعْطُوفٌ عَلَى ( طُوبَى ) : مَرْفُوعٌ
2170,2,و( تتلو ) : فعل مضارع منصوب بأن مضمرة,وَ( تَتْلُوَ ) : فِعْلٌ مُضَارِعٌ مَنْصُوبٌ بِأَنْ مُضْمَرَةٍ
2171,3,و( ظاهر ) : اسم مجرور,وَ( ظَاهِرٍ ) : اسْمٌ مَجْرُورٌ
2172,1,و( ظل ) : معطوف على ( أكل ) : مرفوع,وَ( ظِلُّ ) : مَعْطُوفٌ عَلَى ( أُكُلُ ) : مَرْفُوعٌ
2173,1,و( عقبى ) : مبتدأ مرفوع,وَ( عُقْبَى ) : مُبْتَدَأٌ مَرْفُوعٌ
2174,2,و( ذرية ) : معطوف منصوب,وَ( ذُرِّيَّةً ) : مَعْطُوفٌ مَنْصُوبٌ
2175,1,و( يثبت ) : فعل مضارع مرفوع,وَ( يُثْبِتُ ) : فِعْلٌ مُضَارِعٌ مَرْفُوعٌ
2176,3,اسم الجلالة بدل من ( العزيز ) : مجرور,اسْمُ الْجَلَالَةِ بَدَلٌ مِنْ ( الْعَزِيزِ ) : مَجْرُورٌ
2177,3,و( أيام ) : اسم مجرور,وَ( أَيَّامِ ) : اسْمٌ مَجْرُورٌ
2178,1,و( يذبحون ) : فعل مضارع مرفوع,وَ( يُذَبِّحُونَ ) : فِعْلٌ مُضَارِعٌ مَرْفُوعٌ
2179,3,بدل من ( الذين ) : مجرور,بَدَلٌ مِنْ ( الَّذِينَ ) : مَجْرُورٌ
2180,3,نعت ل( الله ) : مجرور,نَعْتٌ لِـ( اللَّهِ ) : مَجْرُورٌ
2181,2,و( يؤخر ) : فعل مضارع معطوف منصوب,وَ( يُؤَخِّرَ ) : فِعْلٌ مُضَارِعٌ مَعْطُوفٌ مَنْصُوبٌ
2182,1,و( يسقى ) : فعل مضارع مبني لما لم يسم فاعله مرفوع,وَ( يُسْقَى ) : فِعْلٌ مُضَارِعٌ مَبْنِيٌّ لِمَا لَمْ يُسَمَّ فَاعِلُهُ مَرْفُوعٌ
2183,2,و( ميت ) : خبر ( ما ) : مجرور لفظا منصوب محلا,وَ( مَيِّتٍ ) : خَبَرُ ( مَا ) : مَجْرُورٌ لَفْظًا مَنْصُوبٌ مَحَلًّا
2184,3,و( رماد ) : اسم مجرور,وَ( رَمَادٍ ) : اسْمٌ مَجْرُورٌ
2185,2,و( مصرخ ) : خبر ( ما ) : مجرور لفظا منصوب محلا,وَ( مُصْرِخِ ) : خَبَرُ ( مَا ) : مَجْرُورٌ لَفْظًا مَنْصُوبٌ مَحَلًّا
2186,2,و( مصرخي ) : خبر ( ما ) : مجرور لفظا منصوب محلا,وَ( مُصْرِخِي ) : خَبَرُ ( مَا ) : مَجْرُورٌ لَفْظًا مَنْصُوبٌ مَحَلًّا
2187,1,و( فرع ) : مبتدأ مرفوع,وَ( فَرْعُ ) : مُبْتَدَأٌ مَرْفُوعٌ
2188,1,و( يفعل ) : فعل مضارع مرفوع,وَ( يَفْعَلُ ) : فِعْلٌ مُضَارِعٌ مَرْفُوعٌ
2189,2,بدل من ( دار البوار ) : منصوب,بَدَلٌ مِنْ ( دَارَ الْبَوَارِ ) : مَنْصُوبٌ
2190,4,و( ينفقوا ) : فعل مضارع معطوف مجزوم,وَ( يُنْفِقُوا ) : فِعْلٌ مُضَارِعٌ مَعْطُوفٌ مَجْزُومٌ
2191,1,و( ظلوم ) : خبر ( إن ) : مرفوع,وَ( ظَلُومٌ ) : خَبَرُ ( إِنَّ ) : مَرْفُوعٌ
2192,2,و( بني ) : معطوف منصوب,وَ( بَنِي ) : مَعْطُوفٌ مَنْصُوبٌ
2193,3,و( واد ) : اسم مجرور,وَ( وَادٍ ) : اسْمٌ مَجْرُورٌ
2194,2,و( يقيموا ) : فعل مضارع منصوب بأن مضمرة,وَ( يُقِيمُوا ) : فِعْلٌ مُضَارِعٌ مَنْصُوبٌ بِأَنْ مُضْمَرَةٍ
2195,1,و( سميع ) : خبر ( إن ) : مرفوع,وَ( سَمِيعُ ) : خَبَرُ ( إِنَّ ) : مَرْفُوعٌ
2196,1,و( أفئدتهم ) : مبتدأ مرفوع,وَ( أَفْئِدَتُهُمْ ) : مُبْتَدَأٌ مَرْفُوعٌ
2197,4,و( نتبع ) : فعل مضارع معطوف مجزوم,وَ( نَتَّبِعْ ) : فِعْلٌ مُضَارِعٌ مَعْطُوفٌ مَجْزُومٌ
2198,2,و( تزول ) : فعل مضارع منصوب بأن مضمرة,وَ( تَزُولَ ) : فِعْلٌ مُضَارِعٌ مَنْصُوبٌ بِأَنْ مُضْمَرَةٍ
2199,1,و( السماوات ) : معطوف مرفوع,وَ( السَّمَاوَاتُ ) : مَعْطُوفٌ مَرْفُوعٌ
2200,1,و( تغشى ) : فعل مضارع مرفوع,وَ( تَغْشَى ) : فِعْلٌ مُضَارِعٌ مَرْفُوعٌ
2201,2,و( ينذروا ) : فعل مضارع مبني لما لم يسم فاعله منصوب بأن…,وَ( يُنْذَرُوا ) : فِعْلٌ مُضَارِعٌ مَبْنِيٌّ لِمَا لَمْ يُسَمَّ فَاعِلُهُ مَنْصُوبٌ بِأَنْ مُضْمَرَةٍ
2202,2,و( يذكر ) : فعل مضارع منصوب بأن مضمرة,وَ( يَذَّكَّرَ ) : فِعْلٌ مُضَارِعٌ مَنْصُوبٌ بِأَنْ مُضْمَرَةٍ
2203,3,و( قرآن ) : معطوف مجرور,وَ( قُرْآنٍ ) : مَعْطُوفٌ مَجْرُورٌ
2204,4,و( يتمتعوا ) : فعل مضارع معطوف مجزوم,وَ( يَتَمَتَّعُوا ) : فِعْلٌ مُضَارِعٌ مَعْطُوفٌ مَجْزُومٌ
2205,4,و( يله ) : فعل مضارع معطوف مجزوم,وَ( يُلْهِ ) : فِعْلٌ مُضَارِعٌ مَعْطُوفٌ مَجْزُومٌ
2206,2,و( رازقين ) : خبر ليس مجرور لفظا منصوب محلا,وَ( رَازِقِينَ ) : خَبَرُ لَيْسَ مَجْرُورٌ لَفْظًا مَنْصُوبٌ مَحَلًّا
2207,2,و( خازنين ) : خبر ( ما ) : مجرور لفظا منصوب محلا,وَ( خَازِنِينَ ) : خَبَرُ ( مَا ) : مَجْرُورٌ لَفْظًا مَنْصُوبٌ مَحَلًّا
2208,2,و( الجان ) : مفعول به منصوب,وَ( الْجَانَ ) : مَفْعُولٌ بِهِ مَنْصُوبٌ
2209,1,توكيد ثان مرفوع,تَوْكِيدٌ ثَانٍ مَرْفُوعٌ
2210,2,و( أسجد ) : فعل مضارع منصوب بأن مضمرة,وَ( أَسْجُدَ ) : فِعْلٌ مُضَارِعٌ مَنْصُوبٌ بِأَنْ مُضْمَرَةٍ
2211,2,نعت ل( عبادك ) : منصوب,نَعْتٌ لِـ( عِبَادَكَ ) : مَنْصُوبٌ
2212,1,و( موعدهم ) : خبر ( إن ) : مرفوع,وَ( مَوْعِدُهُمْ ) : خَبَرُ ( إِنَّ ) : مَرْفُوعٌ
2213,2,نعت ل( إخوانا ) : منصوب,نَعْتٌ لِـ( إِخْوَانًا ) : مَنْصُوبٌ
2214,2,و( مخرجين ) : خبر ( ما ) : مجرور لفظا منصوب محلا,وَ( مُخْرَجِينَ ) : خَبَرُ ( مَا ) : مَجْرُورٌ لَفْظًا مَنْصُوبٌ مَحَلًّا
2215,1,خبر ( أنا ) : مرفوع,خَبَرُ ( أَنَّا ) : مَرْفُوعٌ
2216,1,و( منجوهم ) : خبر ( إن ) : مرفوع,وَ( مُنَجُّوهُمْ ) : خَبَرُ ( إِنَّ ) : مَرْفُوعٌ
2217,1,و( عمر ) : مبتدأ مرفوع,وَ( عَمْرُ ) : مُبْتَدَأٌ مَرْفُوعٌ
2218,3,و( المتوسمين ) : اسم مجرور,وَ( الْمُتَوَسِّمِينَ ) : اسْمٌ مَجْرُورٌ
2219,3,و( سبيل ) : اسم مجرور,وَ( سَبِيلٍ ) : اسْمٌ مَجْرُورٌ
2220,2,و( ظالمين ) : خبر كان منصوب,وَ( ظَالِمِينَ ) : خَبَرُ كَانَ مَنْصُوبٌ
2221,3,و( إمام ) : اسم مجرور,وَ( إِمَامٍ ) : اسْمٌ مَجْرُورٌ
2222,2,و( القرآن ) : معطوف على ( سبعا ) : منصوب,وَ( الْقُرْآنَ ) : مَعْطُوفٌ عَلَى ( سَبْعًا ) : مَنْصُوبٌ
2223,3,و( الروح ) : اسم مجرور,وَ( الرُّوحِ ) : اسْمٌ مَجْرُورٌ
2224,2,و( الأنعام ) : مفعول به منصوب,وَ( الْأَنْعَامَ ) : مَفْعُولٌ بِهِ مَنْصُوبٌ
2225,1,و( تحمل ) : فعل مضارع مرفوع,وَ( تَحْمِلُ ) : فِعْلٌ مُضَارِعٌ مَرْفُوعٌ
2226,3,و( شق ) : اسم مجرور,وَ( شِقِّ ) : اسْمٌ مَجْرُورٌ
2227,2,و( الخيل ) : معطوف على ( الأنعام ) : منصوب,وَ( الْخَيْلَ ) : مَعْطُوفٌ عَلَى ( الْأَنْعَامَ ) : مَنْصُوبٌ
2228,2,و( البغال ) : معطوف منصوب,وَ( الْبِغَالَ ) : مَعْطُوفٌ مَنْصُوبٌ
2229,2,و( الحمير ) : معطوف منصوب,وَ( الْحَمِيرَ ) : مَعْطُوفٌ مَنْصُوبٌ
2230,2,و( زينة ) : مفعول لأجله معطوف منصوب,وَ( زِينَةً ) : مَفْعُولٌ لِأَجْلِهِ مَعْطُوفٌ مَنْصُوبٌ
2231,1,و( يخلق ) : فعل مضارع مرفوع,وَ( يَخْلُقُ ) : فِعْلٌ مُضَارِعٌ مَرْفُوعٌ
2232,2,توكيد معنوي منصوب,تَوْكِيدٌ مَعْنَوِيٌّ مَنْصُوبٌ
2233,2,و( النخيل ) : معطوف منصوب,وَ( النَّخِيلَ ) : مَعْطُوفٌ مَنْصُوبٌ
2234,2,و( الأعناب ) : معطوف منصوب,وَ( الْأَعْنَابَ ) : مَعْطُوفٌ مَنْصُوبٌ
2235,1,و( النجوم ) : مبتدأ مرفوع,وَ( النُّجُومُ ) : مُبْتَدَأٌ مَرْفُوعٌ
2236,2,و( تستخرجوا ) : فعل مضارع معطوف منصوب,وَ( تَسْتَخْرِجُوا ) : فِعْلٌ مُضَارِعٌ مَعْطُوفٌ مَنْصُوبٌ
2237,2,و( سبلا ) : معطوف منصوب,وَ( سُبُلًا ) : مَعْطُوفٌ مَنْصُوبٌ
2238,2,و( علامات ) : معطوف على ( رواسي ) : منصوب,وَ( عَلَامَاتٍ ) : مَعْطُوفٌ عَلَى ( رَوَاسِيَ ) : مَنْصُوبٌ
2239,2,و( يحملوا ) : فعل مضارع منصوب بأن مضمرة,وَ( يَحْمِلُوا ) : فِعْلٌ مُضَارِعٌ مَنْصُوبٌ بِأَنْ مُضْمَرَةٍ
2240,2,و( السوء ) : معطوف على ( الخزي ) : منصوب,وَ( السُّوْءَ ) : مَعْطُوفٌ عَلَى ( الْخِزْيَ ) : مَنْصُوبٌ
2241,3,و( الشمائل ) : معطوف مجرور,وَ( الشَّمَائِلِ ) : مَعْطُوفٌ مَجْرُورٌ
2242,1,و( الملائكة ) : معطوف على ( ما ) : الأولى مرفوع,وَ( الْمَلَائِكَةُ ) : مَعْطُوفٌ عَلَى ( مَا ) : الْأُولَى مَرْفُوعٌ
2243,2,نعت مؤكد منصوب,نَعْتٌ مُؤَكِّدٌ مَنْصُوبٌ
2244,1,و( تصف ) : فعل مضارع مرفوع,وَ( تَصِفُ ) : فِعْلٌ مُضَارِعٌ مَرْفُوعٌ
2245,2,و( هدى ) : مفعول لأجله لفعل محذوف منصوب,وَ( هُدًى ) : مَفْعُولٌ لِأَجْلِهِ لِفِعْلٍ مَحْذُوفٍ مَنْصُوبٌ
2246,2,و( عبرة ) : اسم ( إن ) : مؤخر منصوب,وَ( عِبْرَةً ) : اسْمُ ( إِنَّ ) : مُؤَخَّرٌ مَنْصُوبٌ
2247,3,و( دم ) : معطوف مجرور,وَ( دَمٍ ) : مَعْطُوفٌ مَجْرُورٌ
2248,3,و( الأعناب ) : معطوف مجرور,وَ( الْأَعْنَابِ ) : مَعْطُوفٌ مَجْرُورٌ
2249,2,و( رزقا ) : معطوف منصوب,وَ( رِزْقًا ) : مَعْطُوفٌ مَنْصُوبٌ
2250,2,و( رادي ) : خبر ( ما ) : مجرور لفظا منصوب محلا,وَ( رَادِّي ) : خَبَرُ ( مَا ) : مَجْرُورٌ لَفْظًا مَنْصُوبٌ مَحَلًّا
2251,2,و( حفدة ) : معطوف منصوب,وَ( حَفَدَةً ) : مَعْطُوفٌ مَنْصُوبٌ
2252,2,و( جهرا ) : معطوف منصوب,وَ( جَهْرًا ) : مَعْطُوفٌ مَنْصُوبٌ
2253,3,و( لمح ) : اسم مجرور,وَ( لَمْحِ ) : اسْمٌ مَجْرُورٌ
2254,2,و( يوم ) : ظرف زمان معطوفمنصوب,وَ( يَوْمَ ) : ظَرْفُ زَمَانٍ مَعْطُوفٌمَنْصُوبٌ
2255,3,و( أوبار ) : معطوف مجرور,وَ( أَوْبَارِ ) : مَعْطُوفٌ مَجْرُورٌ
2256,3,و( أشعار ) : معطوف مجرور,وَ( أَشْعَارِ ) : مَعْطُوفٌ مَجْرُورٌ
2257,2,و( سرابيل ) : معطوف منصوب,وَ( سَرَابِيلَ ) : مَعْطُوفٌ مَنْصُوبٌ
2258,3,و( الإحسان ) : معطوف مجرور,وَ( الْإِحْسَانِ ) : مَعْطُوفٌ مَجْرُورٌ
2259,1,و( ينهى ) : فعل مضارع مرفوع,وَ( يَنْهَى ) : فِعْلٌ مُضَارِعٌ مَرْفُوعٌ
2260,3,و( البغي ) : معطوف مجرور,وَ( الْبَغْيِ ) : مَعْطُوفٌ مَجْرُورٌ
2261,1,خبر هي مرفوع,خَبَرُ هِيَ مَرْفُوعٌ
2262,2,و( تزل ) : فعل مضارع منصوب بأن مضمرة,وَ( تَزِلَّ ) : فِعْلٌ مُضَارِعٌ مَنْصُوبٌ بِأَنْ مُضْمَرَةٍ
2263,2,و( تذوقوا ) : فعل مضارع معطوف منصوب,وَ( تَذُوقُوا ) : فِعْلٌ مُضَارِعٌ مَعْطُوفٌ مَنْصُوبٌ
2264,2,و( يثبت ) : فعل مضارع منصوب بأن مضمرة,وَ( يُثَبِّتَ ) : فِعْلٌ مُضَارِعٌ مَنْصُوبٌ بِأَنْ مُضْمَرَةٍ
2265,2,و( هدى ) : معطوف على محل ( ليثبت ) : منصوب,وَ( هُدًى ) : مَعْطُوفٌ عَلَى مَحَلِّ ( لِيُثَبِّتَ ) : مَنْصُوبٌ
2266,1,و( قلب ) : مبتدأ مرفوع,وَ( قَلْبُ ) : مُبْتَدَأٌ مَرْفُوعٌ
2267,3,و( سمعهم ) : معطوف مجرور,وَ( سَمْعِهِمْ ) : مَعْطُوفٌ مَجْرُورٌ
2268,1,و( توفى ) : فعل مضارع مبني لما لم يسم فاعله مرفوع,وَ( تُوَفَّى ) : فِعْلٌ مُضَارِعٌ مَبْنِيٌّ لِمَا لَمْ يُسَمَّ فَاعِلُهُ مَرْفُوعٌ
2269,3,و( الخوف ) : معطوف مجرور,وَ( الْخَوْفِ ) : مَعْطُوفٌ مَجْرُورٌ
2270,2,و( تفتروا ) : فعل مضارع منصوب بأن مضمرة,وَ( تَفْتَرُوا ) : فِعْلٌ مُضَارِعٌ مَنْصُوبٌ بِأَنْ مُضْمَرَةٍ
2271,2,خبر كان ثالث منصوب,خَبَرُ كَانَ ثَالِثٌ مَنْصُوبٌ
2272,2,خبر كان رابع منصوب,خَبَرُ كَانَ رَابِعٌ مَنْصُوبٌ
2273,1,و( يحكم ) : فعل مضارع مرفوع,وَ( يَحْكُمُ ) : فِعْلٌ مُضَارِعٌ مَرْفُوعٌ
2274,3,و( الموعظة ) : معطوف مجرور,وَ( الْمَوْعِظَةِ ) : مَعْطُوفٌ مَجْرُورٌ
2275,3,و( الصابرين ) : اسم مجرور,وَ( الصَّابِرِينَ ) : اسْمٌ مَجْرُورٌ
2276,3,و( عبد ) : اسم مجرور,وَ( عَبْدِ ) : اسْمٌ مَجْرُورٌ
2277,2,بدل من ( وكيلا ) : منصوب,بَدَلٌ مِنْ ( وَكِيلًا ) : مَنْصُوبٌ
2278,1,و( تفسدن ) : فعل مضارع مرفوع,وَ( تُفْسِدُنَّ ) : فِعْلٌ مُضَارِعٌ مَرْفُوعٌ
2279,1,و( تعلن ) : فعل مضارع مرفوع,وَ( تَعْلُنَّ ) : فِعْلٌ مُضَارِعٌ مَرْفُوعٌ
2280,2,و( يسوؤوا ) : فعل مضارع منصوب بأن مضمرة,وَ( يَسُوؤُوا ) : فِعْلٌ مُضَارِعٌ مَنْصُوبٌ بِأَنْ مُضْمَرَةٍ
2281,2,و( يدخلوا ) : فعل مضارع منصوب بأن مضمرة,وَ( يَدْخُلُوا ) : فِعْلٌ مُضَارِعٌ مَنْصُوبٌ بِأَنْ مُضْمَرَةٍ
2282,2,و( يتبروا ) : فعل مضارع منصوب بأن مضمرة,وَ( يُتَبِّرُوا ) : فِعْلٌ مُضَارِعٌ مَنْصُوبٌ بِأَنْ مُضْمَرَةٍ
2283,1,و( يبشر ) : فعل مضارع مرفوع,وَ( يُبَشِّرُ ) : فِعْلٌ مُضَارِعٌ مَرْفُوعٌ
2284,1,و( يدع ) : فعل مضارع مرفوع,وَ( يَدْعُ ) : فِعْلٌ مُضَارِعٌ مَرْفُوعٌ
2285,2,"اسم منصوب على نزع الخافض أي: "" كدعائه ""","اسْمٌ مَنْصُوبٌ عَلَى نَزْعِ الْخَافِضِ أَيْ: "" كَدُعَائِهِ """
2286,1,و( نفس ) : فاعل مجرور لفظا مرفوع محلا,وَ( نَفْسِ ) : فَاعِلٌ مَجْرُورٌ لَفْظًا مَرْفُوعٌ مَحَلًّا
2287,2,تمييز ثان منصوب,تَمْيِيزٌ ثَانٍ مَنْصُوبٌ
2288,1,و( أكبر ) : معطوف على ( أكبر ) : الأولى مرفوع,وَ( أَكْبَرُ ) : مَعْطُوفٌ عَلَى ( أَكْبَرُ ) : الْأُولَى مَرْفُوعٌ
2289,3,و( الأوابين ) : اسم مجرور,وَ( الْأَوَّابِينَ ) : اسْمٌ مَجْرُورٌ
2290,3,و( العهد ) : اسم مجرور,وَ( الْعَهْدِ ) : اسْمٌ مَجْرُورٌ
2291,2,و( البصر ) : معطوف منصوب,وَ( الْبَصَرَ ) : مَعْطُوفٌ مَنْصُوبٌ
2292,2,و( الفؤاد ) : معطوف منصوب,وَ( الْفُؤَادَ ) : مَعْطُوفٌ مَنْصُوبٌ
2293,2,و( تلقى ) : فعل مضارع مبني لما لم يسم فاعله منصوب بأن م…,وَ( تُلْقَى ) : فِعْلٌ مُضَارِعٌ مَبْنِيٌّ لِمَا لَمْ يُسَمَّ فَاعِلُهُ مَنْصُوبٌ بِأَنْ مُضْمَرَةٍ
2294,1,و( ينغضون ) : فعل مضارع مرفوع,وَ( يُنْغِضُونَ ) : فِعْلٌ مُضَارِعٌ مَرْفُوعٌ
2295,1,و( تستجيبون ) : فعل مضارع مرفوع,وَ( تَسْتَجِيبُونَ ) : فِعْلٌ مُضَارِعٌ مَرْفُوعٌ
2296,2,معطوف على ( كشف ) : منصوب,مَعْطُوفٌ عَلَى ( كَشْفَ ) : مَنْصُوبٌ
2297,1,اسم استفهام مبتدأ مرفوع,اسْمُ اسْتِفْهَامٍ مُبْتَدَأٌ مَرْفُوعٌ
2298,1,و( يرجون ) : فعل مضارع مرفوع,وَ( يَرْجُونَ ) : فِعْلٌ مُضَارِعٌ مَرْفُوعٌ
2299,2,و( الشجرة ) : معطوف منصوب,وَ( الشَّجَرَةَ ) : مَعْطُوفٌ مَنْصُوبٌ
2300,1,و( نخوف ) : فعل مضارع مرفوع,وَ( نُخَوِّفُ ) : فِعْلٌ مُضَارِعٌ مَرْفُوعٌ
2301,1,و( أسجد ) : فعل مضارع مرفوع,وَ( أَسْجُدُ ) : فِعْلٌ مُضَارِعٌ مَرْفُوعٌ
2302,2,"اسم منصوب على نزع الخافض أي: "" من طين ""","اسْمٌ مَنْصُوبٌ عَلَى نَزْعِ الْخَافِضِ أَيْ: "" مِنْ طِينٍ """
2303,3,و( صوت ) : اسم مجرور,وَ( صَوْتِ ) : اسْمٌ مَجْرُورٌ
2304,3,و( خيل ) : اسم مجرور,وَ( خَيْلِ ) : اسْمٌ مَجْرُورٌ
2305,3,و( رجل ) : معطوف مجرور,وَ( رَجِلِ ) : مَعْطُوفٌ مَجْرُورٌ
2306,2,فعل مضارع منصوب لأنه معطوف على منصوب,فِعْلٌ مُضَارِعٌ مَنْصُوبٌ لِأَنَّهُ مَعْطُوفٌ عَلَى مَنْصُوبٌ
2307,2,و( يغرق ) : فعل مضارع معطوف منصوب,وَ( يُغْرِقَ ) : فِعْلٌ مُضَارِعٌ مَعْطُوفٌ مَنْصُوبٌ
2308,3,و( إمام ) : اسم مجرور,وَ( إِمَامِ ) : اسْمٌ مَجْرُورٌ
2309,1,و( يفتنون ) : فعل مضارع مرفوع,وَ( يَفْتِنُونَ ) : فِعْلٌ مُضَارِعٌ مَرْفُوعٌ
2310,2,و( تفتري ) : فعل مضارع منصوب بأن مضمرة,وَ( تَفْتَرِيَ ) : فِعْلٌ مُضَارِعٌ مَنْصُوبٌ بِأَنْ مُضْمَرَةٍ
2311,2,و( ضعف ) : معطوف منصوب,وَ( ضِعْفَ ) : مَعْطُوفٌ مَنْصُوبٌ
2312,1,و( يستفزون ) : فعل مضارع مرفوع,وَ( يَسْتَفِزُّونَ ) : فِعْلٌ مُضَارِعٌ مَرْفُوعٌ
2313,2,و( يخرجوا ) : فعل مضارع منصوب بأن مضمرة,وَ( يُخْرِجُوا ) : فِعْلٌ مُضَارِعٌ مَنْصُوبٌ بِأَنْ مُضْمَرَةٍ
2314,3,و( سنت ) : اسم مجرور,وَ( سُنَّتِ ) : اسْمٌ مَجْرُورٌ
2315,3,و( دلوك ) : اسم مجرور,وَ( دُلُوكِ ) : اسْمٌ مَجْرُورٌ
2316,2,و( قرآن ) : معطوف على ( الصلاة ) : منصوب,وَ( قُرْآنَ ) : مَعْطُوفٌ عَلَى ( الصَّلَاةَ ) : مَنْصُوبٌ
2317,1,و( ننزل ) : فعل مضارع مرفوع,وَ( نُنَزِّلُ ) : فِعْلٌ مُضَارِعٌ مَرْفُوعٌ
2318,3,و( عنب ) : معطوف مجرور,وَ( عِنَبٍ ) : مَعْطُوفٌ مَجْرُورٌ
2319,2,و( تفجر ) : فعل مضارع معطوف منصوب,وَ( تُفَجِّرَ ) : فِعْلٌ مُضَارِعٌ مَعْطُوفٌ مَنْصُوبٌ
2320,3,و( رقي ) : اسم مجرور,وَ( رُقِيِّ ) : اسْمٌ مَجْرُورٌ
2321,1,و( الله ) : اسم الجلالة فاعل مجرور لفظا مرفوع محلا,وَ( اللَّهِ ) : اسْمُ الْجَلَالَةِ فَاعِلٌ مَجْرُورٌ لَفْظًا مَرْفُوعٌ مَحَلًّا
2322,2,و( بكما ) : معطوف منصوب,وَ( بُكْمًا ) : مَعْطُوفٌ مَنْصُوبٌ
2323,2,و( صما ) : معطوف منصوب,وَ( صُمًّا ) : مَعْطُوفٌ مَنْصُوبٌ
2324,2,و( قرآنا ) : مفعول به منصوب,وَ( قُرْآنًا ) : مَفْعُولٌ بِهِ مَنْصُوبٌ
2325,2,و( تقرأ ) : فعل مضارع منصوب بأن مضمرة,وَ( تَقْرَأَ ) : فِعْلٌ مُضَارِعٌ مَنْصُوبٌ بِأَنْ مُضْمَرَةٍ
2326,2,و( مفعولا ) : خبر كان منصوب,وَ( مَفْعُولًا ) : خَبَرُ كَانَ مَنْصُوبٌ
2327,1,و( يخرون ) : فعل مضارع مرفوع,وَ( يَخِرُّونَ ) : فِعْلٌ مُضَارِعٌ مَرْفُوعٌ
2328,2,اسم شرط جازم مفعول به مقدم منصوب,اسْمُ شَرْطٍ جَازِمٌ مَفْعُولٌ بِهِ مُقَدَّمٌ مَنْصُوبٌ
2329,3,و( صلات ) : اسم مجرور,وَ( صَلَاتِ ) : اسْمٌ مَجْرُورٌ
2330,2,و( يبشر ) : فعل مضارع معطوف منصوب,وَ( يُبَشِّرَ ) : فِعْلٌ مُضَارِعٌ مَعْطُوفٌ مَنْصُوبٌ
2331,3,والمصدر المؤول من ( أن ) : وما بعدها مجرور بحرف جر محذو…,وَالْمَصْدَرُ الْمُؤَوَّلُ مِنْ ( أَنَّ ) : وَمَا بَعْدَهَا مَجْرُورٌ بِحَرْفِ جَرٍّ مَحْذُوفٍ.
2332,2,و( ينذر ) : فعل مضارع معطوف على ( ينذر ) : الأول منصوب,وَ( يُنْذِرَ ) : فِعْلٌ مُضَارِعٌ مَعْطُوفٌ عَلَى ( يُنْذِرَ ) : الْأَوَّلِ مَنْصُوبٌ
2333,2,و( نبلو ) : فعل مضارع منصوب بأن مضمرة,وَ( نَبْلُوَ ) : فِعْلٌ مُضَارِعٌ مَنْصُوبٌ بِأَنْ مُضْمَرَةٍ
2334,1,و( جاعلون ) : خبر ( إن ) : مرفوع,وَ( جَاعِلُونَ ) : خَبَرُ ( إِنَّ ) : مَرْفُوعٌ
2335,3,و( الرقيم ) : معطوف مجرور,وَ( الرَّقِيمِ ) : مَعْطُوفٌ مَجْرُورٌ
2336,4,و( يهيء ) : فعل مضارع مجزوم,وَ( يُهَيِّءْ ) : فِعْلٌ مُضَارِعٌ مَجْزُومٌ
2337,1,و( تحسب ) : فعل مضارع مرفوع,وَ( تَحْسَبُ ) : فِعْلٌ مُضَارِعٌ مَرْفُوعٌ
2338,2,و( ذات ) : ظرف مكان معطوفمنصوب,وَ( ذَاتَ ) : ظَرْفُ مَكَانٍ مَعْطُوفٌمَنْصُوبٌ
2339,1,و( كلبهم ) : مبتدأ مرفوع,وَ( كَلْبُهُمْ ) : مُبْتَدَأٌ مَرْفُوعٌ
2340,3,و( الوصيد ) : اسم مجرور,وَ( الْوَصِيدِ ) : اسْمٌ مَجْرُورٌ
2341,2,و( يتساءلوا ) : فعل مضارع منصوب بأن مضمرة,وَ( يَتَسَاءَلُوا ) : فِعْلٌ مُضَارِعٌ مَنْصُوبٌ بِأَنْ مُضْمَرَةٍ
2342,3,و( ورق ) : اسم مجرور,وَ( وَرِقِ ) : اسْمٌ مَجْرُورٌ
2343,1,خبر أي مرفوع,خَبَرُ أَيُّ مَرْفُوعٌ
2344,3,و( رزق ) : اسم مجرور,وَ( رِزْقٍ ) : اسْمٌ مَجْرُورٌ
2345,4,و( يتلطف ) : فعل مضارع مجزوم,وَ( يَتَلَطَّفْ ) : فِعْلٌ مُضَارِعٌ مَجْزُومٌ
2346,1,و( ثامنهم ) : مبتدأ مرفوع,وَ( ثَامِنُهُمْ ) : مُبْتَدَأٌ مَرْفُوعٌ
2347,3,و( أقرب ) : اسم مجرور,وَ( أَقْرَبَ ) : اسْمٌ مَجْرُورٌ
2348,4,و( يؤمن ) : فعل مضارع مجزوم,وَ( يُؤْمِنْ ) : فِعْلٌ مُضَارِعٌ مَجْزُومٌ
2349,4,و( يكفر ) : فعل مضارع مجزوم,وَ( يَكْفُرْ ) : فِعْلٌ مُضَارِعٌ مَجْزُومٌ
2350,1,و( يلبسون ) : فعل مضارع مرفوع,وَ( يَلْبَسُونَ ) : فِعْلٌ مُضَارِعٌ مَرْفُوعٌ
2351,3,و( إستبرق ) : اسم مجرور,وَ( إِسْتَبْرَقٍ ) : اسْمٌ مَجْرُورٌ
2352,3,و( أحد ) : اسم مجرور,وَ( أَحَدِ ) : اسْمٌ مَجْرُورٌ
2353,3,و( نخل ) : اسم مجرور,وَ( نَخْلٍ ) : اسْمٌ مَجْرُورٌ
2354,1,و( أعز ) : معطوف على ( أكثر ) : مرفوع,وَ( أَعَزُّ ) : مَعْطُوفٌ عَلَى ( أَكْثَرُ ) : مَرْفُوعٌ
2355,1,اسم الجلالة مبتدأ ثالث مرفوع,اسْمُ الْجَلَالَةِ مُبْتَدَأٌ ثَالِثٌ مَرْفُوعٌ
2356,1,خبر ثالث ( الله ) : مرفوع,خَبَرٌ ثَالِثٌ ( اللَّهُ ) : مَرْفُوعٌ
2357,2,و( ولدا ) : معطوف منصوب,وَ( وَلَدًا ) : مَعْطُوفٌ مَنْصُوبٌ
2358,2,و( تصبح ) : فعل مضارع معطوف منصوب,وَ( تُصْبِحَ ) : فِعْلٌ مُضَارِعٌ مَعْطُوفٌ مَنْصُوبٌ
2359,3,و( ثمر ) : اسم مجرور,وَ( ثَمَرِ ) : اسْمٌ مَجْرُورٌ
2360,1,و( البنون ) : معطوف مرفوع,وَ( الْبَنُونَ ) : مَعْطُوفٌ مَرْفُوعٌ
2361,2,و( ويلتنا ) : منادى منصوب لأنه مضاف,وَ( وَيْلَتَنَا ) : مُنَادًى مَنْصُوبٌ لِأَنَّهُ مُضَافٌ
2362,2,معطوف على ( خلق ) : الأولى منصوب,مَعْطُوفٌ عَلَى ( خَلَقَ ) : الْأُولَى مَنْصُوبٌ
2363,2,و( يستغفروا ) : فعل مضارع معطوف منصوب,وَ( يَسْتَغْفِرُوا ) : فِعْلٌ مُضَارِعٌ مَعْطُوفٌ مَنْصُوبٌ
2364,1,و( يجادل ) : فعل مضارع مرفوع,وَ( يُجَادِلُ ) : فِعْلٌ مُضَارِعٌ مَرْفُوعٌ
2365,3,و( مهلك ) : اسم مجرور,وَ( مَهْلِكِ ) : اسْمٌ مَجْرُورٌ
2366,2,و( تغرق ) : فعل مضارع منصوب بأن مضمرة,وَ( تُغْرِقَ ) : فِعْلٌ مُضَارِعٌ مَنْصُوبٌ بِأَنْ مُضْمَرَةٍ
2367,3,و( بين ) : معطوف مجرور,وَ( بَيْنِ ) : مَعْطُوفٌ مَجْرُورٌ
2368,3,و( مساكين ) : اسم مجرور,وَ( مَسَاكِينَ ) : اسْمٌ مَجْرُورٌ
2369,2,و( أقرب ) : معطوف منصوب,وَ( أَقْرَبَ ) : مَعْطُوفٌ مَنْصُوبٌ
2370,3,و( غلامين ) : اسم مجرور,وَ( غُلَامَيْنِ ) : اسْمٌ مَجْرُورٌ
2371,2,و( يستخرجا ) : فعل مضارع معطوف منصوب,وَ( يَسْتَخْرِجَا ) : فِعْلٌ مُضَارِعٌ مَعْطُوفٌ مَنْصُوبٌ
2372,1,و( أتلوا ) : فعل مضارع مرفوع,وَ( أَتْلُوا ) : فِعْلٌ مُضَارِعٌ مَرْفُوعٌ
2373,2,و( مأجوج ) : معطوف منصوب,وَ( مَأْجُوجَ ) : مَعْطُوفٌ مَنْصُوبٌ
2374,3,و( الأخسرين ) : اسم مجرور,وَ( الْأَخْسَرِينَ ) : اسْمٌ مَجْرُورٌ
2375,3,و( لقائ ) : معطوف مجرور,وَ( لِقَائِ ) : مَعْطُوفٌ مَجْرُورٌ
2376,2,و( رسل ) : معطوف منصوب,وَ( رُسُلِ ) : مَعْطُوفٌ مَنْصُوبٌ
2377,4,و( يعمل ) : فعل مضارع جواب الشرط مجزوم,وَ( يَعْمَلْ ) : فِعْلٌ مُضَارِعٌ جَوَابُ الشَّرْطِ مَجْزُومٌ
2378,3,و( عبادة ) : اسم مجرور,وَ( عِبَادَةِ ) : اسْمٌ مَجْرُورٌ
2379,3,و( دعائ ) : اسم مجرور,وَ( دُعَائِ ) : اسْمٌ مَجْرُورٌ
2380,1,اسم كانت مرفوع,اسْمُ كَانَتْ مَرْفُوعٌ
2381,1,و( يرث ) : فعل مضارع مرفوع,وَ( يَرِثُ ) : فِعْلٌ مُضَارِعٌ مَرْفُوعٌ
2382,2,و( حنانا ) : معطوف منصوب,وَ( حَنَانًا ) : مَعْطُوفٌ مَنْصُوبٌ
2383,2,و( زكاة ) : معطوف على ( حنانا ) : منصوب,وَ( زَكَاةً ) : مَعْطُوفٌ عَلَى ( حَنَانًا ) : مَنْصُوبٌ
2384,2,و( برا ) : معطوف منصوب,وَ( بَرًّا ) : مَعْطُوفٌ مَنْصُوبٌ
2385,2,و( أهب ) : فعل مضارع منصوب بأن مضمرة,وَ( أَهَبَ ) : فِعْلٌ مُضَارِعٌ مَنْصُوبٌ بِأَنْ مُضْمَرَةٍ
2386,2,و( رحمة ) : معطوف على ( آية ) : منصوب,وَ( رَحْمَةً ) : مَعْطُوفٌ عَلَى ( آيَةً ) : مَنْصُوبٌ
2387,3,و( جذع ) : اسم مجرور,وَ( جِذْعِ ) : اسْمٌ مَجْرُورٌ
2388,2,و( أخت ) : منادى منصوب لأنه مضاف,وَ( أُخْتَ ) : مُنَادًى مَنْصُوبٌ لِأَنَّهُ مُضَافٌ
2389,2,و( برا ) : مفعول به ثان منصوب,وَ( بَرًّا ) : مَفْعُولٌ بِهِ ثَانٍ مَنْصُوبٌ
2390,3,و( والدت ) : اسم مجرور,وَ( وَالِدَتِ ) : اسْمٌ مَجْرُورٌ
2391,2,و( يوم ) : معطوف على ( يوم ) : الأولى منصوب,وَ( يَوْمَ ) : مَعْطُوفٌ عَلَى ( يَوْمَ ) : الْأُولَى مَنْصُوبٌ
2392,2,و( يوم ) : معطوف على ( يوم ) : منصوب,وَ( يَوْمَ ) : مَعْطُوفٌ عَلَى ( يَوْمَ ) : مَنْصُوبٌ
2393,2,"مفعول مطلق لفعل محذوف تقديره "" أقول "" منصوب","مَفْعُولٌ مُطْلَقٌ لِفِعْلٍ مَحْذُوفٍ تَقْدِيرُهُ "" أَقُولُ "" مَنْصُوبٌ"
2394,1,و( رب ) : معطوف على ( ربي ) : مرفوع,وَ( رَبُّ ) : مَعْطُوفٌ عَلَى ( رَبِّي ) : مَرْفُوعٌ
2395,3,و( الشيطان ) : اسم مجرور,وَ( الشَّيْطَانِ ) : اسْمٌ مَجْرُورٌ
2396,1,و( راغب ) : خبر مقدم مرفوع,وَ( رَاغِبٌ ) : خَبَرٌ مُقَدَّمٌ مَرْفُوعٌ
2397,1,و( أستغفر ) : فعل مضارع مرفوع,وَ( أَسْتَغْفِرُ ) : فِعْلٌ مُضَارِعٌ مَرْفُوعٌ
2398,1,و( أعتزل ) : فعل مضارع مرفوع,وَ( أَعْتَزِلُ ) : فِعْلٌ مُضَارِعٌ مَرْفُوعٌ
2399,1,و( أدعو ) : فعل مضارع مرفوع,وَ( أَدْعُو ) : فِعْلٌ مُضَارِعٌ مَرْفُوعٌ
2400,2,و( يعقوب ) : معطوف على ( إسحاق ) : منصوب,وَ( يَعْقُوبَ ) : مَعْطُوفٌ عَلَى ( إِسْحَاقَ ) : مَنْصُوبٌ
2401,3,و( إسرائيل ) : معطوف مجرور,وَ( إِسْرَائِيلَ ) : مَعْطُوفٌ مَجْرُورٌ
2402,2,و( بكيا ) : معطوف منصوب,وَ( بُكِيَّا ) : مَعْطُوفٌ مَنْصُوبٌ
2403,2,بدل من ( الجنة ) : منصوب,بَدَلٌ مِنَ ( الْجَنَّةِ ) : مَنْصُوبٌ
2404,2,و( الشياطين ) : معطوف على مفعول ( نحشرن ) : منصوب,وَ( الشَّيَاطِينَ ) : مَعْطُوفٌ عَلَى مَفْعُولِ ( نَحْشُرَنَّ ) : مَنْصُوبٌ
2405,1,و( أحسن ) : معطوف على ( خير ) : مرفوع,وَ( أَحْسَنُ ) : مَعْطُوفٌ عَلَى ( خَيْرٌ ) : مَرْفُوعٌ
2406,2,و( رئيا ) : معطوف منصوب,وَ( رِئْيًا ) : مَعْطُوفٌ مَنْصُوبٌ
2407,4,و( يمدد ) : فعل مضارع جواب الشرط مجزوم,وَ( يُمْدِدْ ) : فِعْلٌ مُضَارِعٌ جَوَابُ الشَّرْطِ مَجْزُومٌ
2408,1,و( أضعف ) : معطوف على ( شر ) : مرفوع,وَ( أَضْعَفُ ) : مَعْطُوفٌ عَلَى ( شَرٌّ ) : مَرْفُوعٌ
2409,1,و( خير ) : معطوف على ( خير ) : الأولى مرفوع,وَ( خَيْرٌ ) : مَعْطُوفٌ عَلَى ( خَيْرٌ ) : الْأُولَى مَرْفُوعٌ
2410,2,و( ولدا ) : معطوف على ( مالا ) : منصوب,وَ( وَلَدًا ) : مَعْطُوفٌ عَلَى ( مَالًا ) : مَنْصُوبٌ
2411,1,و( نمد ) : فعل مضارع مرفوع,وَ( نُمِدُّ ) : فِعْلٌ مُضَارِعٌ مَرْفُوعٌ
2412,1,و( نرث ) : فعل مضارع مرفوع,وَ( نَرِثُ ) : فِعْلٌ مُضَارِعٌ مَرْفُوعٌ
2413,1,و( يكونون ) : فعل مضارع مرفوع,وَ( يَكُونُونَ ) : فِعْلٌ مُضَارِعٌ مَرْفُوعٌ
2414,1,و( نسوق ) : فعل مضارع مرفوع,وَ( نَسُوقُ ) : فِعْلٌ مُضَارِعٌ مَرْفُوعٌ
2415,2,نعت ل( شيئا ) : منصوب,نَعْتٌ لِـ( شَيْئًا ) : مَنْصُوبٌ
2416,1,و( تنشق ) : فعل مضارع مرفوع,وَ( تَنْشَقُّ ) : فِعْلٌ مُضَارِعٌ مَرْفُوعٌ
2417,1,و( تخر ) : فعل مضارع مرفوع,وَ( تَخِرُّ ) : فِعْلٌ مُضَارِعٌ مَرْفُوعٌ
2418,1,و( كلهم ) : مبتدأ مرفوع,وَ( كُلُّهُمْ ) : مُبْتَدَأٌ مَرْفُوعٌ
2419,2,و( تبشر ) : فعل مضارع منصوب بأن مضمرة,وَ( تُبَشِّرَ ) : فِعْلٌ مُضَارِعٌ مَنْصُوبٌ بِأَنْ مُضْمَرَةٍ
2420,2,"مفعول مطلق لفعل محذوف تقديره "" نزلناه "" منصوب","مَفْعُولٌ مُطْلَقٌ لِفِعْلٍ مَحْذُوفٍ تَقْدِيرُهُ "" نَزَّلْنَاهُ "" مَنْصُوبٌ"
2421,2,و( السماوات ) : معطوف منصوب,وَ( السَّمَاوَاتِ ) : مَعْطُوفٌ مَنْصُوبٌ
2422,2,و( أخفى ) : معطوف على ( السر ) : منصوب,وَ( أَخْفَى ) : مَعْطُوفٌ عَلَى ( السِّرَّ ) : مَنْصُوبٌ
2423,1,نعت ل( الأسماء ) : مرفوع,نَعْتٌ لِـ( الْأَسْمَاءُ ) : مَرْفُوعٌ
2424,1,خبر لعل مرفوع,خَبَرُ لَعَلَّ مَرْفُوعٌ
2425,3,و( قبس ) : اسم مجرور,وَ( قَبَسٍ ) : اسْمٌ مَجْرُورٌ
2426,3,بدل من ( الوادي ) : مجرور,بَدَلٌ مِنَ ( الْوَادِي ) : مَجْرُورٌ
2427,2,و( تردى ) : فعل مضارع منصوب بأن مضمرة,وَ( تَرْدَى ) : فِعْلٌ مُضَارِعٌ مَنْصُوبٌ بِأَنْ مُضْمَرَةٍ
2428,1,و( أهش ) : فعل مضارع مرفوع,وَ( أَهُشُّ ) : فِعْلٌ مُضَارِعٌ مَرْفُوعٌ
2429,1,و( نعيد ) : فعل مضارع مرفوع,وَ( نُعِيدُ ) : فِعْلٌ مُضَارِعٌ مَرْفُوعٌ
2430,2,"اسم منصوب على نزع الخافض أي: "" إلى سيرتها ""","اسْمٌ مَنْصُوبٌ عَلَى نَزْعِ الْخَافِضِ أَيْ: "" إِلَى سِيرَتِهَا """
2431,2,نعت ل( آية ) : منصوب,نَعْتٌ لِـ( آيَةً ) : مَنْصُوبٌ
2432,2,بدل من ( وزيرا ) : منصوب,بَدَلٌ مِنْ ( وَزِيرًا ) : مَنْصُوبٌ
2433,2,و( نذكر ) : فعل مضارع معطوف منصوب,وَ( نَذْكُرَ ) : فِعْلٌ مُضَارِعٌ مَعْطُوفٌ مَنْصُوبٌ
2434,4,و( يلق ) : فعل مضارع مجزوم,وَ( يُلْقِ ) : فِعْلٌ مُضَارِعٌ مَجْزُومٌ
2435,3,و( الساحل ) : اسم مجرور,وَ( السَّاحِلِ ) : اسْمٌ مَجْرُورٌ
2436,1,و( عدو ) : معطوف على ( عدو ) : مرفوع,وَ( عَدُوٌّ ) : مَعْطُوفٌ عَلَى ( عَدُوٌّ ) : مَرْفُوعٌ
2437,2,و( تصنع ) : فعل مضارع مبني لما لم يسم فاعله منصوب بأن م…,وَ( تُصْنَعَ ) : فِعْلٌ مُضَارِعٌ مَبْنِيٌّ لِمَا لَمْ يُسَمَّ فَاعِلُهُ مَنْصُوبٌ بِأَنْ مُضْمَرَةٍ
2438,1,و( أخو ) : معطوف على الضمير المستتر مرفوع,وَ( أَخُو ) : مَعْطُوفٌ عَلَى الضَّمِيرِ الْمُسْتَتِرِ مَرْفُوعٌ
2439,1,و( أرى ) : فعل مضارع مرفوع,وَ( أَرَى ) : فِعْلٌ مُضَارِعٌ مَرْفُوعٌ
2440,3,نعت ل( نبات ) : مجرور,نَعْتٌ لِـ( نَبَاتٍ ) : مَجْرُورٌ
2441,2,نعت ل( تارة ) : منصوب,نَعْتٌ لِـ( تَارَةً ) : مَنْصُوبٌ
2442,2,و( بين ) : معطوف على ( بين ) : منصوب,وَ( بَيْنَ ) : مَعْطُوفٌ عَلَى ( بَيْنَ ) : مَنْصُوبٌ
2443,2,بدل من ( موعدا ) : منصوب,بَدَلٌ مِنْ ( مَوْعِدًا ) : مَنْصُوبٌ
2444,2,نعت ل( مكانا ) : منصوب,نَعْتٌ لِـ( مَكَانًا ) : مَنْصُوبٌ
2445,2,و( يسحت ) : فعل مضارع منصوب بأن مضمرة,وَ( يُسْحِتَ ) : فِعْلٌ مُضَارِعٌ مَنْصُوبٌ بِأَنْ مُضْمَرَةٍ
2446,1,و( ساحران ) : خبر مرفوع,وَ( سَاحِرَانِ ) : خَبَرٌ مَرْفُوعٌ
2447,2,و( يذهبا ) : فعل مضارع معطوف منصوب,وَ( يَذْهَبَا ) : فِعْلٌ مُضَارِعٌ مَعْطُوفٌ مَنْصُوبٌ
2448,3,و( طريقت ) : اسم مجرور,وَ( طَرِيقَتِ ) : اسْمٌ مَجْرُورٌ
2449,3,نعت ل( طريقة ) : مجرور,نَعْتٌ لِـ( طَرِيقَة ) : مَجْرُورٌ
2450,1,و( عصيهم ) : معطوف على ( حبالهم ) : مرفوع,وَ( عِصِيُّهُمْ ) : مَعْطُوفٌ عَلَى ( حِبَالُهُمْ ) : مَرْفُوعٌ
2451,2,بدل من ( هذه ) : منصوب,بَدَلٌ مِنْ ( هَذِهِ ) : مَنْصُوبٌ
2452,2,نعت ل( الحياة ) : منصوب,نَعْتٌ لِـ( الْحَيَاةَ ) : مَنْصُوبٌ
2453,1,نعت ل( الدرجات ) : مرفوع,نَعْتٌ لِـ( الدَّرَجَاتُ ) : مَرْفُوعٌ
2454,1,بدل من ( الدرجات ) : مرفوع,بَدَلٌ مِنْ ( الدَّرَجَاتُ ) : مَرْفُوعٌ
2455,2,نعت ل( طريقا ) : منصوب,نَعْتٌ لِـ( طَرِيقًا ) : مَنْصُوبٌ
2456,3,و( جنود ) : اسم مجرور,وَ( جُنُودِ ) : اسْمٌ مَجْرُورٌ
2457,2,نعت ل( جانب ) : منصوب,نَعْتٌ لِـ( جَانِبَ ) : مَنْصُوبٌ
2458,2,و( يحل ) : فعل مضارع منصوب بأن مضمرة,وَ( يَحِلَّ ) : فِعْلٌ مُضَارِعٌ مَنْصُوبٌ بِأَنْ مُضْمَرَةٍ
2459,1,و( غفار ) : خبر ( إن ) : مرفوع,وَ( غَفَّارٌ ) : خَبَرُ ( إِنَّ ) : مَرْفُوعٌ
2460,2,و( ترضى ) : فعل مضارع منصوب بأن مضمرة,وَ( تَرْضَى ) : فِعْلٌ مُضَارِعٌ مَنْصُوبٌ بِأَنْ مُضْمَرَةٍ
2461,3,و( ملك ) : اسم مجرور,وَ( مَلْكِ ) : اسْمٌ مَجْرُورٌ
2462,2,نعت ل( عجلا ) : منصوب,نَعْتٌ لِـ( عِجْلًا ) : مَنْصُوبٌ
2463,1,و( إله ) : معطوف على ( إله ) : مرفوع,وَ( إِلَهُ ) : مَعْطُوفٌ عَلَى ( إِلَهُ ) : مَرْفُوعٌ
2464,2,معطوف على ( ضرا ) : منصوب,مَعْطُوفٌ عَلَى ( ضَرًّا ) : مَنْصُوبٌ
2465,2,خبر ما برح منصوب,خَبَرُ مَا بَرِحَ مَنْصُوبٌ
2466,2,و( ابن ) : منادى منصوب لأنه مضاف,وَ( ابْنَ ) : مُنَادًى مَنْصُوبٌ لِأَنَّهُ مُضَافٌ
2467,3,و( أم ) : مضاف إليه مجرور,وَ( أُمِّ ) : مُضَافٌ إِلَيْهِ مَجْرُورٌ
2468,3,و( لحيت ) : اسم مجرور,وَ( لِحْيَتِ ) : اسْمٌ مَجْرُورٌ
2469,2,بدل من ( يوم القيامة ) : منصوب,بَدَلٌ مِنْ ( يَوْمَ الْقِيَامَةِ ) : مَنْصُوبٌ
2470,2,معطوف على ( عوجا ) : منصوب,مَعْطُوفٌ عَلَى ( عِوَجًا ) : مَنْصُوبٌ
2471,3,و( الحي ) : اسم مجرور,وَ( الْحَيِّ ) : اسْمٌ مَجْرُورٌ
2472,3,بدل من ( الحي ) : مجرور,بَدَلٌ مِنْ ( الْحَيِّ ) : مَجْرُورٌ
2473,2,معطوف على ( ظلما ) : منصوب,مَعْطُوفٌ عَلَى ( ظُلْمًا ) : مَنْصُوبٌ
2474,3,و( زوج ) : اسم مجرور,وَ( زَوْجِ ) : اسْمٌ مَجْرُورٌ
2475,3,و( ملك ) : معطوف على ( شجرة ) : مجرور,وَ( مُلْكٍ ) : مَعْطُوفٌ عَلَى ( شَجَرَةِ ) : مَجْرُورٌ
2476,2,نعت ل( معيشة ) : منصوب,نَعْتٌ لِـ( مَعِيشَةً ) : مَنْصُوبٌ
2477,1,و( أجل ) : معطوف على ( كلمة ) : مرفوع,وَ( أَجَلٌّ ) : مَعْطُوفٌ عَلَى ( كَلِمَةٌ ) : مَرْفُوعٌ
2478,1,نعت ل( أجل ) : مرفوع,نَعْتٌ لِـ( أَجَلٌ ) : مَرْفُوعٌ
2479,2,و( قبل ) : ظرف زمان معطوفمنصوب,وَ( قَبْلَ ) : ظَرْفُ زَمَانٍ مَعْطُوفٌمَنْصُوبٌ
2480,2,و( أطراف ) : معطوف على ( قبل ) : منصوب,وَ( أَطْرَافَ ) : مَعْطُوفٌ عَلَى ( قَبْلَ ) : مَنْصُوبٌ
2481,1,و( رزق ) : مبتدأ مرفوع,وَ( رِزْقُ ) : مُبْتَدَأٌ مَرْفُوعٌ
2482,2,و( نخزى ) : فعل مضارع معطوف منصوب,وَ( نَخْزَى ) : فِعْلٌ مُضَارِعٌ مَعْطُوفٌ مَنْصُوبٌ
2483,1,"خبر للمبتدإ محذوف تقديره "" هذه "" مرفوع","خَبَرٌ لِلْمُبْتَدَإِ مَحْذُوفٌ تَقْدِيرُهُ "" هَذِهِ "" مَرْفُوعٌ"
2484,3,و( مساكن ) : معطوف مجرور,وَ( مَسَاكِنِ ) : مَعْطُوفٌ مَجْرُورٌ
2485,2,و( ويلنا ) : منادى منصوب لأنه مضاف,وَ( وَيْلَنَا ) : مُنَادًى مَنْصُوبٌ لِأَنَّهُ مُضَافٌ
2486,2,نعت لمفعول ( جعلنا ) : منصوب,نَعْتٌ لِمَفْعُولِ ( جَعَلْنَا ) : مَنْصُوبٌ
2487,1,و( يدمغ ) : فعل مضارع مرفوع,وَ( يَدْمَغُ ) : فِعْلٌ مُضَارِعٌ مَرْفُوعٌ
2488,1,اسم الجلالة مضاف إليه مرفوع لفظا بالضمة مجرور محلا بالك…,اسْمُ الْجَلَالَةِ مُضَافٌ إِلَيْهِ مَرْفُوعٌ لَفْظًا بِالضَّمَّةِ مَجْرُورٌ مَحَلًّا بِالْكَسْرَةِ
2489,1,و( ذكر ) : معطوف مرفوع,وَ( ذِكْرُ ) : مَعْطُوفٌ مَرْفُوعٌ
2490,1,و( نبلو ) : فعل مضارع مرفوع,وَ( نَبْلُو ) : فِعْلٌ مُضَارِعٌ مَرْفُوعٌ
2491,3,و( الخير ) : معطوف مجرور,وَ( الْخَيْرِ ) : مَعْطُوفٌ مَجْرُورٌ
2492,1,و( تبهت ) : فعل مضارع مرفوع,وَ( تَبْهَتُ ) : فِعْلٌ مُضَارِعٌ مَرْفُوعٌ
2493,2,و( آباء ) : معطوف منصوب,وَ( آبَاءَ ) : مَعْطُوفٌ مَنْصُوبٌ
2494,3,و( الوحي ) : اسم مجرور,وَ( الْوَحْيِ ) : اسْمٌ مَجْرُورٌ
2495,1,و( نضع ) : فعل مضارع مرفوع,وَ( نَضَعُ ) : فِعْلٌ مُضَارِعٌ مَرْفُوعٌ
2496,2,و( ضياء ) : معطوف منصوب,وَ( ضِيَاءً ) : مَعْطُوفٌ مَنْصُوبٌ
2497,2,و( ذكرا ) : معطوف منصوب,وَ( ذِكْرًا ) : مَعْطُوفٌ مَنْصُوبٌ
2498,2,و( إيتاء ) : معطوف منصوب,وَ( إِيتَاءَ ) : مَعْطُوفٌ مَنْصُوبٌ
2499,2,نعت ل( قوم ) : منصوب,نَعْتٌ لِـ( قَوْمَ ) : مَنْصُوبٌ
2500,2,و( نوحا ) : مفعول به منصوب,وَ( نُوحًا ) : مَفْعُولٌ بِهِ مَنْصُوبٌ
2501,2,و( داود ) : مفعول به منصوب,وَ( دَاوُدَ ) : مَفْعُولٌ بِهِ مَنْصُوبٌ
2502,2,و( تحصن ) : فعل مضارع منصوب بأن مضمرة,وَ( تُحْصِنَ ) : فِعْلٌ مُضَارِعٌ مَنْصُوبٌ بِأَنْ مُضْمَرَةٍ
2503,1,و( يعملون ) : فعل مضارع مرفوع,وَ( يَعْمَلُونَ ) : فِعْلٌ مُضَارِعٌ مَرْفُوعٌ
2504,2,و( أيوب ) : مفعول به منصوب,وَ( أَيُّوبَ ) : مَفْعُولٌ بِهِ مَنْصُوبٌ
2505,3,و( العابدين ) : اسم مجرور,وَ( الْعَابِدِينَ ) : اسْمٌ مَجْرُورٌ
2506,2,و( إسماعيل ) : مفعول به منصوب,وَ( إِسْمَاعِيلَ ) : مَفْعُولٌ بِهِ مَنْصُوبٌ
2507,2,و( إدريس ) : معطوف منصوب,وَ( إِدْرِيسَ ) : مَعْطُوفٌ مَنْصُوبٌ
2508,2,و( ذا ) : مفعول به منصوب,وَ( ذَا ) : مَفْعُولٌ بِهِ مَنْصُوبٌ
2509,2,"و( زكريا ) : مفعول به لفعل محذوف تقديره "" اذكر "" منصوب","وَ( زَكَرِيَّا ) : مَفْعُولٌ بِهِ لِفِعْلٍ مَحْذُوفٍ تَقْدِيرُهُ "" اذْكُرْ "" مَنْصُوبٌ"
2510,1,و( يدعون ) : فعل مضارع مرفوع,وَ( يَدْعُونَ ) : فِعْلٌ مُضَارِعٌ مَرْفُوعٌ
2511,2,و( رهبا ) : معطوف منصوب,وَ( رَهَبًا ) : مَعْطُوفٌ مَنْصُوبٌ
2512,1,و( حرام ) : خبر مقدم مرفوع,وَ( حَرَامٌ ) : خَبَرٌ مُقَدَّمٌ مَرْفُوعٌ
2513,1,و( مأجوج ) : معطوف مرفوع,وَ( مَأْجُوجُ ) : مَعْطُوفٌ مَرْفُوعٌ
2514,1,خبر ( أنتم ) : مرفوع,خَبَرُ ( أَنْتُمْ ) : مَرْفُوعٌ
2515,1,و( تتلقا ) : فعل مضارع مرفوع,وَ( تَتَلَقَّا ) : فِعْلٌ مُضَارِعٌ مَرْفُوعٌ
2516,3,و( طي ) : اسم مجرور,وَ( طَيِّ ) : اسْمٌ مَجْرُورٌ
2517,3,و( الكتب ) : اسم مجرور,وَ( الْكُتُبِ ) : اسْمٌ مَجْرُورٌ
2518,2,و( بلاغا ) : اسم ( إن ) : منصوب,وَ( بَلَاغًا ) : اسْمُ ( إِنَّ ) : مَنْصُوبٌ
2519,1,و( تضع ) : فعل مضارع مرفوع,وَ( تَضَعُ ) : فِعْلٌ مُضَارِعٌ مَرْفُوعٌ
2520,2,و( سكارى ) : خبر ( ما ) : مجرور لفظا منصوب محلا,وَ( سُكَارَى ) : خَبَرُ ( مَا ) : مَجْرُورٌ لَفْظًا مَنْصُوبٌ مَحَلًّا
2521,1,و( يتبع ) : فعل مضارع مرفوع,وَ( يَتَّبِعُ ) : فِعْلٌ مُضَارِعٌ مَرْفُوعٌ
2522,3,و( غير ) : معطوف مجرور,وَ( غَيْرِ ) : مَعْطُوفٌ مَجْرُورٌ
2523,1,و( نقر ) : فعل مضارع مرفوع,وَ( نُقِرُّ ) : فِعْلٌ مُضَارِعٌ مَرْفُوعٌ
2524,1,و( نذيق ) : فعل مضارع مرفوع,وَ( نُذِيقُ ) : فِعْلٌ مُضَارِعٌ مَرْفُوعٌ
2525,2,و( الآخرة ) : معطوف منصوب,وَ( الْآخِرَةَ ) : مَعْطُوفٌ مَنْصُوبٌ
2526,4,و( يمدد ) : فعل مضارع جواب الشرط مجزوم بعد لام الأمر,وَ( يُمْدِدْ ) : فِعْلٌ مُضَارِعٌ جَوَابُ الشَّرْطِ مَجْزُومٌ بَعْدَ لَامِ الْأَمْرِ
2527,3,و( سبب ) : اسم مجرور,وَ( سَبَبٍ ) : اسْمٌ مَجْرُورٌ
2528,4,و( يقطع ) : فعل مضارع مجزوم بعد لام الأمر,وَ( يَقْطَعْ ) : فِعْلٌ مُضَارِعٌ مَجْزُومٌ بَعْدَ لَامِ الْأَمْرِ
2529,2,و( المجوس ) : معطوف منصوب,وَ( الْمَجُوسَ ) : مَعْطُوفٌ مَنْصُوبٌ
2530,1,و( النجوم ) : معطوف مرفوع,وَ( النُّجُومُ ) : مَعْطُوفٌ مَرْفُوعٌ
2531,1,و( الدواب ) : معطوف مرفوع,وَ( الدَّوَابُّ ) : مَعْطُوفٌ مَرْفُوعٌ
2532,1,و( كثير ) : معطوف مرفوع,وَ( كَثِيرٌ ) : مَعْطُوفٌ مَرْفُوعٌ
2533,1,و( الجلود ) : معطوف على نائب الفاعل مرفوع,وَ( الْجُلُودُ ) : مَعْطُوفٌ عَلَى نَائِبِ الْفَاعِلِ مَرْفُوعٌ
2534,3,وشبه الجملة في محل جر بدل من الضمير المجرور.,وَشِبْهُ الْجُمْلَةِ فِي مَحَلِّ جَرٍّ بَدَلٌ مِنَ الضَّمِيرِ الْمَجْرُورِ.
2535,3,و( المسجد ) : معطوف مجرور,وَ( الْمَسْجِدِ ) : مَعْطُوفٌ مَجْرُورٌ
2536,2,مصدر في موضع حال منصوب,مَصْدَرٌ فِي مَوْضِعِ حَالٍ مَنْصُوبٌ
2537,1,و( الباد ) : معطوف مرفوع,وَ( الْبَادِ ) : مَعْطُوفٌ مَرْفُوعٌ
2538,3,و( إلحاد ) : اسم مجرور,وَ( إِلْحَادٍ ) : اسْمٌ مَجْرُورٌ
2539,3,و( القائمين ) : معطوف مجرور,وَ( الْقَائِمِينَ ) : مَعْطُوفٌ مَجْرُورٌ
2540,3,و( الحج ) : اسم مجرور,وَ( الْحَجِّ ) : اسْمٌ مَجْرُورٌ
2541,2,و( يشهدوا ) : فعل مضارع منصوب بأن مضمرة,وَ( يَشْهَدُوا ) : فِعْلٌ مُضَارِعٌ مَنْصُوبٌ بِأَنْ مُضْمَرَةٍ
2542,2,و( يذكروا ) : فعل مضارع معطوف منصوب,وَ( يَذْكُرُوا ) : فِعْلٌ مُضَارِعٌ مَعْطُوفٌ مَنْصُوبٌ
2543,4,و( يقضوا ) : فعل مضارع مجزوم بلام الأمر,وَ( يَقْضُوا ) : فِعْلٌ مُضَارِعٌ مَجْزُومٌ بِلَامِ الْأَمْرِ
2544,4,و( يوفوا ) : فعل مضارع مجزوم بلام الأمر,وَ( يُوفُوا ) : فِعْلٌ مُضَارِعٌ مَجْزُومٌ بِلَامِ الْأَمْرِ
2545,4,و( يطوفوا ) : فعل مضارع مجزوم بلام الأمر,وَ( يَطَّوَّفُوا ) : فِعْلٌ مُضَارِعٌ مَجْزُومٌ بِلَامِ الْأَمْرِ
2546,3,و( البيت ) : اسم مجرور,وَ( الْبَيْتِ ) : اسْمٌ مَجْرُورٌ
2547,1,و( تخطف ) : فعل مضارع مرفوع,وَ( تَخْطَفُ ) : فِعْلٌ مُضَارِعٌ مَرْفُوعٌ
2548,2,و( يذكروا ) : فعل مضارع منصوب بأن مضمرة,وَ( يَذْكُرُوا ) : فِعْلٌ مُضَارِعٌ مَنْصُوبٌ بِأَنْ مُضْمَرَةٍ
2549,2,و( الصابرين ) : معطوف على ( المخبتين ) : منصوب,وَ( الصَّابِرِينَ ) : مَعْطُوفٌ عَلَى ( الْمُخْبِتِينَ ) : مَنْصُوبٌ
2550,2,و( المقيمي ) : معطوف على ( المخبتين ) : منصوب,وَ( الْمُقِيمِي ) : مَعْطُوفٌ عَلَى ( الْمُخْبِتِينَ ) : مَنْصُوبٌ
2551,2,و( البدن ) : مفعول به منصوب,وَ( الْبُدْنَ ) : مَفْعُولٌ بِهِ مَنْصُوبٌ
2552,2,و( المعتر ) : معطوف منصوب,وَ( الْمُعْتَرَّ ) : مَعْطُوفٌ مَنْصُوبٌ
2553,1,و( قدير ) : خبر ( إن ) : مرفوع,وَ( قَدِيرٌ ) : خَبَرُ ( إِنَّ ) : مَرْفُوعٌ
2554,2,بدل من ( الناس ) : منصوب,بَدَلٌ مِنْ ( النَّاسَ ) : مَنْصُوبٌ
2555,1,و( بيع ) : معطوف مرفوع,وَ( بِيَعٌ ) : مَعْطُوفٌ مَرْفُوعٌ
2556,1,و( صلوات ) : معطوف مرفوع,وَ( صَلَوَاتٌ ) : مَعْطُوفٌ مَرْفُوعٌ
2557,1,و( مساجد ) : معطوف مرفوع,وَ( مَسَاجِدُ ) : مَعْطُوفٌ مَرْفُوعٌ
2558,1,و( قوم ) : معطوف على ( قوم ) : مرفوع,وَ( قَوْمُ ) : مَعْطُوفٌ عَلَى ( قَوْمُ ) : مَرْفُوعٌ
2559,3,و( بئر ) : معطوف على ( قرية ) : مجرور,وَ( بِئْرٍ ) : مَعْطُوفٌ عَلَى ( قَرْيَةٍ ) : مَجْرُورٌ
2560,3,و( قصر ) : معطوف مجرور,وَ( قَصْرٍ ) : مَعْطُوفٌ مَجْرُورٌ
2561,1,معطوف على ( قلوب ) : مرفوع,مَعْطُوفٌ عَلَى ( قُلُوبٌ ) : مَرْفُوعٌ
2562,3,و( ألف ) : اسم مجرور,وَ( أَلْفِ ) : اسْمٌ مَجْرُورٌ
2563,1,و( ينسخ ) : فعل مضارع مرفوع,وَ( يَنْسَخُ ) : فِعْلٌ مُضَارِعٌ مَرْفُوعٌ
2564,3,و( القاسية ) : معطوف على ( الذين ) : مجرور,وَ( الْقَاسِيَةِ ) : مَعْطُوفٌ عَلَى ( الَّذِينَ ) : مَجْرُورٌ
2565,2,و( يؤمنوا ) : فعل مضارع معطوف منصوب,وَ( يُؤْمِنُوا ) : فِعْلٌ مُضَارِعٌ مَعْطُوفٌ مَنْصُوبٌ
2566,2,و( تخبت ) : فعل مضارع منصوب,وَ( تُخْبِتَ ) : فِعْلٌ مُضَارِعٌ مَنْصُوبٌ
2567,1,و( هاد ) : خبر ( إن ) : مرفوع,وَ( هَادِ ) : خَبَرُ ( إِنَّ ) : مَرْفُوعٌ
2568,1,و( عليم ) : خبر ( إن ) : مرفوع,وَ( عَلِيمٌ ) : خَبَرُ ( إِنَّ ) : مَرْفُوعٌ
2569,1,و( تصبح ) : فعل مضارع مرفوع,وَ( تُصْبِحُ ) : فِعْلٌ مُضَارِعٌ مَرْفُوعٌ
2570,2,و( الفلك ) : معطوف على ( ما ) : منصوب,وَ( الْفُلْكَ ) : مَعْطُوفٌ عَلَى ( مَا ) : مَنْصُوبٌ
2571,1,و( رؤوف ) : خبر ( إن ) : مرفوع,وَ( رَؤُوفٌ ) : خَبَرُ ( إِنَّ ) : مَرْفُوعٌ
2572,1,و( المطلوب ) : معطوف مرفوع,وَ( الْمَطْلُوبُ ) : مَعْطُوفٌ مَرْفُوعٌ
2573,2,و( تكونوا ) : فعل مضارع ناسخ معطوف منصوب,وَ( تَكُونُوا ) : فِعْلٌ مُضَارِعٌ نَاسِخٌ مَعْطُوفٌ مَنْصُوبٌ
2574,2,و( الزكاة ) : مفعول به مقدم مجرور لفظا منصوب محلا,وَ( الزَّكَاةِ ) : مَفْعُولٌ بِهِ مُقَدَّمٌ مَجْرُورٌ لَفْظًا مَنْصُوبٌ مَحَلًّا
2575,2,و( فروجهم ) : مفعول به مقدم مجرور لفظا منصوب محلا,وَ( فُرُوجِهِمْ ) : مَفْعُولٌ بِهِ مُقَدَّمٌ مَجْرُورٌ لَفْظًا مَنْصُوبٌ مَحَلًّا
2576,2,و( أماناتهم ) : مفعول به مقدم مجرور لفظا منصوب محلا,وَ( أَمَانَاتِهِمْ ) : مَفْعُولٌ بِهِ مُقَدَّمٌ مَجْرُورٌ لَفْظًا مَنْصُوبٌ مَحَلًّا
2577,1,بدل من اسم الجلالة مرفوع,بَدَلٌ مِنَ اسْمِ الْجَلَالَةِ مَرْفُوعٌ
2578,1,و( ميتون ) : خبر ( إن ) : مرفوع,وَ( مَيِّتُونَ ) : خَبَرُ ( إِنَّ ) : مَرْفُوعٌ
2579,2,و( شجرة ) : معطوف على ( جنات ) : منصوب,وَ( شَجَرَةً ) : مَعْطُوفٌ عَلَى ( جَنَّاتٍ ) : مَنْصُوبٌ
2580,3,و( الدهن ) : اسم مجرور,وَ( الدُّهْنِ ) : اسْمٌ مَجْرُورٌ
2581,3,و( صبغ ) : معطوف مجرور,وَ( صِبْغٍ ) : مَعْطُوفٌ مَجْرُورٌ
2582,3,و( الآكلين ) : اسم مجرور,وَ( الْآكِلِينَ ) : اسْمٌ مَجْرُورٌ
2583,2,و( مبتلين ) : خبر كان منصوب,وَ( مُبْتَلِينَ ) : خَبَرُ كَانَ مَنْصُوبٌ
2584,1,و( يشرب ) : فعل مضارع مرفوع,وَ( يَشْرَبُ ) : فِعْلٌ مُضَارِعٌ مَرْفُوعٌ
2585,1,و( يعد ) : فعل مضارع مرفوع,وَ( يَعِدُ ) : فِعْلٌ مُضَارِعٌ مَرْفُوعٌ
2586,1,و( يصبحن ) : فعل مضارع ناسخ مرفوع,وَ( يُصْبِحُنَّ ) : فِعْلٌ مُضَارِعٌ نَاسِخٌ مَرْفُوعٌ
2587,3,و( بشرين ) : اسم مجرور,وَ( بَشَرَيْنِ ) : اسْمٌ مَجْرُورٌ
2588,1,و( قوم ) : مبتدأ مرفوع,وَ( قَوْمُ ) : مُبْتَدَأٌ مَرْفُوعٌ
2589,3,و( معين ) : معطوف مجرور,وَ( مَعِينٍ ) : مَعْطُوفٌ مَجْرُورٌ
2590,1,و( خراج ) : مبتدأ مرفوع,وَ( خَرَاجُ ) : مُبْتَدَأٌ مَرْفُوعٌ
2591,1,و( تدعو ) : فعل مضارع مرفوع,وَ( تَدْعُو ) : فِعْلٌ مُضَارِعٌ مَرْفُوعٌ
2592,1,و( ناكبون ) : خبر ( إن ) : مرفوع,وَ( نَاكِبُونَ ) : خَبَرُ ( إِنَّ ) : مَرْفُوعٌ
2593,3,والمصدر المؤول ( أن نري ) : في محل جر ب( على ) : والجار…,وَالْمَصْدَرُ الْمُؤَوَّلُ ( أَنْ نُرِيَ ) : فِي مَحَلِّ جَرٍّ بِـ( عَلَى ) : وَالْجَارُّ وَالْمَجْرُورُ مُتَعَلِّقٌ بِـ( لَقَادِرُونَ ) :.
2594,1,و( أعوذ ) : فعل مضارع مرفوع,وَ( أَعُوذُ ) : فِعْلٌ مُضَارِعٌ مَرْفُوعٌ
2595,1,و( الزاني ) : معطوف مرفوع,وَ( الزَّانِي ) : مَعْطُوفٌ مَرْفُوعٌ
2596,4,و( يشهد ) : فعل مضارع مجزوم,وَ( يَشْهَدْ ) : فِعْلٌ مُضَارِعٌ مَجْزُومٌ
2597,1,و( الزانية ) : مبتدأ مرفوع,وَ( الزَّانِيَةُ ) : مُبْتَدَأٌ مَرْفُوعٌ
2598,1,و( شهادة ) : مبتدأ مرفوع,وَ( شَهَادَةُ ) : مُبْتَدَأٌ مَرْفُوعٌ
2599,1,و( الخامسة ) : مبتدأ مرفوع,وَ( الْخَامِسَةُ ) : مُبْتَدَأٌ مَرْفُوعٌ
2600,1,و( يدرأ ) : فعل مضارع مرفوع,وَ( يَدْرَأُ ) : فِعْلٌ مُضَارِعٌ مَرْفُوعٌ
2601,3,و( الإفك ) : اسم مجرور,وَ( الْإِفْكِ ) : اسْمٌ مَجْرُورٌ
2602,3,و( الشهداء ) : اسم مجرور,وَ( الشُّهَدَاءِ ) : اسْمٌ مَجْرُورٌ
2603,1,و( تحسبون ) : فعل مضارع مرفوع,وَ( تَحْسَبُونَ ) : فِعْلٌ مُضَارِعٌ مَرْفُوعٌ
2604,3,مجرور,مَجْرُورٌ
2605,2,و( المهاجرين ) : معطوف منصوب,وَ( الْمُهَاجِرِينَ ) : مَعْطُوفٌ مَنْصُوبٌ
2606,4,و( يعفوا ) : فعل مضارع مجزوم,وَ( يَعْفُوا ) : فِعْلٌ مُضَارِعٌ مَجْزُومٌ
2607,4,و( يصفحوا ) : فعل مضارع مجزوم,وَ( يَصْفَحُوا ) : فِعْلٌ مُضَارِعٌ مَجْزُومٌ
2608,1,و( أيديهم ) : معطوف مرفوع,وَ( أَيْدِيهِمْ ) : مَعْطُوفٌ مَرْفُوعٌ
2609,3,و( الخبيثين ) : اسم مجرور,وَ( الْخَبِيثِينَ ) : اسْمٌ مَجْرُورٌ
2610,1,و( الخبيثون ) : مبتدأ مرفوع,وَ( الْخَبِيثُونَ ) : مُبْتَدَأٌ مَرْفُوعٌ
2611,3,و( الخبيثات ) : اسم مجرور,وَ( الْخَبِيثَاتِ ) : اسْمٌ مَجْرُورٌ
2612,1,و( الطيبات ) : مبتدأ مرفوع,وَ( الطَّيِّبَاتُ ) : مُبْتَدَأٌ مَرْفُوعٌ
2613,3,و( الطيبين ) : اسم مجرور,وَ( الطَّيِّبِينَ ) : اسْمٌ مَجْرُورٌ
2614,1,و( الطيبون ) : مبتدأ مرفوع,وَ( الطَّيِّبُونَ ) : مُبْتَدَأٌ مَرْفُوعٌ
2615,3,و( الطيبات ) : اسم مجرور,وَ( الطَّيِّبَاتِ ) : اسْمٌ مَجْرُورٌ
2616,2,و( تسلموا ) : فعل مضارع معطوف منصوب,وَ( تُسَلِّمُوا ) : فِعْلٌ مُضَارِعٌ مَعْطُوفٌ مَنْصُوبٌ
2617,4,و( يحفظوا ) : فعل مضارع معطوف مجزوم,وَ( يَحْفَظُوا ) : فِعْلٌ مُضَارِعٌ مَعْطُوفٌ مَجْزُومٌ
2618,3,و( المؤمنات ) : اسم مجرور,وَ( الْمُؤْمِنَاتِ ) : اسْمٌ مَجْرُورٌ
2619,4,و( يحفظن ) : فعل مضارع مبني على السكون لاتصاله بنون الإ…,وَ( يَحْفَظْنَ ) : فِعْلٌ مُضَارِعٌ مَبْنِيٌّ عَلَى السُّكُونِ لِاتِّصَالِهِ بِنُونِ الْإِنَاثِ فِي مَحَلِّ جَزْمٍ لِأَنَّهُ مَعْطُوفٌ عَلَى مَجْزُومٍ
2620,3,و( خمر ) : اسم مجرور,وَ( خُمُرِ ) : اسْمٌ مَجْرُورٌ
2621,3,و( بعولت ) : اسم مجرور,وَ( بُعُولَتِ ) : اسْمٌ مَجْرُورٌ
2622,3,و( أرجل ) : اسم مجرور,وَ( أَرْجُلِ ) : اسْمٌ مَجْرُورٌ
2623,2,و( يعلم ) : فعل مضارع مبني لما لم يسم فاعله منصوب بأن م…,وَ( يُعْلَمَ ) : فِعْلٌ مُضَارِعٌ مَبْنِيٌّ لِمَا لَمْ يُسَمَّ فَاعِلُهُ مَنْصُوبٌ بِأَنْ مُضْمَرَةٍ
2624,2,و( الصالحين ) : معطوف منصوب,وَ( الصَّالِحِينَ ) : مَعْطُوفٌ مَنْصُوبٌ
2625,3,و( إمائ ) : معطوف مجرور,وَ( إِمَائِ ) : مَعْطُوفٌ مَجْرُورٌ
2626,4,و( يستعفف ) : فعل مضارع مجزوم,وَ( يَسْتَعْفِفِ ) : فِعْلٌ مُضَارِعٌ مَجْزُومٌ
2627,2,و( مثلا ) : معطوف منصوب,وَ( مَثَلًا ) : مَعْطُوفٌ مَنْصُوبٌ
2628,3,و( مشكاة ) : اسم مجرور,وَ( مِشْكَاةٍ ) : اسْمٌ مَجْرُورٌ
2629,2,و( يذكر ) : فعل مضارع مبني لما لم يسم فاعله معطوف منصوب,وَ( يُذْكَرَ ) : فِعْلٌ مُضَارِعٌ مَبْنِيٌّ لِمَا لَمْ يُسَمَّ فَاعِلُهُ مَعْطُوفٌ مَنْصُوبٌ
2630,3,و( إقام ) : معطوف مجرور,وَ( إِقَامِ ) : مَعْطُوفٌ مَجْرُورٌ
2631,1,و( الأبصار ) : معطوف مرفوع,وَ( الْأَبْصَارُ ) : مَعْطُوفٌ مَرْفُوعٌ
2632,3,و( سراب ) : اسم مجرور,وَ( سَرَابٍ ) : اسْمٌ مَجْرُورٌ
2633,3,و( قيعة ) : اسم مجرور,وَ( قِيعَةٍ ) : اسْمٌ مَجْرُورٌ
2634,3,و( ظلمات ) : اسم مجرور,وَ( ظُلُمَاتٍ ) : اسْمٌ مَجْرُورٌ
2635,1,و( الطير ) : معطوف على الفاعل ( من ) : مرفوع,وَ( الطَّيْرُ ) : مَعْطُوفٌ عَلَى الْفَاعِلِ ( مَنْ ) : مَرْفُوعٌ
2636,2,و( تسبيح ) : معطوف منصوب,وَ( تَسْبِيحَ ) : مَعْطُوفٌ مَنْصُوبٌ
2637,1,و( يصرف ) : فعل مضارع مرفوع,وَ( يَصْرِفُ ) : فِعْلٌ مُضَارِعٌ مَرْفُوعٌ
2638,3,و( الأبصار ) : اسم مجرور,وَ( الْأَبْصَارِ ) : اسْمٌ مَجْرُورٌ
2639,4,و( يخش ) : فعل مضارع معطوف مجزوم,وَ( يَخْشَ ) : فِعْلٌ مُضَارِعٌ مَعْطُوفٌ مَجْزُومٌ
2640,4,و( يتق ) : فعل مضارع معطوف مجزوم,وَ( يَتَّقِ ) : فِعْلٌ مُضَارِعٌ مَعْطُوفٌ مَجْزُومٌ
2641,1,و( يخرجن ) : فعل مضارع مرفوع,وَ( يَخْرُجُنَّ ) : فِعْلٌ مُضَارِعٌ مَرْفُوعٌ
2642,4,و( يستأذن ) : فعل مضارع مجزوم,وَ( يَسْتَأْذِنْ ) : فِعْلٌ مُضَارِعٌ مَجْزُومٌ
2643,4,و( يستأذنوا ) : فعل مضارع مجزوم,وَ( يَسْتَأْذِنُوا ) : فِعْلٌ مُضَارِعٌ مَجْزُومٌ
2644,1,و( القواعد ) : مبتدأ مرفوع,وَ( الْقَوَاعِدُ ) : مُبْتَدَأٌ مَرْفُوعٌ
2645,4,و( يحذر ) : فعل مضارع مجزوم,وَ( يَحْذَرِ ) : فِعْلٌ مُضَارِعٌ مَجْزُومٌ
2646,2,و( زورا ) : معطوف منصوب,وَ( زُورًا ) : مَعْطُوفٌ مَنْصُوبٌ
2647,1,و( يمشي ) : فعل مضارع مرفوع,وَ( يَمْشِي ) : فِعْلٌ مُضَارِعٌ مَرْفُوعٌ
2648,2,بدل من ( خيرا ) : منصوب,بَدَلٌ مِنْ ( خَيْرًا ) : مَنْصُوبٌ
2649,4,و( يجعل ) : فعل مضارع مجزوم,وَ( يَجْعَلْ ) : فِعْلٌ مُضَارِعٌ مَجْزُومٌ
2650,2,و( زفيرا ) : معطوف منصوب,وَ( زَفِيرًا ) : مَعْطُوفٌ مَنْصُوبٌ
2651,2,خبر كانت منصوب,خَبَرُ كَانَتْ مَنْصُوبٌ
2652,2,و( مصيرا ) : معطوف منصوب,وَ( مَصِيرًا ) : مَعْطُوفٌ مَنْصُوبٌ
2653,2,و( آباءهم ) : معطوف منصوب,وَ( آبَاءَهُمْ ) : مَعْطُوفٌ مَنْصُوبٌ
2654,1,و( يمشون ) : فعل مضارع مرفوع,وَ( يَمْشُونَ ) : فِعْلٌ مُضَارِعٌ مَرْفُوعٌ
2655,1,و( تصبرون ) : فعل مضارع مرفوع,وَ( تَصْبِرُونَ ) : فِعْلٌ مُضَارِعٌ مَرْفُوعٌ
2656,3,و( الغمام ) : اسم مجرور,وَ( الْغَمَامِ ) : اسْمٌ مَجْرُورٌ
2657,2,نعت ل( يوم ) : منصوب,نَعْتٌ لِـ( يَوْمَ ) : مَنْصُوبٌ
2658,2,و( ويلتى ) : منادى منصوب لأنه مضاف,وَ( وَيْلَتَى ) : مُنَادًى مَنْصُوبٌ لِأَنَّهُ مُضَافٌ
2659,2,و( نصيرا ) : معطوف منصوب,وَ( نَصِيرًا ) : مَعْطُوفٌ مَنْصُوبٌ
2660,2,و( نثبت ) : فعل مضارع منصوب بأن مضمرة,وَ( نُثَبِّتَ ) : فِعْلٌ مُضَارِعٌ مَنْصُوبٌ بِأَنْ مُضْمَرَةٍ
2661,3,و( مثل ) : اسم مجرور,وَ( مَثَلٍ ) : اسْمٌ مَجْرُورٌ
2662,3,و( أحسن ) : معطوف على ( الحق ) : مجرور,وَ( أَحْسَنَ ) : مَعْطُوفٌ عَلَى ( الْحَقِّ ) : مَجْرُورٌ
2663,1,و( أضل ) : معطوف على ( شر ) : مرفوع,وَ( أَضَلُّ ) : مَعْطُوفٌ عَلَى ( شَرٌّ ) : مَرْفُوعٌ
2664,2,بدل من ( أخاه ) : منصوب,بَدَلٌ مِنْ ( أَخَاهُ ) : مَنْصُوبٌ
2665,2,و( أصحاب ) : معطوف منصوب,وَ( أَصْحَابَ ) : مَعْطُوفٌ مَنْصُوبٌ
2666,2,و( قرونا ) : معطوف منصوب,وَ( قُرُونًا ) : مَعْطُوفٌ مَنْصُوبٌ
2667,2,نعت ل( قرونا ) : منصوب,نَعْتٌ لِـ( قُرُونًا ) : مَنْصُوبٌ
2668,2,و( كلا ) : مفعول به منصوب,وَ( كُلًّا ) : مَفْعُولٌ بِهِ مَنْصُوبٌ
2669,2,و( النوم ) : معطوف منصوب,وَ( النَّوْمَ ) : مَعْطُوفٌ مَنْصُوبٌ
2670,2,و( نحيي ) : فعل مضارع منصوب بأن مضمرة,وَ( نُحْيِيَ ) : فِعْلٌ مُضَارِعٌ مَنْصُوبٌ بِأَنْ مُضْمَرَةٍ
2671,2,و( نسقي ) : فعل مضارع معطوف منصوب,وَ( نُسْقِيَ ) : فِعْلٌ مُضَارِعٌ مَعْطُوفٌ مَنْصُوبٌ
2672,2,و( أناسي ) : معطوف منصوب,وَ( أَنَاسِيَّ ) : مَعْطُوفٌ مَنْصُوبٌ
2673,2,و( حجرا ) : معطوف منصوب,وَ( حِجْرًا ) : مَعْطُوفٌ مَنْصُوبٌ
2674,2,و( صهرا ) : معطوف منصوب,وَ( صِهْرًا ) : مَعْطُوفٌ مَنْصُوبٌ
2675,1,و( نسجد ) : فعل مضارع مرفوع,وَ( نَسْجُدُ ) : فِعْلٌ مُضَارِعٌ مَرْفُوعٌ
2676,2,و( قمرا ) : معطوف منصوب,وَ( قَمَرًا ) : مَعْطُوفٌ مَنْصُوبٌ
2677,1,و( عباد ) : مبتدأ مرفوع,وَ( عِبَادُ ) : مُبْتَدَأٌ مَرْفُوعٌ
2678,2,خبر بات منصوب,خَبَرُ بَاتَ مَنْصُوبٌ
2679,2,و( قياما ) : معطوف منصوب,وَ( قِيَامًا ) : مَعْطُوفٌ مَنْصُوبٌ
2680,2,و( مقاما ) : معطوف منصوب,وَ( مَقَامًا ) : مَعْطُوفٌ مَنْصُوبٌ
2681,4,و( يخلد ) : فعل مضارع معطوف مجزوم,وَ( يَخْلُدْ ) : فِعْلٌ مُضَارِعٌ مَعْطُوفٌ مَجْزُومٌ
2682,2,و( عميانا ) : معطوف منصوب,وَ( عُمْيَانًا ) : مَعْطُوفٌ مَنْصُوبٌ
2683,3,و( ذريات ) : معطوف مجرور,وَ( ذُرِّيَّاتِ ) : مَعْطُوفٌ مَجْرُورٌ
2684,1,و( يلقون ) : فعل مضارع مبني لما لم يسم فاعله مرفوع,وَ( يُلَقَّوْنَ ) : فِعْلٌ مُضَارِعٌ مَبْنِيٌّ لِمَا لَمْ يُسَمَّ فَاعِلُهُ مَرْفُوعٌ
2685,2,و( مقاما ) : معطوف منصوب,وَ( مُقَامًا ) : مَعْطُوفٌ مَنْصُوبٌ
2686,3,نعت ل( الكتاب ) : مجرور,نَعْتٌ لِـ( الْكِتَابِ ) : مَجْرُورٌ
2687,3,نعت ل( ذكر ) : مجرور,نَعْتٌ لِـ( ذِكْرٍ ) : مَجْرُورٌ
2688,2,تمييز مجرور لفظا منصوب محلا,تَمْيِيزٌ مَجْرُورٌ لَفْظًا مَنْصُوبٌ مَحَلًّا
2689,3,نعت ل( زوج ) : مجرور,نَعْتٌ لِـ( زَوْجٍ ) : مَجْرُورٌ
2690,2,نعت ل( القوم ) : منصوب,نَعْتٌ لِـ( الْقَوْمَ ) : مَنْصُوبٌ
2691,1,و( يضيق ) : فعل مضارع مرفوع,وَ( يَضِيقُ ) : فِعْلٌ مُضَارِعٌ مَرْفُوعٌ
2692,1,نعت ل( ثعبان ) : مرفوع,نَعْتٌ لِـ( ثُعْبَانٌ ) : مَرْفُوعٌ
2693,1,نعت ل( ساحر ) : مرفوع,نَعْتٌ لِـ( سَاحِرٌ ) : مَرْفُوعٌ
2694,3,نعت ل( سحار ) : مجرور,نَعْتٌ لِـ( سَحَّارٍ ) : مَجْرُورٌ
2695,2,و( عصي ) : معطوف منصوب,وَ( عِصِيَّ ) : مَعْطُوفٌ مَنْصُوبٌ
2696,3,و( عزة ) : اسم مجرور,وَ( عِزَّةِ ) : اسْمٌ مَجْرُورٌ
2697,1,و( شرذمة ) : خبر ( إن ) : مرفوع,وَ( شِرْذِمَةٌ ) : خَبَرُ ( إِنَّ ) : مَرْفُوعٌ
2698,1,و( غائظون ) : خبر ( إن ) : مرفوع,وَ( غَائِظُونَ ) : خَبَرُ ( إِنَّ ) : مَرْفُوعٌ
2699,1,و( جميع ) : خبر ( إن ) : مرفوع,وَ( جَمِيعٌ ) : خَبَرُ ( إِنَّ ) : مَرْفُوعٌ
2700,3,و( كنوز ) : معطوف مجرور,وَ( كُنُوزٍ ) : مَعْطُوفٌ مَجْرُورٌ
2701,3,نعت ل( مقام ) : مجرور,نَعْتٌ لِـ( مَقَامٍ ) : مَجْرُورٌ
2702,1,و( مدركون ) : خبر ( إن ) : مرفوع,وَ( مُدْرَكُونَ ) : خَبَرُ ( إِنَّ ) : مَرْفُوعٌ
2703,3,و( الطود ) : اسم مجرور,وَ( الطَّوْدِ ) : اسْمٌ مَجْرُورٌ
2704,3,نعت ل( الطود ) : مجرور,نَعْتٌ لِـ( الطَّوْدِ ) : مَجْرُورٌ
2705,1,و( نظل ) : فعل مضارع مرفوع,وَ( نَظَلُّ ) : فِعْلٌ مُضَارِعٌ مَرْفُوعٌ
2706,3,و( أب ) : اسم مجرور,وَ( أَبِ ) : اسْمٌ مَجْرُورٌ
2707,1,معطوف على ( مال ) : مرفوع,مَعْطُوفٌ عَلَى ( مَالٌ ) : مَرْفُوعٌ
2708,3,و( الغاوين ) : اسم مجرور,وَ( الْغَاوِينَ ) : اسْمٌ مَجْرُورٌ
2709,1,و( الغاوون ) : معطوف مرفوع,وَ( الْغَاوُونَ ) : مَعْطُوفٌ مَرْفُوعٌ
2710,1,معطوف على ( شافعين ) : مجرور لفظا مرفوع محلا,مَعْطُوفٌ عَلَى ( شَافِعِينَ ) : مَجْرُورٌ لَفْظًا مَرْفُوعٌ مَحَلًّا
2711,1,نعت ل( صديق ) : مجرور لفظا مرفوع محلا,نَعْتٌ لِـ( صَدِيقٍ ) : مَجْرُورٌ لَفْظًا مَرْفُوعٌ مَحَلًّا
2712,2,و( نكون ) : فعل مضارع منصوب بأن مضمرة,وَ( نَكُونَ ) : فِعْلٌ مُضَارِعٌ مَنْصُوبٌ بِأَنْ مُضْمَرَةٍ
2713,3,نعت ل( الفلك ) : مجرور,نَعْتٌ لِـ( الْفُلْكِ ) : مَجْرُورٌ
2714,1,و( تبنون ) : فعل مضارع مرفوع,وَ( تَبْنُونَ ) : فِعْلٌ مُضَارِعٌ مَرْفُوعٌ
2715,3,و( أنعام ) : اسم مجرور,وَ( أَنْعَامٍ ) : اسْمٌ مَجْرُورٌ
2716,1,و( تتركون ) : فعل مضارع مبني لما لم يسم فاعله مرفوع,وَ( تُتْرَكُونَ ) : فِعْلٌ مُضَارِعٌ مَبْنِيٌّ لِمَا لَمْ يُسَمَّ فَاعِلُهُ مَرْفُوعٌ
2717,3,بدل مجرور بإعادة حرف الجر,بَدَلٌ مَجْرُورٌ بِإِعَادَةِ حَرْفِ الْجَرِّ
2718,3,و( نخل ) : معطوف مجرور,وَ( نَخْلٍ ) : مَعْطُوفٌ مَجْرُورٌ
2719,3,و( عمل ) : اسم مجرور,وَ( عَمَلِ ) : اسْمٌ مَجْرُورٌ
2720,2,و( أهل ) : معطوف منصوب,وَ( أَهْل ) : مَعْطُوفٌ مَنْصُوبٌ
2721,2,و( الجبلة ) : معطوف منصوب,وَ( الْجِبِلَّةَ ) : مَعْطُوفٌ مَنْصُوبٌ
2722,1,و( تنزيل ) : خبر ( إن ) : مرفوع,وَ( تَنْزِيلُ ) : خَبَرُ ( إِنَّ ) : مَرْفُوعٌ
2723,1,نعت ل( الروح ) : مرفوع,نَعْتٌ لِـ( الرَّوْحُ ) : مَرْفُوعٌ
2724,3,و( لسان ) : اسم مجرور,وَ( لِسَانٍ ) : اسْمٌ مَجْرُورٌ
2725,2,نعت ل( العذاب ) : منصوب,نَعْتٌ لِـ( الْعَذَابَ ) : مَنْصُوبٌ
2726,2,و( يأتي ) : فعل مضارع معطوف منصوب,وَ( يَأْتِيَ ) : فِعْلٌ مُضَارِعٌ مَعْطُوفٌ مَنْصُوبٌ
2727,1,و( معزولون ) : خبر ( إن ) : مرفوع,وَ( مَعْزُولُونَ ) : خَبَرُ ( إِنَّ ) : مَرْفُوعٌ
2728,2,و( تقلب ) : معطوف منصوب,وَ( تَقَلُّبَ ) : مَعْطُوفٌ مَنْصُوبٌ
2729,1,و( الشعراء ) : مبتدأ مرفوع,وَ( الشُّعَرَاءُ ) : مُبْتَدَأٌ مَرْفُوعٌ
2730,3,نعت ل( كتاب ) : مجرور,نَعْتٌ لِـ( كِتَابٍ ) : مَجْرُورٌ
2731,1,و( بشرى ) : معطوف مرفوع,وَ( بُشْرَى ) : مَعْطُوفٌ مَرْفُوعٌ
2732,1,و( تلقى ) : فعل مضارع مبني لما لم يسم فاعله مرفوع,وَ( تُلَقَّى ) : فِعْلٌ مُضَارِعٌ مَبْنِيٌّ لِمَا لَمْ يُسَمَّ فَاعِلُهُ مَرْفُوعٌ
2733,1,و( آتي ) : فعل مضارع مرفوع,وَ( آتِي ) : فِعْلٌ مُضَارِعٌ مَرْفُوعٌ
2734,3,و( شهاب ) : اسم مجرور,وَ( شِهَابٍ ) : اسْمٌ مَجْرُورٌ
2735,3,نعت ل( شهاب ) : مجرور,نَعْتٌ لِـ( شِهَابٍ ) : مَجْرُورٌ
2736,2,و( علوا ) : معطوف منصوب,وَ( عُلُوًّا ) : مَعْطُوفٌ مَنْصُوبٌ
2737,3,نعت ل( عباد ) : مجرور,نَعْتٌ لِـ( عِبَادٍ ) : مَجْرُورٌ
2738,3,و( الطير ) : معطوف مجرور,وَ( الطَّيْرِ ) : مَعْطُوفٌ مَجْرُورٌ
2739,2,و( قوم ) : معطوف على مفعول ( وجد ) : منصوب,وَ( قَوْمَ ) : مَعْطُوفٌ عَلَى مَفْعُولِ ( وَجَدَ ) : مَنْصُوبٌ
2740,1,و( ننظر ) : فعل مضارع مرفوع,وَ( نَنْظُرُ ) : فِعْلٌ مُضَارِعٌ مَرْفُوعٌ
2741,3,و( هدية ) : اسم مجرور,وَ( هَدِيَّةٍ ) : اسْمٌ مَجْرُورٌ
2742,1,و( ناظرة ) : معطوف على ( مرسلة ) : مرفوع,وَ( نَاظِرَةٌ ) : مَعْطُوفٌ عَلَى ( مُرْسِلَةٌ ) : مَرْفُوعٌ
2743,1,و( تمدون ) : فعل مضارع مرفوع,وَ( تُمِدُّونَ ) : فِعْلٌ مُضَارِعٌ مَرْفُوعٌ
2744,3,و( مال ) : اسم مجرور,وَ( مَالٍ ) : اسْمٌ مَجْرُورٌ
2745,3,و( هديت ) : اسم مجرور,وَ( هَدِيَّتِ ) : اسْمٌ مَجْرُورٌ
2746,1,عطف بيان ل( أي ) : مرفوع,عَطْفُ بَيَانٍ لِـ( أَيُّ ) : مَرْفُوعٌ
2747,3,و( عرش ) : اسم مجرور,وَ( عَرْشِ ) : اسْمٌ مَجْرُورٌ
2748,1,و( أشكر ) : فعل مضارع مرفوع,وَ( أَشْكُرُ ) : فِعْلٌ مُضَارِعٌ مَرْفُوعٌ
2749,1,و( تهتدي ) : فعل مضارع مرفوع,وَ( تَهْتَدِي ) : فِعْلٌ مُضَارِعٌ مَرْفُوعٌ
2750,2,و( أهل ) : معطوف على مفعول ( نبيت ) : منصوب,وَ( أَهْلَ ) : مَعْطُوفٌ عَلَى مَفْعُولِ ( نُبَيِّتَ ) : مَنْصُوبٌ
2751,2,و( قومهم ) : معطوف على مفعول ( دمر ) : منصوب,وَ( قَوْمَهُمْ ) : مَعْطُوفٌ عَلَى مَفْعُولِ ( دَمَّرَ ) : مَنْصُوبٌ
2752,2,و( أهل ) : معطوف على مفعول ( أنجينا ) : منصوب,وَ( أَهْلَ ) : مَعْطُوفٌ عَلَى مَفْعُولِ ( أَنْجَيْنَا ) : مَنْصُوبٌ
2753,3,و( البحر ) : معطوف على ( البر ) : مجرور,وَ( الْبَحْرِ ) : مَعْطُوفٌ عَلَى ( الْبَرِّ ) : مَجْرُورٌ
2754,1,اسم الجلالة بدل من ( من ) : مرفوع,اسْمُ الْجَلَالَةِ بَدَلٌ مِنْ ( مَنْ ) : مَرْفُوعٌ
2755,1,و( آباء ) : معطوف على اسم كان مرفوع,وَ( آبَاءُ ) : مَعْطُوفٌ عَلَى اسْمِ كَانَ مَرْفُوعٌ
2756,1,و( مخرجون ) : خبر ( إن ) : مرفوع,وَ( مُخْرَجُونَ ) : خَبَرُ ( إِنَّ ) : مَرْفُوعٌ
2757,1,و( هدى ) : خبر ( إن ) : مرفوع,وَ( هُدًى ) : خَبَرُ ( إِنَّ ) : مَرْفُوعٌ
2758,2,و( هادي ) : خبر ( ما ) : مجرور لفظا منصوب محلا,وَ( هَادِي ) : خَبَرُ ( مَا ) : مَجْرُورٌ لَفْظًا مَنْصُوبٌ مَحَلًّا
2759,2,و( يسكنوا ) : فعل مضارع منصوب بأن مضمرة,وَ( يَسْكُنُوا ) : فِعْلٌ مُضَارِعٌ مَنْصُوبٌ بِأَنْ مُضْمَرَةٍ
2760,2,و( النهار ) : معطوف على ( الليل ) : منصوب,وَ( النَّهَارَ ) : مَعْطُوفٌ عَلَى ( اللَّيْلَ ) : مَنْصُوبٌ
2761,1,و( تعرفون ) : فعل مضارع مرفوع,وَ( تَعْرِفُونَ ) : فِعْلٌ مُضَارِعٌ مَرْفُوعٌ
2762,3,و( فرعون ) : معطوف مجرور,وَ( فِرْعَوْنَ ) : مَعْطُوفٌ مَجْرُورٌ
2763,1,و( نريد ) : فعل مضارع مرفوع,وَ( نُرِيدُ ) : فِعْلٌ مُضَارِعٌ مَرْفُوعٌ
2764,2,و( نمكن ) : فعل مضارع معطوف منصوب,وَ( نُمَكِّنَ ) : فِعْلٌ مُضَارِعٌ مَعْطُوفٌ مَنْصُوبٌ
2765,2,و( نرى ) : فعل مضارع معطوف منصوب,وَ( نَرَى ) : فِعْلٌ مُضَارِعٌ مَعْطُوفٌ مَنْصُوبٌ
2766,1,و( جاعلو ) : معطوف مرفوع,وَ( جَاعِلُو ) : مَعْطُوفٌ مَرْفُوعٌ
2767,2,و( حزنا ) : معطوف منصوب,وَ( حَزَنًا ) : مَعْطُوفٌ مَنْصُوبٌ
2768,1,و( تبدي ) : فعل مضارع مرفوع,وَ( تُبْدِي ) : فِعْلٌ مُضَارِعٌ مَرْفُوعٌ
2769,3,و( أخت ) : اسم مجرور,وَ( أُخْتِ ) : اسْمٌ مَجْرُورٌ
2770,2,و( تعلم ) : فعل مضارع منصوب بأن مضمرة,وَ( تَعْلَمَ ) : فِعْلٌ مُضَارِعٌ مَنْصُوبٌ بِأَنْ مُضْمَرَةٍ
2771,1,و( غوى ) : خبر ( إن ) : مرفوع,وَ( غَوَى ) : خَبَرُ ( إِنَّ ) : مَرْفُوعٌ
2772,1,و( تريد ) : فعل مضارع مرفوع,وَ( تُرِيدُ ) : فِعْلٌ مُضَارِعٌ مَرْفُوعٌ
2773,2,و( يقتلوا ) : فعل مضارع منصوب بأن مضمرة,وَ( يَقْتُلُوا ) : فِعْلٌ مُضَارِعٌ مَنْصُوبٌ بِأَنْ مُضْمَرَةٍ
2774,3,نعت ل( القوم ) : مجرور,نَعْتٌ لِـ( الْقَوْمِ ) : مَجْرُورٌ
2775,1,و( أبو ) : مبتدأ مرفوع,وَ( أَبُو ) : مُبْتَدَأٌ مَرْفُوعٌ
2776,3,اسم إشارة نعت مجرور,اسْمُ إِشَارَةٍ نَعْتٌ مَجْرُورٌ
2777,2,اسم شرط مفعول به مقدم منصوب,اسْمُ شَرْطٍ مَفْعُولٌ بِهِ مُقَدَّمٌ مَنْصُوبٌ
2778,1,و( ذانك ) : مبتدأ مرفوع,وَ( ذَانِكَ ) : مُبْتَدَأٌ مَرْفُوعٌ
2779,1,و( أخ ) : مبتدأ مرفوع,وَ( أَخِ ) : مُبْتَدَأٌ مَرْفُوعٌ
2780,1,و( نشد ) : فعل مضارع مرفوع,وَ( نَشُدُّ ) : فِعْلٌ مُضَارِعٌ مَرْفُوعٌ
2781,2,و( نكون ) : فعل مضارع معطوف منصوب,وَ( نَكُونَ ) : فِعْلٌ مُضَارِعٌ مَعْطُوفٌ مَنْصُوبٌ
2782,1,"خبر لمبتدإ محذوف تقديره "" هما "" أي القرآن والتوراة مرفوع","خَبَرٌ لِمُبْتَدَإٍ مَحْذُوفٍ تَقْدِيرُهُ "" هُمَا "" أَيِ الْقُرْآنُ وَالتَّوْرَاةُ مَرْفُوعٌ"
2783,1,و( يدرؤون ) : فعل مضارع مرفوع,وَ( يَدْرَؤُونَ ) : فِعْلٌ مُضَارِعٌ مَرْفُوعٌ
2784,1,و( زينت ) : معطوف على ( متاع ) : مرفوع,وَ( زِينَتُ ) : مَعْطُوفٌ عَلَى ( مَتَاعُ ) : مَرْفُوعٌ
2785,2,و( يوم ) : ظرف مكان منصوب,وَ( يَوْمَ ) : ظَرْفُ مَكَانٍ مَنْصُوبٌ
2786,1,و( يختار ) : فعل مضارع مرفوع,وَ( يَخْتَارُ ) : فِعْلٌ مُضَارِعٌ مَرْفُوعٌ
2787,3,و( الآخرة ) : معطوف مجرور,وَ( الْآخِرَةُ ) : مَعْطُوفٌ مَجْرُورٌ
2788,3,و( ضياء ) : اسم مجرور,وَ( ضِيَاءٍ ) : اسْمٌ مَجْرُورٌ
2789,3,و( ليل ) : اسم مجرور,وَ( لَيْلٍ ) : اسْمٌ مَجْرُورٌ
2790,1,و( تنوء ) : فعل مضارع مرفوع,وَ( تَنُوءُ ) : فِعْلٌ مُضَارِعٌ مَرْفُوعٌ
2791,3,و( العصبة ) : اسم مجرور,وَ( الْعُصْبَةِ ) : اسْمٌ مَجْرُورٌ
2792,3,نعت ل( العصبة ) : مجرور,نَعْتٌ لِـ( الْعُصْبَةِ ) : مَجْرُورٌ
2793,1,و( أكثر ) : معطوف مرفوع,وَ( أَكْثَرُ ) : مَعْطُوفٌ مَرْفُوعٌ
2794,3,و( دار ) : اسم مجرور,وَ( دَارِ ) : اسْمٌ مَجْرُورٌ
2795,1,اسم كان مجرور لفظا مرفوع محلا,اسْمُ كَانَ مَجْرُورٌ لَفْظًا مَرْفُوعٌ مَحَلًّا
2796,2,اسم الجلالة اسم ( كأن ) : منصوب,اسْمُ الْجَلَالَةِ اسْمُ ( كَأَنَّ ) : مَنْصُوبٌ
2797,2,معطوف على ( علوا ) : منصوب,مَعْطُوفٌ عَلَى ( عُلُوًّا ) : مَنْصُوبٌ
2798,1,و( راد ) : خبر ( إن ) : مرفوع,وَ( رَادُّ ) : خَبَرُ ( إِنَّ ) : مَرْفُوعٌ
2799,2,و( تشرك ) : فعل مضارع منصوب بأن مضمرة,وَ( تُشْرِكَ ) : فِعْلٌ مُضَارِعٌ مَنْصُوبٌ بِأَنْ مُضْمَرَةٍ
2800,2,و( أعلم ) : خبر ليس مجرور لفظا منصوب محلا,وَ( أَعْلَمَ ) : خَبَرُ لَيْسَ مَجْرُورٌ لَفْظًا مَنْصُوبٌ مَحَلًّا
2801,4,و( نحمل ) : فعل مضارع مجزوم,وَ( نَحْمِلْ ) : فِعْلٌ مُضَارِعٌ مَجْزُومٌ
2802,2,و( حاملين ) : خبر ( ما ) : مجرور لفظا منصوب محلا,وَ( حَامِلِينَ ) : خَبَرُ ( مَا ) : مَجْرُورٌ لَفْظًا مَنْصُوبٌ مَحَلًّا
2803,2,مفعول به لاسم الفاعل ( حاملين ) : مجرور لفظا منصوب محلا,مَفْعُولٌ بِهِ لِاسْمِ الْفَاعِلِ ( حَامِلِينَ ) : مَجْرُورٌ لَفْظًا مَنْصُوبٌ مَحَلًّا
2804,1,و( يحملن ) : فعل مضارع مرفوع,وَ( يَحْمِلُنَّ ) : فِعْلٌ مُضَارِعٌ مَرْفُوعٌ
2805,2,و( أثقالا ) : معطوف منصوب,وَ( أَثْقَالًا ) : مَعْطُوفٌ مَنْصُوبٌ
2806,1,و( يسألن ) : فعل مضارع مبني لما لم يسم فاعله مرفوع,وَ( يُسْأَلُنَّ ) : فِعْلٌ مُضَارِعٌ مَبْنِيٌّ لِمَا لَمْ يُسَمَّ فَاعِلُهُ مَرْفُوعٌ
2807,2,و( أصحاب ) : معطوف على مفعول ( أنجينا ) : منصوب,وَ( أَصْحَابَ ) : مَعْطُوفٌ عَلَى مَفْعُولِ ( أَنْجَيْنَا ) : مَنْصُوبٌ
2808,2,و( إبراهيم ) : مفعول به منصوب,وَ( إِبْرَاهِيمَ ) : مَفْعُولٌ بِهِ مَنْصُوبٌ
2809,1,و( تخلقون ) : فعل مضارع مرفوع,وَ( تَخْلُقُونَ ) : فِعْلٌ مُضَارِعٌ مَرْفُوعٌ
2810,3,و( لقائ ) : معطوف على ( آيات ) : مجرور,وَ( لِقَائِ ) : مَعْطُوفٌ عَلَى ( آيَاتِ ) : مَجْرُورٌ
2811,1,و( تقطعون ) : فعل مضارع مرفوع,وَ( تَقْطَعُونَ ) : فِعْلٌ مُضَارِعٌ مَرْفُوعٌ
2812,2,و( أهل ) : معطوف على مفعول ( ننجي ) : منصوب,وَ( أَهْلَ ) : مَعْطُوفٌ عَلَى مَفْعُولِ ( نُنَجِّي ) : مَنْصُوبٌ
2813,2,و( أهل ) : مفعول به منصوب,وَ( أَهْلَ ) : مَفْعُولٌ بِهِ مَنْصُوبٌ
2814,2,و( قارون ) : معطوف على ( عادا ) : منصوب,وَ( قَارُونَ ) : مَعْطُوفٌ عَلَى ( عَادًا ) : مَنْصُوبٌ
2815,2,و( فرعون ) : معطوف على ( قارون ) : منصوب,وَ( فِرْعَوْنَ ) : مَعْطُوفٌ عَلَى ( قَارُونَ ) : مَنْصُوبٌ
2816,2,و( هامان ) : معطوف على ( فرعون ) : منصوب,وَ( هَامَانَ ) : مَعْطُوفٌ عَلَى ( فِرْعَوْنَ ) : مَنْصُوبٌ
2817,1,و( بيت ) : خبر ( إن ) : مرفوع,وَ( بَيْتُ ) : خَبَرُ ( إِنَّ ) : مَرْفُوعٌ
2818,1,و( ذكر ) : مبتدأ مرفوع,وَ( ذِكْرُ ) : مُبْتَدَأٌ مَرْفُوعٌ
2819,1,و( إله ) : معطوف مرفوع,وَ( إِلَهُ ) : مَعْطُوفٌ مَرْفُوعٌ
2820,2,و( رحمة ) : اسم ( إن ) : مؤخر منصوب,وَ( رَحْمَةً ) : اسْمُ ( إِنَّ ) : مُؤَخَّرٌ مَنْصُوبٌ
2821,2,و( عبادي ) : منادى منصوب لأنه مضاف,وَ( عِبَادِي ) : مُنَادًى مَنْصُوبٌ لِأَنَّهُ مُضَافٌ
2822,1,و( لعب ) : معطوف على ( لهو ) : مرفوع,وَ( لَعِبٌ ) : مَعْطُوفٌ عَلَى ( لَهْوٌ ) : مَرْفُوعٌ
2823,2,نعت ل( الدار ) : منصوب,نَعْتٌ لِـ( الدَّارَ ) : مَنْصُوبٌ
2824,2,و( يتمتعوا ) : فعل مضارع منصوب بأن مضمرة,وَ( يَتَمَتَّعُوا ) : فِعْلٌ مُضَارِعٌ مَنْصُوبٌ بِأَنْ مُضْمَرَةٍ
2825,1,و( يتخطف ) : فعل مضارع مبني لما لم يسم فاعله مرفوع,وَ( يُتَخَطَّفُ ) : فِعْلٌ مُضَارِعٌ مَبْنِيٌّ لِمَا لَمْ يُسَمَّ فَاعِلُهُ مَرْفُوعٌ
2826,1,و( يغلبون ) : فعل مضارع مرفوع,وَ( يَغْلِبُونَ ) : فِعْلٌ مُضَارِعٌ مَرْفُوعٌ
2827,3,و( أجل ) : معطوف مجرور,وَ( أَجَلٍ ) : مَعْطُوفٌ مَجْرُورٌ
2828,1,و( كافرون ) : خبر ( إن ) : مرفوع,وَ( كَافِرُونَ ) : خَبَرُ ( إِنَّ ) : مَرْفُوعٌ
2829,2,و( عشيا ) : ظرف زمان معطوفمنصوب,وَ( عَشِيًّا ) : ظَرْفُ زَمَانٍ مَعْطُوفٌمَنْصُوبٌ
2830,1,و( اختلاف ) : معطوف مرفوع,وَ( اخْتِلَافُ ) : مَعْطُوفٌ مَرْفُوعٌ
2831,3,و( ألوان ) : معطوف مجرور,وَ( أَلْوَانِ ) : مَعْطُوفٌ مَجْرُورٌ
2832,3,و( العالمين ) : اسم مجرور,وَ( الْعَالِمِينَ ) : اسْمٌ مَجْرُورٌ
2833,1,و( ابتغاؤ ) : معطوف مرفوع,وَ( ابْتِغَاؤُ ) : مَعْطُوفٌ مَرْفُوعٌ
2834,3,و( خيفت ) : اسم مجرور,وَ( خِيفَتِ ) : اسْمٌ مَجْرُورٌ
2835,2,و( يربو ) : فعل مضارع منصوب بأن مضمرة,وَ( يَرْبُوَ ) : فِعْلٌ مُضَارِعٌ مَنْصُوبٌ بِأَنْ مُضْمَرَةٍ
2836,1,أصله يتصدعون فعل مضارع مرفوع,أَصْلُهُ يَتَصَدَّعُونَ فِعْلٌ مُضَارِعٌ مَرْفُوعٌ
2837,1,و( يبسط ) : فعل مضارع مرفوع,وَ( يَبْسُطُ ) : فِعْلٌ مُضَارِعٌ مَرْفُوعٌ
2838,2,و( مبلسين ) : خبر كان منصوب,وَ( مُبْلِسِينَ ) : خَبَرُ كَانَ مَنْصُوبٌ
2839,2,و( هاد ) : خبر ( ما ) : مجرور لفظا منصوب محلا,وَ( هَادِ ) : خَبَرُ ( مَا ) : مَجْرُورٌ لَفْظًا مَنْصُوبٌ مَحَلًّا
2840,2,و( شيبة ) : معطوف منصوب,وَ( شَيْبَةً ) : مَعْطُوفٌ مَنْصُوبٌ
2841,2,و( الإيمان ) : معطوف منصوب,وَ( الْإِيمَانَ ) : مَعْطُوفٌ مَنْصُوبٌ
2842,2,اسم ( كأن ) : منصوب,اسْمُ ( كَأَنَّ ) : مَنْصُوبٌ
2843,3,و( ابن ) : اسم مجرور,وَ( ابْنِ ) : اسْمٌ مَجْرُورٌ
2844,1,و( ظلم ) : خبر ( إن ) : مرفوع,وَ( ظُلْمٌ ) : خَبَرُ ( إِنَّ ) : مَرْفُوعٌ
2845,1,و( فصال ) : مبتدأ مرفوع,وَ( فِصَالُ ) : مُبْتَدَأٌ مَرْفُوعٌ
2846,4,و( تكن ) : فعل مضارع معطوف مجزوم,وَ( تَكُنْ ) : فِعْلٌ مُضَارِعٌ مَعْطُوفٌ مَجْزُومٌ
2847,1,و( صوت ) : خبر ( إن ) : مرفوع,وَ( صَوْتُ ) : خَبَرُ ( إِنَّ ) : مَرْفُوعٌ
2848,2,و( باطنة ) : معطوف منصوب,وَ( بَاطِنَةً ) : مَعْطُوفٌ مَنْصُوبٌ
2849,1,و( البحر ) : مبتدأ مرفوع,وَ( الْبَحْرُ ) : مُبْتَدَأٌ مَرْفُوعٌ
2850,3,و( الظلل ) : اسم مجرور,وَ( الظُّلَلِ ) : اسْمٌ مَجْرُورٌ
2851,1,و( مأوى ) : مبتدأ مرفوع,وَ( مَأْوَى ) : مُبْتَدَأٌ مَرْفُوعٌ
2852,1,و( أنفسهم ) : معطوف مرفوع,وَ( أَنْفُسُهُمْ ) : مَعْطُوفٌ مَرْفُوعٌ
2853,1,و( موالي ) : معطوف على ( إخوان ) : مرفوع,وَ( مَوَالِي ) : مَعْطُوفٌ عَلَى ( إِخْوَانُ ) : مَرْفُوعٌ
2854,1,و( أزواج ) : مبتدأ مرفوع,وَ( أَزْوَاجُ ) : مُبْتَدَأٌ مَرْفُوعٌ
2855,3,و( إبراهيم ) : معطوف مجرور,وَ( إِبْرَاهِيمَ ) : مَعْطُوفٌ مَجْرُورٌ
2856,2,و( يسأل ) : فعل مضارع منصوب بأن مضمرة,وَ( يَسْأَلَ ) : فِعْلٌ مُضَارِعٌ مَنْصُوبٌ بِأَنْ مُضْمَرَةٍ
2857,2,و( جنودا ) : معطوف منصوب,وَ( جُنُودًا ) : مَعْطُوفٌ مَنْصُوبٌ
2858,1,و( يستأذن ) : فعل مضارع مرفوع,وَ( يَسْتَأْذِنُ ) : فِعْلٌ مُضَارِعٌ مَرْفُوعٌ
2859,2,و( عورة ) : خبر ( ما ) : مجرور لفظا منصوب محلا,وَ( عَوْرَةٍ ) : خَبَرُ ( مَا ) : مَجْرُورٌ لَفْظًا مَنْصُوبٌ مَحَلًّا
2860,2,و( القائلين ) : معطوف منصوب,وَ( الْقَائِلِينَ ) : مَعْطُوفٌ مَنْصُوبٌ
2861,3,و( ألسنة ) : اسم مجرور,وَ( أَلْسِنَةٍ ) : اسْمٌ مَجْرُورٌ
2862,2,و( تسليما ) : معطوف منصوب,وَ( تَسْلِيمًا ) : مَعْطُوفٌ مَنْصُوبٌ
2863,3,و( صدق ) : اسم مجرور,وَ( صِدْقِ ) : اسْمٌ مَجْرُورٌ
2864,2,و( يعذب ) : فعل مضارع منصوب,وَ( يُعَذِّبَ ) : فِعْلٌ مُضَارِعٌ مَنْصُوبٌ
2865,1,و( تأسرون ) : فعل مضارع مرفوع,وَ( تَأْسِرُونَ ) : فِعْلٌ مُضَارِعٌ مَرْفُوعٌ
2866,2,و( ديارهم ) : معطوف منصوب,وَ( دِيَارَهُمْ ) : مَعْطُوفٌ مَنْصُوبٌ
2867,2,و( أرضا ) : معطوف منصوب,وَ( أَرْضًا ) : مَعْطُوفٌ مَنْصُوبٌ
2868,4,و( أسرح ) : فعل مضارع معطوف مجزوم,وَ( أُسَرِّحْ ) : فِعْلٌ مُضَارِعٌ مَعْطُوفٌ مَجْزُومٌ
2869,2,و( الدار ) : معطوف منصوب,وَ( الدَّارَ ) : مَعْطُوفٌ مَنْصُوبٌ
2870,3,و( المحسنات ) : اسم مجرور,وَ( الْمُحْسِنَاتِ ) : اسْمٌ مَجْرُورٌ
2871,4,و( تعمل ) : فعل مضارع معطوف مجزوم,وَ( تَعْمَلْ ) : فِعْلٌ مُضَارِعٌ مَعْطُوفٌ مَجْزُومٌ
2872,2,و( يطمع ) : فعل مضارع منصوب بأن مضمرة,وَ( يَطْمَعَ ) : فِعْلٌ مُضَارِعٌ مَنْصُوبٌ بِأَنْ مُضْمَرَةٍ
2873,2,و( يذهب ) : فعل مضارع منصوب بأن مضمرة,وَ( يُذْهِبَ ) : فِعْلٌ مُضَارِعٌ مَنْصُوبٌ بِأَنْ مُضْمَرَةٍ
2874,2,و( يطهر ) : فعل مضارع معطوف منصوب,وَ( يُطَهِّرَ ) : فِعْلٌ مُضَارِعٌ مَعْطُوفٌ مَنْصُوبٌ
2875,2,و( المسلمات ) : معطوف منصوب,وَ( الْمُسْلِمَاتِ ) : مَعْطُوفٌ مَنْصُوبٌ
2876,2,و( المؤمنين ) : معطوف منصوب,وَ( الْمُؤْمِنِينَ ) : مَعْطُوفٌ مَنْصُوبٌ
2877,2,و( القانتين ) : معطوف منصوب,وَ( الْقَانِتِينَ ) : مَعْطُوفٌ مَنْصُوبٌ
2878,2,و( القانتات ) : معطوف منصوب,وَ( الْقَانِتَاتِ ) : مَعْطُوفٌ مَنْصُوبٌ
2879,2,و( الصادقين ) : معطوف منصوب,وَ( الصَّادِقِينَ ) : مَعْطُوفٌ مَنْصُوبٌ
2880,2,و( الصادقات ) : معطوف منصوب,وَ( الصَّادِقَاتِ ) : مَعْطُوفٌ مَنْصُوبٌ
2881,2,و( الصابرين ) : معطوف منصوب,وَ( الصَّابِرِينَ ) : مَعْطُوفٌ مَنْصُوبٌ
2882,2,و( الصابرات ) : معطوف منصوب,وَ( الصَّابِرَاتِ ) : مَعْطُوفٌ مَنْصُوبٌ
2883,2,و( الخاشعين ) : معطوف منصوب,وَ( الْخَاشِعِينَ ) : مَعْطُوفٌ مَنْصُوبٌ
2884,2,و( الخاشعات ) : معطوف منصوب,وَ( الْخَاشِعَاتِ ) : مَعْطُوفٌ مَنْصُوبٌ
2885,2,و( المتصدقين ) : معطوف منصوب,وَ( الْمُتَصَدِّقِينَ ) : مَعْطُوفٌ مَنْصُوبٌ
2886,2,و( المتصدقات ) : معطوف منصوب,وَ( الْمُتَصَدِّقَاتِ ) : مَعْطُوفٌ مَنْصُوبٌ
2887,2,و( الصائمين ) : معطوف منصوب,وَ( الصَّائِمِينَ ) : مَعْطُوفٌ مَنْصُوبٌ
2888,2,و( الصائمات ) : معطوف منصوب,وَ( الصَّائِمَاتِ ) : مَعْطُوفٌ مَنْصُوبٌ
2889,2,و( الحافظين ) : معطوف منصوب,وَ( الْحَافِظِينَ ) : مَعْطُوفٌ مَنْصُوبٌ
2890,2,و( الحافظات ) : معطوف منصوب,وَ( الْحَافِظَاتِ ) : مَعْطُوفٌ مَنْصُوبٌ
2891,2,و( الذاكرين ) : معطوف منصوب,وَ( الذَّاكِرِينَ ) : مَعْطُوفٌ مَنْصُوبٌ
2892,2,و( الذاكرات ) : معطوف منصوب,وَ( الذَّاكِرَاتِ ) : مَعْطُوفٌ مَنْصُوبٌ
2893,1,اسم ( يكون ) : مؤخر مرفوع,اسْمُ ( يَكُونَ ) : مُؤَخَّرٌ مَرْفُوعٌ
2894,1,و( تخفي ) : فعل مضارع مرفوع,وَ( تُخْفِي ) : فِعْلٌ مُضَارِعٌ مَرْفُوعٌ
2895,1,و( تخشى ) : فعل مضارع مرفوع,وَ( تَخْشَى ) : فِعْلٌ مُضَارِعٌ مَرْفُوعٌ
2896,2,معطوف على ( أبا ) : منصوب,مَعْطُوفٌ عَلَى ( أَبَا ) : مَنْصُوبٌ
2897,2,و( خاتم ) : معطوف منصوب,وَ( خَاتَمَ ) : مَعْطُوفٌ مَنْصُوبٌ
2898,1,و( ملائكت ) : معطوف مرفوع,وَ( مَلَائِكَتُ ) : مَعْطُوفٌ مَرْفُوعٌ
2899,2,و( داعيا ) : معطوف منصوب,وَ( دَاعِيًا ) : مَعْطُوفٌ مَنْصُوبٌ
2900,2,و( سراجا ) : معطوف منصوب,وَ( سِرَاجًا ) : مَعْطُوفٌ مَنْصُوبٌ
2901,2,و( بنات ) : معطوف على ( أزواجك ) : منصوب,وَ( بِنَاتِ ) : مَعْطُوفٌ عَلَى ( أَزْوَاجَكَ ) : مَنْصُوبٌ
2902,2,و( امرأة ) : معطوف منصوب,وَ( امْرَأَةً ) : مَعْطُوفٌ مَنْصُوبٌ
2903,1,و( تؤوي ) : فعل مضارع مرفوع,وَ( تُؤْوِي ) : فِعْلٌ مُضَارِعٌ مَرْفُوعٌ
2904,1,توكيد للفاعل في كلمة ( يرضين ) : مرفوع,تَوْكِيدٌ لِلْفَاعِلِ فِي كَلِمَةِ ( يَرْضَيْنَ ) : مَرْفُوعٌ
2905,2,معطوف على ( غير ناظرين ) : منصوب,مَعْطُوفٌ عَلَى ( غَيْرَ نَاظِرِينَ ) : مَنْصُوبٌ
2906,3,و( قلوب ) : اسم مجرور,وَ( قُلُوبِ ) : اسْمٌ مَجْرُورٌ
2907,3,و( قلوب ) : معطوف مجرور,وَ( قُلُوبِ ) : مَعْطُوفٌ مَجْرُورٌ
2908,2,و( ملائكت ) : معطوف منصوب,وَ( مَلَائِكَتَ ) : مَعْطُوفٌ مَنْصُوبٌ
2909,3,و( بنات ) : معطوف مجرور,وَ( بِنَاتِ ) : مَعْطُوفٌ مَجْرُورٌ
2910,3,و( نساء ) : معطوف مجرور,وَ( نِسَاءِ ) : مَعْطُوفٌ مَجْرُورٌ
2911,1,و( المرجفون ) : معطوف مرفوع,وَ( الْمُرْجِفُونَ ) : مَعْطُوفٌ مَرْفُوعٌ
2912,2,"مفعول مطلق لفعل محذوف تقديره "" سن "" منصوب","مَفْعُولٌ مُطْلَقٌ لِفِعْلٍ مَحْذُوفٍ تَقْدِيرُهُ "" سَنَّ "" مَنْصُوبٌ"
2913,2,و( كبراء ) : معطوف منصوب,وَ( كُبَرَاءَ ) : مَعْطُوفٌ مَنْصُوبٌ
2914,3,و( الجبال ) : معطوف مجرور,وَ( الْجِبَالِ ) : مَعْطُوفٌ مَجْرُورٌ
2915,1,معطوف على ( مثقال ) : مرفوع,مَعْطُوفٌ عَلَى ( مِثْقَالُ ) : مَرْفُوعٌ
2916,1,نعت ل( عذاب ) : مرفوع,نَعْتٌ لِـ( عَذَابٍ ) : مَرْفُوعٌ
2917,3,و( الضلال ) : معطوف مجرور,وَ( الضَّلَالِ ) : مَعْطُوفٌ مَجْرُورٌ
2918,1,و( رواح ) : مبتدأ مرفوع,وَ( رَوَاحُ ) : مُبْتَدَأٌ مَرْفُوعٌ
2919,4,فعل الشرط فعل مضارع مجزوم,فِعْلُ الشَّرْطِ فِعْلٌ مُضَارِعٌ مَجْزُومٌ
2920,3,و( تماثيل ) : معطوف مجرور,وَ( تَمَاثِيلَ ) : مَعْطُوفٌ مَجْرُورٌ
2921,3,و( جفان ) : معطوف مجرور,وَ( جِفَانٍ ) : مَعْطُوفٌ مَجْرُورٌ
2922,3,و( الجواب ) : اسم مجرور,وَ( الْجَوابِ ) : اسْمٌ مَجْرُورٌ
2923,3,و( قدور ) : معطوف مجرور,وَ( قُدُورٍ ) : مَعْطُوفٌ مَجْرُورٌ
2924,3,و( سبإ ) : اسم مجرور,وَ( سَبَإٍ ) : اسْمٌ مَجْرُورٌ
2925,3,و( شمال ) : معطوف مجرور,وَ( شِمَالٍ ) : مَعْطُوفٌ مَجْرُورٌ
2926,1,و( رب ) : خبر مرفوع,وَ( رَبٌّ ) : خَبَرٌ مَرْفُوعٌ
2927,3,و( جنتي ) : اسم مجرور,وَ( جَنَّتَيْ ) : اسْمٌ مَجْرُورٌ
2928,3,و( أثل ) : معطوف مجرور,وَ( أَثْلٍ ) : مَعْطُوفٌ مَجْرُورٌ
2929,3,و( شيء ) : معطوف مجرور,وَ( شَيْءٍ ) : مَعْطُوفٌ مَجْرُورٌ
2930,2,و( أياما ) : ظرف زمان معطوفمنصوب,وَ( أَيَّامًا ) : ظَرْفُ زَمَانٍ مَعْطُوفٌمَنْصُوبٌ
2931,1,خبر ( أولئك ) : مرفوع,خَبَرُ ( أُولَئِكَ ) : مَرْفُوعٌ
2932,3,و( واحدة ) : اسم مجرور,وَ( وَاحِدَةٍ ) : اسْمٌ مَجْرُورٌ
2933,2,و( فرادى ) : معطوف منصوب,وَ( فُرَادَى ) : مَعْطُوفٌ مَنْصُوبٌ
2934,3,والمصدر المؤول من ( ما ) : والفعل مجرور بالباء,وَالْمَصْدَرُ الْمُؤَوَّلُ مِنْ ( مَا ) : وَالْفِعْلِ مَجْرُورٌ بِالْبَاءِ
2935,3,والجار والمجرور في محل جزم جواب الشرط.,وَالْجَارُّ وَالْمَجْرُورُ فِي مَحَلِّ جَزْمٍ جَوَابُ الشَّرْطِ.
2936,1,و( يقذفون ) : فعل مضارع مرفوع,وَ( يَقْذِفُونَ ) : فِعْلٌ مُضَارِعٌ مَرْفُوعٌ
2937,3,و( أشياع ) : اسم مجرور,وَ( أَشْيَاعِ ) : اسْمٌ مَجْرُورٌ
2938,2,نعت ل( رسلا ) : منصوب,نَعْتٌ لِـ( رُسُلًا ) : مَنْصُوبٌ
2939,3,نعت ل( أجنحة ) : مجرور,نَعْتٌ لِـ( أَجْنِحَةٍ ) : مَجْرُورٌ
2940,3,و( ثلاث ) : معطوف مجرور,وَ( ثُلَاثَ ) : مَعْطُوفٌ مَجْرُورٌ
2941,3,و( رباع ) : معطوف مجرور,وَ( رُبَاعَ ) : مَعْطُوفٌ مَجْرُورٌ
2942,1,نعت ل( خالق ) : على المحل مرفوع,نَعْتٌ لِـ( خَالِقٌ ) : عَلَى الْمَحَلِّ مَرْفُوعٌ
2943,1,و( العمل ) : مبتدأ مرفوع,وَ( الْعَمَلُ ) : مُبْتَدَأٌ مَرْفُوعٌ
2944,1,و( مكر ) : مبتدأ مرفوع,وَ( مَكْرُ ) : مُبْتَدَأٌ مَرْفُوعٌ
2945,1,و( تستخرجون ) : فعل مضارع مرفوع,وَ( تَسْتَخْرِجُونَ ) : فِعْلٌ مُضَارِعٌ مَرْفُوعٌ
2946,3,و( شرك ) : اسم مجرور,وَ( شِرْكِ ) : اسْمٌ مَجْرُورٌ
2947,2,و( مسمع ) : خبر ( ما ) : مجرور لفظا منصوب محلا,وَ( مُسْمِعٍ ) : خَبَرُ ( مَا ) : مَجْرُورٌ لَفْظًا مَنْصُوبٌ مَحَلًّا
2948,3,و( الزبر ) : اسم مجرور,وَ( الزُّبُرِ ) : اسْمٌ مَجْرُورٌ
2949,1,و( حمر ) : معطوف مرفوع,وَ( حُمْرٌ ) : مَعْطُوفٌ مَرْفُوعٌ
2950,1,و( غرابيب ) : معطوف مرفوع,وَ( غَرَابِيبُ ) : مَعْطُوفٌ مَرْفُوعٌ
2951,3,و( الدواب ) : معطوف مجرور,وَ( الدَّوَابِّ ) : مَعْطُوفٌ مَجْرُورٌ
2952,3,و( الخيرات ) : اسم مجرور,وَ( الْخَيْرَاتِ ) : اسْمٌ مَجْرُورٌ
2953,2,و( لؤلؤا ) : معطوف على محل ( أساور ) : منصوب,وَ( لُؤْلُؤًا ) : مَعْطُوفٌ عَلَى مَحَلِّ ( أَسَاوِرَ ) : مَنْصُوبٌ
2954,2,و( يموتوا ) : فعل مضارع منصوب بأن مضمرة,وَ( يَمُوتُوا ) : فِعْلٌ مُضَارِعٌ مَنْصُوبٌ بِأَنْ مُضْمَرَةٍ
2955,1,و( يكونن ) : فعل مضارع مرفوع,وَ( يَكُونُنَّ ) : فِعْلٌ مُضَارِعٌ مَرْفُوعٌ
2956,2,و( مكر ) : معطوف منصوب,وَ( مَكْرَ ) : مَعْطُوفٌ مَنْصُوبٌ
2957,2,و( يعجز ) : فعل مضارع منصوب بأن مضمرة,وَ( يُعْجِزَ ) : فِعْلٌ مُضَارِعٌ مَنْصُوبٌ بِأَنْ مُضْمَرَةٍ
2958,2,"مفعول به لفعل محذوف تقديره "" أمدح "" منصوب","مَفْعُولٌ بِهِ لِفِعْلٍ مَحْذُوفٍ تَقْدِيرُهُ "" أَمْدَحُ "" مَنْصُوبٌ"
2959,1,و( سواء ) : خبر مقدم مرفوع,وَ( سَوَاءٌ ) : خَبَرٌ مُقَدَّمٌ مَرْفُوعٌ
2960,3,و( مغفرة ) : اسم مجرور,وَ( مَغْفِرَةٍ ) : اسْمٌ مَجْرُورٌ
2961,3,و( أجر ) : معطوف مجرور,وَ( أَجْرٍ ) : مَعْطُوفٌ مَجْرُورٌ
2962,2,و( آثارهم ) : معطوف على ( ما ) : منصوب,وَ( آثَارَهُمْ ) : مَعْطُوفٌ عَلَى ( مَا ) : مَنْصُوبٌ
2963,3,و( ثالث ) : اسم مجرور,وَ( ثَالِثٍ ) : اسْمٌ مَجْرُورٌ
2964,1,و( مرسلون ) : خبر ( إن ) : مرفوع,وَ( مُرْسَلُونَ ) : خَبَرُ ( إِنَّ ) : مَرْفُوعٌ
2965,1,و( أتخذ ) : فعل مضارع مرفوع,وَ( أَتَّخِذُ ) : فِعْلٌ مُضَارِعٌ مَرْفُوعٌ
2966,2,و( حسرة ) : منادى متحسر به منصوب لأنه شبيه بالمضاف,وَ( حَسْرَةَ ) : مُنَادًى مُتَحَسَّرٌ بِهِ مَنْصُوبٌ لِأَنَّهُ شَبِيهٌ بِالْمُضَافِ
2967,2,و( يأكلوا ) : فعل مضارع منصوب بأن مضمرة,وَ( يَأْكُلُوا ) : فِعْلٌ مُضَارِعٌ مَنْصُوبٌ بِأَنْ مُضْمَرَةٍ
2968,1,و( الشمس ) : مبتدأ مرفوع,وَ( الشَّمْسُ ) : مُبْتَدَأٌ مَرْفُوعٌ
2969,3,و( مستقر ) : اسم مجرور,وَ( مُسْتَقَرٍّ ) : اسْمٌ مَجْرُورٌ
2970,2,و( القمر ) : مفعول به منصوب,وَ( الْقَمَرَ ) : مَفْعُولٌ بِهِ مَنْصُوبٌ
2971,3,و( العرجون ) : اسم مجرور,وَ( الْعُرْجُونِ ) : اسْمٌ مَجْرُورٌ
2972,1,و( نطعم ) : فعل مضارع مرفوع,وَ( نُطْعِمُ ) : فِعْلٌ مُضَارِعٌ مَرْفُوعٌ
2973,1,و( أزواجهم ) : معطوف مرفوع,وَ( أَزْوَاجُهُمْ ) : مَعْطُوفٌ مَرْفُوعٌ
2974,2,مفعول مطلق للفعل المحذوف منصوب,مَفْعُولٌ مُطْلَقٌ لِلْفِعْلِ الْمَحْذُوفِ مَنْصُوبٌ
2975,1,و( تكلم ) : فعل مضارع مرفوع,وَ( تُكَلِّمُ ) : فِعْلٌ مُضَارِعٌ مَرْفُوعٌ
2976,1,و( تشهد ) : فعل مضارع مرفوع,وَ( تَشْهَدُ ) : فِعْلٌ مُضَارِعٌ مَرْفُوعٌ
2977,1,و( قرآن ) : معطوف مرفوع,وَ( قُرْآنٌ ) : مَعْطُوفٌ مَرْفُوعٌ
2978,2,و( يحق ) : فعل مضارع معطوف منصوب,وَ( يَحِقَّ ) : فِعْلٌ مُضَارِعٌ مَعْطُوفٌ مَنْصُوبٌ
2979,1,و( مشارب ) : معطوف مرفوع,وَ( مَشَارِبُ ) : مَعْطُوفٌ مَرْفُوعٌ
2980,2,و( سبحان ) : مفعول مطلق لفعل محذوف منصوب,وَ( سُبْحَانَ ) : مَفْعُولٌ مُطْلَقٌ لِفِعْلٍ مَحْذُوفٍ مَنْصُوبٌ
2981,3,و( الصافات ) : اسم مجرور,وَ( الصَّافَّاتِ ) : اسْمٌ مَجْرُورٌ
2982,3,و( الزاجرات ) : معطوف مجرور,وَ( الزَّاجِرَاتِ ) : مَعْطُوفٌ مَجْرُورٌ
2983,3,و( التاليات ) : معطوف مجرور,وَ( التَّالِيَاتِ ) : مَعْطُوفٌ مَجْرُورٌ
2984,1,و( واحد ) : خبر ( إن ) : مرفوع,وَ( وَاحِدٌ ) : خَبَرُ ( إِنَّ ) : مَرْفُوعٌ
2985,2,"و( حفظا ) : مفعول مطلق لفعل محذوف تقديره "" وحفظناها "" م…","وَ( حِفْظًا ) : مَفْعُولٌ مُطْلَقٌ لِفِعْلٍ مَحْذُوفٍ تَقْدِيرُهُ "" وَحَفِظْنَاهَا "" مَنْصُوبٌ"
2986,1,و( يقذفون ) : فعل مضارع مبني لما لم يسم فاعله مرفوع,وَ( يُقْذَفُونَ ) : فِعْلٌ مُضَارِعٌ مَبْنِيٌّ لِمَا لَمْ يُسَمَّ فَاعِلُهُ مَرْفُوعٌ
2987,2,و( أزواجهم ) : معطوف منصوب,وَ( أَزْوَاجَهُمْ ) : مَعْطُوفٌ مَنْصُوبٌ
2988,1,و( ذائقون ) : خبر ( إن ) : مرفوع,وَ( ذَائِقُونَ ) : خَبَرُ ( إِنَّ ) : مَرْفُوعٌ
2989,1,و( تاركو ) : خبر ( إن ) : مرفوع,وَ( تَارِكُو ) : خَبَرُ ( إِنَّ ) : مَرْفُوعٌ
2990,3,و( شاعر ) : اسم مجرور,وَ( شَاعِرٍ ) : اسْمٌ مَجْرُورٌ
2991,1,و( ذائقو ) : خبر ( إن ) : مرفوع,وَ( ذَائِقُو ) : خَبَرُ ( إِنَّ ) : مَرْفُوعٌ
2992,1,بدل من ( رزق ) : مرفوع,بَدَلٌ مِنْ ( رِزْقٌ ) : مَرْفُوعٌ
2993,3,و( كأس ) : اسم مجرور,وَ( كَأْسٍ ) : اسْمٌ مَجْرُورٌ
2994,2,و( عندهم ) : ظرف زمان منصوب,وَ( عِنْدَهُمْ ) : ظَرْفُ زَمَانٍ مَنْصُوبٌ
2995,1,و( مدينون ) : خبر ( إن ) : مرفوع,وَ( مَدِينُونَ ) : خَبَرُ ( إِنَّ ) : مَرْفُوعٌ
2996,1,و( تردي ) : فعل مضارع مرفوع,وَ( تُرْدِي ) : فِعْلٌ مُضَارِعٌ مَرْفُوعٌ
2997,2,و( ميتين ) : خبر ( ما ) : مجرور لفظا منصوب محلا,وَ( مَيِّتِينَ ) : خَبَرُ ( مَا ) : مَجْرُورٌ لَفْظًا مَنْصُوبٌ مَحَلًّا
2998,4,و( يعمل ) : فعل مضارع مجزوم,وَ( يَعْمَلِ ) : فِعْلٌ مُضَارِعٌ مَجْزُومٌ
2999,1,معطوف على ( ذلك ) : مرفوع,مَعْطُوفٌ عَلَى ( ذَلِكَ ) : مَرْفُوعٌ
3000,1,و( مالئون ) : معطوف مرفوع,وَ( مَالِئُونَ ) : مَعْطُوفٌ مَرْفُوعٌ
3001,2,و( شوبا ) : اسم ( إن ) : مؤخر منصوب,وَ( شَوْبًا ) : اسْمُ ( إِنَّ ) : مُؤَخَّرٌ مَنْصُوبٌ
3002,2,و( إبراهيم ) : اسم ( إن ) : مؤخر منصوب,وَ( إِبْرَاهِيمَ ) : اسْمُ ( إِنَّ ) : مُؤَخَّرٌ مَنْصُوبٌ
3003,2,و( إفكا ) : مفعول به مقدم منصوب,وَ( إِفْكًا ) : مَفْعُولٌ بِهِ مُقَدَّمٌ مَنْصُوبٌ
3004,3,و( الجبين ) : اسم مجرور,وَ( الْجَبِينِ ) : اسْمٌ مَجْرُورٌ
3005,3,و( ذبح ) : اسم مجرور,وَ( ذِبْحٍ ) : اسْمٌ مَجْرُورٌ
3006,1,و( ظالم ) : معطوف مرفوع,وَ( ظَالِمٌ ) : مَعْطُوفٌ مَرْفُوعٌ
3007,2,و( قوم ) : معطوف على مفعول ( نجيناهما ) : منصوب,وَ( قَوْمَ ) : مَعْطُوفٌ عَلَى مَفْعُولِ ( نَجَّيْنَاهُمَا ) : مَنْصُوبٌ
3008,2,اسم الجلالة بدل منصوب,اسْمُ الْجَلَالَةِ بَدَلٌ مَنْصُوبٌ
3009,2,و( أهل ) : معطوف على مفعول ( نجينا ) : منصوب,وَ( أَهْلَ ) : مَعْطُوفٌ عَلَى مَفْعُولِ ( نَجَّيْنَا ) : مَنْصُوبٌ
3010,1,و( تمرون ) : فعل مضارع مرفوع,وَ( تَمُرُّونَ ) : فِعْلٌ مُضَارِعٌ مَرْفُوعٌ
3011,2,و( بين ) : ظرف منصوب,وَ( بَيْنَ ) : ظَرْفٌ مَنْصُوبٌ
3012,2,و( فاتنين ) : خبر ( ما ) : مجرور لفظا منصوب محلا,وَ( فَاتِنِينَ ) : خَبَرُ ( مَا ) : مَجْرُورٌ لَفْظًا مَنْصُوبٌ مَحَلًّا
3013,3,و( ساحت ) : اسم مجرور,وَ( سَاحَتِ ) : اسْمٌ مَجْرُورٌ
3014,3,و( شقاق ) : معطوف مجرور,وَ( شِقَاقٍ ) : مَعْطُوفٌ مَجْرُورٌ
3015,2,خبر لات منصوب,خَبَرُ لَاتَ مَنْصُوبٌ
3016,4,و( يرتقوا ) : فعل مضارع مجزوم,وَ( يَرْتَقُوا ) : فِعْلٌ مُضَارِعٌ مَجْزُومٌ
3017,1,نعت ل( جند ) : مرفوع,نَعْتٌ لِـ( جُنْدٌ ) : مَرْفُوعٌ
3018,3,و( الإشراق ) : معطوف مجرور,وَ( الْإِشْرَاقِ ) : مَعْطُوفٌ مَجْرُورٌ
3019,2,و( الطير ) : معطوف على ( الجبال ) : منصوب,وَ( الطَّيْرَ ) : مَعْطُوفٌ عَلَى ( الْجِبَالَ ) : مَنْصُوبٌ
3020,2,و( فصل ) : معطوف منصوب,وَ( فَصْلَ ) : مَعْطُوفٌ مَنْصُوبٌ
3021,1,و( تسعون ) : معطوف مرفوع,وَ( تِسْعُونَ ) : مَعْطُوفٌ مَرْفُوعٌ
3022,3,و( سؤال ) : اسم مجرور,وَ( سُؤَالِ ) : اسْمٌ مَجْرُورٌ
3023,1,و( يبغي ) : فعل مضارع مرفوع,وَ( يَبْغِي ) : فِعْلٌ مُضَارِعٌ مَرْفُوعٌ
3024,2,و( زلفى ) : اسم ( إن ) : مؤخر منصوب,وَ( زُلْفَى ) : اسْمُ ( إِنَّ ) : مُؤَخَّرٌ مَنْصُوبٌ
3025,3,و( الفجار ) : اسم مجرور,وَ( الْفُجَّارِ ) : اسْمٌ مَجْرُورٌ
3026,2,و( يدبروا ) : فعل مضارع منصوب بأن مضمرة,وَ( يَدَّبَّرُوا ) : فِعْلٌ مُضَارِعٌ مَنْصُوبٌ بِأَنْ مُضْمَرَةٍ
3027,2,و( يتذكر ) : فعل مضارع منصوب بأن مضمرة,وَ( يَتَذَكَّرَ ) : فِعْلٌ مُضَارِعٌ مَنْصُوبٌ بِأَنْ مُضْمَرَةٍ
3028,3,و( داود ) : اسم مجرور,وَ( دَاوُدَ ) : اسْمٌ مَجْرُورٌ
3029,3,و( الحجاب ) : اسم مجرور,وَ( الْحِجَابِ ) : اسْمٌ مَجْرُورٌ
3030,2,"مفعول مطلق لفعل محذوف أي: "" يمسحها مسحا "" منصوب","مَفْعُولٌ مُطْلَقٌ لِفِعْلٍ مَحْذُوفٍ أَيْ: "" يَمْسَحُهَا مَسْحًا "" مَنْصُوبٌ"
3031,3,و( السوق ) : اسم مجرور,وَ( السُّوقِ ) : اسْمٌ مَجْرُورٌ
3032,3,و( الأعناق ) : معطوف مجرور,وَ( الْأَعْنَاقِ ) : مَعْطُوفٌ مَجْرُورٌ
3033,2,و( الشياطين ) : معطوف على ( الريح ) : منصوب,وَ( الشَّيَاطِينَ ) : مَعْطُوفٌ عَلَى ( الرِّيحَ ) : مَنْصُوبٌ
3034,2,بدل بعض من كل منصوب,بَدَلُ بَعْضٍ مِنْ كُلٍّ مَنْصُوبٌ
3035,3,و( غواص ) : معطوف مجرور,وَ( غَوَّاصٍ ) : مَعْطُوفٌ مَجْرُورٌ
3036,2,و( آخرين ) : معطوف على ( كل بناء ) : منصوب,وَ( آخَرِينَ ) : مَعْطُوفٌ عَلَى ( كُلَّ بَنَّاءٍ ) : مَنْصُوبٌ
3037,2,و( زلفى ) : اسم ( إن ) : منصوب,وَ( زُلْفَى ) : اسْمُ ( إِنَّ ) : مَنْصُوبٌ
3038,3,و( نصب ) : اسم مجرور,وَ( نُصْبٍ ) : اسْمٌ مَجْرُورٌ
3039,3,و( عذاب ) : معطوف مجرور,وَ( عَذَابٍ ) : مَعْطُوفٌ مَجْرُورٌ
3040,3,و( رجل ) : اسم مجرور,وَ( رِجْلِ ) : اسْمٌ مَجْرُورٌ
3041,1,و( شراب ) : معطوف على ( مغتسل ) : مرفوع,وَ( شَرَابٌ ) : مَعْطُوفٌ عَلَى ( مُغْتَسَلٌ ) : مَرْفُوعٌ
3042,3,و( الأبصار ) : معطوف مجرور,وَ( الْأَبْصَارِ ) : مَعْطُوفٌ مَجْرُورٌ
3043,3,و( خالصة ) : اسم مجرور,وَ( خَالِصَةٍ ) : اسْمٌ مَجْرُورٌ
3044,2,و( حسن ) : اسم ( إن ) : مؤخر منصوب,وَ( حُسْنَ ) : اسْمُ ( إِنَّ ) : مُؤَخَّرٌ مَنْصُوبٌ
3045,2,بدل من ( حسن ) : منصوب,بَدَلٌ مِنْ ( حُسْنَ ) : مَنْصُوبٌ
3046,3,و( شراب ) : معطوف مجرور,وَ( شَرَابٍ ) : مَعْطُوفٌ مَجْرُورٌ
3047,1,و( رزق ) : خبر ( إن ) : مرفوع,وَ( رِزْقُ ) : خَبَرُ ( إِنَّ ) : مَرْفُوعٌ
3048,2,و( شر ) : اسم ( إن ) : مؤخر منصوب,وَ( شَرَّ ) : اسْمُ ( إِنَّ ) : مُؤَخَّرٌ مَنْصُوبٌ
3049,2,بدل من ( شر ) : منصوب,بَدَلٌ مِنْ ( شَرَّ ) : مَنْصُوبٌ
3050,4,و( يذوقوا ) : فعل مضارع مجزوم,وَ( يَذُوقُوا ) : فِعْلٌ مُضَارِعٌ مَجْزُومٌ
3051,1,و( غساق ) : معطوف مرفوع,وَ( غَسَّاقٌ ) : مَعْطُوفٌ مَرْفُوعٌ
3052,1,و( آخر ) : معطوف مرفوع,وَ( آخَرُ ) : مَعْطُوفٌ مَرْفُوعٌ
3053,3,و( يدي ) : اسم مجرور,وَ( يَدَيْ ) : اسْمٌ مَجْرُورٌ
3054,3,و( عزت ) : اسم مجرور,وَ( عِزَّتِ ) : اسْمٌ مَجْرُورٌ
3055,1,و( الحق ) : مبتدأ مرفوع,وَ( الْحَقُّ ) : مُبْتَدَأٌ مَرْفُوعٌ
3056,2,و( الحق ) : مفعول به مقدم منصوب,وَ( الْحَقَّ ) : مَفْعُولٌ بِهِ مُقَدَّمٌ مَنْصُوبٌ
3057,2,و( يقربوا ) : فعل مضارع منصوب بأن مضمرة,وَ( يُقَرِّبُوا ) : فِعْلٌ مُضَارِعٌ مَنْصُوبٌ بِأَنْ مُضْمَرَةٍ
3058,1,و( يكور ) : فعل مضارع مرفوع,وَ( يُكَوِّرُ ) : فِعْلٌ مُضَارِعٌ مَرْفُوعٌ
3059,2,و( قائما ) : معطوف منصوب,وَ( قَائِمًا ) : مَعْطُوفٌ مَنْصُوبٌ
3060,1,و( يرجو ) : فعل مضارع مرفوع,وَ( يَرْجُو ) : فِعْلٌ مُضَارِعٌ مَرْفُوعٌ
3061,2,و( عباد ) : منادى منصوب,وَ( عِبَادِ ) : مُنَادًى مَنْصُوبٌ
3062,1,و( أرض ) : مبتدأ مرفوع,وَ( أَرْضُ ) : مُبْتَدَأٌ مَرْفُوعٌ
3063,2,و( أهليهم ) : معطوف منصوب,وَ( أَهْلِيهِمْ ) : مَعْطُوفٌ مَنْصُوبٌ
3064,3,و( القاسية ) : اسم مجرور,وَ( الْقَاسِيَةِ ) : اسْمٌ مَجْرُورٌ
3065,1,و( قلوبهم ) : معطوف مرفوع,وَ( قُلُوبُهُمْ ) : مَعْطُوفٌ مَرْفُوعٌ
3066,2,و( رجلا ) : معطوف على ( رجلا ) : منصوب,وَ( رَجُلًا ) : مَعْطُوفٌ عَلَى ( رَجُلًا ) : مَنْصُوبٌ
3067,2,و( يكفر ) : فعل مضارع منصوب بأن مضمرة,وَ( يُكَفِّرَ ) : فِعْلٌ مُضَارِعٌ مَنْصُوبٌ بِأَنْ مُضْمَرَةٍ
3068,2,و( كاف ) : خبر ليس مجرور لفظا منصوب محلا,وَ( كَافٍ ) : خَبَرُ لَيْسَ مَجْرُورٌ لَفْظًا مَنْصُوبٌ مَحَلًّا
3069,1,و( يخوفون ) : فعل مضارع مرفوع,وَ( يُخَوِّفُونَ ) : فِعْلٌ مُضَارِعٌ مَرْفُوعٌ
3070,2,و( عزيز ) : خبر ليس مجرور لفظا منصوب محلا,وَ( عَزِيزٍ ) : خَبَرُ لَيْسَ مَجْرُورٌ لَفْظًا مَنْصُوبٌ مَحَلًّا
3071,1,اسم الجلالة خبر المبتدإ مرفوع,اسْمُ الْجَلَالَةِ خَبَرُ الْمُبْتَدَإِ مَرْفُوعٌ
3072,2,و( مثل ) : معطوف على ( ما ) : منصوب,وَ( مِثْلَ ) : مَعْطُوفٌ عَلَى ( مَا ) : مَنْصُوبٌ
3073,2,و( عبادي ) : منادى منصوب,وَ( عِبَادِيَ ) : مُنَادًى مَنْصُوبٌ
3074,2,و( حسرتى ) : منادى منصوب لأنه مضاف,وَ( حَسْرَتَى ) : مُنَادًى مَنْصُوبٌ لِأَنَّهُ مُضَافٌ
3075,2,و( أكون ) : فعل مضارع منصوب بأن مضمرة,وَ( أَكُونَ ) : فِعْلٌ مُضَارِعٌ مَنْصُوبٌ بِأَنْ مُضْمَرَةٍ
3076,3,و( المتكبرين ) : اسم مجرور,وَ( الْمُتَكَبِّرِينَ ) : اسْمٌ مَجْرُورٌ
3077,1,و( ينجي ) : فعل مضارع مرفوع,وَ( يُنَجِّي ) : فِعْلٌ مُضَارِعٌ مَرْفُوعٌ
3078,3,و( مفازت ) : اسم مجرور,وَ( مَفَازَتِ ) : اسْمٌ مَجْرُورٌ
3079,1,و( الأرض ) : مبتدأ مرفوع,وَ( الْأَرْضُ ) : مُبْتَدَأٌ مَرْفُوعٌ
3080,1,و( السماوات ) : مبتدأ مرفوع,وَ( السَّمَاوَاتُ ) : مُبْتَدَأٌ مَرْفُوعٌ
3081,3,و( النبيين ) : اسم مجرور,وَ( النَّبِيِّينَ ) : اسْمٌ مَجْرُورٌ
3082,3,و( قابل ) : معطوف مجرور,وَ( قَابِلِ ) : مَعْطُوفٌ مَجْرُورٌ
3083,1,و( الأحزاب ) : معطوف على ( قوم ) : مرفوع,وَ( الْأَحْزَابُ ) : مَعْطُوفٌ عَلَى ( قَوْمُ ) : مَرْفُوعٌ
3084,2,و( يأخذوا ) : فعل مضارع منصوب بأن مضمرة,وَ( يَأْخُذُوا ) : فِعْلٌ مُضَارِعٌ مَنْصُوبٌ بِأَنْ مُضْمَرَةٍ
3085,1,و( يؤمنون ) : فعل مضارع مرفوع,وَ( يُؤْمِنُونَ ) : فِعْلٌ مُضَارِعٌ مَرْفُوعٌ
3086,2,و( علما ) : معطوف على ( رحمة ) : منصوب,وَ( عِلْمًا ) : مَعْطُوفٌ عَلَى ( رَحْمَةً ) : مَنْصُوبٌ
3087,3,و( أزواجهم ) : معطوف على ( آبائهم ) : مجرور,وَ( أَزْوَاجِهِمْ ) : مَعْطُوفٌ عَلَى ( آبَائِهِمْ ) : مَجْرُورٌ
3088,1,و( مقت ) : مبتدأ مرفوع,وَ( مَقْتُ ) : مُبْتَدَأٌ مَرْفُوعٌ
3089,4,فعل مضارع فعل الشرط مبني لما لم يسم فاعله مجزوم,فِعْلٌ مُضَارِعٌ فِعْلُ الشَّرْطِ مَبْنِيٌّ لِمَا لَمْ يُسَمَّ فَاعِلُهُ مَجْزُومٌ
3090,1,و( الحكم ) : مبتدأ مرفوع,وَ( الْحُكْمُ ) : مُبْتَدَأٌ مَرْفُوعٌ
3091,3,معطوف على ( حميم ) : مجرور,مَعْطُوفٌ عَلَى ( حَمِيمٍ ) : مَجْرُورٌ
3092,2,و( آثارا ) : معطوف على ( قوة ) : منصوب,وَ( آثَارًا ) : مَعْطُوفٌ عَلَى ( قُوَّةً ) : مَنْصُوبٌ
3093,3,و( سلطان ) : معطوف على ( آيات ) : مجرور,وَ( سُلْطَانٍ ) : مَعْطُوفٌ عَلَى ( آيَاتِ ) : مَجْرُورٌ
3094,3,و( هامان ) : معطوف على ( فرعون ) : مجرور,وَ( هَامَانَ ) : مَعْطُوفٌ عَلَى ( فِرْعَوْنَ ) : مَجْرُورٌ
3095,3,و( قارون ) : معطوف على ( هامان ) : مجرور,وَ( قَارُونَ ) : مَعْطُوفٌ عَلَى ( هَامَانَ ) : مَجْرُورٌ
3096,1,و( تقتلون ) : فعل مضارع مرفوع,وَ( تَقْتُلُونَ ) : فِعْلٌ مُضَارِعٌ مَرْفُوعٌ
3097,2,بدل من ( مثل ) : منصوب,بَدَلٌ مِنْ ( مِثْلَ ) : مَنْصُوبٌ
3098,2,بدل من ( يوم ) : الأولى منصوب,بَدَلٌ مِنْ ( يَوْمَ ) : الْأُولَى مَنْصُوبٌ
3099,2,و( أطلع ) : فعل مضارع منصوب بأن مضمرة,وَ( أَطَّلِعَ ) : فِعْلٌ مُضَارِعٌ مَنْصُوبٌ بِأَنْ مُضْمَرَةٍ
3100,2,و( أكفر ) : فعل مضارع منصوب بأن مضمرة,وَ( أَكْفُرَ ) : فِعْلٌ مُضَارِعٌ مَنْصُوبٌ بِأَنْ مُضْمَرَةٍ
3101,2,و( أشرك ) : فعل مضارع معطوف منصوب,وَ( أُشْرِكَ ) : فِعْلٌ مُضَارِعٌ مَعْطُوفٌ مَنْصُوبٌ
3102,1,و( أفوض ) : فعل مضارع مرفوع,وَ( أُفَوِّضُ ) : فِعْلٌ مُضَارِعٌ مَرْفُوعٌ
3103,3,و( آل ) : اسم مجرور,وَ( آلِ ) : اسْمٌ مَجْرُورٌ
3104,1,بدل من ( سوء ) : مرفوع,بَدَلٌ مِنْ ( سُوءُ ) : مَرْفُوعٌ
3105,3,و( خزنة ) : اسم مجرور,وَ( خَزَنَةِ ) : اسْمٌ مَجْرُورٌ
3106,1,و( ننصر ) : فعل مضارع مرفوع,وَ( نَنْصُرُ ) : فِعْلٌ مُضَارِعٌ مَرْفُوعٌ
3107,2,و( ذكرى ) : معطوف على ( هدى ) : منصوب,وَ( ذِكْرَى ) : مَعْطُوفٌ عَلَى ( هُدًى ) : مَنْصُوبٌ
3108,3,و( الإبكار ) : معطوف على ( العشي ) : مجرور,وَ( الْإِبْكَارِ ) : مَعْطُوفٌ عَلَى ( الْعَشِيِّ ) : مَجْرُورٌ
3109,2,و( بالغي ) : خبر ( ما ) : مجرور لفظا منصوب محلا,وَ( بَالِغِي ) : خَبَرُ ( مَا ) : مَجْرُورٌ لَفْظًا مَنْصُوبٌ مَحَلًّا
3110,1,و( خلق ) : مبتدأ مرفوع,وَ( خَلْقُ ) : مُبْتَدَأٌ مَرْفُوعٌ
3111,1,و( يدخلون ) : فعل مضارع مرفوع,وَ( يَدْخُلُونَ ) : فِعْلٌ مُضَارِعٌ مَرْفُوعٌ
3112,2,و( السماء ) : مفعول به أول منصوب,وَ( السَّمَاءَ ) : مَفْعُولٌ بِهِ أَوَّلُ مَنْصُوبٌ
3113,2,و( تكونوا ) : فعل مضارع ناسخ منصوب بأن مضمرة,وَ( تَكُونُوا ) : فِعْلٌ مُضَارِعٌ نَاسِخٌ مَنْصُوبٌ بِأَنْ مُضْمَرَةٍ
3114,1,و( السلاسل ) : معطوف مرفوع,وَ( السَّلَاسِلُ ) : مَعْطُوفٌ مَرْفُوعٌ
3115,2,و( أي ) : مفعول به مقدم منصوب,وَ( أَيَّ ) : مَفْعُولٌ بِهِ مُقَدَّمٌ مَنْصُوبٌ
3116,2,و( أشد ) : معطوف على ( أكثر ) : منصوب,وَ( أَشَدَّ ) : مَعْطُوفٌ عَلَى ( أَكْثَرَ ) : مَنْصُوبٌ
3117,2,و( آثارا ) : معطوف منصوب,وَ( آثَارًا ) : مَعْطُوفٌ مَنْصُوبٌ
3118,3,و( بين ) : معطوف على ( بيننا ) : مجرور,وَ( بَيْنَ ) : مَعْطُوفٌ عَلَى ( بَيْنَنَا ) : مَجْرُورٌ
3119,1,نعت ل( بشر ) : مرفوع,نَعْتٌ لِـ( بَشَرٌ ) : مَرْفُوعٌ
3120,2,معطوف على ( طوعا ) : منصوب,مَعْطُوفٌ عَلَى ( طَوْعًا ) : مَنْصُوبٌ
3121,2,نعت ل( السماء ) : منصوب,نَعْتٌ لِـ( السَّمَاءَ ) : مَنْصُوبٌ
3122,2,"و( حفظا ) : مفعول مطلق لفعل محذوف تقديره "" حفظنا "" منصوب","وَ( حِفْظًا ) : مَفْعُولٌ مُطْلَقٌ لِفِعْلٍ مَحْذُوفٍ تَقْدِيرُهُ "" حَفِظْنَا "" مَنْصُوبٌ"
3123,2,نعت ل( صاعقة ) : منصوب,نَعْتٌ لِـ( صَاعِقَةً ) : مَنْصُوبٌ
3124,2,نعت ل( ريحا ) : منصوب,نَعْتٌ لِـ( رِيحًا ) : مَنْصُوبٌ
3125,3,نعت ل( أيام ) : مجرور,نَعْتٌ لِـ( أَيَّامٍ ) : مَجْرُورٌ
3126,2,و( نذيق ) : فعل مضارع منصوب بأن مضمرة,وَ( نُذِيقَ ) : فِعْلٌ مُضَارِعٌ مَنْصُوبٌ بِأَنْ مُضْمَرَةٍ
3127,3,نعت ل( العذاب ) : مجرور,نَعْتٌ لِـ( الْعَذَابِ ) : مَجْرُورٌ
3128,1,و( أبصارهم ) : معطوف مرفوع,وَ( أَبْصَارُهُمْ ) : مَعْطُوفٌ مَرْفُوعٌ
3129,1,و( جلودهم ) : معطوف مرفوع,وَ( جُلُودُهُمْ ) : مَعْطُوفٌ مَرْفُوعٌ
3130,3,و( جلود ) : اسم مجرور,وَ( جُلُودِ ) : اسْمٌ مَجْرُورٌ
3131,2,نعت ل( عذاب ) : منصوب,نَعْتٌ لِـ( عَذَابَ ) : مَنْصُوبٌ
3132,2,و( يكونا ) : فعل مضارع ناسخ منصوب بأن مضمرة,وَ( يَكُونَا ) : فِعْلٌ مُضَارِعٌ نَاسِخٌ مَنْصُوبٌ بِأَنْ مُضْمَرَةٍ
3133,3,و( الجنة ) : اسم مجرور,وَ( الْجَنَّةِ ) : اسْمٌ مَجْرُورٌ
3134,3,نعت ل( غفور ) : مجرور,نَعْتٌ لِـ( غَفُورٍ ) : مَجْرُورٌ
3135,1,معطوف على ( الحسنة ) : مرفوع,مَعْطُوفٌ عَلَى ( الْحَسَنَةُ ) : مَرْفُوعٌ
3136,2,و( بين ) : معطوف على ( بينك ) : منصوب,وَ( بَيْنَ ) : مَعْطُوفٌ عَلَى ( بَيْنَكَ ) : مَنْصُوبٌ
3137,1,و( النهار ) : معطوف على ( الليل ) : مرفوع,وَ( النَّهَارُ ) : مَعْطُوفٌ عَلَى ( اللَّيْلُ ) : مَرْفُوعٌ
3138,1,و( كتاب ) : خبر ( إن ) : مرفوع,وَ( كِتَابٌ ) : خَبَرُ ( إِنَّ ) : مَرْفُوعٌ
3139,1,و( ذو ) : معطوف مرفوع,وَ( ذُو ) : مَعْطُوفٌ مَرْفُوعٌ
3140,1,و( شفاء ) : معطوف مرفوع,وَ( شِفَاءٌ ) : مَعْطُوفٌ مَرْفُوعٌ
3141,3,نعت ل( مكان ) : مجرور,نَعْتٌ لِـ( مَكَانٍ ) : مَجْرُورٌ
3142,1,"و( يؤوس ) : خبر لمبتدإ محذوف تقديره "" هو "" مرفوع","وَ( يَؤُوسٌ ) : خَبَرٌ لِمُبْتَدَإٍ مَحْذُوفٍ تَقْدِيرُهُ "" هُوَ "" مَرْفُوعٌ"
3143,2,و( الحسنى ) : اسم ( إن ) : مؤخر منصوب,وَ( الْحُسْنَى ) : اسْمُ ( إِنَّ ) : مُؤَخَّرٌ مَنْصُوبٌ
3144,3,نعت ل( عذاب ) : مجرور,نَعْتٌ لِـ( عَذَابٍ ) : مَجْرُورٌ
3145,1,"و( ذو ) : خبر لمبتدإ محذوف تقديره "" هو "" مرفوع","وَ( ذُو ) : خَبَرٌ لِمُبْتَدَإٍ مَحْذُوفٍ تَقْدِيرُهُ "" هُوَ "" مَرْفُوعٌ"
3146,3,نعت ل( دعاء ) : مجرور,نَعْتٌ لِـ( دُعَاءٍ ) : مَجْرُورٌ
3147,3,نعت ل( شقاق ) : مجرور,نَعْتٌ لِـ( شِقَاقٍ ) : مَجْرُورٌ
3148,1,و( نري ) : فعل مضارع مرفوع,وَ( نُرِي ) : فِعْلٌ مُضَارِعٌ مَرْفُوعٌ
3149,1,و( فريق ) : مبتدأ مرفوع,وَ( فَرِيقٌ ) : مُبْتَدَأٌ مَرْفُوعٌ
3150,1,و( الظالمون ) : مبتدأ مرفوع,وَ( الظَّالِمُونَ ) : مُبْتَدَأٌ مَرْفُوعٌ
3151,1,و( حكم ) : مبتدأ مرفوع,وَ( حُكْمُ ) : مُبْتَدَأٌ مَرْفُوعٌ
3152,2,و( مثل ) : خبر ليس مقدم مجرور لفظا منصوب محلا,وَ( مِثْلِ ) : خَبَرُ لَيْسَ مُقَدَّمٌ مَجْرُورٌ لَفْظًا مَنْصُوبٌ مَحَلًّا
3153,2,و( موسى ) : معطوف على ( إبراهيم ) : منصوب,وَ( مُوسَى ) : مَعْطُوفٌ عَلَى ( إِبْرَاهِيمَ ) : مَنْصُوبٌ
3154,2,و( عيسى ) : معطوف على ( موسى ) : منصوب,وَ( عِيسَى ) : مَعْطُوفٌ عَلَى ( مُوسَى ) : مَنْصُوبٌ
3155,2,و( أعدل ) : فعل مضارع منصوب بأن مضمرة,وَ( أَعْدِلَ ) : فِعْلٌ مُضَارِعٌ مَنْصُوبٌ بِأَنْ مُضْمَرَةٍ
3156,2,و( الميزان ) : معطوف على ( الكتاب ) : منصوب,وَ( الْمِيزَانَ ) : مَعْطُوفٌ عَلَى ( الْكِتَابَ ) : مَنْصُوبٌ
3157,1,"خبر ( لعل ) : على تقدير مضاف أي: "" لعل مجيء الساعة قريب…","خَبَرُ ( لَعَلَّ ) : عَلَى تَقْدِيرِ مُضَافٍ أَيْ: "" لَعَلَّ مَجِيءَ السَّاعَةِ قَرِيبٌ "" مَرْفُوعٌ"
3158,1,و( يمح ) : فعل مضارع مرفوع,وَ( يَمْحُ ) : فِعْلٌ مُضَارِعٌ مَرْفُوعٌ
3159,1,و( يحق ) : فعل مضارع مرفوع,وَ( يَحِقُّ ) : فِعْلٌ مُضَارِعٌ مَرْفُوعٌ
3160,1,و( يستجيب ) : فعل مضارع مرفوع,وَ( يَسْتَجِيبُ ) : فِعْلٌ مُضَارِعٌ مَرْفُوعٌ
3161,1,و( ينشر ) : فعل مضارع مرفوع,وَ( يَنْشُرُ ) : فِعْلٌ مُضَارِعٌ مَرْفُوعٌ
3162,4,و( يعف ) : فعل مضارع معطوف مجزوم,وَ( يَعْفُ ) : فِعْلٌ مُضَارِعٌ مَعْطُوفٌ مَجْزُومٌ
3163,2,و( يعلم ) : فعل مضارع منصوب,وَ( يَعْلَمَ ) : فِعْلٌ مُضَارِعٌ مَنْصُوبٌ
3164,1,و( جزاء ) : مبتدأ مرفوع,وَ( جَزَاءُ ) : مُبْتَدَأٌ مَرْفُوعٌ
3165,1,نعت ل( سيئة ) : مرفوع,نَعْتٌ لِـ( سَيِّئَةٌ ) : مَرْفُوعٌ
3166,2,و( أهليهم ) : معطوف على ( أنفسهم ) : منصوب,وَ( أَهْلِيهِمْ ) : مَعْطُوفٌ عَلَى ( أَنْفُسَهُمْ ) : مَنْصُوبٌ
3167,1,و( يهب ) : فعل مضارع مرفوع,وَ( يَهَبُ ) : فِعْلٌ مُضَارِعٌ مَرْفُوعٌ
3168,2,و( إناثا ) : معطوف على ( ذكرانا ) : منصوب,وَ( إِنَاثًا ) : مَعْطُوفٌ عَلَى ( ذُكْرَانًا ) : مَنْصُوبٌ
3169,2,و( يوحي ) : فعل مضارع منصوب,وَ( يُوحِيَ ) : فِعْلٌ مُضَارِعٌ مَنْصُوبٌ
3170,1,معطوف على ( الكتاب ) : مرفوع,مَعْطُوفٌ عَلَى ( الْكِتَابُ ) : مَرْفُوعٌ
3171,3,بدل من ( صراط ) : مجرور,بَدَلٌ مِنْ ( صِرَاطٍ ) : مَجْرُورٌ
3172,1,و( علي ) : خبر ( إن ) : مرفوع,وَ( عَلِيٌّ ) : خَبَرُ ( إِنَّ ) : مَرْفُوعٌ
3173,1,و( نضرب ) : فعل مضارع مرفوع,وَ( نَضْرِبُ ) : فِعْلٌ مُضَارِعٌ مَرْفُوعٌ
3174,2,نعت ل( بلدة ) : منصوب,نَعْتٌ لِـ( بَلْدَةً ) : مَنْصُوبٌ
3175,3,و( الأنعام ) : معطوف على ( الفلك ) : مجرور,وَ( الْأَنْعَامِ ) : مَعْطُوفٌ عَلَى ( الْفُلْكِ ) : مَجْرُورٌ
3176,2,و( تستووا ) : فعل مضارع منصوب بأن مضمرة,وَ( تَسْتَوُوا ) : فِعْلٌ مُضَارِعٌ مَنْصُوبٌ بِأَنْ مُضْمَرَةٍ
3177,2,و( تقولوا ) : فعل مضارع معطوف منصوب,وَ( تَقُولُوا ) : فِعْلٌ مُضَارِعٌ مَعْطُوفٌ مَنْصُوبٌ
3178,1,و( منقلبون ) : خبر ( إن ) : مرفوع,وَ( مُنْقَلِبُونَ ) : خَبَرُ ( إِنَّ ) : مَرْفُوعٌ
3179,1,نعت ل( كفور ) : مرفوع,نَعْتٌ لِـ( كَفُورٌ ) : مَرْفُوعٌ
3180,1,و( تكتب ) : فعل مضارع مبني لما لم يسم فاعله مرفوع,وَ( تُكْتَبُ ) : فِعْلٌ مُضَارِعٌ مَبْنِيٌّ لِمَا لَمْ يُسَمَّ فَاعِلُهُ مَرْفُوعٌ
3181,1,و( يسألون ) : فعل مضارع مبني لما لم يسم فاعله مرفوع,وَ( يُسْأَلُونَ ) : فِعْلٌ مُضَارِعٌ مَبْنِيٌّ لِمَا لَمْ يُسَمَّ فَاعِلُهُ مَرْفُوعٌ
3182,3,و( أهدى ) : اسم مجرور,وَ( أَهْدَى ) : اسْمٌ مَجْرُورٌ
3183,3,و( قوم ) : معطوف على ( أبي ) : مجرور,وَ( قَوْمِ ) : مَعْطُوفٌ عَلَى ( أَبِي ) : مَجْرُورٌ
3184,2,نعت ل( كلمة ) : منصوب,نَعْتٌ لِـ( كَلِمَةً ) : مَنْصُوبٌ
3185,2,و( آباءهم ) : معطوف على ( هؤلاء ) : منصوب,وَ( آبَاءَهُمْ ) : مَعْطُوفٌ عَلَى ( هَؤُلَاءِ ) : مَنْصُوبٌ
3186,1,و( رسول ) : معطوف على ( الحق ) : مرفوع,وَ( رَسُولٌ ) : مَعْطُوفٌ عَلَى ( الْحَقُّ ) : مَرْفُوعٌ
3187,3,نعت ل( رجل ) : مجرور,نَعْتٌ لِـ( رَجُلٍ ) : مَجْرُورٌ
3188,2,و( يتخذ ) : فعل مضارع منصوب بأن مضمرة,وَ( يَتَّخِذَ ) : فِعْلٌ مُضَارِعٌ مَنْصُوبٌ بِأَنْ مُضْمَرَةٍ
3189,1,و( رحمة ) : مبتدأ مرفوع,وَ( رَحْمَةُ ) : مُبْتَدَأٌ مَرْفُوعٌ
3190,2,و( معارج ) : معطوف على ( سقفا ) : منصوب,وَ( مَعَارِجَ ) : مَعْطُوفٌ عَلَى ( سَقْفًا ) : مَنْصُوبٌ
3191,2,و( سررا ) : معطوف على ( أبوابا ) : منصوب,وَ( سُرُرًا ) : مَعْطُوفٌ عَلَى ( أَبْوَابًا ) : مَنْصُوبٌ
3192,2,و( زخرفا ) : مفعول به منصوب,وَ( زُخْرُفًا ) : مَفْعُولٌ بِهِ مَنْصُوبٌ
3193,2,اسم ( ليت ) : مؤخر منصوب,اسْمُ ( لَيْتَ ) : مُؤَخَّرٌ مَنْصُوبٌ
3194,3,نعت ل( صراط ) : مجرور,نَعْتٌ لِـ( صِرَاطٍ ) : مَجْرُورٌ
3195,1,و( ذكر ) : خبر ( إن ) : مرفوع,وَ( ذِكْرٌ ) : خَبَرُ ( إِنَّ ) : مَرْفُوعٌ
3196,3,و( ملئ ) : معطوف على ( فرعون ) : مجرور,وَ( مَلَئِ ) : مَعْطُوفٌ عَلَى ( فِرْعَوْنَ ) : مَجْرُورٌ
3197,1,بدل من ( هذه ) : مرفوع,بَدَلٌ مِنْ ( هَذِهِ ) : مَرْفُوعٌ
3198,2,و( مثلا ) : معطوف على ( سلفا ) : منصوب,وَ( مَثَلًا ) : مَعْطُوفٌ عَلَى ( سَلَفًا ) : مَنْصُوبٌ
3199,3,و( الآخرين ) : اسم مجرور,وَ( الْآخِرِينَ ) : اسْمٌ مَجْرُورٌ
3200,1,و( آلهت ) : مبتدأ مرفوع,وَ( آلِهَتُ ) : مُبْتَدَأٌ مَرْفُوعٌ
3201,1,و( علم ) : خبر ( إن ) : مرفوع,وَ( عِلْمٌ ) : خَبَرُ ( إِنَّ ) : مَرْفُوعٌ
3202,2,و( أبين ) : فعل مضارع منصوب بأن مضمرة,وَ( أُبَيِّنَ ) : فِعْلٌ مُضَارِعٌ مَنْصُوبٌ بِأَنْ مُضْمَرَةٍ
3203,1,و( أزواج ) : معطوف على ( أنتم ) : مرفوع,وَ( أَزْوَاجُ ) : مَعْطُوفٌ عَلَى ( أَنْتُمْ ) : مَرْفُوعٌ
3204,3,و( صحاف ) : اسم مجرور,وَ( صِحَافٍ ) : اسْمٌ مَجْرُورٌ
3205,3,و( أكواب ) : معطوف على ( صحاف ) : مجرور,وَ( أَكْوَابٍ ) : مَعْطُوفٌ عَلَى ( صِحَافٍ ) : مَجْرُورٌ
3206,1,و( تلذ ) : فعل مضارع مرفوع,وَ( تَلَذُّ ) : فِعْلٌ مُضَارِعٌ مَرْفُوعٌ
3207,1,نعت ل( فاكهة ) : مرفوع,نَعْتٌ لِـ( فَاكِهَةٌ ) : مَرْفُوعٌ
3208,4,و( يقض ) : فعل مضارع مجزوم,وَ( يَقْضِ ) : فِعْلٌ مُضَارِعٌ مَجْزُومٌ
3209,2,و( نجواهم ) : معطوف على ( سرهم ) : منصوب,وَ( نَجْوَاهُمْ ) : مَعْطُوفٌ عَلَى ( سِرَّهُمْ ) : مَنْصُوبٌ
3210,1,و( رسل ) : مبتدأ مرفوع,وَ( رُسُلُ ) : مُبْتَدَأٌ مَرْفُوعٌ
3211,3,و( قيل ) : اسم معطوف مجرور,وَ( قِيلِ ) : اسْمٌ مَعْطُوفٌ مَجْرُورٌ
3212,1,"خبر لمبتدإ محذوف تقديره "" شأني "" مرفوع","خَبَرٌ لِمُبْتَدَإٍ مَحْذُوفٍ تَقْدِيرُهُ "" شَأْنِي "" مَرْفُوعٌ"
3213,3,نعت ل( أمر ) : مجرور,نَعْتٌ لِـ( أَمْرٍ ) : مَجْرُورٌ
3214,3,و( دخان ) : اسم مجرور,وَ( دُخَانٍ ) : اسْمٌ مَجْرُورٌ
3215,1,نعت ل( معلم ) : مرفوع,نَعْتٌ لِـ( مُعَلَّمٌ ) : مَرْفُوعٌ
3216,2,نعت ل( البطشة ) : منصوب,نَعْتٌ لِـ( الْبَطْشَةَ ) : مَنْصُوبٌ
3217,3,نعت ل( كريم ) : مجرور,نَعْتٌ لِـ( كَرِيمٍ ) : مَجْرُورٌ
3218,3,و( نعمة ) : معطوف مجرور,وَ( نِعْمَةٍ ) : مَعْطُوفٌ مَجْرُورٌ
3219,2,و( منشرين ) : خبر ( ما ) : مجرور لفظا منصوب محلا,وَ( مُنْشَرِينَ ) : خَبَرُ ( مَا ) : مَجْرُورٌ لَفْظًا مَنْصُوبٌ مَحَلًّا
3220,1,معطوف على ( هم ) : مرفوع,مَعْطُوفٌ عَلَى ( هُمْ ) : مَرْفُوعٌ
3221,3,و( غلي ) : اسم مجرور,وَ( غَلْيِ ) : اسْمٌ مَجْرُورٌ
3222,3,و( عيون ) : معطوف على ( جنات ) : مجرور,وَ( عُيُونٍ ) : مَعْطُوفٌ عَلَى ( جَنَّاتٍ ) : مَجْرُورٌ
3223,3,و( إستبرق ) : معطوف على ( سندس ) : مجرور,وَ( إِسْتَبْرَقٍ ) : مَعْطُوفٌ عَلَى ( سُنْدُسٍ ) : مَجْرُورٌ
3224,3,نعت ل( حور ) : مجرور,نَعْتٌ لِـ( حُورٍ ) : مَجْرُورٌ
3225,2,نعت ل( الموتة ) : منصوب,نَعْتٌ لِـ( الْمَوْتَةَ ) : مَنْصُوبٌ
3226,3,و( اختلاف ) : اسم مجرور,وَ( اخْتِلَافِ ) : اسْمٌ مَجْرُورٌ
3227,3,و( النهار ) : معطوف على ( الليل ) : مجرور,وَ( النَّهَارِ ) : مَعْطُوفٌ عَلَى ( اللَّيْلِ ) : مَجْرُورٌ
3228,3,و( تصريف ) : معطوف على ( اختلاف ) : مجرور,وَ( تَصْرِيفِ ) : مَعْطُوفٌ عَلَى ( اخْتِلَافِ ) : مَجْرُورٌ
3229,2,ظرف منصوب,ظَرْفٌ مَنْصُوبٌ
3230,3,و( آيات ) : معطوف على اسم الجلالة مجرور,وَ( آيَاتِ ) : مَعْطُوفٌ عَلَى اسْمِ الْجَلَالَةِ مَجْرُورٌ
3231,1,و( هدى ) : معطوف على ( بصائر ) : مرفوع,وَ( هُدًى ) : مَعْطُوفٌ عَلَى ( بَصَائِرُ ) : مَرْفُوعٌ
3232,1,فاعل للمصدر ( سواء ) : مرفوع,فَاعِلٌ لِلْمَصْدَرِ ( سَوَاءً ) : مَرْفُوعٌ
3233,1,و( مماتهم ) : معطوف على ( محياهم ) : مرفوع,وَ( مَمَاتُهُمْ ) : مَعْطُوفٌ عَلَى ( مَحْيَاهُمْ ) : مَرْفُوعٌ
3234,3,و( قلب ) : معطوف على ( سمع ) : مجرور,وَ( قَلْبِ ) : مَعْطُوفٌ عَلَى ( سَمْعِ ) : مَجْرُورٌ
3235,2,و( مستيقنين ) : خبر ( ما ) : مجرور لفظا منصوب محلا,وَ( مُسْتَيْقِنِينَ ) : خَبَرُ ( مَا ) : مَجْرُورٌ لَفْظًا مَنْصُوبٌ مَحَلًّا
3236,3,و( رب ) : معطوف على ( رب ) : مجرور,وَ( رَبِّ ) : مَعْطُوفٌ عَلَى ( رَبِّ ) : مَجْرُورٌ
3237,3,و( أجل ) : معطوف على ( الحق ) : مجرور,وَ( أَجَلٍ ) : مَعْطُوفٌ عَلَى ( الْحَقِّ ) : مَجْرُورٌ
3238,3,نعت ل( أجل ) : مجرور,نَعْتٌ لِـ( أَجَلٍ ) : مَجْرُورٌ
3239,3,معطوف على ( كتاب ) : مجرور,مَعْطُوفٌ عَلَى ( كِتَابٍ ) : مَجْرُورٌ
3240,1,نعت ل( سحر ) : مرفوع,نَعْتٌ لِـ( سِحْرٌ ) : مَرْفُوعٌ
3241,1,نعت ل( نذير ) : مرفوع,نَعْتٌ لِـ( نَذِيرٌ ) : مَرْفُوعٌ
3242,3,اسم ناسخ مجرور,اسْمٌ نَاسِخٌ مَجْرُورٌ
3243,2,و( رحمة ) : معطوف على ( إماما ) : منصوب,وَ( رَحْمَةً ) : مَعْطُوفٌ عَلَى ( إِمَامًا ) : مَنْصُوبٌ
3244,1,و( بشرى ) : معطوف على ( مصدق ) : مرفوع,وَ( بُشْرَى ) : مَعْطُوفٌ عَلَى ( مُصَدِّقٌ ) : مَرْفُوعٌ
3245,1,و( حمل ) : مبتدأ مرفوع,وَ( حَمْلُ ) : مُبْتَدَأٌ مَرْفُوعٌ
3246,1,و( فصال ) : معطوف مرفوع,وَ( فِصَالُ ) : مَعْطُوفٌ مَرْفُوعٌ
3247,1,و( نتجاوز ) : فعل مضارع مرفوع,وَ( نَتَجَاوَزُ ) : فِعْلٌ مُضَارِعٌ مَرْفُوعٌ
3248,2,"مفعول مطلق لفعل محذوف تقديره "" نعدهم "" منصوب","مَفْعُولٌ مُطْلَقٌ لِفِعْلٍ مَحْذُوفٍ تَقْدِيرُهُ "" نَعِدُهُمْ "" مَنْصُوبٌ"
3249,1,و( تعدان ) : فعل مضارع مرفوع,وَ( تَعِدَانِ ) : فِعْلٌ مُضَارِعٌ مَرْفُوعٌ
3250,3,نعت ل( حياة ) : مجرور,نَعْتٌ لِـ( حَيَاةِ ) : مَجْرُورٌ
3251,3,و( الأحقاف ) : اسم مجرور,وَ( الْأَحْقَافِ ) : اسْمٌ مَجْرُورٌ
3252,2,و( تأفك ) : فعل مضارع منصوب بأن مضمرة,وَ( تَأْفِكَ ) : فِعْلٌ مُضَارِعٌ مَنْصُوبٌ بِأَنْ مُضْمَرَةٍ
3253,1,و( أبلغ ) : فعل مضارع مرفوع,وَ( أُبَلِّغُ ) : فِعْلٌ مُضَارِعٌ مَرْفُوعٌ
3254,1,بدل من ( ما ) : مرفوع,بَدَلٌ مِنْ ( مَا ) : مَرْفُوعٌ
3255,2,و( أبصارا ) : معطوف منصوب,وَ( أَبْصَارًا ) : مَعْطُوفٌ مَنْصُوبٌ
3256,2,و( أفئدة ) : معطوف منصوب,وَ( أَفْئِدَةً ) : مَعْطُوفٌ مَنْصُوبٌ
3257,2,بدل من ( قربانا ) : منصوب,بَدَلٌ مِنْ ( قُرْبَانًا ) : مَنْصُوبٌ
3258,2,نعت ل( كتابا ) : منصوب,نَعْتٌ لِـ( كِتَابًا ) : مَنْصُوبٌ
3259,4,و( يجر ) : فعل مضارع معطوف مجزوم,وَ( يُجِرْ ) : فِعْلٌ مُضَارِعٌ مَعْطُوفٌ مَجْزُومٌ
3260,2,و( معجز ) : خبر ليس مجرور لفظا منصوب محلا,وَ( مُعْجِزٍ ) : خَبَرُ لَيْسَ مَجْرُورٌ لَفْظًا مَنْصُوبٌ مَحَلًّا
3261,1,و( قادر ) : خبر ( أن ) : مجرور لفظا مرفوع محلا,وَ( قَادِرٌ ) : خَبَرُ ( أَنَّ ) : مَجْرُورٌ لَفْظًا مَرْفُوعٌ مَحَلًّا
3262,2,و( الحق ) : خبر ليس مجرور لفظا منصوب محلا,وَ( الْحَقِّ ) : خَبَرُ لَيْسَ مَجْرُورٌ لَفْظًا مَنْصُوبٌ مَحَلًّا
3263,2,و( ضرب ) : مفعول مطلق منصوب,وَ( ضَرْبَ ) : مَفْعُولٌ مُطْلَقٌ مَنْصُوبٌ
3264,1,و( يصلح ) : فعل مضارع مرفوع,وَ( يُصْلِحُ ) : فِعْلٌ مُضَارِعٌ مَرْفُوعٌ
3265,4,و( يثبت ) : فعل مضارع معطوف مجزوم,وَ( يُثَبِّتْ ) : فِعْلٌ مُضَارِعٌ مَعْطُوفٌ مَجْزُومٌ
3266,2,"و( تعسا ) : مفعول مطلق لفعل محذوف تقديره "" أتعسهم "" منص…","وَ( تَعْسًا ) : مَفْعُولٌ مُطْلَقٌ لِفِعْلٍ مَحْذُوفٍ تَقْدِيرُهُ "" أَتْعَسَهُمْ "" مَنْصُوبٌ"
3267,1,و( مغفرة ) : معطوف على ( أصناف ) : مرفوع,وَ( مَغْفِرَةٌ ) : مَعْطُوفٌ عَلَى ( أَصْنَافٌ ) : مَرْفُوعٌ
3268,1,اسم الجلالة بدل من الضمير المستتر في الخبر المحذوف مرفوع,اسْمُ الْجَلَالَةِ بَدَلٌ مِنَ الضَّمِيرِ الْمُسْتَتِرِ فِي الْخَبَرِ الْمَحْذُوفِ مَرْفُوعٌ
3269,3,و( المؤمنات ) : معطوف على ( المؤمنين ) : مجرور,وَ( الْمُؤْمِنَاتِ ) : مَعْطُوفٌ عَلَى ( الْمُؤْمِنِينَ ) : مَجْرُورٌ
3270,2,و( مثوا ) : معطوف على ( متقلب ) : منصوب,وَ( مَثْوَا ) : مَعْطُوفٌ عَلَى ( مُتَقَلَّبَ ) : مَنْصُوبٌ
3271,1,و( أولى ) : مبتدأ مرفوع,وَ( أَوْلَى ) : مُبْتَدَأٌ مَرْفُوعٌ
3272,1,و( قول ) : معطوف مرفوع,وَ( قَوْلٌ ) : مَعْطُوفٌ مَرْفُوعٌ
3273,2,و( تقطعوا ) : فعل مضارع معطوف منصوب,وَ( تُقَطِّعُوا ) : فِعْلٌ مُضَارِعٌ مَعْطُوفٌ مَنْصُوبٌ
3274,1,و( نطيع ) : فعل مضارع مرفوع,وَ( نُطِيعُ ) : فِعْلٌ مُضَارِعٌ مَرْفُوعٌ
3275,2,و( أدبارهم ) : معطوف على ( وجوههم ) : منصوب,وَ( أَدْبَارَهُمْ ) : مَعْطُوفٌ عَلَى ( وُجُوهَهُمْ ) : مَنْصُوبٌ
3276,2,و( الصابرين ) : معطوف على ( المجاهدين ) : منصوب,وَ( الصَّابِرِينَ ) : مَعْطُوفٌ عَلَى ( الْمُجَاهِدِينَ ) : مَنْصُوبٌ
3277,2,و( نبلوا ) : فعل مضارع معطوف منصوب,وَ( نَبْلُوا ) : فِعْلٌ مُضَارِعٌ مَعْطُوفٌ مَنْصُوبٌ
3278,1,و( يحبط ) : فعل مضارع مرفوع,وَ( يُحْبِطُ ) : فِعْلٌ مُضَارِعٌ مَرْفُوعٌ
3279,4,و( تدعوا ) : فعل مضارع معطوف مجزوم,وَ( تَدْعُوا ) : فِعْلٌ مُضَارِعٌ مَعْطُوفٌ مَجْزُومٌ
3280,4,و( يحف ) : فعل مضارع معطوف مجزوم,وَ( يُحْفِ ) : فِعْلٌ مُضَارِعٌ مَعْطُوفٌ مَجْزُومٌ
3281,4,و( يخرج ) : فعل مضارع معطوف مجزوم,وَ( يُخْرِجْ ) : فِعْلٌ مُضَارِعٌ مَعْطُوفٌ مَجْزُومٌ
3282,2,و( تنفقوا ) : فعل مضارع منصوب بأن مضمرة,وَ( تُنْفِقُوا ) : فِعْلٌ مُضَارِعٌ مَنْصُوبٌ بِأَنْ مُضْمَرَةٍ
3283,2,و( يتم ) : فعل مضارع منصوب,وَ( يُتِمَّ ) : فِعْلٌ مُضَارِعٌ مَنْصُوبٌ
3284,2,و( يهدي ) : فعل مضارع منصوب,وَ( يَهْدِيَ ) : فِعْلٌ مُضَارِعٌ مَنْصُوبٌ
3285,2,و( ينصر ) : فعل مضارع منصوب,وَ( يَنْصُرَ ) : فِعْلٌ مُضَارِعٌ مَنْصُوبٌ
3286,2,و( يكفر ) : فعل مضارع معطوف منصوب,وَ( يُكَفِّرَ ) : فِعْلٌ مُضَارِعٌ مَعْطُوفٌ مَنْصُوبٌ
3287,2,و( يعذب ) : فعل مضارع معطوف منصوب,وَ( يُعَذِّبَ ) : فِعْلٌ مُضَارِعٌ مَعْطُوفٌ مَنْصُوبٌ
3288,2,و( تعزروا ) : فعل مضارع معطوف منصوب,وَ( تُعَزِّرُوا ) : فِعْلٌ مُضَارِعٌ مَعْطُوفٌ مَنْصُوبٌ
3289,2,و( توقروا ) : فعل مضارع معطوف منصوب,وَ( تُوَقِّرُوا ) : فِعْلٌ مُضَارِعٌ مَعْطُوفٌ مَنْصُوبٌ
3290,2,و( تسبحوا ) : فعل مضارع معطوف منصوب,وَ( تُسَبِّحُوا ) : فِعْلٌ مُضَارِعٌ مَعْطُوفٌ مَنْصُوبٌ
3291,1,و( أهلو ) : معطوف مرفوع,وَ( أَهْلُو ) : مَعْطُوفٌ مَرْفُوعٌ
3292,2,و( تأخذوا ) : فعل مضارع منصوب بأن مضمرة,وَ( تَأْخُذُوا ) : فِعْلٌ مُضَارِعٌ مَنْصُوبٌ بِأَنْ مُضْمَرَةٍ
3293,3,و( المخلفين ) : اسم مجرور,وَ( الْمُخَلَّفِينَ ) : اسْمٌ مَجْرُورٌ
3294,1,و( تدعون ) : فعل مضارع مبني لما لم يسم فاعله مرفوع,وَ( تُدْعَوْنَ ) : فِعْلٌ مُضَارِعٌ مَبْنِيٌّ لِمَا لَمْ يُسَمَّ فَاعِلُهُ مَرْفُوعٌ
3295,3,نعت ل( قوم ) : مجرور,نَعْتٌ لِـ( قَوْمٍ ) : مَجْرُورٌ
3296,3,نعت ل( بأس ) : مجرور,نَعْتٌ لِـ( بَأْسٍ ) : مَجْرُورٌ
3297,2,و( مغانم ) : معطوف على ( فتحا ) : منصوب,وَ( مَغَانِمَ ) : مَعْطُوفٌ عَلَى ( فَتْحًا ) : مَنْصُوبٌ
3298,2,و( أخرى ) : معطوف على ( هذه ) : منصوب,وَ( أُخْرَى ) : مَعْطُوفٌ عَلَى ( هَذِهِ ) : مَنْصُوبٌ
3299,2,معطوف على ( وليا ) : منصوب,مَعْطُوفٌ عَلَى ( وَلِيًّا ) : مَنْصُوبٌ
3300,3,و( بطن ) : اسم مجرور,وَ( بَطْنِ ) : اسْمٌ مَجْرُورٌ
3301,2,و( الهدي ) : معطوف على مفعول ( صدوكم ) : منصوب,وَ( الْهَدْيَ ) : مَعْطُوفٌ عَلَى مَفْعُولِ ( صَدُّوكُمْ ) : مَنْصُوبٌ
3302,1,و( نساء ) : معطوف على ( رجال ) : مرفوع,وَ( نِسَاءٌ ) : مَعْطُوفٌ عَلَى ( رِجَالٌ ) : مَرْفُوعٌ
3303,1,نعت ل( نساء ) : مرفوع,نَعْتٌ لِـ( نِسَاءٌ ) : مَرْفُوعٌ
3304,2,و( تصيب ) : فعل مضارع معطوف منصوب,وَ( تُصِيبَ ) : فِعْلٌ مُضَارِعٌ مَعْطُوفٌ مَنْصُوبٌ
3305,2,بدل من ( الحمية ) : منصوب,بَدَلٌ مِنْ ( الْحَمِيَّةَ ) : مَنْصُوبٌ
3306,2,و( أهل ) : معطوف على ( أحق ) : منصوب,وَ( أَهْلَ ) : مَعْطُوفٌ عَلَى ( أَحَقَّ ) : مَنْصُوبٌ
3307,1,و( تدخلن ) : فعل مضارع مرفوع,وَ( تَدْخُلُنَّ ) : فِعْلٌ مُضَارِعٌ مَرْفُوعٌ
3308,2,و( مقصرين ) : معطوف على ( محلقين ) : منصوب,وَ( مُقَصِّرِينَ ) : مَعْطُوفٌ عَلَى ( مُحَلِّقِينَ ) : مَنْصُوبٌ
3309,3,و( دين ) : معطوف على ( الهدى ) : مجرور,وَ( دِينِ ) : مَعْطُوفٌ عَلَى ( الْهُدَى ) : مَجْرُورٌ
3310,1,خبر وما عطف عليه مرفوع,خَبَرٌ وَمَا عُطِفَ عَلَيْهِ مَرْفُوعٌ
3311,1,و( مثلهم ) : مبتدأ مرفوع,وَ( مَثَلُهُمْ ) : مُبْتَدَأٌ مَرْفُوعٌ
3312,3,و( زرع ) : اسم مجرور,وَ( زَرْعٍ ) : اسْمٌ مَجْرُورٌ
3313,2,و( يغيظ ) : فعل مضارع منصوب بأن مضمرة,وَ( يَغِيظَ ) : فِعْلٌ مُضَارِعٌ مَنْصُوبٌ بِأَنْ مُضْمَرَةٍ
3314,3,و( جهر ) : اسم مجرور,وَ( جَهْرِ ) : اسْمٌ مَجْرُورٌ
3315,1,و( أجر ) : معطوف على ( مغفرة ) : مرفوع,وَ( أَجْرٌ ) : مَعْطُوفٌ عَلَى ( مَغْفِرَةٌ ) : مَرْفُوعٌ
3316,2,و( تصبحوا ) : فعل مضارع معطوف منصوب,وَ( تُصْبِحُوا ) : فِعْلٌ مُضَارِعٌ مَعْطُوفٌ مَنْصُوبٌ
3317,2,و( الفسوق ) : معطوف منصوب,وَ( الْفُسُوقَ ) : مَعْطُوفٌ مَنْصُوبٌ
3318,2,و( العصيان ) : معطوف منصوب,وَ( الْعِصْيَانَ ) : مَعْطُوفٌ مَنْصُوبٌ
3319,2,و( نعمة ) : معطوف على ( فضلا ) : منصوب,وَ( نِعْمَةً ) : مَعْطُوفٌ عَلَى ( فَضْلًا ) : مَنْصُوبٌ
3320,3,و( الألقاب ) : اسم مجرور,وَ( الْأَلْقَابِ ) : اسْمٌ مَجْرُورٌ
3321,3,و( أنثى ) : معطوف على ( ذكر ) : مجرور,وَ( أُنْثَى ) : مَعْطُوفٌ عَلَى ( ذَكَرٍ ) : مَجْرُورٌ
3322,2,و( قبائل ) : معطوف على ( شعوبا ) : منصوب,وَ( قَبَائِلَ ) : مَعْطُوفٌ عَلَى ( شُعُوبًا ) : مَنْصُوبٌ
3323,2,و( تعارفوا ) : فعل مضارع منصوب بأن مضمرة,وَ( تَعَارَفُوا ) : فِعْلٌ مُضَارِعٌ مَنْصُوبٌ بِأَنْ مُضْمَرَةٍ
3324,1,خبر أولئك مرفوع,خَبَرُ أُولَئِكَ مَرْفُوعٌ
3325,3,و( دين ) : اسم مجرور,وَ( دِينِ ) : اسْمٌ مَجْرُورٌ
3326,2,و( حب ) : معطوف على ( جنات ) : منصوب,وَ( حَبَّ ) : مَعْطُوفٌ عَلَى ( جَنَّاتٍ ) : مَنْصُوبٌ
3327,1,و( ثمود ) : معطوف على ( قوم ) : مرفوع,وَ( ثَمُودُ ) : مَعْطُوفٌ عَلَى ( قَوْمُ ) : مَرْفُوعٌ
3328,3,و( الخلق ) : اسم مجرور,وَ( الْخَلْقِ ) : اسْمٌ مَجْرُورٌ
3329,1,و( شهيد ) : معطوف مرفوع,وَ( شَهِيدٌ ) : مَعْطُوفٌ مَرْفُوعٌ
3330,1,و( بصر ) : مبتدأ مرفوع,وَ( بَصَرُ ) : مُبْتَدَأٌ مَرْفُوعٌ
3331,3,و( الوعيد ) : اسم مجرور,وَ( الْوَعِيدِ ) : اسْمٌ مَجْرُورٌ
3332,2,و( قبل ) : معطوف منصوب,وَ( قَبْلَ ) : مَعْطُوفٌ مَنْصُوبٌ
3333,2,و( أدبار ) : معطوف على ( قبل ) : منصوب,وَ( أَدْبَارَ ) : مَعْطُوفٌ عَلَى ( قَبْلَ ) : مَنْصُوبٌ
3334,1,نعت ل( حشر ) : مرفوع,نَعْتٌ لِـ( حَشْرٌ ) : مَرْفُوعٌ
3335,2,و( جبار ) : خبر ( ما ) : مجرور لفظا منصوب محلا,وَ( جَبَّارٍ ) : خَبَرُ ( مَا ) : مَجْرُورٌ لَفْظًا مَنْصُوبٌ مَحَلًّا
3336,3,و( الذاريات ) : اسم مجرور,وَ( الذَّارِيَاتِ ) : اسْمٌ مَجْرُورٌ
3337,3,و( الحاملات ) : معطوف مجرور,وَ( الْحَامِلَاتِ ) : مَعْطُوفٌ مَجْرُورٌ
3338,3,و( الجاريات ) : معطوف مجرور,وَ( الْجَارِيَاتِ ) : مَعْطُوفٌ مَجْرُورٌ
3339,3,و( المقسمات ) : معطوف مجرور,وَ( الْمُقَسِّمَاتِ ) : مَعْطُوفٌ مَجْرُورٌ
3340,1,و( صادق ) : خبر ( إن ) : مرفوع,وَ( صَادِقٌ ) : خَبَرُ ( إِنَّ ) : مَرْفُوعٌ
3341,3,و( الموقنين ) : اسم مجرور,وَ( الْمُوقِنِينَ ) : اسْمٌ مَجْرُورٌ
3342,3,نعت ل( ضيف ) : مجرور,نَعْتٌ لِـ( ضَيْفِ ) : مَجْرُورٌ
3343,2,و( نرسل ) : فعل مضارع منصوب بأن مضمرة,وَ( نُرْسِلَ ) : فِعْلٌ مُضَارِعٌ مَنْصُوبٌ بِأَنْ مُضْمَرَةٍ
3344,3,و( ركن ) : اسم مجرور,وَ( رُكْنِ ) : اسْمٌ مَجْرُورٌ
3345,2,نعت ل( الريح ) : منصوب,نَعْتٌ لِـ( الرِّيحَ ) : مَنْصُوبٌ
3346,3,و( الرميم ) : اسم مجرور,وَ( الرَّمِيمِ ) : اسْمٌ مَجْرُورٌ
3347,3,و( أيد ) : اسم مجرور,وَ( أَيْدٍ ) : اسْمٌ مَجْرُورٌ
3348,1,و( موسعون ) : خبر ( إن ) : مرفوع,وَ( مُوسِعُونَ ) : خَبَرُ ( إِنَّ ) : مَرْفُوعٌ
3349,1,معطوف على ( ساحر ) : مرفوع,مَعْطُوفٌ عَلَى ( سَاحِرٌ ) : مَرْفُوعٌ
3350,2,و( ملوم ) : خبر ( ما ) : مجرور لفظا منصوب محلا,وَ( مَلُومٍ ) : خَبَرُ ( مَا ) : مَجْرُورٌ لَفْظًا مَنْصُوبٌ مَحَلًّا
3351,2,و( الإنس ) : معطوف على ( الجن ) : منصوب,وَ( الْإِنْسَ ) : مَعْطُوفٌ عَلَى ( الْجِنَّ ) : مَنْصُوبٌ
3352,3,و( الطور ) : اسم مجرور,وَ( الطُّورِ ) : اسْمٌ مَجْرُورٌ
3353,3,و( البيت ) : معطوف على ( كتاب ) : مجرور,وَ( الْبَيْتِ ) : مَعْطُوفٌ عَلَى ( كِتَابٍ ) : مَجْرُورٌ
3354,3,و( السقف ) : معطوف مجرور,وَ( السَّقْفِ ) : مَعْطُوفٌ مَجْرُورٌ
3355,1,و( تسير ) : فعل مضارع مرفوع,وَ( تَسِيرُ ) : فِعْلٌ مُضَارِعٌ مَرْفُوعٌ
3356,3,و( نعيم ) : معطوف مجرور,وَ( نَعِيمٍ ) : مَعْطُوفٌ مَجْرُورٌ
3357,3,و( إيمان ) : اسم مجرور,وَ( إِيمَانٍ ) : اسْمٌ مَجْرُورٌ
3358,3,و( لحم ) : معطوف مجرور,وَ( لَحْمٍ ) : مَعْطُوفٌ مَجْرُورٌ
3359,2,و( كاهن ) : خبر ( ما ) : مجرور لفظا منصوب محلا,وَ( كَاهِنٍ ) : خَبَرُ ( مَا ) : مَجْرُورٌ لَفْظًا مَنْصُوبٌ مَحَلًّا
3360,2,معطوف مجرور لفظا منصوب محلا,مَعْطُوفٌ مَجْرُورٌ لَفْظًا مَنْصُوبٌ مَحَلًّا
3361,2,و( إدبار ) : معطوف على ( حين ) : منصوب,وَ( إِدْبَارَ ) : مَعْطُوفٌ عَلَى ( حِينَ ) : مَنْصُوبٌ
3362,1,نعت ل( شديد ) : مرفوع,نَعْتٌ لِـ( شَدِيدٌ ) : مَرْفُوعٌ
3363,3,نعت ل( الأفق ) : مجرور,نَعْتٌ لِـ( الْأُفُقِ ) : مَجْرُورٌ
3364,2,معطوف على ( قاب ) : منصوب,مَعْطُوفٌ عَلَى ( قَابَ ) : مَنْصُوبٌ
3365,1,و( تمارون ) : فعل مضارع مرفوع,وَ( تُمَارُونَ ) : فِعْلٌ مُضَارِعٌ مَرْفُوعٌ
3366,2,نعت ل( نزلة ) : منصوب,نَعْتٌ لِـ( نَزْلَةً ) : مَنْصُوبٌ
3367,2,و( العزى ) : معطوف منصوب,وَ( الْعُزَّى ) : مَعْطُوفٌ مَنْصُوبٌ
3368,2,و( مناة ) : معطوف منصوب,وَ( مَنَاةَ ) : مَعْطُوفٌ مَنْصُوبٌ
3369,2,نعت ل( مناة ) : منصوب,نَعْتٌ لِـ( مَنَاةَ ) : مَنْصُوبٌ
3370,1,نعت ل( قسمة ) : مرفوع,نَعْتٌ لِـ( قِسْمَةٌ ) : مَرْفُوعٌ
3371,1,و( آباؤ ) : معطوف على فاعل ( سمى ) : مرفوع,وَ( آبَاؤُ ) : مَعْطُوفٌ عَلَى فَاعِلِ ( سَمَّى ) : مَرْفُوعٌ
3372,1,و( الأولى ) : معطوف مرفوع,وَ( الْأُولَى ) : مَعْطُوفٌ مَرْفُوعٌ
3373,1,و( يرضى ) : فعل مضارع مرفوع,وَ( يَرْضَى ) : فِعْلٌ مُضَارِعٌ مَرْفُوعٌ
3374,1,و( يسمون ) : فعل مضارع مرفوع,وَ( يُسَمُّونَ ) : فِعْلٌ مُضَارِعٌ مَرْفُوعٌ
3375,3,و( إبراهيم ) : معطوف على ( موسى ) : مجرور,وَ( إِبْرَاهِيمَ ) : مَعْطُوفٌ عَلَى ( مُوسَى ) : مَجْرُورٌ
3376,2,نعت ل( الجزاء ) : منصوب,نَعْتٌ لِـ( الْجَزَاءَ ) : مَنْصُوبٌ
3377,2,نعت ل( عادا ) : منصوب,نَعْتٌ لِـ( عَادًا ) : مَنْصُوبٌ
3378,2,و( قوم ) : معطوف على ( ثمود ) : منصوب,وَ( قَوْمَ ) : مَعْطُوفٌ عَلَى ( ثَمُودَ ) : مَنْصُوبٌ
3379,2,و( أطغى ) : معطوف على ( أظلم ) : منصوب,وَ( أَطْغَى ) : مَعْطُوفٌ عَلَى ( أَظْلَمَ ) : مَنْصُوبٌ
3380,2,و( المؤتفكة ) : مفعول به مقدم منصوب,وَ( الْمُؤْتَفِكَةَ ) : مَفْعُولٌ بِهِ مُقَدَّمٌ مَنْصُوبٌ
3381,1,و( تضحكون ) : فعل مضارع مرفوع,وَ( تَضْحَكُونَ ) : فِعْلٌ مُضَارِعٌ مَرْفُوعٌ
3382,4,و( يقولوا ) : فعل مضارع معطوف مجزوم,وَ( يَقُولُوا ) : فِعْلٌ مُضَارِعٌ مَعْطُوفٌ مَجْزُومٌ
3383,1,بدل من ( مزدجر ) : مرفوع,بَدَلٌ مِنْ ( مُزْدَجِرٌ ) : مَرْفُوعٌ
3384,1,نعت ل( حكمة ) : مرفوع,نَعْتٌ لِـ( حِكْمَةٌ ) : مَرْفُوعٌ
3385,3,و( دسر ) : معطوف مجرور,وَ( دُسُرٍ ) : مَعْطُوفٌ مَجْرُورٌ
3386,1,و( نذر ) : معطوف على ( عذاب ) : مرفوع,وَ( نُذُرِ ) : مَعْطُوفٌ عَلَى ( عَذَابِ ) : مَرْفُوعٌ
3387,2,و( بشرا ) : مفعول به منصوب,وَ( بَشَرًا ) : مَفْعُولٌ بِهِ مَنْصُوبٌ
3388,2,نعت ل( بشرا ) : منصوب,نَعْتٌ لِـ( بَشَرًا ) : مَنْصُوبٌ
3389,1,و( نذر ) : معطوف مرفوع,وَ( نُذُرِ ) : مَعْطُوفٌ مَرْفُوعٌ
3390,3,و( هشيم ) : اسم مجرور,وَ( هَشِيمِ ) : اسْمٌ مَجْرُورٌ
3391,3,و( سحر ) : اسم مجرور,وَ( سَحَرٍ ) : اسْمٌ مَجْرُورٌ
3392,1,و( كفار ) : مبتدأ مرفوع,وَ( كُفَّارُ ) : مُبْتَدَأٌ مَرْفُوعٌ
3393,1,و( يهزم ) : فعل مضارع مبني لما لم يسم فاعله مرفوع,وَ( يُهْزَمُ ) : فِعْلٌ مُضَارِعٌ مَبْنِيٌّ لِمَا لَمْ يُسَمَّ فَاعِلُهُ مَرْفُوعٌ
3394,1,و( يولون ) : فعل مضارع مرفوع,وَ( يُوَلُّونَ ) : فِعْلٌ مُضَارِعٌ مَرْفُوعٌ
3395,1,و( أمر ) : معطوف مرفوع,وَ( أَمَرُّ ) : مَعْطُوفٌ مَرْفُوعٌ
3396,3,و( لمح ) : اسم مجرور,وَ( لَمْحٍ ) : اسْمٌ مَجْرُورٌ
3397,3,و( البصر ) : اسم مجرور,وَ( الْبَصَرِ ) : اسْمٌ مَجْرُورٌ
3398,3,و( كبير ) : معطوف مجرور,وَ( كَبِيرٍ ) : مَعْطُوفٌ مَجْرُورٌ
3399,3,و( نهر ) : معطوف مجرور,وَ( نَهَرٍ ) : مَعْطُوفٌ مَجْرُورٌ
3400,3,و( حسبان ) : اسم مجرور,وَ( حُسْبَانٍ ) : اسْمٌ مَجْرُورٌ
3401,1,و( النجم ) : مبتدأ مرفوع,وَ( النَّجْمُ ) : مُبْتَدَأٌ مَرْفُوعٌ
3402,3,و( الأنام ) : اسم مجرور,وَ( الْأَنَامِ ) : اسْمٌ مَجْرُورٌ
3403,1,و( النخل ) : معطوف مرفوع,وَ( النَّخْلُ ) : مَعْطُوفٌ مَرْفُوعٌ
3404,1,و( الحب ) : معطوف على ( النخل ) : مرفوع,وَ( الْحَبُّ ) : مَعْطُوفٌ عَلَى ( النَّخْلُ ) : مَرْفُوعٌ
3405,1,و( الريحان ) : معطوف على ( الحب ) : مرفوع,وَ( الرَّيْحَانُ ) : مَعْطُوفٌ عَلَى ( الْحَبُّ ) : مَرْفُوعٌ
3406,3,و( الفخار ) : اسم مجرور,وَ( الْفَخَّارِ ) : اسْمٌ مَجْرُورٌ
3407,1,نعت ل( الجواري ) : مرفوع,نَعْتٌ لِـ( الْجَوَارِي ) : مَرْفُوعٌ
3408,1,و( يبقى ) : فعل مضارع مرفوع,وَ( يَبْقَى ) : فِعْلٌ مُضَارِعٌ مَرْفُوعٌ
3409,1,نعت ل( وجه ) : مرفوع,نَعْتٌ لِـ( وَجْهُ ) : مَرْفُوعٌ
3410,1,و( نفرغ ) : فعل مضارع مرفوع,وَ( نَفْرُغُ ) : فِعْلٌ مُضَارِعٌ مَرْفُوعٌ
3411,2,و( معشر ) : منادى منصوب لأنه مضاف,وَ( مَعْشَرَ ) : مُنَادًى مَنْصُوبٌ لِأَنَّهُ مُضَافٌ
3412,1,و( نحاس ) : معطوف على ( شواظ ) : مرفوع,وَ( نُحَاسٌ ) : مَعْطُوفٌ عَلَى ( شَوَاظُّ ) : مَرْفُوعٌ
3413,3,و( الدهان ) : اسم مجرور,وَ( الدِّهَانِ ) : اسْمٌ مَجْرُورٌ
3414,2,و( يومئذ ) : ظرف زمان منصوب,وَ( يَوْمَئِذٍ ) : ظَرْفُ زَمَانٍ مَنْصُوبٌ
3415,1,و( يؤخذ ) : فعل مضارع مبني لما لم يسم فاعله مرفوع,وَ( يُؤْخَذُ ) : فِعْلٌ مُضَارِعٌ مَبْنِيٌّ لِمَا لَمْ يُسَمَّ فَاعِلُهُ مَرْفُوعٌ
3416,3,و( النواصي ) : اسم مجرور,وَ( النَّوَاصِي ) : اسْمٌ مَجْرُورٌ
3417,3,و( الأقدام ) : معطوف مجرور,وَ( الْأَقْدَامِ ) : مَعْطُوفٌ مَجْرُورٌ
3418,2,و( بين ) : معطوف على ( بينها ) : منصوب,وَ( بَيْنَ ) : مَعْطُوفٌ عَلَى ( بَيْنَهَا ) : مَنْصُوبٌ
3419,1,و( جنى ) : مبتدأ مرفوع,وَ( جَنَى ) : مُبْتَدَأٌ مَرْفُوعٌ
3420,1,و( نخل ) : معطوف مرفوع,وَ( نَخْلٌ ) : مَعْطُوفٌ مَرْفُوعٌ
3421,1,و( رمان ) : معطوف مرفوع,وَ( رُمَّانٌ ) : مَعْطُوفٌ مَرْفُوعٌ
3422,1,بدل من ( خيرات ) : مرفوع,بَدَلٌ مِنْ ( خَيْرَاتٌ ) : مَرْفُوعٌ
3423,3,و( عبقري ) : معطوف على ( رفرف ) : مجرور,وَ( عَبْقَرِيٍّ ) : مَعْطُوفٌ عَلَى ( رَفْرَفٍ ) : مَجْرُورٌ
3424,3,و( وقعت ) : اسم مجرور,وَ( وَقْعَتِ ) : اسْمٌ مَجْرُورٌ
3425,1,و( قليل ) : معطوف مرفوع,وَ( قَلِيلٌ ) : مَعْطُوفٌ مَرْفُوعٌ
3426,3,و( أكواب ) : اسم مجرور,وَ( أَكْوَابٍ ) : اسْمٌ مَجْرُورٌ
3427,3,و( أباريق ) : معطوف مجرور,وَ( أَبَارِيقَ ) : مَعْطُوفٌ مَجْرُورٌ
3428,3,و( كأس ) : معطوف مجرور,وَ( كَأْسٍ ) : مَعْطُوفٌ مَجْرُورٌ
3429,3,و( فاكهة ) : معطوف على ( أكواب ) : مجرور,وَ( فَاكِهَةٍ ) : مَعْطُوفٌ عَلَى ( أَكْوَابٍ ) : مَجْرُورٌ
3430,3,و( لحم ) : معطوف على ( أكواب ) : مجرور,وَ( لَحْمِ ) : مَعْطُوفٌ عَلَى ( أَكْوَابٍ ) : مَجْرُورٌ
3431,1,و( حور ) : مبتدأ مرفوع,وَ( حُورٌ ) : مُبْتَدَأٌ مَرْفُوعٌ
3432,3,و( أمثال ) : اسم مجرور,وَ( أَمْثَالِ ) : اسْمٌ مَجْرُورٌ
3433,2,بدل من ( قيلا ) : منصوب,بَدَلٌ مِنْ ( قِيلًا ) : مَنْصُوبٌ
3434,3,و( طلح ) : معطوف على ( سدر ) : مجرور,وَ( طَلْحٍ ) : مَعْطُوفٌ عَلَى ( سِدْرٍ ) : مَجْرُورٌ
3435,3,و( ظل ) : معطوف على ( سدر ) : مجرور,وَ( ظِلٍّ ) : مَعْطُوفٌ عَلَى ( سِدْرٍ ) : مَجْرُورٌ
3436,3,و( ماء ) : معطوف على ( سدر ) : مجرور,وَ( مَاءٍ ) : مَعْطُوفٌ عَلَى ( سِدْرٍ ) : مَجْرُورٌ
3437,3,و( فاكهة ) : معطوف على ( سدر ) : مجرور,وَ( فَاكِهَةٍ ) : مَعْطُوفٌ عَلَى ( سِدْرٍ ) : مَجْرُورٌ
3438,3,نعت ل( فاكهة ) : ثان مجرور,نَعْتٌ لِـ( فَاكِهَةٍ ) : ثَانٍ مَجْرُورٌ
3439,3,معطوف على ( مقطوعة ) : مجرور,مَعْطُوفٌ عَلَى ( مَقْطُوعَةٍ ) : مَجْرُورٌ
3440,3,و( فرش ) : معطوف على ( سدر ) : مجرور,وَ( فُرُشٍ ) : مَعْطُوفٌ عَلَى ( سِدْرٍ ) : مَجْرُورٌ
3441,1,و( ثلة ) : معطوف مرفوع,وَ( ثُلَّةٌ ) : مَعْطُوفٌ مَرْفُوعٌ
3442,3,و( حميم ) : معطوف مجرور,وَ( حَمِيمٍ ) : مَعْطُوفٌ مَجْرُورٌ
3443,3,و( ظل ) : معطوف على ( سموم ) : مجرور,وَ( ظِلٍّ ) : مَعْطُوفٌ عَلَى ( سَمُومٍ ) : مَجْرُورٌ
3444,3,نعت ل( ظل ) : مجرور,نَعْتٌ لِـ( ظِلٍّ ) : مَجْرُورٌ
3445,3,معطوف على ( بارد ) : مجرور,مَعْطُوفٌ عَلَى ( بَارِدٍ ) : مَجْرُورٌ
3446,2,و( الآخرين ) : معطوف منصوب,وَ( الْآخِرِينَ ) : مَعْطُوفٌ مَنْصُوبٌ
3447,1,و( مجموعون ) : خبر ( إن ) : مرفوع,وَ( مَجْمُوعُونَ ) : خَبَرُ ( إِنَّ ) : مَرْفُوعٌ
3448,1,و( مالئون ) : معطوف على ( آكلون ) : مرفوع,وَ( مَالِئُونَ ) : مَعْطُوفٌ عَلَى ( آكِلُونَ ) : مَرْفُوعٌ
3449,2,و( ننشئ ) : فعل مضارع معطوف منصوب,وَ( نُنْشِئَ ) : فِعْلٌ مُضَارِعٌ مَعْطُوفٌ مَنْصُوبٌ
3450,1,و( مغرمون ) : خبر ( إن ) : مرفوع,وَ( مُغْرَمُونَ ) : خَبَرُ ( إِنَّ ) : مَرْفُوعٌ
3451,3,و( المقوين ) : اسم مجرور,وَ( الْمُقْوِينَ ) : اسْمٌ مَجْرُورٌ
3452,3,و( مواقع ) : اسم مجرور,وَ( مَوَاقِعِ ) : اسْمٌ مَجْرُورٌ
3453,1,و( قسم ) : خبر ( إن ) : مرفوع,وَ( قَسَمٌ ) : خَبَرُ ( إِنَّ ) : مَرْفُوعٌ
3454,1,نعت ل( قسم ) : مرفوع,نَعْتٌ لِـ( قَسَمٌ ) : مَرْفُوعٌ
3455,1,و( قرآن ) : خبر ( إن ) : مرفوع,وَ( قُرْآنٌ ) : خَبَرُ ( إِنَّ ) : مَرْفُوعٌ
3456,2,( حين ) : ظرف زمان منصوب,( حِينَ ) : ظَرْفُ زَمَانٍ مَنْصُوبٌ
3457,1,"و( روح ) : خبر لمبتدإ محذوف تقديره "" جزاؤه "" مرفوع","وَ( رُوحٌ ) : خَبَرٌ لِمُبْتَدَإٍ مَحْذُوفٍ تَقْدِيرُهُ "" جَزَاؤُهُ "" مَرْفُوعٌ"
3458,1,و( ريحان ) : معطوف مرفوع,وَ( رَيْحَانٌ ) : مَعْطُوفٌ مَرْفُوعٌ
3459,1,و( جنة ) : معطوف مرفوع,وَ( جَنَّةُ ) : مَعْطُوفٌ مَرْفُوعٌ
3460,1,"و( نزل ) : خبر لمبتدإ محذوف تقديره "" جزاؤه "" مرفوع","وَ( نُزُلٌ ) : خَبَرٌ لِمُبْتَدَإٍ مَحْذُوفٍ تَقْدِيرُهُ "" جَزَاؤُهُ "" مَرْفُوعٌ"
3461,1,و( تصلية ) : معطوف على ( نزل ) : مرفوع,وَ( تَصْلِيَةُ ) : مَعْطُوفٌ عَلَى ( نُزُلٌ ) : مَرْفُوعٌ
3462,1,و( الآخر ) : معطوف مرفوع,وَ( الْآخِرُ ) : مَعْطُوفٌ مَرْفُوعٌ
3463,1,و( الظاهر ) : معطوف مرفوع,وَ( الظَّاهِرُ ) : مَعْطُوفٌ مَرْفُوعٌ
3464,1,و( الباطن ) : معطوف مرفوع,وَ( الْبَاطِنُ ) : مَعْطُوفٌ مَرْفُوعٌ
3465,2,اسم ظرفي بدل من ( يوم ) : الأول منصوب,اسْمٌ ظَرْفِيٌّ بَدَلٌ مِنْ ( يَوْمَ ) : الْأَوَّلِ مَنْصُوبٌ
3466,3,و( سور ) : اسم مجرور,وَ( سُورٍ ) : اسْمٌ مَجْرُورٌ
3467,1,و( ظاهر ) : مبتدأ مرفوع,وَ( ظَاهِرُ ) : مُبْتَدَأٌ مَرْفُوعٌ
3468,2,و( المصدقات ) : معطوف منصوب,وَ( الْمُصَّدِّقَاتِ ) : مَعْطُوفٌ مَنْصُوبٌ
3469,1,و( الشهداء ) : معطوف مرفوع,وَ( الشُّهَدَاءُ ) : مَعْطُوفٌ مَرْفُوعٌ
3470,1,و( نورهم ) : معطوف على ( أجر ) : مرفوع,وَ( نُورُهُمْ ) : مَعْطُوفٌ عَلَى ( أَجْرُ ) : مَرْفُوعٌ
3471,1,و( زينة ) : معطوف مرفوع,وَ( زِينَةٌ ) : مَعْطُوفٌ مَرْفُوعٌ
3472,1,و( تفاخر ) : معطوف مرفوع,وَ( تَفَاخُرٌ ) : مَعْطُوفٌ مَرْفُوعٌ
3473,1,و( تكاثر ) : معطوف مرفوع,وَ( تَكَاثُرٌ ) : مَعْطُوفٌ مَرْفُوعٌ
3474,1,و( مغفرة ) : معطوف على ( عذاب ) : مرفوع,وَ( مَغْفِرَةٌ ) : مَعْطُوفٌ عَلَى ( عَذَابٌ ) : مَرْفُوعٌ
3475,1,و( رضوان ) : معطوف على ( مغفرة ) : مرفوع,وَ( رِضْوَانٌ ) : مَعْطُوفٌ عَلَى ( مَغْفِرَةٌ ) : مَرْفُوعٌ
3476,3,و( جنة ) : معطوف على ( مغفرة ) : مجرور,وَ( جَنَّةٍ ) : مَعْطُوفٌ عَلَى ( مَغْفِرَةٍ ) : مَجْرُورٌ
3477,3,و( عرض ) : اسم مجرور,وَ( عَرْضِ ) : اسْمٌ مَجْرُورٌ
3478,2,و( يقوم ) : فعل مضارع منصوب بأن مضمرة,وَ( يَقُومَ ) : فِعْلٌ مُضَارِعٌ مَنْصُوبٌ بِأَنْ مُضْمَرَةٍ
3479,1,و( منافع ) : معطوف على ( بأس ) : مرفوع,وَ( مَنَافِعُ ) : مَعْطُوفٌ عَلَى ( بَأْسٌ ) : مَرْفُوعٌ
3480,2,"و( رسل ) : معطوف على "" الهاء "" منصوب","وَ( رُسُلَ ) : مَعْطُوفٌ عَلَى "" الْهَاءِ "" مَنْصُوبٌ"
3481,2,و( إبراهيم ) : معطوف منصوب,وَ( إِبْرَاهِيمَ ) : مَعْطُوفٌ مَنْصُوبٌ
3482,2,و( رهبانية ) : معطوف منصوب,وَ( رَهْبَانِيَّةً ) : مَعْطُوفٌ مَنْصُوبٌ
3483,1,و( تشتكي ) : فعل مضارع مرفوع,وَ( تَشْتَكِي ) : فِعْلٌ مُضَارِعٌ مَرْفُوعٌ
3484,2,و( زورا ) : معطوف على ( منكرا ) : منصوب,وَ( زُورًا ) : مَعْطُوفٌ عَلَى ( مُنْكَرًا ) : مَنْصُوبٌ
3485,1,"و( تحرير ) : خبر لمبتدإ محذوف تقديره "" جزاؤهم "" مرفوع","وَ( تَحْرِيرُ ) : خَبَرٌ لِمُبْتَدَإٍ مَحْذُوفٍ تَقْدِيرُهُ "" جَزَاؤُهُمْ "" مَرْفُوعٌ"
3486,1,خبر اسم الجلالة مرفوع,خَبَرُ اسْمِ الْجَلَالَةِ مَرْفُوعٌ
3487,1,"و( إطعام ) : خبر لمبتدإ محذوف تقديره "" جزاؤه "" مرفوع","وَ( إِطْعَامُ ) : خَبَرٌ لِمُبْتَدَإٍ مَحْذُوفٍ تَقْدِيرُهُ "" جَزَاؤُهُ "" مَرْفُوعٌ"
3488,1,و( يتناجون ) : فعل مضارع مرفوع,وَ( يَتَنَاجَوْنَ ) : فِعْلٌ مُضَارِعٌ مَرْفُوعٌ
3489,2,و( يحزن ) : فعل مضارع منصوب بأن مضمرة,وَ( يَحْزُنَ ) : فِعْلٌ مُضَارِعٌ مَنْصُوبٌ بِأَنْ مُضْمَرَةٍ
3490,2,و( ضارهم ) : خبر ليس مجرور لفظا منصوب محلا,وَ( ضَارِّهِمْ ) : خَبَرُ لَيْسَ مَجْرُورٌ لَفْظًا مَنْصُوبٌ مَحَلًّا
3491,4,و( يتوكل ) : فعل مضارع مجزوم,وَ( يَتَوَكَّلِ ) : فِعْلٌ مُضَارِعٌ مَجْزُومٌ
3492,1,و( رسل ) : معطوف مرفوع,وَ( رُسُلِ ) : مَعْطُوفٌ مَرْفُوعٌ
3493,3,و( روح ) : اسم مجرور,وَ( رُوحٍ ) : اسْمٌ مَجْرُورٌ
3494,2,و( يخزي ) : فعل مضارع منصوب بأن مضمرة,وَ( يُخْزِيَ ) : فِعْلٌ مُضَارِعٌ مَنْصُوبٌ بِأَنْ مُضْمَرَةٍ
3495,3,و( أموالهم ) : معطوف مجرور,وَ( أَمْوَالِهِمْ ) : مَعْطُوفٌ مَجْرُورٌ
3496,1,و( ينصرون ) : فعل مضارع مرفوع,وَ( يَنْصُرُونَ ) : فِعْلٌ مُضَارِعٌ مَرْفُوعٌ
3497,2,و( الإيمان ) : مفعول به منصوب,وَ( الْإِيمَانَ ) : مَفْعُولٌ بِهِ مَنْصُوبٌ
3498,1,و( يؤثرون ) : فعل مضارع مرفوع,وَ( يُؤْثِرُونَ ) : فِعْلٌ مُضَارِعٌ مَرْفُوعٌ
3499,1,و( يولن ) : فعل مضارع مرفوع,وَ( يُوَلُّنَّ ) : فِعْلٌ مُضَارِعٌ مَرْفُوعٌ
3500,4,و( تنظر ) : فعل مضارع مجزوم,وَ( تَنْظُرْ ) : فِعْلٌ مُضَارِعٌ مَجْزُومٌ
3501,3,و( غد ) : اسم مجرور,وَ( غَدٍ ) : اسْمٌ مَجْرُورٌ
3502,1,نعت سادس مرفوع,نَعْتٌ سَادِسٌ مَرْفُوعٌ
3503,1,نعت سابع مرفوع,نَعْتٌ سَابِعٌ مَرْفُوعٌ
3504,1,نعت ثامن مرفوع,نَعْتٌ ثَامِنٌ مَرْفُوعٌ
3505,1,نعت تاسع مرفوع,نَعْتٌ تَاسِعٌ مَرْفُوعٌ
3506,2,و( ابتغاء ) : معطوف على ( جهادا ) : منصوب,وَ( ابْتِغَاءَ ) : مَعْطُوفٌ عَلَى ( جِهَادًا ) : مَنْصُوبٌ
3507,4,و( يبسطوا ) : فعل مضارع معطوف مجزوم,وَ( يَبْسُطُوا ) : فِعْلٌ مُضَارِعٌ مَعْطُوفٌ مَجْزُومٌ
3508,2,و( ألسنتهم ) : معطوف منصوب,وَ( أَلْسِنَتَهُمْ ) : مَعْطُوفٌ مَنْصُوبٌ
3509,1,و( البغضاء ) : معطوف مرفوع,وَ( الْبَغْضَاءُ ) : مَعْطُوفٌ مَرْفُوعٌ
3510,2,و( تقسطوا ) : فعل مضارع معطوف منصوب,وَ( تُقْسِطُوا ) : فِعْلٌ مُضَارِعٌ مَعْطُوفٌ مَنْصُوبٌ
3511,3,و( عصم ) : اسم مجرور,وَ( عِصَمِ ) : اسْمٌ مَجْرُورٌ
3512,4,و( يسألوا ) : فعل مضارع مجزوم,وَ( يَسْأَلُوا ) : فِعْلٌ مُضَارِعٌ مَجْزُومٌ
3513,3,و( بهتان ) : اسم مجرور,وَ( بُهْتَانٍ ) : اسْمٌ مَجْرُورٌ
3514,3,و( أرجل ) : معطوف مجرور,وَ( أَرْجُلِ ) : مَعْطُوفٌ مَجْرُورٌ
3515,2,و( مبشرا ) : معطوف على ( مصدقا ) : منصوب,وَ( مُبَشِّرًا ) : مَعْطُوفٌ عَلَى ( مُصَدِّقًا ) : مَنْصُوبٌ
3516,2,و( يطفئوا ) : فعل مضارع منصوب بأن مضمرة,وَ( يُطْفِئُوا ) : فِعْلٌ مُضَارِعٌ مَنْصُوبٌ بِأَنْ مُضْمَرَةٍ
3517,1,و( تجاهدون ) : فعل مضارع مرفوع,وَ( تُجَاهِدُونَ ) : فِعْلٌ مُضَارِعٌ مَرْفُوعٌ
3518,2,و( مساكن ) : معطوف على ( جنات ) : منصوب,وَ( مَسَاكِنَ ) : مَعْطُوفٌ عَلَى ( جَنَّاتٍ ) : مَنْصُوبٌ
3519,2,و( أخرى ) : مفعول به منصوب,وَ( أُخْرَى ) : مَفْعُولٌ بِهِ مَنْصُوبٌ
3520,1,و( فتح ) : معطوف على ( نصر ) : مرفوع,وَ( فَتْحٌ ) : مَعْطُوفٌ عَلَى ( نَصْرٌ ) : مَرْفُوعٌ
3521,3,و( الحواريين ) : اسم مجرور,وَ( الْحَوَارِيِّينَ ) : اسْمٌ مَجْرُورٌ
3522,3,و( آخرين ) : معطوف على ( الأميين ) : مجرور,وَ( آخَرِينَ ) : مَعْطُوفٌ عَلَى ( الْأُمِّيِّينَ ) : مَجْرُورٌ
3523,3,و( قول ) : اسم مجرور,وَ( قَوْلِ ) : اسْمٌ مَجْرُورٌ
3524,2,و( يقول ) : فعل مضارع معطوف منصوب,وَ( يَقُولَ ) : فِعْلٌ مُضَارِعٌ مَعْطُوفٌ مَنْصُوبٌ
3525,2,و( أصدق ) : فعل مضارع منصوب بأن مضمرة,وَ( أَصَّدَّقَ ) : فِعْلٌ مُضَارِعٌ مَنْصُوبٌ بِأَنْ مُضْمَرَةٍ
3526,4,و( أكن ) : فعل مضارع ناسخ جواب الطلب مجزوم,وَ( أَكُنْ ) : فِعْلٌ مُضَارِعٌ نَاسِخٌ جَوَابُ الطَّلَبِ مَجْزُومٌ
3527,3,والجار والمجرور في محل رفع خبر المبتدإ ( ذلك ) :.,وَالْجَارُّ وَالْمَجْرُورُ فِي مَحَلِّ رَفْعٍ خَبَرُ الْمُبْتَدَإِ ( ذَلِكَ ) :.
3528,1,و( بشر ) : مبتدأ مرفوع,وَ( بَشَرٌ ) : مُبْتَدَأٌ مَرْفُوعٌ
3529,1,و( تبعثن ) : فعل مضارع مبني لما لم يسم فاعله مرفوع,وَ( تُبْعَثُنَّ ) : فِعْلٌ مُضَارِعٌ مَبْنِيٌّ لِمَا لَمْ يُسَمَّ فَاعِلُهُ مَرْفُوعٌ
3530,1,و( تنبؤن ) : فعل مضارع معطوف مبني لما لم يسم فاعله مرفوع,وَ( تُنَبَّؤُنَّ ) : فِعْلٌ مُضَارِعٌ مَعْطُوفٌ مَبْنِيٌّ لِمَا لَمْ يُسَمَّ فَاعِلُهُ مَرْفُوعٌ
3531,3,و( النور ) : معطوف مجرور,وَ( النُّورِ ) : مَعْطُوفٌ مَجْرُورٌ
3532,3,و( أولاد ) : معطوف مجرور,وَ( أَوْلَادِ ) : مَعْطُوفٌ مَجْرُورٌ
3533,4,و( تصفحوا ) : فعل مضارع معطوف مجزوم,وَ( تَصْفَحُوا ) : فِعْلٌ مُضَارِعٌ مَعْطُوفٌ مَجْزُومٌ
3534,4,و( تغفروا ) : فعل مضارع معطوف مجزوم,وَ( تَغْفِرُوا ) : فِعْلٌ مُضَارِعٌ مَعْطُوفٌ مَجْزُومٌ
3535,2,خبر يكن المقدرة مع اسمها منصوب,خَبَرُ يَكُنِ الْمُقَدَّرَةِ مَعَ اسْمِهَا مَنْصُوبٌ
3536,2,نعت لاسم الجلالة منصوب,نَعْتٌ لِاسْمِ الْجَلَالَةِ مَنْصُوبٌ
3537,2,اسم الجلالة اسم ( لعل ) : منصوب,اسْمُ الْجَلَالَةِ اسْمُ ( لَعَلَّ ) : مَنْصُوبٌ
3538,4,و( يرزق ) : فعل مضارع معطوف مجزوم,وَ( يَرْزُقْ ) : فِعْلٌ مُضَارِعٌ مَعْطُوفٌ مَجْزُومٌ
3539,1,و( عدت ) : مبتدأ مرفوع,وَ( عِدَّتُ ) : مُبْتَدَأٌ مَرْفُوعٌ
3540,1,و( أولات ) : مبتدأ مرفوع,وَ( أُولَاتُ ) : مُبْتَدَأٌ مَرْفُوعٌ
3541,4,و( يعظم ) : فعل مضارع معطوف مجزوم,وَ( يُعْظِمْ ) : فِعْلٌ مُضَارِعٌ مَعْطُوفٌ مَجْزُومٌ
3542,2,و( تضيقوا ) : فعل مضارع منصوب بأن مضمرة,وَ( تُضَيِّقُوا ) : فِعْلٌ مُضَارِعٌ مَنْصُوبٌ بِأَنْ مُضْمَرَةٍ
3543,1,و( ترضع ) : فعل مضارع مرفوع,وَ( تُرْضِعُ ) : فِعْلٌ مُضَارِعٌ مَرْفُوعٌ
3544,2,بدل من ( ذكرا ) : منصوب,بَدَلٌ مِنْ ( ذِكْرًا ) : مَنْصُوبٌ
3545,2,معطوف على ( سبع ) : منصوب,مَعْطُوفٌ عَلَى ( سَبْعَ ) : مَنْصُوبٌ
3546,1,و( جبريل ) : مبتدأ مرفوع,وَ( جِبْرِيلُ ) : مُبْتَدَأٌ مَرْفُوعٌ
3547,1,و( صالح ) : معطوف مرفوع,وَ( صَالِحُ ) : مَعْطُوفٌ مَرْفُوعٌ
3548,1,و( الملائكة ) : معطوف على ( صالح ) : مرفوع,وَ( الْمَلَائِكَةُ ) : مَعْطُوفٌ عَلَى ( صَالِحُ ) : مَرْفُوعٌ
3549,2,نعت ل( أزواجا ) : منصوب,نَعْتٌ لِـ( أَزْوَاجًا ) : مَنْصُوبٌ
3550,2,نعت ثالث منصوب,نَعْتٌ ثَالِثٌ مَنْصُوبٌ
3551,2,نعت رابع منصوب,نَعْتٌ رَابِعٌ مَنْصُوبٌ
3552,2,نعت خامس منصوب,نَعْتٌ خَامِسٌ مَنْصُوبٌ
3553,2,نعت سادس منصوب,نَعْتٌ سَادِسٌ مَنْصُوبٌ
3554,2,نعت سابع منصوب,نَعْتٌ سَابِعٌ مَنْصُوبٌ
3555,2,نعت ثامن منصوب,نَعْتٌ ثَامِنٌ مَنْصُوبٌ
3556,2,و( أبكارا ) : معطوف منصوب,وَ( أَبْكَارًا ) : مَعْطُوفٌ مَنْصُوبٌ
3557,2,و( أهلين ) : معطوف منصوب,وَ( أَهْلِينَ ) : مَعْطُوفٌ مَنْصُوبٌ
3558,2,و( يدخل ) : فعل مضارع معطوف منصوب,وَ( يُدْخِلَ ) : فِعْلٌ مُضَارِعٌ مَعْطُوفٌ مَنْصُوبٌ
3559,2,و( امرأة ) : معطوف منصوب,وَ( امْرَأَةَ ) : مَعْطُوفٌ مَنْصُوبٌ
3560,3,نعت ل( عبدين ) : مجرور,نَعْتٌ لِـ( عَبْدَيْنِ ) : مَجْرُورٌ
3561,3,و( عمل ) : معطوف مجرور,وَ( عَمَلِ ) : مَعْطُوفٌ مَجْرُورٌ
3562,2,و( مريم ) : معطوف على ( امرأة فرعون ) : منصوب,وَ( مَرْيَمَ ) : مَعْطُوفٌ عَلَى ( امْرَأَةَ فِرْعَوْنَ ) : مَنْصُوبٌ
3563,2,و( الحياة ) : معطوف منصوب,وَ( الْحَيَاةَ ) : مَعْطُوفٌ مَنْصُوبٌ
3564,2,نعت ل( سبع ) : منصوب,نَعْتٌ لِـ( سَبْعَ ) : مَنْصُوبٌ
3565,3,و( الشياطين ) : اسم مجرور,وَ( الشَّيَاطِينِ ) : اسْمٌ مَجْرُورٌ
3566,2,"و( سحقا ) : مفعول مطلق لفعل محذوف تقديره "" سنسحقهم "" من…","وَ( سُحْقًا ) : مَفْعُولٌ مُطْلَقٌ لِفِعْلٍ مَحْذُوفٍ تَقْدِيرُهُ "" سَنَسْحَقُهُمْ "" مَنْصُوبٌ"
3567,3,و( نفور ) : معطوف على ( عتو ) : مجرور,وَ( نُفُورٍ ) : مَعْطُوفٌ عَلَى ( عُتُوٍّ ) : مَجْرُورٌ
3568,2,و( أجرا ) : اسم ( إن ) : مؤخر منصوب,وَ( أَجْرًا ) : اسْمُ ( إِنَّ ) : مُؤَخَّرٌ مَنْصُوبٌ
3569,1,و( تبصر ) : فعل مضارع مرفوع,وَ( تُبْصِرُ ) : فِعْلٌ مُضَارِعٌ مَرْفُوعٌ
3570,1,و( يبصرون ) : فعل مضارع مرفوع,وَ( يُبْصِرُونَ ) : فِعْلٌ مُضَارِعٌ مَرْفُوعٌ
3571,1,و( يدهنون ) : فعل مضارع مرفوع,وَ( يُدْهِنُونَ ) : فِعْلٌ مُضَارِعٌ مَرْفُوعٌ
3572,3,و( نميم ) : اسم مجرور,وَ( نَمِيمٍ ) : اسْمٌ مَجْرُورٌ
3573,3,نعت سادس مجرور,نَعْتٌ سَادِسٌ مَجْرُورٌ
3574,3,نعت سابع مجرور,نَعْتٌ سَابِعٌ مَجْرُورٌ
3575,3,نعت ثامن مجرور,نَعْتٌ ثَامِنٌ مَجْرُورٌ
3576,1,و( نسم ) : فعل مضارع مرفوع,وَ( نَسِمُ ) : فِعْلٌ مُضَارِعٌ مَرْفُوعٌ
3577,1,و( يصرمن ) : فعل مضارع مرفوع,وَ( يَصْرِمُنَّ ) : فِعْلٌ مُضَارِعٌ مَرْفُوعٌ
3578,3,و( الصريم ) : اسم مجرور,وَ( الصَّرِيمِ ) : اسْمٌ مَجْرُورٌ
3579,2,مفعول مطلق لفعل محذوف أي نسبح منصوب,مَفْعُولٌ مُطْلَقٌ لِفِعْلٍ مَحْذُوفٍ أَيْ نُسَبِّحُ مَنْصُوبٌ
3580,2,و( ويلنا ) : منادى متحسر به منصوب لأنه مضاف,وَ( وَيْلَنَا ) : مُنَادًى مُتَحَسَّرٌ بِهِ مَنْصُوبٌ لِأَنَّهُ مُضَافٌ
3581,1,نعت ل( أيمان ) : مرفوع,نَعْتٌ لِـ( أَيْمَانٌ ) : مَرْفُوعٌ
3582,1,و( يدعون ) : فعل مضارع مبني لما لم يسم فاعله مرفوع,وَ( يُدْعَوْنَ ) : فِعْلٌ مُضَارِعٌ مَبْنِيٌّ لِمَا لَمْ يُسَمَّ فَاعِلُهُ مَرْفُوعٌ
3583,3,و( القارعة ) : اسم مجرور,وَ( الْقَارِعَةِ ) : اسْمٌ مَجْرُورٌ
3584,3,و( الطاغية ) : اسم مجرور,وَ( الطَّاغِيَةِ ) : اسْمٌ مَجْرُورٌ
3585,2,و( ثمانية ) : معطوف على ( سبع ) : منصوب,وَ( ثَمَانِيَةَ ) : مَعْطُوفٌ عَلَى ( سَبْعَ ) : مَنْصُوبٌ
3586,2,نعت ل( ثمانية ) : منصوب,نَعْتٌ لِـ( ثَمَانِيَةَ ) : مَنْصُوبٌ
3587,3,نعت ل( نخل ) : مجرور,نَعْتٌ لِـ( نَخْلٍ ) : مَجْرُورٌ
3588,1,و( المؤتفكات ) : معطوف مرفوع,وَ( الْمُؤْتَفِكَاتُ ) : مَعْطُوفٌ مَرْفُوعٌ
3589,3,و( الخاطئة ) : اسم مجرور,وَ( الْخَاطِئَةِ ) : اسْمٌ مَجْرُورٌ
3590,2,نعت ل( أخذة ) : منصوب,نَعْتٌ لِـ( أَخْذَةً ) : مَنْصُوبٌ
3591,2,و( تعي ) : فعل مضارع معطوف منصوب,وَ( تَعِيَ ) : فِعْلٌ مُضَارِعٌ مَعْطُوفٌ مَنْصُوبٌ
3592,1,نعت ل( أذن ) : مرفوع,نَعْتٌ لِـ( أُذُنٌ ) : مَرْفُوعٌ
3593,1,نعت ل( نفخة ) : مرفوع,نَعْتٌ لِـ( نَفْخَةٌ ) : مَرْفُوعٌ
3594,2,نعت ل( دكة ) : منصوب,نَعْتٌ لِـ( دَكَّةً ) : مَنْصُوبٌ
3595,1,و( الملك ) : مبتدأ مرفوع,وَ( الْمَلَكُ ) : مُبْتَدَأٌ مَرْفُوعٌ
3596,1,و( يحمل ) : فعل مضارع مرفوع,وَ( يَحْمِلُ ) : فِعْلٌ مُضَارِعٌ مَرْفُوعٌ
3597,3,نعت ل( جنة ) : مجرور,نَعْتٌ لِـ( جَنَّةٍ ) : مَجْرُورٌ
3598,3,نعت ل( الأيام ) : مجرور,نَعْتٌ لِـ( الْأَيَّامِ ) : مَجْرُورٌ
3599,3,و( شمال ) : اسم مجرور,وَ( شِمَالِ ) : اسْمٌ مَجْرُورٌ
3600,1,معطوف على ( حميم ) : مرفوع,مَعْطُوفٌ عَلَى ( حَمِيمٌ ) : مَرْفُوعٌ
3601,3,نعت ل( رسول ) : مجرور,نَعْتٌ لِـ( رَسُولٍ ) : مَجْرُورٌ
3602,2,و( قول ) : معطوف مجرور لفظا منصوب محلا,وَ( قَوْلِ ) : مَعْطُوفٌ مَجْرُورٌ لَفْظًا مَنْصُوبٌ مَحَلًّا
3603,1,اسم ما مجرور لفظا مرفوع محلا,اسْمُ مَا مَجْرُورٌ لَفْظًا مَرْفُوعٌ مَحَلًّا
3604,1,و( تذكرة ) : خبر ( إن ) : مرفوع,وَ( تَذْكِرَةٌ ) : خَبَرُ ( إِنَّ ) : مَرْفُوعٌ
3605,1,و( حسرة ) : خبر ( إن ) : مرفوع,وَ( حَسْرَةٌ ) : خَبَرُ ( إِنَّ ) : مَرْفُوعٌ
3606,3,و( فصيلت ) : معطوف مجرور,وَ( فَصِيلَتِ ) : مَعْطُوفٌ مَجْرُورٌ
3607,3,و( الشوى ) : اسم مجرور,وَ( الشَّوَى ) : اسْمٌ مَجْرُورٌ
3608,3,و( فروج ) : اسم مجرور,وَ( فُرُوجِ ) : اسْمٌ مَجْرُورٌ
3609,3,و( أمانات ) : اسم مجرور,وَ( أَمَانَاتِ ) : اسْمٌ مَجْرُورٌ
3610,3,و( شهادات ) : اسم مجرور,وَ( شَهَادَاتِ ) : اسْمٌ مَجْرُورٌ
3611,1,و( يطمع ) : فعل مضارع مرفوع,وَ( يَطْمَعُ ) : فِعْلٌ مُضَارِعٌ مَرْفُوعٌ
3612,3,و( المغارب ) : معطوف مجرور,وَ( الْمَغَارِبِ ) : مَعْطُوفٌ مَجْرُورٌ
3613,4,و( يؤخر ) : فعل مضارع مجزوم,وَ( يُؤَخِّرْ ) : فِعْلٌ مُضَارِعٌ مَجْزُومٌ
3614,1,فعل مضارع مبني لما لم يسم فاعله جواب الشرط مرفوع,فِعْلٌ مُضَارِعٌ مَبْنِيٌّ لِمَا لَمْ يُسَمَّ فَاعِلُهُ جَوَابُ الشَّرْطِ مَرْفُوعٌ
3615,2,و( نهارا ) : معطوف منصوب,وَ( نَهَارًا ) : مَعْطُوفٌ مَنْصُوبٌ
3616,2,و( تغفر ) : فعل مضارع منصوب بأن مضمرة,وَ( تَغْفِرَ ) : فِعْلٌ مُضَارِعٌ مَنْصُوبٌ بِأَنْ مُضْمَرَةٍ
3617,4,و( يمدد ) : فعل مضارع معطوف مجزوم,وَ( يُمْدِدْ ) : فِعْلٌ مُضَارِعٌ مَعْطُوفٌ مَجْزُومٌ
3618,2,و( تسلكوا ) : فعل مضارع منصوب بأن مضمرة,وَ( تَسْلُكُوا ) : فِعْلٌ مُضَارِعٌ مَنْصُوبٌ بِأَنْ مُضْمَرَةٍ
3619,1,و( ولد ) : معطوف مرفوع,وَ( وَلَدُ ) : مَعْطُوفٌ مَرْفُوعٌ
3620,2,و( يعوق ) : معطوف منصوب,وَ( يَعُوقَ ) : مَعْطُوفٌ مَنْصُوبٌ
3621,2,و( نسرا ) : معطوف منصوب,وَ( نَسْرًا ) : مَعْطُوفٌ مَنْصُوبٌ
3622,3,و( رجال ) : اسم مجرور,وَ( رِجَالٍ ) : اسْمٌ مَجْرُورٌ
3623,2,و( شهبا ) : معطوف منصوب,وَ( شُهُبًا ) : مَعْطُوفٌ مَنْصُوبٌ
3624,3,و( السمع ) : اسم مجرور,وَ( السَّمْعِ ) : اسْمٌ مَجْرُورٌ
3625,1,و( شر ) : مبتدأ مرفوع,وَ( شَرٌّ ) : مُبْتَدَأٌ مَرْفُوعٌ
3626,3,و( رسالات ) : معطوف مجرور,وَ( رِسَالَاتِ ) : مَعْطُوفٌ مَجْرُورٌ
3627,1,و( أقل ) : معطوف على أضعف مرفوع,وَ( أَقَلُّ ) : مَعْطُوفٌ عَلَى أَضْعَفُ مَرْفُوعٌ
3628,2,بدل من ( الليل ) : منصوب,بَدَلٌ مِنْ ( اللَّيْلَ ) : مَنْصُوبٌ
3629,1,و( أقوم ) : معطوف على ( أشد ) : مرفوع,وَ( أَقْوَمُ ) : مَعْطُوفٌ عَلَى ( أَشَدُّ ) : مَرْفُوعٌ
3630,2,و( المكذبين ) : معطوف على ضمير المتكلم في ( ذرني ) : من…,وَ( الْمُكَذِّبِينَ ) : مَعْطُوفٌ عَلَى ضَمِيرِ الْمُتَكَلِّمِ فِي ( ذَرْنِي ) : مَنْصُوبٌ
3631,2,و( جحيما ) : معطوف منصوب,وَ( جَحِيمًا ) : مَعْطُوفٌ مَنْصُوبٌ
3632,2,و( طعاما ) : معطوف منصوب,وَ( طَعَامًا ) : مَعْطُوفٌ مَنْصُوبٌ
3633,2,و( عذابا ) : معطوف على ( أنكالا ) : منصوب,وَ( عَذَابًا ) : مَعْطُوفٌ عَلَى ( أَنْكَالًا ) : مَنْصُوبٌ
3634,2,و( نصف ) : معطوف على ( أدنى ) : منصوب,وَ( نِصْفَ ) : مَعْطُوفٌ عَلَى ( أَدْنَى ) : مَنْصُوبٌ
3635,2,و( ثلث ) : معطوف على ( أدنى ) : منصوب,وَ( ثُلُثَ ) : مَعْطُوفٌ عَلَى ( أَدْنَى ) : مَنْصُوبٌ
3636,1,و( طائفة ) : معطوف على فاعل ( تقوم ) : مرفوع,وَ( طَائِفَةٌ ) : مَعْطُوفٌ عَلَى فَاعِلِ ( تَقُومُ ) : مَرْفُوعٌ
3637,1,و( آخرون ) : معطوف مرفوع,وَ( آخَرُونَ ) : مَعْطُوفٌ مَرْفُوعٌ
3638,1,و( آخرون ) : معطوف على ( مرضى ) : مرفوع,وَ( آخَرُونَ ) : مَعْطُوفٌ عَلَى ( مَرْضَى ) : مَرْفُوعٌ
3639,2,و( أعظم ) : معطوف منصوب,وَ( أَعْظَمَ ) : مَعْطُوفٌ مَنْصُوبٌ
3640,2,و( رب ) : مفعول به مقدم منصوب,وَ( رَبَّ ) : مَفْعُولٌ بِهِ مُقَدَّمٌ مَنْصُوبٌ
3641,2,و( ثياب ) : مفعول به مقدم منصوب,وَ( ثِيَابَ ) : مَفْعُولٌ بِهِ مُقَدَّمٌ مَنْصُوبٌ
3642,2,و( الرجز ) : مفعول به مقدم منصوب,وَ( الرُّجْزَ ) : مَفْعُولٌ بِهِ مُقَدَّمٌ مَنْصُوبٌ
3643,2,و( بنين ) : معطوف منصوب,وَ( بَنِينَ ) : مَعْطُوفٌ مَنْصُوبٌ
3644,1,و( أرهق ) : فعل مضارع مرفوع,وَ( أُرْهِقُ ) : فِعْلٌ مُضَارِعٌ مَرْفُوعٌ
3645,1,و( أصلي ) : فعل مضارع مرفوع,وَ( أُصْلِي ) : فِعْلٌ مُضَارِعٌ مَرْفُوعٌ
3646,2,و( يستيقن ) : فعل مضارع منصوب بأن مضمرة,وَ( يَسْتَيْقِنَ ) : فِعْلٌ مُضَارِعٌ مَنْصُوبٌ بِأَنْ مُضْمَرَةٍ
3647,2,و( يزداد ) : فعل مضارع معطوف منصوب,وَ( يَزْدَادَ ) : فِعْلٌ مُضَارِعٌ مَعْطُوفٌ مَنْصُوبٌ
3648,1,و( المؤمنون ) : معطوف على ( الذين ) : مرفوع,وَ( الْمُؤْمِنُونَ ) : مَعْطُوفٌ عَلَى ( الَّذِينَ ) : مَرْفُوعٌ
3649,2,و( يقول ) : فعل مضارع منصوب بأن مضمرة,وَ( يَقُولَ ) : فِعْلٌ مُضَارِعٌ مَنْصُوبٌ بِأَنْ مُضْمَرَةٍ
3650,1,و( الكافرون ) : معطوف على ( الذين ) : مرفوع,وَ( الْكَافِرُونَ ) : مَعْطُوفٌ عَلَى ( الَّذِينَ ) : مَرْفُوعٌ
3651,3,و( الليل ) : اسم معطوف مجرور,وَ( اللَّيْلِ ) : اسْمٌ مَعْطُوفٌ مَجْرُورٌ
3652,3,و( الصبح ) : اسم معطوف مجرور,وَ( الصُّبْحِ ) : اسْمٌ مَعْطُوفٌ مَجْرُورٌ
3653,1,و( إحدى ) : خبر ( إن ) : مرفوع,وَ( إِحْدَى ) : خَبَرُ ( إِنَّ ) : مَرْفُوعٌ
3654,2,و( يفجر ) : فعل مضارع منصوب بأن مضمرة,وَ( يَفْجُرَ ) : فِعْلٌ مُضَارِعٌ مَنْصُوبٌ بِأَنْ مُضْمَرَةٍ
3655,2,و( تعجل ) : فعل مضارع منصوب بأن مضمرة,وَ( تَعْجَلَ ) : فِعْلٌ مُضَارِعٌ مَنْصُوبٌ بِأَنْ مُضْمَرَةٍ
3656,2,و( قرآن ) : معطوف منصوب,وَ( قُرْآنَ ) : مَعْطُوفٌ مَنْصُوبٌ
3657,3,و( الساق ) : اسم مجرور,وَ( السَّاقِ ) : اسْمٌ مَجْرُورٌ
3658,2,بدل من ( الزوجين ) : منصوب,بَدَلٌ مِنْ ( الزَّوْجَيْنِ ) : مَنْصُوبٌ
3659,2,و( أغلالا ) : معطوف منصوب,وَ( أَغْلَالًا ) : مَعْطُوفٌ مَنْصُوبٌ
3660,2,و( سعيرا ) : معطوف منصوب,وَ( سَعِيرًا ) : مَعْطُوفٌ مَنْصُوبٌ
3661,2,بدل من ( كافورا ) : منصوب,بَدَلٌ مِنْ ( كَافُورًا ) : مَنْصُوبٌ
3662,3,و( النذر ) : اسم مجرور,وَ( النَّذْرِ ) : اسْمٌ مَجْرُورٌ
3663,1,و( يطعمون ) : فعل مضارع مرفوع,وَ( يُطْعِمُونَ ) : فِعْلٌ مُضَارِعٌ مَرْفُوعٌ
3664,2,و( يتيما ) : معطوف منصوب,وَ( يَتِيمًا ) : مَعْطُوفٌ مَنْصُوبٌ
3665,2,و( أسيرا ) : معطوف منصوب,وَ( أَسِيرًا ) : مَعْطُوفٌ مَنْصُوبٌ
3666,2,و( سرورا ) : معطوف منصوب,وَ( سُرُورًا ) : مَعْطُوفٌ مَنْصُوبٌ
3667,2,و( حريرا ) : معطوف منصوب,وَ( حَرِيرًا ) : مَعْطُوفٌ مَنْصُوبٌ
3668,2,و( دانية ) : معطوف على ( متكئين ) : منصوب,وَ( دَانِيَةً ) : مَعْطُوفٌ عَلَى ( مُتَّكِئِينَ ) : مَنْصُوبٌ
3669,1,و( يطاف ) : فعل مضارع مبني لما لم يسم فاعله مرفوع,وَ( يُطَافُ ) : فِعْلٌ مُضَارِعٌ مَبْنِيٌّ لِمَا لَمْ يُسَمَّ فَاعِلُهُ مَرْفُوعٌ
3670,3,و( آنية ) : اسم مجرور,وَ( آنِيَةٍ ) : اسْمٌ مَجْرُورٌ
3671,3,و( أكواب ) : معطوف مجرور,وَ( أَكْوَابٍ ) : مَعْطُوفٌ مَجْرُورٌ
3672,2,بدل من ( قواريرا ) : منصوب,بَدَلٌ مِنْ ( قَوَارِيرَا ) : مَنْصُوبٌ
3673,1,و( يسقون ) : فعل مضارع مبني لما لم يسم فاعله مرفوع,وَ( يُسْقَوْنَ ) : فِعْلٌ مُضَارِعٌ مَبْنِيٌّ لِمَا لَمْ يُسَمَّ فَاعِلُهُ مَرْفُوعٌ
3674,2,بدل من ( زنجبيلا ) : منصوب,بَدَلٌ مِنْ ( زَنْجَبِيلًا ) : مَنْصُوبٌ
3675,2,و( ملكا ) : معطوف منصوب,وَ( مُلْكًا ) : مَعْطُوفٌ مَنْصُوبٌ
3676,1,نعت ل( ثياب ) : مرفوع,نَعْتٌ لِـ( ثِيَابٌ ) : مَرْفُوعٌ
3677,1,و( إستبرق ) : معطوف على ( ثياب ) : مرفوع,وَ( إِسْتَبْرَقٌ ) : مَعْطُوفٌ عَلَى ( ثِيَابٌ ) : مَرْفُوعٌ
3678,2,نعت ل( يوما ) : منصوب,نَعْتٌ لِـ( يَوْمًا ) : مَنْصُوبٌ
3679,2,و( الظالمين ) : مفعول به منصوب,وَ( الظَّالِمِينَ ) : مَفْعُولٌ بِهِ مَنْصُوبٌ
3680,2,نعت ل( عذابا ) : منصوب,نَعْتٌ لِـ( عَذَابًا ) : مَنْصُوبٌ
3681,3,و( المرسلات ) : اسم مجرور,وَ( الْمُرْسَلَاتِ ) : اسْمٌ مَجْرُورٌ
3682,3,و( العاصفات ) : معطوف مجرور,وَ( الْعَاصِفَاتِ ) : مَعْطُوفٌ مَجْرُورٌ
3683,3,و( الناشرات ) : معطوف مجرور,وَ( النَّاشِرَاتِ ) : مَعْطُوفٌ مَجْرُورٌ
3684,3,و( الفارقات ) : معطوف مجرور,وَ( الْفَارِقَاتِ ) : مَعْطُوفٌ مَجْرُورٌ
3685,3,و( الملقيات ) : معطوف مجرور,وَ( الْمُلْقِيَاتِ ) : مَعْطُوفٌ مَجْرُورٌ
3686,3,نعت ل( ماء ) : مجرور,نَعْتٌ لِـ( مَاءٍ ) : مَجْرُورٌ
3687,2,و( أمواتا ) : معطوف منصوب,وَ( أَمْوَاتًا ) : مَعْطُوفٌ مَنْصُوبٌ
3688,3,نعت ل( ظل ) : مجرور,نَعْتٌ لِـ( ظَلَّ ) : مَجْرُورٌ
3689,3,و( شرر ) : اسم مجرور,وَ( شَرَرٍ ) : اسْمٌ مَجْرُورٌ
3690,3,و( القصر ) : اسم مجرور,وَ( الْقَصْرِ ) : اسْمٌ مَجْرُورٌ
3691,1,نعت ل( جمالة ) : مرفوع,نَعْتٌ لِـ( جِمَالَةٌ ) : مَرْفُوعٌ
3692,1,و( يعتذرون ) : فعل مضارع مرفوع,وَ( يَعْتَذِرُونَ ) : فِعْلٌ مُضَارِعٌ مَرْفُوعٌ
3693,2,و( الأولين ) : معطوف على مفعول ( جمع ) : منصوب,وَ( الْأَوَّلِينَ ) : مَعْطُوفٌ عَلَى مَفْعُولِ ( جَمَعَ ) : مَنْصُوبٌ
3694,3,و( فواكه ) : معطوف مجرور,وَ( فَوَاكِهَ ) : مَعْطُوفٌ مَجْرُورٌ
3695,2,و( الجبال ) : معطوف على ( الأرض ) : منصوب,وَ( الْجِبَالَ ) : مَعْطُوفٌ عَلَى ( الْأَرْضَ ) : مَنْصُوبٌ
3696,2,نعت ل( سبعا ) : منصوب,نَعْتٌ لِـ( سَبْعًا ) : مَنْصُوبٌ
3697,2,و( نخرج ) : فعل مضارع منصوب بأن مضمرة,وَ( نُخْرِجَ ) : فِعْلٌ مُضَارِعٌ مَنْصُوبٌ بِأَنْ مُضْمَرَةٍ
3698,2,و( نباتا ) : معطوف منصوب,وَ( نَبَاتًا ) : مَعْطُوفٌ مَنْصُوبٌ
3699,2,و( جنات ) : معطوف منصوب,وَ( جَنَّاتٍ ) : مَعْطُوفٌ مَنْصُوبٌ
3700,2,نعت ل( جنات ) : منصوب,نَعْتٌ لِـ( جَنَّاتٍ ) : مَنْصُوبٌ
3701,2,بدل من ( ميقاتا ) : منصوب,بَدَلٌ مِنْ ( مِيقَاتًا ) : مَنْصُوبٌ
3702,2,معطوف على ( بردا ) : منصوب,مَعْطُوفٌ عَلَى ( بَرْدًا ) : مَنْصُوبٌ
3703,2,و( غساقا ) : معطوف منصوب,وَ( غَسَّاقًا ) : مَعْطُوفٌ مَنْصُوبٌ
3704,2,بدل من ( مفازا ) : منصوب,بَدَلٌ مِنْ ( مَفَازًا ) : مَنْصُوبٌ
3705,2,و( أعنابا ) : معطوف منصوب,وَ( أَعْنَابًا ) : مَعْطُوفٌ مَنْصُوبٌ
3706,2,و( كواعب ) : معطوف على ( حدائق ) : منصوب,وَ( كَوَاعِبَ ) : مَعْطُوفٌ عَلَى ( حَدَائِقَ ) : مَنْصُوبٌ
3707,2,نعت ل( كواعب ) : منصوب,نَعْتٌ لِـ( كَوَاعِبَ ) : مَنْصُوبٌ
3708,2,و( كأسا ) : معطوف على ( حدائق ) : منصوب,وَ( كَأْسًا ) : مَعْطُوفٌ عَلَى ( حَدَائِقَ ) : مَنْصُوبٌ
3709,2,معطوف على ( لغوا ) : منصوب,مَعْطُوفٌ عَلَى ( لَغْوًا ) : مَنْصُوبٌ
3710,2,بدل من ( جزاء ) : منصوب,بَدَلٌ مِنْ ( جَزَاءً ) : مَنْصُوبٌ
3711,3,و( النازعات ) : اسم مجرور,وَ( النَّازِعَاتِ ) : اسْمٌ مَجْرُورٌ
3712,3,و( الناشطات ) : معطوف مجرور,وَ( النَّاشِطَاتِ ) : مَعْطُوفٌ مَجْرُورٌ
3713,3,و( السابحات ) : معطوف مجرور,وَ( السَّابِحَاتِ ) : مَعْطُوفٌ مَجْرُورٌ
3714,3,و( السابقات ) : معطوف مجرور,وَ( السَّابِقَاتِ ) : مَعْطُوفٌ مَجْرُورٌ
3715,3,و( المدبرات ) : معطوف مجرور,وَ( الْمُدَبِّرَاتِ ) : مَعْطُوفٌ مَجْرُورٌ
3716,1,و( مردودون ) : خبر ( إن ) : مرفوع,وَ( مَرْدُودُونَ ) : خَبَرُ ( إِنَّ ) : مَرْفُوعٌ
3717,3,و( الساهرة ) : اسم مجرور,وَ( السَّاهِرَةِ ) : اسْمٌ مَجْرُورٌ
3718,2,و( أهدي ) : فعل مضارع معطوف منصوب,وَ( أَهْدِيَ ) : فِعْلٌ مُضَارِعٌ مَعْطُوفٌ مَنْصُوبٌ
3719,1,و( تخشى ) : فعل مضارع معطوف مرفوع,وَ( تَخْشَى ) : فِعْلٌ مُضَارِعٌ مَعْطُوفٌ مَرْفُوعٌ
3720,3,و( الأولى ) : معطوف مجرور,وَ( الْأُولَى ) : مَعْطُوفٌ مَجْرُورٌ
3721,1,معطوف على ( أنتم ) : مرفوع,مَعْطُوفٌ عَلَى ( أَنْتُمْ ) : مَرْفُوعٌ
3722,2,و( مرعا ) : معطوف منصوب,وَ( مَرْعَا ) : مَعْطُوفٌ مَنْصُوبٌ
3723,2,و( الجبال ) : مفعول به منصوب,وَ( الْجِبَالَ ) : مَفْعُولٌ بِهِ مَنْصُوبٌ
3724,2,و( تنفع ) : فعل مضارع منصوب بأن مضمرة,وَ( تَنْفَعَ ) : فِعْلٌ مُضَارِعٌ مَنْصُوبٌ بِأَنْ مُضْمَرَةٍ
3725,2,و( عنبا ) : معطوف منصوب,وَ( عِنَبًا ) : مَعْطُوفٌ مَنْصُوبٌ
3726,2,و( قضبا ) : معطوف منصوب,وَ( قَضْبًا ) : مَعْطُوفٌ مَنْصُوبٌ
3727,2,و( زيتونا ) : معطوف منصوب,وَ( زَيْتُونًا ) : مَعْطُوفٌ مَنْصُوبٌ
3728,2,و( نخلا ) : معطوف منصوب,وَ( نَخْلًا ) : مَعْطُوفٌ مَنْصُوبٌ
3729,2,و( حدائق ) : معطوف منصوب,وَ( حَدَائِقَ ) : مَعْطُوفٌ مَنْصُوبٌ
3730,2,و( فاكهة ) : معطوف منصوب,وَ( فَاكِهَةً ) : مَعْطُوفٌ مَنْصُوبٌ
3731,2,و( أبا ) : معطوف منصوب,وَ( أَبًّا ) : مَعْطُوفٌ مَنْصُوبٌ
3732,3,و( أم ) : معطوف مجرور,وَ( أُمِّ ) : مَعْطُوفٌ مَجْرُورٌ
3733,3,و( أبي ) : معطوف مجرور,وَ( أَبِي ) : مَعْطُوفٌ مَجْرُورٌ
3734,3,و( بني ) : معطوف مجرور,وَ( بَنِي ) : مَعْطُوفٌ مَجْرُورٌ
3735,1,خبر ثالث مرفوع,خَبَرٌ ثَالِثٌ مَرْفُوعٌ
3736,3,و( الخنس ) : اسم مجرور,وَ( الْخُنَّسِ ) : اسْمٌ مَجْرُورٌ
3737,3,و( الصبح ) : معطوف مجرور,وَ( الصُّبْحِ ) : مَعْطُوفٌ مَجْرُورٌ
3738,2,و( ضنين ) : خبر ( ما ) : مجرور لفظا منصوب محلا,وَ( ضَنِينٍ ) : خَبَرُ ( مَا ) : مَجْرُورٌ لَفْظًا مَنْصُوبٌ مَحَلًّا
3739,2,و( حافظين ) : اسم ( إن ) : منصوب,وَ( حَافِظِينَ ) : اسْمُ ( إِنَّ ) : مَنْصُوبٌ
3740,2,و( غائبين ) : خبر ( ما ) : مجرور لفظا منصوب محلا,وَ( غَائِبِينَ ) : خَبَرُ ( مَا ) : مَجْرُورٌ لَفْظًا مَنْصُوبٌ مَحَلًّا
3741,3,و( المطففين ) : اسم مجرور,وَ( الْمُطَفِّفِينَ ) : اسْمٌ مَجْرُورٌ
3742,1,و( محجوبون ) : خبر ( إن ) : مرفوع,وَ( مَحْجُوبُونَ ) : خَبَرُ ( إِنَّ ) : مَرْفُوعٌ
3743,1,و( صالو ) : خبر ( إن ) : مرفوع,وَ( صَالُو ) : خَبَرُ ( إِنَّ ) : مَرْفُوعٌ
3744,4,و( يتنافس ) : فعل مضارع مجزوم,وَ( يَتَنَافَسْ ) : فِعْلٌ مُضَارِعٌ مَجْزُومٌ
3745,1,و( مزاج ) : مبتدأ مرفوع,وَ( مِزَاجُ ) : مُبْتَدَأٌ مَرْفُوعٌ
3746,1,و( ملاقي ) : خبر مرفوع,وَ( مُلَاقِي ) : خَبَرٌ مَرْفُوعٌ
3747,1,و( ينقلب ) : فعل مضارع مرفوع,وَ( يَنْقَلِبُ ) : فِعْلٌ مُضَارِعٌ مَرْفُوعٌ
3748,3,و( الشفق ) : اسم مجرور,وَ( الشَّفَقِ ) : اسْمٌ مَجْرُورٌ
3749,3,و( الليل ) : معطوف على ( الشفق ) : مجرور,وَ( اللَّيْلِ ) : مَعْطُوفٌ عَلَى ( الشَّفَقِ ) : مَجْرُورٌ
3750,1,و( تركبن ) : فعل مضارع مرفوع,وَ( تَرْكَبُنَّ ) : فِعْلٌ مُضَارِعٌ مَرْفُوعٌ
3751,3,و( اليوم ) : معطوف على ( السماء ) : مجرور,وَ( الْيَوْمِ ) : مَعْطُوفٌ عَلَى ( السَّمَاءِ ) : مَجْرُورٌ
3752,3,و( شاهد ) : معطوف على ( السماء ) : مجرور,وَ( شَاهِدٍ ) : مَعْطُوفٌ عَلَى ( السَّمَاءِ ) : مَجْرُورٌ
3753,3,و( مشهود ) : معطوف على ( السماء ) : مجرور,وَ( مَشْهُودٍ ) : مَعْطُوفٌ عَلَى ( السَّمَاءِ ) : مَجْرُورٌ
3754,3,بدل من ( الأخدود ) : مجرور,بَدَلٌ مِنْ ( الْأُخْدُودِ ) : مَجْرُورٌ
3755,1,و( يعيد ) : فعل مضارع مرفوع,وَ( يُعِيدُ ) : فِعْلٌ مُضَارِعٌ مَرْفُوعٌ
3756,3,بدل من ( الجنود ) : مجرور,بَدَلٌ مِنْ ( الْجُنُودِ ) : مَجْرُورٌ
3757,3,و( الطارق ) : معطوف مجرور,وَ( الطَّارِقِ ) : مَعْطُوفٌ مَجْرُورٌ
3758,3,و( الترائب ) : معطوف مجرور,وَ( التَّرَائِبِ ) : مَعْطُوفٌ مَجْرُورٌ
3759,1,و( قادر ) : خبر ( إن ) : مرفوع,وَ( قَادِرٌ ) : خَبَرُ ( إِنَّ ) : مَرْفُوعٌ
3760,3,معطوف على ( قوة ) : مجرور,مَعْطُوفٌ عَلَى ( قُوَّةٍ ) : مَجْرُورٌ
3761,3,و( الأرض ) : معطوف على ( السماء ) : مجرور,وَ( الْأَرْضِ ) : مَعْطُوفٌ عَلَى ( السَّمَاءِ ) : مَجْرُورٌ
3762,2,و( الهزل ) : خبر ( ما ) : مجرور لفظا منصوب محلا,وَ( الْهَزْلِ ) : خَبَرُ ( مَا ) : مَجْرُورٌ لَفْظًا مَنْصُوبٌ مَحَلًّا
3763,1,و( أكيد ) : فعل مضارع مرفوع,وَ( أَكِيدُ ) : فِعْلٌ مُضَارِعٌ مَرْفُوعٌ
3764,3,نعت ل( ربك ) : مجرور,نَعْتٌ لِـ( رَبِّكَ ) : مَجْرُورٌ
3765,2,نعت ل( غثاء ) : منصوب,نَعْتٌ لِـ( غُثَاءً ) : مَنْصُوبٌ
3766,1,و( نقرئ ) : فعل مضارع مرفوع,وَ( نُقْرِئُ ) : فِعْلٌ مُضَارِعٌ مَرْفُوعٌ
3767,1,و( يذكر ) : فعل مضارع مرفوع,وَ( يَذَّكَّرُ ) : فِعْلٌ مُضَارِعٌ مَرْفُوعٌ
3768,1,و( يتجنب ) : فعل مضارع مرفوع,وَ( يَتَجَنَّبُ ) : فِعْلٌ مُضَارِعٌ مَرْفُوعٌ
3769,3,بدل من ( الصحف ) : مجرور,بَدَلٌ مِنْ ( الصُّحُفِ ) : مَجْرُورٌ
3770,3,و( موسى ) : معطوف على ( إبراهيم ) : مجرور,وَ( مُوسَى ) : مَعْطُوفٌ عَلَى ( إِبْرَاهِيمَ ) : مَجْرُورٌ
3771,1,خبر ل( وجوه ) : مرفوع,خَبَرٌ لِـ( وُجُوهٌ ) : مَرْفُوعٌ
3772,1,و( أكواب ) : معطوف على ( سرر ) : مرفوع,وَ( أَكْوَابٌ ) : مَعْطُوفٌ عَلَى ( سُرُرٌ ) : مَرْفُوعٌ
3773,1,و( نمارق ) : معطوف على ( سرر ) : مرفوع,وَ( نَمَارِقُ ) : مَعْطُوفٌ عَلَى ( سُرُرٌ ) : مَرْفُوعٌ
3774,1,و( زرابي ) : معطوف على ( سرر ) : مرفوع,وَ( زَرَابِيُّ ) : مَعْطُوفٌ عَلَى ( سُرُرٌ ) : مَرْفُوعٌ
3775,2,و( مسيطر ) : خبر ليس مجرور لفظا منصوب محلا,وَ( مُسَيْطِرٍ ) : خَبَرُ لَيْسَ مَجْرُورٌ لَفْظًا مَنْصُوبٌ مَحَلًّا
3776,3,و( الفجر ) : اسم مجرور,وَ( الْفَجْرِ ) : اسْمٌ مَجْرُورٌ
3777,3,و( ليال ) : معطوف مجرور,وَ( لَيَالٍ ) : مَعْطُوفٌ مَجْرُورٌ
3778,3,و( الشفع ) : معطوف مجرور,وَ( الشَّفْعِ ) : مَعْطُوفٌ مَجْرُورٌ
3779,3,و( الوتر ) : معطوف مجرور,وَ( الْوَتْرِ ) : مَعْطُوفٌ مَجْرُورٌ
3780,3,و( فرعون ) : معطوف على ( عاد ) : مجرور,وَ( فِرْعَوْنَ ) : مَعْطُوفٌ عَلَى ( عَادٍ ) : مَجْرُورٌ
3781,3,و( المرصاد ) : اسم مجرور,وَ( الْمِرْصَادِ ) : اسْمٌ مَجْرُورٌ
3782,1,و( تأكلون ) : فعل مضارع مرفوع,وَ( تَأْكُلُونَ ) : فِعْلٌ مُضَارِعٌ مَرْفُوعٌ
3783,2,نعت ل( أكلا ) : منصوب,نَعْتٌ لِـ( أَكْلًا ) : مَنْصُوبٌ
3784,1,و( تحبون ) : فعل مضارع مرفوع,وَ( تُحِبُّونَ ) : فِعْلٌ مُضَارِعٌ مَرْفُوعٌ
3785,2,نعت ل( حبا ) : منصوب,نَعْتٌ لِـ( حُبًّا ) : مَنْصُوبٌ
3786,1,و( الملك ) : معطوف مرفوع,وَ( الْمَلَكُ ) : مَعْطُوفٌ مَرْفُوعٌ
3787,3,و( حيات ) : اسم مجرور,وَ( حَيَاتِ ) : اسْمٌ مَجْرُورٌ
3788,1,نعت ل( أية ) : على اللفظ مرفوع,نَعْتٌ لِـ( أَيَّةُ ) : عَلَى اللَّفْظِ مَرْفُوعٌ
3789,1,نعت ل( النفس ) : مرفوع,نَعْتٌ لِـ( النَّفْسُ ) : مَرْفُوعٌ
3790,3,و( والد ) : معطوف على ( هذا ) : الأول مجرور,وَ( وَالِدٍ ) : مَعْطُوفٌ عَلَى ( هَذَا ) : الْأَوَّلِ مَجْرُورٌ
3791,2,و( لسانا ) : معطوف منصوب,وَ( لِسَانًا ) : مَعْطُوفٌ مَنْصُوبٌ
3792,2,و( شفتين ) : معطوف منصوب,وَ( شَفَتَيْنِ ) : مَعْطُوفٌ مَنْصُوبٌ
3793,1,معطوف على ( فك ) : مرفوع,مَعْطُوفٌ عَلَى ( فَكُّ ) : مَرْفُوعٌ
3794,2,نعت ل( يتيما ) : منصوب,نَعْتٌ لِـ( يَتِيمًا ) : مَنْصُوبٌ
3795,2,معطوف على ( يتيما ) : منصوب,مَعْطُوفٌ عَلَى ( يَتِيمًا ) : مَنْصُوبٌ
3796,2,نعت ل( مسكينا ) : منصوب,نَعْتٌ لِـ( مِسْكِينًا ) : مَنْصُوبٌ
3797,3,و( المرحمة ) : اسم مجرور,وَ( الْمَرْحَمَةِ ) : اسْمٌ مَجْرُورٌ
3798,3,و( ضحا ) : معطوف مجرور,وَ( ضُحَا ) : مَعْطُوفٌ مَجْرُورٌ
3799,3,و( السماء ) : معطوف مجرور,وَ( السَّمَاءِ ) : مَعْطُوفٌ مَجْرُورٌ
3800,3,و( نفس ) : معطوف مجرور,وَ( نَفْسٍ ) : مَعْطُوفٌ مَجْرُورٌ
3801,2,و( تقوا ) : معطوف منصوب,وَ( تَقْوَا ) : مَعْطُوفٌ مَنْصُوبٌ
3802,3,و( طغوا ) : اسم مجرور,وَ( طَغْوَا ) : اسْمٌ مَجْرُورٌ
3803,2,و( سقيا ) : معطوف على ( ناقة ) : منصوب,وَ( سُقْيَا ) : مَعْطُوفٌ عَلَى ( نَاقَةَ ) : مَنْصُوبٌ
3804,1,و( شتى ) : خبر ( إن ) : مرفوع,وَ( شَتَّى ) : خَبَرُ ( إِنَّ ) : مَرْفُوعٌ
3805,3,و( العسرى ) : اسم مجرور,وَ( الْعُسْرَى ) : اسْمٌ مَجْرُورٌ
3806,2,و( الهدى ) : اسم ( إن ) : مؤخر منصوب,وَ( الْهُدَى ) : اسْمُ ( إِنَّ ) : مُؤَخَّرٌ مَنْصُوبٌ
3807,2,و( الآخرة ) : اسم ( إن ) : مؤخر منصوب,وَ( الْآخِرَةَ ) : اسْمُ ( إِنَّ ) : مُؤَخَّرٌ مَنْصُوبٌ
3808,2,و( الأولى ) : معطوف منصوب,وَ( الْأُولَى ) : مَعْطُوفٌ مَنْصُوبٌ
3809,1,و( يجنب ) : فعل مضارع مبني لما لم يسم فاعله مرفوع,وَ( يُجَنَّبُ ) : فِعْلٌ مُضَارِعٌ مَبْنِيٌّ لِمَا لَمْ يُسَمَّ فَاعِلُهُ مَرْفُوعٌ
3810,3,نعت ل( ربه ) : مجرور,نَعْتٌ لِـ( رَبِّهِ ) : مَجْرُورٌ
3811,3,و( الضحى ) : اسم مجرور,وَ( الضُّحَى ) : اسْمٌ مَجْرُورٌ
3812,1,و( ترضى ) : فعل مضارع مرفوع,وَ( تَرْضَى ) : فِعْلٌ مُضَارِعٌ مَرْفُوعٌ
3813,3,و( التين ) : اسم مجرور,وَ( التِّينِ ) : اسْمٌ مَجْرُورٌ
3814,3,و( الزيتون ) : معطوف مجرور,وَ( الزَّيْتُونِ ) : مَعْطُوفٌ مَجْرُورٌ
3815,3,و( طور ) : معطوف مجرور,وَ( طُورِ ) : مَعْطُوفٌ مَجْرُورٌ
3816,3,نعت ل( البلد ) : مجرور,نَعْتٌ لِـ( الْبَلَدِ ) : مَجْرُورٌ
3817,2,و( أحكم ) : خبر ليس مجرور لفظا منصوب محلا,وَ( أَحْكَمِ ) : خَبَرُ لَيْسَ مَجْرُورٌ لَفْظًا مَنْصُوبٌ مَحَلًّا
3818,1,و( يطغى ) : فعل مضارع مرفوع,وَ( يَطْغَى ) : فِعْلٌ مُضَارِعٌ مَرْفُوعٌ
3819,3,و( الناصية ) : اسم مجرور,وَ( النَّاصِيَةِ ) : اسْمٌ مَجْرُورٌ
3820,3,بدل من ( الناصية ) : مجرور,بَدَلٌ مِنْ ( النَّاصِيَةِ ) : مَجْرُورٌ
3821,1,و( ندع ) : فعل مضارع مرفوع,وَ( نَدْعُ ) : فِعْلٌ مُضَارِعٌ مَرْفُوعٌ
3822,1,بدل من ( البينة ) : مرفوع,بَدَلٌ مِنْ ( الْبَيِّنَةِ ) : مَرْفُوعٌ
3823,2,و( يقيموا ) : فعل مضارع معطوف منصوب,وَ( يُقِيمُوا ) : فِعْلٌ مُضَارِعٌ مَعْطُوفٌ مَنْصُوبٌ
3824,2,و( يؤتوا ) : فعل مضارع معطوف منصوب,وَ( يُؤْتُوا ) : فِعْلٌ مُضَارِعٌ مَعْطُوفٌ مَنْصُوبٌ
3825,2,و( يروا ) : فعل مضارع مبني لما لم يسم فاعله منصوب بأن م…,وَ( يُرَوْا ) : فِعْلٌ مُضَارِعٌ مَبْنِيٌّ لِمَا لَمْ يُسَمَّ فَاعِلُهُ مَنْصُوبٌ بِأَنْ مُضْمَرَةٍ
3826,3,و( العاديات ) : اسم مجرور,وَ( الْعَادِيَاتِ ) : اسْمٌ مَجْرُورٌ
3827,3,و( الموريات ) : معطوف على ( العاديات ) : مجرور,وَ( الْمُورِيَاتِ ) : مَعْطُوفٌ عَلَى ( الْعَادِيَاتِ ) : مَجْرُورٌ
3828,3,و( المغيرات ) : معطوف مجرور,وَ( الْمُغِيرَاتِ ) : مَعْطُوفٌ مَجْرُورٌ
3829,1,و( كنود ) : خبر ( إن ) : مرفوع,وَ( كَنُودٌ ) : خَبَرُ ( إِنَّ ) : مَرْفُوعٌ
3830,1,و( شهيد ) : خبر ( إن ) : مرفوع,وَ( شَهِيدٌ ) : خَبَرُ ( إِنَّ ) : مَرْفُوعٌ
3831,3,و( الفراش ) : اسم مجرور,وَ( الْفَرَاشِ ) : اسْمٌ مَجْرُورٌ
3832,1,و( تكون ) : فعل مضارع مرفوع,وَ( تَكُونُ ) : فِعْلٌ مُضَارِعٌ مَرْفُوعٌ
3833,1,و( ترون ) : فعل مضارع مرفوع,وَ( تَرَوُنَّ ) : فِعْلٌ مُضَارِعٌ مَرْفُوعٌ
3834,1,و( ترون ) : فعل مضارع معطوف مرفوع,وَ( تَرَوُنَّ ) : فِعْلٌ مُضَارِعٌ مَعْطُوفٌ مَرْفُوعٌ
3835,1,و( تسألن ) : فعل مضارع معطوف مبني لما لم يسم فاعله مرفوع,وَ( تُسْأَلُنَّ ) : فِعْلٌ مُضَارِعٌ مَعْطُوفٌ مَبْنِيٌّ لِمَا لَمْ يُسَمَّ فَاعِلُهُ مَرْفُوعٌ
3836,3,و( العصر ) : اسم مجرور,وَ( الْعَصْرِ ) : اسْمٌ مَجْرُورٌ
3837,1,نعت ل( النار ) : مرفوع,نَعْتٌ لِـ( النَّارُ ) : مَرْفُوعٌ
3838,3,نعت ل( عمد ) : مجرور,نَعْتٌ لِـ( عَمَدٍ ) : مَجْرُورٌ
3839,2,نعت ل( طيرا ) : منصوب,نَعْتٌ لِـ( طَيْرًا ) : مَنْصُوبٌ
3840,3,و( حجارة ) : اسم مجرور,وَ( حِجَارَةٍ ) : اسْمٌ مَجْرُورٌ
3841,3,و( عصف ) : اسم مجرور,وَ( عَصْفٍ ) : اسْمٌ مَجْرُورٌ
3842,3,نعت ل( عصف ) : مجرور,نَعْتٌ لِـ( عَصْفٍ ) : مَجْرُورٌ
3843,3,و( إيلاف ) : اسم مجرور,وَ( إِيلَافِ ) : اسْمٌ مَجْرُورٌ
3844,3,و( الصيف ) : معطوف على ( الشتاء ) : مجرور,وَ( الصَّيْفِ ) : مَعْطُوفٌ عَلَى ( الشِّتَاءِ ) : مَجْرُورٌ
3845,4,و( يعبدوا ) : فعل مضارع مجزوم,وَ( يَعْبُدُوا ) : فِعْلٌ مُضَارِعٌ مَجْزُومٌ
3846,3,و( المصلين ) : اسم مجرور,وَ( الْمُصَلِّينَ ) : اسْمٌ مَجْرُورٌ
3847,1,و( يمنعون ) : فعل مضارع مرفوع,وَ( يَمْنَعُونَ ) : فِعْلٌ مُضَارِعٌ مَرْفُوعٌ
3848,1,و( الفتح ) : معطوف على ( نصر ) : مرفوع,وَ( الْفَتْحُ ) : مَعْطُوفٌ عَلَى ( نَصْرُ ) : مَرْفُوعٌ
3849,2,نعت ل( نارا ) : منصوب,نَعْتٌ لِـ( نَارًا ) : مَنْصُوبٌ
3850,1,و( امرأت ) : معطوف على فاعل ( يصلى ) : مرفوع,وَ( امْرَأَتُ ) : مَعْطُوفٌ عَلَى فَاعِلِ ( يَصْلَى ) : مَرْفُوعٌ
3851,1,اسم الجلالة مبتدأ ثان مرفوع,اسْمُ الْجَلَالَةِ مُبْتَدَأٌ ثَانٍ مَرْفُوعٌ
3852,1,خبر لاسم الجلالة مرفوع,خَبَرٌ لِاسْمِ الْجَلَالَةِ مَرْفُوعٌ
3853,3,نعت ل( الوسواس ) : مجرور,نَعْتٌ لِـ( الْوَسْوَاسِ ) : مَجْرُورٌ
3854,3,و( الناس ) : معطوف على ( الجنة ) : مجرور,وَ( النَّاسِ ) : مَعْطُوفٌ عَلَى ( الْجِنَّةِ ) : مَجْرُورٌ
